/workspace/s59/w_native_ptd.py:364: FutureWarning: `torch.cuda.amp.GradScaler(args...)` is deprecated. Please use `torch.amp.GradScaler('cuda', args...)` instead.
  scaler = torch.cuda.amp.GradScaler(enabled=use_amp)
{"step": 1, "ce_full": 5.640987, "psi_dir": 0.504966, "psi_entropy": 0.93908, "tension": 0.262593, "phi": 0.035845, "curiosity_ema": 0.0, "w_native_err": null, "wall_s": 0.63, "gpu_mem_gb": 7.486}
{"step": 4, "ce_full": 5.531353, "psi_dir": 0.508582, "psi_entropy": 0.924283, "tension": 0.263615, "phi": 0.044002, "curiosity_ema": 0.04495057, "w_native_err": 0.44950566, "wall_s": 0.97, "gpu_mem_gb": 9.738}
{"step": 8, "ce_full": 5.140404, "psi_dir": 0.529863, "psi_entropy": 0.850273, "tension": 0.27035, "phi": 0.062081, "curiosity_ema": 0.07779049, "w_native_err": 0.37334982, "wall_s": 1.36, "gpu_mem_gb": 9.738}
{"step": 12, "ce_full": 4.630636, "psi_dir": 0.563707, "psi_entropy": 0.698589, "tension": 0.2917, "phi": 0.116267, "curiosity_ema": 0.09996901, "w_native_err": 0.29957566, "wall_s": 1.74, "gpu_mem_gb": 9.738}
{"step": 16, "ce_full": 4.309807, "psi_dir": 0.583159, "psi_entropy": 0.786124, "tension": 0.316984, "phi": 0.173275, "curiosity_ema": 0.12354774, "w_native_err": 0.33575636, "wall_s": 2.12, "gpu_mem_gb": 9.738}
{"step": 20, "ce_full": 4.142982, "psi_dir": 0.583938, "psi_entropy": 0.755122, "tension": 0.331032, "phi": 0.22362, "curiosity_ema": 0.14219035, "w_native_err": 0.30997381, "wall_s": 2.5, "gpu_mem_gb": 9.738}
{"step": 24, "ce_full": 3.849614, "psi_dir": 0.574221, "psi_entropy": 0.735992, "tension": 0.327927, "phi": 0.226764, "curiosity_ema": 0.15616762, "w_native_err": 0.28196308, "wall_s": 2.88, "gpu_mem_gb": 9.738}
{"step": 28, "ce_full": 3.61305, "psi_dir": 0.564629, "psi_entropy": 0.629591, "tension": 0.325221, "phi": 0.239501, "curiosity_ema": 0.16233629, "w_native_err": 0.21785429, "wall_s": 3.26, "gpu_mem_gb": 9.738}
{"step": 32, "ce_full": 3.433531, "psi_dir": 0.565616, "psi_entropy": 0.566814, "tension": 0.327469, "phi": 0.274516, "curiosity_ema": 0.16495541, "w_native_err": 0.18852745, "wall_s": 3.64, "gpu_mem_gb": 9.738}
{"step": 36, "ce_full": 3.194724, "psi_dir": 0.563361, "psi_entropy": 0.612379, "tension": 0.339296, "phi": 0.29695, "curiosity_ema": 0.16768038, "w_native_err": 0.19220515, "wall_s": 4.02, "gpu_mem_gb": 9.738}
{"step": 40, "ce_full": 2.913564, "psi_dir": 0.577037, "psi_entropy": 0.5602, "tension": 0.360249, "phi": 0.355593, "curiosity_ema": 0.16766236, "w_native_err": 0.16750018, "wall_s": 4.4, "gpu_mem_gb": 9.738}
{"step": 44, "ce_full": 2.761812, "psi_dir": 0.572854, "psi_entropy": 0.509131, "tension": 0.369872, "phi": 0.382711, "curiosity_ema": 0.16660275, "w_native_err": 0.15706629, "wall_s": 4.77, "gpu_mem_gb": 9.738}
{"step": 48, "ce_full": 2.65184, "psi_dir": 0.580645, "psi_entropy": 0.548617, "tension": 0.382935, "phi": 0.42176, "curiosity_ema": 0.16627354, "w_native_err": 0.16331066, "wall_s": 5.15, "gpu_mem_gb": 9.738}
{"step": 52, "ce_full": 2.572242, "psi_dir": 0.581437, "psi_entropy": 0.467975, "tension": 0.387632, "phi": 0.433848, "curiosity_ema": 0.16283549, "w_native_err": 0.13189304, "wall_s": 5.53, "gpu_mem_gb": 9.738}
{"step": 56, "ce_full": 2.352825, "psi_dir": 0.568553, "psi_entropy": 0.449176, "tension": 0.395608, "phi": 0.4543, "curiosity_ema": 0.15905946, "w_native_err": 0.12507513, "wall_s": 5.91, "gpu_mem_gb": 9.738}
{"step": 60, "ce_full": 2.328038, "psi_dir": 0.579977, "psi_entropy": 0.418912, "tension": 0.404448, "phi": 0.49446, "curiosity_ema": 0.15478075, "w_native_err": 0.11627243, "wall_s": 6.29, "gpu_mem_gb": 9.738}
{"step": 64, "ce_full": 2.277284, "psi_dir": 0.571397, "psi_entropy": 0.461459, "tension": 0.409536, "phi": 0.52745, "curiosity_ema": 0.15136493, "w_native_err": 0.12062247, "wall_s": 6.67, "gpu_mem_gb": 9.738}
{"step": 68, "ce_full": 2.180938, "psi_dir": 0.565437, "psi_entropy": 0.466073, "tension": 0.41262, "phi": 0.535729, "curiosity_ema": 0.14663852, "w_native_err": 0.10410092, "wall_s": 7.05, "gpu_mem_gb": 9.738}
{"step": 72, "ce_full": 2.157658, "psi_dir": 0.569563, "psi_entropy": 0.424441, "tension": 0.419654, "phi": 0.571819, "curiosity_ema": 0.14114724, "w_native_err": 0.0917257, "wall_s": 7.43, "gpu_mem_gb": 9.738}
{"step": 76, "ce_full": 1.999225, "psi_dir": 0.573962, "psi_entropy": 0.440191, "tension": 0.416954, "phi": 0.559905, "curiosity_ema": 0.13568547, "w_native_err": 0.08652951, "wall_s": 7.81, "gpu_mem_gb": 9.738}
{"step": 80, "ce_full": 2.073106, "psi_dir": 0.579066, "psi_entropy": 0.396077, "tension": 0.420166, "phi": 0.592951, "curiosity_ema": 0.12954329, "w_native_err": 0.07426365, "wall_s": 8.19, "gpu_mem_gb": 9.738}
{"step": 84, "ce_full": 1.916259, "psi_dir": 0.58636, "psi_entropy": 0.3992, "tension": 0.420637, "phi": 0.59771, "curiosity_ema": 0.12373633, "w_native_err": 0.07147373, "wall_s": 8.57, "gpu_mem_gb": 9.738}
{"step": 88, "ce_full": 1.874006, "psi_dir": 0.579324, "psi_entropy": 0.402014, "tension": 0.425182, "phi": 0.613104, "curiosity_ema": 0.11777803, "w_native_err": 0.06415331, "wall_s": 8.96, "gpu_mem_gb": 9.738}
{"step": 92, "ce_full": 1.901445, "psi_dir": 0.579546, "psi_entropy": 0.356693, "tension": 0.426365, "phi": 0.614621, "curiosity_ema": 0.11116279, "w_native_err": 0.0516257, "wall_s": 9.33, "gpu_mem_gb": 9.738}
{"step": 96, "ce_full": 1.972259, "psi_dir": 0.57719, "psi_entropy": 0.361318, "tension": 0.429974, "phi": 0.639937, "curiosity_ema": 0.10521728, "w_native_err": 0.05170764, "wall_s": 9.71, "gpu_mem_gb": 9.738}
{"step": 100, "ce_full": 1.710912, "psi_dir": 0.576046, "psi_entropy": 0.357702, "tension": 0.424493, "phi": 0.580686, "curiosity_ema": 0.09824128, "w_native_err": 0.03545732, "wall_s": 10.09, "gpu_mem_gb": 9.738}
{"step": 104, "ce_full": 1.732588, "psi_dir": 0.559135, "psi_entropy": 0.320375, "tension": 0.42527, "phi": 0.573379, "curiosity_ema": 0.09101467, "w_native_err": 0.02597512, "wall_s": 10.47, "gpu_mem_gb": 9.738}
{"step": 108, "ce_full": 1.507204, "psi_dir": 0.559151, "psi_entropy": 0.331348, "tension": 0.431031, "phi": 0.574852, "curiosity_ema": 0.08430899, "w_native_err": 0.02395788, "wall_s": 10.85, "gpu_mem_gb": 9.738}
{"step": 112, "ce_full": 1.552266, "psi_dir": 0.553189, "psi_entropy": 0.264997, "tension": 0.430376, "phi": 0.556632, "curiosity_ema": 0.07736745, "w_native_err": 0.01489358, "wall_s": 11.24, "gpu_mem_gb": 9.738}
{"step": 116, "ce_full": 1.499574, "psi_dir": 0.552994, "psi_entropy": 0.259068, "tension": 0.430016, "phi": 0.534284, "curiosity_ema": 0.07091462, "w_native_err": 0.01283915, "wall_s": 11.62, "gpu_mem_gb": 9.738}
{"step": 120, "ce_full": 1.303477, "psi_dir": 0.566317, "psi_entropy": 0.242846, "tension": 0.43711, "phi": 0.534144, "curiosity_ema": 0.06494252, "w_native_err": 0.01119367, "wall_s": 12.0, "gpu_mem_gb": 9.738}
{"step": 124, "ce_full": 1.170618, "psi_dir": 0.583669, "psi_entropy": 0.226704, "tension": 0.437588, "phi": 0.515278, "curiosity_ema": 0.05933169, "w_native_err": 0.00883416, "wall_s": 12.38, "gpu_mem_gb": 9.738}
{"step": 128, "ce_full": 1.139745, "psi_dir": 0.583394, "psi_entropy": 0.258996, "tension": 0.439103, "phi": 0.495245, "curiosity_ema": 0.05409997, "w_native_err": 0.00701453, "wall_s": 12.76, "gpu_mem_gb": 9.738}
{"step": 132, "ce_full": 1.207329, "psi_dir": 0.574414, "psi_entropy": 0.217844, "tension": 0.44403, "phi": 0.49582, "curiosity_ema": 0.04911913, "w_native_err": 0.00429161, "wall_s": 13.15, "gpu_mem_gb": 9.738}
{"step": 136, "ce_full": 1.143586, "psi_dir": 0.565465, "psi_entropy": 0.198212, "tension": 0.448371, "phi": 0.48007, "curiosity_ema": 0.04453978, "w_native_err": 0.00332555, "wall_s": 13.53, "gpu_mem_gb": 9.738}
{"step": 140, "ce_full": 1.047074, "psi_dir": 0.554749, "psi_entropy": 0.217773, "tension": 0.449583, "phi": 0.455083, "curiosity_ema": 0.04030168, "w_native_err": 0.00215877, "wall_s": 13.91, "gpu_mem_gb": 9.738}
{"step": 144, "ce_full": 0.983236, "psi_dir": 0.544357, "psi_entropy": 0.168336, "tension": 0.454541, "phi": 0.459413, "curiosity_ema": 0.03657167, "w_native_err": 0.00300166, "wall_s": 14.29, "gpu_mem_gb": 9.738}
{"step": 148, "ce_full": 1.119238, "psi_dir": 0.563709, "psi_entropy": 0.259604, "tension": 0.46234, "phi": 0.468065, "curiosity_ema": 0.03319223, "w_native_err": 0.00277727, "wall_s": 14.67, "gpu_mem_gb": 9.738}
{"step": 152, "ce_full": 0.904007, "psi_dir": 0.573287, "psi_entropy": 0.195131, "tension": 0.468518, "phi": 0.470349, "curiosity_ema": 0.0301147, "w_native_err": 0.00241694, "wall_s": 15.06, "gpu_mem_gb": 9.738}
{"step": 156, "ce_full": 0.797287, "psi_dir": 0.595664, "psi_entropy": 0.201728, "tension": 0.469732, "phi": 0.453205, "curiosity_ema": 0.02731265, "w_native_err": 0.00209417, "wall_s": 15.45, "gpu_mem_gb": 9.738}
{"step": 160, "ce_full": 0.847049, "psi_dir": 0.588414, "psi_entropy": 0.198619, "tension": 0.483454, "phi": 0.475847, "curiosity_ema": 0.0248191, "w_native_err": 0.00237714, "wall_s": 15.83, "gpu_mem_gb": 9.738}
{"step": 164, "ce_full": 0.848927, "psi_dir": 0.563375, "psi_entropy": 0.197938, "tension": 0.496581, "phi": 0.474812, "curiosity_ema": 0.0226205, "w_native_err": 0.00283306, "wall_s": 16.22, "gpu_mem_gb": 9.738}
{"step": 168, "ce_full": 0.983509, "psi_dir": 0.563318, "psi_entropy": 0.186354, "tension": 0.496371, "phi": 0.493236, "curiosity_ema": 0.02069681, "w_native_err": 0.00338362, "wall_s": 16.6, "gpu_mem_gb": 9.738}
{"step": 172, "ce_full": 0.666452, "psi_dir": 0.557124, "psi_entropy": 0.197816, "tension": 0.503955, "phi": 0.489763, "curiosity_ema": 0.01897138, "w_native_err": 0.00344253, "wall_s": 16.98, "gpu_mem_gb": 9.738}
{"step": 176, "ce_full": 0.637538, "psi_dir": 0.573871, "psi_entropy": 0.159012, "tension": 0.51606, "phi": 0.511418, "curiosity_ema": 0.01754499, "w_native_err": 0.00470748, "wall_s": 17.36, "gpu_mem_gb": 9.738}
{"step": 180, "ce_full": 0.52933, "psi_dir": 0.585074, "psi_entropy": 0.19514, "tension": 0.514983, "phi": 0.483118, "curiosity_ema": 0.016092, "w_native_err": 0.00301508, "wall_s": 17.74, "gpu_mem_gb": 9.738}
{"step": 184, "ce_full": 0.557913, "psi_dir": 0.574652, "psi_entropy": 0.181506, "tension": 0.528641, "phi": 0.468335, "curiosity_ema": 0.01497784, "w_native_err": 0.00495037, "wall_s": 18.12, "gpu_mem_gb": 9.738}
{"step": 188, "ce_full": 0.524289, "psi_dir": 0.578519, "psi_entropy": 0.205548, "tension": 0.532202, "phi": 0.459635, "curiosity_ema": 0.01389954, "w_native_err": 0.00419486, "wall_s": 18.5, "gpu_mem_gb": 9.738}
{"step": 192, "ce_full": 0.457376, "psi_dir": 0.588353, "psi_entropy": 0.195954, "tension": 0.535764, "phi": 0.409012, "curiosity_ema": 0.01317744, "w_native_err": 0.00667855, "wall_s": 18.87, "gpu_mem_gb": 9.738}
{"step": 196, "ce_full": 0.48795, "psi_dir": 0.561882, "psi_entropy": 0.177385, "tension": 0.546061, "phi": 0.387057, "curiosity_ema": 0.01265104, "w_native_err": 0.00791345, "wall_s": 19.25, "gpu_mem_gb": 9.738}
{"step": 200, "ce_full": 0.38843, "psi_dir": 0.564225, "psi_entropy": 0.192732, "tension": 0.555603, "phi": 0.393386, "curiosity_ema": 0.01203673, "w_native_err": 0.00650791, "wall_s": 19.63, "gpu_mem_gb": 9.738}
{"step": 204, "ce_full": 0.398792, "psi_dir": 0.600199, "psi_entropy": 0.192609, "tension": 0.558217, "phi": 0.407971, "curiosity_ema": 0.01134634, "w_native_err": 0.00513284, "wall_s": 20.01, "gpu_mem_gb": 9.738}
{"step": 208, "ce_full": 0.331997, "psi_dir": 0.586918, "psi_entropy": 0.189606, "tension": 0.562956, "phi": 0.376192, "curiosity_ema": 0.01084552, "w_native_err": 0.00633811, "wall_s": 20.39, "gpu_mem_gb": 9.738}
{"step": 212, "ce_full": 0.309059, "psi_dir": 0.574466, "psi_entropy": 0.178041, "tension": 0.576092, "phi": 0.38999, "curiosity_ema": 0.01028226, "w_native_err": 0.00521294, "wall_s": 20.78, "gpu_mem_gb": 9.738}
{"step": 216, "ce_full": 0.299389, "psi_dir": 0.580773, "psi_entropy": 0.204081, "tension": 0.586166, "phi": 0.358599, "curiosity_ema": 0.00984101, "w_native_err": 0.00586978, "wall_s": 21.16, "gpu_mem_gb": 9.738}
{"step": 220, "ce_full": 0.308917, "psi_dir": 0.587878, "psi_entropy": 0.165251, "tension": 0.589924, "phi": 0.334779, "curiosity_ema": 0.00956452, "w_native_err": 0.0070761, "wall_s": 21.54, "gpu_mem_gb": 9.738}
{"step": 224, "ce_full": 0.329452, "psi_dir": 0.573948, "psi_entropy": 0.184018, "tension": 0.603904, "phi": 0.339441, "curiosity_ema": 0.00914971, "w_native_err": 0.00541641, "wall_s": 21.92, "gpu_mem_gb": 9.738}
{"step": 228, "ce_full": 0.294652, "psi_dir": 0.554894, "psi_entropy": 0.183696, "tension": 0.601359, "phi": 0.334952, "curiosity_ema": 0.00871884, "w_native_err": 0.00484101, "wall_s": 22.3, "gpu_mem_gb": 9.738}
{"step": 232, "ce_full": 0.251833, "psi_dir": 0.570047, "psi_entropy": 0.141404, "tension": 0.604831, "phi": 0.303971, "curiosity_ema": 0.00841806, "w_native_err": 0.00571102, "wall_s": 22.68, "gpu_mem_gb": 9.738}
{"step": 236, "ce_full": 0.266004, "psi_dir": 0.586701, "psi_entropy": 0.207991, "tension": 0.61974, "phi": 0.299336, "curiosity_ema": 0.00807282, "w_native_err": 0.00496569, "wall_s": 23.05, "gpu_mem_gb": 9.738}
{"step": 240, "ce_full": 0.256901, "psi_dir": 0.588617, "psi_entropy": 0.18171, "tension": 0.625095, "phi": 0.285788, "curiosity_ema": 0.00771803, "w_native_err": 0.00452495, "wall_s": 23.43, "gpu_mem_gb": 9.738}
{"step": 244, "ce_full": 0.222076, "psi_dir": 0.582683, "psi_entropy": 0.216211, "tension": 0.632069, "phi": 0.268716, "curiosity_ema": 0.00737486, "w_native_err": 0.00428632, "wall_s": 23.81, "gpu_mem_gb": 9.738}
{"step": 248, "ce_full": 0.23052, "psi_dir": 0.596821, "psi_entropy": 0.156427, "tension": 0.645581, "phi": 0.275568, "curiosity_ema": 0.00699576, "w_native_err": 0.00358386, "wall_s": 24.19, "gpu_mem_gb": 9.738}
{"step": 252, "ce_full": 0.223623, "psi_dir": 0.576988, "psi_entropy": 0.184361, "tension": 0.651795, "phi": 0.25488, "curiosity_ema": 0.0065614, "w_native_err": 0.00265214, "wall_s": 24.57, "gpu_mem_gb": 9.738}
{"step": 256, "ce_full": 0.183923, "psi_dir": 0.558257, "psi_entropy": 0.197256, "tension": 0.652184, "phi": 0.267958, "curiosity_ema": 0.00607246, "w_native_err": 0.00167197, "wall_s": 24.95, "gpu_mem_gb": 9.738}
{"step": 260, "ce_full": 0.170543, "psi_dir": 0.585501, "psi_entropy": 0.210625, "tension": 0.653833, "phi": 0.233917, "curiosity_ema": 0.005669, "w_native_err": 0.00203791, "wall_s": 25.32, "gpu_mem_gb": 9.738}
{"step": 264, "ce_full": 0.215697, "psi_dir": 0.582453, "psi_entropy": 0.230082, "tension": 0.671669, "phi": 0.219664, "curiosity_ema": 0.00531148, "w_native_err": 0.00209378, "wall_s": 25.7, "gpu_mem_gb": 9.738}
{"step": 268, "ce_full": 0.186536, "psi_dir": 0.563168, "psi_entropy": 0.191886, "tension": 0.689601, "phi": 0.230237, "curiosity_ema": 0.0049316, "w_native_err": 0.00151266, "wall_s": 26.08, "gpu_mem_gb": 9.738}
{"step": 272, "ce_full": 0.152984, "psi_dir": 0.582477, "psi_entropy": 0.160364, "tension": 0.678912, "phi": 0.226081, "curiosity_ema": 0.00451154, "w_native_err": 0.00073103, "wall_s": 26.46, "gpu_mem_gb": 9.738}
{"step": 276, "ce_full": 0.118241, "psi_dir": 0.568171, "psi_entropy": 0.215747, "tension": 0.706183, "phi": 0.217104, "curiosity_ema": 0.00414401, "w_native_err": 0.00083618, "wall_s": 26.84, "gpu_mem_gb": 9.738}
{"step": 280, "ce_full": 0.137571, "psi_dir": 0.55538, "psi_entropy": 0.22391, "tension": 0.714124, "phi": 0.208202, "curiosity_ema": 0.00384041, "w_native_err": 0.00110806, "wall_s": 27.31, "gpu_mem_gb": 9.738}
{"step": 284, "ce_full": 0.109558, "psi_dir": 0.575503, "psi_entropy": 0.182566, "tension": 0.709335, "phi": 0.181992, "curiosity_ema": 0.00354503, "w_native_err": 0.0008866, "wall_s": 27.69, "gpu_mem_gb": 9.738}
{"step": 288, "ce_full": 0.122056, "psi_dir": 0.580344, "psi_entropy": 0.322976, "tension": 0.722892, "phi": 0.186445, "curiosity_ema": 0.00360228, "w_native_err": 0.00411753, "wall_s": 28.07, "gpu_mem_gb": 9.738}
{"step": 292, "ce_full": 0.153342, "psi_dir": 0.558285, "psi_entropy": 0.183903, "tension": 0.743727, "phi": 0.207711, "curiosity_ema": 0.0035183, "w_native_err": 0.00276249, "wall_s": 28.44, "gpu_mem_gb": 9.738}
{"step": 296, "ce_full": 0.139936, "psi_dir": 0.594223, "psi_entropy": 0.212921, "tension": 0.753171, "phi": 0.197358, "curiosity_ema": 0.00320887, "w_native_err": 0.00042403, "wall_s": 28.82, "gpu_mem_gb": 9.738}
{"step": 300, "ce_full": 0.133638, "psi_dir": 0.594272, "psi_entropy": 0.281607, "tension": 0.76304, "phi": 0.167394, "curiosity_ema": 0.00302488, "w_native_err": 0.00136892, "wall_s": 29.2, "gpu_mem_gb": 9.738}
{"step": 304, "ce_full": 0.103419, "psi_dir": 0.564625, "psi_entropy": 0.199904, "tension": 0.774115, "phi": 0.169742, "curiosity_ema": 0.00282409, "w_native_err": 0.001017, "wall_s": 29.58, "gpu_mem_gb": 9.738}
{"step": 308, "ce_full": 0.091625, "psi_dir": 0.560193, "psi_entropy": 0.253637, "tension": 0.799461, "phi": 0.163589, "curiosity_ema": 0.00266502, "w_native_err": 0.00123337, "wall_s": 29.96, "gpu_mem_gb": 9.738}
{"step": 312, "ce_full": 0.108152, "psi_dir": 0.583407, "psi_entropy": 0.243424, "tension": 0.812458, "phi": 0.145429, "curiosity_ema": 0.00246912, "w_native_err": 0.00070602, "wall_s": 30.34, "gpu_mem_gb": 9.738}
{"step": 316, "ce_full": 0.105102, "psi_dir": 0.586504, "psi_entropy": 0.19789, "tension": 0.816979, "phi": 0.173287, "curiosity_ema": 0.00230798, "w_native_err": 0.00085769, "wall_s": 30.71, "gpu_mem_gb": 9.738}
{"step": 320, "ce_full": 0.085848, "psi_dir": 0.59577, "psi_entropy": 0.239776, "tension": 0.833444, "phi": 0.208481, "curiosity_ema": 0.00227692, "w_native_err": 0.0019974, "wall_s": 31.09, "gpu_mem_gb": 9.738}
{"step": 324, "ce_full": 0.107275, "psi_dir": 0.570796, "psi_entropy": 0.208362, "tension": 0.833423, "phi": 0.221972, "curiosity_ema": 0.00221192, "w_native_err": 0.0016269, "wall_s": 31.47, "gpu_mem_gb": 9.738}
{"step": 328, "ce_full": 0.122873, "psi_dir": 0.559451, "psi_entropy": 0.228896, "tension": 0.853688, "phi": 0.189721, "curiosity_ema": 0.00207796, "w_native_err": 0.00087236, "wall_s": 31.86, "gpu_mem_gb": 9.738}
{"step": 332, "ce_full": 0.082482, "psi_dir": 0.565246, "psi_entropy": 0.333187, "tension": 0.851967, "phi": 0.189892, "curiosity_ema": 0.00215918, "w_native_err": 0.00289014, "wall_s": 32.24, "gpu_mem_gb": 9.738}
{"step": 336, "ce_full": 0.122502, "psi_dir": 0.559001, "psi_entropy": 0.238183, "tension": 0.861693, "phi": 0.164061, "curiosity_ema": 0.00205057, "w_native_err": 0.00107305, "wall_s": 32.62, "gpu_mem_gb": 9.738}
{"step": 340, "ce_full": 0.106741, "psi_dir": 0.557599, "psi_entropy": 0.256903, "tension": 0.908859, "phi": 0.183992, "curiosity_ema": 0.00197929, "w_native_err": 0.00133782, "wall_s": 33.0, "gpu_mem_gb": 9.738}
{"step": 344, "ce_full": 0.097885, "psi_dir": 0.583455, "psi_entropy": 0.201904, "tension": 0.924855, "phi": 0.198071, "curiosity_ema": 0.00193129, "w_native_err": 0.00149929, "wall_s": 33.38, "gpu_mem_gb": 9.738}
{"step": 348, "ce_full": 0.083945, "psi_dir": 0.578275, "psi_entropy": 0.208728, "tension": 0.905742, "phi": 0.223878, "curiosity_ema": 0.00192629, "w_native_err": 0.00188125, "wall_s": 33.76, "gpu_mem_gb": 9.738}
{"step": 352, "ce_full": 0.098685, "psi_dir": 0.57762, "psi_entropy": 0.240621, "tension": 0.938788, "phi": 0.236752, "curiosity_ema": 0.0019134, "w_native_err": 0.00179741, "wall_s": 34.13, "gpu_mem_gb": 9.738}
{"step": 356, "ce_full": 0.090403, "psi_dir": 0.573466, "psi_entropy": 0.254128, "tension": 0.954049, "phi": 0.228338, "curiosity_ema": 0.00180961, "w_native_err": 0.00087549, "wall_s": 34.51, "gpu_mem_gb": 9.738}
{"step": 360, "ce_full": 0.072628, "psi_dir": 0.580687, "psi_entropy": 0.276653, "tension": 0.965031, "phi": 0.218373, "curiosity_ema": 0.00169297, "w_native_err": 0.00064325, "wall_s": 34.89, "gpu_mem_gb": 9.738}
{"step": 364, "ce_full": 0.048233, "psi_dir": 0.574566, "psi_entropy": 0.256877, "tension": 0.957097, "phi": 0.220245, "curiosity_ema": 0.00155092, "w_native_err": 0.00027245, "wall_s": 35.27, "gpu_mem_gb": 9.738}
{"step": 368, "ce_full": 0.054471, "psi_dir": 0.55477, "psi_entropy": 0.204416, "tension": 0.961271, "phi": 0.243529, "curiosity_ema": 0.00149884, "w_native_err": 0.00103013, "wall_s": 35.65, "gpu_mem_gb": 9.738}
{"step": 372, "ce_full": 0.054072, "psi_dir": 0.564863, "psi_entropy": 0.243838, "tension": 0.990789, "phi": 0.259702, "curiosity_ema": 0.00146434, "w_native_err": 0.00115381, "wall_s": 36.05, "gpu_mem_gb": 9.738}
{"step": 376, "ce_full": 0.047409, "psi_dir": 0.574804, "psi_entropy": 0.237878, "tension": 1.000732, "phi": 0.258846, "curiosity_ema": 0.00136108, "w_native_err": 0.00043175, "wall_s": 36.45, "gpu_mem_gb": 9.738}
{"step": 380, "ce_full": 0.060998, "psi_dir": 0.587684, "psi_entropy": 0.224372, "tension": 1.01049, "phi": 0.286994, "curiosity_ema": 0.00132461, "w_native_err": 0.00099637, "wall_s": 36.83, "gpu_mem_gb": 9.738}
{"step": 384, "ce_full": 0.060116, "psi_dir": 0.592171, "psi_entropy": 0.21582, "tension": 1.021878, "phi": 0.277007, "curiosity_ema": 0.00124915, "w_native_err": 0.00057001, "wall_s": 37.2, "gpu_mem_gb": 9.738}
{"step": 388, "ce_full": 0.074118, "psi_dir": 0.593279, "psi_entropy": 0.296699, "tension": 1.029162, "phi": 0.325062, "curiosity_ema": 0.00137427, "w_native_err": 0.00250042, "wall_s": 37.58, "gpu_mem_gb": 9.738}
{"step": 392, "ce_full": 0.074571, "psi_dir": 0.592766, "psi_entropy": 0.30221, "tension": 1.070583, "phi": 0.320217, "curiosity_ema": 0.00132349, "w_native_err": 0.00086646, "wall_s": 37.96, "gpu_mem_gb": 9.738}
{"step": 396, "ce_full": 0.098414, "psi_dir": 0.587711, "psi_entropy": 0.258864, "tension": 1.10351, "phi": 0.317831, "curiosity_ema": 0.00125865, "w_native_err": 0.00067503, "wall_s": 38.34, "gpu_mem_gb": 9.738}
{"step": 400, "ce_full": 0.100428, "psi_dir": 0.583171, "psi_entropy": 0.260756, "tension": 1.112767, "phi": 0.29834, "curiosity_ema": 0.00118148, "w_native_err": 0.00048694, "wall_s": 38.72, "gpu_mem_gb": 9.738}
{"step": 404, "ce_full": 0.073756, "psi_dir": 0.583939, "psi_entropy": 0.249604, "tension": 1.107118, "phi": 0.304922, "curiosity_ema": 0.00109049, "w_native_err": 0.0002716, "wall_s": 39.1, "gpu_mem_gb": 9.738}
{"step": 408, "ce_full": 0.090175, "psi_dir": 0.588796, "psi_entropy": 0.280071, "tension": 1.113668, "phi": 0.377578, "curiosity_ema": 0.00110302, "w_native_err": 0.00121575, "wall_s": 39.47, "gpu_mem_gb": 9.738}
{"step": 412, "ce_full": 0.073756, "psi_dir": 0.566862, "psi_entropy": 0.266411, "tension": 1.145, "phi": 0.370956, "curiosity_ema": 0.00107302, "w_native_err": 0.00080307, "wall_s": 39.85, "gpu_mem_gb": 9.738}
{"step": 416, "ce_full": 0.048729, "psi_dir": 0.54571, "psi_entropy": 0.305081, "tension": 1.167254, "phi": 0.332955, "curiosity_ema": 0.00112155, "w_native_err": 0.00155831, "wall_s": 40.23, "gpu_mem_gb": 9.738}
{"step": 420, "ce_full": 0.067203, "psi_dir": 0.571793, "psi_entropy": 0.281132, "tension": 1.188183, "phi": 0.356976, "curiosity_ema": 0.00112379, "w_native_err": 0.001144, "wall_s": 40.61, "gpu_mem_gb": 9.738}
{"step": 424, "ce_full": 0.047659, "psi_dir": 0.578994, "psi_entropy": 0.271945, "tension": 1.173, "phi": 0.370008, "curiosity_ema": 0.00102517, "w_native_err": 0.00013755, "wall_s": 40.99, "gpu_mem_gb": 9.738}
{"step": 428, "ce_full": 0.042368, "psi_dir": 0.552089, "psi_entropy": 0.232894, "tension": 1.198571, "phi": 0.408578, "curiosity_ema": 0.00098483, "w_native_err": 0.00062181, "wall_s": 41.36, "gpu_mem_gb": 9.738}
{"step": 432, "ce_full": 0.051316, "psi_dir": 0.548871, "psi_entropy": 0.2948, "tension": 1.183647, "phi": 0.421705, "curiosity_ema": 0.00093227, "w_native_err": 0.00045922, "wall_s": 41.74, "gpu_mem_gb": 9.738}
{"step": 436, "ce_full": 0.04934, "psi_dir": 0.575158, "psi_entropy": 0.31372, "tension": 1.189208, "phi": 0.435592, "curiosity_ema": 0.00087461, "w_native_err": 0.00035569, "wall_s": 42.13, "gpu_mem_gb": 9.738}
{"step": 440, "ce_full": 0.041305, "psi_dir": 0.589522, "psi_entropy": 0.331547, "tension": 1.220821, "phi": 0.4373, "curiosity_ema": 0.00081855, "w_native_err": 0.00031394, "wall_s": 42.51, "gpu_mem_gb": 9.738}
{"step": 444, "ce_full": 0.041538, "psi_dir": 0.569003, "psi_entropy": 0.336081, "tension": 1.222891, "phi": 0.43558, "curiosity_ema": 0.00078991, "w_native_err": 0.00053222, "wall_s": 42.9, "gpu_mem_gb": 9.738}
{"step": 448, "ce_full": 0.040899, "psi_dir": 0.575135, "psi_entropy": 0.270631, "tension": 1.249102, "phi": 0.424991, "curiosity_ema": 0.00077072, "w_native_err": 0.00059799, "wall_s": 43.29, "gpu_mem_gb": 9.738}
{"step": 452, "ce_full": 0.045732, "psi_dir": 0.560457, "psi_entropy": 0.240485, "tension": 1.246486, "phi": 0.410081, "curiosity_ema": 0.00078308, "w_native_err": 0.00089431, "wall_s": 43.67, "gpu_mem_gb": 9.738}
{"step": 456, "ce_full": 0.039858, "psi_dir": 0.569421, "psi_entropy": 0.315703, "tension": 1.25156, "phi": 0.448326, "curiosity_ema": 0.00082266, "w_native_err": 0.00117886, "wall_s": 44.06, "gpu_mem_gb": 9.738}
{"step": 460, "ce_full": 0.031568, "psi_dir": 0.590356, "psi_entropy": 0.256547, "tension": 1.269726, "phi": 0.459451, "curiosity_ema": 0.00082779, "w_native_err": 0.00087401, "wall_s": 44.44, "gpu_mem_gb": 9.738}
{"step": 464, "ce_full": 0.037764, "psi_dir": 0.58484, "psi_entropy": 0.230009, "tension": 1.277794, "phi": 0.45167, "curiosity_ema": 0.00085976, "w_native_err": 0.00114746, "wall_s": 44.82, "gpu_mem_gb": 9.738}
{"step": 468, "ce_full": 0.048617, "psi_dir": 0.587759, "psi_entropy": 0.358834, "tension": 1.30588, "phi": 0.47184, "curiosity_ema": 0.00099539, "w_native_err": 0.00221605, "wall_s": 45.2, "gpu_mem_gb": 9.738}
{"step": 472, "ce_full": 0.049145, "psi_dir": 0.572455, "psi_entropy": 0.260663, "tension": 1.308884, "phi": 0.474936, "curiosity_ema": 0.00102496, "w_native_err": 0.00129109, "wall_s": 45.58, "gpu_mem_gb": 9.738}
{"step": 476, "ce_full": 0.041909, "psi_dir": 0.542547, "psi_entropy": 0.319426, "tension": 1.34572, "phi": 0.53302, "curiosity_ema": 0.00109737, "w_native_err": 0.00174906, "wall_s": 45.96, "gpu_mem_gb": 9.738}
{"step": 480, "ce_full": 0.047058, "psi_dir": 0.540797, "psi_entropy": 0.284917, "tension": 1.348031, "phi": 0.48682, "curiosity_ema": 0.00119165, "w_native_err": 0.00204014, "wall_s": 46.34, "gpu_mem_gb": 9.738}
{"step": 484, "ce_full": 0.058062, "psi_dir": 0.56828, "psi_entropy": 0.294852, "tension": 1.321702, "phi": 0.432097, "curiosity_ema": 0.00114142, "w_native_err": 0.00068938, "wall_s": 46.73, "gpu_mem_gb": 9.738}
{"step": 488, "ce_full": 0.047648, "psi_dir": 0.578914, "psi_entropy": 0.229109, "tension": 1.364645, "phi": 0.449486, "curiosity_ema": 0.00118534, "w_native_err": 0.00158059, "wall_s": 47.11, "gpu_mem_gb": 9.738}
{"step": 492, "ce_full": 0.056634, "psi_dir": 0.564017, "psi_entropy": 0.325324, "tension": 1.393819, "phi": 0.471473, "curiosity_ema": 0.00126323, "w_native_err": 0.00196424, "wall_s": 47.49, "gpu_mem_gb": 9.738}
{"step": 496, "ce_full": 0.113905, "psi_dir": 0.572008, "psi_entropy": 0.266146, "tension": 1.430972, "phi": 0.476234, "curiosity_ema": 0.00125549, "w_native_err": 0.00118587, "wall_s": 47.87, "gpu_mem_gb": 9.738}
{"step": 500, "ce_full": 0.080771, "psi_dir": 0.543272, "psi_entropy": 0.319223, "tension": 1.492511, "phi": 0.539329, "curiosity_ema": 0.00147406, "w_native_err": 0.00344115, "wall_s": 48.25, "gpu_mem_gb": 9.738}
{"step": 504, "ce_full": 0.043908, "psi_dir": 0.542473, "psi_entropy": 0.299688, "tension": 1.514373, "phi": 0.611803, "curiosity_ema": 0.00169227, "w_native_err": 0.00365618, "wall_s": 48.63, "gpu_mem_gb": 9.738}
{"step": 508, "ce_full": 0.079639, "psi_dir": 0.575203, "psi_entropy": 0.294575, "tension": 1.498423, "phi": 0.578984, "curiosity_ema": 0.0015882, "w_native_err": 0.00065156, "wall_s": 49.01, "gpu_mem_gb": 9.738}
{"step": 512, "ce_full": 0.077082, "psi_dir": 0.580837, "psi_entropy": 0.273041, "tension": 1.49198, "phi": 0.561159, "curiosity_ema": 0.00147533, "w_native_err": 0.00045956, "wall_s": 49.39, "gpu_mem_gb": 9.738}
{"step": 516, "ce_full": 0.073394, "psi_dir": 0.593785, "psi_entropy": 0.312568, "tension": 1.543057, "phi": 0.552768, "curiosity_ema": 0.00139347, "w_native_err": 0.00065673, "wall_s": 49.77, "gpu_mem_gb": 9.738}
{"step": 520, "ce_full": 0.049487, "psi_dir": 0.583025, "psi_entropy": 0.334472, "tension": 1.580961, "phi": 0.553508, "curiosity_ema": 0.00132242, "w_native_err": 0.0006829, "wall_s": 50.15, "gpu_mem_gb": 9.738}
{"step": 524, "ce_full": 0.04485, "psi_dir": 0.576829, "psi_entropy": 0.283406, "tension": 1.570172, "phi": 0.531585, "curiosity_ema": 0.00123089, "w_native_err": 0.00040711, "wall_s": 50.53, "gpu_mem_gb": 9.738}
{"step": 528, "ce_full": 0.044, "psi_dir": 0.575137, "psi_entropy": 0.326866, "tension": 1.612565, "phi": 0.546817, "curiosity_ema": 0.00120324, "w_native_err": 0.00095439, "wall_s": 50.92, "gpu_mem_gb": 9.738}
{"step": 532, "ce_full": 0.03356, "psi_dir": 0.578004, "psi_entropy": 0.267349, "tension": 1.626669, "phi": 0.549583, "curiosity_ema": 0.001126, "w_native_err": 0.00043089, "wall_s": 51.31, "gpu_mem_gb": 9.738}
{"step": 536, "ce_full": 0.031192, "psi_dir": 0.587339, "psi_entropy": 0.326228, "tension": 1.624698, "phi": 0.573893, "curiosity_ema": 0.00108997, "w_native_err": 0.00076568, "wall_s": 51.69, "gpu_mem_gb": 9.738}
{"step": 540, "ce_full": 0.031803, "psi_dir": 0.568333, "psi_entropy": 0.324513, "tension": 1.631666, "phi": 0.570374, "curiosity_ema": 0.00101366, "w_native_err": 0.00032686, "wall_s": 52.08, "gpu_mem_gb": 9.738}
{"step": 544, "ce_full": 0.026241, "psi_dir": 0.548441, "psi_entropy": 0.283211, "tension": 1.638923, "phi": 0.547369, "curiosity_ema": 0.00102512, "w_native_err": 0.0011283, "wall_s": 52.46, "gpu_mem_gb": 9.738}
{"step": 548, "ce_full": 0.029578, "psi_dir": 0.557805, "psi_entropy": 0.316279, "tension": 1.689629, "phi": 0.559872, "curiosity_ema": 0.00096369, "w_native_err": 0.00041077, "wall_s": 52.84, "gpu_mem_gb": 9.738}
{"step": 552, "ce_full": 0.035593, "psi_dir": 0.56673, "psi_entropy": 0.321365, "tension": 1.656419, "phi": 0.606599, "curiosity_ema": 0.00088996, "w_native_err": 0.00022639, "wall_s": 53.22, "gpu_mem_gb": 9.738}
{"step": 556, "ce_full": 0.028009, "psi_dir": 0.580613, "psi_entropy": 0.318072, "tension": 1.616193, "phi": 0.631888, "curiosity_ema": 0.00098908, "w_native_err": 0.00188118, "wall_s": 53.6, "gpu_mem_gb": 9.738}
{"step": 560, "ce_full": 0.024867, "psi_dir": 0.561187, "psi_entropy": 0.339115, "tension": 1.62194, "phi": 0.594846, "curiosity_ema": 0.00110845, "w_native_err": 0.00218279, "wall_s": 53.98, "gpu_mem_gb": 9.738}
{"step": 564, "ce_full": 0.028532, "psi_dir": 0.544512, "psi_entropy": 0.301764, "tension": 1.612448, "phi": 0.589715, "curiosity_ema": 0.00116553, "w_native_err": 0.00167925, "wall_s": 54.37, "gpu_mem_gb": 9.738}
{"step": 568, "ce_full": 0.03961, "psi_dir": 0.561321, "psi_entropy": 0.320402, "tension": 1.611624, "phi": 0.609545, "curiosity_ema": 0.00108877, "w_native_err": 0.00039788, "wall_s": 54.75, "gpu_mem_gb": 9.738}
{"step": 572, "ce_full": 0.036687, "psi_dir": 0.567973, "psi_entropy": 0.335002, "tension": 1.710197, "phi": 0.608505, "curiosity_ema": 0.00107153, "w_native_err": 0.00091636, "wall_s": 55.13, "gpu_mem_gb": 9.738}
{"step": 576, "ce_full": 0.032089, "psi_dir": 0.578734, "psi_entropy": 0.282037, "tension": 1.770339, "phi": 0.614071, "curiosity_ema": 0.00134977, "w_native_err": 0.00385394, "wall_s": 55.51, "gpu_mem_gb": 9.738}
{"step": 580, "ce_full": 0.039039, "psi_dir": 0.574247, "psi_entropy": 0.356303, "tension": 1.786291, "phi": 0.595189, "curiosity_ema": 0.00170793, "w_native_err": 0.00493142, "wall_s": 55.89, "gpu_mem_gb": 9.738}
{"step": 584, "ce_full": 0.043511, "psi_dir": 0.570084, "psi_entropy": 0.338825, "tension": 1.776479, "phi": 0.626793, "curiosity_ema": 0.00178493, "w_native_err": 0.00247795, "wall_s": 56.27, "gpu_mem_gb": 9.738}
{"step": 588, "ce_full": 0.035435, "psi_dir": 0.558503, "psi_entropy": 0.292172, "tension": 1.773249, "phi": 0.616563, "curiosity_ema": 0.00171342, "w_native_err": 0.00106976, "wall_s": 56.65, "gpu_mem_gb": 9.738}
{"step": 592, "ce_full": 0.058358, "psi_dir": 0.544605, "psi_entropy": 0.365287, "tension": 1.742016, "phi": 0.637564, "curiosity_ema": 0.00164473, "w_native_err": 0.00102656, "wall_s": 57.03, "gpu_mem_gb": 9.738}
{"step": 596, "ce_full": 0.114718, "psi_dir": 0.553201, "psi_entropy": 0.294222, "tension": 1.75996, "phi": 0.663049, "curiosity_ema": 0.00157226, "w_native_err": 0.00092005, "wall_s": 57.41, "gpu_mem_gb": 9.738}
{"step": 600, "ce_full": 0.07667, "psi_dir": 0.589331, "psi_entropy": 0.317573, "tension": 1.852022, "phi": 0.608584, "curiosity_ema": 0.00148099, "w_native_err": 0.00065957, "wall_s": 57.79, "gpu_mem_gb": 9.738}
{"step": 604, "ce_full": 0.073946, "psi_dir": 0.587519, "psi_entropy": 0.316268, "tension": 1.891186, "phi": 0.620437, "curiosity_ema": 0.00144262, "w_native_err": 0.0010973, "wall_s": 58.18, "gpu_mem_gb": 9.738}
{"step": 608, "ce_full": 0.046213, "psi_dir": 0.582218, "psi_entropy": 0.277739, "tension": 1.94281, "phi": 0.616885, "curiosity_ema": 0.00144015, "w_native_err": 0.00141784, "wall_s": 58.56, "gpu_mem_gb": 9.738}
{"step": 612, "ce_full": 0.038923, "psi_dir": 0.537028, "psi_entropy": 0.319822, "tension": 1.992752, "phi": 0.632203, "curiosity_ema": 0.00151343, "w_native_err": 0.00217298, "wall_s": 58.94, "gpu_mem_gb": 9.738}
{"step": 616, "ce_full": 0.053509, "psi_dir": 0.534661, "psi_entropy": 0.323278, "tension": 1.975974, "phi": 0.639248, "curiosity_ema": 0.00147976, "w_native_err": 0.00117676, "wall_s": 59.33, "gpu_mem_gb": 9.738}
{"step": 620, "ce_full": 0.042596, "psi_dir": 0.55908, "psi_entropy": 0.326361, "tension": 1.912575, "phi": 0.617208, "curiosity_ema": 0.00149996, "w_native_err": 0.00168171, "wall_s": 59.71, "gpu_mem_gb": 9.738}
{"step": 624, "ce_full": 0.033838, "psi_dir": 0.572224, "psi_entropy": 0.36597, "tension": 1.991989, "phi": 0.631687, "curiosity_ema": 0.00142914, "w_native_err": 0.00079176, "wall_s": 60.09, "gpu_mem_gb": 9.738}
{"step": 628, "ce_full": 0.027585, "psi_dir": 0.554536, "psi_entropy": 0.367344, "tension": 2.100491, "phi": 0.606883, "curiosity_ema": 0.00142829, "w_native_err": 0.00142069, "wall_s": 60.47, "gpu_mem_gb": 9.738}
{"step": 632, "ce_full": 0.028416, "psi_dir": 0.553294, "psi_entropy": 0.321431, "tension": 2.10397, "phi": 0.638995, "curiosity_ema": 0.00132539, "w_native_err": 0.00039922, "wall_s": 60.85, "gpu_mem_gb": 9.738}
{"step": 636, "ce_full": 0.035543, "psi_dir": 0.561873, "psi_entropy": 0.349175, "tension": 2.086807, "phi": 0.666619, "curiosity_ema": 0.00123228, "w_native_err": 0.00039436, "wall_s": 61.23, "gpu_mem_gb": 9.738}
{"step": 640, "ce_full": 0.033084, "psi_dir": 0.569944, "psi_entropy": 0.339528, "tension": 2.090394, "phi": 0.68504, "curiosity_ema": 0.00120388, "w_native_err": 0.00094824, "wall_s": 61.61, "gpu_mem_gb": 9.738}
{"step": 644, "ce_full": 0.02796, "psi_dir": 0.58108, "psi_entropy": 0.333499, "tension": 2.106343, "phi": 0.692892, "curiosity_ema": 0.00121615, "w_native_err": 0.00132658, "wall_s": 61.99, "gpu_mem_gb": 9.738}
{"step": 648, "ce_full": 0.027395, "psi_dir": 0.592937, "psi_entropy": 0.373101, "tension": 2.097799, "phi": 0.683685, "curiosity_ema": 0.00127994, "w_native_err": 0.00185411, "wall_s": 62.38, "gpu_mem_gb": 9.738}
{"step": 652, "ce_full": 0.026362, "psi_dir": 0.580045, "psi_entropy": 0.332871, "tension": 2.141104, "phi": 0.680771, "curiosity_ema": 0.0012322, "w_native_err": 0.00080254, "wall_s": 62.76, "gpu_mem_gb": 9.738}
{"step": 656, "ce_full": 0.032155, "psi_dir": 0.573901, "psi_entropy": 0.330729, "tension": 2.145186, "phi": 0.733874, "curiosity_ema": 0.00122971, "w_native_err": 0.00120726, "wall_s": 63.14, "gpu_mem_gb": 9.738}
{"step": 660, "ce_full": 0.030145, "psi_dir": 0.576693, "psi_entropy": 0.312092, "tension": 2.161178, "phi": 0.748319, "curiosity_ema": 0.00124966, "w_native_err": 0.0014292, "wall_s": 63.52, "gpu_mem_gb": 9.738}
{"step": 664, "ce_full": 0.033683, "psi_dir": 0.568476, "psi_entropy": 0.309969, "tension": 2.15524, "phi": 0.746502, "curiosity_ema": 0.00121797, "w_native_err": 0.00093272, "wall_s": 63.9, "gpu_mem_gb": 9.738}
{"step": 668, "ce_full": 0.037062, "psi_dir": 0.57867, "psi_entropy": 0.357422, "tension": 2.179039, "phi": 0.7703, "curiosity_ema": 0.00116298, "w_native_err": 0.00066815, "wall_s": 64.28, "gpu_mem_gb": 9.738}
{"step": 672, "ce_full": 0.043865, "psi_dir": 0.58086, "psi_entropy": 0.30013, "tension": 2.226384, "phi": 0.756497, "curiosity_ema": 0.00117546, "w_native_err": 0.00128777, "wall_s": 64.66, "gpu_mem_gb": 9.738}
{"step": 676, "ce_full": 0.050433, "psi_dir": 0.572394, "psi_entropy": 0.350485, "tension": 2.276319, "phi": 0.720825, "curiosity_ema": 0.0013725, "w_native_err": 0.00314583, "wall_s": 65.04, "gpu_mem_gb": 9.738}
{"step": 680, "ce_full": 0.094514, "psi_dir": 0.559035, "psi_entropy": 0.330526, "tension": 2.347708, "phi": 0.764318, "curiosity_ema": 0.00182406, "w_native_err": 0.00588814, "wall_s": 65.42, "gpu_mem_gb": 9.738}
{"step": 684, "ce_full": 0.049197, "psi_dir": 0.552173, "psi_entropy": 0.294373, "tension": 2.445187, "phi": 0.708996, "curiosity_ema": 0.00271035, "w_native_err": 0.01068692, "wall_s": 65.81, "gpu_mem_gb": 9.738}
{"step": 688, "ce_full": 0.034227, "psi_dir": 0.57875, "psi_entropy": 0.303406, "tension": 2.407717, "phi": 0.693037, "curiosity_ema": 0.00309861, "w_native_err": 0.00659296, "wall_s": 66.19, "gpu_mem_gb": 9.738}
{"step": 692, "ce_full": 0.037214, "psi_dir": 0.58547, "psi_entropy": 0.327381, "tension": 2.456147, "phi": 0.673097, "curiosity_ema": 0.00338583, "w_native_err": 0.0059708, "wall_s": 66.57, "gpu_mem_gb": 9.738}
{"step": 696, "ce_full": 0.038126, "psi_dir": 0.583172, "psi_entropy": 0.335367, "tension": 2.420324, "phi": 0.688587, "curiosity_ema": 0.00334034, "w_native_err": 0.00293097, "wall_s": 66.96, "gpu_mem_gb": 9.738}
{"step": 700, "ce_full": 0.035858, "psi_dir": 0.574298, "psi_entropy": 0.319564, "tension": 2.448124, "phi": 0.7246, "curiosity_ema": 0.0031876, "w_native_err": 0.00181292, "wall_s": 67.34, "gpu_mem_gb": 9.738}
{"step": 704, "ce_full": 0.037722, "psi_dir": 0.575032, "psi_entropy": 0.335775, "tension": 2.506818, "phi": 0.728197, "curiosity_ema": 0.00304831, "w_native_err": 0.00179471, "wall_s": 67.71, "gpu_mem_gb": 9.738}
{"step": 708, "ce_full": 0.034421, "psi_dir": 0.588239, "psi_entropy": 0.336996, "tension": 2.542867, "phi": 0.749137, "curiosity_ema": 0.00294198, "w_native_err": 0.00198501, "wall_s": 68.1, "gpu_mem_gb": 9.738}
{"step": 712, "ce_full": 0.029825, "psi_dir": 0.580738, "psi_entropy": 0.320914, "tension": 2.610511, "phi": 0.762713, "curiosity_ema": 0.00285321, "w_native_err": 0.00205431, "wall_s": 68.47, "gpu_mem_gb": 9.738}
{"step": 716, "ce_full": 0.024991, "psi_dir": 0.567929, "psi_entropy": 0.364084, "tension": 2.665587, "phi": 0.766886, "curiosity_ema": 0.00274731, "w_native_err": 0.00179415, "wall_s": 68.85, "gpu_mem_gb": 9.738}
{"step": 720, "ce_full": 0.032782, "psi_dir": 0.572501, "psi_entropy": 0.350983, "tension": 2.642719, "phi": 0.765629, "curiosity_ema": 0.00264145, "w_native_err": 0.00168875, "wall_s": 69.23, "gpu_mem_gb": 9.738}
{"step": 724, "ce_full": 0.029371, "psi_dir": 0.583502, "psi_entropy": 0.355684, "tension": 2.609532, "phi": 0.764763, "curiosity_ema": 0.00259299, "w_native_err": 0.00215687, "wall_s": 69.62, "gpu_mem_gb": 9.738}
{"step": 728, "ce_full": 0.032163, "psi_dir": 0.586436, "psi_entropy": 0.367879, "tension": 2.65889, "phi": 0.792552, "curiosity_ema": 0.00247349, "w_native_err": 0.00139794, "wall_s": 70.0, "gpu_mem_gb": 9.738}
{"step": 732, "ce_full": 0.02228, "psi_dir": 0.57657, "psi_entropy": 0.327575, "tension": 2.598035, "phi": 0.808314, "curiosity_ema": 0.00261626, "w_native_err": 0.00390117, "wall_s": 70.38, "gpu_mem_gb": 9.738}
{"step": 736, "ce_full": 0.023979, "psi_dir": 0.56538, "psi_entropy": 0.350438, "tension": 2.680983, "phi": 0.790524, "curiosity_ema": 0.00247144, "w_native_err": 0.00116815, "wall_s": 70.76, "gpu_mem_gb": 9.738}
{"step": 740, "ce_full": 0.02655, "psi_dir": 0.561346, "psi_entropy": 0.310296, "tension": 2.693877, "phi": 0.755079, "curiosity_ema": 0.0024564, "w_native_err": 0.00232097, "wall_s": 71.14, "gpu_mem_gb": 9.738}
{"step": 744, "ce_full": 0.03745, "psi_dir": 0.560022, "psi_entropy": 0.328085, "tension": 2.700618, "phi": 0.799993, "curiosity_ema": 0.0024736, "w_native_err": 0.00262841, "wall_s": 71.52, "gpu_mem_gb": 9.738}
{"step": 748, "ce_full": 0.036061, "psi_dir": 0.562049, "psi_entropy": 0.298358, "tension": 2.70944, "phi": 0.811139, "curiosity_ema": 0.00240434, "w_native_err": 0.00178103, "wall_s": 71.9, "gpu_mem_gb": 9.738}
{"step": 752, "ce_full": 0.034561, "psi_dir": 0.565339, "psi_entropy": 0.325192, "tension": 2.783196, "phi": 0.807173, "curiosity_ema": 0.00248441, "w_native_err": 0.00320506, "wall_s": 72.28, "gpu_mem_gb": 9.738}
{"step": 756, "ce_full": 0.027175, "psi_dir": 0.572707, "psi_entropy": 0.264345, "tension": 2.770298, "phi": 0.781415, "curiosity_ema": 0.00245641, "w_native_err": 0.00220435, "wall_s": 72.66, "gpu_mem_gb": 9.738}
{"step": 760, "ce_full": 0.059929, "psi_dir": 0.579489, "psi_entropy": 0.331256, "tension": 3.020953, "phi": 0.840676, "curiosity_ema": 0.00415572, "w_native_err": 0.0194495, "wall_s": 73.04, "gpu_mem_gb": 9.738}
{"step": 764, "ce_full": 0.050233, "psi_dir": 0.57606, "psi_entropy": 0.311537, "tension": 2.981945, "phi": 0.846783, "curiosity_ema": 0.00431822, "w_native_err": 0.0057807, "wall_s": 73.43, "gpu_mem_gb": 9.738}
{"step": 768, "ce_full": 0.080019, "psi_dir": 0.58326, "psi_entropy": 0.292488, "tension": 2.939748, "phi": 0.769939, "curiosity_ema": 0.00412846, "w_native_err": 0.00242065, "wall_s": 73.82, "gpu_mem_gb": 9.738}
{"step": 772, "ce_full": 0.03487, "psi_dir": 0.589986, "psi_entropy": 0.300836, "tension": 3.079773, "phi": 0.726061, "curiosity_ema": 0.00436159, "w_native_err": 0.00645972, "wall_s": 74.19, "gpu_mem_gb": 9.738}
{"step": 776, "ce_full": 0.043728, "psi_dir": 0.581317, "psi_entropy": 0.358985, "tension": 2.944635, "phi": 0.76685, "curiosity_ema": 0.00450364, "w_native_err": 0.00578217, "wall_s": 74.57, "gpu_mem_gb": 9.738}
{"step": 780, "ce_full": 0.030743, "psi_dir": 0.567509, "psi_entropy": 0.368233, "tension": 2.990961, "phi": 0.757978, "curiosity_ema": 0.004762, "w_native_err": 0.00708719, "wall_s": 74.95, "gpu_mem_gb": 9.738}
{"step": 784, "ce_full": 0.024625, "psi_dir": 0.56296, "psi_entropy": 0.32511, "tension": 2.994443, "phi": 0.76202, "curiosity_ema": 0.00498361, "w_native_err": 0.00697808, "wall_s": 75.33, "gpu_mem_gb": 9.738}
{"step": 788, "ce_full": 0.027766, "psi_dir": 0.576755, "psi_entropy": 0.34162, "tension": 3.021278, "phi": 0.749519, "curiosity_ema": 0.00491679, "w_native_err": 0.00431541, "wall_s": 75.71, "gpu_mem_gb": 9.738}
{"step": 792, "ce_full": 0.02502, "psi_dir": 0.579097, "psi_entropy": 0.285587, "tension": 3.11642, "phi": 0.762475, "curiosity_ema": 0.00452743, "w_native_err": 0.00102321, "wall_s": 76.09, "gpu_mem_gb": 9.738}
{"step": 796, "ce_full": 0.02107, "psi_dir": 0.569528, "psi_entropy": 0.319714, "tension": 3.119728, "phi": 0.808292, "curiosity_ema": 0.00422025, "w_native_err": 0.00145567, "wall_s": 76.47, "gpu_mem_gb": 9.738}
{"step": 800, "ce_full": 0.025214, "psi_dir": 0.559453, "psi_entropy": 0.341433, "tension": 3.081361, "phi": 0.802932, "curiosity_ema": 0.00401081, "w_native_err": 0.00212586, "wall_s": 76.86, "gpu_mem_gb": 9.738}
{"step": 804, "ce_full": 0.023455, "psi_dir": 0.553673, "psi_entropy": 0.305797, "tension": 3.153537, "phi": 0.78848, "curiosity_ema": 0.0037947, "w_native_err": 0.0018497, "wall_s": 77.23, "gpu_mem_gb": 9.738}
{"step": 808, "ce_full": 0.024294, "psi_dir": 0.558692, "psi_entropy": 0.334532, "tension": 3.098911, "phi": 0.809431, "curiosity_ema": 0.00362455, "w_native_err": 0.00209313, "wall_s": 77.61, "gpu_mem_gb": 9.738}
{"step": 812, "ce_full": 0.019917, "psi_dir": 0.577077, "psi_entropy": 0.319436, "tension": 3.176302, "phi": 0.789255, "curiosity_ema": 0.00356014, "w_native_err": 0.0029805, "wall_s": 77.99, "gpu_mem_gb": 9.738}
{"step": 816, "ce_full": 0.025826, "psi_dir": 0.569601, "psi_entropy": 0.324774, "tension": 3.160928, "phi": 0.821174, "curiosity_ema": 0.00349316, "w_native_err": 0.00289035, "wall_s": 78.37, "gpu_mem_gb": 9.738}
{"step": 820, "ce_full": 0.025138, "psi_dir": 0.570764, "psi_entropy": 0.308621, "tension": 3.22289, "phi": 0.80738, "curiosity_ema": 0.0034861, "w_native_err": 0.00342251, "wall_s": 78.75, "gpu_mem_gb": 9.738}
{"step": 824, "ce_full": 0.031533, "psi_dir": 0.556325, "psi_entropy": 0.316578, "tension": 3.203238, "phi": 0.851489, "curiosity_ema": 0.00331512, "w_native_err": 0.00177635, "wall_s": 79.13, "gpu_mem_gb": 9.738}
{"step": 828, "ce_full": 0.030339, "psi_dir": 0.56823, "psi_entropy": 0.331433, "tension": 3.340616, "phi": 0.793822, "curiosity_ema": 0.00356642, "w_native_err": 0.00582814, "wall_s": 79.51, "gpu_mem_gb": 9.738}
{"step": 832, "ce_full": 0.037007, "psi_dir": 0.569051, "psi_entropy": 0.301323, "tension": 3.387975, "phi": 0.832918, "curiosity_ema": 0.00385743, "w_native_err": 0.00647647, "wall_s": 79.89, "gpu_mem_gb": 9.738}
{"step": 836, "ce_full": 0.032273, "psi_dir": 0.560352, "psi_entropy": 0.31428, "tension": 3.330288, "phi": 0.875477, "curiosity_ema": 0.00356768, "w_native_err": 0.00095992, "wall_s": 80.27, "gpu_mem_gb": 9.738}
{"step": 840, "ce_full": 0.028399, "psi_dir": 0.581384, "psi_entropy": 0.329533, "tension": 3.465181, "phi": 0.835014, "curiosity_ema": 0.00355205, "w_native_err": 0.00341136, "wall_s": 80.65, "gpu_mem_gb": 9.738}
{"step": 844, "ce_full": 0.037369, "psi_dir": 0.579248, "psi_entropy": 0.294623, "tension": 3.522372, "phi": 0.823138, "curiosity_ema": 0.00354461, "w_native_err": 0.00347765, "wall_s": 81.03, "gpu_mem_gb": 9.738}
{"step": 848, "ce_full": 0.034279, "psi_dir": 0.576217, "psi_entropy": 0.345508, "tension": 3.563967, "phi": 0.845752, "curiosity_ema": 0.00353308, "w_native_err": 0.00342939, "wall_s": 81.42, "gpu_mem_gb": 9.738}
{"step": 852, "ce_full": 0.025406, "psi_dir": 0.581328, "psi_entropy": 0.284681, "tension": 3.436179, "phi": 0.880658, "curiosity_ema": 0.00369586, "w_native_err": 0.00516087, "wall_s": 81.8, "gpu_mem_gb": 9.738}
{"step": 856, "ce_full": 0.028497, "psi_dir": 0.571693, "psi_entropy": 0.259516, "tension": 3.445495, "phi": 0.881048, "curiosity_ema": 0.00405071, "w_native_err": 0.00724432, "wall_s": 82.17, "gpu_mem_gb": 9.738}
{"step": 860, "ce_full": 0.032503, "psi_dir": 0.574568, "psi_entropy": 0.297198, "tension": 3.585627, "phi": 0.852258, "curiosity_ema": 0.00374359, "w_native_err": 0.00097951, "wall_s": 82.55, "gpu_mem_gb": 9.738}
{"step": 864, "ce_full": 0.028728, "psi_dir": 0.575032, "psi_entropy": 0.353546, "tension": 3.6018, "phi": 0.898153, "curiosity_ema": 0.00352463, "w_native_err": 0.00155396, "wall_s": 82.93, "gpu_mem_gb": 9.738}
{"step": 868, "ce_full": 0.030347, "psi_dir": 0.591803, "psi_entropy": 0.297822, "tension": 3.590394, "phi": 0.900249, "curiosity_ema": 0.00331623, "w_native_err": 0.00144066, "wall_s": 83.31, "gpu_mem_gb": 9.738}
{"step": 872, "ce_full": 0.031746, "psi_dir": 0.591294, "psi_entropy": 0.316662, "tension": 3.619565, "phi": 0.932645, "curiosity_ema": 0.00307055, "w_native_err": 0.00085944, "wall_s": 83.69, "gpu_mem_gb": 9.738}
{"step": 876, "ce_full": 0.030594, "psi_dir": 0.574806, "psi_entropy": 0.352157, "tension": 3.674826, "phi": 0.949206, "curiosity_ema": 0.00285391, "w_native_err": 0.00090416, "wall_s": 84.07, "gpu_mem_gb": 9.738}
{"step": 880, "ce_full": 0.022607, "psi_dir": 0.565514, "psi_entropy": 0.320251, "tension": 3.781353, "phi": 0.947478, "curiosity_ema": 0.00289681, "w_native_err": 0.00328286, "wall_s": 84.45, "gpu_mem_gb": 9.738}
{"step": 884, "ce_full": 0.025997, "psi_dir": 0.559036, "psi_entropy": 0.355638, "tension": 3.795496, "phi": 0.952151, "curiosity_ema": 0.00297067, "w_native_err": 0.00363547, "wall_s": 84.83, "gpu_mem_gb": 9.738}
{"step": 888, "ce_full": 0.026299, "psi_dir": 0.568743, "psi_entropy": 0.32648, "tension": 3.763664, "phi": 0.936547, "curiosity_ema": 0.00280698, "w_native_err": 0.00133374, "wall_s": 85.21, "gpu_mem_gb": 9.738}
{"step": 892, "ce_full": 0.025724, "psi_dir": 0.580554, "psi_entropy": 0.312287, "tension": 3.882086, "phi": 0.912903, "curiosity_ema": 0.00316434, "w_native_err": 0.00638058, "wall_s": 85.59, "gpu_mem_gb": 9.738}
{"step": 896, "ce_full": 0.030724, "psi_dir": 0.56992, "psi_entropy": 0.322027, "tension": 3.817881, "phi": 0.915474, "curiosity_ema": 0.00302961, "w_native_err": 0.00181705, "wall_s": 85.96, "gpu_mem_gb": 9.738}
{"step": 900, "ce_full": 0.08621, "psi_dir": 0.561535, "psi_entropy": 0.326933, "tension": 3.955581, "phi": 0.884364, "curiosity_ema": 0.00323284, "w_native_err": 0.00506195, "wall_s": 86.34, "gpu_mem_gb": 9.738}
{"step": 904, "ce_full": 0.098572, "psi_dir": 0.572597, "psi_entropy": 0.332373, "tension": 4.076386, "phi": 0.881517, "curiosity_ema": 0.00387896, "w_native_err": 0.00969401, "wall_s": 86.72, "gpu_mem_gb": 9.738}
{"step": 908, "ce_full": 0.037679, "psi_dir": 0.575285, "psi_entropy": 0.324681, "tension": 4.102892, "phi": 0.842897, "curiosity_ema": 0.00412302, "w_native_err": 0.00631954, "wall_s": 87.1, "gpu_mem_gb": 9.738}
{"step": 912, "ce_full": 0.031155, "psi_dir": 0.5785, "psi_entropy": 0.324895, "tension": 4.098779, "phi": 0.882171, "curiosity_ema": 0.00388472, "w_native_err": 0.00173998, "wall_s": 87.48, "gpu_mem_gb": 9.738}
{"step": 916, "ce_full": 0.032998, "psi_dir": 0.573623, "psi_entropy": 0.299466, "tension": 4.114182, "phi": 0.893006, "curiosity_ema": 0.00359727, "w_native_err": 0.00101028, "wall_s": 87.86, "gpu_mem_gb": 9.738}
{"step": 920, "ce_full": 0.037346, "psi_dir": 0.587801, "psi_entropy": 0.323132, "tension": 4.215484, "phi": 0.919812, "curiosity_ema": 0.00340479, "w_native_err": 0.00167242, "wall_s": 88.24, "gpu_mem_gb": 9.738}
{"step": 924, "ce_full": 0.026596, "psi_dir": 0.586828, "psi_entropy": 0.315181, "tension": 4.280379, "phi": 0.947052, "curiosity_ema": 0.00334416, "w_native_err": 0.00279855, "wall_s": 88.62, "gpu_mem_gb": 9.738}
{"step": 928, "ce_full": 0.023605, "psi_dir": 0.570385, "psi_entropy": 0.359501, "tension": 4.307199, "phi": 0.967616, "curiosity_ema": 0.00344123, "w_native_err": 0.0043148, "wall_s": 89.0, "gpu_mem_gb": 9.738}
{"step": 932, "ce_full": 0.019769, "psi_dir": 0.557971, "psi_entropy": 0.307679, "tension": 4.406983, "phi": 0.93461, "curiosity_ema": 0.00342659, "w_native_err": 0.00329487, "wall_s": 89.37, "gpu_mem_gb": 9.738}
{"step": 936, "ce_full": 0.016439, "psi_dir": 0.554157, "psi_entropy": 0.251976, "tension": 4.541816, "phi": 0.903941, "curiosity_ema": 0.00353153, "w_native_err": 0.00447595, "wall_s": 89.75, "gpu_mem_gb": 9.738}
{"step": 940, "ce_full": 0.021751, "psi_dir": 0.568513, "psi_entropy": 0.300362, "tension": 4.540107, "phi": 0.897518, "curiosity_ema": 0.00330369, "w_native_err": 0.00125316, "wall_s": 90.13, "gpu_mem_gb": 9.738}
{"step": 944, "ce_full": 0.021428, "psi_dir": 0.576643, "psi_entropy": 0.287851, "tension": 4.517299, "phi": 0.921034, "curiosity_ema": 0.0030201, "w_native_err": 0.00046781, "wall_s": 90.51, "gpu_mem_gb": 9.738}
{"step": 948, "ce_full": 0.018382, "psi_dir": 0.57683, "psi_entropy": 0.297515, "tension": 4.491436, "phi": 0.929802, "curiosity_ema": 0.00294208, "w_native_err": 0.00223988, "wall_s": 90.89, "gpu_mem_gb": 9.738}
{"step": 952, "ce_full": 0.027081, "psi_dir": 0.581922, "psi_entropy": 0.335841, "tension": 4.532076, "phi": 0.944907, "curiosity_ema": 0.00292497, "w_native_err": 0.00277103, "wall_s": 91.27, "gpu_mem_gb": 9.738}
{"step": 956, "ce_full": 0.031219, "psi_dir": 0.572471, "psi_entropy": 0.31774, "tension": 4.474723, "phi": 1.009061, "curiosity_ema": 0.00329407, "w_native_err": 0.00661598, "wall_s": 91.65, "gpu_mem_gb": 9.738}
{"step": 960, "ce_full": 0.021635, "psi_dir": 0.566711, "psi_entropy": 0.277557, "tension": 4.494297, "phi": 1.01067, "curiosity_ema": 0.00350923, "w_native_err": 0.00544561, "wall_s": 92.03, "gpu_mem_gb": 9.738}
{"step": 964, "ce_full": 0.023711, "psi_dir": 0.561339, "psi_entropy": 0.320167, "tension": 4.47002, "phi": 1.018393, "curiosity_ema": 0.00372419, "w_native_err": 0.00565888, "wall_s": 92.4, "gpu_mem_gb": 9.738}
{"step": 968, "ce_full": 0.02289, "psi_dir": 0.55546, "psi_entropy": 0.325372, "tension": 4.468092, "phi": 0.993117, "curiosity_ema": 0.00386181, "w_native_err": 0.00510033, "wall_s": 92.79, "gpu_mem_gb": 9.738}
{"step": 972, "ce_full": 0.024772, "psi_dir": 0.560758, "psi_entropy": 0.311858, "tension": 4.344716, "phi": 1.015955, "curiosity_ema": 0.00450702, "w_native_err": 0.01031397, "wall_s": 93.16, "gpu_mem_gb": 9.738}
{"step": 976, "ce_full": 0.023036, "psi_dir": 0.577364, "psi_entropy": 0.27737, "tension": 4.400257, "phi": 1.045615, "curiosity_ema": 0.00437351, "w_native_err": 0.00317192, "wall_s": 93.54, "gpu_mem_gb": 9.738}
{"step": 980, "ce_full": 0.023004, "psi_dir": 0.573207, "psi_entropy": 0.261872, "tension": 4.585837, "phi": 1.041014, "curiosity_ema": 0.00442575, "w_native_err": 0.00489589, "wall_s": 93.93, "gpu_mem_gb": 9.738}
{"step": 984, "ce_full": 0.023356, "psi_dir": 0.573414, "psi_entropy": 0.283992, "tension": 4.807041, "phi": 0.99542, "curiosity_ema": 0.0073013, "w_native_err": 0.0331812, "wall_s": 94.31, "gpu_mem_gb": 9.738}
{"step": 988, "ce_full": 0.016282, "psi_dir": 0.560789, "psi_entropy": 0.253085, "tension": 4.899941, "phi": 0.974065, "curiosity_ema": 0.01155473, "w_native_err": 0.04983564, "wall_s": 94.69, "gpu_mem_gb": 9.738}
{"step": 992, "ce_full": 0.021871, "psi_dir": 0.555415, "psi_entropy": 0.292462, "tension": 4.891824, "phi": 0.942937, "curiosity_ema": 0.01449368, "w_native_err": 0.04094421, "wall_s": 95.07, "gpu_mem_gb": 9.738}
{"step": 996, "ce_full": 0.036998, "psi_dir": 0.563738, "psi_entropy": 0.276949, "tension": 4.898062, "phi": 0.941107, "curiosity_ema": 0.01582945, "w_native_err": 0.02785143, "wall_s": 95.44, "gpu_mem_gb": 9.738}
{"step": 1000, "ce_full": 0.03088, "psi_dir": 0.568209, "psi_entropy": 0.279983, "tension": 5.057295, "phi": 0.925091, "curiosity_ema": 0.01787961, "w_native_err": 0.03633102, "wall_s": 95.82, "gpu_mem_gb": 9.738}
{"step": 1004, "ce_full": 0.027764, "psi_dir": 0.549624, "psi_entropy": 0.258186, "tension": 5.172694, "phi": 0.919901, "curiosity_ema": 0.01958761, "w_native_err": 0.0349596, "wall_s": 96.2, "gpu_mem_gb": 9.738}
{"step": 1008, "ce_full": 0.032809, "psi_dir": 0.555817, "psi_entropy": 0.266491, "tension": 5.247812, "phi": 0.942088, "curiosity_ema": 0.02037006, "w_native_err": 0.02741212, "wall_s": 96.58, "gpu_mem_gb": 9.738}
{"step": 1012, "ce_full": 0.029587, "psi_dir": 0.564379, "psi_entropy": 0.233415, "tension": 5.311741, "phi": 0.995875, "curiosity_ema": 0.02034579, "w_native_err": 0.02012731, "wall_s": 96.96, "gpu_mem_gb": 9.738}
{"step": 1016, "ce_full": 0.024215, "psi_dir": 0.558248, "psi_entropy": 0.25205, "tension": 5.348291, "phi": 1.000798, "curiosity_ema": 0.01948118, "w_native_err": 0.01169975, "wall_s": 97.33, "gpu_mem_gb": 9.738}
{"step": 1020, "ce_full": 0.021904, "psi_dir": 0.579587, "psi_entropy": 0.247225, "tension": 5.299716, "phi": 1.01461, "curiosity_ema": 0.01830672, "w_native_err": 0.00773655, "wall_s": 97.71, "gpu_mem_gb": 9.738}
{"step": 1024, "ce_full": 0.02988, "psi_dir": 0.595344, "psi_entropy": 0.250872, "tension": 5.249137, "phi": 1.024497, "curiosity_ema": 0.01786848, "w_native_err": 0.01392433, "wall_s": 98.09, "gpu_mem_gb": 9.738}
{"step": 1028, "ce_full": 0.031851, "psi_dir": 0.585413, "psi_entropy": 0.277441, "tension": 5.220309, "phi": 1.001387, "curiosity_ema": 0.01832888, "w_native_err": 0.02247253, "wall_s": 98.47, "gpu_mem_gb": 9.738}
{"step": 1032, "ce_full": 0.031556, "psi_dir": 0.565383, "psi_entropy": 0.258441, "tension": 5.310458, "phi": 0.991014, "curiosity_ema": 0.01816732, "w_native_err": 0.01671328, "wall_s": 98.86, "gpu_mem_gb": 9.738}
{"step": 1036, "ce_full": 0.028847, "psi_dir": 0.548336, "psi_entropy": 0.26312, "tension": 5.509047, "phi": 0.982266, "curiosity_ema": 0.01674418, "w_native_err": 0.00393588, "wall_s": 99.25, "gpu_mem_gb": 9.738}
{"step": 1040, "ce_full": 0.024321, "psi_dir": 0.544938, "psi_entropy": 0.317679, "tension": 5.401975, "phi": 1.008199, "curiosity_ema": 0.01640923, "w_native_err": 0.0133947, "wall_s": 99.63, "gpu_mem_gb": 9.738}
{"step": 1044, "ce_full": 0.020636, "psi_dir": 0.565416, "psi_entropy": 0.251172, "tension": 5.479818, "phi": 0.968243, "curiosity_ema": 0.01575873, "w_native_err": 0.00990424, "wall_s": 100.0, "gpu_mem_gb": 9.738}
{"step": 1048, "ce_full": 0.023408, "psi_dir": 0.58309, "psi_entropy": 0.293264, "tension": 5.624341, "phi": 0.957659, "curiosity_ema": 0.01486856, "w_native_err": 0.00685704, "wall_s": 100.42, "gpu_mem_gb": 9.738}
{"step": 1052, "ce_full": 0.027512, "psi_dir": 0.578125, "psi_entropy": 0.256437, "tension": 5.608869, "phi": 1.000842, "curiosity_ema": 0.0139299, "w_native_err": 0.00548195, "wall_s": 100.8, "gpu_mem_gb": 9.738}
{"step": 1056, "ce_full": 0.018985, "psi_dir": 0.572103, "psi_entropy": 0.262031, "tension": 5.705438, "phi": 0.971381, "curiosity_ema": 0.01322188, "w_native_err": 0.00684965, "wall_s": 101.18, "gpu_mem_gb": 9.738}
{"step": 1060, "ce_full": 0.021386, "psi_dir": 0.568906, "psi_entropy": 0.241535, "tension": 5.808646, "phi": 0.970686, "curiosity_ema": 0.01290962, "w_native_err": 0.01009926, "wall_s": 101.55, "gpu_mem_gb": 9.738}
{"step": 1064, "ce_full": 0.030694, "psi_dir": 0.562094, "psi_entropy": 0.293474, "tension": 5.901717, "phi": 0.942023, "curiosity_ema": 0.01314309, "w_native_err": 0.01524435, "wall_s": 101.93, "gpu_mem_gb": 9.738}
{"step": 1068, "ce_full": 0.032521, "psi_dir": 0.564767, "psi_entropy": 0.246917, "tension": 5.913749, "phi": 0.935755, "curiosity_ema": 0.01298208, "w_native_err": 0.01153299, "wall_s": 102.31, "gpu_mem_gb": 9.738}
{"step": 1072, "ce_full": 0.023077, "psi_dir": 0.559919, "psi_entropy": 0.269004, "tension": 5.86934, "phi": 0.97984, "curiosity_ema": 0.01214873, "w_native_err": 0.00464855, "wall_s": 102.69, "gpu_mem_gb": 9.738}
{"step": 1076, "ce_full": 0.03494, "psi_dir": 0.55983, "psi_entropy": 0.337032, "tension": 5.797788, "phi": 1.040908, "curiosity_ema": 0.01131101, "w_native_err": 0.00377153, "wall_s": 103.06, "gpu_mem_gb": 9.738}
{"step": 1080, "ce_full": 0.026791, "psi_dir": 0.569981, "psi_entropy": 0.31107, "tension": 5.731523, "phi": 1.058794, "curiosity_ema": 0.01090879, "w_native_err": 0.00728888, "wall_s": 103.46, "gpu_mem_gb": 9.738}
{"step": 1084, "ce_full": 0.01937, "psi_dir": 0.563607, "psi_entropy": 0.244556, "tension": 5.804477, "phi": 1.052604, "curiosity_ema": 0.01056095, "w_native_err": 0.00743038, "wall_s": 103.83, "gpu_mem_gb": 9.738}
{"step": 1088, "ce_full": 0.032907, "psi_dir": 0.554971, "psi_entropy": 0.282595, "tension": 5.880544, "phi": 1.071697, "curiosity_ema": 0.01017818, "w_native_err": 0.00673325, "wall_s": 104.21, "gpu_mem_gb": 9.738}
{"step": 1092, "ce_full": 0.021582, "psi_dir": 0.56527, "psi_entropy": 0.265442, "tension": 5.997066, "phi": 1.043729, "curiosity_ema": 0.00977947, "w_native_err": 0.0061911, "wall_s": 104.59, "gpu_mem_gb": 9.738}
{"step": 1096, "ce_full": 0.021264, "psi_dir": 0.580839, "psi_entropy": 0.25474, "tension": 6.149966, "phi": 1.015379, "curiosity_ema": 0.01008002, "w_native_err": 0.01278494, "wall_s": 104.96, "gpu_mem_gb": 9.738}
{"step": 1100, "ce_full": 0.020832, "psi_dir": 0.583829, "psi_entropy": 0.282277, "tension": 6.357593, "phi": 1.029888, "curiosity_ema": 0.01261424, "w_native_err": 0.03542219, "wall_s": 105.34, "gpu_mem_gb": 9.738}
{"step": 1104, "ce_full": 0.020339, "psi_dir": 0.570894, "psi_entropy": 0.299587, "tension": 6.453484, "phi": 1.018603, "curiosity_ema": 0.01555261, "w_native_err": 0.04199795, "wall_s": 105.72, "gpu_mem_gb": 9.738}
{"step": 1108, "ce_full": 0.021993, "psi_dir": 0.570498, "psi_entropy": 0.278959, "tension": 6.434261, "phi": 1.018909, "curiosity_ema": 0.01669586, "w_native_err": 0.02698514, "wall_s": 106.09, "gpu_mem_gb": 9.738}
{"step": 1112, "ce_full": 0.028186, "psi_dir": 0.565874, "psi_entropy": 0.315845, "tension": 6.49157, "phi": 1.059515, "curiosity_ema": 0.01750884, "w_native_err": 0.02482564, "wall_s": 106.47, "gpu_mem_gb": 9.738}
{"step": 1116, "ce_full": 0.020214, "psi_dir": 0.559829, "psi_entropy": 0.296599, "tension": 6.478565, "phi": 1.042036, "curiosity_ema": 0.0168949, "w_native_err": 0.01136943, "wall_s": 106.85, "gpu_mem_gb": 9.738}
{"step": 1120, "ce_full": 0.018396, "psi_dir": 0.568729, "psi_entropy": 0.278577, "tension": 6.477181, "phi": 1.01824, "curiosity_ema": 0.01573113, "w_native_err": 0.00525726, "wall_s": 107.23, "gpu_mem_gb": 9.738}
{"step": 1124, "ce_full": 0.03377, "psi_dir": 0.578587, "psi_entropy": 0.251874, "tension": 6.526216, "phi": 1.051292, "curiosity_ema": 0.01452366, "w_native_err": 0.00365642, "wall_s": 107.6, "gpu_mem_gb": 9.738}
{"step": 1128, "ce_full": 0.026133, "psi_dir": 0.582524, "psi_entropy": 0.314321, "tension": 6.579078, "phi": 1.091373, "curiosity_ema": 0.01331073, "w_native_err": 0.00239429, "wall_s": 107.98, "gpu_mem_gb": 9.738}
{"step": 1132, "ce_full": 0.017044, "psi_dir": 0.580952, "psi_entropy": 0.266167, "tension": 6.67921, "phi": 1.062073, "curiosity_ema": 0.01219205, "w_native_err": 0.00212401, "wall_s": 108.46, "gpu_mem_gb": 9.738}
{"step": 1136, "ce_full": 0.0191, "psi_dir": 0.56633, "psi_entropy": 0.274991, "tension": 6.829735, "phi": 1.041734, "curiosity_ema": 0.01158332, "w_native_err": 0.0061047, "wall_s": 108.84, "gpu_mem_gb": 9.738}
{"step": 1140, "ce_full": 0.017604, "psi_dir": 0.562763, "psi_entropy": 0.283449, "tension": 6.764428, "phi": 1.068552, "curiosity_ema": 0.01046438, "w_native_err": 0.00039392, "wall_s": 109.21, "gpu_mem_gb": 9.738}
{"step": 1144, "ce_full": 0.027043, "psi_dir": 0.570429, "psi_entropy": 0.262823, "tension": 6.752201, "phi": 1.071055, "curiosity_ema": 0.00954183, "w_native_err": 0.00123887, "wall_s": 109.59, "gpu_mem_gb": 9.738}
{"step": 1148, "ce_full": 0.026591, "psi_dir": 0.568358, "psi_entropy": 0.240911, "tension": 6.902654, "phi": 1.035997, "curiosity_ema": 0.00873281, "w_native_err": 0.00145164, "wall_s": 109.97, "gpu_mem_gb": 9.738}
{"step": 1152, "ce_full": 0.026674, "psi_dir": 0.568245, "psi_entropy": 0.295812, "tension": 6.981982, "phi": 1.037632, "curiosity_ema": 0.00795588, "w_native_err": 0.00096353, "wall_s": 110.35, "gpu_mem_gb": 9.738}
{"step": 1156, "ce_full": 0.023732, "psi_dir": 0.570098, "psi_entropy": 0.268478, "tension": 6.949041, "phi": 1.05588, "curiosity_ema": 0.00717961, "w_native_err": 0.00019317, "wall_s": 110.72, "gpu_mem_gb": 9.738}
{"step": 1160, "ce_full": 0.020357, "psi_dir": 0.572114, "psi_entropy": 0.276007, "tension": 7.040009, "phi": 1.037771, "curiosity_ema": 0.00647872, "w_native_err": 0.00017072, "wall_s": 111.1, "gpu_mem_gb": 9.738}
{"step": 1164, "ce_full": 0.021552, "psi_dir": 0.569279, "psi_entropy": 0.286319, "tension": 7.04062, "phi": 1.047752, "curiosity_ema": 0.00587673, "w_native_err": 0.00045877, "wall_s": 111.49, "gpu_mem_gb": 9.738}
{"step": 1168, "ce_full": 0.019943, "psi_dir": 0.573365, "psi_entropy": 0.245413, "tension": 7.107159, "phi": 1.068087, "curiosity_ema": 0.00532097, "w_native_err": 0.00031916, "wall_s": 111.87, "gpu_mem_gb": 9.738}
{"step": 1172, "ce_full": 0.020485, "psi_dir": 0.571439, "psi_entropy": 0.258492, "tension": 7.170087, "phi": 1.089399, "curiosity_ema": 0.00489365, "w_native_err": 0.00104777, "wall_s": 112.24, "gpu_mem_gb": 9.738}
{"step": 1176, "ce_full": 0.022584, "psi_dir": 0.562298, "psi_entropy": 0.241091, "tension": 7.155375, "phi": 1.124615, "curiosity_ema": 0.00454055, "w_native_err": 0.00136268, "wall_s": 112.62, "gpu_mem_gb": 9.738}
{"step": 1180, "ce_full": 0.022905, "psi_dir": 0.555447, "psi_entropy": 0.257084, "tension": 7.208171, "phi": 1.125386, "curiosity_ema": 0.00417362, "w_native_err": 0.00087125, "wall_s": 113.0, "gpu_mem_gb": 9.738}
{"step": 1184, "ce_full": 0.020076, "psi_dir": 0.552219, "psi_entropy": 0.291963, "tension": 7.281497, "phi": 1.110059, "curiosity_ema": 0.0038799, "w_native_err": 0.00123641, "wall_s": 113.37, "gpu_mem_gb": 9.738}
{"step": 1188, "ce_full": 0.022036, "psi_dir": 0.555192, "psi_entropy": 0.239277, "tension": 7.261606, "phi": 1.10832, "curiosity_ema": 0.00350953, "w_native_err": 0.00017618, "wall_s": 113.75, "gpu_mem_gb": 9.738}
{"step": 1192, "ce_full": 0.017994, "psi_dir": 0.565157, "psi_entropy": 0.261942, "tension": 7.236066, "phi": 1.12565, "curiosity_ema": 0.0031844, "w_native_err": 0.00025826, "wall_s": 114.13, "gpu_mem_gb": 9.738}
{"step": 1196, "ce_full": 0.023984, "psi_dir": 0.574218, "psi_entropy": 0.25756, "tension": 7.310633, "phi": 1.117421, "curiosity_ema": 0.00289194, "w_native_err": 0.00025974, "wall_s": 114.51, "gpu_mem_gb": 9.738}
{"step": 1200, "ce_full": 0.017455, "psi_dir": 0.573726, "psi_entropy": 0.233264, "tension": 7.506689, "phi": 1.114879, "curiosity_ema": 0.00343276, "w_native_err": 0.00830021, "wall_s": 114.89, "gpu_mem_gb": 9.738}
{"step": 1204, "ce_full": 0.024423, "psi_dir": 0.573355, "psi_entropy": 0.254681, "tension": 7.604564, "phi": 1.092489, "curiosity_ema": 0.00459825, "w_native_err": 0.01508766, "wall_s": 115.26, "gpu_mem_gb": 9.738}
{"step": 1208, "ce_full": 0.019215, "psi_dir": 0.572124, "psi_entropy": 0.247605, "tension": 7.536817, "phi": 1.096371, "curiosity_ema": 0.00474167, "w_native_err": 0.00603239, "wall_s": 115.64, "gpu_mem_gb": 9.738}
{"step": 1212, "ce_full": 0.017395, "psi_dir": 0.577103, "psi_entropy": 0.213618, "tension": 7.425252, "phi": 1.110223, "curiosity_ema": 0.0043722, "w_native_err": 0.00104697, "wall_s": 116.02, "gpu_mem_gb": 9.738}
{"step": 1216, "ce_full": 0.017074, "psi_dir": 0.573845, "psi_entropy": 0.249416, "tension": 7.658092, "phi": 1.106291, "curiosity_ema": 0.0048606, "w_native_err": 0.00925625, "wall_s": 116.39, "gpu_mem_gb": 9.738}
{"step": 1220, "ce_full": 0.017946, "psi_dir": 0.572994, "psi_entropy": 0.242395, "tension": 7.77296, "phi": 1.094317, "curiosity_ema": 0.0059424, "w_native_err": 0.01567859, "wall_s": 116.77, "gpu_mem_gb": 9.738}
{"step": 1224, "ce_full": 0.019612, "psi_dir": 0.573614, "psi_entropy": 0.195957, "tension": 7.778999, "phi": 1.089393, "curiosity_ema": 0.00649185, "w_native_err": 0.0114369, "wall_s": 117.15, "gpu_mem_gb": 9.738}
{"step": 1228, "ce_full": 0.015904, "psi_dir": 0.589083, "psi_entropy": 0.251186, "tension": 7.873977, "phi": 1.083615, "curiosity_ema": 0.00742778, "w_native_err": 0.01585118, "wall_s": 117.53, "gpu_mem_gb": 9.738}
{"step": 1232, "ce_full": 0.022562, "psi_dir": 0.598943, "psi_entropy": 0.217899, "tension": 7.902064, "phi": 1.119568, "curiosity_ema": 0.0079512, "w_native_err": 0.01266197, "wall_s": 117.92, "gpu_mem_gb": 9.738}
{"step": 1236, "ce_full": 0.021986, "psi_dir": 0.596552, "psi_entropy": 0.289101, "tension": 8.116324, "phi": 1.118912, "curiosity_ema": 0.01041453, "w_native_err": 0.03258444, "wall_s": 118.3, "gpu_mem_gb": 9.738}
{"step": 1240, "ce_full": 0.014446, "psi_dir": 0.582735, "psi_entropy": 0.252565, "tension": 8.169163, "phi": 1.095446, "curiosity_ema": 0.01207896, "w_native_err": 0.02705885, "wall_s": 118.68, "gpu_mem_gb": 9.738}
{"step": 1244, "ce_full": 0.024134, "psi_dir": 0.563576, "psi_entropy": 0.254014, "tension": 8.078727, "phi": 1.105934, "curiosity_ema": 0.01174775, "w_native_err": 0.00876686, "wall_s": 119.06, "gpu_mem_gb": 9.738}
{"step": 1248, "ce_full": 0.021895, "psi_dir": 0.563847, "psi_entropy": 0.2217, "tension": 8.131945, "phi": 1.122017, "curiosity_ema": 0.01131592, "w_native_err": 0.0074295, "wall_s": 119.44, "gpu_mem_gb": 9.738}
{"step": 1252, "ce_full": 0.026996, "psi_dir": 0.56962, "psi_entropy": 0.247427, "tension": 8.16917, "phi": 1.133139, "curiosity_ema": 0.01066896, "w_native_err": 0.00484633, "wall_s": 119.82, "gpu_mem_gb": 9.738}
{"step": 1256, "ce_full": 0.018471, "psi_dir": 0.569219, "psi_entropy": 0.207452, "tension": 8.135511, "phi": 1.146296, "curiosity_ema": 0.00977588, "w_native_err": 0.00173813, "wall_s": 120.19, "gpu_mem_gb": 9.738}
{"step": 1260, "ce_full": 0.019974, "psi_dir": 0.570686, "psi_entropy": 0.244792, "tension": 8.454471, "phi": 1.145419, "curiosity_ema": 0.01040461, "w_native_err": 0.01606314, "wall_s": 120.57, "gpu_mem_gb": 9.738}
{"step": 1264, "ce_full": 0.023502, "psi_dir": 0.575018, "psi_entropy": 0.207218, "tension": 8.324684, "phi": 1.14243, "curiosity_ema": 0.00953338, "w_native_err": 0.00169229, "wall_s": 120.95, "gpu_mem_gb": 9.738}
{"step": 1268, "ce_full": 0.033122, "psi_dir": 0.580104, "psi_entropy": 0.266477, "tension": 8.496264, "phi": 1.153949, "curiosity_ema": 0.00929198, "w_native_err": 0.00711946, "wall_s": 121.33, "gpu_mem_gb": 9.738}
{"step": 1272, "ce_full": 0.025146, "psi_dir": 0.578739, "psi_entropy": 0.243986, "tension": 8.461477, "phi": 1.161338, "curiosity_ema": 0.00850635, "w_native_err": 0.00143565, "wall_s": 121.71, "gpu_mem_gb": 9.738}
{"step": 1276, "ce_full": 0.023859, "psi_dir": 0.56725, "psi_entropy": 0.272995, "tension": 8.500803, "phi": 1.171058, "curiosity_ema": 0.00776045, "w_native_err": 0.00104738, "wall_s": 122.09, "gpu_mem_gb": 9.738}
{"step": 1280, "ce_full": 0.027503, "psi_dir": 0.569133, "psi_entropy": 0.268779, "tension": 8.564166, "phi": 1.18025, "curiosity_ema": 0.00709585, "w_native_err": 0.00111437, "wall_s": 122.47, "gpu_mem_gb": 9.738}
{"step": 1284, "ce_full": 0.024416, "psi_dir": 0.570594, "psi_entropy": 0.219021, "tension": 8.600798, "phi": 1.146531, "curiosity_ema": 0.00652481, "w_native_err": 0.0013855, "wall_s": 122.86, "gpu_mem_gb": 9.738}
{"step": 1288, "ce_full": 0.029611, "psi_dir": 0.568672, "psi_entropy": 0.270696, "tension": 8.775316, "phi": 1.145408, "curiosity_ema": 0.00651742, "w_native_err": 0.00645091, "wall_s": 123.24, "gpu_mem_gb": 9.738}
{"step": 1292, "ce_full": 0.019379, "psi_dir": 0.561745, "psi_entropy": 0.246187, "tension": 8.783385, "phi": 1.165282, "curiosity_ema": 0.0061679, "w_native_err": 0.00302219, "wall_s": 123.62, "gpu_mem_gb": 9.738}
{"step": 1296, "ce_full": 0.020211, "psi_dir": 0.560949, "psi_entropy": 0.248495, "tension": 8.865725, "phi": 1.159075, "curiosity_ema": 0.00599864, "w_native_err": 0.00447534, "wall_s": 124.0, "gpu_mem_gb": 9.738}
{"step": 1300, "ce_full": 0.018899, "psi_dir": 0.554191, "psi_entropy": 0.245633, "tension": 8.955677, "phi": 1.167699, "curiosity_ema": 0.00605911, "w_native_err": 0.00660335, "wall_s": 124.38, "gpu_mem_gb": 9.738}
{"step": 1304, "ce_full": 0.020044, "psi_dir": 0.56488, "psi_entropy": 0.27121, "tension": 8.902137, "phi": 1.157248, "curiosity_ema": 0.00558118, "w_native_err": 0.00127981, "wall_s": 124.76, "gpu_mem_gb": 9.738}
{"step": 1308, "ce_full": 0.025333, "psi_dir": 0.572744, "psi_entropy": 0.231276, "tension": 9.044609, "phi": 1.139882, "curiosity_ema": 0.00559737, "w_native_err": 0.00574306, "wall_s": 125.14, "gpu_mem_gb": 9.738}
{"step": 1312, "ce_full": 0.01976, "psi_dir": 0.575831, "psi_entropy": 0.231818, "tension": 9.270061, "phi": 1.15402, "curiosity_ema": 0.00731779, "w_native_err": 0.02280159, "wall_s": 125.52, "gpu_mem_gb": 9.738}
{"step": 1316, "ce_full": 0.019512, "psi_dir": 0.585175, "psi_entropy": 0.26, "tension": 9.248565, "phi": 1.146011, "curiosity_ema": 0.00789607, "w_native_err": 0.01310056, "wall_s": 125.9, "gpu_mem_gb": 9.738}
{"step": 1320, "ce_full": 0.01009, "psi_dir": 0.593551, "psi_entropy": 0.204698, "tension": 9.184868, "phi": 1.137852, "curiosity_ema": 0.0075293, "w_native_err": 0.00422841, "wall_s": 126.28, "gpu_mem_gb": 9.738}
{"step": 1324, "ce_full": 0.017575, "psi_dir": 0.583176, "psi_entropy": 0.246072, "tension": 9.237498, "phi": 1.130928, "curiosity_ema": 0.00710349, "w_native_err": 0.00327116, "wall_s": 126.66, "gpu_mem_gb": 9.738}
{"step": 1328, "ce_full": 0.015708, "psi_dir": 0.563409, "psi_entropy": 0.183855, "tension": 9.222422, "phi": 1.15047, "curiosity_ema": 0.00655431, "w_native_err": 0.00161168, "wall_s": 127.03, "gpu_mem_gb": 9.738}
{"step": 1332, "ce_full": 0.016359, "psi_dir": 0.567273, "psi_entropy": 0.253667, "tension": 9.247128, "phi": 1.154958, "curiosity_ema": 0.00599636, "w_native_err": 0.00097487, "wall_s": 127.41, "gpu_mem_gb": 9.738}
{"step": 1336, "ce_full": 0.019249, "psi_dir": 0.575214, "psi_entropy": 0.280743, "tension": 9.469678, "phi": 1.147367, "curiosity_ema": 0.00630398, "w_native_err": 0.00907257, "wall_s": 127.79, "gpu_mem_gb": 9.738}
{"step": 1340, "ce_full": 0.017457, "psi_dir": 0.583089, "psi_entropy": 0.261142, "tension": 9.541551, "phi": 1.125272, "curiosity_ema": 0.00663985, "w_native_err": 0.00966264, "wall_s": 128.17, "gpu_mem_gb": 9.738}
{"step": 1344, "ce_full": 0.023502, "psi_dir": 0.593176, "psi_entropy": 0.272928, "tension": 9.367647, "phi": 1.152288, "curiosity_ema": 0.00605579, "w_native_err": 0.00079925, "wall_s": 128.55, "gpu_mem_gb": 9.738}
{"step": 1348, "ce_full": 0.014092, "psi_dir": 0.599262, "psi_entropy": 0.250103, "tension": 9.350456, "phi": 1.171628, "curiosity_ema": 0.00561054, "w_native_err": 0.00160333, "wall_s": 128.93, "gpu_mem_gb": 9.738}
{"step": 1352, "ce_full": 0.019814, "psi_dir": 0.586728, "psi_entropy": 0.274333, "tension": 9.440059, "phi": 1.189375, "curiosity_ema": 0.00512378, "w_native_err": 0.0007429, "wall_s": 129.31, "gpu_mem_gb": 9.738}
{"step": 1356, "ce_full": 0.021905, "psi_dir": 0.569892, "psi_entropy": 0.292653, "tension": 9.566946, "phi": 1.191125, "curiosity_ema": 0.00473812, "w_native_err": 0.00126722, "wall_s": 129.69, "gpu_mem_gb": 9.738}
{"step": 1360, "ce_full": 0.021783, "psi_dir": 0.572093, "psi_entropy": 0.238321, "tension": 9.580885, "phi": 1.222034, "curiosity_ema": 0.00436056, "w_native_err": 0.00096251, "wall_s": 130.07, "gpu_mem_gb": 9.738}
{"step": 1364, "ce_full": 0.016397, "psi_dir": 0.574858, "psi_entropy": 0.206314, "tension": 10.059315, "phi": 1.189051, "curiosity_ema": 0.00881068, "w_native_err": 0.04886178, "wall_s": 130.45, "gpu_mem_gb": 9.738}
{"step": 1368, "ce_full": 0.014341, "psi_dir": 0.580339, "psi_entropy": 0.212967, "tension": 10.291038, "phi": 1.162987, "curiosity_ema": 0.01696562, "w_native_err": 0.09036009, "wall_s": 130.83, "gpu_mem_gb": 9.738}
{"step": 1372, "ce_full": 0.019958, "psi_dir": 0.576552, "psi_entropy": 0.210211, "tension": 10.34734, "phi": 1.191874, "curiosity_ema": 0.02408123, "w_native_err": 0.08812171, "wall_s": 131.21, "gpu_mem_gb": 9.738}
{"step": 1376, "ce_full": 0.017016, "psi_dir": 0.571183, "psi_entropy": 0.198565, "tension": 10.477558, "phi": 1.206452, "curiosity_ema": 0.03201945, "w_native_err": 0.1034634, "wall_s": 131.59, "gpu_mem_gb": 9.738}
{"step": 1380, "ce_full": 0.020451, "psi_dir": 0.567506, "psi_entropy": 0.248648, "tension": 10.459422, "phi": 1.175962, "curiosity_ema": 0.03640475, "w_native_err": 0.07587242, "wall_s": 131.97, "gpu_mem_gb": 9.738}
{"step": 1384, "ce_full": 0.021538, "psi_dir": 0.571546, "psi_entropy": 0.258468, "tension": 10.558928, "phi": 1.18469, "curiosity_ema": 0.04059979, "w_native_err": 0.07835522, "wall_s": 132.35, "gpu_mem_gb": 9.738}
{"step": 1388, "ce_full": 0.019803, "psi_dir": 0.578557, "psi_entropy": 0.254081, "tension": 10.551692, "phi": 1.194921, "curiosity_ema": 0.04200305, "w_native_err": 0.05463231, "wall_s": 132.73, "gpu_mem_gb": 9.738}
{"step": 1392, "ce_full": 0.021402, "psi_dir": 0.583854, "psi_entropy": 0.263314, "tension": 10.368876, "phi": 1.205304, "curiosity_ema": 0.03906305, "w_native_err": 0.0126031, "wall_s": 133.11, "gpu_mem_gb": 9.738}
{"step": 1396, "ce_full": 0.020752, "psi_dir": 0.585606, "psi_entropy": 0.237643, "tension": 10.47072, "phi": 1.229795, "curiosity_ema": 0.03646123, "w_native_err": 0.01304489, "wall_s": 133.5, "gpu_mem_gb": 9.738}
{"step": 1400, "ce_full": 0.01248, "psi_dir": 0.584616, "psi_entropy": 0.178934, "tension": 10.513371, "phi": 1.219671, "curiosity_ema": 0.03367504, "w_native_err": 0.00859924, "wall_s": 133.87, "gpu_mem_gb": 9.738}
{"step": 1404, "ce_full": 0.022137, "psi_dir": 0.575701, "psi_entropy": 0.264113, "tension": 10.666797, "phi": 1.215338, "curiosity_ema": 0.03185767, "w_native_err": 0.01550134, "wall_s": 134.25, "gpu_mem_gb": 9.738}
{"step": 1408, "ce_full": 0.018391, "psi_dir": 0.577003, "psi_entropy": 0.246666, "tension": 10.690796, "phi": 1.226056, "curiosity_ema": 0.02964011, "w_native_err": 0.0096821, "wall_s": 134.63, "gpu_mem_gb": 9.738}
{"step": 1412, "ce_full": 0.01865, "psi_dir": 0.575007, "psi_entropy": 0.225809, "tension": 10.776423, "phi": 1.230797, "curiosity_ema": 0.0276692, "w_native_err": 0.00993099, "wall_s": 135.01, "gpu_mem_gb": 9.738}
{"step": 1416, "ce_full": 0.023694, "psi_dir": 0.569861, "psi_entropy": 0.254999, "tension": 10.814695, "phi": 1.200413, "curiosity_ema": 0.02555375, "w_native_err": 0.00651476, "wall_s": 135.39, "gpu_mem_gb": 9.738}
{"step": 1420, "ce_full": 0.02241, "psi_dir": 0.56932, "psi_entropy": 0.196262, "tension": 10.8922, "phi": 1.17478, "curiosity_ema": 0.02369616, "w_native_err": 0.00697786, "wall_s": 135.78, "gpu_mem_gb": 9.738}
{"step": 1424, "ce_full": 0.0146, "psi_dir": 0.567799, "psi_entropy": 0.217615, "tension": 11.168486, "phi": 1.177765, "curiosity_ema": 0.02423639, "w_native_err": 0.02909841, "wall_s": 136.16, "gpu_mem_gb": 9.738}
{"step": 1428, "ce_full": 0.019006, "psi_dir": 0.570787, "psi_entropy": 0.21381, "tension": 11.328077, "phi": 1.152755, "curiosity_ema": 0.02620571, "w_native_err": 0.04392957, "wall_s": 136.54, "gpu_mem_gb": 9.738}
{"step": 1432, "ce_full": 0.02272, "psi_dir": 0.581968, "psi_entropy": 0.248006, "tension": 11.496267, "phi": 1.156407, "curiosity_ema": 0.02983736, "w_native_err": 0.06252223, "wall_s": 136.92, "gpu_mem_gb": 9.738}
{"step": 1436, "ce_full": 0.017665, "psi_dir": 0.577197, "psi_entropy": 0.221376, "tension": 11.671958, "phi": 1.162813, "curiosity_ema": 0.03531885, "w_native_err": 0.08465224, "wall_s": 137.3, "gpu_mem_gb": 9.738}
{"step": 1440, "ce_full": 0.020732, "psi_dir": 0.57951, "psi_entropy": 0.22438, "tension": 11.907619, "phi": 1.185735, "curiosity_ema": 0.04451699, "w_native_err": 0.12730028, "wall_s": 137.68, "gpu_mem_gb": 9.738}
{"step": 1444, "ce_full": 0.025368, "psi_dir": 0.57448, "psi_entropy": 0.194695, "tension": 11.729487, "phi": 1.192316, "curiosity_ema": 0.04565773, "w_native_err": 0.05592439, "wall_s": 138.06, "gpu_mem_gb": 9.738}
{"step": 1448, "ce_full": 0.014376, "psi_dir": 0.578463, "psi_entropy": 0.167327, "tension": 11.974186, "phi": 1.209902, "curiosity_ema": 0.05043192, "w_native_err": 0.09339962, "wall_s": 138.44, "gpu_mem_gb": 9.738}
{"step": 1452, "ce_full": 0.024443, "psi_dir": 0.572525, "psi_entropy": 0.244096, "tension": 12.06367, "phi": 1.188618, "curiosity_ema": 0.0544867, "w_native_err": 0.09097976, "wall_s": 138.82, "gpu_mem_gb": 9.738}
{"step": 1456, "ce_full": 0.020879, "psi_dir": 0.583242, "psi_entropy": 0.269812, "tension": 12.638371, "phi": 1.174797, "curiosity_ema": 0.07557527, "w_native_err": 0.26537234, "wall_s": 139.2, "gpu_mem_gb": 9.738}
{"step": 1460, "ce_full": 0.026054, "psi_dir": 0.596606, "psi_entropy": 0.242479, "tension": 12.35981, "phi": 1.189605, "curiosity_ema": 0.07975773, "w_native_err": 0.11739986, "wall_s": 139.57, "gpu_mem_gb": 9.738}
{"step": 1464, "ce_full": 0.018331, "psi_dir": 0.579943, "psi_entropy": 0.193023, "tension": 12.326269, "phi": 1.197617, "curiosity_ema": 0.07964818, "w_native_err": 0.07866225, "wall_s": 139.95, "gpu_mem_gb": 9.738}
{"step": 1468, "ce_full": 0.018999, "psi_dir": 0.57253, "psi_entropy": 0.249294, "tension": 12.577665, "phi": 1.201987, "curiosity_ema": 0.08371461, "w_native_err": 0.12031247, "wall_s": 140.33, "gpu_mem_gb": 9.738}
{"step": 1472, "ce_full": 0.028275, "psi_dir": 0.575972, "psi_entropy": 0.261814, "tension": 12.886433, "phi": 1.205651, "curiosity_ema": 0.09439511, "w_native_err": 0.1905196, "wall_s": 140.71, "gpu_mem_gb": 9.738}
{"step": 1476, "ce_full": 0.033449, "psi_dir": 0.573588, "psi_entropy": 0.271171, "tension": 12.605186, "phi": 1.220862, "curiosity_ema": 0.0918142, "w_native_err": 0.068586, "wall_s": 141.1, "gpu_mem_gb": 9.738}
{"step": 1480, "ce_full": 0.017277, "psi_dir": 0.572765, "psi_entropy": 0.204343, "tension": 12.689483, "phi": 1.218524, "curiosity_ema": 0.08891058, "w_native_err": 0.06277804, "wall_s": 141.48, "gpu_mem_gb": 9.738}
{"step": 1484, "ce_full": 0.019079, "psi_dir": 0.576244, "psi_entropy": 0.241148, "tension": 12.992712, "phi": 1.2239, "curiosity_ema": 0.09151491, "w_native_err": 0.11495384, "wall_s": 141.86, "gpu_mem_gb": 9.738}
{"step": 1488, "ce_full": 0.018135, "psi_dir": 0.589471, "psi_entropy": 0.239921, "tension": 12.987059, "phi": 1.218846, "curiosity_ema": 0.09073163, "w_native_err": 0.08368219, "wall_s": 142.24, "gpu_mem_gb": 9.738}
{"step": 1492, "ce_full": 0.019715, "psi_dir": 0.592375, "psi_entropy": 0.22079, "tension": 12.92057, "phi": 1.229952, "curiosity_ema": 0.08623649, "w_native_err": 0.04578022, "wall_s": 142.62, "gpu_mem_gb": 9.738}
{"step": 1496, "ce_full": 0.017635, "psi_dir": 0.587138, "psi_entropy": 0.245779, "tension": 12.895866, "phi": 1.229887, "curiosity_ema": 0.08011113, "w_native_err": 0.02498281, "wall_s": 143.0, "gpu_mem_gb": 9.738}
{"step": 1500, "ce_full": 0.010949, "psi_dir": 0.576956, "psi_entropy": 0.213232, "tension": 12.886396, "phi": 1.2189, "curiosity_ema": 0.07338681, "w_native_err": 0.01286799, "wall_s": 143.38, "gpu_mem_gb": 9.738}
{"step": 1504, "ce_full": 0.022464, "psi_dir": 0.568091, "psi_entropy": 0.253936, "tension": 13.058016, "phi": 1.203073, "curiosity_ema": 0.068253, "w_native_err": 0.02204868, "wall_s": 143.76, "gpu_mem_gb": 9.738}
{"step": 1508, "ce_full": 0.015001, "psi_dir": 0.565344, "psi_entropy": 0.227191, "tension": 13.048777, "phi": 1.21803, "curiosity_ema": 0.06253801, "w_native_err": 0.01110312, "wall_s": 144.14, "gpu_mem_gb": 9.738}
{"step": 1512, "ce_full": 0.014631, "psi_dir": 0.565021, "psi_entropy": 0.186003, "tension": 13.107745, "phi": 1.222434, "curiosity_ema": 0.05725266, "w_native_err": 0.00968454, "wall_s": 144.52, "gpu_mem_gb": 9.738}
{"step": 1516, "ce_full": 0.019166, "psi_dir": 0.569515, "psi_entropy": 0.185329, "tension": 13.189301, "phi": 1.219585, "curiosity_ema": 0.0525007, "w_native_err": 0.00973304, "wall_s": 144.9, "gpu_mem_gb": 9.738}
{"step": 1520, "ce_full": 0.01296, "psi_dir": 0.580915, "psi_entropy": 0.193705, "tension": 13.045939, "phi": 1.22399, "curiosity_ema": 0.04727811, "w_native_err": 0.00027474, "wall_s": 145.28, "gpu_mem_gb": 9.738}
{"step": 1524, "ce_full": 0.019035, "psi_dir": 0.580133, "psi_entropy": 0.23784, "tension": 13.091159, "phi": 1.236718, "curiosity_ema": 0.04258145, "w_native_err": 0.00031154, "wall_s": 145.66, "gpu_mem_gb": 9.738}
{"step": 1528, "ce_full": 0.017387, "psi_dir": 0.573149, "psi_entropy": 0.192329, "tension": 13.350597, "phi": 1.233138, "curiosity_ema": 0.0389501, "w_native_err": 0.00626796, "wall_s": 146.04, "gpu_mem_gb": 9.738}
{"step": 1532, "ce_full": 0.017751, "psi_dir": 0.568487, "psi_entropy": 0.235479, "tension": 13.404547, "phi": 1.207474, "curiosity_ema": 0.03569767, "w_native_err": 0.00642581, "wall_s": 146.42, "gpu_mem_gb": 9.738}
{"step": 1536, "ce_full": 0.015624, "psi_dir": 0.568115, "psi_entropy": 0.244158, "tension": 13.52819, "phi": 1.196684, "curiosity_ema": 0.03338622, "w_native_err": 0.01258318, "wall_s": 146.8, "gpu_mem_gb": 9.738}
{"step": 1540, "ce_full": 0.015211, "psi_dir": 0.574767, "psi_entropy": 0.196789, "tension": 13.517899, "phi": 1.189416, "curiosity_ema": 0.03070779, "w_native_err": 0.00660192, "wall_s": 147.18, "gpu_mem_gb": 9.738}
{"step": 1544, "ce_full": 0.022376, "psi_dir": 0.581135, "psi_entropy": 0.256196, "tension": 13.655242, "phi": 1.203426, "curiosity_ema": 0.02918279, "w_native_err": 0.01545783, "wall_s": 147.56, "gpu_mem_gb": 9.738}
{"step": 1548, "ce_full": 0.011415, "psi_dir": 0.578928, "psi_entropy": 0.156267, "tension": 13.598353, "phi": 1.193136, "curiosity_ema": 0.02682425, "w_native_err": 0.0055973, "wall_s": 147.94, "gpu_mem_gb": 9.738}
{"step": 1552, "ce_full": 0.01681, "psi_dir": 0.576972, "psi_entropy": 0.234776, "tension": 13.795485, "phi": 1.212913, "curiosity_ema": 0.02613756, "w_native_err": 0.01995743, "wall_s": 148.32, "gpu_mem_gb": 9.738}
{"step": 1556, "ce_full": 0.022307, "psi_dir": 0.567959, "psi_entropy": 0.218404, "tension": 14.173117, "phi": 1.244642, "curiosity_ema": 0.03183024, "w_native_err": 0.08306431, "wall_s": 148.7, "gpu_mem_gb": 9.738}
{"step": 1560, "ce_full": 0.019766, "psi_dir": 0.551032, "psi_entropy": 0.254449, "tension": 14.341059, "phi": 1.307364, "curiosity_ema": 0.04037491, "w_native_err": 0.11727693, "wall_s": 149.08, "gpu_mem_gb": 9.738}
{"step": 1564, "ce_full": 0.021722, "psi_dir": 0.556188, "psi_entropy": 0.193942, "tension": 14.357903, "phi": 1.310901, "curiosity_ema": 0.04673533, "w_native_err": 0.10397911, "wall_s": 149.46, "gpu_mem_gb": 9.738}
{"step": 1568, "ce_full": 0.014715, "psi_dir": 0.570243, "psi_entropy": 0.196145, "tension": 14.518509, "phi": 1.292663, "curiosity_ema": 0.05528569, "w_native_err": 0.13223897, "wall_s": 149.83, "gpu_mem_gb": 9.738}
{"step": 1572, "ce_full": 0.013284, "psi_dir": 0.581844, "psi_entropy": 0.218342, "tension": 14.838341, "phi": 1.258813, "curiosity_ema": 0.07228495, "w_native_err": 0.22527824, "wall_s": 150.21, "gpu_mem_gb": 9.738}
{"step": 1576, "ce_full": 0.016666, "psi_dir": 0.584036, "psi_entropy": 0.222023, "tension": 14.927908, "phi": 1.253251, "curiosity_ema": 0.08817207, "w_native_err": 0.23115614, "wall_s": 150.59, "gpu_mem_gb": 9.738}
{"step": 1580, "ce_full": 0.01612, "psi_dir": 0.573535, "psi_entropy": 0.226849, "tension": 14.759001, "phi": 1.250533, "curiosity_ema": 0.09299015, "w_native_err": 0.13635291, "wall_s": 150.97, "gpu_mem_gb": 9.738}
{"step": 1584, "ce_full": 0.012527, "psi_dir": 0.564991, "psi_entropy": 0.226472, "tension": 14.81655, "phi": 1.240645, "curiosity_ema": 0.09651487, "w_native_err": 0.12823732, "wall_s": 151.34, "gpu_mem_gb": 9.738}
{"step": 1588, "ce_full": 0.012081, "psi_dir": 0.558745, "psi_entropy": 0.203316, "tension": 14.929865, "phi": 1.248582, "curiosity_ema": 0.10055724, "w_native_err": 0.13693859, "wall_s": 151.72, "gpu_mem_gb": 9.738}
{"step": 1592, "ce_full": 0.013615, "psi_dir": 0.554797, "psi_entropy": 0.201639, "tension": 14.9496, "phi": 1.23297, "curiosity_ema": 0.10208205, "w_native_err": 0.11580539, "wall_s": 152.09, "gpu_mem_gb": 9.738}
{"step": 1596, "ce_full": 0.013605, "psi_dir": 0.561284, "psi_entropy": 0.163038, "tension": 14.97751, "phi": 1.242073, "curiosity_ema": 0.10169773, "w_native_err": 0.09823885, "wall_s": 152.47, "gpu_mem_gb": 9.738}
{"step": 1600, "ce_full": 0.013813, "psi_dir": 0.563282, "psi_entropy": 0.171554, "tension": 14.872625, "phi": 1.24996, "curiosity_ema": 0.09665175, "w_native_err": 0.05123792, "wall_s": 152.85, "gpu_mem_gb": 9.738}
{"step": 1604, "ce_full": 0.069536, "psi_dir": 0.56309, "psi_entropy": 0.236031, "tension": 14.566359, "phi": 1.291778, "curiosity_ema": 0.08729367, "w_native_err": 0.00307093, "wall_s": 153.22, "gpu_mem_gb": 9.738}
{"step": 1608, "ce_full": 0.029521, "psi_dir": 0.564231, "psi_entropy": 0.249216, "tension": 14.963774, "phi": 1.286085, "curiosity_ema": 0.08240412, "w_native_err": 0.0383982, "wall_s": 153.6, "gpu_mem_gb": 9.738}
{"step": 1612, "ce_full": 0.016632, "psi_dir": 0.581056, "psi_entropy": 0.233701, "tension": 15.515898, "phi": 1.268599, "curiosity_ema": 0.0906646, "w_native_err": 0.16500889, "wall_s": 153.98, "gpu_mem_gb": 9.738}
{"step": 1616, "ce_full": 0.019567, "psi_dir": 0.579708, "psi_entropy": 0.225415, "tension": 15.420956, "phi": 1.275461, "curiosity_ema": 0.09233078, "w_native_err": 0.10732637, "wall_s": 154.36, "gpu_mem_gb": 9.738}
{"step": 1620, "ce_full": 0.016781, "psi_dir": 0.572513, "psi_entropy": 0.217258, "tension": 15.338496, "phi": 1.285447, "curiosity_ema": 0.08960391, "w_native_err": 0.06506211, "wall_s": 154.73, "gpu_mem_gb": 9.738}
{"step": 1624, "ce_full": 0.017641, "psi_dir": 0.566596, "psi_entropy": 0.20591, "tension": 15.50072, "phi": 1.286143, "curiosity_ema": 0.08916113, "w_native_err": 0.08517613, "wall_s": 155.11, "gpu_mem_gb": 9.738}
{"step": 1628, "ce_full": 0.015347, "psi_dir": 0.568081, "psi_entropy": 0.218023, "tension": 15.38972, "phi": 1.287951, "curiosity_ema": 0.08452316, "w_native_err": 0.04278139, "wall_s": 155.48, "gpu_mem_gb": 9.738}
{"step": 1632, "ce_full": 0.014, "psi_dir": 0.570844, "psi_entropy": 0.220621, "tension": 15.432611, "phi": 1.282295, "curiosity_ema": 0.07972709, "w_native_err": 0.03656247, "wall_s": 155.86, "gpu_mem_gb": 9.738}
{"step": 1636, "ce_full": 0.012801, "psi_dir": 0.576267, "psi_entropy": 0.220404, "tension": 15.703423, "phi": 1.267926, "curiosity_ema": 0.07951256, "w_native_err": 0.07758176, "wall_s": 156.24, "gpu_mem_gb": 9.738}
{"step": 1640, "ce_full": 0.025205, "psi_dir": 0.589089, "psi_entropy": 0.197707, "tension": 15.862022, "phi": 1.246965, "curiosity_ema": 0.08158696, "w_native_err": 0.1002566, "wall_s": 156.62, "gpu_mem_gb": 9.738}
{"step": 1644, "ce_full": 0.013826, "psi_dir": 0.583517, "psi_entropy": 0.230508, "tension": 16.345879, "phi": 1.245178, "curiosity_ema": 0.09832271, "w_native_err": 0.24894443, "wall_s": 157.0, "gpu_mem_gb": 9.738}
{"step": 1648, "ce_full": 0.020939, "psi_dir": 0.56346, "psi_entropy": 0.253753, "tension": 16.350805, "phi": 1.239217, "curiosity_ema": 0.11018276, "w_native_err": 0.21692328, "wall_s": 157.37, "gpu_mem_gb": 9.738}
{"step": 1652, "ce_full": 0.020262, "psi_dir": 0.559679, "psi_entropy": 0.206025, "tension": 16.351692, "phi": 1.266272, "curiosity_ema": 0.11758248, "w_native_err": 0.18417993, "wall_s": 157.75, "gpu_mem_gb": 9.738}
{"step": 1656, "ce_full": 0.012843, "psi_dir": 0.555739, "psi_entropy": 0.167505, "tension": 16.453964, "phi": 1.284262, "curiosity_ema": 0.12499151, "w_native_err": 0.19167277, "wall_s": 158.13, "gpu_mem_gb": 9.738}
{"step": 1660, "ce_full": 0.014241, "psi_dir": 0.560954, "psi_entropy": 0.193101, "tension": 16.380356, "phi": 1.261471, "curiosity_ema": 0.12584626, "w_native_err": 0.13353902, "wall_s": 158.5, "gpu_mem_gb": 9.738}
{"step": 1664, "ce_full": 0.013834, "psi_dir": 0.568485, "psi_entropy": 0.208555, "tension": 16.553085, "phi": 1.26461, "curiosity_ema": 0.12952837, "w_native_err": 0.16266732, "wall_s": 158.88, "gpu_mem_gb": 9.738}
{"step": 1668, "ce_full": 0.018942, "psi_dir": 0.582727, "psi_entropy": 0.187849, "tension": 16.667078, "phi": 1.264695, "curiosity_ema": 0.1338209, "w_native_err": 0.17245366, "wall_s": 159.26, "gpu_mem_gb": 9.738}
{"step": 1672, "ce_full": 0.027032, "psi_dir": 0.57941, "psi_entropy": 0.184917, "tension": 16.610168, "phi": 1.267567, "curiosity_ema": 0.13271694, "w_native_err": 0.12278134, "wall_s": 159.63, "gpu_mem_gb": 9.738}
{"step": 1676, "ce_full": 0.020818, "psi_dir": 0.577377, "psi_entropy": 0.237125, "tension": 16.401543, "phi": 1.280848, "curiosity_ema": 0.12426536, "w_native_err": 0.04820113, "wall_s": 160.01, "gpu_mem_gb": 9.738}
{"step": 1680, "ce_full": 0.013468, "psi_dir": 0.56915, "psi_entropy": 0.201611, "tension": 16.535582, "phi": 1.275886, "curiosity_ema": 0.11767643, "w_native_err": 0.05837611, "wall_s": 160.39, "gpu_mem_gb": 9.738}
{"step": 1684, "ce_full": 0.010449, "psi_dir": 0.571332, "psi_entropy": 0.218771, "tension": 16.766983, "phi": 1.271616, "curiosity_ema": 0.11548733, "w_native_err": 0.09578541, "wall_s": 160.76, "gpu_mem_gb": 9.738}
{"step": 1688, "ce_full": 0.01859, "psi_dir": 0.583378, "psi_entropy": 0.18721, "tension": 16.753359, "phi": 1.283955, "curiosity_ema": 0.11109813, "w_native_err": 0.07159527, "wall_s": 161.14, "gpu_mem_gb": 9.738}
{"step": 1692, "ce_full": 0.018045, "psi_dir": 0.586039, "psi_entropy": 0.204479, "tension": 16.864403, "phi": 1.283156, "curiosity_ema": 0.10795955, "w_native_err": 0.07971232, "wall_s": 161.52, "gpu_mem_gb": 9.738}
{"step": 1696, "ce_full": 0.022472, "psi_dir": 0.576075, "psi_entropy": 0.214204, "tension": 17.147022, "phi": 1.307622, "curiosity_ema": 0.11116159, "w_native_err": 0.13997999, "wall_s": 161.89, "gpu_mem_gb": 9.738}
{"step": 1700, "ce_full": 0.016038, "psi_dir": 0.56554, "psi_entropy": 0.216232, "tension": 17.103861, "phi": 1.303232, "curiosity_ema": 0.11026296, "w_native_err": 0.10217527, "wall_s": 162.27, "gpu_mem_gb": 9.738}
{"step": 1704, "ce_full": 0.0181, "psi_dir": 0.55398, "psi_entropy": 0.208906, "tension": 17.351936, "phi": 1.284289, "curiosity_ema": 0.11489811, "w_native_err": 0.15661447, "wall_s": 162.65, "gpu_mem_gb": 9.738}
{"step": 1708, "ce_full": 0.010123, "psi_dir": 0.552348, "psi_entropy": 0.195366, "tension": 17.858707, "phi": 1.257207, "curiosity_ema": 0.13792674, "w_native_err": 0.34518439, "wall_s": 163.03, "gpu_mem_gb": 9.738}
{"step": 1712, "ce_full": 0.017654, "psi_dir": 0.556555, "psi_entropy": 0.186936, "tension": 17.776537, "phi": 1.265409, "curiosity_ema": 0.15057642, "w_native_err": 0.26442361, "wall_s": 163.42, "gpu_mem_gb": 9.738}
{"step": 1716, "ce_full": 0.014726, "psi_dir": 0.571752, "psi_entropy": 0.210897, "tension": 17.447933, "phi": 1.283617, "curiosity_ema": 0.14641348, "w_native_err": 0.10894698, "wall_s": 163.8, "gpu_mem_gb": 9.738}
{"step": 1720, "ce_full": 0.014669, "psi_dir": 0.581837, "psi_entropy": 0.254299, "tension": 17.674631, "phi": 1.287696, "curiosity_ema": 0.14733953, "w_native_err": 0.15567403, "wall_s": 164.17, "gpu_mem_gb": 9.738}
{"step": 1724, "ce_full": 0.012681, "psi_dir": 0.581742, "psi_entropy": 0.210846, "tension": 17.803833, "phi": 1.294703, "curiosity_ema": 0.14980838, "w_native_err": 0.17202796, "wall_s": 164.55, "gpu_mem_gb": 9.738}
{"step": 1728, "ce_full": 0.015721, "psi_dir": 0.578441, "psi_entropy": 0.213919, "tension": 17.837858, "phi": 1.296074, "curiosity_ema": 0.15024292, "w_native_err": 0.15415384, "wall_s": 164.93, "gpu_mem_gb": 9.738}
{"step": 1732, "ce_full": 0.014556, "psi_dir": 0.576392, "psi_entropy": 0.25435, "tension": 17.899422, "phi": 1.293847, "curiosity_ema": 0.14988487, "w_native_err": 0.14666238, "wall_s": 165.31, "gpu_mem_gb": 9.738}
{"step": 1736, "ce_full": 0.019172, "psi_dir": 0.576921, "psi_entropy": 0.164617, "tension": 17.601509, "phi": 1.320815, "curiosity_ema": 0.13952765, "w_native_err": 0.04631265, "wall_s": 165.68, "gpu_mem_gb": 9.738}
{"step": 1740, "ce_full": 0.014784, "psi_dir": 0.579507, "psi_entropy": 0.222806, "tension": 17.82843, "phi": 1.318103, "curiosity_ema": 0.13336897, "w_native_err": 0.07794087, "wall_s": 166.06, "gpu_mem_gb": 9.738}
{"step": 1744, "ce_full": 0.014275, "psi_dir": 0.582534, "psi_entropy": 0.20009, "tension": 17.951204, "phi": 1.291418, "curiosity_ema": 0.12903429, "w_native_err": 0.09002222, "wall_s": 166.44, "gpu_mem_gb": 9.738}
{"step": 1748, "ce_full": 0.018544, "psi_dir": 0.588367, "psi_entropy": 0.220649, "tension": 18.128866, "phi": 1.29983, "curiosity_ema": 0.1280942, "w_native_err": 0.11963335, "wall_s": 166.82, "gpu_mem_gb": 9.738}
{"step": 1752, "ce_full": 0.020719, "psi_dir": 0.58735, "psi_entropy": 0.131359, "tension": 18.098795, "phi": 1.302367, "curiosity_ema": 0.12438108, "w_native_err": 0.09096303, "wall_s": 167.19, "gpu_mem_gb": 9.738}
{"step": 1756, "ce_full": 0.012918, "psi_dir": 0.575775, "psi_entropy": 0.162884, "tension": 18.178226, "phi": 1.292637, "curiosity_ema": 0.12110717, "w_native_err": 0.09164192, "wall_s": 167.57, "gpu_mem_gb": 9.738}
{"step": 1760, "ce_full": 0.012379, "psi_dir": 0.567105, "psi_entropy": 0.179362, "tension": 17.896938, "phi": 1.299059, "curiosity_ema": 0.11110815, "w_native_err": 0.021117, "wall_s": 167.95, "gpu_mem_gb": 9.738}
{"step": 1764, "ce_full": 0.016963, "psi_dir": 0.556636, "psi_entropy": 0.204935, "tension": 17.934605, "phi": 1.300026, "curiosity_ema": 0.10177054, "w_native_err": 0.01773203, "wall_s": 168.33, "gpu_mem_gb": 9.738}
{"step": 1768, "ce_full": 0.011446, "psi_dir": 0.549539, "psi_entropy": 0.169615, "tension": 18.423206, "phi": 1.290408, "curiosity_ema": 0.10187166, "w_native_err": 0.10278179, "wall_s": 168.71, "gpu_mem_gb": 9.738}
{"step": 1772, "ce_full": 0.019717, "psi_dir": 0.558991, "psi_entropy": 0.199178, "tension": 19.001432, "phi": 1.292883, "curiosity_ema": 0.12191474, "w_native_err": 0.30230239, "wall_s": 169.09, "gpu_mem_gb": 9.738}
{"step": 1776, "ce_full": 0.012615, "psi_dir": 0.573676, "psi_entropy": 0.187199, "tension": 18.761833, "phi": 1.281235, "curiosity_ema": 0.12668836, "w_native_err": 0.169651, "wall_s": 169.47, "gpu_mem_gb": 9.738}
{"step": 1780, "ce_full": 0.015706, "psi_dir": 0.578955, "psi_entropy": 0.171332, "tension": 18.966625, "phi": 1.273457, "curiosity_ema": 0.13634421, "w_native_err": 0.2232468, "wall_s": 169.84, "gpu_mem_gb": 9.738}
{"step": 1784, "ce_full": 0.021037, "psi_dir": 0.570175, "psi_entropy": 0.193051, "tension": 19.052517, "phi": 1.294128, "curiosity_ema": 0.14567995, "w_native_err": 0.22970167, "wall_s": 170.22, "gpu_mem_gb": 9.738}
{"step": 1788, "ce_full": 0.012907, "psi_dir": 0.560774, "psi_entropy": 0.179685, "tension": 19.220402, "phi": 1.298824, "curiosity_ema": 0.15830157, "w_native_err": 0.27189615, "wall_s": 170.6, "gpu_mem_gb": 9.738}
{"step": 1792, "ce_full": 0.017135, "psi_dir": 0.562136, "psi_entropy": 0.179691, "tension": 19.291569, "phi": 1.305199, "curiosity_ema": 0.16947115, "w_native_err": 0.26999733, "wall_s": 170.98, "gpu_mem_gb": 9.738}
{"step": 1796, "ce_full": 0.017608, "psi_dir": 0.567041, "psi_entropy": 0.165898, "tension": 19.158554, "phi": 1.301536, "curiosity_ema": 0.17064059, "w_native_err": 0.18116556, "wall_s": 171.36, "gpu_mem_gb": 9.738}
{"step": 1800, "ce_full": 0.015318, "psi_dir": 0.571964, "psi_entropy": 0.161094, "tension": 19.268818, "phi": 1.310476, "curiosity_ema": 0.17292181, "w_native_err": 0.19345275, "wall_s": 171.74, "gpu_mem_gb": 9.738}
{"step": 1804, "ce_full": 0.018304, "psi_dir": 0.569295, "psi_entropy": 0.228845, "tension": 19.643387, "phi": 1.327518, "curiosity_ema": 0.18837567, "w_native_err": 0.32746047, "wall_s": 172.13, "gpu_mem_gb": 9.738}
{"step": 1808, "ce_full": 0.011869, "psi_dir": 0.567143, "psi_entropy": 0.189968, "tension": 19.650978, "phi": 1.324008, "curiosity_ema": 0.19860063, "w_native_err": 0.29062524, "wall_s": 172.51, "gpu_mem_gb": 9.738}
{"step": 1812, "ce_full": 0.019607, "psi_dir": 0.562334, "psi_entropy": 0.225948, "tension": 19.783398, "phi": 1.320179, "curiosity_ema": 0.21029371, "w_native_err": 0.31553146, "wall_s": 172.88, "gpu_mem_gb": 9.738}
{"step": 1816, "ce_full": 0.01506, "psi_dir": 0.565435, "psi_entropy": 0.189738, "tension": 19.982771, "phi": 1.32052, "curiosity_ema": 0.22690824, "w_native_err": 0.37643895, "wall_s": 173.26, "gpu_mem_gb": 9.738}
{"step": 1820, "ce_full": 0.016958, "psi_dir": 0.576099, "psi_entropy": 0.17928, "tension": 20.271164, "phi": 1.329342, "curiosity_ema": 0.25385959, "w_native_err": 0.49642181, "wall_s": 173.64, "gpu_mem_gb": 9.738}
{"step": 1824, "ce_full": 0.012081, "psi_dir": 0.579416, "psi_entropy": 0.165551, "tension": 20.326004, "phi": 1.328572, "curiosity_ema": 0.27608065, "w_native_err": 0.47607017, "wall_s": 174.01, "gpu_mem_gb": 9.738}
{"step": 1828, "ce_full": 0.016146, "psi_dir": 0.574223, "psi_entropy": 0.188797, "tension": 20.571815, "phi": 1.33088, "curiosity_ema": 0.30614503, "w_native_err": 0.57672441, "wall_s": 174.39, "gpu_mem_gb": 9.738}
{"step": 1832, "ce_full": 0.011394, "psi_dir": 0.560611, "psi_entropy": 0.176482, "tension": 20.65263, "phi": 1.327844, "curiosity_ema": 0.33243629, "w_native_err": 0.56905764, "wall_s": 174.77, "gpu_mem_gb": 9.738}
{"step": 1836, "ce_full": 0.010694, "psi_dir": 0.557457, "psi_entropy": 0.215172, "tension": 20.750462, "phi": 1.341238, "curiosity_ema": 0.35630717, "w_native_err": 0.57114512, "wall_s": 175.15, "gpu_mem_gb": 9.738}
{"step": 1840, "ce_full": 0.016793, "psi_dir": 0.556901, "psi_entropy": 0.156812, "tension": 20.876802, "phi": 1.348958, "curiosity_ema": 0.37986703, "w_native_err": 0.59190577, "wall_s": 175.52, "gpu_mem_gb": 9.738}
{"step": 1844, "ce_full": 0.009452, "psi_dir": 0.554734, "psi_entropy": 0.173705, "tension": 20.725058, "phi": 1.368088, "curiosity_ema": 0.38513677, "w_native_err": 0.43256441, "wall_s": 175.9, "gpu_mem_gb": 9.738}
{"step": 1848, "ce_full": 0.015986, "psi_dir": 0.560517, "psi_entropy": 0.195838, "tension": 20.792782, "phi": 1.383992, "curiosity_ema": 0.3881382, "w_native_err": 0.41515112, "wall_s": 176.28, "gpu_mem_gb": 9.738}
{"step": 1852, "ce_full": 0.015551, "psi_dir": 0.566569, "psi_entropy": 0.160756, "tension": 20.580193, "phi": 1.390354, "curiosity_ema": 0.37490995, "w_native_err": 0.25585568, "wall_s": 176.65, "gpu_mem_gb": 9.738}
{"step": 1856, "ce_full": 0.016695, "psi_dir": 0.576792, "psi_entropy": 0.172723, "tension": 20.956558, "phi": 1.350078, "curiosity_ema": 0.37735443, "w_native_err": 0.39935476, "wall_s": 177.03, "gpu_mem_gb": 9.738}
{"step": 1860, "ce_full": 0.013545, "psi_dir": 0.576199, "psi_entropy": 0.192826, "tension": 20.969999, "phi": 1.347648, "curiosity_ema": 0.37515718, "w_native_err": 0.35538191, "wall_s": 177.41, "gpu_mem_gb": 9.738}
{"step": 1864, "ce_full": 0.021432, "psi_dir": 0.577823, "psi_entropy": 0.211751, "tension": 21.255722, "phi": 1.343836, "curiosity_ema": 0.38422043, "w_native_err": 0.46578971, "wall_s": 177.79, "gpu_mem_gb": 9.738}
{"step": 1868, "ce_full": 0.014787, "psi_dir": 0.584835, "psi_entropy": 0.174699, "tension": 21.269615, "phi": 1.350165, "curiosity_ema": 0.38756653, "w_native_err": 0.41768146, "wall_s": 178.16, "gpu_mem_gb": 9.738}
{"step": 1872, "ce_full": 0.016364, "psi_dir": 0.577724, "psi_entropy": 0.170147, "tension": 21.000122, "phi": 1.375289, "curiosity_ema": 0.37222369, "w_native_err": 0.23413812, "wall_s": 178.54, "gpu_mem_gb": 9.738}
{"step": 1876, "ce_full": 0.01657, "psi_dir": 0.575232, "psi_entropy": 0.219545, "tension": 21.176918, "phi": 1.379355, "curiosity_ema": 0.36234484, "w_native_err": 0.27343518, "wall_s": 178.92, "gpu_mem_gb": 9.738}
{"step": 1880, "ce_full": 0.014109, "psi_dir": 0.575325, "psi_entropy": 0.159944, "tension": 21.036476, "phi": 1.365769, "curiosity_ema": 0.34374722, "w_native_err": 0.17636864, "wall_s": 179.3, "gpu_mem_gb": 9.738}
{"step": 1884, "ce_full": 0.009594, "psi_dir": 0.573266, "psi_entropy": 0.15917, "tension": 21.135044, "phi": 1.34786, "curiosity_ema": 0.32749929, "w_native_err": 0.18126792, "wall_s": 179.68, "gpu_mem_gb": 9.738}
{"step": 1888, "ce_full": 0.020356, "psi_dir": 0.56684, "psi_entropy": 0.198375, "tension": 21.630825, "phi": 1.350616, "curiosity_ema": 0.33191676, "w_native_err": 0.371674, "wall_s": 180.05, "gpu_mem_gb": 9.738}
{"step": 1892, "ce_full": 0.019801, "psi_dir": 0.562408, "psi_entropy": 0.170586, "tension": 21.874557, "phi": 1.343108, "curiosity_ema": 0.3450918, "w_native_err": 0.46366715, "wall_s": 180.43, "gpu_mem_gb": 9.738}
{"step": 1896, "ce_full": 0.01133, "psi_dir": 0.569023, "psi_entropy": 0.176292, "tension": 21.714512, "phi": 1.354205, "curiosity_ema": 0.34322856, "w_native_err": 0.32645935, "wall_s": 180.81, "gpu_mem_gb": 9.738}
{"step": 1900, "ce_full": 0.014842, "psi_dir": 0.571266, "psi_entropy": 0.184123, "tension": 21.835476, "phi": 1.376818, "curiosity_ema": 0.3434958, "w_native_err": 0.34590095, "wall_s": 181.18, "gpu_mem_gb": 9.738}
{"step": 1904, "ce_full": 0.011109, "psi_dir": 0.571198, "psi_entropy": 0.153895, "tension": 21.582581, "phi": 1.376409, "curiosity_ema": 0.3283596, "w_native_err": 0.19213389, "wall_s": 181.56, "gpu_mem_gb": 9.738}
{"step": 1908, "ce_full": 0.011366, "psi_dir": 0.576816, "psi_entropy": 0.156818, "tension": 21.875576, "phi": 1.359998, "curiosity_ema": 0.32388904, "w_native_err": 0.28365391, "wall_s": 181.94, "gpu_mem_gb": 9.738}
{"step": 1912, "ce_full": 0.021008, "psi_dir": 0.576012, "psi_entropy": 0.216288, "tension": 22.421021, "phi": 1.368485, "curiosity_ema": 0.34634766, "w_native_err": 0.54847527, "wall_s": 182.31, "gpu_mem_gb": 9.738}
{"step": 1916, "ce_full": 0.01049, "psi_dir": 0.586028, "psi_entropy": 0.204319, "tension": 22.390991, "phi": 1.366721, "curiosity_ema": 0.35943536, "w_native_err": 0.47722465, "wall_s": 182.7, "gpu_mem_gb": 9.738}
{"step": 1920, "ce_full": 0.010661, "psi_dir": 0.586363, "psi_entropy": 0.137395, "tension": 22.447571, "phi": 1.361632, "curiosity_ema": 0.36964951, "w_native_err": 0.46157685, "wall_s": 183.08, "gpu_mem_gb": 9.738}
{"step": 1924, "ce_full": 0.016746, "psi_dir": 0.580199, "psi_entropy": 0.171776, "tension": 22.191708, "phi": 1.35392, "curiosity_ema": 0.36053255, "w_native_err": 0.27847993, "wall_s": 183.45, "gpu_mem_gb": 9.738}
{"step": 1928, "ce_full": 0.014773, "psi_dir": 0.575445, "psi_entropy": 0.179142, "tension": 22.265789, "phi": 1.365219, "curiosity_ema": 0.35191345, "w_native_err": 0.27434155, "wall_s": 183.83, "gpu_mem_gb": 9.738}
{"step": 1932, "ce_full": 0.015185, "psi_dir": 0.5816, "psi_entropy": 0.180547, "tension": 22.318314, "phi": 1.370102, "curiosity_ema": 0.3428424, "w_native_err": 0.26120296, "wall_s": 184.21, "gpu_mem_gb": 9.738}
{"step": 1936, "ce_full": 0.017789, "psi_dir": 0.582505, "psi_entropy": 0.192438, "tension": 22.362555, "phi": 1.354128, "curiosity_ema": 0.33313237, "w_native_err": 0.24574208, "wall_s": 184.59, "gpu_mem_gb": 9.738}
{"step": 1940, "ce_full": 0.013299, "psi_dir": 0.575425, "psi_entropy": 0.173138, "tension": 22.462376, "phi": 1.349316, "curiosity_ema": 0.32541042, "w_native_err": 0.2559129, "wall_s": 184.96, "gpu_mem_gb": 9.738}
{"step": 1944, "ce_full": 0.014939, "psi_dir": 0.56677, "psi_entropy": 0.227461, "tension": 22.728191, "phi": 1.332815, "curiosity_ema": 0.32786307, "w_native_err": 0.34993693, "wall_s": 185.34, "gpu_mem_gb": 9.738}
{"step": 1948, "ce_full": 0.014812, "psi_dir": 0.558608, "psi_entropy": 0.17181, "tension": 22.856293, "phi": 1.336397, "curiosity_ema": 0.33279219, "w_native_err": 0.37715429, "wall_s": 185.72, "gpu_mem_gb": 9.738}
{"step": 1952, "ce_full": 0.011975, "psi_dir": 0.559663, "psi_entropy": 0.164315, "tension": 22.655567, "phi": 1.350162, "curiosity_ema": 0.32353119, "w_native_err": 0.24018215, "wall_s": 186.09, "gpu_mem_gb": 9.738}
{"step": 1956, "ce_full": 0.016288, "psi_dir": 0.565168, "psi_entropy": 0.178077, "tension": 22.917637, "phi": 1.372022, "curiosity_ema": 0.32408, "w_native_err": 0.32901928, "wall_s": 186.47, "gpu_mem_gb": 9.738}
{"step": 1960, "ce_full": 0.012719, "psi_dir": 0.577326, "psi_entropy": 0.184648, "tension": 22.952156, "phi": 1.391832, "curiosity_ema": 0.32254918, "w_native_err": 0.30877179, "wall_s": 186.85, "gpu_mem_gb": 9.738}
{"step": 1964, "ce_full": 0.011386, "psi_dir": 0.580744, "psi_entropy": 0.162991, "tension": 22.88652, "phi": 1.385843, "curiosity_ema": 0.31460869, "w_native_err": 0.24314427, "wall_s": 187.22, "gpu_mem_gb": 9.738}
{"step": 1968, "ce_full": 0.012049, "psi_dir": 0.581413, "psi_entropy": 0.158278, "tension": 23.159779, "phi": 1.364388, "curiosity_ema": 0.31704976, "w_native_err": 0.33901945, "wall_s": 187.6, "gpu_mem_gb": 9.738}
{"step": 1972, "ce_full": 0.015787, "psi_dir": 0.572866, "psi_entropy": 0.149105, "tension": 23.341467, "phi": 1.347592, "curiosity_ema": 0.32512768, "w_native_err": 0.39782891, "wall_s": 187.98, "gpu_mem_gb": 9.738}
{"step": 1976, "ce_full": 0.013297, "psi_dir": 0.562953, "psi_entropy": 0.153658, "tension": 23.471584, "phi": 1.331511, "curiosity_ema": 0.33566104, "w_native_err": 0.43046126, "wall_s": 188.36, "gpu_mem_gb": 9.738}
{"step": 1980, "ce_full": 0.009886, "psi_dir": 0.552172, "psi_entropy": 0.11288, "tension": 23.736761, "phi": 1.343696, "curiosity_ema": 0.35714673, "w_native_err": 0.55051798, "wall_s": 188.73, "gpu_mem_gb": 9.738}
{"step": 1984, "ce_full": 0.009157, "psi_dir": 0.551393, "psi_entropy": 0.14504, "tension": 23.836889, "phi": 1.354993, "curiosity_ema": 0.37811693, "w_native_err": 0.5668487, "wall_s": 189.19, "gpu_mem_gb": 9.738}
{"step": 1988, "ce_full": 0.012624, "psi_dir": 0.559413, "psi_entropy": 0.176612, "tension": 24.103081, "phi": 1.361446, "curiosity_ema": 0.41051952, "w_native_err": 0.70214283, "wall_s": 189.57, "gpu_mem_gb": 9.738}
{"step": 1992, "ce_full": 0.01296, "psi_dir": 0.56781, "psi_entropy": 0.137307, "tension": 23.939703, "phi": 1.341315, "curiosity_ema": 0.42278916, "w_native_err": 0.53321594, "wall_s": 189.94, "gpu_mem_gb": 9.738}
{"step": 1996, "ce_full": 0.017057, "psi_dir": 0.579749, "psi_entropy": 0.224824, "tension": 24.072981, "phi": 1.342553, "curiosity_ema": 0.43756653, "w_native_err": 0.57056284, "wall_s": 190.32, "gpu_mem_gb": 9.738}
{"step": 2000, "ce_full": 0.01292, "psi_dir": 0.578417, "psi_entropy": 0.202022, "tension": 24.369461, "phi": 1.354878, "curiosity_ema": 0.46621442, "w_native_err": 0.72404546, "wall_s": 190.7, "gpu_mem_gb": 9.738}
{"step": 2004, "ce_full": 0.01333, "psi_dir": 0.568126, "psi_entropy": 0.185466, "tension": 24.597988, "phi": 1.356282, "curiosity_ema": 0.50349619, "w_native_err": 0.83903211, "wall_s": 191.08, "gpu_mem_gb": 9.738}
{"step": 2008, "ce_full": 0.012733, "psi_dir": 0.563254, "psi_entropy": 0.140084, "tension": 24.793081, "phi": 1.382221, "curiosity_ema": 0.54640495, "w_native_err": 0.93258375, "wall_s": 191.45, "gpu_mem_gb": 9.738}
{"step": 2012, "ce_full": 0.019266, "psi_dir": 0.560627, "psi_entropy": 0.196066, "tension": 24.221884, "phi": 1.384955, "curiosity_ema": 0.53700032, "w_native_err": 0.45235872, "wall_s": 191.83, "gpu_mem_gb": 9.738}
{"step": 2016, "ce_full": 0.014585, "psi_dir": 0.564628, "psi_entropy": 0.217856, "tension": 24.277275, "phi": 1.373759, "curiosity_ema": 0.52667478, "w_native_err": 0.43374488, "wall_s": 192.21, "gpu_mem_gb": 9.738}
{"step": 2020, "ce_full": 0.011013, "psi_dir": 0.573184, "psi_entropy": 0.161262, "tension": 24.354816, "phi": 1.357084, "curiosity_ema": 0.51700605, "w_native_err": 0.42998752, "wall_s": 192.59, "gpu_mem_gb": 9.738}
{"step": 2024, "ce_full": 0.009992, "psi_dir": 0.57193, "psi_entropy": 0.15434, "tension": 24.415005, "phi": 1.351684, "curiosity_ema": 0.50714099, "w_native_err": 0.41835544, "wall_s": 192.96, "gpu_mem_gb": 9.738}
{"step": 2028, "ce_full": 0.013162, "psi_dir": 0.567596, "psi_entropy": 0.142137, "tension": 24.700924, "phi": 1.357089, "curiosity_ema": 0.51110094, "w_native_err": 0.54674047, "wall_s": 193.35, "gpu_mem_gb": 9.738}
{"step": 2032, "ce_full": 0.010832, "psi_dir": 0.566503, "psi_entropy": 0.144554, "tension": 24.811764, "phi": 1.351778, "curiosity_ema": 0.51669605, "w_native_err": 0.56705201, "wall_s": 193.73, "gpu_mem_gb": 9.738}
{"step": 2036, "ce_full": 0.017361, "psi_dir": 0.573856, "psi_entropy": 0.167141, "tension": 24.809734, "phi": 1.363953, "curiosity_ema": 0.51622451, "w_native_err": 0.51198071, "wall_s": 194.11, "gpu_mem_gb": 9.738}
{"step": 2040, "ce_full": 0.014028, "psi_dir": 0.572782, "psi_entropy": 0.147381, "tension": 24.841698, "phi": 1.37198, "curiosity_ema": 0.51273634, "w_native_err": 0.48134279, "wall_s": 194.49, "gpu_mem_gb": 9.738}
{"step": 2044, "ce_full": 0.013658, "psi_dir": 0.570915, "psi_entropy": 0.15847, "tension": 24.785261, "phi": 1.350457, "curiosity_ema": 0.50146573, "w_native_err": 0.4000302, "wall_s": 194.86, "gpu_mem_gb": 9.738}
{"step": 2048, "ce_full": 0.012707, "psi_dir": 0.568626, "psi_entropy": 0.188956, "tension": 25.0681, "phi": 1.327654, "curiosity_ema": 0.50367515, "w_native_err": 0.52355999, "wall_s": 195.24, "gpu_mem_gb": 9.738}
{"step": 2052, "ce_full": 0.009224, "psi_dir": 0.568845, "psi_entropy": 0.142203, "tension": 25.102795, "phi": 1.315262, "curiosity_ema": 0.50280271, "w_native_err": 0.49495074, "wall_s": 195.62, "gpu_mem_gb": 9.738}
{"step": 2056, "ce_full": 0.012644, "psi_dir": 0.571538, "psi_entropy": 0.173064, "tension": 25.228046, "phi": 1.316774, "curiosity_ema": 0.50499133, "w_native_err": 0.5246889, "wall_s": 196.0, "gpu_mem_gb": 9.738}
{"step": 2060, "ce_full": 0.015639, "psi_dir": 0.572173, "psi_entropy": 0.193005, "tension": 25.372778, "phi": 1.347315, "curiosity_ema": 0.51140521, "w_native_err": 0.56913012, "wall_s": 196.38, "gpu_mem_gb": 9.738}
{"step": 2064, "ce_full": 0.012391, "psi_dir": 0.57894, "psi_entropy": 0.161502, "tension": 25.494253, "phi": 1.377055, "curiosity_ema": 0.52019529, "w_native_err": 0.59930599, "wall_s": 196.75, "gpu_mem_gb": 9.738}
{"step": 2068, "ce_full": 0.007378, "psi_dir": 0.580695, "psi_entropy": 0.119436, "tension": 25.934889, "phi": 1.361636, "curiosity_ema": 0.55587261, "w_native_err": 0.8769685, "wall_s": 197.13, "gpu_mem_gb": 9.738}
{"step": 2072, "ce_full": 0.015426, "psi_dir": 0.574571, "psi_entropy": 0.21701, "tension": 25.740896, "phi": 1.352783, "curiosity_ema": 0.56685448, "w_native_err": 0.66569132, "wall_s": 197.51, "gpu_mem_gb": 9.738}
{"step": 2076, "ce_full": 0.016201, "psi_dir": 0.577387, "psi_entropy": 0.185963, "tension": 25.814754, "phi": 1.359432, "curiosity_ema": 0.57628893, "w_native_err": 0.66119903, "wall_s": 197.88, "gpu_mem_gb": 9.738}
{"step": 2080, "ce_full": 0.015837, "psi_dir": 0.570941, "psi_entropy": 0.191438, "tension": 26.402721, "phi": 1.362492, "curiosity_ema": 0.62679156, "w_native_err": 1.08131516, "wall_s": 198.26, "gpu_mem_gb": 9.738}
{"step": 2084, "ce_full": 0.013699, "psi_dir": 0.571733, "psi_entropy": 0.107092, "tension": 26.52919, "phi": 1.357329, "curiosity_ema": 0.67664491, "w_native_err": 1.12532508, "wall_s": 198.64, "gpu_mem_gb": 9.738}
{"step": 2088, "ce_full": 0.024691, "psi_dir": 0.584385, "psi_entropy": 0.145429, "tension": 26.797415, "phi": 1.373946, "curiosity_ema": 0.73973797, "w_native_err": 1.30757546, "wall_s": 199.02, "gpu_mem_gb": 9.738}
{"step": 2092, "ce_full": 0.030745, "psi_dir": 0.589432, "psi_entropy": 0.156571, "tension": 27.015965, "phi": 1.387654, "curiosity_ema": 0.81057465, "w_native_err": 1.44810486, "wall_s": 199.39, "gpu_mem_gb": 9.738}
{"step": 2096, "ce_full": 0.011707, "psi_dir": 0.583281, "psi_entropy": 0.158752, "tension": 27.194448, "phi": 1.420495, "curiosity_ema": 0.884379, "w_native_err": 1.54861808, "wall_s": 199.77, "gpu_mem_gb": 9.738}
{"step": 2100, "ce_full": 0.017781, "psi_dir": 0.573434, "psi_entropy": 0.214931, "tension": 26.957413, "phi": 1.413284, "curiosity_ema": 0.91673799, "w_native_err": 1.20796895, "wall_s": 200.15, "gpu_mem_gb": 9.738}
{"step": 2104, "ce_full": 0.010428, "psi_dir": 0.57614, "psi_entropy": 0.172134, "tension": 26.778608, "phi": 1.413195, "curiosity_ema": 0.92054951, "w_native_err": 0.95485318, "wall_s": 200.52, "gpu_mem_gb": 9.738}
{"step": 2108, "ce_full": 0.013137, "psi_dir": 0.569426, "psi_entropy": 0.148573, "tension": 26.787888, "phi": 1.41087, "curiosity_ema": 0.91659217, "w_native_err": 0.88097614, "wall_s": 200.9, "gpu_mem_gb": 9.738}
{"step": 2112, "ce_full": 0.01172, "psi_dir": 0.568631, "psi_entropy": 0.138525, "tension": 26.827316, "phi": 1.428152, "curiosity_ema": 0.90858678, "w_native_err": 0.83653826, "wall_s": 201.28, "gpu_mem_gb": 9.738}
{"step": 2116, "ce_full": 0.008864, "psi_dir": 0.566349, "psi_entropy": 0.157157, "tension": 26.952271, "phi": 1.438664, "curiosity_ema": 0.90429853, "w_native_err": 0.86570424, "wall_s": 201.66, "gpu_mem_gb": 9.738}
{"step": 2120, "ce_full": 0.01044, "psi_dir": 0.571253, "psi_entropy": 0.180871, "tension": 26.627966, "phi": 1.443811, "curiosity_ema": 0.86968568, "w_native_err": 0.55817008, "wall_s": 202.04, "gpu_mem_gb": 9.738}
{"step": 2124, "ce_full": 0.01418, "psi_dir": 0.568818, "psi_entropy": 0.149941, "tension": 26.575832, "phi": 1.457757, "curiosity_ema": 0.83015698, "w_native_err": 0.4743987, "wall_s": 202.42, "gpu_mem_gb": 9.738}
{"step": 2128, "ce_full": 0.006589, "psi_dir": 0.564005, "psi_entropy": 0.141738, "tension": 26.781387, "phi": 1.456969, "curiosity_ema": 0.80293615, "w_native_err": 0.55794865, "wall_s": 202.8, "gpu_mem_gb": 9.738}
{"step": 2132, "ce_full": 0.012171, "psi_dir": 0.555363, "psi_entropy": 0.184248, "tension": 26.981171, "phi": 1.436737, "curiosity_ema": 0.78692405, "w_native_err": 0.64281511, "wall_s": 203.17, "gpu_mem_gb": 9.738}
{"step": 2136, "ce_full": 0.009058, "psi_dir": 0.56252, "psi_entropy": 0.161586, "tension": 27.580351, "phi": 1.422918, "curiosity_ema": 0.81462198, "w_native_err": 1.06390333, "wall_s": 203.55, "gpu_mem_gb": 9.738}
{"step": 2140, "ce_full": 0.011515, "psi_dir": 0.570021, "psi_entropy": 0.162885, "tension": 27.669125, "phi": 1.398821, "curiosity_ema": 0.83966875, "w_native_err": 1.0650897, "wall_s": 203.93, "gpu_mem_gb": 9.738}
{"step": 2144, "ce_full": 0.015537, "psi_dir": 0.576823, "psi_entropy": 0.16837, "tension": 27.50333, "phi": 1.406915, "curiosity_ema": 0.84011855, "w_native_err": 0.84416676, "wall_s": 204.3, "gpu_mem_gb": 9.738}
{"step": 2148, "ce_full": 0.010804, "psi_dir": 0.57885, "psi_entropy": 0.186765, "tension": 27.436485, "phi": 1.421339, "curiosity_ema": 0.82849713, "w_native_err": 0.72390431, "wall_s": 204.68, "gpu_mem_gb": 9.738}
{"step": 2152, "ce_full": 0.009578, "psi_dir": 0.577993, "psi_entropy": 0.150821, "tension": 27.673717, "phi": 1.421758, "curiosity_ema": 0.8301935, "w_native_err": 0.84546083, "wall_s": 205.06, "gpu_mem_gb": 9.738}
{"step": 2156, "ce_full": 0.013524, "psi_dir": 0.576393, "psi_entropy": 0.134278, "tension": 27.895657, "phi": 1.410398, "curiosity_ema": 0.84360171, "w_native_err": 0.96427566, "wall_s": 205.43, "gpu_mem_gb": 9.738}
{"step": 2160, "ce_full": 0.006312, "psi_dir": 0.569072, "psi_entropy": 0.094247, "tension": 28.246572, "phi": 1.404733, "curiosity_ema": 0.88089594, "w_native_err": 1.21654403, "wall_s": 205.81, "gpu_mem_gb": 9.738}
{"step": 2164, "ce_full": 0.009876, "psi_dir": 0.563442, "psi_entropy": 0.127647, "tension": 28.109091, "phi": 1.409154, "curiosity_ema": 0.89391173, "w_native_err": 1.0110538, "wall_s": 206.19, "gpu_mem_gb": 9.738}
{"step": 2168, "ce_full": 0.013985, "psi_dir": 0.563268, "psi_entropy": 0.154147, "tension": 28.212606, "phi": 1.419119, "curiosity_ema": 0.90779282, "w_native_err": 1.03272259, "wall_s": 206.56, "gpu_mem_gb": 9.738}
{"step": 2172, "ce_full": 0.010781, "psi_dir": 0.570792, "psi_entropy": 0.135884, "tension": 28.621342, "phi": 1.433736, "curiosity_ema": 0.95229927, "w_native_err": 1.35285735, "wall_s": 206.94, "gpu_mem_gb": 9.738}
{"step": 2176, "ce_full": 0.01316, "psi_dir": 0.56931, "psi_entropy": 0.108655, "tension": 28.674147, "phi": 1.426365, "curiosity_ema": 0.98963724, "w_native_err": 1.32567894, "wall_s": 207.33, "gpu_mem_gb": 9.738}
{"step": 2180, "ce_full": 0.012301, "psi_dir": 0.565415, "psi_entropy": 0.118188, "tension": 28.719193, "phi": 1.430731, "curiosity_ema": 1.01957131, "w_native_err": 1.28897798, "wall_s": 207.7, "gpu_mem_gb": 9.738}
{"step": 2184, "ce_full": 0.013295, "psi_dir": 0.567349, "psi_entropy": 0.150787, "tension": 29.016508, "phi": 1.420418, "curiosity_ema": 1.06902456, "w_native_err": 1.51410377, "wall_s": 208.08, "gpu_mem_gb": 9.738}
{"step": 2188, "ce_full": 0.019485, "psi_dir": 0.57403, "psi_entropy": 0.207116, "tension": 29.101599, "phi": 1.419713, "curiosity_ema": 1.11383581, "w_native_err": 1.51713705, "wall_s": 208.46, "gpu_mem_gb": 9.738}
{"step": 2192, "ce_full": 0.009616, "psi_dir": 0.581032, "psi_entropy": 0.168016, "tension": 28.699469, "phi": 1.435906, "curiosity_ema": 1.10535274, "w_native_err": 1.02900517, "wall_s": 208.84, "gpu_mem_gb": 9.738}
{"step": 2196, "ce_full": 0.01084, "psi_dir": 0.584954, "psi_entropy": 0.142562, "tension": 29.091377, "phi": 1.440536, "curiosity_ema": 1.12651223, "w_native_err": 1.31694758, "wall_s": 209.22, "gpu_mem_gb": 9.738}
{"step": 2200, "ce_full": 0.01134, "psi_dir": 0.576738, "psi_entropy": 0.183844, "tension": 29.098623, "phi": 1.450553, "curiosity_ema": 1.13739559, "w_native_err": 1.23534584, "wall_s": 209.6, "gpu_mem_gb": 9.738}
{"step": 2204, "ce_full": 0.011598, "psi_dir": 0.57255, "psi_entropy": 0.166263, "tension": 29.196476, "phi": 1.443576, "curiosity_ema": 1.14805992, "w_native_err": 1.24403894, "wall_s": 209.98, "gpu_mem_gb": 9.738}
{"step": 2208, "ce_full": 0.01196, "psi_dir": 0.569336, "psi_entropy": 0.160708, "tension": 29.410515, "phi": 1.428967, "curiosity_ema": 1.17060616, "w_native_err": 1.37352228, "wall_s": 210.35, "gpu_mem_gb": 9.738}
{"step": 2212, "ce_full": 0.014866, "psi_dir": 0.569484, "psi_entropy": 0.1252, "tension": 29.382595, "phi": 1.426218, "curiosity_ema": 1.17923742, "w_native_err": 1.25691879, "wall_s": 210.73, "gpu_mem_gb": 9.738}
{"step": 2216, "ce_full": 0.01678, "psi_dir": 0.568548, "psi_entropy": 0.150281, "tension": 29.228636, "phi": 1.436207, "curiosity_ema": 1.16408686, "w_native_err": 1.02773178, "wall_s": 211.11, "gpu_mem_gb": 9.738}
{"step": 2220, "ce_full": 0.009138, "psi_dir": 0.572304, "psi_entropy": 0.164478, "tension": 29.514568, "phi": 1.446588, "curiosity_ema": 1.16961058, "w_native_err": 1.21932411, "wall_s": 211.49, "gpu_mem_gb": 9.738}
{"step": 2224, "ce_full": 0.009261, "psi_dir": 0.568474, "psi_entropy": 0.113699, "tension": 29.676109, "phi": 1.453078, "curiosity_ema": 1.18257255, "w_native_err": 1.29923022, "wall_s": 211.87, "gpu_mem_gb": 9.738}
{"step": 2228, "ce_full": 0.009925, "psi_dir": 0.561575, "psi_entropy": 0.161721, "tension": 29.437384, "phi": 1.448295, "curiosity_ema": 1.16347418, "w_native_err": 0.99158889, "wall_s": 212.25, "gpu_mem_gb": 9.738}
{"step": 2232, "ce_full": 0.009949, "psi_dir": 0.555283, "psi_entropy": 0.138839, "tension": 29.131603, "phi": 1.429822, "curiosity_ema": 1.11502236, "w_native_err": 0.67895597, "wall_s": 212.63, "gpu_mem_gb": 9.738}
{"step": 2236, "ce_full": 0.00796, "psi_dir": 0.558833, "psi_entropy": 0.178403, "tension": 29.815664, "phi": 1.421379, "curiosity_ema": 1.12344871, "w_native_err": 1.19928586, "wall_s": 213.01, "gpu_mem_gb": 9.738}
{"step": 2240, "ce_full": 0.008562, "psi_dir": 0.565328, "psi_entropy": 0.159771, "tension": 29.88237, "phi": 1.412699, "curiosity_ema": 1.12961713, "w_native_err": 1.18513286, "wall_s": 213.38, "gpu_mem_gb": 9.738}
{"step": 2244, "ce_full": 0.011337, "psi_dir": 0.578428, "psi_entropy": 0.178486, "tension": 29.649044, "phi": 1.419739, "curiosity_ema": 1.10660936, "w_native_err": 0.89953947, "wall_s": 213.76, "gpu_mem_gb": 9.738}
{"step": 2248, "ce_full": 0.011159, "psi_dir": 0.581677, "psi_entropy": 0.198844, "tension": 29.83493, "phi": 1.410011, "curiosity_ema": 1.09522844, "w_native_err": 0.99280018, "wall_s": 214.14, "gpu_mem_gb": 9.738}
{"step": 2252, "ce_full": 0.011908, "psi_dir": 0.580575, "psi_entropy": 0.146964, "tension": 30.001455, "phi": 1.420513, "curiosity_ema": 1.09279743, "w_native_err": 1.07091832, "wall_s": 214.52, "gpu_mem_gb": 9.738}
{"step": 2256, "ce_full": 0.014245, "psi_dir": 0.577595, "psi_entropy": 0.143711, "tension": 30.155869, "phi": 1.435536, "curiosity_ema": 1.09759951, "w_native_err": 1.14081824, "wall_s": 214.9, "gpu_mem_gb": 9.738}
{"step": 2260, "ce_full": 0.012588, "psi_dir": 0.579599, "psi_entropy": 0.15003, "tension": 30.068939, "phi": 1.442438, "curiosity_ema": 1.08656606, "w_native_err": 0.98726505, "wall_s": 215.28, "gpu_mem_gb": 9.738}
{"step": 2264, "ce_full": 0.010216, "psi_dir": 0.572041, "psi_entropy": 0.13731, "tension": 30.228497, "phi": 1.450749, "curiosity_ema": 1.08401382, "w_native_err": 1.06104362, "wall_s": 215.65, "gpu_mem_gb": 9.738}
{"step": 2268, "ce_full": 0.010794, "psi_dir": 0.569299, "psi_entropy": 0.147349, "tension": 30.247196, "phi": 1.432537, "curiosity_ema": 1.0763299, "w_native_err": 1.00717461, "wall_s": 216.03, "gpu_mem_gb": 9.738}
{"step": 2272, "ce_full": 0.009068, "psi_dir": 0.563001, "psi_entropy": 0.128717, "tension": 30.219648, "phi": 1.429463, "curiosity_ema": 1.06031787, "w_native_err": 0.91620964, "wall_s": 216.41, "gpu_mem_gb": 9.738}
{"step": 2276, "ce_full": 0.015845, "psi_dir": 0.56496, "psi_entropy": 0.180055, "tension": 30.368505, "phi": 1.427935, "curiosity_ema": 1.0523349, "w_native_err": 0.98048812, "wall_s": 216.79, "gpu_mem_gb": 9.738}
{"step": 2280, "ce_full": 0.012349, "psi_dir": 0.565019, "psi_entropy": 0.144693, "tension": 30.351706, "phi": 1.439885, "curiosity_ema": 1.03722885, "w_native_err": 0.90127438, "wall_s": 217.17, "gpu_mem_gb": 9.738}
{"step": 2284, "ce_full": 0.00996, "psi_dir": 0.568508, "psi_entropy": 0.156382, "tension": 30.584967, "phi": 1.441579, "curiosity_ema": 1.03771002, "w_native_err": 1.04204059, "wall_s": 217.54, "gpu_mem_gb": 9.738}
{"step": 2288, "ce_full": 0.009078, "psi_dir": 0.574461, "psi_entropy": 0.16051, "tension": 30.808277, "phi": 1.421997, "curiosity_ema": 1.05234715, "w_native_err": 1.18408132, "wall_s": 217.92, "gpu_mem_gb": 9.738}
{"step": 2292, "ce_full": 0.011664, "psi_dir": 0.587251, "psi_entropy": 0.17537, "tension": 31.010143, "phi": 1.423333, "curiosity_ema": 1.07846268, "w_native_err": 1.31350243, "wall_s": 218.3, "gpu_mem_gb": 9.738}
{"step": 2296, "ce_full": 0.01058, "psi_dir": 0.588656, "psi_entropy": 0.149482, "tension": 31.372295, "phi": 1.410889, "curiosity_ema": 1.13333025, "w_native_err": 1.62713838, "wall_s": 218.68, "gpu_mem_gb": 9.738}
{"step": 2300, "ce_full": 0.01171, "psi_dir": 0.589485, "psi_entropy": 0.154194, "tension": 31.457342, "phi": 1.416389, "curiosity_ema": 1.18421307, "w_native_err": 1.64215851, "wall_s": 219.05, "gpu_mem_gb": 9.738}
{"step": 2304, "ce_full": 0.010937, "psi_dir": 0.59211, "psi_entropy": 0.140999, "tension": 31.602859, "phi": 1.410529, "curiosity_ema": 1.23844239, "w_native_err": 1.72650623, "wall_s": 219.43, "gpu_mem_gb": 9.738}
{"step": 2308, "ce_full": 0.010628, "psi_dir": 0.585088, "psi_entropy": 0.14105, "tension": 31.729992, "phi": 1.402623, "curiosity_ema": 1.29355199, "w_native_err": 1.78953838, "wall_s": 219.81, "gpu_mem_gb": 9.738}
{"step": 2312, "ce_full": 0.022275, "psi_dir": 0.584863, "psi_entropy": 0.175833, "tension": 31.540771, "phi": 1.40864, "curiosity_ema": 1.31305707, "w_native_err": 1.48860276, "wall_s": 220.19, "gpu_mem_gb": 9.738}
{"step": 2316, "ce_full": 0.011916, "psi_dir": 0.575807, "psi_entropy": 0.132027, "tension": 32.062119, "phi": 1.409057, "curiosity_ema": 1.38241516, "w_native_err": 2.00663805, "wall_s": 220.57, "gpu_mem_gb": 9.738}
{"step": 2320, "ce_full": 0.012806, "psi_dir": 0.565487, "psi_entropy": 0.17238, "tension": 32.309761, "phi": 1.393006, "curiosity_ema": 1.46693011, "w_native_err": 2.22756457, "wall_s": 220.94, "gpu_mem_gb": 9.738}
{"step": 2324, "ce_full": 0.009223, "psi_dir": 0.567899, "psi_entropy": 0.143091, "tension": 32.004677, "phi": 1.393329, "curiosity_ema": 1.49508577, "w_native_err": 1.74848676, "wall_s": 221.32, "gpu_mem_gb": 9.738}
{"step": 2328, "ce_full": 0.009231, "psi_dir": 0.573401, "psi_entropy": 0.129977, "tension": 31.650002, "phi": 1.415079, "curiosity_ema": 1.47263205, "w_native_err": 1.27054858, "wall_s": 221.7, "gpu_mem_gb": 9.738}
{"step": 2332, "ce_full": 0.009536, "psi_dir": 0.580429, "psi_entropy": 0.092951, "tension": 31.620609, "phi": 1.430687, "curiosity_ema": 1.4408522, "w_native_err": 1.15483356, "wall_s": 222.07, "gpu_mem_gb": 9.738}
{"step": 2336, "ce_full": 0.015865, "psi_dir": 0.57824, "psi_entropy": 0.186634, "tension": 31.792677, "phi": 1.425986, "curiosity_ema": 1.42061689, "w_native_err": 1.23849905, "wall_s": 222.45, "gpu_mem_gb": 9.738}
{"step": 2340, "ce_full": 0.010045, "psi_dir": 0.573709, "psi_entropy": 0.125119, "tension": 31.79324, "phi": 1.418331, "curiosity_ema": 1.39450272, "w_native_err": 1.15947521, "wall_s": 222.83, "gpu_mem_gb": 9.738}
{"step": 2344, "ce_full": 0.011382, "psi_dir": 0.569158, "psi_entropy": 0.173678, "tension": 32.459785, "phi": 1.414994, "curiosity_ema": 1.43477217, "w_native_err": 1.79719722, "wall_s": 223.21, "gpu_mem_gb": 9.738}
{"step": 2348, "ce_full": 0.012421, "psi_dir": 0.568245, "psi_entropy": 0.141742, "tension": 32.847076, "phi": 1.398295, "curiosity_ema": 1.51003968, "w_native_err": 2.18744731, "wall_s": 223.6, "gpu_mem_gb": 9.738}
{"step": 2352, "ce_full": 0.009538, "psi_dir": 0.562962, "psi_entropy": 0.17203, "tension": 32.745216, "phi": 1.410505, "curiosity_ema": 1.55448494, "w_native_err": 1.95449221, "wall_s": 223.97, "gpu_mem_gb": 9.738}
{"step": 2356, "ce_full": 0.008746, "psi_dir": 0.559838, "psi_entropy": 0.122329, "tension": 32.842648, "phi": 1.433023, "curiosity_ema": 1.5967001, "w_native_err": 1.97663653, "wall_s": 224.35, "gpu_mem_gb": 9.738}
{"step": 2360, "ce_full": 0.007823, "psi_dir": 0.554712, "psi_entropy": 0.132353, "tension": 32.940468, "phi": 1.423801, "curiosity_ema": 1.63691736, "w_native_err": 1.99887276, "wall_s": 224.73, "gpu_mem_gb": 9.738}
{"step": 2364, "ce_full": 0.01135, "psi_dir": 0.565059, "psi_entropy": 0.12707, "tension": 33.150497, "phi": 1.424437, "curiosity_ema": 1.68982235, "w_native_err": 2.16596723, "wall_s": 225.1, "gpu_mem_gb": 9.738}
{"step": 2368, "ce_full": 0.013504, "psi_dir": 0.583289, "psi_entropy": 0.10778, "tension": 33.800133, "phi": 1.429412, "curiosity_ema": 1.81875593, "w_native_err": 2.97915816, "wall_s": 225.48, "gpu_mem_gb": 9.738}
{"step": 2372, "ce_full": 0.006035, "psi_dir": 0.588471, "psi_entropy": 0.095358, "tension": 33.986034, "phi": 1.426027, "curiosity_ema": 1.95117906, "w_native_err": 3.14298725, "wall_s": 225.86, "gpu_mem_gb": 9.738}
{"step": 2376, "ce_full": 0.012555, "psi_dir": 0.593248, "psi_entropy": 0.139131, "tension": 34.267456, "phi": 1.411002, "curiosity_ema": 2.10299316, "w_native_err": 3.46932006, "wall_s": 226.24, "gpu_mem_gb": 9.738}
{"step": 2380, "ce_full": 0.006179, "psi_dir": 0.592487, "psi_entropy": 0.126642, "tension": 33.948235, "phi": 1.42542, "curiosity_ema": 2.17671055, "w_native_err": 2.84016705, "wall_s": 226.62, "gpu_mem_gb": 9.738}
{"step": 2384, "ce_full": 0.015345, "psi_dir": 0.58502, "psi_entropy": 0.180874, "tension": 33.774975, "phi": 1.436568, "curiosity_ema": 2.20578325, "w_native_err": 2.46743751, "wall_s": 227.0, "gpu_mem_gb": 9.738}
{"step": 2388, "ce_full": 0.009347, "psi_dir": 0.582249, "psi_entropy": 0.188013, "tension": 33.644924, "phi": 1.447191, "curiosity_ema": 2.20219408, "w_native_err": 2.1698916, "wall_s": 227.37, "gpu_mem_gb": 9.738}
{"step": 2392, "ce_full": 0.008531, "psi_dir": 0.581371, "psi_entropy": 0.114358, "tension": 33.726604, "phi": 1.472001, "curiosity_ema": 2.19741585, "w_native_err": 2.15441179, "wall_s": 227.75, "gpu_mem_gb": 9.738}
{"step": 2396, "ce_full": 0.011372, "psi_dir": 0.579537, "psi_entropy": 0.175531, "tension": 33.678169, "phi": 1.461609, "curiosity_ema": 2.17516941, "w_native_err": 1.97495139, "wall_s": 228.13, "gpu_mem_gb": 9.738}
{"step": 2400, "ce_full": 0.008164, "psi_dir": 0.574577, "psi_entropy": 0.13101, "tension": 33.62579, "phi": 1.466524, "curiosity_ema": 2.1375999, "w_native_err": 1.79947436, "wall_s": 228.5, "gpu_mem_gb": 9.738}
{"step": 2404, "ce_full": 0.010304, "psi_dir": 0.574531, "psi_entropy": 0.132713, "tension": 33.858078, "phi": 1.47673, "curiosity_ema": 2.12162843, "w_native_err": 1.97788525, "wall_s": 228.88, "gpu_mem_gb": 9.738}
{"step": 2408, "ce_full": 0.017005, "psi_dir": 0.566663, "psi_entropy": 0.125728, "tension": 34.018333, "phi": 1.468727, "curiosity_ema": 2.11702153, "w_native_err": 2.07555938, "wall_s": 229.26, "gpu_mem_gb": 9.738}
{"step": 2412, "ce_full": 0.010117, "psi_dir": 0.567742, "psi_entropy": 0.128971, "tension": 34.439648, "phi": 1.440922, "curiosity_ema": 2.15888466, "w_native_err": 2.53565288, "wall_s": 229.63, "gpu_mem_gb": 9.738}
{"step": 2416, "ce_full": 0.008498, "psi_dir": 0.569441, "psi_entropy": 0.154991, "tension": 34.199184, "phi": 1.437367, "curiosity_ema": 2.15254114, "w_native_err": 2.09544945, "wall_s": 230.01, "gpu_mem_gb": 9.738}
{"step": 2420, "ce_full": 0.019423, "psi_dir": 0.570133, "psi_entropy": 0.153057, "tension": 34.032352, "phi": 1.419558, "curiosity_ema": 2.11599793, "w_native_err": 1.78710902, "wall_s": 230.39, "gpu_mem_gb": 9.738}
{"step": 2424, "ce_full": 0.014006, "psi_dir": 0.573704, "psi_entropy": 0.167068, "tension": 34.636852, "phi": 1.413422, "curiosity_ema": 2.1514293, "w_native_err": 2.47031164, "wall_s": 230.76, "gpu_mem_gb": 9.738}
{"step": 2428, "ce_full": 0.013579, "psi_dir": 0.57131, "psi_entropy": 0.143318, "tension": 34.982536, "phi": 1.41283, "curiosity_ema": 2.22152216, "w_native_err": 2.85235786, "wall_s": 231.15, "gpu_mem_gb": 9.738}
{"step": 2432, "ce_full": 0.008461, "psi_dir": 0.569295, "psi_entropy": 0.133035, "tension": 34.862152, "phi": 1.422991, "curiosity_ema": 2.25437528, "w_native_err": 2.55005336, "wall_s": 231.53, "gpu_mem_gb": 9.738}
{"step": 2436, "ce_full": 0.010378, "psi_dir": 0.568497, "psi_entropy": 0.118933, "tension": 34.849056, "phi": 1.398902, "curiosity_ema": 2.27033141, "w_native_err": 2.41393661, "wall_s": 231.9, "gpu_mem_gb": 9.738}
{"step": 2440, "ce_full": 0.01246, "psi_dir": 0.56836, "psi_entropy": 0.116922, "tension": 35.015636, "phi": 1.39968, "curiosity_ema": 2.29641636, "w_native_err": 2.53118086, "wall_s": 232.28, "gpu_mem_gb": 9.738}
{"step": 2444, "ce_full": 0.008519, "psi_dir": 0.57572, "psi_entropy": 0.122708, "tension": 34.971481, "phi": 1.405834, "curiosity_ema": 2.30210189, "w_native_err": 2.35327172, "wall_s": 232.66, "gpu_mem_gb": 9.738}
{"step": 2448, "ce_full": 0.017099, "psi_dir": 0.574584, "psi_entropy": 0.185067, "tension": 35.282623, "phi": 1.413222, "curiosity_ema": 2.33972625, "w_native_err": 2.67834544, "wall_s": 233.03, "gpu_mem_gb": 9.738}
{"step": 2452, "ce_full": 0.011793, "psi_dir": 0.580689, "psi_entropy": 0.116707, "tension": 35.416668, "phi": 1.416314, "curiosity_ema": 2.38115431, "w_native_err": 2.75400686, "wall_s": 233.41, "gpu_mem_gb": 9.738}
{"step": 2456, "ce_full": 0.007693, "psi_dir": 0.576106, "psi_entropy": 0.105602, "tension": 35.488747, "phi": 1.412276, "curiosity_ema": 2.41697212, "w_native_err": 2.73933244, "wall_s": 233.79, "gpu_mem_gb": 9.738}
{"step": 2460, "ce_full": 0.012288, "psi_dir": 0.578867, "psi_entropy": 0.121638, "tension": 35.463264, "phi": 1.422825, "curiosity_ema": 2.4335821, "w_native_err": 2.58307195, "wall_s": 234.16, "gpu_mem_gb": 9.738}
{"step": 2464, "ce_full": 0.015457, "psi_dir": 0.578041, "psi_entropy": 0.127054, "tension": 35.480038, "phi": 1.431712, "curiosity_ema": 2.43926302, "w_native_err": 2.49039125, "wall_s": 234.54, "gpu_mem_gb": 9.738}
{"step": 2468, "ce_full": 0.014135, "psi_dir": 0.576479, "psi_entropy": 0.175522, "tension": 35.563171, "phi": 1.420453, "curiosity_ema": 2.44456043, "w_native_err": 2.49223709, "wall_s": 234.92, "gpu_mem_gb": 9.738}
{"step": 2472, "ce_full": 0.00955, "psi_dir": 0.571488, "psi_entropy": 0.117906, "tension": 35.992157, "phi": 1.438109, "curiosity_ema": 2.50065649, "w_native_err": 3.00552106, "wall_s": 235.3, "gpu_mem_gb": 9.738}
{"step": 2476, "ce_full": 0.01695, "psi_dir": 0.570568, "psi_entropy": 0.147621, "tension": 35.957405, "phi": 1.452162, "curiosity_ema": 2.53355109, "w_native_err": 2.82960248, "wall_s": 235.67, "gpu_mem_gb": 9.738}
{"step": 2480, "ce_full": 0.007867, "psi_dir": 0.572644, "psi_entropy": 0.094557, "tension": 35.93557, "phi": 1.43907, "curiosity_ema": 2.54783047, "w_native_err": 2.67634487, "wall_s": 236.05, "gpu_mem_gb": 9.738}
{"step": 2484, "ce_full": 0.00711, "psi_dir": 0.572609, "psi_entropy": 0.125589, "tension": 36.208748, "phi": 1.438435, "curiosity_ema": 2.58931169, "w_native_err": 2.96264267, "wall_s": 236.43, "gpu_mem_gb": 9.738}
{"step": 2488, "ce_full": 0.009473, "psi_dir": 0.572574, "psi_entropy": 0.149916, "tension": 36.504601, "phi": 1.430744, "curiosity_ema": 2.6605969, "w_native_err": 3.30216384, "wall_s": 236.8, "gpu_mem_gb": 9.738}
{"step": 2492, "ce_full": 0.014519, "psi_dir": 0.581001, "psi_entropy": 0.149525, "tension": 36.583878, "phi": 1.419619, "curiosity_ema": 2.72461302, "w_native_err": 3.30075812, "wall_s": 237.18, "gpu_mem_gb": 9.738}
{"step": 2496, "ce_full": 0.006515, "psi_dir": 0.582441, "psi_entropy": 0.118116, "tension": 36.50531, "phi": 1.415017, "curiosity_ema": 2.75686809, "w_native_err": 3.04716372, "wall_s": 237.56, "gpu_mem_gb": 9.738}
{"step": 2500, "ce_full": 0.009906, "psi_dir": 0.582272, "psi_entropy": 0.166557, "tension": 36.312435, "phi": 1.422554, "curiosity_ema": 2.74438498, "w_native_err": 2.63203692, "wall_s": 237.94, "gpu_mem_gb": 9.738}
{"step": 2504, "ce_full": 0.01063, "psi_dir": 0.57994, "psi_entropy": 0.11942, "tension": 36.187149, "phi": 1.421415, "curiosity_ema": 2.70348275, "w_native_err": 2.33536267, "wall_s": 238.31, "gpu_mem_gb": 9.738}
{"step": 2508, "ce_full": 0.007894, "psi_dir": 0.577891, "psi_entropy": 0.140315, "tension": 36.075218, "phi": 1.424137, "curiosity_ema": 2.64054776, "w_native_err": 2.07413292, "wall_s": 238.69, "gpu_mem_gb": 9.738}
{"step": 2512, "ce_full": 0.009657, "psi_dir": 0.571005, "psi_entropy": 0.150493, "tension": 36.282375, "phi": 1.435391, "curiosity_ema": 2.60043243, "w_native_err": 2.23939443, "wall_s": 239.07, "gpu_mem_gb": 9.738}
{"step": 2516, "ce_full": 0.012364, "psi_dir": 0.573723, "psi_entropy": 0.103881, "tension": 36.716202, "phi": 1.437278, "curiosity_ema": 2.61456919, "w_native_err": 2.74180007, "wall_s": 239.44, "gpu_mem_gb": 9.738}
{"step": 2520, "ce_full": 0.012748, "psi_dir": 0.568084, "psi_entropy": 0.127916, "tension": 36.863998, "phi": 1.427719, "curiosity_ema": 2.63766726, "w_native_err": 2.84554982, "wall_s": 239.82, "gpu_mem_gb": 9.738}
{"step": 2524, "ce_full": 0.008596, "psi_dir": 0.564405, "psi_entropy": 0.143609, "tension": 36.839062, "phi": 1.41676, "curiosity_ema": 2.64305937, "w_native_err": 2.6915884, "wall_s": 240.2, "gpu_mem_gb": 9.738}
{"step": 2528, "ce_full": 0.009152, "psi_dir": 0.565014, "psi_entropy": 0.14014, "tension": 37.035534, "phi": 1.408298, "curiosity_ema": 2.66558066, "w_native_err": 2.8682723, "wall_s": 240.58, "gpu_mem_gb": 9.738}
{"step": 2532, "ce_full": 0.014072, "psi_dir": 0.569485, "psi_entropy": 0.171417, "tension": 37.526268, "phi": 1.416287, "curiosity_ema": 2.75167579, "w_native_err": 3.52653193, "wall_s": 240.95, "gpu_mem_gb": 9.738}
{"step": 2536, "ce_full": 0.005801, "psi_dir": 0.579691, "psi_entropy": 0.109768, "tension": 37.526161, "phi": 1.409667, "curiosity_ema": 2.81574948, "w_native_err": 3.39241266, "wall_s": 241.33, "gpu_mem_gb": 9.738}
{"step": 2540, "ce_full": 0.008459, "psi_dir": 0.584806, "psi_entropy": 0.106768, "tension": 37.581459, "phi": 1.410676, "curiosity_ema": 2.8694571, "w_native_err": 3.35282564, "wall_s": 241.7, "gpu_mem_gb": 9.738}
{"step": 2544, "ce_full": 0.010775, "psi_dir": 0.583225, "psi_entropy": 0.102137, "tension": 37.31789, "phi": 1.404156, "curiosity_ema": 2.86403855, "w_native_err": 2.81527162, "wall_s": 242.08, "gpu_mem_gb": 9.738}
{"step": 2548, "ce_full": 0.009851, "psi_dir": 0.582572, "psi_entropy": 0.133852, "tension": 37.595673, "phi": 1.413638, "curiosity_ema": 2.88971946, "w_native_err": 3.1208477, "wall_s": 242.46, "gpu_mem_gb": 9.738}
{"step": 2552, "ce_full": 0.012558, "psi_dir": 0.582287, "psi_entropy": 0.15848, "tension": 37.617584, "phi": 1.407817, "curiosity_ema": 2.9039382, "w_native_err": 3.03190684, "wall_s": 242.85, "gpu_mem_gb": 9.738}
{"step": 2556, "ce_full": 0.013298, "psi_dir": 0.566996, "psi_entropy": 0.146893, "tension": 37.885006, "phi": 1.429118, "curiosity_ema": 2.94681641, "w_native_err": 3.33272028, "wall_s": 243.22, "gpu_mem_gb": 9.738}
{"step": 2560, "ce_full": 0.014687, "psi_dir": 0.560475, "psi_entropy": 0.127228, "tension": 38.345673, "phi": 1.431823, "curiosity_ema": 3.05073351, "w_native_err": 3.98598742, "wall_s": 243.6, "gpu_mem_gb": 9.738}
{"step": 2564, "ce_full": 0.006213, "psi_dir": 0.570655, "psi_entropy": 0.121727, "tension": 38.223343, "phi": 1.439185, "curiosity_ema": 3.10955009, "w_native_err": 3.63889933, "wall_s": 243.98, "gpu_mem_gb": 9.738}
{"step": 2568, "ce_full": 0.010141, "psi_dir": 0.577008, "psi_entropy": 0.134753, "tension": 38.56765, "phi": 1.440292, "curiosity_ema": 3.20926389, "w_native_err": 4.10668802, "wall_s": 244.35, "gpu_mem_gb": 9.738}
{"step": 2572, "ce_full": 0.015523, "psi_dir": 0.579615, "psi_entropy": 0.143184, "tension": 38.462646, "phi": 1.43154, "curiosity_ema": 3.26689349, "w_native_err": 3.78555989, "wall_s": 244.73, "gpu_mem_gb": 9.738}
{"step": 2576, "ce_full": 0.012101, "psi_dir": 0.581686, "psi_entropy": 0.138364, "tension": 38.962471, "phi": 1.445581, "curiosity_ema": 3.39529461, "w_native_err": 4.55090475, "wall_s": 245.11, "gpu_mem_gb": 9.738}
{"step": 2580, "ce_full": 0.009437, "psi_dir": 0.574019, "psi_entropy": 0.115391, "tension": 39.337494, "phi": 1.451508, "curiosity_ema": 3.56971106, "w_native_err": 5.13945913, "wall_s": 245.48, "gpu_mem_gb": 9.738}
{"step": 2584, "ce_full": 0.007863, "psi_dir": 0.569408, "psi_entropy": 0.131813, "tension": 39.437462, "phi": 1.464325, "curiosity_ema": 3.73248564, "w_native_err": 5.19745684, "wall_s": 245.86, "gpu_mem_gb": 9.738}
{"step": 2588, "ce_full": 0.011882, "psi_dir": 0.564933, "psi_entropy": 0.138552, "tension": 38.858547, "phi": 1.450517, "curiosity_ema": 3.75572353, "w_native_err": 3.96486449, "wall_s": 246.24, "gpu_mem_gb": 9.738}
{"step": 2592, "ce_full": 0.010841, "psi_dir": 0.569597, "psi_entropy": 0.158444, "tension": 38.178448, "phi": 1.453323, "curiosity_ema": 3.65242479, "w_native_err": 2.72273612, "wall_s": 246.62, "gpu_mem_gb": 9.738}
{"step": 2596, "ce_full": 0.011498, "psi_dir": 0.571165, "psi_entropy": 0.164084, "tension": 38.632931, "phi": 1.453917, "curiosity_ema": 3.61281223, "w_native_err": 3.25629926, "wall_s": 246.99, "gpu_mem_gb": 9.738}
{"step": 2600, "ce_full": 0.005308, "psi_dir": 0.570949, "psi_entropy": 0.119071, "tension": 39.308327, "phi": 1.457873, "curiosity_ema": 3.67795685, "w_native_err": 4.26425838, "wall_s": 247.37, "gpu_mem_gb": 9.738}
{"step": 2604, "ce_full": 0.007392, "psi_dir": 0.570948, "psi_entropy": 0.114217, "tension": 39.740471, "phi": 1.45858, "curiosity_ema": 3.80348978, "w_native_err": 4.93328619, "wall_s": 247.75, "gpu_mem_gb": 9.738}
{"step": 2608, "ce_full": 0.007986, "psi_dir": 0.565705, "psi_entropy": 0.087122, "tension": 39.87635, "phi": 1.452411, "curiosity_ema": 3.92766761, "w_native_err": 5.04526806, "wall_s": 248.13, "gpu_mem_gb": 9.738}
{"step": 2612, "ce_full": 0.010838, "psi_dir": 0.563133, "psi_entropy": 0.180323, "tension": 39.490005, "phi": 1.440309, "curiosity_ema": 3.95019588, "w_native_err": 4.15295029, "wall_s": 248.51, "gpu_mem_gb": 9.738}
{"step": 2616, "ce_full": 0.010597, "psi_dir": 0.559044, "psi_entropy": 0.181123, "tension": 39.010082, "phi": 1.44064, "curiosity_ema": 3.87377683, "w_native_err": 3.18600535, "wall_s": 248.89, "gpu_mem_gb": 9.738}
{"step": 2620, "ce_full": 0.014032, "psi_dir": 0.562336, "psi_entropy": 0.141875, "tension": 38.70755, "phi": 1.443314, "curiosity_ema": 3.74551474, "w_native_err": 2.59115601, "wall_s": 249.27, "gpu_mem_gb": 9.738}
{"step": 2624, "ce_full": 0.010332, "psi_dir": 0.575056, "psi_entropy": 0.14741, "tension": 38.666424, "phi": 1.437562, "curiosity_ema": 3.61293297, "w_native_err": 2.41969705, "wall_s": 249.65, "gpu_mem_gb": 9.738}
{"step": 2628, "ce_full": 0.010635, "psi_dir": 0.585212, "psi_entropy": 0.139042, "tension": 39.023064, "phi": 1.450342, "curiosity_ema": 3.53551557, "w_native_err": 2.83875895, "wall_s": 250.03, "gpu_mem_gb": 9.738}
{"step": 2632, "ce_full": 0.005347, "psi_dir": 0.589877, "psi_entropy": 0.075552, "tension": 39.107544, "phi": 1.456158, "curiosity_ema": 3.46896362, "w_native_err": 2.86999607, "wall_s": 250.41, "gpu_mem_gb": 9.738}
{"step": 2636, "ce_full": 0.008801, "psi_dir": 0.585223, "psi_entropy": 0.110229, "tension": 38.87878, "phi": 1.461252, "curiosity_ema": 3.36690547, "w_native_err": 2.44838214, "wall_s": 250.79, "gpu_mem_gb": 9.738}
{"step": 2640, "ce_full": 0.013021, "psi_dir": 0.574341, "psi_entropy": 0.150507, "tension": 39.078781, "phi": 1.456997, "curiosity_ema": 3.29544689, "w_native_err": 2.65231967, "wall_s": 251.17, "gpu_mem_gb": 9.738}
{"step": 2644, "ce_full": 0.010268, "psi_dir": 0.569401, "psi_entropy": 0.12327, "tension": 39.693298, "phi": 1.463972, "curiosity_ema": 3.31634566, "w_native_err": 3.50443459, "wall_s": 251.55, "gpu_mem_gb": 9.738}
{"step": 2648, "ce_full": 0.00829, "psi_dir": 0.565719, "psi_entropy": 0.084985, "tension": 39.825851, "phi": 1.460327, "curiosity_ema": 3.34377994, "w_native_err": 3.59068847, "wall_s": 251.92, "gpu_mem_gb": 9.738}
{"step": 2652, "ce_full": 0.01178, "psi_dir": 0.566727, "psi_entropy": 0.141411, "tension": 39.368481, "phi": 1.458162, "curiosity_ema": 3.28359731, "w_native_err": 2.74195361, "wall_s": 252.3, "gpu_mem_gb": 9.738}
{"step": 2656, "ce_full": 0.012713, "psi_dir": 0.565799, "psi_entropy": 0.160118, "tension": 38.749615, "phi": 1.444258, "curiosity_ema": 3.13828738, "w_native_err": 1.83049798, "wall_s": 252.68, "gpu_mem_gb": 9.738}
{"step": 2660, "ce_full": 0.009769, "psi_dir": 0.565013, "psi_entropy": 0.118524, "tension": 39.440758, "phi": 1.473682, "curiosity_ema": 3.09098393, "w_native_err": 2.66525292, "wall_s": 253.06, "gpu_mem_gb": 9.738}
{"step": 2664, "ce_full": 0.010399, "psi_dir": 0.565743, "psi_entropy": 0.16391, "tension": 39.578335, "phi": 1.466735, "curiosity_ema": 3.05770186, "w_native_err": 2.75816321, "wall_s": 253.45, "gpu_mem_gb": 9.738}
{"step": 2668, "ce_full": 0.008537, "psi_dir": 0.568996, "psi_entropy": 0.152398, "tension": 39.995426, "phi": 1.470126, "curiosity_ema": 3.07982715, "w_native_err": 3.27895474, "wall_s": 253.83, "gpu_mem_gb": 9.738}
{"step": 2672, "ce_full": 0.007738, "psi_dir": 0.576937, "psi_entropy": 0.136301, "tension": 40.242077, "phi": 1.468349, "curiosity_ema": 3.12631779, "w_native_err": 3.54473352, "wall_s": 254.21, "gpu_mem_gb": 9.738}
{"step": 2676, "ce_full": 0.007265, "psi_dir": 0.579475, "psi_entropy": 0.102553, "tension": 40.874443, "phi": 1.467201, "curiosity_ema": 3.26610414, "w_native_err": 4.52418137, "wall_s": 254.59, "gpu_mem_gb": 9.738}
{"step": 2680, "ce_full": 0.009406, "psi_dir": 0.578954, "psi_entropy": 0.124184, "tension": 41.033398, "phi": 1.460253, "curiosity_ema": 3.40621245, "w_native_err": 4.66718721, "wall_s": 254.97, "gpu_mem_gb": 9.738}
{"step": 2684, "ce_full": 0.010426, "psi_dir": 0.579227, "psi_entropy": 0.112513, "tension": 40.792816, "phi": 1.446503, "curiosity_ema": 3.47340862, "w_native_err": 4.07817411, "wall_s": 255.34, "gpu_mem_gb": 9.738}
{"step": 2688, "ce_full": 0.011349, "psi_dir": 0.570937, "psi_entropy": 0.114555, "tension": 41.119431, "phi": 1.456772, "curiosity_ema": 3.58175485, "w_native_err": 4.55687094, "wall_s": 255.72, "gpu_mem_gb": 9.738}
{"step": 2692, "ce_full": 0.01125, "psi_dir": 0.568622, "psi_entropy": 0.166855, "tension": 41.488655, "phi": 1.484266, "curiosity_ema": 3.73936768, "w_native_err": 5.15788317, "wall_s": 256.1, "gpu_mem_gb": 9.738}
{"step": 2696, "ce_full": 0.008478, "psi_dir": 0.577424, "psi_entropy": 0.133546, "tension": 41.410877, "phi": 1.480903, "curiosity_ema": 3.85461038, "w_native_err": 4.89179468, "wall_s": 256.48, "gpu_mem_gb": 9.738}
{"step": 2700, "ce_full": 0.010641, "psi_dir": 0.582522, "psi_entropy": 0.163054, "tension": 41.753071, "phi": 1.46597, "curiosity_ema": 4.01597146, "w_native_err": 5.46822119, "wall_s": 256.86, "gpu_mem_gb": 9.738}
{"step": 2704, "ce_full": 0.016776, "psi_dir": 0.580282, "psi_entropy": 0.142276, "tension": 41.703777, "phi": 1.472028, "curiosity_ema": 4.1409782, "w_native_err": 5.26603889, "wall_s": 257.24, "gpu_mem_gb": 9.738}
{"step": 2708, "ce_full": 0.006735, "psi_dir": 0.576658, "psi_entropy": 0.086264, "tension": 41.991722, "phi": 1.466051, "curiosity_ema": 4.3015374, "w_native_err": 5.74657011, "wall_s": 257.61, "gpu_mem_gb": 9.738}
{"step": 2712, "ce_full": 0.010974, "psi_dir": 0.572779, "psi_entropy": 0.167187, "tension": 41.815796, "phi": 1.471896, "curiosity_ema": 4.39950599, "w_native_err": 5.2812233, "wall_s": 257.99, "gpu_mem_gb": 9.738}
{"step": 2716, "ce_full": 0.015538, "psi_dir": 0.567617, "psi_entropy": 0.147652, "tension": 42.022865, "phi": 1.4928, "curiosity_ema": 4.51638956, "w_native_err": 5.56834173, "wall_s": 258.37, "gpu_mem_gb": 9.738}
{"step": 2720, "ce_full": 0.007971, "psi_dir": 0.564798, "psi_entropy": 0.136827, "tension": 41.935352, "phi": 1.486907, "curiosity_ema": 4.59072187, "w_native_err": 5.2597127, "wall_s": 258.75, "gpu_mem_gb": 9.738}
{"step": 2724, "ce_full": 0.007968, "psi_dir": 0.56075, "psi_entropy": 0.145525, "tension": 41.955635, "phi": 1.474974, "curiosity_ema": 4.64616099, "w_native_err": 5.14511299, "wall_s": 259.13, "gpu_mem_gb": 9.738}
{"step": 2728, "ce_full": 0.006367, "psi_dir": 0.559403, "psi_entropy": 0.133997, "tension": 42.419449, "phi": 1.47523, "curiosity_ema": 4.77354995, "w_native_err": 5.92005062, "wall_s": 259.5, "gpu_mem_gb": 9.738}
{"step": 2732, "ce_full": 0.009748, "psi_dir": 0.559102, "psi_entropy": 0.191986, "tension": 42.123348, "phi": 1.483695, "curiosity_ema": 4.81314904, "w_native_err": 5.16954088, "wall_s": 259.88, "gpu_mem_gb": 9.738}
{"step": 2736, "ce_full": 0.013368, "psi_dir": 0.563065, "psi_entropy": 0.145059, "tension": 41.940807, "phi": 1.494798, "curiosity_ema": 4.79567791, "w_native_err": 4.63843775, "wall_s": 260.26, "gpu_mem_gb": 9.738}
{"step": 2740, "ce_full": 0.006269, "psi_dir": 0.56441, "psi_entropy": 0.118505, "tension": 42.420563, "phi": 1.485203, "curiosity_ema": 4.85287574, "w_native_err": 5.36765623, "wall_s": 260.63, "gpu_mem_gb": 9.738}
{"step": 2744, "ce_full": 0.009852, "psi_dir": 0.576795, "psi_entropy": 0.120882, "tension": 42.07629, "phi": 1.487771, "curiosity_ema": 4.82012657, "w_native_err": 4.52538395, "wall_s": 261.01, "gpu_mem_gb": 9.738}
{"step": 2748, "ce_full": 0.010188, "psi_dir": 0.578313, "psi_entropy": 0.134415, "tension": 42.138359, "phi": 1.480906, "curiosity_ema": 4.78252876, "w_native_err": 4.44414854, "wall_s": 261.39, "gpu_mem_gb": 9.738}
{"step": 2752, "ce_full": 0.005331, "psi_dir": 0.579847, "psi_entropy": 0.08949, "tension": 41.794716, "phi": 1.485662, "curiosity_ema": 4.66971299, "w_native_err": 3.65437102, "wall_s": 261.78, "gpu_mem_gb": 9.738}
{"step": 2756, "ce_full": 0.012509, "psi_dir": 0.575021, "psi_entropy": 0.144201, "tension": 41.681328, "phi": 1.496045, "curiosity_ema": 4.53172817, "w_native_err": 3.28986478, "wall_s": 262.15, "gpu_mem_gb": 9.738}
{"step": 2760, "ce_full": 0.005312, "psi_dir": 0.571623, "psi_entropy": 0.100214, "tension": 41.809181, "phi": 1.498874, "curiosity_ema": 4.41280616, "w_native_err": 3.34250808, "wall_s": 262.53, "gpu_mem_gb": 9.738}
{"step": 2764, "ce_full": 0.009701, "psi_dir": 0.576357, "psi_entropy": 0.143595, "tension": 42.041672, "phi": 1.499828, "curiosity_ema": 4.33120488, "w_native_err": 3.59679341, "wall_s": 262.92, "gpu_mem_gb": 9.738}
{"step": 2768, "ce_full": 0.008339, "psi_dir": 0.581907, "psi_entropy": 0.127455, "tension": 42.149071, "phi": 1.482501, "curiosity_ema": 4.26419029, "w_native_err": 3.6610589, "wall_s": 263.29, "gpu_mem_gb": 9.738}
{"step": 2772, "ce_full": 0.006027, "psi_dir": 0.585098, "psi_entropy": 0.105214, "tension": 42.283684, "phi": 1.486179, "curiosity_ema": 4.21601306, "w_native_err": 3.78241801, "wall_s": 263.68, "gpu_mem_gb": 9.738}
{"step": 2776, "ce_full": 0.008046, "psi_dir": 0.584269, "psi_entropy": 0.169971, "tension": 42.428558, "phi": 1.455165, "curiosity_ema": 4.1872668, "w_native_err": 3.92855048, "wall_s": 264.06, "gpu_mem_gb": 9.738}
{"step": 2780, "ce_full": 0.009979, "psi_dir": 0.589159, "psi_entropy": 0.123982, "tension": 43.013958, "phi": 1.439104, "curiosity_ema": 4.25892651, "w_native_err": 4.90386391, "wall_s": 264.44, "gpu_mem_gb": 9.738}
{"step": 2784, "ce_full": 0.005863, "psi_dir": 0.586179, "psi_entropy": 0.077378, "tension": 43.244499, "phi": 1.436191, "curiosity_ema": 4.3547526, "w_native_err": 5.2171874, "wall_s": 264.82, "gpu_mem_gb": 9.738}
{"step": 2788, "ce_full": 0.008944, "psi_dir": 0.580954, "psi_entropy": 0.147835, "tension": 43.038849, "phi": 1.438376, "curiosity_ema": 4.384968, "w_native_err": 4.6569066, "wall_s": 265.2, "gpu_mem_gb": 9.738}
{"step": 2792, "ce_full": 0.006384, "psi_dir": 0.578211, "psi_entropy": 0.08841, "tension": 43.422058, "phi": 1.460101, "curiosity_ema": 4.47386373, "w_native_err": 5.2739253, "wall_s": 265.57, "gpu_mem_gb": 9.738}
{"step": 2796, "ce_full": 0.007269, "psi_dir": 0.583012, "psi_entropy": 0.138303, "tension": 43.408562, "phi": 1.448106, "curiosity_ema": 4.53542907, "w_native_err": 5.08951712, "wall_s": 265.95, "gpu_mem_gb": 9.738}
{"step": 2800, "ce_full": 0.01085, "psi_dir": 0.585063, "psi_entropy": 0.120668, "tension": 43.258739, "phi": 1.45901, "curiosity_ema": 4.54648015, "w_native_err": 4.64593983, "wall_s": 266.33, "gpu_mem_gb": 9.738}
{"step": 2804, "ce_full": 0.009609, "psi_dir": 0.581293, "psi_entropy": 0.187404, "tension": 42.796551, "phi": 1.46482, "curiosity_ema": 4.45928435, "w_native_err": 3.67452216, "wall_s": 266.7, "gpu_mem_gb": 9.738}
{"step": 2808, "ce_full": 0.012253, "psi_dir": 0.578768, "psi_entropy": 0.119547, "tension": 42.79538, "phi": 1.452799, "curiosity_ema": 4.36940199, "w_native_err": 3.56046081, "wall_s": 267.08, "gpu_mem_gb": 9.738}
{"step": 2812, "ce_full": 0.018492, "psi_dir": 0.569823, "psi_entropy": 0.17843, "tension": 42.703152, "phi": 1.44186, "curiosity_ema": 4.26295877, "w_native_err": 3.30496979, "wall_s": 267.46, "gpu_mem_gb": 9.738}
{"step": 2816, "ce_full": 0.008377, "psi_dir": 0.565816, "psi_entropy": 0.159146, "tension": 42.65097, "phi": 1.441033, "curiosity_ema": 4.14954129, "w_native_err": 3.12878394, "wall_s": 267.83, "gpu_mem_gb": 9.738}
{"step": 2820, "ce_full": 0.005613, "psi_dir": 0.562563, "psi_entropy": 0.103903, "tension": 42.56572, "phi": 1.431473, "curiosity_ema": 4.02607848, "w_native_err": 2.91491318, "wall_s": 268.21, "gpu_mem_gb": 9.738}
{"step": 2824, "ce_full": 0.008973, "psi_dir": 0.570285, "psi_entropy": 0.161528, "tension": 42.664165, "phi": 1.429842, "curiosity_ema": 3.92229923, "w_native_err": 2.98828602, "wall_s": 268.59, "gpu_mem_gb": 9.738}
{"step": 2828, "ce_full": 0.007703, "psi_dir": 0.570979, "psi_entropy": 0.13742, "tension": 42.795219, "phi": 1.436715, "curiosity_ema": 3.84106637, "w_native_err": 3.10997057, "wall_s": 268.97, "gpu_mem_gb": 9.738}
{"step": 2832, "ce_full": 0.006629, "psi_dir": 0.571755, "psi_entropy": 0.089583, "tension": 42.963879, "phi": 1.447148, "curiosity_ema": 3.78567048, "w_native_err": 3.28710747, "wall_s": 269.34, "gpu_mem_gb": 9.738}
{"step": 2836, "ce_full": 0.010411, "psi_dir": 0.568816, "psi_entropy": 0.142655, "tension": 43.863617, "phi": 1.45228, "curiosity_ema": 3.88259567, "w_native_err": 4.75492239, "wall_s": 269.72, "gpu_mem_gb": 9.738}
{"step": 2840, "ce_full": 0.009483, "psi_dir": 0.565577, "psi_entropy": 0.151386, "tension": 44.497177, "phi": 1.461249, "curiosity_ema": 4.08104283, "w_native_err": 5.86706734, "wall_s": 270.1, "gpu_mem_gb": 9.738}
{"step": 2844, "ce_full": 0.011894, "psi_dir": 0.570486, "psi_entropy": 0.140475, "tension": 44.949371, "phi": 1.454869, "curiosity_ema": 4.33991443, "w_native_err": 6.6697588, "wall_s": 270.47, "gpu_mem_gb": 9.738}
{"step": 2848, "ce_full": 0.007262, "psi_dir": 0.57587, "psi_entropy": 0.123826, "tension": 44.819195, "phi": 1.442655, "curiosity_ema": 4.52465372, "w_native_err": 6.18730736, "wall_s": 270.92, "gpu_mem_gb": 9.738}
{"step": 2852, "ce_full": 0.009579, "psi_dir": 0.580543, "psi_entropy": 0.069673, "tension": 44.705608, "phi": 1.453494, "curiosity_ema": 4.65108979, "w_native_err": 5.78901434, "wall_s": 271.3, "gpu_mem_gb": 9.738}
{"step": 2856, "ce_full": 0.011369, "psi_dir": 0.58068, "psi_entropy": 0.101976, "tension": 44.153168, "phi": 1.445496, "curiosity_ema": 4.64014822, "w_native_err": 4.54167414, "wall_s": 271.68, "gpu_mem_gb": 9.738}
{"step": 2860, "ce_full": 0.006627, "psi_dir": 0.578149, "psi_entropy": 0.124601, "tension": 43.984295, "phi": 1.453184, "curiosity_ema": 4.58642745, "w_native_err": 4.10294056, "wall_s": 272.06, "gpu_mem_gb": 9.738}
{"step": 2864, "ce_full": 0.009425, "psi_dir": 0.573709, "psi_entropy": 0.148261, "tension": 44.080502, "phi": 1.441336, "curiosity_ema": 4.5427953, "w_native_err": 4.15010595, "wall_s": 272.44, "gpu_mem_gb": 9.738}
{"step": 2868, "ce_full": 0.010628, "psi_dir": 0.561395, "psi_entropy": 0.136957, "tension": 44.38464, "phi": 1.443274, "curiosity_ema": 4.54725749, "w_native_err": 4.58741713, "wall_s": 272.82, "gpu_mem_gb": 9.738}
{"step": 2872, "ce_full": 0.007474, "psi_dir": 0.561342, "psi_entropy": 0.159972, "tension": 43.938702, "phi": 1.452761, "curiosity_ema": 4.45849713, "w_native_err": 3.6596539, "wall_s": 273.2, "gpu_mem_gb": 9.738}
{"step": 2876, "ce_full": 0.008641, "psi_dir": 0.560679, "psi_entropy": 0.136215, "tension": 43.861015, "phi": 1.453295, "curiosity_ema": 4.35341063, "w_native_err": 3.40763211, "wall_s": 273.58, "gpu_mem_gb": 9.738}
{"step": 2880, "ce_full": 0.007093, "psi_dir": 0.561741, "psi_entropy": 0.134933, "tension": 43.75502, "phi": 1.452984, "curiosity_ema": 4.23032816, "w_native_err": 3.12258601, "wall_s": 273.95, "gpu_mem_gb": 9.738}
{"step": 2884, "ce_full": 0.00879, "psi_dir": 0.568539, "psi_entropy": 0.112746, "tension": 43.527863, "phi": 1.457469, "curiosity_ema": 4.07477768, "w_native_err": 2.67482328, "wall_s": 274.33, "gpu_mem_gb": 9.738}
{"step": 2888, "ce_full": 0.005054, "psi_dir": 0.567598, "psi_entropy": 0.073615, "tension": 43.974213, "phi": 1.449492, "curiosity_ema": 3.99418404, "w_native_err": 3.26884127, "wall_s": 274.71, "gpu_mem_gb": 9.738}
{"step": 2892, "ce_full": 0.00756, "psi_dir": 0.5653, "psi_entropy": 0.082042, "tension": 44.29425, "phi": 1.423591, "curiosity_ema": 3.96502492, "w_native_err": 3.70259285, "wall_s": 275.08, "gpu_mem_gb": 9.738}
{"step": 2896, "ce_full": 0.012653, "psi_dir": 0.563434, "psi_entropy": 0.178818, "tension": 44.427338, "phi": 1.42359, "curiosity_ema": 3.95111107, "w_native_err": 3.82588649, "wall_s": 275.46, "gpu_mem_gb": 9.738}
{"step": 2900, "ce_full": 0.013365, "psi_dir": 0.565392, "psi_entropy": 0.171013, "tension": 44.454399, "phi": 1.423982, "curiosity_ema": 3.93238761, "w_native_err": 3.76387644, "wall_s": 275.84, "gpu_mem_gb": 9.738}
{"step": 2904, "ce_full": 0.008816, "psi_dir": 0.568322, "psi_entropy": 0.112743, "tension": 44.354263, "phi": 1.432984, "curiosity_ema": 3.88792846, "w_native_err": 3.48779607, "wall_s": 276.21, "gpu_mem_gb": 9.738}
{"step": 2908, "ce_full": 0.008873, "psi_dir": 0.569595, "psi_entropy": 0.095033, "tension": 44.289822, "phi": 1.44541, "curiosity_ema": 3.827495, "w_native_err": 3.28359389, "wall_s": 276.59, "gpu_mem_gb": 9.738}
{"step": 2912, "ce_full": 0.005834, "psi_dir": 0.570442, "psi_entropy": 0.11861, "tension": 44.10257, "phi": 1.461492, "curiosity_ema": 3.7346448, "w_native_err": 2.89899302, "wall_s": 276.97, "gpu_mem_gb": 9.738}
{"step": 2916, "ce_full": 0.009198, "psi_dir": 0.568634, "psi_entropy": 0.107885, "tension": 43.700104, "phi": 1.469038, "curiosity_ema": 3.58620118, "w_native_err": 2.25020862, "wall_s": 277.35, "gpu_mem_gb": 9.738}
{"step": 2920, "ce_full": 0.007828, "psi_dir": 0.567739, "psi_entropy": 0.067531, "tension": 43.762535, "phi": 1.455701, "curiosity_ema": 3.4553981, "w_native_err": 2.27817035, "wall_s": 277.72, "gpu_mem_gb": 9.738}
{"step": 2924, "ce_full": 0.006935, "psi_dir": 0.57368, "psi_entropy": 0.130619, "tension": 44.183968, "phi": 1.462716, "curiosity_ema": 3.39107756, "w_native_err": 2.81219268, "wall_s": 278.1, "gpu_mem_gb": 9.738}
{"step": 2928, "ce_full": 0.013563, "psi_dir": 0.577076, "psi_entropy": 0.10746, "tension": 44.656776, "phi": 1.474597, "curiosity_ema": 3.39886252, "w_native_err": 3.46892715, "wall_s": 278.48, "gpu_mem_gb": 9.738}
{"step": 2932, "ce_full": 0.012976, "psi_dir": 0.579314, "psi_entropy": 0.114965, "tension": 45.240837, "phi": 1.482944, "curiosity_ema": 3.49686884, "w_native_err": 4.3789258, "wall_s": 278.86, "gpu_mem_gb": 9.738}
{"step": 2936, "ce_full": 0.007071, "psi_dir": 0.579342, "psi_entropy": 0.083718, "tension": 45.916893, "phi": 1.474931, "curiosity_ema": 3.70432093, "w_native_err": 5.57138968, "wall_s": 279.24, "gpu_mem_gb": 9.738}
{"step": 2940, "ce_full": 0.008239, "psi_dir": 0.58266, "psi_entropy": 0.09029, "tension": 46.024628, "phi": 1.467629, "curiosity_ema": 3.89775369, "w_native_err": 5.63864851, "wall_s": 279.61, "gpu_mem_gb": 9.738}
{"step": 2944, "ce_full": 0.005857, "psi_dir": 0.585112, "psi_entropy": 0.104382, "tension": 46.146053, "phi": 1.464126, "curiosity_ema": 4.08387954, "w_native_err": 5.75901222, "wall_s": 279.99, "gpu_mem_gb": 9.738}
{"step": 2948, "ce_full": 0.003681, "psi_dir": 0.579817, "psi_entropy": 0.090299, "tension": 46.095154, "phi": 1.461328, "curiosity_ema": 4.22862102, "w_native_err": 5.53129435, "wall_s": 280.37, "gpu_mem_gb": 9.738}
{"step": 2952, "ce_full": 0.009349, "psi_dir": 0.579527, "psi_entropy": 0.154362, "tension": 45.644646, "phi": 1.463858, "curiosity_ema": 4.25876232, "w_native_err": 4.53003407, "wall_s": 280.75, "gpu_mem_gb": 9.738}
{"step": 2956, "ce_full": 0.008342, "psi_dir": 0.572921, "psi_entropy": 0.129546, "tension": 45.661957, "phi": 1.455175, "curiosity_ema": 4.27819802, "w_native_err": 4.45311928, "wall_s": 281.13, "gpu_mem_gb": 9.738}
{"step": 2960, "ce_full": 0.009437, "psi_dir": 0.573073, "psi_entropy": 0.083452, "tension": 45.859093, "phi": 1.466468, "curiosity_ema": 4.3218913, "w_native_err": 4.71513081, "wall_s": 281.51, "gpu_mem_gb": 9.738}
{"step": 2964, "ce_full": 0.008082, "psi_dir": 0.569496, "psi_entropy": 0.12098, "tension": 46.031921, "phi": 1.469041, "curiosity_ema": 4.38374838, "w_native_err": 4.94046211, "wall_s": 281.88, "gpu_mem_gb": 9.738}
{"step": 2968, "ce_full": 0.008549, "psi_dir": 0.562489, "psi_entropy": 0.093651, "tension": 46.550026, "phi": 1.47831, "curiosity_ema": 4.53484565, "w_native_err": 5.89472103, "wall_s": 282.26, "gpu_mem_gb": 9.738}
{"step": 2972, "ce_full": 0.010579, "psi_dir": 0.561723, "psi_entropy": 0.124375, "tension": 46.364525, "phi": 1.465281, "curiosity_ema": 4.6221246, "w_native_err": 5.40763521, "wall_s": 282.64, "gpu_mem_gb": 9.738}
{"step": 2976, "ce_full": 0.0119, "psi_dir": 0.565745, "psi_entropy": 0.140351, "tension": 46.301689, "phi": 1.47218, "curiosity_ema": 4.67702058, "w_native_err": 5.1710844, "wall_s": 283.01, "gpu_mem_gb": 9.738}
{"step": 2980, "ce_full": 0.006684, "psi_dir": 0.565865, "psi_entropy": 0.10801, "tension": 46.340553, "phi": 1.480622, "curiosity_ema": 4.72225335, "w_native_err": 5.12934828, "wall_s": 283.41, "gpu_mem_gb": 9.738}
{"step": 2984, "ce_full": 0.007074, "psi_dir": 0.567534, "psi_entropy": 0.107401, "tension": 46.476086, "phi": 1.500748, "curiosity_ema": 4.77762401, "w_native_err": 5.27595997, "wall_s": 283.79, "gpu_mem_gb": 9.738}
{"step": 2988, "ce_full": 0.0108, "psi_dir": 0.567496, "psi_entropy": 0.109772, "tension": 46.701027, "phi": 1.490965, "curiosity_ema": 4.86085571, "w_native_err": 5.60994101, "wall_s": 284.16, "gpu_mem_gb": 9.738}
{"step": 2992, "ce_full": 0.010354, "psi_dir": 0.567008, "psi_entropy": 0.1106, "tension": 46.708031, "phi": 1.494948, "curiosity_ema": 4.92494595, "w_native_err": 5.5017581, "wall_s": 284.54, "gpu_mem_gb": 9.738}
{"step": 2996, "ce_full": 0.006378, "psi_dir": 0.573138, "psi_entropy": 0.083327, "tension": 46.417656, "phi": 1.486092, "curiosity_ema": 4.91207558, "w_native_err": 4.79624224, "wall_s": 284.92, "gpu_mem_gb": 9.738}
{"step": 3000, "ce_full": 0.007662, "psi_dir": 0.576791, "psi_entropy": 0.113939, "tension": 45.852688, "phi": 1.498454, "curiosity_ema": 4.7846427, "w_native_err": 3.63774681, "wall_s": 285.3, "gpu_mem_gb": 9.738}
{"step": 3004, "ce_full": 0.007476, "psi_dir": 0.585164, "psi_entropy": 0.10729, "tension": 45.795563, "phi": 1.508645, "curiosity_ema": 4.64422908, "w_native_err": 3.38050652, "wall_s": 285.68, "gpu_mem_gb": 9.738}
{"step": 3008, "ce_full": 0.006552, "psi_dir": 0.588004, "psi_entropy": 0.111712, "tension": 45.645935, "phi": 1.512172, "curiosity_ema": 4.47967476, "w_native_err": 2.99868584, "wall_s": 286.06, "gpu_mem_gb": 9.738}
{"step": 3012, "ce_full": 0.005439, "psi_dir": 0.583053, "psi_entropy": 0.089118, "tension": 45.647552, "phi": 1.513665, "curiosity_ema": 4.31928618, "w_native_err": 2.87578893, "wall_s": 286.44, "gpu_mem_gb": 9.738}
{"step": 3016, "ce_full": 0.007455, "psi_dir": 0.572379, "psi_entropy": 0.117879, "tension": 45.790207, "phi": 1.522314, "curiosity_ema": 4.18648745, "w_native_err": 2.99129891, "wall_s": 286.81, "gpu_mem_gb": 9.738}
{"step": 3020, "ce_full": 0.009462, "psi_dir": 0.572952, "psi_entropy": 0.136331, "tension": 46.440044, "phi": 1.509405, "curiosity_ema": 4.16594602, "w_native_err": 3.98107314, "wall_s": 287.2, "gpu_mem_gb": 9.738}
{"step": 3024, "ce_full": 0.007638, "psi_dir": 0.577041, "psi_entropy": 0.096463, "tension": 46.501659, "phi": 1.507524, "curiosity_ema": 4.14840153, "w_native_err": 3.99050117, "wall_s": 287.57, "gpu_mem_gb": 9.738}
{"step": 3028, "ce_full": 0.006508, "psi_dir": 0.578469, "psi_entropy": 0.112119, "tension": 46.70689, "phi": 1.501876, "curiosity_ema": 4.15973488, "w_native_err": 4.26173496, "wall_s": 287.95, "gpu_mem_gb": 9.738}
{"step": 3032, "ce_full": 0.003842, "psi_dir": 0.575149, "psi_entropy": 0.07559, "tension": 46.585915, "phi": 1.488389, "curiosity_ema": 4.13766333, "w_native_err": 3.93901944, "wall_s": 288.33, "gpu_mem_gb": 9.738}
{"step": 3036, "ce_full": 0.004729, "psi_dir": 0.568266, "psi_entropy": 0.097197, "tension": 46.47657, "phi": 1.500332, "curiosity_ema": 4.08917994, "w_native_err": 3.65282941, "wall_s": 288.71, "gpu_mem_gb": 9.738}
{"step": 3040, "ce_full": 0.007308, "psi_dir": 0.564343, "psi_entropy": 0.122426, "tension": 46.280846, "phi": 1.509741, "curiosity_ema": 4.00459654, "w_native_err": 3.24334598, "wall_s": 289.09, "gpu_mem_gb": 9.738}
{"step": 3044, "ce_full": 0.005683, "psi_dir": 0.56324, "psi_entropy": 0.109621, "tension": 46.45343, "phi": 1.513314, "curiosity_ema": 3.94893364, "w_native_err": 3.44796753, "wall_s": 289.47, "gpu_mem_gb": 9.738}
{"step": 3048, "ce_full": 0.007327, "psi_dir": 0.566385, "psi_entropy": 0.151232, "tension": 46.389446, "phi": 1.50941, "curiosity_ema": 3.8805072, "w_native_err": 3.26466918, "wall_s": 289.85, "gpu_mem_gb": 9.738}
{"step": 3052, "ce_full": 0.007965, "psi_dir": 0.575789, "psi_entropy": 0.133663, "tension": 46.659607, "phi": 1.516163, "curiosity_ema": 3.85553638, "w_native_err": 3.63079906, "wall_s": 290.22, "gpu_mem_gb": 9.738}
{"step": 3056, "ce_full": 0.009299, "psi_dir": 0.580752, "psi_entropy": 0.135253, "tension": 46.667797, "phi": 1.515616, "curiosity_ema": 3.82534213, "w_native_err": 3.55359387, "wall_s": 290.6, "gpu_mem_gb": 9.738}
{"step": 3060, "ce_full": 0.012199, "psi_dir": 0.58375, "psi_entropy": 0.144232, "tension": 46.512749, "phi": 1.500638, "curiosity_ema": 3.7642128, "w_native_err": 3.21404886, "wall_s": 290.98, "gpu_mem_gb": 9.738}
{"step": 3064, "ce_full": 0.006281, "psi_dir": 0.585001, "psi_entropy": 0.126547, "tension": 46.81041, "phi": 1.501382, "curiosity_ema": 3.74965302, "w_native_err": 3.61861491, "wall_s": 291.36, "gpu_mem_gb": 9.738}
{"step": 3068, "ce_full": 0.002747, "psi_dir": 0.577996, "psi_entropy": 0.05013, "tension": 47.059532, "phi": 1.498219, "curiosity_ema": 3.76954281, "w_native_err": 3.94855094, "wall_s": 291.74, "gpu_mem_gb": 9.738}
{"step": 3072, "ce_full": 0.008889, "psi_dir": 0.575075, "psi_entropy": 0.116198, "tension": 46.811138, "phi": 1.509525, "curiosity_ema": 3.73432899, "w_native_err": 3.41740465, "wall_s": 292.12, "gpu_mem_gb": 9.738}
{"step": 3076, "ce_full": 0.005392, "psi_dir": 0.566815, "psi_entropy": 0.100308, "tension": 46.946228, "phi": 1.520449, "curiosity_ema": 3.71577068, "w_native_err": 3.54874587, "wall_s": 292.49, "gpu_mem_gb": 9.738}
{"step": 3080, "ce_full": 0.007153, "psi_dir": 0.565566, "psi_entropy": 0.102557, "tension": 46.800438, "phi": 1.511252, "curiosity_ema": 3.66585008, "w_native_err": 3.21656466, "wall_s": 292.87, "gpu_mem_gb": 9.738}
{"step": 3084, "ce_full": 0.010607, "psi_dir": 0.566814, "psi_entropy": 0.166524, "tension": 47.354958, "phi": 1.510196, "curiosity_ema": 3.70533359, "w_native_err": 4.06068516, "wall_s": 293.25, "gpu_mem_gb": 9.738}
{"step": 3088, "ce_full": 0.010404, "psi_dir": 0.56907, "psi_entropy": 0.096182, "tension": 47.658325, "phi": 1.523173, "curiosity_ema": 3.784454, "w_native_err": 4.49653769, "wall_s": 293.62, "gpu_mem_gb": 9.738}
{"step": 3092, "ce_full": 0.008624, "psi_dir": 0.565914, "psi_entropy": 0.104504, "tension": 47.632931, "phi": 1.518941, "curiosity_ema": 3.83820402, "w_native_err": 4.32195425, "wall_s": 294.0, "gpu_mem_gb": 9.738}
{"step": 3096, "ce_full": 0.007915, "psi_dir": 0.567573, "psi_entropy": 0.108857, "tension": 47.84623, "phi": 1.507318, "curiosity_ema": 3.91486865, "w_native_err": 4.60485029, "wall_s": 294.38, "gpu_mem_gb": 9.738}
{"step": 3100, "ce_full": 0.009357, "psi_dir": 0.568098, "psi_entropy": 0.079434, "tension": 47.46328, "phi": 1.480106, "curiosity_ema": 3.90250323, "w_native_err": 3.79121447, "wall_s": 294.76, "gpu_mem_gb": 9.738}
{"step": 3104, "ce_full": 0.005543, "psi_dir": 0.572092, "psi_entropy": 0.124009, "tension": 47.179314, "phi": 1.510981, "curiosity_ema": 3.83434272, "w_native_err": 3.22089815, "wall_s": 295.13, "gpu_mem_gb": 9.738}
{"step": 3108, "ce_full": 0.007139, "psi_dir": 0.572987, "psi_entropy": 0.134451, "tension": 47.216015, "phi": 1.492965, "curiosity_ema": 3.77024329, "w_native_err": 3.19334841, "wall_s": 295.51, "gpu_mem_gb": 9.738}
{"step": 3112, "ce_full": 0.008306, "psi_dir": 0.574644, "psi_entropy": 0.142863, "tension": 47.822979, "phi": 1.521101, "curiosity_ema": 3.80701605, "w_native_err": 4.13797092, "wall_s": 295.89, "gpu_mem_gb": 9.738}
{"step": 3116, "ce_full": 0.008289, "psi_dir": 0.572188, "psi_entropy": 0.124703, "tension": 47.920147, "phi": 1.523272, "curiosity_ema": 3.84729762, "w_native_err": 4.20983171, "wall_s": 296.26, "gpu_mem_gb": 9.738}
{"step": 3120, "ce_full": 0.008014, "psi_dir": 0.565037, "psi_entropy": 0.120645, "tension": 47.890343, "phi": 1.513429, "curiosity_ema": 3.86782709, "w_native_err": 4.05259228, "wall_s": 296.64, "gpu_mem_gb": 9.738}
{"step": 3124, "ce_full": 0.010385, "psi_dir": 0.56611, "psi_entropy": 0.132415, "tension": 48.5359, "phi": 1.507816, "curiosity_ema": 3.99951261, "w_native_err": 5.18468237, "wall_s": 297.02, "gpu_mem_gb": 9.738}
{"step": 3128, "ce_full": 0.00958, "psi_dir": 0.565342, "psi_entropy": 0.130673, "tension": 48.782806, "phi": 1.495629, "curiosity_ema": 4.15817146, "w_native_err": 5.58610106, "wall_s": 297.39, "gpu_mem_gb": 9.738}
{"step": 3132, "ce_full": 0.004121, "psi_dir": 0.56294, "psi_entropy": 0.081789, "tension": 48.463493, "phi": 1.490235, "curiosity_ema": 4.2262396, "w_native_err": 4.83885288, "wall_s": 297.77, "gpu_mem_gb": 9.738}
{"step": 3136, "ce_full": 0.004455, "psi_dir": 0.570269, "psi_entropy": 0.096831, "tension": 48.105186, "phi": 1.502613, "curiosity_ema": 4.21072452, "w_native_err": 4.07108879, "wall_s": 298.16, "gpu_mem_gb": 9.738}
{"step": 3140, "ce_full": 0.009746, "psi_dir": 0.572222, "psi_entropy": 0.147354, "tension": 47.972179, "phi": 1.483817, "curiosity_ema": 4.16324063, "w_native_err": 3.73588562, "wall_s": 298.54, "gpu_mem_gb": 9.738}
{"step": 3144, "ce_full": 0.008605, "psi_dir": 0.571161, "psi_entropy": 0.114422, "tension": 48.335594, "phi": 1.490466, "curiosity_ema": 4.17447675, "w_native_err": 4.27560186, "wall_s": 298.92, "gpu_mem_gb": 9.738}
{"step": 3148, "ce_full": 0.004062, "psi_dir": 0.573321, "psi_entropy": 0.064931, "tension": 48.796104, "phi": 1.502751, "curiosity_ema": 4.26255705, "w_native_err": 5.05527973, "wall_s": 299.3, "gpu_mem_gb": 9.738}
{"step": 3152, "ce_full": 0.009754, "psi_dir": 0.573628, "psi_entropy": 0.161513, "tension": 48.55592, "phi": 1.504841, "curiosity_ema": 4.28540985, "w_native_err": 4.49108505, "wall_s": 299.67, "gpu_mem_gb": 9.738}
{"step": 3156, "ce_full": 0.004455, "psi_dir": 0.570637, "psi_entropy": 0.096847, "tension": 49.146572, "phi": 1.504571, "curiosity_ema": 4.41252106, "w_native_err": 5.55652189, "wall_s": 300.05, "gpu_mem_gb": 9.738}
{"step": 3160, "ce_full": 0.012047, "psi_dir": 0.575536, "psi_entropy": 0.12047, "tension": 49.032848, "phi": 1.500075, "curiosity_ema": 4.49399248, "w_native_err": 5.22723532, "wall_s": 300.43, "gpu_mem_gb": 9.738}
{"step": 3164, "ce_full": 0.00291, "psi_dir": 0.584001, "psi_entropy": 0.053623, "tension": 49.160667, "phi": 1.502666, "curiosity_ema": 4.58321056, "w_native_err": 5.38617325, "wall_s": 300.81, "gpu_mem_gb": 9.738}
{"step": 3168, "ce_full": 0.009213, "psi_dir": 0.583226, "psi_entropy": 0.162578, "tension": 48.994808, "phi": 1.503375, "curiosity_ema": 4.62014054, "w_native_err": 4.95251036, "wall_s": 301.18, "gpu_mem_gb": 9.738}
{"step": 3172, "ce_full": 0.009776, "psi_dir": 0.585509, "psi_entropy": 0.100708, "tension": 49.194633, "phi": 1.505119, "curiosity_ema": 4.68167018, "w_native_err": 5.23543692, "wall_s": 301.56, "gpu_mem_gb": 9.738}
{"step": 3176, "ce_full": 0.01107, "psi_dir": 0.582614, "psi_entropy": 0.134073, "tension": 48.691605, "phi": 1.5192, "curiosity_ema": 4.63039001, "w_native_err": 4.16886854, "wall_s": 301.94, "gpu_mem_gb": 9.738}
{"step": 3180, "ce_full": 0.008627, "psi_dir": 0.575576, "psi_entropy": 0.139966, "tension": 49.012901, "phi": 1.535123, "curiosity_ema": 4.63030873, "w_native_err": 4.62957716, "wall_s": 302.32, "gpu_mem_gb": 9.738}
{"step": 3184, "ce_full": 0.004233, "psi_dir": 0.57163, "psi_entropy": 0.094988, "tension": 48.776119, "phi": 1.533859, "curiosity_ema": 4.5745614, "w_native_err": 4.07283545, "wall_s": 302.7, "gpu_mem_gb": 9.738}
{"step": 3188, "ce_full": 0.003922, "psi_dir": 0.570237, "psi_entropy": 0.067815, "tension": 48.520058, "phi": 1.520062, "curiosity_ema": 4.46790997, "w_native_err": 3.5080471, "wall_s": 303.07, "gpu_mem_gb": 9.738}
{"step": 3192, "ce_full": 0.012534, "psi_dir": 0.566695, "psi_entropy": 0.141188, "tension": 48.810852, "phi": 1.511971, "curiosity_ema": 4.40906961, "w_native_err": 3.87950635, "wall_s": 303.45, "gpu_mem_gb": 9.738}
{"step": 3196, "ce_full": 0.008028, "psi_dir": 0.565444, "psi_entropy": 0.132695, "tension": 48.847153, "phi": 1.511636, "curiosity_ema": 4.35117721, "w_native_err": 3.8301456, "wall_s": 303.83, "gpu_mem_gb": 9.738}
{"step": 3200, "ce_full": 0.006284, "psi_dir": 0.565414, "psi_entropy": 0.107946, "tension": 48.96431, "phi": 1.505283, "curiosity_ema": 4.3088937, "w_native_err": 3.9283421, "wall_s": 304.2, "gpu_mem_gb": 9.738}
{"step": 3204, "ce_full": 0.009329, "psi_dir": 0.564377, "psi_entropy": 0.145278, "tension": 49.21632, "phi": 1.512766, "curiosity_ema": 4.30592691, "w_native_err": 4.27922583, "wall_s": 304.58, "gpu_mem_gb": 9.738}
{"step": 3208, "ce_full": 0.008741, "psi_dir": 0.575643, "psi_entropy": 0.134035, "tension": 49.24696, "phi": 1.512935, "curiosity_ema": 4.29849978, "w_native_err": 4.2316556, "wall_s": 304.96, "gpu_mem_gb": 9.738}
{"step": 3212, "ce_full": 0.010926, "psi_dir": 0.576297, "psi_entropy": 0.114168, "tension": 49.508881, "phi": 1.525607, "curiosity_ema": 4.33057369, "w_native_err": 4.61923885, "wall_s": 305.34, "gpu_mem_gb": 9.738}
{"step": 3216, "ce_full": 0.00575, "psi_dir": 0.574664, "psi_entropy": 0.091314, "tension": 49.154339, "phi": 1.514661, "curiosity_ema": 4.28394877, "w_native_err": 3.86432457, "wall_s": 305.71, "gpu_mem_gb": 9.738}
{"step": 3220, "ce_full": 0.005377, "psi_dir": 0.574996, "psi_entropy": 0.121821, "tension": 49.265896, "phi": 1.527111, "curiosity_ema": 4.25199323, "w_native_err": 3.96439338, "wall_s": 306.09, "gpu_mem_gb": 9.738}
{"step": 3224, "ce_full": 0.008455, "psi_dir": 0.57341, "psi_entropy": 0.117793, "tension": 49.698299, "phi": 1.539795, "curiosity_ema": 4.29349065, "w_native_err": 4.66696739, "wall_s": 306.47, "gpu_mem_gb": 9.738}
{"step": 3228, "ce_full": 0.00651, "psi_dir": 0.571224, "psi_entropy": 0.085697, "tension": 49.678799, "phi": 1.539212, "curiosity_ema": 4.31640766, "w_native_err": 4.52266073, "wall_s": 306.85, "gpu_mem_gb": 9.738}
{"step": 3232, "ce_full": 0.008687, "psi_dir": 0.567514, "psi_entropy": 0.146793, "tension": 49.970222, "phi": 1.533093, "curiosity_ema": 4.38294495, "w_native_err": 4.98178053, "wall_s": 307.23, "gpu_mem_gb": 9.738}
{"step": 3236, "ce_full": 0.008651, "psi_dir": 0.565493, "psi_entropy": 0.101789, "tension": 49.60878, "phi": 1.53968, "curiosity_ema": 4.36285166, "w_native_err": 4.18201208, "wall_s": 307.61, "gpu_mem_gb": 9.738}
{"step": 3240, "ce_full": 0.008401, "psi_dir": 0.565437, "psi_entropy": 0.099807, "tension": 49.669319, "phi": 1.554228, "curiosity_ema": 4.34576915, "w_native_err": 4.19202662, "wall_s": 307.99, "gpu_mem_gb": 9.738}
{"step": 3244, "ce_full": 0.005606, "psi_dir": 0.567065, "psi_entropy": 0.092599, "tension": 49.51495, "phi": 1.545239, "curiosity_ema": 4.2929602, "w_native_err": 3.81767964, "wall_s": 308.37, "gpu_mem_gb": 9.738}
{"step": 3248, "ce_full": 0.004639, "psi_dir": 0.564376, "psi_entropy": 0.077884, "tension": 49.583641, "phi": 1.542388, "curiosity_ema": 4.24818629, "w_native_err": 3.84522104, "wall_s": 308.75, "gpu_mem_gb": 9.738}
{"step": 3252, "ce_full": 0.005618, "psi_dir": 0.559303, "psi_entropy": 0.109893, "tension": 49.139141, "phi": 1.540768, "curiosity_ema": 4.12580484, "w_native_err": 3.02437186, "wall_s": 309.13, "gpu_mem_gb": 9.738}
{"step": 3256, "ce_full": 0.007952, "psi_dir": 0.562597, "psi_entropy": 0.127584, "tension": 49.226509, "phi": 1.538118, "curiosity_ema": 4.02238371, "w_native_err": 3.0915935, "wall_s": 309.51, "gpu_mem_gb": 9.738}
{"step": 3260, "ce_full": 0.010501, "psi_dir": 0.56688, "psi_entropy": 0.096485, "tension": 49.158825, "phi": 1.548163, "curiosity_ema": 3.91229498, "w_native_err": 2.92149639, "wall_s": 309.89, "gpu_mem_gb": 9.738}
{"step": 3264, "ce_full": 0.010216, "psi_dir": 0.577872, "psi_entropy": 0.120266, "tension": 49.221401, "phi": 1.568945, "curiosity_ema": 3.8169153, "w_native_err": 2.95849824, "wall_s": 310.27, "gpu_mem_gb": 9.738}
{"step": 3268, "ce_full": 0.031767, "psi_dir": 0.576112, "psi_entropy": 0.122022, "tension": 49.163475, "phi": 1.571119, "curiosity_ema": 3.71665273, "w_native_err": 2.81428957, "wall_s": 310.65, "gpu_mem_gb": 9.738}
{"step": 3272, "ce_full": 0.00726, "psi_dir": 0.580975, "psi_entropy": 0.110482, "tension": 49.074577, "phi": 1.562889, "curiosity_ema": 3.60839953, "w_native_err": 2.6341207, "wall_s": 311.03, "gpu_mem_gb": 9.738}
{"step": 3276, "ce_full": 0.008242, "psi_dir": 0.576839, "psi_entropy": 0.101666, "tension": 49.565254, "phi": 1.554963, "curiosity_ema": 3.58013504, "w_native_err": 3.32575464, "wall_s": 311.41, "gpu_mem_gb": 9.738}
{"step": 3280, "ce_full": 0.006642, "psi_dir": 0.576157, "psi_entropy": 0.082077, "tension": 49.414654, "phi": 1.542159, "curiosity_ema": 3.52345246, "w_native_err": 3.01330924, "wall_s": 311.79, "gpu_mem_gb": 9.738}
{"step": 3284, "ce_full": 0.009669, "psi_dir": 0.577763, "psi_entropy": 0.152675, "tension": 49.972847, "phi": 1.548615, "curiosity_ema": 3.55563392, "w_native_err": 3.84526706, "wall_s": 312.17, "gpu_mem_gb": 9.738}
{"step": 3288, "ce_full": 0.005987, "psi_dir": 0.575934, "psi_entropy": 0.079409, "tension": 49.667534, "phi": 1.54618, "curiosity_ema": 3.52373748, "w_native_err": 3.23666954, "wall_s": 312.55, "gpu_mem_gb": 9.738}
{"step": 3292, "ce_full": 0.006807, "psi_dir": 0.575659, "psi_entropy": 0.139048, "tension": 49.525963, "phi": 1.540857, "curiosity_ema": 3.46523802, "w_native_err": 2.93874288, "wall_s": 312.93, "gpu_mem_gb": 9.738}
{"step": 3296, "ce_full": 0.005437, "psi_dir": 0.576924, "psi_entropy": 0.066312, "tension": 49.596649, "phi": 1.532638, "curiosity_ema": 3.41632052, "w_native_err": 2.97606301, "wall_s": 313.31, "gpu_mem_gb": 9.738}
{"step": 3300, "ce_full": 0.013345, "psi_dir": 0.582681, "psi_entropy": 0.143211, "tension": 49.630199, "phi": 1.537236, "curiosity_ema": 3.36997388, "w_native_err": 2.95285416, "wall_s": 313.7, "gpu_mem_gb": 9.738}
{"step": 3304, "ce_full": 0.008101, "psi_dir": 0.579703, "psi_entropy": 0.134751, "tension": 49.469597, "phi": 1.555486, "curiosity_ema": 3.29752082, "w_native_err": 2.6454432, "wall_s": 314.08, "gpu_mem_gb": 9.738}
{"step": 3308, "ce_full": 0.002556, "psi_dir": 0.576099, "psi_entropy": 0.072915, "tension": 49.635612, "phi": 1.556495, "curiosity_ema": 3.25008938, "w_native_err": 2.82320642, "wall_s": 314.46, "gpu_mem_gb": 9.738}
{"step": 3312, "ce_full": 0.00957, "psi_dir": 0.574242, "psi_entropy": 0.151348, "tension": 49.606457, "phi": 1.556441, "curiosity_ema": 3.19600384, "w_native_err": 2.709234, "wall_s": 314.84, "gpu_mem_gb": 9.738}
{"step": 3316, "ce_full": 0.005922, "psi_dir": 0.57161, "psi_entropy": 0.106422, "tension": 49.604229, "phi": 1.544413, "curiosity_ema": 3.1401908, "w_native_err": 2.63787341, "wall_s": 315.22, "gpu_mem_gb": 9.738}
{"step": 3320, "ce_full": 0.002822, "psi_dir": 0.570297, "psi_entropy": 0.065474, "tension": 49.851082, "phi": 1.550709, "curiosity_ema": 3.11925867, "w_native_err": 2.93086958, "wall_s": 315.59, "gpu_mem_gb": 9.738}
{"step": 3324, "ce_full": 0.006371, "psi_dir": 0.564069, "psi_entropy": 0.059942, "tension": 49.976257, "phi": 1.549742, "curiosity_ema": 3.11131847, "w_native_err": 3.03985667, "wall_s": 315.97, "gpu_mem_gb": 9.738}
{"step": 3328, "ce_full": 0.004809, "psi_dir": 0.56415, "psi_entropy": 0.10777, "tension": 49.65271, "phi": 1.535089, "curiosity_ema": 3.04874484, "w_native_err": 2.48558211, "wall_s": 316.36, "gpu_mem_gb": 9.738}
{"step": 3332, "ce_full": 0.009227, "psi_dir": 0.567909, "psi_entropy": 0.09825, "tension": 49.777924, "phi": 1.549573, "curiosity_ema": 3.00366256, "w_native_err": 2.59792209, "wall_s": 316.74, "gpu_mem_gb": 9.738}
{"step": 3336, "ce_full": 0.00828, "psi_dir": 0.573633, "psi_entropy": 0.124185, "tension": 49.609722, "phi": 1.540431, "curiosity_ema": 2.93337212, "w_native_err": 2.30075812, "wall_s": 317.12, "gpu_mem_gb": 9.738}
{"step": 3340, "ce_full": 0.00668, "psi_dir": 0.570789, "psi_entropy": 0.150021, "tension": 49.208832, "phi": 1.542691, "curiosity_ema": 2.81494351, "w_native_err": 1.74908602, "wall_s": 317.5, "gpu_mem_gb": 9.738}
{"step": 3344, "ce_full": 0.005483, "psi_dir": 0.575214, "psi_entropy": 0.094678, "tension": 49.709419, "phi": 1.536304, "curiosity_ema": 2.76678415, "w_native_err": 2.33334994, "wall_s": 317.88, "gpu_mem_gb": 9.738}
{"step": 3348, "ce_full": 0.00883, "psi_dir": 0.580331, "psi_entropy": 0.085044, "tension": 49.405605, "phi": 1.534371, "curiosity_ema": 2.67902813, "w_native_err": 1.88922393, "wall_s": 318.26, "gpu_mem_gb": 9.738}
{"step": 3352, "ce_full": 0.006814, "psi_dir": 0.574245, "psi_entropy": 0.126268, "tension": 49.408119, "phi": 1.549465, "curiosity_ema": 2.59600081, "w_native_err": 1.84875488, "wall_s": 318.64, "gpu_mem_gb": 9.738}
{"step": 3356, "ce_full": 0.006498, "psi_dir": 0.572229, "psi_entropy": 0.07671, "tension": 49.646648, "phi": 1.546037, "curiosity_ema": 2.54594767, "w_native_err": 2.09546947, "wall_s": 319.01, "gpu_mem_gb": 9.738}
{"step": 3360, "ce_full": 0.006503, "psi_dir": 0.571193, "psi_entropy": 0.107843, "tension": 50.157055, "phi": 1.54074, "curiosity_ema": 2.56424259, "w_native_err": 2.72889686, "wall_s": 319.39, "gpu_mem_gb": 9.738}
{"step": 3364, "ce_full": 0.005423, "psi_dir": 0.565885, "psi_entropy": 0.075438, "tension": 50.802315, "phi": 1.550923, "curiosity_ema": 2.67361135, "w_native_err": 3.65793014, "wall_s": 319.77, "gpu_mem_gb": 9.738}
{"step": 3368, "ce_full": 0.007805, "psi_dir": 0.567889, "psi_entropy": 0.117731, "tension": 51.025616, "phi": 1.565556, "curiosity_ema": 2.79983794, "w_native_err": 3.93587732, "wall_s": 320.15, "gpu_mem_gb": 9.738}
{"step": 3372, "ce_full": 0.010477, "psi_dir": 0.568221, "psi_entropy": 0.09507, "tension": 50.635635, "phi": 1.558122, "curiosity_ema": 2.83823257, "w_native_err": 3.18378425, "wall_s": 320.53, "gpu_mem_gb": 9.738}
{"step": 3376, "ce_full": 0.005327, "psi_dir": 0.571145, "psi_entropy": 0.10169, "tension": 51.134361, "phi": 1.550032, "curiosity_ema": 2.94877432, "w_native_err": 3.94365001, "wall_s": 320.91, "gpu_mem_gb": 9.738}
{"step": 3380, "ce_full": 0.005005, "psi_dir": 0.57738, "psi_entropy": 0.084659, "tension": 50.902874, "phi": 1.537887, "curiosity_ema": 3.00050498, "w_native_err": 3.4660809, "wall_s": 321.3, "gpu_mem_gb": 9.738}
{"step": 3384, "ce_full": 0.006229, "psi_dir": 0.578611, "psi_entropy": 0.073436, "tension": 51.028484, "phi": 1.54058, "curiosity_ema": 3.06103843, "w_native_err": 3.60583949, "wall_s": 321.69, "gpu_mem_gb": 9.738}
{"step": 3388, "ce_full": 0.01079, "psi_dir": 0.57557, "psi_entropy": 0.126446, "tension": 51.22155, "phi": 1.530454, "curiosity_ema": 3.14185971, "w_native_err": 3.86925125, "wall_s": 322.07, "gpu_mem_gb": 9.738}
{"step": 3392, "ce_full": 0.007688, "psi_dir": 0.572371, "psi_entropy": 0.123705, "tension": 50.815788, "phi": 1.544313, "curiosity_ema": 3.14073014, "w_native_err": 3.13056397, "wall_s": 322.45, "gpu_mem_gb": 9.738}
{"step": 3396, "ce_full": 0.011761, "psi_dir": 0.573904, "psi_entropy": 0.149751, "tension": 51.325668, "phi": 1.542594, "curiosity_ema": 3.21771659, "w_native_err": 3.9105947, "wall_s": 322.83, "gpu_mem_gb": 9.738}
{"step": 3400, "ce_full": 0.008332, "psi_dir": 0.577611, "psi_entropy": 0.083711, "tension": 51.232193, "phi": 1.540582, "curiosity_ema": 3.26445764, "w_native_err": 3.68512702, "wall_s": 323.21, "gpu_mem_gb": 9.738}
{"step": 3404, "ce_full": 0.005519, "psi_dir": 0.581039, "psi_entropy": 0.083512, "tension": 51.312393, "phi": 1.552779, "curiosity_ema": 3.31360742, "w_native_err": 3.75595546, "wall_s": 323.59, "gpu_mem_gb": 9.738}
{"step": 3408, "ce_full": 0.006585, "psi_dir": 0.582237, "psi_entropy": 0.097313, "tension": 51.394146, "phi": 1.556231, "curiosity_ema": 3.36522497, "w_native_err": 3.82978296, "wall_s": 323.98, "gpu_mem_gb": 9.738}
{"step": 3412, "ce_full": 0.006901, "psi_dir": 0.582255, "psi_entropy": 0.08885, "tension": 51.881527, "phi": 1.557658, "curiosity_ema": 3.4933038, "w_native_err": 4.64601326, "wall_s": 324.36, "gpu_mem_gb": 9.738}
{"step": 3416, "ce_full": 0.007375, "psi_dir": 0.577816, "psi_entropy": 0.128998, "tension": 52.288525, "phi": 1.552881, "curiosity_ema": 3.6833123, "w_native_err": 5.39338875, "wall_s": 324.73, "gpu_mem_gb": 9.738}
{"step": 3420, "ce_full": 0.005845, "psi_dir": 0.573309, "psi_entropy": 0.111815, "tension": 52.077393, "phi": 1.546005, "curiosity_ema": 3.80837353, "w_native_err": 4.93392467, "wall_s": 325.12, "gpu_mem_gb": 9.738}
{"step": 3424, "ce_full": 0.012355, "psi_dir": 0.564003, "psi_entropy": 0.140914, "tension": 51.971142, "phi": 1.55379, "curiosity_ema": 3.8952802, "w_native_err": 4.67744017, "wall_s": 325.49, "gpu_mem_gb": 9.738}
{"step": 3428, "ce_full": 0.009055, "psi_dir": 0.572519, "psi_entropy": 0.137529, "tension": 51.926537, "phi": 1.547051, "curiosity_ema": 3.95836672, "w_native_err": 4.52614546, "wall_s": 325.87, "gpu_mem_gb": 9.738}
{"step": 3432, "ce_full": 0.006765, "psi_dir": 0.573857, "psi_entropy": 0.116223, "tension": 51.865997, "phi": 1.552246, "curiosity_ema": 3.99612471, "w_native_err": 4.33594656, "wall_s": 326.25, "gpu_mem_gb": 9.738}
{"step": 3436, "ce_full": 0.01007, "psi_dir": 0.573195, "psi_entropy": 0.130988, "tension": 51.932232, "phi": 1.548943, "curiosity_ema": 4.03277976, "w_native_err": 4.36267519, "wall_s": 326.63, "gpu_mem_gb": 9.738}
{"step": 3440, "ce_full": 0.006898, "psi_dir": 0.576031, "psi_entropy": 0.122525, "tension": 52.027252, "phi": 1.551641, "curiosity_ema": 4.07336088, "w_native_err": 4.438591, "wall_s": 327.01, "gpu_mem_gb": 9.738}
{"step": 3444, "ce_full": 0.007772, "psi_dir": 0.575212, "psi_entropy": 0.1563, "tension": 52.048462, "phi": 1.553891, "curiosity_ema": 4.10394322, "w_native_err": 4.37918425, "wall_s": 327.39, "gpu_mem_gb": 9.738}
{"step": 3448, "ce_full": 0.009898, "psi_dir": 0.574872, "psi_entropy": 0.155734, "tension": 51.909485, "phi": 1.543834, "curiosity_ema": 4.09647319, "w_native_err": 4.02924299, "wall_s": 327.77, "gpu_mem_gb": 9.738}
{"step": 3452, "ce_full": 0.004907, "psi_dir": 0.577384, "psi_entropy": 0.09618, "tension": 51.993298, "phi": 1.563039, "curiosity_ema": 4.09273484, "w_native_err": 4.05908966, "wall_s": 328.15, "gpu_mem_gb": 9.738}
{"step": 3456, "ce_full": 0.009644, "psi_dir": 0.57435, "psi_entropy": 0.107073, "tension": 51.422466, "phi": 1.556108, "curiosity_ema": 3.98526387, "w_native_err": 3.01802516, "wall_s": 328.53, "gpu_mem_gb": 9.738}
{"step": 3460, "ce_full": 0.002739, "psi_dir": 0.571578, "psi_entropy": 0.057292, "tension": 51.538025, "phi": 1.567524, "curiosity_ema": 3.89281115, "w_native_err": 3.06073666, "wall_s": 328.91, "gpu_mem_gb": 9.738}
{"step": 3464, "ce_full": 0.002909, "psi_dir": 0.572672, "psi_entropy": 0.05978, "tension": 51.640102, "phi": 1.564693, "curiosity_ema": 3.81344827, "w_native_err": 3.09918237, "wall_s": 329.29, "gpu_mem_gb": 9.738}
{"step": 3468, "ce_full": 0.004775, "psi_dir": 0.565963, "psi_entropy": 0.077006, "tension": 51.640106, "phi": 1.558219, "curiosity_ema": 3.73141217, "w_native_err": 2.99308729, "wall_s": 329.66, "gpu_mem_gb": 9.738}
{"step": 3472, "ce_full": 0.010922, "psi_dir": 0.564722, "psi_entropy": 0.144812, "tension": 51.802917, "phi": 1.564074, "curiosity_ema": 3.67331689, "w_native_err": 3.15045929, "wall_s": 330.05, "gpu_mem_gb": 9.738}
{"step": 3476, "ce_full": 0.005966, "psi_dir": 0.565126, "psi_entropy": 0.11956, "tension": 51.94212, "phi": 1.571335, "curiosity_ema": 3.63452826, "w_native_err": 3.28543067, "wall_s": 330.42, "gpu_mem_gb": 9.738}
{"step": 3480, "ce_full": 0.005628, "psi_dir": 0.566111, "psi_entropy": 0.124732, "tension": 52.148342, "phi": 1.562217, "curiosity_ema": 3.62534814, "w_native_err": 3.54272699, "wall_s": 330.8, "gpu_mem_gb": 9.738}
{"step": 3484, "ce_full": 0.006336, "psi_dir": 0.571009, "psi_entropy": 0.104568, "tension": 52.126434, "phi": 1.560845, "curiosity_ema": 3.60535652, "w_native_err": 3.42543197, "wall_s": 331.18, "gpu_mem_gb": 9.738}
{"step": 3488, "ce_full": 0.005827, "psi_dir": 0.579252, "psi_entropy": 0.099416, "tension": 52.377373, "phi": 1.572088, "curiosity_ema": 3.62191678, "w_native_err": 3.77095914, "wall_s": 331.56, "gpu_mem_gb": 9.738}
{"step": 3492, "ce_full": 0.003398, "psi_dir": 0.581814, "psi_entropy": 0.063187, "tension": 52.369213, "phi": 1.572798, "curiosity_ema": 3.62727994, "w_native_err": 3.67554832, "wall_s": 331.94, "gpu_mem_gb": 9.738}
{"step": 3496, "ce_full": 0.004414, "psi_dir": 0.585971, "psi_entropy": 0.075392, "tension": 52.273277, "phi": 1.556913, "curiosity_ema": 3.60803765, "w_native_err": 3.43485713, "wall_s": 332.32, "gpu_mem_gb": 9.738}
{"step": 3500, "ce_full": 0.008807, "psi_dir": 0.578016, "psi_entropy": 0.140665, "tension": 52.176785, "phi": 1.558294, "curiosity_ema": 3.56761434, "w_native_err": 3.20380449, "wall_s": 332.7, "gpu_mem_gb": 9.738}
{"step": 3504, "ce_full": 0.00487, "psi_dir": 0.58044, "psi_entropy": 0.106189, "tension": 52.426571, "phi": 1.558729, "curiosity_ema": 3.56489996, "w_native_err": 3.5404706, "wall_s": 333.08, "gpu_mem_gb": 9.738}
{"step": 3508, "ce_full": 0.006934, "psi_dir": 0.572811, "psi_entropy": 0.1383, "tension": 52.304302, "phi": 1.554844, "curiosity_ema": 3.53483621, "w_native_err": 3.26426244, "wall_s": 333.46, "gpu_mem_gb": 9.738}
{"step": 3512, "ce_full": 0.008429, "psi_dir": 0.577643, "psi_entropy": 0.104926, "tension": 52.639721, "phi": 1.55566, "curiosity_ema": 3.55646005, "w_native_err": 3.75107455, "wall_s": 333.83, "gpu_mem_gb": 9.738}
{"step": 3516, "ce_full": 0.008428, "psi_dir": 0.577527, "psi_entropy": 0.113535, "tension": 52.437492, "phi": 1.561661, "curiosity_ema": 3.53400305, "w_native_err": 3.33189011, "wall_s": 334.21, "gpu_mem_gb": 9.738}
{"step": 3520, "ce_full": 0.00431, "psi_dir": 0.577802, "psi_entropy": 0.112329, "tension": 52.164627, "phi": 1.562513, "curiosity_ema": 3.46415344, "w_native_err": 2.83550692, "wall_s": 334.59, "gpu_mem_gb": 9.738}
{"step": 3524, "ce_full": 0.006306, "psi_dir": 0.583915, "psi_entropy": 0.083074, "tension": 52.280388, "phi": 1.565035, "curiosity_ema": 3.41291343, "w_native_err": 2.95175338, "wall_s": 334.97, "gpu_mem_gb": 9.738}
{"step": 3528, "ce_full": 0.00776, "psi_dir": 0.579122, "psi_entropy": 0.133112, "tension": 52.446697, "phi": 1.571052, "curiosity_ema": 3.38632288, "w_native_err": 3.14700794, "wall_s": 335.35, "gpu_mem_gb": 9.738}
{"step": 3532, "ce_full": 0.003317, "psi_dir": 0.57551, "psi_entropy": 0.05329, "tension": 51.921143, "phi": 1.549964, "curiosity_ema": 3.27939621, "w_native_err": 2.31705618, "wall_s": 335.73, "gpu_mem_gb": 9.738}
{"step": 3536, "ce_full": 0.005115, "psi_dir": 0.574965, "psi_entropy": 0.071017, "tension": 51.917473, "phi": 1.553559, "curiosity_ema": 3.17865517, "w_native_err": 2.27198577, "wall_s": 336.11, "gpu_mem_gb": 9.738}
{"step": 3540, "ce_full": 0.008161, "psi_dir": 0.575977, "psi_entropy": 0.067397, "tension": 51.940208, "phi": 1.56232, "curiosity_ema": 3.08732132, "w_native_err": 2.26531672, "wall_s": 336.49, "gpu_mem_gb": 9.738}
{"step": 3544, "ce_full": 0.00304, "psi_dir": 0.571968, "psi_entropy": 0.055575, "tension": 52.348507, "phi": 1.568044, "curiosity_ema": 3.05803916, "w_native_err": 2.79449964, "wall_s": 336.87, "gpu_mem_gb": 9.738}
{"step": 3548, "ce_full": 0.009188, "psi_dir": 0.57198, "psi_entropy": 0.142375, "tension": 52.315411, "phi": 1.571995, "curiosity_ema": 3.02088422, "w_native_err": 2.68648982, "wall_s": 337.25, "gpu_mem_gb": 9.738}
{"step": 3552, "ce_full": 0.003863, "psi_dir": 0.572083, "psi_entropy": 0.070063, "tension": 52.634594, "phi": 1.560532, "curiosity_ema": 3.02891295, "w_native_err": 3.10117149, "wall_s": 337.63, "gpu_mem_gb": 9.738}
{"step": 3556, "ce_full": 0.006491, "psi_dir": 0.574963, "psi_entropy": 0.092042, "tension": 52.17149, "phi": 1.550464, "curiosity_ema": 2.9619299, "w_native_err": 2.35908246, "wall_s": 338.0, "gpu_mem_gb": 9.738}
{"step": 3560, "ce_full": 0.009068, "psi_dir": 0.576042, "psi_entropy": 0.144298, "tension": 52.007568, "phi": 1.574255, "curiosity_ema": 2.87588198, "w_native_err": 2.10145068, "wall_s": 338.38, "gpu_mem_gb": 9.738}
{"step": 3564, "ce_full": 0.009688, "psi_dir": 0.576096, "psi_entropy": 0.136848, "tension": 51.740028, "phi": 1.568505, "curiosity_ema": 2.76283077, "w_native_err": 1.74536991, "wall_s": 338.76, "gpu_mem_gb": 9.738}
{"step": 3568, "ce_full": 0.008448, "psi_dir": 0.569397, "psi_entropy": 0.148242, "tension": 51.588284, "phi": 1.571352, "curiosity_ema": 2.64235623, "w_native_err": 1.55808532, "wall_s": 339.14, "gpu_mem_gb": 9.738}
{"step": 3572, "ce_full": 0.007133, "psi_dir": 0.575385, "psi_entropy": 0.092553, "tension": 51.375713, "phi": 1.578097, "curiosity_ema": 2.51110153, "w_native_err": 1.32980931, "wall_s": 339.52, "gpu_mem_gb": 9.738}
{"step": 3576, "ce_full": 0.003848, "psi_dir": 0.570163, "psi_entropy": 0.085171, "tension": 51.596123, "phi": 1.597564, "curiosity_ema": 2.41441513, "w_native_err": 1.54423749, "wall_s": 339.9, "gpu_mem_gb": 9.738}
{"step": 3580, "ce_full": 0.004681, "psi_dir": 0.573783, "psi_entropy": 0.103402, "tension": 51.599422, "phi": 1.57102, "curiosity_ema": 2.3257573, "w_native_err": 1.5278368, "wall_s": 340.28, "gpu_mem_gb": 9.738}
{"step": 3584, "ce_full": 0.006104, "psi_dir": 0.577506, "psi_entropy": 0.112902, "tension": 52.141289, "phi": 1.569644, "curiosity_ema": 2.30399356, "w_native_err": 2.10811996, "wall_s": 340.66, "gpu_mem_gb": 9.738}
{"step": 3588, "ce_full": 0.004335, "psi_dir": 0.573406, "psi_entropy": 0.085629, "tension": 52.23333, "phi": 1.569557, "curiosity_ema": 2.28966333, "w_native_err": 2.16069126, "wall_s": 341.04, "gpu_mem_gb": 9.738}
{"step": 3592, "ce_full": 0.0052, "psi_dir": 0.573237, "psi_entropy": 0.105807, "tension": 52.065285, "phi": 1.571911, "curiosity_ema": 2.25015269, "w_native_err": 1.89455688, "wall_s": 341.42, "gpu_mem_gb": 9.738}
{"step": 3596, "ce_full": 0.007249, "psi_dir": 0.57085, "psi_entropy": 0.080969, "tension": 52.151745, "phi": 1.572048, "curiosity_ema": 2.21953808, "w_native_err": 1.94400656, "wall_s": 341.8, "gpu_mem_gb": 9.738}
{"step": 3600, "ce_full": 0.010395, "psi_dir": 0.57096, "psi_entropy": 0.122636, "tension": 52.197338, "phi": 1.571784, "curiosity_ema": 2.19170271, "w_native_err": 1.9411844, "wall_s": 342.18, "gpu_mem_gb": 9.738}
{"step": 3604, "ce_full": 0.004161, "psi_dir": 0.574091, "psi_entropy": 0.054164, "tension": 52.347404, "phi": 1.569416, "curiosity_ema": 2.1791115, "w_native_err": 2.06579065, "wall_s": 342.55, "gpu_mem_gb": 9.738}
{"step": 3608, "ce_full": 0.005282, "psi_dir": 0.576724, "psi_entropy": 0.076914, "tension": 52.917938, "phi": 1.566699, "curiosity_ema": 2.2374037, "w_native_err": 2.76203346, "wall_s": 342.93, "gpu_mem_gb": 9.738}
{"step": 3612, "ce_full": 0.005029, "psi_dir": 0.578997, "psi_entropy": 0.060861, "tension": 53.394421, "phi": 1.570666, "curiosity_ema": 2.35346214, "w_native_err": 3.39798808, "wall_s": 343.31, "gpu_mem_gb": 9.738}
{"step": 3616, "ce_full": 0.008394, "psi_dir": 0.577493, "psi_entropy": 0.145566, "tension": 53.213982, "phi": 1.581537, "curiosity_ema": 2.41898715, "w_native_err": 3.00871229, "wall_s": 343.7, "gpu_mem_gb": 9.738}
{"step": 3620, "ce_full": 0.005632, "psi_dir": 0.570048, "psi_entropy": 0.108799, "tension": 53.275749, "phi": 1.580228, "curiosity_ema": 2.47916251, "w_native_err": 3.02074075, "wall_s": 344.08, "gpu_mem_gb": 9.738}
{"step": 3624, "ce_full": 0.009452, "psi_dir": 0.566658, "psi_entropy": 0.108052, "tension": 53.320755, "phi": 1.56581, "curiosity_ema": 2.53270653, "w_native_err": 3.01460266, "wall_s": 344.46, "gpu_mem_gb": 9.738}
{"step": 3628, "ce_full": 0.003832, "psi_dir": 0.562696, "psi_entropy": 0.050257, "tension": 53.299446, "phi": 1.577204, "curiosity_ema": 2.57067053, "w_native_err": 2.9123466, "wall_s": 344.84, "gpu_mem_gb": 9.738}
{"step": 3632, "ce_full": 0.011833, "psi_dir": 0.568505, "psi_entropy": 0.129833, "tension": 53.824547, "phi": 1.575186, "curiosity_ema": 2.68331791, "w_native_err": 3.69714427, "wall_s": 345.22, "gpu_mem_gb": 9.738}
{"step": 3636, "ce_full": 0.008627, "psi_dir": 0.573245, "psi_entropy": 0.121886, "tension": 54.300812, "phi": 1.574075, "curiosity_ema": 2.86356109, "w_native_err": 4.48574972, "wall_s": 345.6, "gpu_mem_gb": 9.738}
{"step": 3640, "ce_full": 0.004375, "psi_dir": 0.578061, "psi_entropy": 0.095924, "tension": 54.317406, "phi": 1.579154, "curiosity_ema": 3.02289499, "w_native_err": 4.45690012, "wall_s": 345.98, "gpu_mem_gb": 9.738}
{"step": 3644, "ce_full": 0.005808, "psi_dir": 0.582903, "psi_entropy": 0.083147, "tension": 54.350597, "phi": 1.577776, "curiosity_ema": 3.16782987, "w_native_err": 4.47224379, "wall_s": 346.36, "gpu_mem_gb": 9.738}
{"step": 3648, "ce_full": 0.0102, "psi_dir": 0.581715, "psi_entropy": 0.15329, "tension": 53.865368, "phi": 1.55935, "curiosity_ema": 3.20870291, "w_native_err": 3.57656026, "wall_s": 346.74, "gpu_mem_gb": 9.738}
{"step": 3652, "ce_full": 0.00533, "psi_dir": 0.581902, "psi_entropy": 0.118025, "tension": 53.744911, "phi": 1.590164, "curiosity_ema": 3.22036739, "w_native_err": 3.32534766, "wall_s": 347.12, "gpu_mem_gb": 9.738}
{"step": 3656, "ce_full": 0.004557, "psi_dir": 0.578692, "psi_entropy": 0.090754, "tension": 53.612637, "phi": 1.591593, "curiosity_ema": 3.20404678, "w_native_err": 3.05716133, "wall_s": 347.5, "gpu_mem_gb": 9.738}
{"step": 3660, "ce_full": 0.00719, "psi_dir": 0.576249, "psi_entropy": 0.138573, "tension": 53.792839, "phi": 1.585071, "curiosity_ema": 3.2103657, "w_native_err": 3.26723599, "wall_s": 347.88, "gpu_mem_gb": 9.738}
{"step": 3664, "ce_full": 0.00451, "psi_dir": 0.569348, "psi_entropy": 0.07399, "tension": 53.722618, "phi": 1.5853, "curiosity_ema": 3.19847692, "w_native_err": 3.09147787, "wall_s": 348.26, "gpu_mem_gb": 9.738}
{"step": 3668, "ce_full": 0.007277, "psi_dir": 0.570742, "psi_entropy": 0.115841, "tension": 53.959587, "phi": 1.579608, "curiosity_ema": 3.21775236, "w_native_err": 3.3912313, "wall_s": 348.64, "gpu_mem_gb": 9.738}
{"step": 3672, "ce_full": 0.005574, "psi_dir": 0.567871, "psi_entropy": 0.109466, "tension": 53.720299, "phi": 1.577379, "curiosity_ema": 3.19105714, "w_native_err": 2.95080018, "wall_s": 349.01, "gpu_mem_gb": 9.738}
{"step": 3676, "ce_full": 0.008123, "psi_dir": 0.562714, "psi_entropy": 0.090611, "tension": 53.938988, "phi": 1.577897, "curiosity_ema": 3.19283084, "w_native_err": 3.20879412, "wall_s": 349.39, "gpu_mem_gb": 9.738}
{"step": 3680, "ce_full": 0.009735, "psi_dir": 0.564382, "psi_entropy": 0.17036, "tension": 53.866447, "phi": 1.562615, "curiosity_ema": 3.17587229, "w_native_err": 3.02324533, "wall_s": 349.77, "gpu_mem_gb": 9.738}
{"step": 3684, "ce_full": 0.007515, "psi_dir": 0.568619, "psi_entropy": 0.116027, "tension": 53.638634, "phi": 1.561238, "curiosity_ema": 3.11942812, "w_native_err": 2.61143064, "wall_s": 350.15, "gpu_mem_gb": 9.738}
{"step": 3688, "ce_full": 0.009034, "psi_dir": 0.569854, "psi_entropy": 0.104196, "tension": 53.995586, "phi": 1.571582, "curiosity_ema": 3.11333322, "w_native_err": 3.05847907, "wall_s": 350.53, "gpu_mem_gb": 9.738}
{"step": 3692, "ce_full": 0.004769, "psi_dir": 0.571614, "psi_entropy": 0.133388, "tension": 53.542717, "phi": 1.577313, "curiosity_ema": 3.03523993, "w_native_err": 2.33240032, "wall_s": 350.91, "gpu_mem_gb": 9.738}
{"step": 3696, "ce_full": 0.005112, "psi_dir": 0.570211, "psi_entropy": 0.044581, "tension": 53.667763, "phi": 1.579161, "curiosity_ema": 2.97440616, "w_native_err": 2.42690229, "wall_s": 351.29, "gpu_mem_gb": 9.738}
{"step": 3700, "ce_full": 0.006659, "psi_dir": 0.57172, "psi_entropy": 0.110082, "tension": 53.795254, "phi": 1.58015, "curiosity_ema": 2.93027723, "w_native_err": 2.53311682, "wall_s": 351.67, "gpu_mem_gb": 9.738}
{"step": 3704, "ce_full": 0.011145, "psi_dir": 0.573707, "psi_entropy": 0.172929, "tension": 53.898876, "phi": 1.592907, "curiosity_ema": 2.89877569, "w_native_err": 2.61526179, "wall_s": 352.05, "gpu_mem_gb": 9.738}
{"step": 3708, "ce_full": 0.005198, "psi_dir": 0.58377, "psi_entropy": 0.102287, "tension": 54.077271, "phi": 1.589158, "curiosity_ema": 2.88999219, "w_native_err": 2.81094074, "wall_s": 352.43, "gpu_mem_gb": 9.738}
{"step": 3712, "ce_full": 0.00703, "psi_dir": 0.582038, "psi_entropy": 0.10208, "tension": 54.181026, "phi": 1.588602, "curiosity_ema": 2.89130398, "w_native_err": 2.90311003, "wall_s": 352.81, "gpu_mem_gb": 9.738}
{"step": 3716, "ce_full": 0.008228, "psi_dir": 0.584202, "psi_entropy": 0.133442, "tension": 54.131569, "phi": 1.58666, "curiosity_ema": 2.87872957, "w_native_err": 2.76555991, "wall_s": 353.27, "gpu_mem_gb": 9.738}
{"step": 3720, "ce_full": 0.005752, "psi_dir": 0.580887, "psi_entropy": 0.070229, "tension": 53.66317, "phi": 1.585414, "curiosity_ema": 2.79671446, "w_native_err": 2.05857849, "wall_s": 353.65, "gpu_mem_gb": 9.738}
{"step": 3724, "ce_full": 0.004255, "psi_dir": 0.5781, "psi_entropy": 0.050019, "tension": 53.533783, "phi": 1.581519, "curiosity_ema": 2.70165275, "w_native_err": 1.84609735, "wall_s": 354.03, "gpu_mem_gb": 9.738}
{"step": 3728, "ce_full": 0.006612, "psi_dir": 0.573966, "psi_entropy": 0.084361, "tension": 53.137611, "phi": 1.582907, "curiosity_ema": 2.56731643, "w_native_err": 1.3582896, "wall_s": 354.41, "gpu_mem_gb": 9.738}
{"step": 3732, "ce_full": 0.008995, "psi_dir": 0.569618, "psi_entropy": 0.112231, "tension": 53.503033, "phi": 1.58112, "curiosity_ema": 2.4839328, "w_native_err": 1.7334801, "wall_s": 354.79, "gpu_mem_gb": 9.738}
{"step": 3736, "ce_full": 0.007755, "psi_dir": 0.56226, "psi_entropy": 0.13073, "tension": 53.341957, "phi": 1.578079, "curiosity_ema": 2.38774126, "w_native_err": 1.52201736, "wall_s": 355.17, "gpu_mem_gb": 9.738}
{"step": 3740, "ce_full": 0.006744, "psi_dir": 0.565893, "psi_entropy": 0.113154, "tension": 53.426697, "phi": 1.570039, "curiosity_ema": 2.30825715, "w_native_err": 1.59290016, "wall_s": 355.55, "gpu_mem_gb": 9.738}
{"step": 3744, "ce_full": 0.006982, "psi_dir": 0.559506, "psi_entropy": 0.106976, "tension": 53.200035, "phi": 1.575066, "curiosity_ema": 2.21065748, "w_native_err": 1.33226049, "wall_s": 355.92, "gpu_mem_gb": 9.738}
{"step": 3748, "ce_full": 0.008374, "psi_dir": 0.563555, "psi_entropy": 0.095916, "tension": 53.841095, "phi": 1.5689, "curiosity_ema": 2.19341473, "w_native_err": 2.03822994, "wall_s": 356.3, "gpu_mem_gb": 9.738}
{"step": 3752, "ce_full": 0.00479, "psi_dir": 0.563728, "psi_entropy": 0.098643, "tension": 53.839142, "phi": 1.585572, "curiosity_ema": 2.17350552, "w_native_err": 1.99432266, "wall_s": 356.68, "gpu_mem_gb": 9.738}
{"step": 3756, "ce_full": 0.004993, "psi_dir": 0.566059, "psi_entropy": 0.090637, "tension": 54.055748, "phi": 1.576407, "curiosity_ema": 2.17877615, "w_native_err": 2.22621179, "wall_s": 357.06, "gpu_mem_gb": 9.738}
{"step": 3760, "ce_full": 0.006707, "psi_dir": 0.574208, "psi_entropy": 0.130226, "tension": 53.956707, "phi": 1.582269, "curiosity_ema": 2.16573299, "w_native_err": 2.04834461, "wall_s": 357.44, "gpu_mem_gb": 9.738}
{"step": 3764, "ce_full": 0.003388, "psi_dir": 0.574544, "psi_entropy": 0.063109, "tension": 54.01527, "phi": 1.589881, "curiosity_ema": 2.15671339, "w_native_err": 2.07553697, "wall_s": 357.82, "gpu_mem_gb": 9.738}
{"step": 3768, "ce_full": 0.00764, "psi_dir": 0.576054, "psi_entropy": 0.087327, "tension": 54.199387, "phi": 1.588597, "curiosity_ema": 2.16733433, "w_native_err": 2.26292276, "wall_s": 358.21, "gpu_mem_gb": 9.738}
{"step": 3772, "ce_full": 0.005538, "psi_dir": 0.577491, "psi_entropy": 0.112031, "tension": 54.513344, "phi": 1.588929, "curiosity_ema": 2.21422115, "w_native_err": 2.63620257, "wall_s": 358.59, "gpu_mem_gb": 9.738}
{"step": 3776, "ce_full": 0.006989, "psi_dir": 0.575785, "psi_entropy": 0.113372, "tension": 54.611137, "phi": 1.59307, "curiosity_ema": 2.26359779, "w_native_err": 2.70798755, "wall_s": 358.96, "gpu_mem_gb": 9.738}
{"step": 3780, "ce_full": 0.009604, "psi_dir": 0.576534, "psi_entropy": 0.101102, "tension": 54.121426, "phi": 1.592348, "curiosity_ema": 2.23538371, "w_native_err": 1.981457, "wall_s": 359.34, "gpu_mem_gb": 9.738}
{"step": 3784, "ce_full": 0.003014, "psi_dir": 0.569019, "psi_entropy": 0.055547, "tension": 54.133251, "phi": 1.596425, "curiosity_ema": 2.20697439, "w_native_err": 1.95129049, "wall_s": 359.72, "gpu_mem_gb": 9.738}
{"step": 3788, "ce_full": 0.005048, "psi_dir": 0.56519, "psi_entropy": 0.105104, "tension": 54.011375, "phi": 1.587158, "curiosity_ema": 2.16230679, "w_native_err": 1.76029837, "wall_s": 360.1, "gpu_mem_gb": 9.738}
{"step": 3792, "ce_full": 0.005119, "psi_dir": 0.561275, "psi_entropy": 0.100458, "tension": 53.999451, "phi": 1.580181, "curiosity_ema": 2.11681446, "w_native_err": 1.70738351, "wall_s": 360.48, "gpu_mem_gb": 9.738}
{"step": 3796, "ce_full": 0.004322, "psi_dir": 0.56294, "psi_entropy": 0.072789, "tension": 54.088646, "phi": 1.595056, "curiosity_ema": 2.08237938, "w_native_err": 1.77246368, "wall_s": 360.86, "gpu_mem_gb": 9.738}
{"step": 3800, "ce_full": 0.008171, "psi_dir": 0.560308, "psi_entropy": 0.098243, "tension": 54.006439, "phi": 1.578832, "curiosity_ema": 2.0379134, "w_native_err": 1.63771951, "wall_s": 361.24, "gpu_mem_gb": 9.738}
{"step": 3804, "ce_full": 0.006367, "psi_dir": 0.561454, "psi_entropy": 0.099895, "tension": 54.371716, "phi": 1.579283, "curiosity_ema": 2.03761498, "w_native_err": 2.03492928, "wall_s": 361.62, "gpu_mem_gb": 9.738}
{"step": 3808, "ce_full": 0.004665, "psi_dir": 0.565434, "psi_entropy": 0.078105, "tension": 53.626343, "phi": 1.57934, "curiosity_ema": 1.95050343, "w_native_err": 1.1664995, "wall_s": 362.0, "gpu_mem_gb": 9.738}
{"step": 3812, "ce_full": 0.008435, "psi_dir": 0.570461, "psi_entropy": 0.129671, "tension": 53.587189, "phi": 1.578535, "curiosity_ema": 1.86632754, "w_native_err": 1.1087445, "wall_s": 362.38, "gpu_mem_gb": 9.738}
{"step": 3816, "ce_full": 0.003977, "psi_dir": 0.58031, "psi_entropy": 0.06783, "tension": 53.828697, "phi": 1.58753, "curiosity_ema": 1.81162706, "w_native_err": 1.31932271, "wall_s": 362.76, "gpu_mem_gb": 9.738}
{"step": 3820, "ce_full": 0.006249, "psi_dir": 0.587624, "psi_entropy": 0.092675, "tension": 54.300446, "phi": 1.569047, "curiosity_ema": 1.81076039, "w_native_err": 1.8029604, "wall_s": 363.14, "gpu_mem_gb": 9.738}
{"step": 3824, "ce_full": 0.008322, "psi_dir": 0.586365, "psi_entropy": 0.1652, "tension": 54.772881, "phi": 1.575284, "curiosity_ema": 1.86505721, "w_native_err": 2.35372853, "wall_s": 363.52, "gpu_mem_gb": 9.738}
{"step": 3828, "ce_full": 0.006584, "psi_dir": 0.585438, "psi_entropy": 0.105301, "tension": 54.882469, "phi": 1.573767, "curiosity_ema": 1.92254429, "w_native_err": 2.43992805, "wall_s": 363.9, "gpu_mem_gb": 9.738}
{"step": 3832, "ce_full": 0.003939, "psi_dir": 0.583025, "psi_entropy": 0.053128, "tension": 54.787868, "phi": 1.569349, "curiosity_ema": 1.95545416, "w_native_err": 2.25164294, "wall_s": 364.28, "gpu_mem_gb": 9.738}
{"step": 3836, "ce_full": 0.005173, "psi_dir": 0.586646, "psi_entropy": 0.077196, "tension": 54.381615, "phi": 1.563093, "curiosity_ema": 1.9293292, "w_native_err": 1.69420457, "wall_s": 364.66, "gpu_mem_gb": 9.738}
{"step": 3840, "ce_full": 0.00662, "psi_dir": 0.578931, "psi_entropy": 0.121966, "tension": 54.585068, "phi": 1.567257, "curiosity_ema": 1.92600024, "w_native_err": 1.89603961, "wall_s": 365.04, "gpu_mem_gb": 9.738}
{"step": 3844, "ce_full": 0.005223, "psi_dir": 0.573135, "psi_entropy": 0.093956, "tension": 54.621746, "phi": 1.563125, "curiosity_ema": 1.92310944, "w_native_err": 1.89709222, "wall_s": 365.41, "gpu_mem_gb": 9.738}
{"step": 3848, "ce_full": 0.002509, "psi_dir": 0.572507, "psi_entropy": 0.06926, "tension": 54.634209, "phi": 1.56724, "curiosity_ema": 1.91769771, "w_native_err": 1.86899221, "wall_s": 365.79, "gpu_mem_gb": 9.738}
{"step": 3852, "ce_full": 0.00442, "psi_dir": 0.569266, "psi_entropy": 0.090994, "tension": 54.581768, "phi": 1.566247, "curiosity_ema": 1.9022612, "w_native_err": 1.76333261, "wall_s": 366.17, "gpu_mem_gb": 9.738}
{"step": 3856, "ce_full": 0.004311, "psi_dir": 0.574129, "psi_entropy": 0.097309, "tension": 54.750763, "phi": 1.563903, "curiosity_ema": 1.90469614, "w_native_err": 1.92661059, "wall_s": 366.55, "gpu_mem_gb": 9.738}
{"step": 3860, "ce_full": 0.006458, "psi_dir": 0.575211, "psi_entropy": 0.102389, "tension": 54.760693, "phi": 1.566147, "curiosity_ema": 1.90380468, "w_native_err": 1.89578152, "wall_s": 366.93, "gpu_mem_gb": 9.738}
{"step": 3864, "ce_full": 0.004493, "psi_dir": 0.576594, "psi_entropy": 0.090368, "tension": 54.559959, "phi": 1.566216, "curiosity_ema": 1.87516708, "w_native_err": 1.61742866, "wall_s": 367.31, "gpu_mem_gb": 9.738}
{"step": 3868, "ce_full": 0.006357, "psi_dir": 0.576406, "psi_entropy": 0.138897, "tension": 54.76722, "phi": 1.575852, "curiosity_ema": 1.86985443, "w_native_err": 1.82204056, "wall_s": 367.69, "gpu_mem_gb": 9.738}
{"step": 3872, "ce_full": 0.006855, "psi_dir": 0.573676, "psi_entropy": 0.113911, "tension": 54.626129, "phi": 1.589014, "curiosity_ema": 1.84454351, "w_native_err": 1.61674523, "wall_s": 368.07, "gpu_mem_gb": 9.738}
{"step": 3876, "ce_full": 0.005952, "psi_dir": 0.572362, "psi_entropy": 0.092554, "tension": 55.27906, "phi": 1.58382, "curiosity_ema": 1.89989731, "w_native_err": 2.39808154, "wall_s": 368.45, "gpu_mem_gb": 9.738}
{"step": 3880, "ce_full": 0.003974, "psi_dir": 0.565982, "psi_entropy": 0.061238, "tension": 55.116974, "phi": 1.58943, "curiosity_ema": 1.9232476, "w_native_err": 2.1334002, "wall_s": 368.83, "gpu_mem_gb": 9.738}
{"step": 3884, "ce_full": 0.006214, "psi_dir": 0.564197, "psi_entropy": 0.094215, "tension": 55.426491, "phi": 1.594471, "curiosity_ema": 1.98178127, "w_native_err": 2.50858426, "wall_s": 369.28, "gpu_mem_gb": 9.738}
{"step": 3888, "ce_full": 0.006716, "psi_dir": 0.560204, "psi_entropy": 0.089486, "tension": 55.373028, "phi": 1.593216, "curiosity_ema": 2.02237236, "w_native_err": 2.38769221, "wall_s": 369.78, "gpu_mem_gb": 9.738}
{"step": 3892, "ce_full": 0.004816, "psi_dir": 0.559439, "psi_entropy": 0.069127, "tension": 56.102032, "phi": 1.590317, "curiosity_ema": 2.16476515, "w_native_err": 3.44630027, "wall_s": 370.22, "gpu_mem_gb": 9.738}
{"step": 3896, "ce_full": 0.004327, "psi_dir": 0.559557, "psi_entropy": 0.093639, "tension": 56.212326, "phi": 1.588364, "curiosity_ema": 2.30681377, "w_native_err": 3.58525133, "wall_s": 370.59, "gpu_mem_gb": 9.738}
{"step": 3900, "ce_full": 0.003478, "psi_dir": 0.569209, "psi_entropy": 0.078328, "tension": 56.215111, "phi": 1.591297, "curiosity_ema": 2.43122742, "w_native_err": 3.55095029, "wall_s": 370.98, "gpu_mem_gb": 9.738}
{"step": 3904, "ce_full": 0.005445, "psi_dir": 0.567653, "psi_entropy": 0.11193, "tension": 55.884457, "phi": 1.585121, "curiosity_ema": 2.48687089, "w_native_err": 2.98766208, "wall_s": 371.36, "gpu_mem_gb": 9.738}
{"step": 3908, "ce_full": 0.005085, "psi_dir": 0.567512, "psi_entropy": 0.10955, "tension": 56.0536, "phi": 1.589318, "curiosity_ema": 2.55862471, "w_native_err": 3.20440912, "wall_s": 371.74, "gpu_mem_gb": 9.738}
{"step": 3912, "ce_full": 0.008999, "psi_dir": 0.574334, "psi_entropy": 0.144771, "tension": 56.340416, "phi": 1.588458, "curiosity_ema": 2.66545543, "w_native_err": 3.62693191, "wall_s": 372.12, "gpu_mem_gb": 9.738}
{"step": 3916, "ce_full": 0.004527, "psi_dir": 0.575001, "psi_entropy": 0.081653, "tension": 55.761349, "phi": 1.592192, "curiosity_ema": 2.66812971, "w_native_err": 2.69219828, "wall_s": 372.5, "gpu_mem_gb": 9.738}
{"step": 3920, "ce_full": 0.009982, "psi_dir": 0.574779, "psi_entropy": 0.144426, "tension": 55.788376, "phi": 1.588775, "curiosity_ema": 2.66834653, "w_native_err": 2.67029786, "wall_s": 372.88, "gpu_mem_gb": 9.738}
{"step": 3924, "ce_full": 0.002084, "psi_dir": 0.573393, "psi_entropy": 0.05726, "tension": 55.628273, "phi": 1.590669, "curiosity_ema": 2.64019989, "w_native_err": 2.38688016, "wall_s": 373.26, "gpu_mem_gb": 9.738}
{"step": 3928, "ce_full": 0.005225, "psi_dir": 0.572493, "psi_entropy": 0.061801, "tension": 55.381836, "phi": 1.589192, "curiosity_ema": 2.57642154, "w_native_err": 2.00241637, "wall_s": 373.66, "gpu_mem_gb": 9.738}
{"step": 3932, "ce_full": 0.009886, "psi_dir": 0.570214, "psi_entropy": 0.174644, "tension": 54.983349, "phi": 1.594532, "curiosity_ema": 2.46651108, "w_native_err": 1.47731698, "wall_s": 374.04, "gpu_mem_gb": 9.738}
{"step": 3936, "ce_full": 0.002176, "psi_dir": 0.570625, "psi_entropy": 0.068516, "tension": 54.823082, "phi": 1.57831, "curiosity_ema": 2.34432825, "w_native_err": 1.24468279, "wall_s": 374.42, "gpu_mem_gb": 9.738}
{"step": 3940, "ce_full": 0.004111, "psi_dir": 0.569115, "psi_entropy": 0.064537, "tension": 54.87608, "phi": 1.577281, "curiosity_ema": 2.23358349, "w_native_err": 1.23688066, "wall_s": 374.82, "gpu_mem_gb": 9.738}
{"step": 3944, "ce_full": 0.004746, "psi_dir": 0.566238, "psi_entropy": 0.083474, "tension": 54.948547, "phi": 1.584137, "curiosity_ema": 2.13617416, "w_native_err": 1.25949013, "wall_s": 375.21, "gpu_mem_gb": 9.738}
{"step": 3948, "ce_full": 0.005764, "psi_dir": 0.566355, "psi_entropy": 0.107685, "tension": 54.897335, "phi": 1.578591, "curiosity_ema": 2.03949401, "w_native_err": 1.16937268, "wall_s": 375.59, "gpu_mem_gb": 9.738}
{"step": 3952, "ce_full": 0.003096, "psi_dir": 0.567715, "psi_entropy": 0.048048, "tension": 55.16169, "phi": 1.573771, "curiosity_ema": 1.97597548, "w_native_err": 1.40430868, "wall_s": 375.97, "gpu_mem_gb": 9.738}
{"step": 3956, "ce_full": 0.005937, "psi_dir": 0.562476, "psi_entropy": 0.071159, "tension": 55.352325, "phi": 1.5876, "curiosity_ema": 1.93635693, "w_native_err": 1.57979, "wall_s": 376.35, "gpu_mem_gb": 9.738}
{"step": 3960, "ce_full": 0.007504, "psi_dir": 0.567239, "psi_entropy": 0.128197, "tension": 55.268551, "phi": 1.592403, "curiosity_ema": 1.88838264, "w_native_err": 1.45661402, "wall_s": 376.72, "gpu_mem_gb": 9.738}
{"step": 3964, "ce_full": 0.008092, "psi_dir": 0.569131, "psi_entropy": 0.106833, "tension": 55.190727, "phi": 1.593443, "curiosity_ema": 1.83420176, "w_native_err": 1.34657383, "wall_s": 377.1, "gpu_mem_gb": 9.738}
{"step": 3968, "ce_full": 0.002026, "psi_dir": 0.567565, "psi_entropy": 0.058782, "tension": 55.281811, "phi": 1.59709, "curiosity_ema": 1.79241698, "w_native_err": 1.41635394, "wall_s": 377.48, "gpu_mem_gb": 9.738}
{"step": 3972, "ce_full": 0.005709, "psi_dir": 0.573984, "psi_entropy": 0.078927, "tension": 55.403744, "phi": 1.591215, "curiosity_ema": 1.76522462, "w_native_err": 1.52049339, "wall_s": 377.86, "gpu_mem_gb": 9.738}
{"step": 3976, "ce_full": 0.003813, "psi_dir": 0.581827, "psi_entropy": 0.054777, "tension": 55.522015, "phi": 1.586658, "curiosity_ema": 1.75087047, "w_native_err": 1.62168312, "wall_s": 378.23, "gpu_mem_gb": 9.738}
{"step": 3980, "ce_full": 0.005179, "psi_dir": 0.583714, "psi_entropy": 0.05507, "tension": 55.933006, "phi": 1.604457, "curiosity_ema": 1.78376401, "w_native_err": 2.07980585, "wall_s": 378.61, "gpu_mem_gb": 9.738}
{"step": 3984, "ce_full": 0.004511, "psi_dir": 0.570629, "psi_entropy": 0.084184, "tension": 55.671978, "phi": 1.589762, "curiosity_ema": 1.77702524, "w_native_err": 1.7163763, "wall_s": 378.99, "gpu_mem_gb": 9.738}
{"step": 3988, "ce_full": 0.006618, "psi_dir": 0.572726, "psi_entropy": 0.082798, "tension": 55.53532, "phi": 1.588212, "curiosity_ema": 1.75196875, "w_native_err": 1.52646041, "wall_s": 379.37, "gpu_mem_gb": 9.738}
{"step": 3992, "ce_full": 0.004557, "psi_dir": 0.570298, "psi_entropy": 0.082784, "tension": 55.741974, "phi": 1.592077, "curiosity_ema": 1.74939198, "w_native_err": 1.72620106, "wall_s": 379.74, "gpu_mem_gb": 9.738}
{"step": 3996, "ce_full": 0.003964, "psi_dir": 0.577125, "psi_entropy": 0.075226, "tension": 55.961468, "phi": 1.607091, "curiosity_ema": 1.76941642, "w_native_err": 1.94963634, "wall_s": 380.12, "gpu_mem_gb": 9.738}
{"step": 4000, "ce_full": 0.004744, "psi_dir": 0.576227, "psi_entropy": 0.077389, "tension": 55.472466, "phi": 1.59071, "curiosity_ema": 1.72783913, "w_native_err": 1.35364354, "wall_s": 380.5, "gpu_mem_gb": 9.738}
{"step": 4004, "ce_full": 0.004619, "psi_dir": 0.57138, "psi_entropy": 0.071426, "tension": 55.191692, "phi": 1.586498, "curiosity_ema": 1.6606316, "w_native_err": 1.05576384, "wall_s": 380.88, "gpu_mem_gb": 9.738}
{"step": 4008, "ce_full": 0.007124, "psi_dir": 0.573716, "psi_entropy": 0.107242, "tension": 55.79966, "phi": 1.590863, "curiosity_ema": 1.65983896, "w_native_err": 1.65270519, "wall_s": 381.26, "gpu_mem_gb": 9.738}
{"step": 4012, "ce_full": 0.00368, "psi_dir": 0.572157, "psi_entropy": 0.067842, "tension": 55.684807, "phi": 1.586139, "curiosity_ema": 1.64263669, "w_native_err": 1.48781621, "wall_s": 381.64, "gpu_mem_gb": 9.738}
{"step": 4016, "ce_full": 0.008351, "psi_dir": 0.573774, "psi_entropy": 0.100324, "tension": 55.907818, "phi": 1.585773, "curiosity_ema": 1.64849907, "w_native_err": 1.70126057, "wall_s": 382.03, "gpu_mem_gb": 9.738}
{"step": 4020, "ce_full": 0.002391, "psi_dir": 0.576587, "psi_entropy": 0.074419, "tension": 55.779961, "phi": 1.586201, "curiosity_ema": 1.63547623, "w_native_err": 1.51827061, "wall_s": 382.41, "gpu_mem_gb": 9.738}
{"step": 4024, "ce_full": 0.005483, "psi_dir": 0.578945, "psi_entropy": 0.131451, "tension": 55.835381, "phi": 1.584177, "curiosity_ema": 1.62629243, "w_native_err": 1.54363823, "wall_s": 382.79, "gpu_mem_gb": 9.738}
{"step": 4028, "ce_full": 0.003402, "psi_dir": 0.58303, "psi_entropy": 0.059556, "tension": 55.851131, "phi": 1.591038, "curiosity_ema": 1.61614001, "w_native_err": 1.52476823, "wall_s": 383.16, "gpu_mem_gb": 9.738}
{"step": 4032, "ce_full": 0.004793, "psi_dir": 0.577379, "psi_entropy": 0.120465, "tension": 55.573681, "phi": 1.591831, "curiosity_ema": 1.57493849, "w_native_err": 1.20412481, "wall_s": 383.54, "gpu_mem_gb": 9.738}
{"step": 4036, "ce_full": 0.005173, "psi_dir": 0.571097, "psi_entropy": 0.083896, "tension": 55.404491, "phi": 1.602924, "curiosity_ema": 1.51952409, "w_native_err": 1.02079451, "wall_s": 383.92, "gpu_mem_gb": 9.738}
{"step": 4040, "ce_full": 0.004207, "psi_dir": 0.568664, "psi_entropy": 0.058627, "tension": 55.305416, "phi": 1.597606, "curiosity_ema": 1.45899235, "w_native_err": 0.91420668, "wall_s": 384.3, "gpu_mem_gb": 9.738}
{"step": 4044, "ce_full": 0.006522, "psi_dir": 0.566999, "psi_entropy": 0.086355, "tension": 55.662529, "phi": 1.588691, "curiosity_ema": 1.43471568, "w_native_err": 1.21622562, "wall_s": 384.67, "gpu_mem_gb": 9.738}
{"step": 4048, "ce_full": 0.005246, "psi_dir": 0.565075, "psi_entropy": 0.069536, "tension": 55.663475, "phi": 1.574722, "curiosity_ema": 1.41012091, "w_native_err": 1.18876803, "wall_s": 385.05, "gpu_mem_gb": 9.738}
{"step": 4052, "ce_full": 0.002959, "psi_dir": 0.563958, "psi_entropy": 0.064368, "tension": 55.68573, "phi": 1.579858, "curiosity_ema": 1.38729419, "w_native_err": 1.18185365, "wall_s": 385.43, "gpu_mem_gb": 9.738}
{"step": 4056, "ce_full": 0.00454, "psi_dir": 0.559783, "psi_entropy": 0.070594, "tension": 55.409393, "phi": 1.566425, "curiosity_ema": 1.33933404, "w_native_err": 0.90769273, "wall_s": 385.8, "gpu_mem_gb": 9.738}
{"step": 4060, "ce_full": 0.003472, "psi_dir": 0.561045, "psi_entropy": 0.043605, "tension": 55.915703, "phi": 1.578085, "curiosity_ema": 1.34099913, "w_native_err": 1.35598493, "wall_s": 386.18, "gpu_mem_gb": 9.738}
{"step": 4064, "ce_full": 0.003442, "psi_dir": 0.568018, "psi_entropy": 0.082429, "tension": 55.791527, "phi": 1.570231, "curiosity_ema": 1.32679194, "w_native_err": 1.19892728, "wall_s": 386.56, "gpu_mem_gb": 9.738}
{"step": 4068, "ce_full": 0.010294, "psi_dir": 0.571766, "psi_entropy": 0.12328, "tension": 55.886425, "phi": 1.577965, "curiosity_ema": 1.32038937, "w_native_err": 1.26276624, "wall_s": 386.94, "gpu_mem_gb": 9.738}
{"step": 4072, "ce_full": 0.006895, "psi_dir": 0.573018, "psi_entropy": 0.114434, "tension": 56.032646, "phi": 1.581376, "curiosity_ema": 1.32626679, "w_native_err": 1.3791635, "wall_s": 387.31, "gpu_mem_gb": 9.738}
{"step": 4076, "ce_full": 0.004393, "psi_dir": 0.576804, "psi_entropy": 0.06757, "tension": 55.574627, "phi": 1.575739, "curiosity_ema": 1.28517269, "w_native_err": 0.91532582, "wall_s": 387.69, "gpu_mem_gb": 9.738}
{"step": 4080, "ce_full": 0.004111, "psi_dir": 0.583401, "psi_entropy": 0.082906, "tension": 55.276123, "phi": 1.572202, "curiosity_ema": 1.22290359, "w_native_err": 0.66248173, "wall_s": 388.07, "gpu_mem_gb": 9.738}
{"step": 4084, "ce_full": 0.006533, "psi_dir": 0.57753, "psi_entropy": 0.08889, "tension": 55.245647, "phi": 1.571285, "curiosity_ema": 1.1632854, "w_native_err": 0.62672168, "wall_s": 388.44, "gpu_mem_gb": 9.738}
{"step": 4088, "ce_full": 0.005672, "psi_dir": 0.574929, "psi_entropy": 0.085835, "tension": 55.50576, "phi": 1.570965, "curiosity_ema": 1.12738257, "w_native_err": 0.80425704, "wall_s": 388.82, "gpu_mem_gb": 9.738}
{"step": 4092, "ce_full": 0.007394, "psi_dir": 0.572508, "psi_entropy": 0.076619, "tension": 55.688118, "phi": 1.56637, "curiosity_ema": 1.10797754, "w_native_err": 0.93333226, "wall_s": 389.2, "gpu_mem_gb": 9.738}
{"step": 4096, "ce_full": 0.005986, "psi_dir": 0.569817, "psi_entropy": 0.105291, "tension": 55.825859, "phi": 1.571233, "curiosity_ema": 1.10012841, "w_native_err": 1.0294863, "wall_s": 389.58, "gpu_mem_gb": 9.738}
{"step": 4100, "ce_full": 0.001984, "psi_dir": 0.567454, "psi_entropy": 0.049117, "tension": 55.955635, "phi": 1.571308, "curiosity_ema": 1.10231782, "w_native_err": 1.12202251, "wall_s": 389.96, "gpu_mem_gb": 9.738}
{"step": 4104, "ce_full": 0.003525, "psi_dir": 0.564564, "psi_entropy": 0.071598, "tension": 56.165966, "phi": 1.571439, "curiosity_ema": 1.12177601, "w_native_err": 1.29689968, "wall_s": 390.34, "gpu_mem_gb": 9.738}
{"step": 4108, "ce_full": 0.004985, "psi_dir": 0.567431, "psi_entropy": 0.06927, "tension": 56.076946, "phi": 1.58521, "curiosity_ema": 1.127356, "w_native_err": 1.17757595, "wall_s": 390.72, "gpu_mem_gb": 9.738}
{"step": 4112, "ce_full": 0.005372, "psi_dir": 0.569617, "psi_entropy": 0.08918, "tension": 56.196331, "phi": 1.585966, "curiosity_ema": 1.14118078, "w_native_err": 1.26560378, "wall_s": 391.09, "gpu_mem_gb": 9.738}
{"step": 4116, "ce_full": 0.005383, "psi_dir": 0.570944, "psi_entropy": 0.092764, "tension": 55.89682, "phi": 1.585789, "curiosity_ema": 1.1227689, "w_native_err": 0.95706195, "wall_s": 391.47, "gpu_mem_gb": 9.738}
{"step": 4120, "ce_full": 0.006972, "psi_dir": 0.571576, "psi_entropy": 0.146829, "tension": 56.07235, "phi": 1.588149, "curiosity_ema": 1.11969908, "w_native_err": 1.0920707, "wall_s": 391.85, "gpu_mem_gb": 9.738}
{"step": 4124, "ce_full": 0.005679, "psi_dir": 0.57174, "psi_entropy": 0.083208, "tension": 56.212128, "phi": 1.58761, "curiosity_ema": 1.12756882, "w_native_err": 1.19839656, "wall_s": 392.23, "gpu_mem_gb": 9.738}
{"step": 4128, "ce_full": 0.003268, "psi_dir": 0.574132, "psi_entropy": 0.056029, "tension": 56.282249, "phi": 1.598211, "curiosity_ema": 1.13883079, "w_native_err": 1.24018848, "wall_s": 392.61, "gpu_mem_gb": 9.738}
{"step": 4132, "ce_full": 0.006834, "psi_dir": 0.572179, "psi_entropy": 0.132028, "tension": 56.171379, "phi": 1.597691, "curiosity_ema": 1.13556955, "w_native_err": 1.10621834, "wall_s": 393.01, "gpu_mem_gb": 9.738}
{"step": 4136, "ce_full": 0.010847, "psi_dir": 0.572828, "psi_entropy": 0.133014, "tension": 55.9627, "phi": 1.586766, "curiosity_ema": 1.1116115, "w_native_err": 0.89598912, "wall_s": 393.39, "gpu_mem_gb": 9.738}
{"step": 4140, "ce_full": 0.005185, "psi_dir": 0.576322, "psi_entropy": 0.066842, "tension": 56.062267, "phi": 1.591019, "curiosity_ema": 1.09639065, "w_native_err": 0.95940298, "wall_s": 393.78, "gpu_mem_gb": 9.738}
{"step": 4144, "ce_full": 0.004422, "psi_dir": 0.571765, "psi_entropy": 0.080297, "tension": 55.967438, "phi": 1.604418, "curiosity_ema": 1.07241018, "w_native_err": 0.85658598, "wall_s": 394.16, "gpu_mem_gb": 9.738}
{"step": 4148, "ce_full": 0.005284, "psi_dir": 0.572564, "psi_entropy": 0.091217, "tension": 56.073456, "phi": 1.603351, "curiosity_ema": 1.0576452, "w_native_err": 0.92476034, "wall_s": 394.54, "gpu_mem_gb": 9.738}
{"step": 4152, "ce_full": 0.006233, "psi_dir": 0.571218, "psi_entropy": 0.099702, "tension": 55.432739, "phi": 1.57632, "curiosity_ema": 0.99600247, "w_native_err": 0.44121787, "wall_s": 394.92, "gpu_mem_gb": 9.738}
{"step": 4156, "ce_full": 0.003806, "psi_dir": 0.570162, "psi_entropy": 0.065953, "tension": 55.612225, "phi": 1.583274, "curiosity_ema": 0.95041581, "w_native_err": 0.54013586, "wall_s": 395.3, "gpu_mem_gb": 9.738}
{"step": 4160, "ce_full": 0.00708, "psi_dir": 0.570725, "psi_entropy": 0.118874, "tension": 55.723278, "phi": 1.599731, "curiosity_ema": 0.91541268, "w_native_err": 0.60038459, "wall_s": 395.67, "gpu_mem_gb": 9.738}
{"step": 4164, "ce_full": 0.006572, "psi_dir": 0.568979, "psi_entropy": 0.117094, "tension": 55.952148, "phi": 1.583735, "curiosity_ema": 0.89907008, "w_native_err": 0.75198668, "wall_s": 396.05, "gpu_mem_gb": 9.738}
{"step": 4168, "ce_full": 0.003652, "psi_dir": 0.565867, "psi_entropy": 0.09498, "tension": 55.63195, "phi": 1.587152, "curiosity_ema": 0.86020172, "w_native_err": 0.51038641, "wall_s": 396.43, "gpu_mem_gb": 9.738}
{"step": 4172, "ce_full": 0.00959, "psi_dir": 0.570736, "psi_entropy": 0.11993, "tension": 55.936642, "phi": 1.585952, "curiosity_ema": 0.84491317, "w_native_err": 0.70731628, "wall_s": 396.81, "gpu_mem_gb": 9.738}
{"step": 4176, "ce_full": 0.003341, "psi_dir": 0.569868, "psi_entropy": 0.062489, "tension": 55.342621, "phi": 1.575813, "curiosity_ema": 0.79267383, "w_native_err": 0.32251975, "wall_s": 397.19, "gpu_mem_gb": 9.738}
{"step": 4180, "ce_full": 0.003634, "psi_dir": 0.570108, "psi_entropy": 0.076054, "tension": 55.94368, "phi": 1.587221, "curiosity_ema": 0.78172684, "w_native_err": 0.68320394, "wall_s": 397.57, "gpu_mem_gb": 9.738}
{"step": 4184, "ce_full": 0.007474, "psi_dir": 0.568677, "psi_entropy": 0.104099, "tension": 55.599682, "phi": 1.576536, "curiosity_ema": 0.74769468, "w_native_err": 0.44140521, "wall_s": 397.95, "gpu_mem_gb": 9.738}
{"step": 4188, "ce_full": 0.005447, "psi_dir": 0.568092, "psi_entropy": 0.078266, "tension": 55.717953, "phi": 1.585801, "curiosity_ema": 0.72314014, "w_native_err": 0.50214934, "wall_s": 398.33, "gpu_mem_gb": 9.738}
{"step": 4192, "ce_full": 0.006706, "psi_dir": 0.569245, "psi_entropy": 0.115816, "tension": 55.737358, "phi": 1.574523, "curiosity_ema": 0.70104626, "w_native_err": 0.50220132, "wall_s": 398.71, "gpu_mem_gb": 9.738}
{"step": 4196, "ce_full": 0.003037, "psi_dir": 0.56941, "psi_entropy": 0.076464, "tension": 55.746132, "phi": 1.581801, "curiosity_ema": 0.68048145, "w_native_err": 0.4953981, "wall_s": 399.09, "gpu_mem_gb": 9.738}
{"step": 4200, "ce_full": 0.005736, "psi_dir": 0.568011, "psi_entropy": 0.094534, "tension": 55.57621, "phi": 1.575546, "curiosity_ema": 0.65092884, "w_native_err": 0.38495541, "wall_s": 399.46, "gpu_mem_gb": 9.738}
{"step": 4204, "ce_full": 0.00656, "psi_dir": 0.570381, "psi_entropy": 0.112157, "tension": 55.47456, "phi": 1.575518, "curiosity_ema": 0.61815605, "w_native_err": 0.32320097, "wall_s": 399.85, "gpu_mem_gb": 9.738}
{"step": 4208, "ce_full": 0.002676, "psi_dir": 0.569398, "psi_entropy": 0.060815, "tension": 55.569359, "phi": 1.572035, "curiosity_ema": 0.59269827, "w_native_err": 0.36357817, "wall_s": 400.23, "gpu_mem_gb": 9.738}
{"step": 4212, "ce_full": 0.005704, "psi_dir": 0.568906, "psi_entropy": 0.093245, "tension": 55.730469, "phi": 1.57116, "curiosity_ema": 0.57775374, "w_native_err": 0.44325304, "wall_s": 400.6, "gpu_mem_gb": 9.738}
{"step": 4216, "ce_full": 0.008052, "psi_dir": 0.575777, "psi_entropy": 0.124576, "tension": 55.978943, "phi": 1.578782, "curiosity_ema": 0.57875794, "w_native_err": 0.58779567, "wall_s": 400.98, "gpu_mem_gb": 9.738}
{"step": 4220, "ce_full": 0.008188, "psi_dir": 0.578408, "psi_entropy": 0.133126, "tension": 55.920105, "phi": 1.567862, "curiosity_ema": 0.57433063, "w_native_err": 0.53448486, "wall_s": 401.36, "gpu_mem_gb": 9.738}
{"step": 4224, "ce_full": 0.004792, "psi_dir": 0.572264, "psi_entropy": 0.076027, "tension": 55.678673, "phi": 1.564357, "curiosity_ema": 0.55474641, "w_native_err": 0.37848839, "wall_s": 401.74, "gpu_mem_gb": 9.738}
{"step": 4228, "ce_full": 0.004538, "psi_dir": 0.573826, "psi_entropy": 0.068249, "tension": 55.678951, "phi": 1.576862, "curiosity_ema": 0.53616338, "w_native_err": 0.36891618, "wall_s": 402.12, "gpu_mem_gb": 9.738}
{"step": 4232, "ce_full": 0.007202, "psi_dir": 0.571199, "psi_entropy": 0.107347, "tension": 55.453674, "phi": 1.579224, "curiosity_ema": 0.50760726, "w_native_err": 0.25060216, "wall_s": 402.5, "gpu_mem_gb": 9.738}
{"step": 4236, "ce_full": 0.007325, "psi_dir": 0.568296, "psi_entropy": 0.10045, "tension": 55.188168, "phi": 1.579646, "curiosity_ema": 0.47124269, "w_native_err": 0.14396158, "wall_s": 402.87, "gpu_mem_gb": 9.738}
{"step": 4240, "ce_full": 0.003505, "psi_dir": 0.570185, "psi_entropy": 0.089466, "tension": 55.836712, "phi": 1.605832, "curiosity_ema": 0.46713727, "w_native_err": 0.43018848, "wall_s": 403.25, "gpu_mem_gb": 9.738}
{"step": 4244, "ce_full": 0.004314, "psi_dir": 0.568753, "psi_entropy": 0.06551, "tension": 55.834702, "phi": 1.595853, "curiosity_ema": 0.46221382, "w_native_err": 0.41790277, "wall_s": 403.65, "gpu_mem_gb": 9.738}
{"step": 4248, "ce_full": 0.005024, "psi_dir": 0.572533, "psi_entropy": 0.10528, "tension": 55.97044, "phi": 1.586736, "curiosity_ema": 0.46466146, "w_native_err": 0.48669025, "wall_s": 404.03, "gpu_mem_gb": 9.738}
{"step": 4252, "ce_full": 0.003057, "psi_dir": 0.573018, "psi_entropy": 0.059847, "tension": 55.981258, "phi": 1.589601, "curiosity_ema": 0.46632655, "w_native_err": 0.48131236, "wall_s": 404.41, "gpu_mem_gb": 9.738}
{"step": 4256, "ce_full": 0.003345, "psi_dir": 0.571958, "psi_entropy": 0.072733, "tension": 56.072632, "phi": 1.581126, "curiosity_ema": 0.4723335, "w_native_err": 0.52639604, "wall_s": 404.79, "gpu_mem_gb": 9.738}
{"step": 4260, "ce_full": 0.003374, "psi_dir": 0.57456, "psi_entropy": 0.082881, "tension": 56.046082, "phi": 1.583214, "curiosity_ema": 0.47479555, "w_native_err": 0.49695396, "wall_s": 405.17, "gpu_mem_gb": 9.738}
{"step": 4264, "ce_full": 0.009232, "psi_dir": 0.572169, "psi_entropy": 0.150537, "tension": 55.889824, "phi": 1.580809, "curiosity_ema": 0.46673511, "w_native_err": 0.39419112, "wall_s": 405.57, "gpu_mem_gb": 9.738}
{"step": 4268, "ce_full": 0.008349, "psi_dir": 0.578026, "psi_entropy": 0.109241, "tension": 55.673046, "phi": 1.572976, "curiosity_ema": 0.44740191, "w_native_err": 0.2734032, "wall_s": 405.95, "gpu_mem_gb": 9.738}
{"step": 4272, "ce_full": 0.002873, "psi_dir": 0.571899, "psi_entropy": 0.056923, "tension": 55.760784, "phi": 1.573307, "curiosity_ema": 0.43340878, "w_native_err": 0.30747056, "wall_s": 406.33, "gpu_mem_gb": 9.738}
{"step": 4276, "ce_full": 0.002283, "psi_dir": 0.575351, "psi_entropy": 0.072964, "tension": 55.559216, "phi": 1.57369, "curiosity_ema": 0.4109979, "w_native_err": 0.2093, "wall_s": 406.71, "gpu_mem_gb": 9.738}
{"step": 4280, "ce_full": 0.006384, "psi_dir": 0.577273, "psi_entropy": 0.101446, "tension": 55.178482, "phi": 1.580536, "curiosity_ema": 0.3779141, "w_native_err": 0.08015987, "wall_s": 407.09, "gpu_mem_gb": 9.738}
{"step": 4284, "ce_full": 0.004526, "psi_dir": 0.576362, "psi_entropy": 0.084902, "tension": 55.399292, "phi": 1.592993, "curiosity_ema": 0.35417964, "w_native_err": 0.14056949, "wall_s": 407.47, "gpu_mem_gb": 9.738}
{"step": 4288, "ce_full": 0.007284, "psi_dir": 0.576591, "psi_entropy": 0.087646, "tension": 55.06794, "phi": 1.587561, "curiosity_ema": 0.32386051, "w_native_err": 0.05098841, "wall_s": 407.85, "gpu_mem_gb": 9.738}
{"step": 4292, "ce_full": 0.009712, "psi_dir": 0.57208, "psi_entropy": 0.138298, "tension": 55.823456, "phi": 1.614608, "curiosity_ema": 0.32197599, "w_native_err": 0.30501524, "wall_s": 408.23, "gpu_mem_gb": 9.738}
{"step": 4296, "ce_full": 0.008916, "psi_dir": 0.567756, "psi_entropy": 0.081477, "tension": 55.485893, "phi": 1.601634, "curiosity_ema": 0.30544124, "w_native_err": 0.15662847, "wall_s": 408.61, "gpu_mem_gb": 9.738}
{"step": 4300, "ce_full": 0.004864, "psi_dir": 0.569168, "psi_entropy": 0.05905, "tension": 56.27301, "phi": 1.598689, "curiosity_ema": 0.32948867, "w_native_err": 0.5459156, "wall_s": 408.99, "gpu_mem_gb": 9.738}
{"step": 4304, "ce_full": 0.005116, "psi_dir": 0.567376, "psi_entropy": 0.097999, "tension": 56.611198, "phi": 1.607127, "curiosity_ema": 0.37431616, "w_native_err": 0.77776355, "wall_s": 409.37, "gpu_mem_gb": 9.738}
{"step": 4308, "ce_full": 0.005256, "psi_dir": 0.568435, "psi_entropy": 0.07911, "tension": 56.485027, "phi": 1.611549, "curiosity_ema": 0.40376637, "w_native_err": 0.66881824, "wall_s": 409.75, "gpu_mem_gb": 9.738}
{"step": 4312, "ce_full": 0.00297, "psi_dir": 0.572672, "psi_entropy": 0.06092, "tension": 56.912518, "phi": 1.613434, "curiosity_ema": 0.46376226, "w_native_err": 1.00372529, "wall_s": 410.13, "gpu_mem_gb": 9.738}
{"step": 4316, "ce_full": 0.005964, "psi_dir": 0.569262, "psi_entropy": 0.10439, "tension": 56.330719, "phi": 1.607412, "curiosity_ema": 0.47136923, "w_native_err": 0.539832, "wall_s": 410.5, "gpu_mem_gb": 9.738}
{"step": 4320, "ce_full": 0.0045, "psi_dir": 0.57476, "psi_entropy": 0.078913, "tension": 56.394482, "phi": 1.615301, "curiosity_ema": 0.48141655, "w_native_err": 0.57184237, "wall_s": 410.88, "gpu_mem_gb": 9.738}
{"step": 4324, "ce_full": 0.001455, "psi_dir": 0.577962, "psi_entropy": 0.057375, "tension": 56.266876, "phi": 1.604541, "curiosity_ema": 0.48121496, "w_native_err": 0.47940063, "wall_s": 411.26, "gpu_mem_gb": 9.738}
{"step": 4328, "ce_full": 0.006487, "psi_dir": 0.572834, "psi_entropy": 0.114216, "tension": 56.499535, "phi": 1.615992, "curiosity_ema": 0.4953304, "w_native_err": 0.62236941, "wall_s": 411.64, "gpu_mem_gb": 9.738}
{"step": 4332, "ce_full": 0.002234, "psi_dir": 0.575826, "psi_entropy": 0.059771, "tension": 56.65741, "phi": 1.614451, "curiosity_ema": 0.51840749, "w_native_err": 0.72610128, "wall_s": 412.03, "gpu_mem_gb": 9.738}
{"step": 4336, "ce_full": 0.006073, "psi_dir": 0.574303, "psi_entropy": 0.098217, "tension": 56.720924, "phi": 1.617074, "curiosity_ema": 0.54286384, "w_native_err": 0.76297104, "wall_s": 412.41, "gpu_mem_gb": 9.738}
{"step": 4340, "ce_full": 0.003342, "psi_dir": 0.576433, "psi_entropy": 0.103526, "tension": 56.428112, "phi": 1.61316, "curiosity_ema": 0.54277322, "w_native_err": 0.54195756, "wall_s": 412.78, "gpu_mem_gb": 9.738}
{"step": 4344, "ce_full": 0.003328, "psi_dir": 0.575965, "psi_entropy": 0.078831, "tension": 56.737526, "phi": 1.606542, "curiosity_ema": 0.56344389, "w_native_err": 0.74947995, "wall_s": 413.16, "gpu_mem_gb": 9.738}
{"step": 4348, "ce_full": 0.004312, "psi_dir": 0.578703, "psi_entropy": 0.079505, "tension": 56.766975, "phi": 1.616245, "curiosity_ema": 0.58304014, "w_native_err": 0.75940645, "wall_s": 413.54, "gpu_mem_gb": 9.738}
{"step": 4352, "ce_full": 0.006654, "psi_dir": 0.581562, "psi_entropy": 0.083395, "tension": 56.557278, "phi": 1.607491, "curiosity_ema": 0.5841353, "w_native_err": 0.5939917, "wall_s": 413.92, "gpu_mem_gb": 9.738}
{"step": 4356, "ce_full": 0.003395, "psi_dir": 0.579456, "psi_entropy": 0.071301, "tension": 56.569244, "phi": 1.608653, "curiosity_ema": 0.58462495, "w_native_err": 0.58903182, "wall_s": 414.3, "gpu_mem_gb": 9.738}
{"step": 4360, "ce_full": 0.007042, "psi_dir": 0.580494, "psi_entropy": 0.107505, "tension": 56.45327, "phi": 1.615519, "curiosity_ema": 0.57620789, "w_native_err": 0.50045431, "wall_s": 414.68, "gpu_mem_gb": 9.738}
{"step": 4364, "ce_full": 0.008061, "psi_dir": 0.578482, "psi_entropy": 0.128535, "tension": 56.408051, "phi": 1.619399, "curiosity_ema": 0.56460008, "w_native_err": 0.4601298, "wall_s": 415.06, "gpu_mem_gb": 9.738}
{"step": 4368, "ce_full": 0.002788, "psi_dir": 0.577698, "psi_entropy": 0.079976, "tension": 56.454697, "phi": 1.630267, "curiosity_ema": 0.55568925, "w_native_err": 0.47549176, "wall_s": 415.43, "gpu_mem_gb": 9.738}
{"step": 4372, "ce_full": 0.004929, "psi_dir": 0.5742, "psi_entropy": 0.054726, "tension": 55.88092, "phi": 1.620012, "curiosity_ema": 0.51829525, "w_native_err": 0.18174933, "wall_s": 415.81, "gpu_mem_gb": 9.738}
{"step": 4376, "ce_full": 0.007067, "psi_dir": 0.569084, "psi_entropy": 0.123907, "tension": 56.014442, "phi": 1.626259, "curiosity_ema": 0.48898596, "w_native_err": 0.22520232, "wall_s": 416.19, "gpu_mem_gb": 9.738}
{"step": 4380, "ce_full": 0.003141, "psi_dir": 0.570897, "psi_entropy": 0.075756, "tension": 55.912697, "phi": 1.622947, "curiosity_ema": 0.45773286, "w_native_err": 0.17645498, "wall_s": 416.57, "gpu_mem_gb": 9.738}
{"step": 4384, "ce_full": 0.0059, "psi_dir": 0.56946, "psi_entropy": 0.126351, "tension": 55.875427, "phi": 1.631997, "curiosity_ema": 0.42756326, "w_native_err": 0.15603681, "wall_s": 416.95, "gpu_mem_gb": 9.738}
{"step": 4388, "ce_full": 0.004198, "psi_dir": 0.568349, "psi_entropy": 0.071943, "tension": 55.730881, "phi": 1.627649, "curiosity_ema": 0.39525597, "w_native_err": 0.10449034, "wall_s": 417.33, "gpu_mem_gb": 9.738}
{"step": 4392, "ce_full": 0.003982, "psi_dir": 0.568995, "psi_entropy": 0.093961, "tension": 55.993408, "phi": 1.635439, "curiosity_ema": 0.37456927, "w_native_err": 0.18838902, "wall_s": 417.71, "gpu_mem_gb": 9.738}
{"step": 4396, "ce_full": 0.00548, "psi_dir": 0.565697, "psi_entropy": 0.114339, "tension": 55.954781, "phi": 1.62983, "curiosity_ema": 0.35400781, "w_native_err": 0.16895464, "wall_s": 418.09, "gpu_mem_gb": 9.738}
{"step": 4400, "ce_full": 0.007921, "psi_dir": 0.558796, "psi_entropy": 0.156651, "tension": 56.299866, "phi": 1.643844, "curiosity_ema": 0.3499475, "w_native_err": 0.31340477, "wall_s": 418.47, "gpu_mem_gb": 9.738}
{"step": 4404, "ce_full": 0.007913, "psi_dir": 0.56197, "psi_entropy": 0.098031, "tension": 56.120636, "phi": 1.642806, "curiosity_ema": 0.33735679, "w_native_err": 0.22404037, "wall_s": 418.85, "gpu_mem_gb": 9.738}
{"step": 4408, "ce_full": 0.00426, "psi_dir": 0.566725, "psi_entropy": 0.078683, "tension": 56.338058, "phi": 1.642038, "curiosity_ema": 0.33549685, "w_native_err": 0.31875741, "wall_s": 419.23, "gpu_mem_gb": 9.738}
{"step": 4412, "ce_full": 0.006495, "psi_dir": 0.571594, "psi_entropy": 0.087377, "tension": 56.7061, "phi": 1.644435, "curiosity_ema": 0.35411038, "w_native_err": 0.52163213, "wall_s": 419.61, "gpu_mem_gb": 9.738}
{"step": 4416, "ce_full": 0.002428, "psi_dir": 0.579954, "psi_entropy": 0.040133, "tension": 56.802826, "phi": 1.619488, "curiosity_ema": 0.37629299, "w_native_err": 0.5759365, "wall_s": 419.99, "gpu_mem_gb": 9.738}
{"step": 4420, "ce_full": 0.004949, "psi_dir": 0.580555, "psi_entropy": 0.086186, "tension": 57.433025, "phi": 1.636658, "curiosity_ema": 0.44526068, "w_native_err": 1.06596982, "wall_s": 420.37, "gpu_mem_gb": 9.738}
{"step": 4424, "ce_full": 0.007156, "psi_dir": 0.581755, "psi_entropy": 0.136459, "tension": 57.391918, "phi": 1.623425, "curiosity_ema": 0.50200549, "w_native_err": 1.01270878, "wall_s": 420.75, "gpu_mem_gb": 9.738}
{"step": 4428, "ce_full": 0.006283, "psi_dir": 0.583971, "psi_entropy": 0.075633, "tension": 57.645123, "phi": 1.629367, "curiosity_ema": 0.57541989, "w_native_err": 1.23614955, "wall_s": 421.13, "gpu_mem_gb": 9.738}
{"step": 4432, "ce_full": 0.005255, "psi_dir": 0.583673, "psi_entropy": 0.099888, "tension": 57.677429, "phi": 1.627914, "curiosity_ema": 0.6431343, "w_native_err": 1.25256395, "wall_s": 421.51, "gpu_mem_gb": 9.738}
{"step": 4436, "ce_full": 0.00658, "psi_dir": 0.578712, "psi_entropy": 0.092033, "tension": 57.112194, "phi": 1.622837, "curiosity_ema": 0.65287842, "w_native_err": 0.74057555, "wall_s": 421.88, "gpu_mem_gb": 9.738}
{"step": 4440, "ce_full": 0.005612, "psi_dir": 0.575412, "psi_entropy": 0.115047, "tension": 57.462353, "phi": 1.621983, "curiosity_ema": 0.6892327, "w_native_err": 1.0164212, "wall_s": 422.26, "gpu_mem_gb": 9.738}
{"step": 4444, "ce_full": 0.002222, "psi_dir": 0.569018, "psi_entropy": 0.072879, "tension": 57.096436, "phi": 1.613791, "curiosity_ema": 0.69051058, "w_native_err": 0.70201153, "wall_s": 422.64, "gpu_mem_gb": 9.738}
{"step": 4448, "ce_full": 0.003769, "psi_dir": 0.568725, "psi_entropy": 0.081711, "tension": 57.208008, "phi": 1.620573, "curiosity_ema": 0.6985645, "w_native_err": 0.77104974, "wall_s": 423.04, "gpu_mem_gb": 9.738}
{"step": 4452, "ce_full": 0.011313, "psi_dir": 0.571164, "psi_entropy": 0.113345, "tension": 57.17572, "phi": 1.621106, "curiosity_ema": 0.70176395, "w_native_err": 0.73055905, "wall_s": 423.43, "gpu_mem_gb": 9.738}
{"step": 4456, "ce_full": 0.00436, "psi_dir": 0.569949, "psi_entropy": 0.083011, "tension": 57.388912, "phi": 1.626795, "curiosity_ema": 0.71993172, "w_native_err": 0.88344157, "wall_s": 423.82, "gpu_mem_gb": 9.738}
{"step": 4460, "ce_full": 0.003835, "psi_dir": 0.57301, "psi_entropy": 0.086838, "tension": 57.141769, "phi": 1.622862, "curiosity_ema": 0.71538067, "w_native_err": 0.67442125, "wall_s": 424.2, "gpu_mem_gb": 9.738}
{"step": 4464, "ce_full": 0.006231, "psi_dir": 0.573074, "psi_entropy": 0.108314, "tension": 57.123413, "phi": 1.621527, "curiosity_ema": 0.7083132, "w_native_err": 0.64470595, "wall_s": 424.58, "gpu_mem_gb": 9.738}
{"step": 4468, "ce_full": 0.003478, "psi_dir": 0.571013, "psi_entropy": 0.079534, "tension": 56.775768, "phi": 1.620356, "curiosity_ema": 0.67823933, "w_native_err": 0.40757456, "wall_s": 424.96, "gpu_mem_gb": 9.738}
{"step": 4472, "ce_full": 0.003912, "psi_dir": 0.56977, "psi_entropy": 0.058876, "tension": 56.749249, "phi": 1.609344, "curiosity_ema": 0.64828119, "w_native_err": 0.37865791, "wall_s": 425.33, "gpu_mem_gb": 9.738}
{"step": 4476, "ce_full": 0.005373, "psi_dir": 0.574374, "psi_entropy": 0.086525, "tension": 56.591881, "phi": 1.603314, "curiosity_ema": 0.6119953, "w_native_err": 0.28542227, "wall_s": 425.71, "gpu_mem_gb": 9.738}
{"step": 4480, "ce_full": 0.008662, "psi_dir": 0.575151, "psi_entropy": 0.128771, "tension": 56.509003, "phi": 1.603221, "curiosity_ema": 0.57452339, "w_native_err": 0.23727618, "wall_s": 426.09, "gpu_mem_gb": 9.738}
{"step": 4484, "ce_full": 0.003305, "psi_dir": 0.571399, "psi_entropy": 0.069726, "tension": 56.651558, "phi": 1.602643, "curiosity_ema": 0.54637272, "w_native_err": 0.2930167, "wall_s": 426.46, "gpu_mem_gb": 9.738}
{"step": 4488, "ce_full": 0.006869, "psi_dir": 0.56718, "psi_entropy": 0.12213, "tension": 56.526794, "phi": 1.597087, "curiosity_ema": 0.51453065, "w_native_err": 0.22795199, "wall_s": 426.84, "gpu_mem_gb": 9.738}
{"step": 4492, "ce_full": 0.003592, "psi_dir": 0.565483, "psi_entropy": 0.072342, "tension": 56.841698, "phi": 1.598654, "curiosity_ema": 0.50036938, "w_native_err": 0.37291798, "wall_s": 427.22, "gpu_mem_gb": 9.738}
{"step": 4496, "ce_full": 0.005344, "psi_dir": 0.571471, "psi_entropy": 0.112483, "tension": 56.940865, "phi": 1.604313, "curiosity_ema": 0.49226741, "w_native_err": 0.41934967, "wall_s": 427.6, "gpu_mem_gb": 9.738}
{"step": 4500, "ce_full": 0.004194, "psi_dir": 0.570517, "psi_entropy": 0.085881, "tension": 56.865562, "phi": 1.607234, "curiosity_ema": 0.47982778, "w_native_err": 0.36787117, "wall_s": 427.98, "gpu_mem_gb": 9.738}
{"step": 4504, "ce_full": 0.002966, "psi_dir": 0.571438, "psi_entropy": 0.065785, "tension": 57.141602, "phi": 1.621957, "curiosity_ema": 0.4840709, "w_native_err": 0.52225894, "wall_s": 428.36, "gpu_mem_gb": 9.738}
{"step": 4508, "ce_full": 0.003468, "psi_dir": 0.57226, "psi_entropy": 0.095957, "tension": 56.988766, "phi": 1.604835, "curiosity_ema": 0.47745179, "w_native_err": 0.41787982, "wall_s": 428.74, "gpu_mem_gb": 9.738}
{"step": 4512, "ce_full": 0.008588, "psi_dir": 0.57467, "psi_entropy": 0.107315, "tension": 56.795593, "phi": 1.612538, "curiosity_ema": 0.46029063, "w_native_err": 0.30584013, "wall_s": 429.13, "gpu_mem_gb": 9.738}
{"step": 4516, "ce_full": 0.00363, "psi_dir": 0.569124, "psi_entropy": 0.063309, "tension": 56.696159, "phi": 1.620973, "curiosity_ema": 0.43948315, "w_native_err": 0.25221589, "wall_s": 429.52, "gpu_mem_gb": 9.738}
{"step": 4520, "ce_full": 0.002865, "psi_dir": 0.570246, "psi_entropy": 0.061408, "tension": 56.25769, "phi": 1.607125, "curiosity_ema": 0.40472935, "w_native_err": 0.09194511, "wall_s": 429.9, "gpu_mem_gb": 9.738}
{"step": 4524, "ce_full": 0.005797, "psi_dir": 0.573948, "psi_entropy": 0.089721, "tension": 56.462139, "phi": 1.605771, "curiosity_ema": 0.37935127, "w_native_err": 0.1509486, "wall_s": 430.28, "gpu_mem_gb": 9.738}
{"step": 4528, "ce_full": 0.007505, "psi_dir": 0.573718, "psi_entropy": 0.116388, "tension": 56.788506, "phi": 1.605733, "curiosity_ema": 0.36919819, "w_native_err": 0.27782041, "wall_s": 430.65, "gpu_mem_gb": 9.738}
{"step": 4532, "ce_full": 0.004807, "psi_dir": 0.569379, "psi_entropy": 0.093555, "tension": 56.85099, "phi": 1.615091, "curiosity_ema": 0.36231863, "w_native_err": 0.30040264, "wall_s": 431.04, "gpu_mem_gb": 9.738}
{"step": 4536, "ce_full": 0.002829, "psi_dir": 0.577478, "psi_entropy": 0.068327, "tension": 57.023026, "phi": 1.602139, "curiosity_ema": 0.36420939, "w_native_err": 0.38122618, "wall_s": 431.42, "gpu_mem_gb": 9.738}
{"step": 4540, "ce_full": 0.004859, "psi_dir": 0.574252, "psi_entropy": 0.096046, "tension": 57.709602, "phi": 1.619558, "curiosity_ema": 0.41144421, "w_native_err": 0.83655757, "wall_s": 431.8, "gpu_mem_gb": 9.738}
{"step": 4544, "ce_full": 0.007032, "psi_dir": 0.577863, "psi_entropy": 0.131787, "tension": 57.511837, "phi": 1.614233, "curiosity_ema": 0.43711521, "w_native_err": 0.6681543, "wall_s": 432.18, "gpu_mem_gb": 9.738}
{"step": 4548, "ce_full": 0.006618, "psi_dir": 0.576893, "psi_entropy": 0.102698, "tension": 57.430534, "phi": 1.615516, "curiosity_ema": 0.4530543, "w_native_err": 0.59650606, "wall_s": 432.56, "gpu_mem_gb": 9.738}
{"step": 4552, "ce_full": 0.006108, "psi_dir": 0.570084, "psi_entropy": 0.120374, "tension": 57.02467, "phi": 1.603215, "curiosity_ema": 0.44174737, "w_native_err": 0.33998504, "wall_s": 432.94, "gpu_mem_gb": 9.738}
{"step": 4556, "ce_full": 0.003579, "psi_dir": 0.571479, "psi_entropy": 0.07303, "tension": 57.453949, "phi": 1.620714, "curiosity_ema": 0.45644568, "w_native_err": 0.58873039, "wall_s": 433.32, "gpu_mem_gb": 9.738}
{"step": 4560, "ce_full": 0.002645, "psi_dir": 0.570369, "psi_entropy": 0.063097, "tension": 57.292259, "phi": 1.627587, "curiosity_ema": 0.45801688, "w_native_err": 0.47215769, "wall_s": 433.72, "gpu_mem_gb": 9.738}
{"step": 4564, "ce_full": 0.003332, "psi_dir": 0.564706, "psi_entropy": 0.07271, "tension": 57.084423, "phi": 1.632033, "curiosity_ema": 0.44659794, "w_native_err": 0.34382752, "wall_s": 434.1, "gpu_mem_gb": 9.738}
{"step": 4568, "ce_full": 0.005161, "psi_dir": 0.564297, "psi_entropy": 0.103971, "tension": 56.848034, "phi": 1.621519, "curiosity_ema": 0.42430778, "w_native_err": 0.22369634, "wall_s": 434.48, "gpu_mem_gb": 9.738}
{"step": 4572, "ce_full": 0.00517, "psi_dir": 0.564824, "psi_entropy": 0.064712, "tension": 56.828671, "phi": 1.629213, "curiosity_ema": 0.40282345, "w_native_err": 0.20946446, "wall_s": 434.88, "gpu_mem_gb": 9.738}
{"step": 4576, "ce_full": 0.004705, "psi_dir": 0.568145, "psi_entropy": 0.102837, "tension": 56.722801, "phi": 1.633103, "curiosity_ema": 0.37883087, "w_native_err": 0.16289771, "wall_s": 435.28, "gpu_mem_gb": 9.738}
{"step": 4580, "ce_full": 0.007128, "psi_dir": 0.569783, "psi_entropy": 0.120971, "tension": 56.665222, "phi": 1.623931, "curiosity_ema": 0.35480026, "w_native_err": 0.13852473, "wall_s": 435.75, "gpu_mem_gb": 9.738}
{"step": 4584, "ce_full": 0.004487, "psi_dir": 0.568935, "psi_entropy": 0.068036, "tension": 56.843884, "phi": 1.621209, "curiosity_ema": 0.33917032, "w_native_err": 0.1985009, "wall_s": 436.13, "gpu_mem_gb": 9.738}
{"step": 4588, "ce_full": 0.004863, "psi_dir": 0.571686, "psi_entropy": 0.059667, "tension": 56.740337, "phi": 1.61789, "curiosity_ema": 0.32075405, "w_native_err": 0.15500759, "wall_s": 436.51, "gpu_mem_gb": 9.738}
{"step": 4592, "ce_full": 0.007155, "psi_dir": 0.569003, "psi_entropy": 0.119453, "tension": 56.856064, "phi": 1.616269, "curiosity_ema": 0.30799099, "w_native_err": 0.19312347, "wall_s": 436.88, "gpu_mem_gb": 9.738}
{"step": 4596, "ce_full": 0.004089, "psi_dir": 0.568643, "psi_entropy": 0.078908, "tension": 57.054607, "phi": 1.622561, "curiosity_ema": 0.30434079, "w_native_err": 0.27148899, "wall_s": 437.26, "gpu_mem_gb": 9.738}
{"step": 4600, "ce_full": 0.006533, "psi_dir": 0.5684, "psi_entropy": 0.096283, "tension": 57.154984, "phi": 1.626933, "curiosity_ema": 0.30517654, "w_native_err": 0.31269827, "wall_s": 437.64, "gpu_mem_gb": 9.738}
{"step": 4604, "ce_full": 0.007504, "psi_dir": 0.567039, "psi_entropy": 0.109725, "tension": 57.084148, "phi": 1.626894, "curiosity_ema": 0.30181329, "w_native_err": 0.27154401, "wall_s": 438.02, "gpu_mem_gb": 9.738}
{"step": 4608, "ce_full": 0.004779, "psi_dir": 0.566754, "psi_entropy": 0.087233, "tension": 56.701061, "phi": 1.615376, "curiosity_ema": 0.28349817, "w_native_err": 0.11866207, "wall_s": 438.39, "gpu_mem_gb": 9.738}
{"step": 4612, "ce_full": 0.001757, "psi_dir": 0.561406, "psi_entropy": 0.051493, "tension": 56.667931, "phi": 1.621578, "curiosity_ema": 0.26570641, "w_native_err": 0.10558059, "wall_s": 438.77, "gpu_mem_gb": 9.738}
{"step": 4616, "ce_full": 0.003054, "psi_dir": 0.567516, "psi_entropy": 0.063307, "tension": 57.040794, "phi": 1.627236, "curiosity_ema": 0.26259197, "w_native_err": 0.23456204, "wall_s": 439.15, "gpu_mem_gb": 9.738}
{"step": 4620, "ce_full": 0.003279, "psi_dir": 0.564782, "psi_entropy": 0.065112, "tension": 56.974411, "phi": 1.621382, "curiosity_ema": 0.25646195, "w_native_err": 0.20129173, "wall_s": 439.52, "gpu_mem_gb": 9.738}
{"step": 4624, "ce_full": 0.001762, "psi_dir": 0.567734, "psi_entropy": 0.046455, "tension": 57.101585, "phi": 1.621792, "curiosity_ema": 0.25575031, "w_native_err": 0.24934554, "wall_s": 439.9, "gpu_mem_gb": 9.738}
{"step": 4628, "ce_full": 0.005349, "psi_dir": 0.565799, "psi_entropy": 0.099646, "tension": 57.006603, "phi": 1.627857, "curiosity_ema": 0.25050038, "w_native_err": 0.203251, "wall_s": 440.28, "gpu_mem_gb": 9.738}
{"step": 4632, "ce_full": 0.002605, "psi_dir": 0.56707, "psi_entropy": 0.034074, "tension": 56.653725, "phi": 1.61195, "curiosity_ema": 0.23379299, "w_native_err": 0.08342648, "wall_s": 440.66, "gpu_mem_gb": 9.738}
{"step": 4636, "ce_full": 0.003171, "psi_dir": 0.572014, "psi_entropy": 0.056081, "tension": 56.805874, "phi": 1.617661, "curiosity_ema": 0.22270818, "w_native_err": 0.12294494, "wall_s": 441.04, "gpu_mem_gb": 9.738}
{"step": 4640, "ce_full": 0.004918, "psi_dir": 0.569818, "psi_entropy": 0.064023, "tension": 57.083206, "phi": 1.621953, "curiosity_ema": 0.22237319, "w_native_err": 0.21935831, "wall_s": 441.42, "gpu_mem_gb": 9.738}
{"step": 4644, "ce_full": 0.002377, "psi_dir": 0.568819, "psi_entropy": 0.057553, "tension": 56.882744, "phi": 1.612356, "curiosity_ema": 0.21408368, "w_native_err": 0.139478, "wall_s": 441.8, "gpu_mem_gb": 9.738}
{"step": 4648, "ce_full": 0.004444, "psi_dir": 0.566613, "psi_entropy": 0.057189, "tension": 57.145214, "phi": 1.616078, "curiosity_ema": 0.21617733, "w_native_err": 0.23502019, "wall_s": 442.18, "gpu_mem_gb": 9.738}
{"step": 4652, "ce_full": 0.003383, "psi_dir": 0.57073, "psi_entropy": 0.090342, "tension": 57.125755, "phi": 1.611706, "curiosity_ema": 0.21672247, "w_native_err": 0.22162877, "wall_s": 442.56, "gpu_mem_gb": 9.738}
{"step": 4656, "ce_full": 0.004896, "psi_dir": 0.573519, "psi_entropy": 0.091734, "tension": 57.580017, "phi": 1.625865, "curiosity_ema": 0.23962403, "w_native_err": 0.44573808, "wall_s": 442.94, "gpu_mem_gb": 9.738}
{"step": 4660, "ce_full": 0.003947, "psi_dir": 0.573372, "psi_entropy": 0.064657, "tension": 57.382957, "phi": 1.616864, "curiosity_ema": 0.24849872, "w_native_err": 0.32837093, "wall_s": 443.32, "gpu_mem_gb": 9.738}
{"step": 4664, "ce_full": 0.003675, "psi_dir": 0.568813, "psi_entropy": 0.067056, "tension": 57.94685, "phi": 1.636605, "curiosity_ema": 0.29076296, "w_native_err": 0.67114109, "wall_s": 443.7, "gpu_mem_gb": 9.738}
{"step": 4668, "ce_full": 0.001784, "psi_dir": 0.56378, "psi_entropy": 0.037022, "tension": 57.806793, "phi": 1.634258, "curiosity_ema": 0.31801641, "w_native_err": 0.56329745, "wall_s": 444.08, "gpu_mem_gb": 9.738}
{"step": 4672, "ce_full": 0.0068, "psi_dir": 0.572303, "psi_entropy": 0.074471, "tension": 57.318707, "phi": 1.631165, "curiosity_ema": 0.31390655, "w_native_err": 0.27691785, "wall_s": 444.45, "gpu_mem_gb": 9.738}
{"step": 4676, "ce_full": 0.0053, "psi_dir": 0.571365, "psi_entropy": 0.118335, "tension": 57.275589, "phi": 1.635447, "curiosity_ema": 0.30761819, "w_native_err": 0.25102296, "wall_s": 444.83, "gpu_mem_gb": 9.738}
{"step": 4680, "ce_full": 0.003633, "psi_dir": 0.567349, "psi_entropy": 0.078213, "tension": 57.465691, "phi": 1.639216, "curiosity_ema": 0.31039654, "w_native_err": 0.33540168, "wall_s": 445.21, "gpu_mem_gb": 9.738}
{"step": 4684, "ce_full": 0.002357, "psi_dir": 0.567428, "psi_entropy": 0.039934, "tension": 57.328613, "phi": 1.645058, "curiosity_ema": 0.30558089, "w_native_err": 0.26223999, "wall_s": 445.59, "gpu_mem_gb": 9.738}
{"step": 4688, "ce_full": 0.003756, "psi_dir": 0.569545, "psi_entropy": 0.089606, "tension": 57.083504, "phi": 1.632445, "curiosity_ema": 0.29069331, "w_native_err": 0.15670508, "wall_s": 445.97, "gpu_mem_gb": 9.738}
{"step": 4692, "ce_full": 0.003931, "psi_dir": 0.567654, "psi_entropy": 0.077116, "tension": 57.177765, "phi": 1.62868, "curiosity_ema": 0.28023933, "w_native_err": 0.18615358, "wall_s": 446.36, "gpu_mem_gb": 9.738}
{"step": 4696, "ce_full": 0.003043, "psi_dir": 0.564162, "psi_entropy": 0.07056, "tension": 57.181221, "phi": 1.635997, "curiosity_ema": 0.27042135, "w_native_err": 0.18205951, "wall_s": 446.75, "gpu_mem_gb": 9.738}
{"step": 4700, "ce_full": 0.003437, "psi_dir": 0.563733, "psi_entropy": 0.075546, "tension": 57.722607, "phi": 1.634817, "curiosity_ema": 0.28726346, "w_native_err": 0.43884245, "wall_s": 447.15, "gpu_mem_gb": 9.738}
{"step": 4704, "ce_full": 0.001507, "psi_dir": 0.564294, "psi_entropy": 0.03711, "tension": 57.531704, "phi": 1.623663, "curiosity_ema": 0.291206, "w_native_err": 0.32668883, "wall_s": 447.52, "gpu_mem_gb": 9.738}
{"step": 4708, "ce_full": 0.004208, "psi_dir": 0.565726, "psi_entropy": 0.066927, "tension": 57.699749, "phi": 1.628787, "curiosity_ema": 0.30304676, "w_native_err": 0.40961358, "wall_s": 447.91, "gpu_mem_gb": 9.738}
{"step": 4712, "ce_full": 0.002913, "psi_dir": 0.57047, "psi_entropy": 0.072232, "tension": 57.311535, "phi": 1.623978, "curiosity_ema": 0.29394219, "w_native_err": 0.21200109, "wall_s": 448.28, "gpu_mem_gb": 9.738}
{"step": 4716, "ce_full": 0.001878, "psi_dir": 0.570118, "psi_entropy": 0.050532, "tension": 57.420258, "phi": 1.618369, "curiosity_ema": 0.28979069, "w_native_err": 0.25242719, "wall_s": 448.66, "gpu_mem_gb": 9.738}
{"step": 4720, "ce_full": 0.008228, "psi_dir": 0.571711, "psi_entropy": 0.08216, "tension": 57.378349, "phi": 1.614409, "curiosity_ema": 0.2836022, "w_native_err": 0.22790582, "wall_s": 449.04, "gpu_mem_gb": 9.738}
{"step": 4724, "ce_full": 0.00438, "psi_dir": 0.57296, "psi_entropy": 0.126188, "tension": 57.31546, "phi": 1.615366, "curiosity_ema": 0.27495578, "w_native_err": 0.19713801, "wall_s": 449.41, "gpu_mem_gb": 9.738}
{"step": 4728, "ce_full": 0.004559, "psi_dir": 0.565545, "psi_entropy": 0.064644, "tension": 57.30476, "phi": 1.616977, "curiosity_ema": 0.26609596, "w_native_err": 0.18635754, "wall_s": 449.79, "gpu_mem_gb": 9.738}
{"step": 4732, "ce_full": 0.005196, "psi_dir": 0.568404, "psi_entropy": 0.101187, "tension": 57.545151, "phi": 1.631627, "curiosity_ema": 0.26793908, "w_native_err": 0.28452721, "wall_s": 450.17, "gpu_mem_gb": 9.738}
{"step": 4736, "ce_full": 0.003981, "psi_dir": 0.567533, "psi_entropy": 0.057049, "tension": 57.238892, "phi": 1.625176, "curiosity_ema": 0.25635901, "w_native_err": 0.15213834, "wall_s": 450.55, "gpu_mem_gb": 9.738}
{"step": 4740, "ce_full": 0.005057, "psi_dir": 0.567937, "psi_entropy": 0.077424, "tension": 57.154327, "phi": 1.625961, "curiosity_ema": 0.24270275, "w_native_err": 0.11979637, "wall_s": 450.93, "gpu_mem_gb": 9.738}
{"step": 4744, "ce_full": 0.006759, "psi_dir": 0.572458, "psi_entropy": 0.110852, "tension": 56.853359, "phi": 1.61078, "curiosity_ema": 0.22268005, "w_native_err": 0.04247574, "wall_s": 451.31, "gpu_mem_gb": 9.738}
{"step": 4748, "ce_full": 0.005924, "psi_dir": 0.572861, "psi_entropy": 0.073391, "tension": 56.887672, "phi": 1.614252, "curiosity_ema": 0.20507892, "w_native_err": 0.04666881, "wall_s": 451.68, "gpu_mem_gb": 9.738}
{"step": 4752, "ce_full": 0.007005, "psi_dir": 0.575386, "psi_entropy": 0.122786, "tension": 57.011421, "phi": 1.613236, "curiosity_ema": 0.19169478, "w_native_err": 0.07123754, "wall_s": 452.06, "gpu_mem_gb": 9.738}
{"step": 4756, "ce_full": 0.004713, "psi_dir": 0.570726, "psi_entropy": 0.091501, "tension": 57.110931, "phi": 1.613582, "curiosity_ema": 0.18192251, "w_native_err": 0.09397205, "wall_s": 452.45, "gpu_mem_gb": 9.738}
{"step": 4760, "ce_full": 0.007242, "psi_dir": 0.56905, "psi_entropy": 0.113692, "tension": 57.33947, "phi": 1.621164, "curiosity_ema": 0.1800386, "w_native_err": 0.16308336, "wall_s": 452.84, "gpu_mem_gb": 9.738}
{"step": 4764, "ce_full": 0.00254, "psi_dir": 0.566615, "psi_entropy": 0.06147, "tension": 57.503033, "phi": 1.626027, "curiosity_ema": 0.1843674, "w_native_err": 0.22332664, "wall_s": 453.22, "gpu_mem_gb": 9.738}
{"step": 4768, "ce_full": 0.003506, "psi_dir": 0.569183, "psi_entropy": 0.075639, "tension": 57.471817, "phi": 1.629914, "curiosity_ema": 0.18647647, "w_native_err": 0.20545809, "wall_s": 453.6, "gpu_mem_gb": 9.738}
{"step": 4772, "ce_full": 0.004499, "psi_dir": 0.569175, "psi_entropy": 0.103057, "tension": 57.54554, "phi": 1.633049, "curiosity_ema": 0.19094068, "w_native_err": 0.2311186, "wall_s": 453.98, "gpu_mem_gb": 9.738}
{"step": 4776, "ce_full": 0.006972, "psi_dir": 0.568896, "psi_entropy": 0.124923, "tension": 57.49205, "phi": 1.622833, "curiosity_ema": 0.19224697, "w_native_err": 0.20400356, "wall_s": 454.36, "gpu_mem_gb": 9.738}
{"step": 4780, "ce_full": 0.002709, "psi_dir": 0.572691, "psi_entropy": 0.053796, "tension": 57.549389, "phi": 1.623706, "curiosity_ema": 0.19535274, "w_native_err": 0.22330467, "wall_s": 454.74, "gpu_mem_gb": 9.738}
{"step": 4784, "ce_full": 0.004246, "psi_dir": 0.573624, "psi_entropy": 0.087816, "tension": 57.440033, "phi": 1.629614, "curiosity_ema": 0.1932779, "w_native_err": 0.17460436, "wall_s": 455.12, "gpu_mem_gb": 9.738}
{"step": 4788, "ce_full": 0.003499, "psi_dir": 0.571723, "psi_entropy": 0.066953, "tension": 57.205841, "phi": 1.63484, "curiosity_ema": 0.18345412, "w_native_err": 0.09504008, "wall_s": 455.5, "gpu_mem_gb": 9.738}
{"step": 4792, "ce_full": 0.00406, "psi_dir": 0.571463, "psi_entropy": 0.089811, "tension": 57.175034, "phi": 1.624494, "curiosity_ema": 0.17349472, "w_native_err": 0.08386017, "wall_s": 455.88, "gpu_mem_gb": 9.738}
{"step": 4796, "ce_full": 0.006948, "psi_dir": 0.572103, "psi_entropy": 0.110331, "tension": 57.150146, "phi": 1.627123, "curiosity_ema": 0.16367198, "w_native_err": 0.07526728, "wall_s": 456.26, "gpu_mem_gb": 9.738}
{"step": 4800, "ce_full": 0.001987, "psi_dir": 0.569059, "psi_entropy": 0.04725, "tension": 56.944054, "phi": 1.62885, "curiosity_ema": 0.150491, "w_native_err": 0.03186214, "wall_s": 456.64, "gpu_mem_gb": 9.738}
{"step": 4804, "ce_full": 0.003465, "psi_dir": 0.56827, "psi_entropy": 0.064526, "tension": 56.966187, "phi": 1.631697, "curiosity_ema": 0.13883693, "w_native_err": 0.03395031, "wall_s": 457.02, "gpu_mem_gb": 9.738}
{"step": 4808, "ce_full": 0.005915, "psi_dir": 0.571445, "psi_entropy": 0.104666, "tension": 56.877438, "phi": 1.637248, "curiosity_ema": 0.12701194, "w_native_err": 0.02058707, "wall_s": 457.4, "gpu_mem_gb": 9.738}
{"step": 4812, "ce_full": 0.001983, "psi_dir": 0.569227, "psi_entropy": 0.055943, "tension": 56.838055, "phi": 1.636029, "curiosity_ema": 0.11581203, "w_native_err": 0.0150128, "wall_s": 457.78, "gpu_mem_gb": 9.738}
{"step": 4816, "ce_full": 0.007242, "psi_dir": 0.568326, "psi_entropy": 0.125711, "tension": 56.882332, "phi": 1.626585, "curiosity_ema": 0.1062359, "w_native_err": 0.02005076, "wall_s": 458.16, "gpu_mem_gb": 9.738}
{"step": 4820, "ce_full": 0.004971, "psi_dir": 0.570438, "psi_entropy": 0.101977, "tension": 56.835274, "phi": 1.617203, "curiosity_ema": 0.09699333, "w_native_err": 0.01381022, "wall_s": 458.55, "gpu_mem_gb": 9.738}
{"step": 4824, "ce_full": 0.006288, "psi_dir": 0.568371, "psi_entropy": 0.115791, "tension": 56.882019, "phi": 1.614455, "curiosity_ema": 0.0891054, "w_native_err": 0.01811401, "wall_s": 458.95, "gpu_mem_gb": 9.738}
{"step": 4828, "ce_full": 0.008213, "psi_dir": 0.575034, "psi_entropy": 0.09721, "tension": 56.909889, "phi": 1.606325, "curiosity_ema": 0.08222949, "w_native_err": 0.02034627, "wall_s": 459.33, "gpu_mem_gb": 9.738}
{"step": 4832, "ce_full": 0.004654, "psi_dir": 0.567685, "psi_entropy": 0.081303, "tension": 56.901196, "phi": 1.613022, "curiosity_ema": 0.07585877, "w_native_err": 0.01852228, "wall_s": 459.71, "gpu_mem_gb": 9.738}
{"step": 4836, "ce_full": 0.002875, "psi_dir": 0.570271, "psi_entropy": 0.047959, "tension": 56.930565, "phi": 1.610083, "curiosity_ema": 0.07046, "w_native_err": 0.02187106, "wall_s": 460.08, "gpu_mem_gb": 9.738}
{"step": 4840, "ce_full": 0.003045, "psi_dir": 0.567232, "psi_entropy": 0.044769, "tension": 56.538494, "phi": 1.602748, "curiosity_ema": 0.06388502, "w_native_err": 0.00471028, "wall_s": 460.46, "gpu_mem_gb": 9.738}
{"step": 4844, "ce_full": 0.005188, "psi_dir": 0.56717, "psi_entropy": 0.11457, "tension": 56.530937, "phi": 1.601792, "curiosity_ema": 0.0579306, "w_native_err": 0.00434074, "wall_s": 460.84, "gpu_mem_gb": 9.738}
{"step": 4848, "ce_full": 0.005774, "psi_dir": 0.566338, "psi_entropy": 0.098137, "tension": 56.754784, "phi": 1.608615, "curiosity_ema": 0.05261621, "w_native_err": 0.00478678, "wall_s": 461.22, "gpu_mem_gb": 9.738}
{"step": 4852, "ce_full": 0.002515, "psi_dir": 0.567748, "psi_entropy": 0.086529, "tension": 56.487759, "phi": 1.602553, "curiosity_ema": 0.04804677, "w_native_err": 0.00692174, "wall_s": 461.59, "gpu_mem_gb": 9.738}
{"step": 4856, "ce_full": 0.002179, "psi_dir": 0.566354, "psi_entropy": 0.061573, "tension": 56.717079, "phi": 1.605331, "curiosity_ema": 0.04354927, "w_native_err": 0.00307178, "wall_s": 461.97, "gpu_mem_gb": 9.738}
{"step": 4860, "ce_full": 0.002802, "psi_dir": 0.563148, "psi_entropy": 0.100692, "tension": 56.704681, "phi": 1.602124, "curiosity_ema": 0.03942946, "w_native_err": 0.00235119, "wall_s": 462.35, "gpu_mem_gb": 9.738}
{"step": 4864, "ce_full": 0.0076, "psi_dir": 0.565042, "psi_entropy": 0.116551, "tension": 56.92234, "phi": 1.622146, "curiosity_ema": 0.03711955, "w_native_err": 0.01633034, "wall_s": 462.73, "gpu_mem_gb": 9.738}
{"step": 4868, "ce_full": 0.0011, "psi_dir": 0.564099, "psi_entropy": 0.039791, "tension": 56.967663, "phi": 1.618341, "curiosity_ema": 0.03550728, "w_native_err": 0.02099689, "wall_s": 463.1, "gpu_mem_gb": 9.738}
{"step": 4872, "ce_full": 0.007853, "psi_dir": 0.563635, "psi_entropy": 0.117494, "tension": 56.733673, "phi": 1.618505, "curiosity_ema": 0.03221499, "w_native_err": 0.0025844, "wall_s": 463.49, "gpu_mem_gb": 9.738}
{"step": 4876, "ce_full": 0.003937, "psi_dir": 0.565325, "psi_entropy": 0.066241, "tension": 57.117855, "phi": 1.623208, "curiosity_ema": 0.03321857, "w_native_err": 0.04225073, "wall_s": 463.87, "gpu_mem_gb": 9.738}
{"step": 4880, "ce_full": 0.00243, "psi_dir": 0.568339, "psi_entropy": 0.064525, "tension": 56.91851, "phi": 1.628712, "curiosity_ema": 0.0312402, "w_native_err": 0.01343493, "wall_s": 464.25, "gpu_mem_gb": 9.738}
{"step": 4884, "ce_full": 0.005288, "psi_dir": 0.564436, "psi_entropy": 0.091218, "tension": 56.88673, "phi": 1.617482, "curiosity_ema": 0.02912845, "w_native_err": 0.01012264, "wall_s": 464.63, "gpu_mem_gb": 9.738}
{"step": 4888, "ce_full": 0.001203, "psi_dir": 0.56965, "psi_entropy": 0.040773, "tension": 56.831177, "phi": 1.621408, "curiosity_ema": 0.02679083, "w_native_err": 0.00575228, "wall_s": 465.01, "gpu_mem_gb": 9.738}
{"step": 4892, "ce_full": 0.006632, "psi_dir": 0.571218, "psi_entropy": 0.091193, "tension": 56.980938, "phi": 1.629004, "curiosity_ema": 0.02601808, "w_native_err": 0.01906332, "wall_s": 465.39, "gpu_mem_gb": 9.738}
{"step": 4896, "ce_full": 0.006394, "psi_dir": 0.569212, "psi_entropy": 0.050412, "tension": 56.754066, "phi": 1.625083, "curiosity_ema": 0.02357041, "w_native_err": 0.00154144, "wall_s": 465.77, "gpu_mem_gb": 9.738}
{"step": 4900, "ce_full": 0.003107, "psi_dir": 0.568603, "psi_entropy": 0.075575, "tension": 56.76931, "phi": 1.626657, "curiosity_ema": 0.02139393, "w_native_err": 0.00180555, "wall_s": 466.15, "gpu_mem_gb": 9.738}
{"step": 4904, "ce_full": 0.005619, "psi_dir": 0.571934, "psi_entropy": 0.079533, "tension": 56.806236, "phi": 1.631865, "curiosity_ema": 0.0195701, "w_native_err": 0.00315562, "wall_s": 466.53, "gpu_mem_gb": 9.738}
{"step": 4908, "ce_full": 0.004829, "psi_dir": 0.572698, "psi_entropy": 0.092726, "tension": 56.740929, "phi": 1.641589, "curiosity_ema": 0.01770082, "w_native_err": 0.00087735, "wall_s": 466.91, "gpu_mem_gb": 9.738}
{"step": 4912, "ce_full": 0.001708, "psi_dir": 0.570092, "psi_entropy": 0.044847, "tension": 56.644806, "phi": 1.630847, "curiosity_ema": 0.01599609, "w_native_err": 0.00065351, "wall_s": 467.3, "gpu_mem_gb": 9.738}
{"step": 4916, "ce_full": 0.001992, "psi_dir": 0.576921, "psi_entropy": 0.04778, "tension": 56.46814, "phi": 1.626485, "curiosity_ema": 0.01542363, "w_native_err": 0.01027147, "wall_s": 467.67, "gpu_mem_gb": 9.738}
{"step": 4920, "ce_full": 0.006325, "psi_dir": 0.572387, "psi_entropy": 0.109144, "tension": 56.482918, "phi": 1.627476, "curiosity_ema": 0.01481698, "w_native_err": 0.00935715, "wall_s": 468.05, "gpu_mem_gb": 9.738}
{"step": 4924, "ce_full": 0.008647, "psi_dir": 0.577683, "psi_entropy": 0.116865, "tension": 56.572979, "phi": 1.624257, "curiosity_ema": 0.01368372, "w_native_err": 0.00348434, "wall_s": 468.43, "gpu_mem_gb": 9.738}
{"step": 4928, "ce_full": 0.004262, "psi_dir": 0.573786, "psi_entropy": 0.101642, "tension": 56.714172, "phi": 1.628733, "curiosity_ema": 0.01233578, "w_native_err": 0.00020439, "wall_s": 468.81, "gpu_mem_gb": 9.738}
{"step": 4932, "ce_full": 0.004652, "psi_dir": 0.575676, "psi_entropy": 0.095117, "tension": 56.942932, "phi": 1.62131, "curiosity_ema": 0.01230912, "w_native_err": 0.01206912, "wall_s": 469.19, "gpu_mem_gb": 9.738}
{"step": 4936, "ce_full": 0.002593, "psi_dir": 0.577959, "psi_entropy": 0.051341, "tension": 56.760632, "phi": 1.619939, "curiosity_ema": 0.0111932, "w_native_err": 0.00114989, "wall_s": 469.57, "gpu_mem_gb": 9.738}
{"step": 4940, "ce_full": 0.002351, "psi_dir": 0.576524, "psi_entropy": 0.057043, "tension": 56.661644, "phi": 1.621879, "curiosity_ema": 0.01013701, "w_native_err": 0.00063133, "wall_s": 469.95, "gpu_mem_gb": 9.738}
{"step": 4944, "ce_full": 0.006293, "psi_dir": 0.578626, "psi_entropy": 0.076557, "tension": 56.46756, "phi": 1.605318, "curiosity_ema": 0.01022319, "w_native_err": 0.01099881, "wall_s": 470.35, "gpu_mem_gb": 9.738}
{"step": 4948, "ce_full": 0.005992, "psi_dir": 0.575572, "psi_entropy": 0.084754, "tension": 56.872906, "phi": 1.621244, "curiosity_ema": 0.00979376, "w_native_err": 0.00592892, "wall_s": 470.74, "gpu_mem_gb": 9.738}
{"step": 4952, "ce_full": 0.005899, "psi_dir": 0.57158, "psi_entropy": 0.124615, "tension": 56.922813, "phi": 1.616941, "curiosity_ema": 0.00981543, "w_native_err": 0.01001044, "wall_s": 471.12, "gpu_mem_gb": 9.738}
{"step": 4956, "ce_full": 0.010274, "psi_dir": 0.575349, "psi_entropy": 0.154398, "tension": 57.055138, "phi": 1.621765, "curiosity_ema": 0.01140041, "w_native_err": 0.0256652, "wall_s": 471.5, "gpu_mem_gb": 9.738}
{"step": 4960, "ce_full": 0.003594, "psi_dir": 0.571061, "psi_entropy": 0.053685, "tension": 57.363445, "phi": 1.627681, "curiosity_ema": 0.01900513, "w_native_err": 0.08744768, "wall_s": 471.87, "gpu_mem_gb": 9.738}
{"step": 4964, "ce_full": 0.006548, "psi_dir": 0.563433, "psi_entropy": 0.045604, "tension": 57.306511, "phi": 1.619139, "curiosity_ema": 0.02438823, "w_native_err": 0.07283612, "wall_s": 472.25, "gpu_mem_gb": 9.738}
{"step": 4968, "ce_full": 0.00568, "psi_dir": 0.56941, "psi_entropy": 0.075838, "tension": 57.66143, "phi": 1.627268, "curiosity_ema": 0.04013901, "w_native_err": 0.18189603, "wall_s": 472.63, "gpu_mem_gb": 9.738}
{"step": 4972, "ce_full": 0.001865, "psi_dir": 0.568969, "psi_entropy": 0.047812, "tension": 57.548767, "phi": 1.611967, "curiosity_ema": 0.05020821, "w_native_err": 0.14083095, "wall_s": 473.01, "gpu_mem_gb": 9.738}
{"step": 4976, "ce_full": 0.004411, "psi_dir": 0.565152, "psi_entropy": 0.071065, "tension": 57.51368, "phi": 1.617262, "curiosity_ema": 0.05797383, "w_native_err": 0.12786444, "wall_s": 473.39, "gpu_mem_gb": 9.738}
{"step": 4980, "ce_full": 0.004462, "psi_dir": 0.569793, "psi_entropy": 0.056317, "tension": 57.40744, "phi": 1.618732, "curiosity_ema": 0.06168957, "w_native_err": 0.09513125, "wall_s": 473.76, "gpu_mem_gb": 9.738}
{"step": 4984, "ce_full": 0.005867, "psi_dir": 0.56888, "psi_entropy": 0.103843, "tension": 57.513271, "phi": 1.627461, "curiosity_ema": 0.06804151, "w_native_err": 0.12520893, "wall_s": 474.14, "gpu_mem_gb": 9.738}
{"step": 4988, "ce_full": 0.004565, "psi_dir": 0.57029, "psi_entropy": 0.115936, "tension": 57.462227, "phi": 1.62299, "curiosity_ema": 0.07208475, "w_native_err": 0.1084739, "wall_s": 474.52, "gpu_mem_gb": 9.738}
{"step": 4992, "ce_full": 0.004782, "psi_dir": 0.567387, "psi_entropy": 0.090704, "tension": 57.584656, "phi": 1.635545, "curiosity_ema": 0.07935699, "w_native_err": 0.1448072, "wall_s": 474.9, "gpu_mem_gb": 9.738}
{"step": 4996, "ce_full": 0.00349, "psi_dir": 0.570584, "psi_entropy": 0.081887, "tension": 57.465431, "phi": 1.627423, "curiosity_ema": 0.08195739, "w_native_err": 0.10536096, "wall_s": 475.27, "gpu_mem_gb": 9.738}
{"step": 5000, "ce_full": 0.003851, "psi_dir": 0.574992, "psi_entropy": 0.086197, "tension": 57.51403, "phi": 1.628253, "curiosity_ema": 0.08553997, "w_native_err": 0.11778321, "wall_s": 475.65, "gpu_mem_gb": 9.738}
{"step": 5004, "ce_full": 0.004946, "psi_dir": 0.577566, "psi_entropy": 0.074931, "tension": 57.621063, "phi": 1.635991, "curiosity_ema": 0.09201478, "w_native_err": 0.15028809, "wall_s": 476.03, "gpu_mem_gb": 9.738}
{"step": 5008, "ce_full": 0.003109, "psi_dir": 0.569593, "psi_entropy": 0.06897, "tension": 57.176743, "phi": 1.61718, "curiosity_ema": 0.08633958, "w_native_err": 0.03526271, "wall_s": 476.41, "gpu_mem_gb": 9.738}
{"step": 5012, "ce_full": 0.003379, "psi_dir": 0.576977, "psi_entropy": 0.064398, "tension": 57.459728, "phi": 1.629802, "curiosity_ema": 0.08726722, "w_native_err": 0.09561598, "wall_s": 476.79, "gpu_mem_gb": 9.738}
{"step": 5016, "ce_full": 0.003348, "psi_dir": 0.572449, "psi_entropy": 0.081836, "tension": 57.34082, "phi": 1.624457, "curiosity_ema": 0.08493248, "w_native_err": 0.06391986, "wall_s": 477.17, "gpu_mem_gb": 9.738}
{"step": 5020, "ce_full": 0.006958, "psi_dir": 0.572196, "psi_entropy": 0.116294, "tension": 57.167038, "phi": 1.630374, "curiosity_ema": 0.07941567, "w_native_err": 0.02976439, "wall_s": 477.55, "gpu_mem_gb": 9.738}
{"step": 5024, "ce_full": 0.00276, "psi_dir": 0.569957, "psi_entropy": 0.068724, "tension": 56.990578, "phi": 1.622602, "curiosity_ema": 0.07230938, "w_native_err": 0.00835275, "wall_s": 477.92, "gpu_mem_gb": 9.738}
{"step": 5028, "ce_full": 0.00333, "psi_dir": 0.571655, "psi_entropy": 0.063424, "tension": 57.006783, "phi": 1.605051, "curiosity_ema": 0.0659846, "w_native_err": 0.00906164, "wall_s": 478.3, "gpu_mem_gb": 9.738}
{"step": 5032, "ce_full": 0.005366, "psi_dir": 0.569509, "psi_entropy": 0.101742, "tension": 57.216522, "phi": 1.624061, "curiosity_ema": 0.06276111, "w_native_err": 0.03374966, "wall_s": 478.68, "gpu_mem_gb": 9.738}
{"step": 5036, "ce_full": 0.005022, "psi_dir": 0.567968, "psi_entropy": 0.096755, "tension": 57.341545, "phi": 1.628693, "curiosity_ema": 0.06208632, "w_native_err": 0.05601317, "wall_s": 479.06, "gpu_mem_gb": 9.738}
{"step": 5040, "ce_full": 0.002736, "psi_dir": 0.570957, "psi_entropy": 0.055992, "tension": 57.306885, "phi": 1.626316, "curiosity_ema": 0.06066791, "w_native_err": 0.04790226, "wall_s": 479.44, "gpu_mem_gb": 9.738}
{"step": 5044, "ce_full": 0.003047, "psi_dir": 0.569571, "psi_entropy": 0.066738, "tension": 57.484558, "phi": 1.643956, "curiosity_ema": 0.06332363, "w_native_err": 0.08722512, "wall_s": 479.81, "gpu_mem_gb": 9.738}
{"step": 5048, "ce_full": 0.004262, "psi_dir": 0.567769, "psi_entropy": 0.084626, "tension": 57.199841, "phi": 1.625112, "curiosity_ema": 0.05970652, "w_native_err": 0.02715256, "wall_s": 480.19, "gpu_mem_gb": 9.738}
{"step": 5052, "ce_full": 0.002344, "psi_dir": 0.567406, "psi_entropy": 0.079892, "tension": 57.280022, "phi": 1.628359, "curiosity_ema": 0.05764804, "w_native_err": 0.03912172, "wall_s": 480.57, "gpu_mem_gb": 9.738}
{"step": 5056, "ce_full": 0.002243, "psi_dir": 0.568523, "psi_entropy": 0.051933, "tension": 57.026611, "phi": 1.616035, "curiosity_ema": 0.05256233, "w_native_err": 0.00679091, "wall_s": 480.94, "gpu_mem_gb": 9.738}
{"step": 5060, "ce_full": 0.004519, "psi_dir": 0.573478, "psi_entropy": 0.068972, "tension": 57.583122, "phi": 1.635278, "curiosity_ema": 0.05806618, "w_native_err": 0.1076008, "wall_s": 481.32, "gpu_mem_gb": 9.738}
{"step": 5064, "ce_full": 0.004478, "psi_dir": 0.571363, "psi_entropy": 0.079623, "tension": 57.28302, "phi": 1.626623, "curiosity_ema": 0.05591575, "w_native_err": 0.0365619, "wall_s": 481.7, "gpu_mem_gb": 9.738}
{"step": 5068, "ce_full": 0.00524, "psi_dir": 0.574143, "psi_entropy": 0.09507, "tension": 57.272171, "phi": 1.620256, "curiosity_ema": 0.05372043, "w_native_err": 0.03396257, "wall_s": 482.07, "gpu_mem_gb": 9.738}
{"step": 5072, "ce_full": 0.005652, "psi_dir": 0.576069, "psi_entropy": 0.105778, "tension": 57.624825, "phi": 1.631768, "curiosity_ema": 0.05984803, "w_native_err": 0.11499646, "wall_s": 482.45, "gpu_mem_gb": 9.738}
{"step": 5076, "ce_full": 0.007367, "psi_dir": 0.575699, "psi_entropy": 0.095083, "tension": 57.110271, "phi": 1.614385, "curiosity_ema": 0.055002, "w_native_err": 0.01138771, "wall_s": 482.83, "gpu_mem_gb": 9.738}
{"step": 5080, "ce_full": 0.002666, "psi_dir": 0.579312, "psi_entropy": 0.056781, "tension": 57.288841, "phi": 1.626923, "curiosity_ema": 0.05285142, "w_native_err": 0.03349621, "wall_s": 483.21, "gpu_mem_gb": 9.738}
{"step": 5084, "ce_full": 0.007555, "psi_dir": 0.572912, "psi_entropy": 0.124595, "tension": 57.357296, "phi": 1.619326, "curiosity_ema": 0.05205191, "w_native_err": 0.04485625, "wall_s": 483.59, "gpu_mem_gb": 9.738}
{"step": 5088, "ce_full": 0.002817, "psi_dir": 0.575129, "psi_entropy": 0.060091, "tension": 57.28923, "phi": 1.62135, "curiosity_ema": 0.05002485, "w_native_err": 0.03178139, "wall_s": 483.96, "gpu_mem_gb": 9.738}
{"step": 5092, "ce_full": 0.004173, "psi_dir": 0.576483, "psi_entropy": 0.075278, "tension": 57.352013, "phi": 1.619634, "curiosity_ema": 0.04916066, "w_native_err": 0.0413829, "wall_s": 484.34, "gpu_mem_gb": 9.738}
{"step": 5096, "ce_full": 0.007016, "psi_dir": 0.570205, "psi_entropy": 0.087234, "tension": 57.650875, "phi": 1.629644, "curiosity_ema": 0.05541893, "w_native_err": 0.11174341, "wall_s": 484.72, "gpu_mem_gb": 9.738}
{"step": 5100, "ce_full": 0.004347, "psi_dir": 0.57045, "psi_entropy": 0.087404, "tension": 57.435707, "phi": 1.619393, "curiosity_ema": 0.05540786, "w_native_err": 0.05530816, "wall_s": 485.1, "gpu_mem_gb": 9.738}
{"step": 5104, "ce_full": 0.002612, "psi_dir": 0.574176, "psi_entropy": 0.072239, "tension": 57.592194, "phi": 1.614924, "curiosity_ema": 0.05901612, "w_native_err": 0.09149049, "wall_s": 485.47, "gpu_mem_gb": 9.738}
{"step": 5108, "ce_full": 0.003339, "psi_dir": 0.571001, "psi_entropy": 0.058794, "tension": 57.553085, "phi": 1.610757, "curiosity_ema": 0.06108331, "w_native_err": 0.07968801, "wall_s": 485.85, "gpu_mem_gb": 9.738}
{"step": 5112, "ce_full": 0.004403, "psi_dir": 0.570211, "psi_entropy": 0.062179, "tension": 57.487755, "phi": 1.614709, "curiosity_ema": 0.06121885, "w_native_err": 0.0624387, "wall_s": 486.23, "gpu_mem_gb": 9.738}
{"step": 5116, "ce_full": 0.001424, "psi_dir": 0.570399, "psi_entropy": 0.047141, "tension": 57.422272, "phi": 1.61951, "curiosity_ema": 0.05984227, "w_native_err": 0.04745303, "wall_s": 486.6, "gpu_mem_gb": 9.738}
{"step": 5120, "ce_full": 0.003417, "psi_dir": 0.568236, "psi_entropy": 0.075442, "tension": 57.939682, "phi": 1.628279, "curiosity_ema": 0.07372065, "w_native_err": 0.1986261, "wall_s": 486.98, "gpu_mem_gb": 9.738}
{"step": 5124, "ce_full": 0.002622, "psi_dir": 0.570324, "psi_entropy": 0.072579, "tension": 58.09716, "phi": 1.618776, "curiosity_ema": 0.09264338, "w_native_err": 0.26294798, "wall_s": 487.36, "gpu_mem_gb": 9.738}
{"step": 5128, "ce_full": 0.002316, "psi_dir": 0.57253, "psi_entropy": 0.065872, "tension": 58.060738, "phi": 1.630134, "curiosity_ema": 0.10768658, "w_native_err": 0.2430754, "wall_s": 487.74, "gpu_mem_gb": 9.738}
{"step": 5132, "ce_full": 0.005607, "psi_dir": 0.567408, "psi_entropy": 0.126281, "tension": 58.129097, "phi": 1.625668, "curiosity_ema": 0.12406244, "w_native_err": 0.27144516, "wall_s": 488.12, "gpu_mem_gb": 9.738}
{"step": 5136, "ce_full": 0.004117, "psi_dir": 0.567594, "psi_entropy": 0.067376, "tension": 57.913994, "phi": 1.624154, "curiosity_ema": 0.12929483, "w_native_err": 0.17638628, "wall_s": 488.5, "gpu_mem_gb": 9.738}
{"step": 5140, "ce_full": 0.005482, "psi_dir": 0.567425, "psi_entropy": 0.082568, "tension": 57.73513, "phi": 1.624026, "curiosity_ema": 0.12766954, "w_native_err": 0.11304197, "wall_s": 488.88, "gpu_mem_gb": 9.738}
{"step": 5144, "ce_full": 0.0031, "psi_dir": 0.571066, "psi_entropy": 0.073727, "tension": 57.903194, "phi": 1.627159, "curiosity_ema": 0.13143725, "w_native_err": 0.16534668, "wall_s": 489.26, "gpu_mem_gb": 9.738}
{"step": 5148, "ce_full": 0.003987, "psi_dir": 0.575566, "psi_entropy": 0.069628, "tension": 58.088066, "phi": 1.625283, "curiosity_ema": 0.14179868, "w_native_err": 0.23505154, "wall_s": 489.64, "gpu_mem_gb": 9.738}
{"step": 5152, "ce_full": 0.004676, "psi_dir": 0.581205, "psi_entropy": 0.053328, "tension": 57.845257, "phi": 1.621444, "curiosity_ema": 0.14148234, "w_native_err": 0.13863522, "wall_s": 490.03, "gpu_mem_gb": 9.738}
{"step": 5156, "ce_full": 0.004577, "psi_dir": 0.576108, "psi_entropy": 0.098415, "tension": 57.47036, "phi": 1.616482, "curiosity_ema": 0.13137604, "w_native_err": 0.04041937, "wall_s": 490.41, "gpu_mem_gb": 9.738}
{"step": 5160, "ce_full": 0.004481, "psi_dir": 0.575188, "psi_entropy": 0.09264, "tension": 57.561916, "phi": 1.609203, "curiosity_ema": 0.12383187, "w_native_err": 0.05593432, "wall_s": 490.79, "gpu_mem_gb": 9.738}
{"step": 5164, "ce_full": 0.001949, "psi_dir": 0.569565, "psi_entropy": 0.055235, "tension": 57.661095, "phi": 1.620341, "curiosity_ema": 0.11908668, "w_native_err": 0.07637997, "wall_s": 491.18, "gpu_mem_gb": 9.738}
{"step": 5168, "ce_full": 0.004232, "psi_dir": 0.566267, "psi_entropy": 0.099891, "tension": 57.482906, "phi": 1.614389, "curiosity_ema": 0.11086885, "w_native_err": 0.03690837, "wall_s": 491.56, "gpu_mem_gb": 9.738}
{"step": 5172, "ce_full": 0.004359, "psi_dir": 0.573483, "psi_entropy": 0.089689, "tension": 57.421062, "phi": 1.61736, "curiosity_ema": 0.10234453, "w_native_err": 0.02562569, "wall_s": 491.94, "gpu_mem_gb": 9.738}
{"step": 5176, "ce_full": 0.002789, "psi_dir": 0.565702, "psi_entropy": 0.060231, "tension": 57.016441, "phi": 1.602325, "curiosity_ema": 0.0922003, "w_native_err": 0.00090223, "wall_s": 492.32, "gpu_mem_gb": 9.738}
{"step": 5180, "ce_full": 0.005025, "psi_dir": 0.566128, "psi_entropy": 0.078315, "tension": 56.833801, "phi": 1.593353, "curiosity_ema": 0.08419984, "w_native_err": 0.01219565, "wall_s": 492.7, "gpu_mem_gb": 9.738}
{"step": 5184, "ce_full": 0.004285, "psi_dir": 0.566002, "psi_entropy": 0.094775, "tension": 57.200771, "phi": 1.59928, "curiosity_ema": 0.07604457, "w_native_err": 0.00264714, "wall_s": 493.08, "gpu_mem_gb": 9.738}
{"step": 5188, "ce_full": 0.006218, "psi_dir": 0.567873, "psi_entropy": 0.111241, "tension": 57.084072, "phi": 1.603812, "curiosity_ema": 0.06846729, "w_native_err": 0.0002718, "wall_s": 493.46, "gpu_mem_gb": 9.738}
{"step": 5192, "ce_full": 0.003188, "psi_dir": 0.569465, "psi_entropy": 0.068048, "tension": 57.051773, "phi": 1.598986, "curiosity_ema": 0.06169607, "w_native_err": 0.00075504, "wall_s": 493.85, "gpu_mem_gb": 9.738}
{"step": 5196, "ce_full": 0.003448, "psi_dir": 0.566209, "psi_entropy": 0.082991, "tension": 57.187004, "phi": 1.605529, "curiosity_ema": 0.05570671, "w_native_err": 0.00180256, "wall_s": 494.25, "gpu_mem_gb": 9.738}
{"step": 5200, "ce_full": 0.006083, "psi_dir": 0.568591, "psi_entropy": 0.109991, "tension": 57.358715, "phi": 1.608877, "curiosity_ema": 0.05146446, "w_native_err": 0.01328418, "wall_s": 494.65, "gpu_mem_gb": 9.738}
{"step": 5204, "ce_full": 0.002585, "psi_dir": 0.564012, "psi_entropy": 0.037643, "tension": 57.236938, "phi": 1.607386, "curiosity_ema": 0.04673277, "w_native_err": 0.00414758, "wall_s": 495.03, "gpu_mem_gb": 9.738}
{"step": 5208, "ce_full": 0.0073, "psi_dir": 0.563411, "psi_entropy": 0.091288, "tension": 57.306671, "phi": 1.612673, "curiosity_ema": 0.04285617, "w_native_err": 0.00796674, "wall_s": 495.41, "gpu_mem_gb": 9.738}
{"step": 5212, "ce_full": 0.006026, "psi_dir": 0.566049, "psi_entropy": 0.090917, "tension": 57.227123, "phi": 1.611054, "curiosity_ema": 0.03887494, "w_native_err": 0.00304389, "wall_s": 495.79, "gpu_mem_gb": 9.738}
{"step": 5216, "ce_full": 0.005646, "psi_dir": 0.571264, "psi_entropy": 0.091873, "tension": 57.152275, "phi": 1.604785, "curiosity_ema": 0.03508675, "w_native_err": 0.00099307, "wall_s": 496.17, "gpu_mem_gb": 9.738}
{"step": 5220, "ce_full": 0.002891, "psi_dir": 0.575157, "psi_entropy": 0.081488, "tension": 56.808392, "phi": 1.606684, "curiosity_ema": 0.03369183, "w_native_err": 0.02113751, "wall_s": 496.54, "gpu_mem_gb": 9.738}
{"step": 5224, "ce_full": 0.001437, "psi_dir": 0.57287, "psi_entropy": 0.040502, "tension": 56.878872, "phi": 1.617756, "curiosity_ema": 0.03168806, "w_native_err": 0.01365413, "wall_s": 496.92, "gpu_mem_gb": 9.738}
{"step": 5228, "ce_full": 0.003437, "psi_dir": 0.569488, "psi_entropy": 0.099755, "tension": 57.038635, "phi": 1.621811, "curiosity_ema": 0.02878126, "w_native_err": 0.00262005, "wall_s": 497.31, "gpu_mem_gb": 9.738}
{"step": 5232, "ce_full": 0.003521, "psi_dir": 0.571434, "psi_entropy": 0.093798, "tension": 56.82449, "phi": 1.629581, "curiosity_ema": 0.0278941, "w_native_err": 0.01990968, "wall_s": 497.68, "gpu_mem_gb": 9.738}
{"step": 5236, "ce_full": 0.006255, "psi_dir": 0.571124, "psi_entropy": 0.110127, "tension": 56.882759, "phi": 1.62146, "curiosity_ema": 0.02646401, "w_native_err": 0.01359317, "wall_s": 498.06, "gpu_mem_gb": 9.738}
{"step": 5240, "ce_full": 0.00322, "psi_dir": 0.570429, "psi_entropy": 0.08597, "tension": 56.779839, "phi": 1.620942, "curiosity_ema": 0.02640754, "w_native_err": 0.02589937, "wall_s": 498.44, "gpu_mem_gb": 9.738}
{"step": 5244, "ce_full": 0.004221, "psi_dir": 0.569685, "psi_entropy": 0.108443, "tension": 56.639732, "phi": 1.621152, "curiosity_ema": 0.02874357, "w_native_err": 0.04976777, "wall_s": 498.82, "gpu_mem_gb": 9.738}
{"step": 5248, "ce_full": 0.001979, "psi_dir": 0.568003, "psi_entropy": 0.061953, "tension": 56.704216, "phi": 1.614734, "curiosity_ema": 0.02964107, "w_native_err": 0.03771856, "wall_s": 499.2, "gpu_mem_gb": 9.738}
{"step": 5252, "ce_full": 0.004499, "psi_dir": 0.572233, "psi_entropy": 0.091084, "tension": 56.349449, "phi": 1.615759, "curiosity_ema": 0.03901274, "w_native_err": 0.1233578, "wall_s": 499.58, "gpu_mem_gb": 9.738}
{"step": 5256, "ce_full": 0.005048, "psi_dir": 0.569984, "psi_entropy": 0.144723, "tension": 56.584755, "phi": 1.614493, "curiosity_ema": 0.04115557, "w_native_err": 0.06044105, "wall_s": 499.96, "gpu_mem_gb": 9.738}
{"step": 5260, "ce_full": 0.008229, "psi_dir": 0.564965, "psi_entropy": 0.147578, "tension": 57.067749, "phi": 1.628031, "curiosity_ema": 0.0371661, "w_native_err": 0.0012609, "wall_s": 500.34, "gpu_mem_gb": 9.738}
{"step": 5264, "ce_full": 0.005706, "psi_dir": 0.575109, "psi_entropy": 0.0995, "tension": 56.649345, "phi": 1.614774, "curiosity_ema": 0.03802653, "w_native_err": 0.04577036, "wall_s": 500.73, "gpu_mem_gb": 9.738}
{"step": 5268, "ce_full": 0.004783, "psi_dir": 0.56938, "psi_entropy": 0.077925, "tension": 57.048553, "phi": 1.620916, "curiosity_ema": 0.03438512, "w_native_err": 0.00161245, "wall_s": 501.11, "gpu_mem_gb": 9.738}
{"step": 5272, "ce_full": 0.009609, "psi_dir": 0.568969, "psi_entropy": 0.136792, "tension": 56.588818, "phi": 1.614566, "curiosity_ema": 0.03663372, "w_native_err": 0.05687111, "wall_s": 501.5, "gpu_mem_gb": 9.738}
{"step": 5276, "ce_full": 0.003938, "psi_dir": 0.568419, "psi_entropy": 0.079998, "tension": 57.179375, "phi": 1.622889, "curiosity_ema": 0.03309598, "w_native_err": 0.00125631, "wall_s": 501.88, "gpu_mem_gb": 9.738}
{"step": 5280, "ce_full": 0.003911, "psi_dir": 0.57027, "psi_entropy": 0.058534, "tension": 56.885696, "phi": 1.617826, "curiosity_ema": 0.0309432, "w_native_err": 0.01156818, "wall_s": 502.26, "gpu_mem_gb": 9.738}
{"step": 5284, "ce_full": 0.004885, "psi_dir": 0.573755, "psi_entropy": 0.110217, "tension": 57.185936, "phi": 1.62382, "curiosity_ema": 0.0279599, "w_native_err": 0.00111023, "wall_s": 502.65, "gpu_mem_gb": 9.738}
{"step": 5288, "ce_full": 0.00277, "psi_dir": 0.569339, "psi_entropy": 0.075011, "tension": 56.93808, "phi": 1.62262, "curiosity_ema": 0.02579006, "w_native_err": 0.00626147, "wall_s": 503.02, "gpu_mem_gb": 9.738}
{"step": 5292, "ce_full": 0.002811, "psi_dir": 0.575637, "psi_entropy": 0.048774, "tension": 57.091137, "phi": 1.622014, "curiosity_ema": 0.02327001, "w_native_err": 0.00058955, "wall_s": 503.4, "gpu_mem_gb": 9.738}
{"step": 5296, "ce_full": 0.001597, "psi_dir": 0.566145, "psi_entropy": 0.031889, "tension": 57.159134, "phi": 1.6226, "curiosity_ema": 0.02105603, "w_native_err": 0.00113021, "wall_s": 503.78, "gpu_mem_gb": 9.738}
{"step": 5300, "ce_full": 0.003142, "psi_dir": 0.567898, "psi_entropy": 0.076406, "tension": 56.812145, "phi": 1.623073, "curiosity_ema": 0.02067016, "w_native_err": 0.0171973, "wall_s": 504.17, "gpu_mem_gb": 9.738}
{"step": 5304, "ce_full": 0.003275, "psi_dir": 0.568428, "psi_entropy": 0.058466, "tension": 56.806572, "phi": 1.625716, "curiosity_ema": 0.02036243, "w_native_err": 0.01759294, "wall_s": 504.55, "gpu_mem_gb": 9.738}
{"step": 5308, "ce_full": 0.004103, "psi_dir": 0.575855, "psi_entropy": 0.080986, "tension": 57.00499, "phi": 1.628542, "curiosity_ema": 0.01855165, "w_native_err": 0.00225458, "wall_s": 504.93, "gpu_mem_gb": 9.738}
{"step": 5312, "ce_full": 0.006281, "psi_dir": 0.572669, "psi_entropy": 0.087449, "tension": 56.919884, "phi": 1.630484, "curiosity_ema": 0.01740493, "w_native_err": 0.0070845, "wall_s": 505.32, "gpu_mem_gb": 9.738}
{"step": 5316, "ce_full": 0.009423, "psi_dir": 0.568192, "psi_entropy": 0.138277, "tension": 56.550179, "phi": 1.620953, "curiosity_ema": 0.02187588, "w_native_err": 0.06211439, "wall_s": 505.7, "gpu_mem_gb": 9.738}
{"step": 5320, "ce_full": 0.002797, "psi_dir": 0.574229, "psi_entropy": 0.05968, "tension": 56.360283, "phi": 1.621345, "curiosity_ema": 0.03045707, "w_native_err": 0.10768776, "wall_s": 506.09, "gpu_mem_gb": 9.738}
{"step": 5324, "ce_full": 0.004067, "psi_dir": 0.567446, "psi_entropy": 0.075826, "tension": 56.658123, "phi": 1.621319, "curiosity_ema": 0.03116325, "w_native_err": 0.0375189, "wall_s": 506.48, "gpu_mem_gb": 9.738}
{"step": 5328, "ce_full": 0.002488, "psi_dir": 0.571533, "psi_entropy": 0.028299, "tension": 56.289776, "phi": 1.616198, "curiosity_ema": 0.04077741, "w_native_err": 0.12730484, "wall_s": 506.86, "gpu_mem_gb": 9.738}
{"step": 5332, "ce_full": 0.001898, "psi_dir": 0.567085, "psi_entropy": 0.047687, "tension": 56.891842, "phi": 1.622656, "curiosity_ema": 0.03744712, "w_native_err": 0.00747447, "wall_s": 507.24, "gpu_mem_gb": 9.738}
{"step": 5336, "ce_full": 0.001708, "psi_dir": 0.571211, "psi_entropy": 0.029504, "tension": 56.507202, "phi": 1.61487, "curiosity_ema": 0.04027626, "w_native_err": 0.06573857, "wall_s": 507.62, "gpu_mem_gb": 9.738}
{"step": 5340, "ce_full": 0.00276, "psi_dir": 0.569385, "psi_entropy": 0.077148, "tension": 56.482262, "phi": 1.609332, "curiosity_ema": 0.04325807, "w_native_err": 0.07009432, "wall_s": 508.0, "gpu_mem_gb": 9.738}
{"step": 5344, "ce_full": 0.004479, "psi_dir": 0.570915, "psi_entropy": 0.083357, "tension": 56.427147, "phi": 1.619294, "curiosity_ema": 0.04718755, "w_native_err": 0.0825529, "wall_s": 508.37, "gpu_mem_gb": 9.738}
{"step": 5348, "ce_full": 0.004196, "psi_dir": 0.564826, "psi_entropy": 0.097426, "tension": 56.747696, "phi": 1.613136, "curiosity_ema": 0.04449443, "w_native_err": 0.02025634, "wall_s": 508.75, "gpu_mem_gb": 9.738}
{"step": 5352, "ce_full": 0.003116, "psi_dir": 0.572016, "psi_entropy": 0.07737, "tension": 56.638378, "phi": 1.624296, "curiosity_ema": 0.04359862, "w_native_err": 0.03553635, "wall_s": 509.13, "gpu_mem_gb": 9.738}
{"step": 5356, "ce_full": 0.00432, "psi_dir": 0.568622, "psi_entropy": 0.08778, "tension": 56.642258, "phi": 1.603955, "curiosity_ema": 0.04263571, "w_native_err": 0.0339695, "wall_s": 509.51, "gpu_mem_gb": 9.738}
{"step": 5360, "ce_full": 0.004355, "psi_dir": 0.567147, "psi_entropy": 0.117206, "tension": 56.815331, "phi": 1.61505, "curiosity_ema": 0.03949138, "w_native_err": 0.01119245, "wall_s": 509.89, "gpu_mem_gb": 9.738}
{"step": 5364, "ce_full": 0.004595, "psi_dir": 0.564503, "psi_entropy": 0.085418, "tension": 57.007019, "phi": 1.625042, "curiosity_ema": 0.03558066, "w_native_err": 0.00038414, "wall_s": 510.26, "gpu_mem_gb": 9.738}
{"step": 5368, "ce_full": 0.003092, "psi_dir": 0.565642, "psi_entropy": 0.036638, "tension": 56.869488, "phi": 1.607556, "curiosity_ema": 0.03266832, "w_native_err": 0.00645732, "wall_s": 510.64, "gpu_mem_gb": 9.738}
{"step": 5372, "ce_full": 0.004241, "psi_dir": 0.569502, "psi_entropy": 0.112659, "tension": 56.424522, "phi": 1.60682, "curiosity_ema": 0.03685513, "w_native_err": 0.07453636, "wall_s": 511.02, "gpu_mem_gb": 9.738}
{"step": 5376, "ce_full": 0.003245, "psi_dir": 0.57017, "psi_entropy": 0.071719, "tension": 56.869202, "phi": 1.615733, "curiosity_ema": 0.03369908, "w_native_err": 0.00529461, "wall_s": 511.4, "gpu_mem_gb": 9.738}
{"step": 5380, "ce_full": 0.002571, "psi_dir": 0.571976, "psi_entropy": 0.042014, "tension": 56.609978, "phi": 1.613574, "curiosity_ema": 0.03383201, "w_native_err": 0.03502841, "wall_s": 511.78, "gpu_mem_gb": 9.738}
{"step": 5384, "ce_full": 0.007561, "psi_dir": 0.567898, "psi_entropy": 0.102539, "tension": 56.920525, "phi": 1.615196, "curiosity_ema": 0.03065724, "w_native_err": 0.00208426, "wall_s": 512.16, "gpu_mem_gb": 9.738}
{"step": 5388, "ce_full": 0.003063, "psi_dir": 0.572406, "psi_entropy": 0.068346, "tension": 57.072399, "phi": 1.624213, "curiosity_ema": 0.02765888, "w_native_err": 0.00067365, "wall_s": 512.54, "gpu_mem_gb": 9.738}
{"step": 5392, "ce_full": 0.002301, "psi_dir": 0.565142, "psi_entropy": 0.049692, "tension": 57.072521, "phi": 1.626592, "curiosity_ema": 0.02498115, "w_native_err": 0.00088165, "wall_s": 512.93, "gpu_mem_gb": 9.738}
{"step": 5396, "ce_full": 0.003598, "psi_dir": 0.57038, "psi_entropy": 0.102663, "tension": 57.034714, "phi": 1.633555, "curiosity_ema": 0.02252315, "w_native_err": 0.00040114, "wall_s": 513.32, "gpu_mem_gb": 9.738}
{"step": 5400, "ce_full": 0.00607, "psi_dir": 0.569178, "psi_entropy": 0.069861, "tension": 56.712006, "phi": 1.626261, "curiosity_ema": 0.02200785, "w_native_err": 0.01737008, "wall_s": 513.69, "gpu_mem_gb": 9.738}
{"step": 5404, "ce_full": 0.00474, "psi_dir": 0.578211, "psi_entropy": 0.109793, "tension": 56.974403, "phi": 1.619772, "curiosity_ema": 0.01987022, "w_native_err": 0.00063162, "wall_s": 514.07, "gpu_mem_gb": 9.738}
{"step": 5408, "ce_full": 0.001998, "psi_dir": 0.573141, "psi_entropy": 0.056925, "tension": 56.853241, "phi": 1.625192, "curiosity_ema": 0.01832284, "w_native_err": 0.00439645, "wall_s": 514.45, "gpu_mem_gb": 9.738}
{"step": 5412, "ce_full": 0.008242, "psi_dir": 0.573845, "psi_entropy": 0.124406, "tension": 57.430584, "phi": 1.625427, "curiosity_ema": 0.02030124, "w_native_err": 0.03810677, "wall_s": 514.83, "gpu_mem_gb": 9.738}
{"step": 5416, "ce_full": 0.002719, "psi_dir": 0.57183, "psi_entropy": 0.067904, "tension": 57.245079, "phi": 1.622254, "curiosity_ema": 0.01951506, "w_native_err": 0.01243946, "wall_s": 515.21, "gpu_mem_gb": 9.738}
{"step": 5420, "ce_full": 0.004517, "psi_dir": 0.572451, "psi_entropy": 0.097985, "tension": 57.1875, "phi": 1.625, "curiosity_ema": 0.01831561, "w_native_err": 0.0075206, "wall_s": 515.59, "gpu_mem_gb": 9.738}
{"step": 5424, "ce_full": 0.004628, "psi_dir": 0.571308, "psi_entropy": 0.082284, "tension": 57.060921, "phi": 1.621144, "curiosity_ema": 0.01657886, "w_native_err": 0.00094806, "wall_s": 515.97, "gpu_mem_gb": 9.738}
{"step": 5428, "ce_full": 0.002163, "psi_dir": 0.575279, "psi_entropy": 0.037558, "tension": 57.09906, "phi": 1.629972, "curiosity_ema": 0.01521005, "w_native_err": 0.00289074, "wall_s": 516.35, "gpu_mem_gb": 9.738}
{"step": 5432, "ce_full": 0.006236, "psi_dir": 0.573083, "psi_entropy": 0.110048, "tension": 57.05061, "phi": 1.632599, "curiosity_ema": 0.01376869, "w_native_err": 0.00079653, "wall_s": 516.73, "gpu_mem_gb": 9.738}
{"step": 5436, "ce_full": 0.002154, "psi_dir": 0.574608, "psi_entropy": 0.053028, "tension": 57.517498, "phi": 1.640868, "curiosity_ema": 0.0179539, "w_native_err": 0.05562071, "wall_s": 517.11, "gpu_mem_gb": 9.738}
{"step": 5440, "ce_full": 0.00386, "psi_dir": 0.566168, "psi_entropy": 0.069999, "tension": 57.304214, "phi": 1.640046, "curiosity_ema": 0.01811702, "w_native_err": 0.01958517, "wall_s": 517.48, "gpu_mem_gb": 9.738}
{"step": 5444, "ce_full": 0.007662, "psi_dir": 0.569987, "psi_entropy": 0.109024, "tension": 57.054123, "phi": 1.631551, "curiosity_ema": 0.01639198, "w_native_err": 0.00086656, "wall_s": 517.94, "gpu_mem_gb": 9.738}
{"step": 5448, "ce_full": 0.004848, "psi_dir": 0.563603, "psi_entropy": 0.121528, "tension": 57.396038, "phi": 1.640931, "curiosity_ema": 0.0180164, "w_native_err": 0.03263617, "wall_s": 518.32, "gpu_mem_gb": 9.738}
{"step": 5452, "ce_full": 0.006135, "psi_dir": 0.568315, "psi_entropy": 0.109534, "tension": 57.244354, "phi": 1.637483, "curiosity_ema": 0.01746782, "w_native_err": 0.01253064, "wall_s": 518.7, "gpu_mem_gb": 9.738}
{"step": 5456, "ce_full": 0.005807, "psi_dir": 0.568815, "psi_entropy": 0.126526, "tension": 57.017281, "phi": 1.641548, "curiosity_ema": 0.01575715, "w_native_err": 0.00036114, "wall_s": 519.08, "gpu_mem_gb": 9.738}
{"step": 5460, "ce_full": 0.004707, "psi_dir": 0.574296, "psi_entropy": 0.094125, "tension": 57.082977, "phi": 1.628175, "curiosity_ema": 0.0143367, "w_native_err": 0.00155263, "wall_s": 519.46, "gpu_mem_gb": 9.738}
{"step": 5464, "ce_full": 0.000758, "psi_dir": 0.572905, "psi_entropy": 0.032372, "tension": 57.240158, "phi": 1.634508, "curiosity_ema": 0.01417275, "w_native_err": 0.01269723, "wall_s": 519.83, "gpu_mem_gb": 9.738}
{"step": 5468, "ce_full": 0.004718, "psi_dir": 0.571047, "psi_entropy": 0.084769, "tension": 57.311413, "phi": 1.62775, "curiosity_ema": 0.01469914, "w_native_err": 0.01943665, "wall_s": 520.21, "gpu_mem_gb": 9.738}
{"step": 5472, "ce_full": 0.003685, "psi_dir": 0.573832, "psi_entropy": 0.070859, "tension": 57.119675, "phi": 1.626561, "curiosity_ema": 0.01352543, "w_native_err": 0.00296202, "wall_s": 520.59, "gpu_mem_gb": 9.738}
{"step": 5476, "ce_full": 0.005908, "psi_dir": 0.570978, "psi_entropy": 0.088336, "tension": 56.95628, "phi": 1.625552, "curiosity_ema": 0.01222327, "w_native_err": 0.0005038, "wall_s": 520.96, "gpu_mem_gb": 9.738}
{"step": 5480, "ce_full": 0.003514, "psi_dir": 0.56903, "psi_entropy": 0.074445, "tension": 57.134743, "phi": 1.625843, "curiosity_ema": 0.01133962, "w_native_err": 0.00338678, "wall_s": 521.34, "gpu_mem_gb": 9.738}
{"step": 5484, "ce_full": 0.004527, "psi_dir": 0.571167, "psi_entropy": 0.066223, "tension": 56.905022, "phi": 1.628396, "curiosity_ema": 0.01042331, "w_native_err": 0.00217657, "wall_s": 521.72, "gpu_mem_gb": 9.738}
{"step": 5488, "ce_full": 0.004667, "psi_dir": 0.572045, "psi_entropy": 0.090378, "tension": 56.802803, "phi": 1.629537, "curiosity_ema": 0.01023933, "w_native_err": 0.00858346, "wall_s": 522.1, "gpu_mem_gb": 9.738}
{"step": 5492, "ce_full": 0.002315, "psi_dir": 0.577484, "psi_entropy": 0.065828, "tension": 56.624779, "phi": 1.631123, "curiosity_ema": 0.01218311, "w_native_err": 0.02967715, "wall_s": 522.47, "gpu_mem_gb": 9.738}
{"step": 5496, "ce_full": 0.005664, "psi_dir": 0.570564, "psi_entropy": 0.128197, "tension": 56.886993, "phi": 1.638149, "curiosity_ema": 0.01135987, "w_native_err": 0.0039507, "wall_s": 522.85, "gpu_mem_gb": 9.738}
{"step": 5500, "ce_full": 0.008778, "psi_dir": 0.575573, "psi_entropy": 0.100028, "tension": 56.738029, "phi": 1.633795, "curiosity_ema": 0.01172898, "w_native_err": 0.01505097, "wall_s": 523.23, "gpu_mem_gb": 9.738}
{"step": 5504, "ce_full": 0.003181, "psi_dir": 0.573208, "psi_entropy": 0.049428, "tension": 56.51292, "phi": 1.629626, "curiosity_ema": 0.01549778, "w_native_err": 0.04941696, "wall_s": 523.62, "gpu_mem_gb": 9.738}
{"step": 5508, "ce_full": 0.001786, "psi_dir": 0.578475, "psi_entropy": 0.043356, "tension": 57.043419, "phi": 1.638228, "curiosity_ema": 0.01399333, "w_native_err": 0.00045326, "wall_s": 524.0, "gpu_mem_gb": 9.738}
{"step": 5512, "ce_full": 0.003459, "psi_dir": 0.57275, "psi_entropy": 0.060617, "tension": 57.021393, "phi": 1.635112, "curiosity_ema": 0.0126011, "w_native_err": 7.103e-05, "wall_s": 524.39, "gpu_mem_gb": 9.738}
{"step": 5516, "ce_full": 0.002711, "psi_dir": 0.576219, "psi_entropy": 0.078481, "tension": 57.114716, "phi": 1.643727, "curiosity_ema": 0.01157463, "w_native_err": 0.00233645, "wall_s": 524.76, "gpu_mem_gb": 9.738}
{"step": 5520, "ce_full": 0.005389, "psi_dir": 0.571789, "psi_entropy": 0.071391, "tension": 57.131329, "phi": 1.64355, "curiosity_ema": 0.01073003, "w_native_err": 0.00312864, "wall_s": 525.14, "gpu_mem_gb": 9.738}
{"step": 5524, "ce_full": 0.003191, "psi_dir": 0.572173, "psi_entropy": 0.083733, "tension": 57.015285, "phi": 1.624614, "curiosity_ema": 0.00967817, "w_native_err": 0.00021138, "wall_s": 525.52, "gpu_mem_gb": 9.738}
{"step": 5528, "ce_full": 0.005827, "psi_dir": 0.564833, "psi_entropy": 0.088858, "tension": 56.734703, "phi": 1.619252, "curiosity_ema": 0.0102108, "w_native_err": 0.01500446, "wall_s": 525.9, "gpu_mem_gb": 9.738}
{"step": 5532, "ce_full": 0.006927, "psi_dir": 0.568369, "psi_entropy": 0.076925, "tension": 56.65625, "phi": 1.621114, "curiosity_ema": 0.01163881, "w_native_err": 0.02449095, "wall_s": 526.28, "gpu_mem_gb": 9.738}
{"step": 5536, "ce_full": 0.002965, "psi_dir": 0.572331, "psi_entropy": 0.065814, "tension": 56.777214, "phi": 1.62829, "curiosity_ema": 0.01150913, "w_native_err": 0.01034204, "wall_s": 526.67, "gpu_mem_gb": 9.738}
{"step": 5540, "ce_full": 0.002921, "psi_dir": 0.565257, "psi_entropy": 0.060293, "tension": 56.861855, "phi": 1.624049, "curiosity_ema": 0.01076255, "w_native_err": 0.00404334, "wall_s": 527.05, "gpu_mem_gb": 9.738}
{"step": 5544, "ce_full": 0.005477, "psi_dir": 0.569972, "psi_entropy": 0.078668, "tension": 56.975368, "phi": 1.624663, "curiosity_ema": 0.00970157, "w_native_err": 0.0001527, "wall_s": 527.43, "gpu_mem_gb": 9.738}
{"step": 5548, "ce_full": 0.005565, "psi_dir": 0.56796, "psi_entropy": 0.042004, "tension": 56.468811, "phi": 1.628743, "curiosity_ema": 0.01441576, "w_native_err": 0.0568435, "wall_s": 527.81, "gpu_mem_gb": 9.738}
{"step": 5552, "ce_full": 0.002293, "psi_dir": 0.563482, "psi_entropy": 0.048442, "tension": 56.794537, "phi": 1.628826, "curiosity_ema": 0.01382902, "w_native_err": 0.00854838, "wall_s": 528.19, "gpu_mem_gb": 9.738}
{"step": 5556, "ce_full": 0.001412, "psi_dir": 0.571692, "psi_entropy": 0.037965, "tension": 56.92437, "phi": 1.627507, "curiosity_ema": 0.01257763, "w_native_err": 0.00131514, "wall_s": 528.57, "gpu_mem_gb": 9.738}
{"step": 5560, "ce_full": 0.004671, "psi_dir": 0.573669, "psi_entropy": 0.070942, "tension": 56.789974, "phi": 1.620885, "curiosity_ema": 0.01216676, "w_native_err": 0.00846887, "wall_s": 528.95, "gpu_mem_gb": 9.738}
{"step": 5564, "ce_full": 0.004985, "psi_dir": 0.567926, "psi_entropy": 0.059649, "tension": 56.674664, "phi": 1.617861, "curiosity_ema": 0.01297824, "w_native_err": 0.02028158, "wall_s": 529.33, "gpu_mem_gb": 9.738}
{"step": 5568, "ce_full": 0.007272, "psi_dir": 0.567815, "psi_entropy": 0.15897, "tension": 56.89888, "phi": 1.628097, "curiosity_ema": 0.01209632, "w_native_err": 0.00415901, "wall_s": 529.71, "gpu_mem_gb": 9.738}
{"step": 5572, "ce_full": 0.002447, "psi_dir": 0.562892, "psi_entropy": 0.025635, "tension": 57.014122, "phi": 1.630476, "curiosity_ema": 0.01091987, "w_native_err": 0.0003318, "wall_s": 530.11, "gpu_mem_gb": 9.738}
{"step": 5576, "ce_full": 0.005293, "psi_dir": 0.567044, "psi_entropy": 0.062295, "tension": 56.924355, "phi": 1.625644, "curiosity_ema": 0.00990757, "w_native_err": 0.00079689, "wall_s": 530.5, "gpu_mem_gb": 9.738}
{"step": 5580, "ce_full": 0.004837, "psi_dir": 0.569429, "psi_entropy": 0.112293, "tension": 56.897438, "phi": 1.631512, "curiosity_ema": 0.00912229, "w_native_err": 0.0020548, "wall_s": 530.87, "gpu_mem_gb": 9.738}
{"step": 5584, "ce_full": 0.002452, "psi_dir": 0.572623, "psi_entropy": 0.053989, "tension": 56.721046, "phi": 1.627251, "curiosity_ema": 0.00959479, "w_native_err": 0.01384723, "wall_s": 531.25, "gpu_mem_gb": 9.738}
{"step": 5588, "ce_full": 0.004273, "psi_dir": 0.570011, "psi_entropy": 0.064823, "tension": 56.830711, "phi": 1.635364, "curiosity_ema": 0.00909304, "w_native_err": 0.00457731, "wall_s": 531.63, "gpu_mem_gb": 9.738}
{"step": 5592, "ce_full": 0.001675, "psi_dir": 0.572163, "psi_entropy": 0.036287, "tension": 57.129818, "phi": 1.622235, "curiosity_ema": 0.00867846, "w_native_err": 0.00494727, "wall_s": 532.01, "gpu_mem_gb": 9.738}
{"step": 5596, "ce_full": 0.004993, "psi_dir": 0.57188, "psi_entropy": 0.071036, "tension": 57.053307, "phi": 1.630707, "curiosity_ema": 0.00792601, "w_native_err": 0.00115395, "wall_s": 532.39, "gpu_mem_gb": 9.738}
{"step": 5600, "ce_full": 0.002507, "psi_dir": 0.573442, "psi_entropy": 0.0658, "tension": 56.926994, "phi": 1.629548, "curiosity_ema": 0.00718665, "w_native_err": 0.00053241, "wall_s": 532.76, "gpu_mem_gb": 9.738}
{"step": 5604, "ce_full": 0.00414, "psi_dir": 0.572219, "psi_entropy": 0.070427, "tension": 57.183464, "phi": 1.6295, "curiosity_ema": 0.00733203, "w_native_err": 0.00864049, "wall_s": 533.14, "gpu_mem_gb": 9.738}
{"step": 5608, "ce_full": 0.006332, "psi_dir": 0.572779, "psi_entropy": 0.094364, "tension": 56.89994, "phi": 1.620362, "curiosity_ema": 0.00672204, "w_native_err": 0.00123208, "wall_s": 533.52, "gpu_mem_gb": 9.738}
{"step": 5612, "ce_full": 0.003506, "psi_dir": 0.570115, "psi_entropy": 0.071689, "tension": 57.082253, "phi": 1.630854, "curiosity_ema": 0.00628567, "w_native_err": 0.00235837, "wall_s": 533.89, "gpu_mem_gb": 9.738}
{"step": 5616, "ce_full": 0.005409, "psi_dir": 0.573827, "psi_entropy": 0.126179, "tension": 56.926373, "phi": 1.624972, "curiosity_ema": 0.00576087, "w_native_err": 0.00103768, "wall_s": 534.27, "gpu_mem_gb": 9.738}
{"step": 5620, "ce_full": 0.007108, "psi_dir": 0.574946, "psi_entropy": 0.099591, "tension": 56.909012, "phi": 1.629346, "curiosity_ema": 0.00527875, "w_native_err": 0.00093964, "wall_s": 534.65, "gpu_mem_gb": 9.738}
{"step": 5624, "ce_full": 0.003944, "psi_dir": 0.572694, "psi_entropy": 0.07781, "tension": 57.089127, "phi": 1.629516, "curiosity_ema": 0.00502749, "w_native_err": 0.00276611, "wall_s": 535.03, "gpu_mem_gb": 9.738}
{"step": 5628, "ce_full": 0.00145, "psi_dir": 0.575957, "psi_entropy": 0.042951, "tension": 56.839275, "phi": 1.62791, "curiosity_ema": 0.0049219, "w_native_err": 0.00397161, "wall_s": 535.4, "gpu_mem_gb": 9.738}
{"step": 5632, "ce_full": 0.002746, "psi_dir": 0.570392, "psi_entropy": 0.068479, "tension": 56.924908, "phi": 1.641267, "curiosity_ema": 0.00448927, "w_native_err": 0.00059561, "wall_s": 535.78, "gpu_mem_gb": 9.738}
{"step": 5636, "ce_full": 0.002749, "psi_dir": 0.572073, "psi_entropy": 0.06569, "tension": 56.613396, "phi": 1.62592, "curiosity_ema": 0.00660544, "w_native_err": 0.02565102, "wall_s": 536.17, "gpu_mem_gb": 9.738}
{"step": 5640, "ce_full": 0.007167, "psi_dir": 0.574563, "psi_entropy": 0.107975, "tension": 56.988243, "phi": 1.635728, "curiosity_ema": 0.00596306, "w_native_err": 0.00018165, "wall_s": 536.54, "gpu_mem_gb": 9.738}
{"step": 5644, "ce_full": 0.005392, "psi_dir": 0.570798, "psi_entropy": 0.111437, "tension": 56.916412, "phi": 1.640329, "curiosity_ema": 0.00543794, "w_native_err": 0.00071178, "wall_s": 536.92, "gpu_mem_gb": 9.738}
{"step": 5648, "ce_full": 0.003346, "psi_dir": 0.573162, "psi_entropy": 0.0665, "tension": 56.828178, "phi": 1.631733, "curiosity_ema": 0.00529431, "w_native_err": 0.00400172, "wall_s": 537.3, "gpu_mem_gb": 9.738}
{"step": 5652, "ce_full": 0.002688, "psi_dir": 0.568422, "psi_entropy": 0.061231, "tension": 56.425682, "phi": 1.62991, "curiosity_ema": 0.01064157, "w_native_err": 0.05876684, "wall_s": 537.68, "gpu_mem_gb": 9.738}
{"step": 5656, "ce_full": 0.006125, "psi_dir": 0.569212, "psi_entropy": 0.072283, "tension": 56.575897, "phi": 1.625906, "curiosity_ema": 0.0126205, "w_native_err": 0.03043089, "wall_s": 538.06, "gpu_mem_gb": 9.738}
{"step": 5660, "ce_full": 0.002298, "psi_dir": 0.574734, "psi_entropy": 0.062937, "tension": 56.849831, "phi": 1.626842, "curiosity_ema": 0.01162648, "w_native_err": 0.00268034, "wall_s": 538.44, "gpu_mem_gb": 9.738}
{"step": 5664, "ce_full": 0.002076, "psi_dir": 0.573395, "psi_entropy": 0.052829, "tension": 56.527081, "phi": 1.626731, "curiosity_ema": 0.01424825, "w_native_err": 0.03784414, "wall_s": 538.83, "gpu_mem_gb": 9.738}
{"step": 5668, "ce_full": 0.004775, "psi_dir": 0.572902, "psi_entropy": 0.073418, "tension": 56.905636, "phi": 1.627625, "curiosity_ema": 0.0128823, "w_native_err": 0.00058874, "wall_s": 539.2, "gpu_mem_gb": 9.738}
{"step": 5672, "ce_full": 0.001816, "psi_dir": 0.578046, "psi_entropy": 0.039104, "tension": 56.406048, "phi": 1.610487, "curiosity_ema": 0.01767705, "w_native_err": 0.06082987, "wall_s": 539.58, "gpu_mem_gb": 9.738}
{"step": 5676, "ce_full": 0.005455, "psi_dir": 0.575114, "psi_entropy": 0.054579, "tension": 56.299053, "phi": 1.615742, "curiosity_ema": 0.02449136, "w_native_err": 0.08582015, "wall_s": 539.97, "gpu_mem_gb": 9.738}
{"step": 5680, "ce_full": 0.002942, "psi_dir": 0.57059, "psi_entropy": 0.050818, "tension": 56.772289, "phi": 1.626344, "curiosity_ema": 0.02268997, "w_native_err": 0.00647741, "wall_s": 540.35, "gpu_mem_gb": 9.738}
{"step": 5684, "ce_full": 0.003399, "psi_dir": 0.56959, "psi_entropy": 0.063521, "tension": 56.472099, "phi": 1.620718, "curiosity_ema": 0.02495412, "w_native_err": 0.04533151, "wall_s": 540.73, "gpu_mem_gb": 9.738}
{"step": 5688, "ce_full": 0.00361, "psi_dir": 0.570833, "psi_entropy": 0.081255, "tension": 56.388168, "phi": 1.616146, "curiosity_ema": 0.02866999, "w_native_err": 0.06211276, "wall_s": 541.11, "gpu_mem_gb": 9.738}
{"step": 5692, "ce_full": 0.006557, "psi_dir": 0.569674, "psi_entropy": 0.145977, "tension": 56.495617, "phi": 1.621399, "curiosity_ema": 0.0299725, "w_native_err": 0.04169508, "wall_s": 541.49, "gpu_mem_gb": 9.738}
{"step": 5696, "ce_full": 0.002541, "psi_dir": 0.570251, "psi_entropy": 0.080887, "tension": 56.453548, "phi": 1.621117, "curiosity_ema": 0.03164038, "w_native_err": 0.04665136, "wall_s": 541.88, "gpu_mem_gb": 9.738}
{"step": 5700, "ce_full": 0.005865, "psi_dir": 0.576532, "psi_entropy": 0.076122, "tension": 56.459438, "phi": 1.617092, "curiosity_ema": 0.03292883, "w_native_err": 0.04452482, "wall_s": 542.27, "gpu_mem_gb": 9.738}
{"step": 5704, "ce_full": 0.003507, "psi_dir": 0.572054, "psi_entropy": 0.078298, "tension": 56.581158, "phi": 1.630721, "curiosity_ema": 0.03202462, "w_native_err": 0.02388676, "wall_s": 542.64, "gpu_mem_gb": 9.738}
{"step": 5708, "ce_full": 0.00512, "psi_dir": 0.570911, "psi_entropy": 0.094323, "tension": 56.562298, "phi": 1.623944, "curiosity_ema": 0.0314042, "w_native_err": 0.02582039, "wall_s": 543.03, "gpu_mem_gb": 9.738}
{"step": 5712, "ce_full": 0.004272, "psi_dir": 0.581178, "psi_entropy": 0.078036, "tension": 56.592754, "phi": 1.620191, "curiosity_ema": 0.03037916, "w_native_err": 0.02115386, "wall_s": 543.4, "gpu_mem_gb": 9.738}
{"step": 5716, "ce_full": 0.003694, "psi_dir": 0.576388, "psi_entropy": 0.071562, "tension": 56.565411, "phi": 1.628062, "curiosity_ema": 0.02976951, "w_native_err": 0.02428265, "wall_s": 543.78, "gpu_mem_gb": 9.738}
{"step": 5720, "ce_full": 0.003828, "psi_dir": 0.578287, "psi_entropy": 0.090018, "tension": 56.799911, "phi": 1.628372, "curiosity_ema": 0.02703416, "w_native_err": 0.00241593, "wall_s": 544.16, "gpu_mem_gb": 9.738}
{"step": 5724, "ce_full": 0.00257, "psi_dir": 0.576937, "psi_entropy": 0.065773, "tension": 56.618896, "phi": 1.623457, "curiosity_ema": 0.02598298, "w_native_err": 0.01652239, "wall_s": 544.53, "gpu_mem_gb": 9.738}
{"step": 5728, "ce_full": 0.003364, "psi_dir": 0.575028, "psi_entropy": 0.073958, "tension": 56.771072, "phi": 1.617388, "curiosity_ema": 0.02373619, "w_native_err": 0.00351511, "wall_s": 544.91, "gpu_mem_gb": 9.738}
{"step": 5732, "ce_full": 0.004992, "psi_dir": 0.573365, "psi_entropy": 0.095391, "tension": 56.799847, "phi": 1.609864, "curiosity_ema": 0.02154997, "w_native_err": 0.00187394, "wall_s": 545.29, "gpu_mem_gb": 9.738}
{"step": 5736, "ce_full": 0.005052, "psi_dir": 0.570848, "psi_entropy": 0.100456, "tension": 56.915337, "phi": 1.622628, "curiosity_ema": 0.01941223, "w_native_err": 0.00017261, "wall_s": 545.67, "gpu_mem_gb": 9.738}
{"step": 5740, "ce_full": 0.006907, "psi_dir": 0.569633, "psi_entropy": 0.088111, "tension": 56.740623, "phi": 1.630342, "curiosity_ema": 0.01789997, "w_native_err": 0.00428963, "wall_s": 546.04, "gpu_mem_gb": 9.738}
{"step": 5744, "ce_full": 0.005544, "psi_dir": 0.576598, "psi_entropy": 0.081234, "tension": 56.766411, "phi": 1.624756, "curiosity_ema": 0.01638448, "w_native_err": 0.00274502, "wall_s": 546.42, "gpu_mem_gb": 9.738}
{"step": 5748, "ce_full": 0.004648, "psi_dir": 0.575649, "psi_entropy": 0.072831, "tension": 56.778301, "phi": 1.626453, "curiosity_ema": 0.01495842, "w_native_err": 0.00212387, "wall_s": 546.8, "gpu_mem_gb": 9.738}
{"step": 5752, "ce_full": 0.00735, "psi_dir": 0.571367, "psi_entropy": 0.117554, "tension": 56.660198, "phi": 1.619744, "curiosity_ema": 0.01444304, "w_native_err": 0.00980469, "wall_s": 547.17, "gpu_mem_gb": 9.738}
{"step": 5756, "ce_full": 0.005906, "psi_dir": 0.576982, "psi_entropy": 0.115239, "tension": 56.499878, "phi": 1.608474, "curiosity_ema": 0.01583428, "w_native_err": 0.02835537, "wall_s": 547.55, "gpu_mem_gb": 9.738}
{"step": 5760, "ce_full": 0.003593, "psi_dir": 0.574452, "psi_entropy": 0.081353, "tension": 57.020996, "phi": 1.631547, "curiosity_ema": 0.0147129, "w_native_err": 0.00462051, "wall_s": 547.93, "gpu_mem_gb": 9.738}
{"step": 5764, "ce_full": 0.003512, "psi_dir": 0.571649, "psi_entropy": 0.086994, "tension": 56.673294, "phi": 1.623711, "curiosity_ema": 0.01400123, "w_native_err": 0.00759617, "wall_s": 548.31, "gpu_mem_gb": 9.738}
{"step": 5768, "ce_full": 0.006947, "psi_dir": 0.56017, "psi_entropy": 0.097276, "tension": 56.98875, "phi": 1.626193, "curiosity_ema": 0.01291604, "w_native_err": 0.00314939, "wall_s": 548.69, "gpu_mem_gb": 9.738}
{"step": 5772, "ce_full": 0.007199, "psi_dir": 0.565877, "psi_entropy": 0.131342, "tension": 56.727753, "phi": 1.623361, "curiosity_ema": 0.01202458, "w_native_err": 0.00400147, "wall_s": 549.07, "gpu_mem_gb": 9.738}
{"step": 5776, "ce_full": 0.003662, "psi_dir": 0.562599, "psi_entropy": 0.079894, "tension": 56.807568, "phi": 1.61606, "curiosity_ema": 0.01089537, "w_native_err": 0.00073239, "wall_s": 549.45, "gpu_mem_gb": 9.738}
{"step": 5780, "ce_full": 0.004064, "psi_dir": 0.567076, "psi_entropy": 0.089212, "tension": 56.991241, "phi": 1.629945, "curiosity_ema": 0.01016843, "w_native_err": 0.00362599, "wall_s": 549.83, "gpu_mem_gb": 9.738}
{"step": 5784, "ce_full": 0.005082, "psi_dir": 0.56259, "psi_entropy": 0.053544, "tension": 56.878479, "phi": 1.626437, "curiosity_ema": 0.0092282, "w_native_err": 0.00076618, "wall_s": 550.21, "gpu_mem_gb": 9.738}
{"step": 5788, "ce_full": 0.004176, "psi_dir": 0.565232, "psi_entropy": 0.054777, "tension": 56.64505, "phi": 1.618202, "curiosity_ema": 0.00925078, "w_native_err": 0.00945394, "wall_s": 550.58, "gpu_mem_gb": 9.738}
{"step": 5792, "ce_full": 0.004441, "psi_dir": 0.562332, "psi_entropy": 0.098204, "tension": 56.604015, "phi": 1.616064, "curiosity_ema": 0.00957866, "w_native_err": 0.01252961, "wall_s": 550.96, "gpu_mem_gb": 9.738}
{"step": 5796, "ce_full": 0.003718, "psi_dir": 0.570031, "psi_entropy": 0.075779, "tension": 57.159576, "phi": 1.62495, "curiosity_ema": 0.01052754, "w_native_err": 0.01906745, "wall_s": 551.34, "gpu_mem_gb": 9.738}
{"step": 5800, "ce_full": 0.002493, "psi_dir": 0.564217, "psi_entropy": 0.055356, "tension": 56.773308, "phi": 1.623979, "curiosity_ema": 0.00961395, "w_native_err": 0.00139168, "wall_s": 551.72, "gpu_mem_gb": 9.738}
{"step": 5804, "ce_full": 0.005558, "psi_dir": 0.565639, "psi_entropy": 0.11607, "tension": 56.785366, "phi": 1.621309, "curiosity_ema": 0.00877233, "w_native_err": 0.00119778, "wall_s": 552.1, "gpu_mem_gb": 9.738}
{"step": 5808, "ce_full": 0.004377, "psi_dir": 0.564341, "psi_entropy": 0.112673, "tension": 56.822388, "phi": 1.630551, "curiosity_ema": 0.00795214, "w_native_err": 0.00057037, "wall_s": 552.49, "gpu_mem_gb": 9.738}
{"step": 5812, "ce_full": 0.003636, "psi_dir": 0.56981, "psi_entropy": 0.098081, "tension": 57.302197, "phi": 1.637934, "curiosity_ema": 0.01132747, "w_native_err": 0.04170549, "wall_s": 552.87, "gpu_mem_gb": 9.738}
{"step": 5816, "ce_full": 0.003608, "psi_dir": 0.568333, "psi_entropy": 0.091497, "tension": 57.172955, "phi": 1.629271, "curiosity_ema": 0.0123328, "w_native_err": 0.02138076, "wall_s": 553.25, "gpu_mem_gb": 9.738}
{"step": 5820, "ce_full": 0.003724, "psi_dir": 0.56506, "psi_entropy": 0.086989, "tension": 56.640362, "phi": 1.624254, "curiosity_ema": 0.01195624, "w_native_err": 0.0085672, "wall_s": 553.65, "gpu_mem_gb": 9.738}
{"step": 5824, "ce_full": 0.0043, "psi_dir": 0.575233, "psi_entropy": 0.121618, "tension": 56.531799, "phi": 1.624986, "curiosity_ema": 0.0127767, "w_native_err": 0.02016081, "wall_s": 554.05, "gpu_mem_gb": 9.738}
{"step": 5828, "ce_full": 0.001239, "psi_dir": 0.573179, "psi_entropy": 0.026692, "tension": 56.71804, "phi": 1.62538, "curiosity_ema": 0.0119104, "w_native_err": 0.00411372, "wall_s": 554.44, "gpu_mem_gb": 9.738}
{"step": 5832, "ce_full": 0.002009, "psi_dir": 0.575963, "psi_entropy": 0.055675, "tension": 56.739899, "phi": 1.620056, "curiosity_ema": 0.01097267, "w_native_err": 0.00253315, "wall_s": 554.82, "gpu_mem_gb": 9.738}
{"step": 5836, "ce_full": 0.004115, "psi_dir": 0.575309, "psi_entropy": 0.090233, "tension": 56.899818, "phi": 1.619125, "curiosity_ema": 0.0099403, "w_native_err": 0.00064893, "wall_s": 555.2, "gpu_mem_gb": 9.738}
{"step": 5840, "ce_full": 0.006462, "psi_dir": 0.574038, "psi_entropy": 0.118284, "tension": 56.917969, "phi": 1.632259, "curiosity_ema": 0.00907523, "w_native_err": 0.00128963, "wall_s": 555.57, "gpu_mem_gb": 9.738}
{"step": 5844, "ce_full": 0.002977, "psi_dir": 0.576827, "psi_entropy": 0.061135, "tension": 56.79425, "phi": 1.62011, "curiosity_ema": 0.00823255, "w_native_err": 0.00064841, "wall_s": 555.95, "gpu_mem_gb": 9.738}
{"step": 5848, "ce_full": 0.002255, "psi_dir": 0.577267, "psi_entropy": 0.054497, "tension": 56.627621, "phi": 1.615548, "curiosity_ema": 0.00836022, "w_native_err": 0.00950927, "wall_s": 556.34, "gpu_mem_gb": 9.738}
{"step": 5852, "ce_full": 0.001938, "psi_dir": 0.572309, "psi_entropy": 0.052617, "tension": 56.847771, "phi": 1.621368, "curiosity_ema": 0.00754268, "w_native_err": 0.00018477, "wall_s": 556.74, "gpu_mem_gb": 9.738}
{"step": 5856, "ce_full": 0.001723, "psi_dir": 0.572957, "psi_entropy": 0.066242, "tension": 56.527596, "phi": 1.613545, "curiosity_ema": 0.00876303, "w_native_err": 0.01974618, "wall_s": 557.12, "gpu_mem_gb": 9.738}
{"step": 5860, "ce_full": 0.005581, "psi_dir": 0.570692, "psi_entropy": 0.074936, "tension": 56.479443, "phi": 1.608527, "curiosity_ema": 0.01049731, "w_native_err": 0.02610584, "wall_s": 557.5, "gpu_mem_gb": 9.738}
{"step": 5864, "ce_full": 0.002688, "psi_dir": 0.574729, "psi_entropy": 0.039527, "tension": 56.392529, "phi": 1.608815, "curiosity_ema": 0.01344616, "w_native_err": 0.03998583, "wall_s": 557.88, "gpu_mem_gb": 9.738}
{"step": 5868, "ce_full": 0.006165, "psi_dir": 0.566505, "psi_entropy": 0.0934, "tension": 56.424286, "phi": 1.617889, "curiosity_ema": 0.01554634, "w_native_err": 0.03444797, "wall_s": 558.27, "gpu_mem_gb": 9.738}
{"step": 5872, "ce_full": 0.003631, "psi_dir": 0.569391, "psi_entropy": 0.099422, "tension": 56.616573, "phi": 1.613821, "curiosity_ema": 0.01499363, "w_native_err": 0.01001924, "wall_s": 558.67, "gpu_mem_gb": 9.738}
{"step": 5876, "ce_full": 0.00287, "psi_dir": 0.571456, "psi_entropy": 0.063716, "tension": 56.92062, "phi": 1.628699, "curiosity_ema": 0.0136654, "w_native_err": 0.00171127, "wall_s": 559.04, "gpu_mem_gb": 9.738}
{"step": 5880, "ce_full": 0.001614, "psi_dir": 0.569116, "psi_entropy": 0.065571, "tension": 56.619476, "phi": 1.615327, "curiosity_ema": 0.01319029, "w_native_err": 0.00891435, "wall_s": 559.42, "gpu_mem_gb": 9.738}
{"step": 5884, "ce_full": 0.006435, "psi_dir": 0.572209, "psi_entropy": 0.10103, "tension": 56.850048, "phi": 1.624827, "curiosity_ema": 0.01191744, "w_native_err": 0.00046174, "wall_s": 559.81, "gpu_mem_gb": 9.738}
{"step": 5888, "ce_full": 0.002066, "psi_dir": 0.575221, "psi_entropy": 0.052484, "tension": 56.884094, "phi": 1.614601, "curiosity_ema": 0.01080007, "w_native_err": 0.00074381, "wall_s": 560.19, "gpu_mem_gb": 9.738}
{"step": 5892, "ce_full": 0.004371, "psi_dir": 0.573914, "psi_entropy": 0.093525, "tension": 56.750854, "phi": 1.615022, "curiosity_ema": 0.00983922, "w_native_err": 0.00119151, "wall_s": 560.58, "gpu_mem_gb": 9.738}
{"step": 5896, "ce_full": 0.003286, "psi_dir": 0.575302, "psi_entropy": 0.051548, "tension": 56.872978, "phi": 1.617594, "curiosity_ema": 0.0089239, "w_native_err": 0.00068604, "wall_s": 560.96, "gpu_mem_gb": 9.738}
{"step": 5900, "ce_full": 0.003813, "psi_dir": 0.570576, "psi_entropy": 0.081454, "tension": 56.919067, "phi": 1.616064, "curiosity_ema": 0.00822616, "w_native_err": 0.00194648, "wall_s": 561.34, "gpu_mem_gb": 9.738}
{"step": 5904, "ce_full": 0.002072, "psi_dir": 0.577566, "psi_entropy": 0.063288, "tension": 57.297131, "phi": 1.624767, "curiosity_ema": 0.01195977, "w_native_err": 0.04556225, "wall_s": 561.72, "gpu_mem_gb": 9.738}
{"step": 5908, "ce_full": 0.003927, "psi_dir": 0.57931, "psi_entropy": 0.084264, "tension": 57.201874, "phi": 1.626093, "curiosity_ema": 0.01367928, "w_native_err": 0.02915493, "wall_s": 562.11, "gpu_mem_gb": 9.738}
{"step": 5912, "ce_full": 0.005649, "psi_dir": 0.574441, "psi_entropy": 0.111149, "tension": 56.963833, "phi": 1.619339, "curiosity_ema": 0.01273747, "w_native_err": 0.00426115, "wall_s": 562.5, "gpu_mem_gb": 9.738}
{"step": 5916, "ce_full": 0.003693, "psi_dir": 0.574453, "psi_entropy": 0.093571, "tension": 57.181683, "phi": 1.616635, "curiosity_ema": 0.01406968, "w_native_err": 0.02605963, "wall_s": 562.88, "gpu_mem_gb": 9.738}
{"step": 5920, "ce_full": 0.006041, "psi_dir": 0.572802, "psi_entropy": 0.12106, "tension": 57.868847, "phi": 1.638043, "curiosity_ema": 0.0346139, "w_native_err": 0.21951179, "wall_s": 563.26, "gpu_mem_gb": 9.738}
{"step": 5924, "ce_full": 0.004133, "psi_dir": 0.56933, "psi_entropy": 0.084332, "tension": 57.272594, "phi": 1.630738, "curiosity_ema": 0.03519251, "w_native_err": 0.04040006, "wall_s": 563.64, "gpu_mem_gb": 9.738}
{"step": 5928, "ce_full": 0.006306, "psi_dir": 0.57487, "psi_entropy": 0.100044, "tension": 57.210197, "phi": 1.63293, "curiosity_ema": 0.0346253, "w_native_err": 0.02952039, "wall_s": 564.02, "gpu_mem_gb": 9.738}
{"step": 5932, "ce_full": 0.002817, "psi_dir": 0.577466, "psi_entropy": 0.027478, "tension": 57.309685, "phi": 1.636624, "curiosity_ema": 0.03589452, "w_native_err": 0.04731752, "wall_s": 564.4, "gpu_mem_gb": 9.738}
{"step": 5936, "ce_full": 0.002473, "psi_dir": 0.576469, "psi_entropy": 0.059722, "tension": 57.156097, "phi": 1.640765, "curiosity_ema": 0.03443122, "w_native_err": 0.02126147, "wall_s": 564.78, "gpu_mem_gb": 9.738}
{"step": 5940, "ce_full": 0.005674, "psi_dir": 0.575378, "psi_entropy": 0.108738, "tension": 57.073181, "phi": 1.630437, "curiosity_ema": 0.03211947, "w_native_err": 0.01131373, "wall_s": 565.16, "gpu_mem_gb": 9.738}
{"step": 5944, "ce_full": 0.003222, "psi_dir": 0.581367, "psi_entropy": 0.072459, "tension": 57.118614, "phi": 1.626764, "curiosity_ema": 0.03046712, "w_native_err": 0.015596, "wall_s": 565.55, "gpu_mem_gb": 9.738}
{"step": 5948, "ce_full": 0.001447, "psi_dir": 0.574082, "psi_entropy": 0.041538, "tension": 57.370892, "phi": 1.640409, "curiosity_ema": 0.03299512, "w_native_err": 0.0557471, "wall_s": 565.95, "gpu_mem_gb": 9.738}
{"step": 5952, "ce_full": 0.003141, "psi_dir": 0.583321, "psi_entropy": 0.070489, "tension": 56.825035, "phi": 1.625265, "curiosity_ema": 0.0297198, "w_native_err": 0.00024198, "wall_s": 566.34, "gpu_mem_gb": 9.738}
{"step": 5956, "ce_full": 0.002718, "psi_dir": 0.579514, "psi_entropy": 0.063263, "tension": 57.217007, "phi": 1.633685, "curiosity_ema": 0.02941437, "w_native_err": 0.0266655, "wall_s": 566.72, "gpu_mem_gb": 9.738}
{"step": 5960, "ce_full": 0.004752, "psi_dir": 0.575555, "psi_entropy": 0.083908, "tension": 57.068314, "phi": 1.629343, "curiosity_ema": 0.02739926, "w_native_err": 0.00926322, "wall_s": 567.09, "gpu_mem_gb": 9.738}
{"step": 5964, "ce_full": 0.000864, "psi_dir": 0.574083, "psi_entropy": 0.038851, "tension": 57.167339, "phi": 1.628169, "curiosity_ema": 0.02655887, "w_native_err": 0.01899533, "wall_s": 567.47, "gpu_mem_gb": 9.738}
{"step": 5968, "ce_full": 0.000785, "psi_dir": 0.579342, "psi_entropy": 0.030537, "tension": 57.196228, "phi": 1.630418, "curiosity_ema": 0.02612201, "w_native_err": 0.02219026, "wall_s": 567.85, "gpu_mem_gb": 9.738}
{"step": 5972, "ce_full": 0.001749, "psi_dir": 0.573029, "psi_entropy": 0.035667, "tension": 57.199226, "phi": 1.629425, "curiosity_ema": 0.02571306, "w_native_err": 0.02203258, "wall_s": 568.23, "gpu_mem_gb": 9.738}
{"step": 5976, "ce_full": 0.00499, "psi_dir": 0.577764, "psi_entropy": 0.087652, "tension": 57.30011, "phi": 1.632586, "curiosity_ema": 0.02687418, "w_native_err": 0.03732425, "wall_s": 568.61, "gpu_mem_gb": 9.738}
{"step": 5980, "ce_full": 0.006015, "psi_dir": 0.564819, "psi_entropy": 0.07499, "tension": 57.130508, "phi": 1.633982, "curiosity_ema": 0.02552058, "w_native_err": 0.01333816, "wall_s": 568.99, "gpu_mem_gb": 9.738}
{"step": 5984, "ce_full": 0.004177, "psi_dir": 0.569006, "psi_entropy": 0.073664, "tension": 56.711987, "phi": 1.618162, "curiosity_ema": 0.02355603, "w_native_err": 0.00587511, "wall_s": 569.37, "gpu_mem_gb": 9.738}
{"step": 5988, "ce_full": 0.001351, "psi_dir": 0.572015, "psi_entropy": 0.052366, "tension": 56.942688, "phi": 1.616758, "curiosity_ema": 0.02127349, "w_native_err": 0.00073056, "wall_s": 569.75, "gpu_mem_gb": 9.738}
{"step": 5992, "ce_full": 0.003669, "psi_dir": 0.567216, "psi_entropy": 0.070036, "tension": 57.468288, "phi": 1.630517, "curiosity_ema": 0.02591632, "w_native_err": 0.06770187, "wall_s": 570.12, "gpu_mem_gb": 9.738}
{"step": 5996, "ce_full": 0.004676, "psi_dir": 0.570226, "psi_entropy": 0.082454, "tension": 57.098156, "phi": 1.624989, "curiosity_ema": 0.02419562, "w_native_err": 0.00870925, "wall_s": 570.5, "gpu_mem_gb": 9.738}
{"step": 6000, "ce_full": 0.004355, "psi_dir": 0.573242, "psi_entropy": 0.074806, "tension": 57.026348, "phi": 1.62952, "curiosity_ema": 0.02212752, "w_native_err": 0.00351461, "wall_s": 570.88, "gpu_mem_gb": 9.738}
RESULT_JSON_WRITTEN
{"w_native_on": true, "n_w_native_err": 1500, "w_native_err_variance": 2.327872051846, "tau": 0.0001, "nondegenerate": true, "verdict": "a \u2014 ESCAPES-COLLAPSE-ON-REAL-W-STATE-AT-SCALE (error-variance > tau in BOTH real sub-regimes; non-degenerate intrinsic curiosity \u2014 STRONGER than the \u00a759 stub; stated cleanly, NO over-claim)", "wall_s": 570.88}
