2026-05-02 23:02:15,078 [pyphi.conf] INFO MainProcess: PyPhi v1.2.0
2026-05-02 23:02:15,078 [pyphi.conf] INFO MainProcess: Using default configuration (no configuration file provided)
2026-05-02 23:02:15,078 [pyphi.conf] INFO MainProcess: Current PyPhi configuration:
 { 'ASSUME_CUTS_CANNOT_CREATE_NEW_CONCEPTS': False,
  'CACHE_POTENTIAL_PURVIEWS': True,
  'CACHE_REPERTOIRES': True,
  'CACHE_SIAS': False,
  'CACHING_BACKEND': 'fs',
  'CLEAR_SUBSYSTEM_CACHES_AFTER_COMPUTING_SIA': False,
  'CUT_ONE_APPROXIMATION': False,
  'FS_CACHE_DIRECTORY': '__pyphi_cache__',
  'FS_CACHE_VERBOSITY': 0,
  'LOG_FILE': 'pyphi.log',
  'LOG_FILE_LEVEL': 'INFO',
  'LOG_STDOUT_LEVEL': 'WARNING',
  'MAXIMUM_CACHE_MEMORY_PERCENTAGE': 50,
  'MEASURE': 'EMD',
  'MONGODB_CONFIG': { 'collection_name': 'cache',
                      'database_name': 'pyphi',
                      'host': 'localhost',
                      'port': 27017},
  'NUMBER_OF_CORES': -1,
  'PARALLEL_COMPLEX_EVALUATION': False,
  'PARALLEL_CONCEPT_EVALUATION': False,
  'PARALLEL_CUT_EVALUATION': True,
  'PARTITION_TYPE': 'BI',
  'PICK_SMALLEST_PURVIEW': False,
  'PRECISION': 6,
  'PRINT_FRACTIONS': True,
  'PROGRESS_BARS': True,
  'REDIS_CACHE': False,
  'REDIS_CONFIG': {'db': 0, 'host': 'localhost', 'port': 6379, 'test_db': 1},
  'REPR_VERBOSITY': 2,
  'SINGLE_MICRO_NODES_WITH_SELFLOOPS_HAVE_PHI': False,
  'SYSTEM_CUTS': '3.0_STYLE',
  'USE_SMALL_PHI_DIFFERENCE_FOR_CES_DISTANCE': False,
  'VALIDATE_CONDITIONAL_INDEPENDENCE': True,
  'VALIDATE_SUBSYSTEM_STATES': True,
  'WELCOME_OFF': False}
2026-05-02 23:03:19,469 [pyphi.conf] INFO MainProcess: PyPhi v1.2.1.dev1470+gb78d0e342
2026-05-02 23:03:19,469 [pyphi.conf] INFO MainProcess: Using default configuration (no configuration file provided)
2026-05-02 23:03:19,469 [pyphi.conf] INFO MainProcess: Current PyPhi configuration:
 { 'ACTUAL_CAUSATION_MEASURE': 'PMI',
  'ASSUME_CUTS_CANNOT_CREATE_NEW_CONCEPTS': False,
  'CACHE_POTENTIAL_PURVIEWS': True,
  'CACHE_REPERTOIRES': True,
  'CES_DISTANCE': 'SUM_SMALL_PHI',
  'CLEAR_SUBSYSTEM_CACHES_AFTER_COMPUTING_SIA': False,
  'DISTINCTION_PHI_NORMALIZATION': 'NUM_CONNECTIONS_CUT',
  'IIT_VERSION': 4.0,
  'LABEL_SEPARATOR': '',
  'LOG_FILE': 'pyphi.log',
  'LOG_FILE_LEVEL': 'INFO',
  'LOG_STDOUT_LEVEL': 'WARNING',
  'MAXIMUM_CACHE_MEMORY_PERCENTAGE': 50,
  'MIP_TIE_RESOLUTION': ['NORMALIZED_PHI', 'NEGATIVE_PHI'],
  'NUMBER_OF_CORES': -1,
  'PARALLEL': False,
  'PARALLEL_COMPLEX_EVALUATION': { 'chunksize': 64,
                                   'parallel': False,
                                   'progress': True,
                                   'sequential_threshold': 16},
  'PARALLEL_CONCEPT_EVALUATION': { 'chunksize': 256,
                                   'parallel': False,
                                   'progress': True,
                                   'sequential_threshold': 64},
  'PARALLEL_CUT_EVALUATION': { 'chunksize': 4096,
                               'parallel': False,
                               'progress': True,
                               'sequential_threshold': 1024},
  'PARALLEL_MECHANISM_PARTITION_EVALUATION': { 'chunksize': 4096,
                                               'parallel': False,
                                               'progress': True,
                                               'sequential_threshold': 1024},
  'PARALLEL_PURVIEW_EVALUATION': { 'chunksize': 256,
                                   'parallel': False,
                                   'progress': True,
                                   'sequential_threshold': 64},
  'PARALLEL_RELATION_EVALUATION': { 'chunksize': 4096,
                                    'parallel': False,
                                    'progress': True,
                                    'sequential_threshold': 1024},
  'PARTITION_TYPE': 'ALL',
  'PRECISION': 13,
  'PRINT_FRACTIONS': True,
  'PROGRESS_BARS': True,
  'PURVIEW_TIE_RESOLUTION': 'PHI',
  'RAY_CONFIG': {},
  'REDIS_CACHE': False,
  'REDIS_CONFIG': {'db': 0, 'host': 'localhost', 'port': 6379, 'test_db': 1},
  'RELATION_COMPUTATION': 'CONCRETE',
  'REPERTOIRE_DISTANCE': 'GENERALIZED_INTRINSIC_DIFFERENCE',
  'REPERTOIRE_DISTANCE_INFORMATION': 'GENERALIZED_INTRINSIC_DIFFERENCE',
  'REPR_VERBOSITY': 2,
  'SHORTCIRCUIT_SIA': True,
  'SINGLE_MICRO_NODES_WITH_SELFLOOPS_HAVE_PHI': True,
  'STATE_TIE_RESOLUTION': 'PHI',
  'SYSTEM_CUTS': '3.0_STYLE',
  'SYSTEM_PARTITION_INCLUDE_COMPLETE': False,
  'SYSTEM_PARTITION_TYPE': 'SET_UNI/BI',
  'VALIDATE_CONDITIONAL_INDEPENDENCE': True,
  'VALIDATE_SUBSYSTEM_STATES': True,
  'WELCOME_OFF': False}
2026-05-02 23:03:26,987 [pyphi.conf] INFO MainProcess: PyPhi v1.2.1.dev1470+gb78d0e342
2026-05-02 23:03:26,987 [pyphi.conf] INFO MainProcess: Using default configuration (no configuration file provided)
2026-05-02 23:03:26,988 [pyphi.conf] INFO MainProcess: Current PyPhi configuration:
 { 'ACTUAL_CAUSATION_MEASURE': 'PMI',
  'ASSUME_CUTS_CANNOT_CREATE_NEW_CONCEPTS': False,
  'CACHE_POTENTIAL_PURVIEWS': True,
  'CACHE_REPERTOIRES': True,
  'CES_DISTANCE': 'SUM_SMALL_PHI',
  'CLEAR_SUBSYSTEM_CACHES_AFTER_COMPUTING_SIA': False,
  'DISTINCTION_PHI_NORMALIZATION': 'NUM_CONNECTIONS_CUT',
  'IIT_VERSION': 4.0,
  'LABEL_SEPARATOR': '',
  'LOG_FILE': 'pyphi.log',
  'LOG_FILE_LEVEL': 'INFO',
  'LOG_STDOUT_LEVEL': 'WARNING',
  'MAXIMUM_CACHE_MEMORY_PERCENTAGE': 50,
  'MIP_TIE_RESOLUTION': ['NORMALIZED_PHI', 'NEGATIVE_PHI'],
  'NUMBER_OF_CORES': -1,
  'PARALLEL': False,
  'PARALLEL_COMPLEX_EVALUATION': { 'chunksize': 64,
                                   'parallel': False,
                                   'progress': True,
                                   'sequential_threshold': 16},
  'PARALLEL_CONCEPT_EVALUATION': { 'chunksize': 256,
                                   'parallel': False,
                                   'progress': True,
                                   'sequential_threshold': 64},
  'PARALLEL_CUT_EVALUATION': { 'chunksize': 4096,
                               'parallel': False,
                               'progress': True,
                               'sequential_threshold': 1024},
  'PARALLEL_MECHANISM_PARTITION_EVALUATION': { 'chunksize': 4096,
                                               'parallel': False,
                                               'progress': True,
                                               'sequential_threshold': 1024},
  'PARALLEL_PURVIEW_EVALUATION': { 'chunksize': 256,
                                   'parallel': False,
                                   'progress': True,
                                   'sequential_threshold': 64},
  'PARALLEL_RELATION_EVALUATION': { 'chunksize': 4096,
                                    'parallel': False,
                                    'progress': True,
                                    'sequential_threshold': 1024},
  'PARTITION_TYPE': 'ALL',
  'PRECISION': 13,
  'PRINT_FRACTIONS': True,
  'PROGRESS_BARS': True,
  'PURVIEW_TIE_RESOLUTION': 'PHI',
  'RAY_CONFIG': {},
  'REDIS_CACHE': False,
  'REDIS_CONFIG': {'db': 0, 'host': 'localhost', 'port': 6379, 'test_db': 1},
  'RELATION_COMPUTATION': 'CONCRETE',
  'REPERTOIRE_DISTANCE': 'GENERALIZED_INTRINSIC_DIFFERENCE',
  'REPERTOIRE_DISTANCE_INFORMATION': 'GENERALIZED_INTRINSIC_DIFFERENCE',
  'REPR_VERBOSITY': 2,
  'SHORTCIRCUIT_SIA': True,
  'SINGLE_MICRO_NODES_WITH_SELFLOOPS_HAVE_PHI': True,
  'STATE_TIE_RESOLUTION': 'PHI',
  'SYSTEM_CUTS': '3.0_STYLE',
  'SYSTEM_PARTITION_INCLUDE_COMPLETE': False,
  'SYSTEM_PARTITION_TYPE': 'SET_UNI/BI',
  'VALIDATE_CONDITIONAL_INDEPENDENCE': True,
  'VALIDATE_SUBSYSTEM_STATES': True,
  'WELCOME_OFF': False}
2026-05-02 23:03:55,925 [pyphi.conf] INFO MainProcess: PyPhi v1.2.1.dev1470+gb78d0e342
2026-05-02 23:03:55,925 [pyphi.conf] INFO MainProcess: Using default configuration (no configuration file provided)
2026-05-02 23:03:55,925 [pyphi.conf] INFO MainProcess: Current PyPhi configuration:
 { 'ACTUAL_CAUSATION_MEASURE': 'PMI',
  'ASSUME_CUTS_CANNOT_CREATE_NEW_CONCEPTS': False,
  'CACHE_POTENTIAL_PURVIEWS': True,
  'CACHE_REPERTOIRES': True,
  'CES_DISTANCE': 'SUM_SMALL_PHI',
  'CLEAR_SUBSYSTEM_CACHES_AFTER_COMPUTING_SIA': False,
  'DISTINCTION_PHI_NORMALIZATION': 'NUM_CONNECTIONS_CUT',
  'IIT_VERSION': 4.0,
  'LABEL_SEPARATOR': '',
  'LOG_FILE': 'pyphi.log',
  'LOG_FILE_LEVEL': 'INFO',
  'LOG_STDOUT_LEVEL': 'WARNING',
  'MAXIMUM_CACHE_MEMORY_PERCENTAGE': 50,
  'MIP_TIE_RESOLUTION': ['NORMALIZED_PHI', 'NEGATIVE_PHI'],
  'NUMBER_OF_CORES': -1,
  'PARALLEL': False,
  'PARALLEL_COMPLEX_EVALUATION': { 'chunksize': 64,
                                   'parallel': False,
                                   'progress': True,
                                   'sequential_threshold': 16},
  'PARALLEL_CONCEPT_EVALUATION': { 'chunksize': 256,
                                   'parallel': False,
                                   'progress': True,
                                   'sequential_threshold': 64},
  'PARALLEL_CUT_EVALUATION': { 'chunksize': 4096,
                               'parallel': False,
                               'progress': True,
                               'sequential_threshold': 1024},
  'PARALLEL_MECHANISM_PARTITION_EVALUATION': { 'chunksize': 4096,
                                               'parallel': False,
                                               'progress': True,
                                               'sequential_threshold': 1024},
  'PARALLEL_PURVIEW_EVALUATION': { 'chunksize': 256,
                                   'parallel': False,
                                   'progress': True,
                                   'sequential_threshold': 64},
  'PARALLEL_RELATION_EVALUATION': { 'chunksize': 4096,
                                    'parallel': False,
                                    'progress': True,
                                    'sequential_threshold': 1024},
  'PARTITION_TYPE': 'ALL',
  'PRECISION': 13,
  'PRINT_FRACTIONS': True,
  'PROGRESS_BARS': True,
  'PURVIEW_TIE_RESOLUTION': 'PHI',
  'RAY_CONFIG': {},
  'REDIS_CACHE': False,
  'REDIS_CONFIG': {'db': 0, 'host': 'localhost', 'port': 6379, 'test_db': 1},
  'RELATION_COMPUTATION': 'CONCRETE',
  'REPERTOIRE_DISTANCE': 'GENERALIZED_INTRINSIC_DIFFERENCE',
  'REPERTOIRE_DISTANCE_INFORMATION': 'GENERALIZED_INTRINSIC_DIFFERENCE',
  'REPR_VERBOSITY': 2,
  'SHORTCIRCUIT_SIA': True,
  'SINGLE_MICRO_NODES_WITH_SELFLOOPS_HAVE_PHI': True,
  'STATE_TIE_RESOLUTION': 'PHI',
  'SYSTEM_CUTS': '3.0_STYLE',
  'SYSTEM_PARTITION_INCLUDE_COMPLETE': False,
  'SYSTEM_PARTITION_TYPE': 'SET_UNI/BI',
  'VALIDATE_CONDITIONAL_INDEPENDENCE': True,
  'VALIDATE_SUBSYSTEM_STATES': True,
  'WELCOME_OFF': False}
2026-05-02 23:04:00,206 [pyphi.conf] INFO MainProcess: PyPhi v1.2.1.dev1470+gb78d0e342
2026-05-02 23:04:00,206 [pyphi.conf] INFO MainProcess: Using default configuration (no configuration file provided)
2026-05-02 23:04:00,206 [pyphi.conf] INFO MainProcess: Current PyPhi configuration:
 { 'ACTUAL_CAUSATION_MEASURE': 'PMI',
  'ASSUME_CUTS_CANNOT_CREATE_NEW_CONCEPTS': False,
  'CACHE_POTENTIAL_PURVIEWS': True,
  'CACHE_REPERTOIRES': True,
  'CES_DISTANCE': 'SUM_SMALL_PHI',
  'CLEAR_SUBSYSTEM_CACHES_AFTER_COMPUTING_SIA': False,
  'DISTINCTION_PHI_NORMALIZATION': 'NUM_CONNECTIONS_CUT',
  'IIT_VERSION': 4.0,
  'LABEL_SEPARATOR': '',
  'LOG_FILE': 'pyphi.log',
  'LOG_FILE_LEVEL': 'INFO',
  'LOG_STDOUT_LEVEL': 'WARNING',
  'MAXIMUM_CACHE_MEMORY_PERCENTAGE': 50,
  'MIP_TIE_RESOLUTION': ['NORMALIZED_PHI', 'NEGATIVE_PHI'],
  'NUMBER_OF_CORES': -1,
  'PARALLEL': False,
  'PARALLEL_COMPLEX_EVALUATION': { 'chunksize': 64,
                                   'parallel': False,
                                   'progress': True,
                                   'sequential_threshold': 16},
  'PARALLEL_CONCEPT_EVALUATION': { 'chunksize': 256,
                                   'parallel': False,
                                   'progress': True,
                                   'sequential_threshold': 64},
  'PARALLEL_CUT_EVALUATION': { 'chunksize': 4096,
                               'parallel': False,
                               'progress': True,
                               'sequential_threshold': 1024},
  'PARALLEL_MECHANISM_PARTITION_EVALUATION': { 'chunksize': 4096,
                                               'parallel': False,
                                               'progress': True,
                                               'sequential_threshold': 1024},
  'PARALLEL_PURVIEW_EVALUATION': { 'chunksize': 256,
                                   'parallel': False,
                                   'progress': True,
                                   'sequential_threshold': 64},
  'PARALLEL_RELATION_EVALUATION': { 'chunksize': 4096,
                                    'parallel': False,
                                    'progress': True,
                                    'sequential_threshold': 1024},
  'PARTITION_TYPE': 'ALL',
  'PRECISION': 13,
  'PRINT_FRACTIONS': True,
  'PROGRESS_BARS': True,
  'PURVIEW_TIE_RESOLUTION': 'PHI',
  'RAY_CONFIG': {},
  'REDIS_CACHE': False,
  'REDIS_CONFIG': {'db': 0, 'host': 'localhost', 'port': 6379, 'test_db': 1},
  'RELATION_COMPUTATION': 'CONCRETE',
  'REPERTOIRE_DISTANCE': 'GENERALIZED_INTRINSIC_DIFFERENCE',
  'REPERTOIRE_DISTANCE_INFORMATION': 'GENERALIZED_INTRINSIC_DIFFERENCE',
  'REPR_VERBOSITY': 2,
  'SHORTCIRCUIT_SIA': True,
  'SINGLE_MICRO_NODES_WITH_SELFLOOPS_HAVE_PHI': True,
  'STATE_TIE_RESOLUTION': 'PHI',
  'SYSTEM_CUTS': '3.0_STYLE',
  'SYSTEM_PARTITION_INCLUDE_COMPLETE': False,
  'SYSTEM_PARTITION_TYPE': 'SET_UNI/BI',
  'VALIDATE_CONDITIONAL_INDEPENDENCE': True,
  'VALIDATE_SUBSYSTEM_STATES': True,
  'WELCOME_OFF': False}
2026-05-02 23:06:23,197 [pyphi.conf] INFO MainProcess: PyPhi v1.2.1.dev1470+gb78d0e342
2026-05-02 23:06:23,197 [pyphi.conf] INFO MainProcess: Using default configuration (no configuration file provided)
2026-05-02 23:06:23,197 [pyphi.conf] INFO MainProcess: Current PyPhi configuration:
 { 'ACTUAL_CAUSATION_MEASURE': 'PMI',
  'ASSUME_CUTS_CANNOT_CREATE_NEW_CONCEPTS': False,
  'CACHE_POTENTIAL_PURVIEWS': True,
  'CACHE_REPERTOIRES': True,
  'CES_DISTANCE': 'SUM_SMALL_PHI',
  'CLEAR_SUBSYSTEM_CACHES_AFTER_COMPUTING_SIA': False,
  'DISTINCTION_PHI_NORMALIZATION': 'NUM_CONNECTIONS_CUT',
  'IIT_VERSION': 4.0,
  'LABEL_SEPARATOR': '',
  'LOG_FILE': 'pyphi.log',
  'LOG_FILE_LEVEL': 'INFO',
  'LOG_STDOUT_LEVEL': 'WARNING',
  'MAXIMUM_CACHE_MEMORY_PERCENTAGE': 50,
  'MIP_TIE_RESOLUTION': ['NORMALIZED_PHI', 'NEGATIVE_PHI'],
  'NUMBER_OF_CORES': -1,
  'PARALLEL': False,
  'PARALLEL_COMPLEX_EVALUATION': { 'chunksize': 64,
                                   'parallel': False,
                                   'progress': True,
                                   'sequential_threshold': 16},
  'PARALLEL_CONCEPT_EVALUATION': { 'chunksize': 256,
                                   'parallel': False,
                                   'progress': True,
                                   'sequential_threshold': 64},
  'PARALLEL_CUT_EVALUATION': { 'chunksize': 4096,
                               'parallel': False,
                               'progress': True,
                               'sequential_threshold': 1024},
  'PARALLEL_MECHANISM_PARTITION_EVALUATION': { 'chunksize': 4096,
                                               'parallel': False,
                                               'progress': True,
                                               'sequential_threshold': 1024},
  'PARALLEL_PURVIEW_EVALUATION': { 'chunksize': 256,
                                   'parallel': False,
                                   'progress': True,
                                   'sequential_threshold': 64},
  'PARALLEL_RELATION_EVALUATION': { 'chunksize': 4096,
                                    'parallel': False,
                                    'progress': True,
                                    'sequential_threshold': 1024},
  'PARTITION_TYPE': 'ALL',
  'PRECISION': 13,
  'PRINT_FRACTIONS': True,
  'PROGRESS_BARS': True,
  'PURVIEW_TIE_RESOLUTION': 'PHI',
  'RAY_CONFIG': {},
  'REDIS_CACHE': False,
  'REDIS_CONFIG': {'db': 0, 'host': 'localhost', 'port': 6379, 'test_db': 1},
  'RELATION_COMPUTATION': 'CONCRETE',
  'REPERTOIRE_DISTANCE': 'GENERALIZED_INTRINSIC_DIFFERENCE',
  'REPERTOIRE_DISTANCE_INFORMATION': 'GENERALIZED_INTRINSIC_DIFFERENCE',
  'REPR_VERBOSITY': 2,
  'SHORTCIRCUIT_SIA': True,
  'SINGLE_MICRO_NODES_WITH_SELFLOOPS_HAVE_PHI': True,
  'STATE_TIE_RESOLUTION': 'PHI',
  'SYSTEM_CUTS': '3.0_STYLE',
  'SYSTEM_PARTITION_INCLUDE_COMPLETE': False,
  'SYSTEM_PARTITION_TYPE': 'SET_UNI/BI',
  'VALIDATE_CONDITIONAL_INDEPENDENCE': True,
  'VALIDATE_SUBSYSTEM_STATES': True,
  'WELCOME_OFF': False}
2026-05-02 23:06:28,966 [pyphi.conf] INFO MainProcess: PyPhi v1.2.1.dev1470+gb78d0e342
2026-05-02 23:06:28,966 [pyphi.conf] INFO MainProcess: Using default configuration (no configuration file provided)
2026-05-02 23:06:28,966 [pyphi.conf] INFO MainProcess: Current PyPhi configuration:
 { 'ACTUAL_CAUSATION_MEASURE': 'PMI',
  'ASSUME_CUTS_CANNOT_CREATE_NEW_CONCEPTS': False,
  'CACHE_POTENTIAL_PURVIEWS': True,
  'CACHE_REPERTOIRES': True,
  'CES_DISTANCE': 'SUM_SMALL_PHI',
  'CLEAR_SUBSYSTEM_CACHES_AFTER_COMPUTING_SIA': False,
  'DISTINCTION_PHI_NORMALIZATION': 'NUM_CONNECTIONS_CUT',
  'IIT_VERSION': 4.0,
  'LABEL_SEPARATOR': '',
  'LOG_FILE': 'pyphi.log',
  'LOG_FILE_LEVEL': 'INFO',
  'LOG_STDOUT_LEVEL': 'WARNING',
  'MAXIMUM_CACHE_MEMORY_PERCENTAGE': 50,
  'MIP_TIE_RESOLUTION': ['NORMALIZED_PHI', 'NEGATIVE_PHI'],
  'NUMBER_OF_CORES': -1,
  'PARALLEL': False,
  'PARALLEL_COMPLEX_EVALUATION': { 'chunksize': 64,
                                   'parallel': False,
                                   'progress': True,
                                   'sequential_threshold': 16},
  'PARALLEL_CONCEPT_EVALUATION': { 'chunksize': 256,
                                   'parallel': False,
                                   'progress': True,
                                   'sequential_threshold': 64},
  'PARALLEL_CUT_EVALUATION': { 'chunksize': 4096,
                               'parallel': False,
                               'progress': True,
                               'sequential_threshold': 1024},
  'PARALLEL_MECHANISM_PARTITION_EVALUATION': { 'chunksize': 4096,
                                               'parallel': False,
                                               'progress': True,
                                               'sequential_threshold': 1024},
  'PARALLEL_PURVIEW_EVALUATION': { 'chunksize': 256,
                                   'parallel': False,
                                   'progress': True,
                                   'sequential_threshold': 64},
  'PARALLEL_RELATION_EVALUATION': { 'chunksize': 4096,
                                    'parallel': False,
                                    'progress': True,
                                    'sequential_threshold': 1024},
  'PARTITION_TYPE': 'ALL',
  'PRECISION': 13,
  'PRINT_FRACTIONS': True,
  'PROGRESS_BARS': True,
  'PURVIEW_TIE_RESOLUTION': 'PHI',
  'RAY_CONFIG': {},
  'REDIS_CACHE': False,
  'REDIS_CONFIG': {'db': 0, 'host': 'localhost', 'port': 6379, 'test_db': 1},
  'RELATION_COMPUTATION': 'CONCRETE',
  'REPERTOIRE_DISTANCE': 'GENERALIZED_INTRINSIC_DIFFERENCE',
  'REPERTOIRE_DISTANCE_INFORMATION': 'GENERALIZED_INTRINSIC_DIFFERENCE',
  'REPR_VERBOSITY': 2,
  'SHORTCIRCUIT_SIA': True,
  'SINGLE_MICRO_NODES_WITH_SELFLOOPS_HAVE_PHI': True,
  'STATE_TIE_RESOLUTION': 'PHI',
  'SYSTEM_CUTS': '3.0_STYLE',
  'SYSTEM_PARTITION_INCLUDE_COMPLETE': False,
  'SYSTEM_PARTITION_TYPE': 'SET_UNI/BI',
  'VALIDATE_CONDITIONAL_INDEPENDENCE': True,
  'VALIDATE_SUBSYSTEM_STATES': True,
  'WELCOME_OFF': False}
2026-05-06 04:05:30,207 [pyphi.conf] INFO MainProcess: PyPhi v1.2.0
2026-05-06 04:05:30,207 [pyphi.conf] INFO MainProcess: Using default configuration (no configuration file provided)
2026-05-06 04:05:30,208 [pyphi.conf] INFO MainProcess: Current PyPhi configuration:
 { 'ASSUME_CUTS_CANNOT_CREATE_NEW_CONCEPTS': False,
  'CACHE_POTENTIAL_PURVIEWS': True,
  'CACHE_REPERTOIRES': True,
  'CACHE_SIAS': False,
  'CACHING_BACKEND': 'fs',
  'CLEAR_SUBSYSTEM_CACHES_AFTER_COMPUTING_SIA': False,
  'CUT_ONE_APPROXIMATION': False,
  'FS_CACHE_DIRECTORY': '__pyphi_cache__',
  'FS_CACHE_VERBOSITY': 0,
  'LOG_FILE': 'pyphi.log',
  'LOG_FILE_LEVEL': 'INFO',
  'LOG_STDOUT_LEVEL': 'WARNING',
  'MAXIMUM_CACHE_MEMORY_PERCENTAGE': 50,
  'MEASURE': 'EMD',
  'MONGODB_CONFIG': { 'collection_name': 'cache',
                      'database_name': 'pyphi',
                      'host': 'localhost',
                      'port': 27017},
  'NUMBER_OF_CORES': -1,
  'PARALLEL_COMPLEX_EVALUATION': False,
  'PARALLEL_CONCEPT_EVALUATION': False,
  'PARALLEL_CUT_EVALUATION': True,
  'PARTITION_TYPE': 'BI',
  'PICK_SMALLEST_PURVIEW': False,
  'PRECISION': 6,
  'PRINT_FRACTIONS': True,
  'PROGRESS_BARS': True,
  'REDIS_CACHE': False,
  'REDIS_CONFIG': {'db': 0, 'host': 'localhost', 'port': 6379, 'test_db': 1},
  'REPR_VERBOSITY': 2,
  'SINGLE_MICRO_NODES_WITH_SELFLOOPS_HAVE_PHI': False,
  'SYSTEM_CUTS': '3.0_STYLE',
  'USE_SMALL_PHI_DIFFERENCE_FOR_CES_DISTANCE': False,
  'VALIDATE_CONDITIONAL_INDEPENDENCE': True,
  'VALIDATE_SUBSYSTEM_STATES': True,
  'WELCOME_OFF': False}
2026-05-07 14:19:39,285 [pyphi.conf] INFO MainProcess: PyPhi v1.2.1.dev1470+gb78d0e342
2026-05-07 14:19:39,285 [pyphi.conf] INFO MainProcess: Using default configuration (no configuration file provided)
2026-05-07 14:19:39,286 [pyphi.conf] INFO MainProcess: Current PyPhi configuration:
 { 'ACTUAL_CAUSATION_MEASURE': 'PMI',
  'ASSUME_CUTS_CANNOT_CREATE_NEW_CONCEPTS': False,
  'CACHE_POTENTIAL_PURVIEWS': True,
  'CACHE_REPERTOIRES': True,
  'CES_DISTANCE': 'SUM_SMALL_PHI',
  'CLEAR_SUBSYSTEM_CACHES_AFTER_COMPUTING_SIA': False,
  'DISTINCTION_PHI_NORMALIZATION': 'NUM_CONNECTIONS_CUT',
  'IIT_VERSION': 4.0,
  'LABEL_SEPARATOR': '',
  'LOG_FILE': 'pyphi.log',
  'LOG_FILE_LEVEL': 'INFO',
  'LOG_STDOUT_LEVEL': 'WARNING',
  'MAXIMUM_CACHE_MEMORY_PERCENTAGE': 50,
  'MIP_TIE_RESOLUTION': ['NORMALIZED_PHI', 'NEGATIVE_PHI'],
  'NUMBER_OF_CORES': -1,
  'PARALLEL': False,
  'PARALLEL_COMPLEX_EVALUATION': { 'chunksize': 64,
                                   'parallel': False,
                                   'progress': True,
                                   'sequential_threshold': 16},
  'PARALLEL_CONCEPT_EVALUATION': { 'chunksize': 256,
                                   'parallel': False,
                                   'progress': True,
                                   'sequential_threshold': 64},
  'PARALLEL_CUT_EVALUATION': { 'chunksize': 4096,
                               'parallel': False,
                               'progress': True,
                               'sequential_threshold': 1024},
  'PARALLEL_MECHANISM_PARTITION_EVALUATION': { 'chunksize': 4096,
                                               'parallel': False,
                                               'progress': True,
                                               'sequential_threshold': 1024},
  'PARALLEL_PURVIEW_EVALUATION': { 'chunksize': 256,
                                   'parallel': False,
                                   'progress': True,
                                   'sequential_threshold': 64},
  'PARALLEL_RELATION_EVALUATION': { 'chunksize': 4096,
                                    'parallel': False,
                                    'progress': True,
                                    'sequential_threshold': 1024},
  'PARTITION_TYPE': 'ALL',
  'PRECISION': 13,
  'PRINT_FRACTIONS': True,
  'PROGRESS_BARS': True,
  'PURVIEW_TIE_RESOLUTION': 'PHI',
  'RAY_CONFIG': {},
  'REDIS_CACHE': False,
  'REDIS_CONFIG': {'db': 0, 'host': 'localhost', 'port': 6379, 'test_db': 1},
  'RELATION_COMPUTATION': 'CONCRETE',
  'REPERTOIRE_DISTANCE': 'GENERALIZED_INTRINSIC_DIFFERENCE',
  'REPERTOIRE_DISTANCE_INFORMATION': 'GENERALIZED_INTRINSIC_DIFFERENCE',
  'REPR_VERBOSITY': 2,
  'SHORTCIRCUIT_SIA': True,
  'SINGLE_MICRO_NODES_WITH_SELFLOOPS_HAVE_PHI': True,
  'STATE_TIE_RESOLUTION': 'PHI',
  'SYSTEM_CUTS': '3.0_STYLE',
  'SYSTEM_PARTITION_INCLUDE_COMPLETE': False,
  'SYSTEM_PARTITION_TYPE': 'SET_UNI/BI',
  'VALIDATE_CONDITIONAL_INDEPENDENCE': True,
  'VALIDATE_SUBSYSTEM_STATES': True,
  'WELCOME_OFF': False}
2026-05-07 14:23:19,498 [pyphi.conf] INFO MainProcess: PyPhi v1.2.1.dev1470+gb78d0e342
2026-05-07 14:23:19,498 [pyphi.conf] INFO MainProcess: Using default configuration (no configuration file provided)
2026-05-07 14:23:19,499 [pyphi.conf] INFO MainProcess: Current PyPhi configuration:
 { 'ACTUAL_CAUSATION_MEASURE': 'PMI',
  'ASSUME_CUTS_CANNOT_CREATE_NEW_CONCEPTS': False,
  'CACHE_POTENTIAL_PURVIEWS': True,
  'CACHE_REPERTOIRES': True,
  'CES_DISTANCE': 'SUM_SMALL_PHI',
  'CLEAR_SUBSYSTEM_CACHES_AFTER_COMPUTING_SIA': False,
  'DISTINCTION_PHI_NORMALIZATION': 'NUM_CONNECTIONS_CUT',
  'IIT_VERSION': 4.0,
  'LABEL_SEPARATOR': '',
  'LOG_FILE': 'pyphi.log',
  'LOG_FILE_LEVEL': 'INFO',
  'LOG_STDOUT_LEVEL': 'WARNING',
  'MAXIMUM_CACHE_MEMORY_PERCENTAGE': 50,
  'MIP_TIE_RESOLUTION': ['NORMALIZED_PHI', 'NEGATIVE_PHI'],
  'NUMBER_OF_CORES': -1,
  'PARALLEL': False,
  'PARALLEL_COMPLEX_EVALUATION': { 'chunksize': 64,
                                   'parallel': False,
                                   'progress': True,
                                   'sequential_threshold': 16},
  'PARALLEL_CONCEPT_EVALUATION': { 'chunksize': 256,
                                   'parallel': False,
                                   'progress': True,
                                   'sequential_threshold': 64},
  'PARALLEL_CUT_EVALUATION': { 'chunksize': 4096,
                               'parallel': False,
                               'progress': True,
                               'sequential_threshold': 1024},
  'PARALLEL_MECHANISM_PARTITION_EVALUATION': { 'chunksize': 4096,
                                               'parallel': False,
                                               'progress': True,
                                               'sequential_threshold': 1024},
  'PARALLEL_PURVIEW_EVALUATION': { 'chunksize': 256,
                                   'parallel': False,
                                   'progress': True,
                                   'sequential_threshold': 64},
  'PARALLEL_RELATION_EVALUATION': { 'chunksize': 4096,
                                    'parallel': False,
                                    'progress': True,
                                    'sequential_threshold': 1024},
  'PARTITION_TYPE': 'ALL',
  'PRECISION': 13,
  'PRINT_FRACTIONS': True,
  'PROGRESS_BARS': True,
  'PURVIEW_TIE_RESOLUTION': 'PHI',
  'RAY_CONFIG': {},
  'REDIS_CACHE': False,
  'REDIS_CONFIG': {'db': 0, 'host': 'localhost', 'port': 6379, 'test_db': 1},
  'RELATION_COMPUTATION': 'CONCRETE',
  'REPERTOIRE_DISTANCE': 'GENERALIZED_INTRINSIC_DIFFERENCE',
  'REPERTOIRE_DISTANCE_INFORMATION': 'GENERALIZED_INTRINSIC_DIFFERENCE',
  'REPR_VERBOSITY': 2,
  'SHORTCIRCUIT_SIA': True,
  'SINGLE_MICRO_NODES_WITH_SELFLOOPS_HAVE_PHI': True,
  'STATE_TIE_RESOLUTION': 'PHI',
  'SYSTEM_CUTS': '3.0_STYLE',
  'SYSTEM_PARTITION_INCLUDE_COMPLETE': False,
  'SYSTEM_PARTITION_TYPE': 'SET_UNI/BI',
  'VALIDATE_CONDITIONAL_INDEPENDENCE': True,
  'VALIDATE_SUBSYSTEM_STATES': True,
  'WELCOME_OFF': False}
2026-05-15 20:05:24,542 [pyphi.conf] INFO MainProcess: PyPhi v1.2.0
2026-05-15 20:05:24,543 [pyphi.conf] INFO MainProcess: Using default configuration (no configuration file provided)
2026-05-15 20:05:24,543 [pyphi.conf] INFO MainProcess: Current PyPhi configuration:
 { 'ASSUME_CUTS_CANNOT_CREATE_NEW_CONCEPTS': False,
  'CACHE_POTENTIAL_PURVIEWS': True,
  'CACHE_REPERTOIRES': True,
  'CACHE_SIAS': False,
  'CACHING_BACKEND': 'fs',
  'CLEAR_SUBSYSTEM_CACHES_AFTER_COMPUTING_SIA': False,
  'CUT_ONE_APPROXIMATION': False,
  'FS_CACHE_DIRECTORY': '__pyphi_cache__',
  'FS_CACHE_VERBOSITY': 0,
  'LOG_FILE': 'pyphi.log',
  'LOG_FILE_LEVEL': 'INFO',
  'LOG_STDOUT_LEVEL': 'WARNING',
  'MAXIMUM_CACHE_MEMORY_PERCENTAGE': 50,
  'MEASURE': 'EMD',
  'MONGODB_CONFIG': { 'collection_name': 'cache',
                      'database_name': 'pyphi',
                      'host': 'localhost',
                      'port': 27017},
  'NUMBER_OF_CORES': -1,
  'PARALLEL_COMPLEX_EVALUATION': False,
  'PARALLEL_CONCEPT_EVALUATION': False,
  'PARALLEL_CUT_EVALUATION': True,
  'PARTITION_TYPE': 'BI',
  'PICK_SMALLEST_PURVIEW': False,
  'PRECISION': 6,
  'PRINT_FRACTIONS': True,
  'PROGRESS_BARS': True,
  'REDIS_CACHE': False,
  'REDIS_CONFIG': {'db': 0, 'host': 'localhost', 'port': 6379, 'test_db': 1},
  'REPR_VERBOSITY': 2,
  'SINGLE_MICRO_NODES_WITH_SELFLOOPS_HAVE_PHI': False,
  'SYSTEM_CUTS': '3.0_STYLE',
  'USE_SMALL_PHI_DIFFERENCE_FOR_CES_DISTANCE': False,
  'VALIDATE_CONDITIONAL_INDEPENDENCE': True,
  'VALIDATE_SUBSYSTEM_STATES': True,
  'WELCOME_OFF': False}
2026-05-15 20:05:38,218 [pyphi.conf] INFO MainProcess: PyPhi v1.2.0
2026-05-15 20:05:38,218 [pyphi.conf] INFO MainProcess: Using default configuration (no configuration file provided)
2026-05-15 20:05:38,219 [pyphi.conf] INFO MainProcess: Current PyPhi configuration:
 { 'ASSUME_CUTS_CANNOT_CREATE_NEW_CONCEPTS': False,
  'CACHE_POTENTIAL_PURVIEWS': True,
  'CACHE_REPERTOIRES': True,
  'CACHE_SIAS': False,
  'CACHING_BACKEND': 'fs',
  'CLEAR_SUBSYSTEM_CACHES_AFTER_COMPUTING_SIA': False,
  'CUT_ONE_APPROXIMATION': False,
  'FS_CACHE_DIRECTORY': '__pyphi_cache__',
  'FS_CACHE_VERBOSITY': 0,
  'LOG_FILE': 'pyphi.log',
  'LOG_FILE_LEVEL': 'INFO',
  'LOG_STDOUT_LEVEL': 'WARNING',
  'MAXIMUM_CACHE_MEMORY_PERCENTAGE': 50,
  'MEASURE': 'EMD',
  'MONGODB_CONFIG': { 'collection_name': 'cache',
                      'database_name': 'pyphi',
                      'host': 'localhost',
                      'port': 27017},
  'NUMBER_OF_CORES': -1,
  'PARALLEL_COMPLEX_EVALUATION': False,
  'PARALLEL_CONCEPT_EVALUATION': False,
  'PARALLEL_CUT_EVALUATION': True,
  'PARTITION_TYPE': 'BI',
  'PICK_SMALLEST_PURVIEW': False,
  'PRECISION': 6,
  'PRINT_FRACTIONS': True,
  'PROGRESS_BARS': True,
  'REDIS_CACHE': False,
  'REDIS_CONFIG': {'db': 0, 'host': 'localhost', 'port': 6379, 'test_db': 1},
  'REPR_VERBOSITY': 2,
  'SINGLE_MICRO_NODES_WITH_SELFLOOPS_HAVE_PHI': False,
  'SYSTEM_CUTS': '3.0_STYLE',
  'USE_SMALL_PHI_DIFFERENCE_FOR_CES_DISTANCE': False,
  'VALIDATE_CONDITIONAL_INDEPENDENCE': True,
  'VALIDATE_SUBSYSTEM_STATES': True,
  'WELCOME_OFF': False}
2026-05-15 20:07:01,342 [pyphi.conf] INFO MainProcess: PyPhi v1.2.0
2026-05-15 20:07:01,342 [pyphi.conf] INFO MainProcess: Using default configuration (no configuration file provided)
2026-05-15 20:07:01,342 [pyphi.conf] INFO MainProcess: Current PyPhi configuration:
 { 'ASSUME_CUTS_CANNOT_CREATE_NEW_CONCEPTS': False,
  'CACHE_POTENTIAL_PURVIEWS': True,
  'CACHE_REPERTOIRES': True,
  'CACHE_SIAS': False,
  'CACHING_BACKEND': 'fs',
  'CLEAR_SUBSYSTEM_CACHES_AFTER_COMPUTING_SIA': False,
  'CUT_ONE_APPROXIMATION': False,
  'FS_CACHE_DIRECTORY': '__pyphi_cache__',
  'FS_CACHE_VERBOSITY': 0,
  'LOG_FILE': 'pyphi.log',
  'LOG_FILE_LEVEL': 'INFO',
  'LOG_STDOUT_LEVEL': 'WARNING',
  'MAXIMUM_CACHE_MEMORY_PERCENTAGE': 50,
  'MEASURE': 'EMD',
  'MONGODB_CONFIG': { 'collection_name': 'cache',
                      'database_name': 'pyphi',
                      'host': 'localhost',
                      'port': 27017},
  'NUMBER_OF_CORES': -1,
  'PARALLEL_COMPLEX_EVALUATION': False,
  'PARALLEL_CONCEPT_EVALUATION': False,
  'PARALLEL_CUT_EVALUATION': True,
  'PARTITION_TYPE': 'BI',
  'PICK_SMALLEST_PURVIEW': False,
  'PRECISION': 6,
  'PRINT_FRACTIONS': True,
  'PROGRESS_BARS': True,
  'REDIS_CACHE': False,
  'REDIS_CONFIG': {'db': 0, 'host': 'localhost', 'port': 6379, 'test_db': 1},
  'REPR_VERBOSITY': 2,
  'SINGLE_MICRO_NODES_WITH_SELFLOOPS_HAVE_PHI': False,
  'SYSTEM_CUTS': '3.0_STYLE',
  'USE_SMALL_PHI_DIFFERENCE_FOR_CES_DISTANCE': False,
  'VALIDATE_CONDITIONAL_INDEPENDENCE': True,
  'VALIDATE_SUBSYSTEM_STATES': True,
  'WELCOME_OFF': False}
2026-05-15 20:07:20,530 [pyphi.conf] INFO MainProcess: PyPhi v1.2.0
2026-05-15 20:07:20,530 [pyphi.conf] INFO MainProcess: Using default configuration (no configuration file provided)
2026-05-15 20:07:20,531 [pyphi.conf] INFO MainProcess: Current PyPhi configuration:
 { 'ASSUME_CUTS_CANNOT_CREATE_NEW_CONCEPTS': False,
  'CACHE_POTENTIAL_PURVIEWS': True,
  'CACHE_REPERTOIRES': True,
  'CACHE_SIAS': False,
  'CACHING_BACKEND': 'fs',
  'CLEAR_SUBSYSTEM_CACHES_AFTER_COMPUTING_SIA': False,
  'CUT_ONE_APPROXIMATION': False,
  'FS_CACHE_DIRECTORY': '__pyphi_cache__',
  'FS_CACHE_VERBOSITY': 0,
  'LOG_FILE': 'pyphi.log',
  'LOG_FILE_LEVEL': 'INFO',
  'LOG_STDOUT_LEVEL': 'WARNING',
  'MAXIMUM_CACHE_MEMORY_PERCENTAGE': 50,
  'MEASURE': 'EMD',
  'MONGODB_CONFIG': { 'collection_name': 'cache',
                      'database_name': 'pyphi',
                      'host': 'localhost',
                      'port': 27017},
  'NUMBER_OF_CORES': -1,
  'PARALLEL_COMPLEX_EVALUATION': False,
  'PARALLEL_CONCEPT_EVALUATION': False,
  'PARALLEL_CUT_EVALUATION': True,
  'PARTITION_TYPE': 'BI',
  'PICK_SMALLEST_PURVIEW': False,
  'PRECISION': 6,
  'PRINT_FRACTIONS': True,
  'PROGRESS_BARS': True,
  'REDIS_CACHE': False,
  'REDIS_CONFIG': {'db': 0, 'host': 'localhost', 'port': 6379, 'test_db': 1},
  'REPR_VERBOSITY': 2,
  'SINGLE_MICRO_NODES_WITH_SELFLOOPS_HAVE_PHI': False,
  'SYSTEM_CUTS': '3.0_STYLE',
  'USE_SMALL_PHI_DIFFERENCE_FOR_CES_DISTANCE': False,
  'VALIDATE_CONDITIONAL_INDEPENDENCE': True,
  'VALIDATE_SUBSYSTEM_STATES': True,
  'WELCOME_OFF': False}
2026-05-15 20:07:24,693 [pyphi.compute.subsystem] INFO MainProcess: Calculating big-phi data for Subsystem(C0, C1, C2)...
2026-05-15 20:07:26,513 [pyphi.conf] INFO Process-1: PyPhi v1.2.0
2026-05-15 20:07:26,514 [pyphi.conf] INFO Process-1: Using default configuration (no configuration file provided)
2026-05-15 20:07:26,514 [pyphi.conf] INFO Process-1: Current PyPhi configuration:
 { 'ASSUME_CUTS_CANNOT_CREATE_NEW_CONCEPTS': False,
  'CACHE_POTENTIAL_PURVIEWS': True,
  'CACHE_REPERTOIRES': True,
  'CACHE_SIAS': False,
  'CACHING_BACKEND': 'fs',
  'CLEAR_SUBSYSTEM_CACHES_AFTER_COMPUTING_SIA': False,
  'CUT_ONE_APPROXIMATION': False,
  'FS_CACHE_DIRECTORY': '__pyphi_cache__',
  'FS_CACHE_VERBOSITY': 0,
  'LOG_FILE': 'pyphi.log',
  'LOG_FILE_LEVEL': 'INFO',
  'LOG_STDOUT_LEVEL': 'WARNING',
  'MAXIMUM_CACHE_MEMORY_PERCENTAGE': 50,
  'MEASURE': 'EMD',
  'MONGODB_CONFIG': { 'collection_name': 'cache',
                      'database_name': 'pyphi',
                      'host': 'localhost',
                      'port': 27017},
  'NUMBER_OF_CORES': -1,
  'PARALLEL_COMPLEX_EVALUATION': False,
  'PARALLEL_CONCEPT_EVALUATION': False,
  'PARALLEL_CUT_EVALUATION': True,
  'PARTITION_TYPE': 'BI',
  'PICK_SMALLEST_PURVIEW': False,
  'PRECISION': 6,
  'PRINT_FRACTIONS': True,
  'PROGRESS_BARS': True,
  'REDIS_CACHE': False,
  'REDIS_CONFIG': {'db': 0, 'host': 'localhost', 'port': 6379, 'test_db': 1},
  'REPR_VERBOSITY': 2,
  'SINGLE_MICRO_NODES_WITH_SELFLOOPS_HAVE_PHI': False,
  'SYSTEM_CUTS': '3.0_STYLE',
  'USE_SMALL_PHI_DIFFERENCE_FOR_CES_DISTANCE': False,
  'VALIDATE_CONDITIONAL_INDEPENDENCE': True,
  'VALIDATE_SUBSYSTEM_STATES': True,
  'WELCOME_OFF': False}
2026-05-15 20:07:33,075 [pyphi.conf] INFO Process-2: PyPhi v1.2.0
2026-05-15 20:07:33,075 [pyphi.conf] INFO Process-2: Using default configuration (no configuration file provided)
2026-05-15 20:07:33,076 [pyphi.conf] INFO Process-2: Current PyPhi configuration:
 { 'ASSUME_CUTS_CANNOT_CREATE_NEW_CONCEPTS': False,
  'CACHE_POTENTIAL_PURVIEWS': True,
  'CACHE_REPERTOIRES': True,
  'CACHE_SIAS': False,
  'CACHING_BACKEND': 'fs',
  'CLEAR_SUBSYSTEM_CACHES_AFTER_COMPUTING_SIA': False,
  'CUT_ONE_APPROXIMATION': False,
  'FS_CACHE_DIRECTORY': '__pyphi_cache__',
  'FS_CACHE_VERBOSITY': 0,
  'LOG_FILE': 'pyphi.log',
  'LOG_FILE_LEVEL': 'INFO',
  'LOG_STDOUT_LEVEL': 'WARNING',
  'MAXIMUM_CACHE_MEMORY_PERCENTAGE': 50,
  'MEASURE': 'EMD',
  'MONGODB_CONFIG': { 'collection_name': 'cache',
                      'database_name': 'pyphi',
                      'host': 'localhost',
                      'port': 27017},
  'NUMBER_OF_CORES': -1,
  'PARALLEL_COMPLEX_EVALUATION': False,
  'PARALLEL_CONCEPT_EVALUATION': False,
  'PARALLEL_CUT_EVALUATION': True,
  'PARTITION_TYPE': 'BI',
  'PICK_SMALLEST_PURVIEW': False,
  'PRECISION': 6,
  'PRINT_FRACTIONS': True,
  'PROGRESS_BARS': True,
  'REDIS_CACHE': False,
  'REDIS_CONFIG': {'db': 0, 'host': 'localhost', 'port': 6379, 'test_db': 1},
  'REPR_VERBOSITY': 2,
  'SINGLE_MICRO_NODES_WITH_SELFLOOPS_HAVE_PHI': False,
  'SYSTEM_CUTS': '3.0_STYLE',
  'USE_SMALL_PHI_DIFFERENCE_FOR_CES_DISTANCE': False,
  'VALIDATE_CONDITIONAL_INDEPENDENCE': True,
  'VALIDATE_SUBSYSTEM_STATES': True,
  'WELCOME_OFF': False}
2026-05-15 20:07:38,900 [pyphi.compute.subsystem] INFO MainProcess: Finished calculating big-phi data for Subsystem(C0, C1, C2).
2026-05-15 20:07:38,963 [pyphi.compute.subsystem] INFO MainProcess: Calculating big-phi data for Subsystem(C0, C1, C2)...
2026-05-15 20:07:40,944 [pyphi.conf] INFO Process-3: PyPhi v1.2.0
2026-05-15 20:07:40,944 [pyphi.conf] INFO Process-3: Using default configuration (no configuration file provided)
2026-05-15 20:07:40,945 [pyphi.conf] INFO Process-3: Current PyPhi configuration:
 { 'ASSUME_CUTS_CANNOT_CREATE_NEW_CONCEPTS': False,
  'CACHE_POTENTIAL_PURVIEWS': True,
  'CACHE_REPERTOIRES': True,
  'CACHE_SIAS': False,
  'CACHING_BACKEND': 'fs',
  'CLEAR_SUBSYSTEM_CACHES_AFTER_COMPUTING_SIA': False,
  'CUT_ONE_APPROXIMATION': False,
  'FS_CACHE_DIRECTORY': '__pyphi_cache__',
  'FS_CACHE_VERBOSITY': 0,
  'LOG_FILE': 'pyphi.log',
  'LOG_FILE_LEVEL': 'INFO',
  'LOG_STDOUT_LEVEL': 'WARNING',
  'MAXIMUM_CACHE_MEMORY_PERCENTAGE': 50,
  'MEASURE': 'EMD',
  'MONGODB_CONFIG': { 'collection_name': 'cache',
                      'database_name': 'pyphi',
                      'host': 'localhost',
                      'port': 27017},
  'NUMBER_OF_CORES': -1,
  'PARALLEL_COMPLEX_EVALUATION': False,
  'PARALLEL_CONCEPT_EVALUATION': False,
  'PARALLEL_CUT_EVALUATION': True,
  'PARTITION_TYPE': 'BI',
  'PICK_SMALLEST_PURVIEW': False,
  'PRECISION': 6,
  'PRINT_FRACTIONS': True,
  'PROGRESS_BARS': True,
  'REDIS_CACHE': False,
  'REDIS_CONFIG': {'db': 0, 'host': 'localhost', 'port': 6379, 'test_db': 1},
  'REPR_VERBOSITY': 2,
  'SINGLE_MICRO_NODES_WITH_SELFLOOPS_HAVE_PHI': False,
  'SYSTEM_CUTS': '3.0_STYLE',
  'USE_SMALL_PHI_DIFFERENCE_FOR_CES_DISTANCE': False,
  'VALIDATE_CONDITIONAL_INDEPENDENCE': True,
  'VALIDATE_SUBSYSTEM_STATES': True,
  'WELCOME_OFF': False}
2026-05-15 20:07:47,099 [pyphi.conf] INFO Process-4: PyPhi v1.2.0
2026-05-15 20:07:47,099 [pyphi.conf] INFO Process-4: Using default configuration (no configuration file provided)
2026-05-15 20:07:47,100 [pyphi.conf] INFO Process-4: Current PyPhi configuration:
 { 'ASSUME_CUTS_CANNOT_CREATE_NEW_CONCEPTS': False,
  'CACHE_POTENTIAL_PURVIEWS': True,
  'CACHE_REPERTOIRES': True,
  'CACHE_SIAS': False,
  'CACHING_BACKEND': 'fs',
  'CLEAR_SUBSYSTEM_CACHES_AFTER_COMPUTING_SIA': False,
  'CUT_ONE_APPROXIMATION': False,
  'FS_CACHE_DIRECTORY': '__pyphi_cache__',
  'FS_CACHE_VERBOSITY': 0,
  'LOG_FILE': 'pyphi.log',
  'LOG_FILE_LEVEL': 'INFO',
  'LOG_STDOUT_LEVEL': 'WARNING',
  'MAXIMUM_CACHE_MEMORY_PERCENTAGE': 50,
  'MEASURE': 'EMD',
  'MONGODB_CONFIG': { 'collection_name': 'cache',
                      'database_name': 'pyphi',
                      'host': 'localhost',
                      'port': 27017},
  'NUMBER_OF_CORES': -1,
  'PARALLEL_COMPLEX_EVALUATION': False,
  'PARALLEL_CONCEPT_EVALUATION': False,
  'PARALLEL_CUT_EVALUATION': True,
  'PARTITION_TYPE': 'BI',
  'PICK_SMALLEST_PURVIEW': False,
  'PRECISION': 6,
  'PRINT_FRACTIONS': True,
  'PROGRESS_BARS': True,
  'REDIS_CACHE': False,
  'REDIS_CONFIG': {'db': 0, 'host': 'localhost', 'port': 6379, 'test_db': 1},
  'REPR_VERBOSITY': 2,
  'SINGLE_MICRO_NODES_WITH_SELFLOOPS_HAVE_PHI': False,
  'SYSTEM_CUTS': '3.0_STYLE',
  'USE_SMALL_PHI_DIFFERENCE_FOR_CES_DISTANCE': False,
  'VALIDATE_CONDITIONAL_INDEPENDENCE': True,
  'VALIDATE_SUBSYSTEM_STATES': True,
  'WELCOME_OFF': False}
2026-05-15 20:07:51,388 [pyphi.compute.subsystem] INFO MainProcess: Finished calculating big-phi data for Subsystem(C0, C1, C2).
2026-05-15 20:07:51,440 [pyphi.compute.subsystem] INFO MainProcess: Calculating big-phi data for Subsystem(C0, C1, C2)...
2026-05-15 20:07:53,135 [pyphi.conf] INFO Process-5: PyPhi v1.2.0
2026-05-15 20:07:53,136 [pyphi.conf] INFO Process-5: Using default configuration (no configuration file provided)
2026-05-15 20:07:53,136 [pyphi.conf] INFO Process-5: Current PyPhi configuration:
 { 'ASSUME_CUTS_CANNOT_CREATE_NEW_CONCEPTS': False,
  'CACHE_POTENTIAL_PURVIEWS': True,
  'CACHE_REPERTOIRES': True,
  'CACHE_SIAS': False,
  'CACHING_BACKEND': 'fs',
  'CLEAR_SUBSYSTEM_CACHES_AFTER_COMPUTING_SIA': False,
  'CUT_ONE_APPROXIMATION': False,
  'FS_CACHE_DIRECTORY': '__pyphi_cache__',
  'FS_CACHE_VERBOSITY': 0,
  'LOG_FILE': 'pyphi.log',
  'LOG_FILE_LEVEL': 'INFO',
  'LOG_STDOUT_LEVEL': 'WARNING',
  'MAXIMUM_CACHE_MEMORY_PERCENTAGE': 50,
  'MEASURE': 'EMD',
  'MONGODB_CONFIG': { 'collection_name': 'cache',
                      'database_name': 'pyphi',
                      'host': 'localhost',
                      'port': 27017},
  'NUMBER_OF_CORES': -1,
  'PARALLEL_COMPLEX_EVALUATION': False,
  'PARALLEL_CONCEPT_EVALUATION': False,
  'PARALLEL_CUT_EVALUATION': True,
  'PARTITION_TYPE': 'BI',
  'PICK_SMALLEST_PURVIEW': False,
  'PRECISION': 6,
  'PRINT_FRACTIONS': True,
  'PROGRESS_BARS': True,
  'REDIS_CACHE': False,
  'REDIS_CONFIG': {'db': 0, 'host': 'localhost', 'port': 6379, 'test_db': 1},
  'REPR_VERBOSITY': 2,
  'SINGLE_MICRO_NODES_WITH_SELFLOOPS_HAVE_PHI': False,
  'SYSTEM_CUTS': '3.0_STYLE',
  'USE_SMALL_PHI_DIFFERENCE_FOR_CES_DISTANCE': False,
  'VALIDATE_CONDITIONAL_INDEPENDENCE': True,
  'VALIDATE_SUBSYSTEM_STATES': True,
  'WELCOME_OFF': False}
2026-05-15 20:07:58,818 [pyphi.conf] INFO Process-6: PyPhi v1.2.0
2026-05-15 20:07:58,818 [pyphi.conf] INFO Process-6: Using default configuration (no configuration file provided)
2026-05-15 20:07:58,819 [pyphi.conf] INFO Process-6: Current PyPhi configuration:
 { 'ASSUME_CUTS_CANNOT_CREATE_NEW_CONCEPTS': False,
  'CACHE_POTENTIAL_PURVIEWS': True,
  'CACHE_REPERTOIRES': True,
  'CACHE_SIAS': False,
  'CACHING_BACKEND': 'fs',
  'CLEAR_SUBSYSTEM_CACHES_AFTER_COMPUTING_SIA': False,
  'CUT_ONE_APPROXIMATION': False,
  'FS_CACHE_DIRECTORY': '__pyphi_cache__',
  'FS_CACHE_VERBOSITY': 0,
  'LOG_FILE': 'pyphi.log',
  'LOG_FILE_LEVEL': 'INFO',
  'LOG_STDOUT_LEVEL': 'WARNING',
  'MAXIMUM_CACHE_MEMORY_PERCENTAGE': 50,
  'MEASURE': 'EMD',
  'MONGODB_CONFIG': { 'collection_name': 'cache',
                      'database_name': 'pyphi',
                      'host': 'localhost',
                      'port': 27017},
  'NUMBER_OF_CORES': -1,
  'PARALLEL_COMPLEX_EVALUATION': False,
  'PARALLEL_CONCEPT_EVALUATION': False,
  'PARALLEL_CUT_EVALUATION': True,
  'PARTITION_TYPE': 'BI',
  'PICK_SMALLEST_PURVIEW': False,
  'PRECISION': 6,
  'PRINT_FRACTIONS': True,
  'PROGRESS_BARS': True,
  'REDIS_CACHE': False,
  'REDIS_CONFIG': {'db': 0, 'host': 'localhost', 'port': 6379, 'test_db': 1},
  'REPR_VERBOSITY': 2,
  'SINGLE_MICRO_NODES_WITH_SELFLOOPS_HAVE_PHI': False,
  'SYSTEM_CUTS': '3.0_STYLE',
  'USE_SMALL_PHI_DIFFERENCE_FOR_CES_DISTANCE': False,
  'VALIDATE_CONDITIONAL_INDEPENDENCE': True,
  'VALIDATE_SUBSYSTEM_STATES': True,
  'WELCOME_OFF': False}
2026-05-15 20:08:03,227 [pyphi.compute.subsystem] INFO MainProcess: Finished calculating big-phi data for Subsystem(C0, C1, C2).
2026-05-15 20:08:18,251 [pyphi.conf] INFO MainProcess: PyPhi v1.2.0
2026-05-15 20:08:18,252 [pyphi.conf] INFO MainProcess: Using default configuration (no configuration file provided)
2026-05-15 20:08:18,252 [pyphi.conf] INFO MainProcess: Current PyPhi configuration:
 { 'ASSUME_CUTS_CANNOT_CREATE_NEW_CONCEPTS': False,
  'CACHE_POTENTIAL_PURVIEWS': True,
  'CACHE_REPERTOIRES': True,
  'CACHE_SIAS': False,
  'CACHING_BACKEND': 'fs',
  'CLEAR_SUBSYSTEM_CACHES_AFTER_COMPUTING_SIA': False,
  'CUT_ONE_APPROXIMATION': False,
  'FS_CACHE_DIRECTORY': '__pyphi_cache__',
  'FS_CACHE_VERBOSITY': 0,
  'LOG_FILE': 'pyphi.log',
  'LOG_FILE_LEVEL': 'INFO',
  'LOG_STDOUT_LEVEL': 'WARNING',
  'MAXIMUM_CACHE_MEMORY_PERCENTAGE': 50,
  'MEASURE': 'EMD',
  'MONGODB_CONFIG': { 'collection_name': 'cache',
                      'database_name': 'pyphi',
                      'host': 'localhost',
                      'port': 27017},
  'NUMBER_OF_CORES': -1,
  'PARALLEL_COMPLEX_EVALUATION': False,
  'PARALLEL_CONCEPT_EVALUATION': False,
  'PARALLEL_CUT_EVALUATION': True,
  'PARTITION_TYPE': 'BI',
  'PICK_SMALLEST_PURVIEW': False,
  'PRECISION': 6,
  'PRINT_FRACTIONS': True,
  'PROGRESS_BARS': True,
  'REDIS_CACHE': False,
  'REDIS_CONFIG': {'db': 0, 'host': 'localhost', 'port': 6379, 'test_db': 1},
  'REPR_VERBOSITY': 2,
  'SINGLE_MICRO_NODES_WITH_SELFLOOPS_HAVE_PHI': False,
  'SYSTEM_CUTS': '3.0_STYLE',
  'USE_SMALL_PHI_DIFFERENCE_FOR_CES_DISTANCE': False,
  'VALIDATE_CONDITIONAL_INDEPENDENCE': True,
  'VALIDATE_SUBSYSTEM_STATES': True,
  'WELCOME_OFF': False}
2026-05-15 20:08:22,270 [pyphi.compute.subsystem] INFO MainProcess: Calculating big-phi data for Subsystem(C0, C1, C2)...
2026-05-15 20:08:24,140 [pyphi.conf] INFO Process-1: PyPhi v1.2.0
2026-05-15 20:08:24,140 [pyphi.conf] INFO Process-1: Using default configuration (no configuration file provided)
2026-05-15 20:08:24,141 [pyphi.conf] INFO Process-1: Current PyPhi configuration:
 { 'ASSUME_CUTS_CANNOT_CREATE_NEW_CONCEPTS': False,
  'CACHE_POTENTIAL_PURVIEWS': True,
  'CACHE_REPERTOIRES': True,
  'CACHE_SIAS': False,
  'CACHING_BACKEND': 'fs',
  'CLEAR_SUBSYSTEM_CACHES_AFTER_COMPUTING_SIA': False,
  'CUT_ONE_APPROXIMATION': False,
  'FS_CACHE_DIRECTORY': '__pyphi_cache__',
  'FS_CACHE_VERBOSITY': 0,
  'LOG_FILE': 'pyphi.log',
  'LOG_FILE_LEVEL': 'INFO',
  'LOG_STDOUT_LEVEL': 'WARNING',
  'MAXIMUM_CACHE_MEMORY_PERCENTAGE': 50,
  'MEASURE': 'EMD',
  'MONGODB_CONFIG': { 'collection_name': 'cache',
                      'database_name': 'pyphi',
                      'host': 'localhost',
                      'port': 27017},
  'NUMBER_OF_CORES': -1,
  'PARALLEL_COMPLEX_EVALUATION': False,
  'PARALLEL_CONCEPT_EVALUATION': False,
  'PARALLEL_CUT_EVALUATION': True,
  'PARTITION_TYPE': 'BI',
  'PICK_SMALLEST_PURVIEW': False,
  'PRECISION': 6,
  'PRINT_FRACTIONS': True,
  'PROGRESS_BARS': True,
  'REDIS_CACHE': False,
  'REDIS_CONFIG': {'db': 0, 'host': 'localhost', 'port': 6379, 'test_db': 1},
  'REPR_VERBOSITY': 2,
  'SINGLE_MICRO_NODES_WITH_SELFLOOPS_HAVE_PHI': False,
  'SYSTEM_CUTS': '3.0_STYLE',
  'USE_SMALL_PHI_DIFFERENCE_FOR_CES_DISTANCE': False,
  'VALIDATE_CONDITIONAL_INDEPENDENCE': True,
  'VALIDATE_SUBSYSTEM_STATES': True,
  'WELCOME_OFF': False}
2026-05-15 20:08:30,696 [pyphi.conf] INFO Process-2: PyPhi v1.2.0
2026-05-15 20:08:30,697 [pyphi.conf] INFO Process-2: Using default configuration (no configuration file provided)
2026-05-15 20:08:30,697 [pyphi.conf] INFO Process-2: Current PyPhi configuration:
 { 'ASSUME_CUTS_CANNOT_CREATE_NEW_CONCEPTS': False,
  'CACHE_POTENTIAL_PURVIEWS': True,
  'CACHE_REPERTOIRES': True,
  'CACHE_SIAS': False,
  'CACHING_BACKEND': 'fs',
  'CLEAR_SUBSYSTEM_CACHES_AFTER_COMPUTING_SIA': False,
  'CUT_ONE_APPROXIMATION': False,
  'FS_CACHE_DIRECTORY': '__pyphi_cache__',
  'FS_CACHE_VERBOSITY': 0,
  'LOG_FILE': 'pyphi.log',
  'LOG_FILE_LEVEL': 'INFO',
  'LOG_STDOUT_LEVEL': 'WARNING',
  'MAXIMUM_CACHE_MEMORY_PERCENTAGE': 50,
  'MEASURE': 'EMD',
  'MONGODB_CONFIG': { 'collection_name': 'cache',
                      'database_name': 'pyphi',
                      'host': 'localhost',
                      'port': 27017},
  'NUMBER_OF_CORES': -1,
  'PARALLEL_COMPLEX_EVALUATION': False,
  'PARALLEL_CONCEPT_EVALUATION': False,
  'PARALLEL_CUT_EVALUATION': True,
  'PARTITION_TYPE': 'BI',
  'PICK_SMALLEST_PURVIEW': False,
  'PRECISION': 6,
  'PRINT_FRACTIONS': True,
  'PROGRESS_BARS': True,
  'REDIS_CACHE': False,
  'REDIS_CONFIG': {'db': 0, 'host': 'localhost', 'port': 6379, 'test_db': 1},
  'REPR_VERBOSITY': 2,
  'SINGLE_MICRO_NODES_WITH_SELFLOOPS_HAVE_PHI': False,
  'SYSTEM_CUTS': '3.0_STYLE',
  'USE_SMALL_PHI_DIFFERENCE_FOR_CES_DISTANCE': False,
  'VALIDATE_CONDITIONAL_INDEPENDENCE': True,
  'VALIDATE_SUBSYSTEM_STATES': True,
  'WELCOME_OFF': False}
2026-05-15 20:08:35,125 [pyphi.compute.subsystem] INFO MainProcess: Finished calculating big-phi data for Subsystem(C0, C1, C2).
2026-05-15 20:08:35,180 [pyphi.compute.subsystem] INFO MainProcess: Calculating big-phi data for Subsystem(C0, C1, C2)...
2026-05-15 20:08:36,918 [pyphi.conf] INFO Process-3: PyPhi v1.2.0
2026-05-15 20:08:36,918 [pyphi.conf] INFO Process-3: Using default configuration (no configuration file provided)
2026-05-15 20:08:36,919 [pyphi.conf] INFO Process-3: Current PyPhi configuration:
 { 'ASSUME_CUTS_CANNOT_CREATE_NEW_CONCEPTS': False,
  'CACHE_POTENTIAL_PURVIEWS': True,
  'CACHE_REPERTOIRES': True,
  'CACHE_SIAS': False,
  'CACHING_BACKEND': 'fs',
  'CLEAR_SUBSYSTEM_CACHES_AFTER_COMPUTING_SIA': False,
  'CUT_ONE_APPROXIMATION': False,
  'FS_CACHE_DIRECTORY': '__pyphi_cache__',
  'FS_CACHE_VERBOSITY': 0,
  'LOG_FILE': 'pyphi.log',
  'LOG_FILE_LEVEL': 'INFO',
  'LOG_STDOUT_LEVEL': 'WARNING',
  'MAXIMUM_CACHE_MEMORY_PERCENTAGE': 50,
  'MEASURE': 'EMD',
  'MONGODB_CONFIG': { 'collection_name': 'cache',
                      'database_name': 'pyphi',
                      'host': 'localhost',
                      'port': 27017},
  'NUMBER_OF_CORES': -1,
  'PARALLEL_COMPLEX_EVALUATION': False,
  'PARALLEL_CONCEPT_EVALUATION': False,
  'PARALLEL_CUT_EVALUATION': True,
  'PARTITION_TYPE': 'BI',
  'PICK_SMALLEST_PURVIEW': False,
  'PRECISION': 6,
  'PRINT_FRACTIONS': True,
  'PROGRESS_BARS': True,
  'REDIS_CACHE': False,
  'REDIS_CONFIG': {'db': 0, 'host': 'localhost', 'port': 6379, 'test_db': 1},
  'REPR_VERBOSITY': 2,
  'SINGLE_MICRO_NODES_WITH_SELFLOOPS_HAVE_PHI': False,
  'SYSTEM_CUTS': '3.0_STYLE',
  'USE_SMALL_PHI_DIFFERENCE_FOR_CES_DISTANCE': False,
  'VALIDATE_CONDITIONAL_INDEPENDENCE': True,
  'VALIDATE_SUBSYSTEM_STATES': True,
  'WELCOME_OFF': False}
2026-05-15 20:08:42,702 [pyphi.conf] INFO Process-4: PyPhi v1.2.0
2026-05-15 20:08:42,703 [pyphi.conf] INFO Process-4: Using default configuration (no configuration file provided)
2026-05-15 20:08:42,703 [pyphi.conf] INFO Process-4: Current PyPhi configuration:
 { 'ASSUME_CUTS_CANNOT_CREATE_NEW_CONCEPTS': False,
  'CACHE_POTENTIAL_PURVIEWS': True,
  'CACHE_REPERTOIRES': True,
  'CACHE_SIAS': False,
  'CACHING_BACKEND': 'fs',
  'CLEAR_SUBSYSTEM_CACHES_AFTER_COMPUTING_SIA': False,
  'CUT_ONE_APPROXIMATION': False,
  'FS_CACHE_DIRECTORY': '__pyphi_cache__',
  'FS_CACHE_VERBOSITY': 0,
  'LOG_FILE': 'pyphi.log',
  'LOG_FILE_LEVEL': 'INFO',
  'LOG_STDOUT_LEVEL': 'WARNING',
  'MAXIMUM_CACHE_MEMORY_PERCENTAGE': 50,
  'MEASURE': 'EMD',
  'MONGODB_CONFIG': { 'collection_name': 'cache',
                      'database_name': 'pyphi',
                      'host': 'localhost',
                      'port': 27017},
  'NUMBER_OF_CORES': -1,
  'PARALLEL_COMPLEX_EVALUATION': False,
  'PARALLEL_CONCEPT_EVALUATION': False,
  'PARALLEL_CUT_EVALUATION': True,
  'PARTITION_TYPE': 'BI',
  'PICK_SMALLEST_PURVIEW': False,
  'PRECISION': 6,
  'PRINT_FRACTIONS': True,
  'PROGRESS_BARS': True,
  'REDIS_CACHE': False,
  'REDIS_CONFIG': {'db': 0, 'host': 'localhost', 'port': 6379, 'test_db': 1},
  'REPR_VERBOSITY': 2,
  'SINGLE_MICRO_NODES_WITH_SELFLOOPS_HAVE_PHI': False,
  'SYSTEM_CUTS': '3.0_STYLE',
  'USE_SMALL_PHI_DIFFERENCE_FOR_CES_DISTANCE': False,
  'VALIDATE_CONDITIONAL_INDEPENDENCE': True,
  'VALIDATE_SUBSYSTEM_STATES': True,
  'WELCOME_OFF': False}
2026-05-15 20:08:47,274 [pyphi.compute.subsystem] INFO MainProcess: Finished calculating big-phi data for Subsystem(C0, C1, C2).
2026-05-15 20:08:47,339 [pyphi.compute.subsystem] INFO MainProcess: Calculating big-phi data for Subsystem(C0, C1, C2)...
2026-05-15 20:08:49,062 [pyphi.conf] INFO Process-5: PyPhi v1.2.0
2026-05-15 20:08:49,062 [pyphi.conf] INFO Process-5: Using default configuration (no configuration file provided)
2026-05-15 20:08:49,063 [pyphi.conf] INFO Process-5: Current PyPhi configuration:
 { 'ASSUME_CUTS_CANNOT_CREATE_NEW_CONCEPTS': False,
  'CACHE_POTENTIAL_PURVIEWS': True,
  'CACHE_REPERTOIRES': True,
  'CACHE_SIAS': False,
  'CACHING_BACKEND': 'fs',
  'CLEAR_SUBSYSTEM_CACHES_AFTER_COMPUTING_SIA': False,
  'CUT_ONE_APPROXIMATION': False,
  'FS_CACHE_DIRECTORY': '__pyphi_cache__',
  'FS_CACHE_VERBOSITY': 0,
  'LOG_FILE': 'pyphi.log',
  'LOG_FILE_LEVEL': 'INFO',
  'LOG_STDOUT_LEVEL': 'WARNING',
  'MAXIMUM_CACHE_MEMORY_PERCENTAGE': 50,
  'MEASURE': 'EMD',
  'MONGODB_CONFIG': { 'collection_name': 'cache',
                      'database_name': 'pyphi',
                      'host': 'localhost',
                      'port': 27017},
  'NUMBER_OF_CORES': -1,
  'PARALLEL_COMPLEX_EVALUATION': False,
  'PARALLEL_CONCEPT_EVALUATION': False,
  'PARALLEL_CUT_EVALUATION': True,
  'PARTITION_TYPE': 'BI',
  'PICK_SMALLEST_PURVIEW': False,
  'PRECISION': 6,
  'PRINT_FRACTIONS': True,
  'PROGRESS_BARS': True,
  'REDIS_CACHE': False,
  'REDIS_CONFIG': {'db': 0, 'host': 'localhost', 'port': 6379, 'test_db': 1},
  'REPR_VERBOSITY': 2,
  'SINGLE_MICRO_NODES_WITH_SELFLOOPS_HAVE_PHI': False,
  'SYSTEM_CUTS': '3.0_STYLE',
  'USE_SMALL_PHI_DIFFERENCE_FOR_CES_DISTANCE': False,
  'VALIDATE_CONDITIONAL_INDEPENDENCE': True,
  'VALIDATE_SUBSYSTEM_STATES': True,
  'WELCOME_OFF': False}
2026-05-15 20:08:55,007 [pyphi.conf] INFO Process-6: PyPhi v1.2.0
2026-05-15 20:08:55,007 [pyphi.conf] INFO Process-6: Using default configuration (no configuration file provided)
2026-05-15 20:08:55,008 [pyphi.conf] INFO Process-6: Current PyPhi configuration:
 { 'ASSUME_CUTS_CANNOT_CREATE_NEW_CONCEPTS': False,
  'CACHE_POTENTIAL_PURVIEWS': True,
  'CACHE_REPERTOIRES': True,
  'CACHE_SIAS': False,
  'CACHING_BACKEND': 'fs',
  'CLEAR_SUBSYSTEM_CACHES_AFTER_COMPUTING_SIA': False,
  'CUT_ONE_APPROXIMATION': False,
  'FS_CACHE_DIRECTORY': '__pyphi_cache__',
  'FS_CACHE_VERBOSITY': 0,
  'LOG_FILE': 'pyphi.log',
  'LOG_FILE_LEVEL': 'INFO',
  'LOG_STDOUT_LEVEL': 'WARNING',
  'MAXIMUM_CACHE_MEMORY_PERCENTAGE': 50,
  'MEASURE': 'EMD',
  'MONGODB_CONFIG': { 'collection_name': 'cache',
                      'database_name': 'pyphi',
                      'host': 'localhost',
                      'port': 27017},
  'NUMBER_OF_CORES': -1,
  'PARALLEL_COMPLEX_EVALUATION': False,
  'PARALLEL_CONCEPT_EVALUATION': False,
  'PARALLEL_CUT_EVALUATION': True,
  'PARTITION_TYPE': 'BI',
  'PICK_SMALLEST_PURVIEW': False,
  'PRECISION': 6,
  'PRINT_FRACTIONS': True,
  'PROGRESS_BARS': True,
  'REDIS_CACHE': False,
  'REDIS_CONFIG': {'db': 0, 'host': 'localhost', 'port': 6379, 'test_db': 1},
  'REPR_VERBOSITY': 2,
  'SINGLE_MICRO_NODES_WITH_SELFLOOPS_HAVE_PHI': False,
  'SYSTEM_CUTS': '3.0_STYLE',
  'USE_SMALL_PHI_DIFFERENCE_FOR_CES_DISTANCE': False,
  'VALIDATE_CONDITIONAL_INDEPENDENCE': True,
  'VALIDATE_SUBSYSTEM_STATES': True,
  'WELCOME_OFF': False}
2026-05-15 20:08:59,353 [pyphi.compute.subsystem] INFO MainProcess: Finished calculating big-phi data for Subsystem(C0, C1, C2).
2026-05-15 20:08:59,410 [pyphi.compute.subsystem] INFO MainProcess: Calculating big-phi data for Subsystem(C0, C1, C2, C3)...
2026-05-15 20:09:01,073 [pyphi.conf] INFO Process-7: PyPhi v1.2.0
2026-05-15 20:09:01,073 [pyphi.conf] INFO Process-7: Using default configuration (no configuration file provided)
2026-05-15 20:09:01,074 [pyphi.conf] INFO Process-7: Current PyPhi configuration:
 { 'ASSUME_CUTS_CANNOT_CREATE_NEW_CONCEPTS': False,
  'CACHE_POTENTIAL_PURVIEWS': True,
  'CACHE_REPERTOIRES': True,
  'CACHE_SIAS': False,
  'CACHING_BACKEND': 'fs',
  'CLEAR_SUBSYSTEM_CACHES_AFTER_COMPUTING_SIA': False,
  'CUT_ONE_APPROXIMATION': False,
  'FS_CACHE_DIRECTORY': '__pyphi_cache__',
  'FS_CACHE_VERBOSITY': 0,
  'LOG_FILE': 'pyphi.log',
  'LOG_FILE_LEVEL': 'INFO',
  'LOG_STDOUT_LEVEL': 'WARNING',
  'MAXIMUM_CACHE_MEMORY_PERCENTAGE': 50,
  'MEASURE': 'EMD',
  'MONGODB_CONFIG': { 'collection_name': 'cache',
                      'database_name': 'pyphi',
                      'host': 'localhost',
                      'port': 27017},
  'NUMBER_OF_CORES': -1,
  'PARALLEL_COMPLEX_EVALUATION': False,
  'PARALLEL_CONCEPT_EVALUATION': False,
  'PARALLEL_CUT_EVALUATION': True,
  'PARTITION_TYPE': 'BI',
  'PICK_SMALLEST_PURVIEW': False,
  'PRECISION': 6,
  'PRINT_FRACTIONS': True,
  'PROGRESS_BARS': True,
  'REDIS_CACHE': False,
  'REDIS_CONFIG': {'db': 0, 'host': 'localhost', 'port': 6379, 'test_db': 1},
  'REPR_VERBOSITY': 2,
  'SINGLE_MICRO_NODES_WITH_SELFLOOPS_HAVE_PHI': False,
  'SYSTEM_CUTS': '3.0_STYLE',
  'USE_SMALL_PHI_DIFFERENCE_FOR_CES_DISTANCE': False,
  'VALIDATE_CONDITIONAL_INDEPENDENCE': True,
  'VALIDATE_SUBSYSTEM_STATES': True,
  'WELCOME_OFF': False}
2026-05-15 20:09:07,787 [pyphi.conf] INFO Process-8: PyPhi v1.2.0
2026-05-15 20:09:07,787 [pyphi.conf] INFO Process-8: Using default configuration (no configuration file provided)
2026-05-15 20:09:07,787 [pyphi.conf] INFO Process-8: Current PyPhi configuration:
 { 'ASSUME_CUTS_CANNOT_CREATE_NEW_CONCEPTS': False,
  'CACHE_POTENTIAL_PURVIEWS': True,
  'CACHE_REPERTOIRES': True,
  'CACHE_SIAS': False,
  'CACHING_BACKEND': 'fs',
  'CLEAR_SUBSYSTEM_CACHES_AFTER_COMPUTING_SIA': False,
  'CUT_ONE_APPROXIMATION': False,
  'FS_CACHE_DIRECTORY': '__pyphi_cache__',
  'FS_CACHE_VERBOSITY': 0,
  'LOG_FILE': 'pyphi.log',
  'LOG_FILE_LEVEL': 'INFO',
  'LOG_STDOUT_LEVEL': 'WARNING',
  'MAXIMUM_CACHE_MEMORY_PERCENTAGE': 50,
  'MEASURE': 'EMD',
  'MONGODB_CONFIG': { 'collection_name': 'cache',
                      'database_name': 'pyphi',
                      'host': 'localhost',
                      'port': 27017},
  'NUMBER_OF_CORES': -1,
  'PARALLEL_COMPLEX_EVALUATION': False,
  'PARALLEL_CONCEPT_EVALUATION': False,
  'PARALLEL_CUT_EVALUATION': True,
  'PARTITION_TYPE': 'BI',
  'PICK_SMALLEST_PURVIEW': False,
  'PRECISION': 6,
  'PRINT_FRACTIONS': True,
  'PROGRESS_BARS': True,
  'REDIS_CACHE': False,
  'REDIS_CONFIG': {'db': 0, 'host': 'localhost', 'port': 6379, 'test_db': 1},
  'REPR_VERBOSITY': 2,
  'SINGLE_MICRO_NODES_WITH_SELFLOOPS_HAVE_PHI': False,
  'SYSTEM_CUTS': '3.0_STYLE',
  'USE_SMALL_PHI_DIFFERENCE_FOR_CES_DISTANCE': False,
  'VALIDATE_CONDITIONAL_INDEPENDENCE': True,
  'VALIDATE_SUBSYSTEM_STATES': True,
  'WELCOME_OFF': False}
2026-05-15 20:09:17,376 [pyphi.compute.subsystem] INFO MainProcess: Finished calculating big-phi data for Subsystem(C0, C1, C2, C3).
2026-05-15 20:09:17,431 [pyphi.compute.subsystem] INFO MainProcess: Calculating big-phi data for Subsystem(C0, C1, C2, C3)...
2026-05-15 20:09:19,184 [pyphi.conf] INFO Process-9: PyPhi v1.2.0
2026-05-15 20:09:19,184 [pyphi.conf] INFO Process-9: Using default configuration (no configuration file provided)
2026-05-15 20:09:19,185 [pyphi.conf] INFO Process-9: Current PyPhi configuration:
 { 'ASSUME_CUTS_CANNOT_CREATE_NEW_CONCEPTS': False,
  'CACHE_POTENTIAL_PURVIEWS': True,
  'CACHE_REPERTOIRES': True,
  'CACHE_SIAS': False,
  'CACHING_BACKEND': 'fs',
  'CLEAR_SUBSYSTEM_CACHES_AFTER_COMPUTING_SIA': False,
  'CUT_ONE_APPROXIMATION': False,
  'FS_CACHE_DIRECTORY': '__pyphi_cache__',
  'FS_CACHE_VERBOSITY': 0,
  'LOG_FILE': 'pyphi.log',
  'LOG_FILE_LEVEL': 'INFO',
  'LOG_STDOUT_LEVEL': 'WARNING',
  'MAXIMUM_CACHE_MEMORY_PERCENTAGE': 50,
  'MEASURE': 'EMD',
  'MONGODB_CONFIG': { 'collection_name': 'cache',
                      'database_name': 'pyphi',
                      'host': 'localhost',
                      'port': 27017},
  'NUMBER_OF_CORES': -1,
  'PARALLEL_COMPLEX_EVALUATION': False,
  'PARALLEL_CONCEPT_EVALUATION': False,
  'PARALLEL_CUT_EVALUATION': True,
  'PARTITION_TYPE': 'BI',
  'PICK_SMALLEST_PURVIEW': False,
  'PRECISION': 6,
  'PRINT_FRACTIONS': True,
  'PROGRESS_BARS': True,
  'REDIS_CACHE': False,
  'REDIS_CONFIG': {'db': 0, 'host': 'localhost', 'port': 6379, 'test_db': 1},
  'REPR_VERBOSITY': 2,
  'SINGLE_MICRO_NODES_WITH_SELFLOOPS_HAVE_PHI': False,
  'SYSTEM_CUTS': '3.0_STYLE',
  'USE_SMALL_PHI_DIFFERENCE_FOR_CES_DISTANCE': False,
  'VALIDATE_CONDITIONAL_INDEPENDENCE': True,
  'VALIDATE_SUBSYSTEM_STATES': True,
  'WELCOME_OFF': False}
2026-05-15 20:09:26,009 [pyphi.conf] INFO Process-10: PyPhi v1.2.0
2026-05-15 20:09:26,010 [pyphi.conf] INFO Process-10: Using default configuration (no configuration file provided)
2026-05-15 20:09:26,010 [pyphi.conf] INFO Process-10: Current PyPhi configuration:
 { 'ASSUME_CUTS_CANNOT_CREATE_NEW_CONCEPTS': False,
  'CACHE_POTENTIAL_PURVIEWS': True,
  'CACHE_REPERTOIRES': True,
  'CACHE_SIAS': False,
  'CACHING_BACKEND': 'fs',
  'CLEAR_SUBSYSTEM_CACHES_AFTER_COMPUTING_SIA': False,
  'CUT_ONE_APPROXIMATION': False,
  'FS_CACHE_DIRECTORY': '__pyphi_cache__',
  'FS_CACHE_VERBOSITY': 0,
  'LOG_FILE': 'pyphi.log',
  'LOG_FILE_LEVEL': 'INFO',
  'LOG_STDOUT_LEVEL': 'WARNING',
  'MAXIMUM_CACHE_MEMORY_PERCENTAGE': 50,
  'MEASURE': 'EMD',
  'MONGODB_CONFIG': { 'collection_name': 'cache',
                      'database_name': 'pyphi',
                      'host': 'localhost',
                      'port': 27017},
  'NUMBER_OF_CORES': -1,
  'PARALLEL_COMPLEX_EVALUATION': False,
  'PARALLEL_CONCEPT_EVALUATION': False,
  'PARALLEL_CUT_EVALUATION': True,
  'PARTITION_TYPE': 'BI',
  'PICK_SMALLEST_PURVIEW': False,
  'PRECISION': 6,
  'PRINT_FRACTIONS': True,
  'PROGRESS_BARS': True,
  'REDIS_CACHE': False,
  'REDIS_CONFIG': {'db': 0, 'host': 'localhost', 'port': 6379, 'test_db': 1},
  'REPR_VERBOSITY': 2,
  'SINGLE_MICRO_NODES_WITH_SELFLOOPS_HAVE_PHI': False,
  'SYSTEM_CUTS': '3.0_STYLE',
  'USE_SMALL_PHI_DIFFERENCE_FOR_CES_DISTANCE': False,
  'VALIDATE_CONDITIONAL_INDEPENDENCE': True,
  'VALIDATE_SUBSYSTEM_STATES': True,
  'WELCOME_OFF': False}
2026-05-15 20:09:36,152 [pyphi.compute.subsystem] INFO MainProcess: Finished calculating big-phi data for Subsystem(C0, C1, C2, C3).
2026-05-15 20:09:36,207 [pyphi.compute.subsystem] INFO MainProcess: Calculating big-phi data for Subsystem(C0, C1, C2, C3)...
2026-05-15 20:09:37,940 [pyphi.conf] INFO Process-11: PyPhi v1.2.0
2026-05-15 20:09:37,941 [pyphi.conf] INFO Process-11: Using default configuration (no configuration file provided)
2026-05-15 20:09:37,941 [pyphi.conf] INFO Process-11: Current PyPhi configuration:
 { 'ASSUME_CUTS_CANNOT_CREATE_NEW_CONCEPTS': False,
  'CACHE_POTENTIAL_PURVIEWS': True,
  'CACHE_REPERTOIRES': True,
  'CACHE_SIAS': False,
  'CACHING_BACKEND': 'fs',
  'CLEAR_SUBSYSTEM_CACHES_AFTER_COMPUTING_SIA': False,
  'CUT_ONE_APPROXIMATION': False,
  'FS_CACHE_DIRECTORY': '__pyphi_cache__',
  'FS_CACHE_VERBOSITY': 0,
  'LOG_FILE': 'pyphi.log',
  'LOG_FILE_LEVEL': 'INFO',
  'LOG_STDOUT_LEVEL': 'WARNING',
  'MAXIMUM_CACHE_MEMORY_PERCENTAGE': 50,
  'MEASURE': 'EMD',
  'MONGODB_CONFIG': { 'collection_name': 'cache',
                      'database_name': 'pyphi',
                      'host': 'localhost',
                      'port': 27017},
  'NUMBER_OF_CORES': -1,
  'PARALLEL_COMPLEX_EVALUATION': False,
  'PARALLEL_CONCEPT_EVALUATION': False,
  'PARALLEL_CUT_EVALUATION': True,
  'PARTITION_TYPE': 'BI',
  'PICK_SMALLEST_PURVIEW': False,
  'PRECISION': 6,
  'PRINT_FRACTIONS': True,
  'PROGRESS_BARS': True,
  'REDIS_CACHE': False,
  'REDIS_CONFIG': {'db': 0, 'host': 'localhost', 'port': 6379, 'test_db': 1},
  'REPR_VERBOSITY': 2,
  'SINGLE_MICRO_NODES_WITH_SELFLOOPS_HAVE_PHI': False,
  'SYSTEM_CUTS': '3.0_STYLE',
  'USE_SMALL_PHI_DIFFERENCE_FOR_CES_DISTANCE': False,
  'VALIDATE_CONDITIONAL_INDEPENDENCE': True,
  'VALIDATE_SUBSYSTEM_STATES': True,
  'WELCOME_OFF': False}
2026-05-15 20:09:44,980 [pyphi.conf] INFO Process-12: PyPhi v1.2.0
2026-05-15 20:09:44,980 [pyphi.conf] INFO Process-12: Using default configuration (no configuration file provided)
2026-05-15 20:09:44,981 [pyphi.conf] INFO Process-12: Current PyPhi configuration:
 { 'ASSUME_CUTS_CANNOT_CREATE_NEW_CONCEPTS': False,
  'CACHE_POTENTIAL_PURVIEWS': True,
  'CACHE_REPERTOIRES': True,
  'CACHE_SIAS': False,
  'CACHING_BACKEND': 'fs',
  'CLEAR_SUBSYSTEM_CACHES_AFTER_COMPUTING_SIA': False,
  'CUT_ONE_APPROXIMATION': False,
  'FS_CACHE_DIRECTORY': '__pyphi_cache__',
  'FS_CACHE_VERBOSITY': 0,
  'LOG_FILE': 'pyphi.log',
  'LOG_FILE_LEVEL': 'INFO',
  'LOG_STDOUT_LEVEL': 'WARNING',
  'MAXIMUM_CACHE_MEMORY_PERCENTAGE': 50,
  'MEASURE': 'EMD',
  'MONGODB_CONFIG': { 'collection_name': 'cache',
                      'database_name': 'pyphi',
                      'host': 'localhost',
                      'port': 27017},
  'NUMBER_OF_CORES': -1,
  'PARALLEL_COMPLEX_EVALUATION': False,
  'PARALLEL_CONCEPT_EVALUATION': False,
  'PARALLEL_CUT_EVALUATION': True,
  'PARTITION_TYPE': 'BI',
  'PICK_SMALLEST_PURVIEW': False,
  'PRECISION': 6,
  'PRINT_FRACTIONS': True,
  'PROGRESS_BARS': True,
  'REDIS_CACHE': False,
  'REDIS_CONFIG': {'db': 0, 'host': 'localhost', 'port': 6379, 'test_db': 1},
  'REPR_VERBOSITY': 2,
  'SINGLE_MICRO_NODES_WITH_SELFLOOPS_HAVE_PHI': False,
  'SYSTEM_CUTS': '3.0_STYLE',
  'USE_SMALL_PHI_DIFFERENCE_FOR_CES_DISTANCE': False,
  'VALIDATE_CONDITIONAL_INDEPENDENCE': True,
  'VALIDATE_SUBSYSTEM_STATES': True,
  'WELCOME_OFF': False}
2026-05-15 20:09:54,948 [pyphi.compute.subsystem] INFO MainProcess: Finished calculating big-phi data for Subsystem(C0, C1, C2, C3).
2026-05-15 20:09:55,019 [pyphi.compute.subsystem] INFO MainProcess: Calculating big-phi data for Subsystem(C0, C1, C2, C3, C4)...
2026-05-15 20:09:56,737 [pyphi.conf] INFO Process-13: PyPhi v1.2.0
2026-05-15 20:09:56,737 [pyphi.conf] INFO Process-13: Using default configuration (no configuration file provided)
2026-05-15 20:09:56,738 [pyphi.conf] INFO Process-13: Current PyPhi configuration:
 { 'ASSUME_CUTS_CANNOT_CREATE_NEW_CONCEPTS': False,
  'CACHE_POTENTIAL_PURVIEWS': True,
  'CACHE_REPERTOIRES': True,
  'CACHE_SIAS': False,
  'CACHING_BACKEND': 'fs',
  'CLEAR_SUBSYSTEM_CACHES_AFTER_COMPUTING_SIA': False,
  'CUT_ONE_APPROXIMATION': False,
  'FS_CACHE_DIRECTORY': '__pyphi_cache__',
  'FS_CACHE_VERBOSITY': 0,
  'LOG_FILE': 'pyphi.log',
  'LOG_FILE_LEVEL': 'INFO',
  'LOG_STDOUT_LEVEL': 'WARNING',
  'MAXIMUM_CACHE_MEMORY_PERCENTAGE': 50,
  'MEASURE': 'EMD',
  'MONGODB_CONFIG': { 'collection_name': 'cache',
                      'database_name': 'pyphi',
                      'host': 'localhost',
                      'port': 27017},
  'NUMBER_OF_CORES': -1,
  'PARALLEL_COMPLEX_EVALUATION': False,
  'PARALLEL_CONCEPT_EVALUATION': False,
  'PARALLEL_CUT_EVALUATION': True,
  'PARTITION_TYPE': 'BI',
  'PICK_SMALLEST_PURVIEW': False,
  'PRECISION': 6,
  'PRINT_FRACTIONS': True,
  'PROGRESS_BARS': True,
  'REDIS_CACHE': False,
  'REDIS_CONFIG': {'db': 0, 'host': 'localhost', 'port': 6379, 'test_db': 1},
  'REPR_VERBOSITY': 2,
  'SINGLE_MICRO_NODES_WITH_SELFLOOPS_HAVE_PHI': False,
  'SYSTEM_CUTS': '3.0_STYLE',
  'USE_SMALL_PHI_DIFFERENCE_FOR_CES_DISTANCE': False,
  'VALIDATE_CONDITIONAL_INDEPENDENCE': True,
  'VALIDATE_SUBSYSTEM_STATES': True,
  'WELCOME_OFF': False}
2026-05-15 20:10:10,834 [pyphi.conf] INFO Process-14: PyPhi v1.2.0
2026-05-15 20:10:10,834 [pyphi.conf] INFO Process-14: Using default configuration (no configuration file provided)
2026-05-15 20:10:10,835 [pyphi.conf] INFO Process-14: Current PyPhi configuration:
 { 'ASSUME_CUTS_CANNOT_CREATE_NEW_CONCEPTS': False,
  'CACHE_POTENTIAL_PURVIEWS': True,
  'CACHE_REPERTOIRES': True,
  'CACHE_SIAS': False,
  'CACHING_BACKEND': 'fs',
  'CLEAR_SUBSYSTEM_CACHES_AFTER_COMPUTING_SIA': False,
  'CUT_ONE_APPROXIMATION': False,
  'FS_CACHE_DIRECTORY': '__pyphi_cache__',
  'FS_CACHE_VERBOSITY': 0,
  'LOG_FILE': 'pyphi.log',
  'LOG_FILE_LEVEL': 'INFO',
  'LOG_STDOUT_LEVEL': 'WARNING',
  'MAXIMUM_CACHE_MEMORY_PERCENTAGE': 50,
  'MEASURE': 'EMD',
  'MONGODB_CONFIG': { 'collection_name': 'cache',
                      'database_name': 'pyphi',
                      'host': 'localhost',
                      'port': 27017},
  'NUMBER_OF_CORES': -1,
  'PARALLEL_COMPLEX_EVALUATION': False,
  'PARALLEL_CONCEPT_EVALUATION': False,
  'PARALLEL_CUT_EVALUATION': True,
  'PARTITION_TYPE': 'BI',
  'PICK_SMALLEST_PURVIEW': False,
  'PRECISION': 6,
  'PRINT_FRACTIONS': True,
  'PROGRESS_BARS': True,
  'REDIS_CACHE': False,
  'REDIS_CONFIG': {'db': 0, 'host': 'localhost', 'port': 6379, 'test_db': 1},
  'REPR_VERBOSITY': 2,
  'SINGLE_MICRO_NODES_WITH_SELFLOOPS_HAVE_PHI': False,
  'SYSTEM_CUTS': '3.0_STYLE',
  'USE_SMALL_PHI_DIFFERENCE_FOR_CES_DISTANCE': False,
  'VALIDATE_CONDITIONAL_INDEPENDENCE': True,
  'VALIDATE_SUBSYSTEM_STATES': True,
  'WELCOME_OFF': False}
2026-05-15 20:12:31,639 [pyphi.compute.subsystem] INFO MainProcess: Finished calculating big-phi data for Subsystem(C0, C1, C2, C3, C4).
2026-05-15 20:12:31,692 [pyphi.compute.subsystem] INFO MainProcess: Calculating big-phi data for Subsystem(C0, C1, C2, C3, C4)...
2026-05-15 20:12:33,356 [pyphi.conf] INFO Process-15: PyPhi v1.2.0
2026-05-15 20:12:33,356 [pyphi.conf] INFO Process-15: Using default configuration (no configuration file provided)
2026-05-15 20:12:33,356 [pyphi.conf] INFO Process-15: Current PyPhi configuration:
 { 'ASSUME_CUTS_CANNOT_CREATE_NEW_CONCEPTS': False,
  'CACHE_POTENTIAL_PURVIEWS': True,
  'CACHE_REPERTOIRES': True,
  'CACHE_SIAS': False,
  'CACHING_BACKEND': 'fs',
  'CLEAR_SUBSYSTEM_CACHES_AFTER_COMPUTING_SIA': False,
  'CUT_ONE_APPROXIMATION': False,
  'FS_CACHE_DIRECTORY': '__pyphi_cache__',
  'FS_CACHE_VERBOSITY': 0,
  'LOG_FILE': 'pyphi.log',
  'LOG_FILE_LEVEL': 'INFO',
  'LOG_STDOUT_LEVEL': 'WARNING',
  'MAXIMUM_CACHE_MEMORY_PERCENTAGE': 50,
  'MEASURE': 'EMD',
  'MONGODB_CONFIG': { 'collection_name': 'cache',
                      'database_name': 'pyphi',
                      'host': 'localhost',
                      'port': 27017},
  'NUMBER_OF_CORES': -1,
  'PARALLEL_COMPLEX_EVALUATION': False,
  'PARALLEL_CONCEPT_EVALUATION': False,
  'PARALLEL_CUT_EVALUATION': True,
  'PARTITION_TYPE': 'BI',
  'PICK_SMALLEST_PURVIEW': False,
  'PRECISION': 6,
  'PRINT_FRACTIONS': True,
  'PROGRESS_BARS': True,
  'REDIS_CACHE': False,
  'REDIS_CONFIG': {'db': 0, 'host': 'localhost', 'port': 6379, 'test_db': 1},
  'REPR_VERBOSITY': 2,
  'SINGLE_MICRO_NODES_WITH_SELFLOOPS_HAVE_PHI': False,
  'SYSTEM_CUTS': '3.0_STYLE',
  'USE_SMALL_PHI_DIFFERENCE_FOR_CES_DISTANCE': False,
  'VALIDATE_CONDITIONAL_INDEPENDENCE': True,
  'VALIDATE_SUBSYSTEM_STATES': True,
  'WELCOME_OFF': False}
2026-05-15 20:12:47,330 [pyphi.conf] INFO Process-16: PyPhi v1.2.0
2026-05-15 20:12:47,331 [pyphi.conf] INFO Process-16: Using default configuration (no configuration file provided)
2026-05-15 20:12:47,331 [pyphi.conf] INFO Process-16: Current PyPhi configuration:
 { 'ASSUME_CUTS_CANNOT_CREATE_NEW_CONCEPTS': False,
  'CACHE_POTENTIAL_PURVIEWS': True,
  'CACHE_REPERTOIRES': True,
  'CACHE_SIAS': False,
  'CACHING_BACKEND': 'fs',
  'CLEAR_SUBSYSTEM_CACHES_AFTER_COMPUTING_SIA': False,
  'CUT_ONE_APPROXIMATION': False,
  'FS_CACHE_DIRECTORY': '__pyphi_cache__',
  'FS_CACHE_VERBOSITY': 0,
  'LOG_FILE': 'pyphi.log',
  'LOG_FILE_LEVEL': 'INFO',
  'LOG_STDOUT_LEVEL': 'WARNING',
  'MAXIMUM_CACHE_MEMORY_PERCENTAGE': 50,
  'MEASURE': 'EMD',
  'MONGODB_CONFIG': { 'collection_name': 'cache',
                      'database_name': 'pyphi',
                      'host': 'localhost',
                      'port': 27017},
  'NUMBER_OF_CORES': -1,
  'PARALLEL_COMPLEX_EVALUATION': False,
  'PARALLEL_CONCEPT_EVALUATION': False,
  'PARALLEL_CUT_EVALUATION': True,
  'PARTITION_TYPE': 'BI',
  'PICK_SMALLEST_PURVIEW': False,
  'PRECISION': 6,
  'PRINT_FRACTIONS': True,
  'PROGRESS_BARS': True,
  'REDIS_CACHE': False,
  'REDIS_CONFIG': {'db': 0, 'host': 'localhost', 'port': 6379, 'test_db': 1},
  'REPR_VERBOSITY': 2,
  'SINGLE_MICRO_NODES_WITH_SELFLOOPS_HAVE_PHI': False,
  'SYSTEM_CUTS': '3.0_STYLE',
  'USE_SMALL_PHI_DIFFERENCE_FOR_CES_DISTANCE': False,
  'VALIDATE_CONDITIONAL_INDEPENDENCE': True,
  'VALIDATE_SUBSYSTEM_STATES': True,
  'WELCOME_OFF': False}
2026-05-15 20:15:38,955 [pyphi.compute.subsystem] INFO MainProcess: Finished calculating big-phi data for Subsystem(C0, C1, C2, C3, C4).
2026-05-15 20:15:39,027 [pyphi.compute.subsystem] INFO MainProcess: Calculating big-phi data for Subsystem(C0, C1, C2, C3, C4)...
2026-05-15 20:15:41,361 [pyphi.conf] INFO Process-17: PyPhi v1.2.0
2026-05-15 20:15:41,362 [pyphi.conf] INFO Process-17: Using default configuration (no configuration file provided)
2026-05-15 20:15:41,363 [pyphi.conf] INFO Process-17: Current PyPhi configuration:
 { 'ASSUME_CUTS_CANNOT_CREATE_NEW_CONCEPTS': False,
  'CACHE_POTENTIAL_PURVIEWS': True,
  'CACHE_REPERTOIRES': True,
  'CACHE_SIAS': False,
  'CACHING_BACKEND': 'fs',
  'CLEAR_SUBSYSTEM_CACHES_AFTER_COMPUTING_SIA': False,
  'CUT_ONE_APPROXIMATION': False,
  'FS_CACHE_DIRECTORY': '__pyphi_cache__',
  'FS_CACHE_VERBOSITY': 0,
  'LOG_FILE': 'pyphi.log',
  'LOG_FILE_LEVEL': 'INFO',
  'LOG_STDOUT_LEVEL': 'WARNING',
  'MAXIMUM_CACHE_MEMORY_PERCENTAGE': 50,
  'MEASURE': 'EMD',
  'MONGODB_CONFIG': { 'collection_name': 'cache',
                      'database_name': 'pyphi',
                      'host': 'localhost',
                      'port': 27017},
  'NUMBER_OF_CORES': -1,
  'PARALLEL_COMPLEX_EVALUATION': False,
  'PARALLEL_CONCEPT_EVALUATION': False,
  'PARALLEL_CUT_EVALUATION': True,
  'PARTITION_TYPE': 'BI',
  'PICK_SMALLEST_PURVIEW': False,
  'PRECISION': 6,
  'PRINT_FRACTIONS': True,
  'PROGRESS_BARS': True,
  'REDIS_CACHE': False,
  'REDIS_CONFIG': {'db': 0, 'host': 'localhost', 'port': 6379, 'test_db': 1},
  'REPR_VERBOSITY': 2,
  'SINGLE_MICRO_NODES_WITH_SELFLOOPS_HAVE_PHI': False,
  'SYSTEM_CUTS': '3.0_STYLE',
  'USE_SMALL_PHI_DIFFERENCE_FOR_CES_DISTANCE': False,
  'VALIDATE_CONDITIONAL_INDEPENDENCE': True,
  'VALIDATE_SUBSYSTEM_STATES': True,
  'WELCOME_OFF': False}
2026-05-15 20:16:03,139 [pyphi.conf] INFO Process-18: PyPhi v1.2.0
2026-05-15 20:16:03,139 [pyphi.conf] INFO Process-18: Using default configuration (no configuration file provided)
2026-05-15 20:16:03,140 [pyphi.conf] INFO Process-18: Current PyPhi configuration:
 { 'ASSUME_CUTS_CANNOT_CREATE_NEW_CONCEPTS': False,
  'CACHE_POTENTIAL_PURVIEWS': True,
  'CACHE_REPERTOIRES': True,
  'CACHE_SIAS': False,
  'CACHING_BACKEND': 'fs',
  'CLEAR_SUBSYSTEM_CACHES_AFTER_COMPUTING_SIA': False,
  'CUT_ONE_APPROXIMATION': False,
  'FS_CACHE_DIRECTORY': '__pyphi_cache__',
  'FS_CACHE_VERBOSITY': 0,
  'LOG_FILE': 'pyphi.log',
  'LOG_FILE_LEVEL': 'INFO',
  'LOG_STDOUT_LEVEL': 'WARNING',
  'MAXIMUM_CACHE_MEMORY_PERCENTAGE': 50,
  'MEASURE': 'EMD',
  'MONGODB_CONFIG': { 'collection_name': 'cache',
                      'database_name': 'pyphi',
                      'host': 'localhost',
                      'port': 27017},
  'NUMBER_OF_CORES': -1,
  'PARALLEL_COMPLEX_EVALUATION': False,
  'PARALLEL_CONCEPT_EVALUATION': False,
  'PARALLEL_CUT_EVALUATION': True,
  'PARTITION_TYPE': 'BI',
  'PICK_SMALLEST_PURVIEW': False,
  'PRECISION': 6,
  'PRINT_FRACTIONS': True,
  'PROGRESS_BARS': True,
  'REDIS_CACHE': False,
  'REDIS_CONFIG': {'db': 0, 'host': 'localhost', 'port': 6379, 'test_db': 1},
  'REPR_VERBOSITY': 2,
  'SINGLE_MICRO_NODES_WITH_SELFLOOPS_HAVE_PHI': False,
  'SYSTEM_CUTS': '3.0_STYLE',
  'USE_SMALL_PHI_DIFFERENCE_FOR_CES_DISTANCE': False,
  'VALIDATE_CONDITIONAL_INDEPENDENCE': True,
  'VALIDATE_SUBSYSTEM_STATES': True,
  'WELCOME_OFF': False}
2026-05-15 20:19:05,769 [pyphi.compute.subsystem] INFO MainProcess: Finished calculating big-phi data for Subsystem(C0, C1, C2, C3, C4).
2026-05-16 03:50:23,221 [pyphi.conf] INFO MainProcess: PyPhi v1.2.0
2026-05-16 03:50:23,221 [pyphi.conf] INFO MainProcess: Using default configuration (no configuration file provided)
2026-05-16 03:50:23,222 [pyphi.conf] INFO MainProcess: Current PyPhi configuration:
 { 'ASSUME_CUTS_CANNOT_CREATE_NEW_CONCEPTS': False,
  'CACHE_POTENTIAL_PURVIEWS': True,
  'CACHE_REPERTOIRES': True,
  'CACHE_SIAS': False,
  'CACHING_BACKEND': 'fs',
  'CLEAR_SUBSYSTEM_CACHES_AFTER_COMPUTING_SIA': False,
  'CUT_ONE_APPROXIMATION': False,
  'FS_CACHE_DIRECTORY': '__pyphi_cache__',
  'FS_CACHE_VERBOSITY': 0,
  'LOG_FILE': 'pyphi.log',
  'LOG_FILE_LEVEL': 'INFO',
  'LOG_STDOUT_LEVEL': 'WARNING',
  'MAXIMUM_CACHE_MEMORY_PERCENTAGE': 50,
  'MEASURE': 'EMD',
  'MONGODB_CONFIG': { 'collection_name': 'cache',
                      'database_name': 'pyphi',
                      'host': 'localhost',
                      'port': 27017},
  'NUMBER_OF_CORES': -1,
  'PARALLEL_COMPLEX_EVALUATION': False,
  'PARALLEL_CONCEPT_EVALUATION': False,
  'PARALLEL_CUT_EVALUATION': True,
  'PARTITION_TYPE': 'BI',
  'PICK_SMALLEST_PURVIEW': False,
  'PRECISION': 6,
  'PRINT_FRACTIONS': True,
  'PROGRESS_BARS': True,
  'REDIS_CACHE': False,
  'REDIS_CONFIG': {'db': 0, 'host': 'localhost', 'port': 6379, 'test_db': 1},
  'REPR_VERBOSITY': 2,
  'SINGLE_MICRO_NODES_WITH_SELFLOOPS_HAVE_PHI': False,
  'SYSTEM_CUTS': '3.0_STYLE',
  'USE_SMALL_PHI_DIFFERENCE_FOR_CES_DISTANCE': False,
  'VALIDATE_CONDITIONAL_INDEPENDENCE': True,
  'VALIDATE_SUBSYSTEM_STATES': True,
  'WELCOME_OFF': False}
2026-05-16 03:50:36,435 [pyphi.conf] INFO MainProcess: PyPhi v1.2.0
2026-05-16 03:50:36,435 [pyphi.conf] INFO MainProcess: Using default configuration (no configuration file provided)
2026-05-16 03:50:36,435 [pyphi.conf] INFO MainProcess: Current PyPhi configuration:
 { 'ASSUME_CUTS_CANNOT_CREATE_NEW_CONCEPTS': False,
  'CACHE_POTENTIAL_PURVIEWS': True,
  'CACHE_REPERTOIRES': True,
  'CACHE_SIAS': False,
  'CACHING_BACKEND': 'fs',
  'CLEAR_SUBSYSTEM_CACHES_AFTER_COMPUTING_SIA': False,
  'CUT_ONE_APPROXIMATION': False,
  'FS_CACHE_DIRECTORY': '__pyphi_cache__',
  'FS_CACHE_VERBOSITY': 0,
  'LOG_FILE': 'pyphi.log',
  'LOG_FILE_LEVEL': 'INFO',
  'LOG_STDOUT_LEVEL': 'WARNING',
  'MAXIMUM_CACHE_MEMORY_PERCENTAGE': 50,
  'MEASURE': 'EMD',
  'MONGODB_CONFIG': { 'collection_name': 'cache',
                      'database_name': 'pyphi',
                      'host': 'localhost',
                      'port': 27017},
  'NUMBER_OF_CORES': -1,
  'PARALLEL_COMPLEX_EVALUATION': False,
  'PARALLEL_CONCEPT_EVALUATION': False,
  'PARALLEL_CUT_EVALUATION': True,
  'PARTITION_TYPE': 'BI',
  'PICK_SMALLEST_PURVIEW': False,
  'PRECISION': 6,
  'PRINT_FRACTIONS': True,
  'PROGRESS_BARS': True,
  'REDIS_CACHE': False,
  'REDIS_CONFIG': {'db': 0, 'host': 'localhost', 'port': 6379, 'test_db': 1},
  'REPR_VERBOSITY': 2,
  'SINGLE_MICRO_NODES_WITH_SELFLOOPS_HAVE_PHI': False,
  'SYSTEM_CUTS': '3.0_STYLE',
  'USE_SMALL_PHI_DIFFERENCE_FOR_CES_DISTANCE': False,
  'VALIDATE_CONDITIONAL_INDEPENDENCE': True,
  'VALIDATE_SUBSYSTEM_STATES': True,
  'WELCOME_OFF': False}
2026-05-16 03:52:38,123 [pyphi.conf] INFO MainProcess: PyPhi v1.2.0
2026-05-16 03:52:38,123 [pyphi.conf] INFO MainProcess: Using default configuration (no configuration file provided)
2026-05-16 03:52:38,124 [pyphi.conf] INFO MainProcess: Current PyPhi configuration:
 { 'ASSUME_CUTS_CANNOT_CREATE_NEW_CONCEPTS': False,
  'CACHE_POTENTIAL_PURVIEWS': True,
  'CACHE_REPERTOIRES': True,
  'CACHE_SIAS': False,
  'CACHING_BACKEND': 'fs',
  'CLEAR_SUBSYSTEM_CACHES_AFTER_COMPUTING_SIA': False,
  'CUT_ONE_APPROXIMATION': False,
  'FS_CACHE_DIRECTORY': '__pyphi_cache__',
  'FS_CACHE_VERBOSITY': 0,
  'LOG_FILE': 'pyphi.log',
  'LOG_FILE_LEVEL': 'INFO',
  'LOG_STDOUT_LEVEL': 'WARNING',
  'MAXIMUM_CACHE_MEMORY_PERCENTAGE': 50,
  'MEASURE': 'EMD',
  'MONGODB_CONFIG': { 'collection_name': 'cache',
                      'database_name': 'pyphi',
                      'host': 'localhost',
                      'port': 27017},
  'NUMBER_OF_CORES': -1,
  'PARALLEL_COMPLEX_EVALUATION': False,
  'PARALLEL_CONCEPT_EVALUATION': False,
  'PARALLEL_CUT_EVALUATION': True,
  'PARTITION_TYPE': 'BI',
  'PICK_SMALLEST_PURVIEW': False,
  'PRECISION': 6,
  'PRINT_FRACTIONS': True,
  'PROGRESS_BARS': True,
  'REDIS_CACHE': False,
  'REDIS_CONFIG': {'db': 0, 'host': 'localhost', 'port': 6379, 'test_db': 1},
  'REPR_VERBOSITY': 2,
  'SINGLE_MICRO_NODES_WITH_SELFLOOPS_HAVE_PHI': False,
  'SYSTEM_CUTS': '3.0_STYLE',
  'USE_SMALL_PHI_DIFFERENCE_FOR_CES_DISTANCE': False,
  'VALIDATE_CONDITIONAL_INDEPENDENCE': True,
  'VALIDATE_SUBSYSTEM_STATES': True,
  'WELCOME_OFF': False}
2026-05-16 03:52:40,976 [pyphi.compute.subsystem] INFO MainProcess: Calculating big-phi data for Subsystem(n0, n1, n2, n3)...
2026-05-16 03:52:41,159 [pyphi.conf] INFO Process-1: PyPhi v1.2.0
2026-05-16 03:52:41,159 [pyphi.conf] INFO Process-1: Using default configuration (no configuration file provided)
2026-05-16 03:52:41,159 [pyphi.conf] INFO Process-1: Current PyPhi configuration:
 { 'ASSUME_CUTS_CANNOT_CREATE_NEW_CONCEPTS': False,
  'CACHE_POTENTIAL_PURVIEWS': True,
  'CACHE_REPERTOIRES': True,
  'CACHE_SIAS': False,
  'CACHING_BACKEND': 'fs',
  'CLEAR_SUBSYSTEM_CACHES_AFTER_COMPUTING_SIA': False,
  'CUT_ONE_APPROXIMATION': False,
  'FS_CACHE_DIRECTORY': '__pyphi_cache__',
  'FS_CACHE_VERBOSITY': 0,
  'LOG_FILE': 'pyphi.log',
  'LOG_FILE_LEVEL': 'INFO',
  'LOG_STDOUT_LEVEL': 'WARNING',
  'MAXIMUM_CACHE_MEMORY_PERCENTAGE': 50,
  'MEASURE': 'EMD',
  'MONGODB_CONFIG': { 'collection_name': 'cache',
                      'database_name': 'pyphi',
                      'host': 'localhost',
                      'port': 27017},
  'NUMBER_OF_CORES': -1,
  'PARALLEL_COMPLEX_EVALUATION': False,
  'PARALLEL_CONCEPT_EVALUATION': False,
  'PARALLEL_CUT_EVALUATION': True,
  'PARTITION_TYPE': 'BI',
  'PICK_SMALLEST_PURVIEW': False,
  'PRECISION': 6,
  'PRINT_FRACTIONS': True,
  'PROGRESS_BARS': True,
  'REDIS_CACHE': False,
  'REDIS_CONFIG': {'db': 0, 'host': 'localhost', 'port': 6379, 'test_db': 1},
  'REPR_VERBOSITY': 2,
  'SINGLE_MICRO_NODES_WITH_SELFLOOPS_HAVE_PHI': False,
  'SYSTEM_CUTS': '3.0_STYLE',
  'USE_SMALL_PHI_DIFFERENCE_FOR_CES_DISTANCE': False,
  'VALIDATE_CONDITIONAL_INDEPENDENCE': True,
  'VALIDATE_SUBSYSTEM_STATES': True,
  'WELCOME_OFF': False}
2026-05-16 03:52:44,859 [pyphi.conf] INFO Process-2: PyPhi v1.2.0
2026-05-16 03:52:44,860 [pyphi.conf] INFO Process-2: Using default configuration (no configuration file provided)
2026-05-16 03:52:44,860 [pyphi.conf] INFO Process-2: Current PyPhi configuration:
 { 'ASSUME_CUTS_CANNOT_CREATE_NEW_CONCEPTS': False,
  'CACHE_POTENTIAL_PURVIEWS': True,
  'CACHE_REPERTOIRES': True,
  'CACHE_SIAS': False,
  'CACHING_BACKEND': 'fs',
  'CLEAR_SUBSYSTEM_CACHES_AFTER_COMPUTING_SIA': False,
  'CUT_ONE_APPROXIMATION': False,
  'FS_CACHE_DIRECTORY': '__pyphi_cache__',
  'FS_CACHE_VERBOSITY': 0,
  'LOG_FILE': 'pyphi.log',
  'LOG_FILE_LEVEL': 'INFO',
  'LOG_STDOUT_LEVEL': 'WARNING',
  'MAXIMUM_CACHE_MEMORY_PERCENTAGE': 50,
  'MEASURE': 'EMD',
  'MONGODB_CONFIG': { 'collection_name': 'cache',
                      'database_name': 'pyphi',
                      'host': 'localhost',
                      'port': 27017},
  'NUMBER_OF_CORES': -1,
  'PARALLEL_COMPLEX_EVALUATION': False,
  'PARALLEL_CONCEPT_EVALUATION': False,
  'PARALLEL_CUT_EVALUATION': True,
  'PARTITION_TYPE': 'BI',
  'PICK_SMALLEST_PURVIEW': False,
  'PRECISION': 6,
  'PRINT_FRACTIONS': True,
  'PROGRESS_BARS': True,
  'REDIS_CACHE': False,
  'REDIS_CONFIG': {'db': 0, 'host': 'localhost', 'port': 6379, 'test_db': 1},
  'REPR_VERBOSITY': 2,
  'SINGLE_MICRO_NODES_WITH_SELFLOOPS_HAVE_PHI': False,
  'SYSTEM_CUTS': '3.0_STYLE',
  'USE_SMALL_PHI_DIFFERENCE_FOR_CES_DISTANCE': False,
  'VALIDATE_CONDITIONAL_INDEPENDENCE': True,
  'VALIDATE_SUBSYSTEM_STATES': True,
  'WELCOME_OFF': False}
2026-05-16 03:52:51,320 [pyphi.compute.subsystem] INFO MainProcess: Finished calculating big-phi data for Subsystem(n0, n1, n2, n3).
2026-05-16 03:52:51,321 [pyphi.compute.subsystem] INFO MainProcess: Calculating big-phi data for Subsystem(n0, n1, n2, n3)...
2026-05-16 03:52:51,482 [pyphi.conf] INFO Process-3: PyPhi v1.2.0
2026-05-16 03:52:51,482 [pyphi.conf] INFO Process-3: Using default configuration (no configuration file provided)
2026-05-16 03:52:51,482 [pyphi.conf] INFO Process-3: Current PyPhi configuration:
 { 'ASSUME_CUTS_CANNOT_CREATE_NEW_CONCEPTS': False,
  'CACHE_POTENTIAL_PURVIEWS': True,
  'CACHE_REPERTOIRES': True,
  'CACHE_SIAS': False,
  'CACHING_BACKEND': 'fs',
  'CLEAR_SUBSYSTEM_CACHES_AFTER_COMPUTING_SIA': False,
  'CUT_ONE_APPROXIMATION': False,
  'FS_CACHE_DIRECTORY': '__pyphi_cache__',
  'FS_CACHE_VERBOSITY': 0,
  'LOG_FILE': 'pyphi.log',
  'LOG_FILE_LEVEL': 'INFO',
  'LOG_STDOUT_LEVEL': 'WARNING',
  'MAXIMUM_CACHE_MEMORY_PERCENTAGE': 50,
  'MEASURE': 'EMD',
  'MONGODB_CONFIG': { 'collection_name': 'cache',
                      'database_name': 'pyphi',
                      'host': 'localhost',
                      'port': 27017},
  'NUMBER_OF_CORES': -1,
  'PARALLEL_COMPLEX_EVALUATION': False,
  'PARALLEL_CONCEPT_EVALUATION': False,
  'PARALLEL_CUT_EVALUATION': True,
  'PARTITION_TYPE': 'BI',
  'PICK_SMALLEST_PURVIEW': False,
  'PRECISION': 6,
  'PRINT_FRACTIONS': True,
  'PROGRESS_BARS': True,
  'REDIS_CACHE': False,
  'REDIS_CONFIG': {'db': 0, 'host': 'localhost', 'port': 6379, 'test_db': 1},
  'REPR_VERBOSITY': 2,
  'SINGLE_MICRO_NODES_WITH_SELFLOOPS_HAVE_PHI': False,
  'SYSTEM_CUTS': '3.0_STYLE',
  'USE_SMALL_PHI_DIFFERENCE_FOR_CES_DISTANCE': False,
  'VALIDATE_CONDITIONAL_INDEPENDENCE': True,
  'VALIDATE_SUBSYSTEM_STATES': True,
  'WELCOME_OFF': False}
2026-05-16 03:52:55,118 [pyphi.conf] INFO Process-4: PyPhi v1.2.0
2026-05-16 03:52:55,118 [pyphi.conf] INFO Process-4: Using default configuration (no configuration file provided)
2026-05-16 03:52:55,118 [pyphi.conf] INFO Process-4: Current PyPhi configuration:
 { 'ASSUME_CUTS_CANNOT_CREATE_NEW_CONCEPTS': False,
  'CACHE_POTENTIAL_PURVIEWS': True,
  'CACHE_REPERTOIRES': True,
  'CACHE_SIAS': False,
  'CACHING_BACKEND': 'fs',
  'CLEAR_SUBSYSTEM_CACHES_AFTER_COMPUTING_SIA': False,
  'CUT_ONE_APPROXIMATION': False,
  'FS_CACHE_DIRECTORY': '__pyphi_cache__',
  'FS_CACHE_VERBOSITY': 0,
  'LOG_FILE': 'pyphi.log',
  'LOG_FILE_LEVEL': 'INFO',
  'LOG_STDOUT_LEVEL': 'WARNING',
  'MAXIMUM_CACHE_MEMORY_PERCENTAGE': 50,
  'MEASURE': 'EMD',
  'MONGODB_CONFIG': { 'collection_name': 'cache',
                      'database_name': 'pyphi',
                      'host': 'localhost',
                      'port': 27017},
  'NUMBER_OF_CORES': -1,
  'PARALLEL_COMPLEX_EVALUATION': False,
  'PARALLEL_CONCEPT_EVALUATION': False,
  'PARALLEL_CUT_EVALUATION': True,
  'PARTITION_TYPE': 'BI',
  'PICK_SMALLEST_PURVIEW': False,
  'PRECISION': 6,
  'PRINT_FRACTIONS': True,
  'PROGRESS_BARS': True,
  'REDIS_CACHE': False,
  'REDIS_CONFIG': {'db': 0, 'host': 'localhost', 'port': 6379, 'test_db': 1},
  'REPR_VERBOSITY': 2,
  'SINGLE_MICRO_NODES_WITH_SELFLOOPS_HAVE_PHI': False,
  'SYSTEM_CUTS': '3.0_STYLE',
  'USE_SMALL_PHI_DIFFERENCE_FOR_CES_DISTANCE': False,
  'VALIDATE_CONDITIONAL_INDEPENDENCE': True,
  'VALIDATE_SUBSYSTEM_STATES': True,
  'WELCOME_OFF': False}
2026-05-16 03:53:01,200 [pyphi.compute.subsystem] INFO MainProcess: Finished calculating big-phi data for Subsystem(n0, n1, n2, n3).
2026-05-16 03:53:01,201 [pyphi.compute.subsystem] INFO MainProcess: Calculating big-phi data for Subsystem(n0, n1, n2, n3)...
2026-05-16 03:53:01,345 [pyphi.conf] INFO Process-5: PyPhi v1.2.0
2026-05-16 03:53:01,345 [pyphi.conf] INFO Process-5: Using default configuration (no configuration file provided)
2026-05-16 03:53:01,346 [pyphi.conf] INFO Process-5: Current PyPhi configuration:
 { 'ASSUME_CUTS_CANNOT_CREATE_NEW_CONCEPTS': False,
  'CACHE_POTENTIAL_PURVIEWS': True,
  'CACHE_REPERTOIRES': True,
  'CACHE_SIAS': False,
  'CACHING_BACKEND': 'fs',
  'CLEAR_SUBSYSTEM_CACHES_AFTER_COMPUTING_SIA': False,
  'CUT_ONE_APPROXIMATION': False,
  'FS_CACHE_DIRECTORY': '__pyphi_cache__',
  'FS_CACHE_VERBOSITY': 0,
  'LOG_FILE': 'pyphi.log',
  'LOG_FILE_LEVEL': 'INFO',
  'LOG_STDOUT_LEVEL': 'WARNING',
  'MAXIMUM_CACHE_MEMORY_PERCENTAGE': 50,
  'MEASURE': 'EMD',
  'MONGODB_CONFIG': { 'collection_name': 'cache',
                      'database_name': 'pyphi',
                      'host': 'localhost',
                      'port': 27017},
  'NUMBER_OF_CORES': -1,
  'PARALLEL_COMPLEX_EVALUATION': False,
  'PARALLEL_CONCEPT_EVALUATION': False,
  'PARALLEL_CUT_EVALUATION': True,
  'PARTITION_TYPE': 'BI',
  'PICK_SMALLEST_PURVIEW': False,
  'PRECISION': 6,
  'PRINT_FRACTIONS': True,
  'PROGRESS_BARS': True,
  'REDIS_CACHE': False,
  'REDIS_CONFIG': {'db': 0, 'host': 'localhost', 'port': 6379, 'test_db': 1},
  'REPR_VERBOSITY': 2,
  'SINGLE_MICRO_NODES_WITH_SELFLOOPS_HAVE_PHI': False,
  'SYSTEM_CUTS': '3.0_STYLE',
  'USE_SMALL_PHI_DIFFERENCE_FOR_CES_DISTANCE': False,
  'VALIDATE_CONDITIONAL_INDEPENDENCE': True,
  'VALIDATE_SUBSYSTEM_STATES': True,
  'WELCOME_OFF': False}
2026-05-16 03:53:05,247 [pyphi.conf] INFO Process-6: PyPhi v1.2.0
2026-05-16 03:53:05,247 [pyphi.conf] INFO Process-6: Using default configuration (no configuration file provided)
2026-05-16 03:53:05,247 [pyphi.conf] INFO Process-6: Current PyPhi configuration:
 { 'ASSUME_CUTS_CANNOT_CREATE_NEW_CONCEPTS': False,
  'CACHE_POTENTIAL_PURVIEWS': True,
  'CACHE_REPERTOIRES': True,
  'CACHE_SIAS': False,
  'CACHING_BACKEND': 'fs',
  'CLEAR_SUBSYSTEM_CACHES_AFTER_COMPUTING_SIA': False,
  'CUT_ONE_APPROXIMATION': False,
  'FS_CACHE_DIRECTORY': '__pyphi_cache__',
  'FS_CACHE_VERBOSITY': 0,
  'LOG_FILE': 'pyphi.log',
  'LOG_FILE_LEVEL': 'INFO',
  'LOG_STDOUT_LEVEL': 'WARNING',
  'MAXIMUM_CACHE_MEMORY_PERCENTAGE': 50,
  'MEASURE': 'EMD',
  'MONGODB_CONFIG': { 'collection_name': 'cache',
                      'database_name': 'pyphi',
                      'host': 'localhost',
                      'port': 27017},
  'NUMBER_OF_CORES': -1,
  'PARALLEL_COMPLEX_EVALUATION': False,
  'PARALLEL_CONCEPT_EVALUATION': False,
  'PARALLEL_CUT_EVALUATION': True,
  'PARTITION_TYPE': 'BI',
  'PICK_SMALLEST_PURVIEW': False,
  'PRECISION': 6,
  'PRINT_FRACTIONS': True,
  'PROGRESS_BARS': True,
  'REDIS_CACHE': False,
  'REDIS_CONFIG': {'db': 0, 'host': 'localhost', 'port': 6379, 'test_db': 1},
  'REPR_VERBOSITY': 2,
  'SINGLE_MICRO_NODES_WITH_SELFLOOPS_HAVE_PHI': False,
  'SYSTEM_CUTS': '3.0_STYLE',
  'USE_SMALL_PHI_DIFFERENCE_FOR_CES_DISTANCE': False,
  'VALIDATE_CONDITIONAL_INDEPENDENCE': True,
  'VALIDATE_SUBSYSTEM_STATES': True,
  'WELCOME_OFF': False}
2026-05-16 03:53:12,126 [pyphi.compute.subsystem] INFO MainProcess: Finished calculating big-phi data for Subsystem(n0, n1, n2, n3).
2026-05-16 03:53:12,127 [pyphi.compute.subsystem] INFO MainProcess: Calculating big-phi data for Subsystem(n0, n1, n2, n3)...
2026-05-16 03:53:12,281 [pyphi.conf] INFO Process-7: PyPhi v1.2.0
2026-05-16 03:53:12,281 [pyphi.conf] INFO Process-7: Using default configuration (no configuration file provided)
2026-05-16 03:53:12,281 [pyphi.conf] INFO Process-7: Current PyPhi configuration:
 { 'ASSUME_CUTS_CANNOT_CREATE_NEW_CONCEPTS': False,
  'CACHE_POTENTIAL_PURVIEWS': True,
  'CACHE_REPERTOIRES': True,
  'CACHE_SIAS': False,
  'CACHING_BACKEND': 'fs',
  'CLEAR_SUBSYSTEM_CACHES_AFTER_COMPUTING_SIA': False,
  'CUT_ONE_APPROXIMATION': False,
  'FS_CACHE_DIRECTORY': '__pyphi_cache__',
  'FS_CACHE_VERBOSITY': 0,
  'LOG_FILE': 'pyphi.log',
  'LOG_FILE_LEVEL': 'INFO',
  'LOG_STDOUT_LEVEL': 'WARNING',
  'MAXIMUM_CACHE_MEMORY_PERCENTAGE': 50,
  'MEASURE': 'EMD',
  'MONGODB_CONFIG': { 'collection_name': 'cache',
                      'database_name': 'pyphi',
                      'host': 'localhost',
                      'port': 27017},
  'NUMBER_OF_CORES': -1,
  'PARALLEL_COMPLEX_EVALUATION': False,
  'PARALLEL_CONCEPT_EVALUATION': False,
  'PARALLEL_CUT_EVALUATION': True,
  'PARTITION_TYPE': 'BI',
  'PICK_SMALLEST_PURVIEW': False,
  'PRECISION': 6,
  'PRINT_FRACTIONS': True,
  'PROGRESS_BARS': True,
  'REDIS_CACHE': False,
  'REDIS_CONFIG': {'db': 0, 'host': 'localhost', 'port': 6379, 'test_db': 1},
  'REPR_VERBOSITY': 2,
  'SINGLE_MICRO_NODES_WITH_SELFLOOPS_HAVE_PHI': False,
  'SYSTEM_CUTS': '3.0_STYLE',
  'USE_SMALL_PHI_DIFFERENCE_FOR_CES_DISTANCE': False,
  'VALIDATE_CONDITIONAL_INDEPENDENCE': True,
  'VALIDATE_SUBSYSTEM_STATES': True,
  'WELCOME_OFF': False}
2026-05-16 03:53:16,106 [pyphi.conf] INFO Process-8: PyPhi v1.2.0
2026-05-16 03:53:16,106 [pyphi.conf] INFO Process-8: Using default configuration (no configuration file provided)
2026-05-16 03:53:16,106 [pyphi.conf] INFO Process-8: Current PyPhi configuration:
 { 'ASSUME_CUTS_CANNOT_CREATE_NEW_CONCEPTS': False,
  'CACHE_POTENTIAL_PURVIEWS': True,
  'CACHE_REPERTOIRES': True,
  'CACHE_SIAS': False,
  'CACHING_BACKEND': 'fs',
  'CLEAR_SUBSYSTEM_CACHES_AFTER_COMPUTING_SIA': False,
  'CUT_ONE_APPROXIMATION': False,
  'FS_CACHE_DIRECTORY': '__pyphi_cache__',
  'FS_CACHE_VERBOSITY': 0,
  'LOG_FILE': 'pyphi.log',
  'LOG_FILE_LEVEL': 'INFO',
  'LOG_STDOUT_LEVEL': 'WARNING',
  'MAXIMUM_CACHE_MEMORY_PERCENTAGE': 50,
  'MEASURE': 'EMD',
  'MONGODB_CONFIG': { 'collection_name': 'cache',
                      'database_name': 'pyphi',
                      'host': 'localhost',
                      'port': 27017},
  'NUMBER_OF_CORES': -1,
  'PARALLEL_COMPLEX_EVALUATION': False,
  'PARALLEL_CONCEPT_EVALUATION': False,
  'PARALLEL_CUT_EVALUATION': True,
  'PARTITION_TYPE': 'BI',
  'PICK_SMALLEST_PURVIEW': False,
  'PRECISION': 6,
  'PRINT_FRACTIONS': True,
  'PROGRESS_BARS': True,
  'REDIS_CACHE': False,
  'REDIS_CONFIG': {'db': 0, 'host': 'localhost', 'port': 6379, 'test_db': 1},
  'REPR_VERBOSITY': 2,
  'SINGLE_MICRO_NODES_WITH_SELFLOOPS_HAVE_PHI': False,
  'SYSTEM_CUTS': '3.0_STYLE',
  'USE_SMALL_PHI_DIFFERENCE_FOR_CES_DISTANCE': False,
  'VALIDATE_CONDITIONAL_INDEPENDENCE': True,
  'VALIDATE_SUBSYSTEM_STATES': True,
  'WELCOME_OFF': False}
2026-05-16 03:53:23,641 [pyphi.compute.subsystem] INFO MainProcess: Finished calculating big-phi data for Subsystem(n0, n1, n2, n3).
2026-05-16 03:53:23,643 [pyphi.compute.subsystem] INFO MainProcess: Calculating big-phi data for Subsystem(n0, n1, n2, n3)...
2026-05-16 03:53:23,824 [pyphi.conf] INFO Process-9: PyPhi v1.2.0
2026-05-16 03:53:23,824 [pyphi.conf] INFO Process-9: Using default configuration (no configuration file provided)
2026-05-16 03:53:23,824 [pyphi.conf] INFO Process-9: Current PyPhi configuration:
 { 'ASSUME_CUTS_CANNOT_CREATE_NEW_CONCEPTS': False,
  'CACHE_POTENTIAL_PURVIEWS': True,
  'CACHE_REPERTOIRES': True,
  'CACHE_SIAS': False,
  'CACHING_BACKEND': 'fs',
  'CLEAR_SUBSYSTEM_CACHES_AFTER_COMPUTING_SIA': False,
  'CUT_ONE_APPROXIMATION': False,
  'FS_CACHE_DIRECTORY': '__pyphi_cache__',
  'FS_CACHE_VERBOSITY': 0,
  'LOG_FILE': 'pyphi.log',
  'LOG_FILE_LEVEL': 'INFO',
  'LOG_STDOUT_LEVEL': 'WARNING',
  'MAXIMUM_CACHE_MEMORY_PERCENTAGE': 50,
  'MEASURE': 'EMD',
  'MONGODB_CONFIG': { 'collection_name': 'cache',
                      'database_name': 'pyphi',
                      'host': 'localhost',
                      'port': 27017},
  'NUMBER_OF_CORES': -1,
  'PARALLEL_COMPLEX_EVALUATION': False,
  'PARALLEL_CONCEPT_EVALUATION': False,
  'PARALLEL_CUT_EVALUATION': True,
  'PARTITION_TYPE': 'BI',
  'PICK_SMALLEST_PURVIEW': False,
  'PRECISION': 6,
  'PRINT_FRACTIONS': True,
  'PROGRESS_BARS': True,
  'REDIS_CACHE': False,
  'REDIS_CONFIG': {'db': 0, 'host': 'localhost', 'port': 6379, 'test_db': 1},
  'REPR_VERBOSITY': 2,
  'SINGLE_MICRO_NODES_WITH_SELFLOOPS_HAVE_PHI': False,
  'SYSTEM_CUTS': '3.0_STYLE',
  'USE_SMALL_PHI_DIFFERENCE_FOR_CES_DISTANCE': False,
  'VALIDATE_CONDITIONAL_INDEPENDENCE': True,
  'VALIDATE_SUBSYSTEM_STATES': True,
  'WELCOME_OFF': False}
2026-05-16 03:53:28,043 [pyphi.conf] INFO Process-10: PyPhi v1.2.0
2026-05-16 03:53:28,043 [pyphi.conf] INFO Process-10: Using default configuration (no configuration file provided)
2026-05-16 03:53:28,043 [pyphi.conf] INFO Process-10: Current PyPhi configuration:
 { 'ASSUME_CUTS_CANNOT_CREATE_NEW_CONCEPTS': False,
  'CACHE_POTENTIAL_PURVIEWS': True,
  'CACHE_REPERTOIRES': True,
  'CACHE_SIAS': False,
  'CACHING_BACKEND': 'fs',
  'CLEAR_SUBSYSTEM_CACHES_AFTER_COMPUTING_SIA': False,
  'CUT_ONE_APPROXIMATION': False,
  'FS_CACHE_DIRECTORY': '__pyphi_cache__',
  'FS_CACHE_VERBOSITY': 0,
  'LOG_FILE': 'pyphi.log',
  'LOG_FILE_LEVEL': 'INFO',
  'LOG_STDOUT_LEVEL': 'WARNING',
  'MAXIMUM_CACHE_MEMORY_PERCENTAGE': 50,
  'MEASURE': 'EMD',
  'MONGODB_CONFIG': { 'collection_name': 'cache',
                      'database_name': 'pyphi',
                      'host': 'localhost',
                      'port': 27017},
  'NUMBER_OF_CORES': -1,
  'PARALLEL_COMPLEX_EVALUATION': False,
  'PARALLEL_CONCEPT_EVALUATION': False,
  'PARALLEL_CUT_EVALUATION': True,
  'PARTITION_TYPE': 'BI',
  'PICK_SMALLEST_PURVIEW': False,
  'PRECISION': 6,
  'PRINT_FRACTIONS': True,
  'PROGRESS_BARS': True,
  'REDIS_CACHE': False,
  'REDIS_CONFIG': {'db': 0, 'host': 'localhost', 'port': 6379, 'test_db': 1},
  'REPR_VERBOSITY': 2,
  'SINGLE_MICRO_NODES_WITH_SELFLOOPS_HAVE_PHI': False,
  'SYSTEM_CUTS': '3.0_STYLE',
  'USE_SMALL_PHI_DIFFERENCE_FOR_CES_DISTANCE': False,
  'VALIDATE_CONDITIONAL_INDEPENDENCE': True,
  'VALIDATE_SUBSYSTEM_STATES': True,
  'WELCOME_OFF': False}
2026-05-16 03:53:35,575 [pyphi.compute.subsystem] INFO MainProcess: Finished calculating big-phi data for Subsystem(n0, n1, n2, n3).
2026-05-16 03:53:35,576 [pyphi.compute.subsystem] INFO MainProcess: Calculating big-phi data for Subsystem(n0, n1, n2, n3)...
2026-05-16 03:53:35,749 [pyphi.conf] INFO Process-11: PyPhi v1.2.0
2026-05-16 03:53:35,750 [pyphi.conf] INFO Process-11: Using default configuration (no configuration file provided)
2026-05-16 03:53:35,750 [pyphi.conf] INFO Process-11: Current PyPhi configuration:
 { 'ASSUME_CUTS_CANNOT_CREATE_NEW_CONCEPTS': False,
  'CACHE_POTENTIAL_PURVIEWS': True,
  'CACHE_REPERTOIRES': True,
  'CACHE_SIAS': False,
  'CACHING_BACKEND': 'fs',
  'CLEAR_SUBSYSTEM_CACHES_AFTER_COMPUTING_SIA': False,
  'CUT_ONE_APPROXIMATION': False,
  'FS_CACHE_DIRECTORY': '__pyphi_cache__',
  'FS_CACHE_VERBOSITY': 0,
  'LOG_FILE': 'pyphi.log',
  'LOG_FILE_LEVEL': 'INFO',
  'LOG_STDOUT_LEVEL': 'WARNING',
  'MAXIMUM_CACHE_MEMORY_PERCENTAGE': 50,
  'MEASURE': 'EMD',
  'MONGODB_CONFIG': { 'collection_name': 'cache',
                      'database_name': 'pyphi',
                      'host': 'localhost',
                      'port': 27017},
  'NUMBER_OF_CORES': -1,
  'PARALLEL_COMPLEX_EVALUATION': False,
  'PARALLEL_CONCEPT_EVALUATION': False,
  'PARALLEL_CUT_EVALUATION': True,
  'PARTITION_TYPE': 'BI',
  'PICK_SMALLEST_PURVIEW': False,
  'PRECISION': 6,
  'PRINT_FRACTIONS': True,
  'PROGRESS_BARS': True,
  'REDIS_CACHE': False,
  'REDIS_CONFIG': {'db': 0, 'host': 'localhost', 'port': 6379, 'test_db': 1},
  'REPR_VERBOSITY': 2,
  'SINGLE_MICRO_NODES_WITH_SELFLOOPS_HAVE_PHI': False,
  'SYSTEM_CUTS': '3.0_STYLE',
  'USE_SMALL_PHI_DIFFERENCE_FOR_CES_DISTANCE': False,
  'VALIDATE_CONDITIONAL_INDEPENDENCE': True,
  'VALIDATE_SUBSYSTEM_STATES': True,
  'WELCOME_OFF': False}
2026-05-16 03:53:39,669 [pyphi.conf] INFO Process-12: PyPhi v1.2.0
2026-05-16 03:53:39,669 [pyphi.conf] INFO Process-12: Using default configuration (no configuration file provided)
2026-05-16 03:53:39,669 [pyphi.conf] INFO Process-12: Current PyPhi configuration:
 { 'ASSUME_CUTS_CANNOT_CREATE_NEW_CONCEPTS': False,
  'CACHE_POTENTIAL_PURVIEWS': True,
  'CACHE_REPERTOIRES': True,
  'CACHE_SIAS': False,
  'CACHING_BACKEND': 'fs',
  'CLEAR_SUBSYSTEM_CACHES_AFTER_COMPUTING_SIA': False,
  'CUT_ONE_APPROXIMATION': False,
  'FS_CACHE_DIRECTORY': '__pyphi_cache__',
  'FS_CACHE_VERBOSITY': 0,
  'LOG_FILE': 'pyphi.log',
  'LOG_FILE_LEVEL': 'INFO',
  'LOG_STDOUT_LEVEL': 'WARNING',
  'MAXIMUM_CACHE_MEMORY_PERCENTAGE': 50,
  'MEASURE': 'EMD',
  'MONGODB_CONFIG': { 'collection_name': 'cache',
                      'database_name': 'pyphi',
                      'host': 'localhost',
                      'port': 27017},
  'NUMBER_OF_CORES': -1,
  'PARALLEL_COMPLEX_EVALUATION': False,
  'PARALLEL_CONCEPT_EVALUATION': False,
  'PARALLEL_CUT_EVALUATION': True,
  'PARTITION_TYPE': 'BI',
  'PICK_SMALLEST_PURVIEW': False,
  'PRECISION': 6,
  'PRINT_FRACTIONS': True,
  'PROGRESS_BARS': True,
  'REDIS_CACHE': False,
  'REDIS_CONFIG': {'db': 0, 'host': 'localhost', 'port': 6379, 'test_db': 1},
  'REPR_VERBOSITY': 2,
  'SINGLE_MICRO_NODES_WITH_SELFLOOPS_HAVE_PHI': False,
  'SYSTEM_CUTS': '3.0_STYLE',
  'USE_SMALL_PHI_DIFFERENCE_FOR_CES_DISTANCE': False,
  'VALIDATE_CONDITIONAL_INDEPENDENCE': True,
  'VALIDATE_SUBSYSTEM_STATES': True,
  'WELCOME_OFF': False}
2026-05-16 03:53:47,094 [pyphi.compute.subsystem] INFO MainProcess: Finished calculating big-phi data for Subsystem(n0, n1, n2, n3).
2026-05-16 03:53:47,095 [pyphi.compute.subsystem] INFO MainProcess: Calculating big-phi data for Subsystem(n0, n1, n2, n3)...
2026-05-16 03:53:47,268 [pyphi.conf] INFO Process-13: PyPhi v1.2.0
2026-05-16 03:53:47,269 [pyphi.conf] INFO Process-13: Using default configuration (no configuration file provided)
2026-05-16 03:53:47,269 [pyphi.conf] INFO Process-13: Current PyPhi configuration:
 { 'ASSUME_CUTS_CANNOT_CREATE_NEW_CONCEPTS': False,
  'CACHE_POTENTIAL_PURVIEWS': True,
  'CACHE_REPERTOIRES': True,
  'CACHE_SIAS': False,
  'CACHING_BACKEND': 'fs',
  'CLEAR_SUBSYSTEM_CACHES_AFTER_COMPUTING_SIA': False,
  'CUT_ONE_APPROXIMATION': False,
  'FS_CACHE_DIRECTORY': '__pyphi_cache__',
  'FS_CACHE_VERBOSITY': 0,
  'LOG_FILE': 'pyphi.log',
  'LOG_FILE_LEVEL': 'INFO',
  'LOG_STDOUT_LEVEL': 'WARNING',
  'MAXIMUM_CACHE_MEMORY_PERCENTAGE': 50,
  'MEASURE': 'EMD',
  'MONGODB_CONFIG': { 'collection_name': 'cache',
                      'database_name': 'pyphi',
                      'host': 'localhost',
                      'port': 27017},
  'NUMBER_OF_CORES': -1,
  'PARALLEL_COMPLEX_EVALUATION': False,
  'PARALLEL_CONCEPT_EVALUATION': False,
  'PARALLEL_CUT_EVALUATION': True,
  'PARTITION_TYPE': 'BI',
  'PICK_SMALLEST_PURVIEW': False,
  'PRECISION': 6,
  'PRINT_FRACTIONS': True,
  'PROGRESS_BARS': True,
  'REDIS_CACHE': False,
  'REDIS_CONFIG': {'db': 0, 'host': 'localhost', 'port': 6379, 'test_db': 1},
  'REPR_VERBOSITY': 2,
  'SINGLE_MICRO_NODES_WITH_SELFLOOPS_HAVE_PHI': False,
  'SYSTEM_CUTS': '3.0_STYLE',
  'USE_SMALL_PHI_DIFFERENCE_FOR_CES_DISTANCE': False,
  'VALIDATE_CONDITIONAL_INDEPENDENCE': True,
  'VALIDATE_SUBSYSTEM_STATES': True,
  'WELCOME_OFF': False}
2026-05-16 03:53:51,497 [pyphi.conf] INFO Process-14: PyPhi v1.2.0
2026-05-16 03:53:51,497 [pyphi.conf] INFO Process-14: Using default configuration (no configuration file provided)
2026-05-16 03:53:51,498 [pyphi.conf] INFO Process-14: Current PyPhi configuration:
 { 'ASSUME_CUTS_CANNOT_CREATE_NEW_CONCEPTS': False,
  'CACHE_POTENTIAL_PURVIEWS': True,
  'CACHE_REPERTOIRES': True,
  'CACHE_SIAS': False,
  'CACHING_BACKEND': 'fs',
  'CLEAR_SUBSYSTEM_CACHES_AFTER_COMPUTING_SIA': False,
  'CUT_ONE_APPROXIMATION': False,
  'FS_CACHE_DIRECTORY': '__pyphi_cache__',
  'FS_CACHE_VERBOSITY': 0,
  'LOG_FILE': 'pyphi.log',
  'LOG_FILE_LEVEL': 'INFO',
  'LOG_STDOUT_LEVEL': 'WARNING',
  'MAXIMUM_CACHE_MEMORY_PERCENTAGE': 50,
  'MEASURE': 'EMD',
  'MONGODB_CONFIG': { 'collection_name': 'cache',
                      'database_name': 'pyphi',
                      'host': 'localhost',
                      'port': 27017},
  'NUMBER_OF_CORES': -1,
  'PARALLEL_COMPLEX_EVALUATION': False,
  'PARALLEL_CONCEPT_EVALUATION': False,
  'PARALLEL_CUT_EVALUATION': True,
  'PARTITION_TYPE': 'BI',
  'PICK_SMALLEST_PURVIEW': False,
  'PRECISION': 6,
  'PRINT_FRACTIONS': True,
  'PROGRESS_BARS': True,
  'REDIS_CACHE': False,
  'REDIS_CONFIG': {'db': 0, 'host': 'localhost', 'port': 6379, 'test_db': 1},
  'REPR_VERBOSITY': 2,
  'SINGLE_MICRO_NODES_WITH_SELFLOOPS_HAVE_PHI': False,
  'SYSTEM_CUTS': '3.0_STYLE',
  'USE_SMALL_PHI_DIFFERENCE_FOR_CES_DISTANCE': False,
  'VALIDATE_CONDITIONAL_INDEPENDENCE': True,
  'VALIDATE_SUBSYSTEM_STATES': True,
  'WELCOME_OFF': False}
2026-05-16 03:53:58,236 [pyphi.compute.subsystem] INFO MainProcess: Finished calculating big-phi data for Subsystem(n0, n1, n2, n3).
2026-05-16 03:53:58,237 [pyphi.compute.subsystem] INFO MainProcess: Calculating big-phi data for Subsystem(n0, n1, n2, n3)...
2026-05-16 03:53:58,427 [pyphi.conf] INFO Process-15: PyPhi v1.2.0
2026-05-16 03:53:58,427 [pyphi.conf] INFO Process-15: Using default configuration (no configuration file provided)
2026-05-16 03:53:58,428 [pyphi.conf] INFO Process-15: Current PyPhi configuration:
 { 'ASSUME_CUTS_CANNOT_CREATE_NEW_CONCEPTS': False,
  'CACHE_POTENTIAL_PURVIEWS': True,
  'CACHE_REPERTOIRES': True,
  'CACHE_SIAS': False,
  'CACHING_BACKEND': 'fs',
  'CLEAR_SUBSYSTEM_CACHES_AFTER_COMPUTING_SIA': False,
  'CUT_ONE_APPROXIMATION': False,
  'FS_CACHE_DIRECTORY': '__pyphi_cache__',
  'FS_CACHE_VERBOSITY': 0,
  'LOG_FILE': 'pyphi.log',
  'LOG_FILE_LEVEL': 'INFO',
  'LOG_STDOUT_LEVEL': 'WARNING',
  'MAXIMUM_CACHE_MEMORY_PERCENTAGE': 50,
  'MEASURE': 'EMD',
  'MONGODB_CONFIG': { 'collection_name': 'cache',
                      'database_name': 'pyphi',
                      'host': 'localhost',
                      'port': 27017},
  'NUMBER_OF_CORES': -1,
  'PARALLEL_COMPLEX_EVALUATION': False,
  'PARALLEL_CONCEPT_EVALUATION': False,
  'PARALLEL_CUT_EVALUATION': True,
  'PARTITION_TYPE': 'BI',
  'PICK_SMALLEST_PURVIEW': False,
  'PRECISION': 6,
  'PRINT_FRACTIONS': True,
  'PROGRESS_BARS': True,
  'REDIS_CACHE': False,
  'REDIS_CONFIG': {'db': 0, 'host': 'localhost', 'port': 6379, 'test_db': 1},
  'REPR_VERBOSITY': 2,
  'SINGLE_MICRO_NODES_WITH_SELFLOOPS_HAVE_PHI': False,
  'SYSTEM_CUTS': '3.0_STYLE',
  'USE_SMALL_PHI_DIFFERENCE_FOR_CES_DISTANCE': False,
  'VALIDATE_CONDITIONAL_INDEPENDENCE': True,
  'VALIDATE_SUBSYSTEM_STATES': True,
  'WELCOME_OFF': False}
2026-05-16 03:54:02,089 [pyphi.conf] INFO Process-16: PyPhi v1.2.0
2026-05-16 03:54:02,089 [pyphi.conf] INFO Process-16: Using default configuration (no configuration file provided)
2026-05-16 03:54:02,089 [pyphi.conf] INFO Process-16: Current PyPhi configuration:
 { 'ASSUME_CUTS_CANNOT_CREATE_NEW_CONCEPTS': False,
  'CACHE_POTENTIAL_PURVIEWS': True,
  'CACHE_REPERTOIRES': True,
  'CACHE_SIAS': False,
  'CACHING_BACKEND': 'fs',
  'CLEAR_SUBSYSTEM_CACHES_AFTER_COMPUTING_SIA': False,
  'CUT_ONE_APPROXIMATION': False,
  'FS_CACHE_DIRECTORY': '__pyphi_cache__',
  'FS_CACHE_VERBOSITY': 0,
  'LOG_FILE': 'pyphi.log',
  'LOG_FILE_LEVEL': 'INFO',
  'LOG_STDOUT_LEVEL': 'WARNING',
  'MAXIMUM_CACHE_MEMORY_PERCENTAGE': 50,
  'MEASURE': 'EMD',
  'MONGODB_CONFIG': { 'collection_name': 'cache',
                      'database_name': 'pyphi',
                      'host': 'localhost',
                      'port': 27017},
  'NUMBER_OF_CORES': -1,
  'PARALLEL_COMPLEX_EVALUATION': False,
  'PARALLEL_CONCEPT_EVALUATION': False,
  'PARALLEL_CUT_EVALUATION': True,
  'PARTITION_TYPE': 'BI',
  'PICK_SMALLEST_PURVIEW': False,
  'PRECISION': 6,
  'PRINT_FRACTIONS': True,
  'PROGRESS_BARS': True,
  'REDIS_CACHE': False,
  'REDIS_CONFIG': {'db': 0, 'host': 'localhost', 'port': 6379, 'test_db': 1},
  'REPR_VERBOSITY': 2,
  'SINGLE_MICRO_NODES_WITH_SELFLOOPS_HAVE_PHI': False,
  'SYSTEM_CUTS': '3.0_STYLE',
  'USE_SMALL_PHI_DIFFERENCE_FOR_CES_DISTANCE': False,
  'VALIDATE_CONDITIONAL_INDEPENDENCE': True,
  'VALIDATE_SUBSYSTEM_STATES': True,
  'WELCOME_OFF': False}
2026-05-16 03:54:08,245 [pyphi.compute.subsystem] INFO MainProcess: Finished calculating big-phi data for Subsystem(n0, n1, n2, n3).
2026-05-16 03:54:08,246 [pyphi.compute.subsystem] INFO MainProcess: Calculating big-phi data for Subsystem(n0, n1, n2, n3)...
2026-05-16 03:54:08,383 [pyphi.conf] INFO Process-17: PyPhi v1.2.0
2026-05-16 03:54:08,383 [pyphi.conf] INFO Process-17: Using default configuration (no configuration file provided)
2026-05-16 03:54:08,383 [pyphi.conf] INFO Process-17: Current PyPhi configuration:
 { 'ASSUME_CUTS_CANNOT_CREATE_NEW_CONCEPTS': False,
  'CACHE_POTENTIAL_PURVIEWS': True,
  'CACHE_REPERTOIRES': True,
  'CACHE_SIAS': False,
  'CACHING_BACKEND': 'fs',
  'CLEAR_SUBSYSTEM_CACHES_AFTER_COMPUTING_SIA': False,
  'CUT_ONE_APPROXIMATION': False,
  'FS_CACHE_DIRECTORY': '__pyphi_cache__',
  'FS_CACHE_VERBOSITY': 0,
  'LOG_FILE': 'pyphi.log',
  'LOG_FILE_LEVEL': 'INFO',
  'LOG_STDOUT_LEVEL': 'WARNING',
  'MAXIMUM_CACHE_MEMORY_PERCENTAGE': 50,
  'MEASURE': 'EMD',
  'MONGODB_CONFIG': { 'collection_name': 'cache',
                      'database_name': 'pyphi',
                      'host': 'localhost',
                      'port': 27017},
  'NUMBER_OF_CORES': -1,
  'PARALLEL_COMPLEX_EVALUATION': False,
  'PARALLEL_CONCEPT_EVALUATION': False,
  'PARALLEL_CUT_EVALUATION': True,
  'PARTITION_TYPE': 'BI',
  'PICK_SMALLEST_PURVIEW': False,
  'PRECISION': 6,
  'PRINT_FRACTIONS': True,
  'PROGRESS_BARS': True,
  'REDIS_CACHE': False,
  'REDIS_CONFIG': {'db': 0, 'host': 'localhost', 'port': 6379, 'test_db': 1},
  'REPR_VERBOSITY': 2,
  'SINGLE_MICRO_NODES_WITH_SELFLOOPS_HAVE_PHI': False,
  'SYSTEM_CUTS': '3.0_STYLE',
  'USE_SMALL_PHI_DIFFERENCE_FOR_CES_DISTANCE': False,
  'VALIDATE_CONDITIONAL_INDEPENDENCE': True,
  'VALIDATE_SUBSYSTEM_STATES': True,
  'WELCOME_OFF': False}
2026-05-16 03:54:11,616 [pyphi.conf] INFO Process-18: PyPhi v1.2.0
2026-05-16 03:54:11,616 [pyphi.conf] INFO Process-18: Using default configuration (no configuration file provided)
2026-05-16 03:54:11,616 [pyphi.conf] INFO Process-18: Current PyPhi configuration:
 { 'ASSUME_CUTS_CANNOT_CREATE_NEW_CONCEPTS': False,
  'CACHE_POTENTIAL_PURVIEWS': True,
  'CACHE_REPERTOIRES': True,
  'CACHE_SIAS': False,
  'CACHING_BACKEND': 'fs',
  'CLEAR_SUBSYSTEM_CACHES_AFTER_COMPUTING_SIA': False,
  'CUT_ONE_APPROXIMATION': False,
  'FS_CACHE_DIRECTORY': '__pyphi_cache__',
  'FS_CACHE_VERBOSITY': 0,
  'LOG_FILE': 'pyphi.log',
  'LOG_FILE_LEVEL': 'INFO',
  'LOG_STDOUT_LEVEL': 'WARNING',
  'MAXIMUM_CACHE_MEMORY_PERCENTAGE': 50,
  'MEASURE': 'EMD',
  'MONGODB_CONFIG': { 'collection_name': 'cache',
                      'database_name': 'pyphi',
                      'host': 'localhost',
                      'port': 27017},
  'NUMBER_OF_CORES': -1,
  'PARALLEL_COMPLEX_EVALUATION': False,
  'PARALLEL_CONCEPT_EVALUATION': False,
  'PARALLEL_CUT_EVALUATION': True,
  'PARTITION_TYPE': 'BI',
  'PICK_SMALLEST_PURVIEW': False,
  'PRECISION': 6,
  'PRINT_FRACTIONS': True,
  'PROGRESS_BARS': True,
  'REDIS_CACHE': False,
  'REDIS_CONFIG': {'db': 0, 'host': 'localhost', 'port': 6379, 'test_db': 1},
  'REPR_VERBOSITY': 2,
  'SINGLE_MICRO_NODES_WITH_SELFLOOPS_HAVE_PHI': False,
  'SYSTEM_CUTS': '3.0_STYLE',
  'USE_SMALL_PHI_DIFFERENCE_FOR_CES_DISTANCE': False,
  'VALIDATE_CONDITIONAL_INDEPENDENCE': True,
  'VALIDATE_SUBSYSTEM_STATES': True,
  'WELCOME_OFF': False}
2026-05-16 03:54:17,796 [pyphi.compute.subsystem] INFO MainProcess: Finished calculating big-phi data for Subsystem(n0, n1, n2, n3).
2026-05-16 03:54:17,797 [pyphi.compute.subsystem] INFO MainProcess: Calculating big-phi data for Subsystem(n0, n1, n2, n3)...
2026-05-16 03:54:17,935 [pyphi.conf] INFO Process-19: PyPhi v1.2.0
2026-05-16 03:54:17,935 [pyphi.conf] INFO Process-19: Using default configuration (no configuration file provided)
2026-05-16 03:54:17,935 [pyphi.conf] INFO Process-19: Current PyPhi configuration:
 { 'ASSUME_CUTS_CANNOT_CREATE_NEW_CONCEPTS': False,
  'CACHE_POTENTIAL_PURVIEWS': True,
  'CACHE_REPERTOIRES': True,
  'CACHE_SIAS': False,
  'CACHING_BACKEND': 'fs',
  'CLEAR_SUBSYSTEM_CACHES_AFTER_COMPUTING_SIA': False,
  'CUT_ONE_APPROXIMATION': False,
  'FS_CACHE_DIRECTORY': '__pyphi_cache__',
  'FS_CACHE_VERBOSITY': 0,
  'LOG_FILE': 'pyphi.log',
  'LOG_FILE_LEVEL': 'INFO',
  'LOG_STDOUT_LEVEL': 'WARNING',
  'MAXIMUM_CACHE_MEMORY_PERCENTAGE': 50,
  'MEASURE': 'EMD',
  'MONGODB_CONFIG': { 'collection_name': 'cache',
                      'database_name': 'pyphi',
                      'host': 'localhost',
                      'port': 27017},
  'NUMBER_OF_CORES': -1,
  'PARALLEL_COMPLEX_EVALUATION': False,
  'PARALLEL_CONCEPT_EVALUATION': False,
  'PARALLEL_CUT_EVALUATION': True,
  'PARTITION_TYPE': 'BI',
  'PICK_SMALLEST_PURVIEW': False,
  'PRECISION': 6,
  'PRINT_FRACTIONS': True,
  'PROGRESS_BARS': True,
  'REDIS_CACHE': False,
  'REDIS_CONFIG': {'db': 0, 'host': 'localhost', 'port': 6379, 'test_db': 1},
  'REPR_VERBOSITY': 2,
  'SINGLE_MICRO_NODES_WITH_SELFLOOPS_HAVE_PHI': False,
  'SYSTEM_CUTS': '3.0_STYLE',
  'USE_SMALL_PHI_DIFFERENCE_FOR_CES_DISTANCE': False,
  'VALIDATE_CONDITIONAL_INDEPENDENCE': True,
  'VALIDATE_SUBSYSTEM_STATES': True,
  'WELCOME_OFF': False}
2026-05-16 03:54:21,190 [pyphi.conf] INFO Process-20: PyPhi v1.2.0
2026-05-16 03:54:21,190 [pyphi.conf] INFO Process-20: Using default configuration (no configuration file provided)
2026-05-16 03:54:21,191 [pyphi.conf] INFO Process-20: Current PyPhi configuration:
 { 'ASSUME_CUTS_CANNOT_CREATE_NEW_CONCEPTS': False,
  'CACHE_POTENTIAL_PURVIEWS': True,
  'CACHE_REPERTOIRES': True,
  'CACHE_SIAS': False,
  'CACHING_BACKEND': 'fs',
  'CLEAR_SUBSYSTEM_CACHES_AFTER_COMPUTING_SIA': False,
  'CUT_ONE_APPROXIMATION': False,
  'FS_CACHE_DIRECTORY': '__pyphi_cache__',
  'FS_CACHE_VERBOSITY': 0,
  'LOG_FILE': 'pyphi.log',
  'LOG_FILE_LEVEL': 'INFO',
  'LOG_STDOUT_LEVEL': 'WARNING',
  'MAXIMUM_CACHE_MEMORY_PERCENTAGE': 50,
  'MEASURE': 'EMD',
  'MONGODB_CONFIG': { 'collection_name': 'cache',
                      'database_name': 'pyphi',
                      'host': 'localhost',
                      'port': 27017},
  'NUMBER_OF_CORES': -1,
  'PARALLEL_COMPLEX_EVALUATION': False,
  'PARALLEL_CONCEPT_EVALUATION': False,
  'PARALLEL_CUT_EVALUATION': True,
  'PARTITION_TYPE': 'BI',
  'PICK_SMALLEST_PURVIEW': False,
  'PRECISION': 6,
  'PRINT_FRACTIONS': True,
  'PROGRESS_BARS': True,
  'REDIS_CACHE': False,
  'REDIS_CONFIG': {'db': 0, 'host': 'localhost', 'port': 6379, 'test_db': 1},
  'REPR_VERBOSITY': 2,
  'SINGLE_MICRO_NODES_WITH_SELFLOOPS_HAVE_PHI': False,
  'SYSTEM_CUTS': '3.0_STYLE',
  'USE_SMALL_PHI_DIFFERENCE_FOR_CES_DISTANCE': False,
  'VALIDATE_CONDITIONAL_INDEPENDENCE': True,
  'VALIDATE_SUBSYSTEM_STATES': True,
  'WELCOME_OFF': False}
2026-05-16 03:54:28,733 [pyphi.compute.subsystem] INFO MainProcess: Finished calculating big-phi data for Subsystem(n0, n1, n2, n3).
2026-05-16 03:54:28,734 [pyphi.compute.subsystem] INFO MainProcess: Calculating big-phi data for Subsystem(n0, n1, n2, n3, n4)...
2026-05-16 03:54:28,924 [pyphi.conf] INFO Process-21: PyPhi v1.2.0
2026-05-16 03:54:28,924 [pyphi.conf] INFO Process-21: Using default configuration (no configuration file provided)
2026-05-16 03:54:28,924 [pyphi.conf] INFO Process-21: Current PyPhi configuration:
 { 'ASSUME_CUTS_CANNOT_CREATE_NEW_CONCEPTS': False,
  'CACHE_POTENTIAL_PURVIEWS': True,
  'CACHE_REPERTOIRES': True,
  'CACHE_SIAS': False,
  'CACHING_BACKEND': 'fs',
  'CLEAR_SUBSYSTEM_CACHES_AFTER_COMPUTING_SIA': False,
  'CUT_ONE_APPROXIMATION': False,
  'FS_CACHE_DIRECTORY': '__pyphi_cache__',
  'FS_CACHE_VERBOSITY': 0,
  'LOG_FILE': 'pyphi.log',
  'LOG_FILE_LEVEL': 'INFO',
  'LOG_STDOUT_LEVEL': 'WARNING',
  'MAXIMUM_CACHE_MEMORY_PERCENTAGE': 50,
  'MEASURE': 'EMD',
  'MONGODB_CONFIG': { 'collection_name': 'cache',
                      'database_name': 'pyphi',
                      'host': 'localhost',
                      'port': 27017},
  'NUMBER_OF_CORES': -1,
  'PARALLEL_COMPLEX_EVALUATION': False,
  'PARALLEL_CONCEPT_EVALUATION': False,
  'PARALLEL_CUT_EVALUATION': True,
  'PARTITION_TYPE': 'BI',
  'PICK_SMALLEST_PURVIEW': False,
  'PRECISION': 6,
  'PRINT_FRACTIONS': True,
  'PROGRESS_BARS': True,
  'REDIS_CACHE': False,
  'REDIS_CONFIG': {'db': 0, 'host': 'localhost', 'port': 6379, 'test_db': 1},
  'REPR_VERBOSITY': 2,
  'SINGLE_MICRO_NODES_WITH_SELFLOOPS_HAVE_PHI': False,
  'SYSTEM_CUTS': '3.0_STYLE',
  'USE_SMALL_PHI_DIFFERENCE_FOR_CES_DISTANCE': False,
  'VALIDATE_CONDITIONAL_INDEPENDENCE': True,
  'VALIDATE_SUBSYSTEM_STATES': True,
  'WELCOME_OFF': False}
2026-05-16 03:54:34,931 [pyphi.conf] INFO Process-22: PyPhi v1.2.0
2026-05-16 03:54:34,931 [pyphi.conf] INFO Process-22: Using default configuration (no configuration file provided)
2026-05-16 03:54:34,931 [pyphi.conf] INFO Process-22: Current PyPhi configuration:
 { 'ASSUME_CUTS_CANNOT_CREATE_NEW_CONCEPTS': False,
  'CACHE_POTENTIAL_PURVIEWS': True,
  'CACHE_REPERTOIRES': True,
  'CACHE_SIAS': False,
  'CACHING_BACKEND': 'fs',
  'CLEAR_SUBSYSTEM_CACHES_AFTER_COMPUTING_SIA': False,
  'CUT_ONE_APPROXIMATION': False,
  'FS_CACHE_DIRECTORY': '__pyphi_cache__',
  'FS_CACHE_VERBOSITY': 0,
  'LOG_FILE': 'pyphi.log',
  'LOG_FILE_LEVEL': 'INFO',
  'LOG_STDOUT_LEVEL': 'WARNING',
  'MAXIMUM_CACHE_MEMORY_PERCENTAGE': 50,
  'MEASURE': 'EMD',
  'MONGODB_CONFIG': { 'collection_name': 'cache',
                      'database_name': 'pyphi',
                      'host': 'localhost',
                      'port': 27017},
  'NUMBER_OF_CORES': -1,
  'PARALLEL_COMPLEX_EVALUATION': False,
  'PARALLEL_CONCEPT_EVALUATION': False,
  'PARALLEL_CUT_EVALUATION': True,
  'PARTITION_TYPE': 'BI',
  'PICK_SMALLEST_PURVIEW': False,
  'PRECISION': 6,
  'PRINT_FRACTIONS': True,
  'PROGRESS_BARS': True,
  'REDIS_CACHE': False,
  'REDIS_CONFIG': {'db': 0, 'host': 'localhost', 'port': 6379, 'test_db': 1},
  'REPR_VERBOSITY': 2,
  'SINGLE_MICRO_NODES_WITH_SELFLOOPS_HAVE_PHI': False,
  'SYSTEM_CUTS': '3.0_STYLE',
  'USE_SMALL_PHI_DIFFERENCE_FOR_CES_DISTANCE': False,
  'VALIDATE_CONDITIONAL_INDEPENDENCE': True,
  'VALIDATE_SUBSYSTEM_STATES': True,
  'WELCOME_OFF': False}
2026-05-16 03:55:30,799 [pyphi.compute.subsystem] INFO MainProcess: Finished calculating big-phi data for Subsystem(n0, n1, n2, n3, n4).
2026-05-16 03:55:30,800 [pyphi.compute.subsystem] INFO MainProcess: Calculating big-phi data for Subsystem(n0, n1, n2, n3, n4)...
2026-05-16 03:55:31,026 [pyphi.conf] INFO Process-23: PyPhi v1.2.0
2026-05-16 03:55:31,026 [pyphi.conf] INFO Process-23: Using default configuration (no configuration file provided)
2026-05-16 03:55:31,027 [pyphi.conf] INFO Process-23: Current PyPhi configuration:
 { 'ASSUME_CUTS_CANNOT_CREATE_NEW_CONCEPTS': False,
  'CACHE_POTENTIAL_PURVIEWS': True,
  'CACHE_REPERTOIRES': True,
  'CACHE_SIAS': False,
  'CACHING_BACKEND': 'fs',
  'CLEAR_SUBSYSTEM_CACHES_AFTER_COMPUTING_SIA': False,
  'CUT_ONE_APPROXIMATION': False,
  'FS_CACHE_DIRECTORY': '__pyphi_cache__',
  'FS_CACHE_VERBOSITY': 0,
  'LOG_FILE': 'pyphi.log',
  'LOG_FILE_LEVEL': 'INFO',
  'LOG_STDOUT_LEVEL': 'WARNING',
  'MAXIMUM_CACHE_MEMORY_PERCENTAGE': 50,
  'MEASURE': 'EMD',
  'MONGODB_CONFIG': { 'collection_name': 'cache',
                      'database_name': 'pyphi',
                      'host': 'localhost',
                      'port': 27017},
  'NUMBER_OF_CORES': -1,
  'PARALLEL_COMPLEX_EVALUATION': False,
  'PARALLEL_CONCEPT_EVALUATION': False,
  'PARALLEL_CUT_EVALUATION': True,
  'PARTITION_TYPE': 'BI',
  'PICK_SMALLEST_PURVIEW': False,
  'PRECISION': 6,
  'PRINT_FRACTIONS': True,
  'PROGRESS_BARS': True,
  'REDIS_CACHE': False,
  'REDIS_CONFIG': {'db': 0, 'host': 'localhost', 'port': 6379, 'test_db': 1},
  'REPR_VERBOSITY': 2,
  'SINGLE_MICRO_NODES_WITH_SELFLOOPS_HAVE_PHI': False,
  'SYSTEM_CUTS': '3.0_STYLE',
  'USE_SMALL_PHI_DIFFERENCE_FOR_CES_DISTANCE': False,
  'VALIDATE_CONDITIONAL_INDEPENDENCE': True,
  'VALIDATE_SUBSYSTEM_STATES': True,
  'WELCOME_OFF': False}
2026-05-16 03:55:38,047 [pyphi.conf] INFO Process-24: PyPhi v1.2.0
2026-05-16 03:55:38,047 [pyphi.conf] INFO Process-24: Using default configuration (no configuration file provided)
2026-05-16 03:55:38,048 [pyphi.conf] INFO Process-24: Current PyPhi configuration:
 { 'ASSUME_CUTS_CANNOT_CREATE_NEW_CONCEPTS': False,
  'CACHE_POTENTIAL_PURVIEWS': True,
  'CACHE_REPERTOIRES': True,
  'CACHE_SIAS': False,
  'CACHING_BACKEND': 'fs',
  'CLEAR_SUBSYSTEM_CACHES_AFTER_COMPUTING_SIA': False,
  'CUT_ONE_APPROXIMATION': False,
  'FS_CACHE_DIRECTORY': '__pyphi_cache__',
  'FS_CACHE_VERBOSITY': 0,
  'LOG_FILE': 'pyphi.log',
  'LOG_FILE_LEVEL': 'INFO',
  'LOG_STDOUT_LEVEL': 'WARNING',
  'MAXIMUM_CACHE_MEMORY_PERCENTAGE': 50,
  'MEASURE': 'EMD',
  'MONGODB_CONFIG': { 'collection_name': 'cache',
                      'database_name': 'pyphi',
                      'host': 'localhost',
                      'port': 27017},
  'NUMBER_OF_CORES': -1,
  'PARALLEL_COMPLEX_EVALUATION': False,
  'PARALLEL_CONCEPT_EVALUATION': False,
  'PARALLEL_CUT_EVALUATION': True,
  'PARTITION_TYPE': 'BI',
  'PICK_SMALLEST_PURVIEW': False,
  'PRECISION': 6,
  'PRINT_FRACTIONS': True,
  'PROGRESS_BARS': True,
  'REDIS_CACHE': False,
  'REDIS_CONFIG': {'db': 0, 'host': 'localhost', 'port': 6379, 'test_db': 1},
  'REPR_VERBOSITY': 2,
  'SINGLE_MICRO_NODES_WITH_SELFLOOPS_HAVE_PHI': False,
  'SYSTEM_CUTS': '3.0_STYLE',
  'USE_SMALL_PHI_DIFFERENCE_FOR_CES_DISTANCE': False,
  'VALIDATE_CONDITIONAL_INDEPENDENCE': True,
  'VALIDATE_SUBSYSTEM_STATES': True,
  'WELCOME_OFF': False}
2026-05-16 03:56:50,892 [pyphi.compute.subsystem] INFO MainProcess: Finished calculating big-phi data for Subsystem(n0, n1, n2, n3, n4).
2026-05-16 03:56:50,894 [pyphi.compute.subsystem] INFO MainProcess: Calculating big-phi data for Subsystem(n0, n1, n2, n3, n4)...
2026-05-16 03:56:51,145 [pyphi.conf] INFO Process-25: PyPhi v1.2.0
2026-05-16 03:56:51,145 [pyphi.conf] INFO Process-25: Using default configuration (no configuration file provided)
2026-05-16 03:56:51,145 [pyphi.conf] INFO Process-25: Current PyPhi configuration:
 { 'ASSUME_CUTS_CANNOT_CREATE_NEW_CONCEPTS': False,
  'CACHE_POTENTIAL_PURVIEWS': True,
  'CACHE_REPERTOIRES': True,
  'CACHE_SIAS': False,
  'CACHING_BACKEND': 'fs',
  'CLEAR_SUBSYSTEM_CACHES_AFTER_COMPUTING_SIA': False,
  'CUT_ONE_APPROXIMATION': False,
  'FS_CACHE_DIRECTORY': '__pyphi_cache__',
  'FS_CACHE_VERBOSITY': 0,
  'LOG_FILE': 'pyphi.log',
  'LOG_FILE_LEVEL': 'INFO',
  'LOG_STDOUT_LEVEL': 'WARNING',
  'MAXIMUM_CACHE_MEMORY_PERCENTAGE': 50,
  'MEASURE': 'EMD',
  'MONGODB_CONFIG': { 'collection_name': 'cache',
                      'database_name': 'pyphi',
                      'host': 'localhost',
                      'port': 27017},
  'NUMBER_OF_CORES': -1,
  'PARALLEL_COMPLEX_EVALUATION': False,
  'PARALLEL_CONCEPT_EVALUATION': False,
  'PARALLEL_CUT_EVALUATION': True,
  'PARTITION_TYPE': 'BI',
  'PICK_SMALLEST_PURVIEW': False,
  'PRECISION': 6,
  'PRINT_FRACTIONS': True,
  'PROGRESS_BARS': True,
  'REDIS_CACHE': False,
  'REDIS_CONFIG': {'db': 0, 'host': 'localhost', 'port': 6379, 'test_db': 1},
  'REPR_VERBOSITY': 2,
  'SINGLE_MICRO_NODES_WITH_SELFLOOPS_HAVE_PHI': False,
  'SYSTEM_CUTS': '3.0_STYLE',
  'USE_SMALL_PHI_DIFFERENCE_FOR_CES_DISTANCE': False,
  'VALIDATE_CONDITIONAL_INDEPENDENCE': True,
  'VALIDATE_SUBSYSTEM_STATES': True,
  'WELCOME_OFF': False}
2026-05-16 03:56:59,231 [pyphi.conf] INFO Process-26: PyPhi v1.2.0
2026-05-16 03:56:59,231 [pyphi.conf] INFO Process-26: Using default configuration (no configuration file provided)
2026-05-16 03:56:59,232 [pyphi.conf] INFO Process-26: Current PyPhi configuration:
 { 'ASSUME_CUTS_CANNOT_CREATE_NEW_CONCEPTS': False,
  'CACHE_POTENTIAL_PURVIEWS': True,
  'CACHE_REPERTOIRES': True,
  'CACHE_SIAS': False,
  'CACHING_BACKEND': 'fs',
  'CLEAR_SUBSYSTEM_CACHES_AFTER_COMPUTING_SIA': False,
  'CUT_ONE_APPROXIMATION': False,
  'FS_CACHE_DIRECTORY': '__pyphi_cache__',
  'FS_CACHE_VERBOSITY': 0,
  'LOG_FILE': 'pyphi.log',
  'LOG_FILE_LEVEL': 'INFO',
  'LOG_STDOUT_LEVEL': 'WARNING',
  'MAXIMUM_CACHE_MEMORY_PERCENTAGE': 50,
  'MEASURE': 'EMD',
  'MONGODB_CONFIG': { 'collection_name': 'cache',
                      'database_name': 'pyphi',
                      'host': 'localhost',
                      'port': 27017},
  'NUMBER_OF_CORES': -1,
  'PARALLEL_COMPLEX_EVALUATION': False,
  'PARALLEL_CONCEPT_EVALUATION': False,
  'PARALLEL_CUT_EVALUATION': True,
  'PARTITION_TYPE': 'BI',
  'PICK_SMALLEST_PURVIEW': False,
  'PRECISION': 6,
  'PRINT_FRACTIONS': True,
  'PROGRESS_BARS': True,
  'REDIS_CACHE': False,
  'REDIS_CONFIG': {'db': 0, 'host': 'localhost', 'port': 6379, 'test_db': 1},
  'REPR_VERBOSITY': 2,
  'SINGLE_MICRO_NODES_WITH_SELFLOOPS_HAVE_PHI': False,
  'SYSTEM_CUTS': '3.0_STYLE',
  'USE_SMALL_PHI_DIFFERENCE_FOR_CES_DISTANCE': False,
  'VALIDATE_CONDITIONAL_INDEPENDENCE': True,
  'VALIDATE_SUBSYSTEM_STATES': True,
  'WELCOME_OFF': False}
2026-05-16 03:58:12,069 [pyphi.compute.subsystem] INFO MainProcess: Finished calculating big-phi data for Subsystem(n0, n1, n2, n3, n4).
2026-05-16 03:58:12,070 [pyphi.compute.subsystem] INFO MainProcess: Calculating big-phi data for Subsystem(n0, n1, n2, n3, n4)...
2026-05-16 03:58:12,293 [pyphi.conf] INFO Process-27: PyPhi v1.2.0
2026-05-16 03:58:12,293 [pyphi.conf] INFO Process-27: Using default configuration (no configuration file provided)
2026-05-16 03:58:12,294 [pyphi.conf] INFO Process-27: Current PyPhi configuration:
 { 'ASSUME_CUTS_CANNOT_CREATE_NEW_CONCEPTS': False,
  'CACHE_POTENTIAL_PURVIEWS': True,
  'CACHE_REPERTOIRES': True,
  'CACHE_SIAS': False,
  'CACHING_BACKEND': 'fs',
  'CLEAR_SUBSYSTEM_CACHES_AFTER_COMPUTING_SIA': False,
  'CUT_ONE_APPROXIMATION': False,
  'FS_CACHE_DIRECTORY': '__pyphi_cache__',
  'FS_CACHE_VERBOSITY': 0,
  'LOG_FILE': 'pyphi.log',
  'LOG_FILE_LEVEL': 'INFO',
  'LOG_STDOUT_LEVEL': 'WARNING',
  'MAXIMUM_CACHE_MEMORY_PERCENTAGE': 50,
  'MEASURE': 'EMD',
  'MONGODB_CONFIG': { 'collection_name': 'cache',
                      'database_name': 'pyphi',
                      'host': 'localhost',
                      'port': 27017},
  'NUMBER_OF_CORES': -1,
  'PARALLEL_COMPLEX_EVALUATION': False,
  'PARALLEL_CONCEPT_EVALUATION': False,
  'PARALLEL_CUT_EVALUATION': True,
  'PARTITION_TYPE': 'BI',
  'PICK_SMALLEST_PURVIEW': False,
  'PRECISION': 6,
  'PRINT_FRACTIONS': True,
  'PROGRESS_BARS': True,
  'REDIS_CACHE': False,
  'REDIS_CONFIG': {'db': 0, 'host': 'localhost', 'port': 6379, 'test_db': 1},
  'REPR_VERBOSITY': 2,
  'SINGLE_MICRO_NODES_WITH_SELFLOOPS_HAVE_PHI': False,
  'SYSTEM_CUTS': '3.0_STYLE',
  'USE_SMALL_PHI_DIFFERENCE_FOR_CES_DISTANCE': False,
  'VALIDATE_CONDITIONAL_INDEPENDENCE': True,
  'VALIDATE_SUBSYSTEM_STATES': True,
  'WELCOME_OFF': False}
2026-05-16 03:58:20,539 [pyphi.conf] INFO Process-28: PyPhi v1.2.0
2026-05-16 03:58:20,539 [pyphi.conf] INFO Process-28: Using default configuration (no configuration file provided)
2026-05-16 03:58:20,539 [pyphi.conf] INFO Process-28: Current PyPhi configuration:
 { 'ASSUME_CUTS_CANNOT_CREATE_NEW_CONCEPTS': False,
  'CACHE_POTENTIAL_PURVIEWS': True,
  'CACHE_REPERTOIRES': True,
  'CACHE_SIAS': False,
  'CACHING_BACKEND': 'fs',
  'CLEAR_SUBSYSTEM_CACHES_AFTER_COMPUTING_SIA': False,
  'CUT_ONE_APPROXIMATION': False,
  'FS_CACHE_DIRECTORY': '__pyphi_cache__',
  'FS_CACHE_VERBOSITY': 0,
  'LOG_FILE': 'pyphi.log',
  'LOG_FILE_LEVEL': 'INFO',
  'LOG_STDOUT_LEVEL': 'WARNING',
  'MAXIMUM_CACHE_MEMORY_PERCENTAGE': 50,
  'MEASURE': 'EMD',
  'MONGODB_CONFIG': { 'collection_name': 'cache',
                      'database_name': 'pyphi',
                      'host': 'localhost',
                      'port': 27017},
  'NUMBER_OF_CORES': -1,
  'PARALLEL_COMPLEX_EVALUATION': False,
  'PARALLEL_CONCEPT_EVALUATION': False,
  'PARALLEL_CUT_EVALUATION': True,
  'PARTITION_TYPE': 'BI',
  'PICK_SMALLEST_PURVIEW': False,
  'PRECISION': 6,
  'PRINT_FRACTIONS': True,
  'PROGRESS_BARS': True,
  'REDIS_CACHE': False,
  'REDIS_CONFIG': {'db': 0, 'host': 'localhost', 'port': 6379, 'test_db': 1},
  'REPR_VERBOSITY': 2,
  'SINGLE_MICRO_NODES_WITH_SELFLOOPS_HAVE_PHI': False,
  'SYSTEM_CUTS': '3.0_STYLE',
  'USE_SMALL_PHI_DIFFERENCE_FOR_CES_DISTANCE': False,
  'VALIDATE_CONDITIONAL_INDEPENDENCE': True,
  'VALIDATE_SUBSYSTEM_STATES': True,
  'WELCOME_OFF': False}
2026-05-16 04:00:29,775 [pyphi.compute.subsystem] INFO MainProcess: Finished calculating big-phi data for Subsystem(n0, n1, n2, n3, n4).
2026-05-16 04:00:30,148 [pyphi.compute.subsystem] INFO MainProcess: Calculating big-phi data for Subsystem(n0, n1, n2, n3, n4)...
2026-05-16 04:00:32,036 [pyphi.conf] INFO Process-29: PyPhi v1.2.0
2026-05-16 04:00:32,039 [pyphi.conf] INFO Process-29: Using default configuration (no configuration file provided)
2026-05-16 04:00:32,040 [pyphi.conf] INFO Process-29: Current PyPhi configuration:
 { 'ASSUME_CUTS_CANNOT_CREATE_NEW_CONCEPTS': False,
  'CACHE_POTENTIAL_PURVIEWS': True,
  'CACHE_REPERTOIRES': True,
  'CACHE_SIAS': False,
  'CACHING_BACKEND': 'fs',
  'CLEAR_SUBSYSTEM_CACHES_AFTER_COMPUTING_SIA': False,
  'CUT_ONE_APPROXIMATION': False,
  'FS_CACHE_DIRECTORY': '__pyphi_cache__',
  'FS_CACHE_VERBOSITY': 0,
  'LOG_FILE': 'pyphi.log',
  'LOG_FILE_LEVEL': 'INFO',
  'LOG_STDOUT_LEVEL': 'WARNING',
  'MAXIMUM_CACHE_MEMORY_PERCENTAGE': 50,
  'MEASURE': 'EMD',
  'MONGODB_CONFIG': { 'collection_name': 'cache',
                      'database_name': 'pyphi',
                      'host': 'localhost',
                      'port': 27017},
  'NUMBER_OF_CORES': -1,
  'PARALLEL_COMPLEX_EVALUATION': False,
  'PARALLEL_CONCEPT_EVALUATION': False,
  'PARALLEL_CUT_EVALUATION': True,
  'PARTITION_TYPE': 'BI',
  'PICK_SMALLEST_PURVIEW': False,
  'PRECISION': 6,
  'PRINT_FRACTIONS': True,
  'PROGRESS_BARS': True,
  'REDIS_CACHE': False,
  'REDIS_CONFIG': {'db': 0, 'host': 'localhost', 'port': 6379, 'test_db': 1},
  'REPR_VERBOSITY': 2,
  'SINGLE_MICRO_NODES_WITH_SELFLOOPS_HAVE_PHI': False,
  'SYSTEM_CUTS': '3.0_STYLE',
  'USE_SMALL_PHI_DIFFERENCE_FOR_CES_DISTANCE': False,
  'VALIDATE_CONDITIONAL_INDEPENDENCE': True,
  'VALIDATE_SUBSYSTEM_STATES': True,
  'WELCOME_OFF': False}
2026-05-16 04:00:51,548 [pyphi.conf] INFO Process-30: PyPhi v1.2.0
2026-05-16 04:00:51,548 [pyphi.conf] INFO Process-30: Using default configuration (no configuration file provided)
2026-05-16 04:00:51,549 [pyphi.conf] INFO Process-30: Current PyPhi configuration:
 { 'ASSUME_CUTS_CANNOT_CREATE_NEW_CONCEPTS': False,
  'CACHE_POTENTIAL_PURVIEWS': True,
  'CACHE_REPERTOIRES': True,
  'CACHE_SIAS': False,
  'CACHING_BACKEND': 'fs',
  'CLEAR_SUBSYSTEM_CACHES_AFTER_COMPUTING_SIA': False,
  'CUT_ONE_APPROXIMATION': False,
  'FS_CACHE_DIRECTORY': '__pyphi_cache__',
  'FS_CACHE_VERBOSITY': 0,
  'LOG_FILE': 'pyphi.log',
  'LOG_FILE_LEVEL': 'INFO',
  'LOG_STDOUT_LEVEL': 'WARNING',
  'MAXIMUM_CACHE_MEMORY_PERCENTAGE': 50,
  'MEASURE': 'EMD',
  'MONGODB_CONFIG': { 'collection_name': 'cache',
                      'database_name': 'pyphi',
                      'host': 'localhost',
                      'port': 27017},
  'NUMBER_OF_CORES': -1,
  'PARALLEL_COMPLEX_EVALUATION': False,
  'PARALLEL_CONCEPT_EVALUATION': False,
  'PARALLEL_CUT_EVALUATION': True,
  'PARTITION_TYPE': 'BI',
  'PICK_SMALLEST_PURVIEW': False,
  'PRECISION': 6,
  'PRINT_FRACTIONS': True,
  'PROGRESS_BARS': True,
  'REDIS_CACHE': False,
  'REDIS_CONFIG': {'db': 0, 'host': 'localhost', 'port': 6379, 'test_db': 1},
  'REPR_VERBOSITY': 2,
  'SINGLE_MICRO_NODES_WITH_SELFLOOPS_HAVE_PHI': False,
  'SYSTEM_CUTS': '3.0_STYLE',
  'USE_SMALL_PHI_DIFFERENCE_FOR_CES_DISTANCE': False,
  'VALIDATE_CONDITIONAL_INDEPENDENCE': True,
  'VALIDATE_SUBSYSTEM_STATES': True,
  'WELCOME_OFF': False}
2026-05-16 04:02:20,221 [pyphi.conf] INFO MainProcess: PyPhi v1.2.0
2026-05-16 04:02:20,221 [pyphi.conf] INFO MainProcess: Using default configuration (no configuration file provided)
2026-05-16 04:02:20,221 [pyphi.conf] INFO MainProcess: Current PyPhi configuration:
 { 'ASSUME_CUTS_CANNOT_CREATE_NEW_CONCEPTS': False,
  'CACHE_POTENTIAL_PURVIEWS': True,
  'CACHE_REPERTOIRES': True,
  'CACHE_SIAS': False,
  'CACHING_BACKEND': 'fs',
  'CLEAR_SUBSYSTEM_CACHES_AFTER_COMPUTING_SIA': False,
  'CUT_ONE_APPROXIMATION': False,
  'FS_CACHE_DIRECTORY': '__pyphi_cache__',
  'FS_CACHE_VERBOSITY': 0,
  'LOG_FILE': 'pyphi.log',
  'LOG_FILE_LEVEL': 'INFO',
  'LOG_STDOUT_LEVEL': 'WARNING',
  'MAXIMUM_CACHE_MEMORY_PERCENTAGE': 50,
  'MEASURE': 'EMD',
  'MONGODB_CONFIG': { 'collection_name': 'cache',
                      'database_name': 'pyphi',
                      'host': 'localhost',
                      'port': 27017},
  'NUMBER_OF_CORES': -1,
  'PARALLEL_COMPLEX_EVALUATION': False,
  'PARALLEL_CONCEPT_EVALUATION': False,
  'PARALLEL_CUT_EVALUATION': True,
  'PARTITION_TYPE': 'BI',
  'PICK_SMALLEST_PURVIEW': False,
  'PRECISION': 6,
  'PRINT_FRACTIONS': True,
  'PROGRESS_BARS': True,
  'REDIS_CACHE': False,
  'REDIS_CONFIG': {'db': 0, 'host': 'localhost', 'port': 6379, 'test_db': 1},
  'REPR_VERBOSITY': 2,
  'SINGLE_MICRO_NODES_WITH_SELFLOOPS_HAVE_PHI': False,
  'SYSTEM_CUTS': '3.0_STYLE',
  'USE_SMALL_PHI_DIFFERENCE_FOR_CES_DISTANCE': False,
  'VALIDATE_CONDITIONAL_INDEPENDENCE': True,
  'VALIDATE_SUBSYSTEM_STATES': True,
  'WELCOME_OFF': False}
2026-05-16 04:02:23,451 [pyphi.compute.subsystem] INFO MainProcess: Calculating big-phi data for Subsystem(n0, n1, n2, n3)...
2026-05-16 04:02:23,650 [pyphi.conf] INFO Process-1: PyPhi v1.2.0
2026-05-16 04:02:23,650 [pyphi.conf] INFO Process-1: Using default configuration (no configuration file provided)
2026-05-16 04:02:23,651 [pyphi.conf] INFO Process-1: Current PyPhi configuration:
 { 'ASSUME_CUTS_CANNOT_CREATE_NEW_CONCEPTS': False,
  'CACHE_POTENTIAL_PURVIEWS': True,
  'CACHE_REPERTOIRES': True,
  'CACHE_SIAS': False,
  'CACHING_BACKEND': 'fs',
  'CLEAR_SUBSYSTEM_CACHES_AFTER_COMPUTING_SIA': False,
  'CUT_ONE_APPROXIMATION': False,
  'FS_CACHE_DIRECTORY': '__pyphi_cache__',
  'FS_CACHE_VERBOSITY': 0,
  'LOG_FILE': 'pyphi.log',
  'LOG_FILE_LEVEL': 'INFO',
  'LOG_STDOUT_LEVEL': 'WARNING',
  'MAXIMUM_CACHE_MEMORY_PERCENTAGE': 50,
  'MEASURE': 'EMD',
  'MONGODB_CONFIG': { 'collection_name': 'cache',
                      'database_name': 'pyphi',
                      'host': 'localhost',
                      'port': 27017},
  'NUMBER_OF_CORES': -1,
  'PARALLEL_COMPLEX_EVALUATION': False,
  'PARALLEL_CONCEPT_EVALUATION': False,
  'PARALLEL_CUT_EVALUATION': True,
  'PARTITION_TYPE': 'BI',
  'PICK_SMALLEST_PURVIEW': False,
  'PRECISION': 6,
  'PRINT_FRACTIONS': True,
  'PROGRESS_BARS': True,
  'REDIS_CACHE': False,
  'REDIS_CONFIG': {'db': 0, 'host': 'localhost', 'port': 6379, 'test_db': 1},
  'REPR_VERBOSITY': 2,
  'SINGLE_MICRO_NODES_WITH_SELFLOOPS_HAVE_PHI': False,
  'SYSTEM_CUTS': '3.0_STYLE',
  'USE_SMALL_PHI_DIFFERENCE_FOR_CES_DISTANCE': False,
  'VALIDATE_CONDITIONAL_INDEPENDENCE': True,
  'VALIDATE_SUBSYSTEM_STATES': True,
  'WELCOME_OFF': False}
2026-05-16 04:02:28,418 [pyphi.conf] INFO Process-2: PyPhi v1.2.0
2026-05-16 04:02:28,419 [pyphi.conf] INFO Process-2: Using default configuration (no configuration file provided)
2026-05-16 04:02:28,419 [pyphi.conf] INFO Process-2: Current PyPhi configuration:
 { 'ASSUME_CUTS_CANNOT_CREATE_NEW_CONCEPTS': False,
  'CACHE_POTENTIAL_PURVIEWS': True,
  'CACHE_REPERTOIRES': True,
  'CACHE_SIAS': False,
  'CACHING_BACKEND': 'fs',
  'CLEAR_SUBSYSTEM_CACHES_AFTER_COMPUTING_SIA': False,
  'CUT_ONE_APPROXIMATION': False,
  'FS_CACHE_DIRECTORY': '__pyphi_cache__',
  'FS_CACHE_VERBOSITY': 0,
  'LOG_FILE': 'pyphi.log',
  'LOG_FILE_LEVEL': 'INFO',
  'LOG_STDOUT_LEVEL': 'WARNING',
  'MAXIMUM_CACHE_MEMORY_PERCENTAGE': 50,
  'MEASURE': 'EMD',
  'MONGODB_CONFIG': { 'collection_name': 'cache',
                      'database_name': 'pyphi',
                      'host': 'localhost',
                      'port': 27017},
  'NUMBER_OF_CORES': -1,
  'PARALLEL_COMPLEX_EVALUATION': False,
  'PARALLEL_CONCEPT_EVALUATION': False,
  'PARALLEL_CUT_EVALUATION': True,
  'PARTITION_TYPE': 'BI',
  'PICK_SMALLEST_PURVIEW': False,
  'PRECISION': 6,
  'PRINT_FRACTIONS': True,
  'PROGRESS_BARS': True,
  'REDIS_CACHE': False,
  'REDIS_CONFIG': {'db': 0, 'host': 'localhost', 'port': 6379, 'test_db': 1},
  'REPR_VERBOSITY': 2,
  'SINGLE_MICRO_NODES_WITH_SELFLOOPS_HAVE_PHI': False,
  'SYSTEM_CUTS': '3.0_STYLE',
  'USE_SMALL_PHI_DIFFERENCE_FOR_CES_DISTANCE': False,
  'VALIDATE_CONDITIONAL_INDEPENDENCE': True,
  'VALIDATE_SUBSYSTEM_STATES': True,
  'WELCOME_OFF': False}
2026-05-16 04:02:36,209 [pyphi.compute.subsystem] INFO MainProcess: Finished calculating big-phi data for Subsystem(n0, n1, n2, n3).
2026-05-16 04:02:36,211 [pyphi.compute.subsystem] INFO MainProcess: Calculating big-phi data for Subsystem(n0, n1, n2, n3)...
2026-05-16 04:02:36,423 [pyphi.conf] INFO Process-3: PyPhi v1.2.0
2026-05-16 04:02:36,423 [pyphi.conf] INFO Process-3: Using default configuration (no configuration file provided)
2026-05-16 04:02:36,424 [pyphi.conf] INFO Process-3: Current PyPhi configuration:
 { 'ASSUME_CUTS_CANNOT_CREATE_NEW_CONCEPTS': False,
  'CACHE_POTENTIAL_PURVIEWS': True,
  'CACHE_REPERTOIRES': True,
  'CACHE_SIAS': False,
  'CACHING_BACKEND': 'fs',
  'CLEAR_SUBSYSTEM_CACHES_AFTER_COMPUTING_SIA': False,
  'CUT_ONE_APPROXIMATION': False,
  'FS_CACHE_DIRECTORY': '__pyphi_cache__',
  'FS_CACHE_VERBOSITY': 0,
  'LOG_FILE': 'pyphi.log',
  'LOG_FILE_LEVEL': 'INFO',
  'LOG_STDOUT_LEVEL': 'WARNING',
  'MAXIMUM_CACHE_MEMORY_PERCENTAGE': 50,
  'MEASURE': 'EMD',
  'MONGODB_CONFIG': { 'collection_name': 'cache',
                      'database_name': 'pyphi',
                      'host': 'localhost',
                      'port': 27017},
  'NUMBER_OF_CORES': -1,
  'PARALLEL_COMPLEX_EVALUATION': False,
  'PARALLEL_CONCEPT_EVALUATION': False,
  'PARALLEL_CUT_EVALUATION': True,
  'PARTITION_TYPE': 'BI',
  'PICK_SMALLEST_PURVIEW': False,
  'PRECISION': 6,
  'PRINT_FRACTIONS': True,
  'PROGRESS_BARS': True,
  'REDIS_CACHE': False,
  'REDIS_CONFIG': {'db': 0, 'host': 'localhost', 'port': 6379, 'test_db': 1},
  'REPR_VERBOSITY': 2,
  'SINGLE_MICRO_NODES_WITH_SELFLOOPS_HAVE_PHI': False,
  'SYSTEM_CUTS': '3.0_STYLE',
  'USE_SMALL_PHI_DIFFERENCE_FOR_CES_DISTANCE': False,
  'VALIDATE_CONDITIONAL_INDEPENDENCE': True,
  'VALIDATE_SUBSYSTEM_STATES': True,
  'WELCOME_OFF': False}
2026-05-16 04:02:40,655 [pyphi.conf] INFO Process-4: PyPhi v1.2.0
2026-05-16 04:02:40,656 [pyphi.conf] INFO Process-4: Using default configuration (no configuration file provided)
2026-05-16 04:02:40,656 [pyphi.conf] INFO Process-4: Current PyPhi configuration:
 { 'ASSUME_CUTS_CANNOT_CREATE_NEW_CONCEPTS': False,
  'CACHE_POTENTIAL_PURVIEWS': True,
  'CACHE_REPERTOIRES': True,
  'CACHE_SIAS': False,
  'CACHING_BACKEND': 'fs',
  'CLEAR_SUBSYSTEM_CACHES_AFTER_COMPUTING_SIA': False,
  'CUT_ONE_APPROXIMATION': False,
  'FS_CACHE_DIRECTORY': '__pyphi_cache__',
  'FS_CACHE_VERBOSITY': 0,
  'LOG_FILE': 'pyphi.log',
  'LOG_FILE_LEVEL': 'INFO',
  'LOG_STDOUT_LEVEL': 'WARNING',
  'MAXIMUM_CACHE_MEMORY_PERCENTAGE': 50,
  'MEASURE': 'EMD',
  'MONGODB_CONFIG': { 'collection_name': 'cache',
                      'database_name': 'pyphi',
                      'host': 'localhost',
                      'port': 27017},
  'NUMBER_OF_CORES': -1,
  'PARALLEL_COMPLEX_EVALUATION': False,
  'PARALLEL_CONCEPT_EVALUATION': False,
  'PARALLEL_CUT_EVALUATION': True,
  'PARTITION_TYPE': 'BI',
  'PICK_SMALLEST_PURVIEW': False,
  'PRECISION': 6,
  'PRINT_FRACTIONS': True,
  'PROGRESS_BARS': True,
  'REDIS_CACHE': False,
  'REDIS_CONFIG': {'db': 0, 'host': 'localhost', 'port': 6379, 'test_db': 1},
  'REPR_VERBOSITY': 2,
  'SINGLE_MICRO_NODES_WITH_SELFLOOPS_HAVE_PHI': False,
  'SYSTEM_CUTS': '3.0_STYLE',
  'USE_SMALL_PHI_DIFFERENCE_FOR_CES_DISTANCE': False,
  'VALIDATE_CONDITIONAL_INDEPENDENCE': True,
  'VALIDATE_SUBSYSTEM_STATES': True,
  'WELCOME_OFF': False}
2026-05-16 04:02:48,931 [pyphi.compute.subsystem] INFO MainProcess: Finished calculating big-phi data for Subsystem(n0, n1, n2, n3).
2026-05-16 04:02:48,932 [pyphi.compute.subsystem] INFO MainProcess: Calculating big-phi data for Subsystem(n0, n1, n2, n3)...
2026-05-16 04:02:49,102 [pyphi.conf] INFO Process-5: PyPhi v1.2.0
2026-05-16 04:02:49,102 [pyphi.conf] INFO Process-5: Using default configuration (no configuration file provided)
2026-05-16 04:02:49,103 [pyphi.conf] INFO Process-5: Current PyPhi configuration:
 { 'ASSUME_CUTS_CANNOT_CREATE_NEW_CONCEPTS': False,
  'CACHE_POTENTIAL_PURVIEWS': True,
  'CACHE_REPERTOIRES': True,
  'CACHE_SIAS': False,
  'CACHING_BACKEND': 'fs',
  'CLEAR_SUBSYSTEM_CACHES_AFTER_COMPUTING_SIA': False,
  'CUT_ONE_APPROXIMATION': False,
  'FS_CACHE_DIRECTORY': '__pyphi_cache__',
  'FS_CACHE_VERBOSITY': 0,
  'LOG_FILE': 'pyphi.log',
  'LOG_FILE_LEVEL': 'INFO',
  'LOG_STDOUT_LEVEL': 'WARNING',
  'MAXIMUM_CACHE_MEMORY_PERCENTAGE': 50,
  'MEASURE': 'EMD',
  'MONGODB_CONFIG': { 'collection_name': 'cache',
                      'database_name': 'pyphi',
                      'host': 'localhost',
                      'port': 27017},
  'NUMBER_OF_CORES': -1,
  'PARALLEL_COMPLEX_EVALUATION': False,
  'PARALLEL_CONCEPT_EVALUATION': False,
  'PARALLEL_CUT_EVALUATION': True,
  'PARTITION_TYPE': 'BI',
  'PICK_SMALLEST_PURVIEW': False,
  'PRECISION': 6,
  'PRINT_FRACTIONS': True,
  'PROGRESS_BARS': True,
  'REDIS_CACHE': False,
  'REDIS_CONFIG': {'db': 0, 'host': 'localhost', 'port': 6379, 'test_db': 1},
  'REPR_VERBOSITY': 2,
  'SINGLE_MICRO_NODES_WITH_SELFLOOPS_HAVE_PHI': False,
  'SYSTEM_CUTS': '3.0_STYLE',
  'USE_SMALL_PHI_DIFFERENCE_FOR_CES_DISTANCE': False,
  'VALIDATE_CONDITIONAL_INDEPENDENCE': True,
  'VALIDATE_SUBSYSTEM_STATES': True,
  'WELCOME_OFF': False}
2026-05-16 04:02:53,306 [pyphi.conf] INFO Process-6: PyPhi v1.2.0
2026-05-16 04:02:53,306 [pyphi.conf] INFO Process-6: Using default configuration (no configuration file provided)
2026-05-16 04:02:53,306 [pyphi.conf] INFO Process-6: Current PyPhi configuration:
 { 'ASSUME_CUTS_CANNOT_CREATE_NEW_CONCEPTS': False,
  'CACHE_POTENTIAL_PURVIEWS': True,
  'CACHE_REPERTOIRES': True,
  'CACHE_SIAS': False,
  'CACHING_BACKEND': 'fs',
  'CLEAR_SUBSYSTEM_CACHES_AFTER_COMPUTING_SIA': False,
  'CUT_ONE_APPROXIMATION': False,
  'FS_CACHE_DIRECTORY': '__pyphi_cache__',
  'FS_CACHE_VERBOSITY': 0,
  'LOG_FILE': 'pyphi.log',
  'LOG_FILE_LEVEL': 'INFO',
  'LOG_STDOUT_LEVEL': 'WARNING',
  'MAXIMUM_CACHE_MEMORY_PERCENTAGE': 50,
  'MEASURE': 'EMD',
  'MONGODB_CONFIG': { 'collection_name': 'cache',
                      'database_name': 'pyphi',
                      'host': 'localhost',
                      'port': 27017},
  'NUMBER_OF_CORES': -1,
  'PARALLEL_COMPLEX_EVALUATION': False,
  'PARALLEL_CONCEPT_EVALUATION': False,
  'PARALLEL_CUT_EVALUATION': True,
  'PARTITION_TYPE': 'BI',
  'PICK_SMALLEST_PURVIEW': False,
  'PRECISION': 6,
  'PRINT_FRACTIONS': True,
  'PROGRESS_BARS': True,
  'REDIS_CACHE': False,
  'REDIS_CONFIG': {'db': 0, 'host': 'localhost', 'port': 6379, 'test_db': 1},
  'REPR_VERBOSITY': 2,
  'SINGLE_MICRO_NODES_WITH_SELFLOOPS_HAVE_PHI': False,
  'SYSTEM_CUTS': '3.0_STYLE',
  'USE_SMALL_PHI_DIFFERENCE_FOR_CES_DISTANCE': False,
  'VALIDATE_CONDITIONAL_INDEPENDENCE': True,
  'VALIDATE_SUBSYSTEM_STATES': True,
  'WELCOME_OFF': False}
2026-05-16 04:03:01,451 [pyphi.compute.subsystem] INFO MainProcess: Finished calculating big-phi data for Subsystem(n0, n1, n2, n3).
2026-05-16 04:03:01,452 [pyphi.compute.subsystem] INFO MainProcess: Calculating big-phi data for Subsystem(n0, n1, n2, n3)...
2026-05-16 04:03:01,639 [pyphi.conf] INFO Process-7: PyPhi v1.2.0
2026-05-16 04:03:01,639 [pyphi.conf] INFO Process-7: Using default configuration (no configuration file provided)
2026-05-16 04:03:01,639 [pyphi.conf] INFO Process-7: Current PyPhi configuration:
 { 'ASSUME_CUTS_CANNOT_CREATE_NEW_CONCEPTS': False,
  'CACHE_POTENTIAL_PURVIEWS': True,
  'CACHE_REPERTOIRES': True,
  'CACHE_SIAS': False,
  'CACHING_BACKEND': 'fs',
  'CLEAR_SUBSYSTEM_CACHES_AFTER_COMPUTING_SIA': False,
  'CUT_ONE_APPROXIMATION': False,
  'FS_CACHE_DIRECTORY': '__pyphi_cache__',
  'FS_CACHE_VERBOSITY': 0,
  'LOG_FILE': 'pyphi.log',
  'LOG_FILE_LEVEL': 'INFO',
  'LOG_STDOUT_LEVEL': 'WARNING',
  'MAXIMUM_CACHE_MEMORY_PERCENTAGE': 50,
  'MEASURE': 'EMD',
  'MONGODB_CONFIG': { 'collection_name': 'cache',
                      'database_name': 'pyphi',
                      'host': 'localhost',
                      'port': 27017},
  'NUMBER_OF_CORES': -1,
  'PARALLEL_COMPLEX_EVALUATION': False,
  'PARALLEL_CONCEPT_EVALUATION': False,
  'PARALLEL_CUT_EVALUATION': True,
  'PARTITION_TYPE': 'BI',
  'PICK_SMALLEST_PURVIEW': False,
  'PRECISION': 6,
  'PRINT_FRACTIONS': True,
  'PROGRESS_BARS': True,
  'REDIS_CACHE': False,
  'REDIS_CONFIG': {'db': 0, 'host': 'localhost', 'port': 6379, 'test_db': 1},
  'REPR_VERBOSITY': 2,
  'SINGLE_MICRO_NODES_WITH_SELFLOOPS_HAVE_PHI': False,
  'SYSTEM_CUTS': '3.0_STYLE',
  'USE_SMALL_PHI_DIFFERENCE_FOR_CES_DISTANCE': False,
  'VALIDATE_CONDITIONAL_INDEPENDENCE': True,
  'VALIDATE_SUBSYSTEM_STATES': True,
  'WELCOME_OFF': False}
2026-05-16 04:03:06,206 [pyphi.conf] INFO Process-8: PyPhi v1.2.0
2026-05-16 04:03:06,206 [pyphi.conf] INFO Process-8: Using default configuration (no configuration file provided)
2026-05-16 04:03:06,206 [pyphi.conf] INFO Process-8: Current PyPhi configuration:
 { 'ASSUME_CUTS_CANNOT_CREATE_NEW_CONCEPTS': False,
  'CACHE_POTENTIAL_PURVIEWS': True,
  'CACHE_REPERTOIRES': True,
  'CACHE_SIAS': False,
  'CACHING_BACKEND': 'fs',
  'CLEAR_SUBSYSTEM_CACHES_AFTER_COMPUTING_SIA': False,
  'CUT_ONE_APPROXIMATION': False,
  'FS_CACHE_DIRECTORY': '__pyphi_cache__',
  'FS_CACHE_VERBOSITY': 0,
  'LOG_FILE': 'pyphi.log',
  'LOG_FILE_LEVEL': 'INFO',
  'LOG_STDOUT_LEVEL': 'WARNING',
  'MAXIMUM_CACHE_MEMORY_PERCENTAGE': 50,
  'MEASURE': 'EMD',
  'MONGODB_CONFIG': { 'collection_name': 'cache',
                      'database_name': 'pyphi',
                      'host': 'localhost',
                      'port': 27017},
  'NUMBER_OF_CORES': -1,
  'PARALLEL_COMPLEX_EVALUATION': False,
  'PARALLEL_CONCEPT_EVALUATION': False,
  'PARALLEL_CUT_EVALUATION': True,
  'PARTITION_TYPE': 'BI',
  'PICK_SMALLEST_PURVIEW': False,
  'PRECISION': 6,
  'PRINT_FRACTIONS': True,
  'PROGRESS_BARS': True,
  'REDIS_CACHE': False,
  'REDIS_CONFIG': {'db': 0, 'host': 'localhost', 'port': 6379, 'test_db': 1},
  'REPR_VERBOSITY': 2,
  'SINGLE_MICRO_NODES_WITH_SELFLOOPS_HAVE_PHI': False,
  'SYSTEM_CUTS': '3.0_STYLE',
  'USE_SMALL_PHI_DIFFERENCE_FOR_CES_DISTANCE': False,
  'VALIDATE_CONDITIONAL_INDEPENDENCE': True,
  'VALIDATE_SUBSYSTEM_STATES': True,
  'WELCOME_OFF': False}
2026-05-16 04:03:15,249 [pyphi.compute.subsystem] INFO MainProcess: Finished calculating big-phi data for Subsystem(n0, n1, n2, n3).
2026-05-16 04:03:15,251 [pyphi.compute.subsystem] INFO MainProcess: Calculating big-phi data for Subsystem(n0, n1, n2, n3)...
2026-05-16 04:03:15,457 [pyphi.conf] INFO Process-9: PyPhi v1.2.0
2026-05-16 04:03:15,457 [pyphi.conf] INFO Process-9: Using default configuration (no configuration file provided)
2026-05-16 04:03:15,457 [pyphi.conf] INFO Process-9: Current PyPhi configuration:
 { 'ASSUME_CUTS_CANNOT_CREATE_NEW_CONCEPTS': False,
  'CACHE_POTENTIAL_PURVIEWS': True,
  'CACHE_REPERTOIRES': True,
  'CACHE_SIAS': False,
  'CACHING_BACKEND': 'fs',
  'CLEAR_SUBSYSTEM_CACHES_AFTER_COMPUTING_SIA': False,
  'CUT_ONE_APPROXIMATION': False,
  'FS_CACHE_DIRECTORY': '__pyphi_cache__',
  'FS_CACHE_VERBOSITY': 0,
  'LOG_FILE': 'pyphi.log',
  'LOG_FILE_LEVEL': 'INFO',
  'LOG_STDOUT_LEVEL': 'WARNING',
  'MAXIMUM_CACHE_MEMORY_PERCENTAGE': 50,
  'MEASURE': 'EMD',
  'MONGODB_CONFIG': { 'collection_name': 'cache',
                      'database_name': 'pyphi',
                      'host': 'localhost',
                      'port': 27017},
  'NUMBER_OF_CORES': -1,
  'PARALLEL_COMPLEX_EVALUATION': False,
  'PARALLEL_CONCEPT_EVALUATION': False,
  'PARALLEL_CUT_EVALUATION': True,
  'PARTITION_TYPE': 'BI',
  'PICK_SMALLEST_PURVIEW': False,
  'PRECISION': 6,
  'PRINT_FRACTIONS': True,
  'PROGRESS_BARS': True,
  'REDIS_CACHE': False,
  'REDIS_CONFIG': {'db': 0, 'host': 'localhost', 'port': 6379, 'test_db': 1},
  'REPR_VERBOSITY': 2,
  'SINGLE_MICRO_NODES_WITH_SELFLOOPS_HAVE_PHI': False,
  'SYSTEM_CUTS': '3.0_STYLE',
  'USE_SMALL_PHI_DIFFERENCE_FOR_CES_DISTANCE': False,
  'VALIDATE_CONDITIONAL_INDEPENDENCE': True,
  'VALIDATE_SUBSYSTEM_STATES': True,
  'WELCOME_OFF': False}
2026-05-16 04:03:20,488 [pyphi.conf] INFO Process-10: PyPhi v1.2.0
2026-05-16 04:03:20,488 [pyphi.conf] INFO Process-10: Using default configuration (no configuration file provided)
2026-05-16 04:03:20,489 [pyphi.conf] INFO Process-10: Current PyPhi configuration:
 { 'ASSUME_CUTS_CANNOT_CREATE_NEW_CONCEPTS': False,
  'CACHE_POTENTIAL_PURVIEWS': True,
  'CACHE_REPERTOIRES': True,
  'CACHE_SIAS': False,
  'CACHING_BACKEND': 'fs',
  'CLEAR_SUBSYSTEM_CACHES_AFTER_COMPUTING_SIA': False,
  'CUT_ONE_APPROXIMATION': False,
  'FS_CACHE_DIRECTORY': '__pyphi_cache__',
  'FS_CACHE_VERBOSITY': 0,
  'LOG_FILE': 'pyphi.log',
  'LOG_FILE_LEVEL': 'INFO',
  'LOG_STDOUT_LEVEL': 'WARNING',
  'MAXIMUM_CACHE_MEMORY_PERCENTAGE': 50,
  'MEASURE': 'EMD',
  'MONGODB_CONFIG': { 'collection_name': 'cache',
                      'database_name': 'pyphi',
                      'host': 'localhost',
                      'port': 27017},
  'NUMBER_OF_CORES': -1,
  'PARALLEL_COMPLEX_EVALUATION': False,
  'PARALLEL_CONCEPT_EVALUATION': False,
  'PARALLEL_CUT_EVALUATION': True,
  'PARTITION_TYPE': 'BI',
  'PICK_SMALLEST_PURVIEW': False,
  'PRECISION': 6,
  'PRINT_FRACTIONS': True,
  'PROGRESS_BARS': True,
  'REDIS_CACHE': False,
  'REDIS_CONFIG': {'db': 0, 'host': 'localhost', 'port': 6379, 'test_db': 1},
  'REPR_VERBOSITY': 2,
  'SINGLE_MICRO_NODES_WITH_SELFLOOPS_HAVE_PHI': False,
  'SYSTEM_CUTS': '3.0_STYLE',
  'USE_SMALL_PHI_DIFFERENCE_FOR_CES_DISTANCE': False,
  'VALIDATE_CONDITIONAL_INDEPENDENCE': True,
  'VALIDATE_SUBSYSTEM_STATES': True,
  'WELCOME_OFF': False}
2026-05-16 04:03:30,465 [pyphi.compute.subsystem] INFO MainProcess: Finished calculating big-phi data for Subsystem(n0, n1, n2, n3).
2026-05-16 04:03:30,467 [pyphi.compute.subsystem] INFO MainProcess: Calculating big-phi data for Subsystem(n0, n1, n2, n3)...
2026-05-16 04:03:30,688 [pyphi.conf] INFO Process-11: PyPhi v1.2.0
2026-05-16 04:03:30,688 [pyphi.conf] INFO Process-11: Using default configuration (no configuration file provided)
2026-05-16 04:03:30,688 [pyphi.conf] INFO Process-11: Current PyPhi configuration:
 { 'ASSUME_CUTS_CANNOT_CREATE_NEW_CONCEPTS': False,
  'CACHE_POTENTIAL_PURVIEWS': True,
  'CACHE_REPERTOIRES': True,
  'CACHE_SIAS': False,
  'CACHING_BACKEND': 'fs',
  'CLEAR_SUBSYSTEM_CACHES_AFTER_COMPUTING_SIA': False,
  'CUT_ONE_APPROXIMATION': False,
  'FS_CACHE_DIRECTORY': '__pyphi_cache__',
  'FS_CACHE_VERBOSITY': 0,
  'LOG_FILE': 'pyphi.log',
  'LOG_FILE_LEVEL': 'INFO',
  'LOG_STDOUT_LEVEL': 'WARNING',
  'MAXIMUM_CACHE_MEMORY_PERCENTAGE': 50,
  'MEASURE': 'EMD',
  'MONGODB_CONFIG': { 'collection_name': 'cache',
                      'database_name': 'pyphi',
                      'host': 'localhost',
                      'port': 27017},
  'NUMBER_OF_CORES': -1,
  'PARALLEL_COMPLEX_EVALUATION': False,
  'PARALLEL_CONCEPT_EVALUATION': False,
  'PARALLEL_CUT_EVALUATION': True,
  'PARTITION_TYPE': 'BI',
  'PICK_SMALLEST_PURVIEW': False,
  'PRECISION': 6,
  'PRINT_FRACTIONS': True,
  'PROGRESS_BARS': True,
  'REDIS_CACHE': False,
  'REDIS_CONFIG': {'db': 0, 'host': 'localhost', 'port': 6379, 'test_db': 1},
  'REPR_VERBOSITY': 2,
  'SINGLE_MICRO_NODES_WITH_SELFLOOPS_HAVE_PHI': False,
  'SYSTEM_CUTS': '3.0_STYLE',
  'USE_SMALL_PHI_DIFFERENCE_FOR_CES_DISTANCE': False,
  'VALIDATE_CONDITIONAL_INDEPENDENCE': True,
  'VALIDATE_SUBSYSTEM_STATES': True,
  'WELCOME_OFF': False}
2026-05-16 04:03:35,860 [pyphi.conf] INFO Process-12: PyPhi v1.2.0
2026-05-16 04:03:35,861 [pyphi.conf] INFO Process-12: Using default configuration (no configuration file provided)
2026-05-16 04:03:35,861 [pyphi.conf] INFO Process-12: Current PyPhi configuration:
 { 'ASSUME_CUTS_CANNOT_CREATE_NEW_CONCEPTS': False,
  'CACHE_POTENTIAL_PURVIEWS': True,
  'CACHE_REPERTOIRES': True,
  'CACHE_SIAS': False,
  'CACHING_BACKEND': 'fs',
  'CLEAR_SUBSYSTEM_CACHES_AFTER_COMPUTING_SIA': False,
  'CUT_ONE_APPROXIMATION': False,
  'FS_CACHE_DIRECTORY': '__pyphi_cache__',
  'FS_CACHE_VERBOSITY': 0,
  'LOG_FILE': 'pyphi.log',
  'LOG_FILE_LEVEL': 'INFO',
  'LOG_STDOUT_LEVEL': 'WARNING',
  'MAXIMUM_CACHE_MEMORY_PERCENTAGE': 50,
  'MEASURE': 'EMD',
  'MONGODB_CONFIG': { 'collection_name': 'cache',
                      'database_name': 'pyphi',
                      'host': 'localhost',
                      'port': 27017},
  'NUMBER_OF_CORES': -1,
  'PARALLEL_COMPLEX_EVALUATION': False,
  'PARALLEL_CONCEPT_EVALUATION': False,
  'PARALLEL_CUT_EVALUATION': True,
  'PARTITION_TYPE': 'BI',
  'PICK_SMALLEST_PURVIEW': False,
  'PRECISION': 6,
  'PRINT_FRACTIONS': True,
  'PROGRESS_BARS': True,
  'REDIS_CACHE': False,
  'REDIS_CONFIG': {'db': 0, 'host': 'localhost', 'port': 6379, 'test_db': 1},
  'REPR_VERBOSITY': 2,
  'SINGLE_MICRO_NODES_WITH_SELFLOOPS_HAVE_PHI': False,
  'SYSTEM_CUTS': '3.0_STYLE',
  'USE_SMALL_PHI_DIFFERENCE_FOR_CES_DISTANCE': False,
  'VALIDATE_CONDITIONAL_INDEPENDENCE': True,
  'VALIDATE_SUBSYSTEM_STATES': True,
  'WELCOME_OFF': False}
2026-05-16 04:03:45,354 [pyphi.compute.subsystem] INFO MainProcess: Finished calculating big-phi data for Subsystem(n0, n1, n2, n3).
2026-05-16 04:03:45,355 [pyphi.compute.subsystem] INFO MainProcess: Calculating big-phi data for Subsystem(n0, n1, n2, n3)...
2026-05-16 04:03:45,543 [pyphi.conf] INFO Process-13: PyPhi v1.2.0
2026-05-16 04:03:45,543 [pyphi.conf] INFO Process-13: Using default configuration (no configuration file provided)
2026-05-16 04:03:45,543 [pyphi.conf] INFO Process-13: Current PyPhi configuration:
 { 'ASSUME_CUTS_CANNOT_CREATE_NEW_CONCEPTS': False,
  'CACHE_POTENTIAL_PURVIEWS': True,
  'CACHE_REPERTOIRES': True,
  'CACHE_SIAS': False,
  'CACHING_BACKEND': 'fs',
  'CLEAR_SUBSYSTEM_CACHES_AFTER_COMPUTING_SIA': False,
  'CUT_ONE_APPROXIMATION': False,
  'FS_CACHE_DIRECTORY': '__pyphi_cache__',
  'FS_CACHE_VERBOSITY': 0,
  'LOG_FILE': 'pyphi.log',
  'LOG_FILE_LEVEL': 'INFO',
  'LOG_STDOUT_LEVEL': 'WARNING',
  'MAXIMUM_CACHE_MEMORY_PERCENTAGE': 50,
  'MEASURE': 'EMD',
  'MONGODB_CONFIG': { 'collection_name': 'cache',
                      'database_name': 'pyphi',
                      'host': 'localhost',
                      'port': 27017},
  'NUMBER_OF_CORES': -1,
  'PARALLEL_COMPLEX_EVALUATION': False,
  'PARALLEL_CONCEPT_EVALUATION': False,
  'PARALLEL_CUT_EVALUATION': True,
  'PARTITION_TYPE': 'BI',
  'PICK_SMALLEST_PURVIEW': False,
  'PRECISION': 6,
  'PRINT_FRACTIONS': True,
  'PROGRESS_BARS': True,
  'REDIS_CACHE': False,
  'REDIS_CONFIG': {'db': 0, 'host': 'localhost', 'port': 6379, 'test_db': 1},
  'REPR_VERBOSITY': 2,
  'SINGLE_MICRO_NODES_WITH_SELFLOOPS_HAVE_PHI': False,
  'SYSTEM_CUTS': '3.0_STYLE',
  'USE_SMALL_PHI_DIFFERENCE_FOR_CES_DISTANCE': False,
  'VALIDATE_CONDITIONAL_INDEPENDENCE': True,
  'VALIDATE_SUBSYSTEM_STATES': True,
  'WELCOME_OFF': False}
2026-05-16 04:03:50,815 [pyphi.conf] INFO Process-14: PyPhi v1.2.0
2026-05-16 04:03:50,815 [pyphi.conf] INFO Process-14: Using default configuration (no configuration file provided)
2026-05-16 04:03:50,815 [pyphi.conf] INFO Process-14: Current PyPhi configuration:
 { 'ASSUME_CUTS_CANNOT_CREATE_NEW_CONCEPTS': False,
  'CACHE_POTENTIAL_PURVIEWS': True,
  'CACHE_REPERTOIRES': True,
  'CACHE_SIAS': False,
  'CACHING_BACKEND': 'fs',
  'CLEAR_SUBSYSTEM_CACHES_AFTER_COMPUTING_SIA': False,
  'CUT_ONE_APPROXIMATION': False,
  'FS_CACHE_DIRECTORY': '__pyphi_cache__',
  'FS_CACHE_VERBOSITY': 0,
  'LOG_FILE': 'pyphi.log',
  'LOG_FILE_LEVEL': 'INFO',
  'LOG_STDOUT_LEVEL': 'WARNING',
  'MAXIMUM_CACHE_MEMORY_PERCENTAGE': 50,
  'MEASURE': 'EMD',
  'MONGODB_CONFIG': { 'collection_name': 'cache',
                      'database_name': 'pyphi',
                      'host': 'localhost',
                      'port': 27017},
  'NUMBER_OF_CORES': -1,
  'PARALLEL_COMPLEX_EVALUATION': False,
  'PARALLEL_CONCEPT_EVALUATION': False,
  'PARALLEL_CUT_EVALUATION': True,
  'PARTITION_TYPE': 'BI',
  'PICK_SMALLEST_PURVIEW': False,
  'PRECISION': 6,
  'PRINT_FRACTIONS': True,
  'PROGRESS_BARS': True,
  'REDIS_CACHE': False,
  'REDIS_CONFIG': {'db': 0, 'host': 'localhost', 'port': 6379, 'test_db': 1},
  'REPR_VERBOSITY': 2,
  'SINGLE_MICRO_NODES_WITH_SELFLOOPS_HAVE_PHI': False,
  'SYSTEM_CUTS': '3.0_STYLE',
  'USE_SMALL_PHI_DIFFERENCE_FOR_CES_DISTANCE': False,
  'VALIDATE_CONDITIONAL_INDEPENDENCE': True,
  'VALIDATE_SUBSYSTEM_STATES': True,
  'WELCOME_OFF': False}
2026-05-16 04:04:01,467 [pyphi.compute.subsystem] INFO MainProcess: Finished calculating big-phi data for Subsystem(n0, n1, n2, n3).
2026-05-16 04:04:01,469 [pyphi.compute.subsystem] INFO MainProcess: Calculating big-phi data for Subsystem(n0, n1, n2, n3)...
2026-05-16 04:04:01,702 [pyphi.conf] INFO Process-15: PyPhi v1.2.0
2026-05-16 04:04:01,703 [pyphi.conf] INFO Process-15: Using default configuration (no configuration file provided)
2026-05-16 04:04:01,703 [pyphi.conf] INFO Process-15: Current PyPhi configuration:
 { 'ASSUME_CUTS_CANNOT_CREATE_NEW_CONCEPTS': False,
  'CACHE_POTENTIAL_PURVIEWS': True,
  'CACHE_REPERTOIRES': True,
  'CACHE_SIAS': False,
  'CACHING_BACKEND': 'fs',
  'CLEAR_SUBSYSTEM_CACHES_AFTER_COMPUTING_SIA': False,
  'CUT_ONE_APPROXIMATION': False,
  'FS_CACHE_DIRECTORY': '__pyphi_cache__',
  'FS_CACHE_VERBOSITY': 0,
  'LOG_FILE': 'pyphi.log',
  'LOG_FILE_LEVEL': 'INFO',
  'LOG_STDOUT_LEVEL': 'WARNING',
  'MAXIMUM_CACHE_MEMORY_PERCENTAGE': 50,
  'MEASURE': 'EMD',
  'MONGODB_CONFIG': { 'collection_name': 'cache',
                      'database_name': 'pyphi',
                      'host': 'localhost',
                      'port': 27017},
  'NUMBER_OF_CORES': -1,
  'PARALLEL_COMPLEX_EVALUATION': False,
  'PARALLEL_CONCEPT_EVALUATION': False,
  'PARALLEL_CUT_EVALUATION': True,
  'PARTITION_TYPE': 'BI',
  'PICK_SMALLEST_PURVIEW': False,
  'PRECISION': 6,
  'PRINT_FRACTIONS': True,
  'PROGRESS_BARS': True,
  'REDIS_CACHE': False,
  'REDIS_CONFIG': {'db': 0, 'host': 'localhost', 'port': 6379, 'test_db': 1},
  'REPR_VERBOSITY': 2,
  'SINGLE_MICRO_NODES_WITH_SELFLOOPS_HAVE_PHI': False,
  'SYSTEM_CUTS': '3.0_STYLE',
  'USE_SMALL_PHI_DIFFERENCE_FOR_CES_DISTANCE': False,
  'VALIDATE_CONDITIONAL_INDEPENDENCE': True,
  'VALIDATE_SUBSYSTEM_STATES': True,
  'WELCOME_OFF': False}
2026-05-16 04:04:06,960 [pyphi.conf] INFO Process-16: PyPhi v1.2.0
2026-05-16 04:04:06,960 [pyphi.conf] INFO Process-16: Using default configuration (no configuration file provided)
2026-05-16 04:04:06,960 [pyphi.conf] INFO Process-16: Current PyPhi configuration:
 { 'ASSUME_CUTS_CANNOT_CREATE_NEW_CONCEPTS': False,
  'CACHE_POTENTIAL_PURVIEWS': True,
  'CACHE_REPERTOIRES': True,
  'CACHE_SIAS': False,
  'CACHING_BACKEND': 'fs',
  'CLEAR_SUBSYSTEM_CACHES_AFTER_COMPUTING_SIA': False,
  'CUT_ONE_APPROXIMATION': False,
  'FS_CACHE_DIRECTORY': '__pyphi_cache__',
  'FS_CACHE_VERBOSITY': 0,
  'LOG_FILE': 'pyphi.log',
  'LOG_FILE_LEVEL': 'INFO',
  'LOG_STDOUT_LEVEL': 'WARNING',
  'MAXIMUM_CACHE_MEMORY_PERCENTAGE': 50,
  'MEASURE': 'EMD',
  'MONGODB_CONFIG': { 'collection_name': 'cache',
                      'database_name': 'pyphi',
                      'host': 'localhost',
                      'port': 27017},
  'NUMBER_OF_CORES': -1,
  'PARALLEL_COMPLEX_EVALUATION': False,
  'PARALLEL_CONCEPT_EVALUATION': False,
  'PARALLEL_CUT_EVALUATION': True,
  'PARTITION_TYPE': 'BI',
  'PICK_SMALLEST_PURVIEW': False,
  'PRECISION': 6,
  'PRINT_FRACTIONS': True,
  'PROGRESS_BARS': True,
  'REDIS_CACHE': False,
  'REDIS_CONFIG': {'db': 0, 'host': 'localhost', 'port': 6379, 'test_db': 1},
  'REPR_VERBOSITY': 2,
  'SINGLE_MICRO_NODES_WITH_SELFLOOPS_HAVE_PHI': False,
  'SYSTEM_CUTS': '3.0_STYLE',
  'USE_SMALL_PHI_DIFFERENCE_FOR_CES_DISTANCE': False,
  'VALIDATE_CONDITIONAL_INDEPENDENCE': True,
  'VALIDATE_SUBSYSTEM_STATES': True,
  'WELCOME_OFF': False}
2026-05-16 04:04:18,646 [pyphi.compute.subsystem] INFO MainProcess: Finished calculating big-phi data for Subsystem(n0, n1, n2, n3).
2026-05-16 04:04:18,648 [pyphi.compute.subsystem] INFO MainProcess: Calculating big-phi data for Subsystem(n0, n1, n2, n3)...
2026-05-16 04:04:18,933 [pyphi.conf] INFO Process-17: PyPhi v1.2.0
2026-05-16 04:04:18,933 [pyphi.conf] INFO Process-17: Using default configuration (no configuration file provided)
2026-05-16 04:04:18,933 [pyphi.conf] INFO Process-17: Current PyPhi configuration:
 { 'ASSUME_CUTS_CANNOT_CREATE_NEW_CONCEPTS': False,
  'CACHE_POTENTIAL_PURVIEWS': True,
  'CACHE_REPERTOIRES': True,
  'CACHE_SIAS': False,
  'CACHING_BACKEND': 'fs',
  'CLEAR_SUBSYSTEM_CACHES_AFTER_COMPUTING_SIA': False,
  'CUT_ONE_APPROXIMATION': False,
  'FS_CACHE_DIRECTORY': '__pyphi_cache__',
  'FS_CACHE_VERBOSITY': 0,
  'LOG_FILE': 'pyphi.log',
  'LOG_FILE_LEVEL': 'INFO',
  'LOG_STDOUT_LEVEL': 'WARNING',
  'MAXIMUM_CACHE_MEMORY_PERCENTAGE': 50,
  'MEASURE': 'EMD',
  'MONGODB_CONFIG': { 'collection_name': 'cache',
                      'database_name': 'pyphi',
                      'host': 'localhost',
                      'port': 27017},
  'NUMBER_OF_CORES': -1,
  'PARALLEL_COMPLEX_EVALUATION': False,
  'PARALLEL_CONCEPT_EVALUATION': False,
  'PARALLEL_CUT_EVALUATION': True,
  'PARTITION_TYPE': 'BI',
  'PICK_SMALLEST_PURVIEW': False,
  'PRECISION': 6,
  'PRINT_FRACTIONS': True,
  'PROGRESS_BARS': True,
  'REDIS_CACHE': False,
  'REDIS_CONFIG': {'db': 0, 'host': 'localhost', 'port': 6379, 'test_db': 1},
  'REPR_VERBOSITY': 2,
  'SINGLE_MICRO_NODES_WITH_SELFLOOPS_HAVE_PHI': False,
  'SYSTEM_CUTS': '3.0_STYLE',
  'USE_SMALL_PHI_DIFFERENCE_FOR_CES_DISTANCE': False,
  'VALIDATE_CONDITIONAL_INDEPENDENCE': True,
  'VALIDATE_SUBSYSTEM_STATES': True,
  'WELCOME_OFF': False}
2026-05-16 04:04:33,107 [pyphi.conf] INFO Process-18: PyPhi v1.2.0
2026-05-16 04:04:33,107 [pyphi.conf] INFO Process-18: Using default configuration (no configuration file provided)
2026-05-16 04:04:33,108 [pyphi.conf] INFO Process-18: Current PyPhi configuration:
 { 'ASSUME_CUTS_CANNOT_CREATE_NEW_CONCEPTS': False,
  'CACHE_POTENTIAL_PURVIEWS': True,
  'CACHE_REPERTOIRES': True,
  'CACHE_SIAS': False,
  'CACHING_BACKEND': 'fs',
  'CLEAR_SUBSYSTEM_CACHES_AFTER_COMPUTING_SIA': False,
  'CUT_ONE_APPROXIMATION': False,
  'FS_CACHE_DIRECTORY': '__pyphi_cache__',
  'FS_CACHE_VERBOSITY': 0,
  'LOG_FILE': 'pyphi.log',
  'LOG_FILE_LEVEL': 'INFO',
  'LOG_STDOUT_LEVEL': 'WARNING',
  'MAXIMUM_CACHE_MEMORY_PERCENTAGE': 50,
  'MEASURE': 'EMD',
  'MONGODB_CONFIG': { 'collection_name': 'cache',
                      'database_name': 'pyphi',
                      'host': 'localhost',
                      'port': 27017},
  'NUMBER_OF_CORES': -1,
  'PARALLEL_COMPLEX_EVALUATION': False,
  'PARALLEL_CONCEPT_EVALUATION': False,
  'PARALLEL_CUT_EVALUATION': True,
  'PARTITION_TYPE': 'BI',
  'PICK_SMALLEST_PURVIEW': False,
  'PRECISION': 6,
  'PRINT_FRACTIONS': True,
  'PROGRESS_BARS': True,
  'REDIS_CACHE': False,
  'REDIS_CONFIG': {'db': 0, 'host': 'localhost', 'port': 6379, 'test_db': 1},
  'REPR_VERBOSITY': 2,
  'SINGLE_MICRO_NODES_WITH_SELFLOOPS_HAVE_PHI': False,
  'SYSTEM_CUTS': '3.0_STYLE',
  'USE_SMALL_PHI_DIFFERENCE_FOR_CES_DISTANCE': False,
  'VALIDATE_CONDITIONAL_INDEPENDENCE': True,
  'VALIDATE_SUBSYSTEM_STATES': True,
  'WELCOME_OFF': False}
2026-05-16 04:04:50,980 [pyphi.compute.subsystem] INFO MainProcess: Finished calculating big-phi data for Subsystem(n0, n1, n2, n3).
2026-05-16 04:04:50,982 [pyphi.compute.subsystem] INFO MainProcess: Calculating big-phi data for Subsystem(n0, n1, n2, n3)...
2026-05-16 04:04:51,383 [pyphi.conf] INFO Process-19: PyPhi v1.2.0
2026-05-16 04:04:51,384 [pyphi.conf] INFO Process-19: Using default configuration (no configuration file provided)
2026-05-16 04:04:51,384 [pyphi.conf] INFO Process-19: Current PyPhi configuration:
 { 'ASSUME_CUTS_CANNOT_CREATE_NEW_CONCEPTS': False,
  'CACHE_POTENTIAL_PURVIEWS': True,
  'CACHE_REPERTOIRES': True,
  'CACHE_SIAS': False,
  'CACHING_BACKEND': 'fs',
  'CLEAR_SUBSYSTEM_CACHES_AFTER_COMPUTING_SIA': False,
  'CUT_ONE_APPROXIMATION': False,
  'FS_CACHE_DIRECTORY': '__pyphi_cache__',
  'FS_CACHE_VERBOSITY': 0,
  'LOG_FILE': 'pyphi.log',
  'LOG_FILE_LEVEL': 'INFO',
  'LOG_STDOUT_LEVEL': 'WARNING',
  'MAXIMUM_CACHE_MEMORY_PERCENTAGE': 50,
  'MEASURE': 'EMD',
  'MONGODB_CONFIG': { 'collection_name': 'cache',
                      'database_name': 'pyphi',
                      'host': 'localhost',
                      'port': 27017},
  'NUMBER_OF_CORES': -1,
  'PARALLEL_COMPLEX_EVALUATION': False,
  'PARALLEL_CONCEPT_EVALUATION': False,
  'PARALLEL_CUT_EVALUATION': True,
  'PARTITION_TYPE': 'BI',
  'PICK_SMALLEST_PURVIEW': False,
  'PRECISION': 6,
  'PRINT_FRACTIONS': True,
  'PROGRESS_BARS': True,
  'REDIS_CACHE': False,
  'REDIS_CONFIG': {'db': 0, 'host': 'localhost', 'port': 6379, 'test_db': 1},
  'REPR_VERBOSITY': 2,
  'SINGLE_MICRO_NODES_WITH_SELFLOOPS_HAVE_PHI': False,
  'SYSTEM_CUTS': '3.0_STYLE',
  'USE_SMALL_PHI_DIFFERENCE_FOR_CES_DISTANCE': False,
  'VALIDATE_CONDITIONAL_INDEPENDENCE': True,
  'VALIDATE_SUBSYSTEM_STATES': True,
  'WELCOME_OFF': False}
2026-05-16 04:04:58,973 [pyphi.conf] INFO Process-20: PyPhi v1.2.0
2026-05-16 04:04:58,973 [pyphi.conf] INFO Process-20: Using default configuration (no configuration file provided)
2026-05-16 04:04:58,973 [pyphi.conf] INFO Process-20: Current PyPhi configuration:
 { 'ASSUME_CUTS_CANNOT_CREATE_NEW_CONCEPTS': False,
  'CACHE_POTENTIAL_PURVIEWS': True,
  'CACHE_REPERTOIRES': True,
  'CACHE_SIAS': False,
  'CACHING_BACKEND': 'fs',
  'CLEAR_SUBSYSTEM_CACHES_AFTER_COMPUTING_SIA': False,
  'CUT_ONE_APPROXIMATION': False,
  'FS_CACHE_DIRECTORY': '__pyphi_cache__',
  'FS_CACHE_VERBOSITY': 0,
  'LOG_FILE': 'pyphi.log',
  'LOG_FILE_LEVEL': 'INFO',
  'LOG_STDOUT_LEVEL': 'WARNING',
  'MAXIMUM_CACHE_MEMORY_PERCENTAGE': 50,
  'MEASURE': 'EMD',
  'MONGODB_CONFIG': { 'collection_name': 'cache',
                      'database_name': 'pyphi',
                      'host': 'localhost',
                      'port': 27017},
  'NUMBER_OF_CORES': -1,
  'PARALLEL_COMPLEX_EVALUATION': False,
  'PARALLEL_CONCEPT_EVALUATION': False,
  'PARALLEL_CUT_EVALUATION': True,
  'PARTITION_TYPE': 'BI',
  'PICK_SMALLEST_PURVIEW': False,
  'PRECISION': 6,
  'PRINT_FRACTIONS': True,
  'PROGRESS_BARS': True,
  'REDIS_CACHE': False,
  'REDIS_CONFIG': {'db': 0, 'host': 'localhost', 'port': 6379, 'test_db': 1},
  'REPR_VERBOSITY': 2,
  'SINGLE_MICRO_NODES_WITH_SELFLOOPS_HAVE_PHI': False,
  'SYSTEM_CUTS': '3.0_STYLE',
  'USE_SMALL_PHI_DIFFERENCE_FOR_CES_DISTANCE': False,
  'VALIDATE_CONDITIONAL_INDEPENDENCE': True,
  'VALIDATE_SUBSYSTEM_STATES': True,
  'WELCOME_OFF': False}
2026-05-16 04:05:10,273 [pyphi.compute.subsystem] INFO MainProcess: Finished calculating big-phi data for Subsystem(n0, n1, n2, n3).
2026-05-16 04:05:10,275 [pyphi.compute.subsystem] INFO MainProcess: Calculating big-phi data for Subsystem(n0, n1, n2, n3)...
2026-05-16 04:05:10,504 [pyphi.conf] INFO Process-21: PyPhi v1.2.0
2026-05-16 04:05:10,504 [pyphi.conf] INFO Process-21: Using default configuration (no configuration file provided)
2026-05-16 04:05:10,504 [pyphi.conf] INFO Process-21: Current PyPhi configuration:
 { 'ASSUME_CUTS_CANNOT_CREATE_NEW_CONCEPTS': False,
  'CACHE_POTENTIAL_PURVIEWS': True,
  'CACHE_REPERTOIRES': True,
  'CACHE_SIAS': False,
  'CACHING_BACKEND': 'fs',
  'CLEAR_SUBSYSTEM_CACHES_AFTER_COMPUTING_SIA': False,
  'CUT_ONE_APPROXIMATION': False,
  'FS_CACHE_DIRECTORY': '__pyphi_cache__',
  'FS_CACHE_VERBOSITY': 0,
  'LOG_FILE': 'pyphi.log',
  'LOG_FILE_LEVEL': 'INFO',
  'LOG_STDOUT_LEVEL': 'WARNING',
  'MAXIMUM_CACHE_MEMORY_PERCENTAGE': 50,
  'MEASURE': 'EMD',
  'MONGODB_CONFIG': { 'collection_name': 'cache',
                      'database_name': 'pyphi',
                      'host': 'localhost',
                      'port': 27017},
  'NUMBER_OF_CORES': -1,
  'PARALLEL_COMPLEX_EVALUATION': False,
  'PARALLEL_CONCEPT_EVALUATION': False,
  'PARALLEL_CUT_EVALUATION': True,
  'PARTITION_TYPE': 'BI',
  'PICK_SMALLEST_PURVIEW': False,
  'PRECISION': 6,
  'PRINT_FRACTIONS': True,
  'PROGRESS_BARS': True,
  'REDIS_CACHE': False,
  'REDIS_CONFIG': {'db': 0, 'host': 'localhost', 'port': 6379, 'test_db': 1},
  'REPR_VERBOSITY': 2,
  'SINGLE_MICRO_NODES_WITH_SELFLOOPS_HAVE_PHI': False,
  'SYSTEM_CUTS': '3.0_STYLE',
  'USE_SMALL_PHI_DIFFERENCE_FOR_CES_DISTANCE': False,
  'VALIDATE_CONDITIONAL_INDEPENDENCE': True,
  'VALIDATE_SUBSYSTEM_STATES': True,
  'WELCOME_OFF': False}
2026-05-16 04:05:15,323 [pyphi.conf] INFO Process-22: PyPhi v1.2.0
2026-05-16 04:05:15,323 [pyphi.conf] INFO Process-22: Using default configuration (no configuration file provided)
2026-05-16 04:05:15,323 [pyphi.conf] INFO Process-22: Current PyPhi configuration:
 { 'ASSUME_CUTS_CANNOT_CREATE_NEW_CONCEPTS': False,
  'CACHE_POTENTIAL_PURVIEWS': True,
  'CACHE_REPERTOIRES': True,
  'CACHE_SIAS': False,
  'CACHING_BACKEND': 'fs',
  'CLEAR_SUBSYSTEM_CACHES_AFTER_COMPUTING_SIA': False,
  'CUT_ONE_APPROXIMATION': False,
  'FS_CACHE_DIRECTORY': '__pyphi_cache__',
  'FS_CACHE_VERBOSITY': 0,
  'LOG_FILE': 'pyphi.log',
  'LOG_FILE_LEVEL': 'INFO',
  'LOG_STDOUT_LEVEL': 'WARNING',
  'MAXIMUM_CACHE_MEMORY_PERCENTAGE': 50,
  'MEASURE': 'EMD',
  'MONGODB_CONFIG': { 'collection_name': 'cache',
                      'database_name': 'pyphi',
                      'host': 'localhost',
                      'port': 27017},
  'NUMBER_OF_CORES': -1,
  'PARALLEL_COMPLEX_EVALUATION': False,
  'PARALLEL_CONCEPT_EVALUATION': False,
  'PARALLEL_CUT_EVALUATION': True,
  'PARTITION_TYPE': 'BI',
  'PICK_SMALLEST_PURVIEW': False,
  'PRECISION': 6,
  'PRINT_FRACTIONS': True,
  'PROGRESS_BARS': True,
  'REDIS_CACHE': False,
  'REDIS_CONFIG': {'db': 0, 'host': 'localhost', 'port': 6379, 'test_db': 1},
  'REPR_VERBOSITY': 2,
  'SINGLE_MICRO_NODES_WITH_SELFLOOPS_HAVE_PHI': False,
  'SYSTEM_CUTS': '3.0_STYLE',
  'USE_SMALL_PHI_DIFFERENCE_FOR_CES_DISTANCE': False,
  'VALIDATE_CONDITIONAL_INDEPENDENCE': True,
  'VALIDATE_SUBSYSTEM_STATES': True,
  'WELCOME_OFF': False}
2026-05-16 04:05:20,196 [pyphi.compute.subsystem] INFO MainProcess: Finished calculating big-phi data for Subsystem(n0, n1, n2, n3).
2026-05-16 04:05:20,198 [pyphi.compute.subsystem] INFO MainProcess: Calculating big-phi data for Subsystem(n0, n1, n2, n3)...
2026-05-16 04:05:20,435 [pyphi.conf] INFO Process-23: PyPhi v1.2.0
2026-05-16 04:05:20,435 [pyphi.conf] INFO Process-23: Using default configuration (no configuration file provided)
2026-05-16 04:05:20,436 [pyphi.conf] INFO Process-23: Current PyPhi configuration:
 { 'ASSUME_CUTS_CANNOT_CREATE_NEW_CONCEPTS': False,
  'CACHE_POTENTIAL_PURVIEWS': True,
  'CACHE_REPERTOIRES': True,
  'CACHE_SIAS': False,
  'CACHING_BACKEND': 'fs',
  'CLEAR_SUBSYSTEM_CACHES_AFTER_COMPUTING_SIA': False,
  'CUT_ONE_APPROXIMATION': False,
  'FS_CACHE_DIRECTORY': '__pyphi_cache__',
  'FS_CACHE_VERBOSITY': 0,
  'LOG_FILE': 'pyphi.log',
  'LOG_FILE_LEVEL': 'INFO',
  'LOG_STDOUT_LEVEL': 'WARNING',
  'MAXIMUM_CACHE_MEMORY_PERCENTAGE': 50,
  'MEASURE': 'EMD',
  'MONGODB_CONFIG': { 'collection_name': 'cache',
                      'database_name': 'pyphi',
                      'host': 'localhost',
                      'port': 27017},
  'NUMBER_OF_CORES': -1,
  'PARALLEL_COMPLEX_EVALUATION': False,
  'PARALLEL_CONCEPT_EVALUATION': False,
  'PARALLEL_CUT_EVALUATION': True,
  'PARTITION_TYPE': 'BI',
  'PICK_SMALLEST_PURVIEW': False,
  'PRECISION': 6,
  'PRINT_FRACTIONS': True,
  'PROGRESS_BARS': True,
  'REDIS_CACHE': False,
  'REDIS_CONFIG': {'db': 0, 'host': 'localhost', 'port': 6379, 'test_db': 1},
  'REPR_VERBOSITY': 2,
  'SINGLE_MICRO_NODES_WITH_SELFLOOPS_HAVE_PHI': False,
  'SYSTEM_CUTS': '3.0_STYLE',
  'USE_SMALL_PHI_DIFFERENCE_FOR_CES_DISTANCE': False,
  'VALIDATE_CONDITIONAL_INDEPENDENCE': True,
  'VALIDATE_SUBSYSTEM_STATES': True,
  'WELCOME_OFF': False}
2026-05-16 04:05:24,905 [pyphi.conf] INFO Process-24: PyPhi v1.2.0
2026-05-16 04:05:24,905 [pyphi.conf] INFO Process-24: Using default configuration (no configuration file provided)
2026-05-16 04:05:24,906 [pyphi.conf] INFO Process-24: Current PyPhi configuration:
 { 'ASSUME_CUTS_CANNOT_CREATE_NEW_CONCEPTS': False,
  'CACHE_POTENTIAL_PURVIEWS': True,
  'CACHE_REPERTOIRES': True,
  'CACHE_SIAS': False,
  'CACHING_BACKEND': 'fs',
  'CLEAR_SUBSYSTEM_CACHES_AFTER_COMPUTING_SIA': False,
  'CUT_ONE_APPROXIMATION': False,
  'FS_CACHE_DIRECTORY': '__pyphi_cache__',
  'FS_CACHE_VERBOSITY': 0,
  'LOG_FILE': 'pyphi.log',
  'LOG_FILE_LEVEL': 'INFO',
  'LOG_STDOUT_LEVEL': 'WARNING',
  'MAXIMUM_CACHE_MEMORY_PERCENTAGE': 50,
  'MEASURE': 'EMD',
  'MONGODB_CONFIG': { 'collection_name': 'cache',
                      'database_name': 'pyphi',
                      'host': 'localhost',
                      'port': 27017},
  'NUMBER_OF_CORES': -1,
  'PARALLEL_COMPLEX_EVALUATION': False,
  'PARALLEL_CONCEPT_EVALUATION': False,
  'PARALLEL_CUT_EVALUATION': True,
  'PARTITION_TYPE': 'BI',
  'PICK_SMALLEST_PURVIEW': False,
  'PRECISION': 6,
  'PRINT_FRACTIONS': True,
  'PROGRESS_BARS': True,
  'REDIS_CACHE': False,
  'REDIS_CONFIG': {'db': 0, 'host': 'localhost', 'port': 6379, 'test_db': 1},
  'REPR_VERBOSITY': 2,
  'SINGLE_MICRO_NODES_WITH_SELFLOOPS_HAVE_PHI': False,
  'SYSTEM_CUTS': '3.0_STYLE',
  'USE_SMALL_PHI_DIFFERENCE_FOR_CES_DISTANCE': False,
  'VALIDATE_CONDITIONAL_INDEPENDENCE': True,
  'VALIDATE_SUBSYSTEM_STATES': True,
  'WELCOME_OFF': False}
2026-05-16 04:05:29,258 [pyphi.compute.subsystem] INFO MainProcess: Finished calculating big-phi data for Subsystem(n0, n1, n2, n3).
2026-05-16 04:05:29,260 [pyphi.compute.subsystem] INFO MainProcess: Calculating big-phi data for Subsystem(n0, n1, n2, n3)...
2026-05-16 04:05:29,492 [pyphi.conf] INFO Process-25: PyPhi v1.2.0
2026-05-16 04:05:29,493 [pyphi.conf] INFO Process-25: Using default configuration (no configuration file provided)
2026-05-16 04:05:29,493 [pyphi.conf] INFO Process-25: Current PyPhi configuration:
 { 'ASSUME_CUTS_CANNOT_CREATE_NEW_CONCEPTS': False,
  'CACHE_POTENTIAL_PURVIEWS': True,
  'CACHE_REPERTOIRES': True,
  'CACHE_SIAS': False,
  'CACHING_BACKEND': 'fs',
  'CLEAR_SUBSYSTEM_CACHES_AFTER_COMPUTING_SIA': False,
  'CUT_ONE_APPROXIMATION': False,
  'FS_CACHE_DIRECTORY': '__pyphi_cache__',
  'FS_CACHE_VERBOSITY': 0,
  'LOG_FILE': 'pyphi.log',
  'LOG_FILE_LEVEL': 'INFO',
  'LOG_STDOUT_LEVEL': 'WARNING',
  'MAXIMUM_CACHE_MEMORY_PERCENTAGE': 50,
  'MEASURE': 'EMD',
  'MONGODB_CONFIG': { 'collection_name': 'cache',
                      'database_name': 'pyphi',
                      'host': 'localhost',
                      'port': 27017},
  'NUMBER_OF_CORES': -1,
  'PARALLEL_COMPLEX_EVALUATION': False,
  'PARALLEL_CONCEPT_EVALUATION': False,
  'PARALLEL_CUT_EVALUATION': True,
  'PARTITION_TYPE': 'BI',
  'PICK_SMALLEST_PURVIEW': False,
  'PRECISION': 6,
  'PRINT_FRACTIONS': True,
  'PROGRESS_BARS': True,
  'REDIS_CACHE': False,
  'REDIS_CONFIG': {'db': 0, 'host': 'localhost', 'port': 6379, 'test_db': 1},
  'REPR_VERBOSITY': 2,
  'SINGLE_MICRO_NODES_WITH_SELFLOOPS_HAVE_PHI': False,
  'SYSTEM_CUTS': '3.0_STYLE',
  'USE_SMALL_PHI_DIFFERENCE_FOR_CES_DISTANCE': False,
  'VALIDATE_CONDITIONAL_INDEPENDENCE': True,
  'VALIDATE_SUBSYSTEM_STATES': True,
  'WELCOME_OFF': False}
2026-05-16 04:05:33,927 [pyphi.conf] INFO Process-26: PyPhi v1.2.0
2026-05-16 04:05:33,927 [pyphi.conf] INFO Process-26: Using default configuration (no configuration file provided)
2026-05-16 04:05:33,927 [pyphi.conf] INFO Process-26: Current PyPhi configuration:
 { 'ASSUME_CUTS_CANNOT_CREATE_NEW_CONCEPTS': False,
  'CACHE_POTENTIAL_PURVIEWS': True,
  'CACHE_REPERTOIRES': True,
  'CACHE_SIAS': False,
  'CACHING_BACKEND': 'fs',
  'CLEAR_SUBSYSTEM_CACHES_AFTER_COMPUTING_SIA': False,
  'CUT_ONE_APPROXIMATION': False,
  'FS_CACHE_DIRECTORY': '__pyphi_cache__',
  'FS_CACHE_VERBOSITY': 0,
  'LOG_FILE': 'pyphi.log',
  'LOG_FILE_LEVEL': 'INFO',
  'LOG_STDOUT_LEVEL': 'WARNING',
  'MAXIMUM_CACHE_MEMORY_PERCENTAGE': 50,
  'MEASURE': 'EMD',
  'MONGODB_CONFIG': { 'collection_name': 'cache',
                      'database_name': 'pyphi',
                      'host': 'localhost',
                      'port': 27017},
  'NUMBER_OF_CORES': -1,
  'PARALLEL_COMPLEX_EVALUATION': False,
  'PARALLEL_CONCEPT_EVALUATION': False,
  'PARALLEL_CUT_EVALUATION': True,
  'PARTITION_TYPE': 'BI',
  'PICK_SMALLEST_PURVIEW': False,
  'PRECISION': 6,
  'PRINT_FRACTIONS': True,
  'PROGRESS_BARS': True,
  'REDIS_CACHE': False,
  'REDIS_CONFIG': {'db': 0, 'host': 'localhost', 'port': 6379, 'test_db': 1},
  'REPR_VERBOSITY': 2,
  'SINGLE_MICRO_NODES_WITH_SELFLOOPS_HAVE_PHI': False,
  'SYSTEM_CUTS': '3.0_STYLE',
  'USE_SMALL_PHI_DIFFERENCE_FOR_CES_DISTANCE': False,
  'VALIDATE_CONDITIONAL_INDEPENDENCE': True,
  'VALIDATE_SUBSYSTEM_STATES': True,
  'WELCOME_OFF': False}
2026-05-16 04:05:38,104 [pyphi.compute.subsystem] INFO MainProcess: Finished calculating big-phi data for Subsystem(n0, n1, n2, n3).
2026-05-16 04:05:38,105 [pyphi.compute.subsystem] INFO MainProcess: Calculating big-phi data for Subsystem(n0, n1, n2, n3)...
2026-05-16 04:05:38,293 [pyphi.conf] INFO Process-27: PyPhi v1.2.0
2026-05-16 04:05:38,293 [pyphi.conf] INFO Process-27: Using default configuration (no configuration file provided)
2026-05-16 04:05:38,294 [pyphi.conf] INFO Process-27: Current PyPhi configuration:
 { 'ASSUME_CUTS_CANNOT_CREATE_NEW_CONCEPTS': False,
  'CACHE_POTENTIAL_PURVIEWS': True,
  'CACHE_REPERTOIRES': True,
  'CACHE_SIAS': False,
  'CACHING_BACKEND': 'fs',
  'CLEAR_SUBSYSTEM_CACHES_AFTER_COMPUTING_SIA': False,
  'CUT_ONE_APPROXIMATION': False,
  'FS_CACHE_DIRECTORY': '__pyphi_cache__',
  'FS_CACHE_VERBOSITY': 0,
  'LOG_FILE': 'pyphi.log',
  'LOG_FILE_LEVEL': 'INFO',
  'LOG_STDOUT_LEVEL': 'WARNING',
  'MAXIMUM_CACHE_MEMORY_PERCENTAGE': 50,
  'MEASURE': 'EMD',
  'MONGODB_CONFIG': { 'collection_name': 'cache',
                      'database_name': 'pyphi',
                      'host': 'localhost',
                      'port': 27017},
  'NUMBER_OF_CORES': -1,
  'PARALLEL_COMPLEX_EVALUATION': False,
  'PARALLEL_CONCEPT_EVALUATION': False,
  'PARALLEL_CUT_EVALUATION': True,
  'PARTITION_TYPE': 'BI',
  'PICK_SMALLEST_PURVIEW': False,
  'PRECISION': 6,
  'PRINT_FRACTIONS': True,
  'PROGRESS_BARS': True,
  'REDIS_CACHE': False,
  'REDIS_CONFIG': {'db': 0, 'host': 'localhost', 'port': 6379, 'test_db': 1},
  'REPR_VERBOSITY': 2,
  'SINGLE_MICRO_NODES_WITH_SELFLOOPS_HAVE_PHI': False,
  'SYSTEM_CUTS': '3.0_STYLE',
  'USE_SMALL_PHI_DIFFERENCE_FOR_CES_DISTANCE': False,
  'VALIDATE_CONDITIONAL_INDEPENDENCE': True,
  'VALIDATE_SUBSYSTEM_STATES': True,
  'WELCOME_OFF': False}
2026-05-16 04:05:42,530 [pyphi.conf] INFO Process-28: PyPhi v1.2.0
2026-05-16 04:05:42,530 [pyphi.conf] INFO Process-28: Using default configuration (no configuration file provided)
2026-05-16 04:05:42,530 [pyphi.conf] INFO Process-28: Current PyPhi configuration:
 { 'ASSUME_CUTS_CANNOT_CREATE_NEW_CONCEPTS': False,
  'CACHE_POTENTIAL_PURVIEWS': True,
  'CACHE_REPERTOIRES': True,
  'CACHE_SIAS': False,
  'CACHING_BACKEND': 'fs',
  'CLEAR_SUBSYSTEM_CACHES_AFTER_COMPUTING_SIA': False,
  'CUT_ONE_APPROXIMATION': False,
  'FS_CACHE_DIRECTORY': '__pyphi_cache__',
  'FS_CACHE_VERBOSITY': 0,
  'LOG_FILE': 'pyphi.log',
  'LOG_FILE_LEVEL': 'INFO',
  'LOG_STDOUT_LEVEL': 'WARNING',
  'MAXIMUM_CACHE_MEMORY_PERCENTAGE': 50,
  'MEASURE': 'EMD',
  'MONGODB_CONFIG': { 'collection_name': 'cache',
                      'database_name': 'pyphi',
                      'host': 'localhost',
                      'port': 27017},
  'NUMBER_OF_CORES': -1,
  'PARALLEL_COMPLEX_EVALUATION': False,
  'PARALLEL_CONCEPT_EVALUATION': False,
  'PARALLEL_CUT_EVALUATION': True,
  'PARTITION_TYPE': 'BI',
  'PICK_SMALLEST_PURVIEW': False,
  'PRECISION': 6,
  'PRINT_FRACTIONS': True,
  'PROGRESS_BARS': True,
  'REDIS_CACHE': False,
  'REDIS_CONFIG': {'db': 0, 'host': 'localhost', 'port': 6379, 'test_db': 1},
  'REPR_VERBOSITY': 2,
  'SINGLE_MICRO_NODES_WITH_SELFLOOPS_HAVE_PHI': False,
  'SYSTEM_CUTS': '3.0_STYLE',
  'USE_SMALL_PHI_DIFFERENCE_FOR_CES_DISTANCE': False,
  'VALIDATE_CONDITIONAL_INDEPENDENCE': True,
  'VALIDATE_SUBSYSTEM_STATES': True,
  'WELCOME_OFF': False}
2026-05-16 04:05:46,555 [pyphi.compute.subsystem] INFO MainProcess: Finished calculating big-phi data for Subsystem(n0, n1, n2, n3).
2026-05-16 04:05:46,556 [pyphi.compute.subsystem] INFO MainProcess: Calculating big-phi data for Subsystem(n0, n1, n2, n3)...
2026-05-16 04:05:46,754 [pyphi.conf] INFO Process-29: PyPhi v1.2.0
2026-05-16 04:05:46,755 [pyphi.conf] INFO Process-29: Using default configuration (no configuration file provided)
2026-05-16 04:05:46,755 [pyphi.conf] INFO Process-29: Current PyPhi configuration:
 { 'ASSUME_CUTS_CANNOT_CREATE_NEW_CONCEPTS': False,
  'CACHE_POTENTIAL_PURVIEWS': True,
  'CACHE_REPERTOIRES': True,
  'CACHE_SIAS': False,
  'CACHING_BACKEND': 'fs',
  'CLEAR_SUBSYSTEM_CACHES_AFTER_COMPUTING_SIA': False,
  'CUT_ONE_APPROXIMATION': False,
  'FS_CACHE_DIRECTORY': '__pyphi_cache__',
  'FS_CACHE_VERBOSITY': 0,
  'LOG_FILE': 'pyphi.log',
  'LOG_FILE_LEVEL': 'INFO',
  'LOG_STDOUT_LEVEL': 'WARNING',
  'MAXIMUM_CACHE_MEMORY_PERCENTAGE': 50,
  'MEASURE': 'EMD',
  'MONGODB_CONFIG': { 'collection_name': 'cache',
                      'database_name': 'pyphi',
                      'host': 'localhost',
                      'port': 27017},
  'NUMBER_OF_CORES': -1,
  'PARALLEL_COMPLEX_EVALUATION': False,
  'PARALLEL_CONCEPT_EVALUATION': False,
  'PARALLEL_CUT_EVALUATION': True,
  'PARTITION_TYPE': 'BI',
  'PICK_SMALLEST_PURVIEW': False,
  'PRECISION': 6,
  'PRINT_FRACTIONS': True,
  'PROGRESS_BARS': True,
  'REDIS_CACHE': False,
  'REDIS_CONFIG': {'db': 0, 'host': 'localhost', 'port': 6379, 'test_db': 1},
  'REPR_VERBOSITY': 2,
  'SINGLE_MICRO_NODES_WITH_SELFLOOPS_HAVE_PHI': False,
  'SYSTEM_CUTS': '3.0_STYLE',
  'USE_SMALL_PHI_DIFFERENCE_FOR_CES_DISTANCE': False,
  'VALIDATE_CONDITIONAL_INDEPENDENCE': True,
  'VALIDATE_SUBSYSTEM_STATES': True,
  'WELCOME_OFF': False}
2026-05-16 04:05:50,944 [pyphi.conf] INFO Process-30: PyPhi v1.2.0
2026-05-16 04:05:50,945 [pyphi.conf] INFO Process-30: Using default configuration (no configuration file provided)
2026-05-16 04:05:50,945 [pyphi.conf] INFO Process-30: Current PyPhi configuration:
 { 'ASSUME_CUTS_CANNOT_CREATE_NEW_CONCEPTS': False,
  'CACHE_POTENTIAL_PURVIEWS': True,
  'CACHE_REPERTOIRES': True,
  'CACHE_SIAS': False,
  'CACHING_BACKEND': 'fs',
  'CLEAR_SUBSYSTEM_CACHES_AFTER_COMPUTING_SIA': False,
  'CUT_ONE_APPROXIMATION': False,
  'FS_CACHE_DIRECTORY': '__pyphi_cache__',
  'FS_CACHE_VERBOSITY': 0,
  'LOG_FILE': 'pyphi.log',
  'LOG_FILE_LEVEL': 'INFO',
  'LOG_STDOUT_LEVEL': 'WARNING',
  'MAXIMUM_CACHE_MEMORY_PERCENTAGE': 50,
  'MEASURE': 'EMD',
  'MONGODB_CONFIG': { 'collection_name': 'cache',
                      'database_name': 'pyphi',
                      'host': 'localhost',
                      'port': 27017},
  'NUMBER_OF_CORES': -1,
  'PARALLEL_COMPLEX_EVALUATION': False,
  'PARALLEL_CONCEPT_EVALUATION': False,
  'PARALLEL_CUT_EVALUATION': True,
  'PARTITION_TYPE': 'BI',
  'PICK_SMALLEST_PURVIEW': False,
  'PRECISION': 6,
  'PRINT_FRACTIONS': True,
  'PROGRESS_BARS': True,
  'REDIS_CACHE': False,
  'REDIS_CONFIG': {'db': 0, 'host': 'localhost', 'port': 6379, 'test_db': 1},
  'REPR_VERBOSITY': 2,
  'SINGLE_MICRO_NODES_WITH_SELFLOOPS_HAVE_PHI': False,
  'SYSTEM_CUTS': '3.0_STYLE',
  'USE_SMALL_PHI_DIFFERENCE_FOR_CES_DISTANCE': False,
  'VALIDATE_CONDITIONAL_INDEPENDENCE': True,
  'VALIDATE_SUBSYSTEM_STATES': True,
  'WELCOME_OFF': False}
2026-05-16 04:05:55,496 [pyphi.compute.subsystem] INFO MainProcess: Finished calculating big-phi data for Subsystem(n0, n1, n2, n3).
2026-05-16 04:05:55,497 [pyphi.compute.subsystem] INFO MainProcess: Calculating big-phi data for Subsystem(n0, n1, n2, n3)...
2026-05-16 04:05:55,716 [pyphi.conf] INFO Process-31: PyPhi v1.2.0
2026-05-16 04:05:55,716 [pyphi.conf] INFO Process-31: Using default configuration (no configuration file provided)
2026-05-16 04:05:55,716 [pyphi.conf] INFO Process-31: Current PyPhi configuration:
 { 'ASSUME_CUTS_CANNOT_CREATE_NEW_CONCEPTS': False,
  'CACHE_POTENTIAL_PURVIEWS': True,
  'CACHE_REPERTOIRES': True,
  'CACHE_SIAS': False,
  'CACHING_BACKEND': 'fs',
  'CLEAR_SUBSYSTEM_CACHES_AFTER_COMPUTING_SIA': False,
  'CUT_ONE_APPROXIMATION': False,
  'FS_CACHE_DIRECTORY': '__pyphi_cache__',
  'FS_CACHE_VERBOSITY': 0,
  'LOG_FILE': 'pyphi.log',
  'LOG_FILE_LEVEL': 'INFO',
  'LOG_STDOUT_LEVEL': 'WARNING',
  'MAXIMUM_CACHE_MEMORY_PERCENTAGE': 50,
  'MEASURE': 'EMD',
  'MONGODB_CONFIG': { 'collection_name': 'cache',
                      'database_name': 'pyphi',
                      'host': 'localhost',
                      'port': 27017},
  'NUMBER_OF_CORES': -1,
  'PARALLEL_COMPLEX_EVALUATION': False,
  'PARALLEL_CONCEPT_EVALUATION': False,
  'PARALLEL_CUT_EVALUATION': True,
  'PARTITION_TYPE': 'BI',
  'PICK_SMALLEST_PURVIEW': False,
  'PRECISION': 6,
  'PRINT_FRACTIONS': True,
  'PROGRESS_BARS': True,
  'REDIS_CACHE': False,
  'REDIS_CONFIG': {'db': 0, 'host': 'localhost', 'port': 6379, 'test_db': 1},
  'REPR_VERBOSITY': 2,
  'SINGLE_MICRO_NODES_WITH_SELFLOOPS_HAVE_PHI': False,
  'SYSTEM_CUTS': '3.0_STYLE',
  'USE_SMALL_PHI_DIFFERENCE_FOR_CES_DISTANCE': False,
  'VALIDATE_CONDITIONAL_INDEPENDENCE': True,
  'VALIDATE_SUBSYSTEM_STATES': True,
  'WELCOME_OFF': False}
2026-05-16 04:06:00,082 [pyphi.conf] INFO Process-32: PyPhi v1.2.0
2026-05-16 04:06:00,082 [pyphi.conf] INFO Process-32: Using default configuration (no configuration file provided)
2026-05-16 04:06:00,083 [pyphi.conf] INFO Process-32: Current PyPhi configuration:
 { 'ASSUME_CUTS_CANNOT_CREATE_NEW_CONCEPTS': False,
  'CACHE_POTENTIAL_PURVIEWS': True,
  'CACHE_REPERTOIRES': True,
  'CACHE_SIAS': False,
  'CACHING_BACKEND': 'fs',
  'CLEAR_SUBSYSTEM_CACHES_AFTER_COMPUTING_SIA': False,
  'CUT_ONE_APPROXIMATION': False,
  'FS_CACHE_DIRECTORY': '__pyphi_cache__',
  'FS_CACHE_VERBOSITY': 0,
  'LOG_FILE': 'pyphi.log',
  'LOG_FILE_LEVEL': 'INFO',
  'LOG_STDOUT_LEVEL': 'WARNING',
  'MAXIMUM_CACHE_MEMORY_PERCENTAGE': 50,
  'MEASURE': 'EMD',
  'MONGODB_CONFIG': { 'collection_name': 'cache',
                      'database_name': 'pyphi',
                      'host': 'localhost',
                      'port': 27017},
  'NUMBER_OF_CORES': -1,
  'PARALLEL_COMPLEX_EVALUATION': False,
  'PARALLEL_CONCEPT_EVALUATION': False,
  'PARALLEL_CUT_EVALUATION': True,
  'PARTITION_TYPE': 'BI',
  'PICK_SMALLEST_PURVIEW': False,
  'PRECISION': 6,
  'PRINT_FRACTIONS': True,
  'PROGRESS_BARS': True,
  'REDIS_CACHE': False,
  'REDIS_CONFIG': {'db': 0, 'host': 'localhost', 'port': 6379, 'test_db': 1},
  'REPR_VERBOSITY': 2,
  'SINGLE_MICRO_NODES_WITH_SELFLOOPS_HAVE_PHI': False,
  'SYSTEM_CUTS': '3.0_STYLE',
  'USE_SMALL_PHI_DIFFERENCE_FOR_CES_DISTANCE': False,
  'VALIDATE_CONDITIONAL_INDEPENDENCE': True,
  'VALIDATE_SUBSYSTEM_STATES': True,
  'WELCOME_OFF': False}
2026-05-16 04:06:04,203 [pyphi.compute.subsystem] INFO MainProcess: Finished calculating big-phi data for Subsystem(n0, n1, n2, n3).
2026-05-16 04:06:04,204 [pyphi.compute.subsystem] INFO MainProcess: Calculating big-phi data for Subsystem(n0, n1, n2, n3)...
2026-05-16 04:06:04,396 [pyphi.conf] INFO Process-33: PyPhi v1.2.0
2026-05-16 04:06:04,396 [pyphi.conf] INFO Process-33: Using default configuration (no configuration file provided)
2026-05-16 04:06:04,396 [pyphi.conf] INFO Process-33: Current PyPhi configuration:
 { 'ASSUME_CUTS_CANNOT_CREATE_NEW_CONCEPTS': False,
  'CACHE_POTENTIAL_PURVIEWS': True,
  'CACHE_REPERTOIRES': True,
  'CACHE_SIAS': False,
  'CACHING_BACKEND': 'fs',
  'CLEAR_SUBSYSTEM_CACHES_AFTER_COMPUTING_SIA': False,
  'CUT_ONE_APPROXIMATION': False,
  'FS_CACHE_DIRECTORY': '__pyphi_cache__',
  'FS_CACHE_VERBOSITY': 0,
  'LOG_FILE': 'pyphi.log',
  'LOG_FILE_LEVEL': 'INFO',
  'LOG_STDOUT_LEVEL': 'WARNING',
  'MAXIMUM_CACHE_MEMORY_PERCENTAGE': 50,
  'MEASURE': 'EMD',
  'MONGODB_CONFIG': { 'collection_name': 'cache',
                      'database_name': 'pyphi',
                      'host': 'localhost',
                      'port': 27017},
  'NUMBER_OF_CORES': -1,
  'PARALLEL_COMPLEX_EVALUATION': False,
  'PARALLEL_CONCEPT_EVALUATION': False,
  'PARALLEL_CUT_EVALUATION': True,
  'PARTITION_TYPE': 'BI',
  'PICK_SMALLEST_PURVIEW': False,
  'PRECISION': 6,
  'PRINT_FRACTIONS': True,
  'PROGRESS_BARS': True,
  'REDIS_CACHE': False,
  'REDIS_CONFIG': {'db': 0, 'host': 'localhost', 'port': 6379, 'test_db': 1},
  'REPR_VERBOSITY': 2,
  'SINGLE_MICRO_NODES_WITH_SELFLOOPS_HAVE_PHI': False,
  'SYSTEM_CUTS': '3.0_STYLE',
  'USE_SMALL_PHI_DIFFERENCE_FOR_CES_DISTANCE': False,
  'VALIDATE_CONDITIONAL_INDEPENDENCE': True,
  'VALIDATE_SUBSYSTEM_STATES': True,
  'WELCOME_OFF': False}
2026-05-16 04:06:08,536 [pyphi.conf] INFO Process-34: PyPhi v1.2.0
2026-05-16 04:06:08,536 [pyphi.conf] INFO Process-34: Using default configuration (no configuration file provided)
2026-05-16 04:06:08,537 [pyphi.conf] INFO Process-34: Current PyPhi configuration:
 { 'ASSUME_CUTS_CANNOT_CREATE_NEW_CONCEPTS': False,
  'CACHE_POTENTIAL_PURVIEWS': True,
  'CACHE_REPERTOIRES': True,
  'CACHE_SIAS': False,
  'CACHING_BACKEND': 'fs',
  'CLEAR_SUBSYSTEM_CACHES_AFTER_COMPUTING_SIA': False,
  'CUT_ONE_APPROXIMATION': False,
  'FS_CACHE_DIRECTORY': '__pyphi_cache__',
  'FS_CACHE_VERBOSITY': 0,
  'LOG_FILE': 'pyphi.log',
  'LOG_FILE_LEVEL': 'INFO',
  'LOG_STDOUT_LEVEL': 'WARNING',
  'MAXIMUM_CACHE_MEMORY_PERCENTAGE': 50,
  'MEASURE': 'EMD',
  'MONGODB_CONFIG': { 'collection_name': 'cache',
                      'database_name': 'pyphi',
                      'host': 'localhost',
                      'port': 27017},
  'NUMBER_OF_CORES': -1,
  'PARALLEL_COMPLEX_EVALUATION': False,
  'PARALLEL_CONCEPT_EVALUATION': False,
  'PARALLEL_CUT_EVALUATION': True,
  'PARTITION_TYPE': 'BI',
  'PICK_SMALLEST_PURVIEW': False,
  'PRECISION': 6,
  'PRINT_FRACTIONS': True,
  'PROGRESS_BARS': True,
  'REDIS_CACHE': False,
  'REDIS_CONFIG': {'db': 0, 'host': 'localhost', 'port': 6379, 'test_db': 1},
  'REPR_VERBOSITY': 2,
  'SINGLE_MICRO_NODES_WITH_SELFLOOPS_HAVE_PHI': False,
  'SYSTEM_CUTS': '3.0_STYLE',
  'USE_SMALL_PHI_DIFFERENCE_FOR_CES_DISTANCE': False,
  'VALIDATE_CONDITIONAL_INDEPENDENCE': True,
  'VALIDATE_SUBSYSTEM_STATES': True,
  'WELCOME_OFF': False}
2026-05-16 04:06:12,488 [pyphi.compute.subsystem] INFO MainProcess: Finished calculating big-phi data for Subsystem(n0, n1, n2, n3).
2026-05-16 04:06:12,490 [pyphi.compute.subsystem] INFO MainProcess: Calculating big-phi data for Subsystem(n0, n1, n2, n3)...
2026-05-16 04:06:12,689 [pyphi.conf] INFO Process-35: PyPhi v1.2.0
2026-05-16 04:06:12,689 [pyphi.conf] INFO Process-35: Using default configuration (no configuration file provided)
2026-05-16 04:06:12,690 [pyphi.conf] INFO Process-35: Current PyPhi configuration:
 { 'ASSUME_CUTS_CANNOT_CREATE_NEW_CONCEPTS': False,
  'CACHE_POTENTIAL_PURVIEWS': True,
  'CACHE_REPERTOIRES': True,
  'CACHE_SIAS': False,
  'CACHING_BACKEND': 'fs',
  'CLEAR_SUBSYSTEM_CACHES_AFTER_COMPUTING_SIA': False,
  'CUT_ONE_APPROXIMATION': False,
  'FS_CACHE_DIRECTORY': '__pyphi_cache__',
  'FS_CACHE_VERBOSITY': 0,
  'LOG_FILE': 'pyphi.log',
  'LOG_FILE_LEVEL': 'INFO',
  'LOG_STDOUT_LEVEL': 'WARNING',
  'MAXIMUM_CACHE_MEMORY_PERCENTAGE': 50,
  'MEASURE': 'EMD',
  'MONGODB_CONFIG': { 'collection_name': 'cache',
                      'database_name': 'pyphi',
                      'host': 'localhost',
                      'port': 27017},
  'NUMBER_OF_CORES': -1,
  'PARALLEL_COMPLEX_EVALUATION': False,
  'PARALLEL_CONCEPT_EVALUATION': False,
  'PARALLEL_CUT_EVALUATION': True,
  'PARTITION_TYPE': 'BI',
  'PICK_SMALLEST_PURVIEW': False,
  'PRECISION': 6,
  'PRINT_FRACTIONS': True,
  'PROGRESS_BARS': True,
  'REDIS_CACHE': False,
  'REDIS_CONFIG': {'db': 0, 'host': 'localhost', 'port': 6379, 'test_db': 1},
  'REPR_VERBOSITY': 2,
  'SINGLE_MICRO_NODES_WITH_SELFLOOPS_HAVE_PHI': False,
  'SYSTEM_CUTS': '3.0_STYLE',
  'USE_SMALL_PHI_DIFFERENCE_FOR_CES_DISTANCE': False,
  'VALIDATE_CONDITIONAL_INDEPENDENCE': True,
  'VALIDATE_SUBSYSTEM_STATES': True,
  'WELCOME_OFF': False}
2026-05-16 04:06:16,857 [pyphi.conf] INFO Process-36: PyPhi v1.2.0
2026-05-16 04:06:16,857 [pyphi.conf] INFO Process-36: Using default configuration (no configuration file provided)
2026-05-16 04:06:16,857 [pyphi.conf] INFO Process-36: Current PyPhi configuration:
 { 'ASSUME_CUTS_CANNOT_CREATE_NEW_CONCEPTS': False,
  'CACHE_POTENTIAL_PURVIEWS': True,
  'CACHE_REPERTOIRES': True,
  'CACHE_SIAS': False,
  'CACHING_BACKEND': 'fs',
  'CLEAR_SUBSYSTEM_CACHES_AFTER_COMPUTING_SIA': False,
  'CUT_ONE_APPROXIMATION': False,
  'FS_CACHE_DIRECTORY': '__pyphi_cache__',
  'FS_CACHE_VERBOSITY': 0,
  'LOG_FILE': 'pyphi.log',
  'LOG_FILE_LEVEL': 'INFO',
  'LOG_STDOUT_LEVEL': 'WARNING',
  'MAXIMUM_CACHE_MEMORY_PERCENTAGE': 50,
  'MEASURE': 'EMD',
  'MONGODB_CONFIG': { 'collection_name': 'cache',
                      'database_name': 'pyphi',
                      'host': 'localhost',
                      'port': 27017},
  'NUMBER_OF_CORES': -1,
  'PARALLEL_COMPLEX_EVALUATION': False,
  'PARALLEL_CONCEPT_EVALUATION': False,
  'PARALLEL_CUT_EVALUATION': True,
  'PARTITION_TYPE': 'BI',
  'PICK_SMALLEST_PURVIEW': False,
  'PRECISION': 6,
  'PRINT_FRACTIONS': True,
  'PROGRESS_BARS': True,
  'REDIS_CACHE': False,
  'REDIS_CONFIG': {'db': 0, 'host': 'localhost', 'port': 6379, 'test_db': 1},
  'REPR_VERBOSITY': 2,
  'SINGLE_MICRO_NODES_WITH_SELFLOOPS_HAVE_PHI': False,
  'SYSTEM_CUTS': '3.0_STYLE',
  'USE_SMALL_PHI_DIFFERENCE_FOR_CES_DISTANCE': False,
  'VALIDATE_CONDITIONAL_INDEPENDENCE': True,
  'VALIDATE_SUBSYSTEM_STATES': True,
  'WELCOME_OFF': False}
2026-05-16 04:06:21,025 [pyphi.compute.subsystem] INFO MainProcess: Finished calculating big-phi data for Subsystem(n0, n1, n2, n3).
2026-05-16 04:06:21,027 [pyphi.compute.subsystem] INFO MainProcess: Calculating big-phi data for Subsystem(n0, n1, n2, n3)...
2026-05-16 04:06:21,233 [pyphi.conf] INFO Process-37: PyPhi v1.2.0
2026-05-16 04:06:21,233 [pyphi.conf] INFO Process-37: Using default configuration (no configuration file provided)
2026-05-16 04:06:21,233 [pyphi.conf] INFO Process-37: Current PyPhi configuration:
 { 'ASSUME_CUTS_CANNOT_CREATE_NEW_CONCEPTS': False,
  'CACHE_POTENTIAL_PURVIEWS': True,
  'CACHE_REPERTOIRES': True,
  'CACHE_SIAS': False,
  'CACHING_BACKEND': 'fs',
  'CLEAR_SUBSYSTEM_CACHES_AFTER_COMPUTING_SIA': False,
  'CUT_ONE_APPROXIMATION': False,
  'FS_CACHE_DIRECTORY': '__pyphi_cache__',
  'FS_CACHE_VERBOSITY': 0,
  'LOG_FILE': 'pyphi.log',
  'LOG_FILE_LEVEL': 'INFO',
  'LOG_STDOUT_LEVEL': 'WARNING',
  'MAXIMUM_CACHE_MEMORY_PERCENTAGE': 50,
  'MEASURE': 'EMD',
  'MONGODB_CONFIG': { 'collection_name': 'cache',
                      'database_name': 'pyphi',
                      'host': 'localhost',
                      'port': 27017},
  'NUMBER_OF_CORES': -1,
  'PARALLEL_COMPLEX_EVALUATION': False,
  'PARALLEL_CONCEPT_EVALUATION': False,
  'PARALLEL_CUT_EVALUATION': True,
  'PARTITION_TYPE': 'BI',
  'PICK_SMALLEST_PURVIEW': False,
  'PRECISION': 6,
  'PRINT_FRACTIONS': True,
  'PROGRESS_BARS': True,
  'REDIS_CACHE': False,
  'REDIS_CONFIG': {'db': 0, 'host': 'localhost', 'port': 6379, 'test_db': 1},
  'REPR_VERBOSITY': 2,
  'SINGLE_MICRO_NODES_WITH_SELFLOOPS_HAVE_PHI': False,
  'SYSTEM_CUTS': '3.0_STYLE',
  'USE_SMALL_PHI_DIFFERENCE_FOR_CES_DISTANCE': False,
  'VALIDATE_CONDITIONAL_INDEPENDENCE': True,
  'VALIDATE_SUBSYSTEM_STATES': True,
  'WELCOME_OFF': False}
2026-05-16 04:06:25,913 [pyphi.conf] INFO Process-38: PyPhi v1.2.0
2026-05-16 04:06:25,914 [pyphi.conf] INFO Process-38: Using default configuration (no configuration file provided)
2026-05-16 04:06:25,914 [pyphi.conf] INFO Process-38: Current PyPhi configuration:
 { 'ASSUME_CUTS_CANNOT_CREATE_NEW_CONCEPTS': False,
  'CACHE_POTENTIAL_PURVIEWS': True,
  'CACHE_REPERTOIRES': True,
  'CACHE_SIAS': False,
  'CACHING_BACKEND': 'fs',
  'CLEAR_SUBSYSTEM_CACHES_AFTER_COMPUTING_SIA': False,
  'CUT_ONE_APPROXIMATION': False,
  'FS_CACHE_DIRECTORY': '__pyphi_cache__',
  'FS_CACHE_VERBOSITY': 0,
  'LOG_FILE': 'pyphi.log',
  'LOG_FILE_LEVEL': 'INFO',
  'LOG_STDOUT_LEVEL': 'WARNING',
  'MAXIMUM_CACHE_MEMORY_PERCENTAGE': 50,
  'MEASURE': 'EMD',
  'MONGODB_CONFIG': { 'collection_name': 'cache',
                      'database_name': 'pyphi',
                      'host': 'localhost',
                      'port': 27017},
  'NUMBER_OF_CORES': -1,
  'PARALLEL_COMPLEX_EVALUATION': False,
  'PARALLEL_CONCEPT_EVALUATION': False,
  'PARALLEL_CUT_EVALUATION': True,
  'PARTITION_TYPE': 'BI',
  'PICK_SMALLEST_PURVIEW': False,
  'PRECISION': 6,
  'PRINT_FRACTIONS': True,
  'PROGRESS_BARS': True,
  'REDIS_CACHE': False,
  'REDIS_CONFIG': {'db': 0, 'host': 'localhost', 'port': 6379, 'test_db': 1},
  'REPR_VERBOSITY': 2,
  'SINGLE_MICRO_NODES_WITH_SELFLOOPS_HAVE_PHI': False,
  'SYSTEM_CUTS': '3.0_STYLE',
  'USE_SMALL_PHI_DIFFERENCE_FOR_CES_DISTANCE': False,
  'VALIDATE_CONDITIONAL_INDEPENDENCE': True,
  'VALIDATE_SUBSYSTEM_STATES': True,
  'WELCOME_OFF': False}
2026-05-16 04:06:30,649 [pyphi.compute.subsystem] INFO MainProcess: Finished calculating big-phi data for Subsystem(n0, n1, n2, n3).
2026-05-16 04:06:30,650 [pyphi.compute.subsystem] INFO MainProcess: Calculating big-phi data for Subsystem(n0, n1, n2, n3)...
2026-05-16 04:06:30,889 [pyphi.conf] INFO Process-39: PyPhi v1.2.0
2026-05-16 04:06:30,889 [pyphi.conf] INFO Process-39: Using default configuration (no configuration file provided)
2026-05-16 04:06:30,889 [pyphi.conf] INFO Process-39: Current PyPhi configuration:
 { 'ASSUME_CUTS_CANNOT_CREATE_NEW_CONCEPTS': False,
  'CACHE_POTENTIAL_PURVIEWS': True,
  'CACHE_REPERTOIRES': True,
  'CACHE_SIAS': False,
  'CACHING_BACKEND': 'fs',
  'CLEAR_SUBSYSTEM_CACHES_AFTER_COMPUTING_SIA': False,
  'CUT_ONE_APPROXIMATION': False,
  'FS_CACHE_DIRECTORY': '__pyphi_cache__',
  'FS_CACHE_VERBOSITY': 0,
  'LOG_FILE': 'pyphi.log',
  'LOG_FILE_LEVEL': 'INFO',
  'LOG_STDOUT_LEVEL': 'WARNING',
  'MAXIMUM_CACHE_MEMORY_PERCENTAGE': 50,
  'MEASURE': 'EMD',
  'MONGODB_CONFIG': { 'collection_name': 'cache',
                      'database_name': 'pyphi',
                      'host': 'localhost',
                      'port': 27017},
  'NUMBER_OF_CORES': -1,
  'PARALLEL_COMPLEX_EVALUATION': False,
  'PARALLEL_CONCEPT_EVALUATION': False,
  'PARALLEL_CUT_EVALUATION': True,
  'PARTITION_TYPE': 'BI',
  'PICK_SMALLEST_PURVIEW': False,
  'PRECISION': 6,
  'PRINT_FRACTIONS': True,
  'PROGRESS_BARS': True,
  'REDIS_CACHE': False,
  'REDIS_CONFIG': {'db': 0, 'host': 'localhost', 'port': 6379, 'test_db': 1},
  'REPR_VERBOSITY': 2,
  'SINGLE_MICRO_NODES_WITH_SELFLOOPS_HAVE_PHI': False,
  'SYSTEM_CUTS': '3.0_STYLE',
  'USE_SMALL_PHI_DIFFERENCE_FOR_CES_DISTANCE': False,
  'VALIDATE_CONDITIONAL_INDEPENDENCE': True,
  'VALIDATE_SUBSYSTEM_STATES': True,
  'WELCOME_OFF': False}
2026-05-16 04:06:35,258 [pyphi.conf] INFO Process-40: PyPhi v1.2.0
2026-05-16 04:06:35,258 [pyphi.conf] INFO Process-40: Using default configuration (no configuration file provided)
2026-05-16 04:06:35,258 [pyphi.conf] INFO Process-40: Current PyPhi configuration:
 { 'ASSUME_CUTS_CANNOT_CREATE_NEW_CONCEPTS': False,
  'CACHE_POTENTIAL_PURVIEWS': True,
  'CACHE_REPERTOIRES': True,
  'CACHE_SIAS': False,
  'CACHING_BACKEND': 'fs',
  'CLEAR_SUBSYSTEM_CACHES_AFTER_COMPUTING_SIA': False,
  'CUT_ONE_APPROXIMATION': False,
  'FS_CACHE_DIRECTORY': '__pyphi_cache__',
  'FS_CACHE_VERBOSITY': 0,
  'LOG_FILE': 'pyphi.log',
  'LOG_FILE_LEVEL': 'INFO',
  'LOG_STDOUT_LEVEL': 'WARNING',
  'MAXIMUM_CACHE_MEMORY_PERCENTAGE': 50,
  'MEASURE': 'EMD',
  'MONGODB_CONFIG': { 'collection_name': 'cache',
                      'database_name': 'pyphi',
                      'host': 'localhost',
                      'port': 27017},
  'NUMBER_OF_CORES': -1,
  'PARALLEL_COMPLEX_EVALUATION': False,
  'PARALLEL_CONCEPT_EVALUATION': False,
  'PARALLEL_CUT_EVALUATION': True,
  'PARTITION_TYPE': 'BI',
  'PICK_SMALLEST_PURVIEW': False,
  'PRECISION': 6,
  'PRINT_FRACTIONS': True,
  'PROGRESS_BARS': True,
  'REDIS_CACHE': False,
  'REDIS_CONFIG': {'db': 0, 'host': 'localhost', 'port': 6379, 'test_db': 1},
  'REPR_VERBOSITY': 2,
  'SINGLE_MICRO_NODES_WITH_SELFLOOPS_HAVE_PHI': False,
  'SYSTEM_CUTS': '3.0_STYLE',
  'USE_SMALL_PHI_DIFFERENCE_FOR_CES_DISTANCE': False,
  'VALIDATE_CONDITIONAL_INDEPENDENCE': True,
  'VALIDATE_SUBSYSTEM_STATES': True,
  'WELCOME_OFF': False}
2026-05-16 04:06:40,622 [pyphi.compute.subsystem] INFO MainProcess: Finished calculating big-phi data for Subsystem(n0, n1, n2, n3).
2026-05-16 04:06:40,624 [pyphi.compute.subsystem] INFO MainProcess: Calculating big-phi data for Subsystem(n0, n1, n2, n3)...
2026-05-16 04:06:40,866 [pyphi.conf] INFO Process-41: PyPhi v1.2.0
2026-05-16 04:06:40,867 [pyphi.conf] INFO Process-41: Using default configuration (no configuration file provided)
2026-05-16 04:06:40,867 [pyphi.conf] INFO Process-41: Current PyPhi configuration:
 { 'ASSUME_CUTS_CANNOT_CREATE_NEW_CONCEPTS': False,
  'CACHE_POTENTIAL_PURVIEWS': True,
  'CACHE_REPERTOIRES': True,
  'CACHE_SIAS': False,
  'CACHING_BACKEND': 'fs',
  'CLEAR_SUBSYSTEM_CACHES_AFTER_COMPUTING_SIA': False,
  'CUT_ONE_APPROXIMATION': False,
  'FS_CACHE_DIRECTORY': '__pyphi_cache__',
  'FS_CACHE_VERBOSITY': 0,
  'LOG_FILE': 'pyphi.log',
  'LOG_FILE_LEVEL': 'INFO',
  'LOG_STDOUT_LEVEL': 'WARNING',
  'MAXIMUM_CACHE_MEMORY_PERCENTAGE': 50,
  'MEASURE': 'EMD',
  'MONGODB_CONFIG': { 'collection_name': 'cache',
                      'database_name': 'pyphi',
                      'host': 'localhost',
                      'port': 27017},
  'NUMBER_OF_CORES': -1,
  'PARALLEL_COMPLEX_EVALUATION': False,
  'PARALLEL_CONCEPT_EVALUATION': False,
  'PARALLEL_CUT_EVALUATION': True,
  'PARTITION_TYPE': 'BI',
  'PICK_SMALLEST_PURVIEW': False,
  'PRECISION': 6,
  'PRINT_FRACTIONS': True,
  'PROGRESS_BARS': True,
  'REDIS_CACHE': False,
  'REDIS_CONFIG': {'db': 0, 'host': 'localhost', 'port': 6379, 'test_db': 1},
  'REPR_VERBOSITY': 2,
  'SINGLE_MICRO_NODES_WITH_SELFLOOPS_HAVE_PHI': False,
  'SYSTEM_CUTS': '3.0_STYLE',
  'USE_SMALL_PHI_DIFFERENCE_FOR_CES_DISTANCE': False,
  'VALIDATE_CONDITIONAL_INDEPENDENCE': True,
  'VALIDATE_SUBSYSTEM_STATES': True,
  'WELCOME_OFF': False}
2026-05-16 04:06:45,443 [pyphi.conf] INFO Process-42: PyPhi v1.2.0
2026-05-16 04:06:45,444 [pyphi.conf] INFO Process-42: Using default configuration (no configuration file provided)
2026-05-16 04:06:45,444 [pyphi.conf] INFO Process-42: Current PyPhi configuration:
 { 'ASSUME_CUTS_CANNOT_CREATE_NEW_CONCEPTS': False,
  'CACHE_POTENTIAL_PURVIEWS': True,
  'CACHE_REPERTOIRES': True,
  'CACHE_SIAS': False,
  'CACHING_BACKEND': 'fs',
  'CLEAR_SUBSYSTEM_CACHES_AFTER_COMPUTING_SIA': False,
  'CUT_ONE_APPROXIMATION': False,
  'FS_CACHE_DIRECTORY': '__pyphi_cache__',
  'FS_CACHE_VERBOSITY': 0,
  'LOG_FILE': 'pyphi.log',
  'LOG_FILE_LEVEL': 'INFO',
  'LOG_STDOUT_LEVEL': 'WARNING',
  'MAXIMUM_CACHE_MEMORY_PERCENTAGE': 50,
  'MEASURE': 'EMD',
  'MONGODB_CONFIG': { 'collection_name': 'cache',
                      'database_name': 'pyphi',
                      'host': 'localhost',
                      'port': 27017},
  'NUMBER_OF_CORES': -1,
  'PARALLEL_COMPLEX_EVALUATION': False,
  'PARALLEL_CONCEPT_EVALUATION': False,
  'PARALLEL_CUT_EVALUATION': True,
  'PARTITION_TYPE': 'BI',
  'PICK_SMALLEST_PURVIEW': False,
  'PRECISION': 6,
  'PRINT_FRACTIONS': True,
  'PROGRESS_BARS': True,
  'REDIS_CACHE': False,
  'REDIS_CONFIG': {'db': 0, 'host': 'localhost', 'port': 6379, 'test_db': 1},
  'REPR_VERBOSITY': 2,
  'SINGLE_MICRO_NODES_WITH_SELFLOOPS_HAVE_PHI': False,
  'SYSTEM_CUTS': '3.0_STYLE',
  'USE_SMALL_PHI_DIFFERENCE_FOR_CES_DISTANCE': False,
  'VALIDATE_CONDITIONAL_INDEPENDENCE': True,
  'VALIDATE_SUBSYSTEM_STATES': True,
  'WELCOME_OFF': False}
2026-05-16 04:06:49,883 [pyphi.compute.subsystem] INFO MainProcess: Finished calculating big-phi data for Subsystem(n0, n1, n2, n3).
2026-05-16 04:06:49,884 [pyphi.compute.subsystem] INFO MainProcess: Calculating big-phi data for Subsystem(n0, n1, n2, n3)...
2026-05-16 04:06:50,089 [pyphi.conf] INFO Process-43: PyPhi v1.2.0
2026-05-16 04:06:50,089 [pyphi.conf] INFO Process-43: Using default configuration (no configuration file provided)
2026-05-16 04:06:50,089 [pyphi.conf] INFO Process-43: Current PyPhi configuration:
 { 'ASSUME_CUTS_CANNOT_CREATE_NEW_CONCEPTS': False,
  'CACHE_POTENTIAL_PURVIEWS': True,
  'CACHE_REPERTOIRES': True,
  'CACHE_SIAS': False,
  'CACHING_BACKEND': 'fs',
  'CLEAR_SUBSYSTEM_CACHES_AFTER_COMPUTING_SIA': False,
  'CUT_ONE_APPROXIMATION': False,
  'FS_CACHE_DIRECTORY': '__pyphi_cache__',
  'FS_CACHE_VERBOSITY': 0,
  'LOG_FILE': 'pyphi.log',
  'LOG_FILE_LEVEL': 'INFO',
  'LOG_STDOUT_LEVEL': 'WARNING',
  'MAXIMUM_CACHE_MEMORY_PERCENTAGE': 50,
  'MEASURE': 'EMD',
  'MONGODB_CONFIG': { 'collection_name': 'cache',
                      'database_name': 'pyphi',
                      'host': 'localhost',
                      'port': 27017},
  'NUMBER_OF_CORES': -1,
  'PARALLEL_COMPLEX_EVALUATION': False,
  'PARALLEL_CONCEPT_EVALUATION': False,
  'PARALLEL_CUT_EVALUATION': True,
  'PARTITION_TYPE': 'BI',
  'PICK_SMALLEST_PURVIEW': False,
  'PRECISION': 6,
  'PRINT_FRACTIONS': True,
  'PROGRESS_BARS': True,
  'REDIS_CACHE': False,
  'REDIS_CONFIG': {'db': 0, 'host': 'localhost', 'port': 6379, 'test_db': 1},
  'REPR_VERBOSITY': 2,
  'SINGLE_MICRO_NODES_WITH_SELFLOOPS_HAVE_PHI': False,
  'SYSTEM_CUTS': '3.0_STYLE',
  'USE_SMALL_PHI_DIFFERENCE_FOR_CES_DISTANCE': False,
  'VALIDATE_CONDITIONAL_INDEPENDENCE': True,
  'VALIDATE_SUBSYSTEM_STATES': True,
  'WELCOME_OFF': False}
2026-05-16 04:06:54,811 [pyphi.conf] INFO Process-44: PyPhi v1.2.0
2026-05-16 04:06:54,811 [pyphi.conf] INFO Process-44: Using default configuration (no configuration file provided)
2026-05-16 04:06:54,811 [pyphi.conf] INFO Process-44: Current PyPhi configuration:
 { 'ASSUME_CUTS_CANNOT_CREATE_NEW_CONCEPTS': False,
  'CACHE_POTENTIAL_PURVIEWS': True,
  'CACHE_REPERTOIRES': True,
  'CACHE_SIAS': False,
  'CACHING_BACKEND': 'fs',
  'CLEAR_SUBSYSTEM_CACHES_AFTER_COMPUTING_SIA': False,
  'CUT_ONE_APPROXIMATION': False,
  'FS_CACHE_DIRECTORY': '__pyphi_cache__',
  'FS_CACHE_VERBOSITY': 0,
  'LOG_FILE': 'pyphi.log',
  'LOG_FILE_LEVEL': 'INFO',
  'LOG_STDOUT_LEVEL': 'WARNING',
  'MAXIMUM_CACHE_MEMORY_PERCENTAGE': 50,
  'MEASURE': 'EMD',
  'MONGODB_CONFIG': { 'collection_name': 'cache',
                      'database_name': 'pyphi',
                      'host': 'localhost',
                      'port': 27017},
  'NUMBER_OF_CORES': -1,
  'PARALLEL_COMPLEX_EVALUATION': False,
  'PARALLEL_CONCEPT_EVALUATION': False,
  'PARALLEL_CUT_EVALUATION': True,
  'PARTITION_TYPE': 'BI',
  'PICK_SMALLEST_PURVIEW': False,
  'PRECISION': 6,
  'PRINT_FRACTIONS': True,
  'PROGRESS_BARS': True,
  'REDIS_CACHE': False,
  'REDIS_CONFIG': {'db': 0, 'host': 'localhost', 'port': 6379, 'test_db': 1},
  'REPR_VERBOSITY': 2,
  'SINGLE_MICRO_NODES_WITH_SELFLOOPS_HAVE_PHI': False,
  'SYSTEM_CUTS': '3.0_STYLE',
  'USE_SMALL_PHI_DIFFERENCE_FOR_CES_DISTANCE': False,
  'VALIDATE_CONDITIONAL_INDEPENDENCE': True,
  'VALIDATE_SUBSYSTEM_STATES': True,
  'WELCOME_OFF': False}
2026-05-16 04:06:59,172 [pyphi.compute.subsystem] INFO MainProcess: Finished calculating big-phi data for Subsystem(n0, n1, n2, n3).
2026-05-16 04:06:59,173 [pyphi.compute.subsystem] INFO MainProcess: Calculating big-phi data for Subsystem(n0, n1, n2, n3)...
2026-05-16 04:06:59,409 [pyphi.conf] INFO Process-45: PyPhi v1.2.0
2026-05-16 04:06:59,410 [pyphi.conf] INFO Process-45: Using default configuration (no configuration file provided)
2026-05-16 04:06:59,410 [pyphi.conf] INFO Process-45: Current PyPhi configuration:
 { 'ASSUME_CUTS_CANNOT_CREATE_NEW_CONCEPTS': False,
  'CACHE_POTENTIAL_PURVIEWS': True,
  'CACHE_REPERTOIRES': True,
  'CACHE_SIAS': False,
  'CACHING_BACKEND': 'fs',
  'CLEAR_SUBSYSTEM_CACHES_AFTER_COMPUTING_SIA': False,
  'CUT_ONE_APPROXIMATION': False,
  'FS_CACHE_DIRECTORY': '__pyphi_cache__',
  'FS_CACHE_VERBOSITY': 0,
  'LOG_FILE': 'pyphi.log',
  'LOG_FILE_LEVEL': 'INFO',
  'LOG_STDOUT_LEVEL': 'WARNING',
  'MAXIMUM_CACHE_MEMORY_PERCENTAGE': 50,
  'MEASURE': 'EMD',
  'MONGODB_CONFIG': { 'collection_name': 'cache',
                      'database_name': 'pyphi',
                      'host': 'localhost',
                      'port': 27017},
  'NUMBER_OF_CORES': -1,
  'PARALLEL_COMPLEX_EVALUATION': False,
  'PARALLEL_CONCEPT_EVALUATION': False,
  'PARALLEL_CUT_EVALUATION': True,
  'PARTITION_TYPE': 'BI',
  'PICK_SMALLEST_PURVIEW': False,
  'PRECISION': 6,
  'PRINT_FRACTIONS': True,
  'PROGRESS_BARS': True,
  'REDIS_CACHE': False,
  'REDIS_CONFIG': {'db': 0, 'host': 'localhost', 'port': 6379, 'test_db': 1},
  'REPR_VERBOSITY': 2,
  'SINGLE_MICRO_NODES_WITH_SELFLOOPS_HAVE_PHI': False,
  'SYSTEM_CUTS': '3.0_STYLE',
  'USE_SMALL_PHI_DIFFERENCE_FOR_CES_DISTANCE': False,
  'VALIDATE_CONDITIONAL_INDEPENDENCE': True,
  'VALIDATE_SUBSYSTEM_STATES': True,
  'WELCOME_OFF': False}
2026-05-16 04:07:03,847 [pyphi.conf] INFO Process-46: PyPhi v1.2.0
2026-05-16 04:07:03,847 [pyphi.conf] INFO Process-46: Using default configuration (no configuration file provided)
2026-05-16 04:07:03,848 [pyphi.conf] INFO Process-46: Current PyPhi configuration:
 { 'ASSUME_CUTS_CANNOT_CREATE_NEW_CONCEPTS': False,
  'CACHE_POTENTIAL_PURVIEWS': True,
  'CACHE_REPERTOIRES': True,
  'CACHE_SIAS': False,
  'CACHING_BACKEND': 'fs',
  'CLEAR_SUBSYSTEM_CACHES_AFTER_COMPUTING_SIA': False,
  'CUT_ONE_APPROXIMATION': False,
  'FS_CACHE_DIRECTORY': '__pyphi_cache__',
  'FS_CACHE_VERBOSITY': 0,
  'LOG_FILE': 'pyphi.log',
  'LOG_FILE_LEVEL': 'INFO',
  'LOG_STDOUT_LEVEL': 'WARNING',
  'MAXIMUM_CACHE_MEMORY_PERCENTAGE': 50,
  'MEASURE': 'EMD',
  'MONGODB_CONFIG': { 'collection_name': 'cache',
                      'database_name': 'pyphi',
                      'host': 'localhost',
                      'port': 27017},
  'NUMBER_OF_CORES': -1,
  'PARALLEL_COMPLEX_EVALUATION': False,
  'PARALLEL_CONCEPT_EVALUATION': False,
  'PARALLEL_CUT_EVALUATION': True,
  'PARTITION_TYPE': 'BI',
  'PICK_SMALLEST_PURVIEW': False,
  'PRECISION': 6,
  'PRINT_FRACTIONS': True,
  'PROGRESS_BARS': True,
  'REDIS_CACHE': False,
  'REDIS_CONFIG': {'db': 0, 'host': 'localhost', 'port': 6379, 'test_db': 1},
  'REPR_VERBOSITY': 2,
  'SINGLE_MICRO_NODES_WITH_SELFLOOPS_HAVE_PHI': False,
  'SYSTEM_CUTS': '3.0_STYLE',
  'USE_SMALL_PHI_DIFFERENCE_FOR_CES_DISTANCE': False,
  'VALIDATE_CONDITIONAL_INDEPENDENCE': True,
  'VALIDATE_SUBSYSTEM_STATES': True,
  'WELCOME_OFF': False}
2026-05-16 04:07:08,401 [pyphi.compute.subsystem] INFO MainProcess: Finished calculating big-phi data for Subsystem(n0, n1, n2, n3).
2026-05-16 04:07:08,402 [pyphi.compute.subsystem] INFO MainProcess: Calculating big-phi data for Subsystem(n0, n1, n2, n3)...
2026-05-16 04:07:08,634 [pyphi.conf] INFO Process-47: PyPhi v1.2.0
2026-05-16 04:07:08,634 [pyphi.conf] INFO Process-47: Using default configuration (no configuration file provided)
2026-05-16 04:07:08,634 [pyphi.conf] INFO Process-47: Current PyPhi configuration:
 { 'ASSUME_CUTS_CANNOT_CREATE_NEW_CONCEPTS': False,
  'CACHE_POTENTIAL_PURVIEWS': True,
  'CACHE_REPERTOIRES': True,
  'CACHE_SIAS': False,
  'CACHING_BACKEND': 'fs',
  'CLEAR_SUBSYSTEM_CACHES_AFTER_COMPUTING_SIA': False,
  'CUT_ONE_APPROXIMATION': False,
  'FS_CACHE_DIRECTORY': '__pyphi_cache__',
  'FS_CACHE_VERBOSITY': 0,
  'LOG_FILE': 'pyphi.log',
  'LOG_FILE_LEVEL': 'INFO',
  'LOG_STDOUT_LEVEL': 'WARNING',
  'MAXIMUM_CACHE_MEMORY_PERCENTAGE': 50,
  'MEASURE': 'EMD',
  'MONGODB_CONFIG': { 'collection_name': 'cache',
                      'database_name': 'pyphi',
                      'host': 'localhost',
                      'port': 27017},
  'NUMBER_OF_CORES': -1,
  'PARALLEL_COMPLEX_EVALUATION': False,
  'PARALLEL_CONCEPT_EVALUATION': False,
  'PARALLEL_CUT_EVALUATION': True,
  'PARTITION_TYPE': 'BI',
  'PICK_SMALLEST_PURVIEW': False,
  'PRECISION': 6,
  'PRINT_FRACTIONS': True,
  'PROGRESS_BARS': True,
  'REDIS_CACHE': False,
  'REDIS_CONFIG': {'db': 0, 'host': 'localhost', 'port': 6379, 'test_db': 1},
  'REPR_VERBOSITY': 2,
  'SINGLE_MICRO_NODES_WITH_SELFLOOPS_HAVE_PHI': False,
  'SYSTEM_CUTS': '3.0_STYLE',
  'USE_SMALL_PHI_DIFFERENCE_FOR_CES_DISTANCE': False,
  'VALIDATE_CONDITIONAL_INDEPENDENCE': True,
  'VALIDATE_SUBSYSTEM_STATES': True,
  'WELCOME_OFF': False}
2026-05-16 04:07:13,143 [pyphi.conf] INFO Process-48: PyPhi v1.2.0
2026-05-16 04:07:13,143 [pyphi.conf] INFO Process-48: Using default configuration (no configuration file provided)
2026-05-16 04:07:13,144 [pyphi.conf] INFO Process-48: Current PyPhi configuration:
 { 'ASSUME_CUTS_CANNOT_CREATE_NEW_CONCEPTS': False,
  'CACHE_POTENTIAL_PURVIEWS': True,
  'CACHE_REPERTOIRES': True,
  'CACHE_SIAS': False,
  'CACHING_BACKEND': 'fs',
  'CLEAR_SUBSYSTEM_CACHES_AFTER_COMPUTING_SIA': False,
  'CUT_ONE_APPROXIMATION': False,
  'FS_CACHE_DIRECTORY': '__pyphi_cache__',
  'FS_CACHE_VERBOSITY': 0,
  'LOG_FILE': 'pyphi.log',
  'LOG_FILE_LEVEL': 'INFO',
  'LOG_STDOUT_LEVEL': 'WARNING',
  'MAXIMUM_CACHE_MEMORY_PERCENTAGE': 50,
  'MEASURE': 'EMD',
  'MONGODB_CONFIG': { 'collection_name': 'cache',
                      'database_name': 'pyphi',
                      'host': 'localhost',
                      'port': 27017},
  'NUMBER_OF_CORES': -1,
  'PARALLEL_COMPLEX_EVALUATION': False,
  'PARALLEL_CONCEPT_EVALUATION': False,
  'PARALLEL_CUT_EVALUATION': True,
  'PARTITION_TYPE': 'BI',
  'PICK_SMALLEST_PURVIEW': False,
  'PRECISION': 6,
  'PRINT_FRACTIONS': True,
  'PROGRESS_BARS': True,
  'REDIS_CACHE': False,
  'REDIS_CONFIG': {'db': 0, 'host': 'localhost', 'port': 6379, 'test_db': 1},
  'REPR_VERBOSITY': 2,
  'SINGLE_MICRO_NODES_WITH_SELFLOOPS_HAVE_PHI': False,
  'SYSTEM_CUTS': '3.0_STYLE',
  'USE_SMALL_PHI_DIFFERENCE_FOR_CES_DISTANCE': False,
  'VALIDATE_CONDITIONAL_INDEPENDENCE': True,
  'VALIDATE_SUBSYSTEM_STATES': True,
  'WELCOME_OFF': False}
2026-05-16 04:07:18,893 [pyphi.compute.subsystem] INFO MainProcess: Finished calculating big-phi data for Subsystem(n0, n1, n2, n3).
2026-05-16 04:07:18,895 [pyphi.compute.subsystem] INFO MainProcess: Calculating big-phi data for Subsystem(n0, n1, n2, n3)...
2026-05-16 04:07:19,151 [pyphi.conf] INFO Process-49: PyPhi v1.2.0
2026-05-16 04:07:19,151 [pyphi.conf] INFO Process-49: Using default configuration (no configuration file provided)
2026-05-16 04:07:19,151 [pyphi.conf] INFO Process-49: Current PyPhi configuration:
 { 'ASSUME_CUTS_CANNOT_CREATE_NEW_CONCEPTS': False,
  'CACHE_POTENTIAL_PURVIEWS': True,
  'CACHE_REPERTOIRES': True,
  'CACHE_SIAS': False,
  'CACHING_BACKEND': 'fs',
  'CLEAR_SUBSYSTEM_CACHES_AFTER_COMPUTING_SIA': False,
  'CUT_ONE_APPROXIMATION': False,
  'FS_CACHE_DIRECTORY': '__pyphi_cache__',
  'FS_CACHE_VERBOSITY': 0,
  'LOG_FILE': 'pyphi.log',
  'LOG_FILE_LEVEL': 'INFO',
  'LOG_STDOUT_LEVEL': 'WARNING',
  'MAXIMUM_CACHE_MEMORY_PERCENTAGE': 50,
  'MEASURE': 'EMD',
  'MONGODB_CONFIG': { 'collection_name': 'cache',
                      'database_name': 'pyphi',
                      'host': 'localhost',
                      'port': 27017},
  'NUMBER_OF_CORES': -1,
  'PARALLEL_COMPLEX_EVALUATION': False,
  'PARALLEL_CONCEPT_EVALUATION': False,
  'PARALLEL_CUT_EVALUATION': True,
  'PARTITION_TYPE': 'BI',
  'PICK_SMALLEST_PURVIEW': False,
  'PRECISION': 6,
  'PRINT_FRACTIONS': True,
  'PROGRESS_BARS': True,
  'REDIS_CACHE': False,
  'REDIS_CONFIG': {'db': 0, 'host': 'localhost', 'port': 6379, 'test_db': 1},
  'REPR_VERBOSITY': 2,
  'SINGLE_MICRO_NODES_WITH_SELFLOOPS_HAVE_PHI': False,
  'SYSTEM_CUTS': '3.0_STYLE',
  'USE_SMALL_PHI_DIFFERENCE_FOR_CES_DISTANCE': False,
  'VALIDATE_CONDITIONAL_INDEPENDENCE': True,
  'VALIDATE_SUBSYSTEM_STATES': True,
  'WELCOME_OFF': False}
2026-05-16 04:07:24,062 [pyphi.conf] INFO Process-50: PyPhi v1.2.0
2026-05-16 04:07:24,062 [pyphi.conf] INFO Process-50: Using default configuration (no configuration file provided)
2026-05-16 04:07:24,062 [pyphi.conf] INFO Process-50: Current PyPhi configuration:
 { 'ASSUME_CUTS_CANNOT_CREATE_NEW_CONCEPTS': False,
  'CACHE_POTENTIAL_PURVIEWS': True,
  'CACHE_REPERTOIRES': True,
  'CACHE_SIAS': False,
  'CACHING_BACKEND': 'fs',
  'CLEAR_SUBSYSTEM_CACHES_AFTER_COMPUTING_SIA': False,
  'CUT_ONE_APPROXIMATION': False,
  'FS_CACHE_DIRECTORY': '__pyphi_cache__',
  'FS_CACHE_VERBOSITY': 0,
  'LOG_FILE': 'pyphi.log',
  'LOG_FILE_LEVEL': 'INFO',
  'LOG_STDOUT_LEVEL': 'WARNING',
  'MAXIMUM_CACHE_MEMORY_PERCENTAGE': 50,
  'MEASURE': 'EMD',
  'MONGODB_CONFIG': { 'collection_name': 'cache',
                      'database_name': 'pyphi',
                      'host': 'localhost',
                      'port': 27017},
  'NUMBER_OF_CORES': -1,
  'PARALLEL_COMPLEX_EVALUATION': False,
  'PARALLEL_CONCEPT_EVALUATION': False,
  'PARALLEL_CUT_EVALUATION': True,
  'PARTITION_TYPE': 'BI',
  'PICK_SMALLEST_PURVIEW': False,
  'PRECISION': 6,
  'PRINT_FRACTIONS': True,
  'PROGRESS_BARS': True,
  'REDIS_CACHE': False,
  'REDIS_CONFIG': {'db': 0, 'host': 'localhost', 'port': 6379, 'test_db': 1},
  'REPR_VERBOSITY': 2,
  'SINGLE_MICRO_NODES_WITH_SELFLOOPS_HAVE_PHI': False,
  'SYSTEM_CUTS': '3.0_STYLE',
  'USE_SMALL_PHI_DIFFERENCE_FOR_CES_DISTANCE': False,
  'VALIDATE_CONDITIONAL_INDEPENDENCE': True,
  'VALIDATE_SUBSYSTEM_STATES': True,
  'WELCOME_OFF': False}
2026-05-16 04:07:28,555 [pyphi.compute.subsystem] INFO MainProcess: Finished calculating big-phi data for Subsystem(n0, n1, n2, n3).
2026-05-16 04:07:28,559 [pyphi.compute.subsystem] INFO MainProcess: Calculating big-phi data for Subsystem(n0, n1, n2, n3)...
2026-05-16 04:07:28,769 [pyphi.conf] INFO Process-51: PyPhi v1.2.0
2026-05-16 04:07:28,769 [pyphi.conf] INFO Process-51: Using default configuration (no configuration file provided)
2026-05-16 04:07:28,769 [pyphi.conf] INFO Process-51: Current PyPhi configuration:
 { 'ASSUME_CUTS_CANNOT_CREATE_NEW_CONCEPTS': False,
  'CACHE_POTENTIAL_PURVIEWS': True,
  'CACHE_REPERTOIRES': True,
  'CACHE_SIAS': False,
  'CACHING_BACKEND': 'fs',
  'CLEAR_SUBSYSTEM_CACHES_AFTER_COMPUTING_SIA': False,
  'CUT_ONE_APPROXIMATION': False,
  'FS_CACHE_DIRECTORY': '__pyphi_cache__',
  'FS_CACHE_VERBOSITY': 0,
  'LOG_FILE': 'pyphi.log',
  'LOG_FILE_LEVEL': 'INFO',
  'LOG_STDOUT_LEVEL': 'WARNING',
  'MAXIMUM_CACHE_MEMORY_PERCENTAGE': 50,
  'MEASURE': 'EMD',
  'MONGODB_CONFIG': { 'collection_name': 'cache',
                      'database_name': 'pyphi',
                      'host': 'localhost',
                      'port': 27017},
  'NUMBER_OF_CORES': -1,
  'PARALLEL_COMPLEX_EVALUATION': False,
  'PARALLEL_CONCEPT_EVALUATION': False,
  'PARALLEL_CUT_EVALUATION': True,
  'PARTITION_TYPE': 'BI',
  'PICK_SMALLEST_PURVIEW': False,
  'PRECISION': 6,
  'PRINT_FRACTIONS': True,
  'PROGRESS_BARS': True,
  'REDIS_CACHE': False,
  'REDIS_CONFIG': {'db': 0, 'host': 'localhost', 'port': 6379, 'test_db': 1},
  'REPR_VERBOSITY': 2,
  'SINGLE_MICRO_NODES_WITH_SELFLOOPS_HAVE_PHI': False,
  'SYSTEM_CUTS': '3.0_STYLE',
  'USE_SMALL_PHI_DIFFERENCE_FOR_CES_DISTANCE': False,
  'VALIDATE_CONDITIONAL_INDEPENDENCE': True,
  'VALIDATE_SUBSYSTEM_STATES': True,
  'WELCOME_OFF': False}
2026-05-16 04:07:32,922 [pyphi.conf] INFO Process-52: PyPhi v1.2.0
2026-05-16 04:07:32,923 [pyphi.conf] INFO Process-52: Using default configuration (no configuration file provided)
2026-05-16 04:07:32,923 [pyphi.conf] INFO Process-52: Current PyPhi configuration:
 { 'ASSUME_CUTS_CANNOT_CREATE_NEW_CONCEPTS': False,
  'CACHE_POTENTIAL_PURVIEWS': True,
  'CACHE_REPERTOIRES': True,
  'CACHE_SIAS': False,
  'CACHING_BACKEND': 'fs',
  'CLEAR_SUBSYSTEM_CACHES_AFTER_COMPUTING_SIA': False,
  'CUT_ONE_APPROXIMATION': False,
  'FS_CACHE_DIRECTORY': '__pyphi_cache__',
  'FS_CACHE_VERBOSITY': 0,
  'LOG_FILE': 'pyphi.log',
  'LOG_FILE_LEVEL': 'INFO',
  'LOG_STDOUT_LEVEL': 'WARNING',
  'MAXIMUM_CACHE_MEMORY_PERCENTAGE': 50,
  'MEASURE': 'EMD',
  'MONGODB_CONFIG': { 'collection_name': 'cache',
                      'database_name': 'pyphi',
                      'host': 'localhost',
                      'port': 27017},
  'NUMBER_OF_CORES': -1,
  'PARALLEL_COMPLEX_EVALUATION': False,
  'PARALLEL_CONCEPT_EVALUATION': False,
  'PARALLEL_CUT_EVALUATION': True,
  'PARTITION_TYPE': 'BI',
  'PICK_SMALLEST_PURVIEW': False,
  'PRECISION': 6,
  'PRINT_FRACTIONS': True,
  'PROGRESS_BARS': True,
  'REDIS_CACHE': False,
  'REDIS_CONFIG': {'db': 0, 'host': 'localhost', 'port': 6379, 'test_db': 1},
  'REPR_VERBOSITY': 2,
  'SINGLE_MICRO_NODES_WITH_SELFLOOPS_HAVE_PHI': False,
  'SYSTEM_CUTS': '3.0_STYLE',
  'USE_SMALL_PHI_DIFFERENCE_FOR_CES_DISTANCE': False,
  'VALIDATE_CONDITIONAL_INDEPENDENCE': True,
  'VALIDATE_SUBSYSTEM_STATES': True,
  'WELCOME_OFF': False}
2026-05-16 04:07:37,283 [pyphi.compute.subsystem] INFO MainProcess: Finished calculating big-phi data for Subsystem(n0, n1, n2, n3).
2026-05-16 04:15:05,029 [pyphi.conf] INFO MainProcess: PyPhi v1.2.0
2026-05-16 04:15:05,029 [pyphi.conf] INFO MainProcess: Using default configuration (no configuration file provided)
2026-05-16 04:15:05,029 [pyphi.conf] INFO MainProcess: Current PyPhi configuration:
 { 'ASSUME_CUTS_CANNOT_CREATE_NEW_CONCEPTS': False,
  'CACHE_POTENTIAL_PURVIEWS': True,
  'CACHE_REPERTOIRES': True,
  'CACHE_SIAS': False,
  'CACHING_BACKEND': 'fs',
  'CLEAR_SUBSYSTEM_CACHES_AFTER_COMPUTING_SIA': False,
  'CUT_ONE_APPROXIMATION': False,
  'FS_CACHE_DIRECTORY': '__pyphi_cache__',
  'FS_CACHE_VERBOSITY': 0,
  'LOG_FILE': 'pyphi.log',
  'LOG_FILE_LEVEL': 'INFO',
  'LOG_STDOUT_LEVEL': 'WARNING',
  'MAXIMUM_CACHE_MEMORY_PERCENTAGE': 50,
  'MEASURE': 'EMD',
  'MONGODB_CONFIG': { 'collection_name': 'cache',
                      'database_name': 'pyphi',
                      'host': 'localhost',
                      'port': 27017},
  'NUMBER_OF_CORES': -1,
  'PARALLEL_COMPLEX_EVALUATION': False,
  'PARALLEL_CONCEPT_EVALUATION': False,
  'PARALLEL_CUT_EVALUATION': True,
  'PARTITION_TYPE': 'BI',
  'PICK_SMALLEST_PURVIEW': False,
  'PRECISION': 6,
  'PRINT_FRACTIONS': True,
  'PROGRESS_BARS': True,
  'REDIS_CACHE': False,
  'REDIS_CONFIG': {'db': 0, 'host': 'localhost', 'port': 6379, 'test_db': 1},
  'REPR_VERBOSITY': 2,
  'SINGLE_MICRO_NODES_WITH_SELFLOOPS_HAVE_PHI': False,
  'SYSTEM_CUTS': '3.0_STYLE',
  'USE_SMALL_PHI_DIFFERENCE_FOR_CES_DISTANCE': False,
  'VALIDATE_CONDITIONAL_INDEPENDENCE': True,
  'VALIDATE_SUBSYSTEM_STATES': True,
  'WELCOME_OFF': False}
2026-05-16 04:15:12,260 [pyphi.compute.subsystem] INFO MainProcess: Calculating big-phi data for Subsystem(n0, n1, n2)...
2026-05-16 04:15:12,603 [pyphi.conf] INFO Process-1: PyPhi v1.2.0
2026-05-16 04:15:12,603 [pyphi.conf] INFO Process-1: Using default configuration (no configuration file provided)
2026-05-16 04:15:12,603 [pyphi.conf] INFO Process-1: Current PyPhi configuration:
 { 'ASSUME_CUTS_CANNOT_CREATE_NEW_CONCEPTS': False,
  'CACHE_POTENTIAL_PURVIEWS': True,
  'CACHE_REPERTOIRES': True,
  'CACHE_SIAS': False,
  'CACHING_BACKEND': 'fs',
  'CLEAR_SUBSYSTEM_CACHES_AFTER_COMPUTING_SIA': False,
  'CUT_ONE_APPROXIMATION': False,
  'FS_CACHE_DIRECTORY': '__pyphi_cache__',
  'FS_CACHE_VERBOSITY': 0,
  'LOG_FILE': 'pyphi.log',
  'LOG_FILE_LEVEL': 'INFO',
  'LOG_STDOUT_LEVEL': 'WARNING',
  'MAXIMUM_CACHE_MEMORY_PERCENTAGE': 50,
  'MEASURE': 'EMD',
  'MONGODB_CONFIG': { 'collection_name': 'cache',
                      'database_name': 'pyphi',
                      'host': 'localhost',
                      'port': 27017},
  'NUMBER_OF_CORES': -1,
  'PARALLEL_COMPLEX_EVALUATION': False,
  'PARALLEL_CONCEPT_EVALUATION': False,
  'PARALLEL_CUT_EVALUATION': True,
  'PARTITION_TYPE': 'BI',
  'PICK_SMALLEST_PURVIEW': False,
  'PRECISION': 6,
  'PRINT_FRACTIONS': True,
  'PROGRESS_BARS': True,
  'REDIS_CACHE': False,
  'REDIS_CONFIG': {'db': 0, 'host': 'localhost', 'port': 6379, 'test_db': 1},
  'REPR_VERBOSITY': 2,
  'SINGLE_MICRO_NODES_WITH_SELFLOOPS_HAVE_PHI': False,
  'SYSTEM_CUTS': '3.0_STYLE',
  'USE_SMALL_PHI_DIFFERENCE_FOR_CES_DISTANCE': False,
  'VALIDATE_CONDITIONAL_INDEPENDENCE': True,
  'VALIDATE_SUBSYSTEM_STATES': True,
  'WELCOME_OFF': False}
2026-05-16 04:15:21,515 [pyphi.compute.subsystem] INFO MainProcess: Empty unpartitioned CauseEffectStructure; returning null SIA immediately.
2026-05-16 04:15:21,517 [pyphi.compute.subsystem] INFO MainProcess: Calculating big-phi data for Subsystem(n0, n1, n2)...
2026-05-16 04:15:21,824 [pyphi.conf] INFO Process-2: PyPhi v1.2.0
2026-05-16 04:15:21,824 [pyphi.conf] INFO Process-2: Using default configuration (no configuration file provided)
2026-05-16 04:15:21,825 [pyphi.conf] INFO Process-2: Current PyPhi configuration:
 { 'ASSUME_CUTS_CANNOT_CREATE_NEW_CONCEPTS': False,
  'CACHE_POTENTIAL_PURVIEWS': True,
  'CACHE_REPERTOIRES': True,
  'CACHE_SIAS': False,
  'CACHING_BACKEND': 'fs',
  'CLEAR_SUBSYSTEM_CACHES_AFTER_COMPUTING_SIA': False,
  'CUT_ONE_APPROXIMATION': False,
  'FS_CACHE_DIRECTORY': '__pyphi_cache__',
  'FS_CACHE_VERBOSITY': 0,
  'LOG_FILE': 'pyphi.log',
  'LOG_FILE_LEVEL': 'INFO',
  'LOG_STDOUT_LEVEL': 'WARNING',
  'MAXIMUM_CACHE_MEMORY_PERCENTAGE': 50,
  'MEASURE': 'EMD',
  'MONGODB_CONFIG': { 'collection_name': 'cache',
                      'database_name': 'pyphi',
                      'host': 'localhost',
                      'port': 27017},
  'NUMBER_OF_CORES': -1,
  'PARALLEL_COMPLEX_EVALUATION': False,
  'PARALLEL_CONCEPT_EVALUATION': False,
  'PARALLEL_CUT_EVALUATION': True,
  'PARTITION_TYPE': 'BI',
  'PICK_SMALLEST_PURVIEW': False,
  'PRECISION': 6,
  'PRINT_FRACTIONS': True,
  'PROGRESS_BARS': True,
  'REDIS_CACHE': False,
  'REDIS_CONFIG': {'db': 0, 'host': 'localhost', 'port': 6379, 'test_db': 1},
  'REPR_VERBOSITY': 2,
  'SINGLE_MICRO_NODES_WITH_SELFLOOPS_HAVE_PHI': False,
  'SYSTEM_CUTS': '3.0_STYLE',
  'USE_SMALL_PHI_DIFFERENCE_FOR_CES_DISTANCE': False,
  'VALIDATE_CONDITIONAL_INDEPENDENCE': True,
  'VALIDATE_SUBSYSTEM_STATES': True,
  'WELCOME_OFF': False}
2026-05-16 04:15:30,330 [pyphi.compute.subsystem] INFO MainProcess: Empty unpartitioned CauseEffectStructure; returning null SIA immediately.
2026-05-16 04:15:30,331 [pyphi.compute.subsystem] INFO MainProcess: Calculating big-phi data for Subsystem(n0, n1, n2)...
2026-05-16 04:15:30,664 [pyphi.conf] INFO Process-3: PyPhi v1.2.0
2026-05-16 04:15:30,664 [pyphi.conf] INFO Process-3: Using default configuration (no configuration file provided)
2026-05-16 04:15:30,664 [pyphi.conf] INFO Process-3: Current PyPhi configuration:
 { 'ASSUME_CUTS_CANNOT_CREATE_NEW_CONCEPTS': False,
  'CACHE_POTENTIAL_PURVIEWS': True,
  'CACHE_REPERTOIRES': True,
  'CACHE_SIAS': False,
  'CACHING_BACKEND': 'fs',
  'CLEAR_SUBSYSTEM_CACHES_AFTER_COMPUTING_SIA': False,
  'CUT_ONE_APPROXIMATION': False,
  'FS_CACHE_DIRECTORY': '__pyphi_cache__',
  'FS_CACHE_VERBOSITY': 0,
  'LOG_FILE': 'pyphi.log',
  'LOG_FILE_LEVEL': 'INFO',
  'LOG_STDOUT_LEVEL': 'WARNING',
  'MAXIMUM_CACHE_MEMORY_PERCENTAGE': 50,
  'MEASURE': 'EMD',
  'MONGODB_CONFIG': { 'collection_name': 'cache',
                      'database_name': 'pyphi',
                      'host': 'localhost',
                      'port': 27017},
  'NUMBER_OF_CORES': -1,
  'PARALLEL_COMPLEX_EVALUATION': False,
  'PARALLEL_CONCEPT_EVALUATION': False,
  'PARALLEL_CUT_EVALUATION': True,
  'PARTITION_TYPE': 'BI',
  'PICK_SMALLEST_PURVIEW': False,
  'PRECISION': 6,
  'PRINT_FRACTIONS': True,
  'PROGRESS_BARS': True,
  'REDIS_CACHE': False,
  'REDIS_CONFIG': {'db': 0, 'host': 'localhost', 'port': 6379, 'test_db': 1},
  'REPR_VERBOSITY': 2,
  'SINGLE_MICRO_NODES_WITH_SELFLOOPS_HAVE_PHI': False,
  'SYSTEM_CUTS': '3.0_STYLE',
  'USE_SMALL_PHI_DIFFERENCE_FOR_CES_DISTANCE': False,
  'VALIDATE_CONDITIONAL_INDEPENDENCE': True,
  'VALIDATE_SUBSYSTEM_STATES': True,
  'WELCOME_OFF': False}
2026-05-16 04:15:37,363 [pyphi.compute.subsystem] INFO MainProcess: Empty unpartitioned CauseEffectStructure; returning null SIA immediately.
2026-05-16 04:15:37,364 [pyphi.compute.subsystem] INFO MainProcess: Calculating big-phi data for Subsystem(n0, n1, n2)...
2026-05-16 04:15:37,691 [pyphi.conf] INFO Process-4: PyPhi v1.2.0
2026-05-16 04:15:37,691 [pyphi.conf] INFO Process-4: Using default configuration (no configuration file provided)
2026-05-16 04:15:37,692 [pyphi.conf] INFO Process-4: Current PyPhi configuration:
 { 'ASSUME_CUTS_CANNOT_CREATE_NEW_CONCEPTS': False,
  'CACHE_POTENTIAL_PURVIEWS': True,
  'CACHE_REPERTOIRES': True,
  'CACHE_SIAS': False,
  'CACHING_BACKEND': 'fs',
  'CLEAR_SUBSYSTEM_CACHES_AFTER_COMPUTING_SIA': False,
  'CUT_ONE_APPROXIMATION': False,
  'FS_CACHE_DIRECTORY': '__pyphi_cache__',
  'FS_CACHE_VERBOSITY': 0,
  'LOG_FILE': 'pyphi.log',
  'LOG_FILE_LEVEL': 'INFO',
  'LOG_STDOUT_LEVEL': 'WARNING',
  'MAXIMUM_CACHE_MEMORY_PERCENTAGE': 50,
  'MEASURE': 'EMD',
  'MONGODB_CONFIG': { 'collection_name': 'cache',
                      'database_name': 'pyphi',
                      'host': 'localhost',
                      'port': 27017},
  'NUMBER_OF_CORES': -1,
  'PARALLEL_COMPLEX_EVALUATION': False,
  'PARALLEL_CONCEPT_EVALUATION': False,
  'PARALLEL_CUT_EVALUATION': True,
  'PARTITION_TYPE': 'BI',
  'PICK_SMALLEST_PURVIEW': False,
  'PRECISION': 6,
  'PRINT_FRACTIONS': True,
  'PROGRESS_BARS': True,
  'REDIS_CACHE': False,
  'REDIS_CONFIG': {'db': 0, 'host': 'localhost', 'port': 6379, 'test_db': 1},
  'REPR_VERBOSITY': 2,
  'SINGLE_MICRO_NODES_WITH_SELFLOOPS_HAVE_PHI': False,
  'SYSTEM_CUTS': '3.0_STYLE',
  'USE_SMALL_PHI_DIFFERENCE_FOR_CES_DISTANCE': False,
  'VALIDATE_CONDITIONAL_INDEPENDENCE': True,
  'VALIDATE_SUBSYSTEM_STATES': True,
  'WELCOME_OFF': False}
2026-05-16 04:15:44,291 [pyphi.compute.subsystem] INFO MainProcess: Empty unpartitioned CauseEffectStructure; returning null SIA immediately.
2026-05-16 04:15:44,294 [pyphi.compute.subsystem] INFO MainProcess: Calculating big-phi data for Subsystem(n0, n1, n2)...
2026-05-16 04:15:44,605 [pyphi.conf] INFO Process-5: PyPhi v1.2.0
2026-05-16 04:15:44,605 [pyphi.conf] INFO Process-5: Using default configuration (no configuration file provided)
2026-05-16 04:15:44,606 [pyphi.conf] INFO Process-5: Current PyPhi configuration:
 { 'ASSUME_CUTS_CANNOT_CREATE_NEW_CONCEPTS': False,
  'CACHE_POTENTIAL_PURVIEWS': True,
  'CACHE_REPERTOIRES': True,
  'CACHE_SIAS': False,
  'CACHING_BACKEND': 'fs',
  'CLEAR_SUBSYSTEM_CACHES_AFTER_COMPUTING_SIA': False,
  'CUT_ONE_APPROXIMATION': False,
  'FS_CACHE_DIRECTORY': '__pyphi_cache__',
  'FS_CACHE_VERBOSITY': 0,
  'LOG_FILE': 'pyphi.log',
  'LOG_FILE_LEVEL': 'INFO',
  'LOG_STDOUT_LEVEL': 'WARNING',
  'MAXIMUM_CACHE_MEMORY_PERCENTAGE': 50,
  'MEASURE': 'EMD',
  'MONGODB_CONFIG': { 'collection_name': 'cache',
                      'database_name': 'pyphi',
                      'host': 'localhost',
                      'port': 27017},
  'NUMBER_OF_CORES': -1,
  'PARALLEL_COMPLEX_EVALUATION': False,
  'PARALLEL_CONCEPT_EVALUATION': False,
  'PARALLEL_CUT_EVALUATION': True,
  'PARTITION_TYPE': 'BI',
  'PICK_SMALLEST_PURVIEW': False,
  'PRECISION': 6,
  'PRINT_FRACTIONS': True,
  'PROGRESS_BARS': True,
  'REDIS_CACHE': False,
  'REDIS_CONFIG': {'db': 0, 'host': 'localhost', 'port': 6379, 'test_db': 1},
  'REPR_VERBOSITY': 2,
  'SINGLE_MICRO_NODES_WITH_SELFLOOPS_HAVE_PHI': False,
  'SYSTEM_CUTS': '3.0_STYLE',
  'USE_SMALL_PHI_DIFFERENCE_FOR_CES_DISTANCE': False,
  'VALIDATE_CONDITIONAL_INDEPENDENCE': True,
  'VALIDATE_SUBSYSTEM_STATES': True,
  'WELCOME_OFF': False}
2026-05-16 04:15:53,856 [pyphi.compute.subsystem] INFO MainProcess: Empty unpartitioned CauseEffectStructure; returning null SIA immediately.
2026-05-16 04:15:53,859 [pyphi.compute.subsystem] INFO MainProcess: Calculating big-phi data for Subsystem(n0, n1, n2)...
2026-05-16 04:15:54,569 [pyphi.conf] INFO Process-6: PyPhi v1.2.0
2026-05-16 04:15:54,577 [pyphi.conf] INFO Process-6: Using default configuration (no configuration file provided)
2026-05-16 04:15:54,587 [pyphi.conf] INFO Process-6: Current PyPhi configuration:
 { 'ASSUME_CUTS_CANNOT_CREATE_NEW_CONCEPTS': False,
  'CACHE_POTENTIAL_PURVIEWS': True,
  'CACHE_REPERTOIRES': True,
  'CACHE_SIAS': False,
  'CACHING_BACKEND': 'fs',
  'CLEAR_SUBSYSTEM_CACHES_AFTER_COMPUTING_SIA': False,
  'CUT_ONE_APPROXIMATION': False,
  'FS_CACHE_DIRECTORY': '__pyphi_cache__',
  'FS_CACHE_VERBOSITY': 0,
  'LOG_FILE': 'pyphi.log',
  'LOG_FILE_LEVEL': 'INFO',
  'LOG_STDOUT_LEVEL': 'WARNING',
  'MAXIMUM_CACHE_MEMORY_PERCENTAGE': 50,
  'MEASURE': 'EMD',
  'MONGODB_CONFIG': { 'collection_name': 'cache',
                      'database_name': 'pyphi',
                      'host': 'localhost',
                      'port': 27017},
  'NUMBER_OF_CORES': -1,
  'PARALLEL_COMPLEX_EVALUATION': False,
  'PARALLEL_CONCEPT_EVALUATION': False,
  'PARALLEL_CUT_EVALUATION': True,
  'PARTITION_TYPE': 'BI',
  'PICK_SMALLEST_PURVIEW': False,
  'PRECISION': 6,
  'PRINT_FRACTIONS': True,
  'PROGRESS_BARS': True,
  'REDIS_CACHE': False,
  'REDIS_CONFIG': {'db': 0, 'host': 'localhost', 'port': 6379, 'test_db': 1},
  'REPR_VERBOSITY': 2,
  'SINGLE_MICRO_NODES_WITH_SELFLOOPS_HAVE_PHI': False,
  'SYSTEM_CUTS': '3.0_STYLE',
  'USE_SMALL_PHI_DIFFERENCE_FOR_CES_DISTANCE': False,
  'VALIDATE_CONDITIONAL_INDEPENDENCE': True,
  'VALIDATE_SUBSYSTEM_STATES': True,
  'WELCOME_OFF': False}
2026-05-16 04:16:03,122 [pyphi.compute.subsystem] INFO MainProcess: Empty unpartitioned CauseEffectStructure; returning null SIA immediately.
2026-05-16 04:16:03,123 [pyphi.compute.subsystem] INFO MainProcess: Calculating big-phi data for Subsystem(n0, n1, n2)...
2026-05-16 04:16:03,485 [pyphi.conf] INFO Process-7: PyPhi v1.2.0
2026-05-16 04:16:03,486 [pyphi.conf] INFO Process-7: Using default configuration (no configuration file provided)
2026-05-16 04:16:03,487 [pyphi.conf] INFO Process-7: Current PyPhi configuration:
 { 'ASSUME_CUTS_CANNOT_CREATE_NEW_CONCEPTS': False,
  'CACHE_POTENTIAL_PURVIEWS': True,
  'CACHE_REPERTOIRES': True,
  'CACHE_SIAS': False,
  'CACHING_BACKEND': 'fs',
  'CLEAR_SUBSYSTEM_CACHES_AFTER_COMPUTING_SIA': False,
  'CUT_ONE_APPROXIMATION': False,
  'FS_CACHE_DIRECTORY': '__pyphi_cache__',
  'FS_CACHE_VERBOSITY': 0,
  'LOG_FILE': 'pyphi.log',
  'LOG_FILE_LEVEL': 'INFO',
  'LOG_STDOUT_LEVEL': 'WARNING',
  'MAXIMUM_CACHE_MEMORY_PERCENTAGE': 50,
  'MEASURE': 'EMD',
  'MONGODB_CONFIG': { 'collection_name': 'cache',
                      'database_name': 'pyphi',
                      'host': 'localhost',
                      'port': 27017},
  'NUMBER_OF_CORES': -1,
  'PARALLEL_COMPLEX_EVALUATION': False,
  'PARALLEL_CONCEPT_EVALUATION': False,
  'PARALLEL_CUT_EVALUATION': True,
  'PARTITION_TYPE': 'BI',
  'PICK_SMALLEST_PURVIEW': False,
  'PRECISION': 6,
  'PRINT_FRACTIONS': True,
  'PROGRESS_BARS': True,
  'REDIS_CACHE': False,
  'REDIS_CONFIG': {'db': 0, 'host': 'localhost', 'port': 6379, 'test_db': 1},
  'REPR_VERBOSITY': 2,
  'SINGLE_MICRO_NODES_WITH_SELFLOOPS_HAVE_PHI': False,
  'SYSTEM_CUTS': '3.0_STYLE',
  'USE_SMALL_PHI_DIFFERENCE_FOR_CES_DISTANCE': False,
  'VALIDATE_CONDITIONAL_INDEPENDENCE': True,
  'VALIDATE_SUBSYSTEM_STATES': True,
  'WELCOME_OFF': False}
2026-05-16 04:16:11,896 [pyphi.compute.subsystem] INFO MainProcess: Empty unpartitioned CauseEffectStructure; returning null SIA immediately.
2026-05-16 04:16:11,897 [pyphi.compute.subsystem] INFO MainProcess: Calculating big-phi data for Subsystem(n0, n1, n2)...
2026-05-16 04:16:12,228 [pyphi.conf] INFO Process-8: PyPhi v1.2.0
2026-05-16 04:16:12,228 [pyphi.conf] INFO Process-8: Using default configuration (no configuration file provided)
2026-05-16 04:16:12,229 [pyphi.conf] INFO Process-8: Current PyPhi configuration:
 { 'ASSUME_CUTS_CANNOT_CREATE_NEW_CONCEPTS': False,
  'CACHE_POTENTIAL_PURVIEWS': True,
  'CACHE_REPERTOIRES': True,
  'CACHE_SIAS': False,
  'CACHING_BACKEND': 'fs',
  'CLEAR_SUBSYSTEM_CACHES_AFTER_COMPUTING_SIA': False,
  'CUT_ONE_APPROXIMATION': False,
  'FS_CACHE_DIRECTORY': '__pyphi_cache__',
  'FS_CACHE_VERBOSITY': 0,
  'LOG_FILE': 'pyphi.log',
  'LOG_FILE_LEVEL': 'INFO',
  'LOG_STDOUT_LEVEL': 'WARNING',
  'MAXIMUM_CACHE_MEMORY_PERCENTAGE': 50,
  'MEASURE': 'EMD',
  'MONGODB_CONFIG': { 'collection_name': 'cache',
                      'database_name': 'pyphi',
                      'host': 'localhost',
                      'port': 27017},
  'NUMBER_OF_CORES': -1,
  'PARALLEL_COMPLEX_EVALUATION': False,
  'PARALLEL_CONCEPT_EVALUATION': False,
  'PARALLEL_CUT_EVALUATION': True,
  'PARTITION_TYPE': 'BI',
  'PICK_SMALLEST_PURVIEW': False,
  'PRECISION': 6,
  'PRINT_FRACTIONS': True,
  'PROGRESS_BARS': True,
  'REDIS_CACHE': False,
  'REDIS_CONFIG': {'db': 0, 'host': 'localhost', 'port': 6379, 'test_db': 1},
  'REPR_VERBOSITY': 2,
  'SINGLE_MICRO_NODES_WITH_SELFLOOPS_HAVE_PHI': False,
  'SYSTEM_CUTS': '3.0_STYLE',
  'USE_SMALL_PHI_DIFFERENCE_FOR_CES_DISTANCE': False,
  'VALIDATE_CONDITIONAL_INDEPENDENCE': True,
  'VALIDATE_SUBSYSTEM_STATES': True,
  'WELCOME_OFF': False}
2026-05-16 04:16:18,471 [pyphi.compute.subsystem] INFO MainProcess: Empty unpartitioned CauseEffectStructure; returning null SIA immediately.
2026-05-16 04:16:18,474 [pyphi.compute.subsystem] INFO MainProcess: Calculating big-phi data for Subsystem(n0, n1, n2)...
2026-05-16 04:16:18,777 [pyphi.conf] INFO Process-9: PyPhi v1.2.0
2026-05-16 04:16:18,777 [pyphi.conf] INFO Process-9: Using default configuration (no configuration file provided)
2026-05-16 04:16:18,777 [pyphi.conf] INFO Process-9: Current PyPhi configuration:
 { 'ASSUME_CUTS_CANNOT_CREATE_NEW_CONCEPTS': False,
  'CACHE_POTENTIAL_PURVIEWS': True,
  'CACHE_REPERTOIRES': True,
  'CACHE_SIAS': False,
  'CACHING_BACKEND': 'fs',
  'CLEAR_SUBSYSTEM_CACHES_AFTER_COMPUTING_SIA': False,
  'CUT_ONE_APPROXIMATION': False,
  'FS_CACHE_DIRECTORY': '__pyphi_cache__',
  'FS_CACHE_VERBOSITY': 0,
  'LOG_FILE': 'pyphi.log',
  'LOG_FILE_LEVEL': 'INFO',
  'LOG_STDOUT_LEVEL': 'WARNING',
  'MAXIMUM_CACHE_MEMORY_PERCENTAGE': 50,
  'MEASURE': 'EMD',
  'MONGODB_CONFIG': { 'collection_name': 'cache',
                      'database_name': 'pyphi',
                      'host': 'localhost',
                      'port': 27017},
  'NUMBER_OF_CORES': -1,
  'PARALLEL_COMPLEX_EVALUATION': False,
  'PARALLEL_CONCEPT_EVALUATION': False,
  'PARALLEL_CUT_EVALUATION': True,
  'PARTITION_TYPE': 'BI',
  'PICK_SMALLEST_PURVIEW': False,
  'PRECISION': 6,
  'PRINT_FRACTIONS': True,
  'PROGRESS_BARS': True,
  'REDIS_CACHE': False,
  'REDIS_CONFIG': {'db': 0, 'host': 'localhost', 'port': 6379, 'test_db': 1},
  'REPR_VERBOSITY': 2,
  'SINGLE_MICRO_NODES_WITH_SELFLOOPS_HAVE_PHI': False,
  'SYSTEM_CUTS': '3.0_STYLE',
  'USE_SMALL_PHI_DIFFERENCE_FOR_CES_DISTANCE': False,
  'VALIDATE_CONDITIONAL_INDEPENDENCE': True,
  'VALIDATE_SUBSYSTEM_STATES': True,
  'WELCOME_OFF': False}
2026-05-16 04:16:26,729 [pyphi.conf] INFO Process-10: PyPhi v1.2.0
2026-05-16 04:16:26,730 [pyphi.conf] INFO Process-10: Using default configuration (no configuration file provided)
2026-05-16 04:16:26,730 [pyphi.conf] INFO Process-10: Current PyPhi configuration:
 { 'ASSUME_CUTS_CANNOT_CREATE_NEW_CONCEPTS': False,
  'CACHE_POTENTIAL_PURVIEWS': True,
  'CACHE_REPERTOIRES': True,
  'CACHE_SIAS': False,
  'CACHING_BACKEND': 'fs',
  'CLEAR_SUBSYSTEM_CACHES_AFTER_COMPUTING_SIA': False,
  'CUT_ONE_APPROXIMATION': False,
  'FS_CACHE_DIRECTORY': '__pyphi_cache__',
  'FS_CACHE_VERBOSITY': 0,
  'LOG_FILE': 'pyphi.log',
  'LOG_FILE_LEVEL': 'INFO',
  'LOG_STDOUT_LEVEL': 'WARNING',
  'MAXIMUM_CACHE_MEMORY_PERCENTAGE': 50,
  'MEASURE': 'EMD',
  'MONGODB_CONFIG': { 'collection_name': 'cache',
                      'database_name': 'pyphi',
                      'host': 'localhost',
                      'port': 27017},
  'NUMBER_OF_CORES': -1,
  'PARALLEL_COMPLEX_EVALUATION': False,
  'PARALLEL_CONCEPT_EVALUATION': False,
  'PARALLEL_CUT_EVALUATION': True,
  'PARTITION_TYPE': 'BI',
  'PICK_SMALLEST_PURVIEW': False,
  'PRECISION': 6,
  'PRINT_FRACTIONS': True,
  'PROGRESS_BARS': True,
  'REDIS_CACHE': False,
  'REDIS_CONFIG': {'db': 0, 'host': 'localhost', 'port': 6379, 'test_db': 1},
  'REPR_VERBOSITY': 2,
  'SINGLE_MICRO_NODES_WITH_SELFLOOPS_HAVE_PHI': False,
  'SYSTEM_CUTS': '3.0_STYLE',
  'USE_SMALL_PHI_DIFFERENCE_FOR_CES_DISTANCE': False,
  'VALIDATE_CONDITIONAL_INDEPENDENCE': True,
  'VALIDATE_SUBSYSTEM_STATES': True,
  'WELCOME_OFF': False}
2026-05-16 04:16:34,710 [pyphi.compute.subsystem] INFO MainProcess: Finished calculating big-phi data for Subsystem(n0, n1, n2).
2026-05-16 04:16:34,711 [pyphi.compute.subsystem] INFO MainProcess: Calculating big-phi data for Subsystem(n0, n1, n2)...
2026-05-16 04:16:35,058 [pyphi.conf] INFO Process-11: PyPhi v1.2.0
2026-05-16 04:16:35,058 [pyphi.conf] INFO Process-11: Using default configuration (no configuration file provided)
2026-05-16 04:16:35,059 [pyphi.conf] INFO Process-11: Current PyPhi configuration:
 { 'ASSUME_CUTS_CANNOT_CREATE_NEW_CONCEPTS': False,
  'CACHE_POTENTIAL_PURVIEWS': True,
  'CACHE_REPERTOIRES': True,
  'CACHE_SIAS': False,
  'CACHING_BACKEND': 'fs',
  'CLEAR_SUBSYSTEM_CACHES_AFTER_COMPUTING_SIA': False,
  'CUT_ONE_APPROXIMATION': False,
  'FS_CACHE_DIRECTORY': '__pyphi_cache__',
  'FS_CACHE_VERBOSITY': 0,
  'LOG_FILE': 'pyphi.log',
  'LOG_FILE_LEVEL': 'INFO',
  'LOG_STDOUT_LEVEL': 'WARNING',
  'MAXIMUM_CACHE_MEMORY_PERCENTAGE': 50,
  'MEASURE': 'EMD',
  'MONGODB_CONFIG': { 'collection_name': 'cache',
                      'database_name': 'pyphi',
                      'host': 'localhost',
                      'port': 27017},
  'NUMBER_OF_CORES': -1,
  'PARALLEL_COMPLEX_EVALUATION': False,
  'PARALLEL_CONCEPT_EVALUATION': False,
  'PARALLEL_CUT_EVALUATION': True,
  'PARTITION_TYPE': 'BI',
  'PICK_SMALLEST_PURVIEW': False,
  'PRECISION': 6,
  'PRINT_FRACTIONS': True,
  'PROGRESS_BARS': True,
  'REDIS_CACHE': False,
  'REDIS_CONFIG': {'db': 0, 'host': 'localhost', 'port': 6379, 'test_db': 1},
  'REPR_VERBOSITY': 2,
  'SINGLE_MICRO_NODES_WITH_SELFLOOPS_HAVE_PHI': False,
  'SYSTEM_CUTS': '3.0_STYLE',
  'USE_SMALL_PHI_DIFFERENCE_FOR_CES_DISTANCE': False,
  'VALIDATE_CONDITIONAL_INDEPENDENCE': True,
  'VALIDATE_SUBSYSTEM_STATES': True,
  'WELCOME_OFF': False}
2026-05-16 04:16:43,117 [pyphi.conf] INFO Process-12: PyPhi v1.2.0
2026-05-16 04:16:43,118 [pyphi.conf] INFO Process-12: Using default configuration (no configuration file provided)
2026-05-16 04:16:43,118 [pyphi.conf] INFO Process-12: Current PyPhi configuration:
 { 'ASSUME_CUTS_CANNOT_CREATE_NEW_CONCEPTS': False,
  'CACHE_POTENTIAL_PURVIEWS': True,
  'CACHE_REPERTOIRES': True,
  'CACHE_SIAS': False,
  'CACHING_BACKEND': 'fs',
  'CLEAR_SUBSYSTEM_CACHES_AFTER_COMPUTING_SIA': False,
  'CUT_ONE_APPROXIMATION': False,
  'FS_CACHE_DIRECTORY': '__pyphi_cache__',
  'FS_CACHE_VERBOSITY': 0,
  'LOG_FILE': 'pyphi.log',
  'LOG_FILE_LEVEL': 'INFO',
  'LOG_STDOUT_LEVEL': 'WARNING',
  'MAXIMUM_CACHE_MEMORY_PERCENTAGE': 50,
  'MEASURE': 'EMD',
  'MONGODB_CONFIG': { 'collection_name': 'cache',
                      'database_name': 'pyphi',
                      'host': 'localhost',
                      'port': 27017},
  'NUMBER_OF_CORES': -1,
  'PARALLEL_COMPLEX_EVALUATION': False,
  'PARALLEL_CONCEPT_EVALUATION': False,
  'PARALLEL_CUT_EVALUATION': True,
  'PARTITION_TYPE': 'BI',
  'PICK_SMALLEST_PURVIEW': False,
  'PRECISION': 6,
  'PRINT_FRACTIONS': True,
  'PROGRESS_BARS': True,
  'REDIS_CACHE': False,
  'REDIS_CONFIG': {'db': 0, 'host': 'localhost', 'port': 6379, 'test_db': 1},
  'REPR_VERBOSITY': 2,
  'SINGLE_MICRO_NODES_WITH_SELFLOOPS_HAVE_PHI': False,
  'SYSTEM_CUTS': '3.0_STYLE',
  'USE_SMALL_PHI_DIFFERENCE_FOR_CES_DISTANCE': False,
  'VALIDATE_CONDITIONAL_INDEPENDENCE': True,
  'VALIDATE_SUBSYSTEM_STATES': True,
  'WELCOME_OFF': False}
2026-05-16 04:16:51,041 [pyphi.compute.subsystem] INFO MainProcess: Finished calculating big-phi data for Subsystem(n0, n1, n2).
2026-05-16 04:16:51,043 [pyphi.compute.subsystem] INFO MainProcess: Calculating big-phi data for Subsystem(n0, n1, n2)...
2026-05-16 04:16:51,347 [pyphi.conf] INFO Process-13: PyPhi v1.2.0
2026-05-16 04:16:51,347 [pyphi.conf] INFO Process-13: Using default configuration (no configuration file provided)
2026-05-16 04:16:51,347 [pyphi.conf] INFO Process-13: Current PyPhi configuration:
 { 'ASSUME_CUTS_CANNOT_CREATE_NEW_CONCEPTS': False,
  'CACHE_POTENTIAL_PURVIEWS': True,
  'CACHE_REPERTOIRES': True,
  'CACHE_SIAS': False,
  'CACHING_BACKEND': 'fs',
  'CLEAR_SUBSYSTEM_CACHES_AFTER_COMPUTING_SIA': False,
  'CUT_ONE_APPROXIMATION': False,
  'FS_CACHE_DIRECTORY': '__pyphi_cache__',
  'FS_CACHE_VERBOSITY': 0,
  'LOG_FILE': 'pyphi.log',
  'LOG_FILE_LEVEL': 'INFO',
  'LOG_STDOUT_LEVEL': 'WARNING',
  'MAXIMUM_CACHE_MEMORY_PERCENTAGE': 50,
  'MEASURE': 'EMD',
  'MONGODB_CONFIG': { 'collection_name': 'cache',
                      'database_name': 'pyphi',
                      'host': 'localhost',
                      'port': 27017},
  'NUMBER_OF_CORES': -1,
  'PARALLEL_COMPLEX_EVALUATION': False,
  'PARALLEL_CONCEPT_EVALUATION': False,
  'PARALLEL_CUT_EVALUATION': True,
  'PARTITION_TYPE': 'BI',
  'PICK_SMALLEST_PURVIEW': False,
  'PRECISION': 6,
  'PRINT_FRACTIONS': True,
  'PROGRESS_BARS': True,
  'REDIS_CACHE': False,
  'REDIS_CONFIG': {'db': 0, 'host': 'localhost', 'port': 6379, 'test_db': 1},
  'REPR_VERBOSITY': 2,
  'SINGLE_MICRO_NODES_WITH_SELFLOOPS_HAVE_PHI': False,
  'SYSTEM_CUTS': '3.0_STYLE',
  'USE_SMALL_PHI_DIFFERENCE_FOR_CES_DISTANCE': False,
  'VALIDATE_CONDITIONAL_INDEPENDENCE': True,
  'VALIDATE_SUBSYSTEM_STATES': True,
  'WELCOME_OFF': False}
2026-05-16 04:16:58,145 [pyphi.conf] INFO Process-14: PyPhi v1.2.0
2026-05-16 04:16:58,145 [pyphi.conf] INFO Process-14: Using default configuration (no configuration file provided)
2026-05-16 04:16:58,146 [pyphi.conf] INFO Process-14: Current PyPhi configuration:
 { 'ASSUME_CUTS_CANNOT_CREATE_NEW_CONCEPTS': False,
  'CACHE_POTENTIAL_PURVIEWS': True,
  'CACHE_REPERTOIRES': True,
  'CACHE_SIAS': False,
  'CACHING_BACKEND': 'fs',
  'CLEAR_SUBSYSTEM_CACHES_AFTER_COMPUTING_SIA': False,
  'CUT_ONE_APPROXIMATION': False,
  'FS_CACHE_DIRECTORY': '__pyphi_cache__',
  'FS_CACHE_VERBOSITY': 0,
  'LOG_FILE': 'pyphi.log',
  'LOG_FILE_LEVEL': 'INFO',
  'LOG_STDOUT_LEVEL': 'WARNING',
  'MAXIMUM_CACHE_MEMORY_PERCENTAGE': 50,
  'MEASURE': 'EMD',
  'MONGODB_CONFIG': { 'collection_name': 'cache',
                      'database_name': 'pyphi',
                      'host': 'localhost',
                      'port': 27017},
  'NUMBER_OF_CORES': -1,
  'PARALLEL_COMPLEX_EVALUATION': False,
  'PARALLEL_CONCEPT_EVALUATION': False,
  'PARALLEL_CUT_EVALUATION': True,
  'PARTITION_TYPE': 'BI',
  'PICK_SMALLEST_PURVIEW': False,
  'PRECISION': 6,
  'PRINT_FRACTIONS': True,
  'PROGRESS_BARS': True,
  'REDIS_CACHE': False,
  'REDIS_CONFIG': {'db': 0, 'host': 'localhost', 'port': 6379, 'test_db': 1},
  'REPR_VERBOSITY': 2,
  'SINGLE_MICRO_NODES_WITH_SELFLOOPS_HAVE_PHI': False,
  'SYSTEM_CUTS': '3.0_STYLE',
  'USE_SMALL_PHI_DIFFERENCE_FOR_CES_DISTANCE': False,
  'VALIDATE_CONDITIONAL_INDEPENDENCE': True,
  'VALIDATE_SUBSYSTEM_STATES': True,
  'WELCOME_OFF': False}
2026-05-16 04:17:04,681 [pyphi.compute.subsystem] INFO MainProcess: Finished calculating big-phi data for Subsystem(n0, n1, n2).
2026-05-16 04:17:04,682 [pyphi.compute.subsystem] INFO MainProcess: Calculating big-phi data for Subsystem(n0, n1, n2)...
2026-05-16 04:17:04,955 [pyphi.conf] INFO Process-15: PyPhi v1.2.0
2026-05-16 04:17:04,955 [pyphi.conf] INFO Process-15: Using default configuration (no configuration file provided)
2026-05-16 04:17:04,957 [pyphi.conf] INFO Process-15: Current PyPhi configuration:
 { 'ASSUME_CUTS_CANNOT_CREATE_NEW_CONCEPTS': False,
  'CACHE_POTENTIAL_PURVIEWS': True,
  'CACHE_REPERTOIRES': True,
  'CACHE_SIAS': False,
  'CACHING_BACKEND': 'fs',
  'CLEAR_SUBSYSTEM_CACHES_AFTER_COMPUTING_SIA': False,
  'CUT_ONE_APPROXIMATION': False,
  'FS_CACHE_DIRECTORY': '__pyphi_cache__',
  'FS_CACHE_VERBOSITY': 0,
  'LOG_FILE': 'pyphi.log',
  'LOG_FILE_LEVEL': 'INFO',
  'LOG_STDOUT_LEVEL': 'WARNING',
  'MAXIMUM_CACHE_MEMORY_PERCENTAGE': 50,
  'MEASURE': 'EMD',
  'MONGODB_CONFIG': { 'collection_name': 'cache',
                      'database_name': 'pyphi',
                      'host': 'localhost',
                      'port': 27017},
  'NUMBER_OF_CORES': -1,
  'PARALLEL_COMPLEX_EVALUATION': False,
  'PARALLEL_CONCEPT_EVALUATION': False,
  'PARALLEL_CUT_EVALUATION': True,
  'PARTITION_TYPE': 'BI',
  'PICK_SMALLEST_PURVIEW': False,
  'PRECISION': 6,
  'PRINT_FRACTIONS': True,
  'PROGRESS_BARS': True,
  'REDIS_CACHE': False,
  'REDIS_CONFIG': {'db': 0, 'host': 'localhost', 'port': 6379, 'test_db': 1},
  'REPR_VERBOSITY': 2,
  'SINGLE_MICRO_NODES_WITH_SELFLOOPS_HAVE_PHI': False,
  'SYSTEM_CUTS': '3.0_STYLE',
  'USE_SMALL_PHI_DIFFERENCE_FOR_CES_DISTANCE': False,
  'VALIDATE_CONDITIONAL_INDEPENDENCE': True,
  'VALIDATE_SUBSYSTEM_STATES': True,
  'WELCOME_OFF': False}
2026-05-16 04:17:11,674 [pyphi.conf] INFO Process-16: PyPhi v1.2.0
2026-05-16 04:17:11,674 [pyphi.conf] INFO Process-16: Using default configuration (no configuration file provided)
2026-05-16 04:17:11,675 [pyphi.conf] INFO Process-16: Current PyPhi configuration:
 { 'ASSUME_CUTS_CANNOT_CREATE_NEW_CONCEPTS': False,
  'CACHE_POTENTIAL_PURVIEWS': True,
  'CACHE_REPERTOIRES': True,
  'CACHE_SIAS': False,
  'CACHING_BACKEND': 'fs',
  'CLEAR_SUBSYSTEM_CACHES_AFTER_COMPUTING_SIA': False,
  'CUT_ONE_APPROXIMATION': False,
  'FS_CACHE_DIRECTORY': '__pyphi_cache__',
  'FS_CACHE_VERBOSITY': 0,
  'LOG_FILE': 'pyphi.log',
  'LOG_FILE_LEVEL': 'INFO',
  'LOG_STDOUT_LEVEL': 'WARNING',
  'MAXIMUM_CACHE_MEMORY_PERCENTAGE': 50,
  'MEASURE': 'EMD',
  'MONGODB_CONFIG': { 'collection_name': 'cache',
                      'database_name': 'pyphi',
                      'host': 'localhost',
                      'port': 27017},
  'NUMBER_OF_CORES': -1,
  'PARALLEL_COMPLEX_EVALUATION': False,
  'PARALLEL_CONCEPT_EVALUATION': False,
  'PARALLEL_CUT_EVALUATION': True,
  'PARTITION_TYPE': 'BI',
  'PICK_SMALLEST_PURVIEW': False,
  'PRECISION': 6,
  'PRINT_FRACTIONS': True,
  'PROGRESS_BARS': True,
  'REDIS_CACHE': False,
  'REDIS_CONFIG': {'db': 0, 'host': 'localhost', 'port': 6379, 'test_db': 1},
  'REPR_VERBOSITY': 2,
  'SINGLE_MICRO_NODES_WITH_SELFLOOPS_HAVE_PHI': False,
  'SYSTEM_CUTS': '3.0_STYLE',
  'USE_SMALL_PHI_DIFFERENCE_FOR_CES_DISTANCE': False,
  'VALIDATE_CONDITIONAL_INDEPENDENCE': True,
  'VALIDATE_SUBSYSTEM_STATES': True,
  'WELCOME_OFF': False}
2026-05-16 04:17:18,241 [pyphi.compute.subsystem] INFO MainProcess: Finished calculating big-phi data for Subsystem(n0, n1, n2).
2026-05-16 04:17:18,242 [pyphi.compute.subsystem] INFO MainProcess: Calculating big-phi data for Subsystem(n0, n1, n2)...
2026-05-16 04:17:18,531 [pyphi.conf] INFO Process-17: PyPhi v1.2.0
2026-05-16 04:17:18,531 [pyphi.conf] INFO Process-17: Using default configuration (no configuration file provided)
2026-05-16 04:17:18,531 [pyphi.conf] INFO Process-17: Current PyPhi configuration:
 { 'ASSUME_CUTS_CANNOT_CREATE_NEW_CONCEPTS': False,
  'CACHE_POTENTIAL_PURVIEWS': True,
  'CACHE_REPERTOIRES': True,
  'CACHE_SIAS': False,
  'CACHING_BACKEND': 'fs',
  'CLEAR_SUBSYSTEM_CACHES_AFTER_COMPUTING_SIA': False,
  'CUT_ONE_APPROXIMATION': False,
  'FS_CACHE_DIRECTORY': '__pyphi_cache__',
  'FS_CACHE_VERBOSITY': 0,
  'LOG_FILE': 'pyphi.log',
  'LOG_FILE_LEVEL': 'INFO',
  'LOG_STDOUT_LEVEL': 'WARNING',
  'MAXIMUM_CACHE_MEMORY_PERCENTAGE': 50,
  'MEASURE': 'EMD',
  'MONGODB_CONFIG': { 'collection_name': 'cache',
                      'database_name': 'pyphi',
                      'host': 'localhost',
                      'port': 27017},
  'NUMBER_OF_CORES': -1,
  'PARALLEL_COMPLEX_EVALUATION': False,
  'PARALLEL_CONCEPT_EVALUATION': False,
  'PARALLEL_CUT_EVALUATION': True,
  'PARTITION_TYPE': 'BI',
  'PICK_SMALLEST_PURVIEW': False,
  'PRECISION': 6,
  'PRINT_FRACTIONS': True,
  'PROGRESS_BARS': True,
  'REDIS_CACHE': False,
  'REDIS_CONFIG': {'db': 0, 'host': 'localhost', 'port': 6379, 'test_db': 1},
  'REPR_VERBOSITY': 2,
  'SINGLE_MICRO_NODES_WITH_SELFLOOPS_HAVE_PHI': False,
  'SYSTEM_CUTS': '3.0_STYLE',
  'USE_SMALL_PHI_DIFFERENCE_FOR_CES_DISTANCE': False,
  'VALIDATE_CONDITIONAL_INDEPENDENCE': True,
  'VALIDATE_SUBSYSTEM_STATES': True,
  'WELCOME_OFF': False}
2026-05-16 04:17:24,380 [pyphi.conf] INFO Process-18: PyPhi v1.2.0
2026-05-16 04:17:24,380 [pyphi.conf] INFO Process-18: Using default configuration (no configuration file provided)
2026-05-16 04:17:24,381 [pyphi.conf] INFO Process-18: Current PyPhi configuration:
 { 'ASSUME_CUTS_CANNOT_CREATE_NEW_CONCEPTS': False,
  'CACHE_POTENTIAL_PURVIEWS': True,
  'CACHE_REPERTOIRES': True,
  'CACHE_SIAS': False,
  'CACHING_BACKEND': 'fs',
  'CLEAR_SUBSYSTEM_CACHES_AFTER_COMPUTING_SIA': False,
  'CUT_ONE_APPROXIMATION': False,
  'FS_CACHE_DIRECTORY': '__pyphi_cache__',
  'FS_CACHE_VERBOSITY': 0,
  'LOG_FILE': 'pyphi.log',
  'LOG_FILE_LEVEL': 'INFO',
  'LOG_STDOUT_LEVEL': 'WARNING',
  'MAXIMUM_CACHE_MEMORY_PERCENTAGE': 50,
  'MEASURE': 'EMD',
  'MONGODB_CONFIG': { 'collection_name': 'cache',
                      'database_name': 'pyphi',
                      'host': 'localhost',
                      'port': 27017},
  'NUMBER_OF_CORES': -1,
  'PARALLEL_COMPLEX_EVALUATION': False,
  'PARALLEL_CONCEPT_EVALUATION': False,
  'PARALLEL_CUT_EVALUATION': True,
  'PARTITION_TYPE': 'BI',
  'PICK_SMALLEST_PURVIEW': False,
  'PRECISION': 6,
  'PRINT_FRACTIONS': True,
  'PROGRESS_BARS': True,
  'REDIS_CACHE': False,
  'REDIS_CONFIG': {'db': 0, 'host': 'localhost', 'port': 6379, 'test_db': 1},
  'REPR_VERBOSITY': 2,
  'SINGLE_MICRO_NODES_WITH_SELFLOOPS_HAVE_PHI': False,
  'SYSTEM_CUTS': '3.0_STYLE',
  'USE_SMALL_PHI_DIFFERENCE_FOR_CES_DISTANCE': False,
  'VALIDATE_CONDITIONAL_INDEPENDENCE': True,
  'VALIDATE_SUBSYSTEM_STATES': True,
  'WELCOME_OFF': False}
2026-05-16 04:17:30,172 [pyphi.compute.subsystem] INFO MainProcess: Finished calculating big-phi data for Subsystem(n0, n1, n2).
2026-05-16 04:17:30,174 [pyphi.compute.subsystem] INFO MainProcess: Calculating big-phi data for Subsystem(n0, n1, n2)...
2026-05-16 04:17:30,440 [pyphi.conf] INFO Process-19: PyPhi v1.2.0
2026-05-16 04:17:30,440 [pyphi.conf] INFO Process-19: Using default configuration (no configuration file provided)
2026-05-16 04:17:30,441 [pyphi.conf] INFO Process-19: Current PyPhi configuration:
 { 'ASSUME_CUTS_CANNOT_CREATE_NEW_CONCEPTS': False,
  'CACHE_POTENTIAL_PURVIEWS': True,
  'CACHE_REPERTOIRES': True,
  'CACHE_SIAS': False,
  'CACHING_BACKEND': 'fs',
  'CLEAR_SUBSYSTEM_CACHES_AFTER_COMPUTING_SIA': False,
  'CUT_ONE_APPROXIMATION': False,
  'FS_CACHE_DIRECTORY': '__pyphi_cache__',
  'FS_CACHE_VERBOSITY': 0,
  'LOG_FILE': 'pyphi.log',
  'LOG_FILE_LEVEL': 'INFO',
  'LOG_STDOUT_LEVEL': 'WARNING',
  'MAXIMUM_CACHE_MEMORY_PERCENTAGE': 50,
  'MEASURE': 'EMD',
  'MONGODB_CONFIG': { 'collection_name': 'cache',
                      'database_name': 'pyphi',
                      'host': 'localhost',
                      'port': 27017},
  'NUMBER_OF_CORES': -1,
  'PARALLEL_COMPLEX_EVALUATION': False,
  'PARALLEL_CONCEPT_EVALUATION': False,
  'PARALLEL_CUT_EVALUATION': True,
  'PARTITION_TYPE': 'BI',
  'PICK_SMALLEST_PURVIEW': False,
  'PRECISION': 6,
  'PRINT_FRACTIONS': True,
  'PROGRESS_BARS': True,
  'REDIS_CACHE': False,
  'REDIS_CONFIG': {'db': 0, 'host': 'localhost', 'port': 6379, 'test_db': 1},
  'REPR_VERBOSITY': 2,
  'SINGLE_MICRO_NODES_WITH_SELFLOOPS_HAVE_PHI': False,
  'SYSTEM_CUTS': '3.0_STYLE',
  'USE_SMALL_PHI_DIFFERENCE_FOR_CES_DISTANCE': False,
  'VALIDATE_CONDITIONAL_INDEPENDENCE': True,
  'VALIDATE_SUBSYSTEM_STATES': True,
  'WELCOME_OFF': False}
2026-05-16 04:17:35,965 [pyphi.conf] INFO Process-20: PyPhi v1.2.0
2026-05-16 04:17:35,966 [pyphi.conf] INFO Process-20: Using default configuration (no configuration file provided)
2026-05-16 04:17:35,966 [pyphi.conf] INFO Process-20: Current PyPhi configuration:
 { 'ASSUME_CUTS_CANNOT_CREATE_NEW_CONCEPTS': False,
  'CACHE_POTENTIAL_PURVIEWS': True,
  'CACHE_REPERTOIRES': True,
  'CACHE_SIAS': False,
  'CACHING_BACKEND': 'fs',
  'CLEAR_SUBSYSTEM_CACHES_AFTER_COMPUTING_SIA': False,
  'CUT_ONE_APPROXIMATION': False,
  'FS_CACHE_DIRECTORY': '__pyphi_cache__',
  'FS_CACHE_VERBOSITY': 0,
  'LOG_FILE': 'pyphi.log',
  'LOG_FILE_LEVEL': 'INFO',
  'LOG_STDOUT_LEVEL': 'WARNING',
  'MAXIMUM_CACHE_MEMORY_PERCENTAGE': 50,
  'MEASURE': 'EMD',
  'MONGODB_CONFIG': { 'collection_name': 'cache',
                      'database_name': 'pyphi',
                      'host': 'localhost',
                      'port': 27017},
  'NUMBER_OF_CORES': -1,
  'PARALLEL_COMPLEX_EVALUATION': False,
  'PARALLEL_CONCEPT_EVALUATION': False,
  'PARALLEL_CUT_EVALUATION': True,
  'PARTITION_TYPE': 'BI',
  'PICK_SMALLEST_PURVIEW': False,
  'PRECISION': 6,
  'PRINT_FRACTIONS': True,
  'PROGRESS_BARS': True,
  'REDIS_CACHE': False,
  'REDIS_CONFIG': {'db': 0, 'host': 'localhost', 'port': 6379, 'test_db': 1},
  'REPR_VERBOSITY': 2,
  'SINGLE_MICRO_NODES_WITH_SELFLOOPS_HAVE_PHI': False,
  'SYSTEM_CUTS': '3.0_STYLE',
  'USE_SMALL_PHI_DIFFERENCE_FOR_CES_DISTANCE': False,
  'VALIDATE_CONDITIONAL_INDEPENDENCE': True,
  'VALIDATE_SUBSYSTEM_STATES': True,
  'WELCOME_OFF': False}
2026-05-16 04:17:42,310 [pyphi.compute.subsystem] INFO MainProcess: Finished calculating big-phi data for Subsystem(n0, n1, n2).
2026-05-16 04:17:42,311 [pyphi.compute.subsystem] INFO MainProcess: Calculating big-phi data for Subsystem(n0, n1, n2)...
2026-05-16 04:17:42,623 [pyphi.conf] INFO Process-21: PyPhi v1.2.0
2026-05-16 04:17:42,623 [pyphi.conf] INFO Process-21: Using default configuration (no configuration file provided)
2026-05-16 04:17:42,623 [pyphi.conf] INFO Process-21: Current PyPhi configuration:
 { 'ASSUME_CUTS_CANNOT_CREATE_NEW_CONCEPTS': False,
  'CACHE_POTENTIAL_PURVIEWS': True,
  'CACHE_REPERTOIRES': True,
  'CACHE_SIAS': False,
  'CACHING_BACKEND': 'fs',
  'CLEAR_SUBSYSTEM_CACHES_AFTER_COMPUTING_SIA': False,
  'CUT_ONE_APPROXIMATION': False,
  'FS_CACHE_DIRECTORY': '__pyphi_cache__',
  'FS_CACHE_VERBOSITY': 0,
  'LOG_FILE': 'pyphi.log',
  'LOG_FILE_LEVEL': 'INFO',
  'LOG_STDOUT_LEVEL': 'WARNING',
  'MAXIMUM_CACHE_MEMORY_PERCENTAGE': 50,
  'MEASURE': 'EMD',
  'MONGODB_CONFIG': { 'collection_name': 'cache',
                      'database_name': 'pyphi',
                      'host': 'localhost',
                      'port': 27017},
  'NUMBER_OF_CORES': -1,
  'PARALLEL_COMPLEX_EVALUATION': False,
  'PARALLEL_CONCEPT_EVALUATION': False,
  'PARALLEL_CUT_EVALUATION': True,
  'PARTITION_TYPE': 'BI',
  'PICK_SMALLEST_PURVIEW': False,
  'PRECISION': 6,
  'PRINT_FRACTIONS': True,
  'PROGRESS_BARS': True,
  'REDIS_CACHE': False,
  'REDIS_CONFIG': {'db': 0, 'host': 'localhost', 'port': 6379, 'test_db': 1},
  'REPR_VERBOSITY': 2,
  'SINGLE_MICRO_NODES_WITH_SELFLOOPS_HAVE_PHI': False,
  'SYSTEM_CUTS': '3.0_STYLE',
  'USE_SMALL_PHI_DIFFERENCE_FOR_CES_DISTANCE': False,
  'VALIDATE_CONDITIONAL_INDEPENDENCE': True,
  'VALIDATE_SUBSYSTEM_STATES': True,
  'WELCOME_OFF': False}
2026-05-16 04:17:48,237 [pyphi.conf] INFO Process-22: PyPhi v1.2.0
2026-05-16 04:17:48,237 [pyphi.conf] INFO Process-22: Using default configuration (no configuration file provided)
2026-05-16 04:17:48,238 [pyphi.conf] INFO Process-22: Current PyPhi configuration:
 { 'ASSUME_CUTS_CANNOT_CREATE_NEW_CONCEPTS': False,
  'CACHE_POTENTIAL_PURVIEWS': True,
  'CACHE_REPERTOIRES': True,
  'CACHE_SIAS': False,
  'CACHING_BACKEND': 'fs',
  'CLEAR_SUBSYSTEM_CACHES_AFTER_COMPUTING_SIA': False,
  'CUT_ONE_APPROXIMATION': False,
  'FS_CACHE_DIRECTORY': '__pyphi_cache__',
  'FS_CACHE_VERBOSITY': 0,
  'LOG_FILE': 'pyphi.log',
  'LOG_FILE_LEVEL': 'INFO',
  'LOG_STDOUT_LEVEL': 'WARNING',
  'MAXIMUM_CACHE_MEMORY_PERCENTAGE': 50,
  'MEASURE': 'EMD',
  'MONGODB_CONFIG': { 'collection_name': 'cache',
                      'database_name': 'pyphi',
                      'host': 'localhost',
                      'port': 27017},
  'NUMBER_OF_CORES': -1,
  'PARALLEL_COMPLEX_EVALUATION': False,
  'PARALLEL_CONCEPT_EVALUATION': False,
  'PARALLEL_CUT_EVALUATION': True,
  'PARTITION_TYPE': 'BI',
  'PICK_SMALLEST_PURVIEW': False,
  'PRECISION': 6,
  'PRINT_FRACTIONS': True,
  'PROGRESS_BARS': True,
  'REDIS_CACHE': False,
  'REDIS_CONFIG': {'db': 0, 'host': 'localhost', 'port': 6379, 'test_db': 1},
  'REPR_VERBOSITY': 2,
  'SINGLE_MICRO_NODES_WITH_SELFLOOPS_HAVE_PHI': False,
  'SYSTEM_CUTS': '3.0_STYLE',
  'USE_SMALL_PHI_DIFFERENCE_FOR_CES_DISTANCE': False,
  'VALIDATE_CONDITIONAL_INDEPENDENCE': True,
  'VALIDATE_SUBSYSTEM_STATES': True,
  'WELCOME_OFF': False}
2026-05-16 04:17:53,982 [pyphi.compute.subsystem] INFO MainProcess: Finished calculating big-phi data for Subsystem(n0, n1, n2).
2026-05-16 04:17:53,983 [pyphi.compute.subsystem] INFO MainProcess: Calculating big-phi data for Subsystem(n0, n1, n2)...
2026-05-16 04:17:54,275 [pyphi.conf] INFO Process-23: PyPhi v1.2.0
2026-05-16 04:17:54,275 [pyphi.conf] INFO Process-23: Using default configuration (no configuration file provided)
2026-05-16 04:17:54,276 [pyphi.conf] INFO Process-23: Current PyPhi configuration:
 { 'ASSUME_CUTS_CANNOT_CREATE_NEW_CONCEPTS': False,
  'CACHE_POTENTIAL_PURVIEWS': True,
  'CACHE_REPERTOIRES': True,
  'CACHE_SIAS': False,
  'CACHING_BACKEND': 'fs',
  'CLEAR_SUBSYSTEM_CACHES_AFTER_COMPUTING_SIA': False,
  'CUT_ONE_APPROXIMATION': False,
  'FS_CACHE_DIRECTORY': '__pyphi_cache__',
  'FS_CACHE_VERBOSITY': 0,
  'LOG_FILE': 'pyphi.log',
  'LOG_FILE_LEVEL': 'INFO',
  'LOG_STDOUT_LEVEL': 'WARNING',
  'MAXIMUM_CACHE_MEMORY_PERCENTAGE': 50,
  'MEASURE': 'EMD',
  'MONGODB_CONFIG': { 'collection_name': 'cache',
                      'database_name': 'pyphi',
                      'host': 'localhost',
                      'port': 27017},
  'NUMBER_OF_CORES': -1,
  'PARALLEL_COMPLEX_EVALUATION': False,
  'PARALLEL_CONCEPT_EVALUATION': False,
  'PARALLEL_CUT_EVALUATION': True,
  'PARTITION_TYPE': 'BI',
  'PICK_SMALLEST_PURVIEW': False,
  'PRECISION': 6,
  'PRINT_FRACTIONS': True,
  'PROGRESS_BARS': True,
  'REDIS_CACHE': False,
  'REDIS_CONFIG': {'db': 0, 'host': 'localhost', 'port': 6379, 'test_db': 1},
  'REPR_VERBOSITY': 2,
  'SINGLE_MICRO_NODES_WITH_SELFLOOPS_HAVE_PHI': False,
  'SYSTEM_CUTS': '3.0_STYLE',
  'USE_SMALL_PHI_DIFFERENCE_FOR_CES_DISTANCE': False,
  'VALIDATE_CONDITIONAL_INDEPENDENCE': True,
  'VALIDATE_SUBSYSTEM_STATES': True,
  'WELCOME_OFF': False}
2026-05-16 04:18:00,459 [pyphi.conf] INFO Process-24: PyPhi v1.2.0
2026-05-16 04:18:00,459 [pyphi.conf] INFO Process-24: Using default configuration (no configuration file provided)
2026-05-16 04:18:00,460 [pyphi.conf] INFO Process-24: Current PyPhi configuration:
 { 'ASSUME_CUTS_CANNOT_CREATE_NEW_CONCEPTS': False,
  'CACHE_POTENTIAL_PURVIEWS': True,
  'CACHE_REPERTOIRES': True,
  'CACHE_SIAS': False,
  'CACHING_BACKEND': 'fs',
  'CLEAR_SUBSYSTEM_CACHES_AFTER_COMPUTING_SIA': False,
  'CUT_ONE_APPROXIMATION': False,
  'FS_CACHE_DIRECTORY': '__pyphi_cache__',
  'FS_CACHE_VERBOSITY': 0,
  'LOG_FILE': 'pyphi.log',
  'LOG_FILE_LEVEL': 'INFO',
  'LOG_STDOUT_LEVEL': 'WARNING',
  'MAXIMUM_CACHE_MEMORY_PERCENTAGE': 50,
  'MEASURE': 'EMD',
  'MONGODB_CONFIG': { 'collection_name': 'cache',
                      'database_name': 'pyphi',
                      'host': 'localhost',
                      'port': 27017},
  'NUMBER_OF_CORES': -1,
  'PARALLEL_COMPLEX_EVALUATION': False,
  'PARALLEL_CONCEPT_EVALUATION': False,
  'PARALLEL_CUT_EVALUATION': True,
  'PARTITION_TYPE': 'BI',
  'PICK_SMALLEST_PURVIEW': False,
  'PRECISION': 6,
  'PRINT_FRACTIONS': True,
  'PROGRESS_BARS': True,
  'REDIS_CACHE': False,
  'REDIS_CONFIG': {'db': 0, 'host': 'localhost', 'port': 6379, 'test_db': 1},
  'REPR_VERBOSITY': 2,
  'SINGLE_MICRO_NODES_WITH_SELFLOOPS_HAVE_PHI': False,
  'SYSTEM_CUTS': '3.0_STYLE',
  'USE_SMALL_PHI_DIFFERENCE_FOR_CES_DISTANCE': False,
  'VALIDATE_CONDITIONAL_INDEPENDENCE': True,
  'VALIDATE_SUBSYSTEM_STATES': True,
  'WELCOME_OFF': False}
2026-05-16 04:18:07,642 [pyphi.compute.subsystem] INFO MainProcess: Finished calculating big-phi data for Subsystem(n0, n1, n2).
2026-05-16 04:18:07,645 [pyphi.compute.subsystem] INFO MainProcess: Calculating big-phi data for Subsystem(n0, n1, n2)...
2026-05-16 04:18:08,017 [pyphi.conf] INFO Process-25: PyPhi v1.2.0
2026-05-16 04:18:08,017 [pyphi.conf] INFO Process-25: Using default configuration (no configuration file provided)
2026-05-16 04:18:08,018 [pyphi.conf] INFO Process-25: Current PyPhi configuration:
 { 'ASSUME_CUTS_CANNOT_CREATE_NEW_CONCEPTS': False,
  'CACHE_POTENTIAL_PURVIEWS': True,
  'CACHE_REPERTOIRES': True,
  'CACHE_SIAS': False,
  'CACHING_BACKEND': 'fs',
  'CLEAR_SUBSYSTEM_CACHES_AFTER_COMPUTING_SIA': False,
  'CUT_ONE_APPROXIMATION': False,
  'FS_CACHE_DIRECTORY': '__pyphi_cache__',
  'FS_CACHE_VERBOSITY': 0,
  'LOG_FILE': 'pyphi.log',
  'LOG_FILE_LEVEL': 'INFO',
  'LOG_STDOUT_LEVEL': 'WARNING',
  'MAXIMUM_CACHE_MEMORY_PERCENTAGE': 50,
  'MEASURE': 'EMD',
  'MONGODB_CONFIG': { 'collection_name': 'cache',
                      'database_name': 'pyphi',
                      'host': 'localhost',
                      'port': 27017},
  'NUMBER_OF_CORES': -1,
  'PARALLEL_COMPLEX_EVALUATION': False,
  'PARALLEL_CONCEPT_EVALUATION': False,
  'PARALLEL_CUT_EVALUATION': True,
  'PARTITION_TYPE': 'BI',
  'PICK_SMALLEST_PURVIEW': False,
  'PRECISION': 6,
  'PRINT_FRACTIONS': True,
  'PROGRESS_BARS': True,
  'REDIS_CACHE': False,
  'REDIS_CONFIG': {'db': 0, 'host': 'localhost', 'port': 6379, 'test_db': 1},
  'REPR_VERBOSITY': 2,
  'SINGLE_MICRO_NODES_WITH_SELFLOOPS_HAVE_PHI': False,
  'SYSTEM_CUTS': '3.0_STYLE',
  'USE_SMALL_PHI_DIFFERENCE_FOR_CES_DISTANCE': False,
  'VALIDATE_CONDITIONAL_INDEPENDENCE': True,
  'VALIDATE_SUBSYSTEM_STATES': True,
  'WELCOME_OFF': False}
2026-05-16 04:18:14,752 [pyphi.conf] INFO Process-26: PyPhi v1.2.0
2026-05-16 04:18:14,752 [pyphi.conf] INFO Process-26: Using default configuration (no configuration file provided)
2026-05-16 04:18:14,753 [pyphi.conf] INFO Process-26: Current PyPhi configuration:
 { 'ASSUME_CUTS_CANNOT_CREATE_NEW_CONCEPTS': False,
  'CACHE_POTENTIAL_PURVIEWS': True,
  'CACHE_REPERTOIRES': True,
  'CACHE_SIAS': False,
  'CACHING_BACKEND': 'fs',
  'CLEAR_SUBSYSTEM_CACHES_AFTER_COMPUTING_SIA': False,
  'CUT_ONE_APPROXIMATION': False,
  'FS_CACHE_DIRECTORY': '__pyphi_cache__',
  'FS_CACHE_VERBOSITY': 0,
  'LOG_FILE': 'pyphi.log',
  'LOG_FILE_LEVEL': 'INFO',
  'LOG_STDOUT_LEVEL': 'WARNING',
  'MAXIMUM_CACHE_MEMORY_PERCENTAGE': 50,
  'MEASURE': 'EMD',
  'MONGODB_CONFIG': { 'collection_name': 'cache',
                      'database_name': 'pyphi',
                      'host': 'localhost',
                      'port': 27017},
  'NUMBER_OF_CORES': -1,
  'PARALLEL_COMPLEX_EVALUATION': False,
  'PARALLEL_CONCEPT_EVALUATION': False,
  'PARALLEL_CUT_EVALUATION': True,
  'PARTITION_TYPE': 'BI',
  'PICK_SMALLEST_PURVIEW': False,
  'PRECISION': 6,
  'PRINT_FRACTIONS': True,
  'PROGRESS_BARS': True,
  'REDIS_CACHE': False,
  'REDIS_CONFIG': {'db': 0, 'host': 'localhost', 'port': 6379, 'test_db': 1},
  'REPR_VERBOSITY': 2,
  'SINGLE_MICRO_NODES_WITH_SELFLOOPS_HAVE_PHI': False,
  'SYSTEM_CUTS': '3.0_STYLE',
  'USE_SMALL_PHI_DIFFERENCE_FOR_CES_DISTANCE': False,
  'VALIDATE_CONDITIONAL_INDEPENDENCE': True,
  'VALIDATE_SUBSYSTEM_STATES': True,
  'WELCOME_OFF': False}
2026-05-16 04:18:21,196 [pyphi.compute.subsystem] INFO MainProcess: Finished calculating big-phi data for Subsystem(n0, n1, n2).
2026-05-16 04:18:21,197 [pyphi.compute.subsystem] INFO MainProcess: Calculating big-phi data for Subsystem(n0, n1, n2)...
2026-05-16 04:18:21,498 [pyphi.conf] INFO Process-27: PyPhi v1.2.0
2026-05-16 04:18:21,498 [pyphi.conf] INFO Process-27: Using default configuration (no configuration file provided)
2026-05-16 04:18:21,498 [pyphi.conf] INFO Process-27: Current PyPhi configuration:
 { 'ASSUME_CUTS_CANNOT_CREATE_NEW_CONCEPTS': False,
  'CACHE_POTENTIAL_PURVIEWS': True,
  'CACHE_REPERTOIRES': True,
  'CACHE_SIAS': False,
  'CACHING_BACKEND': 'fs',
  'CLEAR_SUBSYSTEM_CACHES_AFTER_COMPUTING_SIA': False,
  'CUT_ONE_APPROXIMATION': False,
  'FS_CACHE_DIRECTORY': '__pyphi_cache__',
  'FS_CACHE_VERBOSITY': 0,
  'LOG_FILE': 'pyphi.log',
  'LOG_FILE_LEVEL': 'INFO',
  'LOG_STDOUT_LEVEL': 'WARNING',
  'MAXIMUM_CACHE_MEMORY_PERCENTAGE': 50,
  'MEASURE': 'EMD',
  'MONGODB_CONFIG': { 'collection_name': 'cache',
                      'database_name': 'pyphi',
                      'host': 'localhost',
                      'port': 27017},
  'NUMBER_OF_CORES': -1,
  'PARALLEL_COMPLEX_EVALUATION': False,
  'PARALLEL_CONCEPT_EVALUATION': False,
  'PARALLEL_CUT_EVALUATION': True,
  'PARTITION_TYPE': 'BI',
  'PICK_SMALLEST_PURVIEW': False,
  'PRECISION': 6,
  'PRINT_FRACTIONS': True,
  'PROGRESS_BARS': True,
  'REDIS_CACHE': False,
  'REDIS_CONFIG': {'db': 0, 'host': 'localhost', 'port': 6379, 'test_db': 1},
  'REPR_VERBOSITY': 2,
  'SINGLE_MICRO_NODES_WITH_SELFLOOPS_HAVE_PHI': False,
  'SYSTEM_CUTS': '3.0_STYLE',
  'USE_SMALL_PHI_DIFFERENCE_FOR_CES_DISTANCE': False,
  'VALIDATE_CONDITIONAL_INDEPENDENCE': True,
  'VALIDATE_SUBSYSTEM_STATES': True,
  'WELCOME_OFF': False}
2026-05-16 04:18:27,522 [pyphi.conf] INFO Process-28: PyPhi v1.2.0
2026-05-16 04:18:27,523 [pyphi.conf] INFO Process-28: Using default configuration (no configuration file provided)
2026-05-16 04:18:27,523 [pyphi.conf] INFO Process-28: Current PyPhi configuration:
 { 'ASSUME_CUTS_CANNOT_CREATE_NEW_CONCEPTS': False,
  'CACHE_POTENTIAL_PURVIEWS': True,
  'CACHE_REPERTOIRES': True,
  'CACHE_SIAS': False,
  'CACHING_BACKEND': 'fs',
  'CLEAR_SUBSYSTEM_CACHES_AFTER_COMPUTING_SIA': False,
  'CUT_ONE_APPROXIMATION': False,
  'FS_CACHE_DIRECTORY': '__pyphi_cache__',
  'FS_CACHE_VERBOSITY': 0,
  'LOG_FILE': 'pyphi.log',
  'LOG_FILE_LEVEL': 'INFO',
  'LOG_STDOUT_LEVEL': 'WARNING',
  'MAXIMUM_CACHE_MEMORY_PERCENTAGE': 50,
  'MEASURE': 'EMD',
  'MONGODB_CONFIG': { 'collection_name': 'cache',
                      'database_name': 'pyphi',
                      'host': 'localhost',
                      'port': 27017},
  'NUMBER_OF_CORES': -1,
  'PARALLEL_COMPLEX_EVALUATION': False,
  'PARALLEL_CONCEPT_EVALUATION': False,
  'PARALLEL_CUT_EVALUATION': True,
  'PARTITION_TYPE': 'BI',
  'PICK_SMALLEST_PURVIEW': False,
  'PRECISION': 6,
  'PRINT_FRACTIONS': True,
  'PROGRESS_BARS': True,
  'REDIS_CACHE': False,
  'REDIS_CONFIG': {'db': 0, 'host': 'localhost', 'port': 6379, 'test_db': 1},
  'REPR_VERBOSITY': 2,
  'SINGLE_MICRO_NODES_WITH_SELFLOOPS_HAVE_PHI': False,
  'SYSTEM_CUTS': '3.0_STYLE',
  'USE_SMALL_PHI_DIFFERENCE_FOR_CES_DISTANCE': False,
  'VALIDATE_CONDITIONAL_INDEPENDENCE': True,
  'VALIDATE_SUBSYSTEM_STATES': True,
  'WELCOME_OFF': False}
2026-05-16 04:18:33,748 [pyphi.compute.subsystem] INFO MainProcess: Finished calculating big-phi data for Subsystem(n0, n1, n2).
2026-05-16 04:18:33,749 [pyphi.compute.subsystem] INFO MainProcess: Calculating big-phi data for Subsystem(n0, n1, n2)...
2026-05-16 04:18:34,047 [pyphi.conf] INFO Process-29: PyPhi v1.2.0
2026-05-16 04:18:34,047 [pyphi.conf] INFO Process-29: Using default configuration (no configuration file provided)
2026-05-16 04:18:34,048 [pyphi.conf] INFO Process-29: Current PyPhi configuration:
 { 'ASSUME_CUTS_CANNOT_CREATE_NEW_CONCEPTS': False,
  'CACHE_POTENTIAL_PURVIEWS': True,
  'CACHE_REPERTOIRES': True,
  'CACHE_SIAS': False,
  'CACHING_BACKEND': 'fs',
  'CLEAR_SUBSYSTEM_CACHES_AFTER_COMPUTING_SIA': False,
  'CUT_ONE_APPROXIMATION': False,
  'FS_CACHE_DIRECTORY': '__pyphi_cache__',
  'FS_CACHE_VERBOSITY': 0,
  'LOG_FILE': 'pyphi.log',
  'LOG_FILE_LEVEL': 'INFO',
  'LOG_STDOUT_LEVEL': 'WARNING',
  'MAXIMUM_CACHE_MEMORY_PERCENTAGE': 50,
  'MEASURE': 'EMD',
  'MONGODB_CONFIG': { 'collection_name': 'cache',
                      'database_name': 'pyphi',
                      'host': 'localhost',
                      'port': 27017},
  'NUMBER_OF_CORES': -1,
  'PARALLEL_COMPLEX_EVALUATION': False,
  'PARALLEL_CONCEPT_EVALUATION': False,
  'PARALLEL_CUT_EVALUATION': True,
  'PARTITION_TYPE': 'BI',
  'PICK_SMALLEST_PURVIEW': False,
  'PRECISION': 6,
  'PRINT_FRACTIONS': True,
  'PROGRESS_BARS': True,
  'REDIS_CACHE': False,
  'REDIS_CONFIG': {'db': 0, 'host': 'localhost', 'port': 6379, 'test_db': 1},
  'REPR_VERBOSITY': 2,
  'SINGLE_MICRO_NODES_WITH_SELFLOOPS_HAVE_PHI': False,
  'SYSTEM_CUTS': '3.0_STYLE',
  'USE_SMALL_PHI_DIFFERENCE_FOR_CES_DISTANCE': False,
  'VALIDATE_CONDITIONAL_INDEPENDENCE': True,
  'VALIDATE_SUBSYSTEM_STATES': True,
  'WELCOME_OFF': False}
2026-05-16 04:18:40,358 [pyphi.conf] INFO Process-30: PyPhi v1.2.0
2026-05-16 04:18:40,359 [pyphi.conf] INFO Process-30: Using default configuration (no configuration file provided)
2026-05-16 04:18:40,359 [pyphi.conf] INFO Process-30: Current PyPhi configuration:
 { 'ASSUME_CUTS_CANNOT_CREATE_NEW_CONCEPTS': False,
  'CACHE_POTENTIAL_PURVIEWS': True,
  'CACHE_REPERTOIRES': True,
  'CACHE_SIAS': False,
  'CACHING_BACKEND': 'fs',
  'CLEAR_SUBSYSTEM_CACHES_AFTER_COMPUTING_SIA': False,
  'CUT_ONE_APPROXIMATION': False,
  'FS_CACHE_DIRECTORY': '__pyphi_cache__',
  'FS_CACHE_VERBOSITY': 0,
  'LOG_FILE': 'pyphi.log',
  'LOG_FILE_LEVEL': 'INFO',
  'LOG_STDOUT_LEVEL': 'WARNING',
  'MAXIMUM_CACHE_MEMORY_PERCENTAGE': 50,
  'MEASURE': 'EMD',
  'MONGODB_CONFIG': { 'collection_name': 'cache',
                      'database_name': 'pyphi',
                      'host': 'localhost',
                      'port': 27017},
  'NUMBER_OF_CORES': -1,
  'PARALLEL_COMPLEX_EVALUATION': False,
  'PARALLEL_CONCEPT_EVALUATION': False,
  'PARALLEL_CUT_EVALUATION': True,
  'PARTITION_TYPE': 'BI',
  'PICK_SMALLEST_PURVIEW': False,
  'PRECISION': 6,
  'PRINT_FRACTIONS': True,
  'PROGRESS_BARS': True,
  'REDIS_CACHE': False,
  'REDIS_CONFIG': {'db': 0, 'host': 'localhost', 'port': 6379, 'test_db': 1},
  'REPR_VERBOSITY': 2,
  'SINGLE_MICRO_NODES_WITH_SELFLOOPS_HAVE_PHI': False,
  'SYSTEM_CUTS': '3.0_STYLE',
  'USE_SMALL_PHI_DIFFERENCE_FOR_CES_DISTANCE': False,
  'VALIDATE_CONDITIONAL_INDEPENDENCE': True,
  'VALIDATE_SUBSYSTEM_STATES': True,
  'WELCOME_OFF': False}
2026-05-16 04:18:46,970 [pyphi.compute.subsystem] INFO MainProcess: Finished calculating big-phi data for Subsystem(n0, n1, n2).
2026-05-16 04:18:46,972 [pyphi.compute.subsystem] INFO MainProcess: Calculating big-phi data for Subsystem(n0, n1, n2)...
2026-05-16 04:18:47,300 [pyphi.conf] INFO Process-31: PyPhi v1.2.0
2026-05-16 04:18:47,300 [pyphi.conf] INFO Process-31: Using default configuration (no configuration file provided)
2026-05-16 04:18:47,301 [pyphi.conf] INFO Process-31: Current PyPhi configuration:
 { 'ASSUME_CUTS_CANNOT_CREATE_NEW_CONCEPTS': False,
  'CACHE_POTENTIAL_PURVIEWS': True,
  'CACHE_REPERTOIRES': True,
  'CACHE_SIAS': False,
  'CACHING_BACKEND': 'fs',
  'CLEAR_SUBSYSTEM_CACHES_AFTER_COMPUTING_SIA': False,
  'CUT_ONE_APPROXIMATION': False,
  'FS_CACHE_DIRECTORY': '__pyphi_cache__',
  'FS_CACHE_VERBOSITY': 0,
  'LOG_FILE': 'pyphi.log',
  'LOG_FILE_LEVEL': 'INFO',
  'LOG_STDOUT_LEVEL': 'WARNING',
  'MAXIMUM_CACHE_MEMORY_PERCENTAGE': 50,
  'MEASURE': 'EMD',
  'MONGODB_CONFIG': { 'collection_name': 'cache',
                      'database_name': 'pyphi',
                      'host': 'localhost',
                      'port': 27017},
  'NUMBER_OF_CORES': -1,
  'PARALLEL_COMPLEX_EVALUATION': False,
  'PARALLEL_CONCEPT_EVALUATION': False,
  'PARALLEL_CUT_EVALUATION': True,
  'PARTITION_TYPE': 'BI',
  'PICK_SMALLEST_PURVIEW': False,
  'PRECISION': 6,
  'PRINT_FRACTIONS': True,
  'PROGRESS_BARS': True,
  'REDIS_CACHE': False,
  'REDIS_CONFIG': {'db': 0, 'host': 'localhost', 'port': 6379, 'test_db': 1},
  'REPR_VERBOSITY': 2,
  'SINGLE_MICRO_NODES_WITH_SELFLOOPS_HAVE_PHI': False,
  'SYSTEM_CUTS': '3.0_STYLE',
  'USE_SMALL_PHI_DIFFERENCE_FOR_CES_DISTANCE': False,
  'VALIDATE_CONDITIONAL_INDEPENDENCE': True,
  'VALIDATE_SUBSYSTEM_STATES': True,
  'WELCOME_OFF': False}
2026-05-16 04:18:54,160 [pyphi.conf] INFO Process-32: PyPhi v1.2.0
2026-05-16 04:18:54,161 [pyphi.conf] INFO Process-32: Using default configuration (no configuration file provided)
2026-05-16 04:18:54,161 [pyphi.conf] INFO Process-32: Current PyPhi configuration:
 { 'ASSUME_CUTS_CANNOT_CREATE_NEW_CONCEPTS': False,
  'CACHE_POTENTIAL_PURVIEWS': True,
  'CACHE_REPERTOIRES': True,
  'CACHE_SIAS': False,
  'CACHING_BACKEND': 'fs',
  'CLEAR_SUBSYSTEM_CACHES_AFTER_COMPUTING_SIA': False,
  'CUT_ONE_APPROXIMATION': False,
  'FS_CACHE_DIRECTORY': '__pyphi_cache__',
  'FS_CACHE_VERBOSITY': 0,
  'LOG_FILE': 'pyphi.log',
  'LOG_FILE_LEVEL': 'INFO',
  'LOG_STDOUT_LEVEL': 'WARNING',
  'MAXIMUM_CACHE_MEMORY_PERCENTAGE': 50,
  'MEASURE': 'EMD',
  'MONGODB_CONFIG': { 'collection_name': 'cache',
                      'database_name': 'pyphi',
                      'host': 'localhost',
                      'port': 27017},
  'NUMBER_OF_CORES': -1,
  'PARALLEL_COMPLEX_EVALUATION': False,
  'PARALLEL_CONCEPT_EVALUATION': False,
  'PARALLEL_CUT_EVALUATION': True,
  'PARTITION_TYPE': 'BI',
  'PICK_SMALLEST_PURVIEW': False,
  'PRECISION': 6,
  'PRINT_FRACTIONS': True,
  'PROGRESS_BARS': True,
  'REDIS_CACHE': False,
  'REDIS_CONFIG': {'db': 0, 'host': 'localhost', 'port': 6379, 'test_db': 1},
  'REPR_VERBOSITY': 2,
  'SINGLE_MICRO_NODES_WITH_SELFLOOPS_HAVE_PHI': False,
  'SYSTEM_CUTS': '3.0_STYLE',
  'USE_SMALL_PHI_DIFFERENCE_FOR_CES_DISTANCE': False,
  'VALIDATE_CONDITIONAL_INDEPENDENCE': True,
  'VALIDATE_SUBSYSTEM_STATES': True,
  'WELCOME_OFF': False}
2026-05-16 04:19:00,766 [pyphi.compute.subsystem] INFO MainProcess: Finished calculating big-phi data for Subsystem(n0, n1, n2).
2026-05-16 04:19:00,768 [pyphi.compute.subsystem] INFO MainProcess: Calculating big-phi data for Subsystem(n0, n1, n2)...
2026-05-16 04:19:01,099 [pyphi.conf] INFO Process-33: PyPhi v1.2.0
2026-05-16 04:19:01,099 [pyphi.conf] INFO Process-33: Using default configuration (no configuration file provided)
2026-05-16 04:19:01,099 [pyphi.conf] INFO Process-33: Current PyPhi configuration:
 { 'ASSUME_CUTS_CANNOT_CREATE_NEW_CONCEPTS': False,
  'CACHE_POTENTIAL_PURVIEWS': True,
  'CACHE_REPERTOIRES': True,
  'CACHE_SIAS': False,
  'CACHING_BACKEND': 'fs',
  'CLEAR_SUBSYSTEM_CACHES_AFTER_COMPUTING_SIA': False,
  'CUT_ONE_APPROXIMATION': False,
  'FS_CACHE_DIRECTORY': '__pyphi_cache__',
  'FS_CACHE_VERBOSITY': 0,
  'LOG_FILE': 'pyphi.log',
  'LOG_FILE_LEVEL': 'INFO',
  'LOG_STDOUT_LEVEL': 'WARNING',
  'MAXIMUM_CACHE_MEMORY_PERCENTAGE': 50,
  'MEASURE': 'EMD',
  'MONGODB_CONFIG': { 'collection_name': 'cache',
                      'database_name': 'pyphi',
                      'host': 'localhost',
                      'port': 27017},
  'NUMBER_OF_CORES': -1,
  'PARALLEL_COMPLEX_EVALUATION': False,
  'PARALLEL_CONCEPT_EVALUATION': False,
  'PARALLEL_CUT_EVALUATION': True,
  'PARTITION_TYPE': 'BI',
  'PICK_SMALLEST_PURVIEW': False,
  'PRECISION': 6,
  'PRINT_FRACTIONS': True,
  'PROGRESS_BARS': True,
  'REDIS_CACHE': False,
  'REDIS_CONFIG': {'db': 0, 'host': 'localhost', 'port': 6379, 'test_db': 1},
  'REPR_VERBOSITY': 2,
  'SINGLE_MICRO_NODES_WITH_SELFLOOPS_HAVE_PHI': False,
  'SYSTEM_CUTS': '3.0_STYLE',
  'USE_SMALL_PHI_DIFFERENCE_FOR_CES_DISTANCE': False,
  'VALIDATE_CONDITIONAL_INDEPENDENCE': True,
  'VALIDATE_SUBSYSTEM_STATES': True,
  'WELCOME_OFF': False}
2026-05-16 04:19:07,813 [pyphi.conf] INFO Process-34: PyPhi v1.2.0
2026-05-16 04:19:07,814 [pyphi.conf] INFO Process-34: Using default configuration (no configuration file provided)
2026-05-16 04:19:07,814 [pyphi.conf] INFO Process-34: Current PyPhi configuration:
 { 'ASSUME_CUTS_CANNOT_CREATE_NEW_CONCEPTS': False,
  'CACHE_POTENTIAL_PURVIEWS': True,
  'CACHE_REPERTOIRES': True,
  'CACHE_SIAS': False,
  'CACHING_BACKEND': 'fs',
  'CLEAR_SUBSYSTEM_CACHES_AFTER_COMPUTING_SIA': False,
  'CUT_ONE_APPROXIMATION': False,
  'FS_CACHE_DIRECTORY': '__pyphi_cache__',
  'FS_CACHE_VERBOSITY': 0,
  'LOG_FILE': 'pyphi.log',
  'LOG_FILE_LEVEL': 'INFO',
  'LOG_STDOUT_LEVEL': 'WARNING',
  'MAXIMUM_CACHE_MEMORY_PERCENTAGE': 50,
  'MEASURE': 'EMD',
  'MONGODB_CONFIG': { 'collection_name': 'cache',
                      'database_name': 'pyphi',
                      'host': 'localhost',
                      'port': 27017},
  'NUMBER_OF_CORES': -1,
  'PARALLEL_COMPLEX_EVALUATION': False,
  'PARALLEL_CONCEPT_EVALUATION': False,
  'PARALLEL_CUT_EVALUATION': True,
  'PARTITION_TYPE': 'BI',
  'PICK_SMALLEST_PURVIEW': False,
  'PRECISION': 6,
  'PRINT_FRACTIONS': True,
  'PROGRESS_BARS': True,
  'REDIS_CACHE': False,
  'REDIS_CONFIG': {'db': 0, 'host': 'localhost', 'port': 6379, 'test_db': 1},
  'REPR_VERBOSITY': 2,
  'SINGLE_MICRO_NODES_WITH_SELFLOOPS_HAVE_PHI': False,
  'SYSTEM_CUTS': '3.0_STYLE',
  'USE_SMALL_PHI_DIFFERENCE_FOR_CES_DISTANCE': False,
  'VALIDATE_CONDITIONAL_INDEPENDENCE': True,
  'VALIDATE_SUBSYSTEM_STATES': True,
  'WELCOME_OFF': False}
2026-05-16 04:19:14,457 [pyphi.compute.subsystem] INFO MainProcess: Finished calculating big-phi data for Subsystem(n0, n1, n2).
2026-05-16 04:19:14,459 [pyphi.compute.subsystem] INFO MainProcess: Calculating big-phi data for Subsystem(n0, n1, n2)...
2026-05-16 04:19:14,766 [pyphi.conf] INFO Process-35: PyPhi v1.2.0
2026-05-16 04:19:14,766 [pyphi.conf] INFO Process-35: Using default configuration (no configuration file provided)
2026-05-16 04:19:14,766 [pyphi.conf] INFO Process-35: Current PyPhi configuration:
 { 'ASSUME_CUTS_CANNOT_CREATE_NEW_CONCEPTS': False,
  'CACHE_POTENTIAL_PURVIEWS': True,
  'CACHE_REPERTOIRES': True,
  'CACHE_SIAS': False,
  'CACHING_BACKEND': 'fs',
  'CLEAR_SUBSYSTEM_CACHES_AFTER_COMPUTING_SIA': False,
  'CUT_ONE_APPROXIMATION': False,
  'FS_CACHE_DIRECTORY': '__pyphi_cache__',
  'FS_CACHE_VERBOSITY': 0,
  'LOG_FILE': 'pyphi.log',
  'LOG_FILE_LEVEL': 'INFO',
  'LOG_STDOUT_LEVEL': 'WARNING',
  'MAXIMUM_CACHE_MEMORY_PERCENTAGE': 50,
  'MEASURE': 'EMD',
  'MONGODB_CONFIG': { 'collection_name': 'cache',
                      'database_name': 'pyphi',
                      'host': 'localhost',
                      'port': 27017},
  'NUMBER_OF_CORES': -1,
  'PARALLEL_COMPLEX_EVALUATION': False,
  'PARALLEL_CONCEPT_EVALUATION': False,
  'PARALLEL_CUT_EVALUATION': True,
  'PARTITION_TYPE': 'BI',
  'PICK_SMALLEST_PURVIEW': False,
  'PRECISION': 6,
  'PRINT_FRACTIONS': True,
  'PROGRESS_BARS': True,
  'REDIS_CACHE': False,
  'REDIS_CONFIG': {'db': 0, 'host': 'localhost', 'port': 6379, 'test_db': 1},
  'REPR_VERBOSITY': 2,
  'SINGLE_MICRO_NODES_WITH_SELFLOOPS_HAVE_PHI': False,
  'SYSTEM_CUTS': '3.0_STYLE',
  'USE_SMALL_PHI_DIFFERENCE_FOR_CES_DISTANCE': False,
  'VALIDATE_CONDITIONAL_INDEPENDENCE': True,
  'VALIDATE_SUBSYSTEM_STATES': True,
  'WELCOME_OFF': False}
2026-05-16 04:19:20,952 [pyphi.conf] INFO Process-36: PyPhi v1.2.0
2026-05-16 04:19:20,952 [pyphi.conf] INFO Process-36: Using default configuration (no configuration file provided)
2026-05-16 04:19:20,952 [pyphi.conf] INFO Process-36: Current PyPhi configuration:
 { 'ASSUME_CUTS_CANNOT_CREATE_NEW_CONCEPTS': False,
  'CACHE_POTENTIAL_PURVIEWS': True,
  'CACHE_REPERTOIRES': True,
  'CACHE_SIAS': False,
  'CACHING_BACKEND': 'fs',
  'CLEAR_SUBSYSTEM_CACHES_AFTER_COMPUTING_SIA': False,
  'CUT_ONE_APPROXIMATION': False,
  'FS_CACHE_DIRECTORY': '__pyphi_cache__',
  'FS_CACHE_VERBOSITY': 0,
  'LOG_FILE': 'pyphi.log',
  'LOG_FILE_LEVEL': 'INFO',
  'LOG_STDOUT_LEVEL': 'WARNING',
  'MAXIMUM_CACHE_MEMORY_PERCENTAGE': 50,
  'MEASURE': 'EMD',
  'MONGODB_CONFIG': { 'collection_name': 'cache',
                      'database_name': 'pyphi',
                      'host': 'localhost',
                      'port': 27017},
  'NUMBER_OF_CORES': -1,
  'PARALLEL_COMPLEX_EVALUATION': False,
  'PARALLEL_CONCEPT_EVALUATION': False,
  'PARALLEL_CUT_EVALUATION': True,
  'PARTITION_TYPE': 'BI',
  'PICK_SMALLEST_PURVIEW': False,
  'PRECISION': 6,
  'PRINT_FRACTIONS': True,
  'PROGRESS_BARS': True,
  'REDIS_CACHE': False,
  'REDIS_CONFIG': {'db': 0, 'host': 'localhost', 'port': 6379, 'test_db': 1},
  'REPR_VERBOSITY': 2,
  'SINGLE_MICRO_NODES_WITH_SELFLOOPS_HAVE_PHI': False,
  'SYSTEM_CUTS': '3.0_STYLE',
  'USE_SMALL_PHI_DIFFERENCE_FOR_CES_DISTANCE': False,
  'VALIDATE_CONDITIONAL_INDEPENDENCE': True,
  'VALIDATE_SUBSYSTEM_STATES': True,
  'WELCOME_OFF': False}
2026-05-16 04:19:26,958 [pyphi.compute.subsystem] INFO MainProcess: Finished calculating big-phi data for Subsystem(n0, n1, n2).
2026-05-16 04:19:26,962 [pyphi.compute.subsystem] INFO MainProcess: Calculating big-phi data for Subsystem(n0, n1, n2)...
2026-05-16 04:19:27,230 [pyphi.conf] INFO Process-37: PyPhi v1.2.0
2026-05-16 04:19:27,230 [pyphi.conf] INFO Process-37: Using default configuration (no configuration file provided)
2026-05-16 04:19:27,231 [pyphi.conf] INFO Process-37: Current PyPhi configuration:
 { 'ASSUME_CUTS_CANNOT_CREATE_NEW_CONCEPTS': False,
  'CACHE_POTENTIAL_PURVIEWS': True,
  'CACHE_REPERTOIRES': True,
  'CACHE_SIAS': False,
  'CACHING_BACKEND': 'fs',
  'CLEAR_SUBSYSTEM_CACHES_AFTER_COMPUTING_SIA': False,
  'CUT_ONE_APPROXIMATION': False,
  'FS_CACHE_DIRECTORY': '__pyphi_cache__',
  'FS_CACHE_VERBOSITY': 0,
  'LOG_FILE': 'pyphi.log',
  'LOG_FILE_LEVEL': 'INFO',
  'LOG_STDOUT_LEVEL': 'WARNING',
  'MAXIMUM_CACHE_MEMORY_PERCENTAGE': 50,
  'MEASURE': 'EMD',
  'MONGODB_CONFIG': { 'collection_name': 'cache',
                      'database_name': 'pyphi',
                      'host': 'localhost',
                      'port': 27017},
  'NUMBER_OF_CORES': -1,
  'PARALLEL_COMPLEX_EVALUATION': False,
  'PARALLEL_CONCEPT_EVALUATION': False,
  'PARALLEL_CUT_EVALUATION': True,
  'PARTITION_TYPE': 'BI',
  'PICK_SMALLEST_PURVIEW': False,
  'PRECISION': 6,
  'PRINT_FRACTIONS': True,
  'PROGRESS_BARS': True,
  'REDIS_CACHE': False,
  'REDIS_CONFIG': {'db': 0, 'host': 'localhost', 'port': 6379, 'test_db': 1},
  'REPR_VERBOSITY': 2,
  'SINGLE_MICRO_NODES_WITH_SELFLOOPS_HAVE_PHI': False,
  'SYSTEM_CUTS': '3.0_STYLE',
  'USE_SMALL_PHI_DIFFERENCE_FOR_CES_DISTANCE': False,
  'VALIDATE_CONDITIONAL_INDEPENDENCE': True,
  'VALIDATE_SUBSYSTEM_STATES': True,
  'WELCOME_OFF': False}
2026-05-16 04:19:32,930 [pyphi.conf] INFO Process-38: PyPhi v1.2.0
2026-05-16 04:19:32,931 [pyphi.conf] INFO Process-38: Using default configuration (no configuration file provided)
2026-05-16 04:19:32,931 [pyphi.conf] INFO Process-38: Current PyPhi configuration:
 { 'ASSUME_CUTS_CANNOT_CREATE_NEW_CONCEPTS': False,
  'CACHE_POTENTIAL_PURVIEWS': True,
  'CACHE_REPERTOIRES': True,
  'CACHE_SIAS': False,
  'CACHING_BACKEND': 'fs',
  'CLEAR_SUBSYSTEM_CACHES_AFTER_COMPUTING_SIA': False,
  'CUT_ONE_APPROXIMATION': False,
  'FS_CACHE_DIRECTORY': '__pyphi_cache__',
  'FS_CACHE_VERBOSITY': 0,
  'LOG_FILE': 'pyphi.log',
  'LOG_FILE_LEVEL': 'INFO',
  'LOG_STDOUT_LEVEL': 'WARNING',
  'MAXIMUM_CACHE_MEMORY_PERCENTAGE': 50,
  'MEASURE': 'EMD',
  'MONGODB_CONFIG': { 'collection_name': 'cache',
                      'database_name': 'pyphi',
                      'host': 'localhost',
                      'port': 27017},
  'NUMBER_OF_CORES': -1,
  'PARALLEL_COMPLEX_EVALUATION': False,
  'PARALLEL_CONCEPT_EVALUATION': False,
  'PARALLEL_CUT_EVALUATION': True,
  'PARTITION_TYPE': 'BI',
  'PICK_SMALLEST_PURVIEW': False,
  'PRECISION': 6,
  'PRINT_FRACTIONS': True,
  'PROGRESS_BARS': True,
  'REDIS_CACHE': False,
  'REDIS_CONFIG': {'db': 0, 'host': 'localhost', 'port': 6379, 'test_db': 1},
  'REPR_VERBOSITY': 2,
  'SINGLE_MICRO_NODES_WITH_SELFLOOPS_HAVE_PHI': False,
  'SYSTEM_CUTS': '3.0_STYLE',
  'USE_SMALL_PHI_DIFFERENCE_FOR_CES_DISTANCE': False,
  'VALIDATE_CONDITIONAL_INDEPENDENCE': True,
  'VALIDATE_SUBSYSTEM_STATES': True,
  'WELCOME_OFF': False}
2026-05-16 04:19:38,484 [pyphi.compute.subsystem] INFO MainProcess: Finished calculating big-phi data for Subsystem(n0, n1, n2).
2026-05-16 04:19:38,486 [pyphi.compute.subsystem] INFO MainProcess: Calculating big-phi data for Subsystem(n0, n1, n2)...
2026-05-16 04:19:38,739 [pyphi.conf] INFO Process-39: PyPhi v1.2.0
2026-05-16 04:19:38,739 [pyphi.conf] INFO Process-39: Using default configuration (no configuration file provided)
2026-05-16 04:19:38,740 [pyphi.conf] INFO Process-39: Current PyPhi configuration:
 { 'ASSUME_CUTS_CANNOT_CREATE_NEW_CONCEPTS': False,
  'CACHE_POTENTIAL_PURVIEWS': True,
  'CACHE_REPERTOIRES': True,
  'CACHE_SIAS': False,
  'CACHING_BACKEND': 'fs',
  'CLEAR_SUBSYSTEM_CACHES_AFTER_COMPUTING_SIA': False,
  'CUT_ONE_APPROXIMATION': False,
  'FS_CACHE_DIRECTORY': '__pyphi_cache__',
  'FS_CACHE_VERBOSITY': 0,
  'LOG_FILE': 'pyphi.log',
  'LOG_FILE_LEVEL': 'INFO',
  'LOG_STDOUT_LEVEL': 'WARNING',
  'MAXIMUM_CACHE_MEMORY_PERCENTAGE': 50,
  'MEASURE': 'EMD',
  'MONGODB_CONFIG': { 'collection_name': 'cache',
                      'database_name': 'pyphi',
                      'host': 'localhost',
                      'port': 27017},
  'NUMBER_OF_CORES': -1,
  'PARALLEL_COMPLEX_EVALUATION': False,
  'PARALLEL_CONCEPT_EVALUATION': False,
  'PARALLEL_CUT_EVALUATION': True,
  'PARTITION_TYPE': 'BI',
  'PICK_SMALLEST_PURVIEW': False,
  'PRECISION': 6,
  'PRINT_FRACTIONS': True,
  'PROGRESS_BARS': True,
  'REDIS_CACHE': False,
  'REDIS_CONFIG': {'db': 0, 'host': 'localhost', 'port': 6379, 'test_db': 1},
  'REPR_VERBOSITY': 2,
  'SINGLE_MICRO_NODES_WITH_SELFLOOPS_HAVE_PHI': False,
  'SYSTEM_CUTS': '3.0_STYLE',
  'USE_SMALL_PHI_DIFFERENCE_FOR_CES_DISTANCE': False,
  'VALIDATE_CONDITIONAL_INDEPENDENCE': True,
  'VALIDATE_SUBSYSTEM_STATES': True,
  'WELCOME_OFF': False}
2026-05-16 04:19:44,353 [pyphi.conf] INFO Process-40: PyPhi v1.2.0
2026-05-16 04:19:44,353 [pyphi.conf] INFO Process-40: Using default configuration (no configuration file provided)
2026-05-16 04:19:44,353 [pyphi.conf] INFO Process-40: Current PyPhi configuration:
 { 'ASSUME_CUTS_CANNOT_CREATE_NEW_CONCEPTS': False,
  'CACHE_POTENTIAL_PURVIEWS': True,
  'CACHE_REPERTOIRES': True,
  'CACHE_SIAS': False,
  'CACHING_BACKEND': 'fs',
  'CLEAR_SUBSYSTEM_CACHES_AFTER_COMPUTING_SIA': False,
  'CUT_ONE_APPROXIMATION': False,
  'FS_CACHE_DIRECTORY': '__pyphi_cache__',
  'FS_CACHE_VERBOSITY': 0,
  'LOG_FILE': 'pyphi.log',
  'LOG_FILE_LEVEL': 'INFO',
  'LOG_STDOUT_LEVEL': 'WARNING',
  'MAXIMUM_CACHE_MEMORY_PERCENTAGE': 50,
  'MEASURE': 'EMD',
  'MONGODB_CONFIG': { 'collection_name': 'cache',
                      'database_name': 'pyphi',
                      'host': 'localhost',
                      'port': 27017},
  'NUMBER_OF_CORES': -1,
  'PARALLEL_COMPLEX_EVALUATION': False,
  'PARALLEL_CONCEPT_EVALUATION': False,
  'PARALLEL_CUT_EVALUATION': True,
  'PARTITION_TYPE': 'BI',
  'PICK_SMALLEST_PURVIEW': False,
  'PRECISION': 6,
  'PRINT_FRACTIONS': True,
  'PROGRESS_BARS': True,
  'REDIS_CACHE': False,
  'REDIS_CONFIG': {'db': 0, 'host': 'localhost', 'port': 6379, 'test_db': 1},
  'REPR_VERBOSITY': 2,
  'SINGLE_MICRO_NODES_WITH_SELFLOOPS_HAVE_PHI': False,
  'SYSTEM_CUTS': '3.0_STYLE',
  'USE_SMALL_PHI_DIFFERENCE_FOR_CES_DISTANCE': False,
  'VALIDATE_CONDITIONAL_INDEPENDENCE': True,
  'VALIDATE_SUBSYSTEM_STATES': True,
  'WELCOME_OFF': False}
2026-05-16 04:19:50,290 [pyphi.compute.subsystem] INFO MainProcess: Finished calculating big-phi data for Subsystem(n0, n1, n2).
2026-05-16 04:19:50,292 [pyphi.compute.subsystem] INFO MainProcess: Calculating big-phi data for Subsystem(n0, n1, n2)...
2026-05-16 04:19:50,594 [pyphi.conf] INFO Process-41: PyPhi v1.2.0
2026-05-16 04:19:50,594 [pyphi.conf] INFO Process-41: Using default configuration (no configuration file provided)
2026-05-16 04:19:50,595 [pyphi.conf] INFO Process-41: Current PyPhi configuration:
 { 'ASSUME_CUTS_CANNOT_CREATE_NEW_CONCEPTS': False,
  'CACHE_POTENTIAL_PURVIEWS': True,
  'CACHE_REPERTOIRES': True,
  'CACHE_SIAS': False,
  'CACHING_BACKEND': 'fs',
  'CLEAR_SUBSYSTEM_CACHES_AFTER_COMPUTING_SIA': False,
  'CUT_ONE_APPROXIMATION': False,
  'FS_CACHE_DIRECTORY': '__pyphi_cache__',
  'FS_CACHE_VERBOSITY': 0,
  'LOG_FILE': 'pyphi.log',
  'LOG_FILE_LEVEL': 'INFO',
  'LOG_STDOUT_LEVEL': 'WARNING',
  'MAXIMUM_CACHE_MEMORY_PERCENTAGE': 50,
  'MEASURE': 'EMD',
  'MONGODB_CONFIG': { 'collection_name': 'cache',
                      'database_name': 'pyphi',
                      'host': 'localhost',
                      'port': 27017},
  'NUMBER_OF_CORES': -1,
  'PARALLEL_COMPLEX_EVALUATION': False,
  'PARALLEL_CONCEPT_EVALUATION': False,
  'PARALLEL_CUT_EVALUATION': True,
  'PARTITION_TYPE': 'BI',
  'PICK_SMALLEST_PURVIEW': False,
  'PRECISION': 6,
  'PRINT_FRACTIONS': True,
  'PROGRESS_BARS': True,
  'REDIS_CACHE': False,
  'REDIS_CONFIG': {'db': 0, 'host': 'localhost', 'port': 6379, 'test_db': 1},
  'REPR_VERBOSITY': 2,
  'SINGLE_MICRO_NODES_WITH_SELFLOOPS_HAVE_PHI': False,
  'SYSTEM_CUTS': '3.0_STYLE',
  'USE_SMALL_PHI_DIFFERENCE_FOR_CES_DISTANCE': False,
  'VALIDATE_CONDITIONAL_INDEPENDENCE': True,
  'VALIDATE_SUBSYSTEM_STATES': True,
  'WELCOME_OFF': False}
2026-05-16 04:19:56,228 [pyphi.conf] INFO Process-42: PyPhi v1.2.0
2026-05-16 04:19:56,229 [pyphi.conf] INFO Process-42: Using default configuration (no configuration file provided)
2026-05-16 04:19:56,229 [pyphi.conf] INFO Process-42: Current PyPhi configuration:
 { 'ASSUME_CUTS_CANNOT_CREATE_NEW_CONCEPTS': False,
  'CACHE_POTENTIAL_PURVIEWS': True,
  'CACHE_REPERTOIRES': True,
  'CACHE_SIAS': False,
  'CACHING_BACKEND': 'fs',
  'CLEAR_SUBSYSTEM_CACHES_AFTER_COMPUTING_SIA': False,
  'CUT_ONE_APPROXIMATION': False,
  'FS_CACHE_DIRECTORY': '__pyphi_cache__',
  'FS_CACHE_VERBOSITY': 0,
  'LOG_FILE': 'pyphi.log',
  'LOG_FILE_LEVEL': 'INFO',
  'LOG_STDOUT_LEVEL': 'WARNING',
  'MAXIMUM_CACHE_MEMORY_PERCENTAGE': 50,
  'MEASURE': 'EMD',
  'MONGODB_CONFIG': { 'collection_name': 'cache',
                      'database_name': 'pyphi',
                      'host': 'localhost',
                      'port': 27017},
  'NUMBER_OF_CORES': -1,
  'PARALLEL_COMPLEX_EVALUATION': False,
  'PARALLEL_CONCEPT_EVALUATION': False,
  'PARALLEL_CUT_EVALUATION': True,
  'PARTITION_TYPE': 'BI',
  'PICK_SMALLEST_PURVIEW': False,
  'PRECISION': 6,
  'PRINT_FRACTIONS': True,
  'PROGRESS_BARS': True,
  'REDIS_CACHE': False,
  'REDIS_CONFIG': {'db': 0, 'host': 'localhost', 'port': 6379, 'test_db': 1},
  'REPR_VERBOSITY': 2,
  'SINGLE_MICRO_NODES_WITH_SELFLOOPS_HAVE_PHI': False,
  'SYSTEM_CUTS': '3.0_STYLE',
  'USE_SMALL_PHI_DIFFERENCE_FOR_CES_DISTANCE': False,
  'VALIDATE_CONDITIONAL_INDEPENDENCE': True,
  'VALIDATE_SUBSYSTEM_STATES': True,
  'WELCOME_OFF': False}
2026-05-16 04:20:01,989 [pyphi.compute.subsystem] INFO MainProcess: Finished calculating big-phi data for Subsystem(n0, n1, n2).
2026-05-16 04:20:01,990 [pyphi.compute.subsystem] INFO MainProcess: Calculating big-phi data for Subsystem(n0, n1, n2)...
2026-05-16 04:20:02,263 [pyphi.conf] INFO Process-43: PyPhi v1.2.0
2026-05-16 04:20:02,263 [pyphi.conf] INFO Process-43: Using default configuration (no configuration file provided)
2026-05-16 04:20:02,264 [pyphi.conf] INFO Process-43: Current PyPhi configuration:
 { 'ASSUME_CUTS_CANNOT_CREATE_NEW_CONCEPTS': False,
  'CACHE_POTENTIAL_PURVIEWS': True,
  'CACHE_REPERTOIRES': True,
  'CACHE_SIAS': False,
  'CACHING_BACKEND': 'fs',
  'CLEAR_SUBSYSTEM_CACHES_AFTER_COMPUTING_SIA': False,
  'CUT_ONE_APPROXIMATION': False,
  'FS_CACHE_DIRECTORY': '__pyphi_cache__',
  'FS_CACHE_VERBOSITY': 0,
  'LOG_FILE': 'pyphi.log',
  'LOG_FILE_LEVEL': 'INFO',
  'LOG_STDOUT_LEVEL': 'WARNING',
  'MAXIMUM_CACHE_MEMORY_PERCENTAGE': 50,
  'MEASURE': 'EMD',
  'MONGODB_CONFIG': { 'collection_name': 'cache',
                      'database_name': 'pyphi',
                      'host': 'localhost',
                      'port': 27017},
  'NUMBER_OF_CORES': -1,
  'PARALLEL_COMPLEX_EVALUATION': False,
  'PARALLEL_CONCEPT_EVALUATION': False,
  'PARALLEL_CUT_EVALUATION': True,
  'PARTITION_TYPE': 'BI',
  'PICK_SMALLEST_PURVIEW': False,
  'PRECISION': 6,
  'PRINT_FRACTIONS': True,
  'PROGRESS_BARS': True,
  'REDIS_CACHE': False,
  'REDIS_CONFIG': {'db': 0, 'host': 'localhost', 'port': 6379, 'test_db': 1},
  'REPR_VERBOSITY': 2,
  'SINGLE_MICRO_NODES_WITH_SELFLOOPS_HAVE_PHI': False,
  'SYSTEM_CUTS': '3.0_STYLE',
  'USE_SMALL_PHI_DIFFERENCE_FOR_CES_DISTANCE': False,
  'VALIDATE_CONDITIONAL_INDEPENDENCE': True,
  'VALIDATE_SUBSYSTEM_STATES': True,
  'WELCOME_OFF': False}
2026-05-16 04:20:07,617 [pyphi.conf] INFO Process-44: PyPhi v1.2.0
2026-05-16 04:20:07,617 [pyphi.conf] INFO Process-44: Using default configuration (no configuration file provided)
2026-05-16 04:20:07,618 [pyphi.conf] INFO Process-44: Current PyPhi configuration:
 { 'ASSUME_CUTS_CANNOT_CREATE_NEW_CONCEPTS': False,
  'CACHE_POTENTIAL_PURVIEWS': True,
  'CACHE_REPERTOIRES': True,
  'CACHE_SIAS': False,
  'CACHING_BACKEND': 'fs',
  'CLEAR_SUBSYSTEM_CACHES_AFTER_COMPUTING_SIA': False,
  'CUT_ONE_APPROXIMATION': False,
  'FS_CACHE_DIRECTORY': '__pyphi_cache__',
  'FS_CACHE_VERBOSITY': 0,
  'LOG_FILE': 'pyphi.log',
  'LOG_FILE_LEVEL': 'INFO',
  'LOG_STDOUT_LEVEL': 'WARNING',
  'MAXIMUM_CACHE_MEMORY_PERCENTAGE': 50,
  'MEASURE': 'EMD',
  'MONGODB_CONFIG': { 'collection_name': 'cache',
                      'database_name': 'pyphi',
                      'host': 'localhost',
                      'port': 27017},
  'NUMBER_OF_CORES': -1,
  'PARALLEL_COMPLEX_EVALUATION': False,
  'PARALLEL_CONCEPT_EVALUATION': False,
  'PARALLEL_CUT_EVALUATION': True,
  'PARTITION_TYPE': 'BI',
  'PICK_SMALLEST_PURVIEW': False,
  'PRECISION': 6,
  'PRINT_FRACTIONS': True,
  'PROGRESS_BARS': True,
  'REDIS_CACHE': False,
  'REDIS_CONFIG': {'db': 0, 'host': 'localhost', 'port': 6379, 'test_db': 1},
  'REPR_VERBOSITY': 2,
  'SINGLE_MICRO_NODES_WITH_SELFLOOPS_HAVE_PHI': False,
  'SYSTEM_CUTS': '3.0_STYLE',
  'USE_SMALL_PHI_DIFFERENCE_FOR_CES_DISTANCE': False,
  'VALIDATE_CONDITIONAL_INDEPENDENCE': True,
  'VALIDATE_SUBSYSTEM_STATES': True,
  'WELCOME_OFF': False}
2026-05-16 04:20:13,234 [pyphi.compute.subsystem] INFO MainProcess: Finished calculating big-phi data for Subsystem(n0, n1, n2).
2026-05-16 04:20:13,235 [pyphi.compute.subsystem] INFO MainProcess: Calculating big-phi data for Subsystem(n0, n1, n2)...
2026-05-16 04:20:13,495 [pyphi.conf] INFO Process-45: PyPhi v1.2.0
2026-05-16 04:20:13,495 [pyphi.conf] INFO Process-45: Using default configuration (no configuration file provided)
2026-05-16 04:20:13,495 [pyphi.conf] INFO Process-45: Current PyPhi configuration:
 { 'ASSUME_CUTS_CANNOT_CREATE_NEW_CONCEPTS': False,
  'CACHE_POTENTIAL_PURVIEWS': True,
  'CACHE_REPERTOIRES': True,
  'CACHE_SIAS': False,
  'CACHING_BACKEND': 'fs',
  'CLEAR_SUBSYSTEM_CACHES_AFTER_COMPUTING_SIA': False,
  'CUT_ONE_APPROXIMATION': False,
  'FS_CACHE_DIRECTORY': '__pyphi_cache__',
  'FS_CACHE_VERBOSITY': 0,
  'LOG_FILE': 'pyphi.log',
  'LOG_FILE_LEVEL': 'INFO',
  'LOG_STDOUT_LEVEL': 'WARNING',
  'MAXIMUM_CACHE_MEMORY_PERCENTAGE': 50,
  'MEASURE': 'EMD',
  'MONGODB_CONFIG': { 'collection_name': 'cache',
                      'database_name': 'pyphi',
                      'host': 'localhost',
                      'port': 27017},
  'NUMBER_OF_CORES': -1,
  'PARALLEL_COMPLEX_EVALUATION': False,
  'PARALLEL_CONCEPT_EVALUATION': False,
  'PARALLEL_CUT_EVALUATION': True,
  'PARTITION_TYPE': 'BI',
  'PICK_SMALLEST_PURVIEW': False,
  'PRECISION': 6,
  'PRINT_FRACTIONS': True,
  'PROGRESS_BARS': True,
  'REDIS_CACHE': False,
  'REDIS_CONFIG': {'db': 0, 'host': 'localhost', 'port': 6379, 'test_db': 1},
  'REPR_VERBOSITY': 2,
  'SINGLE_MICRO_NODES_WITH_SELFLOOPS_HAVE_PHI': False,
  'SYSTEM_CUTS': '3.0_STYLE',
  'USE_SMALL_PHI_DIFFERENCE_FOR_CES_DISTANCE': False,
  'VALIDATE_CONDITIONAL_INDEPENDENCE': True,
  'VALIDATE_SUBSYSTEM_STATES': True,
  'WELCOME_OFF': False}
2026-05-16 04:20:19,418 [pyphi.conf] INFO Process-46: PyPhi v1.2.0
2026-05-16 04:20:19,418 [pyphi.conf] INFO Process-46: Using default configuration (no configuration file provided)
2026-05-16 04:20:19,418 [pyphi.conf] INFO Process-46: Current PyPhi configuration:
 { 'ASSUME_CUTS_CANNOT_CREATE_NEW_CONCEPTS': False,
  'CACHE_POTENTIAL_PURVIEWS': True,
  'CACHE_REPERTOIRES': True,
  'CACHE_SIAS': False,
  'CACHING_BACKEND': 'fs',
  'CLEAR_SUBSYSTEM_CACHES_AFTER_COMPUTING_SIA': False,
  'CUT_ONE_APPROXIMATION': False,
  'FS_CACHE_DIRECTORY': '__pyphi_cache__',
  'FS_CACHE_VERBOSITY': 0,
  'LOG_FILE': 'pyphi.log',
  'LOG_FILE_LEVEL': 'INFO',
  'LOG_STDOUT_LEVEL': 'WARNING',
  'MAXIMUM_CACHE_MEMORY_PERCENTAGE': 50,
  'MEASURE': 'EMD',
  'MONGODB_CONFIG': { 'collection_name': 'cache',
                      'database_name': 'pyphi',
                      'host': 'localhost',
                      'port': 27017},
  'NUMBER_OF_CORES': -1,
  'PARALLEL_COMPLEX_EVALUATION': False,
  'PARALLEL_CONCEPT_EVALUATION': False,
  'PARALLEL_CUT_EVALUATION': True,
  'PARTITION_TYPE': 'BI',
  'PICK_SMALLEST_PURVIEW': False,
  'PRECISION': 6,
  'PRINT_FRACTIONS': True,
  'PROGRESS_BARS': True,
  'REDIS_CACHE': False,
  'REDIS_CONFIG': {'db': 0, 'host': 'localhost', 'port': 6379, 'test_db': 1},
  'REPR_VERBOSITY': 2,
  'SINGLE_MICRO_NODES_WITH_SELFLOOPS_HAVE_PHI': False,
  'SYSTEM_CUTS': '3.0_STYLE',
  'USE_SMALL_PHI_DIFFERENCE_FOR_CES_DISTANCE': False,
  'VALIDATE_CONDITIONAL_INDEPENDENCE': True,
  'VALIDATE_SUBSYSTEM_STATES': True,
  'WELCOME_OFF': False}
2026-05-16 04:20:24,410 [pyphi.compute.subsystem] INFO MainProcess: Finished calculating big-phi data for Subsystem(n0, n1, n2).
2026-05-16 04:20:24,411 [pyphi.compute.subsystem] INFO MainProcess: Calculating big-phi data for Subsystem(n0, n1, n2)...
2026-05-16 04:20:24,629 [pyphi.conf] INFO Process-47: PyPhi v1.2.0
2026-05-16 04:20:24,629 [pyphi.conf] INFO Process-47: Using default configuration (no configuration file provided)
2026-05-16 04:20:24,630 [pyphi.conf] INFO Process-47: Current PyPhi configuration:
 { 'ASSUME_CUTS_CANNOT_CREATE_NEW_CONCEPTS': False,
  'CACHE_POTENTIAL_PURVIEWS': True,
  'CACHE_REPERTOIRES': True,
  'CACHE_SIAS': False,
  'CACHING_BACKEND': 'fs',
  'CLEAR_SUBSYSTEM_CACHES_AFTER_COMPUTING_SIA': False,
  'CUT_ONE_APPROXIMATION': False,
  'FS_CACHE_DIRECTORY': '__pyphi_cache__',
  'FS_CACHE_VERBOSITY': 0,
  'LOG_FILE': 'pyphi.log',
  'LOG_FILE_LEVEL': 'INFO',
  'LOG_STDOUT_LEVEL': 'WARNING',
  'MAXIMUM_CACHE_MEMORY_PERCENTAGE': 50,
  'MEASURE': 'EMD',
  'MONGODB_CONFIG': { 'collection_name': 'cache',
                      'database_name': 'pyphi',
                      'host': 'localhost',
                      'port': 27017},
  'NUMBER_OF_CORES': -1,
  'PARALLEL_COMPLEX_EVALUATION': False,
  'PARALLEL_CONCEPT_EVALUATION': False,
  'PARALLEL_CUT_EVALUATION': True,
  'PARTITION_TYPE': 'BI',
  'PICK_SMALLEST_PURVIEW': False,
  'PRECISION': 6,
  'PRINT_FRACTIONS': True,
  'PROGRESS_BARS': True,
  'REDIS_CACHE': False,
  'REDIS_CONFIG': {'db': 0, 'host': 'localhost', 'port': 6379, 'test_db': 1},
  'REPR_VERBOSITY': 2,
  'SINGLE_MICRO_NODES_WITH_SELFLOOPS_HAVE_PHI': False,
  'SYSTEM_CUTS': '3.0_STYLE',
  'USE_SMALL_PHI_DIFFERENCE_FOR_CES_DISTANCE': False,
  'VALIDATE_CONDITIONAL_INDEPENDENCE': True,
  'VALIDATE_SUBSYSTEM_STATES': True,
  'WELCOME_OFF': False}
2026-05-16 04:20:29,770 [pyphi.conf] INFO Process-48: PyPhi v1.2.0
2026-05-16 04:20:29,770 [pyphi.conf] INFO Process-48: Using default configuration (no configuration file provided)
2026-05-16 04:20:29,770 [pyphi.conf] INFO Process-48: Current PyPhi configuration:
 { 'ASSUME_CUTS_CANNOT_CREATE_NEW_CONCEPTS': False,
  'CACHE_POTENTIAL_PURVIEWS': True,
  'CACHE_REPERTOIRES': True,
  'CACHE_SIAS': False,
  'CACHING_BACKEND': 'fs',
  'CLEAR_SUBSYSTEM_CACHES_AFTER_COMPUTING_SIA': False,
  'CUT_ONE_APPROXIMATION': False,
  'FS_CACHE_DIRECTORY': '__pyphi_cache__',
  'FS_CACHE_VERBOSITY': 0,
  'LOG_FILE': 'pyphi.log',
  'LOG_FILE_LEVEL': 'INFO',
  'LOG_STDOUT_LEVEL': 'WARNING',
  'MAXIMUM_CACHE_MEMORY_PERCENTAGE': 50,
  'MEASURE': 'EMD',
  'MONGODB_CONFIG': { 'collection_name': 'cache',
                      'database_name': 'pyphi',
                      'host': 'localhost',
                      'port': 27017},
  'NUMBER_OF_CORES': -1,
  'PARALLEL_COMPLEX_EVALUATION': False,
  'PARALLEL_CONCEPT_EVALUATION': False,
  'PARALLEL_CUT_EVALUATION': True,
  'PARTITION_TYPE': 'BI',
  'PICK_SMALLEST_PURVIEW': False,
  'PRECISION': 6,
  'PRINT_FRACTIONS': True,
  'PROGRESS_BARS': True,
  'REDIS_CACHE': False,
  'REDIS_CONFIG': {'db': 0, 'host': 'localhost', 'port': 6379, 'test_db': 1},
  'REPR_VERBOSITY': 2,
  'SINGLE_MICRO_NODES_WITH_SELFLOOPS_HAVE_PHI': False,
  'SYSTEM_CUTS': '3.0_STYLE',
  'USE_SMALL_PHI_DIFFERENCE_FOR_CES_DISTANCE': False,
  'VALIDATE_CONDITIONAL_INDEPENDENCE': True,
  'VALIDATE_SUBSYSTEM_STATES': True,
  'WELCOME_OFF': False}
2026-05-16 04:20:35,797 [pyphi.compute.subsystem] INFO MainProcess: Finished calculating big-phi data for Subsystem(n0, n1, n2).
2026-05-16 04:20:35,799 [pyphi.compute.subsystem] INFO MainProcess: Calculating big-phi data for Subsystem(n0, n1, n2)...
2026-05-16 04:20:36,071 [pyphi.conf] INFO Process-49: PyPhi v1.2.0
2026-05-16 04:20:36,072 [pyphi.conf] INFO Process-49: Using default configuration (no configuration file provided)
2026-05-16 04:20:36,072 [pyphi.conf] INFO Process-49: Current PyPhi configuration:
 { 'ASSUME_CUTS_CANNOT_CREATE_NEW_CONCEPTS': False,
  'CACHE_POTENTIAL_PURVIEWS': True,
  'CACHE_REPERTOIRES': True,
  'CACHE_SIAS': False,
  'CACHING_BACKEND': 'fs',
  'CLEAR_SUBSYSTEM_CACHES_AFTER_COMPUTING_SIA': False,
  'CUT_ONE_APPROXIMATION': False,
  'FS_CACHE_DIRECTORY': '__pyphi_cache__',
  'FS_CACHE_VERBOSITY': 0,
  'LOG_FILE': 'pyphi.log',
  'LOG_FILE_LEVEL': 'INFO',
  'LOG_STDOUT_LEVEL': 'WARNING',
  'MAXIMUM_CACHE_MEMORY_PERCENTAGE': 50,
  'MEASURE': 'EMD',
  'MONGODB_CONFIG': { 'collection_name': 'cache',
                      'database_name': 'pyphi',
                      'host': 'localhost',
                      'port': 27017},
  'NUMBER_OF_CORES': -1,
  'PARALLEL_COMPLEX_EVALUATION': False,
  'PARALLEL_CONCEPT_EVALUATION': False,
  'PARALLEL_CUT_EVALUATION': True,
  'PARTITION_TYPE': 'BI',
  'PICK_SMALLEST_PURVIEW': False,
  'PRECISION': 6,
  'PRINT_FRACTIONS': True,
  'PROGRESS_BARS': True,
  'REDIS_CACHE': False,
  'REDIS_CONFIG': {'db': 0, 'host': 'localhost', 'port': 6379, 'test_db': 1},
  'REPR_VERBOSITY': 2,
  'SINGLE_MICRO_NODES_WITH_SELFLOOPS_HAVE_PHI': False,
  'SYSTEM_CUTS': '3.0_STYLE',
  'USE_SMALL_PHI_DIFFERENCE_FOR_CES_DISTANCE': False,
  'VALIDATE_CONDITIONAL_INDEPENDENCE': True,
  'VALIDATE_SUBSYSTEM_STATES': True,
  'WELCOME_OFF': False}
2026-05-16 04:20:41,248 [pyphi.conf] INFO Process-50: PyPhi v1.2.0
2026-05-16 04:20:41,248 [pyphi.conf] INFO Process-50: Using default configuration (no configuration file provided)
2026-05-16 04:20:41,249 [pyphi.conf] INFO Process-50: Current PyPhi configuration:
 { 'ASSUME_CUTS_CANNOT_CREATE_NEW_CONCEPTS': False,
  'CACHE_POTENTIAL_PURVIEWS': True,
  'CACHE_REPERTOIRES': True,
  'CACHE_SIAS': False,
  'CACHING_BACKEND': 'fs',
  'CLEAR_SUBSYSTEM_CACHES_AFTER_COMPUTING_SIA': False,
  'CUT_ONE_APPROXIMATION': False,
  'FS_CACHE_DIRECTORY': '__pyphi_cache__',
  'FS_CACHE_VERBOSITY': 0,
  'LOG_FILE': 'pyphi.log',
  'LOG_FILE_LEVEL': 'INFO',
  'LOG_STDOUT_LEVEL': 'WARNING',
  'MAXIMUM_CACHE_MEMORY_PERCENTAGE': 50,
  'MEASURE': 'EMD',
  'MONGODB_CONFIG': { 'collection_name': 'cache',
                      'database_name': 'pyphi',
                      'host': 'localhost',
                      'port': 27017},
  'NUMBER_OF_CORES': -1,
  'PARALLEL_COMPLEX_EVALUATION': False,
  'PARALLEL_CONCEPT_EVALUATION': False,
  'PARALLEL_CUT_EVALUATION': True,
  'PARTITION_TYPE': 'BI',
  'PICK_SMALLEST_PURVIEW': False,
  'PRECISION': 6,
  'PRINT_FRACTIONS': True,
  'PROGRESS_BARS': True,
  'REDIS_CACHE': False,
  'REDIS_CONFIG': {'db': 0, 'host': 'localhost', 'port': 6379, 'test_db': 1},
  'REPR_VERBOSITY': 2,
  'SINGLE_MICRO_NODES_WITH_SELFLOOPS_HAVE_PHI': False,
  'SYSTEM_CUTS': '3.0_STYLE',
  'USE_SMALL_PHI_DIFFERENCE_FOR_CES_DISTANCE': False,
  'VALIDATE_CONDITIONAL_INDEPENDENCE': True,
  'VALIDATE_SUBSYSTEM_STATES': True,
  'WELCOME_OFF': False}
2026-05-16 04:20:45,668 [pyphi.compute.subsystem] INFO MainProcess: Finished calculating big-phi data for Subsystem(n0, n1, n2).
2026-05-16 04:20:45,669 [pyphi.compute.subsystem] INFO MainProcess: Calculating big-phi data for Subsystem(n0, n1, n2)...
2026-05-16 04:20:45,867 [pyphi.conf] INFO Process-51: PyPhi v1.2.0
2026-05-16 04:20:45,867 [pyphi.conf] INFO Process-51: Using default configuration (no configuration file provided)
2026-05-16 04:20:45,867 [pyphi.conf] INFO Process-51: Current PyPhi configuration:
 { 'ASSUME_CUTS_CANNOT_CREATE_NEW_CONCEPTS': False,
  'CACHE_POTENTIAL_PURVIEWS': True,
  'CACHE_REPERTOIRES': True,
  'CACHE_SIAS': False,
  'CACHING_BACKEND': 'fs',
  'CLEAR_SUBSYSTEM_CACHES_AFTER_COMPUTING_SIA': False,
  'CUT_ONE_APPROXIMATION': False,
  'FS_CACHE_DIRECTORY': '__pyphi_cache__',
  'FS_CACHE_VERBOSITY': 0,
  'LOG_FILE': 'pyphi.log',
  'LOG_FILE_LEVEL': 'INFO',
  'LOG_STDOUT_LEVEL': 'WARNING',
  'MAXIMUM_CACHE_MEMORY_PERCENTAGE': 50,
  'MEASURE': 'EMD',
  'MONGODB_CONFIG': { 'collection_name': 'cache',
                      'database_name': 'pyphi',
                      'host': 'localhost',
                      'port': 27017},
  'NUMBER_OF_CORES': -1,
  'PARALLEL_COMPLEX_EVALUATION': False,
  'PARALLEL_CONCEPT_EVALUATION': False,
  'PARALLEL_CUT_EVALUATION': True,
  'PARTITION_TYPE': 'BI',
  'PICK_SMALLEST_PURVIEW': False,
  'PRECISION': 6,
  'PRINT_FRACTIONS': True,
  'PROGRESS_BARS': True,
  'REDIS_CACHE': False,
  'REDIS_CONFIG': {'db': 0, 'host': 'localhost', 'port': 6379, 'test_db': 1},
  'REPR_VERBOSITY': 2,
  'SINGLE_MICRO_NODES_WITH_SELFLOOPS_HAVE_PHI': False,
  'SYSTEM_CUTS': '3.0_STYLE',
  'USE_SMALL_PHI_DIFFERENCE_FOR_CES_DISTANCE': False,
  'VALIDATE_CONDITIONAL_INDEPENDENCE': True,
  'VALIDATE_SUBSYSTEM_STATES': True,
  'WELCOME_OFF': False}
2026-05-16 04:20:50,309 [pyphi.conf] INFO Process-52: PyPhi v1.2.0
2026-05-16 04:20:50,309 [pyphi.conf] INFO Process-52: Using default configuration (no configuration file provided)
2026-05-16 04:20:50,309 [pyphi.conf] INFO Process-52: Current PyPhi configuration:
 { 'ASSUME_CUTS_CANNOT_CREATE_NEW_CONCEPTS': False,
  'CACHE_POTENTIAL_PURVIEWS': True,
  'CACHE_REPERTOIRES': True,
  'CACHE_SIAS': False,
  'CACHING_BACKEND': 'fs',
  'CLEAR_SUBSYSTEM_CACHES_AFTER_COMPUTING_SIA': False,
  'CUT_ONE_APPROXIMATION': False,
  'FS_CACHE_DIRECTORY': '__pyphi_cache__',
  'FS_CACHE_VERBOSITY': 0,
  'LOG_FILE': 'pyphi.log',
  'LOG_FILE_LEVEL': 'INFO',
  'LOG_STDOUT_LEVEL': 'WARNING',
  'MAXIMUM_CACHE_MEMORY_PERCENTAGE': 50,
  'MEASURE': 'EMD',
  'MONGODB_CONFIG': { 'collection_name': 'cache',
                      'database_name': 'pyphi',
                      'host': 'localhost',
                      'port': 27017},
  'NUMBER_OF_CORES': -1,
  'PARALLEL_COMPLEX_EVALUATION': False,
  'PARALLEL_CONCEPT_EVALUATION': False,
  'PARALLEL_CUT_EVALUATION': True,
  'PARTITION_TYPE': 'BI',
  'PICK_SMALLEST_PURVIEW': False,
  'PRECISION': 6,
  'PRINT_FRACTIONS': True,
  'PROGRESS_BARS': True,
  'REDIS_CACHE': False,
  'REDIS_CONFIG': {'db': 0, 'host': 'localhost', 'port': 6379, 'test_db': 1},
  'REPR_VERBOSITY': 2,
  'SINGLE_MICRO_NODES_WITH_SELFLOOPS_HAVE_PHI': False,
  'SYSTEM_CUTS': '3.0_STYLE',
  'USE_SMALL_PHI_DIFFERENCE_FOR_CES_DISTANCE': False,
  'VALIDATE_CONDITIONAL_INDEPENDENCE': True,
  'VALIDATE_SUBSYSTEM_STATES': True,
  'WELCOME_OFF': False}
2026-05-16 04:20:55,516 [pyphi.compute.subsystem] INFO MainProcess: Finished calculating big-phi data for Subsystem(n0, n1, n2).
2026-05-16 04:20:55,517 [pyphi.compute.subsystem] INFO MainProcess: Calculating big-phi data for Subsystem(n0, n1, n2)...
2026-05-16 04:20:55,777 [pyphi.conf] INFO Process-53: PyPhi v1.2.0
2026-05-16 04:20:55,777 [pyphi.conf] INFO Process-53: Using default configuration (no configuration file provided)
2026-05-16 04:20:55,778 [pyphi.conf] INFO Process-53: Current PyPhi configuration:
 { 'ASSUME_CUTS_CANNOT_CREATE_NEW_CONCEPTS': False,
  'CACHE_POTENTIAL_PURVIEWS': True,
  'CACHE_REPERTOIRES': True,
  'CACHE_SIAS': False,
  'CACHING_BACKEND': 'fs',
  'CLEAR_SUBSYSTEM_CACHES_AFTER_COMPUTING_SIA': False,
  'CUT_ONE_APPROXIMATION': False,
  'FS_CACHE_DIRECTORY': '__pyphi_cache__',
  'FS_CACHE_VERBOSITY': 0,
  'LOG_FILE': 'pyphi.log',
  'LOG_FILE_LEVEL': 'INFO',
  'LOG_STDOUT_LEVEL': 'WARNING',
  'MAXIMUM_CACHE_MEMORY_PERCENTAGE': 50,
  'MEASURE': 'EMD',
  'MONGODB_CONFIG': { 'collection_name': 'cache',
                      'database_name': 'pyphi',
                      'host': 'localhost',
                      'port': 27017},
  'NUMBER_OF_CORES': -1,
  'PARALLEL_COMPLEX_EVALUATION': False,
  'PARALLEL_CONCEPT_EVALUATION': False,
  'PARALLEL_CUT_EVALUATION': True,
  'PARTITION_TYPE': 'BI',
  'PICK_SMALLEST_PURVIEW': False,
  'PRECISION': 6,
  'PRINT_FRACTIONS': True,
  'PROGRESS_BARS': True,
  'REDIS_CACHE': False,
  'REDIS_CONFIG': {'db': 0, 'host': 'localhost', 'port': 6379, 'test_db': 1},
  'REPR_VERBOSITY': 2,
  'SINGLE_MICRO_NODES_WITH_SELFLOOPS_HAVE_PHI': False,
  'SYSTEM_CUTS': '3.0_STYLE',
  'USE_SMALL_PHI_DIFFERENCE_FOR_CES_DISTANCE': False,
  'VALIDATE_CONDITIONAL_INDEPENDENCE': True,
  'VALIDATE_SUBSYSTEM_STATES': True,
  'WELCOME_OFF': False}
2026-05-16 04:21:01,058 [pyphi.conf] INFO Process-54: PyPhi v1.2.0
2026-05-16 04:21:01,059 [pyphi.conf] INFO Process-54: Using default configuration (no configuration file provided)
2026-05-16 04:21:01,059 [pyphi.conf] INFO Process-54: Current PyPhi configuration:
 { 'ASSUME_CUTS_CANNOT_CREATE_NEW_CONCEPTS': False,
  'CACHE_POTENTIAL_PURVIEWS': True,
  'CACHE_REPERTOIRES': True,
  'CACHE_SIAS': False,
  'CACHING_BACKEND': 'fs',
  'CLEAR_SUBSYSTEM_CACHES_AFTER_COMPUTING_SIA': False,
  'CUT_ONE_APPROXIMATION': False,
  'FS_CACHE_DIRECTORY': '__pyphi_cache__',
  'FS_CACHE_VERBOSITY': 0,
  'LOG_FILE': 'pyphi.log',
  'LOG_FILE_LEVEL': 'INFO',
  'LOG_STDOUT_LEVEL': 'WARNING',
  'MAXIMUM_CACHE_MEMORY_PERCENTAGE': 50,
  'MEASURE': 'EMD',
  'MONGODB_CONFIG': { 'collection_name': 'cache',
                      'database_name': 'pyphi',
                      'host': 'localhost',
                      'port': 27017},
  'NUMBER_OF_CORES': -1,
  'PARALLEL_COMPLEX_EVALUATION': False,
  'PARALLEL_CONCEPT_EVALUATION': False,
  'PARALLEL_CUT_EVALUATION': True,
  'PARTITION_TYPE': 'BI',
  'PICK_SMALLEST_PURVIEW': False,
  'PRECISION': 6,
  'PRINT_FRACTIONS': True,
  'PROGRESS_BARS': True,
  'REDIS_CACHE': False,
  'REDIS_CONFIG': {'db': 0, 'host': 'localhost', 'port': 6379, 'test_db': 1},
  'REPR_VERBOSITY': 2,
  'SINGLE_MICRO_NODES_WITH_SELFLOOPS_HAVE_PHI': False,
  'SYSTEM_CUTS': '3.0_STYLE',
  'USE_SMALL_PHI_DIFFERENCE_FOR_CES_DISTANCE': False,
  'VALIDATE_CONDITIONAL_INDEPENDENCE': True,
  'VALIDATE_SUBSYSTEM_STATES': True,
  'WELCOME_OFF': False}
2026-05-16 04:21:06,490 [pyphi.compute.subsystem] INFO MainProcess: Finished calculating big-phi data for Subsystem(n0, n1, n2).
2026-05-16 04:21:06,492 [pyphi.compute.subsystem] INFO MainProcess: Calculating big-phi data for Subsystem(n0, n1, n2)...
2026-05-16 04:21:06,732 [pyphi.conf] INFO Process-55: PyPhi v1.2.0
2026-05-16 04:21:06,732 [pyphi.conf] INFO Process-55: Using default configuration (no configuration file provided)
2026-05-16 04:21:06,733 [pyphi.conf] INFO Process-55: Current PyPhi configuration:
 { 'ASSUME_CUTS_CANNOT_CREATE_NEW_CONCEPTS': False,
  'CACHE_POTENTIAL_PURVIEWS': True,
  'CACHE_REPERTOIRES': True,
  'CACHE_SIAS': False,
  'CACHING_BACKEND': 'fs',
  'CLEAR_SUBSYSTEM_CACHES_AFTER_COMPUTING_SIA': False,
  'CUT_ONE_APPROXIMATION': False,
  'FS_CACHE_DIRECTORY': '__pyphi_cache__',
  'FS_CACHE_VERBOSITY': 0,
  'LOG_FILE': 'pyphi.log',
  'LOG_FILE_LEVEL': 'INFO',
  'LOG_STDOUT_LEVEL': 'WARNING',
  'MAXIMUM_CACHE_MEMORY_PERCENTAGE': 50,
  'MEASURE': 'EMD',
  'MONGODB_CONFIG': { 'collection_name': 'cache',
                      'database_name': 'pyphi',
                      'host': 'localhost',
                      'port': 27017},
  'NUMBER_OF_CORES': -1,
  'PARALLEL_COMPLEX_EVALUATION': False,
  'PARALLEL_CONCEPT_EVALUATION': False,
  'PARALLEL_CUT_EVALUATION': True,
  'PARTITION_TYPE': 'BI',
  'PICK_SMALLEST_PURVIEW': False,
  'PRECISION': 6,
  'PRINT_FRACTIONS': True,
  'PROGRESS_BARS': True,
  'REDIS_CACHE': False,
  'REDIS_CONFIG': {'db': 0, 'host': 'localhost', 'port': 6379, 'test_db': 1},
  'REPR_VERBOSITY': 2,
  'SINGLE_MICRO_NODES_WITH_SELFLOOPS_HAVE_PHI': False,
  'SYSTEM_CUTS': '3.0_STYLE',
  'USE_SMALL_PHI_DIFFERENCE_FOR_CES_DISTANCE': False,
  'VALIDATE_CONDITIONAL_INDEPENDENCE': True,
  'VALIDATE_SUBSYSTEM_STATES': True,
  'WELCOME_OFF': False}
2026-05-16 04:21:12,264 [pyphi.conf] INFO Process-56: PyPhi v1.2.0
2026-05-16 04:21:12,264 [pyphi.conf] INFO Process-56: Using default configuration (no configuration file provided)
2026-05-16 04:21:12,265 [pyphi.conf] INFO Process-56: Current PyPhi configuration:
 { 'ASSUME_CUTS_CANNOT_CREATE_NEW_CONCEPTS': False,
  'CACHE_POTENTIAL_PURVIEWS': True,
  'CACHE_REPERTOIRES': True,
  'CACHE_SIAS': False,
  'CACHING_BACKEND': 'fs',
  'CLEAR_SUBSYSTEM_CACHES_AFTER_COMPUTING_SIA': False,
  'CUT_ONE_APPROXIMATION': False,
  'FS_CACHE_DIRECTORY': '__pyphi_cache__',
  'FS_CACHE_VERBOSITY': 0,
  'LOG_FILE': 'pyphi.log',
  'LOG_FILE_LEVEL': 'INFO',
  'LOG_STDOUT_LEVEL': 'WARNING',
  'MAXIMUM_CACHE_MEMORY_PERCENTAGE': 50,
  'MEASURE': 'EMD',
  'MONGODB_CONFIG': { 'collection_name': 'cache',
                      'database_name': 'pyphi',
                      'host': 'localhost',
                      'port': 27017},
  'NUMBER_OF_CORES': -1,
  'PARALLEL_COMPLEX_EVALUATION': False,
  'PARALLEL_CONCEPT_EVALUATION': False,
  'PARALLEL_CUT_EVALUATION': True,
  'PARTITION_TYPE': 'BI',
  'PICK_SMALLEST_PURVIEW': False,
  'PRECISION': 6,
  'PRINT_FRACTIONS': True,
  'PROGRESS_BARS': True,
  'REDIS_CACHE': False,
  'REDIS_CONFIG': {'db': 0, 'host': 'localhost', 'port': 6379, 'test_db': 1},
  'REPR_VERBOSITY': 2,
  'SINGLE_MICRO_NODES_WITH_SELFLOOPS_HAVE_PHI': False,
  'SYSTEM_CUTS': '3.0_STYLE',
  'USE_SMALL_PHI_DIFFERENCE_FOR_CES_DISTANCE': False,
  'VALIDATE_CONDITIONAL_INDEPENDENCE': True,
  'VALIDATE_SUBSYSTEM_STATES': True,
  'WELCOME_OFF': False}
2026-05-16 04:21:17,726 [pyphi.compute.subsystem] INFO MainProcess: Finished calculating big-phi data for Subsystem(n0, n1, n2).
2026-05-16 04:21:17,729 [pyphi.compute.subsystem] INFO MainProcess: Calculating big-phi data for Subsystem(n0, n1, n2)...
2026-05-16 04:21:17,977 [pyphi.conf] INFO Process-57: PyPhi v1.2.0
2026-05-16 04:21:17,977 [pyphi.conf] INFO Process-57: Using default configuration (no configuration file provided)
2026-05-16 04:21:17,977 [pyphi.conf] INFO Process-57: Current PyPhi configuration:
 { 'ASSUME_CUTS_CANNOT_CREATE_NEW_CONCEPTS': False,
  'CACHE_POTENTIAL_PURVIEWS': True,
  'CACHE_REPERTOIRES': True,
  'CACHE_SIAS': False,
  'CACHING_BACKEND': 'fs',
  'CLEAR_SUBSYSTEM_CACHES_AFTER_COMPUTING_SIA': False,
  'CUT_ONE_APPROXIMATION': False,
  'FS_CACHE_DIRECTORY': '__pyphi_cache__',
  'FS_CACHE_VERBOSITY': 0,
  'LOG_FILE': 'pyphi.log',
  'LOG_FILE_LEVEL': 'INFO',
  'LOG_STDOUT_LEVEL': 'WARNING',
  'MAXIMUM_CACHE_MEMORY_PERCENTAGE': 50,
  'MEASURE': 'EMD',
  'MONGODB_CONFIG': { 'collection_name': 'cache',
                      'database_name': 'pyphi',
                      'host': 'localhost',
                      'port': 27017},
  'NUMBER_OF_CORES': -1,
  'PARALLEL_COMPLEX_EVALUATION': False,
  'PARALLEL_CONCEPT_EVALUATION': False,
  'PARALLEL_CUT_EVALUATION': True,
  'PARTITION_TYPE': 'BI',
  'PICK_SMALLEST_PURVIEW': False,
  'PRECISION': 6,
  'PRINT_FRACTIONS': True,
  'PROGRESS_BARS': True,
  'REDIS_CACHE': False,
  'REDIS_CONFIG': {'db': 0, 'host': 'localhost', 'port': 6379, 'test_db': 1},
  'REPR_VERBOSITY': 2,
  'SINGLE_MICRO_NODES_WITH_SELFLOOPS_HAVE_PHI': False,
  'SYSTEM_CUTS': '3.0_STYLE',
  'USE_SMALL_PHI_DIFFERENCE_FOR_CES_DISTANCE': False,
  'VALIDATE_CONDITIONAL_INDEPENDENCE': True,
  'VALIDATE_SUBSYSTEM_STATES': True,
  'WELCOME_OFF': False}
2026-05-16 04:21:23,835 [pyphi.conf] INFO Process-58: PyPhi v1.2.0
2026-05-16 04:21:23,835 [pyphi.conf] INFO Process-58: Using default configuration (no configuration file provided)
2026-05-16 04:21:23,836 [pyphi.conf] INFO Process-58: Current PyPhi configuration:
 { 'ASSUME_CUTS_CANNOT_CREATE_NEW_CONCEPTS': False,
  'CACHE_POTENTIAL_PURVIEWS': True,
  'CACHE_REPERTOIRES': True,
  'CACHE_SIAS': False,
  'CACHING_BACKEND': 'fs',
  'CLEAR_SUBSYSTEM_CACHES_AFTER_COMPUTING_SIA': False,
  'CUT_ONE_APPROXIMATION': False,
  'FS_CACHE_DIRECTORY': '__pyphi_cache__',
  'FS_CACHE_VERBOSITY': 0,
  'LOG_FILE': 'pyphi.log',
  'LOG_FILE_LEVEL': 'INFO',
  'LOG_STDOUT_LEVEL': 'WARNING',
  'MAXIMUM_CACHE_MEMORY_PERCENTAGE': 50,
  'MEASURE': 'EMD',
  'MONGODB_CONFIG': { 'collection_name': 'cache',
                      'database_name': 'pyphi',
                      'host': 'localhost',
                      'port': 27017},
  'NUMBER_OF_CORES': -1,
  'PARALLEL_COMPLEX_EVALUATION': False,
  'PARALLEL_CONCEPT_EVALUATION': False,
  'PARALLEL_CUT_EVALUATION': True,
  'PARTITION_TYPE': 'BI',
  'PICK_SMALLEST_PURVIEW': False,
  'PRECISION': 6,
  'PRINT_FRACTIONS': True,
  'PROGRESS_BARS': True,
  'REDIS_CACHE': False,
  'REDIS_CONFIG': {'db': 0, 'host': 'localhost', 'port': 6379, 'test_db': 1},
  'REPR_VERBOSITY': 2,
  'SINGLE_MICRO_NODES_WITH_SELFLOOPS_HAVE_PHI': False,
  'SYSTEM_CUTS': '3.0_STYLE',
  'USE_SMALL_PHI_DIFFERENCE_FOR_CES_DISTANCE': False,
  'VALIDATE_CONDITIONAL_INDEPENDENCE': True,
  'VALIDATE_SUBSYSTEM_STATES': True,
  'WELCOME_OFF': False}
2026-05-16 04:21:29,825 [pyphi.compute.subsystem] INFO MainProcess: Finished calculating big-phi data for Subsystem(n0, n1, n2).
2026-05-16 04:21:29,827 [pyphi.compute.subsystem] INFO MainProcess: Calculating big-phi data for Subsystem(n0, n1, n2)...
2026-05-16 04:21:30,066 [pyphi.conf] INFO Process-59: PyPhi v1.2.0
2026-05-16 04:21:30,066 [pyphi.conf] INFO Process-59: Using default configuration (no configuration file provided)
2026-05-16 04:21:30,066 [pyphi.conf] INFO Process-59: Current PyPhi configuration:
 { 'ASSUME_CUTS_CANNOT_CREATE_NEW_CONCEPTS': False,
  'CACHE_POTENTIAL_PURVIEWS': True,
  'CACHE_REPERTOIRES': True,
  'CACHE_SIAS': False,
  'CACHING_BACKEND': 'fs',
  'CLEAR_SUBSYSTEM_CACHES_AFTER_COMPUTING_SIA': False,
  'CUT_ONE_APPROXIMATION': False,
  'FS_CACHE_DIRECTORY': '__pyphi_cache__',
  'FS_CACHE_VERBOSITY': 0,
  'LOG_FILE': 'pyphi.log',
  'LOG_FILE_LEVEL': 'INFO',
  'LOG_STDOUT_LEVEL': 'WARNING',
  'MAXIMUM_CACHE_MEMORY_PERCENTAGE': 50,
  'MEASURE': 'EMD',
  'MONGODB_CONFIG': { 'collection_name': 'cache',
                      'database_name': 'pyphi',
                      'host': 'localhost',
                      'port': 27017},
  'NUMBER_OF_CORES': -1,
  'PARALLEL_COMPLEX_EVALUATION': False,
  'PARALLEL_CONCEPT_EVALUATION': False,
  'PARALLEL_CUT_EVALUATION': True,
  'PARTITION_TYPE': 'BI',
  'PICK_SMALLEST_PURVIEW': False,
  'PRECISION': 6,
  'PRINT_FRACTIONS': True,
  'PROGRESS_BARS': True,
  'REDIS_CACHE': False,
  'REDIS_CONFIG': {'db': 0, 'host': 'localhost', 'port': 6379, 'test_db': 1},
  'REPR_VERBOSITY': 2,
  'SINGLE_MICRO_NODES_WITH_SELFLOOPS_HAVE_PHI': False,
  'SYSTEM_CUTS': '3.0_STYLE',
  'USE_SMALL_PHI_DIFFERENCE_FOR_CES_DISTANCE': False,
  'VALIDATE_CONDITIONAL_INDEPENDENCE': True,
  'VALIDATE_SUBSYSTEM_STATES': True,
  'WELCOME_OFF': False}
2026-05-16 04:21:35,587 [pyphi.conf] INFO Process-60: PyPhi v1.2.0
2026-05-16 04:21:35,587 [pyphi.conf] INFO Process-60: Using default configuration (no configuration file provided)
2026-05-16 04:21:35,587 [pyphi.conf] INFO Process-60: Current PyPhi configuration:
 { 'ASSUME_CUTS_CANNOT_CREATE_NEW_CONCEPTS': False,
  'CACHE_POTENTIAL_PURVIEWS': True,
  'CACHE_REPERTOIRES': True,
  'CACHE_SIAS': False,
  'CACHING_BACKEND': 'fs',
  'CLEAR_SUBSYSTEM_CACHES_AFTER_COMPUTING_SIA': False,
  'CUT_ONE_APPROXIMATION': False,
  'FS_CACHE_DIRECTORY': '__pyphi_cache__',
  'FS_CACHE_VERBOSITY': 0,
  'LOG_FILE': 'pyphi.log',
  'LOG_FILE_LEVEL': 'INFO',
  'LOG_STDOUT_LEVEL': 'WARNING',
  'MAXIMUM_CACHE_MEMORY_PERCENTAGE': 50,
  'MEASURE': 'EMD',
  'MONGODB_CONFIG': { 'collection_name': 'cache',
                      'database_name': 'pyphi',
                      'host': 'localhost',
                      'port': 27017},
  'NUMBER_OF_CORES': -1,
  'PARALLEL_COMPLEX_EVALUATION': False,
  'PARALLEL_CONCEPT_EVALUATION': False,
  'PARALLEL_CUT_EVALUATION': True,
  'PARTITION_TYPE': 'BI',
  'PICK_SMALLEST_PURVIEW': False,
  'PRECISION': 6,
  'PRINT_FRACTIONS': True,
  'PROGRESS_BARS': True,
  'REDIS_CACHE': False,
  'REDIS_CONFIG': {'db': 0, 'host': 'localhost', 'port': 6379, 'test_db': 1},
  'REPR_VERBOSITY': 2,
  'SINGLE_MICRO_NODES_WITH_SELFLOOPS_HAVE_PHI': False,
  'SYSTEM_CUTS': '3.0_STYLE',
  'USE_SMALL_PHI_DIFFERENCE_FOR_CES_DISTANCE': False,
  'VALIDATE_CONDITIONAL_INDEPENDENCE': True,
  'VALIDATE_SUBSYSTEM_STATES': True,
  'WELCOME_OFF': False}
2026-05-16 04:21:41,696 [pyphi.compute.subsystem] INFO MainProcess: Finished calculating big-phi data for Subsystem(n0, n1, n2).
2026-05-16 04:21:41,698 [pyphi.compute.subsystem] INFO MainProcess: Calculating big-phi data for Subsystem(n0, n1, n2)...
2026-05-16 04:21:41,972 [pyphi.conf] INFO Process-61: PyPhi v1.2.0
2026-05-16 04:21:41,972 [pyphi.conf] INFO Process-61: Using default configuration (no configuration file provided)
2026-05-16 04:21:41,973 [pyphi.conf] INFO Process-61: Current PyPhi configuration:
 { 'ASSUME_CUTS_CANNOT_CREATE_NEW_CONCEPTS': False,
  'CACHE_POTENTIAL_PURVIEWS': True,
  'CACHE_REPERTOIRES': True,
  'CACHE_SIAS': False,
  'CACHING_BACKEND': 'fs',
  'CLEAR_SUBSYSTEM_CACHES_AFTER_COMPUTING_SIA': False,
  'CUT_ONE_APPROXIMATION': False,
  'FS_CACHE_DIRECTORY': '__pyphi_cache__',
  'FS_CACHE_VERBOSITY': 0,
  'LOG_FILE': 'pyphi.log',
  'LOG_FILE_LEVEL': 'INFO',
  'LOG_STDOUT_LEVEL': 'WARNING',
  'MAXIMUM_CACHE_MEMORY_PERCENTAGE': 50,
  'MEASURE': 'EMD',
  'MONGODB_CONFIG': { 'collection_name': 'cache',
                      'database_name': 'pyphi',
                      'host': 'localhost',
                      'port': 27017},
  'NUMBER_OF_CORES': -1,
  'PARALLEL_COMPLEX_EVALUATION': False,
  'PARALLEL_CONCEPT_EVALUATION': False,
  'PARALLEL_CUT_EVALUATION': True,
  'PARTITION_TYPE': 'BI',
  'PICK_SMALLEST_PURVIEW': False,
  'PRECISION': 6,
  'PRINT_FRACTIONS': True,
  'PROGRESS_BARS': True,
  'REDIS_CACHE': False,
  'REDIS_CONFIG': {'db': 0, 'host': 'localhost', 'port': 6379, 'test_db': 1},
  'REPR_VERBOSITY': 2,
  'SINGLE_MICRO_NODES_WITH_SELFLOOPS_HAVE_PHI': False,
  'SYSTEM_CUTS': '3.0_STYLE',
  'USE_SMALL_PHI_DIFFERENCE_FOR_CES_DISTANCE': False,
  'VALIDATE_CONDITIONAL_INDEPENDENCE': True,
  'VALIDATE_SUBSYSTEM_STATES': True,
  'WELCOME_OFF': False}
2026-05-16 04:21:48,032 [pyphi.conf] INFO Process-62: PyPhi v1.2.0
2026-05-16 04:21:48,033 [pyphi.conf] INFO Process-62: Using default configuration (no configuration file provided)
2026-05-16 04:21:48,033 [pyphi.conf] INFO Process-62: Current PyPhi configuration:
 { 'ASSUME_CUTS_CANNOT_CREATE_NEW_CONCEPTS': False,
  'CACHE_POTENTIAL_PURVIEWS': True,
  'CACHE_REPERTOIRES': True,
  'CACHE_SIAS': False,
  'CACHING_BACKEND': 'fs',
  'CLEAR_SUBSYSTEM_CACHES_AFTER_COMPUTING_SIA': False,
  'CUT_ONE_APPROXIMATION': False,
  'FS_CACHE_DIRECTORY': '__pyphi_cache__',
  'FS_CACHE_VERBOSITY': 0,
  'LOG_FILE': 'pyphi.log',
  'LOG_FILE_LEVEL': 'INFO',
  'LOG_STDOUT_LEVEL': 'WARNING',
  'MAXIMUM_CACHE_MEMORY_PERCENTAGE': 50,
  'MEASURE': 'EMD',
  'MONGODB_CONFIG': { 'collection_name': 'cache',
                      'database_name': 'pyphi',
                      'host': 'localhost',
                      'port': 27017},
  'NUMBER_OF_CORES': -1,
  'PARALLEL_COMPLEX_EVALUATION': False,
  'PARALLEL_CONCEPT_EVALUATION': False,
  'PARALLEL_CUT_EVALUATION': True,
  'PARTITION_TYPE': 'BI',
  'PICK_SMALLEST_PURVIEW': False,
  'PRECISION': 6,
  'PRINT_FRACTIONS': True,
  'PROGRESS_BARS': True,
  'REDIS_CACHE': False,
  'REDIS_CONFIG': {'db': 0, 'host': 'localhost', 'port': 6379, 'test_db': 1},
  'REPR_VERBOSITY': 2,
  'SINGLE_MICRO_NODES_WITH_SELFLOOPS_HAVE_PHI': False,
  'SYSTEM_CUTS': '3.0_STYLE',
  'USE_SMALL_PHI_DIFFERENCE_FOR_CES_DISTANCE': False,
  'VALIDATE_CONDITIONAL_INDEPENDENCE': True,
  'VALIDATE_SUBSYSTEM_STATES': True,
  'WELCOME_OFF': False}
2026-05-16 04:21:54,016 [pyphi.compute.subsystem] INFO MainProcess: Finished calculating big-phi data for Subsystem(n0, n1, n2).
2026-05-16 04:21:54,018 [pyphi.compute.subsystem] INFO MainProcess: Calculating big-phi data for Subsystem(n0, n1, n2)...
2026-05-16 04:21:54,296 [pyphi.conf] INFO Process-63: PyPhi v1.2.0
2026-05-16 04:21:54,296 [pyphi.conf] INFO Process-63: Using default configuration (no configuration file provided)
2026-05-16 04:21:54,296 [pyphi.conf] INFO Process-63: Current PyPhi configuration:
 { 'ASSUME_CUTS_CANNOT_CREATE_NEW_CONCEPTS': False,
  'CACHE_POTENTIAL_PURVIEWS': True,
  'CACHE_REPERTOIRES': True,
  'CACHE_SIAS': False,
  'CACHING_BACKEND': 'fs',
  'CLEAR_SUBSYSTEM_CACHES_AFTER_COMPUTING_SIA': False,
  'CUT_ONE_APPROXIMATION': False,
  'FS_CACHE_DIRECTORY': '__pyphi_cache__',
  'FS_CACHE_VERBOSITY': 0,
  'LOG_FILE': 'pyphi.log',
  'LOG_FILE_LEVEL': 'INFO',
  'LOG_STDOUT_LEVEL': 'WARNING',
  'MAXIMUM_CACHE_MEMORY_PERCENTAGE': 50,
  'MEASURE': 'EMD',
  'MONGODB_CONFIG': { 'collection_name': 'cache',
                      'database_name': 'pyphi',
                      'host': 'localhost',
                      'port': 27017},
  'NUMBER_OF_CORES': -1,
  'PARALLEL_COMPLEX_EVALUATION': False,
  'PARALLEL_CONCEPT_EVALUATION': False,
  'PARALLEL_CUT_EVALUATION': True,
  'PARTITION_TYPE': 'BI',
  'PICK_SMALLEST_PURVIEW': False,
  'PRECISION': 6,
  'PRINT_FRACTIONS': True,
  'PROGRESS_BARS': True,
  'REDIS_CACHE': False,
  'REDIS_CONFIG': {'db': 0, 'host': 'localhost', 'port': 6379, 'test_db': 1},
  'REPR_VERBOSITY': 2,
  'SINGLE_MICRO_NODES_WITH_SELFLOOPS_HAVE_PHI': False,
  'SYSTEM_CUTS': '3.0_STYLE',
  'USE_SMALL_PHI_DIFFERENCE_FOR_CES_DISTANCE': False,
  'VALIDATE_CONDITIONAL_INDEPENDENCE': True,
  'VALIDATE_SUBSYSTEM_STATES': True,
  'WELCOME_OFF': False}
2026-05-16 04:22:00,052 [pyphi.conf] INFO Process-64: PyPhi v1.2.0
2026-05-16 04:22:00,052 [pyphi.conf] INFO Process-64: Using default configuration (no configuration file provided)
2026-05-16 04:22:00,053 [pyphi.conf] INFO Process-64: Current PyPhi configuration:
 { 'ASSUME_CUTS_CANNOT_CREATE_NEW_CONCEPTS': False,
  'CACHE_POTENTIAL_PURVIEWS': True,
  'CACHE_REPERTOIRES': True,
  'CACHE_SIAS': False,
  'CACHING_BACKEND': 'fs',
  'CLEAR_SUBSYSTEM_CACHES_AFTER_COMPUTING_SIA': False,
  'CUT_ONE_APPROXIMATION': False,
  'FS_CACHE_DIRECTORY': '__pyphi_cache__',
  'FS_CACHE_VERBOSITY': 0,
  'LOG_FILE': 'pyphi.log',
  'LOG_FILE_LEVEL': 'INFO',
  'LOG_STDOUT_LEVEL': 'WARNING',
  'MAXIMUM_CACHE_MEMORY_PERCENTAGE': 50,
  'MEASURE': 'EMD',
  'MONGODB_CONFIG': { 'collection_name': 'cache',
                      'database_name': 'pyphi',
                      'host': 'localhost',
                      'port': 27017},
  'NUMBER_OF_CORES': -1,
  'PARALLEL_COMPLEX_EVALUATION': False,
  'PARALLEL_CONCEPT_EVALUATION': False,
  'PARALLEL_CUT_EVALUATION': True,
  'PARTITION_TYPE': 'BI',
  'PICK_SMALLEST_PURVIEW': False,
  'PRECISION': 6,
  'PRINT_FRACTIONS': True,
  'PROGRESS_BARS': True,
  'REDIS_CACHE': False,
  'REDIS_CONFIG': {'db': 0, 'host': 'localhost', 'port': 6379, 'test_db': 1},
  'REPR_VERBOSITY': 2,
  'SINGLE_MICRO_NODES_WITH_SELFLOOPS_HAVE_PHI': False,
  'SYSTEM_CUTS': '3.0_STYLE',
  'USE_SMALL_PHI_DIFFERENCE_FOR_CES_DISTANCE': False,
  'VALIDATE_CONDITIONAL_INDEPENDENCE': True,
  'VALIDATE_SUBSYSTEM_STATES': True,
  'WELCOME_OFF': False}
2026-05-16 04:22:06,588 [pyphi.compute.subsystem] INFO MainProcess: Finished calculating big-phi data for Subsystem(n0, n1, n2).
2026-05-16 04:22:06,589 [pyphi.compute.subsystem] INFO MainProcess: Calculating big-phi data for Subsystem(n0, n1, n2)...
2026-05-16 04:22:06,862 [pyphi.conf] INFO Process-65: PyPhi v1.2.0
2026-05-16 04:22:06,863 [pyphi.conf] INFO Process-65: Using default configuration (no configuration file provided)
2026-05-16 04:22:06,863 [pyphi.conf] INFO Process-65: Current PyPhi configuration:
 { 'ASSUME_CUTS_CANNOT_CREATE_NEW_CONCEPTS': False,
  'CACHE_POTENTIAL_PURVIEWS': True,
  'CACHE_REPERTOIRES': True,
  'CACHE_SIAS': False,
  'CACHING_BACKEND': 'fs',
  'CLEAR_SUBSYSTEM_CACHES_AFTER_COMPUTING_SIA': False,
  'CUT_ONE_APPROXIMATION': False,
  'FS_CACHE_DIRECTORY': '__pyphi_cache__',
  'FS_CACHE_VERBOSITY': 0,
  'LOG_FILE': 'pyphi.log',
  'LOG_FILE_LEVEL': 'INFO',
  'LOG_STDOUT_LEVEL': 'WARNING',
  'MAXIMUM_CACHE_MEMORY_PERCENTAGE': 50,
  'MEASURE': 'EMD',
  'MONGODB_CONFIG': { 'collection_name': 'cache',
                      'database_name': 'pyphi',
                      'host': 'localhost',
                      'port': 27017},
  'NUMBER_OF_CORES': -1,
  'PARALLEL_COMPLEX_EVALUATION': False,
  'PARALLEL_CONCEPT_EVALUATION': False,
  'PARALLEL_CUT_EVALUATION': True,
  'PARTITION_TYPE': 'BI',
  'PICK_SMALLEST_PURVIEW': False,
  'PRECISION': 6,
  'PRINT_FRACTIONS': True,
  'PROGRESS_BARS': True,
  'REDIS_CACHE': False,
  'REDIS_CONFIG': {'db': 0, 'host': 'localhost', 'port': 6379, 'test_db': 1},
  'REPR_VERBOSITY': 2,
  'SINGLE_MICRO_NODES_WITH_SELFLOOPS_HAVE_PHI': False,
  'SYSTEM_CUTS': '3.0_STYLE',
  'USE_SMALL_PHI_DIFFERENCE_FOR_CES_DISTANCE': False,
  'VALIDATE_CONDITIONAL_INDEPENDENCE': True,
  'VALIDATE_SUBSYSTEM_STATES': True,
  'WELCOME_OFF': False}
2026-05-16 04:22:13,042 [pyphi.conf] INFO Process-66: PyPhi v1.2.0
2026-05-16 04:22:13,043 [pyphi.conf] INFO Process-66: Using default configuration (no configuration file provided)
2026-05-16 04:22:13,043 [pyphi.conf] INFO Process-66: Current PyPhi configuration:
 { 'ASSUME_CUTS_CANNOT_CREATE_NEW_CONCEPTS': False,
  'CACHE_POTENTIAL_PURVIEWS': True,
  'CACHE_REPERTOIRES': True,
  'CACHE_SIAS': False,
  'CACHING_BACKEND': 'fs',
  'CLEAR_SUBSYSTEM_CACHES_AFTER_COMPUTING_SIA': False,
  'CUT_ONE_APPROXIMATION': False,
  'FS_CACHE_DIRECTORY': '__pyphi_cache__',
  'FS_CACHE_VERBOSITY': 0,
  'LOG_FILE': 'pyphi.log',
  'LOG_FILE_LEVEL': 'INFO',
  'LOG_STDOUT_LEVEL': 'WARNING',
  'MAXIMUM_CACHE_MEMORY_PERCENTAGE': 50,
  'MEASURE': 'EMD',
  'MONGODB_CONFIG': { 'collection_name': 'cache',
                      'database_name': 'pyphi',
                      'host': 'localhost',
                      'port': 27017},
  'NUMBER_OF_CORES': -1,
  'PARALLEL_COMPLEX_EVALUATION': False,
  'PARALLEL_CONCEPT_EVALUATION': False,
  'PARALLEL_CUT_EVALUATION': True,
  'PARTITION_TYPE': 'BI',
  'PICK_SMALLEST_PURVIEW': False,
  'PRECISION': 6,
  'PRINT_FRACTIONS': True,
  'PROGRESS_BARS': True,
  'REDIS_CACHE': False,
  'REDIS_CONFIG': {'db': 0, 'host': 'localhost', 'port': 6379, 'test_db': 1},
  'REPR_VERBOSITY': 2,
  'SINGLE_MICRO_NODES_WITH_SELFLOOPS_HAVE_PHI': False,
  'SYSTEM_CUTS': '3.0_STYLE',
  'USE_SMALL_PHI_DIFFERENCE_FOR_CES_DISTANCE': False,
  'VALIDATE_CONDITIONAL_INDEPENDENCE': True,
  'VALIDATE_SUBSYSTEM_STATES': True,
  'WELCOME_OFF': False}
2026-05-16 04:22:19,059 [pyphi.compute.subsystem] INFO MainProcess: Finished calculating big-phi data for Subsystem(n0, n1, n2).
2026-05-16 04:22:19,063 [pyphi.compute.subsystem] INFO MainProcess: Calculating big-phi data for Subsystem(n0, n1, n2)...
2026-05-16 04:22:19,356 [pyphi.conf] INFO Process-67: PyPhi v1.2.0
2026-05-16 04:22:19,356 [pyphi.conf] INFO Process-67: Using default configuration (no configuration file provided)
2026-05-16 04:22:19,356 [pyphi.conf] INFO Process-67: Current PyPhi configuration:
 { 'ASSUME_CUTS_CANNOT_CREATE_NEW_CONCEPTS': False,
  'CACHE_POTENTIAL_PURVIEWS': True,
  'CACHE_REPERTOIRES': True,
  'CACHE_SIAS': False,
  'CACHING_BACKEND': 'fs',
  'CLEAR_SUBSYSTEM_CACHES_AFTER_COMPUTING_SIA': False,
  'CUT_ONE_APPROXIMATION': False,
  'FS_CACHE_DIRECTORY': '__pyphi_cache__',
  'FS_CACHE_VERBOSITY': 0,
  'LOG_FILE': 'pyphi.log',
  'LOG_FILE_LEVEL': 'INFO',
  'LOG_STDOUT_LEVEL': 'WARNING',
  'MAXIMUM_CACHE_MEMORY_PERCENTAGE': 50,
  'MEASURE': 'EMD',
  'MONGODB_CONFIG': { 'collection_name': 'cache',
                      'database_name': 'pyphi',
                      'host': 'localhost',
                      'port': 27017},
  'NUMBER_OF_CORES': -1,
  'PARALLEL_COMPLEX_EVALUATION': False,
  'PARALLEL_CONCEPT_EVALUATION': False,
  'PARALLEL_CUT_EVALUATION': True,
  'PARTITION_TYPE': 'BI',
  'PICK_SMALLEST_PURVIEW': False,
  'PRECISION': 6,
  'PRINT_FRACTIONS': True,
  'PROGRESS_BARS': True,
  'REDIS_CACHE': False,
  'REDIS_CONFIG': {'db': 0, 'host': 'localhost', 'port': 6379, 'test_db': 1},
  'REPR_VERBOSITY': 2,
  'SINGLE_MICRO_NODES_WITH_SELFLOOPS_HAVE_PHI': False,
  'SYSTEM_CUTS': '3.0_STYLE',
  'USE_SMALL_PHI_DIFFERENCE_FOR_CES_DISTANCE': False,
  'VALIDATE_CONDITIONAL_INDEPENDENCE': True,
  'VALIDATE_SUBSYSTEM_STATES': True,
  'WELCOME_OFF': False}
2026-05-16 04:22:25,172 [pyphi.conf] INFO Process-68: PyPhi v1.2.0
2026-05-16 04:22:25,172 [pyphi.conf] INFO Process-68: Using default configuration (no configuration file provided)
2026-05-16 04:22:25,172 [pyphi.conf] INFO Process-68: Current PyPhi configuration:
 { 'ASSUME_CUTS_CANNOT_CREATE_NEW_CONCEPTS': False,
  'CACHE_POTENTIAL_PURVIEWS': True,
  'CACHE_REPERTOIRES': True,
  'CACHE_SIAS': False,
  'CACHING_BACKEND': 'fs',
  'CLEAR_SUBSYSTEM_CACHES_AFTER_COMPUTING_SIA': False,
  'CUT_ONE_APPROXIMATION': False,
  'FS_CACHE_DIRECTORY': '__pyphi_cache__',
  'FS_CACHE_VERBOSITY': 0,
  'LOG_FILE': 'pyphi.log',
  'LOG_FILE_LEVEL': 'INFO',
  'LOG_STDOUT_LEVEL': 'WARNING',
  'MAXIMUM_CACHE_MEMORY_PERCENTAGE': 50,
  'MEASURE': 'EMD',
  'MONGODB_CONFIG': { 'collection_name': 'cache',
                      'database_name': 'pyphi',
                      'host': 'localhost',
                      'port': 27017},
  'NUMBER_OF_CORES': -1,
  'PARALLEL_COMPLEX_EVALUATION': False,
  'PARALLEL_CONCEPT_EVALUATION': False,
  'PARALLEL_CUT_EVALUATION': True,
  'PARTITION_TYPE': 'BI',
  'PICK_SMALLEST_PURVIEW': False,
  'PRECISION': 6,
  'PRINT_FRACTIONS': True,
  'PROGRESS_BARS': True,
  'REDIS_CACHE': False,
  'REDIS_CONFIG': {'db': 0, 'host': 'localhost', 'port': 6379, 'test_db': 1},
  'REPR_VERBOSITY': 2,
  'SINGLE_MICRO_NODES_WITH_SELFLOOPS_HAVE_PHI': False,
  'SYSTEM_CUTS': '3.0_STYLE',
  'USE_SMALL_PHI_DIFFERENCE_FOR_CES_DISTANCE': False,
  'VALIDATE_CONDITIONAL_INDEPENDENCE': True,
  'VALIDATE_SUBSYSTEM_STATES': True,
  'WELCOME_OFF': False}
2026-05-16 04:22:31,076 [pyphi.compute.subsystem] INFO MainProcess: Finished calculating big-phi data for Subsystem(n0, n1, n2).
2026-05-16 04:22:31,078 [pyphi.compute.subsystem] INFO MainProcess: Calculating big-phi data for Subsystem(n0, n1, n2)...
2026-05-16 04:22:31,360 [pyphi.conf] INFO Process-69: PyPhi v1.2.0
2026-05-16 04:22:31,360 [pyphi.conf] INFO Process-69: Using default configuration (no configuration file provided)
2026-05-16 04:22:31,360 [pyphi.conf] INFO Process-69: Current PyPhi configuration:
 { 'ASSUME_CUTS_CANNOT_CREATE_NEW_CONCEPTS': False,
  'CACHE_POTENTIAL_PURVIEWS': True,
  'CACHE_REPERTOIRES': True,
  'CACHE_SIAS': False,
  'CACHING_BACKEND': 'fs',
  'CLEAR_SUBSYSTEM_CACHES_AFTER_COMPUTING_SIA': False,
  'CUT_ONE_APPROXIMATION': False,
  'FS_CACHE_DIRECTORY': '__pyphi_cache__',
  'FS_CACHE_VERBOSITY': 0,
  'LOG_FILE': 'pyphi.log',
  'LOG_FILE_LEVEL': 'INFO',
  'LOG_STDOUT_LEVEL': 'WARNING',
  'MAXIMUM_CACHE_MEMORY_PERCENTAGE': 50,
  'MEASURE': 'EMD',
  'MONGODB_CONFIG': { 'collection_name': 'cache',
                      'database_name': 'pyphi',
                      'host': 'localhost',
                      'port': 27017},
  'NUMBER_OF_CORES': -1,
  'PARALLEL_COMPLEX_EVALUATION': False,
  'PARALLEL_CONCEPT_EVALUATION': False,
  'PARALLEL_CUT_EVALUATION': True,
  'PARTITION_TYPE': 'BI',
  'PICK_SMALLEST_PURVIEW': False,
  'PRECISION': 6,
  'PRINT_FRACTIONS': True,
  'PROGRESS_BARS': True,
  'REDIS_CACHE': False,
  'REDIS_CONFIG': {'db': 0, 'host': 'localhost', 'port': 6379, 'test_db': 1},
  'REPR_VERBOSITY': 2,
  'SINGLE_MICRO_NODES_WITH_SELFLOOPS_HAVE_PHI': False,
  'SYSTEM_CUTS': '3.0_STYLE',
  'USE_SMALL_PHI_DIFFERENCE_FOR_CES_DISTANCE': False,
  'VALIDATE_CONDITIONAL_INDEPENDENCE': True,
  'VALIDATE_SUBSYSTEM_STATES': True,
  'WELCOME_OFF': False}
2026-05-16 04:22:36,856 [pyphi.conf] INFO Process-70: PyPhi v1.2.0
2026-05-16 04:22:36,856 [pyphi.conf] INFO Process-70: Using default configuration (no configuration file provided)
2026-05-16 04:22:36,856 [pyphi.conf] INFO Process-70: Current PyPhi configuration:
 { 'ASSUME_CUTS_CANNOT_CREATE_NEW_CONCEPTS': False,
  'CACHE_POTENTIAL_PURVIEWS': True,
  'CACHE_REPERTOIRES': True,
  'CACHE_SIAS': False,
  'CACHING_BACKEND': 'fs',
  'CLEAR_SUBSYSTEM_CACHES_AFTER_COMPUTING_SIA': False,
  'CUT_ONE_APPROXIMATION': False,
  'FS_CACHE_DIRECTORY': '__pyphi_cache__',
  'FS_CACHE_VERBOSITY': 0,
  'LOG_FILE': 'pyphi.log',
  'LOG_FILE_LEVEL': 'INFO',
  'LOG_STDOUT_LEVEL': 'WARNING',
  'MAXIMUM_CACHE_MEMORY_PERCENTAGE': 50,
  'MEASURE': 'EMD',
  'MONGODB_CONFIG': { 'collection_name': 'cache',
                      'database_name': 'pyphi',
                      'host': 'localhost',
                      'port': 27017},
  'NUMBER_OF_CORES': -1,
  'PARALLEL_COMPLEX_EVALUATION': False,
  'PARALLEL_CONCEPT_EVALUATION': False,
  'PARALLEL_CUT_EVALUATION': True,
  'PARTITION_TYPE': 'BI',
  'PICK_SMALLEST_PURVIEW': False,
  'PRECISION': 6,
  'PRINT_FRACTIONS': True,
  'PROGRESS_BARS': True,
  'REDIS_CACHE': False,
  'REDIS_CONFIG': {'db': 0, 'host': 'localhost', 'port': 6379, 'test_db': 1},
  'REPR_VERBOSITY': 2,
  'SINGLE_MICRO_NODES_WITH_SELFLOOPS_HAVE_PHI': False,
  'SYSTEM_CUTS': '3.0_STYLE',
  'USE_SMALL_PHI_DIFFERENCE_FOR_CES_DISTANCE': False,
  'VALIDATE_CONDITIONAL_INDEPENDENCE': True,
  'VALIDATE_SUBSYSTEM_STATES': True,
  'WELCOME_OFF': False}
2026-05-16 04:22:42,100 [pyphi.compute.subsystem] INFO MainProcess: Finished calculating big-phi data for Subsystem(n0, n1, n2).
2026-05-16 04:22:42,101 [pyphi.compute.subsystem] INFO MainProcess: Calculating big-phi data for Subsystem(n0, n1, n2)...
2026-05-16 04:22:42,378 [pyphi.conf] INFO Process-71: PyPhi v1.2.0
2026-05-16 04:22:42,379 [pyphi.conf] INFO Process-71: Using default configuration (no configuration file provided)
2026-05-16 04:22:42,379 [pyphi.conf] INFO Process-71: Current PyPhi configuration:
 { 'ASSUME_CUTS_CANNOT_CREATE_NEW_CONCEPTS': False,
  'CACHE_POTENTIAL_PURVIEWS': True,
  'CACHE_REPERTOIRES': True,
  'CACHE_SIAS': False,
  'CACHING_BACKEND': 'fs',
  'CLEAR_SUBSYSTEM_CACHES_AFTER_COMPUTING_SIA': False,
  'CUT_ONE_APPROXIMATION': False,
  'FS_CACHE_DIRECTORY': '__pyphi_cache__',
  'FS_CACHE_VERBOSITY': 0,
  'LOG_FILE': 'pyphi.log',
  'LOG_FILE_LEVEL': 'INFO',
  'LOG_STDOUT_LEVEL': 'WARNING',
  'MAXIMUM_CACHE_MEMORY_PERCENTAGE': 50,
  'MEASURE': 'EMD',
  'MONGODB_CONFIG': { 'collection_name': 'cache',
                      'database_name': 'pyphi',
                      'host': 'localhost',
                      'port': 27017},
  'NUMBER_OF_CORES': -1,
  'PARALLEL_COMPLEX_EVALUATION': False,
  'PARALLEL_CONCEPT_EVALUATION': False,
  'PARALLEL_CUT_EVALUATION': True,
  'PARTITION_TYPE': 'BI',
  'PICK_SMALLEST_PURVIEW': False,
  'PRECISION': 6,
  'PRINT_FRACTIONS': True,
  'PROGRESS_BARS': True,
  'REDIS_CACHE': False,
  'REDIS_CONFIG': {'db': 0, 'host': 'localhost', 'port': 6379, 'test_db': 1},
  'REPR_VERBOSITY': 2,
  'SINGLE_MICRO_NODES_WITH_SELFLOOPS_HAVE_PHI': False,
  'SYSTEM_CUTS': '3.0_STYLE',
  'USE_SMALL_PHI_DIFFERENCE_FOR_CES_DISTANCE': False,
  'VALIDATE_CONDITIONAL_INDEPENDENCE': True,
  'VALIDATE_SUBSYSTEM_STATES': True,
  'WELCOME_OFF': False}
2026-05-16 04:22:47,635 [pyphi.conf] INFO Process-72: PyPhi v1.2.0
2026-05-16 04:22:47,635 [pyphi.conf] INFO Process-72: Using default configuration (no configuration file provided)
2026-05-16 04:22:47,636 [pyphi.conf] INFO Process-72: Current PyPhi configuration:
 { 'ASSUME_CUTS_CANNOT_CREATE_NEW_CONCEPTS': False,
  'CACHE_POTENTIAL_PURVIEWS': True,
  'CACHE_REPERTOIRES': True,
  'CACHE_SIAS': False,
  'CACHING_BACKEND': 'fs',
  'CLEAR_SUBSYSTEM_CACHES_AFTER_COMPUTING_SIA': False,
  'CUT_ONE_APPROXIMATION': False,
  'FS_CACHE_DIRECTORY': '__pyphi_cache__',
  'FS_CACHE_VERBOSITY': 0,
  'LOG_FILE': 'pyphi.log',
  'LOG_FILE_LEVEL': 'INFO',
  'LOG_STDOUT_LEVEL': 'WARNING',
  'MAXIMUM_CACHE_MEMORY_PERCENTAGE': 50,
  'MEASURE': 'EMD',
  'MONGODB_CONFIG': { 'collection_name': 'cache',
                      'database_name': 'pyphi',
                      'host': 'localhost',
                      'port': 27017},
  'NUMBER_OF_CORES': -1,
  'PARALLEL_COMPLEX_EVALUATION': False,
  'PARALLEL_CONCEPT_EVALUATION': False,
  'PARALLEL_CUT_EVALUATION': True,
  'PARTITION_TYPE': 'BI',
  'PICK_SMALLEST_PURVIEW': False,
  'PRECISION': 6,
  'PRINT_FRACTIONS': True,
  'PROGRESS_BARS': True,
  'REDIS_CACHE': False,
  'REDIS_CONFIG': {'db': 0, 'host': 'localhost', 'port': 6379, 'test_db': 1},
  'REPR_VERBOSITY': 2,
  'SINGLE_MICRO_NODES_WITH_SELFLOOPS_HAVE_PHI': False,
  'SYSTEM_CUTS': '3.0_STYLE',
  'USE_SMALL_PHI_DIFFERENCE_FOR_CES_DISTANCE': False,
  'VALIDATE_CONDITIONAL_INDEPENDENCE': True,
  'VALIDATE_SUBSYSTEM_STATES': True,
  'WELCOME_OFF': False}
2026-05-16 04:22:53,354 [pyphi.compute.subsystem] INFO MainProcess: Finished calculating big-phi data for Subsystem(n0, n1, n2).
2026-05-16 04:22:53,356 [pyphi.compute.subsystem] INFO MainProcess: Calculating big-phi data for Subsystem(n0, n1, n2)...
2026-05-16 04:22:53,617 [pyphi.conf] INFO Process-73: PyPhi v1.2.0
2026-05-16 04:22:53,618 [pyphi.conf] INFO Process-73: Using default configuration (no configuration file provided)
2026-05-16 04:22:53,618 [pyphi.conf] INFO Process-73: Current PyPhi configuration:
 { 'ASSUME_CUTS_CANNOT_CREATE_NEW_CONCEPTS': False,
  'CACHE_POTENTIAL_PURVIEWS': True,
  'CACHE_REPERTOIRES': True,
  'CACHE_SIAS': False,
  'CACHING_BACKEND': 'fs',
  'CLEAR_SUBSYSTEM_CACHES_AFTER_COMPUTING_SIA': False,
  'CUT_ONE_APPROXIMATION': False,
  'FS_CACHE_DIRECTORY': '__pyphi_cache__',
  'FS_CACHE_VERBOSITY': 0,
  'LOG_FILE': 'pyphi.log',
  'LOG_FILE_LEVEL': 'INFO',
  'LOG_STDOUT_LEVEL': 'WARNING',
  'MAXIMUM_CACHE_MEMORY_PERCENTAGE': 50,
  'MEASURE': 'EMD',
  'MONGODB_CONFIG': { 'collection_name': 'cache',
                      'database_name': 'pyphi',
                      'host': 'localhost',
                      'port': 27017},
  'NUMBER_OF_CORES': -1,
  'PARALLEL_COMPLEX_EVALUATION': False,
  'PARALLEL_CONCEPT_EVALUATION': False,
  'PARALLEL_CUT_EVALUATION': True,
  'PARTITION_TYPE': 'BI',
  'PICK_SMALLEST_PURVIEW': False,
  'PRECISION': 6,
  'PRINT_FRACTIONS': True,
  'PROGRESS_BARS': True,
  'REDIS_CACHE': False,
  'REDIS_CONFIG': {'db': 0, 'host': 'localhost', 'port': 6379, 'test_db': 1},
  'REPR_VERBOSITY': 2,
  'SINGLE_MICRO_NODES_WITH_SELFLOOPS_HAVE_PHI': False,
  'SYSTEM_CUTS': '3.0_STYLE',
  'USE_SMALL_PHI_DIFFERENCE_FOR_CES_DISTANCE': False,
  'VALIDATE_CONDITIONAL_INDEPENDENCE': True,
  'VALIDATE_SUBSYSTEM_STATES': True,
  'WELCOME_OFF': False}
2026-05-16 04:22:59,165 [pyphi.conf] INFO Process-74: PyPhi v1.2.0
2026-05-16 04:22:59,165 [pyphi.conf] INFO Process-74: Using default configuration (no configuration file provided)
2026-05-16 04:22:59,166 [pyphi.conf] INFO Process-74: Current PyPhi configuration:
 { 'ASSUME_CUTS_CANNOT_CREATE_NEW_CONCEPTS': False,
  'CACHE_POTENTIAL_PURVIEWS': True,
  'CACHE_REPERTOIRES': True,
  'CACHE_SIAS': False,
  'CACHING_BACKEND': 'fs',
  'CLEAR_SUBSYSTEM_CACHES_AFTER_COMPUTING_SIA': False,
  'CUT_ONE_APPROXIMATION': False,
  'FS_CACHE_DIRECTORY': '__pyphi_cache__',
  'FS_CACHE_VERBOSITY': 0,
  'LOG_FILE': 'pyphi.log',
  'LOG_FILE_LEVEL': 'INFO',
  'LOG_STDOUT_LEVEL': 'WARNING',
  'MAXIMUM_CACHE_MEMORY_PERCENTAGE': 50,
  'MEASURE': 'EMD',
  'MONGODB_CONFIG': { 'collection_name': 'cache',
                      'database_name': 'pyphi',
                      'host': 'localhost',
                      'port': 27017},
  'NUMBER_OF_CORES': -1,
  'PARALLEL_COMPLEX_EVALUATION': False,
  'PARALLEL_CONCEPT_EVALUATION': False,
  'PARALLEL_CUT_EVALUATION': True,
  'PARTITION_TYPE': 'BI',
  'PICK_SMALLEST_PURVIEW': False,
  'PRECISION': 6,
  'PRINT_FRACTIONS': True,
  'PROGRESS_BARS': True,
  'REDIS_CACHE': False,
  'REDIS_CONFIG': {'db': 0, 'host': 'localhost', 'port': 6379, 'test_db': 1},
  'REPR_VERBOSITY': 2,
  'SINGLE_MICRO_NODES_WITH_SELFLOOPS_HAVE_PHI': False,
  'SYSTEM_CUTS': '3.0_STYLE',
  'USE_SMALL_PHI_DIFFERENCE_FOR_CES_DISTANCE': False,
  'VALIDATE_CONDITIONAL_INDEPENDENCE': True,
  'VALIDATE_SUBSYSTEM_STATES': True,
  'WELCOME_OFF': False}
2026-05-16 04:23:04,280 [pyphi.compute.subsystem] INFO MainProcess: Finished calculating big-phi data for Subsystem(n0, n1, n2).
2026-05-16 04:23:04,282 [pyphi.compute.subsystem] INFO MainProcess: Calculating big-phi data for Subsystem(n0, n1, n2)...
2026-05-16 04:23:04,502 [pyphi.conf] INFO Process-75: PyPhi v1.2.0
2026-05-16 04:23:04,502 [pyphi.conf] INFO Process-75: Using default configuration (no configuration file provided)
2026-05-16 04:23:04,503 [pyphi.conf] INFO Process-75: Current PyPhi configuration:
 { 'ASSUME_CUTS_CANNOT_CREATE_NEW_CONCEPTS': False,
  'CACHE_POTENTIAL_PURVIEWS': True,
  'CACHE_REPERTOIRES': True,
  'CACHE_SIAS': False,
  'CACHING_BACKEND': 'fs',
  'CLEAR_SUBSYSTEM_CACHES_AFTER_COMPUTING_SIA': False,
  'CUT_ONE_APPROXIMATION': False,
  'FS_CACHE_DIRECTORY': '__pyphi_cache__',
  'FS_CACHE_VERBOSITY': 0,
  'LOG_FILE': 'pyphi.log',
  'LOG_FILE_LEVEL': 'INFO',
  'LOG_STDOUT_LEVEL': 'WARNING',
  'MAXIMUM_CACHE_MEMORY_PERCENTAGE': 50,
  'MEASURE': 'EMD',
  'MONGODB_CONFIG': { 'collection_name': 'cache',
                      'database_name': 'pyphi',
                      'host': 'localhost',
                      'port': 27017},
  'NUMBER_OF_CORES': -1,
  'PARALLEL_COMPLEX_EVALUATION': False,
  'PARALLEL_CONCEPT_EVALUATION': False,
  'PARALLEL_CUT_EVALUATION': True,
  'PARTITION_TYPE': 'BI',
  'PICK_SMALLEST_PURVIEW': False,
  'PRECISION': 6,
  'PRINT_FRACTIONS': True,
  'PROGRESS_BARS': True,
  'REDIS_CACHE': False,
  'REDIS_CONFIG': {'db': 0, 'host': 'localhost', 'port': 6379, 'test_db': 1},
  'REPR_VERBOSITY': 2,
  'SINGLE_MICRO_NODES_WITH_SELFLOOPS_HAVE_PHI': False,
  'SYSTEM_CUTS': '3.0_STYLE',
  'USE_SMALL_PHI_DIFFERENCE_FOR_CES_DISTANCE': False,
  'VALIDATE_CONDITIONAL_INDEPENDENCE': True,
  'VALIDATE_SUBSYSTEM_STATES': True,
  'WELCOME_OFF': False}
2026-05-16 04:23:29,717 [pyphi.conf] INFO MainProcess: PyPhi v1.2.0
2026-05-16 04:23:29,718 [pyphi.conf] INFO MainProcess: Using default configuration (no configuration file provided)
2026-05-16 04:23:29,718 [pyphi.conf] INFO MainProcess: Current PyPhi configuration:
 { 'ASSUME_CUTS_CANNOT_CREATE_NEW_CONCEPTS': False,
  'CACHE_POTENTIAL_PURVIEWS': True,
  'CACHE_REPERTOIRES': True,
  'CACHE_SIAS': False,
  'CACHING_BACKEND': 'fs',
  'CLEAR_SUBSYSTEM_CACHES_AFTER_COMPUTING_SIA': False,
  'CUT_ONE_APPROXIMATION': False,
  'FS_CACHE_DIRECTORY': '__pyphi_cache__',
  'FS_CACHE_VERBOSITY': 0,
  'LOG_FILE': 'pyphi.log',
  'LOG_FILE_LEVEL': 'INFO',
  'LOG_STDOUT_LEVEL': 'WARNING',
  'MAXIMUM_CACHE_MEMORY_PERCENTAGE': 50,
  'MEASURE': 'EMD',
  'MONGODB_CONFIG': { 'collection_name': 'cache',
                      'database_name': 'pyphi',
                      'host': 'localhost',
                      'port': 27017},
  'NUMBER_OF_CORES': -1,
  'PARALLEL_COMPLEX_EVALUATION': False,
  'PARALLEL_CONCEPT_EVALUATION': False,
  'PARALLEL_CUT_EVALUATION': True,
  'PARTITION_TYPE': 'BI',
  'PICK_SMALLEST_PURVIEW': False,
  'PRECISION': 6,
  'PRINT_FRACTIONS': True,
  'PROGRESS_BARS': True,
  'REDIS_CACHE': False,
  'REDIS_CONFIG': {'db': 0, 'host': 'localhost', 'port': 6379, 'test_db': 1},
  'REPR_VERBOSITY': 2,
  'SINGLE_MICRO_NODES_WITH_SELFLOOPS_HAVE_PHI': False,
  'SYSTEM_CUTS': '3.0_STYLE',
  'USE_SMALL_PHI_DIFFERENCE_FOR_CES_DISTANCE': False,
  'VALIDATE_CONDITIONAL_INDEPENDENCE': True,
  'VALIDATE_SUBSYSTEM_STATES': True,
  'WELCOME_OFF': False}
2026-05-16 04:23:34,662 [pyphi.compute.subsystem] INFO MainProcess: Calculating big-phi data for Subsystem(n0, n1, n2)...
2026-05-16 04:23:34,964 [pyphi.conf] INFO Process-1: PyPhi v1.2.0
2026-05-16 04:23:34,964 [pyphi.conf] INFO Process-1: Using default configuration (no configuration file provided)
2026-05-16 04:23:34,965 [pyphi.conf] INFO Process-1: Current PyPhi configuration:
 { 'ASSUME_CUTS_CANNOT_CREATE_NEW_CONCEPTS': False,
  'CACHE_POTENTIAL_PURVIEWS': True,
  'CACHE_REPERTOIRES': True,
  'CACHE_SIAS': False,
  'CACHING_BACKEND': 'fs',
  'CLEAR_SUBSYSTEM_CACHES_AFTER_COMPUTING_SIA': False,
  'CUT_ONE_APPROXIMATION': False,
  'FS_CACHE_DIRECTORY': '__pyphi_cache__',
  'FS_CACHE_VERBOSITY': 0,
  'LOG_FILE': 'pyphi.log',
  'LOG_FILE_LEVEL': 'INFO',
  'LOG_STDOUT_LEVEL': 'WARNING',
  'MAXIMUM_CACHE_MEMORY_PERCENTAGE': 50,
  'MEASURE': 'EMD',
  'MONGODB_CONFIG': { 'collection_name': 'cache',
                      'database_name': 'pyphi',
                      'host': 'localhost',
                      'port': 27017},
  'NUMBER_OF_CORES': -1,
  'PARALLEL_COMPLEX_EVALUATION': False,
  'PARALLEL_CONCEPT_EVALUATION': False,
  'PARALLEL_CUT_EVALUATION': True,
  'PARTITION_TYPE': 'BI',
  'PICK_SMALLEST_PURVIEW': False,
  'PRECISION': 6,
  'PRINT_FRACTIONS': True,
  'PROGRESS_BARS': True,
  'REDIS_CACHE': False,
  'REDIS_CONFIG': {'db': 0, 'host': 'localhost', 'port': 6379, 'test_db': 1},
  'REPR_VERBOSITY': 2,
  'SINGLE_MICRO_NODES_WITH_SELFLOOPS_HAVE_PHI': False,
  'SYSTEM_CUTS': '3.0_STYLE',
  'USE_SMALL_PHI_DIFFERENCE_FOR_CES_DISTANCE': False,
  'VALIDATE_CONDITIONAL_INDEPENDENCE': True,
  'VALIDATE_SUBSYSTEM_STATES': True,
  'WELCOME_OFF': False}
2026-05-16 04:23:39,836 [pyphi.compute.subsystem] INFO MainProcess: Empty unpartitioned CauseEffectStructure; returning null SIA immediately.
2026-05-16 04:23:39,837 [pyphi.compute.subsystem] INFO MainProcess: Calculating big-phi data for Subsystem(n0, n1, n2)...
2026-05-16 04:23:40,104 [pyphi.conf] INFO Process-2: PyPhi v1.2.0
2026-05-16 04:23:40,105 [pyphi.conf] INFO Process-2: Using default configuration (no configuration file provided)
2026-05-16 04:23:40,105 [pyphi.conf] INFO Process-2: Current PyPhi configuration:
 { 'ASSUME_CUTS_CANNOT_CREATE_NEW_CONCEPTS': False,
  'CACHE_POTENTIAL_PURVIEWS': True,
  'CACHE_REPERTOIRES': True,
  'CACHE_SIAS': False,
  'CACHING_BACKEND': 'fs',
  'CLEAR_SUBSYSTEM_CACHES_AFTER_COMPUTING_SIA': False,
  'CUT_ONE_APPROXIMATION': False,
  'FS_CACHE_DIRECTORY': '__pyphi_cache__',
  'FS_CACHE_VERBOSITY': 0,
  'LOG_FILE': 'pyphi.log',
  'LOG_FILE_LEVEL': 'INFO',
  'LOG_STDOUT_LEVEL': 'WARNING',
  'MAXIMUM_CACHE_MEMORY_PERCENTAGE': 50,
  'MEASURE': 'EMD',
  'MONGODB_CONFIG': { 'collection_name': 'cache',
                      'database_name': 'pyphi',
                      'host': 'localhost',
                      'port': 27017},
  'NUMBER_OF_CORES': -1,
  'PARALLEL_COMPLEX_EVALUATION': False,
  'PARALLEL_CONCEPT_EVALUATION': False,
  'PARALLEL_CUT_EVALUATION': True,
  'PARTITION_TYPE': 'BI',
  'PICK_SMALLEST_PURVIEW': False,
  'PRECISION': 6,
  'PRINT_FRACTIONS': True,
  'PROGRESS_BARS': True,
  'REDIS_CACHE': False,
  'REDIS_CONFIG': {'db': 0, 'host': 'localhost', 'port': 6379, 'test_db': 1},
  'REPR_VERBOSITY': 2,
  'SINGLE_MICRO_NODES_WITH_SELFLOOPS_HAVE_PHI': False,
  'SYSTEM_CUTS': '3.0_STYLE',
  'USE_SMALL_PHI_DIFFERENCE_FOR_CES_DISTANCE': False,
  'VALIDATE_CONDITIONAL_INDEPENDENCE': True,
  'VALIDATE_SUBSYSTEM_STATES': True,
  'WELCOME_OFF': False}
2026-05-16 04:23:44,654 [pyphi.compute.subsystem] INFO MainProcess: Empty unpartitioned CauseEffectStructure; returning null SIA immediately.
2026-05-16 04:23:44,655 [pyphi.compute.subsystem] INFO MainProcess: Calculating big-phi data for Subsystem(n0, n1, n2)...
2026-05-16 04:23:44,882 [pyphi.conf] INFO Process-3: PyPhi v1.2.0
2026-05-16 04:23:44,882 [pyphi.conf] INFO Process-3: Using default configuration (no configuration file provided)
2026-05-16 04:23:44,882 [pyphi.conf] INFO Process-3: Current PyPhi configuration:
 { 'ASSUME_CUTS_CANNOT_CREATE_NEW_CONCEPTS': False,
  'CACHE_POTENTIAL_PURVIEWS': True,
  'CACHE_REPERTOIRES': True,
  'CACHE_SIAS': False,
  'CACHING_BACKEND': 'fs',
  'CLEAR_SUBSYSTEM_CACHES_AFTER_COMPUTING_SIA': False,
  'CUT_ONE_APPROXIMATION': False,
  'FS_CACHE_DIRECTORY': '__pyphi_cache__',
  'FS_CACHE_VERBOSITY': 0,
  'LOG_FILE': 'pyphi.log',
  'LOG_FILE_LEVEL': 'INFO',
  'LOG_STDOUT_LEVEL': 'WARNING',
  'MAXIMUM_CACHE_MEMORY_PERCENTAGE': 50,
  'MEASURE': 'EMD',
  'MONGODB_CONFIG': { 'collection_name': 'cache',
                      'database_name': 'pyphi',
                      'host': 'localhost',
                      'port': 27017},
  'NUMBER_OF_CORES': -1,
  'PARALLEL_COMPLEX_EVALUATION': False,
  'PARALLEL_CONCEPT_EVALUATION': False,
  'PARALLEL_CUT_EVALUATION': True,
  'PARTITION_TYPE': 'BI',
  'PICK_SMALLEST_PURVIEW': False,
  'PRECISION': 6,
  'PRINT_FRACTIONS': True,
  'PROGRESS_BARS': True,
  'REDIS_CACHE': False,
  'REDIS_CONFIG': {'db': 0, 'host': 'localhost', 'port': 6379, 'test_db': 1},
  'REPR_VERBOSITY': 2,
  'SINGLE_MICRO_NODES_WITH_SELFLOOPS_HAVE_PHI': False,
  'SYSTEM_CUTS': '3.0_STYLE',
  'USE_SMALL_PHI_DIFFERENCE_FOR_CES_DISTANCE': False,
  'VALIDATE_CONDITIONAL_INDEPENDENCE': True,
  'VALIDATE_SUBSYSTEM_STATES': True,
  'WELCOME_OFF': False}
2026-05-16 04:23:49,614 [pyphi.compute.subsystem] INFO MainProcess: Empty unpartitioned CauseEffectStructure; returning null SIA immediately.
2026-05-16 04:23:49,615 [pyphi.compute.subsystem] INFO MainProcess: Calculating big-phi data for Subsystem(n0, n1, n2)...
2026-05-16 04:23:49,873 [pyphi.conf] INFO Process-4: PyPhi v1.2.0
2026-05-16 04:23:49,873 [pyphi.conf] INFO Process-4: Using default configuration (no configuration file provided)
2026-05-16 04:23:49,874 [pyphi.conf] INFO Process-4: Current PyPhi configuration:
 { 'ASSUME_CUTS_CANNOT_CREATE_NEW_CONCEPTS': False,
  'CACHE_POTENTIAL_PURVIEWS': True,
  'CACHE_REPERTOIRES': True,
  'CACHE_SIAS': False,
  'CACHING_BACKEND': 'fs',
  'CLEAR_SUBSYSTEM_CACHES_AFTER_COMPUTING_SIA': False,
  'CUT_ONE_APPROXIMATION': False,
  'FS_CACHE_DIRECTORY': '__pyphi_cache__',
  'FS_CACHE_VERBOSITY': 0,
  'LOG_FILE': 'pyphi.log',
  'LOG_FILE_LEVEL': 'INFO',
  'LOG_STDOUT_LEVEL': 'WARNING',
  'MAXIMUM_CACHE_MEMORY_PERCENTAGE': 50,
  'MEASURE': 'EMD',
  'MONGODB_CONFIG': { 'collection_name': 'cache',
                      'database_name': 'pyphi',
                      'host': 'localhost',
                      'port': 27017},
  'NUMBER_OF_CORES': -1,
  'PARALLEL_COMPLEX_EVALUATION': False,
  'PARALLEL_CONCEPT_EVALUATION': False,
  'PARALLEL_CUT_EVALUATION': True,
  'PARTITION_TYPE': 'BI',
  'PICK_SMALLEST_PURVIEW': False,
  'PRECISION': 6,
  'PRINT_FRACTIONS': True,
  'PROGRESS_BARS': True,
  'REDIS_CACHE': False,
  'REDIS_CONFIG': {'db': 0, 'host': 'localhost', 'port': 6379, 'test_db': 1},
  'REPR_VERBOSITY': 2,
  'SINGLE_MICRO_NODES_WITH_SELFLOOPS_HAVE_PHI': False,
  'SYSTEM_CUTS': '3.0_STYLE',
  'USE_SMALL_PHI_DIFFERENCE_FOR_CES_DISTANCE': False,
  'VALIDATE_CONDITIONAL_INDEPENDENCE': True,
  'VALIDATE_SUBSYSTEM_STATES': True,
  'WELCOME_OFF': False}
2026-05-16 04:23:54,686 [pyphi.compute.subsystem] INFO MainProcess: Empty unpartitioned CauseEffectStructure; returning null SIA immediately.
2026-05-16 04:23:54,687 [pyphi.compute.subsystem] INFO MainProcess: Calculating big-phi data for Subsystem(n0, n1, n2)...
2026-05-16 04:23:54,923 [pyphi.conf] INFO Process-5: PyPhi v1.2.0
2026-05-16 04:23:54,923 [pyphi.conf] INFO Process-5: Using default configuration (no configuration file provided)
2026-05-16 04:23:54,924 [pyphi.conf] INFO Process-5: Current PyPhi configuration:
 { 'ASSUME_CUTS_CANNOT_CREATE_NEW_CONCEPTS': False,
  'CACHE_POTENTIAL_PURVIEWS': True,
  'CACHE_REPERTOIRES': True,
  'CACHE_SIAS': False,
  'CACHING_BACKEND': 'fs',
  'CLEAR_SUBSYSTEM_CACHES_AFTER_COMPUTING_SIA': False,
  'CUT_ONE_APPROXIMATION': False,
  'FS_CACHE_DIRECTORY': '__pyphi_cache__',
  'FS_CACHE_VERBOSITY': 0,
  'LOG_FILE': 'pyphi.log',
  'LOG_FILE_LEVEL': 'INFO',
  'LOG_STDOUT_LEVEL': 'WARNING',
  'MAXIMUM_CACHE_MEMORY_PERCENTAGE': 50,
  'MEASURE': 'EMD',
  'MONGODB_CONFIG': { 'collection_name': 'cache',
                      'database_name': 'pyphi',
                      'host': 'localhost',
                      'port': 27017},
  'NUMBER_OF_CORES': -1,
  'PARALLEL_COMPLEX_EVALUATION': False,
  'PARALLEL_CONCEPT_EVALUATION': False,
  'PARALLEL_CUT_EVALUATION': True,
  'PARTITION_TYPE': 'BI',
  'PICK_SMALLEST_PURVIEW': False,
  'PRECISION': 6,
  'PRINT_FRACTIONS': True,
  'PROGRESS_BARS': True,
  'REDIS_CACHE': False,
  'REDIS_CONFIG': {'db': 0, 'host': 'localhost', 'port': 6379, 'test_db': 1},
  'REPR_VERBOSITY': 2,
  'SINGLE_MICRO_NODES_WITH_SELFLOOPS_HAVE_PHI': False,
  'SYSTEM_CUTS': '3.0_STYLE',
  'USE_SMALL_PHI_DIFFERENCE_FOR_CES_DISTANCE': False,
  'VALIDATE_CONDITIONAL_INDEPENDENCE': True,
  'VALIDATE_SUBSYSTEM_STATES': True,
  'WELCOME_OFF': False}
2026-05-16 04:23:59,753 [pyphi.compute.subsystem] INFO MainProcess: Empty unpartitioned CauseEffectStructure; returning null SIA immediately.
2026-05-16 04:23:59,754 [pyphi.compute.subsystem] INFO MainProcess: Calculating big-phi data for Subsystem(n0, n1, n2)...
2026-05-16 04:23:59,984 [pyphi.conf] INFO Process-6: PyPhi v1.2.0
2026-05-16 04:23:59,984 [pyphi.conf] INFO Process-6: Using default configuration (no configuration file provided)
2026-05-16 04:23:59,985 [pyphi.conf] INFO Process-6: Current PyPhi configuration:
 { 'ASSUME_CUTS_CANNOT_CREATE_NEW_CONCEPTS': False,
  'CACHE_POTENTIAL_PURVIEWS': True,
  'CACHE_REPERTOIRES': True,
  'CACHE_SIAS': False,
  'CACHING_BACKEND': 'fs',
  'CLEAR_SUBSYSTEM_CACHES_AFTER_COMPUTING_SIA': False,
  'CUT_ONE_APPROXIMATION': False,
  'FS_CACHE_DIRECTORY': '__pyphi_cache__',
  'FS_CACHE_VERBOSITY': 0,
  'LOG_FILE': 'pyphi.log',
  'LOG_FILE_LEVEL': 'INFO',
  'LOG_STDOUT_LEVEL': 'WARNING',
  'MAXIMUM_CACHE_MEMORY_PERCENTAGE': 50,
  'MEASURE': 'EMD',
  'MONGODB_CONFIG': { 'collection_name': 'cache',
                      'database_name': 'pyphi',
                      'host': 'localhost',
                      'port': 27017},
  'NUMBER_OF_CORES': -1,
  'PARALLEL_COMPLEX_EVALUATION': False,
  'PARALLEL_CONCEPT_EVALUATION': False,
  'PARALLEL_CUT_EVALUATION': True,
  'PARTITION_TYPE': 'BI',
  'PICK_SMALLEST_PURVIEW': False,
  'PRECISION': 6,
  'PRINT_FRACTIONS': True,
  'PROGRESS_BARS': True,
  'REDIS_CACHE': False,
  'REDIS_CONFIG': {'db': 0, 'host': 'localhost', 'port': 6379, 'test_db': 1},
  'REPR_VERBOSITY': 2,
  'SINGLE_MICRO_NODES_WITH_SELFLOOPS_HAVE_PHI': False,
  'SYSTEM_CUTS': '3.0_STYLE',
  'USE_SMALL_PHI_DIFFERENCE_FOR_CES_DISTANCE': False,
  'VALIDATE_CONDITIONAL_INDEPENDENCE': True,
  'VALIDATE_SUBSYSTEM_STATES': True,
  'WELCOME_OFF': False}
2026-05-16 04:24:05,026 [pyphi.compute.subsystem] INFO MainProcess: Empty unpartitioned CauseEffectStructure; returning null SIA immediately.
2026-05-16 04:24:05,027 [pyphi.compute.subsystem] INFO MainProcess: Calculating big-phi data for Subsystem(n0, n1, n2)...
2026-05-16 04:24:05,263 [pyphi.conf] INFO Process-7: PyPhi v1.2.0
2026-05-16 04:24:05,263 [pyphi.conf] INFO Process-7: Using default configuration (no configuration file provided)
2026-05-16 04:24:05,263 [pyphi.conf] INFO Process-7: Current PyPhi configuration:
 { 'ASSUME_CUTS_CANNOT_CREATE_NEW_CONCEPTS': False,
  'CACHE_POTENTIAL_PURVIEWS': True,
  'CACHE_REPERTOIRES': True,
  'CACHE_SIAS': False,
  'CACHING_BACKEND': 'fs',
  'CLEAR_SUBSYSTEM_CACHES_AFTER_COMPUTING_SIA': False,
  'CUT_ONE_APPROXIMATION': False,
  'FS_CACHE_DIRECTORY': '__pyphi_cache__',
  'FS_CACHE_VERBOSITY': 0,
  'LOG_FILE': 'pyphi.log',
  'LOG_FILE_LEVEL': 'INFO',
  'LOG_STDOUT_LEVEL': 'WARNING',
  'MAXIMUM_CACHE_MEMORY_PERCENTAGE': 50,
  'MEASURE': 'EMD',
  'MONGODB_CONFIG': { 'collection_name': 'cache',
                      'database_name': 'pyphi',
                      'host': 'localhost',
                      'port': 27017},
  'NUMBER_OF_CORES': -1,
  'PARALLEL_COMPLEX_EVALUATION': False,
  'PARALLEL_CONCEPT_EVALUATION': False,
  'PARALLEL_CUT_EVALUATION': True,
  'PARTITION_TYPE': 'BI',
  'PICK_SMALLEST_PURVIEW': False,
  'PRECISION': 6,
  'PRINT_FRACTIONS': True,
  'PROGRESS_BARS': True,
  'REDIS_CACHE': False,
  'REDIS_CONFIG': {'db': 0, 'host': 'localhost', 'port': 6379, 'test_db': 1},
  'REPR_VERBOSITY': 2,
  'SINGLE_MICRO_NODES_WITH_SELFLOOPS_HAVE_PHI': False,
  'SYSTEM_CUTS': '3.0_STYLE',
  'USE_SMALL_PHI_DIFFERENCE_FOR_CES_DISTANCE': False,
  'VALIDATE_CONDITIONAL_INDEPENDENCE': True,
  'VALIDATE_SUBSYSTEM_STATES': True,
  'WELCOME_OFF': False}
2026-05-16 04:24:10,557 [pyphi.compute.subsystem] INFO MainProcess: Empty unpartitioned CauseEffectStructure; returning null SIA immediately.
2026-05-16 04:24:10,560 [pyphi.compute.subsystem] INFO MainProcess: Calculating big-phi data for Subsystem(n0, n1, n2)...
2026-05-16 04:24:10,857 [pyphi.conf] INFO Process-8: PyPhi v1.2.0
2026-05-16 04:24:10,857 [pyphi.conf] INFO Process-8: Using default configuration (no configuration file provided)
2026-05-16 04:24:10,857 [pyphi.conf] INFO Process-8: Current PyPhi configuration:
 { 'ASSUME_CUTS_CANNOT_CREATE_NEW_CONCEPTS': False,
  'CACHE_POTENTIAL_PURVIEWS': True,
  'CACHE_REPERTOIRES': True,
  'CACHE_SIAS': False,
  'CACHING_BACKEND': 'fs',
  'CLEAR_SUBSYSTEM_CACHES_AFTER_COMPUTING_SIA': False,
  'CUT_ONE_APPROXIMATION': False,
  'FS_CACHE_DIRECTORY': '__pyphi_cache__',
  'FS_CACHE_VERBOSITY': 0,
  'LOG_FILE': 'pyphi.log',
  'LOG_FILE_LEVEL': 'INFO',
  'LOG_STDOUT_LEVEL': 'WARNING',
  'MAXIMUM_CACHE_MEMORY_PERCENTAGE': 50,
  'MEASURE': 'EMD',
  'MONGODB_CONFIG': { 'collection_name': 'cache',
                      'database_name': 'pyphi',
                      'host': 'localhost',
                      'port': 27017},
  'NUMBER_OF_CORES': -1,
  'PARALLEL_COMPLEX_EVALUATION': False,
  'PARALLEL_CONCEPT_EVALUATION': False,
  'PARALLEL_CUT_EVALUATION': True,
  'PARTITION_TYPE': 'BI',
  'PICK_SMALLEST_PURVIEW': False,
  'PRECISION': 6,
  'PRINT_FRACTIONS': True,
  'PROGRESS_BARS': True,
  'REDIS_CACHE': False,
  'REDIS_CONFIG': {'db': 0, 'host': 'localhost', 'port': 6379, 'test_db': 1},
  'REPR_VERBOSITY': 2,
  'SINGLE_MICRO_NODES_WITH_SELFLOOPS_HAVE_PHI': False,
  'SYSTEM_CUTS': '3.0_STYLE',
  'USE_SMALL_PHI_DIFFERENCE_FOR_CES_DISTANCE': False,
  'VALIDATE_CONDITIONAL_INDEPENDENCE': True,
  'VALIDATE_SUBSYSTEM_STATES': True,
  'WELCOME_OFF': False}
2026-05-16 04:24:15,672 [pyphi.compute.subsystem] INFO MainProcess: Empty unpartitioned CauseEffectStructure; returning null SIA immediately.
2026-05-16 04:24:15,673 [pyphi.compute.subsystem] INFO MainProcess: Calculating big-phi data for Subsystem(n0, n1, n2)...
2026-05-16 04:24:15,917 [pyphi.conf] INFO Process-9: PyPhi v1.2.0
2026-05-16 04:24:15,917 [pyphi.conf] INFO Process-9: Using default configuration (no configuration file provided)
2026-05-16 04:24:15,917 [pyphi.conf] INFO Process-9: Current PyPhi configuration:
 { 'ASSUME_CUTS_CANNOT_CREATE_NEW_CONCEPTS': False,
  'CACHE_POTENTIAL_PURVIEWS': True,
  'CACHE_REPERTOIRES': True,
  'CACHE_SIAS': False,
  'CACHING_BACKEND': 'fs',
  'CLEAR_SUBSYSTEM_CACHES_AFTER_COMPUTING_SIA': False,
  'CUT_ONE_APPROXIMATION': False,
  'FS_CACHE_DIRECTORY': '__pyphi_cache__',
  'FS_CACHE_VERBOSITY': 0,
  'LOG_FILE': 'pyphi.log',
  'LOG_FILE_LEVEL': 'INFO',
  'LOG_STDOUT_LEVEL': 'WARNING',
  'MAXIMUM_CACHE_MEMORY_PERCENTAGE': 50,
  'MEASURE': 'EMD',
  'MONGODB_CONFIG': { 'collection_name': 'cache',
                      'database_name': 'pyphi',
                      'host': 'localhost',
                      'port': 27017},
  'NUMBER_OF_CORES': -1,
  'PARALLEL_COMPLEX_EVALUATION': False,
  'PARALLEL_CONCEPT_EVALUATION': False,
  'PARALLEL_CUT_EVALUATION': True,
  'PARTITION_TYPE': 'BI',
  'PICK_SMALLEST_PURVIEW': False,
  'PRECISION': 6,
  'PRINT_FRACTIONS': True,
  'PROGRESS_BARS': True,
  'REDIS_CACHE': False,
  'REDIS_CONFIG': {'db': 0, 'host': 'localhost', 'port': 6379, 'test_db': 1},
  'REPR_VERBOSITY': 2,
  'SINGLE_MICRO_NODES_WITH_SELFLOOPS_HAVE_PHI': False,
  'SYSTEM_CUTS': '3.0_STYLE',
  'USE_SMALL_PHI_DIFFERENCE_FOR_CES_DISTANCE': False,
  'VALIDATE_CONDITIONAL_INDEPENDENCE': True,
  'VALIDATE_SUBSYSTEM_STATES': True,
  'WELCOME_OFF': False}
2026-05-16 04:24:20,765 [pyphi.conf] INFO Process-10: PyPhi v1.2.0
2026-05-16 04:24:20,765 [pyphi.conf] INFO Process-10: Using default configuration (no configuration file provided)
2026-05-16 04:24:20,766 [pyphi.conf] INFO Process-10: Current PyPhi configuration:
 { 'ASSUME_CUTS_CANNOT_CREATE_NEW_CONCEPTS': False,
  'CACHE_POTENTIAL_PURVIEWS': True,
  'CACHE_REPERTOIRES': True,
  'CACHE_SIAS': False,
  'CACHING_BACKEND': 'fs',
  'CLEAR_SUBSYSTEM_CACHES_AFTER_COMPUTING_SIA': False,
  'CUT_ONE_APPROXIMATION': False,
  'FS_CACHE_DIRECTORY': '__pyphi_cache__',
  'FS_CACHE_VERBOSITY': 0,
  'LOG_FILE': 'pyphi.log',
  'LOG_FILE_LEVEL': 'INFO',
  'LOG_STDOUT_LEVEL': 'WARNING',
  'MAXIMUM_CACHE_MEMORY_PERCENTAGE': 50,
  'MEASURE': 'EMD',
  'MONGODB_CONFIG': { 'collection_name': 'cache',
                      'database_name': 'pyphi',
                      'host': 'localhost',
                      'port': 27017},
  'NUMBER_OF_CORES': -1,
  'PARALLEL_COMPLEX_EVALUATION': False,
  'PARALLEL_CONCEPT_EVALUATION': False,
  'PARALLEL_CUT_EVALUATION': True,
  'PARTITION_TYPE': 'BI',
  'PICK_SMALLEST_PURVIEW': False,
  'PRECISION': 6,
  'PRINT_FRACTIONS': True,
  'PROGRESS_BARS': True,
  'REDIS_CACHE': False,
  'REDIS_CONFIG': {'db': 0, 'host': 'localhost', 'port': 6379, 'test_db': 1},
  'REPR_VERBOSITY': 2,
  'SINGLE_MICRO_NODES_WITH_SELFLOOPS_HAVE_PHI': False,
  'SYSTEM_CUTS': '3.0_STYLE',
  'USE_SMALL_PHI_DIFFERENCE_FOR_CES_DISTANCE': False,
  'VALIDATE_CONDITIONAL_INDEPENDENCE': True,
  'VALIDATE_SUBSYSTEM_STATES': True,
  'WELCOME_OFF': False}
2026-05-16 04:24:25,966 [pyphi.compute.subsystem] INFO MainProcess: Finished calculating big-phi data for Subsystem(n0, n1, n2).
2026-05-16 04:24:25,967 [pyphi.compute.subsystem] INFO MainProcess: Calculating big-phi data for Subsystem(n0, n1, n2)...
2026-05-16 04:24:26,213 [pyphi.conf] INFO Process-11: PyPhi v1.2.0
2026-05-16 04:24:26,213 [pyphi.conf] INFO Process-11: Using default configuration (no configuration file provided)
2026-05-16 04:24:26,213 [pyphi.conf] INFO Process-11: Current PyPhi configuration:
 { 'ASSUME_CUTS_CANNOT_CREATE_NEW_CONCEPTS': False,
  'CACHE_POTENTIAL_PURVIEWS': True,
  'CACHE_REPERTOIRES': True,
  'CACHE_SIAS': False,
  'CACHING_BACKEND': 'fs',
  'CLEAR_SUBSYSTEM_CACHES_AFTER_COMPUTING_SIA': False,
  'CUT_ONE_APPROXIMATION': False,
  'FS_CACHE_DIRECTORY': '__pyphi_cache__',
  'FS_CACHE_VERBOSITY': 0,
  'LOG_FILE': 'pyphi.log',
  'LOG_FILE_LEVEL': 'INFO',
  'LOG_STDOUT_LEVEL': 'WARNING',
  'MAXIMUM_CACHE_MEMORY_PERCENTAGE': 50,
  'MEASURE': 'EMD',
  'MONGODB_CONFIG': { 'collection_name': 'cache',
                      'database_name': 'pyphi',
                      'host': 'localhost',
                      'port': 27017},
  'NUMBER_OF_CORES': -1,
  'PARALLEL_COMPLEX_EVALUATION': False,
  'PARALLEL_CONCEPT_EVALUATION': False,
  'PARALLEL_CUT_EVALUATION': True,
  'PARTITION_TYPE': 'BI',
  'PICK_SMALLEST_PURVIEW': False,
  'PRECISION': 6,
  'PRINT_FRACTIONS': True,
  'PROGRESS_BARS': True,
  'REDIS_CACHE': False,
  'REDIS_CONFIG': {'db': 0, 'host': 'localhost', 'port': 6379, 'test_db': 1},
  'REPR_VERBOSITY': 2,
  'SINGLE_MICRO_NODES_WITH_SELFLOOPS_HAVE_PHI': False,
  'SYSTEM_CUTS': '3.0_STYLE',
  'USE_SMALL_PHI_DIFFERENCE_FOR_CES_DISTANCE': False,
  'VALIDATE_CONDITIONAL_INDEPENDENCE': True,
  'VALIDATE_SUBSYSTEM_STATES': True,
  'WELCOME_OFF': False}
2026-05-16 04:24:31,442 [pyphi.conf] INFO Process-12: PyPhi v1.2.0
2026-05-16 04:24:31,442 [pyphi.conf] INFO Process-12: Using default configuration (no configuration file provided)
2026-05-16 04:24:31,442 [pyphi.conf] INFO Process-12: Current PyPhi configuration:
 { 'ASSUME_CUTS_CANNOT_CREATE_NEW_CONCEPTS': False,
  'CACHE_POTENTIAL_PURVIEWS': True,
  'CACHE_REPERTOIRES': True,
  'CACHE_SIAS': False,
  'CACHING_BACKEND': 'fs',
  'CLEAR_SUBSYSTEM_CACHES_AFTER_COMPUTING_SIA': False,
  'CUT_ONE_APPROXIMATION': False,
  'FS_CACHE_DIRECTORY': '__pyphi_cache__',
  'FS_CACHE_VERBOSITY': 0,
  'LOG_FILE': 'pyphi.log',
  'LOG_FILE_LEVEL': 'INFO',
  'LOG_STDOUT_LEVEL': 'WARNING',
  'MAXIMUM_CACHE_MEMORY_PERCENTAGE': 50,
  'MEASURE': 'EMD',
  'MONGODB_CONFIG': { 'collection_name': 'cache',
                      'database_name': 'pyphi',
                      'host': 'localhost',
                      'port': 27017},
  'NUMBER_OF_CORES': -1,
  'PARALLEL_COMPLEX_EVALUATION': False,
  'PARALLEL_CONCEPT_EVALUATION': False,
  'PARALLEL_CUT_EVALUATION': True,
  'PARTITION_TYPE': 'BI',
  'PICK_SMALLEST_PURVIEW': False,
  'PRECISION': 6,
  'PRINT_FRACTIONS': True,
  'PROGRESS_BARS': True,
  'REDIS_CACHE': False,
  'REDIS_CONFIG': {'db': 0, 'host': 'localhost', 'port': 6379, 'test_db': 1},
  'REPR_VERBOSITY': 2,
  'SINGLE_MICRO_NODES_WITH_SELFLOOPS_HAVE_PHI': False,
  'SYSTEM_CUTS': '3.0_STYLE',
  'USE_SMALL_PHI_DIFFERENCE_FOR_CES_DISTANCE': False,
  'VALIDATE_CONDITIONAL_INDEPENDENCE': True,
  'VALIDATE_SUBSYSTEM_STATES': True,
  'WELCOME_OFF': False}
2026-05-16 04:24:36,811 [pyphi.compute.subsystem] INFO MainProcess: Finished calculating big-phi data for Subsystem(n0, n1, n2).
2026-05-16 04:24:36,813 [pyphi.compute.subsystem] INFO MainProcess: Calculating big-phi data for Subsystem(n0, n1, n2)...
2026-05-16 04:24:37,066 [pyphi.conf] INFO Process-13: PyPhi v1.2.0
2026-05-16 04:24:37,066 [pyphi.conf] INFO Process-13: Using default configuration (no configuration file provided)
2026-05-16 04:24:37,066 [pyphi.conf] INFO Process-13: Current PyPhi configuration:
 { 'ASSUME_CUTS_CANNOT_CREATE_NEW_CONCEPTS': False,
  'CACHE_POTENTIAL_PURVIEWS': True,
  'CACHE_REPERTOIRES': True,
  'CACHE_SIAS': False,
  'CACHING_BACKEND': 'fs',
  'CLEAR_SUBSYSTEM_CACHES_AFTER_COMPUTING_SIA': False,
  'CUT_ONE_APPROXIMATION': False,
  'FS_CACHE_DIRECTORY': '__pyphi_cache__',
  'FS_CACHE_VERBOSITY': 0,
  'LOG_FILE': 'pyphi.log',
  'LOG_FILE_LEVEL': 'INFO',
  'LOG_STDOUT_LEVEL': 'WARNING',
  'MAXIMUM_CACHE_MEMORY_PERCENTAGE': 50,
  'MEASURE': 'EMD',
  'MONGODB_CONFIG': { 'collection_name': 'cache',
                      'database_name': 'pyphi',
                      'host': 'localhost',
                      'port': 27017},
  'NUMBER_OF_CORES': -1,
  'PARALLEL_COMPLEX_EVALUATION': False,
  'PARALLEL_CONCEPT_EVALUATION': False,
  'PARALLEL_CUT_EVALUATION': True,
  'PARTITION_TYPE': 'BI',
  'PICK_SMALLEST_PURVIEW': False,
  'PRECISION': 6,
  'PRINT_FRACTIONS': True,
  'PROGRESS_BARS': True,
  'REDIS_CACHE': False,
  'REDIS_CONFIG': {'db': 0, 'host': 'localhost', 'port': 6379, 'test_db': 1},
  'REPR_VERBOSITY': 2,
  'SINGLE_MICRO_NODES_WITH_SELFLOOPS_HAVE_PHI': False,
  'SYSTEM_CUTS': '3.0_STYLE',
  'USE_SMALL_PHI_DIFFERENCE_FOR_CES_DISTANCE': False,
  'VALIDATE_CONDITIONAL_INDEPENDENCE': True,
  'VALIDATE_SUBSYSTEM_STATES': True,
  'WELCOME_OFF': False}
2026-05-16 04:24:42,206 [pyphi.conf] INFO Process-14: PyPhi v1.2.0
2026-05-16 04:24:42,206 [pyphi.conf] INFO Process-14: Using default configuration (no configuration file provided)
2026-05-16 04:24:42,206 [pyphi.conf] INFO Process-14: Current PyPhi configuration:
 { 'ASSUME_CUTS_CANNOT_CREATE_NEW_CONCEPTS': False,
  'CACHE_POTENTIAL_PURVIEWS': True,
  'CACHE_REPERTOIRES': True,
  'CACHE_SIAS': False,
  'CACHING_BACKEND': 'fs',
  'CLEAR_SUBSYSTEM_CACHES_AFTER_COMPUTING_SIA': False,
  'CUT_ONE_APPROXIMATION': False,
  'FS_CACHE_DIRECTORY': '__pyphi_cache__',
  'FS_CACHE_VERBOSITY': 0,
  'LOG_FILE': 'pyphi.log',
  'LOG_FILE_LEVEL': 'INFO',
  'LOG_STDOUT_LEVEL': 'WARNING',
  'MAXIMUM_CACHE_MEMORY_PERCENTAGE': 50,
  'MEASURE': 'EMD',
  'MONGODB_CONFIG': { 'collection_name': 'cache',
                      'database_name': 'pyphi',
                      'host': 'localhost',
                      'port': 27017},
  'NUMBER_OF_CORES': -1,
  'PARALLEL_COMPLEX_EVALUATION': False,
  'PARALLEL_CONCEPT_EVALUATION': False,
  'PARALLEL_CUT_EVALUATION': True,
  'PARTITION_TYPE': 'BI',
  'PICK_SMALLEST_PURVIEW': False,
  'PRECISION': 6,
  'PRINT_FRACTIONS': True,
  'PROGRESS_BARS': True,
  'REDIS_CACHE': False,
  'REDIS_CONFIG': {'db': 0, 'host': 'localhost', 'port': 6379, 'test_db': 1},
  'REPR_VERBOSITY': 2,
  'SINGLE_MICRO_NODES_WITH_SELFLOOPS_HAVE_PHI': False,
  'SYSTEM_CUTS': '3.0_STYLE',
  'USE_SMALL_PHI_DIFFERENCE_FOR_CES_DISTANCE': False,
  'VALIDATE_CONDITIONAL_INDEPENDENCE': True,
  'VALIDATE_SUBSYSTEM_STATES': True,
  'WELCOME_OFF': False}
2026-05-16 04:24:47,442 [pyphi.compute.subsystem] INFO MainProcess: Finished calculating big-phi data for Subsystem(n0, n1, n2).
2026-05-16 04:24:47,443 [pyphi.compute.subsystem] INFO MainProcess: Calculating big-phi data for Subsystem(n0, n1, n2)...
2026-05-16 04:24:47,719 [pyphi.conf] INFO Process-15: PyPhi v1.2.0
2026-05-16 04:24:47,719 [pyphi.conf] INFO Process-15: Using default configuration (no configuration file provided)
2026-05-16 04:24:47,719 [pyphi.conf] INFO Process-15: Current PyPhi configuration:
 { 'ASSUME_CUTS_CANNOT_CREATE_NEW_CONCEPTS': False,
  'CACHE_POTENTIAL_PURVIEWS': True,
  'CACHE_REPERTOIRES': True,
  'CACHE_SIAS': False,
  'CACHING_BACKEND': 'fs',
  'CLEAR_SUBSYSTEM_CACHES_AFTER_COMPUTING_SIA': False,
  'CUT_ONE_APPROXIMATION': False,
  'FS_CACHE_DIRECTORY': '__pyphi_cache__',
  'FS_CACHE_VERBOSITY': 0,
  'LOG_FILE': 'pyphi.log',
  'LOG_FILE_LEVEL': 'INFO',
  'LOG_STDOUT_LEVEL': 'WARNING',
  'MAXIMUM_CACHE_MEMORY_PERCENTAGE': 50,
  'MEASURE': 'EMD',
  'MONGODB_CONFIG': { 'collection_name': 'cache',
                      'database_name': 'pyphi',
                      'host': 'localhost',
                      'port': 27017},
  'NUMBER_OF_CORES': -1,
  'PARALLEL_COMPLEX_EVALUATION': False,
  'PARALLEL_CONCEPT_EVALUATION': False,
  'PARALLEL_CUT_EVALUATION': True,
  'PARTITION_TYPE': 'BI',
  'PICK_SMALLEST_PURVIEW': False,
  'PRECISION': 6,
  'PRINT_FRACTIONS': True,
  'PROGRESS_BARS': True,
  'REDIS_CACHE': False,
  'REDIS_CONFIG': {'db': 0, 'host': 'localhost', 'port': 6379, 'test_db': 1},
  'REPR_VERBOSITY': 2,
  'SINGLE_MICRO_NODES_WITH_SELFLOOPS_HAVE_PHI': False,
  'SYSTEM_CUTS': '3.0_STYLE',
  'USE_SMALL_PHI_DIFFERENCE_FOR_CES_DISTANCE': False,
  'VALIDATE_CONDITIONAL_INDEPENDENCE': True,
  'VALIDATE_SUBSYSTEM_STATES': True,
  'WELCOME_OFF': False}
2026-05-16 04:24:52,834 [pyphi.conf] INFO Process-16: PyPhi v1.2.0
2026-05-16 04:24:52,834 [pyphi.conf] INFO Process-16: Using default configuration (no configuration file provided)
2026-05-16 04:24:52,835 [pyphi.conf] INFO Process-16: Current PyPhi configuration:
 { 'ASSUME_CUTS_CANNOT_CREATE_NEW_CONCEPTS': False,
  'CACHE_POTENTIAL_PURVIEWS': True,
  'CACHE_REPERTOIRES': True,
  'CACHE_SIAS': False,
  'CACHING_BACKEND': 'fs',
  'CLEAR_SUBSYSTEM_CACHES_AFTER_COMPUTING_SIA': False,
  'CUT_ONE_APPROXIMATION': False,
  'FS_CACHE_DIRECTORY': '__pyphi_cache__',
  'FS_CACHE_VERBOSITY': 0,
  'LOG_FILE': 'pyphi.log',
  'LOG_FILE_LEVEL': 'INFO',
  'LOG_STDOUT_LEVEL': 'WARNING',
  'MAXIMUM_CACHE_MEMORY_PERCENTAGE': 50,
  'MEASURE': 'EMD',
  'MONGODB_CONFIG': { 'collection_name': 'cache',
                      'database_name': 'pyphi',
                      'host': 'localhost',
                      'port': 27017},
  'NUMBER_OF_CORES': -1,
  'PARALLEL_COMPLEX_EVALUATION': False,
  'PARALLEL_CONCEPT_EVALUATION': False,
  'PARALLEL_CUT_EVALUATION': True,
  'PARTITION_TYPE': 'BI',
  'PICK_SMALLEST_PURVIEW': False,
  'PRECISION': 6,
  'PRINT_FRACTIONS': True,
  'PROGRESS_BARS': True,
  'REDIS_CACHE': False,
  'REDIS_CONFIG': {'db': 0, 'host': 'localhost', 'port': 6379, 'test_db': 1},
  'REPR_VERBOSITY': 2,
  'SINGLE_MICRO_NODES_WITH_SELFLOOPS_HAVE_PHI': False,
  'SYSTEM_CUTS': '3.0_STYLE',
  'USE_SMALL_PHI_DIFFERENCE_FOR_CES_DISTANCE': False,
  'VALIDATE_CONDITIONAL_INDEPENDENCE': True,
  'VALIDATE_SUBSYSTEM_STATES': True,
  'WELCOME_OFF': False}
2026-05-16 04:24:58,192 [pyphi.compute.subsystem] INFO MainProcess: Finished calculating big-phi data for Subsystem(n0, n1, n2).
2026-05-16 04:24:58,194 [pyphi.compute.subsystem] INFO MainProcess: Calculating big-phi data for Subsystem(n0, n1, n2)...
2026-05-16 04:24:58,478 [pyphi.conf] INFO Process-17: PyPhi v1.2.0
2026-05-16 04:24:58,478 [pyphi.conf] INFO Process-17: Using default configuration (no configuration file provided)
2026-05-16 04:24:58,479 [pyphi.conf] INFO Process-17: Current PyPhi configuration:
 { 'ASSUME_CUTS_CANNOT_CREATE_NEW_CONCEPTS': False,
  'CACHE_POTENTIAL_PURVIEWS': True,
  'CACHE_REPERTOIRES': True,
  'CACHE_SIAS': False,
  'CACHING_BACKEND': 'fs',
  'CLEAR_SUBSYSTEM_CACHES_AFTER_COMPUTING_SIA': False,
  'CUT_ONE_APPROXIMATION': False,
  'FS_CACHE_DIRECTORY': '__pyphi_cache__',
  'FS_CACHE_VERBOSITY': 0,
  'LOG_FILE': 'pyphi.log',
  'LOG_FILE_LEVEL': 'INFO',
  'LOG_STDOUT_LEVEL': 'WARNING',
  'MAXIMUM_CACHE_MEMORY_PERCENTAGE': 50,
  'MEASURE': 'EMD',
  'MONGODB_CONFIG': { 'collection_name': 'cache',
                      'database_name': 'pyphi',
                      'host': 'localhost',
                      'port': 27017},
  'NUMBER_OF_CORES': -1,
  'PARALLEL_COMPLEX_EVALUATION': False,
  'PARALLEL_CONCEPT_EVALUATION': False,
  'PARALLEL_CUT_EVALUATION': True,
  'PARTITION_TYPE': 'BI',
  'PICK_SMALLEST_PURVIEW': False,
  'PRECISION': 6,
  'PRINT_FRACTIONS': True,
  'PROGRESS_BARS': True,
  'REDIS_CACHE': False,
  'REDIS_CONFIG': {'db': 0, 'host': 'localhost', 'port': 6379, 'test_db': 1},
  'REPR_VERBOSITY': 2,
  'SINGLE_MICRO_NODES_WITH_SELFLOOPS_HAVE_PHI': False,
  'SYSTEM_CUTS': '3.0_STYLE',
  'USE_SMALL_PHI_DIFFERENCE_FOR_CES_DISTANCE': False,
  'VALIDATE_CONDITIONAL_INDEPENDENCE': True,
  'VALIDATE_SUBSYSTEM_STATES': True,
  'WELCOME_OFF': False}
2026-05-16 04:25:03,458 [pyphi.conf] INFO Process-18: PyPhi v1.2.0
2026-05-16 04:25:03,458 [pyphi.conf] INFO Process-18: Using default configuration (no configuration file provided)
2026-05-16 04:25:03,459 [pyphi.conf] INFO Process-18: Current PyPhi configuration:
 { 'ASSUME_CUTS_CANNOT_CREATE_NEW_CONCEPTS': False,
  'CACHE_POTENTIAL_PURVIEWS': True,
  'CACHE_REPERTOIRES': True,
  'CACHE_SIAS': False,
  'CACHING_BACKEND': 'fs',
  'CLEAR_SUBSYSTEM_CACHES_AFTER_COMPUTING_SIA': False,
  'CUT_ONE_APPROXIMATION': False,
  'FS_CACHE_DIRECTORY': '__pyphi_cache__',
  'FS_CACHE_VERBOSITY': 0,
  'LOG_FILE': 'pyphi.log',
  'LOG_FILE_LEVEL': 'INFO',
  'LOG_STDOUT_LEVEL': 'WARNING',
  'MAXIMUM_CACHE_MEMORY_PERCENTAGE': 50,
  'MEASURE': 'EMD',
  'MONGODB_CONFIG': { 'collection_name': 'cache',
                      'database_name': 'pyphi',
                      'host': 'localhost',
                      'port': 27017},
  'NUMBER_OF_CORES': -1,
  'PARALLEL_COMPLEX_EVALUATION': False,
  'PARALLEL_CONCEPT_EVALUATION': False,
  'PARALLEL_CUT_EVALUATION': True,
  'PARTITION_TYPE': 'BI',
  'PICK_SMALLEST_PURVIEW': False,
  'PRECISION': 6,
  'PRINT_FRACTIONS': True,
  'PROGRESS_BARS': True,
  'REDIS_CACHE': False,
  'REDIS_CONFIG': {'db': 0, 'host': 'localhost', 'port': 6379, 'test_db': 1},
  'REPR_VERBOSITY': 2,
  'SINGLE_MICRO_NODES_WITH_SELFLOOPS_HAVE_PHI': False,
  'SYSTEM_CUTS': '3.0_STYLE',
  'USE_SMALL_PHI_DIFFERENCE_FOR_CES_DISTANCE': False,
  'VALIDATE_CONDITIONAL_INDEPENDENCE': True,
  'VALIDATE_SUBSYSTEM_STATES': True,
  'WELCOME_OFF': False}
2026-05-16 04:25:08,763 [pyphi.compute.subsystem] INFO MainProcess: Finished calculating big-phi data for Subsystem(n0, n1, n2).
2026-05-16 04:25:08,764 [pyphi.compute.subsystem] INFO MainProcess: Calculating big-phi data for Subsystem(n0, n1, n2)...
2026-05-16 04:25:09,037 [pyphi.conf] INFO Process-19: PyPhi v1.2.0
2026-05-16 04:25:09,037 [pyphi.conf] INFO Process-19: Using default configuration (no configuration file provided)
2026-05-16 04:25:09,037 [pyphi.conf] INFO Process-19: Current PyPhi configuration:
 { 'ASSUME_CUTS_CANNOT_CREATE_NEW_CONCEPTS': False,
  'CACHE_POTENTIAL_PURVIEWS': True,
  'CACHE_REPERTOIRES': True,
  'CACHE_SIAS': False,
  'CACHING_BACKEND': 'fs',
  'CLEAR_SUBSYSTEM_CACHES_AFTER_COMPUTING_SIA': False,
  'CUT_ONE_APPROXIMATION': False,
  'FS_CACHE_DIRECTORY': '__pyphi_cache__',
  'FS_CACHE_VERBOSITY': 0,
  'LOG_FILE': 'pyphi.log',
  'LOG_FILE_LEVEL': 'INFO',
  'LOG_STDOUT_LEVEL': 'WARNING',
  'MAXIMUM_CACHE_MEMORY_PERCENTAGE': 50,
  'MEASURE': 'EMD',
  'MONGODB_CONFIG': { 'collection_name': 'cache',
                      'database_name': 'pyphi',
                      'host': 'localhost',
                      'port': 27017},
  'NUMBER_OF_CORES': -1,
  'PARALLEL_COMPLEX_EVALUATION': False,
  'PARALLEL_CONCEPT_EVALUATION': False,
  'PARALLEL_CUT_EVALUATION': True,
  'PARTITION_TYPE': 'BI',
  'PICK_SMALLEST_PURVIEW': False,
  'PRECISION': 6,
  'PRINT_FRACTIONS': True,
  'PROGRESS_BARS': True,
  'REDIS_CACHE': False,
  'REDIS_CONFIG': {'db': 0, 'host': 'localhost', 'port': 6379, 'test_db': 1},
  'REPR_VERBOSITY': 2,
  'SINGLE_MICRO_NODES_WITH_SELFLOOPS_HAVE_PHI': False,
  'SYSTEM_CUTS': '3.0_STYLE',
  'USE_SMALL_PHI_DIFFERENCE_FOR_CES_DISTANCE': False,
  'VALIDATE_CONDITIONAL_INDEPENDENCE': True,
  'VALIDATE_SUBSYSTEM_STATES': True,
  'WELCOME_OFF': False}
2026-05-16 04:25:14,592 [pyphi.conf] INFO Process-20: PyPhi v1.2.0
2026-05-16 04:25:14,592 [pyphi.conf] INFO Process-20: Using default configuration (no configuration file provided)
2026-05-16 04:25:14,592 [pyphi.conf] INFO Process-20: Current PyPhi configuration:
 { 'ASSUME_CUTS_CANNOT_CREATE_NEW_CONCEPTS': False,
  'CACHE_POTENTIAL_PURVIEWS': True,
  'CACHE_REPERTOIRES': True,
  'CACHE_SIAS': False,
  'CACHING_BACKEND': 'fs',
  'CLEAR_SUBSYSTEM_CACHES_AFTER_COMPUTING_SIA': False,
  'CUT_ONE_APPROXIMATION': False,
  'FS_CACHE_DIRECTORY': '__pyphi_cache__',
  'FS_CACHE_VERBOSITY': 0,
  'LOG_FILE': 'pyphi.log',
  'LOG_FILE_LEVEL': 'INFO',
  'LOG_STDOUT_LEVEL': 'WARNING',
  'MAXIMUM_CACHE_MEMORY_PERCENTAGE': 50,
  'MEASURE': 'EMD',
  'MONGODB_CONFIG': { 'collection_name': 'cache',
                      'database_name': 'pyphi',
                      'host': 'localhost',
                      'port': 27017},
  'NUMBER_OF_CORES': -1,
  'PARALLEL_COMPLEX_EVALUATION': False,
  'PARALLEL_CONCEPT_EVALUATION': False,
  'PARALLEL_CUT_EVALUATION': True,
  'PARTITION_TYPE': 'BI',
  'PICK_SMALLEST_PURVIEW': False,
  'PRECISION': 6,
  'PRINT_FRACTIONS': True,
  'PROGRESS_BARS': True,
  'REDIS_CACHE': False,
  'REDIS_CONFIG': {'db': 0, 'host': 'localhost', 'port': 6379, 'test_db': 1},
  'REPR_VERBOSITY': 2,
  'SINGLE_MICRO_NODES_WITH_SELFLOOPS_HAVE_PHI': False,
  'SYSTEM_CUTS': '3.0_STYLE',
  'USE_SMALL_PHI_DIFFERENCE_FOR_CES_DISTANCE': False,
  'VALIDATE_CONDITIONAL_INDEPENDENCE': True,
  'VALIDATE_SUBSYSTEM_STATES': True,
  'WELCOME_OFF': False}
2026-05-16 04:25:20,552 [pyphi.compute.subsystem] INFO MainProcess: Finished calculating big-phi data for Subsystem(n0, n1, n2).
2026-05-16 04:25:20,554 [pyphi.compute.subsystem] INFO MainProcess: Calculating big-phi data for Subsystem(n0, n1, n2)...
2026-05-16 04:25:20,810 [pyphi.conf] INFO Process-21: PyPhi v1.2.0
2026-05-16 04:25:20,810 [pyphi.conf] INFO Process-21: Using default configuration (no configuration file provided)
2026-05-16 04:25:20,811 [pyphi.conf] INFO Process-21: Current PyPhi configuration:
 { 'ASSUME_CUTS_CANNOT_CREATE_NEW_CONCEPTS': False,
  'CACHE_POTENTIAL_PURVIEWS': True,
  'CACHE_REPERTOIRES': True,
  'CACHE_SIAS': False,
  'CACHING_BACKEND': 'fs',
  'CLEAR_SUBSYSTEM_CACHES_AFTER_COMPUTING_SIA': False,
  'CUT_ONE_APPROXIMATION': False,
  'FS_CACHE_DIRECTORY': '__pyphi_cache__',
  'FS_CACHE_VERBOSITY': 0,
  'LOG_FILE': 'pyphi.log',
  'LOG_FILE_LEVEL': 'INFO',
  'LOG_STDOUT_LEVEL': 'WARNING',
  'MAXIMUM_CACHE_MEMORY_PERCENTAGE': 50,
  'MEASURE': 'EMD',
  'MONGODB_CONFIG': { 'collection_name': 'cache',
                      'database_name': 'pyphi',
                      'host': 'localhost',
                      'port': 27017},
  'NUMBER_OF_CORES': -1,
  'PARALLEL_COMPLEX_EVALUATION': False,
  'PARALLEL_CONCEPT_EVALUATION': False,
  'PARALLEL_CUT_EVALUATION': True,
  'PARTITION_TYPE': 'BI',
  'PICK_SMALLEST_PURVIEW': False,
  'PRECISION': 6,
  'PRINT_FRACTIONS': True,
  'PROGRESS_BARS': True,
  'REDIS_CACHE': False,
  'REDIS_CONFIG': {'db': 0, 'host': 'localhost', 'port': 6379, 'test_db': 1},
  'REPR_VERBOSITY': 2,
  'SINGLE_MICRO_NODES_WITH_SELFLOOPS_HAVE_PHI': False,
  'SYSTEM_CUTS': '3.0_STYLE',
  'USE_SMALL_PHI_DIFFERENCE_FOR_CES_DISTANCE': False,
  'VALIDATE_CONDITIONAL_INDEPENDENCE': True,
  'VALIDATE_SUBSYSTEM_STATES': True,
  'WELCOME_OFF': False}
2026-05-16 04:25:26,660 [pyphi.conf] INFO Process-22: PyPhi v1.2.0
2026-05-16 04:25:26,661 [pyphi.conf] INFO Process-22: Using default configuration (no configuration file provided)
2026-05-16 04:25:26,662 [pyphi.conf] INFO Process-22: Current PyPhi configuration:
 { 'ASSUME_CUTS_CANNOT_CREATE_NEW_CONCEPTS': False,
  'CACHE_POTENTIAL_PURVIEWS': True,
  'CACHE_REPERTOIRES': True,
  'CACHE_SIAS': False,
  'CACHING_BACKEND': 'fs',
  'CLEAR_SUBSYSTEM_CACHES_AFTER_COMPUTING_SIA': False,
  'CUT_ONE_APPROXIMATION': False,
  'FS_CACHE_DIRECTORY': '__pyphi_cache__',
  'FS_CACHE_VERBOSITY': 0,
  'LOG_FILE': 'pyphi.log',
  'LOG_FILE_LEVEL': 'INFO',
  'LOG_STDOUT_LEVEL': 'WARNING',
  'MAXIMUM_CACHE_MEMORY_PERCENTAGE': 50,
  'MEASURE': 'EMD',
  'MONGODB_CONFIG': { 'collection_name': 'cache',
                      'database_name': 'pyphi',
                      'host': 'localhost',
                      'port': 27017},
  'NUMBER_OF_CORES': -1,
  'PARALLEL_COMPLEX_EVALUATION': False,
  'PARALLEL_CONCEPT_EVALUATION': False,
  'PARALLEL_CUT_EVALUATION': True,
  'PARTITION_TYPE': 'BI',
  'PICK_SMALLEST_PURVIEW': False,
  'PRECISION': 6,
  'PRINT_FRACTIONS': True,
  'PROGRESS_BARS': True,
  'REDIS_CACHE': False,
  'REDIS_CONFIG': {'db': 0, 'host': 'localhost', 'port': 6379, 'test_db': 1},
  'REPR_VERBOSITY': 2,
  'SINGLE_MICRO_NODES_WITH_SELFLOOPS_HAVE_PHI': False,
  'SYSTEM_CUTS': '3.0_STYLE',
  'USE_SMALL_PHI_DIFFERENCE_FOR_CES_DISTANCE': False,
  'VALIDATE_CONDITIONAL_INDEPENDENCE': True,
  'VALIDATE_SUBSYSTEM_STATES': True,
  'WELCOME_OFF': False}
2026-05-16 04:25:32,860 [pyphi.compute.subsystem] INFO MainProcess: Finished calculating big-phi data for Subsystem(n0, n1, n2).
2026-05-16 04:25:32,861 [pyphi.compute.subsystem] INFO MainProcess: Calculating big-phi data for Subsystem(n0, n1, n2)...
2026-05-16 04:25:33,138 [pyphi.conf] INFO Process-23: PyPhi v1.2.0
2026-05-16 04:25:33,138 [pyphi.conf] INFO Process-23: Using default configuration (no configuration file provided)
2026-05-16 04:25:33,138 [pyphi.conf] INFO Process-23: Current PyPhi configuration:
 { 'ASSUME_CUTS_CANNOT_CREATE_NEW_CONCEPTS': False,
  'CACHE_POTENTIAL_PURVIEWS': True,
  'CACHE_REPERTOIRES': True,
  'CACHE_SIAS': False,
  'CACHING_BACKEND': 'fs',
  'CLEAR_SUBSYSTEM_CACHES_AFTER_COMPUTING_SIA': False,
  'CUT_ONE_APPROXIMATION': False,
  'FS_CACHE_DIRECTORY': '__pyphi_cache__',
  'FS_CACHE_VERBOSITY': 0,
  'LOG_FILE': 'pyphi.log',
  'LOG_FILE_LEVEL': 'INFO',
  'LOG_STDOUT_LEVEL': 'WARNING',
  'MAXIMUM_CACHE_MEMORY_PERCENTAGE': 50,
  'MEASURE': 'EMD',
  'MONGODB_CONFIG': { 'collection_name': 'cache',
                      'database_name': 'pyphi',
                      'host': 'localhost',
                      'port': 27017},
  'NUMBER_OF_CORES': -1,
  'PARALLEL_COMPLEX_EVALUATION': False,
  'PARALLEL_CONCEPT_EVALUATION': False,
  'PARALLEL_CUT_EVALUATION': True,
  'PARTITION_TYPE': 'BI',
  'PICK_SMALLEST_PURVIEW': False,
  'PRECISION': 6,
  'PRINT_FRACTIONS': True,
  'PROGRESS_BARS': True,
  'REDIS_CACHE': False,
  'REDIS_CONFIG': {'db': 0, 'host': 'localhost', 'port': 6379, 'test_db': 1},
  'REPR_VERBOSITY': 2,
  'SINGLE_MICRO_NODES_WITH_SELFLOOPS_HAVE_PHI': False,
  'SYSTEM_CUTS': '3.0_STYLE',
  'USE_SMALL_PHI_DIFFERENCE_FOR_CES_DISTANCE': False,
  'VALIDATE_CONDITIONAL_INDEPENDENCE': True,
  'VALIDATE_SUBSYSTEM_STATES': True,
  'WELCOME_OFF': False}
2026-05-16 04:25:38,737 [pyphi.conf] INFO Process-24: PyPhi v1.2.0
2026-05-16 04:25:38,737 [pyphi.conf] INFO Process-24: Using default configuration (no configuration file provided)
2026-05-16 04:25:38,738 [pyphi.conf] INFO Process-24: Current PyPhi configuration:
 { 'ASSUME_CUTS_CANNOT_CREATE_NEW_CONCEPTS': False,
  'CACHE_POTENTIAL_PURVIEWS': True,
  'CACHE_REPERTOIRES': True,
  'CACHE_SIAS': False,
  'CACHING_BACKEND': 'fs',
  'CLEAR_SUBSYSTEM_CACHES_AFTER_COMPUTING_SIA': False,
  'CUT_ONE_APPROXIMATION': False,
  'FS_CACHE_DIRECTORY': '__pyphi_cache__',
  'FS_CACHE_VERBOSITY': 0,
  'LOG_FILE': 'pyphi.log',
  'LOG_FILE_LEVEL': 'INFO',
  'LOG_STDOUT_LEVEL': 'WARNING',
  'MAXIMUM_CACHE_MEMORY_PERCENTAGE': 50,
  'MEASURE': 'EMD',
  'MONGODB_CONFIG': { 'collection_name': 'cache',
                      'database_name': 'pyphi',
                      'host': 'localhost',
                      'port': 27017},
  'NUMBER_OF_CORES': -1,
  'PARALLEL_COMPLEX_EVALUATION': False,
  'PARALLEL_CONCEPT_EVALUATION': False,
  'PARALLEL_CUT_EVALUATION': True,
  'PARTITION_TYPE': 'BI',
  'PICK_SMALLEST_PURVIEW': False,
  'PRECISION': 6,
  'PRINT_FRACTIONS': True,
  'PROGRESS_BARS': True,
  'REDIS_CACHE': False,
  'REDIS_CONFIG': {'db': 0, 'host': 'localhost', 'port': 6379, 'test_db': 1},
  'REPR_VERBOSITY': 2,
  'SINGLE_MICRO_NODES_WITH_SELFLOOPS_HAVE_PHI': False,
  'SYSTEM_CUTS': '3.0_STYLE',
  'USE_SMALL_PHI_DIFFERENCE_FOR_CES_DISTANCE': False,
  'VALIDATE_CONDITIONAL_INDEPENDENCE': True,
  'VALIDATE_SUBSYSTEM_STATES': True,
  'WELCOME_OFF': False}
2026-05-16 04:25:44,427 [pyphi.compute.subsystem] INFO MainProcess: Finished calculating big-phi data for Subsystem(n0, n1, n2).
2026-05-16 04:25:44,430 [pyphi.compute.subsystem] INFO MainProcess: Calculating big-phi data for Subsystem(n0, n1, n2)...
2026-05-16 04:25:44,685 [pyphi.conf] INFO Process-25: PyPhi v1.2.0
2026-05-16 04:25:44,685 [pyphi.conf] INFO Process-25: Using default configuration (no configuration file provided)
2026-05-16 04:25:44,686 [pyphi.conf] INFO Process-25: Current PyPhi configuration:
 { 'ASSUME_CUTS_CANNOT_CREATE_NEW_CONCEPTS': False,
  'CACHE_POTENTIAL_PURVIEWS': True,
  'CACHE_REPERTOIRES': True,
  'CACHE_SIAS': False,
  'CACHING_BACKEND': 'fs',
  'CLEAR_SUBSYSTEM_CACHES_AFTER_COMPUTING_SIA': False,
  'CUT_ONE_APPROXIMATION': False,
  'FS_CACHE_DIRECTORY': '__pyphi_cache__',
  'FS_CACHE_VERBOSITY': 0,
  'LOG_FILE': 'pyphi.log',
  'LOG_FILE_LEVEL': 'INFO',
  'LOG_STDOUT_LEVEL': 'WARNING',
  'MAXIMUM_CACHE_MEMORY_PERCENTAGE': 50,
  'MEASURE': 'EMD',
  'MONGODB_CONFIG': { 'collection_name': 'cache',
                      'database_name': 'pyphi',
                      'host': 'localhost',
                      'port': 27017},
  'NUMBER_OF_CORES': -1,
  'PARALLEL_COMPLEX_EVALUATION': False,
  'PARALLEL_CONCEPT_EVALUATION': False,
  'PARALLEL_CUT_EVALUATION': True,
  'PARTITION_TYPE': 'BI',
  'PICK_SMALLEST_PURVIEW': False,
  'PRECISION': 6,
  'PRINT_FRACTIONS': True,
  'PROGRESS_BARS': True,
  'REDIS_CACHE': False,
  'REDIS_CONFIG': {'db': 0, 'host': 'localhost', 'port': 6379, 'test_db': 1},
  'REPR_VERBOSITY': 2,
  'SINGLE_MICRO_NODES_WITH_SELFLOOPS_HAVE_PHI': False,
  'SYSTEM_CUTS': '3.0_STYLE',
  'USE_SMALL_PHI_DIFFERENCE_FOR_CES_DISTANCE': False,
  'VALIDATE_CONDITIONAL_INDEPENDENCE': True,
  'VALIDATE_SUBSYSTEM_STATES': True,
  'WELCOME_OFF': False}
2026-05-16 04:25:50,507 [pyphi.conf] INFO Process-26: PyPhi v1.2.0
2026-05-16 04:25:50,507 [pyphi.conf] INFO Process-26: Using default configuration (no configuration file provided)
2026-05-16 04:25:50,507 [pyphi.conf] INFO Process-26: Current PyPhi configuration:
 { 'ASSUME_CUTS_CANNOT_CREATE_NEW_CONCEPTS': False,
  'CACHE_POTENTIAL_PURVIEWS': True,
  'CACHE_REPERTOIRES': True,
  'CACHE_SIAS': False,
  'CACHING_BACKEND': 'fs',
  'CLEAR_SUBSYSTEM_CACHES_AFTER_COMPUTING_SIA': False,
  'CUT_ONE_APPROXIMATION': False,
  'FS_CACHE_DIRECTORY': '__pyphi_cache__',
  'FS_CACHE_VERBOSITY': 0,
  'LOG_FILE': 'pyphi.log',
  'LOG_FILE_LEVEL': 'INFO',
  'LOG_STDOUT_LEVEL': 'WARNING',
  'MAXIMUM_CACHE_MEMORY_PERCENTAGE': 50,
  'MEASURE': 'EMD',
  'MONGODB_CONFIG': { 'collection_name': 'cache',
                      'database_name': 'pyphi',
                      'host': 'localhost',
                      'port': 27017},
  'NUMBER_OF_CORES': -1,
  'PARALLEL_COMPLEX_EVALUATION': False,
  'PARALLEL_CONCEPT_EVALUATION': False,
  'PARALLEL_CUT_EVALUATION': True,
  'PARTITION_TYPE': 'BI',
  'PICK_SMALLEST_PURVIEW': False,
  'PRECISION': 6,
  'PRINT_FRACTIONS': True,
  'PROGRESS_BARS': True,
  'REDIS_CACHE': False,
  'REDIS_CONFIG': {'db': 0, 'host': 'localhost', 'port': 6379, 'test_db': 1},
  'REPR_VERBOSITY': 2,
  'SINGLE_MICRO_NODES_WITH_SELFLOOPS_HAVE_PHI': False,
  'SYSTEM_CUTS': '3.0_STYLE',
  'USE_SMALL_PHI_DIFFERENCE_FOR_CES_DISTANCE': False,
  'VALIDATE_CONDITIONAL_INDEPENDENCE': True,
  'VALIDATE_SUBSYSTEM_STATES': True,
  'WELCOME_OFF': False}
2026-05-16 04:25:56,474 [pyphi.compute.subsystem] INFO MainProcess: Finished calculating big-phi data for Subsystem(n0, n1, n2).
2026-05-16 04:25:56,475 [pyphi.compute.subsystem] INFO MainProcess: Calculating big-phi data for Subsystem(n0, n1, n2)...
2026-05-16 04:25:56,742 [pyphi.conf] INFO Process-27: PyPhi v1.2.0
2026-05-16 04:25:56,742 [pyphi.conf] INFO Process-27: Using default configuration (no configuration file provided)
2026-05-16 04:25:56,743 [pyphi.conf] INFO Process-27: Current PyPhi configuration:
 { 'ASSUME_CUTS_CANNOT_CREATE_NEW_CONCEPTS': False,
  'CACHE_POTENTIAL_PURVIEWS': True,
  'CACHE_REPERTOIRES': True,
  'CACHE_SIAS': False,
  'CACHING_BACKEND': 'fs',
  'CLEAR_SUBSYSTEM_CACHES_AFTER_COMPUTING_SIA': False,
  'CUT_ONE_APPROXIMATION': False,
  'FS_CACHE_DIRECTORY': '__pyphi_cache__',
  'FS_CACHE_VERBOSITY': 0,
  'LOG_FILE': 'pyphi.log',
  'LOG_FILE_LEVEL': 'INFO',
  'LOG_STDOUT_LEVEL': 'WARNING',
  'MAXIMUM_CACHE_MEMORY_PERCENTAGE': 50,
  'MEASURE': 'EMD',
  'MONGODB_CONFIG': { 'collection_name': 'cache',
                      'database_name': 'pyphi',
                      'host': 'localhost',
                      'port': 27017},
  'NUMBER_OF_CORES': -1,
  'PARALLEL_COMPLEX_EVALUATION': False,
  'PARALLEL_CONCEPT_EVALUATION': False,
  'PARALLEL_CUT_EVALUATION': True,
  'PARTITION_TYPE': 'BI',
  'PICK_SMALLEST_PURVIEW': False,
  'PRECISION': 6,
  'PRINT_FRACTIONS': True,
  'PROGRESS_BARS': True,
  'REDIS_CACHE': False,
  'REDIS_CONFIG': {'db': 0, 'host': 'localhost', 'port': 6379, 'test_db': 1},
  'REPR_VERBOSITY': 2,
  'SINGLE_MICRO_NODES_WITH_SELFLOOPS_HAVE_PHI': False,
  'SYSTEM_CUTS': '3.0_STYLE',
  'USE_SMALL_PHI_DIFFERENCE_FOR_CES_DISTANCE': False,
  'VALIDATE_CONDITIONAL_INDEPENDENCE': True,
  'VALIDATE_SUBSYSTEM_STATES': True,
  'WELCOME_OFF': False}
2026-05-16 04:26:01,933 [pyphi.conf] INFO Process-28: PyPhi v1.2.0
2026-05-16 04:26:01,933 [pyphi.conf] INFO Process-28: Using default configuration (no configuration file provided)
2026-05-16 04:26:01,934 [pyphi.conf] INFO Process-28: Current PyPhi configuration:
 { 'ASSUME_CUTS_CANNOT_CREATE_NEW_CONCEPTS': False,
  'CACHE_POTENTIAL_PURVIEWS': True,
  'CACHE_REPERTOIRES': True,
  'CACHE_SIAS': False,
  'CACHING_BACKEND': 'fs',
  'CLEAR_SUBSYSTEM_CACHES_AFTER_COMPUTING_SIA': False,
  'CUT_ONE_APPROXIMATION': False,
  'FS_CACHE_DIRECTORY': '__pyphi_cache__',
  'FS_CACHE_VERBOSITY': 0,
  'LOG_FILE': 'pyphi.log',
  'LOG_FILE_LEVEL': 'INFO',
  'LOG_STDOUT_LEVEL': 'WARNING',
  'MAXIMUM_CACHE_MEMORY_PERCENTAGE': 50,
  'MEASURE': 'EMD',
  'MONGODB_CONFIG': { 'collection_name': 'cache',
                      'database_name': 'pyphi',
                      'host': 'localhost',
                      'port': 27017},
  'NUMBER_OF_CORES': -1,
  'PARALLEL_COMPLEX_EVALUATION': False,
  'PARALLEL_CONCEPT_EVALUATION': False,
  'PARALLEL_CUT_EVALUATION': True,
  'PARTITION_TYPE': 'BI',
  'PICK_SMALLEST_PURVIEW': False,
  'PRECISION': 6,
  'PRINT_FRACTIONS': True,
  'PROGRESS_BARS': True,
  'REDIS_CACHE': False,
  'REDIS_CONFIG': {'db': 0, 'host': 'localhost', 'port': 6379, 'test_db': 1},
  'REPR_VERBOSITY': 2,
  'SINGLE_MICRO_NODES_WITH_SELFLOOPS_HAVE_PHI': False,
  'SYSTEM_CUTS': '3.0_STYLE',
  'USE_SMALL_PHI_DIFFERENCE_FOR_CES_DISTANCE': False,
  'VALIDATE_CONDITIONAL_INDEPENDENCE': True,
  'VALIDATE_SUBSYSTEM_STATES': True,
  'WELCOME_OFF': False}
2026-05-16 04:26:07,247 [pyphi.compute.subsystem] INFO MainProcess: Finished calculating big-phi data for Subsystem(n0, n1, n2).
2026-05-16 04:26:07,249 [pyphi.compute.subsystem] INFO MainProcess: Calculating big-phi data for Subsystem(n0, n1, n2)...
2026-05-16 04:26:07,467 [pyphi.conf] INFO Process-29: PyPhi v1.2.0
2026-05-16 04:26:07,467 [pyphi.conf] INFO Process-29: Using default configuration (no configuration file provided)
2026-05-16 04:26:07,467 [pyphi.conf] INFO Process-29: Current PyPhi configuration:
 { 'ASSUME_CUTS_CANNOT_CREATE_NEW_CONCEPTS': False,
  'CACHE_POTENTIAL_PURVIEWS': True,
  'CACHE_REPERTOIRES': True,
  'CACHE_SIAS': False,
  'CACHING_BACKEND': 'fs',
  'CLEAR_SUBSYSTEM_CACHES_AFTER_COMPUTING_SIA': False,
  'CUT_ONE_APPROXIMATION': False,
  'FS_CACHE_DIRECTORY': '__pyphi_cache__',
  'FS_CACHE_VERBOSITY': 0,
  'LOG_FILE': 'pyphi.log',
  'LOG_FILE_LEVEL': 'INFO',
  'LOG_STDOUT_LEVEL': 'WARNING',
  'MAXIMUM_CACHE_MEMORY_PERCENTAGE': 50,
  'MEASURE': 'EMD',
  'MONGODB_CONFIG': { 'collection_name': 'cache',
                      'database_name': 'pyphi',
                      'host': 'localhost',
                      'port': 27017},
  'NUMBER_OF_CORES': -1,
  'PARALLEL_COMPLEX_EVALUATION': False,
  'PARALLEL_CONCEPT_EVALUATION': False,
  'PARALLEL_CUT_EVALUATION': True,
  'PARTITION_TYPE': 'BI',
  'PICK_SMALLEST_PURVIEW': False,
  'PRECISION': 6,
  'PRINT_FRACTIONS': True,
  'PROGRESS_BARS': True,
  'REDIS_CACHE': False,
  'REDIS_CONFIG': {'db': 0, 'host': 'localhost', 'port': 6379, 'test_db': 1},
  'REPR_VERBOSITY': 2,
  'SINGLE_MICRO_NODES_WITH_SELFLOOPS_HAVE_PHI': False,
  'SYSTEM_CUTS': '3.0_STYLE',
  'USE_SMALL_PHI_DIFFERENCE_FOR_CES_DISTANCE': False,
  'VALIDATE_CONDITIONAL_INDEPENDENCE': True,
  'VALIDATE_SUBSYSTEM_STATES': True,
  'WELCOME_OFF': False}
2026-05-16 04:26:12,452 [pyphi.conf] INFO Process-30: PyPhi v1.2.0
2026-05-16 04:26:12,452 [pyphi.conf] INFO Process-30: Using default configuration (no configuration file provided)
2026-05-16 04:26:12,453 [pyphi.conf] INFO Process-30: Current PyPhi configuration:
 { 'ASSUME_CUTS_CANNOT_CREATE_NEW_CONCEPTS': False,
  'CACHE_POTENTIAL_PURVIEWS': True,
  'CACHE_REPERTOIRES': True,
  'CACHE_SIAS': False,
  'CACHING_BACKEND': 'fs',
  'CLEAR_SUBSYSTEM_CACHES_AFTER_COMPUTING_SIA': False,
  'CUT_ONE_APPROXIMATION': False,
  'FS_CACHE_DIRECTORY': '__pyphi_cache__',
  'FS_CACHE_VERBOSITY': 0,
  'LOG_FILE': 'pyphi.log',
  'LOG_FILE_LEVEL': 'INFO',
  'LOG_STDOUT_LEVEL': 'WARNING',
  'MAXIMUM_CACHE_MEMORY_PERCENTAGE': 50,
  'MEASURE': 'EMD',
  'MONGODB_CONFIG': { 'collection_name': 'cache',
                      'database_name': 'pyphi',
                      'host': 'localhost',
                      'port': 27017},
  'NUMBER_OF_CORES': -1,
  'PARALLEL_COMPLEX_EVALUATION': False,
  'PARALLEL_CONCEPT_EVALUATION': False,
  'PARALLEL_CUT_EVALUATION': True,
  'PARTITION_TYPE': 'BI',
  'PICK_SMALLEST_PURVIEW': False,
  'PRECISION': 6,
  'PRINT_FRACTIONS': True,
  'PROGRESS_BARS': True,
  'REDIS_CACHE': False,
  'REDIS_CONFIG': {'db': 0, 'host': 'localhost', 'port': 6379, 'test_db': 1},
  'REPR_VERBOSITY': 2,
  'SINGLE_MICRO_NODES_WITH_SELFLOOPS_HAVE_PHI': False,
  'SYSTEM_CUTS': '3.0_STYLE',
  'USE_SMALL_PHI_DIFFERENCE_FOR_CES_DISTANCE': False,
  'VALIDATE_CONDITIONAL_INDEPENDENCE': True,
  'VALIDATE_SUBSYSTEM_STATES': True,
  'WELCOME_OFF': False}
2026-05-16 04:26:17,324 [pyphi.compute.subsystem] INFO MainProcess: Finished calculating big-phi data for Subsystem(n0, n1, n2).
2026-05-16 04:26:17,325 [pyphi.compute.subsystem] INFO MainProcess: Calculating big-phi data for Subsystem(n0, n1, n2)...
2026-05-16 04:26:17,566 [pyphi.conf] INFO Process-31: PyPhi v1.2.0
2026-05-16 04:26:17,566 [pyphi.conf] INFO Process-31: Using default configuration (no configuration file provided)
2026-05-16 04:26:17,567 [pyphi.conf] INFO Process-31: Current PyPhi configuration:
 { 'ASSUME_CUTS_CANNOT_CREATE_NEW_CONCEPTS': False,
  'CACHE_POTENTIAL_PURVIEWS': True,
  'CACHE_REPERTOIRES': True,
  'CACHE_SIAS': False,
  'CACHING_BACKEND': 'fs',
  'CLEAR_SUBSYSTEM_CACHES_AFTER_COMPUTING_SIA': False,
  'CUT_ONE_APPROXIMATION': False,
  'FS_CACHE_DIRECTORY': '__pyphi_cache__',
  'FS_CACHE_VERBOSITY': 0,
  'LOG_FILE': 'pyphi.log',
  'LOG_FILE_LEVEL': 'INFO',
  'LOG_STDOUT_LEVEL': 'WARNING',
  'MAXIMUM_CACHE_MEMORY_PERCENTAGE': 50,
  'MEASURE': 'EMD',
  'MONGODB_CONFIG': { 'collection_name': 'cache',
                      'database_name': 'pyphi',
                      'host': 'localhost',
                      'port': 27017},
  'NUMBER_OF_CORES': -1,
  'PARALLEL_COMPLEX_EVALUATION': False,
  'PARALLEL_CONCEPT_EVALUATION': False,
  'PARALLEL_CUT_EVALUATION': True,
  'PARTITION_TYPE': 'BI',
  'PICK_SMALLEST_PURVIEW': False,
  'PRECISION': 6,
  'PRINT_FRACTIONS': True,
  'PROGRESS_BARS': True,
  'REDIS_CACHE': False,
  'REDIS_CONFIG': {'db': 0, 'host': 'localhost', 'port': 6379, 'test_db': 1},
  'REPR_VERBOSITY': 2,
  'SINGLE_MICRO_NODES_WITH_SELFLOOPS_HAVE_PHI': False,
  'SYSTEM_CUTS': '3.0_STYLE',
  'USE_SMALL_PHI_DIFFERENCE_FOR_CES_DISTANCE': False,
  'VALIDATE_CONDITIONAL_INDEPENDENCE': True,
  'VALIDATE_SUBSYSTEM_STATES': True,
  'WELCOME_OFF': False}
2026-05-16 04:26:22,594 [pyphi.conf] INFO Process-32: PyPhi v1.2.0
2026-05-16 04:26:22,594 [pyphi.conf] INFO Process-32: Using default configuration (no configuration file provided)
2026-05-16 04:26:22,594 [pyphi.conf] INFO Process-32: Current PyPhi configuration:
 { 'ASSUME_CUTS_CANNOT_CREATE_NEW_CONCEPTS': False,
  'CACHE_POTENTIAL_PURVIEWS': True,
  'CACHE_REPERTOIRES': True,
  'CACHE_SIAS': False,
  'CACHING_BACKEND': 'fs',
  'CLEAR_SUBSYSTEM_CACHES_AFTER_COMPUTING_SIA': False,
  'CUT_ONE_APPROXIMATION': False,
  'FS_CACHE_DIRECTORY': '__pyphi_cache__',
  'FS_CACHE_VERBOSITY': 0,
  'LOG_FILE': 'pyphi.log',
  'LOG_FILE_LEVEL': 'INFO',
  'LOG_STDOUT_LEVEL': 'WARNING',
  'MAXIMUM_CACHE_MEMORY_PERCENTAGE': 50,
  'MEASURE': 'EMD',
  'MONGODB_CONFIG': { 'collection_name': 'cache',
                      'database_name': 'pyphi',
                      'host': 'localhost',
                      'port': 27017},
  'NUMBER_OF_CORES': -1,
  'PARALLEL_COMPLEX_EVALUATION': False,
  'PARALLEL_CONCEPT_EVALUATION': False,
  'PARALLEL_CUT_EVALUATION': True,
  'PARTITION_TYPE': 'BI',
  'PICK_SMALLEST_PURVIEW': False,
  'PRECISION': 6,
  'PRINT_FRACTIONS': True,
  'PROGRESS_BARS': True,
  'REDIS_CACHE': False,
  'REDIS_CONFIG': {'db': 0, 'host': 'localhost', 'port': 6379, 'test_db': 1},
  'REPR_VERBOSITY': 2,
  'SINGLE_MICRO_NODES_WITH_SELFLOOPS_HAVE_PHI': False,
  'SYSTEM_CUTS': '3.0_STYLE',
  'USE_SMALL_PHI_DIFFERENCE_FOR_CES_DISTANCE': False,
  'VALIDATE_CONDITIONAL_INDEPENDENCE': True,
  'VALIDATE_SUBSYSTEM_STATES': True,
  'WELCOME_OFF': False}
2026-05-16 04:26:27,593 [pyphi.compute.subsystem] INFO MainProcess: Finished calculating big-phi data for Subsystem(n0, n1, n2).
2026-05-16 04:26:27,594 [pyphi.compute.subsystem] INFO MainProcess: Calculating big-phi data for Subsystem(n0, n1, n2)...
2026-05-16 04:26:27,873 [pyphi.conf] INFO Process-33: PyPhi v1.2.0
2026-05-16 04:26:27,874 [pyphi.conf] INFO Process-33: Using default configuration (no configuration file provided)
2026-05-16 04:26:27,874 [pyphi.conf] INFO Process-33: Current PyPhi configuration:
 { 'ASSUME_CUTS_CANNOT_CREATE_NEW_CONCEPTS': False,
  'CACHE_POTENTIAL_PURVIEWS': True,
  'CACHE_REPERTOIRES': True,
  'CACHE_SIAS': False,
  'CACHING_BACKEND': 'fs',
  'CLEAR_SUBSYSTEM_CACHES_AFTER_COMPUTING_SIA': False,
  'CUT_ONE_APPROXIMATION': False,
  'FS_CACHE_DIRECTORY': '__pyphi_cache__',
  'FS_CACHE_VERBOSITY': 0,
  'LOG_FILE': 'pyphi.log',
  'LOG_FILE_LEVEL': 'INFO',
  'LOG_STDOUT_LEVEL': 'WARNING',
  'MAXIMUM_CACHE_MEMORY_PERCENTAGE': 50,
  'MEASURE': 'EMD',
  'MONGODB_CONFIG': { 'collection_name': 'cache',
                      'database_name': 'pyphi',
                      'host': 'localhost',
                      'port': 27017},
  'NUMBER_OF_CORES': -1,
  'PARALLEL_COMPLEX_EVALUATION': False,
  'PARALLEL_CONCEPT_EVALUATION': False,
  'PARALLEL_CUT_EVALUATION': True,
  'PARTITION_TYPE': 'BI',
  'PICK_SMALLEST_PURVIEW': False,
  'PRECISION': 6,
  'PRINT_FRACTIONS': True,
  'PROGRESS_BARS': True,
  'REDIS_CACHE': False,
  'REDIS_CONFIG': {'db': 0, 'host': 'localhost', 'port': 6379, 'test_db': 1},
  'REPR_VERBOSITY': 2,
  'SINGLE_MICRO_NODES_WITH_SELFLOOPS_HAVE_PHI': False,
  'SYSTEM_CUTS': '3.0_STYLE',
  'USE_SMALL_PHI_DIFFERENCE_FOR_CES_DISTANCE': False,
  'VALIDATE_CONDITIONAL_INDEPENDENCE': True,
  'VALIDATE_SUBSYSTEM_STATES': True,
  'WELCOME_OFF': False}
2026-05-16 04:26:32,717 [pyphi.conf] INFO Process-34: PyPhi v1.2.0
2026-05-16 04:26:32,718 [pyphi.conf] INFO Process-34: Using default configuration (no configuration file provided)
2026-05-16 04:26:32,718 [pyphi.conf] INFO Process-34: Current PyPhi configuration:
 { 'ASSUME_CUTS_CANNOT_CREATE_NEW_CONCEPTS': False,
  'CACHE_POTENTIAL_PURVIEWS': True,
  'CACHE_REPERTOIRES': True,
  'CACHE_SIAS': False,
  'CACHING_BACKEND': 'fs',
  'CLEAR_SUBSYSTEM_CACHES_AFTER_COMPUTING_SIA': False,
  'CUT_ONE_APPROXIMATION': False,
  'FS_CACHE_DIRECTORY': '__pyphi_cache__',
  'FS_CACHE_VERBOSITY': 0,
  'LOG_FILE': 'pyphi.log',
  'LOG_FILE_LEVEL': 'INFO',
  'LOG_STDOUT_LEVEL': 'WARNING',
  'MAXIMUM_CACHE_MEMORY_PERCENTAGE': 50,
  'MEASURE': 'EMD',
  'MONGODB_CONFIG': { 'collection_name': 'cache',
                      'database_name': 'pyphi',
                      'host': 'localhost',
                      'port': 27017},
  'NUMBER_OF_CORES': -1,
  'PARALLEL_COMPLEX_EVALUATION': False,
  'PARALLEL_CONCEPT_EVALUATION': False,
  'PARALLEL_CUT_EVALUATION': True,
  'PARTITION_TYPE': 'BI',
  'PICK_SMALLEST_PURVIEW': False,
  'PRECISION': 6,
  'PRINT_FRACTIONS': True,
  'PROGRESS_BARS': True,
  'REDIS_CACHE': False,
  'REDIS_CONFIG': {'db': 0, 'host': 'localhost', 'port': 6379, 'test_db': 1},
  'REPR_VERBOSITY': 2,
  'SINGLE_MICRO_NODES_WITH_SELFLOOPS_HAVE_PHI': False,
  'SYSTEM_CUTS': '3.0_STYLE',
  'USE_SMALL_PHI_DIFFERENCE_FOR_CES_DISTANCE': False,
  'VALIDATE_CONDITIONAL_INDEPENDENCE': True,
  'VALIDATE_SUBSYSTEM_STATES': True,
  'WELCOME_OFF': False}
2026-05-16 04:26:37,035 [pyphi.compute.subsystem] INFO MainProcess: Finished calculating big-phi data for Subsystem(n0, n1, n2).
2026-05-16 04:26:37,038 [pyphi.compute.subsystem] INFO MainProcess: Calculating big-phi data for Subsystem(n0, n1, n2)...
2026-05-16 04:26:37,247 [pyphi.conf] INFO Process-35: PyPhi v1.2.0
2026-05-16 04:26:37,247 [pyphi.conf] INFO Process-35: Using default configuration (no configuration file provided)
2026-05-16 04:26:37,248 [pyphi.conf] INFO Process-35: Current PyPhi configuration:
 { 'ASSUME_CUTS_CANNOT_CREATE_NEW_CONCEPTS': False,
  'CACHE_POTENTIAL_PURVIEWS': True,
  'CACHE_REPERTOIRES': True,
  'CACHE_SIAS': False,
  'CACHING_BACKEND': 'fs',
  'CLEAR_SUBSYSTEM_CACHES_AFTER_COMPUTING_SIA': False,
  'CUT_ONE_APPROXIMATION': False,
  'FS_CACHE_DIRECTORY': '__pyphi_cache__',
  'FS_CACHE_VERBOSITY': 0,
  'LOG_FILE': 'pyphi.log',
  'LOG_FILE_LEVEL': 'INFO',
  'LOG_STDOUT_LEVEL': 'WARNING',
  'MAXIMUM_CACHE_MEMORY_PERCENTAGE': 50,
  'MEASURE': 'EMD',
  'MONGODB_CONFIG': { 'collection_name': 'cache',
                      'database_name': 'pyphi',
                      'host': 'localhost',
                      'port': 27017},
  'NUMBER_OF_CORES': -1,
  'PARALLEL_COMPLEX_EVALUATION': False,
  'PARALLEL_CONCEPT_EVALUATION': False,
  'PARALLEL_CUT_EVALUATION': True,
  'PARTITION_TYPE': 'BI',
  'PICK_SMALLEST_PURVIEW': False,
  'PRECISION': 6,
  'PRINT_FRACTIONS': True,
  'PROGRESS_BARS': True,
  'REDIS_CACHE': False,
  'REDIS_CONFIG': {'db': 0, 'host': 'localhost', 'port': 6379, 'test_db': 1},
  'REPR_VERBOSITY': 2,
  'SINGLE_MICRO_NODES_WITH_SELFLOOPS_HAVE_PHI': False,
  'SYSTEM_CUTS': '3.0_STYLE',
  'USE_SMALL_PHI_DIFFERENCE_FOR_CES_DISTANCE': False,
  'VALIDATE_CONDITIONAL_INDEPENDENCE': True,
  'VALIDATE_SUBSYSTEM_STATES': True,
  'WELCOME_OFF': False}
2026-05-16 04:26:41,796 [pyphi.conf] INFO Process-36: PyPhi v1.2.0
2026-05-16 04:26:41,796 [pyphi.conf] INFO Process-36: Using default configuration (no configuration file provided)
2026-05-16 04:26:41,797 [pyphi.conf] INFO Process-36: Current PyPhi configuration:
 { 'ASSUME_CUTS_CANNOT_CREATE_NEW_CONCEPTS': False,
  'CACHE_POTENTIAL_PURVIEWS': True,
  'CACHE_REPERTOIRES': True,
  'CACHE_SIAS': False,
  'CACHING_BACKEND': 'fs',
  'CLEAR_SUBSYSTEM_CACHES_AFTER_COMPUTING_SIA': False,
  'CUT_ONE_APPROXIMATION': False,
  'FS_CACHE_DIRECTORY': '__pyphi_cache__',
  'FS_CACHE_VERBOSITY': 0,
  'LOG_FILE': 'pyphi.log',
  'LOG_FILE_LEVEL': 'INFO',
  'LOG_STDOUT_LEVEL': 'WARNING',
  'MAXIMUM_CACHE_MEMORY_PERCENTAGE': 50,
  'MEASURE': 'EMD',
  'MONGODB_CONFIG': { 'collection_name': 'cache',
                      'database_name': 'pyphi',
                      'host': 'localhost',
                      'port': 27017},
  'NUMBER_OF_CORES': -1,
  'PARALLEL_COMPLEX_EVALUATION': False,
  'PARALLEL_CONCEPT_EVALUATION': False,
  'PARALLEL_CUT_EVALUATION': True,
  'PARTITION_TYPE': 'BI',
  'PICK_SMALLEST_PURVIEW': False,
  'PRECISION': 6,
  'PRINT_FRACTIONS': True,
  'PROGRESS_BARS': True,
  'REDIS_CACHE': False,
  'REDIS_CONFIG': {'db': 0, 'host': 'localhost', 'port': 6379, 'test_db': 1},
  'REPR_VERBOSITY': 2,
  'SINGLE_MICRO_NODES_WITH_SELFLOOPS_HAVE_PHI': False,
  'SYSTEM_CUTS': '3.0_STYLE',
  'USE_SMALL_PHI_DIFFERENCE_FOR_CES_DISTANCE': False,
  'VALIDATE_CONDITIONAL_INDEPENDENCE': True,
  'VALIDATE_SUBSYSTEM_STATES': True,
  'WELCOME_OFF': False}
2026-05-16 04:26:46,144 [pyphi.compute.subsystem] INFO MainProcess: Finished calculating big-phi data for Subsystem(n0, n1, n2).
2026-05-16 04:26:46,145 [pyphi.compute.subsystem] INFO MainProcess: Calculating big-phi data for Subsystem(n0, n1, n2)...
2026-05-16 04:26:46,354 [pyphi.conf] INFO Process-37: PyPhi v1.2.0
2026-05-16 04:26:46,354 [pyphi.conf] INFO Process-37: Using default configuration (no configuration file provided)
2026-05-16 04:26:46,354 [pyphi.conf] INFO Process-37: Current PyPhi configuration:
 { 'ASSUME_CUTS_CANNOT_CREATE_NEW_CONCEPTS': False,
  'CACHE_POTENTIAL_PURVIEWS': True,
  'CACHE_REPERTOIRES': True,
  'CACHE_SIAS': False,
  'CACHING_BACKEND': 'fs',
  'CLEAR_SUBSYSTEM_CACHES_AFTER_COMPUTING_SIA': False,
  'CUT_ONE_APPROXIMATION': False,
  'FS_CACHE_DIRECTORY': '__pyphi_cache__',
  'FS_CACHE_VERBOSITY': 0,
  'LOG_FILE': 'pyphi.log',
  'LOG_FILE_LEVEL': 'INFO',
  'LOG_STDOUT_LEVEL': 'WARNING',
  'MAXIMUM_CACHE_MEMORY_PERCENTAGE': 50,
  'MEASURE': 'EMD',
  'MONGODB_CONFIG': { 'collection_name': 'cache',
                      'database_name': 'pyphi',
                      'host': 'localhost',
                      'port': 27017},
  'NUMBER_OF_CORES': -1,
  'PARALLEL_COMPLEX_EVALUATION': False,
  'PARALLEL_CONCEPT_EVALUATION': False,
  'PARALLEL_CUT_EVALUATION': True,
  'PARTITION_TYPE': 'BI',
  'PICK_SMALLEST_PURVIEW': False,
  'PRECISION': 6,
  'PRINT_FRACTIONS': True,
  'PROGRESS_BARS': True,
  'REDIS_CACHE': False,
  'REDIS_CONFIG': {'db': 0, 'host': 'localhost', 'port': 6379, 'test_db': 1},
  'REPR_VERBOSITY': 2,
  'SINGLE_MICRO_NODES_WITH_SELFLOOPS_HAVE_PHI': False,
  'SYSTEM_CUTS': '3.0_STYLE',
  'USE_SMALL_PHI_DIFFERENCE_FOR_CES_DISTANCE': False,
  'VALIDATE_CONDITIONAL_INDEPENDENCE': True,
  'VALIDATE_SUBSYSTEM_STATES': True,
  'WELCOME_OFF': False}
2026-05-16 04:26:50,572 [pyphi.conf] INFO Process-38: PyPhi v1.2.0
2026-05-16 04:26:50,572 [pyphi.conf] INFO Process-38: Using default configuration (no configuration file provided)
2026-05-16 04:26:50,573 [pyphi.conf] INFO Process-38: Current PyPhi configuration:
 { 'ASSUME_CUTS_CANNOT_CREATE_NEW_CONCEPTS': False,
  'CACHE_POTENTIAL_PURVIEWS': True,
  'CACHE_REPERTOIRES': True,
  'CACHE_SIAS': False,
  'CACHING_BACKEND': 'fs',
  'CLEAR_SUBSYSTEM_CACHES_AFTER_COMPUTING_SIA': False,
  'CUT_ONE_APPROXIMATION': False,
  'FS_CACHE_DIRECTORY': '__pyphi_cache__',
  'FS_CACHE_VERBOSITY': 0,
  'LOG_FILE': 'pyphi.log',
  'LOG_FILE_LEVEL': 'INFO',
  'LOG_STDOUT_LEVEL': 'WARNING',
  'MAXIMUM_CACHE_MEMORY_PERCENTAGE': 50,
  'MEASURE': 'EMD',
  'MONGODB_CONFIG': { 'collection_name': 'cache',
                      'database_name': 'pyphi',
                      'host': 'localhost',
                      'port': 27017},
  'NUMBER_OF_CORES': -1,
  'PARALLEL_COMPLEX_EVALUATION': False,
  'PARALLEL_CONCEPT_EVALUATION': False,
  'PARALLEL_CUT_EVALUATION': True,
  'PARTITION_TYPE': 'BI',
  'PICK_SMALLEST_PURVIEW': False,
  'PRECISION': 6,
  'PRINT_FRACTIONS': True,
  'PROGRESS_BARS': True,
  'REDIS_CACHE': False,
  'REDIS_CONFIG': {'db': 0, 'host': 'localhost', 'port': 6379, 'test_db': 1},
  'REPR_VERBOSITY': 2,
  'SINGLE_MICRO_NODES_WITH_SELFLOOPS_HAVE_PHI': False,
  'SYSTEM_CUTS': '3.0_STYLE',
  'USE_SMALL_PHI_DIFFERENCE_FOR_CES_DISTANCE': False,
  'VALIDATE_CONDITIONAL_INDEPENDENCE': True,
  'VALIDATE_SUBSYSTEM_STATES': True,
  'WELCOME_OFF': False}
2026-05-16 04:26:54,888 [pyphi.compute.subsystem] INFO MainProcess: Finished calculating big-phi data for Subsystem(n0, n1, n2).
2026-05-16 04:26:54,889 [pyphi.compute.subsystem] INFO MainProcess: Calculating big-phi data for Subsystem(n0, n1, n2)...
2026-05-16 04:26:55,112 [pyphi.conf] INFO Process-39: PyPhi v1.2.0
2026-05-16 04:26:55,112 [pyphi.conf] INFO Process-39: Using default configuration (no configuration file provided)
2026-05-16 04:26:55,113 [pyphi.conf] INFO Process-39: Current PyPhi configuration:
 { 'ASSUME_CUTS_CANNOT_CREATE_NEW_CONCEPTS': False,
  'CACHE_POTENTIAL_PURVIEWS': True,
  'CACHE_REPERTOIRES': True,
  'CACHE_SIAS': False,
  'CACHING_BACKEND': 'fs',
  'CLEAR_SUBSYSTEM_CACHES_AFTER_COMPUTING_SIA': False,
  'CUT_ONE_APPROXIMATION': False,
  'FS_CACHE_DIRECTORY': '__pyphi_cache__',
  'FS_CACHE_VERBOSITY': 0,
  'LOG_FILE': 'pyphi.log',
  'LOG_FILE_LEVEL': 'INFO',
  'LOG_STDOUT_LEVEL': 'WARNING',
  'MAXIMUM_CACHE_MEMORY_PERCENTAGE': 50,
  'MEASURE': 'EMD',
  'MONGODB_CONFIG': { 'collection_name': 'cache',
                      'database_name': 'pyphi',
                      'host': 'localhost',
                      'port': 27017},
  'NUMBER_OF_CORES': -1,
  'PARALLEL_COMPLEX_EVALUATION': False,
  'PARALLEL_CONCEPT_EVALUATION': False,
  'PARALLEL_CUT_EVALUATION': True,
  'PARTITION_TYPE': 'BI',
  'PICK_SMALLEST_PURVIEW': False,
  'PRECISION': 6,
  'PRINT_FRACTIONS': True,
  'PROGRESS_BARS': True,
  'REDIS_CACHE': False,
  'REDIS_CONFIG': {'db': 0, 'host': 'localhost', 'port': 6379, 'test_db': 1},
  'REPR_VERBOSITY': 2,
  'SINGLE_MICRO_NODES_WITH_SELFLOOPS_HAVE_PHI': False,
  'SYSTEM_CUTS': '3.0_STYLE',
  'USE_SMALL_PHI_DIFFERENCE_FOR_CES_DISTANCE': False,
  'VALIDATE_CONDITIONAL_INDEPENDENCE': True,
  'VALIDATE_SUBSYSTEM_STATES': True,
  'WELCOME_OFF': False}
2026-05-16 04:26:59,417 [pyphi.conf] INFO Process-40: PyPhi v1.2.0
2026-05-16 04:26:59,417 [pyphi.conf] INFO Process-40: Using default configuration (no configuration file provided)
2026-05-16 04:26:59,417 [pyphi.conf] INFO Process-40: Current PyPhi configuration:
 { 'ASSUME_CUTS_CANNOT_CREATE_NEW_CONCEPTS': False,
  'CACHE_POTENTIAL_PURVIEWS': True,
  'CACHE_REPERTOIRES': True,
  'CACHE_SIAS': False,
  'CACHING_BACKEND': 'fs',
  'CLEAR_SUBSYSTEM_CACHES_AFTER_COMPUTING_SIA': False,
  'CUT_ONE_APPROXIMATION': False,
  'FS_CACHE_DIRECTORY': '__pyphi_cache__',
  'FS_CACHE_VERBOSITY': 0,
  'LOG_FILE': 'pyphi.log',
  'LOG_FILE_LEVEL': 'INFO',
  'LOG_STDOUT_LEVEL': 'WARNING',
  'MAXIMUM_CACHE_MEMORY_PERCENTAGE': 50,
  'MEASURE': 'EMD',
  'MONGODB_CONFIG': { 'collection_name': 'cache',
                      'database_name': 'pyphi',
                      'host': 'localhost',
                      'port': 27017},
  'NUMBER_OF_CORES': -1,
  'PARALLEL_COMPLEX_EVALUATION': False,
  'PARALLEL_CONCEPT_EVALUATION': False,
  'PARALLEL_CUT_EVALUATION': True,
  'PARTITION_TYPE': 'BI',
  'PICK_SMALLEST_PURVIEW': False,
  'PRECISION': 6,
  'PRINT_FRACTIONS': True,
  'PROGRESS_BARS': True,
  'REDIS_CACHE': False,
  'REDIS_CONFIG': {'db': 0, 'host': 'localhost', 'port': 6379, 'test_db': 1},
  'REPR_VERBOSITY': 2,
  'SINGLE_MICRO_NODES_WITH_SELFLOOPS_HAVE_PHI': False,
  'SYSTEM_CUTS': '3.0_STYLE',
  'USE_SMALL_PHI_DIFFERENCE_FOR_CES_DISTANCE': False,
  'VALIDATE_CONDITIONAL_INDEPENDENCE': True,
  'VALIDATE_SUBSYSTEM_STATES': True,
  'WELCOME_OFF': False}
2026-05-16 04:27:04,101 [pyphi.compute.subsystem] INFO MainProcess: Finished calculating big-phi data for Subsystem(n0, n1, n2).
2026-05-16 04:27:04,103 [pyphi.compute.subsystem] INFO MainProcess: Calculating big-phi data for Subsystem(n0, n1, n2)...
2026-05-16 04:27:04,329 [pyphi.conf] INFO Process-41: PyPhi v1.2.0
2026-05-16 04:27:04,329 [pyphi.conf] INFO Process-41: Using default configuration (no configuration file provided)
2026-05-16 04:27:04,330 [pyphi.conf] INFO Process-41: Current PyPhi configuration:
 { 'ASSUME_CUTS_CANNOT_CREATE_NEW_CONCEPTS': False,
  'CACHE_POTENTIAL_PURVIEWS': True,
  'CACHE_REPERTOIRES': True,
  'CACHE_SIAS': False,
  'CACHING_BACKEND': 'fs',
  'CLEAR_SUBSYSTEM_CACHES_AFTER_COMPUTING_SIA': False,
  'CUT_ONE_APPROXIMATION': False,
  'FS_CACHE_DIRECTORY': '__pyphi_cache__',
  'FS_CACHE_VERBOSITY': 0,
  'LOG_FILE': 'pyphi.log',
  'LOG_FILE_LEVEL': 'INFO',
  'LOG_STDOUT_LEVEL': 'WARNING',
  'MAXIMUM_CACHE_MEMORY_PERCENTAGE': 50,
  'MEASURE': 'EMD',
  'MONGODB_CONFIG': { 'collection_name': 'cache',
                      'database_name': 'pyphi',
                      'host': 'localhost',
                      'port': 27017},
  'NUMBER_OF_CORES': -1,
  'PARALLEL_COMPLEX_EVALUATION': False,
  'PARALLEL_CONCEPT_EVALUATION': False,
  'PARALLEL_CUT_EVALUATION': True,
  'PARTITION_TYPE': 'BI',
  'PICK_SMALLEST_PURVIEW': False,
  'PRECISION': 6,
  'PRINT_FRACTIONS': True,
  'PROGRESS_BARS': True,
  'REDIS_CACHE': False,
  'REDIS_CONFIG': {'db': 0, 'host': 'localhost', 'port': 6379, 'test_db': 1},
  'REPR_VERBOSITY': 2,
  'SINGLE_MICRO_NODES_WITH_SELFLOOPS_HAVE_PHI': False,
  'SYSTEM_CUTS': '3.0_STYLE',
  'USE_SMALL_PHI_DIFFERENCE_FOR_CES_DISTANCE': False,
  'VALIDATE_CONDITIONAL_INDEPENDENCE': True,
  'VALIDATE_SUBSYSTEM_STATES': True,
  'WELCOME_OFF': False}
2026-05-16 04:27:08,877 [pyphi.conf] INFO Process-42: PyPhi v1.2.0
2026-05-16 04:27:08,877 [pyphi.conf] INFO Process-42: Using default configuration (no configuration file provided)
2026-05-16 04:27:08,877 [pyphi.conf] INFO Process-42: Current PyPhi configuration:
 { 'ASSUME_CUTS_CANNOT_CREATE_NEW_CONCEPTS': False,
  'CACHE_POTENTIAL_PURVIEWS': True,
  'CACHE_REPERTOIRES': True,
  'CACHE_SIAS': False,
  'CACHING_BACKEND': 'fs',
  'CLEAR_SUBSYSTEM_CACHES_AFTER_COMPUTING_SIA': False,
  'CUT_ONE_APPROXIMATION': False,
  'FS_CACHE_DIRECTORY': '__pyphi_cache__',
  'FS_CACHE_VERBOSITY': 0,
  'LOG_FILE': 'pyphi.log',
  'LOG_FILE_LEVEL': 'INFO',
  'LOG_STDOUT_LEVEL': 'WARNING',
  'MAXIMUM_CACHE_MEMORY_PERCENTAGE': 50,
  'MEASURE': 'EMD',
  'MONGODB_CONFIG': { 'collection_name': 'cache',
                      'database_name': 'pyphi',
                      'host': 'localhost',
                      'port': 27017},
  'NUMBER_OF_CORES': -1,
  'PARALLEL_COMPLEX_EVALUATION': False,
  'PARALLEL_CONCEPT_EVALUATION': False,
  'PARALLEL_CUT_EVALUATION': True,
  'PARTITION_TYPE': 'BI',
  'PICK_SMALLEST_PURVIEW': False,
  'PRECISION': 6,
  'PRINT_FRACTIONS': True,
  'PROGRESS_BARS': True,
  'REDIS_CACHE': False,
  'REDIS_CONFIG': {'db': 0, 'host': 'localhost', 'port': 6379, 'test_db': 1},
  'REPR_VERBOSITY': 2,
  'SINGLE_MICRO_NODES_WITH_SELFLOOPS_HAVE_PHI': False,
  'SYSTEM_CUTS': '3.0_STYLE',
  'USE_SMALL_PHI_DIFFERENCE_FOR_CES_DISTANCE': False,
  'VALIDATE_CONDITIONAL_INDEPENDENCE': True,
  'VALIDATE_SUBSYSTEM_STATES': True,
  'WELCOME_OFF': False}
2026-05-16 04:27:14,008 [pyphi.compute.subsystem] INFO MainProcess: Finished calculating big-phi data for Subsystem(n0, n1, n2).
2026-05-16 04:27:14,009 [pyphi.compute.subsystem] INFO MainProcess: Calculating big-phi data for Subsystem(n0, n1, n2)...
2026-05-16 04:27:14,271 [pyphi.conf] INFO Process-43: PyPhi v1.2.0
2026-05-16 04:27:14,272 [pyphi.conf] INFO Process-43: Using default configuration (no configuration file provided)
2026-05-16 04:27:14,272 [pyphi.conf] INFO Process-43: Current PyPhi configuration:
 { 'ASSUME_CUTS_CANNOT_CREATE_NEW_CONCEPTS': False,
  'CACHE_POTENTIAL_PURVIEWS': True,
  'CACHE_REPERTOIRES': True,
  'CACHE_SIAS': False,
  'CACHING_BACKEND': 'fs',
  'CLEAR_SUBSYSTEM_CACHES_AFTER_COMPUTING_SIA': False,
  'CUT_ONE_APPROXIMATION': False,
  'FS_CACHE_DIRECTORY': '__pyphi_cache__',
  'FS_CACHE_VERBOSITY': 0,
  'LOG_FILE': 'pyphi.log',
  'LOG_FILE_LEVEL': 'INFO',
  'LOG_STDOUT_LEVEL': 'WARNING',
  'MAXIMUM_CACHE_MEMORY_PERCENTAGE': 50,
  'MEASURE': 'EMD',
  'MONGODB_CONFIG': { 'collection_name': 'cache',
                      'database_name': 'pyphi',
                      'host': 'localhost',
                      'port': 27017},
  'NUMBER_OF_CORES': -1,
  'PARALLEL_COMPLEX_EVALUATION': False,
  'PARALLEL_CONCEPT_EVALUATION': False,
  'PARALLEL_CUT_EVALUATION': True,
  'PARTITION_TYPE': 'BI',
  'PICK_SMALLEST_PURVIEW': False,
  'PRECISION': 6,
  'PRINT_FRACTIONS': True,
  'PROGRESS_BARS': True,
  'REDIS_CACHE': False,
  'REDIS_CONFIG': {'db': 0, 'host': 'localhost', 'port': 6379, 'test_db': 1},
  'REPR_VERBOSITY': 2,
  'SINGLE_MICRO_NODES_WITH_SELFLOOPS_HAVE_PHI': False,
  'SYSTEM_CUTS': '3.0_STYLE',
  'USE_SMALL_PHI_DIFFERENCE_FOR_CES_DISTANCE': False,
  'VALIDATE_CONDITIONAL_INDEPENDENCE': True,
  'VALIDATE_SUBSYSTEM_STATES': True,
  'WELCOME_OFF': False}
2026-05-16 04:27:19,164 [pyphi.conf] INFO Process-44: PyPhi v1.2.0
2026-05-16 04:27:19,164 [pyphi.conf] INFO Process-44: Using default configuration (no configuration file provided)
2026-05-16 04:27:19,164 [pyphi.conf] INFO Process-44: Current PyPhi configuration:
 { 'ASSUME_CUTS_CANNOT_CREATE_NEW_CONCEPTS': False,
  'CACHE_POTENTIAL_PURVIEWS': True,
  'CACHE_REPERTOIRES': True,
  'CACHE_SIAS': False,
  'CACHING_BACKEND': 'fs',
  'CLEAR_SUBSYSTEM_CACHES_AFTER_COMPUTING_SIA': False,
  'CUT_ONE_APPROXIMATION': False,
  'FS_CACHE_DIRECTORY': '__pyphi_cache__',
  'FS_CACHE_VERBOSITY': 0,
  'LOG_FILE': 'pyphi.log',
  'LOG_FILE_LEVEL': 'INFO',
  'LOG_STDOUT_LEVEL': 'WARNING',
  'MAXIMUM_CACHE_MEMORY_PERCENTAGE': 50,
  'MEASURE': 'EMD',
  'MONGODB_CONFIG': { 'collection_name': 'cache',
                      'database_name': 'pyphi',
                      'host': 'localhost',
                      'port': 27017},
  'NUMBER_OF_CORES': -1,
  'PARALLEL_COMPLEX_EVALUATION': False,
  'PARALLEL_CONCEPT_EVALUATION': False,
  'PARALLEL_CUT_EVALUATION': True,
  'PARTITION_TYPE': 'BI',
  'PICK_SMALLEST_PURVIEW': False,
  'PRECISION': 6,
  'PRINT_FRACTIONS': True,
  'PROGRESS_BARS': True,
  'REDIS_CACHE': False,
  'REDIS_CONFIG': {'db': 0, 'host': 'localhost', 'port': 6379, 'test_db': 1},
  'REPR_VERBOSITY': 2,
  'SINGLE_MICRO_NODES_WITH_SELFLOOPS_HAVE_PHI': False,
  'SYSTEM_CUTS': '3.0_STYLE',
  'USE_SMALL_PHI_DIFFERENCE_FOR_CES_DISTANCE': False,
  'VALIDATE_CONDITIONAL_INDEPENDENCE': True,
  'VALIDATE_SUBSYSTEM_STATES': True,
  'WELCOME_OFF': False}
2026-05-16 04:27:23,964 [pyphi.compute.subsystem] INFO MainProcess: Finished calculating big-phi data for Subsystem(n0, n1, n2).
2026-05-16 04:27:23,966 [pyphi.compute.subsystem] INFO MainProcess: Calculating big-phi data for Subsystem(n0, n1, n2)...
2026-05-16 04:27:24,212 [pyphi.conf] INFO Process-45: PyPhi v1.2.0
2026-05-16 04:27:24,212 [pyphi.conf] INFO Process-45: Using default configuration (no configuration file provided)
2026-05-16 04:27:24,212 [pyphi.conf] INFO Process-45: Current PyPhi configuration:
 { 'ASSUME_CUTS_CANNOT_CREATE_NEW_CONCEPTS': False,
  'CACHE_POTENTIAL_PURVIEWS': True,
  'CACHE_REPERTOIRES': True,
  'CACHE_SIAS': False,
  'CACHING_BACKEND': 'fs',
  'CLEAR_SUBSYSTEM_CACHES_AFTER_COMPUTING_SIA': False,
  'CUT_ONE_APPROXIMATION': False,
  'FS_CACHE_DIRECTORY': '__pyphi_cache__',
  'FS_CACHE_VERBOSITY': 0,
  'LOG_FILE': 'pyphi.log',
  'LOG_FILE_LEVEL': 'INFO',
  'LOG_STDOUT_LEVEL': 'WARNING',
  'MAXIMUM_CACHE_MEMORY_PERCENTAGE': 50,
  'MEASURE': 'EMD',
  'MONGODB_CONFIG': { 'collection_name': 'cache',
                      'database_name': 'pyphi',
                      'host': 'localhost',
                      'port': 27017},
  'NUMBER_OF_CORES': -1,
  'PARALLEL_COMPLEX_EVALUATION': False,
  'PARALLEL_CONCEPT_EVALUATION': False,
  'PARALLEL_CUT_EVALUATION': True,
  'PARTITION_TYPE': 'BI',
  'PICK_SMALLEST_PURVIEW': False,
  'PRECISION': 6,
  'PRINT_FRACTIONS': True,
  'PROGRESS_BARS': True,
  'REDIS_CACHE': False,
  'REDIS_CONFIG': {'db': 0, 'host': 'localhost', 'port': 6379, 'test_db': 1},
  'REPR_VERBOSITY': 2,
  'SINGLE_MICRO_NODES_WITH_SELFLOOPS_HAVE_PHI': False,
  'SYSTEM_CUTS': '3.0_STYLE',
  'USE_SMALL_PHI_DIFFERENCE_FOR_CES_DISTANCE': False,
  'VALIDATE_CONDITIONAL_INDEPENDENCE': True,
  'VALIDATE_SUBSYSTEM_STATES': True,
  'WELCOME_OFF': False}
2026-05-16 04:27:29,524 [pyphi.conf] INFO Process-46: PyPhi v1.2.0
2026-05-16 04:27:29,525 [pyphi.conf] INFO Process-46: Using default configuration (no configuration file provided)
2026-05-16 04:27:29,525 [pyphi.conf] INFO Process-46: Current PyPhi configuration:
 { 'ASSUME_CUTS_CANNOT_CREATE_NEW_CONCEPTS': False,
  'CACHE_POTENTIAL_PURVIEWS': True,
  'CACHE_REPERTOIRES': True,
  'CACHE_SIAS': False,
  'CACHING_BACKEND': 'fs',
  'CLEAR_SUBSYSTEM_CACHES_AFTER_COMPUTING_SIA': False,
  'CUT_ONE_APPROXIMATION': False,
  'FS_CACHE_DIRECTORY': '__pyphi_cache__',
  'FS_CACHE_VERBOSITY': 0,
  'LOG_FILE': 'pyphi.log',
  'LOG_FILE_LEVEL': 'INFO',
  'LOG_STDOUT_LEVEL': 'WARNING',
  'MAXIMUM_CACHE_MEMORY_PERCENTAGE': 50,
  'MEASURE': 'EMD',
  'MONGODB_CONFIG': { 'collection_name': 'cache',
                      'database_name': 'pyphi',
                      'host': 'localhost',
                      'port': 27017},
  'NUMBER_OF_CORES': -1,
  'PARALLEL_COMPLEX_EVALUATION': False,
  'PARALLEL_CONCEPT_EVALUATION': False,
  'PARALLEL_CUT_EVALUATION': True,
  'PARTITION_TYPE': 'BI',
  'PICK_SMALLEST_PURVIEW': False,
  'PRECISION': 6,
  'PRINT_FRACTIONS': True,
  'PROGRESS_BARS': True,
  'REDIS_CACHE': False,
  'REDIS_CONFIG': {'db': 0, 'host': 'localhost', 'port': 6379, 'test_db': 1},
  'REPR_VERBOSITY': 2,
  'SINGLE_MICRO_NODES_WITH_SELFLOOPS_HAVE_PHI': False,
  'SYSTEM_CUTS': '3.0_STYLE',
  'USE_SMALL_PHI_DIFFERENCE_FOR_CES_DISTANCE': False,
  'VALIDATE_CONDITIONAL_INDEPENDENCE': True,
  'VALIDATE_SUBSYSTEM_STATES': True,
  'WELCOME_OFF': False}
2026-05-16 04:27:34,633 [pyphi.compute.subsystem] INFO MainProcess: Finished calculating big-phi data for Subsystem(n0, n1, n2).
2026-05-16 04:27:34,634 [pyphi.compute.subsystem] INFO MainProcess: Calculating big-phi data for Subsystem(n0, n1, n2)...
2026-05-16 04:27:34,856 [pyphi.conf] INFO Process-47: PyPhi v1.2.0
2026-05-16 04:27:34,856 [pyphi.conf] INFO Process-47: Using default configuration (no configuration file provided)
2026-05-16 04:27:34,856 [pyphi.conf] INFO Process-47: Current PyPhi configuration:
 { 'ASSUME_CUTS_CANNOT_CREATE_NEW_CONCEPTS': False,
  'CACHE_POTENTIAL_PURVIEWS': True,
  'CACHE_REPERTOIRES': True,
  'CACHE_SIAS': False,
  'CACHING_BACKEND': 'fs',
  'CLEAR_SUBSYSTEM_CACHES_AFTER_COMPUTING_SIA': False,
  'CUT_ONE_APPROXIMATION': False,
  'FS_CACHE_DIRECTORY': '__pyphi_cache__',
  'FS_CACHE_VERBOSITY': 0,
  'LOG_FILE': 'pyphi.log',
  'LOG_FILE_LEVEL': 'INFO',
  'LOG_STDOUT_LEVEL': 'WARNING',
  'MAXIMUM_CACHE_MEMORY_PERCENTAGE': 50,
  'MEASURE': 'EMD',
  'MONGODB_CONFIG': { 'collection_name': 'cache',
                      'database_name': 'pyphi',
                      'host': 'localhost',
                      'port': 27017},
  'NUMBER_OF_CORES': -1,
  'PARALLEL_COMPLEX_EVALUATION': False,
  'PARALLEL_CONCEPT_EVALUATION': False,
  'PARALLEL_CUT_EVALUATION': True,
  'PARTITION_TYPE': 'BI',
  'PICK_SMALLEST_PURVIEW': False,
  'PRECISION': 6,
  'PRINT_FRACTIONS': True,
  'PROGRESS_BARS': True,
  'REDIS_CACHE': False,
  'REDIS_CONFIG': {'db': 0, 'host': 'localhost', 'port': 6379, 'test_db': 1},
  'REPR_VERBOSITY': 2,
  'SINGLE_MICRO_NODES_WITH_SELFLOOPS_HAVE_PHI': False,
  'SYSTEM_CUTS': '3.0_STYLE',
  'USE_SMALL_PHI_DIFFERENCE_FOR_CES_DISTANCE': False,
  'VALIDATE_CONDITIONAL_INDEPENDENCE': True,
  'VALIDATE_SUBSYSTEM_STATES': True,
  'WELCOME_OFF': False}
2026-05-16 04:27:39,205 [pyphi.conf] INFO Process-48: PyPhi v1.2.0
2026-05-16 04:27:39,205 [pyphi.conf] INFO Process-48: Using default configuration (no configuration file provided)
2026-05-16 04:27:39,205 [pyphi.conf] INFO Process-48: Current PyPhi configuration:
 { 'ASSUME_CUTS_CANNOT_CREATE_NEW_CONCEPTS': False,
  'CACHE_POTENTIAL_PURVIEWS': True,
  'CACHE_REPERTOIRES': True,
  'CACHE_SIAS': False,
  'CACHING_BACKEND': 'fs',
  'CLEAR_SUBSYSTEM_CACHES_AFTER_COMPUTING_SIA': False,
  'CUT_ONE_APPROXIMATION': False,
  'FS_CACHE_DIRECTORY': '__pyphi_cache__',
  'FS_CACHE_VERBOSITY': 0,
  'LOG_FILE': 'pyphi.log',
  'LOG_FILE_LEVEL': 'INFO',
  'LOG_STDOUT_LEVEL': 'WARNING',
  'MAXIMUM_CACHE_MEMORY_PERCENTAGE': 50,
  'MEASURE': 'EMD',
  'MONGODB_CONFIG': { 'collection_name': 'cache',
                      'database_name': 'pyphi',
                      'host': 'localhost',
                      'port': 27017},
  'NUMBER_OF_CORES': -1,
  'PARALLEL_COMPLEX_EVALUATION': False,
  'PARALLEL_CONCEPT_EVALUATION': False,
  'PARALLEL_CUT_EVALUATION': True,
  'PARTITION_TYPE': 'BI',
  'PICK_SMALLEST_PURVIEW': False,
  'PRECISION': 6,
  'PRINT_FRACTIONS': True,
  'PROGRESS_BARS': True,
  'REDIS_CACHE': False,
  'REDIS_CONFIG': {'db': 0, 'host': 'localhost', 'port': 6379, 'test_db': 1},
  'REPR_VERBOSITY': 2,
  'SINGLE_MICRO_NODES_WITH_SELFLOOPS_HAVE_PHI': False,
  'SYSTEM_CUTS': '3.0_STYLE',
  'USE_SMALL_PHI_DIFFERENCE_FOR_CES_DISTANCE': False,
  'VALIDATE_CONDITIONAL_INDEPENDENCE': True,
  'VALIDATE_SUBSYSTEM_STATES': True,
  'WELCOME_OFF': False}
2026-05-16 04:27:43,384 [pyphi.compute.subsystem] INFO MainProcess: Finished calculating big-phi data for Subsystem(n0, n1, n2).
2026-05-16 04:27:43,384 [pyphi.compute.subsystem] INFO MainProcess: Calculating big-phi data for Subsystem(n0, n1, n2)...
2026-05-16 04:27:43,552 [pyphi.conf] INFO Process-49: PyPhi v1.2.0
2026-05-16 04:27:43,552 [pyphi.conf] INFO Process-49: Using default configuration (no configuration file provided)
2026-05-16 04:27:43,552 [pyphi.conf] INFO Process-49: Current PyPhi configuration:
 { 'ASSUME_CUTS_CANNOT_CREATE_NEW_CONCEPTS': False,
  'CACHE_POTENTIAL_PURVIEWS': True,
  'CACHE_REPERTOIRES': True,
  'CACHE_SIAS': False,
  'CACHING_BACKEND': 'fs',
  'CLEAR_SUBSYSTEM_CACHES_AFTER_COMPUTING_SIA': False,
  'CUT_ONE_APPROXIMATION': False,
  'FS_CACHE_DIRECTORY': '__pyphi_cache__',
  'FS_CACHE_VERBOSITY': 0,
  'LOG_FILE': 'pyphi.log',
  'LOG_FILE_LEVEL': 'INFO',
  'LOG_STDOUT_LEVEL': 'WARNING',
  'MAXIMUM_CACHE_MEMORY_PERCENTAGE': 50,
  'MEASURE': 'EMD',
  'MONGODB_CONFIG': { 'collection_name': 'cache',
                      'database_name': 'pyphi',
                      'host': 'localhost',
                      'port': 27017},
  'NUMBER_OF_CORES': -1,
  'PARALLEL_COMPLEX_EVALUATION': False,
  'PARALLEL_CONCEPT_EVALUATION': False,
  'PARALLEL_CUT_EVALUATION': True,
  'PARTITION_TYPE': 'BI',
  'PICK_SMALLEST_PURVIEW': False,
  'PRECISION': 6,
  'PRINT_FRACTIONS': True,
  'PROGRESS_BARS': True,
  'REDIS_CACHE': False,
  'REDIS_CONFIG': {'db': 0, 'host': 'localhost', 'port': 6379, 'test_db': 1},
  'REPR_VERBOSITY': 2,
  'SINGLE_MICRO_NODES_WITH_SELFLOOPS_HAVE_PHI': False,
  'SYSTEM_CUTS': '3.0_STYLE',
  'USE_SMALL_PHI_DIFFERENCE_FOR_CES_DISTANCE': False,
  'VALIDATE_CONDITIONAL_INDEPENDENCE': True,
  'VALIDATE_SUBSYSTEM_STATES': True,
  'WELCOME_OFF': False}
2026-05-16 04:27:47,590 [pyphi.conf] INFO Process-50: PyPhi v1.2.0
2026-05-16 04:27:47,590 [pyphi.conf] INFO Process-50: Using default configuration (no configuration file provided)
2026-05-16 04:27:47,590 [pyphi.conf] INFO Process-50: Current PyPhi configuration:
 { 'ASSUME_CUTS_CANNOT_CREATE_NEW_CONCEPTS': False,
  'CACHE_POTENTIAL_PURVIEWS': True,
  'CACHE_REPERTOIRES': True,
  'CACHE_SIAS': False,
  'CACHING_BACKEND': 'fs',
  'CLEAR_SUBSYSTEM_CACHES_AFTER_COMPUTING_SIA': False,
  'CUT_ONE_APPROXIMATION': False,
  'FS_CACHE_DIRECTORY': '__pyphi_cache__',
  'FS_CACHE_VERBOSITY': 0,
  'LOG_FILE': 'pyphi.log',
  'LOG_FILE_LEVEL': 'INFO',
  'LOG_STDOUT_LEVEL': 'WARNING',
  'MAXIMUM_CACHE_MEMORY_PERCENTAGE': 50,
  'MEASURE': 'EMD',
  'MONGODB_CONFIG': { 'collection_name': 'cache',
                      'database_name': 'pyphi',
                      'host': 'localhost',
                      'port': 27017},
  'NUMBER_OF_CORES': -1,
  'PARALLEL_COMPLEX_EVALUATION': False,
  'PARALLEL_CONCEPT_EVALUATION': False,
  'PARALLEL_CUT_EVALUATION': True,
  'PARTITION_TYPE': 'BI',
  'PICK_SMALLEST_PURVIEW': False,
  'PRECISION': 6,
  'PRINT_FRACTIONS': True,
  'PROGRESS_BARS': True,
  'REDIS_CACHE': False,
  'REDIS_CONFIG': {'db': 0, 'host': 'localhost', 'port': 6379, 'test_db': 1},
  'REPR_VERBOSITY': 2,
  'SINGLE_MICRO_NODES_WITH_SELFLOOPS_HAVE_PHI': False,
  'SYSTEM_CUTS': '3.0_STYLE',
  'USE_SMALL_PHI_DIFFERENCE_FOR_CES_DISTANCE': False,
  'VALIDATE_CONDITIONAL_INDEPENDENCE': True,
  'VALIDATE_SUBSYSTEM_STATES': True,
  'WELCOME_OFF': False}
2026-05-16 04:27:51,799 [pyphi.compute.subsystem] INFO MainProcess: Finished calculating big-phi data for Subsystem(n0, n1, n2).
2026-05-16 04:27:51,800 [pyphi.compute.subsystem] INFO MainProcess: Calculating big-phi data for Subsystem(n0, n1, n2)...
2026-05-16 04:27:51,997 [pyphi.conf] INFO Process-51: PyPhi v1.2.0
2026-05-16 04:27:51,997 [pyphi.conf] INFO Process-51: Using default configuration (no configuration file provided)
2026-05-16 04:27:51,997 [pyphi.conf] INFO Process-51: Current PyPhi configuration:
 { 'ASSUME_CUTS_CANNOT_CREATE_NEW_CONCEPTS': False,
  'CACHE_POTENTIAL_PURVIEWS': True,
  'CACHE_REPERTOIRES': True,
  'CACHE_SIAS': False,
  'CACHING_BACKEND': 'fs',
  'CLEAR_SUBSYSTEM_CACHES_AFTER_COMPUTING_SIA': False,
  'CUT_ONE_APPROXIMATION': False,
  'FS_CACHE_DIRECTORY': '__pyphi_cache__',
  'FS_CACHE_VERBOSITY': 0,
  'LOG_FILE': 'pyphi.log',
  'LOG_FILE_LEVEL': 'INFO',
  'LOG_STDOUT_LEVEL': 'WARNING',
  'MAXIMUM_CACHE_MEMORY_PERCENTAGE': 50,
  'MEASURE': 'EMD',
  'MONGODB_CONFIG': { 'collection_name': 'cache',
                      'database_name': 'pyphi',
                      'host': 'localhost',
                      'port': 27017},
  'NUMBER_OF_CORES': -1,
  'PARALLEL_COMPLEX_EVALUATION': False,
  'PARALLEL_CONCEPT_EVALUATION': False,
  'PARALLEL_CUT_EVALUATION': True,
  'PARTITION_TYPE': 'BI',
  'PICK_SMALLEST_PURVIEW': False,
  'PRECISION': 6,
  'PRINT_FRACTIONS': True,
  'PROGRESS_BARS': True,
  'REDIS_CACHE': False,
  'REDIS_CONFIG': {'db': 0, 'host': 'localhost', 'port': 6379, 'test_db': 1},
  'REPR_VERBOSITY': 2,
  'SINGLE_MICRO_NODES_WITH_SELFLOOPS_HAVE_PHI': False,
  'SYSTEM_CUTS': '3.0_STYLE',
  'USE_SMALL_PHI_DIFFERENCE_FOR_CES_DISTANCE': False,
  'VALIDATE_CONDITIONAL_INDEPENDENCE': True,
  'VALIDATE_SUBSYSTEM_STATES': True,
  'WELCOME_OFF': False}
2026-05-16 04:27:56,247 [pyphi.conf] INFO Process-52: PyPhi v1.2.0
2026-05-16 04:27:56,248 [pyphi.conf] INFO Process-52: Using default configuration (no configuration file provided)
2026-05-16 04:27:56,248 [pyphi.conf] INFO Process-52: Current PyPhi configuration:
 { 'ASSUME_CUTS_CANNOT_CREATE_NEW_CONCEPTS': False,
  'CACHE_POTENTIAL_PURVIEWS': True,
  'CACHE_REPERTOIRES': True,
  'CACHE_SIAS': False,
  'CACHING_BACKEND': 'fs',
  'CLEAR_SUBSYSTEM_CACHES_AFTER_COMPUTING_SIA': False,
  'CUT_ONE_APPROXIMATION': False,
  'FS_CACHE_DIRECTORY': '__pyphi_cache__',
  'FS_CACHE_VERBOSITY': 0,
  'LOG_FILE': 'pyphi.log',
  'LOG_FILE_LEVEL': 'INFO',
  'LOG_STDOUT_LEVEL': 'WARNING',
  'MAXIMUM_CACHE_MEMORY_PERCENTAGE': 50,
  'MEASURE': 'EMD',
  'MONGODB_CONFIG': { 'collection_name': 'cache',
                      'database_name': 'pyphi',
                      'host': 'localhost',
                      'port': 27017},
  'NUMBER_OF_CORES': -1,
  'PARALLEL_COMPLEX_EVALUATION': False,
  'PARALLEL_CONCEPT_EVALUATION': False,
  'PARALLEL_CUT_EVALUATION': True,
  'PARTITION_TYPE': 'BI',
  'PICK_SMALLEST_PURVIEW': False,
  'PRECISION': 6,
  'PRINT_FRACTIONS': True,
  'PROGRESS_BARS': True,
  'REDIS_CACHE': False,
  'REDIS_CONFIG': {'db': 0, 'host': 'localhost', 'port': 6379, 'test_db': 1},
  'REPR_VERBOSITY': 2,
  'SINGLE_MICRO_NODES_WITH_SELFLOOPS_HAVE_PHI': False,
  'SYSTEM_CUTS': '3.0_STYLE',
  'USE_SMALL_PHI_DIFFERENCE_FOR_CES_DISTANCE': False,
  'VALIDATE_CONDITIONAL_INDEPENDENCE': True,
  'VALIDATE_SUBSYSTEM_STATES': True,
  'WELCOME_OFF': False}
2026-05-16 04:28:00,715 [pyphi.compute.subsystem] INFO MainProcess: Finished calculating big-phi data for Subsystem(n0, n1, n2).
2026-05-16 04:28:00,716 [pyphi.compute.subsystem] INFO MainProcess: Calculating big-phi data for Subsystem(n0, n1, n2)...
2026-05-16 04:28:00,936 [pyphi.conf] INFO Process-53: PyPhi v1.2.0
2026-05-16 04:28:00,936 [pyphi.conf] INFO Process-53: Using default configuration (no configuration file provided)
2026-05-16 04:28:00,936 [pyphi.conf] INFO Process-53: Current PyPhi configuration:
 { 'ASSUME_CUTS_CANNOT_CREATE_NEW_CONCEPTS': False,
  'CACHE_POTENTIAL_PURVIEWS': True,
  'CACHE_REPERTOIRES': True,
  'CACHE_SIAS': False,
  'CACHING_BACKEND': 'fs',
  'CLEAR_SUBSYSTEM_CACHES_AFTER_COMPUTING_SIA': False,
  'CUT_ONE_APPROXIMATION': False,
  'FS_CACHE_DIRECTORY': '__pyphi_cache__',
  'FS_CACHE_VERBOSITY': 0,
  'LOG_FILE': 'pyphi.log',
  'LOG_FILE_LEVEL': 'INFO',
  'LOG_STDOUT_LEVEL': 'WARNING',
  'MAXIMUM_CACHE_MEMORY_PERCENTAGE': 50,
  'MEASURE': 'EMD',
  'MONGODB_CONFIG': { 'collection_name': 'cache',
                      'database_name': 'pyphi',
                      'host': 'localhost',
                      'port': 27017},
  'NUMBER_OF_CORES': -1,
  'PARALLEL_COMPLEX_EVALUATION': False,
  'PARALLEL_CONCEPT_EVALUATION': False,
  'PARALLEL_CUT_EVALUATION': True,
  'PARTITION_TYPE': 'BI',
  'PICK_SMALLEST_PURVIEW': False,
  'PRECISION': 6,
  'PRINT_FRACTIONS': True,
  'PROGRESS_BARS': True,
  'REDIS_CACHE': False,
  'REDIS_CONFIG': {'db': 0, 'host': 'localhost', 'port': 6379, 'test_db': 1},
  'REPR_VERBOSITY': 2,
  'SINGLE_MICRO_NODES_WITH_SELFLOOPS_HAVE_PHI': False,
  'SYSTEM_CUTS': '3.0_STYLE',
  'USE_SMALL_PHI_DIFFERENCE_FOR_CES_DISTANCE': False,
  'VALIDATE_CONDITIONAL_INDEPENDENCE': True,
  'VALIDATE_SUBSYSTEM_STATES': True,
  'WELCOME_OFF': False}
2026-05-16 04:28:05,612 [pyphi.conf] INFO Process-54: PyPhi v1.2.0
2026-05-16 04:28:05,612 [pyphi.conf] INFO Process-54: Using default configuration (no configuration file provided)
2026-05-16 04:28:05,613 [pyphi.conf] INFO Process-54: Current PyPhi configuration:
 { 'ASSUME_CUTS_CANNOT_CREATE_NEW_CONCEPTS': False,
  'CACHE_POTENTIAL_PURVIEWS': True,
  'CACHE_REPERTOIRES': True,
  'CACHE_SIAS': False,
  'CACHING_BACKEND': 'fs',
  'CLEAR_SUBSYSTEM_CACHES_AFTER_COMPUTING_SIA': False,
  'CUT_ONE_APPROXIMATION': False,
  'FS_CACHE_DIRECTORY': '__pyphi_cache__',
  'FS_CACHE_VERBOSITY': 0,
  'LOG_FILE': 'pyphi.log',
  'LOG_FILE_LEVEL': 'INFO',
  'LOG_STDOUT_LEVEL': 'WARNING',
  'MAXIMUM_CACHE_MEMORY_PERCENTAGE': 50,
  'MEASURE': 'EMD',
  'MONGODB_CONFIG': { 'collection_name': 'cache',
                      'database_name': 'pyphi',
                      'host': 'localhost',
                      'port': 27017},
  'NUMBER_OF_CORES': -1,
  'PARALLEL_COMPLEX_EVALUATION': False,
  'PARALLEL_CONCEPT_EVALUATION': False,
  'PARALLEL_CUT_EVALUATION': True,
  'PARTITION_TYPE': 'BI',
  'PICK_SMALLEST_PURVIEW': False,
  'PRECISION': 6,
  'PRINT_FRACTIONS': True,
  'PROGRESS_BARS': True,
  'REDIS_CACHE': False,
  'REDIS_CONFIG': {'db': 0, 'host': 'localhost', 'port': 6379, 'test_db': 1},
  'REPR_VERBOSITY': 2,
  'SINGLE_MICRO_NODES_WITH_SELFLOOPS_HAVE_PHI': False,
  'SYSTEM_CUTS': '3.0_STYLE',
  'USE_SMALL_PHI_DIFFERENCE_FOR_CES_DISTANCE': False,
  'VALIDATE_CONDITIONAL_INDEPENDENCE': True,
  'VALIDATE_SUBSYSTEM_STATES': True,
  'WELCOME_OFF': False}
2026-05-16 04:28:10,179 [pyphi.compute.subsystem] INFO MainProcess: Finished calculating big-phi data for Subsystem(n0, n1, n2).
2026-05-16 04:28:10,181 [pyphi.compute.subsystem] INFO MainProcess: Calculating big-phi data for Subsystem(n0, n1, n2)...
2026-05-16 04:28:10,380 [pyphi.conf] INFO Process-55: PyPhi v1.2.0
2026-05-16 04:28:10,380 [pyphi.conf] INFO Process-55: Using default configuration (no configuration file provided)
2026-05-16 04:28:10,380 [pyphi.conf] INFO Process-55: Current PyPhi configuration:
 { 'ASSUME_CUTS_CANNOT_CREATE_NEW_CONCEPTS': False,
  'CACHE_POTENTIAL_PURVIEWS': True,
  'CACHE_REPERTOIRES': True,
  'CACHE_SIAS': False,
  'CACHING_BACKEND': 'fs',
  'CLEAR_SUBSYSTEM_CACHES_AFTER_COMPUTING_SIA': False,
  'CUT_ONE_APPROXIMATION': False,
  'FS_CACHE_DIRECTORY': '__pyphi_cache__',
  'FS_CACHE_VERBOSITY': 0,
  'LOG_FILE': 'pyphi.log',
  'LOG_FILE_LEVEL': 'INFO',
  'LOG_STDOUT_LEVEL': 'WARNING',
  'MAXIMUM_CACHE_MEMORY_PERCENTAGE': 50,
  'MEASURE': 'EMD',
  'MONGODB_CONFIG': { 'collection_name': 'cache',
                      'database_name': 'pyphi',
                      'host': 'localhost',
                      'port': 27017},
  'NUMBER_OF_CORES': -1,
  'PARALLEL_COMPLEX_EVALUATION': False,
  'PARALLEL_CONCEPT_EVALUATION': False,
  'PARALLEL_CUT_EVALUATION': True,
  'PARTITION_TYPE': 'BI',
  'PICK_SMALLEST_PURVIEW': False,
  'PRECISION': 6,
  'PRINT_FRACTIONS': True,
  'PROGRESS_BARS': True,
  'REDIS_CACHE': False,
  'REDIS_CONFIG': {'db': 0, 'host': 'localhost', 'port': 6379, 'test_db': 1},
  'REPR_VERBOSITY': 2,
  'SINGLE_MICRO_NODES_WITH_SELFLOOPS_HAVE_PHI': False,
  'SYSTEM_CUTS': '3.0_STYLE',
  'USE_SMALL_PHI_DIFFERENCE_FOR_CES_DISTANCE': False,
  'VALIDATE_CONDITIONAL_INDEPENDENCE': True,
  'VALIDATE_SUBSYSTEM_STATES': True,
  'WELCOME_OFF': False}
2026-05-16 04:28:14,810 [pyphi.conf] INFO Process-56: PyPhi v1.2.0
2026-05-16 04:28:14,810 [pyphi.conf] INFO Process-56: Using default configuration (no configuration file provided)
2026-05-16 04:28:14,811 [pyphi.conf] INFO Process-56: Current PyPhi configuration:
 { 'ASSUME_CUTS_CANNOT_CREATE_NEW_CONCEPTS': False,
  'CACHE_POTENTIAL_PURVIEWS': True,
  'CACHE_REPERTOIRES': True,
  'CACHE_SIAS': False,
  'CACHING_BACKEND': 'fs',
  'CLEAR_SUBSYSTEM_CACHES_AFTER_COMPUTING_SIA': False,
  'CUT_ONE_APPROXIMATION': False,
  'FS_CACHE_DIRECTORY': '__pyphi_cache__',
  'FS_CACHE_VERBOSITY': 0,
  'LOG_FILE': 'pyphi.log',
  'LOG_FILE_LEVEL': 'INFO',
  'LOG_STDOUT_LEVEL': 'WARNING',
  'MAXIMUM_CACHE_MEMORY_PERCENTAGE': 50,
  'MEASURE': 'EMD',
  'MONGODB_CONFIG': { 'collection_name': 'cache',
                      'database_name': 'pyphi',
                      'host': 'localhost',
                      'port': 27017},
  'NUMBER_OF_CORES': -1,
  'PARALLEL_COMPLEX_EVALUATION': False,
  'PARALLEL_CONCEPT_EVALUATION': False,
  'PARALLEL_CUT_EVALUATION': True,
  'PARTITION_TYPE': 'BI',
  'PICK_SMALLEST_PURVIEW': False,
  'PRECISION': 6,
  'PRINT_FRACTIONS': True,
  'PROGRESS_BARS': True,
  'REDIS_CACHE': False,
  'REDIS_CONFIG': {'db': 0, 'host': 'localhost', 'port': 6379, 'test_db': 1},
  'REPR_VERBOSITY': 2,
  'SINGLE_MICRO_NODES_WITH_SELFLOOPS_HAVE_PHI': False,
  'SYSTEM_CUTS': '3.0_STYLE',
  'USE_SMALL_PHI_DIFFERENCE_FOR_CES_DISTANCE': False,
  'VALIDATE_CONDITIONAL_INDEPENDENCE': True,
  'VALIDATE_SUBSYSTEM_STATES': True,
  'WELCOME_OFF': False}
2026-05-16 04:28:19,729 [pyphi.compute.subsystem] INFO MainProcess: Finished calculating big-phi data for Subsystem(n0, n1, n2).
2026-05-16 04:28:19,731 [pyphi.compute.subsystem] INFO MainProcess: Calculating big-phi data for Subsystem(n0, n1, n2)...
2026-05-16 04:28:19,963 [pyphi.conf] INFO Process-57: PyPhi v1.2.0
2026-05-16 04:28:19,963 [pyphi.conf] INFO Process-57: Using default configuration (no configuration file provided)
2026-05-16 04:28:19,963 [pyphi.conf] INFO Process-57: Current PyPhi configuration:
 { 'ASSUME_CUTS_CANNOT_CREATE_NEW_CONCEPTS': False,
  'CACHE_POTENTIAL_PURVIEWS': True,
  'CACHE_REPERTOIRES': True,
  'CACHE_SIAS': False,
  'CACHING_BACKEND': 'fs',
  'CLEAR_SUBSYSTEM_CACHES_AFTER_COMPUTING_SIA': False,
  'CUT_ONE_APPROXIMATION': False,
  'FS_CACHE_DIRECTORY': '__pyphi_cache__',
  'FS_CACHE_VERBOSITY': 0,
  'LOG_FILE': 'pyphi.log',
  'LOG_FILE_LEVEL': 'INFO',
  'LOG_STDOUT_LEVEL': 'WARNING',
  'MAXIMUM_CACHE_MEMORY_PERCENTAGE': 50,
  'MEASURE': 'EMD',
  'MONGODB_CONFIG': { 'collection_name': 'cache',
                      'database_name': 'pyphi',
                      'host': 'localhost',
                      'port': 27017},
  'NUMBER_OF_CORES': -1,
  'PARALLEL_COMPLEX_EVALUATION': False,
  'PARALLEL_CONCEPT_EVALUATION': False,
  'PARALLEL_CUT_EVALUATION': True,
  'PARTITION_TYPE': 'BI',
  'PICK_SMALLEST_PURVIEW': False,
  'PRECISION': 6,
  'PRINT_FRACTIONS': True,
  'PROGRESS_BARS': True,
  'REDIS_CACHE': False,
  'REDIS_CONFIG': {'db': 0, 'host': 'localhost', 'port': 6379, 'test_db': 1},
  'REPR_VERBOSITY': 2,
  'SINGLE_MICRO_NODES_WITH_SELFLOOPS_HAVE_PHI': False,
  'SYSTEM_CUTS': '3.0_STYLE',
  'USE_SMALL_PHI_DIFFERENCE_FOR_CES_DISTANCE': False,
  'VALIDATE_CONDITIONAL_INDEPENDENCE': True,
  'VALIDATE_SUBSYSTEM_STATES': True,
  'WELCOME_OFF': False}
2026-05-16 04:28:24,809 [pyphi.conf] INFO Process-58: PyPhi v1.2.0
2026-05-16 04:28:24,809 [pyphi.conf] INFO Process-58: Using default configuration (no configuration file provided)
2026-05-16 04:28:24,810 [pyphi.conf] INFO Process-58: Current PyPhi configuration:
 { 'ASSUME_CUTS_CANNOT_CREATE_NEW_CONCEPTS': False,
  'CACHE_POTENTIAL_PURVIEWS': True,
  'CACHE_REPERTOIRES': True,
  'CACHE_SIAS': False,
  'CACHING_BACKEND': 'fs',
  'CLEAR_SUBSYSTEM_CACHES_AFTER_COMPUTING_SIA': False,
  'CUT_ONE_APPROXIMATION': False,
  'FS_CACHE_DIRECTORY': '__pyphi_cache__',
  'FS_CACHE_VERBOSITY': 0,
  'LOG_FILE': 'pyphi.log',
  'LOG_FILE_LEVEL': 'INFO',
  'LOG_STDOUT_LEVEL': 'WARNING',
  'MAXIMUM_CACHE_MEMORY_PERCENTAGE': 50,
  'MEASURE': 'EMD',
  'MONGODB_CONFIG': { 'collection_name': 'cache',
                      'database_name': 'pyphi',
                      'host': 'localhost',
                      'port': 27017},
  'NUMBER_OF_CORES': -1,
  'PARALLEL_COMPLEX_EVALUATION': False,
  'PARALLEL_CONCEPT_EVALUATION': False,
  'PARALLEL_CUT_EVALUATION': True,
  'PARTITION_TYPE': 'BI',
  'PICK_SMALLEST_PURVIEW': False,
  'PRECISION': 6,
  'PRINT_FRACTIONS': True,
  'PROGRESS_BARS': True,
  'REDIS_CACHE': False,
  'REDIS_CONFIG': {'db': 0, 'host': 'localhost', 'port': 6379, 'test_db': 1},
  'REPR_VERBOSITY': 2,
  'SINGLE_MICRO_NODES_WITH_SELFLOOPS_HAVE_PHI': False,
  'SYSTEM_CUTS': '3.0_STYLE',
  'USE_SMALL_PHI_DIFFERENCE_FOR_CES_DISTANCE': False,
  'VALIDATE_CONDITIONAL_INDEPENDENCE': True,
  'VALIDATE_SUBSYSTEM_STATES': True,
  'WELCOME_OFF': False}
2026-05-16 04:28:29,522 [pyphi.compute.subsystem] INFO MainProcess: Finished calculating big-phi data for Subsystem(n0, n1, n2).
2026-05-16 04:28:29,523 [pyphi.compute.subsystem] INFO MainProcess: Calculating big-phi data for Subsystem(n0, n1, n2)...
2026-05-16 04:28:29,757 [pyphi.conf] INFO Process-59: PyPhi v1.2.0
2026-05-16 04:28:29,757 [pyphi.conf] INFO Process-59: Using default configuration (no configuration file provided)
2026-05-16 04:28:29,758 [pyphi.conf] INFO Process-59: Current PyPhi configuration:
 { 'ASSUME_CUTS_CANNOT_CREATE_NEW_CONCEPTS': False,
  'CACHE_POTENTIAL_PURVIEWS': True,
  'CACHE_REPERTOIRES': True,
  'CACHE_SIAS': False,
  'CACHING_BACKEND': 'fs',
  'CLEAR_SUBSYSTEM_CACHES_AFTER_COMPUTING_SIA': False,
  'CUT_ONE_APPROXIMATION': False,
  'FS_CACHE_DIRECTORY': '__pyphi_cache__',
  'FS_CACHE_VERBOSITY': 0,
  'LOG_FILE': 'pyphi.log',
  'LOG_FILE_LEVEL': 'INFO',
  'LOG_STDOUT_LEVEL': 'WARNING',
  'MAXIMUM_CACHE_MEMORY_PERCENTAGE': 50,
  'MEASURE': 'EMD',
  'MONGODB_CONFIG': { 'collection_name': 'cache',
                      'database_name': 'pyphi',
                      'host': 'localhost',
                      'port': 27017},
  'NUMBER_OF_CORES': -1,
  'PARALLEL_COMPLEX_EVALUATION': False,
  'PARALLEL_CONCEPT_EVALUATION': False,
  'PARALLEL_CUT_EVALUATION': True,
  'PARTITION_TYPE': 'BI',
  'PICK_SMALLEST_PURVIEW': False,
  'PRECISION': 6,
  'PRINT_FRACTIONS': True,
  'PROGRESS_BARS': True,
  'REDIS_CACHE': False,
  'REDIS_CONFIG': {'db': 0, 'host': 'localhost', 'port': 6379, 'test_db': 1},
  'REPR_VERBOSITY': 2,
  'SINGLE_MICRO_NODES_WITH_SELFLOOPS_HAVE_PHI': False,
  'SYSTEM_CUTS': '3.0_STYLE',
  'USE_SMALL_PHI_DIFFERENCE_FOR_CES_DISTANCE': False,
  'VALIDATE_CONDITIONAL_INDEPENDENCE': True,
  'VALIDATE_SUBSYSTEM_STATES': True,
  'WELCOME_OFF': False}
2026-05-16 04:28:34,546 [pyphi.conf] INFO Process-60: PyPhi v1.2.0
2026-05-16 04:28:34,546 [pyphi.conf] INFO Process-60: Using default configuration (no configuration file provided)
2026-05-16 04:28:34,547 [pyphi.conf] INFO Process-60: Current PyPhi configuration:
 { 'ASSUME_CUTS_CANNOT_CREATE_NEW_CONCEPTS': False,
  'CACHE_POTENTIAL_PURVIEWS': True,
  'CACHE_REPERTOIRES': True,
  'CACHE_SIAS': False,
  'CACHING_BACKEND': 'fs',
  'CLEAR_SUBSYSTEM_CACHES_AFTER_COMPUTING_SIA': False,
  'CUT_ONE_APPROXIMATION': False,
  'FS_CACHE_DIRECTORY': '__pyphi_cache__',
  'FS_CACHE_VERBOSITY': 0,
  'LOG_FILE': 'pyphi.log',
  'LOG_FILE_LEVEL': 'INFO',
  'LOG_STDOUT_LEVEL': 'WARNING',
  'MAXIMUM_CACHE_MEMORY_PERCENTAGE': 50,
  'MEASURE': 'EMD',
  'MONGODB_CONFIG': { 'collection_name': 'cache',
                      'database_name': 'pyphi',
                      'host': 'localhost',
                      'port': 27017},
  'NUMBER_OF_CORES': -1,
  'PARALLEL_COMPLEX_EVALUATION': False,
  'PARALLEL_CONCEPT_EVALUATION': False,
  'PARALLEL_CUT_EVALUATION': True,
  'PARTITION_TYPE': 'BI',
  'PICK_SMALLEST_PURVIEW': False,
  'PRECISION': 6,
  'PRINT_FRACTIONS': True,
  'PROGRESS_BARS': True,
  'REDIS_CACHE': False,
  'REDIS_CONFIG': {'db': 0, 'host': 'localhost', 'port': 6379, 'test_db': 1},
  'REPR_VERBOSITY': 2,
  'SINGLE_MICRO_NODES_WITH_SELFLOOPS_HAVE_PHI': False,
  'SYSTEM_CUTS': '3.0_STYLE',
  'USE_SMALL_PHI_DIFFERENCE_FOR_CES_DISTANCE': False,
  'VALIDATE_CONDITIONAL_INDEPENDENCE': True,
  'VALIDATE_SUBSYSTEM_STATES': True,
  'WELCOME_OFF': False}
2026-05-16 04:28:39,538 [pyphi.compute.subsystem] INFO MainProcess: Finished calculating big-phi data for Subsystem(n0, n1, n2).
2026-05-16 04:28:39,539 [pyphi.compute.subsystem] INFO MainProcess: Calculating big-phi data for Subsystem(n0, n1, n2)...
2026-05-16 04:28:39,732 [pyphi.conf] INFO Process-61: PyPhi v1.2.0
2026-05-16 04:28:39,732 [pyphi.conf] INFO Process-61: Using default configuration (no configuration file provided)
2026-05-16 04:28:39,732 [pyphi.conf] INFO Process-61: Current PyPhi configuration:
 { 'ASSUME_CUTS_CANNOT_CREATE_NEW_CONCEPTS': False,
  'CACHE_POTENTIAL_PURVIEWS': True,
  'CACHE_REPERTOIRES': True,
  'CACHE_SIAS': False,
  'CACHING_BACKEND': 'fs',
  'CLEAR_SUBSYSTEM_CACHES_AFTER_COMPUTING_SIA': False,
  'CUT_ONE_APPROXIMATION': False,
  'FS_CACHE_DIRECTORY': '__pyphi_cache__',
  'FS_CACHE_VERBOSITY': 0,
  'LOG_FILE': 'pyphi.log',
  'LOG_FILE_LEVEL': 'INFO',
  'LOG_STDOUT_LEVEL': 'WARNING',
  'MAXIMUM_CACHE_MEMORY_PERCENTAGE': 50,
  'MEASURE': 'EMD',
  'MONGODB_CONFIG': { 'collection_name': 'cache',
                      'database_name': 'pyphi',
                      'host': 'localhost',
                      'port': 27017},
  'NUMBER_OF_CORES': -1,
  'PARALLEL_COMPLEX_EVALUATION': False,
  'PARALLEL_CONCEPT_EVALUATION': False,
  'PARALLEL_CUT_EVALUATION': True,
  'PARTITION_TYPE': 'BI',
  'PICK_SMALLEST_PURVIEW': False,
  'PRECISION': 6,
  'PRINT_FRACTIONS': True,
  'PROGRESS_BARS': True,
  'REDIS_CACHE': False,
  'REDIS_CONFIG': {'db': 0, 'host': 'localhost', 'port': 6379, 'test_db': 1},
  'REPR_VERBOSITY': 2,
  'SINGLE_MICRO_NODES_WITH_SELFLOOPS_HAVE_PHI': False,
  'SYSTEM_CUTS': '3.0_STYLE',
  'USE_SMALL_PHI_DIFFERENCE_FOR_CES_DISTANCE': False,
  'VALIDATE_CONDITIONAL_INDEPENDENCE': True,
  'VALIDATE_SUBSYSTEM_STATES': True,
  'WELCOME_OFF': False}
2026-05-16 04:28:43,896 [pyphi.conf] INFO Process-62: PyPhi v1.2.0
2026-05-16 04:28:43,896 [pyphi.conf] INFO Process-62: Using default configuration (no configuration file provided)
2026-05-16 04:28:43,896 [pyphi.conf] INFO Process-62: Current PyPhi configuration:
 { 'ASSUME_CUTS_CANNOT_CREATE_NEW_CONCEPTS': False,
  'CACHE_POTENTIAL_PURVIEWS': True,
  'CACHE_REPERTOIRES': True,
  'CACHE_SIAS': False,
  'CACHING_BACKEND': 'fs',
  'CLEAR_SUBSYSTEM_CACHES_AFTER_COMPUTING_SIA': False,
  'CUT_ONE_APPROXIMATION': False,
  'FS_CACHE_DIRECTORY': '__pyphi_cache__',
  'FS_CACHE_VERBOSITY': 0,
  'LOG_FILE': 'pyphi.log',
  'LOG_FILE_LEVEL': 'INFO',
  'LOG_STDOUT_LEVEL': 'WARNING',
  'MAXIMUM_CACHE_MEMORY_PERCENTAGE': 50,
  'MEASURE': 'EMD',
  'MONGODB_CONFIG': { 'collection_name': 'cache',
                      'database_name': 'pyphi',
                      'host': 'localhost',
                      'port': 27017},
  'NUMBER_OF_CORES': -1,
  'PARALLEL_COMPLEX_EVALUATION': False,
  'PARALLEL_CONCEPT_EVALUATION': False,
  'PARALLEL_CUT_EVALUATION': True,
  'PARTITION_TYPE': 'BI',
  'PICK_SMALLEST_PURVIEW': False,
  'PRECISION': 6,
  'PRINT_FRACTIONS': True,
  'PROGRESS_BARS': True,
  'REDIS_CACHE': False,
  'REDIS_CONFIG': {'db': 0, 'host': 'localhost', 'port': 6379, 'test_db': 1},
  'REPR_VERBOSITY': 2,
  'SINGLE_MICRO_NODES_WITH_SELFLOOPS_HAVE_PHI': False,
  'SYSTEM_CUTS': '3.0_STYLE',
  'USE_SMALL_PHI_DIFFERENCE_FOR_CES_DISTANCE': False,
  'VALIDATE_CONDITIONAL_INDEPENDENCE': True,
  'VALIDATE_SUBSYSTEM_STATES': True,
  'WELCOME_OFF': False}
2026-05-16 04:28:48,979 [pyphi.compute.subsystem] INFO MainProcess: Finished calculating big-phi data for Subsystem(n0, n1, n2).
2026-05-16 04:28:48,981 [pyphi.compute.subsystem] INFO MainProcess: Calculating big-phi data for Subsystem(n0, n1, n2)...
2026-05-16 04:28:49,232 [pyphi.conf] INFO Process-63: PyPhi v1.2.0
2026-05-16 04:28:49,232 [pyphi.conf] INFO Process-63: Using default configuration (no configuration file provided)
2026-05-16 04:28:49,232 [pyphi.conf] INFO Process-63: Current PyPhi configuration:
 { 'ASSUME_CUTS_CANNOT_CREATE_NEW_CONCEPTS': False,
  'CACHE_POTENTIAL_PURVIEWS': True,
  'CACHE_REPERTOIRES': True,
  'CACHE_SIAS': False,
  'CACHING_BACKEND': 'fs',
  'CLEAR_SUBSYSTEM_CACHES_AFTER_COMPUTING_SIA': False,
  'CUT_ONE_APPROXIMATION': False,
  'FS_CACHE_DIRECTORY': '__pyphi_cache__',
  'FS_CACHE_VERBOSITY': 0,
  'LOG_FILE': 'pyphi.log',
  'LOG_FILE_LEVEL': 'INFO',
  'LOG_STDOUT_LEVEL': 'WARNING',
  'MAXIMUM_CACHE_MEMORY_PERCENTAGE': 50,
  'MEASURE': 'EMD',
  'MONGODB_CONFIG': { 'collection_name': 'cache',
                      'database_name': 'pyphi',
                      'host': 'localhost',
                      'port': 27017},
  'NUMBER_OF_CORES': -1,
  'PARALLEL_COMPLEX_EVALUATION': False,
  'PARALLEL_CONCEPT_EVALUATION': False,
  'PARALLEL_CUT_EVALUATION': True,
  'PARTITION_TYPE': 'BI',
  'PICK_SMALLEST_PURVIEW': False,
  'PRECISION': 6,
  'PRINT_FRACTIONS': True,
  'PROGRESS_BARS': True,
  'REDIS_CACHE': False,
  'REDIS_CONFIG': {'db': 0, 'host': 'localhost', 'port': 6379, 'test_db': 1},
  'REPR_VERBOSITY': 2,
  'SINGLE_MICRO_NODES_WITH_SELFLOOPS_HAVE_PHI': False,
  'SYSTEM_CUTS': '3.0_STYLE',
  'USE_SMALL_PHI_DIFFERENCE_FOR_CES_DISTANCE': False,
  'VALIDATE_CONDITIONAL_INDEPENDENCE': True,
  'VALIDATE_SUBSYSTEM_STATES': True,
  'WELCOME_OFF': False}
2026-05-16 04:28:54,123 [pyphi.conf] INFO Process-64: PyPhi v1.2.0
2026-05-16 04:28:54,123 [pyphi.conf] INFO Process-64: Using default configuration (no configuration file provided)
2026-05-16 04:28:54,123 [pyphi.conf] INFO Process-64: Current PyPhi configuration:
 { 'ASSUME_CUTS_CANNOT_CREATE_NEW_CONCEPTS': False,
  'CACHE_POTENTIAL_PURVIEWS': True,
  'CACHE_REPERTOIRES': True,
  'CACHE_SIAS': False,
  'CACHING_BACKEND': 'fs',
  'CLEAR_SUBSYSTEM_CACHES_AFTER_COMPUTING_SIA': False,
  'CUT_ONE_APPROXIMATION': False,
  'FS_CACHE_DIRECTORY': '__pyphi_cache__',
  'FS_CACHE_VERBOSITY': 0,
  'LOG_FILE': 'pyphi.log',
  'LOG_FILE_LEVEL': 'INFO',
  'LOG_STDOUT_LEVEL': 'WARNING',
  'MAXIMUM_CACHE_MEMORY_PERCENTAGE': 50,
  'MEASURE': 'EMD',
  'MONGODB_CONFIG': { 'collection_name': 'cache',
                      'database_name': 'pyphi',
                      'host': 'localhost',
                      'port': 27017},
  'NUMBER_OF_CORES': -1,
  'PARALLEL_COMPLEX_EVALUATION': False,
  'PARALLEL_CONCEPT_EVALUATION': False,
  'PARALLEL_CUT_EVALUATION': True,
  'PARTITION_TYPE': 'BI',
  'PICK_SMALLEST_PURVIEW': False,
  'PRECISION': 6,
  'PRINT_FRACTIONS': True,
  'PROGRESS_BARS': True,
  'REDIS_CACHE': False,
  'REDIS_CONFIG': {'db': 0, 'host': 'localhost', 'port': 6379, 'test_db': 1},
  'REPR_VERBOSITY': 2,
  'SINGLE_MICRO_NODES_WITH_SELFLOOPS_HAVE_PHI': False,
  'SYSTEM_CUTS': '3.0_STYLE',
  'USE_SMALL_PHI_DIFFERENCE_FOR_CES_DISTANCE': False,
  'VALIDATE_CONDITIONAL_INDEPENDENCE': True,
  'VALIDATE_SUBSYSTEM_STATES': True,
  'WELCOME_OFF': False}
2026-05-16 04:28:59,749 [pyphi.compute.subsystem] INFO MainProcess: Finished calculating big-phi data for Subsystem(n0, n1, n2).
2026-05-16 04:28:59,750 [pyphi.compute.subsystem] INFO MainProcess: Calculating big-phi data for Subsystem(n0, n1, n2)...
2026-05-16 04:29:00,055 [pyphi.conf] INFO Process-65: PyPhi v1.2.0
2026-05-16 04:29:00,055 [pyphi.conf] INFO Process-65: Using default configuration (no configuration file provided)
2026-05-16 04:29:00,056 [pyphi.conf] INFO Process-65: Current PyPhi configuration:
 { 'ASSUME_CUTS_CANNOT_CREATE_NEW_CONCEPTS': False,
  'CACHE_POTENTIAL_PURVIEWS': True,
  'CACHE_REPERTOIRES': True,
  'CACHE_SIAS': False,
  'CACHING_BACKEND': 'fs',
  'CLEAR_SUBSYSTEM_CACHES_AFTER_COMPUTING_SIA': False,
  'CUT_ONE_APPROXIMATION': False,
  'FS_CACHE_DIRECTORY': '__pyphi_cache__',
  'FS_CACHE_VERBOSITY': 0,
  'LOG_FILE': 'pyphi.log',
  'LOG_FILE_LEVEL': 'INFO',
  'LOG_STDOUT_LEVEL': 'WARNING',
  'MAXIMUM_CACHE_MEMORY_PERCENTAGE': 50,
  'MEASURE': 'EMD',
  'MONGODB_CONFIG': { 'collection_name': 'cache',
                      'database_name': 'pyphi',
                      'host': 'localhost',
                      'port': 27017},
  'NUMBER_OF_CORES': -1,
  'PARALLEL_COMPLEX_EVALUATION': False,
  'PARALLEL_CONCEPT_EVALUATION': False,
  'PARALLEL_CUT_EVALUATION': True,
  'PARTITION_TYPE': 'BI',
  'PICK_SMALLEST_PURVIEW': False,
  'PRECISION': 6,
  'PRINT_FRACTIONS': True,
  'PROGRESS_BARS': True,
  'REDIS_CACHE': False,
  'REDIS_CONFIG': {'db': 0, 'host': 'localhost', 'port': 6379, 'test_db': 1},
  'REPR_VERBOSITY': 2,
  'SINGLE_MICRO_NODES_WITH_SELFLOOPS_HAVE_PHI': False,
  'SYSTEM_CUTS': '3.0_STYLE',
  'USE_SMALL_PHI_DIFFERENCE_FOR_CES_DISTANCE': False,
  'VALIDATE_CONDITIONAL_INDEPENDENCE': True,
  'VALIDATE_SUBSYSTEM_STATES': True,
  'WELCOME_OFF': False}
2026-05-16 04:29:05,585 [pyphi.conf] INFO Process-66: PyPhi v1.2.0
2026-05-16 04:29:05,585 [pyphi.conf] INFO Process-66: Using default configuration (no configuration file provided)
2026-05-16 04:29:05,585 [pyphi.conf] INFO Process-66: Current PyPhi configuration:
 { 'ASSUME_CUTS_CANNOT_CREATE_NEW_CONCEPTS': False,
  'CACHE_POTENTIAL_PURVIEWS': True,
  'CACHE_REPERTOIRES': True,
  'CACHE_SIAS': False,
  'CACHING_BACKEND': 'fs',
  'CLEAR_SUBSYSTEM_CACHES_AFTER_COMPUTING_SIA': False,
  'CUT_ONE_APPROXIMATION': False,
  'FS_CACHE_DIRECTORY': '__pyphi_cache__',
  'FS_CACHE_VERBOSITY': 0,
  'LOG_FILE': 'pyphi.log',
  'LOG_FILE_LEVEL': 'INFO',
  'LOG_STDOUT_LEVEL': 'WARNING',
  'MAXIMUM_CACHE_MEMORY_PERCENTAGE': 50,
  'MEASURE': 'EMD',
  'MONGODB_CONFIG': { 'collection_name': 'cache',
                      'database_name': 'pyphi',
                      'host': 'localhost',
                      'port': 27017},
  'NUMBER_OF_CORES': -1,
  'PARALLEL_COMPLEX_EVALUATION': False,
  'PARALLEL_CONCEPT_EVALUATION': False,
  'PARALLEL_CUT_EVALUATION': True,
  'PARTITION_TYPE': 'BI',
  'PICK_SMALLEST_PURVIEW': False,
  'PRECISION': 6,
  'PRINT_FRACTIONS': True,
  'PROGRESS_BARS': True,
  'REDIS_CACHE': False,
  'REDIS_CONFIG': {'db': 0, 'host': 'localhost', 'port': 6379, 'test_db': 1},
  'REPR_VERBOSITY': 2,
  'SINGLE_MICRO_NODES_WITH_SELFLOOPS_HAVE_PHI': False,
  'SYSTEM_CUTS': '3.0_STYLE',
  'USE_SMALL_PHI_DIFFERENCE_FOR_CES_DISTANCE': False,
  'VALIDATE_CONDITIONAL_INDEPENDENCE': True,
  'VALIDATE_SUBSYSTEM_STATES': True,
  'WELCOME_OFF': False}
2026-05-16 04:29:11,242 [pyphi.compute.subsystem] INFO MainProcess: Finished calculating big-phi data for Subsystem(n0, n1, n2).
2026-05-16 04:29:11,243 [pyphi.compute.subsystem] INFO MainProcess: Calculating big-phi data for Subsystem(n0, n1, n2)...
2026-05-16 04:29:11,525 [pyphi.conf] INFO Process-67: PyPhi v1.2.0
2026-05-16 04:29:11,525 [pyphi.conf] INFO Process-67: Using default configuration (no configuration file provided)
2026-05-16 04:29:11,525 [pyphi.conf] INFO Process-67: Current PyPhi configuration:
 { 'ASSUME_CUTS_CANNOT_CREATE_NEW_CONCEPTS': False,
  'CACHE_POTENTIAL_PURVIEWS': True,
  'CACHE_REPERTOIRES': True,
  'CACHE_SIAS': False,
  'CACHING_BACKEND': 'fs',
  'CLEAR_SUBSYSTEM_CACHES_AFTER_COMPUTING_SIA': False,
  'CUT_ONE_APPROXIMATION': False,
  'FS_CACHE_DIRECTORY': '__pyphi_cache__',
  'FS_CACHE_VERBOSITY': 0,
  'LOG_FILE': 'pyphi.log',
  'LOG_FILE_LEVEL': 'INFO',
  'LOG_STDOUT_LEVEL': 'WARNING',
  'MAXIMUM_CACHE_MEMORY_PERCENTAGE': 50,
  'MEASURE': 'EMD',
  'MONGODB_CONFIG': { 'collection_name': 'cache',
                      'database_name': 'pyphi',
                      'host': 'localhost',
                      'port': 27017},
  'NUMBER_OF_CORES': -1,
  'PARALLEL_COMPLEX_EVALUATION': False,
  'PARALLEL_CONCEPT_EVALUATION': False,
  'PARALLEL_CUT_EVALUATION': True,
  'PARTITION_TYPE': 'BI',
  'PICK_SMALLEST_PURVIEW': False,
  'PRECISION': 6,
  'PRINT_FRACTIONS': True,
  'PROGRESS_BARS': True,
  'REDIS_CACHE': False,
  'REDIS_CONFIG': {'db': 0, 'host': 'localhost', 'port': 6379, 'test_db': 1},
  'REPR_VERBOSITY': 2,
  'SINGLE_MICRO_NODES_WITH_SELFLOOPS_HAVE_PHI': False,
  'SYSTEM_CUTS': '3.0_STYLE',
  'USE_SMALL_PHI_DIFFERENCE_FOR_CES_DISTANCE': False,
  'VALIDATE_CONDITIONAL_INDEPENDENCE': True,
  'VALIDATE_SUBSYSTEM_STATES': True,
  'WELCOME_OFF': False}
2026-05-16 04:29:17,339 [pyphi.conf] INFO Process-68: PyPhi v1.2.0
2026-05-16 04:29:17,339 [pyphi.conf] INFO Process-68: Using default configuration (no configuration file provided)
2026-05-16 04:29:17,340 [pyphi.conf] INFO Process-68: Current PyPhi configuration:
 { 'ASSUME_CUTS_CANNOT_CREATE_NEW_CONCEPTS': False,
  'CACHE_POTENTIAL_PURVIEWS': True,
  'CACHE_REPERTOIRES': True,
  'CACHE_SIAS': False,
  'CACHING_BACKEND': 'fs',
  'CLEAR_SUBSYSTEM_CACHES_AFTER_COMPUTING_SIA': False,
  'CUT_ONE_APPROXIMATION': False,
  'FS_CACHE_DIRECTORY': '__pyphi_cache__',
  'FS_CACHE_VERBOSITY': 0,
  'LOG_FILE': 'pyphi.log',
  'LOG_FILE_LEVEL': 'INFO',
  'LOG_STDOUT_LEVEL': 'WARNING',
  'MAXIMUM_CACHE_MEMORY_PERCENTAGE': 50,
  'MEASURE': 'EMD',
  'MONGODB_CONFIG': { 'collection_name': 'cache',
                      'database_name': 'pyphi',
                      'host': 'localhost',
                      'port': 27017},
  'NUMBER_OF_CORES': -1,
  'PARALLEL_COMPLEX_EVALUATION': False,
  'PARALLEL_CONCEPT_EVALUATION': False,
  'PARALLEL_CUT_EVALUATION': True,
  'PARTITION_TYPE': 'BI',
  'PICK_SMALLEST_PURVIEW': False,
  'PRECISION': 6,
  'PRINT_FRACTIONS': True,
  'PROGRESS_BARS': True,
  'REDIS_CACHE': False,
  'REDIS_CONFIG': {'db': 0, 'host': 'localhost', 'port': 6379, 'test_db': 1},
  'REPR_VERBOSITY': 2,
  'SINGLE_MICRO_NODES_WITH_SELFLOOPS_HAVE_PHI': False,
  'SYSTEM_CUTS': '3.0_STYLE',
  'USE_SMALL_PHI_DIFFERENCE_FOR_CES_DISTANCE': False,
  'VALIDATE_CONDITIONAL_INDEPENDENCE': True,
  'VALIDATE_SUBSYSTEM_STATES': True,
  'WELCOME_OFF': False}
2026-05-16 04:29:23,426 [pyphi.compute.subsystem] INFO MainProcess: Finished calculating big-phi data for Subsystem(n0, n1, n2).
2026-05-16 04:29:23,428 [pyphi.compute.subsystem] INFO MainProcess: Calculating big-phi data for Subsystem(n0, n1, n2)...
2026-05-16 04:29:23,719 [pyphi.conf] INFO Process-69: PyPhi v1.2.0
2026-05-16 04:29:23,719 [pyphi.conf] INFO Process-69: Using default configuration (no configuration file provided)
2026-05-16 04:29:23,719 [pyphi.conf] INFO Process-69: Current PyPhi configuration:
 { 'ASSUME_CUTS_CANNOT_CREATE_NEW_CONCEPTS': False,
  'CACHE_POTENTIAL_PURVIEWS': True,
  'CACHE_REPERTOIRES': True,
  'CACHE_SIAS': False,
  'CACHING_BACKEND': 'fs',
  'CLEAR_SUBSYSTEM_CACHES_AFTER_COMPUTING_SIA': False,
  'CUT_ONE_APPROXIMATION': False,
  'FS_CACHE_DIRECTORY': '__pyphi_cache__',
  'FS_CACHE_VERBOSITY': 0,
  'LOG_FILE': 'pyphi.log',
  'LOG_FILE_LEVEL': 'INFO',
  'LOG_STDOUT_LEVEL': 'WARNING',
  'MAXIMUM_CACHE_MEMORY_PERCENTAGE': 50,
  'MEASURE': 'EMD',
  'MONGODB_CONFIG': { 'collection_name': 'cache',
                      'database_name': 'pyphi',
                      'host': 'localhost',
                      'port': 27017},
  'NUMBER_OF_CORES': -1,
  'PARALLEL_COMPLEX_EVALUATION': False,
  'PARALLEL_CONCEPT_EVALUATION': False,
  'PARALLEL_CUT_EVALUATION': True,
  'PARTITION_TYPE': 'BI',
  'PICK_SMALLEST_PURVIEW': False,
  'PRECISION': 6,
  'PRINT_FRACTIONS': True,
  'PROGRESS_BARS': True,
  'REDIS_CACHE': False,
  'REDIS_CONFIG': {'db': 0, 'host': 'localhost', 'port': 6379, 'test_db': 1},
  'REPR_VERBOSITY': 2,
  'SINGLE_MICRO_NODES_WITH_SELFLOOPS_HAVE_PHI': False,
  'SYSTEM_CUTS': '3.0_STYLE',
  'USE_SMALL_PHI_DIFFERENCE_FOR_CES_DISTANCE': False,
  'VALIDATE_CONDITIONAL_INDEPENDENCE': True,
  'VALIDATE_SUBSYSTEM_STATES': True,
  'WELCOME_OFF': False}
2026-05-16 04:29:29,452 [pyphi.conf] INFO Process-70: PyPhi v1.2.0
2026-05-16 04:29:29,452 [pyphi.conf] INFO Process-70: Using default configuration (no configuration file provided)
2026-05-16 04:29:29,453 [pyphi.conf] INFO Process-70: Current PyPhi configuration:
 { 'ASSUME_CUTS_CANNOT_CREATE_NEW_CONCEPTS': False,
  'CACHE_POTENTIAL_PURVIEWS': True,
  'CACHE_REPERTOIRES': True,
  'CACHE_SIAS': False,
  'CACHING_BACKEND': 'fs',
  'CLEAR_SUBSYSTEM_CACHES_AFTER_COMPUTING_SIA': False,
  'CUT_ONE_APPROXIMATION': False,
  'FS_CACHE_DIRECTORY': '__pyphi_cache__',
  'FS_CACHE_VERBOSITY': 0,
  'LOG_FILE': 'pyphi.log',
  'LOG_FILE_LEVEL': 'INFO',
  'LOG_STDOUT_LEVEL': 'WARNING',
  'MAXIMUM_CACHE_MEMORY_PERCENTAGE': 50,
  'MEASURE': 'EMD',
  'MONGODB_CONFIG': { 'collection_name': 'cache',
                      'database_name': 'pyphi',
                      'host': 'localhost',
                      'port': 27017},
  'NUMBER_OF_CORES': -1,
  'PARALLEL_COMPLEX_EVALUATION': False,
  'PARALLEL_CONCEPT_EVALUATION': False,
  'PARALLEL_CUT_EVALUATION': True,
  'PARTITION_TYPE': 'BI',
  'PICK_SMALLEST_PURVIEW': False,
  'PRECISION': 6,
  'PRINT_FRACTIONS': True,
  'PROGRESS_BARS': True,
  'REDIS_CACHE': False,
  'REDIS_CONFIG': {'db': 0, 'host': 'localhost', 'port': 6379, 'test_db': 1},
  'REPR_VERBOSITY': 2,
  'SINGLE_MICRO_NODES_WITH_SELFLOOPS_HAVE_PHI': False,
  'SYSTEM_CUTS': '3.0_STYLE',
  'USE_SMALL_PHI_DIFFERENCE_FOR_CES_DISTANCE': False,
  'VALIDATE_CONDITIONAL_INDEPENDENCE': True,
  'VALIDATE_SUBSYSTEM_STATES': True,
  'WELCOME_OFF': False}
2026-05-16 04:29:35,574 [pyphi.compute.subsystem] INFO MainProcess: Finished calculating big-phi data for Subsystem(n0, n1, n2).
2026-05-16 04:29:35,575 [pyphi.compute.subsystem] INFO MainProcess: Calculating big-phi data for Subsystem(n0, n1, n2)...
2026-05-16 04:29:35,875 [pyphi.conf] INFO Process-71: PyPhi v1.2.0
2026-05-16 04:29:35,875 [pyphi.conf] INFO Process-71: Using default configuration (no configuration file provided)
2026-05-16 04:29:35,876 [pyphi.conf] INFO Process-71: Current PyPhi configuration:
 { 'ASSUME_CUTS_CANNOT_CREATE_NEW_CONCEPTS': False,
  'CACHE_POTENTIAL_PURVIEWS': True,
  'CACHE_REPERTOIRES': True,
  'CACHE_SIAS': False,
  'CACHING_BACKEND': 'fs',
  'CLEAR_SUBSYSTEM_CACHES_AFTER_COMPUTING_SIA': False,
  'CUT_ONE_APPROXIMATION': False,
  'FS_CACHE_DIRECTORY': '__pyphi_cache__',
  'FS_CACHE_VERBOSITY': 0,
  'LOG_FILE': 'pyphi.log',
  'LOG_FILE_LEVEL': 'INFO',
  'LOG_STDOUT_LEVEL': 'WARNING',
  'MAXIMUM_CACHE_MEMORY_PERCENTAGE': 50,
  'MEASURE': 'EMD',
  'MONGODB_CONFIG': { 'collection_name': 'cache',
                      'database_name': 'pyphi',
                      'host': 'localhost',
                      'port': 27017},
  'NUMBER_OF_CORES': -1,
  'PARALLEL_COMPLEX_EVALUATION': False,
  'PARALLEL_CONCEPT_EVALUATION': False,
  'PARALLEL_CUT_EVALUATION': True,
  'PARTITION_TYPE': 'BI',
  'PICK_SMALLEST_PURVIEW': False,
  'PRECISION': 6,
  'PRINT_FRACTIONS': True,
  'PROGRESS_BARS': True,
  'REDIS_CACHE': False,
  'REDIS_CONFIG': {'db': 0, 'host': 'localhost', 'port': 6379, 'test_db': 1},
  'REPR_VERBOSITY': 2,
  'SINGLE_MICRO_NODES_WITH_SELFLOOPS_HAVE_PHI': False,
  'SYSTEM_CUTS': '3.0_STYLE',
  'USE_SMALL_PHI_DIFFERENCE_FOR_CES_DISTANCE': False,
  'VALIDATE_CONDITIONAL_INDEPENDENCE': True,
  'VALIDATE_SUBSYSTEM_STATES': True,
  'WELCOME_OFF': False}
2026-05-16 04:29:42,106 [pyphi.conf] INFO Process-72: PyPhi v1.2.0
2026-05-16 04:29:42,106 [pyphi.conf] INFO Process-72: Using default configuration (no configuration file provided)
2026-05-16 04:29:42,107 [pyphi.conf] INFO Process-72: Current PyPhi configuration:
 { 'ASSUME_CUTS_CANNOT_CREATE_NEW_CONCEPTS': False,
  'CACHE_POTENTIAL_PURVIEWS': True,
  'CACHE_REPERTOIRES': True,
  'CACHE_SIAS': False,
  'CACHING_BACKEND': 'fs',
  'CLEAR_SUBSYSTEM_CACHES_AFTER_COMPUTING_SIA': False,
  'CUT_ONE_APPROXIMATION': False,
  'FS_CACHE_DIRECTORY': '__pyphi_cache__',
  'FS_CACHE_VERBOSITY': 0,
  'LOG_FILE': 'pyphi.log',
  'LOG_FILE_LEVEL': 'INFO',
  'LOG_STDOUT_LEVEL': 'WARNING',
  'MAXIMUM_CACHE_MEMORY_PERCENTAGE': 50,
  'MEASURE': 'EMD',
  'MONGODB_CONFIG': { 'collection_name': 'cache',
                      'database_name': 'pyphi',
                      'host': 'localhost',
                      'port': 27017},
  'NUMBER_OF_CORES': -1,
  'PARALLEL_COMPLEX_EVALUATION': False,
  'PARALLEL_CONCEPT_EVALUATION': False,
  'PARALLEL_CUT_EVALUATION': True,
  'PARTITION_TYPE': 'BI',
  'PICK_SMALLEST_PURVIEW': False,
  'PRECISION': 6,
  'PRINT_FRACTIONS': True,
  'PROGRESS_BARS': True,
  'REDIS_CACHE': False,
  'REDIS_CONFIG': {'db': 0, 'host': 'localhost', 'port': 6379, 'test_db': 1},
  'REPR_VERBOSITY': 2,
  'SINGLE_MICRO_NODES_WITH_SELFLOOPS_HAVE_PHI': False,
  'SYSTEM_CUTS': '3.0_STYLE',
  'USE_SMALL_PHI_DIFFERENCE_FOR_CES_DISTANCE': False,
  'VALIDATE_CONDITIONAL_INDEPENDENCE': True,
  'VALIDATE_SUBSYSTEM_STATES': True,
  'WELCOME_OFF': False}
2026-05-16 04:29:48,029 [pyphi.compute.subsystem] INFO MainProcess: Finished calculating big-phi data for Subsystem(n0, n1, n2).
2026-05-16 04:29:48,031 [pyphi.compute.subsystem] INFO MainProcess: Calculating big-phi data for Subsystem(n0, n1, n2)...
2026-05-16 04:29:48,327 [pyphi.conf] INFO Process-73: PyPhi v1.2.0
2026-05-16 04:29:48,328 [pyphi.conf] INFO Process-73: Using default configuration (no configuration file provided)
2026-05-16 04:29:48,328 [pyphi.conf] INFO Process-73: Current PyPhi configuration:
 { 'ASSUME_CUTS_CANNOT_CREATE_NEW_CONCEPTS': False,
  'CACHE_POTENTIAL_PURVIEWS': True,
  'CACHE_REPERTOIRES': True,
  'CACHE_SIAS': False,
  'CACHING_BACKEND': 'fs',
  'CLEAR_SUBSYSTEM_CACHES_AFTER_COMPUTING_SIA': False,
  'CUT_ONE_APPROXIMATION': False,
  'FS_CACHE_DIRECTORY': '__pyphi_cache__',
  'FS_CACHE_VERBOSITY': 0,
  'LOG_FILE': 'pyphi.log',
  'LOG_FILE_LEVEL': 'INFO',
  'LOG_STDOUT_LEVEL': 'WARNING',
  'MAXIMUM_CACHE_MEMORY_PERCENTAGE': 50,
  'MEASURE': 'EMD',
  'MONGODB_CONFIG': { 'collection_name': 'cache',
                      'database_name': 'pyphi',
                      'host': 'localhost',
                      'port': 27017},
  'NUMBER_OF_CORES': -1,
  'PARALLEL_COMPLEX_EVALUATION': False,
  'PARALLEL_CONCEPT_EVALUATION': False,
  'PARALLEL_CUT_EVALUATION': True,
  'PARTITION_TYPE': 'BI',
  'PICK_SMALLEST_PURVIEW': False,
  'PRECISION': 6,
  'PRINT_FRACTIONS': True,
  'PROGRESS_BARS': True,
  'REDIS_CACHE': False,
  'REDIS_CONFIG': {'db': 0, 'host': 'localhost', 'port': 6379, 'test_db': 1},
  'REPR_VERBOSITY': 2,
  'SINGLE_MICRO_NODES_WITH_SELFLOOPS_HAVE_PHI': False,
  'SYSTEM_CUTS': '3.0_STYLE',
  'USE_SMALL_PHI_DIFFERENCE_FOR_CES_DISTANCE': False,
  'VALIDATE_CONDITIONAL_INDEPENDENCE': True,
  'VALIDATE_SUBSYSTEM_STATES': True,
  'WELCOME_OFF': False}
2026-05-16 04:29:53,994 [pyphi.conf] INFO Process-74: PyPhi v1.2.0
2026-05-16 04:29:53,994 [pyphi.conf] INFO Process-74: Using default configuration (no configuration file provided)
2026-05-16 04:29:53,994 [pyphi.conf] INFO Process-74: Current PyPhi configuration:
 { 'ASSUME_CUTS_CANNOT_CREATE_NEW_CONCEPTS': False,
  'CACHE_POTENTIAL_PURVIEWS': True,
  'CACHE_REPERTOIRES': True,
  'CACHE_SIAS': False,
  'CACHING_BACKEND': 'fs',
  'CLEAR_SUBSYSTEM_CACHES_AFTER_COMPUTING_SIA': False,
  'CUT_ONE_APPROXIMATION': False,
  'FS_CACHE_DIRECTORY': '__pyphi_cache__',
  'FS_CACHE_VERBOSITY': 0,
  'LOG_FILE': 'pyphi.log',
  'LOG_FILE_LEVEL': 'INFO',
  'LOG_STDOUT_LEVEL': 'WARNING',
  'MAXIMUM_CACHE_MEMORY_PERCENTAGE': 50,
  'MEASURE': 'EMD',
  'MONGODB_CONFIG': { 'collection_name': 'cache',
                      'database_name': 'pyphi',
                      'host': 'localhost',
                      'port': 27017},
  'NUMBER_OF_CORES': -1,
  'PARALLEL_COMPLEX_EVALUATION': False,
  'PARALLEL_CONCEPT_EVALUATION': False,
  'PARALLEL_CUT_EVALUATION': True,
  'PARTITION_TYPE': 'BI',
  'PICK_SMALLEST_PURVIEW': False,
  'PRECISION': 6,
  'PRINT_FRACTIONS': True,
  'PROGRESS_BARS': True,
  'REDIS_CACHE': False,
  'REDIS_CONFIG': {'db': 0, 'host': 'localhost', 'port': 6379, 'test_db': 1},
  'REPR_VERBOSITY': 2,
  'SINGLE_MICRO_NODES_WITH_SELFLOOPS_HAVE_PHI': False,
  'SYSTEM_CUTS': '3.0_STYLE',
  'USE_SMALL_PHI_DIFFERENCE_FOR_CES_DISTANCE': False,
  'VALIDATE_CONDITIONAL_INDEPENDENCE': True,
  'VALIDATE_SUBSYSTEM_STATES': True,
  'WELCOME_OFF': False}
2026-05-16 04:30:01,318 [pyphi.compute.subsystem] INFO MainProcess: Finished calculating big-phi data for Subsystem(n0, n1, n2).
2026-05-16 04:30:01,322 [pyphi.compute.subsystem] INFO MainProcess: Calculating big-phi data for Subsystem(n0, n1, n2)...
2026-05-16 04:30:01,615 [pyphi.conf] INFO Process-75: PyPhi v1.2.0
2026-05-16 04:30:01,616 [pyphi.conf] INFO Process-75: Using default configuration (no configuration file provided)
2026-05-16 04:30:01,616 [pyphi.conf] INFO Process-75: Current PyPhi configuration:
 { 'ASSUME_CUTS_CANNOT_CREATE_NEW_CONCEPTS': False,
  'CACHE_POTENTIAL_PURVIEWS': True,
  'CACHE_REPERTOIRES': True,
  'CACHE_SIAS': False,
  'CACHING_BACKEND': 'fs',
  'CLEAR_SUBSYSTEM_CACHES_AFTER_COMPUTING_SIA': False,
  'CUT_ONE_APPROXIMATION': False,
  'FS_CACHE_DIRECTORY': '__pyphi_cache__',
  'FS_CACHE_VERBOSITY': 0,
  'LOG_FILE': 'pyphi.log',
  'LOG_FILE_LEVEL': 'INFO',
  'LOG_STDOUT_LEVEL': 'WARNING',
  'MAXIMUM_CACHE_MEMORY_PERCENTAGE': 50,
  'MEASURE': 'EMD',
  'MONGODB_CONFIG': { 'collection_name': 'cache',
                      'database_name': 'pyphi',
                      'host': 'localhost',
                      'port': 27017},
  'NUMBER_OF_CORES': -1,
  'PARALLEL_COMPLEX_EVALUATION': False,
  'PARALLEL_CONCEPT_EVALUATION': False,
  'PARALLEL_CUT_EVALUATION': True,
  'PARTITION_TYPE': 'BI',
  'PICK_SMALLEST_PURVIEW': False,
  'PRECISION': 6,
  'PRINT_FRACTIONS': True,
  'PROGRESS_BARS': True,
  'REDIS_CACHE': False,
  'REDIS_CONFIG': {'db': 0, 'host': 'localhost', 'port': 6379, 'test_db': 1},
  'REPR_VERBOSITY': 2,
  'SINGLE_MICRO_NODES_WITH_SELFLOOPS_HAVE_PHI': False,
  'SYSTEM_CUTS': '3.0_STYLE',
  'USE_SMALL_PHI_DIFFERENCE_FOR_CES_DISTANCE': False,
  'VALIDATE_CONDITIONAL_INDEPENDENCE': True,
  'VALIDATE_SUBSYSTEM_STATES': True,
  'WELCOME_OFF': False}
2026-05-16 04:30:07,576 [pyphi.conf] INFO Process-76: PyPhi v1.2.0
2026-05-16 04:30:07,576 [pyphi.conf] INFO Process-76: Using default configuration (no configuration file provided)
2026-05-16 04:30:07,577 [pyphi.conf] INFO Process-76: Current PyPhi configuration:
 { 'ASSUME_CUTS_CANNOT_CREATE_NEW_CONCEPTS': False,
  'CACHE_POTENTIAL_PURVIEWS': True,
  'CACHE_REPERTOIRES': True,
  'CACHE_SIAS': False,
  'CACHING_BACKEND': 'fs',
  'CLEAR_SUBSYSTEM_CACHES_AFTER_COMPUTING_SIA': False,
  'CUT_ONE_APPROXIMATION': False,
  'FS_CACHE_DIRECTORY': '__pyphi_cache__',
  'FS_CACHE_VERBOSITY': 0,
  'LOG_FILE': 'pyphi.log',
  'LOG_FILE_LEVEL': 'INFO',
  'LOG_STDOUT_LEVEL': 'WARNING',
  'MAXIMUM_CACHE_MEMORY_PERCENTAGE': 50,
  'MEASURE': 'EMD',
  'MONGODB_CONFIG': { 'collection_name': 'cache',
                      'database_name': 'pyphi',
                      'host': 'localhost',
                      'port': 27017},
  'NUMBER_OF_CORES': -1,
  'PARALLEL_COMPLEX_EVALUATION': False,
  'PARALLEL_CONCEPT_EVALUATION': False,
  'PARALLEL_CUT_EVALUATION': True,
  'PARTITION_TYPE': 'BI',
  'PICK_SMALLEST_PURVIEW': False,
  'PRECISION': 6,
  'PRINT_FRACTIONS': True,
  'PROGRESS_BARS': True,
  'REDIS_CACHE': False,
  'REDIS_CONFIG': {'db': 0, 'host': 'localhost', 'port': 6379, 'test_db': 1},
  'REPR_VERBOSITY': 2,
  'SINGLE_MICRO_NODES_WITH_SELFLOOPS_HAVE_PHI': False,
  'SYSTEM_CUTS': '3.0_STYLE',
  'USE_SMALL_PHI_DIFFERENCE_FOR_CES_DISTANCE': False,
  'VALIDATE_CONDITIONAL_INDEPENDENCE': True,
  'VALIDATE_SUBSYSTEM_STATES': True,
  'WELCOME_OFF': False}
2026-05-16 04:30:12,925 [pyphi.compute.subsystem] INFO MainProcess: Finished calculating big-phi data for Subsystem(n0, n1, n2).
2026-05-16 04:31:10,239 [pyphi.conf] INFO MainProcess: PyPhi v1.2.0
2026-05-16 04:31:10,239 [pyphi.conf] INFO MainProcess: Using default configuration (no configuration file provided)
2026-05-16 04:31:10,240 [pyphi.conf] INFO MainProcess: Current PyPhi configuration:
 { 'ASSUME_CUTS_CANNOT_CREATE_NEW_CONCEPTS': False,
  'CACHE_POTENTIAL_PURVIEWS': True,
  'CACHE_REPERTOIRES': True,
  'CACHE_SIAS': False,
  'CACHING_BACKEND': 'fs',
  'CLEAR_SUBSYSTEM_CACHES_AFTER_COMPUTING_SIA': False,
  'CUT_ONE_APPROXIMATION': False,
  'FS_CACHE_DIRECTORY': '__pyphi_cache__',
  'FS_CACHE_VERBOSITY': 0,
  'LOG_FILE': 'pyphi.log',
  'LOG_FILE_LEVEL': 'INFO',
  'LOG_STDOUT_LEVEL': 'WARNING',
  'MAXIMUM_CACHE_MEMORY_PERCENTAGE': 50,
  'MEASURE': 'EMD',
  'MONGODB_CONFIG': { 'collection_name': 'cache',
                      'database_name': 'pyphi',
                      'host': 'localhost',
                      'port': 27017},
  'NUMBER_OF_CORES': -1,
  'PARALLEL_COMPLEX_EVALUATION': False,
  'PARALLEL_CONCEPT_EVALUATION': False,
  'PARALLEL_CUT_EVALUATION': True,
  'PARTITION_TYPE': 'BI',
  'PICK_SMALLEST_PURVIEW': False,
  'PRECISION': 6,
  'PRINT_FRACTIONS': True,
  'PROGRESS_BARS': True,
  'REDIS_CACHE': False,
  'REDIS_CONFIG': {'db': 0, 'host': 'localhost', 'port': 6379, 'test_db': 1},
  'REPR_VERBOSITY': 2,
  'SINGLE_MICRO_NODES_WITH_SELFLOOPS_HAVE_PHI': False,
  'SYSTEM_CUTS': '3.0_STYLE',
  'USE_SMALL_PHI_DIFFERENCE_FOR_CES_DISTANCE': False,
  'VALIDATE_CONDITIONAL_INDEPENDENCE': True,
  'VALIDATE_SUBSYSTEM_STATES': True,
  'WELCOME_OFF': False}
2026-05-16 04:31:15,408 [pyphi.compute.subsystem] INFO MainProcess: Calculating big-phi data for Subsystem(a0, a1, a2, C)...
2026-05-16 04:31:15,681 [pyphi.conf] INFO Process-1: PyPhi v1.2.0
2026-05-16 04:31:15,682 [pyphi.conf] INFO Process-1: Using default configuration (no configuration file provided)
2026-05-16 04:31:15,682 [pyphi.conf] INFO Process-1: Current PyPhi configuration:
 { 'ASSUME_CUTS_CANNOT_CREATE_NEW_CONCEPTS': False,
  'CACHE_POTENTIAL_PURVIEWS': True,
  'CACHE_REPERTOIRES': True,
  'CACHE_SIAS': False,
  'CACHING_BACKEND': 'fs',
  'CLEAR_SUBSYSTEM_CACHES_AFTER_COMPUTING_SIA': False,
  'CUT_ONE_APPROXIMATION': False,
  'FS_CACHE_DIRECTORY': '__pyphi_cache__',
  'FS_CACHE_VERBOSITY': 0,
  'LOG_FILE': 'pyphi.log',
  'LOG_FILE_LEVEL': 'INFO',
  'LOG_STDOUT_LEVEL': 'WARNING',
  'MAXIMUM_CACHE_MEMORY_PERCENTAGE': 50,
  'MEASURE': 'EMD',
  'MONGODB_CONFIG': { 'collection_name': 'cache',
                      'database_name': 'pyphi',
                      'host': 'localhost',
                      'port': 27017},
  'NUMBER_OF_CORES': -1,
  'PARALLEL_COMPLEX_EVALUATION': False,
  'PARALLEL_CONCEPT_EVALUATION': False,
  'PARALLEL_CUT_EVALUATION': True,
  'PARTITION_TYPE': 'BI',
  'PICK_SMALLEST_PURVIEW': False,
  'PRECISION': 6,
  'PRINT_FRACTIONS': True,
  'PROGRESS_BARS': True,
  'REDIS_CACHE': False,
  'REDIS_CONFIG': {'db': 0, 'host': 'localhost', 'port': 6379, 'test_db': 1},
  'REPR_VERBOSITY': 2,
  'SINGLE_MICRO_NODES_WITH_SELFLOOPS_HAVE_PHI': False,
  'SYSTEM_CUTS': '3.0_STYLE',
  'USE_SMALL_PHI_DIFFERENCE_FOR_CES_DISTANCE': False,
  'VALIDATE_CONDITIONAL_INDEPENDENCE': True,
  'VALIDATE_SUBSYSTEM_STATES': True,
  'WELCOME_OFF': False}
2026-05-16 04:31:21,674 [pyphi.conf] INFO Process-2: PyPhi v1.2.0
2026-05-16 04:31:21,674 [pyphi.conf] INFO Process-2: Using default configuration (no configuration file provided)
2026-05-16 04:31:21,675 [pyphi.conf] INFO Process-2: Current PyPhi configuration:
 { 'ASSUME_CUTS_CANNOT_CREATE_NEW_CONCEPTS': False,
  'CACHE_POTENTIAL_PURVIEWS': True,
  'CACHE_REPERTOIRES': True,
  'CACHE_SIAS': False,
  'CACHING_BACKEND': 'fs',
  'CLEAR_SUBSYSTEM_CACHES_AFTER_COMPUTING_SIA': False,
  'CUT_ONE_APPROXIMATION': False,
  'FS_CACHE_DIRECTORY': '__pyphi_cache__',
  'FS_CACHE_VERBOSITY': 0,
  'LOG_FILE': 'pyphi.log',
  'LOG_FILE_LEVEL': 'INFO',
  'LOG_STDOUT_LEVEL': 'WARNING',
  'MAXIMUM_CACHE_MEMORY_PERCENTAGE': 50,
  'MEASURE': 'EMD',
  'MONGODB_CONFIG': { 'collection_name': 'cache',
                      'database_name': 'pyphi',
                      'host': 'localhost',
                      'port': 27017},
  'NUMBER_OF_CORES': -1,
  'PARALLEL_COMPLEX_EVALUATION': False,
  'PARALLEL_CONCEPT_EVALUATION': False,
  'PARALLEL_CUT_EVALUATION': True,
  'PARTITION_TYPE': 'BI',
  'PICK_SMALLEST_PURVIEW': False,
  'PRECISION': 6,
  'PRINT_FRACTIONS': True,
  'PROGRESS_BARS': True,
  'REDIS_CACHE': False,
  'REDIS_CONFIG': {'db': 0, 'host': 'localhost', 'port': 6379, 'test_db': 1},
  'REPR_VERBOSITY': 2,
  'SINGLE_MICRO_NODES_WITH_SELFLOOPS_HAVE_PHI': False,
  'SYSTEM_CUTS': '3.0_STYLE',
  'USE_SMALL_PHI_DIFFERENCE_FOR_CES_DISTANCE': False,
  'VALIDATE_CONDITIONAL_INDEPENDENCE': True,
  'VALIDATE_SUBSYSTEM_STATES': True,
  'WELCOME_OFF': False}
2026-05-16 04:31:32,374 [pyphi.compute.subsystem] INFO MainProcess: Finished calculating big-phi data for Subsystem(a0, a1, a2, C).
2026-05-16 04:31:32,376 [pyphi.compute.subsystem] INFO MainProcess: Calculating big-phi data for Subsystem(a0, C)...
2026-05-16 04:31:32,648 [pyphi.conf] INFO Process-3: PyPhi v1.2.0
2026-05-16 04:31:32,648 [pyphi.conf] INFO Process-3: Using default configuration (no configuration file provided)
2026-05-16 04:31:32,648 [pyphi.conf] INFO Process-3: Current PyPhi configuration:
 { 'ASSUME_CUTS_CANNOT_CREATE_NEW_CONCEPTS': False,
  'CACHE_POTENTIAL_PURVIEWS': True,
  'CACHE_REPERTOIRES': True,
  'CACHE_SIAS': False,
  'CACHING_BACKEND': 'fs',
  'CLEAR_SUBSYSTEM_CACHES_AFTER_COMPUTING_SIA': False,
  'CUT_ONE_APPROXIMATION': False,
  'FS_CACHE_DIRECTORY': '__pyphi_cache__',
  'FS_CACHE_VERBOSITY': 0,
  'LOG_FILE': 'pyphi.log',
  'LOG_FILE_LEVEL': 'INFO',
  'LOG_STDOUT_LEVEL': 'WARNING',
  'MAXIMUM_CACHE_MEMORY_PERCENTAGE': 50,
  'MEASURE': 'EMD',
  'MONGODB_CONFIG': { 'collection_name': 'cache',
                      'database_name': 'pyphi',
                      'host': 'localhost',
                      'port': 27017},
  'NUMBER_OF_CORES': -1,
  'PARALLEL_COMPLEX_EVALUATION': False,
  'PARALLEL_CONCEPT_EVALUATION': False,
  'PARALLEL_CUT_EVALUATION': True,
  'PARTITION_TYPE': 'BI',
  'PICK_SMALLEST_PURVIEW': False,
  'PRECISION': 6,
  'PRINT_FRACTIONS': True,
  'PROGRESS_BARS': True,
  'REDIS_CACHE': False,
  'REDIS_CONFIG': {'db': 0, 'host': 'localhost', 'port': 6379, 'test_db': 1},
  'REPR_VERBOSITY': 2,
  'SINGLE_MICRO_NODES_WITH_SELFLOOPS_HAVE_PHI': False,
  'SYSTEM_CUTS': '3.0_STYLE',
  'USE_SMALL_PHI_DIFFERENCE_FOR_CES_DISTANCE': False,
  'VALIDATE_CONDITIONAL_INDEPENDENCE': True,
  'VALIDATE_SUBSYSTEM_STATES': True,
  'WELCOME_OFF': False}
2026-05-16 04:31:37,526 [pyphi.conf] INFO Process-4: PyPhi v1.2.0
2026-05-16 04:31:37,526 [pyphi.conf] INFO Process-4: Using default configuration (no configuration file provided)
2026-05-16 04:31:37,526 [pyphi.conf] INFO Process-4: Current PyPhi configuration:
 { 'ASSUME_CUTS_CANNOT_CREATE_NEW_CONCEPTS': False,
  'CACHE_POTENTIAL_PURVIEWS': True,
  'CACHE_REPERTOIRES': True,
  'CACHE_SIAS': False,
  'CACHING_BACKEND': 'fs',
  'CLEAR_SUBSYSTEM_CACHES_AFTER_COMPUTING_SIA': False,
  'CUT_ONE_APPROXIMATION': False,
  'FS_CACHE_DIRECTORY': '__pyphi_cache__',
  'FS_CACHE_VERBOSITY': 0,
  'LOG_FILE': 'pyphi.log',
  'LOG_FILE_LEVEL': 'INFO',
  'LOG_STDOUT_LEVEL': 'WARNING',
  'MAXIMUM_CACHE_MEMORY_PERCENTAGE': 50,
  'MEASURE': 'EMD',
  'MONGODB_CONFIG': { 'collection_name': 'cache',
                      'database_name': 'pyphi',
                      'host': 'localhost',
                      'port': 27017},
  'NUMBER_OF_CORES': -1,
  'PARALLEL_COMPLEX_EVALUATION': False,
  'PARALLEL_CONCEPT_EVALUATION': False,
  'PARALLEL_CUT_EVALUATION': True,
  'PARTITION_TYPE': 'BI',
  'PICK_SMALLEST_PURVIEW': False,
  'PRECISION': 6,
  'PRINT_FRACTIONS': True,
  'PROGRESS_BARS': True,
  'REDIS_CACHE': False,
  'REDIS_CONFIG': {'db': 0, 'host': 'localhost', 'port': 6379, 'test_db': 1},
  'REPR_VERBOSITY': 2,
  'SINGLE_MICRO_NODES_WITH_SELFLOOPS_HAVE_PHI': False,
  'SYSTEM_CUTS': '3.0_STYLE',
  'USE_SMALL_PHI_DIFFERENCE_FOR_CES_DISTANCE': False,
  'VALIDATE_CONDITIONAL_INDEPENDENCE': True,
  'VALIDATE_SUBSYSTEM_STATES': True,
  'WELCOME_OFF': False}
2026-05-16 04:31:42,291 [pyphi.compute.subsystem] INFO MainProcess: Finished calculating big-phi data for Subsystem(a0, C).
2026-05-16 04:31:42,292 [pyphi.compute.subsystem] INFO MainProcess: Calculating big-phi data for Subsystem(a0, C)...
2026-05-16 04:31:42,512 [pyphi.conf] INFO Process-5: PyPhi v1.2.0
2026-05-16 04:31:42,512 [pyphi.conf] INFO Process-5: Using default configuration (no configuration file provided)
2026-05-16 04:31:42,513 [pyphi.conf] INFO Process-5: Current PyPhi configuration:
 { 'ASSUME_CUTS_CANNOT_CREATE_NEW_CONCEPTS': False,
  'CACHE_POTENTIAL_PURVIEWS': True,
  'CACHE_REPERTOIRES': True,
  'CACHE_SIAS': False,
  'CACHING_BACKEND': 'fs',
  'CLEAR_SUBSYSTEM_CACHES_AFTER_COMPUTING_SIA': False,
  'CUT_ONE_APPROXIMATION': False,
  'FS_CACHE_DIRECTORY': '__pyphi_cache__',
  'FS_CACHE_VERBOSITY': 0,
  'LOG_FILE': 'pyphi.log',
  'LOG_FILE_LEVEL': 'INFO',
  'LOG_STDOUT_LEVEL': 'WARNING',
  'MAXIMUM_CACHE_MEMORY_PERCENTAGE': 50,
  'MEASURE': 'EMD',
  'MONGODB_CONFIG': { 'collection_name': 'cache',
                      'database_name': 'pyphi',
                      'host': 'localhost',
                      'port': 27017},
  'NUMBER_OF_CORES': -1,
  'PARALLEL_COMPLEX_EVALUATION': False,
  'PARALLEL_CONCEPT_EVALUATION': False,
  'PARALLEL_CUT_EVALUATION': True,
  'PARTITION_TYPE': 'BI',
  'PICK_SMALLEST_PURVIEW': False,
  'PRECISION': 6,
  'PRINT_FRACTIONS': True,
  'PROGRESS_BARS': True,
  'REDIS_CACHE': False,
  'REDIS_CONFIG': {'db': 0, 'host': 'localhost', 'port': 6379, 'test_db': 1},
  'REPR_VERBOSITY': 2,
  'SINGLE_MICRO_NODES_WITH_SELFLOOPS_HAVE_PHI': False,
  'SYSTEM_CUTS': '3.0_STYLE',
  'USE_SMALL_PHI_DIFFERENCE_FOR_CES_DISTANCE': False,
  'VALIDATE_CONDITIONAL_INDEPENDENCE': True,
  'VALIDATE_SUBSYSTEM_STATES': True,
  'WELCOME_OFF': False}
2026-05-16 04:31:47,832 [pyphi.conf] INFO Process-6: PyPhi v1.2.0
2026-05-16 04:31:47,833 [pyphi.conf] INFO Process-6: Using default configuration (no configuration file provided)
2026-05-16 04:31:47,834 [pyphi.conf] INFO Process-6: Current PyPhi configuration:
 { 'ASSUME_CUTS_CANNOT_CREATE_NEW_CONCEPTS': False,
  'CACHE_POTENTIAL_PURVIEWS': True,
  'CACHE_REPERTOIRES': True,
  'CACHE_SIAS': False,
  'CACHING_BACKEND': 'fs',
  'CLEAR_SUBSYSTEM_CACHES_AFTER_COMPUTING_SIA': False,
  'CUT_ONE_APPROXIMATION': False,
  'FS_CACHE_DIRECTORY': '__pyphi_cache__',
  'FS_CACHE_VERBOSITY': 0,
  'LOG_FILE': 'pyphi.log',
  'LOG_FILE_LEVEL': 'INFO',
  'LOG_STDOUT_LEVEL': 'WARNING',
  'MAXIMUM_CACHE_MEMORY_PERCENTAGE': 50,
  'MEASURE': 'EMD',
  'MONGODB_CONFIG': { 'collection_name': 'cache',
                      'database_name': 'pyphi',
                      'host': 'localhost',
                      'port': 27017},
  'NUMBER_OF_CORES': -1,
  'PARALLEL_COMPLEX_EVALUATION': False,
  'PARALLEL_CONCEPT_EVALUATION': False,
  'PARALLEL_CUT_EVALUATION': True,
  'PARTITION_TYPE': 'BI',
  'PICK_SMALLEST_PURVIEW': False,
  'PRECISION': 6,
  'PRINT_FRACTIONS': True,
  'PROGRESS_BARS': True,
  'REDIS_CACHE': False,
  'REDIS_CONFIG': {'db': 0, 'host': 'localhost', 'port': 6379, 'test_db': 1},
  'REPR_VERBOSITY': 2,
  'SINGLE_MICRO_NODES_WITH_SELFLOOPS_HAVE_PHI': False,
  'SYSTEM_CUTS': '3.0_STYLE',
  'USE_SMALL_PHI_DIFFERENCE_FOR_CES_DISTANCE': False,
  'VALIDATE_CONDITIONAL_INDEPENDENCE': True,
  'VALIDATE_SUBSYSTEM_STATES': True,
  'WELCOME_OFF': False}
2026-05-16 04:31:53,141 [pyphi.compute.subsystem] INFO MainProcess: Finished calculating big-phi data for Subsystem(a0, C).
2026-05-16 04:31:53,143 [pyphi.compute.subsystem] INFO MainProcess: Calculating big-phi data for Subsystem(a0, C)...
2026-05-16 04:31:53,360 [pyphi.conf] INFO Process-7: PyPhi v1.2.0
2026-05-16 04:31:53,360 [pyphi.conf] INFO Process-7: Using default configuration (no configuration file provided)
2026-05-16 04:31:53,361 [pyphi.conf] INFO Process-7: Current PyPhi configuration:
 { 'ASSUME_CUTS_CANNOT_CREATE_NEW_CONCEPTS': False,
  'CACHE_POTENTIAL_PURVIEWS': True,
  'CACHE_REPERTOIRES': True,
  'CACHE_SIAS': False,
  'CACHING_BACKEND': 'fs',
  'CLEAR_SUBSYSTEM_CACHES_AFTER_COMPUTING_SIA': False,
  'CUT_ONE_APPROXIMATION': False,
  'FS_CACHE_DIRECTORY': '__pyphi_cache__',
  'FS_CACHE_VERBOSITY': 0,
  'LOG_FILE': 'pyphi.log',
  'LOG_FILE_LEVEL': 'INFO',
  'LOG_STDOUT_LEVEL': 'WARNING',
  'MAXIMUM_CACHE_MEMORY_PERCENTAGE': 50,
  'MEASURE': 'EMD',
  'MONGODB_CONFIG': { 'collection_name': 'cache',
                      'database_name': 'pyphi',
                      'host': 'localhost',
                      'port': 27017},
  'NUMBER_OF_CORES': -1,
  'PARALLEL_COMPLEX_EVALUATION': False,
  'PARALLEL_CONCEPT_EVALUATION': False,
  'PARALLEL_CUT_EVALUATION': True,
  'PARTITION_TYPE': 'BI',
  'PICK_SMALLEST_PURVIEW': False,
  'PRECISION': 6,
  'PRINT_FRACTIONS': True,
  'PROGRESS_BARS': True,
  'REDIS_CACHE': False,
  'REDIS_CONFIG': {'db': 0, 'host': 'localhost', 'port': 6379, 'test_db': 1},
  'REPR_VERBOSITY': 2,
  'SINGLE_MICRO_NODES_WITH_SELFLOOPS_HAVE_PHI': False,
  'SYSTEM_CUTS': '3.0_STYLE',
  'USE_SMALL_PHI_DIFFERENCE_FOR_CES_DISTANCE': False,
  'VALIDATE_CONDITIONAL_INDEPENDENCE': True,
  'VALIDATE_SUBSYSTEM_STATES': True,
  'WELCOME_OFF': False}
2026-05-16 04:31:58,516 [pyphi.conf] INFO Process-8: PyPhi v1.2.0
2026-05-16 04:31:58,516 [pyphi.conf] INFO Process-8: Using default configuration (no configuration file provided)
2026-05-16 04:31:58,516 [pyphi.conf] INFO Process-8: Current PyPhi configuration:
 { 'ASSUME_CUTS_CANNOT_CREATE_NEW_CONCEPTS': False,
  'CACHE_POTENTIAL_PURVIEWS': True,
  'CACHE_REPERTOIRES': True,
  'CACHE_SIAS': False,
  'CACHING_BACKEND': 'fs',
  'CLEAR_SUBSYSTEM_CACHES_AFTER_COMPUTING_SIA': False,
  'CUT_ONE_APPROXIMATION': False,
  'FS_CACHE_DIRECTORY': '__pyphi_cache__',
  'FS_CACHE_VERBOSITY': 0,
  'LOG_FILE': 'pyphi.log',
  'LOG_FILE_LEVEL': 'INFO',
  'LOG_STDOUT_LEVEL': 'WARNING',
  'MAXIMUM_CACHE_MEMORY_PERCENTAGE': 50,
  'MEASURE': 'EMD',
  'MONGODB_CONFIG': { 'collection_name': 'cache',
                      'database_name': 'pyphi',
                      'host': 'localhost',
                      'port': 27017},
  'NUMBER_OF_CORES': -1,
  'PARALLEL_COMPLEX_EVALUATION': False,
  'PARALLEL_CONCEPT_EVALUATION': False,
  'PARALLEL_CUT_EVALUATION': True,
  'PARTITION_TYPE': 'BI',
  'PICK_SMALLEST_PURVIEW': False,
  'PRECISION': 6,
  'PRINT_FRACTIONS': True,
  'PROGRESS_BARS': True,
  'REDIS_CACHE': False,
  'REDIS_CONFIG': {'db': 0, 'host': 'localhost', 'port': 6379, 'test_db': 1},
  'REPR_VERBOSITY': 2,
  'SINGLE_MICRO_NODES_WITH_SELFLOOPS_HAVE_PHI': False,
  'SYSTEM_CUTS': '3.0_STYLE',
  'USE_SMALL_PHI_DIFFERENCE_FOR_CES_DISTANCE': False,
  'VALIDATE_CONDITIONAL_INDEPENDENCE': True,
  'VALIDATE_SUBSYSTEM_STATES': True,
  'WELCOME_OFF': False}
2026-05-16 04:32:04,256 [pyphi.compute.subsystem] INFO MainProcess: Finished calculating big-phi data for Subsystem(a0, C).
2026-05-16 04:32:04,257 [pyphi.compute.subsystem] INFO MainProcess: Calculating big-phi data for Subsystem(a0, a1, a2, C)...
2026-05-16 04:32:04,519 [pyphi.conf] INFO Process-9: PyPhi v1.2.0
2026-05-16 04:32:04,519 [pyphi.conf] INFO Process-9: Using default configuration (no configuration file provided)
2026-05-16 04:32:04,520 [pyphi.conf] INFO Process-9: Current PyPhi configuration:
 { 'ASSUME_CUTS_CANNOT_CREATE_NEW_CONCEPTS': False,
  'CACHE_POTENTIAL_PURVIEWS': True,
  'CACHE_REPERTOIRES': True,
  'CACHE_SIAS': False,
  'CACHING_BACKEND': 'fs',
  'CLEAR_SUBSYSTEM_CACHES_AFTER_COMPUTING_SIA': False,
  'CUT_ONE_APPROXIMATION': False,
  'FS_CACHE_DIRECTORY': '__pyphi_cache__',
  'FS_CACHE_VERBOSITY': 0,
  'LOG_FILE': 'pyphi.log',
  'LOG_FILE_LEVEL': 'INFO',
  'LOG_STDOUT_LEVEL': 'WARNING',
  'MAXIMUM_CACHE_MEMORY_PERCENTAGE': 50,
  'MEASURE': 'EMD',
  'MONGODB_CONFIG': { 'collection_name': 'cache',
                      'database_name': 'pyphi',
                      'host': 'localhost',
                      'port': 27017},
  'NUMBER_OF_CORES': -1,
  'PARALLEL_COMPLEX_EVALUATION': False,
  'PARALLEL_CONCEPT_EVALUATION': False,
  'PARALLEL_CUT_EVALUATION': True,
  'PARTITION_TYPE': 'BI',
  'PICK_SMALLEST_PURVIEW': False,
  'PRECISION': 6,
  'PRINT_FRACTIONS': True,
  'PROGRESS_BARS': True,
  'REDIS_CACHE': False,
  'REDIS_CONFIG': {'db': 0, 'host': 'localhost', 'port': 6379, 'test_db': 1},
  'REPR_VERBOSITY': 2,
  'SINGLE_MICRO_NODES_WITH_SELFLOOPS_HAVE_PHI': False,
  'SYSTEM_CUTS': '3.0_STYLE',
  'USE_SMALL_PHI_DIFFERENCE_FOR_CES_DISTANCE': False,
  'VALIDATE_CONDITIONAL_INDEPENDENCE': True,
  'VALIDATE_SUBSYSTEM_STATES': True,
  'WELCOME_OFF': False}
2026-05-16 04:32:10,816 [pyphi.conf] INFO Process-10: PyPhi v1.2.0
2026-05-16 04:32:10,816 [pyphi.conf] INFO Process-10: Using default configuration (no configuration file provided)
2026-05-16 04:32:10,817 [pyphi.conf] INFO Process-10: Current PyPhi configuration:
 { 'ASSUME_CUTS_CANNOT_CREATE_NEW_CONCEPTS': False,
  'CACHE_POTENTIAL_PURVIEWS': True,
  'CACHE_REPERTOIRES': True,
  'CACHE_SIAS': False,
  'CACHING_BACKEND': 'fs',
  'CLEAR_SUBSYSTEM_CACHES_AFTER_COMPUTING_SIA': False,
  'CUT_ONE_APPROXIMATION': False,
  'FS_CACHE_DIRECTORY': '__pyphi_cache__',
  'FS_CACHE_VERBOSITY': 0,
  'LOG_FILE': 'pyphi.log',
  'LOG_FILE_LEVEL': 'INFO',
  'LOG_STDOUT_LEVEL': 'WARNING',
  'MAXIMUM_CACHE_MEMORY_PERCENTAGE': 50,
  'MEASURE': 'EMD',
  'MONGODB_CONFIG': { 'collection_name': 'cache',
                      'database_name': 'pyphi',
                      'host': 'localhost',
                      'port': 27017},
  'NUMBER_OF_CORES': -1,
  'PARALLEL_COMPLEX_EVALUATION': False,
  'PARALLEL_CONCEPT_EVALUATION': False,
  'PARALLEL_CUT_EVALUATION': True,
  'PARTITION_TYPE': 'BI',
  'PICK_SMALLEST_PURVIEW': False,
  'PRECISION': 6,
  'PRINT_FRACTIONS': True,
  'PROGRESS_BARS': True,
  'REDIS_CACHE': False,
  'REDIS_CONFIG': {'db': 0, 'host': 'localhost', 'port': 6379, 'test_db': 1},
  'REPR_VERBOSITY': 2,
  'SINGLE_MICRO_NODES_WITH_SELFLOOPS_HAVE_PHI': False,
  'SYSTEM_CUTS': '3.0_STYLE',
  'USE_SMALL_PHI_DIFFERENCE_FOR_CES_DISTANCE': False,
  'VALIDATE_CONDITIONAL_INDEPENDENCE': True,
  'VALIDATE_SUBSYSTEM_STATES': True,
  'WELCOME_OFF': False}
2026-05-16 04:32:21,516 [pyphi.compute.subsystem] INFO MainProcess: Finished calculating big-phi data for Subsystem(a0, a1, a2, C).
2026-05-16 04:32:21,519 [pyphi.compute.subsystem] INFO MainProcess: Calculating big-phi data for Subsystem(a0, C)...
2026-05-16 04:32:21,881 [pyphi.conf] INFO Process-11: PyPhi v1.2.0
2026-05-16 04:32:21,881 [pyphi.conf] INFO Process-11: Using default configuration (no configuration file provided)
2026-05-16 04:32:21,881 [pyphi.conf] INFO Process-11: Current PyPhi configuration:
 { 'ASSUME_CUTS_CANNOT_CREATE_NEW_CONCEPTS': False,
  'CACHE_POTENTIAL_PURVIEWS': True,
  'CACHE_REPERTOIRES': True,
  'CACHE_SIAS': False,
  'CACHING_BACKEND': 'fs',
  'CLEAR_SUBSYSTEM_CACHES_AFTER_COMPUTING_SIA': False,
  'CUT_ONE_APPROXIMATION': False,
  'FS_CACHE_DIRECTORY': '__pyphi_cache__',
  'FS_CACHE_VERBOSITY': 0,
  'LOG_FILE': 'pyphi.log',
  'LOG_FILE_LEVEL': 'INFO',
  'LOG_STDOUT_LEVEL': 'WARNING',
  'MAXIMUM_CACHE_MEMORY_PERCENTAGE': 50,
  'MEASURE': 'EMD',
  'MONGODB_CONFIG': { 'collection_name': 'cache',
                      'database_name': 'pyphi',
                      'host': 'localhost',
                      'port': 27017},
  'NUMBER_OF_CORES': -1,
  'PARALLEL_COMPLEX_EVALUATION': False,
  'PARALLEL_CONCEPT_EVALUATION': False,
  'PARALLEL_CUT_EVALUATION': True,
  'PARTITION_TYPE': 'BI',
  'PICK_SMALLEST_PURVIEW': False,
  'PRECISION': 6,
  'PRINT_FRACTIONS': True,
  'PROGRESS_BARS': True,
  'REDIS_CACHE': False,
  'REDIS_CONFIG': {'db': 0, 'host': 'localhost', 'port': 6379, 'test_db': 1},
  'REPR_VERBOSITY': 2,
  'SINGLE_MICRO_NODES_WITH_SELFLOOPS_HAVE_PHI': False,
  'SYSTEM_CUTS': '3.0_STYLE',
  'USE_SMALL_PHI_DIFFERENCE_FOR_CES_DISTANCE': False,
  'VALIDATE_CONDITIONAL_INDEPENDENCE': True,
  'VALIDATE_SUBSYSTEM_STATES': True,
  'WELCOME_OFF': False}
2026-05-16 04:32:28,678 [pyphi.conf] INFO Process-12: PyPhi v1.2.0
2026-05-16 04:32:28,678 [pyphi.conf] INFO Process-12: Using default configuration (no configuration file provided)
2026-05-16 04:32:28,679 [pyphi.conf] INFO Process-12: Current PyPhi configuration:
 { 'ASSUME_CUTS_CANNOT_CREATE_NEW_CONCEPTS': False,
  'CACHE_POTENTIAL_PURVIEWS': True,
  'CACHE_REPERTOIRES': True,
  'CACHE_SIAS': False,
  'CACHING_BACKEND': 'fs',
  'CLEAR_SUBSYSTEM_CACHES_AFTER_COMPUTING_SIA': False,
  'CUT_ONE_APPROXIMATION': False,
  'FS_CACHE_DIRECTORY': '__pyphi_cache__',
  'FS_CACHE_VERBOSITY': 0,
  'LOG_FILE': 'pyphi.log',
  'LOG_FILE_LEVEL': 'INFO',
  'LOG_STDOUT_LEVEL': 'WARNING',
  'MAXIMUM_CACHE_MEMORY_PERCENTAGE': 50,
  'MEASURE': 'EMD',
  'MONGODB_CONFIG': { 'collection_name': 'cache',
                      'database_name': 'pyphi',
                      'host': 'localhost',
                      'port': 27017},
  'NUMBER_OF_CORES': -1,
  'PARALLEL_COMPLEX_EVALUATION': False,
  'PARALLEL_CONCEPT_EVALUATION': False,
  'PARALLEL_CUT_EVALUATION': True,
  'PARTITION_TYPE': 'BI',
  'PICK_SMALLEST_PURVIEW': False,
  'PRECISION': 6,
  'PRINT_FRACTIONS': True,
  'PROGRESS_BARS': True,
  'REDIS_CACHE': False,
  'REDIS_CONFIG': {'db': 0, 'host': 'localhost', 'port': 6379, 'test_db': 1},
  'REPR_VERBOSITY': 2,
  'SINGLE_MICRO_NODES_WITH_SELFLOOPS_HAVE_PHI': False,
  'SYSTEM_CUTS': '3.0_STYLE',
  'USE_SMALL_PHI_DIFFERENCE_FOR_CES_DISTANCE': False,
  'VALIDATE_CONDITIONAL_INDEPENDENCE': True,
  'VALIDATE_SUBSYSTEM_STATES': True,
  'WELCOME_OFF': False}
2026-05-16 04:32:34,635 [pyphi.compute.subsystem] INFO MainProcess: Finished calculating big-phi data for Subsystem(a0, C).
2026-05-16 04:32:34,636 [pyphi.compute.subsystem] INFO MainProcess: Calculating big-phi data for Subsystem(a0, a1, a2, C)...
2026-05-16 04:32:34,936 [pyphi.conf] INFO Process-13: PyPhi v1.2.0
2026-05-16 04:32:34,936 [pyphi.conf] INFO Process-13: Using default configuration (no configuration file provided)
2026-05-16 04:32:34,937 [pyphi.conf] INFO Process-13: Current PyPhi configuration:
 { 'ASSUME_CUTS_CANNOT_CREATE_NEW_CONCEPTS': False,
  'CACHE_POTENTIAL_PURVIEWS': True,
  'CACHE_REPERTOIRES': True,
  'CACHE_SIAS': False,
  'CACHING_BACKEND': 'fs',
  'CLEAR_SUBSYSTEM_CACHES_AFTER_COMPUTING_SIA': False,
  'CUT_ONE_APPROXIMATION': False,
  'FS_CACHE_DIRECTORY': '__pyphi_cache__',
  'FS_CACHE_VERBOSITY': 0,
  'LOG_FILE': 'pyphi.log',
  'LOG_FILE_LEVEL': 'INFO',
  'LOG_STDOUT_LEVEL': 'WARNING',
  'MAXIMUM_CACHE_MEMORY_PERCENTAGE': 50,
  'MEASURE': 'EMD',
  'MONGODB_CONFIG': { 'collection_name': 'cache',
                      'database_name': 'pyphi',
                      'host': 'localhost',
                      'port': 27017},
  'NUMBER_OF_CORES': -1,
  'PARALLEL_COMPLEX_EVALUATION': False,
  'PARALLEL_CONCEPT_EVALUATION': False,
  'PARALLEL_CUT_EVALUATION': True,
  'PARTITION_TYPE': 'BI',
  'PICK_SMALLEST_PURVIEW': False,
  'PRECISION': 6,
  'PRINT_FRACTIONS': True,
  'PROGRESS_BARS': True,
  'REDIS_CACHE': False,
  'REDIS_CONFIG': {'db': 0, 'host': 'localhost', 'port': 6379, 'test_db': 1},
  'REPR_VERBOSITY': 2,
  'SINGLE_MICRO_NODES_WITH_SELFLOOPS_HAVE_PHI': False,
  'SYSTEM_CUTS': '3.0_STYLE',
  'USE_SMALL_PHI_DIFFERENCE_FOR_CES_DISTANCE': False,
  'VALIDATE_CONDITIONAL_INDEPENDENCE': True,
  'VALIDATE_SUBSYSTEM_STATES': True,
  'WELCOME_OFF': False}
2026-05-16 04:32:42,122 [pyphi.conf] INFO Process-14: PyPhi v1.2.0
2026-05-16 04:32:42,122 [pyphi.conf] INFO Process-14: Using default configuration (no configuration file provided)
2026-05-16 04:32:42,123 [pyphi.conf] INFO Process-14: Current PyPhi configuration:
 { 'ASSUME_CUTS_CANNOT_CREATE_NEW_CONCEPTS': False,
  'CACHE_POTENTIAL_PURVIEWS': True,
  'CACHE_REPERTOIRES': True,
  'CACHE_SIAS': False,
  'CACHING_BACKEND': 'fs',
  'CLEAR_SUBSYSTEM_CACHES_AFTER_COMPUTING_SIA': False,
  'CUT_ONE_APPROXIMATION': False,
  'FS_CACHE_DIRECTORY': '__pyphi_cache__',
  'FS_CACHE_VERBOSITY': 0,
  'LOG_FILE': 'pyphi.log',
  'LOG_FILE_LEVEL': 'INFO',
  'LOG_STDOUT_LEVEL': 'WARNING',
  'MAXIMUM_CACHE_MEMORY_PERCENTAGE': 50,
  'MEASURE': 'EMD',
  'MONGODB_CONFIG': { 'collection_name': 'cache',
                      'database_name': 'pyphi',
                      'host': 'localhost',
                      'port': 27017},
  'NUMBER_OF_CORES': -1,
  'PARALLEL_COMPLEX_EVALUATION': False,
  'PARALLEL_CONCEPT_EVALUATION': False,
  'PARALLEL_CUT_EVALUATION': True,
  'PARTITION_TYPE': 'BI',
  'PICK_SMALLEST_PURVIEW': False,
  'PRECISION': 6,
  'PRINT_FRACTIONS': True,
  'PROGRESS_BARS': True,
  'REDIS_CACHE': False,
  'REDIS_CONFIG': {'db': 0, 'host': 'localhost', 'port': 6379, 'test_db': 1},
  'REPR_VERBOSITY': 2,
  'SINGLE_MICRO_NODES_WITH_SELFLOOPS_HAVE_PHI': False,
  'SYSTEM_CUTS': '3.0_STYLE',
  'USE_SMALL_PHI_DIFFERENCE_FOR_CES_DISTANCE': False,
  'VALIDATE_CONDITIONAL_INDEPENDENCE': True,
  'VALIDATE_SUBSYSTEM_STATES': True,
  'WELCOME_OFF': False}
2026-05-16 04:32:53,459 [pyphi.compute.subsystem] INFO MainProcess: Finished calculating big-phi data for Subsystem(a0, a1, a2, C).
2026-05-16 04:32:53,461 [pyphi.compute.subsystem] INFO MainProcess: Calculating big-phi data for Subsystem(a0, C)...
2026-05-16 04:32:53,744 [pyphi.conf] INFO Process-15: PyPhi v1.2.0
2026-05-16 04:32:53,744 [pyphi.conf] INFO Process-15: Using default configuration (no configuration file provided)
2026-05-16 04:32:53,744 [pyphi.conf] INFO Process-15: Current PyPhi configuration:
 { 'ASSUME_CUTS_CANNOT_CREATE_NEW_CONCEPTS': False,
  'CACHE_POTENTIAL_PURVIEWS': True,
  'CACHE_REPERTOIRES': True,
  'CACHE_SIAS': False,
  'CACHING_BACKEND': 'fs',
  'CLEAR_SUBSYSTEM_CACHES_AFTER_COMPUTING_SIA': False,
  'CUT_ONE_APPROXIMATION': False,
  'FS_CACHE_DIRECTORY': '__pyphi_cache__',
  'FS_CACHE_VERBOSITY': 0,
  'LOG_FILE': 'pyphi.log',
  'LOG_FILE_LEVEL': 'INFO',
  'LOG_STDOUT_LEVEL': 'WARNING',
  'MAXIMUM_CACHE_MEMORY_PERCENTAGE': 50,
  'MEASURE': 'EMD',
  'MONGODB_CONFIG': { 'collection_name': 'cache',
                      'database_name': 'pyphi',
                      'host': 'localhost',
                      'port': 27017},
  'NUMBER_OF_CORES': -1,
  'PARALLEL_COMPLEX_EVALUATION': False,
  'PARALLEL_CONCEPT_EVALUATION': False,
  'PARALLEL_CUT_EVALUATION': True,
  'PARTITION_TYPE': 'BI',
  'PICK_SMALLEST_PURVIEW': False,
  'PRECISION': 6,
  'PRINT_FRACTIONS': True,
  'PROGRESS_BARS': True,
  'REDIS_CACHE': False,
  'REDIS_CONFIG': {'db': 0, 'host': 'localhost', 'port': 6379, 'test_db': 1},
  'REPR_VERBOSITY': 2,
  'SINGLE_MICRO_NODES_WITH_SELFLOOPS_HAVE_PHI': False,
  'SYSTEM_CUTS': '3.0_STYLE',
  'USE_SMALL_PHI_DIFFERENCE_FOR_CES_DISTANCE': False,
  'VALIDATE_CONDITIONAL_INDEPENDENCE': True,
  'VALIDATE_SUBSYSTEM_STATES': True,
  'WELCOME_OFF': False}
2026-05-16 04:33:01,100 [pyphi.conf] INFO Process-16: PyPhi v1.2.0
2026-05-16 04:33:01,100 [pyphi.conf] INFO Process-16: Using default configuration (no configuration file provided)
2026-05-16 04:33:01,101 [pyphi.conf] INFO Process-16: Current PyPhi configuration:
 { 'ASSUME_CUTS_CANNOT_CREATE_NEW_CONCEPTS': False,
  'CACHE_POTENTIAL_PURVIEWS': True,
  'CACHE_REPERTOIRES': True,
  'CACHE_SIAS': False,
  'CACHING_BACKEND': 'fs',
  'CLEAR_SUBSYSTEM_CACHES_AFTER_COMPUTING_SIA': False,
  'CUT_ONE_APPROXIMATION': False,
  'FS_CACHE_DIRECTORY': '__pyphi_cache__',
  'FS_CACHE_VERBOSITY': 0,
  'LOG_FILE': 'pyphi.log',
  'LOG_FILE_LEVEL': 'INFO',
  'LOG_STDOUT_LEVEL': 'WARNING',
  'MAXIMUM_CACHE_MEMORY_PERCENTAGE': 50,
  'MEASURE': 'EMD',
  'MONGODB_CONFIG': { 'collection_name': 'cache',
                      'database_name': 'pyphi',
                      'host': 'localhost',
                      'port': 27017},
  'NUMBER_OF_CORES': -1,
  'PARALLEL_COMPLEX_EVALUATION': False,
  'PARALLEL_CONCEPT_EVALUATION': False,
  'PARALLEL_CUT_EVALUATION': True,
  'PARTITION_TYPE': 'BI',
  'PICK_SMALLEST_PURVIEW': False,
  'PRECISION': 6,
  'PRINT_FRACTIONS': True,
  'PROGRESS_BARS': True,
  'REDIS_CACHE': False,
  'REDIS_CONFIG': {'db': 0, 'host': 'localhost', 'port': 6379, 'test_db': 1},
  'REPR_VERBOSITY': 2,
  'SINGLE_MICRO_NODES_WITH_SELFLOOPS_HAVE_PHI': False,
  'SYSTEM_CUTS': '3.0_STYLE',
  'USE_SMALL_PHI_DIFFERENCE_FOR_CES_DISTANCE': False,
  'VALIDATE_CONDITIONAL_INDEPENDENCE': True,
  'VALIDATE_SUBSYSTEM_STATES': True,
  'WELCOME_OFF': False}
2026-05-16 04:33:07,085 [pyphi.compute.subsystem] INFO MainProcess: Finished calculating big-phi data for Subsystem(a0, C).
2026-05-16 04:33:07,088 [pyphi.compute.subsystem] INFO MainProcess: Calculating big-phi data for Subsystem(a0, a1, a2, C)...
2026-05-16 04:33:07,377 [pyphi.conf] INFO Process-17: PyPhi v1.2.0
2026-05-16 04:33:07,377 [pyphi.conf] INFO Process-17: Using default configuration (no configuration file provided)
2026-05-16 04:33:07,378 [pyphi.conf] INFO Process-17: Current PyPhi configuration:
 { 'ASSUME_CUTS_CANNOT_CREATE_NEW_CONCEPTS': False,
  'CACHE_POTENTIAL_PURVIEWS': True,
  'CACHE_REPERTOIRES': True,
  'CACHE_SIAS': False,
  'CACHING_BACKEND': 'fs',
  'CLEAR_SUBSYSTEM_CACHES_AFTER_COMPUTING_SIA': False,
  'CUT_ONE_APPROXIMATION': False,
  'FS_CACHE_DIRECTORY': '__pyphi_cache__',
  'FS_CACHE_VERBOSITY': 0,
  'LOG_FILE': 'pyphi.log',
  'LOG_FILE_LEVEL': 'INFO',
  'LOG_STDOUT_LEVEL': 'WARNING',
  'MAXIMUM_CACHE_MEMORY_PERCENTAGE': 50,
  'MEASURE': 'EMD',
  'MONGODB_CONFIG': { 'collection_name': 'cache',
                      'database_name': 'pyphi',
                      'host': 'localhost',
                      'port': 27017},
  'NUMBER_OF_CORES': -1,
  'PARALLEL_COMPLEX_EVALUATION': False,
  'PARALLEL_CONCEPT_EVALUATION': False,
  'PARALLEL_CUT_EVALUATION': True,
  'PARTITION_TYPE': 'BI',
  'PICK_SMALLEST_PURVIEW': False,
  'PRECISION': 6,
  'PRINT_FRACTIONS': True,
  'PROGRESS_BARS': True,
  'REDIS_CACHE': False,
  'REDIS_CONFIG': {'db': 0, 'host': 'localhost', 'port': 6379, 'test_db': 1},
  'REPR_VERBOSITY': 2,
  'SINGLE_MICRO_NODES_WITH_SELFLOOPS_HAVE_PHI': False,
  'SYSTEM_CUTS': '3.0_STYLE',
  'USE_SMALL_PHI_DIFFERENCE_FOR_CES_DISTANCE': False,
  'VALIDATE_CONDITIONAL_INDEPENDENCE': True,
  'VALIDATE_SUBSYSTEM_STATES': True,
  'WELCOME_OFF': False}
2026-05-16 04:33:14,129 [pyphi.conf] INFO Process-18: PyPhi v1.2.0
2026-05-16 04:33:14,129 [pyphi.conf] INFO Process-18: Using default configuration (no configuration file provided)
2026-05-16 04:33:14,130 [pyphi.conf] INFO Process-18: Current PyPhi configuration:
 { 'ASSUME_CUTS_CANNOT_CREATE_NEW_CONCEPTS': False,
  'CACHE_POTENTIAL_PURVIEWS': True,
  'CACHE_REPERTOIRES': True,
  'CACHE_SIAS': False,
  'CACHING_BACKEND': 'fs',
  'CLEAR_SUBSYSTEM_CACHES_AFTER_COMPUTING_SIA': False,
  'CUT_ONE_APPROXIMATION': False,
  'FS_CACHE_DIRECTORY': '__pyphi_cache__',
  'FS_CACHE_VERBOSITY': 0,
  'LOG_FILE': 'pyphi.log',
  'LOG_FILE_LEVEL': 'INFO',
  'LOG_STDOUT_LEVEL': 'WARNING',
  'MAXIMUM_CACHE_MEMORY_PERCENTAGE': 50,
  'MEASURE': 'EMD',
  'MONGODB_CONFIG': { 'collection_name': 'cache',
                      'database_name': 'pyphi',
                      'host': 'localhost',
                      'port': 27017},
  'NUMBER_OF_CORES': -1,
  'PARALLEL_COMPLEX_EVALUATION': False,
  'PARALLEL_CONCEPT_EVALUATION': False,
  'PARALLEL_CUT_EVALUATION': True,
  'PARTITION_TYPE': 'BI',
  'PICK_SMALLEST_PURVIEW': False,
  'PRECISION': 6,
  'PRINT_FRACTIONS': True,
  'PROGRESS_BARS': True,
  'REDIS_CACHE': False,
  'REDIS_CONFIG': {'db': 0, 'host': 'localhost', 'port': 6379, 'test_db': 1},
  'REPR_VERBOSITY': 2,
  'SINGLE_MICRO_NODES_WITH_SELFLOOPS_HAVE_PHI': False,
  'SYSTEM_CUTS': '3.0_STYLE',
  'USE_SMALL_PHI_DIFFERENCE_FOR_CES_DISTANCE': False,
  'VALIDATE_CONDITIONAL_INDEPENDENCE': True,
  'VALIDATE_SUBSYSTEM_STATES': True,
  'WELCOME_OFF': False}
2026-05-16 04:33:24,078 [pyphi.compute.subsystem] INFO MainProcess: Finished calculating big-phi data for Subsystem(a0, a1, a2, C).
2026-05-16 04:33:24,081 [pyphi.compute.subsystem] INFO MainProcess: Calculating big-phi data for Subsystem(a0, a1, a2, C)...
2026-05-16 04:33:24,530 [pyphi.conf] INFO Process-19: PyPhi v1.2.0
2026-05-16 04:33:24,531 [pyphi.conf] INFO Process-19: Using default configuration (no configuration file provided)
2026-05-16 04:33:24,531 [pyphi.conf] INFO Process-19: Current PyPhi configuration:
 { 'ASSUME_CUTS_CANNOT_CREATE_NEW_CONCEPTS': False,
  'CACHE_POTENTIAL_PURVIEWS': True,
  'CACHE_REPERTOIRES': True,
  'CACHE_SIAS': False,
  'CACHING_BACKEND': 'fs',
  'CLEAR_SUBSYSTEM_CACHES_AFTER_COMPUTING_SIA': False,
  'CUT_ONE_APPROXIMATION': False,
  'FS_CACHE_DIRECTORY': '__pyphi_cache__',
  'FS_CACHE_VERBOSITY': 0,
  'LOG_FILE': 'pyphi.log',
  'LOG_FILE_LEVEL': 'INFO',
  'LOG_STDOUT_LEVEL': 'WARNING',
  'MAXIMUM_CACHE_MEMORY_PERCENTAGE': 50,
  'MEASURE': 'EMD',
  'MONGODB_CONFIG': { 'collection_name': 'cache',
                      'database_name': 'pyphi',
                      'host': 'localhost',
                      'port': 27017},
  'NUMBER_OF_CORES': -1,
  'PARALLEL_COMPLEX_EVALUATION': False,
  'PARALLEL_CONCEPT_EVALUATION': False,
  'PARALLEL_CUT_EVALUATION': True,
  'PARTITION_TYPE': 'BI',
  'PICK_SMALLEST_PURVIEW': False,
  'PRECISION': 6,
  'PRINT_FRACTIONS': True,
  'PROGRESS_BARS': True,
  'REDIS_CACHE': False,
  'REDIS_CONFIG': {'db': 0, 'host': 'localhost', 'port': 6379, 'test_db': 1},
  'REPR_VERBOSITY': 2,
  'SINGLE_MICRO_NODES_WITH_SELFLOOPS_HAVE_PHI': False,
  'SYSTEM_CUTS': '3.0_STYLE',
  'USE_SMALL_PHI_DIFFERENCE_FOR_CES_DISTANCE': False,
  'VALIDATE_CONDITIONAL_INDEPENDENCE': True,
  'VALIDATE_SUBSYSTEM_STATES': True,
  'WELCOME_OFF': False}
2026-05-16 04:33:36,514 [pyphi.conf] INFO Process-20: PyPhi v1.2.0
2026-05-16 04:33:36,515 [pyphi.conf] INFO Process-20: Using default configuration (no configuration file provided)
2026-05-16 04:33:36,515 [pyphi.conf] INFO Process-20: Current PyPhi configuration:
 { 'ASSUME_CUTS_CANNOT_CREATE_NEW_CONCEPTS': False,
  'CACHE_POTENTIAL_PURVIEWS': True,
  'CACHE_REPERTOIRES': True,
  'CACHE_SIAS': False,
  'CACHING_BACKEND': 'fs',
  'CLEAR_SUBSYSTEM_CACHES_AFTER_COMPUTING_SIA': False,
  'CUT_ONE_APPROXIMATION': False,
  'FS_CACHE_DIRECTORY': '__pyphi_cache__',
  'FS_CACHE_VERBOSITY': 0,
  'LOG_FILE': 'pyphi.log',
  'LOG_FILE_LEVEL': 'INFO',
  'LOG_STDOUT_LEVEL': 'WARNING',
  'MAXIMUM_CACHE_MEMORY_PERCENTAGE': 50,
  'MEASURE': 'EMD',
  'MONGODB_CONFIG': { 'collection_name': 'cache',
                      'database_name': 'pyphi',
                      'host': 'localhost',
                      'port': 27017},
  'NUMBER_OF_CORES': -1,
  'PARALLEL_COMPLEX_EVALUATION': False,
  'PARALLEL_CONCEPT_EVALUATION': False,
  'PARALLEL_CUT_EVALUATION': True,
  'PARTITION_TYPE': 'BI',
  'PICK_SMALLEST_PURVIEW': False,
  'PRECISION': 6,
  'PRINT_FRACTIONS': True,
  'PROGRESS_BARS': True,
  'REDIS_CACHE': False,
  'REDIS_CONFIG': {'db': 0, 'host': 'localhost', 'port': 6379, 'test_db': 1},
  'REPR_VERBOSITY': 2,
  'SINGLE_MICRO_NODES_WITH_SELFLOOPS_HAVE_PHI': False,
  'SYSTEM_CUTS': '3.0_STYLE',
  'USE_SMALL_PHI_DIFFERENCE_FOR_CES_DISTANCE': False,
  'VALIDATE_CONDITIONAL_INDEPENDENCE': True,
  'VALIDATE_SUBSYSTEM_STATES': True,
  'WELCOME_OFF': False}
2026-05-16 04:33:45,421 [pyphi.compute.subsystem] INFO MainProcess: Finished calculating big-phi data for Subsystem(a0, a1, a2, C).
2026-05-16 04:33:45,423 [pyphi.compute.subsystem] INFO MainProcess: Calculating big-phi data for Subsystem(a0, a1, a2, C)...
2026-05-16 04:33:45,745 [pyphi.conf] INFO Process-21: PyPhi v1.2.0
2026-05-16 04:33:45,745 [pyphi.conf] INFO Process-21: Using default configuration (no configuration file provided)
2026-05-16 04:33:45,745 [pyphi.conf] INFO Process-21: Current PyPhi configuration:
 { 'ASSUME_CUTS_CANNOT_CREATE_NEW_CONCEPTS': False,
  'CACHE_POTENTIAL_PURVIEWS': True,
  'CACHE_REPERTOIRES': True,
  'CACHE_SIAS': False,
  'CACHING_BACKEND': 'fs',
  'CLEAR_SUBSYSTEM_CACHES_AFTER_COMPUTING_SIA': False,
  'CUT_ONE_APPROXIMATION': False,
  'FS_CACHE_DIRECTORY': '__pyphi_cache__',
  'FS_CACHE_VERBOSITY': 0,
  'LOG_FILE': 'pyphi.log',
  'LOG_FILE_LEVEL': 'INFO',
  'LOG_STDOUT_LEVEL': 'WARNING',
  'MAXIMUM_CACHE_MEMORY_PERCENTAGE': 50,
  'MEASURE': 'EMD',
  'MONGODB_CONFIG': { 'collection_name': 'cache',
                      'database_name': 'pyphi',
                      'host': 'localhost',
                      'port': 27017},
  'NUMBER_OF_CORES': -1,
  'PARALLEL_COMPLEX_EVALUATION': False,
  'PARALLEL_CONCEPT_EVALUATION': False,
  'PARALLEL_CUT_EVALUATION': True,
  'PARTITION_TYPE': 'BI',
  'PICK_SMALLEST_PURVIEW': False,
  'PRECISION': 6,
  'PRINT_FRACTIONS': True,
  'PROGRESS_BARS': True,
  'REDIS_CACHE': False,
  'REDIS_CONFIG': {'db': 0, 'host': 'localhost', 'port': 6379, 'test_db': 1},
  'REPR_VERBOSITY': 2,
  'SINGLE_MICRO_NODES_WITH_SELFLOOPS_HAVE_PHI': False,
  'SYSTEM_CUTS': '3.0_STYLE',
  'USE_SMALL_PHI_DIFFERENCE_FOR_CES_DISTANCE': False,
  'VALIDATE_CONDITIONAL_INDEPENDENCE': True,
  'VALIDATE_SUBSYSTEM_STATES': True,
  'WELCOME_OFF': False}
2026-05-16 04:33:52,537 [pyphi.conf] INFO Process-22: PyPhi v1.2.0
2026-05-16 04:33:52,537 [pyphi.conf] INFO Process-22: Using default configuration (no configuration file provided)
2026-05-16 04:33:52,537 [pyphi.conf] INFO Process-22: Current PyPhi configuration:
 { 'ASSUME_CUTS_CANNOT_CREATE_NEW_CONCEPTS': False,
  'CACHE_POTENTIAL_PURVIEWS': True,
  'CACHE_REPERTOIRES': True,
  'CACHE_SIAS': False,
  'CACHING_BACKEND': 'fs',
  'CLEAR_SUBSYSTEM_CACHES_AFTER_COMPUTING_SIA': False,
  'CUT_ONE_APPROXIMATION': False,
  'FS_CACHE_DIRECTORY': '__pyphi_cache__',
  'FS_CACHE_VERBOSITY': 0,
  'LOG_FILE': 'pyphi.log',
  'LOG_FILE_LEVEL': 'INFO',
  'LOG_STDOUT_LEVEL': 'WARNING',
  'MAXIMUM_CACHE_MEMORY_PERCENTAGE': 50,
  'MEASURE': 'EMD',
  'MONGODB_CONFIG': { 'collection_name': 'cache',
                      'database_name': 'pyphi',
                      'host': 'localhost',
                      'port': 27017},
  'NUMBER_OF_CORES': -1,
  'PARALLEL_COMPLEX_EVALUATION': False,
  'PARALLEL_CONCEPT_EVALUATION': False,
  'PARALLEL_CUT_EVALUATION': True,
  'PARTITION_TYPE': 'BI',
  'PICK_SMALLEST_PURVIEW': False,
  'PRECISION': 6,
  'PRINT_FRACTIONS': True,
  'PROGRESS_BARS': True,
  'REDIS_CACHE': False,
  'REDIS_CONFIG': {'db': 0, 'host': 'localhost', 'port': 6379, 'test_db': 1},
  'REPR_VERBOSITY': 2,
  'SINGLE_MICRO_NODES_WITH_SELFLOOPS_HAVE_PHI': False,
  'SYSTEM_CUTS': '3.0_STYLE',
  'USE_SMALL_PHI_DIFFERENCE_FOR_CES_DISTANCE': False,
  'VALIDATE_CONDITIONAL_INDEPENDENCE': True,
  'VALIDATE_SUBSYSTEM_STATES': True,
  'WELCOME_OFF': False}
2026-05-16 04:34:17,079 [pyphi.compute.subsystem] INFO MainProcess: Finished calculating big-phi data for Subsystem(a0, a1, a2, C).
2026-05-16 04:34:17,353 [pyphi.compute.subsystem] INFO MainProcess: Calculating big-phi data for Subsystem(a0, C)...
2026-05-16 04:34:18,850 [pyphi.conf] INFO Process-23: PyPhi v1.2.0
2026-05-16 04:34:18,850 [pyphi.conf] INFO Process-23: Using default configuration (no configuration file provided)
2026-05-16 04:34:18,851 [pyphi.conf] INFO Process-23: Current PyPhi configuration:
 { 'ASSUME_CUTS_CANNOT_CREATE_NEW_CONCEPTS': False,
  'CACHE_POTENTIAL_PURVIEWS': True,
  'CACHE_REPERTOIRES': True,
  'CACHE_SIAS': False,
  'CACHING_BACKEND': 'fs',
  'CLEAR_SUBSYSTEM_CACHES_AFTER_COMPUTING_SIA': False,
  'CUT_ONE_APPROXIMATION': False,
  'FS_CACHE_DIRECTORY': '__pyphi_cache__',
  'FS_CACHE_VERBOSITY': 0,
  'LOG_FILE': 'pyphi.log',
  'LOG_FILE_LEVEL': 'INFO',
  'LOG_STDOUT_LEVEL': 'WARNING',
  'MAXIMUM_CACHE_MEMORY_PERCENTAGE': 50,
  'MEASURE': 'EMD',
  'MONGODB_CONFIG': { 'collection_name': 'cache',
                      'database_name': 'pyphi',
                      'host': 'localhost',
                      'port': 27017},
  'NUMBER_OF_CORES': -1,
  'PARALLEL_COMPLEX_EVALUATION': False,
  'PARALLEL_CONCEPT_EVALUATION': False,
  'PARALLEL_CUT_EVALUATION': True,
  'PARTITION_TYPE': 'BI',
  'PICK_SMALLEST_PURVIEW': False,
  'PRECISION': 6,
  'PRINT_FRACTIONS': True,
  'PROGRESS_BARS': True,
  'REDIS_CACHE': False,
  'REDIS_CONFIG': {'db': 0, 'host': 'localhost', 'port': 6379, 'test_db': 1},
  'REPR_VERBOSITY': 2,
  'SINGLE_MICRO_NODES_WITH_SELFLOOPS_HAVE_PHI': False,
  'SYSTEM_CUTS': '3.0_STYLE',
  'USE_SMALL_PHI_DIFFERENCE_FOR_CES_DISTANCE': False,
  'VALIDATE_CONDITIONAL_INDEPENDENCE': True,
  'VALIDATE_SUBSYSTEM_STATES': True,
  'WELCOME_OFF': False}
2026-05-16 04:34:31,260 [pyphi.conf] INFO Process-24: PyPhi v1.2.0
2026-05-16 04:34:31,261 [pyphi.conf] INFO Process-24: Using default configuration (no configuration file provided)
2026-05-16 04:34:31,262 [pyphi.conf] INFO Process-24: Current PyPhi configuration:
 { 'ASSUME_CUTS_CANNOT_CREATE_NEW_CONCEPTS': False,
  'CACHE_POTENTIAL_PURVIEWS': True,
  'CACHE_REPERTOIRES': True,
  'CACHE_SIAS': False,
  'CACHING_BACKEND': 'fs',
  'CLEAR_SUBSYSTEM_CACHES_AFTER_COMPUTING_SIA': False,
  'CUT_ONE_APPROXIMATION': False,
  'FS_CACHE_DIRECTORY': '__pyphi_cache__',
  'FS_CACHE_VERBOSITY': 0,
  'LOG_FILE': 'pyphi.log',
  'LOG_FILE_LEVEL': 'INFO',
  'LOG_STDOUT_LEVEL': 'WARNING',
  'MAXIMUM_CACHE_MEMORY_PERCENTAGE': 50,
  'MEASURE': 'EMD',
  'MONGODB_CONFIG': { 'collection_name': 'cache',
                      'database_name': 'pyphi',
                      'host': 'localhost',
                      'port': 27017},
  'NUMBER_OF_CORES': -1,
  'PARALLEL_COMPLEX_EVALUATION': False,
  'PARALLEL_CONCEPT_EVALUATION': False,
  'PARALLEL_CUT_EVALUATION': True,
  'PARTITION_TYPE': 'BI',
  'PICK_SMALLEST_PURVIEW': False,
  'PRECISION': 6,
  'PRINT_FRACTIONS': True,
  'PROGRESS_BARS': True,
  'REDIS_CACHE': False,
  'REDIS_CONFIG': {'db': 0, 'host': 'localhost', 'port': 6379, 'test_db': 1},
  'REPR_VERBOSITY': 2,
  'SINGLE_MICRO_NODES_WITH_SELFLOOPS_HAVE_PHI': False,
  'SYSTEM_CUTS': '3.0_STYLE',
  'USE_SMALL_PHI_DIFFERENCE_FOR_CES_DISTANCE': False,
  'VALIDATE_CONDITIONAL_INDEPENDENCE': True,
  'VALIDATE_SUBSYSTEM_STATES': True,
  'WELCOME_OFF': False}
2026-05-16 04:34:39,777 [pyphi.compute.subsystem] INFO MainProcess: Finished calculating big-phi data for Subsystem(a0, C).
2026-05-16 04:34:39,781 [pyphi.compute.subsystem] INFO MainProcess: Calculating big-phi data for Subsystem(a0, C)...
2026-05-16 04:34:40,053 [pyphi.conf] INFO Process-25: PyPhi v1.2.0
2026-05-16 04:34:40,053 [pyphi.conf] INFO Process-25: Using default configuration (no configuration file provided)
2026-05-16 04:34:40,054 [pyphi.conf] INFO Process-25: Current PyPhi configuration:
 { 'ASSUME_CUTS_CANNOT_CREATE_NEW_CONCEPTS': False,
  'CACHE_POTENTIAL_PURVIEWS': True,
  'CACHE_REPERTOIRES': True,
  'CACHE_SIAS': False,
  'CACHING_BACKEND': 'fs',
  'CLEAR_SUBSYSTEM_CACHES_AFTER_COMPUTING_SIA': False,
  'CUT_ONE_APPROXIMATION': False,
  'FS_CACHE_DIRECTORY': '__pyphi_cache__',
  'FS_CACHE_VERBOSITY': 0,
  'LOG_FILE': 'pyphi.log',
  'LOG_FILE_LEVEL': 'INFO',
  'LOG_STDOUT_LEVEL': 'WARNING',
  'MAXIMUM_CACHE_MEMORY_PERCENTAGE': 50,
  'MEASURE': 'EMD',
  'MONGODB_CONFIG': { 'collection_name': 'cache',
                      'database_name': 'pyphi',
                      'host': 'localhost',
                      'port': 27017},
  'NUMBER_OF_CORES': -1,
  'PARALLEL_COMPLEX_EVALUATION': False,
  'PARALLEL_CONCEPT_EVALUATION': False,
  'PARALLEL_CUT_EVALUATION': True,
  'PARTITION_TYPE': 'BI',
  'PICK_SMALLEST_PURVIEW': False,
  'PRECISION': 6,
  'PRINT_FRACTIONS': True,
  'PROGRESS_BARS': True,
  'REDIS_CACHE': False,
  'REDIS_CONFIG': {'db': 0, 'host': 'localhost', 'port': 6379, 'test_db': 1},
  'REPR_VERBOSITY': 2,
  'SINGLE_MICRO_NODES_WITH_SELFLOOPS_HAVE_PHI': False,
  'SYSTEM_CUTS': '3.0_STYLE',
  'USE_SMALL_PHI_DIFFERENCE_FOR_CES_DISTANCE': False,
  'VALIDATE_CONDITIONAL_INDEPENDENCE': True,
  'VALIDATE_SUBSYSTEM_STATES': True,
  'WELCOME_OFF': False}
2026-05-16 04:34:48,721 [pyphi.conf] INFO Process-26: PyPhi v1.2.0
2026-05-16 04:34:48,721 [pyphi.conf] INFO Process-26: Using default configuration (no configuration file provided)
2026-05-16 04:34:48,722 [pyphi.conf] INFO Process-26: Current PyPhi configuration:
 { 'ASSUME_CUTS_CANNOT_CREATE_NEW_CONCEPTS': False,
  'CACHE_POTENTIAL_PURVIEWS': True,
  'CACHE_REPERTOIRES': True,
  'CACHE_SIAS': False,
  'CACHING_BACKEND': 'fs',
  'CLEAR_SUBSYSTEM_CACHES_AFTER_COMPUTING_SIA': False,
  'CUT_ONE_APPROXIMATION': False,
  'FS_CACHE_DIRECTORY': '__pyphi_cache__',
  'FS_CACHE_VERBOSITY': 0,
  'LOG_FILE': 'pyphi.log',
  'LOG_FILE_LEVEL': 'INFO',
  'LOG_STDOUT_LEVEL': 'WARNING',
  'MAXIMUM_CACHE_MEMORY_PERCENTAGE': 50,
  'MEASURE': 'EMD',
  'MONGODB_CONFIG': { 'collection_name': 'cache',
                      'database_name': 'pyphi',
                      'host': 'localhost',
                      'port': 27017},
  'NUMBER_OF_CORES': -1,
  'PARALLEL_COMPLEX_EVALUATION': False,
  'PARALLEL_CONCEPT_EVALUATION': False,
  'PARALLEL_CUT_EVALUATION': True,
  'PARTITION_TYPE': 'BI',
  'PICK_SMALLEST_PURVIEW': False,
  'PRECISION': 6,
  'PRINT_FRACTIONS': True,
  'PROGRESS_BARS': True,
  'REDIS_CACHE': False,
  'REDIS_CONFIG': {'db': 0, 'host': 'localhost', 'port': 6379, 'test_db': 1},
  'REPR_VERBOSITY': 2,
  'SINGLE_MICRO_NODES_WITH_SELFLOOPS_HAVE_PHI': False,
  'SYSTEM_CUTS': '3.0_STYLE',
  'USE_SMALL_PHI_DIFFERENCE_FOR_CES_DISTANCE': False,
  'VALIDATE_CONDITIONAL_INDEPENDENCE': True,
  'VALIDATE_SUBSYSTEM_STATES': True,
  'WELCOME_OFF': False}
2026-05-16 04:34:57,068 [pyphi.compute.subsystem] INFO MainProcess: Finished calculating big-phi data for Subsystem(a0, C).
2026-05-16 04:34:57,070 [pyphi.compute.subsystem] INFO MainProcess: Calculating big-phi data for Subsystem(a0, a1, a2, C)...
2026-05-16 04:34:57,518 [pyphi.conf] INFO Process-27: PyPhi v1.2.0
2026-05-16 04:34:57,518 [pyphi.conf] INFO Process-27: Using default configuration (no configuration file provided)
2026-05-16 04:34:57,519 [pyphi.conf] INFO Process-27: Current PyPhi configuration:
 { 'ASSUME_CUTS_CANNOT_CREATE_NEW_CONCEPTS': False,
  'CACHE_POTENTIAL_PURVIEWS': True,
  'CACHE_REPERTOIRES': True,
  'CACHE_SIAS': False,
  'CACHING_BACKEND': 'fs',
  'CLEAR_SUBSYSTEM_CACHES_AFTER_COMPUTING_SIA': False,
  'CUT_ONE_APPROXIMATION': False,
  'FS_CACHE_DIRECTORY': '__pyphi_cache__',
  'FS_CACHE_VERBOSITY': 0,
  'LOG_FILE': 'pyphi.log',
  'LOG_FILE_LEVEL': 'INFO',
  'LOG_STDOUT_LEVEL': 'WARNING',
  'MAXIMUM_CACHE_MEMORY_PERCENTAGE': 50,
  'MEASURE': 'EMD',
  'MONGODB_CONFIG': { 'collection_name': 'cache',
                      'database_name': 'pyphi',
                      'host': 'localhost',
                      'port': 27017},
  'NUMBER_OF_CORES': -1,
  'PARALLEL_COMPLEX_EVALUATION': False,
  'PARALLEL_CONCEPT_EVALUATION': False,
  'PARALLEL_CUT_EVALUATION': True,
  'PARTITION_TYPE': 'BI',
  'PICK_SMALLEST_PURVIEW': False,
  'PRECISION': 6,
  'PRINT_FRACTIONS': True,
  'PROGRESS_BARS': True,
  'REDIS_CACHE': False,
  'REDIS_CONFIG': {'db': 0, 'host': 'localhost', 'port': 6379, 'test_db': 1},
  'REPR_VERBOSITY': 2,
  'SINGLE_MICRO_NODES_WITH_SELFLOOPS_HAVE_PHI': False,
  'SYSTEM_CUTS': '3.0_STYLE',
  'USE_SMALL_PHI_DIFFERENCE_FOR_CES_DISTANCE': False,
  'VALIDATE_CONDITIONAL_INDEPENDENCE': True,
  'VALIDATE_SUBSYSTEM_STATES': True,
  'WELCOME_OFF': False}
2026-05-16 04:35:08,744 [pyphi.conf] INFO Process-28: PyPhi v1.2.0
2026-05-16 04:35:08,744 [pyphi.conf] INFO Process-28: Using default configuration (no configuration file provided)
2026-05-16 04:35:08,745 [pyphi.conf] INFO Process-28: Current PyPhi configuration:
 { 'ASSUME_CUTS_CANNOT_CREATE_NEW_CONCEPTS': False,
  'CACHE_POTENTIAL_PURVIEWS': True,
  'CACHE_REPERTOIRES': True,
  'CACHE_SIAS': False,
  'CACHING_BACKEND': 'fs',
  'CLEAR_SUBSYSTEM_CACHES_AFTER_COMPUTING_SIA': False,
  'CUT_ONE_APPROXIMATION': False,
  'FS_CACHE_DIRECTORY': '__pyphi_cache__',
  'FS_CACHE_VERBOSITY': 0,
  'LOG_FILE': 'pyphi.log',
  'LOG_FILE_LEVEL': 'INFO',
  'LOG_STDOUT_LEVEL': 'WARNING',
  'MAXIMUM_CACHE_MEMORY_PERCENTAGE': 50,
  'MEASURE': 'EMD',
  'MONGODB_CONFIG': { 'collection_name': 'cache',
                      'database_name': 'pyphi',
                      'host': 'localhost',
                      'port': 27017},
  'NUMBER_OF_CORES': -1,
  'PARALLEL_COMPLEX_EVALUATION': False,
  'PARALLEL_CONCEPT_EVALUATION': False,
  'PARALLEL_CUT_EVALUATION': True,
  'PARTITION_TYPE': 'BI',
  'PICK_SMALLEST_PURVIEW': False,
  'PRECISION': 6,
  'PRINT_FRACTIONS': True,
  'PROGRESS_BARS': True,
  'REDIS_CACHE': False,
  'REDIS_CONFIG': {'db': 0, 'host': 'localhost', 'port': 6379, 'test_db': 1},
  'REPR_VERBOSITY': 2,
  'SINGLE_MICRO_NODES_WITH_SELFLOOPS_HAVE_PHI': False,
  'SYSTEM_CUTS': '3.0_STYLE',
  'USE_SMALL_PHI_DIFFERENCE_FOR_CES_DISTANCE': False,
  'VALIDATE_CONDITIONAL_INDEPENDENCE': True,
  'VALIDATE_SUBSYSTEM_STATES': True,
  'WELCOME_OFF': False}
2026-05-16 04:35:25,039 [pyphi.compute.subsystem] INFO MainProcess: Finished calculating big-phi data for Subsystem(a0, a1, a2, C).
2026-05-16 04:35:25,041 [pyphi.compute.subsystem] INFO MainProcess: Calculating big-phi data for Subsystem(a0, C)...
2026-05-16 04:35:25,505 [pyphi.conf] INFO Process-29: PyPhi v1.2.0
2026-05-16 04:35:25,506 [pyphi.conf] INFO Process-29: Using default configuration (no configuration file provided)
2026-05-16 04:35:25,506 [pyphi.conf] INFO Process-29: Current PyPhi configuration:
 { 'ASSUME_CUTS_CANNOT_CREATE_NEW_CONCEPTS': False,
  'CACHE_POTENTIAL_PURVIEWS': True,
  'CACHE_REPERTOIRES': True,
  'CACHE_SIAS': False,
  'CACHING_BACKEND': 'fs',
  'CLEAR_SUBSYSTEM_CACHES_AFTER_COMPUTING_SIA': False,
  'CUT_ONE_APPROXIMATION': False,
  'FS_CACHE_DIRECTORY': '__pyphi_cache__',
  'FS_CACHE_VERBOSITY': 0,
  'LOG_FILE': 'pyphi.log',
  'LOG_FILE_LEVEL': 'INFO',
  'LOG_STDOUT_LEVEL': 'WARNING',
  'MAXIMUM_CACHE_MEMORY_PERCENTAGE': 50,
  'MEASURE': 'EMD',
  'MONGODB_CONFIG': { 'collection_name': 'cache',
                      'database_name': 'pyphi',
                      'host': 'localhost',
                      'port': 27017},
  'NUMBER_OF_CORES': -1,
  'PARALLEL_COMPLEX_EVALUATION': False,
  'PARALLEL_CONCEPT_EVALUATION': False,
  'PARALLEL_CUT_EVALUATION': True,
  'PARTITION_TYPE': 'BI',
  'PICK_SMALLEST_PURVIEW': False,
  'PRECISION': 6,
  'PRINT_FRACTIONS': True,
  'PROGRESS_BARS': True,
  'REDIS_CACHE': False,
  'REDIS_CONFIG': {'db': 0, 'host': 'localhost', 'port': 6379, 'test_db': 1},
  'REPR_VERBOSITY': 2,
  'SINGLE_MICRO_NODES_WITH_SELFLOOPS_HAVE_PHI': False,
  'SYSTEM_CUTS': '3.0_STYLE',
  'USE_SMALL_PHI_DIFFERENCE_FOR_CES_DISTANCE': False,
  'VALIDATE_CONDITIONAL_INDEPENDENCE': True,
  'VALIDATE_SUBSYSTEM_STATES': True,
  'WELCOME_OFF': False}
2026-05-16 04:35:33,100 [pyphi.conf] INFO Process-30: PyPhi v1.2.0
2026-05-16 04:35:33,100 [pyphi.conf] INFO Process-30: Using default configuration (no configuration file provided)
2026-05-16 04:35:33,101 [pyphi.conf] INFO Process-30: Current PyPhi configuration:
 { 'ASSUME_CUTS_CANNOT_CREATE_NEW_CONCEPTS': False,
  'CACHE_POTENTIAL_PURVIEWS': True,
  'CACHE_REPERTOIRES': True,
  'CACHE_SIAS': False,
  'CACHING_BACKEND': 'fs',
  'CLEAR_SUBSYSTEM_CACHES_AFTER_COMPUTING_SIA': False,
  'CUT_ONE_APPROXIMATION': False,
  'FS_CACHE_DIRECTORY': '__pyphi_cache__',
  'FS_CACHE_VERBOSITY': 0,
  'LOG_FILE': 'pyphi.log',
  'LOG_FILE_LEVEL': 'INFO',
  'LOG_STDOUT_LEVEL': 'WARNING',
  'MAXIMUM_CACHE_MEMORY_PERCENTAGE': 50,
  'MEASURE': 'EMD',
  'MONGODB_CONFIG': { 'collection_name': 'cache',
                      'database_name': 'pyphi',
                      'host': 'localhost',
                      'port': 27017},
  'NUMBER_OF_CORES': -1,
  'PARALLEL_COMPLEX_EVALUATION': False,
  'PARALLEL_CONCEPT_EVALUATION': False,
  'PARALLEL_CUT_EVALUATION': True,
  'PARTITION_TYPE': 'BI',
  'PICK_SMALLEST_PURVIEW': False,
  'PRECISION': 6,
  'PRINT_FRACTIONS': True,
  'PROGRESS_BARS': True,
  'REDIS_CACHE': False,
  'REDIS_CONFIG': {'db': 0, 'host': 'localhost', 'port': 6379, 'test_db': 1},
  'REPR_VERBOSITY': 2,
  'SINGLE_MICRO_NODES_WITH_SELFLOOPS_HAVE_PHI': False,
  'SYSTEM_CUTS': '3.0_STYLE',
  'USE_SMALL_PHI_DIFFERENCE_FOR_CES_DISTANCE': False,
  'VALIDATE_CONDITIONAL_INDEPENDENCE': True,
  'VALIDATE_SUBSYSTEM_STATES': True,
  'WELCOME_OFF': False}
2026-05-16 04:35:39,790 [pyphi.compute.subsystem] INFO MainProcess: Finished calculating big-phi data for Subsystem(a0, C).
2026-05-16 04:35:39,793 [pyphi.compute.subsystem] INFO MainProcess: Calculating big-phi data for Subsystem(a0, C)...
2026-05-16 04:35:40,177 [pyphi.conf] INFO Process-31: PyPhi v1.2.0
2026-05-16 04:35:40,177 [pyphi.conf] INFO Process-31: Using default configuration (no configuration file provided)
2026-05-16 04:35:40,178 [pyphi.conf] INFO Process-31: Current PyPhi configuration:
 { 'ASSUME_CUTS_CANNOT_CREATE_NEW_CONCEPTS': False,
  'CACHE_POTENTIAL_PURVIEWS': True,
  'CACHE_REPERTOIRES': True,
  'CACHE_SIAS': False,
  'CACHING_BACKEND': 'fs',
  'CLEAR_SUBSYSTEM_CACHES_AFTER_COMPUTING_SIA': False,
  'CUT_ONE_APPROXIMATION': False,
  'FS_CACHE_DIRECTORY': '__pyphi_cache__',
  'FS_CACHE_VERBOSITY': 0,
  'LOG_FILE': 'pyphi.log',
  'LOG_FILE_LEVEL': 'INFO',
  'LOG_STDOUT_LEVEL': 'WARNING',
  'MAXIMUM_CACHE_MEMORY_PERCENTAGE': 50,
  'MEASURE': 'EMD',
  'MONGODB_CONFIG': { 'collection_name': 'cache',
                      'database_name': 'pyphi',
                      'host': 'localhost',
                      'port': 27017},
  'NUMBER_OF_CORES': -1,
  'PARALLEL_COMPLEX_EVALUATION': False,
  'PARALLEL_CONCEPT_EVALUATION': False,
  'PARALLEL_CUT_EVALUATION': True,
  'PARTITION_TYPE': 'BI',
  'PICK_SMALLEST_PURVIEW': False,
  'PRECISION': 6,
  'PRINT_FRACTIONS': True,
  'PROGRESS_BARS': True,
  'REDIS_CACHE': False,
  'REDIS_CONFIG': {'db': 0, 'host': 'localhost', 'port': 6379, 'test_db': 1},
  'REPR_VERBOSITY': 2,
  'SINGLE_MICRO_NODES_WITH_SELFLOOPS_HAVE_PHI': False,
  'SYSTEM_CUTS': '3.0_STYLE',
  'USE_SMALL_PHI_DIFFERENCE_FOR_CES_DISTANCE': False,
  'VALIDATE_CONDITIONAL_INDEPENDENCE': True,
  'VALIDATE_SUBSYSTEM_STATES': True,
  'WELCOME_OFF': False}
2026-05-16 04:35:47,104 [pyphi.conf] INFO Process-32: PyPhi v1.2.0
2026-05-16 04:35:47,104 [pyphi.conf] INFO Process-32: Using default configuration (no configuration file provided)
2026-05-16 04:35:47,105 [pyphi.conf] INFO Process-32: Current PyPhi configuration:
 { 'ASSUME_CUTS_CANNOT_CREATE_NEW_CONCEPTS': False,
  'CACHE_POTENTIAL_PURVIEWS': True,
  'CACHE_REPERTOIRES': True,
  'CACHE_SIAS': False,
  'CACHING_BACKEND': 'fs',
  'CLEAR_SUBSYSTEM_CACHES_AFTER_COMPUTING_SIA': False,
  'CUT_ONE_APPROXIMATION': False,
  'FS_CACHE_DIRECTORY': '__pyphi_cache__',
  'FS_CACHE_VERBOSITY': 0,
  'LOG_FILE': 'pyphi.log',
  'LOG_FILE_LEVEL': 'INFO',
  'LOG_STDOUT_LEVEL': 'WARNING',
  'MAXIMUM_CACHE_MEMORY_PERCENTAGE': 50,
  'MEASURE': 'EMD',
  'MONGODB_CONFIG': { 'collection_name': 'cache',
                      'database_name': 'pyphi',
                      'host': 'localhost',
                      'port': 27017},
  'NUMBER_OF_CORES': -1,
  'PARALLEL_COMPLEX_EVALUATION': False,
  'PARALLEL_CONCEPT_EVALUATION': False,
  'PARALLEL_CUT_EVALUATION': True,
  'PARTITION_TYPE': 'BI',
  'PICK_SMALLEST_PURVIEW': False,
  'PRECISION': 6,
  'PRINT_FRACTIONS': True,
  'PROGRESS_BARS': True,
  'REDIS_CACHE': False,
  'REDIS_CONFIG': {'db': 0, 'host': 'localhost', 'port': 6379, 'test_db': 1},
  'REPR_VERBOSITY': 2,
  'SINGLE_MICRO_NODES_WITH_SELFLOOPS_HAVE_PHI': False,
  'SYSTEM_CUTS': '3.0_STYLE',
  'USE_SMALL_PHI_DIFFERENCE_FOR_CES_DISTANCE': False,
  'VALIDATE_CONDITIONAL_INDEPENDENCE': True,
  'VALIDATE_SUBSYSTEM_STATES': True,
  'WELCOME_OFF': False}
2026-05-16 04:35:53,454 [pyphi.compute.subsystem] INFO MainProcess: Finished calculating big-phi data for Subsystem(a0, C).
2026-05-16 04:35:53,455 [pyphi.compute.subsystem] INFO MainProcess: Calculating big-phi data for Subsystem(a0, a1, a2, C)...
2026-05-16 04:35:53,797 [pyphi.conf] INFO Process-33: PyPhi v1.2.0
2026-05-16 04:35:53,797 [pyphi.conf] INFO Process-33: Using default configuration (no configuration file provided)
2026-05-16 04:35:53,798 [pyphi.conf] INFO Process-33: Current PyPhi configuration:
 { 'ASSUME_CUTS_CANNOT_CREATE_NEW_CONCEPTS': False,
  'CACHE_POTENTIAL_PURVIEWS': True,
  'CACHE_REPERTOIRES': True,
  'CACHE_SIAS': False,
  'CACHING_BACKEND': 'fs',
  'CLEAR_SUBSYSTEM_CACHES_AFTER_COMPUTING_SIA': False,
  'CUT_ONE_APPROXIMATION': False,
  'FS_CACHE_DIRECTORY': '__pyphi_cache__',
  'FS_CACHE_VERBOSITY': 0,
  'LOG_FILE': 'pyphi.log',
  'LOG_FILE_LEVEL': 'INFO',
  'LOG_STDOUT_LEVEL': 'WARNING',
  'MAXIMUM_CACHE_MEMORY_PERCENTAGE': 50,
  'MEASURE': 'EMD',
  'MONGODB_CONFIG': { 'collection_name': 'cache',
                      'database_name': 'pyphi',
                      'host': 'localhost',
                      'port': 27017},
  'NUMBER_OF_CORES': -1,
  'PARALLEL_COMPLEX_EVALUATION': False,
  'PARALLEL_CONCEPT_EVALUATION': False,
  'PARALLEL_CUT_EVALUATION': True,
  'PARTITION_TYPE': 'BI',
  'PICK_SMALLEST_PURVIEW': False,
  'PRECISION': 6,
  'PRINT_FRACTIONS': True,
  'PROGRESS_BARS': True,
  'REDIS_CACHE': False,
  'REDIS_CONFIG': {'db': 0, 'host': 'localhost', 'port': 6379, 'test_db': 1},
  'REPR_VERBOSITY': 2,
  'SINGLE_MICRO_NODES_WITH_SELFLOOPS_HAVE_PHI': False,
  'SYSTEM_CUTS': '3.0_STYLE',
  'USE_SMALL_PHI_DIFFERENCE_FOR_CES_DISTANCE': False,
  'VALIDATE_CONDITIONAL_INDEPENDENCE': True,
  'VALIDATE_SUBSYSTEM_STATES': True,
  'WELCOME_OFF': False}
2026-05-16 04:36:02,999 [pyphi.conf] INFO Process-34: PyPhi v1.2.0
2026-05-16 04:36:02,999 [pyphi.conf] INFO Process-34: Using default configuration (no configuration file provided)
2026-05-16 04:36:03,000 [pyphi.conf] INFO Process-34: Current PyPhi configuration:
 { 'ASSUME_CUTS_CANNOT_CREATE_NEW_CONCEPTS': False,
  'CACHE_POTENTIAL_PURVIEWS': True,
  'CACHE_REPERTOIRES': True,
  'CACHE_SIAS': False,
  'CACHING_BACKEND': 'fs',
  'CLEAR_SUBSYSTEM_CACHES_AFTER_COMPUTING_SIA': False,
  'CUT_ONE_APPROXIMATION': False,
  'FS_CACHE_DIRECTORY': '__pyphi_cache__',
  'FS_CACHE_VERBOSITY': 0,
  'LOG_FILE': 'pyphi.log',
  'LOG_FILE_LEVEL': 'INFO',
  'LOG_STDOUT_LEVEL': 'WARNING',
  'MAXIMUM_CACHE_MEMORY_PERCENTAGE': 50,
  'MEASURE': 'EMD',
  'MONGODB_CONFIG': { 'collection_name': 'cache',
                      'database_name': 'pyphi',
                      'host': 'localhost',
                      'port': 27017},
  'NUMBER_OF_CORES': -1,
  'PARALLEL_COMPLEX_EVALUATION': False,
  'PARALLEL_CONCEPT_EVALUATION': False,
  'PARALLEL_CUT_EVALUATION': True,
  'PARTITION_TYPE': 'BI',
  'PICK_SMALLEST_PURVIEW': False,
  'PRECISION': 6,
  'PRINT_FRACTIONS': True,
  'PROGRESS_BARS': True,
  'REDIS_CACHE': False,
  'REDIS_CONFIG': {'db': 0, 'host': 'localhost', 'port': 6379, 'test_db': 1},
  'REPR_VERBOSITY': 2,
  'SINGLE_MICRO_NODES_WITH_SELFLOOPS_HAVE_PHI': False,
  'SYSTEM_CUTS': '3.0_STYLE',
  'USE_SMALL_PHI_DIFFERENCE_FOR_CES_DISTANCE': False,
  'VALIDATE_CONDITIONAL_INDEPENDENCE': True,
  'VALIDATE_SUBSYSTEM_STATES': True,
  'WELCOME_OFF': False}
2026-05-16 04:36:17,897 [pyphi.compute.subsystem] INFO MainProcess: Finished calculating big-phi data for Subsystem(a0, a1, a2, C).
2026-05-16 04:36:17,899 [pyphi.compute.subsystem] INFO MainProcess: Calculating big-phi data for Subsystem(a0, C)...
2026-05-16 04:36:18,209 [pyphi.conf] INFO Process-35: PyPhi v1.2.0
2026-05-16 04:36:18,209 [pyphi.conf] INFO Process-35: Using default configuration (no configuration file provided)
2026-05-16 04:36:18,210 [pyphi.conf] INFO Process-35: Current PyPhi configuration:
 { 'ASSUME_CUTS_CANNOT_CREATE_NEW_CONCEPTS': False,
  'CACHE_POTENTIAL_PURVIEWS': True,
  'CACHE_REPERTOIRES': True,
  'CACHE_SIAS': False,
  'CACHING_BACKEND': 'fs',
  'CLEAR_SUBSYSTEM_CACHES_AFTER_COMPUTING_SIA': False,
  'CUT_ONE_APPROXIMATION': False,
  'FS_CACHE_DIRECTORY': '__pyphi_cache__',
  'FS_CACHE_VERBOSITY': 0,
  'LOG_FILE': 'pyphi.log',
  'LOG_FILE_LEVEL': 'INFO',
  'LOG_STDOUT_LEVEL': 'WARNING',
  'MAXIMUM_CACHE_MEMORY_PERCENTAGE': 50,
  'MEASURE': 'EMD',
  'MONGODB_CONFIG': { 'collection_name': 'cache',
                      'database_name': 'pyphi',
                      'host': 'localhost',
                      'port': 27017},
  'NUMBER_OF_CORES': -1,
  'PARALLEL_COMPLEX_EVALUATION': False,
  'PARALLEL_CONCEPT_EVALUATION': False,
  'PARALLEL_CUT_EVALUATION': True,
  'PARTITION_TYPE': 'BI',
  'PICK_SMALLEST_PURVIEW': False,
  'PRECISION': 6,
  'PRINT_FRACTIONS': True,
  'PROGRESS_BARS': True,
  'REDIS_CACHE': False,
  'REDIS_CONFIG': {'db': 0, 'host': 'localhost', 'port': 6379, 'test_db': 1},
  'REPR_VERBOSITY': 2,
  'SINGLE_MICRO_NODES_WITH_SELFLOOPS_HAVE_PHI': False,
  'SYSTEM_CUTS': '3.0_STYLE',
  'USE_SMALL_PHI_DIFFERENCE_FOR_CES_DISTANCE': False,
  'VALIDATE_CONDITIONAL_INDEPENDENCE': True,
  'VALIDATE_SUBSYSTEM_STATES': True,
  'WELCOME_OFF': False}
2026-05-16 04:36:24,475 [pyphi.conf] INFO Process-36: PyPhi v1.2.0
2026-05-16 04:36:24,475 [pyphi.conf] INFO Process-36: Using default configuration (no configuration file provided)
2026-05-16 04:36:24,475 [pyphi.conf] INFO Process-36: Current PyPhi configuration:
 { 'ASSUME_CUTS_CANNOT_CREATE_NEW_CONCEPTS': False,
  'CACHE_POTENTIAL_PURVIEWS': True,
  'CACHE_REPERTOIRES': True,
  'CACHE_SIAS': False,
  'CACHING_BACKEND': 'fs',
  'CLEAR_SUBSYSTEM_CACHES_AFTER_COMPUTING_SIA': False,
  'CUT_ONE_APPROXIMATION': False,
  'FS_CACHE_DIRECTORY': '__pyphi_cache__',
  'FS_CACHE_VERBOSITY': 0,
  'LOG_FILE': 'pyphi.log',
  'LOG_FILE_LEVEL': 'INFO',
  'LOG_STDOUT_LEVEL': 'WARNING',
  'MAXIMUM_CACHE_MEMORY_PERCENTAGE': 50,
  'MEASURE': 'EMD',
  'MONGODB_CONFIG': { 'collection_name': 'cache',
                      'database_name': 'pyphi',
                      'host': 'localhost',
                      'port': 27017},
  'NUMBER_OF_CORES': -1,
  'PARALLEL_COMPLEX_EVALUATION': False,
  'PARALLEL_CONCEPT_EVALUATION': False,
  'PARALLEL_CUT_EVALUATION': True,
  'PARTITION_TYPE': 'BI',
  'PICK_SMALLEST_PURVIEW': False,
  'PRECISION': 6,
  'PRINT_FRACTIONS': True,
  'PROGRESS_BARS': True,
  'REDIS_CACHE': False,
  'REDIS_CONFIG': {'db': 0, 'host': 'localhost', 'port': 6379, 'test_db': 1},
  'REPR_VERBOSITY': 2,
  'SINGLE_MICRO_NODES_WITH_SELFLOOPS_HAVE_PHI': False,
  'SYSTEM_CUTS': '3.0_STYLE',
  'USE_SMALL_PHI_DIFFERENCE_FOR_CES_DISTANCE': False,
  'VALIDATE_CONDITIONAL_INDEPENDENCE': True,
  'VALIDATE_SUBSYSTEM_STATES': True,
  'WELCOME_OFF': False}
2026-05-16 04:36:30,301 [pyphi.compute.subsystem] INFO MainProcess: Finished calculating big-phi data for Subsystem(a0, C).
2026-05-16 04:36:30,312 [pyphi.compute.subsystem] INFO MainProcess: Calculating big-phi data for Subsystem(a0, a1, a2, C)...
2026-05-16 04:36:30,608 [pyphi.conf] INFO Process-37: PyPhi v1.2.0
2026-05-16 04:36:30,609 [pyphi.conf] INFO Process-37: Using default configuration (no configuration file provided)
2026-05-16 04:36:30,609 [pyphi.conf] INFO Process-37: Current PyPhi configuration:
 { 'ASSUME_CUTS_CANNOT_CREATE_NEW_CONCEPTS': False,
  'CACHE_POTENTIAL_PURVIEWS': True,
  'CACHE_REPERTOIRES': True,
  'CACHE_SIAS': False,
  'CACHING_BACKEND': 'fs',
  'CLEAR_SUBSYSTEM_CACHES_AFTER_COMPUTING_SIA': False,
  'CUT_ONE_APPROXIMATION': False,
  'FS_CACHE_DIRECTORY': '__pyphi_cache__',
  'FS_CACHE_VERBOSITY': 0,
  'LOG_FILE': 'pyphi.log',
  'LOG_FILE_LEVEL': 'INFO',
  'LOG_STDOUT_LEVEL': 'WARNING',
  'MAXIMUM_CACHE_MEMORY_PERCENTAGE': 50,
  'MEASURE': 'EMD',
  'MONGODB_CONFIG': { 'collection_name': 'cache',
                      'database_name': 'pyphi',
                      'host': 'localhost',
                      'port': 27017},
  'NUMBER_OF_CORES': -1,
  'PARALLEL_COMPLEX_EVALUATION': False,
  'PARALLEL_CONCEPT_EVALUATION': False,
  'PARALLEL_CUT_EVALUATION': True,
  'PARTITION_TYPE': 'BI',
  'PICK_SMALLEST_PURVIEW': False,
  'PRECISION': 6,
  'PRINT_FRACTIONS': True,
  'PROGRESS_BARS': True,
  'REDIS_CACHE': False,
  'REDIS_CONFIG': {'db': 0, 'host': 'localhost', 'port': 6379, 'test_db': 1},
  'REPR_VERBOSITY': 2,
  'SINGLE_MICRO_NODES_WITH_SELFLOOPS_HAVE_PHI': False,
  'SYSTEM_CUTS': '3.0_STYLE',
  'USE_SMALL_PHI_DIFFERENCE_FOR_CES_DISTANCE': False,
  'VALIDATE_CONDITIONAL_INDEPENDENCE': True,
  'VALIDATE_SUBSYSTEM_STATES': True,
  'WELCOME_OFF': False}
2026-05-16 04:36:37,491 [pyphi.conf] INFO Process-38: PyPhi v1.2.0
2026-05-16 04:36:37,491 [pyphi.conf] INFO Process-38: Using default configuration (no configuration file provided)
2026-05-16 04:36:37,492 [pyphi.conf] INFO Process-38: Current PyPhi configuration:
 { 'ASSUME_CUTS_CANNOT_CREATE_NEW_CONCEPTS': False,
  'CACHE_POTENTIAL_PURVIEWS': True,
  'CACHE_REPERTOIRES': True,
  'CACHE_SIAS': False,
  'CACHING_BACKEND': 'fs',
  'CLEAR_SUBSYSTEM_CACHES_AFTER_COMPUTING_SIA': False,
  'CUT_ONE_APPROXIMATION': False,
  'FS_CACHE_DIRECTORY': '__pyphi_cache__',
  'FS_CACHE_VERBOSITY': 0,
  'LOG_FILE': 'pyphi.log',
  'LOG_FILE_LEVEL': 'INFO',
  'LOG_STDOUT_LEVEL': 'WARNING',
  'MAXIMUM_CACHE_MEMORY_PERCENTAGE': 50,
  'MEASURE': 'EMD',
  'MONGODB_CONFIG': { 'collection_name': 'cache',
                      'database_name': 'pyphi',
                      'host': 'localhost',
                      'port': 27017},
  'NUMBER_OF_CORES': -1,
  'PARALLEL_COMPLEX_EVALUATION': False,
  'PARALLEL_CONCEPT_EVALUATION': False,
  'PARALLEL_CUT_EVALUATION': True,
  'PARTITION_TYPE': 'BI',
  'PICK_SMALLEST_PURVIEW': False,
  'PRECISION': 6,
  'PRINT_FRACTIONS': True,
  'PROGRESS_BARS': True,
  'REDIS_CACHE': False,
  'REDIS_CONFIG': {'db': 0, 'host': 'localhost', 'port': 6379, 'test_db': 1},
  'REPR_VERBOSITY': 2,
  'SINGLE_MICRO_NODES_WITH_SELFLOOPS_HAVE_PHI': False,
  'SYSTEM_CUTS': '3.0_STYLE',
  'USE_SMALL_PHI_DIFFERENCE_FOR_CES_DISTANCE': False,
  'VALIDATE_CONDITIONAL_INDEPENDENCE': True,
  'VALIDATE_SUBSYSTEM_STATES': True,
  'WELCOME_OFF': False}
2026-05-16 04:36:47,761 [pyphi.compute.subsystem] INFO MainProcess: Finished calculating big-phi data for Subsystem(a0, a1, a2, C).
2026-05-16 04:36:47,763 [pyphi.compute.subsystem] INFO MainProcess: Calculating big-phi data for Subsystem(a0, C)...
2026-05-16 04:36:48,063 [pyphi.conf] INFO Process-39: PyPhi v1.2.0
2026-05-16 04:36:48,063 [pyphi.conf] INFO Process-39: Using default configuration (no configuration file provided)
2026-05-16 04:36:48,063 [pyphi.conf] INFO Process-39: Current PyPhi configuration:
 { 'ASSUME_CUTS_CANNOT_CREATE_NEW_CONCEPTS': False,
  'CACHE_POTENTIAL_PURVIEWS': True,
  'CACHE_REPERTOIRES': True,
  'CACHE_SIAS': False,
  'CACHING_BACKEND': 'fs',
  'CLEAR_SUBSYSTEM_CACHES_AFTER_COMPUTING_SIA': False,
  'CUT_ONE_APPROXIMATION': False,
  'FS_CACHE_DIRECTORY': '__pyphi_cache__',
  'FS_CACHE_VERBOSITY': 0,
  'LOG_FILE': 'pyphi.log',
  'LOG_FILE_LEVEL': 'INFO',
  'LOG_STDOUT_LEVEL': 'WARNING',
  'MAXIMUM_CACHE_MEMORY_PERCENTAGE': 50,
  'MEASURE': 'EMD',
  'MONGODB_CONFIG': { 'collection_name': 'cache',
                      'database_name': 'pyphi',
                      'host': 'localhost',
                      'port': 27017},
  'NUMBER_OF_CORES': -1,
  'PARALLEL_COMPLEX_EVALUATION': False,
  'PARALLEL_CONCEPT_EVALUATION': False,
  'PARALLEL_CUT_EVALUATION': True,
  'PARTITION_TYPE': 'BI',
  'PICK_SMALLEST_PURVIEW': False,
  'PRECISION': 6,
  'PRINT_FRACTIONS': True,
  'PROGRESS_BARS': True,
  'REDIS_CACHE': False,
  'REDIS_CONFIG': {'db': 0, 'host': 'localhost', 'port': 6379, 'test_db': 1},
  'REPR_VERBOSITY': 2,
  'SINGLE_MICRO_NODES_WITH_SELFLOOPS_HAVE_PHI': False,
  'SYSTEM_CUTS': '3.0_STYLE',
  'USE_SMALL_PHI_DIFFERENCE_FOR_CES_DISTANCE': False,
  'VALIDATE_CONDITIONAL_INDEPENDENCE': True,
  'VALIDATE_SUBSYSTEM_STATES': True,
  'WELCOME_OFF': False}
2026-05-16 04:36:53,920 [pyphi.conf] INFO Process-40: PyPhi v1.2.0
2026-05-16 04:36:53,920 [pyphi.conf] INFO Process-40: Using default configuration (no configuration file provided)
2026-05-16 04:36:53,921 [pyphi.conf] INFO Process-40: Current PyPhi configuration:
 { 'ASSUME_CUTS_CANNOT_CREATE_NEW_CONCEPTS': False,
  'CACHE_POTENTIAL_PURVIEWS': True,
  'CACHE_REPERTOIRES': True,
  'CACHE_SIAS': False,
  'CACHING_BACKEND': 'fs',
  'CLEAR_SUBSYSTEM_CACHES_AFTER_COMPUTING_SIA': False,
  'CUT_ONE_APPROXIMATION': False,
  'FS_CACHE_DIRECTORY': '__pyphi_cache__',
  'FS_CACHE_VERBOSITY': 0,
  'LOG_FILE': 'pyphi.log',
  'LOG_FILE_LEVEL': 'INFO',
  'LOG_STDOUT_LEVEL': 'WARNING',
  'MAXIMUM_CACHE_MEMORY_PERCENTAGE': 50,
  'MEASURE': 'EMD',
  'MONGODB_CONFIG': { 'collection_name': 'cache',
                      'database_name': 'pyphi',
                      'host': 'localhost',
                      'port': 27017},
  'NUMBER_OF_CORES': -1,
  'PARALLEL_COMPLEX_EVALUATION': False,
  'PARALLEL_CONCEPT_EVALUATION': False,
  'PARALLEL_CUT_EVALUATION': True,
  'PARTITION_TYPE': 'BI',
  'PICK_SMALLEST_PURVIEW': False,
  'PRECISION': 6,
  'PRINT_FRACTIONS': True,
  'PROGRESS_BARS': True,
  'REDIS_CACHE': False,
  'REDIS_CONFIG': {'db': 0, 'host': 'localhost', 'port': 6379, 'test_db': 1},
  'REPR_VERBOSITY': 2,
  'SINGLE_MICRO_NODES_WITH_SELFLOOPS_HAVE_PHI': False,
  'SYSTEM_CUTS': '3.0_STYLE',
  'USE_SMALL_PHI_DIFFERENCE_FOR_CES_DISTANCE': False,
  'VALIDATE_CONDITIONAL_INDEPENDENCE': True,
  'VALIDATE_SUBSYSTEM_STATES': True,
  'WELCOME_OFF': False}
2026-05-16 04:36:59,538 [pyphi.compute.subsystem] INFO MainProcess: Finished calculating big-phi data for Subsystem(a0, C).
2026-05-16 04:36:59,539 [pyphi.compute.subsystem] INFO MainProcess: Calculating big-phi data for Subsystem(a0, a1, a2, C)...
2026-05-16 04:36:59,804 [pyphi.conf] INFO Process-41: PyPhi v1.2.0
2026-05-16 04:36:59,804 [pyphi.conf] INFO Process-41: Using default configuration (no configuration file provided)
2026-05-16 04:36:59,805 [pyphi.conf] INFO Process-41: Current PyPhi configuration:
 { 'ASSUME_CUTS_CANNOT_CREATE_NEW_CONCEPTS': False,
  'CACHE_POTENTIAL_PURVIEWS': True,
  'CACHE_REPERTOIRES': True,
  'CACHE_SIAS': False,
  'CACHING_BACKEND': 'fs',
  'CLEAR_SUBSYSTEM_CACHES_AFTER_COMPUTING_SIA': False,
  'CUT_ONE_APPROXIMATION': False,
  'FS_CACHE_DIRECTORY': '__pyphi_cache__',
  'FS_CACHE_VERBOSITY': 0,
  'LOG_FILE': 'pyphi.log',
  'LOG_FILE_LEVEL': 'INFO',
  'LOG_STDOUT_LEVEL': 'WARNING',
  'MAXIMUM_CACHE_MEMORY_PERCENTAGE': 50,
  'MEASURE': 'EMD',
  'MONGODB_CONFIG': { 'collection_name': 'cache',
                      'database_name': 'pyphi',
                      'host': 'localhost',
                      'port': 27017},
  'NUMBER_OF_CORES': -1,
  'PARALLEL_COMPLEX_EVALUATION': False,
  'PARALLEL_CONCEPT_EVALUATION': False,
  'PARALLEL_CUT_EVALUATION': True,
  'PARTITION_TYPE': 'BI',
  'PICK_SMALLEST_PURVIEW': False,
  'PRECISION': 6,
  'PRINT_FRACTIONS': True,
  'PROGRESS_BARS': True,
  'REDIS_CACHE': False,
  'REDIS_CONFIG': {'db': 0, 'host': 'localhost', 'port': 6379, 'test_db': 1},
  'REPR_VERBOSITY': 2,
  'SINGLE_MICRO_NODES_WITH_SELFLOOPS_HAVE_PHI': False,
  'SYSTEM_CUTS': '3.0_STYLE',
  'USE_SMALL_PHI_DIFFERENCE_FOR_CES_DISTANCE': False,
  'VALIDATE_CONDITIONAL_INDEPENDENCE': True,
  'VALIDATE_SUBSYSTEM_STATES': True,
  'WELCOME_OFF': False}
2026-05-16 04:37:06,123 [pyphi.conf] INFO Process-42: PyPhi v1.2.0
2026-05-16 04:37:06,123 [pyphi.conf] INFO Process-42: Using default configuration (no configuration file provided)
2026-05-16 04:37:06,123 [pyphi.conf] INFO Process-42: Current PyPhi configuration:
 { 'ASSUME_CUTS_CANNOT_CREATE_NEW_CONCEPTS': False,
  'CACHE_POTENTIAL_PURVIEWS': True,
  'CACHE_REPERTOIRES': True,
  'CACHE_SIAS': False,
  'CACHING_BACKEND': 'fs',
  'CLEAR_SUBSYSTEM_CACHES_AFTER_COMPUTING_SIA': False,
  'CUT_ONE_APPROXIMATION': False,
  'FS_CACHE_DIRECTORY': '__pyphi_cache__',
  'FS_CACHE_VERBOSITY': 0,
  'LOG_FILE': 'pyphi.log',
  'LOG_FILE_LEVEL': 'INFO',
  'LOG_STDOUT_LEVEL': 'WARNING',
  'MAXIMUM_CACHE_MEMORY_PERCENTAGE': 50,
  'MEASURE': 'EMD',
  'MONGODB_CONFIG': { 'collection_name': 'cache',
                      'database_name': 'pyphi',
                      'host': 'localhost',
                      'port': 27017},
  'NUMBER_OF_CORES': -1,
  'PARALLEL_COMPLEX_EVALUATION': False,
  'PARALLEL_CONCEPT_EVALUATION': False,
  'PARALLEL_CUT_EVALUATION': True,
  'PARTITION_TYPE': 'BI',
  'PICK_SMALLEST_PURVIEW': False,
  'PRECISION': 6,
  'PRINT_FRACTIONS': True,
  'PROGRESS_BARS': True,
  'REDIS_CACHE': False,
  'REDIS_CONFIG': {'db': 0, 'host': 'localhost', 'port': 6379, 'test_db': 1},
  'REPR_VERBOSITY': 2,
  'SINGLE_MICRO_NODES_WITH_SELFLOOPS_HAVE_PHI': False,
  'SYSTEM_CUTS': '3.0_STYLE',
  'USE_SMALL_PHI_DIFFERENCE_FOR_CES_DISTANCE': False,
  'VALIDATE_CONDITIONAL_INDEPENDENCE': True,
  'VALIDATE_SUBSYSTEM_STATES': True,
  'WELCOME_OFF': False}
2026-05-16 04:37:14,125 [pyphi.compute.subsystem] INFO MainProcess: Finished calculating big-phi data for Subsystem(a0, a1, a2, C).
2026-05-16 04:37:14,127 [pyphi.compute.subsystem] INFO MainProcess: Calculating big-phi data for Subsystem(a0, C)...
2026-05-16 04:37:14,373 [pyphi.conf] INFO Process-43: PyPhi v1.2.0
2026-05-16 04:37:14,373 [pyphi.conf] INFO Process-43: Using default configuration (no configuration file provided)
2026-05-16 04:37:14,374 [pyphi.conf] INFO Process-43: Current PyPhi configuration:
 { 'ASSUME_CUTS_CANNOT_CREATE_NEW_CONCEPTS': False,
  'CACHE_POTENTIAL_PURVIEWS': True,
  'CACHE_REPERTOIRES': True,
  'CACHE_SIAS': False,
  'CACHING_BACKEND': 'fs',
  'CLEAR_SUBSYSTEM_CACHES_AFTER_COMPUTING_SIA': False,
  'CUT_ONE_APPROXIMATION': False,
  'FS_CACHE_DIRECTORY': '__pyphi_cache__',
  'FS_CACHE_VERBOSITY': 0,
  'LOG_FILE': 'pyphi.log',
  'LOG_FILE_LEVEL': 'INFO',
  'LOG_STDOUT_LEVEL': 'WARNING',
  'MAXIMUM_CACHE_MEMORY_PERCENTAGE': 50,
  'MEASURE': 'EMD',
  'MONGODB_CONFIG': { 'collection_name': 'cache',
                      'database_name': 'pyphi',
                      'host': 'localhost',
                      'port': 27017},
  'NUMBER_OF_CORES': -1,
  'PARALLEL_COMPLEX_EVALUATION': False,
  'PARALLEL_CONCEPT_EVALUATION': False,
  'PARALLEL_CUT_EVALUATION': True,
  'PARTITION_TYPE': 'BI',
  'PICK_SMALLEST_PURVIEW': False,
  'PRECISION': 6,
  'PRINT_FRACTIONS': True,
  'PROGRESS_BARS': True,
  'REDIS_CACHE': False,
  'REDIS_CONFIG': {'db': 0, 'host': 'localhost', 'port': 6379, 'test_db': 1},
  'REPR_VERBOSITY': 2,
  'SINGLE_MICRO_NODES_WITH_SELFLOOPS_HAVE_PHI': False,
  'SYSTEM_CUTS': '3.0_STYLE',
  'USE_SMALL_PHI_DIFFERENCE_FOR_CES_DISTANCE': False,
  'VALIDATE_CONDITIONAL_INDEPENDENCE': True,
  'VALIDATE_SUBSYSTEM_STATES': True,
  'WELCOME_OFF': False}
2026-05-16 04:37:20,194 [pyphi.conf] INFO Process-44: PyPhi v1.2.0
2026-05-16 04:37:20,194 [pyphi.conf] INFO Process-44: Using default configuration (no configuration file provided)
2026-05-16 04:37:20,194 [pyphi.conf] INFO Process-44: Current PyPhi configuration:
 { 'ASSUME_CUTS_CANNOT_CREATE_NEW_CONCEPTS': False,
  'CACHE_POTENTIAL_PURVIEWS': True,
  'CACHE_REPERTOIRES': True,
  'CACHE_SIAS': False,
  'CACHING_BACKEND': 'fs',
  'CLEAR_SUBSYSTEM_CACHES_AFTER_COMPUTING_SIA': False,
  'CUT_ONE_APPROXIMATION': False,
  'FS_CACHE_DIRECTORY': '__pyphi_cache__',
  'FS_CACHE_VERBOSITY': 0,
  'LOG_FILE': 'pyphi.log',
  'LOG_FILE_LEVEL': 'INFO',
  'LOG_STDOUT_LEVEL': 'WARNING',
  'MAXIMUM_CACHE_MEMORY_PERCENTAGE': 50,
  'MEASURE': 'EMD',
  'MONGODB_CONFIG': { 'collection_name': 'cache',
                      'database_name': 'pyphi',
                      'host': 'localhost',
                      'port': 27017},
  'NUMBER_OF_CORES': -1,
  'PARALLEL_COMPLEX_EVALUATION': False,
  'PARALLEL_CONCEPT_EVALUATION': False,
  'PARALLEL_CUT_EVALUATION': True,
  'PARTITION_TYPE': 'BI',
  'PICK_SMALLEST_PURVIEW': False,
  'PRECISION': 6,
  'PRINT_FRACTIONS': True,
  'PROGRESS_BARS': True,
  'REDIS_CACHE': False,
  'REDIS_CONFIG': {'db': 0, 'host': 'localhost', 'port': 6379, 'test_db': 1},
  'REPR_VERBOSITY': 2,
  'SINGLE_MICRO_NODES_WITH_SELFLOOPS_HAVE_PHI': False,
  'SYSTEM_CUTS': '3.0_STYLE',
  'USE_SMALL_PHI_DIFFERENCE_FOR_CES_DISTANCE': False,
  'VALIDATE_CONDITIONAL_INDEPENDENCE': True,
  'VALIDATE_SUBSYSTEM_STATES': True,
  'WELCOME_OFF': False}
2026-05-16 04:37:26,599 [pyphi.compute.subsystem] INFO MainProcess: Finished calculating big-phi data for Subsystem(a0, C).
2026-05-16 04:37:26,600 [pyphi.compute.subsystem] INFO MainProcess: Calculating big-phi data for Subsystem(a0, a1, a2, C)...
2026-05-16 04:37:27,136 [pyphi.conf] INFO Process-45: PyPhi v1.2.0
2026-05-16 04:37:27,136 [pyphi.conf] INFO Process-45: Using default configuration (no configuration file provided)
2026-05-16 04:37:27,137 [pyphi.conf] INFO Process-45: Current PyPhi configuration:
 { 'ASSUME_CUTS_CANNOT_CREATE_NEW_CONCEPTS': False,
  'CACHE_POTENTIAL_PURVIEWS': True,
  'CACHE_REPERTOIRES': True,
  'CACHE_SIAS': False,
  'CACHING_BACKEND': 'fs',
  'CLEAR_SUBSYSTEM_CACHES_AFTER_COMPUTING_SIA': False,
  'CUT_ONE_APPROXIMATION': False,
  'FS_CACHE_DIRECTORY': '__pyphi_cache__',
  'FS_CACHE_VERBOSITY': 0,
  'LOG_FILE': 'pyphi.log',
  'LOG_FILE_LEVEL': 'INFO',
  'LOG_STDOUT_LEVEL': 'WARNING',
  'MAXIMUM_CACHE_MEMORY_PERCENTAGE': 50,
  'MEASURE': 'EMD',
  'MONGODB_CONFIG': { 'collection_name': 'cache',
                      'database_name': 'pyphi',
                      'host': 'localhost',
                      'port': 27017},
  'NUMBER_OF_CORES': -1,
  'PARALLEL_COMPLEX_EVALUATION': False,
  'PARALLEL_CONCEPT_EVALUATION': False,
  'PARALLEL_CUT_EVALUATION': True,
  'PARTITION_TYPE': 'BI',
  'PICK_SMALLEST_PURVIEW': False,
  'PRECISION': 6,
  'PRINT_FRACTIONS': True,
  'PROGRESS_BARS': True,
  'REDIS_CACHE': False,
  'REDIS_CONFIG': {'db': 0, 'host': 'localhost', 'port': 6379, 'test_db': 1},
  'REPR_VERBOSITY': 2,
  'SINGLE_MICRO_NODES_WITH_SELFLOOPS_HAVE_PHI': False,
  'SYSTEM_CUTS': '3.0_STYLE',
  'USE_SMALL_PHI_DIFFERENCE_FOR_CES_DISTANCE': False,
  'VALIDATE_CONDITIONAL_INDEPENDENCE': True,
  'VALIDATE_SUBSYSTEM_STATES': True,
  'WELCOME_OFF': False}
2026-05-16 04:37:36,362 [pyphi.conf] INFO Process-46: PyPhi v1.2.0
2026-05-16 04:37:36,362 [pyphi.conf] INFO Process-46: Using default configuration (no configuration file provided)
2026-05-16 04:37:36,363 [pyphi.conf] INFO Process-46: Current PyPhi configuration:
 { 'ASSUME_CUTS_CANNOT_CREATE_NEW_CONCEPTS': False,
  'CACHE_POTENTIAL_PURVIEWS': True,
  'CACHE_REPERTOIRES': True,
  'CACHE_SIAS': False,
  'CACHING_BACKEND': 'fs',
  'CLEAR_SUBSYSTEM_CACHES_AFTER_COMPUTING_SIA': False,
  'CUT_ONE_APPROXIMATION': False,
  'FS_CACHE_DIRECTORY': '__pyphi_cache__',
  'FS_CACHE_VERBOSITY': 0,
  'LOG_FILE': 'pyphi.log',
  'LOG_FILE_LEVEL': 'INFO',
  'LOG_STDOUT_LEVEL': 'WARNING',
  'MAXIMUM_CACHE_MEMORY_PERCENTAGE': 50,
  'MEASURE': 'EMD',
  'MONGODB_CONFIG': { 'collection_name': 'cache',
                      'database_name': 'pyphi',
                      'host': 'localhost',
                      'port': 27017},
  'NUMBER_OF_CORES': -1,
  'PARALLEL_COMPLEX_EVALUATION': False,
  'PARALLEL_CONCEPT_EVALUATION': False,
  'PARALLEL_CUT_EVALUATION': True,
  'PARTITION_TYPE': 'BI',
  'PICK_SMALLEST_PURVIEW': False,
  'PRECISION': 6,
  'PRINT_FRACTIONS': True,
  'PROGRESS_BARS': True,
  'REDIS_CACHE': False,
  'REDIS_CONFIG': {'db': 0, 'host': 'localhost', 'port': 6379, 'test_db': 1},
  'REPR_VERBOSITY': 2,
  'SINGLE_MICRO_NODES_WITH_SELFLOOPS_HAVE_PHI': False,
  'SYSTEM_CUTS': '3.0_STYLE',
  'USE_SMALL_PHI_DIFFERENCE_FOR_CES_DISTANCE': False,
  'VALIDATE_CONDITIONAL_INDEPENDENCE': True,
  'VALIDATE_SUBSYSTEM_STATES': True,
  'WELCOME_OFF': False}
2026-05-16 04:37:45,831 [pyphi.compute.subsystem] INFO MainProcess: Finished calculating big-phi data for Subsystem(a0, a1, a2, C).
2026-05-16 04:37:45,832 [pyphi.compute.subsystem] INFO MainProcess: Calculating big-phi data for Subsystem(a0, C)...
2026-05-16 04:37:46,120 [pyphi.conf] INFO Process-47: PyPhi v1.2.0
2026-05-16 04:37:46,120 [pyphi.conf] INFO Process-47: Using default configuration (no configuration file provided)
2026-05-16 04:37:46,120 [pyphi.conf] INFO Process-47: Current PyPhi configuration:
 { 'ASSUME_CUTS_CANNOT_CREATE_NEW_CONCEPTS': False,
  'CACHE_POTENTIAL_PURVIEWS': True,
  'CACHE_REPERTOIRES': True,
  'CACHE_SIAS': False,
  'CACHING_BACKEND': 'fs',
  'CLEAR_SUBSYSTEM_CACHES_AFTER_COMPUTING_SIA': False,
  'CUT_ONE_APPROXIMATION': False,
  'FS_CACHE_DIRECTORY': '__pyphi_cache__',
  'FS_CACHE_VERBOSITY': 0,
  'LOG_FILE': 'pyphi.log',
  'LOG_FILE_LEVEL': 'INFO',
  'LOG_STDOUT_LEVEL': 'WARNING',
  'MAXIMUM_CACHE_MEMORY_PERCENTAGE': 50,
  'MEASURE': 'EMD',
  'MONGODB_CONFIG': { 'collection_name': 'cache',
                      'database_name': 'pyphi',
                      'host': 'localhost',
                      'port': 27017},
  'NUMBER_OF_CORES': -1,
  'PARALLEL_COMPLEX_EVALUATION': False,
  'PARALLEL_CONCEPT_EVALUATION': False,
  'PARALLEL_CUT_EVALUATION': True,
  'PARTITION_TYPE': 'BI',
  'PICK_SMALLEST_PURVIEW': False,
  'PRECISION': 6,
  'PRINT_FRACTIONS': True,
  'PROGRESS_BARS': True,
  'REDIS_CACHE': False,
  'REDIS_CONFIG': {'db': 0, 'host': 'localhost', 'port': 6379, 'test_db': 1},
  'REPR_VERBOSITY': 2,
  'SINGLE_MICRO_NODES_WITH_SELFLOOPS_HAVE_PHI': False,
  'SYSTEM_CUTS': '3.0_STYLE',
  'USE_SMALL_PHI_DIFFERENCE_FOR_CES_DISTANCE': False,
  'VALIDATE_CONDITIONAL_INDEPENDENCE': True,
  'VALIDATE_SUBSYSTEM_STATES': True,
  'WELCOME_OFF': False}
2026-05-16 04:37:53,406 [pyphi.conf] INFO Process-48: PyPhi v1.2.0
2026-05-16 04:37:53,407 [pyphi.conf] INFO Process-48: Using default configuration (no configuration file provided)
2026-05-16 04:37:53,407 [pyphi.conf] INFO Process-48: Current PyPhi configuration:
 { 'ASSUME_CUTS_CANNOT_CREATE_NEW_CONCEPTS': False,
  'CACHE_POTENTIAL_PURVIEWS': True,
  'CACHE_REPERTOIRES': True,
  'CACHE_SIAS': False,
  'CACHING_BACKEND': 'fs',
  'CLEAR_SUBSYSTEM_CACHES_AFTER_COMPUTING_SIA': False,
  'CUT_ONE_APPROXIMATION': False,
  'FS_CACHE_DIRECTORY': '__pyphi_cache__',
  'FS_CACHE_VERBOSITY': 0,
  'LOG_FILE': 'pyphi.log',
  'LOG_FILE_LEVEL': 'INFO',
  'LOG_STDOUT_LEVEL': 'WARNING',
  'MAXIMUM_CACHE_MEMORY_PERCENTAGE': 50,
  'MEASURE': 'EMD',
  'MONGODB_CONFIG': { 'collection_name': 'cache',
                      'database_name': 'pyphi',
                      'host': 'localhost',
                      'port': 27017},
  'NUMBER_OF_CORES': -1,
  'PARALLEL_COMPLEX_EVALUATION': False,
  'PARALLEL_CONCEPT_EVALUATION': False,
  'PARALLEL_CUT_EVALUATION': True,
  'PARTITION_TYPE': 'BI',
  'PICK_SMALLEST_PURVIEW': False,
  'PRECISION': 6,
  'PRINT_FRACTIONS': True,
  'PROGRESS_BARS': True,
  'REDIS_CACHE': False,
  'REDIS_CONFIG': {'db': 0, 'host': 'localhost', 'port': 6379, 'test_db': 1},
  'REPR_VERBOSITY': 2,
  'SINGLE_MICRO_NODES_WITH_SELFLOOPS_HAVE_PHI': False,
  'SYSTEM_CUTS': '3.0_STYLE',
  'USE_SMALL_PHI_DIFFERENCE_FOR_CES_DISTANCE': False,
  'VALIDATE_CONDITIONAL_INDEPENDENCE': True,
  'VALIDATE_SUBSYSTEM_STATES': True,
  'WELCOME_OFF': False}
2026-05-16 04:37:59,634 [pyphi.compute.subsystem] INFO MainProcess: Finished calculating big-phi data for Subsystem(a0, C).
2026-05-16 04:37:59,636 [pyphi.compute.subsystem] INFO MainProcess: Calculating big-phi data for Subsystem(a0, a1, a2, C)...
2026-05-16 04:37:59,892 [pyphi.conf] INFO Process-49: PyPhi v1.2.0
2026-05-16 04:37:59,893 [pyphi.conf] INFO Process-49: Using default configuration (no configuration file provided)
2026-05-16 04:37:59,894 [pyphi.conf] INFO Process-49: Current PyPhi configuration:
 { 'ASSUME_CUTS_CANNOT_CREATE_NEW_CONCEPTS': False,
  'CACHE_POTENTIAL_PURVIEWS': True,
  'CACHE_REPERTOIRES': True,
  'CACHE_SIAS': False,
  'CACHING_BACKEND': 'fs',
  'CLEAR_SUBSYSTEM_CACHES_AFTER_COMPUTING_SIA': False,
  'CUT_ONE_APPROXIMATION': False,
  'FS_CACHE_DIRECTORY': '__pyphi_cache__',
  'FS_CACHE_VERBOSITY': 0,
  'LOG_FILE': 'pyphi.log',
  'LOG_FILE_LEVEL': 'INFO',
  'LOG_STDOUT_LEVEL': 'WARNING',
  'MAXIMUM_CACHE_MEMORY_PERCENTAGE': 50,
  'MEASURE': 'EMD',
  'MONGODB_CONFIG': { 'collection_name': 'cache',
                      'database_name': 'pyphi',
                      'host': 'localhost',
                      'port': 27017},
  'NUMBER_OF_CORES': -1,
  'PARALLEL_COMPLEX_EVALUATION': False,
  'PARALLEL_CONCEPT_EVALUATION': False,
  'PARALLEL_CUT_EVALUATION': True,
  'PARTITION_TYPE': 'BI',
  'PICK_SMALLEST_PURVIEW': False,
  'PRECISION': 6,
  'PRINT_FRACTIONS': True,
  'PROGRESS_BARS': True,
  'REDIS_CACHE': False,
  'REDIS_CONFIG': {'db': 0, 'host': 'localhost', 'port': 6379, 'test_db': 1},
  'REPR_VERBOSITY': 2,
  'SINGLE_MICRO_NODES_WITH_SELFLOOPS_HAVE_PHI': False,
  'SYSTEM_CUTS': '3.0_STYLE',
  'USE_SMALL_PHI_DIFFERENCE_FOR_CES_DISTANCE': False,
  'VALIDATE_CONDITIONAL_INDEPENDENCE': True,
  'VALIDATE_SUBSYSTEM_STATES': True,
  'WELCOME_OFF': False}
2026-05-16 04:38:07,420 [pyphi.conf] INFO Process-50: PyPhi v1.2.0
2026-05-16 04:38:07,420 [pyphi.conf] INFO Process-50: Using default configuration (no configuration file provided)
2026-05-16 04:38:07,421 [pyphi.conf] INFO Process-50: Current PyPhi configuration:
 { 'ASSUME_CUTS_CANNOT_CREATE_NEW_CONCEPTS': False,
  'CACHE_POTENTIAL_PURVIEWS': True,
  'CACHE_REPERTOIRES': True,
  'CACHE_SIAS': False,
  'CACHING_BACKEND': 'fs',
  'CLEAR_SUBSYSTEM_CACHES_AFTER_COMPUTING_SIA': False,
  'CUT_ONE_APPROXIMATION': False,
  'FS_CACHE_DIRECTORY': '__pyphi_cache__',
  'FS_CACHE_VERBOSITY': 0,
  'LOG_FILE': 'pyphi.log',
  'LOG_FILE_LEVEL': 'INFO',
  'LOG_STDOUT_LEVEL': 'WARNING',
  'MAXIMUM_CACHE_MEMORY_PERCENTAGE': 50,
  'MEASURE': 'EMD',
  'MONGODB_CONFIG': { 'collection_name': 'cache',
                      'database_name': 'pyphi',
                      'host': 'localhost',
                      'port': 27017},
  'NUMBER_OF_CORES': -1,
  'PARALLEL_COMPLEX_EVALUATION': False,
  'PARALLEL_CONCEPT_EVALUATION': False,
  'PARALLEL_CUT_EVALUATION': True,
  'PARTITION_TYPE': 'BI',
  'PICK_SMALLEST_PURVIEW': False,
  'PRECISION': 6,
  'PRINT_FRACTIONS': True,
  'PROGRESS_BARS': True,
  'REDIS_CACHE': False,
  'REDIS_CONFIG': {'db': 0, 'host': 'localhost', 'port': 6379, 'test_db': 1},
  'REPR_VERBOSITY': 2,
  'SINGLE_MICRO_NODES_WITH_SELFLOOPS_HAVE_PHI': False,
  'SYSTEM_CUTS': '3.0_STYLE',
  'USE_SMALL_PHI_DIFFERENCE_FOR_CES_DISTANCE': False,
  'VALIDATE_CONDITIONAL_INDEPENDENCE': True,
  'VALIDATE_SUBSYSTEM_STATES': True,
  'WELCOME_OFF': False}
2026-05-16 04:38:17,181 [pyphi.compute.subsystem] INFO MainProcess: Finished calculating big-phi data for Subsystem(a0, a1, a2, C).
2026-05-16 04:38:17,182 [pyphi.compute.subsystem] INFO MainProcess: Calculating big-phi data for Subsystem(a0, C)...
2026-05-16 04:38:17,522 [pyphi.conf] INFO Process-51: PyPhi v1.2.0
2026-05-16 04:38:17,522 [pyphi.conf] INFO Process-51: Using default configuration (no configuration file provided)
2026-05-16 04:38:17,522 [pyphi.conf] INFO Process-51: Current PyPhi configuration:
 { 'ASSUME_CUTS_CANNOT_CREATE_NEW_CONCEPTS': False,
  'CACHE_POTENTIAL_PURVIEWS': True,
  'CACHE_REPERTOIRES': True,
  'CACHE_SIAS': False,
  'CACHING_BACKEND': 'fs',
  'CLEAR_SUBSYSTEM_CACHES_AFTER_COMPUTING_SIA': False,
  'CUT_ONE_APPROXIMATION': False,
  'FS_CACHE_DIRECTORY': '__pyphi_cache__',
  'FS_CACHE_VERBOSITY': 0,
  'LOG_FILE': 'pyphi.log',
  'LOG_FILE_LEVEL': 'INFO',
  'LOG_STDOUT_LEVEL': 'WARNING',
  'MAXIMUM_CACHE_MEMORY_PERCENTAGE': 50,
  'MEASURE': 'EMD',
  'MONGODB_CONFIG': { 'collection_name': 'cache',
                      'database_name': 'pyphi',
                      'host': 'localhost',
                      'port': 27017},
  'NUMBER_OF_CORES': -1,
  'PARALLEL_COMPLEX_EVALUATION': False,
  'PARALLEL_CONCEPT_EVALUATION': False,
  'PARALLEL_CUT_EVALUATION': True,
  'PARTITION_TYPE': 'BI',
  'PICK_SMALLEST_PURVIEW': False,
  'PRECISION': 6,
  'PRINT_FRACTIONS': True,
  'PROGRESS_BARS': True,
  'REDIS_CACHE': False,
  'REDIS_CONFIG': {'db': 0, 'host': 'localhost', 'port': 6379, 'test_db': 1},
  'REPR_VERBOSITY': 2,
  'SINGLE_MICRO_NODES_WITH_SELFLOOPS_HAVE_PHI': False,
  'SYSTEM_CUTS': '3.0_STYLE',
  'USE_SMALL_PHI_DIFFERENCE_FOR_CES_DISTANCE': False,
  'VALIDATE_CONDITIONAL_INDEPENDENCE': True,
  'VALIDATE_SUBSYSTEM_STATES': True,
  'WELCOME_OFF': False}
2026-05-16 04:38:24,190 [pyphi.conf] INFO Process-52: PyPhi v1.2.0
2026-05-16 04:38:24,190 [pyphi.conf] INFO Process-52: Using default configuration (no configuration file provided)
2026-05-16 04:38:24,190 [pyphi.conf] INFO Process-52: Current PyPhi configuration:
 { 'ASSUME_CUTS_CANNOT_CREATE_NEW_CONCEPTS': False,
  'CACHE_POTENTIAL_PURVIEWS': True,
  'CACHE_REPERTOIRES': True,
  'CACHE_SIAS': False,
  'CACHING_BACKEND': 'fs',
  'CLEAR_SUBSYSTEM_CACHES_AFTER_COMPUTING_SIA': False,
  'CUT_ONE_APPROXIMATION': False,
  'FS_CACHE_DIRECTORY': '__pyphi_cache__',
  'FS_CACHE_VERBOSITY': 0,
  'LOG_FILE': 'pyphi.log',
  'LOG_FILE_LEVEL': 'INFO',
  'LOG_STDOUT_LEVEL': 'WARNING',
  'MAXIMUM_CACHE_MEMORY_PERCENTAGE': 50,
  'MEASURE': 'EMD',
  'MONGODB_CONFIG': { 'collection_name': 'cache',
                      'database_name': 'pyphi',
                      'host': 'localhost',
                      'port': 27017},
  'NUMBER_OF_CORES': -1,
  'PARALLEL_COMPLEX_EVALUATION': False,
  'PARALLEL_CONCEPT_EVALUATION': False,
  'PARALLEL_CUT_EVALUATION': True,
  'PARTITION_TYPE': 'BI',
  'PICK_SMALLEST_PURVIEW': False,
  'PRECISION': 6,
  'PRINT_FRACTIONS': True,
  'PROGRESS_BARS': True,
  'REDIS_CACHE': False,
  'REDIS_CONFIG': {'db': 0, 'host': 'localhost', 'port': 6379, 'test_db': 1},
  'REPR_VERBOSITY': 2,
  'SINGLE_MICRO_NODES_WITH_SELFLOOPS_HAVE_PHI': False,
  'SYSTEM_CUTS': '3.0_STYLE',
  'USE_SMALL_PHI_DIFFERENCE_FOR_CES_DISTANCE': False,
  'VALIDATE_CONDITIONAL_INDEPENDENCE': True,
  'VALIDATE_SUBSYSTEM_STATES': True,
  'WELCOME_OFF': False}
2026-05-16 04:38:30,294 [pyphi.compute.subsystem] INFO MainProcess: Finished calculating big-phi data for Subsystem(a0, C).
2026-05-16 04:38:30,296 [pyphi.compute.subsystem] INFO MainProcess: Calculating big-phi data for Subsystem(a0, a1, a2, C)...
2026-05-16 04:38:30,591 [pyphi.conf] INFO Process-53: PyPhi v1.2.0
2026-05-16 04:38:30,591 [pyphi.conf] INFO Process-53: Using default configuration (no configuration file provided)
2026-05-16 04:38:30,592 [pyphi.conf] INFO Process-53: Current PyPhi configuration:
 { 'ASSUME_CUTS_CANNOT_CREATE_NEW_CONCEPTS': False,
  'CACHE_POTENTIAL_PURVIEWS': True,
  'CACHE_REPERTOIRES': True,
  'CACHE_SIAS': False,
  'CACHING_BACKEND': 'fs',
  'CLEAR_SUBSYSTEM_CACHES_AFTER_COMPUTING_SIA': False,
  'CUT_ONE_APPROXIMATION': False,
  'FS_CACHE_DIRECTORY': '__pyphi_cache__',
  'FS_CACHE_VERBOSITY': 0,
  'LOG_FILE': 'pyphi.log',
  'LOG_FILE_LEVEL': 'INFO',
  'LOG_STDOUT_LEVEL': 'WARNING',
  'MAXIMUM_CACHE_MEMORY_PERCENTAGE': 50,
  'MEASURE': 'EMD',
  'MONGODB_CONFIG': { 'collection_name': 'cache',
                      'database_name': 'pyphi',
                      'host': 'localhost',
                      'port': 27017},
  'NUMBER_OF_CORES': -1,
  'PARALLEL_COMPLEX_EVALUATION': False,
  'PARALLEL_CONCEPT_EVALUATION': False,
  'PARALLEL_CUT_EVALUATION': True,
  'PARTITION_TYPE': 'BI',
  'PICK_SMALLEST_PURVIEW': False,
  'PRECISION': 6,
  'PRINT_FRACTIONS': True,
  'PROGRESS_BARS': True,
  'REDIS_CACHE': False,
  'REDIS_CONFIG': {'db': 0, 'host': 'localhost', 'port': 6379, 'test_db': 1},
  'REPR_VERBOSITY': 2,
  'SINGLE_MICRO_NODES_WITH_SELFLOOPS_HAVE_PHI': False,
  'SYSTEM_CUTS': '3.0_STYLE',
  'USE_SMALL_PHI_DIFFERENCE_FOR_CES_DISTANCE': False,
  'VALIDATE_CONDITIONAL_INDEPENDENCE': True,
  'VALIDATE_SUBSYSTEM_STATES': True,
  'WELCOME_OFF': False}
2026-05-16 04:38:37,308 [pyphi.conf] INFO Process-54: PyPhi v1.2.0
2026-05-16 04:38:37,308 [pyphi.conf] INFO Process-54: Using default configuration (no configuration file provided)
2026-05-16 04:38:37,309 [pyphi.conf] INFO Process-54: Current PyPhi configuration:
 { 'ASSUME_CUTS_CANNOT_CREATE_NEW_CONCEPTS': False,
  'CACHE_POTENTIAL_PURVIEWS': True,
  'CACHE_REPERTOIRES': True,
  'CACHE_SIAS': False,
  'CACHING_BACKEND': 'fs',
  'CLEAR_SUBSYSTEM_CACHES_AFTER_COMPUTING_SIA': False,
  'CUT_ONE_APPROXIMATION': False,
  'FS_CACHE_DIRECTORY': '__pyphi_cache__',
  'FS_CACHE_VERBOSITY': 0,
  'LOG_FILE': 'pyphi.log',
  'LOG_FILE_LEVEL': 'INFO',
  'LOG_STDOUT_LEVEL': 'WARNING',
  'MAXIMUM_CACHE_MEMORY_PERCENTAGE': 50,
  'MEASURE': 'EMD',
  'MONGODB_CONFIG': { 'collection_name': 'cache',
                      'database_name': 'pyphi',
                      'host': 'localhost',
                      'port': 27017},
  'NUMBER_OF_CORES': -1,
  'PARALLEL_COMPLEX_EVALUATION': False,
  'PARALLEL_CONCEPT_EVALUATION': False,
  'PARALLEL_CUT_EVALUATION': True,
  'PARTITION_TYPE': 'BI',
  'PICK_SMALLEST_PURVIEW': False,
  'PRECISION': 6,
  'PRINT_FRACTIONS': True,
  'PROGRESS_BARS': True,
  'REDIS_CACHE': False,
  'REDIS_CONFIG': {'db': 0, 'host': 'localhost', 'port': 6379, 'test_db': 1},
  'REPR_VERBOSITY': 2,
  'SINGLE_MICRO_NODES_WITH_SELFLOOPS_HAVE_PHI': False,
  'SYSTEM_CUTS': '3.0_STYLE',
  'USE_SMALL_PHI_DIFFERENCE_FOR_CES_DISTANCE': False,
  'VALIDATE_CONDITIONAL_INDEPENDENCE': True,
  'VALIDATE_SUBSYSTEM_STATES': True,
  'WELCOME_OFF': False}
2026-05-16 04:38:47,073 [pyphi.compute.subsystem] INFO MainProcess: Finished calculating big-phi data for Subsystem(a0, a1, a2, C).
2026-05-16 04:38:47,076 [pyphi.compute.subsystem] INFO MainProcess: Calculating big-phi data for Subsystem(a0, C)...
2026-05-16 04:38:47,405 [pyphi.conf] INFO Process-55: PyPhi v1.2.0
2026-05-16 04:38:47,406 [pyphi.conf] INFO Process-55: Using default configuration (no configuration file provided)
2026-05-16 04:38:47,406 [pyphi.conf] INFO Process-55: Current PyPhi configuration:
 { 'ASSUME_CUTS_CANNOT_CREATE_NEW_CONCEPTS': False,
  'CACHE_POTENTIAL_PURVIEWS': True,
  'CACHE_REPERTOIRES': True,
  'CACHE_SIAS': False,
  'CACHING_BACKEND': 'fs',
  'CLEAR_SUBSYSTEM_CACHES_AFTER_COMPUTING_SIA': False,
  'CUT_ONE_APPROXIMATION': False,
  'FS_CACHE_DIRECTORY': '__pyphi_cache__',
  'FS_CACHE_VERBOSITY': 0,
  'LOG_FILE': 'pyphi.log',
  'LOG_FILE_LEVEL': 'INFO',
  'LOG_STDOUT_LEVEL': 'WARNING',
  'MAXIMUM_CACHE_MEMORY_PERCENTAGE': 50,
  'MEASURE': 'EMD',
  'MONGODB_CONFIG': { 'collection_name': 'cache',
                      'database_name': 'pyphi',
                      'host': 'localhost',
                      'port': 27017},
  'NUMBER_OF_CORES': -1,
  'PARALLEL_COMPLEX_EVALUATION': False,
  'PARALLEL_CONCEPT_EVALUATION': False,
  'PARALLEL_CUT_EVALUATION': True,
  'PARTITION_TYPE': 'BI',
  'PICK_SMALLEST_PURVIEW': False,
  'PRECISION': 6,
  'PRINT_FRACTIONS': True,
  'PROGRESS_BARS': True,
  'REDIS_CACHE': False,
  'REDIS_CONFIG': {'db': 0, 'host': 'localhost', 'port': 6379, 'test_db': 1},
  'REPR_VERBOSITY': 2,
  'SINGLE_MICRO_NODES_WITH_SELFLOOPS_HAVE_PHI': False,
  'SYSTEM_CUTS': '3.0_STYLE',
  'USE_SMALL_PHI_DIFFERENCE_FOR_CES_DISTANCE': False,
  'VALIDATE_CONDITIONAL_INDEPENDENCE': True,
  'VALIDATE_SUBSYSTEM_STATES': True,
  'WELCOME_OFF': False}
2026-05-16 04:38:53,964 [pyphi.conf] INFO Process-56: PyPhi v1.2.0
2026-05-16 04:38:53,965 [pyphi.conf] INFO Process-56: Using default configuration (no configuration file provided)
2026-05-16 04:38:53,965 [pyphi.conf] INFO Process-56: Current PyPhi configuration:
 { 'ASSUME_CUTS_CANNOT_CREATE_NEW_CONCEPTS': False,
  'CACHE_POTENTIAL_PURVIEWS': True,
  'CACHE_REPERTOIRES': True,
  'CACHE_SIAS': False,
  'CACHING_BACKEND': 'fs',
  'CLEAR_SUBSYSTEM_CACHES_AFTER_COMPUTING_SIA': False,
  'CUT_ONE_APPROXIMATION': False,
  'FS_CACHE_DIRECTORY': '__pyphi_cache__',
  'FS_CACHE_VERBOSITY': 0,
  'LOG_FILE': 'pyphi.log',
  'LOG_FILE_LEVEL': 'INFO',
  'LOG_STDOUT_LEVEL': 'WARNING',
  'MAXIMUM_CACHE_MEMORY_PERCENTAGE': 50,
  'MEASURE': 'EMD',
  'MONGODB_CONFIG': { 'collection_name': 'cache',
                      'database_name': 'pyphi',
                      'host': 'localhost',
                      'port': 27017},
  'NUMBER_OF_CORES': -1,
  'PARALLEL_COMPLEX_EVALUATION': False,
  'PARALLEL_CONCEPT_EVALUATION': False,
  'PARALLEL_CUT_EVALUATION': True,
  'PARTITION_TYPE': 'BI',
  'PICK_SMALLEST_PURVIEW': False,
  'PRECISION': 6,
  'PRINT_FRACTIONS': True,
  'PROGRESS_BARS': True,
  'REDIS_CACHE': False,
  'REDIS_CONFIG': {'db': 0, 'host': 'localhost', 'port': 6379, 'test_db': 1},
  'REPR_VERBOSITY': 2,
  'SINGLE_MICRO_NODES_WITH_SELFLOOPS_HAVE_PHI': False,
  'SYSTEM_CUTS': '3.0_STYLE',
  'USE_SMALL_PHI_DIFFERENCE_FOR_CES_DISTANCE': False,
  'VALIDATE_CONDITIONAL_INDEPENDENCE': True,
  'VALIDATE_SUBSYSTEM_STATES': True,
  'WELCOME_OFF': False}
2026-05-16 04:39:00,370 [pyphi.compute.subsystem] INFO MainProcess: Finished calculating big-phi data for Subsystem(a0, C).
2026-05-16 04:39:00,371 [pyphi.compute.subsystem] INFO MainProcess: Calculating big-phi data for Subsystem(a0, a1, a2, C)...
2026-05-16 04:39:00,731 [pyphi.conf] INFO Process-57: PyPhi v1.2.0
2026-05-16 04:39:00,731 [pyphi.conf] INFO Process-57: Using default configuration (no configuration file provided)
2026-05-16 04:39:00,731 [pyphi.conf] INFO Process-57: Current PyPhi configuration:
 { 'ASSUME_CUTS_CANNOT_CREATE_NEW_CONCEPTS': False,
  'CACHE_POTENTIAL_PURVIEWS': True,
  'CACHE_REPERTOIRES': True,
  'CACHE_SIAS': False,
  'CACHING_BACKEND': 'fs',
  'CLEAR_SUBSYSTEM_CACHES_AFTER_COMPUTING_SIA': False,
  'CUT_ONE_APPROXIMATION': False,
  'FS_CACHE_DIRECTORY': '__pyphi_cache__',
  'FS_CACHE_VERBOSITY': 0,
  'LOG_FILE': 'pyphi.log',
  'LOG_FILE_LEVEL': 'INFO',
  'LOG_STDOUT_LEVEL': 'WARNING',
  'MAXIMUM_CACHE_MEMORY_PERCENTAGE': 50,
  'MEASURE': 'EMD',
  'MONGODB_CONFIG': { 'collection_name': 'cache',
                      'database_name': 'pyphi',
                      'host': 'localhost',
                      'port': 27017},
  'NUMBER_OF_CORES': -1,
  'PARALLEL_COMPLEX_EVALUATION': False,
  'PARALLEL_CONCEPT_EVALUATION': False,
  'PARALLEL_CUT_EVALUATION': True,
  'PARTITION_TYPE': 'BI',
  'PICK_SMALLEST_PURVIEW': False,
  'PRECISION': 6,
  'PRINT_FRACTIONS': True,
  'PROGRESS_BARS': True,
  'REDIS_CACHE': False,
  'REDIS_CONFIG': {'db': 0, 'host': 'localhost', 'port': 6379, 'test_db': 1},
  'REPR_VERBOSITY': 2,
  'SINGLE_MICRO_NODES_WITH_SELFLOOPS_HAVE_PHI': False,
  'SYSTEM_CUTS': '3.0_STYLE',
  'USE_SMALL_PHI_DIFFERENCE_FOR_CES_DISTANCE': False,
  'VALIDATE_CONDITIONAL_INDEPENDENCE': True,
  'VALIDATE_SUBSYSTEM_STATES': True,
  'WELCOME_OFF': False}
2026-05-16 04:39:07,727 [pyphi.conf] INFO Process-58: PyPhi v1.2.0
2026-05-16 04:39:07,727 [pyphi.conf] INFO Process-58: Using default configuration (no configuration file provided)
2026-05-16 04:39:07,728 [pyphi.conf] INFO Process-58: Current PyPhi configuration:
 { 'ASSUME_CUTS_CANNOT_CREATE_NEW_CONCEPTS': False,
  'CACHE_POTENTIAL_PURVIEWS': True,
  'CACHE_REPERTOIRES': True,
  'CACHE_SIAS': False,
  'CACHING_BACKEND': 'fs',
  'CLEAR_SUBSYSTEM_CACHES_AFTER_COMPUTING_SIA': False,
  'CUT_ONE_APPROXIMATION': False,
  'FS_CACHE_DIRECTORY': '__pyphi_cache__',
  'FS_CACHE_VERBOSITY': 0,
  'LOG_FILE': 'pyphi.log',
  'LOG_FILE_LEVEL': 'INFO',
  'LOG_STDOUT_LEVEL': 'WARNING',
  'MAXIMUM_CACHE_MEMORY_PERCENTAGE': 50,
  'MEASURE': 'EMD',
  'MONGODB_CONFIG': { 'collection_name': 'cache',
                      'database_name': 'pyphi',
                      'host': 'localhost',
                      'port': 27017},
  'NUMBER_OF_CORES': -1,
  'PARALLEL_COMPLEX_EVALUATION': False,
  'PARALLEL_CONCEPT_EVALUATION': False,
  'PARALLEL_CUT_EVALUATION': True,
  'PARTITION_TYPE': 'BI',
  'PICK_SMALLEST_PURVIEW': False,
  'PRECISION': 6,
  'PRINT_FRACTIONS': True,
  'PROGRESS_BARS': True,
  'REDIS_CACHE': False,
  'REDIS_CONFIG': {'db': 0, 'host': 'localhost', 'port': 6379, 'test_db': 1},
  'REPR_VERBOSITY': 2,
  'SINGLE_MICRO_NODES_WITH_SELFLOOPS_HAVE_PHI': False,
  'SYSTEM_CUTS': '3.0_STYLE',
  'USE_SMALL_PHI_DIFFERENCE_FOR_CES_DISTANCE': False,
  'VALIDATE_CONDITIONAL_INDEPENDENCE': True,
  'VALIDATE_SUBSYSTEM_STATES': True,
  'WELCOME_OFF': False}
2026-05-16 04:39:16,867 [pyphi.compute.subsystem] INFO MainProcess: Finished calculating big-phi data for Subsystem(a0, a1, a2, C).
2026-05-16 04:39:16,869 [pyphi.compute.subsystem] INFO MainProcess: Calculating big-phi data for Subsystem(a0, C)...
2026-05-16 04:39:17,249 [pyphi.conf] INFO Process-59: PyPhi v1.2.0
2026-05-16 04:39:17,249 [pyphi.conf] INFO Process-59: Using default configuration (no configuration file provided)
2026-05-16 04:39:17,250 [pyphi.conf] INFO Process-59: Current PyPhi configuration:
 { 'ASSUME_CUTS_CANNOT_CREATE_NEW_CONCEPTS': False,
  'CACHE_POTENTIAL_PURVIEWS': True,
  'CACHE_REPERTOIRES': True,
  'CACHE_SIAS': False,
  'CACHING_BACKEND': 'fs',
  'CLEAR_SUBSYSTEM_CACHES_AFTER_COMPUTING_SIA': False,
  'CUT_ONE_APPROXIMATION': False,
  'FS_CACHE_DIRECTORY': '__pyphi_cache__',
  'FS_CACHE_VERBOSITY': 0,
  'LOG_FILE': 'pyphi.log',
  'LOG_FILE_LEVEL': 'INFO',
  'LOG_STDOUT_LEVEL': 'WARNING',
  'MAXIMUM_CACHE_MEMORY_PERCENTAGE': 50,
  'MEASURE': 'EMD',
  'MONGODB_CONFIG': { 'collection_name': 'cache',
                      'database_name': 'pyphi',
                      'host': 'localhost',
                      'port': 27017},
  'NUMBER_OF_CORES': -1,
  'PARALLEL_COMPLEX_EVALUATION': False,
  'PARALLEL_CONCEPT_EVALUATION': False,
  'PARALLEL_CUT_EVALUATION': True,
  'PARTITION_TYPE': 'BI',
  'PICK_SMALLEST_PURVIEW': False,
  'PRECISION': 6,
  'PRINT_FRACTIONS': True,
  'PROGRESS_BARS': True,
  'REDIS_CACHE': False,
  'REDIS_CONFIG': {'db': 0, 'host': 'localhost', 'port': 6379, 'test_db': 1},
  'REPR_VERBOSITY': 2,
  'SINGLE_MICRO_NODES_WITH_SELFLOOPS_HAVE_PHI': False,
  'SYSTEM_CUTS': '3.0_STYLE',
  'USE_SMALL_PHI_DIFFERENCE_FOR_CES_DISTANCE': False,
  'VALIDATE_CONDITIONAL_INDEPENDENCE': True,
  'VALIDATE_SUBSYSTEM_STATES': True,
  'WELCOME_OFF': False}
2026-05-16 04:39:24,542 [pyphi.conf] INFO Process-60: PyPhi v1.2.0
2026-05-16 04:39:24,543 [pyphi.conf] INFO Process-60: Using default configuration (no configuration file provided)
2026-05-16 04:39:24,543 [pyphi.conf] INFO Process-60: Current PyPhi configuration:
 { 'ASSUME_CUTS_CANNOT_CREATE_NEW_CONCEPTS': False,
  'CACHE_POTENTIAL_PURVIEWS': True,
  'CACHE_REPERTOIRES': True,
  'CACHE_SIAS': False,
  'CACHING_BACKEND': 'fs',
  'CLEAR_SUBSYSTEM_CACHES_AFTER_COMPUTING_SIA': False,
  'CUT_ONE_APPROXIMATION': False,
  'FS_CACHE_DIRECTORY': '__pyphi_cache__',
  'FS_CACHE_VERBOSITY': 0,
  'LOG_FILE': 'pyphi.log',
  'LOG_FILE_LEVEL': 'INFO',
  'LOG_STDOUT_LEVEL': 'WARNING',
  'MAXIMUM_CACHE_MEMORY_PERCENTAGE': 50,
  'MEASURE': 'EMD',
  'MONGODB_CONFIG': { 'collection_name': 'cache',
                      'database_name': 'pyphi',
                      'host': 'localhost',
                      'port': 27017},
  'NUMBER_OF_CORES': -1,
  'PARALLEL_COMPLEX_EVALUATION': False,
  'PARALLEL_CONCEPT_EVALUATION': False,
  'PARALLEL_CUT_EVALUATION': True,
  'PARTITION_TYPE': 'BI',
  'PICK_SMALLEST_PURVIEW': False,
  'PRECISION': 6,
  'PRINT_FRACTIONS': True,
  'PROGRESS_BARS': True,
  'REDIS_CACHE': False,
  'REDIS_CONFIG': {'db': 0, 'host': 'localhost', 'port': 6379, 'test_db': 1},
  'REPR_VERBOSITY': 2,
  'SINGLE_MICRO_NODES_WITH_SELFLOOPS_HAVE_PHI': False,
  'SYSTEM_CUTS': '3.0_STYLE',
  'USE_SMALL_PHI_DIFFERENCE_FOR_CES_DISTANCE': False,
  'VALIDATE_CONDITIONAL_INDEPENDENCE': True,
  'VALIDATE_SUBSYSTEM_STATES': True,
  'WELCOME_OFF': False}
2026-05-16 04:39:30,730 [pyphi.compute.subsystem] INFO MainProcess: Finished calculating big-phi data for Subsystem(a0, C).
2026-05-16 04:39:30,732 [pyphi.compute.subsystem] INFO MainProcess: Calculating big-phi data for Subsystem(a0, C)...
2026-05-16 04:39:31,088 [pyphi.conf] INFO Process-61: PyPhi v1.2.0
2026-05-16 04:39:31,089 [pyphi.conf] INFO Process-61: Using default configuration (no configuration file provided)
2026-05-16 04:39:31,089 [pyphi.conf] INFO Process-61: Current PyPhi configuration:
 { 'ASSUME_CUTS_CANNOT_CREATE_NEW_CONCEPTS': False,
  'CACHE_POTENTIAL_PURVIEWS': True,
  'CACHE_REPERTOIRES': True,
  'CACHE_SIAS': False,
  'CACHING_BACKEND': 'fs',
  'CLEAR_SUBSYSTEM_CACHES_AFTER_COMPUTING_SIA': False,
  'CUT_ONE_APPROXIMATION': False,
  'FS_CACHE_DIRECTORY': '__pyphi_cache__',
  'FS_CACHE_VERBOSITY': 0,
  'LOG_FILE': 'pyphi.log',
  'LOG_FILE_LEVEL': 'INFO',
  'LOG_STDOUT_LEVEL': 'WARNING',
  'MAXIMUM_CACHE_MEMORY_PERCENTAGE': 50,
  'MEASURE': 'EMD',
  'MONGODB_CONFIG': { 'collection_name': 'cache',
                      'database_name': 'pyphi',
                      'host': 'localhost',
                      'port': 27017},
  'NUMBER_OF_CORES': -1,
  'PARALLEL_COMPLEX_EVALUATION': False,
  'PARALLEL_CONCEPT_EVALUATION': False,
  'PARALLEL_CUT_EVALUATION': True,
  'PARTITION_TYPE': 'BI',
  'PICK_SMALLEST_PURVIEW': False,
  'PRECISION': 6,
  'PRINT_FRACTIONS': True,
  'PROGRESS_BARS': True,
  'REDIS_CACHE': False,
  'REDIS_CONFIG': {'db': 0, 'host': 'localhost', 'port': 6379, 'test_db': 1},
  'REPR_VERBOSITY': 2,
  'SINGLE_MICRO_NODES_WITH_SELFLOOPS_HAVE_PHI': False,
  'SYSTEM_CUTS': '3.0_STYLE',
  'USE_SMALL_PHI_DIFFERENCE_FOR_CES_DISTANCE': False,
  'VALIDATE_CONDITIONAL_INDEPENDENCE': True,
  'VALIDATE_SUBSYSTEM_STATES': True,
  'WELCOME_OFF': False}
2026-05-16 04:39:37,264 [pyphi.conf] INFO Process-62: PyPhi v1.2.0
2026-05-16 04:39:37,264 [pyphi.conf] INFO Process-62: Using default configuration (no configuration file provided)
2026-05-16 04:39:37,265 [pyphi.conf] INFO Process-62: Current PyPhi configuration:
 { 'ASSUME_CUTS_CANNOT_CREATE_NEW_CONCEPTS': False,
  'CACHE_POTENTIAL_PURVIEWS': True,
  'CACHE_REPERTOIRES': True,
  'CACHE_SIAS': False,
  'CACHING_BACKEND': 'fs',
  'CLEAR_SUBSYSTEM_CACHES_AFTER_COMPUTING_SIA': False,
  'CUT_ONE_APPROXIMATION': False,
  'FS_CACHE_DIRECTORY': '__pyphi_cache__',
  'FS_CACHE_VERBOSITY': 0,
  'LOG_FILE': 'pyphi.log',
  'LOG_FILE_LEVEL': 'INFO',
  'LOG_STDOUT_LEVEL': 'WARNING',
  'MAXIMUM_CACHE_MEMORY_PERCENTAGE': 50,
  'MEASURE': 'EMD',
  'MONGODB_CONFIG': { 'collection_name': 'cache',
                      'database_name': 'pyphi',
                      'host': 'localhost',
                      'port': 27017},
  'NUMBER_OF_CORES': -1,
  'PARALLEL_COMPLEX_EVALUATION': False,
  'PARALLEL_CONCEPT_EVALUATION': False,
  'PARALLEL_CUT_EVALUATION': True,
  'PARTITION_TYPE': 'BI',
  'PICK_SMALLEST_PURVIEW': False,
  'PRECISION': 6,
  'PRINT_FRACTIONS': True,
  'PROGRESS_BARS': True,
  'REDIS_CACHE': False,
  'REDIS_CONFIG': {'db': 0, 'host': 'localhost', 'port': 6379, 'test_db': 1},
  'REPR_VERBOSITY': 2,
  'SINGLE_MICRO_NODES_WITH_SELFLOOPS_HAVE_PHI': False,
  'SYSTEM_CUTS': '3.0_STYLE',
  'USE_SMALL_PHI_DIFFERENCE_FOR_CES_DISTANCE': False,
  'VALIDATE_CONDITIONAL_INDEPENDENCE': True,
  'VALIDATE_SUBSYSTEM_STATES': True,
  'WELCOME_OFF': False}
2026-05-16 04:39:43,972 [pyphi.compute.subsystem] INFO MainProcess: Finished calculating big-phi data for Subsystem(a0, C).
2026-05-16 04:39:43,974 [pyphi.compute.subsystem] INFO MainProcess: Calculating big-phi data for Subsystem(a0, a1, a2, C)...
2026-05-16 04:39:44,344 [pyphi.conf] INFO Process-63: PyPhi v1.2.0
2026-05-16 04:39:44,344 [pyphi.conf] INFO Process-63: Using default configuration (no configuration file provided)
2026-05-16 04:39:44,344 [pyphi.conf] INFO Process-63: Current PyPhi configuration:
 { 'ASSUME_CUTS_CANNOT_CREATE_NEW_CONCEPTS': False,
  'CACHE_POTENTIAL_PURVIEWS': True,
  'CACHE_REPERTOIRES': True,
  'CACHE_SIAS': False,
  'CACHING_BACKEND': 'fs',
  'CLEAR_SUBSYSTEM_CACHES_AFTER_COMPUTING_SIA': False,
  'CUT_ONE_APPROXIMATION': False,
  'FS_CACHE_DIRECTORY': '__pyphi_cache__',
  'FS_CACHE_VERBOSITY': 0,
  'LOG_FILE': 'pyphi.log',
  'LOG_FILE_LEVEL': 'INFO',
  'LOG_STDOUT_LEVEL': 'WARNING',
  'MAXIMUM_CACHE_MEMORY_PERCENTAGE': 50,
  'MEASURE': 'EMD',
  'MONGODB_CONFIG': { 'collection_name': 'cache',
                      'database_name': 'pyphi',
                      'host': 'localhost',
                      'port': 27017},
  'NUMBER_OF_CORES': -1,
  'PARALLEL_COMPLEX_EVALUATION': False,
  'PARALLEL_CONCEPT_EVALUATION': False,
  'PARALLEL_CUT_EVALUATION': True,
  'PARTITION_TYPE': 'BI',
  'PICK_SMALLEST_PURVIEW': False,
  'PRECISION': 6,
  'PRINT_FRACTIONS': True,
  'PROGRESS_BARS': True,
  'REDIS_CACHE': False,
  'REDIS_CONFIG': {'db': 0, 'host': 'localhost', 'port': 6379, 'test_db': 1},
  'REPR_VERBOSITY': 2,
  'SINGLE_MICRO_NODES_WITH_SELFLOOPS_HAVE_PHI': False,
  'SYSTEM_CUTS': '3.0_STYLE',
  'USE_SMALL_PHI_DIFFERENCE_FOR_CES_DISTANCE': False,
  'VALIDATE_CONDITIONAL_INDEPENDENCE': True,
  'VALIDATE_SUBSYSTEM_STATES': True,
  'WELCOME_OFF': False}
2026-05-16 04:39:51,561 [pyphi.conf] INFO Process-64: PyPhi v1.2.0
2026-05-16 04:39:51,561 [pyphi.conf] INFO Process-64: Using default configuration (no configuration file provided)
2026-05-16 04:39:51,562 [pyphi.conf] INFO Process-64: Current PyPhi configuration:
 { 'ASSUME_CUTS_CANNOT_CREATE_NEW_CONCEPTS': False,
  'CACHE_POTENTIAL_PURVIEWS': True,
  'CACHE_REPERTOIRES': True,
  'CACHE_SIAS': False,
  'CACHING_BACKEND': 'fs',
  'CLEAR_SUBSYSTEM_CACHES_AFTER_COMPUTING_SIA': False,
  'CUT_ONE_APPROXIMATION': False,
  'FS_CACHE_DIRECTORY': '__pyphi_cache__',
  'FS_CACHE_VERBOSITY': 0,
  'LOG_FILE': 'pyphi.log',
  'LOG_FILE_LEVEL': 'INFO',
  'LOG_STDOUT_LEVEL': 'WARNING',
  'MAXIMUM_CACHE_MEMORY_PERCENTAGE': 50,
  'MEASURE': 'EMD',
  'MONGODB_CONFIG': { 'collection_name': 'cache',
                      'database_name': 'pyphi',
                      'host': 'localhost',
                      'port': 27017},
  'NUMBER_OF_CORES': -1,
  'PARALLEL_COMPLEX_EVALUATION': False,
  'PARALLEL_CONCEPT_EVALUATION': False,
  'PARALLEL_CUT_EVALUATION': True,
  'PARTITION_TYPE': 'BI',
  'PICK_SMALLEST_PURVIEW': False,
  'PRECISION': 6,
  'PRINT_FRACTIONS': True,
  'PROGRESS_BARS': True,
  'REDIS_CACHE': False,
  'REDIS_CONFIG': {'db': 0, 'host': 'localhost', 'port': 6379, 'test_db': 1},
  'REPR_VERBOSITY': 2,
  'SINGLE_MICRO_NODES_WITH_SELFLOOPS_HAVE_PHI': False,
  'SYSTEM_CUTS': '3.0_STYLE',
  'USE_SMALL_PHI_DIFFERENCE_FOR_CES_DISTANCE': False,
  'VALIDATE_CONDITIONAL_INDEPENDENCE': True,
  'VALIDATE_SUBSYSTEM_STATES': True,
  'WELCOME_OFF': False}
2026-05-16 04:40:00,244 [pyphi.compute.subsystem] INFO MainProcess: Finished calculating big-phi data for Subsystem(a0, a1, a2, C).
2026-05-16 04:40:00,246 [pyphi.compute.subsystem] INFO MainProcess: Calculating big-phi data for Subsystem(a0, C)...
2026-05-16 04:40:00,649 [pyphi.conf] INFO Process-65: PyPhi v1.2.0
2026-05-16 04:40:00,649 [pyphi.conf] INFO Process-65: Using default configuration (no configuration file provided)
2026-05-16 04:40:00,650 [pyphi.conf] INFO Process-65: Current PyPhi configuration:
 { 'ASSUME_CUTS_CANNOT_CREATE_NEW_CONCEPTS': False,
  'CACHE_POTENTIAL_PURVIEWS': True,
  'CACHE_REPERTOIRES': True,
  'CACHE_SIAS': False,
  'CACHING_BACKEND': 'fs',
  'CLEAR_SUBSYSTEM_CACHES_AFTER_COMPUTING_SIA': False,
  'CUT_ONE_APPROXIMATION': False,
  'FS_CACHE_DIRECTORY': '__pyphi_cache__',
  'FS_CACHE_VERBOSITY': 0,
  'LOG_FILE': 'pyphi.log',
  'LOG_FILE_LEVEL': 'INFO',
  'LOG_STDOUT_LEVEL': 'WARNING',
  'MAXIMUM_CACHE_MEMORY_PERCENTAGE': 50,
  'MEASURE': 'EMD',
  'MONGODB_CONFIG': { 'collection_name': 'cache',
                      'database_name': 'pyphi',
                      'host': 'localhost',
                      'port': 27017},
  'NUMBER_OF_CORES': -1,
  'PARALLEL_COMPLEX_EVALUATION': False,
  'PARALLEL_CONCEPT_EVALUATION': False,
  'PARALLEL_CUT_EVALUATION': True,
  'PARTITION_TYPE': 'BI',
  'PICK_SMALLEST_PURVIEW': False,
  'PRECISION': 6,
  'PRINT_FRACTIONS': True,
  'PROGRESS_BARS': True,
  'REDIS_CACHE': False,
  'REDIS_CONFIG': {'db': 0, 'host': 'localhost', 'port': 6379, 'test_db': 1},
  'REPR_VERBOSITY': 2,
  'SINGLE_MICRO_NODES_WITH_SELFLOOPS_HAVE_PHI': False,
  'SYSTEM_CUTS': '3.0_STYLE',
  'USE_SMALL_PHI_DIFFERENCE_FOR_CES_DISTANCE': False,
  'VALIDATE_CONDITIONAL_INDEPENDENCE': True,
  'VALIDATE_SUBSYSTEM_STATES': True,
  'WELCOME_OFF': False}
2026-05-16 04:40:08,058 [pyphi.conf] INFO Process-66: PyPhi v1.2.0
2026-05-16 04:40:08,059 [pyphi.conf] INFO Process-66: Using default configuration (no configuration file provided)
2026-05-16 04:40:08,059 [pyphi.conf] INFO Process-66: Current PyPhi configuration:
 { 'ASSUME_CUTS_CANNOT_CREATE_NEW_CONCEPTS': False,
  'CACHE_POTENTIAL_PURVIEWS': True,
  'CACHE_REPERTOIRES': True,
  'CACHE_SIAS': False,
  'CACHING_BACKEND': 'fs',
  'CLEAR_SUBSYSTEM_CACHES_AFTER_COMPUTING_SIA': False,
  'CUT_ONE_APPROXIMATION': False,
  'FS_CACHE_DIRECTORY': '__pyphi_cache__',
  'FS_CACHE_VERBOSITY': 0,
  'LOG_FILE': 'pyphi.log',
  'LOG_FILE_LEVEL': 'INFO',
  'LOG_STDOUT_LEVEL': 'WARNING',
  'MAXIMUM_CACHE_MEMORY_PERCENTAGE': 50,
  'MEASURE': 'EMD',
  'MONGODB_CONFIG': { 'collection_name': 'cache',
                      'database_name': 'pyphi',
                      'host': 'localhost',
                      'port': 27017},
  'NUMBER_OF_CORES': -1,
  'PARALLEL_COMPLEX_EVALUATION': False,
  'PARALLEL_CONCEPT_EVALUATION': False,
  'PARALLEL_CUT_EVALUATION': True,
  'PARTITION_TYPE': 'BI',
  'PICK_SMALLEST_PURVIEW': False,
  'PRECISION': 6,
  'PRINT_FRACTIONS': True,
  'PROGRESS_BARS': True,
  'REDIS_CACHE': False,
  'REDIS_CONFIG': {'db': 0, 'host': 'localhost', 'port': 6379, 'test_db': 1},
  'REPR_VERBOSITY': 2,
  'SINGLE_MICRO_NODES_WITH_SELFLOOPS_HAVE_PHI': False,
  'SYSTEM_CUTS': '3.0_STYLE',
  'USE_SMALL_PHI_DIFFERENCE_FOR_CES_DISTANCE': False,
  'VALIDATE_CONDITIONAL_INDEPENDENCE': True,
  'VALIDATE_SUBSYSTEM_STATES': True,
  'WELCOME_OFF': False}
2026-05-16 04:40:14,736 [pyphi.compute.subsystem] INFO MainProcess: Finished calculating big-phi data for Subsystem(a0, C).
2026-05-16 04:40:14,738 [pyphi.compute.subsystem] INFO MainProcess: Calculating big-phi data for Subsystem(a0, a1, a2, C)...
2026-05-16 04:40:15,089 [pyphi.conf] INFO Process-67: PyPhi v1.2.0
2026-05-16 04:40:15,089 [pyphi.conf] INFO Process-67: Using default configuration (no configuration file provided)
2026-05-16 04:40:15,090 [pyphi.conf] INFO Process-67: Current PyPhi configuration:
 { 'ASSUME_CUTS_CANNOT_CREATE_NEW_CONCEPTS': False,
  'CACHE_POTENTIAL_PURVIEWS': True,
  'CACHE_REPERTOIRES': True,
  'CACHE_SIAS': False,
  'CACHING_BACKEND': 'fs',
  'CLEAR_SUBSYSTEM_CACHES_AFTER_COMPUTING_SIA': False,
  'CUT_ONE_APPROXIMATION': False,
  'FS_CACHE_DIRECTORY': '__pyphi_cache__',
  'FS_CACHE_VERBOSITY': 0,
  'LOG_FILE': 'pyphi.log',
  'LOG_FILE_LEVEL': 'INFO',
  'LOG_STDOUT_LEVEL': 'WARNING',
  'MAXIMUM_CACHE_MEMORY_PERCENTAGE': 50,
  'MEASURE': 'EMD',
  'MONGODB_CONFIG': { 'collection_name': 'cache',
                      'database_name': 'pyphi',
                      'host': 'localhost',
                      'port': 27017},
  'NUMBER_OF_CORES': -1,
  'PARALLEL_COMPLEX_EVALUATION': False,
  'PARALLEL_CONCEPT_EVALUATION': False,
  'PARALLEL_CUT_EVALUATION': True,
  'PARTITION_TYPE': 'BI',
  'PICK_SMALLEST_PURVIEW': False,
  'PRECISION': 6,
  'PRINT_FRACTIONS': True,
  'PROGRESS_BARS': True,
  'REDIS_CACHE': False,
  'REDIS_CONFIG': {'db': 0, 'host': 'localhost', 'port': 6379, 'test_db': 1},
  'REPR_VERBOSITY': 2,
  'SINGLE_MICRO_NODES_WITH_SELFLOOPS_HAVE_PHI': False,
  'SYSTEM_CUTS': '3.0_STYLE',
  'USE_SMALL_PHI_DIFFERENCE_FOR_CES_DISTANCE': False,
  'VALIDATE_CONDITIONAL_INDEPENDENCE': True,
  'VALIDATE_SUBSYSTEM_STATES': True,
  'WELCOME_OFF': False}
2026-05-16 04:40:23,010 [pyphi.conf] INFO Process-68: PyPhi v1.2.0
2026-05-16 04:40:23,010 [pyphi.conf] INFO Process-68: Using default configuration (no configuration file provided)
2026-05-16 04:40:23,011 [pyphi.conf] INFO Process-68: Current PyPhi configuration:
 { 'ASSUME_CUTS_CANNOT_CREATE_NEW_CONCEPTS': False,
  'CACHE_POTENTIAL_PURVIEWS': True,
  'CACHE_REPERTOIRES': True,
  'CACHE_SIAS': False,
  'CACHING_BACKEND': 'fs',
  'CLEAR_SUBSYSTEM_CACHES_AFTER_COMPUTING_SIA': False,
  'CUT_ONE_APPROXIMATION': False,
  'FS_CACHE_DIRECTORY': '__pyphi_cache__',
  'FS_CACHE_VERBOSITY': 0,
  'LOG_FILE': 'pyphi.log',
  'LOG_FILE_LEVEL': 'INFO',
  'LOG_STDOUT_LEVEL': 'WARNING',
  'MAXIMUM_CACHE_MEMORY_PERCENTAGE': 50,
  'MEASURE': 'EMD',
  'MONGODB_CONFIG': { 'collection_name': 'cache',
                      'database_name': 'pyphi',
                      'host': 'localhost',
                      'port': 27017},
  'NUMBER_OF_CORES': -1,
  'PARALLEL_COMPLEX_EVALUATION': False,
  'PARALLEL_CONCEPT_EVALUATION': False,
  'PARALLEL_CUT_EVALUATION': True,
  'PARTITION_TYPE': 'BI',
  'PICK_SMALLEST_PURVIEW': False,
  'PRECISION': 6,
  'PRINT_FRACTIONS': True,
  'PROGRESS_BARS': True,
  'REDIS_CACHE': False,
  'REDIS_CONFIG': {'db': 0, 'host': 'localhost', 'port': 6379, 'test_db': 1},
  'REPR_VERBOSITY': 2,
  'SINGLE_MICRO_NODES_WITH_SELFLOOPS_HAVE_PHI': False,
  'SYSTEM_CUTS': '3.0_STYLE',
  'USE_SMALL_PHI_DIFFERENCE_FOR_CES_DISTANCE': False,
  'VALIDATE_CONDITIONAL_INDEPENDENCE': True,
  'VALIDATE_SUBSYSTEM_STATES': True,
  'WELCOME_OFF': False}
2026-05-16 04:40:32,762 [pyphi.compute.subsystem] INFO MainProcess: Finished calculating big-phi data for Subsystem(a0, a1, a2, C).
2026-05-16 04:40:32,764 [pyphi.compute.subsystem] INFO MainProcess: Calculating big-phi data for Subsystem(a0, C)...
2026-05-16 04:40:33,220 [pyphi.conf] INFO Process-69: PyPhi v1.2.0
2026-05-16 04:40:33,221 [pyphi.conf] INFO Process-69: Using default configuration (no configuration file provided)
2026-05-16 04:40:33,221 [pyphi.conf] INFO Process-69: Current PyPhi configuration:
 { 'ASSUME_CUTS_CANNOT_CREATE_NEW_CONCEPTS': False,
  'CACHE_POTENTIAL_PURVIEWS': True,
  'CACHE_REPERTOIRES': True,
  'CACHE_SIAS': False,
  'CACHING_BACKEND': 'fs',
  'CLEAR_SUBSYSTEM_CACHES_AFTER_COMPUTING_SIA': False,
  'CUT_ONE_APPROXIMATION': False,
  'FS_CACHE_DIRECTORY': '__pyphi_cache__',
  'FS_CACHE_VERBOSITY': 0,
  'LOG_FILE': 'pyphi.log',
  'LOG_FILE_LEVEL': 'INFO',
  'LOG_STDOUT_LEVEL': 'WARNING',
  'MAXIMUM_CACHE_MEMORY_PERCENTAGE': 50,
  'MEASURE': 'EMD',
  'MONGODB_CONFIG': { 'collection_name': 'cache',
                      'database_name': 'pyphi',
                      'host': 'localhost',
                      'port': 27017},
  'NUMBER_OF_CORES': -1,
  'PARALLEL_COMPLEX_EVALUATION': False,
  'PARALLEL_CONCEPT_EVALUATION': False,
  'PARALLEL_CUT_EVALUATION': True,
  'PARTITION_TYPE': 'BI',
  'PICK_SMALLEST_PURVIEW': False,
  'PRECISION': 6,
  'PRINT_FRACTIONS': True,
  'PROGRESS_BARS': True,
  'REDIS_CACHE': False,
  'REDIS_CONFIG': {'db': 0, 'host': 'localhost', 'port': 6379, 'test_db': 1},
  'REPR_VERBOSITY': 2,
  'SINGLE_MICRO_NODES_WITH_SELFLOOPS_HAVE_PHI': False,
  'SYSTEM_CUTS': '3.0_STYLE',
  'USE_SMALL_PHI_DIFFERENCE_FOR_CES_DISTANCE': False,
  'VALIDATE_CONDITIONAL_INDEPENDENCE': True,
  'VALIDATE_SUBSYSTEM_STATES': True,
  'WELCOME_OFF': False}
2026-05-16 04:40:40,974 [pyphi.conf] INFO Process-70: PyPhi v1.2.0
2026-05-16 04:40:40,974 [pyphi.conf] INFO Process-70: Using default configuration (no configuration file provided)
2026-05-16 04:40:40,974 [pyphi.conf] INFO Process-70: Current PyPhi configuration:
 { 'ASSUME_CUTS_CANNOT_CREATE_NEW_CONCEPTS': False,
  'CACHE_POTENTIAL_PURVIEWS': True,
  'CACHE_REPERTOIRES': True,
  'CACHE_SIAS': False,
  'CACHING_BACKEND': 'fs',
  'CLEAR_SUBSYSTEM_CACHES_AFTER_COMPUTING_SIA': False,
  'CUT_ONE_APPROXIMATION': False,
  'FS_CACHE_DIRECTORY': '__pyphi_cache__',
  'FS_CACHE_VERBOSITY': 0,
  'LOG_FILE': 'pyphi.log',
  'LOG_FILE_LEVEL': 'INFO',
  'LOG_STDOUT_LEVEL': 'WARNING',
  'MAXIMUM_CACHE_MEMORY_PERCENTAGE': 50,
  'MEASURE': 'EMD',
  'MONGODB_CONFIG': { 'collection_name': 'cache',
                      'database_name': 'pyphi',
                      'host': 'localhost',
                      'port': 27017},
  'NUMBER_OF_CORES': -1,
  'PARALLEL_COMPLEX_EVALUATION': False,
  'PARALLEL_CONCEPT_EVALUATION': False,
  'PARALLEL_CUT_EVALUATION': True,
  'PARTITION_TYPE': 'BI',
  'PICK_SMALLEST_PURVIEW': False,
  'PRECISION': 6,
  'PRINT_FRACTIONS': True,
  'PROGRESS_BARS': True,
  'REDIS_CACHE': False,
  'REDIS_CONFIG': {'db': 0, 'host': 'localhost', 'port': 6379, 'test_db': 1},
  'REPR_VERBOSITY': 2,
  'SINGLE_MICRO_NODES_WITH_SELFLOOPS_HAVE_PHI': False,
  'SYSTEM_CUTS': '3.0_STYLE',
  'USE_SMALL_PHI_DIFFERENCE_FOR_CES_DISTANCE': False,
  'VALIDATE_CONDITIONAL_INDEPENDENCE': True,
  'VALIDATE_SUBSYSTEM_STATES': True,
  'WELCOME_OFF': False}
2026-05-16 04:40:48,383 [pyphi.compute.subsystem] INFO MainProcess: Finished calculating big-phi data for Subsystem(a0, C).
2026-05-16 04:40:48,385 [pyphi.compute.subsystem] INFO MainProcess: Calculating big-phi data for Subsystem(a0, a1, a2, C)...
2026-05-16 04:40:48,769 [pyphi.conf] INFO Process-71: PyPhi v1.2.0
2026-05-16 04:40:48,769 [pyphi.conf] INFO Process-71: Using default configuration (no configuration file provided)
2026-05-16 04:40:48,769 [pyphi.conf] INFO Process-71: Current PyPhi configuration:
 { 'ASSUME_CUTS_CANNOT_CREATE_NEW_CONCEPTS': False,
  'CACHE_POTENTIAL_PURVIEWS': True,
  'CACHE_REPERTOIRES': True,
  'CACHE_SIAS': False,
  'CACHING_BACKEND': 'fs',
  'CLEAR_SUBSYSTEM_CACHES_AFTER_COMPUTING_SIA': False,
  'CUT_ONE_APPROXIMATION': False,
  'FS_CACHE_DIRECTORY': '__pyphi_cache__',
  'FS_CACHE_VERBOSITY': 0,
  'LOG_FILE': 'pyphi.log',
  'LOG_FILE_LEVEL': 'INFO',
  'LOG_STDOUT_LEVEL': 'WARNING',
  'MAXIMUM_CACHE_MEMORY_PERCENTAGE': 50,
  'MEASURE': 'EMD',
  'MONGODB_CONFIG': { 'collection_name': 'cache',
                      'database_name': 'pyphi',
                      'host': 'localhost',
                      'port': 27017},
  'NUMBER_OF_CORES': -1,
  'PARALLEL_COMPLEX_EVALUATION': False,
  'PARALLEL_CONCEPT_EVALUATION': False,
  'PARALLEL_CUT_EVALUATION': True,
  'PARTITION_TYPE': 'BI',
  'PICK_SMALLEST_PURVIEW': False,
  'PRECISION': 6,
  'PRINT_FRACTIONS': True,
  'PROGRESS_BARS': True,
  'REDIS_CACHE': False,
  'REDIS_CONFIG': {'db': 0, 'host': 'localhost', 'port': 6379, 'test_db': 1},
  'REPR_VERBOSITY': 2,
  'SINGLE_MICRO_NODES_WITH_SELFLOOPS_HAVE_PHI': False,
  'SYSTEM_CUTS': '3.0_STYLE',
  'USE_SMALL_PHI_DIFFERENCE_FOR_CES_DISTANCE': False,
  'VALIDATE_CONDITIONAL_INDEPENDENCE': True,
  'VALIDATE_SUBSYSTEM_STATES': True,
  'WELCOME_OFF': False}
2026-05-16 04:40:56,513 [pyphi.conf] INFO Process-72: PyPhi v1.2.0
2026-05-16 04:40:56,514 [pyphi.conf] INFO Process-72: Using default configuration (no configuration file provided)
2026-05-16 04:40:56,514 [pyphi.conf] INFO Process-72: Current PyPhi configuration:
 { 'ASSUME_CUTS_CANNOT_CREATE_NEW_CONCEPTS': False,
  'CACHE_POTENTIAL_PURVIEWS': True,
  'CACHE_REPERTOIRES': True,
  'CACHE_SIAS': False,
  'CACHING_BACKEND': 'fs',
  'CLEAR_SUBSYSTEM_CACHES_AFTER_COMPUTING_SIA': False,
  'CUT_ONE_APPROXIMATION': False,
  'FS_CACHE_DIRECTORY': '__pyphi_cache__',
  'FS_CACHE_VERBOSITY': 0,
  'LOG_FILE': 'pyphi.log',
  'LOG_FILE_LEVEL': 'INFO',
  'LOG_STDOUT_LEVEL': 'WARNING',
  'MAXIMUM_CACHE_MEMORY_PERCENTAGE': 50,
  'MEASURE': 'EMD',
  'MONGODB_CONFIG': { 'collection_name': 'cache',
                      'database_name': 'pyphi',
                      'host': 'localhost',
                      'port': 27017},
  'NUMBER_OF_CORES': -1,
  'PARALLEL_COMPLEX_EVALUATION': False,
  'PARALLEL_CONCEPT_EVALUATION': False,
  'PARALLEL_CUT_EVALUATION': True,
  'PARTITION_TYPE': 'BI',
  'PICK_SMALLEST_PURVIEW': False,
  'PRECISION': 6,
  'PRINT_FRACTIONS': True,
  'PROGRESS_BARS': True,
  'REDIS_CACHE': False,
  'REDIS_CONFIG': {'db': 0, 'host': 'localhost', 'port': 6379, 'test_db': 1},
  'REPR_VERBOSITY': 2,
  'SINGLE_MICRO_NODES_WITH_SELFLOOPS_HAVE_PHI': False,
  'SYSTEM_CUTS': '3.0_STYLE',
  'USE_SMALL_PHI_DIFFERENCE_FOR_CES_DISTANCE': False,
  'VALIDATE_CONDITIONAL_INDEPENDENCE': True,
  'VALIDATE_SUBSYSTEM_STATES': True,
  'WELCOME_OFF': False}
2026-05-16 04:41:05,011 [pyphi.compute.subsystem] INFO MainProcess: Finished calculating big-phi data for Subsystem(a0, a1, a2, C).
2026-05-16 04:41:05,012 [pyphi.compute.subsystem] INFO MainProcess: Calculating big-phi data for Subsystem(a0, C)...
2026-05-16 04:41:05,337 [pyphi.conf] INFO Process-73: PyPhi v1.2.0
2026-05-16 04:41:05,337 [pyphi.conf] INFO Process-73: Using default configuration (no configuration file provided)
2026-05-16 04:41:05,337 [pyphi.conf] INFO Process-73: Current PyPhi configuration:
 { 'ASSUME_CUTS_CANNOT_CREATE_NEW_CONCEPTS': False,
  'CACHE_POTENTIAL_PURVIEWS': True,
  'CACHE_REPERTOIRES': True,
  'CACHE_SIAS': False,
  'CACHING_BACKEND': 'fs',
  'CLEAR_SUBSYSTEM_CACHES_AFTER_COMPUTING_SIA': False,
  'CUT_ONE_APPROXIMATION': False,
  'FS_CACHE_DIRECTORY': '__pyphi_cache__',
  'FS_CACHE_VERBOSITY': 0,
  'LOG_FILE': 'pyphi.log',
  'LOG_FILE_LEVEL': 'INFO',
  'LOG_STDOUT_LEVEL': 'WARNING',
  'MAXIMUM_CACHE_MEMORY_PERCENTAGE': 50,
  'MEASURE': 'EMD',
  'MONGODB_CONFIG': { 'collection_name': 'cache',
                      'database_name': 'pyphi',
                      'host': 'localhost',
                      'port': 27017},
  'NUMBER_OF_CORES': -1,
  'PARALLEL_COMPLEX_EVALUATION': False,
  'PARALLEL_CONCEPT_EVALUATION': False,
  'PARALLEL_CUT_EVALUATION': True,
  'PARTITION_TYPE': 'BI',
  'PICK_SMALLEST_PURVIEW': False,
  'PRECISION': 6,
  'PRINT_FRACTIONS': True,
  'PROGRESS_BARS': True,
  'REDIS_CACHE': False,
  'REDIS_CONFIG': {'db': 0, 'host': 'localhost', 'port': 6379, 'test_db': 1},
  'REPR_VERBOSITY': 2,
  'SINGLE_MICRO_NODES_WITH_SELFLOOPS_HAVE_PHI': False,
  'SYSTEM_CUTS': '3.0_STYLE',
  'USE_SMALL_PHI_DIFFERENCE_FOR_CES_DISTANCE': False,
  'VALIDATE_CONDITIONAL_INDEPENDENCE': True,
  'VALIDATE_SUBSYSTEM_STATES': True,
  'WELCOME_OFF': False}
2026-05-16 04:41:12,296 [pyphi.conf] INFO Process-74: PyPhi v1.2.0
2026-05-16 04:41:12,296 [pyphi.conf] INFO Process-74: Using default configuration (no configuration file provided)
2026-05-16 04:41:12,296 [pyphi.conf] INFO Process-74: Current PyPhi configuration:
 { 'ASSUME_CUTS_CANNOT_CREATE_NEW_CONCEPTS': False,
  'CACHE_POTENTIAL_PURVIEWS': True,
  'CACHE_REPERTOIRES': True,
  'CACHE_SIAS': False,
  'CACHING_BACKEND': 'fs',
  'CLEAR_SUBSYSTEM_CACHES_AFTER_COMPUTING_SIA': False,
  'CUT_ONE_APPROXIMATION': False,
  'FS_CACHE_DIRECTORY': '__pyphi_cache__',
  'FS_CACHE_VERBOSITY': 0,
  'LOG_FILE': 'pyphi.log',
  'LOG_FILE_LEVEL': 'INFO',
  'LOG_STDOUT_LEVEL': 'WARNING',
  'MAXIMUM_CACHE_MEMORY_PERCENTAGE': 50,
  'MEASURE': 'EMD',
  'MONGODB_CONFIG': { 'collection_name': 'cache',
                      'database_name': 'pyphi',
                      'host': 'localhost',
                      'port': 27017},
  'NUMBER_OF_CORES': -1,
  'PARALLEL_COMPLEX_EVALUATION': False,
  'PARALLEL_CONCEPT_EVALUATION': False,
  'PARALLEL_CUT_EVALUATION': True,
  'PARTITION_TYPE': 'BI',
  'PICK_SMALLEST_PURVIEW': False,
  'PRECISION': 6,
  'PRINT_FRACTIONS': True,
  'PROGRESS_BARS': True,
  'REDIS_CACHE': False,
  'REDIS_CONFIG': {'db': 0, 'host': 'localhost', 'port': 6379, 'test_db': 1},
  'REPR_VERBOSITY': 2,
  'SINGLE_MICRO_NODES_WITH_SELFLOOPS_HAVE_PHI': False,
  'SYSTEM_CUTS': '3.0_STYLE',
  'USE_SMALL_PHI_DIFFERENCE_FOR_CES_DISTANCE': False,
  'VALIDATE_CONDITIONAL_INDEPENDENCE': True,
  'VALIDATE_SUBSYSTEM_STATES': True,
  'WELCOME_OFF': False}
2026-05-16 04:41:18,652 [pyphi.compute.subsystem] INFO MainProcess: Finished calculating big-phi data for Subsystem(a0, C).
2026-05-16 04:51:51,892 [pyphi.conf] INFO MainProcess: PyPhi v1.2.0
2026-05-16 04:51:51,893 [pyphi.conf] INFO MainProcess: Using default configuration (no configuration file provided)
2026-05-16 04:51:51,894 [pyphi.conf] INFO MainProcess: Current PyPhi configuration:
 { 'ASSUME_CUTS_CANNOT_CREATE_NEW_CONCEPTS': False,
  'CACHE_POTENTIAL_PURVIEWS': True,
  'CACHE_REPERTOIRES': True,
  'CACHE_SIAS': False,
  'CACHING_BACKEND': 'fs',
  'CLEAR_SUBSYSTEM_CACHES_AFTER_COMPUTING_SIA': False,
  'CUT_ONE_APPROXIMATION': False,
  'FS_CACHE_DIRECTORY': '__pyphi_cache__',
  'FS_CACHE_VERBOSITY': 0,
  'LOG_FILE': 'pyphi.log',
  'LOG_FILE_LEVEL': 'INFO',
  'LOG_STDOUT_LEVEL': 'WARNING',
  'MAXIMUM_CACHE_MEMORY_PERCENTAGE': 50,
  'MEASURE': 'EMD',
  'MONGODB_CONFIG': { 'collection_name': 'cache',
                      'database_name': 'pyphi',
                      'host': 'localhost',
                      'port': 27017},
  'NUMBER_OF_CORES': -1,
  'PARALLEL_COMPLEX_EVALUATION': False,
  'PARALLEL_CONCEPT_EVALUATION': False,
  'PARALLEL_CUT_EVALUATION': True,
  'PARTITION_TYPE': 'BI',
  'PICK_SMALLEST_PURVIEW': False,
  'PRECISION': 6,
  'PRINT_FRACTIONS': True,
  'PROGRESS_BARS': True,
  'REDIS_CACHE': False,
  'REDIS_CONFIG': {'db': 0, 'host': 'localhost', 'port': 6379, 'test_db': 1},
  'REPR_VERBOSITY': 2,
  'SINGLE_MICRO_NODES_WITH_SELFLOOPS_HAVE_PHI': False,
  'SYSTEM_CUTS': '3.0_STYLE',
  'USE_SMALL_PHI_DIFFERENCE_FOR_CES_DISTANCE': False,
  'VALIDATE_CONDITIONAL_INDEPENDENCE': True,
  'VALIDATE_SUBSYSTEM_STATES': True,
  'WELCOME_OFF': False}
2026-05-16 04:51:55,731 [pyphi.compute.subsystem] INFO MainProcess: Calculating big-phi data for Subsystem(n0, n1, n2, n3)...
2026-05-16 04:51:58,000 [pyphi.conf] INFO Process-1: PyPhi v1.2.0
2026-05-16 04:51:58,001 [pyphi.conf] INFO Process-1: Using default configuration (no configuration file provided)
2026-05-16 04:51:58,001 [pyphi.conf] INFO Process-1: Current PyPhi configuration:
 { 'ASSUME_CUTS_CANNOT_CREATE_NEW_CONCEPTS': False,
  'CACHE_POTENTIAL_PURVIEWS': True,
  'CACHE_REPERTOIRES': True,
  'CACHE_SIAS': False,
  'CACHING_BACKEND': 'fs',
  'CLEAR_SUBSYSTEM_CACHES_AFTER_COMPUTING_SIA': False,
  'CUT_ONE_APPROXIMATION': False,
  'FS_CACHE_DIRECTORY': '__pyphi_cache__',
  'FS_CACHE_VERBOSITY': 0,
  'LOG_FILE': 'pyphi.log',
  'LOG_FILE_LEVEL': 'INFO',
  'LOG_STDOUT_LEVEL': 'WARNING',
  'MAXIMUM_CACHE_MEMORY_PERCENTAGE': 50,
  'MEASURE': 'EMD',
  'MONGODB_CONFIG': { 'collection_name': 'cache',
                      'database_name': 'pyphi',
                      'host': 'localhost',
                      'port': 27017},
  'NUMBER_OF_CORES': -1,
  'PARALLEL_COMPLEX_EVALUATION': False,
  'PARALLEL_CONCEPT_EVALUATION': False,
  'PARALLEL_CUT_EVALUATION': True,
  'PARTITION_TYPE': 'BI',
  'PICK_SMALLEST_PURVIEW': False,
  'PRECISION': 6,
  'PRINT_FRACTIONS': True,
  'PROGRESS_BARS': True,
  'REDIS_CACHE': False,
  'REDIS_CONFIG': {'db': 0, 'host': 'localhost', 'port': 6379, 'test_db': 1},
  'REPR_VERBOSITY': 2,
  'SINGLE_MICRO_NODES_WITH_SELFLOOPS_HAVE_PHI': False,
  'SYSTEM_CUTS': '3.0_STYLE',
  'USE_SMALL_PHI_DIFFERENCE_FOR_CES_DISTANCE': False,
  'VALIDATE_CONDITIONAL_INDEPENDENCE': True,
  'VALIDATE_SUBSYSTEM_STATES': True,
  'WELCOME_OFF': False}
2026-05-16 04:52:03,948 [pyphi.conf] INFO Process-2: PyPhi v1.2.0
2026-05-16 04:52:03,948 [pyphi.conf] INFO Process-2: Using default configuration (no configuration file provided)
2026-05-16 04:52:03,949 [pyphi.conf] INFO Process-2: Current PyPhi configuration:
 { 'ASSUME_CUTS_CANNOT_CREATE_NEW_CONCEPTS': False,
  'CACHE_POTENTIAL_PURVIEWS': True,
  'CACHE_REPERTOIRES': True,
  'CACHE_SIAS': False,
  'CACHING_BACKEND': 'fs',
  'CLEAR_SUBSYSTEM_CACHES_AFTER_COMPUTING_SIA': False,
  'CUT_ONE_APPROXIMATION': False,
  'FS_CACHE_DIRECTORY': '__pyphi_cache__',
  'FS_CACHE_VERBOSITY': 0,
  'LOG_FILE': 'pyphi.log',
  'LOG_FILE_LEVEL': 'INFO',
  'LOG_STDOUT_LEVEL': 'WARNING',
  'MAXIMUM_CACHE_MEMORY_PERCENTAGE': 50,
  'MEASURE': 'EMD',
  'MONGODB_CONFIG': { 'collection_name': 'cache',
                      'database_name': 'pyphi',
                      'host': 'localhost',
                      'port': 27017},
  'NUMBER_OF_CORES': -1,
  'PARALLEL_COMPLEX_EVALUATION': False,
  'PARALLEL_CONCEPT_EVALUATION': False,
  'PARALLEL_CUT_EVALUATION': True,
  'PARTITION_TYPE': 'BI',
  'PICK_SMALLEST_PURVIEW': False,
  'PRECISION': 6,
  'PRINT_FRACTIONS': True,
  'PROGRESS_BARS': True,
  'REDIS_CACHE': False,
  'REDIS_CONFIG': {'db': 0, 'host': 'localhost', 'port': 6379, 'test_db': 1},
  'REPR_VERBOSITY': 2,
  'SINGLE_MICRO_NODES_WITH_SELFLOOPS_HAVE_PHI': False,
  'SYSTEM_CUTS': '3.0_STYLE',
  'USE_SMALL_PHI_DIFFERENCE_FOR_CES_DISTANCE': False,
  'VALIDATE_CONDITIONAL_INDEPENDENCE': True,
  'VALIDATE_SUBSYSTEM_STATES': True,
  'WELCOME_OFF': False}
2026-05-16 04:52:08,230 [pyphi.compute.subsystem] INFO MainProcess: Finished calculating big-phi data for Subsystem(n0, n1, n2, n3).
2026-05-16 04:52:08,232 [pyphi.compute.subsystem] INFO MainProcess: Calculating big-phi data for Subsystem(n0, n1, n2, n3)...
2026-05-16 04:52:10,110 [pyphi.conf] INFO Process-3: PyPhi v1.2.0
2026-05-16 04:52:10,110 [pyphi.conf] INFO Process-3: Using default configuration (no configuration file provided)
2026-05-16 04:52:10,111 [pyphi.conf] INFO Process-3: Current PyPhi configuration:
 { 'ASSUME_CUTS_CANNOT_CREATE_NEW_CONCEPTS': False,
  'CACHE_POTENTIAL_PURVIEWS': True,
  'CACHE_REPERTOIRES': True,
  'CACHE_SIAS': False,
  'CACHING_BACKEND': 'fs',
  'CLEAR_SUBSYSTEM_CACHES_AFTER_COMPUTING_SIA': False,
  'CUT_ONE_APPROXIMATION': False,
  'FS_CACHE_DIRECTORY': '__pyphi_cache__',
  'FS_CACHE_VERBOSITY': 0,
  'LOG_FILE': 'pyphi.log',
  'LOG_FILE_LEVEL': 'INFO',
  'LOG_STDOUT_LEVEL': 'WARNING',
  'MAXIMUM_CACHE_MEMORY_PERCENTAGE': 50,
  'MEASURE': 'EMD',
  'MONGODB_CONFIG': { 'collection_name': 'cache',
                      'database_name': 'pyphi',
                      'host': 'localhost',
                      'port': 27017},
  'NUMBER_OF_CORES': -1,
  'PARALLEL_COMPLEX_EVALUATION': False,
  'PARALLEL_CONCEPT_EVALUATION': False,
  'PARALLEL_CUT_EVALUATION': True,
  'PARTITION_TYPE': 'BI',
  'PICK_SMALLEST_PURVIEW': False,
  'PRECISION': 6,
  'PRINT_FRACTIONS': True,
  'PROGRESS_BARS': True,
  'REDIS_CACHE': False,
  'REDIS_CONFIG': {'db': 0, 'host': 'localhost', 'port': 6379, 'test_db': 1},
  'REPR_VERBOSITY': 2,
  'SINGLE_MICRO_NODES_WITH_SELFLOOPS_HAVE_PHI': False,
  'SYSTEM_CUTS': '3.0_STYLE',
  'USE_SMALL_PHI_DIFFERENCE_FOR_CES_DISTANCE': False,
  'VALIDATE_CONDITIONAL_INDEPENDENCE': True,
  'VALIDATE_SUBSYSTEM_STATES': True,
  'WELCOME_OFF': False}
2026-05-16 04:52:16,473 [pyphi.conf] INFO Process-4: PyPhi v1.2.0
2026-05-16 04:52:16,473 [pyphi.conf] INFO Process-4: Using default configuration (no configuration file provided)
2026-05-16 04:52:16,474 [pyphi.conf] INFO Process-4: Current PyPhi configuration:
 { 'ASSUME_CUTS_CANNOT_CREATE_NEW_CONCEPTS': False,
  'CACHE_POTENTIAL_PURVIEWS': True,
  'CACHE_REPERTOIRES': True,
  'CACHE_SIAS': False,
  'CACHING_BACKEND': 'fs',
  'CLEAR_SUBSYSTEM_CACHES_AFTER_COMPUTING_SIA': False,
  'CUT_ONE_APPROXIMATION': False,
  'FS_CACHE_DIRECTORY': '__pyphi_cache__',
  'FS_CACHE_VERBOSITY': 0,
  'LOG_FILE': 'pyphi.log',
  'LOG_FILE_LEVEL': 'INFO',
  'LOG_STDOUT_LEVEL': 'WARNING',
  'MAXIMUM_CACHE_MEMORY_PERCENTAGE': 50,
  'MEASURE': 'EMD',
  'MONGODB_CONFIG': { 'collection_name': 'cache',
                      'database_name': 'pyphi',
                      'host': 'localhost',
                      'port': 27017},
  'NUMBER_OF_CORES': -1,
  'PARALLEL_COMPLEX_EVALUATION': False,
  'PARALLEL_CONCEPT_EVALUATION': False,
  'PARALLEL_CUT_EVALUATION': True,
  'PARTITION_TYPE': 'BI',
  'PICK_SMALLEST_PURVIEW': False,
  'PRECISION': 6,
  'PRINT_FRACTIONS': True,
  'PROGRESS_BARS': True,
  'REDIS_CACHE': False,
  'REDIS_CONFIG': {'db': 0, 'host': 'localhost', 'port': 6379, 'test_db': 1},
  'REPR_VERBOSITY': 2,
  'SINGLE_MICRO_NODES_WITH_SELFLOOPS_HAVE_PHI': False,
  'SYSTEM_CUTS': '3.0_STYLE',
  'USE_SMALL_PHI_DIFFERENCE_FOR_CES_DISTANCE': False,
  'VALIDATE_CONDITIONAL_INDEPENDENCE': True,
  'VALIDATE_SUBSYSTEM_STATES': True,
  'WELCOME_OFF': False}
2026-05-16 04:52:21,281 [pyphi.compute.subsystem] INFO MainProcess: Finished calculating big-phi data for Subsystem(n0, n1, n2, n3).
2026-05-16 04:52:21,284 [pyphi.compute.subsystem] INFO MainProcess: Calculating big-phi data for Subsystem(n0, n1, n2, n3)...
2026-05-16 04:52:23,795 [pyphi.conf] INFO Process-5: PyPhi v1.2.0
2026-05-16 04:52:23,795 [pyphi.conf] INFO Process-5: Using default configuration (no configuration file provided)
2026-05-16 04:52:23,796 [pyphi.conf] INFO Process-5: Current PyPhi configuration:
 { 'ASSUME_CUTS_CANNOT_CREATE_NEW_CONCEPTS': False,
  'CACHE_POTENTIAL_PURVIEWS': True,
  'CACHE_REPERTOIRES': True,
  'CACHE_SIAS': False,
  'CACHING_BACKEND': 'fs',
  'CLEAR_SUBSYSTEM_CACHES_AFTER_COMPUTING_SIA': False,
  'CUT_ONE_APPROXIMATION': False,
  'FS_CACHE_DIRECTORY': '__pyphi_cache__',
  'FS_CACHE_VERBOSITY': 0,
  'LOG_FILE': 'pyphi.log',
  'LOG_FILE_LEVEL': 'INFO',
  'LOG_STDOUT_LEVEL': 'WARNING',
  'MAXIMUM_CACHE_MEMORY_PERCENTAGE': 50,
  'MEASURE': 'EMD',
  'MONGODB_CONFIG': { 'collection_name': 'cache',
                      'database_name': 'pyphi',
                      'host': 'localhost',
                      'port': 27017},
  'NUMBER_OF_CORES': -1,
  'PARALLEL_COMPLEX_EVALUATION': False,
  'PARALLEL_CONCEPT_EVALUATION': False,
  'PARALLEL_CUT_EVALUATION': True,
  'PARTITION_TYPE': 'BI',
  'PICK_SMALLEST_PURVIEW': False,
  'PRECISION': 6,
  'PRINT_FRACTIONS': True,
  'PROGRESS_BARS': True,
  'REDIS_CACHE': False,
  'REDIS_CONFIG': {'db': 0, 'host': 'localhost', 'port': 6379, 'test_db': 1},
  'REPR_VERBOSITY': 2,
  'SINGLE_MICRO_NODES_WITH_SELFLOOPS_HAVE_PHI': False,
  'SYSTEM_CUTS': '3.0_STYLE',
  'USE_SMALL_PHI_DIFFERENCE_FOR_CES_DISTANCE': False,
  'VALIDATE_CONDITIONAL_INDEPENDENCE': True,
  'VALIDATE_SUBSYSTEM_STATES': True,
  'WELCOME_OFF': False}
2026-05-16 04:52:30,546 [pyphi.conf] INFO Process-6: PyPhi v1.2.0
2026-05-16 04:52:30,547 [pyphi.conf] INFO Process-6: Using default configuration (no configuration file provided)
2026-05-16 04:52:30,548 [pyphi.conf] INFO Process-6: Current PyPhi configuration:
 { 'ASSUME_CUTS_CANNOT_CREATE_NEW_CONCEPTS': False,
  'CACHE_POTENTIAL_PURVIEWS': True,
  'CACHE_REPERTOIRES': True,
  'CACHE_SIAS': False,
  'CACHING_BACKEND': 'fs',
  'CLEAR_SUBSYSTEM_CACHES_AFTER_COMPUTING_SIA': False,
  'CUT_ONE_APPROXIMATION': False,
  'FS_CACHE_DIRECTORY': '__pyphi_cache__',
  'FS_CACHE_VERBOSITY': 0,
  'LOG_FILE': 'pyphi.log',
  'LOG_FILE_LEVEL': 'INFO',
  'LOG_STDOUT_LEVEL': 'WARNING',
  'MAXIMUM_CACHE_MEMORY_PERCENTAGE': 50,
  'MEASURE': 'EMD',
  'MONGODB_CONFIG': { 'collection_name': 'cache',
                      'database_name': 'pyphi',
                      'host': 'localhost',
                      'port': 27017},
  'NUMBER_OF_CORES': -1,
  'PARALLEL_COMPLEX_EVALUATION': False,
  'PARALLEL_CONCEPT_EVALUATION': False,
  'PARALLEL_CUT_EVALUATION': True,
  'PARTITION_TYPE': 'BI',
  'PICK_SMALLEST_PURVIEW': False,
  'PRECISION': 6,
  'PRINT_FRACTIONS': True,
  'PROGRESS_BARS': True,
  'REDIS_CACHE': False,
  'REDIS_CONFIG': {'db': 0, 'host': 'localhost', 'port': 6379, 'test_db': 1},
  'REPR_VERBOSITY': 2,
  'SINGLE_MICRO_NODES_WITH_SELFLOOPS_HAVE_PHI': False,
  'SYSTEM_CUTS': '3.0_STYLE',
  'USE_SMALL_PHI_DIFFERENCE_FOR_CES_DISTANCE': False,
  'VALIDATE_CONDITIONAL_INDEPENDENCE': True,
  'VALIDATE_SUBSYSTEM_STATES': True,
  'WELCOME_OFF': False}
2026-05-16 04:52:35,386 [pyphi.compute.subsystem] INFO MainProcess: Finished calculating big-phi data for Subsystem(n0, n1, n2, n3).
2026-05-16 04:52:35,387 [pyphi.compute.subsystem] INFO MainProcess: Calculating big-phi data for Subsystem(n0, n1, n2, n3)...
2026-05-16 04:52:37,564 [pyphi.conf] INFO Process-7: PyPhi v1.2.0
2026-05-16 04:52:37,564 [pyphi.conf] INFO Process-7: Using default configuration (no configuration file provided)
2026-05-16 04:52:37,564 [pyphi.conf] INFO Process-7: Current PyPhi configuration:
 { 'ASSUME_CUTS_CANNOT_CREATE_NEW_CONCEPTS': False,
  'CACHE_POTENTIAL_PURVIEWS': True,
  'CACHE_REPERTOIRES': True,
  'CACHE_SIAS': False,
  'CACHING_BACKEND': 'fs',
  'CLEAR_SUBSYSTEM_CACHES_AFTER_COMPUTING_SIA': False,
  'CUT_ONE_APPROXIMATION': False,
  'FS_CACHE_DIRECTORY': '__pyphi_cache__',
  'FS_CACHE_VERBOSITY': 0,
  'LOG_FILE': 'pyphi.log',
  'LOG_FILE_LEVEL': 'INFO',
  'LOG_STDOUT_LEVEL': 'WARNING',
  'MAXIMUM_CACHE_MEMORY_PERCENTAGE': 50,
  'MEASURE': 'EMD',
  'MONGODB_CONFIG': { 'collection_name': 'cache',
                      'database_name': 'pyphi',
                      'host': 'localhost',
                      'port': 27017},
  'NUMBER_OF_CORES': -1,
  'PARALLEL_COMPLEX_EVALUATION': False,
  'PARALLEL_CONCEPT_EVALUATION': False,
  'PARALLEL_CUT_EVALUATION': True,
  'PARTITION_TYPE': 'BI',
  'PICK_SMALLEST_PURVIEW': False,
  'PRECISION': 6,
  'PRINT_FRACTIONS': True,
  'PROGRESS_BARS': True,
  'REDIS_CACHE': False,
  'REDIS_CONFIG': {'db': 0, 'host': 'localhost', 'port': 6379, 'test_db': 1},
  'REPR_VERBOSITY': 2,
  'SINGLE_MICRO_NODES_WITH_SELFLOOPS_HAVE_PHI': False,
  'SYSTEM_CUTS': '3.0_STYLE',
  'USE_SMALL_PHI_DIFFERENCE_FOR_CES_DISTANCE': False,
  'VALIDATE_CONDITIONAL_INDEPENDENCE': True,
  'VALIDATE_SUBSYSTEM_STATES': True,
  'WELCOME_OFF': False}
2026-05-16 04:52:44,092 [pyphi.conf] INFO Process-8: PyPhi v1.2.0
2026-05-16 04:52:44,092 [pyphi.conf] INFO Process-8: Using default configuration (no configuration file provided)
2026-05-16 04:52:44,093 [pyphi.conf] INFO Process-8: Current PyPhi configuration:
 { 'ASSUME_CUTS_CANNOT_CREATE_NEW_CONCEPTS': False,
  'CACHE_POTENTIAL_PURVIEWS': True,
  'CACHE_REPERTOIRES': True,
  'CACHE_SIAS': False,
  'CACHING_BACKEND': 'fs',
  'CLEAR_SUBSYSTEM_CACHES_AFTER_COMPUTING_SIA': False,
  'CUT_ONE_APPROXIMATION': False,
  'FS_CACHE_DIRECTORY': '__pyphi_cache__',
  'FS_CACHE_VERBOSITY': 0,
  'LOG_FILE': 'pyphi.log',
  'LOG_FILE_LEVEL': 'INFO',
  'LOG_STDOUT_LEVEL': 'WARNING',
  'MAXIMUM_CACHE_MEMORY_PERCENTAGE': 50,
  'MEASURE': 'EMD',
  'MONGODB_CONFIG': { 'collection_name': 'cache',
                      'database_name': 'pyphi',
                      'host': 'localhost',
                      'port': 27017},
  'NUMBER_OF_CORES': -1,
  'PARALLEL_COMPLEX_EVALUATION': False,
  'PARALLEL_CONCEPT_EVALUATION': False,
  'PARALLEL_CUT_EVALUATION': True,
  'PARTITION_TYPE': 'BI',
  'PICK_SMALLEST_PURVIEW': False,
  'PRECISION': 6,
  'PRINT_FRACTIONS': True,
  'PROGRESS_BARS': True,
  'REDIS_CACHE': False,
  'REDIS_CONFIG': {'db': 0, 'host': 'localhost', 'port': 6379, 'test_db': 1},
  'REPR_VERBOSITY': 2,
  'SINGLE_MICRO_NODES_WITH_SELFLOOPS_HAVE_PHI': False,
  'SYSTEM_CUTS': '3.0_STYLE',
  'USE_SMALL_PHI_DIFFERENCE_FOR_CES_DISTANCE': False,
  'VALIDATE_CONDITIONAL_INDEPENDENCE': True,
  'VALIDATE_SUBSYSTEM_STATES': True,
  'WELCOME_OFF': False}
2026-05-16 04:52:48,776 [pyphi.compute.subsystem] INFO MainProcess: Finished calculating big-phi data for Subsystem(n0, n1, n2, n3).
2026-05-16 04:52:48,786 [pyphi.compute.subsystem] INFO MainProcess: Calculating big-phi data for Subsystem(n0, n1, n2, n3)...
2026-05-16 04:52:51,137 [pyphi.conf] INFO Process-9: PyPhi v1.2.0
2026-05-16 04:52:51,138 [pyphi.conf] INFO Process-9: Using default configuration (no configuration file provided)
2026-05-16 04:52:51,138 [pyphi.conf] INFO Process-9: Current PyPhi configuration:
 { 'ASSUME_CUTS_CANNOT_CREATE_NEW_CONCEPTS': False,
  'CACHE_POTENTIAL_PURVIEWS': True,
  'CACHE_REPERTOIRES': True,
  'CACHE_SIAS': False,
  'CACHING_BACKEND': 'fs',
  'CLEAR_SUBSYSTEM_CACHES_AFTER_COMPUTING_SIA': False,
  'CUT_ONE_APPROXIMATION': False,
  'FS_CACHE_DIRECTORY': '__pyphi_cache__',
  'FS_CACHE_VERBOSITY': 0,
  'LOG_FILE': 'pyphi.log',
  'LOG_FILE_LEVEL': 'INFO',
  'LOG_STDOUT_LEVEL': 'WARNING',
  'MAXIMUM_CACHE_MEMORY_PERCENTAGE': 50,
  'MEASURE': 'EMD',
  'MONGODB_CONFIG': { 'collection_name': 'cache',
                      'database_name': 'pyphi',
                      'host': 'localhost',
                      'port': 27017},
  'NUMBER_OF_CORES': -1,
  'PARALLEL_COMPLEX_EVALUATION': False,
  'PARALLEL_CONCEPT_EVALUATION': False,
  'PARALLEL_CUT_EVALUATION': True,
  'PARTITION_TYPE': 'BI',
  'PICK_SMALLEST_PURVIEW': False,
  'PRECISION': 6,
  'PRINT_FRACTIONS': True,
  'PROGRESS_BARS': True,
  'REDIS_CACHE': False,
  'REDIS_CONFIG': {'db': 0, 'host': 'localhost', 'port': 6379, 'test_db': 1},
  'REPR_VERBOSITY': 2,
  'SINGLE_MICRO_NODES_WITH_SELFLOOPS_HAVE_PHI': False,
  'SYSTEM_CUTS': '3.0_STYLE',
  'USE_SMALL_PHI_DIFFERENCE_FOR_CES_DISTANCE': False,
  'VALIDATE_CONDITIONAL_INDEPENDENCE': True,
  'VALIDATE_SUBSYSTEM_STATES': True,
  'WELCOME_OFF': False}
2026-05-16 04:52:57,784 [pyphi.conf] INFO Process-10: PyPhi v1.2.0
2026-05-16 04:52:57,785 [pyphi.conf] INFO Process-10: Using default configuration (no configuration file provided)
2026-05-16 04:52:57,785 [pyphi.conf] INFO Process-10: Current PyPhi configuration:
 { 'ASSUME_CUTS_CANNOT_CREATE_NEW_CONCEPTS': False,
  'CACHE_POTENTIAL_PURVIEWS': True,
  'CACHE_REPERTOIRES': True,
  'CACHE_SIAS': False,
  'CACHING_BACKEND': 'fs',
  'CLEAR_SUBSYSTEM_CACHES_AFTER_COMPUTING_SIA': False,
  'CUT_ONE_APPROXIMATION': False,
  'FS_CACHE_DIRECTORY': '__pyphi_cache__',
  'FS_CACHE_VERBOSITY': 0,
  'LOG_FILE': 'pyphi.log',
  'LOG_FILE_LEVEL': 'INFO',
  'LOG_STDOUT_LEVEL': 'WARNING',
  'MAXIMUM_CACHE_MEMORY_PERCENTAGE': 50,
  'MEASURE': 'EMD',
  'MONGODB_CONFIG': { 'collection_name': 'cache',
                      'database_name': 'pyphi',
                      'host': 'localhost',
                      'port': 27017},
  'NUMBER_OF_CORES': -1,
  'PARALLEL_COMPLEX_EVALUATION': False,
  'PARALLEL_CONCEPT_EVALUATION': False,
  'PARALLEL_CUT_EVALUATION': True,
  'PARTITION_TYPE': 'BI',
  'PICK_SMALLEST_PURVIEW': False,
  'PRECISION': 6,
  'PRINT_FRACTIONS': True,
  'PROGRESS_BARS': True,
  'REDIS_CACHE': False,
  'REDIS_CONFIG': {'db': 0, 'host': 'localhost', 'port': 6379, 'test_db': 1},
  'REPR_VERBOSITY': 2,
  'SINGLE_MICRO_NODES_WITH_SELFLOOPS_HAVE_PHI': False,
  'SYSTEM_CUTS': '3.0_STYLE',
  'USE_SMALL_PHI_DIFFERENCE_FOR_CES_DISTANCE': False,
  'VALIDATE_CONDITIONAL_INDEPENDENCE': True,
  'VALIDATE_SUBSYSTEM_STATES': True,
  'WELCOME_OFF': False}
2026-05-16 04:53:02,840 [pyphi.compute.subsystem] INFO MainProcess: Finished calculating big-phi data for Subsystem(n0, n1, n2, n3).
2026-05-16 04:53:02,842 [pyphi.compute.subsystem] INFO MainProcess: Calculating big-phi data for Subsystem(n0, n1, n2, n3)...
2026-05-16 04:53:04,982 [pyphi.conf] INFO Process-11: PyPhi v1.2.0
2026-05-16 04:53:04,982 [pyphi.conf] INFO Process-11: Using default configuration (no configuration file provided)
2026-05-16 04:53:04,982 [pyphi.conf] INFO Process-11: Current PyPhi configuration:
 { 'ASSUME_CUTS_CANNOT_CREATE_NEW_CONCEPTS': False,
  'CACHE_POTENTIAL_PURVIEWS': True,
  'CACHE_REPERTOIRES': True,
  'CACHE_SIAS': False,
  'CACHING_BACKEND': 'fs',
  'CLEAR_SUBSYSTEM_CACHES_AFTER_COMPUTING_SIA': False,
  'CUT_ONE_APPROXIMATION': False,
  'FS_CACHE_DIRECTORY': '__pyphi_cache__',
  'FS_CACHE_VERBOSITY': 0,
  'LOG_FILE': 'pyphi.log',
  'LOG_FILE_LEVEL': 'INFO',
  'LOG_STDOUT_LEVEL': 'WARNING',
  'MAXIMUM_CACHE_MEMORY_PERCENTAGE': 50,
  'MEASURE': 'EMD',
  'MONGODB_CONFIG': { 'collection_name': 'cache',
                      'database_name': 'pyphi',
                      'host': 'localhost',
                      'port': 27017},
  'NUMBER_OF_CORES': -1,
  'PARALLEL_COMPLEX_EVALUATION': False,
  'PARALLEL_CONCEPT_EVALUATION': False,
  'PARALLEL_CUT_EVALUATION': True,
  'PARTITION_TYPE': 'BI',
  'PICK_SMALLEST_PURVIEW': False,
  'PRECISION': 6,
  'PRINT_FRACTIONS': True,
  'PROGRESS_BARS': True,
  'REDIS_CACHE': False,
  'REDIS_CONFIG': {'db': 0, 'host': 'localhost', 'port': 6379, 'test_db': 1},
  'REPR_VERBOSITY': 2,
  'SINGLE_MICRO_NODES_WITH_SELFLOOPS_HAVE_PHI': False,
  'SYSTEM_CUTS': '3.0_STYLE',
  'USE_SMALL_PHI_DIFFERENCE_FOR_CES_DISTANCE': False,
  'VALIDATE_CONDITIONAL_INDEPENDENCE': True,
  'VALIDATE_SUBSYSTEM_STATES': True,
  'WELCOME_OFF': False}
2026-05-16 04:53:11,272 [pyphi.conf] INFO Process-12: PyPhi v1.2.0
2026-05-16 04:53:11,272 [pyphi.conf] INFO Process-12: Using default configuration (no configuration file provided)
2026-05-16 04:53:11,272 [pyphi.conf] INFO Process-12: Current PyPhi configuration:
 { 'ASSUME_CUTS_CANNOT_CREATE_NEW_CONCEPTS': False,
  'CACHE_POTENTIAL_PURVIEWS': True,
  'CACHE_REPERTOIRES': True,
  'CACHE_SIAS': False,
  'CACHING_BACKEND': 'fs',
  'CLEAR_SUBSYSTEM_CACHES_AFTER_COMPUTING_SIA': False,
  'CUT_ONE_APPROXIMATION': False,
  'FS_CACHE_DIRECTORY': '__pyphi_cache__',
  'FS_CACHE_VERBOSITY': 0,
  'LOG_FILE': 'pyphi.log',
  'LOG_FILE_LEVEL': 'INFO',
  'LOG_STDOUT_LEVEL': 'WARNING',
  'MAXIMUM_CACHE_MEMORY_PERCENTAGE': 50,
  'MEASURE': 'EMD',
  'MONGODB_CONFIG': { 'collection_name': 'cache',
                      'database_name': 'pyphi',
                      'host': 'localhost',
                      'port': 27017},
  'NUMBER_OF_CORES': -1,
  'PARALLEL_COMPLEX_EVALUATION': False,
  'PARALLEL_CONCEPT_EVALUATION': False,
  'PARALLEL_CUT_EVALUATION': True,
  'PARTITION_TYPE': 'BI',
  'PICK_SMALLEST_PURVIEW': False,
  'PRECISION': 6,
  'PRINT_FRACTIONS': True,
  'PROGRESS_BARS': True,
  'REDIS_CACHE': False,
  'REDIS_CONFIG': {'db': 0, 'host': 'localhost', 'port': 6379, 'test_db': 1},
  'REPR_VERBOSITY': 2,
  'SINGLE_MICRO_NODES_WITH_SELFLOOPS_HAVE_PHI': False,
  'SYSTEM_CUTS': '3.0_STYLE',
  'USE_SMALL_PHI_DIFFERENCE_FOR_CES_DISTANCE': False,
  'VALIDATE_CONDITIONAL_INDEPENDENCE': True,
  'VALIDATE_SUBSYSTEM_STATES': True,
  'WELCOME_OFF': False}
2026-05-16 04:53:15,906 [pyphi.compute.subsystem] INFO MainProcess: Finished calculating big-phi data for Subsystem(n0, n1, n2, n3).
2026-05-16 04:53:15,910 [pyphi.compute.subsystem] INFO MainProcess: Calculating big-phi data for Subsystem(n0, n1, n2, n3)...
2026-05-16 04:53:18,107 [pyphi.conf] INFO Process-13: PyPhi v1.2.0
2026-05-16 04:53:18,107 [pyphi.conf] INFO Process-13: Using default configuration (no configuration file provided)
2026-05-16 04:53:18,108 [pyphi.conf] INFO Process-13: Current PyPhi configuration:
 { 'ASSUME_CUTS_CANNOT_CREATE_NEW_CONCEPTS': False,
  'CACHE_POTENTIAL_PURVIEWS': True,
  'CACHE_REPERTOIRES': True,
  'CACHE_SIAS': False,
  'CACHING_BACKEND': 'fs',
  'CLEAR_SUBSYSTEM_CACHES_AFTER_COMPUTING_SIA': False,
  'CUT_ONE_APPROXIMATION': False,
  'FS_CACHE_DIRECTORY': '__pyphi_cache__',
  'FS_CACHE_VERBOSITY': 0,
  'LOG_FILE': 'pyphi.log',
  'LOG_FILE_LEVEL': 'INFO',
  'LOG_STDOUT_LEVEL': 'WARNING',
  'MAXIMUM_CACHE_MEMORY_PERCENTAGE': 50,
  'MEASURE': 'EMD',
  'MONGODB_CONFIG': { 'collection_name': 'cache',
                      'database_name': 'pyphi',
                      'host': 'localhost',
                      'port': 27017},
  'NUMBER_OF_CORES': -1,
  'PARALLEL_COMPLEX_EVALUATION': False,
  'PARALLEL_CONCEPT_EVALUATION': False,
  'PARALLEL_CUT_EVALUATION': True,
  'PARTITION_TYPE': 'BI',
  'PICK_SMALLEST_PURVIEW': False,
  'PRECISION': 6,
  'PRINT_FRACTIONS': True,
  'PROGRESS_BARS': True,
  'REDIS_CACHE': False,
  'REDIS_CONFIG': {'db': 0, 'host': 'localhost', 'port': 6379, 'test_db': 1},
  'REPR_VERBOSITY': 2,
  'SINGLE_MICRO_NODES_WITH_SELFLOOPS_HAVE_PHI': False,
  'SYSTEM_CUTS': '3.0_STYLE',
  'USE_SMALL_PHI_DIFFERENCE_FOR_CES_DISTANCE': False,
  'VALIDATE_CONDITIONAL_INDEPENDENCE': True,
  'VALIDATE_SUBSYSTEM_STATES': True,
  'WELCOME_OFF': False}
2026-05-16 04:53:25,359 [pyphi.conf] INFO Process-14: PyPhi v1.2.0
2026-05-16 04:53:25,359 [pyphi.conf] INFO Process-14: Using default configuration (no configuration file provided)
2026-05-16 04:53:25,360 [pyphi.conf] INFO Process-14: Current PyPhi configuration:
 { 'ASSUME_CUTS_CANNOT_CREATE_NEW_CONCEPTS': False,
  'CACHE_POTENTIAL_PURVIEWS': True,
  'CACHE_REPERTOIRES': True,
  'CACHE_SIAS': False,
  'CACHING_BACKEND': 'fs',
  'CLEAR_SUBSYSTEM_CACHES_AFTER_COMPUTING_SIA': False,
  'CUT_ONE_APPROXIMATION': False,
  'FS_CACHE_DIRECTORY': '__pyphi_cache__',
  'FS_CACHE_VERBOSITY': 0,
  'LOG_FILE': 'pyphi.log',
  'LOG_FILE_LEVEL': 'INFO',
  'LOG_STDOUT_LEVEL': 'WARNING',
  'MAXIMUM_CACHE_MEMORY_PERCENTAGE': 50,
  'MEASURE': 'EMD',
  'MONGODB_CONFIG': { 'collection_name': 'cache',
                      'database_name': 'pyphi',
                      'host': 'localhost',
                      'port': 27017},
  'NUMBER_OF_CORES': -1,
  'PARALLEL_COMPLEX_EVALUATION': False,
  'PARALLEL_CONCEPT_EVALUATION': False,
  'PARALLEL_CUT_EVALUATION': True,
  'PARTITION_TYPE': 'BI',
  'PICK_SMALLEST_PURVIEW': False,
  'PRECISION': 6,
  'PRINT_FRACTIONS': True,
  'PROGRESS_BARS': True,
  'REDIS_CACHE': False,
  'REDIS_CONFIG': {'db': 0, 'host': 'localhost', 'port': 6379, 'test_db': 1},
  'REPR_VERBOSITY': 2,
  'SINGLE_MICRO_NODES_WITH_SELFLOOPS_HAVE_PHI': False,
  'SYSTEM_CUTS': '3.0_STYLE',
  'USE_SMALL_PHI_DIFFERENCE_FOR_CES_DISTANCE': False,
  'VALIDATE_CONDITIONAL_INDEPENDENCE': True,
  'VALIDATE_SUBSYSTEM_STATES': True,
  'WELCOME_OFF': False}
2026-05-16 04:53:30,846 [pyphi.compute.subsystem] INFO MainProcess: Finished calculating big-phi data for Subsystem(n0, n1, n2, n3).
2026-05-16 04:53:30,848 [pyphi.compute.subsystem] INFO MainProcess: Calculating big-phi data for Subsystem(n0, n1, n2, n3)...
2026-05-16 04:53:33,441 [pyphi.conf] INFO Process-15: PyPhi v1.2.0
2026-05-16 04:53:33,441 [pyphi.conf] INFO Process-15: Using default configuration (no configuration file provided)
2026-05-16 04:53:33,441 [pyphi.conf] INFO Process-15: Current PyPhi configuration:
 { 'ASSUME_CUTS_CANNOT_CREATE_NEW_CONCEPTS': False,
  'CACHE_POTENTIAL_PURVIEWS': True,
  'CACHE_REPERTOIRES': True,
  'CACHE_SIAS': False,
  'CACHING_BACKEND': 'fs',
  'CLEAR_SUBSYSTEM_CACHES_AFTER_COMPUTING_SIA': False,
  'CUT_ONE_APPROXIMATION': False,
  'FS_CACHE_DIRECTORY': '__pyphi_cache__',
  'FS_CACHE_VERBOSITY': 0,
  'LOG_FILE': 'pyphi.log',
  'LOG_FILE_LEVEL': 'INFO',
  'LOG_STDOUT_LEVEL': 'WARNING',
  'MAXIMUM_CACHE_MEMORY_PERCENTAGE': 50,
  'MEASURE': 'EMD',
  'MONGODB_CONFIG': { 'collection_name': 'cache',
                      'database_name': 'pyphi',
                      'host': 'localhost',
                      'port': 27017},
  'NUMBER_OF_CORES': -1,
  'PARALLEL_COMPLEX_EVALUATION': False,
  'PARALLEL_CONCEPT_EVALUATION': False,
  'PARALLEL_CUT_EVALUATION': True,
  'PARTITION_TYPE': 'BI',
  'PICK_SMALLEST_PURVIEW': False,
  'PRECISION': 6,
  'PRINT_FRACTIONS': True,
  'PROGRESS_BARS': True,
  'REDIS_CACHE': False,
  'REDIS_CONFIG': {'db': 0, 'host': 'localhost', 'port': 6379, 'test_db': 1},
  'REPR_VERBOSITY': 2,
  'SINGLE_MICRO_NODES_WITH_SELFLOOPS_HAVE_PHI': False,
  'SYSTEM_CUTS': '3.0_STYLE',
  'USE_SMALL_PHI_DIFFERENCE_FOR_CES_DISTANCE': False,
  'VALIDATE_CONDITIONAL_INDEPENDENCE': True,
  'VALIDATE_SUBSYSTEM_STATES': True,
  'WELCOME_OFF': False}
2026-05-16 04:53:40,649 [pyphi.conf] INFO Process-16: PyPhi v1.2.0
2026-05-16 04:53:40,649 [pyphi.conf] INFO Process-16: Using default configuration (no configuration file provided)
2026-05-16 04:53:40,650 [pyphi.conf] INFO Process-16: Current PyPhi configuration:
 { 'ASSUME_CUTS_CANNOT_CREATE_NEW_CONCEPTS': False,
  'CACHE_POTENTIAL_PURVIEWS': True,
  'CACHE_REPERTOIRES': True,
  'CACHE_SIAS': False,
  'CACHING_BACKEND': 'fs',
  'CLEAR_SUBSYSTEM_CACHES_AFTER_COMPUTING_SIA': False,
  'CUT_ONE_APPROXIMATION': False,
  'FS_CACHE_DIRECTORY': '__pyphi_cache__',
  'FS_CACHE_VERBOSITY': 0,
  'LOG_FILE': 'pyphi.log',
  'LOG_FILE_LEVEL': 'INFO',
  'LOG_STDOUT_LEVEL': 'WARNING',
  'MAXIMUM_CACHE_MEMORY_PERCENTAGE': 50,
  'MEASURE': 'EMD',
  'MONGODB_CONFIG': { 'collection_name': 'cache',
                      'database_name': 'pyphi',
                      'host': 'localhost',
                      'port': 27017},
  'NUMBER_OF_CORES': -1,
  'PARALLEL_COMPLEX_EVALUATION': False,
  'PARALLEL_CONCEPT_EVALUATION': False,
  'PARALLEL_CUT_EVALUATION': True,
  'PARTITION_TYPE': 'BI',
  'PICK_SMALLEST_PURVIEW': False,
  'PRECISION': 6,
  'PRINT_FRACTIONS': True,
  'PROGRESS_BARS': True,
  'REDIS_CACHE': False,
  'REDIS_CONFIG': {'db': 0, 'host': 'localhost', 'port': 6379, 'test_db': 1},
  'REPR_VERBOSITY': 2,
  'SINGLE_MICRO_NODES_WITH_SELFLOOPS_HAVE_PHI': False,
  'SYSTEM_CUTS': '3.0_STYLE',
  'USE_SMALL_PHI_DIFFERENCE_FOR_CES_DISTANCE': False,
  'VALIDATE_CONDITIONAL_INDEPENDENCE': True,
  'VALIDATE_SUBSYSTEM_STATES': True,
  'WELCOME_OFF': False}
2026-05-16 04:53:46,054 [pyphi.compute.subsystem] INFO MainProcess: Finished calculating big-phi data for Subsystem(n0, n1, n2, n3).
2026-05-16 04:53:46,063 [pyphi.compute.subsystem] INFO MainProcess: Calculating big-phi data for Subsystem(n0, n1, n2, n3)...
2026-05-16 04:53:48,483 [pyphi.conf] INFO Process-17: PyPhi v1.2.0
2026-05-16 04:53:48,483 [pyphi.conf] INFO Process-17: Using default configuration (no configuration file provided)
2026-05-16 04:53:48,484 [pyphi.conf] INFO Process-17: Current PyPhi configuration:
 { 'ASSUME_CUTS_CANNOT_CREATE_NEW_CONCEPTS': False,
  'CACHE_POTENTIAL_PURVIEWS': True,
  'CACHE_REPERTOIRES': True,
  'CACHE_SIAS': False,
  'CACHING_BACKEND': 'fs',
  'CLEAR_SUBSYSTEM_CACHES_AFTER_COMPUTING_SIA': False,
  'CUT_ONE_APPROXIMATION': False,
  'FS_CACHE_DIRECTORY': '__pyphi_cache__',
  'FS_CACHE_VERBOSITY': 0,
  'LOG_FILE': 'pyphi.log',
  'LOG_FILE_LEVEL': 'INFO',
  'LOG_STDOUT_LEVEL': 'WARNING',
  'MAXIMUM_CACHE_MEMORY_PERCENTAGE': 50,
  'MEASURE': 'EMD',
  'MONGODB_CONFIG': { 'collection_name': 'cache',
                      'database_name': 'pyphi',
                      'host': 'localhost',
                      'port': 27017},
  'NUMBER_OF_CORES': -1,
  'PARALLEL_COMPLEX_EVALUATION': False,
  'PARALLEL_CONCEPT_EVALUATION': False,
  'PARALLEL_CUT_EVALUATION': True,
  'PARTITION_TYPE': 'BI',
  'PICK_SMALLEST_PURVIEW': False,
  'PRECISION': 6,
  'PRINT_FRACTIONS': True,
  'PROGRESS_BARS': True,
  'REDIS_CACHE': False,
  'REDIS_CONFIG': {'db': 0, 'host': 'localhost', 'port': 6379, 'test_db': 1},
  'REPR_VERBOSITY': 2,
  'SINGLE_MICRO_NODES_WITH_SELFLOOPS_HAVE_PHI': False,
  'SYSTEM_CUTS': '3.0_STYLE',
  'USE_SMALL_PHI_DIFFERENCE_FOR_CES_DISTANCE': False,
  'VALIDATE_CONDITIONAL_INDEPENDENCE': True,
  'VALIDATE_SUBSYSTEM_STATES': True,
  'WELCOME_OFF': False}
2026-05-16 04:53:56,062 [pyphi.conf] INFO Process-18: PyPhi v1.2.0
2026-05-16 04:53:56,066 [pyphi.conf] INFO Process-18: Using default configuration (no configuration file provided)
2026-05-16 04:53:56,067 [pyphi.conf] INFO Process-18: Current PyPhi configuration:
 { 'ASSUME_CUTS_CANNOT_CREATE_NEW_CONCEPTS': False,
  'CACHE_POTENTIAL_PURVIEWS': True,
  'CACHE_REPERTOIRES': True,
  'CACHE_SIAS': False,
  'CACHING_BACKEND': 'fs',
  'CLEAR_SUBSYSTEM_CACHES_AFTER_COMPUTING_SIA': False,
  'CUT_ONE_APPROXIMATION': False,
  'FS_CACHE_DIRECTORY': '__pyphi_cache__',
  'FS_CACHE_VERBOSITY': 0,
  'LOG_FILE': 'pyphi.log',
  'LOG_FILE_LEVEL': 'INFO',
  'LOG_STDOUT_LEVEL': 'WARNING',
  'MAXIMUM_CACHE_MEMORY_PERCENTAGE': 50,
  'MEASURE': 'EMD',
  'MONGODB_CONFIG': { 'collection_name': 'cache',
                      'database_name': 'pyphi',
                      'host': 'localhost',
                      'port': 27017},
  'NUMBER_OF_CORES': -1,
  'PARALLEL_COMPLEX_EVALUATION': False,
  'PARALLEL_CONCEPT_EVALUATION': False,
  'PARALLEL_CUT_EVALUATION': True,
  'PARTITION_TYPE': 'BI',
  'PICK_SMALLEST_PURVIEW': False,
  'PRECISION': 6,
  'PRINT_FRACTIONS': True,
  'PROGRESS_BARS': True,
  'REDIS_CACHE': False,
  'REDIS_CONFIG': {'db': 0, 'host': 'localhost', 'port': 6379, 'test_db': 1},
  'REPR_VERBOSITY': 2,
  'SINGLE_MICRO_NODES_WITH_SELFLOOPS_HAVE_PHI': False,
  'SYSTEM_CUTS': '3.0_STYLE',
  'USE_SMALL_PHI_DIFFERENCE_FOR_CES_DISTANCE': False,
  'VALIDATE_CONDITIONAL_INDEPENDENCE': True,
  'VALIDATE_SUBSYSTEM_STATES': True,
  'WELCOME_OFF': False}
2026-05-16 04:54:01,033 [pyphi.compute.subsystem] INFO MainProcess: Finished calculating big-phi data for Subsystem(n0, n1, n2, n3).
2026-05-16 04:54:01,035 [pyphi.compute.subsystem] INFO MainProcess: Calculating big-phi data for Subsystem(n0, n1, n2, n3)...
2026-05-16 04:54:03,402 [pyphi.conf] INFO Process-19: PyPhi v1.2.0
2026-05-16 04:54:03,402 [pyphi.conf] INFO Process-19: Using default configuration (no configuration file provided)
2026-05-16 04:54:03,403 [pyphi.conf] INFO Process-19: Current PyPhi configuration:
 { 'ASSUME_CUTS_CANNOT_CREATE_NEW_CONCEPTS': False,
  'CACHE_POTENTIAL_PURVIEWS': True,
  'CACHE_REPERTOIRES': True,
  'CACHE_SIAS': False,
  'CACHING_BACKEND': 'fs',
  'CLEAR_SUBSYSTEM_CACHES_AFTER_COMPUTING_SIA': False,
  'CUT_ONE_APPROXIMATION': False,
  'FS_CACHE_DIRECTORY': '__pyphi_cache__',
  'FS_CACHE_VERBOSITY': 0,
  'LOG_FILE': 'pyphi.log',
  'LOG_FILE_LEVEL': 'INFO',
  'LOG_STDOUT_LEVEL': 'WARNING',
  'MAXIMUM_CACHE_MEMORY_PERCENTAGE': 50,
  'MEASURE': 'EMD',
  'MONGODB_CONFIG': { 'collection_name': 'cache',
                      'database_name': 'pyphi',
                      'host': 'localhost',
                      'port': 27017},
  'NUMBER_OF_CORES': -1,
  'PARALLEL_COMPLEX_EVALUATION': False,
  'PARALLEL_CONCEPT_EVALUATION': False,
  'PARALLEL_CUT_EVALUATION': True,
  'PARTITION_TYPE': 'BI',
  'PICK_SMALLEST_PURVIEW': False,
  'PRECISION': 6,
  'PRINT_FRACTIONS': True,
  'PROGRESS_BARS': True,
  'REDIS_CACHE': False,
  'REDIS_CONFIG': {'db': 0, 'host': 'localhost', 'port': 6379, 'test_db': 1},
  'REPR_VERBOSITY': 2,
  'SINGLE_MICRO_NODES_WITH_SELFLOOPS_HAVE_PHI': False,
  'SYSTEM_CUTS': '3.0_STYLE',
  'USE_SMALL_PHI_DIFFERENCE_FOR_CES_DISTANCE': False,
  'VALIDATE_CONDITIONAL_INDEPENDENCE': True,
  'VALIDATE_SUBSYSTEM_STATES': True,
  'WELCOME_OFF': False}
2026-05-16 04:54:10,417 [pyphi.conf] INFO Process-20: PyPhi v1.2.0
2026-05-16 04:54:10,418 [pyphi.conf] INFO Process-20: Using default configuration (no configuration file provided)
2026-05-16 04:54:10,418 [pyphi.conf] INFO Process-20: Current PyPhi configuration:
 { 'ASSUME_CUTS_CANNOT_CREATE_NEW_CONCEPTS': False,
  'CACHE_POTENTIAL_PURVIEWS': True,
  'CACHE_REPERTOIRES': True,
  'CACHE_SIAS': False,
  'CACHING_BACKEND': 'fs',
  'CLEAR_SUBSYSTEM_CACHES_AFTER_COMPUTING_SIA': False,
  'CUT_ONE_APPROXIMATION': False,
  'FS_CACHE_DIRECTORY': '__pyphi_cache__',
  'FS_CACHE_VERBOSITY': 0,
  'LOG_FILE': 'pyphi.log',
  'LOG_FILE_LEVEL': 'INFO',
  'LOG_STDOUT_LEVEL': 'WARNING',
  'MAXIMUM_CACHE_MEMORY_PERCENTAGE': 50,
  'MEASURE': 'EMD',
  'MONGODB_CONFIG': { 'collection_name': 'cache',
                      'database_name': 'pyphi',
                      'host': 'localhost',
                      'port': 27017},
  'NUMBER_OF_CORES': -1,
  'PARALLEL_COMPLEX_EVALUATION': False,
  'PARALLEL_CONCEPT_EVALUATION': False,
  'PARALLEL_CUT_EVALUATION': True,
  'PARTITION_TYPE': 'BI',
  'PICK_SMALLEST_PURVIEW': False,
  'PRECISION': 6,
  'PRINT_FRACTIONS': True,
  'PROGRESS_BARS': True,
  'REDIS_CACHE': False,
  'REDIS_CONFIG': {'db': 0, 'host': 'localhost', 'port': 6379, 'test_db': 1},
  'REPR_VERBOSITY': 2,
  'SINGLE_MICRO_NODES_WITH_SELFLOOPS_HAVE_PHI': False,
  'SYSTEM_CUTS': '3.0_STYLE',
  'USE_SMALL_PHI_DIFFERENCE_FOR_CES_DISTANCE': False,
  'VALIDATE_CONDITIONAL_INDEPENDENCE': True,
  'VALIDATE_SUBSYSTEM_STATES': True,
  'WELCOME_OFF': False}
2026-05-16 04:54:15,428 [pyphi.compute.subsystem] INFO MainProcess: Finished calculating big-phi data for Subsystem(n0, n1, n2, n3).
2026-05-16 04:54:15,430 [pyphi.compute.subsystem] INFO MainProcess: Calculating big-phi data for Subsystem(n0, n1, n2, n3)...
2026-05-16 04:54:17,895 [pyphi.conf] INFO Process-21: PyPhi v1.2.0
2026-05-16 04:54:17,896 [pyphi.conf] INFO Process-21: Using default configuration (no configuration file provided)
2026-05-16 04:54:17,896 [pyphi.conf] INFO Process-21: Current PyPhi configuration:
 { 'ASSUME_CUTS_CANNOT_CREATE_NEW_CONCEPTS': False,
  'CACHE_POTENTIAL_PURVIEWS': True,
  'CACHE_REPERTOIRES': True,
  'CACHE_SIAS': False,
  'CACHING_BACKEND': 'fs',
  'CLEAR_SUBSYSTEM_CACHES_AFTER_COMPUTING_SIA': False,
  'CUT_ONE_APPROXIMATION': False,
  'FS_CACHE_DIRECTORY': '__pyphi_cache__',
  'FS_CACHE_VERBOSITY': 0,
  'LOG_FILE': 'pyphi.log',
  'LOG_FILE_LEVEL': 'INFO',
  'LOG_STDOUT_LEVEL': 'WARNING',
  'MAXIMUM_CACHE_MEMORY_PERCENTAGE': 50,
  'MEASURE': 'EMD',
  'MONGODB_CONFIG': { 'collection_name': 'cache',
                      'database_name': 'pyphi',
                      'host': 'localhost',
                      'port': 27017},
  'NUMBER_OF_CORES': -1,
  'PARALLEL_COMPLEX_EVALUATION': False,
  'PARALLEL_CONCEPT_EVALUATION': False,
  'PARALLEL_CUT_EVALUATION': True,
  'PARTITION_TYPE': 'BI',
  'PICK_SMALLEST_PURVIEW': False,
  'PRECISION': 6,
  'PRINT_FRACTIONS': True,
  'PROGRESS_BARS': True,
  'REDIS_CACHE': False,
  'REDIS_CONFIG': {'db': 0, 'host': 'localhost', 'port': 6379, 'test_db': 1},
  'REPR_VERBOSITY': 2,
  'SINGLE_MICRO_NODES_WITH_SELFLOOPS_HAVE_PHI': False,
  'SYSTEM_CUTS': '3.0_STYLE',
  'USE_SMALL_PHI_DIFFERENCE_FOR_CES_DISTANCE': False,
  'VALIDATE_CONDITIONAL_INDEPENDENCE': True,
  'VALIDATE_SUBSYSTEM_STATES': True,
  'WELCOME_OFF': False}
2026-05-16 04:54:24,952 [pyphi.conf] INFO Process-22: PyPhi v1.2.0
2026-05-16 04:54:24,953 [pyphi.conf] INFO Process-22: Using default configuration (no configuration file provided)
2026-05-16 04:54:24,953 [pyphi.conf] INFO Process-22: Current PyPhi configuration:
 { 'ASSUME_CUTS_CANNOT_CREATE_NEW_CONCEPTS': False,
  'CACHE_POTENTIAL_PURVIEWS': True,
  'CACHE_REPERTOIRES': True,
  'CACHE_SIAS': False,
  'CACHING_BACKEND': 'fs',
  'CLEAR_SUBSYSTEM_CACHES_AFTER_COMPUTING_SIA': False,
  'CUT_ONE_APPROXIMATION': False,
  'FS_CACHE_DIRECTORY': '__pyphi_cache__',
  'FS_CACHE_VERBOSITY': 0,
  'LOG_FILE': 'pyphi.log',
  'LOG_FILE_LEVEL': 'INFO',
  'LOG_STDOUT_LEVEL': 'WARNING',
  'MAXIMUM_CACHE_MEMORY_PERCENTAGE': 50,
  'MEASURE': 'EMD',
  'MONGODB_CONFIG': { 'collection_name': 'cache',
                      'database_name': 'pyphi',
                      'host': 'localhost',
                      'port': 27017},
  'NUMBER_OF_CORES': -1,
  'PARALLEL_COMPLEX_EVALUATION': False,
  'PARALLEL_CONCEPT_EVALUATION': False,
  'PARALLEL_CUT_EVALUATION': True,
  'PARTITION_TYPE': 'BI',
  'PICK_SMALLEST_PURVIEW': False,
  'PRECISION': 6,
  'PRINT_FRACTIONS': True,
  'PROGRESS_BARS': True,
  'REDIS_CACHE': False,
  'REDIS_CONFIG': {'db': 0, 'host': 'localhost', 'port': 6379, 'test_db': 1},
  'REPR_VERBOSITY': 2,
  'SINGLE_MICRO_NODES_WITH_SELFLOOPS_HAVE_PHI': False,
  'SYSTEM_CUTS': '3.0_STYLE',
  'USE_SMALL_PHI_DIFFERENCE_FOR_CES_DISTANCE': False,
  'VALIDATE_CONDITIONAL_INDEPENDENCE': True,
  'VALIDATE_SUBSYSTEM_STATES': True,
  'WELCOME_OFF': False}
2026-05-16 04:54:29,760 [pyphi.compute.subsystem] INFO MainProcess: Finished calculating big-phi data for Subsystem(n0, n1, n2, n3).
2026-05-16 04:54:29,763 [pyphi.compute.subsystem] INFO MainProcess: Calculating big-phi data for Subsystem(n0, n1, n2, n3)...
2026-05-16 04:54:31,979 [pyphi.conf] INFO Process-23: PyPhi v1.2.0
2026-05-16 04:54:31,980 [pyphi.conf] INFO Process-23: Using default configuration (no configuration file provided)
2026-05-16 04:54:31,980 [pyphi.conf] INFO Process-23: Current PyPhi configuration:
 { 'ASSUME_CUTS_CANNOT_CREATE_NEW_CONCEPTS': False,
  'CACHE_POTENTIAL_PURVIEWS': True,
  'CACHE_REPERTOIRES': True,
  'CACHE_SIAS': False,
  'CACHING_BACKEND': 'fs',
  'CLEAR_SUBSYSTEM_CACHES_AFTER_COMPUTING_SIA': False,
  'CUT_ONE_APPROXIMATION': False,
  'FS_CACHE_DIRECTORY': '__pyphi_cache__',
  'FS_CACHE_VERBOSITY': 0,
  'LOG_FILE': 'pyphi.log',
  'LOG_FILE_LEVEL': 'INFO',
  'LOG_STDOUT_LEVEL': 'WARNING',
  'MAXIMUM_CACHE_MEMORY_PERCENTAGE': 50,
  'MEASURE': 'EMD',
  'MONGODB_CONFIG': { 'collection_name': 'cache',
                      'database_name': 'pyphi',
                      'host': 'localhost',
                      'port': 27017},
  'NUMBER_OF_CORES': -1,
  'PARALLEL_COMPLEX_EVALUATION': False,
  'PARALLEL_CONCEPT_EVALUATION': False,
  'PARALLEL_CUT_EVALUATION': True,
  'PARTITION_TYPE': 'BI',
  'PICK_SMALLEST_PURVIEW': False,
  'PRECISION': 6,
  'PRINT_FRACTIONS': True,
  'PROGRESS_BARS': True,
  'REDIS_CACHE': False,
  'REDIS_CONFIG': {'db': 0, 'host': 'localhost', 'port': 6379, 'test_db': 1},
  'REPR_VERBOSITY': 2,
  'SINGLE_MICRO_NODES_WITH_SELFLOOPS_HAVE_PHI': False,
  'SYSTEM_CUTS': '3.0_STYLE',
  'USE_SMALL_PHI_DIFFERENCE_FOR_CES_DISTANCE': False,
  'VALIDATE_CONDITIONAL_INDEPENDENCE': True,
  'VALIDATE_SUBSYSTEM_STATES': True,
  'WELCOME_OFF': False}
2026-05-16 04:54:39,855 [pyphi.conf] INFO Process-24: PyPhi v1.2.0
2026-05-16 04:54:39,855 [pyphi.conf] INFO Process-24: Using default configuration (no configuration file provided)
2026-05-16 04:54:39,856 [pyphi.conf] INFO Process-24: Current PyPhi configuration:
 { 'ASSUME_CUTS_CANNOT_CREATE_NEW_CONCEPTS': False,
  'CACHE_POTENTIAL_PURVIEWS': True,
  'CACHE_REPERTOIRES': True,
  'CACHE_SIAS': False,
  'CACHING_BACKEND': 'fs',
  'CLEAR_SUBSYSTEM_CACHES_AFTER_COMPUTING_SIA': False,
  'CUT_ONE_APPROXIMATION': False,
  'FS_CACHE_DIRECTORY': '__pyphi_cache__',
  'FS_CACHE_VERBOSITY': 0,
  'LOG_FILE': 'pyphi.log',
  'LOG_FILE_LEVEL': 'INFO',
  'LOG_STDOUT_LEVEL': 'WARNING',
  'MAXIMUM_CACHE_MEMORY_PERCENTAGE': 50,
  'MEASURE': 'EMD',
  'MONGODB_CONFIG': { 'collection_name': 'cache',
                      'database_name': 'pyphi',
                      'host': 'localhost',
                      'port': 27017},
  'NUMBER_OF_CORES': -1,
  'PARALLEL_COMPLEX_EVALUATION': False,
  'PARALLEL_CONCEPT_EVALUATION': False,
  'PARALLEL_CUT_EVALUATION': True,
  'PARTITION_TYPE': 'BI',
  'PICK_SMALLEST_PURVIEW': False,
  'PRECISION': 6,
  'PRINT_FRACTIONS': True,
  'PROGRESS_BARS': True,
  'REDIS_CACHE': False,
  'REDIS_CONFIG': {'db': 0, 'host': 'localhost', 'port': 6379, 'test_db': 1},
  'REPR_VERBOSITY': 2,
  'SINGLE_MICRO_NODES_WITH_SELFLOOPS_HAVE_PHI': False,
  'SYSTEM_CUTS': '3.0_STYLE',
  'USE_SMALL_PHI_DIFFERENCE_FOR_CES_DISTANCE': False,
  'VALIDATE_CONDITIONAL_INDEPENDENCE': True,
  'VALIDATE_SUBSYSTEM_STATES': True,
  'WELCOME_OFF': False}
2026-05-16 04:54:45,480 [pyphi.compute.subsystem] INFO MainProcess: Finished calculating big-phi data for Subsystem(n0, n1, n2, n3).
2026-05-16 04:54:45,486 [pyphi.compute.subsystem] INFO MainProcess: Calculating big-phi data for Subsystem(n0, n1, n2, n3)...
2026-05-16 04:54:48,244 [pyphi.conf] INFO Process-25: PyPhi v1.2.0
2026-05-16 04:54:48,245 [pyphi.conf] INFO Process-25: Using default configuration (no configuration file provided)
2026-05-16 04:54:48,245 [pyphi.conf] INFO Process-25: Current PyPhi configuration:
 { 'ASSUME_CUTS_CANNOT_CREATE_NEW_CONCEPTS': False,
  'CACHE_POTENTIAL_PURVIEWS': True,
  'CACHE_REPERTOIRES': True,
  'CACHE_SIAS': False,
  'CACHING_BACKEND': 'fs',
  'CLEAR_SUBSYSTEM_CACHES_AFTER_COMPUTING_SIA': False,
  'CUT_ONE_APPROXIMATION': False,
  'FS_CACHE_DIRECTORY': '__pyphi_cache__',
  'FS_CACHE_VERBOSITY': 0,
  'LOG_FILE': 'pyphi.log',
  'LOG_FILE_LEVEL': 'INFO',
  'LOG_STDOUT_LEVEL': 'WARNING',
  'MAXIMUM_CACHE_MEMORY_PERCENTAGE': 50,
  'MEASURE': 'EMD',
  'MONGODB_CONFIG': { 'collection_name': 'cache',
                      'database_name': 'pyphi',
                      'host': 'localhost',
                      'port': 27017},
  'NUMBER_OF_CORES': -1,
  'PARALLEL_COMPLEX_EVALUATION': False,
  'PARALLEL_CONCEPT_EVALUATION': False,
  'PARALLEL_CUT_EVALUATION': True,
  'PARTITION_TYPE': 'BI',
  'PICK_SMALLEST_PURVIEW': False,
  'PRECISION': 6,
  'PRINT_FRACTIONS': True,
  'PROGRESS_BARS': True,
  'REDIS_CACHE': False,
  'REDIS_CONFIG': {'db': 0, 'host': 'localhost', 'port': 6379, 'test_db': 1},
  'REPR_VERBOSITY': 2,
  'SINGLE_MICRO_NODES_WITH_SELFLOOPS_HAVE_PHI': False,
  'SYSTEM_CUTS': '3.0_STYLE',
  'USE_SMALL_PHI_DIFFERENCE_FOR_CES_DISTANCE': False,
  'VALIDATE_CONDITIONAL_INDEPENDENCE': True,
  'VALIDATE_SUBSYSTEM_STATES': True,
  'WELCOME_OFF': False}
2026-05-16 04:54:55,454 [pyphi.conf] INFO Process-26: PyPhi v1.2.0
2026-05-16 04:54:55,454 [pyphi.conf] INFO Process-26: Using default configuration (no configuration file provided)
2026-05-16 04:54:55,455 [pyphi.conf] INFO Process-26: Current PyPhi configuration:
 { 'ASSUME_CUTS_CANNOT_CREATE_NEW_CONCEPTS': False,
  'CACHE_POTENTIAL_PURVIEWS': True,
  'CACHE_REPERTOIRES': True,
  'CACHE_SIAS': False,
  'CACHING_BACKEND': 'fs',
  'CLEAR_SUBSYSTEM_CACHES_AFTER_COMPUTING_SIA': False,
  'CUT_ONE_APPROXIMATION': False,
  'FS_CACHE_DIRECTORY': '__pyphi_cache__',
  'FS_CACHE_VERBOSITY': 0,
  'LOG_FILE': 'pyphi.log',
  'LOG_FILE_LEVEL': 'INFO',
  'LOG_STDOUT_LEVEL': 'WARNING',
  'MAXIMUM_CACHE_MEMORY_PERCENTAGE': 50,
  'MEASURE': 'EMD',
  'MONGODB_CONFIG': { 'collection_name': 'cache',
                      'database_name': 'pyphi',
                      'host': 'localhost',
                      'port': 27017},
  'NUMBER_OF_CORES': -1,
  'PARALLEL_COMPLEX_EVALUATION': False,
  'PARALLEL_CONCEPT_EVALUATION': False,
  'PARALLEL_CUT_EVALUATION': True,
  'PARTITION_TYPE': 'BI',
  'PICK_SMALLEST_PURVIEW': False,
  'PRECISION': 6,
  'PRINT_FRACTIONS': True,
  'PROGRESS_BARS': True,
  'REDIS_CACHE': False,
  'REDIS_CONFIG': {'db': 0, 'host': 'localhost', 'port': 6379, 'test_db': 1},
  'REPR_VERBOSITY': 2,
  'SINGLE_MICRO_NODES_WITH_SELFLOOPS_HAVE_PHI': False,
  'SYSTEM_CUTS': '3.0_STYLE',
  'USE_SMALL_PHI_DIFFERENCE_FOR_CES_DISTANCE': False,
  'VALIDATE_CONDITIONAL_INDEPENDENCE': True,
  'VALIDATE_SUBSYSTEM_STATES': True,
  'WELCOME_OFF': False}
2026-05-16 04:55:00,699 [pyphi.compute.subsystem] INFO MainProcess: Finished calculating big-phi data for Subsystem(n0, n1, n2, n3).
2026-05-16 04:55:00,701 [pyphi.compute.subsystem] INFO MainProcess: Calculating big-phi data for Subsystem(n0, n1, n2, n3)...
2026-05-16 04:55:03,217 [pyphi.conf] INFO Process-27: PyPhi v1.2.0
2026-05-16 04:55:03,217 [pyphi.conf] INFO Process-27: Using default configuration (no configuration file provided)
2026-05-16 04:55:03,218 [pyphi.conf] INFO Process-27: Current PyPhi configuration:
 { 'ASSUME_CUTS_CANNOT_CREATE_NEW_CONCEPTS': False,
  'CACHE_POTENTIAL_PURVIEWS': True,
  'CACHE_REPERTOIRES': True,
  'CACHE_SIAS': False,
  'CACHING_BACKEND': 'fs',
  'CLEAR_SUBSYSTEM_CACHES_AFTER_COMPUTING_SIA': False,
  'CUT_ONE_APPROXIMATION': False,
  'FS_CACHE_DIRECTORY': '__pyphi_cache__',
  'FS_CACHE_VERBOSITY': 0,
  'LOG_FILE': 'pyphi.log',
  'LOG_FILE_LEVEL': 'INFO',
  'LOG_STDOUT_LEVEL': 'WARNING',
  'MAXIMUM_CACHE_MEMORY_PERCENTAGE': 50,
  'MEASURE': 'EMD',
  'MONGODB_CONFIG': { 'collection_name': 'cache',
                      'database_name': 'pyphi',
                      'host': 'localhost',
                      'port': 27017},
  'NUMBER_OF_CORES': -1,
  'PARALLEL_COMPLEX_EVALUATION': False,
  'PARALLEL_CONCEPT_EVALUATION': False,
  'PARALLEL_CUT_EVALUATION': True,
  'PARTITION_TYPE': 'BI',
  'PICK_SMALLEST_PURVIEW': False,
  'PRECISION': 6,
  'PRINT_FRACTIONS': True,
  'PROGRESS_BARS': True,
  'REDIS_CACHE': False,
  'REDIS_CONFIG': {'db': 0, 'host': 'localhost', 'port': 6379, 'test_db': 1},
  'REPR_VERBOSITY': 2,
  'SINGLE_MICRO_NODES_WITH_SELFLOOPS_HAVE_PHI': False,
  'SYSTEM_CUTS': '3.0_STYLE',
  'USE_SMALL_PHI_DIFFERENCE_FOR_CES_DISTANCE': False,
  'VALIDATE_CONDITIONAL_INDEPENDENCE': True,
  'VALIDATE_SUBSYSTEM_STATES': True,
  'WELCOME_OFF': False}
2026-05-16 04:55:12,008 [pyphi.conf] INFO Process-28: PyPhi v1.2.0
2026-05-16 04:55:12,009 [pyphi.conf] INFO Process-28: Using default configuration (no configuration file provided)
2026-05-16 04:55:12,009 [pyphi.conf] INFO Process-28: Current PyPhi configuration:
 { 'ASSUME_CUTS_CANNOT_CREATE_NEW_CONCEPTS': False,
  'CACHE_POTENTIAL_PURVIEWS': True,
  'CACHE_REPERTOIRES': True,
  'CACHE_SIAS': False,
  'CACHING_BACKEND': 'fs',
  'CLEAR_SUBSYSTEM_CACHES_AFTER_COMPUTING_SIA': False,
  'CUT_ONE_APPROXIMATION': False,
  'FS_CACHE_DIRECTORY': '__pyphi_cache__',
  'FS_CACHE_VERBOSITY': 0,
  'LOG_FILE': 'pyphi.log',
  'LOG_FILE_LEVEL': 'INFO',
  'LOG_STDOUT_LEVEL': 'WARNING',
  'MAXIMUM_CACHE_MEMORY_PERCENTAGE': 50,
  'MEASURE': 'EMD',
  'MONGODB_CONFIG': { 'collection_name': 'cache',
                      'database_name': 'pyphi',
                      'host': 'localhost',
                      'port': 27017},
  'NUMBER_OF_CORES': -1,
  'PARALLEL_COMPLEX_EVALUATION': False,
  'PARALLEL_CONCEPT_EVALUATION': False,
  'PARALLEL_CUT_EVALUATION': True,
  'PARTITION_TYPE': 'BI',
  'PICK_SMALLEST_PURVIEW': False,
  'PRECISION': 6,
  'PRINT_FRACTIONS': True,
  'PROGRESS_BARS': True,
  'REDIS_CACHE': False,
  'REDIS_CONFIG': {'db': 0, 'host': 'localhost', 'port': 6379, 'test_db': 1},
  'REPR_VERBOSITY': 2,
  'SINGLE_MICRO_NODES_WITH_SELFLOOPS_HAVE_PHI': False,
  'SYSTEM_CUTS': '3.0_STYLE',
  'USE_SMALL_PHI_DIFFERENCE_FOR_CES_DISTANCE': False,
  'VALIDATE_CONDITIONAL_INDEPENDENCE': True,
  'VALIDATE_SUBSYSTEM_STATES': True,
  'WELCOME_OFF': False}
2026-05-16 04:55:17,466 [pyphi.compute.subsystem] INFO MainProcess: Finished calculating big-phi data for Subsystem(n0, n1, n2, n3).
2026-05-16 04:55:17,469 [pyphi.compute.subsystem] INFO MainProcess: Calculating big-phi data for Subsystem(n0, n1, n2, n3)...
2026-05-16 04:55:19,806 [pyphi.conf] INFO Process-29: PyPhi v1.2.0
2026-05-16 04:55:19,807 [pyphi.conf] INFO Process-29: Using default configuration (no configuration file provided)
2026-05-16 04:55:19,807 [pyphi.conf] INFO Process-29: Current PyPhi configuration:
 { 'ASSUME_CUTS_CANNOT_CREATE_NEW_CONCEPTS': False,
  'CACHE_POTENTIAL_PURVIEWS': True,
  'CACHE_REPERTOIRES': True,
  'CACHE_SIAS': False,
  'CACHING_BACKEND': 'fs',
  'CLEAR_SUBSYSTEM_CACHES_AFTER_COMPUTING_SIA': False,
  'CUT_ONE_APPROXIMATION': False,
  'FS_CACHE_DIRECTORY': '__pyphi_cache__',
  'FS_CACHE_VERBOSITY': 0,
  'LOG_FILE': 'pyphi.log',
  'LOG_FILE_LEVEL': 'INFO',
  'LOG_STDOUT_LEVEL': 'WARNING',
  'MAXIMUM_CACHE_MEMORY_PERCENTAGE': 50,
  'MEASURE': 'EMD',
  'MONGODB_CONFIG': { 'collection_name': 'cache',
                      'database_name': 'pyphi',
                      'host': 'localhost',
                      'port': 27017},
  'NUMBER_OF_CORES': -1,
  'PARALLEL_COMPLEX_EVALUATION': False,
  'PARALLEL_CONCEPT_EVALUATION': False,
  'PARALLEL_CUT_EVALUATION': True,
  'PARTITION_TYPE': 'BI',
  'PICK_SMALLEST_PURVIEW': False,
  'PRECISION': 6,
  'PRINT_FRACTIONS': True,
  'PROGRESS_BARS': True,
  'REDIS_CACHE': False,
  'REDIS_CONFIG': {'db': 0, 'host': 'localhost', 'port': 6379, 'test_db': 1},
  'REPR_VERBOSITY': 2,
  'SINGLE_MICRO_NODES_WITH_SELFLOOPS_HAVE_PHI': False,
  'SYSTEM_CUTS': '3.0_STYLE',
  'USE_SMALL_PHI_DIFFERENCE_FOR_CES_DISTANCE': False,
  'VALIDATE_CONDITIONAL_INDEPENDENCE': True,
  'VALIDATE_SUBSYSTEM_STATES': True,
  'WELCOME_OFF': False}
2026-05-16 04:55:28,336 [pyphi.conf] INFO Process-30: PyPhi v1.2.0
2026-05-16 04:55:28,337 [pyphi.conf] INFO Process-30: Using default configuration (no configuration file provided)
2026-05-16 04:55:28,343 [pyphi.conf] INFO Process-30: Current PyPhi configuration:
 { 'ASSUME_CUTS_CANNOT_CREATE_NEW_CONCEPTS': False,
  'CACHE_POTENTIAL_PURVIEWS': True,
  'CACHE_REPERTOIRES': True,
  'CACHE_SIAS': False,
  'CACHING_BACKEND': 'fs',
  'CLEAR_SUBSYSTEM_CACHES_AFTER_COMPUTING_SIA': False,
  'CUT_ONE_APPROXIMATION': False,
  'FS_CACHE_DIRECTORY': '__pyphi_cache__',
  'FS_CACHE_VERBOSITY': 0,
  'LOG_FILE': 'pyphi.log',
  'LOG_FILE_LEVEL': 'INFO',
  'LOG_STDOUT_LEVEL': 'WARNING',
  'MAXIMUM_CACHE_MEMORY_PERCENTAGE': 50,
  'MEASURE': 'EMD',
  'MONGODB_CONFIG': { 'collection_name': 'cache',
                      'database_name': 'pyphi',
                      'host': 'localhost',
                      'port': 27017},
  'NUMBER_OF_CORES': -1,
  'PARALLEL_COMPLEX_EVALUATION': False,
  'PARALLEL_CONCEPT_EVALUATION': False,
  'PARALLEL_CUT_EVALUATION': True,
  'PARTITION_TYPE': 'BI',
  'PICK_SMALLEST_PURVIEW': False,
  'PRECISION': 6,
  'PRINT_FRACTIONS': True,
  'PROGRESS_BARS': True,
  'REDIS_CACHE': False,
  'REDIS_CONFIG': {'db': 0, 'host': 'localhost', 'port': 6379, 'test_db': 1},
  'REPR_VERBOSITY': 2,
  'SINGLE_MICRO_NODES_WITH_SELFLOOPS_HAVE_PHI': False,
  'SYSTEM_CUTS': '3.0_STYLE',
  'USE_SMALL_PHI_DIFFERENCE_FOR_CES_DISTANCE': False,
  'VALIDATE_CONDITIONAL_INDEPENDENCE': True,
  'VALIDATE_SUBSYSTEM_STATES': True,
  'WELCOME_OFF': False}
2026-05-16 04:55:33,983 [pyphi.compute.subsystem] INFO MainProcess: Finished calculating big-phi data for Subsystem(n0, n1, n2, n3).
2026-05-16 04:55:33,986 [pyphi.compute.subsystem] INFO MainProcess: Calculating big-phi data for Subsystem(n0, n1, n2, n3)...
2026-05-16 04:55:36,333 [pyphi.conf] INFO Process-31: PyPhi v1.2.0
2026-05-16 04:55:36,334 [pyphi.conf] INFO Process-31: Using default configuration (no configuration file provided)
2026-05-16 04:55:36,334 [pyphi.conf] INFO Process-31: Current PyPhi configuration:
 { 'ASSUME_CUTS_CANNOT_CREATE_NEW_CONCEPTS': False,
  'CACHE_POTENTIAL_PURVIEWS': True,
  'CACHE_REPERTOIRES': True,
  'CACHE_SIAS': False,
  'CACHING_BACKEND': 'fs',
  'CLEAR_SUBSYSTEM_CACHES_AFTER_COMPUTING_SIA': False,
  'CUT_ONE_APPROXIMATION': False,
  'FS_CACHE_DIRECTORY': '__pyphi_cache__',
  'FS_CACHE_VERBOSITY': 0,
  'LOG_FILE': 'pyphi.log',
  'LOG_FILE_LEVEL': 'INFO',
  'LOG_STDOUT_LEVEL': 'WARNING',
  'MAXIMUM_CACHE_MEMORY_PERCENTAGE': 50,
  'MEASURE': 'EMD',
  'MONGODB_CONFIG': { 'collection_name': 'cache',
                      'database_name': 'pyphi',
                      'host': 'localhost',
                      'port': 27017},
  'NUMBER_OF_CORES': -1,
  'PARALLEL_COMPLEX_EVALUATION': False,
  'PARALLEL_CONCEPT_EVALUATION': False,
  'PARALLEL_CUT_EVALUATION': True,
  'PARTITION_TYPE': 'BI',
  'PICK_SMALLEST_PURVIEW': False,
  'PRECISION': 6,
  'PRINT_FRACTIONS': True,
  'PROGRESS_BARS': True,
  'REDIS_CACHE': False,
  'REDIS_CONFIG': {'db': 0, 'host': 'localhost', 'port': 6379, 'test_db': 1},
  'REPR_VERBOSITY': 2,
  'SINGLE_MICRO_NODES_WITH_SELFLOOPS_HAVE_PHI': False,
  'SYSTEM_CUTS': '3.0_STYLE',
  'USE_SMALL_PHI_DIFFERENCE_FOR_CES_DISTANCE': False,
  'VALIDATE_CONDITIONAL_INDEPENDENCE': True,
  'VALIDATE_SUBSYSTEM_STATES': True,
  'WELCOME_OFF': False}
2026-05-16 04:55:43,911 [pyphi.conf] INFO Process-32: PyPhi v1.2.0
2026-05-16 04:55:43,911 [pyphi.conf] INFO Process-32: Using default configuration (no configuration file provided)
2026-05-16 04:55:43,912 [pyphi.conf] INFO Process-32: Current PyPhi configuration:
 { 'ASSUME_CUTS_CANNOT_CREATE_NEW_CONCEPTS': False,
  'CACHE_POTENTIAL_PURVIEWS': True,
  'CACHE_REPERTOIRES': True,
  'CACHE_SIAS': False,
  'CACHING_BACKEND': 'fs',
  'CLEAR_SUBSYSTEM_CACHES_AFTER_COMPUTING_SIA': False,
  'CUT_ONE_APPROXIMATION': False,
  'FS_CACHE_DIRECTORY': '__pyphi_cache__',
  'FS_CACHE_VERBOSITY': 0,
  'LOG_FILE': 'pyphi.log',
  'LOG_FILE_LEVEL': 'INFO',
  'LOG_STDOUT_LEVEL': 'WARNING',
  'MAXIMUM_CACHE_MEMORY_PERCENTAGE': 50,
  'MEASURE': 'EMD',
  'MONGODB_CONFIG': { 'collection_name': 'cache',
                      'database_name': 'pyphi',
                      'host': 'localhost',
                      'port': 27017},
  'NUMBER_OF_CORES': -1,
  'PARALLEL_COMPLEX_EVALUATION': False,
  'PARALLEL_CONCEPT_EVALUATION': False,
  'PARALLEL_CUT_EVALUATION': True,
  'PARTITION_TYPE': 'BI',
  'PICK_SMALLEST_PURVIEW': False,
  'PRECISION': 6,
  'PRINT_FRACTIONS': True,
  'PROGRESS_BARS': True,
  'REDIS_CACHE': False,
  'REDIS_CONFIG': {'db': 0, 'host': 'localhost', 'port': 6379, 'test_db': 1},
  'REPR_VERBOSITY': 2,
  'SINGLE_MICRO_NODES_WITH_SELFLOOPS_HAVE_PHI': False,
  'SYSTEM_CUTS': '3.0_STYLE',
  'USE_SMALL_PHI_DIFFERENCE_FOR_CES_DISTANCE': False,
  'VALIDATE_CONDITIONAL_INDEPENDENCE': True,
  'VALIDATE_SUBSYSTEM_STATES': True,
  'WELCOME_OFF': False}
2026-05-16 04:55:49,668 [pyphi.compute.subsystem] INFO MainProcess: Finished calculating big-phi data for Subsystem(n0, n1, n2, n3).
2026-05-16 04:55:49,674 [pyphi.compute.subsystem] INFO MainProcess: Calculating big-phi data for Subsystem(n0, n1, n2, n3)...
2026-05-16 04:55:52,380 [pyphi.conf] INFO Process-33: PyPhi v1.2.0
2026-05-16 04:55:52,380 [pyphi.conf] INFO Process-33: Using default configuration (no configuration file provided)
2026-05-16 04:55:52,380 [pyphi.conf] INFO Process-33: Current PyPhi configuration:
 { 'ASSUME_CUTS_CANNOT_CREATE_NEW_CONCEPTS': False,
  'CACHE_POTENTIAL_PURVIEWS': True,
  'CACHE_REPERTOIRES': True,
  'CACHE_SIAS': False,
  'CACHING_BACKEND': 'fs',
  'CLEAR_SUBSYSTEM_CACHES_AFTER_COMPUTING_SIA': False,
  'CUT_ONE_APPROXIMATION': False,
  'FS_CACHE_DIRECTORY': '__pyphi_cache__',
  'FS_CACHE_VERBOSITY': 0,
  'LOG_FILE': 'pyphi.log',
  'LOG_FILE_LEVEL': 'INFO',
  'LOG_STDOUT_LEVEL': 'WARNING',
  'MAXIMUM_CACHE_MEMORY_PERCENTAGE': 50,
  'MEASURE': 'EMD',
  'MONGODB_CONFIG': { 'collection_name': 'cache',
                      'database_name': 'pyphi',
                      'host': 'localhost',
                      'port': 27017},
  'NUMBER_OF_CORES': -1,
  'PARALLEL_COMPLEX_EVALUATION': False,
  'PARALLEL_CONCEPT_EVALUATION': False,
  'PARALLEL_CUT_EVALUATION': True,
  'PARTITION_TYPE': 'BI',
  'PICK_SMALLEST_PURVIEW': False,
  'PRECISION': 6,
  'PRINT_FRACTIONS': True,
  'PROGRESS_BARS': True,
  'REDIS_CACHE': False,
  'REDIS_CONFIG': {'db': 0, 'host': 'localhost', 'port': 6379, 'test_db': 1},
  'REPR_VERBOSITY': 2,
  'SINGLE_MICRO_NODES_WITH_SELFLOOPS_HAVE_PHI': False,
  'SYSTEM_CUTS': '3.0_STYLE',
  'USE_SMALL_PHI_DIFFERENCE_FOR_CES_DISTANCE': False,
  'VALIDATE_CONDITIONAL_INDEPENDENCE': True,
  'VALIDATE_SUBSYSTEM_STATES': True,
  'WELCOME_OFF': False}
2026-05-16 04:56:00,814 [pyphi.conf] INFO Process-34: PyPhi v1.2.0
2026-05-16 04:56:00,815 [pyphi.conf] INFO Process-34: Using default configuration (no configuration file provided)
2026-05-16 04:56:00,815 [pyphi.conf] INFO Process-34: Current PyPhi configuration:
 { 'ASSUME_CUTS_CANNOT_CREATE_NEW_CONCEPTS': False,
  'CACHE_POTENTIAL_PURVIEWS': True,
  'CACHE_REPERTOIRES': True,
  'CACHE_SIAS': False,
  'CACHING_BACKEND': 'fs',
  'CLEAR_SUBSYSTEM_CACHES_AFTER_COMPUTING_SIA': False,
  'CUT_ONE_APPROXIMATION': False,
  'FS_CACHE_DIRECTORY': '__pyphi_cache__',
  'FS_CACHE_VERBOSITY': 0,
  'LOG_FILE': 'pyphi.log',
  'LOG_FILE_LEVEL': 'INFO',
  'LOG_STDOUT_LEVEL': 'WARNING',
  'MAXIMUM_CACHE_MEMORY_PERCENTAGE': 50,
  'MEASURE': 'EMD',
  'MONGODB_CONFIG': { 'collection_name': 'cache',
                      'database_name': 'pyphi',
                      'host': 'localhost',
                      'port': 27017},
  'NUMBER_OF_CORES': -1,
  'PARALLEL_COMPLEX_EVALUATION': False,
  'PARALLEL_CONCEPT_EVALUATION': False,
  'PARALLEL_CUT_EVALUATION': True,
  'PARTITION_TYPE': 'BI',
  'PICK_SMALLEST_PURVIEW': False,
  'PRECISION': 6,
  'PRINT_FRACTIONS': True,
  'PROGRESS_BARS': True,
  'REDIS_CACHE': False,
  'REDIS_CONFIG': {'db': 0, 'host': 'localhost', 'port': 6379, 'test_db': 1},
  'REPR_VERBOSITY': 2,
  'SINGLE_MICRO_NODES_WITH_SELFLOOPS_HAVE_PHI': False,
  'SYSTEM_CUTS': '3.0_STYLE',
  'USE_SMALL_PHI_DIFFERENCE_FOR_CES_DISTANCE': False,
  'VALIDATE_CONDITIONAL_INDEPENDENCE': True,
  'VALIDATE_SUBSYSTEM_STATES': True,
  'WELCOME_OFF': False}
2026-05-16 04:56:07,434 [pyphi.compute.subsystem] INFO MainProcess: Finished calculating big-phi data for Subsystem(n0, n1, n2, n3).
2026-05-16 04:56:07,436 [pyphi.compute.subsystem] INFO MainProcess: Calculating big-phi data for Subsystem(n0, n1, n2, n3)...
2026-05-16 04:56:09,836 [pyphi.conf] INFO Process-35: PyPhi v1.2.0
2026-05-16 04:56:09,836 [pyphi.conf] INFO Process-35: Using default configuration (no configuration file provided)
2026-05-16 04:56:09,837 [pyphi.conf] INFO Process-35: Current PyPhi configuration:
 { 'ASSUME_CUTS_CANNOT_CREATE_NEW_CONCEPTS': False,
  'CACHE_POTENTIAL_PURVIEWS': True,
  'CACHE_REPERTOIRES': True,
  'CACHE_SIAS': False,
  'CACHING_BACKEND': 'fs',
  'CLEAR_SUBSYSTEM_CACHES_AFTER_COMPUTING_SIA': False,
  'CUT_ONE_APPROXIMATION': False,
  'FS_CACHE_DIRECTORY': '__pyphi_cache__',
  'FS_CACHE_VERBOSITY': 0,
  'LOG_FILE': 'pyphi.log',
  'LOG_FILE_LEVEL': 'INFO',
  'LOG_STDOUT_LEVEL': 'WARNING',
  'MAXIMUM_CACHE_MEMORY_PERCENTAGE': 50,
  'MEASURE': 'EMD',
  'MONGODB_CONFIG': { 'collection_name': 'cache',
                      'database_name': 'pyphi',
                      'host': 'localhost',
                      'port': 27017},
  'NUMBER_OF_CORES': -1,
  'PARALLEL_COMPLEX_EVALUATION': False,
  'PARALLEL_CONCEPT_EVALUATION': False,
  'PARALLEL_CUT_EVALUATION': True,
  'PARTITION_TYPE': 'BI',
  'PICK_SMALLEST_PURVIEW': False,
  'PRECISION': 6,
  'PRINT_FRACTIONS': True,
  'PROGRESS_BARS': True,
  'REDIS_CACHE': False,
  'REDIS_CONFIG': {'db': 0, 'host': 'localhost', 'port': 6379, 'test_db': 1},
  'REPR_VERBOSITY': 2,
  'SINGLE_MICRO_NODES_WITH_SELFLOOPS_HAVE_PHI': False,
  'SYSTEM_CUTS': '3.0_STYLE',
  'USE_SMALL_PHI_DIFFERENCE_FOR_CES_DISTANCE': False,
  'VALIDATE_CONDITIONAL_INDEPENDENCE': True,
  'VALIDATE_SUBSYSTEM_STATES': True,
  'WELCOME_OFF': False}
2026-05-16 04:56:17,707 [pyphi.conf] INFO Process-36: PyPhi v1.2.0
2026-05-16 04:56:17,707 [pyphi.conf] INFO Process-36: Using default configuration (no configuration file provided)
2026-05-16 04:56:17,708 [pyphi.conf] INFO Process-36: Current PyPhi configuration:
 { 'ASSUME_CUTS_CANNOT_CREATE_NEW_CONCEPTS': False,
  'CACHE_POTENTIAL_PURVIEWS': True,
  'CACHE_REPERTOIRES': True,
  'CACHE_SIAS': False,
  'CACHING_BACKEND': 'fs',
  'CLEAR_SUBSYSTEM_CACHES_AFTER_COMPUTING_SIA': False,
  'CUT_ONE_APPROXIMATION': False,
  'FS_CACHE_DIRECTORY': '__pyphi_cache__',
  'FS_CACHE_VERBOSITY': 0,
  'LOG_FILE': 'pyphi.log',
  'LOG_FILE_LEVEL': 'INFO',
  'LOG_STDOUT_LEVEL': 'WARNING',
  'MAXIMUM_CACHE_MEMORY_PERCENTAGE': 50,
  'MEASURE': 'EMD',
  'MONGODB_CONFIG': { 'collection_name': 'cache',
                      'database_name': 'pyphi',
                      'host': 'localhost',
                      'port': 27017},
  'NUMBER_OF_CORES': -1,
  'PARALLEL_COMPLEX_EVALUATION': False,
  'PARALLEL_CONCEPT_EVALUATION': False,
  'PARALLEL_CUT_EVALUATION': True,
  'PARTITION_TYPE': 'BI',
  'PICK_SMALLEST_PURVIEW': False,
  'PRECISION': 6,
  'PRINT_FRACTIONS': True,
  'PROGRESS_BARS': True,
  'REDIS_CACHE': False,
  'REDIS_CONFIG': {'db': 0, 'host': 'localhost', 'port': 6379, 'test_db': 1},
  'REPR_VERBOSITY': 2,
  'SINGLE_MICRO_NODES_WITH_SELFLOOPS_HAVE_PHI': False,
  'SYSTEM_CUTS': '3.0_STYLE',
  'USE_SMALL_PHI_DIFFERENCE_FOR_CES_DISTANCE': False,
  'VALIDATE_CONDITIONAL_INDEPENDENCE': True,
  'VALIDATE_SUBSYSTEM_STATES': True,
  'WELCOME_OFF': False}
2026-05-16 04:56:22,956 [pyphi.compute.subsystem] INFO MainProcess: Finished calculating big-phi data for Subsystem(n0, n1, n2, n3).
2026-05-16 04:56:22,960 [pyphi.compute.subsystem] INFO MainProcess: Calculating big-phi data for Subsystem(n0, n1, n2, n3)...
2026-05-16 04:56:25,553 [pyphi.conf] INFO Process-37: PyPhi v1.2.0
2026-05-16 04:56:25,554 [pyphi.conf] INFO Process-37: Using default configuration (no configuration file provided)
2026-05-16 04:56:25,555 [pyphi.conf] INFO Process-37: Current PyPhi configuration:
 { 'ASSUME_CUTS_CANNOT_CREATE_NEW_CONCEPTS': False,
  'CACHE_POTENTIAL_PURVIEWS': True,
  'CACHE_REPERTOIRES': True,
  'CACHE_SIAS': False,
  'CACHING_BACKEND': 'fs',
  'CLEAR_SUBSYSTEM_CACHES_AFTER_COMPUTING_SIA': False,
  'CUT_ONE_APPROXIMATION': False,
  'FS_CACHE_DIRECTORY': '__pyphi_cache__',
  'FS_CACHE_VERBOSITY': 0,
  'LOG_FILE': 'pyphi.log',
  'LOG_FILE_LEVEL': 'INFO',
  'LOG_STDOUT_LEVEL': 'WARNING',
  'MAXIMUM_CACHE_MEMORY_PERCENTAGE': 50,
  'MEASURE': 'EMD',
  'MONGODB_CONFIG': { 'collection_name': 'cache',
                      'database_name': 'pyphi',
                      'host': 'localhost',
                      'port': 27017},
  'NUMBER_OF_CORES': -1,
  'PARALLEL_COMPLEX_EVALUATION': False,
  'PARALLEL_CONCEPT_EVALUATION': False,
  'PARALLEL_CUT_EVALUATION': True,
  'PARTITION_TYPE': 'BI',
  'PICK_SMALLEST_PURVIEW': False,
  'PRECISION': 6,
  'PRINT_FRACTIONS': True,
  'PROGRESS_BARS': True,
  'REDIS_CACHE': False,
  'REDIS_CONFIG': {'db': 0, 'host': 'localhost', 'port': 6379, 'test_db': 1},
  'REPR_VERBOSITY': 2,
  'SINGLE_MICRO_NODES_WITH_SELFLOOPS_HAVE_PHI': False,
  'SYSTEM_CUTS': '3.0_STYLE',
  'USE_SMALL_PHI_DIFFERENCE_FOR_CES_DISTANCE': False,
  'VALIDATE_CONDITIONAL_INDEPENDENCE': True,
  'VALIDATE_SUBSYSTEM_STATES': True,
  'WELCOME_OFF': False}
2026-05-16 04:56:34,117 [pyphi.conf] INFO Process-38: PyPhi v1.2.0
2026-05-16 04:56:34,118 [pyphi.conf] INFO Process-38: Using default configuration (no configuration file provided)
2026-05-16 04:56:34,119 [pyphi.conf] INFO Process-38: Current PyPhi configuration:
 { 'ASSUME_CUTS_CANNOT_CREATE_NEW_CONCEPTS': False,
  'CACHE_POTENTIAL_PURVIEWS': True,
  'CACHE_REPERTOIRES': True,
  'CACHE_SIAS': False,
  'CACHING_BACKEND': 'fs',
  'CLEAR_SUBSYSTEM_CACHES_AFTER_COMPUTING_SIA': False,
  'CUT_ONE_APPROXIMATION': False,
  'FS_CACHE_DIRECTORY': '__pyphi_cache__',
  'FS_CACHE_VERBOSITY': 0,
  'LOG_FILE': 'pyphi.log',
  'LOG_FILE_LEVEL': 'INFO',
  'LOG_STDOUT_LEVEL': 'WARNING',
  'MAXIMUM_CACHE_MEMORY_PERCENTAGE': 50,
  'MEASURE': 'EMD',
  'MONGODB_CONFIG': { 'collection_name': 'cache',
                      'database_name': 'pyphi',
                      'host': 'localhost',
                      'port': 27017},
  'NUMBER_OF_CORES': -1,
  'PARALLEL_COMPLEX_EVALUATION': False,
  'PARALLEL_CONCEPT_EVALUATION': False,
  'PARALLEL_CUT_EVALUATION': True,
  'PARTITION_TYPE': 'BI',
  'PICK_SMALLEST_PURVIEW': False,
  'PRECISION': 6,
  'PRINT_FRACTIONS': True,
  'PROGRESS_BARS': True,
  'REDIS_CACHE': False,
  'REDIS_CONFIG': {'db': 0, 'host': 'localhost', 'port': 6379, 'test_db': 1},
  'REPR_VERBOSITY': 2,
  'SINGLE_MICRO_NODES_WITH_SELFLOOPS_HAVE_PHI': False,
  'SYSTEM_CUTS': '3.0_STYLE',
  'USE_SMALL_PHI_DIFFERENCE_FOR_CES_DISTANCE': False,
  'VALIDATE_CONDITIONAL_INDEPENDENCE': True,
  'VALIDATE_SUBSYSTEM_STATES': True,
  'WELCOME_OFF': False}
2026-05-16 04:56:40,296 [pyphi.compute.subsystem] INFO MainProcess: Finished calculating big-phi data for Subsystem(n0, n1, n2, n3).
2026-05-16 04:56:40,297 [pyphi.compute.subsystem] INFO MainProcess: Calculating big-phi data for Subsystem(n0, n1, n2, n3)...
2026-05-16 04:56:43,032 [pyphi.conf] INFO Process-39: PyPhi v1.2.0
2026-05-16 04:56:43,033 [pyphi.conf] INFO Process-39: Using default configuration (no configuration file provided)
2026-05-16 04:56:43,033 [pyphi.conf] INFO Process-39: Current PyPhi configuration:
 { 'ASSUME_CUTS_CANNOT_CREATE_NEW_CONCEPTS': False,
  'CACHE_POTENTIAL_PURVIEWS': True,
  'CACHE_REPERTOIRES': True,
  'CACHE_SIAS': False,
  'CACHING_BACKEND': 'fs',
  'CLEAR_SUBSYSTEM_CACHES_AFTER_COMPUTING_SIA': False,
  'CUT_ONE_APPROXIMATION': False,
  'FS_CACHE_DIRECTORY': '__pyphi_cache__',
  'FS_CACHE_VERBOSITY': 0,
  'LOG_FILE': 'pyphi.log',
  'LOG_FILE_LEVEL': 'INFO',
  'LOG_STDOUT_LEVEL': 'WARNING',
  'MAXIMUM_CACHE_MEMORY_PERCENTAGE': 50,
  'MEASURE': 'EMD',
  'MONGODB_CONFIG': { 'collection_name': 'cache',
                      'database_name': 'pyphi',
                      'host': 'localhost',
                      'port': 27017},
  'NUMBER_OF_CORES': -1,
  'PARALLEL_COMPLEX_EVALUATION': False,
  'PARALLEL_CONCEPT_EVALUATION': False,
  'PARALLEL_CUT_EVALUATION': True,
  'PARTITION_TYPE': 'BI',
  'PICK_SMALLEST_PURVIEW': False,
  'PRECISION': 6,
  'PRINT_FRACTIONS': True,
  'PROGRESS_BARS': True,
  'REDIS_CACHE': False,
  'REDIS_CONFIG': {'db': 0, 'host': 'localhost', 'port': 6379, 'test_db': 1},
  'REPR_VERBOSITY': 2,
  'SINGLE_MICRO_NODES_WITH_SELFLOOPS_HAVE_PHI': False,
  'SYSTEM_CUTS': '3.0_STYLE',
  'USE_SMALL_PHI_DIFFERENCE_FOR_CES_DISTANCE': False,
  'VALIDATE_CONDITIONAL_INDEPENDENCE': True,
  'VALIDATE_SUBSYSTEM_STATES': True,
  'WELCOME_OFF': False}
2026-05-16 04:56:50,745 [pyphi.conf] INFO Process-40: PyPhi v1.2.0
2026-05-16 04:56:50,746 [pyphi.conf] INFO Process-40: Using default configuration (no configuration file provided)
2026-05-16 04:56:50,746 [pyphi.conf] INFO Process-40: Current PyPhi configuration:
 { 'ASSUME_CUTS_CANNOT_CREATE_NEW_CONCEPTS': False,
  'CACHE_POTENTIAL_PURVIEWS': True,
  'CACHE_REPERTOIRES': True,
  'CACHE_SIAS': False,
  'CACHING_BACKEND': 'fs',
  'CLEAR_SUBSYSTEM_CACHES_AFTER_COMPUTING_SIA': False,
  'CUT_ONE_APPROXIMATION': False,
  'FS_CACHE_DIRECTORY': '__pyphi_cache__',
  'FS_CACHE_VERBOSITY': 0,
  'LOG_FILE': 'pyphi.log',
  'LOG_FILE_LEVEL': 'INFO',
  'LOG_STDOUT_LEVEL': 'WARNING',
  'MAXIMUM_CACHE_MEMORY_PERCENTAGE': 50,
  'MEASURE': 'EMD',
  'MONGODB_CONFIG': { 'collection_name': 'cache',
                      'database_name': 'pyphi',
                      'host': 'localhost',
                      'port': 27017},
  'NUMBER_OF_CORES': -1,
  'PARALLEL_COMPLEX_EVALUATION': False,
  'PARALLEL_CONCEPT_EVALUATION': False,
  'PARALLEL_CUT_EVALUATION': True,
  'PARTITION_TYPE': 'BI',
  'PICK_SMALLEST_PURVIEW': False,
  'PRECISION': 6,
  'PRINT_FRACTIONS': True,
  'PROGRESS_BARS': True,
  'REDIS_CACHE': False,
  'REDIS_CONFIG': {'db': 0, 'host': 'localhost', 'port': 6379, 'test_db': 1},
  'REPR_VERBOSITY': 2,
  'SINGLE_MICRO_NODES_WITH_SELFLOOPS_HAVE_PHI': False,
  'SYSTEM_CUTS': '3.0_STYLE',
  'USE_SMALL_PHI_DIFFERENCE_FOR_CES_DISTANCE': False,
  'VALIDATE_CONDITIONAL_INDEPENDENCE': True,
  'VALIDATE_SUBSYSTEM_STATES': True,
  'WELCOME_OFF': False}
2026-05-16 04:56:56,111 [pyphi.compute.subsystem] INFO MainProcess: Finished calculating big-phi data for Subsystem(n0, n1, n2, n3).
2026-05-16 04:56:56,114 [pyphi.compute.subsystem] INFO MainProcess: Calculating big-phi data for Subsystem(n0, n1, n2, n3)...
2026-05-16 04:56:58,491 [pyphi.conf] INFO Process-41: PyPhi v1.2.0
2026-05-16 04:56:58,491 [pyphi.conf] INFO Process-41: Using default configuration (no configuration file provided)
2026-05-16 04:56:58,492 [pyphi.conf] INFO Process-41: Current PyPhi configuration:
 { 'ASSUME_CUTS_CANNOT_CREATE_NEW_CONCEPTS': False,
  'CACHE_POTENTIAL_PURVIEWS': True,
  'CACHE_REPERTOIRES': True,
  'CACHE_SIAS': False,
  'CACHING_BACKEND': 'fs',
  'CLEAR_SUBSYSTEM_CACHES_AFTER_COMPUTING_SIA': False,
  'CUT_ONE_APPROXIMATION': False,
  'FS_CACHE_DIRECTORY': '__pyphi_cache__',
  'FS_CACHE_VERBOSITY': 0,
  'LOG_FILE': 'pyphi.log',
  'LOG_FILE_LEVEL': 'INFO',
  'LOG_STDOUT_LEVEL': 'WARNING',
  'MAXIMUM_CACHE_MEMORY_PERCENTAGE': 50,
  'MEASURE': 'EMD',
  'MONGODB_CONFIG': { 'collection_name': 'cache',
                      'database_name': 'pyphi',
                      'host': 'localhost',
                      'port': 27017},
  'NUMBER_OF_CORES': -1,
  'PARALLEL_COMPLEX_EVALUATION': False,
  'PARALLEL_CONCEPT_EVALUATION': False,
  'PARALLEL_CUT_EVALUATION': True,
  'PARTITION_TYPE': 'BI',
  'PICK_SMALLEST_PURVIEW': False,
  'PRECISION': 6,
  'PRINT_FRACTIONS': True,
  'PROGRESS_BARS': True,
  'REDIS_CACHE': False,
  'REDIS_CONFIG': {'db': 0, 'host': 'localhost', 'port': 6379, 'test_db': 1},
  'REPR_VERBOSITY': 2,
  'SINGLE_MICRO_NODES_WITH_SELFLOOPS_HAVE_PHI': False,
  'SYSTEM_CUTS': '3.0_STYLE',
  'USE_SMALL_PHI_DIFFERENCE_FOR_CES_DISTANCE': False,
  'VALIDATE_CONDITIONAL_INDEPENDENCE': True,
  'VALIDATE_SUBSYSTEM_STATES': True,
  'WELCOME_OFF': False}
2026-05-16 04:57:04,944 [pyphi.conf] INFO Process-42: PyPhi v1.2.0
2026-05-16 04:57:04,944 [pyphi.conf] INFO Process-42: Using default configuration (no configuration file provided)
2026-05-16 04:57:04,945 [pyphi.conf] INFO Process-42: Current PyPhi configuration:
 { 'ASSUME_CUTS_CANNOT_CREATE_NEW_CONCEPTS': False,
  'CACHE_POTENTIAL_PURVIEWS': True,
  'CACHE_REPERTOIRES': True,
  'CACHE_SIAS': False,
  'CACHING_BACKEND': 'fs',
  'CLEAR_SUBSYSTEM_CACHES_AFTER_COMPUTING_SIA': False,
  'CUT_ONE_APPROXIMATION': False,
  'FS_CACHE_DIRECTORY': '__pyphi_cache__',
  'FS_CACHE_VERBOSITY': 0,
  'LOG_FILE': 'pyphi.log',
  'LOG_FILE_LEVEL': 'INFO',
  'LOG_STDOUT_LEVEL': 'WARNING',
  'MAXIMUM_CACHE_MEMORY_PERCENTAGE': 50,
  'MEASURE': 'EMD',
  'MONGODB_CONFIG': { 'collection_name': 'cache',
                      'database_name': 'pyphi',
                      'host': 'localhost',
                      'port': 27017},
  'NUMBER_OF_CORES': -1,
  'PARALLEL_COMPLEX_EVALUATION': False,
  'PARALLEL_CONCEPT_EVALUATION': False,
  'PARALLEL_CUT_EVALUATION': True,
  'PARTITION_TYPE': 'BI',
  'PICK_SMALLEST_PURVIEW': False,
  'PRECISION': 6,
  'PRINT_FRACTIONS': True,
  'PROGRESS_BARS': True,
  'REDIS_CACHE': False,
  'REDIS_CONFIG': {'db': 0, 'host': 'localhost', 'port': 6379, 'test_db': 1},
  'REPR_VERBOSITY': 2,
  'SINGLE_MICRO_NODES_WITH_SELFLOOPS_HAVE_PHI': False,
  'SYSTEM_CUTS': '3.0_STYLE',
  'USE_SMALL_PHI_DIFFERENCE_FOR_CES_DISTANCE': False,
  'VALIDATE_CONDITIONAL_INDEPENDENCE': True,
  'VALIDATE_SUBSYSTEM_STATES': True,
  'WELCOME_OFF': False}
2026-05-16 04:57:09,807 [pyphi.compute.subsystem] INFO MainProcess: Finished calculating big-phi data for Subsystem(n0, n1, n2, n3).
2026-05-16 04:57:09,810 [pyphi.compute.subsystem] INFO MainProcess: Calculating big-phi data for Subsystem(n0, n1, n2, n3)...
2026-05-16 04:57:12,334 [pyphi.conf] INFO Process-43: PyPhi v1.2.0
2026-05-16 04:57:12,334 [pyphi.conf] INFO Process-43: Using default configuration (no configuration file provided)
2026-05-16 04:57:12,334 [pyphi.conf] INFO Process-43: Current PyPhi configuration:
 { 'ASSUME_CUTS_CANNOT_CREATE_NEW_CONCEPTS': False,
  'CACHE_POTENTIAL_PURVIEWS': True,
  'CACHE_REPERTOIRES': True,
  'CACHE_SIAS': False,
  'CACHING_BACKEND': 'fs',
  'CLEAR_SUBSYSTEM_CACHES_AFTER_COMPUTING_SIA': False,
  'CUT_ONE_APPROXIMATION': False,
  'FS_CACHE_DIRECTORY': '__pyphi_cache__',
  'FS_CACHE_VERBOSITY': 0,
  'LOG_FILE': 'pyphi.log',
  'LOG_FILE_LEVEL': 'INFO',
  'LOG_STDOUT_LEVEL': 'WARNING',
  'MAXIMUM_CACHE_MEMORY_PERCENTAGE': 50,
  'MEASURE': 'EMD',
  'MONGODB_CONFIG': { 'collection_name': 'cache',
                      'database_name': 'pyphi',
                      'host': 'localhost',
                      'port': 27017},
  'NUMBER_OF_CORES': -1,
  'PARALLEL_COMPLEX_EVALUATION': False,
  'PARALLEL_CONCEPT_EVALUATION': False,
  'PARALLEL_CUT_EVALUATION': True,
  'PARTITION_TYPE': 'BI',
  'PICK_SMALLEST_PURVIEW': False,
  'PRECISION': 6,
  'PRINT_FRACTIONS': True,
  'PROGRESS_BARS': True,
  'REDIS_CACHE': False,
  'REDIS_CONFIG': {'db': 0, 'host': 'localhost', 'port': 6379, 'test_db': 1},
  'REPR_VERBOSITY': 2,
  'SINGLE_MICRO_NODES_WITH_SELFLOOPS_HAVE_PHI': False,
  'SYSTEM_CUTS': '3.0_STYLE',
  'USE_SMALL_PHI_DIFFERENCE_FOR_CES_DISTANCE': False,
  'VALIDATE_CONDITIONAL_INDEPENDENCE': True,
  'VALIDATE_SUBSYSTEM_STATES': True,
  'WELCOME_OFF': False}
2026-05-16 04:57:18,397 [pyphi.conf] INFO Process-44: PyPhi v1.2.0
2026-05-16 04:57:18,397 [pyphi.conf] INFO Process-44: Using default configuration (no configuration file provided)
2026-05-16 04:57:18,398 [pyphi.conf] INFO Process-44: Current PyPhi configuration:
 { 'ASSUME_CUTS_CANNOT_CREATE_NEW_CONCEPTS': False,
  'CACHE_POTENTIAL_PURVIEWS': True,
  'CACHE_REPERTOIRES': True,
  'CACHE_SIAS': False,
  'CACHING_BACKEND': 'fs',
  'CLEAR_SUBSYSTEM_CACHES_AFTER_COMPUTING_SIA': False,
  'CUT_ONE_APPROXIMATION': False,
  'FS_CACHE_DIRECTORY': '__pyphi_cache__',
  'FS_CACHE_VERBOSITY': 0,
  'LOG_FILE': 'pyphi.log',
  'LOG_FILE_LEVEL': 'INFO',
  'LOG_STDOUT_LEVEL': 'WARNING',
  'MAXIMUM_CACHE_MEMORY_PERCENTAGE': 50,
  'MEASURE': 'EMD',
  'MONGODB_CONFIG': { 'collection_name': 'cache',
                      'database_name': 'pyphi',
                      'host': 'localhost',
                      'port': 27017},
  'NUMBER_OF_CORES': -1,
  'PARALLEL_COMPLEX_EVALUATION': False,
  'PARALLEL_CONCEPT_EVALUATION': False,
  'PARALLEL_CUT_EVALUATION': True,
  'PARTITION_TYPE': 'BI',
  'PICK_SMALLEST_PURVIEW': False,
  'PRECISION': 6,
  'PRINT_FRACTIONS': True,
  'PROGRESS_BARS': True,
  'REDIS_CACHE': False,
  'REDIS_CONFIG': {'db': 0, 'host': 'localhost', 'port': 6379, 'test_db': 1},
  'REPR_VERBOSITY': 2,
  'SINGLE_MICRO_NODES_WITH_SELFLOOPS_HAVE_PHI': False,
  'SYSTEM_CUTS': '3.0_STYLE',
  'USE_SMALL_PHI_DIFFERENCE_FOR_CES_DISTANCE': False,
  'VALIDATE_CONDITIONAL_INDEPENDENCE': True,
  'VALIDATE_SUBSYSTEM_STATES': True,
  'WELCOME_OFF': False}
2026-05-16 04:57:22,570 [pyphi.compute.subsystem] INFO MainProcess: Finished calculating big-phi data for Subsystem(n0, n1, n2, n3).
2026-05-16 04:57:22,572 [pyphi.compute.subsystem] INFO MainProcess: Calculating big-phi data for Subsystem(n0, n1, n2, n3)...
2026-05-16 04:57:24,288 [pyphi.conf] INFO Process-45: PyPhi v1.2.0
2026-05-16 04:57:24,288 [pyphi.conf] INFO Process-45: Using default configuration (no configuration file provided)
2026-05-16 04:57:24,288 [pyphi.conf] INFO Process-45: Current PyPhi configuration:
 { 'ASSUME_CUTS_CANNOT_CREATE_NEW_CONCEPTS': False,
  'CACHE_POTENTIAL_PURVIEWS': True,
  'CACHE_REPERTOIRES': True,
  'CACHE_SIAS': False,
  'CACHING_BACKEND': 'fs',
  'CLEAR_SUBSYSTEM_CACHES_AFTER_COMPUTING_SIA': False,
  'CUT_ONE_APPROXIMATION': False,
  'FS_CACHE_DIRECTORY': '__pyphi_cache__',
  'FS_CACHE_VERBOSITY': 0,
  'LOG_FILE': 'pyphi.log',
  'LOG_FILE_LEVEL': 'INFO',
  'LOG_STDOUT_LEVEL': 'WARNING',
  'MAXIMUM_CACHE_MEMORY_PERCENTAGE': 50,
  'MEASURE': 'EMD',
  'MONGODB_CONFIG': { 'collection_name': 'cache',
                      'database_name': 'pyphi',
                      'host': 'localhost',
                      'port': 27017},
  'NUMBER_OF_CORES': -1,
  'PARALLEL_COMPLEX_EVALUATION': False,
  'PARALLEL_CONCEPT_EVALUATION': False,
  'PARALLEL_CUT_EVALUATION': True,
  'PARTITION_TYPE': 'BI',
  'PICK_SMALLEST_PURVIEW': False,
  'PRECISION': 6,
  'PRINT_FRACTIONS': True,
  'PROGRESS_BARS': True,
  'REDIS_CACHE': False,
  'REDIS_CONFIG': {'db': 0, 'host': 'localhost', 'port': 6379, 'test_db': 1},
  'REPR_VERBOSITY': 2,
  'SINGLE_MICRO_NODES_WITH_SELFLOOPS_HAVE_PHI': False,
  'SYSTEM_CUTS': '3.0_STYLE',
  'USE_SMALL_PHI_DIFFERENCE_FOR_CES_DISTANCE': False,
  'VALIDATE_CONDITIONAL_INDEPENDENCE': True,
  'VALIDATE_SUBSYSTEM_STATES': True,
  'WELCOME_OFF': False}
2026-05-16 04:57:29,767 [pyphi.conf] INFO Process-46: PyPhi v1.2.0
2026-05-16 04:57:29,767 [pyphi.conf] INFO Process-46: Using default configuration (no configuration file provided)
2026-05-16 04:57:29,767 [pyphi.conf] INFO Process-46: Current PyPhi configuration:
 { 'ASSUME_CUTS_CANNOT_CREATE_NEW_CONCEPTS': False,
  'CACHE_POTENTIAL_PURVIEWS': True,
  'CACHE_REPERTOIRES': True,
  'CACHE_SIAS': False,
  'CACHING_BACKEND': 'fs',
  'CLEAR_SUBSYSTEM_CACHES_AFTER_COMPUTING_SIA': False,
  'CUT_ONE_APPROXIMATION': False,
  'FS_CACHE_DIRECTORY': '__pyphi_cache__',
  'FS_CACHE_VERBOSITY': 0,
  'LOG_FILE': 'pyphi.log',
  'LOG_FILE_LEVEL': 'INFO',
  'LOG_STDOUT_LEVEL': 'WARNING',
  'MAXIMUM_CACHE_MEMORY_PERCENTAGE': 50,
  'MEASURE': 'EMD',
  'MONGODB_CONFIG': { 'collection_name': 'cache',
                      'database_name': 'pyphi',
                      'host': 'localhost',
                      'port': 27017},
  'NUMBER_OF_CORES': -1,
  'PARALLEL_COMPLEX_EVALUATION': False,
  'PARALLEL_CONCEPT_EVALUATION': False,
  'PARALLEL_CUT_EVALUATION': True,
  'PARTITION_TYPE': 'BI',
  'PICK_SMALLEST_PURVIEW': False,
  'PRECISION': 6,
  'PRINT_FRACTIONS': True,
  'PROGRESS_BARS': True,
  'REDIS_CACHE': False,
  'REDIS_CONFIG': {'db': 0, 'host': 'localhost', 'port': 6379, 'test_db': 1},
  'REPR_VERBOSITY': 2,
  'SINGLE_MICRO_NODES_WITH_SELFLOOPS_HAVE_PHI': False,
  'SYSTEM_CUTS': '3.0_STYLE',
  'USE_SMALL_PHI_DIFFERENCE_FOR_CES_DISTANCE': False,
  'VALIDATE_CONDITIONAL_INDEPENDENCE': True,
  'VALIDATE_SUBSYSTEM_STATES': True,
  'WELCOME_OFF': False}
2026-05-16 04:57:33,711 [pyphi.compute.subsystem] INFO MainProcess: Finished calculating big-phi data for Subsystem(n0, n1, n2, n3).
2026-05-16 04:57:33,713 [pyphi.compute.subsystem] INFO MainProcess: Calculating big-phi data for Subsystem(n0, n1, n2, n3)...
2026-05-16 04:57:35,378 [pyphi.conf] INFO Process-47: PyPhi v1.2.0
2026-05-16 04:57:35,379 [pyphi.conf] INFO Process-47: Using default configuration (no configuration file provided)
2026-05-16 04:57:35,379 [pyphi.conf] INFO Process-47: Current PyPhi configuration:
 { 'ASSUME_CUTS_CANNOT_CREATE_NEW_CONCEPTS': False,
  'CACHE_POTENTIAL_PURVIEWS': True,
  'CACHE_REPERTOIRES': True,
  'CACHE_SIAS': False,
  'CACHING_BACKEND': 'fs',
  'CLEAR_SUBSYSTEM_CACHES_AFTER_COMPUTING_SIA': False,
  'CUT_ONE_APPROXIMATION': False,
  'FS_CACHE_DIRECTORY': '__pyphi_cache__',
  'FS_CACHE_VERBOSITY': 0,
  'LOG_FILE': 'pyphi.log',
  'LOG_FILE_LEVEL': 'INFO',
  'LOG_STDOUT_LEVEL': 'WARNING',
  'MAXIMUM_CACHE_MEMORY_PERCENTAGE': 50,
  'MEASURE': 'EMD',
  'MONGODB_CONFIG': { 'collection_name': 'cache',
                      'database_name': 'pyphi',
                      'host': 'localhost',
                      'port': 27017},
  'NUMBER_OF_CORES': -1,
  'PARALLEL_COMPLEX_EVALUATION': False,
  'PARALLEL_CONCEPT_EVALUATION': False,
  'PARALLEL_CUT_EVALUATION': True,
  'PARTITION_TYPE': 'BI',
  'PICK_SMALLEST_PURVIEW': False,
  'PRECISION': 6,
  'PRINT_FRACTIONS': True,
  'PROGRESS_BARS': True,
  'REDIS_CACHE': False,
  'REDIS_CONFIG': {'db': 0, 'host': 'localhost', 'port': 6379, 'test_db': 1},
  'REPR_VERBOSITY': 2,
  'SINGLE_MICRO_NODES_WITH_SELFLOOPS_HAVE_PHI': False,
  'SYSTEM_CUTS': '3.0_STYLE',
  'USE_SMALL_PHI_DIFFERENCE_FOR_CES_DISTANCE': False,
  'VALIDATE_CONDITIONAL_INDEPENDENCE': True,
  'VALIDATE_SUBSYSTEM_STATES': True,
  'WELCOME_OFF': False}
2026-05-16 04:57:40,869 [pyphi.conf] INFO Process-48: PyPhi v1.2.0
2026-05-16 04:57:40,870 [pyphi.conf] INFO Process-48: Using default configuration (no configuration file provided)
2026-05-16 04:57:40,870 [pyphi.conf] INFO Process-48: Current PyPhi configuration:
 { 'ASSUME_CUTS_CANNOT_CREATE_NEW_CONCEPTS': False,
  'CACHE_POTENTIAL_PURVIEWS': True,
  'CACHE_REPERTOIRES': True,
  'CACHE_SIAS': False,
  'CACHING_BACKEND': 'fs',
  'CLEAR_SUBSYSTEM_CACHES_AFTER_COMPUTING_SIA': False,
  'CUT_ONE_APPROXIMATION': False,
  'FS_CACHE_DIRECTORY': '__pyphi_cache__',
  'FS_CACHE_VERBOSITY': 0,
  'LOG_FILE': 'pyphi.log',
  'LOG_FILE_LEVEL': 'INFO',
  'LOG_STDOUT_LEVEL': 'WARNING',
  'MAXIMUM_CACHE_MEMORY_PERCENTAGE': 50,
  'MEASURE': 'EMD',
  'MONGODB_CONFIG': { 'collection_name': 'cache',
                      'database_name': 'pyphi',
                      'host': 'localhost',
                      'port': 27017},
  'NUMBER_OF_CORES': -1,
  'PARALLEL_COMPLEX_EVALUATION': False,
  'PARALLEL_CONCEPT_EVALUATION': False,
  'PARALLEL_CUT_EVALUATION': True,
  'PARTITION_TYPE': 'BI',
  'PICK_SMALLEST_PURVIEW': False,
  'PRECISION': 6,
  'PRINT_FRACTIONS': True,
  'PROGRESS_BARS': True,
  'REDIS_CACHE': False,
  'REDIS_CONFIG': {'db': 0, 'host': 'localhost', 'port': 6379, 'test_db': 1},
  'REPR_VERBOSITY': 2,
  'SINGLE_MICRO_NODES_WITH_SELFLOOPS_HAVE_PHI': False,
  'SYSTEM_CUTS': '3.0_STYLE',
  'USE_SMALL_PHI_DIFFERENCE_FOR_CES_DISTANCE': False,
  'VALIDATE_CONDITIONAL_INDEPENDENCE': True,
  'VALIDATE_SUBSYSTEM_STATES': True,
  'WELCOME_OFF': False}
2026-05-16 04:57:45,189 [pyphi.compute.subsystem] INFO MainProcess: Finished calculating big-phi data for Subsystem(n0, n1, n2, n3).
2026-05-16 04:57:45,191 [pyphi.compute.subsystem] INFO MainProcess: Calculating big-phi data for Subsystem(n0, n1, n2, n3)...
2026-05-16 04:57:47,272 [pyphi.conf] INFO Process-49: PyPhi v1.2.0
2026-05-16 04:57:47,272 [pyphi.conf] INFO Process-49: Using default configuration (no configuration file provided)
2026-05-16 04:57:47,273 [pyphi.conf] INFO Process-49: Current PyPhi configuration:
 { 'ASSUME_CUTS_CANNOT_CREATE_NEW_CONCEPTS': False,
  'CACHE_POTENTIAL_PURVIEWS': True,
  'CACHE_REPERTOIRES': True,
  'CACHE_SIAS': False,
  'CACHING_BACKEND': 'fs',
  'CLEAR_SUBSYSTEM_CACHES_AFTER_COMPUTING_SIA': False,
  'CUT_ONE_APPROXIMATION': False,
  'FS_CACHE_DIRECTORY': '__pyphi_cache__',
  'FS_CACHE_VERBOSITY': 0,
  'LOG_FILE': 'pyphi.log',
  'LOG_FILE_LEVEL': 'INFO',
  'LOG_STDOUT_LEVEL': 'WARNING',
  'MAXIMUM_CACHE_MEMORY_PERCENTAGE': 50,
  'MEASURE': 'EMD',
  'MONGODB_CONFIG': { 'collection_name': 'cache',
                      'database_name': 'pyphi',
                      'host': 'localhost',
                      'port': 27017},
  'NUMBER_OF_CORES': -1,
  'PARALLEL_COMPLEX_EVALUATION': False,
  'PARALLEL_CONCEPT_EVALUATION': False,
  'PARALLEL_CUT_EVALUATION': True,
  'PARTITION_TYPE': 'BI',
  'PICK_SMALLEST_PURVIEW': False,
  'PRECISION': 6,
  'PRINT_FRACTIONS': True,
  'PROGRESS_BARS': True,
  'REDIS_CACHE': False,
  'REDIS_CONFIG': {'db': 0, 'host': 'localhost', 'port': 6379, 'test_db': 1},
  'REPR_VERBOSITY': 2,
  'SINGLE_MICRO_NODES_WITH_SELFLOOPS_HAVE_PHI': False,
  'SYSTEM_CUTS': '3.0_STYLE',
  'USE_SMALL_PHI_DIFFERENCE_FOR_CES_DISTANCE': False,
  'VALIDATE_CONDITIONAL_INDEPENDENCE': True,
  'VALIDATE_SUBSYSTEM_STATES': True,
  'WELCOME_OFF': False}
2026-05-16 04:57:53,902 [pyphi.conf] INFO Process-50: PyPhi v1.2.0
2026-05-16 04:57:53,902 [pyphi.conf] INFO Process-50: Using default configuration (no configuration file provided)
2026-05-16 04:57:53,902 [pyphi.conf] INFO Process-50: Current PyPhi configuration:
 { 'ASSUME_CUTS_CANNOT_CREATE_NEW_CONCEPTS': False,
  'CACHE_POTENTIAL_PURVIEWS': True,
  'CACHE_REPERTOIRES': True,
  'CACHE_SIAS': False,
  'CACHING_BACKEND': 'fs',
  'CLEAR_SUBSYSTEM_CACHES_AFTER_COMPUTING_SIA': False,
  'CUT_ONE_APPROXIMATION': False,
  'FS_CACHE_DIRECTORY': '__pyphi_cache__',
  'FS_CACHE_VERBOSITY': 0,
  'LOG_FILE': 'pyphi.log',
  'LOG_FILE_LEVEL': 'INFO',
  'LOG_STDOUT_LEVEL': 'WARNING',
  'MAXIMUM_CACHE_MEMORY_PERCENTAGE': 50,
  'MEASURE': 'EMD',
  'MONGODB_CONFIG': { 'collection_name': 'cache',
                      'database_name': 'pyphi',
                      'host': 'localhost',
                      'port': 27017},
  'NUMBER_OF_CORES': -1,
  'PARALLEL_COMPLEX_EVALUATION': False,
  'PARALLEL_CONCEPT_EVALUATION': False,
  'PARALLEL_CUT_EVALUATION': True,
  'PARTITION_TYPE': 'BI',
  'PICK_SMALLEST_PURVIEW': False,
  'PRECISION': 6,
  'PRINT_FRACTIONS': True,
  'PROGRESS_BARS': True,
  'REDIS_CACHE': False,
  'REDIS_CONFIG': {'db': 0, 'host': 'localhost', 'port': 6379, 'test_db': 1},
  'REPR_VERBOSITY': 2,
  'SINGLE_MICRO_NODES_WITH_SELFLOOPS_HAVE_PHI': False,
  'SYSTEM_CUTS': '3.0_STYLE',
  'USE_SMALL_PHI_DIFFERENCE_FOR_CES_DISTANCE': False,
  'VALIDATE_CONDITIONAL_INDEPENDENCE': True,
  'VALIDATE_SUBSYSTEM_STATES': True,
  'WELCOME_OFF': False}
2026-05-16 04:57:58,312 [pyphi.compute.subsystem] INFO MainProcess: Finished calculating big-phi data for Subsystem(n0, n1, n2, n3).
2026-05-16 04:57:58,313 [pyphi.compute.subsystem] INFO MainProcess: Calculating big-phi data for Subsystem(n0, n1, n2, n3)...
2026-05-16 04:58:00,328 [pyphi.conf] INFO Process-51: PyPhi v1.2.0
2026-05-16 04:58:00,328 [pyphi.conf] INFO Process-51: Using default configuration (no configuration file provided)
2026-05-16 04:58:00,328 [pyphi.conf] INFO Process-51: Current PyPhi configuration:
 { 'ASSUME_CUTS_CANNOT_CREATE_NEW_CONCEPTS': False,
  'CACHE_POTENTIAL_PURVIEWS': True,
  'CACHE_REPERTOIRES': True,
  'CACHE_SIAS': False,
  'CACHING_BACKEND': 'fs',
  'CLEAR_SUBSYSTEM_CACHES_AFTER_COMPUTING_SIA': False,
  'CUT_ONE_APPROXIMATION': False,
  'FS_CACHE_DIRECTORY': '__pyphi_cache__',
  'FS_CACHE_VERBOSITY': 0,
  'LOG_FILE': 'pyphi.log',
  'LOG_FILE_LEVEL': 'INFO',
  'LOG_STDOUT_LEVEL': 'WARNING',
  'MAXIMUM_CACHE_MEMORY_PERCENTAGE': 50,
  'MEASURE': 'EMD',
  'MONGODB_CONFIG': { 'collection_name': 'cache',
                      'database_name': 'pyphi',
                      'host': 'localhost',
                      'port': 27017},
  'NUMBER_OF_CORES': -1,
  'PARALLEL_COMPLEX_EVALUATION': False,
  'PARALLEL_CONCEPT_EVALUATION': False,
  'PARALLEL_CUT_EVALUATION': True,
  'PARTITION_TYPE': 'BI',
  'PICK_SMALLEST_PURVIEW': False,
  'PRECISION': 6,
  'PRINT_FRACTIONS': True,
  'PROGRESS_BARS': True,
  'REDIS_CACHE': False,
  'REDIS_CONFIG': {'db': 0, 'host': 'localhost', 'port': 6379, 'test_db': 1},
  'REPR_VERBOSITY': 2,
  'SINGLE_MICRO_NODES_WITH_SELFLOOPS_HAVE_PHI': False,
  'SYSTEM_CUTS': '3.0_STYLE',
  'USE_SMALL_PHI_DIFFERENCE_FOR_CES_DISTANCE': False,
  'VALIDATE_CONDITIONAL_INDEPENDENCE': True,
  'VALIDATE_SUBSYSTEM_STATES': True,
  'WELCOME_OFF': False}
2026-05-16 04:58:06,313 [pyphi.conf] INFO Process-52: PyPhi v1.2.0
2026-05-16 04:58:06,313 [pyphi.conf] INFO Process-52: Using default configuration (no configuration file provided)
2026-05-16 04:58:06,314 [pyphi.conf] INFO Process-52: Current PyPhi configuration:
 { 'ASSUME_CUTS_CANNOT_CREATE_NEW_CONCEPTS': False,
  'CACHE_POTENTIAL_PURVIEWS': True,
  'CACHE_REPERTOIRES': True,
  'CACHE_SIAS': False,
  'CACHING_BACKEND': 'fs',
  'CLEAR_SUBSYSTEM_CACHES_AFTER_COMPUTING_SIA': False,
  'CUT_ONE_APPROXIMATION': False,
  'FS_CACHE_DIRECTORY': '__pyphi_cache__',
  'FS_CACHE_VERBOSITY': 0,
  'LOG_FILE': 'pyphi.log',
  'LOG_FILE_LEVEL': 'INFO',
  'LOG_STDOUT_LEVEL': 'WARNING',
  'MAXIMUM_CACHE_MEMORY_PERCENTAGE': 50,
  'MEASURE': 'EMD',
  'MONGODB_CONFIG': { 'collection_name': 'cache',
                      'database_name': 'pyphi',
                      'host': 'localhost',
                      'port': 27017},
  'NUMBER_OF_CORES': -1,
  'PARALLEL_COMPLEX_EVALUATION': False,
  'PARALLEL_CONCEPT_EVALUATION': False,
  'PARALLEL_CUT_EVALUATION': True,
  'PARTITION_TYPE': 'BI',
  'PICK_SMALLEST_PURVIEW': False,
  'PRECISION': 6,
  'PRINT_FRACTIONS': True,
  'PROGRESS_BARS': True,
  'REDIS_CACHE': False,
  'REDIS_CONFIG': {'db': 0, 'host': 'localhost', 'port': 6379, 'test_db': 1},
  'REPR_VERBOSITY': 2,
  'SINGLE_MICRO_NODES_WITH_SELFLOOPS_HAVE_PHI': False,
  'SYSTEM_CUTS': '3.0_STYLE',
  'USE_SMALL_PHI_DIFFERENCE_FOR_CES_DISTANCE': False,
  'VALIDATE_CONDITIONAL_INDEPENDENCE': True,
  'VALIDATE_SUBSYSTEM_STATES': True,
  'WELCOME_OFF': False}
2026-05-16 04:58:10,488 [pyphi.compute.subsystem] INFO MainProcess: Finished calculating big-phi data for Subsystem(n0, n1, n2, n3).
2026-05-16 04:58:10,491 [pyphi.compute.subsystem] INFO MainProcess: Calculating big-phi data for Subsystem(n0, n1, n2, n3)...
2026-05-16 04:58:12,596 [pyphi.conf] INFO Process-53: PyPhi v1.2.0
2026-05-16 04:58:12,596 [pyphi.conf] INFO Process-53: Using default configuration (no configuration file provided)
2026-05-16 04:58:12,597 [pyphi.conf] INFO Process-53: Current PyPhi configuration:
 { 'ASSUME_CUTS_CANNOT_CREATE_NEW_CONCEPTS': False,
  'CACHE_POTENTIAL_PURVIEWS': True,
  'CACHE_REPERTOIRES': True,
  'CACHE_SIAS': False,
  'CACHING_BACKEND': 'fs',
  'CLEAR_SUBSYSTEM_CACHES_AFTER_COMPUTING_SIA': False,
  'CUT_ONE_APPROXIMATION': False,
  'FS_CACHE_DIRECTORY': '__pyphi_cache__',
  'FS_CACHE_VERBOSITY': 0,
  'LOG_FILE': 'pyphi.log',
  'LOG_FILE_LEVEL': 'INFO',
  'LOG_STDOUT_LEVEL': 'WARNING',
  'MAXIMUM_CACHE_MEMORY_PERCENTAGE': 50,
  'MEASURE': 'EMD',
  'MONGODB_CONFIG': { 'collection_name': 'cache',
                      'database_name': 'pyphi',
                      'host': 'localhost',
                      'port': 27017},
  'NUMBER_OF_CORES': -1,
  'PARALLEL_COMPLEX_EVALUATION': False,
  'PARALLEL_CONCEPT_EVALUATION': False,
  'PARALLEL_CUT_EVALUATION': True,
  'PARTITION_TYPE': 'BI',
  'PICK_SMALLEST_PURVIEW': False,
  'PRECISION': 6,
  'PRINT_FRACTIONS': True,
  'PROGRESS_BARS': True,
  'REDIS_CACHE': False,
  'REDIS_CONFIG': {'db': 0, 'host': 'localhost', 'port': 6379, 'test_db': 1},
  'REPR_VERBOSITY': 2,
  'SINGLE_MICRO_NODES_WITH_SELFLOOPS_HAVE_PHI': False,
  'SYSTEM_CUTS': '3.0_STYLE',
  'USE_SMALL_PHI_DIFFERENCE_FOR_CES_DISTANCE': False,
  'VALIDATE_CONDITIONAL_INDEPENDENCE': True,
  'VALIDATE_SUBSYSTEM_STATES': True,
  'WELCOME_OFF': False}
2026-05-16 04:58:20,548 [pyphi.conf] INFO Process-54: PyPhi v1.2.0
2026-05-16 04:58:20,548 [pyphi.conf] INFO Process-54: Using default configuration (no configuration file provided)
2026-05-16 04:58:20,549 [pyphi.conf] INFO Process-54: Current PyPhi configuration:
 { 'ASSUME_CUTS_CANNOT_CREATE_NEW_CONCEPTS': False,
  'CACHE_POTENTIAL_PURVIEWS': True,
  'CACHE_REPERTOIRES': True,
  'CACHE_SIAS': False,
  'CACHING_BACKEND': 'fs',
  'CLEAR_SUBSYSTEM_CACHES_AFTER_COMPUTING_SIA': False,
  'CUT_ONE_APPROXIMATION': False,
  'FS_CACHE_DIRECTORY': '__pyphi_cache__',
  'FS_CACHE_VERBOSITY': 0,
  'LOG_FILE': 'pyphi.log',
  'LOG_FILE_LEVEL': 'INFO',
  'LOG_STDOUT_LEVEL': 'WARNING',
  'MAXIMUM_CACHE_MEMORY_PERCENTAGE': 50,
  'MEASURE': 'EMD',
  'MONGODB_CONFIG': { 'collection_name': 'cache',
                      'database_name': 'pyphi',
                      'host': 'localhost',
                      'port': 27017},
  'NUMBER_OF_CORES': -1,
  'PARALLEL_COMPLEX_EVALUATION': False,
  'PARALLEL_CONCEPT_EVALUATION': False,
  'PARALLEL_CUT_EVALUATION': True,
  'PARTITION_TYPE': 'BI',
  'PICK_SMALLEST_PURVIEW': False,
  'PRECISION': 6,
  'PRINT_FRACTIONS': True,
  'PROGRESS_BARS': True,
  'REDIS_CACHE': False,
  'REDIS_CONFIG': {'db': 0, 'host': 'localhost', 'port': 6379, 'test_db': 1},
  'REPR_VERBOSITY': 2,
  'SINGLE_MICRO_NODES_WITH_SELFLOOPS_HAVE_PHI': False,
  'SYSTEM_CUTS': '3.0_STYLE',
  'USE_SMALL_PHI_DIFFERENCE_FOR_CES_DISTANCE': False,
  'VALIDATE_CONDITIONAL_INDEPENDENCE': True,
  'VALIDATE_SUBSYSTEM_STATES': True,
  'WELCOME_OFF': False}
2026-05-16 04:58:25,514 [pyphi.compute.subsystem] INFO MainProcess: Finished calculating big-phi data for Subsystem(n0, n1, n2, n3).
2026-05-16 04:58:25,516 [pyphi.compute.subsystem] INFO MainProcess: Calculating big-phi data for Subsystem(n0, n1, n2, n3)...
2026-05-16 04:58:27,639 [pyphi.conf] INFO Process-55: PyPhi v1.2.0
2026-05-16 04:58:27,639 [pyphi.conf] INFO Process-55: Using default configuration (no configuration file provided)
2026-05-16 04:58:27,640 [pyphi.conf] INFO Process-55: Current PyPhi configuration:
 { 'ASSUME_CUTS_CANNOT_CREATE_NEW_CONCEPTS': False,
  'CACHE_POTENTIAL_PURVIEWS': True,
  'CACHE_REPERTOIRES': True,
  'CACHE_SIAS': False,
  'CACHING_BACKEND': 'fs',
  'CLEAR_SUBSYSTEM_CACHES_AFTER_COMPUTING_SIA': False,
  'CUT_ONE_APPROXIMATION': False,
  'FS_CACHE_DIRECTORY': '__pyphi_cache__',
  'FS_CACHE_VERBOSITY': 0,
  'LOG_FILE': 'pyphi.log',
  'LOG_FILE_LEVEL': 'INFO',
  'LOG_STDOUT_LEVEL': 'WARNING',
  'MAXIMUM_CACHE_MEMORY_PERCENTAGE': 50,
  'MEASURE': 'EMD',
  'MONGODB_CONFIG': { 'collection_name': 'cache',
                      'database_name': 'pyphi',
                      'host': 'localhost',
                      'port': 27017},
  'NUMBER_OF_CORES': -1,
  'PARALLEL_COMPLEX_EVALUATION': False,
  'PARALLEL_CONCEPT_EVALUATION': False,
  'PARALLEL_CUT_EVALUATION': True,
  'PARTITION_TYPE': 'BI',
  'PICK_SMALLEST_PURVIEW': False,
  'PRECISION': 6,
  'PRINT_FRACTIONS': True,
  'PROGRESS_BARS': True,
  'REDIS_CACHE': False,
  'REDIS_CONFIG': {'db': 0, 'host': 'localhost', 'port': 6379, 'test_db': 1},
  'REPR_VERBOSITY': 2,
  'SINGLE_MICRO_NODES_WITH_SELFLOOPS_HAVE_PHI': False,
  'SYSTEM_CUTS': '3.0_STYLE',
  'USE_SMALL_PHI_DIFFERENCE_FOR_CES_DISTANCE': False,
  'VALIDATE_CONDITIONAL_INDEPENDENCE': True,
  'VALIDATE_SUBSYSTEM_STATES': True,
  'WELCOME_OFF': False}
2026-05-16 04:58:33,915 [pyphi.conf] INFO Process-56: PyPhi v1.2.0
2026-05-16 04:58:33,915 [pyphi.conf] INFO Process-56: Using default configuration (no configuration file provided)
2026-05-16 04:58:33,915 [pyphi.conf] INFO Process-56: Current PyPhi configuration:
 { 'ASSUME_CUTS_CANNOT_CREATE_NEW_CONCEPTS': False,
  'CACHE_POTENTIAL_PURVIEWS': True,
  'CACHE_REPERTOIRES': True,
  'CACHE_SIAS': False,
  'CACHING_BACKEND': 'fs',
  'CLEAR_SUBSYSTEM_CACHES_AFTER_COMPUTING_SIA': False,
  'CUT_ONE_APPROXIMATION': False,
  'FS_CACHE_DIRECTORY': '__pyphi_cache__',
  'FS_CACHE_VERBOSITY': 0,
  'LOG_FILE': 'pyphi.log',
  'LOG_FILE_LEVEL': 'INFO',
  'LOG_STDOUT_LEVEL': 'WARNING',
  'MAXIMUM_CACHE_MEMORY_PERCENTAGE': 50,
  'MEASURE': 'EMD',
  'MONGODB_CONFIG': { 'collection_name': 'cache',
                      'database_name': 'pyphi',
                      'host': 'localhost',
                      'port': 27017},
  'NUMBER_OF_CORES': -1,
  'PARALLEL_COMPLEX_EVALUATION': False,
  'PARALLEL_CONCEPT_EVALUATION': False,
  'PARALLEL_CUT_EVALUATION': True,
  'PARTITION_TYPE': 'BI',
  'PICK_SMALLEST_PURVIEW': False,
  'PRECISION': 6,
  'PRINT_FRACTIONS': True,
  'PROGRESS_BARS': True,
  'REDIS_CACHE': False,
  'REDIS_CONFIG': {'db': 0, 'host': 'localhost', 'port': 6379, 'test_db': 1},
  'REPR_VERBOSITY': 2,
  'SINGLE_MICRO_NODES_WITH_SELFLOOPS_HAVE_PHI': False,
  'SYSTEM_CUTS': '3.0_STYLE',
  'USE_SMALL_PHI_DIFFERENCE_FOR_CES_DISTANCE': False,
  'VALIDATE_CONDITIONAL_INDEPENDENCE': True,
  'VALIDATE_SUBSYSTEM_STATES': True,
  'WELCOME_OFF': False}
2026-05-16 04:58:38,228 [pyphi.compute.subsystem] INFO MainProcess: Finished calculating big-phi data for Subsystem(n0, n1, n2, n3).
2026-05-16 04:58:38,230 [pyphi.compute.subsystem] INFO MainProcess: Calculating big-phi data for Subsystem(n0, n1, n2, n3)...
2026-05-16 04:58:40,171 [pyphi.conf] INFO Process-57: PyPhi v1.2.0
2026-05-16 04:58:40,171 [pyphi.conf] INFO Process-57: Using default configuration (no configuration file provided)
2026-05-16 04:58:40,172 [pyphi.conf] INFO Process-57: Current PyPhi configuration:
 { 'ASSUME_CUTS_CANNOT_CREATE_NEW_CONCEPTS': False,
  'CACHE_POTENTIAL_PURVIEWS': True,
  'CACHE_REPERTOIRES': True,
  'CACHE_SIAS': False,
  'CACHING_BACKEND': 'fs',
  'CLEAR_SUBSYSTEM_CACHES_AFTER_COMPUTING_SIA': False,
  'CUT_ONE_APPROXIMATION': False,
  'FS_CACHE_DIRECTORY': '__pyphi_cache__',
  'FS_CACHE_VERBOSITY': 0,
  'LOG_FILE': 'pyphi.log',
  'LOG_FILE_LEVEL': 'INFO',
  'LOG_STDOUT_LEVEL': 'WARNING',
  'MAXIMUM_CACHE_MEMORY_PERCENTAGE': 50,
  'MEASURE': 'EMD',
  'MONGODB_CONFIG': { 'collection_name': 'cache',
                      'database_name': 'pyphi',
                      'host': 'localhost',
                      'port': 27017},
  'NUMBER_OF_CORES': -1,
  'PARALLEL_COMPLEX_EVALUATION': False,
  'PARALLEL_CONCEPT_EVALUATION': False,
  'PARALLEL_CUT_EVALUATION': True,
  'PARTITION_TYPE': 'BI',
  'PICK_SMALLEST_PURVIEW': False,
  'PRECISION': 6,
  'PRINT_FRACTIONS': True,
  'PROGRESS_BARS': True,
  'REDIS_CACHE': False,
  'REDIS_CONFIG': {'db': 0, 'host': 'localhost', 'port': 6379, 'test_db': 1},
  'REPR_VERBOSITY': 2,
  'SINGLE_MICRO_NODES_WITH_SELFLOOPS_HAVE_PHI': False,
  'SYSTEM_CUTS': '3.0_STYLE',
  'USE_SMALL_PHI_DIFFERENCE_FOR_CES_DISTANCE': False,
  'VALIDATE_CONDITIONAL_INDEPENDENCE': True,
  'VALIDATE_SUBSYSTEM_STATES': True,
  'WELCOME_OFF': False}
2026-05-16 04:58:46,247 [pyphi.conf] INFO Process-58: PyPhi v1.2.0
2026-05-16 04:58:46,247 [pyphi.conf] INFO Process-58: Using default configuration (no configuration file provided)
2026-05-16 04:58:46,247 [pyphi.conf] INFO Process-58: Current PyPhi configuration:
 { 'ASSUME_CUTS_CANNOT_CREATE_NEW_CONCEPTS': False,
  'CACHE_POTENTIAL_PURVIEWS': True,
  'CACHE_REPERTOIRES': True,
  'CACHE_SIAS': False,
  'CACHING_BACKEND': 'fs',
  'CLEAR_SUBSYSTEM_CACHES_AFTER_COMPUTING_SIA': False,
  'CUT_ONE_APPROXIMATION': False,
  'FS_CACHE_DIRECTORY': '__pyphi_cache__',
  'FS_CACHE_VERBOSITY': 0,
  'LOG_FILE': 'pyphi.log',
  'LOG_FILE_LEVEL': 'INFO',
  'LOG_STDOUT_LEVEL': 'WARNING',
  'MAXIMUM_CACHE_MEMORY_PERCENTAGE': 50,
  'MEASURE': 'EMD',
  'MONGODB_CONFIG': { 'collection_name': 'cache',
                      'database_name': 'pyphi',
                      'host': 'localhost',
                      'port': 27017},
  'NUMBER_OF_CORES': -1,
  'PARALLEL_COMPLEX_EVALUATION': False,
  'PARALLEL_CONCEPT_EVALUATION': False,
  'PARALLEL_CUT_EVALUATION': True,
  'PARTITION_TYPE': 'BI',
  'PICK_SMALLEST_PURVIEW': False,
  'PRECISION': 6,
  'PRINT_FRACTIONS': True,
  'PROGRESS_BARS': True,
  'REDIS_CACHE': False,
  'REDIS_CONFIG': {'db': 0, 'host': 'localhost', 'port': 6379, 'test_db': 1},
  'REPR_VERBOSITY': 2,
  'SINGLE_MICRO_NODES_WITH_SELFLOOPS_HAVE_PHI': False,
  'SYSTEM_CUTS': '3.0_STYLE',
  'USE_SMALL_PHI_DIFFERENCE_FOR_CES_DISTANCE': False,
  'VALIDATE_CONDITIONAL_INDEPENDENCE': True,
  'VALIDATE_SUBSYSTEM_STATES': True,
  'WELCOME_OFF': False}
2026-05-16 04:58:50,637 [pyphi.compute.subsystem] INFO MainProcess: Finished calculating big-phi data for Subsystem(n0, n1, n2, n3).
2026-05-16 04:58:50,640 [pyphi.compute.subsystem] INFO MainProcess: Calculating big-phi data for Subsystem(n0, n1, n2, n3)...
2026-05-16 04:58:52,555 [pyphi.conf] INFO Process-59: PyPhi v1.2.0
2026-05-16 04:58:52,555 [pyphi.conf] INFO Process-59: Using default configuration (no configuration file provided)
2026-05-16 04:58:52,556 [pyphi.conf] INFO Process-59: Current PyPhi configuration:
 { 'ASSUME_CUTS_CANNOT_CREATE_NEW_CONCEPTS': False,
  'CACHE_POTENTIAL_PURVIEWS': True,
  'CACHE_REPERTOIRES': True,
  'CACHE_SIAS': False,
  'CACHING_BACKEND': 'fs',
  'CLEAR_SUBSYSTEM_CACHES_AFTER_COMPUTING_SIA': False,
  'CUT_ONE_APPROXIMATION': False,
  'FS_CACHE_DIRECTORY': '__pyphi_cache__',
  'FS_CACHE_VERBOSITY': 0,
  'LOG_FILE': 'pyphi.log',
  'LOG_FILE_LEVEL': 'INFO',
  'LOG_STDOUT_LEVEL': 'WARNING',
  'MAXIMUM_CACHE_MEMORY_PERCENTAGE': 50,
  'MEASURE': 'EMD',
  'MONGODB_CONFIG': { 'collection_name': 'cache',
                      'database_name': 'pyphi',
                      'host': 'localhost',
                      'port': 27017},
  'NUMBER_OF_CORES': -1,
  'PARALLEL_COMPLEX_EVALUATION': False,
  'PARALLEL_CONCEPT_EVALUATION': False,
  'PARALLEL_CUT_EVALUATION': True,
  'PARTITION_TYPE': 'BI',
  'PICK_SMALLEST_PURVIEW': False,
  'PRECISION': 6,
  'PRINT_FRACTIONS': True,
  'PROGRESS_BARS': True,
  'REDIS_CACHE': False,
  'REDIS_CONFIG': {'db': 0, 'host': 'localhost', 'port': 6379, 'test_db': 1},
  'REPR_VERBOSITY': 2,
  'SINGLE_MICRO_NODES_WITH_SELFLOOPS_HAVE_PHI': False,
  'SYSTEM_CUTS': '3.0_STYLE',
  'USE_SMALL_PHI_DIFFERENCE_FOR_CES_DISTANCE': False,
  'VALIDATE_CONDITIONAL_INDEPENDENCE': True,
  'VALIDATE_SUBSYSTEM_STATES': True,
  'WELCOME_OFF': False}
2026-05-16 04:58:58,413 [pyphi.conf] INFO Process-60: PyPhi v1.2.0
2026-05-16 04:58:58,413 [pyphi.conf] INFO Process-60: Using default configuration (no configuration file provided)
2026-05-16 04:58:58,414 [pyphi.conf] INFO Process-60: Current PyPhi configuration:
 { 'ASSUME_CUTS_CANNOT_CREATE_NEW_CONCEPTS': False,
  'CACHE_POTENTIAL_PURVIEWS': True,
  'CACHE_REPERTOIRES': True,
  'CACHE_SIAS': False,
  'CACHING_BACKEND': 'fs',
  'CLEAR_SUBSYSTEM_CACHES_AFTER_COMPUTING_SIA': False,
  'CUT_ONE_APPROXIMATION': False,
  'FS_CACHE_DIRECTORY': '__pyphi_cache__',
  'FS_CACHE_VERBOSITY': 0,
  'LOG_FILE': 'pyphi.log',
  'LOG_FILE_LEVEL': 'INFO',
  'LOG_STDOUT_LEVEL': 'WARNING',
  'MAXIMUM_CACHE_MEMORY_PERCENTAGE': 50,
  'MEASURE': 'EMD',
  'MONGODB_CONFIG': { 'collection_name': 'cache',
                      'database_name': 'pyphi',
                      'host': 'localhost',
                      'port': 27017},
  'NUMBER_OF_CORES': -1,
  'PARALLEL_COMPLEX_EVALUATION': False,
  'PARALLEL_CONCEPT_EVALUATION': False,
  'PARALLEL_CUT_EVALUATION': True,
  'PARTITION_TYPE': 'BI',
  'PICK_SMALLEST_PURVIEW': False,
  'PRECISION': 6,
  'PRINT_FRACTIONS': True,
  'PROGRESS_BARS': True,
  'REDIS_CACHE': False,
  'REDIS_CONFIG': {'db': 0, 'host': 'localhost', 'port': 6379, 'test_db': 1},
  'REPR_VERBOSITY': 2,
  'SINGLE_MICRO_NODES_WITH_SELFLOOPS_HAVE_PHI': False,
  'SYSTEM_CUTS': '3.0_STYLE',
  'USE_SMALL_PHI_DIFFERENCE_FOR_CES_DISTANCE': False,
  'VALIDATE_CONDITIONAL_INDEPENDENCE': True,
  'VALIDATE_SUBSYSTEM_STATES': True,
  'WELCOME_OFF': False}
2026-05-16 04:59:02,495 [pyphi.compute.subsystem] INFO MainProcess: Finished calculating big-phi data for Subsystem(n0, n1, n2, n3).
2026-05-16 04:59:02,497 [pyphi.compute.subsystem] INFO MainProcess: Calculating big-phi data for Subsystem(n0, n1, n2, n3)...
2026-05-16 04:59:04,187 [pyphi.conf] INFO Process-61: PyPhi v1.2.0
2026-05-16 04:59:04,187 [pyphi.conf] INFO Process-61: Using default configuration (no configuration file provided)
2026-05-16 04:59:04,187 [pyphi.conf] INFO Process-61: Current PyPhi configuration:
 { 'ASSUME_CUTS_CANNOT_CREATE_NEW_CONCEPTS': False,
  'CACHE_POTENTIAL_PURVIEWS': True,
  'CACHE_REPERTOIRES': True,
  'CACHE_SIAS': False,
  'CACHING_BACKEND': 'fs',
  'CLEAR_SUBSYSTEM_CACHES_AFTER_COMPUTING_SIA': False,
  'CUT_ONE_APPROXIMATION': False,
  'FS_CACHE_DIRECTORY': '__pyphi_cache__',
  'FS_CACHE_VERBOSITY': 0,
  'LOG_FILE': 'pyphi.log',
  'LOG_FILE_LEVEL': 'INFO',
  'LOG_STDOUT_LEVEL': 'WARNING',
  'MAXIMUM_CACHE_MEMORY_PERCENTAGE': 50,
  'MEASURE': 'EMD',
  'MONGODB_CONFIG': { 'collection_name': 'cache',
                      'database_name': 'pyphi',
                      'host': 'localhost',
                      'port': 27017},
  'NUMBER_OF_CORES': -1,
  'PARALLEL_COMPLEX_EVALUATION': False,
  'PARALLEL_CONCEPT_EVALUATION': False,
  'PARALLEL_CUT_EVALUATION': True,
  'PARTITION_TYPE': 'BI',
  'PICK_SMALLEST_PURVIEW': False,
  'PRECISION': 6,
  'PRINT_FRACTIONS': True,
  'PROGRESS_BARS': True,
  'REDIS_CACHE': False,
  'REDIS_CONFIG': {'db': 0, 'host': 'localhost', 'port': 6379, 'test_db': 1},
  'REPR_VERBOSITY': 2,
  'SINGLE_MICRO_NODES_WITH_SELFLOOPS_HAVE_PHI': False,
  'SYSTEM_CUTS': '3.0_STYLE',
  'USE_SMALL_PHI_DIFFERENCE_FOR_CES_DISTANCE': False,
  'VALIDATE_CONDITIONAL_INDEPENDENCE': True,
  'VALIDATE_SUBSYSTEM_STATES': True,
  'WELCOME_OFF': False}
2026-05-16 04:59:09,827 [pyphi.conf] INFO Process-62: PyPhi v1.2.0
2026-05-16 04:59:09,827 [pyphi.conf] INFO Process-62: Using default configuration (no configuration file provided)
2026-05-16 04:59:09,828 [pyphi.conf] INFO Process-62: Current PyPhi configuration:
 { 'ASSUME_CUTS_CANNOT_CREATE_NEW_CONCEPTS': False,
  'CACHE_POTENTIAL_PURVIEWS': True,
  'CACHE_REPERTOIRES': True,
  'CACHE_SIAS': False,
  'CACHING_BACKEND': 'fs',
  'CLEAR_SUBSYSTEM_CACHES_AFTER_COMPUTING_SIA': False,
  'CUT_ONE_APPROXIMATION': False,
  'FS_CACHE_DIRECTORY': '__pyphi_cache__',
  'FS_CACHE_VERBOSITY': 0,
  'LOG_FILE': 'pyphi.log',
  'LOG_FILE_LEVEL': 'INFO',
  'LOG_STDOUT_LEVEL': 'WARNING',
  'MAXIMUM_CACHE_MEMORY_PERCENTAGE': 50,
  'MEASURE': 'EMD',
  'MONGODB_CONFIG': { 'collection_name': 'cache',
                      'database_name': 'pyphi',
                      'host': 'localhost',
                      'port': 27017},
  'NUMBER_OF_CORES': -1,
  'PARALLEL_COMPLEX_EVALUATION': False,
  'PARALLEL_CONCEPT_EVALUATION': False,
  'PARALLEL_CUT_EVALUATION': True,
  'PARTITION_TYPE': 'BI',
  'PICK_SMALLEST_PURVIEW': False,
  'PRECISION': 6,
  'PRINT_FRACTIONS': True,
  'PROGRESS_BARS': True,
  'REDIS_CACHE': False,
  'REDIS_CONFIG': {'db': 0, 'host': 'localhost', 'port': 6379, 'test_db': 1},
  'REPR_VERBOSITY': 2,
  'SINGLE_MICRO_NODES_WITH_SELFLOOPS_HAVE_PHI': False,
  'SYSTEM_CUTS': '3.0_STYLE',
  'USE_SMALL_PHI_DIFFERENCE_FOR_CES_DISTANCE': False,
  'VALIDATE_CONDITIONAL_INDEPENDENCE': True,
  'VALIDATE_SUBSYSTEM_STATES': True,
  'WELCOME_OFF': False}
2026-05-16 04:59:14,099 [pyphi.compute.subsystem] INFO MainProcess: Finished calculating big-phi data for Subsystem(n0, n1, n2, n3).
2026-05-16 04:59:14,102 [pyphi.compute.subsystem] INFO MainProcess: Calculating big-phi data for Subsystem(n0, n1, n2, n3)...
2026-05-16 04:59:16,074 [pyphi.conf] INFO Process-63: PyPhi v1.2.0
2026-05-16 04:59:16,075 [pyphi.conf] INFO Process-63: Using default configuration (no configuration file provided)
2026-05-16 04:59:16,075 [pyphi.conf] INFO Process-63: Current PyPhi configuration:
 { 'ASSUME_CUTS_CANNOT_CREATE_NEW_CONCEPTS': False,
  'CACHE_POTENTIAL_PURVIEWS': True,
  'CACHE_REPERTOIRES': True,
  'CACHE_SIAS': False,
  'CACHING_BACKEND': 'fs',
  'CLEAR_SUBSYSTEM_CACHES_AFTER_COMPUTING_SIA': False,
  'CUT_ONE_APPROXIMATION': False,
  'FS_CACHE_DIRECTORY': '__pyphi_cache__',
  'FS_CACHE_VERBOSITY': 0,
  'LOG_FILE': 'pyphi.log',
  'LOG_FILE_LEVEL': 'INFO',
  'LOG_STDOUT_LEVEL': 'WARNING',
  'MAXIMUM_CACHE_MEMORY_PERCENTAGE': 50,
  'MEASURE': 'EMD',
  'MONGODB_CONFIG': { 'collection_name': 'cache',
                      'database_name': 'pyphi',
                      'host': 'localhost',
                      'port': 27017},
  'NUMBER_OF_CORES': -1,
  'PARALLEL_COMPLEX_EVALUATION': False,
  'PARALLEL_CONCEPT_EVALUATION': False,
  'PARALLEL_CUT_EVALUATION': True,
  'PARTITION_TYPE': 'BI',
  'PICK_SMALLEST_PURVIEW': False,
  'PRECISION': 6,
  'PRINT_FRACTIONS': True,
  'PROGRESS_BARS': True,
  'REDIS_CACHE': False,
  'REDIS_CONFIG': {'db': 0, 'host': 'localhost', 'port': 6379, 'test_db': 1},
  'REPR_VERBOSITY': 2,
  'SINGLE_MICRO_NODES_WITH_SELFLOOPS_HAVE_PHI': False,
  'SYSTEM_CUTS': '3.0_STYLE',
  'USE_SMALL_PHI_DIFFERENCE_FOR_CES_DISTANCE': False,
  'VALIDATE_CONDITIONAL_INDEPENDENCE': True,
  'VALIDATE_SUBSYSTEM_STATES': True,
  'WELCOME_OFF': False}
