# 16 3737 REAL CYTON_DAISY HEART 3
-21025.8837
-42043.1396
-42047.9452
-42056.9306
-42055.0978
-42054.6060
-42060.4398
-42071.0793
-42068.3523
-42069.2911
-42078.2095
-42081.6069
-42073.9403
-42081.5399
-42088.1336
-42090.4359
-42087.8207
-42089.1842
-42088.7595
-42089.1395
-42091.5088
-42083.2833
-42087.9101
-42080.1094
-42076.2425
-42084.1550
-42086.5690
-42080.6011
-42087.1725
-42082.6351
-42079.4388
-42082.7469
-42094.3698
-42086.2114
-42078.7459
-42086.8149
-42084.0433
-42081.7410
-42089.3183
-42088.4466
-42075.0355
-42089.0054
-42094.3698
-42086.5467
-42077.6730
-42080.1988
-42085.1162
-42088.3795
-42076.9354
-42076.0413
-42071.5486
-42082.5010
-42075.6390
-42068.1065
-42076.9131
-42080.7129
-42070.5652
-42074.0520
-42069.5370
-42077.3378
-42073.5603
-42071.5486
-42072.1968
-42073.2697
-42072.0180
-42079.4835
-42074.4767
-42070.5652
-42075.5496
-42079.2600
-42078.9918
-42085.0938
-42086.0326
-42086.5020
-42095.1744
-42094.0569
-42093.7439
-42097.3426
-42093.0957
-42098.1919
-42100.0918
-42094.9286
-42095.8450
-42104.9422
-42101.9023
-42093.3416
-42101.0306
-42102.0588
-42092.6263
-42099.6001
-42100.4495
-42103.5116
-42100.2259
-42106.2833
-42097.2979
-42108.6302
-42104.1151
-42103.1317
-42101.4553
-42094.9956
-42097.9014
-42103.6458
-42100.8518
-42096.0685
-42088.9830
-42099.9801
-42096.5826
-42097.3649
-42090.6817
-42094.3474
-42092.3805
-42089.3183
-42090.1229
-42092.2464
-42090.9053
-42091.3076
-42080.2882
-42076.8460
-42091.9781
-42081.4281
-42087.1725
-42073.6721
-42074.6332
-42076.9131
-42080.5117
-42077.8518
-42078.5000
-42072.8674
-42073.9850
-42080.0647
-42072.5545
-42067.9277
-42071.7722
-42065.4019
-42066.1395
-42079.8635
-42071.5710
-42063.1220
-42060.8645
-42055.3436
-42063.0997
-42067.4806
-42065.1784
-42065.2902
-42069.7605
-42070.9675
-42071.1463
-42083.4398
-42073.3591
-42070.8334
-42080.5341
-42081.6740
-42072.1074
-42088.5583
-42082.2775
-42084.1774
-42079.2153
-42086.1667
-42080.1764
-42084.8479
-42084.0209
-42084.6691
-42084.2444
-42083.8868
-42082.3669
-42079.8858
-42081.9199
-42087.0161
-42087.5972
-42081.0481
-42092.0676
-42087.6866
-42091.7099
-42088.0219
-42091.3523
-42084.2444
-42097.4320
-42092.2017
-42084.0656
-42086.5690
-42097.2532
-42085.8538
-42093.7216
-42088.3125
-42088.2678
-42095.2191
-42088.6924
-42083.3727
-42093.5428
-42091.0170
-42087.2843
-42098.6390
-42097.8343
-42086.7702
-42085.5855
-42090.9500
-42092.4028
-42090.1006
-42096.9179
-42099.4883
-42095.0403
-42092.2017
-42095.7332
-42094.4592
-42091.6876
-42097.3873
-42092.1570
-42096.2920
-42089.0054
-42093.0957
-42095.3980
-42095.9344
-42095.3980
-42099.6001
-42100.3153
-42105.5009
-42112.4300
-42114.0393
-42118.5991
-42117.5262
-42109.2784
-42119.4261
-42121.1248
-42127.0257
-42134.9605
-42128.8809
-42136.4358
-42131.7195
-42139.0286
-42138.2016
-42146.3599
-42142.8507
-42143.3872
-42140.7720
-42147.2987
-42150.8973
-42151.4561
-42147.6563
-42147.4999
-42148.8410
-42147.7457
-42153.6019
-42152.5067
-42154.5630
-42156.6864
-42160.5756
-42152.6408
-42153.9148
-42160.9780
-42162.5426
-42166.8565
-42169.9410
-42166.4095
-42170.7457
-42171.7292
-42172.1762
-42167.9070
-42167.4823
-42164.1519
-42166.0742
-42168.1752
-42170.5669
-42169.4269
-42166.2306
-42171.0586
-42168.5105
-42171.1480
-42164.9789
-42156.1724
-42160.6204
-42166.1412
-42168.1752
-42168.3764
-42171.8633
-42169.6058
-42160.1063
-42172.7350
-42167.3482
-42170.0975
-42165.4707
-42170.8798
-42165.0683
-42170.9245
-42160.8662
-42163.2579
-42163.9284
-42171.1704
-42172.5115
-42177.4736
-42178.6582
-42180.2452
-42185.4755
-42189.8117
-42193.5892
-42197.2772
-42197.7242
-42192.9633
-42191.7340
-42191.3093
-42198.9312
-42197.3443
-42200.8758
-42197.1878
-42200.2723
-42199.6241
-42200.0041
-42202.9099
-42204.0051
-42204.6980
-42209.8612
-42210.1518
-42204.0051
-42205.2344
-42204.8321
-42203.9827
-42204.5192
-42205.8603
-42207.5590
-42210.5318
-42201.7923
-42210.8224
-42203.5804
-42207.3355
-42209.0119
-42210.7330
-42212.0517
-42213.1693
-42209.9730
-42208.1625
-42203.3569
-42204.2510
-42210.4200
-42200.3394
-42208.0284
-42201.6582
-42191.5328
-42192.3598
-42195.7349
-42194.5056
-42200.2947
-42190.7505
-42191.3540
-42190.0576
-42190.1247
-42188.9400
-42191.7340
-42186.0343
-42192.1810
-42188.7612
-42189.5212
-42188.4036
-42184.2461
-42175.9089
-42178.7476
-42176.7807
-42175.2607
-42171.7739
-42170.1869
-42159.0110
-42169.8516
-42169.9410
-42178.0547
-42178.6806
-42187.8224
-42184.9390
-42185.8778
-42199.2218
-42199.6241
-42194.2597
-42198.4172
-42201.4793
-42201.1217
-42201.3676
-42203.3792
-42206.8885
-42202.2840
-42207.7825
-42203.9827
-42203.4239
-42203.7816
-42204.0945
-42207.9390
-42209.5260
-42207.0449
-42202.0158
-42197.7690
-42206.1956
-42211.7164
-42209.6377
-42206.5085
-42204.5862
-42201.4346
-42207.9166
-42208.3190
-42207.6484
-42203.2451
-42198.8865
-42198.7971
-42197.2549
-42194.2374
-42192.9857
-42192.7398
-42190.9517
-42194.7515
-42194.1480
-42199.0206
-42197.3890
-42192.4716
-42188.4036
-42186.8389
-42185.4755
-42184.4473
-42181.6310
-42180.6699
-42176.1995
-42178.4794
-42173.0256
-42170.1198
-42172.6456
-42173.1373
-42171.5280
-42168.3764
-42168.9352
-42168.1976
-42168.9576
-42163.8167
-42164.8448
-42163.3026
-42161.2015
-42158.5863
-42157.5135
-42153.0655
-42163.1237
-42151.6797
-42155.4124
-42158.8769
-42159.6592
-42161.3356
-42165.9848
-42164.7331
-42164.1743
-42168.8458
-42160.4192
-42169.5163
-42173.5620
-42172.1539
-42169.1140
-42171.5951
-42169.2705
-42174.0761
-42166.9012
-42169.7399
-42168.1082
-42173.7408
-42170.5892
-42178.0547
-42171.5727
-42174.6125
-42171.9303
-42174.2773
-42168.1082
-42171.5280
-42172.5338
-42168.0411
-42162.3414
-42168.8234
-42165.1801
-42168.1976
-42163.9955
-42161.5815
-42159.8604
-42161.5144
-42155.8594
-42150.5621
-42149.1092
-42147.8352
-42142.9178
-42137.3075
-42144.6165
-42140.3697
-42146.9858
-42141.2414
-42143.2754
-42138.8274
-42139.1180
-42135.4299
-42135.2288
-42134.1782
-42123.8294
-42121.7283
-42129.0820
-42123.9635
-42132.8371
-42124.7234
-42127.1598
-42123.7847
-42115.4475
-42122.1306
-42123.0471
-42119.0908
-42121.1695
-42116.9227
-42106.3727
-42110.1948
-42108.1608
-42103.5787
-42102.2599
-42102.6846
-42100.7847
-42105.9256
-42102.5282
-42108.3843
-42108.7420
-42110.9101
-42111.3348
-42108.4737
-42108.4514
-42111.1112
-42113.7711
-42111.6924
-42103.8469
-42105.5009
-42102.1705
-42107.3338
-42103.5563
-42103.0870
-42100.2483
-42102.0588
-42103.4222
-42100.7847
-42111.5583
-42105.1433
-42104.8304
-42102.9305
-42103.9810
-42097.2308
-42099.9801
-42100.3824
-42098.8625
-42096.7391
-42096.5603
-42092.1346
-42090.7264
-42095.1521
-42093.9451
-42099.3095
-42093.8333
-42091.0170
-42091.3746
-42089.6089
-42084.2891
-42089.7206
-42081.6963
-42085.1162
-42082.2775
-42082.6351
-42073.2027
-42077.1142
-42071.2134
-42075.5049
-42074.1638
-42066.0948
-42059.9257
-42065.8043
-42067.2348
-42066.8324
-42066.4525
-42060.3281
-42057.7576
-42056.2601
-42052.1697
-42047.2523
-42050.4933
-42042.8937
-42042.4690
-42042.2679
-42042.2902
-42043.4302
-42041.7761
-42044.8383
-42046.0453
-42046.3359
-42048.6158
-42048.8169
-42052.9520
-42049.9792
-42054.8295
-42054.2260
-42056.6400
-42054.3602
-42055.0531
-42053.0638
-42052.6391
-42056.8859
-42057.0647
-42067.4136
-42059.8140
-42067.6818
-42065.0443
-42059.5905
-42061.1104
-42056.1259
-42059.9257
-42063.2785
-42061.1551
-42060.4398
-42055.0307
-42054.4943
-42051.2533
-42054.4049
-42043.0055
-42056.4165
-42049.3310
-42050.8956
-42037.9093
-42037.8422
-42044.1901
-42047.0288
-42041.8432
-42032.7013
-42030.0415
-42025.1464
-42025.4370
-42020.7208
-42020.6984
-42017.8821
-42019.7597
-42016.9880
-42010.1261
-42004.2923
-42015.4905
-42007.4662
-42012.2718
-42003.1076
-42004.2028
-41997.7655
-42001.8112
-42000.8501
-41998.5031
-41997.8102
-41992.4235
-41994.7257
-41981.4935
-41985.2039
-41982.5887
-41974.8774
-41974.4303
-41981.7393
-41977.2019
-41979.2806
-41974.1845
-41968.5518
-41969.2671
-41971.9493
-41966.0261
-41973.0669
-41965.5120
-41968.2165
-41966.0931
-41971.6140
-41971.9046
-41978.6772
-41975.7044
-41974.4080
-41973.5810
-41981.0241
-41980.5994
-41975.3467
-41977.0678
-41978.3866
-41977.0678
-41977.5372
-41978.6772
-41976.4643
-41973.6257
-41968.7977
-41968.8424
-41971.6364
-41970.2505
-41967.6577
-41964.1038
-41962.8745
-41963.2321
-41959.8793
-41969.3788
-41957.8900
-41957.2195
-41951.6315
-41950.2457
-41956.0125
-41959.3652
-41953.4644
-41945.5966
-41948.1223
-41949.0387
-41952.1233
-41949.9105
-41949.1505
-41943.3837
-41942.7355
-41937.9746
-41936.5218
-41932.4537
-41932.0738
-41925.1671
-41928.8104
-41923.0884
-41928.2516
-41928.9445
-41933.3925
-41925.9270
-41926.4635
-41917.4334
-41925.5247
-41922.1943
-41921.5684
-41918.1263
-41920.6744
-41916.1370
-41913.3877
-41907.1516
-41906.4810
-41911.8231
-41903.2847
-41911.5325
-41908.3809
-41910.8396
-41913.7677
-41914.3265
-41915.2876
-41919.9368
-41913.4101
-41916.7405
-41913.5889
-41921.7696
-41916.3381
-41920.4285
-41922.3508
-41920.4062
-41917.5675
-41925.9941
-41928.9222
-41929.8386
-41931.5597
-41933.1914
-41932.7220
-41932.1632
-41934.5325
-41930.3974
-41930.4421
-41929.9503
-41931.8949
-41932.9902
-41927.6928
-41926.6646
-41927.1117
-41924.8318
-41920.4509
-41918.7745
-41927.3575
-41919.1545
-41918.9980
-41917.5228
-41918.3945
-41916.7405
-41914.5500
-41920.2050
-41919.1098
-41917.5451
-41915.7346
-41915.1982
-41915.3100
-41907.1069
-41903.9106
-41902.3236
-41904.1341
-41912.2478
-41884.8445
-41837.7047
-41942.0873
-41939.2487
-41922.8425
-41916.7852
-41906.9951
-41905.4528
-41900.1778
-41909.1185
-41903.7988
-41900.9601
-41900.3790
-41899.9543
-41899.5967
-41899.2391
-41898.9038
-41903.8435
-41905.3634
-41908.1574
-41910.4149
-41915.5558
-41913.8124
-41916.6064
-41915.0641
-41911.5325
-41921.3896
-41919.4674
-41923.1778
-41921.5237
-41925.7035
-41921.5461
-41922.2837
-41925.9047
-41928.4751
-41925.9941
-41932.8561
-41935.1136
-41933.9066
-41927.4470
-41933.6160
-41929.9503
-41933.2361
-41936.1418
-41936.4994
-41934.1748
-41934.7336
-41936.4100
-41939.0475
-41939.2934
-41934.4654
-41936.2312
-41932.1408
-41938.7569
-41937.7288
-41941.0145
-41928.7881
-41935.5383
-41931.3809
-41934.1078
-41933.9290
-41938.5334
-41933.3925
-41935.4712
-41933.4596
-41932.3196
-41928.1622
-41931.6044
-41931.7832
-41928.3634
-41927.7599
-41930.7103
-41929.1457
-41933.4149
-41931.6044
-41931.3585
-41934.3313
-41932.8114
-41935.7618
-41933.4149
-41929.8386
-41929.1457
-41927.2011
-41925.3682
-41925.5918
-41926.7540
-41934.1525
-41930.9562
-41934.4430
-41936.6559
-41942.2215
-41943.7637
-41950.6257
-41948.4576
-41950.1340
-41952.7715
-41958.9182
-41960.3487
-41956.0572
-41959.6111
-41959.2088
-41962.2039
-41958.2030
-41964.8638
-41961.9357
-41967.2554
-41964.9085
-41972.9998
-41969.4459
-41969.2894
-41967.6354
-41970.0047
-41960.1252
-41943.6520
-41946.5130
-41955.6325
-41961.7569
-41964.2156
-41962.6062
-41966.3613
-41967.2107
-41989.7860
-41984.2427
-41980.8006
-41974.7432
-41967.9707
-41968.4848
-41966.4731
-41969.3118
-41968.5518
-41963.6791
-41956.0348
-41956.7054
-41959.4099
-41964.3944
-41959.0076
-41955.6772
-41954.9172
-41960.4828
-41959.6782
-41959.7899
-41959.8123
-41959.5664
-41956.0125
-41952.9279
-41959.1194
-41961.3769
-41959.4770
-41961.3545
-41959.6782
-41955.6996
-41953.9338
-41948.1670
-41951.9892
-41948.6588
-41950.4245
-41952.2797
-41956.9736
-41950.4692
-41963.5003
-41961.4663
-41966.9201
-41963.8579
-41963.1650
-41971.0329
-41971.3011
-41964.6850
-41966.0484
-41964.3050
-41970.6082
-41971.6587
-41975.1679
-41972.3516
-41971.4128
-41975.2797
-41972.4410
-41972.8880
-41969.1330
-41971.8599
-41970.1835
-41970.2729
-41969.5129
-41973.7821
-41963.5003
-41962.2486
-41965.5567
-41969.9376
-41967.6577
-41970.0717
-41969.4906
-41969.5129
-41965.6237
-41965.9367
-41964.7744
-41963.6121
-41959.7899
-41962.9639
-41964.3497
-41960.2370
-41957.8900
-41955.9231
-41953.6879
-41957.5324
-41958.0018
-41951.3410
-41945.9989
-41937.3711
-41943.4285
-41941.4168
-41942.1320
-41939.8522
-41949.0611
-41939.7181
-41942.8026
-41940.7462
-41941.0592
-41936.1418
-41936.9464
-41936.0300
-41933.8843
-41937.6841
-41927.5140
-41923.8707
-41927.4693
-41929.8162
-41927.9387
-41936.1418
-41935.8512
-41934.3536
-41941.7521
-41944.1884
-41941.5509
-41952.5033
-41944.5237
-41945.7083
-41951.5868
-41952.7491
-41949.4187
-41950.7598
-41951.8998
-41949.6646
-41945.7083
-41952.3691
-41950.2904
-41953.3526
-41950.9163
-41952.3021
-41951.1175
-41953.3526
-41955.5207
-41953.3526
-41951.4751
-41947.4071
-41953.1291
-41948.4352
-41956.5266
-41955.8337
-41955.8560
-41952.0339
-41951.7880
-41951.5645
-41955.6102
-41944.5684
-41948.9493
-41945.2166
-41944.8813
-41943.0261
-41947.0718
-41943.7190
-41946.0883
-41944.3449
-41943.2496
-41946.4459
-41947.7870
-41942.0650
-41942.4226
-41935.9853
-41937.4158
-41941.1039
-41942.6238
-41942.2215
-41939.5169
-41938.6899
-41933.5043
-41940.0757
-41936.7229
-41941.4168
-41933.2808
-41933.7501
-41932.2526
-41938.7569
-41936.2088
-41930.1068
-41926.4635
-41934.0407
-41936.0524
-41940.1651
-41936.8570
-41942.4897
-41942.9144
-41944.3672
-41945.5295
-41948.1894
-41945.9318
-41944.2331
-41951.7657
-41948.4576
-41953.4197
-41953.8220
-41962.0475
-41956.7724
-41959.2088
-41959.3876
-41962.8521
-41965.8696
-41961.5110
-41963.8132
-41970.2058
-41970.4070
-41970.5858
-41967.5013
-41970.6752
-41964.4838
-41969.3341
-41967.2554
-41969.0883
-41963.9697
-41965.6908
-41961.6451
-41959.6558
-41965.1096
-41965.6908
-41963.0086
-41957.9347
-41962.5392
-41961.5781
-41961.3098
-41956.3925
-41960.7063
-41957.9571
-41958.8512
-41954.6490
-41957.7336
-41955.2749
-41958.6947
-41954.7161
-41953.4867
-41953.5761
-41950.9833
-41953.6879
-41950.7822
-41945.6860
-41946.9377
-41947.2506
-41946.8706
-41948.6141
-41945.8648
-41949.2176
-41942.4897
-41945.4401
-41944.0319
-41947.5859
-41937.1029
-41939.4498
-41928.3634
-41934.8007
-41932.5208
-41930.9785
-41923.3119
-41924.6977
-41929.9727
-41934.9124
-41934.6666
-41942.1768
-41943.9649
-41949.2846
-41950.4245
-41946.3342
-41948.8823
-41946.6471
-41949.1058
-41946.9377
-41956.0125
-41953.2632
-41958.9853
-41956.7277
-41956.8618
-41953.5091
-41960.0805
-41942.2215
-41963.2768
-41975.7044
-41974.1174
-41968.1942
-41965.8472
-41962.0475
-41961.6898
-41962.8298
-41959.5441
-41957.4206
-41959.6111
-41960.4605
-41957.0407
-41955.9901
-41954.0008
-41953.6655
-41958.8735
-41959.4323
-41951.0951
-41950.3128
-41941.4391
-41935.8959
-41950.5587
-41951.4974
-41947.3624
-41947.9882
-41947.1388
-41944.6131
-41938.5558
-41943.5626
-41942.1768
-41945.9989
-41938.1758
-41941.1709
-41937.5276
-41936.1641
-41932.8114
-41931.4926
-41935.9853
-41928.2963
-41929.9503
-41928.5869
-41929.2798
-41927.2234
-41925.4576
-41925.3459
-41923.0660
-41921.4567
-41926.8658
-41920.1826
-41922.3284
-41914.4829
-41918.6851
-41917.3663
-41918.1039
-41916.2487
-41921.0991
-41917.8581
-41924.0048
-41924.7200
-41932.2079
-41931.6491
-41927.9387
-41928.9892
-41929.6598
-41933.0125
-41937.7735
-41936.6335
-41931.0903
-41933.4372
-41929.3245
-41935.1136
-41928.6987
-41935.1583
-41932.0961
-41935.8512
-41933.3031
-41935.1807
-41930.4868
-41932.8784
-41930.3750
-41933.0572
-41931.0903
-41925.0777
-41930.0845
-41928.0281
-41927.2458
-41927.0670
-41928.5422
-41926.2623
-41923.5130
-41920.0262
-41923.1107
-41918.9756
-41915.7793
-41913.0971
-41919.1545
-41911.4655
-41913.4548
-41906.1681
-41911.9795
-41912.2254
-41913.7453
-41908.3586
-41909.3644
-41907.4868
-41908.7832
-41909.2303
-41908.3809
-41901.1837
-41898.6356
-41893.8076
-41893.1370
-41893.6735
-41898.3226
-41900.7366
-41893.8523
-41898.0544
-41891.3936
-41895.9310
-41891.3265
-41887.5267
-41886.1186
-41888.4655
-41878.4519
-41875.2780
-41871.6794
-41874.6298
-41868.8630
-41871.5005
-41870.1818
-41874.1157
-41877.4908
-41881.8941
-41883.6822
-41887.8397
-41888.6890
-41885.9621
-41891.3265
-41888.0185
-41885.8504
-41884.6881
-41886.9903
-41879.9271
-41884.6210
-41882.8105
-41890.1866
-41884.7775
-41888.1973
-41886.2527
-41889.2255
-41886.4762
-41889.4713
-41888.2867
-41887.5714
-41881.1118
-41882.4082
-41881.6929
-41881.9835
-41877.9378
-41882.0953
-41882.9446
-41879.5919
-41878.3402
-41876.0826
-41874.3392
-41875.1439
-41872.0817
-41868.0584
-41870.8970
-41863.9233
-41867.1866
-41866.9631
-41870.0253
-41864.9291
-41860.1682
-41857.7989
-41860.2576
-41861.6211
-41859.3635
-41848.5453
-41852.1216
-41849.2382
-41851.2499
-41844.5220
-41842.9797
-41843.1809
-41843.3150
-41841.2363
-41835.3131
-41839.2023
-41837.2800
-41840.7222
-41834.5084
-41832.6756
-41832.0497
-41834.8213
-41830.5298
-41832.6979
-41827.8029
-41827.5794
-41817.6775
-41819.8680
-41820.0468
-41824.8301
-41816.5152
-41817.6999
-41819.8010
-41823.3549
-41825.8359
-41829.5687
-41829.7251
-41831.2674
-41828.9428
-41832.9214
-41833.6590
-41833.8602
-41838.6211
-41836.1624
-41834.0837
-41829.5910
-41833.5696
-41834.2849
-41837.1459
-41835.6483
-41838.0623
-41839.4258
-41841.8398
-41836.9894
-41839.8952
-41834.4413
-41831.2450
-41829.1440
-41828.9875
-41830.5968
-41831.4462
-41827.0206
-41824.7183
-41820.1139
-41822.1032
-41823.3102
-41823.4666
-41823.4443
-41816.4482
-41816.1129
-41813.5425
-41813.2519
-41816.6494
-41815.1741
-41810.2344
-41813.0954
-41803.7524
-41805.2053
-41810.5473
-41808.7368
-41800.7349
-41803.6630
-41799.7738
-41801.3831
-41794.0294
-41794.4541
-41793.3141
-41790.4978
-41797.9856
-41792.5095
-41795.2140
-41791.7272
-41788.4415
-41788.2403
-41786.9215
-41790.4308
-41793.0236
-41787.3239
-41785.3346
-41780.0595
-41784.7087
-41778.0255
-41780.6407
-41774.2034
-41776.4609
-41779.3443
-41780.5289
-41776.9974
-41782.2947
-41782.0712
-41779.1208
-41789.1791
-41796.3093
-41793.9400
-41793.1577
-41793.5824
-41792.4424
-41799.2150
-41791.5036
-41794.6329
-41793.2471
-41795.0576
-41792.1295
-41793.4929
-41788.7767
-41794.7893
-41794.0517
-41796.5328
-41790.6990
-41795.1470
-41793.4035
-41793.7835
-41788.4415
-41791.0566
-41793.3365
-41789.0450
-41786.4521
-41790.2519
-41785.6475
-41786.5639
-41783.5464
-41778.3832
-41778.2044
-41775.8574
-41769.7554
-41767.5873
-41774.4716
-41774.1363
-41775.2763
-41771.6106
-41774.3599
-41772.7952
-41773.9799
-41771.9459
-41776.4162
-41771.7671
-41775.5668
-41767.6320
-41767.0508
-41765.0168
-41763.3404
-41757.0820
-41751.9858
-41755.7632
-41755.4726
-41757.4619
-41758.3560
-41757.9090
-41754.2880
-41754.0198
-41753.7515
-41752.0975
-41747.3813
-41745.7943
-41741.8157
-41746.7107
-41738.4630
-41739.3794
-41727.8459
-41733.0315
-41736.2278
-41738.1947
-41738.6641
-41745.3249
-41741.7263
-41743.0451
-41743.9168
-41748.0295
-41741.7710
-41746.1072
-41745.0120
-41746.5766
-41753.1704
-41751.8516
-41752.6563
-41754.3103
-41756.3443
-41753.0810
-41751.6281
-41750.6223
-41755.4503
-41753.7739
-41757.5066
-41753.0139
-41758.2442
-41758.8477
-41762.4911
-41752.0975
-41751.1811
-41754.2209
-41754.3327
-41759.4959
-41755.6067
-41752.6340
-41750.3764
-41751.5611
-41752.3881
-41752.9692
-41746.0178
-41748.0966
-41747.7613
-41753.6174
-41751.4046
-41746.0402
-41747.6048
-41752.5893
-41747.1801
-41747.2472
-41742.0392
-41744.3638
-41738.4853
-41742.5757
-41740.1617
-41742.5757
-41740.3629
-41743.2239
-41736.5184
-41737.4795
-41732.7186
-41734.7302
-41734.1938
-41732.0704
-41733.0538
-41731.6457
-41735.4678
-41731.6010
-41730.5504
-41730.6398
-41734.9314
-41732.1598
-41738.7535
-41738.3512
-41736.8536
-41731.1763
-41727.4882
-41724.9849
-41725.4319
-41728.2259
-41736.0043
-41736.8760
-41740.4523
-41742.5533
-41745.5485
-41746.3531
-41747.4931
-41748.8118
-41751.5164
-41755.2938
-41751.0023
-41754.0198
-41750.2870
-41753.8633
-41753.5727
-41761.7311
-41760.5688
-41764.9051
-41761.6417
-41764.2792
-41765.9332
-41766.5144
-41767.0732
-41766.6932
-41766.1344
-41767.4755
-41763.9439
-41764.8827
-41762.7593
-41765.6874
-41763.9439
-41764.3910
-41763.0946
-41766.6932
-41766.4697
-41767.7661
-41774.0022
-41766.8944
-41768.2802
-41767.6767
-41769.3307
-41771.9459
-41773.6446
-41769.6213
-41774.1363
-41771.0518
-41776.3939
-41769.8448
-41769.0401
-41769.6883
-41770.8730
-41767.3191
-41768.5260
-41765.4192
-41766.1568
-41762.5805
-41762.4017
-41758.6242
-41759.7418
-41760.7029
-41760.0994
-41764.2569
-41758.9372
-41760.6806
-41760.7476
-41763.3851
-41761.2170
-41766.9167
-41762.3123
-41769.5989
-41763.0722
-41758.7136
-41756.2102
-41760.6582
-41757.2161
-41760.7923
-41759.0042
-41767.6096
-41763.4969
-41773.1976
-41775.5221
-41781.4454
-41774.1587
-41778.3608
-41782.2053
-41782.4959
-41780.2384
-41784.5075
-41790.4978
-41787.9274
-41786.8321
-41786.4521
-41791.3025
-41787.1003
-41800.1538
-41793.7165
-41798.9021
-41793.4035
-41795.7505
-41792.1071
-41799.2150
-41792.2413
-41796.8010
-41796.2199
-41799.5279
-41797.6727
-41794.1411
-41791.4142
-41796.6892
-41792.2189
-41790.0061
-41793.7165
-41793.1353
-41789.7155
-41792.8224
-41792.6659
-41789.4473
-41790.1849
-41791.5036
-41791.2578
-41787.7485
-41790.0061
-41786.0275
-41790.2743
-41783.5464
-41788.4415
-41789.1791
-41784.1052
-41773.8905
-41781.6465
-41784.5075
-41789.7602
-41787.1451
-41790.9225
-41783.7923
-41783.0994
-41781.3560
-41780.5066
-41779.7019
-41780.7748
-41783.6805
-41781.1548
-41781.4901
-41774.4046
-41778.5620
-41772.3929
-41771.6329
-41768.7496
-41772.9740
-41771.5659
-41780.6183
-41781.4677
-41786.2957
-41782.2277
-41787.1674
-41784.6193
-41791.2578
-41790.0955
-41796.1975
-41799.1479
-41800.6232
-41802.7689
-41799.3044
-41803.4842
-41806.1887
-41808.1557
-41809.4968
-41810.8156
-41807.7087
-41817.8787
-41813.3860
-41812.5366
-41806.6805
-41811.7767
-41808.0439
-41809.8097
-41802.9701
-41807.2169
-41806.5911
-41807.7310
-41804.0430
-41804.7359
-41803.6406
-41802.9924
-41802.1431
-41801.8749
-41797.7621
-41797.8292
-41794.8117
-41797.8292
-41802.2548
-41800.7349
-41797.8515
-41794.0294
-41796.1081
-41792.6212
-41793.3365
-41787.6815
-41790.3637
-41789.3355
-41793.6718
-41791.5707
-41790.0955
-41784.2393
-41788.0615
-41785.9157
-41790.8554
-41788.9555
-41792.7330
-41783.1441
-41783.0323
-41783.3676
-41779.5008
-41774.1140
-41777.1762
-41779.5008
-41779.2996
-41780.3501
-41771.7000
-41770.1577
-41765.8215
-41772.4600
-41772.5717
-41781.6465
-41774.5387
-41779.8584
-41778.2714
-41781.5571
-41782.4512
-41788.7991
-41787.2121
-41791.8166
-41788.7767
-41793.1800
-41793.9176
-41791.1684
-41793.2471
-41795.9293
-41791.3919
-41788.5309
-41790.8331
-41793.6494
-41790.4755
-41790.6096
-41793.5377
-41796.1752
-41798.6115
-41793.0906
-41796.2422
-41789.2685
-41794.6776
-41786.4969
-41790.9001
-41784.9546
-41785.2675
-41783.4570
-41787.7038
-41779.5678
-41780.9760
-41778.6290
-41782.6300
-41780.9760
-41779.9254
-41780.6183
-41781.3560
-41781.7136
-41775.7904
-41781.4901
-41777.7126
-41781.4901
-41775.7457
-41781.0207
-41781.2665
-41780.2384
-41777.4444
-41778.4949
-41773.3093
-41767.1402
-41763.4075
-41772.4823
-41771.2306
-41771.7894
-41761.2170
-41766.4026
-41761.9993
-41760.5912
-41756.6349
-41752.8128
-41750.3541
-41753.1480
-41754.0645
-41750.6000
-41752.2987
-41746.6213
-41744.3415
-41747.8507
-41755.6961
-41752.6563
-41755.4279
-41749.1471
-41753.9974
-41759.9206
-41762.1558
-41756.0314
-41756.7243
-41755.7409
-41757.9537
-41760.9265
-41764.2345
-41761.8429
-41762.2676
-41762.2452
-41762.0664
-41763.8098
-41764.9051
-41769.7777
-41769.2413
-41768.1684
-41767.1849
-41771.2530
-41766.4920
-41766.4920
-41762.7817
-41765.7097
-41756.7690
-41758.9819
-41758.6019
-41758.4231
-41752.2093
-41760.7029
-41759.6971
-41757.7078
-41757.6184
-41756.0985
-41760.8147
-41759.9653
-41756.1879
-41759.2054
-41759.2054
-41756.1655
-41753.1704
-41755.4726
-41756.6349
-41757.9090
-41759.3395
-41750.3317
-41747.0684
-41744.1179
-41743.6709
-41738.2618
-41739.9158
-41736.4513
-41744.9226
-41738.4853
-41746.2414
-41741.9498
-41740.6758
-41738.8653
-41740.9887
-41733.8361
-41730.8857
-41734.1938
-41733.3891
-41734.8643
-41730.4834
-41732.3609
-41730.7516
-41730.0363
-41725.4542
-41726.9742
-41722.9285
-41729.5670
-41724.9178
-41721.4756
-41722.9508
-41729.4999
-41725.1637
-41727.9129
-41726.3483
-41728.1588
-41731.6010
-41734.2161
-41732.0704
-41731.8915
-41728.5388
-41733.7914
-41733.7244
-41731.1986
-41732.1821
-41734.3949
-41732.8303
-41736.0937
-41738.6865
-41740.7205
-41740.0052
-41737.0995
-41739.9605
-41728.8964
-41737.5465
-41733.4562
-41740.5640
-41734.5961
-41741.8604
-41735.0878
-41735.3784
-41735.5349
-41731.8915
-41726.6836
-41725.5883
-41726.6389
-41732.1374
-41722.0791
-41722.2579
-41730.0140
-41730.8857
-41729.0529
-41726.4377
-41725.8119
-41721.1627
-41728.2482
-41728.0470
-41725.5436
-41722.8838
-41722.4591
-41720.3133
-41715.2618
-41708.3999
-41718.5923
-41713.2055
-41715.8877
-41711.6632
-41713.7643
-41714.0996
-41717.2959
-41708.7575
-41707.1258
-41710.2551
-41709.8974
-41713.6078
-41708.2434
-41706.9246
-41707.4387
-41701.6720
-41701.5826
-41705.4494
-41703.2143
-41705.8518
-41705.5835
-41706.2094
-41712.9373
-41716.6700
-41711.4173
-41719.2181
-41713.0043
-41715.0607
-41710.7021
-41721.3192
-41717.6982
-41717.4970
-41714.7030
-41724.0461
-41721.2968
-41722.8838
-41727.5106
-41726.9965
-41724.1802
-41720.1569
-41725.1413
-41720.2239
-41723.9120
-41721.6768
-41715.8877
-41709.4951
-41718.1676
-41717.0947
-41719.1957
-41714.9713
-41719.5757
-41711.6185
-41714.1666
-41712.1997
-41711.2385
-41712.0208
-41713.5408
-41713.4737
-41717.5417
-41716.7371
-41717.0053
-41717.5864
-41718.1005
-41715.5748
-41714.3007
-41714.1666
-41710.8362
-41714.7701
-41706.2317
-41713.6972
-41701.8955
-41695.7488
-41699.8838
-41705.5165
-41706.8799
-41705.8518
-41701.4038
-41702.4543
-41699.6603
-41698.0286
-41693.2677
-41695.2794
-41692.7983
-41694.2736
-41689.0209
-41688.1715
-41683.5224
-41682.4048
-41679.2755
-41679.3202
-41681.6225
-41684.4388
-41684.4164
-41689.3562
-41693.8712
-41698.5651
-41701.9402
-41696.9334
-41708.0869
-41705.4718
-41702.1190
-41698.5874
-41700.6438
-41701.8284
-41700.6662
-41698.8557
-41697.3581
-41697.2240
-41704.6224
-41701.6496
-41706.4776
-41702.3649
-41701.4485
-41701.1132
-41690.0491
-41691.5466
-41695.2347
-41694.3630
-41687.6127
-41690.7420
-41694.1618
-41694.6982
-41690.6526
-41696.0170
-41695.8382
-41696.6875
-41686.6740
-41690.6302
-41688.3950
-41691.3902
-41687.8586
-41688.3056
-41679.1861
-41682.3601
-41678.6720
-41680.0355
-41680.1025
-41679.3202
-41679.7226
-41677.0404
-41674.5593
-41677.1968
-41676.1239
-41671.2066
-41675.4310
-41674.9169
-41679.9237
-41676.2804
-41678.0015
-41674.9840
-41678.9850
-41681.4884
-41685.1764
-41677.1074
-41676.5039
-41673.3523
-41675.2746
-41673.9111
-41674.5593
-41674.4923
-41675.8110
-41667.7644
-41672.8606
-41672.8382
-41675.9228
-41675.7216
-41678.1132
-41674.2017
-41677.4427
-41677.7780
-41676.2580
-41679.4543
-41681.9801
-41684.0812
-41675.4087
-41687.2328
-41690.3620
-41691.4349
-41690.5408
-41694.6312
-41694.3183
-41697.9616
-41696.9558
-41701.2697
-41701.1802
-41706.5670
-41703.7283
-41702.3649
-41704.3765
-41707.9975
-41707.0811
-41705.0471
-41704.2424
-41705.0247
-41705.4718
-41704.2201
-41708.6234
-41701.3814
-41703.0354
-41705.1812
-41714.3454
-41709.0257
-41711.9761
-41704.3989
-41703.8625
-41695.0559
-41708.0646
-41705.8741
-41707.4834
-41706.0529
-41709.7857
-41708.3328
-41711.1938
-41716.4688
-41711.1938
-41715.6642
-41711.6409
-41716.0442
-41712.8032
-41711.3726
-41715.1054
-41720.2463
-41718.0782
-41723.4202
-41726.3483
-41722.6826
-41719.4193
-41725.5883
-41723.6437
-41728.7623
-41721.3415
-41731.1986
-41723.8673
-41729.2093
-41729.0082
-41730.0140
-41722.6826
-41723.4202
-41732.7186
-41736.8536
-41732.2045
-41737.7700
-41742.9110
-41745.3473
-41745.3473
-41746.9790
-41753.1704
-41755.4726
-41757.6408
-41759.8759
-41764.5698
-41764.5474
-41766.0227
-41767.6767
-41771.2306
-41770.6942
-41777.3103
-41773.4658
-41785.4240
-41785.8263
-41792.2860
-41792.6436
-41795.9516
-41796.7563
-41797.4045
-41792.1295
-41788.0615
-41788.9779
-41787.8156
-41788.6650
-41785.2228
-41794.7670
-41790.0731
-41796.9575
-41794.6999
-41795.2140
-41791.9954
-41800.1091
-41793.8953
-41803.6183
-41800.1985
-41803.5959
-41800.3102
-41800.7126
-41796.1305
-41802.5678
-41796.0858
-41803.5736
-41806.3228
-41802.5678
-41802.4113
-41804.4900
-41803.4842
-41807.7981
-41808.2898
-41809.9215
-41809.9215
-41810.2791
-41810.2568
-41811.8437
-41811.8661
-41812.9837
-41819.7786
-41816.0235
-41815.9565
-41807.6193
-41821.7679
-41818.7951
-41816.6717
-41813.4307
-41813.6989
-41817.3870
-41826.0594
-41823.2878
-41828.0934
-41832.4967
-41835.1119
-41832.9214
-41837.5929
-41842.8009
-41842.8456
-41850.2887
-41852.8815
-41855.2061
-41846.7795
-41853.5521
-41860.2353
-41863.2080
-41849.3500
-41862.4928
-41865.7114
-41872.4393
-41870.4947
-41864.1692
-41876.5520
-41878.2061
-41880.0613
-41885.9621
-41881.7823
-41878.2955
-41876.8873
-41882.2294
-41880.1283
-41878.1614
-41886.9903
-41884.5987
-41883.9952
-41873.3781
-41881.0671
-41885.2692
-41881.4024
-41886.6327
-41883.4811
-41886.0739
-41885.8280
-41891.8853
-41898.7026
-41890.1642
-41892.0418
-41891.6395
-41889.4937
-41891.2818
-41886.8785
-41884.7328
-41883.0340
-41879.5472
-41883.2799
-41882.7211
-41892.3771
-41875.5909
-41879.8824
-41885.2022
-41880.8883
-41872.4170
-41882.4976
-41875.7027
-41872.8193
-41879.8154
-41872.0146
-41877.1332
-41879.3013
-41879.4354
-41876.2168
-41887.1021
-41870.9417
-41890.9242
-41888.1526
-41882.7882
-41881.0000
-41886.0515
-41898.0321
-41890.2984
-41899.5073
-41902.2789
-41897.1156
-41901.8766
-41900.9378
-41901.0495
-41904.2682
-41900.1778
-41908.7832
-41902.0554
-41905.3187
-41905.4752
-41909.9008
-41905.7211
-41910.0349
-41906.8610
-41904.1788
-41896.8698
-41910.3926
-41902.6365
-41906.1904
-41908.0233
-41907.9115
-41901.4742
-41904.5364
-41902.5024
-41899.5296
-41903.0836
-41894.7911
-41896.9592
-41891.9077
-41874.9427
-41905.0282
-41896.9145
-41892.0418
-41899.0155
-41899.7084
-41904.3129
-41897.4509
-41891.2595
-41889.0690
-41899.3285
-41887.1691
-41897.3392
-41892.8688
-41894.8358
-41883.9281
-41883.3693
-41890.2089
-41889.3596
-41888.9796
-41886.0068
-41891.0583
-41886.6327
-41888.2643
-41881.8717
-41880.6648
-41883.8834
-41884.9563
-41880.6648
-41872.5734
-41867.7901
-41869.7124
-41876.7308
-41879.0778
-41870.5171
-41877.1555
-41876.9544
-41876.3062
-41876.3732
-41885.7386
-41881.0447
-41885.0680
-41892.3771
-41891.7959
-41889.1584
-41891.7512
-41892.8465
-41893.0253
-41893.5170
-41889.7172
-41897.2497
-41888.3090
-41894.2546
-41894.2993
-41895.5734
-41887.9738
-41899.8873
-41894.1652
-41896.2439
-41888.5996
-41891.1254
-41887.9961
-41883.8834
-41898.7026
-41896.3110
-41887.9961
-41890.2984
-41887.3032
-41885.1351
-41879.9495
-41879.5472
-41878.4966
-41880.5306
-41876.1050
-41878.6084
-41878.9213
-41875.0098
-41874.1380
-41875.8591
-41877.8484
-41865.4209
-41871.5229
-41861.2634
-41861.8222
-41860.5482
-41864.0798
-41861.4646
-41861.5540
-41852.2780
-41860.7270
-41855.8767
-41856.1002
-41853.5297
-41849.1264
-41843.5609
-41849.0147
-41847.2936
-41843.4938
-41843.3597
-41838.0176
-41835.2237
-41837.3694
-41845.2596
-41844.5220
-41844.9243
-41843.0021
-41852.7698
-41849.5958
-41851.8086
-41848.2547
-41855.3179
-41849.0147
-41856.8154
-41852.9709
-41848.4782
-41849.4170
-41853.7309
-41852.5463
-41855.7202
-41857.2625
-41860.6376
-41862.5822
-41861.9340
-41862.9845
-41843.6056
-41814.7048
-41883.5705
-41880.9553
-41871.2770
-41869.9136
-41860.1011
-41861.1293
-41859.4529
-41863.3869
-41861.0176
-41862.1799
-41856.8601
-41858.1118
-41853.3509
-41857.6648
-41853.1498
-41854.2450
-41850.5570
-41855.0049
-41850.2887
-41851.0040
-41849.6405
-41848.2994
-41849.0817
-41849.2158
-41846.9807
-41845.0137
-41841.4151
-41839.0905
-41847.8971
-41847.3383
-41851.6298
-41842.3539
-41842.3092
-41838.1964
-41840.6328
-41838.4870
-41840.2304
-41838.2411
-41836.9000
-41838.3529
-41841.9292
-41836.7212
-41838.7329
-41834.1731
-41838.4870
-41837.4812
-41841.7727
-41851.3616
-41850.2440
-41850.3334
-41853.4850
-41856.4355
-41854.8708
-41856.5472
-41859.9000
-41860.5482
-41866.4490
-41865.7561
-41864.8844
-41871.4558
-41868.9301
-41870.7406
-41871.7464
-41879.1001
-41879.4354
-41878.5190
-41876.7308
-41881.4024
-41884.7328
-41885.1798
-41888.9796
-41885.4480
-41882.2294
-41882.6988
-41877.5802
-41877.3343
-41884.4422
-41880.3518
-41887.1244
-41883.9728
-41883.4364
-41878.9884
-41884.2857
-41876.5520
-41884.3975
-41881.5812
-41883.1905
-41879.7036
-41882.6541
-41876.9767
-41883.6822
-41884.8445
-41889.8737
-41891.1477
-41891.8406
-41886.2750
-41883.3023
-41884.8892
-41889.4490
-41891.2148
-41890.6560
-41892.6006
-41891.7512
-41894.4781
-41888.9572
-41889.3149
-41885.7609
-41889.6054
-41889.9631
-41889.4937
-41880.4859
-41882.2070
-41881.6706
-41884.6881
-41874.4063
-41880.1730
-41881.3353
-41884.6434
-41886.0515
-41887.1021
-41887.9514
-41898.7026
-41899.1943
-41902.2789
-41903.9329
-41904.0447
-41910.6831
-41907.5986
-41909.9455
-41910.8620
-41910.3255
-41912.6277
-41920.4062
-41916.8299
-41918.1710
-41921.3226
-41927.8716
-41923.3789
-41929.5704
-41918.7298
-41926.4411
-41918.3498
-41921.7473
-41915.9582
-41913.9241
-41915.0417
-41915.4888
-41913.7006
-41912.0466
-41914.3265
-41911.9795
-41916.8969
-41915.1311
-41914.3712
-41912.2701
-41911.6890
-41907.7551
-41911.4208
-41907.3751
-41914.6618
-41911.2419
-41916.7405
-41912.4713
-41916.7852
-41908.2245
-41817.8116
-41792.1518
-41992.1553
-41983.2146
-41948.5023
-41923.0884
-41915.3100
-41903.3741
-41900.8707
-41897.8309
-41903.5753
-41903.5753
-41898.8591
-41899.9767
-41891.2148
-41889.6278
-41886.8562
-41888.2643
-41885.9621
-41888.5773
-41882.9446
-41891.7512
-41892.8017
-41897.9874
-41898.9708
-41904.2682
-41902.3012
-41903.9329
-41901.8319
-41906.9951
-41904.8940
-41912.2701
-41905.8328
-41907.4868
-41907.8892
-41908.8503
-41910.4596
-41910.7055
-41916.9640
-41909.4091
-41917.2993
-41912.7395
-41916.1146
-41910.2808
-41906.2351
-41904.9834
-41912.6277
-41904.7152
-41915.0641
-41908.8950
-41910.1467
-41911.9125
-41911.8454
-41903.9106
-41908.4033
-41909.9455
-41903.8212
-41900.9378
-41901.9436
-41900.8260
-41900.6249
-41899.3508
-41894.8134
-41898.7026
-41894.6346
-41895.8416
-41899.6190
-41898.2332
-41891.4606
-41896.9592
-41891.9077
-41891.3042
-41884.7775
-41889.6725
-41885.0457
-41885.4480
-41877.9825
-41873.0428
-41874.5180
-41873.8028
-41868.8630
-41873.1993
-41873.3781
-41871.0759
-41870.3159
-41868.9971
-41867.4102
-41866.1585
-41866.2255
-41860.7717
-41862.9398
-41859.1847
-41864.5938
-41868.1925
-41867.1866
-41865.1973
-41866.5384
-41871.0759
-41868.5054
-41872.0146
-41876.7308
-41877.5579
-41876.1273
-41877.6026
-41817.9234
-41868.7289
-41911.4431
-41895.4393
-41888.7561
-41885.2916
-41879.9942
-41882.0506
-41881.9388
-41884.3528
-41872.0146
-41872.9534
-41865.3091
-41865.1526
-41866.8961
-41871.9476
-41864.3927
-41861.1964
-41858.4471
-41860.7717
-41857.3742
-41861.0846
-41855.3402
-41859.6094
-41855.5861
-41855.9661
-41854.0662
-41852.7474
-41851.7192
-41853.9097
-41847.2489
-41849.9311
-41845.9748
-41846.1090
-41845.1478
-41839.2470
-41838.6658
-41835.4472
-41832.7426
-41827.4676
-41835.5589
-41833.5696
-41833.8826
-41825.9477
-41832.2509
-41826.8194
-41835.2460
-41823.3996
-41823.6902
-41819.6445
-41820.3821
-41819.3763
-41819.3986
-41817.1634
-41816.3141
-41810.0556
-41808.5133
-41816.5823
-41818.3257
-41817.6552
-41813.4307
-41817.3870
-41820.6727
-41824.9642
-41824.4054
-41826.3947
-41820.6056
-41827.7805
-41825.6571
-41825.6348
-41823.5784
-41826.5512
-41821.9020
-41827.6688
-41822.4385
-41824.9642
-41822.5502
-41820.6503
-41820.9409
-41830.1275
-41828.1605
-41825.7465
-41825.8136
-41826.4171
-41829.3228
-41823.6007
-41834.0167
-41828.0040
-41823.9137
-41821.2091
-41823.5337
-41821.2315
-41820.1809
-41815.4871
-41814.4142
-41807.8204
-41809.3180
-41804.6018
-41810.3462
-41804.4677
-41811.5532
-41808.8486
-41808.3345
-41801.0478
-41801.6960
-41798.2315
-41800.8020
-41794.3423
-41788.6873
-41790.3861
-41780.9089
-41780.4619
-41785.4687
-41790.4084
-41781.7136
-41786.0498
-41781.2442
-41785.8039
-41784.4405
-41779.7466
-41772.7729
-41780.0595
-41777.5785
-41778.4279
-41775.1198
-41775.1198
-41769.0401
-41773.6222
-41773.8458
-41775.6116
-41772.7729
-41771.6329
-41771.6329
-41781.0654
-41780.4395
-41780.3948
-41780.9983
-41785.0216
-41788.6873
-41787.5474
-41786.5639
-41779.8584
-41784.9769
-41788.0168
-41791.8836
-41789.7379
-41791.9507
-41790.4084
-41792.2860
-41788.8661
-41793.0906
-41797.0022
-41794.5882
-41789.2685
-41792.7106
-41789.5590
-41791.2354
-41791.7272
-41789.2461
-41789.0002
-41788.9108
-41783.4347
-41780.3725
-41782.3394
-41779.3890
-41784.1723
-41779.6796
-41775.8127
-41774.8069
-41782.9206
-41783.5688
-41791.1684
-41786.8768
-41786.4969
-41786.1169
-41789.5590
-41790.9448
-41791.3025
-41789.3132
-41791.1237
-41786.1169
-41785.0440
-41786.0051
-41781.9371
-41781.2218
-41784.1499
-41791.6601
-41780.9760
-41786.0722
-41784.6193
-41785.1334
-41767.6990
-41778.8302
-41782.2724
-41696.7769
-41528.1554
-41533.4080
-41572.8142
-41628.0006
-41666.3786
-41694.8994
-41715.4407
-41743.8050
-41753.1704
-41768.5484
-41772.4153
-41778.8079
-41783.4794
-41790.5872
-41791.8836
-41797.4269
-41798.4327
-41803.6853
-42086.3232
-42263.5278
-42117.0121
-41972.3740
-41894.1876
-41846.8689
-41831.7591
-41816.1576
-41820.1362
-41812.5143
-41814.7271
-41814.8612
-41816.8282
-41813.3860
-41819.6668
-41821.3656
-41818.9739
-41815.1965
-41818.9516
-41819.1528
-41818.0799
-41820.2480
-41817.5881
-41817.2529
-41815.4871
-41814.9283
-41812.0002
-41821.7679
-41817.6775
-41822.6843
-41820.2480
-41822.9749
-41819.4880
-41819.2869
-41816.6047
-41819.2198
-41816.2023
-41815.8223
-41816.2917
-41816.5823
-41811.0167
-41813.9224
-41816.6494
-41818.9516
-41815.5094
-41815.1518
-41814.7718
-41819.5998
-41820.6280
-41816.9846
-41818.7281
-41812.1120
-41815.4424
-41810.1673
-41812.0672
-41813.4754
-41813.7883
-41811.4861
-41815.1071
-41812.2908
-41821.5891
-41816.7611
-41822.1479
-41825.3218
-41830.7757
-41827.2217
-41838.5317
-41831.7144
-41831.9603
-41837.6376
-41841.2363
-41838.9564
-41834.5978
-41839.0011
-41841.7727
-41850.0205
-41846.0866
-41846.6677
-41848.3888
-41857.0390
-41856.2566
-41857.5083
-41852.7027
-41854.8261
-41849.1711
-41849.2829
-41846.0195
-41851.7639
-41846.9360
-41848.4782
-41848.3888
-41849.7523
-41851.8534
-41852.1216
-41851.1157
-41853.8203
-41853.3956
-41851.0040
-41850.9369
-41848.0089
-41843.4714
-41844.9914
-41846.3548
-41845.8407
-41846.5336
-41841.7280
-41839.5152
-41842.9574
-41845.2596
-41841.4151
-41842.2645
-41838.3976
-41838.1741
-41833.3238
-41836.9224
-41841.9068
-41839.6940
-41832.1838
-41832.4744
-41828.2946
-41831.7144
-41826.0818
-41824.9866
-41828.5405
-41825.2995
-41826.5288
-41826.6629
-41822.3938
-41820.4044
-41818.7281
-41820.2927
-41828.4958
-41828.6075
-41830.3957
-41831.5803
-41834.6425
-41830.3733
-41840.1857
-41838.5988
-41842.8680
-41840.8116
-41844.1196
-41843.4267
-41843.5609
-41844.6114
-41845.4608
-41845.5502
-41847.0924
-41847.8077
-41844.9690
-41845.3713
-41845.5725
-41848.4112
-41845.1925
-41848.6794
-41844.7455
-41841.9068
-41837.5706
-41839.7164
-41837.4588
-41844.0079
-41840.6998
-41846.3548
-41839.3140
-41844.6784
-41838.9787
-41845.9972
-41842.6891
-41844.0749
-41840.5434
-41840.1857
-41836.4306
-41843.2032
-41838.5541
-41832.2509
-41835.7601
-41831.5133
-41830.8427
-41833.0555
-41833.4355
-41828.7864
-41829.2557
-41825.7465
-41828.3617
-41819.8457
-41823.6678
-41822.6843
-41827.0876
-41825.8359
-41829.4122
-41829.4122
-41825.1207
-41824.7854
-41827.5123
-41820.7174
-41820.0245
-41818.1022
-41817.1634
-41824.9195
-41819.4433
-41817.5881
-41816.5599
-41815.0847
-41815.2635
-41821.6561
-41822.2373
-41821.1868
-41825.7912
-41833.4579
-41833.6590
-41835.1790
-41832.4073
-41830.5074
-41835.5142
-41842.1527
-41832.4967
-41854.1109
-41844.7455
-41845.1702
-41853.9097
-41852.9486
-41848.8359
-41863.4539
-41856.3684
-41862.4704
-41862.2693
-41859.8776
-41862.4034
-41865.7338
-41867.7007
-41854.8261
-41868.6395
-41864.2139
-41871.4335
-41861.7775
-41863.1186
-41868.0360
-41872.8193
-41866.1138
-41868.3713
-41872.3946
-41868.5725
-41866.0467
-41879.6589
-41869.7347
-41868.8630
-41870.4947
-41877.2226
-41875.4344
-41876.1944
-41880.1060
-41875.7921
-41880.5753
-41884.8892
-41875.6133
-41876.3285
-41880.0166
-41874.8533
-41868.8854
-41879.8377
-41888.6890
-41881.3577
-41875.0545
-41875.7250
-41885.2692
-41878.9437
-41877.4685
-41875.7250
-41884.4198
-41882.6317
-41874.8533
-41879.3907
-41885.4927
-41879.9942
-41882.4529
-41886.4986
-41879.8377
-41883.2799
-41884.3528
-41894.4334
-41886.7221
-41890.2536
-41890.2760
-41899.8873
-41902.6365
-41903.0836
-41896.0875
-41907.2410
-41911.9795
-41911.9125
-41910.7055
-41916.6287
-41912.6277
-41917.8357
-41921.0767
-41935.1807
-41929.7268
-41930.4197
-41936.3877
-41931.5373
-41925.1224
-41929.8609
-41930.2633
-41929.3245
-41932.5655
-41921.9484
-41924.8542
-41933.2808
-41937.8182
-41919.1992
-41928.3857
-41927.8493
-41929.1904
-41923.9824
-41922.4402
-41919.7356
-41929.0339
-41920.8755
-41919.4450
-41921.5684
-41923.6695
-41917.9698
-41926.4411
-41920.0485
-41923.3566
-41925.5247
-41925.9047
-41927.4917
-41915.6229
-41914.3041
-41912.7619
-41918.4392
-41917.9922
-41917.8134
-41913.9241
-41915.2876
-41910.8620
-41915.2429
-41907.7551
-41917.6345
-41910.9290
-41910.0126
-41918.0816
-41915.4441
-41907.5763
-41910.6161
-41904.0000
-41907.9339
-41913.8794
-41915.1311
-41915.2876
-41914.3265
-41917.0310
-41916.4499
-41926.3294
-41920.7861
-41925.5024
-41923.8483
-41928.9445
-41929.1904
-41932.5208
-41934.8454
-41934.5325
-41942.4226
-41950.6704
-41939.5392
-41949.5752
-41946.3118
-41947.5859
-41946.2895
-41944.6801
-41949.1728
-41944.1884
-41944.6801
-41946.5353
-41946.9153
-41943.9649
-41945.0825
-41942.5791
-41936.2088
-41938.7122
-41942.8026
-41936.6335
-41939.8969
-41932.6773
-41939.7628
-41931.6267
-41935.8065
-41934.5772
-41936.0077
-41926.1282
-41930.9115
-41926.1953
-41929.7268
-41924.6977
-41924.0048
-41924.7200
-41922.5743
-41921.7026
-41925.0106
-41924.4742
-41918.3051
-41916.4499
-41916.6287
-41920.3614
-41919.0874
-41917.6792
-41916.0923
-41915.0641
-41910.3032
-41917.2769
-41912.5160
-41911.3984
-41910.0796
-41915.4217
-41905.8328
-41907.7104
-41897.3615
-41897.0933
-41905.3634
-41905.9893
-41907.2857
-41908.1350
-41912.6501
-41913.8347
-41915.9135
-41919.2439
-41922.2166
-41921.8590
-41922.2390
-41922.1272
-41923.6472
-41923.7142
-41926.1506
-41931.3585
-41933.9066
-41935.2030
-41935.8065
-41931.6938
-41944.0767
-41946.2895
-41943.2496
-41946.6247
-41940.7686
-41937.9970
-41949.3070
-41954.6043
-41958.9182
-41956.1242
-41954.6937
-41957.3983
-41958.0465
-41961.3322
-41962.1816
-41961.3769
-41957.9794
-41955.9678
-41959.8793
-41961.2651
-41959.1417
-41959.1417
-41959.9240
-41967.2331
-41959.6111
-41968.0601
-41965.6014
-41963.2992
-41964.1709
-41969.5576
-41970.8317
-41970.0941
-41968.8871
-41972.5751
-41973.6480
-41972.7986
-41972.2622
-41971.5916
-41975.2126
-41980.7112
-41975.9055
-41981.9405
-41980.7335
-41981.6276
-41984.8686
-41981.4488
-41986.9696
-41983.3934
-41983.7733
-41982.1864
-41983.7510
-41979.0795
-41981.5158
-41977.7607
-41987.6178
-41990.7694
-41992.4235
-41993.1611
-41999.2184
-42002.9511
-42008.4050
-42008.2262
-42007.1756
-42013.6129
-42007.8238
-42012.7412
-42018.8656
-42020.8325
-42023.2912
-42022.7101
-42022.1513
-42032.8801
-42031.8072
-42035.2718
-42034.6906
-42040.9938
-42040.1444
-42042.3126
-42039.9209
-42046.3582
-42038.3116
-42049.4651
-42049.9569
-42049.1522
-42047.6546
-42048.0570
-42045.1065
-42046.9170
-42045.3971
-42044.2348
-42046.8500
-42044.0560
-42045.9559
-42045.1736
-42042.7820
-42041.2173
-42043.5866
-42043.1619
-42042.1561
-42039.4292
-42043.6984
-42042.0220
-42045.3971
-42045.1065
-42044.6819
-42043.0725
-42045.0171
-42040.0103
-42037.9763
-42039.2280
-42037.3058
-42036.6576
-42039.2504
-42046.2241
-42044.4807
-42048.6828
-42044.5477
-42046.5147
-42043.4078
-42043.7207
-42040.7479
-42044.9501
-42040.6809
-42041.5526
-42037.1717
-42036.3894
-42039.6751
-42043.0055
-42037.6187
-42045.3301
-42043.1172
-42045.1512
-42043.7431
-42050.0239
-42049.7781
-42057.4223
-42056.5730
-42056.8859
-42057.8247
-42061.1774
-42067.5253
-42063.3903
-42071.1910
-42064.3737
-42066.6089
-42066.8101
-42063.2338
-42065.5137
-42071.1240
-42069.3358
-42071.5039
-42064.5078
-42070.4311
-42070.3193
-42071.3251
-42066.5642
-42064.5078
-42057.8470
-42063.9938
-42063.1444
-42063.4797
-42061.4233
-42064.9325
-42061.6021
-42056.4165
-42060.0375
-42055.9248
-42056.7741
-42052.9967
-42054.2484
-42050.8062
-42049.4651
-42042.0220
-42040.9044
-42041.9996
-42038.3116
-42036.4341
-42032.7907
-42028.4098
-42029.2144
-42028.4545
-42033.7295
-42035.0483
-42035.4282
-42030.0415
-42030.3320
-42025.1911
-42025.9958
-42023.3136
-42020.7431
-42020.8772
-42014.3952
-42014.9317
-42014.1270
-42010.1708
-42005.0746
-42006.3710
-42001.4759
-42007.8015
-42002.7947
-42006.4380
-42003.8229
-42000.3360
-42004.9628
-42012.8530
-42007.0192
-42017.4351
-42014.5964
-42015.5799
-42022.0395
-42026.7110
-42029.5050
-42032.9472
-42029.0580
-42031.0920
-42029.2591
-42027.3816
-42029.5944
-42032.2766
-42030.7120
-42030.1979
-42035.8976
-42029.3486
-42034.9365
-42027.2475
-42027.6275
-42023.7830
-42031.7402
-42027.0016
-42026.1523
-42022.2631
-42019.1338
-42012.8083
-42017.1222
-42012.7189
-42012.5177
-42013.4788
-42011.4225
-42010.1931
-42005.4992
-24081.2777
-48157.4593
-48160.3427
-48166.4894
-48165.2600
-48163.9413
-48165.7965
-48173.1949
-48167.7187
-48169.5963
-48169.8198
-48174.8713
-48168.4787
-48170.3115
-48172.7255
-48175.7430
-48171.2727
-48171.0715
-48172.2785
-48173.3067
-48172.2114
-48172.0550
-48175.2960
-48175.8324
-48173.9996
-48176.5700
-48178.4476
-48174.7595
-48180.4369
-48178.2911
-48174.4466
-48176.7935
-48181.8003
-48171.1609
-48174.5360
-48174.8713
-48174.7595
-48169.7974
-48173.8878
-48174.8489
-48168.8363
-48168.5234
-48177.5535
-48171.4068
-48171.3621
-48172.3679
-48175.1395
-48174.9383
-48174.2231
-48176.6147
-48175.0501
-48177.5982
-48178.9617
-48173.7313
-48178.5146
-48181.4203
-48176.9053
-48177.5982
-48175.9442
-48176.4806
-48174.1113
-48174.6254
-48174.6701
-48174.2454
-48169.6633
-48174.8489
-48174.4690
-48173.7537
-48174.9830
-48178.7605
-48178.3805
-48181.1521
-48180.7051
-48181.5992
-48187.6788
-48190.7187
-48187.3212
-48194.4291
-48189.8693
-48194.1608
-48192.3280
-48190.1822
-48191.4339
-48194.9879
-48190.6069
-48190.2940
-48194.4514
-48196.7760
-48191.5457
-48191.9480
-48196.4854
-48198.6759
-48198.8547
-48198.8324
-48198.8994
-48203.7944
-48202.4310
-48199.5253
-48200.9781
-48197.7818
-48198.8100
-48202.5874
-48204.4873
-48201.9169
-48198.5194
-48201.5816
-48199.6370
-48203.9062
-48203.3027
-48202.4757
-48199.8382
-48199.0782
-48201.1793
-48204.4426
-48202.6322
-48201.3358
-48197.3571
-48199.1006
-48205.8955
-48200.6205
-48202.9004
-48199.5029
-48201.7381
-48202.7663
-48202.3192
-48203.1909
-48203.5709
-48203.6603
-48204.3756
-48205.2473
-48197.6701
-48193.9820
-48193.4903
-48194.3620
-48194.8314
-48200.3523
-48194.5185
-48187.5000
-48187.2318
-48184.7508
-48186.4048
-48186.7848
-48186.6283
-48188.2823
-48190.9198
-48195.4125
-48192.3280
-48198.3406
-48197.5583
-48193.8703
-48196.6195
-48195.6137
-48191.8363
-48197.6477
-48193.9150
-48194.3620
-48189.9364
-48192.2386
-48190.2269
-48192.3504
-48190.1599
-48189.5117
-48188.3717
-48186.6954
-48185.3319
-48186.1142
-48190.1152
-48189.1988
-48184.6614
-48180.2581
-48180.5933
-48182.7167
-48173.4184
-48175.0277
-48174.7372
-48170.6915
-48171.9656
-48173.2173
-48167.1599
-48171.1832
-48175.8101
-48170.2221
-48172.9714
-48171.6526
-48167.7858
-48172.9937
-48169.5739
-48163.8519
-48169.0151
-48167.0258
-48164.9695
-48164.8801
-48169.4398
-48159.0910
-48162.7343
-48161.8402
-48161.2814
-48158.8004
-48163.6731
-48162.2873
-48161.2814
-48158.1522
-48160.6332
-48159.4262
-48155.5817
-48156.1629
-48152.6984
-48153.0783
-48152.4972
-48150.3738
-48151.3125
-48148.1386
-48145.2105
-48149.7032
-48150.9773
-48152.8325
-48154.8441
-48156.9005
-48158.7333
-48161.1473
-48153.3242
-48158.1745
-48159.7839
-48159.0686
-48164.1872
-48159.0463
-48160.8567
-48160.9909
-48163.6507
-48162.5108
-48165.7071
-48164.4554
-48164.0977
-48163.1590
-48166.7353
-48169.3728
-48171.1832
-48169.5963
-48169.7974
-48171.5856
-48173.8208
-48174.2678
-48174.1337
-48172.2114
-48173.4631
-48177.5982
-48176.5030
-48168.9481
-48176.7712
-48173.3290
-48176.2794
-48175.9665
-48178.4923
-48182.0909
-48187.1871
-48188.1706
-48189.3105
-48188.5953
-48186.1813
-48185.8236
-48186.4048
-48190.7410
-48191.8810
-48188.7294
-48189.0423
-48191.2775
-48196.3737
-48191.9033
-48186.0025
-48187.6788
-48191.7692
-48189.8470
-48193.4679
-48193.2668
-48191.4786
-48187.2765
-48192.2833
-48194.4291
-48193.9820
-48192.2833
-48196.3513
-48194.3844
-48200.9111
-48197.8265
-48199.1453
-48199.2123
-48204.0850
-48202.6769
-48205.0014
-48205.8955
-48208.3318
-48211.0364
-48214.8586
-48219.5748
-48222.7711
-48222.6370
-48225.4980
-48218.5466
-48223.1734
-48222.8828
-48224.5145
-48226.6603
-48227.8896
-48230.0354
-48232.1141
-48230.8848
-48232.4717
-48234.3716
-48235.8692
-48236.9197
-48240.6748
-48237.7467
-48237.9479
-48236.2715
-48236.9644
-48238.2385
-48241.5465
-48245.2793
-48245.9722
-48240.2948
-48240.4066
-48238.1044
-48241.3677
-48242.7535
-48243.6253
-48246.5980
-48247.3356
-48243.8488
-48244.1840
-48243.7370
-48244.9887
-48251.5378
-48248.0285
-48250.3308
-48251.9625
-48246.0392
-48248.2297
-48252.8342
-48252.4318
-48254.7117
-48252.2754
-48252.9906
-48256.6116
-48255.3823
-48255.9634
-48255.7846
-48252.5212
-48254.9352
-48254.8235
-48253.1694
-48256.2316
-48253.2365
-48252.3424
-48253.0353
-48252.6330
-48251.3813
-48250.7108
-48248.3415
-48245.9051
-48251.2248
-48248.8109
-48251.4707
-48252.3871
-48258.0645
-48256.7904
-48267.5416
-48263.7195
-48266.0217
-48263.2948
-48267.4522
-48269.0168
-48270.7156
-48270.9167
-48278.7398
-48280.3045
-48282.4949
-48283.0761
-48278.6951
-48278.8963
-48282.0255
-48282.2044
-48284.2384
-48281.1091
-48279.3210
-48277.9128
-48278.6728
-48285.5348
-48288.3958
-48286.5406
-48286.4288
-48286.8759
-48286.7641
-48291.4133
-48286.9653
-48287.0100
-48286.4065
-48286.2053
-48285.6465
-48286.4735
-48285.6689
-48285.8030
-48286.8088
-48286.8088
-48287.6805
-48286.3394
-48290.8992
-48290.4075
-48289.1111
-48287.7476
-48287.3676
-48287.7029
-48287.4570
-48284.7078
-48283.7466
-48281.9808
-48284.6854
-48282.0703
-48280.2151
-48281.1315
-48283.0761
-48282.4726
-48280.5503
-48281.1315
-48282.4949
-48281.6456
-48279.7010
-48278.7175
-48279.2316
-48279.0081
-48279.4327
-48278.2481
-48278.9634
-48277.1529
-48277.6893
-48274.5601
-48278.4716
-48278.7398
-48277.8011
-48278.9410
-48280.0139
-48280.9750
-48285.2889
-48282.3161
-48285.6242
-48289.7369
-48287.9488
-48287.3006
-48287.3453
-48288.7087
-48292.1285
-48292.3968
-48290.3628
-48290.2733
-48288.1052
-48288.3734
-48291.2792
-48287.3229
-48288.1723
-48285.0654
-48288.3511
-48285.8700
-48291.2121
-48288.3734
-48287.8147
-48286.0936
-48287.3453
-48288.1723
-48292.9779
-48291.1004
-48291.1227
-48289.7145
-48291.0333
-48286.9653
-48286.5406
-48285.6018
-48283.1655
-48279.4775
-48279.4551
-48284.2831
-48284.1043
-48287.0100
-48284.2831
-48287.1888
-48285.8477
-48286.1383
-48284.5960
-48284.8419
-48287.3229
-48281.7797
-48279.9692
-48282.2044
-48276.9294
-48280.7962
-48274.8953
-48277.9575
-48274.6495
-48273.4872
-48271.8108
-48273.1743
-48272.4814
-48275.1636
-48269.7991
-48265.3959
-48265.6641
-48267.4299
-48266.8264
-48264.7477
-48265.8876
-48265.8205
-48268.1004
-48266.4240
-48267.9440
-48266.8487
-48266.3793
-48266.2899
-48267.6534
-48266.4464
-48268.1675
-48269.8215
-48269.1509
-48257.1704
-48264.1665
-48256.0305
-48263.5630
-48264.1442
-48265.1053
-48260.3444
-48262.1996
-48263.3171
-48264.5241
-48267.5640
-48263.8983
-48264.0100
-48262.5348
-48262.2890
-48258.1092
-48258.1986
-48258.9138
-48260.3891
-48258.5562
-48258.3998
-48252.7224
-48251.7166
-48254.6000
-48254.0859
-48256.4105
-48252.6330
-48249.2132
-48250.7331
-48253.7059
-48251.2472
-48247.3356
-48246.9780
-48249.9284
-48248.5650
-48249.2802
-48248.8109
-48249.2802
-48247.1345
-48247.9168
-48247.9168
-48245.6816
-48241.2783
-48243.1112
-48243.0218
-48242.2171
-48239.8031
-48238.1938
-48234.1928
-48235.2881
-48231.1530
-48227.3755
-48229.5660
-48225.5650
-48231.5106
-48227.5096
-48223.0393
-48224.7827
-48220.7371
-48221.6311
-48221.2288
-48222.3240
-48220.8712
-48218.8595
-48222.9722
-48219.9324
-48219.5524
-48220.2453
-48223.7098
-48222.9275
-48223.9781
-48222.2570
-48223.3969
-48226.3250
-48227.2191
-48238.5738
-48227.7108
-48232.4494
-48227.5320
-48224.7604
-48228.1802
-48225.1627
-48226.8614
-48227.6661
-48229.2307
-48228.0684
-48225.0957
-48222.1452
-48222.3240
-48222.5699
-48218.1219
-48224.2239
-48218.6807
-48219.2395
-48215.2832
-48213.2269
-48214.5009
-48216.2444
-48214.3221
-48209.8071
-48207.1919
-48204.7556
-48205.9626
-48206.2978
-48211.7964
-48206.2978
-48199.8158
-48205.8955
-48202.8110
-48197.2454
-48199.7488
-48197.2007
-48201.0005
-48199.7935
-48197.1783
-48190.7857
-48195.7255
-48195.6808
-48190.7410
-48194.7643
-48192.2386
-48192.4174
-48183.8790
-48186.0919
-48185.6448
-48178.7158
-48179.3416
-48180.0122
-48182.0909
-48180.7721
-48177.8664
-48172.0103
-48174.7595
-48172.2785
-48169.8645
-48173.1949
-48170.1998
-48170.3562
-48170.7586
-48170.8927
-48173.2620
-48173.1949
-48171.5409
-48168.8140
-48168.7693
-48171.7197
-48171.3174
-48167.9199
-48169.8868
-48168.9704
-48166.1541
-48168.7916
-48166.1094
-48165.8859
-48160.5438
-48159.2474
-48158.3086
-48160.3650
-48157.9510
-48156.6993
-48152.7431
-48152.5866
-48151.4914
-48149.5691
-48155.7382
-48143.8024
-48148.7868
-48144.3165
-48138.7285
-48139.9355
-48142.2377
-48139.2203
-48134.2582
-48135.2416
-48138.0133
-48138.4603
-48134.2805
-48130.8160
-48128.3797
-48128.6926
-48125.3398
-48122.9035
-48121.6294
-48121.9871
-48120.7354
-48117.5838
-48116.1309
-48115.9074
-48117.4720
-48117.2932
-48113.2922
-48113.3369
-48110.2524
-48113.6052
-48111.5711
-48110.7441
-48107.7713
-48107.0561
-48104.3068
-48106.0950
-48102.3622
-48101.6023
-48100.6188
-48096.8413
-48095.2991
-48093.6227
-48096.1708
-48099.9035
-48098.6295
-48101.2446
-48100.0153
-48100.0823
-48099.1659
-48098.4283
-48100.7753
-48096.0814
-48095.0979
-48095.7685
-48092.2369
-48089.5770
-48093.2204
-48092.8180
-48091.1864
-48091.4099
-48091.1417
-48090.6276
-48090.0241
-48088.8841
-48086.6937
-48087.3866
-48090.4487
-48088.8618
-48086.1572
-48080.7481
-48081.0610
-48079.4293
-48081.9327
-48077.7530
-48077.1942
-48078.7364
-48076.7248
-48074.9366
-48074.2884
-48075.5848
-48075.0037
-48072.3438
-48073.1708
-48072.9473
-48071.9862
-48068.7452
-48065.1019
-48067.0018
-48063.0679
-48061.6150
-48058.9328
-48056.7647
-48058.4634
-48036.7375
-47991.2294
-48087.3642
-48082.3351
-48069.2593
-48060.8997
-48054.3060
-48051.4673
-48048.3157
-48051.8920
-48048.5839
-48046.2370
-48043.8677
-48040.0456
-48041.0961
-48039.0844
-48037.6092
-48038.1680
-48037.8104
-48039.0621
-48040.2244
-48044.5159
-48043.1078
-48043.9571
-48039.7773
-48040.6044
-48045.8347
-48042.3478
-48043.7113
-48042.8172
-48043.3536
-48039.7997
-48037.4304
-48039.4644
-48039.9785
-48039.3750
-48041.4314
-48041.5431
-48039.2409
-48037.0057
-48037.0281
-48034.3235
-48035.7540
-48035.5752
-48034.3682
-48032.3119
-48032.8036
-48031.5519
-48033.1165
-48031.9319
-48030.4343
-48029.7414
-48029.2944
-48033.2283
-48031.2837
-48033.4742
-48027.2157
-48029.8979
-48028.9591
-48030.9261
-48028.9144
-48029.1603
-48026.2769
-48027.8639
-48028.0427
-48026.0310
-48022.3206
-48022.9912
-48019.7502
-48018.9008
-48019.4149
-48020.3090
-48017.7832
-48019.7055
-48016.1739
-48018.3867
-48020.8231
-48022.4324
-48022.2089
-48020.0184
-48016.0174
-48017.2244
-48017.8503
-48018.2303
-48016.2186
-48015.7716
-48018.7220
-48016.7550
-48018.1856
-48016.5539
-48020.0184
-48021.6277
-48030.4343
-48024.3770
-48026.8357
-48028.0650
-48033.4518
-48034.8823
-48031.9319
-48032.1107
-48035.7093
-48038.3245
-48037.7210
-48038.3915
-48038.0563
-48037.6316
-48039.0621
-48042.0125
-48041.9455
-48040.2914
-48043.3983
-48044.1359
-48036.9387
-48021.8512
-48025.7628
-48031.6637
-48034.2788
-48037.1398
-48037.0728
-48042.3031
-48041.4984
-48064.9454
-48055.8035
-48052.1602
-48046.0358
-48041.7666
-48040.6938
-48041.8561
-48044.1806
-48043.7783
-48040.6938
-48038.1904
-48037.8104
-48038.5256
-48040.8055
-48044.0912
-48039.5315
-48037.6539
-48039.4421
-48039.9785
-48042.1243
-48044.4265
-48044.0465
-48041.9902
-48042.4148
-48042.3925
-48043.5101
-48040.5150
-48043.1301
-48041.8337
-48041.9455
-48041.4761
-48039.2185
-48039.7997
-48041.2526
-48040.6044
-48041.3420
-48042.3701
-48042.6831
-48048.6063
-48048.8074
-48052.8308
-48050.7520
-48049.6568
-48055.2671
-48056.0047
-48054.9318
-48055.9153
-48055.8706
-48061.3021
-48059.9163
-48064.4313
-48065.2807
-48066.0406
-48067.2476
-48065.4371
-48063.5820
-48063.0902
-48065.0348
-48064.3419
-48064.0737
-48070.0416
-48068.8570
-48065.5489
-48063.8055
-48067.8064
-48067.7170
-48068.4770
-48070.8463
-48073.0814
-48071.9862
-48070.1981
-48070.7345
-48071.8297
-48072.2991
-48070.5557
-48072.4556
-48072.2768
-48071.0698
-48070.9580
-48074.3778
-48070.6898
-48074.9366
-48074.3108
-48073.4167
-48069.8404
-48067.2029
-48068.4770
-48068.6334
-48065.6160
-48066.4430
-48070.6675
-48067.5159
-48067.8735
-48068.4993
-48069.1475
-48065.6607
-48066.3312
-48064.9454
-48064.2078
-48066.1524
-48062.7102
-48061.1456
-48059.2681
-48059.1563
-48057.9493
-48060.1398
-48062.2408
-48061.1456
-48067.6500
-48066.9794
-48065.2583
-48070.3322
-48067.3817
-48065.8618
-48072.4332
-48072.5003
-48072.3662
-48070.8686
-48071.8521
-48069.3711
-48070.6898
-48075.6295
-48071.0027
-48071.3380
-48071.1592
-48074.5343
-48073.4167
-48074.1096
-48073.1261
-48073.6179
-48070.2204
-48068.6334
-48068.9017
-48068.5887
-48071.1368
-48070.8016
-48071.1368
-48068.4546
-48065.9736
-48066.7112
-48069.2146
-48062.7549
-48063.2020
-48063.6937
-48063.6043
-48062.2855
-48064.4537
-48063.6490
-48063.7831
-48062.0173
-48063.4925
-48063.6267
-48062.3526
-48062.1738
-48064.6995
-48061.0339
-48061.3691
-48060.1398
-48061.5479
-48060.0951
-48058.3516
-48057.8823
-48056.9658
-48056.2282
-48055.5353
-48055.9824
-48053.5013
-48052.2273
-48051.3332
-48053.0990
-48055.2671
-48052.8308
-48051.7579
-48051.4003
-48051.5120
-48053.9036
-48052.5178
-48055.3789
-48054.3730
-48054.7977
-48054.7307
-48059.7375
-48059.1563
-48062.4867
-48063.3584
-48063.2690
-48062.8443
-48063.4255
-48068.9911
-48066.4653
-48065.4595
-48067.4488
-48069.1699
-48071.4721
-48069.5946
-48071.4498
-48072.8803
-48074.2661
-48074.7802
-48072.4109
-48075.7189
-48069.0358
-48073.4614
-48070.8239
-48072.4556
-48069.3711
-48071.1145
-48068.6558
-48067.3594
-48068.5664
-48071.2710
-48071.1368
-48068.2311
-48068.7899
-48070.6898
-48069.0358
-48068.7899
-48066.8677
-48066.7783
-48066.8006
-48066.4206
-48067.3594
-48066.5100
-48068.9240
-48067.8735
-48068.8793
-48069.4158
-48067.3817
-48068.3876
-48070.3545
-48067.5606
-48067.2029
-48065.3701
-48066.0630
-48065.2360
-48064.2972
-48066.1748
-48063.5372
-48062.6432
-48065.3477
-48063.4925
-48057.9717
-48061.9503
-48056.1165
-48057.2788
-48057.1894
-48057.6364
-48054.0825
-48054.8871
-48057.1446
-48059.2457
-48057.2788
-48064.8560
-48065.5489
-48069.3040
-48069.8851
-48066.1971
-48066.1300
-48069.5052
-48071.2039
-48070.3769
-48073.5732
-48073.3944
-48075.2049
-48075.4060
-48077.4400
-48078.1553
-48075.6519
-48060.8774
-48078.1329
-48083.5644
-48083.6762
-48082.9386
-48081.7316
-48080.8822
-48080.4128
-48079.3176
-48079.4740
-48078.8705
-48078.9152
-48078.5576
-48078.1106
-48078.6470
-48078.9823
-48077.7530
-48082.4021
-48081.2845
-48078.9600
-48076.7918
-48074.6684
-48067.6947
-48084.2573
-48083.2515
-48082.5586
-48081.0163
-48082.1339
-48079.6976
-48078.3341
-48080.7704
-48079.5858
-48079.8540
-48078.8705
-48081.5751
-48077.3953
-48078.0212
-48073.5732
-48075.1378
-48075.6742
-48074.0426
-48074.8025
-48076.8365
-48077.7083
-48075.8754
-48074.8696
-48075.0037
-48074.2884
-48075.1378
-48073.9755
-48072.3885
-48072.3215
-48068.5217
-48069.1922
-48068.3429
-48068.6111
-48066.5100
-48069.1252
-48064.6325
-48067.0241
-48069.6616
-48072.6568
-48071.4721
-48070.6228
-48071.4051
-48071.5615
-48071.4945
-48074.5567
-48073.4614
-48072.6791
-48072.8803
-48071.8521
-48074.9590
-48074.2437
-48076.4789
-48075.6966
-48076.8365
-48078.3118
-48075.0260
-48072.6344
-48071.4051
-48071.6062
-48074.8696
-48073.2156
-48067.2923
-48071.3604
-48070.4216
-48071.0921
-48070.8016
-48071.1368
-48071.6733
-48070.0416
-48067.7841
-48068.9911
-48066.0853
-48064.4984
-48063.6937
-48063.8055
-48061.9056
-48065.5713
-48061.6373
-48061.1903
-48061.6373
-48061.1680
-48058.5975
-48057.4799
-48057.7481
-48056.8317
-48056.3847
-48056.4070
-48054.4624
-48052.4284
-48048.9863
-48049.8580
-48048.5616
-48051.3108
-48050.6850
-48049.2321
-48050.1262
-48048.0475
-48050.1486
-48050.3944
-48047.5781
-48048.7851
-48048.7851
-48042.2360
-48038.3915
-48034.9494
-48035.6646
-48030.5908
-48031.3954
-48030.0990
-48031.0378
-48030.7025
-48033.4965
-48035.1282
-48036.9834
-48037.4081
-48039.0174
-48041.1408
-48040.9173
-48038.9727
-48039.3303
-48040.8055
-48037.3410
-48040.5373
-48040.8279
-48041.3420
-48037.1175
-48036.4022
-48037.1175
-48036.0223
-48036.6257
-48037.9221
-48037.6986
-48037.5422
-48033.3847
-48035.2623
-48033.5412
-48030.5684
-48028.5344
-48031.3731
-48031.3731
-48027.4168
-48026.5004
-48028.2885
-48026.4110
-48026.2322
-48022.6783
-48023.1476
-48021.3595
-48021.7618
-48024.1311
-48021.0019
-48018.5879
-48017.2915
-48013.3352
-48011.2342
-48012.7764
-48012.9329
-48012.2400
-48006.9650
-48009.2896
-48009.4013
-48012.6200
-48008.2167
-48006.8532
-48003.9251
-48002.7629
-48000.9077
-47999.6783
-48001.3547
-48000.6618
-47999.7007
-47996.9067
-47993.2857
-47996.0573
-47996.7055
-47994.8503
-47992.3246
-47990.2012
-47989.8659
-47985.1944
-47984.3003
-47983.8086
-47983.3392
-47977.2148
-47976.9689
-47977.9301
-47979.1594
-47979.2935
-47980.8581
-47978.0642
-47979.6512
-47978.4889
-47983.1604
-47981.2828
-47980.5452
-47983.1380
-47982.6016
-47981.0370
-47981.1934
-47981.0370
-47982.2663
-47980.7240
-47978.5336
-47977.7736
-47977.8407
-47976.5219
-47975.5161
-47979.3829
-47975.9184
-47972.9009
-47968.9894
-47970.1517
-47971.8727
-47970.7328
-47968.3188
-47966.0613
-47963.0885
-47964.7425
-47963.4238
-47962.5521
-47961.7027
-47959.4228
-47959.1099
-47959.6687
-47957.2771
-47962.0380
-47961.7027
-47962.8873
-47963.1556
-47957.3218
-47953.8796
-47958.6629
-47958.7299
-47954.1925
-47952.2256
-47946.9058
-47946.6600
-47946.4588
-47948.1799
-47945.2295
-47942.2790
-47946.0788
-47943.9778
-47945.7212
-47946.1906
-47942.9272
-47943.1508
-47938.7698
-47942.3237
-47942.4802
-47940.3791
-47935.5512
-47932.6901
-47933.4948
-47929.3150
-47927.9069
-47922.6095
-47924.8447
-47922.5871
-47921.1119
-47920.4414
-47922.2742
-47921.6037
-47921.3578
-47927.1693
-47931.6173
-47928.3092
-47930.7008
-47927.5939
-47926.9234
-47931.1702
-47928.5551
-47927.9292
-47926.4987
-47926.1411
-47926.0293
-47924.3529
-47922.8107
-47922.3860
-47924.1965
-47923.8835
-47919.5920
-47921.9836
-47923.1906
-47922.9224
-47921.1119
-47922.6766
-47923.6600
-47921.0225
-47918.4744
-47921.6931
-47918.3403
-47919.6144
-47915.8816
-47913.4229
-47912.2606
-47911.3666
-47907.9021
-47911.3219
-47908.6173
-47907.2091
-47903.7446
-47904.4822
-47905.2645
-47904.6387
-47901.9788
-47903.1858
-47903.6999
-47901.7553
-47903.3423
-47898.3132
-47900.2354
-47900.2801
-47897.6650
-47896.5027
-47894.2228
-47895.1392
-47895.5639
-47894.8263
-47895.1839
-47893.4181
-47894.7145
-47893.5299
-47894.4239
-47891.0488
-47888.6572
-47888.0090
-47886.9138
-47885.2374
-47880.5659
-47877.3472
-47874.1733
-47875.8496
-47876.8778
-47875.4697
-47875.3356
-47878.4648
-47875.7826
-47876.3861
-47875.5144
-47875.2014
-47868.9653
-47872.2734
-47868.6524
-47869.4123
-47874.2403
-47874.6650
-47873.0780
-47877.2355
-47877.1684
-47876.4308
-47874.8662
-47874.7097
-47876.6543
-47875.7826
-47877.1237
-47873.3239
-47872.6310
-47874.8885
-47873.0110
-47870.0605
-47870.2617
-47871.2228
-47869.0547
-47870.9323
-47871.6252
-47871.7816
-47870.6417
-47872.5416
-47872.2734
-47872.1840
-47870.2841
-47869.5688
-47867.6689
-47865.7020
-47864.7408
-47860.0246
-47861.3210
-47861.1198
-47860.3152
-47858.3929
-47856.4930
-47858.2812
-47854.6602
-47854.2579
-47854.0343
-47855.3307
-47854.8837
-47853.8332
-47849.5640
-47850.5028
-47845.8089
-47845.6748
-47844.3113
-47842.6126
-47843.8643
-47843.9090
-47846.0548
-47846.8147
-47844.6019
-47847.6194
-47848.1111
-47846.7924
-47851.2851
-47851.9556
-47848.6923
-47848.1782
-47845.5183
-47842.9926
-47839.4834
-47837.1141
-47839.6398
-47839.5951
-47841.5844
-47841.0256
-47841.5174
-47840.3327
-47841.5621
-47840.2657
-47841.4950
-47842.5232
-47839.9751
-47841.2268
-47838.3211
-47838.3434
-47839.6175
-47842.0985
-47844.4902
-47842.7691
-47840.5115
-47840.7127
-47842.7691
-47842.3220
-47843.7302
-47843.2385
-47841.5174
-47841.3833
-47836.7117
-47839.8857
-47838.9469
-47837.5388
-47836.6670
-47839.9751
-47842.0538
-47844.4454
-47842.5679
-47843.7525
-47846.2112
-47846.5242
-47843.5067
-47842.2550
-47843.2608
-47844.3113
-47845.7642
-47843.8196
-47844.2443
-47845.7418
-47848.1335
-47847.3512
-47844.7360
-47844.7360
-47846.8371
-47848.4017
-47849.0499
-47845.8089
-47846.1218
-47844.3113
-47845.5854
-47843.1490
-47843.8867
-47842.4561
-47842.1656
-47844.0208
-47842.2997
-47842.0315
-47842.3891
-47841.5621
-47844.9148
-47846.5018
-47843.9984
-47845.7642
-47845.2725
-47842.0985
-47842.9926
-47843.6184
-47841.4280
-47842.5232
-47840.7351
-47843.9984
-47842.3220
-47847.0159
-47847.9323
-47850.9275
-47847.6417
-47852.1568
-47853.2967
-47854.7720
-47853.6097
-47857.3871
-47859.3317
-47861.4551
-47862.7515
-47864.3832
-47866.5290
-47867.7136
-47876.7884
-47872.4745
-47870.2394
-47868.8983
-47870.9993
-47871.1558
-47872.7428
-47871.3122
-47875.4250
-47871.8710
-47872.5192
-47874.0392
-47873.2568
-47870.8205
-47874.6427
-47873.9050
-47873.2345
-47873.6815
-47872.5192
-47872.2287
-47875.6038
-47871.9604
-47871.4687
-47874.2850
-47876.9449
-47874.7544
-47873.3463
-47875.5367
-47875.0673
-47877.4143
-47875.6261
-47876.4084
-47877.9060
-47877.7943
-47874.4862
-47882.8457
-47885.5503
-47887.3831
-47886.4444
-47887.9419
-47883.9186
-47884.2092
-47882.3540
-47883.8963
-47883.3375
-47884.6562
-47885.8409
-47884.9021
-47884.7903
-47883.0246
-47882.8010
-47882.8681
-47883.7398
-47883.7845
-47880.2529
-47879.7836
-47882.6669
-47885.5503
-47889.2607
-47888.2996
-47890.9594
-47890.3783
-47896.4803
-47898.6261
-47902.0682
-47900.5036
-47903.2082
-47906.5609
-47908.3938
-47911.2995
-47911.9701
-47910.8525
-47915.0099
-47915.6134
-47915.3005
-47919.0779
-47919.7932
-47916.9545
-47914.6746
-47917.2004
-47917.6027
-47914.2499
-47915.9710
-47913.6017
-47911.7466
-47913.9147
-47915.3228
-47917.6251
-47915.8593
-47916.6192
-47916.5969
-47916.9322
-47913.4676
-47913.1547
-47909.3773
-47910.4949
-47913.8253
-47911.9254
-47910.3607
-47910.6513
-47909.9361
-47909.3326
-47907.8797
-47907.1197
-47909.1314
-47912.7971
-47917.1110
-47917.2004
-47918.5862
-47917.9827
-47921.2907
-47920.7543
-47921.7378
-47918.8097
-47920.2626
-47914.9205
-47915.5911
-47911.0536
-47908.4608
-47904.2811
-47905.4210
-47907.5444
-47908.1256
-47907.4774
-47906.2927
-47907.8573
-47909.5114
-47913.6464
-47914.6746
-47918.1615
-47913.4229
-47915.2781
-47916.3957
-47916.3063
-47912.7300
-47911.9477
-47911.1431
-47915.0770
-47913.8923
-47918.2062
-47918.2509
-47916.4404
-47917.0663
-47918.0944
-47915.9263
-47916.7980
-47915.6134
-47918.6756
-47917.2898
-47915.4346
-47917.5133
-47918.4297
-47921.7601
-47919.6367
-47919.5250
-47914.6746
-47915.1887
-47914.4735
-47920.5755
-47917.6698
-47919.5250
-47917.4462
-47920.3967
-47916.9769
-47918.5191
-47914.4735
-47917.5804
-47917.3568
-47915.3228
-47915.0099
-47914.7640
-47914.8087
-47911.4783
-47912.4395
-47910.0255
-47911.5901
-47914.0264
-47915.9263
-47916.7310
-47915.2111
-47918.9662
-47919.4803
-47918.4521
-47917.0663
-47916.3734
-47919.7708
-47916.4181
-47915.1440
-47909.0196
-47912.5512
-47910.2937
-47910.1819
-47906.3821
-47902.7388
-47901.5095
-47905.2869
-47905.2422
-47904.1246
-47902.1577
-47900.3248
-47898.6037
-47898.5814
-47902.3588
-47899.4978
-47898.6484
-47897.7097
-47899.3413
-47903.2752
-47903.3870
-47901.1742
-47899.0731
-47899.1625
-47898.5590
-47899.6766
-47903.2752
-47903.3423
-47905.9798
-47903.9681
-47903.9458
-47905.2198
-47906.4939
-47907.7232
-47905.5104
-47902.7164
-47903.2529
-47901.4647
-47900.0119
-47898.7378
-47899.0061
-47897.7097
-47896.6591
-47897.7097
-47897.8661
-47897.8885
-47898.8049
-47900.1460
-47900.5260
-47901.2859
-47897.2403
-47894.5134
-47895.1169
-47894.8039
-47893.9099
-47898.4696
-47895.2510
-47892.5911
-47887.7631
-47890.2218
-47892.6358
-47897.1062
-47896.3909
-47893.7534
-47890.4230
-47891.8311
-47891.9653
-47890.2442
-47887.5173
-47887.2490
-47892.2111
-47889.5513
-47889.1266
-47881.9740
-47880.0518
-47883.6951
-47888.7243
-47883.0916
-47879.2471
-47875.8049
-47876.5873
-47876.6096
-47875.4250
-47873.2792
-47871.3569
-47868.4289
-47868.2054
-47867.4901
-47866.1266
-47867.3113
-47865.7243
-47864.0032
-47864.4726
-47865.6126
-47866.8419
-47867.4677
-47867.9148
-47867.2889
-47870.4629
-47871.2228
-47867.7807
-47867.6019
-47865.5008
-47870.2841
-47869.1441
-47868.0042
-47867.6019
-47867.5795
-47865.4114
-47868.5183
-47865.5902
-47865.4561
-47864.5620
-47863.6232
-47865.7020
-47861.9245
-47864.8302
-47862.1480
-47865.5678
-47862.8856
-47864.2714
-47860.8740
-47859.3988
-47858.9964
-47858.4153
-47855.8225
-47855.2637
-47856.0237
-47856.2695
-47852.7379
-47853.4532
-47856.4483
-47858.4600
-47856.3813
-47856.7389
-47855.4872
-47856.7166
-47854.4143
-47851.9333
-47851.1063
-47850.3910
-47848.5582
-47848.4688
-47843.3949
-47841.5621
-47845.4289
-47840.8468
-47839.4610
-47841.3386
-47843.5290
-47842.9702
-47841.1150
-47835.7953
-47836.5776
-47837.4717
-47838.0528
-47841.0703
-47838.2093
-47837.3599
-47835.4153
-47830.9897
-47831.6603
-47833.7390
-47832.6884
-47831.8391
-47832.2414
-47831.3250
-47834.7001
-47835.3930
-47831.4367
-47834.4542
-47832.1743
-47832.5320
-47831.7497
-47835.3706
-47835.6165
-47836.8906
-47836.7341
-47840.2433
-47839.5951
-47843.0596
-47842.9479
-47841.4503
-47837.6729
-47836.9129
-47838.6563
-47835.6165
-47835.8624
-47833.7837
-47832.2861
-47831.5932
-47832.9343
-47831.1238
-47830.2521
-47828.9557
-47832.7555
-47828.5310
-47828.5534
-47830.6321
-47831.2356
-47832.6437
-47831.8167
-47832.4202
-47832.5990
-47831.3026
-47831.8838
-47829.5815
-47832.0626
-47831.7720
-47831.6826
-47830.7438
-47829.4251
-47833.4707
-47827.9946
-47831.8391
-47828.5757
-47824.6418
-47827.5922
-47829.2686
-47831.8838
-47830.4086
-47830.0509
-47828.3522
-47826.0053
-47823.9936
-47821.5126
-47820.5291
-47819.2774
-47819.5233
-47814.1141
-47815.2094
-47811.4319
-47813.4659
-47811.5437
-47816.8857
-47811.0966
-47808.8615
-47810.0685
-47814.9188
-47815.3435
-47818.2269
-47819.4785
-47816.9305
-47821.4232
-47819.7244
-47820.0597
-47819.3444
-47818.4057
-47819.4562
-47820.4844
-47818.7856
-47819.8138
-47817.0422
-47820.9761
-47818.7186
-47818.9645
-47816.2375
-47815.8799
-47817.3104
-47809.1297
-47811.6107
-47811.7448
-47808.7721
-47805.5087
-47809.5991
-47812.8401
-47811.6107
-47809.8673
-47815.2541
-47816.5728
-47814.8070
-47811.7225
-47813.3542
-47809.6214
-47809.7555
-47809.0850
-47808.0121
-47800.9266
-47800.2560
-47796.9480
-47798.3785
-47797.9538
-47799.6302
-47797.5962
-47797.9315
-47797.9315
-47800.4349
-47801.3289
-47799.8537
-47801.8207
-47801.5077
-47800.9266
-47801.8877
-47800.6137
-47797.7974
-47799.0044
-47801.2172
-47799.7196
-47794.3999
-47791.0695
-47792.2765
-47791.8741
-47791.2483
-47791.6283
-47791.9636
-47792.4106
-47790.3989
-47791.4271
-47788.1861
-47787.9402
-47785.5933
-47787.1356
-47782.2405
-47787.2697
-47786.9568
-47787.8955
-47787.1803
-47789.9519
-47791.0248
-47791.5836
-47788.8790
-47792.3212
-47791.2483
-47793.1482
-47792.3435
-47794.1987
-47793.6623
-47792.6565
-47794.3105
-47795.1822
-47796.5233
-47796.7468
-47796.9256
-47797.5515
-47797.4844
-47796.4115
-47795.3834
-47793.3941
-47793.2376
-47790.6448
-47791.3154
-47795.4057
-47789.3931
-47789.4378
-47791.4271
-47792.3882
-47788.5214
-47789.6613
-47792.9917
-47794.9810
-47787.4038
-47794.4893
-47790.5330
-47787.8732
-47786.4203
-47787.2250
-47785.9286
-47787.3367
-47789.9295
-47785.0345
-47785.8615
-47785.0569
-47786.5768
-47789.6613
-47785.5039
-47788.7896
-47788.8120
-47789.6837
-47796.1880
-47795.5845
-47788.4096
-47788.1638
-47790.3766
-47790.6895
-47791.3601
-47785.8615
-47790.9801
-47788.0073
-47788.9684
-47788.6108
-47788.3202
-47782.0170
-47783.0452
-47786.3309
-47791.0248
-47785.1463
-47786.1297
-47787.2473
-47790.6001
-47789.8178
-47790.0190
-47793.2823
-47797.9315
-47798.7361
-47801.5748
-47801.3066
-47802.4465
-47802.2007
-47803.8547
-47805.7099
-47805.3746
-47807.4533
-47805.1064
-47811.4990
-47811.2531
-47813.7789
-47813.7565
-47815.5670
-47817.1540
-47818.8751
-47815.5446
-47814.3824
-47813.1530
-47814.1588
-47816.1258
-47816.6175
-47820.6185
-47819.2774
-47822.4513
-47820.5961
-47817.7575
-47817.8916
-47818.5621
-47816.2375
-47822.1384
-47820.5738
-47822.5854
-47822.8984
-47827.6146
-47824.7983
-47818.8080
-47821.2890
-47823.0995
-47823.5242
-47824.1054
-47823.8818
-47826.7876
-47826.2288
-47827.2346
-47825.8711
-47827.5028
-47829.8274
-47832.9343
-47827.8381
-47831.3250
-47832.2637
-47834.0966
-47837.6505
-47835.6612
-47836.8012
-47834.3201
-47837.2482
-47831.5708
-47831.1015
-47831.5708
-47828.2851
-47831.1015
-47835.8177
-47835.4377
-47842.7244
-47840.6680
-47846.5689
-47843.8867
-47850.5475
-47850.8828
-47852.6709
-47857.8118
-47858.5270
-47858.1694
-47855.6437
-47859.1976
-47861.8798
-47861.1422
-47857.7000
-47858.7729
-47865.5008
-47868.3618
-47868.7641
-47867.6913
-47875.8944
-47877.0566
-47880.3647
-47885.2821
-47881.9740
-47882.5105
-47884.2986
-47889.8865
-47888.9701
-47887.2714
-47889.3725
-47892.3676
-47890.7583
-47889.9089
-47890.2442
-47891.6523
-47891.3394
-47893.9993
-47890.3336
-47896.1450
-47894.1557
-47902.4706
-47902.3588
-47902.4482
-47905.4881
-47905.9351
-47903.0741
-47905.7786
-47906.4715
-47904.7952
-47904.0352
-47906.4045
-47906.0245
-47906.0692
-47906.3151
-47901.4647
-47901.8000
-47904.4822
-47905.6669
-47906.2033
-47914.7417
-47911.7913
-47912.3500
-47914.8087
-47911.0089
-47913.3112
-47910.8525
-47911.5901
-47908.7067
-47915.7475
-47914.7640
-47920.7990
-47918.4968
-47914.1829
-47915.0323
-47920.1732
-47921.9836
-47918.9215
-47928.1527
-47935.1488
-47928.1527
-47933.4054
-47940.5579
-47933.7407
-47939.4851
-47940.3344
-47942.0332
-47939.5745
-47940.4909
-47942.3461
-47943.7990
-47942.2790
-47944.6707
-47944.7377
-47942.2790
-47940.8262
-47947.8893
-47945.2071
-47945.2742
-47944.6930
-47944.6930
-47945.1848
-47948.7610
-47950.7056
-47950.6833
-47951.9573
-47951.0633
-47950.0127
-47945.6989
-47930.6338
-47958.4617
-47948.8281
-47944.6036
-47948.6493
-47950.9068
-47955.3101
-47947.8446
-47942.7708
-47942.8155
-47950.4821
-47946.7270
-47952.6726
-47952.5385
-47955.2877
-47946.5929
-47945.6989
-47951.5327
-47950.9962
-47952.6055
-47948.8952
-47944.9389
-47944.0225
-47944.8718
-47940.5803
-47937.1605
-47940.9826
-47941.6308
-47935.7747
-47933.2936
-47932.0419
-47935.2159
-47939.8203
-47941.4297
-47936.6017
-47936.9817
-47937.1828
-47932.8019
-47936.6464
-47939.9992
-47938.5016
-47941.3626
-47945.1624
-47945.7212
-47945.3859
-47948.6493
-47948.2917
-47950.9292
-47955.0195
-47948.5599
-47953.9690
-47951.9573
-47951.6444
-47954.1255
-47952.3597
-47949.6104
-47955.3995
-47954.6395
-47952.7620
-47950.1692
-47951.0409
-47949.1634
-47940.6474
-47954.3266
-47952.8291
-47949.7892
-47952.3373
-47951.9573
-47950.1245
-47947.8223
-47947.5540
-47945.5871
-47949.9010
-47946.5482
-47949.8339
-47948.6940
-47947.5093
-47949.2528
-47951.7338
-47944.2013
-47938.2781
-47940.0439
-47939.7533
-47939.5745
-47939.9321
-47940.6697
-47939.5968
-47937.3393
-47936.4229
-47940.6474
-47936.9146
-47936.5570
-47936.7582
-47933.7854
-47929.5162
-47932.2431
-47931.8855
-47928.8009
-47925.0905
-47924.4870
-47923.4365
-47925.3364
-47928.8456
-47927.7504
-47929.5609
-47931.5949
-47934.7241
-47933.9195
-47935.9311
-47934.6794
-47936.6687
-47935.4170
-47938.2110
-47931.0361
-47929.8962
-47929.3597
-47927.7280
-47928.2868
-47930.4550
-47930.9691
-47932.0866
-47931.2820
-47932.0866
-47931.6173
-47916.9992
-47890.7136
-47954.3937
-47947.8670
-47938.9710
-47933.9642
-47927.8175
-47925.2470
-47922.7436
-47922.6542
-47923.8388
-47920.8661
-47918.4074
-47916.5745
-47913.8029
-47915.0099
-47911.7242
-47912.0148
-47908.8185
-47909.4443
-47907.8573
-47908.4161
-47906.4268
-47906.5609
-47905.9127
-47907.0527
-47902.6047
-47901.7553
-47899.0284
-47900.2801
-47903.3646
-47901.4200
-47900.4589
-47892.3899
-47890.9371
-47888.1431
-47887.8525
-47887.2490
-47888.5454
-47887.7631
-47886.1538
-47886.6455
-47889.2383
-47885.2821
-47886.1091
-47881.4823
-47882.8457
-47881.0576
-47884.3880
-47886.7126
-47885.8185
-47882.1752
-47884.0304
-47883.4045
-47882.0411
-47883.3375
-47880.9011
-47882.1528
-47887.2714
-47881.0129
-47881.5046
-47885.6174
-47886.2432
-47884.9021
-47885.2150
-47888.1431
-47887.0926
-47886.0867
-47886.7126
-47891.2053
-47889.4619
-47888.9031
-47891.0265
-47889.6630
-47888.0314
-47889.4172
-47885.1927
-47889.4395
-47888.5901
-47885.7962
-47885.7738
-47884.8798
-47882.6669
-47882.2422
-47884.9692
-47882.5999
-47886.6232
-47884.4551
-47885.9526
-47883.4492
-47886.3997
-47883.1810
-47887.7184
-47889.4842
-47891.3618
-47891.5853
-47894.6251
-47890.4453
-47890.5124
-47889.7301
-47891.2500
-47890.4453
-47889.6183
-47891.0488
-47893.7757
-47894.2675
-47892.0547
-47890.8253
-47891.8535
-47894.6028
-47896.3462
-47894.9827
-47893.9546
-47895.5862
-47897.2850
-47897.5979
-47895.3180
-47898.2014
-47898.1120
-47901.1965
-47902.3812
-47904.4152
-47906.9633
-47909.1537
-47912.0595
-47912.2606
-47911.6348
-47913.5347
-47918.1391
-47919.5026
-47919.2344
-47923.0565
-47925.8729
-47926.8563
-47929.1586
-47929.9856
-47931.5278
-47932.9360
-47937.4511
-47937.0934
-47938.9486
-47937.9428
-47942.9049
-47939.6415
-47939.8650
-47941.1391
-47939.0380
-47937.6522
-47939.7980
-47939.6639
-47938.7698
-47940.8485
-47941.3850
-47945.1848
-47947.4646
-47947.1517
-47946.9058
-47945.7436
-47947.7329
-47948.6940
-47946.6600
-47949.3198
-47949.7222
-47952.5608
-47954.1702
-47955.9136
-47956.5618
-47879.6718
-47856.9848
-48038.0116
-48030.3673
-48001.3770
-47980.5452
-47974.9796
-47966.7095
-47966.6871
-47962.2168
-47965.1672
-47963.5355
-47963.0215
-47960.2498
-47959.7581
-47959.2440
-47960.8310
-47961.5909
-47964.1837
-47964.4967
-47962.4403
-47968.4529
-47971.7610
-47974.0632
-47977.3713
-47978.7571
-47979.1371
-47981.2828
-47979.5617
-47982.0428
-47982.5345
-47987.5413
-47985.0603
-47987.6531
-47988.3907
-47991.2294
-47990.7600
-47994.6715
-47999.0301
-47996.9961
-48002.2711
-47999.1195
-48003.0087
-48001.7794
-48003.9698
-48001.1088
-48005.9815
-48001.8464
-48003.7016
-48005.7803
-48004.0593
-48006.2721
-48003.6346
-48001.0641
-48004.5063
-48005.6239
-48002.9417
-48000.6394
-48002.0923
-48002.4276
-48003.7687
-48004.9533
-48005.4004
-48006.2050
-48005.6015
-48007.2109
-48007.5238
-48009.5131
-48005.7803
-48011.3906
-48010.9883
-48012.1729
-48012.1282
-48011.4800
-48008.5743
-48008.5520
-48006.4732
-48004.3498
-48004.9757
-48005.6909
-48002.4723
-48004.6404
-48002.0476
-48002.8076
-48002.9193
-48004.1710
-48001.6676
-48003.6346
-48003.4558
-48002.6287
-48003.1428
-48003.0087
-48004.3498
-48008.0155
-48008.1496
-48009.0660
-48008.7084
-48012.2847
-48008.7084
-48012.8882
-48013.8493
-48012.7541
-48011.3906
-48008.4849
-47955.1089
-48002.9193
-48041.4314
-48030.4343
-48023.0582
-48017.6938
-48014.9446
-48015.4810
-48016.7774
-48018.9455
-48013.3799
-48015.0563
-48006.5627
-48005.3333
-48008.1273
-48007.6579
-48006.0262
-48001.6229
-48002.0029
-48002.5170
-48000.7288
-48004.3498
-48000.3265
-48002.0252
-48001.5112
-48000.3265
-48001.1982
-48001.3323
-48000.0359
-47999.8795
-47996.4597
-47999.4771
-47999.0078
-47998.8513
-47997.0408
-47995.4091
-47992.2128
-47991.9446
-47988.0554
-47986.8484
-47989.9106
-47990.2235
-47986.7814
-47983.5404
-47986.8708
-47986.1332
-47989.6647
-47986.4908
-47988.0554
-47983.0933
-47983.0263
-47984.7697
-47981.9087
-47977.2148
-47976.0525
-47972.3868
-47968.3635
-47970.1517
-47969.5258
-47967.8494
-47967.6259
-47967.5589
-47970.6434
-47973.1468
-47974.4432
-47974.9573
-47972.2751
-47975.0914
-47975.2479
-47975.1361
-47975.4267
-47975.4043
-47972.8562
-47972.6551
-47969.1458
-47970.3975
-47973.2138
-47971.8504
-47970.9787
-47974.9126
-47973.2809
-47971.2692
-47974.1079
-47974.8455
-47976.1196
-47973.7279
-47975.5161
-47972.0963
-47968.3412
-47968.4976
-47967.7600
-47967.8718
-47966.3295
-47964.4073
-47962.5521
-47961.2780
-47958.9981
-47957.2994
-47961.2110
-47959.5346
-47961.2780
-47960.4957
-47959.4899
-47955.3772
-47954.1702
-47952.2256
-47954.9748
-47952.5608
-47948.2693
-47949.5434
-47945.7212
-47946.5035
-47947.4423
-47945.8777
-47939.5968
-47938.6133
-47937.9651
-47938.0322
-47941.3403
-47938.9486
-47934.0536
-47932.4666
-47930.4773
-47931.5949
-47929.5385
-47929.9632
-47928.4880
-47926.8340
-47926.4540
-47926.2081
-47922.6766
-47920.3967
-47919.3238
-47925.2917
-47925.4482
-47925.3588
-47922.4307
-47926.2752
-47927.2810
-47928.7115
-47925.8952
-47922.9001
-47923.1459
-47925.7164
-47925.6940
-47927.4375
-47925.6717
-47923.2577
-47924.5765
-47924.0847
-47923.5483
-47925.3588
-47923.2353
-47921.0225
-47922.4530
-47919.6591
-47920.3520
-47920.5978
-47918.9215
-47916.0157
-47916.0604
-47913.8029
-47912.0818
-47908.8855
-47907.7679
-47911.5230
-47910.2490
-47909.1090
-47908.4608
-47909.2879
-47909.9137
-47910.3607
-47912.3053
-47908.4161
-47909.3549
-47911.0760
-47912.7300
-47912.0818
-47910.2266
-47911.4113
-47908.3267
-47908.5055
-47904.3705
-47897.9108
-47895.6086
-47894.8039
-47896.5697
-47893.6416
-47893.7757
-47894.2004
-47892.5911
-47884.1869
-47893.3511
-47893.9546
-47813.1530
-47667.2632
-47672.1359
-47711.9220
-47758.8830
-47792.4553
-47819.1880
-47838.7905
-47857.1189
-47861.2316
-47873.2121
-47874.3297
-47879.4930
-47880.8117
-47884.4327
-47883.1587
-47888.4337
-47889.1266
-47895.2733
-48151.6031
-48309.6747
-48170.7586
-48040.8279
-47969.8387
-47928.3986
-47909.2208
-47899.6096
-47897.4861
-47892.1441
-47891.1382
-47891.7641
-47893.6640
-47893.7310
-47894.5134
-47895.8321
-47897.2626
-47899.6766
-47897.8214
-47899.9225
-47901.9788
-47904.3481
-47905.3763
-47904.4599
-47905.7116
-47902.8282
-47903.1188
-47906.1810
-47905.5998
-47908.5726
-47908.9526
-47908.2373
-47906.7398
-47906.6056
-47905.5775
-47904.4375
-47904.5940
-47906.3151
-47907.5891
-47905.4210
-47904.1693
-47907.4327
-47909.2879
-47910.2043
-47908.8408
-47909.8243
-47910.1372
-47912.9535
-47911.2995
-47910.4278
-47913.7806
-47913.1100
-47914.0711
-47916.5745
-47915.9487
-47916.2393
-47917.3121
-47917.0216
-47915.9040
-47915.3228
-47918.2062
-47916.2393
-47919.9049
-47922.2966
-47923.1906
-47921.8272
-47927.5045
-47926.2305
-47926.8563
-47928.6445
-47930.7902
-47930.4997
-47927.6833
-47930.3879
-47934.6124
-47936.6464
-47937.2275
-47937.3617
-47938.4345
-47943.0613
-47944.5813
-47944.4248
-47942.8378
-47944.8718
-47944.3130
-47943.9778
-47945.1624
-47945.8553
-47944.3130
-47947.4646
-47946.6153
-47947.2858
-47948.4258
-47950.2810
-47949.6104
-47951.0633
-47951.9126
-47952.1138
-47953.7678
-47953.6337
-47950.5715
-47953.3208
-47952.7397
-47956.3159
-47956.2042
-47955.4666
-47954.5501
-47955.4442
-47954.3713
-47955.3325
-47955.1983
-47956.2265
-47954.1031
-47952.9632
-47955.1536
-47957.9253
-47958.0817
-47956.0924
-47955.9583
-47953.9913
-47957.5900
-47954.7290
-47955.3995
-47959.1546
-47956.4500
-47956.9865
-47958.2382
-47954.7737
-47955.0195
-47952.7844
-47954.5054
-47956.5171
-47958.9981
-47958.6182
-47959.1099
-47962.0827
-47961.3451
-47965.4354
-47966.1507
-47970.1070
-47970.5093
-47971.1575
-47968.9447
-47968.8553
-47969.7717
-47972.4539
-47972.1410
-47973.8620
-47974.8679
-47975.0690
-47976.0525
-47978.2206
-47978.5112
-47976.3654
-47980.1205
-47979.8300
-47976.3207
-47975.7843
-47976.8795
-47976.5666
-47979.9641
-47977.5724
-47980.1876
-47977.0360
-47978.2653
-47975.4043
-47981.4840
-47979.5617
-47980.9028
-47979.9417
-47978.9135
-47979.1371
-47980.9252
-47975.7843
-47975.4937
-47978.2653
-47976.6784
-47974.8455
-47978.1983
-47974.4432
-47975.4490
-47975.6278
-47974.3538
-47974.5102
-47973.5268
-47973.6609
-47974.0632
-47975.9408
-47974.2867
-47972.3645
-47971.8727
-47969.6599
-47968.5423
-47966.0389
-47962.5521
-47961.3451
-47961.0098
-47959.8699
-47964.0273
-47962.4627
-47962.3733
-47961.9262
-47958.3499
-47959.2887
-47964.1837
-47958.3276
-47955.9807
-47953.8349
-47957.4559
-47960.5181
-47957.9253
-47954.3266
-47950.2139
-47952.7620
-47953.7008
-47951.2644
-47959.8922
-47953.4773
-47954.6619
-47954.0808
-47953.6784
-47947.9117
-47951.8232
-47947.3305
-47947.7776
-47945.7659
-47940.2897
-47937.7416
-47941.6085
-47937.2499
-47932.7795
-47935.0371
-47936.4452
-47938.2334
-47933.2489
-47932.3102
-47931.5502
-47933.6066
-47929.1586
-47928.4657
-47931.8631
-47929.3821
-47927.0575
-47932.6678
-47924.7776
-47928.6445
-47929.8291
-47929.8738
-47931.7737
-47931.8855
-47935.6853
-47937.8087
-47937.4958
-47939.9992
-47934.7688
-47937.9204
-47934.9700
-47935.5288
-47927.8175
-47934.5453
-47934.0089
-47934.2548
-47933.1148
-47932.4890
-47936.5570
-47936.6017
-47933.9195
-47935.6182
-47941.6979
-47939.6192
-47933.6289
-47934.8359
-47941.9438
-47936.7805
-47937.6075
-47939.9545
-47937.1605
-47938.0546
-47940.1556
-47945.3189
-47942.6143
-47942.1002
-47944.6930
-47946.7270
-47949.4092
-47948.7163
-47948.9622
-47955.4442
-47958.7076
-47957.6347
-47957.9029
-47960.9204
-47959.8699
-47962.0156
-47961.2780
-47969.8164
-47966.3072
-47963.4908
-47968.3188
-47968.1847
-47966.3742
-47971.0457
-47971.9622
-47972.5209
-47970.3752
-47967.1789
-47969.9728
-47974.6891
-47973.4374
-47965.8378
-47966.8436
-47967.3353
-47967.8271
-47963.1779
-47961.7921
-47964.0943
-47965.3460
-47962.3062
-47960.8533
-47964.9884
-47966.4189
-47964.7425
-47972.0292
-47967.7153
-47969.7940
-47972.6551
-47973.8173
-47973.2362
-47971.8057
-47972.2304
-47969.0788
-47970.0399
-47969.9952
-47968.7882
-47969.4141
-47972.6998
-47972.6998
-47972.2527
-47970.7552
-47975.1137
-47973.7726
-47973.7950
-47979.5170
-47979.4500
-47975.0914
-47973.8620
-47974.4879
-47975.9855
-47976.5443
-47981.1711
-47980.3441
-47980.2994
-47982.0428
-47979.8970
-47983.6298
-47982.8475
-47984.9038
-47985.2838
-47986.0437
-47986.4908
-47989.1506
-47991.8329
-47993.3975
-47995.0515
-47996.6385
-47991.0505
-47994.6045
-47991.0058
-47992.2799
-47992.9951
-47994.0904
-47995.2303
-47994.6045
-47997.6890
-47999.9912
-48002.2041
-48004.8639
-48002.7405
-48001.7123
-47996.3926
-47999.7454
-48004.3945
-48004.0816
-48004.8416
-48000.1030
-48000.8406
-47998.3372
-47998.7172
-47998.9407
-47999.6336
-47996.3256
-47997.4878
-47996.7279
-47998.1360
-47997.3761
-47999.3207
-47996.8620
-47997.4208
-47996.3926
-47996.5267
-47996.4150
-47992.4811
-47991.8329
-47994.8503
-47993.1069
-47991.6764
-47990.8047
-47990.8494
-47989.6200
-47988.0554
-47989.6200
-47989.7094
-47987.7201
-47986.3567
-47986.8931
-47983.8533
-47982.1769
-47973.0797
-47975.2479
-47975.0467
-47973.9068
-47975.1361
-47971.2022
-47973.8397
-47975.0690
-47973.8844
-47974.3314
-47973.5268
-47970.9340
-47969.3470
-47972.1410
-47973.4150
-47973.7950
-47972.6551
-47976.3431
-47974.7338
-47977.7065
-47975.1361
-47975.9855
-47980.1205
-47981.3946
-47977.3266
-47976.4996
-47973.1468
-47969.2129
-47974.8232
-47976.5443
-47978.1089
-47973.4821
-47973.7503
-47973.9738
-47972.3198
-47973.9738
-47975.3149
-47971.8951
-47969.4588
-47967.1565
-47969.1905
-47970.6657
-47970.1070
-47968.5200
-47966.9554
-47965.3907
-47963.1779
-47965.8154
-47963.4908
-47958.5958
-47959.8252
-47959.7804
-47957.4559
-47954.7737
-47951.9797
-47952.8291
-47955.2654
-47956.9641
-47954.7960
-47957.7911
-47956.4724
-47961.7921
-47955.2877
-47961.6580
-47962.1050
-47961.4345
-47962.2391
-47960.0710
-47960.2275
-47958.1935
-47956.2265
-47956.2489
-47953.4549
-47951.7338
-47950.8398
-47949.2975
-47952.9185
-47950.8845
-47947.8893
-47947.5987
-47950.5715
-47950.5715
-47953.4549
-47954.6395
-47958.6629
-47961.3898
-47962.0156
-47963.7144
-47966.2178
-47964.5637
-47969.9281
-47966.5530
-47963.9826
-47964.9214
-47964.4967
-47963.9602
-47963.3791
-47963.2897
-47962.9991
-47966.0166
-47970.6434
-47969.7046
-47971.4257
-47972.9456
-47974.7785
-47973.2809
-47972.5209
-47970.1517
-47967.4024
-47966.3072
-47964.4296
-47964.5414
-47964.6084
-47963.4238
-47964.5861
-47965.1449
-47963.7591
-47964.7872
-47966.7095
-47966.4860
-47967.2683
-47966.2848
-47970.7999
-47969.0788
-47969.7270
-47969.8387
-47969.9952
-47973.2362
-47975.0914
-47973.7503
-47971.5375
-47973.1915
-47975.5608
-47973.5268
-47974.6891
-47973.8173
-47973.2809
-47978.1983
-47978.4665
-47977.1478
-47976.0749
-47976.7454
-47976.9242
-47977.8854
-47979.6735
-47981.2381
-47979.9864
-47983.9650
-47981.0370
-47982.1769
-47981.0146
-47983.0039
-47981.9757
-47985.6861
-47986.8261
-47993.5092
-47991.0282
-47994.3362
-47992.9281
-47992.6375
-47990.9164
-47995.4985
-47999.5889
-48001.3547
-48008.3731
-48002.6734
-48002.3158
-48005.7580
-48005.4898
-48007.1885
-48010.2060
-48008.9319
-48008.7531
-48010.0942
-48011.3683
-48012.3294
-48015.5481
-48012.7094
-48012.3294
-48008.7755
-48010.0048
-48007.7249
-48006.1156
-48004.6180
-48006.0039
-48005.3333
-48005.0874
-48006.1156
-48005.6462
-48008.6190
-48008.0602
-48008.2837
-48010.7648
-48010.5189
-48010.0048
-48010.2060
-48014.6987
-48013.0000
-48014.7657
-48013.4917
-48014.8551
-48018.4314
-48016.5315
-48017.8056
-48020.8678
-48023.8853
-48019.3478
-48019.7502
-48016.9562
-48018.5655
-48018.7444
-48019.7949
-48019.9513
-48018.3644
-48018.7891
-48021.2030
-48019.1243
-48018.1185
-48017.4032
-48017.3585
-48020.9572
-48020.5325
-48021.4042
-48019.6384
-48014.5422
-48019.5937
-48029.0485
-48029.1379
-48030.8590
-48028.5791
-48029.3391
-48032.8260
-48036.6928
-48038.8386
-48043.4877
-48044.3595
-48045.9464
-48045.0077
-48045.3653
-48046.9746
-48049.9921
-48049.4109
-48049.9697
-48050.1933
-48047.9804
-48050.8191
-48050.0591
-48053.3225
-48049.2321
-48053.1884
-48053.8366
-48054.9765
-48054.5742
-48052.7637
-48050.7073
-48055.0436
-48054.9318
-48056.3176
-48055.9377
-48055.2895
-48056.4964
-48055.2448
-36511.5746
-73012.6438
-73016.7789
-73023.6409
-73025.4961
-73023.9762
-73025.9208
-73042.1034
-73036.1355
-73035.8226
-73037.3648
-73043.4892
-73036.5825
-73037.9907
-73042.8410
-73049.4124
-73041.5223
-73040.9858
-73043.1092
-73039.9800
-73038.4154
-73039.6894
-73042.6175
-73039.6000
-73034.5038
-73039.6447
-73037.8119
-73032.7380
-73040.6282
-73040.4494
-73034.3250
-73043.0198
-73052.4076
-73038.7283
-73041.9246
-73045.2550
-73047.0879
-73043.0645
-73047.3784
-73044.4280
-73034.6826
-73035.1073
-73047.3561
-73035.2638
-73038.5495
-73033.3639
-73044.0927
-73045.9926
-73040.0918
-73038.5942
-73040.6729
-73043.2210
-73047.1549
-73034.1909
-73043.1539
-73047.2443
-73038.4377
-73038.7730
-73038.7059
-73045.3444
-73042.7293
-73041.0082
-73041.3658
-73044.6292
-73035.7779
-73041.4105
-73041.8799
-73040.6506
-73040.1141
-73044.3162
-73041.1870
-73046.8420
-73044.4280
-73046.3279
-73052.3629
-73055.4251
-73049.3454
-73064.0528
-73060.2977
-73062.9576
-73059.7836
-73055.5145
-73055.1568
-73065.3716
-73060.0295
-73054.9110
-73057.8390
-73063.2705
-73055.3580
-73056.2297
-73060.5660
-73064.2093
-73065.1481
-73065.9080
-73064.8128
-73069.2161
-73066.2657
-73067.3609
-73070.3560
-73060.8565
-73064.6563
-73069.2608
-73070.4007
-73062.5776
-73060.2307
-73067.7185
-73068.7020
-73070.1772
-73066.2657
-73064.7010
-73066.4221
-73063.2035
-73061.3483
-73067.7632
-73068.9255
-73070.1772
-73059.5154
-73060.2530
-73072.7030
-73067.3162
-73068.5902
-73061.1695
-73058.7778
-73065.3045
-73064.1422
-73063.6281
-73058.7331
-73064.3881
-73067.2044
-73071.4513
-73058.0626
-73056.1180
-73056.0509
-73053.9945
-73052.8323
-73062.7788
-73055.8274
-73047.1996
-73045.0315
-73040.7176
-73044.3386
-73044.8974
-73044.6068
-73043.3998
-73050.3959
-73058.0179
-73053.6816
-73056.3862
-73052.2064
-73047.5349
-73055.2686
-73051.8935
-73050.7982
-73061.6388
-73057.4814
-73057.7273
-73056.6544
-73065.4833
-73063.8293
-73069.8419
-73067.1150
-73066.1986
-73070.9372
-73070.1996
-73062.1529
-73062.2870
-73068.7690
-73068.2103
-73065.0810
-73061.0577
-73063.6281
-73068.2997
-73058.1520
-73061.1918
-73063.0470
-73063.0917
-73064.1199
-73071.2948
-73060.5660
-73068.6126
-73070.9595
-73065.6398
-73070.6019
-73071.2277
-73066.2433
-73069.9537
-73063.4493
-73061.2365
-73071.3395
-73065.0810
-73064.1199
-73067.5844
-73074.2452
-73058.7108
-73060.5660
-73061.5494
-73062.6894
-73059.3366
-73072.6135
-73070.8701
-73065.4610
-73059.3590
-73065.5951
-73062.7788
-73062.6670
-73064.6563
-73059.4707
-73059.8060
-73062.6670
-73061.2589
-73061.1471
-73058.1967
-73053.9051
-73058.5096
-73060.2530
-73061.0130
-73061.7953
-73065.7963
-73069.0596
-73073.4853
-73062.5776
-73070.6466
-73072.4124
-73074.2452
-73082.2248
-73076.8604
-73075.8322
-73078.7603
-73084.2588
-73080.3696
-73083.0295
-73079.2744
-73078.6709
-73079.0956
-73083.2530
-73085.9799
-73085.1752
-73081.7778
-73076.3910
-73080.8837
-73082.6718
-73082.3589
-73083.8341
-73083.7894
-73085.9799
-73090.9643
-73088.8409
-73077.3298
-73088.1257
-73083.1189
-73091.8137
-73092.2607
-73091.4114
-73097.3346
-73107.1023
-73104.8448
-73104.1742
-73101.8720
-73102.2073
-73103.9954
-73107.4823
-73107.3705
-73104.3754
-73099.9050
-73107.6164
-73110.5221
-73118.4570
-73107.9740
-73096.8428
-73101.3355
-73108.0634
-73104.8448
-73108.7563
-73117.0935
-73113.4949
-73109.1139
-73111.4609
-73112.2208
-73111.5950
-73113.2937
-73118.2335
-73115.5065
-73119.9322
-73112.1985
-73113.5396
-73108.9128
-73114.8807
-73116.7359
-73118.4346
-73118.2782
-73121.4521
-73125.3860
-73128.4482
-73129.2305
-73139.1770
-73146.3072
-73148.7212
-73133.1421
-73138.8418
-73141.6804
-73143.6697
-73144.4297
-73144.5638
-73143.2674
-73146.0390
-73140.6299
-73144.9885
-73144.4297
-73148.4754
-73147.6931
-73152.6998
-73143.1780
-73146.3296
-73143.0886
-73143.4909
-73148.8106
-73150.6882
-73155.3374
-73155.2256
-73147.4472
-73148.6989
-73146.9331
-73151.9846
-73156.0303
-73155.9856
-73160.4559
-73158.1984
-73156.3879
-73152.9010
-73153.6386
-73150.8670
-73159.9865
-73156.0973
-73159.0477
-73154.5103
-73142.1722
-73143.4686
-73156.0079
-73156.2538
-73162.6911
-73156.8796
-73155.7173
-73157.1255
-73154.9574
-73154.0857
-73151.4705
-73150.0400
-73154.0410
-73155.3374
-73149.4365
-73154.1527
-73148.4977
-73148.5648
-73149.4141
-73152.3646
-73149.1683
-73149.9506
-73147.2907
-73139.7358
-73148.6542
-73145.9496
-73151.2693
-73151.8728
-73159.8971
-73158.5113
-73170.2236
-73164.7251
-73166.9379
-73161.0147
-73161.5735
-73166.1779
-73169.5978
-73165.3509
-73174.4481
-73173.1964
-73175.2304
-73178.0244
-73176.9291
-73177.0185
-73175.9010
-73173.4646
-73180.2372
-73180.6172
-73179.4772
-73175.1633
-73174.0458
-73177.5326
-73180.3713
-73179.2984
-73181.5112
-73181.9583
-73175.6551
-73176.3927
-73173.3082
-73178.5608
-73173.5093
-73171.3188
-73166.5356
-73170.1789
-73164.9486
-73167.8543
-73166.6026
-73168.9049
-73171.2741
-73173.1517
-73176.9068
-73177.3538
-73171.2071
-73171.7659
-73167.8096
-73168.7484
-73167.3626
-73167.4743
-73168.4578
-73167.0497
-73167.2285
-73163.4287
-73166.5132
-73165.0157
-73167.6979
-73166.0215
-73170.4024
-73168.8155
-73169.7095
-73164.6133
-73163.3840
-73160.2324
-73161.1488
-73157.9302
-73158.3995
-73157.1478
-73162.5346
-73158.1090
-73156.2761
-73150.5094
-73154.5774
-73152.2305
-73153.1916
-73157.3267
-73159.3383
-73159.9865
-73162.2887
-73155.7620
-73162.7134
-73171.9223
-73165.8650
-73165.7309
-73163.0934
-73160.8359
-73164.6580
-73163.0040
-73159.7406
-73162.6911
-73164.0992
-73165.3286
-73171.4306
-73165.3062
-73164.4122
-73160.3441
-73158.9136
-73158.9360
-73165.3733
-73161.7970
-73154.0186
-73150.3753
-73154.5997
-73154.0633
-73161.2159
-73160.5677
-73158.3101
-73154.9127
-73159.2713
-73151.9846
-73151.5152
-73148.7659
-73149.1906
-73140.4064
-73138.1712
-73144.4521
-73143.2898
-73146.0390
-73144.9661
-73146.1284
-73148.0507
-73146.3967
-73145.9049
-73144.6756
-73151.0905
-73141.9487
-73140.2276
-73146.4190
-73138.5959
-73147.3131
-73139.1770
-73142.6639
-73138.4618
-73138.7300
-73139.2664
-73144.0050
-73141.7475
-73147.1790
-73137.4336
-73131.8010
-73130.9069
-73132.4045
-73126.6601
-73125.7436
-73122.3238
-73123.0838
-73124.5814
-73123.7096
-73124.6931
-73126.3248
-73129.9011
-73128.8058
-73124.7378
-73124.0896
-73129.4317
-73133.4326
-73131.2869
-73113.1820
-73125.6989
-73112.9137
-73120.4016
-73116.9371
-73119.2169
-73115.4171
-73122.5473
-73118.7475
-73117.5853
-73123.6202
-73121.6086
-73120.2675
-73121.4521
-73118.1440
-73111.7962
-73112.1761
-73115.2383
-73111.9750
-73108.3316
-73108.3540
-73099.9050
-73093.9818
-73097.7593
-73099.4803
-73105.0012
-73099.8827
-73096.1276
-73099.4580
-73104.8001
-73102.9896
-73096.3287
-73097.3569
-73104.2860
-73097.4463
-73096.9322
-73096.1723
-73094.6747
-73090.9196
-73094.4288
-73095.2112
-73087.8574
-73080.2131
-73084.5270
-73088.1704
-73088.0586
-73086.1140
-73082.2024
-73077.1733
-73079.8779
-73075.5863
-73070.4231
-73074.4017
-73072.0771
-73080.0567
-73076.9498
-73072.2559
-73077.4192
-73066.4221
-73068.5902
-73065.8186
-73068.6126
-73064.9916
-73064.9692
-73068.7020
-73063.9187
-73064.2987
-73070.4901
-73075.6757
-73071.5854
-73073.7088
-73073.1053
-73072.7924
-73073.1276
-73075.8098
-73094.0936
-73079.0732
-73086.7622
-73080.0343
-73071.5407
-73071.1607
-73060.6107
-73070.3560
-73068.2997
-73070.1102
-73066.3327
-73064.3658
-73059.4931
-73062.9576
-73060.5213
-73053.7710
-73066.8468
-73063.1811
-73061.2589
-73054.9110
-73053.9498
-73059.0907
-73059.6719
-73054.5310
-73044.3609
-73043.5116
-73039.0859
-73040.7623
-73038.8177
-73046.7302
-73043.0198
-73041.1870
-73051.2229
-73043.7351
-73035.4202
-73042.0140
-73037.4543
-73048.4960
-73045.7915
-73043.2881
-73030.5923
-73033.4086
-73038.7283
-73034.4368
-73041.6117
-73032.4251
-73034.0121
-73020.1987
-73025.6972
-73024.0656
-73017.5388
-73023.9314
-73023.0150
-73027.5748
-73024.7361
-73023.4174
-73011.4368
-73017.0471
-73014.8343
-73014.1414
-73018.5000
-73015.0131
-73014.8343
-73018.2765
-73018.0082
-73022.3892
-73022.3668
-73019.5729
-73016.5777
-73016.0636
-73017.2036
-73014.4543
-73008.7099
-73014.7449
-73016.5554
-73013.2250
-73014.0296
-73015.5272
-73016.2871
-73006.8100
-73005.0442
-73002.8761
-73010.2298
-73004.2619
-73003.6361
-72997.3329
-73000.3057
-72995.8577
-72997.0423
-73007.6370
-72994.1366
-73001.3562
-72996.2600
-72989.3756
-72992.6390
-72997.0646
-72993.1531
-72983.6089
-72986.7828
-72997.3776
-72991.8790
-72986.7605
-72985.3970
-72985.2853
-72983.0948
-72983.8324
-72982.2454
-72976.7916
-72974.6235
-72973.0365
-72971.7178
-72968.4097
-72967.1804
-72970.3543
-72971.7625
-72970.0414
-72967.6945
-72958.5302
-72960.7207
-72963.0453
-72966.3534
-72962.1736
-72961.9054
-72958.9102
-72961.3019
-72956.5186
-72956.6750
-72952.0482
-72949.0978
-72945.8792
-72942.4593
-72941.8558
-72949.0531
-72949.1425
-72953.5235
-72949.8131
-72948.3826
-72949.9919
-72951.4224
-72958.2397
-72954.7528
-72954.0599
-72956.5856
-72951.8024
-72948.6955
-72952.2718
-72953.9928
-72953.0317
-72955.5575
-72956.9880
-72956.3174
-72957.6138
-72956.8315
-72952.9870
-72949.7013
-72954.7975
-72957.5244
-72958.9773
-72948.7178
-72949.2096
-72943.5099
-72948.2484
-72938.9278
-72940.6712
-72945.0521
-72939.3524
-72936.9161
-72939.2854
-72938.9501
-72941.6100
-72937.0726
-72941.4312
-72944.0240
-72941.2076
-72939.3301
-72937.8772
-72940.0230
-72934.7033
-72934.0551
-72930.2553
-72931.4176
-72933.2281
-72910.3175
-72866.1728
-72961.4583
-72954.1493
-72942.7052
-72933.2504
-72928.3554
-72923.9968
-72924.1086
-72930.2329
-72930.1212
-72925.0697
-72928.6683
-72922.8792
-72925.8073
-72922.4545
-72921.2475
-72925.0250
-72926.5672
-72928.1095
-72930.8588
-72938.2796
-72932.8704
-72935.5750
-72931.3729
-72935.7985
-72939.3524
-72936.5138
-72937.9666
-72940.5594
-72941.5653
-72939.3301
-72938.1231
-72944.5157
-72945.8792
-72944.6051
-72948.0026
-72949.5225
-72944.8286
-72939.6877
-72941.1182
-72937.8549
-72941.3194
-72942.1911
-72940.2912
-72941.5206
-72946.5050
-72945.2086
-72947.3544
-72944.2251
-72946.0580
-72948.9860
-72947.0191
-72949.8131
-72947.5779
-72945.1192
-72935.2174
-72938.0560
-72938.9054
-72938.4137
-72940.3583
-72943.6440
-72943.8451
-72944.6051
-72944.7392
-72944.2251
-72940.7606
-72943.8451
-72940.2242
-72935.3738
-72935.7985
-72941.6994
-72938.7042
-72945.9462
-72936.9608
-72939.1736
-72941.0959
-72945.2533
-72943.5769
-72944.0463
-72934.9044
-72937.6537
-72933.3398
-72935.6421
-72932.9151
-72936.3797
-72937.0279
-72936.9385
-72938.3243
-72940.9171
-72942.5040
-72946.6838
-72958.7314
-72945.7897
-72948.6061
-72952.8305
-72958.7314
-72957.3456
-72956.3398
-72954.8869
-72958.6196
-72961.1677
-72961.7712
-72957.6809
-72958.0609
-72960.5419
-72963.6935
-72966.5098
-72967.0016
-72963.1123
-72964.2970
-72963.5594
-72956.5409
-72936.0891
-72940.1348
-72951.0648
-72958.5302
-72958.9102
-72956.8986
-72962.8665
-72965.0122
-72993.4437
-72981.1055
-72977.7080
-72968.5885
-72964.9899
-72964.2970
-72966.6439
-72966.2639
-72967.3145
-72962.0842
-72961.9501
-72961.7489
-72967.3145
-72967.2027
-72965.7052
-72959.2902
-72963.0900
-72962.3077
-72961.5254
-72962.1289
-72963.8053
-72964.7217
-72965.7722
-72963.3582
-72965.4146
-72967.5156
-72967.9403
-72972.0978
-72968.9015
-72968.7450
-72967.0686
-72964.1852
-72964.9005
-72966.1298
-72964.1629
-72974.3776
-72973.8188
-72973.9082
-72982.2901
-72984.7935
-72984.2124
-72982.6701
-72975.2270
-72985.4864
-72984.3689
-72980.7032
-72979.1833
-72978.1998
-72983.7877
-72986.9393
-72991.6332
-72991.2979
-72994.8071
-72994.5836
-72991.8790
-72992.1696
-72990.0015
-72988.7051
-72985.3970
-72983.9889
-72992.2143
-72994.1366
-72988.3475
-72982.6701
-72991.3203
-72990.9403
-72993.3990
-72992.8402
-72994.6954
-72995.1648
-72995.6788
-72996.9529
-72998.7410
-72996.0365
-72992.9966
-72999.7022
-72999.5233
-72996.4164
-72993.5778
-72995.0306
-72989.6439
-72997.1988
-72997.2435
-72995.4553
-72988.2357
-72983.3407
-72986.4476
-72988.9733
-72984.0559
-72987.6546
-72993.1978
-72986.5146
-72986.4699
-72988.3251
-72991.7673
-72985.7547
-72987.5875
-72985.6206
-72982.5807
-72984.8606
-72976.3222
-72975.8305
-72981.3067
-72980.7255
-72982.0890
-72986.9617
-72988.1910
-72985.2853
-72996.3494
-72997.9811
-72997.6234
-73001.5797
-72997.7129
-72997.5564
-73007.9723
-73004.2396
-73004.0384
-73001.4903
-73005.5136
-72999.7469
-73001.0433
-73005.1113
-73002.6749
-73004.5525
-73002.8314
-73004.4854
-73002.3620
-73005.2901
-73006.4747
-73005.9159
-73004.9995
-73003.3902
-73004.3290
-73002.7643
-73009.1346
-73011.8839
-73007.9947
-73006.5641
-73007.8829
-73014.5661
-73016.7342
-73009.0228
-73009.3581
-73012.0403
-73010.4980
-73008.5981
-73011.3027
-73012.7779
-73013.5602
-73011.9733
-73010.2298
-73011.2804
-73013.6720
-73012.4203
-73015.3707
-73004.8654
-73006.9888
-73011.3698
-73015.1472
-73010.3863
-73009.9393
-73008.9558
-73010.9674
-73013.6943
-73013.5602
-73012.4203
-73009.4028
-73009.8275
-73014.7672
-73019.0364
-73016.9801
-73006.4971
-73009.2016
-73015.3707
-73012.8226
-73012.2191
-73010.2969
-73016.0413
-73018.1423
-73023.1268
-73023.8420
-73027.9101
-73025.1831
-73030.8828
-73031.5310
-73034.1685
-73034.5262
-73039.0189
-73042.2152
-73036.7837
-73034.0121
-73035.6438
-73035.1967
-73044.3609
-73041.9022
-73040.4494
-73040.5611
-73046.1938
-73047.1773
-73047.1102
-73048.9207
-73043.0198
-73049.0995
-73043.2657
-73044.0257
-73038.0801
-73046.5067
-73044.9197
-73044.1374
-73045.3444
-73046.7973
-73042.9304
-73040.6506
-73039.3765
-73046.1267
-73043.8469
-73042.4163
-73041.1870
-73043.7798
-73043.6904
-73045.0762
-73044.0704
-73038.4824
-73040.4717
-73042.5952
-73045.1880
-73045.4338
-73039.9576
-73040.8517
-73042.8634
-73037.7672
-73039.2424
-73038.1248
-73039.2200
-73037.0743
-73036.4484
-73036.8284
-73037.8119
-73033.1627
-73039.4212
-73038.5048
-73031.3969
-73036.6719
-73029.0723
-73034.7944
-73035.8896
-73033.3415
-73025.4067
-73024.6914
-73029.8770
-73030.7264
-73026.2113
-73034.0344
-73035.9567
-73040.7176
-73041.8575
-73039.5106
-73039.6224
-73043.7574
-73038.9071
-73040.1588
-73047.2890
-73048.2278
-73052.2958
-73053.2346
-73054.3969
-73057.5932
-73050.9100
-73039.6224
-73054.1287
-73062.0859
-73056.3191
-73049.9042
-73047.8925
-73045.4338
-73045.8585
-73049.2560
-73049.0325
-73046.7749
-73044.6292
-73044.7633
-73041.7011
-73039.6224
-73038.0577
-73036.0461
-73047.4008
-73043.3104
-73040.0247
-73034.5038
-73033.1627
-73026.3901
-73045.4115
-73043.5786
-73043.4669
-73043.5786
-73042.1928
-73037.7895
-73038.4601
-73042.3940
-73042.0140
-73040.2706
-73036.0684
-73037.4543
-73031.7993
-73033.7886
-73029.5641
-73028.3794
-73031.6652
-73029.9888
-73028.6924
-73033.9897
-73032.4251
-73032.2463
-73028.4241
-73032.3804
-73024.8032
-73026.1219
-73025.2726
-73025.6302
-73025.0714
-73017.5388
-73018.3659
-73019.8411
-73017.9412
-73016.3095
-73021.5398
-73017.0918
-73021.0257
-73022.4339
-73025.4290
-73026.5913
-73025.6525
-73028.0442
-73029.9441
-73029.9217
-73036.4708
-73033.2298
-73030.7264
-73026.6584
-73025.4290
-73027.0383
-73027.6642
-73025.4514
-73024.7138
-73024.8032
-73029.2288
-73024.4679
-73019.8634
-73018.6117
-73021.8304
-73023.1938
-73021.6069
-73016.1083
-73022.9033
-73021.7410
-73019.6846
-73020.6904
-73022.2104
-73020.8246
-73016.4883
-73016.2201
-73016.2201
-73011.3474
-73007.5253
-73009.9393
-73013.5379
-73010.9674
-73009.3358
-73008.8440
-73011.6380
-73014.5661
-73011.3698
-73008.8217
-73009.3805
-73011.5486
-73009.1569
-73010.6098
-73012.3085
-73008.3970
-73004.3066
-72997.4223
-72999.9257
-72999.9257
-73009.4252
-73008.8887
-73004.3737
-73002.0267
-72998.2493
-72999.2998
-73002.2726
-72994.7848
-72998.3163
-72996.8188
-72989.6662
-72981.1502
-72978.0433
-72980.9937
-72976.5905
-72976.2328
-72976.7916
-72977.4398
-72981.9102
-72982.6478
-72984.5253
-72989.8674
-72989.7780
-72989.7109
-72990.9403
-72996.1929
-72990.9850
-72992.5943
-72991.8343
-72984.9277
-72984.8159
-72983.9442
-72985.7994
-72983.3854
-72981.7090
-72982.1113
-72984.3689
-72984.8829
-72987.0287
-72988.5263
-72986.0229
-72982.6254
-72980.5914
-72980.5020
-72978.5127
-72974.2659
-72977.2834
-72976.7916
-72974.4670
-72970.5331
-72972.9248
-72968.3650
-72972.7236
-72971.2931
-72972.5671
-72970.1084
-72970.1979
-72971.9860
-72974.2882
-72967.1357
-72964.6993
-72959.0443
-72961.8383
-72962.4194
-72964.2076
-72958.9773
-72948.0026
-72951.1318
-72952.7411
-72956.5186
-72955.8704
-72954.6410
-72949.6342
-72942.4370
-72942.4146
-72943.1522
-72947.8908
-72948.6955
-72947.5779
-72943.9346
-72935.4409
-72937.2737
-72937.2737
-72938.9948
-72938.6372
-72932.7140
-72925.5391
-72922.3204
-72923.5498
-72924.5556
-72926.0532
-72922.7227
-72919.5712
-72922.0298
-72923.0133
-72926.4555
-72930.5012
-72929.8083
-72931.2164
-72928.9589
-72932.8257
-72931.0152
-72931.4846
-72934.5245
-72931.2164
-72925.9190
-72926.6790
-72925.9190
-72930.3894
-72930.2553
-72929.7859
-72928.3777
-72936.0667
-72936.3797
-72935.7315
-72932.7587
-72929.3165
-72923.9521
-72923.7956
-72922.2310
-72920.4429
-72918.4983
-72917.6713
-72919.6159
-72914.5197
-72912.4409
-72911.8598
-72917.2913
-72917.2913
-72910.6528
-72907.3224
-72909.1329
-72906.2495
-72913.8044
-72908.7529
-72910.1611
-72906.6742
-72903.5450
-72905.1096
-72913.7820
-72908.7306
-72903.1650
-72902.7179
-72901.8239
-72900.0357
-72895.5430
-72897.0182
-72894.6043
-72894.8278
-72900.7957
-72896.1912
-72895.8336
-72894.7831
-72888.4799
-72892.5479
-72889.2622
-72899.2534
-72897.4876
-72898.1805
-72896.0795
-72896.2359
-72896.7724
-72894.7831
-72890.8492
-72882.1320
-72886.0212
-72888.2117
-72885.6189
-72883.1155
-72883.5625
-72883.5625
-72882.3555
-72888.6140
-72891.2291
-72885.1495
-72892.1679
-72885.5965
-72884.1660
-72891.4080
-72892.1009
-72891.5197
-72892.3020
-72887.9881
-72888.9940
-72888.2117
-72884.4342
-72884.9036
-72889.8210
-72885.5518
-72884.5460
-72886.2223
-72886.4235
-72880.7462
-72880.6791
-72879.0698
-72880.7015
-72878.0416
-72876.3205
-72877.7063
-72872.3866
-72876.4993
-72870.5985
-72869.4585
-72868.9892
-72868.4974
-72859.5791
-72867.7598
-72864.9882
-72866.9104
-72862.0378
-72863.7141
-72865.9940
-72869.8385
-72866.7093
-72870.2409
-72869.8832
-72863.8930
-72865.5246
-72860.7190
-72863.5130
-72865.8823
-72865.1447
-72861.9260
-72855.1534
-72856.8745
-72857.4780
-72857.2098
-72861.3225
-72861.3449
-72861.8366
-72856.4945
-72861.2778
-72857.7462
-72856.4722
-72854.7064
-72854.7287
-72849.6772
-72845.6986
-72843.8881
-72839.1272
-72838.0543
-72841.3400
-72838.9484
-72842.0553
-72841.6306
-72836.3780
-72836.4227
-72835.3051
-72838.0096
-72833.8746
-72838.7696
-72838.8143
-72841.4295
-72844.2458
-72842.4800
-72838.6131
-72845.1398
-72844.4246
-72844.4469
-72838.7696
-72838.8367
-72839.2390
-72841.8988
-72844.4022
-72842.9941
-72840.1107
-72844.9834
-72841.3177
-72834.3663
-72832.7793
-72839.2613
-72839.1496
-72845.2963
-72843.1505
-72840.3789
-72842.0553
-72845.2069
-72842.8600
-72844.1117
-72841.0271
-72839.2837
-72839.6413
-72840.5130
-72840.6248
-72835.9309
-72840.9824
-72837.3614
-72835.7968
-72832.1982
-72832.2876
-72829.7171
-72828.3984
-72831.9076
-72833.4275
-72831.9076
-72830.4995
-72829.4936
-72827.9514
-72832.6676
-72826.0067
-72828.2643
-72825.4480
-72822.1622
-72821.4023
-72824.6433
-72827.1243
-72827.1467
-72821.1341
-72823.0787
-72825.3362
-72827.7502
-72831.6617
-72836.3109
-72832.3099
-72831.3935
-72830.2759
-72830.2759
-72820.6423
-72821.0670
-72827.1467
-72829.5607
-72829.6948
-72828.1302
-72827.0349
-72826.2079
-72830.2312
-72832.9581
-72834.7016
-72832.8240
-72830.7453
-72832.1535
-72829.8289
-72831.2818
-72836.9144
-72843.3741
-72846.6598
-72841.9212
-72839.8425
-72838.7696
-72845.1398
-72843.7764
-72845.2963
-72842.0106
-72844.1564
-72843.3517
-72839.7531
-72840.2001
-72841.3177
-72838.2555
-72836.8026
-72838.7025
-72837.8532
-72842.3459
-72840.9154
-72844.8269
-72848.0232
-72848.1350
-72844.9834
-72849.0514
-72852.8065
-72854.9076
-72854.5946
-72851.2866
-72851.5101
-72853.8347
-72857.2321
-72855.3099
-72854.4605
-72861.0990
-72863.1330
-72860.7190
-72861.0990
-72861.3449
-72864.7870
-72862.4624
-72858.4391
-72853.0300
-72854.9299
-72855.0193
-72856.1816
-72859.2438
-72856.2710
-72856.1816
-72859.9143
-72857.9921
-72862.3730
-72862.4177
-72863.2224
-72866.4634
-72865.0329
-72858.3050
-72859.7355
-72860.1826
-72857.5451
-72857.3439
-72858.0368
-72861.3672
-72856.2934
-72861.1660
-72864.6976
-72870.0620
-72863.0883
-72870.6655
-72873.9512
-72874.4430
-72870.1067
-72876.3876
-72879.9415
-72882.6237
-72877.8404
-72878.8239
-72881.1932
-72882.2214
-72887.7646
-72883.4060
-72885.7083
-72891.2515
-72889.9998
-72887.4070
-72890.4021
-72890.2680
-72896.0124
-72892.0115
-72891.0503
-72894.2243
-72888.2564
-72886.6694
-72890.6480
-72887.5858
-72885.2612
-72889.8657
-72892.1456
-72887.7423
-72893.5090
-72891.4974
-72891.4080
-72889.1281
-72894.4925
-72889.5528
-72888.5022
-72887.1388
-72886.5129
-72888.7257
-72887.1388
-72886.3118
-72888.6810
-72889.2175
-72883.8307
-72889.4634
-72896.1689
-72899.8122
-72898.5605
-72904.9308
-72898.5605
-72896.3030
-72895.2748
-72899.1193
-72894.7607
-72898.2923
-72900.2369
-72900.9521
-72899.2981
-72900.1251
-72900.9969
-72898.8958
-72894.3584
-72895.6995
-72887.3623
-72890.0668
-72896.4371
-72903.2991
-72906.8754
-72904.3049
-72905.8919
-72901.0416
-72904.1708
-72905.6460
-72914.9890
-72918.3642
-72922.8122
-72924.0639
-72923.4157
-72927.2602
-72929.6965
-72929.1824
-72932.4905
-72926.2096
-72926.8355
-72934.3457
-72936.8491
-72934.1668
-72931.5517
-72932.9375
-72934.6809
-72931.7081
-72934.3904
-72930.4341
-72928.1319
-72928.3554
-72928.6236
-72929.4953
-72930.6353
-72933.3175
-72933.0940
-72929.2048
-72924.0862
-72929.2271
-72923.8403
-72929.1153
-72932.8034
-72931.7529
-72928.9142
-72930.6353
-72930.5906
-72930.8588
-72928.0872
-72926.6343
-72926.2320
-72927.1707
-72929.9871
-72932.1552
-72933.2281
-72931.4846
-72932.2893
-72932.4011
-72937.0949
-72938.9948
-72945.0968
-72935.8209
-72937.2961
-72934.7480
-72935.4185
-72932.2222
-72937.2514
-72940.9618
-72942.3476
-72941.9676
-72940.1795
-72936.3126
-72934.3680
-72931.7976
-72935.4185
-72941.7441
-72937.6761
-72937.6984
-72939.7548
-72938.0784
-72939.1736
-72942.2358
-72942.5487
-72943.3087
-72938.6148
-72940.8277
-72943.8228
-72939.7548
-72940.0006
-72943.3087
-72938.9725
-72942.3699
-72938.8160
-72944.5157
-72941.5653
-72940.3359
-72942.7276
-72946.1921
-72950.6177
-72950.2601
-72945.3427
-72941.2300
-72945.4098
-72945.5662
-72945.9239
-72939.6430
-72937.3855
-72935.3962
-72936.7373
-72929.0706
-72935.1727
-72932.4011
-72940.0230
-72937.4973
-72935.5526
-72937.1173
-72939.5760
-72939.5536
-72935.8879
-72942.9287
-72942.8170
-72941.7217
-72943.1746
-72945.2310
-72947.0191
-72941.0735
-72947.1532
-72946.4156
-72945.9686
-72937.0502
-72938.6595
-72944.5828
-72943.9569
-72941.6994
-72935.0609
-72940.3359
-72939.0395
-72938.8831
-72935.8209
-72931.8646
-72932.1775
-72939.5983
-72936.5585
-72933.2281
-72928.5789
-72923.6839
-72921.6722
-72922.5439
-72926.8802
-72922.0075
-72920.8676
-72922.5216
-72921.4040
-72927.9978
-72928.4448
-72927.5060
-72923.3486
-72925.6508
-72924.6450
-72928.5118
-72931.0376
-72930.0318
-72933.6080
-72930.6353
-72928.2660
-72929.4283
-72933.0046
-72936.8043
-72936.8267
-72934.9268
-72936.4244
-72935.7091
-72935.4632
-72932.4905
-72933.6528
-72931.1941
-72928.0872
-72923.1698
-72924.6450
-72921.7840
-72923.6168
-72927.9978
-72926.0755
-72923.5945
-72922.5439
-72919.1688
-72926.2767
-72928.5566
-72925.2932
-72932.0881
-72928.0648
-72928.6460
-72921.4040
-72925.4273
-72924.0862
-72930.3670
-72933.5186
-72930.2776
-72922.2534
-72923.1251
-72918.2077
-72920.3535
-72920.9346
-72918.3195
-72920.6664
-72920.0852
-72921.5828
-72916.2184
-72915.3467
-72922.4769
-72926.2990
-72920.4652
-72915.3690
-72917.2913
-72920.1523
-72920.5546
-72920.6440
-72918.1630
-72917.3360
-72916.4419
-72914.3855
-72908.3729
-72907.0989
-72908.4847
-72910.0493
-72904.4837
-72907.9929
-72904.0367
-72901.2204
-72898.4264
-72901.0639
-72901.6674
-72909.6023
-72911.2563
-72909.7364
-72911.5916
-72909.2223
-72916.5313
-72919.2582
-72919.4594
-72916.9113
-72918.1630
-72917.2689
-72921.8063
-72916.4866
-72916.6207
-72918.3418
-72916.7548
-72917.4030
-72910.9881
-72913.0444
-72909.2446
-72917.1348
-72915.3467
-72918.2300
-72915.1455
-72910.2281
-72916.1066
-72913.2009
-72912.8656
-72914.4303
-72917.3583
-72917.4924
-72912.5751
-72911.2787
-72915.9502
-72917.3136
-72912.5527
-72913.0668
-72910.2505
-72912.1504
-72911.1669
-72913.8715
-72910.2505
-72909.2893
-72906.7413
-72910.4069
-72900.8404
-72898.4040
-72906.0260
-72903.8355
-72903.8802
-72906.6965
-72906.8307
-72904.4390
-72900.2816
-72895.8112
-72895.3195
-72898.0464
-72898.9181
-72900.0804
-72896.1018
-72893.9784
-72894.2243
-72887.3399
-72891.6315
-72893.9784
-72893.1514
-72892.4585
-72893.2855
-72889.8433
-72898.0464
-72899.1417
-72898.8734
-72901.7792
-72896.1018
-72895.4089
-72895.6771
-72900.9521
-72904.3049
-72902.7403
-72901.7121
-72908.3059
-72908.2388
-72913.8268
-72917.0007
-72917.1125
-72912.6421
-72907.7918
-72913.4691
-72908.8647
-72910.7422
-72907.2106
-72901.1533
-72897.8900
-72900.0134
-72903.7908
-72900.3487
-72899.5440
-72900.0357
-72894.7384
-72892.9055
-72896.8171
-72895.4983
-72895.6771
-72895.9677
-72898.6499
-72900.6392
-72900.4381
-72902.5391
-72905.1990
-72908.2165
-72904.4167
-72904.5284
-72904.4614
-72904.5061
-72905.9589
-72897.5994
-72905.5119
-72901.0863
-72891.4750
-72899.9463
-72898.5829
-72903.7461
-72899.1864
-72901.2427
-72899.6110
-72898.2699
-72894.9842
-72891.2962
-72894.2019
-72897.0406
-72896.3253
-72889.3292
-72884.9036
-72882.0873
-72886.5800
-72883.3390
-72888.5246
-72880.9026
-72878.2651
-72877.7734
-72884.7695
-72887.4293
-72893.1067
-72891.2962
-72888.7704
-72893.5090
-72894.6490
-72886.9153
-72885.7083
-72882.6461
-72889.2622
-72891.6985
-72891.5644
-72888.0552
-72890.9162
-72897.6217
-72897.3982
-72899.1193
-72893.3973
-72889.2175
-72895.0960
-72882.8919
-72879.9192
-72875.8958
-72872.8337
-72868.8103
-72871.9172
-72873.9512
-72868.7880
-72871.0008
-72874.5771
-72876.9464
-72874.3312
-72873.1019
-72873.3477
-72869.9726
-72871.2020
-72874.9347
-72874.8453
-72866.8657
-72864.8988
-72865.3011
-72868.4080
-72868.3633
-72865.1447
-72864.9882
-72866.8434
-72865.7482
-72870.1738
-72869.4362
-72870.1067
-72871.3137
-72871.8502
-72870.7549
-72872.5207
-72872.8560
-72871.4478
-72870.6208
-72874.6665
-72871.4702
-72869.1009
-72866.8881
-72871.7161
-72868.9445
-72871.4031
-72869.4138
-72870.6879
-72871.4478
-72864.6753
-72866.7540
-72864.8541
-72865.3905
-72860.7637
-72864.8988
-72858.8415
-72868.1174
-72865.7705
-72868.8774
-72872.4984
-72874.9124
-72874.2195
-72876.7899
-72875.7394
-72882.8249
-72878.8463
-72880.7238
-72878.4439
-72884.5013
-72884.2330
-72887.3176
-72894.5148
-72893.8443
-72891.5421
-72890.8715
-72894.3360
-72898.3593
-72897.7558
-72897.8676
-72894.9172
-72893.0173
-72899.1417
-72897.1524
-72899.5663
-72901.6898
-72895.6324
-72893.9337
-72898.7170
-72901.1310
-72897.9347
-72896.8618
-72901.0863
-72903.7014
-72894.2466
-72907.8812
-72911.5469
-72904.7519
-72905.0425
-72906.2048
-72908.8200
-72911.4351
-72914.5420
-72905.0202
-72907.3224
-72908.7976
-72913.2903
-72917.3360
-72913.4915
-72922.6557
-72922.2534
-72922.9463
-72930.5459
-72931.4623
-72917.3360
-72921.2922
-72928.3554
-72930.4788
-72931.5070
-72924.4885
-72932.9598
-72934.6586
-72937.2514
-72937.1620
-72937.0279
-72933.6751
-72935.8432
-72943.0628
-72948.3602
-72940.6712
-72942.9287
-72942.3252
-72949.1202
-72948.0920
-72948.6955
-72952.9870
-72960.1172
-72959.6925
-72965.5934
-72961.9277
-72966.1745
-72964.9899
-72969.6167
-72972.7460
-72973.9753
-72980.0773
-72976.8587
-72988.5263
-72991.7226
-72996.1035
-72997.3999
-72998.1599
-73001.9820
-73001.4009
-72996.9305
-72995.8353
-72991.6108
-72991.7896
-72991.6779
-72994.5389
-73000.8644
-72998.7857
-73003.8149
-73005.3348
-73002.1608
-73004.8654
-73009.3358
-73009.2687
-73015.1249
-73018.7011
-73016.8683
-73017.0918
-73020.3328
-73018.3212
-73011.7721
-73015.5942
-73018.5000
-73019.7517
-73018.3882
-73024.3561
-73029.8994
-73027.4854
-73028.8935
-73026.1666
-73033.1627
-73037.4990
-73041.0529
-73026.0325
-73033.9674
-73032.6933
-73036.2696
-73038.9071
-73038.8401
-73044.5398
-73042.9975
-73046.3949
-73041.3211
-73040.4494
-73040.9858
-73035.3979
-73041.0082
-73047.2890
-73044.2045
-73053.7934
-73050.5747
-73058.5096
-73054.1510
-73060.8565
-73060.0295
-73060.8342
-73069.0596
-73073.6194
-73069.9090
-73064.1422
-73070.9148
-73079.9226
-73079.0508
-73073.2394
-73080.8390
-73091.8807
-73093.4454
-73093.1548
-73088.3492
-73099.7709
-73101.4920
-73097.7593
-73106.9905
-73103.6825
-73101.4473
-73100.3297
-73104.5318
-73099.8603
-73096.7758
-73100.2627
-73108.0858
-73101.4920
-73099.2345
-73101.9390
-73109.6057
-73106.0518
-73110.5892
-73098.4745
-73111.0585
-73104.4648
-73116.2665
-73117.2723
-73111.6173
-73113.8972
-73113.5172
-73108.6893
-73111.5056
-73110.7903
-73110.3433
-73103.9507
-73108.3316
-73114.9030
-73116.8476
-73124.2908
-73114.3666
-73116.1994
-73110.0974
-73115.9312
-73111.6844
-73129.5211
-73118.2111
-73120.2898
-73123.5755
-73124.7825
-73119.1499
-73124.5143
-73121.4968
-73119.8875
-73126.9730
-73118.7252
-73131.5104
-73129.7446
-73116.1547
-73125.6989
-73125.8107
-73133.0527
-73115.8865
-73133.1644
-73144.6085
-73145.8379
-73130.9740
-73139.0876
-73137.8806
-73148.2071
-73137.9030
-73146.4414
-73145.3461
-73148.0283
-73153.6833
-73151.8952
-73149.9059
-73150.1517
-73153.1692
-73148.4977
-73152.9904
-73161.5064
-73151.6493
-73151.4258
-73153.2586
-73151.9622
-73147.5589
-73152.5657
-73160.0089
-73168.9272
-73142.0828
-73140.2499
-73137.9030
-73135.6231
-73122.9273
-73154.7115
-73143.9603
-73142.4180
-73144.4073
-73149.4588
-73156.0079
-73151.3811
-73138.5065
-73143.7368
-73147.0225
-73143.2898
-73151.2470
-73147.8272
-73152.2752
-73144.6532
-73138.7077
-73147.0896
-73145.5696
-73149.0565
-73139.9594
-73134.4608
-73135.9360
-73136.8078
-73131.8457
-73130.3481
-73136.9195
-73135.5784
-73132.7621
-73121.8768
-73120.4910
-73120.5133
-73130.2810
-73128.2917
-73119.9992
-73122.2791
-73126.4813
-73122.7932
-73122.0780
-73127.1965
-73126.0566
-73128.6941
-73138.1489
-73134.7290
-73131.8680
-73137.2101
-73137.5677
-73141.9263
-73150.0623
-73141.0322
-73149.0342
-73140.7417
-73137.2995
-73142.3063
-73139.6688
-73132.3151
-73142.3510
-73142.5298
-73138.6630
-73135.2655
-73136.6736
-73141.6357
-73124.6037
-73138.6182
-73136.1819
-73134.6396
-73138.9535
-73139.6911
-73136.3384
-73130.0799
-73128.3811
-73125.9672
-73130.3705
-73126.1683
-73129.1858
-73126.2130
-73126.1013
-73132.9633
-73140.7193
-73128.2023
-73120.5133
-73121.1392
-73119.1499
-73120.1334
-73124.4696
-73126.0789
-73125.4531
-73117.4064
-73111.6397
-73116.8476
-73115.2830
-73111.4609
-73109.5386
-73105.3589
-73100.7320
-73104.6659
-73102.2296
-73102.1626
-73099.4356
-73097.1558
-73091.4337
-73095.4123
-73100.2180
-73098.4075
-73093.4901
-73096.2617
-73099.1451
-73102.5425
-73100.0168
-73098.3181
-73099.4803
-73100.9556
-73109.7398
-73102.0508
-73095.9711
-73093.6018
-73093.5348
-73098.4075
-73099.5027
-73103.0343
-73103.3025
-73103.7272
-73106.4541
-73106.4764
-73090.7855
-73059.8283
-73123.4191
-73117.5406
-73110.2762
-73105.1577
-73099.9497
-73096.6640
-73101.3579
-73098.3628
-73100.5532
-73097.8263
-73099.0110
-73097.1781
-73092.9760
-73094.0489
-73096.6640
-73099.7486
-73095.3900
-73097.1558
-73092.0372
-73093.6912
-73093.2889
-73093.4901
-73093.8030
-73097.7146
-73091.5008
-73094.9653
-73088.9750
-73093.5348
-73093.6465
-73095.4123
-73093.1995
-73088.7292
-73085.0635
-73083.0071
-73085.0188
-73088.1257
-73089.6009
-73090.2714
-73089.2432
-73094.9876
-73095.3900
-73091.8807
-73094.0489
-73090.0256
-73090.9643
-73087.5892
-73091.0314
-73096.8428
-73099.1004
-73094.4065
-73095.8817
-73094.0265
-73096.6640
-73102.7213
-73102.9672
-73102.6096
-73107.8399
-73100.1062
-73102.8555
-73107.0576
-73110.9915
-73106.9011
-73108.2869
-73111.9079
-73110.9021
-73108.9798
-73108.3987
-73112.7126
-73118.0770
-73117.8311
-73120.0663
-73116.7582
-73113.2714
-73115.8642
-73108.4210
-73114.9925
-73115.7971
-73113.6066
-73112.8914
-73112.4220
-73108.8904
-73106.7223
-73111.2150
-73107.4823
-73113.6737
-73117.2053
-73115.5512
-73112.7796
-73112.3773
-73113.4949
-73118.2782
-73121.4074
-73124.1790
-73124.6484
-73126.7048
-73123.7320
-73125.2072
-73127.4647
-73128.6494
-73128.5600
-73128.2694
-73127.0847
-73131.0187
-73129.6775
-73130.2810
-73129.2305
-73129.0293
-73129.4317
-73136.0701
-73132.7621
-73129.2529
-73126.8836
-73129.3423
-73127.8447
-73123.3073
-73126.4589
-73126.5483
-73127.8447
-73127.5765
-73132.1809
-73137.1654
-73139.2664
-73141.8145
-73141.1663
-73145.8602
-73150.8447
-73154.0186
-73157.3490
-73156.0526
-73162.2664
-73162.4452
-73166.4238
-73169.9107
-73166.7814
-73165.6415
-73167.9214
-73170.3801
-73169.0613
-73170.1789
-73163.4510
-73168.1002
-73160.5453
-73159.1371
-73154.1527
-73150.5541
-73151.2023
-73147.5813
-73144.7203
-73142.3510
-73144.5638
-73145.0332
-73148.1401
-73148.9224
-73144.8991
-73147.6260
-73142.3286
-73138.2159
-73135.4443
-73137.4336
-73141.9934
-73141.9710
-73144.2509
-73145.6143
-73147.5142
-73144.7873
-73068.4114
-73047.6019
-73223.1525
-73209.0709
-73180.3266
-73157.9972
-73151.2693
-73142.1722
-73146.3520
-73138.5735
-73148.3636
-73145.3685
-73144.4744
-73142.3957
-73137.1877
-73133.4326
-73136.1596
-73135.9807
-73140.4511
-73137.1430
-73132.5609
-73139.1994
-73141.9487
-73143.0886
-73147.3354
-73153.7057
-73155.1809
-73154.3315
-73156.2761
-73160.8806
-73160.0312
-73165.1945
-73161.2159
-73166.6473
-73165.6192
-73167.1838
-73165.4850
-73169.2401
-73172.1012
-73167.1167
-73171.1400
-73170.9612
-73176.3480
-73172.2576
-73170.5812
-73169.3295
-73174.2246
-73171.2294
-73171.6988
-73175.3869
-73171.0730
-73176.5492
-73174.1128
-73165.5745
-73170.6036
-73177.4209
-73180.1254
-73176.7950
-73177.7785
-73178.8961
-73180.8854
-73176.6609
-73178.6502
-73180.3490
-73177.7785
-73176.0574
-73176.6162
-73176.3927
-73173.7999
-73180.5725
-73179.6113
-73176.8621
-73175.5657
-73176.1245
-73177.3538
-73177.2644
-73174.1799
-73170.4695
-73170.3354
-73168.9049
-73169.6201
-73171.6765
-73172.9729
-73173.5093
-73171.3636
-73171.8776
-73166.5803
-73169.4413
-73166.1332
-73165.4850
-73164.8815
-73162.7358
-73161.3500
-73165.7309
-73163.5181
-73166.7144
-73164.6357
-73171.4530
-73162.2217
-73170.4695
-73170.2907
-73173.2187
-73172.5705
-73170.4918
-73114.6125
-73161.3947
-73201.4266
-73188.4626
-73180.9525
-73175.9457
-73172.0788
-73170.6706
-73170.7601
-73172.2576
-73164.3228
-73167.6085
-73159.0030
-73153.1916
-73160.7912
-73158.2431
-73157.1925
-73148.2966
-73151.0235
-73150.7999
-73150.1517
-73147.6707
-73144.5862
-73149.7941
-73149.4588
-73148.4530
-73148.6095
-73148.2742
-73147.5589
-73149.1906
-73143.5803
-73149.6377
-73143.7815
-73146.3967
-73141.3899
-73141.7475
-73140.1158
-73139.4453
-73133.3656
-73131.4433
-73136.9642
-73136.9195
-73132.8962
-73131.9798
-73134.5726
-73131.8233
-73135.0196
-73128.0235
-73126.4365
-73120.5357
-73121.0274
-73123.1285
-73124.3802
-73122.5920
-73122.5026
-73114.6348
-73107.0352
-73110.8797
-73112.2432
-73111.3491
-73112.0197
-73112.7349
-73116.7359
-73118.6581
-73124.1567
-73123.5532
-73122.2568
-73125.0060
-73125.7883
-73125.8107
-73125.5648
-73123.6649
-73118.7923
-73121.1615
-73115.0595
-73118.0546
-73115.2160
-73113.9866
-73114.4337
-73117.7417
-73116.1324
-73114.4560
-73118.5240
-73118.4793
-73118.9711
-73117.7864
-73120.8933
-73119.7310
-73113.9419
-73117.8535
-73116.1100
-73117.5629
-73112.0867
-73109.4045
-73102.6096
-73100.5756
-73099.6368
-73098.1169
-73100.3521
-73099.4803
-73105.6271
-73104.8448
-73101.4473
-73095.7700
-73097.3793
-73094.6747
-73096.5746
-73092.6184
-73088.3492
-73088.5280
-73083.2306
-73082.5824
-73087.3433
-73083.6330
-73076.3910
-73077.3521
-73081.2413
-73076.3239
-73081.8448
-73077.3968
-73072.4347
-73070.4454
-73065.3492
-73066.0645
-73064.6563
-73064.4999
-73061.0577
-73061.3930
-73063.1588
-73064.5669
-73062.2200
-73060.9683
-73055.1792
-73062.6223
-73059.3366
-73061.9965
-73060.8118
-73066.4221
-73062.9129
-73065.5280
-73062.0859
-73056.4309
-73055.6262
-73063.4717
-73062.4435
-73064.1646
-73059.2472
-73061.3930
-73061.6612
-73060.3424
-73059.1354
-73064.4105
-73060.2083
-73055.3804
-73058.0626
-73057.0344
-73059.6272
-73060.8789
-73056.9003
-73050.9994
-73052.6087
-73047.5125
-73047.8925
-73048.4290
-73051.4911
-73052.8546
-73051.4017
-73048.5184
-73050.6418
-73051.2229
-73054.9780
-73056.4756
-73062.5776
-73055.0227
-73056.6320
-73059.9178
-73067.6515
-73066.4892
-73062.6447
-73064.4552
-73063.5387
-73067.3832
-73064.0305
-73056.7438
-73055.2462
-73057.9508
-73063.7399
-73057.4367
-73057.7049
-73061.5494
-73058.4202
-73046.9314
-73053.3463
-73061.2589
-72982.6031
-72835.9309
-72839.9766
-72880.5897
-72927.5507
-72958.2397
-72980.3455
-73005.0219
-73028.5806
-73036.1355
-73048.5854
-73050.1500
-73057.2579
-73062.2200
-73067.0480
-73068.3444
-73074.2229
-73073.2841
-73082.6942
-73336.5429
-73496.0226
-73356.4583
-73229.4334
-73157.8855
-73119.2393
-73103.1013
-73096.1946
-73094.7418
-73090.3608
-73087.4328
-73089.6456
-73090.4502
-73090.9420
-73095.4570
-73097.1111
-73091.8360
-73090.2267
-73093.4677
-73095.1665
-73096.5970
-73100.5756
-73102.8331
-73099.5250
-73101.5144
-73100.3074
-73103.1907
-73106.9682
-73105.3365
-73108.7787
-73113.1149
-73112.1538
-73110.5221
-73110.8797
-73110.3656
-73108.4210
-73111.0585
-73112.1091
-73115.1042
-73112.2432
-73111.1927
-73115.6407
-73121.7874
-73118.9264
-73117.3170
-73118.2335
-73115.2160
-73123.5532
-73121.6533
-73121.0721
-73123.1285
-73122.3015
-73122.4356
-73127.4871
-73125.7436
-73127.1295
-73126.6377
-73126.8836
-73122.7038
-73120.1781
-73125.0284
-73125.0507
-73125.8107
-73129.7670
-73132.4939
-73132.3374
-73140.4958
-73135.1314
-73134.2150
-73139.6241
-73144.5862
-73142.6416
-73136.0478
-73138.7524
-73147.9389
-73151.7611
-73150.6211
-73148.0507
-73150.3082
-73157.4608
-73157.9078
-73155.6726
-73155.8514
-73154.7115
-73153.1245
-73149.9282
-73152.7893
-73153.2810
-73151.2246
-73153.0798
-73152.9681
-73152.3422
-73158.3325
-73161.3053
-73163.7416
-73161.3053
-73160.5006
-73159.7630
-73160.5677
-73161.6629
-73157.0808
-73160.2994
-73159.2936
-73163.0934
-73162.2217
-73163.8534
-73160.7018
-73161.4617
-73161.0370
-73164.0992
-73159.2713
-73161.9535
-73161.6182
-73159.8748
-73161.9982
-73166.9603
-73163.3616
-73159.8301
-73157.3714
-73151.6270
-73154.1080
-73152.6328
-73155.5162
-73162.0876
-73160.0312
-73159.0701
-73161.7300
-73158.2431
-73159.2489
-73154.3315
-73159.4501
-73161.1265
-73169.4860
-73166.0885
-73167.4520
-73167.1391
-73165.9321
-73169.6648
-73172.7717
-73173.8669
-73174.8504
-73174.2022
-73175.5880
-73174.2469
-73174.4928
-73174.0234
-73174.5375
-73177.0632
-73172.3917
-73172.7717
-73174.2693
-73176.5939
-73178.3596
-73179.3208
-73180.2819
-73179.6113
-73176.5268
-73176.9515
-73172.1235
-73173.2858
-73177.6444
-73172.3247
-73175.1857
-73173.7105
-73177.0856
-73174.3587
-73181.5559
-73181.6230
-73181.3324
-73177.2644
-73176.4374
-73175.2751
-73180.1701
-73171.2741
-73166.5579
-73168.0555
-73165.2168
-73159.1595
-73167.4296
-73164.4792
-73164.8145
-73165.6192
-73168.3461
-73164.7921
-73160.4112
-73161.3947
-73164.0098
-73166.1779
-73169.0390
-73166.3791
-73165.1498
-73161.7523
-73165.0604
-73161.9535
-73157.4161
-73157.7066
-73159.7183
-73157.8631
-73164.1886
-73160.1877
-73157.1702
-73157.9302
-73154.0410
-73158.4666
-73162.5346
-73157.5725
-73155.3821
-73154.8009
-73160.0983
-73167.3626
-73160.0983
-73160.2771
-73153.3257
-73161.3723
-73160.5453
-73154.9127
-73167.4743
-73156.3432
-73157.5502
-73156.4326
-73154.0410
-73148.3860
-73155.7173
-73151.3364
-73151.0235
-73142.5298
-73135.7572
-73131.7786
-73139.0653
-73132.6503
-73127.7553
-73129.6552
-73133.1868
-73135.3772
-73127.8000
-73126.1013
-73128.3141
-73130.7504
-73128.2694
-73128.8058
-73135.3996
-73128.7388
-73130.3928
-73138.8641
-73130.8175
-73133.1868
-73134.1032
-73136.0701
-73139.0653
-73137.2995
-73139.5123
-73140.8087
-73140.9428
-73143.8039
-73135.1090
-73138.9312
-73132.1362
-73134.0361
-73124.0449
-73139.6241
-73140.2499
-73140.2946
-73139.0876
-73144.0050
-73146.7990
-73146.9778
-73143.2898
-73147.9389
-73152.0740
-73150.0400
-73139.0876
-73141.1887
-73148.2295
-73140.0488
-73136.1596
-73139.1547
-73135.1314
-73139.1323
-73139.7582
-73146.1284
-73140.6299
-73138.6406
-73143.2674
-73148.6542
-73154.9574
-73149.1906
-73147.5366
-73152.0293
-73158.6454
-73156.2314
-73161.3500
-73166.2897
-73163.7193
-73167.1391
-73167.1838
-73181.7348
-73176.7280
-73171.8776
-73180.0807
-73179.3878
-73172.9952
-73174.0011
-73171.3412
-73173.6658
-73167.8096
-73162.4229
-73165.6639
-73175.1633
-73171.1400
-73156.9690
-73162.1323
-73167.1838
-73167.7873
-73161.7970
-73158.6007
-73162.9146
-73162.8922
-73161.5288
-73159.8301
-73163.3169
-73161.9311
-73157.1925
-73166.2674
-73160.7465
-73161.4394
-73161.6405
-73163.9651
-73161.4617
-73159.0030
-73159.3830
-73161.7523
-73159.1148
-73161.5064
-73161.2159
-73166.8932
-73165.6192
-73164.4569
-73161.5288
-73160.6794
-73164.7027
-73162.8028
-73163.8087
-73175.8339
-73175.0292
-73168.3908
-73163.1605
-73159.1371
-73159.5842
-73160.4783
-73167.4743
-73170.0672
-73167.2732
-73169.2178
-73166.7367
-73172.9282
-73169.7542
-73171.4530
-73173.8446
-73174.4257
-73175.4092
-73176.5492
-73182.0700
-73181.5783
-73188.0603
-73190.5190
-73185.2216
-73186.1381
-73183.5900
-73185.0428
-73185.1546
-73182.0700
-73189.0661
-73185.8698
-73187.0321
-73189.6696
-73193.7824
-73195.4140
-73190.5190
-73187.3451
-73179.6337
-73184.1935
-73189.2673
-73187.4121
-73186.1604
-73182.4724
-73188.6415
-73183.9923
-73183.1653
-73185.6687
-73186.2498
-73180.3043
-73179.4102
-73181.2877
-73182.7406
-73184.5958
-73185.8922
-73181.6007
-73180.6619
-73175.6327
-73177.5103
-73176.2362
-73173.3305
-73171.0730
-73175.7221
-73176.6609
-73178.1585
-73177.4432
-73178.0914
-73174.4704
-73175.5433
-73178.4714
-73178.4267
-73172.0118
-73175.9010
-73178.2479
-73174.4257
-73171.6765
-73164.6357
-73168.7484
-73166.2897
-73162.1993
-73167.7649
-73163.2052
-73170.4918
-73171.6541
-73170.9612
-73177.3538
-73180.3490
-73178.2479
-73178.1361
-73185.9592
-73188.7979
-73189.2449
-73188.5520
-73195.0788
-73192.1954
-73197.5151
-73191.7260
-73196.2410
-73203.6618
-73205.3159
-73196.7775
-73199.7503
-73192.2848
-73194.4306
-73202.8348
-73206.0758
-73208.6016
-73203.3713
-73205.0476
-73211.7755
-73211.7532
-73215.9106
-73221.6773
-73217.3634
-73218.8163
-73217.6317
-73223.4431
-73217.7211
-73220.3362
-73219.9786
-73223.1525
-73220.7833
-73221.5432
-73224.1807
-73223.4431
-73219.6880
-73223.6219
-73227.6899
-73229.7687
-73229.2993
-73230.4616
-73234.2390
-73236.8765
-73235.4237
-73235.1554
-73242.7774
-73245.4596
-73255.0485
-73243.2468
-73251.5616
-73251.5169
-73252.6568
-73252.3439
-73250.0864
-73250.2205
-73250.4440
-73247.4042
-73250.4887
-73248.5218
-73246.3760
-73247.7171
-73251.4051
-73259.5859
-73259.6529
-73258.2448
-73258.8706
-73262.4246
-73267.7890
-73272.5946
-73272.1699
-73273.3546
-73271.7452
-73270.3818
-73271.6111
-73279.5683
-73278.7190
-73286.6986
-73282.7199
-73283.3234
-73285.7374
-73291.1689
-73290.9230
-73292.9347
-73294.7899
-73296.0863
-73295.7287
-73303.3059
-73299.0367
-73300.6013
-73300.8696
-73304.7588
-73299.5508
-73304.3341
-73304.4905
-73303.3283
-73304.8482
-73303.7306
-73307.5080
-73308.8491
-73311.9113
-73312.4031
-73314.1688
-73310.5255
-73313.2077
-73309.2738
-73311.0396
-73308.0445
-73303.7753
-73304.2447
-73308.6480
-73307.9774
-73308.0668
-73306.6810
-73309.5867
-73315.3758
-73311.2855
-73306.8151
-73312.8948
-73315.5994
-73313.6995
-73318.1698
-73322.2602
-73321.0085
-73327.2446
-73326.5964
-73324.1377
-73323.2884
-73323.1766
-73326.4623
-73325.6129
-73328.5187
-73327.0211
-73323.4448
-73328.0716
-73323.4672
-73322.2378
-73317.6334
-73318.8851
-73320.1815
-73320.4944
-73321.2096
-73326.2388
-73324.2048
-73327.4011
-73325.9259
-73324.8530
-73326.2611
-73331.3350
-73332.8102
-73333.1008
-73339.2028
-73336.3418
-73337.2582
-73339.4263
-73331.2232
-73336.7888
-73340.4769
-73339.5381
-73335.8277
-73335.6042
-73336.0065
-73339.1357
-73341.3933
-73338.8899
-73334.7548
-73331.9161
-73338.0405
-73343.9861
-73343.1144
-73342.8014
-73346.6012
-73345.3272
-73342.6673
-73343.3602
-73339.3593
-73341.1921
-73339.1805
-73336.2300
-73335.7383
-73329.2339
-73326.8870
-73326.1047
-73333.3913
-73326.7305
-73332.3855
-73323.7354
-73323.9366
-73325.3000
-73325.7918
-73329.6363
-73337.2582
-73338.3758
-73329.2339
-73330.5527
-73327.8258
-73325.1659
-73322.7072
-73322.6625
-73318.3263
-73315.1523
-73317.2087
-73319.0639
-73313.7665
-73312.5148
-73309.5197
-73311.4419
-73315.3982
-73313.9677
-73309.7656
-73310.6149
-73302.9930
-73309.1397
-73318.2369
-73320.0027
-73321.8802
-73317.6557
-73315.0853
-73322.0590
-73327.1776
-73332.8102
-73333.9278
-73331.5138
-73329.9045
-73328.5857
-73328.4740
-73330.3739
-73333.7043
-73327.5352
-73327.2223
-73328.0269
-73327.7140
-73329.0328
-73326.9764
-73326.3729
-73323.2437
-73328.7869
-73328.4963
-73324.9647
-73323.1095
-73317.8122
-73313.4312
-73317.6557
-73315.4876
-73315.9793
-73320.9414
-73320.5614
-73322.1931
-73319.1309
-46094.1474
-92191.3570
-92189.7253
-92195.3579
-92193.1004
-92193.7486
-92190.5970
-92204.0081
-92203.3822
-92198.2413
-92200.5212
-92206.8467
-92200.0518
-92192.4746
-92199.2471
-92203.5387
-92200.4094
-92196.2073
-92204.4551
-92201.5494
-92202.7340
-92200.3200
-92206.2432
-92206.7350
-92208.1655
-92204.1422
-92205.4609
-92199.8059
-92206.8467
-92202.9128
-92203.9634
-92202.5105
-92206.0644
-92201.6164
-92207.1373
-92205.7962
-92206.8691
-92200.8565
-92206.2209
-92209.6184
-92203.0022
-92197.6602
-92205.1480
-92198.9789
-92198.5542
-92203.3152
-92206.3774
-92210.9148
-92208.2773
-92214.4016
-92210.8701
-92214.1558
-92214.5357
-92211.4288
-92209.5066
-92215.0945
-92212.4794
-92213.0382
-92213.1946
-92219.8778
-92214.3569
-92209.4395
-92210.6689
-92212.5911
-92206.2432
-92205.3939
-92213.4852
-92209.3278
-92212.5241
-92212.0770
-92213.9769
-92207.4726
-92209.1043
-92207.0703
-92221.9565
-92224.5717
-92216.4133
-92222.2694
-92229.9361
-92230.1149
-92226.4045
-92220.5037
-92218.2461
-92230.1373
-92232.0148
-92226.2704
-92220.9060
-92225.3987
-92219.9672
-92229.0197
-92230.1373
-92231.5678
-92226.9186
-92228.0362
-92226.3151
-92227.7009
-92222.2918
-92226.0469
-92224.3929
-92219.0955
-92215.5639
-92224.2140
-92224.3035
-92224.3035
-92213.7311
-92214.8040
-92206.8244
-92224.9069
-92225.3316
-92220.4366
-92217.6873
-92208.4784
-92205.5950
-92215.6086
-92220.6154
-92222.2694
-92220.8389
-92213.1946
-92215.9663
-92212.6582
-92222.2918
-92219.3861
-92227.3880
-92225.4881
-92220.2801
-92211.9429
-92210.1995
-92207.2267
-92209.8195
-92212.7029
-92205.8409
-92201.4376
-92198.5766
-92197.9731
-92195.4921
-92198.8895
-92204.5222
-92210.3783
-92211.8088
-92211.2724
-92210.9595
-92209.1713
-92201.4600
-92203.0022
-92201.1247
-92210.5571
-92201.5941
-92202.1752
-92201.2141
-92205.7962
-92205.7962
-92209.3054
-92203.6951
-92217.5309
-92209.9089
-92213.7758
-92211.6300
-92215.5863
-92200.7671
-92216.8827
-92209.8419
-92210.6018
-92215.0051
-92212.3006
-92213.4182
-92209.7078
-92210.9371
-92205.3492
-92201.1917
-92189.5018
-92205.8856
-92198.7107
-92197.3472
-92204.6339
-92209.9760
-92207.7408
-92208.3443
-92210.4454
-92200.3647
-92204.7457
-92209.7525
-92209.8195
-92209.3054
-92208.1208
-92203.6281
-92204.8798
-92196.9226
-92208.9478
-92209.9760
-92204.5222
-92200.7000
-92205.5503
-92215.1616
-92207.0703
-92211.1606
-92208.1655
-92195.0897
-92193.7039
-92201.2588
-92201.7952
-92191.0888
-92191.2229
-92195.2238
-92204.8798
-92199.8283
-92204.2316
-92200.7894
-92207.9643
-92206.5115
-92204.0528
-92204.8127
-92203.6728
-92194.4192
-92205.6844
-92214.7593
-92217.2403
-92218.1344
-92220.2578
-92225.5551
-92229.7126
-92223.5211
-92224.9964
-92226.3375
-92227.7903
-92230.9866
-92230.1596
-92240.3297
-92234.5182
-92247.8622
-92242.0954
-92247.6610
-92247.6834
-92251.2597
-92245.9399
-92250.3879
-92251.9302
-92255.6182
-92249.8291
-92251.0585
-92250.5668
-92242.8778
-92245.8058
-92238.5415
-92255.9759
-92253.2266
-92260.9827
-92258.1440
-92260.3568
-92269.5434
-92265.2518
-92265.0954
-92262.1226
-92258.2558
-92263.3072
-92268.2917
-92266.1683
-92255.9312
-92268.0011
-92265.8106
-92266.3694
-92271.3539
-92274.2596
-92271.2645
-92268.9846
-92276.4054
-92278.8417
-92291.0234
-92288.2965
-92290.2634
-92284.2061
-92285.6813
-92274.8854
-92275.5336
-92277.9923
-92282.4180
-92283.3568
-92283.3121
-92280.4510
-92275.0866
-92275.4442
-92281.4569
-92281.5686
-92289.9505
-92282.6639
-92286.8213
-92279.3781
-92282.4180
-92280.6522
-92285.7931
-92287.0224
-92286.1060
-92297.9972
-92301.2158
-92299.8076
-92305.8873
-92315.4762
-92319.7454
-92313.7551
-92316.4373
-92323.1205
-92316.5491
-92316.9961
-92332.6424
-92337.7386
-92335.7940
-92334.0952
-92329.9601
-92328.3285
-92323.6793
-92327.3450
-92324.6851
-92318.0914
-92325.3557
-92323.6793
-92328.2391
-92331.7930
-92333.4023
-92334.4081
-92332.7988
-92327.9038
-92332.5082
-92329.0437
-92336.5763
-92331.9047
-92338.8561
-92336.5316
-92334.8105
-92329.2896
-92330.9660
-92325.5569
-92328.5743
-92329.8260
-92324.4616
-92321.0642
-92326.8086
-92314.7163
-92315.6774
-92330.1390
-92324.2381
-92327.3450
-92327.6132
-92332.5977
-92332.7094
-92327.6132
-92315.9233
-92316.2809
-92321.1759
-92325.1098
-92317.4432
-92315.0292
-92314.8057
-92318.1137
-92319.4772
-92321.8465
-92314.9845
-92321.4441
-92320.7959
-92325.2886
-92308.7483
-92327.4344
-92320.3936
-92323.7464
-92326.0486
-92337.6491
-92333.8046
-92346.4110
-92337.2468
-92339.9290
-92332.9329
-92342.6112
-92344.6899
-92336.3304
-92336.7327
-92341.7172
-92350.8590
-92351.1943
-92354.5471
-92348.8027
-92344.3994
-92347.5957
-92353.1613
-92355.8435
-92363.6442
-92358.8162
-92361.0738
-92354.1447
-92351.5296
-92344.6676
-92346.4334
-92344.9582
-92342.5442
-92351.4402
-92349.0485
-92346.7687
-92344.0194
-92334.9669
-92334.0729
-92336.8221
-92339.8173
-92342.5218
-92342.0748
-92347.0145
-92343.1924
-92344.4441
-92339.8173
-92343.0806
-92340.3761
-92337.2468
-92336.7998
-92334.2517
-92336.2186
-92343.1253
-92341.7619
-92340.7784
-92342.1642
-92343.8853
-92351.8649
-92347.3722
-92348.0427
-92338.8785
-92332.3294
-92333.2682
-92331.1895
-92335.7045
-92333.4694
-92328.3732
-92327.7697
-92323.4111
-92322.4947
-92324.1263
-92321.0865
-92330.9883
-92333.5811
-92331.0330
-92324.6851
-92326.0709
-92332.0389
-92326.3168
-92338.5209
-92339.9961
-92339.0797
-92343.4830
-92339.8843
-92348.2439
-92352.4237
-92348.2662
-92346.1652
-92351.3508
-92346.1205
-92343.3041
-92348.3333
-92352.0660
-92346.3887
-92344.5782
-92344.7794
-92342.9689
-92351.9096
-92350.6355
-92339.1467
-92341.9854
-92340.2867
-92348.1992
-92338.9679
-92335.4810
-92335.4363
-92335.1458
-92330.0496
-92331.4130
-92330.1613
-92329.5578
-92328.6637
-92331.4801
-92332.6424
-92331.3683
-92334.1399
-92331.6142
-92325.1098
-92321.4441
-92325.7580
-92321.6676
-92329.2672
-92320.1701
-92322.5394
-92318.5831
-92320.9747
-92311.7658
-92326.1604
-92322.9417
-92322.9193
-92325.9592
-92323.7017
-92318.1584
-92321.1759
-92313.4422
-92318.8290
-92317.1079
-92309.5977
-92317.8455
-92319.5442
-92320.5501
-92314.6269
-92320.2148
-92311.8552
-92314.1575
-92313.7998
-92310.4694
-92305.7085
-92298.1089
-92308.1672
-92307.6531
-92302.6687
-92310.1118
-92313.1293
-92314.4257
-92303.2498
-92317.8231
-92318.9407
-92320.2818
-92322.8523
-92319.6560
-92310.0671
-92306.1332
-92309.9553
-92313.8445
-92310.1789
-92306.7367
-92307.2508
-92314.2469
-92307.2731
-92311.2964
-92314.1798
-92308.5695
-92313.1516
-92310.0224
-92307.0049
-92294.8679
-92299.5394
-92293.5045
-92301.1264
-92297.2372
-92301.7075
-92296.0302
-92287.0001
-92286.7095
-92275.6454
-92297.5948
-92282.9544
-92285.4131
-92284.6979
-92285.2567
-92279.1323
-92275.0643
-92267.2412
-92274.5502
-92278.0147
-92279.0652
-92270.1022
-92281.2333
-92273.9020
-92274.7066
-92266.5259
-92279.7358
-92273.8126
-92273.5220
-92272.2926
-92268.6046
-92262.7261
-92265.4530
-92260.2674
-92265.3636
-92262.1673
-92251.3714
-92258.0322
-92253.3607
-92256.4453
-92264.8495
-92262.6143
-92254.1877
-92248.4880
-92247.7504
-92257.3170
-92256.1547
-92255.7524
-92247.3034
-92263.8213
-92263.1731
-92266.3247
-92262.2567
-92266.7941
-92262.3908
-92271.8456
-92274.4831
-92265.1401
-92263.0837
-92268.2470
-92272.2256
-92266.2353
-92270.8174
-92258.0769
-92260.6027
-92263.9778
-92259.3286
-92255.6853
-92261.7426
-92259.4180
-92257.7864
-92246.9458
-92250.8126
-92245.1576
-92256.2441
-92249.4492
-92257.9875
-92245.3141
-92246.4764
-92249.1139
-92253.2937
-92258.3005
-92256.1100
-92255.6182
-92249.3151
-92241.6037
-92243.8836
-92243.7271
-92238.1839
-92251.5502
-92239.3909
-92239.4356
-92237.2228
-92238.8321
-92238.1615
-92246.3870
-92236.3734
-92253.6066
-92252.6678
-92254.8359
-92238.2509
-92243.0119
-92235.1217
-92233.9818
-92240.5979
-92232.8195
-92228.9079
-92222.0012
-92229.5785
-92227.3880
-92221.6659
-92231.3443
-92221.9565
-92223.6553
-92224.2364
-92219.4978
-92213.3064
-92213.3734
-92215.2286
-92216.8380
-92224.7952
-92218.7155
-92218.0897
-92219.8108
-92231.2995
-92228.0585
-92222.2694
-92215.1616
-92220.8836
-92213.8652
-92217.4415
-92218.6038
-92215.1169
-92214.8487
-92213.8205
-92209.5066
-92205.2598
-92210.2666
-92209.8642
-92201.4153
-92201.9517
-92203.4493
-92205.6174
-92201.1694
-92204.3657
-92201.1470
-92200.4094
-92199.9177
-92191.8040
-92205.1927
-92190.0159
-92196.3638
-92200.2306
-92193.7486
-92198.9789
-92202.5999
-92197.0567
-92188.7195
-92177.9683
-92196.3414
-92195.2238
-92189.1442
-92192.9440
-92187.0207
-92183.9362
-92183.6680
-92180.9858
-92187.7583
-92189.8147
-92189.8594
-92184.1821
-92177.1860
-92178.2142
-92175.2637
-92176.6942
-92167.6194
-92178.9965
-92167.3289
-92167.9100
-92161.9421
-92166.0325
-92167.2618
-92169.2064
-92160.5786
-92170.1228
-92172.0674
-92162.1209
-92165.0937
-92163.7526
-92164.9372
-92159.4834
-92160.7798
-92162.6797
-92159.5952
-92166.4348
-92175.7555
-92164.5125
-92169.5864
-92168.6700
-92173.6097
-92173.7885
-92169.1393
-92170.3463
-92170.7040
-92166.8371
-92166.4571
-92175.3308
-92171.7098
-92168.4464
-92163.1714
-92162.2550
-92161.8303
-92165.9654
-92158.3435
-92150.3192
-92159.6846
-92166.7701
-92162.3668
-92157.0471
-92156.5553
-92157.6729
-92160.4669
-92156.1753
-92158.0082
-92161.2268
-92155.1695
-92156.1530
-92152.1520
-92161.1374
-92157.7176
-92144.1948
-92148.8887
-92157.0694
-92152.8673
-92149.2463
-92148.7769
-92150.3192
-92154.3872
-92163.0820
-92162.5009
-92148.2181
-92137.5340
-92122.6030
-92075.6867
-92180.0470
-92172.1121
-92156.1306
-92147.3911
-92137.8469
-92141.5126
-92138.5175
-92143.2560
-92139.0092
-92138.7186
-92142.3843
-92138.9421
-92139.0539
-92138.4504
-92135.3212
-92141.4679
-92145.5806
-92148.1511
-92150.3862
-92152.9790
-92149.4028
-92152.8673
-92149.4251
-92148.7099
-92153.4484
-92148.8663
-92154.4990
-92149.7157
-92154.4990
-92153.9178
-92154.4990
-92151.3697
-92153.1131
-92145.7818
-92151.4144
-92152.3979
-92153.9402
-92148.7993
-92150.9227
-92144.8877
-92148.9781
-92149.5816
-92148.3746
-92150.1851
-92153.4261
-92150.4980
-92150.8780
-92149.1569
-92150.6768
-92160.1539
-92152.5767
-92154.3872
-92156.0859
-92162.9479
-92152.9343
-92152.1073
-92140.9314
-92149.9168
-92150.0063
-92150.5203
-92148.0840
-92155.3260
-92159.1258
-92164.8702
-92163.6855
-92161.1821
-92153.6272
-92153.2696
-92152.2638
-92150.9674
-92146.7205
-92149.4028
-92149.1569
-92151.1909
-92150.3192
-92147.2123
-92151.8167
-92145.0889
-92142.2278
-92146.2735
-92148.7769
-92145.4465
-92149.8945
-92151.2580
-92154.0072
-92151.9285
-92158.7234
-92159.7740
-92159.0811
-92169.9217
-92176.2472
-92168.4688
-92172.8274
-92169.1393
-92173.3415
-92171.7098
-92170.8381
-92174.1685
-92178.6835
-92184.0480
-92179.6670
-92178.0353
-92174.2355
-92182.0810
-92178.4824
-92181.4999
-92181.0081
-92176.7836
-92176.8060
-92180.1364
-92173.2744
-92157.8964
-92160.9139
-92173.8109
-92176.2472
-92177.7895
-92175.1520
-92181.4775
-92183.8244
-92215.9663
-92205.3715
-92198.5989
-92190.1053
-92182.2375
-92177.7001
-92174.1461
-92180.2035
-92186.3949
-92190.5523
-92187.6689
-92191.7593
-92191.2005
-92195.3356
-92194.6427
-92195.4250
-92193.7710
-92194.4192
-92184.2491
-92183.3774
-92188.5407
-92191.8711
-92190.0382
-92190.1723
-92192.8769
-92191.3793
-92189.2783
-92190.8205
-92193.5251
-92195.1121
-92198.2860
-92186.7078
-92192.5193
-92196.5426
-92198.0178
-92203.2034
-92205.0586
-92199.6495
-92211.2277
-92206.9138
-92211.8982
-92205.6844
-92204.6563
-92211.0265
-92211.9653
-92206.5115
-92209.9983
-92209.6407
-92216.7039
-92211.8535
-92214.7593
-92219.6319
-92221.8448
-92221.2189
-92223.1188
-92224.6834
-92218.8049
-92223.3647
-92218.3355
-92219.6990
-92217.1285
-92218.7602
-92213.9993
-92214.8040
-92216.2792
-92214.8710
-92211.6524
-92223.2976
-92226.1586
-92223.9458
-92215.1839
-92216.3239
-92214.2675
-92215.1839
-92214.4016
-92219.2073
-92219.2743
-92213.6417
-92214.6922
-92221.2413
-92219.6766
-92218.0673
-92219.6766
-92220.0119
-92224.1917
-92220.1684
-92226.1363
-92218.5143
-92212.3229
-92210.4901
-92219.9672
-92211.5853
-92209.8195
-92205.1033
-92215.4969
-92210.7583
-92211.7865
-92207.6067
-92204.3433
-92206.9361
-92206.7573
-92208.4337
-92204.7457
-92207.2267
-92208.7690
-92215.3404
-92215.7651
-92215.2957
-92220.1237
-92221.5542
-92217.1285
-92225.0634
-92221.7106
-92224.5940
-92226.7845
-92227.4103
-92222.8059
-92221.1742
-92220.5931
-92217.1509
-92214.8710
-92226.8739
-92221.7777
-92222.7835
-92221.5095
-92222.4259
-92220.4366
-92223.8788
-92226.7174
-92221.1742
-92219.2743
-92216.2121
-92219.6096
-92220.2354
-92222.1577
-92217.4415
-92221.6212
-92218.1791
-92217.7320
-92216.0110
-92223.2306
-92216.8156
-92220.0343
-92217.3521
-92218.5367
-92215.1839
-92218.0003
-92213.4852
-92216.2345
-92209.8866
-92206.3997
-92212.3900
-92213.4629
-92208.6572
-92207.7855
-92209.6631
-92213.6864
-92214.6475
-92207.1820
-92207.4726
-92207.5620
-92211.9429
-92203.7398
-92207.5620
-92210.5124
-92215.8992
-92205.4609
-92209.0596
-92210.2889
-92218.6932
-92212.9488
-92209.0372
-92209.6407
-92213.7981
-92210.7806
-92214.2005
-92211.9429
-92214.3122
-92214.0440
-92215.0275
-92219.9225
-92225.5999
-92231.5454
-92233.9818
-92235.1440
-92234.6300
-92233.0653
-92228.6397
-92234.1159
-92229.3102
-92234.6970
-92233.7135
-92229.6679
-92225.9128
-92228.4162
-92229.3326
-92238.5192
-92236.4404
-92228.6173
-92223.9235
-92232.1713
-92231.3219
-92236.3063
-92232.6407
-92229.4667
-92223.6553
-92233.2441
-92238.0051
-92232.5289
-92231.6795
-92227.4998
-92236.9098
-92233.3112
-92235.1664
-92237.8933
-92234.1382
-92229.3773
-92222.6047
-92221.8671
-92233.3559
-92232.8418
-92234.8311
-92227.7903
-92222.4930
-92221.2636
-92225.1081
-92231.4337
-92231.7242
-92231.1654
-92235.5911
-92229.5338
-92229.2208
-92232.5512
-92228.0809
-92221.6883
-92214.5804
-92214.3122
-92212.3229
-92215.4298
-92217.1956
-92218.4696
-92208.1655
-92215.3851
-92209.6631
-92216.9050
-92219.5649
-92224.0352
-92217.5756
-92218.0003
-92219.5649
-92223.7223
-92218.4026
-92224.3705
-92226.9633
-92232.0595
-92235.7699
-92226.6951
-92230.3831
-92231.4560
-92232.7301
-92228.7067
-92236.7981
-92233.5571
-92236.2840
-92232.6407
-92241.4696
-92242.8330
-92240.2179
-92222.3141
-92238.1839
-92246.8340
-92247.8398
-92238.5862
-92240.0614
-92236.8875
-92237.5580
-92236.8428
-92239.0556
-92237.6251
-92233.1100
-92234.9205
-92232.7971
-92239.5250
-92234.6747
-92235.1888
-92240.5755
-92241.7825
-92236.7534
-92235.6134
-92230.2490
-92222.0012
-92235.7028
-92232.7748
-92227.4998
-92231.1654
-92230.1149
-92229.0867
-92232.0819
-92231.8360
-92221.9118
-92226.6951
-92227.8797
-92230.7631
-92231.4113
-92234.5182
-92241.7155
-92236.2616
-92230.4725
-92228.6173
-92229.2208
-92231.9701
-92232.0148
-92226.9410
-92225.7116
-92221.6883
-92223.2306
-92221.2860
-92226.3375
-92225.4657
-92227.6562
-92220.2801
-92224.6387
-92224.3258
-92227.0751
-92223.1412
-92229.4220
-92223.0070
-92233.1547
-92235.9040
-92232.8865
-92236.6863
-92231.5454
-92237.2228
-92236.2393
-92238.7427
-92242.7883
-92242.9225
-92235.9934
-92240.2179
-92233.3112
-92239.5697
-92234.4511
-92239.2121
-92232.9983
-92235.8370
-92236.9545
-92240.5979
-92239.0556
-92237.9604
-92234.5182
-92239.3015
-92237.2228
-92236.4852
-92240.5532
-92239.5473
-92240.8661
-92238.5415
-92239.5250
-92241.0673
-92245.1800
-92228.3715
-92232.5736
-92233.3783
-92230.4055
-92228.4832
-92234.8088
-92227.3656
-92233.5794
-92226.6057
-92233.1100
-92226.3151
-92229.5338
-92227.1198
-92225.3987
-92222.1353
-92223.8564
-92226.1586
-92227.4550
-92229.0197
-92233.3336
-92230.0702
-92230.0478
-92225.9351
-92228.6844
-92229.6679
-92226.4716
-92221.9118
-92211.6077
-92213.0382
-92213.0605
-92213.1052
-92216.0333
-92216.5474
-92212.6135
-92210.2442
-92201.5941
-92209.6854
-92206.1538
-92213.6193
-92211.7194
-92208.7243
-92208.5008
-92212.8370
-92212.8817
-92216.0333
-92215.8098
-92214.2675
-92220.2801
-92220.0790
-92212.1218
-92213.8428
-92217.1732
-92208.0090
-92213.5746
-92207.6738
-92214.2005
-92213.5746
-92215.2957
-92211.9876
-92217.0615
-92212.5688
-92212.8147
-92206.3550
-92206.1762
-92207.1597
-92212.9488
-92211.4512
-92207.3608
-92203.0022
-92201.2812
-92199.1801
-92198.5095
-92203.7845
-92200.2306
-92198.4872
-92196.3638
-92197.6825
-92200.9682
-92198.0178
-92190.8652
-92196.4532
-92199.2024
-92197.0120
-92192.3852
-92193.0334
-92191.8711
-92193.6816
-92193.3686
-92193.3016
-92185.4785
-92185.2997
-92186.9537
-92190.4853
-92187.5572
-92190.8429
-92184.1597
-92177.5212
-92181.4105
-92177.4542
-92177.8342
-92177.1413
-92178.7506
-92176.6942
-92177.2307
-92177.2754
-92170.6146
-92160.3328
-92168.1335
-92165.3172
-92170.5475
-92165.0937
-92164.4455
-92154.6778
-92164.0879
-92159.0364
-92158.4105
-92163.0597
-92165.8760
-92167.7759
-92170.6369
-92165.7419
-92168.2900
-92166.3454
-92166.9042
-92166.0548
-92163.7302
-92169.8099
-92161.1151
-92158.4329
-92161.2492
-92163.0150
-92163.6855
-92163.3726
-92158.6787
-92163.4844
-92162.3891
-92165.0490
-92158.9917
-92159.6846
-92152.6214
-92153.1578
-92149.6710
-92149.2910
-92151.5709
-92152.3755
-92150.6321
-92150.0063
-92147.2346
-92151.8167
-92151.2580
-92153.4931
-92148.0393
-92142.8313
-92143.8372
-92143.3454
-92149.2910
-92147.7934
-92141.9596
-92135.2988
-92135.5894
-92132.0578
-92136.0141
-92134.0918
-92138.5175
-92132.9742
-92141.8255
-92135.7458
-92136.3493
-92141.8032
-92144.0383
-92140.5962
-92136.7293
-92136.5058
-92133.5777
-92129.8673
-92128.1909
-92126.3805
-92128.2804
-92121.1949
-92127.4980
-92127.8780
-92127.1628
-92129.9567
-92123.2512
-92129.2638
-92128.5709
-92127.4310
-92119.8985
-92126.6040
-92118.4009
-92116.8810
-92114.5117
-92126.7828
-92126.2016
-92126.3805
-92126.8275
-92128.2804
-92125.3746
-92132.5719
-92130.6720
-92125.8440
-92133.3766
-92130.5379
-92131.7672
-92133.3766
-92131.4543
-92131.9460
-92137.6010
-92130.5826
-92130.2026
-92128.1686
-92126.9169
-92123.1395
-92127.6322
-92120.0773
-92118.3785
-92119.8314
-92122.9606
-92119.2726
-92122.3124
-92121.9772
-92124.9052
-92119.4067
-92122.2007
-92116.2775
-92116.0540
-92118.7362
-92118.8479
-92112.7459
-92118.4009
-92114.0423
-92110.5554
-92113.3047
-92108.4544
-92114.3999
-92113.7294
-92114.8470
-92113.2376
-92117.2833
-92107.1803
-92110.2872
-92105.1016
-92111.3377
-92112.9024
-92116.6127
-92115.2493
-92117.0151
-92113.7964
-92108.4320
-92104.4087
-92105.1239
-92105.6157
-92108.0297
-92106.6662
-92103.5817
-92106.5992
-92103.4029
-92105.4145
-92098.1279
-92095.0210
-92092.3611
-92099.0219
-92094.9316
-92097.3902
-92092.2493
-92092.3611
-92092.7634
-92096.1385
-92088.1590
-92099.4019
-92096.2280
-92103.1793
-92103.6040
-92105.1687
-92097.2561
-92095.9374
-92101.1677
-92103.2241
-92103.8499
-92105.9510
-92104.7216
-92097.8596
-92101.2571
-92100.6312
-92106.0404
-92094.8198
-92102.5088
-92097.7255
-92097.5691
-92095.5127
-92098.6419
-92089.2766
-92090.9082
-92098.5302
-92102.5759
-92101.9724
-92102.8888
-92100.1395
-92100.5418
-92099.2678
-92100.2289
-92100.8101
-92099.7148
-92097.6138
-92093.9704
-92099.9160
-92097.6361
-92095.5127
-92091.8694
-92094.5739
-92092.4282
-92094.6633
-92090.2824
-92088.6507
-92087.6225
-92092.6070
-92090.2377
-92096.5632
-92095.6692
-92093.0764
-92095.0880
-92104.3193
-92099.5137
-92101.5477
-92093.0093
-92087.7119
-92084.4486
-92086.5720
-92090.1259
-92088.4272
-92088.4719
-92084.0686
-92082.5710
-92074.1668
-92082.9510
-92084.2698
-92090.4389
-92086.0356
-92086.3485
-92076.7372
-92085.5215
-92087.4884
-92093.7246
-92086.8849
-92088.5613
-92083.8004
-92089.8130
-92086.3038
-92090.5283
-92094.5069
-92102.1065
-92099.5137
-92099.0890
-92094.1269
-92088.7178
-92089.4107
-92093.1881
-92101.2571
-92098.7090
-92101.8829
-92094.5292
-92097.3008
-92095.4680
-92091.4000
-92092.1599
-92090.8412
-92094.5292
-92096.9432
-92088.7401
-92093.0317
-92089.3436
-92095.0880
-92094.9986
-92087.8013
-92084.7615
-92086.8849
-92084.8956
-92088.5166
-92097.5244
-92099.3125
-92097.9490
-92095.2221
-92100.8101
-92101.4136
-92102.0618
-92096.5409
-92099.6254
-92097.2561
-92100.1395
-92095.9374
-92102.8441
-92101.4136
-92109.8849
-92107.8062
-92109.4825
-92109.2814
-92115.3163
-92113.9752
-92113.3717
-92107.5826
-92106.1521
-92113.0812
-92106.2639
-92108.8567
-92107.3144
-92104.9451
-92101.1900
-92102.0394
-92103.2464
-92108.0744
-92103.6487
-92111.8742
-92112.3659
-92109.5272
-92109.4378
-92111.1366
-92103.8052
-92110.7566
-92112.9024
-92116.1881
-92112.0530
-92118.8256
-92122.8936
-92125.8887
-92123.0277
-92132.0131
-92133.1977
-92126.0675
-92120.0996
-92127.2298
-92134.7624
-92130.2697
-92128.0568
-92127.8780
-92136.6399
-92134.2036
-92142.4067
-92134.4941
-92138.6292
-92141.5126
-92146.3182
-92133.1530
-92136.3270
-92135.5223
-92139.7915
-92136.2599
-92144.5301
-92146.0276
-92139.1210
-92134.7624
-92138.1375
-92137.0199
-92139.6574
-92143.9489
-92141.8032
-92142.7196
-92144.9771
-92147.7264
-92146.4747
-92146.5864
-92146.4747
-92152.7555
-92145.3794
-92149.8498
-92142.4290
-92150.6321
-92148.6875
-92148.4640
-92139.8586
-92142.9207
-92141.3114
-92153.7613
-92149.4028
-92149.8721
-92145.6030
-92146.1394
-92142.5408
-92148.4640
-92149.1122
-92140.7303
-92139.9256
-92140.1938
-92144.6642
-92140.9538
-92141.4008
-92140.8197
-92145.5136
-92145.8935
-92146.9441
-92141.2667
-92147.4805
-92149.8945
-92154.3872
-92150.9897
-92151.1015
-92151.9509
-92163.1044
-92162.2997
-92165.8760
-92160.7351
-92163.4844
-92164.9819
-92169.8322
-92176.2025
-92175.7778
-92175.7778
-92171.8886
-92176.1801
-92178.5941
-92181.4328
-92174.6155
-92175.1520
-92173.4979
-92180.3152
-92176.5154
-92178.5718
-92173.2297
-92174.1685
-92178.5047
-92182.7739
-92177.7001
-92177.4095
-92171.2628
-92174.4591
-92175.0626
-92181.1199
-92180.4493
-92180.3376
-92179.3094
-92181.3210
-92175.8449
-92171.0839
-92174.8390
-92170.5475
-92173.1403
-92166.0325
-92168.1112
-92162.9926
-92170.2346
-92175.7331
-92184.8526
-92175.7555
-92173.1180
-92170.5475
-92175.6661
-92173.0509
-92177.1413
-92174.6826
-92176.6048
-92170.7263
-92173.0285
-92173.3191
-92174.8167
-92171.7769
-92171.2404
-92166.9712
-92171.3745
-92175.8896
-92173.2968
-92173.9897
-92175.1073
-92173.9226
-92176.3143
-92178.3036
-92175.8225
-92182.1704
-92176.9178
-92184.6738
-92181.0752
-92183.7127
-92187.4454
-92193.2345
-92191.5581
-92195.1568
-92193.4357
-92192.6757
-92194.2627
-92189.4347
-92193.1675
-92196.2297
-92192.4075
-92199.5601
-92198.0625
-92200.4988
-92195.8497
-92190.7982
-92197.8837
-92191.6699
-92202.3540
-92197.1461
-92197.9507
-92191.7593
-92202.4211
-92195.0227
-92195.2685
-92183.2656
-92186.3725
-92182.2375
-92188.1160
-92182.9527
-92191.7146
-92186.8866
-92192.7428
-92190.2170
-92188.7865
-92187.8254
-92189.1442
-92191.4240
-92188.0042
-92200.9235
-92197.6155
-92192.0946
-92187.8254
-92189.0100
-92179.9576
-92180.4046
-92187.7807
-92190.1723
-92194.6874
-92198.6213
-92192.4522
-92193.3239
-92184.5844
-92184.0480
-92174.3697
-92183.9586
-92185.6796
-92189.2336
-92187.1325
-92185.7243
-92184.2044
-92186.7749
-92185.9255
-92182.4163
-92183.1092
-92174.7720
-92174.5261
-92174.8167
-92182.9751
-92178.1247
-92174.3250
-92173.9226
-92177.7224
-92185.3667
-92189.7477
-92182.4610
-92186.7078
-92183.9809
-92191.3346
-92191.6923
-92193.6592
-92185.5455
-92187.9372
-92188.5630
-92188.0936
-92190.1723
-92197.6825
-92200.6777
-92199.7612
-92200.8118
-92200.1859
-92198.5542
-92196.9002
-92198.5095
-92190.7535
-92192.5416
-92188.1160
-92183.9809
-92183.0421
-92185.3220
-92185.6796
-92194.6203
-92193.4357
-92188.2501
-92185.2773
-92181.1869
-92185.1208
-92184.1597
-92181.8575
-92195.9167
-92191.6476
-92189.5465
-92175.5096
-92162.0762
-92151.5262
-92156.3989
-92173.0285
-92185.3891
-92189.5241
-92190.1500
-92187.0207
-92185.7914
-92191.1782
-92185.6126
-92189.9712
-92183.3998
-92174.4814
-92171.9110
-92178.1024
-92180.6505
-92181.9692
-92180.7399
-92176.3590
-92178.9741
-92176.1801
-92176.4707
-92174.4591
-92179.6670
-92173.2297
-92177.0519
-92177.1189
-92175.4649
-92170.5252
-92174.6379
-92176.2248
-92180.2482
-92178.1471
-92187.7136
-92183.1986
-92177.2307
-92180.2482
-92182.6622
-92180.7399
-92184.9867
-92178.3259
-92184.7632
-92183.6903
-92190.5076
-92190.8652
-92194.1062
-92195.1568
-92199.1354
-92193.7039
-92195.8497
-92197.1461
-92197.2355
-92196.7885
-92193.4357
-92193.7263
-92184.8750
-92192.6310
-92183.5786
-92191.3570
-92190.7088
-92197.4590
-92193.7710
-92193.5251
-92193.1675
-92195.3356
-92187.7583
-92191.7370
-92195.6709
-92198.5766
-92191.3793
-92186.3725
-92190.1053
-92190.1053
-92187.2219
-92184.3385
-92187.0431
-92185.9926
-92184.6068
-92183.0868
-92185.9926
-92185.4114
-92191.5805
-92196.7661
-92201.0800
-92190.7088
-92191.0217
-92183.6903
-92189.5912
-92184.5620
-92186.9537
-92182.9080
-92177.5660
-92175.7331
-92180.4270
-92182.6174
-92189.1218
-92189.0324
-92185.7467
-92187.2666
-92186.7302
-92181.2763
-92179.0188
-92186.9090
-92184.4279
-92188.3842
-92181.8351
-92181.5446
-92180.6281
-92191.6923
-92186.5067
-92194.0615
-92186.8866
-92189.1889
-92182.9080
-92192.0052
-92194.8439
-92203.4940
-92196.1626
-92200.9012
-92192.5193
-92192.9216
-92198.8001
-92200.4318
-92200.8565
-92195.8944
-92200.0965
-92197.8837
-92202.6223
-92196.0508
-92196.5202
-92195.7156
-92198.6213
-92193.1451
-92196.6543
-92191.5581
-92196.4085
-92190.3064
-92191.1558
-92189.1889
-92190.4629
-92192.5193
-92190.7982
-92185.7243
-92186.9760
-92189.4124
-92192.6981
-92186.1490
-92185.4561
-92184.8526
-92184.6291
-92186.9984
-92184.8526
-92192.2734
-92186.5514
-92196.5426
-92193.3016
-92193.8380
-92193.6592
-92189.9041
-92187.2890
-92185.3667
-92183.3998
-92188.0489
-92180.8964
-92183.6456
-92182.7963
-92188.7642
-92186.0373
-92189.1442
-92178.9071
-92180.6505
-92176.7166
-92182.4163
-92184.0480
-92189.8371
-92183.5115
-92181.8128
-92179.4435
-92180.8517
-92186.0373
-92186.9760
-92186.3502
-92180.1811
-92186.3949
-92184.0703
-92186.5961
-92185.0314
-92185.0538
-92186.9090
-92191.7817
-92191.6923
-92190.0159
-92191.6252
-92202.8458
-92198.1743
-92201.1694
-92190.5300
-92187.4007
-92193.0334
-92186.7749
-92188.7642
-92180.4046
-92182.7739
-92176.4931
-92181.2763
-92172.5145
-92172.4698
-92173.8332
-92180.0693
-92172.0451
-92171.7545
-92168.8264
-92180.4940
-92173.3415
-92180.0470
-92171.3522
-92174.1238
-92173.1850
-92173.4532
-92170.8604
-92170.3240
-92168.0441
-92173.5203
-92174.6602
-92176.6495
-92172.1345
-92172.9615
-92178.2365
-92181.0752
-92184.8526
-92179.3317
-92178.5718
-92169.5640
-92174.9955
-92169.2064
-92175.0626
-92170.3016
-92174.7720
-92170.4805
-92166.5018
-92166.0548
-92170.7710
-92170.8828
-92172.3133
-92171.6651
-92172.9615
-92171.0616
-92175.3978
-92170.5252
-92171.3522
-92169.9440
-92182.1034
-92174.4814
-92176.4260
-92184.8079
-92183.1762
-92188.5854
-92188.1607
-92191.4240
-92187.3784
-92183.6233
-92187.9595
-92196.3191
-92190.7758
-92193.1451
-92196.9002
-92195.7603
-92194.5533
-92203.4493
-92198.9342
-92196.8108
-92192.3181
-92200.2977
-92195.8273
-92194.1062
-92198.2413
-92198.8895
-92200.4541
-92199.6271
-92197.7049
-92193.5698
-92199.7612
-92196.6543
-92198.1519
-92195.7603
-92202.8681
-92194.4862
-92194.9780
-92194.5086
-92197.3920
-92187.7360
-92201.8176
-92196.3861
-92191.1782
-92192.9216
-92195.9391
-92195.1344
-92196.4085
-92198.8448
-92196.3638
-92199.4036
-92198.5319
-92206.8244
-92215.0945
-92218.5591
-92218.8273
-92211.0936
-92204.8127
-92206.5562
-92204.5669
-92196.2297
-92204.5445
-92207.8079
-92200.7447
-92204.5222
-92192.8993
-92205.4833
-92203.6504
-92208.7243
-92202.2870
-92208.8584
-92209.6184
-92213.1723
-92219.3190
-92226.0916
-92215.6980
-92217.9556
-92224.7952
-92226.1586
-92221.4424
-92223.6329
-92231.3666
-92228.6844
-92231.4784
-92234.2276
-92232.8865
-92230.8525
-92230.5396
-92233.1994
-92241.2908
-92237.4463
-92244.5988
-92239.7709
-92247.6610
-92246.1188
-92250.4550
-92243.9059
-92252.2655
-92249.6056
-92247.6387
-92245.5823
-92250.1868
-92249.2927
-92246.2529
-92246.7223
-92245.5153
-92255.8418
-92250.9691
-92256.3111
-92257.8311
-92253.0254
-92254.2101
-92260.9156
-92259.4627
-92263.8660
-92261.4744
-92264.8942
-92260.8486
-92268.4481
-92266.0565
-92263.5308
-92267.0400
-92267.8670
-92266.3918
-92268.5152
-92271.1527
-92280.6746
-92278.1041
-92279.1099
-92273.1867
-92265.1177
-92270.5716
-92278.5735
-92270.1916
-92273.8126
-92273.1420
-92270.3480
-92275.4889
-92271.8903
-92277.3665
-92276.7853
-92285.7931
-92274.5949
-92275.5113
-92275.3772
-92277.4112
-92283.5132
-92289.9282
-92288.9223
-92297.0360
-92297.2595
-92302.0205
-92296.7231
-92298.5336
-92297.6395
-92299.2265
-92301.6628
-92301.8193
-92304.2780
-92289.8835
-92312.5928
-92314.1798
-92317.2867
-92309.0836
-92313.8445
-92324.3499
-92334.9669
-92328.3732
-92322.4053
-92326.2945
-92324.4169
-92325.4004
-92332.1506
-92323.3440
-92322.8970
-92327.7473
-92326.4062
-92325.4004
-92333.6258
-92326.5627
-92325.0428
-92336.9115
-92335.3246
-92333.8046
-92333.1788
-92347.7074
-92340.6219
-92330.6978
-92330.3848
-92331.7036
-92337.6939
-92336.8221
-92322.8299
-92333.6258
-92335.0340
-92333.5588
-92325.8027
-92337.0233
-92347.9309
-92344.6452
-92344.4664
-92343.1700
-92339.0350
-92350.6355
-92347.3722
-92339.2138
-92341.9407
-92346.5451
-92345.9640
-92348.7803
-92345.1593
-92348.4897
-92339.1020
-92350.4567
-92363.2419
-92360.1127
-92363.7783
-92360.5373
-92359.4421
-92350.8590
-92372.6296
-92364.8736
-92357.6540
-92376.0718
-92375.2895
-92374.0601
-92359.0621
-92388.0300
-92382.6879
-92372.0038
-92378.9552
-92375.5801
-92383.6043
-92378.4187
-92378.8658
-92392.3662
-92384.8113
-92392.0086
-92394.0202
-92393.1485
-92390.6451
-92391.2263
-92391.3827
-92392.6568
-92390.9357
-92401.6645
-92392.6568
-92382.9338
-92380.4527
-92375.4907
-92377.8152
-92378.5528
-92381.3468
-92380.0281
-92378.2399
-92372.6743
-92371.9591
-92363.5325
-92353.0271
-92374.4848
-92378.4858
-92374.5742
-92384.5208
-92380.6763
-92382.3079
-92374.2613
-92376.9882
-92370.4168
-92376.3624
-92364.7171
-92385.5713
-92373.7696
-92378.3740
-92374.9989
-92364.7842
-92373.5460
-92370.1933
-92367.7346
-92366.1476
-92363.2866
-92364.4042
-92371.7803
-92356.7822
-92357.5198
-92362.5713
-92365.6559
-92369.1651
-92367.7569
-92360.9844
-92363.1972
-92367.2429
-92369.2322
-92362.9737
-92363.6889
-92361.2302
-92366.1700
-92360.2468
-92369.6568
-92368.0028
-92372.1155
-92375.0883
-92378.7317
-92372.4508
-92371.4897
-92379.5140
-92383.0008
-92388.7229
-92372.8978
-92391.9415
-92383.8055
-92379.8492
-92376.3624
-92388.1417
-92365.4324
-92379.1340
-92385.5713
-92387.2924
-92380.5421
-92368.5169
-92377.6588
-92375.8259
-92387.2700
-92381.5033
-92373.0990
-92384.8113
-92381.3915
-92377.9270
-92370.6627
-92383.8726
-92375.3565
-92378.2846
-92373.4343
-92369.1651
-92368.3604
-92367.6005
-92371.9367
-92378.7764
-92372.9426
-92368.0699
-92377.0329
-92374.7754
-92381.5256
-92376.4518
-92368.8745
-92365.4771
-92374.5519
-92367.7122
-92369.5898
-92367.1982
-92364.1360
-92357.2293
-92366.7958
-92358.2575
-92359.6656
-92350.5238
-92351.6190
-92358.6821
-92360.5150
-92351.0378
-92350.8590
-92361.8784
-92359.9115
-92360.6267
-92356.2458
-92359.3974
-92361.2973
-92359.7103
-92356.2011
-92363.3089
-92359.4421
-92372.5849
-92366.8852
-92364.9183
-92357.7881
-92355.8211
-92362.0125
-92362.3031
-92361.8114
-92362.1690
-92360.0009
-92361.9678
-92359.8891
-92338.0962
-92307.6308
-92378.3070
-92375.4459
-92364.2477
-92364.5606
-92352.8260
-92354.3906
-92358.5704
-92358.9057
-92353.7648
-92348.6015
-92351.7531
-92351.7531
-92348.0874
-92347.5510
-92345.4052
-92349.0932
-92344.0864
-92347.2380
-92332.0389
-92350.9484
-92349.2274
-92341.8289
-92349.6297
-92347.9309
-92346.1652
-92351.6413
-92353.7201
-92354.0777
-92344.8464
-92335.0787
-92336.0845
-92329.3119
-92332.9776
-92328.9096
-92334.1846
-92323.9252
-92336.4869
-92331.2565
-92334.8552
-92335.8610
-92340.4655
-92337.6491
-92338.8561
-92332.7541
-92331.3907
-92333.2012
-92333.8046
-92340.1525
-92343.9076
-92339.4149
-92336.8445
-92343.4159
-92344.0864
-92354.6812
-92348.9368
-92350.3449
-92346.9922
-92348.9591
-92350.1214
-92354.5247
-92354.2565
-92354.6141
-92350.5461
-92355.1282
-92356.9164
-92356.6481
-92346.8804
-92352.5801
-92356.8493
-92360.3138
-92360.9620
-92357.8104
-92352.3119
-92357.5646
-92359.6880
-92363.9348
-92358.2351
-92353.5412
-92357.5646
-92362.3702
-92359.3750
-92355.3964
-92363.4207
-92357.7210
-92364.0689
-92364.1583
-92369.2322
-92360.0009
-92368.5169
-92366.4382
-92369.8804
-92369.5451
-92376.9212
-92373.2331
-92375.6471
-92376.6753
-92381.4362
-92382.2856
-92381.6150
-92373.1214
-92369.7463
-92373.3002
-92371.2885
-92380.0951
-92382.0174
-92383.8055
-92378.1952
-92382.1515
-92385.7725
-92384.4761
-92380.8774
-92381.8385
-92376.3177
-92380.2069
-92377.1000
-92381.4809
-92383.4479
-92390.9134
-92387.9629
-92391.1369
-92397.7306
-92396.7919
-92396.9036
-92397.8647
-92398.4682
-92400.2117
-92403.1174
-92403.0504
-92407.9901
-92408.5712
-92410.1582
-92407.2078
-92408.5936
-92405.2408
-92406.5149
-92405.5090
-92411.1864
-92404.4362
-92409.8900
-92398.6471
-92404.4362
-92397.5071
-92401.3516
-92402.5810
-92401.7316
-92403.3633
-92403.8103
-92409.5547
-92404.7044
-92407.4089
-92404.7714
-92411.6558
-92406.2243
-92408.9065
-92407.7889
-92405.2855
-92404.7491
-92407.7442
-92403.4974
-92409.0406
-92405.6655
-92406.3361
-92400.9940
-92407.6548
-92407.0066
-92327.2109
-92302.7581
-92498.0900
-92475.9170
-92446.7033
-92418.7189
-92421.5129
-92418.6519
-92415.4109
-92404.7714
-92414.6286
-92418.1378
-92414.8968
-92416.1261
-92409.2865
-92410.9182
-92413.1980
-92414.9415
-92417.1767
-92419.2330
-92412.0805
-92417.8249
-92413.2427
-92418.4060
-92415.2991
-92426.1397
-92423.2116
-92428.4419
-92428.8890
-92433.6499
-92432.0629
-92430.3865
-92429.7607
-92432.9793
-92425.9832
-92427.8384
-92431.0571
-92430.6995
-92435.9968
-92434.1640
-92437.0921
-92430.6771
-92437.0921
-92432.6217
-92439.6178
-92433.7169
-92440.0425
-92427.7267
-92433.0687
-92437.8520
-92433.1134
-92433.4264
-92438.7014
-92431.4371
-92440.6683
-92442.5235
-92441.4059
-92435.7733
-92438.8131
-92443.7752
-92444.9822
-92432.4652
-92435.4380
-92437.7179
-92436.1980
-92440.5566
-92430.5653
-92435.1475
-92429.8724
-92436.7344
-92435.5721
-92443.6188
-92438.5002
-92437.4273
-92430.9900
-92436.9356
-92432.1970
-92431.1241
-92428.4866
-92433.2699
-92428.6655
-92432.2864
-92434.2534
-92431.6606
-92428.7102
-92426.1397
-92424.7092
-92429.5148
-92431.2583
-92423.7481
-92427.2126
-92427.8608
-92429.0678
-92426.8773
-92426.2515
-92426.6538
-92433.5605
-92432.9793
-92428.1067
-92432.7558
-92433.4040
-92436.9803
-92439.4390
-92432.0182
-92368.4946
-92417.0425
-92466.0823
-92451.8889
-92443.4176
-92439.6402
-92431.5041
-92428.6207
-92432.3535
-92438.0085
-92430.8112
-92435.1028
-92426.5420
-92424.8880
-92422.8093
-92425.3574
-92420.5294
-92417.1767
-92415.3438
-92422.8540
-92416.1932
-92420.7082
-92416.8414
-92422.0270
-92415.0756
-92418.5848
-92416.3049
-92418.1825
-92418.8754
-92421.7588
-92415.6344
-92422.5634
-92418.4284
-92419.5683
-92413.5557
-92410.0241
-92408.8618
-92410.8735
-92421.3788
-92414.7403
-92415.4109
-92409.1747
-92407.2525
-92401.8881
-92406.2019
-92400.0776
-92400.0105
-92395.2049
-92399.2059
-92391.4498
-92394.1320
-92393.3944
-92394.3779
-92390.3993
-92399.4741
-92398.4459
-92388.6111
-92395.6966
-92395.3614
-92393.4615
-92393.8414
-92399.3400
-92398.2224
-92403.4303
-92395.9872
-92400.5246
-92396.4789
-92403.6315
-92401.3963
-92410.0912
-92404.5926
-92404.3244
-92398.6247
-92402.0445
-92398.2671
-92400.6811
-92397.4848
-92400.4352
-92397.8647
-92396.2107
-92396.3225
-92390.1087
-92393.9308
-92387.0018
-92390.6228
-92388.7229
-92396.9707
-92394.6461
-92388.7676
-92388.0523
-92387.6500
-92391.6286
-92389.3040
-92388.7229
-92386.8453
-92381.0339
-92383.4702
-92381.1680
-92385.9289
-92379.6034
-92382.2409
-92383.3585
-92383.2020
-92374.6413
-92376.9659
-92375.7365
-92373.3672
-92375.3342
-92377.8376
-92388.9464
-92384.4537
-92378.7764
-92376.8988
-92374.5519
-92363.7560
-92367.8687
-92364.6501
-92362.1020
-92365.9241
-92370.9085
-92357.1846
-92356.0670
-92348.1545
-92353.6083
-92351.1496
-92358.6151
-92351.3508
-92346.5898
-92344.1982
-92349.7638
-92349.2274
-92352.6472
-92352.9824
-92354.5694
-92354.5918
-92349.3391
-92348.7803
-92352.9377
-92353.5859
-92350.2555
-92357.4081
-92352.5131
-92356.9387
-92351.2167
-92354.2788
-92351.5296
-92351.1943
-92349.4509
-92354.3235
-92351.1496
-92355.3517
-92356.4470
-92351.9543
-92345.0252
-92349.5850
-92342.9242
-92343.1253
-92344.3547
-92341.9630
-92340.6219
-92342.3654
-92341.8960
-92340.1078
-92340.0184
-92342.6783
-92349.3615
-92346.7016
-92347.8415
-92341.1137
-92348.0651
-92342.1642
-92338.9232
-92345.0252
-92342.4101
-92335.0116
-92337.6715
-92342.4101
-92338.4315
-92337.1351
-92343.7735
-92339.3926
-92347.8192
-92356.0893
-92348.3780
-92342.5218
-92337.2468
-92338.3644
-92332.9776
-92341.4489
-92340.1749
-92343.4382
-92327.1438
-92333.2906
-92333.0670
-92249.2033
-92082.9063
-92088.1590
-92136.2823
-92187.1996
-92221.3307
-92252.6231
-92277.2771
-92301.7969
-92309.4189
-92327.2779
-92329.8484
-92338.7444
-92343.3488
-92347.8415
-92345.2934
-92345.7405
-92346.7910
-92350.3673
-92634.3015
-92805.4935
-92655.3568
-92510.0258
-92436.0639
-92389.4605
-92370.3945
-92353.8542
-92356.6034
-92354.3235
-92358.5257
-92353.4965
-92354.5024
-92352.6025
-92353.9659
-92355.4635
-92353.2507
-92347.3945
-92353.0271
-92357.0281
-92352.5801
-92356.8716
-92360.3362
-92362.8843
-92358.0116
-92352.9377
-92353.7648
-92366.4158
-92359.4421
-92359.4421
-92357.9669
-92365.6335
-92363.1748
-92370.2827
-92362.7278
-92364.4042
-92363.8454
-92366.7958
-92364.7842
-92370.4392
-92374.4178
-92371.0203
-92369.5451
-92362.3702
-92361.2526
-92366.9076
-92366.8405
-92372.8755
-92368.8969
-92359.4197
-92365.7006
-92365.8123
-92368.3828
-92360.6714
-92369.3216
-92366.9523
-92370.4839
-92368.3828
-92369.7463
-92371.9814
-92377.9270
-92373.6355
-92374.1942
-92374.9319
-92381.5256
-92379.0669
-92386.5548
-92381.7715
-92383.4479
-92385.3925
-92391.7404
-92395.6296
-92389.9746
-92392.4109
-92392.0533
-92393.3497
-92394.1767
-92399.9882
-92396.2554
-92399.0270
-92399.2282
-92404.9502
-92399.0270
-92403.3409
-92399.6976
-92401.9328
-92395.3390
-92400.5023
-92397.9095
-92399.6752
-92392.3662
-92396.1213
-92399.8541
-92402.2233
-92400.4128
-92399.8764
-92397.3507
-92395.0708
-92398.0436
-92395.6966
-92396.7248
-92390.0640
-92392.6791
-92393.5732
-92395.6966
-92394.3108
-92395.8754
-92394.1767
-92400.0776
-92400.2564
-92399.0494
-92403.1845
-92410.1359
-92405.9784
-92405.6208
-92405.1291
-92401.1728
-92393.9755
-92394.3779
-92396.0990
-92396.3672
-92392.5003
-92394.4673
-92395.4061
-92390.4216
-92392.2992
-92392.7909
-92388.2982
-92388.5441
-92392.1427
-92394.8249
-92401.7763
-92402.8492
-92401.0163
-92404.8385
-92410.7170
-92405.2632
-92413.9580
-92406.9172
-92408.0348
-92411.3428
-92413.0863
-92411.3652
-92413.1310
-92412.8404
-92415.7014
-92417.6237
-92417.3331
-92418.0037
-92419.7248
-92428.9784
-92422.2729
-92422.0493
-92421.8035
-92423.3234
-92415.6791
-92421.5576
-92415.5226
-92416.6179
-92413.1086
-92421.0659
-92409.0853
-92412.8851
-92407.1407
-92414.1368
-92408.7724
-92413.7792
-92412.8181
-92413.8909
-92411.9910
-92409.1077
-92405.1961
-92408.8842
-92402.9162
-92402.8939
-92403.2962
-92404.6597
-92402.7821
-92403.1621
-92402.9609
-92406.4255
-92406.8054
-92404.4138
-92404.9950
-92403.9668
-92407.3642
-92398.6471
-92404.8385
-92401.6198
-92400.2564
-92397.9989
-92398.3341
-92396.3001
-92395.7413
-92397.6636
-92398.2447
-92396.7248
-92392.2545
-92399.5411
-92392.0086
-92389.6393
-92386.1524
-92391.4274
-92390.6228
-92397.5518
-92395.6966
-92395.7190
-92385.1913
-92394.3555
-92401.4410
-92394.8473
-92393.5956
-92392.5897
-92389.0358
-92389.3711
-92385.2137
-92390.1757
-92382.3303
-92378.1729
-92371.3332
-92368.6063
-92370.9309
-92381.4586
-92379.3352
-92374.3507
-92366.8182
-92357.0952
-92353.1836
-92355.8211
-92356.7822
-92348.0204
-92345.9863
-92344.7794
-92350.9931
-92345.8969
-92359.7550
-92353.4965
-92353.9436
-92346.3887
-92351.5519
-92354.7259
-92355.3517
-92356.4917
-92363.9572
-92353.5636
-92355.1953
-92362.5713
-92358.1457
-92357.9669
-92354.9717
-92359.5986
-92363.7336
-92363.8454
-92367.0193
-92367.8240
-92366.8182
-92361.8561
-92366.4829
-92359.2856
-92363.3984
-92360.7161
-92355.9105
-92360.1574
-92355.9552
-92362.1914
-92358.3245
-92360.5820
-92362.1467
-92368.0922
-92365.9688
-92358.4810
-92357.4528
-92367.1758
-92362.2584
-92363.4207
-92366.1923
-92358.4139
-92368.3604
-92370.4392
-92377.9493
-92374.1048
-92379.5140
-92375.3118
-92384.2302
-92388.7229
-92385.8842
-92384.1408
-92385.5489
-92387.6500
-92387.3818
-92394.1097
-92400.4352
-92395.5178
-92400.4352
-92397.7977
-92406.4702
-92407.5207
-92405.6208
-92412.0358
-92408.9512
-92406.8278
-92403.0504
-92405.3526
-92404.1456
-92399.9658
-92396.8142
-92399.6082
-92406.0008
-92408.0571
-92400.9940
-92404.5703
-92400.5023
-92408.1689
-92403.9668
-92406.8725
-92409.5771
-92414.2709
-92404.7267
-92400.9940
-92403.0504
-92405.2632
-92403.8550
-92409.5100
-92403.8103
-92405.6879
-92404.9502
-92406.9172
-92406.1572
-92408.1242
-92412.0581
-92406.6490
-92407.4089
-92399.5411
-92402.4245
-92400.0552
-92403.7433
-92400.5693
-92401.1952
-92399.4294
-92400.6587
-92397.5071
-92400.7034
-92402.7151
-92404.0115
-92402.8268
-92403.6315
-92402.6927
-92401.9998
-92402.9386
-92406.5819
-92412.3487
-92414.0698
-92423.3457
-92421.6694
-92427.9502
-92426.2962
-92429.4254
-92426.9220
-92428.3972
-92422.8316
-92425.0221
-92429.8948
-92433.6722
-92428.8443
-92434.4322
-92432.8676
-92435.0580
-92435.5498
-92439.9531
-92430.6324
-92430.6548
-92438.7014
-92436.6674
-92436.1980
-92433.4934
-92436.8685
-92442.5459
-92437.5391
-92431.1465
-92429.0007
-92433.7393
-92439.9084
-92433.8064
-92439.2602
-92433.0017
-92439.1037
-92433.4711
-92435.4604
-92429.8948
-92436.4662
-92429.4701
-92427.6596
-92424.5304
-92429.2913
-92430.0066
-92436.3768
-92425.4468
-92422.5187
-92421.8705
-92424.9774
-92428.6878
-92434.2087
-92435.8404
-92431.5041
-92428.3078
-92420.4847
-92418.3613
-92421.8929
-92425.4468
-92419.6577
-92421.2670
-92417.6907
-92422.7869
-92420.1718
-92421.6023
-92412.9745
-92420.1047
-92419.1436
-92426.8997
-92420.9317
-92416.1932
-92420.8200
-92411.9463
-92417.4672
-92417.8472
-92418.2495
-92421.0212
-92425.4692
-92425.3797
-92427.5926
-92423.8151
-92428.8219
-92428.1737
-92429.9619
-92429.8948
-92427.9055
-92428.0620
-92427.9949
-92427.3914
-92436.3992
-92433.8958
-92431.0124
-92431.4594
-92433.7840
-92425.0668
-92427.2126
-92428.8890
-92435.7063
-92430.2748
-92427.5702
-92431.7500
-92428.4866
-92432.5100
-92437.8967
-92435.3710
-92438.1426
-92442.0765
-92439.5955
-92441.9871
-92438.2096
-92441.0707
-92434.9239
-92436.5556
-92433.1134
-92435.0580
-92429.5148
-92430.4759
-92432.2194
-92431.6606
-92431.2583
-92435.6392
-92436.8909
-92439.3943
-92439.8637
-92443.5517
-92442.6353
-92443.1717
-92443.0153
-92449.2961
-92445.1610
-92441.3389
-92442.7470
-92440.8695
-92441.3389
-92441.7189
-92445.1834
-92441.0707
-92445.3622
-92446.6139
-92447.1503
-92445.6528
-92451.4195
-92452.8277
-92456.6722
-92454.3029
-92457.5663
-92457.5663
-92460.4496
-92462.0590
-92466.7975
-92466.1046
-92468.1386
-92469.7480
-92466.6187
-92470.4632
-92475.7829
-92477.0123
-92484.5448
-92484.6566
-92477.4593
-92482.1755
-92484.8130
-92492.3903
-92494.7819
-92493.9325
-92489.7081
-92494.3572
-92492.7032
-92491.6080
-92498.6264
-92494.5137
-92495.0054
-92493.3067
-92497.4194
-92503.5661
-92503.5438
-92505.9131
-92501.6662
-92505.0414
-92503.6779
-92501.6662
-92504.9073
-92506.4942
-92511.1210
-92509.3105
-92512.5963
-92512.7527
-92517.0890
-92513.1327
-92516.4184
-92509.7799
-92508.0812
-92503.2532
-92504.2143
-92501.3310
-92514.5409
-92515.6137
-92515.2114
-92514.1832
-92509.4670
-92508.3941
-92511.9033
-92514.9879
-92506.4942
-92513.8927
-92514.3397
-92512.3727
-92511.6128
-92518.0501
-92512.4621
-92513.4009
-92512.3951
-92512.1492
-92504.7284
-92518.0501
-92513.8032
-92516.0608
-92509.2882
-92515.0102
-92518.4301
-92520.5088
-92524.0627
-92528.5330
-92529.4718
-92529.9859
-92528.1084
-92528.2872
-92532.8022
-92533.5622
-92535.1939
-92535.9091
-92543.7993
-92536.5126
-92539.0160
-92542.1676
-92540.7147
-92537.0044
-92542.4582
-92533.1375
-92536.5350
-92535.0821
-92535.3950
-92531.5952
-92537.9655
-92535.7080
-92535.6185
-92535.3056
-92541.3406
-92537.8984
-92542.9052
-92544.1122
-92550.4601
-92549.3872
-92547.8897
-92550.6836
-92541.0277
-92540.3348
-92535.6409
-92542.1006
-92540.2901
-92538.8148
-92531.0364
-92535.0598
-92535.3727
-92534.9480
-92539.9324
-92541.8100
-92542.7264
-92548.4484
-92547.6661
-92548.3590
-92541.3853
-92544.8945
-92538.3902
-92535.3950
-92530.9694
-92533.2269
-92527.8401
-92531.6846
-92533.2269
-92529.2930
-92531.5282
-92531.6846
-92529.7624
-92525.2920
-92524.2862
-92525.7167
-92532.1987
-92530.5224
-92535.3056
-92537.8090
-92530.7906
-92533.4728
-92548.7390
-92546.7944
-92549.7672
-92547.3979
-92543.5311
-92540.6477
-92547.0179
-92548.9402
-92558.6185
-92554.4164
-92548.0238
-92543.4640
-92545.5651
-92553.0976
-92553.2317
-92550.7507
-92548.8955
-92550.3260
-92549.2755
-92552.5165
-92546.9956
-92547.7332
-92540.8265
-92546.9732
-92543.2405
-92546.0121
-92545.1180
-92544.9392
-92539.2172
-92540.4018
-92531.3941
-92531.2600
-92536.6020
-92546.1686
-92549.8790
-92551.3318
-16873.4884
-33742.7969
-33744.3615
-33755.1351
-33753.4587
-33752.9670
-33751.8717
-33775.6540
-33767.4509
-33769.3284
-33764.1652
-33769.0155
-33763.8970
-33767.9426
-33776.7492
-33780.9067
-33773.5976
-33769.8649
-33776.9504
-33773.2177
-33778.1574
-33773.8882
-33778.4480
-33770.4013
-33776.9504
-33775.8552
-33777.3304
-33769.4179
-33780.0796
-33777.1739
-33774.1788
-33779.8338
-33792.1496
-33776.7939
-33782.6501
-33784.4159
-33793.1778
-33789.4003
-33792.9766
-33794.9435
-33785.1311
-33788.8192
-33797.6928
-33789.3109
-33786.3828
-33786.8746
-33791.3449
-33801.4926
-33792.3507
-33792.8201
-33787.4334
-33797.9163
-33799.3468
-33790.4955
-33794.2506
-33800.1515
-33793.6248
-33795.7706
-33798.0504
-33807.9746
-33805.1583
-33800.6432
-33801.6267
-33803.2807
-33797.4469
-33804.5995
-33809.5839
-33807.6840
-33810.6121
-33811.6627
-33819.1952
-33820.6481
-33822.5703
-33821.7880
-33831.7122
-33831.2204
-33829.4770
-33841.1670
-33840.3399
-33837.2554
-33841.1446
-33833.2544
-33833.9920
-33850.3535
-33849.1689
-33840.9434
-33841.2340
-33846.7102
-33842.3292
-33846.6878
-33846.7996
-33846.9561
-33847.8278
-33858.2437
-33855.5838
-33857.0590
-33849.8394
-33856.9920
-33859.9201
-33858.5790
-33852.6781
-33860.2777
-33857.2826
-33856.7238
-33851.6276
-33860.9706
-33855.4274
-33859.2272
-33860.0989
-33857.1485
-33857.2379
-33854.2427
-33852.0299
-33862.9823
-33867.3632
-33869.0396
-33859.9871
-33854.2427
-33874.2252
-33872.1018
-33877.9132
-33868.7937
-33868.8161
-33869.7548
-33871.0959
-33867.4303
-33866.3350
-33868.2349
-33874.0017
-33875.2534
-33869.3302
-33861.5741
-33863.7869
-33860.9706
-33860.8588
-33871.4983
-33870.0454
-33867.3185
-33866.2009
-33867.1844
-33868.2796
-33867.5644
-33864.4575
-33862.5352
-33864.7033
-33878.9414
-33870.4701
-33875.5439
-33866.7150
-33863.4740
-33868.3020
-33868.5255
-33860.4342
-33874.2699
-33861.5741
-33862.5799
-33862.0882
-33873.0852
-33860.4118
-33860.7024
-33860.3895
-33859.0260
-33858.3331
-33856.7461
-33848.7218
-33843.8045
-33844.5868
-33836.2049
-33838.9765
-33833.0086
-33833.8579
-33831.0863
-33826.8842
-33825.8337
-33834.5285
-33828.4488
-33828.1582
-33830.5499
-33820.8269
-33822.3915
-33824.0232
-33816.5353
-33819.5528
-33815.9542
-33811.1486
-33809.4945
-33804.3089
-33800.3750
-33806.9688
-33799.8833
-33798.5422
-33799.2798
-33805.9853
-33796.4635
-33787.4781
-33787.9922
-33782.1136
-33781.5101
-33788.9756
-33786.4499
-33772.9718
-33770.9378
-33770.5354
-33774.0447
-33768.2779
-33774.3799
-33765.8863
-33768.2556
-33770.8484
-33768.7697
-33769.7084
-33770.2896
-33763.5840
-33765.3051
-33766.1992
-33765.6851
-33768.6579
-33772.0107
-33780.7278
-33781.9795
-33773.2847
-33777.5762
-33782.4266
-33779.2079
-33791.5908
-33784.5500
-33793.6695
-33792.5966
-33802.3196
-33796.0388
-33805.1359
-33801.4926
-33800.6879
-33794.0271
-33798.0504
-33801.7385
-33798.0728
-33796.5976
-33792.0602
-33796.4635
-33796.1505
-33798.4751
-33797.7152
-33801.1797
-33804.1078
-33818.7258
-33814.5460
-33804.2419
-33812.0203
-33815.0825
-33821.4974
-33824.4031
-33817.0494
-33828.2029
-33834.2156
-33833.0309
-33826.0572
-33830.6840
-33831.8463
-33838.4624
-33841.3011
-33845.1009
-33842.9327
-33838.8424
-33848.6324
-33849.8618
-33861.3282
-33846.5761
-33838.3283
-33844.3409
-33853.3263
-33847.3360
-33853.4604
-33862.8928
-33866.2009
-33857.4614
-33862.9599
-33860.5459
-33864.5469
-33863.3622
-33876.1921
-33870.2913
-33880.6848
-33872.2806
-33878.5614
-33871.0289
-33879.9249
-33882.2271
-33887.2786
-33891.6819
-33894.7664
-33905.0706
-33907.2611
-33906.9481
-33917.3193
-33932.7868
-33931.2221
-33920.5827
-33926.3047
-33935.2231
-33931.8927
-33934.3290
-33938.1959
-33947.5836
-33947.4942
-33944.4544
-33949.5059
-33952.8810
-33956.1443
-33960.5923
-33965.5544
-33958.3572
-33962.6710
-33958.0889
-33964.6603
-33974.2269
-33975.4115
-33980.7983
-33982.3406
-33972.9305
-33981.4018
-33980.8207
-33992.0412
-33988.7332
-33996.7574
-33997.5845
-34000.6914
-33992.3989
-33997.4280
-33997.5398
-34001.6748
-34006.5475
-34007.2628
-34007.5757
-34006.9722
-33997.2939
-34001.2278
-34011.7331
-34014.3706
-34024.8089
-34017.5893
-34017.7457
-34021.5455
-34026.3065
-34021.0761
-34020.3162
-34013.7001
-34025.3453
-34021.0091
-34022.7302
-34026.4629
-34024.5407
-34019.6680
-34028.8769
-34030.0168
-34033.5931
-34033.2131
-34034.5766
-34028.2734
-34040.9692
-34041.3492
-34053.6873
-34055.5202
-34065.6232
-34061.6893
-34077.6931
-34072.3958
-34075.2121
-34072.2169
-34071.3229
-34080.8447
-34080.5765
-34083.2811
-34090.6348
-34096.3792
-34090.4113
-34099.5978
-34101.3413
-34107.6445
-34100.8272
-34102.4365
-34105.5881
-34113.0089
-34109.0973
-34108.9632
-34105.7446
-34110.6619
-34104.7387
-34102.4365
-34110.1255
-34110.7513
-34110.4831
-34112.7406
-34110.9525
-34109.9243
-34113.4783
-34109.7455
-34115.1770
-34116.6969
-34114.5064
-34111.2878
-34113.6347
-34113.5453
-34124.9671
-34124.5424
-34134.9136
-34128.8786
-34127.3810
-34123.9165
-34124.3859
-34129.8844
-34127.9175
-34130.1527
-34129.0127
-34129.6609
-34130.5997
-34131.3597
-34135.8076
-34135.5841
-34136.0759
-34134.4442
-34134.4218
-34137.1264
-34137.5064
-34138.8475
-34132.7231
-34129.0574
-34121.8825
-34126.3976
-34125.3917
-34132.9690
-34134.3548
-34135.4500
-34129.3480
-34129.7503
-34133.2148
-34135.2042
-34136.6347
-34144.7483
-34147.3188
-34147.2741
-34153.9349
-34144.8601
-34153.4879
-34165.4014
-34161.5345
-34159.5229
-34162.2274
-34155.7007
-34163.1438
-34154.7172
-34158.9864
-34160.9534
-34162.5403
-34160.7969
-34175.9961
-34168.8435
-34173.9174
-34165.1778
-34167.5471
-34164.5967
-34175.0797
-34170.5646
-34165.6472
-34159.3440
-34160.3499
-34160.6404
-34164.6861
-34166.9436
-34167.3460
-34164.3061
-34168.2177
-34166.0719
-34166.2507
-34168.0389
-34161.4227
-34155.7454
-34147.9446
-34160.4393
-34152.0350
-34159.0311
-34151.0068
-34157.0195
-34158.1817
-34160.4616
-34157.1089
-34159.5676
-34164.7308
-34157.5112
-34157.0195
-34166.7872
-34158.7852
-34165.3120
-34158.8746
-34164.0603
-34163.6579
-34161.2886
-34162.4509
-34163.5909
-34167.8824
-34171.3022
-34164.2614
-34157.3100
-34161.6016
-34155.7678
-34159.3664
-34159.3664
-34159.6123
-34153.3314
-34154.5831
-34153.8455
-34160.9981
-34165.3120
-34170.2517
-34160.3275
-34159.8581
-34161.4898
-34167.7036
-34173.7833
-34176.1749
-34164.8649
-34173.0010
-34157.0642
-34162.0933
-34163.3674
-34164.7979
-34166.8766
-34168.6647
-34167.5918
-34162.4062
-34176.8455
-34170.0952
-34175.1467
-34171.8834
-34174.2079
-34162.1827
-34165.3343
-34164.9320
-34165.0884
-34160.1711
-34163.2556
-34156.6842
-34150.4257
-34153.3761
-34155.9242
-34167.1671
-34157.0642
-34157.6900
-34154.6502
-34159.2993
-34154.7172
-34152.1468
-34148.1011
-34158.2935
-34146.6929
-34149.0622
-34145.6424
-34150.5598
-34147.9446
-34156.5948
-34154.1137
-34146.2459
-34136.9252
-34148.5258
-34149.7775
-34151.0962
-34146.2012
-34143.2508
-34136.5676
-34137.7746
-34137.0370
-34127.4481
-34135.1371
-34131.2032
-34145.2624
-34138.8922
-34136.0312
-34137.9758
-34133.6395
-34130.7338
-34136.1429
-34137.5958
-34135.4724
-34131.7396
-34148.1905
-34138.8922
-34146.2236
-34149.6881
-34157.6230
-34152.1468
-34160.1711
-34157.8912
-34153.7785
-34148.7046
-34151.8339
-34169.1117
-34155.6784
-34165.0884
-34151.6103
-34152.0574
-34155.4101
-34152.4373
-34159.5452
-34158.9194
-34154.7396
-34159.0758
-34149.7551
-34142.6696
-34144.1449
-34146.7824
-34137.7746
-34154.4490
-34155.3431
-34155.0301
-34150.2245
-34154.4043
-34157.2877
-34157.2430
-34154.7172
-34145.2177
-34144.8378
-34135.9418
-34136.0982
-34128.3645
-34148.9952
-34139.1381
-34142.3567
-34145.0836
-34147.9670
-34132.3878
-34145.4636
-34136.4335
-34163.7920
-34157.3994
-34153.6667
-34139.6969
-34143.7872
-34149.3081
-34147.2741
-34148.8834
-34141.7085
-34146.5141
-34131.9184
-34137.7970
-34128.3645
-34125.7717
-34136.7241
-34135.6065
-34136.8135
-34142.4014
-34135.8524
-34126.8670
-34132.0079
-34135.4277
-34132.8125
-34140.7027
-34130.6444
-34132.8349
-34134.4442
-34136.7688
-34138.3781
-34140.1215
-34135.7406
-34134.1760
-34130.0185
-34135.1147
-34130.1527
-34127.5152
-34126.6881
-34130.1303
-34132.4102
-34130.0633
-34127.7387
-34125.8164
-34124.9224
-34118.0827
-34119.1109
-34123.2460
-34120.4073
-34115.4452
-34111.6901
-34109.5667
-34112.4501
-34110.3490
-34130.4209
-34111.7795
-34122.8883
-34113.6347
-34112.2489
-34112.6512
-34116.0487
-34114.1712
-34110.3267
-34112.0030
-34115.9146
-34113.8582
-34105.4987
-34107.5997
-34102.7494
-34105.5210
-34103.6211
-34105.2752
-34095.9992
-34097.0721
-34092.1323
-34098.7261
-34089.9195
-34092.5570
-34084.7786
-34092.4453
-34085.8962
-34090.9253
-34076.7990
-34077.4249
-34078.5872
-34083.1022
-34080.3083
-34083.3705
-34079.0789
-34080.7106
-34077.2237
-34082.3870
-34078.7436
-34075.6144
-34074.1839
-34068.2383
-34068.5289
-34073.7369
-34080.3753
-34079.5707
-34080.5988
-34069.6018
-34077.3355
-34077.7602
-34087.5279
-34082.9458
-34086.8797
-34087.7514
-34090.1877
-34086.2315
-34086.7009
-34088.2655
-34089.8078
-34093.4958
-34089.6289
-34087.1032
-34085.0915
-34092.1100
-34085.0245
-34084.3316
-34086.1197
-34088.6902
-34085.4492
-34080.8447
-34083.7728
-34081.4035
-34083.2811
-34078.3413
-34078.4307
-34082.4987
-34076.5085
-34079.3248
-34078.2519
-34080.6212
-34078.2966
-34072.4181
-34073.6027
-34082.5211
-34077.9837
-34080.3977
-34077.4249
-34077.9837
-34076.5308
-34072.9322
-34074.0274
-34078.7436
-34083.9516
-34053.6873
-34005.4523
-34105.8340
-34101.0730
-34085.3821
-34078.2519
-34063.6339
-34057.5989
-34055.7661
-34068.4395
-34064.9973
-34062.8069
-34064.5056
-34058.8506
-34059.6776
-34055.2073
-34055.5202
-34056.9507
-34056.3248
-34057.1072
-34062.5833
-34068.4618
-34059.6553
-34059.9682
-34060.2364
-34057.7107
-34063.2092
-34054.9837
-34061.8234
-34056.9283
-34061.8904
-34055.2073
-34059.1859
-34061.3987
-34063.4551
-34057.2860
-34059.2529
-34052.4580
-34053.2850
-34044.9478
-34043.9420
-34037.7505
-34040.0975
-34039.7622
-34035.6495
-34039.8963
-34042.9138
-34045.6407
-34041.1033
-34040.4775
-34038.7564
-34049.1052
-34042.0868
-34046.2889
-34039.4493
-34041.9303
-34025.8594
-34027.5358
-34023.8254
-34032.6543
-34026.0382
-34032.0956
-34024.2948
-34033.2131
-34034.6213
-34035.2919
-34027.3570
-34028.9216
-34023.1102
-34016.8293
-34019.2880
-34021.4338
-34015.1976
-34022.3725
-34016.6281
-34019.2880
-34021.6796
-34017.2316
-34019.0421
-34016.5387
-34013.2307
-34010.6602
-34014.0130
-34010.3250
-34014.3036
-34015.7117
-34021.7467
-34013.8789
-34017.7234
-34019.5339
-34027.8264
-34030.5086
-34041.4162
-34028.5640
-34032.3414
-34038.7117
-34040.9915
-34040.0528
-34036.7671
-34042.6679
-34041.8409
-34049.8875
-34043.5396
-34043.4279
-34040.1198
-34046.8477
-34044.8137
-34050.6699
-34044.7466
-34048.3900
-34047.6971
-34048.4570
-34036.2977
-34021.0761
-34022.5961
-34038.7340
-34045.0372
-34044.2996
-34044.1655
-34051.9663
-34057.4201
-34086.4773
-34077.3802
-34068.9983
-34058.9624
-34050.4687
-34051.6980
-34048.1218
-34053.3521
-34055.7213
-34060.7058
-34057.1295
-34065.8690
-34067.6125
-34073.1334
-34065.6455
-34060.9964
-34060.0576
-34062.7174
-34059.7223
-34064.3491
-34064.0362
-34066.6066
-34065.1314
-34061.6222
-34065.7796
-34072.4181
-34074.1168
-34072.6640
-34067.1878
-34071.3676
-34075.1227
-34069.7582
-34076.6873
-34074.3180
-34081.4259
-34087.9302
-34094.8593
-34091.9088
-34100.2013
-34096.8709
-34101.4307
-34100.8272
-34097.9661
-34102.9059
-34107.5103
-34100.0896
-34103.1741
-34098.1450
-34111.5337
-34112.4501
-34114.6405
-34113.8806
-34118.0827
-34118.9768
-34115.9817
-34121.5919
-34120.5638
-34121.3014
-34111.9807
-34112.9865
-34118.3286
-34124.6541
-34115.5570
-34113.7465
-34120.7426
-34125.1235
-34124.2294
-34128.6998
-34128.1186
-34130.1303
-34128.6998
-34131.1361
-34127.5375
-34129.7056
-34127.6046
-34134.1089
-34137.6405
-34131.2702
-34127.7834
-34131.5161
-34128.8339
-34133.1478
-34140.6133
-34134.9359
-34132.3208
-34120.3179
-34136.8805
-34136.2100
-34132.1196
-34128.9233
-34137.2158
-34130.4432
-34138.6687
-34133.6619
-34135.9194
-34132.5666
-34136.0312
-34129.8397
-34130.2868
-34133.0584
-34125.9952
-34127.2022
-34137.1488
-34140.1215
-34136.3888
-34148.1235
-34148.9281
-34147.8329
-34151.2751
-34158.5394
-34153.0185
-34163.7250
-34154.3819
-34160.7522
-34169.7152
-34168.2847
-34159.7687
-34163.2556
-34168.4635
-34165.7366
-34159.7240
-34167.9718
-34164.0156
-34166.2507
-34165.0214
-34166.6084
-34162.6074
-34164.2167
-34165.2002
-34162.4509
-34162.5403
-34154.9407
-34161.7804
-34153.1973
-34165.9825
-34168.2400
-34167.5471
-34161.1992
-34166.6754
-34172.9339
-34177.3819
-34163.0097
-34167.3907
-34165.1331
-34162.6074
-34159.0982
-34168.8659
-34162.5850
-34162.4509
-34159.3217
-34155.9913
-34162.1827
-34164.9990
-34164.0379
-34166.2954
-34156.0583
-34153.8455
-34159.1429
-34160.5957
-34154.6949
-34148.6376
-34155.1419
-34152.1691
-34158.6288
-34153.8902
-34161.6016
-34155.1866
-34156.0360
-34154.8290
-34166.8989
-34160.5510
-34154.6055
-34151.2974
-34161.9368
-34160.2605
-34164.4849
-34165.1778
-34168.6424
-34167.5918
-34167.9942
-34171.7046
-34178.9465
-34183.0369
-34183.7074
-34190.3012
-34181.1370
-34185.7191
-34189.3624
-34193.5646
-34182.9251
-34189.0719
-34189.5636
-34188.4684
-34190.9941
-34190.1894
-34183.0592
-34190.8600
-34197.6549
-34196.4256
-34193.5199
-34197.5879
-34193.5422
-34197.3644
-34191.6200
-34193.5869
-34189.1389
-34197.1408
-34194.4810
-34187.2167
-34189.0495
-34193.1175
-34201.6335
-34194.2351
-34189.4295
-34190.2789
-34198.2808
-34198.9513
-34201.7229
-34195.1515
-34198.3925
-34196.7832
-34199.5995
-34194.2351
-34197.8114
-34195.1962
-34194.0339
-34195.6880
-34196.4256
-34202.1029
-34197.2973
-34189.2283
-34191.4635
-34193.2293
-34190.3906
-34190.9494
-34183.5733
-34186.5685
-34184.4450
-34187.1720
-34190.7706
-34191.8435
-34181.4499
-34194.6821
-34180.8688
-34192.4023
-34197.9231
-34198.9290
-34190.1000
-34192.9611
-34199.1748
-34203.0864
-34200.1807
-34204.4052
-34206.1262
-34206.2603
-34211.8706
-34207.8250
-34214.2399
-34210.9319
-34210.1272
-34204.7628
-34218.1068
-34217.8386
-34224.0970
-34218.2856
-34230.0203
-34232.9260
-34228.5897
-34212.9435
-34233.6636
-34239.9891
-34239.0727
-34227.7627
-34232.3672
-34228.3215
-34228.5674
-34232.5907
-34232.7248
-34231.2943
-34226.8240
-34228.9027
-34227.7627
-34231.0708
-34223.0018
-34223.5606
-34234.9153
-34232.1884
-34225.8405
-34221.5489
-34215.0893
-34210.7530
-34228.1651
-34227.5839
-34222.9124
-34232.0543
-34226.9357
-34223.0018
-34219.0902
-34225.3264
-34224.0076
-34223.7841
-34222.0183
-34226.3099
-34223.5159
-34225.0135
-34223.8288
-34219.6267
-34223.2700
-34215.8045
-34218.6879
-34224.6111
-34225.9522
-34222.3313
-34221.2360
-34219.9173
-34216.6986
-34213.4576
-34220.0514
-34214.1952
-34223.4712
-34209.8813
-34215.4693
-34214.6870
-34215.9610
-34215.1787
-34223.9406
-34220.7219
-34225.5276
-34225.8852
-34227.5169
-34228.0757
-34230.5120
-34235.0494
-34235.7870
-34243.1407
-34244.1242
-34243.3195
-34235.3176
-34235.1835
-34231.2943
-34239.6092
-34238.0892
-34241.1961
-34234.0883
-34236.6364
-34237.5528
-34232.8589
-34229.5732
-34233.5518
-34235.5411
-34238.9162
-34239.0057
-34237.2399
-34240.3468
-34237.1281
-34240.3691
-34239.4527
-34241.1961
-34229.9979
-34227.8745
-34229.6403
-34235.7199
-34231.0037
-34230.5343
-34229.6403
-34237.7763
-34229.1932
-34229.8861
-34225.2817
-34235.4517
-34235.1612
-34231.3837
-34221.7948
-34228.4333
-34230.6685
-34231.5402
-34231.5849
-34235.6976
-34229.0815
-34229.2156
-34221.8619
-34225.2593
-34226.7122
-34231.6743
-34235.4070
-34224.5664
-34227.6286
-34220.3867
-34223.3818
-34221.9736
-34217.0786
-34218.7997
-34219.5820
-34209.0767
-34204.9416
-34197.0738
-34206.5733
-34205.2545
-34206.9309
-34205.7686
-34209.5684
-34211.2224
-34217.4809
-34214.7987
-34219.8279
-34217.7268
-34216.1845
-34217.7715
-34225.7287
-34221.5489
-34219.7161
-34223.6947
-34212.8988
-34216.1622
-34208.4061
-34213.7929
-34211.3342
-34216.8774
-34213.9270
-34221.7054
-34214.9328
-34221.0349
-34221.0349
-34220.9454
-34215.4693
-34213.8152
-34210.5742
-34213.9270
-34209.0096
-34209.7025
-34206.8862
-34207.1097
-34209.2555
-34208.8979
-34202.9970
-34204.7181
-34205.0757
-34205.1651
-34205.1428
-34197.2079
-34204.6510
-34208.2049
-34210.3284
-34198.1243
-34194.5704
-34194.1904
-34200.5607
-34203.6452
-34203.3323
-34188.8483
-34190.3012
-34185.6073
-34193.6540
-34194.1681
-34193.5422
-34189.8318
-34188.1107
-34187.6637
-34179.8182
-34187.7531
-34189.5189
-34193.4081
-34182.8357
-34174.6550
-34176.9796
-34179.7288
-34176.6219
-34180.6676
-34167.4801
-34165.3790
-34159.7687
-34162.2498
-34156.3266
-34168.8212
-34165.9825
-34165.7813
-34167.5695
-34168.1059
-34167.4354
-34172.8221
-34175.0797
-34177.6725
-34177.8513
-34179.1700
-34176.4878
-34172.3080
-34178.8795
-34171.3246
-34175.2585
-34174.6773
-34179.9970
-34175.8396
-34178.4324
-34173.4927
-34181.8746
-34187.6190
-34191.8211
-34183.5510
-34176.9796
-34167.2342
-34166.2060
-34165.7590
-34167.1671
-34166.0719
-34168.2400
-34164.8649
-34163.8591
-34166.7201
-34165.1331
-34169.0894
-34171.9504
-34171.6598
-34161.9145
-34165.2896
-34160.4616
-34160.1711
-34162.1380
-34160.6851
-34156.6842
-34156.9748
-34150.1798
-34155.8572
-34158.8746
-34162.4062
-34152.9961
-34157.8688
-34156.6171
-34157.8688
-34154.5161
-34156.6171
-34151.9680
-34154.1584
-34156.5501
-34152.0127
-34151.1856
-34145.4189
-34139.7863
-34140.1662
-34137.7746
-34143.8319
-34148.6599
-34147.0506
-34149.1293
-34145.5977
-34150.8727
-34147.4082
-34146.0895
-34137.8417
-34146.6035
-34146.3577
-34146.8271
-34141.1944
-34144.8825
-34145.9106
-34144.2790
-34151.8115
-34150.5151
-34144.3907
-34150.3139
-34150.7386
-34147.0282
-34157.5335
-34155.5442
-34160.2158
-34158.3829
-34157.2877
-34153.4655
-34159.1876
-34152.5044
-34154.0243
-34148.7717
-34152.1915
-34145.0389
-34150.6269
-34146.4471
-34141.6191
-34139.8533
-34142.3567
-34139.5851
-34142.0438
-34139.8980
-34143.0049
-34140.3004
-34142.2450
-34138.3557
-34131.3597
-34133.1254
-34134.0195
-34127.8504
-34130.6667
-34132.2761
-34131.6726
-34130.1080
-34130.2868
-34141.8650
-34140.6580
-34143.4296
-34138.7134
-34142.2673
-34135.3383
-34141.6638
-34130.6444
-34131.4267
-34130.9797
-34138.4005
-34134.3548
-34127.2022
-34130.3985
-34132.9466
-34130.5550
-34134.2207
-34132.6337
-34126.4870
-34125.4811
-34130.2421
-34132.0302
-34127.6046
-34130.0185
-34122.8213
-34122.5754
-34114.3500
-34123.0448
-34112.5842
-34115.1546
-34111.5560
-34115.5570
-34116.6969
-34119.0438
-34112.5842
-34118.2168
-34112.0477
-34118.6639
-34118.1274
-34124.2294
-34126.2858
-34122.5531
-34128.6551
-34128.0516
-34129.4821
-34130.5773
-34128.6774
-34127.9845
-34124.6988
-34119.8262
-34122.3966
-34119.3121
-34124.9894
-34122.4637
-34125.2576
-34125.5258
-34124.4753
-34112.1595
-34115.0205
-34121.9496
-34126.7775
-34130.3538
-34130.7115
-34127.6269
-34126.7999
-34131.1361
-34127.2022
-34131.4714
-34124.4306
-34126.9787
-34125.5482
-34132.2761
-34129.1692
-34125.8835
-34127.4034
-34130.7562
-34128.4539
-34127.2022
-34118.2168
-34120.1838
-34115.5346
-34127.4034
-34123.7824
-34129.6609
-34122.9777
-34127.5822
-34126.3305
-34132.8796
-34128.0963
-34128.8339
-34126.7105
-34121.3461
-34120.2285
-34123.4024
-34121.0108
-34112.2489
-34110.4608
-34106.5492
-34116.9875
-34109.8796
-34111.4219
-34111.9136
-34116.6299
-34112.6065
-34114.9535
-34110.9302
-34104.9175
-34102.1012
-34114.6405
-34113.0312
-34113.8582
-34104.0682
-34106.8174
-34104.0458
-34105.9681
-34109.0750
-34113.1430
-34112.7406
-34107.8456
-34110.9525
-34104.0235
-34107.6445
-34106.7727
-34116.6075
-34116.1381
-34113.3665
-34101.8777
-34101.5424
-34101.0060
-34103.3306
-34100.5589
-34102.9729
-34102.4812
-34101.2966
-34092.0206
-34093.9875
-34090.7242
-34089.4501
-34090.5230
-34091.4171
-34082.4764
-34084.7116
-34084.8680
-34088.2208
-34091.7300
-34086.2985
-34087.6843
-34089.8525
-34097.4744
-34092.0429
-34089.5842
-34084.8233
-34088.2208
-34084.4433
-34089.5619
-34084.0857
-34086.5668
-34087.3044
-34090.9477
-34082.3199
-34086.3656
-34085.3151
-34089.4501
-34082.4317
-34079.5483
-34077.4696
-34079.5036
-34077.7825
-34072.4628
-34081.9176
-34074.9886
-34076.4861
-34076.6649
-34075.6368
-34072.1052
-34072.7087
-34069.0206
-34078.8331
-34075.9050
-34071.2558
-34069.9371
-34074.9662
-34068.5736
-34074.2062
-34075.4356
-34083.0799
-34075.1450
-34081.4706
-34084.9798
-34090.7689
-34083.4375
-34087.6173
-34094.9710
-34089.8748
-34084.4210
-34090.8583
-34100.9166
-34097.8097
-34093.0264
-34088.3325
-34100.0896
-34094.4346
-34097.8544
-34091.2606
-34107.0857
-34106.2139
-34105.0069
-34098.5026
-34104.5823
-34098.4802
-34108.7397
-34107.6221
-34108.1585
-34105.7669
-34103.1518
-34103.7776
-34109.4326
-34105.8340
-34101.4307
-34112.4277
-34111.6007
-34105.4093
-34108.9185
-34115.8252
-34112.2936
-34111.4890
-34114.3723
-34111.7795
-34104.5599
-34107.1974
-34103.3082
-34110.0808
-34106.2363
-34112.0701
-34110.3267
-34115.0652
-34104.6717
-34105.7893
-34108.8738
-34114.9535
-34113.2547
-34120.5414
-34112.9195
-34111.4666
-34115.2440
-34119.4238
-34114.3053
-34114.8641
-34119.5356
-34119.4015
-34120.0497
-34116.1605
-34123.4918
-34120.1391
-34121.5696
-34116.1158
-34115.7134
-34119.2450
-34128.3869
-34129.9962
-34139.2051
-34140.8144
-34147.7882
-34137.7970
-34144.3237
-34146.3577
-34159.8134
-34161.1098
-34166.3178
-34171.0787
-34171.3916
-34175.5938
-34174.6103
-34178.3207
-34176.8902
-34174.8338
-34169.9611
-34179.6618
-34175.6832
-34181.2711
-34173.2021
-34183.5510
-34180.8688
-34183.2828
-34182.7240
-34184.5792
-34179.8182
-34183.5733
-34180.7123
-34181.8299
-34182.7463
-34187.4849
-34188.5801
-34186.0767
-34184.9144
-34188.6248
-34184.0651
-34186.8590
-34193.0505
-34188.8260
-34190.5694
-34189.1613
-34193.9892
-34189.0048
-34191.9552
-34186.6132
-34195.4868
-34192.0446
-34194.4139
-34191.6647
-34197.2079
-34191.3964
-34195.7550
-34194.5480
-34200.9183
-34201.6112
-34210.7530
-34204.6063
-34201.8347
-34199.0631
-34200.2701
-34199.4654
-34203.9358
-34213.3011
-34209.4790
-34214.3293
-34208.8979
-34208.4955
-34206.9309
-34209.1884
-34208.0485
-34217.3468
-34209.7696
-34217.8386
-34215.3352
-34220.0290
-34221.9289
-34229.3050
-34224.9911
-34226.7345
-34221.7725
-34227.5169
-34233.6189
-34230.5567
-34230.9590
-34234.2447
-34231.4284
-34237.8434
-34233.3283
-34237.6645
-34238.3798
-34235.7870
-34240.5926
-34237.5304
-34251.2991
-34243.8113
-34241.9561
-34233.7753
-34244.3924
-34239.0727
-34238.4245
-34230.8249
-34233.9542
-34229.4615
-34231.4061
-34222.5324
-34233.1271
-34232.5684
-34239.3186
-34240.3244
-34237.2846
-34243.0066
-34241.9337
-34243.7219
-34238.8939
-34251.3885
-34247.6334
-34245.9347
-34243.4089
-34250.4274
-34243.4537
-34237.3516
-34240.7938
-34249.0192
-34246.4041
-34238.5586
-34234.8929
-34247.0076
-34241.4420
-34237.5528
-34232.7248
-34238.3798
-34243.5207
-34244.9959
-34242.4925
-34235.6976
-34236.9269
-34238.9386
-34235.0717
-34230.8920
-34234.6247
-34225.8852
-34226.8016
-34227.5616
-34235.9658
-34228.2321
-34237.7316
-34238.3575
-34241.8890
-34245.0630
-34248.3040
-34248.8181
-34249.3545
-34246.0912
-34253.9590
-34253.0649
-34257.3788
-34254.7636
-34258.2505
-34255.2330
-34249.9133
-34251.4556
-34255.9930
-34265.0231
-34261.7821
-34263.3244
-34265.1795
-34263.9055
-34256.8200
-34260.3516
-34254.4731
-34260.0610
-34254.0260
-34251.5003
-34250.6509
-34251.8356
-34244.6159
-34256.9318
-34251.6344
-34255.9930
-34250.4497
-34245.6441
-34252.0144
-34253.3108
-34253.4225
-34258.0717
-34254.2495
-34259.6140
-34252.9978
-34250.6509
-34248.9298
-34254.2942
-34262.6314
-34253.8472
-34251.3662
-34248.7734
-34246.7170
-34245.8900
-34254.9201
-34244.7277
-34246.9182
-34244.3254
-34247.6111
-34242.0231
-34247.9240
-34251.9473
-34258.0046
-34251.8132
-34250.1145
-34250.6733
-34250.4721
-34253.9813
-34251.4109
-34251.9026
-34244.6606
-34246.6052
-34245.4877
-34242.6713
-34242.0455
-34248.5498
-34246.3594
-34244.9959
-34249.8239
-34250.6509
-34246.3594
-34246.0465
-34242.5372
-34251.7238
-34254.0037
-34259.0775
-34250.9415
-34252.8637
-34250.0921
-34261.3574
-34265.2913
-34260.1951
-34260.8657
-34263.5479
-34262.1174
-34262.6985
-34263.9949
-34263.3914
-34265.3137
-34260.6198
-34263.9055
-34253.3555
-34261.8715
-34251.6344
-34267.1912
-34260.4857
-34269.4711
-34262.4973
-34263.1902
-34266.5877
-34267.9065
-34262.7879
-34264.9337
-34266.7665
-34266.5877
-34259.9045
-34262.4750
-34263.9949
-34262.4973
-34257.7588
-34256.2612
-34253.2661
-34254.6742
-34260.3516
-34261.2903
-34264.2631
-34260.5751
-34260.8880
-34261.6256
-34255.2107
-34247.4323
-34260.9327
-34251.1874
-34255.1436
-34251.7461
-34252.7073
-34247.9464
-34248.3263
-34247.2311
-34246.9852
-34250.2486
-34252.0591
-34252.1261
-34247.5664
-34250.7850
-34246.6947
-34246.0688
-34244.9736
-34253.8025
-34252.8637
-34255.6577
-34249.8239
-34252.9978
-34259.5246
-34264.4866
-34258.6305
-34268.2194
-34257.4011
-34263.9502
-34259.3904
-34269.2476
-34268.1523
-34270.1193
-34263.5926
-34269.0911
-34266.5207
-34269.1582
-34277.6295
-34280.3787
-34277.4954
-34268.9123
-34280.6246
-34274.6343
-34280.7140
-34275.0367
-34271.6392
-34265.6489
-34271.2592
-34270.4993
-34272.4886
-34265.5372
-34268.9346
-34264.8443
-34264.4419
-34263.4808
-34263.5702
-34259.0775
-34263.7043
-34260.6645
-34260.0386
-34262.9667
-34265.6936
-34264.7549
-34267.2583
-34268.2864
-34266.4983
-34269.5381
-34266.2971
-34270.4546
-34262.1397
-34274.1873
-34264.9560
-34261.2456
-34264.6208
-34267.0124
-34267.9065
-34262.8773
-34260.1504
-34262.9444
-34258.0717
-34255.9259
-34247.8346
-34258.6528
-34259.6810
-34262.2515
-34251.2097
-34257.2000
-34251.2544
-34259.2340
-34257.9376
-34262.1844
-34261.3797
-34254.7189
-34260.8433
-34260.0833
-34263.8384
-34265.1348
-34270.8569
-34261.3574
-34267.7053
-34262.3409
-34257.6470
-34258.0270
-34258.6975
-34264.7772
-34270.4322
-34266.6101
-34264.9113
-34269.0688
-34276.1543
-34273.5391
-34279.2611
-34272.3321
-34267.8394
-34274.6790
-34261.8938
-34258.6752
-34250.4721
-34245.8676
-34245.0630
-34253.0873
-34250.4721
-34246.9182
-34243.9007
-34251.6791
-34246.0465
-34247.3876
-34242.7160
-34252.8637
-34243.5207
-34251.7461
-34254.7189
-34254.7189
-34245.2641
-34244.3030
-34243.4760
-34248.5722
-34247.6111
-34243.0290
-34240.2350
-34240.5479
-34244.5265
-34247.2087
-34250.7403
-34252.1932
-34257.3117
-34250.0474
-34248.2146
-34243.2525
-34250.2709
-34246.4711
-34246.5605
-34245.6441
-34250.8297
-34244.2360
-34244.7053
-34246.6723
-34248.7510
-34249.8239
-34247.9464
-34249.0639
-34251.4556
-34247.2087
-34247.4323
-34245.1747
-34246.1806
-34245.7559
-34251.8356
-34246.5829
-34250.4945
-34248.2369
-34247.5664
-34259.7928
-34255.1660
-34259.7257
-34255.5906
-34257.9152
-34262.1174
-34265.8948
-34261.7374
-34260.6198
-34260.9551
-34266.5877
-34263.1679
-34272.1086
-34266.9453
-34263.8831
-34261.1339
-34266.2301
-34266.1407
-34264.1961
-34267.0124
-34264.0173
-34263.4361
-34263.2349
-34261.2903
-34264.3302
-34270.9686
-34258.4293
-34260.0386
-34261.2233
-34268.8676
-34256.5965
-34258.6752
-34256.6859
-34260.8210
-34243.6548
-34261.8044
-34260.9551
-34253.9813
-34250.8744
-34255.9930
-34260.3292
-34260.4410
-34265.3137
-34255.0989
-34259.3904
-34258.6752
-34263.4138
-34267.0794
-34266.4536
-34268.9123
-34269.4934
-34263.7490
-34273.0027
-34267.2136
-34258.7869
-34258.6528
-34267.0347
-34259.9716
-34266.9453
-34255.6130
-34265.4031
-34262.1844
-34269.4711
-34267.9065
-34273.7626
-34271.7733
-34276.1319
-34281.6304
-34288.8277
-34282.3457
-34284.3126
-34288.1348
-34291.2193
-34290.8393
-34290.3253
-34296.9861
-34299.0648
-34304.8986
-34306.3738
-34305.2562
-34304.3175
-34305.3009
-34305.0774
-34313.2134
-34308.1843
-34321.7295
-34312.9899
-34325.6857
-34325.1493
-34333.6653
-34332.2571
-34332.1677
-34332.4583
-34331.0725
-34329.8208
-34329.9549
-34326.1104
-34323.4505
-34324.2776
-34322.8694
-34338.6944
-34334.6711
-34340.8849
-34340.5496
-34339.0521
-34337.0851
-34347.4116
-34341.7343
-34352.5302
-34351.3679
-34354.0724
-34350.9879
-34357.9393
-34354.0277
-34348.5963
-34347.3446
-34349.8033
-34353.4913
-34351.3008
-34356.3076
-34360.7109
-34359.3027
-34360.5321
-34359.8839
-34362.8343
-34368.8022
-34366.9247
-34356.2853
-34361.1803
-34365.0024
-34358.3416
-34363.4602
-34361.6497
-34371.3950
-34360.3980
-34369.4281
-34360.8674
-34360.9791
-34360.8897
-34361.6273
-34372.0209
-34380.7381
-34378.1229
-34386.5272
-34383.2415
-34389.4552
-34386.4154
-34391.2210
-34388.6953
-34391.2657
-34404.6991
-34407.4931
-34407.6272
-34396.9431
-34411.0023
-34416.2103
-34421.5747
-34410.4435
-34421.0383
-34429.3308
-34436.9974
-34433.0859
-34429.9343
-34435.7234
-34439.4561
-34429.6660
-34441.6913
-34437.8691
-34433.1753
-34435.0528
-34435.9022
-34433.5105
-34425.3298
-34432.5941
-34434.8069
-34441.1995
-34432.4824
-34437.4891
-34444.1723
-34446.9439
-34444.6194
-34434.6505
-34447.6592
-34443.9712
-34453.4930
-34464.0654
-34449.6485
-34456.1752
-34453.0236
-34452.7777
-34453.0460
-34456.4658
-34461.2043
-34454.9235
-34459.4386
-34463.2160
-34467.7087
-34476.4259
-34464.2442
-34456.5999
-34462.6572
-34465.4512
-34459.3939
-34475.5095
-34467.8875
-34469.4521
-34472.2461
-34467.7534
-34474.8166
-34478.0352
-34480.8515
-34471.4191
-34486.5065
-34470.5250
-34497.8836
-34495.0672
-34481.0750
-34491.4463
-34494.4637
-34494.8884
-34490.5075
-34510.9593
-34511.6746
-34496.0731
-34497.0565
-34503.5162
-34498.3753
-34510.8923
-34509.0818
-34523.8786
-34517.7319
-34526.4267
-34523.6998
-34526.0021
-34520.7494
-34526.7620
-34526.0244
-34523.9233
-34524.9292
-34536.5074
-34524.2139
-34528.8407
-34529.2207
-34524.3257
-34516.6367
-34517.2849
-34520.7941
-34510.4676
-34513.5968
-34500.4987
-34500.0070
-34492.6756
-34482.6620
-34518.4919
-34508.1877
-34498.0847
-34511.8758
-34508.8583
-34521.2188
-34510.1994
-34506.1090
-34505.7961
-34515.6308
-34507.6066
-34519.1401
-34504.3879
-34511.9875
-34501.1916
-34499.0011
-34501.8845
-34501.1469
-34502.8903
-34496.1625
-34490.0157
-34494.9108
-34495.9390
-34489.1887
-34489.7028
-34495.7154
-34501.9963
-34496.2966
-34491.9603
-34490.6639
-34492.2509
-34496.4083
-34500.6552
-34492.5638
-34503.0021
-34498.4424
-34499.1353
-34494.7096
-34501.6387
-34503.0245
-34506.7572
-34511.9205
-34511.0040
-34506.3996
-34508.9700
-34510.6464
-34515.6085
-34531.1430
-34522.0905
-34533.6016
-34518.2907
-34514.5133
-34509.9982
-34518.2907
-34504.9244
-34515.1838
-34511.6299
-34514.8262
-34513.2616
-34515.2062
-34512.4122
-34505.0138
-34519.9224
-34522.5375
-34514.9603
-34521.6211
-34517.3966
-34517.2849
-34515.2956
-34514.6474
-34509.5959
-34510.8252
-34512.5910
-34515.2509
-34517.6201
-34509.3724
-34515.1615
-34518.3131
-34515.0273
-34509.4841
-34516.5026
-34503.5833
-34505.9749
-34509.0594
-34513.0604
-34511.5181
-34509.2382
-34496.5872
-34499.6270
-34495.4472
-34495.1119
-34491.9603
-34489.6581
-34485.0313
-34491.7368
-34490.0604
-34489.2334
-34490.5075
-34487.5794
-34481.9021
-34484.5172
-34497.0789
-34492.2062
-34495.2684
-34490.9992
-34490.3510
-34490.6192
-34493.3909
-34482.5503
-34491.8039
-34491.0886
-34508.2101
-34498.4200
-34494.8884
-34490.6192
-34492.9215
-34496.6542
-34498.6435
-34498.8447
-34496.6095
-34496.3189
-34496.4977
-34498.0177
-34475.2412
-34444.7982
-34513.4851
-34505.9078
-34497.8165
-34495.4249
-34481.5668
-34481.8797
-34480.8515
-34483.2432
-34480.9186
-34481.4550
-34480.4939
-34478.9963
-34464.1995
-34467.9546
-34462.8584
-34468.4687
-34460.1091
-34462.3666
-34456.2646
-34459.7515
-34457.4045
-34453.2248
-34452.9342
-34456.0634
-34452.0401
-34446.7204
-34444.7982
-34441.9818
-34442.7418
-34434.9857
-34435.3657
-34426.8274
-34430.3366
-34420.1442
-34425.1286
-34425.5980
-34430.8730
-34423.7205
-34423.0723
-34421.3959
-34424.7487
-34420.4348
-34422.3347
-34415.6738
-34416.2103
-34416.4562
-34417.7302
-34422.0664
-34423.8546
-34419.5183
-34414.5116
-34414.9139
-34417.5961
-34431.0965
-34427.7661
-34426.6262
-34424.7710
-34425.8215
-34420.0995
-34430.6048
-34428.1908
-34427.3415
-34421.5076
-34428.1908
-34425.5757
-34428.4367
-34421.5076
-34424.1899
-34425.4192
-34427.0509
-34430.9624
-34421.8876
-34418.1325
-34424.0334
-34417.2161
-34421.4629
-34421.9100
-34415.5174
-34418.5125
-34420.0771
-34421.8876
-34410.6223
-34418.8478
-34409.0130
-34421.5971
-34421.0159
-34423.9216
-34420.6806
-34419.9654
-34416.5232
-34426.1121
-34423.7652
-34426.6038
-34421.5524
-34428.4590
-34424.7263
-34425.9780
-34431.8565
-34429.0402
-34433.1753
-34432.7506
-34432.0353
-34432.7729
-34435.1199
-34433.4658
-34439.0314
-34432.9294
-34431.4095
-34434.4270
-34439.6349
-34433.2200
-34435.1646
-34435.9916
-34437.1762
-34432.7506
-34441.0207
-34439.6573
-34443.5465
-34445.1558
-34450.9002
-34455.8399
-34459.8409
-34459.5280
-34462.7243
-34472.0002
-34475.9565
-34482.4609
-34483.3102
-34484.7854
-34485.0537
-34490.2169
-34491.0886
-34497.9059
-34491.0886
-34497.0565
-34493.2791
-34500.0517
-34495.7378
-34503.6503
-34492.4521
-34497.5930
-34492.3850
-34497.8612
-34494.7543
-34493.1003
-34496.8330
-34498.1965
-34499.0906
-34499.4929
-34506.3772
-34502.8903
-34508.0089
-34508.5453
-34507.6736
-34509.0818
-34512.6581
-34511.2946
-34514.9603
-34515.8991
-34527.0749
-34521.6658
-34527.5667
-34530.2489
-34534.6298
-34532.0147
-34451.9060
-34421.4629
-34622.0028
-34602.4450
-34570.1467
-34543.8611
-34537.9826
-34535.6580
-34539.1002
-34530.7406
-34542.0283
-34545.9622
-34546.6104
-34548.8679
-34540.1507
-34539.8154
-34538.0496
-34544.9340
-34547.4597
-34554.0535
-34546.9680
-34555.1264
-34555.3275
-34558.5685
-34561.8766
-34572.0690
-34574.9300
-34577.5452
-34583.1555
-34591.7162
-34589.9280
-34595.0019
-34597.0582
-34601.4839
-34600.5675
-34599.8522
-34599.2487
-34602.9368
-34609.4411
-34600.5451
-34611.0057
-34610.1117
-34619.4100
-34611.2069
-34618.3371
-34611.6539
-34621.3322
-34617.0407
-34620.3264
-34625.1544
-34623.2545
-34627.6801
-34629.3118
-34618.0912
-34624.5285
-34630.4518
-34636.0620
-34636.6655
-34638.1184
-34639.6383
-34639.4595
-34634.1174
-34636.5091
-34642.6782
-34634.9445
-34635.0786
-34630.4965
-34637.3808
-34632.4187
-34649.5848
-34642.5664
-34637.4702
-34631.8823
-34638.9007
-34636.1291
-34639.0572
-34634.2068
-34637.5149
-34637.7608
-34638.1184
-34638.7666
-34641.4935
-34648.2884
-34648.3779
-34645.6509
-34645.8968
-34642.8570
-34644.3769
-34645.0027
-34638.5207
-34643.8181
-34639.8842
-34642.3876
-34641.0241
-34639.8395
-34637.0455
-34646.1427
-34649.8084
-34639.3030
-34646.2768
-34652.3565
-34654.5916
-34657.1397
-34652.6023
-34591.6715
-34642.8793
-34689.7286
-34677.8822
-34669.8355
-34664.4488
-34656.0445
-34656.4245
-34651.7530
-34658.9949
-34651.0601
-34658.1903
-34648.5343
-34648.2437
-34646.8356
-34647.7073
-34646.4556
-34643.3264
-34642.8570
-34647.1262
-34640.8230
-34644.5557
-34638.6325
-34650.9260
-34647.7520
-34645.5839
-34650.1213
-34652.8706
-34650.9036
-34649.7190
-34645.6062
-34648.5120
-34644.9357
-34643.1475
-34641.5382
-34641.0241
-34645.9415
-34648.7355
-34643.7734
-34632.3740
-34640.1971
-34635.8385
-34636.8667
-34633.3351
-34638.1855
-34633.5586
-34640.0407
-34628.6860
-34632.3964
-34625.0873
-34628.7083
-34629.0659
-34632.3069
-34632.3964
-34639.1466
-34632.1058
-34623.0533
-34630.8094
-34633.3798
-34638.5654
-34632.1058
-34634.2516
-34637.7608
-34645.9639
-34647.4838
-34648.8249
-34640.5994
-34653.2058
-34649.6966
-34654.7928
-34649.2272
-34648.2214
-34642.7676
-34648.4673
-34641.1359
-34643.9522
-34635.3691
-34632.7987
-34635.2797
-34640.2195
-34641.0688
-34635.7715
-34638.7443
-34634.0057
-34641.1359
-34635.6821
-34642.2758
-34635.3691
-34637.5596
-34637.0232
-34644.3322
-34640.0630
-34637.6937
-34630.0941
-34631.0776
-34627.5237
-34630.0271
-34625.5120
-34627.3225
-34624.8862
-34634.6539
-34631.6140
-34627.7919
-34619.0524
-34623.2768
-34619.8123
-34622.0922
-34621.3769
-34620.1923
-34624.8862
-34616.1019
-34618.1806
-34618.6053
-34618.0912
-34607.4742
-34613.1515
-34607.3848
-34610.8940
-34612.5480
-34615.7667
-34606.4013
-34604.5237
-34600.5004
-34606.7589
-34600.5675
-34602.5791
-34599.0252
-34604.0320
-34604.3449
-34605.7978
-34600.8357
-34602.3780
-34597.9747
-34605.3060
-34601.6180
-34603.2497
-34606.0660
-34609.6870
-34611.0504
-34609.9329
-34615.5878
-34598.5782
-34599.6734
-34603.3391
-34606.4013
-34602.4227
-34606.0660
-34605.4178
-34608.9494
-34605.6413
-34601.6404
-34605.4402
-34602.6462
-34594.3537
-34596.0301
-34593.3479
-34596.0301
-34596.2312
-34592.5879
-34588.5422
-34586.3518
-34583.4684
-34580.5850
-34584.6307
-34581.6579
-34587.0447
-34579.8027
-34576.7629
-34574.5947
-34579.5568
-34576.8076
-34576.7852
-34574.7736
-34571.9125
-34570.0797
-34571.0855
-34571.6443
-34576.7629
-34572.4266
-34572.7172
-34568.6715
-34576.7852
-34577.7016
-34570.8397
-34562.4354
-34560.4237
-34568.8727
-34560.1779
-34566.9504
-34567.3975
-34564.3129
-34544.1740
-34555.0593
-34560.7814
-34478.0129
-34302.8199
-34307.0444
-34351.6584
-34407.6943
-34439.3890
-34465.3618
-34489.2111
-34517.6872
-34524.9292
-34539.2343
-34541.8941
-34554.0311
-34560.8931
-34565.2964
-34566.0340
-34567.7998
-34564.8941
-34568.8727
-34859.9818
-35035.9571
-34881.3277
-34736.8461
-34659.0620
-34608.7929
-34594.6666
-34579.7803
-34584.4742
-34575.8688
-34578.3051
-34575.8017
-34580.3168
-34576.6511
-34584.6083
-34586.4188
-34580.9650
-34578.1040
-34582.1943
-34583.2002
-34578.2157
-34579.4898
-34582.1496
-34580.9203
-34580.3391
-34583.2002
-34583.5131
-34591.6268
-34585.1224
-34591.3362
-34591.2468
-34594.4431
-34586.1506
-34596.2536
-34593.0573
-34590.2857
-34593.8172
-34598.9581
-34599.0252
-34601.3721
-34598.1535
-34603.0485
-34602.8921
-34600.5228
-34600.4557
-34601.1486
-34595.5607
-34599.7852
-34603.9426
-34600.9698
-34605.0825
-34597.6394
-34600.9922
-34601.9980
-34608.1671
-34606.1554
-34607.8988
-34603.9873
-34608.2341
-34606.1778
-34614.9173
-34614.2467
-34618.3148
-34617.0407
-34625.2438
-34623.8356
-34636.5985
-34632.4634
-34629.7589
-34630.6976
-34638.8560
-34640.1301
-34632.2175
-34637.7161
-34645.6733
-34653.5635
-34647.9085
-34652.4012
-34654.1893
-34664.8958
-34657.2515
-34661.8783
-34659.3749
-34660.4031
-34656.3574
-34656.1116
-34658.1903
-34663.8900
-34659.7102
-34664.4488
-34662.0348
-34666.4381
-34673.8812
-34675.2670
-34678.1504
-34673.7918
-34674.2835
-34667.8686
-34670.4614
-34667.0416
-34668.9191
-34671.4449
-34674.9541
-34675.7811
-34674.9764
-34672.4507
-34678.3962
-34676.6752
-34680.6314
-34678.6198
-34675.6693
-34681.2126
-34683.6042
-34679.6479
-34688.0298
-34689.6839
-34685.2135
-34677.2340
-34677.1669
-34676.3846
-34678.7762
-34673.3224
-34676.6081
-34682.5984
-34681.9278
-34682.0843
-34682.0396
-34683.2019
-34680.8102
-34678.2845
-34683.4254
-34693.8637
-34699.2728
-34703.5196
-34699.8316
-34705.0842
-34700.4574
-34709.3758
-34711.3874
-34713.4438
-34712.2144
-34708.1017
-34711.9239
-34714.1143
-34716.5954
-34717.3777
-34718.3835
-34719.8811
-34713.3767
-34717.5789
-34721.6245
-34717.0201
-34720.3058
-34717.1765
-34724.4185
-34720.1717
-34726.1396
-34723.4127
-34722.2951
-34718.9870
-34726.2290
-34718.6741
-34727.9948
-34721.4234
-34731.5934
-34726.3184
-34735.2591
-34731.6828
-34732.0404
-34726.3854
-34725.2455
-34728.3077
-34734.7450
-34726.2066
-34716.0142
-34717.0201
-34710.7169
-34713.4661
-34717.8918
-34715.4107
-34707.4982
-34712.8179
-34713.3767
-34715.6566
-34701.6197
-34704.5254
-34702.9161
-34707.1853
-34705.2630
-34705.8442
-34700.6586
-34699.6975
-34700.0774
-34700.8374
-34694.6907
-34695.0706
-34693.1707
-34687.6499
-34693.0590
-34681.3467
-34679.6479
-34673.5906
-34675.3564
-34676.7869
-34681.1679
-34672.0707
-34673.9259
-34667.6674
-34677.1893
-34677.7927
-34670.9084
-34667.1086
-34664.0017
-34662.7053
-34663.1971
-34654.5246
-34663.7112
-34647.5732
-34646.3215
-34641.7170
-34638.1631
-34632.9328
-34636.1067
-34627.3896
-34626.5402
-34616.0349
-34604.6802
-34603.1379
-34608.0777
-34600.6792
-34592.4314
-34596.4548
-34594.1525
-34595.9630
-34583.4907
-34587.1341
-34580.6521
-34590.5762
-34584.2507
-34585.5918
-34585.9494
-34579.1992
-34582.4179
-34587.6705
-34580.7862
-34583.9378
-34579.9815
-34578.4169
-34582.1273
-34577.5228
-34583.4460
-34582.3732
-34581.0544
-34586.8211
-34580.6521
-34578.1487
-34574.2818
-34570.2362
-34564.7153
-34573.7454
-34572.3819
-34568.6492
-34575.6676
-34572.0243
-34580.0486
-34575.1982
-34576.6064
-34573.7677
-34581.9708
-34578.7298
-34568.2692
-34566.6599
-34573.1866
-34562.2342
-34562.2789
-34569.3868
-34566.8387
-34576.8076
-34572.2478
-34584.5413
-34575.8017
-34580.5850
-34580.6521
-34588.1176
-34594.8901
-34594.7337
-34584.4742
-34592.4761
-34596.7453
-34599.2040
-34601.8639
-34606.7589
-34601.7968
-34608.4576
-34606.2001
-34624.7521
-34620.5499
-34614.5150
-34624.1709
-34620.7064
-34617.7113
-34617.3983
-34616.6831
-34615.3867
-34610.9610
-34602.0427
-34613.7550
-34618.8959
-34623.2321
-34605.6190
-34617.6442
-34618.2030
-34629.1777
-34617.0631
-34619.0971
-34621.1534
-34624.6179
-34618.8512
-34619.9911
-34621.8240
-34621.7569
-34622.5392
-34630.8764
-34625.6908
-34630.6976
-34627.8366
-34630.4294
-34631.3011
-34625.1097
-34632.8210
-34635.0115
-34637.1796
-34636.4867
-34638.4760
-34637.3584
-34642.2758
-34643.7957
-34646.3662
-34641.8735
-34647.1932
-34639.3254
-34645.6062
-34658.0338
-34659.7772
-34650.0766
-34648.7131
-34645.1592
-34651.5965
-34653.6752
-34662.3253
-34667.3321
-34669.1426
-34677.3457
-34674.3953
-34689.3710
-34681.8384
-34687.2922
-34688.0298
-34693.1931
-34691.4944
-34695.4953
-34694.0201
-34700.7927
-34708.2358
-34715.8131
-34705.8218
-34709.9346
-34711.7898
-34717.4224
-34718.0482
-34717.1542
-34724.3738
-34720.6187
-34720.9987
-34726.1619
-34730.6770
-34730.0288
-34727.3019
-34725.3349
-34725.3126
-34726.2737
-34737.7848
-34731.3028
-34734.5438
-34731.9510
-34743.8869
-34737.9189
-34742.1658
-34742.6128
-34746.0773
-34737.7178
-34739.8412
-34736.7790
-34741.8752
-34744.4904
-34749.6313
-34745.1162
-34743.6410
-34740.4223
-34742.1658
-34745.9432
-34747.7761
-34747.7314
-34752.9840
-34757.6555
-34753.3416
-34752.5817
-34748.0890
-34748.4019
-34744.5351
-34752.8276
-34748.4466
-34745.0939
-34744.2445
-34751.9782
-34751.0841
-34752.5370
-34745.6526
-34754.2804
-34741.8081
-34743.9539
-34746.4573
-34743.8869
-34751.4417
-34754.7051
-34753.7440
-34758.7508
-34766.8868
-34764.6963
-34770.7090
-34771.8489
-34773.2570
-34769.4349
-34771.1113
-34773.7041
-34777.3698
-34775.3581
-34774.4193
-34771.2007
-34779.6720
-34776.0957
-34775.4028
-34776.7663
-34772.2289
-34769.2337
-34778.0180
-34779.3591
-34781.9295
-34773.9723
-34771.8265
-34779.9849
-34773.7935
-34777.5262
-34779.3814
-34777.0792
-34779.6496
-34786.5116
-34786.6010
-34779.7167
-34779.0685
-34785.6399
-34784.9023
-34784.8576
-34779.0909
-34787.8080
-34782.5107
-34787.1151
-34785.5282
-34791.2055
-34792.7925
-34796.9723
-34794.7818
-34799.3639
-34798.6933
-34797.5310
-34803.0743
-34809.6904
-34810.8080
-34817.2229
-34807.6564
-34808.1034
-34811.1880
-34806.2482
-34812.6185
-34805.3542
-34807.6117
-34803.1413
-34807.6787
-34806.9411
-34807.1423
-34802.3143
-34812.9090
-34815.4571
-34828.7117
-34827.0801
-34830.3881
-34825.8284
-34833.0480
-34836.2890
-34844.3132
-34847.1519
-34847.6213
-34845.7214
-34840.9158
-34845.9896
-34850.2588
-34849.6777
-34854.5503
-34862.6640
-34863.2005
-34867.9614
-34866.9109
-34872.2753
-34870.1742
-34874.5999
-34866.3297
-34872.2976
-34878.9361
-34878.5785
-34877.7068
-34879.9643
-34885.4628
-34883.9205
-34891.0060
-34889.0167
-34888.3462
-34886.9827
-34886.7592
-34891.5425
-34897.8904
-34901.9807
-34902.4501
-34900.1703
-34900.9079
-34904.0595
-34903.0760
-34898.8739
-34897.6892
-34890.0002
-34897.1081
-34896.7281
-34901.3102
-34899.0303
-34903.0313
-34902.7184
-34913.1566
-34905.0653
-34901.3549
-34905.8252
-34908.1722
-34904.3500
-34911.7485
-34915.8388
-34911.0332
-34924.4666
-34921.4044
-34918.5657
-34917.2693
-34922.4996
-34922.4773
-34924.8689
-34922.0303
-34925.5171
-34923.3267
-34934.4578
-34925.1819
-34929.6075
-34921.1585
-34927.2829
-34929.0934
-34933.6085
-34931.0157
-34943.3762
-34937.0283
-34941.7221
-34942.9738
-34947.0866
-34951.0875
-34951.7134
-34951.1546
-34949.6347
-34958.1060
-34956.3402
-34957.7483
-34956.6308
-34953.4345
-34955.3567
-34965.0127
-34960.7882
-34960.7882
-34955.5579
-34963.7386
-34962.0846
-34966.4208
-34962.7328
-34962.9116
-34959.3800
-34975.6521
-34979.8989
-34974.0651
-34979.4966
-34981.4188
-34976.9708
-34971.5394
-34973.1487
-34969.3936
-34976.4568
-34970.9359
-34971.4723
-34965.5268
-34967.9184
-34959.7377
-34964.7668
-34967.3149
-34969.6171
-34974.0875
-34968.4772
-34962.8222
-34963.9845
-34965.3032
-34976.0097
-34978.5802
-34983.8328
-34970.3324
-34973.6404
-34969.4160
-34966.7337
-34967.0690
-34962.7998
-34960.8329
-34954.2838
-34960.6764
-34962.2187
-34961.6823
-34956.9437
-34961.3693
-34959.5141
-34969.2595
-34965.2362
-34965.9067
-34965.3032
-34962.0399
-34964.7444
-34978.8260
-34978.9378
-34986.0680
-34975.6521
-34978.9155
-34983.9446
-34990.3819
-34994.9193
-34997.3109
-34994.4499
-34991.7901
-34992.9300
-34989.9796
-34997.5568
-34996.7745
-34994.3829
-34992.0359
-34997.0427
-34994.5840
-35000.9766
-34991.8795
-34999.5014
-34992.9747
-35002.5859
-34995.6346
-34994.8522
-34991.0748
-34988.8620
-34982.0000
-34989.4431
-34981.9329
-34986.8280
-34985.9115
-34987.5656
-34990.0913
-34991.0972
-20966.4504
-41928.3187
-41928.4081
-41934.1972
-41932.7667
-41932.4090
-41926.8211
-41946.4683
-41934.3313
-41925.7929
-41929.3021
-41932.1408
-41930.2856
-41929.2127
-41938.6675
-41943.9425
-41937.2817
-41934.8454
-41943.5402
-41933.6607
-41939.4498
-41937.9970
-41943.5402
-41941.5733
-41939.7851
-41942.6908
-41939.7851
-41933.9066
-41945.0154
-41942.3332
-41940.1874
-41945.0825
-41944.8366
-41937.6617
-41940.0310
-41942.4673
-41946.3565
-41942.8026
-41944.7919
-41945.1272
-41941.9979
-41937.4605
-41943.1379
-41935.7842
-41931.8726
-41933.9960
-41940.2098
-41948.0329
-41944.9931
-41952.7715
-41945.2389
-41950.1563
-41946.5130
-41937.3488
-41941.3497
-41946.9824
-41942.8473
-41944.1214
-41945.2389
-41949.6646
-41951.9892
-41944.9931
-41948.0329
-41948.6141
-41942.4897
-41952.2574
-41958.1806
-41949.4634
-41958.9406
-41955.9007
-41957.5995
-41954.3585
-41961.1310
-41952.5033
-41964.7073
-41970.6082
-41961.9580
-41972.5081
-41970.4070
-41972.7986
-41974.9221
-41966.6519
-41967.6577
-41979.8394
-41980.5770
-41974.9668
-41973.4692
-41982.0746
-41976.9114
-41984.3098
-41980.3312
-41982.1864
-41987.8414
-41992.0882
-41991.0824
-41992.7140
-41988.4449
-41988.1990
-41994.9045
-41990.1659
-41989.6072
-41994.2116
-41998.6149
-41989.9871
-41982.6781
-41994.0552
-41993.4517
-42000.2689
-42002.9064
-41998.6596
-42000.7160
-41984.5557
-41983.9298
-41997.2067
-42002.9958
-42005.5887
-41999.4866
-41988.2437
-42007.7121
-42006.8851
-42019.3350
-42009.8131
-42013.7917
-42014.7305
-42003.0853
-41995.1951
-41990.9036
-41992.2000
-41997.3409
-42001.5206
-41986.4332
-41985.7627
-41983.2369
-41981.6276
-41980.1077
-41987.8637
-41991.7082
-41989.8083
-41989.9201
-41992.0211
-41989.6519
-41988.8695
-41982.1193
-41978.6324
-41979.3701
-41991.8200
-41974.4974
-41979.0795
-41977.2019
-41971.9940
-41972.0163
-41971.3681
-41960.9746
-41974.5868
-41964.8191
-41964.0144
-41960.0358
-41970.3400
-41952.0786
-41952.5033
-41951.9445
-41950.9610
-41953.2632
-41946.4906
-41943.0261
-41937.3264
-41940.6792
-41929.3916
-41928.4081
-41922.8872
-41926.6423
-41916.8746
-41915.7123
-41922.5072
-41922.4178
-41919.0874
-41915.6005
-41917.9028
-41906.9951
-41910.1020
-41913.7230
-41908.8503
-41905.6540
-41905.2293
-41898.4344
-41900.8037
-41894.2993
-41891.7289
-41887.1244
-41882.0059
-41879.4578
-41886.3421
-41893.9640
-41887.3479
-41887.1021
-41884.7775
-41873.0875
-41867.2314
-41869.3548
-41868.5725
-41851.8757
-41847.1371
-41849.9535
-41861.1070
-41852.5910
-41859.5424
-41853.0156
-41860.4364
-41861.9340
-41861.5987
-41855.6531
-41857.0390
-41852.1216
-41851.2499
-41854.7367
-41855.4296
-41859.8776
-41857.0613
-41864.5268
-41868.6172
-41859.0506
-41861.9340
-41863.5657
-41856.5696
-41866.2255
-41863.6104
-41863.3869
-41866.4490
-41873.5345
-41870.3159
-41881.2906
-41877.3567
-41879.7036
-41872.5511
-41881.6259
-41883.7940
-41878.6754
-41880.5977
-41875.6133
-41876.0826
-41874.5627
-41877.0885
-41880.3518
-41882.3411
-41883.2352
-41899.7531
-41896.7133
-41888.1526
-41896.2886
-41899.3732
-41909.6103
-41904.9611
-41897.9874
-41907.6433
-41913.6559
-41913.6112
-41908.4256
-41917.0534
-41912.2925
-41909.6103
-41918.4839
-41922.4849
-41922.6413
-41920.8308
-41928.8775
-41936.3653
-41953.5985
-41948.8599
-41946.1330
-41943.8531
-41941.7968
-41930.0621
-41936.0300
-41942.4226
-41947.4518
-41947.6082
-41948.6141
-41945.1048
-41944.3002
-41952.1233
-41959.6335
-41953.3079
-41961.8016
-41959.3652
-41967.3001
-41956.1689
-41961.8239
-41968.5518
-41970.7199
-41974.4750
-41979.0348
-41976.5314
-41982.7005
-41980.5100
-41995.3068
-42004.5158
-42008.8744
-42004.2699
-42006.7509
-42013.2106
-42013.5459
-42019.8044
-42018.8656
-42028.9686
-42029.2368
-42023.5818
-42026.2640
-42032.8354
-42027.7616
-42035.6070
-42040.5915
-42034.3106
-42039.8092
-42039.1610
-42039.9880
-42050.1357
-42052.8179
-42060.2834
-42059.0093
-42053.5108
-42061.9150
-42057.5565
-42070.5652
-42072.2416
-42088.6701
-42068.3076
-42079.3718
-42071.5934
-42078.7236
-42072.6215
-42076.5778
-42082.6128
-42076.1978
-42078.4553
-42080.1988
-42066.3407
-42075.9966
-42079.5059
-42081.7634
-42096.0685
-42092.0005
-42104.3610
-42099.7566
-42099.6448
-42084.1997
-42081.9199
-42076.5107
-42085.3844
-42083.0821
-42083.1269
-42082.2775
-42082.2775
-42083.7303
-42087.3066
-42085.3844
-42092.5146
-42098.0131
-42097.8343
-42087.5972
-42099.1754
-42100.9188
-42102.7070
-42107.1997
-42117.6603
-42115.8051
-42123.9858
-42122.9130
-42120.5437
-42120.3202
-42119.4484
-42121.5048
-42121.4377
-42120.3649
-42129.1491
-42132.2783
-42133.8206
-42137.2851
-42131.5631
-42140.5708
-42129.5961
-42131.5407
-42142.3590
-42148.3045
-42145.1976
-42147.3211
-42140.1238
-42140.5038
-42132.2560
-42137.4192
-42144.6612
-42140.3026
-42133.9324
-42139.7662
-42138.8945
-42141.3308
-42138.7827
-42135.4523
-42138.5145
-42138.6933
-42145.4882
-42148.1704
-42145.8906
-42145.7564
-42146.6952
-42147.2764
-42153.3337
-42150.5397
-42149.5115
-42145.9576
-42149.3551
-42151.7691
-42151.1879
-42152.8419
-42154.2501
-42157.0664
-42162.7214
-42168.8011
-42162.5873
-42156.6864
-42154.4066
-42149.9809
-42148.1704
-42149.0645
-42148.4163
-42151.9255
-42145.4659
-42141.1743
-42143.4095
-42144.2589
-42136.0111
-42142.1578
-42152.4843
-42155.5689
-42152.9761
-42150.1821
-42152.9537
-42155.6136
-42152.9984
-42157.7593
-42163.7943
-42157.7817
-42163.2802
-42157.7593
-42167.9517
-42175.6854
-42170.9245
-42169.1587
-42173.1820
-42168.6223
-42169.9857
-42166.2977
-42169.8069
-42167.9070
-42172.5338
-42173.6291
-42179.1276
-42173.3608
-42174.5008
-42172.5562
-42175.5737
-42171.5057
-42184.6485
-42174.6349
-42170.2987
-42163.6602
-42169.2258
-42167.0577
-42171.8186
-42168.9799
-42172.4668
-42176.6913
-42170.6563
-42175.1043
-42182.0110
-42179.3735
-42174.3890
-42167.9517
-42164.3754
-42174.6125
-42175.4619
-42168.8681
-42163.3920
-42168.6446
-42165.8283
-42175.1490
-42166.0742
-42170.1869
-42175.1266
-42176.2889
-42182.3015
-42184.5144
-42171.6621
-42177.4512
-42174.1432
-42177.7865
-42172.6009
-42170.2092
-42174.2326
-42177.8535
-42182.7709
-42185.4755
-42181.3628
-42174.2326
-42177.8088
-42175.4396
-42179.4182
-42175.3949
-42175.9089
-42170.5892
-42175.1713
-42172.5785
-42181.2063
-42176.1772
-42184.0897
-42175.2607
-42174.6349
-42181.2287
-42183.2850
-42190.2811
-42185.3190
-42171.6174
-42180.9828
-42169.0023
-42175.8195
-42177.3395
-42177.2724
-42178.0100
-42180.7816
-42182.4133
-42176.5795
-42187.9118
-42185.0732
-42189.5435
-42188.2918
-42191.8457
-42180.1781
-42177.4512
-42180.3569
-42181.3181
-42176.7583
-42182.6368
-42173.9643
-42165.6495
-42168.9352
-42172.6679
-42184.6485
-42166.0965
-42169.1364
-42168.5329
-42169.2258
-42167.3482
-42161.1344
-42161.8273
-42170.8351
-42158.2958
-42161.5368
-42159.9498
-42165.0907
-42164.2190
-42172.8915
-42172.5338
-42169.5163
-42168.5776
-42164.6660
-42162.6320
-42158.4969
-42159.2792
-42155.4347
-42149.7798
-42153.4901
-42152.0596
-42145.3541
-42148.3716
-42144.0130
-42158.1393
-42150.9420
-42152.5290
-42153.0878
-42151.8808
-42152.1043
-42155.3677
-42155.3006
-42156.5970
-42153.2219
-42171.1257
-42159.7039
-42164.7778
-42164.1072
-42170.4551
-42165.1578
-42171.9303
-42170.4551
-42165.6495
-42159.9945
-42163.0567
-42174.1208
-42161.7379
-42168.3764
-42154.7642
-42154.4960
-42157.5805
-42163.2802
-42164.9119
-42168.0188
-42164.6884
-42167.0577
-42152.0373
-42159.2122
-42151.3220
-42156.2171
-42154.1383
-42164.3084
-42160.5980
-42157.1111
-42162.2073
-42171.3492
-42171.4386
-42168.8905
-42169.2258
-42163.7719
-42161.1344
-42153.9372
-42155.7700
-42150.6738
-42170.6563
-42156.6417
-42158.1840
-42160.6651
-42164.6213
-42152.9537
-42166.4989
-42157.8264
-42183.8438
-42186.2355
-42185.7214
-42159.6592
-42161.8497
-42162.2073
-42161.6485
-42168.8234
-42162.4979
-42159.4581
-42150.8526
-42158.9887
-42149.9586
-42141.8225
-42159.4357
-42142.7166
-42150.6962
-42156.3065
-42154.4513
-42142.0013
-42144.1024
-42144.5271
-42144.5494
-42155.0548
-42142.2919
-42142.8954
-42144.5271
-42154.0266
-42150.0033
-42143.6554
-42138.9839
-42142.0684
-42140.1238
-42138.1345
-42138.5815
-42131.8984
-42135.6758
-42131.0266
-42131.8313
-42131.5631
-42131.8984
-42131.4513
-42125.2599
-42124.9917
-42125.4834
-42126.3551
-42126.6681
-42125.3493
-42124.8352
-42119.1579
-42123.2482
-42120.2307
-42135.7652
-42121.4601
-42132.7254
-42124.7682
-42125.8857
-42121.5271
-42128.3891
-42129.3503
-42117.5485
-42117.9732
-42122.3318
-42121.2366
-42113.6370
-42125.4834
-42108.9208
-42110.4183
-42109.2337
-42117.1686
-42105.4562
-42119.2473
-42119.0908
-42113.8829
-42099.3542
-42095.1744
-42094.7721
-42096.1803
-42100.2706
-42090.9947
-42081.2493
-42083.8645
-42086.2114
-42085.1609
-42079.9082
-42088.3572
-42083.8421
-42087.6419
-42086.6361
-42086.0102
-42083.5739
-42083.3951
-42085.1832
-42070.4311
-42073.2697
-42078.2765
-42078.6118
-42083.4398
-42082.7469
-42071.4592
-42075.9743
-42078.8800
-42080.4446
-42074.7673
-42077.8742
-42076.6672
-42077.7401
-42076.4437
-42078.4553
-42078.0530
-42079.1706
-42080.2435
-42079.7294
-42074.9908
-42075.5720
-42082.6575
-42069.1347
-42074.0744
-42060.6410
-42075.1920
-42069.1347
-42068.5312
-42066.8995
-42065.6478
-42071.2357
-42067.5700
-42064.1502
-42070.8110
-42063.4573
-42063.9714
-42058.7858
-42058.9646
-42055.0307
-42050.7168
-42053.5555
-42058.8305
-42050.2474
-42049.6439
-42047.3194
-42054.5166
-42061.3339
-42060.2834
-42056.1706
-42048.6828
-42046.0900
-42016.4740
-41972.0387
-42067.5477
-42057.3553
-42042.6702
-42036.5458
-42031.0696
-42027.6722
-42017.0998
-42018.1950
-42024.6547
-42017.2339
-42027.4934
-42019.4244
-42017.2563
-42014.5293
-42011.3554
-42012.3389
-42011.2436
-42012.3389
-42015.5128
-42021.2349
-42013.7247
-42018.0609
-42009.8578
-42007.1756
-42011.9813
-41997.6091
-42005.4322
-42000.1125
-42001.1854
-41997.2738
-41999.3078
-42000.6042
-42000.8054
-41995.5080
-41994.2116
-41992.1105
-41995.5527
-41988.6684
-41982.0970
-41976.4643
-41984.3321
-41988.3331
-41973.9833
-41985.7850
-41984.6898
-41985.2262
-41983.8851
-41979.5489
-41977.8054
-41984.6451
-41979.0571
-41983.9522
-41981.7840
-41988.9143
-41974.2068
-41969.6023
-41960.7063
-41966.3837
-41961.8910
-41967.7695
-41961.4440
-41970.8317
-41982.5664
-41982.9910
-41981.5158
-41973.5810
-41961.2204
-41961.3098
-41962.1816
-41955.6102
-41954.1573
-41955.1855
-41949.2399
-41952.3244
-41954.6937
-41951.4527
-41952.4139
-41952.1009
-41951.1398
-41954.1796
-41947.5859
-41947.3400
-41954.6043
-41961.3993
-41954.7384
-41956.5042
-41957.5771
-41960.3040
-41960.8181
-41970.2058
-41969.5353
-41960.5946
-41964.5285
-41966.7413
-41971.2787
-41965.0202
-41962.5839
-41968.8647
-41969.5129
-41975.2797
-41963.9474
-41969.8482
-41968.9765
-41975.9726
-41976.5090
-41975.7044
-41975.9949
-41975.3691
-41976.3302
-41971.8375
-41971.7481
-41948.1000
-41957.9794
-41970.0717
-41975.7267
-41978.1184
-41977.6490
-41982.0299
-41986.0756
-42018.1280
-42004.5605
-41996.5585
-41989.1154
-41980.7559
-41980.6218
-41970.4964
-41986.0532
-41983.4604
-41988.4672
-41984.7568
-41991.7306
-41996.1339
-42007.0192
-42005.6110
-42004.5381
-41999.6654
-41998.9055
-41985.0697
-41989.6295
-41993.2728
-42002.9735
-41993.8987
-41998.8384
-41997.7432
-42001.6994
-41995.7315
-41999.5090
-42000.3360
-42005.6334
-42010.5954
-42004.7393
-42016.1387
-42011.9813
-42016.9880
-42025.2135
-42020.5420
-42019.3573
-42029.7285
-42026.2417
-42035.9647
-42030.9802
-42026.1523
-42029.4827
-42033.1484
-42028.1863
-42028.2980
-42029.7956
-42040.7256
-42032.7237
-42042.8267
-42042.0667
-42043.2513
-42048.1464
-42045.9783
-42052.0356
-42046.6488
-42051.9685
-42043.9219
-42045.6206
-42047.0958
-42052.1697
-42052.0579
-42042.8490
-42052.7955
-42048.8393
-42047.4088
-42052.1697
-42061.1327
-42060.3057
-42057.5565
-42061.0657
-42053.3767
-42055.2095
-42051.3874
-42059.0317
-42062.7644
-42057.0871
-42056.4165
-42058.4505
-42055.5895
-42064.5526
-42063.2114
-42067.7265
-42075.1696
-42065.8713
-42070.0287
-42060.9763
-42056.7518
-42057.1094
-42065.7372
-42056.7518
-42058.1823
-42055.7907
-42071.6828
-42052.0803
-42058.6293
-42050.7168
-42052.4379
-42057.1094
-42055.2766
-42055.4330
-42063.3903
-42065.2902
-42064.7090
-42070.3193
-42064.4184
-42068.3971
-42066.3407
-42070.1852
-42068.5088
-42075.3261
-42062.0045
-42067.8606
-42077.0695
-42075.7508
-42066.8101
-42064.3067
-42061.6692
-42059.7469
-42055.6789
-42066.6536
-42061.4233
-42065.8266
-42059.4340
-42062.3621
-42058.8529
-42064.1055
-42064.1949
-42061.4904
-42055.2542
-42056.5283
-42060.6410
-42057.2659
-42061.2892
-42060.5963
-42066.0278
-42054.4943
-42058.7858
-42058.1823
-42064.3737
-42055.4777
-42059.2552
-42058.1376
-42055.1872
-42054.0025
-42058.1823
-42058.6964
-42042.2902
-42042.2902
-42037.4175
-42040.8150
-42044.4807
-42042.0891
-42044.9724
-42046.2912
-42051.0968
-42053.0861
-42040.2562
-42035.3612
-42029.8179
-42041.2620
-42039.0716
-42034.1542
-42032.5672
-42036.6129
-42031.5390
-42035.9423
-42037.8646
-42046.8053
-42039.6751
-42033.1036
-42037.4175
-42043.1172
-42038.6022
-42042.4914
-42041.3514
-42039.4962
-42036.0988
-42036.9705
-42038.8480
-42047.4088
-42052.9073
-42050.2251
-42053.7120
-42052.5720
-42050.4263
-42051.1862
-42055.2989
-42046.7382
-42054.4049
-42047.6993
-42048.9287
-42045.7771
-42044.9948
-42046.2018
-42054.9413
-42055.5672
-42052.8849
-42050.9180
-42058.5623
-42053.7343
-42059.8810
-42058.0035
-42054.1143
-42044.4360
-42057.7129
-42062.7868
-42050.5380
-42053.6226
-42055.4330
-42068.9111
-42055.9024
-42060.0599
-42063.1891
-42059.1434
-42058.4729
-42064.5302
-42056.8412
-42063.1220
-42055.5224
-42061.0880
-42054.7848
-42054.7401
-42054.6060
-42056.1930
-42059.4340
-42061.1327
-42069.1570
-42072.5098
-42064.4631
-42072.1298
-42055.0978
-42052.7732
-42050.1580
-42043.7431
-42046.1794
-42042.5584
-42047.8558
-42046.6935
-42052.7732
-42040.9044
-42054.7625
-42047.5205
-42053.6226
-42067.0783
-42064.5078
-42051.5662
-42058.0705
-42059.5234
-42066.2513
-42060.2163
-42065.5584
-42063.1444
-42066.1172
-42070.2075
-42065.4690
-42070.7887
-42067.7265
-42071.9063
-42060.9986
-42074.0297
-42069.1347
-42074.4320
-42069.3582
-42082.8139
-42079.4835
-42077.2707
-42060.3951
-42085.1832
-42090.7041
-42093.2969
-42080.0423
-42085.7197
-42081.9646
-42084.8479
-42092.6040
-42086.5690
-42086.9266
-42079.9976
-42090.9723
-42088.8936
-42100.2930
-42084.6468
-42086.9043
-42094.4368
-42096.5379
-42090.1229
-42087.5525
-42085.3173
-42074.7002
-42094.1239
-42096.3144
-42083.4845
-42089.1618
-42081.8081
-42080.7799
-42081.4281
-42079.6847
-42076.1755
-42083.7303
-42081.0705
-42087.1949
-42088.2678
-42097.4990
-42100.2259
-42097.7672
-42085.8091
-42078.2542
-42083.3727
-42084.9150
-42086.8819
-42083.6633
-42081.4952
-42080.2658
-42077.2707
-42073.0909
-42082.1881
-42078.1648
-42085.9655
-42079.7741
-42079.5059
-42084.2221
-42085.6079
-42080.9587
-42093.5651
-42083.9539
-42093.5428
-42091.1511
-42086.7255
-42091.9558
-42093.5875
-42095.3533
-42093.4534
-42100.2706
-42099.3095
-42099.7342
-42090.5476
-42087.5525
-42086.7255
-42091.7993
-42089.0054
-42094.5709
-42086.6137
-42094.7274
-42094.4145
-42092.9840
-42090.2124
-42084.8703
-42093.7216
-42094.9509
-42097.1190
-42091.4641
-42097.8343
-42098.9519
-42094.7274
-42094.0569
-42098.7060
-42095.0403
-42099.6671
-42086.6137
-42092.2017
-42089.2289
-42090.3912
-42089.7877
-42096.9402
-42088.4242
-42086.2114
-42085.5855
-42097.3649
-42092.2240
-42087.4631
-42084.4456
-42082.9480
-42085.8985
-42085.8538
-42086.5243
-42090.0782
-42093.9227
-42095.9568
-42093.0510
-42089.3630
-42082.6575
-42090.1006
-42088.8713
-42083.1045
-42082.9927
-42072.9121
-42079.4388
-42073.4038
-42067.8159
-42073.1580
-42074.7673
-42063.4573
-42063.8373
-42061.0880
-42073.9626
-42068.2182
-42072.1521
-42080.3552
-42068.9111
-42071.5710
-42072.2639
-42075.5496
-42077.3601
-42072.0627
-42071.9510
-42079.0365
-42085.8091
-42075.7061
-42071.7498
-42070.4087
-42067.4806
-42071.5039
-42063.4573
-42066.0948
-42064.6420
-42070.1628
-42068.3300
-42079.1035
-42068.4418
-42066.2289
-42067.2795
-42066.7430
-42069.2241
-42073.0686
-42067.7936
-42064.6420
-42062.4291
-42062.6080
-42065.6478
-42062.9432
-42069.6040
-42061.3339
-42058.6964
-42055.3883
-42062.9432
-42061.4457
-42063.6808
-42055.9918
-42059.2775
-42065.4243
-42062.3844
-42055.7907
-42052.6167
-42052.9520
-42055.5672
-42053.6449
-42058.7858
-42046.7382
-42047.6546
-42050.0239
-42052.8179
-42061.3116
-42066.2066
-42048.0793
-42041.4185
-42039.6974
-42033.5283
-42039.3398
-42041.9102
-42041.2173
-42036.2776
-42034.1095
-42035.6294
-42031.4496
-42022.3748
-42031.4049
-42021.3243
-42024.9676
-42024.9453
-42026.3311
-42021.2796
-42030.4438
-42020.4526
-42022.7771
-42030.0191
-42032.4778
-42031.8072
-42027.7169
-42028.1863
-42030.8685
-42030.7344
-42027.8063
-42030.6450
-42028.9015
-42031.0696
-42016.1387
-42021.0337
-42025.5041
-42020.9667
-42022.9560
-42026.3981
-42023.2465
-42024.9900
-42028.7227
-42038.4010
-42024.8782
-42024.2300
-42018.4633
-42016.7422
-42014.8646
-42014.9987
-42017.6809
-42016.5857
-42023.5595
-42014.2164
-42011.9365
-42013.6129
-42015.6693
-42021.1902
-42020.0279
-42016.1163
-42015.4011
-42009.4332
-42011.0201
-42018.3068
-42007.2427
-42007.1533
-42004.1805
-41995.6645
-41999.7995
-41998.5926
-42004.3146
-41997.7879
-42005.3651
-42002.4594
-42003.0406
-42006.7509
-42018.9550
-42012.1824
-42003.5770
-42003.4429
-41997.6091
-41991.7082
-41988.9366
-41985.6732
-41987.5061
-41978.5430
-41991.9541
-41986.5226
-41987.2379
-41989.0037
-41990.7471
-41996.4691
-41991.1941
-41994.5692
-41989.1601
-41995.2398
-41983.8404
-41986.1650
-41987.1261
-41986.9473
-41989.2495
-41991.8423
-41993.6305
-41992.8258
-41992.6246
-42001.7442
-41989.4730
-41985.7403
-41994.8151
-41992.8258
-41994.9045
-41992.4011
-41990.1212
-41988.1543
-41992.8929
-41987.3943
-41989.0707
-41985.4497
-41992.8705
-41986.2544
-41980.8006
-41979.6830
-41979.7500
-41978.1854
-41979.5489
-41978.6324
-41980.5994
-41980.5323
-41982.6111
-41983.4604
-41989.2495
-41977.9172
-41978.8783
-41976.9784
-41974.2292
-41969.1106
-41975.1679
-41974.5421
-41973.4245
-41971.5469
-41970.5411
-41982.6334
-41978.2972
-41974.4750
-41974.8774
-41973.8939
-41968.9765
-41975.2573
-41966.4507
-41970.4517
-41970.6305
-41980.3759
-41982.0746
-41980.5770
-41975.6597
-41967.9483
-41956.9513
-41963.6568
-41963.5674
-41954.1349
-41954.1796
-41957.2865
-41955.9231
-41956.4819
-41960.3934
-41954.8055
-41948.5917
-41941.2827
-41953.9785
-41938.6452
-41952.4586
-41944.4790
-41943.3614
-41943.1602
-41947.8094
-41943.6967
-41952.3021
-41949.9105
-41952.8832
-41951.8327
-41952.1233
-41945.6860
-41946.0436
-41953.6879
-41957.4430
-41952.8609
-41954.1349
-41948.0106
-41945.8201
-41949.0387
-41942.6908
-41943.5402
-41938.3546
-41945.9765
-41943.7637
-41941.6180
-41939.2487
-41940.2545
-41926.5976
-41932.5208
-41938.2428
-41946.9600
-41942.1991
-41944.8813
-41939.0475
-41942.8697
-41946.5130
-41943.4732
-41939.4498
-41926.5752
-41935.5830
-41934.0407
-41935.4042
-41936.6782
-41930.7997
-41928.7881
-41931.5373
-41929.7715
-41933.0796
-41922.1049
-41912.6054
-41912.6277
-41915.3323
-41915.2876
-41918.8862
-41915.7123
-41920.9202
-41920.5626
-41933.5490
-41933.5713
-41931.9844
-41911.7560
-41906.6822
-41900.8260
-41903.2177
-41905.4752
-41900.8260
-41896.8474
-41890.1642
-41893.7852
-41888.1973
-41891.9300
-41894.1652
-41895.6404
-41889.1361
-41894.5452
-41887.8397
-41889.4043
-41886.9456
-41899.8649
-41894.9252
-41892.8465
-41887.2362
-41893.1147
-41884.1516
-41888.3314
-41890.9689
-41896.7580
-41888.3314
-41892.4441
-41881.9388
-41877.4237
-41882.0953
-41883.6152
-41891.0136
-41887.4597
-41888.9125
-41878.9437
-41877.9602
-41875.0768
-41871.6570
-41873.5122
-41876.9320
-41869.9359
-41878.9884
-41863.4316
-41869.7347
-41866.4043
-41861.9340
-41861.7105
-41862.2916
-41856.2343
-41861.2634
-41858.1118
-41859.6765
-41869.5336
-41863.7445
-41859.9223
-41857.4860
-41861.6434
-41860.5258
-41863.9233
-41852.3674
-41856.9496
-41856.8601
-41861.5764
-41858.6483
-41858.3577
-41858.3801
-41862.6045
-41859.4306
-41865.1750
-41864.9515
-41875.8591
-41878.0272
-41871.8358
-41860.6152
-41857.0613
-41860.6376
-41860.9505
-41852.8815
-41853.8650
-41849.7746
-41855.0944
-41853.8650
-41855.5637
-41856.9496
-41853.2168
-41861.2634
-41860.3694
-41860.5482
-41860.1011
-41870.4053
-41859.6094
-41870.7406
-41867.0078
-41873.7134
-41861.1517
-41869.4442
-41877.6920
-41881.6929
-41875.2333
-41880.3742
-41885.8727
-41879.3013
-41869.3101
-41878.6307
-41887.1244
-41884.2187
-41879.7036
-41881.6929
-41884.1069
-41880.4412
-41890.6783
-41876.6414
-41893.2264
-41895.5510
-41892.8241
-41885.9398
-41889.0467
-41884.8892
-41891.8630
-41889.1808
-41893.9417
-41895.9310
-41890.8795
-41888.4655
-41892.1759
-41894.3440
-41893.9640
-41890.1419
-41895.9533
-41895.8639
-41898.4344
-41900.5802
-41896.4898
-41896.3333
-41896.9815
-41898.9261
-41893.4723
-41896.7804
-41890.0525
-41900.6025
-41900.9378
-41900.4013
-41892.2653
-41903.1059
-41904.6035
-41914.5947
-41911.3537
-41908.5821
-41901.9436
-41906.9281
-41901.8319
-41902.6812
-41908.5597
-41903.3071
-41902.3459
-41896.1545
-41905.4752
-41905.2070
-41905.1176
-41901.8766
-41909.4985
-41913.3430
-41918.8192
-41908.6268
-41912.9630
-41918.4616
-41927.4246
-41923.9824
-41925.4129
-41926.7764
-41936.6112
-41930.8444
-41933.5713
-41929.6151
-41936.9464
-41941.2603
-41949.3740
-41946.0660
-41945.9765
-41948.4799
-41953.9338
-41953.3973
-41951.5868
-41953.7103
-41950.2681
-41957.2195
-41953.9785
-41960.1029
-41950.3128
-41956.7054
-41955.1184
-41954.7161
-41958.8512
-41963.7909
-41962.9415
-41959.4323
-41954.0679
-41962.5168
-41960.9969
-41966.2272
-41965.9143
-41960.1476
-41961.3098
-41969.3788
-41961.4663
-41963.7015
-41967.9483
-41959.3429
-41960.1923
-41961.0416
-41956.9513
-41955.2972
-41961.9804
-41965.7802
-41979.5712
-41966.7190
-41964.2603
-41964.0368
-41975.1679
-41969.0883
-41971.9940
-41965.1096
-41967.7024
-41963.3662
-41970.0270
-41967.4119
-41968.3059
-41965.6908
-41963.9474
-41964.6850
-41965.6237
-41969.3565
-41970.1835
-41977.7607
-41982.0076
-41973.5810
-41977.3807
-41979.9512
-41979.6159
-41991.1271
-41973.5362
-41984.2651
-41984.2427
-41984.6004
-41988.9813
-41992.0882
-41989.8083
-41994.2563
-41991.3059
-41993.9657
-41992.8705
-41990.0318
-41992.8705
-41992.6917
-41988.8919
-41996.9385
-41992.5352
-41998.9949
-42001.1183
-41994.2340
-41995.9103
-41992.6246
-42003.5099
-42002.0124
-41994.2340
-41987.6849
-42000.8724
-41998.6596
-41994.3234
-41986.9026
-41999.0172
-41983.5051
-41983.6392
-41980.4206
-41989.8754
-41989.2719
-41998.7267
-41995.3068
-41990.7247
-41994.7481
-41990.8589
-41997.1620
-41988.5343
-41999.8443
-42005.9686
-41987.5508
-41988.7801
-41991.4847
-41985.2709
-41981.7617
-41987.1708
-41997.0056
-42004.0017
-42007.3097
-41997.8549
-41996.3127
-41987.1932
-41986.0309
-41972.9104
-41982.8569
-41983.3710
-41982.7452
-41983.3934
-41980.5547
-41983.0357
-41984.4886
-41981.6276
-41982.3428
-41979.6606
-41971.5022
-41976.9114
-41971.1446
-41980.6441
-41975.1456
-41981.2923
-41977.5372
-41985.4274
-41988.3331
-41991.6859
-41979.8618
-41986.0085
-41983.1028
-41987.4837
-41988.2660
-41986.2544
-41982.2087
-41989.0484
-41988.9143
-41980.8676
-41985.4497
-41990.7694
-41995.0163
-41994.1222
-41991.9094
-42000.1348
-41994.9716
-41994.3234
-41993.6752
-41981.8064
-41986.7461
-41981.6946
-41978.3866
-41983.3710
-41982.9016
-41978.5430
-41985.0027
-41985.3380
-41979.6830
-41979.3254
-41973.8715
-41981.7170
-41986.3885
-41980.4876
-41991.1494
-41987.6849
-41981.8064
-41969.6470
-41962.0922
-41953.1068
-41955.5878
-41972.4410
-41973.9609
-41976.5314
-41976.1961
-41968.5965
-41967.5460
-41982.7228
-41974.4527
-41986.5450
-41959.9017
-41957.4430
-41952.7491
-41952.0115
-41959.1864
-41965.4673
-41961.6228
-41958.3371
-41957.3089
-41955.8784
-41956.6830
-41957.3089
-41958.1806
-41947.8094
-41949.7316
-41951.5645
-41950.7598
-41951.8104
-41961.0193
-41949.4411
-41952.6374
-41951.8327
-41958.0465
-41956.1689
-41943.3390
-41943.7861
-41948.9717
-41951.6315
-41954.6714
-41942.6685
-41950.2010
-41939.7628
-41954.8055
-41956.7501
-41958.4265
-41959.2535
-41954.4926
-41953.5538
-41954.5149
-41955.5431
-41957.8453
-41951.2739
-41946.4459
-41950.0893
-41941.0592
-41945.3283
-41940.4557
-41956.3031
-41944.4119
-41954.2243
-41946.5353
-41945.0378
-41949.1952
-41951.7209
-41942.3109
-41950.8716
-41946.3789
-41951.4304
-41941.1709
-41939.4722
-41946.4683
-41933.7501
-41930.6433
-41929.4363
-41926.8658
-41930.7550
-41935.2924
-41931.1126
-41930.7103
-41928.0281
-41931.6044
-41940.7909
-41942.3779
-41933.3478
-41937.5723
-41923.3789
-41918.9980
-41916.4499
-41921.5461
-41915.6676
-41918.0369
-41909.7891
-41912.8960
-41912.9183
-41920.3167
-41924.0718
-41921.0320
-41924.7871
-41919.7132
-41917.0757
-41919.1992
-41928.0504
-41924.7871
-41925.8153
-41916.3381
-41923.8036
-41919.8250
-41931.5150
-41918.8192
-41930.7550
-41925.1671
-41923.7813
-41920.5403
-41930.1739
-41929.8162
-41933.1243
-41924.2730
-41929.6151
-41925.3906
-41928.3634
-41933.5490
-41936.7900
-41935.1360
-41934.2866
-41937.9076
-41934.1748
-41938.8240
-41932.8114
-41933.3925
-41931.2467
-41933.1690
-41935.0912
-41935.6277
-41929.1904
-41933.7278
-41924.9659
-41926.5752
-41931.3809
-41924.5859
-41926.7317
-41926.7093
-41922.9319
-41925.0330
-41925.0106
-41927.2905
-41919.9591
-41926.3070
-41920.7414
-41917.8581
-41922.9543
-41922.4849
-41927.1564
-41917.3887
-41927.7152
-41935.1360
-41934.6219
-41930.8444
-41927.7375
-41927.0223
-41921.9708
-41913.7006
-41917.0981
-41914.3488
-41910.1020
-41904.8493
-41917.6569
-41917.4334
-41922.5966
-41910.2808
-41913.9912
-41913.0971
-41922.3508
-41923.1107
-41924.4518
-41919.8250
-41916.4275
-41922.9095
-41914.4159
-41922.1272
-41924.5189
-41926.5976
-41921.1885
-41921.1885
-41913.3430
-41915.5782
-41920.3167
-41909.6773
-41910.5937
-41921.4120
-41921.8590
-41919.7580
-41919.7356
-41929.3469
-41925.6141
-41925.0553
-41918.8639
-41912.9183
-41923.5354
-41910.8396
-41913.7006
-41902.8824
-41904.0223
-41901.5860
-41912.3595
-41896.6910
-41896.8027
-41895.3498
-41905.3411
-41899.0602
-41899.8873
-41896.4451
-41906.1010
-41896.4451
-41900.5578
-41904.0670
-41900.0214
-41901.6754
-41891.4606
-41888.7114
-41893.0700
-41895.6404
-41896.0651
-41891.3042
-41887.4820
-41883.6599
-41889.3149
-41898.2332
-41898.4567
-41910.0573
-41897.4733
-41891.7289
-41886.0739
-41883.1011
-41878.0943
-41879.2566
-41874.1827
-41876.1721
-41870.7853
-41871.7464
-41873.1099
-41875.6580
-41874.9874
-41872.1487
-41870.0253
-41872.6181
-41871.8582
-41877.2673
-41866.0244
-41868.6619
-41864.6833
-41870.3159
-41863.1633
-41867.3878
-41875.5686
-41867.0078
-41876.3285
-41866.7843
-41867.9019
-41864.4374
-41861.2411
-41862.8504
-41865.6891
-41862.2916
-41857.3295
-41859.8776
-41859.9223
-41859.9223
-41868.8183
-41867.2984
-41857.6872
-41851.7416
-41857.2401
-41855.3849
-41853.1945
-41854.1109
-41845.3490
-41847.8077
-41850.5122
-41850.2664
-41846.6677
-41852.9709
-41843.3820
-41845.3266
-41843.3373
-41853.8427
-41832.5861
-41834.0837
-41833.2567
-41833.2791
-41821.1421
-41836.5424
-41833.1002
-41824.4501
-41821.5444
-41825.7689
-41828.5181
-41832.6309
-41822.3043
-41815.5094
-41818.1693
-41819.5104
-41829.1887
-41837.8165
-41836.6542
-41833.0332
-41826.7970
-41817.2752
-41827.0206
-41818.7504
-41805.2723
-41813.9224
-41811.8437
-41797.7398
-41809.0051
-41797.0245
-41807.6416
-41808.7815
-41812.0672
-41810.5250
-41821.4997
-41824.4054
-41822.3267
-41822.7067
-41833.3685
-41822.9078
-41821.3879
-41821.2762
-41825.5677
-41823.8690
-41820.6280
-41826.0371
-41829.3004
-41832.5861
-41833.1673
-41826.6182
-41825.8136
-41821.0526
-41823.0867
-41831.6697
-41832.5638
-41839.8505
-41836.3636
-41838.9787
-41837.4365
-41847.3607
-41845.7290
-41846.6677
-41849.3053
-41850.4899
-41844.9243
-41845.8854
-41844.4326
-41841.7951
-41842.4656
-41845.9301
-41851.4734
-41849.5511
-41853.7309
-41855.8990
-41851.9204
-41855.0273
-41860.6376
-41853.0827
-41861.3752
-41855.1167
-41861.2858
-41862.9622
-41865.5326
-41861.2858
-41860.6376
-41855.2508
-41857.4413
-41861.3975
-41862.2246
-41867.4772
-41878.3402
-41879.2119
-41874.1604
-41867.4772
-41870.0477
-41871.3888
-41868.4607
-41861.2634
-41869.9583
-41865.8902
-41861.2187
-41867.9019
-41867.8349
-41875.4344
-41871.8805
-41879.1001
-41869.7795
-41870.6735
-41875.2109
-41875.3897
-41881.5141
-41891.3712
-41897.2944
-41907.7998
-41890.0525
-41897.8756
-41893.0029
-41895.8192
-41893.8076
-41896.5568
-41905.3858
-41906.5257
-41902.3236
-41896.3780
-41908.6491
-41916.5169
-41918.4616
-41910.6608
-41920.3614
-41927.3575
-41934.2642
-41932.1632
-41936.0524
-41933.1019
-41941.1933
-41929.3469
-41941.2603
-41932.5432
-41933.1019
-41941.3050
-41940.0086
-41932.3643
-41932.9008
-41935.1583
-41936.6335
-41944.0319
-41941.9309
-41941.4615
-41944.5460
-41954.0902
-41947.2059
-41939.8969
-41949.7093
-41944.0543
-41960.6616
-41954.3137
-41946.0883
-41950.7151
-41949.9999
-41951.7433
-41945.9765
-41957.8006
-41971.7034
-41966.0708
-41974.7879
-41973.6033
-41971.1446
-41973.4021
-41969.5353
-41958.8959
-41966.1378
-41968.6189
-41966.2719
-41980.3088
-41972.1951
-41976.8890
-41981.9182
-41979.3924
-41986.5897
-41990.7024
-41995.9103
-41987.1038
-42001.0960
-41993.9434
-42011.7130
-42007.8909
-41992.2000
-42009.8131
-42014.7976
-42012.6742
-42005.0299
-42028.6109
-42023.2465
-42011.0201
-42014.4399
-42017.5021
-42014.0153
-42016.6304
-42016.9210
-42025.9734
-42023.9841
-42029.8403
-42037.0376
-42034.3106
-42030.1532
-42029.8850
-42030.4214
-42033.7071
-42041.3067
-42041.0162
-42036.7023
-42027.9180
-42030.1756
-42030.5332
-42027.7169
-42033.0813
-42033.8860
-42025.3029
-42028.9909
-42023.6489
-42024.0959
-42014.7305
-42006.4380
-42033.3942
-42028.0969
-42028.9239
-42031.8520
-42031.9414
-42040.6362
-42027.2698
-42027.8957
-42025.2582
-42036.8811
-42035.0483
-42048.6605
-42040.2115
-42045.4195
-42024.9006
-42022.2407
-42037.6634
-42020.4079
-42026.7334
-42021.3913
-42021.6596
-42023.2018
-42024.2747
-42011.2436
-42017.1222
-42023.2465
-42033.2825
-42031.1143
-42021.7266
-42022.0172
-42027.8957
-42034.5118
-42036.0541
-42026.7334
-42036.4788
-42026.3758
-42029.2591
-42025.4817
-42031.9637
-42035.9870
-42035.3388
-42041.6867
-42040.5468
-42042.4690
-42042.0891
-42038.4457
-42046.0453
-42056.1483
-42049.7110
-42057.8694
-42050.0463
-42049.6886
-42047.9676
-42047.5429
-42042.2455
-42044.9277
-42047.7664
-42050.6721
-42050.4039
-42048.6605
-42049.2640
-42042.4243
-42055.8801
-42061.0657
-42050.4486
-42059.4340
-42058.6070
-42059.0987
-42050.7839
-42054.1143
-42049.3087
-42047.6323
-42050.0686
-42044.5477
-42047.6770
-42043.5643
-42051.5662
-42052.7061
-42049.4651
-42043.8101
-42055.5448
-42059.9704
-42054.4496
-42046.4700
-42045.2406
-42046.6712
-42047.2523
-42036.9481
-42040.5468
-42034.7577
-42033.4166
-42030.7344
-42029.0803
-42023.8053
-42038.9151
-42024.3641
-42029.0133
-42033.0142
-42043.0949
-42020.2737
-42025.0570
-42037.3952
-42035.7188
-42036.3894
-42034.1765
-42035.5847
-42035.5847
-42039.7198
-42018.9550
-42028.1192
-42029.2368
-42041.6420
-42029.4156
-42031.1367
-42014.2388
-42017.1445
-42021.0561
-42023.2689
-42024.5206
-42018.4633
-42014.1047
-42023.4477
-42010.5284
-41994.3681
-41962.6957
-42032.8578
-42021.6149
-42010.9307
-42011.3554
-42004.4934
-42002.5265
-42007.3097
-41998.5926
-41997.5867
-41996.4244
-42001.4983
-41992.0882
-41981.7170
-41984.5557
-41976.2185
-41984.6674
-41972.1728
-41974.3633
-41965.8696
-41966.1155
-41965.4449
-41967.7695
-41967.3225
-41960.6169
-41964.6850
-41965.1767
-41972.5975
-41962.8074
-41948.2117
-41937.6841
-41934.0407
-41927.0223
-41929.5480
-41927.0893
-41921.1438
-41917.2769
-41925.5471
-41924.4518
-41920.3838
-41919.3780
-41926.4635
-41926.7764
-41918.2157
-41915.1311
-41921.1438
-41914.5500
-41919.1545
-41921.8814
-41917.3440
-41913.1418
-41910.1691
-41911.0408
-41911.5549
-41923.0884
-41917.3887
-41913.8571
-41915.1758
-41911.4208
-41908.6044
-41911.8231
-41914.8629
-41911.2866
-41901.6083
-41909.7891
-41911.1972
-41910.6161
-41907.1739
-41909.3197
-41908.3139
-41912.4489
-41914.9523
-41914.2818
-41901.1837
-41906.1457
-41905.4305
-41912.0242
-41912.2925
-41906.9281
-41907.5986
-41906.1234
-41906.7716
-41900.2225
-41910.6161
-41898.3897
-41906.9728
-41908.8279
-41912.4713
-41905.7658
-41907.1292
-41902.1448
-41908.6491
-41913.1865
-41917.5451
-41914.2147
-41916.4275
-41928.6316
-41930.1515
-41927.1117
-41918.1039
-41910.7278
-41913.9018
-41917.2322
-41918.5063
-41923.2225
-41923.2225
-41929.4139
-41926.8211
-41930.5985
-41933.5490
-41936.6782
-41927.7599
-41921.7473
-41925.4129
-41934.3760
-41935.2477
-41939.2263
-41938.5781
-41945.4401
-41945.1942
-41948.9717
-41964.7967
-41954.5149
-41950.2681
-41954.0008
-41959.9464
-41958.5829
-41962.1145
-41964.5508
-41968.4177
-41969.5576
-41974.2515
-41974.0503
-41980.3535
-41979.3924
-41982.2087
-41986.1426
-41979.9736
-41978.9677
-41991.1047
-41979.3924
-41980.3982
-41982.2311
-41990.2330
-41990.3895
-41991.5518
-41997.2291
-41998.4361
-42004.2923
-41998.1232
-42005.4992
-42008.0473
-42015.7140
-42007.8685
-42009.4108
-42012.0930
-42006.2816
-42010.7072
-42014.6188
-42015.3564
-42023.4253
-42018.0833
-42024.2524
-42027.6722
-42027.7169
-42031.1367
-41967.7248
-41933.0796
-42126.3328
-42101.8353
-42069.3358
-42042.1338
-42045.4642
-42042.7596
-42043.4078
-42038.5128
-42051.9238
-42053.8461
-42054.8072
-42055.3660
-42047.9899
-42052.1026
-42060.3728
-42057.5118
-42064.7090
-42073.7391
-42056.1036
-42067.9724
-42070.3417
-42072.7556
-42072.9568
-42084.4903
-42086.5243
-42089.1395
-42091.4194
-42102.9529
-42090.7041
-42098.1025
-42098.1025
-42106.9985
-42092.1793
-42096.9849
-42100.9188
-42106.1715
-42114.1734
-42110.8654
-42120.1413
-42113.1005
-42127.4057
-42122.1530
-42120.1637
-42120.8566
-42128.9256
-42121.7283
-42122.3989
-42125.8410
-42127.8527
-42133.9771
-42138.1792
-42130.4902
-42138.6933
-42141.7108
-42147.9693
-42145.5553
-42142.0461
-42148.0363
-42154.5630
-42144.0354
-42145.4659
-42154.9877
-42147.8575
-42148.1704
-42140.3250
-42144.3483
-42143.6554
-42155.4794
-42153.2219
-42164.7331
-42155.9265
-42157.8264
-42149.5115
-42152.3055
-42148.6398
-42142.7613
-42146.4717
-42146.2705
-42148.0587
-42152.3502
-42156.0606
-42152.8643
-42151.2773
-42149.1092
-42150.5397
-42157.2005
-42163.4143
-42155.7477
-42159.5698
-42166.9682
-42156.0382
-42154.4066
-42154.2948
-42153.1772
-42157.3570
-42161.3133
-42153.5125
-42159.0781
-42164.1743
-42165.3366
-42164.9342
-42160.7768
-42100.4495
-42148.9304
-42196.3161
-42192.5163
-42169.3152
-42168.0858
-42162.2297
-42169.7622
-42156.6194
-42167.5270
-42164.1296
-42170.5669
-42162.3638
-42164.1072
-42162.9896
-42167.2141
-42169.8069
-42154.2054
-42153.1772
-42167.3482
-42149.5562
-42158.7205
-42156.2618
-42165.4707
-42163.8614
-42166.0071
-42168.8905
-42170.1869
-42167.3035
-42168.9128
-42159.6369
-42165.4260
-42156.4853
-42159.3016
-42151.6797
-42153.6466
-42153.2443
-42162.5202
-42171.3045
-42161.9838
-42159.0334
-42149.8245
-42147.1422
-42141.5767
-42146.9634
-42140.0791
-42155.7253
-42139.3191
-42147.2987
-42135.9217
-42137.4639
-42140.7944
-42144.3930
-42144.0130
-42154.9430
-42151.4561
-42145.8458
-42150.3385
-42152.1937
-42153.4454
-42147.9246
-42165.0236
-42145.2647
-42155.6583
-42154.1607
-42156.3065
-42154.7418
-42162.0956
-42159.7933
-42165.3366
-42156.8429
-42158.9663
-42153.9372
-42155.9265
-42147.4328
-42155.6359
-42152.9090
-42139.7438
-42145.5106
-42142.8060
-42144.8624
-42139.1180
-42140.3250
-42135.0723
-42144.1024
-42144.4600
-42145.8906
-42146.3599
-42141.2414
-42146.4940
-42139.8556
-42140.3026
-42140.6602
-42134.0218
-42135.0053
-42133.7089
-42136.1899
-42130.4231
-42134.8488
-42129.5738
-42135.4746
-42132.3007
-42133.7759
-42121.0801
-42124.6340
-42121.3483
-42122.6000
-42130.6467
-42128.9703
-42139.1180
-42134.4018
-42128.8138
-42130.1773
-42113.8829
-42104.9422
-42109.9713
-42110.9548
-42102.5505
-42108.2279
-42102.9529
-42091.9781
-42101.8576
-42084.7138
-42091.1064
-42084.7585
-42092.1346
-42092.1346
-42091.3523
-42095.8450
-42089.5418
-42087.1949
-42085.6526
-42087.4854
-42086.6361
-42088.4913
-42079.0812
-42082.8586
-42083.7527
-42081.6740
-42075.8625
-42081.6293
-42071.9957
-42069.2911
-42069.7605
-42067.9500
-42065.7372
-42063.0326
-42058.8305
-42067.0783
-42062.9656
-42061.6245
-42059.9481
-42051.7227
-42048.0123
-42044.5030
-42043.6984
-42043.1172
-42056.4165
-42033.7071
-42029.2368
-42033.5060
-42031.0026
-42025.9064
-42030.1532
-42031.0249
-42032.4331
-42026.9793
-42025.8170
-42019.5361
-42028.1192
-42011.3330
-42010.3719
-42010.7519
-42003.1970
-41996.4691
-41997.3856
-41998.0338
-42000.0901
-41998.8161
-41998.8831
-41996.7374
-42008.2709
-42011.5342
-41995.8209
-41986.4109
-41974.2739
-41986.2767
-41972.6869
-41979.8618
-41979.0124
-41978.3419
-41957.5771
-41968.1271
-41966.7413
-41885.9845
-41713.3172
-41719.4863
-41772.3705
-41820.2033
-41855.5637
-41877.4908
-41900.7590
-41929.3021
-41925.6812
-41938.9357
-41949.3517
-41950.4916
-41955.0514
-41960.2370
-41960.8405
-41960.6169
-41957.0407
-41966.2496
-42239.6561
-42407.3389
-42262.1420
-42111.4018
-42041.0609
-41988.8695
-41969.8035
-41960.1252
-41967.3448
-41958.9629
-41958.1359
-41957.6665
-41959.8346
-41954.8278
-41956.6383
-41961.2428
-41951.4080
-41951.6539
-41952.9279
-41956.8842
-41952.2350
-41957.3759
-41958.7170
-41959.6111
-41956.4148
-41956.5936
-41954.9843
-41966.6072
-41962.3604
-41963.9250
-41959.4770
-41963.5003
-41963.4556
-41969.3118
-41967.0766
-41967.2331
-41969.8706
-41975.6373
-41976.8443
-41978.2972
-41983.1922
-41983.7510
-41980.4206
-41975.9055
-41973.5139
-41974.1621
-41972.7092
-41979.9736
-41982.7452
-41971.0776
-41975.7938
-41977.4925
-41983.7286
-41975.4809
-41980.2641
-41980.3982
-41983.6392
-41985.4274
-41991.6412
-41988.0872
-41997.2515
-41997.0726
-41996.5138
-41997.7879
-42004.4487
-42002.3700
-42008.9638
-42006.4380
-42007.7344
-42004.4711
-42011.7354
-42015.6693
-42011.4895
-42014.5293
-42020.2290
-42028.4321
-42022.2407
-42028.3651
-42029.2144
-42038.4234
-42038.9375
-42043.9442
-42043.0502
-42040.4574
-42039.2504
-42043.3855
-42044.9724
-42050.2921
-42045.7547
-42045.7547
-42046.2688
-42045.6430
-42053.0414
-42057.8023
-42060.4622
-42057.3106
-42059.8363
-42056.8412
-42060.1716
-42053.5778
-42056.9753
-42057.2659
-42055.5895
-42065.1784
-42062.2950
-42064.1726
-42068.1065
-42069.3358
-42076.8907
-42072.8674
-42078.8800
-42082.3669
-42094.4368
-42092.6934
-42091.1511
-42093.3863
-42085.8761
-42078.9247
-42079.7964
-42082.3445
-42089.2512
-42081.7857
-42081.2493
-42084.3115
-42085.1385
-42081.0034
-42091.4417
-42088.4242
-42089.8324
-42091.3523
-42097.5437
-42104.5845
-42107.8032
-42110.4630
-42108.2502
-42117.9062
-42108.1385
-42117.1462
-42121.4377
-42118.2414
-42118.0179
-42123.5165
-42120.4543
-42123.1365
-42125.3046
-42125.4387
-42127.5621
-42132.2113
-42132.1666
-42127.0033
-42131.8313
-42130.9149
-42130.3784
-42129.3726
-42141.5543
-42137.4416
-42138.7827
-42138.0227
-42136.5252
-42131.1831
-42146.4493
-42132.1219
-42138.1121
-42139.2744
-42140.2356
-42133.7983
-42140.7049
-42133.7536
-42137.8216
-42138.1345
-42132.3454
-42132.2336
-42137.9557
-42126.8692
-42123.6953
-42129.3279
-42117.3474
-42108.4961
-42110.6866
-42113.2347
-42114.8663
-42118.9120
-42113.4358
-42117.9956
-42113.1229
-42114.8663
-42103.0870
-42099.2648
-42101.9023
-42094.4815
-42091.5311
-42088.3572
-42090.6370
-42089.3406
-42087.0161
-42085.0268
-42079.4388
-42078.6118
-42081.3834
-42072.5992
-42073.3144
-42067.4136
-42067.0559
-42069.4029
-42076.1755
-42065.7372
-42062.9209
-42052.2144
-42061.9374
-42066.9442
-42063.8373
-42038.4010
-42045.0618
-42043.4972
-42039.8986
-42032.5225
-42035.4059
-42020.6314
-42015.8928
-42013.6129
-42008.9191
-42005.7004
-42015.9599
-42010.1931
-42000.5372
-41987.9531
-41981.7617
-41974.7209
-41979.6159
-41974.9891
-41967.4789
-41969.2000
-41968.6859
-41970.8540
-41960.5946
-41966.5178
-41961.9580
-41970.2058
-41963.5897
-41963.5674
-41967.5460
-41966.2719
-41965.1096
-41971.8152
-41959.9017
-41964.2156
-41967.1437
-41952.8162
-41960.6840
-41955.5207
-41959.6111
-41962.6062
-41962.4274
-41966.3166
-41967.3672
-41965.1096
-41965.0649
-41963.9250
-41958.6500
-41962.0475
-41950.2457
-41946.5800
-41956.9289
-41956.0125
-41964.0591
-41955.8560
-41959.9464
-41956.1242
-41965.7131
-41960.1252
-41951.3410
-41952.3021
-41970.8540
-41950.2457
-41954.1796
-41966.4284
-41962.7404
-41971.8152
-41970.7646
-41971.9046
-41963.0533
-41965.6237
-41969.7141
-41974.3633
-41989.0260
-41973.4915
-41971.8822
-41982.5217
-41981.0464
-41979.0795
-41988.1766
-41995.3739
-41984.6451
-41988.3108
-41986.7908
-42005.7675
-42005.6557
-41993.0270
-42005.7004
-42001.9900
-42005.7675
-41999.8443
-42000.4030
-42002.0347
-41999.8443
-41994.5692
-41998.9725
-42009.0755
-42014.0600
-42001.1407
-42007.4885
-42001.9006
-42011.2660
-42009.2767
-42011.9813
-42014.5070
-42018.3738
-42010.7072
-42008.1815
-42011.3778
-42014.1270
-42014.9093
-42016.5410
-42013.6800
-42017.6362
-42019.4691
-42021.4807
-42018.2174
-42027.0240
-42035.8753
-42034.5789
-42037.7975
-42029.3486
-42016.5857
-42020.1173
-42026.8899
-42027.7169
-42030.2203
-42031.1143
-42034.6459
-42031.0473
-42035.1600
-42036.5235
-42046.3806
-42048.0123
-42040.5691
-42039.6304
-42047.7217
-42052.3485
-42061.6021
-42062.9432
-42061.8480
-42073.2921
-42071.3922
-42083.4845
-42077.0025
-42079.9306
-42082.8586
-42084.4233
-42082.7469
-42082.3669
-42084.4456
-42090.5253
-42090.9053
-42098.5719
-42092.8275
-42099.9577
-42096.1132
-42108.5855
-42097.4320
-42104.1598
-42114.6205
-42109.7478
-42109.4796
-42111.5359
-42117.0121
-42122.2201
-42121.6389
-42112.3406
-42112.8770
-42115.5592
-42119.2920
-42119.4037
-42126.4445
-42119.0908
-42125.6846
-42120.9237
-42122.9130
-42121.6613
-42125.9975
-42118.7108
-42118.3309
-42117.4815
-42119.3814
-42121.0354
-42126.8245
-42115.1569
-42114.4193
-42108.8090
-42112.7876
-42118.6438
-42126.8916
-42127.4280
-42128.5232
-42118.0626
-42111.6253
-42110.6642
-42105.9033
-42105.7468
-42101.9023
-42101.7459
-42096.2026
-42101.6341
-42091.3746
-42101.2094
-42095.7109
-42098.7060
-42094.7721
-42102.1705
-42094.1463
-42079.7070
-42079.9976
-42078.3883
-42084.1997
-42079.7964
-42075.1249
-42073.3591
-42084.4680
-42082.4116
-42081.9869
-42078.6342
-42081.9646
-42072.5321
-42072.1968
-42070.9004
-42067.7712
-42067.2124
-42061.8256
-42063.5020
-42074.0073
-42068.7547
-42062.3174
-42061.2221
-42057.8917
-42050.6721
-42061.4010
-42051.3650
-42054.1366
-42046.5818
-42044.4360
-42047.7217
-42043.5643
-42046.7829
-42051.6779
-42042.5137
-42041.5973
-42053.3096
-42044.5701
-42038.3116
-42036.2329
-42037.2611
-42033.7071
-42035.3835
-42030.4438
-42032.4554
-42028.3427
-42027.7616
-42027.5828
-42024.4982
-42024.1630
-42022.3301
-42026.7110
-42027.8510
-42031.1814
-42036.4117
-42035.0259
-42034.6906
-42027.0910
-42037.3058
-42023.1795
-42027.9627
-42028.4768
-42024.9900
-42025.6829
-42019.9161
-42022.5089
-42016.6751
-42018.5750
-42018.2844
-42022.8442
-42021.9725
-42027.1804
-42030.3097
-42035.3835
-42032.7684
-42033.1484
-42036.1658
-42031.9861
-42034.2436
-42036.2105
-42041.5303
-42039.8092
-42037.4175
-42032.5225
-42036.0541
-42041.2620
-42041.2844
-42044.4583
-42052.0579
-42047.7664
-42050.5827
-42059.1434
-42064.8878
-42059.5011
-42064.1055
-42055.9695
-42062.0268
-42071.6604
-42065.6478
-42070.5652
-42070.4087
-42074.5438
-42073.0239
-42078.5671
-42081.8081
-42084.8256
-42082.9033
-42075.5720
-42081.2493
-42081.2717
-42080.0423
-42084.6244
-42083.7080
-42088.3572
-42088.8936
-42089.8100
-42091.8887
-42093.7216
-42086.4349
-42091.0841
-42091.5535
-42093.6545
-42088.2231
-42090.9500
-42093.0957
-42109.7925
-42103.4669
-42104.5398
-42105.4115
-42099.1531
-42097.4543
-42104.7633
-42112.0053
-42101.0753
-42112.9888
-42118.0850
-42110.1948
-42109.2784
-42113.3241
-42118.0179
-42120.5660
-42120.8789
-42124.0305
-42121.3260
-42133.4630
-42127.0257
-42128.8585
-42122.5106
-42131.3396
-42138.8498
-42129.0597
-42132.7030
-42142.1355
-42141.9343
-42146.0023
-42146.2258
-42141.2190
-42151.7914
-42154.1830
-42158.7428
-42156.7311
-42165.4483
-42162.4085
-42160.9780
-42167.8400
-42164.2860
-42158.0946
-42167.4600
-42165.0013
-42172.2656
-42173.1820
-42169.0246
-42172.9585
-42182.2568
-42174.9702
-42181.9886
-42177.5853
-42186.3472
-42194.5279
-42192.2481
-42197.8584
-42201.0323
-42203.7592
-42204.0945
-42200.2053
-42197.7242
-42201.8370
-42198.5066
-42202.4405
-42198.1489
-42195.0867
-42197.5901
-42194.0586
-42200.0935
-42200.6970
-42209.5930
-42209.7048
-42211.2247
-42222.8923
-42223.8534
-42223.6299
-42215.9633
-42222.1994
-42214.9351
-42217.7514
-42214.3092
-42209.5483
-42207.2461
-42212.4987
-42213.6834
-42206.8214
-42214.4657
-42213.1246
-42213.3928
-42209.0789
-42215.2927
-42220.6795
-42228.6144
-42227.1838
-42227.6309
-42233.9341
-42218.1314
-42226.2227
-42242.1372
-42239.6338
-42247.2557
-42240.6843
-42239.5220
-42241.4443
-42249.6473
-42253.9836
-42256.8670
-42254.6541
-42249.9603
-42246.1381
-42251.1002
-42255.5259
-42259.6162
-42251.6814
-42252.6648
-42258.4986
-42254.3859
-42262.1643
-42252.9778
-42259.4598
-42254.2295
-42261.3597
-42255.9058
-42257.3587
-42258.8116
-42258.2975
-42254.1177
-42258.1634
-42247.2334
-42252.4637
-42254.6094
-42262.1867
-42265.4277
-42267.4393
-36784.7799
-73564.0390
-73564.4637
-73573.2926
-73569.9846
-73568.4423
-73567.3918
-73588.3130
-73580.4005
-73579.7523
-73578.2100
-73582.5909
-73578.0088
-73579.3276
-73587.8213
-73592.5375
-73586.4802
-73583.5074
-73588.3800
-73582.6357
-73587.0166
-73586.6590
-73591.6658
-73586.7707
-73586.4354
-73585.3402
-73587.3072
-73581.8310
-73592.8504
-73590.8611
-73587.2848
-73593.1633
-73602.9757
-73587.2625
-73590.6599
-73592.8504
-73597.4102
-73594.5044
-73596.2926
-73596.8737
-73589.2741
-73589.6988
-73598.1478
-73590.0117
-73588.9165
-73587.7318
-73596.9184
-73603.1322
-73596.2926
-73599.4889
-73596.6502
-73602.2605
-73603.0875
-73591.8893
-73597.1643
-73605.0992
-73596.9408
-73595.8008
-73595.9126
-73606.5744
-73607.2002
-73603.4451
-73604.2721
-73602.7969
-73596.3596
-73601.9476
-73605.6803
-73601.0982
-73601.0311
-73598.4383
-73600.6512
-73602.7522
-73601.5452
-73599.2430
-73609.3236
-73610.7318
-73606.7755
-73618.0185
-73614.0846
-73616.1856
-73617.3479
-73609.3683
-73607.9155
-73618.6890
-73615.4704
-73609.1225
-73609.4130
-73615.2468
-73609.0778
-73612.0058
-73612.9446
-73615.0904
-73616.7221
-73622.0865
-73621.8853
-73626.8250
-73619.0466
-73620.9689
-73624.4781
-73622.7794
-73621.3042
-73624.2099
-73621.2818
-73616.4315
-73614.6433
-73623.1594
-73620.6336
-73624.1205
-73624.2322
-73621.1924
-73619.0690
-73613.0564
-73612.0729
-73622.3100
-73625.7969
-73625.7969
-73616.7444
-73614.1069
-73631.8989
-73628.6355
-73632.3459
-73622.3547
-73623.2264
-73625.1487
-73624.3664
-73620.1195
-73614.8222
-73617.9961
-73625.2828
-73629.7084
-73618.6890
-73612.8999
-73612.0282
-73611.3353
-73613.3917
-73622.8241
-73617.2809
-73609.8824
-73606.8426
-73605.0321
-73606.6191
-73607.7814
-73604.2051
-73602.3946
-73606.1497
-73618.8455
-73608.4072
-73614.3975
-73607.2673
-73604.1380
-73607.7367
-73606.9991
-73603.7580
-73615.0680
-73604.3839
-73605.3897
-73605.7921
-73615.9845
-73608.0943
-73612.5870
-73609.8154
-73610.7094
-73613.8610
-73611.6035
-73606.2391
-73604.7415
-73609.3236
-73603.8922
-73606.5297
-73600.4500
-73602.3499
-73602.7746
-73596.2255
-73597.2313
-73603.7357
-73600.7182
-73600.2488
-73604.8756
-73597.5666
-73601.1876
-73602.3722
-73595.7114
-73602.2158
-73601.8582
-73596.3596
-73597.7678
-73591.8893
-73590.1905
-73596.7396
-73592.7610
-73593.4092
-73595.0185
-73602.9087
-73591.5987
-73588.5812
-73590.6599
-73583.7756
-73580.2217
-73589.4529
-73588.7153
-73577.2489
-73572.6444
-73574.2537
-73577.6512
-73574.8572
-73581.9651
-73576.8465
-73579.9087
-73584.1556
-73580.3111
-73579.1935
-73575.8184
-73568.5988
-73571.1022
-73571.3927
-73569.5599
-73571.1245
-73573.3373
-73578.1206
-73579.0817
-73569.3140
-73572.0856
-73575.2149
-73574.0079
-73582.2110
-73573.4938
-73578.6123
-73581.2722
-73590.4811
-73584.4461
-73590.6599
-73584.4238
-73585.6084
-73582.0098
-73589.0059
-73589.9223
-73590.2129
-73588.4248
-73582.5686
-73586.0555
-73585.0943
-73588.2906
-73588.7377
-73591.8446
-73596.0690
-73606.7085
-73602.4393
-73591.1517
-73603.5569
-73603.1993
-73608.4743
-73609.2342
-73603.6016
-73614.4422
-73621.4383
-73620.2760
-73615.6492
-73616.0739
-73615.1127
-73620.8571
-73625.7969
-73624.7687
-73623.1370
-73621.8406
-73631.7648
-73634.6258
-73644.7064
-73633.6423
-73625.9980
-73631.1613
-73638.2915
-73629.1049
-73636.0563
-73644.5053
-73648.4615
-73642.8736
-73645.3099
-73642.4713
-73644.5947
-73646.0923
-73656.3741
-73649.6015
-73657.1564
-73649.6015
-73652.7754
-73645.6229
-73651.3002
-73652.9542
-73654.1836
-73652.5296
-73654.6977
-73660.8221
-73663.0349
-73662.9902
-73671.5509
-73683.4197
-73684.5373
-73670.0086
-73673.8978
-73680.6033
-73682.1456
-73683.5761
-73682.4138
-73685.8337
-73685.5878
-73683.6655
-73687.9571
-73692.2486
-73693.4556
-73697.5236
-73702.3516
-73692.7403
-73697.4119
-73695.0873
-73698.6412
-73707.7160
-73710.5323
-73713.3934
-73713.9521
-73706.2631
-73712.6334
-73711.1135
-73719.8083
-73719.8754
-73726.3574
-73727.2961
-73730.0007
-73722.9376
-73725.5751
-73724.5916
-73726.1339
-73731.9230
-73732.3476
-73734.8287
-73733.5323
-73721.1494
-73724.3457
-73737.6674
-73741.0425
-73751.8384
-73746.0046
-73746.1163
-73747.4127
-73748.1280
-73744.2164
-73742.7859
-73738.0473
-73746.0046
-73742.9647
-73742.0930
-73745.1999
-73743.8364
-73743.4565
-73749.2009
-73748.6421
-73751.4584
-73750.7208
-73751.3466
-73743.3894
-73752.3748
-73749.8491
-73758.5215
-73758.5886
-73765.2271
-73761.9190
-73775.1289
-73769.4292
-73770.3680
-73767.2611
-73768.2445
-73774.3689
-73775.1736
-73774.5254
-73781.8344
-73785.5671
-73784.2931
-73789.9704
-73788.1152
-73792.6750
-73785.8801
-73787.8470
-73793.7032
-73798.8217
-73796.8548
-73796.9442
-73795.4019
-73797.7488
-73793.0550
-73791.2892
-73795.5360
-73795.1337
-73791.6692
-73792.4515
-73789.6575
-73794.2173
-73795.6254
-73791.5351
-73793.4126
-73794.6419
-73791.4456
-73792.4962
-73796.6089
-73796.3630
-73801.7275
-73799.4476
-73805.6167
-73803.8509
-73803.2474
-73801.4145
-73800.5205
-73801.3698
-73800.0511
-73801.6827
-73802.9121
-73802.5545
-73804.1861
-73803.7168
-73805.3484
-73804.1191
-73806.8907
-73806.5778
-73806.0637
-73805.9966
-73807.0695
-73807.0472
-73803.0909
-73800.5875
-73796.6536
-73798.1288
-73796.1619
-73799.6040
-73804.0297
-73801.4816
-73795.4913
-73790.0598
-73793.4350
-73793.9937
-73791.7809
-73795.5137
-73797.3912
-73797.7488
-73801.5039
-73792.5185
-73800.4758
-73809.8411
-73805.4378
-73802.3086
-73803.7615
-73800.5205
-73804.7673
-73797.5030
-73797.3465
-73798.1735
-73800.0511
-73798.8441
-73810.7799
-73803.5156
-73806.1531
-73799.1794
-73800.0734
-73799.1570
-73811.4281
-73805.2143
-73798.1288
-73794.3961
-73798.6206
-73801.0569
-73804.9014
-73804.2979
-73802.7780
-73799.6487
-73802.5321
-73801.5039
-73801.4145
-73799.4252
-73795.6701
-73788.7634
-73782.4379
-73794.6419
-73790.9539
-73794.1279
-73787.4670
-73792.7420
-73794.5302
-73794.9102
-73788.9646
-73790.4398
-73798.3076
-73792.4962
-73793.2785
-73799.3582
-73790.4845
-73795.9607
-73787.9364
-73792.7868
-73793.0550
-73792.2056
-73792.1609
-73792.7197
-73795.0890
-73798.4194
-73791.7139
-73785.6565
-73787.1988
-73782.6391
-73784.0919
-73780.0239
-73778.6157
-73772.9161
-73776.1347
-73774.4583
-73775.6877
-73775.9335
-73781.3874
-73777.0288
-73775.2183
-73775.5536
-73779.0181
-73785.5671
-73782.4826
-73764.0201
-73774.4136
-73760.8908
-73768.9151
-73768.4904
-73767.6187
-73765.8305
-73771.4855
-73772.4243
-73768.3116
-73780.0016
-73774.4360
-73776.9170
-73776.2018
-73775.6653
-73765.9870
-73765.2271
-73765.2718
-73764.2212
-73759.3262
-73760.9579
-73755.2135
-73749.8938
-73754.4982
-73755.5040
-73763.2824
-73755.0570
-73753.5371
-73753.2689
-73758.3427
-73754.6547
-73749.5808
-73747.0998
-73756.2640
-73745.4011
-73750.4749
-73748.2174
-73750.0502
-73745.8704
-73754.1853
-73751.9948
-73745.2222
-73738.3826
-73744.1717
-73746.6080
-73746.9657
-73746.2728
-73743.5459
-73736.5498
-73738.4497
-73735.8345
-73726.7597
-73732.9958
-73731.1183
-73744.8646
-73737.9132
-73735.8122
-73737.9132
-73731.1630
-73729.5984
-73728.9725
-73727.6985
-73726.6032
-73721.7976
-73731.2300
-73722.1552
-73727.2514
-73731.6100
-73736.5498
-73730.4924
-73737.7344
-73737.4438
-73734.5158
-73730.5371
-73730.9395
-73750.0726
-73735.3651
-73743.3670
-73732.8170
-73731.1183
-73730.5595
-73726.2903
-73734.0911
-73735.6557
-73731.8112
-73732.7500
-73726.2233
-73722.8034
-73721.9541
-73723.0493
-73715.7403
-73730.7830
-73728.4137
-73726.0221
-73721.4176
-73723.4740
-73725.3068
-73726.2233
-73726.1339
-73715.8968
-73714.0639
-73705.5255
-73705.5479
-73700.9658
-73719.9871
-73711.1805
-73710.8006
-73716.0085
-73716.5002
-73704.1174
-73715.2709
-73710.0853
-73731.1183
-73729.2184
-73725.4409
-73707.4031
-73712.8122
-73716.8579
-73714.7568
-73719.7860
-73712.6781
-73715.7850
-73704.4527
-73708.0960
-73698.2389
-73693.6568
-73704.6091
-73701.4352
-73704.8326
-73704.8550
-73701.0775
-73689.1641
-73692.5168
-73691.1981
-73689.4993
-73695.3778
-73687.3983
-73689.6558
-73691.3322
-73694.8414
-73699.5353
-73698.8424
-73692.8745
-73692.8968
-73689.3652
-73689.7229
-73684.1349
-73679.6199
-73682.7268
-73686.2583
-73685.6101
-73683.3750
-73684.4255
-73684.6714
-73679.7093
-73675.2389
-73675.4177
-73681.7209
-73679.6422
-73673.9425
-73668.7122
-73666.4323
-73667.0135
-73666.2982
-73681.8327
-73665.3371
-73675.3730
-73669.9639
-73666.3206
-73666.7453
-73671.3050
-73668.7793
-73661.5373
-73663.0796
-73667.7511
-73666.6559
-73659.3021
-73662.2079
-73656.7987
-73656.8658
-73655.9494
-73657.5587
-73649.3780
-73653.3342
-73650.4508
-73650.6744
-73643.0524
-73641.8007
-73641.2419
-73647.8357
-73645.3993
-73645.9805
-73632.5918
-73634.3576
-73635.4305
-73641.1302
-73636.9504
-73637.1516
-73632.9047
-73634.2011
-73630.2896
-73631.4519
-73625.9310
-73620.9018
-73617.9291
-73612.7435
-73613.0340
-73617.7726
-73619.5384
-73621.6394
-73620.4101
-73611.4918
-73615.3363
-73616.8338
-73626.9368
-73621.0136
-73622.2206
-73623.3829
-73622.4218
-73619.2255
-73621.5500
-73621.0807
-73620.9465
-73624.2322
-73623.3158
-73622.4218
-73623.6064
-73627.3391
-73620.0301
-73618.8678
-73622.7794
-73626.6686
-73622.4888
-73615.4257
-73614.8445
-73612.7211
-73615.3363
-73609.1448
-73609.8154
-73615.8280
-73609.7036
-73609.0554
-73609.1001
-73611.0447
-73611.1788
-73607.7367
-73609.5248
-73614.5763
-73609.1001
-73610.6424
-73609.4801
-73610.6871
-73609.8154
-73609.7260
-73609.2566
-73608.7648
-73611.3353
-73584.7144
-73538.2674
-73637.2633
-73633.6870
-73619.8513
-73612.1847
-73602.7746
-73599.9135
-73597.3207
-73606.1944
-73605.0992
-73601.8582
-73604.8533
-73599.7347
-73600.6065
-73594.2362
-73591.8222
-73595.5997
-73595.6667
-73596.5831
-73602.8640
-73608.0943
-73600.7182
-73602.7522
-73600.8523
-73601.5229
-73607.4237
-73599.7571
-73602.9757
-73599.2206
-73605.5015
-73602.2158
-73603.7580
-73607.7143
-73610.2624
-73605.8815
-73607.3567
-73605.7027
-73606.5297
-73600.6065
-73598.9524
-73592.9845
-73599.3101
-73602.6405
-73599.0418
-73602.0370
-73605.5909
-73607.3120
-73604.4733
-73602.1040
-73602.5734
-73610.7988
-73605.6356
-73610.9553
-73605.7250
-73607.5578
-73594.9068
-73597.3655
-73592.9398
-73597.0749
-73594.5268
-73599.2877
-73596.2702
-73602.1040
-73604.5851
-73607.4461
-73601.7017
-73602.1711
-73598.1701
-73595.1750
-73596.6055
-73599.1089
-73597.7901
-73603.4228
-73596.7620
-73597.1643
-73600.0700
-73599.5112
-73601.2323
-73600.9194
-73596.3820
-73595.9126
-73594.2139
-73590.4588
-73591.7999
-73593.6104
-73596.6725
-73591.1740
-73593.4315
-73593.6774
-73598.5724
-73603.3781
-73614.0622
-73599.4218
-73602.0146
-73604.8756
-73609.7036
-73610.1730
-73605.1215
-73607.4014
-73610.7094
-73617.1020
-73613.4140
-73612.7882
-73609.1225
-73614.7998
-73616.8338
-73620.8348
-73620.4772
-73621.6618
-73619.6054
-73618.4878
-73611.1341
-73596.2032
-73599.7571
-73612.4752
-73620.2760
-73620.6113
-73619.2255
-73627.2050
-73631.4742
-73661.9843
-73649.1991
-73641.6890
-73634.3576
-73627.4956
-73627.0486
-73623.8746
-73629.4626
-73632.1224
-73632.6812
-73631.5413
-73636.9951
-73638.6938
-73641.3984
-73636.2351
-73634.3129
-73634.8717
-73636.8386
-73633.0388
-73634.8046
-73635.4305
-73639.8114
-73639.3867
-73637.5092
-73640.3702
-73644.3041
-73643.7900
-73644.1477
-73640.2361
-73643.9241
-73646.7628
-73641.9795
-73647.2098
-73643.9912
-73645.8687
-73651.9931
-73652.6637
-73649.9591
-73659.7492
-73658.1398
-73662.5431
-73659.5927
-73654.0048
-73661.3808
-73662.8114
-73655.6141
-73656.6870
-73656.1505
-73665.1583
-73664.3089
-73666.0077
-73667.3935
-73669.1146
-73670.4333
-73667.8629
-73671.1933
-73668.8910
-73669.8522
-73660.3750
-73661.3361
-73666.8123
-73673.2273
-73666.7006
-73662.4761
-73669.8969
-73670.2321
-73669.7628
-73671.0592
-73673.4508
-73676.3342
-73675.4177
-73678.6811
-73676.3789
-73676.0436
-73673.5178
-73679.7316
-73682.3915
-73677.3176
-73673.3167
-73674.3449
-73671.7297
-73678.5693
-73682.0115
-73680.4245
-73678.3905
-73670.3886
-73679.9775
-73680.0669
-73676.2224
-73675.4848
-73682.5927
-73674.9707
-73678.2788
-73677.4294
-73683.1961
-73675.9765
-73678.5246
-73674.7472
-73674.6354
-73675.1942
-73665.7618
-73667.5946
-73675.8648
-73676.0436
-73672.1991
-73677.9882
-73677.7870
-73676.8036
-73681.5421
-73687.0406
-73683.7996
-73689.6335
-73680.7822
-73682.7938
-73692.3604
-73691.4663
-73685.1631
-73685.3196
-73689.0747
-73684.9172
-73681.6539
-73687.7336
-73683.2632
-73686.5489
-73686.7948
-73687.8230
-73685.7219
-73690.7063
-73691.2204
-73687.1524
-73686.4372
-73683.1067
-73686.9289
-73681.8774
-73692.1592
-73693.1427
-73690.5275
-73687.5994
-73694.2826
-73698.6636
-73700.7646
-73688.7170
-73692.1816
-73692.9415
-73691.9133
-73689.9017
-73696.4284
-73694.8861
-73692.6062
-73691.1087
-73687.5994
-73690.5052
-73691.2651
-73690.4158
-73695.0873
-73687.3983
-73688.9629
-73694.1262
-73690.8404
-73686.3701
-73683.9561
-73691.2428
-73690.9075
-73696.0261
-73690.1699
-73692.4945
-73687.4653
-73688.9853
-73691.5557
-73699.6470
-73693.2544
-73685.2972
-73684.4702
-73690.0805
-73685.7890
-73687.3312
-73685.4760
-73688.8735
-73689.0076
-73690.1699
-73691.2875
-73698.8200
-73704.9891
-73707.1796
-73707.5819
-73701.0999
-73703.1116
-73706.7996
-73711.0911
-73703.4245
-73706.6655
-73707.1125
-73706.6431
-73708.4536
-73706.3749
-73703.8939
-73709.6830
-73715.7626
-73715.0250
-73711.6052
-73714.4215
-73711.8511
-73717.9531
-73711.0017
-73708.0960
-73702.1951
-73712.6334
-73715.0250
-73709.0124
-73708.0066
-73710.8006
-73718.7354
-73712.2534
-73710.7782
-73715.1815
-73717.0814
-73714.8015
-73716.3661
-73715.0027
-73716.9696
-73712.4099
-73713.4604
-73709.5712
-73714.6674
-73711.8287
-73709.8171
-73711.9852
-73708.6324
-73714.4215
-73717.3049
-73712.2311
-73711.4488
-73708.8112
-73707.7160
-73708.9454
-73703.9162
-73705.9055
-73702.8657
-73703.6703
-73707.4254
-73710.9347
-73699.8706
-73712.2758
-73703.3798
-73711.0911
-73713.2816
-73711.8734
-73703.6256
-73704.7656
-73707.7160
-73710.5994
-73705.1903
-73709.7053
-73709.6159
-73711.7617
-73715.5168
-73713.5051
-73717.7743
-73714.6227
-73710.2194
-73707.4478
-73720.2553
-73720.7694
-73726.9385
-73723.1387
-73731.4983
-73733.7558
-73727.8326
-73712.9687
-73732.5041
-73737.9803
-73736.3039
-73727.0056
-73730.6489
-73727.6314
-73728.1902
-73731.3865
-73730.7607
-73730.2242
-73726.1562
-73728.3690
-73723.2728
-73724.8151
-73721.1047
-73722.5576
-73730.9842
-73731.0959
-73725.3068
-73720.3447
-73714.6674
-73710.6441
-73728.9278
-73727.0726
-73720.5236
-73725.8656
-73721.1718
-73718.1990
-73716.9920
-73723.4069
-73723.2728
-73723.5410
-73719.2942
-73722.4682
-73720.4565
-73725.3068
-73725.8880
-73721.2388
-73722.4235
-73717.3720
-73719.1825
-73722.4682
-73724.3904
-73723.7199
-73723.4516
-73722.8705
-73717.6402
-73715.9862
-73718.4672
-73715.0697
-73720.6577
-73709.7053
-73714.2874
-73713.4604
-73710.7559
-73705.7044
-73713.6392
-73711.1358
-73713.2816
-73712.0746
-73711.2252
-73713.7063
-73715.6062
-73720.0095
-73721.3282
-73725.6868
-73727.6985
-73725.8656
-73719.4954
-73717.1932
-73712.6557
-73719.0483
-73719.1378
-73719.3389
-73715.3827
-73719.5177
-73721.9094
-73717.4167
-73712.0523
-73712.8793
-73715.0697
-73719.5848
-73720.2330
-73716.3661
-73720.3671
-73719.2048
-73719.6295
-73719.4730
-73722.4458
-73716.7238
-73714.8239
-73715.3827
-73717.2379
-73711.3817
-73711.2699
-73710.1747
-73716.3438
-73711.3370
-73713.4604
-73709.4147
-73715.8520
-73713.9745
-73712.8346
-73706.4643
-73710.5994
-73713.8180
-73713.7063
-73715.2709
-73717.8637
-73715.2262
-73714.2427
-73705.8385
-73707.6043
-73706.7549
-73713.5945
-73715.1368
-73707.0902
-73709.2583
-73702.5975
-73705.6373
-73706.3749
-73701.7481
-73703.4692
-73703.7598
-73694.4614
-73689.4546
-73684.4031
-73692.3604
-73687.1971
-73688.3818
-73687.7559
-73684.8949
-73686.4148
-73687.7559
-73686.5936
-73691.6228
-73692.5839
-73692.9639
-73695.8696
-73701.7481
-73696.4507
-73694.1709
-73695.5120
-73688.1806
-73690.8851
-73684.9396
-73687.3983
-73684.5373
-73686.9512
-73684.7608
-73693.3885
-73691.1757
-73696.1155
-73696.0261
-73693.8356
-73689.5440
-73690.4605
-73686.1242
-73685.4760
-73680.6257
-73681.0057
-73680.4022
-73680.0893
-73679.7093
-73678.0776
-73674.2778
-73676.7588
-73677.4965
-73676.8706
-73679.3740
-73675.3730
-73680.3128
-73681.9445
-73680.0446
-73673.6520
-73668.3322
-73665.3371
-73665.7394
-73667.5723
-73669.3381
-73657.5587
-73659.8833
-73657.8046
-73662.8784
-73666.4994
-73667.9076
-73663.0125
-73658.4975
-73658.2293
-73650.2497
-73655.9494
-73658.5198
-73661.5373
-73653.0660
-73644.2371
-73644.8406
-73648.9980
-73647.3887
-73650.0485
-73640.8619
-73636.9951
-73632.3683
-73635.0281
-73629.6637
-73635.4528
-73629.1720
-73628.7697
-73632.8377
-73635.7657
-73635.6316
-73635.9669
-73631.9212
-73633.3071
-73635.0281
-73638.5374
-73635.8775
-73631.4742
-73636.6151
-73629.5520
-73628.9708
-73630.0661
-73632.5471
-73631.7424
-73635.5422
-73631.0495
-73632.8600
-73638.4703
-73645.4888
-73641.3313
-73637.1292
-73629.7755
-73625.6181
-73623.1147
-73623.4723
-73620.9912
-73621.4830
-73621.5277
-73623.8523
-73621.9524
-73618.8231
-73620.5889
-73624.3217
-73624.8357
-73617.0126
-73617.8173
-73616.0068
-73615.0010
-73618.7561
-73615.8727
-73613.1458
-73610.6647
-73607.0661
-73611.3576
-73616.0515
-73615.1351
-73607.1555
-73611.7600
-73611.3129
-73611.7376
-73608.4743
-73613.1905
-73608.8542
-73606.8426
-73611.0894
-73607.5355
-73606.1497
-73601.8582
-73597.2313
-73601.2100
-73597.8572
-73605.0097
-73605.6579
-73603.7133
-73606.5967
-73604.9874
-73608.5413
-73603.6239
-73603.1769
-73591.7999
-73597.6113
-73593.8786
-73593.3645
-73589.8329
-73592.7833
-73592.7610
-73593.8339
-73598.9748
-73599.1536
-73593.0963
-73598.4160
-73595.3985
-73590.4588
-73599.4665
-73598.9971
-73599.6900
-73598.2372
-73596.2255
-73592.5151
-73597.1866
-73590.5482
-73590.5705
-73591.7552
-73594.3703
-73587.9777
-73590.1682
-73588.5812
-73586.0331
-73585.0496
-73585.6531
-73582.8368
-73584.6026
-73583.9544
-73587.0166
-73581.7192
-73582.8145
-73578.1653
-73576.3548
-73577.7183
-73574.8572
-73569.7387
-73575.9972
-73574.9243
-73572.9797
-73570.1634
-73568.5764
-73578.5006
-73579.7970
-73581.1381
-73582.0545
-73583.7979
-73575.8631
-73580.4899
-73572.5997
-73576.3995
-73577.6512
-73581.4957
-73578.6123
-73571.9292
-73571.9962
-73571.1692
-73567.5259
-73571.6162
-73573.8067
-73570.3198
-73567.9059
-73572.0409
-73572.2197
-73570.4987
-73572.5550
-73566.0283
-73563.5696
-73557.2441
-73560.5521
-73551.5220
-73554.1372
-73551.1197
-73550.4491
-73549.6221
-73550.0245
-73543.8107
-73546.7611
-73542.4472
-73546.8505
-73543.8777
-73550.5609
-73550.9632
-73549.6221
-73552.5502
-73551.7679
-73551.2985
-73556.5735
-73555.3889
-73551.7902
-73549.4210
-73546.2917
-73550.5609
-73549.8009
-73554.7854
-73551.6561
-73551.8126
-73554.9418
-73553.5560
-73539.9215
-73541.3296
-73548.2140
-73550.7844
-73554.4948
-73554.6960
-73551.3879
-73554.3383
-73560.3286
-73554.7407
-73554.8301
-73548.8622
-73552.4831
-73550.2033
-73551.4773
-73549.5104
-73547.0964
-73548.9069
-73550.3597
-73548.2363
-73546.9176
-73540.9273
-73538.0216
-73534.3112
-73542.2237
-73541.8661
-73545.7553
-73543.5201
-73545.4423
-73543.2966
-73550.9632
-73546.6493
-73548.2587
-73542.6931
-73535.6523
-73536.0546
-73539.9215
-73543.5424
-73539.9885
-73535.8311
-73532.8360
-73538.5357
-73535.3170
-73540.9049
-73542.8942
-73544.0342
-73540.0779
-73542.5143
-73540.1226
-73531.7631
-73527.5833
-73537.7310
-73536.4793
-73535.7417
-73530.3102
-73530.3996
-73527.8292
-73532.4560
-73535.2500
-73535.5405
-73533.0371
-73530.8690
-73530.5784
-73525.7058
-73529.7514
-73532.5007
-73542.0896
-73543.9448
-73541.6426
-73534.3559
-73534.6465
-73536.5911
-73536.3005
-73535.2500
-73536.7475
-73536.6805
-73538.4015
-73530.8020
-73534.1324
-73532.0760
-73529.8632
-73530.9137
-73533.9759
-73530.7796
-73533.2383
-73533.4618
-73535.7417
-73540.5473
-73538.6474
-73537.0157
-73536.9934
-73546.3364
-73545.2859
-73545.7776
-73539.4297
-73541.9331
-73541.8661
-73544.7718
-73536.6358
-73540.6367
-73546.3588
-73550.9856
-73545.0624
-73548.4822
-73548.4822
-73553.2655
-73552.1926
-73547.9904
-73541.6873
-73543.6542
-73544.6377
-73543.3636
-73547.3199
-73546.1800
-73546.6046
-73546.0235
-73544.9506
-73545.0847
-73545.9341
-73544.7047
-73552.2596
-73549.5327
-73545.4200
-73544.2354
-73548.1246
-73539.4968
-73541.7990
-73541.7320
-73547.0740
-73538.8262
-73544.0342
-73548.1022
-73551.7902
-73545.5318
-73552.4384
-73555.9253
-73552.2596
-73546.6046
-73551.4550
-73560.7086
-73560.8651
-73555.8136
-73551.7232
-73561.7591
-73560.3286
-73564.5084
-73555.7912
-73567.3694
-73571.5715
-73571.6162
-73564.1731
-73569.3140
-73567.0341
-73576.6901
-73571.2810
-73570.5881
-73573.5385
-73573.2926
-73571.2363
-73574.2985
-73570.7892
-73567.6153
-73575.3937
-73573.7844
-73569.5599
-73575.5278
-73578.3441
-73575.3266
-73574.6561
-73575.1031
-73573.5161
-73569.8057
-73569.9175
-73565.1119
-73571.3257
-73570.2081
-73574.0302
-73573.2703
-73579.1488
-73572.9126
-73577.1818
-73578.2547
-73581.0040
-73580.5122
-73587.5083
-73581.9427
-73580.7134
-73584.2673
-73586.8154
-73579.7299
-73580.8922
-73586.0555
-73585.2285
-73585.9437
-73582.8368
-73585.9214
-73583.4850
-73582.3451
-73577.6512
-73571.0351
-73574.2537
-73583.7532
-73586.1002
-73590.3247
-73588.3130
-73592.1575
-73582.5239
-73586.7260
-73588.4695
-73597.5890
-73599.1089
-73603.0428
-73608.2060
-73609.9048
-73614.8892
-73614.2410
-73612.8552
-73609.8601
-73607.0885
-73607.5802
-73619.7843
-73617.4373
-73618.2420
-73611.8047
-73617.5491
-73617.3032
-73618.8231
-73621.2595
-73620.7230
-73616.5209
-73619.4043
-73617.7949
-73621.6618
-73622.6453
-73625.9980
-73625.8192
-73621.5500
-73620.2313
-73625.4839
-73620.7230
-73622.4888
-73626.2216
-73622.2429
-73622.5335
-73622.9358
-73626.4674
-73623.6511
-73624.1428
-73623.6288
-73628.3450
-73626.6239
-73630.5354
-73628.9708
-73636.4363
-73634.2682
-73636.2798
-73632.3012
-73638.2244
-73638.5150
-73647.0310
-73641.3313
-73640.6831
-73635.4305
-73633.7988
-73631.2507
-73636.2128
-73644.3488
-73645.1535
-73650.8532
-73646.3828
-73644.3712
-73640.6384
-73640.3255
-73640.0126
-73646.7405
-73635.6540
-73638.5597
-73635.7657
-73637.9562
-73640.9066
-73645.6452
-73642.9183
-73643.2536
-73637.2410
-73642.0242
-73644.7288
-73642.9183
-73644.2147
-73646.0923
-73643.6336
-73648.7521
-73644.3712
-73648.4168
-73647.4781
-73644.9300
-73647.7910
-73646.1593
-73657.5587
-73652.3060
-73647.7016
-73642.1136
-73653.9377
-73651.8814
-73650.0709
-73643.9912
-73647.9251
-73642.4489
-73643.9018
-73637.8445
-73647.4557
-73644.0806
-73649.4450
-73648.6404
-73646.5393
-73652.4849
-73648.9086
-73648.9086
-73645.5335
-73655.1000
-73652.1719
-73649.4897
-73649.9368
-73656.6646
-73653.7813
-73648.5509
-73654.1389
-73661.0903
-73660.3750
-73653.4907
-73650.4061
-73656.6646
-73649.4003
-73646.5616
-73642.0019
-73649.9591
-73650.8532
-73652.3731
-73650.8085
-73645.5782
-73646.1593
-73648.6627
-73644.9970
-73641.0184
-73639.8338
-73629.9096
-73632.0554
-73631.0048
-73636.5257
-73624.6122
-73627.8085
-73627.2050
-73629.2614
-73633.2847
-73633.4188
-73630.0213
-73630.0213
-73629.4626
-73632.5694
-73635.1175
-73637.7774
-73635.0728
-73639.8561
-73638.3362
-73633.6647
-73635.2517
-73638.8279
-73644.4829
-73640.7949
-73641.0855
-73643.8794
-73642.9407
-73639.2750
-73641.9348
-73639.0515
-73639.3420
-73635.9893
-73635.1399
-73633.4412
-73632.3683
-73630.3119
-73637.8892
-73633.2847
-73633.4188
-73632.0107
-73629.5967
-73635.7657
-73637.8445
-73633.7764
-73637.9786
-73637.0845
-73640.6831
-73635.3411
-73631.9660
-73627.0262
-73632.7483
-73640.5043
-73635.0281
-73632.6142
-73632.6812
-73630.2225
-73629.0379
-73634.1117
-73625.0593
-73630.4460
-73625.6628
-73628.5461
-73621.3042
-73623.5617
-73629.1049
-73636.4139
-73632.8377
-73630.2672
-73631.8095
-73632.5471
-73634.5588
-73632.7930
-73629.9766
-73624.6122
-73624.3887
-73622.8464
-73617.4820
-73616.4091
-73620.9689
-73618.5326
-73615.6492
-73614.5986
-73615.4033
-73611.5588
-73607.4237
-73606.5073
-73611.9835
-73616.1856
-73618.9796
-73612.6093
-73616.9232
-73612.7882
-73623.2264
-73627.8979
-73625.1487
-73625.4616
-73625.6181
-73626.9815
-73628.5238
-73625.0146
-73626.2663
-73628.3450
-73623.1147
-73625.1487
-73615.1798
-73622.2876
-73614.3975
-73626.9815
-73620.2760
-73625.4169
-73619.9184
-73620.9912
-73625.9086
-73627.5627
-73624.2993
-73625.7298
-73628.6132
-73629.3508
-73624.2099
-73622.2206
-73625.3722
-73624.6569
-73619.7172
-73616.1409
-73611.9835
-73614.9339
-73619.7619
-73621.1254
-73622.8464
-73620.3207
-73620.7454
-73620.8571
-73615.0233
-73609.9718
-73620.2089
-73611.9611
-73611.4918
-73612.5646
-73615.2915
-73610.7094
-73607.9378
-73605.3227
-73604.8309
-73606.0379
-73608.3402
-73609.6142
-73604.6968
-73606.4403
-73606.1944
-73603.6910
-73603.6910
-73608.1166
-73603.6016
-73604.3615
-73600.9641
-73601.5452
-73604.2051
-73607.3120
-73603.8251
-73610.7541
-73601.5452
-73604.3168
-73600.8523
-73607.9155
-73609.0331
-73610.7318
-73605.7250
-73611.6482
-73609.7707
-73615.7609
-73621.3042
-73622.7123
-73619.7619
-73613.0564
-73621.7512
-73617.5491
-73623.5840
-73617.1467
-73614.1069
-73607.1332
-73611.2906
-73612.6764
-73612.4529
-73605.7474
-73610.5753
-73605.9038
-73606.2391
-73606.6638
-73604.7415
-73600.4947
-73603.5122
-73605.1439
-73606.7308
-73607.0661
-73606.7979
-73607.5355
-73612.8329
-73608.0943
-73605.3227
-73609.6589
-73609.8154
-73614.2187
-73602.5511
-73615.1351
-73612.1176
-73608.1390
-73610.4636
-73610.6647
-73611.9611
-73609.4801
-73605.9709
-73607.8037
-73604.0486
-73600.9417
-73593.6998
-73601.6346
-73604.3615
-73605.3897
-73595.1973
-73595.3538
-73593.1633
-73601.3888
-73598.2148
-73600.6288
-73595.2420
-73590.1905
-73593.1633
-73592.0904
-73597.9466
-73603.8028
-73604.7415
-73595.7785
-73600.7406
-73595.5326
-73590.0564
-73588.4918
-73585.2732
-73590.6823
-73600.0924
-73597.7231
-73593.2974
-73594.4150
-73603.7580
-73601.8358
-73606.1497
-73600.2041
-73595.4879
-73603.1769
-73591.3081
-73589.4306
-73582.6580
-73580.4005
-73575.6843
-73579.8640
-73577.1595
-73573.9185
-73572.7115
-73579.1264
-73574.8125
-73576.1983
-73575.1478
-73581.6075
-73573.3820
-73577.6289
-73583.2839
-73584.6697
-73574.5890
-73572.0186
-73570.4092
-73574.9467
-73574.7231
-73571.5268
-73570.0963
-73572.0186
-73574.7455
-73576.6901
-73578.9253
-73580.4899
-73584.8708
-73580.3781
-73579.5288
-73575.1702
-73578.4335
-73575.0584
-73577.6512
-73577.1148
-73580.2664
-73575.7513
-73574.7008
-73576.1313
-73576.4666
-73577.3159
-73575.5054
-73577.1148
-73578.9476
-73574.2537
-73576.3548
-73571.6162
-73571.6609
-73569.5599
-73573.1585
-73566.4306
-73572.5997
-73573.3150
-73572.5550
-73579.5288
-73576.2654
-73577.0701
-73576.1760
-73576.5783
-73581.0487
-73582.8592
-73580.4899
-73578.7017
-73581.1157
-73584.2226
-73586.3237
-73596.6949
-73593.4315
-73590.7493
-73590.9505
-73595.8232
-73598.1031
-73593.6774
-73595.0632
-73592.4034
-73593.5880
-73597.4102
-73596.6949
-73598.4607
-73604.8980
-73594.5491
-73594.3256
-73595.9796
-73604.9874
-73596.2479
-73595.8679
-73596.6502
-73603.2887
-73590.1905
-73608.3402
-73609.7483
-73602.3722
-73599.3995
-73604.1380
-73608.1613
-73609.1225
-73610.7765
-73601.4335
-73606.3956
-73608.4296
-73612.9223
-73621.6171
-73621.7512
-73625.7745
-73624.5675
-73620.2760
-73630.4013
-73623.9864
-73611.7376
-73616.3644
-73625.0369
-73620.6783
-73626.3780
-73618.3090
-73629.4626
-73629.6637
-73634.4693
-73632.3459
-73635.4305
-73633.9553
-73637.6656
-73642.3595
-73647.0981
-73638.6268
-73639.0291
-73640.4149
-73646.4275
-73643.9688
-73643.7453
-73650.3391
-73654.2953
-73656.5529
-73659.2574
-73657.7599
-73657.8493
-73658.5869
-73660.4421
-73667.8405
-73665.2253
-73673.8978
-73669.1816
-73681.1398
-73682.1233
-73688.8735
-73690.1699
-73691.5333
-73694.4838
-73693.6344
-73688.7617
-73689.0747
-73686.8618
-73685.4090
-73688.1135
-73687.4877
-73697.2777
-73694.7296
-73701.4352
-73701.5693
-73701.2340
-73702.3292
-73708.2972
-73702.4186
-73711.4711
-73711.7617
-73714.1533
-73712.1640
-73718.5566
-73715.5391
-73708.4313
-73712.3205
-73715.3603
-73715.8520
-73718.0202
-73724.1222
-73730.5148
-73729.9560
-73730.3136
-73726.9162
-73729.1066
-73736.1474
-73735.4992
-73723.2281
-73729.7548
-73729.6654
-73727.0950
-73732.9511
-73730.8948
-73737.5779
-73731.0959
-73739.1873
-73731.2524
-73732.6829
-73731.6994
-73726.4021
-73733.3088
-73740.9754
-73736.6392
-73745.0881
-73741.1319
-73749.1114
-73744.5740
-73749.2232
-73745.1328
-73744.5070
-73755.9958
-73759.7285
-73759.5497
-73749.7596
-73762.1425
-73768.3563
-73771.0609
-73761.6284
-73770.9491
-73781.7226
-73785.1425
-73781.7226
-73781.2533
-73788.8975
-73793.0550
-73785.6789
-73797.4806
-73793.1444
-73790.3728
-73792.8762
-73795.7148
-73791.9374
-73785.5671
-73789.8810
-73792.3844
-73796.4301
-73793.1444
-73797.3912
-73802.8674
-73804.3426
-73803.8285
-73794.2173
-73803.6944
-73802.1968
-73813.3951
-73815.6302
-73805.1473
-73812.1881
-73811.1822
-73808.5224
-73807.2036
-73812.0987
-73813.9986
-73806.6448
-73812.3445
-73815.2503
-73821.0841
-73825.9344
-73815.4738
-73808.7459
-73813.1045
-73818.9383
-73815.1832
-73829.6671
-73822.4028
-73822.8051
-73826.9849
-73821.9111
-73829.2424
-73830.6730
-73830.0024
-73819.6983
-73831.3212
-73822.8498
-73840.9548
-73834.9868
-73819.0724
-73830.0695
-73833.9587
-73831.8352
-73823.1851
-73842.2735
-73846.0063
-73832.7517
-73831.2541
-73835.0763
-73832.1035
-73841.8041
-73838.3620
-73849.4484
-73846.8333
-73854.6564
-73857.8080
-73859.3055
-73853.3376
-73853.3823
-73851.7954
-73849.2696
-73852.8906
-73863.2618
-73852.7341
-73852.9576
-73852.0859
-73848.6661
-73844.1064
-73849.1355
-73854.7458
-73848.4202
-73847.0791
-73837.7808
-73835.1880
-73829.1083
-73820.3912
-73852.6894
-73841.6700
-73833.8022
-73843.6370
-73846.6768
-73857.4056
-73844.5981
-73837.6691
-73840.2842
-73850.3648
-73845.6710
-73856.5339
-73850.7895
-73856.3998
-73843.8828
-73840.3736
-73846.4533
-73843.2793
-73848.1744
-73840.5524
-73833.3105
-73833.4893
-73835.7915
-73829.7118
-73832.9752
-73838.5184
-73840.4630
-73832.2376
-73824.9062
-73824.1239
-73826.7614
-73828.9072
-73829.0413
-73816.1443
-73823.9674
-73823.7216
-73822.3134
-73819.9441
-73827.5214
-73827.8343
-73831.3435
-73838.1831
-73834.7186
-73833.4893
-73838.1831
-73836.2385
-73840.4630
-73854.0529
-73843.7487
-73853.5388
-73841.8712
-73841.2677
-73841.4018
-73843.5252
-73833.5563
-73845.6933
-73846.9450
-73845.6039
-73840.0160
-73840.3960
-73839.8819
-73830.8965
-73843.6146
-73845.2463
-73842.5864
-73849.9849
-73848.2414
-73843.5029
-73838.9208
-73840.8654
-73837.2891
-73839.5913
-73837.3114
-73838.7643
-73840.8877
-73836.5291
-73843.7487
-73846.9003
-73840.3736
-73834.1151
-73840.6418
-73834.8974
-73836.1491
-73837.3114
-73839.6807
-73837.4902
-73832.4164
-73821.3746
-73825.0180
-73822.0228
-73820.8158
-73819.4524
-73818.0666
-73813.1492
-73815.7196
-73812.0540
-73812.5457
-73812.3222
-73811.3163
-73806.0637
-73806.1084
-73812.9257
-73809.2600
-73809.9305
-73807.6954
-73806.2649
-73805.9966
-73806.0413
-73796.0725
-73802.4204
-73805.2590
-73818.1113
-73807.7624
-73805.3261
-73798.8664
-73798.4641
-73803.4709
-73806.7119
-73809.7741
-73808.2765
-73808.0306
-73809.3717
-73811.2269
-73793.6808
-73763.3495
-73831.4553
-73826.0461
-73818.0442
-73815.7867
-73806.3319
-73806.4660
-73808.2765
-73808.7906
-73808.6341
-73808.5447
-73810.2882
-73808.7906
-73798.3747
-73800.8557
-73799.8946
-73806.7789
-73799.3805
-73800.1852
-73793.8373
-73797.2571
-73797.8159
-73796.5642
-73798.7770
-73801.6827
-73798.8664
-73796.9665
-73796.9665
-73797.6594
-73797.1900
-73791.8927
-73790.1492
-73783.0637
-73785.8354
-73782.1026
-73785.7012
-73785.8130
-73793.0103
-73790.3951
-73789.7693
-73790.5963
-73793.7032
-73790.4622
-73792.3844
-73784.7625
-73783.7566
-73781.0744
-73783.4437
-73786.8859
-73786.2377
-73782.3038
-73778.1911
-73776.7829
-73778.8616
-73791.7809
-73789.4563
-73787.7800
-73787.4447
-73786.8188
-73785.8130
-73792.2056
-73792.3174
-73792.6750
-73788.6517
-73794.3737
-73792.7420
-73793.1891
-73791.5574
-73795.6478
-73797.3912
-73800.0287
-73802.8674
-73797.3018
-73795.2231
-73798.2853
-73796.2066
-73803.2250
-73802.4651
-73797.7935
-73801.0345
-73799.7381
-73799.7828
-73790.9092
-73797.0336
-73791.0433
-73802.2192
-73803.5379
-73805.2590
-73802.3757
-73804.1414
-73800.4087
-73807.5613
-73807.6954
-73811.4058
-73808.5447
-73812.6127
-73812.8363
-73814.8703
-73816.6137
-73812.0763
-73812.1657
-73812.4116
-73811.8304
-73812.9927
-73816.1667
-73816.8149
-73820.3241
-73817.9548
-73820.5253
-73823.6769
-73825.7556
-73819.5418
-73819.0724
-73820.4582
-73820.6147
-73815.2056
-73820.9947
-73817.7537
-73817.6419
-73814.2444
-73819.6312
-73826.6720
-73826.4485
-73827.6555
-73827.4767
-73836.1268
-73840.7759
-73845.4475
-73845.9839
-73846.4980
-73848.3308
-73851.5271
-73853.1588
-73858.7020
-73853.8294
-73857.8303
-73855.2822
-73861.0266
-73859.2385
-73866.0781
-73857.1151
-73862.0995
-73856.9586
-73860.7584
-73856.5563
-73853.8517
-73859.6855
-73860.4678
-73860.7808
-73858.3891
-73865.4299
-73867.7545
-73874.6835
-73872.1801
-73871.6437
-73873.2530
-73873.8342
-73869.6544
-73871.5543
-73873.9906
-73885.0995
-73881.8808
-73888.2063
-73889.4133
-73891.9167
-73889.5698
-73814.0433
-73786.9977
-73979.8038
-73960.8942
-73929.4900
-73905.1490
-73900.6339
-73895.0683
-73899.1364
-73891.6262
-73901.1257
-73902.0644
-73901.6397
-73902.0421
-73893.1461
-73891.7156
-73891.8497
-73895.5824
-73897.7952
-73898.7340
-73889.1898
-73896.1189
-73894.4201
-73896.6553
-73899.0693
-73907.7641
-73907.9653
-73909.1499
-73913.2403
-73920.1693
-73917.5318
-73923.0527
-73921.1305
-73926.8972
-73926.1820
-73926.1149
-73924.7067
-73927.7466
-73932.5969
-73925.0644
-73933.1110
-73932.0381
-73940.4424
-73933.1557
-73936.2179
-73931.4570
-73941.4929
-73935.0556
-73937.4249
-73940.8224
-73937.8049
-73942.9681
-73942.2976
-73931.0546
-73935.4579
-73941.6494
-73947.3267
-73945.7174
-73947.4608
-73949.6066
-73949.0925
-73944.8010
-73945.1362
-73949.6736
-73942.2976
-73941.4482
-73939.6154
-73944.3316
-73940.3530
-73952.6688
-73948.9360
-73947.4832
-73942.9234
-73947.2150
-73945.7621
-73947.9973
-73945.2033
-73944.8010
-73943.4822
-73943.9963
-73945.2704
-73948.2878
-73951.3053
-73951.9088
-73947.1255
-73948.0196
-73945.0468
-73945.7844
-73944.6222
-73939.7048
-73941.3364
-73937.7155
-73937.0226
-73936.0614
-73931.8817
-73928.7971
-73934.1839
-73938.4084
-73928.3501
-73936.0391
-73939.6154
-73940.0400
-73941.2023
-73937.2014
-73877.5446
-73925.1761
-73970.0361
-73958.6367
-73949.0478
-73943.7951
-73935.9497
-73935.1897
-73932.3957
-73940.1965
-73933.0216
-73938.9672
-73928.8642
-73927.8583
-73928.1489
-73927.1878
-73924.9973
-73921.7116
-73923.4327
-73926.4725
-73919.0518
-73920.0352
-73914.2461
-73921.5999
-73919.7894
-73922.0469
-73927.1207
-73928.6407
-73926.3831
-73925.6008
-73920.5493
-73925.4220
-73921.1528
-73920.7728
-73917.6659
-73917.8895
-73919.2529
-73921.8457
-73920.8399
-73913.3744
-73917.5542
-73911.9439
-73911.8768
-73908.8147
-73911.7204
-73907.8982
-73916.1684
-73906.9148
-73906.7136
-73896.4988
-73896.2753
-73897.1694
-73901.8186
-73901.2598
-73904.6125
-73897.4153
-73888.4969
-73893.9060
-73892.7885
-73895.2695
-73889.9945
-73893.8390
-73893.7496
-73898.9352
-73900.4998
-73902.3103
-73897.9964
-73905.1713
-73902.9361
-73906.5571
-73902.6009
-73902.8467
-73895.5601
-73899.4716
-73891.4921
-73895.2695
-73890.1733
-73888.3405
-73889.3463
-73895.3142
-73895.9177
-73891.4474
-73894.2860
-73891.5591
-73895.5154
-73890.1733
-73894.3307
-73890.0168
-73890.1957
-73893.5708
-73895.8953
-73893.8390
-73890.7321
-73885.6583
-73883.6019
-73878.5057
-73878.0587
-73873.5660
-73877.4328
-73875.5553
-73883.1549
-73880.1821
-73877.9693
-73871.9343
-73874.8177
-73872.6719
-73874.4824
-73873.1860
-73870.9955
-73874.7730
-73868.3580
-73870.1685
-73873.0519
-73868.6262
-73859.3726
-73863.8877
-73864.7370
-73862.0548
-73864.6476
-73864.2453
-73855.3046
-73856.2657
-73848.3755
-73851.9295
-73846.4086
-73846.9227
-73843.5029
-73846.9227
-73848.4426
-73846.6768
-73841.9606
-73839.6807
-73833.6457
-73837.8702
-73834.5175
-73835.1433
-73836.4397
-73839.1219
-73839.2560
-73839.0772
-73840.5077
-73828.7507
-73829.2872
-73833.5787
-73835.7915
-73835.3445
-73835.0763
-73833.3552
-73837.7361
-73836.5515
-73834.9421
-73838.0043
-73834.8527
-73829.3542
-73832.0141
-73831.8352
-73833.8693
-73835.2104
-73828.5048
-73823.9227
-73825.1968
-73823.7663
-73820.7488
-73823.1628
-73825.8673
-73833.1093
-73828.3931
-73827.1861
-73825.6662
-73830.4047
-73830.6730
-73830.6953
-73832.5952
-73828.9295
-73828.2143
-73831.5000
-73833.7575
-73835.2998
-73832.0141
-73834.1151
-73833.7799
-73841.1112
-73840.2842
-73830.9188
-73825.5097
-73824.5262
-73835.6574
-73827.0073
-73830.6283
-73830.5612
-73827.0296
-73812.0316
-73824.5039
-73830.3600
-73747.5245
-73581.3840
-73589.3859
-73635.0058
-73687.2195
-73714.4662
-73739.3437
-73762.4107
-73787.5564
-73793.4573
-73807.1813
-73809.7741
-73818.0219
-73821.0394
-73825.9120
-73828.5272
-73831.3212
-73831.0306
-73839.6807
-74116.7529
-74286.2015
-74137.8530
-73997.0817
-73920.6834
-73874.1024
-73860.7361
-73851.1695
-73852.7565
-73845.3134
-73843.8828
-73843.6817
-73846.4086
-73846.2968
-73854.7011
-73855.1481
-73847.5932
-73844.6875
-73848.1073
-73850.7895
-73848.5544
-73852.1753
-73853.9188
-73853.3153
-73854.9246
-73858.4562
-73859.2161
-73864.9829
-73860.2220
-73865.9887
-73865.9440
-73868.1345
-73864.4241
-73868.5815
-73867.6874
-73868.8497
-73872.0237
-73876.2258
-73877.9245
-73879.6903
-73879.8021
-73883.8925
-73887.0664
-73882.5961
-73881.4785
-73881.1432
-73877.7010
-73884.2501
-73887.9828
-73884.5854
-73888.5416
-73884.9206
-73887.7817
-73891.0674
-73893.5261
-73892.0956
-73894.1743
-73892.0061
-73891.9167
-73887.0664
-73893.1237
-73891.4697
-73892.6767
-73891.9391
-73895.5601
-73893.3473
-73902.5562
-73897.2141
-73896.9682
-73899.8740
-73904.9702
-73904.0314
-73895.4260
-73898.8011
-73908.7476
-73915.8778
-73910.4240
-73911.8098
-73913.1956
-73923.5221
-73920.8846
-73923.3433
-73920.6611
-73922.0245
-73920.9293
-73919.8564
-73922.6727
-73926.4725
-73923.2315
-73926.4502
-73922.1586
-73923.6786
-73932.6640
-73935.7932
-73937.2014
-73933.6921
-73934.6980
-73932.3063
-73934.5862
-73933.0887
-73932.6863
-73933.8039
-73935.7038
-73939.7718
-73941.2470
-73939.7495
-73940.8224
-73937.4249
-73940.1965
-73939.8612
-73939.3024
-73944.7339
-73947.2820
-73943.4375
-73948.3772
-73951.1042
-73947.5949
-73941.7388
-73939.6824
-73937.7155
-73940.7553
-73939.5483
-73942.1411
-73948.3772
-73945.2256
-73943.7728
-73945.0915
-73944.3316
-73942.0070
-73939.0789
-73941.5153
-73947.9079
-73954.0099
-73953.0041
-73950.1207
-73953.5852
-73948.7796
-73954.6357
-73956.0886
-73958.5696
-73957.8544
-73955.9321
-73956.4462
-73955.1945
-73956.4909
-73956.6250
-73956.9603
-73958.5920
-73955.3510
-73956.3568
-73960.8719
-73957.6085
-73961.1624
-73960.5142
-73966.0575
-73964.9846
-73968.2926
-73965.3869
-73963.0400
-73960.4695
-73966.1692
-73956.2004
-73962.4588
-73960.3801
-73967.6444
-73960.2907
-73968.2032
-73968.0691
-73971.0196
-73966.2139
-73964.4258
-73965.4987
-73971.4666
-73962.2130
-73953.9875
-73955.5075
-73950.2101
-73948.9137
-73955.2839
-73954.0546
-73950.4560
-73954.8816
-73955.7310
-73956.9380
-73949.4501
-73953.0264
-73951.0818
-73954.1663
-73954.4569
-73954.6357
-73951.7300
-73950.3666
-73953.3170
-73951.5735
-73945.2033
-73945.6503
-73946.5668
-73944.2869
-73952.1994
-73943.7057
-73941.4706
-73939.0566
-73937.7602
-73937.2014
-73941.6494
-73931.3899
-73930.2723
-73923.3209
-73932.9992
-73935.7932
-73930.3617
-73926.0255
-73922.0469
-73924.8185
-73927.4337
-73920.1917
-73928.5960
-73914.2908
-73915.4978
-73911.9663
-73907.7194
-73901.1257
-73907.0712
-73902.7350
-73901.1257
-73893.6602
-73883.6913
-73881.9926
-73888.2511
-73883.5125
-73877.4328
-73878.9751
-73878.1704
-73882.7302
-73872.1801
-73876.6058
-73873.2307
-73879.1539
-73874.5494
-73874.1695
-73878.1034
-73872.7389
-73874.0800
-73883.2890
-73875.8235
-73879.1539
-73878.6845
-73877.3434
-73882.7749
-73878.2598
-73881.3220
-73880.6291
-73881.6349
-73884.6301
-73879.8021
-73879.8021
-73874.8624
-73875.6894
-73870.1685
-73879.8468
-73879.8244
-73876.3152
-73880.9197
-73881.1655
-73885.5465
-73882.7525
-73883.6913
-73885.8371
-73892.9449
-73890.5980
-73878.3269
-73877.7681
-73886.5300
-73876.2482
-73873.4989
-73879.5562
-73874.5047
-73878.9304
-73874.9071
-73883.4901
-73874.7953
-73875.3094
-73877.2987
-73886.4853
-73893.2578
-73888.7428
-73884.3618
-73889.6145
-73891.0003
-73891.5144
-73897.2141
-73901.6845
-73892.4308
-73896.8788
-73894.4872
-73913.5532
-73910.1334
-73906.7136
-73917.3307
-73915.5872
-73912.3015
-73910.3793
-73910.0440
-73912.3686
-73908.0547
-73899.7175
-73905.8195
-73915.1626
-73918.3589
-73903.2267
-73911.4969
-73913.0168
-73920.0352
-73910.4910
-73910.4016
-73911.7651
-73913.0391
-73908.3453
-73907.4065
-73910.7593
-73911.1169
-73910.1111
-73919.7894
-73916.8613
-73919.5435
-73917.8671
-73918.5377
-73919.2976
-73918.8729
-73924.1033
-73922.2257
-73920.1470
-73920.4599
-73923.8797
-73926.5619
-73929.6688
-73926.2043
-73927.3219
-73924.4162
-73929.4677
-73927.1654
-73931.0323
-73941.2917
-73945.1809
-73937.7602
-73933.2451
-73930.3841
-73932.7981
-73932.5969
-73938.5425
-73941.0012
-73937.1567
-73944.8457
-73942.5211
-73951.9982
-73943.6387
-73947.7290
-73947.7290
-73949.6066
-73948.1090
-73953.6970
-73955.1275
-73960.2237
-73963.9788
-73968.8067
-73960.2237
-73964.1799
-73961.9224
-73965.2528
-73965.4540
-73966.8398
-73975.4005
-73971.8242
-73971.6231
-73976.1158
-73983.0672
-73984.2294
-73981.5249
-73978.5521
-73974.2382
-73974.9311
-73984.4977
-73981.7037
-73983.3354
-73978.8203
-73987.7610
-73981.3014
-73984.4753
-73985.1906
-73987.4034
-73979.2450
-73978.3733
-73975.4452
-73979.8932
-73982.7766
-73990.1527
-73984.3412
-73983.4471
-73978.9321
-73980.5638
-73983.6259
-73986.6658
-73987.9175
-73992.9019
-73995.8971
-73993.0360
-73992.7678
-73992.1867
-73990.7338
-73987.0458
-73992.5666
-73990.3091
-73987.2916
-73986.0176
-73992.5219
-73990.3315
-73991.6502
-73985.4364
-73991.2032
-73980.5638
-73979.6697
-73981.4802
-73975.7358
-73984.0506
-73985.8611
-73982.7766
-73985.2800
-73991.5608
-73989.6609
-73990.9797
-73993.8854
-73999.8980
-73996.8805
-73997.5511
-74001.3732
-74004.3237
-74003.5861
-73998.0205
-74000.6580
-74013.5773
-74010.9398
-74004.8154
-74006.5365
-74003.6084
-74002.2002
-74010.7386
-74010.9174
-74015.4995
-74008.8387
-74009.0622
-74016.0807
-74014.3819
-74019.9699
-74022.8533
-74017.7571
-74019.6123
-74027.5471
-74029.8047
-74024.2167
-74021.7804
-74026.2731
-74028.1730
-74028.6200
-74024.8202
-74030.3187
-74028.5306
-74030.8552
-74031.4587
-74033.1574
-74035.9067
-74040.3770
-74040.9582
-74045.3391
-74047.5519
-74048.8260
-74050.9941
-74057.2973
-74059.8007
-74068.9649
-74060.3371
-74065.7686
-74068.8755
-74065.7686
-74069.8366
-74064.0922
-74064.1369
-74060.2254
-74062.0582
-74063.7793
-74064.2710
-74059.8007
-74064.5393
-74065.2769
-74074.3070
-74069.6802
-74069.0320
-74068.7637
-74072.6082
-74072.6529
-74076.8998
-74077.7491
-74079.4702
-74078.1068
-74073.4800
-74076.5869
-74082.7112
-74083.2253
-74090.0426
-74091.4731
-74091.1155
-74095.9658
-74097.5528
-74100.8161
-74102.2467
-74106.6947
-74102.9619
-74109.8015
-74117.7811
-74115.4118
-74116.4847
-74117.0212
-74122.2515
-74119.1446
-74125.0007
-74123.6596
-74124.3972
-74123.5032
-74119.9939
-74122.5644
-74125.0231
-74129.1135
-74132.5109
-74131.2816
-74131.9968
-74132.2427
-74131.2592
-74132.0415
-74130.2981
-74121.3350
-74127.2806
-74127.7053
-74131.9521
-74132.1086
-74135.6402
-74136.1319
-74144.9161
-74138.9035
-74133.3156
-74138.7694
-74143.1280
-74141.3399
-74147.3301
-74149.5206
-74147.5313
-74160.4953
-74159.3107
-74156.5390
-74153.4992
-74156.5167
-74158.7742
-74160.7412
-74161.1659
-74161.6352
-74154.5497
-74165.2562
-74157.1872
-74159.3554
-74148.2018
-74149.2300
-74150.2135
-74151.7111
-74152.5828
-74158.7519
-74154.1027
-74157.8354
-74156.2485
-74156.2485
-74159.5342
-74161.4341
-74160.7412
-74159.8918
-74168.4749
-74165.5691
-74165.9268
-74164.5186
-74160.3388
-74164.6304
-74172.7217
-74168.2737
-74167.5808
-74165.0998
-74168.0055
-74168.6984
-74174.1746
-74170.3077
-74169.5254
-74166.0162
-74176.6780
-74182.2435
-74179.3378
-74180.9024
-74185.0152
-74184.9481
-74179.9860
-74180.5225
-74175.8957
-74181.0142
-74178.2426
-74177.6391
-74174.2640
-74172.5429
-74167.6479
-74168.7654
-74172.5876
-74170.7100
-74176.4991
-74170.7324
-74167.6032
-74173.7722
-74174.0405
-74178.6896
-74182.4894
-74184.9705
-74172.7441
-74175.3816
-74173.0793
-74170.1066
-74167.5137
-74166.1950
-74162.7528
-74157.9696
-74162.1717
-74160.9423
-74159.0648
-74156.3379
-74157.5225
-74156.6955
-74163.7363
-74159.6012
-74156.6508
-74154.9744
-74150.3029
-74153.5216
-74167.1114
-74166.2621
-74165.8374
-74157.0084
-74156.9637
-74161.3670
-74167.2232
-74170.6206
-74172.6323
-74170.0171
-74166.0162
-74163.4681
-74163.7363
-74171.1571
-74173.9511
-74169.3019
-74164.7868
-74168.6984
-74168.1172
-74174.3534
-74167.7373
-74171.7159
-74165.4797
-74172.5429
-74168.5419
-74166.0385
-74162.9763
-74162.1270
-74155.6003
-74161.4117
-74155.9579
-74159.1542
-74160.6071
-74162.3058
-74164.6080
-74163.5575
-89115.6228
-178231.2457
-178243.2709
-178255.3632
-178252.8822
-178252.0104
-178239.0464
-178253.8433
-178246.0872
-178265.8015
-178261.9570
-178277.2679
-178261.0852
-178285.6945
-178283.8617
-178312.7625
-178298.4574
-178314.9753
-178299.0385
-178315.2212
-178303.1512
-178314.8412
-178303.9559
-178292.1989
-178270.6741
-178265.6226
-178265.1980
-178261.4429
-178261.7111
-178245.4167
-178257.9560
-178255.2067
-178271.9258
-178256.1679
-178266.3603
-178244.4779
-178254.6479
-178250.0882
-178268.4390
-178259.1853
-178281.4924
-178265.7344
-178274.3622
-178260.3923
-178282.4535
-178272.9317
-178282.6100
-178268.4837
-178267.9919
-178245.9308
-178254.5362
-178255.8773
-178250.7811
-178252.5469
-178239.0688
-178233.0338
-178211.2856
-178219.3769
-178205.6306
-178210.5032
-178188.7774
-178217.7452
-178252.0775
-178322.3514
-178337.6623
-178351.9898
-178331.2027
-178341.1939
-178321.7702
-178333.8178
-178316.5399
-178328.6769
-178335.3377
-178368.3066
-178379.2366
-178372.5087
-178352.3921
-178348.5923
-178354.0014
-178353.8003
-178370.0053
-178366.4737
-178373.1345
-178356.1696
-178372.4193
-178374.1404
-178410.8419
-178406.7739
-178438.6699
-178436.2782
-178490.7941
-178512.7212
-178547.5452
-178537.5316
-178563.5490
-178560.1292
-178561.9621
-178533.4189
-178533.1060
-178530.2450
-178536.9952
-178520.6113
-178509.7260
-178507.6697
-178509.8155
-178521.3490
-178529.3285
-178553.5131
-178541.7337
-178550.4956
-178541.9349
-178603.9610
-178649.8268
-178707.2708
-178708.4107
-178737.9150
-178723.7664
-178744.1958
-178708.5672
-178678.6829
-178620.0096
-178611.2700
-178588.5830
-178572.8697
-178554.5636
-178548.8863
-178533.9106
-178525.0817
-178520.6113
-178510.5084
-178522.9136
-178524.2323
-178543.4325
-178534.6482
-178538.7610
-178513.9952
-178516.3422
-178492.9846
-178501.9029
-178488.0672
-178515.3140
-178509.6813
-178536.3917
-178525.4840
-178539.8786
-178528.7697
-178552.3508
-178546.3382
-178543.7901
-178524.9476
-178532.4578
-178533.7765
-178554.2954
-178574.0097
-178585.8561
-178601.1447
-178607.1126
-178631.3642
-178624.2564
-178636.0805
-178628.9950
-178646.9658
-178635.2534
-178655.5265
-178640.0144
-178656.5100
-178638.2262
-178649.5139
-178638.8968
-178668.6693
-178665.5624
-178678.8617
-178664.4672
-178680.9851
-178677.9900
-178680.1134
-178674.4361
-178672.8267
-178682.5721
-178723.2299
-178766.9052
-178780.6515
-178798.2424
-178768.0005
-178767.5311
-178757.4057
-178785.5689
-178785.1219
-178807.3172
-178790.3746
-178797.3706
-178766.3464
-178761.1608
-178733.4000
-178718.9384
-178674.7043
-178663.3943
-178628.6373
-178623.1164
-178607.8949
-178613.6393
-178607.8279
-178605.0786
-178598.5742
-178595.1321
-178599.6248
-178605.6374
-178620.6131
-178612.0300
-178630.1572
-178612.1417
-178627.2068
-178615.2710
-178645.4682
-178643.3448
-178668.2893
-178644.2388
-178659.7957
-178617.5062
-178605.2127
-178587.8230
-178632.1242
-178644.3506
-178673.9667
-178688.0259
-178708.2766
-178710.8247
-178716.1891
-178736.6186
-178768.1122
-178802.3104
-178801.1257
-178797.0577
-178777.7011
-178795.2919
-178791.0675
-178805.2608
-178784.6302
-178793.7720
-178762.5019
-178774.9518
-178767.7546
-178794.4649
-178792.4086
-178809.6418
-178779.2210
-178803.4280
-178790.5757
-178798.6000
-178778.7293
-178781.3444
-178779.6904
-178789.3240
-178792.1627
-178783.3561
-178766.7041
-178755.2600
-178757.4951
-178786.3289
-178851.9313
-178875.4900
-178905.1731
-178863.9788
-178839.3025
-178785.9713
-178780.5845
-178763.0831
-178788.3182
-178777.8576
-178792.4533
-178764.3124
-178783.8255
-178780.8974
-178806.0208
-178783.9149
-178782.0597
-178764.4689
-178763.9101
-178749.6050
-178753.6506
-178760.6467
-178757.9645
-178765.1841
-178752.7789
-178757.8751
-178742.4524
-178764.5583
-178766.1229
-178796.2754
-178787.3124
-178813.2851
-178810.8040
-178845.2257
-178832.3064
-178835.3910
-178810.0217
-178831.7253
-178817.1966
-178840.9565
-178825.5785
-178829.1995
-178821.1306
-178832.5076
-178843.8176
-178850.5678
-178853.4512
-178844.9352
-178848.9138
-178836.1286
-178836.3968
-178810.8040
-178822.2928
-178806.7137
-178825.2433
-178812.4804
-178833.0217
-178807.5630
-178832.9099
-178825.2880
-178855.3734
-178837.9838
-178850.3890
-178844.2423
-178865.4988
-178849.5620
-178855.9993
-178858.9050
-178864.9847
-178840.8001
-178830.8983
-178823.1646
-178816.5484
-178814.9615
-178784.3843
-178788.9887
-178789.1899
-178808.8594
-178800.0082
-178811.1393
-178783.2890
-178787.5359
-178763.1948
-178777.1423
-178761.1161
-178782.2832
-178772.6720
-178785.3678
-178757.8304
-178757.0705
-178737.4903
-178744.1288
-178726.9627
-178707.8296
-178681.7674
-178675.9783
-178680.9404
-178683.4215
-178694.1726
-178690.1940
-178709.8636
-178709.3718
-178739.4349
-178747.6827
-178778.9752
-178777.3882
-178810.1111
-178795.5825
-178813.1733
-178798.0636
-178820.7059
-178807.5854
-178826.7408
-178816.1461
-178834.9663
-178825.1315
-178840.4201
-178838.1179
-178855.1946
-178859.0838
-178867.6669
-178866.4822
-178855.7534
-178856.4240
-178835.1004
-178830.9653
-178822.2258
-178840.6883
-178824.9751
-178842.9459
-178838.9225
-178870.3491
-178859.1732
-178870.9749
-178848.9138
-178856.2675
-178832.1947
-178844.4434
-178826.9644
-178841.6048
-178826.7185
-178844.0634
-178837.4250
-178837.5814
-178827.4784
-178828.9984
-178831.9488
-178829.3113
-178830.4736
-178828.5513
-178836.3297
-178824.2374
-178826.2715
-178803.4727
-178825.2433
-178815.4979
-178836.3744
-178817.1519
-178828.2608
-178802.4668
-178818.4483
-178801.8857
-178823.2987
-178808.9041
-178821.0858
-178803.9644
-178810.2005
-178799.9635
-178809.3735
-178809.0830
-178816.2802
-178818.0460
-178819.2307
-178833.6028
-178840.5319
-178854.0770
-178853.3841
-178861.2743
-178850.4113
-178870.2820
-178860.0673
-178879.8486
-178880.8544
-178905.0614
-178893.9302
-178909.0176
-178889.3257
-178908.9282
-178895.6736
-178907.4530
-178895.9418
-178905.7990
-178898.3782
-178910.1576
-178905.2625
-178909.0623
-178900.0769
-178884.9671
-178870.6173
-178859.6426
-178854.4347
-178840.0625
-178844.5328
-178835.4580
-178849.3832
-178835.1227
-178857.4521
-178830.3395
-178837.1791
-178812.9945
-178829.6242
-178811.6311
-178835.7486
-178819.5436
-178830.7642
-178807.8536
-178820.9070
-178858.3686
-178918.2712
-178934.2527
-178926.9884
-178879.9380
-178834.4969
-178803.2939
-178782.7303
-178782.2162
-178770.3921
-178784.3396
-178776.4494
-178790.2628
-178762.0102
-178770.8838
-178768.0005
-178793.5261
-178784.4513
-178807.4066
-178791.3804
-178809.2618
-178788.9664
-178796.0295
-178784.7196
-178794.8002
-178777.4105
-178792.6768
-178791.3133
-178791.0675
-178779.3551
-178790.7545
-178801.9081
-178802.1763
-178813.6204
-178814.6485
-178833.0217
-178826.2044
-178840.3307
-178832.0606
-178848.2432
-178833.7816
-178854.1217
-178848.0868
-178876.4511
-178867.7786
-178890.3763
-178882.6426
-178899.9875
-178883.8719
-178908.8835
-178941.4500
-179004.1913
-179030.0747
-179041.7646
-179037.6743
-179044.8045
-179040.4682
-179038.1436
-179040.6023
-179038.1883
-179048.7384
-179024.5985
-179019.3905
-178989.0369
-178989.4615
-178973.4800
-178991.7414
-178973.5247
-178989.7745
-178967.5345
-178976.1623
-178958.3479
-178966.6404
-178949.9437
-178968.9203
-178959.7337
-178966.9533
-178953.4305
-178963.4888
-178946.1439
-178929.7153
-178909.2635
-178897.2829
-178892.3879
-178879.9156
-178887.3811
-178887.0011
-178909.1517
-178898.0429
-178905.7096
-178886.7329
-178907.8106
-178895.6066
-178911.8786
-178915.1196
-179009.6005
-179045.3633
-179104.2154
-179117.2018
-179136.7595
-179127.9529
-179143.5992
-179130.7469
-179143.8674
-179142.2581
-179156.2726
-179165.7945
-179181.5301
-179203.8148
-179199.6126
-179218.6787
-179218.2987
-179236.4930
-179229.6981
-179248.1830
-179238.0129
-179251.6699
-179236.6942
-179267.4278
-179252.2063
-179271.6747
-179261.7952
-179283.5434
-179271.0041
-179292.5735
-179285.6445
-179304.4647
-179294.5405
-179300.0837
-179299.5026
-179315.4170
-179323.0837
-179345.5695
-179379.7453
-179388.2837
-179394.4528
-179385.1768
-179401.7395
-179394.6987
-179405.5616
-179388.7308
-179378.5384
-179348.2517
-179344.2731
-179321.1614
-179330.4598
-179312.9583
-179329.8786
-179302.6542
-179312.9807
-179296.3286
-179314.6347
-179308.9574
-179322.5025
-179321.3179
-179321.4520
-179311.1031
-179308.2868
-179296.9321
-179283.9234
-179278.1120
-179261.0576
-179263.2034
-179241.4998
-179260.7000
-179260.8341
-179289.3102
-179272.0770
-179273.6193
-179239.1082
-179251.9157
-179227.8876
-179236.5154
-179225.1160
-179250.0382
-179245.1878
-179269.9759
-179263.2034
-179286.1362
-179286.1809
-179289.1314
-179278.0896
-179281.4424
-179298.1391
-179298.4074
-179305.3140
-179299.5249
-179305.6493
-179295.9934
-179321.8320
-179309.6503
-179310.2314
-179291.2995
-179318.5910
-179305.9175
-179323.7542
-179304.6882
-179324.6930
-179320.8038
-179365.9767
-179376.7726
-179407.7074
-179408.0427
-179430.5956
-179416.8492
-179421.6549
-179420.6043
-179409.0485
-179405.7628
-179407.6627
-179404.8240
-179399.6384
-179421.9007
-179418.2798
-179433.0319
-179421.9678
-179440.5868
-179424.2477
-179446.5547
-179432.1378
-179440.9221
-179390.4295
-179400.1525
-179409.0038
-179456.5459
-179448.7228
-179468.9288
-179454.3778
-179457.7753
-179456.3001
-179475.9696
-179479.3000
-179483.5916
-179465.7549
-179450.6451
-179461.6421
-179459.5187
-179470.5158
-179468.5488
-179479.5682
-179464.7714
-179469.3311
-179444.1407
-179463.6314
-179450.7345
-179487.4361
-179491.4370
-179507.5973
-179490.9229
-179513.3417
-179501.1153
-179513.0512
-179497.3826
-179512.1347
-179506.6586
-179524.1600
-179530.9549
-179544.2542
-179534.1512
-179531.4243
-179539.7838
-179530.2843
-179541.7061
-179534.0394
-179538.6215
-179520.8743
-179540.0744
-179519.1085
-179527.2222
-179516.9404
-179532.9889
-179521.1648
-179547.6740
-179536.9899
-179558.4252
-179525.2329
-179535.5594
-179533.8159
-179564.7731
-179538.5321
-179524.3611
-179524.0482
-179541.3261
-179546.0200
-179554.5807
-179567.2318
-179566.6730
-179576.6866
-179562.0015
-179575.4572
-179568.6399
-179562.2250
-179543.4942
-179580.5311
-179580.5758
-179607.9343
-179610.5718
-179648.5474
-179637.5727
-179650.7155
-179628.6544
-179704.8515
-180769.5545
-180758.2221
-180121.5997
-179744.3470
-179548.3446
-179460.1669
-179419.9561
-179397.6714
-179376.2808
-179363.4062
-179371.0952
-179367.2954
-179377.4208
-179369.3294
-179395.0786
-179406.7463
-179435.8482
-179434.2836
-179453.4614
-179403.6841
-179393.9834
-179362.3333
-179379.6559
-179370.4917
-179401.1360
-179393.8717
-179399.9066
-179378.4937
-179379.4995
-179370.2459
-179382.2040
-179392.2847
-179410.9037
-179427.1310
-179438.3293
-179441.8385
-179420.9396
-179419.7103
-179417.8551
-179433.9260
-179416.5363
-179427.3769
-179408.4226
-179420.5373
-179403.2370
-179421.4090
-179410.3002
-179432.6966
-179406.4110
-179434.2836
-179434.0377
-179465.8666
-179444.2078
-179436.4741
-179359.1147
-179312.1760
-179276.6368
-179264.2986
-179258.3307
-179246.6407
-179237.4765
-179233.1626
-179247.9371
-179235.0178
-179235.1519
-179192.8177
-179183.0947
-179180.9489
-179209.1568
-179193.8012
-179193.2424
-179189.3308
-179224.5795
-179228.7370
-179268.8583
-179264.8574
-179290.3160
-179262.7787
-179267.5619
-179262.1528
-179324.2013
-179358.4441
-179388.3061
-179381.4888
-179389.1554
-179404.0193
-179392.0612
-179394.2516
-179388.2614
-179395.9057
-179382.0029
-179396.4421
-179391.0553
-179405.5393
-179391.9941
-179411.8425
-179388.0826
-179406.7016
-179385.2215
-179385.2662
-179316.5793
-179281.9341
-179243.9138
-179240.0022
-179222.8361
-179226.8371
-179201.8702
-179162.5311
-179140.1346
-179134.8149
-179127.0142
-179146.4378
-179334.5278
-179613.2764
-179789.6093
-179857.7598
-179905.8607
-179906.0395
-179926.7596
-179901.5021
-179754.0924
-179355.6278
-179123.2591
-178978.5315
-178937.2255
-178898.6241
-178914.4044
-178903.1391
-178922.4063
-178922.8533
-178942.7911
-178936.5997
-178931.5482
-178920.0370
-178925.2450
-178916.1925
-178908.4588
-178916.7066
-178896.6347
-178921.5569
-178909.6882
-178910.3364
-178888.8340
-178890.0186
-178869.2762
-178884.5425
-178864.3141
-178875.6465
-178852.2442
-178853.6300
-178811.1393
-178818.5825
-178808.7924
-178836.0615
-178833.5134
-178856.4240
-178862.3025
-178884.8554
-178892.1420
-178911.1410
-178924.2839
-178914.3150
-178916.0584
-178915.0749
-178924.5744
-178915.0749
-178929.9835
-178920.1041
-178944.1769
-178937.8737
-178955.9786
-178928.6424
-178930.2965
-178915.6337
-178935.9515
-178913.8009
-178920.2382
-178898.7582
-178906.5142
-178888.7669
-178878.7086
-178844.9352
-178844.6446
-178885.8612
-178964.2264
-179012.1709
-179030.0523
-179039.5965
-179017.5130
-179016.2389
-179012.1709
-179034.1650
-179025.8055
-179043.0163
-179023.4362
-179032.7792
-179005.2195
-179010.8969
-178991.7191
-179002.0456
-178978.9562
-178991.9426
-178960.1361
-178959.2196
-178935.3480
-178948.0438
-178942.0982
-178943.9087
-178938.3878
-178941.0030
-178945.5627
-178953.2741
-178964.2041
-178954.0564
-178962.6394
-178951.5753
-178959.1079
-178942.7911
-178955.0622
-178930.0506
-178924.5744
-178890.5327
-178908.9729
-178915.7678
-178964.4723
-178968.2497
-178993.5296
-178999.6316
-179028.8900
-179015.7472
-179036.6014
-179040.9600
-179057.8802
-179064.5858
-179085.4399
-179093.0619
-179097.4428
-179106.0035
-179097.6440
-179105.4447
-179103.6566
-179121.3145
-179110.5409
-179122.3874
-179109.4010
-179121.5603
-179098.0687
-179103.0978
-179067.5585
-179086.7587
-179076.8122
-179101.0191
-179091.3855
-179111.6809
-179106.7635
-179110.0939
-179053.4769
-179024.7996
-179010.8745
-179013.8920
-179004.2807
-179009.3546
-179030.1641
-179029.9629
-179038.3225
-179038.5236
-179054.3263
-179043.2845
-179055.9356
-179036.1990
-179042.7034
-179025.1573
-179045.2068
-179023.8385
-179038.3448
-179023.2127
-179042.2787
-179022.5868
-179037.6743
-179021.0446
-179029.6947
-179018.8541
-179025.2914
-179028.0183
-179044.8045
-179050.9288
-179058.9978
-179064.7422
-179068.0950
-179077.2592
-179068.4079
-179086.2446
-179078.3544
-179093.7995
-179084.7023
-179106.5400
-179102.0696
-179132.7586
-179115.8160
-179147.7566
-179153.4116
-179192.6836
-179193.3765
-179207.5922
-179180.8595
-179191.3425
-179195.7234
-179227.7088
-179225.3619
-179216.8235
-179227.9099
-179271.9205
-179301.7378
-179319.8650
-179345.5695
-179355.0914
-179369.6200
-179348.3188
-179328.0458
-179286.6727
-179284.6610
-179260.8341
-179274.2675
-179252.9216
-179262.7116
-179238.0576
-179259.5600
-179248.5406
-179280.2354
-179291.6124
-179327.8222
-179267.2043
-179192.7730
-179148.5836
-179146.7508
-179143.0627
-179151.0423
-179158.5748
-179166.5097
-179165.9509
-179150.9529
-179153.5457
-179141.2299
-179137.6536
-179104.2154
-179103.4554
-179079.1591
-179097.9793
-179085.4846
-179108.5740
-179096.6382
-179120.5322
-179104.0589
-179116.7994
-179098.0240
-179111.8597
-179077.4604
-179066.4186
-179054.0581
-179064.1387
-179067.5362
-179077.1474
-179078.8015
-179079.7626
-179093.1289
-179095.2523
-179114.9666
-179117.0453
-179146.1920
-179163.5816
-179196.3493
-179185.9557
-179209.3133
-179187.7439
-179180.1219
-179146.9966
-179166.5991
-179181.7312
-179227.0829
-179233.5426
-179257.7942
-179254.3744
-179274.3792
-179273.0605
-179305.3811
-179320.6920
-179349.8164
-179378.3595
-179488.4419
-179701.4093
-179564.9966
-179458.4235
-179390.2954
-179350.7775
-179300.8884
-179288.8632
-179273.4628
-179314.8806
-179326.9058
-179359.8299
-179365.9767
-179387.5461
-179366.1108
-179375.0738
-179348.1623
-179349.5034
-179333.3431
-179338.4617
-179323.4190
-179344.8319
-179529.3009
-179495.1474
-179389.8930
-179346.0166
-179313.8524
-179283.9905
-179271.1159
-179252.7874
-179267.4725
-179270.7806
-179295.5910
-179282.4482
-179291.1877
-179266.5785
-179259.3142
-179212.7778
-179215.0577
-179195.3435
-179239.6223
-179232.6932
-179237.8341
-179205.4464
-179199.6573
-179163.9840
-179171.8294
-179176.5680
-179194.2482
-179191.8119
-179188.8167
-179181.7312
-179172.3882
-179162.7323
-179147.0637
-179159.7371
-179149.2095
-179167.1132
-179160.3853
-179189.2191
-179174.8693
-179124.9131
-179059.8248
-179064.9210
-179073.5265
-179112.3067
-179113.8490
-179138.9277
-179129.3611
-179151.6681
-179151.3552
-179180.8148
-179189.7779
-179200.2385
-179190.9849
-179185.1511
-179178.5796
-179177.6409
-179181.9995
-179179.9431
-179191.2754
-179179.1831
-179184.7934
-179161.8605
-179173.5282
-179167.4932
-179188.1685
-179176.4786
-179205.3347
-179186.3134
-179189.9343
-179165.9733
-179176.9703
-179160.7877
-179181.2172
-179173.1705
-179185.2181
-179178.2891
-179210.6097
-179225.9653
-179229.9216
-179221.9420
-179207.9498
-179210.0733
-179208.5757
-179222.2103
-179207.6593
-179214.9683
-179190.4484
-179188.7944
-179161.0112
-179164.2522
-179134.5691
-179146.5943
-179116.1065
-179131.2163
-179099.6556
-179106.6741
-179084.5012
-179107.4788
-179106.8306
-179132.0433
-179122.2980
-179120.2416
-179081.4166
-179066.1727
-179068.2514
-179074.5770
-179106.0482
-179135.3961
-179167.4932
-179187.6321
-179206.8770
-179205.1782
-179226.0995
-179202.4960
-179202.6301
-179167.4932
-179152.3611
-179106.6964
-179118.6770
-179122.0297
-179174.9140
-179180.4795
-179209.8274
-179225.1830
-179253.8827
-179253.4356
-179266.8467
-179268.4113
-179275.7427
-179261.8846
-179237.6106
-179218.6340
-179216.3541
-179241.4328
-179249.3006
-179277.8214
-179276.0556
-179298.0050
-179291.9253
-179300.5755
-179277.1508
-179282.9399
-179257.9283
-179269.7301
-179229.3852
-179226.8818
-179201.8702
-179205.6923
-179193.5330
-179228.9158
-179233.1850
-179257.5931
-179263.1139
-179281.7106
-179285.3539
-179309.0915
-179320.3121
-179294.6299
-179277.4191
-179260.4541
-179246.4619
-179213.3813
-179199.4338
-179171.1589
-179192.9071
-179200.9537
-179242.3939
-179238.2812
-179266.8020
-179243.0644
-179238.5941
-179211.1014
-179229.7204
-179213.7389
-179218.7681
-179194.4047
-179189.3308
-179169.1025
-179160.3630
-179114.7207
-179070.5537
-179049.2301
-179040.6023
-179049.1183
-179062.0600
-179103.3437
-179122.7673
-179147.0860
-179138.1453
-179161.0559
-179155.6691
-179178.4008
-179161.4359
-179170.9130
-179147.9354
-179160.0054
-179148.0025
-179168.3649
-179158.8654
-179185.7993
-179166.3085
-179168.6331
-179147.3990
-179149.7235
-179144.2697
-179144.4485
-179139.7547
-179137.4077
-179149.0083
-179167.7391
-179196.8187
-179216.6447
-179251.6922
-179243.8691
-179262.1975
-179245.3667
-179262.2199
-179246.4619
-179264.0527
-179246.8419
-179253.7486
-179227.7535
-179242.8186
-179231.2180
-179248.8312
-179234.6602
-179213.2249
-179178.9373
-179175.8080
-179164.2745
-179173.9528
-179178.3338
-179186.6933
-179189.3755
-179189.6661
-179218.5446
-179225.5854
-179250.0158
-179251.7816
-179271.8535
-179260.4764
-179273.6863
-179259.0012
-179276.8156
-179264.2092
-179299.0332
-179301.2013
-179315.1712
-179296.1498
-179317.4063
-179300.7096
-179303.3471
-179270.9594
-179274.4686
-179255.8720
-179258.5318
-179289.5784
-179325.4977
-179326.3023
-179320.3344
-179343.0885
-179382.8075
-179424.6053
-179419.2185
-179446.0853
-179433.8813
-179438.7540
-179399.1020
-179403.1029
-179380.1700
-179387.9931
-179373.5092
-179434.3954
-179458.3341
-179495.7062
-179491.5935
-179508.2679
-179507.2397
-179522.0589
-179511.0618
-179506.5915
-179503.0376
-179499.5954
-179486.0279
-179474.7403
-179476.5284
-179469.5100
-179464.1679
-179424.4712
-179408.9367
-179365.3061
-179361.5287
-179347.1565
-179375.1856
-179370.0670
-179410.0990
-179407.4392
-179414.1670
-179396.9785
-179411.7083
-179377.2867
-179379.7677
-179361.3946
-179366.1778
-179360.7464
-179376.2585
-179383.7016
-179371.2740
-179361.0593
-179350.6434
-179357.7065
-179360.1876
-179370.8941
-179342.6191
-179340.5404
-179343.3120
-179380.7065
-179379.9242
-179386.4285
-179358.5335
-179353.5715
-179318.6580
-179321.5638
-179286.7174
-179289.9360
-179274.6027
-179285.3092
-179250.7311
-179242.1480
-179229.6087
-179255.2238
-179281.9565
-179314.5453
-179359.5841
-179397.4703
-179417.7657
-179418.4139
-179428.3157
-179403.7064
-179398.0291
-179373.9562
-179347.1565
-179324.9612
-179345.4578
-179335.9583
-179369.3741
-179365.1273
-179384.5957
-179364.5238
-179368.6142
-179334.1925
-179348.3859
-179342.2391
-179365.9096
-179362.3557
-179369.9553
-179371.9446
-179379.6112
-179373.6880
-179355.0914
-179350.3528
-179340.6745
-179350.2187
-179356.7231
-179377.8902
-179377.6443
-179389.2448
-179371.1846
-179378.2701
-179359.1370
-179378.4266
-179340.4733
-179330.6162
-179314.0536
-179324.2236
-179324.2236
-179360.9922
-179369.1730
-179390.9212
-179377.4208
-179383.2099
-179371.7434
-179374.9621
-179374.1127
-179402.2312
-179417.2516
-179402.2089
-179391.0777
-179373.5763
-179380.6618
-179374.1798
-179401.4712
-179397.4703
-179430.8861
-179423.4877
-179453.7296
-179449.8851
-179482.9881
-179457.9318
-179480.3729
-179482.3399
-179500.2660
-179473.3768
-179466.0454
-179452.6344
-179457.8647
-179426.9969
-179403.2817
-179391.8376
-179396.6656
-179408.5120
-179428.0922
-179466.3137
-179478.2271
-179503.1940
-179511.9112
-179540.6332
-179539.2027
-179560.8168
-179550.4233
-179559.4310
-179535.4252
-179536.6322
-179507.9773
-179525.7469
-179514.9287
-179524.9870
-179501.9647
-179499.6625
-179442.1738
-179431.1991
-179425.7452
-179435.1106
-179434.8424
-179447.8511
-179459.1611
-179456.6130
-179454.8025
-179456.3001
-179466.5372
-179459.6081
-179478.1824
-179468.3477
-179483.5916
-179462.2903
-179454.5790
-179420.5149
-179434.1271
-179410.6802
-179421.1184
-179399.3478
-179416.0893
-179397.5150
-179416.1116
-179398.5879
-179407.1039
-179400.1972
-179409.0261
-179394.9445
-179388.2167
-179385.6909
-179385.6909
-179382.8746
-179375.6997
-179387.2555
-179380.7288
-179398.7667
-179391.5471
-179403.9076
-179382.7405
-179398.4538
-179375.6103
-179389.0213
-179366.9825
-179381.8017
-179358.6900
-179369.1283
-179341.4568
-179343.4238
-179326.3694
-179334.5278
-179315.6182
-179284.1916
-179264.7456
-179264.3880
-179261.6164
-179266.0867
-179281.4647
-179298.3403
-179332.9408
-179345.1001
-179369.2177
-179340.7639
-179333.9690
-179311.0808
-179332.0020
-179321.1167
-179345.5472
-179362.0651
-179425.4323
-179440.6092
-179477.0872
-179470.3817
-179489.5371
-179478.3389
-179495.9297
-179484.2845
-179480.7305
-179478.2942
-179497.0697
-179512.0230
-179516.7392
-179526.2387
-179529.9491
-179545.4835
-179542.4660
-179557.6876
-179550.7138
-179571.9927
-179567.9247
-179599.2395
-179595.4397
-179622.0830
-179609.0295
-179635.5611
-179634.3317
-179651.3637
-179634.0188
-179648.9274
-179632.5659
-179635.5834
-179625.1899
-179640.1655
-179643.0265
-179669.4463
-179693.2733
-179704.5833
-179717.2567
-179737.6638
-179781.8979
-179840.8842
-179900.2281
-179875.8870
-179859.1009
-179810.6423
-179774.6336
-179735.8980
-179747.7668
-179728.8572
-179737.8203
-179714.0604
-179729.1478
-179700.6270
-179695.9331
-179666.8088
-179677.8953
-179676.3754
-179688.6465
-179686.2548
-179693.6085
-179695.8437
-179700.3811
-179705.4103
-179707.4890
-179717.7708
-179707.8019
-179685.9195
-179649.1062
-179654.4706
-179637.6845
-179652.8613
-179631.2695
-179643.4736
-179630.2861
-179660.1033
-179645.2617
-179663.6796
-179644.5241
-179663.8807
-179651.4308
-179660.9526
-179644.9711
-179642.8477
-179619.6019
-179618.7749
-179604.8945
-179593.6292
-179585.6720
-179587.7507
-179595.1715
-179588.3095
-179596.8925
-179584.7779
-179600.8265
-179588.5106
-179595.5961
-179573.8479
-179589.1588
-179574.8984
-179599.7089
-179589.9188
-179609.9236
-179583.1015
-179599.8430
-179594.1209
-179606.5709
-179592.1093
-179598.0548
-179586.2755
-179597.1831
-179597.7643
-179602.0111
-179604.9168
-179600.3571
-179594.8585
-179600.4241
-179602.8605
-179591.0587
-179607.0402
-179587.8624
-179569.1987
-179480.1047
-179464.5255
-179429.8133
-179433.5907
-179406.8580
-179428.7404
-179413.8765
-179438.8881
-179439.2010
-179480.9093
-179492.4652
-179516.8957
-179521.8801
-179546.5117
-179548.8139
-179572.2386
-179595.3950
-179611.8459
-179641.5513
-179655.7223
-179677.9623
-179669.9380
-179671.5474
-179632.6553
-179634.3094
-179615.1763
-179632.2530
-179618.5067
-179642.2889
-179627.4250
-179652.1461
-179652.0119
-179681.3598
-179673.5143
-179706.2820
-179707.5784
-179722.7552
-179706.6396
-179714.6639
-179692.1557
-179686.4560
-179685.2490
-179685.4949
-179686.8807
-179691.1275
-179711.0876
-179708.1372
-179718.2625
-179702.8622
-179725.7951
-179726.6891
-179752.2595
-179752.8407
-179783.3284
-179770.8338
-179777.9417
-179742.6036
-179749.0185
-179726.7785
-179719.8495
-179677.5376
-179670.9215
-179633.6835
-179626.9333
-179614.1257
-179621.5465
-179614.7963
-179608.7837
-179615.6010
-179625.3463
-179632.4318
-179628.7661
-179653.3978
-179684.3996
-179723.1576
-179723.3140
-179732.4335
-179716.1391
-179751.1419
-179742.5365
-179771.0797
-179749.8902
-179765.0224
-179756.0146
-179781.5850
-179784.8037
-179822.9357
-179837.8891
-179872.7131
-179884.7830
-179918.9588
-179942.4505
-179952.3970
-179937.4437
-179926.3573
-179936.9967
-179940.5953
-179956.7333
-179932.0570
-179933.2192
-179924.3903
-179944.5963
-179925.3067
-179949.3125
-179939.9471
-179962.6565
-179941.0871
-179946.4068
-179928.7489
-179947.5020
-179936.4155
-179954.2075
-179946.5632
-179954.3193
-179953.3582
-179984.4494
-180007.3376
-180024.4591
-180033.1762
-180033.5115
-180034.8303
-180022.4474
-180006.7788
-179981.4096
-179984.5165
-179955.7275
-179962.0083
-179938.4719
-179949.2231
-179932.3252
-179946.7644
-179930.7382
-179944.7304
-179930.3582
-179938.6954
-179906.9783
-179908.0065
-179893.3437
-179909.7723
-179897.7247
-179886.7500
-179861.0455
-179844.0581
-179830.7588
-179823.7851
-179814.6879
-179791.0845
-179786.1671
-179766.1176
-179730.9583
-179664.3278
-179665.4230
-179646.2899
-179658.1810
-179635.8963
-179652.6378
-179630.0849
-179648.3463
-179629.4814
-179650.3579
-179638.0868
-179666.6747
-179666.1830
-179686.2101
-179687.0818
-179704.5162
-179698.4589
-179704.9185
-179711.7582
-179723.6716
-179754.2265
-179766.6540
-179787.9106
-179792.6938
-179811.6705
-179801.6792
-179816.5878
-179812.3187
-179834.7598
-179825.3497
-179847.5227
-179837.8220
-179868.9356
-179862.8783
-179883.1737
-179860.0173
-179877.3846
-179866.3875
-179879.2398
-179874.0095
-179892.0473
-179891.8015
-179892.1144
-179895.3554
-179911.6498
-179924.7032
-179930.4476
-179935.1415
-179928.1007
-179948.1279
-179937.2649
-179948.5972
-179932.8393
-179947.3903
-179915.1590
-179914.4885
-179893.4555
-179907.6712
-179887.3311
-179896.8083
-179878.9269
-179893.5002
-179880.1115
-179889.9463
-179874.7471
-179879.3962
-179863.0571
-179881.7432
-179892.4497
-179894.0143
-179910.9122
-179925.6197
-179946.4515
-179930.1571
-179926.0220
-179910.9569
-179920.3670
-179909.4146
-179927.7878
-179873.6966
-179865.7393
-179834.0669
-179840.3925
-179827.6296
-179849.1543
-179837.8891
-179859.0338
-179847.9250
-179867.2369
-179858.5868
-179873.9871
-179865.0464
-179868.6674
-179866.3428
-179874.1659
-179881.6091
-179891.0192
-179899.1552
-179896.4283
-179911.3592
-179903.3350
-179926.4690
-179927.9442
-179942.4505
-179927.2290
-179938.9189
-179929.8218
-179953.4923
-179933.1075
-179944.8198
-179920.3893
-179926.4690
-179916.2319
-179934.5827
-179933.3534
-179970.7031
-179983.3989
-180001.3921
-179984.8965
-179980.7391
-179977.8333
-179997.0335
-180027.7671
-180041.9381
-180057.4949
-180054.9468
-180062.0771
-180047.0343
-180065.3628
-180059.7525
-180085.0546
-180075.6222
-180108.0993
-180094.3977
-180116.7941
-180087.9604
-180074.1693
-180046.1850
-180051.9070
-180037.9148
-180065.4075
-180075.3540
-180076.0692
-180046.5202
-180024.2803
-180011.2045
-180008.6117
-180033.2880
-180037.5348
-180034.5174
-180010.8469
-180009.5505
-179993.5913
-180018.0665
-180006.4436
-180021.3969
-179997.4135
-180014.9372
-179997.8605
-180022.8944
-180012.9479
-180033.8021
-180022.2239
-180042.0499
-180034.9197
-180067.9109
-180094.1742
-180119.0740
-180117.0847
-180126.9418
-180112.0779
-180109.5075
-180114.6260
-180105.8865
-180099.5833
-180094.2636
-180098.0634
-180052.0411
-180052.0635
-180034.0927
-180047.2578
-180023.4979
-180035.1208
-180015.6525
-180034.1597
-180019.4970
-180036.3725
-180023.4979
-180043.7039
-180035.4338
-180047.3025
-180042.2958
-180054.7010
-180046.7661
-180052.1305
-180055.9974
-180065.4298
-180068.9837
-180060.3113
-180063.0605
-180053.3375
-180072.6941
-180078.8185
-180106.9370
-180109.6416
-180144.8009
-180140.0176
-180168.7843
-180159.9330
-180187.6268
-180174.3722
-180199.0038
-180176.8756
-180185.0564
-180166.4821
-180174.6404
-180170.4160
-180175.6463
-180162.7270
-180122.1809
-180035.6126
-179999.8945
-180057.1150
-180108.8369
-180131.8816
-180123.9243
-180132.5968
-180111.7873
-180120.0575
-180100.9244
-180110.7592
-180105.9312
-180130.4734
-180107.2276
-180114.7601
-180096.4540
-180116.2577
-180101.4161
-180128.3053
-180129.3558
-180151.4617
-180147.3043
-180179.2449
-180186.6210
-180188.9232
-180175.8474
-180173.4558
-180179.2225
-180179.9825
-180182.7541
-180178.6414
-180186.0398
-180171.5782
-180177.0768
-180152.4228
-180136.5531
-180109.5298
-180121.7786
-180102.2878
-180118.0682
-180097.5269
-180116.2800
-180104.3442
-180125.1984
-180112.7708
-180124.8855
-180117.1741
-180131.9933
-180127.9476
-180139.1459
-180133.3344
-180128.2382
-180122.0468
-180124.3490
-180135.4802
-180140.7775
-180157.0720
-180149.7629
-180163.7328
-180155.2838
-180171.0865
-180157.1837
-180175.8027
-180157.1614
-180181.5248
-180172.5170
-180195.9417
-180179.2672
-180192.5889
-180176.8756
-180189.3926
-180182.8435
-180199.9203
-180196.1652
-180206.9387
-180217.8240
-180237.7618
-180248.8706
-180266.2379
-180282.7782
-180287.8297
-180306.4710
-180302.4030
-180323.8160
-180326.0512
-180367.3572
-180361.5234
-180369.2124
-180338.5905
-180357.8130
-180352.3592
-180372.8781
-180364.0715
-180396.1015
-180399.5660
-180429.6068
-180424.0412
-180426.1870
-180411.5913
-180429.7632
-180432.4008
-180444.2695
-180454.9313
-180477.6183
-180520.0419
-180529.5191
-180552.4743
-180559.1575
-180567.6735
-180534.5706
-180532.2460
-180503.6358
-180510.3413
-180475.6067
-180480.2782
-180460.1393
-180477.3725
-180455.6019
-180470.7563
-180453.7467
-180462.1956
-180451.7127
-180472.3433
-180480.9487
-180492.4822
-180492.7952
-180506.4074
-180501.7359
-180500.4395
-180501.3559
-180490.0683
-180491.6999
-180492.0352
-180514.9681
-180515.7951
-180541.4102
-180539.4433
-180563.1138
-180551.4461
-180577.1283
-180560.9903
-180574.9825
-180537.1634
-180545.0983
-180528.6697
-180543.1089
-180517.4938
-180516.7786
-180480.8370
-180448.4493
-180392.7488
-180355.6672
-180328.5322
-180321.3796
-180317.1552
-180320.6197
-180356.0248
-180374.3980
-180395.4310
-180404.1034
-180437.1393
-180429.6962
-180421.8060
-180390.4242
-180399.0072
-180382.3328
-180417.0675
-180408.0150
-180420.6214
-180395.7662
-180403.0082
-180388.1667
-180414.2511
-180415.2123
-180443.3755
-180442.1685
-180448.9187
-180448.2258
-180456.0489
-180461.8604
-180443.8896
-180430.4562
-180424.7341
-180445.0071
-180419.3250
-180419.7720
-180409.1102
-180440.4474
-180431.5961
-180464.9672
-180460.8098
-180483.1169
-180473.1927
-180503.3452
-180500.3054
-180487.2743
-180461.2345
-180465.4366
-180431.0149
-180430.4114
-180416.8216
-180414.4747
-180397.0179
-180382.9587
-180364.0491
-180341.6974
-180333.4496
-180318.3622
-180339.9316
-180360.2493
-180398.2696
-180417.0451
-180446.5494
-180429.6515
-180427.0810
-180398.7614
-180412.4854
-180390.1560
-180396.7721
-180348.3805
-180349.5652
-180336.8694
-180351.3980
-180341.1609
-180368.6089
-180381.0811
-180400.0578
-180397.3979
-180402.5835
-180394.5369
-180391.0053
-180374.6662
-180322.8772
-180304.2135
-180283.6946
-180300.1455
-180313.9142
-180357.6565
-180358.0589
-180384.0539
-180380.3882
-180404.6846
-180393.7546
-180417.9168
-180400.3931
-180413.9829
-180397.1297
-180408.0150
-180394.4922
-180404.9975
-180401.9577
-180415.7711
-180418.6991
-180446.9741
-180469.2141
-180492.8846
-180517.7397
-180524.9817
-180527.8874
-180502.9652
-180500.4842
-180472.9468
-180484.2345
-180475.5173
-180498.2937
-180481.9546
-180501.9147
-180498.9419
-180522.9924
-180515.5716
-180571.7415
-180870.7632
-180846.6680
-180670.7374
-180734.6410
-180757.6857
-180686.6966
-180580.4140
-180536.7387
-180577.7989
-180639.9367
-180630.3702
-180580.6375
-180587.9689
-180514.7669
-180486.8943
-180491.1858
-180590.1147
-180604.5315
-180544.0477
-180458.7535
-180426.9022
-180389.4854
-180390.5359
-180359.9364
-180380.5671
-180375.6720
-180385.6856
-180359.8693
-180360.9422
-180364.3844
-180448.4717
-180458.7758
-180434.9489
-180395.5204
-180379.2036
-180383.8304
-180403.3658
-180469.6835
-180515.5045
-180545.0759
-180544.9641
-180560.9680
-180558.8222
-180555.3353
-180516.4433
-180529.5414
-180509.6931
-180524.2664
-180518.0526
-180546.7076
-180541.6784
-180563.5608
-180548.0487
-180559.3810
-180543.9360
-180554.6648
-180547.0876
-180552.9437
-180547.0429
-180545.7465
-180543.0195
-180560.0292
-180763.0278
-180697.6936
-180586.4490
-180518.6338
-180504.8651
-180466.0178
-180452.9867
-180424.6894
-180441.4756
-180426.1423
-180456.6300
-180453.9255
-180489.5095
-180475.4279
-180494.7174
-180475.0032
-180478.7359
-180458.0606
-180463.8497
-180455.6466
-180472.4327
-180477.8419
-180488.7942
-180491.0294
-180484.0556
-180487.3190
-180473.1256
-180477.6630
-180466.4201
-180480.7252
-180467.8059
-180486.9614
-180494.6951
-180521.6513
-180503.3675
-180514.4764
-180499.5901
-180523.0818
-180509.1119
-180525.3393
-180515.0575
-180538.4821
-180530.0108
-180543.1536
-180536.7163
-180554.7542
-180563.8514
-180586.0690
-180611.3265
-180625.9669
-180645.4576
-180659.9192
-180699.0571
-180703.2815
-180733.1658
-180734.9763
-180750.7119
-180737.0550
-180755.8976
-180736.9656
-180758.8927
-180746.7333
-180833.9275
-181639.3055
-181607.1637
-181198.1492
-180960.3937
-180812.7157
-180758.7809
-180736.0716
-180743.6711
-180715.6868
-180668.7928
-180630.8619
-180612.8687
-180602.4528
-180588.2371
-180594.2497
-180590.1817
-180602.3187
-180595.4791
-180625.8551
-180617.2944
-180638.2156
-180621.7647
-180646.1281
-180637.6121
-180656.5440
-180638.9532
-180673.9784
-180689.0882
-180737.3903
-180734.7528
-180741.1678
-180720.0007
-180765.7770
-180850.7584
-180906.2577
-180932.5434
-180952.0565
-180973.4918
-180996.8047
-181028.4771
-181015.8260
-181000.8727
-180971.5025
-180981.2478
-180973.3130
-180998.0340
-180999.8445
-181041.4187
-181042.4916
-181064.0387
-181044.3692
-181078.3662
-181075.3040
-181112.9667
-181124.6119
-181154.6080
-181146.9413
-181151.9705
-181150.8082
-181164.9792
-181163.5263
-181163.0346
-181172.5788
-181161.8499
-181175.7751
-181173.0929
-181184.6264
-181177.1162
-181195.0870
-181188.9179
-181205.7711
-181191.5778
-181210.5544
-181192.6730
-181205.3464
-181198.2833
-181224.1219
-181199.7585
-181200.0714
-181174.4787
-181175.0375
-181155.0774
-181166.4767
-181169.0025
-181174.4563
-181156.1055
-181146.2261
-181147.1201
-181145.7120
-181151.1211
-181142.8957
-181147.5001
-181128.4341
-181141.1075
-181131.0269
-181147.8130
-181137.7101
-181163.3475
-181155.9267
-181175.0598
-181155.2785
-181171.7071
-181148.1483
-181157.2008
-181138.7829
-181156.7090
-181142.0239
-181153.3116
-181142.8957
-181144.6391
-181134.9161
-181141.9345
-181162.9005
-181179.8654
-181185.6098
-181189.5661
-181234.8954
-181239.4999
-181261.5387
-181259.8400
-181292.0488
-181288.2714
-181307.6951
-181284.2481
-181278.2578
-181249.1782
-181263.7962
-181251.4581
-181271.9993
-181260.6446
-181281.0294
-181281.3647
-181306.6892
-181311.6960
-181335.4559
-181352.5103
-181363.1050
-181362.1216
-181353.9185
-181329.7339
-181306.6222
-181305.3258
-181286.0809
-181296.4074
-181285.9021
-181315.0488
-181317.2616
-181340.1498
-181324.2577
-181341.7815
-181325.0624
-181347.3024
-181341.5133
-181355.9078
-181340.7309
-181362.9709
-181363.0380
-181386.8202
-181369.7659
-181368.8047
-181356.9136
-181361.4734
-181350.1857
-181350.1410
-181384.1157
-181396.5209
-181859.1573
-184205.6434
-183962.5012
-182602.0175
-181772.6561
-181336.8864
-181149.8023
-181039.3400
-181023.5150
-180990.4568
-181002.9067
-180982.4101
-181004.1137
-181012.2274
-181038.6471
-181034.6909
-181067.2126
-181081.2495
-181107.0882
-181117.5264
-181131.3175
-181133.9550
-181139.1853
-181156.1279
-181175.5739
-181188.5826
-181199.8479
-181223.2278
-181226.1559
-181243.6797
-181235.7225
-181240.5951
-181227.4523
-181255.9508
-181258.9906
-181302.9565
-181325.1518
-181357.4948
-181342.6532
-181365.5637
-181350.9010
-181361.5851
-181351.9739
-181349.5152
-181337.8252
-181335.6347
-181326.0682
-181315.7640
-181292.2500
-181276.5367
-181272.8934
-181261.1811
-181261.6952
-181241.0869
-181253.2015
-181244.1267
-181278.3472
-181271.5746
-181299.6931
-181262.2540
-181262.8351
-181240.4610
-181255.6602
-181237.5776
-181256.1296
-181247.1665
-181264.1762
-181248.4853
-181258.4765
-181253.2686
-181268.9371
-181266.3220
-181262.8128
-181256.6213
-181254.1850
-181260.8235
-181260.3988
-181282.3258
-181272.9605
-181285.7010
-181286.4162
-181303.1800
-181293.5241
-181312.8136
-181291.8030
-181311.8748
-181279.0178
-181286.2374
-181261.5387
-181273.5863
-181268.2889
-181289.0090
-181283.4211
-181301.9060
-181298.0168
-181319.1615
-181327.7893
-181334.6736
-181341.6921
-181352.4656
-181373.1410
-181387.9378
-181404.7910
-181411.9213
-181828.0660
-182649.8950
-182291.5071
-181881.6655
-181693.3521
-181581.2581
-181561.3203
-181530.6761
-181546.0988
-181523.9705
-181542.4778
-181534.0735
-181558.2358
-181580.1405
-181616.4844
-181616.3280
-181637.1821
-181643.1277
-181654.6165
-181658.9080
-181666.9547
-181666.8429
-181663.9372
-181667.2005
-181641.2949
-181641.8536
-181626.6098
-181633.5164
-181612.0588
-181624.1958
-181608.6837
-181635.5952
-181629.1132
-181652.2919
-181626.0063
-181652.6272
-181642.0325
-181657.7681
-181632.1306
-181636.6457
-181620.3513
-181617.0209
-181595.5632
-181608.1025
-181607.7896
-181608.8401
-181599.9441
-181573.4797
-181578.4417
-181581.7498
-181608.3707
-181602.3358
-181609.8907
-181602.4922
-181633.0024
-181615.1210
-181635.2822
-181625.3804
-181645.7205
-181642.0325
-181668.0722
-181669.6816
-181690.6475
-181664.6524
-181666.9323
-181653.0072
-181665.9041
-181669.7710
-181684.7913
-181685.3278
-181688.9488
-181698.0683
-181706.9196
-181726.4326
-181729.1596
-181763.8271
-181768.6104
-181782.8932
-181786.0224
-181811.3246
-181782.3120
-181803.6803
-181785.7765
-181797.2206
-181770.8679
-181780.4568
-181745.4540
-181757.6133
-181764.7659
-181795.6560
-181786.9165
-181778.4899
-181770.9350
-181788.5928
-181773.8854
-181755.8922
-181761.9943
-181767.4928
-181777.2382
-181763.4024
-181755.0429
-181729.4948
-181731.4171
-181702.0916
-181720.7330
-181701.1305
-181731.4618
-181717.9166
-181740.0449
-181709.2218
-181702.9186
-181667.2676
-181668.3405
-181636.0422
-181636.0645
-181611.0306
-181610.2483
-181600.8382
-181604.0792
-181593.4398
-181593.5962
-181590.1764
-181585.7731
-181586.2872
-181579.7381
-181588.1424
-181569.9928
-181574.5972
-181557.4535
-181579.2464
-181574.3737
-181624.9110
-181653.5883
-181691.2063
-181678.0635
-181711.6581
-181717.1567
-181752.0701
-181741.2072
-181769.1245
-181767.7834
-181786.5141
-181788.0788
-181815.1020
-181820.8464
-181842.3264
-181869.7744
-181887.6334
-181895.9706
-181858.8220
-181841.0524
-181809.8270
-181808.9329
-181786.6259
-181794.1584
-181781.0156
-181809.6482
-181802.8980
-181828.0213
-181814.8338
-181833.7210
-181825.8756
-181880.0338
-181901.6927
-181923.3292
-181927.2631
-181944.7198
-181938.1707
-181955.8957
-181926.0561
-181929.3194
-181940.3165
-181951.4700
-181969.6196
-181966.4457
-181980.9520
-181978.9627
-182006.4330
-181996.2853
-182020.6040
-182012.9597
-182032.9198
-182016.5359
-182024.7390
-182024.5602
-182056.6126
-182050.4882
-182060.2112
-182036.2278
-182050.4435
-182041.3017
-182105.8088
-182161.3305
-182146.8913
-182577.2518
-185597.1960
-187500.0224
-187500.0224
-187500.0224
-187500.0224
-187500.0224
-187500.0224
-187500.0224
-187500.0224
-187500.0224
-187500.0224
-187500.0224
-187500.0224
-187500.0224
-187500.0224
-187500.0224
-187500.0224
-187500.0224
-187500.0224
-187500.0224
-186286.1215
-183004.8630
-181404.1652
-180728.4496
-180495.3433
-180477.3054
-180542.0361
-180635.9357
-180751.9636
-180872.3725
-181000.7609
-181100.3603
-181198.0151
-181264.4668
-181354.3879
-181408.9038
-181481.9046
-181508.6373
-181560.2698
-181570.6857
-181605.4427
-181597.9101
-181626.2074
-181622.2959
-181652.2249
-181652.8954
-181679.8516
-181674.9119
-181684.8584
-181675.2248
-181669.9498
-181662.3278
-181660.7409
-181670.2404
-181689.8428
-181708.9536
-181706.6290
-181721.9847
-181719.3695
-181732.4006
-181727.1926
-181749.0303
-181732.1100
-181759.7591
-181741.9001
-181762.4413
-181745.2305
-181758.9097
-181742.7271
-181761.1673
-181751.8466
-181760.8990
-181734.5240
-181729.9866
-181707.5231
-181710.1606
-181711.3676
-181727.6396
-181732.8700
-181716.2626
-181731.6406
-181737.0497
-181763.5589
-181773.9525
-181790.9621
-181768.6774
-181780.0992
-181762.7989
-181783.4072
-181769.9738
-181783.9437
-181762.2178
-181784.2566
-181771.4267
-181804.6638
-181803.6579
-181804.5073
-181750.9302
-181733.4511
-181714.7427
-181716.5979
-181713.0887
-181719.1236
-181714.7203
-181703.4774
-181696.5931
-181687.6077
-181696.8836
-181683.0032
-181687.6077
-181666.7758
-181676.2753
-181656.9634
-181669.5251
-181652.2919
-181667.0441
-181638.5232
-181646.5475
-181622.3853
-181634.8352
-181624.2181
-181643.3289
-181629.3143
-181640.4902
-181643.2171
-181658.9527
-181656.6282
-181646.9945
-181640.4231
-181642.7030
-181659.8021
-181667.7146
-181679.8963
-181667.9381
-181672.7438
-181664.4960
-181694.7379
-181693.0391
-181713.5357
-181718.0731
-181763.0225
-181763.0225
-181790.2022
-181763.3354
-181775.7406
-181761.4355
-181778.8698
-181763.3801
-181772.2090
-181753.9029
-181756.3393
-181749.9020
-181755.3782
-181766.5540
-181793.4208
-181801.9815
-181797.9359
-181809.3353
-181787.2964
-181787.3859
-181780.3004
-181813.5374
-181797.0642
-181811.0564
-181801.8474
-181826.7920
-181818.2536
-181849.5684
-181834.7269
-181843.0641
-181828.7589
-181849.8813
-181825.0709
-181829.5636
-181823.5510
-181862.4654
-181903.2573
-181929.6994
-181937.0978
-181928.4924
-181910.5663
-181904.8666
-181903.2573
-181896.1047
-181908.4876
-181899.5916
-181905.3584
-181869.7073
-181869.7744
-181849.8366
-181861.0796
-181843.2205
-181865.9746
-181858.8220
-181878.2457
-181852.2059
-181862.1077
-181847.3556
-181865.6170
-181855.1116
-181867.4275
-181879.1174
-181910.7228
-181929.4088
-181952.7217
-181961.1483
-181957.5050
-181964.8587
-181963.6294
-181979.2085
-181975.0735
-181989.1551
-181975.4087
-181992.9996
-181979.4320
-182016.9383
-182011.4621
-182029.0753
-182018.6147
-182034.0597
-182021.2969
-182043.4251
-182038.3065
-182059.0490
-182062.7817
-182092.4201
-182091.2802
-182098.1198
-182096.3540
-182108.7145
-182126.3948
-182151.2723
-182180.3742
-182179.3684
-182193.2265
-182185.5375
-182196.1322
-182183.9058
-182204.0224
-182195.3275
-182220.6521
-182200.9378
-182212.8960
-182199.8649
-182218.9757
-182206.1234
-182243.3391
-182242.6462
-182273.9610
-182272.5528
-182281.3147
-182270.1165
-182272.0834
-182264.8415
-182260.9746
-182259.2312
-182263.0310
-182274.4304
-182269.7365
-182276.3303
-182268.1495
-182288.1767
-182279.9512
-182290.9930
-182278.6996
-182309.5450
-182304.0911
-182332.5449
-182317.7033
-182331.1814
-182320.4303
-182338.1328
-182319.0221
-182329.6168
-182310.5061
-182320.6091
-182310.1261
-182319.8491
-182321.8384
-182331.0026
-182332.2320
-182334.0872
-182341.1056
-182339.0940
-182352.9297
-182344.7490
-182355.3884
-182346.8277
-182376.9355
-182392.4699
-182432.1443
-182429.1044
-182429.5291
-182388.9831
-182381.4952
-182347.2524
-182349.4428
-182339.6081
-182357.6459
-182347.8111
-182364.3514
-182363.6138
-182385.0715
-182388.6925
-182413.8382
-182434.3571
-182455.7701
-182460.1510
-182453.6020
-182458.8770
-182450.9644
-182469.6952
-182466.8342
-182489.6106
-182474.7467
-182487.1296
-182468.1529
-182490.6835
-182471.9527
-182482.6816
-182464.8896
-182481.4299
-182463.5708
-182489.9012
-182493.3881
-182518.2655
-182510.8224
-182517.7291
-182508.0508
-182507.3802
-182501.3453
-182506.2180
-182513.4599
-182519.7408
-182535.2529
-182528.7485
-182542.5619
-182537.1751
-182558.7446
-182554.4083
-182569.0264
-182553.3578
-182560.8009
-182529.5755
-182540.7738
-182521.6630
-182530.0449
-182501.6806
-182513.9293
-182495.4668
-182508.3637
-182497.3890
-182499.9818
-182489.5436
-182497.7913
-182495.1091
-182495.4444
-182492.1364
-182481.1393
-182487.8001
-182483.5533
-182500.3618
-182497.6572
-182530.2461
-182509.8389
-182528.0109
-182525.6193
-182550.9214
-182542.4948
-182573.7426
-182566.5900
-182591.5793
-182579.7775
-182600.7882
-182595.5355
-182618.8484
-182614.3333
-182632.7512
-182629.9796
-182646.9669
-182657.5616
-182667.9999
-182672.1797
-182665.6306
-182673.6325
-182683.4673
-182710.0212
-182717.2184
-182738.0726
-182720.4594
-182735.3010
-182725.4662
-182749.0026
-182738.2961
-182768.5157
-182758.9715
-182794.3543
-182787.0229
-182811.8110
-182799.1152
-182818.7400
-182810.8275
-182831.7041
-182838.7672
-182855.7322
-182877.7934
-182888.2316
-182891.1821
-182890.4221
-182894.2442
-182894.3784
-182907.0965
-182905.4872
-182924.1285
-182933.8068
-182955.1527
-182900.4357
-182878.8662
-182841.7847
-182837.0685
-182808.2794
-182823.5680
-182806.5360
-182818.2260
-182799.5175
-182812.7498
-182796.7012
-182805.0831
-182802.7362
-182813.0851
-182803.3844
-182806.6925
-182800.8810
-182793.3485
-182798.0647
-182836.8450
-182887.0917
-182907.2306
-182936.9808
-182932.0634
-182959.3549
-182960.9195
-182990.1556
-182982.6230
-182999.7668
-182985.7746
-183010.2498
-183000.4150
-183031.3051
-183027.3712
-183053.1651
-183049.3877
-183067.9173
-183060.0718
-183072.7453
-183068.7220
-183075.8969
-183070.8454
-183064.6092
-183068.1408
-183064.7433
-183076.9698
-183071.4936
-183089.5985
-183090.2690
-183108.9998
-183093.3536
-183110.7209
-183097.3992
-183124.3331
-183125.8754
-183156.0279
-183154.2397
-183171.8306
-183139.8676
-183139.8676
-183104.3283
-183100.1485
-183087.0951
-183095.9017
-183090.2243
-183101.9143
-183105.2224
-183105.9823
-183107.5916
-183094.9406
-183100.2603
-183102.9201
-183120.0416
-183119.1251
-183133.9443
-183119.6616
-183132.0668
-183106.1835
-183121.5391
-183115.3253
-183145.0308
-183138.9958
-183167.0696
-183152.4963
-183168.9025
-183151.0881
-183158.7101
-183146.2602
-183160.7217
-183144.7849
-183143.0639
-183144.1367
-183148.9647
-183153.6139
-183160.5206
-183180.5477
-183187.2980
-183213.7848
-183193.9588
-183188.3038
-183162.1970
-183177.1056
-183169.3942
-183202.5419
-183202.0725
-183235.7789
-183227.2405
-183246.3513
-183248.9441
-183265.1491
-183221.5855
-183219.3727
-183202.4077
-183203.6147
-183193.2882
-183200.5078
-183197.5798
-183199.0326
-183205.8276
-183197.7139
-183203.0783
-183200.6643
-183220.8256
-183215.0141
-183222.1443
-183204.4641
-183219.4845
-183201.6478
-183230.1239
-183224.3795
-183244.8090
-183233.1414
-183252.1627
-183230.2133
-183251.6933
-183238.1035
-183249.1676
-183224.7371
-183207.2581
-183171.4282
-183158.8218
-183148.8977
-183146.8860
-183132.8491
-183120.2204
-183125.3166
-183128.2000
-183140.3369
-183131.8209
-183142.3933
-183130.0104
-183161.5935
-183161.4817
-183187.0521
-183174.1104
-183207.0122
-183183.3194
-183187.7226
-183157.8831
-183164.9909
-183152.5186
-183182.8276
-183167.0473
-183167.6508
-183147.8024
-183152.1610
-183146.3719
-183151.1775
-183152.0716
-183152.1834
-183162.7557
-183165.5274
-183180.5701
-183183.2970
-183211.0355
-183211.4602
-183233.8566
-183234.0578
-183261.2599
-183248.8547
-183272.4581
-183264.8362
-183289.8478
-183279.5883
-183304.1082
-183296.2404
-183313.4736
-183306.6116
-183327.1975
-183308.8467
-183303.2812
-183287.9479
-183273.1510
-183254.8002
-183247.3795
-183242.5291
-183227.3746
-183226.5253
-183223.9101
-183243.1550
-183232.7167
-183250.1958
-183227.1064
-183234.1472
-183205.4699
-183217.5622
-183200.1502
-183227.1511
-183224.8042
-183245.9489
-183231.8450
-183251.5145
-183238.2152
-183252.0733
-183251.6039
-183268.2336
-183267.2278
-183289.2890
-183282.6058
-183290.3395
-183296.5309
-183292.7088
-183303.9741
-183305.0246
-183316.8263
-183309.7632
-183326.4599
-183318.8380
-183340.5862
-183325.0294
-183357.3500
-183348.2305
-183361.1945
-183350.1304
-183368.5930
-183357.9312
-183388.4637
-183395.6833
-183436.6317
-183447.8522
-183450.8250
-183441.4820
-183450.7803
-183505.4750
-183606.6167
-183588.6459
-183539.2262
-183509.8113
-183487.5936
-183498.0319
-183507.3079
-183531.8054
-183529.8384
-183546.6693
-183535.4934
-183556.7723
-183566.2941
-183629.6166
-183647.6098
-183692.0898
-183670.3415
-183662.6302
-183634.3552
-183639.3843
-183614.5963
-183609.4554
-183592.7363
-183598.7042
-183576.7101
-183553.7101
-183546.2893
-183542.7578
-183544.3224
-183539.8297
-183554.2466
-183548.9045
-183557.8452
-183543.2942
-183571.1892
-183564.1260
-183577.6712
-18728.7055
-36793.1618
-36785.6964
-36788.2668
-36788.9150
-36785.8305
-36782.0083
-36786.3222
-36784.2435
-36780.8013
-36776.7780
-36776.8004
-36773.1123
-36770.7430
-36773.0453
-36775.4146
-36772.6876
-36770.0725
-36776.1522
-36769.5584
-36766.3621
-36763.6575
-36768.0385
-36764.0822
-36762.2047
-36762.6964
-36761.5565
-36758.8296
-36755.9685
-36757.3991
-36752.2134
-36750.5818
-36757.3320
-36759.3884
-36753.0628
-36754.3816
-36757.7567
-36759.5672
-36760.4836
-36764.7751
-36757.9131
-36754.1357
-36758.9413
-36758.4943
-36754.2922
-36751.6994
-36755.9015
-36762.0706
-36754.6721
-36754.1581
-36752.1911
-36753.2193
-36758.0249
-36755.8791
-36752.4817
-36759.1425
-36755.7450
-36754.3816
-36754.0016
-36758.6060
-36761.4671
-36755.9685
-36756.1250
-36758.4049
-36757.4438
-36759.0307
-36763.2999
-36764.0599
-36763.0093
-36763.5458
-36761.7576
-36758.6731
-36764.7528
-36756.0132
-36758.2484
-36758.9860
-36756.5497
-36752.5934
-36755.6109
-36756.1027
-36753.9569
-36749.3971
-36747.6090
-36751.1182
-36753.2863
-36748.3689
-36747.2067
-36748.5478
-36752.0346
-36748.2125
-36749.5536
-36752.9064
-36748.9948
-36756.7285
-36751.4758
-36757.8684
-36753.6440
-36755.2533
-36757.5555
-36752.7722
-36751.4982
-36752.1017
-36755.6556
-36754.6274
-36748.1901
-36754.9851
-36753.0852
-36755.3427
-36752.6605
-36753.4204
-36754.9627
-36754.1133
-36750.5147
-36750.8723
-36757.1979
-36759.8801
-36761.5565
-36755.1862
-36761.9141
-36765.1104
-36762.5176
-36762.9870
-36759.5448
-36761.4447
-36764.5740
-36768.6196
-36768.5079
-36767.2338
-36773.8276
-36778.0521
-36774.3417
-36771.4359
-36774.1405
-36779.5273
-36774.4534
-36778.1191
-36782.5671
-36778.8567
-36780.3990
-36785.3834
-36781.8742
-36786.3669
-36779.5720
-36778.9238
-36775.3028
-36780.9131
-36773.7382
-36775.5263
-36772.8441
-36763.5011
-36762.4505
-36768.9102
-36760.0366
-36765.0210
-36763.9258
-36761.4000
-36760.5730
-36764.9092
-36761.8918
-36760.8189
-36758.2931
-36756.6167
-36755.9685
-36756.3485
-36752.3699
-36746.2679
-36744.1668
-36742.3563
-36742.8257
-36734.9803
-36735.5614
-36731.6722
-36731.2475
-36726.3525
-36728.9006
-36726.4866
-36724.9220
-36728.4088
-36723.0444
-36716.9424
-36717.6577
-36713.0979
-36713.8132
-36716.0707
-36707.1523
-36707.5770
-36702.5926
-36695.6412
-36698.0105
-36695.9318
-36688.6004
-36688.2651
-36690.3215
-36684.5771
-36678.4974
-36679.5926
-36680.3526
-36679.9279
-36676.8881
-36679.7491
-36678.4750
-36673.1777
-36671.2107
-36671.6801
-36666.9415
-36668.9085
-36663.3206
-36662.8065
-36661.0854
-36656.9280
-36659.6549
-36658.0455
-36653.9105
-36646.0203
-36648.1437
-36643.2710
-36643.6510
-36636.7890
-36637.4596
-36634.7327
-36629.4130
-36621.6122
-36626.2390
-36617.1642
-36619.8464
-36613.7891
-36612.5374
-36607.9329
-36609.9893
-36605.2731
-36603.9096
-36603.9096
-36598.9028
-36598.7464
-36596.2877
-36597.9864
-36591.3479
-36590.0068
-36584.1507
-36583.7484
-36577.6240
-36580.0380
-36577.2887
-36578.2945
-36578.0487
-36580.3732
-36577.9145
-36576.3723
-36580.5297
-36580.9320
-36576.3946
-36583.4801
-36578.4286
-36582.3849
-36581.5355
-36586.3635
-36579.4568
-36579.6803
-36578.6074
-36579.3227
-36580.8873
-36580.8873
-36582.3625
-36576.8193
-36578.2945
-36578.0710
-36578.1828
-36576.7523
-36567.9680
-36564.0341
-36577.5122
-36573.2654
-36574.7406
-36576.9981
-36581.6920
-36577.3558
-36581.1779
-36577.6240
-36578.5180
-36577.4005
-36579.3227
-36577.8251
-36580.6638
-36574.5394
-36572.8854
-36575.2100
-36575.0982
-36575.8135
-36575.7241
-36575.1876
-36572.4607
-36575.3888
-36573.6454
-36570.9408
-36571.0973
-36574.1818
-36574.1595
-36572.9525
-36567.0963
-36569.5997
-36570.9855
-36569.5326
-36566.7387
-36568.9738
-36567.7221
-36568.6162
-36566.8281
-36568.8174
-36568.6833
-36567.5210
-36574.4053
-36572.8407
-36572.8407
-36573.1536
-36573.0866
-36574.2042
-36577.0205
-36575.9923
-36580.5744
-36577.3558
-36575.7017
-36581.4908
-36582.3625
-36586.7211
-36590.8339
-36589.1351
-36589.9174
-36591.5268
-36589.9174
-36586.6541
-36593.5608
-36591.6609
-36593.7619
-36593.1137
-36593.8290
-36587.1235
-36588.5540
-36592.5996
-36594.4995
-36597.3159
-36602.4344
-36600.0204
-36597.6735
-36598.1205
-36599.6628
-36601.9874
-36600.7133
-36606.5248
-36607.7094
-36610.0340
-36610.0117
-36609.6764
-36608.7152
-36612.7162
-36615.6443
-36616.2701
-36615.5549
-36621.0981
-36617.0972
-36619.9805
-36620.9640
-36621.3440
-36619.8241
-36620.8969
-36622.5286
-36619.7123
-36622.6851
-36621.1205
-36619.7123
-36614.9514
-36615.9796
-36614.3926
-36613.3644
-36608.5364
-36611.6880
-36609.3411
-36610.5481
-36611.9339
-36613.8562
-36613.8562
-36612.6045
-36613.2079
-36616.0019
-36615.8902
-36617.8571
-36615.3984
-36615.2420
-36617.3207
-36616.3595
-36619.5111
-36621.1875
-36623.4450
-36619.4664
-36623.2439
-36623.5345
-36626.9543
-36623.9815
-36624.6073
-36620.6511
-36625.7473
-36624.5179
-36622.2828
-36620.8746
-36627.7589
-36632.6093
-36635.7385
-36634.9115
-36635.0903
-36630.7541
-36632.6987
-36630.4411
-36633.2575
-36635.2021
-36637.7055
-36638.7783
-36640.2536
-36641.1029
-36642.8687
-36649.4401
-36649.2390
-36652.3906
-36654.9834
-36656.7491
-36651.1389
-36655.5198
-36650.8706
-36650.2001
-36649.4848
-36649.9542
-36647.4955
-36651.4071
-36655.2069
-36657.6879
-36661.1077
-36658.1797
-36658.2020
-36659.5208
-36657.9561
-36663.1194
-36659.1855
-36661.8006
-36661.7783
-36654.3575
-36655.0281
-36656.4362
-36659.2972
-36654.6928
-36654.6928
-36653.4187
-36654.4693
-36653.5305
-36651.9659
-36649.7083
-36653.8658
-36653.7764
-36657.7550
-36657.0174
-36655.2069
-36655.2516
-36657.0174
-36656.8609
-36658.6490
-36660.3031
-36660.3478
-36659.1184
-36658.7385
-36659.6102
-36658.4702
-36660.7278
-36659.1631
-36659.2525
-36660.1243
-36661.9571
-36656.4809
-36656.3021
-36657.1738
-36658.9173
-36656.3468
-36655.7880
-36660.3478
-36662.2253
-36664.2370
-36665.1534
-36663.7676
-36663.0076
-36665.0416
-36667.2992
-36666.2710
-36669.2661
-36664.6840
-36670.9425
-36671.1213
-36673.1777
-36676.3963
-36676.1952
-36683.5936
-36677.7821
-36683.2807
-36685.8735
-36686.9464
-36690.6791
-36691.8190
-36684.3088
-36688.0192
-36688.3545
-36689.9191
-36688.9580
-36692.0649
-36687.0134
-36686.7452
-36684.7112
-36683.7948
-36684.1077
-36684.6441
-36687.5946
-36683.3477
-36680.6879
-36679.5256
-36679.7044
-36684.3759
-36674.3176
-36672.7306
-36675.8599
-36668.8414
-36670.6519
-36666.8745
-36670.7413
-36669.6238
-36670.0261
-36672.1719
-36674.3623
-36675.7928
-36673.5577
-36675.0999
-36676.6422
-36673.1330
-36672.8201
-36676.7093
-36676.8210
-36672.9318
-36673.4012
-36672.2389
-36667.2768
-36669.1544
-36670.1378
-36675.1670
-36674.7200
-36673.0659
-36675.5917
-36677.9833
-36682.2972
-36680.4867
-36677.4245
-36681.4702
-36679.7267
-36680.6208
-36680.3973
-36683.2807
-36681.3137
-36684.2194
-36683.7501
-36680.8890
-36672.5295
-36675.1893
-36681.4925
-36682.7442
-36685.7617
-36682.4090
-36682.5431
-36682.7666
-36683.9065
-36677.2904
-36681.6937
-36679.4138
-36682.2748
-36686.5217
-36683.9289
-36689.2486
-36690.9026
-36686.5664
-36687.6840
-36687.8181
-36688.9133
-36685.8958
-36688.1310
-36686.0523
-36687.2369
-36689.1815
-36689.4498
-36688.1981
-36683.6830
-36684.2418
-36683.4148
-36680.2632
-36682.6772
-36681.7608
-36688.2204
-36686.9687
-36685.2029
-36680.9784
-36683.0124
-36675.9940
-36676.5304
-36680.1291
-36679.8832
-36683.1689
-36678.8327
-36678.8997
-36673.1330
-36683.2136
-36678.1621
-36681.6937
-36684.3536
-36687.8628
-36682.0066
-36683.4818
-36688.2204
-36689.4721
-36686.7005
-36684.1971
-36678.3633
-36679.3244
-36679.7714
-36679.9726
-36678.5645
-36678.7656
-36676.7316
-36685.7841
-36683.3254
-36680.2855
-36686.5887
-36683.0124
-36687.5275
-36687.1028
-36684.7335
-36689.8074
-36685.1582
-36689.0698
-36692.1543
-36692.1096
-36695.7753
-36693.8754
-36692.9366
-36684.1971
-36688.7568
-36687.7063
-36689.5168
-36692.8696
-36694.2330
-36694.8142
-36695.8200
-36696.1776
-36693.2495
-36697.3623
-36694.3224
-36697.4740
-36693.0037
-36692.1990
-36690.7014
-36687.3263
-36686.3876
-36689.9415
-36688.4886
-36686.7675
-36690.3662
-36685.6723
-36686.9464
-36687.7063
-36685.4711
-36687.8628
-36688.8910
-36682.4760
-36684.8229
-36686.7675
-36683.5489
-36683.3701
-36687.5946
-36686.1640
-36690.9026
-36685.9182
-36689.0921
-36687.7063
-36690.7909
-36687.1028
-36692.4449
-36691.1485
-36692.9813
-36697.2729
-36692.1096
-36694.6354
-36697.6528
-36698.8375
-36692.9143
-36694.6577
-36694.7471
-36695.6188
-36699.7092
-36696.9152
-36696.9152
-36697.6081
-36699.9774
-36700.6927
-36694.9259
-36694.9930
-36691.5508
-36695.1718
-36690.5897
-36691.6849
-36692.6684
-36695.8423
-36693.2495
-36696.2894
-36692.6908
-36693.2272
-36694.0766
-36696.8482
-36696.7588
-36700.2903
-36700.1339
-36698.2340
-36695.7753
-36697.0717
-36699.8210
-36696.1106
-36695.0824
-36691.1932
-36693.3613
-36687.0805
-36691.3273
-36692.5790
-36690.1203
-36686.9687
-36688.9804
-36684.9123
-36694.0095
-36692.5343
-36689.8297
-36692.1543
-36691.7073
-36691.7967
-36691.6626
-36693.8530
-36694.4789
-36696.3341
-36695.0824
-36696.6917
-36694.8365
-36698.9939
-36694.9036
-36691.5285
-36696.0882
-36699.9774
-36702.0785
-36702.0561
-36698.2563
-36700.8044
-36700.0221
-36700.2456
-36700.9162
-36702.5032
-36700.1339
-36698.3681
-36702.4361
-36704.1572
-36702.6820
-36701.5197
-36701.6762
-36705.3642
-36706.2806
-36700.9609
-36707.1747
-36707.5770
-36705.0736
-36702.8831
-36706.8841
-36709.1193
-36710.0134
-36709.5216
-36647.6967
-36715.3554
-36742.3116
-36726.6878
-36717.4788
-36710.0357
-36707.8229
-36703.5090
-36706.4818
-36706.1465
-36704.2243
-36701.0056
-36702.7043
-36697.4517
-36700.1115
-36695.0600
-36695.1494
-36694.3224
-36692.4002
-36692.2437
-36691.8637
-36688.1981
-36682.9677
-36682.1407
-36678.4527
-36678.2739
-36674.3623
-36674.3847
-36671.7695
-36671.6131
-36670.8084
-36670.0484
-36668.9979
-36669.0650
-36665.1981
-36666.2710
-36666.6063
-36664.7958
-36658.5373
-36658.5596
-36654.0893
-36651.6082
-36645.9086
-36649.3731
-36649.4401
-36647.3167
-36650.6248
-36647.6967
-36647.5179
-36644.7239
-36644.7463
-36640.2536
-36641.7958
-36638.5548
-36642.5558
-36633.4810
-36624.4956
-36621.9028
-36623.1768
-36620.8969
-36624.0485
-36620.2264
-36617.6336
-36618.3712
-36615.9349
-36611.8892
-36612.0457
-36613.6326
-36609.5646
-36606.3460
-36604.6249
-36607.1506
-36606.8154
-36606.3907
-36598.7240
-36600.7804
-36598.6793
-36598.0535
-36592.5773
-36595.2371
-36586.2741
-36589.3363
-36584.7318
-36587.7940
-36586.1400
-36584.6424
-36584.1730
-36582.9660
-36582.2061
-36585.0895
-36581.0438
-36581.8485
-36580.7085
-36574.8300
-36574.5171
-36574.6512
-36570.7396
-36569.8679
-36570.8961
-36567.8116
-36571.2090
-36568.9291
-36566.0905
-36560.5472
-36564.3470
-36564.5706
-36564.7494
-36564.7941
-36564.7941
-36559.2955
-36559.8096
-36553.6182
-36542.8000
-36533.0993
-36542.2635
-36549.1702
-36551.0925
-36548.9243
-36549.0137
-36550.1313
-36559.0273
-36573.2430
-36559.9214
-36556.6804
-36545.9963
-36545.7727
-36543.6493
-36545.9516
-36545.2810
-36546.1974
-36544.6551
-36547.4044
-36548.4326
-36552.3889
-36546.4209
-36543.0011
-36544.6551
-36546.5550
-36546.8456
-36545.0575
-36546.0410
-36542.7776
-36546.6892
-36543.5823
-36541.3247
-36540.4754
-36545.8174
-36543.7387
-36547.1809
-36545.8174
-36548.5891
-36545.4598
-36548.9020
-36544.9010
-36541.9059
-36543.7611
-36548.2314
-36542.3753
-36548.0750
-36545.1245
-36542.7553
-36541.7271
-36536.8320
-36534.8204
-36538.6872
-36533.3228
-36531.6688
-36531.0653
-36530.3053
-36532.1158
-36536.3627
-36535.3345
-36535.6250
-36537.0556
-36532.7640
-36538.1284
-36535.8933
-36538.8437
-36534.1051
-36539.3354
-36536.4297
-36540.0954
-36537.8602
-36533.9487
-36532.2276
-36538.4190
-36538.3296
-36544.5881
-36542.5094
-36542.5094
-36540.0507
-36540.7436
-36544.2752
-36544.0740
-36540.0060
-36543.7387
-36546.8233
-36547.2032
-36548.3655
-36546.4209
-36547.2927
-36547.2032
-36553.0594
-36550.7125
-36550.7348
-36541.7718
-36547.8291
-36550.1090
-36550.8466
-36551.9195
-36553.8864
-36554.5570
-36554.2440
-36554.7358
-36557.6862
-36555.6299
-36557.8203
-36558.5132
-36556.4792
-36557.7086
-36556.5910
-36556.5463
-36560.2343
-36562.5365
-36559.6308
-36563.7882
-36563.6318
-36562.6483
-36563.5200
-36565.0623
-36563.5424
-36567.3645
-36566.7610
-36567.7221
-36564.3917
-36565.2635
-36561.8436
-36562.6036
-36561.1731
-36562.7377
-36559.5414
-36557.5521
-36561.6201
-36560.5696
-36561.9554
-36557.6862
-36558.2897
-36559.9437
-36562.3354
-36559.0497
-36562.7154
-36561.2401
-36560.3908
-36558.3344
-36558.1556
-36561.1284
-36565.3529
-36559.0497
-36557.6415
-36558.8485
-36562.5142
-36560.9272
-36560.7261
-36559.7649
-36563.2294
-36558.7815
-36560.7931
-36558.0662
-36559.6085
-36558.2003
-36556.9263
-36559.3849
-36557.1498
-36558.6697
-36555.8087
-36556.2781
-36549.8855
-36552.4783
-36553.2382
-36556.5239
-36555.6299
-36553.6182
-36550.3772
-36552.7912
-36555.4063
-36556.5239
-36556.6133
-36553.7747
-36552.3218
-36558.7591
-36558.6920
-36553.2606
-36550.3548
-36555.1381
-36555.6969
-36554.4676
-36552.1206
-36549.4384
-36548.5891
-36547.1809
-36548.3208
-36549.7290
-36546.6221
-36542.0176
-36546.3092
-36542.0623
-36543.8728
-36541.2130
-36540.1848
-36537.4355
-36537.5473
-36534.7533
-36531.8700
-36529.8136
-36531.0653
-36529.2324
-36529.7018
-36530.3277
-36535.0215
-36536.3403
-36535.2227
-36532.7193
-36532.1605
-36535.4015
-36532.4287
-36533.9934
-36529.6348
-36534.5298
-36530.2830
-36532.5629
-36527.9584
-36533.3675
-36532.2276
-36530.4618
-36527.3102
-36529.6348
-36529.3666
-36535.9156
-36533.3675
-36533.1664
-36535.6697
-36536.4744
-36532.2946
-36533.0993
-36536.1838
-36536.0274
-36536.9214
-36535.3568
-36536.3627
-36533.0322
-36531.7135
-36530.9759
-36532.8087
-36533.2781
-36537.1226
-36533.5240
-36534.1722
-36534.7533
-36535.7145
-36536.6085
-36543.0682
-36533.9263
-36538.6202
-36538.4190
-36539.1343
-36542.7329
-36544.6775
-36540.6318
-36534.5298
-36535.6921
-36537.5473
-36537.1003
-36531.6911
-36535.0663
-36532.1829
-36533.5687
-36527.4220
-36527.1090
-36523.0634
-36522.1022
-36520.0459
-36525.4326
-36520.1576
-36524.6727
-36523.3986
-36519.6659
-36523.0857
-36523.4433
-36524.3374
-36514.3238
-36531.6464
-36532.7640
-36529.6795
-36525.5444
-36521.8564
-36522.4599
-36524.3374
-36525.6115
-36526.2820
-36523.2645
-36526.7291
-36525.7679
-36524.0245
-36522.4599
-36520.9847
-36528.6960
-36530.0371
-36527.3996
-36525.0750
-36524.8068
-36517.1625
-36528.0478
-36536.0944
-36533.6804
-36535.4239
-36533.9934
-36537.3685
-36534.3063
-36533.7922
-36534.2392
-36533.9487
-36535.0439
-36531.6017
-36532.5405
-36530.0371
-36533.4122
-36534.6639
-36537.4355
-36535.2004
-36538.1955
-36536.5191
-36540.2295
-36537.6814
-36540.7883
-36536.2509
-36537.6144
-36533.0769
-36540.9001
-36539.9166
-36539.9613
-36539.6260
-36539.2907
-36541.9729
-36544.4540
-36542.6211
-36542.8894
-36543.7834
-36540.7659
-36543.4705
-36544.4987
-36545.2363
-36539.7378
-36541.4589
-36539.5590
-36539.8719
-36540.5201
-36542.5764
-36537.5696
-36539.0449
-36531.7358
-36533.5240
-36530.8418
-36532.7640
-36531.1323
-36532.8311
-36530.1489
-36533.3452
-36531.2441
-36530.6853
-36535.5133
-36539.0449
-36536.2285
-36537.7932
-36540.3189
-36541.6377
-36539.8495
-36536.7650
-36540.3189
-36535.4462
-36535.2227
-36532.9205
-36536.4744
-36536.3850
-36537.7261
-36537.9496
-36541.4812
-36542.5094
-36543.4929
-36542.0400
-36542.0847
-36545.3704
-36546.6892
-36543.5376
-36543.6046
-36548.2761
-36547.4268
-36546.6221
-36548.7902
-36547.2480
-36546.8680
-36544.8787
-36546.1080
-36549.9972
-36553.4617
-36560.2790
-36558.3791
-36555.6522
-36552.6571
-36554.4452
-36554.3558
-36554.4005
-36549.7066
-36557.5968
-36551.7183
-36549.4384
-36550.5337
-36553.8417
-36551.8971
-36553.4617
-36552.9029
-36557.6639
-36555.4063
-36554.2440
-36554.6911
-36556.8592
-36555.5181
-36553.5064
-36551.7407
-36551.6959
-36552.3889
-36545.6610
-36548.3432
-36544.6999
-36541.7718
-36541.2800
-36540.2295
-36542.3529
-36545.9739
-36538.4414
-36543.1352
-36545.0351
-36544.9010
-36546.5327
-36546.5774
-36546.7786
-36546.4433
-36544.7669
-36550.6678
-36552.1877
-36550.5113
-36552.6794
-36552.8582
-36553.6406
-36552.6571
-36552.3889
-36545.4822
-36549.0137
-36552.0983
-36551.8524
-36547.1809
-36548.2314
-36551.6959
-36551.8748
-36550.8242
-36550.5113
-36549.6843
-36555.1828
-36555.9651
-36559.4744
-36555.8757
-36550.0196
-36553.2829
-36551.8971
-36553.3947
-36548.8796
-36549.7737
-36547.4938
-36552.0983
-36555.9875
-36556.4569
-36557.7980
-36564.2576
-36559.8096
-36559.6085
-36558.5356
-36563.0283
-36558.8485
-36563.4753
-36560.5472
-36559.8990
-36557.5968
-36556.8369
-36559.3402
-36561.8213
-36559.7649
-36559.6085
-36557.2839
-36556.0769
-36557.4627
-36559.2061
-36563.2518
-36560.2120
-36560.1002
-36554.8699
-36554.8252
-36552.7688
-36557.3062
-36553.7523
-36552.8806
-36547.4938
-36549.2149
-36548.9020
-36551.0477
-36551.7630
-36550.9360
-36554.4899
-36560.7037
-36558.4015
-36553.8641
-36550.3772
-36549.4161
-36547.7620
-36554.0652
-36552.4112
-36552.1206
-36554.4229
-36555.0934
-36553.3053
-36549.6619
-36552.5006
-36553.1488
-36556.5016
-36553.9535
-36553.0371
-36551.4054
-36551.9418
-36554.8475
-36554.2440
-36551.7407
-36553.5735
-36550.3101
-36555.1158
-36556.4122
-36557.7980
-36561.5978
-36560.9272
-36560.0331
-36559.5638
-36559.2508
-36556.1886
-36555.1828
-36557.7086
-36562.4471
-36563.5647
-36561.3519
-36559.5414
-36559.4520
-36558.8038
-36564.9282
-36561.2625
-36564.5035
-36564.8388
-36570.7620
-36567.6551
-36572.2149
-36573.5336
-36574.8077
-36571.3655
-36571.3878
-36570.9855
-36572.2372
-36564.9952
-36562.9389
-36563.2742
-36560.3684
-36560.2343
-36562.9836
-36557.0157
-36556.0769
-36559.0720
-36557.5745
-36559.0050
-36559.0273
-36556.8369
-36560.8378
-36560.0331
-36556.5910
-36559.1838
-36554.8475
-36555.6969
-36559.3179
-36556.4569
-36555.2275
-36559.6755
-36559.8320
-36555.8757
-36554.0652
-36558.7367
-36556.7921
-36557.1274
-36557.2392
-36552.2547
-36551.6512
-36553.3053
-36553.9535
-36548.5220
-36551.9642
-36553.6629
-36550.1984
-36546.5550
-36553.0818
-36550.8913
-36557.7086
-36552.3665
-36554.4452
-36554.3111
-36560.2343
-36557.5521
-36561.3743
-36561.9778
-36560.4131
-36559.5638
-36560.4131
-36562.0225
-36565.3976
-36560.3014
-36557.4180
-36558.7591
-36559.0497
-36562.3354
-36565.1070
-36570.0691
-36568.7056
-36566.2693
-36565.7552
-36566.7610
-36562.4918
-36565.1070
-36566.3363
-36563.3189
-36559.8767
-36565.9117
-36563.2742
-36559.8096
-36561.7542
-36563.5424
-36565.4199
-36563.7659
-36560.0555
-36560.3014
-36559.5861
-36559.4073
-36561.1954
-36558.3568
-36559.7202
-36559.8543
-36562.6707
-36556.0322
-36556.1216
-36554.3335
-36554.8699
-36553.9758
-36553.5288
-36549.0584
-36551.0254
-36550.2878
-36549.8631
-36546.4880
-36548.9914
-36550.9360
-36553.8194
-36547.5385
-36545.0575
-36546.9127
-36551.3383
-36552.8806
-36554.0652
-36554.6911
-36553.9535
-36556.2781
-36555.0487
-36557.0827
-36556.4569
-36555.9875
-36557.1945
-36557.9768
-36558.3791
-36556.6133
-36556.4569
-36562.6930
-36559.9661
-36560.5696
-36557.5968
-36559.8767
-36558.8038
-36561.5978
-36566.8951
-36565.6658
-36567.0516
-36565.2188
-36563.5424
-36565.8670
-36564.8388
-36563.2965
-36564.8164
-36566.6940
-36568.8397
-36565.3305
-36570.4044
-36565.9340
-36561.2848
-36559.0944
-36561.3966
-36560.2120
-36559.5861
-36559.7202
-36565.6658
-36563.5647
-36562.1789
-36566.8951
-36565.3752
-36559.3179
-36564.1459
-36561.3072
-36559.8320
-36554.9817
-36554.7358
-36552.4336
-36550.0643
-36549.1031
-36549.1702
-36547.3374
-36544.1634
-36542.9564
-36539.1343
-36540.0730
-36539.1119
-36540.7659
-36536.2062
-36538.1284
-36528.7184
-36526.4385
-36523.0857
-36523.7786
-36519.2859
-36521.1411
-36518.0566
-36516.1120
-36515.3073
-36515.3744
-36511.6193
-36508.4453
-36506.3890
-36502.6339
-36499.2588
-36494.7214
-36494.0955
-36493.8943
-36495.6154
-36489.9157
-36490.7204
-36486.4959
-36492.0615
-36487.4794
-36492.1956
-36485.4454
-36486.0712
-36481.9809
-36485.7807
-36484.8642
-36480.5950
-36483.7466
-36484.6854
-36482.3608
-36480.2598
-36481.6232
-36480.8409
-36478.4716
-36475.6106
-36473.5095
-36471.2073
-36470.8944
-36469.2627
-36469.3745
-36466.7146
-36462.6466
-36458.6680
-36459.8303
-36457.4163
-36458.5786
-36457.6845
-36459.9197
-36461.5290
-36456.7904
-36456.2764
-36454.7564
-36454.3988
-36451.8731
-36449.2132
-36450.3308
-36445.8157
-36442.2395
-36442.9994
-36444.4746
-36440.8313
-36435.8469
-36433.3435
-36434.7740
-36429.8119
-36429.0519
-36430.9518
-36428.2249
-36425.7215
-36421.8994
-36422.8605
-36416.7138
-36415.1044
-36415.1715
-36412.8916
-36419.5077
-36418.3231
-36411.1258
-36416.0209
-36417.6525
-36415.5962
-36416.4232
-36415.3056
-36415.5962
-36410.7235
-36408.0189
-36409.2930
-36409.8071
-36404.4427
-36408.1307
-36409.3153
-36411.3717
-36410.4329
-36412.8246
-36413.4504
-36411.1035
-36410.4329
-36410.1647
-36405.4485
-36408.3989
-36403.2133
-36403.2133
-36404.2862
-36402.2745
-36400.5535
-36401.8052
-36395.0326
-36391.9480
-36400.5535
-36405.4261
-36404.8226
-36409.2930
-36411.7740
-36408.3095
-36410.8576
-36408.6448
-36407.8625
-36405.1356
-36409.2259
-36408.1977
-36410.0306
-36405.8732
-36411.4164
-36411.3493
-36405.6944
-36403.7945
-36407.0131
-36405.0238
-36407.2143
-36405.1132
-36406.7449
-36404.5991
-36406.4320
-36401.6710
-36399.7264
-36397.0666
-36394.9655
-36399.7711
-36400.7546
-36401.3134
-36398.2736
-36397.6477
-36399.7264
-36400.3746
-36401.2911
-36401.6487
-36396.9772
-36398.2959
-36399.9500
-36400.4640
-36399.4582
-36402.0510
-36399.6817
-36401.3134
-36401.5369
-36402.7886
-36401.3358
-36401.0675
-36402.3192
-36401.9393
-36401.3358
-36403.1910
-36405.2473
-36404.2638
-36402.9674
-36402.0734
-36405.6944
-36401.0452
-36406.5437
-36407.4154
-36406.9461
-36405.8955
-36408.3989
-36406.8566
-36410.9694
-36410.8576
-36415.8420
-36410.5447
-36413.3163
-36410.9470
-36412.0870
-36409.2259
-36412.7352
-36412.1093
-36415.7973
-36421.1841
-36423.3969
-36428.5825
-36424.1122
-36426.9285
-36425.2745
-36427.1073
-36429.2531
-36431.8459
-36431.3542
-36432.6059
-36429.9236
-36432.7176
-36428.0237
-36426.1238
-36423.6652
-36427.7108
-36427.1297
-36426.0121
-36428.5378
-36424.8051
-36424.8274
-36426.8168
-36429.8566
-36428.8508
-36429.4543
-36422.8605
-36423.7769
-36420.5136
-36418.9936
-36420.6477
-36419.8877
-36418.9713
-36418.9042
-36420.5806
-36423.9781
-36422.1676
-36423.5087
-36422.1676
-36428.1802
-36427.1967
-36428.9849
-36424.9839
-36427.0403
-36425.1404
-36424.0004
-36418.2784
-36417.6525
-36419.1278
-36417.1832
-36417.7866
-36416.2891
-36419.0830
-36418.9713
-36422.9946
-36419.9548
-36425.1404
-36424.8945
-36429.6778
-36428.0014
-36435.0869
-36436.3833
-36435.5786
-36432.3823
-36438.9090
-36434.9751
-36433.4776
-36430.8177
-36435.1763
-36430.5718
-36428.3143
-36424.9839
-36428.9402
-36433.0082
-36433.9470
-36430.2813
-36433.0082
-36438.2385
-36434.0811
-36438.0597
-36433.6340
-36436.7186
-36438.4844
-36441.0772
-36439.6467
-36439.9149
-36437.9032
-36437.4338
-36435.6904
-36442.5971
-36437.3891
-36436.6962
-36435.1092
-36433.3435
-36433.4999
-36434.2599
-36433.9023
-36435.5563
-36432.5612
-36432.9411
-36434.7963
-36435.6010
-36436.6962
-36434.4387
-36434.6399
-36429.9907
-36429.2754
-36430.3930
-36433.6340
-36431.8459
-36433.7905
-36431.9577
-36437.9703
-36438.0150
-36437.7021
-36434.7069
-36435.5786
-36434.2822
-36433.2541
-36432.8070
-36431.4212
-36430.6389
-36435.7575
-36434.3269
-36430.3930
-36431.8459
-36429.0743
-36431.9577
-36433.7458
-36437.4115
-36436.4727
-36437.7244
-36438.8420
-36436.5174
-36436.2939
-36439.6690
-36437.0539
-36442.1724
-36439.5349
-36441.5689
-36438.3503
-36434.2822
-36431.3542
-36437.6126
-36436.7633
-36436.8080
-36437.1880
-36439.5349
-36442.6418
-36444.5193
-36448.5874
-36450.3308
-36448.8556
-36444.7876
-36445.3016
-36445.8381
-36448.2297
-36451.2249
-36451.5154
-36451.2919
-36454.4435
-36454.5553
-36453.1695
-36449.8838
-36451.1578
-36447.2015
-36447.9392
-36444.8770
-36442.5524
-36436.7409
-36433.3435
-36432.3376
-36431.8012
-36434.1481
-36437.3668
-36437.2103
-36434.7293
-36436.6292
-36437.0315
-36438.3503
-36441.5913
-36440.0490
-36436.5621
-36438.9985
-36437.9032
-36438.7749
-36438.9538
-36440.3172
-36439.7584
-36441.0325
-36436.2268
-36441.0772
-36437.1880
-36441.9265
-36440.7419
-36444.8546
-36444.6758
-36444.7876
-36444.1841
-36445.6593
-36446.2404
-36446.6875
-36447.9839
-36449.6826
-36448.6991
-36442.3512
-36445.2793
-36450.5096
-36446.5086
-36442.5747
-36444.1617
-36443.6476
-36447.7156
-36450.0179
-36453.1248
-36448.5874
-36450.7555
-36450.2637
-36452.2083
-36442.6641
-36444.9664
-36450.8672
-36454.6670
-36451.4260
-36451.4037
-36452.1189
-36454.5329
-36453.1248
-36451.1578
-36450.5320
-36455.3599
-36452.8789
-36452.9906
-36454.2423
-36453.5941
-36452.9012
-36450.9790
-36454.2647
-36452.5436
-36456.4105
-36452.5436
-36451.3590
-36451.8731
-36455.0917
-36452.8118
-36454.8235
-36453.1695
-36450.9343
-36448.4309
-36450.5320
-36450.5320
-36453.3259
-36448.4756
-36452.0742
-36452.2754
-36452.6554
-36454.9800
-36455.6058
-36454.2200
-36449.5485
-36455.5164
-36452.5213
-36455.6282
-36455.2035
-36454.4659
-36447.7603
-36451.4931
-36453.7283
-36456.3658
-36451.8507
-36454.2647
-36448.6097
-36449.0344
-36447.6933
-36447.9392
-36445.9275
-36444.4076
-36448.7885
-36449.1238
-36454.4882
-36453.9294
-36460.1209
-36460.8138
-36461.5961
-36460.9032
-36464.9265
-36467.4746
-36467.4746
-36466.0217
-36467.8769
-36465.2618
-36460.3667
-36456.4552
-36463.0266
-36467.4969
-36466.7370
-36465.8653
-36468.3910
-36468.2792
-36466.6923
-36466.6029
-36465.8876
-36471.8108
-36470.3356
-36470.5368
-36467.1393
-36468.6145
-36468.3016
-36471.8779
-36467.2958
-36472.0120
-36467.0722
-36468.7933
-36463.9877
-36468.8604
-36468.1228
-36469.6650
-36465.2841
-36463.5630
-36462.3784
-36462.1772
-36456.4328
-36457.9304
-36455.2705
-36459.3385
-36455.9634
-36459.7185
-36459.2268
-36462.2443
-36467.9440
-36467.3852
-36465.9770
-36463.1160
-36466.3123
-36465.5300
-36462.8701
-36459.2268
-36458.0198
-36456.3434
-36456.4328
-36458.3327
-36457.0810
-36453.8400
-36457.1704
-36455.8070
-36457.2598
-36453.5271
-36457.1257
-36454.1976
-36456.3881
-36459.9197
-36459.8303
-36459.3609
-36458.3551
-36459.6291
-36461.7972
-36464.5241
-36463.0489
-36460.8585
-36460.4338
-36461.2831
-36465.5076
-36467.6981
-36464.5465
-36465.7311
-36460.7243
-36463.7195
-36462.4007
-36465.3288
-36464.3230
-36463.3619
-36466.3123
-36470.2238
-36469.4192
-36463.6077
-36465.4629
-36467.8322
-36465.4853
-36466.9828
-36466.1335
-36465.6194
-36466.4911
-36463.4066
-36463.6748
-36462.4901
-36460.4338
-36460.8808
-36460.0091
-36458.6680
-36460.4338
-36456.1422
-36459.3162
-36456.7681
-36456.6116
-36453.1248
-36455.3599
-36455.5387
-36455.8740
-36453.0801
-36451.9178
-36447.7827
-36448.4532
-36447.0674
-36449.4367
-36449.6155
-36446.8216
-36443.5135
-36443.4465
-36446.3969
-36447.1792
-36444.1841
-36441.0325
-36438.7079
-36437.7915
-36440.5184
-36438.1044
-36438.2832
-36435.5116
-36431.2647
-36428.6049
-36432.9635
-36431.6224
-36427.0626
-36423.3299
-36426.7944
-36420.1783
-36423.4640
-36425.4533
-36423.2405
-36421.2288
-36418.7031
-36418.0996
-36421.7653
-36420.6924
-36419.1278
-36418.5466
-36410.9470
-36412.8693
-36409.7624
-36408.4436
-36408.0860
-36412.7352
-36407.7731
-36410.8800
-36410.2765
-36407.5272
-36401.5146
-36408.0860
-36405.2697
-36402.5875
-36399.9053
-36398.6536
-36400.2405
-36401.0899
-36401.9616
-36403.0568
-36398.6759
-36402.0510
-36401.2687
-36402.6098
-36399.8605
-36397.8265
-36392.8421
-36390.5175
-36388.1482
-36383.3873
-36382.4038
-36386.3377
-36382.2697
-36382.2697
-36382.4932
-36376.7265
-36378.4029
-36372.5244
-36374.4913
-36369.8422
-36372.3903
-36376.1230
-36372.8596
-36377.4417
-36378.7382
-36379.9675
-36379.6322
-36382.0239
-36379.5205
-36374.6478
-36375.2736
-36369.6633
-36366.8247
-36368.9257
-36363.1143
-36365.2600
-36363.4943
-36367.6517
-36367.2270
-36366.0647
-36364.8130
-36367.7858
-36366.0200
-36367.9870
-36367.0035
-36369.4622
-36368.3893
-36369.8869
-36365.4612
-36362.3767
-36362.2202
-36359.8062
-36362.6225
-36359.1133
-36359.6051
-36358.2640
-36357.7499
-36356.6770
-36358.1969
-36360.0074
-36362.8014
-36363.1366
-36360.6332
-36358.8004
-36358.6216
-36355.2912
-36359.2251
-36356.8111
-36356.4982
-36353.7042
-36357.9734
-36354.3971
-36351.9608
-36348.3845
-36350.5079
-36348.4292
-36351.9384
-36352.0725
-36348.4515
-36344.7859
-36342.7518
-36341.4778
-36334.5264
-36337.8792
-36327.9326
-36330.1008
-36331.6207
-36330.1678
-36325.5186
-36327.3962
-36327.7762
-36330.3243
-36324.9375
-36324.4905
-36332.6489
-36332.7830
-36333.6994
-36327.0609
-36331.6207
-36333.0512
-36328.0667
-36330.5478
-36328.9832
-36328.5138
-36321.9424
-36319.4837
-36321.1824
-36317.9414
-36315.5051
-36320.0648
-36315.9521
-36320.5566
-36312.3758
-36321.0930
-36323.8199
-36318.0085
-36317.8967
-36319.5954
-36322.8588
-36317.5838
-36328.4244
-36323.2388
-36323.8423
-36318.8578
-36326.1221
-36317.1591
-36314.5216
-36314.5216
-36315.2815
-36306.7655
-36313.6722
-36315.2592
-36321.3836
-36321.2942
-36312.2641
-36317.2932
-36317.8967
-36313.5605
-36315.1698
-36315.1251
-36309.2242
-36312.4205
-36312.6887
-36311.4147
-36317.0473
-36320.1989
-36319.7519
-36319.8190
-36320.6907
-36319.7295
-36319.9531
-36313.2699
-36311.8394
-36305.6926
-36308.5537
-36311.8394
-36306.0279
-36305.9385
-36303.3457
-36297.8025
-36306.2291
-36299.9483
-36301.9376
-36296.8190
-36300.1941
-36296.9978
-36298.0707
-36297.4225
-36303.2787
-36298.0484
-36297.7801
-36302.0493
-36300.5517
-36298.9424
-36305.3350
-36307.6373
-36298.3166
-36304.6868
-36301.6470
-36301.1105
-36300.3953
-36303.7480
-36298.1378
-36303.0551
-36298.0260
-36295.0979
-36297.5119
-36284.9502
-36303.6363
-36312.5546
-36299.9930
-36306.8326
-36312.2864
-36315.3710
-36312.9346
-36308.4196
-36308.6654
-36314.2310
-36314.1640
-36311.7723
-36314.1863
-36313.2699
-36310.0065
-36307.8831
-36316.1980
-36321.4059
-36323.3729
-36318.9696
-36321.1601
-36318.2990
-36321.9424
-36321.2942
-36320.9365
-36322.5906
-36325.8316
-36329.2514
-36325.4292
-36317.0920
-36321.2495
-36324.6246
-36326.7927
-36320.5342
-36320.1542
-36319.5507
-36317.7179
-36314.6333
-36314.0299
-36316.8462
-36314.6110
-36316.0192
-36315.7956
-36311.8617
-36310.9453
-36313.2699
-36310.6994
-36313.1358
-36316.1309
-36320.6907
-36317.8296
-36313.2028
-36312.3088
-36315.6392
-36312.3088
-36313.4934
-36316.0639
-36315.3039
-36315.7286
-36316.2874
-36321.2271
-36312.1076
-36325.2728
-36328.6032
-36328.2232
-36324.9151
-36324.4234
-36321.8306
-36323.7082
-36318.7908
-36324.7810
-36322.8811
-36320.8248
-36318.4778
-36324.6022
-36321.6965
-36325.6751
-36331.1066
-36331.3972
-36321.1601
-36324.0434
-36319.6625
-36319.0143
-36320.0425
-36326.1221
-36328.1562
-36330.2796
-36326.6362
-36323.5740
-36332.3359
-36327.0386
-36327.2397
-36329.0279
-36327.7762
-36329.0502
-36330.1678
-36330.6819
-36330.7490
-36329.6984
-36333.2971
-36331.8442
-36333.6100
-36331.8889
-36333.4535
-36330.3243
-36331.0619
-36328.3350
-36331.8442
-36326.3680
-36325.2281
-36324.1552
-36327.3515
-36331.9559
-36323.1717
-36318.2767
-36318.7237
-36323.1717
-36323.3729
-36324.1328
-36321.0930
-36322.0765
-36320.9589
-36322.3223
-36318.0532
-36270.0863
-36319.6178
-36333.9453
-36326.9268
-36323.6411
-36318.3214
-36312.6664
-36313.9181
-36316.8238
-36314.6557
-36312.3758
-36311.0347
-36311.4818
-36307.5925
-36303.9492
-36303.7033
-36302.9434
-36303.1222
-36303.0328
-36300.3729
-36294.8074
-36297.9366
-36294.0250
-36292.3040
-36290.6723
-36292.1028
-36287.3195
-36281.9327
-36276.9036
-36283.4974
-36281.4410
-36280.5469
-36275.8978
-36274.2214
-36273.3720
-36272.2321
-36270.0640
-36269.9522
-36268.6558
-36267.6723
-36263.5820
-36267.3594
-36265.2360
-36261.0562
-36260.3186
-36257.6364
-36258.1728
-36254.9765
-36253.0319
-36249.5898
-36252.0932
-36244.3818
-36244.1136
-36236.6481
-36237.8998
-36239.4197
-36235.5752
-36233.4071
-36235.6423
-36228.0874
-36229.3167
-36225.0029
-36220.1525
-36219.6608
-36218.2526
-36218.0068
-36215.2351
-36211.4353
-36207.9485
-36209.7366
-36208.1720
-36211.4800
-36209.1778
-36206.9650
-36205.9815
-36206.3615
-36200.2818
-36207.3673
-36200.1030
-36199.6783
-36196.9738
-36196.7055
-36188.1672
-36191.8105
-36190.2012
-36189.9330
-36191.8999
-36190.8494
-36184.3897
-36183.5627
-36182.9816
-36185.3732
-36186.4684
-36183.5627
-36185.3062
-36183.8533
-36181.6852
-36177.8407
-36177.8407
-36178.3548
-36180.0982
-36177.2372
-36177.9524
-36177.0137
-36181.0593
-36176.7007
-36177.3936
-36170.7999
-36171.8057
-36169.8387
-36172.1633
-36165.0108
-36165.5249
-36162.3733
-36163.6026
-36158.8640
-36154.2596
-36157.5453
-36153.2314
-36152.8067
-36152.6726
-36149.2304
-36150.3033
-36151.3092
-36145.0060
-36146.8612
-36146.4588
-36148.6046
-36142.3908
-36144.8942
-36143.5084
-36139.5745
-36138.0769
-36143.4637
-36138.9933
-36136.0876
-36134.2771
-36139.7757
-36134.8806
-36136.2217
-36136.1100
-36135.2159
-36134.2995
-36131.7290
-36132.0867
-36128.4880
-36131.2820
-36133.8971
-36135.8641
-36132.6454
-36133.7183
-36135.0818
-36136.2888
-36138.1663
-36135.6629
-36132.0867
-36137.5852
-36137.0487
-36137.3617
-36136.0206
-36142.4132
-36141.5191
-36145.8777
-36142.6367
-36146.9282
-36145.3859
-36127.6834
-36001.3066
-36162.3733
-36211.7036
-36183.0710
-36164.4520
-36153.0749
-36145.3636
-36142.8602
-36145.1624
-36145.4083
-36153.2985
-36152.1138
-36152.6279
-36147.9340
-36147.8893
-36150.7057
-36157.5229
-36155.7124
-36155.3325
-36155.3325
-36155.2878
-36154.5949
-36156.2042
-36153.2538
-36157.0983
-36156.5171
-36153.2761
-36153.8125
-36157.5229
-36156.3383
-36156.2936
-36155.1537
-36155.2654
-36157.7688
-36152.8961
-36154.4384
-36156.9641
-36159.1770
-36156.5618
-36157.7688
-36159.2887
-36162.7309
-36161.7698
-36165.2566
-36161.0992
-36165.2119
-36167.9836
-36164.2732
-36171.1575
-36169.6152
-36171.8951
-36174.6891
-36173.2586
-36171.1351
-36176.2537
-36180.9476
-36183.1380
-36182.8698
-36187.8319
-36188.9942
-36191.3411
-36188.5025
-36190.7823
-36190.0447
-36191.2964
-36191.1847
-36193.7104
-36189.3742
-36192.4364
-36193.7775
-36193.7551
-36189.7542
-36193.3528
-36197.1749
-36198.2702
-36199.8795
-36199.7901
-36200.2148
-36201.6229
-36204.2828
-36205.9592
-36208.7084
-36211.8824
-36211.7259
-36209.7143
-36215.5257
-36213.8940
-36214.6093
-36213.1341
-36212.8882
-36211.2118
-36209.0884
-36209.4460
-36210.1836
-36207.8814
-36210.3178
-36210.7648
-36208.1943
-36203.1652
-36206.7638
-36207.0320
-36209.6696
-36208.7308
-36194.8503
-36156.8747
-36228.2215
-36229.2273
-36218.7444
-36216.5315
-36212.1730
-36210.5189
-36211.2789
-36213.8493
-36211.7259
-36212.0388
-36213.9387
-36207.2556
-36209.2449
-36212.2847
-36213.9387
-36211.8377
-36210.3625
-36213.5588
-36210.3848
-36213.4470
-36209.8484
-36215.5257
-36217.7609
-36216.7327
-36221.7618
-36220.5102
-36222.4100
-36222.0077
-36224.0417
-36221.6724
-36223.9300
-36223.8853
-36224.4888
-36223.3265
-36228.5568
-36224.9581
-36227.3945
-36222.8571
-36227.3945
-36228.6685
-36233.0718
-36229.6744
-36235.9999
-36232.7142
-36235.4411
-36238.6598
-36234.0777
-36234.5247
-36233.9435
-36237.1398
-36238.9950
-36240.9173
-36239.3750
-36241.2526
-36232.9154
-36234.6141
-36235.8211
-36236.4693
-36234.3459
-36234.9494
-36235.3964
-36234.0553
-36234.6365
-36232.5801
-36230.8590
-36230.0096
-36232.1107
-36233.0718
-36230.1661
-36230.5684
-36225.7628
-36228.7356
-36226.5898
-36225.4722
-36222.4548
-36222.3877
-36224.9581
-36222.8794
-36226.7910
-36222.5889
-36226.7463
-36228.4450
-36228.6462
-36226.6345
-36234.5470
-36233.5412
-36232.4683
-36235.0835
-36237.9222
-36234.9941
-36238.4139
-36234.4129
-36236.9834
-36233.3177
-36235.4635
-36235.2847
-36238.9727
-36234.8153
-36238.9727
-36241.6773
-36240.4479
-36240.8949
-36238.7715
-36243.5324
-36238.2351
-36242.6384
-36237.7433
-36240.4032
-36236.9163
-36239.7327
-36242.0572
-36245.5888
-36243.1301
-36243.9124
-36243.4877
-36248.8298
-36245.8794
-36249.8133
-36247.5781
-36248.1369
-36248.7851
-36245.4771
-36245.8570
-36249.0757
-36252.4508
-36251.8920
-36252.7637
-36255.3342
-36255.2448
-36254.2166
-36252.9872
-36253.4343
-36252.6073
-36250.5732
-36249.2545
-36249.3663
-36251.1991
-36245.0971
-36246.5723
-36241.1855
-36238.6821
-36240.9843
-36242.5043
-36241.9678
-36237.4975
-36240.2244
-36242.0349
-36242.9960
-36241.1632
-36242.3031
-36240.3585
-36237.6539
-36234.6812
-36236.1117
-36235.0164
-36236.3128
-36234.3682
-36234.8600
-36231.8648
-36231.6860
-36226.7463
-36229.7414
-36230.3449
-36228.1097
-36224.2429
-36222.4771
-36222.1642
-36224.3323
-36223.0583
-36219.3702
-36221.9630
-36219.4596
-36217.8279
-36211.2342
-36213.4246
-36212.9329
-36212.5529
-36211.0777
-36210.8989
-36208.1273
-36211.1448
-36206.5180
-36205.8027
-36202.9640
-36206.9426
-36206.2944
-36202.5617
-36202.7629
-36202.7405
-36193.3081
-36188.7260
-36195.9009
-36184.7474
-36033.0237
-35985.7945
-36008.4592
-36050.9945
-36082.7116
-36107.1198
-36121.5813
-36136.5570
-36147.2635
-36153.5220
-36156.5395
-36161.1663
-36162.1497
-36159.6687
-36160.3169
-36158.0147
-36158.1041
-36151.4433
-36217.5597
-36513.6533
-36452.9236
-36316.5556
-36228.6909
-36180.9923
-36156.1595
-36144.4919
-36140.8038
-36138.6357
-36137.5405
-36131.2149
-36134.2101
-36131.7514
-36133.0925
-36133.3160
-36129.3821
-36125.6717
-36127.0799
-36126.8116
-36122.4978
-36126.0740
-36123.9953
-36122.8107
-36118.6085
-36118.8544
-36118.1392
-36122.3189
-36118.4744
-36116.8428
-36117.6027
-36120.6426
-36118.3180
-36115.8816
-36116.8204
-36114.6746
-36111.3889
-36113.6688
-36114.5182
-36111.2548
-36107.4550
-36106.5163
-36109.9137
-36109.8467
-36110.2490
-36107.6115
-36109.0197
-36110.3608
-36113.7359
-36112.2830
-36113.3782
-36107.9691
-36106.4939
-36106.6727
-36108.3267
-36107.4774
-36108.9302
-36107.3656
-36111.2995
-36105.4210
-36104.9069
-36107.4774
-36101.6212
-36099.4978
-36101.4871
-36101.1965
-36100.7942
-36100.3025
-36097.7320
-36098.1567
-36101.9118
-36099.0508
-36094.9157
-36092.6805
-36093.9322
-36096.3239
-36093.8428
-36094.1334
-36092.2782
-36096.3015
-36094.0216
-36094.7145
-36092.8146
-36095.6086
-36092.1888
-36091.9653
-36091.2500
-36094.2675
-36094.9604
-36093.3958
-36094.8486
-36093.9099
-36098.8720
-36099.1625
-36103.4541
-36099.5202
-36098.7602
-36097.3520
-36096.8379
-36096.7038
-36101.3754
-36103.7670
-36104.1917
-36101.5318
-36107.4103
-36106.2704
-36110.4278
-36108.9302
-36113.5794
-36114.9652
-36113.6912
-36110.4949
-36114.2500
-36112.9312
-36116.4181
-36118.1168
-36122.6095
-36119.6591
-36121.1119
-36119.4132
-36120.5755
-36123.4365
-36120.5308
-36122.5201
-36126.9681
-36129.1809
-36133.2266
-36133.6289
-36133.6289
-36135.4171
-36134.3889
-36136.5794
-36138.0546
-36137.6746
-36134.3442
-36135.9088
-36128.6221
-36133.5172
-36135.3053
-36135.1041
-36135.6629
-36133.2936
-36134.9477
-36136.6241
-36139.6415
-36136.8029
-36138.0769
-36140.3344
-36140.4909
-36132.5560
-36137.8758
-36138.0099
-36140.0439
-36139.3286
-36141.1838
-36139.7533
-36141.7426
-36139.5968
-36140.5580
-36141.3626
-36145.9224
-36144.7377
-36148.0458
-36147.1070
-36151.5103
-36153.5667
-36155.4889
-36158.5958
-36161.4792
-36159.7805
-36158.0817
-36161.9486
-36161.3674
-36166.0613
-36161.7921
-36162.7309
-36162.2392
-36161.1663
-36161.2110
-36166.9107
-36165.7260
-36164.6978
-36163.9155
-36169.3694
-36164.4967
-36162.1050
-36164.2508
-36165.9048
-36170.4646
-36172.5657
-36171.3140
-36168.9223
-36170.9787
-36172.3645
-36173.4597
-36170.3528
-36175.6502
-36169.2352
-36170.6211
-36169.2800
-36165.9272
-36161.1886
-36160.7416
-36157.5900
-36156.1148
-36156.2489
-36153.3432
-36146.5259
-36147.9787
-36142.4355
-36138.1440
-36130.5444
-36128.9798
-36119.6144
-36123.9730
-36114.9652
-36114.0935
-36111.9030
-36103.3870
-36098.6037
-36094.6475
-36087.6067
-36086.6232
-36085.7515
-36078.3084
-36075.9167
-36066.0372
-36063.9138
-36060.7399
-36061.8575
-36051.7545
-36052.3803
-36054.1014
-36055.3531
-36049.6534
-36046.0324
-36043.3279
-36050.0110
-36041.4280
-36040.3327
-36043.5290
-36038.1870
-36033.6272
-36039.3940
-36040.8915
-36033.5825
-36033.9848
-36033.3143
-36037.2258
-36031.1015
-36032.2861
-36026.0500
-36025.6253
-36026.9440
-36024.6418
-36017.8692
-36017.3551
-36012.1695
-36013.9577
-36013.9353
-36021.3785
-36017.0646
-36014.6506
-36016.2376
-36023.6807
-36021.0655
-36018.5398
-36018.2939
-36019.8138
-36019.4562
-36012.6836
-36009.3756
-36012.0801
-36009.9791
-36004.3911
-36004.6370
-36005.2405
-36002.4242
-36003.4747
-36000.8596
-36000.3455
-35994.7352
-35993.9529
-35994.8246
-35991.2036
-35989.3037
-35981.5029
-35981.4359
-35979.6701
-35982.1064
-35980.4301
-35982.3970
-35983.6934
-35978.5525
-35984.1852
-35986.3533
-35992.3659
-35983.8722
-35983.4923
-35986.2639
-35986.5991
-35981.9053
-35983.5370
-35978.4184
-35979.4689
-35977.2785
-35977.3008
-35977.3679
-35990.6672
-35978.6196
-35976.6750
-35981.7488
-35984.0958
-35981.9053
-35980.5418
-35978.3737
-35978.4184
-35982.1064
-35977.4126
-35981.3912
-35982.1735
-35979.1560
-35982.8217
-35983.9169
-35984.2299
-35987.5826
-35987.3144
-35989.4378
-35983.1123
-35980.6536
-35982.6876
-35989.1472
-35988.9908
-35991.1813
-35992.7459
-35993.6399
-35992.5894
-35995.0928
-35993.0588
-35997.5515
-35995.6963
-35996.8362
-35998.3338
-36004.6817
-36000.9266
-36002.3571
-35999.7420
-35995.6740
-36000.7031
-36000.8819
-36001.3289
-36004.4582
-36003.0053
-36000.3455
-36003.2512
-36001.6195
-35998.7808
-36002.5136
-36003.7876
-36002.0442
-36004.9052
-36005.7546
-36005.2181
-36004.6147
-36012.8848
-36013.6001
-36010.7837
-36011.1861
-36012.4601
-36013.5106
-36012.2142
-36013.2424
-36014.2259
-36014.2036
-36016.3940
-36018.6292
-36019.0539
-36024.2842
-36021.4232
-36020.6632
-36018.9868
-36025.1336
-36023.8595
-36022.3396
-36024.5971
-36029.4474
-36030.7662
-36035.4377
-36037.1141
-36042.0538
-36041.7856
-36039.5504
-36042.9255
-36044.6466
-36042.8808
-36047.8653
-36050.1005
-36049.9663
-36047.7759
-36050.6145
-36054.3473
-36051.7992
-36054.7273
-36055.2414
-36063.0198
-36063.5339
-36068.1383
-36067.5795
-36071.6475
-36068.2501
-36074.2627
-36075.6038
-36073.8604
-36070.8205
-36078.4201
-36078.9119
-36076.4755
-36078.0625
-36077.7943
-36080.5212
-36077.3696
-36078.6660
-36075.3356
-36074.5086
-36074.9332
-36071.6252
-36072.1393
-36073.2122
-36074.8215
-36071.9381
-36069.7923
-36068.8536
-36063.7797
-36065.6349
-36066.4843
-36063.7797
-36059.9576
-36056.6495
-36052.0674
-36055.4202
-36057.9459
-36051.7545
-36047.9323
-36048.1782
-36045.5854
-36048.2229
-36051.0616
-36048.6252
-36049.0723
-36046.9712
-36049.1170
-36046.5242
-36046.1218
-36046.4124
-36049.2958
-36048.1558
-36049.3852
-36045.6525
-36046.8818
-36037.7176
-36043.9090
-36043.2385
-36045.4736
-36039.1704
-36045.2054
-36040.5339
-36042.3667
-36035.8177
-36038.0752
-36041.3609
-36044.1772
-36044.3337
-36044.8031
-36045.6748
-36040.0869
-36042.1209
-36041.2715
-36045.1160
-36046.5689
-36047.4853
-36040.0198
-36042.6573
-36040.0198
-36043.6184
-36039.6622
-36039.5951
-36043.3055
-36040.5563
-36037.9858
-36037.9411
-36033.1131
-36038.5222
-36037.2035
-36039.1704
-36039.9528
-36037.8740
-36037.9411
-36034.3872
-36038.7905
-36039.5951
-36041.6068
-36031.8391
-36030.5874
-36024.0830
-36020.9314
-36018.0704
-36019.4562
-36016.4834
-36020.4844
-36015.6341
-36015.9246
-36018.7186
-36021.4455
-36021.8255
-36024.1054
-36022.3619
-36022.8537
-36020.4173
-36024.1054
-36026.6311
-36024.1054
-36025.0888
-36023.4348
-36023.8595
-36023.9042
-36024.7312
-36022.8090
-36023.9266
-36023.6583
-36026.9664
-36025.6476
-36027.3464
-36028.8439
-36028.9110
-36029.1122
-36031.6156
-36025.5135
-36029.7827
-36024.7759
-36025.4688
-36026.6088
-36028.7769
-36027.9275
-36029.8051
-36028.2851
-36029.4474
-36031.8838
-36023.9489
-36029.5145
-36029.8498
-36031.0791
-36031.5038
-36039.5281
-36040.5563
-36042.9032
-36044.1325
-36043.3726
-36040.5116
-36044.8701
-36042.9479
-36048.2453
-36049.1840
-36050.5475
-36049.6087
-36049.4523
-36049.3405
-36048.9382
-36044.7137
-36040.7574
-36040.7798
-36040.0869
-36038.0082
-36037.0917
-36037.9411
-36035.8400
-36033.7613
-36033.8954
-36035.5718
-36033.1578
-36034.2754
-36034.1190
-36033.9178
-36034.6330
-36031.6826
-36033.3813
-36030.2298
-36028.0840
-36031.9061
-36037.3153
-36037.4941
-36036.9129
-36037.5611
-36039.9081
-36040.1316
-36040.8245
-36040.2210
-36035.7506
-36038.2987
-36040.8245
-36045.4513
-36046.0101
-36047.4406
-36051.7545
-36047.2618
-36050.2122
-36049.2511
-36050.8381
-36052.4697
-36053.3415
-36050.7934
-36052.0451
-36047.3512
-36052.5144
-36056.5601
-36058.1024
-36056.0460
-36060.9187
-36053.1403
-36055.9119
-36055.0178
-36058.9741
-36063.8468
-36070.9770
-36063.8021
-36065.7020
-36064.8303
-36064.2044
-36064.9644
-36064.6738
-36064.9644
-36063.3327
-36064.4950
-36066.0819
-36068.3618
-36066.3725
-36068.6077
-36066.4843
-36071.4017
-36068.9653
-36066.8643
-36064.0256
-36058.5718
-36057.6777
-36066.5960
-36069.1888
-36068.5853
-36069.3230
-36061.4775
-36061.4551
-36066.1714
-36067.7807
-36069.7029
-36066.7078
-36064.3162
-36068.7418
-36066.5737
-36068.4512
-36068.2277
-36072.8769
-36069.8817
-36071.2452
-36073.5698
-36073.9051
-36074.1286
-36073.0333
-36073.0333
-36078.8001
-36077.6378
-36077.6825
-36077.6602
-36075.5144
-36071.5134
-36074.1956
-36073.9498
-36076.0508
-36078.9789
-36080.7223
-36084.2986
-36085.1480
-5743.5266
-12009.5923
-12008.2735
-12009.8829
-12008.3629
-12008.9217
-12004.0938
-12006.3960
-11998.9305
-11993.5214
-11992.0909
-11989.6322
-11991.7109
-11989.0734
-11982.9043
-11985.7430
-11984.6030
-11984.0666
-11986.4806
-11985.4301
-11982.7479
-11984.4466
-11986.0112
-11989.6992
-11995.1754
-11990.3474
-11987.5982
-11988.4922
-11988.6487
-11991.4874
-11993.1414
-11989.7216
-11992.0238
-11988.1793
-11985.0054
-11990.0792
-11987.9782
-11987.2629
-11982.8149
-11986.4806
-11989.3640
-11984.0443
-11977.5175
-11983.0384
-11984.0890
-11985.1618
-11985.3183
-11987.4641
-11990.7945
-11997.9694
-11996.8518
-11998.3941
-11999.1764
-12002.7750
-11999.6458
-11999.9587
-12004.8537
-12000.5398
-12005.5243
-12002.4844
-12005.5019
-11998.4388
-12002.6856
-11999.0423
-12004.0714
-11999.0870
-12002.5515
-12008.1171
-12012.0733
-12004.8314
-12009.0112
-12002.0821
-12003.7808
-11996.9189
-12001.4786
-12001.6574
-12001.8362
-11999.8246
-12006.8207
-12005.0102
-12005.1667
-12000.5622
-12002.9985
-12003.7361
-11998.0811
-11997.8576
-11998.9305
-11997.2988
-12002.0151
-12002.1045
-11999.1540
-12000.8081
-12001.9927
-12005.3231
-12007.5359
-12009.7711
-12002.3503
-12007.8712
-12003.9597
-12005.3008
-12003.8032
-12003.7808
-12004.5632
-12010.5534
-12007.8489
-12005.8372
-12003.3785
-12010.9110
-12019.0694
-12015.0685
-12012.0510
-12011.8275
-12004.2502
-12009.2570
-12015.1802
-12015.8955
-12018.8236
-12020.4999
-12020.9023
-12023.8527
-12022.4669
-12022.6681
-12029.0607
-12029.0160
-12023.1151
-12022.0199
-12024.5233
-12021.8411
-12031.2064
-12026.4008
-12023.6515
-12022.4222
-12021.5058
-12027.6525
-12031.0053
-12024.7468
-12024.3444
-12025.7750
-12028.2113
-12035.6321
-12034.4921
-12032.8381
-12027.2055
-12032.8828
-12023.8080
-12029.7089
-12031.3405
-12024.6350
-12029.2618
-12028.1666
-12021.3717
-12022.0869
-12024.8585
-12025.0597
-12022.8916
-12026.0208
-12029.5301
-12027.4513
-12026.9149
-12032.6593
-12033.4416
-12034.2016
-12034.9615
-12034.8945
-12032.2793
-12033.9110
-12036.5485
-12035.0733
-12034.0004
-12028.2560
-12028.2337
-12022.2881
-12023.3386
-12016.0519
-12026.9149
-12025.3950
-12022.3104
-12021.4164
-12026.4679
-12024.4115
-12018.4659
-12020.8799
-12020.1423
-12021.9975
-12019.0024
-12014.1521
-12016.2531
-12016.8119
-12010.3299
-12009.1900
-12007.8042
-12004.0491
-12002.2386
-12005.2337
-12008.3406
-12007.2454
-12002.5291
-12000.1822
-11999.3775
-11996.1142
-11995.4883
-11994.1919
-11993.2755
-11996.2260
-11992.7167
-11992.8955
-11992.7391
-11988.2911
-11986.0559
-11993.2532
-11985.4077
-11987.8888
-11976.9364
-11977.9869
-11987.4864
-11981.1385
-11978.4116
-11977.4058
-11977.8528
-11977.6069
-11977.5399
-11967.4369
-11968.8898
-11962.6089
-11958.4292
-11956.0375
-11952.3942
-11951.9919
-11955.9705
-11949.0638
-11947.1192
-11947.9462
-11948.3038
-11953.5788
-11948.6614
-11947.0074
-11946.1804
-11950.7849
-11949.7567
-11949.0414
-11943.6994
-11943.3417
-11938.6255
-11944.2805
-11939.4078
-11942.2465
-11951.2766
-11944.4146
-11946.6945
-11942.9170
-11937.4185
-11937.7985
-11936.2786
-11940.6595
-11942.5818
-11946.2027
-11948.8179
-11947.4097
-11945.5322
-11945.5545
-11944.5487
-11946.6274
-11950.7625
-11952.6848
-11947.7897
-11950.4719
-11954.5176
-11953.0424
-11952.3048
-11952.9753
-11959.9491
-11949.3543
-11952.6624
-11949.7790
-11952.9306
-11959.6585
-11956.2163
-11958.2280
-11959.0774
-11956.0822
-11960.6867
-11962.2289
-11964.7547
-11966.6993
-11966.2076
-11969.6944
-11966.7664
-11965.8946
-11966.8334
-11967.8169
-11966.4758
-11971.7508
-11963.2571
-11966.1182
-11965.5594
-11969.2474
-11974.3212
-11973.4272
-11973.7177
-11969.9850
-11967.8839
-11972.8684
-11975.7071
-11975.3941
-11970.8344
-11972.8460
-11971.9520
-11974.6118
-11974.0307
-11971.2814
-11971.2144
-11972.9131
-11973.7848
-11971.1473
-11971.4602
-11976.7799
-11978.0093
-11984.7595
-11981.9208
-11983.0384
-11983.0831
-11980.1327
-11988.5370
-11983.3066
-11989.3416
-11983.1055
-11987.1958
-11985.6089
-11985.5865
-11983.7090
-11987.9782
-11988.7605
-11990.8392
-11989.1852
-11988.8722
-11996.1589
-11996.1365
-11997.9247
-12000.8304
-11999.5340
-12006.4183
-12014.2862
-12012.3639
-12010.3076
-12006.2619
-12009.8382
-12006.8430
-12010.0393
-12006.8430
-12008.9888
-12006.2172
-12008.4524
-12016.7225
-12021.8634
-12021.3493
-12021.9752
-12025.0150
-12024.3892
-12031.1394
-12036.9955
-12030.0441
-12030.0441
-12030.7594
-12029.9324
-12034.3804
-12038.9625
-12040.9741
-12025.0821
-12035.5427
-12031.2958
-12033.0840
-12029.2171
-12032.4134
-12030.6253
-12031.7652
-12029.7089
-12036.0121
-12036.5038
-12040.7283
-12038.1802
-12037.9790
-12041.8682
-12042.1588
-12042.2482
-12044.7963
-12047.5679
-12046.9644
-12040.8400
-12037.9120
-12042.7176
-12045.8915
-12054.5864
-12049.4008
-12046.2045
-12046.2939
-12050.8760
-12053.5358
-12051.1442
-12050.2278
-12054.0723
-12061.0460
-12059.5484
-12057.2015
-12058.5426
-12057.8050
-12057.1121
-12056.8662
-12058.2967
-12062.4765
-12058.6544
-12061.7836
-12064.9576
-12068.4221
-12066.7010
-12069.0032
-12073.4289
-12076.1111
-12077.2734
-12081.8778
-12081.6767
-12081.8778
-12084.1801
-12083.1072
-12087.3093
-12086.3705
-12082.7049
-12083.3083
-12080.0673
-12083.5319
-12086.4823
-12082.7272
-12096.1606
-12086.8623
-12094.9760
-12092.9196
-12089.1645
-12096.1159
-12093.9478
-12094.6407
-12097.6805
-12097.7252
-12099.6922
-12097.6582
-12099.3345
-12100.0051
-12103.0449
-12098.4405
-12099.2675
-12096.6747
-12098.4852
-12101.3686
-12101.7709
-12093.5231
-12096.3618
-12096.0488
-12096.8535
-12095.6689
-12096.5629
-12093.6572
-12095.8700
-12098.0605
-12102.3297
-12105.4589
-12099.7369
-12108.2752
-12099.4687
-12102.3744
-12105.2801
-12110.7339
-12108.2976
-12107.2694
-12108.2752
-12110.4657
-12111.9856
-12116.5007
-12114.4667
-12113.0138
-12114.8690
-12116.6572
-12117.6853
-12122.7368
-12121.1275
-12120.8146
-12119.6076
-12125.2626
-12125.1508
-12127.1848
-12128.9506
-12135.4326
-12137.1537
-12136.5055
-12132.6610
-12132.7951
-12133.4657
-12134.2927
-12139.8806
-12138.6736
-12144.1498
-12137.2431
-12143.4569
-12144.8203
-12146.9438
-12144.2839
-12149.4695
-12149.0001
-12154.2304
-12149.3354
-12150.6095
-12154.1410
-12160.0419
-12156.2868
-12155.1245
-12153.2917
-12155.4151
-12155.8398
-12160.3325
-12158.5890
-12157.8514
-12153.6269
-12164.6016
-12152.8670
-12149.9389
-12154.8563
-12149.5589
-12154.4540
-12154.4316
-12158.1867
-12151.2800
-12153.8058
-12160.4219
-12162.9476
-12154.8563
-12160.5783
-12164.8252
-12164.1993
-12162.6347
-12159.6396
-12158.9243
-12162.7017
-12161.1595
-12160.8913
-12161.4053
-12154.3422
-12154.4540
-12152.3082
-12156.5997
-12154.2751
-12160.3101
-12163.5288
-12161.3383
-12168.9155
-12163.8417
-12162.7688
-12169.4073
-12162.2324
-12167.7085
-12173.5423
-12177.6998
-12174.0788
-12174.8834
-12171.5083
-12179.1303
-12174.3694
-12174.5035
-12173.6094
-12176.3810
-12178.0127
-12177.9009
-12181.0525
-12178.7279
-12183.2206
-12178.9291
-12179.1303
-12179.9126
-12189.2556
-12195.6482
-12186.5064
-12186.4840
-12186.5064
-12183.1312
-12184.2488
-12187.6463
-12190.2167
-12186.8416
-12182.2372
-12184.9417
-12186.2381
-12184.1594
-12190.7755
-12188.8533
-12189.3003
-12191.8931
-12193.4577
-12189.3897
-12189.5909
-12192.5860
-12197.3246
-12192.4296
-12188.1827
-12185.2770
-12188.7415
-12188.8980
-12186.1264
-12183.7347
-12185.5005
-12186.3052
-12187.1993
-12185.3664
-12187.6239
-12189.3897
-12191.0885
-12198.5986
-12191.0438
-12190.6638
-12196.3188
-12201.8173
-12201.3256
-12196.3858
-12195.3800
-12199.4033
-12197.0117
-12199.7162
-12198.6434
-12199.7833
-12206.9358
-12211.5403
-12195.3129
-12207.8523
-12210.1321
-12212.6802
-12210.6239
-12206.7123
-12215.7871
-12217.2177
-12222.6715
-12215.9883
-12215.4072
-12220.3916
-12220.3022
-12217.4635
-12229.8687
-12222.0233
-12227.0524
-12222.2468
-12225.3760
-12224.5937
-12228.6841
-12229.6005
-12230.0476
-12228.9747
-12227.8124
-12230.4946
-12231.0087
-12231.4781
-12227.9018
-12233.2439
-12230.0923
-12233.7356
-12233.6462
-12230.0028
-12230.8969
-12230.7628
-12225.5101
-12226.6277
-12229.6229
-12224.7055
-12221.9562
-12223.0291
-12219.9893
-12222.2691
-12219.8328
-12216.7483
-12216.9047
-12215.1613
-12218.2682
-12219.0952
-12220.9727
-12219.2517
-12222.3138
-12221.1292
-12221.7104
-12223.8338
-12225.3313
-12224.7725
-12227.9912
-12224.4596
-12230.3605
-12234.7861
-12229.1758
-12224.8843
-12222.6491
-12229.2429
-12223.9679
-12225.4431
-12224.0126
-12229.3099
-12227.1642
-12233.2439
-12222.8503
-12225.0855
-12227.8124
-12232.5957
-12231.9027
-12232.1263
-12238.8318
-12235.8143
-12231.6345
-12228.7288
-12225.1302
-12227.3206
-12224.4149
-12227.5218
-12232.0145
-12231.2098
-12232.8415
-12226.4713
-12234.3614
-12231.8804
-12231.6122
-12236.7531
-12233.9591
-12242.4528
-12233.6462
-12240.5976
-12237.6248
-12228.2818
-12237.0436
-12237.2448
-12234.4732
-12240.4188
-12235.4567
-12234.2497
-12235.4343
-12235.5684
-12241.5140
-12243.4586
-12237.7142
-12237.5354
-12233.2439
-12232.7745
-12230.8746
-12230.7628
-12229.2652
-12229.0641
-12225.5549
-12223.3420
-12230.3158
-12229.0641
-12222.5821
-12225.4207
-12227.2983
-12232.3274
-12225.5325
-12228.3041
-12221.9562
-12226.2031
-12228.0359
-12231.7910
-12233.1321
-12230.1370
-12227.4547
-12230.5616
-12232.2380
-12234.2497
-12237.4683
-12234.2050
-12235.3896
-12233.4450
-12236.8425
-12228.9970
-12230.3605
-12232.2604
-12236.7084
-12236.9542
-12242.2516
-12242.6539
-12238.7200
-12231.9474
-12176.6939
-12237.0436
-12263.6422
-12255.8638
-12246.5208
-12240.7987
-12241.2011
-12241.1117
-12242.1175
-12235.6802
-12238.2283
-12239.5694
-12238.8094
-12239.0777
-12239.6364
-12239.0330
-12244.0397
-12239.0106
-12238.6753
-12241.1117
-12239.9941
-12240.8434
-12239.5470
-12236.7531
-12233.4227
-12241.9387
-12231.7016
-12231.1428
-12231.9474
-12230.1146
-12228.1477
-12229.3099
-12228.6394
-12225.6443
-12227.3206
-12228.5276
-12224.0349
-12225.0631
-12227.9241
-12225.4878
-12223.0738
-12223.2973
-12223.1632
-12220.6151
-12222.9173
-12221.6433
-12223.5655
-12220.3245
-12222.3362
-12224.6384
-12225.5996
-12223.8338
-12225.8901
-12225.1972
-12227.1642
-12221.3527
-12222.2021
-12215.8095
-12218.7376
-12214.4013
-12214.5354
-12215.7201
-12214.7813
-12218.1564
-12219.1846
-12220.6822
-12218.6705
-12216.1671
-12212.7249
-12213.8202
-12213.7978
-12214.8707
-12211.3615
-12206.9582
-12204.4995
-12209.0369
-12210.1992
-12213.7531
-12207.1370
-12209.9757
-12207.9417
-12210.1769
-12210.6686
-12213.9990
-12213.8872
-12212.1662
-12210.0651
-12212.1438
-12211.6968
-12212.1885
-12210.8474
-12209.3945
-12212.6802
-12204.4325
-12207.2488
-12205.2818
-12205.6171
-12206.0865
-12204.7677
-12202.0185
-12207.8746
-12208.9922
-12205.3042
-12201.2362
-12204.1195
-12206.5559
-12207.8076
-12205.0359
-12204.8124
-12204.7454
-12208.2099
-12199.4257
-12192.2060
-12189.2333
-12200.3644
-12201.2362
-12201.7279
-12202.5102
-12206.4888
-12208.5005
-12217.5976
-12234.6744
-12220.2575
-12213.2390
-12208.8804
-12209.8863
-12207.3829
-12206.3994
-12207.8076
-12211.6968
-12213.2837
-12219.1399
-12214.5354
-12214.2449
-12216.7483
-12221.3080
-12221.0398
-12216.2565
-12216.1671
-12216.3012
-12216.4353
-12219.2740
-12220.7269
-12224.9737
-12223.2303
-12215.0942
-12218.7599
-12219.9669
-12223.5879
-12223.8785
-12229.1535
-12229.2876
-12233.5568
-12229.9134
-12233.7132
-12234.4285
-12233.9368
-12234.0709
-12239.7035
-12232.9533
-12239.6141
-12234.4508
-12233.1097
-12227.8794
-12229.9134
-12227.7677
-12226.0913
-12228.1700
-12226.4489
-12225.6890
-12225.9348
-12234.1603
-12234.0709
-12235.0767
-12231.8133
-12236.7978
-12239.1671
-12239.8153
-12237.8707
-12240.2176
-12243.3468
-12242.4975
-12239.4353
-12242.5869
-12243.9280
-12243.0339
-12242.3857
-12248.6219
-12251.8629
-12248.4430
-12248.1525
-12248.1748
-12250.9241
-12249.3148
-12250.6335
-12252.8463
-12254.1651
-12249.7618
-12252.4216
-12255.7074
-12255.4838
-12256.9367
-12259.9989
-12262.3458
-12267.9338
-12267.2856
-12270.2360
-12270.5266
-12270.3477
-12266.5480
-12268.9172
-12269.0290
-12267.9338
-12268.0008
-12273.9017
-12272.0241
-12271.6218
-12273.0076
-12271.5547
-12274.2817
-12273.2758
-12282.1048
-12280.0931
-12282.1271
-12278.6849
-12284.3846
-12283.4682
-12286.0387
-12284.7646
-12286.4410
-12282.6412
-12285.9046
-12283.9376
-12284.7646
-12280.1602
-12282.3953
-12284.0047
-12282.7306
-12280.6743
-12278.8414
-12280.2496
-12284.9434
-12285.3011
-12283.1106
-12280.6743
-12283.4459
-12286.7316
-12286.7539
-12288.6985
-12288.3856
-12294.2865
-12289.4585
-12288.6762
-12288.5644
-12294.1077
-12287.8492
-12294.8229
-12291.5819
-12292.4760
-12291.2019
-12294.2418
-12297.8627
-12296.6110
-12297.4828
-12300.8579
-12299.8073
-12299.4944
-12297.8851
-12295.6052
-12297.7286
-12297.4157
-12297.2369
-12294.3312
-12297.5498
-12299.0921
-12303.4954
-12303.1601
-12303.2495
-12298.1533
-12299.3603
-12300.5002
-12303.6742
-12307.8316
-12301.9308
-12301.9755
-12300.0979
-12304.3671
-12303.0260
-12302.1319
-12306.5129
-12305.5070
-12309.8209
-12315.3642
-12306.2670
-12309.1504
-12306.8481
-12309.2621
-12304.3447
-12307.2505
-12304.2553
-12307.0046
-12305.5294
-12308.7257
-12313.6207
-12317.2641
-12312.7714
-12311.5644
-12304.7694
-12307.2728
-12307.7869
-12310.3127
-12303.5624
-12303.2272
-12300.1873
-12299.7626
-12305.7976
-12305.5070
-12306.9152
-12308.7033
-12306.4011
-12305.2612
-12308.5245
-12306.9376
-12308.5022
-12306.1329
-12308.5692
-12308.1445
-12315.0959
-12316.7276
-12314.5818
-12306.8034
-12313.9113
-12316.2135
-12315.7441
-12316.2806
-12315.9006
-12317.1747
-12311.3632
-12311.2067
-12313.0172
-12318.3369
-12318.1134
-12314.2466
-12313.8666
-12318.7616
-12319.0969
-12326.0930
-12324.3496
-12323.6790
-12322.0473
-12326.8753
-12326.3612
-12329.5128
-12326.8977
-12328.5964
-12322.3603
-12322.7402
-12323.3214
-12323.9472
-12325.9142
-12329.8257
-12320.4157
-12328.0823
-12334.8102
-12333.0891
-12335.7937
-12335.3019
-12341.6275
-12337.6265
-12341.1134
-12340.8899
-12340.6216
-12336.5983
-12337.1348
-12338.6547
-12339.4817
-12332.6197
-12336.1513
-12333.4467
-12337.7159
-12334.2067
-12339.3699
-12333.2232
-12336.3077
-12330.1834
-12333.0891
-12341.5828
-12341.9851
-12334.7431
-12327.6129
-12339.8840
-12334.6314
-12335.6372
-12334.2737
-12333.5808
-12334.9219
-12337.0901
-12334.2514
-12342.7450
-12339.3923
-12336.4642
-12337.9394
-12341.3369
-12336.2407
-12341.6275
-12339.9064
-12342.8121
-12344.0638
-12342.9686
-12345.2708
-12337.7159
-12352.5351
-12353.3621
-12349.3165
-12351.0822
-12347.2825
-12345.8072
-12349.9200
-12348.2212
-12348.8918
-12345.2484
-12346.8578
-12351.6857
-12352.1328
-12352.7586
-12357.8548
-12360.6935
-12360.1347
-12356.3349
-12357.8548
-12359.8888
-12364.6274
-12361.9228
-12360.4700
-12359.1736
-12361.6770
-12365.8568
-12364.7392
-12363.7333
-12367.0637
-12365.5662
-12366.1473
-12369.0978
-12370.4389
-12373.4563
-12371.3106
-12371.4447
-12371.8917
-12370.8859
-12372.1823
-12366.9520
-12366.4379
-12373.6352
-12369.8354
-12370.5059
-12367.7343
-12370.2824
-12367.9802
-12371.2659
-12365.1638
-12364.5156
-12368.9189
-12373.4340
-12369.4330
-12366.4826
-12369.7236
-12369.0083
-12370.0589
-12368.6731
-12370.1036
-12375.3339
-12375.2892
-12378.1949
-12379.9160
-12379.5360
-12380.3630
-12376.8091
-12376.6973
-12376.9879
-12383.4252
-12380.2289
-12381.2124
-12378.4184
-12380.7877
-12381.8382
-12377.1220
-12378.2396
-12385.3028
-12384.0064
-12382.9335
-12383.7381
-12383.9170
-12383.3358
-12380.8101
-12384.4534
-12386.7109
-12389.1473
-12387.8732
-12391.5613
-12396.2775
-12400.3008
-12396.5010
-12398.9820
-12395.7634
-12396.7916
-12397.3727
-12401.5301
-12393.7517
-12396.3222
-12398.5797
-12399.5408
-12397.9092
-12402.7371
-12398.3785
-12400.1220
-12398.4679
-12401.3737
-12403.4077
-12403.0501
-12403.4524
-12408.6380
-12404.4806
-12403.5865
-12402.7148
-12405.5087
-12404.8829
-12407.4310
-12408.0121
-12410.6273
-12406.7157
-12406.3134
-12407.9451
-12405.7770
-12405.2182
-12405.1511
-12403.4077
-12402.0442
-12401.7313
-12397.9762
-12398.9597
-12402.4689
-12406.5816
-12400.6584
-12403.6983
-12406.5369
-12410.5155
-12407.3416
-12405.1288
-12407.4086
-12405.6876
-12407.7439
-12408.9286
-12407.8110
-12408.2580
-12408.8168
-12403.9665
-12407.6098
-12409.9344
-12409.6885
-12408.6380
-12416.8858
-12409.3756
-12402.6030
-12402.3571
-12408.5486
-12409.0627
-12410.5379
-12408.9733
-12409.5097
-12408.7945
-12409.1074
-12412.7060
-12416.4387
-12417.8469
-12416.7517
-12415.2094
-12412.0131
-12413.7342
-12415.9470
-12419.3221
-12419.6350
-12421.4232
-12413.3989
-12421.2667
-12418.3386
-12420.2385
-12419.0539
-12418.8527
-12415.2318
-12416.8858
-12419.9480
-12420.5515
-12421.3785
-12420.5068
-12421.8702
-12423.9042
-12421.3338
-12422.3396
-12426.2735
-12424.8430
-12422.9655
-12419.9927
-12422.6972
-12423.1443
-12423.8372
-12418.7410
-12417.4669
-12415.4106
-12413.8012
-12412.6837
-12417.0422
-12416.4387
-12415.7011
-12414.6506
-12411.7225
-12411.7896
-12414.8518
-12414.6506
-12416.6623
-12412.9072
-12415.0306
-12414.0024
-12417.6904
-12414.6506
-12415.7011
-12416.3270
-12417.0646
-12417.7799
-12417.8693
-12418.2939
-12419.6574
-12417.2881
-12417.2434
-12416.5282
-12418.3834
-12418.9198
-12422.2949
-12420.9538
-12421.6467
-12421.6467
-12424.5077
-12426.1841
-12425.1783
-12426.3853
-12428.4416
-12428.6875
-12424.0383
-12423.1890
-12427.1899
-12430.8556
-12429.2910
-12429.2910
-12432.5097
-12429.8945
-12425.5136
-12426.3406
-12432.0850
-12430.2298
-12433.0237
-12429.1569
-12432.7108
-12433.2249
-12436.9576
-12434.1860
-12438.6787
-12443.0820
-12443.3055
-12438.2541
-12445.1607
-12446.2336
-12438.2988
-12436.0189
-12438.4776
-12439.9304
-12441.2715
-12439.3716
-12435.1025
-12431.0568
-12435.6389
-12437.0918
-12430.8556
-12431.9285
-12434.8119
-12435.1472
-12431.3474
-12433.0014
-12433.3143
-12432.9790
-12435.1248
-12431.8167
-12431.3027
-12431.5038
-12428.3299
-12430.5427
-12430.2745
-12431.0121
-12429.9392
-12439.4163
-12435.1919
-12433.9849
-12434.1860
-12433.0014
-12430.8780
-12432.1744
-12430.9674
-12431.3474
-12431.1238
-12433.9849
-12434.0743
-12435.5048
-12436.3542
-12431.4815
-12431.0791
-12429.5816
-12431.9285
-12433.8508
-12432.7555
-12433.4261
-12436.6224
-12433.4484
-12429.8721
-12431.5038
-12436.3765
-12443.4397
-12442.7244
-12440.8692
-12447.4183
-12448.5135
-12446.7254
-12444.1326
-12442.5009
-12448.5806
-12444.6243
-12445.5854
-12443.9314
-12446.8371
-12443.1491
-12448.6700
-12448.9158
-12447.2618
-12444.8702
-12445.5184
-12445.3843
-12449.5193
-12448.8711
-12449.6981
-12450.1228
-12449.9664
-12448.6923
-12449.2735
-12449.6534
-12449.8323
-12445.4513
-12446.9936
-12443.1044
-12441.0033
-12441.6292
-12444.4678
-12443.2608
-12441.6068
-12442.6797
-12440.5339
-12441.9868
-12440.4222
-12440.5563
-12443.5514
-12441.6292
-12441.5398
-12441.0704
-12441.3609
-12441.6068
-12437.5164
-12442.3444
-12440.2657
-12443.9090
-12445.8760
-12444.6690
-12448.3347
-12453.2744
-12451.4416
-12452.3580
-12450.8604
-12452.7156
-12452.0004
-12451.5757
-12448.3570
-12440.1316
-12443.9984
-12443.5291
-12444.7808
-12444.8925
-12446.5018
-12447.0159
-12446.4348
-12446.8595
-12448.5135
-12448.1559
-12451.3522
-12454.8614
-12451.4863
-12452.1568
-12453.8779
-12458.1918
-12457.4095
-12454.2355
-12453.0956
-12453.0956
-12454.3697
-12458.7059
-12459.3094
-12457.8565
-12458.1918
-12461.3211
-12453.9450
-12459.3317
-12457.5883
-12464.4950
-12467.2666
-12465.6349
-12469.4794
-12471.1558
-12470.1276
-12468.7418
-12467.0654
-12464.0703
-12462.5280
-12460.8964
-12458.9071
-12460.0470
-12461.5446
-12460.1364
-12456.4037
-12457.9906
-12458.3036
-12453.9897
-12452.2015
-12456.8060
-12460.4493
-12457.1189
-12460.1141
-12453.6544
-12453.5650
-12455.5096
-12450.9498
-12449.3629
-12453.2074
-12452.4251
-12449.6311
-12450.3463
-12451.8886
-12454.3026
-12449.6981
-12448.8041
-12451.4639
-12452.8050
-12452.5592
-12450.6369
-12450.2122
-12453.3638
-12453.7438
-12459.8905
-12453.1850
-12457.9236
-12456.9848
-12459.0859
-12452.3804
-12452.1345
-12452.4921
-12451.1063
-12453.2521
-12454.5261
-12455.0626
-12457.2307
-12462.9527
-12463.6903
-12466.1267
-12467.1102
-12468.9206
-12469.4794
-12471.4464
-12465.9926
-12466.3278
-12463.9139
-12460.5164
-12461.9916
-12463.8244
-12459.2200
-12461.8798
-12458.9518
-12463.1986
-12461.5893
-12463.0198
-12467.3560
-12468.5630
-12471.7370
-12473.0557
-12474.1062
-12473.7039
-12471.6923
-12466.6184
-12465.2773
-12462.0587
-12463.6680
-12464.9197
-12461.9693
-12465.2997
-12464.4950
-12460.4940
-12459.3764
-12457.4318
-12458.4600
-12457.7224
-12460.2482
-12460.5834
-12461.9245
-12460.6952
-12458.2365
-12458.2589
-12455.2861
-12458.9518
-12462.6622
-12462.6845
-12462.6175
-12463.0645
-12467.3784
-12464.1821
-12462.3716
-12462.3492
-12466.7302
-12461.9469
-12460.9858
-12465.5679
-12468.3842
-12466.0373
-12464.4279
-12469.2336
-12472.4522
-12473.1004
-12469.8594
-12472.8993
-12473.9051
-12474.2180
-12471.2229
-12471.0664
-12470.3065
-12471.3793
-12476.6320
-12474.4862
-12471.2676
-12473.7486
-12479.3589
-12480.2530
-12489.0596
-12485.3492
-12484.2763
-12485.5280
-12486.5562
-12487.1820
-12489.7972
-12488.5678
-12489.8866
-12488.4784
-12492.8594
-12487.7185
-12490.3113
-12495.5192
-12497.5309
-12497.6650
-12496.7709
-12501.8895
-12503.0071
-12497.6426
-12496.8827
-12496.5027
-12498.2908
-12499.4308
-12498.9837
-12499.3414
-12494.5357
-12496.8156
-12496.2568
-12496.9944
-12496.8603
-12498.9167
-12495.8768
-12499.6766
-12498.3579
-12497.8662
-12494.4240
-12497.0615
-12496.9497
-12498.3802
-12498.8049
-12501.8448
-12499.6766
-12502.1353
-12502.9847
-12503.4541
-12505.1975
-12506.9633
-12501.3977
-12501.9565
-12505.3987
-12509.3326
-12512.5512
-12511.9478
-12513.2218
-12512.6630
-12510.7184
-12512.0819
-12513.9147
-12512.4171
-12510.2490
-12510.7408
-12508.6173
-12512.3724
-12514.3170
-12513.9147
-12515.3676
-12520.3073
-12521.7825
-12523.4142
-12524.1071
-12520.4638
-12524.7777
-12526.4093
-12529.0245
-12531.1255
-12526.7223
-12528.8010
-12527.1246
-12532.9360
-12531.4832
-12528.7339
-12528.2869
-12531.7290
-12531.7067
-12533.5619
-12532.3996
-12536.4676
-12537.2499
-12544.2460
-12543.7319
-12547.2188
-12546.7941
-12547.4870
-12548.4034
-12546.9059
-12548.0905
-12544.8272
-12540.0662
-12542.2791
-12542.8826
-12539.7757
-12538.6357
-12535.7300
-12538.0993
-12535.9088
-12538.0769
-12534.5230
-12536.0429
-12537.3393
-12539.1275
-12536.0653
-12540.9603
-12537.9428
-12540.5803
-12536.1770
-12535.9312
-12537.9652
-12538.0993
-12534.1877
-12535.4618
-12533.6289
-12534.5901
-12534.4783
-12532.8019
-12538.7475
-12533.5395
-12536.1994
-12537.4511
-12540.8039
-12537.0711
-12542.1450
-12538.2334
-12541.4968
-12542.4355
-12543.1061
-12541.9214
-12546.8835
-12546.8835
-12547.6658
-12548.3587
-12551.8456
-12548.5599
-12543.6649
-12548.5823
-12555.1537
-12552.9632
-12557.5006
-12559.9817
-12560.7863
-12554.9078
-12552.1809
-12548.4929
-12553.6561
-12553.8126
-12556.7406
-12559.1099
-12556.6065
-12561.0992
-12562.3509
-12564.7873
-12563.5579
-12562.9097
-12556.8077
-12559.7358
-12562.9544
-12561.6804
-12560.8981
-12554.5055
-12554.4161
-12555.4442
-12557.5677
-12556.1148
-12558.3276
-12558.0594
-12556.3383
-12554.9972
-12556.1148
-12556.2489
-12557.6124
-12559.1770
-12560.2499
-12555.8689
-12556.7183
-12556.0701
-12560.8087
-12557.4783
-12556.8971
-12556.1819
-12558.9088
-12556.6289
-12557.4783
-12557.8806
-12560.1828
-12555.1090
-12556.5395
-12553.9467
-12554.9302
-12557.9700
-12564.6755
-12557.9923
-12562.9991
-12559.1099
-12555.8913
-12555.6454
-12559.4229
-12562.2615
-12565.8825
-12562.8650
-12563.2674
-12560.4510
-12556.6736
-12553.6561
-12554.8631
-12558.1935
-12563.5356
-12566.0837
-12563.7144
-12565.8378
-12570.6211
-12573.7727
-12570.6881
-12571.4481
-12571.0011
-12566.6648
-12563.8262
-12562.9991
-12569.8835
-12575.8737
-12577.2372
-12575.2255
-12572.8563
-12571.0681
-12574.0633
-12575.8737
-12578.4218
-12575.7173
-12578.4889
-12577.7289
-12577.2372
-12578.1983
-12578.4889
-12576.0302
-12581.2382
-12582.7134
-12579.1594
-12576.2984
-12574.3985
-12574.1080
-12571.8728
-12574.9797
-12576.4325
-12578.3548
-12574.4209
-12577.6172
-12579.1594
-12578.6007
-12581.8193
-12583.3616
-12585.1050
-12583.0710
-12584.0768
-12582.4675
-12577.2595
-12577.7066
-12577.6395
-12579.4947
-12581.3946
-12582.1322
-12579.4500
-12580.1876
-12578.1536
-12581.4617
-12580.2100
-12583.9204
-12582.6016
-12585.7532
-12587.8096
-12590.4024
-12594.7163
-12592.2799
-12588.1001
-12588.3684
-12588.1672
-12590.0224
-12589.1730
-12586.5355
-12586.9379
-12591.5200
-12589.3295
-12583.8980
-12584.6356
-12588.2566
-12588.2566
-12594.7833
-12597.3985
-12592.1905
-12596.8397
-12595.2751
-12592.0341
-12594.5822
-12597.5549
-12600.9971
-12599.4325
-12591.6988
-12596.8844
-12596.7503
-12598.8513
-12600.0360
-12595.1633
-12598.4490
-12598.6278
-12594.9621
-12599.4325
-12602.7405
-12603.7464
-12607.0097
-12602.5841
-12604.6181
-12601.6677
-12597.8455
-12599.1196
-12601.7571
-12603.2770
-12597.1303
-12597.0632
-12598.3372
-12595.5209
-12600.5948
-12602.3159
-12606.1380
-12600.6842
-12604.7075
-12606.3615
-12605.4004
-12606.8533
-12607.4121
-12608.2614
-12605.6686
-12608.1050
-12606.1827
-12605.2216
-12608.2391
-12604.4169
-12605.8251
-12603.8581
-12601.4441
-12604.4393
-12603.5005
-12602.7629
-12603.2770
-12604.8640
-12605.4898
-12601.1089
-12602.8076
-12603.7464
-12604.1487
-12606.3168
-12604.5287
-12605.2439
-12607.9485
-12606.8980
-12609.0437
-12611.3236
-12618.3421
-12616.2633
-12614.0952
-12619.3926
-12622.8795
-12625.0252
-12619.7279
-12622.9018
-12622.6559
-12623.4830
-12623.6841
-12621.5384
-12622.1642
-12626.0087
-12625.9416
-12626.8134
-12627.3498
-12623.3712
-12626.5004
-12626.9475
-12625.7628
-12632.8260
-12638.0116
-12638.1457
-12624.4888
-12626.8581
-12627.7298
-12628.8474
-12629.8532
-12631.0602
-12623.0136
-12623.8406
-12620.1749
-12622.7677
-12625.1146
-12623.7288
-12623.4830
-12622.7006
-12625.6287
-12629.2721
-12629.2944
-12631.1943
-12632.8483
-12632.3119
-12629.2050
-12625.9416
-12631.2837
-12632.5354
-12632.3790
-12628.6686
-12626.2099
-12622.2760
-12625.2711
-12623.2818
-12621.5384
-12620.0855
-12622.1419
-12623.4159
-12622.2760
-12623.1477
-12626.6569
-12624.6676
-12620.1973
-12620.6666
-12623.3488
-12623.6841
-12626.0758
-12620.8902
-12625.2040
-12626.1205
-12627.1933
-12628.3780
-12627.9086
-12631.4402
-12632.9601
-12633.1166
-12635.8435
-12640.3138
-12637.3857
-12637.6987
-12630.4343
-12634.5918
-12632.6695
-12634.2341
-12633.0719
-12635.0612
-12636.6034
-12632.4460
-12632.2895
-12634.9494
-12637.1175
-12635.8658
-12639.4868
-12635.3070
-12640.2915
-12641.7667
-12644.2254
-12640.7609
-12639.6209
-12645.6112
-12641.2973
-12643.9572
-12650.0592
-12647.2876
-12650.4839
-12647.6452
-12648.8522
-12654.5966
-12650.4839
-12648.0699
-12646.5276
-12646.2817
-12646.2817
-12645.2536
-12648.0252
-12644.6724
-12646.1253
-12649.8580
-12649.9921
-12647.0640
-12649.1651
-12651.4897
-12649.5227
-12650.5956
-12646.5500
-12648.6957
-12649.1875
-12652.2273
-12651.6909
-12652.1826
-12652.6967
-12650.1933
-12649.4333
-12647.3993
-12644.7171
-12640.3138
-12644.4489
-12655.4460
-12649.0310
-12651.8250
-12649.5451
-12647.6228
-12645.4547
-12644.8512
-12646.1029
-12646.9746
-12649.9251
-12648.8745
-12646.2370
-12645.4771
-12648.9192
-12653.3449
-12655.9153
-12656.3624
-12653.9484
-12650.3945
-12653.2555
-12652.6073
-12644.2924
-12645.8571
-12650.3721
-12646.3935
-12645.2536
-12642.6161
-12640.2244
-12645.7006
-12649.7239
-12649.8580
-12648.3604
-12653.6802
-12658.8211
-12659.0669
-12661.3245
-12664.3419
-12656.6976
-12651.9814
-12654.2390
-12655.0436
-12652.2497
-12651.2885
-12649.8133
-12652.2497
-12654.6860
-12649.0757
-12645.3430
-12645.5441
-12642.6161
-12647.9805
-12645.7900
-12642.1243
-12644.6501
-12646.0359
-12645.7229
-12647.2205
-12647.8240
-12647.1982
-12649.3663
-12649.5898
-12647.4887
-12652.8755
-12652.0708
-12644.5607
-12651.0427
-12651.5791
-12654.8872
-12652.2497
-12657.1447
-12653.9037
-12652.8755
-12655.9824
-12661.2127
-12654.0154
-12654.5295
-12655.9600
-12659.4469
-12662.0621
-12666.1524
-12675.2496
-12653.6578
-12661.5033
-12662.3303
-12662.5091
-12664.1184
-12671.6063
-12669.1923
-12674.8026
-12673.1932
-12668.1417
-12665.7501
-12666.7336
-12673.2379
-12667.5159
-12668.4770
-12665.2584
-12665.9736
-12670.4216
-12667.9182
-12667.8959
-12676.9483
-12676.3895
-12669.9299
-12666.3760
-12678.3565
-12668.3206
-12674.0650
-12673.6850
-12677.0377
-12681.9775
-12678.3341
-12675.3614
-12679.2282
-12674.3108
-12671.0698
-12664.6772
-12664.0514
-12665.6607
-12659.1116
-12666.0407
-12657.3906
-12660.8551
-12657.1223
-12660.5645
-12657.5694
-12661.2574
-12669.6840
-12660.0281
-12668.9911
-12667.9182
-12670.8463
-12665.9960
-12669.6840
-12670.3322
-12668.0970
-12672.8803
-12672.7015
-12680.4129
-12674.3332
-12672.5003
-12667.8065
-12670.9134
-12678.1330
-12679.9435
-12674.6908
-12674.2661
-12677.7530
-12676.9483
-12676.7025
-12677.1271
-12682.8939
-12671.9415
-12674.8249
-12677.6412
-12681.0611
-12678.4682
-12676.0543
-12678.9600
-12681.2622
-12678.0659
-12685.1514
-12689.7782
-12692.4828
-12685.3749
-12693.8015
-12693.9804
-12685.5985
-12695.9473
-12694.3380
-12698.2495
-12699.7695
-12717.7626
-12698.6072
-12709.5148
-12707.1455
-12707.1902
-12704.0163
-12716.3545
-12707.5479
-12718.8802
-12723.3729
-12715.7286
-12715.3710
-12719.7743
-12718.4555
-12711.0794
-12709.7607
-12718.0085
-12718.0755
-12714.7451
-12713.1582
-12722.2330
-12721.2271
-12717.3379
-12722.1659
-12716.4662
-12713.9852
-12723.0376
-12717.0250
-12719.9531
-12717.9191
-12714.6334
-12724.5352
-12718.7014
-12724.2223
-12726.5916
-12731.1513
-12722.7918
-12723.5517
-12714.6557
-12722.6353
-12726.5692
-12726.8821
-12730.2349
-12727.1727
-12727.8880
-12726.5245
-12726.3233
-12712.5770
-12729.2291
-12736.8510
-12727.2398
-12726.3904
-12735.5323
-12735.7558
-12754.9783
-12722.6800
-12724.3564
-12730.2349
-12735.3758
-12735.2640
-12742.5507
-12746.9763
-12737.4322
-12734.3476
-12740.0026
-12746.4399
-12748.0269
-12753.2572
-12744.0483
-12739.3768
-12748.4069
-12747.0434
-12741.5449
-12738.6391
-12748.1610
-12745.1212
-12748.3398
-12744.5624
-12750.4632
-12756.9899
-12756.2523
-12758.8451
-12750.9326
-12751.7820
-12741.5449
-12740.5837
-12745.3447
-12745.7470
-12747.6916
-12747.4010
-12743.9812
-12746.3281
-12751.7820
-12745.9929
-12742.3495
-12748.6751
-12751.4690
-12752.7431
-12753.9948
-12753.1678
-12748.8986
-12755.8500
-12749.5468
-12757.7275
-12753.4136
-12752.6537
-12753.9054
-12754.7995
-12766.0647
-12738.0356
-12757.5711
-12761.2815
-12763.7178
-12764.0978
-12760.5662
-12766.5565
-12766.4671
-12768.6128
-12762.8014
-12765.3271
-12765.8636
-12765.3271
-12769.6410
-12759.3145
-12765.8189
-12777.6653
-12765.2824
-12764.5001
-12767.8752
-12764.9248
-12771.4515
-12772.9044
-12768.3670
-12777.0841
-12777.7100
-12775.0278
-12778.6264
-12779.4311
-12777.2630
-12775.3407
-12781.1522
-12778.4476
-12778.5594
-12773.9773
-12781.1522
-12774.3349
-12773.3738
-12777.6653
-12774.2008
-12776.5477
-12777.3747
-12777.3300
-12780.1016
-12781.1969
-12778.0676
-12784.6390
-12778.5594
-12776.5924
-12778.0900
-12782.2250
-12779.3417
-12774.7596
-12778.3582
-12774.0443
-12770.0210
-12772.4797
-12773.2620
-12772.8150
-12769.4622
-12772.5914
-12776.2795
-12773.6643
-12727.5974
-12779.2523
-12793.4233
-12787.2765
-12783.0744
-12776.8606
-12772.8820
-12772.4573
-12774.2008
-12775.9666
-12777.3747
-12776.0113
-12776.4136
-12778.1570
-12772.4126
-12772.4350
-12775.6983
-12779.8111
-12779.4758
-12776.5254
-12774.7149
-12778.6711
-12780.1240
-12781.2416
-12777.7323
-12780.2134
-12779.5875
-12782.8285
-12783.6779
-12784.1026
-12778.9840
-12777.4194
-12767.7635
-12768.5905
-12771.0268
-12773.1502
-12770.9151
-12773.0608
-12773.6420
-12775.0278
-12774.3349
-12779.0287
-12780.1910
-12776.3465
-12773.2396
-12769.5069
-12772.7703
-12770.7139
-12768.2329
-12764.4107
-12765.7295
-12759.2698
-12761.1250
-12757.9958
-12762.9578
-12759.1580
-12759.9404
-12758.5098
-12753.9501
-12749.6362
-12750.7314
-12750.3738
-12748.7645
-12746.1717
-12742.8636
-12742.1260
-12738.2592
-12738.5721
-12739.5109
-12738.3486
-12737.9462
-12738.6391
-12737.9909
-12737.7898
-12738.1921
-12742.2825
-12746.4846
-12745.8588
-12742.2378
-12738.0133
-12737.1416
-12737.7004
-12735.8228
-12735.3758
-12739.0191
-12741.0978
-12739.7344
-12738.2145
-12736.1357
-12739.3768
-12739.1309
-12740.3155
-12738.2368
-12739.0415
-12739.2203
-12741.0978
-12740.1367
-12742.8189
-12745.7023
-12743.3777
-12738.8403
-12733.7665
-12736.0016
-12734.9064
-12736.6498
-12737.3204
-12740.0026
-12739.0638
-12740.6955
-12742.8860
-12740.2038
-12743.6459
-12743.8918
-12745.7470
-12744.2718
-12745.5458
-12747.0658
-12745.8588
-12743.5342
-12743.8024
-12743.1989
-12747.2446
-12743.0871
-12740.8743
-12739.0638
-12738.6615
-12741.5225
-12743.2883
-12740.5390
-12742.4836
-12741.6566
-12744.3612
-12741.6566
-12741.5449
-12738.3709
-12741.7907
-12740.8743
-12739.6003
-12737.5216
-12735.9569
-12742.9977
-12739.4885
-12740.8073
-12741.0308
-12745.3000
-12743.5789
-12742.3048
-12743.4895
-12750.1056
-12745.7246
-12747.6916
-12750.4185
-12754.0618
-12750.9103
-12753.9948
-12751.9384
-12754.1736
-12756.1406
-12753.5925
-12755.4030
-12754.5759
-12754.8218
-12756.1629
-12754.4642
-12758.4428
-12759.2922
-12754.3524
-12636.8940
-12786.2707
-12834.1034
-12811.9305
-12790.0482
-12787.3212
-12781.9345
-12782.3145
-12779.6769
-12777.9335
-12779.2746
-12781.7333
-12778.2688
-12776.0783
-12781.5992
-12786.1590
-12790.2270
-12791.2999
-12792.7751
-12794.1385
-12792.6857
-12792.1045
-12790.1823
-12790.6740
-12791.3446
-12791.0763
-12789.7352
-12794.2726
-12792.6633
-12795.6137
-12791.5457
-12792.3951
-12795.5690
-12798.6983
-12798.0724
-12792.4398
-12794.4962
-12800.1064
-12799.1006
-12802.8557
-12799.5700
-12801.7158
-12805.6050
-12809.7400
-12813.1375
-12803.7498
-12811.5729
-12801.6264
-12808.3095
-12809.2930
-12809.5165
-12813.7187
-12812.6458
-12815.0821
-12818.2114
-12819.5078
-12822.6594
-12823.8216
-12830.0131
-12831.8683
-12829.9460
-12832.2930
-12836.5174
-12834.6399
-12835.6681
-12833.8352
-12830.3707
-12833.0082
-12834.7963
-12840.2949
-12845.4581
-12848.7215
-12848.1180
-12847.8274
-12852.2531
-12855.2705
-12854.5106
-12859.2715
-12861.2832
-12862.2219
-12866.0217
-12863.9430
-12862.8925
-12864.7924
-12864.1665
-12869.0616
-12865.8429
-12871.7661
-12871.7661
-12876.7729
-12873.9790
-12875.1189
-12872.9508
-12873.3531
-12873.3084
-12874.6048
-12876.6165
-12873.3978
-12871.3191
-12874.2025
-12866.9829
-12875.1860
-12870.2239
-12854.6447
-12818.3231
-12889.7369
-12891.4357
-12882.1150
-12876.4153
-12874.1131
-12873.5766
-12867.3628
-12875.2530
-12875.7671
-12877.6893
-12879.0975
-12874.4036
-12875.4318
-12877.2423
-12874.1801
-12878.2034
-12876.3035
-12882.7855
-12880.7515
-12881.0868
-12878.4493
-12880.9303
-12883.8808
-12883.6573
-12883.2326
-12885.0878
-12888.3288
-12885.6466
-12884.2384
-12886.5183
-12892.9332
-12891.2345
-12891.2122
-12893.7826
-12898.5212
-12895.6154
-12902.3433
-12900.3540
-12903.6621
-12897.0236
-12897.0460
-12896.1519
-12901.0693
-12899.5494
-12901.8963
-12905.5620
-12907.2384
-12904.3773
-12901.0022
-12903.7068
-12906.1655
-12905.1149
-12902.0304
-12908.6689
-12906.4560
-12904.0868
-12900.0858
-12902.0527
-12903.0362
-12905.7855
-12904.0868
-12906.3890
-12905.2490
-12906.0761
-12906.9478
-12905.8972
-12909.4512
-12909.9876
-12911.9769
-12910.6135
-12907.7077
-12905.9196
-12901.6281
-12899.9964
-12901.0916
-12904.3103
-12907.5736
-12906.0090
-12902.0527
-12902.2092
-12905.0032
-12907.1489
-12906.5902
-12909.8982
-12911.8205
-12905.6737
-12906.2549
-12911.8428
-12909.6300
-12909.9653
-12913.6757
-12912.5804
-12913.6086
-12914.9721
-12914.1003
-12912.9157
-12917.7884
-12916.6931
-12918.9507
-12918.4366
-12922.1470
-12922.8175
-12925.1421
-12923.2199
-12920.3588
-12926.1479
-12925.3880
-12926.6397
-12928.4725
-12933.9710
-12934.7310
-12925.4327
-12921.6776
-12921.4541
-12925.0974
-12923.0857
-12920.3365
-12925.3880
-12927.4667
-12924.3374
-12920.7165
-12916.2908
-12915.9332
-12920.0906
-12926.4832
-12920.5376
-12918.1013
-12922.8622
-12924.9409
-12923.2646
-12921.7670
-12919.9788
-12921.1411
-12920.4706
-12917.8107
-12914.3686
-12914.6144
-12913.1839
-12915.3744
-12913.4521
-12912.6698
-12914.0556
-12913.6086
-12909.8982
-12909.8982
-12908.4230
-12912.6251
-12914.4356
-12912.4687
-12911.8875
-12909.5182
-12911.7981
-12911.3511
-12911.6193
-12911.0829
-12912.6251
-12914.1450
-12913.3627
-12911.8428
-12915.4414
-12914.5250
-12914.4803
-12913.6310
-12917.4978
-12917.0731
-12920.9176
-12919.9118
-12922.9069
-12921.4317
-12916.7825
-12916.2014
-12916.3802
-12915.6426
-12910.7252
-12914.2344
-12912.3122
-12916.5590
-12916.3802
-12913.4298
-12920.1353
-12926.2373
-12919.8224
-12919.8000
-12911.6416
-12908.8253
-12913.8545
-12913.3404
-12912.1781
-12914.9944
-12912.8486
-12916.2014
-12917.4307
-12902.0304
-12762.6449
-12718.1649
-12745.9929
-12784.4379
-12818.7925
-12846.7992
-12869.6427
-12882.6961
-12889.6475
-12895.6154
-12899.5494
-12903.3939
-12907.2384
-12905.3608
-12901.2257
-12900.2423
-12902.4774
-12900.3093
-12964.3918
-13249.7565
-13193.4301
-13060.4372
-12978.7416
-12932.7864
-12909.3171
-12901.3375
-12897.0013
-12894.2967
-12891.7933
-12889.3346
-12891.1674
-12891.7486
-12893.5814
-12890.6981
-12889.2899
-12893.6932
-12891.9498
-12890.6087
-12891.9051
-12893.9614
-12895.2131
-12897.5377
-12896.9789
-12896.5766
-12896.7554
-12899.1470
-12894.4085
-12893.2909
-12896.3978
-12899.2364
-12896.7107
-12899.9740
-12900.3540
-12899.5494
-12895.9731
-12901.1587
-12904.7573
-12901.2928
-12902.9468
-12907.5960
-12904.7573
-12904.3326
-12904.3326
-12902.2316
-12907.6407
-12905.0032
-12906.5007
-12906.7690
-12910.5911
-12909.1159
-12912.2451
-12911.4405
-12922.4599
-12911.1499
-12916.7825
-12917.3860
-12918.7048
-12917.6543
-12915.8214
-12919.9788
-12918.8166
-12915.5309
-12911.1946
-12913.2510
-12911.4405
-12911.4181
-12913.3180
-12913.6533
-12915.9108
-12919.8447
-12915.7544
-12915.7767
-12915.6873
-12910.7252
-12906.9701
-12912.2451
-12911.2393
-12912.6251
-12910.4570
-12913.6310
-12910.1217
-12915.7544
-12915.9332
-12916.0896
-12916.7825
-12921.4317
-12916.3355
-12917.2743
-12915.9332
-12917.6990
-12917.2743
-12918.9954
-12924.4268
-12923.0410
-12923.7786
-12921.1188
-12922.5269
-12923.3540
-12929.5454
-12927.6455
-12926.2150
-12926.1479
-12929.7913
-12929.5007
-12934.8204
-12932.2947
-12933.2111
-12931.6465
-12934.5969
-12937.7261
-12940.4754
-12940.6542
-12941.9730
-12942.5765
-12943.8058
-12944.1634
-12943.8058
-12947.0468
-12951.8301
-12949.4832
-12948.4550
-12950.8466
-12953.5959
-12954.7358
-12952.8583
-12956.4345
-12956.8592
-12960.4132
-12962.9836
-12964.4141
-12963.8106
-12968.3033
-12964.1235
-12961.8884
-12963.9224
-12963.9447
-12963.6542
-12965.2858
-12965.7552
-12967.5881
-12966.1128
-12963.3859
-12964.1235
-12964.7494
-12965.5094
-12967.6998
-12969.8679
-12968.1916
-12968.1469
-12970.2926
-12972.0137
-12970.6726
-12976.7076
-12973.8466
-12974.8971
-12974.9418
-12976.4394
-12972.6396
-12973.1536
-12973.5560
-12973.6454
-12973.2207
-12973.0642
-12971.8796
-12975.9700
-12978.2051
-12976.3723
-12975.9476
-12976.5064
-12977.8922
-12973.9807
-12969.9350
-12973.0866
-12976.4170
-12977.9369
-12973.9583
-12975.9923
-12975.2994
-12977.7805
-12980.0156
-12978.8757
-12981.6473
-12983.4578
-12988.1517
-12982.6531
-12984.3966
-12982.8096
-12984.1060
-12981.3344
-12981.8261
-12984.7095
-12982.9214
-12979.6580
-12980.9991
-12985.3801
-12986.2741
-12986.4753
-12984.8883
-12988.9340
-12992.2867
-12988.1293
-12988.8893
-12992.5773
-12991.0574
-12982.5637
-12979.3451
-12976.7523
-12976.0147
-12976.7970
-12969.7785
-12967.9680
-12967.3422
-12962.4472
-12961.7766
-12955.3840
-12953.4618
-12950.7572
-12941.8612
-12932.2500
-12933.3228
-12926.7514
-12927.2879
-12920.0683
-12913.7651
-12907.4842
-12899.4599
-12897.5600
-12898.4318
-12893.4920
-12892.4639
-12892.8662
-12892.1733
-12887.9711
-12891.7262
-12886.3171
-12883.6573
-12882.7855
-12879.0752
-12882.1820
-12880.4833
-12883.6573
-12879.8351
-12880.1257
-12873.7331
-12880.2374
-12874.4260
-12875.4542
-12875.8118
-12876.2141
-12875.8118
-12873.1966
-12870.5591
-12873.3308
-12873.1966
-12869.8439
-12866.6699
-12872.3920
-12866.9382
-12864.9489
-12861.7302
-12865.1947
-12872.7720
-12871.8779
-12871.5650
-12871.3862
-12874.5601
-12876.6165
-12876.7729
-12870.3356
-12865.2841
-12871.1626
-12874.9848
-12865.3959
-12866.6923
-12867.7652
-12868.9945
-12870.8944
-12866.1111
-12863.7866
-12862.9595
-12863.0490
-12865.9323
-12861.0820
-12861.1714
-12857.9081
-12861.5067
-12854.3765
-12856.3658
-12857.0363
-12858.0869
-12859.9868
-12851.6272
-12852.7448
-12850.5767
-12856.7905
-12851.6943
-12850.3308
-12856.8799
-12858.5563
-12855.8964
-12859.2715
-12857.3046
-12858.8915
-12856.3211
-12857.6175
-12856.7011
-12859.2939
-12858.2880
-12857.5951
-12852.4989
-12858.5786
-12860.4785
-12859.0703
-12863.7866
-12856.3658
-12862.4008
-12861.7526
-12861.5737
-12863.9207
-12862.2443
-12866.3123
-12868.8381
-12872.0120
-12866.2453
-12867.4522
-12868.9722
-12869.1510
-12880.5504
-12875.9459
-12878.9857
-12871.7214
-12874.7389
-12873.8225
-12876.7506
-12877.6446
-12878.3375
-12877.6446
-12880.1480
-12881.4891
-12885.7360
-12886.4959
-12889.3123
-12894.8555
-12894.8108
-12896.9789
-12899.9964
-12896.0625
-12895.2802
-12904.1091
-12901.3822
-12903.3044
-12902.7009
-12903.6621
-12900.8234
-12904.2879
-12906.2996
-12907.1713
-12900.2646
-12902.7457
-12904.3103
-12906.6125
-12905.5620
-12899.0353
-12903.5950
-12903.3268
-12900.3317
-12899.9740
-12900.7787
-12905.6067
-12906.8584
-12905.4502
-12909.4065
-12910.7252
-12913.5862
-12917.9895
-12923.5328
-12918.6377
-12919.3754
-12919.2189
-12922.4152
-12924.0916
-12923.7339
-12924.7845
-12923.5775
-12922.7952
-12926.1479
-12923.9798
-12925.0750
-12928.8525
-12926.5056
-12928.2266
-12927.3102
-12930.7524
-12937.3238
-12937.5473
-12934.1722
-12936.8768
-12936.6756
-12940.2295
-12940.6095
-12943.1576
-12945.1246
-12948.8797
-12945.1469
-12947.8291
-12947.1586
-12949.7961
-12953.3947
-12953.8194
-12951.5395
-12951.7630
-12954.3335
-12954.2441
-12956.0993
-12960.6814
-12956.9263
-12961.9778
-12960.2120
-12955.7640
-12959.8991
-12954.8699
-12953.7523
-12954.6464
-12957.4180
-12952.2101
-12956.5239
-12955.8981
-12955.9652
-12949.9302
-12955.1828
-12952.7912
-12955.5405
-12953.0371
-12950.5784
-12945.9069
-12944.5434
-12943.8952
-12949.2596
-12943.5599
-12946.3316
-12940.6542
-12944.7222
-12946.8456
-12945.1916
-12941.4589
-12934.1722
-12938.4414
-12937.4356
-12940.8107
-12935.8709
-12934.4628
-12936.6309
-12933.4793
-12936.4521
-12940.6319
-12941.5259
-12936.1839
-12931.3112
-12932.3617
-12932.4288
-12928.8078
-12926.5726
-12925.4327
-12920.3141
-12924.6727
-12922.6164
-12922.7058
-12917.4084
-12915.7767
-12918.3919
-12919.1518
-12921.2752
-12920.3812
-12920.6718
-12916.6708
-12922.1470
-12919.3977
-12924.1139
-12918.1237
-12919.8224
-12920.2247
-12918.7942
-12915.4861
-12915.8661
-12911.2170
-12912.6251
-12912.3569
-12911.5522
-12910.6358
-12911.8205
-12918.2801
-12920.6718
-12921.4094
-12913.2957
-12916.2238
-12911.0605
-12912.5134
-12910.0547
-12911.6864
-12912.1110
-12907.7971
-12904.6232
-12906.1655
-12901.4493
-12901.5610
-12898.7894
-12905.3161
-12902.6786
-12898.0071
-12895.6154
-12897.8506
-12898.3200
-12899.2141
-12892.9109
-12896.2860
-12900.4434
-12895.7049
-12904.5338
-12899.5494
-12894.3414
-12893.9391
-12896.3754
-12901.8292
-12906.6796
-12903.0809
-12902.8574
-12904.4891
-12905.6737
-12905.0255
-12906.2102
-12906.2325
-12910.3676
-12911.0158
-12914.3686
-12915.0391
-12917.4755
-12917.1402
-12916.4026
-12916.4249
-12914.2121
-12913.8768
-12911.0829
-12913.9215
-12915.9332
-12926.1256
-12924.7398
-12928.7854
-12931.5571
-12933.7699
-12932.5852
-12935.2451
-12930.3724
-12937.2567
-12939.2684
-12937.3462
-12932.9876
-12938.1061
-12938.1732
-12938.7543
-12941.5259
-12944.5658
-12943.3588
-12949.5279
-12952.8583
-12945.7728
-12946.8009
-12938.3296
-12941.7942
-12946.7562
-12949.7737
-12943.5152
-12944.7669
-12944.9904
-12942.8223
-12938.3743
-12939.0002
-12938.2849
-12938.6202
-12937.3685
-12942.0400
-12938.5979
-12939.6484
-12942.5541
-12943.2694
-12940.1178
-12943.6270
-12946.9574
-12944.9904
-12947.6727
-12949.6173
-12947.6280
-12953.8194
-12956.2557
-12954.6241
-12959.8767
-12959.1391
-12960.6814
-12963.9671
-12965.5317
-12963.6095
-12968.9962
-12968.6386
-12971.1420
-12967.6104
-12970.6279
-12975.2547
-12977.1993
-12973.7124
-12974.2489
-12976.2158
-12981.3344
-12985.4024
-12988.6211
-12989.6939
-12995.4160
-12998.6346
-13000.7581
-13005.9884
-13001.1380
-13001.6074
-13004.2002
-13000.4898
-13002.4568
-13006.2119
-13004.2002
-13005.0496
-13007.7989
-13007.2177
-13006.7707
-13012.2021
-13014.1915
-13016.7843
-13012.6492
-13014.9961
-13018.3265
-13022.0593
-13027.3119
-13026.6637
-13026.8202
-13025.9038
-13019.5335
-13030.8211
-13037.1914
-13037.5490
-13030.6423
-13027.6919
-13022.2381
-13022.4169
-13021.0087
-13025.1438
-13023.7803
-13024.7415
-13024.4062
-13021.2099
-13026.8425
-13029.7706
-13031.1117
-13033.2128
-13033.1457
-13034.3080
-13032.2293
-13034.2186
-13033.8163
-13034.3751
-13033.7269
-13033.4587
-13034.7998
-13041.5947
-13040.6559
-13042.4664
-13043.3828
-13044.1204
-13048.0767
-13051.0495
-13051.2283
-13060.0572
-13060.2137
-12542.1226
-25390.9559
-25382.7751
-25387.1784
-25385.9044
-25390.3747
-25382.2163
-25392.0511
-25383.5798
-25385.0550
-25378.3495
-25385.8820
-25381.3893
-25381.4117
-25375.3096
-25382.9092
-25379.2659
-25376.7625
-25376.5390
-25373.9462
-25369.0064
-25370.3252
-25372.9180
-25371.7781
-25372.7615
-25372.0910
-25375.2649
-25370.3699
-25371.8451
-25371.8451
-25372.0463
-25366.3913
-25374.9744
-25369.0511
-25368.0006
-25368.9394
-25368.0230
-25365.7878
-25368.6488
-25369.4088
-25367.6653
-25360.2669
-25365.7878
-25364.7373
-25366.3913
-25362.4127
-25366.8830
-25369.4311
-25369.9005
-25367.2630
-25367.1736
-25369.0288
-25369.6323
-25370.9063
-25364.7596
-25371.8898
-25367.3301
-25367.9783
-25364.8267
-25370.5264
-25367.6653
-25366.4136
-25364.4690
-25370.5040
-25367.5089
-25368.2241
-25367.8665
-25372.4263
-25373.3203
-25372.8509
-25371.0628
-25368.5371
-25372.9627
-25366.9724
-25368.9841
-25371.4428
-25372.0239
-25370.3922
-25378.1930
-25371.9569
-25374.3932
-25367.3077
-25373.3427
-25371.5992
-25376.1813
-25369.3864
-25374.7508
-25371.4428
-25377.5225
-25371.1075
-25372.1133
-25375.6449
-25377.8577
-25380.9646
-25379.7576
-25383.2221
-25383.1327
-25383.9821
-25385.7926
-25384.2727
-25379.2435
-25384.6750
-25386.1502
-25388.0501
-25380.0706
-25388.3631
-25386.5526
-25392.8558
-25389.1230
-25388.3407
-25386.8431
-25393.1687
-25384.3397
-25388.7654
-25390.3300
-25394.4651
-25391.8276
-25392.0287
-25392.8110
-25399.3378
-25395.2027
-25399.0695
-25391.7382
-25393.6157
-25395.5380
-25395.8509
-25396.5438
-25393.9063
-25404.1881
-25404.3669
-25403.0034
-25396.0968
-25399.8966
-25401.0141
-25402.8470
-25397.4826
-25405.9986
-25398.5107
-25401.1035
-25401.7070
-25405.4174
-25403.3611
-25402.2882
-25401.8188
-25402.3776
-25404.7469
-25402.4670
-25397.7061
-25399.0248
-25394.4874
-25391.4699
-25394.5321
-25389.8606
-25395.9626
-25396.4320
-25398.1978
-25397.3485
-25402.7129
-25398.9578
-25406.2221
-25405.5739
-25403.8081
-25402.6458
-25410.9383
-25402.9364
-25402.9811
-25401.6176
-25406.6021
-25402.9587
-25404.6798
-25399.6283
-25401.2377
-25398.0861
-25393.2804
-25397.7731
-25396.7673
-25395.9403
-25396.9908
-25398.1755
-25395.3144
-25394.5992
-25390.2182
-25394.1745
-25394.3533
-25394.1969
-25388.6983
-25391.2241
-25382.2163
-25387.6031
-25385.4797
-25380.9646
-25376.2261
-25384.2727
-25376.2931
-25375.9578
-25374.5497
-25376.7401
-25373.6780
-25374.0803
-25377.5225
-25373.2756
-25370.5040
-25370.1017
-25372.0016
-25366.9501
-25369.2523
-25361.9209
-25363.4856
-25358.7693
-25366.3019
-25356.2436
-25361.8315
-25350.6110
-25350.3204
-25350.4545
-25352.2873
-25348.6216
-25347.4370
-25346.7665
-25344.2854
-25340.6197
-25336.0823
-25340.3739
-25334.8753
-25335.5235
-25333.3331
-25331.6120
-25327.2981
-25331.2543
-25326.9181
-25328.3933
-25326.0464
-25326.8734
-25326.4264
-25330.2262
-25330.0921
-25330.7850
-25327.9016
-25330.0250
-25323.8112
-25325.3088
-25325.1300
-25325.5546
-25323.0065
-25325.7335
-25324.6159
-25330.5838
-25323.2524
-25325.4429
-25326.5381
-25323.9677
-25330.2038
-25329.1309
-25335.5012
-25336.0153
-25342.3408
-25337.6469
-25344.6207
-25334.3389
-25339.8374
-25338.6975
-25343.5031
-25340.7538
-25340.7762
-25334.8306
-25341.3126
-25341.8491
-25342.4749
-25336.6411
-25332.1261
-25341.5808
-25339.8821
-25340.5080
-25344.3525
-25349.6498
-25349.2475
-25347.5041
-25346.4759
-25352.4214
-25347.0794
-25352.0191
-25350.7004
-25357.2494
-25350.4321
-25352.0862
-25351.3709
-25356.8247
-25355.6401
-25358.2329
-25354.5002
-25360.2893
-25356.1765
-25359.6187
-25356.2659
-25360.9822
-25362.7032
-25371.1299
-25364.2008
-25362.8374
-25366.9054
-25365.4302
-25369.7888
-25370.7052
-25373.1639
-25369.9899
-25374.7285
-25371.8898
-25376.4049
-25376.4272
-25376.6954
-25380.3835
-25384.3621
-25380.1153
-25384.3844
-25381.0540
-25387.8043
-25386.6643
-25392.4311
-25390.4641
-25394.5992
-25390.8441
-25391.4029
-25393.8616
-25399.3601
-25400.7906
-25400.0754
-25400.4777
-25400.1201
-25400.8577
-25399.9636
-25399.0248
-25398.2649
-25406.1774
-25403.5399
-25406.3339
-25398.2202
-25402.3329
-25404.7469
-25413.1064
-25410.9160
-25416.9733
-25414.1346
-25414.4252
-25411.7430
-25414.3134
-25412.5029
-25415.1181
-25415.9004
-25420.1472
-25417.5097
-25418.2920
-25416.1463
-25416.8392
-25419.9237
-25421.6001
-25422.4048
-25418.8061
-25423.9694
-25421.3766
-25428.7303
-25423.0306
-25426.4281
-25421.8907
-25427.7468
-25425.5787
-25430.6078
-25431.7925
-25429.6691
-25427.2774
-25427.6798
-25423.4776
-25428.9315
-25426.5175
-25426.6292
-25427.8362
-25428.5962
-25429.8702
-25430.9208
-25434.6759
-25429.8255
-25432.2395
-25431.7254
-25436.6875
-25435.2123
-25439.9956
-25434.4747
-25438.2074
-25437.8275
-25444.3765
-25442.8790
-25446.8576
-25446.9246
-25445.2706
-25443.2142
-25448.5116
-25447.6622
-25447.0811
-25445.3376
-25446.1647
-25448.8469
-25449.2045
-25446.8799
-25446.0976
-25449.3163
-25454.2113
-25456.3571
-25453.1831
-25454.3454
-25450.4115
-25456.2006
-25451.6408
-25454.3454
-25452.8478
-25458.4358
-25457.1170
-25463.0626
-25459.5534
-25463.9566
-25465.7001
-25469.9022
-25467.6447
-25471.8692
-25470.0587
-25472.7409
-25471.1763
-25470.1034
-25470.1704
-25470.7739
-25470.5728
-25468.4494
-25471.4445
-25476.2501
-25475.3784
-25477.6806
-25480.6534
-25472.0480
-25480.2958
-25473.1879
-25480.6534
-25474.5737
-25481.4581
-25477.3006
-25477.7477
-25476.3619
-25481.9498
-25481.3463
-25482.2627
-25477.4571
-25479.4017
-25478.3065
-25482.4862
-25480.2511
-25477.8147
-25480.2958
-25482.3298
-25485.6602
-25482.2627
-25481.9945
-25483.6932
-25481.5698
-25479.9381
-25487.9624
-25489.1918
-25489.6612
-25486.5543
-25490.2870
-25488.4989
-25494.6456
-25494.8468
-25495.4503
-25492.7233
-25497.2607
-25495.8973
-25495.2267
-25492.8128
-25493.9080
-25492.9692
-25494.6903
-25493.0810
-25496.3220
-25500.9935
-25501.8205
-25505.3074
-25503.4298
-25507.0732
-25507.2520
-25510.7836
-25510.7836
-25513.7563
-25506.8720
-25516.5280
-25511.4318
-25513.8010
-25511.4318
-25515.1868
-25516.2821
-25514.6504
-25518.2714
-25519.8137
-25520.6630
-25522.5406
-25521.2218
-25516.7515
-25520.9089
-25521.3783
-25524.9769
-25521.6242
-25525.9157
-25522.8535
-25524.6863
-25520.7077
-25523.8370
-25520.4842
-25523.8593
-25522.7864
-25523.2782
-25517.5114
-25521.9147
-25517.8467
-25525.9380
-25511.5212
-25518.0479
-25518.5843
-25516.1480
-25516.5503
-25517.5338
-25520.6854
-25522.0265
-25521.7583
-25524.6640
-25530.2296
-25524.4628
-25526.4521
-25526.2510
-25529.4920
-25524.3064
-25526.4521
-25525.9380
-25530.0955
-25525.0887
-25528.0838
-25523.0323
-25521.6465
-25517.7126
-25523.8593
-25525.6028
-25523.3899
-25520.6854
-25526.3404
-25527.5474
-25538.4550
-25528.9555
-25527.5250
-25533.9847
-25531.4589
-25536.1528
-25531.2578
-25535.3705
-25532.7106
-25537.0692
-25535.0352
-25536.8680
-25528.7097
-25532.5095
-25530.7213
-25535.9963
-25534.5658
-25536.6445
-25531.8612
-25535.9516
-25533.4929
-25532.1965
-25531.6824
-25533.7835
-25535.1470
-25543.4395
-25531.9730
-25538.3656
-25537.2704
-25534.7446
-25535.1693
-25535.3481
-25537.1810
-25536.3540
-25535.5493
-25531.6154
-25534.7223
-25531.9730
-25538.8573
-25536.1081
-25537.0916
-25531.5930
-25536.6669
-25533.9400
-25541.4949
-25538.4327
-25551.7767
-25543.4618
-25549.4744
-25538.2315
-25541.7631
-25534.1858
-25536.0634
-25540.3549
-25540.7572
-25542.8807
-25542.4113
-25543.1936
-25542.6571
-25545.0041
-25541.5396
-25548.8933
-25545.8981
-25549.7650
-25543.4395
-25548.8709
-25547.1945
-25553.2519
-25545.2723
-25547.9769
-25538.2315
-25540.9137
-25538.6338
-25543.8194
-25543.3724
-25546.3452
-25533.9847
-25548.5133
-25547.7086
-25545.3841
-25543.8865
-25544.8923
-25549.0721
-25548.4462
-25551.3073
-25547.3063
-25548.5580
-25550.2567
-25553.8777
-25553.4083
-25562.9302
-25554.3695
-25556.8058
-25543.4395
-25552.6260
-25548.0216
-25551.1732
-25548.8486
-25556.4929
-25553.0954
-25555.6882
-25552.6931
-25554.5259
-25556.1576
-25551.8437
-25555.0624
-25552.3131
-25554.7271
-25551.6202
-25550.9273
-25549.2509
-25555.3306
-25552.1119
-25557.1634
-25552.7154
-25555.3306
-25552.3802
-25555.5094
-25551.0167
-25557.4763
-25554.2130
-25552.4472
-25551.6202
-25555.6882
-25549.6085
-25550.4355
-25552.1119
-25554.9953
-25557.1187
-25553.6318
-25553.2295
-25557.0517
-25554.1236
-25551.5978
-25557.3646
-25555.2412
-25557.9904
-25558.4151
-25557.1187
-25554.5259
-25559.5104
-25559.9350
-25553.1848
-25551.0167
-25557.5881
-25556.5599
-25560.1586
-25551.9778
-25557.9457
-25553.5871
-25557.9904
-25554.9059
-25555.3306
-25556.8058
-25555.2859
-25553.9001
-25551.6202
-25550.6144
-25549.0721
-25553.2966
-25551.1508
-25554.2800
-25548.2898
-25550.7261
-25550.2344
-25558.7727
-25550.0779
-25557.6105
-25553.0731
-25556.9623
-25551.2179
-25559.5551
-25550.3908
-25553.0060
-25550.8379
-25547.1275
-25547.5969
-25547.9992
-25550.3908
-25554.3695
-25551.3296
-25550.1897
-25551.4414
-25551.3967
-25553.8107
-25553.2072
-25552.4472
-25550.6814
-25553.5871
-25549.7650
-25552.6931
-25551.4190
-25560.6950
-25553.9671
-25558.9292
-25557.1634
-25561.5891
-25559.3762
-25556.8505
-25555.4200
-25557.8563
-25561.6114
-25563.9360
-25561.9690
-25559.5551
-25559.2645
-25561.4550
-25562.8631
-25564.1595
-25567.2888
-25569.0546
-25566.2382
-25567.4676
-25572.0944
-25569.0322
-25572.8991
-25570.1051
-25574.5307
-25571.2003
-25573.7261
-25570.4404
-25575.1566
-25570.9545
-25575.1566
-25572.8096
-25577.7941
-25577.3694
-25573.1449
-25526.0945
-25581.5939
-25600.3693
-25591.6522
-25583.5832
-25577.7941
-25577.4141
-25574.5754
-25580.4539
-25572.6532
-25575.6260
-25572.5638
-25576.9671
-25569.8816
-25575.6930
-25569.0993
-25577.7047
-25571.5132
-25576.4083
-25572.2061
-25576.9000
-25573.0332
-25574.4413
-25571.7144
-25575.9836
-25569.7698
-25568.9204
-25569.3004
-25571.1780
-25571.8932
-25570.8203
-25570.5968
-25569.5239
-25571.9603
-25569.3004
-25571.2227
-25570.3062
-25572.2509
-25566.0147
-25572.5191
-25564.6960
-25570.0827
-25562.9972
-25570.1051
-25567.4676
-25569.2110
-25565.5677
-25567.3111
-25566.6853
-25568.6075
-25566.4394
-25566.0818
-25565.1877
-25562.8408
-25564.2042
-25558.7727
-25554.8835
-25553.1848
-25552.6037
-25550.1226
-25554.9953
-25551.7767
-25552.3131
-25547.8427
-25550.4132
-25544.2441
-25546.4346
-25542.5454
-25543.1042
-25537.3151
-25539.6844
-25537.4715
-25542.3889
-25536.5104
-25532.9118
-25531.1236
-25533.9623
-25532.3083
-25531.6824
-25525.4016
-25522.1606
-25523.4793
-25520.1936
-25523.7923
-25520.3725
-25521.0877
-25518.4726
-25519.4113
-25518.1373
-25519.9031
-25513.9128
-25518.7631
-25515.9021
-25511.7894
-25511.4094
-25515.2316
-25509.1072
-25513.2199
-25508.6154
-25509.3977
-25511.8341
-25514.2928
-25509.9118
-25507.5649
-25508.7495
-25510.2024
-25514.1363
-25508.7272
-25511.5435
-25507.3414
-25511.1635
-25504.3686
-25498.8254
-25488.2083
-25498.9818
-25500.2335
-25507.6096
-25498.4007
-25504.6592
-25502.0887
-25515.8574
-25523.4346
-25514.2257
-25507.8331
-25505.0392
-25503.0275
-25503.6533
-25505.9109
-25502.8263
-25502.7593
-25501.8652
-25503.3851
-25502.8040
-25507.2967
-25503.7204
-25504.3910
-25501.1723
-25505.6874
-25499.2501
-25503.6757
-25501.3958
-25504.1004
-25503.1840
-25508.5260
-25502.1781
-25505.1733
-25505.5756
-25508.2355
-25508.2355
-25513.2422
-25508.2578
-25510.1130
-25510.2248
-25510.0012
-25507.0732
-25508.9284
-25512.7058
-25511.9011
-25512.2364
-25513.9352
-25516.2821
-25513.0411
-25511.4541
-25507.2520
-25513.9128
-25506.4250
-25511.2753
-25503.0499
-25508.7719
-25507.1179
-25514.4939
-25510.9177
-25516.9079
-25514.9410
-25516.1033
-25517.5785
-25520.2830
-25518.1596
-25517.8467
-25519.5007
-25520.0148
-25523.9264
-25522.9206
-25520.7748
-25519.8360
-25528.2403
-25527.5250
-25531.4813
-25528.4861
-25532.6883
-25528.8661
-25533.6270
-25532.3530
-25535.1023
-25529.0896
-25534.3646
-25534.6999
-25535.5940
-25536.0857
-25539.7067
-25537.7398
-25542.9030
-25545.7417
-25546.2334
-25543.4171
-25542.2325
-25540.3549
-25544.4676
-25545.3394
-25546.4122
-25549.8768
-25547.7533
-25549.7873
-25546.9934
-25553.4754
-25550.4132
-25553.4530
-25549.5415
-25551.9555
-25548.4015
-25552.5143
-25548.8262
-25555.3529
-25552.9166
-25557.0964
-25558.5716
-25561.8349
-25559.0410
-25562.9749
-25562.5502
-25563.5560
-25565.0759
-25565.9253
-25566.2606
-25566.0818
-25564.8971
-25563.3102
-25567.7134
-25564.8748
-25567.6464
-25564.8748
-25566.9535
-25568.7863
-25573.7484
-25566.9535
-25569.0769
-25568.3840
-25573.4802
-25571.8038
-25574.3072
-25574.0166
-25576.7436
-25572.0050
-25577.7717
-25573.0332
-25576.8106
-25577.7941
-25573.7708
-25573.2343
-25575.6930
-25578.8893
-25577.2353
-25578.2188
-25577.0341
-25583.5385
-25577.9282
-25579.7834
-25574.8213
-25581.7280
-25577.2576
-25581.1692
-25577.7717
-25579.4928
-25582.5550
-25580.6328
-25577.2800
-25576.0283
-25577.6600
-25579.8057
-25578.8446
-25577.7494
-25574.6872
-25574.6201
-25576.8330
-25575.2907
-25577.6823
-25576.0506
-25578.2635
-25575.8718
-25582.9126
-25580.0293
-25579.2917
-25574.1731
-25583.2256
-25579.6046
-25582.3762
-25577.1235
-25578.4870
-25574.0166
-25576.6765
-25576.5200
-25581.6162
-25572.1838
-25576.1177
-25573.2790
-25575.7377
-25576.4083
-25576.9000
-25576.3859
-25575.3354
-25575.9389
-25574.5754
-25575.5813
-25574.3072
-25579.6046
-25579.6716
-25578.7776
-25576.5424
-25584.6561
-25583.6055
-25586.0195
-25578.1517
-25581.5268
-25580.4539
-25585.4384
-25579.1352
-25578.6435
-25578.1517
-25580.9904
-25582.1750
-25580.9010
-25580.1634
-25579.7387
-25580.4539
-25579.8281
-25582.5774
-25576.9671
-25582.8232
-25581.3480
-25582.2421
-25580.6328
-25587.1148
-25580.0516
-25582.1527
-25580.8786
-25587.0254
-25587.7630
-25586.3772
-25584.0079
-25586.0195
-25582.5550
-25585.8407
-25583.0020
-25586.5783
-25586.0419
-25586.2430
-25585.6843
-25589.0147
-25588.8582
-25586.5336
-25595.5414
-25584.3431
-25588.9923
-25587.3606
-25589.7076
-25589.9981
-25593.0603
-25588.4559
-25587.2042
-25587.6736
-25593.5521
-25588.3441
-25590.1099
-25590.4228
-25594.4461
-25590.4228
-25589.9534
-25586.3548
-25587.8747
-25588.0759
-25585.4384
-25590.1546
-25589.0817
-25593.4403
-25593.6638
-25592.2110
-25596.3907
-25599.6094
-25593.7532
-25591.5628
-25600.6152
-25603.1410
-25598.0448
-25598.9388
-25593.8426
-25598.5365
-25595.4296
-25600.6376
-25600.9058
-25598.4918
-25598.0001
-25602.2916
-25595.7872
-25597.5977
-25594.8932
-25603.1857
-25605.3314
-25601.6434
-25598.5812
-25601.1517
-25595.4073
-25604.8397
-25610.1147
-25607.5219
-25611.5229
-25611.2993
-25610.6064
-25609.9359
-25613.8474
-25610.8970
-25613.5345
-25610.1818
-25612.3946
-25607.9466
-25610.0029
-25609.8018
-25611.8358
-25613.2440
-25615.9485
-25613.6686
-25615.5238
-25616.7755
-25617.5355
-25616.9320
-25615.6803
-25616.5073
-25616.1720
-25616.3955
-25616.4403
-25618.0496
-25615.3674
-25618.2731
-25617.9825
-25622.6317
-25619.1448
-25623.6822
-25619.9942
-25620.4859
-25618.5413
-25623.8610
-25621.4694
-25623.1234
-25622.4976
-25626.4091
-25623.5928
-25626.9456
-25627.9067
-25627.8843
-25627.5491
-25626.4538
-25626.6773
-25626.2080
-25629.8513
-25622.4529
-25626.2080
-25623.3469
-25627.8843
-25623.6152
-25626.1409
-25627.1020
-25633.7629
-25631.1030
-25634.0758
-25631.1924
-25635.8863
-25632.5335
-25635.9310
-25635.8192
-25637.0039
-25634.0758
-25635.9533
-25636.8027
-25638.5908
-25633.6064
-25635.3945
-25637.8979
-25639.5520
-25639.8649
-25638.4791
-25638.7026
-25641.9212
-25642.0553
-25640.0213
-25642.4353
-25642.2118
-25645.2293
-25642.0553
-25644.8046
-25644.4470
-25645.6763
-25642.3459
-25646.8386
-25646.1010
-25653.9465
-25655.0194
-25655.8687
-25654.0135
-25651.6219
-25652.4713
-25653.6112
-25653.3877
-25650.2808
-25655.1758
-25648.7832
-25648.0903
-25646.9057
-25652.2701
-25651.4207
-25650.9066
-25647.7997
-25655.4887
-25653.9241
-25656.2264
-25651.5325
-25659.8473
-25659.0874
-25663.4460
-25653.2983
-25660.9649
-25659.9144
-25659.6238
-25658.0816
-25658.2604
-25653.1418
-25655.2429
-25655.5111
-25657.4557
-25656.5169
-25653.0077
-25657.0534
-25655.4887
-25658.2380
-25657.0534
-25662.2837
-25660.5626
-25664.2506
-25663.0660
-25665.5470
-25661.3673
-25666.4635
-25666.5529
-25672.2302
-25664.3400
-25667.0446
-25666.2176
-25666.4858
-25664.9659
-25669.9056
-25668.8104
-25665.0776
-25666.5529
-25669.7715
-25667.1787
-25663.6471
-25663.8259
-25661.0543
-25667.9387
-25667.6481
-25665.5023
-25660.3614
-25662.1049
-25664.6753
-25667.4693
-25666.6199
-25667.9163
-25663.1107
-25663.2225
-25661.7696
-25667.7152
-25666.6423
-25666.6870
-25670.2409
-25669.3021
-25667.1340
-25666.3070
-25667.4693
-25666.1952
-25669.3692
-25666.4411
-25665.4353
-25664.6306
-25668.3410
-25664.4965
-25667.6481
-25664.9659
-25668.4304
-25663.6918
-25665.6141
-25663.0660
-25668.8998
-25667.3352
-25671.0679
-25667.6481
-25671.0009
-25661.9037
-25666.3517
-25667.7599
-25669.1904
-25666.9328
-25665.8376
-25665.6364
-25666.5305
-25670.2185
-25668.2739
-25665.8600
-25668.4975
-25676.7453
-25673.3254
-25673.6384
-25669.9280
-25671.3808
-25667.3799
-25674.1972
-25671.4702
-25669.0563
-25668.0728
-25672.8337
-25668.5198
-25669.9950
-25668.2069
-25671.9396
-25669.7045
-25671.8502
-25668.1622
-25669.9280
-25668.3634
-25670.2633
-25669.4139
-25670.5091
-25674.3983
-25670.3527
-25673.6384
-25674.4207
-25677.8181
-25674.5995
-25674.1748
-25672.3867
-25675.8288
-25669.1680
-25671.5149
-25666.7093
-25672.0290
-25672.1408
-25676.8570
-25670.4421
-25673.9960
-25670.8220
-25673.4372
-25675.1583
-25676.6111
-25680.5674
-25675.3594
-25677.8852
-25676.6782
-25680.4109
-25682.6908
-25684.6131
-25678.2205
-25680.7015
-25681.6179
-25680.9697
-25674.8230
-25678.1087
-25675.0689
-25677.8628
-25673.6607
-25680.2098
-25672.6102
-25678.4663
-25676.3876
-25676.7676
-25674.4430
-25680.6568
-25677.3488
-25680.8356
-25677.1476
-25676.2759
-25676.8123
-25674.5771
-25674.4654
-25681.0144
-25678.0640
-25676.7229
-25682.3332
-25682.0650
-25682.6685
-25678.1311
-25685.0825
-25679.9639
-25683.6519
-25679.9192
-25681.9756
-25672.9231
-25679.8298
-25676.6111
-25677.4158
-25675.3818
-25679.0475
-25671.9620
-25675.5606
-25675.2700
-25673.7278
-25675.0912
-25672.5878
-25674.4654
-25675.7618
-25680.0310
-25678.1758
-25683.8531
-25677.7287
-25679.0698
-25676.5217
-25680.0980
-25680.2545
-25685.5518
-25678.4887
-25681.1262
-25676.3429
-25681.0144
-25682.6014
-25683.4061
-25682.1767
-25685.5742
-25681.3497
-25682.7132
-25681.6403
-25679.3157
-25682.6908
-25679.5392
-25677.5723
-25674.8230
-25679.0698
-25677.7511
-25678.3993
-25679.4275
-25684.0319
-25683.4284
-25685.8871
-25683.0037
-25681.9979
-25677.0358
-25681.4391
-25678.4887
-25680.6568
-25676.4547
-25680.0757
-25678.5781
-25682.6238
-25674.9571
-25678.8240
-25679.7404
-25682.7132
-25679.3157
-25678.2205
-25679.6063
-25681.6179
-25681.8862
-25681.1486
-25678.8687
-25678.1981
-25683.7190
-25677.7734
-25678.9134
-25677.3935
-25684.6801
-25681.2603
-25687.0941
-25684.6131
-25692.1903
-25687.2729
-25691.8774
-25687.3400
-25691.5868
-25686.6247
-25690.8269
-25687.7647
-25688.7481
-25685.4624
-25689.4187
-25688.5917
-25687.5411
-25687.5411
-25685.6860
-25689.5305
-25687.1612
-25689.7987
-25691.5645
-25693.5091
-25691.1845
-25691.9891
-25687.2729
-25694.7831
-25690.4692
-25691.0280
-25686.6694
-25693.2185
-25690.2457
-25695.7889
-25691.6986
-25694.9843
-25689.1505
-25691.5421
-25692.0115
-25693.1067
-25694.7384
-25698.2029
-25696.7948
-25697.6441
-25697.8900
-25701.9804
-25702.8074
-25698.1582
-25704.9755
-25701.2428
-25703.3662
-25696.2360
-25697.5994
-25690.6033
-25693.3750
-25689.5528
-25691.5198
-25685.6636
-25688.7258
-25687.0941
-25685.5071
-25684.4119
-25687.7870
-25688.0552
-25687.9435
-25689.7093
-25684.0766
-25683.2049
-25681.9756
-25684.2331
-25684.5684
-25684.9260
-25680.4556
-25681.7968
-25679.8969
-25684.0766
-25678.8240
-25679.4722
-25672.9455
-25674.1748
-25671.0903
-25677.4605
-25668.6092
-25674.1748
-25672.6325
-25675.4265
-25674.1078
-25670.1068
-25672.9231
-25670.9115
-25672.8561
-25670.1962
-25666.5976
-25665.3459
-25668.0728
-25667.3575
-25666.8881
-25669.0786
-25673.9513
-25671.0456
-25674.8901
-25668.0057
-25672.1184
-25669.1233
-25669.5033
-25662.3954
-25662.6190
-25657.6792
-25661.1437
-25655.7346
-25657.4557
-25652.1583
-25657.5004
-25649.6326
-25651.2866
-25652.4266
-25652.9630
-25653.8347
-25655.6899
-25653.3430
-25656.1146
-25652.5383
-25652.7395
-25654.5500
-25648.4032
-25650.6161
-25643.7988
-25643.4859
-25639.5743
-25645.6763
-25640.2672
-25641.3177
-25639.6190
-25641.7871
-25636.2439
-25640.0213
-25639.3508
-25641.9436
-25638.1438
-25638.9485
-25638.4791
-25636.3780
-25636.9815
-25634.0311
-25633.0252
-25636.6239
-25637.2721
-25634.8134
-25640.0884
-25639.9766
-25644.9164
-25640.6695
-25641.9436
-25639.3955
-25642.2565
-25631.8630
-25636.9592
-25634.4111
-25636.5345
-25635.1934
-25639.0155
-25635.3275
-25639.3061
-25638.8814
-25641.6754
-25640.5578
-25641.4071
-25640.6472
-25638.2556
-25640.2225
-25639.1943
-25639.5296
-25640.5131
-25641.1613
-25638.4567
-25641.9436
-25636.1992
-25639.4402
-25643.5529
-25651.7560
-25645.1399
-25651.0631
-25649.1632
-25650.4373
-25648.6044
-25650.1243
-25646.1234
-25649.5208
-25651.1302
-25652.2254
-25651.0855
-25652.8959
-25658.3721
-25656.2264
-25652.7171
-25653.6112
-25655.3323
-25652.2030
-25654.5723
-25650.9960
-25656.4722
-25653.0301
-25659.2662
-25649.4314
-25653.0971
-25650.2584
-25653.8124
-25653.5441
-25659.1544
-25657.2545
-25660.4508
-25656.9193
-25661.3896
-25663.1777
-25663.5130
-25662.1272
-25662.0155
-25664.4071
-25670.0621
-25669.3021
-25667.8269
-25669.3692
-25667.6481
-25673.4819
-25667.7152
-25671.3585
-25665.7929
-25669.9280
-25667.5363
-25671.6491
-25669.2798
-25674.9348
-25672.0290
-25677.2146
-25668.2739
-25672.0067
-25671.2914
-25672.8113
-25672.5878
-25674.9571
-25671.3361
-25673.5043
-25673.0796
-25677.6393
-25674.7112
-25675.1136
-25679.0251
-25676.2982
-25679.9639
-25679.6510
-25685.3283
-25683.1379
-25688.9717
-25682.4450
-25686.2447
-25686.6694
-25691.8327
-25691.4527
-25692.8832
-25691.6986
-25694.3808
-25694.5149
-25694.7831
-25695.9454
-25701.2204
-25700.0581
-25701.9357
-25703.3438
-25701.7122
-25701.2875
-25700.7287
-25705.2884
-25705.5343
-25708.0153
-25703.4109
-25701.1981
-25696.8395
-25700.0805
-25701.1981
-25704.3497
-25700.7287
-25700.1475
-25698.7394
-25702.6509
-25694.3361
-25701.6451
-25696.9512
-25700.7063
-25698.8735
-25702.2933
-25705.6014
-25701.5780
-25702.0027
-25702.0698
-25707.0319
-25708.3730
-25709.0659
-25705.7355
-25706.6519
-25705.6461
-25710.2729
-25705.9813
-25706.9872
-25707.3671
-25705.5790
-25703.3438
-25707.0989
-25705.6237
-25707.9483
-25707.6577
-25709.8482
-25708.9988
-25712.3739
-25711.6140
-25715.2573
-25713.2680
-25717.0007
-25716.7996
-25717.6489
-25723.3039
-25723.7063
-25722.7899
-25724.3768
-25726.4555
-25723.4381
-25725.2485
-25720.8005
-25725.2485
-25723.9074
-25727.9531
-25721.2699
-25725.2932
-25725.0250
-25727.8637
-25720.6217
-25720.2641
-25721.2029
-25728.2213
-25724.7345
-25727.4837
-25725.2262
-25726.4555
-25724.5556
-25724.5333
-25726.2544
-25726.8132
-25724.1533
-25722.5440
-25722.7004
-25722.2087
-25723.3263
-25723.3710
-25721.0464
-25717.9619
-25720.4876
-25718.9454
-25726.7014
-25724.6897
-25727.7072
-25723.7286
-25727.9531
-25723.1922
-25727.6625
-25727.0143
-25729.8083
-25728.5119
-25729.2719
-25729.2495
-25733.7646
-25735.1057
-25733.1834
-25734.2339
-25732.8928
-25732.8258
-25732.1329
-25731.8870
-25730.4565
-25742.1018
-25731.2388
-25733.7199
-25731.2612
-25732.1105
-25731.6635
-25739.1513
-25737.0503
-25743.7334
-25740.2242
-25743.4652
-25738.3467
-25742.7947
-25742.1688
-25744.0464
-25743.2864
-25746.6839
-25742.6158
-25742.6829
-25740.4701
-25740.9395
-25745.0745
-25742.9511
-25745.4098
-25744.7840
-25751.3330
-25744.0911
-25745.5439
-25746.0357
-25752.2494
-25748.7179
-25749.2990
-25745.4992
-25750.1260
-25747.7344
-25751.3330
-25749.5002
-25754.6187
-25754.7975
-25758.1950
-25756.0716
-25756.8763
-25755.0434
-25753.2329
-25753.9705
-25754.5293
-25751.1542
-25746.8627
-25748.6732
-25743.2417
-25745.0298
-25746.3933
-25751.1095
-25750.5284
-25751.9589
-25751.0872
-25759.4914
-25752.8529
-25760.1843
-25756.5186
-25758.3738
-25755.8704
-25761.7489
-25757.1892
-25758.9103
-25756.9657
-25759.5585
-25759.4020
-25760.4078
-25758.2844
-25756.4069
-25760.3855
-25760.2514
-25762.8889
-25761.3913
-25764.7441
-25760.0726
-25765.1911
-25763.7829
-25768.4768
-25768.8791
-25772.2096
-25767.1581
-25767.4039
-25766.1969
-25774.4000
-25768.0074
-25770.7343
-25768.2086
-25773.6624
-25766.0628
-25769.8179
-25769.7732
-25769.9073
-25769.8179
-25771.3825
-25773.7071
-25765.8617
-25771.7625
-25771.0026
-25774.9588
-25772.1425
-25775.4506
-25774.7130
-25775.7188
-25770.3320
-25773.2377
-25770.3097
-25779.6527
-25776.3446
-25775.8976
-25771.8966
-25777.1716
-25774.1765
-25776.7470
-25775.5176
-25776.1211
-25777.3952
-25779.6303
-25772.6789
-25775.8082
-25776.7693
-25775.5176
-25776.5234
-25775.6741
-25774.9141
-25772.9025
-25776.3670
-25776.2776
-25777.7081
-25774.6459
-25782.7372
-25779.7868
-25785.7547
-25785.7994
-25791.0968
-25784.9501
-25785.4865
-25785.0171
-25788.3475
-25784.1007
-25788.7498
-25786.0453
-25786.3582
-25782.6255
-25785.2853
-25787.0064
-25784.6148
-25787.2299
-25782.6478
-25785.4418
-25778.3786
-25783.9889
-25782.8937
-25783.1619
-25783.7654
-25788.2358
-25789.0181
-25792.4602
-25792.6838
-25801.6021
-25793.9355
-25798.0482
-25796.9976
-25803.0550
-25799.7916
-25801.5574
-25801.6245
-25805.0219
-25800.3504
-25800.5069
-25802.4738
-25805.4019
-25805.4466
-25805.0443
-25806.5418
-25805.2678
-25807.0559
-25803.0550
-25802.8314
-25802.7197
-25805.4913
-25800.5739
-25803.9714
-25795.5001
-25800.4845
-25801.0880
-25804.3961
-25806.3854
-25800.1492
-25799.9704
-25803.0103
-25806.0948
-25807.2571
-25806.2289
-25804.9102
-25805.1337
-25806.1619
-25804.1055
-25799.1658
-25801.7362
-25799.5904
-25803.9714
-25801.3562
-25803.9267
-25801.6245
-25808.5311
-25810.1181
-25814.0073
-25808.5982
-25809.6934
-25808.8664
-25812.0180
-25807.6147
-25806.5195
-25801.3115
-25800.4622
-25800.0598
-25806.4524
-25803.4796
-25803.7926
-25805.7595
-25808.3747
-25810.0064
-25809.4252
-25809.9170
-25806.6312
-25809.4699
-25808.6429
-25811.9286
-25808.3970
-25809.6487
-25807.5924
-25813.8509
-25810.3193
-25812.9568
-25806.0277
-25810.0064
-25810.9004
-25815.2367
-25812.5992
-25818.1424
-25818.1424
-25816.8460
-25815.1696
-25814.4767
-25816.3543
-25816.7342
-25815.0802
-25818.7012
-25824.2891
-25818.4777
-25817.5389
-25817.9189
-25821.7410
-25816.5331
-25823.2833
-25820.3776
-25823.4845
-25822.7692
-25826.1667
-25822.3222
-25824.7138
-25818.5671
-25822.5680
-25816.2201
-25821.1375
-25819.3941
-25818.4106
-25819.5729
-25821.2269
-25819.2376
-25822.6127
-25821.6293
-25825.2726
-25821.1822
-25820.9587
-25822.7245
-25820.8693
-25825.8090
-25821.3387
-25828.6254
-25826.5243
-25830.3017
-25823.9091
-25832.6487
-25826.9043
-25833.1851
-25827.9772
-25830.3241
-25825.2950
-25828.4689
-25829.1171
-25831.6428
-25828.9830
-25832.1793
-25824.0880
-25825.5185
-25827.1278
-25826.8149
-25825.8090
-25825.4514
-25832.2463
-25824.3785
-25827.6642
-25829.0500
-25828.2677
-25821.4952
-25823.7303
-25817.5389
-25824.5573
-25821.9869
-25825.0938
-25817.8742
-25816.8236
-25821.1375
-25820.4670
-25815.8625
-25817.4942
-25818.8129
-25818.1647
-25820.0199
-25823.9762
-25816.0860
-25814.4767
-25815.3931
-25815.1026
-25814.7002
-25811.0345
-25811.2357
-25808.9558
-25813.0015
-25809.6040
-25814.9684
-25812.4203
-25813.1803
-25809.9617
-25816.9801
-25812.8674
-25812.6439
-25804.8208
-25807.6818
-25801.8703
-25801.4680
-25800.1492
-25801.4233
-25799.0987
-25802.2727
-25802.3844
-25798.4282
-25800.9986
-25796.0812
-25800.0151
-25796.8859
-25801.2668
-25799.6351
-25802.0938
-25804.7090
-25809.1793
-25805.4690
-25811.7498
-25810.0511
-25812.5545
-25803.1667
-25808.3523
-25801.6245
-25801.9821
-25801.1104
-25803.1444
-25803.4573
-25800.8868
-25803.9714
-25806.4748
-25804.8208
-25805.5584
-25805.9160
-25805.4242
-25808.8441
-25807.8829
-25810.9451
-25805.9607
-25810.9898
-25809.2464
-25803.4796
-25800.2610
-25803.8149
-25799.7693
-25802.7197
-25801.1551
-25808.4864
-25800.5516
-25804.2620
-25801.8256
-25806.3407
-25807.6594
-25812.7780
-25804.7090
-25805.2007
-25803.2785
-25806.2289
-25805.2007
-25805.0666
-25805.6701
-25807.3912
-25811.8839
-25804.4184
-25803.8820
-25799.7022
-25801.6245
-25797.5564
-25804.7313
-25799.4563
-25804.2396
-25799.5457
-25801.7586
-25799.5681
-25796.7965
-25797.3776
-25794.7625
-25790.0686
-25795.5448
-25790.7839
-25791.2532
-25791.2756
-25794.2931
-25793.3096
-25790.8286
-25795.6342
-25797.1541
-25801.0657
-25797.6905
-25799.6351
-25801.9597
-25810.3416
-25804.0831
-25810.7887
-25806.9442
-25810.6993
-25806.2289
-25805.4466
-25800.8645
-25804.3961
-25796.1036
-25803.7032
-25795.6118
-25807.0559
-25796.8859
-25802.0268
-25806.7207
-25803.2785
-25802.1832
-25806.3630
-25812.5098
-25808.8441
-25818.4553
-25814.1191
-25820.6905
-25812.4427
-25819.8188
-25811.5263
-25815.5496
-25814.3649
-25813.6720
-25806.8548
-25816.4437
-25814.6555
-25818.5224
-25814.4097
-25815.3931
-25810.6322
-25817.2483
-25813.3815
-25822.1210
-25816.8460
-25817.7624
-25818.0083
-25822.2998
-25822.2775
-25829.3183
-25823.0151
-25824.6020
-25826.8372
-25828.4018
-25834.9956
-25827.2619
-25825.8761
-25819.3717
-25822.5233
-25823.1268
-25822.2551
-25814.6332
-25823.4621
-25819.3941
-25820.2435
-25827.7536
-25824.7809
-25823.5292
-25823.5515
-25824.7362
-25827.6642
-25829.4747
-25826.7031
-25830.4359
-25823.7974
-25824.0656
-25827.2172
-25826.0996
-25826.8819
-25833.5651
-25833.0510
-25828.0219
-25828.6254
-25828.7595
-25828.2901
-25830.9052
-25832.1346
-25835.3979
-25833.5204
-25833.0063
-25826.8372
-25829.4077
-25817.2930
-25834.4368
-25838.3931
-25833.9898
-25831.6428
-25834.7944
-25837.3425
-25838.6166
-25833.9451
-25831.9334
-25839.5554
-25840.7177
-25840.3600
-25840.2036
-25845.8586
-25841.5447
-25839.4883
-25840.8294
-25850.6418
-25847.4232
-25851.9159
-25840.2259
-25842.5505
-25843.6681
-25844.3386
-25839.6895
-25843.2434
-25843.5116
-25846.7526
-25845.3668
-25834.7944
-25839.3765
-25844.1151
-25846.3279
-25841.3659
-25840.6953
-25838.9742
-25838.2590
-25834.8168
-25839.1307
-25837.3202
-25839.3765
-25837.8119
-25842.6399
-25834.4815
-25841.4553
-25835.8897
-25839.6001
-25841.5000
-25846.0374
-25843.2658
-25848.0714
-25843.4446
-25844.3163
-25844.2045
-25841.3882
-25844.3833
-25850.0160
-25848.6749
-25845.4115
-25851.7147
-25850.3960
-25845.5009
-25853.7264
-25858.6885
-25856.1627
-25858.5096
-25855.7157
-25857.5262
-25854.8663
-25856.9897
-25851.7371
-25857.3921
-25853.3017
-25855.0898
-25855.0004
-25855.9168
-25858.3755
-25869.1267
-25864.3658
-25858.5320
-25855.7157
-25854.4193
-25858.1297
-25857.9061
-25863.6729
-25864.0752
-25864.7681
-25857.7944
-25863.2706
-25865.9304
-25867.0257
-25860.2754
-25866.2657
-25862.3541
-25864.8799
-25860.6778
-25864.1423
-25859.7837
-25861.4154
-25861.4824
-25864.1199
-25861.9295
-25865.5057
-25862.4883
-25864.0529
-25867.3609
-25865.3269
-25869.8196
-25867.8527
-25868.2550
-25865.6846
-25870.2890
-25869.6185
-25865.2599
-25863.3153
-25860.2307
-25861.1471
-25866.5116
-25863.6729
-25868.7691
-25865.8410
-25869.3949
-25867.6515
-25873.6865
-25831.3523
-25875.4746
-25881.8449
-25879.5426
-25876.1675
-25873.9994
-25869.1267
-25871.9207
-25872.0772
-25869.1714
-25871.9654
-25865.8187
-25870.8255
-25866.3104
-25868.3891
-25866.4892
-25870.1996
-25868.0091
-25871.1831
-25867.7186
-25864.4999
-25861.9518
-25865.9304
-25861.4377
-25865.7069
-25862.0189
-25863.2929
-25859.3814
-25860.4319
-25859.3367
-25859.8060
-25858.5320
-25854.7545
-25851.9159
-25851.3124
-25850.4630
-25847.1997
-25852.8770
-25844.4057
-25848.2949
-25842.7740
-25851.4018
-25844.7186
-25846.7079
-25841.7235
-25843.2434
-25838.2143
-25840.2036
-25833.9898
-25839.2424
-25829.8994
-25828.9383
-25826.8596
-25823.9762
-25823.7080
-25823.5292
-25818.0083
-25821.3163
-25816.6001
-25810.1405
-25811.7274
-25809.3135
-25807.6594
-25805.2901
-25807.8159
-25804.1949
-25801.7362
-25797.5117
-25799.7022
-25798.6964
-25801.8480
-25797.1541
-25801.1774
-25793.4884
-25795.3436
-25790.3145
-25789.4875
-25788.8840
-25785.7547
-25780.9938
-25779.9880
-25774.9365
-25771.6508
-25768.3204
-25768.0745
-25766.3758
-25767.6051
-25768.4768
-25759.9161
-25756.8763
-25753.4117
-25760.3408
-25756.4069
-25760.1620
-25758.8879
-25764.1182
-25758.7538
-25761.3019
-25756.3845
-25759.6702
-25754.5964
-25757.5915
-25748.4720
-25754.2611
-25755.8257
-25754.4176
-25751.9365
-25748.8520
-25751.1319
-25752.2718
-25751.6683
-25748.8073
-25747.5556
-25746.8180
-25750.0366
-25744.2028
-25745.0075
-25743.6440
-25743.7111
-25738.8161
-25744.2252
-25743.3311
-25744.5381
-25741.8335
-25743.1970
-25740.6042
-25745.8792
-25746.5274
-25747.0638
-25745.2757
-25747.2650
-25746.4380
-25750.8413
-25752.2271
-25748.8296
-25750.0590
-25748.6955
-25755.7587
-25753.5906
-25754.5964
-25753.1435
-25756.0492
-25753.0988
-25753.1659
-25748.7626
-25752.3165
-25747.1085
-25753.4341
-25751.1542
-25751.7130
-25750.0813
-25756.8092
-25754.7305
-25759.7149
-25758.2844
-25760.0726
-25759.4914
-25760.0502
-25759.0220
-25759.2232
-25763.7606
-25762.8889
-25766.8675
-25763.5594
-25770.6449
-25772.9472
-25763.1795
-25666.4858
-25794.4942
-25823.9315
-25807.8829
-25789.5545
-25785.4418
-25775.6070
-25779.0492
-25777.9316
-25783.7431
-25779.1833
-25783.1619
-25780.1221
-25779.9880
-25778.8257
-25784.3689
-25788.9510
-25790.1804
-25790.1133
-25790.7839
-25793.1755
-25795.5001
-25795.9248
-25793.6002
-25800.4845
-25797.9364
-25800.7974
-25795.2319
-25800.7304
-25795.9248
-25804.4184
-25797.1541
-25803.8149
-25805.1337
-25808.0841
-25805.9607
-25811.6604
-25811.8168
-25815.1026
-25813.8732
-25816.4437
-25819.7070
-25821.5399
-25819.9752
-25820.1093
-25819.8411
-25826.4349
-25821.7187
-25825.2055
-25826.9266
-25827.2619
-25831.6652
-25826.2561
-25831.4864
-25833.9674
-25840.4494
-25835.5768
-25840.9859
-25842.7070
-25848.1608
-25846.3279
-25848.9878
-25848.2725
-25852.1170
-25853.3911
-25851.7818
-25851.5806
-25851.4688
-25854.7769
-25858.4873
-25860.0966
-25856.9674
-25861.0801
-25858.4202
-25863.3153
-25858.2638
-25862.5553
-25859.4484
-25864.0752
-25862.3318
-25867.5845
-25865.1928
-25871.8983
-25868.2997
-25873.3512
-25868.6126
-25872.0772
-25871.0490
-25876.7710
-25876.2569
-25878.3580
-25875.0276
-25878.4921
-25879.7885
-25882.0460
-25878.3356
-25877.6427
-25878.8050
-25873.5300
-25881.5766
-25875.4076
-25883.4095
-25878.9168
-25871.0043
-25843.9140
-25900.4639
-25897.8711
-25894.4960
-25889.1986
-25892.3725
-25886.0693
-25888.7292
-25888.9304
-25891.2326
-25889.6456
-25894.2724
-25885.8682
-25891.2102
-25893.7360
-25892.8419
-25890.2491
-25890.9420
-25895.5688
-25892.5961
-25895.7253
-25890.2938
-25896.5076
-25896.0606
-25901.8497
-25896.5300
-25899.4804
-25896.7311
-25902.0061
-25900.4639
-25902.4979
-25899.8604
-25904.3307
-25900.3745
-25904.2190
-25908.3764
-25904.8895
-25905.5377
-25904.2860
-25907.5941
-25908.0858
-25910.5222
-25907.0800
-25912.8914
-25910.2986
-25914.4784
-25914.1878
-25915.2384
-25910.8127
-25910.5669
-25910.3657
-25916.2442
-25914.6572
-25917.0265
-25914.5902
-25912.9361
-25909.9187
-25914.6572
-25912.2432
-25916.1548
-25915.9760
-25920.4016
-25919.2840
-25921.2957
-25919.2393
-25919.5523
-25918.8817
-25921.4075
-25922.3909
-25921.9662
-25924.4696
-25919.8652
-25924.6708
-25919.8875
-25922.6368
-25922.1451
-25923.5085
-25923.3521
-25923.9556
-25922.9274
-25925.5202
-25926.7495
-25933.3433
-25928.7388
-25932.3598
-25935.1985
-25937.9254
-25933.9915
-25936.8972
-25938.0819
-25936.9643
-25938.2830
-25934.4162
-25935.4443
-25931.7116
-25933.4103
-25931.8457
-25938.1489
-25934.1479
-25937.3889
-25937.3442
-25943.1557
-25938.2830
-25940.4064
-25939.3112
-25941.3899
-25941.7475
-25941.2558
-25935.9361
-25937.3889
-25938.4842
-25943.0663
-25938.1936
-25937.4113
-25936.3161
-25939.1771
-25940.0935
-25938.3501
-25943.0216
-25941.7252
-25939.5124
-25937.5007
-25938.0595
-25935.6232
-25941.1887
-25940.1382
-25942.9322
-25941.8146
-25946.5532
-25942.9098
-25946.9108
-25942.2169
-25945.7038
-25941.8816
-25945.9497
-25944.6756
-25946.0614
-25945.0332
-25944.1168
-25944.3627
-25942.6416
-25941.8816
-25946.2626
-25947.0673
-25945.2791
-25945.3015
-25944.5415
-25948.2966
-25944.9438
-25948.3413
-25947.6931
-25950.6882
-25945.6814
-25948.2295
-25946.1732
-25951.7388
-25950.1294
-25949.1236
-25945.0779
-25946.7767
-25943.2898
-25945.5250
-25945.1897
-25948.0060
-25945.4579
-25944.5639
-25946.5085
-25946.5308
-25946.8661
-25946.3967
-25945.4132
-25949.1236
-25950.3083
-25947.4249
-25949.7048
-25948.9224
-25952.8340
-25951.9176
-25948.2519
-25947.2014
-25951.1353
-25948.3860
-25945.1674
-25941.5687
-25942.6193
-25941.1217
-25943.4686
-25938.2160
-25938.7301
-25939.3559
-25935.1761
-25930.2811
-25937.0537
-25928.6047
-25816.0637
-25784.3689
-25802.4962
-25836.9402
-25861.9295
-25877.8886
-25886.6728
-25901.4697
-25905.7836
-25914.7466
-25910.2092
-25915.5289
-25912.6009
-25915.1043
-25907.5494
-25911.7738
-25909.4940
-25908.7787
-25957.7067
-26183.0793
-26128.8316
-26026.2595
-25959.5619
-25925.1402
-25910.7010
-25897.5358
-25895.3453
-25892.4172
-25894.1830
-25886.8964
-25892.2161
-25887.2093
-25893.4454
-25889.4221
-25891.0538
-25884.4153
-25888.9304
-25884.6165
-25888.1257
-25884.8400
-25889.5115
-25885.0859
-25886.0246
-25881.8896
-25883.3648
-25883.8342
-25882.0684
-25878.8721
-25881.7778
-25883.3424
-25879.6320
-25879.5873
-25878.3580
-25878.6262
-25873.9547
-25876.9722
-25875.5864
-25877.0169
-25870.0655
-25873.7535
-25872.5689
-25876.7710
-25872.3454
-25875.6311
-25871.5407
-25875.6087
-25875.2958
-25877.3969
-25875.5193
-25877.0392
-25875.2064
-25876.2122
-25877.9557
-25875.3405
-25879.1403
-25877.9557
-25878.7827
-25873.3065
-25876.1452
-25878.6709
-25874.8264
-25872.5018
-25877.0392
-25874.9158
-25878.9838
-25874.9158
-25875.2958
-25871.8089
-25880.7943
-25875.3405
-25875.0276
-25870.2443
-25877.3075
-25875.6981
-25876.5699
-25876.3016
-25876.7710
-25881.8449
-25878.8274
-25878.7380
-25878.6486
-25882.5154
-25881.2414
-25882.2025
-25880.8167
-25884.7729
-25880.5038
-25882.7166
-25881.3755
-25885.8905
-25883.8565
-25887.3657
-25887.9022
-25890.5620
-25885.3317
-25890.4726
-25886.2035
-25890.6291
-25888.7739
-25891.9031
-25890.6291
-25888.6621
-25890.6067
-25892.4619
-25895.4347
-25892.5513
-25895.0547
-25895.7253
-25898.9439
-25893.7583
-25898.8098
-25897.1782
-25902.6320
-25898.0275
-25901.7379
-25896.9770
-25902.6096
-25896.9099
-25901.7156
-25900.3298
-25901.0450
-25895.5241
-25902.2744
-25898.2063
-25904.3978
-25901.6262
-25905.0460
-25906.5882
-25908.8458
-25909.5610
-25911.7068
-25912.0197
-25907.8176
-25910.5669
-25906.4541
-25914.0984
-25911.1033
-25914.7019
-25912.3550
-25914.6572
-25912.0421
-25916.6018
-25915.6854
-25919.9769
-25918.8594
-25924.3355
-25922.3462
-25925.1625
-25921.9439
-25927.3977
-25928.4483
-25931.3316
-25932.9410
-25934.1479
-25933.5444
-25934.5950
-25937.4784
-25935.1091
-25941.0993
-25939.3112
-25943.6027
-25940.6970
-25946.2402
-25945.1003
-25949.6154
-25948.9448
-25954.4880
-25947.6931
-25950.9565
-25951.4035
-25957.1255
-25950.4200
-25952.1411
-25950.9565
-25955.6503
-25951.1800
-25954.2198
-25959.0701
-25963.2723
-25963.1605
-25965.6863
-25965.8427
-25964.8145
-25966.0439
-25966.5133
-25967.6309
-25968.3685
-25973.3306
-25968.5026
-25970.5589
-25969.7543
-25972.3694
-25966.0662
-25969.8884
-25971.0954
-25972.7047
-25969.5531
-25973.0176
-25970.2907
-25972.6153
-25969.5308
-25971.0507
-25971.4083
-25970.1566
-25968.1002
-25965.5521
-25963.2052
-25960.7242
-25959.5395
-25953.4375
-25954.9351
-25948.4531
-25957.0138
-25947.6931
-25950.9788
-25944.6086
-25945.7932
-25939.5794
-25938.2607
-25931.8234
-25932.0916
-25929.2306
-25924.3802
-25915.7972
-25913.2714
-25906.2977
-25910.6116
-25907.6835
-25903.9507
-25902.5426
-25906.0071
-25908.6893
-25907.0576
-25900.9333
-25897.1782
-25903.5931
-25896.0159
-25898.0052
-25898.8322
-25899.5251
-25895.3453
-25898.9887
-25898.3628
-25898.8322
-25897.2899
-25897.5358
-25899.2569
-25899.4804
-25897.4911
-25897.8711
-25898.9216
-25896.8429
-25894.2054
-25894.1607
-25891.8584
-25887.7457
-25889.8915
-25889.5786
-25895.0994
-25891.7243
-25890.3385
-25890.9420
-25896.8429
-25896.0382
-25892.9090
-25892.4843
-25897.5805
-25892.7749
-25893.3560
-25886.9411
-25895.2336
-25891.6573
-25889.4668
-25882.1354
-25886.1140
-25881.1073
-25886.1811
-25878.2686
-25880.5038
-25874.1335
-25877.5310
-25876.2122
-25874.8041
-25876.2569
-25867.8303
-25873.0383
-25872.1442
-25876.4804
-25872.7924
-25877.7321
-25878.8944
-25879.1180
-25880.1014
-25884.0577
-25888.4610
-25880.4144
-25878.7380
-25887.8575
-25886.1140
-25885.5776
-25885.4658
-25886.8964
-25885.7788
-25885.8235
-25886.6058
-25890.4279
-25891.9255
-25885.9576
-25884.5941
-25885.7117
-25889.8468
-25886.7175
-25884.5047
-25884.1247
-25885.2870
-25886.1364
-25888.9527
-25884.7729
-25890.7856
-25883.9459
-25893.7360
-25892.1714
-25894.8089
-25891.7690
-25898.5640
-25896.8876
-25897.6699
-25895.8147
-25897.7370
-25899.2792
-25898.6757
-25899.2792
-25902.8108
-25905.3589
-25904.5095
-25905.1130
-25904.5542
-25908.1976
-25906.4094
-25910.3880
-25910.0975
-25919.2840
-25912.0421
-25917.2724
-25911.6844
-25917.2053
-25910.8351
-25917.4288
-25915.6631
-25919.2617
-25913.5396
-25915.6854
-25913.9867
-25914.6796
-25913.5620
-25915.1266
-25917.2500
-25916.9818
-25918.5017
-25922.3239
-25925.3190
-25923.9556
-25930.4152
-25931.4210
-25930.9293
-25925.3414
-25931.4657
-25928.7388
-25932.1586
-25930.9740
-25936.5619
-25934.5279
-25941.9934
-25944.1615
-25948.6542
-25950.5541
-25949.6824
-25946.9778
-25948.0284
-25950.3753
-25953.9963
-25950.9788
-25954.5774
-25954.3986
-25955.6727
-25958.8019
-25959.0701
-25964.1887
-25961.4394
-25963.0711
-25964.7251
-25968.5696
-25968.0779
-25972.5035
-25972.7494
-25975.2081
-25971.8553
-25978.5609
-25976.8398
-25981.6007
-25979.5220
-25983.0089
-25986.2499
-25988.5297
-25991.1225
-25995.1682
-25992.5307
-25994.9000
-25998.9457
-26001.0020
-25999.1692
-25998.2527
-26002.3878
-26000.1079
-26003.2148
-25996.7999
-26002.9466
-26004.1313
-26001.9184
-26001.2926
-26005.3606
-26001.4043
-26008.1546
-26002.0302
-26006.8582
-26007.5064
-26008.5122
-26003.8183
-26006.9029
-26006.6123
-26006.6794
-26008.5346
-26012.4238
-26011.5297
-26007.8640
-26007.5511
-26008.2440
-26012.9825
-26011.9991
-26014.7483
-26009.4957
-26009.4733
-26004.5559
-26011.2838
-26012.0885
-26013.5637
-26012.6696
-26010.1662
-26011.5967
-26016.6929
-26011.1050
-26014.6589
-26012.1332
-26015.3742
-26014.5919
-26016.0671
-26013.7649
-26009.6745
-26011.6861
-26009.4733
-26008.8698
-26005.3606
-26012.7590
-26005.2712
-26008.2440
-26002.7231
-26010.0768
-26006.9699
-26009.4733
-26008.3557
-26014.3460
-26011.8650
-26012.5802
-26008.3781
-26013.2508
-26013.2284
-26018.3246
-26010.8815
-26009.3616
-26011.4179
-26013.0273
-26010.2333
-26008.9369
-26009.1604
-26012.4908
-26011.3509
-26007.4840
-26007.6181
-26005.6065
-26006.2323
-26005.6288
-26010.9709
-26010.2109
-26009.3392
-26005.4277
-26006.9699
-26007.3052
-26012.3567
-26009.4063
-26010.7250
-26002.4996
-26002.2537
-25996.6434
-25999.5939
-25999.1692
-25999.0798
-25999.5268
-25997.4257
-25996.3529
-25999.6386
-26000.2421
-26004.2430
-26002.6784
-26001.5832
-26004.0419
-26003.2148
-26004.3548
-26007.1040
-26007.5064
-26006.9029
-26004.6677
-26003.4607
-26009.8086
-26006.8135
-26008.4004
-26004.6677
-26009.2945
-26008.4228
-26010.9262
-26011.3285
-26010.9709
-26009.1380
-26010.7250
-26009.4510
-26007.0593
-26010.2333
-26006.6794
-26004.9806
-26007.2829
-26013.2284
-26006.4111
-26010.2556
-26007.9981
-26014.7483
-26014.9495
-26012.9825
-26013.3849
-26019.9786
-26016.7823
-26022.5714
-26019.7775
-26026.6395
-26027.0641
-26030.6404
-26026.4159
-26027.9135
-26027.3547
-26027.3994
-26029.6793
-26031.5121
-26031.1545
-26031.2886
-26032.8085
-26036.2731
-26028.4947
-26026.9971
-26022.7279
-26018.8164
-26022.9738
-26018.5705
-26023.0185
-26019.3975
-26021.4315
-26020.1575
-26015.0613
-26012.7367
-26017.9670
-26016.9165
-26021.1409
-26018.4587
-26022.8397
-26017.0729
-26021.4315
-26020.5374
-26017.7211
-26019.1740
-26026.0807
-26025.4101
-26024.9631
-26028.0476
-26028.6288
-26030.5287
-26029.7687
-26032.4062
-26029.8581
-26029.7017
-26028.7405
-26038.0836
-26033.5909
-26037.8153
-26039.0447
-26042.2857
-26039.6929
-26041.8163
-26042.4645
-26042.8221
-26040.0058
-26040.7881
-26039.6929
-26038.8659
-26041.8834
-26044.1409
-26044.6773
-26045.1244
-26049.8629
-26044.4538
-26050.0417
-26051.4275
-26050.0864
-26051.4946
-26062.4470
-26050.9135
-26056.4790
-26054.2439
-26058.0213
-26052.8581
-26057.7531
-26052.5675
-26057.1943
-26050.1759
-26053.9533
-26052.5228
-26055.1156
-26055.3391
-26056.7696
-26058.0884
-26059.6977
-26056.6802
-26054.5344
-26054.6015
-26047.6054
-26057.6190
-26058.5801
-26058.8930
-26054.1098
-26054.0427
-26049.0806
-26057.3508
-26059.4295
-26063.8328
-26060.0777
-26064.0786
-26062.3799
-26066.8726
-26064.3022
-26066.9844
-26064.9504
-26066.7385
-26065.1962
-26068.5937
-26067.7890
-26072.0806
-26066.4703
-26069.7336
-26075.2322
-26074.4945
-26075.8580
-26075.2769
-26077.1321
-26072.5499
-26078.1155
-26074.8075
-26081.9153
-26080.9319
-26088.3526
-26082.3624
-26086.2516
-12412.2143
-25058.0266
-25061.7594
-25057.2667
-25057.8702
-25061.2006
-25057.9149
-25051.7681
-25054.7633
-25044.6156
-25044.1015
-25034.6243
-25041.4416
-25035.6749
-25033.3726
-25030.3552
-25034.7585
-25031.8304
-25035.5631
-25033.1715
-25032.2774
-25033.9761
-25036.9489
-25040.1229
-25044.4815
-25042.5145
-25033.9761
-25041.0393
-25038.2453
-25036.4125
-25038.6700
-25037.9324
-25035.3619
-25036.3007
-25037.9548
-25041.5087
-25036.0772
-25041.8216
-25042.3580
-25038.3124
-25046.2472
-25041.9781
-25032.1433
-25035.1608
-25034.7808
-25042.7157
-25038.0218
-25039.8994
-25040.9722
-25049.1977
-25045.7108
-25046.1131
-25046.2025
-25056.8420
-25050.6505
-25047.7895
-25052.5951
-25053.8915
-25057.4008
-25056.6632
-25057.4008
-25052.7963
-25053.9586
-25051.7011
-25062.5193
-25055.1209
-25059.0772
-25060.9547
-25062.1393
-25060.4853
-25066.8109
-25059.5912
-25062.3852
-25056.4620
-25062.1170
-25059.7477
-25063.5475
-25061.1782
-25068.7108
-25069.2695
-25067.4591
-25066.1850
-25069.4707
-25073.2482
-25068.1967
-25074.5446
-25072.6000
-25068.8002
-25077.2491
-25082.6582
-25080.8477
-25078.7690
-25078.8808
-25082.4794
-25083.4853
-25084.9828
-25082.3230
-25082.7029
-25086.5698
-25089.8779
-25085.4746
-25086.2345
-25084.9158
-25093.0071
-25091.5319
-25091.2860
-25090.7272
-25092.6718
-25103.2889
-25098.7962
-25097.5222
-25097.4327
-25091.9119
-25093.3424
-25103.8477
-25107.3346
-25110.5756
-25111.6485
-25110.6873
-25111.9167
-25116.8564
-25116.6776
-25126.4677
-25124.7913
-25119.1363
-25118.7340
-25119.6504
-25114.5318
-25120.2539
-25120.8127
-25119.6951
-25121.0138
-25120.1198
-25125.0148
-25123.8972
-25117.5046
-25117.0129
-25126.8253
-25130.2675
-25136.3024
-25136.1013
-25132.4579
-25129.1722
-25136.6824
-25121.7067
-25123.2490
-25122.4220
-25114.6436
-25110.8438
-25117.9963
-25109.9721
-25106.8428
-25113.7272
-25109.9497
-25102.9536
-25101.9031
-25107.1334
-25103.5124
-25098.6844
-25098.9527
-25099.8467
-25097.7457
-25098.7291
-25091.5989
-25090.2355
-25085.5193
-25082.1665
-25076.3774
-25070.6330
-25066.0509
-25065.7380
-25054.2715
-25052.6398
-25047.6554
-25052.6398
-25049.7788
-25045.8002
-25041.3522
-25047.7672
-25037.9324
-25027.8294
-25030.8469
-25030.7128
-25025.6166
-25023.9402
-25017.3017
-25010.1268
-25018.5087
-25007.8022
-25000.4709
-24996.6040
-24992.5137
-24987.6410
-24992.9383
-24994.8382
-24990.0103
-24981.3378
-24979.7732
-24974.2299
-24967.8150
-24963.4117
-24962.3388
-24959.6566
-24958.5167
-24962.0706
-24960.1483
-24957.9802
-24952.5264
-24951.7664
-24954.1134
-24944.5245
-24948.8160
-24940.9929
-24937.0813
-24943.5410
-24937.5507
-24935.4049
-24932.8792
-24933.8180
-24931.6275
-24934.6003
-24924.1173
-24925.2126
-24920.0717
-24911.8462
-24910.1028
-24909.2534
-24910.2145
-24911.8015
-24905.6771
-24906.0571
-24907.4653
-24906.5712
-24913.0756
-24905.7889
-24904.9172
-24900.7597
-24908.4934
-24904.6266
-24903.5537
-24896.5353
-24893.2496
-24890.1650
-24895.4400
-24893.0931
-24895.0377
-24900.4915
-24903.7549
-24903.5761
-24899.8657
-24895.1048
-24891.9532
-24891.0591
-24892.4672
-24894.1436
-24895.1495
-24899.6422
-24890.5897
-24891.8638
-24893.6966
-24898.4128
-24892.5120
-24903.3525
-24902.5926
-24905.1630
-24905.4089
-24905.7218
-24904.6489
-24909.0746
-24910.9521
-24913.2320
-24902.6149
-24906.4818
-24902.1456
-24908.5158
-24914.5061
-24912.8073
-24912.4274
-24911.2651
-24909.7451
-24914.5284
-24918.8870
-24918.4623
-24917.3894
-24918.1271
-24922.3962
-24915.8248
-24920.1387
-24916.8530
-24922.4856
-24922.9103
-24930.2417
-24921.2786
-24923.5585
-24922.3515
-24930.3535
-24932.2086
-24940.3894
-24940.6129
-24943.0716
-24941.3952
-24943.5857
-24944.2115
-24953.5993
-24952.8840
-24956.1250
-24957.6896
-24957.6673
-24958.6284
-24959.1872
-24957.3097
-24960.2377
-24964.9093
-24962.4059
-24968.6420
-24968.7090
-24974.6546
-24975.4146
-24976.7557
-24974.5429
-24979.8849
-24975.2358
-24984.7800
-24984.0200
-24991.4631
-24984.4000
-24986.5010
-24987.2386
-24990.8373
-24989.7867
-24993.6983
-24991.7760
-24997.4534
-24998.2804
-24994.9947
-25005.5671
-25004.1589
-25009.1434
-25007.4446
-25005.0306
-25011.8703
-25021.2804
-25021.0792
-25015.9606
-25013.1220
-25013.5243
-25016.0947
-25022.3085
-25018.9334
-25019.7828
-25016.8324
-25022.1968
-25030.2658
-25035.2055
-25029.3493
-25033.9314
-25035.0490
-25037.9771
-25044.5262
-25044.7273
-25046.2249
-25043.2745
-25046.1355
-25043.9450
-25050.1365
-25049.7788
-25050.6058
-25042.2463
-25057.1325
-25050.3823
-25056.8643
-25054.2939
-25054.2492
-25049.6671
-25052.9528
-25051.5446
-25056.8196
-25059.9489
-25069.0684
-25066.1180
-25067.7943
-25067.7720
-25071.1471
-25075.2151
-25079.7302
-25083.1947
-25079.3725
-25073.8517
-25068.6437
-25070.7895
-25074.9692
-25084.1558
-25080.5572
-25077.1150
-25079.8643
-25083.7758
-25083.5300
-25084.1335
-25083.1947
-25090.1908
-25095.2199
-25093.2530
-25098.6174
-25098.6621
-25094.2588
-25093.0295
-25094.6388
-25095.8458
-25097.6116
-25099.2209
-25103.4230
-25103.2218
-25110.6650
-25110.4191
-25112.5649
-25115.6271
-25123.6290
-25125.2830
-25130.3122
-25124.7242
-25123.4949
-25127.4958
-25126.8700
-25123.5172
-25128.0099
-25125.1489
-25129.2393
-25122.9584
-25126.4006
-25126.9818
-25127.3841
-25136.1907
-25133.5755
-25139.4764
-25141.4210
-25136.8612
-25140.0352
-25145.8466
-25145.7125
-25150.4511
-25152.4627
-25152.1498
-25153.2003
-25155.7037
-25157.3131
-25155.1673
-25156.1061
-25159.1012
-25161.2023
-25162.9234
-25163.2586
-25165.4044
-25160.4423
-25162.6551
-25163.0798
-25165.5832
-25164.6221
-25169.6065
-25169.0477
-25168.5113
-25170.3665
-25173.1158
-25172.0429
-25170.5677
-25179.5754
-25177.6979
-25177.3849
-25176.8485
-25178.3014
-25177.6979
-25181.0953
-25179.9330
-25184.2469
-25187.0632
-25191.6230
-25195.3110
-25194.0370
-25197.6580
-25196.7415
-25196.6968
-25204.8776
-25204.8999
-25204.0506
-25200.4743
-25203.3800
-25206.5763
-25212.5219
-25210.6667
-25212.5666
-25222.5131
-25223.0719
-25216.3440
-25217.3275
-25216.1205
-25219.9203
-25227.8105
-25226.1564
-25229.7327
-25228.3246
-25231.2079
-25232.0126
-25234.1360
-25235.8124
-25240.4169
-25242.4956
-25243.9484
-25242.3838
-25238.1817
-25244.4178
-25239.9028
-25247.3235
-25246.4071
-25248.0164
-25249.3576
-25253.2468
-25256.0631
-25258.4100
-25255.9513
-25255.9737
-25261.9863
-25257.7395
-25260.9581
-25264.1097
-25262.4557
-25262.8804
-25262.7462
-25266.9707
-25264.3556
-25265.5402
-25271.5081
-25270.9270
-25267.3731
-25273.6315
-25276.0679
-25274.3915
-25278.1242
-25275.3526
-25274.7044
-25275.3750
-25276.5149
-25276.7384
-25283.3993
-25278.2137
-25280.7841
-25271.3293
-25277.2972
-25275.5538
-25281.2088
-25277.4984
-25287.9814
-25288.8531
-25287.1767
-25284.8074
-25288.7190
-25282.7511
-25290.9541
-25294.7316
-25299.8725
-25291.2447
-25295.8939
-25294.4634
-25295.6480
-25304.2534
-25299.9619
-25301.3924
-25300.2525
-25299.6937
-25303.2476
-25306.9133
-25301.7277
-25305.5498
-25300.7442
-25301.7500
-25304.3428
-25311.2719
-25314.8705
-25314.8929
-25313.6188
-25311.9648
-25307.0474
-25308.9473
-25312.1660
-25315.8987
-25312.9483
-25315.8093
-25319.3409
-25322.9171
-25319.4526
-25324.2806
-25323.1630
-25327.5216
-25329.2874
-25328.6839
-25325.6441
-25324.4594
-25327.3875
-25325.5323
-25330.8967
-25321.3302
-25322.8277
-25331.1202
-25333.3554
-25328.9968
-25325.3982
-25328.4380
-25329.2427
-25328.6615
-25328.4157
-25331.0979
-25330.0473
-25336.0600
-25340.4409
-25337.0434
-25334.0707
-25344.3748
-25349.8286
-25350.3651
-25345.5148
-25341.6703
-25349.9180
-25347.0570
-25348.0629
-25351.5274
-25350.9909
-25355.6401
-25353.8296
-25346.2971
-25350.2980
-25358.3670
-25364.2679
-25363.8879
-25357.6965
-25362.9044
-25369.7888
-25375.6673
-25370.4370
-25368.3135
-25371.2863
-25368.4923
-25368.6041
-25375.3990
-25369.0735
-25371.5322
-25370.9957
-25372.2698
-25373.4097
-25376.2484
-25376.1366
-25370.3922
-25374.5497
-25371.2193
-25378.9530
-25379.0647
-25380.9423
-25385.4126
-25387.8043
-25385.5691
-25392.2076
-25388.8771
-25390.0841
-25391.4252
-25388.4078
-25382.6634
-25385.8820
-25390.5535
-25384.1833
-25381.3223
-25383.9151
-25385.1444
-25384.3174
-25383.4680
-25377.4554
-25383.4904
-25379.6906
-25383.7362
-25387.4466
-25390.6876
-25388.3854
-25392.5428
-25384.7644
-25392.3417
-25394.3980
-25396.4991
-25391.8499
-25395.8732
-25394.3086
-25403.9869
-25403.0034
-25401.4612
-25397.3037
-25399.6954
-25403.2493
-25397.3261
-25402.6458
-25398.1308
-25402.3552
-25400.0083
-25400.5224
-25400.8353
-25400.4330
-25398.9578
-25408.7925
-25405.1269
-25408.1890
-25412.5029
-25416.8392
-25411.0724
-25407.0044
-25402.3776
-25400.7236
-25403.7411
-25404.2104
-25409.3513
-25404.6575
-25398.5107
-25404.2775
-25411.1171
-25404.5681
-25406.6468
-25407.3397
-25407.8538
-25414.2017
-25404.0540
-25414.8946
-25412.8606
-25407.4514
-25417.1521
-25414.1570
-25407.7197
-25412.8382
-25409.7537
-25411.5865
-25410.6701
-25412.8159
-25417.2415
-25422.3153
-25416.7274
-25414.7828
-25412.6147
-25412.4135
-25411.9888
-25412.9500
-25408.2114
-25411.0501
-25405.5068
-25402.6458
-25409.5749
-25406.0880
-25399.6283
-25405.1939
-25398.4213
-25411.9665
-25402.0423
-25404.2998
-25400.2542
-25404.6575
-25409.4631
-25407.5185
-25411.2736
-25409.0831
-25405.5292
-25407.4067
-25409.7313
-25410.3572
-25414.6040
-25410.1784
-25410.8266
-25405.7751
-25408.1667
-25401.2377
-25403.6963
-25403.6293
-25408.5467
-25413.1958
-25419.5661
-25420.5496
-25410.9383
-25400.6342
-25343.6149
-25409.5749
-25432.3736
-25421.0413
-25409.3737
-25402.1541
-25400.2765
-25399.3378
-25393.9063
-25388.5866
-25389.6818
-25386.3961
-25388.0948
-25386.6867
-25385.4350
-25389.2124
-25386.4632
-25385.2338
-25385.5467
-25382.3504
-25381.5681
-25380.1153
-25376.7401
-25373.2086
-25369.7888
-25376.7401
-25363.8208
-25365.8772
-25363.6644
-25356.8918
-25360.7363
-25361.9433
-25359.4399
-25355.6848
-25353.3155
-25356.9812
-25348.4652
-25345.3136
-25353.4049
-25346.9229
-25345.2465
-25338.8092
-25340.6644
-25339.5692
-25338.7645
-25338.0046
-25337.6916
-25334.5848
-25336.2388
-25334.9647
-25338.1834
-25339.3457
-25336.7305
-25334.4730
-25335.5459
-25333.5566
-25333.2884
-25323.9006
-25324.2359
-25322.7383
-25321.6431
-25322.9395
-25317.7762
-25320.1232
-25324.3700
-25326.5158
-25326.1805
-25319.3632
-25316.5469
-25318.6256
-25318.4691
-25317.6645
-25310.3555
-25310.0202
-25305.4157
-25307.9415
-25302.2865
-25307.2709
-25300.8336
-25301.3701
-25300.2748
-25298.7102
-25300.8113
-25306.1086
-25307.7627
-25304.8122
-25306.6004
-25307.8521
-25311.6072
-25309.3273
-25312.1436
-25306.2427
-25306.8015
-25302.8229
-25307.6509
-25300.2972
-25298.7549
-25300.5430
-25304.2311
-25304.2311
-25308.3215
-25307.0027
-25306.0416
-25300.3419
-25304.6111
-25305.4828
-25305.8181
-25304.2534
-25304.3205
-25304.4099
-25302.0853
-25297.5032
-25291.5800
-25289.3001
-25296.1845
-25303.4264
-25302.6888
-25304.7452
-25304.8346
-25307.5391
-25315.1387
-25334.6742
-25321.3525
-25315.9657
-25311.2495
-25311.3836
-25306.6004
-25305.7063
-25305.5498
-25312.1212
-25314.4458
-25327.4992
-25321.6878
-25320.3467
-25319.5644
-25325.1747
-25325.6217
-25325.4876
-25323.1407
-25319.2068
-25316.9716
-25323.4759
-25324.8394
-25326.8063
-25329.6897
-25321.1737
-25325.7782
-25324.9735
-25325.9346
-25330.0473
-25337.0434
-25335.1212
-25339.0998
-25334.0483
-25339.4127
-25340.3962
-25340.6197
-25343.4807
-25348.5769
-25342.9667
-25344.8889
-25345.7606
-25346.4759
-25344.3972
-25344.7548
-25345.3806
-25343.7937
-25348.9346
-25344.6877
-25345.9841
-25343.1902
-25356.0201
-25352.3991
-25350.9686
-25351.6838
-25360.8257
-25361.8092
-25365.6313
-25362.3456
-25365.5419
-25364.1785
-25366.4136
-25365.0055
-25369.6323
-25365.1172
-25367.2630
-25369.0288
-25372.8286
-25374.0132
-25373.3427
-25375.8461
-25371.8004
-25374.2815
-25375.8014
-25379.0424
-25382.6857
-25382.7528
-25378.7742
-25379.7353
-25384.0268
-25389.0336
-25384.8985
-25393.5263
-25391.7382
-25397.5943
-25401.5059
-25403.4281
-25400.3436
-25400.5448
-25398.9131
-25399.6954
-25401.7517
-25400.8353
-25398.6672
-25401.9306
-25403.7187
-25405.9986
-25406.6915
-25401.6847
-25402.7799
-25406.1997
-25417.7779
-25409.8878
-25413.4641
-25412.5923
-25420.3484
-25416.2804
-25421.6671
-25416.1239
-25420.4378
-25416.1016
-25418.8955
-25418.8061
-25420.4155
-25414.0899
-25418.4261
-25414.0899
-25416.6827
-25417.5097
-25417.3086
-25416.6604
-25419.5884
-25416.5710
-25413.9558
-25414.9393
-25413.9781
-25413.9781
-25415.7663
-25420.3260
-25415.9451
-25422.1589
-25413.6205
-25414.8275
-25412.0783
-25415.2298
-25408.2114
-25415.7663
-25411.3406
-25413.4417
-25407.6303
-25410.0219
-25411.2289
-25413.2852
-25412.7488
-25413.8664
-25411.7653
-25412.0783
-25406.9597
-25405.4621
-25405.1045
-25403.4728
-25403.1599
-25399.3601
-25406.2221
-25401.7517
-25408.1667
-25406.3115
-25403.6069
-25400.9918
-25401.2600
-25402.4223
-25402.6011
-25398.7566
-25399.0919
-25397.9072
-25397.5496
-25397.6390
-25399.8071
-25399.2483
-25401.9306
-25396.9014
-25400.2318
-25402.4223
-25396.7897
-25399.6954
-25395.2474
-25400.7459
-25394.7333
-25395.7615
-25397.4155
-25402.1988
-25397.5720
-25402.2435
-25406.4233
-25408.3455
-25403.2717
-25402.8917
-25401.0588
-25402.2211
-25402.8246
-25402.9364
-25395.8509
-25396.8120
-25391.0229
-25393.5487
-25399.0248
-25398.2872
-25400.3212
-25403.5175
-25399.0695
-25397.5943
-25399.4272
-25399.8742
-25402.3776
-25400.0977
-25402.1541
-25403.9646
-25408.4573
-25411.1395
-25407.5185
-25399.5166
-25410.5807
-25415.1628
-25416.2133
-25410.6477
-25410.8489
-25413.2405
-25411.1618
-25407.5632
-25409.0831
-25417.8003
-25418.3591
-25415.2298
-25413.4194
-25416.1686
-25417.2862
-25424.5729
-25423.4776
-25421.9801
-25422.7847
-25428.9315
-25422.4271
-25428.0597
-25430.0714
-25429.8032
-25422.9412
-25422.6283
-25418.9179
-25426.8304
-25427.2104
-25426.5622
-25423.9023
-25427.5010
-25438.2521
-25434.8100
-25437.5145
-25436.6652
-25440.3309
-25444.3095
-25446.9470
-25448.4445
-25446.6117
-25441.6720
-25446.0976
-25444.8683
-25444.3989
-25442.0519
-25444.2424
-25441.6049
-25445.8070
-25444.8236
-25449.2492
-25447.8857
-25448.9363
-25443.5719
-25447.5058
-25454.7924
-25455.7536
-25452.8478
-25446.2988
-25464.2025
-25455.2171
-25457.3182
-25457.4076
-25459.9780
-25457.1617
-25460.9615
-25457.2735
-25466.3706
-25463.0626
-25463.0179
-25462.3697
-25468.7176
-25462.1685
-25466.5495
-25471.3774
-25471.8468
-25471.0198
-25471.9586
-25473.6350
-25466.9741
-25480.0723
-25481.5475
-25476.4513
-25477.4795
-25475.8701
-25475.3784
-25480.2734
-25478.0606
-25479.1111
-25473.2103
-25477.0101
-25479.4464
-25481.7710
-25485.8390
-25491.9634
-25493.9527
-25491.6505
-25488.4318
-25489.1024
-25489.0353
-25493.1704
-25494.5785
-25495.1820
-25488.6330
-25490.1305
-25489.8847
-25499.8088
-25495.5173
-25496.0538
-25496.0761
-25498.5572
-25500.6582
-25501.3511
-25506.3579
-25506.4473
-25511.0294
-25511.7670
-25511.1188
-25511.7894
-25509.9342
-25509.3530
-25512.8846
-25513.8681
-25514.0246
-25511.4541
-25514.8739
-25513.1528
-25518.8749
-25514.7622
-25513.3317
-25518.4055
-25524.3958
-25517.3997
-25515.1421
-25518.0479
-25516.9526
-25522.1606
-25522.7864
-25523.6358
-25526.5192
-25527.9720
-25531.4142
-25532.7553
-25529.9614
-25532.3083
-25531.3472
-25531.0789
-25530.5648
-25536.4434
-25532.4424
-25533.0235
-25535.5269
-25538.9691
-25538.0080
-25535.0128
-25533.0012
-25538.8126
-25541.2490
-25542.3666
-25540.8019
-25539.6620
-25538.2538
-25538.9020
-25541.1819
-25537.7845
-25543.5289
-25543.1265
-25545.3617
-25550.8826
-25559.1304
-25555.2412
-25556.9176
-25551.2402
-25556.6046
-25553.2295
-25556.8505
-25545.4958
-25546.6805
-25548.3345
-25550.7932
-25552.2460
-25555.2188
-25553.1848
-25554.9282
-25556.2247
-25556.9176
-25558.2810
-25562.8631
-25563.0643
-25564.7630
-25567.4005
-25564.8748
-25562.4831
-25563.2655
-25567.4229
-25568.1381
-25569.7922
-25563.6678
-25567.5346
-25564.7407
-25566.1712
-25566.2829
-25568.0711
-25564.6066
-25568.0487
-25563.0866
-25567.8476
-25565.0089
-25568.5628
-25572.0273
-25574.5978
-25566.2829
-25569.3228
-25571.5579
-25575.4472
-25574.3966
-25573.0108
-25574.9778
-25572.4520
-25573.1896
-25576.6318
-25576.7659
-25574.5307
-25577.3694
-25573.4131
-25575.6260
-25578.4423
-25580.2081
-25575.7154
-25581.0351
-25576.5200
-25574.2849
-25573.1226
-25576.9894
-25580.8563
-25581.2139
-25582.2197
-25581.0127
-25585.8631
-25581.1915
-25582.5327
-25584.7231
-25587.1148
-25586.5336
-25585.8184
-25579.4928
-25586.2207
-25588.3665
-25589.6629
-25587.2936
-25592.0098
-25585.1478
-25593.3956
-25592.1439
-25592.5239
-25590.0875
-25588.8358
-25588.9923
-25593.9991
-25595.8096
-25594.1556
-25593.2391
-25593.5744
-25598.3353
-25602.5151
-25601.1293
-25597.4860
-25600.0788
-25599.9894
-25603.4092
-25600.1458
-25604.9068
-25601.7552
-25602.3363
-25597.3966
-25598.5142
-25598.0895
-25595.6978
-25594.3120
-25601.4199
-25600.5258
-25601.4646
-25604.1021
-25596.4354
-25596.4131
-25601.3975
-25599.3859
-25598.6930
-25595.7872
-25600.3917
-25599.6317
-25601.5540
-25604.0350
-25600.5482
-25603.0963
-25605.2867
-25609.3771
-25605.9126
-25610.3829
-25610.5841
-25607.2984
-25604.7726
-25609.5336
-25609.8688
-25609.7571
-25609.2430
-25606.3596
-25605.3761
-25606.8290
-25607.1419
-25613.5122
-25611.4111
-25609.1312
-25612.4840
-25614.7862
-25615.4121
-25613.4898
-25617.7590
-25620.0836
-25622.0729
-25622.4082
-25623.9504
-25615.3674
-25614.0486
-25615.2780
-25616.9767
-25615.7920
-25620.3742
-25615.7697
-25616.1944
-25612.4393
-25622.8999
-25620.1283
-25622.3188
-25624.7104
-25625.8503
-25619.8377
-25631.6394
-25631.2595
-25624.0175
-25622.2741
-25624.7327
-25628.3314
-25631.3042
-25631.1030
-25620.5530
-25621.3576
-25624.1293
-25630.1195
-25623.6152
-25624.7998
-25621.7376
-25629.6501
-25626.5209
-25631.1477
-25627.3479
-25633.2264
-25635.1040
-25630.3877
-25630.9242
-25630.2313
-25627.7502
-25633.9640
-25628.1302
-25625.8727
-25629.4490
-25633.7629
-25636.1321
-25630.8124
-25633.0476
-25629.6501
-25629.7172
-25628.9572
-25631.8630
-25630.0972
-25631.6171
-25633.4499
-25636.1098
-25636.5792
-25635.6180
-25629.8960
-25627.1691
-25628.0408
-25631.6841
-25629.5831
-25633.2264
-25633.6734
-25633.2264
-25630.8124
-25626.5879
-25629.4490
-25632.6900
-25640.4907
-25638.1438
-25635.3275
-25642.8377
-25644.9611
-25639.8202
-25638.5908
-25636.6686
-25641.2060
-25635.9757
-25641.0495
-25635.1263
-25636.2886
-25634.3887
-25641.9212
-25639.3731
-25636.7580
-25635.3275
-25636.3780
-25638.6132
-25640.9378
-25639.3508
-25637.5850
-25643.8882
-25645.3187
-25643.5082
-25643.4412
-25645.3634
-25645.5869
-25648.1797
-25648.0680
-25648.2021
-25642.0330
-25642.8153
-25644.1341
-25646.0563
-25642.8824
-25641.6307
-25641.2060
-25641.5189
-25639.7531
-25641.5413
-25642.0553
-25641.1389
-25637.2050
-25638.1661
-25635.9757
-25634.9922
-25633.5840
-25633.1370
-25636.0204
-25637.6297
-25638.6802
-25634.1652
-25639.5520
-25640.4237
-25640.2672
-25636.9815
-25639.7084
-25637.6521
-25643.2176
-25638.8367
-25636.4451
-25628.0185
-25631.9971
-25632.1982
-25631.9077
-25631.3042
-25631.3265
-25633.5393
-25633.1147
-25633.7405
-25631.8183
-25631.4383
-25633.2488
-25637.3838
-25634.6122
-25632.6453
-25636.4898
-25642.7036
-25636.9368
-25633.2488
-25631.4830
-25631.7512
-25629.6054
-25632.8911
-25626.7444
-25626.7891
-25625.4257
-25627.1914
-25615.5015
-25614.8756
-25611.0982
-25618.5190
-25619.7707
-25618.5190
-25620.9106
-25622.5423
-25620.8659
-25622.5646
-25618.8319
-25615.8368
-25613.3557
-25608.9077
-25610.8970
-25610.5170
-25611.8805
-25607.7678
-25607.8795
-25607.1196
-25606.6055
-25602.8727
-25602.6939
-25603.0516
-25604.7950
-25594.8485
-25600.3470
-25594.7814
-25592.2780
-25591.3839
-25588.9700
-25584.6784
-25586.8242
-25587.2489
-25581.8398
-25582.7115
-25583.3373
-25582.7115
-25575.0672
-25581.3704
-25579.4481
-25577.8611
-25571.8485
-25568.9204
-25566.7076
-25567.1547
-25566.5959
-25573.6367
-25569.5016
-25571.6027
-25569.0322
-25567.1100
-25562.0361
-25560.9856
-25560.2480
-25555.7329
-25555.3753
-25561.9243
-25561.1420
-25562.0361
-25563.4890
-25561.4550
-25564.7854
-25566.5065
-25569.7028
-25568.6746
-25570.1721
-25567.4005
-25565.6347
-25563.5560
-25560.7174
-25559.7115
-25558.8175
-25554.5930
-25556.6493
-25553.4977
-25556.1576
-25550.0556
-25551.9108
-25552.5366
-25558.4598
-25558.5269
-25562.9525
-25562.9749
-25562.6843
-25559.0410
-25560.6503
-25557.4093
-25556.6270
-25557.8787
-25559.1751
-25556.2694
-25559.9127
-25559.8903
-25553.9671
-25552.2684
-25551.5755
-25554.8612
-25550.9049
-25554.2353
-25553.2966
-25557.8340
-25552.2237
-25549.9215
-25548.8486
-25553.4977
-25553.9448
-25559.9797
-25555.8223
-25554.7271
-25555.4423
-25558.6163
-25556.5152
-25554.4365
-25558.8175
-25559.0633
-25559.7786
-25556.3811
-25561.8796
-25563.6231
-25563.7348
-25561.7008
-25568.4287
-25567.2888
-25570.5745
-25575.9612
-25576.6541
-25573.3014
-25573.8378
-25572.0273
-25572.1391
-25569.2557
-25570.4180
-25575.9389
-25576.0730
-25570.9097
-25569.9486
-25575.6483
-25576.8777
-25582.0409
-25577.7047
-25577.8835
-25579.2693
-25579.5822
-25580.6328
-25587.0924
-25582.8009
-25583.4044
-25581.3704
-25582.9126
-25581.5268
-25582.7562
-25585.1255
-25587.5841
-25590.6463
-25588.8358
-25594.2673
-25593.9767
-25596.5919
-25598.3800
-25595.3849
-25594.6249
-25597.3072
-25602.0457
-25607.9242
-25601.0623
-25600.9058
-25594.7367
-25598.6259
-25599.2518
-25602.1128
-25600.3693
-25603.9456
-25603.2080
-25603.0963
-25601.0175
-25602.1128
-25606.2255
-25603.7445
-25601.4646
-25606.3596
-25606.3596
-25614.2721
-25610.6959
-25610.2712
-25611.6346
-25617.3120
-25614.8533
-25612.3499
-25615.5462
-25617.5355
-25621.2235
-25622.5646
-25625.1351
-25618.0943
-25624.5986
-25623.2128
-25629.1584
-25624.2857
-25622.5423
-25620.4636
-25625.5821
-25624.4198
-25625.0233
-25625.6045
-25625.0457
-25634.9028
-25638.3003
-25638.0767
-25635.8639
-25630.2536
-25631.7288
-25633.2488
-25637.2721
-25637.9203
-25632.6229
-25633.9417
-25633.0252
-25641.9212
-25640.9825
-25637.0709
-25638.9708
-25641.5860
-25641.0272
-25644.5140
-25637.6521
-25641.3848
-25643.7764
-25648.0009
-25644.1117
-25649.1632
-25650.0573
-25651.2643
-25651.1302
-25652.3595
-25655.7346
-25652.7395
-25653.7453
-25655.9805
-25659.8920
-25658.0145
-25660.5626
-25658.1710
-25656.9416
-25658.2380
-25661.3002
-25653.7230
-25655.3099
-25660.4732
-25661.9931
-25660.7191
-25667.5363
-25661.6578
-25666.1952
-25661.8366
-25660.4508
-25663.9377
-25664.6530
-25664.2730
-25665.5694
-25664.9882
-25663.4460
-25659.1991
-25660.5849
-25662.7754
-25656.9193
-25662.0825
-25662.0825
-25666.6870
-25664.0495
-25666.7764
-25663.1107
-25664.0495
-25669.5927
-25666.7093
-25668.2739
-25674.7336
-25672.3420
-25673.9736
-25669.0339
-25671.8279
-25665.7706
-25662.9095
-25666.5529
-25670.1291
-25670.6656
-25674.2642
-25680.6121
-25676.4323
-25671.0679
-25667.8493
-25670.5985
-25672.8561
-25672.7219
-25674.9348
-25677.1923
-25680.1204
-25685.7083
-25681.3274
-25686.6918
-25683.1379
-25684.5460
-25677.1923
-25680.3886
-25678.3099
-25680.7462
-25681.0591
-25679.1592
-25675.8065
-25681.0144
-25681.9979
-25681.0144
-25684.3896
-25686.8929
-25685.1495
-25682.7355
-25689.8210
-25689.2622
-25689.3293
-25688.7928
-25687.3847
-25687.4741
-25689.0834
-25688.1223
-25692.4809
-25687.8541
-25692.4809
-25693.0844
-25696.1019
-25690.4916
-25694.2914
-25690.7822
-25692.0562
-25691.5645
-25693.4867
-25688.9046
-25690.6480
-25694.1126
-25697.6665
-25691.9444
-25692.7938
-25695.0960
-25689.1058
-25688.3458
-25687.3847
-25691.4304
-25689.9551
-25689.2846
-25689.5975
-25692.5926
-25687.5859
-25682.2885
-25674.1301
-25682.7802
-25685.8648
-25695.2972
-25694.0455
-25698.6500
-25700.5499
-25703.7015
-25701.5780
-25699.4323
-25696.7054
-25692.3915
-25690.2457
-25690.9386
-25695.9678
-25696.1019
-25698.5382
-25694.1349
-25695.9678
-25689.5305
-25694.7161
-25692.1233
-25695.2078
-25693.0620
-25692.8609
-25691.6762
-25691.4751
-25688.7705
-25689.6646
-25689.9104
-25697.3312
-25696.8395
-25697.6441
-25695.1407
-25690.1787
-25687.3400
-25691.3856
-25690.8716
-25690.5363
-25693.3303
-25688.6811
-25691.4527
-25695.3419
-25693.8220
-25697.2642
-25697.4206
-25695.8336
-25700.6616
-25697.3983
-25697.3312
-25690.1116
-25692.3468
-25690.7598
-25688.7034
-25686.3565
-25689.2175
-25689.0164
-25685.4177
-25685.3730
-25684.8142
-25685.7083
-25688.0105
-25686.3118
-25689.8210
-25694.4255
-25694.2020
-25699.6558
-25694.4255
-25690.6033
-25691.0504
-25688.9717
-25687.5859
-25688.3011
-25682.2885
-25685.3954
-25686.6918
-25686.2224
-25681.8191
-25682.6908
-25683.0037
-25684.3896
-25687.4741
-25695.6772
-25694.2467
-25693.1067
-25691.1398
-25685.5295
-25684.9260
-25687.3847
-25689.3516
-25682.8920
-25684.3225
-25688.0552
-25686.1106
-25686.4906
-25689.9104
-25682.8696
-25688.1446
-25681.5732
-25687.1835
-25686.1106
-25688.2341
-25687.9658
-25695.8784
-25688.6140
-25690.8045
-25690.2681
-25688.5470
-25690.6480
-25690.8716
-25691.3856
-25692.7044
-25691.9444
-25693.2855
-25689.5975
-25695.5654
-25698.0912
-25697.6441
-25693.7996
-25695.3643
-25696.1019
-25690.6257
-25697.3536
-25698.4488
-25702.4274
-25696.5266
-25702.0027
-25698.0688
-25700.0805
-25705.7578
-25700.8851
-25699.1417
-25702.0027
-25697.1524
-25700.4828
-25700.1699
-25702.0027
-25697.7782
-25699.9687
-25700.4605
-25696.3030
-25696.3924
-25697.8006
-25698.2923
-25696.2583
-25699.9240
-25697.6888
-25700.6840
-25696.6383
-25702.1815
-25702.9862
-25712.3516
-25707.7024
-25707.4119
-25708.9988
-25712.2175
-25713.7821
-25711.7704
-25708.3953
-25708.1048
-25711.7034
-25712.0163
-25710.8093
-25708.6188
-25714.8997
-25717.5819
-25718.2748
-25719.3924
-25717.2913
-25719.0571
-25723.7733
-25716.6878
-25725.1815
-25730.3894
-25728.7354
-25721.1358
-25726.7908
-25722.5440
-25728.0425
-25726.7461
-25722.4769
-25717.4478
-25721.5605
-25716.7325
-25719.4594
-25722.4546
-25724.4886
-25723.5051
-25725.2038
-25730.4341
-25732.4682
-25732.4682
-25732.9822
-25735.8656
-25738.7937
-25735.6421
-25731.1941
-25738.7043
-25740.7830
-25744.1805
-25736.7150
-25736.9609
-25730.9929
-25736.4915
-25730.8365
-25728.8248
-25730.6353
-25732.8705
-25732.0211
-25728.0872
-25729.5624
-25734.9492
-25734.9716
-25730.0318
-25733.7199
-25733.2281
-25734.9939
-25734.8821
-25736.4021
-25739.3525
-25738.7490
-25737.2067
-25740.0677
-25735.6868
-25741.1406
-25738.1231
-25740.7159
-25742.2806
-25746.5274
-25742.1465
-25741.7441
-25727.9531
-25734.3010
-25731.3506
-25733.1834
-25728.5119
-25729.1154
-25727.3049
-25723.6169
-25720.2865
-25727.1931
-25725.0250
-25722.9687
-25723.7063
-25720.1300
-25721.3817
-25721.4934
-25722.2534
-25717.9395
-25718.7889
-25723.0357
-25721.1135
-25718.5207
-25725.8520
-25719.9512
-25721.8958
-25719.2136
-25717.7831
-25723.3039
-25718.4760
-25714.5868
-25714.7656
-25711.1446
-25706.4954
-25707.2107
-25706.3613
-25703.5003
-25705.2661
-25706.7860
-25703.0533
-25697.9124
-25702.6062
-25701.8239
-25693.2185
-25694.1573
-25690.8045
-25692.8385
-25689.6869
-25692.7044
-25687.9882
-25690.2234
-25687.4070
-25687.0047
-25680.2992
-25676.6335
-25676.6335
-25671.2691
-25671.6044
-25673.9513
-25670.9562
-25672.8113
-25668.0281
-25660.4732
-25660.2944
-25657.9027
-25660.1826
-25657.3886
-25656.5393
-25652.3148
-25655.8017
-25650.4373
-25653.6783
-25652.4042
-25656.3605
-25655.6452
-25649.4761
-25646.0116
-25642.2342
-25635.9310
-25636.6686
-25636.7133
-25635.1934
-25629.9631
-25629.8289
-25623.3469
-25622.7211
-25623.6599
-25626.8338
-25624.0398
-25622.1623
-25627.5267
-25630.6113
-25632.5782
-25631.1253
-25634.6122
-25630.0748
-25626.8338
-25624.6210
-25626.9456
-25619.6813
-25621.6706
-25616.9543
-25616.6414
-25616.1050
-25616.9767
-25611.5005
-25613.5792
-25611.9028
-25613.6910
-25611.0758
-25606.7396
-25608.6171
-25611.6570
-25607.5443
-25611.5005
-25612.6405
-25610.5170
-25611.9252
-25605.6667
-25607.1419
-25610.3159
-25611.2770
-25608.9748
-25610.6288
-25607.7901
-25608.7513
-25608.8183
-25614.9427
-25605.8232
-25609.5112
-25608.6842
-25610.9194
-25612.5734
-25614.3615
-25605.8455
-25610.9641
-25615.9262
-25615.4121
-25613.6016
-25607.3207
-25613.1769
-25611.7240
-25611.2323
-25611.4782
-25616.9767
-25615.3003
-25618.1613
-25620.7094
-25617.3120
-25612.3052
-25608.5948
-25613.4228
-25612.4840
-25608.1478
-25613.1992
-25612.4840
-25612.6181
-25607.1419
-25606.2479
-25615.6579
-25614.2274
-25603.3198
-25607.2984
-25608.2372
-25605.6444
-25612.9757
-25615.2333
-25617.2673
-25620.5083
-25617.4237
-25615.3003
-25616.1497
-25611.0088
-25613.1992
-25608.1701
-25608.5724
-25605.1750
-25601.1293
-25606.1584
-25611.5452
-25604.4374
-25604.7726
-25612.7969
-25612.7746
-25609.8912
-25610.8300
-25617.5355
-25621.4470
-25615.7697
-25614.5851
-25610.8970
-25611.2099
-25605.6891
-25609.2653
-25612.2158
-25614.0710
-25614.6968
-25613.6016
-25609.1536
-25607.9689
-25612.7746
-25623.4810
-25627.3479
-25610.9864
-25623.8387
-25623.7716
-25621.5812
-25617.4461
-25616.2838
-25619.0107
-25617.4237
-25617.5578
-25615.2333
-25620.7988
-25614.7862
-25615.1662
-25611.0088
-25628.8231
-25623.9281
-25629.3819
-25629.3819
-25634.5899
-25623.1681
-25642.9494
-25636.6686
-25635.2157
-25633.0029
-25643.0388
-25640.0437
-25640.7813
-25645.7434
-25642.9047
-25633.1370
-25658.3051
-25645.2740
-25648.0680
-25657.2769
-25647.3974
-25656.2040
-25655.2205
-25658.7745
-25648.4032
-25660.8085
-25659.5121
-25658.9086
-25650.7725
-25655.1982
-25663.4013
-25653.4324
-25661.9708
-25665.9047
-25655.8687
-25661.3226
-25658.2827
-25667.3352
-25659.4897
-25668.9668
-25666.2846
-25670.4197
-25674.5324
-25670.2856
-25673.9066
-25674.9124
-25682.8249
-25681.8638
-25685.5295
-25679.5839
-25678.7122
-25671.4926
-25679.4945
-25684.4119
-25680.9250
-25682.3555
-25685.1719
-25682.5791
-25686.1106
-25682.8026
-25671.7385
-25693.7326
-25701.7345
-25692.5926
-25691.6315
-25698.7170
-25702.8744
-25687.4070
-25701.4886
-25695.6995
-25698.5159
-25703.9473
-25697.7559
-25705.8696
-25700.7510
-25701.7122
-25696.7948
-25700.9745
-25711.3011
-25712.0834
-25713.0221
-25709.0882
-25706.5401
-25714.2068
-25712.1281
-25714.6315
-25711.3458
-25713.8044
-25720.2641
-25720.9123
-25715.8608
-25724.5333
-25729.5848
-25728.6013
-25729.4954
-25729.5624
-25718.2077
-25720.5994
-25721.2029
-25721.8287
-25724.4439
-25726.4779
-25724.8462
-25720.3088
-25728.0202
-25722.6334
-25726.0309
-25722.6781
-25731.3729
-25731.3729
-25734.3457
-25735.3515
-25738.8608
-25731.6411
-25737.3408
-25740.3136
-25737.6538
-25734.0551
-25739.3748
-25741.1630
-25744.6052
-25739.3078
-25728.1766
-25749.1202
-25753.5906
-25748.0473
-25752.4506
-25752.0706
-25752.9200
-25756.3398
-25752.6741
-25752.8977
-25752.4953
-25753.0988
-25749.0532
-25749.3661
-25750.4837
-25756.6751
-25757.1668
-25753.1659
-25758.5750
-25754.2835
-25757.2562
-25764.2076
-25759.9832
-25762.3748
-25764.6100
-25768.1862
-25769.6615
-25771.5390
-25770.3320
-25765.8617
-25769.4603
-25770.7790
-25774.6012
-25771.8519
-25775.0035
-25775.0259
-25772.6789
-25770.7790
-25775.4282
-25772.2990
-25771.8743
-25775.6294
-25777.6857
-25776.8587
-25775.8305
-25773.3942
-25778.0881
-25769.8850
-25773.4613
-25770.6449
-25775.8529
-25774.3777
-25773.9306
-25776.2552
-25766.3087
-25774.1318
-25770.5779
-25769.6168
-25770.9132
-25764.0959
-25760.1843
-25765.9064
-25759.5585
-25708.6412
-25762.5760
-25778.8927
-25766.3758
-25759.5808
-25757.7033
-25753.5235
-25750.9083
-25750.4613
-25748.6061
-25746.9521
-25746.6392
-25740.7830
-25740.6042
-25736.8714
-25734.0775
-25732.0658
-25733.8763
-25729.7189
-25728.4001
-25723.8851
-25724.2874
-25720.8452
-25718.7218
-25717.4031
-25719.1689
-25714.1174
-25718.4313
-25718.0960
-25711.0552
-25704.0591
-25695.4090
-25691.5645
-25691.0727
-25692.8832
-25693.4197
-25688.5917
-25685.5295
-25684.3225
-25685.0378
-25686.5800
-25682.1097
-25681.6179
-25677.1923
-25671.4702
-25667.9163
-25668.1622
-25662.6860
-25662.6190
-25658.8862
-25658.1933
-25653.7900
-25649.3197
-25649.7667
-25653.5441
-25650.1243
-25651.3313
-25644.3799
-25642.5918
-25642.3683
-25640.3790
-25636.6686
-25635.4616
-25633.9640
-25627.7949
-25631.8183
-25625.1798
-25625.2692
-25620.1059
-25620.2400
-25617.8037
-25618.0496
-25617.6696
-25618.4743
-25611.9475
-25621.6706
-25623.0564
-25618.5413
-25612.2158
-25610.5841
-25609.3547
-25614.3839
-25608.7736
-25607.8572
-25611.3888
-25614.4956
-25610.6064
-25611.8358
-25610.6735
-25611.3888
-25609.9582
-25612.1934
-25606.2702
-25605.9796
-25604.5044
-25605.1526
-25605.9349
-25603.9456
-25612.7075
-25609.7794
-25601.8446
-25596.7260
-25598.3577
-25597.5977
-25596.8825
-25598.4024
-25603.9456
-25600.7270
-25605.1750
-25604.3256
-25598.9835
-25602.6492
-25604.8844
-25602.5598
-25602.3587
-25601.9116
-25607.8572
-25603.7892
-25602.3587
-25603.9456
-25601.7999
-25608.3042
-25606.4490
-25605.5773
-25602.5598
-25608.0360
-25606.3596
-25606.9184
-25603.4986
-25606.0690
-25607.0078
-25606.7396
-25605.8232
-25604.5044
-25602.0234
-25606.3373
-25605.7114
-25603.8339
-25602.9845
-25602.8280
-25607.5219
-25606.6725
-25608.7289
-25610.3606
-25614.7639
-25613.6239
-25616.4850
-25614.4733
-25623.4140
-25624.1740
-25625.7833
-25624.9786
-25627.4373
-25626.5879
-25633.0699
-25630.2983
-25631.3042
-25632.1759
-25636.8250
-25636.9592
-25637.2944
-25637.6521
-25640.6695
-25638.0320
-25637.1156
-25637.4285
-25633.7629
-25509.5542
-25667.6481
-25715.3914
-25690.4469
-25672.3196
-25667.5140
-25663.6471
-25663.2448
-25663.2448
-25663.8036
-25668.0504
-25668.8998
-25670.2185
-25671.1573
-25678.4440
-25679.0251
-25687.0271
-25684.9707
-25686.7365
-25690.6257
-25695.6101
-25691.9668
-25687.6976
-25689.4410
-25694.3137
-25693.0397
-25694.5596
-25696.5489
-25700.3487
-25707.4342
-25698.7617
-25703.0533
-25707.8365
-25709.0882
-25709.8258
-25705.4672
-25708.2836
-25710.6305
-25712.1728
-25717.6042
-25714.9891
-25717.6937
-25720.1970
-25727.3273
-25728.2437
-25723.4381
-25729.8754
-25724.3768
-25730.3000
-25734.6139
-25732.5799
-25736.9609
-25742.9288
-25743.9570
-25744.9181
-25748.1367
-25750.3943
-25751.5789
-25759.2679
-25760.9666
-25761.8160
-25760.5643
-25763.1571
-25764.0735
-25767.5604
-25764.0959
-25761.0113
-25763.4700
-25763.9618
-25768.1415
-25776.2552
-25779.9656
-25782.1337
-25778.6022
-25784.6818
-25783.7654
-25786.8052
-25792.0132
-25791.2085
-25794.1813
-25795.6342
-25797.8470
-25797.9141
-25799.6351
-25796.7741
-25802.0938
-25799.1434
-25803.3232
-25799.9481
-25803.7926
-25807.3912
-25810.6769
-25806.8101
-25809.2687
-25811.6604
-25811.5486
-25814.7449
-25810.5652
-25812.4650
-25813.9403
-25811.0345
-25819.9082
-25816.7342
-25799.5010
-25765.3252
-25837.1190
-25839.3989
-25828.2677
-25827.4184
-25824.5350
-25826.5690
-25820.6905
-25830.0335
-25828.4242
-25832.1346
-25828.9606
-25832.3358
-25828.6254
-25832.5593
-25827.9995
-25832.3805
-25832.6040
-25838.7283
-25837.4096
-25835.3309
-25834.3027
-25838.7283
-25839.9577
-25838.5719
-25841.5223
-25841.2317
-25846.3279
-25846.2832
-25844.7633
-25844.2492
-25848.3620
-25847.2667
-25851.2006
-25847.8702
-25854.5310
-25853.0558
-25861.1024
-25862.3094
-25860.5660
-25858.6885
-25856.6992
-25854.7993
-25857.5932
-25857.1909
-25858.1297
-25859.2025
-25860.0296
-25858.3308
-25858.4649
-25861.0801
-25860.8789
-25862.9800
-25859.5602
-25869.3949
-25866.8915
-25868.3891
-25863.9635
-25869.3949
-25867.5845
-25873.6641
-25870.1102
-25872.4124
-25870.5349
-25873.0830
-25868.5903
-25870.0208
-25870.3561
-25877.0169
-25880.5485
-25877.4639
-25876.0558
-25876.6593
-25877.2628
-25875.5417
-25872.2113
-25878.0674
-25881.9343
-25876.0111
-25878.0004
-25873.2394
-25877.3969
-25874.5805
-25874.4688
-25877.0169
-25878.9168
-25874.8041
-25878.7380
-25881.1743
-25880.9731
-25881.8002
-25885.8458
-25885.6447
-25889.5562
-25892.0596
-25888.2151
-25890.9644
-25895.7029
-25892.9760
-25893.0207
-25889.9138
-25893.3337
-25895.5912
-25896.3958
-25898.8098
-25891.7243
-25896.0606
-25897.5134
-25905.0907
-25906.7671
-25913.0703
-25908.8458
-25907.1917
-25899.1228
-25902.7661
-25902.8555
-25900.2403
-25895.5018
-25902.5202
-25906.8788
-25899.7933
-25897.9605
-25894.7418
-25895.6806
-25896.2617
-25900.9333
-25896.1947
-25895.1665
-25893.1772
-25901.4026
-25899.3686
-25904.5319
-25899.4133
-25900.9780
-25896.7535
-25895.8147
-25891.3444
-25893.4007
-25889.2433
-25891.3891
-25891.9255
-25891.7020
-25889.1762
-25889.7574
-25885.0188
-25882.2248
-25882.3590
-25884.8847
-25885.1306
-25884.8847
-25883.3201
-25878.7603
-25875.5640
-25874.3347
-25870.9372
-25866.3775
-25864.7681
-25864.2540
-25865.2822
-25862.7341
-25863.4941
-25859.2025
-25862.1083
-25858.9790
-25858.6661
-25854.3969
-25859.2025
-25852.7652
-25853.6593
-25844.4727
-25837.3872
-25838.4825
-25836.5602
-25834.1239
-25822.9033
-25825.9432
-25821.6963
-25824.2668
-25818.8129
-25819.4388
-25821.8081
-25826.0996
-25823.1492
-25819.9976
-25810.5652
-25806.2960
-25805.9830
-25809.4252
-25803.9490
-25805.1113
-25799.5457
-25799.6575
-25798.1599
-25781.0385
-25637.2944
-25587.0254
-25612.1711
-25651.4654
-25684.9931
-25711.4575
-25734.5916
-25749.7684
-25756.8092
-25760.5643
-25766.5769
-25768.8121
-25775.6294
-25768.9909
-25767.5604
-25765.2358
-25766.2640
-25761.1231
-25826.0326
-26118.8181
-26056.6355
-25918.4347
-25835.3756
-25792.7955
-25766.7557
-25754.1717
-25751.4001
-25750.2601
-25749.7014
-25744.8510
-25742.7500
-25740.6042
-25745.7898
-25741.2077
-25736.2232
-25740.5148
-25738.5702
-25739.5090
-25737.8996
-25738.4584
-25740.4701
-25743.2864
-25741.2747
-25741.0736
-25741.4759
-25747.0862
-25733.9657
-25735.9774
-25736.7597
-25740.1572
-25739.2631
-25740.5371
-25743.8899
-25742.6829
-25737.1173
-25740.3807
-25743.7334
-25739.9336
-25745.6780
-25746.9744
-25744.8063
-25738.6596
-25742.1688
-25740.3807
-25745.5216
-25742.9511
-25741.5877
-25739.7995
-25745.3875
-25745.9016
-25747.6226
-25742.9288
-25752.4730
-25746.5274
-25748.8296
-25745.8121
-25748.6732
-25751.0648
-25751.6236
-25755.8928
-25756.2951
-25748.0697
-25747.6226
-25752.4730
-25752.8082
-25752.3389
-25755.9375
-25759.3797
-25758.9326
-25764.0512
-25760.1173
-25765.4146
-25759.6255
-25759.4691
-25752.8977
-25759.6702
-25763.2242
-25764.4312
-25761.0337
-25764.1629
-25763.4477
-25770.5332
-25766.4205
-25770.6673
-25771.7625
-25774.5788
-25774.3777
-25775.0706
-25775.6517
-25776.9705
-25778.3339
-25775.6070
-25782.7149
-25779.9209
-25782.2231
-25778.6022
-25782.7819
-25782.6255
-25791.1415
-25790.3145
-25787.4087
-25787.9228
-25793.7119
-25792.0803
-25798.0258
-25796.5953
-25801.3339
-25802.0491
-25805.7819
-25807.9500
-25812.2639
-25815.1026
-25814.9014
-25816.6672
-25815.5719
-25819.1929
-25819.4388
-25826.1667
-25826.3678
-25828.9159
-25826.3231
-25829.1842
-25829.7429
-25833.5874
-25832.3805
-25836.3367
-25833.4533
-25841.6564
-25844.9421
-25848.9878
-25845.5903
-25851.3794
-25851.4241
-25850.8653
-25852.3853
-25854.9557
-25855.5369
-25856.9897
-25857.5038
-25859.0461
-25861.8624
-25859.4484
-25863.6729
-25864.2317
-25865.0140
-25867.3609
-25872.1666
-25868.3668
-25872.8818
-25874.0218
-25874.8935
-25872.2113
-25880.2132
-25876.5028
-25879.5426
-25882.0013
-25881.6884
-25879.2521
-25883.1413
-25881.3308
-25884.3930
-25883.6777
-25884.5941
-25886.5611
-25888.8857
-25889.2656
-25887.0528
-25888.4163
-25886.3376
-25891.1655
-25885.5329
-25886.0693
-25888.3492
-25891.2102
-25889.4221
-25891.5008
-25890.5844
-25890.2268
-25888.0363
-25892.2608
-25890.3832
-25892.2831
-25894.4289
-25894.6524
-25890.3609
-25888.7963
-25886.0246
-25887.7904
-25884.6388
-25881.0849
-25886.9634
-25880.6826
-25879.6097
-25879.9673
-25880.2355
-25877.4863
-25875.7652
-25870.7137
-25871.2501
-25865.6846
-25867.4503
-25862.9576
-25864.1199
-25860.1413
-25857.5709
-25853.1676
-25847.8702
-25844.3610
-25845.6574
-25839.9353
-25835.6215
-25832.6263
-25820.9811
-25823.4621
-25814.2308
-25804.8655
-25807.7265
-25799.3669
-25785.7100
-25788.1687
-25778.7586
-25781.4855
-25773.5507
-25766.5993
-25759.7596
-25751.5342
-25747.5109
-25746.1251
-25743.6440
-25742.1241
-25734.6586
-25734.4128
-25726.5002
-25735.5303
-25728.8472
-25724.3768
-25721.6276
-25714.7656
-25719.1465
-25717.4478
-25722.1640
-25710.2282
-25714.2291
-25713.0668
-25714.6315
-25705.4225
-25708.0377
-25707.5460
-25707.1660
-25698.6947
-25700.8181
-25695.0737
-25703.3438
-25699.6111
-25697.6441
-25695.5431
-25702.6733
-25696.8395
-25690.8939
-25685.4624
-25688.2117
-25695.7666
-25690.4916
-25691.0951
-25690.1116
-25691.8550
-25690.4692
-25690.7374
-25684.3001
-25680.1427
-25680.1874
-25681.7744
-25681.1709
-25682.0650
-25680.7239
-25685.1942
-25689.9998
-25685.8424
-25681.6626
-25690.0669
-25685.7754
-25685.0601
-25682.4002
-25681.9979
-25681.7073
-25684.6578
-25673.2137
-25674.7336
-25677.0358
-25680.0980
-25681.2156
-25679.2487
-25678.2652
-25675.6053
-25681.3274
-25674.9571
-25672.9902
-25673.8619
-25683.0484
-25678.3993
-25677.0582
-25673.4596
-25679.4945
-25679.5392
-25681.3274
-25680.3662
-25681.0815
-25680.3886
-25688.7034
-25681.9756
-25687.7647
-25689.3516
-25691.8550
-25695.6325
-25688.1894
-25695.6101
-25692.9503
-25696.5266
-25697.9124
-25697.6441
-25698.4488
-25707.0766
-25708.4400
-25702.7180
-25701.8016
-25703.3438
-25705.6014
-25716.5314
-25713.2457
-25718.8783
-25710.7199
-25716.3525
-25712.8433
-25719.2806
-25714.8550
-25717.2690
-25719.3700
-25719.7053
-25718.6548
-25726.7238
-25726.1650
-25721.8064
-25729.7412
-25730.7247
-25735.3068
-25737.3855
-25736.7373
-25736.4691
-25746.7733
-25744.7393
-25751.5342
-25752.8082
-25758.0386
-25753.2776
-25761.9278
-25759.4244
-25764.7217
-25763.0006
-25765.0570
-25766.7557
-25770.5108
-25767.8510
-25761.2796
-25771.0473
-25772.3884
-25769.7062
-25774.8024
-25778.1775
-25780.8820
-25781.4855
-25783.3184
-25787.5205
-25785.2630
-25785.7994
-25790.7615
-25796.4612
-25794.5613
-25798.0035
-25800.7304
-25802.3174
-25800.3951
-25807.1900
-25806.7877
-25808.8664
-25808.1065
-25814.4544
-25812.9121
-25812.9791
-25814.5214
-25815.9072
-25817.1142
-25816.0637
-25819.0365
-25824.5350
-25824.1550
-25822.2104
-25826.2784
-25823.5515
-25825.3620
-25828.0666
-25834.4368
-25832.5593
-25832.9392
-25826.1443
-25828.6477
-25828.0219
-25829.5418
-25831.2852
-25825.8537
-25825.6526
-25827.0160
-25826.9490
-25825.3844
-25826.3678
-25830.1900
-25827.1501
-25831.4640
-25826.0102
-25822.7692
-25826.2337
-25819.1482
-25818.2094
-25814.7449
-25816.5107
-25812.2639
-25815.1696
-25811.3028
-25813.2474
-25804.1726
-25806.6312
-25798.1376
-25804.4184
-25797.5341
-25796.5730
-25787.7887
-25785.5088
-25785.1512
-25786.3806
-25779.5186
-25778.6916
-25772.9695
-25774.5118
-25778.7139
-25771.6508
-25767.2922
-25758.3291
-25760.6761
-25753.7247
-25758.8656
-25748.9861
-25747.2203
-25744.2252
-25744.9404
-25745.5663
-25753.6576
-25750.9978
-25745.0969
-25739.5760
-25738.5478
-25734.4798
-25729.5848
-25724.7345
-25728.5342
-25721.3146
-25725.5168
-25722.0299
-25717.9842
-25713.7597
-25714.2291
-25719.3477
-25718.2971
-25714.6762
-25717.2243
-25721.0911
-25711.5246
-25715.9502
-25706.7860
-25711.8822
-25704.9085
-25704.1708
-25704.3497
-25703.2321
-25699.8570
-25700.4828
-25693.1738
-25698.0465
-25697.8006
-25696.3477
-25693.9114
-25695.6101
-25698.4935
-25702.4274
-25703.3662
-25696.0572
-25701.1310
-25693.7326
-25696.2136
-25696.1466
-25698.3594
-25694.9619
-25693.9337
-25693.3750
-25692.7491
-25686.4236
-25685.4401
-25686.4683
-25693.3973
-25690.9386
-25685.5742
-25682.1320
-25693.0620
-25692.9279
-25694.4031
-25687.4741
-25691.3409
-25694.5819
-25687.4294
-25695.7889
-25692.9503
-25686.1777
-25686.9824
-25692.6597
-25696.9959
-25701.6898
-25697.8230
-25700.1028
-25699.2311
-25706.2272
-25708.2612
-25707.8589
-25707.8812
-25715.1456
-25715.0114
-25718.0289
-25719.0124
-25722.6781
-25724.0415
-25724.5109
-25725.5391
-25724.9356
-25724.1757
-25719.5265
-25719.7947
-25720.8452
-25730.2553
-25732.3340
-25736.4691
-25735.2621
-25736.2456
-25733.7646
-25738.1455
-25733.8763
-25740.3807
-25739.0619
-25741.5206
-25738.6372
-25745.3651
-25743.4205
-25749.6790
-25749.4555
-25750.0813
-25752.4730
-25758.5526
-25760.6090
-25755.7810
-25761.3243
-25755.0434
-25759.5361
-25767.3145
-25771.3378
-25769.6615
-25770.9132
-25771.3155
-25772.1649
-25771.6955
-25775.1823
-25776.7470
-25775.9870
-25774.3106
-25783.7207
-25776.3223
-25781.7761
-25786.6264
-25789.7333
-25785.4194
-25790.7615
-25795.6342
-25796.4612
-25797.1988
-25800.0822
-25794.7401
-25801.3339
-25804.9325
-25803.1444
-25808.1735
-25810.3416
-25812.8227
-25816.3095
-25816.2425
-25818.7906
-25824.1774
-25824.8479
-25832.2910
-25828.7818
-25832.1346
-25834.5039
-25836.4932
-25836.6273
-25837.1637
-25839.7789
-25847.3114
-25847.8479
-25850.4630
-25852.0947
-25859.5378
-25863.9411
-25868.5009
-25871.1384
-25866.7574
-25865.1928
-25863.6952
-25865.3269
-25867.1821
-25872.3677
-25872.3901
-25875.9664
-25874.9382
-25876.5699
-25877.6204
-25884.5494
-25884.3706
-25889.6680
-25886.9411
-25887.8575
-25892.9537
-25895.6806
-25898.7875
-25900.9109
-25903.4143
-25903.3472
-25898.9216
-25909.6504
-25918.2782
-25921.4075
-25912.6679
-25915.4395
-25910.2986
-25904.5542
-25908.1305
-25911.4386
-25913.4502
-25910.5445
-25915.0596
-25915.1043
-25919.0829
-25915.5736
-25923.1732
-25923.2179
-25926.8389
-25924.9837
-25928.5824
-25928.9623
-25927.5989
-25930.3034
-25928.2694
-25927.9565
-25928.1577
-25932.8292
-25933.7903
-25937.7242
-25937.6572
-25937.0090
-25938.4618
-25941.7699
-25942.0381
-25951.4482
-25949.8612
-19225.4060
-38266.6782
-38259.7269
-38266.0300
-38270.7016
-38266.0300
-38261.4256
-38267.7288
-38264.1749
-38266.7677
-38263.8619
-38258.4752
-38259.1904
-38256.1506
-38256.1506
-38261.4479
-38258.7434
-38252.7755
-38259.5927
-38254.5412
-38253.5801
-38249.7803
-38252.8202
-38251.2555
-38252.5743
-38251.8814
-38248.5733
-38246.0252
-38243.5665
-38246.6064
-38241.3761
-38240.2138
-38252.2167
-38253.6248
-38244.4159
-38251.0097
-38250.8309
-38256.2176
-38250.0262
-38254.7648
-38249.6015
-38245.2876
-38247.6569
-38249.1321
-38247.3887
-38245.8017
-38244.7065
-38253.0884
-38246.6287
-38246.3605
-38244.2147
-38243.7901
-38250.2944
-38250.6073
-38243.5218
-38248.6404
-38249.8474
-38250.1156
-38249.4898
-38254.1389
-38257.8493
-38249.6686
-38252.7531
-38248.6180
-38252.0602
-38248.8863
-38255.5918
-38258.0728
-38259.5033
-38259.0339
-38261.4032
-38259.2128
-38265.2030
-38257.3129
-38261.9620
-38261.1350
-38261.8279
-38258.7210
-38266.5888
-38268.7793
-38258.6540
-38263.3255
-38260.9115
-38267.3711
-38268.2652
-38266.0747
-38262.3420
-38264.5772
-38267.4606
-38268.8687
-38264.8454
-38268.8017
-38265.6948
-38275.5072
-38273.1155
-38276.6248
-38269.2040
-38272.4897
-38277.4518
-38273.8979
-38272.8473
-38270.1875
-38274.0543
-38274.4790
-38269.4499
-38275.7754
-38270.3439
-38272.8697
-38275.7754
-38273.6073
-38272.2662
-38269.2487
-38264.7783
-38268.6899
-38275.7754
-38275.7307
-38278.9941
-38273.1603
-38273.8085
-38282.2351
-38281.7433
-38282.0339
-38278.7258
-38278.9270
-38279.7987
-38281.8327
-38281.3857
-38280.1563
-38288.9629
-38291.5110
-38287.6889
-38285.0514
-38282.9056
-38288.6724
-38285.1408
-38284.7608
-38287.1301
-38288.2253
-38286.6384
-38297.5460
-38289.6782
-38293.2768
-38287.4430
-38288.0912
-38282.9950
-38291.4216
-38288.1359
-38285.0290
-38283.0621
-38275.8201
-38273.6967
-38277.8318
-38270.0310
-38275.9989
-38274.2331
-38269.7628
-38271.7074
-38276.5354
-38276.1107
-38273.9649
-38273.3614
-38267.8629
-38270.0981
-38268.3099
-38264.3760
-38256.1282
-38254.1166
-38248.6180
-38247.4110
-38240.8173
-38238.6268
-38234.2235
-38235.0952
-38224.6123
-38229.6191
-38228.3897
-38224.2099
-38225.8640
-38224.9475
-38215.9621
-38210.2624
-38208.7425
-38207.7367
-38210.1954
-38201.1206
-38196.2703
-38187.9331
-38185.9437
-38185.8096
-38182.9933
-38173.7173
-38172.6892
-38169.8728
-38165.4248
-38160.3063
-38154.1149
-38157.6017
-38156.2383
-38150.4939
-38154.6290
-38148.3928
-38140.9497
-38141.6426
-38140.7709
-38136.0547
-38136.4570
-38131.9419
-38128.1421
-38128.1868
-38128.0974
-38125.5493
-38124.7447
-38119.5814
-38110.7525
-38117.7262
-38110.1266
-38112.5853
-38106.6398
-38110.1937
-38108.2044
-38109.3220
-38102.1024
-38105.8574
-38099.3754
-38102.0353
-38097.4532
-38097.0732
-38094.4134
-38098.6825
-38096.8273
-38098.4590
-38094.0781
-38089.8759
-38089.6077
-38087.8643
-38090.3006
-38082.3211
-38084.1539
-38074.6991
-38075.7049
-38068.3065
-38072.6428
-38068.4183
-38069.3123
-38071.7934
-38075.3250
-38077.5154
-38071.6816
-38075.3697
-38074.4756
-38070.4523
-38079.8177
-38071.8828
-38074.6991
-38077.8060
-38080.5553
-38075.9508
-38077.1578
-38074.9226
-38076.3978
-38080.5329
-38079.7506
-38081.8740
-38076.7331
-38081.4046
-38080.2647
-38083.4386
-38081.9187
-38073.1792
-38067.7030
-38085.4727
-38075.7273
-38076.1073
-38079.9294
-38088.9595
-38089.3842
-38090.1889
-38086.3891
-38086.0538
-38083.8857
-38088.9372
-38092.6029
-38094.0110
-38091.0159
-38087.3055
-38091.8653
-38087.8643
-38092.4464
-38092.2452
-38096.2462
-38094.1451
-38101.6106
-38100.6718
-38101.4542
-38103.7787
-38109.6125
-38116.3628
-38113.2559
-38106.5951
-38115.2452
-38114.0829
-38113.3900
-38111.8030
-38119.1344
-38119.2014
-38120.0061
-38118.5979
-38120.8108
-38122.6883
-38122.2860
-38127.0916
-38126.0858
-38127.8963
-38126.4658
-38127.0022
-38130.6902
-38137.1946
-38136.7699
-38140.3462
-38137.2393
-38139.0051
-38139.9215
-38146.2247
-38147.4764
-38152.3714
-38148.8398
-38150.4939
-38149.4210
-38149.5551
-38151.2315
-38156.7300
-38155.3666
-38157.4676
-38158.4958
-38155.9701
-38154.2490
-38153.6008
-38158.6523
-38160.6192
-38166.5424
-38169.7834
-38167.6824
-38163.5696
-38166.7883
-38168.8447
-38169.8728
-38164.5531
-38172.8456
-38176.1984
-38176.1984
-38174.9020
-38176.3101
-38177.8971
-38182.0322
-38186.0779
-38187.8883
-38189.0283
-38193.3198
-38188.8718
-38193.1634
-38195.5550
-38198.5054
-38199.7348
-38203.7581
-38209.0778
-38208.8990
-38215.5151
-38206.9991
-38210.7318
-38205.5239
-38207.8485
-38208.1837
-38211.8047
-38208.8990
-38215.4928
-38212.2517
-38216.0068
-38219.6055
-38225.4169
-38224.7687
-38222.3771
-38224.9475
-38226.9815
-38229.3285
-38229.9096
-38232.7036
-38229.1050
-38230.6472
-38223.2935
-38228.6579
-38234.0447
-38239.6550
-38232.4577
-38234.7600
-38231.1613
-38239.9679
-38238.1351
-38241.5772
-38238.5374
-38243.2760
-38237.4645
-38232.9718
-38234.5141
-38244.5500
-38253.0884
-38254.6754
-38252.7084
-38252.2614
-38245.7570
-38246.0699
-38245.3547
-38251.3449
-38256.2176
-38258.2516
-38258.1622
-38257.7823
-38260.0845
-38262.0291
-38269.5393
-38266.9912
-38271.7968
-38272.6909
-38276.8706
-38271.2827
-38272.5344
-38268.9358
-38268.6899
-38265.0913
-38266.6559
-38264.1525
-38269.0475
-38278.7929
-38275.5072
-38279.6423
-38276.7589
-38275.8872
-38278.3235
-38280.4916
-38283.6432
-38285.8113
-38290.0582
-38292.5839
-38284.4032
-38287.8006
-38288.2477
-38294.5062
-38291.0640
-38292.2486
-38287.3089
-38289.5217
-38289.6335
-38289.7452
-38291.4216
-38293.1204
-38294.4615
-38299.4012
-38300.4964
-38298.6189
-38297.3001
-38295.5791
-38296.6072
-38299.4012
-38301.5470
-38298.1048
-38299.3118
-38294.6403
-38297.0766
-38297.7695
-38302.5081
-38301.7258
-38302.3516
-38303.3351
-38305.2127
-38299.6024
-38302.0611
-38300.7200
-38299.4683
-38295.4002
-38294.8861
-38300.4070
-38299.0883
-38301.5246
-38300.7200
-38298.5295
-38295.8026
-38299.7141
-38301.8599
-38304.0951
-38305.3691
-38301.4129
-38304.6539
-38308.4313
-38307.9396
-38312.7452
-38309.1242
-38318.3778
-38311.6500
-38319.0260
-38314.9804
-38321.7306
-38323.5411
-38324.0552
-38315.7180
-38318.3555
-38317.2155
-38318.6908
-38319.5625
-38322.3341
-38320.0766
-38319.1378
-38318.6684
-38318.0202
-38324.4352
-38325.1504
-38330.3807
-38322.0212
-38324.3681
-38322.0212
-38326.8938
-38333.6664
-38322.8482
-38321.8200
-38323.8540
-38314.5557
-38319.9648
-38317.8414
-38324.1669
-38324.4352
-38324.1669
-38324.4799
-38324.6587
-38327.6538
-38326.8938
-38327.5197
-38329.0843
-38326.2903
-38324.5693
-38328.5926
-38329.0173
-38325.2622
-38323.6305
-38324.6363
-38315.1368
-38316.0309
-38316.3215
-38325.8210
-38323.2729
-38321.3730
-38321.1494
-38323.0046
-38330.9842
-38325.6645
-38320.3671
-38326.6480
-38324.2340
-38324.5469
-38325.1057
-38328.0338
-38325.7986
-38326.7374
-38325.8880
-38322.2894
-38315.0251
-38318.0873
-38325.8880
-38324.6810
-38327.3856
-38321.2389
-38322.3117
-38320.3001
-38325.6645
-38314.6674
-38318.1096
-38318.1990
-38321.8871
-38332.0571
-38323.2729
-38327.2291
-38325.9104
-38321.3953
-38320.4342
-38325.8433
-38326.7597
-38323.0046
-38325.8433
-38326.4245
-38327.2515
-38331.6101
-38336.1251
-38336.5722
-38333.1300
-38337.8909
-38334.5381
-38329.4419
-38332.1018
-38332.4818
-38342.8083
-38335.8122
-38332.5712
-38329.3525
-38332.6829
-38324.9045
-38325.6645
-38330.5372
-38328.4361
-38331.5207
-38326.0445
-38322.3117
-38316.6791
-38326.2456
-38319.0707
-38325.5974
-38327.5644
-38332.5712
-38327.3632
-38330.3360
-38337.2651
-38333.2641
-38330.3807
-38326.5809
-38324.4128
-38322.0435
-38322.4235
-38316.7462
-38323.2282
-38325.3739
-38318.2214
-38327.5867
-38327.7209
-38325.3516
-38326.0668
-38324.5022
-38333.5323
-38338.3603
-38333.5323
-38337.4439
-38330.7830
-38335.9910
-38336.6616
-38336.7510
-38341.2437
-38336.2592
-38337.2651
-38327.6762
-38331.0066
-38328.7714
-38335.6110
-38337.4662
-38337.1756
-38342.1601
-38339.1426
-38338.4273
-38337.2874
-38344.0153
-38340.7072
-38345.3340
-38341.7801
-38341.3778
-38343.2330
-38340.4390
-38343.5906
-38344.6858
-38341.2437
-38339.9473
-38342.0260
-38337.3545
-38339.9473
-38336.6169
-38336.6169
-38337.1756
-38342.6071
-38334.6275
-38336.7733
-38335.5887
-38335.7451
-38335.1640
-38336.3263
-38334.0017
-38337.2427
-38332.1912
-38335.9016
-38336.2145
-38336.0134
-38334.5605
-38339.2320
-38338.5168
-38343.1436
-38348.6644
-38339.9920
-38339.9026
-38339.3214
-38343.0765
-38336.2369
-38341.3107
-38338.0027
-38340.6625
-38339.9473
-38338.1368
-38335.4993
-38335.9463
-38337.0415
-38342.1824
-38332.7947
-38330.2466
-38329.4866
-38331.6771
-38329.5984
-38327.6538
-38326.6927
-38327.9220
-38324.8598
-38327.0503
-38328.0561
-38322.7364
-38323.2282
-38324.6140
-38327.2738
-38326.3574
-38328.7043
-38325.8880
-38325.5080
-38330.2243
-38329.2855
-38326.3351
-38327.9667
-38318.3555
-38322.4235
-38317.8414
-38325.6869
-38325.9104
-38324.7928
-38317.1261
-38320.9930
-38320.1213
-38329.0396
-38330.4254
-38328.4138
-38331.7218
-38329.7996
-38331.5207
-38331.0066
-38330.6266
-38330.1125
-38330.8948
-38330.2466
-38330.7607
-38328.0561
-38330.6266
-38328.7267
-38326.2009
-38324.8598
-38332.5265
-38331.6995
-38331.2301
-38327.2291
-38331.0960
-38328.4361
-38328.3914
-38330.3360
-38329.8666
-38325.7763
-38324.9939
-38330.3360
-38329.9337
-38331.6324
-38327.2738
-38326.4021
-38328.7043
-38332.4371
-38326.0892
-38331.5430
-38328.5479
-38330.8501
-38324.8822
-38330.6042
-38332.1242
-38332.3253
-38329.0396
-38264.7560
-38331.6995
-38359.2368
-38345.6023
-38333.1747
-38323.9211
-38322.2447
-38317.2602
-38320.2330
-38321.0824
-38317.3497
-38318.5790
-38316.7909
-38315.4274
-38319.5178
-38312.9240
-38312.9464
-38313.5499
-38311.3817
-38314.4216
-38314.4216
-38309.7054
-38304.1621
-38305.9503
-38301.5693
-38306.7102
-38300.1835
-38299.1553
-38299.2894
-38299.6694
-38301.1446
-38300.7647
-38301.6364
-38300.6305
-38297.8589
-38296.5178
-38296.6966
-38293.1874
-38289.0076
-38283.1515
-38280.9610
-38277.9435
-38272.5344
-38273.7414
-38275.9766
-38273.7190
-38281.1845
-38276.4683
-38275.6413
-38272.1321
-38278.8376
-38275.6860
-38275.9766
-38269.8745
-38273.7414
-38264.5995
-38255.6365
-38254.4742
-38255.6812
-38254.0495
-38254.0048
-38254.4742
-38252.9096
-38254.6530
-38251.8367
-38251.1661
-38248.1263
-38250.2274
-38244.6618
-38240.9737
-38241.5996
-38245.1982
-38242.4266
-38243.4324
-38233.4189
-38240.0350
-38235.4976
-38237.4422
-38232.0107
-38233.5306
-38224.0535
-38227.9203
-38226.2439
-38229.3061
-38231.8989
-38230.9155
-38228.3674
-38230.0214
-38234.5364
-38236.3022
-38234.8717
-38237.4422
-38240.7949
-38227.1157
-38234.9611
-38234.0671
-38232.9271
-38230.9155
-38236.2799
-38232.0330
-38239.9456
-38235.8552
-38235.0729
-38225.3275
-38231.0272
-38233.8212
-38234.7153
-38234.2012
-38235.0282
-38228.2556
-38230.1778
-38225.1934
-38212.9670
-38204.2498
-38214.1069
-38227.5627
-38227.6745
-38225.8863
-38227.6297
-38230.8484
-38239.4091
-38256.7988
-38242.7395
-38239.4091
-38222.9806
-38224.2546
-38221.7959
-38227.0710
-38225.1487
-38227.7862
-38228.4344
-38232.7706
-38234.8047
-38239.3868
-38235.6093
-38229.4626
-38230.4237
-38232.5918
-38233.7541
-38231.2731
-38232.9271
-38229.7532
-38235.3187
-38231.8095
-38230.7813
-38227.7192
-38236.3246
-38234.5811
-38238.6268
-38237.8668
-38243.0525
-38239.3868
-38241.6666
-38239.0962
-38241.2643
-38246.6511
-38252.8649
-38252.6861
-38256.8435
-38253.7589
-38251.0097
-38252.2167
-38246.8075
-38248.0369
-38250.6520
-38248.4392
-38247.4334
-38247.2769
-38246.3605
-38250.1380
-38251.5014
-38253.5578
-38255.8376
-38259.6821
-38254.4295
-38258.0952
-38260.5092
-38264.0854
-38255.6365
-38259.1681
-38257.1788
-38262.8114
-38262.1855
-38259.3245
-38256.5976
-38264.1078
-38265.8289
-38269.1146
-38269.2487
-38266.3877
-38267.3935
-38267.6841
-38274.2108
-38268.3099
-38269.7851
-38271.5509
-38276.8036
-38275.1943
-38275.1272
-38274.4790
-38275.6413
-38273.0708
-38278.3682
-38279.3740
-38280.2681
-38271.8862
-38276.5801
-38278.5694
-38278.9941
-38278.3906
-38278.7705
-38283.4421
-38282.1680
-38284.0679
-38284.9620
-38284.1573
-38281.8551
-38284.2914
-38281.6763
-38283.1962
-38280.4022
-38284.0456
-38288.8065
-38294.1932
-38292.9415
-38299.1106
-38297.7025
-38297.9260
-38298.0154
-38304.1398
-38303.9386
-38305.7714
-38303.7598
-38306.1738
-38307.2690
-38306.8667
-38301.8599
-38305.0338
-38305.6373
-38306.2185
-38303.8715
-38301.9269
-38306.1961
-38303.4692
-38307.3361
-38300.8094
-38301.8152
-38302.3069
-38306.0397
-38298.8871
-38303.5139
-38301.7705
-38302.5081
-38299.1777
-38296.6966
-38300.4741
-38308.1854
-38301.0552
-38301.6587
-38303.9610
-38308.4537
-38306.6655
-38303.2904
-38304.0057
-38305.3468
-38301.8822
-38301.8152
-38299.2000
-38299.3788
-38297.1660
-38294.3274
-38297.5460
-38297.5907
-38298.3954
-38294.9979
-38294.3721
-38285.9231
-38290.0358
-38289.5441
-38292.6733
-38291.2875
-38288.0912
-38287.0854
-38289.3429
-38294.3944
-38290.9075
-38292.3828
-38290.2146
-38290.3934
-38294.8191
-38298.5518
-38289.4323
-38288.3371
-38291.5334
-38293.4556
-38291.5110
-38293.1651
-38293.4556
-38293.7015
-38289.7899
-38294.0368
-38296.6296
-38299.1777
-38297.1660
-38302.6869
-38298.0824
-38300.2729
-38299.1330
-38300.1612
-38294.6626
-38295.9814
-38294.0591
-38290.1699
-38289.6335
-38290.0135
-38293.3215
-38287.5324
-38291.2875
-38296.1155
-38297.7695
-38292.4275
-38293.8803
-38294.3497
-38297.3225
-38290.9075
-38294.7297
-38289.2312
-38297.2778
-38293.2545
-38296.5402
-38289.8570
-38297.0543
-38298.3507
-38292.8968
-38291.3546
-38293.6121
-38292.0698
-38297.2554
-38296.7860
-38294.7073
-38297.7248
-38300.4517
-38296.0931
-38293.2321
-38296.0484
-38296.5625
-38299.8706
-38295.9814
-38299.4906
-38292.3828
-38292.8521
-38290.0582
-38294.8638
-38294.2156
-38294.0591
-38287.3313
-38291.5557
-38291.4663
-38294.5062
-38294.7744
-38299.0659
-38287.1077
-38296.4061
-38298.7530
-38298.2389
-38303.4245
-38305.3915
-38303.5363
-38300.1835
-38303.7821
-38306.3079
-38306.3302
-38297.8589
-38303.6704
-38299.5353
-38303.0222
-38298.3060
-38301.6364
-38299.7812
-38301.3011
-38292.7627
-38301.2117
-38297.9260
-38305.2797
-38304.5421
-38303.8715
-38309.9289
-38308.8113
-38306.4867
-38298.6859
-38314.9133
-38314.6004
-38311.4935
-38307.1573
-38303.4916
-38302.4634
-38304.6986
-38307.8725
-38311.2476
-38302.2399
-38307.5149
-38304.0280
-38305.6373
-38302.6422
-38299.7141
-38307.5596
-38311.7617
-38306.9114
-38303.3575
-38303.3575
-38293.5674
-38308.1631
-38315.0251
-38310.4206
-38311.5605
-38311.8288
-38309.9289
-38308.4537
-38305.3915
-38310.5771
-38306.4644
-38309.5489
-38304.7880
-38307.6043
-38302.6199
-38308.3195
-38304.9668
-38307.2467
-38305.7491
-38307.2020
-38304.5868
-38311.6723
-38307.9172
-38312.3876
-38308.6995
-38305.6373
-38302.9775
-38308.5654
-38309.1466
-38309.3254
-38310.1971
-38307.5149
-38313.1252
-38313.6840
-38314.0416
-38313.5275
-38320.8812
-38316.6567
-38320.9930
-38319.2048
-38323.0717
-38318.1767
-38323.5411
-38323.4070
-38325.6645
-38325.7316
-38329.4866
-38323.6081
-38327.1174
-38317.9531
-38321.4847
-38320.7918
-38322.6470
-38319.4060
-38319.1601
-38320.0989
-38322.6247
-38319.1154
-38317.5955
-38324.5246
-38328.1008
-38325.9998
-38326.8044
-38331.6771
-38332.7500
-38331.2971
-38327.3409
-38332.3924
-38324.2340
-38324.2563
-38321.3283
-38326.7597
-38324.2340
-38326.2903
-38324.6587
-38327.8550
-38329.9337
-38329.5537
-38327.3856
-38332.1689
-38335.6781
-38331.4536
-38329.9560
-38326.3351
-38334.0241
-38331.8112
-38333.2194
-38333.7782
-38334.1805
-38332.9512
-38328.9279
-38328.7937
-38335.0969
-38336.7957
-38344.3282
-38341.7801
-38336.9298
-38331.4536
-38335.0075
-38335.6110
-38334.4040
-38330.9842
-38337.6450
-38330.9395
-38327.5867
-38325.4633
-38328.0785
-38330.9619
-38331.6548
-38334.2476
-38338.5838
-38336.6392
-38336.4604
-38339.7908
-38340.5731
-38342.0930
-38339.6120
-38339.5673
-38340.5508
-38343.2777
-38336.5722
-38342.3613
-38339.3661
-38333.5547
-38332.5265
-38329.2855
-38332.3253
-38338.1368
-38330.0007
-38336.5722
-38338.3156
-38337.3768
-38342.7412
-38337.8015
-38340.1037
-38338.2932
-38335.1193
-38336.2145
-38343.1436
-38337.8462
-38338.5168
-38337.2204
-38339.9920
-38339.0308
-38339.7685
-38331.5207
-38336.0134
-38338.3379
-38338.1815
-38329.7996
-38333.8676
-38336.7733
-38337.1309
-38335.0299
-38332.7053
-38330.3807
-38335.4769
-38340.0590
-38338.6062
-38336.7733
-38327.5867
-38332.7724
-38328.1679
-38333.9793
-38329.0843
-38330.5595
-38323.6528
-38330.7383
-38332.3477
-38332.3477
-38333.0406
-38339.6790
-38332.7724
-38331.2301
-38328.9949
-38333.5770
-38328.8161
-38332.3030
-38329.9560
-38327.7656
-38323.4070
-38323.4517
-38324.4575
-38331.3865
-38331.0960
-38332.3030
-38330.0454
-38328.6149
-38332.1242
-38332.6159
-38339.1873
-38339.1873
-38340.7966
-38335.2087
-38334.0688
-38331.9006
-38337.2651
-38333.5994
-38333.5770
-38332.1912
-38332.9735
-38332.1465
-38335.0299
-38333.1300
-38333.3759
-38340.0143
-38347.7033
-38346.0046
-38335.9240
-38329.4643
-38325.7539
-38328.3244
-38331.6995
-38333.6888
-38330.6936
-38336.1475
-38333.6441
-38334.5828
-38329.7996
-38332.1242
-38332.4147
-38339.1426
-38334.0464
-38332.5041
-38330.7383
-38332.2583
-38331.6101
-38329.9337
-38324.5246
-38326.9609
-38323.4070
-38329.7325
-38331.8783
-38332.5041
-38335.8345
-38331.9453
-38334.8287
-38335.0299
-38334.3593
-38330.2913
-38331.2971
-38329.5314
-38336.7510
-38333.8452
-38331.5654
-38328.7267
-38327.8103
-38323.2952
-38332.0124
-38328.4585
-38330.2466
-38330.7607
-38338.9191
-38334.4264
-38338.7403
-38340.6625
-38342.9200
-38336.2592
-38339.2544
-38343.2553
-38341.1766
-38337.8909
-38335.4993
-38336.7510
-38334.1805
-38336.8404
-38336.4604
-38331.2971
-38332.3253
-38337.4662
-38332.6159
-38336.2369
-38338.4944
-38341.5342
-38345.7587
-38345.8705
-38340.1931
-38343.9706
-38342.7636
-38340.4167
-38342.6071
-38337.5556
-38338.5168
-38341.8472
-38341.5342
-38335.9463
-38333.5994
-38337.3321
-38335.1193
-38334.2029
-38337.5780
-38331.6995
-38331.0736
-38331.5877
-38333.8676
-38327.0056
-38331.7442
-38331.6324
-38328.7714
-38327.2291
-38333.2641
-38329.9337
-38334.2923
-38326.2680
-38331.2748
-38332.6382
-38338.0027
-38335.9240
-38338.2932
-38337.6227
-38333.2194
-38333.5770
-38332.9288
-38337.6897
-38339.0308
-38335.9016
-38330.4478
-38333.3982
-38330.4478
-38334.1582
-38333.8229
-38339.6120
-38335.5663
-38334.6946
-38332.4594
-38335.3205
-38331.7665
-38337.1756
-38333.8229
-38330.6713
-38327.6315
-38334.0911
-38331.4312
-38327.7656
-38328.7267
-38330.5595
-38335.4322
-38333.2641
-38330.5148
-38328.3691
-38330.0007
-38327.4079
-38332.6382
-38331.5877
-38337.0862
-38337.1756
-38338.6956
-38333.9793
-38335.0299
-38332.8841
-38333.5547
-38331.8783
-38332.4594
-38327.5867
-38325.9774
-38325.9104
-38324.7257
-38326.1115
-38325.0163
-38328.8384
-38326.2903
-38321.4177
-38318.3555
-38323.2952
-38325.4186
-38331.3418
-38332.4594
-38330.5819
-38328.4585
-38332.8394
-38327.5197
-38330.9395
-38331.5207
-38330.5595
-38327.6538
-38329.9560
-38329.0843
-38328.8161
-38329.4196
-38333.6664
-38329.0396
-38328.7043
-38325.4633
-38328.2573
-38324.4575
-38327.2515
-38334.5828
-38331.6995
-38334.2029
-38329.1514
-38329.8443
-38332.0347
-38333.4429
-38328.7714
-38332.4371
-38331.2524
-38334.6499
-38328.2797
-38332.7053
-38325.7763
-38322.7364
-38319.1601
-38320.6130
-38317.5508
-38317.6179
-38315.7627
-38321.9318
-38321.9988
-38320.3895
-38329.6431
-38322.8705
-38315.6956
-38320.3895
-38320.3448
-38318.9143
-38315.4945
-38311.8511
-38310.4206
-38308.6101
-38313.4604
-38312.5664
-38311.7841
-38307.4031
-38309.2360
-38302.7540
-38304.1845
-38302.8434
-38307.6043
-38304.5868
-38303.3575
-38294.3944
-38289.6111
-38287.0183
-38287.8677
-38285.0514
-38285.9454
-38288.4712
-38283.0174
-38281.0951
-38279.3964
-38277.9435
-38273.2944
-38271.3274
-38267.0135
-38266.9018
-38260.3527
-38259.5033
-38259.3692
-38262.3644
-38255.7706
-38261.1574
-38254.2730
-38263.1020
-38257.7599
-38261.2915
-38254.8318
-38251.6802
-38248.4839
-38254.3177
-38252.7978
-38247.0758
-38253.6472
-38252.3061
-38251.4120
-38247.3887
-38250.0038
-38249.5121
-38247.6122
-38242.6054
-38239.8338
-38239.7891
-38241.6219
-38239.3644
-38238.8950
-38235.8105
-38234.5141
-38229.6861
-38230.3790
-38228.4791
-38228.1438
-38226.1098
-38230.4237
-38234.5811
-38228.5238
-38229.8649
-38229.0603
-38229.7755
-38227.5403
-38228.4121
-38231.8542
-38226.3557
-38222.0642
-38225.7075
-38229.2167
-38227.3168
-38224.2770
-38224.8134
-38222.7124
-38218.2644
-38217.5938
-38222.5336
-38221.2595
-38219.7619
-38214.8222
-38219.6502
-38215.6939
-38214.3081
-38211.1789
-38212.8999
-38221.0360
-38223.0029
-38214.3752
-38218.7785
-38221.1030
-38218.3314
-38221.8183
-38219.3373
-38220.4995
-38215.8727
-38213.9728
-38214.0622
-38217.8844
-38212.2741
-38216.5433
-38218.8679
-38221.7512
-38221.2371
-38223.6511
-38223.6511
-38221.5501
-38221.4830
-38219.4714
-38214.9116
-38218.7338
-38210.0389
-38211.3130
-38212.5423
-38211.9612
-38209.9495
-38210.8212
-38208.8543
-38201.6123
-38211.3577
-38212.5870
-38216.5209
-38218.3538
-38222.1983
-38214.7104
-38222.4665
-38219.9184
-38219.9407
-38215.0681
-38220.0972
-38218.4879
-38222.3547
-38217.6609
-38225.0816
-38223.2712
-38218.7114
-38219.9184
-38218.9796
-38217.2362
-38223.1594
-38223.5841
-38225.0593
-38226.7133
-38229.8426
-38227.4286
-38222.5112
-38224.0535
-38222.9806
-38231.9883
-38232.5918
-38236.4810
-38234.9388
-38237.8892
-38238.8280
-38238.7162
-38237.9786
-38241.3090
-38235.9222
-38236.0340
-38239.9232
-38241.5996
-38242.2478
-38244.4606
-38243.7230
-38244.8182
-38245.5558
-38251.2108
-38242.8066
-38242.3372
-38246.7181
-38244.9300
-38246.7405
-38248.1710
-38253.2448
-38250.8085
-38248.4616
-38246.8075
-38252.1049
-38245.1535
-38252.9766
-38253.7589
-38253.2225
-38252.6861
-38253.4907
-38255.0106
-38256.4188
-38257.4693
-38260.4868
-38256.8658
-38257.7375
-38253.6248
-38254.9436
-38255.0330
-38259.7045
-38256.1729
-38257.1788
-38263.5490
-38265.7618
-38273.6967
-38266.4771
-38269.8969
-38266.5888
-38270.0087
-38270.9474
-38276.3566
-38275.4401
-38277.4741
-38276.5577
-38281.2963
-38274.2555
-38273.7861
-38273.0038
-38278.5917
-38276.4460
-38276.6471
-38281.6092
-38275.3954
-38280.1340
-38280.6704
-38286.6160
-38281.7433
-38282.6597
-38277.6306
-38279.9775
-38279.2399
-38277.3400
-38278.6811
-38279.5305
-38283.2409
-38284.0679
-38281.4751
-38287.4877
-38285.4537
-38288.5159
-38283.3974
-38291.8016
-38291.5110
-38291.8910
-38285.3643
-38286.5266
-38287.8453
-38285.0514
-38281.7210
-38278.0553
-38279.9999
-38275.6413
-38276.9600
-38275.3731
-38283.3750
-38282.0339
-38286.2360
-38281.9892
-38288.9629
-38288.5159
-38294.1485
-38290.1476
-38297.5907
-38299.2447
-38296.8084
-38290.6617
-38297.9260
-38293.0533
-38288.5383
-38287.5771
-38293.2098
-38289.0300
-38285.8784
-38281.0057
-38286.4148
-38289.4100
-38287.2195
-38283.7773
-38286.1466
-38295.9367
-38293.0757
-38298.6859
-38291.8240
-38296.6072
-38294.7520
-38297.9036
-38293.3215
-38292.8968
-38290.5723
-38288.9853
-38287.7783
-38293.1651
-38291.5557
-38292.0698
-38293.2768
-38292.0475
-38292.5392
-38292.6286
-38298.2836
-38299.9376
-38300.1165
-38297.3672
-38301.1893
-38299.7588
-38303.5810
-38303.2457
-38306.3526
-38297.5460
-38296.3390
-38296.8755
-38303.5139
-38301.3011
-38305.2797
-38304.2739
-38310.8900
-38306.4867
-38304.9891
-38299.8035
-38302.3740
-38301.3011
-38299.9823
-38300.6082
-38297.0319
-38296.1378
-38304.0280
-38300.7200
-38298.7306
-38301.3458
-38294.1932
-38293.2545
-38295.8473
-38300.6752
-38299.7812
-38301.5023
-38302.3293
-38299.3341
-38293.7909
-38298.1272
-38295.4896
-38305.8385
-38303.0669
-38301.8375
-38296.4284
-38294.4838
-38290.6170
-38297.6131
-38297.5237
-38294.8191
-38295.9590
-38297.2778
-38297.1437
-38298.2613
-38305.9056
-38309.0572
-38313.0134
-38306.9784
-38304.7656
-38302.9998
-38308.2972
-38307.8278
-38308.6101
-38306.4196
-38310.2194
-38307.2690
-38304.8997
-38304.3856
-38306.6655
-38304.7433
-38309.2807
-38308.1184
-38306.5314
-38299.5130
-38297.7695
-38295.6238
-38295.6908
-38302.6199
-38305.1009
-38305.0562
-38301.6811
-38306.8667
-38305.5703
-38310.9123
-38314.0192
-38313.0805
-38309.3477
-38313.9522
-38309.4595
-38311.8288
-38309.9959
-38312.3429
-38312.1193
-38311.7170
-38306.7549
-38310.9347
-38305.8385
-38309.8171
-38309.3254
-38313.2816
-38315.5615
-38312.9687
-38314.9580
-38316.2544
-38318.9366
-38317.3497
-38319.3390
-38316.5673
-38318.2214
-38309.9959
-38312.0299
-38312.6558
-38310.1524
-38304.4080
-38306.7102
-38305.9279
-38312.9240
-38310.4430
-38315.2709
-38312.3429
-38313.1252
-38312.2758
-38313.2816
-38305.0785
-38305.3468
-38309.3924
-38311.2923
-38311.4935
-38309.4818
-38310.8900
-38309.2583
-38308.2301
-38306.4196
-38305.8609
-38306.7773
-38307.8725
-38303.3798
-38306.7102
-38305.7714
-38303.9386
-38302.8210
-38309.5489
-38309.2136
-38315.2262
-38311.2253
-38310.5771
-38311.6053
-38315.0251
-38315.0027
-38314.9133
-38313.2146
-38312.8569
-38314.3769
-38314.3545
-38314.2428
-38317.7520
-38315.2709
-38316.2991
-38317.6849
-38316.3885
-38321.8871
-38321.1718
-38323.8093
-38316.8803
-38324.6363
-38320.3895
-38323.8317
-38321.9318
-38322.1106
-38316.0085
-38317.4838
-38318.6908
-38320.8365
-38316.5226
-38316.2991
-38313.3710
-38310.9794
-38307.9619
-38310.0406
-38307.3808
-38304.5197
-38309.5712
-38303.4692
-38311.4488
-38308.4760
-38315.8968
-38316.8132
-38319.1154
-38314.7121
-38321.2389
-38322.6470
-38323.4293
-38320.6130
-38325.4857
-38320.1213
-38315.7180
-38311.7170
-38317.2155
-38319.9872
-38318.3331
-38317.4838
-38318.6908
-38318.9143
-38314.7121
-38315.2933
-38316.0309
-38324.3010
-38320.9930
-38321.0153
-38316.5226
-38321.1047
-38319.7413
-38326.0892
-38321.7976
-38331.0960
-38320.6577
-38325.3516
-38318.6908
-38324.3234
-38321.6859
-38325.2398
-38320.1213
-38319.4507
-38316.9250
-38317.0367
-38314.5333
-38315.7403
-38312.9911
-38319.2719
-38319.4060
-38321.7082
-38323.1835
-38325.4410
-38332.4594
-38329.7772
-38328.5702
-38323.1835
-38330.5372
-38330.2690
-38328.0785
-38317.1708
-38314.1086
-38311.1135
-38313.7957
-38313.5499
-38311.9182
-38306.7996
-38311.2923
-38309.6830
-38309.9512
-38307.0902
-38313.5499
-38307.4255
-38308.5878
-38314.2204
-38313.5499
-38314.1757
-38309.1466
-38312.2087
-38312.5440
-38318.6013
-38311.8288
-38311.4711
-38309.4595
-38313.3487
-38315.9415
-38318.9590
-38316.5673
-38320.7471
-38310.7335
-38314.6227
-38309.2360
-38313.1922
-38314.7568
-38313.0805
-38314.5110
-38316.8132
-38316.6120
-38309.9959
-38314.2651
-38315.7403
-38316.8132
-38314.0639
-38314.0192
-38312.9687
-38317.0814
-38311.5605
-38312.3652
-38311.6723
-38310.2418
-38311.0018
-38313.4604
-38312.0970
-38316.8132
-38311.0018
-38319.8977
-38317.5061
-38317.5955
-38319.5848
-38319.8307
-38319.7860
-38318.9590
-38319.5625
-38317.1708
-38315.7403
-38314.1757
-38313.7957
-38317.7073
-38321.4624
-38313.3487
-38311.3370
-38313.3263
-38316.7909
-38314.8239
-38311.5158
-38309.0572
-38308.5654
-38307.2914
-38311.1359
-38307.3584
-38310.3759
-38306.3973
-38302.9328
-38298.7306
-38302.0611
-38300.2506
-38293.0980
-38292.9862
-38296.4508
-38289.1641
-38292.2710
-38296.3390
-38291.1981
-38287.8006
-38285.4984
-38287.7783
-38290.3040
-38290.7958
-38286.6607
-38287.6665
-38277.8988
-38283.6432
-38277.7200
-38280.9610
-38280.4916
-38285.4090
-38279.1058
-38283.5985
-38282.5256
-38274.7919
-38270.6345
-38277.6082
-38276.6024
-38271.6403
-38269.2487
-38268.9581
-38272.4673
-38274.8813
-38276.8930
-38275.1943
-38275.3954
-38280.3575
-38281.4304
-38283.5538
-38284.3808
-38281.6316
-38277.0271
-38275.9542
-38276.7365
-38272.5344
-38274.0767
-38277.9882
-38276.9153
-38276.3118
-38276.6248
-38269.6734
-38273.1603
-38267.8629
-38272.1097
-38271.0145
-38271.8862
-38274.4790
-38272.8473
-38278.6811
-38281.8104
-38282.8833
-38280.6704
-38282.8386
-38282.9280
-38277.5859
-38279.7764
-38276.9377
-38269.7628
-38273.5626
-38268.1758
-38274.6355
-38272.0874
-38276.9600
-38274.8143
-38275.2613
-38272.7356
-38277.6530
-38276.5130
-38278.1000
-38278.3235
-38283.3303
-38281.9445
-38285.6996
-38282.2574
-38272.6015
-38275.5966
-38271.4839
-38274.4567
-38271.5509
-38273.4285
-38274.9931
-38273.4061
-38270.0981
-38272.6462
-38272.5568
-38277.9435
-38280.5810
-38273.6743
-38272.0650
-38273.7637
-38272.5791
-38270.2098
-38269.3605
-38271.5509
-38271.5956
-38271.9980
-38265.2254
-38262.7890
-38261.7832
-38262.2526
-38266.2536
-38268.5781
-38271.1039
-38268.7793
-38267.8852
-38264.0407
-38267.4829
-38261.2244
-38264.3984
-38255.0106
-38259.5480
-38264.8231
-38263.6384
-38258.5646
-38262.7443
-38265.3371
-38267.9746
-38268.9805
-38267.1700
-38273.9426
-38276.2001
-38277.9212
-38273.0038
-38274.1214
-38272.4897
-38270.0534
-38267.3711
-38272.6238
-38270.2769
-38267.7958
-38262.1855
-38266.1865
-38264.3313
-38259.2128
-38262.0961
-38263.2137
-38266.3877
-38263.1020
-38272.3332
-38268.0417
-38268.2205
-38263.6161
-38262.2526
-38270.7463
-38265.2924
-38271.9533
-38270.8133
-38268.9134
-38266.4324
-38270.0757
-38264.4878
-38259.1681
-38266.3877
-38264.3090
-38256.1953
-38265.1807
-38269.0252
-38271.5733
-38275.4401
-38263.3255
-38267.4382
-38268.3546
-38266.5665
-38267.2370
-38271.4615
-38265.8289
-38265.9853
-38266.4771
-38265.3371
-38271.7744
-38277.4294
-38277.8765
-38273.2273
-38278.0776
-38274.1661
-38289.6782
-38274.0096
-38278.7482
-38281.0951
-38277.5859
-38275.2613
-38282.1680
-38286.8842
-38270.1875
-38275.9319
-38283.1962
-38276.8259
-38282.5703
-38278.9270
-38281.5645
-38286.0349
-38286.0125
-38288.4712
-38291.0193
-38287.3536
-38284.0903
-38290.2370
-38288.3371
-38290.5052
-38295.5343
-38295.7132
-38285.0290
-38291.8910
-38283.1291
-38286.0349
-38280.7151
-38284.0903
-38275.5742
-38279.1282
-38273.8979
-38271.9980
-38269.2263
-38257.5364
-38280.7598
-38291.2652
-38275.8648
-38282.5033
-38289.1641
-38293.0086
-38286.3701
-38284.6267
-38283.7997
-38287.8006
-38289.9911
-38286.4595
-38287.1748
-38281.8327
-38281.4527
-38279.1058
-38287.1971
-38289.1194
-38293.8803
-38290.3264
-38286.0796
-38282.3021
-38290.9522
-38286.1913
-38286.0349
-38287.5324
-38291.4887
-38295.8920
-38291.5110
-38281.3633
-38287.5101
-38289.3206
-38290.6617
-38288.2924
-38289.4323
-38290.3487
-38289.2982
-38283.8220
-38280.4246
-38289.3206
-38288.2030
-38291.9581
-38289.9688
-38287.9571
-38286.9513
-38290.2146
-38288.4041
-38298.0377
-38300.4741
-38305.5926
-38304.2292
-38296.4955
-38291.4663
-38296.0484
-38293.0310
-38293.2098
-38295.7132
-38294.5062
-38299.4906
-38301.1223
-38302.7987
-38292.1369
-38305.5032
-38308.3419
-38309.9512
-38304.6315
-38309.3030
-38303.9386
-38308.2748
-38302.8881
-38304.8774
-38300.7647
-38301.1223
-38298.0154
-38306.3749
-38300.2953
-38304.6539
-38314.6674
-38308.7442
-38300.9658
-38303.6257
-38297.8589
-38298.9318
-38301.4352
-38306.1291
-38309.5489
-38309.9736
-38304.9444
-38299.8035
-38307.4031
-38300.7870
-38301.0776
-38302.0164
-38300.0718
-38301.7258
-38301.3905
-38301.3905
-38304.7209
-38302.5304
-38305.6820
-38303.9163
-38304.6315
-38304.8997
-38306.9561
-38305.1456
-38304.2739
-38301.0552
-38307.3137
-38302.7093
-38302.1281
-38302.4187
-38307.8949
-38313.4157
-38303.5139
-38304.2962
-38299.0659
-38307.3361
-38307.2690
-38307.1126
-38302.9775
-38303.8268
-38301.6364
-38304.8103
-38298.2166
-38248.9757
-38299.2000
-38314.0863
-38304.6762
-38301.9717
-38295.1544
-38289.1194
-38290.1923
-38292.0475
-38291.2205
-38288.6500
-38288.8959
-38288.7171
-38283.7997
-38275.2390
-38276.2895
-38275.5742
-38276.9377
-38272.8920
-38273.0932
-38263.8172
-38268.4440
-38262.2526
-38261.2244
-38258.4752
-38263.3478
-38257.3352
-38250.8085
-38245.0418
-38249.2439
-38245.0418
-38243.2536
-38236.3469
-38238.9174
-38233.8882
-38234.6258
-38233.2624
-38234.2235
-38229.6414
-38228.0991
-38226.1322
-38227.3168
-38226.2886
-38220.0302
-38220.6337
-38216.7892
-38218.7338
-38213.7493
-38213.3917
-38211.8047
-38215.8057
-38204.6969
-38204.0487
-38197.8349
-38205.3004
-38209.4801
-38204.5180
-38201.0535
-38201.5453
-38195.7785
-38196.2032
-38194.6386
-38189.5424
-38188.0448
-38186.1673
-38188.2907
-38184.4238
-38182.3675
-38175.5055
-38179.4394
-38176.1537
-38181.1381
-38177.1819
-38175.6396
-38172.8456
-38176.9583
-38170.0964
-38178.4112
-38168.5317
-38169.4258
-38163.1450
-38166.3413
-38158.9205
-38158.8758
-38159.0322
-38158.5405
-38160.9992
-38162.0050
-38154.9195
-38152.7738
-38151.7232
-38153.8019
-38155.5901
-38151.2538
-38152.5726
-38149.3763
-38149.1304
-38146.8952
-38151.5221
-38151.5221
-38153.3773
-38150.8292
-38153.0867
-38148.3034
-38153.2878
-38150.8739
-38154.5619
-38147.6552
-38147.8340
-38146.6494
-38149.5328
-38146.0682
-38147.2529
-38144.9059
-38144.6154
-38145.3083
-38140.1897
-38146.7388
-38141.6873
-38144.4142
-38143.6542
-38146.3812
-38146.6494
-38151.5444
-38144.7942
-38150.1363
-38151.9691
-38156.5736
-38152.7961
-38158.1382
-38156.7524
-38156.6853
-38156.8641
-38160.8651
-38156.4394
-38155.9701
-38155.4113
-38158.4511
-38155.4560
-38156.5736
-38158.3170
-38155.9924
-38155.6124
-38152.1032
-38155.0089
-38151.3432
-38155.0089
-38156.0148
-38159.2781
-38158.4511
-38160.5745
-38160.3733
-38163.2791
-38162.2285
-38162.7203
-38158.7640
-38168.5317
-38167.4141
-38166.5648
-38166.6765
-38174.2985
-38173.0915
-38181.3840
-38174.2985
-38179.3947
-38179.5288
-38164.7543
-38033.2590
-38199.5113
-38251.5685
-38220.2090
-38201.8358
-38187.9554
-38184.4685
-38182.7698
-38186.9943
-38186.0332
-38196.0244
-38193.2304
-38196.2032
-38191.0399
-38191.3305
-38193.5657
-38200.4724
-38200.0253
-38202.3499
-38203.6016
-38203.9145
-38203.8698
-38204.5180
-38206.2615
-38213.1458
-38216.2751
-38212.8999
-38217.7950
-38222.0865
-38222.7124
-38223.4276
-38226.0875
-38226.2439
-38232.6142
-38227.1604
-38230.6472
-38231.2731
-38235.5423
-38233.1953
-38235.2517
-38235.9222
-38240.9514
-38241.6219
-38244.0583
-38243.9242
-38240.2361
-38248.4169
-38240.6608
-38251.0544
-38248.4616
-38253.9378
-38255.3683
-38255.2118
-38250.4732
-38259.1904
-38264.9572
-38270.2992
-38269.3828
-38274.9484
-38272.5568
-38276.3118
-38271.1933
-38276.3118
-38274.5908
-38274.8813
-38272.1768
-38273.7861
-38271.3945
-38276.0660
-38278.8823
-38276.6471
-38272.1544
-38274.3002
-38277.3177
-38279.9105
-38284.5373
-38282.2574
-38285.3867
-38285.0514
-38288.6277
-38290.1476
-38294.8861
-38296.3837
-38296.8531
-38293.5227
-38297.3672
-38294.4168
-38297.2778
-38296.6743
-38296.1378
-38296.4284
-38295.9814
-38295.6014
-38297.9036
-38294.5509
-38298.5742
-38301.3011
-38298.5518
-38294.7520
-38300.0494
-38300.8988
-38306.9114
-38306.4867
-38290.0135
-38249.6909
-38323.4964
-38327.1174
-38316.8356
-38314.4886
-38308.6101
-38306.7102
-38305.1456
-38308.2078
-38305.8832
-38308.9677
-38310.2865
-38302.9775
-38304.6092
-38306.1738
-38305.2574
-38303.7374
-38302.2622
-38303.8045
-38302.9775
-38303.9163
-38299.2447
-38304.4527
-38308.0290
-38306.5761
-38311.0241
-38310.4877
-38314.3545
-38313.2146
-38311.5829
-38311.4935
-38313.4157
-38312.1193
-38310.9347
-38308.6995
-38318.6684
-38310.9347
-38316.0309
-38308.4984
-38309.7277
-38310.2194
-38314.3322
-38311.3147
-38317.2155
-38312.6781
-38315.1815
-38318.4672
-38311.9405
-38313.4604
-38310.3983
-38315.7403
-38318.3108
-38322.1329
-38318.8249
-38323.7199
-38314.0639
-38315.6062
-38316.3438
-38321.4400
-38317.8190
-38320.1660
-38320.3671
-38321.3730
-38324.3457
-38323.5411
-38322.6470
-38321.3283
-38328.0338
-38326.5586
-38328.0785
-38327.2962
-38322.4011
-38326.2680
-38325.8657
-38322.5800
-38320.3224
-38316.7462
-38320.8812
-38316.1650
-38319.5625
-38316.7462
-38320.5012
-38318.5790
-38321.5518
-38319.0037
-38325.1951
-38321.5965
-38324.7481
-38325.3292
-38328.0785
-38325.9551
-38329.8666
-38324.3457
-38323.6528
-38322.6023
-38323.6305
-38323.2729
-38324.7257
-38322.4906
-38324.0328
-38326.6703
-38323.6975
-38324.3681
-38318.6908
-38324.1669
-38318.8249
-38321.7976
-38317.6179
-38322.5576
-38317.1038
-38320.9259
-38321.8200
-38322.8482
-38319.4954
-38317.2602
-38315.4498
-38321.4847
-38316.7685
-38323.0940
-38324.5246
-38320.3001
-38318.6013
-38313.3263
-38315.6733
-38315.9862
-38322.4011
-38318.8249
-38323.1164
-38323.9881
-38325.7092
-38324.1446
-38324.6587
-38323.1388
-38323.6305
-38321.4624
-38322.4458
-38322.0435
-38326.5139
-38318.6013
-38321.2836
-38315.2709
-38312.8346
-38314.4886
-38316.7909
-38317.7296
-38313.0358
-38313.4157
-38315.8968
-38318.5119
-38314.0639
-38316.2097
-38314.0639
-38314.3322
-38306.2855
-38308.1407
-38307.8725
-38311.5829
-38305.4362
-38306.3749
-38303.4469
-38301.3458
-38295.5343
-38299.1106
-38299.3118
-38296.7190
-38293.3662
-38292.6733
-38290.7958
-38291.9357
-38291.1311
-38282.1457
-38286.5266
-38283.0397
-38279.2846
-38273.4061
-38276.2671
-38273.9202
-38275.9319
-38270.1428
-38272.7132
-38272.4003
-38276.1107
-38270.6792
-38270.5674
-38264.1301
-38267.1923
-38268.6228
-38268.5558
-38265.2701
-38265.8065
-38254.8989
-38249.6015
-38257.5140
-38245.3547
-38087.0820
-38033.1025
-38056.3707
-38103.6670
-38137.5075
-38160.8427
-38180.3335
-38199.4666
-38213.6599
-38219.4714
-38226.8027
-38232.3013
-38237.4645
-38236.1905
-38238.7833
-38235.4082
-38236.0117
-38231.1613
-38303.2233
-38618.6735
-38555.7534
-38412.6575
-38322.5800
-38271.0368
-38243.2536
-38233.8659
-38229.4626
-38227.2945
-38226.3557
-38219.9631
-38222.1312
-38220.3654
-38223.0253
-38226.2663
-38219.3820
-38218.0408
-38216.7444
-38219.5161
-38213.6599
-38217.7950
-38215.6045
-38215.6716
-38212.7211
-38214.4869
-38212.1847
-38218.0856
-38211.9388
-38212.5423
-38211.5141
-38215.9174
-38214.1069
-38212.5647
-38215.0904
-38213.3470
-38209.3013
-38214.5540
-38216.9680
-38210.9330
-38210.6201
-38208.5190
-38215.0457
-38211.5812
-38214.9787
-38209.5025
-38212.6094
-38209.9942
-38214.5987
-38214.5987
-38216.4539
-38209.5472
-38209.5695
-38209.7707
-38216.0292
-38212.3412
-38215.0457
-38214.7775
-38218.1303
-38216.2974
-38214.3975
-38220.2537
-38215.8951
-38216.8115
-38218.5326
-38221.1477
-38220.6560
-38222.9359
-38220.6560
-38223.6511
-38225.4393
-38227.7639
-38223.8523
-38224.0758
-38224.8358
-38230.0884
-38229.8873
-38229.2614
-38227.8533
-38233.3071
-38230.4461
-38230.6249
-38230.8931
-38231.7872
-38229.5296
-38229.4849
-38229.7085
-38233.6647
-38236.3916
-38232.2342
-38236.1905
-38233.5753
-38241.6219
-38242.3595
-38249.4227
-38241.1302
-38241.8678
-38239.1632
-38238.9621
-38238.8503
-38243.5218
-38240.9514
-38242.9407
-38239.9232
-38246.1370
-38244.3041
-38251.9708
-38245.3323
-38249.2439
-38249.3333
-38249.1545
-38245.6676
-38249.6015
-38249.9368
-38252.5072
-38256.8882
-38258.1399
-38253.5801
-38254.3401
-38251.9708
-38252.9096
-38257.0670
-38253.5354
-38256.6870
-38261.0903
-38261.8056
-38263.9290
-38266.5441
-38267.1476
-38269.0922
-38268.4887
-38271.8639
-38277.6753
-38280.0222
-38276.6918
-38279.5752
-38272.1768
-38278.7705
-38281.5198
-38281.2516
-38283.3303
-38281.8327
-38284.8502
-38284.1797
-38289.5441
-38285.2078
-38288.3147
-38290.2817
-38290.1029
-38284.6267
-38289.3429
-38287.4654
-38291.1981
-38290.0358
-38292.6510
-38290.9746
-38296.1825
-38293.2098
-38293.2545
-38292.1816
-38292.8968
-38292.6286
-38295.1097
-38296.4508
-38298.7754
-38301.0552
-38299.0212
-38305.8609
-38305.3691
-38306.5314
-38300.7423
-38306.1961
-38304.5868
-38306.7326
-38299.8482
-38300.8764
-38300.5635
-38297.9260
-38297.8589
-38302.1728
-38299.1330
-38298.5295
-38301.7928
-38304.5197
-38299.5800
-38290.7064
-38295.0426
-38296.7190
-38300.7423
-38302.2622
-38301.0999
-38295.2214
-38298.4177
-38298.2613
-38299.3341
-38296.4284
-38299.5353
-38291.1087
-38293.4109
-38289.6335
-38286.4148
-38279.0611
-38279.7317
-38279.1952
-38280.6481
-38277.3400
-38274.0320
-38267.9076
-38270.0757
-38266.8571
-38262.7220
-38255.9941
-38254.0719
-38247.8804
-38248.1263
-38243.0525
-38239.7667
-38236.9728
-38227.9650
-38220.4772
-38214.5540
-38212.0282
-38204.2051
-38205.4792
-38195.5103
-38189.7659
-38176.8019
-38173.2256
-38169.8952
-38169.7387
-38159.8369
-38160.9992
-38159.7475
-38159.7475
-38153.0196
-38149.8680
-38144.5260
-38151.0080
-38144.2801
-38142.2908
-38146.7611
-38136.0770
-38138.1781
-38139.7203
-38144.4813
-38135.4512
-38138.1110
-38132.3219
-38138.1110
-38130.9808
-38134.0653
-38126.8010
-38129.1480
-38125.5270
-38125.0129
-38120.0285
-38117.4356
-38110.3501
-38114.1499
-38114.4405
-38119.5591
-38112.9429
-38112.8312
-38118.1733
-38122.5095
-38122.7554
-38119.7826
-38122.1742
-38120.2520
-38119.4026
-38112.7641
-38109.3220
-38106.9527
-38106.7292
-38098.6602
-38101.7224
-38105.2092
-38103.3540
-38106.4609
-38103.5552
-38105.2092
-38104.2034
-38101.6330
-38103.7564
-38103.5329
-38102.1247
-38096.1568
-38096.5591
-38094.8604
-38097.0285
-38099.0402
-38101.3200
-38106.7068
-38098.7719
-38107.0868
-38107.7350
-38117.0780
-38104.2481
-38105.9916
-38109.4114
-38113.6359
-38105.2763
-38106.7068
-38101.4542
-38102.2141
-38097.9896
-38103.8905
-38104.4269
-38114.5970
-38101.7224
-38101.7447
-38109.2102
-38112.2947
-38111.1548
-38108.9196
-38110.4843
-38106.7068
-38111.2889
-38106.6845
-38113.3006
-38112.1830
-38109.4114
-38111.6242
-38114.4629
-38114.8875
-38117.4804
-38115.2228
-38117.7039
-38110.8866
-38113.6806
-38114.6864
-38121.6601
-38120.7661
-38123.0236
-38125.2141
-38126.8010
-38127.8739
-38127.9410
-38127.4492
-38130.4444
-38127.1810
-38130.1314
-38134.2218
-38140.4356
-38137.5746
-38135.2723
-38132.8807
-38132.2996
-38136.7923
-38140.4356
-38145.7553
-38148.8622
-38151.9244
-38149.9351
-38155.7465
-38153.3102
-38153.9808
-38157.5347
-38160.0381
-38159.9263
-38164.9108
-38163.4355
-38167.2130
-38168.3753
-38172.4433
-38176.9583
-38173.5162
-38173.2927
-38174.4997
-38179.4617
-38177.3383
-38180.4899
-38179.9982
-38182.3675
-38182.2781
-38187.4860
-38184.4909
-38191.5093
-38185.3402
-38186.5025
-38185.9437
-38191.8446
-38193.5657
-38191.2635
-38192.8728
-38198.5725
-38199.5113
-38202.1935
-38205.6803
-38208.0496
-38212.2965
-38206.3509
-38208.8319
-38210.8436
-38211.0448
-38215.1128
-38218.2867
-38215.8280
-38213.3917
-38212.5423
-38216.9903
-38215.3586
-38219.6725
-38218.8679
-38225.9087
-38223.9417
-38227.5850
-38225.5957
-38227.4509
-38225.8863
-38229.8202
-38234.0223
-38228.9709
-38225.1487
-38229.7532
-38232.7036
-38232.3013
-38234.1788
-38232.4130
-38237.0175
-38227.5627
-38233.6424
-38229.1273
-38229.8202
-38230.7813
-38231.2284
-38229.0826
-38234.8941
-38234.7153
-38234.5141
-38233.4412
-38236.7269
-38228.5015
-38230.6472
-38230.6472
-38228.8367
-38226.0651
-38223.0923
-38217.7950
-38222.4441
-38219.9184
-38214.0175
-38211.7377
-38212.5423
-38211.6483
-38211.6035
-38215.3363
-38209.1225
-38210.2624
-38200.6959
-38205.2557
-38201.5676
-38203.4452
-38203.9369
-38205.5239
-38203.6463
-38208.2061
-38205.6803
-38204.6075
-38190.0788
-38200.2265
-38200.2042
-38198.9078
-38191.2635
-38196.2703
-38191.1293
-38193.3422
-38186.8602
-38188.6260
-38193.3422
-38196.2479
-38196.8514
-38194.5492
-38194.1692
-38186.7484
-38193.0963
-38192.0234
-38200.1818
-38196.5608
-38197.1867
-38184.4462
-38189.0730
-38185.9661
-38191.0846
-38185.4520
-38182.5910
-38184.3568
-38181.4510
-38180.2217
-38181.9428
-38177.8524
-38181.9204
-38183.1498
-38189.1177
-38194.1245
-38190.6376
-38194.5715
-38187.6201
-38194.4374
-38194.7727
-38201.4559
-38191.8670
-38191.9340
-38185.6308
-38184.7368
-38181.1381
-38184.1109
-38180.9370
-38190.7494
-38186.2567
-38186.7484
-38187.4637
-38189.3189
-38190.2576
-38191.0846
-38187.7095
-38186.5025
-38189.7659
-38188.0895
-38195.4879
-38188.0672
-38190.2353
-38188.0001
-38191.8446
-38192.8281
-38194.5045
-38194.0351
-38193.1634
-38192.1352
-38200.6065
-38197.1420
-38203.3334
-38201.5453
-38203.8922
-38203.6016
-38207.6696
-38197.5890
-38203.2887
-38196.0914
-38196.0467
-38196.0914
-38197.9913
-38198.5054
-38199.5336
-38201.3664
-38199.9806
-38207.7143
-38195.7338
-38202.7970
-38203.1546
-38206.1721
-38206.4850
-38212.0953
-38211.0895
-38213.4140
-38216.7444
-38216.2974
-38212.4976
-38216.4539
-38214.8446
-38221.2148
-38219.6502
-38220.3431
-38221.5501
-38222.4441
-38225.9310
-38219.8737
-38220.2984
-38213.9952
-38218.3985
-38220.7007
-38220.7007
-38222.8241
-38222.6677
-38217.9067
-38219.6725
-38219.4490
-38226.6463
-38223.3829
-38222.8018
-38222.3547
-38226.1322
-38224.1205
-38225.5287
-38225.5063
-38223.0700
-38222.3324
-38227.3392
-38233.5977
-38232.8824
-38232.3013
-38232.7483
-38232.7483
-38234.4023
-38235.7211
-38234.3800
-38232.5248
-38236.7493
-38242.3148
-38245.6900
-38246.8075
-38246.1593
-38250.6297
-38244.6841
-38248.1934
-38244.6618
-38249.7580
-38249.8474
-38250.5179
-38247.3440
-38248.8863
-38243.5218
-38248.0369
-38252.0379
-38255.3906
-38254.6307
-38259.1457
-38251.3002
-38252.2167
-38252.6190
-38254.2283
-38262.9902
-38270.5898
-38261.8056
-38262.0738
-38264.9572
-38262.7443
-38261.2915
-38260.1515
-38260.5762
-38258.2293
-38259.1234
-38263.6608
-38267.2370
-38263.1467
-38266.8347
-38265.6724
-38272.0203
-38272.1321
-38269.6287
-38269.4722
-38265.1360
-38263.3478
-38273.3838
-38280.2458
-38280.0222
-38280.5810
-38271.6850
-38274.6355
-38277.3177
-38280.6928
-38281.8774
-38279.4187
-38276.8930
-38283.9338
-38278.1670
-38282.5703
-38281.8104
-38287.2866
-38284.5373
-38284.9843
-38286.9513
-38287.6218
-38288.3594
-38285.0290
-38285.5431
-38291.5334
-38290.4605
-38288.6947
-38288.6277
-38285.6772
-38281.2516
-38281.7880
-38284.6043
-38283.3974
-38286.0572
-38286.4819
-38292.1816
-38293.3439
-20878.8316
-41865.8232
-41866.1138
-41864.4597
-41866.1361
-41865.1750
-41861.9116
-41865.6667
-41864.6833
-41856.1449
-41853.3286
-41852.0322
-41857.7989
-41850.9369
-41847.6065
-41851.2722
-41853.9768
-41850.0652
-41855.5414
-41853.4403
-41851.8086
-41855.6308
-41859.5871
-41861.6658
-41865.6220
-41864.3480
-41857.8883
-41861.9787
-41859.2294
-41866.8514
-41865.3315
-41865.0856
-41864.6833
-41864.7056
-41861.0176
-41867.0749
-41863.0963
-41865.6667
-41857.7319
-41864.2586
-41865.2420
-41863.6327
-41853.9768
-41859.1400
-41858.8047
-41861.5540
-41861.2187
-41866.7396
-41868.9971
-41875.2109
-41873.1546
-41874.1604
-41877.2226
-41878.3178
-41873.0652
-41873.6687
-41876.6191
-41872.8416
-41879.7036
-41877.9378
-41883.7269
-41874.9651
-41879.7707
-41874.6745
-41881.1788
-41870.6735
-41874.4286
-41878.2061
-41883.0787
-41875.9932
-41880.3295
-41867.6337
-41870.6735
-41864.5491
-41868.0807
-41871.2323
-41870.1371
-41867.0078
-41874.9874
-41875.9038
-41875.4344
-41872.1934
-41868.5278
-41873.1993
-41874.4286
-41876.0379
-41869.1089
-41869.7571
-41872.2381
-41879.7707
-41875.5015
-41878.0496
-41875.2556
-41882.0953
-41882.2741
-41884.7104
-41877.4685
-41882.3858
-41883.1905
-41883.0564
-41881.0447
-41878.8766
-41882.2294
-41885.8057
-41881.2682
-41878.9213
-41876.8873
-41881.1565
-41894.8805
-41888.5549
-41887.7503
-41880.1060
-41872.6405
-41875.6356
-41889.3149
-41889.2925
-41894.9475
-41891.4383
-41889.9407
-41893.0476
-41896.3557
-41895.3498
-41900.4237
-41902.5471
-41894.6569
-41891.3712
-41887.6161
-41886.2974
-41894.0982
-41894.8358
-41889.8066
-41889.3819
-41884.5540
-41889.7843
-41890.2313
-41887.3256
-41883.4587
-41895.1487
-41892.2430
-41900.3790
-41895.4840
-41896.9145
-41887.7279
-41890.8348
-41881.0447
-41890.3654
-41890.4101
-41880.2848
-41883.6599
-41884.2410
-41881.3353
-41881.0894
-41881.0671
-41884.2857
-41883.1458
-41882.6317
-41888.6890
-41888.4208
-41887.4150
-41886.3644
-41892.2206
-41889.1808
-41895.4393
-41895.5734
-41894.9699
-41892.5782
-41896.1098
-41890.1642
-41889.5831
-41884.5763
-41885.8280
-41880.1060
-41880.9106
-41877.8037
-41889.0914
-41888.4655
-41887.4373
-41886.9009
-41889.8513
-41888.0185
-41883.4587
-41887.1021
-41885.5821
-41891.3042
-41887.3926
-41884.7998
-41882.2964
-41886.5880
-41881.1118
-41880.3518
-41877.4237
-41877.2226
-41878.0272
-41884.5763
-41886.0962
-41885.4257
-41879.5025
-41874.2722
-41874.1157
-41874.5627
-41871.2100
-41867.3655
-41868.6395
-41873.3781
-41874.6074
-41874.7415
-41877.1555
-41873.9145
-41877.8484
-41883.2576
-41874.1380
-41874.7862
-41866.8290
-41862.8281
-41874.0039
-41869.4889
-41871.7911
-41867.3878
-41872.8416
-41871.3217
-41874.7639
-41863.1857
-41867.3655
-41862.4928
-41862.9845
-41859.6988
-41859.1400
-41862.6492
-41867.8349
-41864.9962
-41863.9904
-41868.0807
-41866.8737
-41873.6910
-41868.2595
-41875.8815
-41870.3606
-41877.8037
-41873.8475
-41877.2896
-41867.7678
-41870.5394
-41864.9962
-41872.8640
-41870.6065
-41875.6356
-41885.3586
-41878.1390
-41883.4364
-41885.0233
-41878.5413
-41880.1730
-41876.4626
-41878.4072
-41883.9505
-41886.9009
-41887.2809
-41885.9621
-41885.4033
-41883.0340
-41888.1973
-41889.0690
-41895.1934
-41891.6171
-41894.1652
-41894.9475
-41904.3800
-41906.4810
-41905.3634
-41904.3800
-41912.5830
-41896.2216
-41899.2391
-41895.2381
-41904.1341
-41911.9348
-41908.0903
-41907.5539
-41904.5588
-41904.5364
-41907.5092
-41911.4655
-41910.4820
-41913.0077
-41910.1020
-41911.4431
-41900.2672
-41905.0952
-41902.5471
-41907.1069
-41902.1448
-41907.8668
-41901.4966
-41904.1341
-41900.6919
-41911.6443
-41920.8085
-41919.1321
-41917.9251
-41919.3780
-41916.4275
-41921.8143
-41924.6530
-41928.4975
-41925.5918
-41924.6753
-41923.5354
-41924.6083
-41924.6306
-41921.2779
-41926.7764
-41921.7249
-41927.6928
-41925.5024
-41926.7540
-41928.7881
-41935.0689
-41938.3323
-41937.2370
-41935.2924
-41937.8405
-41934.5995
-41941.9532
-41938.3099
-41944.9484
-41940.6121
-41943.9872
-41940.9251
-41940.8580
-41937.3041
-41940.0086
-41940.5227
-41941.9085
-41940.1874
-41938.7569
-41943.6520
-41941.8415
-41948.7929
-41946.6471
-41949.8881
-41953.8891
-41961.4216
-41959.0076
-41960.2146
-41950.0222
-41951.5421
-41946.2895
-41950.7822
-41948.1894
-41948.0776
-41945.1048
-41947.1612
-41954.4032
-41958.6500
-41958.3818
-41961.1310
-41964.3273
-41964.2379
-41966.8307
-41966.6519
-41963.5897
-41962.6062
-41963.9921
-41963.8356
-41968.1942
-41967.4789
-41973.9833
-41956.6830
-41966.8531
-41959.1641
-41961.9804
-41955.8337
-41958.5159
-41957.4206
-41960.6616
-41959.7005
-41962.6957
-41964.1485
-41968.9765
-41968.1718
-41964.9085
-41972.5081
-41975.7267
-41977.1796
-41979.5936
-41983.3040
-41975.3244
-41967.9707
-41962.4721
-41969.6470
-41971.2564
-41978.0290
-41969.8482
-41968.9318
-41967.5907
-41972.7986
-41971.8152
-41970.3847
-41967.9483
-41973.2233
-41978.5654
-41980.7559
-41978.6548
-41975.9279
-41975.9949
-41976.8667
-41975.2797
-41975.9502
-41978.3866
-41976.9337
-41980.3088
-41980.1077
-41985.0474
-41982.7675
-41986.5003
-41990.5906
-41991.8200
-41996.5138
-42000.4925
-41993.4517
-41993.3622
-41993.6305
-41992.6917
-41994.7034
-41995.0833
-41989.9648
-41988.8472
-41982.1640
-41986.1873
-41988.2437
-41983.4381
-41997.2067
-41990.9483
-41996.5585
-41990.2554
-41985.5838
-41989.8754
-41990.4118
-41989.6072
-41992.5129
-41991.4176
-41995.3963
-41989.4954
-41995.0386
-41994.7481
-41999.0396
-41992.7811
-41993.0046
-41991.4400
-41992.8705
-41992.0882
-41991.1494
-41986.7238
-41987.9978
-41989.2942
-41991.5965
-41991.9094
-41987.9308
-41988.0425
-41987.2155
-41989.0707
-41992.9823
-41999.3302
-41987.9531
-41992.5799
-41985.5391
-41989.0260
-41987.3496
-41992.3341
-41991.1941
-41992.3341
-41988.8248
-41996.7821
-41997.3856
-42001.9230
-41999.3302
-41996.6927
-41993.6081
-41995.7092
-41998.4361
-42000.0231
-41995.9550
-41996.1562
-41996.5585
-41996.4691
-42001.4312
-41995.9550
-42001.4759
-42004.4264
-42011.1542
-42008.5838
-42005.5216
-42001.0065
-42006.0580
-42002.5712
-42010.7072
-42004.9852
-42012.7859
-42004.7393
-42013.2553
-42013.7917
-42014.1047
-42010.5060
-42016.5634
-42011.6460
-42014.2388
-42012.6742
-42010.5507
-42009.1873
-42008.0920
-42008.7626
-42007.7568
-42010.0814
-42008.9638
-42012.2495
-42010.6178
-42010.9978
-42010.1261
-42012.2718
-42017.8374
-42005.9686
-42004.5605
-42008.6732
-41997.2962
-42003.5099
-42004.8510
-42007.8462
-42006.8403
-42005.2087
-42008.5614
-42011.0201
-42010.7296
-42013.4341
-42017.2563
-42014.1047
-42010.3496
-42005.8569
-42007.0639
-42007.0639
-42009.2320
-42008.4944
-42008.9191
-41997.1620
-41998.4137
-41994.3457
-42002.3253
-41994.6586
-42001.1183
-41995.5080
-41999.8890
-42006.5051
-42001.8559
-41997.4973
-42008.6955
-41997.1173
-42000.6936
-42005.4545
-42012.4506
-42010.5060
-42012.1154
-42008.4720
-42008.5391
-42009.0979
-42006.4380
-42008.0026
-42007.1980
-42009.4108
-42006.3263
-42008.9861
-42004.6052
-42014.1494
-42003.7782
-42005.0522
-42003.0853
-42011.3554
-42021.8607
-42013.2106
-42012.6965
-42009.2096
-42005.4769
-42005.4098
-42008.4050
-42009.1649
-42005.8122
-42006.9521
-42009.3437
-42008.1815
-42008.0473
-42010.9754
-42012.0930
-42008.8297
-42017.9045
-42013.8364
-42009.7684
-42007.2203
-42012.4506
-42015.3787
-42012.0260
-42005.1640
-42002.6382
-42006.5721
-42008.8967
-42005.4992
-42007.7344
-42007.1756
-42006.4380
-42007.2650
-42002.6159
-42006.3039
-42007.6450
-42009.9249
-42015.0881
-42008.5838
-42005.8569
-42013.6353
-42018.9103
-42024.1406
-42016.2504
-42018.1056
-42019.1785
-42015.7140
-42015.1552
-42017.2563
-42014.0600
-42023.3583
-42027.6945
-42012.5177
-42024.6770
-42025.5935
-42029.6615
-42026.4652
-42024.4088
-42032.2096
-42041.6420
-42046.1124
-42038.6245
-42030.8238
-42039.6527
-42036.1435
-42038.6692
-42048.5264
-42036.5011
-42039.8986
-42036.9929
-42038.9151
-42035.9200
-42042.1785
-42041.0609
-42037.6187
-42041.3291
-42036.4788
-42036.0317
-42033.3048
-42036.2552
-42033.8860
-42039.8315
-42036.7693
-42036.9034
-42037.4175
-42039.4292
-42044.1231
-42039.9880
-42032.7907
-42032.0978
-42037.9093
-42030.3991
-42029.3709
-42027.4263
-42027.8063
-42024.2300
-42027.0016
-42021.4807
-42024.9900
-42022.4866
-42023.2689
-42022.0395
-42028.7227
-42024.7217
-42029.1027
-42027.0463
-42029.2591
-42026.9346
-42028.1192
-42027.5828
-42032.0084
-42031.4720
-42035.9200
-42039.7198
-42035.4953
-42031.0249
-42030.3097
-42038.1551
-42026.8899
-42031.3155
-42027.6275
-42034.7800
-42028.2086
-42034.5789
-42029.7285
-42029.8626
-42028.9239
-42037.2611
-42032.6343
-42037.2834
-42043.4749
-42040.9491
-42032.9695
-42028.4098
-42025.6158
-42024.9229
-42024.3641
-42026.4875
-42027.3369
-42022.2854
-42022.1066
-42024.0959
-42028.9462
-42025.8840
-42028.6780
-42028.4545
-42031.5614
-42035.0035
-42028.0745
-42027.7392
-42029.7732
-42017.2116
-42025.0347
-42021.3466
-42022.6877
-42025.6382
-42022.6877
-42020.2737
-42019.6926
-42023.0230
-42028.2533
-42029.8403
-42023.6489
-42024.8112
-42021.6372
-42022.6207
-42018.8209
-42021.3690
-42018.7091
-42021.0561
-42016.7422
-42016.9433
-42019.4914
-42023.9394
-42016.6081
-42017.3010
-42010.8637
-42021.7043
-42015.6469
-42018.7091
-42014.5517
-42016.4069
-42019.5808
-42021.8831
-42021.3690
-42020.2737
-42017.5692
-42017.7704
-42021.2125
-42021.1231
-42024.6770
-42018.6644
-42017.5692
-42018.1727
-42022.2631
-42012.6071
-42018.5303
-42014.7305
-42025.0570
-42026.9346
-42035.2941
-42031.2038
-42024.6323
-42017.3904
-41956.4372
-42022.3078
-42052.3709
-42039.5186
-42029.4156
-42023.3583
-42023.0230
-42021.9054
-42020.7431
-42018.2174
-42018.4409
-42023.3136
-42021.5031
-42020.1173
-42017.9268
-42019.9832
-42019.9385
-42020.8772
-42019.2679
-42025.0123
-42023.9841
-42024.7217
-42023.4924
-42021.9278
-42017.0551
-42026.0628
-42014.7976
-42015.9152
-42016.8986
-42013.0094
-42017.2116
-42017.4127
-42019.7597
-42018.8432
-42018.0609
-42018.1950
-42016.3175
-42017.2563
-42021.1455
-42017.4574
-42016.6975
-42014.1941
-42017.0104
-42015.5352
-42019.0891
-42019.2009
-42025.2358
-42018.6644
-42019.9161
-42020.3185
-42028.3204
-42027.2251
-42028.5662
-42026.4652
-42032.0755
-42027.4040
-42024.5876
-42017.0774
-42017.4351
-42019.3573
-42017.3010
-42020.2514
-42019.6255
-42027.9627
-42028.9462
-42035.6741
-42031.6731
-42027.4710
-42023.3359
-42028.4545
-42023.3583
-42025.7723
-42022.0619
-42021.0337
-42017.3904
-42023.0901
-42019.4914
-42023.3359
-42020.2290
-42021.9725
-42019.1562
-42020.8325
-42020.3185
-42022.7324
-42025.7276
-42024.9229
-42025.0347
-42024.0735
-42028.2310
-42025.5935
-42029.5721
-42026.3534
-42030.8238
-42019.9385
-42026.8452
-42022.4419
-42022.5313
-42021.0561
-42024.3194
-42022.1066
-42030.0415
-42030.1532
-42027.6051
-42022.2407
-42027.6722
-42032.2096
-42030.9802
-42028.0298
-42029.2368
-42029.1474
-42028.5662
-42025.3029
-42015.6916
-42010.9307
-42021.9501
-42028.9909
-42026.3087
-42029.0580
-42028.3651
-42034.2659
-42045.7771
-42066.2736
-42048.3252
-42041.6867
-42032.9025
-42033.5507
-42025.4146
-42028.6333
-42030.2650
-42038.0210
-42039.7421
-42045.7324
-42042.5808
-42042.9831
-42045.2853
-42050.0016
-42050.4263
-42045.8665
-42044.1678
-42038.1998
-42041.5973
-42041.6644
-42046.8947
-42048.8840
-42048.9957
-42041.3291
-42045.1289
-42039.0045
-42045.1065
-42045.9336
-42053.3767
-42050.5827
-42055.0084
-42052.4156
-42054.3825
-42054.2931
-42055.2766
-42054.9413
-42058.0705
-42054.4496
-42057.4223
-42056.5506
-42051.0745
-42048.4369
-42048.6605
-42048.9510
-42045.4418
-42048.5711
-42047.6323
-42049.3310
-42045.9559
-42055.5672
-42053.1532
-42057.6012
-42053.4884
-42061.4233
-42059.1434
-42059.7469
-42054.3378
-42057.8694
-42056.1036
-42057.8694
-42055.7236
-42057.6682
-42056.3495
-42057.7353
-42054.2931
-42059.2328
-42063.9044
-42061.3116
-42061.4904
-42060.8422
-42062.3397
-42057.5788
-42059.7022
-42060.9539
-42064.6643
-42057.4447
-42061.3786
-42060.6410
-42064.1949
-42061.5127
-42066.9665
-42067.2348
-42076.1978
-42074.7226
-42077.5166
-42076.5107
-42072.0851
-42069.2688
-42069.8052
-42069.6264
-42067.8383
-42065.8266
-42071.0122
-42073.8062
-42069.3135
-42070.0958
-42065.8266
-42069.3135
-42066.0948
-42072.5545
-42070.6769
-42073.8062
-42070.0958
-42077.4272
-42073.3368
-42075.3037
-42073.2474
-42075.8625
-42071.1910
-42074.9238
-42070.6993
-42071.1016
-42069.4029
-42070.9452
-42069.1570
-42066.6536
-42064.7761
-42061.4904
-42065.0219
-42064.9772
-42069.8276
-42065.1784
-42067.7265
-42067.6147
-42069.8946
-42068.0394
-42073.5380
-42070.0511
-42074.9014
-42067.9500
-42070.7216
-42068.4418
-42073.1356
-42068.2182
-42075.8178
-42070.2970
-42069.8052
-42069.5370
-42073.0909
-42074.9685
-42073.2921
-42074.7897
-42075.3484
-42076.5554
-42075.1026
-42074.2309
-42069.9170
-42070.8781
-42066.0725
-42066.6536
-42064.3961
-42069.2464
-42066.0725
-42072.8003
-42071.3922
-42075.5273
-42069.4029
-42068.1065
-42067.4359
-42072.4427
-42075.7731
-42070.1628
-42070.2746
-42069.9393
-42071.7051
-42069.2911
-42071.7945
-42078.1201
-42078.4330
-42076.3990
-42079.4835
-42070.5652
-42073.3368
-42070.5205
-42074.2756
-42065.4466
-42067.0783
-42064.8655
-42069.9170
-42070.7663
-42075.3261
-42080.5341
-42084.0433
-42076.8237
-42077.0472
-42070.7887
-42072.7556
-42072.0627
-42073.1356
-42069.1794
-42066.4077
-42061.6245
-42062.8091
-42070.9452
-42070.2970
-42074.6332
-42070.4087
-42070.0287
-42070.6769
-42076.2202
-42072.5992
-42074.9238
-42069.7829
-42070.6099
-42069.9840
-42080.7129
-42079.3494
-42075.5496
-42066.1395
-42075.2814
-42080.8023
-42080.6458
-42080.3552
-42077.7401
-42078.3659
-42074.0520
-42074.7226
-42076.4660
-42081.2270
-42080.4446
-42077.2483
-42072.6662
-42077.4495
-42076.3543
-42084.2444
-42080.2435
-42083.9539
-42080.8693
-42086.8819
-42082.2551
-42088.6030
-42083.9762
-42083.0151
-42076.4437
-42073.8956
-42071.8169
-42076.3766
-42074.7673
-42081.7410
-42071.2134
-42078.1871
-42085.0044
-42082.6575
-42087.3066
-42087.1502
-42089.5642
-42084.3786
-42088.5360
-42088.1560
-42089.1395
-42079.9082
-42082.1434
-42080.6458
-42084.2668
-42078.7906
-42080.4893
-42076.0413
-42080.5341
-42075.3037
-42083.6186
-42076.8907
-42080.5564
-42072.8451
-42078.3436
-42088.0442
-42085.6079
-42079.1929
-42070.1852
-42086.7031
-42084.1103
-42081.3611
-42076.5554
-42079.7964
-42076.5107
-42081.8081
-42079.1706
-42085.2726
-42078.6789
-42082.7469
-42079.5282
-42085.4067
-42080.5117
-42082.9704
-42083.3951
-42087.5972
-42086.8819
-42084.5127
-42085.1385
-42075.5273
-42089.3183
-42091.0394
-42084.7585
-42085.2503
-42083.0374
-42077.3825
-42083.3727
-42081.0705
-42082.4787
-42073.6721
-42081.5622
-42080.9587
-42084.4456
-42083.8421
-42094.1463
-42094.6604
-42090.2124
-42084.5350
-42087.6419
-42086.3455
-42091.3746
-42088.2678
-42088.7371
-42085.0715
-42085.7644
-42086.5243
-42087.5301
-42087.2619
-42090.3241
-42088.2454
-42086.4349
-42089.6983
-42086.7925
-42089.3853
-42086.2337
-42090.9276
-42085.8538
-42091.3076
-42085.4291
-42084.1550
-42083.1716
-42090.3018
-42087.1725
-42090.0335
-42086.2114
-42089.2512
-42084.2221
-42087.2172
-42080.6905
-42080.6458
-42084.2891
-42087.3960
-42083.4174
-42081.6963
-42086.6808
-42085.6079
-42088.5583
-42083.2833
-42086.9714
-42089.7653
-42091.6876
-42091.7993
-42096.8508
-42094.4815
-42097.9237
-42091.8887
-42095.9568
-42092.0676
-42098.3484
-42094.4145
-42093.0957
-42090.1453
-42091.6205
-42090.9723
-42090.7935
-42091.8440
-42092.6040
-42093.9674
-42094.3027
-42096.0685
-42093.4757
-42094.3921
-42089.1618
-42095.4427
-42092.4252
-42099.2872
-42097.7896
-42101.3435
-42106.1044
-42111.1783
-42105.6798
-42107.7361
-42102.3494
-42108.8537
-42103.6011
-42107.4679
-42096.6273
-42098.4378
-42096.9179
-42099.8683
-42098.6390
-42102.8411
-42098.1472
-42099.3319
-42097.4096
-42097.3873
-42100.3153
-42099.6448
-42102.4164
-42101.7459
-42100.1142
-42096.1803
-42096.5603
-42095.8897
-42098.5943
-42096.6273
-42100.1365
-42101.8129
-42100.5836
-42096.2250
-42098.1696
-42096.3144
-42095.4874
-42093.2298
-42093.0957
-42092.3581
-42095.9121
-42091.8664
-42094.8615
-42101.0082
-42099.7342
-42096.0238
-42096.0238
-42101.6788
-42104.9422
-42103.1540
-42097.6331
-42099.6895
-42095.4874
-42097.3426
-42097.0073
-42100.0695
-42095.9121
-42098.8401
-42091.8440
-42096.8955
-42101.3659
-42102.7740
-42097.1861
-42102.8634
-42100.7400
-42097.0073
-42095.0180
-42097.0520
-42098.5049
-42096.6944
-42098.1025
-42098.3037
-42100.4271
-42095.8673
-42100.2259
-42099.8236
-42105.4115
-42105.8362
-42103.8693
-42096.5379
-42100.6059
-42099.4436
-42102.3494
-42101.2318
-42105.8586
-42097.3426
-42104.3610
-42101.9917
-42101.9247
-42093.4310
-42094.5486
-42095.2862
-42094.8615
-42098.7284
-42095.5768
-42096.0462
-42092.7158
-42095.8226
-42093.4757
-42096.6720
-42098.9295
-42101.6341
-42097.8119
-42097.3873
-42093.4757
-42098.4154
-42096.6944
-42097.8567
-42091.7770
-42093.3863
-42086.4349
-42085.2950
-42085.7420
-42089.9888
-42088.6477
-42090.6817
-42089.7430
-42086.5020
-42088.9383
-42093.4534
-42093.7439
-42090.1453
-42086.6808
-42085.9208
-42087.3513
-42088.1560
-42087.2843
-42083.0821
-42089.0277
-42088.8713
-42090.5029
-42087.8654
-42092.0452
-42092.2464
-42093.4757
-42088.5807
-42091.1288
-42090.1006
-42091.9781
-42094.4592
-42091.3076
-42087.5972
-42088.2901
-42086.6808
-42092.1346
-42090.6817
-42091.8664
-42093.9451
-42092.2240
-42095.0850
-42091.5535
-42096.8955
-42100.7847
-42102.2599
-42097.4767
-42102.7517
-42095.3086
-42092.2017
-42087.6196
-42093.2298
-42089.8547
-42095.6438
-42091.4641
-42096.3367
-42093.1181
-42098.8178
-42095.7332
-42101.7012
-42103.8246
-42105.1210
-42096.6497
-42103.2211
-42101.4106
-42093.5875
-42091.7546
-42094.2580
-42098.3037
-42097.6778
-42098.6613
-42091.8440
-42089.6759
-42092.0005
-42094.9509
-42087.4184
-42091.7323
-42091.3970
-42094.0569
-42092.2017
-42093.5875
-42091.1288
-42094.5486
-42094.7274
-42089.8324
-42091.7546
-42090.3241
-42090.1006
-42091.0841
-42090.7488
-42086.5467
-42088.0889
-42094.8392
-42093.3863
-42089.5865
-42093.4757
-42090.6817
-42090.6817
-42089.7206
-42091.4194
-42088.2678
-42091.4417
-42092.4475
-42091.6652
-42090.2794
-42093.3863
-42085.0938
-42086.0996
-42084.6021
-42089.9665
-42092.4475
-42089.7206
-42094.6604
-42093.3640
-42092.2911
-42087.4631
-42090.1453
-42091.5311
-42099.3989
-42100.4942
-42102.0588
-42104.8304
-42107.1773
-42097.8343
-42097.4767
-42092.2240
-42100.4718
-42096.6944
-42096.4485
-42093.5875
-42098.4601
-42093.7216
-42101.9917
-42099.7118
-42095.7332
-42091.4864
-42094.7274
-42094.9509
-42095.4874
-42094.3027
-42090.7264
-42092.4475
-42090.4806
-42090.0335
-42090.6817
-42093.7439
-42092.6934
-42095.7779
-42094.1910
-42093.0957
-42086.5467
-42090.2124
-42091.0841
-42092.6710
-42089.0724
-42090.4359
-42086.5020
-42088.4466
-42086.9043
-42086.7478
-42088.9830
-42087.6866
-42088.6254
-42087.1725
-42086.3902
-42086.8596
-42083.8645
-42083.0598
-42086.5467
-42089.7877
-42095.2191
-42090.5029
-42095.3309
-42095.4203
-42099.7566
-42096.1356
-42095.6215
-42091.1288
-42095.5991
-42093.3640
-42092.8946
-42084.9373
-42088.2901
-42087.0161
-42088.4466
-42087.6196
-42088.5136
-42089.3406
-42086.2337
-42085.5185
-42085.9655
-42089.7653
-42090.5253
-42096.3814
-42090.3912
-42093.6098
-42097.2085
-42104.8304
-42104.0704
-42101.1424
-42093.6769
-42091.7993
-42088.8042
-42098.3484
-42095.9568
-42097.2979
-42093.2969
-42092.8275
-42084.2221
-42089.9665
-42089.4747
-42095.0403
-42095.0180
-42091.2629
-42096.0462
-42096.6720
-42095.6438
-42098.6390
-42098.2366
-42092.4028
-42088.8713
-42084.4456
-42087.0831
-42085.4514
-42089.7877
-42090.1453
-42088.7818
-42088.1113
-42089.7206
-42082.6351
-42083.0151
-42085.3844
-42092.7605
-42088.9607
-42094.1463
-42087.4184
-42085.9208
-42087.0161
-42084.7809
-42080.7129
-42083.6186
-42084.8256
-42083.5068
-42086.9937
-42085.7644
-42087.4854
-42081.0481
-42085.2279
-42084.6691
-42084.8479
-42081.1599
-42083.3280
-42081.3611
-42089.4971
-42087.4407
-42095.2639
-42084.5350
-42092.8722
-42092.0228
-42093.8780
-42087.1725
-42087.5749
-42087.9995
-42088.6254
-42090.3465
-42092.1346
-42094.3251
-42096.2250
-42103.7128
-42102.9305
-42108.5631
-42108.8314
-42113.9052
-42112.4970
-42113.1899
-42105.7692
-42107.1773
-42105.2327
-42102.5058
-42102.0811
-42105.4562
-42099.4883
-42101.7682
-42098.0131
-42102.5058
-42101.4329
-42103.3105
-42107.5350
-42108.3173
-42109.4125
-42112.2959
-42110.7089
-42108.5631
-42111.2230
-42106.3280
-42105.8809
-42100.1812
-42105.2998
-42107.1103
-42107.1550
-42106.3950
-42108.2279
-42104.0481
-42102.5505
-42099.0189
-42105.8586
-42104.4281
-42107.6244
-42103.7799
-42107.5797
-42107.2220
-42108.2055
-42105.6574
-42102.9752
-42110.8654
-42115.6933
-42114.0393
-42110.2842
-42110.1501
-42112.0053
-42112.4970
-42112.7653
-42116.8780
-42114.7993
-42112.3406
-42107.2667
-42115.1346
-42114.8440
-42116.2745
-42112.6535
-42118.4650
-42118.8896
-42122.9800
-42120.6107
-42122.8906
-42120.5213
-42121.7507
-42118.4203
-42117.8615
-42115.2910
-42116.1851
-42123.3823
-42121.9518
-42115.3804
-42114.7546
-42122.0636
-42123.8070
-42132.9489
-42125.2375
-42124.0305
-42122.7788
-42126.3998
-42122.8906
-42128.7915
-42124.7682
-42126.5339
-42120.3872
-42125.1481
-42123.2929
-42126.3998
-42126.1093
-42129.3279
-42127.6739
-42129.0597
-42129.3503
-42129.1044
-42126.4445
-42125.8410
-42125.4164
-42125.4164
-42128.6127
-42129.0597
-42128.1433
-42119.6273
-42121.5495
-42117.9062
-42124.6787
-42124.4552
-42125.9304
-42120.0966
-42126.3104
-42124.2317
-42126.3328
-42124.5223
-42124.3882
-42121.1025
-42122.8906
-42122.8683
-42128.4115
-42128.0315
-42127.6962
-42125.6399
-42124.5670
-42127.9868
-42134.3347
-42129.8196
-42125.1034
-42127.8527
-42125.7069
-42132.9936
-42132.0548
-42138.4474
-42131.2055
-42132.5689
-42131.0713
-42136.5252
-42130.6914
-42132.3007
-42126.2881
-42124.6340
-42124.0752
-42127.5621
-42128.9479
-42131.5854
-42138.0674
-42141.1743
-42138.1568
-42131.7419
-42126.8469
-42132.6807
-42136.7040
-42137.5086
-42140.3026
-42132.9489
-42135.2735
-42129.7973
-42139.6097
-42137.0169
-42137.0840
-42134.6476
-42137.6204
-42133.5300
-42139.5203
-42135.4970
-42142.2472
-42144.2812
-42148.2822
-42144.3036
-42147.2093
-42143.6330
-42145.4659
-42144.6389
-42140.9955
-42144.5718
-42138.4474
-42138.7603
-42138.8274
-42142.3813
-42136.5699
-42140.2132
-42134.1112
-42138.1345
-42133.3959
-42135.3629
-42131.8760
-42133.2171
-42133.6418
-42138.7156
-42134.5135
-42142.0013
-42135.6758
-42139.0956
-42132.3007
-42134.4688
-42136.5699
-42134.5135
-42130.9596
-42133.6641
-42134.9605
-42130.4008
-42127.6515
-42125.6846
-42133.1501
-42121.6613
-42126.8692
-42124.8352
-42131.9878
-42127.4057
-42133.7536
-42127.1598
-42131.9878
-42130.4902
-42133.4183
-42130.8702
-42137.1734
-42138.6262
-42139.3415
-42133.1277
-42138.0898
-42129.7526
-42123.5165
-42129.6855
-42135.7876
-42139.2744
-42142.8507
-42144.2812
-42140.4814
-42135.6087
-42127.8080
-42126.4669
-42129.5514
-42134.8935
-42134.1782
-42140.1238
-42136.0111
-42142.3590
-42140.3920
-42141.7555
-42139.0509
-42139.8109
-42128.2103
-42130.4008
-42130.8255
-42132.0101
-42127.6068
-42119.9625
-42119.4261
-42122.8906
-42127.0927
-42123.4494
-42124.0976
-42125.5281
-42125.7740
-42124.2317
-42128.3668
-42123.3153
-42124.1200
-42121.4154
-42125.8857
-42120.9460
-42124.9023
-42125.7069
-42133.1054
-42128.0315
-42130.1996
-42126.8245
-42131.2725
-42128.5679
-42129.9985
-42126.5116
-42127.2939
-42125.5728
-42123.9188
-42120.1413
-42120.9907
-42124.7011
-42130.5126
-42126.0422
-42124.6564
-42124.7905
-42118.0850
-42120.6554
-42121.9295
-42128.0986
-42128.4562
-42132.5019
-42128.3444
-42125.1034
-42108.4067
-42100.0918
-42100.7400
-42116.8556
-42124.4105
-42130.4678
-42128.0762
-42128.0539
-42129.7749
-42136.0781
-42137.3745
-42135.2288
-42131.6525
-42122.6671
-42117.1686
-42114.9334
-42126.3328
-42130.1773
-42137.6428
-42132.3901
-42134.8488
-42128.9926
-42134.7594
-42131.7419
-42138.6039
-42131.9207
-42133.8653
-42131.2055
-42129.9538
-42127.0704
-42129.5961
-42126.4222
-42132.6583
-42132.6360
-42131.5407
-42128.5456
-42123.4494
-42120.9907
-42120.1860
-42124.7682
-42124.5670
-42126.6457
-42120.4766
-42128.6350
-42127.4504
-42131.9431
-42135.4746
-42139.6991
-42137.8439
-42138.6709
-42138.2910
-42139.3415
-42134.3347
-42136.5922
-42132.3901
-42136.1228
-42132.4795
-42133.9547
-42129.0150
-42130.6020
-42131.6078
-42133.9100
-42133.3959
-42135.1841
-42135.8323
-42137.4416
-42140.9732
-42140.1014
-42147.4999
-42144.0801
-42142.4484
-42138.1568
-42138.5592
-42137.5086
-42136.1228
-42130.1326
-42132.5689
-42134.5359
-42134.3794
-42130.5126
-42133.4630
-42134.3123
-42136.9946
-42142.9401
-42150.5621
-42145.9353
-42143.4319
-42143.6554
-42136.6593
-42138.6709
-42137.7545
-42142.7390
-42136.0558
-42132.3007
-42136.5475
-42136.9722
-42138.6262
-42142.8060
-42136.1005
-42139.3862
-42136.9946
-42135.7652
-42134.4018
-42138.3804
-42136.3017
-42140.7497
-42133.5971
-42133.0606
-42131.1608
-42130.2667
-42133.5077
-42134.5806
-42136.3687
-42130.4455
-42132.7254
-42132.9936
-42134.6253
-42139.2521
-42139.9450
-42139.6321
-42137.3298
-42136.1005
-42141.5320
-42139.2968
-42146.8293
-42142.8507
-42148.7069
-42144.8400
-42149.5115
-42146.4940
-42146.8070
-42149.5115
-42146.4270
-42146.5835
-42146.7623
-42144.1024
-42145.6223
-42141.3308
-42142.2472
-42142.9401
-42139.8556
-42143.5660
-42136.4358
-42141.5767
-42137.3745
-42141.7778
-42140.0567
-42141.5767
-42139.1180
-42141.3979
-42136.8157
-42144.6389
-42145.1082
-42152.4620
-42147.1199
-42148.3492
-42155.1218
-42158.7428
-42158.8769
-42153.4901
-42155.1665
-42152.8866
-42151.6797
-42150.6291
-42150.9197
-42148.5728
-42154.3172
-42152.8419
-42158.9440
-42156.3959
-42154.6077
-42151.7467
-42155.0771
-42151.6573
-42162.1179
-42158.7205
-42165.0907
-42146.9411
-42151.9926
-42147.9916
-42150.0033
-42151.3220
-42152.7525
-42144.9965
-42145.1976
-42140.4367
-42142.2696
-42145.8011
-42146.0023
-42142.2249
-42143.9459
-42149.4221
-42149.3998
-42150.4503
-42152.4173
-42158.3181
-42154.8760
-42154.0042
-42146.8517
-42154.0042
-42155.7253
-42157.7370
-42146.0917
-42146.3599
-42140.5038
-42146.2482
-42140.2803
-42136.1005
-42136.4134
-42139.9226
-42137.5310
-42135.0053
-42136.9499
-42143.2977
-42142.4707
-42134.7370
-42139.6768
-42139.0062
-42143.4095
-42141.5990
-42140.8167
-42140.6155
-42143.0519
-42141.2861
-42144.9741
-42142.4707
-42145.8906
-42145.8906
-42147.3881
-42152.0820
-42158.8322
-42151.7244
-42151.5679
-42142.3366
-42144.9071
-42143.4319
-42143.4766
-42141.4649
-42143.4095
-42145.2424
-42139.2074
-42139.9897
-42141.1967
-42145.4435
-42142.0237
-42146.2705
-42141.5096
-42146.5164
-42143.8118
-42145.6670
-42140.7497
-42141.2190
-42144.4153
-42143.5883
-42142.1802
-42150.4727
-42148.2598
-42151.4561
-42149.6456
-42148.1481
-42152.7078
-42146.5611
-42144.9071
-42146.2705
-42147.1646
-42143.3201
-42144.6389
-42145.3988
-42145.4882
-42148.8186
-42156.4182
-42152.3055
-42147.9693
-42151.9926
-42158.5416
-42153.8701
-42154.6971
-42151.2997
-42154.7865
-42154.1383
-42159.1451
-42155.6359
-42158.7205
-42159.1898
-42156.6864
-42155.0771
-42156.7088
-42153.2890
-42145.8011
-42149.0198
-42158.4075
-42155.6359
-42155.2783
-42159.2792
-42154.5407
-42153.1772
-42150.6962
-42155.5689
-42155.4347
-42159.9722
-42152.7078
-42154.3395
-42150.1597
-42159.1898
-42161.9838
-42169.7175
-42168.6446
-42168.0411
-42158.7875
-42161.7826
-42159.6369
-42150.9644
-42153.5348
-42158.1170
-42152.7525
-42148.5057
-42146.3823
-42145.2424
-42152.0596
-42157.5135
-42158.2734
-42154.6077
-42162.0509
-42166.0742
-42167.9294
-42168.1082
-42170.8574
-42159.7933
-42158.9887
-42160.8439
-42161.8720
-42155.4794
-42158.6087
-42156.1277
-42159.3910
-42162.5650
-42159.5698
-42152.7302
-42151.2997
-42150.6515
-42158.0499
-42157.7370
-42155.8818
-42159.1898
-42160.7321
-42162.5650
-42162.7214
-42165.7389
-42165.4483
-42169.9187
-42166.9012
-42164.2637
-42169.1364
-42173.4055
-42161.8050
-42169.4493
-42166.5883
-42170.7680
-42170.3657
-42174.5678
-42171.2598
-42172.6456
-42174.2102
-42177.0712
-42177.7418
-42178.0100
-42177.9206
-42177.5853
-42182.7262
-42184.2908
-42192.1363
-42180.9381
-42183.6874
-42179.5970
-42183.3297
-42183.6426
-42191.2199
-42190.5717
-42197.3890
-42195.7796
-42189.5435
-42183.8662
-42187.4201
-42192.7622
-42186.2802
-42185.8555
-42185.2743
-42183.6203
-42185.0061
-42184.7826
-42184.8049
-42193.8127
-42193.2315
-42184.1120
-42178.6806
-42184.7379
-42181.8098
-42187.1742
-42182.5474
-42190.2811
-42192.7398
-42189.8117
-42183.8438
-42190.3482
-42178.2335
-42183.9109
-42174.8808
-42176.1325
-42177.8982
-42172.0197
-42173.5397
-42174.2102
-42176.6689
-42176.8701
-42178.9711
-42176.3113
-42182.5921
-42187.2189
-42187.0848
-42190.6611
-42190.3258
-42188.7388
-42185.5202
-42185.7661
-42185.9672
-42183.9556
-42189.5659
-42188.1353
-42189.5882
-42188.0236
-42182.4804
-42181.4522
-42184.1344
-42192.8292
-42194.7291
-42185.6096
-42196.1820
-42196.0926
-42190.8176
-42186.2131
-42188.9847
-42193.3657
-42185.9002
-42185.4755
-42182.9274
-42189.3200
-42189.2976
-42182.8827
-42187.3977
-42195.5338
-42192.5833
-42199.4230
-42202.8428
-42207.1120
-42197.7019
-42207.2684
-42202.9769
-42197.8807
-42207.3131
-42203.1110
-42206.4861
-42207.9390
-42217.8855
-42209.7048
-42222.3335
-42212.8787
-42213.3481
-42214.6669
-42221.1265
-42209.9730
-42221.8865
-42220.7018
-42220.5901
-42208.3860
-42220.2101
-42225.5522
-42211.0012
-42207.8943
-42216.7679
-42219.7631
-42208.9448
-42209.8165
-42217.5949
-42213.1470
-42214.5104
-42219.0031
-42209.2801
-42211.3812
-42219.3831
-42220.3442
-42222.8476
-42221.8418
-42216.4550
-42223.6970
-42220.9701
-42229.5755
-42230.2013
-42234.9623
-42220.5007
-42223.6299
-42211.7164
-42219.8525
-42218.8466
-42222.0206
-42220.5677
-42221.2383
-42217.1926
-42218.5784
-42213.7057
-42199.3559
-42219.9195
-42226.6474
-42217.9749
-42220.9477
-42227.0497
-42228.1450
-42233.5988
-42213.3705
-42217.0362
-42221.8418
-42225.4851
-42223.9205
-42230.8942
-42235.9681
-42221.5289
-42214.3763
-42222.1547
-42227.5191
-42228.3908
-42228.5250
-42222.5570
-42221.1042
-42227.9215
-42222.1324
-42219.4725
-42216.0974
-42224.8369
-42228.4579
-42226.2898
-42216.5891
-42221.3724
-42226.8933
-42224.2334
-42223.8087
-42224.5463
-42224.5687
-42203.4016
-42206.3073
-42208.9895
-42215.4268
-42212.5882
-42216.8350
-42210.9565
-42214.6445
-42213.5716
-42216.8797
-42210.3753
-42217.2820
-42219.8078
-42226.7592
-42220.5230
-42220.1207
-42216.9915
-42220.5454
-42217.7961
-42223.0935
-42223.0264
-42220.9701
-42223.9875
-42221.3947
-42230.0225
-42206.7096
-42224.2558
-42226.4015
-42232.3918
-42223.7193
-42229.6649
-42227.8320
-42230.4919
-42228.1226
-42227.1615
-42225.3063
-42225.9545
-42221.5065
-42222.9817
-42220.2325
-42224.1664
-42232.3247
-42225.4851
-42225.0604
-42232.6824
-42225.4404
-42232.1012
-42227.5415
-42226.2898
-42233.6435
-42231.0060
-42230.9389
-42227.8991
-42232.3471
-42222.9147
-42225.2169
-42228.1003
-42227.5191
-42223.7193
-42223.0041
-42221.1042
-42223.8087
-42224.4793
-42224.8816
-42216.4550
-42219.6290
-42220.7018
-42222.0429
-42220.1654
-42220.6124
-42218.4890
-42226.0886
-42216.4774
-42211.4482
-42216.7903
-42222.3559
-42222.8029
-42215.5833
-42218.5561
-42207.8496
-42213.1470
-42212.0294
-42215.6950
-42213.7952
-42210.2636
-42211.4259
-42213.1917
-42209.2577
-42160.0616
-42213.8846
-42230.0896
-42220.6795
-42217.8408
-42216.2538
-42210.8000
-42211.9400
-42213.9069
-42213.2140
-42212.4317
-42212.2529
-42216.2315
-42212.5435
-42208.9448
-42211.2471
-42212.3646
-42216.5444
-42214.1751
-42213.9069
-42209.3472
-42216.1421
-42214.5328
-42219.8748
-42215.5833
-42219.9419
-42218.4443
-42225.9098
-42224.6581
-42225.5969
-42214.1751
-42208.8778
-42206.1732
-42208.2296
-42210.4424
-42210.1518
-42208.0060
-42211.4929
-42213.8399
-42213.5940
-42214.4657
-42217.8408
-42221.0818
-42216.1421
-42214.9127
-42209.2354
-42213.5493
-42204.4298
-42206.2626
-42200.7864
-42203.8933
-42195.4667
-42197.5901
-42194.7962
-42204.8321
-42205.1897
-42203.2228
-42198.3724
-42198.5066
-42197.8807
-42200.0041
-42199.4006
-42197.6125
-42197.3443
-42194.9303
-42200.3841
-42194.3491
-42197.8360
-42193.8574
-42199.6912
-42199.3112
-42202.3958
-42200.9876
-42200.1382
-42200.2947
-42207.7602
-42211.6941
-42214.0634
-42207.5590
-42204.3851
-42203.2004
-42206.3073
-42203.4463
-42204.9662
-42208.4754
-42208.7213
-42212.8564
-42210.8224
-42211.6717
-42211.5376
-42212.9458
-42212.7223
-42214.9574
-42216.1197
-42216.9915
-42214.7116
-42219.0925
-42220.8360
-42227.1838
-42220.3219
-42215.6503
-42209.1236
-42212.0741
-42210.6659
-42215.3151
-42216.7679
-42222.2441
-42220.9701
-42222.4006
-42224.9710
-42223.5405
-42226.7592
-42222.4676
-42222.9594
-42220.7689
-42221.8865
-42220.5454
-42222.2218
-42218.7572
-42222.2218
-42216.9691
-42225.9098
-42222.2218
-42219.2490
-42213.1470
-42217.5055
-42220.7242
-42223.2276
-42219.8748
-42224.2111
-42222.9370
-42226.0439
-42223.9875
-42224.0993
-42221.0371
-42223.4288
-42224.3228
-42222.7358
-42222.4229
-42218.7349
-42226.0216
-42219.5395
-42222.6017
-42222.3335
-42227.4297
-42225.0157
-42228.2344
-42226.8486
-42233.3976
-42227.4968
-42233.0400
-42233.5541
-42237.0857
-42235.8340
-42235.8787
-42232.7494
-42236.0798
-42235.0740
-42235.2081
-42235.3199
-42238.5385
-42237.0633
-42238.1586
-42235.1858
-42237.9350
-42241.5784
-42236.1692
-42108.7196
-42267.5511
-42317.6861
-42288.6288
-42268.7804
-42259.2810
-42260.8456
-42256.0399
-42256.3976
-42253.4471
-42258.5657
-42257.4258
-42257.8951
-42252.8660
-42256.0847
-42257.8728
-42262.2537
-42260.7115
-42263.2819
-42260.6891
-42257.1799
-42257.7387
-42254.4083
-42251.9943
-42252.2849
-42256.2635
-42252.4860
-42257.0011
-42257.2469
-42261.4267
-42252.5754
-42255.3023
-42257.2246
-42261.1138
-42254.3636
-42253.0448
-42255.6823
-42260.5550
-42260.2868
-42263.0137
-42259.1692
-42263.5501
-42265.8747
-42267.1935
-42270.0321
-42261.9185
-42270.4121
-42256.3976
-42264.5113
-42261.9408
-42264.4219
-42267.7299
-42269.9651
-42267.4393
-42273.1390
-42273.5414
-42277.5423
-42272.9826
-42283.2420
-42284.0243
-42282.6385
-42278.1235
-42285.1419
-42283.5326
-42284.1584
-42278.1458
-42273.7872
-42276.3577
-42279.2858
-42284.3373
-42289.2993
-42289.8358
-42289.2323
-42288.4723
-42290.2158
-42293.6803
-42288.8970
-42293.8591
-42292.3168
-42296.6754
-42295.9602
-42299.8941
-42296.5637
-42298.3965
-42292.0710
-42296.4519
-42293.2109
-42299.0224
-42296.1837
-42297.4577
-42296.5637
-42298.2624
-42291.9368
-42290.3499
-42288.1594
-42292.2274
-42294.2391
-42288.2488
-42285.8795
-42290.5063
-42284.6725
-42291.8921
-42288.7406
-42268.2664
-42227.9215
-42303.5374
-42310.6676
-42297.4801
-42293.3003
-42288.0029
-42286.5501
-42281.6103
-42288.7406
-42288.0029
-42291.4898
-42291.6686
-42289.9252
-42288.6288
-42289.5676
-42285.5666
-42287.7571
-42285.5666
-42290.7075
-42288.5170
-42286.0136
-42285.5890
-42286.1477
-42290.6628
-42289.2099
-42294.2391
-42293.0321
-42297.1672
-42293.1215
-42293.3897
-42291.2216
-42296.6978
-42293.5462
-42293.6579
-42292.0486
-42298.5306
-42293.6579
-42306.1749
-42302.5986
-42302.7998
-42296.3401
-42293.2109
-42292.2051
-42294.3508
-42293.8815
-42295.8037
-42298.4636
-42295.3567
-42295.0661
-42288.9194
-42293.5015
-42293.2556
-42296.2284
-42292.6298
-42300.8999
-42292.7192
-42293.0991
-42288.0253
-42292.2498
-42290.3275
-42295.1779
-42293.2780
-42293.5909
-42292.7192
-42291.6686
-42293.5238
-42293.7026
-42296.4966
-42298.4189
-42301.0340
-42296.3848
-42296.2060
-42293.9709
-42291.1992
-42288.5617
-42290.9310
-42290.0817
-42296.1390
-42289.5899
-42289.9475
-42285.8125
-42288.9417
-42286.7959
-42288.8076
-42289.4782
-42294.0156
-42287.5783
-42289.1652
-42292.2945
-42291.2439
-42290.8193
-42294.7308
-42292.0486
-42292.4956
-42293.1885
-42291.4004
-42293.0321
-42294.4179
-42291.7133
-42292.2274
-42294.8202
-42295.7366
-42295.7590
-42294.7308
-42298.6200
-42292.4733
-42299.8047
-42297.9942
-42306.6666
-42306.9349
-42311.8746
-42306.8455
-42302.2187
-42291.2886
-42292.8086
-42295.2226
-42293.0768
-42288.4947
-42294.5073
-42295.8261
-42288.7853
-42286.4607
-42278.6152
-42281.0516
-42282.0350
-42288.9194
-42277.9894
-42280.2692
-42280.0904
-42284.8290
-42279.7328
-42281.7892
-42276.0001
-42278.0788
-42272.2673
-42272.7367
-42269.7639
-42273.2508
-42267.5287
-42273.0496
-42268.5346
-42268.6016
-42270.3451
-42270.1439
-42269.7863
-42266.7911
-42264.3995
-42269.5180
-42274.3237
-42271.8873
-42271.5297
-42266.2770
-42268.1322
-42266.9476
-42268.9593
-42265.4277
-42269.5851
-42267.2829
-42265.8971
-42264.0419
-42269.4063
-42267.3276
-42270.1886
-42271.9097
-42276.1342
-42275.1060
-42279.8222
-42277.0729
-42278.4364
-42277.5200
-42268.1322
-42272.9379
-42271.0827
-42269.6298
-42262.6561
-42269.0934
-42266.9923
-42272.4014
-42268.8922
-42271.2838
-42273.3625
-42286.8630
-42279.0622
-42278.8611
-42265.2265
-42267.5958
-42269.3169
-42269.2498
-42268.2440
-42272.0438
-42268.6463
-42267.0147
-42270.2333
-42255.8164
-42101.9023
-42046.6488
-42078.0083
-42121.9518
-42157.0664
-42183.4191
-42210.3083
-42224.7699
-42236.7951
-42239.6338
-42247.5239
-42249.8038
-42256.9117
-42253.6483
-42255.0788
-42252.5084
-42255.5929
-42253.5589
-42325.5762
-42642.3899
-42585.5941
-42440.5089
-42348.9785
-42299.2906
-42271.7532
-42263.7289
-42259.1021
-42259.3033
-42257.2022
-42254.9671
-42256.6881
-42257.1799
-42257.4034
-42257.7834
-42252.8436
-42255.2576
-42253.6036
-42258.8563
-42253.7824
-42257.4481
-42259.0798
-42264.2430
-42262.8125
-42262.2984
-42259.7950
-42267.2382
-42262.7455
-42260.7115
-42261.9855
-42266.2770
-42266.2323
-42268.8922
-42269.9651
-42268.7134
-42268.1769
-42271.9544
-42276.9165
-42272.2673
-42279.0399
-42279.3305
-42278.7046
-42272.6696
-42273.6978
-42270.5015
-42276.1118
-42274.0778
-42277.5423
-42273.5637
-42275.2848
-42275.1283
-42279.6881
-42276.1342
-42284.1808
-42276.6930
-42279.8222
-42277.2518
-42279.6657
-42280.2916
-42279.1069
-42283.5996
-42278.4140
-42275.0836
-42271.4179
-42277.6317
-42275.1507
-42274.5472
-42273.9660
-42275.2177
-42275.3519
-42284.2478
-42276.2012
-42278.6823
-42276.2683
-42276.2683
-42269.8310
-42277.9223
-42276.7600
-42280.2692
-42276.4694
-42280.5598
-42279.2858
-42282.9514
-42284.2926
-42283.7785
-42286.3713
-42286.9301
-42286.5948
-42281.1410
-42282.5938
-42280.6045
-42286.0583
-42285.4995
-42293.6132
-42290.3946
-42290.2828
-42286.7512
-42288.5170
-42287.3100
-42294.6861
-42290.8863
-42289.2770
-42288.2488
-42293.7250
-42292.6968
-42297.5918
-42295.1555
-42297.9942
-42296.4966
-42297.3460
-42299.8494
-42306.1749
-42308.6560
-42306.1526
-42307.9183
-42305.7726
-42305.4373
-42302.6210
-42307.7172
-42307.7619
-42308.4324
-42305.5714
-42307.6948
-42306.5549
-42308.0972
-42304.5656
-42309.4159
-42305.2361
-42307.8960
-42308.9912
-42311.2935
-42310.8464
-42311.9864
-42311.2041
-42310.7347
-42310.3323
-42310.9135
-42311.3829
-42308.8348
-42309.3712
-42308.9689
-42312.7687
-42307.3148
-42311.3605
-42305.9737
-42310.2429
-42311.3829
-42313.8416
-42308.7007
-42313.3722
-42311.8076
-42312.8581
-42311.0699
-42319.6083
-42316.8590
-42320.1895
-42320.7930
-42319.5189
-42314.5792
-42316.0991
-42315.2050
-42312.5899
-42313.0592
-42312.8804
-42314.1321
-42313.4616
-42315.4509
-42313.5063
-42316.8367
-42312.8357
-42315.6744
-42309.5277
-42310.7570
-42309.1030
-42313.8863
-42312.9028
-42307.9631
-42308.9242
-42310.5782
-42312.0981
-42317.3955
-42316.7473
-42317.7978
-42317.5743
-42321.3070
-42319.5189
-42315.5850
-42317.6861
-42316.1885
-42313.3722
-42309.2371
-42314.9591
-42311.4723
-42313.9757
-42313.5957
-42318.8483
-42314.4674
-42319.1836
-42313.9533
-42316.1438
-42312.4334
-42313.1710
-42311.4499
-42315.5626
-42312.0534
-42306.9349
-42301.1011
-42297.0107
-42299.7600
-42301.4810
-42292.5403
-42291.8698
-42291.3110
-42285.0525
-42287.0642
-42279.5093
-42276.0224
-42272.2450
-42265.9194
-42254.7212
-42259.1021
-42250.9438
-42259.7950
-42250.8543
-42244.6406
-42234.4035
-42228.5250
-42226.5580
-42229.4414
-42223.7193
-42222.5570
-42220.6348
-42223.8311
-42221.8418
-42227.3850
-42224.0993
-42221.2830
-42220.5007
-42218.2431
-42226.1557
-42222.2665
-42228.8602
-42225.4404
-42229.4861
-42222.4453
-42231.0954
-42222.6017
-42228.8155
-42225.2392
-42227.8544
-42224.5240
-42229.4414
-42224.9263
-42231.4307
-42230.3801
-42228.0556
-42223.7417
-42230.9613
-42225.7533
-42224.5687
-42220.0760
-42222.3335
-42231.3636
-42229.5755
-42231.8777
-42229.2179
-42235.4987
-42234.6046
-42236.8622
-42227.0274
-42224.7475
-42228.7038
-42233.4870
-42221.6183
-42224.3005
-42222.4453
-42225.4851
-42228.5920
-42223.7193
-42220.8360
-42220.7018
-42219.4054
-42223.8534
-42225.3734
-42224.6357
-42219.2490
-42220.8360
-42216.6115
-42216.4103
-42221.0148
-42224.9487
-42227.0721
-42216.9915
-42221.3724
-42217.9973
-42228.4802
-42223.3393
-42225.6863
-42228.4802
-42234.1799
-42227.4074
-42231.4083
-42228.0779
-42230.7825
-42225.9545
-42228.7485
-42227.8097
-42234.6717
-42231.8107
-42232.5706
-42225.2169
-42233.9117
-42237.2645
-42235.3422
-42240.9972
-42234.8952
-42242.4948
-42235.0517
-42238.3150
-42236.9963
-42238.9632
-42241.4443
-42246.6522
-42244.3053
-42241.9583
-42239.2761
-42241.9360
-42240.5055
-42253.8271
-42251.0555
-42254.6318
-42245.8476
-42246.1605
-42245.2664
-42248.1721
-42249.2450
-42247.6804
-42248.4627
-42250.8990
-42251.5249
-42254.1848
-42256.3529
-42256.5540
-42263.8407
-42265.6735
-42263.3713
-42262.7455
-42261.3150
-42258.6775
-42267.3276
-42264.2877
-42270.1663
-42269.9427
-42271.5968
-42268.1769
-42271.1050
-42272.0885
-42272.6696
-42267.6405
-42266.3888
-42268.9816
-42272.9379
-42271.5744
-42265.4947
-42272.7143
-42269.5180
-42270.2780
-42271.0380
-42274.1002
-42273.3849
-42278.7717
-42277.6764
-42282.1021
-42278.1458
-42281.6998
-42285.9019
-42293.1438
-42284.5384
-42285.2760
-42284.1584
-42287.4889
-42288.9194
-42288.6511
-42289.9028
-42289.7687
-42289.2323
-42290.8863
-42289.2993
-42289.4335
-42293.7473
-42289.4558
-42289.4782
-42288.5170
-42294.9767
-42300.7211
-42301.1458
-42291.6239
-42294.9990
-42292.9427
-42296.7201
-42300.6540
-42308.5665
-42304.5209
-42308.1866
-42300.3635
-42302.4869
-42301.0564
-42304.0068
-42303.8280
-42304.2303
-42302.5763
-42302.6210
-42305.6385
-42304.2303
-42306.0184
-42305.9737
-42307.8513
-42310.8241
-42309.7735
-42297.3907
-42300.5870
-42294.6638
-42295.3790
-42293.5238
-42294.9096
-42289.7464
-42296.1390
-42294.7979
-42296.5860
-42289.7911
-42294.3508
-42290.6181
-42296.3178
-42290.4840
-42288.8970
-42283.5326
-42281.3645
-42281.5209
-42288.4276
-42285.7007
-42286.3042
-42282.9514
-42285.6560
-42289.0982
-42284.5831
-42285.8795
-42275.7318
-42284.0467
-42277.6094
-42283.6220
-42278.3246
-42280.3586
-42280.7610
-42283.4879
-42283.9349
-42292.9427
-42294.7979
-42289.1876
-42281.8562
-42284.3596
-42285.7454
-42283.2644
-42279.8446
-42282.5715
-42277.4082
-42282.2362
-42282.0350
-42279.4199
-42275.7095
-42274.0555
-42280.5598
-42283.6667
-42287.6453
-42285.6560
-42289.6793
-42282.8397
-42290.3499
-42285.4995
-42294.1720
-42285.9019
-42289.4335
-42287.4218
-42287.9135
-42283.3761
-42283.7338
-42279.7551
-42281.2527
-42283.4655
-42284.3373
-42280.9845
-42280.8504
-42287.2877
-42288.3606
-42291.4004
-42282.0797
-42285.8125
-42277.6094
-42281.0516
-42278.4140
-42283.5549
-42280.0010
-42278.6376
-42273.2061
-42275.5977
-42271.6415
-42273.9884
-42270.7921
-42280.5375
-42278.7046
-42274.7037
-42274.4801
-42282.9738
-42283.6667
-42286.1477
-42277.6764
-42279.6881
-42287.8465
-42283.4432
-42295.7366
-42286.9971
-42284.2702
-42283.3761
-42289.2323
-42292.4062
-42298.7988
-42293.0097
-42295.6696
-42291.2886
-42295.9378
-42292.6298
-42298.5306
-42295.7366
-42302.2410
-42301.9057
-42304.6997
-42307.8066
-42314.3333
-42310.8017
-42307.0466
-42308.0748
-42305.7726
-42303.7386
-42301.1234
-42302.5986
-42305.1467
-42319.8318
-42313.8192
-42318.7366
-42316.8814
-42320.0106
-42318.3790
-42323.6316
-42315.0486
-42322.5811
-42323.2293
-42323.6093
-42316.5908
-42324.0563
-42323.4305
-42325.6209
-42325.8221
-42326.2915
-42324.0787
-42327.6326
-42331.5665
-42319.8318
-42320.9941
-42313.0816
-42317.9543
-42318.1331
-42319.1613
-42316.9261
-42319.7871
-42317.2390
-42318.9154
-42309.8853
-42315.9426
-42315.2274
-42316.1214
-42313.5510
-42319.3177
-42315.9203
-42316.7920
-42319.3848
-42322.3799
-42317.2837
-42320.1224
-42323.2293
-42320.9941
-42324.1010
-42322.1564
-42319.5189
-42324.3022
-42328.0796
-42325.8891
-42331.8794
-42331.2536
-42334.0699
-42333.0194
-42337.2885
-42335.6345
-42344.0388
-42342.8988
-42345.4246
-42338.8308
-42341.9824
-42343.4800
-42344.2399
-42341.6024
-42341.4236
-42340.3284
-42347.6150
-42349.2244
-42351.4819
-42354.8794
-42359.8638
-42361.0261
-42362.3672
-42370.6597
-42364.4012
-42363.2836
-42363.3954
-42358.4780
-42359.1485
-42362.6578
-42357.8521
-42359.5732
-42357.2039
-42361.8978
-42357.3604
-42363.5071
-42360.4896
-42362.9483
-42356.1981
-42358.6345
-42359.3274
-42363.0825
-42367.5975
-42366.0329
-42363.8424
-42363.7530
-42356.1311
-42368.6033
-42375.6888
-42372.8502
-42366.6587
-42361.1602
-42356.5334
-42355.9969
-42360.1767
-42361.5625
-42362.8813
-42357.0475
-42356.5557
-42351.7054
-42362.0543
-42361.6743
-42366.7258
-42363.4848
-42364.1330
-42364.6024
-42366.8599
-42366.3905
-42364.8482
-42362.8366
-42360.9590
-42358.9027
-42358.5003
-42364.2447
-42362.7248
-42365.5411
-42363.4401
-42362.8813
-42360.6685
-42364.5130
-42367.6422
-42378.9969
-42378.0581
-7269.9943
-14422.3961
-14418.9539
-14421.0326
-14428.1181
-14425.1230
-14419.9374
-14426.1288
-14427.2464
-14420.4067
-14412.0919
-14406.9286
-14408.7615
-14408.7838
-14410.2591
-14415.4670
-14418.7304
-14411.2202
-14417.2775
-14411.1755
-14411.9578
-14416.1823
-14415.5341
-14412.5613
-14414.8859
-14419.1774
-14410.7508
-14414.1706
-14410.3261
-14418.9092
-14414.2824
-14414.1259
-14414.5729
-14416.5399
-14409.4544
-14415.4894
-14414.4165
-14424.8547
-14414.5953
-14421.6361
-14415.1764
-14420.0268
-14413.4330
-14411.4213
-14412.5166
-14413.1648
-14410.9967
-14420.9879
-14424.3407
-14430.9568
-14425.9053
-14425.6594
-14427.2464
-14422.8878
-14416.3834
-14421.4349
-14420.8761
-14417.1434
-14425.0336
-14424.5418
-14432.5885
-14423.2007
-14427.1570
-14420.8538
-14423.9830
-14415.3329
-14421.8820
-14423.2007
-14430.1968
-14420.0938
-14425.1677
-14420.7867
-14422.6196
-14414.8859
-14418.1045
-14416.2046
-14419.7362
-14419.1774
-14422.7760
-14420.7867
-14417.7022
-14417.7469
-14412.6507
-14417.7245
-14423.3125
-14422.1725
-14413.3212
-14414.2600
-14415.6011
-14421.3232
-14416.2717
-14416.3611
-14416.6517
-14424.2736
-14423.5583
-14425.6818
-14414.6176
-14417.4340
-14420.0044
-14423.2454
-14421.7926
-14417.0540
-14416.6070
-14416.5399
-14413.7459
-14419.1327
-14418.4174
-14415.7129
-14424.4748
-14420.6750
-14417.6798
-14412.1143
-14405.1182
-14406.7722
-14422.6419
-14418.1269
-14424.7430
-14413.3212
-14419.0880
-14433.0578
-14440.2775
-14440.8586
-14438.0199
-14438.6011
-14429.1016
-14425.6818
-14419.4903
-14418.9315
-14427.4475
-14429.4145
-14422.5078
-14425.4582
-14419.6244
-14422.9325
-14423.0443
-14422.9772
-14423.1560
-14434.7119
-14428.5428
-14441.0598
-14434.4213
-14436.8129
-14430.1521
-14430.3533
-14423.8489
-14435.9189
-14432.5661
-14424.7430
-14429.9509
-14424.7430
-14424.6312
-14425.4135
-14422.2843
-14425.8382
-14428.7216
-14421.2114
-14425.6371
-14432.4990
-14432.8343
-14424.2512
-14429.9509
-14426.3076
-14432.4320
-14430.9791
-14430.5321
-14424.8994
-14427.8499
-14417.0093
-14418.2610
-14417.1657
-14418.4845
-14413.5448
-14415.4894
-14412.8742
-14422.6419
-14424.4971
-14423.0443
-14421.8373
-14424.0948
-14423.2007
-14418.4174
-14418.3504
-14418.6186
-14427.1793
-14422.5302
-14420.3620
-14415.0423
-14418.5739
-14411.3990
-14411.4884
-14408.4709
-14409.2979
-14413.9918
-14424.4077
-14421.8596
-14419.4680
-14418.4398
-14409.7450
-14408.1356
-14408.9180
-14398.8150
-14391.2377
-14392.9365
-14395.2163
-14399.3067
-14400.3796
-14400.1114
-14398.9044
-14407.3086
-14413.3659
-14401.4525
-14408.6497
-14402.4807
-14392.1318
-14400.6925
-14395.1716
-14396.7139
-14391.5954
-14399.4632
-14397.4739
-14401.5866
-14392.7800
-14397.1833
-14387.8403
-14389.8743
-14388.0638
-14390.3213
-14390.9024
-14397.8985
-14395.7304
-14393.7188
-14397.0939
-14393.5847
-14396.0657
-14388.1532
-14399.8655
-14385.4263
-14393.4729
-14387.6167
-14389.6731
-14381.0230
-14384.7781
-14381.5818
-14383.5264
-14386.1192
-14389.3155
-14400.0220
-14391.0366
-14394.7022
-14396.4010
-14396.5351
-14404.4253
-14396.7363
-14397.8985
-14402.6595
-14403.9559
-14398.3456
-14399.9549
-14401.4972
-14397.3174
-14404.8276
-14403.8665
-14408.5827
-14405.1852
-14408.0015
-14412.9860
-14422.1949
-14424.8547
-14419.5350
-14414.7518
-14423.7148
-14406.2357
-14407.7780
-14408.2921
-14419.6021
-14424.5642
-14418.2610
-14415.6235
-14415.5564
-14415.6682
-14419.7809
-14425.7935
-14421.6361
-14423.2231
-14420.9432
-14417.8587
-14409.1415
-14419.1774
-14415.7129
-14417.8587
-14413.0754
-14419.9821
-14415.2211
-14413.5895
-14411.6672
-14427.3581
-14431.2250
-14426.3300
-14425.7712
-14428.5875
-14426.5311
-14428.9898
-14427.4028
-14433.2143
-14433.4825
-14429.6157
-14423.8489
-14428.6322
-14430.9344
-14427.4699
-14438.2434
-14432.3873
-14434.1084
-14428.3863
-14429.7274
-14435.4271
-14440.5904
-14440.9927
-14441.5962
-14437.6176
-14437.1035
-14436.3882
-14446.9159
-14445.0160
-14448.1453
-14447.5194
-14448.6147
-14441.4174
-14445.6642
-14444.0325
-14444.2114
-14442.4903
-14444.8372
-14450.3804
-14444.7478
-14440.4116
-14437.1259
-14444.2784
-14447.9665
-14458.9412
-14460.1482
-14464.2162
-14462.7857
-14467.7254
-14451.5427
-14450.1122
-14440.1433
-14445.0160
-14445.9771
-14443.4737
-14440.8809
-14443.2055
-14447.4077
-14449.1287
-14450.2016
-14454.1355
-14458.4718
-14456.5048
-14458.5165
-14457.7118
-14460.2823
-14458.8294
-14461.5116
-14461.2657
-14465.9149
-14461.9139
-14470.9217
-14455.8119
-14463.3668
-14456.1472
-14459.2094
-14460.1258
-14459.7235
-14458.2259
-14461.9139
-14460.5058
-14461.7128
-14462.4727
-14466.6972
-14466.8313
-14458.7623
-14466.1384
-14466.9878
-14471.4581
-14472.7098
-14474.3415
-14463.9927
-14457.9800
-14450.1793
-14459.2988
-14461.0646
-14464.5291
-14461.3328
-14460.7740
-14456.3484
-14465.6467
-14461.2210
-14462.6292
-14460.8858
-14466.3172
-14470.1394
-14467.5242
-14468.5524
-14466.7866
-14470.1170
-14469.4241
-14469.8488
-14470.4970
-14472.2628
-14469.1783
-14473.2910
-14472.9781
-14474.0286
-14477.4260
-14481.9411
-14486.4338
-14491.7982
-14492.0888
-14493.3405
-14484.3104
-14485.7409
-14483.7739
-14482.6564
-14479.1918
-14481.7846
-14482.9022
-14478.2754
-14470.4300
-14472.1510
-14472.5087
-14471.6146
-14483.1704
-14476.6661
-14481.0247
-14476.8896
-14474.7662
-14476.6884
-14474.2745
-14477.2696
-14481.6058
-14477.6496
-14480.6894
-14473.5368
-14476.2861
-14480.3318
-14487.1267
-14478.4319
-14480.6000
-14477.5825
-14474.5650
-14474.6321
-14474.6544
-14471.3464
-14473.6263
-14471.7934
-14476.8449
-14474.9674
-14474.7662
-14477.8284
-14476.3979
-14474.9897
-14476.2414
-14480.9129
-14473.3133
-14472.6651
-14467.9713
-14472.0169
-14469.2453
-14470.2288
-14471.7711
-14477.9848
-14469.1336
-14479.2142
-14479.2589
-14484.0422
-14477.1355
-14473.9839
-14469.6029
-14469.2900
-14473.5368
-14469.2900
-14466.5855
-14468.5748
-14469.2453
-14469.7818
-14471.3911
-14469.2453
-14477.9848
-14481.0694
-14485.3162
-14489.5854
-14483.9304
-14474.4756
-14481.1588
-14476.2191
-14486.0091
-14477.8731
-14487.3726
-14480.7118
-14487.1938
-14489.9877
-14491.7982
-14484.1539
-14488.3784
-14483.4834
-14485.8750
-14489.0937
-14487.7973
-14479.6612
-14475.1685
-14480.5106
-14477.4260
-14477.3590
-14476.0626
-14483.8410
-14471.4805
-14475.0121
-14474.7662
-14479.9518
-14484.6010
-14473.0898
-14474.2745
-14476.2861
-14466.0267
-14470.4076
-14470.2064
-14471.9052
-14471.1676
-14468.1277
-14472.6204
-14475.5709
-14479.0577
-14477.9848
-14478.2307
-14480.2424
-14477.0684
-14473.0004
-14472.4640
-14473.0004
-14470.2288
-14465.3338
-14469.6923
-14458.6059
-14461.1093
-14457.3542
-14470.1841
-14460.3270
-14461.8692
-14462.2269
-14463.3445
-14468.4630
-14461.3775
-14454.6049
-14468.1948
-14457.8236
-14457.3542
-14459.3211
-14460.9305
-14462.3163
-14469.4912
-14475.4144
-14469.7370
-14468.0160
-14467.2113
-14467.5242
-14462.8974
-14467.3678
-14461.1316
-14464.1268
-14454.3143
-14463.9256
-14453.0626
-14456.1025
-14456.0801
-14463.8809
-14474.3192
-14460.7964
-14467.5466
-14465.2667
-14462.4727
-14458.6059
-14461.2210
-14461.0199
-14456.1919
-14462.5398
-14463.6127
-14458.5388
-14464.9985
-14467.6360
-14468.8430
-14467.3454
-14471.7264
-14466.6525
-14462.3610
-14456.0578
-14460.6175
-14466.2502
-14461.4893
-14455.5884
-14447.5194
-14454.2473
-14456.4825
-14459.9023
-14463.5903
-14458.7847
-14462.9198
-14464.1044
-14456.3484
-14453.8226
-14454.0238
-14455.0743
-14461.2657
-14468.6418
-14466.2055
-14467.4125
-14478.3201
-14486.6126
-14473.4921
-14477.6719
-14480.1306
-14473.9615
-14468.7983
-14467.5019
-14464.5961
-14477.4708
-14483.3493
-14468.4183
-14480.6223
-14486.9702
-14487.9984
-14482.6340
-14486.3220
-14501.7895
-14519.2462
-14516.0722
-14505.7010
-14489.7195
-14503.6223
-14500.0013
-14498.0791
-14510.2608
-14498.2802
-14504.2928
-14499.0849
-14497.2968
-14491.7982
-14500.6942
-14498.9731
-14495.6427
-14504.7399
-14504.8963
-14498.5708
-14494.5251
-14498.0120
-14495.3521
-14504.0917
-14498.9955
-14497.2520
-14495.5086
-14494.1005
-14496.5815
-14497.8108
-14491.2171
-14487.0373
-14493.5417
-14484.8468
-14479.4377
-14477.2919
-14480.0859
-14473.0898
-14482.1423
-14473.5815
-14474.1403
-14468.9100
-14472.4416
-14472.9110
-14475.4814
-14472.8216
-14475.3920
-14471.3687
-14473.0228
-14467.8372
-14467.3678
-14474.7885
-14477.2249
-14480.4435
-14482.4105
-14485.2045
-14485.6515
-14474.6097
-14477.2249
-14483.6622
-14475.3697
-14482.6340
-14476.8002
-14482.2540
-14470.8099
-14476.5320
-14477.0237
-14474.9897
-14475.4367
-14482.6117
-14479.1471
-14483.5057
-14489.5407
-14490.2112
-14480.0189
-14474.0509
-14468.2842
-14467.9489
-14471.9052
-14469.6029
-14469.4018
-14461.8245
-14464.7303
-14470.2288
-14471.5475
-14470.0947
-14474.4756
-14469.1559
-14470.1394
-14476.6884
-14470.2735
-14467.8372
-14471.0558
-14456.8848
-14460.3717
-14457.4659
-14464.3726
-14463.3445
-14459.3882
-14458.0471
-14454.2696
-14455.2308
-14464.8197
-14463.2774
-14460.7964
-14461.2210
-14464.0597
-14465.8702
-14462.6068
-14461.4669
-14460.3940
-14465.6690
-14463.9256
-14460.9528
-14456.4154
-14464.6632
-14456.5048
-14460.5728
-14454.2696
-14464.5961
-14458.3377
-14460.7740
-14457.5777
-14462.2269
-14460.4387
-14462.1375
-14463.7468
-14467.0548
-14467.2337
-14462.5845
-14466.9654
-14464.1268
-14462.0928
-14461.1987
-14459.3882
-14461.6681
-14464.9761
-14461.1763
-14467.4572
-14464.8644
-14479.6836
-14478.6330
-14481.4270
-14482.4328
-14481.7846
-14472.4640
-14410.3038
-14472.9110
-14500.8507
-14487.4843
-14477.4484
-14470.4747
-14467.2113
-14461.7798
-14463.4562
-14468.5077
-14467.3007
-14472.4863
-14469.6253
-14469.2677
-14463.3668
-14463.0762
-14462.6068
-14461.6681
-14460.3046
-14467.0548
-14471.9946
-14466.2055
-14460.2152
-14464.5067
-14457.9353
-14463.5903
-14451.8557
-14455.0967
-14456.5719
-14453.7556
-14458.2035
-14455.0743
-14459.0753
-14459.2764
-14457.1307
-14455.9460
-14451.3416
-14450.3134
-14455.2978
-14448.9946
-14442.7138
-14443.3620
-14444.2561
-14443.0938
-14446.5359
-14450.1346
-14457.5330
-14453.3309
-14451.3639
-14449.2852
-14458.5388
-14457.3989
-14457.7342
-14452.8391
-14459.6117
-14452.5709
-14444.8819
-14440.8586
-14441.8421
-14440.1657
-14440.5010
-14445.7983
-14442.5350
-14457.6001
-14462.8751
-14466.6972
-14458.9859
-14452.3921
-14445.6866
-14449.8887
-14443.0044
-14447.7206
-14443.2726
-14443.5408
-14436.4106
-14445.3513
-14440.7021
-14438.9140
-14439.0481
-14442.7808
-14439.0481
-14436.7682
-14433.0355
-14437.7741
-14443.4737
-14443.8314
-14443.5632
-14438.1987
-14441.2609
-14438.3105
-14447.9217
-14444.7925
-14447.3406
-14435.6283
-14446.6924
-14443.5185
-14441.7080
-14438.2881
-14441.5962
-14437.3047
-14447.3406
-14443.2055
-14440.3892
-14434.2872
-14440.3669
-14446.5583
-14441.8421
-14440.5904
-14442.7808
-14441.8868
-14437.6623
-14433.5272
-14424.7877
-14418.5292
-14427.3581
-14441.5291
-14439.0481
-14439.0705
-14438.2434
-14447.5194
-14458.9859
-14476.6884
-14458.7176
-14449.3299
-14439.7410
-14440.7692
-14433.5943
-14437.3941
-14435.4942
-14442.1773
-14445.5525
-14453.2638
-14454.4038
-14463.6127
-14465.1102
-14463.2103
-14461.3998
-14454.1132
-14451.1627
-14444.0102
-14448.5476
-14447.6535
-14457.5106
-14453.6661
-14453.6661
-14453.1968
-14458.1365
-14451.9898
-14454.8284
-14453.8226
-14461.9586
-14457.5330
-14460.4834
-14456.4154
-14461.1763
-14462.7410
-14465.3338
-14462.6515
-14464.8197
-14459.5894
-14461.4669
-14464.2609
-14457.9577
-14455.4990
-14454.6943
-14456.1919
-14450.3804
-14452.2580
-14452.3474
-14456.2142
-14453.6885
-14457.3318
-14454.8955
-14461.7798
-14454.1355
-14463.1209
-14464.8867
-14466.4513
-14452.5039
-14455.8566
-14453.5097
-14460.5952
-14460.7069
-14455.8119
-14453.4203
-14458.9412
-14455.7672
-14457.6448
-14460.2599
-14460.4611
-14464.9091
-14463.5456
-14461.8916
-14455.9684
-14457.1083
-14455.6331
-14462.5174
-14459.9246
-14462.2045
-14455.0967
-14460.0364
-14458.2483
-14468.8877
-14471.9499
-14480.2424
-14473.8498
-14474.5203
-14477.1802
-14471.4134
-14471.3017
-14468.5077
-14468.2618
-14469.5582
-14468.8877
-14470.1617
-14471.8381
-14469.7147
-14468.7312
-14462.1822
-14471.3687
-14460.8411
-14463.6574
-14469.4241
-14475.1015
-14469.9382
-14477.1355
-14471.0111
-14471.4805
-14467.5466
-14472.4640
-14472.9781
-14476.1073
-14468.0830
-14469.2677
-14475.7720
-14478.3425
-14468.1948
-14466.6525
-14468.5748
-14469.2006
-14468.1724
-14463.0092
-14469.5359
-14465.9373
-14470.5641
-14466.4066
-14466.4960
-14466.1608
-14470.6758
-14463.7691
-14467.5019
-14461.8469
-14467.3454
-14462.6739
-14466.0490
-14469.5135
-14472.7769
-14465.3561
-14467.7924
-14475.9955
-14478.1413
-14473.6039
-14470.4970
-14475.9955
-14472.1063
-14470.6758
-14473.0228
-14474.3192
-14465.3785
-14465.3785
-14460.7964
-14464.2162
-14464.6185
-14470.1170
-14469.0888
-14476.9790
-14471.4581
-14478.1413
-14470.8546
-14466.5184
-14458.7847
-14461.0646
-14467.5466
-14466.3619
-14464.7079
-14461.1316
-14467.8148
-14469.2677
-14468.9100
-14474.4086
-14477.1131
-14465.5796
-14466.5855
-14467.9042
-14472.9781
-14463.9927
-14469.9829
-14464.4173
-14465.4679
-14459.0082
-14460.7516
-14464.8420
-14472.5087
-14473.2463
-14478.4319
-14469.7818
-14470.6088
-14471.1229
-14471.9946
-14465.7137
-14466.2278
-14465.7584
-14463.2550
-14459.3658
-14456.8401
-14458.7176
-14456.3931
-14463.1880
-14462.1822
-14464.5961
-14463.0092
-14465.7808
-14463.9032
-14465.4902
-14461.1763
-14458.7400
-14457.2871
-14468.9771
-14463.3892
-14460.2376
-14456.7060
-14470.4970
-14473.4921
-14467.2113
-14464.2385
-14463.8362
-14468.0830
-14471.5922
-14471.3687
-14467.0101
-14467.0101
-14467.6136
-14465.4008
-14461.3104
-14468.7983
-14464.3279
-14469.5582
-14466.0267
-14479.9071
-14479.9071
-14478.3201
-14474.7885
-14473.0675
-14463.3668
-14466.5855
-14459.0753
-14458.6729
-14455.1861
-14459.9693
-14458.0471
-14467.1890
-14455.4990
-14464.6409
-14468.7089
-14464.9091
-14478.0519
-14477.7166
-14474.0509
-14469.5806
-14473.2910
-14472.5981
-14475.4144
-14463.4562
-14468.1948
-14462.4727
-14464.8420
-14459.9917
-14465.9373
-14462.9421
-14461.9363
-14453.0179
-14461.8692
-14457.2424
-14468.6418
-14460.3270
-14463.9703
-14471.4805
-14469.0441
-14458.7847
-14453.7108
-14472.3969
-14472.3746
-14465.0655
-14462.3163
-14466.6078
-14460.4611
-14466.2278
-14466.4513
-14468.4406
-14461.9139
-14466.7196
-14464.3726
-14470.4970
-14464.2832
-14460.8634
-14464.9091
-14468.9994
-14466.2055
-14462.7857
-14462.6068
-14450.4028
-14468.7759
-14473.1345
-14462.9421
-14464.5067
-14464.7750
-14456.0354
-14461.1316
-14456.2589
-14456.6613
-14454.0685
-14463.4115
-14459.2094
-14467.7477
-14470.0723
-14480.6671
-14477.6272
-14471.5475
-14460.4834
-14464.4844
-14464.0597
-14469.0665
-14466.9431
-14467.3454
-14465.5573
-14462.5845
-14459.8576
-14462.1598
-14463.1209
-14468.4854
-14466.1384
-14458.5835
-14465.0432
-14460.7964
-14462.0257
-14460.1705
-14470.8323
-14461.3775
-14466.6972
-14459.7011
-14462.0033
-14461.4669
-14468.1724
-14464.6632
-14469.8265
-14468.8653
-14468.9100
-14462.1822
-14461.4446
-14456.5719
-14458.2483
-14458.5835
-14459.6564
-14456.9071
-14453.4650
-14460.6399
-14457.3095
-14456.3260
-14451.3863
-14460.2376
-14461.5563
-14464.4844
-14465.7584
-14468.6642
-14463.4562
-14468.4630
-14462.9868
-14469.1559
-14460.3717
-14459.6564
-14462.2045
-14465.6243
-14461.9139
-14464.9091
-14466.0043
-14464.8644
-14465.6243
-14462.3386
-14462.1151
-14466.5631
-14471.2346
-14465.2443
-14461.5340
-14459.1647
-14471.8381
-14466.7419
-14469.4241
-14472.6875
-14475.4144
-14480.9129
-14485.4503
-14479.9071
-14481.0247
-14474.8556
-14481.6058
-14474.8780
-14475.2356
-14467.6807
-14470.2511
-14464.5961
-14466.2725
-14466.0714
-14469.5806
-14461.4222
-14461.2434
-14460.5505
-14461.9139
-14467.1442
-14464.9985
-14469.7370
-14469.5582
-14465.8478
-14463.6574
-14463.6574
-14461.2210
-14463.4562
-14459.9246
-14462.8304
-14466.7866
-14470.6535
-14462.7186
-14462.2045
-14461.0199
-14458.6729
-14455.6107
-14452.1015
-14450.4698
-14457.9800
-14453.3085
-14457.9577
-14461.1987
-14458.4718
-14461.2881
-14459.7458
-14462.8974
-14463.2774
-14456.9071
-14454.5379
-14460.4834
-14454.0908
-14458.5388
-14458.0918
-14463.0539
-14457.1754
-14460.3493
-14450.9392
-14454.7390
-14457.0636
-14458.9635
-14455.5213
-14458.0247
-14458.4271
-14460.7740
-14459.1647
-14457.4883
-14456.4825
-14452.3474
-14458.0918
-14459.7458
-14461.3775
-14454.6049
-14457.9130
-14455.6778
-14468.9324
-14473.7604
-14468.7759
-14461.0646
-14460.4611
-14453.8897
-14456.1248
-14457.9130
-14467.7477
-14458.5388
-14459.3658
-14454.1802
-14458.7623
-14453.9567
-14456.4825
-14455.9460
-14447.4300
-14450.4251
-14447.8100
-14447.8100
-14445.2172
-14451.1627
-14448.1229
-14453.4873
-14453.4650
-14451.9451
-14446.8489
-14449.3970
-14447.6982
-14453.6438
-14448.6370
-14447.0053
-14446.0889
-14447.5194
-14438.3999
-14439.4057
-14440.1433
-14443.8090
-14438.8693
-14442.7361
-14441.8421
-14440.1657
-14443.5632
-14451.6098
-14451.3863
-14442.3338
-14438.1093
-14435.4718
-14438.2434
-14438.6234
-14436.8129
-14432.7673
-14442.3338
-14440.5233
-14443.0044
-14438.2881
-14443.9878
-14445.6866
-14451.6992
-14444.8596
-14445.4854
-14441.8644
-14440.3892
-14442.1997
-14441.0821
-14437.8858
-14441.3727
-14437.4164
-14441.3503
-14438.6234
-14443.4067
-14445.9101
-14440.2775
-14449.4640
-14448.5029
-14450.3357
-14461.0422
-14462.8304
-14455.0743
-14458.4494
-14449.1734
-14446.6030
-14439.8081
-14441.9762
-14434.3319
-14443.3620
-14438.4670
-14444.5243
-14442.8255
-14448.2123
-14448.0782
-14455.9907
-14451.0063
-14451.5204
-14446.3795
-14452.3250
-14449.7546
-14446.3124
-14444.9937
-14442.7585
-14445.2842
-14444.0102
-14447.3630
-14440.3445
-14435.6730
-14440.2327
-14440.3222
-14434.3319
-14438.9140
-14439.9869
-14443.0267
-14444.7254
-14442.5350
-14435.9636
-14438.4223
-14440.1657
-14434.6448
-14439.1375
-14435.6059
-14437.6399
-14434.1754
-14439.0928
-14434.6448
-14430.1745
-14434.6448
-14431.3144
-14427.6711
-14434.6895
-14430.8897
-14430.3309
-14435.6283
-14434.9577
-14431.4038
-14430.5321
-14432.6332
-14431.8732
-14431.0462
-14436.2094
-14430.8450
-14431.2473
-14426.4194
-14438.0199
-14443.7643
-14440.3669
-14445.2619
-14439.3610
-14440.5457
-14440.8809
-14439.0705
-14435.9636
-14442.4232
-14448.3911
-14457.0860
-14455.4766
-14457.6671
-14446.4912
-14445.9548
-14440.0539
-14446.9383
-14439.3387
-14438.9587
-14437.6623
-14441.2609
-14437.5058
-14449.8887
-14445.5972
-14440.0539
-14437.2376
-14439.7410
-14439.2716
-14436.7459
-14439.3834
-14433.5496
-14435.5389
-14433.7284
-14435.4942
-14433.5943
-14436.4330
-14433.9072
-14437.1259
-14436.8353
-14440.9704
-14438.1987
-14440.6351
-14438.6905
-14441.9315
-14437.3047
-14439.2046
-14433.0802
-14436.7235
-14429.1686
-14426.4417
-14426.6205
-14426.9782
-14432.4320
-14433.0578
-14431.2250
-14429.1239
-14424.2065
-14420.3620
-14428.6992
-14431.1803
-14437.8188
-14434.8683
-14437.1929
-14437.3717
-14448.1006
-14441.0821
-14439.0034
-14431.7391
-14437.2376
-14438.6681
-14441.7974
-14437.3494
-14439.6069
-14437.1706
-14441.5515
-14442.0879
-14444.2337
-14439.7410
-14431.1579
-14430.4874
-14435.8295
-14443.8761
-14441.9091
-14444.8372
-14443.3173
-14453.2415
-14460.1482
-14469.3347
-14465.7808
-14461.0869
-14453.7108
-14450.1569
-14448.0335
-14456.1919
-14448.0335
-14445.6419
-14437.1706
-14441.5962
-14443.8537
-14444.3008
-14440.1657
-14446.0442
-14447.0947
-14445.0384
-14452.5709
-14446.9159
-14437.2823
-14444.7478
-14451.7662
-14444.8149
-14438.8022
-14433.6166
-14434.9354
-14431.4932
-14435.3377
-14437.9305
-14435.0024
-14434.4883
-14436.3435
-14431.1356
-14433.7284
-14433.1249
-14438.9810
-14436.6341
-14439.2940
-14429.5710
-14426.4194
-14424.7206
-14429.6827
-14425.6818
-14428.2969
-14428.0510
-14426.9335
-14429.6604
-14428.0287
-14429.2580
-14420.4067
-14420.3173
-14422.5302
-14425.3465
-14417.6351
-14420.5632
-14418.1939
-14425.5253
-14418.6410
-14427.5593
-14417.6351
-14428.6992
-14425.2794
-14428.1628
-14422.3290
-14423.9830
-14421.2114
-14424.5865
-14423.8489
-14422.9101
-14424.4077
-14426.9558
-14430.7556
-14428.1852
-14437.7070
-14441.5291
-14450.5816
-14444.2337
-14440.6798
-14431.3368
-14430.1521
-14429.1686
-14428.9228
-14426.2853
-14428.0287
-14426.5758
-14430.1521
-14425.0336
-14426.7546
-14424.0277
-14427.4699
-14429.3922
-14428.2746
-14427.3358
-14427.9393
-14429.0569
-14426.8217
-14429.4592
-14427.4923
-14424.1842
-14418.1269
-14423.7372
-14428.0063
-14425.7935
-14418.9762
-14424.7653
-14421.8373
-14419.3562
-14412.1813
-14424.7653
-14421.9267
-14421.3232
-14414.5282
-14417.1657
-14414.9529
-14412.8742
-14407.0628
-14411.6225
-14425.3241
-14423.6254
-14419.1774
-14419.1774
-14418.4398
-14418.9315
-14423.2454
-14418.7527
-14418.8868
-14418.7080
-14420.5856
-14416.0035
-14422.3961
-14418.3057
-14421.8820
-14424.2512
-14425.9053
-14422.5749
-14430.0404
-14428.9675
-14428.6322
-14428.6545
-14427.4475
-14424.2512
-14423.2678
-14418.0822
-14415.6682
-14421.2561
-14422.2619
-14421.5690
-14423.7819
-14433.6390
-14430.0627
-14433.5496
-14427.8722
-14424.3854
-14425.0112
-14429.6157
-14419.4456
-14427.4699
-14428.2969
-14429.2133
-14420.9432
-14426.7993
-14426.9335
-14429.3474
-14422.9101
-14427.8722
-14426.6205
-14427.9393
-14424.0277
-14420.5632
-14421.9937
-14428.7216
-14427.4923
-14421.7032
-14427.7158
-14430.9791
-14428.3193
-14419.7585
-14419.7362
-14417.4787
-14426.7323
-14427.6711
-14425.2347
-14421.9043
-14431.0015
-14427.4475
-14429.0569
-14421.2338
-14418.2163
-14416.8305
-14422.5525
-14421.7926
-14424.6759
-14420.4515
-14420.3844
-14424.8547
-14424.2960
-14425.3018
-14430.3756
-14426.6876
-14422.1502
-14426.0170
-14424.2960
-14427.8499
-14426.3076
-14434.1978
-14425.0112
-14429.0792
-14430.1074
-14436.4106
-14429.6827
-14436.6565
-14428.2299
-14429.3474
-14429.3474
-14431.0015
-14430.5991
-14431.1579
-14435.8295
-14440.8139
-14441.7750
-14439.5175
-14433.9743
-14442.1773
-14445.9101
-14442.3785
-14440.8809
-14431.2250
-14435.7624
-14435.8518
-14447.1171
-14438.7352
-14440.7915
-14435.0471
-14438.9140
-14438.3776
-14446.5359
-14441.5962
-14447.3630
-14447.6535
-14449.7993
-14444.9043
-14443.8314
-14440.2104
-14445.0160
-14437.6176
-14435.1813
-14439.0928
-14435.2930
-14438.4670
-14440.2327
-14443.8761
-14437.9529
-14439.5398
-14435.1365
-14439.7857
-14434.6225
-14436.4553
-14433.8401
-14433.5496
-14433.0578
-14439.7410
-14432.0297
-14444.4572
-14439.8304
-14440.5233
-14433.4155
-14442.6691
-14444.6807
-14439.9422
-14431.6944
-14433.1472
-14440.9480
-14435.6506
-14430.1521
-14429.9286
-14438.3999
-14422.2843
-14429.7498
-14425.0559
-14436.0753
-14434.3319
-14439.7634
-14432.1414
-14443.2502
-14436.6565
-14439.6516
-14436.7459
-14443.8984
-14449.0393
-14447.4524
-14437.9082
-14445.5525
-14439.7857
-14429.5263
-14433.2367
-14442.7808
-14453.5991
-14453.8226
-14447.4077
-14445.7760
-14443.6079
-14430.8897
-14431.7391
-14433.5496
-14438.4223
-14434.3095
-14446.2454
-14437.8858
-14445.9548
-14444.2784
-14442.0209
-14437.3047
-14442.6914
-14432.6108
-14433.5496
-14431.4262
-14431.0462
-14425.2794
-14425.4806
-14430.0404
-14429.8168
-14431.7167
-14428.1181
-14429.8168
-14434.3542
-14432.8343
-14430.8003
-14436.8576
-14432.4320
-14435.7624
-14431.6273
-14436.7906
-14425.1006
-14428.3863
-14427.6264
-14434.5331
-14429.8839
-14431.9850
-14432.2979
-14438.9363
-14434.4883
-14437.2376
-14429.3027
-14430.1745
-14432.2085
-14430.2862
-14427.2464
-14428.4981
-14426.0617
-14431.5826
-14430.0404
-14424.7653
-14433.1919
-14422.2172
-14427.6040
-14429.3027
-14437.9082
-14432.1191
-14437.9752
-14434.7566
-14433.9519
-14425.2794
-14421.7255
-14415.2211
-14427.4252
-14428.4534
-14434.7566
-14433.0802
-14430.5991
-14432.9908
-14440.7468
-14446.0889
-14445.3066
-14435.9859
-14429.9286
-14425.8159
-14423.1337
-14433.3261
-14435.4718
-14442.9373
-14433.8849
-14441.7527
-14433.3931
-14440.0986
-14437.6399
-14443.7643
-14435.2036
-14436.7459
-14436.7459
-14434.1531
-14433.1025
-14438.6234
-14431.9850
-14437.2823
-14435.2930
-14434.3766
-14432.8567
-14427.9393
-14422.0384
-14422.0831
-14430.7109
-14429.7274
-14430.5097
-14424.3407
-14430.4203
-14430.4203
-14442.2891
-14440.5680
-14441.4844
-14436.9694
-14439.9422
-14437.0364
-14437.2153
-14436.5224
-14440.2998
-14433.5943
-14436.5671
-14429.6604
-14436.5447
-14428.1181
-14436.0083
-14435.0248
-14436.2094
-14434.3542
-14435.4271
-14439.9198
-14441.1939
-14444.4572
-14443.2055
-14449.5534
-14447.8770
-14446.9830
-14443.8090
-14444.4572
-14440.2775
-14434.0190
-14432.1414
-14431.0685
-14428.7216
-14438.8246
-14438.2658
-14442.9820
-14441.4397
-14444.4796
-14447.4300
-14456.1472
-14448.7488
-14450.2910
-14448.2570
-14435.0695
-14436.8129
-14435.1365
-14440.0986
-14430.6662
-14435.1813
-14437.1706
-14433.9296
-14436.4106
-14442.5573
-14437.9752
-14440.6574
-14439.7634
-14437.5058
-14434.7566
-14441.3503
-14439.1599
-14440.5233
-14434.1978
-14434.7342
-14433.8178
-14436.0530
-14433.4825
-14435.8965
-14438.6458
-14432.9908
-14437.2600
-14432.9237
-14438.1764
-14438.8916
-14435.9636
-14434.3095
-14432.9908
-14431.2920
-14437.7964
-14438.6011
-14448.1229
-14436.7906
-14447.6759
-14443.7196
-14447.5865
-14444.9266
-14445.3736
-14443.7643
-14441.1268
-14439.8528
-14442.9597
-14439.7857
-14441.4844
-14436.9694
-14438.3105
-14438.6681
-14434.9130
-14435.3377
-14429.9062
-14434.9130
-14429.1239
-14434.4660
-14433.5943
-14435.7847
-14435.0024
-14437.6846
-14432.0297
-14439.4057
-14438.1540
-14443.4737
-14439.6516
-14441.7527
-14453.6661
-14456.6389
-14454.0685
-14449.5087
-14450.8051
-14445.9995
-14441.2609
-14441.0598
-14441.4397
-14436.9917
-14435.5165
-14436.3435
-14450.5145
-14445.3736
-14444.5690
-14441.7080
-14449.4193
-14448.2123
-14456.9519
-14447.0277
-14458.5388
-14441.4397
-14447.8770
-14443.0267
-14442.0209
-14441.5739
-14446.2007
-14439.5622
-14438.1317
-14430.9791
-14429.3251
-14431.3144
-14432.2532
-14424.0054
-14435.4495
-14440.0539
-14437.4835
-14438.7575
-14440.2327
-14446.0442
-14442.5126
-14443.7420
-14434.3319
-14443.2502
-14444.2114
-14440.5904
-14429.9956
-14426.8441
-14423.4689
-14430.0180
-14427.5146
-14423.3125
-14421.5243
-14425.7712
-14422.1055
-14419.9374
-14419.1327
-14426.3747
-14423.8713
-14419.2668
-14431.3815
-14431.3591
-14432.0967
-14427.9840
-14426.0617
-14427.5370
-14436.6788
-14433.1472
-14430.4874
-14423.5807
-14427.6040
-14434.2872
-14436.5447
-14443.0491
-14455.8566
-14445.7313
-14446.7371
-14434.4213
-14434.5554
-14432.9237
-14432.1861
-14431.2250
-14433.0131
-14433.4602
-14427.9393
-14435.6730
-14437.4164
-14441.2162
-14436.7459
-14438.5340
-14434.8013
-14439.9198
-14435.8965
-14435.3601
-14431.9402
-14433.5049
-14432.5885
-14434.8683
-14433.5049
-14439.7410
-14438.5787
-14443.2502
-14442.7808
-14437.4164
-14443.5632
-14439.8081
-14440.6127
-14440.1433
-14442.8703
-14436.9694
-14433.5272
-14436.5447
-14438.6234
-14441.8197
-14448.9946
-14441.8421
-14434.4660
-14439.2716
-14446.1560
-14439.0705
-14443.4290
-14437.3047
-14438.3776
-14438.1764
-14442.4903
-14442.9150
-14447.4300
-14443.3843
-14439.5398
-14439.5845
-14443.9655
-14439.8751
-14432.7673
-14434.5554
-14440.7692
-14433.5272
-14431.6050
-14443.6079
-14438.2658
-14431.4932
-14431.6720
-14438.8916
-14441.1268
-14445.9324
-14433.6166
-14437.5505
-14437.2153
-14447.9441
-14450.0675
-14456.9071
-14453.6438
-14453.1968
-14442.3785
-14446.3124
-14443.7420
-14435.9859
-14435.6730
-14438.6234
-14433.2143
-14434.8907
-14432.4320
-14430.4650
-14432.1638
-14436.5671
-14439.2269
-14440.2327
-14446.7371
-14449.9781
-14449.9334
-14450.3134
-14453.5767
-14445.7313
-14441.6633
-14442.7138
-14445.5525
-14438.2881
-14439.9869
-14440.7021
-14447.1394
-14447.2959
-14443.1608
-14435.9412
-14435.8965
-14432.2979
-14436.8800
-14436.9023
-14438.5787
-14442.3115
-14439.4281
-14443.4290
-14444.0549
-14451.1180
-14446.0442
-14451.0957
-14447.6088
-14446.3348
-14449.2405
-14449.9781
-14437.3494
-14444.1890
-14442.6467
-14448.9499
-14447.7653
-14451.6545
-14451.4086
-14451.9674
-14454.5826
-14458.9188
-14455.4766
-14456.4825
-14454.9178
-14458.2706
-14459.0306
-14462.8527
-14468.2395
-14452.4368
-14458.7623
-14451.4980
-14458.9635
-14456.9966
-14462.8751
-14468.5524
-14474.0509
-14467.6136
-14465.6020
-14461.1987
-14465.2443
-14465.4008
-14454.4038
-14456.3931
-14459.0753
-14453.6438
-14448.9946
-14451.3639
-14455.6555
-14456.8848
-14456.7060
-14453.6885
-14444.8596
-14447.4524
-14443.2726
-14448.3241
-14449.6205
-14456.9966
-14457.4659
-14455.7002
-14448.2794
-14451.9898
-14443.1832
-14448.3464
-14435.8742
-14442.4679
-14446.5359
-14442.9597
-14434.6448
-14441.5739
-14447.7653
-14445.5078
-14446.9159
-14443.0044
-14450.9169
-14450.4028
-14452.5709
-14451.7886
-14457.7342
-14453.0626
-14448.5252
-14448.1676
-14451.8557
-14444.9043
-14448.9946
-14445.0607
-14440.3669
-14438.4446
-14435.3154
-14435.7177
-14438.0646
-14443.5408
-14447.2512
-14438.9587
-14448.4582
-14452.1239
-14445.1501
-14442.4903
-14448.0335
-14450.6263
-14456.1025
-14451.6321
-14447.7653
-14449.3299
-14453.0626
-14446.1560
-14450.2016
-14465.1326
-14459.6117
-14467.9936
-14472.6651
-14471.1005
-14469.4912
-14473.5145
-14463.1880
-14461.3104
-14467.8819
-14462.0704
-14468.3512
-14474.4309
-14474.5427
-14481.4941
-14476.4873
-14478.0742
-14484.0869
-14483.7516
-14483.3940
-14472.6651
-14490.3007
-14483.3269
-14488.6243
-14473.4251
-14483.6175
-14494.4134
-14479.3036
-14477.7613
-14485.0033
-14500.0013
-14478.2754
-14473.7827
-14477.1131
-14476.0626
-14485.1150
-14476.9567
-14480.2647
-14481.4941
-14487.1491
-14486.0985
-14491.3735
-14487.3279
-14482.1423
-14488.6466
-14482.1870
-14491.7088
-14490.4571
-14492.6476
-14478.8789
-14489.8760
-14472.6204
-14476.0849
-14473.0898
-14479.3930
-14470.0723
-14471.2570
-14463.4786
-14464.9314
-14456.5942
-14443.7643
-14466.4290
-14479.5048
-14463.1880
-14464.7079
-14471.6593
-14478.5883
-14470.9440
-14464.8867
-14464.7079
-14471.2346
-14476.8226
-14475.6379
-14483.1704
-14474.7215
-14471.5475
-14460.2152
-14464.0821
-14467.0995
-14465.1996
-14464.7526
-14459.7011
-14454.3143
-14461.9810
-14451.5651
-14461.2657
-14460.7740
-14466.2725
-14470.6758
-14464.0821
-14457.7342
-14463.5456
-14464.6856
-14463.1209
-14458.2483
-14456.7060
-14456.8624
-14451.7662
-14450.5816
-14450.3804
-14456.9742
-14452.5039
-14456.6389
-14451.6768
-14456.0801
-14450.8275
-14454.1355
-14446.8489
-14461.1093
-14461.6904
-14465.1102
-14460.8411
-14458.1365
-14449.9334
-14452.9956
-14450.9169
-14450.3581
-14451.9227
-14453.9344
-14454.9625
-14455.7002
-14458.2483
-14445.3513
-14458.1812
-14463.4339
-14471.0558
-14463.0762
-14470.7652
-14465.2220
-14466.4737
-14460.7740
-14467.9042
-14459.0976
-14461.6904
-14456.5719
-14463.8585
-14457.3095
-14463.9032
-14468.8430
-14464.8644
-14465.1773
-14470.0500
-14470.2288
-14473.1569
-14470.6982
-14469.8935
-14474.6768
-14468.9547
-14467.5466
-14457.4659
-14463.7691
-14455.1190
-14458.0024
-14455.5213
-14461.2657
-14458.4494
-14462.2939
-14459.2988
-14463.3668
-14461.1316
-14462.0033
-14452.9956
-14454.9402
-14457.0413
-14459.5223
-14460.2152
-14457.2648
-14452.4592
-14459.1647
-14448.5476
-14445.5748
-14452.2803
-14457.5553
-14461.2881
-14451.7662
-14452.0345
-14442.9150
-14452.4368
-14454.4485
-14456.0801
-14451.6768
-14449.5087
-14446.8042
-14450.8051
-14447.1618
-14398.9044
-14453.6885
-14466.8984
-14458.1812
-14457.7342
-14452.8391
-14452.0792
-14454.8955
-14455.4319
-14455.7896
-14456.3931
-14456.8177
-14462.5398
-14452.2580
-14446.4912
-14447.2735
-14452.8838
-14451.5651
-14448.9499
-14447.8547
-14441.5739
-14449.5758
-14449.3970
-14451.1404
-14453.5544
-14459.6788
-14458.6059
-14464.2162
-14460.4611
-14458.7176
-14445.9101
-14440.0763
-14433.5943
-14438.2434
-14439.4057
-14439.7410
-14438.9810
-14445.0607
-14444.8372
-14444.6807
-14443.7420
-14447.2512
-14451.6098
-14444.4796
-14443.9208
-14437.1482
-14443.2726
-14437.8411
-14437.8635
-14429.0122
-14437.9529
-14429.8839
-14425.2347
-14425.5477
-14437.7294
-14442.3785
-14436.0083
-14432.2308
-14434.8460
-14430.3309
-14432.8790
-14433.3261
-14432.5661
-14427.7828
-14425.7265
-14432.6332
-14428.0287
-14431.0238
-14423.3348
-14428.5428
-14429.1463
-14432.0520
-14433.4155
-14428.2746
-14428.8334
-14432.5661
-14431.6497
-14440.9927
-14433.1025
-14432.4990
-14431.5379
-14434.3319
-14426.0170
-14428.8557
-14430.2192
-14430.2415
-14432.6332
-14433.8849
-14437.0141
-14434.1754
-14433.4378
-14433.3261
-14439.4951
-14435.7177
-14437.4611
-14435.6953
-14445.5972
-14447.4747
-14453.5320
-14440.1880
-14435.5389
-14436.0977
-14437.6846
-14433.0355
-14439.9198
-14435.3377
-14443.8090
-14442.6914
-14443.4514
-14442.1326
-14444.2337
-14444.2114
-14437.2153
-14438.9810
-14438.5787
-14441.2386
-14437.2823
-14439.4951
-14431.2920
-14437.6176
-14433.8625
-14442.3785
-14440.5233
-14435.0471
-14428.2522
-14435.3824
-14437.2600
-14439.3834
-14436.6565
-14440.9257
-14437.8858
-14439.4728
-14438.2658
-14441.3950
-14435.4495
-14437.2600
-14437.1035
-14432.6108
-14434.7789
-14434.7566
-14438.5787
-14425.6147
-14429.1016
-14429.4145
-14434.4883
-14428.6992
-14434.1084
-14434.2201
-14438.7128
-14431.6497
-14440.5680
-14441.7750
-14441.4844
-14440.9257
-14442.0879
-14434.0413
-14440.4786
-14439.2493
-14438.5340
-14439.0481
-14445.7536
-14443.5632
-14444.9937
-14445.6195
-14448.6370
-14448.8382
-14445.0831
-14316.1359
-14479.1918
-14522.8001
-14485.7409
-14464.7973
-14448.9946
-14448.9276
-14446.5583
-14452.3697
-14448.9052
-14456.7507
-14454.3143
-14458.0918
-14450.5816
-14450.9616
-14451.6768
-14457.6671
-14454.7167
-14457.2871
-14455.3649
-14450.6710
-14454.3590
-14448.5252
-14445.9324
-14447.8100
-14454.8731
-14450.7604
-14456.1695
-14460.3493
-14459.3435
-14455.4096
-14460.8858
-14461.7798
-14464.3503
-14454.0685
-14455.2531
-14454.1355
-14458.3600
-14455.8343
-14457.5777
-14458.6506
-14462.5398
-14462.9868
-14461.7798
-14463.3668
-14457.9800
-14470.8770
-14455.6555
-14463.7021
-14459.3658
-14469.3347
-14470.1170
-14468.2842
-14462.6962
-14471.5922
-14471.9722
-14481.2929
-14477.4037
-14486.1209
-14482.7234
-14486.2550
-14481.2035
-14486.1209
-14483.5281
-14480.9576
-14475.5709
-14473.1569
-14474.0956
-14482.0529
-14488.7137
-14489.7642
-14487.9314
-14487.0373
-14485.4503
-14481.2035
-14483.3493
-14481.6729
-14488.4008
-14483.6622
-14487.3949
-14490.0771
-14494.4357
-14494.8828
-14496.4250
-14487.6184
-14494.1005
-14490.9712
-14494.8381
-14491.7759
-14490.9936
-14490.8594
-14489.1831
-14482.3658
-14478.7001
-14474.1850
-14478.0072
-14480.3541
-14475.7720
-14468.7089
-14478.2978
-14474.0509
-14478.2084
-14477.0237
-14457.9353
-14416.2717
-14492.0888
-14501.4765
-14486.7020
-14481.5388
-14475.7944
-14474.9003
-14467.3901
-14465.7584
-14473.1569
-14477.3590
-14475.3473
-14475.8391
-14474.9674
-14474.9227
-14473.9839
-14475.4144
-14472.9110
-14477.2919
-14474.7885
-14470.6311
-14470.7429
-14474.4980
-14481.8517
-14475.4814
-14483.9528
-14486.4785
-14489.5854
-14483.9528
-14485.8080
-14479.6612
-14482.2540
-14478.4319
-14476.8226
-14481.8964
-14490.4348
-14491.1724
-14505.8351
-14498.9061
-14495.6874
-14487.6855
-14483.8410
-14484.2880
-14485.4950
-14478.4542
-14485.5621
-14487.9984
-14483.0587
-14485.0256
-14478.0742
-14485.0703
-14484.1316
-14490.7477
-14490.6806
-14496.2239
-14484.6680
-14487.9761
-14485.2268
-14492.8935
-14487.4620
-14491.5971
-14489.6972
-14488.0208
-14492.7817
-14490.5689
-14491.2394
-14491.7312
-14495.6427
-14495.3298
-14495.7321
-14491.4406
-14487.6631
-14488.1325
-14481.8070
-14482.1870
-14483.5504
-14474.1180
-14479.3930
-14474.8780
-14478.2978
-14472.8439
-14473.8051
-14470.8099
-14475.8614
-14477.6496
-14477.2472
-14472.2181
-14478.2978
-14482.1423
-14485.4503
-14480.9353
-14483.3493
-14475.5932
-14475.7497
-14480.3988
-14480.7341
-14479.8400
-14478.4319
-14477.4484
-14480.8012
-14482.9469
-14481.7176
-14479.2365
-14476.1520
-14481.9188
-14479.1248
-14490.0101
-14487.9984
-14499.4425
-14496.7156
-14504.7399
-14496.2909
-14491.3512
-14479.9965
-14482.9022
-14485.1821
-14484.9362
-14480.7341
-14482.5446
-14483.4163
-14477.3813
-14477.0684
-14471.1676
-14474.3415
-14471.9275
-14477.9178
-14474.6768
-14481.9858
-14474.6097
-14477.6496
-14471.6817
-14474.5427
-14468.8877
-14473.5368
-14466.8313
-14472.3075
-14468.9994
-14471.4581
-14466.5184
-14475.8614
-14467.4795
-14463.5456
-14467.2560
-14465.4455
-14465.5126
-14462.4057
-14463.5456
-14469.8935
-14475.3697
-14470.9887
-14468.4854
-14468.6642
-14466.1161
-14462.4280
-14466.4737
-14465.2443
-14473.0228
-14468.1277
-14465.1996
-14462.5621
-14469.4465
-14464.4844
-14471.1229
-14473.7827
-14475.5485
-14474.9674
-14476.2191
-14471.3687
-14473.3357
-14477.1355
-14466.9207
-14468.4630
-14465.4008
-14464.1268
-14462.0033
-14464.2385
-14463.3445
-14470.9664
-14464.5738
-14471.0335
-14475.2803
-14487.9984
-14480.3318
-14477.6049
-14458.2706
-14466.2055
-14471.1899
-14467.0325
-14470.4076
-14472.4193
-14464.1268
-14458.7623
-14467.9936
-14457.7565
-14298.7909
-14238.0612
-14270.2254
-14319.8239
-14353.9774
-14374.8986
-14397.2727
-14414.9529
-14429.8392
-14432.6108
-14445.1501
-14450.2910
-14456.0354
-14454.4932
-14460.3493
-14458.8517
-14459.6341
-14454.5155
-14530.8467
-14853.6283
-14791.8480
-14644.1254
-14551.3433
-14498.2802
-14469.8488
-14465.4455
-14459.3658
-14460.7964
-14454.4932
-14454.9849
-14458.0471
-14456.7954
-14456.7507
-14461.6234
-14453.5544
-14453.7332
-14452.2580
-14458.5835
-14450.6710
-14452.7721
-14454.5155
-14454.9625
-14452.4815
-14458.3600
-14457.7342
-14463.1433
-14461.3104
-14461.1316
-14460.5058
-14461.2657
-14459.5000
-14459.9023
-14466.3172
-14463.7468
-14462.6962
-14470.2511
-14474.4309
-14474.6544
-14481.7623
-14479.8847
-14481.6058
-14471.3240
-14470.8770
-14465.4008
-14468.3512
-14462.3610
-14468.4854
-14467.9936
-14468.9547
-14464.2385
-14467.6360
-14466.2278
-14474.2297
-14470.0500
-14470.9440
-14464.3950
-14468.9994
-14468.1948
-14465.0655
-14471.5252
-14468.3065
-14465.6914
-14463.3892
-14469.5135
-14467.3007
-14468.6642
-14467.3007
-14463.5009
-14461.9363
-14469.2677
-14464.3503
-14463.5680
-14465.4679
-14473.3804
-14462.9198
-14467.1666
-14466.4960
-14474.9897
-14470.2288
-14469.5806
-14469.1112
-14468.8877
-14472.1287
-14467.8372
-14472.7322
-14474.4086
-14474.7438
-14469.2006
-14473.3580
-14468.6195
-14475.0568
-14475.1238
-14483.1704
-14475.4367
-14475.7273
-14474.4309
-14471.8381
-14468.1501
-14472.4863
-14472.1510
-14472.8439
-14471.4581
-14477.5602
-14476.0179
-14480.2871
-14477.7166
-14481.4047
-14480.9576
-14482.3211
-14486.5679
-14497.5426
-14498.7273
-14495.3074
-14496.8050
-14490.7477
-14487.0149
-14481.5835
-14483.3046
-14484.1763
-14485.5844
-14479.8400
-14484.7127
-14488.3113
-14484.7574
-14482.2093
-14491.2618
-14488.2890
-14485.6515
-14485.5397
-14487.7749
-14492.1558
-14493.6758
-14490.0548
-14492.4017
-14486.8808
-14486.2773
-14489.5630
-14490.8147
-14489.1384
-14484.1092
-14489.9654
-14487.7302
-14495.1063
-14488.8031
-14489.2948
-14486.8361
-14488.0208
-14483.5951
-14487.7749
-14487.4620
-14485.0256
-14481.4941
-14490.3677
-14491.5300
-14493.5193
-14494.7039
-14491.9323
-14488.1772
-14488.5349
-14490.0995
-14491.9547
-14493.2958
-14495.9780
-14496.1568
-14493.8099
-14497.1179
-14496.4697
-14497.7438
-14494.4357
-14498.5708
-14497.5203
-14499.1519
-14491.3288
-14494.6369
-14490.8147
-14485.9644
-14487.9090
-14494.4357
-14490.3230
-14495.9109
-14498.5708
-14503.9576
-14502.8623
-14501.9683
-14503.3094
-14493.4970
-14494.4804
-14494.6145
-14494.7487
-14489.1607
-14495.5757
-14496.8050
-14500.1801
-14497.9226
-14500.9848
-14493.1617
-14498.9955
-14495.9780
-14493.7428
-14484.3104
-14483.6622
-14485.4280
-14492.5358
-14482.4775
-14478.7001
-14475.3473
-14472.7992
-14476.3085
-14477.0014
-14461.6904
-14464.3503
-14463.7468
-14460.2152
-14459.8576
-14450.1569
-14443.0267
-14435.7177
-14433.9072
-14424.0724
-14423.9830
-14413.9918
-14417.1657
-14410.2367
-14405.4534
-14390.6119
-14388.1532
-14386.5215
-14388.6449
-14383.4593
-14384.0181
-14383.1017
-14385.8062
-14379.4136
-14379.1454
-14373.2669
-14379.5925
-14382.7664
-14380.3077
-14384.2863
-14380.3524
-14386.5439
-14383.5487
-14386.9015
-14380.7324
-14389.1143
-14375.7256
-14385.4710
-14382.5876
-14385.5827
-14380.9783
-14386.5886
-14382.3641
-14388.1308
-14387.0356
-14390.0531
-14383.8616
-14388.1755
-14383.3252
-14381.1794
-14373.7140
-14380.5312
-14388.4214
-14385.4263
-14386.8568
-14382.6323
-14389.0473
-14385.8510
-14388.0414
-14377.5361
-14376.3962
-14379.4136
-14378.6313
-14362.1805
-14369.9142
-14373.2446
-14377.0891
-14377.6255
-14372.2164
-14370.9423
-14366.6955
-14367.5672
-14370.6518
-14372.9763
-14374.5633
-14363.0522
-14368.2825
-14365.3321
-14362.8510
-14369.2883
-14375.3009
-14373.5798
-14362.6945
-14369.4224
-14366.8967
-14379.5254
-14370.2494
-14372.6858
-14373.6916
-14379.8830
-14372.6411
-14371.5682
-14365.3097
-14367.3884
-14359.2077
-14367.6790
-14367.3884
-14378.2514
-14368.3942
-14369.9365
-14364.9744
-14375.0104
-14376.3515
-14371.5235
-14379.1678
-14370.9870
-14377.7596
-14371.2106
-14376.4409
-14374.6080
-14373.6693
-14375.2786
-14379.9948
-14379.9054
-14380.1960
-14375.6586
-14379.5254
-14379.6372
-14394.0987
-14395.7304
-14399.2396
-14387.7285
-14384.1746
-14382.4088
-14386.2756
-14386.7450
-14385.9180
-14388.1979
-14391.7071
-14385.4933
-14387.2144
-14392.4000
-14395.2610
-14396.6692
-14396.2445
-14391.5954
-14392.6459
-14394.3670
-14390.7013
-14399.5079
-14394.3223
-14402.7265
-14401.8995
-14404.7158
-14403.1065
-14400.0443
-14402.4583
-14405.4758
-14402.7042
-14400.8490
-14400.8266
-14401.0948
-14404.9840
-14403.6206
-14406.8392
-14400.1784
-14398.1891
-14399.9326
-14406.1016
-14405.0064
-14412.5389
-14409.2756
-14410.6390
-14407.5545
-14414.5729
-14414.9082
-14420.0715
-14409.4991
-14415.3553
-14411.2202
-14413.3659
-14420.2726
-14416.8975
-14417.8810
-14420.5185
-14421.3455
-14422.6643
-14424.8100
-14421.5690
-14426.1959
-14423.2454
-14422.3066
-14421.3008
-14427.1123
-14428.3863
-14431.9402
-14425.3465
-14424.0948
-14426.1959
-14430.7780
-14440.5010
-14450.0228
-14445.6195
-14451.8780
-14441.3503
-14444.0102
-14440.1657
-14439.6069
-14438.0423
-14440.9480
-14440.1210
-14438.4223
-14436.8800
-14442.4679
-14448.3688
-14448.0335
-14448.4135
-14450.8498
-14450.1793
-14437.7070
-14438.8246
-14433.9296
-14436.7012
-14437.0364
-14436.0306
-14432.1638
-14442.6914
-14444.5243
-14447.1171
-14443.6079
-14444.2561
-14436.2318
-14442.8032
-14439.0928
-14438.8469
-14437.4611
-14433.1472
-14431.8061
-14442.8255
-14439.0705
-14437.0364
-14435.0695
-14431.6273
-14434.1084
-14435.9636
-14439.6963
-14426.5311
-14434.8907
-14426.6429
-14435.3377
-14430.1521
-14430.1298
-14431.7167
-14434.4883
-14432.5885
-14442.0879
-14446.9383
-14439.7410
-14431.8732
-14437.9529
-14440.4563
-14439.6963
-14435.6283
-14442.7361
-14437.5952
-14443.2055
-14442.3115
-14441.2833
-14441.8644
-14443.0938
-14449.0617
-14453.8450
-14461.1316
-14458.9635
-14466.7643
-14463.4786
-14466.3172
-14458.5165
-14467.2113
-14453.6438
-14463.1880
-14458.9635
-14461.6010
-14457.8906
-14457.2424
-14455.2531
-14455.1861
-14455.5437
-14456.6166
-14452.5486
-14451.9451
-14461.4893
-14463.7021
-14469.3347
-14463.6797
-14465.0879
-14457.8236
-14462.7410
-14460.5728
-14468.1724
-14463.5903
-14459.9917
-14450.1346
-14452.8168
-14451.1404
-14455.0072
-14447.9888
-14458.2930
-14459.3658
-14457.7565
-14460.4387
-14466.8984
-14465.0432
-14469.3124
-14462.4057
-14460.3940
-14468.6642
-14467.2784
-14474.0733
-14467.7030
-14471.6817
-14469.0888
-14474.0956
-14473.1792
-14477.9848
-14472.0169
-14472.0616
-14465.5573
-14477.9625
-14476.4202
-14481.8740
-14473.3804
-14478.0519
-14481.8517
-14484.6010
-14480.2200
-14485.8750
-14474.5874
-14473.4698
-14479.4824
-14479.6612
-14478.0295
-14478.6554
-14483.4834
-14485.9868
-14500.7613
-14488.7807
-14494.7934
-14490.1218
-14489.1607
-14485.9644
-14494.7934
-14483.8634
-14495.0616
-14498.7049
-14496.4250
-14488.5572
-14493.8322
-14494.1675
-14500.9624
-14498.1461
-14499.5766
-14496.8274
-14497.6767
-14499.9566
-14488.3784
-14491.6865
-14483.2599
-14488.3561
-14484.0198
-14484.1092
-14486.0985
-14488.1102
-14485.4727
-14490.0101
-14479.7059
-14488.8701
-14486.0315
-14485.7633
-14479.7953
-14482.4105
-14485.2045
-14483.7069
-14480.4882
-14481.4494
-14477.3813
-14480.6223
-14483.6398
-14482.0305
-14483.7739
-14481.1588
-14480.7341
-14484.4445
-14485.3162
-14485.4950
-14485.4056
-14487.9537
-14495.9780
-14493.2511
-14498.7496
-14495.3074
-14501.0071
-14497.6544
-14495.0839
-14489.7642
-14494.4581
-14494.7710
-14494.6592
-14491.5076
-14490.0995
-14489.6748
-14490.7924
-14492.2229
-14495.6874
-14500.4036
-14505.4551
-14503.4211
-14506.8186
-14514.2394
-14510.8196
-14509.2102
-14511.4231
-14502.1471
-14503.5105
-14507.4221
-14499.9566
-14501.1860
-14496.3356
-14499.2190
-14491.3065
-14496.6933
-14498.1238
-14501.2977
-14495.1733
-14495.5980
-14495.1733
-14499.1296
-14504.0023
-14499.0178
-14495.7321
-14494.2793
-14487.4173
-14497.8332
-14504.6952
-14504.5387
-14499.5990
-14492.8040
-14493.7652
-14492.9382
-14498.7720
-14494.3910
-14497.7885
-14489.8760
-14489.3619
-14484.5786
-14492.5805
-14490.9936
-14493.6087
-14490.3007
-14489.4066
-14492.2900
-14496.0003
-14492.6252
-14492.1111
-14490.9936
-14495.3745
-14492.6699
-14490.0548
-14493.1840
-14490.9936
-14488.4455
-14484.9809
-14490.0995
-14491.4629
-14493.0723
-14491.3065
-14498.8614
-14496.4697
-87541.3001
-175005.1737
-175001.2398
-175028.7548
-175019.6353
-175032.0181
-175008.6382
-175022.0940
-175015.6343
-175028.9112
-175031.2358
-175043.7751
-175035.3038
-175043.3058
-175053.1405
-175067.6245
-175077.7051
-175072.8995
-175081.2590
-175069.5914
-175084.5224
-175071.8489
-175085.9529
-175061.7907
-175057.8791
-175027.1007
-175042.7023
-175024.1280
-175039.8189
-175014.0250
-175026.4078
-175018.6741
-175039.0366
-175028.0395
-175034.2757
-175022.0269
-175018.8306
-175019.0094
-175029.2912
-175032.1075
-175038.6119
-175045.7421
-175035.0580
-175038.8801
-175034.6780
-175053.7887
-175040.1542
-175052.3806
-175029.8053
-175034.4545
-175007.0959
-175035.4603
-175013.6673
-175028.6654
-175008.2359
-175012.4380
-174983.4254
-174989.6169
-174977.0328
-174981.3020
-174965.9240
-174970.2826
-174997.5070
-175060.6060
-175102.5826
-175116.4183
-175111.7468
-175103.3202
-175104.5495
-175092.4572
-175099.1851
-175084.2989
-175105.2201
-175113.0656
-175152.5611
-175138.5465
-175138.7030
-175107.0082
-175127.7059
-175113.4008
-175136.0208
-175130.5223
-175144.6486
-175126.1413
-175134.0538
-175135.5738
-175163.5805
-175175.4716
-175189.8661
-175205.6018
-175225.0031
-175274.8251
-175295.8358
-175314.3877
-175312.1749
-175336.7395
-175323.9096
-175321.2721
-175291.8572
-175305.3800
-175294.8970
-175306.0729
-175272.4558
-175283.3858
-175267.8737
-175289.3538
-175285.4646
-175315.9076
-175312.4208
-175317.7181
-175307.8834
-175337.4324
-175393.7811
-175451.3816
-175475.7226
-175493.1570
-175498.9461
-175501.6059
-175502.1871
-175458.3553
-175423.2407
-175371.3623
-175379.9901
-175340.4946
-175338.7064
-175312.8231
-175317.9416
-175289.3538
-175301.2002
-175274.4675
-175292.3936
-175285.1963
-175310.7444
-175304.1953
-175312.2419
-175291.1643
-175288.9514
-175269.9524
-175270.2207
-175263.3810
-175271.2041
-175284.5258
-175290.5608
-175306.4081
-175297.8027
-175308.7998
-175304.2847
-175326.5918
-175310.4762
-175308.5316
-175290.2702
-175309.0233
-175303.5471
-175342.7744
-175340.5169
-175370.4235
-175366.3108
-175395.5469
-175391.0989
-175405.0240
-175396.3292
-175411.4166
-175407.0133
-175416.6469
-175417.0940
-175416.8034
-175418.5692
-175410.5226
-175413.8530
-175419.1950
-175441.5021
-175436.2941
-175446.2854
-175433.6790
-175456.9024
-175440.1386
-175454.5108
-175433.0755
-175452.0074
-175459.6964
-175523.9353
-175536.6535
-175566.5154
-175547.2929
-175539.8051
-175524.3377
-175541.7497
-175551.6515
-175567.5883
-175565.5319
-175563.4085
-175550.1986
-175529.0092
-175516.5816
-175493.6934
-175466.8266
-175431.7344
-175418.7927
-175384.9522
-175388.5285
-175369.3730
-175385.5780
-175366.4896
-175375.8550
-175355.2244
-175371.5858
-175360.0747
-175388.7967
-175376.1903
-175393.8258
-175383.2311
-175389.7802
-175383.5440
-175397.2009
-175409.7179
-175425.2971
-175420.4691
-175418.6363
-175407.4157
-175371.2953
-175360.4994
-175368.1213
-175410.5673
-175414.9929
-175451.8509
-175454.5555
-175481.9364
-175467.4301
-175493.9840
-175506.1433
-175556.6583
-175559.1617
-175569.7564
-175540.2968
-175554.2890
-175550.0869
-175565.0178
-175553.3279
-175553.9314
-175537.7711
-175528.6068
-175532.6078
-175540.1403
-175556.0101
-175561.8886
-175558.1335
-175544.4542
-175565.6437
-175549.9975
-175555.5630
-175531.8925
-175546.9353
-175538.2181
-175557.5523
-175542.7778
-175541.8838
-175512.4465
-175521.9460
-175517.4980
-175587.5931
-175619.3102
-175659.6104
-175642.7125
-175615.7563
-175567.9683
-175540.9897
-175528.8304
-175534.4853
-175544.3648
-175543.6943
-175540.4533
-175528.4057
-175543.8954
-175548.3434
-175562.8050
-175535.3124
-175538.1287
-175516.8051
-175523.3095
-175501.0024
-175524.1588
-175511.6866
-175527.5563
-175511.4183
-175522.1919
-175501.0695
-175516.3357
-175518.4144
-175544.5213
-175547.8070
-175558.7146
-175569.3988
-175584.2403
-175601.6747
-175589.2471
-175579.8817
-175574.0032
-175585.5814
-175580.4629
-175598.6125
-175576.1043
-175588.2636
-175573.2880
-175603.2393
-175595.6844
-175617.0974
-175597.2490
-175610.9730
-175590.8788
-175600.2218
-175572.1257
-175577.0207
-175566.0460
-175575.2326
-175571.9022
-175581.9381
-175575.2773
-175574.5844
-175585.3356
-175596.2656
-175605.7874
-175596.3997
-175606.0780
-175606.6591
-175622.1265
-175598.8584
-175621.2995
-175611.5989
-175618.0138
-175581.8487
-175592.0187
-175566.3366
-175582.2287
-175548.6340
-175545.5495
-175539.8051
-175561.8439
-175556.0771
-175567.9683
-175551.2715
-175543.2249
-175530.6632
-175527.3998
-175525.6341
-175526.6175
-175536.7652
-175533.9042
-175534.2618
-175508.0656
-175509.3843
-175490.6089
-175502.1871
-175468.5030
-175458.6906
-175426.1911
-175444.0725
-175431.1085
-175454.8684
-175442.8655
-175464.3009
-175461.7528
-175486.2279
-175496.8897
-175525.4552
-175531.6914
-175553.9761
-175558.9382
-175562.1345
-175561.6204
-175564.4143
-175573.9138
-175569.2423
-175581.6252
-175576.9760
-175591.2811
-175580.9099
-175602.2782
-175593.8069
-175621.7913
-175610.6824
-175633.2130
-175607.6873
-175620.1819
-175594.8798
-175594.5445
-175574.6291
-175594.5221
-175583.2569
-175593.1140
-175591.1917
-175614.3481
-175620.5172
-175622.9983
-175615.3316
-175608.2014
-175602.0547
-175590.8564
-175596.0868
-175585.5367
-175596.1315
-175584.3744
-175605.3404
-175587.3696
-175595.9973
-175576.4396
-175595.1703
-175579.7923
-175593.4269
-175577.8924
-175597.8972
-175580.2617
-175590.1412
-175563.9449
-175576.0596
-175574.2714
-175586.8555
-175583.2569
-175582.2287
-175573.0645
-175567.4765
-175569.5105
-175567.3871
-175579.7029
-175568.2812
-175577.2442
-175558.5805
-175570.9187
-175554.4231
-175576.1937
-175563.2073
-175584.6203
-175568.7506
-175592.5999
-175589.6047
-175613.1858
-175606.8826
-175623.5347
-175608.3355
-175623.5794
-175622.3053
-175628.9215
-175637.5716
-175653.7766
-175658.2470
-175659.9010
-175660.2139
-175652.6814
-175666.0254
-175655.4306
-175664.8631
-175653.5754
-175666.1595
-175656.2576
-175673.6697
-175659.4092
-175671.0769
-175643.9195
-175643.0031
-175616.0022
-175622.5959
-175599.2831
-175606.5474
-175592.0858
-175607.9555
-175595.2597
-175610.8166
-175601.5853
-175594.2763
-175582.5639
-175580.2394
-175581.0440
-175580.3288
-175591.2588
-175581.8934
-175583.7039
-175565.7331
-175601.0935
-175644.3665
-175698.0107
-175688.5112
-175674.6084
-175607.6650
-175586.5649
-175543.0014
-175550.3998
-175528.9198
-175545.4824
-175534.5300
-175551.3609
-175535.7370
-175528.0480
-175527.1540
-175546.7341
-175548.7234
-175559.4075
-175562.1792
-175560.6592
-175565.7107
-175550.7798
-175556.0771
-175548.1199
-175553.9090
-175539.0227
-175565.1743
-175547.1811
-175555.6301
-175538.3522
-175569.2200
-175557.4629
-175579.7253
-175569.0188
-175595.2150
-175587.1461
-175602.3676
-175594.2986
-175607.5085
-175601.9206
-175609.0061
-175611.4424
-175626.6863
-175636.1858
-175640.6561
-175653.3072
-175652.6590
-175658.2470
-175652.2120
-175690.9923
-175730.7560
-175791.2175
-175795.7772
-175809.8812
-175796.6713
-175815.7373
-175794.5479
-175811.2446
-175795.5090
-175816.4526
-175794.7491
-175793.5868
-175763.4566
-175756.5723
-175741.0825
-175750.3808
-175745.8881
-175746.5140
-175744.7482
-175734.2652
-175734.3323
-175724.0505
-175726.4421
-175719.8931
-175735.1146
-175724.5422
-175731.0913
-175716.8309
-175730.8007
-175696.2226
-175693.2945
-175659.5881
-175669.1993
-175644.2771
-175655.7883
-175646.0653
-175672.1274
-175665.8018
-175674.2061
-175656.5706
-175667.9253
-175667.6123
-175672.0380
-175673.2450
-175728.0515
-175800.3146
-175840.1231
-175885.4524
-175892.7168
-175904.9432
-175898.2823
-175913.0345
-175896.9189
-175918.6671
-175909.1453
-175937.3085
-175932.4358
-175971.5737
-175961.4037
-175983.5989
-175980.8944
-176001.8603
-175995.6912
-176011.3375
-176007.5153
-176017.5736
-176007.1353
-176020.7252
-176028.7942
-176028.3695
-176035.5444
-176038.0925
-176048.1955
-176044.9992
-176062.4559
-176056.3092
-176076.4257
-176056.3092
-176074.7494
-176066.7698
-176096.5200
-176090.6638
-176140.8882
-176147.0573
-176167.7997
-176151.8629
-176167.1515
-176162.7705
-176174.8181
-176164.3575
-176157.1602
-176129.1088
-176117.7765
-176099.7833
-176096.4082
-176090.6638
-176091.8484
-176090.1497
-176072.2460
-176080.2479
-176069.0050
-176089.8144
-176078.8174
-176101.1691
-176086.1711
-176095.0224
-176072.5142
-176083.5783
-176053.7611
-176059.7513
-176035.2315
-176038.8972
-176019.7864
-176024.9497
-176029.7329
-176050.9224
-176053.9846
-176048.6872
-176027.4084
-176017.7077
-176015.4949
-176002.1062
-176005.9954
-176006.8671
-176025.8437
-176025.8437
-176048.3743
-176038.2043
-176070.9496
-176054.3646
-176065.7416
-176043.0099
-176072.0672
-176065.1828
-176083.2654
-176068.0215
-176084.2265
-176066.2780
-176087.8028
-176087.4899
-176087.8251
-176068.2003
-176080.8067
-176084.7629
-176090.3509
-176087.4228
-176086.4393
-176096.9893
-176112.7920
-176150.2312
-176163.9552
-176186.8434
-176190.3973
-176204.5236
-176185.7258
-176205.8870
-176182.3283
-176188.1174
-176174.8852
-176189.6373
-176168.6043
-176193.6606
-176190.8667
-176206.3117
-176197.5498
-176212.6596
-176205.1718
-176213.4419
-176214.2466
-176215.9006
-176194.3088
-176165.0057
-176179.5567
-176208.3010
-176236.1066
-176231.2339
-176245.7626
-176226.8530
-176239.0347
-176237.0901
-176264.0910
-176251.7975
-176263.3310
-176221.9356
-176243.5050
-176230.3399
-176250.1435
-176240.7334
-176260.3582
-176243.4827
-176253.0492
-176228.7529
-176236.8666
-176231.3680
-176247.9307
-176270.3942
-176280.6536
-176279.3125
-176277.3009
-176291.3825
-176283.2688
-176287.9850
-176278.0385
-176293.1036
-176287.6721
-176313.5107
-176309.9121
-176326.2959
-176303.2736
-176322.4961
-176306.1793
-176321.6244
-176311.0073
-176322.7643
-176300.2114
-176315.4329
-176305.1064
-176304.2794
-176296.8810
-176306.1346
-176304.4359
-176312.7954
-176323.2337
-176324.7089
-176327.4358
-176301.3066
-176317.5117
-176324.3066
-176342.0092
-176302.0219
-176307.7216
-176306.2687
-176330.8109
-176322.2726
-176350.5475
-176338.7682
-176360.1588
-176343.4844
-176353.9674
-176349.4970
-176350.5922
-176327.5699
-176340.9810
-176363.3104
-176374.0839
-176387.8973
-176413.1101
-176425.7612
-176425.2471
-176424.7106
-176411.4784
-176914.6609
-177766.0165
-177206.2841
-176674.8043
-176418.1616
-176269.2095
-176225.5119
-176182.5965
-176175.9357
-176141.0446
-176156.3109
-176143.8610
-176160.9824
-176148.0854
-176168.5373
-176176.8298
-176209.7762
-176212.1679
-176232.5303
-176211.5644
-176177.9027
-176157.7414
-176148.7560
-176159.3507
-176161.0941
-176186.1505
-176171.9794
-176175.7792
-176152.2652
-176161.6082
-176146.9678
-176175.0863
-176174.8405
-176206.3788
-176204.9483
-176230.1610
-176206.0882
-176203.1154
-176191.4255
-176214.0678
-176198.8239
-176208.1669
-176191.7831
-176197.7510
-176189.6373
-176192.4536
-176195.3817
-176201.7743
-176200.9250
-176194.5771
-176217.5547
-176226.2495
-176243.6838
-176216.4818
-176188.0951
-176104.1419
-176079.2868
-176040.3277
-176048.4861
-176024.7709
-176028.5260
-176004.7437
-176028.5260
-176015.8302
-176021.3510
-175990.6621
-175967.4833
-175955.7934
-175978.4357
-175982.4814
-175972.5572
-175967.7292
-175985.8118
-176006.9342
-176025.5308
-176052.0400
-176051.1459
-176064.2217
-176036.6173
-176047.9496
-176059.4384
-176132.2604
-176146.7667
-176174.7064
-176153.3381
-176185.5246
-176171.5771
-176178.1262
-176162.1447
-176178.0591
-176162.1000
-176170.5042
-176168.2020
-176179.6237
-176174.1252
-176181.4342
-176177.9250
-176171.5324
-176178.7744
-176158.6131
-176140.2847
-176065.6746
-176044.8204
-176011.2481
-176013.9303
-175995.4677
-176003.5367
-175949.2220
-175932.6817
-175907.2901
-175913.4145
-175899.0870
-175991.8914
-176255.8655
-176498.1585
-176602.9881
-176667.4506
-176678.0229
-176700.3300
-176687.8801
-176650.9550
-176325.1112
-175996.1606
-175817.9055
-175724.5199
-175695.1944
-175675.6143
-175692.3110
-175679.7940
-175707.3090
-175701.9446
-175725.9504
-175704.0680
-175708.4713
-175691.5287
-175707.6443
-175677.9388
-175700.0224
-175672.8203
-175692.3110
-175690.2994
-175690.1652
-175673.8038
-175668.9534
-175652.7931
-175656.3471
-175649.5745
-175647.1605
-175641.7067
-175630.6425
-175612.3812
-175585.1344
-175594.6115
-175593.8292
-175619.0643
-175614.2811
-175645.2382
-175641.4608
-175674.4520
-175668.8864
-175704.3363
-175689.2935
-175697.4072
-175684.2420
-175702.6599
-175689.8970
-175704.2021
-175694.5462
-175712.6064
-175713.0087
-175726.1516
-175718.6637
-175703.8222
-175696.3567
-175701.5646
-175703.8222
-175689.3159
-175690.1876
-175671.9262
-175680.1070
-175656.3694
-175643.9642
-175607.9555
-175641.2373
-175694.7921
-175776.5994
-175790.7257
-175821.5264
-175798.2583
-175797.7442
-175782.2544
-175805.6120
-175801.4993
-175815.2680
-175806.7519
-175807.3107
-175794.1232
-175783.6402
-175778.2982
-175771.7491
-175769.2010
-175759.7015
-175757.7793
-175730.7337
-175729.4149
-175710.9077
-175730.7784
-175713.5675
-175726.5762
-175708.0019
-175728.8785
-175718.1720
-175746.0223
-175728.9232
-175743.5859
-175728.6773
-175738.9368
-175724.7881
-175729.9290
-175721.2118
-175707.4208
-175682.5880
-175677.0671
-175688.1759
-175718.0826
-175749.2409
-175757.4663
-175776.0854
-175791.6645
-175805.0085
-175796.9619
-175822.8676
-175821.1912
-175845.5546
-175844.4370
-175877.3835
-175862.7431
-175889.2746
-175872.4884
-175883.0608
-175876.8470
-175897.3659
-175887.3970
-175898.6623
-175889.6769
-175897.7459
-175884.3348
-175881.5856
-175861.6031
-175852.1483
-175860.2620
-175865.0229
-175879.0822
-175873.7848
-175892.7838
-175884.0219
-175868.6663
-175807.2437
-175799.9570
-175783.1709
-175794.6596
-175774.9007
-175805.3214
-175803.1533
-175818.7995
-175809.6800
-175831.2942
-175821.6382
-175833.3282
-175819.9395
-175820.9900
-175809.0989
-175813.6586
-175813.6139
-175807.1990
-175811.0658
-175808.5848
-175814.0833
-175804.6956
-175811.1552
-175798.9288
-175808.2719
-175793.1174
-175810.7306
-175807.5119
-175834.4234
-175825.3262
-175848.7956
-175836.7480
-175859.9714
-175843.5429
-175862.4972
-175855.8364
-175869.8509
-175863.2572
-175877.9646
-175878.4563
-175899.6681
-175900.0705
-175908.5865
-175928.3901
-175949.6690
-175975.1276
-175976.6252
-175976.6028
-175955.1005
-175975.9770
-175981.6543
-176015.5172
-175988.7846
-176001.3015
-176018.6018
-176073.9670
-176078.4821
-176117.3071
-176120.4810
-176146.5208
-176132.7298
-176120.6822
-176076.5822
-176066.0769
-176043.6357
-176047.4579
-176038.2043
-176035.6115
-176027.0060
-176022.1781
-176033.8010
-176035.5220
-176067.2615
-176080.9631
-176095.4694
-175994.8419
-175949.9596
-175915.8061
-175928.1219
-175915.8061
-175938.9849
-175933.2181
-175951.9489
-175927.7643
-175936.1462
-175918.3095
-175923.6739
-175893.7002
-175884.8489
-175863.9724
-175867.3252
-175867.6604
-175875.5283
-175879.9539
-175884.7372
-175893.0967
-175885.6760
-175888.1793
-175878.1881
-175881.1833
-175840.9725
-175843.1406
-175828.6343
-175851.7237
-175841.9559
-175864.8888
-175849.5555
-175872.3320
-175864.9112
-175890.9957
-175886.7935
-175916.7002
-175927.9208
-175965.8964
-175965.4270
-175980.2909
-175977.0946
-175964.9352
-175937.3085
-175930.8712
-175951.8148
-175979.5980
-176012.6562
-176019.9876
-176038.1149
-176035.8797
-176055.2586
-176058.0973
-176097.9952
-176103.8513
-176147.6607
-176166.8385
-176428.5775
-176411.0537
-176287.4262
-176189.5479
-176153.0699
-176095.9388
-176073.9000
-176050.4754
-176071.0166
-176099.8057
-176119.9669
-176139.3459
-176156.9367
-176156.1991
-176144.2856
-176144.3080
-176119.6540
-176123.9679
-176107.2711
-176114.9378
-176097.8611
-176210.6480
-176315.8800
-176221.8909
-176131.8804
-176115.5413
-176067.5074
-176062.7018
-176031.0741
-176043.7028
-176039.1430
-176068.7591
-176063.6852
-176069.0497
-176054.4987
-176046.5415
-176010.6669
-175992.5396
-175981.2520
-175993.1431
-176020.5017
-176012.4774
-176004.2296
-175977.0499
-175966.6787
-175935.7662
-175961.3590
-175956.1734
-175982.1908
-175961.3590
-175972.9148
-175948.6855
-175956.3075
-175924.3221
-175940.4154
-175927.5631
-175943.3435
-175938.5825
-175957.2239
-175965.4717
-175934.1792
-175867.2581
-175836.1668
-175847.1192
-175872.6672
-175894.8849
-175902.7750
-175917.5942
-175913.9956
-175935.6545
-175937.6661
-175972.8478
-175968.5115
-175983.0402
-175959.2132
-175968.1539
-175949.0431
-175965.9411
-175952.1724
-175972.7360
-175958.2297
-175969.1150
-175946.2492
-175951.3007
-175945.8692
-175961.8730
-175959.4814
-175971.7078
-175977.7651
-175968.1315
-175958.1627
-175949.5796
-175952.1724
-175944.3269
-175965.7623
-175952.4853
-175968.6456
-175963.0800
-176011.4492
-176001.5474
-176016.3219
-175987.3317
-175995.7806
-175982.3249
-176005.0566
-175989.7010
-175998.9769
-175979.3074
-175976.4911
-175950.8313
-175949.5572
-175928.3454
-175924.4786
-175913.0792
-175906.2396
-175899.7352
-175882.1444
-175880.4903
-175871.9967
-175895.8013
-175895.2649
-175919.4271
-175898.4835
-175892.6273
-175844.2805
-175857.8704
-175845.9793
-175879.4845
-175896.9412
-175943.1423
-175955.2122
-175990.9527
-175981.0732
-176007.4483
-175994.5066
-175990.4609
-175966.1422
-175946.6515
-175910.5311
-175892.0462
-175901.5904
-175930.4241
-175966.6563
-175972.6019
-176006.1742
-176018.1994
-176045.2898
-176035.6562
-176058.7902
-176048.4861
-176062.3888
-176026.1567
-176017.1936
-175991.0421
-176019.0265
-176021.9992
-176055.3480
-176055.8174
-176075.9787
-176075.8893
-176085.2770
-176071.1507
-176065.9651
-176053.6493
-176049.0896
-176038.0031
-176008.4541
-176001.2121
-175986.3259
-175984.1354
-175990.6397
-176023.2956
-176024.1003
-176051.8612
-176051.8835
-176075.2858
-176073.5647
-176112.2332
-176089.1886
-176075.7775
-176048.9554
-176047.3908
-176010.4434
-175998.1052
-175964.6000
-175971.1714
-175977.4522
-176013.0585
-176026.8049
-176040.4171
-176046.1391
-176026.7155
-176013.0362
-176002.4638
-176015.9196
-175998.7087
-176001.9944
-175972.1772
-175974.8371
-175945.6010
-175938.9625
-175868.6439
-175855.8811
-175823.1358
-175841.0619
-175833.3729
-175879.4845
-175896.0919
-175932.7711
-175925.3056
-175943.1870
-175942.6505
-175958.8332
-175959.2132
-175955.5475
-175947.1433
-175940.1025
-175944.7293
-175942.8517
-175955.1452
-175956.7992
-175972.6913
-175947.9256
-175954.2735
-175927.8760
-175942.4494
-175926.4455
-175937.2861
-175919.3377
-175938.1578
-175936.8167
-175980.2462
-175986.1470
-176032.7057
-176031.1858
-176048.3519
-176038.4948
-176046.2956
-176042.0264
-176045.8933
-176045.7591
-176040.1936
-176031.5658
-176020.1217
-176031.9905
-176025.0838
-176039.2995
-176011.2257
-175989.7680
-175960.9790
-175965.7623
-175950.7642
-175975.5300
-175965.7846
-175987.1752
-175970.9479
-176002.3297
-176006.8671
-176035.4326
-176037.1314
-176058.9914
-176054.4763
-176061.5618
-176055.8174
-176060.7795
-176060.4442
-176071.8436
-176094.1730
-176102.0855
-176097.9505
-176095.1789
-176107.0700
-176090.4626
-176084.6065
-176057.4715
-176067.1498
-176037.4666
-176072.7601
-176094.0836
-176132.5063
-176107.8746
-176126.0243
-176150.4994
-176205.9094
-176210.6703
-176230.5634
-176231.0998
-176234.6314
-176207.8540
-176194.3535
-176183.9153
-176176.3380
-176171.5101
-176189.2797
-176245.6508
-176267.2873
-176292.1201
-176286.6215
-176306.9393
-176301.4631
-176316.5729
-176295.1152
-176303.8324
-176287.3368
-176294.8693
-176263.9122
-176275.8927
-176260.2465
-176268.7849
-176232.3292
-176215.0066
-176175.8463
-176159.2166
-176140.7094
-176158.2555
-176163.1282
-176183.1777
-176206.4235
-176205.1271
-176199.1815
-176198.6227
-176192.6548
-176166.4809
-176170.4372
-176151.8182
-176162.7258
-176155.1933
-176184.2282
-176164.5810
-176169.1184
-176140.9105
-176156.8250
-176144.9785
-176169.2525
-176147.8172
-176139.1000
-176129.8688
-176161.3177
-176175.8910
-176183.6247
-176166.2574
-176153.3828
-176131.0311
-176115.3848
-176101.7726
-176080.1808
-176080.9184
-176072.7154
-176072.4471
-176033.2422
-176039.0089
-176026.4919
-176074.6600
-176086.0593
-176140.1059
-176170.7725
-176215.1407
-176207.4517
-176229.8705
-176206.7588
-176203.8083
-176178.8638
-176162.9493
-176123.8785
-176136.9096
-176134.0709
-176150.5665
-176164.0893
-176172.6276
-176172.2700
-176163.8211
-176149.0913
-176131.6793
-176146.4538
-176144.1962
-176169.5208
-176153.9192
-176174.9299
-176164.6034
-176185.4128
-176151.2594
-176156.9367
-176134.0709
-176147.6384
-176143.4139
-176170.2807
-176170.0795
-176185.9716
-176173.1194
-176176.2710
-176162.2564
-176167.9785
-176159.7530
-176128.8406
-176121.1069
-176113.8202
-176121.7998
-176135.6355
-176167.6879
-176175.6898
-176186.8657
-176171.7112
-176181.9483
-176162.9270
-176179.7579
-176174.4381
-176220.2592
-176201.5732
-176202.5566
-176171.4654
-176181.1884
-176168.6267
-176191.4702
-176193.6830
-176216.5041
-176223.3214
-176238.4759
-176250.0317
-176266.7508
-176272.6741
-176261.4758
-176284.4758
-176288.7897
-176291.8519
-176262.4370
-176261.1853
-176250.6576
-176248.6236
-176206.1106
-176202.2661
-176183.6918
-176209.7092
-176208.7704
-176252.3787
-176267.4437
-176295.2940
-176299.7420
-176331.0121
-176334.2978
-176352.0675
-176351.6204
-176356.6719
-176343.5291
-176335.3707
-176319.1880
-176311.4767
-176322.0714
-176314.4718
-176315.9694
-176296.0763
-176273.5905
-176223.7014
-176232.1727
-176219.4322
-176239.7276
-176228.4847
-176260.2465
-176248.2660
-176259.0842
-176243.8403
-176266.8626
-176251.4399
-176272.6294
-176265.8344
-176277.3903
-176267.3543
-176259.4418
-176230.3399
-176222.9414
-176221.0415
-176209.4633
-176209.2398
-176200.3438
-176207.4517
-176197.1699
-176210.4915
-176191.6713
-176205.9094
-176194.1971
-176206.4011
-176178.0368
-176190.5090
-176174.2593
-176188.9444
-176167.2856
-176184.3847
-176173.3653
-176191.1796
-176187.8045
-176199.0698
-176185.5246
-176190.0173
-176181.2778
-176180.2943
-176173.7676
-176169.4090
-176169.0961
-176157.2944
-176156.3556
-176131.9698
-176136.7084
-176118.4917
-176132.1710
-176088.1157
-176074.9058
-176053.1576
-176066.3004
-176051.6377
-176076.3363
-176077.5657
-176119.6093
-176127.1195
-176163.2176
-176145.9844
-176136.2167
-176111.8086
-176119.2517
-176118.9835
-176129.0865
-176141.3352
-176190.5761
-176229.8034
-176252.1775
-176271.8694
-176269.0307
-176284.0734
-176273.6128
-176292.6789
-176267.6896
-176278.1055
-176271.9588
-176306.3581
-176300.8149
-176321.6244
-176313.4436
-176339.7516
-176329.2910
-176350.9052
-176340.3998
-176359.6223
-176358.3483
-176378.9566
-176389.4619
-176404.3482
-176408.4162
-176413.4453
-176430.4103
-176436.3112
-176438.4122
-176430.7903
-176440.1780
-176422.0061
-176427.9069
-176418.7204
-176442.2567
-176439.7086
-176484.2110
-176484.7251
-176511.8601
-176510.9884
-176558.3741
-176593.1534
-176680.4593
-176679.2523
-176667.1376
-176625.9657
-176587.7442
-176542.5490
-176535.9329
-176531.3955
-176528.0204
-176519.5491
-176512.9330
-176513.5588
-176487.4073
-176479.4053
-176458.0594
-176477.0137
-176469.9282
-176488.4131
-176476.9914
-176496.0127
-176484.1439
-176504.3946
-176492.1235
-176513.4694
-176501.4889
-176499.4325
-176450.9739
-176449.0293
-176433.3607
-176442.1673
-176431.3491
-176430.5221
-176426.0964
-176438.0770
-176445.3636
-176445.1625
-176447.8894
-176441.0497
-176455.1537
-176441.4968
-176451.1974
-176429.7398
-176428.6669
-176402.4483
-176412.1489
-176382.3764
-176388.4114
-176369.4348
-176390.8924
-176376.2744
-176391.3618
-176375.6709
-176389.6184
-176382.6893
-176388.9702
-176372.3628
-176374.9556
-176371.2900
-176380.4095
-176387.0479
-176392.2559
-176392.1218
-176377.0120
-176394.0217
-176388.5902
-176397.5980
-176381.2588
-176390.0431
-176377.1014
-176397.6874
-176385.1480
-176403.2529
-176390.6466
-176392.3453
-176384.5222
-176401.6660
-176382.2870
-176397.8438
-176385.5727
-176383.5387
-176310.1132
-176264.8286
-176237.5148
-176225.1095
-176211.6091
-176209.8880
-176216.1465
-176215.8112
-176235.8160
-176246.1425
-176287.2697
-176294.0647
-176317.1317
-176321.5797
-176348.2900
-176344.0879
-176386.7574
-176387.3385
-176426.5435
-176434.9030
-176468.4530
-176459.6464
-176473.6162
-176437.4735
-176429.9409
-176411.5007
-176419.1227
-176414.4065
-176423.7048
-176426.3870
-176431.1256
-176445.2072
-176456.7630
-176473.5939
-176475.9185
-176506.4733
-176502.4947
-176513.4694
-176497.2644
-176503.3664
-176473.0574
-176484.8815
-176469.6823
-176486.6026
-176472.6551
-176501.2653
-176495.9680
-176513.7153
-176495.6998
-176511.1448
-176514.7658
-176535.1059
-176543.1302
-176562.9785
-176570.3769
-176569.6170
-176554.5296
-176534.7259
-176535.7541
-176514.1623
-176496.2586
-176461.6134
-176452.3597
-176414.4512
-176419.4803
-176403.7000
-176420.2179
-176395.6087
-176412.0819
-176407.6786
-176430.4103
-176416.3958
-176438.2334
-176455.7572
-176505.1546
-176514.4529
-176527.4839
-176512.8436
-176529.6521
-176541.6102
-176551.6238
-176557.6588
-176549.2992
-176556.6530
-176560.1845
-176580.5693
-176593.3545
-176631.2854
-176644.0930
-176680.7499
-176687.2989
-176735.1987
-176736.1151
-176748.7886
-176716.1103
-176733.0082
-176725.5428
-176751.4708
-176734.9305
-176730.3707
-176715.8644
-176734.4387
-176724.1122
-176733.0306
-176737.3221
-176746.3969
-176747.6710
-176735.9810
-176732.7400
-176727.4874
-176741.5690
-176732.1142
-176751.9178
-176738.4174
-176752.9683
-176752.6778
-176800.9799
-176801.5834
-176832.8535
-176820.8506
-176836.8321
-176817.7437
-176816.6261
-176779.8128
-176784.1267
-176759.3609
-176758.1986
-176740.1161
-176740.9655
-176733.6117
-176734.7517
-176734.4164
-176730.7507
-176734.1705
-176728.8061
-176721.3630
-176695.5020
-176700.3970
-176691.0540
-176707.2367
-176681.5545
-176677.8888
-176639.1980
-176640.1367
-176614.4546
-176624.7364
-176589.8006
-176591.6558
-176565.9289
-176558.0835
-176482.7805
-176463.3791
-176447.2188
-176453.3656
-176439.9545
-176442.7485
-176437.2723
-176435.1042
-176438.0993
-176432.8914
-176445.1178
-176443.9108
-176469.4812
-176467.2907
-176489.6424
-176487.8543
-176506.5627
-176489.4189
-176512.9553
-176505.7133
-176542.4596
-176550.8862
-176581.5752
-176579.1612
-176606.9220
-176598.4507
-176609.9842
-176606.6985
-176624.0882
-176623.3953
-176636.4040
-176637.2981
-176649.5692
-176664.0084
-176669.5293
-176671.0045
-176660.7003
-176673.6867
-176663.7402
-176679.5652
-176672.2338
-176698.1395
-176680.5487
-176696.8878
-176691.8587
-176723.9111
-176717.4291
-176738.4174
-176720.6477
-176742.6418
-176735.5787
-176745.5699
-176733.4329
-176743.0442
-176727.4203
-176714.0316
-176698.9889
-176698.2960
-176696.4184
-176687.5671
-176688.2600
-176679.8781
-176689.7576
-176677.2853
-176686.4048
-176669.0599
-176676.3913
-176658.9793
-176696.7537
-176682.4709
-176707.8625
-176709.0472
-176743.6030
-176732.6953
-176732.3600
-176709.7848
-176721.0053
-176707.6837
-176723.6205
-176701.3135
-176665.9754
-176649.6362
-176633.8112
-176634.0347
-176635.6217
-176645.9705
-176644.2942
-176656.6994
-176652.3631
-176669.0152
-176657.9511
-176676.5924
-176657.9064
-176673.4632
-176661.0803
-176684.2591
-176676.9501
-176703.1910
-176687.8577
-176709.8518
-176700.2629
-176717.6302
-176721.3406
-176739.7585
-176730.1696
-176734.3046
-176728.4708
-176744.3629
-176741.0549
-176737.6350
-176734.1705
-176718.2784
-176723.2405
-176720.6924
-176736.0704
-176743.9606
-176784.2161
-176787.1665
-176801.2928
-176773.0179
-176784.7972
-176777.0412
-176818.5931
-176828.7631
-176857.4851
-176847.3598
-176866.6493
-176846.6669
-176860.3685
-176856.2334
-176876.0817
-176878.0934
-176890.7221
-176902.2780
-176904.8484
-176907.9330
-176877.7134
-176862.6036
-176843.2470
-176850.9360
-176842.7553
-176880.1498
-176872.7513
-176869.2421
-176827.9808
-176824.5610
-176800.9799
-176827.6232
-176833.7922
-176843.9846
-176818.5260
-176816.4026
-176795.6602
-176811.8428
-176811.5076
-176819.7777
-176808.2219
-176810.2335
-176807.5737
-176810.5464
-176822.3482
-176822.7952
-176833.4346
-176829.7689
-176843.5376
-176844.3199
-176889.5599
-176902.7697
-176927.2449
-176915.6220
-176929.9942
-176902.1662
-176920.4053
-176906.3684
-176910.6152
-176889.0458
-176909.2517
-176869.4880
-176856.0993
-176839.4025
-176846.5774
-176834.6863
-176832.5629
-176826.4385
-176826.6844
-176829.5901
-176827.9808
-176835.4239
-176830.6854
-176847.5162
-176837.2791
-176853.3277
-176843.5376
-176860.6590
-176842.9565
-176863.5648
-176855.1605
-176878.8310
-176859.5191
-176870.7173
-176854.5570
-176869.3986
-176873.3772
-176901.6521
-176906.1895
-176935.4256
-176942.4888
-176960.6160
-176965.9134
-176977.7822
-176985.7171
-176988.7569
-176995.5071
-176979.9056
-176983.4819
-176968.2380
-176980.8667
-176971.5013
-176980.4644
-176947.1826
-176889.3587
-176801.0693
-176833.8817
-176883.1673
-176934.9562
-176925.6132
-176939.4489
-176920.3606
-176924.4062
-176910.8611
-176911.9116
-176907.8883
-176926.0603
-176923.1769
-176914.5715
-176908.8271
-176909.4529
-176914.7503
-176913.0515
-176938.2420
-176938.4208
-176959.2526
-176957.8444
-176996.5800
-176984.8900
-176993.7190
-176967.2322
-176988.1310
-176974.5859
-176991.8414
-176975.3235
-176992.9814
-176975.4800
-176981.1349
-176967.2545
-176948.7920
-176920.7629
-176921.0088
-176911.5763
-176913.7444
-176910.6152
-176906.7930
-176915.0855
-176914.2138
-176926.1720
-176915.3761
-176929.2565
-176919.6229
-176939.1807
-176927.5131
-176946.8250
-176925.0097
-176934.7104
-176915.5773
-176939.8736
-176931.7823
-176958.2915
-176949.5296
-176963.5218
-176955.4081
-176969.7803
-176961.3090
-176970.9649
-176966.1593
-176970.0932
-176978.8998
-176984.2865
-176992.3108
-176983.1019
-176990.2321
-176978.4974
-176991.6850
-176986.2982
-177005.6325
-176993.5402
-177018.8423
-177021.1669
-177050.4030
-177049.5760
-177083.0589
-177077.2251
-177105.9918
-177096.3358
-177119.8722
-177115.5807
-177154.0033
-177162.6311
-177170.2978
-177150.2035
-177146.9849
-177154.0704
-177162.2064
-177167.2132
-177174.9246
-177200.0256
-177208.8545
-177231.1839
-177218.1081
-177221.6174
-177208.6981
-177237.3977
-177226.0654
-177254.7203
-177251.1440
-177303.9612
-177317.0370
-177341.9145
-177347.3236
-177367.3060
-177342.6074
-177333.7337
-177308.6551
-177307.0681
-177285.1634
-177274.4792
-177265.0468
-177263.6834
-177264.0633
-177255.8602
-177262.3199
-177248.1936
-177257.3578
-177248.8194
-177279.8884
-177275.6639
-177293.4112
-177288.3150
-177309.1692
-177285.2081
-177305.3247
-177283.5988
-177292.0924
-177277.0720
-177307.0010
-177303.3353
-177328.7940
-177330.0457
-177351.0340
-177348.7541
-177360.8464
-177363.2380
-177364.7803
-177351.3469
-177330.6715
-177334.0690
-177326.5141
-177330.7833
-177305.4811
-177301.1449
-177253.5357
-177221.3268
-177158.5184
-177140.7488
-177110.6857
-177119.9169
-177101.6556
-177136.9266
-177153.7351
-177186.4357
-177184.1335
-177221.1256
-177223.9643
-177225.2607
-177193.7000
-177188.7156
-177178.9926
-177191.8672
-177207.1334
-177203.5125
-177203.1772
-177185.3628
-177188.8274
-177186.6145
-177210.3074
-177212.6543
-177242.2033
-177227.8312
-177245.6231
-177233.5532
-177258.2742
-177235.7884
-177234.6484
-177204.4065
-177233.6203
-177217.6388
-177212.1849
-177194.8176
-177219.6057
-177220.6339
-177239.4988
-177251.0099
-177261.1129
-177266.9691
-177273.6522
-177296.1157
-177281.5871
-177263.9516
-177249.1994
-177241.1304
-177211.5144
-177219.8069
-177196.7846
-177202.6184
-177169.9848
-177169.8731
-177131.6516
-177133.4621
-177104.6283
-177120.8110
-177131.6963
-177173.0694
-177190.6378
-177227.1830
-177224.9478
-177220.3433
-177197.8575
-177194.3035
-177190.2132
-177182.5689
-177165.2239
-177129.3494
-177135.5184
-177128.4329
-177138.8712
-177135.1161
-177170.8566
-177173.7846
-177193.9906
-177183.0159
-177194.1918
-177174.0082
-177183.7759
-177128.6341
-177108.1599
-177071.9724
-177084.6012
-177088.1998
-177129.9082
-177144.1462
-177160.4630
-177167.7050
-177182.5242
-177185.3852
-177192.6272
-177199.0868
-177190.6155
-177197.3881
-177184.0217
-177193.9683
-177178.3667
-177197.5222
-177187.6874
-177210.1509
-177209.5027
-177254.0945
-177258.6319
-177300.9214
-177302.3072
-177323.3178
-177295.4675
-177294.4841
-177267.5726
-177267.9525
-177262.2305
-177277.9661
-177275.5298
-177278.1673
-177286.5939
-177298.4180
-177306.7105
-177318.1546
-177486.4632
-177707.1867
-177528.9762
-177468.6041
-177551.7750
-177516.5263
-177421.8666
-177331.7668
-177338.9864
-177390.7083
-177448.2641
-177373.3857
-177389.1884
-177331.2974
-177292.1371
-177256.6202
-177333.2196
-177399.2467
-177368.3342
-177285.5657
-177228.8146
-177193.3201
-177178.6350
-177163.2123
-177154.9645
-177171.2589
-177167.5038
-177166.6768
-177143.3192
-177149.6895
-177189.0285
-177257.6037
-177234.1120
-177210.4191
-177165.5368
-177177.7632
-177170.5660
-177229.0158
-177278.8602
-177327.6093
-177330.1127
-177345.8260
-177344.3508
-177352.9339
-177319.4062
-177311.1138
-177307.4257
-177304.0953
-177308.3421
-177318.6016
-177335.7230
-177337.1088
-177350.1175
-177335.6783
-177345.8260
-177330.6939
-177346.5413
-177330.2692
-177346.0942
-177327.1400
-177340.7298
-177323.1390
-177452.5109
-177543.6837
-177431.0532
-177327.4082
-177305.3694
-177269.8971
-177252.0157
-177221.6621
-177224.9478
-177220.7009
-177230.1334
-177244.6397
-177260.7553
-177275.2616
-177271.3276
-177279.1731
-177261.4258
-177263.6610
-177244.1703
-177255.7932
-177245.6678
-177273.4064
-177266.0079
-177290.3713
-177269.2266
-177284.1575
-177264.9798
-177271.2606
-177257.2013
-177270.1430
-177260.6212
-177271.6406
-177278.0108
-177305.0117
-177304.0506
-177300.2955
-177298.6862
-177301.4131
-177310.9126
-177306.9116
-177314.8688
-177313.1478
-177333.1526
-177322.2896
-177337.3994
-177328.2128
-177360.3993
-177354.7891
-177399.6267
-177402.1748
-177434.2272
-177435.7694
-177477.0755
-177488.6760
-177513.2853
-177520.9743
-177541.4485
-177529.8479
-177540.1297
-177535.5253
-177539.2357
-177542.5661
-177552.8926
-177970.2667
-178554.8766
-178182.0271
-177847.4662
-177671.6027
-177563.1073
-177541.4485
-177523.2318
-177535.4135
-177473.6333
-177447.8394
-177402.6888
-177406.2875
-177379.0854
-177388.0932
-177377.0514
-177395.0446
-177382.6840
-177406.8686
-177410.3331
-177422.6490
-177419.4974
-177426.0688
-177432.9978
-177439.5469
-177439.8151
-177443.0785
-177475.7791
-177501.6177
-177536.2629
-177524.4835
-177527.9480
-177515.9675
-177609.4201
-177665.5230
-177722.8999
-177724.2634
-177765.2788
-177765.5694
-177814.2962
-177811.2340
-177806.3167
-177770.9115
-177770.8891
-177764.4518
-177779.7851
-177784.5908
-177816.3079
-177831.9988
-177846.3263
-177843.1076
-177849.5002
-177868.3874
-177880.1892
-177913.3368
-177925.8761
-177947.3338
-177932.7381
-177945.5680
-177939.4436
-177964.8576
-177940.0248
-177967.1151
-177947.0432
-177961.9518
-177959.2696
-177970.5126
-177964.7682
-177977.5981
-177976.5699
-177988.8633
-177983.1860
-177990.5621
-177988.7516
-177987.7011
-177987.3658
-178000.0616
-178004.3308
-177984.0577
-177978.5592
-177957.3921
-177958.6885
-177938.5496
-177963.2482
-177952.5194
-177963.0247
-177928.2901
-177941.3435
-177925.4962
-177943.7352
-177927.0161
-177940.6953
-177917.8295
-177926.2785
-177918.3436
-177929.6983
-177926.2561
-177938.7507
-177945.6798
-177954.3523
-177950.8654
-177949.7254
-177947.0432
-177936.6273
-177936.8508
-177928.2678
-177942.5729
-177927.0384
-177941.4776
-177922.9033
-177932.7828
-177914.8791
-177944.0928
-177952.4300
-177977.2181
-177962.0636
-178005.4707
-178017.9653
-178042.7534
-178038.8642
-178065.2169
-178072.6600
-178086.9875
-178080.2149
-178066.8039
-178045.2121
-178038.6183
-178043.1110
-178042.3287
-178053.4375
-178048.4307
-178069.5084
-178070.8272
-178098.4763
-178098.6775
-178133.9932
-178134.0156
-178153.4616
-178134.8202
-178131.9816
-178090.6979
-178095.1682
-178070.8048
-178079.4326
-178066.6027
-178085.3335
-178097.3140
-178113.2508
-178114.2343
-178116.2012
-178115.0166
-178116.4918
-178129.7017
-178129.3217
-178132.9650
-178128.7406
-178148.9242
-178154.0204
-178168.6831
-178144.2750
-178150.8241
-178134.6638
-178146.5102
-178120.4704
-178156.3226
-178165.1069
-178235.3807
-179770.5880
-181278.2131
-180014.3114
-178906.5589
-178293.5623
-178010.6563
-177864.2300
-177811.6587
-177788.3235
-177777.2147
-177777.0135
-177771.0679
-177794.1349
-177804.9308
-177824.5780
-177826.4779
-177865.1017
-177870.3544
-177903.3903
-177900.9539
-177923.9092
-177910.6546
-177936.3591
-177942.5058
-177972.1666
-177967.8527
-178001.5591
-178000.7321
-178022.5474
-178018.9711
-178023.4638
-178010.6787
-178024.4250
-178037.6349
-178061.0148
-178096.0623
-178125.9466
-178132.7192
-178132.6298
-178145.2138
-178130.2605
-178147.6948
-178122.1244
-178135.0661
-178109.6298
-178121.2304
-178094.7212
-178095.1459
-178055.8962
-178064.0323
-178041.3899
-178050.7330
-178026.0343
-178034.2821
-178023.6203
-178047.6261
-178055.1363
-178071.9895
-178064.5687
-178044.2063
-178033.7904
-178029.2529
-178032.4940
-178025.3414
-178038.8866
-178034.5280
-178044.8545
-178028.8953
-178045.9721
-178036.6961
-178059.4502
-178040.9206
-178049.9507
-178030.9740
-178049.4589
-178034.3044
-178064.9934
-178054.8680
-178070.0002
-178063.0935
-178086.6746
-178076.9292
-178093.4919
-178082.9642
-178090.9214
-178079.6114
-178066.1110
-178061.7971
-178047.4026
-178059.7407
-178059.4502
-178077.6892
-178070.9613
-178092.1284
-178085.5123
-178116.8494
-178108.6463
-178130.5958
-178122.6832
-178154.8698
-178157.3508
-178189.4479
-178183.3906
-178267.5896
-179173.5505
-179311.1925
-178841.6942
-178555.1448
-178409.9032
-178351.6322
-178328.0511
-178322.1055
-178321.0997
-178313.7460
-178327.5593
-178323.2678
-178360.1258
-178378.4766
-178409.2550
-178404.6281
-178432.7466
-178429.0586
-178448.9293
-178441.6873
-178460.9545
-178442.7602
-178461.1557
-178434.0430
-178432.5455
-178414.1947
-178422.6884
-178404.9858
-178406.3939
-178400.2696
-178409.2773
-178419.1121
-178429.6397
-178425.9517
-178423.7165
-178437.8875
-178436.2335
-178437.5299
-178415.1111
-178424.7894
-178399.6214
-178401.1413
-178379.3930
-178407.5339
-178386.7468
-178404.5834
-178365.7808
-178370.7429
-178358.9188
-178392.1782
-178391.0830
-178399.0179
-178390.3230
-178410.8419
-178412.8983
-178415.0441
-178419.4250
-178425.2365
-178434.8030
-178440.5698
-178463.1003
-178469.0906
-178472.4433
-178448.3482
-178455.1654
-178440.7039
-178463.3238
-178460.0605
-178482.1887
-178468.7329
-178489.7883
-178482.5687
-178515.2693
-178507.8709
-178540.6162
-178554.2060
-178568.3323
-178569.2711
-178593.9921
-178584.0456
-178580.8269
-178586.3925
-178580.1787
-178574.7249
-178564.5325
-178554.2507
-178534.8941
-178553.6025
-178564.8007
-178593.3886
-178563.6161
-178570.1428
-178564.1302
-178581.2740
-178546.8970
-178554.4742
-178549.0428
-178571.8639
-178556.1953
-178557.7152
-178525.5734
-178527.8310
-178502.3723
-178506.2392
-178499.6454
-178509.9049
-178515.5152
-178520.2090
-178522.2207
-178495.8456
-178480.7582
-178456.4171
-178448.8399
-178423.0907
-178422.7778
-178395.9557
-178405.0305
-178388.8031
-178399.6884
-178378.0966
-178393.6534
-178373.2463
-178388.0655
-178367.4572
-178386.2997
-178366.1608
-178372.9781
-178353.1074
-178366.4514
-178365.5573
-178392.5359
-178434.0877
-178470.9905
-178478.6124
-178485.0050
-178512.3412
-178525.0370
-178545.6453
-178540.8397
-178570.3440
-178562.9679
-178588.2030
-178587.4431
-178619.2272
-178615.5839
-178657.4487
-178665.6071
-178698.0171
-178664.1766
-178651.1679
-178610.7112
-178608.6549
-178585.3867
-178589.2312
-178575.1943
-178592.2487
-178598.5072
-178610.1301
-178616.7015
-178617.5285
-178622.7812
-178642.9871
-178691.5128
-178702.8675
-178725.6663
-178725.0628
-178742.9665
-178736.1939
-178744.3970
-178710.4224
-178735.7022
-178733.8246
-178760.3562
-178756.6458
-178774.3484
-178766.2347
-178793.3250
-178788.7652
-178806.6019
-178808.2559
-178819.4095
-178819.2307
-178814.1568
-178815.2073
-178835.6592
-178851.1266
-178846.4551
-178846.9021
-178830.3171
-178846.1422
-178846.4998
-178952.0000
-178940.7794
-178977.1681
-180559.7163
-184402.9870
-187380.0158
-187500.0224
-187500.0224
-187500.0224
-187500.0224
-187500.0224
-187500.0224
-187500.0224
-187500.0224
-187500.0224
-187500.0224
-187500.0224
-187500.0224
-187500.0224
-187500.0224
-187500.0224
-187500.0224
-187500.0224
-185662.0161
-181151.0317
-178846.3433
-177770.9115
-177373.1175
-177252.5522
-177303.6259
-177369.2059
-177492.2746
-177593.1704
-177737.8309
-177836.4021
-177948.9431
-178016.5795
-178105.6065
-178168.9961
-178241.5051
-178285.3369
-178327.1346
-178356.0802
-178379.8848
-178392.4241
-178400.6495
-178416.7204
-178423.8283
-178447.9011
-178450.8292
-178475.1703
-178462.8097
-178478.1654
-178454.3608
-178463.9720
-178442.2461
-178460.9769
-178461.9604
-178498.2149
-178490.8612
-178510.9777
-178504.3393
-178521.8183
-178513.4141
-178533.7765
-178525.8417
-178537.2634
-178540.4373
-178541.3985
-178544.6842
-178540.4820
-178541.6443
-178538.8057
-178548.7969
-178544.8853
-178543.0525
-178515.6940
-178514.5540
-178488.5589
-178507.2897
-178500.7630
-178529.9320
-178505.8368
-178518.0856
-178516.0963
-178544.8853
-178551.3450
-178579.3964
-178563.3702
-178566.6336
-178555.0107
-178564.1972
-178562.9903
-178566.6336
-178559.8387
-178560.4645
-178565.6725
-178571.6180
-178596.7637
-178592.7628
-178569.9193
-178520.0973
-178517.3927
-178493.0964
-178509.5696
-178495.5103
-178512.8329
-178489.0954
-178493.2975
-178470.9681
-178487.1061
-178471.2587
-178478.2324
-178458.9205
-178462.6533
-178450.3375
-178452.6844
-178445.1295
-178449.3987
-178440.2568
-178427.6057
-178423.7612
-178412.2948
-178419.7603
-178417.5251
-178428.5445
-178415.7593
-178434.3113
-178433.1266
-178453.8914
-178432.5678
-178437.8652
-178419.8273
-178446.6271
-178443.3190
-178470.5881
-178455.6795
-178464.7543
-178447.8341
-178473.2480
-178478.4336
-178494.0575
-178499.8913
-178530.8037
-178552.4626
-178566.6112
-178567.1253
-178554.8766
-178559.1458
-178555.2789
-178564.6890
-178551.6803
-178558.3187
-178536.0117
-178548.6851
-178532.2119
-178555.1895
-178559.7940
-178598.1048
-178577.2730
-178601.4353
-178579.1729
-178581.1399
-178560.9339
-178592.2040
-178589.7453
-178593.8357
-178590.5500
-178604.2739
-178608.2749
-178621.0824
-178633.3759
-178623.8094
-178625.3293
-178623.4741
-178631.8113
-178607.0455
-178619.5625
-178618.5790
-178679.9346
-178699.8053
-178730.6060
-178715.5633
-178714.1104
-178685.9025
-178702.2193
-178676.9171
-178699.3359
-178685.1425
-178699.4030
-178670.8151
-178660.5109
-178644.6412
-178646.3846
-178638.9191
-178642.1825
-178651.9502
-178658.0522
-178657.1135
-178641.8472
-178647.6363
-178641.1543
-178654.8112
-178643.9930
-178666.2330
-178678.4147
-178717.3738
-178723.9228
-178756.1317
-178741.4242
-178758.4116
-178745.5370
-178768.5592
-178760.7361
-178778.6622
-178766.5029
-178778.9752
-178772.9402
-178787.8712
-178807.0490
-178809.0830
-178815.9897
-178814.4921
-178820.5271
-178817.6437
-178836.6427
-178831.8817
-178856.5134
-178860.0449
-178890.5104
-178877.3228
-178891.4938
-178883.8943
-178912.9962
-178918.8971
-178963.6900
-178963.3324
-178980.7667
-178970.5073
-178985.5723
-178971.4013
-178984.4324
-178983.4266
-178997.4635
-178998.2011
-178991.6744
-178992.4567
-178996.5917
-178997.7540
-179007.5441
-179033.6956
-179038.7471
-179066.6198
-179057.5897
-179068.1844
-179049.5430
-179062.6412
-179039.7753
-179053.8793
-179036.4896
-179064.0270
-179049.5877
-179065.0775
-179051.0406
-179068.3855
-179066.3292
-179074.3758
-179065.7480
-179080.7684
-179090.8938
-179104.4613
-179111.7032
-179108.0599
-179110.7645
-179112.7314
-179116.8441
-179103.7684
-179110.0492
-179093.8889
-179107.0541
-179091.2067
-179112.4408
-179103.2766
-179124.5108
-179109.3339
-179130.2775
-179115.5924
-179138.9053
-179126.4554
-179141.4981
-179128.2659
-179149.4553
-179163.1122
-179202.2278
-179213.6719
-179218.4775
-179192.2589
-179168.8119
-179148.4271
-179129.4058
-179128.7353
-179128.1765
-179141.1852
-179132.1327
-179153.2104
-179148.7401
-179176.8586
-179173.5058
-179215.4600
-179218.4328
-179250.4182
-179229.7651
-179244.5844
-179229.0052
-179247.0207
-179243.2879
-179264.1645
-179259.4706
-179265.5726
-179254.1956
-179260.8564
-179262.7787
-179257.6601
-179254.6426
-179251.8934
-179256.4084
-179249.9041
-179278.6037
-179281.6659
-179301.9836
-179288.1479
-179301.4472
-179281.3083
-179291.2995
-179276.1897
-179299.0332
-179288.7290
-179316.7358
-179305.9622
-179322.4131
-179315.7523
-179334.1478
-179332.9408
-179347.9165
-179339.0652
-179342.1721
-179324.7601
-179314.6347
-179313.6959
-179306.1858
-179299.3238
-179284.4152
-179291.7242
-179276.3015
-179291.9477
-179273.2169
-179281.2636
-179269.0372
-179284.4375
-179270.3783
-179283.4987
-179259.4706
-179273.7534
-179259.1800
-179280.4142
-179273.1052
-179302.6542
-179299.1673
-179302.6989
-179305.2693
-179323.5084
-179325.9894
-179341.1886
-179351.3586
-179360.4111
-179370.1788
-179367.4072
-179383.1428
-179383.0087
-179404.5334
-179396.9785
-179420.0679
-179409.9202
-179441.4362
-179436.0494
-179458.9599
-179442.1291
-179455.6072
-179450.0863
-179485.2232
-179485.2903
-179517.2309
-179505.7645
-179510.8160
-179507.4409
-179520.2931
-179521.7460
-179534.8441
-179544.3212
-179557.0170
-179573.6691
-179578.3630
-179590.2988
-179585.1579
-179601.1841
-179594.5009
-179624.8099
-179619.5125
-179656.8176
-179657.9352
-179679.5046
-179665.9147
-179681.6951
-179668.3287
-179690.0323
-179682.1645
-179702.3481
-179706.0585
-179734.8028
-179713.7922
-179670.3851
-179640.7914
-179624.0946
-179604.2016
-179597.8090
-179600.5582
-179593.3163
-179596.3785
-179584.6438
-179594.7915
-179576.8877
-179595.5514
-179585.0238
-179599.6642
-179582.0063
-179595.9314
-179573.7138
-179585.2473
-179589.8070
-179656.9070
-179676.1295
-179714.5968
-179713.9710
-179734.9593
-179739.3849
-179763.8154
-179769.8950
-179775.7736
-179776.3994
-179781.2274
-179789.9222
-179795.8678
-179817.3702
-179818.2642
-179840.9959
-179835.8774
-179853.1776
-179841.5100
-179861.2019
-179846.5392
-179865.4264
-179839.9901
-179856.2845
-179839.4090
-179860.9561
-179849.2884
-179867.8404
-179866.6110
-179887.1076
-179877.5634
-179887.0629
-179883.2854
-179891.0192
-179907.2465
-179920.1882
-179938.8519
-179943.9257
-179941.1318
-179917.4166
-179908.9005
-179875.3729
-179879.9327
-179865.5382
-179881.3632
-179867.3934
-179894.5284
-179876.6470
-179897.3223
-179874.6800
-179883.2854
-179874.3448
-179898.8199
-179894.5060
-179913.4156
-179902.4856
-179910.8451
-179896.4730
-179894.4166
-179896.6294
-179911.4486
-179921.7081
-179931.7664
-179944.0598
-179936.6838
-179945.3562
-179928.2125
-179937.1755
-179926.9831
-179940.4389
-179914.5779
-179930.6488
-179918.4000
-179938.2484
-179926.9161
-179958.2979
-179954.9451
-179987.9140
-179979.4874
-179976.3805
-179946.0939
-179951.3465
-179946.9879
-179965.2046
-179979.1297
-179996.1171
-180011.6068
-180011.4504
-180023.1403
-180038.4513
-180023.3191
-179989.4115
-179992.3843
-179972.7595
-179980.4485
-179965.3164
-179983.7342
-179964.6011
-179986.5282
-179970.6361
-179982.1919
-179968.8032
-179993.9489
-179987.8916
-180000.0286
-179982.5719
-179991.4902
-179981.5661
-179992.0490
-180003.0684
-180009.3046
-180015.9654
-180016.0101
-180019.3852
-180012.2550
-180024.3026
-180015.4513
-180020.4581
-179985.4553
-179970.8596
-179932.1240
-179936.1697
-179915.1143
-179925.0832
-179892.4273
-179904.3408
-179894.5284
-179916.9025
-179905.6819
-179918.7353
-179905.6372
-179924.7926
-179935.1415
-179952.3747
-179954.3640
-179965.6516
-179975.0394
-179959.5720
-179949.9160
-179934.0910
-179934.4262
-179940.7965
-179956.9792
-179937.4661
-179939.8801
-179916.9025
-179932.3028
-179917.2154
-179935.7897
-179918.5565
-179940.3047
-179931.7664
-179956.4651
-179948.2173
-179979.3309
-179980.6273
-180002.3755
-180002.7779
-180026.9625
-180027.3201
-180034.8750
-180043.1228
-180049.7165
-180060.3113
-180062.7476
-180077.7680
-180073.2976
-180089.2344
-180084.7641
-180101.2150
-180071.7330
-180076.4045
-180047.8166
-180044.8886
-180015.9878
-180027.3871
-180000.2521
-180008.4329
-179990.2385
-180014.0655
-180006.6224
-180020.8828
-180010.4445
-180007.0471
-179992.0714
-179985.8129
-179982.6166
-179985.8353
-180002.3532
-180009.5057
-180016.3677
-180011.9421
-180025.3308
-180013.9985
-180033.0198
-180028.9294
-180049.8954
-180045.9391
-180072.9400
-180051.1694
-180079.6455
-180063.7311
-180079.3326
-180074.0129
-180095.3812
-180082.6183
-180099.5162
-180094.4871
-180110.4239
-180106.6241
-180117.6435
-180131.6357
-180131.7027
-180133.0215
-180133.9156
-180143.7727
-180144.3762
-180173.6570
-180188.3421
-180227.7482
-180223.0320
-180228.8211
-180215.9688
-180249.0270
-180336.4894
-180392.3017
-180333.4049
-180307.0969
-180266.1261
-180273.7704
-180272.1164
-180302.5818
-180302.6936
-180318.8762
-180313.7577
-180323.0560
-180332.3991
-180374.3533
-180415.9946
-180446.8623
-180465.5484
-180438.3687
-180427.9304
-180407.7691
-180410.8537
-180381.0364
-180383.8081
-180363.2221
-180377.3931
-180332.0861
-180332.2202
-180313.9142
-180327.5487
-180312.3942
-180329.6498
-180324.0618
-180337.4952
-180321.3126
-180338.9705
-180343.9773
-180351.6663
953.5000
953.5000
953.0000
954.0000
955.0000
954.5000
953.0000
953.0000
954.0000
954.0000
953.5000
953.5000
953.5000
954.0000
954.5000
954.0000
953.0000
953.5000
954.5000
955.0000
954.0000
953.0000
953.5000
954.0000
954.5000
953.5000
954.5000
953.0000
953.5000
953.5000
954.5000
955.0000
953.0000
953.5000
953.5000
954.5000
954.5000
954.0000
953.0000
953.5000
955.0000
954.5000
954.0000
953.0000
953.5000
954.5000
953.5000
953.0000
953.0000
953.5000
953.0000
954.0000
954.5000
954.0000
954.0000
953.0000
953.0000
953.5000
955.0000
955.0000
953.5000
953.0000
953.5000
954.0000
954.5000
954.5000
953.5000
953.5000
954.0000
954.5000
954.0000
953.5000
954.0000
954.5000
954.5000
955.0000
953.5000
953.0000
953.5000
954.5000
954.0000
955.0000
953.0000
953.0000
953.5000
953.5000
955.0000
954.5000
954.0000
953.0000
953.5000
953.5000
954.5000
954.5000
954.0000
953.0000
953.5000
953.5000
954.0000
955.0000
953.0000
953.0000
953.5000
954.0000
954.5000
955.0000
953.0000
954.0000
953.5000
955.0000
955.0000
954.5000
953.5000
953.0000
953.0000
954.0000
955.0000
954.5000
953.0000
953.0000
953.0000
953.5000
954.5000
954.0000
955.0000
953.0000
954.0000
953.5000
954.5000
954.5000
954.0000
953.0000
953.0000
954.5000
954.0000
954.5000
954.0000
953.5000
953.0000
953.5000
953.5000
953.5000
954.5000
955.0000
953.5000
953.0000
953.5000
954.0000
955.0000
954.5000
953.0000
953.0000
953.5000
953.5000
953.5000
954.5000
955.0000
953.5000
953.5000
953.5000
954.5000
955.0000
953.5000
953.5000
953.0000
953.5000
954.5000
954.5000
953.0000
953.5000
954.0000
954.0000
954.0000
953.5000
953.5000
953.5000
953.5000
953.5000
953.0000
953.0000
953.5000
954.0000
954.5000
954.5000
954.5000
954.5000
953.0000
953.0000
953.5000
955.0000
955.0000
954.5000
953.0000
953.5000
953.0000
954.0000
954.5000
953.5000
953.0000
953.0000
953.5000
954.5000
954.5000
953.5000
953.0000
953.0000
953.0000
954.5000
954.0000
955.0000
953.5000
953.0000
953.5000
953.5000
954.5000
954.5000
953.0000
953.0000
953.5000
954.5000
954.0000
954.5000
953.0000
953.5000
954.5000
954.5000
954.5000
953.0000
953.0000
953.5000
953.5000
955.0000
955.0000
954.5000
953.0000
953.0000
954.0000
953.5000
954.5000
955.0000
954.5000
953.5000
953.0000
953.0000
953.0000
954.0000
954.5000
954.0000
954.0000
953.5000
953.5000
953.5000
955.0000
954.5000
953.5000
953.0000
953.5000
954.5000
954.0000
954.5000
953.0000
953.5000
954.5000
954.5000
954.5000
954.0000
953.0000
953.0000
954.5000
954.5000
954.5000
953.0000
953.5000
954.5000
953.5000
953.0000
953.5000
953.0000
954.0000
955.0000
953.5000
953.5000
953.5000
953.5000
954.5000
954.0000
953.0000
953.0000
954.0000
954.5000
954.5000
954.0000
953.0000
954.0000
954.5000
954.5000
955.0000
953.0000
954.0000
954.5000
954.0000
954.0000
953.0000
953.0000
954.0000
954.5000
954.5000
953.0000
953.0000
954.0000
954.5000
955.0000
954.5000
953.0000
954.0000
955.0000
954.5000
953.0000
953.5000
953.5000
953.0000
953.5000
953.5000
954.0000
954.5000
953.5000
953.0000
953.0000
954.0000
954.5000
954.0000
954.0000
953.0000
953.0000
953.5000
955.0000
953.5000
953.0000
953.0000
954.5000
954.5000
954.0000
954.0000
953.0000
953.5000
954.0000
954.5000
954.0000
953.0000
953.5000
954.5000
955.0000
954.5000
954.5000
953.0000
953.0000
955.0000
953.5000
953.0000
954.0000
954.0000
954.5000
955.0000
953.5000
953.0000
953.0000
954.5000
953.5000
954.5000
954.0000
954.5000
953.0000
953.0000
954.0000
954.5000
953.5000
953.0000
953.0000
953.5000
954.5000
954.5000
955.0000
953.0000
953.0000
953.0000
953.5000
954.5000
953.5000
953.5000
953.5000
954.0000
954.5000
955.0000
953.0000
953.0000
954.0000
954.5000
954.0000
954.0000
953.5000
953.0000
954.5000
954.0000
955.0000
953.0000
953.5000
953.0000
954.0000
955.0000
954.0000
953.5000
953.0000
953.5000
954.0000
955.0000
954.5000
953.0000
954.0000
953.5000
955.0000
954.0000
954.0000
953.5000
953.0000
953.5000
955.0000
954.5000
954.5000
953.0000
953.5000
953.5000
954.5000
954.5000
953.0000
953.0000
953.0000
954.0000
954.5000
954.5000
953.5000
953.0000
953.5000
954.5000
955.0000
954.0000
953.0000
953.0000
953.5000
954.0000
955.0000
955.0000
953.5000
953.0000
954.0000
955.0000
955.0000
954.0000
953.0000
954.0000
954.5000
954.0000
954.0000
954.0000
953.0000
953.0000
954.5000
954.0000
954.0000
953.5000
953.0000
953.5000
953.0000
954.5000
954.0000
955.0000
953.0000
953.5000
954.5000
954.5000
954.0000
953.5000
953.5000
953.5000
954.5000
954.5000
953.5000
954.0000
953.5000
953.5000
954.5000
954.5000
953.5000
953.0000
954.0000
954.5000
954.0000
953.0000
953.0000
953.5000
954.0000
954.5000
953.5000
954.5000
955.0000
953.0000
953.5000
953.5000
954.0000
954.5000
954.5000
954.0000
953.0000
953.5000
954.5000
955.0000
954.0000
953.0000
953.5000
953.0000
954.0000
954.5000
953.5000
954.5000
953.5000
953.5000
954.5000
954.5000
954.0000
953.5000
953.0000
954.0000
954.5000
955.0000
953.5000
953.0000
953.0000
955.0000
953.5000
953.0000
953.5000
953.5000
954.5000
954.5000
953.0000
953.5000
953.5000
954.5000
954.5000
954.0000
953.0000
953.0000
954.5000
954.5000
954.5000
953.0000
953.0000
953.0000
953.5000
954.5000
954.5000
954.5000
953.5000
953.0000
953.5000
954.5000
954.0000
953.0000
953.0000
953.5000
954.0000
954.5000
954.5000
954.5000
953.0000
954.0000
953.5000
955.0000
954.5000
953.5000
953.0000
953.0000
953.0000
954.0000
954.5000
954.5000
954.5000
953.0000
953.0000
953.0000
954.5000
955.0000
954.5000
953.0000
953.5000
953.5000
954.0000
954.5000
955.0000
954.5000
953.0000
953.0000
953.5000
953.5000
954.5000
954.5000
954.0000
953.5000
953.5000
954.5000
954.0000
955.0000
954.5000
953.5000
953.5000
953.0000
954.0000
953.5000
954.5000
955.0000
954.5000
954.0000
955.0000
953.5000
953.0000
953.0000
953.5000
954.0000
954.5000
955.0000
955.0000
953.5000
953.0000
953.5000
954.5000
954.0000
955.0000
954.5000
954.0000
953.0000
954.0000
953.5000
954.5000
955.0000
953.5000
953.0000
953.5000
953.5000
954.5000
954.5000
953.0000
953.5000
954.0000
955.0000
953.0000
953.0000
953.0000
954.0000
955.0000
953.0000
953.0000
953.0000
955.0000
954.5000
954.0000
953.5000
953.0000
954.0000
955.0000
953.5000
953.0000
953.5000
954.0000
954.0000
954.5000
953.5000
953.0000
954.0000
954.5000
953.5000
953.0000
953.5000
954.0000
953.5000
953.5000
954.5000
954.5000
955.0000
954.5000
953.0000
953.0000
953.5000
954.5000
955.0000
955.0000
953.5000
953.0000
953.0000
953.5000
954.0000
953.5000
954.0000
955.0000
953.5000
954.0000
954.0000
953.0000
954.0000
953.0000
954.5000
955.0000
955.0000
955.0000
953.5000
953.0000
954.0000
953.0000
953.5000
954.5000
955.0000
953.0000
954.0000
953.0000
953.0000
953.5000
954.5000
955.0000
955.0000
953.0000
953.5000
953.0000
953.5000
954.0000
955.0000
954.0000
953.5000
953.0000
954.0000
955.0000
954.0000
954.5000
955.0000
953.5000
954.0000
953.0000
953.5000
954.5000
955.0000
955.0000
954.5000
954.0000
953.5000
953.0000
954.0000
954.5000
954.5000
955.0000
953.0000
954.0000
953.5000
953.0000
954.5000
954.5000
954.5000
955.0000
954.0000
953.0000
953.5000
953.0000
954.0000
954.0000
954.5000
954.0000
953.0000
953.0000
953.5000
953.5000
954.5000
954.5000
953.5000
953.5000
953.0000
953.0000
954.0000
954.5000
955.0000
954.5000
953.0000
953.5000
954.0000
954.5000
955.0000
954.0000
954.0000
953.0000
953.5000
953.5000
954.5000
954.5000
954.0000
953.0000
954.5000
954.0000
955.0000
953.0000
953.5000
953.5000
954.5000
954.0000
953.0000
954.0000
954.5000
955.0000
953.5000
953.5000
954.0000
954.5000
954.5000
955.0000
953.0000
953.0000
954.5000
954.5000
955.0000
953.0000
953.0000
954.0000
954.5000
955.0000
953.5000
953.0000
953.5000
954.5000
954.5000
954.0000
953.0000
953.5000
954.5000
955.0000
953.5000
953.5000
953.0000
953.5000
954.5000
954.5000
954.0000
953.0000
953.0000
954.5000
954.5000
954.0000
953.0000
953.0000
953.5000
954.5000
954.0000
953.5000
953.5000
953.5000
953.5000
954.5000
955.0000
953.5000
953.0000
954.0000
953.0000
953.0000
954.0000
955.0000
954.0000
953.5000
953.0000
953.5000
954.0000
954.5000
954.0000
953.5000
953.0000
953.0000
954.5000
955.0000
954.5000
954.0000
953.0000
953.0000
954.5000
954.5000
954.0000
953.5000
953.0000
953.5000
954.5000
955.0000
954.5000
953.5000
953.5000
953.0000
954.5000
954.5000
955.0000
953.5000
954.5000
954.0000
953.5000
953.0000
954.0000
954.0000
954.0000
954.5000
953.0000
953.0000
953.0000
954.0000
954.5000
955.0000
953.0000
953.0000
953.5000
953.5000
954.5000
954.5000
954.0000
953.0000
953.0000
954.0000
954.5000
954.5000
954.0000
953.0000
953.5000
953.5000
954.5000
955.0000
954.0000
953.0000
953.0000
955.0000
954.5000
954.0000
953.0000
953.0000
953.5000
953.5000
955.0000
954.0000
953.5000
953.5000
953.0000
954.5000
954.5000
954.5000
953.0000
953.0000
954.0000
954.5000
955.0000
953.0000
953.0000
954.0000
954.0000
955.0000
954.0000
953.5000
953.0000
954.0000
954.5000
954.0000
953.5000
953.0000
953.5000
954.5000
954.5000
955.0000
953.0000
953.0000
953.5000
954.0000
955.0000
953.5000
953.5000
953.0000
953.0000
954.0000
954.5000
955.0000
953.5000
953.0000
953.5000
954.5000
954.0000
953.5000
953.5000
953.5000
954.5000
954.5000
953.5000
953.0000
953.5000
954.5000
954.5000
954.0000
953.0000
953.0000
954.0000
955.0000
953.0000
954.0000
954.0000
954.0000
954.5000
953.0000
953.5000
954.0000
955.0000
954.5000
954.0000
953.0000
953.0000
954.0000
955.0000
954.0000
953.5000
953.0000
954.0000
954.0000
954.5000
954.0000
954.0000
953.5000
953.5000
955.0000
954.5000
954.0000
953.0000
953.5000
954.0000
954.0000
954.5000
954.0000
953.0000
953.0000
954.0000
955.0000
955.0000
954.0000
954.0000
953.0000
953.0000
954.0000
954.5000
955.0000
954.0000
953.5000
953.0000
954.0000
954.5000
955.0000
955.0000
953.0000
953.0000
954.0000
955.0000
955.0000
953.5000
953.0000
953.5000
954.0000
954.5000
953.5000
953.0000
953.0000
954.5000
954.5000
954.5000
953.0000
953.0000
954.5000
955.0000
954.0000
953.0000
953.0000
954.5000
954.0000
953.5000
954.0000
954.0000
954.0000
954.0000
953.5000
954.0000
955.0000
954.0000
954.0000
953.0000
953.0000
954.5000
954.5000
954.0000
953.0000
953.0000
953.5000
954.0000
954.5000
955.0000
953.0000
954.0000
954.5000
955.0000
954.5000
953.0000
953.5000
954.5000
954.0000
955.0000
953.0000
953.0000
953.5000
954.5000
954.5000
953.0000
953.0000
953.5000
954.5000
954.5000
954.0000
954.0000
953.0000
954.5000
954.0000
954.5000
953.0000
953.0000
954.0000
954.0000
955.0000
954.0000
953.0000
953.5000
954.0000
955.0000
954.0000
953.5000
953.0000
954.5000
953.5000
953.0000
953.5000
953.0000
954.5000
955.0000
953.0000
953.5000
953.0000
954.5000
954.0000
953.0000
953.5000
953.5000
955.0000
953.0000
953.5000
954.0000
954.0000
955.0000
954.0000
953.5000
954.0000
954.0000
954.5000
954.0000
953.5000
954.5000
954.5000
954.0000
954.0000
953.5000
953.5000
954.5000
954.0000
953.5000
953.0000
954.0000
955.0000
954.0000
953.0000
953.0000
954.0000
954.5000
955.0000
953.0000
953.0000
953.5000
954.5000
955.0000
953.5000
953.0000
953.5000
954.5000
955.0000
953.5000
953.5000
953.5000
954.0000
955.0000
954.5000
954.0000
953.0000
953.5000
953.5000
954.5000
955.0000
953.5000
953.0000
953.5000
954.5000
954.5000
954.5000
953.5000
953.0000
953.5000
954.0000
954.5000
954.0000
953.5000
953.5000
954.5000
955.0000
954.5000
953.5000
954.0000
953.0000
953.5000
954.0000
955.0000
954.5000
954.0000
953.0000
953.0000
953.5000
953.5000
955.0000
955.0000
953.0000
953.0000
954.5000
954.0000
954.0000
953.0000
953.5000
954.0000
955.0000
955.0000
953.0000
953.0000
954.0000
954.5000
954.0000
953.5000
953.5000
953.5000
954.5000
955.0000
954.0000
953.5000
954.0000
954.0000
955.0000
953.0000
953.5000
954.0000
954.0000
955.0000
953.0000
953.5000
953.5000
954.5000
955.0000
953.0000
953.0000
954.0000
954.5000
954.5000
954.0000
953.0000
953.5000
955.0000
954.0000
954.0000
953.0000
954.0000
954.5000
954.5000
954.5000
954.0000
953.0000
954.0000
954.0000
954.5000
953.0000
953.5000
954.0000
954.5000
953.5000
953.0000
953.5000
954.5000
954.5000
954.0000
953.0000
953.0000
954.0000
955.0000
953.0000
953.0000
953.5000
954.5000
955.0000
954.0000
953.0000
953.5000
954.5000
955.0000
953.0000
953.5000
953.5000
954.5000
955.0000
953.0000
953.0000
954.0000
954.5000
954.0000
954.0000
953.5000
953.0000
954.5000
955.0000
954.0000
953.0000
953.0000
953.5000
954.0000
954.0000
953.0000
953.5000
953.0000
954.5000
954.0000
953.0000
953.5000
953.0000
954.0000
954.5000
954.0000
953.5000
953.5000
953.0000
953.5000
954.5000
954.0000
954.5000
954.0000
953.0000
953.0000
954.0000
954.0000
954.0000
954.0000
953.0000
953.0000
953.5000
954.0000
955.0000
954.0000
953.0000
953.0000
954.0000
955.0000
954.0000
955.0000
953.5000
953.0000
953.5000
953.5000
954.5000
954.0000
954.0000
953.0000
953.0000
953.5000
954.0000
954.0000
955.0000
953.5000
953.0000
953.5000
954.5000
955.0000
954.0000
953.5000
954.0000
953.0000
953.5000
954.5000
955.0000
954.5000
953.5000
953.0000
953.0000
954.0000
953.0000
953.0000
953.5000
954.5000
955.0000
954.5000
954.0000
953.5000
953.0000
953.0000
954.0000
954.0000
954.0000
955.0000
954.5000
954.0000
953.0000
953.5000
954.5000
955.0000
953.0000
953.0000
954.0000
953.5000
954.0000
955.0000
954.0000
953.0000
953.0000
953.5000
954.0000
955.0000
954.0000
953.5000
953.0000
953.5000
954.5000
954.0000
953.5000
953.0000
954.0000
954.5000
955.0000
954.5000
953.0000
953.0000
953.5000
954.0000
955.0000
953.0000
953.0000
953.5000
954.5000
954.5000
955.0000
954.0000
954.0000
953.0000
954.0000
955.0000
954.5000
954.5000
953.0000
953.0000
953.5000
954.0000
955.0000
953.5000
953.0000
953.5000
955.0000
954.0000
954.0000
953.0000
953.0000
953.5000
954.5000
954.5000
954.0000
953.0000
953.5000
954.5000
954.5000
954.0000
954.0000
953.0000
954.0000
955.0000
954.0000
955.0000
953.0000
954.0000
954.5000
954.0000
955.0000
953.0000
953.0000
953.5000
954.0000
955.0000
953.0000
953.5000
953.5000
954.0000
955.0000
953.0000
953.5000
953.0000
954.5000
955.0000
953.0000
953.0000
953.0000
954.5000
955.0000
953.0000
953.5000
953.5000
954.5000
954.5000
954.5000
953.0000
953.0000
954.0000
954.5000
954.5000
954.5000
953.5000
953.5000
954.5000
955.0000
953.5000
953.0000
953.5000
954.0000
955.0000
953.5000
954.0000
953.5000
954.0000
955.0000
954.0000
953.5000
953.5000
953.5000
954.5000
954.0000
955.0000
953.0000
953.5000
953.5000
954.5000
954.5000
953.5000
953.5000
954.5000
955.0000
954.0000
953.5000
953.0000
954.0000
955.0000
954.5000
954.0000
953.5000
953.5000
954.0000
954.5000
954.0000
953.0000
953.5000
953.5000
955.0000
954.0000
953.5000
953.0000
954.0000
955.0000
955.0000
953.0000
953.0000
953.5000
953.0000
953.0000
955.0000
954.5000
953.5000
953.0000
954.5000
955.0000
954.0000
953.5000
954.0000
954.0000
955.0000
955.0000
953.0000
953.0000
953.5000
954.0000
954.0000
953.0000
953.0000
953.5000
955.0000
954.0000
953.0000
953.0000
954.0000
954.5000
955.0000
953.5000
953.0000
953.5000
954.0000
954.5000
953.5000
954.0000
954.5000
954.0000
953.5000
953.5000
955.0000
954.0000
953.5000
953.0000
953.5000
953.5000
954.0000
953.5000
953.0000
953.0000
953.5000
954.0000
955.0000
953.0000
953.0000
953.0000
954.0000
954.0000
954.5000
953.0000
953.5000
954.0000
954.5000
953.0000
953.5000
953.5000
955.0000
953.5000
953.0000
953.0000
954.0000
954.5000
955.0000
954.0000
953.0000
954.0000
954.5000
955.0000
953.0000
953.0000
953.5000
954.0000
955.0000
953.5000
954.0000
953.0000
953.0000
953.5000
954.5000
955.0000
953.0000
953.0000
953.5000
953.0000
955.0000
954.5000
953.5000
953.0000
953.0000
953.5000
954.5000
955.0000
954.0000
953.0000
953.5000
954.5000
954.5000
954.0000
955.0000
953.0000
953.0000
953.5000
954.5000
954.0000
954.0000
953.0000
953.0000
954.0000
954.5000
954.5000
954.0000
953.0000
954.0000
955.0000
954.0000
953.0000
953.5000
955.0000
954.0000
954.5000
953.0000
953.5000
955.0000
954.5000
954.5000
953.0000
953.5000
954.0000
954.0000
955.0000
953.0000
953.0000
953.5000
954.0000
953.5000
953.0000
954.0000
954.5000
954.5000
954.0000
953.0000
954.0000
955.0000
955.0000
953.0000
954.0000
955.0000
954.5000
954.0000
953.0000
953.0000
954.0000
954.5000
954.0000
953.5000
953.0000
953.5000
954.0000
954.5000
955.0000
954.0000
953.0000
953.0000
954.0000
955.0000
954.0000
954.0000
953.0000
953.5000
954.5000
954.0000
954.5000
955.0000
954.0000
953.0000
953.5000
955.0000
954.0000
954.5000
953.0000
954.0000
955.0000
955.0000
953.0000
953.5000
953.0000
954.5000
954.5000
954.0000
953.0000
953.5000
954.0000
954.0000
954.0000
953.0000
953.0000
954.0000
955.0000
955.0000
953.5000
953.0000
954.0000
954.0000
954.5000
954.0000
953.5000
954.5000
954.5000
954.0000
953.5000
953.0000
954.0000
955.0000
954.0000
953.0000
953.0000
953.0000
954.5000
954.0000
953.0000
953.5000
953.0000
954.0000
954.5000
954.0000
953.0000
953.0000
954.0000
955.0000
954.5000
954.0000
953.5000
954.5000
954.5000
954.0000
954.0000
953.0000
954.0000
954.5000
954.0000
954.5000
953.0000
953.5000
953.5000
954.0000
953.5000
953.0000
953.5000
954.5000
954.0000
953.0000
953.0000
953.5000
954.5000
955.0000
953.0000
954.0000
953.5000
954.0000
955.0000
954.0000
953.0000
954.0000
954.0000
954.5000
954.0000
953.5000
953.5000
955.0000
954.5000
953.5000
953.0000
953.5000
955.0000
954.0000
954.5000
953.0000
953.0000
953.5000
953.5000
954.0000
953.0000
953.5000
954.0000
954.5000
954.5000
953.5000
953.0000
954.0000
955.0000
955.0000
954.0000
953.0000
953.5000
954.5000
954.5000
953.0000
953.0000
953.5000
954.5000
954.5000
954.0000
953.0000
953.5000
953.0000
954.5000
953.5000
953.0000
953.5000
954.0000
954.5000
954.0000
953.0000
953.0000
954.5000
953.5000
953.0000
953.0000
954.0000
954.5000
954.0000
953.0000
953.0000
953.5000
954.0000
955.0000
953.0000
953.5000
954.5000
955.0000
953.5000
953.5000
953.0000
954.0000
955.0000
954.0000
953.5000
953.0000
955.0000
955.0000
953.0000
953.0000
953.0000
954.0000
955.0000
954.0000
953.0000
953.5000
954.5000
954.0000
954.5000
954.5000
953.5000
953.0000
954.0000
954.0000
954.0000
954.0000
953.0000
954.5000
954.5000
954.5000
953.0000
953.0000
954.0000
954.0000
955.0000
954.5000
953.0000
953.0000
954.5000
954.0000
955.0000
953.0000
953.0000
953.5000
954.5000
955.0000
953.5000
953.0000
954.0000
955.0000
954.5000
953.0000
954.5000
955.0000
953.5000
953.5000
954.0000
955.0000
953.0000
953.5000
954.0000
955.0000
954.0000
953.5000
953.0000
953.5000
954.5000
955.0000
953.0000
953.0000
953.5000
955.0000
955.0000
953.0000
953.5000
953.5000
954.0000
955.0000
953.0000
953.5000
954.0000
955.0000
953.0000
953.0000
953.0000
954.5000
954.5000
953.0000
953.5000
954.0000
955.0000
953.0000
953.0000
953.0000
954.0000
955.0000
953.0000
953.5000
953.0000
954.5000
954.0000
953.0000
953.5000
953.5000
954.5000
954.5000
953.0000
953.0000
953.5000
955.0000
953.0000
953.0000
953.0000
954.0000
955.0000
954.0000
953.0000
954.0000
954.0000
954.5000
953.0000
953.5000
954.0000
955.0000
953.0000
953.0000
953.5000
954.5000
954.0000
953.0000
953.5000
954.0000
954.0000
954.0000
953.0000
954.0000
954.5000
955.0000
954.0000
953.0000
954.0000
954.5000
955.0000
953.0000
954.0000
955.0000
954.0000
953.0000
953.5000
955.0000
954.0000
953.0000
953.5000
954.5000
954.5000
953.0000
953.5000
953.0000
954.5000
954.0000
953.0000
954.0000
954.5000
955.0000
953.0000
953.5000
954.0000
954.0000
954.5000
953.0000
954.0000
955.0000
954.0000
953.0000
953.0000
954.5000
953.5000
953.5000
953.5000
954.0000
955.0000
954.0000
953.0000
953.0000
954.5000
954.0000
953.0000
953.5000
954.0000
954.0000
954.0000
953.0000
953.0000
954.5000
954.5000
954.0000
953.0000
954.0000
954.5000
954.5000
953.0000
953.5000
953.5000
954.5000
953.5000
953.0000
954.0000
954.0000
954.0000
953.5000
953.0000
953.0000
954.5000
954.5000
954.0000
953.0000
954.0000
954.0000
954.5000
955.0000
954.0000
953.0000
953.5000
953.0000
954.0000
955.0000
954.0000
953.5000
953.0000
954.0000
955.0000
954.0000
953.0000
953.5000
954.0000
954.5000
954.0000
953.0000
954.0000
955.0000
953.5000
953.0000
953.0000
954.0000
955.0000
953.0000
953.5000
954.5000
955.0000
954.0000
953.0000
953.5000
954.0000
955.0000
953.0000
953.5000
953.0000
955.0000
954.0000
953.5000
953.0000
955.0000
954.5000
954.0000
953.5000
954.5000
954.5000
954.0000
953.5000
954.5000
955.0000
953.5000
953.0000
954.0000
954.0000
955.0000
953.0000
953.0000
953.0000
954.5000
954.5000
953.0000
953.5000
953.5000
955.0000
953.0000
953.0000
953.5000
954.0000
954.5000
953.0000
953.5000
954.0000
955.0000
953.5000
953.0000
953.5000
954.5000
955.0000
953.0000
953.0000
953.5000
954.5000
955.0000
953.0000
953.5000
954.5000
954.0000
954.5000
953.0000
954.0000
954.5000
955.0000
953.0000
953.0000
954.0000
954.5000
955.0000
953.0000
953.0000
953.5000
954.0000
953.5000
953.0000
954.0000
955.0000
954.5000
953.5000
953.0000
954.0000
955.0000
954.0000
953.0000
954.0000
955.0000
954.0000
953.0000
953.5000
954.5000
955.0000
953.0000
954.0000
954.5000
954.5000
954.5000
953.0000
954.0000
955.0000
954.0000
953.0000
953.5000
954.5000
953.5000
953.5000
953.0000
954.0000
954.5000
953.0000
953.5000
953.5000
954.5000
954.5000
954.0000
953.5000
954.0000
955.0000
953.0000
953.0000
954.0000
954.5000
954.0000
953.0000
953.5000
954.5000
954.0000
953.0000
953.0000
954.0000
954.5000
953.5000
953.0000
954.0000
955.0000
953.5000
953.0000
953.5000
953.0000
955.0000
954.5000
953.0000
953.5000
955.0000
954.5000
953.0000
953.5000
954.0000
953.5000
953.5000
953.0000
954.0000
955.0000
953.0000
953.5000
954.0000
955.0000
955.0000
953.0000
953.5000
954.5000
954.5000
954.0000
953.0000
953.5000
954.0000
955.0000
953.0000
953.0000
953.5000
954.0000
954.5000
953.5000
953.0000
954.5000
954.0000
953.5000
954.5000
955.0000
953.0000
953.5000
953.0000
954.5000
955.0000
955.0000
953.5000
954.0000
955.0000
954.0000
953.5000
953.0000
954.0000
955.0000
954.0000
954.0000
953.0000
954.0000
954.5000
954.5000
955.0000
953.0000
954.0000
954.5000
955.0000
953.0000
953.5000
953.5000
954.0000
954.5000
954.0000
953.0000
953.5000
954.0000
955.0000
953.0000
953.0000
954.0000
954.5000
953.5000
953.0000
954.0000
954.5000
954.5000
954.0000
953.0000
953.5000
954.5000
955.0000
953.0000
953.0000
953.5000
953.5000
954.5000
953.5000
953.5000
953.0000
953.0000
954.0000
955.0000
953.5000
954.0000
953.0000
953.0000
954.5000
954.5000
954.0000
954.0000
953.0000
953.5000
954.0000
954.0000
955.0000
953.0000
953.0000
953.0000
954.0000
955.0000
954.0000
954.0000
953.5000
953.0000
954.5000
954.0000
954.5000
953.0000
953.5000
953.0000
954.0000
955.0000
954.5000
954.0000
953.0000
953.0000
954.0000
954.0000
955.0000
953.5000
954.0000
953.5000
953.0000
954.5000
954.5000
955.0000
953.5000
953.0000
953.0000
954.0000
954.5000
955.0000
954.0000
953.5000
953.0000
953.5000
954.0000
954.0000
955.0000
953.5000
954.5000
953.0000
953.5000
953.5000
954.0000
954.5000
954.5000
955.0000
954.0000
953.5000
953.0000
953.5000
954.0000
953.5000
953.0000
953.0000
953.5000
954.0000
954.5000
954.0000
953.0000
953.5000
954.0000
953.5000
954.0000
954.5000
955.0000
954.5000
953.0000
953.5000
954.0000
954.5000
955.0000
953.0000
953.5000
954.0000
953.5000
954.5000
953.5000
953.5000
953.0000
954.5000
954.0000
954.0000
953.5000
953.5000
954.0000
955.0000
954.0000
954.0000
953.5000
953.5000
954.0000
954.5000
953.5000
953.5000
953.0000
954.0000
954.0000
953.0000
953.0000
953.5000
953.5000
954.5000
954.0000
953.5000
953.0000
953.0000
953.5000
954.5000
955.0000
953.0000
953.0000
953.5000
954.0000
955.0000
954.0000
953.0000
953.5000
955.0000
954.0000
953.0000
953.0000
954.0000
954.5000
955.0000
953.0000
953.0000
953.5000
954.0000
955.0000
953.0000
953.5000
954.0000
955.0000
954.5000
954.0000
953.0000
954.0000
954.5000
954.0000
953.0000
953.5000
954.5000
954.0000
954.5000
953.0000
953.5000
954.0000
955.0000
954.0000
953.0000
953.5000
954.0000
954.5000
954.0000
954.0000
953.0000
954.0000
955.0000
954.5000
954.5000
953.0000
953.5000
953.5000
954.0000
955.0000
953.0000
953.0000
953.5000
954.0000
955.0000
954.0000
953.0000
953.0000
954.5000
954.0000
953.0000
953.5000
954.0000
955.0000
953.0000
953.0000
954.5000
954.5000
954.5000
954.0000
953.5000
954.5000
954.0000
953.5000
953.5000
954.5000
954.5000
954.0000
953.0000
954.0000
954.5000
955.0000
953.0000
953.5000
953.5000
954.0000
954.5000
953.0000
953.5000
954.5000
955.0000
953.0000
953.5000
953.0000
954.5000
954.5000
954.0000
953.5000
954.5000
955.0000
953.0000
953.0000
954.0000
954.5000
954.0000
953.0000
953.5000
954.5000
954.0000
953.5000
953.0000
954.0000
955.0000
954.0000
953.0000
953.5000
954.5000
955.0000
953.0000
953.5000
954.0000
955.0000
954.0000
953.0000
954.0000
955.0000
954.5000
955.0000
953.5000
953.5000
954.5000
955.0000
954.0000
953.0000
953.5000
954.5000
954.0000
953.0000
954.0000
954.0000
953.0000
953.0000
954.5000
954.5000
953.5000
953.0000
954.0000
955.0000
955.0000
953.0000
954.0000
954.5000
955.0000
953.5000
953.0000
954.0000
954.5000
954.0000
953.0000
954.0000
955.0000
955.0000
953.0000
954.5000
954.0000
953.0000
953.0000
953.5000
954.0000
954.0000
953.0000
954.0000
954.5000
954.0000
955.0000
953.0000
953.5000
955.0000
954.0000
953.5000
953.0000
954.5000
954.0000
954.0000
953.5000
955.0000
955.0000
954.5000
954.0000
953.5000
953.0000
954.0000
954.5000
954.0000
953.0000
953.0000
954.0000
955.0000
954.0000
953.5000
953.0000
954.0000
955.0000
954.0000
955.0000
953.0000
953.0000
954.5000
954.5000
955.0000
953.0000
954.0000
953.5000
954.5000
955.0000
953.0000
953.0000
953.5000
954.0000
955.0000
953.0000
953.0000
953.0000
954.0000
955.0000
954.5000
954.0000
953.0000
954.5000
954.0000
954.5000
954.5000
953.5000
953.5000
954.0000
954.0000
954.0000
953.5000
953.5000
953.0000
954.0000
955.0000
954.5000
954.5000
953.0000
953.5000
954.0000
954.0000
954.0000
953.5000
953.0000
954.5000
954.5000
954.5000
953.0000
953.0000
953.5000
953.5000
954.5000
954.5000
954.0000
953.0000
953.5000
953.0000
954.0000
954.5000
954.0000
953.0000
953.5000
953.5000
954.5000
955.0000
953.0000
953.0000
953.5000
954.5000
954.0000
953.5000
953.0000
954.0000
955.0000
954.0000
953.0000
954.5000
955.0000
953.5000
953.0000
955.0000
953.5000
954.5000
953.0000
954.0000
955.0000
954.0000
953.0000
953.5000
955.0000
953.5000
953.5000
953.0000
954.5000
954.0000
953.0000
953.5000
954.0000
954.5000
954.0000
953.0000
953.5000
954.0000
953.5000
953.5000
953.5000
953.0000
953.0000
954.5000
954.0000
953.0000
953.0000
954.0000
955.0000
953.0000
953.5000
954.0000
954.5000
954.0000
953.5000
954.0000
954.5000
954.0000
953.0000
954.0000
954.5000
955.0000
953.0000
953.5000
954.0000
955.0000
954.0000
953.0000
954.0000
953.5000
954.0000
953.5000
953.5000
954.0000
954.0000
953.0000
954.5000
953.5000
953.5000
953.0000
954.0000
954.5000
954.0000
953.0000
953.5000
954.0000
954.5000
953.5000
953.0000
953.5000
954.5000
955.0000
953.0000
953.0000
954.0000
954.0000
955.0000
953.5000
953.0000
953.5000
954.0000
955.0000
953.0000
953.5000
953.0000
954.5000
953.5000
953.0000
953.5000
954.0000
954.5000
954.5000
953.0000
954.0000
954.0000
954.0000
953.0000
953.5000
954.0000
954.5000
954.0000
953.0000
953.0000
953.5000
954.5000
954.5000
953.0000
953.0000
954.0000
955.0000
954.0000
954.0000
953.0000
954.0000
954.5000
954.0000
953.0000
953.0000
954.0000
954.5000
954.0000
953.5000
953.0000
954.0000
955.0000
953.5000
953.5000
953.0000
954.0000
954.5000
953.5000
953.5000
953.0000
954.5000
954.5000
954.0000
953.0000
953.0000
954.5000
954.5000
954.0000
953.0000
954.5000
955.0000
954.0000
953.5000
954.0000
955.0000
954.0000
953.5000
954.5000
955.0000
953.0000
953.0000
953.0000
954.0000
955.0000
954.0000
953.5000
953.0000
954.0000
954.5000
954.0000
953.5000
954.0000
955.0000
954.0000
953.5000
953.0000
955.0000
954.5000
953.5000
953.5000
954.0000
955.0000
953.0000
953.0000
954.0000
954.0000
953.5000
953.0000
953.5000
954.0000
955.0000
953.0000
953.5000
954.0000
955.0000
954.0000
953.5000
954.5000
955.0000
955.0000
955.5000
956.0000
956.0000
956.0000
955.0000
955.0000
956.0000
956.0000
956.0000
955.5000
955.5000
955.5000
954.5000
954.5000
955.0000
955.5000
955.0000
952.5000
952.5000
954.0000
954.5000
953.0000
953.0000
954.0000
955.0000
953.0000
953.0000
953.5000
954.0000
955.0000
953.0000
953.5000
954.5000
954.0000
953.0000
953.5000
954.0000
954.0000
954.5000
954.0000
953.0000
953.5000
954.0000
954.5000
954.0000
953.5000
954.5000
955.0000
954.0000
953.5000
954.5000
954.5000
953.5000
953.0000
953.5000
954.5000
955.0000
953.0000
953.0000
954.0000
954.5000
953.5000
953.0000
953.5000
954.0000
954.0000
953.0000
953.5000
954.0000
955.0000
953.0000
953.5000
954.0000
954.0000
953.5000
953.0000
954.0000
954.5000
954.0000
954.0000
953.0000
954.0000
954.5000
954.0000
953.5000
953.0000
954.0000
954.5000
954.0000
954.5000
953.0000
953.5000
954.0000
955.0000
953.0000
953.5000
953.0000
954.0000
954.5000
954.0000
953.0000
954.0000
955.0000
953.0000
953.0000
953.5000
954.0000
955.0000
953.0000
953.0000
953.0000
954.0000
955.0000
954.0000
953.0000
953.0000
954.0000
955.0000
954.0000
953.0000
954.5000
955.0000
953.5000
953.5000
953.5000
954.5000
955.0000
953.0000
953.5000
954.0000
954.0000
953.0000
954.0000
954.0000
954.5000
953.5000
953.0000
953.5000
954.0000
955.0000
953.0000
953.5000
954.5000
955.0000
953.0000
953.0000
954.5000
954.5000
953.5000
953.5000
953.5000
953.5000
955.0000
954.0000
953.5000
953.0000
954.0000
955.0000
954.0000
954.0000
953.0000
954.0000
954.5000
954.0000
953.0000
953.0000
954.0000
953.5000
955.0000
953.5000
953.0000
953.5000
954.5000
955.0000
953.0000
953.0000
953.0000
954.0000
955.0000
954.5000
953.0000
953.0000
955.0000
954.5000
953.0000
953.5000
954.0000
955.0000
954.0000
953.0000
953.0000
954.0000
954.0000
955.0000
954.0000
953.0000
954.5000
954.0000
953.0000
953.5000
955.0000
955.0000
953.0000
953.0000
953.5000
954.5000
954.0000
953.0000
954.0000
955.0000
953.0000
953.0000
953.5000
954.0000
953.5000
953.0000
954.0000
955.0000
954.0000
953.0000
954.0000
953.5000
953.5000
953.5000
954.5000
954.0000
953.0000
953.0000
954.0000
953.0000
953.5000
954.5000
954.0000
953.0000
953.5000
954.0000
953.5000
953.0000
953.0000
955.0000
953.5000
953.5000
953.0000
954.0000
955.0000
953.0000
953.5000
953.5000
955.0000
953.0000
953.0000
953.5000
955.0000
953.0000
953.0000
954.0000
954.0000
954.0000
953.0000
953.5000
955.0000
953.5000
953.0000
954.0000
954.5000
955.0000
953.0000
954.0000
955.0000
954.0000
953.0000
953.0000
954.0000
954.5000
953.5000
953.5000
954.5000
954.5000
954.0000
953.5000
954.5000
955.0000
953.0000
954.0000
954.5000
954.0000
953.0000
954.0000
955.0000
954.0000
953.5000
953.5000
955.0000
953.5000
953.5000
953.5000
954.0000
955.0000
954.0000
953.0000
953.0000
954.0000
954.0000
954.0000
953.0000
954.0000
954.5000
953.5000
953.5000
953.0000
954.5000
954.5000
954.0000
953.0000
954.0000
955.0000
954.0000
953.0000
954.0000
955.0000
954.0000
953.0000
953.0000
954.5000
953.0000
953.5000
953.0000
954.0000
954.0000
953.5000
953.5000
954.0000
954.5000
953.0000
953.5000
954.5000
955.0000
953.0000
953.0000
954.0000
955.0000
953.0000
953.0000
954.0000
953.5000
953.0000
953.5000
955.0000
954.5000
953.5000
953.0000
954.0000
954.5000
954.0000
953.5000
954.5000
954.5000
953.5000
953.0000
954.0000
954.5000
953.5000
953.0000
953.5000
954.5000
954.0000
953.0000
953.5000
954.0000
953.0000
953.5000
954.0000
955.0000
953.0000
953.5000
954.0000
954.0000
954.5000
953.5000
953.5000
954.0000
953.5000
953.0000
953.5000
954.0000
953.0000
953.5000
953.5000
954.0000
953.5000
953.0000
953.5000
955.0000
954.0000
953.0000
953.0000
955.0000
953.0000
953.0000
953.5000
954.0000
953.5000
953.0000
953.5000
954.0000
954.5000
953.0000
953.5000
954.0000
955.0000
954.0000
953.0000
954.5000
953.0000
953.0000
954.0000
954.5000
953.5000
953.5000
954.5000
953.5000
953.5000
954.0000
954.5000
954.0000
953.0000
954.0000
954.0000
953.0000
953.0000
954.0000
954.0000
953.5000
953.5000
954.0000
954.5000
953.5000
953.0000
954.0000
954.0000
954.5000
953.0000
953.5000
954.5000
955.0000
953.0000
953.0000
955.0000
954.5000
954.0000
953.0000
954.0000
954.5000
953.5000
953.0000
954.0000
955.0000
953.0000
953.5000
954.0000
955.0000
953.0000
953.5000
954.5000
955.0000
953.0000
954.0000
954.5000
955.0000
953.0000
953.0000
954.0000
954.0000
953.5000
953.0000
954.0000
954.0000
953.0000
953.0000
954.0000
953.5000
953.0000
953.5000
954.5000
953.5000
953.0000
953.5000
953.5000
955.0000
954.0000
953.5000
953.0000
955.0000
954.0000
954.0000
953.5000
953.0000
954.5000
954.5000
954.0000
953.0000
954.0000
955.0000
954.0000
953.0000
953.5000
955.0000
954.0000
953.5000
953.0000
955.0000
954.0000
954.0000
953.0000
953.5000
954.5000
954.5000
953.0000
953.5000
954.5000
954.5000
954.0000
953.0000
953.5000
954.0000
955.0000
953.0000
953.5000
954.0000
955.0000
954.0000
953.0000
954.0000
955.0000
953.5000
953.5000
953.5000
954.5000
955.0000
953.0000
953.5000
954.5000
955.0000
953.0000
953.5000
953.0000
954.5000
954.0000
953.0000
953.5000
954.0000
955.0000
954.0000
953.0000
954.0000
955.0000
954.5000
953.0000
954.0000
954.5000
954.5000
953.5000
953.5000
953.5000
954.5000
954.5000
953.0000
953.5000
954.5000
955.0000
953.0000
953.0000
954.0000
955.0000
953.0000
953.5000
953.5000
955.0000
954.0000
953.0000
954.0000
955.0000
953.0000
953.0000
954.0000
954.5000
954.0000
953.0000
953.5000
955.0000
954.0000
953.5000
953.5000
954.0000
953.5000
954.0000
954.0000
953.5000
953.5000
954.5000
954.0000
954.5000
953.0000
954.0000
954.5000
954.5000
953.0000
954.0000
953.5000
954.5000
953.0000
954.0000
954.5000
954.0000
953.0000
954.0000
955.0000
954.0000
953.0000
953.5000
955.0000
954.0000
953.5000
953.0000
954.0000
954.5000
955.0000
953.0000
954.0000
954.5000
954.0000
953.0000
953.5000
954.0000
954.0000
953.5000
953.0000
953.5000
954.5000
954.5000
953.0000
954.0000
954.0000
953.0000
953.5000
955.0000
954.0000
953.0000
953.0000
955.0000
954.0000
953.5000
953.0000
955.0000
954.0000
953.0000
953.0000
955.0000
954.5000
953.5000
953.0000
954.5000
953.0000
953.0000
953.0000
954.0000
953.5000
953.5000
954.0000
954.5000
953.5000
953.5000
954.0000
954.0000
953.5000
953.0000
953.0000
954.5000
953.5000
953.5000
953.5000
954.0000
955.0000
954.0000
953.5000
954.0000
955.0000
954.0000
953.0000
954.0000
955.0000
954.0000
953.0000
953.5000
954.5000
954.0000
953.0000
752.0000
586.0000
506.0000
468.0000
449.0000
440.0000
435.0000
432.5000
430.5000
429.5000
429.0000
428.5000
428.5000
428.0000
427.0000
428.0000
428.0000
427.5000
427.0000
427.0000
427.0000
427.0000
427.0000
426.5000
426.0000
427.0000
427.0000
427.0000
426.5000
426.0000
426.0000
426.0000
427.0000
426.5000
426.5000
426.0000
426.0000
426.0000
426.0000
426.0000
426.0000
426.0000
426.0000
426.0000
426.0000
425.5000
426.0000
426.0000
426.0000
426.0000
426.0000
426.0000
426.0000
425.5000
426.0000
426.0000
426.0000
425.5000
425.5000
425.0000
426.0000
426.0000
425.5000
425.0000
425.5000
425.5000
426.0000
425.5000
425.0000
425.5000
426.0000
426.0000
425.0000
425.0000
425.0000
425.5000
426.0000
426.0000
425.0000
425.0000
425.0000
425.0000
426.0000
426.0000
425.5000
425.0000
425.0000
425.5000
425.0000
426.0000
425.0000
425.0000
433.5000
429.5000
427.5000
427.0000
426.0000
425.0000
425.0000
425.5000
426.0000
425.5000
425.5000
425.0000
425.0000
425.5000
426.0000
425.0000
425.0000
425.0000
425.5000
425.0000
426.0000
426.0000
425.5000
425.0000
425.0000
425.0000
425.5000
425.0000
425.5000
425.0000
425.0000
425.0000
425.5000
425.0000
425.0000
425.0000
425.0000
425.0000
425.0000
426.0000
425.5000
425.0000
425.0000
425.0000
425.0000
425.0000
425.0000
425.0000
425.0000
425.0000
425.0000
425.0000
425.0000
425.0000
425.0000
425.0000
425.0000
425.0000
425.5000
425.0000
425.0000
425.0000
425.0000
425.0000
425.0000
425.0000
425.0000
425.0000
425.0000
425.0000
425.5000
425.0000
425.0000
425.0000
425.0000
425.0000
425.0000
425.0000
425.0000
425.0000
425.0000
425.0000
425.5000
425.0000
425.0000
425.0000
425.0000
425.0000
425.0000
425.0000
425.0000
425.0000
425.0000
425.0000
425.0000
425.0000
425.0000
425.0000
425.0000
425.0000
425.0000
425.0000
425.0000
425.0000
425.0000
425.0000
425.0000
425.0000
425.0000
424.5000
424.5000
425.0000
425.0000
425.0000
425.0000
424.5000
425.0000
424.5000
425.0000
425.0000
425.0000
424.5000
424.5000
425.0000
425.0000
425.0000
425.0000
424.5000
424.5000
425.0000
425.0000
425.0000
425.0000
425.0000
424.5000
425.0000
425.0000
425.0000
425.0000
425.0000
424.5000
425.0000
425.0000
425.0000
425.0000
425.0000
424.5000
425.0000
425.0000
425.0000
425.0000
425.0000
425.0000
425.0000
424.5000
425.0000
425.0000
425.0000
425.0000
425.0000
425.0000
424.5000
425.0000
425.0000
425.0000
424.0000
425.0000
425.0000
425.0000
424.5000
425.0000
424.0000
424.5000
424.5000
425.0000
425.0000
424.5000
424.5000
425.0000
425.0000
425.0000
424.5000
425.0000
425.0000
425.0000
425.0000
424.5000
424.0000
425.0000
425.0000
425.0000
425.0000
424.5000
425.0000
425.0000
425.0000
424.0000
425.0000
425.0000
425.0000
425.0000
425.0000
424.0000
424.5000
424.5000
425.0000
424.5000
424.0000
424.5000
425.0000
425.0000
425.0000
425.0000
424.0000
425.0000
425.0000
425.0000
424.0000
425.0000
424.5000
425.0000
425.0000
425.0000
424.5000
424.5000
424.5000
425.0000
424.5000
425.0000
425.0000
425.0000
425.0000
424.5000
425.0000
425.0000
425.0000
425.0000
424.5000
424.5000
425.0000
425.0000
425.0000
424.5000
424.5000
425.0000
425.0000
425.0000
425.0000
424.5000
425.0000
425.0000
425.0000
424.5000
424.0000
424.0000
425.0000
425.0000
425.0000
424.0000
425.0000
424.5000
425.0000
425.0000
425.0000
424.0000
425.0000
425.0000
424.5000
425.0000
424.0000
424.5000
425.0000
425.0000
424.5000
425.0000
424.5000
424.5000
425.0000
424.5000
425.0000
425.0000
424.0000
424.0000
425.0000
425.0000
425.0000
425.0000
424.5000
424.5000
424.5000
425.0000
425.0000
425.0000
425.0000
424.0000
425.0000
425.0000
425.0000
424.0000
424.5000
424.5000
425.0000
425.0000
425.0000
424.5000
424.5000
425.0000
425.0000
425.0000
424.0000
424.5000
425.0000
425.0000
424.5000
425.0000
424.0000
424.5000
424.5000
425.0000
424.5000
424.5000
424.0000
424.5000
424.5000
425.0000
424.5000
424.5000
424.0000
424.5000
425.0000
425.0000
425.0000
424.0000
424.0000
424.5000
425.0000
425.0000
424.5000
424.5000
424.5000
424.5000
425.0000
425.0000
425.0000
424.0000
424.0000
425.0000
425.0000
425.0000
425.0000
424.0000
424.0000
425.0000
425.0000
425.0000
424.5000
424.5000
424.0000
424.5000
425.0000
425.0000
424.5000
424.5000
424.5000
425.0000
425.0000
425.0000
424.0000
425.0000
425.0000
425.0000
425.0000
425.0000
424.0000
424.5000
424.5000
425.0000
425.0000
425.0000
424.5000
424.0000
425.0000
424.5000
425.0000
425.0000
424.5000
424.5000
425.0000
425.0000
425.0000
424.5000
424.5000
424.5000
425.0000
425.0000
425.0000
424.0000
425.0000
424.5000
425.0000
425.0000
424.5000
424.0000
424.5000
425.0000
425.0000
425.0000
425.0000
424.0000
425.0000
424.0000
424.5000
425.0000
424.5000
424.5000
424.0000
424.0000
424.5000
425.0000
425.0000
424.0000
424.0000
425.0000
425.0000
425.0000
425.0000
425.0000
424.0000
424.5000
425.0000
425.0000
425.0000
425.0000
424.5000
424.5000
424.5000
425.0000
425.0000
424.0000
424.0000
424.0000
425.0000
425.0000
425.0000
424.0000
425.0000
425.0000
425.0000
424.0000
424.5000
424.5000
425.0000
425.0000
424.0000
424.0000
424.5000
424.5000
425.0000
425.0000
424.0000
424.0000
424.5000
425.0000
425.0000
425.0000
424.0000
424.0000
424.0000
425.0000
425.0000
425.0000
424.0000
424.0000
425.0000
425.0000
424.5000
424.5000
424.0000
424.0000
424.5000
424.5000
425.0000
424.5000
424.5000
424.0000
425.0000
425.0000
425.0000
424.5000
425.0000
424.0000
424.0000
424.0000
425.0000
425.0000
425.0000
424.5000
424.5000
424.5000
424.5000
425.0000
425.0000
424.5000
424.5000
424.0000
424.5000
424.5000
425.0000
425.0000
424.5000
424.5000
424.0000
424.5000
425.0000
425.0000
424.5000
424.5000
424.0000
424.0000
424.5000
425.0000
425.0000
425.0000
424.0000
425.0000
424.0000
424.0000
424.5000
424.5000
424.5000
425.0000
425.0000
425.0000
424.5000
424.0000
424.0000
424.5000
424.0000
425.0000
425.0000
424.5000
424.5000
424.0000
424.0000
424.5000
425.0000
425.0000
425.0000
424.5000
424.0000
424.5000
425.0000
425.0000
424.5000
424.5000
424.0000
425.0000
425.0000
424.5000
424.5000
424.0000
425.0000
425.0000
425.0000
424.5000
425.0000
425.0000
425.0000
425.0000
424.0000
424.0000
424.5000
425.0000
425.0000
424.5000
424.0000
425.0000
425.0000
424.5000
424.0000
424.5000
424.5000
425.0000
425.0000
424.0000
424.0000
425.0000
424.5000
424.5000
424.5000
424.5000
424.5000
424.0000
424.5000
424.0000
425.0000
425.0000
425.0000
424.5000
424.5000
424.0000
425.0000
425.0000
425.0000
424.5000
424.5000
424.0000
424.5000
424.0000
424.5000
425.0000
424.5000
425.0000
425.0000
425.0000
425.0000
424.0000
424.0000
424.0000
424.5000
425.0000
425.0000
425.0000
425.0000
425.0000
424.5000
424.5000
425.0000
424.5000
424.5000
424.5000
424.5000
424.5000
424.0000
425.0000
425.0000
425.0000
425.0000
424.5000
424.0000
424.5000
424.5000
425.0000
425.0000
424.0000
424.0000
424.0000
424.5000
424.0000
425.0000
425.0000
425.0000
424.5000
424.0000
424.5000
424.0000
425.0000
425.0000
425.0000
425.0000
424.0000
424.0000
424.5000
424.0000
425.0000
425.0000
424.5000
425.0000
424.5000
424.0000
424.0000
424.0000
425.0000
425.0000
425.0000
425.0000
425.0000
424.5000
424.5000
425.0000
425.0000
425.0000
425.0000
424.5000
424.0000
424.5000
425.0000
425.0000
425.0000
425.0000
424.0000
424.0000
424.0000
424.5000
425.0000
425.0000
424.5000
424.0000
424.0000
424.5000
424.5000
425.0000
424.5000
424.5000
424.0000
424.5000
425.0000
425.0000
424.0000
424.5000
424.5000
425.0000
425.0000
424.5000
424.0000
424.5000
425.0000
424.5000
424.0000
424.5000
425.0000
424.5000
425.0000
424.0000
424.5000
424.0000
425.0000
425.0000
424.0000
424.0000
424.0000
425.0000
425.0000
424.0000
424.0000
424.0000
425.0000
425.0000
424.5000
424.0000
424.5000
424.5000
425.0000
424.5000
424.0000
424.0000
425.0000
425.0000
425.0000
424.5000
424.0000
425.0000
425.0000
425.0000
425.0000
424.0000
424.0000
424.5000
425.0000
425.0000
424.5000
424.0000
424.5000
425.0000
425.0000
425.0000
424.0000
424.0000
425.0000
424.0000
425.0000
424.5000
425.0000
425.0000
424.0000
424.0000
424.5000
425.0000
424.5000
424.5000
424.0000
424.0000
424.5000
425.0000
425.0000
425.0000
424.0000
425.0000
425.0000
425.0000
425.0000
425.0000
424.0000
425.0000
424.5000
425.0000
425.0000
424.5000
424.0000
424.5000
425.0000
425.0000
424.0000
425.0000
424.0000
424.5000
424.0000
424.5000
424.0000
424.5000
425.0000
425.0000
424.0000
424.0000
424.0000
425.0000
425.0000
425.0000
425.0000
424.0000
424.0000
424.0000
425.0000
425.0000
424.5000
424.0000
424.0000
424.5000
424.5000
425.0000
425.0000
424.0000
424.0000
424.5000
424.5000
425.0000
424.5000
424.0000
424.0000
424.5000
425.0000
425.0000
424.5000
424.0000
424.0000
424.5000
425.0000
425.0000
424.5000
424.5000
424.0000
425.0000
425.0000
424.5000
424.5000
424.0000
424.5000
424.5000
425.0000
425.0000
424.5000
424.5000
424.5000
425.0000
425.0000
424.0000
424.0000
424.0000
424.5000
425.0000
425.0000
424.0000
424.0000
424.5000
425.0000
424.5000
424.5000
424.0000
424.0000
424.0000
425.0000
425.0000
424.5000
424.0000
424.0000
425.0000
425.0000
425.0000
424.5000
424.0000
424.0000
424.0000
425.0000
425.0000
424.5000
424.5000
424.0000
425.0000
425.0000
424.5000
424.0000
424.0000
425.0000
425.0000
424.5000
424.0000
424.0000
425.0000
425.0000
425.0000
424.0000
424.5000
425.0000
424.0000
424.5000
424.5000
425.0000
425.0000
424.5000
424.0000
424.0000
424.5000
425.0000
425.0000
425.0000
424.0000
424.0000
424.5000
425.0000
425.0000
424.0000
424.5000
424.0000
425.0000
425.0000
424.5000
424.5000
424.0000
424.5000
425.0000
425.0000
424.5000
424.0000
424.0000
424.0000
425.0000
425.0000
424.5000
424.0000
425.0000
424.5000
424.5000
425.0000
425.0000
425.0000
424.0000
424.0000
424.5000
424.5000
425.0000
425.0000
424.0000
424.0000
425.0000
424.0000
425.0000
425.0000
424.0000
424.0000
424.0000
425.0000
425.0000
424.5000
424.0000
425.0000
425.0000
425.0000
424.0000
424.5000
424.0000
425.0000
424.5000
425.0000
424.0000
424.0000
424.5000
425.0000
425.0000
424.0000
424.5000
425.0000
424.5000
424.0000
425.0000
425.0000
424.5000
424.5000
424.0000
425.0000
425.0000
425.0000
424.0000
424.0000
424.0000
424.5000
425.0000
425.0000
425.0000
424.0000
424.5000
424.5000
425.0000
424.0000
424.0000
424.0000
425.0000
425.0000
424.5000
424.5000
424.0000
424.5000
425.0000
425.0000
424.5000
424.0000
424.0000
425.0000
425.0000
424.5000
424.0000
424.0000
425.0000
425.0000
424.5000
424.0000
424.0000
424.5000
425.0000
425.0000
424.5000
424.0000
424.5000
424.5000
425.0000
424.5000
424.0000
424.5000
424.5000
424.5000
424.5000
424.0000
425.0000
425.0000
425.0000
425.0000
424.0000
424.5000
425.0000
424.5000
425.0000
424.0000
425.0000
425.0000
424.5000
424.0000
424.0000
425.0000
425.0000
424.5000
424.0000
424.5000
424.5000
425.0000
424.5000
424.0000
424.5000
425.0000
425.0000
424.5000
424.0000
425.0000
425.0000
424.5000
424.5000
424.0000
425.0000
425.0000
425.0000
424.5000
424.0000
424.5000
425.0000
425.0000
424.0000
424.5000
424.0000
425.0000
425.0000
424.5000
424.5000
424.0000
425.0000
425.0000
424.5000
424.0000
424.0000
425.0000
425.0000
424.5000
424.0000
424.0000
425.0000
424.5000
425.0000
424.5000
424.5000
424.0000
424.0000
425.0000
425.0000
424.5000
424.0000
424.5000
424.5000
425.0000
425.0000
424.5000
424.0000
425.0000
425.0000
425.0000
424.0000
425.0000
424.0000
425.0000
425.0000
424.5000
425.0000
425.0000
424.5000
424.0000
424.0000
425.0000
425.0000
425.0000
424.5000
424.0000
424.0000
424.0000
425.0000
425.0000
424.0000
424.0000
425.0000
425.0000
425.0000
424.0000
424.0000
424.0000
425.0000
425.0000
424.0000
424.0000
425.0000
425.0000
424.5000
424.5000
424.0000
424.0000
425.0000
425.0000
424.0000
424.5000
424.5000
425.0000
424.0000
424.0000
424.5000
424.0000
425.0000
425.0000
424.5000
424.5000
424.5000
425.0000
424.5000
424.5000
424.0000
424.5000
424.5000
425.0000
424.5000
424.0000
425.0000
425.0000
425.0000
424.0000
424.0000
424.5000
425.0000
424.5000
425.0000
424.5000
424.0000
424.5000
425.0000
424.5000
424.5000
424.0000
425.0000
425.0000
425.0000
424.0000
424.5000
424.5000
425.0000
425.0000
424.5000
424.0000
425.0000
425.0000
424.5000
424.0000
424.0000
425.0000
425.0000
424.5000
424.0000
424.0000
425.0000
424.5000
424.5000
424.5000
424.0000
425.0000
425.0000
425.0000
424.0000
425.0000
424.5000
424.5000
425.0000
424.0000
425.0000
424.5000
425.0000
424.5000
424.5000
424.5000
425.0000
425.0000
424.5000
425.0000
424.0000
425.0000
425.0000
424.5000
425.0000
424.0000
424.0000
424.5000
425.0000
425.0000
425.0000
424.5000
424.0000
424.0000
425.0000
425.0000
425.0000
425.0000
424.0000
424.0000
424.5000
425.0000
425.0000
425.0000
424.5000
424.0000
424.5000
424.5000
425.0000
425.0000
424.0000
424.0000
424.0000
424.0000
425.0000
425.0000
424.5000
424.5000
424.0000
424.5000
424.5000
425.0000
425.0000
424.5000
424.5000
424.0000
424.5000
425.0000
425.0000
424.5000
424.0000
424.0000
424.5000
425.0000
425.0000
425.0000
424.5000
424.0000
424.0000
424.0000
425.0000
424.5000
425.0000
424.0000
424.5000
425.0000
424.0000
424.0000
424.0000
424.5000
425.0000
425.0000
425.0000
425.0000
424.0000
424.0000
424.0000
424.0000
425.0000
425.0000
424.5000
424.0000
424.0000
424.0000
425.0000
425.0000
424.0000
424.5000
424.0000
424.0000
424.5000
425.0000
425.0000
424.5000
424.5000
424.0000
424.5000
425.0000
425.0000
424.5000
424.5000
424.5000
425.0000
425.0000
424.5000
424.0000
424.0000
424.5000
425.0000
424.5000
424.5000
424.0000
424.5000
425.0000
425.0000
424.5000
424.0000
424.0000
424.0000
424.5000
425.0000
425.0000
424.0000
424.0000
424.5000
425.0000
425.0000
425.0000
424.5000
424.0000
424.5000
425.0000
425.0000
424.5000
424.0000
425.0000
425.0000
425.0000
425.0000
424.5000
424.0000
424.5000
425.0000
425.0000
424.5000
424.0000
424.0000
425.0000
425.0000
425.0000
424.0000
424.0000
425.0000
424.5000
425.0000
424.0000
424.0000
424.5000
424.5000
425.0000
425.0000
424.5000
424.5000
425.0000
425.0000
424.5000
424.5000
424.0000
424.0000
425.0000
424.5000
425.0000
424.0000
424.0000
425.0000
424.5000
425.0000
424.0000
424.0000
425.0000
424.5000
424.5000
424.0000
424.0000
424.0000
425.0000
425.0000
424.0000
424.0000
424.0000
424.5000
425.0000
424.5000
424.0000
424.0000
425.0000
425.0000
424.5000
424.0000
424.0000
425.0000
424.5000
424.5000
424.0000
424.0000
424.5000
425.0000
424.5000
424.5000
424.0000
424.5000
425.0000
425.0000
424.5000
424.5000
424.0000
424.5000
425.0000
424.5000
424.5000
424.0000
425.0000
425.0000
425.0000
424.0000
424.0000
424.5000
425.0000
424.5000
424.5000
424.0000
424.0000
424.5000
425.0000
424.5000
425.0000
424.0000
424.5000
425.0000
425.0000
424.0000
424.0000
424.0000
424.5000
425.0000
425.0000
425.0000
424.0000
424.0000
425.0000
425.0000
425.0000
424.5000
424.5000
425.0000
425.0000
424.5000
424.0000
424.0000
424.5000
425.0000
424.0000
424.5000
424.0000
424.5000
425.0000
425.0000
424.5000
424.0000
424.5000
425.0000
425.0000
424.0000
424.0000
424.0000
425.0000
425.0000
424.5000
424.0000
424.5000
425.0000
424.0000
424.5000
424.5000
424.5000
424.5000
424.0000
424.5000
425.0000
425.0000
424.5000
424.5000
424.5000
425.0000
425.0000
425.0000
424.5000
424.0000
424.0000
425.0000
425.0000
425.0000
424.0000
424.5000
425.0000
425.0000
424.5000
424.5000
424.5000
425.0000
424.5000
424.0000
424.0000
425.0000
425.0000
425.0000
424.0000
424.0000
424.0000
425.0000
425.0000
424.0000
424.0000
424.0000
425.0000
425.0000
424.5000
424.0000
424.0000
425.0000
424.5000
425.0000
425.0000
424.5000
424.0000
424.0000
425.0000
425.0000
424.5000
424.5000
424.0000
425.0000
425.0000
425.0000
425.0000
424.5000
424.0000
424.0000
425.0000
425.0000
424.5000
424.0000
424.5000
424.5000
424.5000
425.0000
424.5000
424.5000
424.0000
424.5000
424.5000
425.0000
425.0000
424.0000
424.5000
424.5000
425.0000
425.0000
424.0000
424.0000
424.5000
425.0000
424.5000
424.0000
424.0000
425.0000
425.0000
424.0000
424.0000
424.0000
424.5000
425.0000
424.5000
424.5000
424.5000
425.0000
425.0000
425.0000
424.5000
424.5000
425.0000
425.0000
424.0000
424.0000
424.5000
425.0000
425.0000
424.0000
424.0000
424.0000
425.0000
424.0000
424.0000
424.5000
424.5000
425.0000
425.0000
424.0000
424.0000
424.5000
425.0000
425.0000
424.5000
424.0000
424.0000
424.0000
424.5000
425.0000
425.0000
424.0000
424.5000
424.5000
424.5000
425.0000
424.5000
424.0000
424.5000
424.5000
424.0000
425.0000
425.0000
425.0000
424.0000
424.5000
425.0000
425.0000
424.0000
424.0000
424.0000
425.0000
424.5000
424.0000
424.0000
424.5000
424.5000
425.0000
424.5000
424.0000
424.5000
424.5000
425.0000
424.5000
424.5000
424.0000
424.0000
425.0000
425.0000
424.0000
424.5000
424.5000
424.5000
424.0000
424.0000
425.0000
424.5000
424.5000
425.0000
424.0000
424.5000
424.5000
425.0000
425.0000
425.0000
424.0000
425.0000
425.0000
425.0000
425.0000
424.0000
424.5000
424.5000
425.0000
424.5000
424.0000
424.0000
425.0000
424.5000
424.5000
424.0000
424.0000
424.5000
424.5000
425.0000
424.5000
424.0000
424.5000
424.5000
425.0000
424.5000
424.5000
424.5000
425.0000
425.0000
424.5000
424.0000
424.5000
425.0000
424.0000
424.5000
424.5000
424.5000
425.0000
424.5000
424.5000
424.0000
424.0000
424.5000
425.0000
424.5000
424.0000
425.0000
425.0000
424.5000
424.5000
424.0000
425.0000
425.0000
425.0000
424.5000
424.0000
424.5000
424.5000
425.0000
425.0000
424.5000
424.5000
425.0000
425.0000
424.5000
424.5000
424.0000
424.5000
425.0000
425.0000
424.0000
424.0000
424.0000
425.0000
425.0000
424.5000
424.0000
424.5000
425.0000
425.0000
424.5000
424.0000
424.0000
424.5000
425.0000
424.5000
425.0000
424.0000
425.0000
425.0000
424.5000
424.0000
424.5000
424.5000
425.0000
424.5000
424.0000
425.0000
425.0000
425.0000
424.0000
424.5000
424.5000
425.0000
425.0000
424.5000
424.0000
424.0000
425.0000
425.0000
424.0000
424.0000
425.0000
425.0000
425.0000
424.5000
424.0000
424.5000
424.5000
425.0000
424.0000
424.5000
425.0000
425.0000
425.0000
424.0000
424.0000
424.5000
425.0000
425.0000
424.0000
424.0000
424.0000
424.0000
425.0000
425.0000
424.0000
424.0000
424.5000
425.0000
425.0000
424.0000
424.0000
424.5000
425.0000
425.0000
424.0000
424.0000
424.0000
424.5000
425.0000
424.5000
424.0000
424.0000
424.0000
425.0000
425.0000
424.0000
424.0000
424.5000
425.0000
425.0000
424.0000
424.0000
425.0000
425.0000
424.0000
424.0000
425.0000
424.5000
424.0000
424.5000
425.0000
424.5000
424.0000
424.0000
424.5000
425.0000
425.0000
424.5000
424.5000
424.0000
425.0000
424.0000
424.5000
424.5000
424.0000
425.0000
424.5000
424.5000
424.0000
424.0000
425.0000
424.5000
424.0000
424.0000
425.0000
424.5000
424.5000
424.0000
425.0000
425.0000
424.5000
424.0000
424.0000
425.0000
425.0000
425.0000
424.0000
424.0000
425.0000
424.5000
424.5000
424.0000
425.0000
425.0000
424.5000
424.5000
424.0000
424.5000
425.0000
425.0000
424.0000
424.0000
425.0000
425.0000
425.0000
424.0000
424.0000
425.0000
425.0000
424.0000
424.0000
425.0000
425.0000
424.5000
424.0000
424.0000
425.0000
425.0000
424.5000
424.0000
425.0000
425.0000
424.5000
424.5000
424.5000
425.0000
425.0000
424.0000
424.5000
424.0000
425.0000
425.0000
424.0000
424.5000
424.0000
425.0000
424.0000
424.0000
424.5000
425.0000
424.5000
424.0000
425.0000
425.0000
424.5000
424.0000
425.0000
425.0000
424.5000
425.0000
424.0000
425.0000
425.0000
424.0000
424.0000
424.0000
425.0000
424.5000
424.5000
424.0000
425.0000
425.0000
424.0000
424.0000
424.5000
425.0000
425.0000
424.0000
425.0000
425.0000
424.5000
424.0000
424.0000
424.5000
425.0000
425.0000
424.0000
425.0000
425.0000
424.5000
424.0000
424.5000
425.0000
425.0000
425.0000
424.0000
424.5000
425.0000
424.5000
425.0000
424.0000
425.0000
425.0000
425.0000
424.5000
424.0000
425.0000
425.0000
424.0000
424.5000
424.5000
425.0000
425.0000
424.0000
424.0000
424.5000
424.5000
425.0000
424.0000
424.0000
424.0000
424.0000
425.0000
425.0000
424.5000
424.5000
424.0000
424.0000
425.0000
425.0000
425.0000
424.0000
424.0000
424.5000
425.0000
424.5000
424.0000
424.0000
424.5000
425.0000
424.0000
424.0000
425.0000
425.0000
425.0000
424.0000
424.0000
425.0000
424.5000
424.5000
424.0000
425.0000
425.0000
424.5000
424.0000
424.0000
425.0000
425.0000
424.5000
424.0000
424.5000
425.0000
425.0000
424.0000
424.5000
424.5000
424.5000
424.0000
424.5000
425.0000
424.5000
424.5000
424.0000
425.0000
425.0000
424.0000
424.0000
424.0000
425.0000
424.5000
425.0000
424.0000
425.0000
425.0000
424.5000
424.0000
424.0000
425.0000
425.0000
424.5000
424.0000
424.5000
425.0000
424.5000
424.0000
424.0000
425.0000
425.0000
424.5000
424.0000
424.0000
425.0000
425.0000
424.5000
424.0000
424.0000
425.0000
425.0000
424.0000
424.5000
425.0000
425.0000
424.0000
424.5000
424.0000
425.0000
424.5000
424.5000
424.0000
424.0000
425.0000
425.0000
424.5000
424.5000
425.0000
425.0000
424.0000
424.0000
424.5000
425.0000
425.0000
424.0000
424.0000
424.5000
425.0000
424.5000
424.0000
425.0000
425.0000
424.5000
424.5000
424.0000
425.0000
424.0000
424.0000
424.5000
425.0000
425.0000
424.0000
424.0000
424.5000
425.0000
424.5000
424.0000
425.0000
425.0000
425.0000
424.0000
424.5000
425.0000
424.5000
424.5000
424.0000
425.0000
425.0000
424.5000
424.5000
424.0000
425.0000
424.5000
424.5000
424.5000
425.0000
425.0000
424.5000
424.5000
424.5000
425.0000
425.0000
424.5000
425.0000
425.0000
425.0000
424.0000
424.0000
424.0000
425.0000
424.5000
424.0000
424.0000
424.5000
425.0000
424.5000
424.5000
424.5000
425.0000
424.5000
424.0000
424.5000
425.0000
424.5000
424.5000
424.0000
425.0000
424.0000
424.0000
424.0000
424.5000
425.0000
424.5000
424.0000
424.0000
425.0000
425.0000
424.5000
424.0000
424.0000
425.0000
425.0000
424.0000
424.0000
424.5000
425.0000
425.0000
424.0000
424.5000
424.5000
424.0000
424.0000
425.0000
425.0000
425.0000
424.0000
424.0000
425.0000
424.5000
424.5000
424.0000
424.5000
425.0000
425.0000
424.0000
424.0000
424.5000
425.0000
425.0000
424.0000
424.0000
424.5000
425.0000
425.0000
424.0000
424.0000
424.0000
425.0000
424.5000
424.5000
424.0000
424.0000
425.0000
425.0000
424.5000
424.0000
424.5000
425.0000
425.0000
424.0000
424.0000
425.0000
425.0000
424.0000
424.0000
424.0000
425.0000
425.0000
424.5000
424.0000
424.0000
425.0000
425.0000
424.5000
424.0000
424.0000
425.0000
425.0000
425.0000
425.0000
424.0000
424.0000
425.0000
425.0000
425.0000
424.5000
424.0000
424.0000
424.5000
425.0000
425.0000
424.5000
424.5000
424.0000
424.0000
425.0000
425.0000
425.0000
424.0000
424.0000
424.5000
425.0000
425.0000
424.5000
424.0000
424.0000
424.5000
425.0000
424.0000
425.0000
424.0000
424.0000
425.0000
424.5000
425.0000
425.0000
424.0000
424.0000
424.0000
425.0000
425.0000
424.5000
424.5000
424.0000
424.0000
424.0000
425.0000
424.5000
424.5000
424.0000
424.0000
425.0000
424.5000
425.0000
425.0000
424.5000
424.5000
424.0000
424.0000
424.5000
425.0000
425.0000
425.0000
424.5000
424.0000
424.0000
424.5000
424.0000
424.5000
425.0000
425.0000
424.5000
424.0000
424.5000
425.0000
425.0000
424.5000
424.0000
424.5000
424.5000
424.0000
424.5000
424.0000
424.5000
424.0000
424.0000
424.0000
425.0000
425.0000
424.0000
424.0000
424.5000
424.5000
425.0000
424.5000
424.0000
424.5000
424.5000
425.0000
425.0000
424.5000
424.0000
424.5000
424.5000
425.0000
424.5000
424.0000
424.0000
424.5000
424.5000
424.5000
424.5000
424.0000
424.0000
425.0000
425.0000
425.0000
424.0000
424.5000
425.0000
425.0000
424.5000
424.0000
424.0000
425.0000
425.0000
425.0000
424.5000
424.0000
424.0000
424.0000
425.0000
425.0000
424.5000
424.0000
424.5000
424.5000
425.0000
424.5000
424.0000
424.5000
425.0000
425.0000
424.0000
424.0000
424.0000
425.0000
425.0000
424.5000
424.0000
424.0000
425.0000
424.5000
424.0000
424.0000
424.5000
425.0000
425.0000
424.0000
424.5000
424.5000
425.0000
424.5000
424.0000
424.0000
424.0000
425.0000
424.5000
424.0000
424.0000
424.5000
425.0000
424.5000
424.0000
424.0000
424.5000
424.5000
425.0000
424.0000
424.0000
424.5000
424.5000
425.0000
424.5000
424.5000
424.0000
424.0000
425.0000
425.0000
424.5000
424.0000
424.5000
424.5000
424.5000
425.0000
424.0000
424.5000
425.0000
424.5000
424.0000
424.0000
425.0000
425.0000
424.0000
424.0000
425.0000
425.0000
424.5000
424.0000
424.5000
425.0000
424.5000
424.0000
424.0000
425.0000
425.0000
424.0000
424.0000
424.5000
425.0000
424.5000
424.5000
424.0000
424.5000
425.0000
424.5000
424.0000
424.0000
425.0000
424.5000
425.0000
424.0000
425.0000
424.5000
424.5000
424.0000
424.0000
425.0000
425.0000
424.0000
424.5000
424.5000
425.0000
424.5000
424.0000
424.5000
425.0000
425.0000
424.0000
424.5000
424.5000
425.0000
424.5000
424.0000
424.0000
424.5000
424.0000
424.0000
424.0000
424.5000
425.0000
424.5000
424.0000
424.5000
424.0000
425.0000
424.5000
424.0000
424.0000
424.5000
425.0000
424.5000
424.5000
424.5000
425.0000
424.0000
424.5000
425.0000
425.0000
424.0000
425.0000
425.0000
425.0000
424.0000
424.5000
424.0000
425.0000
424.5000
424.0000
424.5000
425.0000
425.0000
424.0000
424.0000
424.5000
425.0000
424.0000
424.0000
424.0000
425.0000
424.0000
424.5000
424.5000
425.0000
424.5000
424.5000
425.0000
425.0000
424.0000
424.0000
424.5000
424.5000
425.0000
424.0000
424.0000
424.5000
424.5000
425.0000
424.0000
424.5000
424.5000
424.5000
425.0000
424.5000
424.0000
424.5000
424.5000
425.0000
424.0000
424.0000
424.5000
424.5000
425.0000
424.0000
424.5000
424.5000
425.0000
425.0000
424.0000
424.0000
424.5000
424.0000
425.0000
425.0000
424.0000
424.0000
424.0000
425.0000
424.0000
424.5000
424.5000
424.0000
425.0000
425.0000
424.5000
424.0000
424.0000
425.0000
425.0000
425.0000
424.0000
424.0000
424.5000
424.5000
424.5000
424.0000
424.0000
424.5000
424.5000
425.0000
424.5000
424.0000
424.5000
424.5000
425.0000
424.5000
425.0000
424.0000
424.0000
424.5000
425.0000
425.0000
424.5000
424.0000
424.0000
425.0000
424.5000
425.0000
424.0000
424.0000
425.0000
425.0000
425.0000
424.5000
424.5000
424.5000
424.5000
424.5000
425.0000
424.5000
424.5000
424.5000
424.5000
425.0000
425.0000
425.0000
424.5000
424.0000
424.0000
425.0000
425.0000
424.5000
424.0000
424.5000
425.0000
425.0000
424.0000
424.0000
424.5000
425.0000
424.0000
424.0000
425.0000
425.0000
424.0000
425.0000
425.0000
424.5000
424.0000
424.0000
424.5000
425.0000
424.5000
424.0000
425.0000
425.0000
425.0000
424.0000
425.0000
425.0000
424.5000
424.0000
424.0000
425.0000
425.0000
424.0000
425.0000
424.5000
425.0000
424.5000
425.0000
425.0000
424.0000
424.5000
425.0000
425.0000
424.0000
425.0000
425.0000
424.5000
424.0000
424.5000
425.0000
424.5000
424.5000
425.0000
425.0000
425.0000
424.0000
424.0000
424.5000
425.0000
424.5000
424.5000
424.5000
425.0000
425.0000
424.0000
424.5000
424.5000
424.5000
424.0000
424.0000
424.5000
425.0000
424.5000
425.0000
424.5000
425.0000
424.0000
424.5000
425.0000
425.0000
424.5000
424.5000
424.5000
425.0000
425.0000
424.5000
424.5000
424.0000
425.0000
425.0000
424.0000
424.0000
424.0000
425.0000
425.0000
424.5000
424.0000
424.5000
425.0000
424.5000
425.0000
424.0000
425.0000
425.0000
424.5000
424.0000
424.5000
425.0000
424.5000
424.0000
424.0000
425.0000
425.0000
424.5000
424.0000
424.0000
425.0000
425.0000
424.0000
424.5000
424.5000
425.0000
425.0000
425.0000
424.0000
424.0000
424.5000
425.0000
425.0000
424.0000
424.0000
424.5000
425.0000
425.0000
424.0000
424.0000
424.5000
425.0000
425.0000
424.0000
424.0000
424.5000
425.0000
425.0000
424.0000
424.0000
424.5000
425.0000
425.0000
424.0000
424.0000
424.5000
425.0000
425.0000
424.0000
424.5000
424.5000
425.0000
424.0000
424.0000
425.0000
424.5000
424.0000
424.5000
424.5000
424.5000
424.0000
424.0000
425.0000
425.0000
425.0000
424.5000
424.0000
425.0000
425.0000
425.0000
424.0000
424.0000
424.5000
425.0000
424.0000
424.0000
424.5000
424.5000
424.5000
424.0000
424.5000
425.0000
424.5000
424.0000
424.0000
425.0000
425.0000
424.5000
424.0000
425.0000
425.0000
424.5000
424.0000
424.0000
425.0000
424.5000
424.0000
424.0000
424.5000
424.5000
424.0000
424.5000
425.0000
425.0000
425.0000
425.0000
425.0000
426.0000
425.0000
425.0000
426.0000
425.0000
425.5000
425.0000
424.5000
425.0000
425.0000
425.0000
425.0000
425.5000
425.5000
424.0000
424.0000
424.5000
425.0000
424.0000
424.0000
424.0000
425.0000
425.0000
424.5000
424.0000
424.5000
425.0000
424.5000
424.0000
424.5000
425.0000
424.5000
424.0000
424.5000
424.5000
424.5000
425.0000
424.5000
424.5000
425.0000
424.5000
424.5000
424.0000
424.5000
425.0000
424.5000
424.5000
424.0000
425.0000
425.0000
424.5000
424.0000
424.0000
425.0000
425.0000
424.0000
424.0000
425.0000
425.0000
424.5000
424.0000
425.0000
425.0000
424.5000
424.0000
424.0000
425.0000
424.5000
424.0000
424.5000
424.5000
425.0000
424.0000
424.0000
425.0000
425.0000
425.0000
424.0000
424.0000
424.5000
425.0000
425.0000
424.0000
424.0000
424.0000
425.0000
425.0000
424.5000
424.0000
424.0000
425.0000
425.0000
425.0000
424.0000
424.5000
424.5000
425.0000
424.0000
424.0000
425.0000
425.0000
424.5000
424.0000
424.0000
425.0000
425.0000
425.0000
424.0000
424.0000
424.5000
425.0000
425.0000
424.0000
424.5000
424.5000
424.5000
424.0000
424.0000
425.0000
425.0000
424.5000
424.0000
424.0000
425.0000
424.5000
424.5000
424.5000
425.0000
424.0000
424.5000
424.0000
425.0000
425.0000
424.5000
424.0000
424.0000
425.0000
424.5000
424.0000
424.0000
425.0000
424.5000
424.5000
424.0000
425.0000
425.0000
424.5000
424.0000
424.0000
424.5000
425.0000
425.0000
424.0000
424.0000
424.5000
425.0000
425.0000
424.0000
424.0000
424.5000
425.0000
425.0000
424.0000
424.5000
424.0000
425.0000
425.0000
424.5000
424.5000
424.0000
425.0000
424.0000
425.0000
424.0000
424.0000
424.5000
425.0000
425.0000
424.0000
424.5000
424.5000
424.5000
424.0000
424.0000
424.5000
424.5000
424.5000
424.0000
424.0000
424.0000
424.5000
424.5000
424.0000
424.5000
425.0000
425.0000
424.0000
424.0000
425.0000
425.0000
424.5000
424.0000
424.5000
425.0000
424.5000
424.0000
425.0000
425.0000
424.5000
424.5000
425.0000
424.5000
424.5000
424.0000
424.5000
425.0000
424.0000
425.0000
425.0000
424.5000
424.0000
425.0000
425.0000
425.0000
424.5000
425.0000
424.5000
424.5000
424.5000
425.0000
424.5000
424.5000
424.5000
425.0000
424.5000
424.5000
425.0000
425.0000
425.0000
424.0000
424.0000
425.0000
424.5000
424.0000
424.0000
425.0000
425.0000
424.0000
424.0000
425.0000
425.0000
424.5000
424.0000
425.0000
425.0000
424.0000
424.0000
425.0000
425.0000
424.0000
424.5000
424.0000
425.0000
424.0000
424.0000
424.5000
425.0000
425.0000
424.0000
425.0000
425.0000
424.5000
424.5000
424.5000
424.5000
424.5000
424.5000
424.0000
425.0000
425.0000
424.0000
424.5000
425.0000
424.5000
424.0000
424.5000
424.5000
424.0000
424.0000
424.5000
425.0000
424.5000
424.0000
424.0000
424.5000
425.0000
425.0000
424.0000
424.5000
424.5000
425.0000
424.0000
424.0000
424.5000
425.0000
425.0000
424.0000
424.5000
424.5000
425.0000
424.0000
424.0000
425.0000
425.0000
424.0000
424.0000
424.5000
424.5000
425.0000
424.0000
425.0000
425.0000
425.0000
424.0000
425.0000
425.0000
424.5000
424.0000
424.5000
425.0000
424.5000
424.0000
424.0000
425.0000
425.0000
424.0000
424.0000
425.0000
425.0000
424.5000
424.5000
425.0000
424.5000
424.0000
424.5000
425.0000
425.0000
424.0000
424.5000
425.0000
424.5000
424.0000
424.5000
425.0000
425.0000
424.5000
424.0000
425.0000
425.0000
424.5000
424.0000
424.5000
425.0000
424.5000
425.0000
425.0000
424.0000
424.0000
424.5000
424.0000
424.5000
424.0000
424.5000
424.5000
425.0000
424.5000
424.0000
424.5000
425.0000
424.5000
424.0000
425.0000
425.0000
424.5000
424.0000
425.0000
425.0000
424.0000
424.0000
424.5000
424.5000
425.0000
424.0000
425.0000
425.0000
424.5000
424.5000
425.0000
425.0000
424.5000
424.0000
424.5000
425.0000
424.5000
424.0000
424.0000
424.5000
425.0000
424.5000
425.0000
425.0000
424.0000
424.5000
425.0000
424.5000
424.0000
425.0000
425.0000
424.5000
424.0000
425.0000
425.0000
424.5000
424.5000
425.0000
425.0000
424.0000
424.5000
425.0000
425.0000
424.5000
424.5000
425.0000
425.0000
424.0000
424.5000
425.0000
424.5000
424.5000
424.0000
424.0000
425.0000
425.0000
424.0000
424.5000
425.0000
425.0000
424.0000
425.0000
425.0000
425.0000
424.0000
424.5000
425.0000
424.5000
424.0000
424.0000
425.0000
424.5000
424.0000
424.5000
425.0000
424.0000
424.0000
424.0000
425.0000
424.5000
424.5000
424.5000
425.0000
424.5000
424.0000
424.5000
425.0000
424.5000
424.5000
424.5000
425.0000
424.5000
424.0000
425.0000
425.0000
424.5000
424.5000
424.0000
424.5000
424.5000
425.0000
424.0000
424.5000
424.5000
424.5000
425.0000
424.0000
424.5000
424.5000
425.0000
424.0000
424.0000
424.5000
425.0000
424.5000
424.0000
424.5000
425.0000
425.0000
424.0000
424.5000
425.0000
425.0000
424.5000
424.0000
425.0000
425.0000
424.5000
424.0000
424.0000
425.0000
425.0000
424.5000
424.5000
424.0000
425.0000
425.0000
424.0000
424.0000
425.0000
425.0000
424.5000
424.0000
425.0000
425.0000
424.5000
424.5000
424.5000
425.0000
424.5000
424.0000
424.0000
425.0000
424.5000
425.0000
424.0000
424.5000
425.0000
424.5000
424.0000
424.0000
424.5000
425.0000
424.5000
424.0000
424.0000
425.0000
424.5000
424.5000
424.0000
425.0000
425.0000
424.5000
424.0000
425.0000
425.0000
424.5000
424.0000
424.0000
425.0000
425.0000
424.0000
424.0000
425.0000
424.0000
424.5000
424.0000
424.5000
424.5000
424.0000
424.0000
425.0000
425.0000
424.0000
424.0000
424.5000
425.0000
424.5000
424.5000
424.5000
424.5000
424.5000
424.0000
425.0000
424.0000
424.5000
425.0000
424.5000
424.0000
424.5000
425.0000
425.0000
424.0000
424.5000
425.0000
425.0000
424.0000
424.5000
424.5000
425.0000
424.0000
424.0000
424.5000
425.0000
424.0000
424.0000
424.5000
425.0000
424.5000
424.0000
424.5000
425.0000
425.0000
424.0000
424.0000
424.0000
425.0000
424.0000
424.0000
424.5000
425.0000
424.5000
424.5000
424.5000
425.0000
425.0000
424.5000
424.0000
425.0000
425.0000
424.5000
424.5000
425.0000
424.5000
424.0000
424.5000
425.0000
424.5000
424.0000
424.5000
425.0000
425.0000
424.0000
424.5000
425.0000
425.0000
424.0000
424.5000
425.0000
425.0000
424.0000
425.0000
424.5000
425.0000
424.0000
424.5000
425.0000
424.5000
424.0000
425.0000
425.0000
424.5000
424.0000
425.0000
425.0000
425.0000
424.0000
425.0000
425.0000
424.5000
424.0000
424.0000
424.5000
424.5000
424.0000
424.0000
425.0000
425.0000
424.0000
424.0000
424.5000
424.5000
424.5000
424.0000
424.5000
425.0000
722.0000
533.5000
438.0000
386.5000
358.0000
341.5000
333.0000
329.0000
326.5000
324.5000
323.5000
323.0000
323.0000
323.0000
323.0000
322.5000
322.0000
322.0000
322.5000
322.5000
322.0000
322.0000
322.0000
322.0000
322.0000
322.0000
322.0000
321.5000
322.0000
322.0000
322.0000
322.0000
321.0000
321.5000
322.0000
322.0000
322.0000
322.0000
322.0000
322.0000
322.0000
322.0000
321.5000
321.5000
321.5000
322.0000
321.5000
321.0000
321.0000
321.5000
322.0000
322.0000
322.0000
321.5000
321.5000
321.5000
321.5000
322.0000
322.0000
322.0000
321.5000
321.5000
322.0000
322.0000
322.0000
321.5000
321.5000
322.0000
322.0000
322.0000
321.0000
321.0000
321.5000
322.0000
322.0000
322.0000
321.0000
321.5000
322.0000
322.0000
322.0000
322.0000
321.0000
321.5000
321.5000
322.0000
321.5000
321.5000
321.0000
321.5000
322.0000
322.0000
1019.5000
1018.5000
1018.5000
1018.5000
1018.5000
1019.0000
1019.0000
1018.5000
1018.0000
1018.5000
1019.0000
1019.0000
1018.5000
1018.0000
1018.0000
1019.0000
1019.0000
1019.0000
1018.5000
1018.0000
1017.5000
1018.5000
1019.0000
1020.0000
1018.5000
1019.5000
1018.5000
1018.5000
1018.0000
1019.5000
1019.5000
1018.0000
1018.5000
1018.5000
1019.5000
1019.5000
1019.5000
1019.0000
1018.0000
1017.5000
1018.0000
1019.0000
1018.5000
1018.5000
1018.5000
1018.5000
1018.0000
1019.5000
1019.0000
1020.0000
1019.0000
1018.5000
1018.5000
1018.0000
1019.5000
1019.5000
1018.5000
1018.5000
1017.5000
1019.0000
1019.0000
1019.0000
1019.0000
1018.5000
1018.5000
1018.0000
1018.5000
1019.0000
1019.5000
1019.0000
1018.0000
1018.5000
1018.0000
1019.5000
1018.5000
1018.5000
1017.5000
1019.5000
1019.0000
1019.5000
1018.0000
1018.0000
1018.0000
1019.0000
1018.0000
1018.0000
1017.5000
1019.0000
1019.0000
1019.5000
1019.0000
1019.5000
1018.5000
1018.5000
1018.0000
1019.0000
1019.5000
1019.0000
1018.5000
1018.0000
1018.5000
1019.0000
1018.5000
1019.5000
1018.5000
1018.5000
1018.0000
1018.5000
1019.5000
1019.0000
1019.5000
1018.0000
1018.5000
1018.5000
1019.0000
1019.5000
1019.5000
1018.5000
1018.0000
1018.5000
1019.5000
1019.0000
1019.0000
1018.5000
1018.0000
1018.0000
1019.0000
1019.5000
1019.0000
1018.0000
1018.5000
1020.0000
1019.0000
1018.5000
1018.5000
1017.5000
1018.5000
1018.5000
1019.5000
1018.5000
1019.0000
1018.0000
1018.0000
1018.0000
1019.0000
1019.0000
1019.0000
1018.5000
1019.0000
1018.0000
1017.5000
1018.0000
1018.5000
1019.5000
1019.5000
1018.0000
1017.5000
1019.0000
1019.0000
1019.0000
1018.5000
1018.5000
1018.0000
1017.5000
1019.0000
1019.5000
1019.0000
1018.0000
1018.0000
1019.5000
1019.0000
1019.5000
1018.5000
1018.5000
1018.5000
1018.5000
1018.5000
1019.0000
1018.5000
1018.5000
1018.5000
1019.0000
1018.0000
1018.0000
1019.5000
1019.5000
1019.0000
1019.0000
1018.5000
1018.0000
1018.0000
1019.5000
1020.0000
1018.0000
1018.5000
1018.5000
1020.0000
1019.5000
1018.0000
1018.5000
1018.5000
1019.0000
1019.0000
1018.5000
1019.0000
1017.5000
1019.0000
1019.5000
1019.0000
1018.0000
1018.0000
1019.0000
1019.5000
1019.0000
1018.0000
1018.0000
1018.5000
1019.5000
1019.0000
1018.5000
1019.5000
1018.0000
1018.5000
1018.5000
1019.0000
1018.5000
1018.0000
1019.5000
1018.0000
1019.0000
1018.0000
1018.5000
1018.5000
1018.0000
1018.0000
1018.0000
1019.0000
1019.0000
1018.5000
1018.0000
1019.0000
1019.0000
1019.0000
1018.5000
1017.0000
1019.0000
1019.0000
1019.0000
1018.5000
1018.0000
1017.5000
1017.5000
1019.0000
1020.0000
1019.0000
1018.5000
1018.0000
1019.0000
1019.0000
1018.5000
1018.5000
1018.5000
1018.0000
1018.5000
1018.5000
1018.0000
1018.0000
1019.0000
1020.0000
1019.0000
1018.5000
1018.0000
1017.5000
1018.5000
1019.0000
1019.0000
1019.0000
1018.0000
1018.0000
1018.0000
1019.5000
1019.5000
1019.0000
1017.5000
1018.0000
1018.0000
1019.0000
1019.0000
1018.5000
1018.5000
1018.0000
1018.5000
1019.0000
1019.5000
1019.0000
1017.5000
1018.0000
1018.0000
1019.0000
1018.0000
1018.5000
1019.0000
1018.0000
1019.0000
1019.0000
1018.0000
1018.5000
1017.5000
1019.0000
1019.5000
1019.5000
1017.5000
1017.0000
1019.5000
1019.0000
1019.5000
1018.0000
1019.0000
1018.5000
1018.5000
1019.0000
1019.0000
1018.5000
1018.5000
1018.0000
1019.0000
1019.0000
1019.0000
1018.5000
1018.0000
1018.5000
1018.5000
1020.0000
1019.0000
1018.5000
1018.0000
1018.5000
1019.5000
1019.5000
1018.5000
1018.5000
1017.5000
1018.0000
1018.5000
1020.0000
1018.5000
1018.5000
1018.0000
1017.5000
1019.0000
1019.0000
1018.5000
1018.0000
1018.5000
1018.0000
1019.0000
1019.5000
1018.5000
1018.5000
1018.0000
1019.0000
1020.0000
1019.0000
1019.0000
1018.5000
1018.0000
1019.5000
1019.5000
1019.5000
1018.0000
1018.0000
1018.5000
1018.5000
1019.0000
1020.0000
1018.5000
1017.5000
1018.0000
1018.5000
1018.5000
1019.5000
1018.0000
1018.0000
1018.0000
1019.0000
1019.0000
1018.5000
1017.5000
1018.0000
1019.5000
1019.5000
1018.5000
1018.5000
1018.0000
1017.5000
1018.0000
1019.0000
1019.0000
1018.5000
1018.0000
1018.5000
1019.0000
1018.5000
1019.0000
1018.5000
1018.5000
1019.0000
1018.5000
1019.0000
1018.0000
1019.0000
1018.5000
1018.0000
1018.5000
1019.5000
1019.5000
1019.0000
1019.0000
1018.0000
1018.0000
1020.0000
1019.0000
1018.5000
1018.5000
1017.5000
1018.5000
1018.0000
1019.0000
1019.5000
1018.0000
1018.0000
1018.5000
1019.0000
1019.0000
1018.5000
1018.0000
1018.5000
1018.0000
1019.5000
1018.5000
1018.5000
1018.0000
1018.0000
1018.5000
1019.0000
1018.5000
1017.5000
1019.0000
1019.5000
1020.0000
1018.5000
1018.0000
1018.5000
1020.0000
1019.0000
1018.0000
1018.5000
1018.0000
1018.5000
1019.5000
1019.5000
1018.0000
1018.0000
1018.0000
1018.5000
1019.0000
1019.0000
1019.0000
1018.0000
1018.0000
1018.5000
1019.5000
1019.5000
1018.0000
1018.5000
1018.5000
1019.0000
1019.0000
1020.0000
1018.5000
1018.0000
1017.5000
1020.0000
1019.5000
1019.0000
1018.0000
1018.0000
1018.5000
1018.5000
1018.5000
1020.0000
1019.0000
1019.5000
1018.0000
1018.5000
1018.0000
1019.0000
1018.5000
1018.5000
1019.0000
1018.5000
1019.0000
1019.0000
1019.0000
1019.0000
1018.0000
1018.0000
1018.0000
1018.0000
1019.5000
1019.0000
1018.5000
1019.0000
1018.0000
1017.5000
1018.5000
1019.0000
1019.0000
1019.0000
1018.5000
1017.5000
1018.0000
1018.0000
1019.5000
1019.0000
1019.0000
1019.0000
1018.0000
1018.0000
1018.0000
1018.0000
1018.5000
1018.5000
1018.5000
1019.0000
1019.0000
1019.0000
1018.5000
1017.5000
1018.5000
1018.5000
1019.0000
1019.5000
1018.5000
1018.5000
1018.0000
1017.5000
1019.0000
1019.0000
1019.5000
1018.0000
1018.0000
1017.5000
1019.0000
1019.0000
1019.0000
1018.5000
1018.0000
1018.0000
1019.0000
1019.0000
1018.0000
1018.5000
1019.0000
1019.5000
1018.0000
1017.5000
1018.0000
1020.0000
1019.5000
1019.0000
1018.5000
1018.0000
1018.0000
1019.0000
1018.5000
1018.0000
1018.5000
1019.5000
1020.0000
1019.5000
1019.0000
1018.0000
1018.0000
1018.5000
1019.0000
1018.0000
1019.5000
1018.5000
1019.5000
1018.5000
1019.5000
1019.5000
1019.5000
1019.0000
1018.5000
1017.5000
1019.0000
1018.5000
1019.0000
1019.5000
1017.5000
1018.0000
1018.0000
1018.5000
1020.0000
1019.5000
1019.0000
1019.5000
1019.0000
1018.0000
1018.5000
1018.0000
1017.0000
1019.0000
1019.5000
1019.0000
1019.0000
1019.0000
1018.5000
1018.0000
1018.0000
1018.0000
1018.0000
1019.5000
1018.5000
1018.5000
1018.0000
1018.0000
1018.5000
1019.0000
1019.0000
1019.0000
1019.0000
1017.5000
1018.0000
1018.5000
1019.0000
1018.5000
1019.0000
1018.0000
1018.5000
1018.0000
1018.0000
1019.5000
1019.5000
1019.5000
1019.5000
1019.0000
1019.0000
1018.0000
1018.0000
1019.0000
1019.5000
1018.5000
1018.5000
1018.5000
1018.0000
1018.5000
1018.0000
1019.0000
1019.0000
1018.5000
1018.5000
1018.0000
1018.0000
1018.5000
1019.0000
1019.5000
1019.5000
1019.0000
1018.5000
1018.0000
1018.5000
1018.5000
1018.5000
1019.0000
1020.0000
1018.5000
1018.5000
1018.0000
1018.0000
1018.5000
1019.5000
1019.5000
1018.0000
1018.0000
1018.0000
1018.0000
1019.0000
1019.5000
1018.5000
1019.5000
1018.0000
1017.5000
1019.5000
1019.0000
1018.5000
1019.0000
1018.5000
1017.5000
1018.5000
1018.5000
1019.5000
1019.5000
1018.5000
1017.5000
1019.0000
1019.0000
1020.0000
1018.0000
1018.0000
1018.5000
1019.5000
1019.5000
1018.0000
1018.0000
1019.0000
1019.5000
1018.0000
1018.0000
1018.5000
1019.0000
1019.0000
1019.0000
1018.5000
1017.5000
1018.5000
1019.5000
1018.5000
1018.5000
1018.0000
1020.0000
1020.0000
1018.5000
1019.0000
1018.5000
1019.0000
1019.5000
1019.0000
1018.5000
1018.5000
1018.0000
1019.0000
1019.0000
1018.5000
1018.0000
1018.0000
1018.5000
1019.0000
1020.0000
1018.0000
1018.0000
1018.0000
1019.0000
1019.0000
1019.0000
1018.5000
1018.0000
1018.5000
1018.5000
1019.0000
1018.5000
1018.0000
1017.5000
1018.5000
1018.5000
1020.0000
1019.5000
1018.5000
1018.0000
1017.5000
1017.5000
1019.0000
1019.5000
1019.5000
1018.5000
1018.5000
1018.5000
1018.5000
1020.0000
1019.0000
1018.0000
1017.5000
1018.0000
1019.0000
1019.0000
1018.0000
1018.0000
1018.0000
1018.0000
1018.0000
1019.5000
1018.0000
1018.5000
1018.0000
1017.5000
1019.0000
1019.5000
1018.0000
1018.0000
1019.0000
1019.5000
1019.0000
1019.0000
1018.5000
1018.5000
1019.5000
1019.5000
1018.5000
1018.5000
1018.0000
1019.5000
1018.5000
1019.5000
1018.0000
1018.5000
1018.0000
1019.0000
1019.5000
1019.0000
1018.5000
1017.5000
1018.5000
1019.5000
1019.5000
1019.5000
1018.5000
1018.0000
1018.0000
1018.5000
1019.5000
1019.5000
1018.5000
1018.5000
1017.5000
1019.0000
1019.0000
1019.0000
1018.0000
1018.5000
1018.0000
1019.0000
1019.0000
1019.0000
1018.0000
1018.0000
1019.0000
1019.0000
1019.5000
1019.0000
1018.0000
1019.0000
1018.5000
1019.0000
1019.5000
1019.0000
1018.5000
1018.0000
1019.0000
1019.0000
1019.0000
1018.0000
1017.5000
1019.0000
1019.0000
1019.5000
1018.5000
1018.5000
1018.5000
1018.0000
1019.5000
1019.0000
1018.5000
1018.0000
1019.0000
1018.5000
1019.5000
1019.0000
1018.0000
1018.0000
1018.5000
1019.0000
1020.0000
1018.0000
1018.0000
1018.0000
1018.0000
1019.5000
1019.5000
1018.5000
1018.5000
1018.5000
1018.5000
1018.5000
1019.5000
1019.5000
1018.0000
1018.0000
1018.5000
1019.0000
1019.5000
1018.5000
1018.0000
1018.5000
1019.0000
1019.0000
1018.5000
1019.0000
1019.0000
1019.5000
1018.0000
1018.0000
1019.0000
1019.0000
1018.5000
1018.5000
1017.5000
1018.5000
1019.0000
1020.0000
1018.0000
1018.0000
1018.5000
1018.0000
1019.5000
1019.0000
1018.5000
1018.5000
1018.0000
1020.0000
1019.0000
1019.5000
1018.0000
1018.0000
1018.0000
1019.5000
1019.0000
1018.5000
1019.0000
1018.0000
1019.0000
1019.5000
1019.5000
1020.0000
1018.5000
1018.5000
1018.5000
1019.0000
1018.5000
1019.0000
1018.0000
1017.5000
1017.0000
1018.0000
1019.0000
1019.5000
1018.5000
1018.5000
1018.0000
1018.0000
1019.0000
1019.0000
1018.0000
1018.0000
1018.5000
1018.5000
1019.0000
1019.0000
1018.0000
1018.0000
1018.5000
1018.5000
1019.5000
1018.0000
1018.5000
1018.5000
1019.5000
1018.5000
1018.5000
1018.0000
1019.0000
1019.0000
1018.5000
1019.0000
1018.5000
1017.0000
1018.0000
1019.0000
1018.5000
1018.5000
1019.0000
1019.0000
1018.5000
1019.0000
1018.5000
1019.0000
1019.5000
1018.0000
1018.0000
1018.5000
1019.0000
1019.5000
1018.5000
1018.5000
1017.5000
1018.5000
1018.5000
1019.0000
1018.5000
1019.0000
1017.5000
1019.0000
1019.0000
1019.0000
1018.0000
1017.5000
1019.0000
1019.0000
1019.0000
1018.0000
1018.0000
1019.0000
1018.0000
1019.5000
1019.0000
1018.0000
1019.0000
1018.5000
1019.0000
1019.0000
1018.0000
1018.5000
1019.0000
1019.0000
1019.5000
1017.5000
1017.5000
1019.0000
1019.0000
1019.5000
1018.5000
1018.5000
1019.0000
1019.0000
1020.0000
1018.0000
1018.0000
1018.5000
1019.5000
1019.0000
1018.0000
1018.0000
1018.5000
1019.0000
1019.0000
1018.5000
1017.5000
1018.5000
1019.0000
1019.5000
1018.0000
1017.0000
1018.5000
1019.0000
1019.0000
1018.0000
1019.0000
1019.0000
1019.5000
1018.0000
1018.5000
1019.0000
1019.0000
1019.5000
1018.0000
1018.0000
1018.5000
1019.5000
1019.5000
1018.0000
1017.5000
1018.0000
1019.0000
1019.5000
1018.5000
1018.0000
1018.0000
1019.0000
1018.0000
1018.5000
1018.0000
1019.5000
1019.5000
1018.5000
1018.5000
1018.0000
1019.5000
1019.0000
1018.5000
1018.5000
1018.0000
1018.0000
1018.5000
1019.0000
1018.5000
1018.0000
1018.0000
1019.0000
1019.0000
1019.0000
1018.0000
1017.5000
1018.0000
1019.5000
1018.5000
1018.5000
1019.0000
1018.5000
1017.5000
1018.5000
1018.5000
1019.0000
1018.5000
1018.0000
1018.5000
1019.5000
1019.0000
1018.5000
1019.0000
1018.0000
1019.0000
1018.5000
1019.0000
1018.0000
1019.0000
1018.5000
1017.5000
1018.5000
1019.0000
1019.5000
1019.0000
1018.0000
1017.5000
1018.5000
1018.5000
1019.0000
1019.0000
1018.5000
1017.5000
1018.5000
1019.0000
1019.5000
1018.0000
1018.5000
1018.5000
1020.0000
1018.5000
1018.5000
1018.0000
1017.5000
1019.5000
1019.0000
1018.5000
1018.5000
1019.0000
1018.0000
1019.0000
1019.0000
1018.0000
1018.5000
1019.5000
1019.0000
1019.0000
1018.0000
1019.5000
1019.0000
1019.0000
1018.0000
1018.0000
1020.0000
1019.0000
1018.5000
1018.0000
1018.0000
1018.5000
1019.0000
1019.0000
1018.0000
1018.0000
1018.0000
1019.5000
1019.0000
1018.0000
1018.0000
1017.5000
1019.5000
1019.0000
1019.0000
1018.0000
1018.0000
1018.5000
1019.0000
1019.0000
1017.5000
1018.0000
1019.0000
1019.0000
1019.0000
1018.0000
1017.5000
1019.0000
1019.5000
1019.0000
1018.0000
1018.5000
1018.5000
1019.5000
1018.5000
1018.0000
1018.0000
1019.0000
1018.5000
1018.5000
1018.0000
1018.5000
1019.0000
1019.0000
1018.0000
1018.0000
1019.0000
1019.5000
1019.0000
1018.5000
1018.0000
1019.0000
1019.5000
1019.0000
1018.5000
1018.0000
1018.5000
1018.5000
1019.0000
1018.5000
1017.5000
1018.0000
1019.5000
1019.0000
1018.5000
1018.0000
1018.0000
1018.5000
1019.0000
1019.0000
1018.0000
1018.0000
1018.5000
1019.0000
1019.5000
1019.0000
1018.5000
1017.5000
1018.0000
1018.5000
1019.0000
1019.0000
1019.5000
1018.0000
1018.0000
1018.5000
1018.0000
1019.0000
1019.0000
1018.5000
1018.0000
1017.5000
1019.5000
1018.5000
1020.0000
1018.5000
1018.5000
1019.5000
1019.0000
1019.5000
1019.0000
1019.5000
1018.0000
1018.0000
1018.0000
1019.0000
1019.0000
1019.0000
1019.0000
1018.5000
1018.5000
1018.0000
1019.0000
1019.0000
1020.0000
1018.0000
1018.0000
1018.0000
1018.5000
1018.5000
1019.0000
1018.5000
1018.0000
1018.0000
1019.0000
1019.0000
1019.0000
1019.0000
1019.0000
1018.0000
1019.0000
1017.5000
1019.5000
1018.5000
1018.0000
1018.5000
1019.5000
1018.0000
1018.5000
1018.0000
1018.0000
1017.5000
1018.0000
1019.0000
1020.0000
1019.5000
1018.0000
1018.0000
1018.5000
1019.0000
1019.5000
1018.5000
1019.0000
1017.5000
1018.0000
1019.0000
1019.5000
1019.0000
1019.0000
1018.5000
1018.0000
1018.0000
1019.5000
1019.5000
1018.5000
1018.5000
1018.0000
1018.0000
1019.0000
1018.0000
1018.0000
1018.0000
1018.5000
1019.5000
1018.5000
1019.0000
1018.5000
1018.0000
1019.0000
1019.0000
1020.0000
1018.5000
1018.0000
1018.5000
1019.5000
1018.5000
1019.0000
1018.5000
1018.5000
1018.5000
1018.0000
1019.5000
1018.5000
1018.5000
1018.0000
1018.0000
1018.0000
1019.5000
1019.5000
1019.0000
1018.0000
1019.0000
1019.0000
1019.0000
1018.0000
1017.5000
1018.0000
1019.0000
1019.0000
1019.0000
1018.5000
1018.0000
1017.5000
1018.5000
1019.5000
1019.0000
1018.0000
1018.5000
1018.0000
1019.0000
1019.0000
1018.5000
1018.5000
1017.5000
1019.5000
1019.0000
1018.5000
1018.5000
1017.0000
1019.5000
1019.5000
1019.0000
1018.0000
1017.5000
1019.0000
1019.5000
1019.5000
1018.0000
1017.5000
1018.5000
1019.0000
1019.5000
1018.0000
1017.5000
1018.5000
1019.0000
1019.5000
1018.5000
1018.0000
1019.0000
1019.5000
1019.0000
1018.5000
1019.0000
1018.0000
1018.5000
1019.5000
1018.5000
1019.0000
1018.0000
1018.0000
1018.5000
1018.5000
1019.0000
1018.0000
1019.5000
1018.0000
1019.5000
1019.0000
1018.5000
1018.5000
1018.5000
1019.5000
1018.5000
1018.5000
1019.0000
1019.0000
1019.5000
1019.0000
1018.5000
1018.0000
1017.5000
1018.0000
1019.0000
1019.5000
1018.5000
1018.0000
1018.5000
1019.0000
1019.0000
1018.0000
1018.0000
1018.5000
1020.0000
1018.5000
1018.5000
1018.0000
1019.0000
1019.5000
1020.0000
1019.5000
1018.0000
1017.5000
1019.5000
1019.0000
1018.5000
1018.0000
1019.0000
1018.0000
1018.0000
1019.0000
1018.5000
1018.5000
1019.5000
1018.5000
1018.0000
1020.0000
1019.5000
1018.0000
1018.5000
1018.5000
1018.5000
1018.0000
1018.0000
1019.0000
1019.5000
1019.0000
1018.5000
1018.5000
1018.5000
1019.0000
1020.0000
1019.0000
1018.5000
1017.5000
1018.5000
1019.0000
1019.0000
1018.5000
1017.5000
1018.0000
1019.0000
1019.0000
1018.5000
1017.5000
1019.0000
1019.0000
1019.5000
1018.5000
1018.5000
1019.0000
1018.0000
1017.5000
1018.0000
1019.0000
1019.0000
1019.5000
1018.5000
1017.5000
1019.0000
1019.5000
1019.0000
1018.5000
1018.0000
1018.5000
1019.0000
1019.5000
1019.0000
1017.5000
1019.0000
1019.0000
1020.0000
1018.0000
1018.0000
1018.0000
1018.5000
1019.0000
1018.0000
1018.0000
1018.5000
1019.0000
1019.0000
1018.0000
1019.0000
1019.0000
1020.0000
1018.5000
1019.0000
1018.0000
1017.5000
1020.0000
1019.5000
1019.0000
1018.0000
1018.5000
1019.5000
1019.5000
1018.5000
1018.5000
1018.0000
1017.5000
1019.0000
1019.5000
1019.0000
1019.0000
1018.5000
1018.0000
1018.5000
1019.0000
1019.0000
1018.0000
1017.5000
1018.0000
1019.0000
1018.5000
1019.5000
1019.0000
1018.0000
1018.5000
1018.0000
1019.0000
1019.5000
1018.5000
1018.5000
1017.5000
1019.5000
1019.0000
1018.5000
1018.5000
1018.5000
1018.5000
1019.0000
1020.0000
1018.5000
1018.5000
1018.0000
1018.0000
1019.0000
1018.0000
1018.0000
1017.5000
1019.0000
1019.0000
1019.5000
1018.0000
1017.5000
1019.0000
1019.0000
1019.5000
1018.0000
1017.0000
1018.5000
1019.5000
1019.0000
1018.0000
1018.0000
1019.0000
1019.0000
1018.5000
1018.0000
1018.5000
1019.5000
1018.5000
1019.0000
1017.5000
1018.0000
1018.5000
1018.0000
1018.0000
1017.5000
1019.0000
1019.0000
1018.5000
1018.0000
1018.5000
1018.5000
1019.0000
1019.0000
1018.5000
1018.0000
1019.0000
1018.5000
1019.5000
1018.5000
1018.5000
1018.0000
1018.5000
1019.0000
1018.0000
1019.5000
1018.5000
1018.0000
1018.0000
1019.5000
1019.0000
1019.0000
1018.5000
1019.0000
1018.0000
1018.0000
1019.0000
1019.0000
1019.0000
1018.0000
1018.0000
1019.0000
1018.5000
1019.0000
1018.0000
1019.0000
1018.5000
1018.5000
1018.5000
1018.0000
1017.5000
1018.5000
1020.0000
1019.0000
1018.5000
1018.5000
1019.0000
1019.0000
1019.0000
1018.0000
1018.5000
1018.0000
1020.0000
1019.0000
1019.0000
1018.0000
1019.0000
1019.0000
1018.0000
1018.5000
1018.0000
1019.5000
1020.0000
1018.5000
1017.5000
1018.0000
1019.0000
1018.5000
1019.5000
1018.0000
1018.0000
1018.5000
1019.0000
1019.5000
1018.5000
1018.5000
1018.0000
1020.0000
1019.0000
1019.0000
1018.0000
1018.0000
1019.0000
1019.0000
1019.5000
1018.5000
1018.5000
1018.0000
1019.5000
1019.0000
1018.5000
1018.0000
1017.5000
1018.0000
1019.0000
1018.5000
1018.0000
1019.0000
1018.5000
1019.0000
1018.5000
1018.0000
1019.5000
1019.5000
1018.5000
1018.0000
1018.0000
1019.0000
1019.0000
1019.5000
1019.0000
1018.5000
1019.0000
1019.0000
1019.5000
1018.5000
1017.5000
1018.5000
1019.0000
1019.0000
1018.0000
1017.5000
1018.5000
1019.0000
1019.0000
1018.5000
1018.0000
1017.5000
1019.5000
1019.0000
1018.5000
1018.0000
1018.0000
1018.5000
1019.0000
1019.0000
1019.0000
1018.0000
1018.0000
1019.0000
1018.5000
1019.0000
1018.0000
1019.5000
1018.5000
1019.5000
1018.0000
1018.0000
1019.0000
1019.0000
1019.5000
1019.0000
1018.0000
1018.0000
1018.5000
1019.0000
1019.0000
1018.0000
1019.0000
1018.5000
1019.5000
1018.0000
1018.0000
1018.5000
1019.0000
1019.0000
1018.0000
1018.0000
1018.0000
1019.0000
1019.0000
1018.5000
1018.0000
1019.0000
1019.0000
1019.5000
1018.0000
1018.0000
1019.0000
1019.5000
1019.0000
1018.5000
1018.0000
1018.5000
1019.5000
1018.0000
1019.0000
1018.5000
1019.0000
1019.0000
1018.5000
1018.0000
1018.0000
1018.0000
1019.0000
1019.0000
1018.0000
1018.0000
1020.0000
1018.5000
1019.5000
1019.0000
1018.5000
1018.0000
1018.0000
1019.0000
1019.0000
1018.5000
1018.0000
1017.0000
1019.5000
1019.0000
1018.5000
1018.0000
1018.0000
1019.5000
1020.0000
1018.5000
1018.5000
1018.5000
1020.0000
1019.0000
1019.0000
1018.5000
1018.0000
1018.0000
1019.5000
1018.5000
1018.5000
1017.5000
1018.0000
1019.0000
1018.5000
1018.0000
1018.0000
1019.0000
1018.5000
1018.5000
1019.0000
1019.0000
1018.5000
1018.0000
1019.0000
1019.0000
1018.5000
1018.0000
1018.0000
1018.0000
1019.0000
1018.5000
1018.0000
1017.0000
1018.5000
1019.5000
1019.0000
1019.0000
1018.0000
1018.0000
1020.0000
1019.5000
1018.0000
1018.0000
1019.0000
1019.5000
1019.0000
1017.5000
1018.5000
1019.0000
1019.5000
1017.5000
1019.0000
1018.5000
1020.0000
1018.0000
1018.0000
1018.5000
1018.5000
1019.5000
1018.5000
1018.0000
1018.5000
1019.0000
1019.0000
1018.0000
1017.5000
1018.5000
1019.5000
1019.0000
1018.0000
1017.5000
1017.5000
1019.0000
1018.5000
1018.0000
1018.5000
1019.0000
1019.5000
1018.0000
1017.5000
1018.5000
1019.5000
1019.0000
1018.0000
1018.5000
1019.0000
1019.5000
1018.5000
1018.0000
1019.5000
1019.0000
1019.0000
1018.5000
1018.0000
1019.5000
1019.0000
1019.0000
1018.0000
1018.5000
1019.0000
1019.0000
1018.5000
1017.5000
1019.5000
1020.0000
1018.5000
1018.0000
1018.0000
1019.5000
1019.0000
1018.5000
1018.5000
1019.5000
1019.0000
1018.0000
1018.5000
1019.0000
1020.0000
1018.5000
1018.0000
1018.5000
1019.5000
1019.0000
1018.0000
1017.5000
1020.0000
1018.5000
1018.0000
1018.0000
1019.0000
1019.5000
1019.0000
1018.0000
1018.0000
1020.0000
1018.0000
1018.0000
1018.0000
1019.0000
1019.5000
1018.0000
1018.5000
1019.0000
1019.5000
1018.5000
1018.5000
1018.5000
1019.0000
1019.0000
1018.0000
1018.5000
1018.5000
1019.5000
1019.0000
1018.0000
1018.0000
1018.0000
1019.0000
1019.0000
1018.0000
1019.0000
1018.0000
1018.5000
1018.0000
1018.5000
1017.5000
1018.5000
1018.5000
1018.5000
1018.0000
1019.0000
1019.0000
1018.5000
1018.0000
1018.0000
1019.0000
1019.5000
1018.5000
1018.5000
1018.0000
1019.0000
1019.5000
1019.0000
1019.5000
1018.0000
1017.0000
1018.5000
1019.0000
1019.0000
1019.5000
1018.0000
1017.5000
1018.5000
1019.5000
1018.5000
1017.5000
1017.0000
1018.5000
1019.5000
1019.5000
1018.5000
1019.0000
1020.0000
1019.0000
1018.0000
1018.0000
1017.5000
1019.5000
1019.0000
1018.0000
1018.5000
1019.5000
1019.5000
1018.0000
1019.0000
1018.0000
1019.5000
1019.0000
1018.0000
1018.5000
1020.0000
1018.5000
1018.0000
1018.5000
1019.0000
1019.0000
1019.0000
1018.5000
1018.0000
1019.5000
1018.5000
1018.0000
1018.5000
1018.5000
1018.5000
1018.0000
1018.5000
1019.0000
1019.5000
1017.5000
1017.5000
1018.5000
1019.5000
1019.0000
1018.0000
1018.0000
1018.5000
1019.0000
1019.0000
1018.0000
1019.0000
1019.0000
1019.5000
1018.0000
1018.0000
1018.5000
1019.5000
1019.0000
1018.5000
1018.5000
1018.5000
1019.5000
1019.0000
1018.5000
1018.0000
1018.5000
1019.0000
1018.5000
1018.0000
1019.0000
1018.5000
1018.5000
1018.0000
1019.0000
1019.5000
1018.5000
1018.0000
1018.0000
1019.5000
1019.5000
1019.5000
1018.5000
1018.0000
1019.0000
1018.5000
1019.5000
1018.5000
1018.5000
1019.5000
1019.0000
1018.5000
1018.5000
1017.5000
1019.5000
1019.0000
1018.5000
1018.5000
1019.0000
1019.0000
1018.0000
1018.5000
1020.0000
1019.0000
1018.5000
1017.5000
1019.0000
1019.0000
1019.0000
1018.5000
1018.0000
1019.5000
1018.0000
1017.5000
1018.0000
1019.0000
1019.0000
1018.0000
1019.5000
1019.0000
1019.5000
1018.5000
1018.0000
1018.5000
1019.5000
1019.5000
1018.0000
1018.5000
1019.0000
1018.5000
1018.0000
1018.0000
1018.5000
1019.0000
1018.5000
1017.5000
1018.5000
1019.5000
1019.0000
1018.5000
1019.0000
1019.5000
1019.0000
1018.0000
1019.0000
1019.0000
1019.0000
1019.5000
1018.5000
1018.5000
1019.5000
1019.0000
1019.5000
1018.0000
1017.5000
1018.5000
1018.5000
1018.0000
1018.0000
1019.0000
1019.5000
1019.0000
1018.0000
1019.5000
1019.5000
1019.0000
1018.0000
1019.0000
1019.0000
1019.0000
1018.0000
1018.0000
1018.0000
1019.5000
1018.5000
1018.5000
1020.0000
1019.5000
1019.5000
1019.0000
1017.5000
1019.0000
1019.0000
1019.5000
1018.0000
1018.0000
1019.0000
1019.0000
1018.0000
1018.5000
1018.5000
1019.0000
1018.0000
1018.5000
1019.0000
1020.0000
1019.0000
1018.0000
1018.5000
1019.0000
1019.0000
1018.5000
1019.0000
1018.0000
1019.0000
1019.0000
1018.5000
1018.5000
1018.0000
1019.0000
1019.0000
1019.0000
1018.5000
1017.0000
1019.5000
1019.5000
1018.0000
1018.0000
1019.0000
1018.5000
1019.5000
1019.0000
1019.0000
1018.5000
1019.0000
1020.0000
1018.0000
1018.0000
1018.5000
1019.0000
1019.0000
1018.5000
1018.5000
1019.5000
1019.0000
1019.0000
1018.0000
1018.0000
1019.0000
1018.5000
1019.0000
1018.0000
1018.0000
1018.5000
1019.5000
1019.0000
1018.0000
1017.5000
1018.0000
1019.0000
1019.5000
1019.0000
1018.5000
1018.5000
1017.5000
1019.0000
1019.0000
1018.5000
1019.0000
1017.5000
1018.0000
1019.0000
1019.0000
1019.5000
1018.5000
1017.5000
1018.5000
1019.0000
1019.5000
1019.0000
1018.5000
1018.0000
1017.5000
1019.0000
1019.5000
1019.5000
1018.0000
1018.0000
1019.0000
1018.5000
1019.5000
1018.5000
1018.0000
1018.0000
1018.0000
1018.5000
1019.0000
1019.0000
1019.0000
1018.0000
1018.5000
1018.5000
1019.0000
1019.0000
1018.5000
1018.5000
1017.5000
1018.5000
1019.0000
1020.0000
1019.0000
1017.5000
1018.5000
1019.0000
1018.0000
1019.0000
1019.5000
1019.5000
1019.0000
1019.5000
1018.0000
1018.0000
1018.5000
1019.5000
1019.0000
1019.0000
1019.0000
1018.0000
1018.5000
1019.0000
1017.5000
1019.0000
1019.5000
1019.0000
1018.0000
1017.5000
1018.0000
1018.5000
1019.5000
1018.0000
1018.5000
1018.5000
1019.0000
1018.5000
1019.0000
1019.0000
1018.5000
1018.5000
1019.5000
1019.5000
1019.5000
1018.5000
1018.5000
1018.0000
1019.5000
1020.0000
1019.0000
1018.0000
1018.5000
1018.5000
1019.0000
1019.0000
1019.0000
1018.5000
1018.0000
1019.0000
1019.5000
1019.0000
1018.5000
1018.5000
1018.5000
1018.5000
1020.0000
1019.5000
1018.0000
1018.5000
1018.5000
1019.5000
1018.0000
1018.0000
1018.0000
1020.0000
1019.5000
1019.0000
1018.0000
1017.5000
1018.0000
1018.5000
1019.0000
1018.5000
1018.5000
1018.0000
1019.0000
1019.0000
1019.5000
1018.5000
1018.0000
1018.0000
1019.5000
1019.0000
1019.0000
1018.5000
1019.0000
1019.5000
1018.5000
1019.0000
1017.5000
1019.0000
1019.5000
1019.5000
1018.0000
1018.0000
1018.5000
1019.0000
1019.0000
1018.5000
1019.0000
1018.5000
1020.0000
1019.0000
1017.5000
1018.0000
1019.5000
1019.0000
1019.5000
1018.0000
1018.0000
1019.0000
1019.0000
1019.0000
1018.5000
1018.5000
1018.5000
1019.0000
1019.0000
1019.0000
1017.5000
1017.5000
1019.5000
1019.0000
1019.0000
1018.0000
1017.5000
1019.0000
1019.0000
1019.5000
1018.5000
1018.0000
1018.5000
1019.0000
1019.5000
1018.5000
1018.0000
1018.5000
1019.0000
1019.0000
1018.0000
1018.5000
1018.5000
1020.0000
1018.5000
1018.0000
1019.0000
1019.0000
1019.0000
1018.0000
1018.0000
1019.0000
1018.5000
1018.5000
1018.0000
1019.0000
1019.0000
1019.5000
1018.0000
1018.5000
1019.5000
1019.0000
1018.0000
1018.0000
1019.5000
1019.0000
1019.0000
1018.0000
1017.5000
1019.0000
1019.0000
1018.5000
1018.0000
1018.5000
1018.5000
1019.5000
1018.0000
1019.0000
1018.5000
1019.0000
1019.0000
1018.0000
1018.5000
1019.0000
1019.0000
1018.5000
1018.5000
1018.5000
1019.5000
1018.5000
1018.0000
1019.0000
1019.0000
1018.5000
1018.5000
1018.5000
1019.0000
1019.0000
1018.0000
1018.5000
1019.0000
1017.5000
1019.0000
1018.0000
1018.0000
1018.5000
1018.5000
1018.5000
1018.5000
1018.0000
1019.0000
1019.5000
1019.0000
1018.5000
1018.0000
1019.0000
1019.0000
1018.0000
1019.5000
1019.5000
1018.5000
1018.0000
1018.5000
1019.0000
1018.0000
1018.5000
1018.0000
1018.5000
1018.0000
1018.0000
1018.5000
1019.0000
1019.0000
1018.5000
1019.0000
1018.5000
1019.5000
1019.0000
1018.5000
1018.0000
1019.0000
1019.5000
1018.0000
1018.0000
1019.0000
1018.0000
1018.5000
1019.0000
1019.5000
1019.5000
1018.5000
1018.0000
1019.5000
1019.0000
1019.0000
1018.5000
1017.5000
1019.0000
1019.0000
1018.0000
1018.5000
1019.5000
1019.0000
1019.0000
1018.5000
1018.0000
1019.0000
1019.0000
1018.5000
1018.5000
1018.0000
1019.0000
1019.5000
1018.5000
1018.5000
1018.5000
1019.5000
1020.0000
1018.5000
1018.0000
1018.0000
1019.0000
1019.0000
1018.5000
1018.5000
1018.5000
1018.0000
1019.5000
1020.0000
1019.0000
1018.0000
1017.5000
1019.0000
1019.0000
1019.0000
1019.0000
1018.0000
1018.5000
1019.5000
1019.5000
1018.5000
1018.0000
1018.5000
1017.5000
1019.5000
1019.0000
1018.5000
1017.5000
1018.5000
1019.0000
1020.0000
1018.0000
1018.5000
1018.5000
1018.5000
1019.0000
1018.0000
1018.5000
1018.0000
1019.0000
1019.0000
1020.0000
1018.5000
1018.5000
1018.0000
1018.0000
1019.0000
1019.0000
1019.0000
1018.0000
1018.5000
1019.0000
1020.5000
1019.0000
1018.0000
1017.5000
1018.5000
1018.5000
1019.5000
1018.5000
1018.5000
1018.5000
1018.5000
1019.0000
1019.5000
1019.0000
1018.5000
1017.5000
1018.0000
1019.5000
1019.5000
1019.5000
1019.0000
1017.5000
1018.5000
1018.5000
1019.0000
1018.5000
1018.0000
1018.5000
1020.0000
1019.0000
1018.5000
1019.0000
1019.0000
1019.0000
1018.0000
1019.0000
1019.5000
1018.0000
1018.5000
1018.5000
1019.0000
1018.5000
1018.5000
1018.0000
1019.0000
1019.0000
1018.0000
1018.5000
1018.5000
1019.5000
1018.5000
1018.0000
1018.5000
1019.0000
1018.5000
1019.0000
1018.0000
1019.5000
1018.5000
1018.5000
1018.0000
1018.5000
1018.0000
1019.0000
1018.5000
1018.5000
1017.5000
1019.0000
1019.0000
1018.5000
1018.0000
1018.5000
1019.5000
1019.0000
1017.5000
1018.0000
1019.0000
1018.5000
1018.0000
1018.0000
1019.5000
1018.5000
1018.0000
1018.5000
1018.5000
1019.0000
1018.5000
1018.0000
1018.5000
1019.5000
1018.5000
1018.0000
1019.0000
1019.0000
1020.0000
1019.0000
1018.0000
1019.0000
1017.5000
1018.5000
1019.5000
1019.5000
1018.5000
1018.0000
1018.0000
1019.0000
1019.5000
1019.0000
1018.0000
1019.0000
1019.0000
1019.0000
1019.0000
1018.5000
1017.5000
1019.0000
1019.5000
1017.5000
1018.0000
1019.0000
1019.5000
1019.5000
1018.0000
1018.0000
1019.0000
1019.5000
1019.0000
1017.5000
1018.5000
1018.0000
1019.0000
1019.0000
1018.0000
1018.5000
1019.5000
1019.0000
1018.0000
1018.0000
1019.0000
1019.0000
1019.0000
1018.0000
1018.5000
1019.5000
1019.0000
1019.0000
1017.5000
1018.0000
1019.0000
1020.0000
1018.0000
1018.5000
1018.0000
1018.0000
1019.5000
1018.5000
1018.5000
1018.5000
1018.5000
1020.0000
1019.0000
1018.5000
1018.5000
1019.0000
1019.5000
1019.0000
1018.5000
1018.0000
1018.5000
1019.5000
1019.0000
1018.5000
1018.0000
1018.5000
1019.0000
1019.0000
1018.5000
1018.5000
1019.0000
1019.5000
1018.5000
1018.5000
1019.0000
1019.0000
1019.0000
1017.5000
1018.5000
1019.5000
1018.5000
1018.0000
1019.0000
1019.0000
1019.0000
1018.0000
1019.0000
1018.5000
1020.0000
1019.0000
1018.0000
1018.5000
1018.5000
1019.0000
1019.0000
1018.5000
1018.5000
1019.5000
1018.5000
1018.5000
1018.5000
1019.0000
1019.0000
1019.0000
1019.0000
1018.5000
1019.0000
1018.0000
1018.0000
1018.5000
1019.0000
1019.5000
1018.0000
1018.5000
1019.0000
1019.5000
1018.5000
1018.0000
1018.5000
1019.5000
1018.5000
1018.5000
1018.5000
1019.0000
1018.0000
1018.0000
1019.0000
1019.0000
1019.5000
1018.0000
1019.0000
1018.0000
1020.0000
1018.5000
1020.0000
1018.0000
1018.5000
1018.5000
1018.0000
1019.0000
1019.0000
1018.5000
1018.0000
1017.5000
1019.0000
1019.5000
1018.5000
1018.0000
1019.0000
1019.5000
1018.0000
1018.0000
1018.5000
1019.0000
1019.5000
1018.0000
1018.0000
1018.5000
1019.0000
1018.5000
1017.5000
1018.0000
1019.5000
1019.0000
1018.0000
1018.0000
1018.0000
1018.5000
1019.0000
1018.5000
1018.0000
1018.5000
1020.0000
1018.0000
1018.5000
1018.5000
1019.0000
1019.5000
1018.0000
1018.0000
1018.5000
1019.0000
1018.5000
1018.0000
1019.0000
1019.0000
1019.0000
1018.0000
1018.5000
1019.5000
1019.0000
1018.0000
1019.0000
1019.0000
1019.5000
1018.5000
1017.5000
1019.0000
1019.5000
1018.5000
1019.0000
1018.5000
1019.0000
1019.0000
1018.0000
1018.0000
1018.0000
1020.0000
1019.0000
1018.5000
1018.0000
1018.5000
1019.0000
1019.0000
1019.0000
1018.0000
1018.0000
1018.5000
1019.0000
1018.5000
1017.5000
1018.0000
1018.0000
1019.5000
1019.0000
1018.0000
1018.5000
1019.5000
1019.0000
1017.5000
1018.5000
1019.0000
1020.0000
1018.5000
1017.5000
1019.0000
1020.0000
1019.5000
1018.5000
1018.5000
1018.5000
1019.0000
1019.0000
1018.0000
1018.0000
1018.5000
1019.0000
1019.0000
1018.0000
1018.5000
1018.5000
1019.0000
1018.5000
1018.5000
1019.0000
1019.0000
1018.0000
1017.5000
1019.0000
1019.5000
1019.0000
1018.0000
1018.5000
1019.0000
1019.5000
1019.0000
1018.0000
1019.0000
1019.0000
1019.0000
1018.0000
1018.0000
1019.0000
1019.5000
1018.0000
1018.0000
1018.5000
1019.0000
1018.5000
1018.5000
1018.5000
1018.0000
1019.5000
1019.5000
1018.5000
1017.5000
1018.0000
1020.0000
1018.5000
1018.5000
1018.0000
1018.5000
1019.5000
1019.5000
1019.0000
1018.0000
1017.5000
1020.0000
1018.5000
1018.0000
1017.5000
1019.0000
1019.0000
1019.5000
1018.0000
1018.5000
1018.5000
1019.0000
1019.0000
1018.5000
1019.0000
1018.0000
1018.5000
1019.0000
1019.0000
1018.5000
1019.5000
1019.0000
1019.5000
1018.5000
1018.5000
1019.0000
1019.0000
1018.0000
1019.0000
1019.0000
1019.0000
1019.0000
1018.0000
1019.5000
1020.0000
1019.0000
1018.5000
1018.0000
1018.5000
1018.5000
1018.0000
1018.0000
1019.0000
1018.5000
1018.0000
1019.5000
1019.0000
1018.5000
1018.0000
1018.5000
1020.0000
1018.0000
1018.0000
1018.0000
1018.5000
1018.5000
1018.5000
1019.0000
1018.5000
1018.5000
1019.0000
1019.0000
1017.5000
1017.0000
1018.5000
1019.0000
1018.5000
1018.0000
1019.0000
1019.0000
1018.0000
1018.5000
1018.5000
1019.5000
1018.5000
1018.5000
1018.0000
1019.5000
1018.5000
1018.0000
1019.5000
1019.0000
1019.0000
1017.5000
1019.5000
1019.0000
1019.5000
1018.0000
1019.0000
1019.0000
1019.0000
1018.0000
1018.5000
1020.0000
1019.0000
1018.0000
1018.0000
1019.0000
1019.0000
1019.0000
1018.0000
1018.5000
1019.0000
1018.5000
1018.0000
1019.0000
1018.5000
1018.0000
1017.5000
1018.0000
1019.5000
1018.0000
1017.5000
1019.0000
1018.0000
1018.5000
1017.5000
1019.5000
1018.5000
1018.0000
1019.0000
1020.0000
1019.0000
1018.5000
1019.0000
1019.0000
1020.0000
1018.0000
1019.0000
1018.5000
1019.0000
1019.5000
1018.5000
1018.0000
1018.5000
1019.5000
1019.0000
1018.5000
1018.0000
1019.0000
1019.5000
1018.5000
1018.0000
1017.5000
1019.5000
1018.0000
1017.5000
1018.0000
1019.5000
1018.5000
1018.5000
1018.5000
1019.0000
1019.5000
1018.0000
1019.5000
1018.0000
1019.5000
1018.5000
1018.5000
1018.0000
1019.0000
1018.5000
1017.5000
1019.0000
1018.5000
1019.0000
1017.5000
1017.5000
1019.0000
1018.5000
1018.5000
1019.5000
1019.0000
1018.5000
1018.5000
1019.0000
1019.0000
1018.5000
1018.0000
1019.5000
1019.0000
1019.5000
1018.0000
1018.5000
1019.0000
1018.5000
1018.0000
1018.5000
1019.0000
1019.5000
1018.0000
1018.5000
1019.0000
1019.5000
1018.5000
1018.5000
1019.5000
1018.0000
1018.0000
1017.5000
1019.0000
1019.0000
1019.0000
1018.5000
1020.0000
1019.0000
1018.0000
1018.0000
1018.0000
1020.0000
1018.5000
1018.0000
1018.0000
1019.5000
1018.0000
1018.5000
1019.0000
1019.5000
1018.0000
1018.0000
1019.5000
1019.0000
1018.0000
1019.0000
1019.5000
1019.0000
1018.5000
1017.5000
1018.5000
1018.5000
1018.0000
1018.0000
1019.0000
1019.5000
1018.0000
1017.5000
1018.5000
1020.0000
1018.5000
1018.0000
1017.5000
1019.0000
1018.0000
1019.0000
1019.5000
1018.5000
1018.0000
1018.5000
1019.0000
1017.5000
1019.0000
1019.0000
1019.0000
1018.0000
1019.0000
1018.5000
1018.5000
1018.5000
1019.0000
1019.0000
1018.5000
1017.5000
1019.0000
1019.0000
1018.5000
1018.0000
1019.0000
1019.0000
1018.5000
1018.0000
1018.5000
1019.5000
1018.5000
1018.5000
1018.0000
1019.0000
1019.0000
1018.5000
1018.0000
1019.0000
1019.0000
1018.5000
1017.5000
1018.5000
1020.0000
1018.0000
1017.5000
1018.5000
1019.5000
1018.5000
1018.0000
1018.5000
1019.0000
1018.0000
1017.5000
1019.0000
1019.0000
1019.0000
1018.5000
1019.0000
1019.0000
1018.5000
1018.0000
1019.0000
1019.0000
1018.5000
1018.0000
1019.5000
1019.0000
1018.5000
1019.0000
1019.5000
1019.0000
1018.0000
1018.5000
1019.0000
1019.5000
1018.5000
1018.5000
1018.5000
1019.0000
1019.0000
1018.5000
1018.0000
1019.0000
1019.5000
1019.0000
1019.0000
1019.0000
1018.0000
1019.0000
1019.0000
1018.0000
1018.0000
1019.0000
1019.0000
1018.5000
1018.0000
1019.0000
1019.0000
1019.0000
1018.5000
1018.5000
1019.5000
1019.0000
1017.5000
1017.5000
1019.0000
1018.5000
1019.0000
1018.0000
1018.0000
1018.0000
1019.5000
1018.0000
1018.0000
1018.5000
1020.0000
1019.0000
1018.0000
1019.0000
1019.5000
1019.5000
1018.0000
1018.0000
1019.0000
1019.0000
1018.5000
1018.5000
1018.5000
1019.0000
1019.0000
1018.0000
1019.0000
1019.0000
1019.5000
1018.5000
1017.5000
1018.0000
1019.5000
1018.5000
1019.0000
1019.5000
1019.5000
1019.0000
1019.0000
1018.5000
1019.5000
1018.5000
1019.0000
1018.0000
1018.5000
1019.0000
1019.0000
1018.5000
1018.0000
1018.0000
1019.0000
1018.0000
1018.0000
1018.5000
1019.5000
1018.5000
1018.0000
1019.0000
1020.0000
1019.0000
1019.0000
1018.0000
1019.0000
1018.5000
1017.5000
1018.0000
1020.0000
1019.0000
1018.0000
1018.5000
1019.5000
1018.0000
1018.5000
1018.5000
1019.0000
1020.0000
1018.5000
1019.0000
1018.5000
1018.5000
1018.5000
1019.5000
1019.0000
1018.0000
1018.0000
1019.5000
1019.0000
1018.0000
1018.5000
1019.5000
1019.0000
1018.0000
1018.0000
1019.0000
1019.0000
1018.5000
1018.0000
1020.0000
1018.0000
1018.0000
1018.0000
1019.0000
1019.0000
1018.5000
1018.0000
1018.5000
1019.5000
1019.0000
1018.0000
1017.5000
1019.0000
1019.0000
1018.5000
1018.0000
1018.0000
1019.0000
1018.5000
1018.0000
1019.0000
1019.5000
1018.5000
1018.0000
1018.5000
1019.5000
1018.5000
1017.5000
1019.5000
1018.0000
1018.5000
1017.5000
1019.0000
1019.0000
1018.5000
1018.5000
1019.5000
1018.5000
1018.0000
1018.0000
1019.0000
1019.0000
1019.0000
1019.0000
1019.0000
1019.0000
1017.5000
1018.5000
1019.0000
1020.0000
1019.0000
1018.5000
1019.0000
1020.0000
1018.0000
1018.5000
1019.0000
1019.0000
1018.0000
1018.5000
1019.0000
1019.5000
1018.0000
1018.5000
1018.5000
1020.0000
1018.5000
1018.5000
1018.0000
1019.5000
1018.0000
1018.5000
1017.5000
1019.5000
1018.5000
1018.5000
1018.5000
1019.0000
1019.0000
1018.5000
1018.0000
