# 16 3738 REAL CYTON_DAISY HEART 3
-20986.6117
-41967.5236
-41961.1757
-41950.2010
-41954.8278
-41957.7112
-41966.7413
-41962.1145
-41953.7997
-41949.2623
-41959.7005
-41957.7112
-41955.5878
-41950.2457
-41953.9785
-41947.5412
-41944.4119
-41951.6986
-41949.1505
-41953.3079
-41948.6364
-41939.4722
-41940.6568
-41941.4838
-41935.3818
-41937.8629
-41936.4994
-41941.7968
-41945.3060
-41949.5305
-41944.8813
-41949.6646
-41945.7977
-41950.7598
-41950.1787
-41947.9659
-41949.7540
-41947.6529
-41946.4683
-41942.9814
-41951.5868
-41945.2389
-41945.6189
-41949.3070
-41949.9552
-41950.5363
-41963.7685
-41962.4945
-41961.3098
-41948.6364
-41954.4479
-41955.3196
-41964.0368
-41956.8618
-41963.1203
-41953.2185
-41962.4945
-41965.0426
-41958.4265
-41964.6403
-41961.0193
-41961.8910
-41967.7695
-41965.9143
-41964.2603
-41964.4614
-41961.9804
-41963.2768
-41962.8074
-41968.4624
-41966.2049
-41967.3895
-41956.6607
-41960.1923
-41962.1369
-41967.1660
-41968.8871
-41963.4780
-41953.2409
-41948.8376
-41963.5450
-41967.6801
-41965.2438
-41961.9580
-41958.3594
-41946.4459
-41940.1204
-41941.0145
-41951.4304
-41953.5538
-41944.2778
-41946.2895
-41952.4139
-41944.7025
-41935.7171
-41938.3099
-41939.6063
-41932.9008
-41933.6160
-41940.9921
-41953.4867
-41961.8910
-41968.4177
-41963.7685
-41967.9930
-41972.1951
-41973.2904
-41974.8550
-41970.2058
-41966.0261
-41969.5129
-41968.5295
-41972.1057
-41976.4420
-41963.6568
-41968.8871
-41968.9094
-41971.4352
-41974.0056
-41974.8327
-41976.9561
-41981.3817
-41984.6898
-41982.3652
-41978.0960
-41978.0737
-41976.3973
-41991.3729
-41983.9745
-41990.9483
-41983.3934
-41987.1932
-41989.0260
-41989.4060
-41977.9395
-41985.5391
-41986.8355
-41985.9191
-41976.1514
-41988.2437
-41981.9405
-41983.0134
-41981.2923
-41980.2418
-41976.8443
-41978.9454
-41979.1242
-41979.2136
-41909.2750
-41909.8785
-42033.9307
-42022.2854
-41995.9998
-41983.7063
-41984.9803
-41977.7831
-41972.9775
-41955.8337
-41967.0095
-41966.4507
-41971.6140
-41959.4994
-41952.6821
-41949.5752
-41959.2982
-41958.0241
-41954.9396
-41948.3682
-41948.4129
-41953.5314
-41956.2136
-41946.4012
-41945.9318
-41946.7365
-41956.3254
-41959.3205
-41964.0591
-41959.8570
-41954.2020
-41956.7054
-41958.0465
-41970.9434
-41969.3341
-41972.5751
-41969.2447
-41972.5975
-41976.4643
-41978.5654
-41973.9833
-41969.9376
-41973.0222
-41991.8870
-41993.2281
-41980.7335
-41982.0299
-41985.0250
-41977.3137
-41979.1689
-41982.4099
-41974.0503
-41975.4809
-41981.0688
-41982.3875
-41975.1232
-41975.8832
-41971.4799
-41975.0562
-41966.0931
-41969.5576
-41965.0426
-41968.5742
-41968.9318
-41961.5110
-41953.9561
-41957.1301
-41947.7200
-41960.1029
-41950.0446
-41954.9843
-41959.3205
-41953.1291
-41957.2642
-41945.8648
-41955.4313
-41942.0426
-41946.7365
-41940.1874
-41942.0203
-41943.9872
-41953.8891
-41940.0757
-41941.5286
-41938.6005
-41943.7190
-41948.5694
-41946.5800
-41946.1777
-41939.2934
-41769.9342
-41671.9889
-41699.6380
-41757.9760
-41811.4638
-41847.7630
-41872.7522
-41881.0224
-41904.7599
-41906.2575
-41920.2944
-41922.3284
-41932.2302
-41933.7501
-41926.8211
-41935.4042
-41938.7569
-41939.8745
-41948.2117
-41943.0932
-41944.0096
-41942.9367
-41939.8522
-41939.0475
-41941.0145
-41945.7083
-41947.5859
-41950.7151
-41948.8376
-41946.2448
-41951.9668
-41949.9328
-41952.3244
-41952.3915
-41949.2176
-41961.7122
-41941.9532
-41948.1670
-41945.3731
-41947.9435
-41944.6801
-41954.0232
-41946.3342
-41943.6073
-41931.0009
-41943.0485
-41936.7006
-41943.3390
-41947.4518
-41953.1291
-41947.1165
-41947.3400
-41946.6471
-41945.9318
-41944.0543
-41941.6180
-41945.2389
-41939.5169
-41944.0543
-42223.8981
-42335.9474
-42203.9827
-42093.8333
-42024.2971
-41987.4614
-41955.3196
-41948.8376
-41938.1758
-41937.4158
-41933.1243
-41926.1506
-41931.4032
-41929.5033
-41928.3187
-41931.3362
-41923.8036
-41923.5577
-41928.4081
-41921.4567
-41931.7385
-41932.5208
-41930.0845
-41932.5655
-41927.9163
-41927.8493
-41935.9406
-41926.3294
-41938.2875
-41933.7725
-41932.9455
-41934.6666
-41945.2613
-41934.1972
-41924.9659
-41907.9115
-41911.7560
-41909.9455
-41911.8454
-41914.8853
-41915.6229
-41909.9232
-41909.6103
-41906.5928
-41908.8279
-41909.5209
-41913.8794
-41917.8581
-41904.4470
-41902.6812
-41898.5014
-41912.6501
-41909.1632
-41921.3449
-41907.7998
-41905.3187
-41899.1720
-41906.3022
-41908.6044
-41906.8610
-41901.8319
-41914.1253
-41911.5996
-41908.5374
-41904.2905
-41905.6987
-41906.1234
-41916.4275
-41900.8037
-41909.1185
-41903.6647
-41907.7551
-41915.3323
-41900.1331
-41893.2935
-41896.9815
-41901.6307
-41907.5092
-41911.8454
-41902.6365
-41895.5957
-41890.8348
-41908.9621
-41894.4111
-41890.5889
-41889.4937
-41898.0768
-41894.9252
-41891.8853
-41889.9631
-41880.9106
-41881.1341
-41888.6890
-41886.4762
-41889.7172
-41896.5792
-41889.5160
-41899.7755
-41886.6997
-41887.7056
-41882.2294
-41890.2536
-41887.9738
-41890.9689
-41889.6725
-41893.7852
-41888.6890
-41902.9047
-41892.0194
-41896.6462
-41897.5180
-41899.8425
-41900.3343
-41909.2303
-41902.2118
-41905.1399
-41908.5597
-41907.8668
-41903.1730
-41902.5918
-41902.0107
-41905.4752
-41904.1341
-41902.4801
-41899.8649
-41893.6288
-41899.7308
-41895.5287
-41908.0903
-41906.3246
-41902.0777
-41889.9631
-41896.1322
-41902.1001
-41905.9446
-41906.8833
-41901.6083
-41896.1322
-41903.6200
-41902.2565
-41906.9281
-41898.3897
-41897.1156
-41895.7522
-41902.9047
-41891.7959
-41876.4626
-41888.8455
-41887.6161
-41895.3498
-41887.4150
-41886.3197
-41887.0574
-41890.1642
-41882.3858
-41887.8173
-41895.8416
-41891.4159
-41888.6890
-41889.0020
-41879.9942
-41881.1788
-41881.1788
-41880.8883
-41871.1876
-41870.8076
-41867.5219
-41874.9204
-41882.1176
-41881.8270
-41875.7027
-41875.5686
-41877.0438
-41881.8494
-41885.7162
-41883.1458
-41887.2138
-41876.1273
-41874.9204
-41882.4976
-41888.4879
-41880.4412
-41887.9961
-41886.0962
-41891.3042
-41879.1895
-41887.1915
-41882.7211
-41882.8999
-41889.0467
-41885.5821
-41882.3858
-41885.0904
-41882.6541
-41882.3635
-41880.6648
-41884.0622
-41880.8436
-41875.3227
-41874.6521
-41878.1614
-41874.4063
-41872.4840
-41888.4208
-41875.7250
-41876.9097
-41876.3285
-41873.8251
-41874.1157
-41874.0933
-41871.7017
-41873.4004
-41868.6619
-41870.4947
-41869.2207
-41862.3810
-41860.0117
-41866.3373
-41863.4763
-41875.5015
-41870.7406
-41862.1799
-41862.6269
-41868.5278
-41867.7678
-41864.1692
-41869.8018
-41868.0807
-41858.4695
-41864.6386
-41861.2187
-41855.8543
-41860.3247
-41855.0497
-41860.4811
-41854.0215
-41847.9641
-41846.8689
-41847.1148
-41846.8466
-41850.3558
-41847.6065
-41852.7474
-41855.9661
-41861.2411
-41854.1779
-41849.7523
-41848.7018
-41854.2226
-41853.6638
-41855.0049
-41842.5327
-41841.9962
-41848.7688
-41852.6580
-41857.4413
-41856.6143
-41854.1779
-41851.5181
-41856.5249
-41853.6862
-41864.8174
-41854.5132
-41852.8368
-41860.8835
-41857.4636
-41853.0380
-41853.9097
-41844.7455
-41847.5842
-41855.3402
-41864.3927
-41858.2236
-41851.4957
-41854.9379
-41847.8077
-41853.4403
-41851.6522
-41851.0487
-41830.3957
-41653.0569
-41610.5886
-41655.5156
-41709.5845
-41759.6971
-41787.3015
-41805.4511
-41818.8175
-41833.8378
-41844.8349
-41943.1155
-42225.9321
-42173.3832
-42049.8898
-41955.7890
-41906.5034
-41881.8494
-41868.1925
-41861.1293
-41857.6648
-41856.0108
-41860.1682
-41844.9467
-41844.4549
-41835.0672
-41839.9399
-41834.2849
-41839.3364
-41833.9943
-41835.8719
-41835.7601
-41852.5239
-41837.6600
-41843.5385
-41836.7212
-41848.6571
-41854.0215
-41851.0263
-41850.0205
-41846.9360
-41850.2440
-41852.5686
-41855.4520
-41855.6084
-41852.6804
-41849.2158
-41852.5910
-41858.4695
-41869.0642
-41864.1915
-41863.8339
-41869.3101
-41871.9699
-41865.0409
-41874.0710
-41874.3392
-41875.1215
-41873.1769
-41870.9864
-41871.0311
-41872.2828
-41875.5015
-41874.9204
-41874.2274
-41875.3674
-41874.9651
-41879.0778
-41877.6696
-41881.2235
-41879.0107
-41875.6133
-41879.3460
-41881.2682
-41885.4480
-41880.3295
-41878.4296
-41882.0953
-41881.4694
-41880.2401
-41887.7950
-41891.3265
-41883.8163
-41882.9893
-41880.7095
-41885.4927
-41892.9806
-41892.2206
-41892.8688
-41892.3994
-41879.3236
-41885.4480
-41893.7852
-41891.1701
-41896.7580
-41890.3431
-41886.7444
-41885.6939
-41884.3751
-41895.2604
-41885.1127
-41890.7230
-41893.1147
-41894.3887
-41882.4305
-41894.2323
-41888.0632
-41895.3946
-41897.6297
-41900.6696
-41895.0816
-41908.8727
-41905.2070
-41910.5490
-41908.2692
-41908.8056
-41909.3867
-41912.2925
-41922.5966
-41920.6744
-41918.3721
-41921.4790
-41918.0592
-41918.5733
-41930.7997
-41923.3119
-41926.7093
-41916.1370
-41917.0981
-41915.0864
-41927.9163
-41928.2740
-41930.3080
-41924.3624
-41925.9270
-41923.6472
-41930.3974
-41926.0388
-41931.5373
-41933.1466
-41930.5985
-41928.4975
-41932.2526
-41927.3575
-41928.5869
-41943.6073
-41932.9455
-41925.2341
-41925.0106
-41932.1408
-41921.2779
-41930.2856
-41926.7317
-41930.5985
-41927.2011
-41922.9543
-41916.3381
-41914.7512
-41918.3051
-41930.1962
-41927.8493
-41930.3080
-41921.7920
-41928.1622
-41924.4518
-41921.1885
-41917.8581
-41925.8376
-41920.3614
-41922.5519
-41927.9610
-41923.8260
-41914.9970
-41922.8425
-41921.2332
-41917.5451
-41916.8746
-41913.8571
-41916.0923
-41923.6919
-41917.0534
-41919.5791
-41926.5529
-41919.4450
-41929.3692
-41926.7317
-41932.8784
-41931.2915
-41935.6947
-41920.1603
-41927.8940
-41933.3478
-41932.8114
-41934.4430
-41936.3877
-41940.1427
-41948.7482
-41949.4411
-41943.3837
-41936.8347
-41941.5286
-41947.3177
-41937.9746
-41945.1495
-41940.2992
-41937.6170
-41943.0708
-41941.3721
-41927.8046
-41931.6938
-41925.2118
-41936.4994
-41941.8862
-41946.1107
-41932.7667
-41940.3216
-41938.6452
-41944.2108
-41933.0572
-41948.0106
-41945.1719
-41946.7589
-41943.4508
-41942.8473
-41947.2730
-41939.6063
-41943.7861
-41942.4450
-41942.8026
-41937.8405
-41939.3828
-41933.4596
-41945.5072
-41942.3556
-41945.5966
-41932.1185
-41931.3585
-41938.9357
-41949.8210
-41951.3410
-41958.9629
-41950.8716
-41946.8036
-41942.0426
-41948.7035
-41949.9775
-41942.9591
-41937.8629
-41942.2215
-41934.8901
-41939.8298
-41942.4897
-41935.5606
-41943.4508
-41953.4197
-41955.8560
-41956.6830
-41953.9114
-41956.0795
-41960.1699
-41951.1622
-41963.7909
-41972.2846
-41974.0280
-41976.7325
-41974.1397
-41968.0824
-41974.2068
-41972.8433
-41983.8404
-41987.4614
-41983.9075
-41979.8841
-41978.3642
-41987.1038
-41988.4896
-41991.0824
-41990.0989
-41985.1815
-41988.6907
-41993.4070
-41997.4750
-41999.6431
-41994.3904
-42004.4264
-42007.7344
-42008.2709
-42006.5274
-42000.7830
-41999.5760
-42004.4040
-42005.4098
-42010.9084
-42012.4730
-42016.5187
-42011.0648
-42008.4050
-42013.7694
-42013.7023
-42015.4458
-42018.6421
-42027.2251
-42017.4351
-42014.9987
-42011.8695
-42016.1610
-42021.7713
-42022.1513
-42012.0036
-42014.1270
-42014.6188
-42012.4730
-42012.6295
-42027.1804
-42020.6090
-42019.9385
-42019.5585
-42022.5983
-42017.4127
-42026.9122
-42021.7937
-42016.1387
-42008.7850
-42016.7645
-42023.2018
-42020.1843
-42030.7567
-42024.6547
-42020.0055
-42026.6663
-42035.6517
-42028.7674
-42040.0774
-42037.3281
-42042.5361
-42040.7926
-42044.5924
-42036.6799
-42041.9773
-42036.4117
-42047.0511
-42044.8830
-42054.7625
-42050.2474
-42052.8849
-42054.9413
-42054.9190
-42058.8529
-42058.4952
-42059.9257
-42062.5185
-42063.7032
-42064.5526
-42066.5195
-42058.0929
-42072.4427
-42075.9966
-42083.4621
-42073.0015
-42063.6361
-42063.9267
-42072.5321
-42076.8684
-42081.9199
-42076.8013
-42078.1201
-42076.3096
-42087.7984
-42091.9558
-42084.8926
-42080.7576
-42072.9345
-42083.4621
-42085.4291
-42083.1716
-42081.4281
-42078.9024
-42079.4388
-42081.9646
-42078.2765
-42079.7741
-42078.8353
-42077.3825
-42079.9976
-42051.1415
-42009.7908
-42113.2347
-42115.6933
-42099.4660
-42085.3844
-42092.9840
-42081.7187
-42083.3057
-42083.3280
-42077.3825
-42086.0773
-42080.8917
-42078.7012
-42077.1813
-42083.9986
-42087.5301
-42083.9986
-42084.2444
-42088.8489
-42093.3863
-42102.1482
-42101.0082
-42099.1978
-42095.9568
-42097.6555
-42103.3775
-42107.4679
-42103.0199
-42101.9694
-42099.2872
-42107.6020
-42107.9149
-42106.1939
-42101.2318
-42100.2930
-42099.5107
-42106.5291
-42108.4514
-42105.8809
-42111.4912
-42115.9392
-42106.9762
-42108.6749
-42117.9732
-42107.6244
-42108.0714
-42109.8148
-42113.2570
-42106.9091
-42108.7420
-42105.5457
-42106.9091
-42109.7478
-42106.7079
-42100.5612
-42107.7138
-42111.3348
-42097.5884
-42093.5428
-42098.2590
-42099.9801
-42098.9742
-42099.7342
-42097.3202
-42088.0666
-42099.8907
-42092.3581
-42091.3970
-42097.5214
-42096.2697
-42095.3533
-42105.7245
-42108.1832
-42110.3289
-42100.0918
-42094.5262
-42098.3037
-42091.4417
-42100.0248
-42094.9286
-42095.3756
-42094.2357
-42082.9927
-42085.0044
-42088.7371
-42078.8577
-42082.4339
-42084.7138
-42082.0987
-42088.7371
-42098.7954
-42085.6973
-42085.8761
-42088.4242
-42086.2337
-42098.0355
-42094.4145
-42093.0734
-42096.4485
-42090.1229
-42090.9276
-42093.3192
-42087.1278
-42104.5845
-42094.1463
-42093.3192
-42097.5437
-42103.3775
-42094.5709
-42093.7439
-42093.5428
-42100.8741
-42101.7459
-42099.7342
-42097.4543
-42094.5933
-42100.0918
-42101.7906
-42093.6545
-42090.7935
-42097.0296
-42090.0112
-42091.3076
-42100.9859
-42092.6040
-42090.2124
-42093.7439
-42085.3173
-42098.7954
-42089.4300
-42094.1686
-42081.1152
-42081.7857
-42085.2279
-42092.6934
-42085.6750
-42078.0977
-42076.6448
-42074.9238
-42080.0870
-42082.7692
-42076.5331
-42068.9558
-42068.4194
-42061.1774
-42066.7430
-42072.2639
-42076.9801
-42072.5321
-42077.7848
-42067.3465
-42071.1910
-42078.2542
-42080.5788
-42070.8110
-42071.3251
-42063.6585
-42063.0103
-42065.3125
-42055.6342
-42053.9131
-42055.4777
-42052.5273
-42054.1813
-42050.4933
-42057.3553
-42056.5283
-42052.9520
-42069.6264
-42068.0841
-42063.4573
-42071.3028
-42072.8451
-42064.3961
-42071.5486
-42072.3533
-42084.8256
-42081.2046
-42075.7508
-42066.6089
-42078.0307
-42078.8353
-42082.6351
-42073.8509
-42080.4670
-42076.1531
-42082.1657
-42077.3601
-42078.2989
-42078.9247
-42074.9014
-42073.2250
-42075.1473
-42080.6682
-42075.6390
-42074.7673
-42070.4758
-42078.5671
-42082.3445
-42081.6069
-42074.9238
-42072.2863
-42063.1444
-42079.7294
-42070.2075
-42078.8353
-42070.7216
-42065.9607
-42064.0161
-42066.9218
-42069.1347
-42073.3368
-42067.0783
-42063.5914
-42066.3854
-42059.4117
-42059.5458
-42057.6906
-42057.6682
-42052.9743
-42053.0638
-42053.3767
-42055.0084
-42055.5895
-42061.2221
-42048.8169
-42043.6313
-42042.9384
-42051.8568
-42047.7664
-42060.3281
-42053.3543
-42048.9287
-42046.8947
-42048.2581
-42045.6430
-42043.4078
-42044.2348
-42042.5137
-42039.6974
-42041.3067
-42047.1629
-42045.5089
-42045.3971
-42043.3407
-42053.7567
-42067.0112
-42066.1619
-42058.1823
-42057.1988
-42058.2047
-42057.9364
-42059.9257
-42061.1774
-42068.0394
-42068.6653
-42061.8480
-42072.1298
-42068.7547
-42069.9840
-42067.0559
-42074.7226
-42069.1570
-42071.1910
-42065.7595
-42068.4194
-42065.4690
-42069.0900
-42066.0501
-42065.6031
-42064.7090
-42063.2562
-42060.9539
-42059.9257
-42061.6021
-42053.1308
-42061.8927
-42071.6381
-42064.7090
-42058.1153
-42063.3009
-42057.2882
-42050.1580
-42056.2824
-42063.8149
-42065.3796
-42068.9111
-42056.8412
-42061.3116
-42054.3825
-42058.6517
-42055.6342
-42054.8966
-42061.6692
-42063.5244
-42066.4748
-42050.5157
-42049.2416
-42047.7887
-42045.4865
-42053.6226
-42054.5166
-42046.6488
-42054.1590
-42047.2076
-42046.2241
-42039.4962
-42045.5312
-42044.5477
-42043.0502
-42037.1940
-42040.1892
-42045.0395
-42055.1425
-42046.3135
-42044.1454
-42041.9326
-42041.4185
-42046.1347
-42054.7401
-42056.3048
-42047.5429
-42049.4428
-42048.1464
-42054.6507
-42068.2182
-42064.9102
-42065.9831
-42063.0550
-42061.1327
-42066.0725
-42063.9491
-42063.0997
-42061.5798
-42061.8480
-42062.9656
-42072.8003
-42074.7673
-42067.9500
-42071.6157
-42054.9860
-42049.5545
-42041.4408
-42050.5157
-42048.5711
-42050.1133
-42052.2367
-42049.2640
-42053.0861
-42044.2572
-42044.0784
-42055.4330
-42051.2756
-42050.6945
-42042.3573
-42045.5312
-42036.0764
-42044.7042
-42044.2125
-42048.6605
-42035.4729
-42034.8918
-42036.7470
-42034.9365
-42033.1484
-42032.0308
-42034.1318
-42033.3272
-42036.4564
-42030.9802
-42035.6517
-42035.7859
-42031.3155
-42019.2009
-42023.3806
-42026.1523
-42027.5381
-42026.9793
-42021.7490
-42008.1815
-42014.2835
-42020.2514
-42012.2048
-42008.9861
-42013.0988
-42018.5080
-42016.5857
-42009.3214
-42012.8306
-42020.6537
-42026.3534
-42020.7878
-42019.2009
-42026.6440
-42024.9900
-42025.7052
-42023.3806
-42016.9880
-42027.3145
-42023.2242
-42017.1222
-42023.4030
-42021.3019
-42034.9141
-42032.4331
-42026.0405
-42022.8218
-42034.1318
-42023.6265
-42026.6440
-42024.3194
-42025.3476
-42027.5157
-42021.4360
-42021.7490
-42026.5769
-42028.7451
-42027.3593
-42023.6489
-42024.4312
-42027.5381
-42013.0094
-42018.1503
-42011.2436
-42016.9210
-42009.3884
-42011.3107
-42012.3389
-42002.1912
-42012.5847
-42021.1455
-42015.3340
-42020.6761
-42017.4574
-42020.0502
-42007.3768
-42003.7335
-42002.0124
-42015.0434
-42004.4711
-42002.7723
-41997.8326
-42001.6547
-42002.0571
-42008.8073
-42005.1863
-41998.6373
-41997.4079
-41995.3963
-41998.3467
-42004.3370
-41998.3020
-41988.0202
-41988.3108
-41982.4993
-41995.0833
-41992.4235
-41983.6392
-41977.9172
-41979.5712
-41984.2427
-41992.9823
-41994.5916
-41984.4215
-41998.7937
-41995.2174
-42012.1824
-42008.3156
-42006.3710
-42006.2816
-42005.1416
-41998.3690
-42003.0406
-42017.7480
-42015.8481
-42018.3738
-42014.8199
-42004.6946
-42012.5847
-42015.0211
-42016.5410
-42015.6246
-42017.9715
-42011.9813
-42015.1775
-42021.1902
-42017.5021
-42018.8432
-42010.1484
-42006.6392
-42005.2757
-42011.6013
-42016.2281
-42006.1698
-42005.4769
-42001.5430
-42004.2699
-42009.6120
-42010.7743
-42004.3593
-41998.5255
-42004.2699
-42002.6159
-42011.1095
-42009.0532
-42013.5682
-42000.7830
-42002.9958
-42001.2971
-42006.1027
-42000.9395
-42003.8452
-42000.0678
-42001.3642
-42009.5673
-42000.7607
-41995.0386
-42000.7830
-41994.0775
-41996.8268
-42002.3476
-42008.3603
-42001.9006
-42006.6615
-41993.7646
-41994.7704
-42005.2310
-41999.6654
-41995.4186
-41991.3506
-41997.5867
-42000.2019
-42001.3418
-41997.9891
-42002.5265
-41998.3020
-42003.5993
-42002.4818
-42001.4312
-42006.0804
-42008.8520
-42002.8617
-42005.9686
-42008.1591
-42009.5673
-42014.9764
-42012.1377
-42009.5002
-42017.8374
-42017.1669
-42015.0881
-42014.3282
-42021.7043
-42021.3243
-42014.9764
-42017.3457
-42015.1105
-42011.7577
-42003.1300
-42012.1601
-42011.6236
-42014.9317
-42007.8238
-42018.0162
-42010.8637
-42014.1270
-42017.8598
-42019.3350
-42010.1261
-42011.7801
-42016.6975
-42014.1047
-42006.2816
-42003.7111
-42012.0707
-42005.5887
-42009.8802
-42009.2990
-42002.7500
-42009.7237
-42014.1270
-42008.5167
-42000.3807
-41992.8035
-41994.6139
-42009.7237
-42007.1309
-42010.2602
-42005.7451
-42006.4157
-42005.5439
-41996.1339
-42004.3146
-42006.2816
-42000.8054
-41999.4643
-41996.2233
-41998.0785
-41997.7432
-41996.0668
-41991.6412
-41994.3457
-41989.9648
-41988.3555
-41991.9988
-41984.6674
-41984.4215
-41996.6480
-41996.9385
-42002.2359
-41999.3302
-41999.4643
-42000.0678
-42007.9579
-42010.0366
-42002.9958
-41993.9657
-42002.1241
-41996.9385
-41995.6421
-42003.6664
-41996.1786
-41997.7655
-42002.5041
-42003.2194
-42014.2164
-42012.6518
-42005.1640
-42006.6615
-42008.5391
-42007.8462
-42008.1144
-42013.0988
-42004.6052
-42005.7004
-42002.3476
-42004.0911
-42001.3195
-42000.1572
-41997.7655
-42000.8054
-41998.6373
-42004.1358
-42001.0736
-42000.8501
-41991.2835
-41993.6305
-41992.5352
-41996.3350
-41990.1436
-42001.0960
-42002.3029
-41991.1941
-42002.5935
-41995.9550
-41996.3797
-41993.4740
-42005.8792
-42005.7228
-41998.1232
-41995.3739
-42001.9230
-41997.8102
-42004.2475
-41995.3516
-41994.3010
-41990.7471
-41994.9716
-41986.0756
-41980.0406
-41979.1242
-41987.8637
-41975.1456
-41973.6033
-41980.2194
-41980.9123
-41975.2573
-41977.0455
-41982.0970
-41984.1980
-41992.3341
-41986.0309
-41994.1446
-41991.9764
-41991.7306
-41994.0104
-42003.0406
-41994.3681
-42002.7723
-41995.8209
-42001.1854
-42008.2038
-42009.9025
-42010.1708
-42008.0920
-41998.1008
-42011.0648
-42012.7189
-42020.2067
-42029.6168
-42025.3699
-42011.9813
-42015.0434
-42022.8442
-42022.1289
-42022.6654
-42025.7499
-42022.5536
-42023.2912
-42032.2096
-42029.2591
-42036.1882
-42031.3379
-42030.0862
-42032.1425
-42030.9802
-42039.0492
-42037.9763
-42037.3058
-42042.4020
-42036.9705
-42041.1503
-42046.1347
-42057.5788
-42049.7781
-42051.4991
-42045.4418
-42045.9559
-42053.2873
-42049.9792
-42053.5331
-42051.6332
-42057.5341
-42057.0200
-42060.8198
-42053.9355
-42067.7489
-42053.6896
-42063.6808
-42055.0978
-42065.0443
-42060.3504
-42054.2708
-42054.2260
-42063.0997
-42055.4330
-42059.7916
-42063.0773
-42065.4466
-42077.5166
-42073.7168
-42083.9539
-42072.6215
-42078.3659
-42091.0170
-42086.6361
-42086.7925
-42091.3299
-42091.7546
-42105.4562
-42096.0685
-42090.3465
-42095.4874
-42100.9635
-42089.2289
-42100.9412
-42105.0763
-42107.6914
-42105.5009
-42110.8207
-42111.2901
-42114.5758
-42114.5758
-42118.7779
-42111.1559
-42106.7526
-42113.5252
-42123.1812
-42120.7672
-42116.9227
-42117.1909
-42114.6875
-42119.4261
-42121.0354
-42131.1384
-42122.0189
-42126.2881
-42132.9265
-42128.7021
-42124.7458
-42135.6758
-42133.4406
-42137.4192
-42139.2744
-42138.5145
-42136.3911
-42130.4008
-42133.9547
-42132.8371
-42133.4630
-42130.0208
-42123.7847
-42137.9333
-42148.5504
-42142.8284
-42139.3862
-42133.7759
-42131.2055
-42143.1413
-42143.7448
-42134.9158
-42142.4260
-42137.9333
-42134.4912
-42132.2783
-42133.6194
-42134.4241
-42140.5261
-42131.4960
-42145.7564
-42145.2871
-42148.6398
-42145.9800
-42146.7399
-42145.4659
-42145.0412
-42141.7331
-42152.7972
-42165.7836
-42158.2511
-42157.5582
-42157.9381
-42169.1811
-42163.1237
-42165.0236
-42165.5601
-42169.0246
-42163.5484
-42169.2705
-42167.6612
-42171.5951
-42167.0800
-42164.5319
-42179.3064
-42183.9556
-42184.7379
-42192.8963
-42184.7155
-42185.9225
-42190.1247
-42179.1947
-42179.5076
-42177.6300
-42184.1344
-42178.3453
-42174.1432
-42178.0324
-42181.0275
-42177.8535
-42186.6825
-42174.6349
-42173.5620
-42174.4114
-42172.2209
-42172.1091
-42171.6174
-42164.0849
-42168.9128
-42176.2219
-42169.8516
-42183.1956
-42179.1052
-42180.4687
-42187.7107
-42182.9497
-42193.7680
-42190.7058
-42180.5134
-42178.8817
-42185.6543
-42178.1218
-42173.7408
-42174.2773
-42176.1548
-42175.3502
-42176.4454
-42180.8263
-42181.2734
-42177.5630
-42173.0032
-42169.2481
-42162.9449
-42166.0742
-42165.3142
-42176.2889
-42180.0440
-42182.0780
-42175.1937
-42174.2773
-42177.9430
-42176.8701
-42179.2394
-42179.6417
-42191.9798
-42181.5863
-42176.2666
-42176.3336
-42181.6980
-42178.0324
-42178.8817
-42165.0460
-42175.1490
-42179.4629
-42177.1383
-42174.4337
-42173.6738
-42170.0081
-42179.9323
-42171.3045
-42182.6145
-42174.5008
-42169.2034
-42156.8429
-42164.9789
-42168.0188
-42167.3035
-42162.9449
-42167.7506
-42157.4464
-42154.5183
-42152.3502
-42156.6864
-42157.4911
-42158.8099
-42153.8254
-42154.4066
-42158.4075
-42154.8983
-42148.7963
-42143.9907
-42155.0324
-42151.3667
-42149.7351
-42145.9800
-42144.3930
-42140.2579
-42137.2181
-42140.5708
-42147.2764
-42138.3804
-42138.2463
-42133.8430
-42128.8138
-42135.1394
-42143.2754
-42135.8323
-42128.5679
-42117.4144
-42132.0548
-42135.0500
-42131.6972
-42124.4105
-42116.4086
-42121.1248
-42123.6282
-42120.9907
-42119.0014
-42117.8615
-42111.1783
-42128.3891
-42120.7225
-42126.5563
-42119.1132
-42115.1122
-42123.4941
-42133.4183
-42123.2259
-42135.0276
-42124.3882
-42126.4669
-42123.1812
-42127.4951
-42134.7370
-42126.9586
-42133.7983
-42125.3046
-42123.0694
-42126.2881
-42120.4319
-42125.5505
-42132.3677
-42118.4650
-42117.7721
-42108.4290
-42115.3804
-42116.8780
-42119.4931
-42113.6817
-42113.8381
-42107.6691
-42106.6632
-42103.2658
-42104.3610
-42101.3882
-42100.2706
-42096.5155
-42100.7400
-42102.7517
-42099.3542
-42097.6331
-42090.6594
-42103.6234
-42100.7847
-42094.3474
-42089.4971
-42094.6604
-42078.6565
-42086.4573
-42083.6186
-42089.5195
-42079.1482
-42072.0851
-42075.2367
-42083.7080
-42070.3640
-42070.5875
-42064.2173
-42058.4058
-42061.7139
-42063.9938
-42068.0841
-42051.8121
-42062.5185
-42059.6128
-42061.8480
-42060.1716
-42062.2503
-42056.8859
-42060.8869
-42055.1872
-42065.4243
-42064.8431
-42056.3495
-42060.7751
-42061.1104
-42064.4855
-42076.7119
-42072.7109
-42083.7751
-42076.1308
-42076.2425
-42080.4670
-42078.3883
-42073.5380
-42078.0083
-42069.4923
-42074.6779
-42072.8227
-42066.6536
-42076.9801
-42071.1016
-42069.6040
-42067.3689
-42063.5691
-42074.5214
-42067.7489
-42065.8490
-42068.0841
-42057.3329
-42065.3125
-42067.3465
-42055.7013
-42060.6410
-42069.4476
-42057.6459
-42058.1376
-42051.3650
-42042.5584
-42039.3845
-42048.0123
-42045.4865
-42053.0191
-42049.0181
-42047.2523
-42040.6138
-42035.7859
-42031.9190
-42038.8257
-42047.3864
-42034.2659
-42030.0638
-42025.4370
-42036.1435
-42039.6080
-42034.8918
-42021.4584
-42024.6547
-42027.7616
-42023.9394
-42018.3291
-42016.4740
-42009.8131
-42016.6081
-42021.9278
-42015.3117
-42001.9900
-41998.4137
-42000.6042
-42002.8617
-42010.0814
-41996.9385
-41994.7481
-41983.6392
-42002.1465
-41998.7267
-42004.1805
-41999.7995
-42001.9230
-41998.1455
-42006.9074
-42000.2242
-42001.6771
-41997.4750
-42000.8277
-42001.6994
-42012.0707
-42007.2650
-42005.0075
-41996.6256
-42001.0736
-42001.8559
-41997.9220
-42004.3146
-42002.4147
-41998.7043
-41994.6139
-42001.4983
-41997.1844
-41992.3564
-41999.6207
-42000.0007
-41990.2107
-41994.4351
-41992.4235
-41989.6295
-41983.5051
-41995.7762
-41994.6810
-41993.6081
-41996.6033
-41990.2554
-41982.4099
-41991.0153
-41991.9988
-41991.6188
-41984.6674
-41986.1203
-41980.1971
-41975.6597
-41978.7666
-41984.0416
-41986.3214
-41979.5936
-41965.7355
-41970.3400
-41980.8900
-41976.8220
-41990.6130
-41978.6772
-41980.3088
-41977.7831
-41979.0795
-41984.4663
-41978.9007
-41971.5022
-41983.8181
-41979.1018
-41981.2029
-41967.3225
-41964.0368
-41961.8686
-41973.0892
-41970.8317
-41968.1718
-41965.1096
-41966.6072
-41973.0445
-41971.2340
-41973.4915
-41968.0601
-41972.7539
-41975.7044
-41969.5129
-41963.3439
-41978.1854
-41976.0620
-41981.3817
-41967.2554
-41970.5635
-41971.1223
-41975.3244
-41974.6985
-41977.8278
-41970.6976
-41981.1358
-41980.8229
-41985.3603
-41980.3535
-41975.8385
-41973.6480
-41972.9775
-41981.3370
-41975.9502
-41986.0756
-41978.9454
-41976.1961
-41968.4848
-41975.6597
-41969.1777
-41975.9055
-41968.7306
-41989.2719
-41977.3360
-41982.5440
-41995.2621
-41990.6130
-41987.7073
-41991.7976
-41992.5129
-41996.4244
-41989.9648
-41989.7860
-41994.5245
-41993.9881
-41991.9094
-41995.0163
-41981.5605
-41979.9288
-41982.8122
-41992.8929
-41992.5129
-41992.9376
-41989.0037
-41984.7121
-41988.5119
-41989.7189
-41989.5401
-41985.3380
-41991.3729
-41986.5226
-41987.2379
-41987.1261
-41988.1766
-41990.9930
-41974.8103
-41977.3360
-41972.6645
-41981.4935
-41982.6781
-41975.4585
-41988.6684
-41990.1212
-41988.4002
-41998.6373
-42001.1630
-41993.8316
-41992.3788
-41988.0872
-41998.5926
-42002.5041
-42006.2592
-42008.1591
-41994.0328
-41996.8044
-42002.2806
-42003.3982
-42010.1708
-42014.7305
-42002.7723
-42006.4604
-42011.9813
-42016.7198
-42015.8481
-42016.8763
-42004.0911
-42012.9871
-42029.2815
-42022.6877
-42012.4506
-42006.9745
-42007.8015
-42013.0094
-42025.3252
-42016.9657
-42018.4409
-42023.8500
-42019.7597
-42026.5769
-42025.9287
-42017.5245
-42008.0697
-42013.4788
-42024.5429
-42015.7810
-42018.0833
-42018.9550
-42009.6567
-42009.1873
-42012.3389
-42019.2009
-42012.0036
-42011.5789
-42008.1368
-42011.9365
-42010.8637
-42017.6809
-42017.3233
-42015.1999
-42015.5128
-42019.8267
-42016.6751
-42021.8384
-42014.1494
-42017.5692
-42004.8063
-42018.6197
-42014.7305
-42011.8248
-42006.2592
-42006.1474
-42004.7840
-42011.2660
-42016.2057
-42027.1134
-42028.4098
-42020.7431
-42025.3699
-42027.1357
-42033.9977
-42034.3330
-42036.2329
-42039.4962
-42048.8616
-42036.0317
-42040.8821
-42041.8208
-42044.1678
-42042.2679
-42047.0735
-42047.7217
-42053.7567
-42045.8665
-42044.5477
-42054.3825
-42054.4719
-42045.6653
-42043.6760
-42049.0851
-42052.0579
-42061.6468
-42054.2037
-42057.2212
-42057.9811
-42058.3164
-42061.7809
-42071.5934
-42067.5700
-42063.1667
-42051.9015
-42066.1395
-42068.3971
-42079.9306
-42065.3349
-42065.0443
-42059.5905
-42068.5088
-42072.8674
-42073.2921
-42067.1007
-42079.6176
-42080.4223
-42073.4933
-42071.5710
-42068.8441
-42078.3659
-42082.2775
-42084.1774
-42083.4398
-42077.2483
-42079.4835
-42078.9471
-42075.1920
-42075.9966
-42082.9480
-42083.8421
-42075.1473
-42077.8071
-42077.4495
-42082.1210
-42077.9189
-42082.3445
-42080.9811
-42083.8645
-42075.5943
-42087.2172
-42086.7925
-42108.4737
-42084.9373
-42082.6575
-42084.0209
-42088.4242
-42095.6215
-42099.6671
-42100.8965
-42096.2473
-42099.5554
-42099.5554
-42100.7847
-42088.9383
-42092.2911
-42105.7692
-42112.7876
-42102.0811
-42102.1929
-42105.6574
-42113.5923
-42115.0451
-42107.4679
-42104.5845
-42105.3445
-42106.9538
-42124.1423
-42114.3299
-42108.6972
-42107.1550
-42117.5709
-42113.0558
-42118.1967
-42117.2803
-42120.9013
-42117.9285
-42123.2929
-42123.7847
-42116.9674
-42126.6904
-42116.5204
-42117.5932
-42120.1190
-42113.3017
-42115.0898
-42104.8527
-42114.9557
-42111.1336
-42101.7235
-42114.9334
-42109.3007
-42107.2220
-42111.9606
-42106.1939
-42112.0053
-42113.0782
-42104.7633
-42108.6302
-42109.5690
-42098.5943
-42105.4339
-42103.5116
-42111.4018
-42104.5175
-42103.6011
-42104.6963
-42112.2288
-42107.7138
-42101.5670
-42097.8790
-42095.5321
-42095.7109
-42097.2979
-42100.3824
-42107.1997
-42101.3212
-42101.0530
-42113.7487
-42114.9557
-42112.4076
-42112.5641
-42111.5136
-42116.8333
-42117.9509
-42114.4864
-42102.9529
-42096.5826
-42116.0510
-42115.2687
-42118.2414
-42118.9120
-42119.2473
-42120.7672
-42123.9635
-42127.1374
-42127.2939
-42122.8683
-42121.1472
-42111.6253
-42111.9606
-42109.3902
-42125.5058
-42122.2648
-42117.5709
-42108.3620
-42105.5457
-42109.1219
-42112.9441
-42110.1725
-42117.4368
-42106.4844
-42096.7167
-42104.0928
-42103.6905
-42102.0141
-42108.6972
-42103.8916
-42096.6944
-42097.5214
-42093.6769
-42107.7808
-42110.7760
-42109.7478
-42115.0004
-42103.6234
-42106.8421
-42105.8586
-42100.0471
-42103.1093
-42106.7303
-42108.8984
-42103.3105
-42105.2104
-42093.0957
-42095.6885
-42102.9752
-42100.4271
-42088.0442
-42085.6526
-42089.1171
-42086.2784
-42092.9169
-42084.4233
-42078.2542
-42074.0297
-42082.9033
-42093.3640
-42100.7400
-42094.4145
-42096.3591
-42079.5506
-42091.2629
-42092.1570
-42088.9830
-42091.3076
-42097.7896
-42092.3581
-42099.5330
-42096.7838
-42096.2473
-42100.7400
-42106.7303
-42112.3853
-42114.3746
-42111.3571
-42119.7390
-42119.7390
-42119.0461
-42112.3853
-42114.0617
-42111.5136
-42112.2735
-42107.0432
-42107.1997
-42106.9538
-42099.5554
-42099.0189
-42100.4718
-42103.4446
-42103.1540
-42097.0967
-42101.3882
-42103.4446
-42100.1365
-42099.0413
-42093.5875
-42087.0831
-42096.2697
-42094.9509
-42090.1006
-42098.1249
-42104.9869
-42090.8606
-42103.5340
-42101.9023
-42099.2648
-42088.0889
-42095.7332
-42098.4601
-42099.8460
-42094.1463
-42089.6759
-42079.3941
-42082.5457
-42080.6235
-42078.3883
-42083.6633
-42089.5418
-42082.9257
-42088.8042
-42091.4864
-42087.6866
-42089.5865
-42091.0841
-42084.1550
-42079.0365
-42081.0481
-42084.2668
-42080.0647
-42082.3892
-42085.2726
-42088.3795
-42089.9441
-42077.0919
-42094.5262
-42097.5437
-42098.0802
-42090.9723
-42095.7109
-42088.6254
-42093.8333
-42101.9470
-42099.2648
-42092.3581
-42100.3153
-42092.8052
-42092.9840
-42091.2405
-42088.7148
-42099.5330
-42091.9781
-42089.4971
-42086.9266
-42094.4815
-42092.4922
-42088.7148
-42082.4116
-42082.7245
-42078.9247
-42094.4145
-42084.2444
-42082.0540
-42088.5136
-42083.3504
-42089.6089
-42085.1832
-42092.8275
-42081.2940
-42080.8693
-42064.3737
-42079.5506
-42068.9335
-42067.7936
-42065.9831
-42073.2250
-42066.2066
-42067.6147
-42060.8198
-42051.9909
-42065.6701
-42063.5691
-42059.7022
-42055.4330
-42053.4884
-42057.2435
-42054.2484
-42061.0657
-42059.1434
-42056.1706
-42055.9024
-42053.3320
-42039.1610
-42045.8665
-42038.3116
-42052.4379
-42036.2329
-42040.5691
-42040.1892
-42034.4448
-42041.6420
-42038.2669
-42044.3466
-42046.4029
-42049.7333
-42047.6099
-42041.3514
-42043.5419
-42051.9015
-42046.5818
-42055.8577
-42056.1036
-42060.5963
-42052.7955
-42063.4126
-42053.5778
-42052.1250
-42054.8742
-42060.5069
-42059.0764
-42061.2892
-42058.9199
-42051.4991
-42042.6925
-42050.4486
-42047.9676
-42040.1444
-42051.0074
-42050.6498
-42051.1415
-42038.1998
-42036.1435
-42038.8928
-42038.5575
-42038.3563
-42033.3048
-42029.1697
-42037.2834
-42036.9929
-42045.6877
-42042.0891
-42044.8383
-42034.1765
-42042.3573
-42039.0492
-42038.6022
-42035.3612
-42037.1493
-42029.8179
-42033.6624
-42039.2504
-42035.6294
-42036.0094
-42032.4554
-42031.3602
-42022.1960
-42034.1095
-42032.6343
-42017.2116
-42019.8714
-42016.8763
-42005.6557
-42009.0979
-42013.6576
-42015.9152
-42004.6499
-42013.3894
-42012.3165
-42021.4584
-42022.2854
-42032.0755
-42024.8335
-42028.4768
-42023.6042
-42031.2485
-42030.4661
-42030.1532
-42036.0541
-42040.1892
-42035.5176
-42037.7305
-42043.8772
-42044.6371
-42049.6216
-42050.3368
-42056.5730
-42066.3854
-42059.1211
-42054.5166
-42070.9004
-42046.4700
-42054.3825
-42063.6808
-42060.5069
-42061.1998
-42061.0433
-42059.5681
-42064.3514
-42067.2348
-42059.9704
-42060.8198
-42059.9704
-42068.5088
-42066.1395
-42064.6867
-42059.2328
-42068.7323
-42070.2970
-42072.2416
-42069.0453
-42068.7770
-42069.9617
-42073.7391
-42076.0637
-42082.0763
-42073.8062
-42076.7119
-42063.5244
-42070.0734
-42074.7002
-42071.7722
-42075.7508
-42074.4767
-42078.4553
-42072.1745
-42073.4262
-42075.3484
-42075.6167
-42077.2930
-42077.3154
-42078.7012
-42081.8305
-42078.5671
-42074.1638
-42074.7449
-42076.7119
-42080.5564
-42085.4961
-42083.3057
-42080.4446
-42089.4077
-42093.5428
-42093.2075
-42105.3668
-42103.6905
-42109.5913
-42107.7808
-42112.0053
-42110.2395
-42110.4407
-42108.3843
-42106.1044
-42105.3445
-42113.5476
-42112.9441
-42117.9509
-42117.7944
-42119.5155
-42119.6496
-42115.3581
-42124.5446
-42123.8964
-42120.9237
-42121.2589
-42126.4222
-42123.8741
-42128.2103
-42125.5728
-42125.6846
-42124.5446
-42134.6476
-42127.8974
-42121.6613
-42133.8430
-42131.4066
-42129.1938
-42126.3328
-42128.7691
-42119.8955
-42135.4299
-42129.5291
-42139.7885
-42134.3794
-42138.9615
-42133.7312
-42130.1102
-42135.5864
-42132.0772
-42127.0927
-42128.0539
-42135.6311
-42137.0616
-42132.8148
-42135.2958
-42135.6758
-42130.9372
-42133.4183
-42137.1957
-42136.2346
-42129.9314
-42125.5728
-42122.8012
-42129.3279
-42129.3056
-42121.6389
-42116.9450
-42113.5476
-42118.7332
-42133.3959
-42130.6243
-42128.8138
-42125.2822
-42125.2599
-42125.1705
-42139.0062
-42138.9615
-42135.6535
-42138.0898
-42136.4581
-42140.9732
-42144.2589
-42145.8906
-42145.8458
-42146.6058
-42142.0684
-42145.4659
-42149.2210
-42156.6641
-42146.2705
-42140.0120
-42144.1024
-42161.0227
-42160.9109
-42167.3929
-42165.9848
-42162.9002
-42154.8983
-42158.8099
-42152.1937
-42155.5465
-42155.2336
-42156.9770
-42159.8380
-42159.6592
-42158.0723
-42164.0849
-42157.7817
-42153.9595
-42158.9440
-42158.4299
-42154.3395
-42159.6145
-42157.0441
-42160.5533
-42155.0324
-42156.0829
-42143.9683
-42147.1646
-42160.5086
-42156.9100
-42157.4017
-42148.7516
-42148.6622
-42157.6923
-42143.2754
-42142.5154
-42143.9683
-42139.2297
-42134.7147
-42138.6486
-42130.0208
-42130.4678
-42131.7195
-42130.8478
-42122.9800
-42123.6506
-42127.4504
-42131.0713
-42134.7817
-42126.9810
-42134.6923
-42125.2822
-42132.5466
-42128.0986
-42129.8196
-42132.8818
-42126.4445
-42130.6243
-42133.1501
-42125.6399
-42129.5291
-42136.6593
-42124.3882
-42128.8585
-42130.8255
-42135.0947
-42133.6194
-42136.5252
-42135.3852
-42132.9936
-42137.4639
-42128.9703
-42126.1763
-42128.2774
-42124.4999
-42128.3891
-42136.5028
-42127.3163
-42124.0976
-42115.5592
-42120.8789
-42124.5893
-42127.0257
-42114.7546
-42109.9266
-42108.1608
-42121.0131
-42110.8877
-42106.0597
-42104.6069
-42113.0558
-42100.2930
-42107.5350
-42097.6108
-42091.5311
-42095.0403
-42089.7877
-42091.2852
-42087.3960
-42091.6652
-42098.1919
-42089.4971
-42090.3241
-42088.3125
-42085.1609
-42080.1317
-42082.3669
-42079.5059
-42076.8013
-42075.5943
-42068.0618
-42068.5759
-42066.3407
-42073.8509
-42074.9685
-42071.9733
-42068.5759
-42070.9004
-42071.3251
-42077.4048
-42071.6604
-42079.4388
-42072.3310
-42082.2104
-42088.3795
-42078.3436
-42079.6176
-42078.0977
-42086.8596
-42083.5515
-42091.3746
-42090.4359
-42096.3367
-42084.4233
-42080.9587
-42080.3105
-42088.0219
-42087.3290
-42087.1278
-42088.2231
-42092.0005
-42082.0540
-42084.4456
-42085.4067
-42079.2153
-42077.4719
-42077.1142
-42076.6448
-42073.8732
-42068.6653
-42063.5020
-42069.8052
-42073.0015
-42069.3805
-42072.5992
-42067.2124
-42058.4058
-42063.3456
-42057.8694
-42054.3825
-42056.8859
-42063.5244
-42060.7528
-42059.6128
-42050.2698
-42042.0891
-42045.2406
-42054.0919
-42050.0463
-42049.2863
-42045.6430
-42049.3757
-42052.3485
-42048.9734
-42045.6430
-42041.5079
-42046.3806
-42033.7742
-42044.4360
-42038.7810
-42031.7402
-42023.2912
-42019.1115
-42027.9180
-42033.4166
-42042.5808
-42041.9549
-42039.8315
-42037.4175
-42045.8441
-42046.2688
-42044.0784
-42037.0599
-42041.3738
-42045.4195
-42046.0453
-42045.1959
-42038.0434
-42037.3058
-42055.8801
-42055.9918
-42048.3252
-42045.8218
-42049.6439
-42055.7013
-42054.3155
-42052.9967
-42065.1337
-42061.9374
-42044.3689
-42048.9957
-42045.6430
-42040.0550
-42034.1318
-42035.1377
-42028.8345
-42040.2339
-42041.1056
-42036.8364
-42040.5691
-42032.2543
-42025.9064
-42038.0881
-42044.8383
-42048.8393
-42036.0764
-42034.2883
-42033.4389
-42037.2611
-42040.7479
-42046.5594
-42039.3845
-42040.2786
-42033.7742
-42032.9472
-42035.3388
-42030.5108
-42036.9481
-42033.6624
-42029.7956
-42031.3826
-42027.5157
-42032.7684
-42024.2077
-42037.8869
-42032.9695
-42033.4613
-42032.1425
-42030.6003
-42030.1979
-42029.1250
-42037.6858
-42028.7674
-42030.9802
-42023.5148
-42026.6216
-42031.8520
-42037.7752
-42039.4068
-42039.5410
-42041.1503
-42042.5584
-42050.4710
-42048.0793
-42053.2649
-42056.0142
-42052.5944
-42059.3446
-42056.5059
-42061.7809
-42056.3495
-42063.7926
-42076.8684
-42076.3990
-42086.9937
-42102.8858
-42103.7799
-42105.2774
-42107.1550
-42105.0316
-42096.5155
-42098.5496
-42105.9927
-42103.2434
-42105.4339
-42098.9742
-42100.4271
-42096.4038
-42103.6905
-42105.4339
-42112.0947
-42106.6856
-42107.3561
-42114.4864
-42110.9101
-42116.1180
-42118.3979
-42114.6875
-42115.6039
-42109.2337
-42110.9771
-42121.6389
-42114.0393
-42114.5534
-42102.9305
-42112.2512
-42097.3202
-42106.9091
-42109.5243
-42112.6759
-42115.0228
-42114.0617
-42108.9431
-42106.5068
-42109.3007
-42113.6370
-42108.4737
-42105.7468
-42099.2872
-42101.2094
-42107.0879
-42102.2152
-42104.6069
-42101.2765
-42097.2085
-42097.6108
-42111.1783
-42109.1890
-42105.6351
-42104.8304
-42115.1569
-42115.1569
-42112.2288
-42122.0189
-42120.9684
-42122.3318
-42128.0315
-42125.4611
-42130.1773
-42120.4990
-42132.2783
-42139.8779
-42135.9887
-42131.7866
-42131.4290
-42133.3512
-42137.4639
-42140.9955
-42137.3522
-42142.6719
-42136.8157
-42138.6933
-42137.8886
-42141.7778
-42139.1850
-42141.6884
-42128.8809
-42133.3959
-42142.5601
-42142.1578
-42141.9566
-42141.3531
-42141.4873
-42153.6913
-42148.2375
-42153.8031
-42154.6748
-42156.5076
-42147.4105
-42144.1024
-42139.2968
-42139.2968
-42145.0635
-42145.3318
-42145.7117
-42148.6398
-42134.1112
-42138.7603
-42135.8099
-42140.9955
-42142.9848
-42131.7642
-42134.8041
-42127.7856
-42131.2949
-42125.9081
-42130.4455
-42128.0762
-42125.2152
-42121.1025
-42125.2375
-42120.2531
-42116.4757
-42125.1928
-42119.8284
-42111.7594
-42109.4572
-42106.4397
-42112.3406
-42108.0267
-42115.2240
-42117.1015
-42119.0685
-42128.0092
-42117.1909
-42121.7730
-42122.8906
-42125.7293
-42120.2307
-42126.3775
-42128.9703
-42126.2434
-42125.1928
-42115.9392
-42126.5339
-42132.9042
-42122.0859
-42133.1724
-42140.6155
-42133.6194
-42120.4990
-42119.7614
-42120.1637
-42119.3367
-42119.9625
-42126.1093
-42119.8731
-42121.0801
-42118.0403
-42114.6875
-42117.2580
-42113.4582
-42114.3969
-42118.5767
-42121.4377
-42112.6535
-42124.0752
-42108.4290
-42103.6681
-42098.8848
-42109.3454
-42099.7566
-42102.8634
-42109.8148
-42104.4951
-42096.9179
-42098.2143
-42096.4708
-42098.2366
-42096.9626
-42099.0413
-42102.0364
-42101.1647
-42093.1404
-42094.4592
-42090.6370
-42087.1055
-42084.8032
-42089.5865
-42091.1511
-42086.3455
-42091.8664
-42082.7469
-42072.5098
-42075.5496
-42084.4233
-42082.0316
-42084.8703
-42075.6167
-42088.1783
-42084.5797
-42076.7119
-42080.2211
-42074.9014
-42077.2483
-42085.9655
-42088.2007
-42085.4514
-42080.6682
-42082.4116
-42087.2396
-42086.9714
-42089.7206
-42094.0569
-42100.5389
-42093.0510
-42097.3873
-42096.8508
-42092.2464
-42083.7527
-42091.1288
-42095.6662
-42094.2133
-42093.3192
-42087.2396
-42078.0083
-42081.4058
-42088.9160
-42091.7099
-42090.3465
-42083.7080
-42085.9432
-42087.4407
-42096.1132
-42087.9548
-42085.8761
-42085.2950
-42094.9956
-42091.8217
-42097.2532
-42091.8887
-42089.1171
-42086.7255
-42093.7663
-42098.3037
-42095.1074
-42082.2551
-42089.5642
-42091.9558
-42095.5097
-42088.8936
-42084.2221
-42088.7371
-42091.4194
-42099.2872
-42099.4436
-42089.8994
-42086.8372
-42096.7167
-42096.2473
-42094.7051
-42089.4971
-42092.5593
-42092.0899
-42095.7332
-42095.4650
-42095.1297
-42080.7352
-42092.8722
-42094.6380
-42095.5097
-42092.4252
-42089.7877
-42099.6448
-42108.9208
-42109.4125
-42106.1268
-42105.0986
-42113.9276
-42109.0549
-42117.0792
-42121.3483
-42114.7546
-42118.5991
-42122.3765
-42129.7526
-42127.4727
-42131.0043
-42129.2161
-42131.4513
-42128.7468
-42133.6641
-42132.2113
-42140.7497
-42139.7438
-42135.7429
-42131.4290
-42138.4027
-42128.8362
-42133.8206
-42129.9538
-42135.1170
-42135.4970
-42138.7156
-42152.2384
-42146.1811
-42132.2336
-42130.3561
-42135.0947
-42141.5543
-42144.8624
-42131.2502
-42130.2220
-42135.3182
-42140.0567
-42132.2113
-42122.7788
-42122.4436
-42127.2715
-42127.5174
-42131.8537
-42126.8245
-42120.2978
-42121.5271
-42127.9421
-42124.3658
-42128.3668
-42128.2774
-42133.1054
-42123.4718
-42128.9926
-42124.7682
-42127.1598
-42120.0072
-42124.5670
-42123.3823
-42126.1987
-42121.8401
-42121.9295
-42114.1064
-42115.0898
-42123.0471
-42126.7351
-42134.3123
-42127.8527
-42134.8935
-42124.3435
-42116.8780
-42126.1763
-42132.7030
-42134.6476
-42139.7662
-42142.2696
-42136.0781
-42135.6758
-42146.1364
-42150.2938
-42144.1248
-42135.2064
-42152.7078
-42148.0363
-42147.3881
-42150.0033
-42144.9741
-42145.3318
-42149.8021
-42152.8866
-42153.1549
-42158.0499
-42149.0421
-42150.1150
-42145.1306
-42143.5660
-42142.6719
-42150.4503
-42139.4309
-42145.3318
-42144.8624
-42148.3716
-42145.1529
-42140.1685
-42136.8157
-42134.0888
-42139.3862
-42136.1899
-42138.0898
-42132.8818
-42139.0509
-42131.7195
-42133.6865
-42131.1831
-42138.2910
-42130.6243
-42130.0208
-42121.2813
-42124.6340
-42133.4183
-42132.2113
-42137.4639
-42136.9275
-42126.8469
-42124.1200
-42128.1209
-42130.3561
-42126.1763
-42119.8061
-42115.2910
-42115.0228
-42117.3250
-42107.5797
-42109.8148
-42107.5573
-42119.4484
-42118.1520
-42110.5077
-42112.8994
-42119.6496
-42118.3756
-42126.4445
-42120.1190
-42121.2142
-42116.0957
-42125.3716
-42121.7283
-42124.8576
-42116.5651
-42120.2531
-42122.6447
-42133.6865
-42121.8624
-42128.6574
-42122.3095
-42124.9917
-42118.3979
-42126.4669
-42133.3512
-42130.1996
-42126.3328
-42121.1695
-42113.4582
-42115.3134
-42126.1540
-42114.2852
-42121.9518
-42115.0675
-42109.0772
-42111.3348
-42112.5865
-42109.2113
-42118.5991
-42104.9645
-42106.0821
-42110.7313
-42113.4358
-42103.7352
-42101.7235
-42097.1637
-42100.8965
-42104.9645
-42108.0938
-42105.4786
-42116.4533
-42123.3153
-42115.9169
-42112.3629
-42109.3007
-42112.0500
-42112.7429
-42116.6992
-42100.9859
-42104.3163
-42099.3542
-42099.8683
-42091.0841
-42100.2930
-42096.5379
-42087.4854
-42075.9072
-42083.4845
-42070.6322
-42076.7790
-42073.6274
-42073.4262
-42071.5710
-42069.6488
-42079.4165
-42083.7527
-42078.4777
-42078.2765
-42086.3008
-42086.8819
-42103.0646
-42098.9519
-42094.4815
-42095.1297
-42095.9791
-42098.7284
-42101.2541
-42096.8508
-42102.6846
-42101.3659
-42107.1326
-42105.9927
-42118.3979
-42113.3241
-42115.2463
-42106.9315
-42118.1744
-42116.0510
-42117.5932
-42116.0957
-42105.3221
-42107.6467
-42099.7789
-42098.7284
-42100.9859
-42106.1715
-42103.4446
-42106.8644
-42096.8285
-42097.1637
-42105.3892
-42108.9878
-42106.5291
-42107.0209
-42102.0364
-42103.1093
-42100.0471
-42103.6011
-42100.9859
-42103.1093
-42102.1929
-42094.9062
-42099.4883
-42101.8800
-42094.2133
-42086.5690
-42089.0277
-42092.0005
-42100.3377
-42097.6555
-42100.7624
-42096.8061
-42102.2152
-42104.5622
-42106.9762
-42103.1317
-42105.8139
-42092.6487
-42086.0102
-42085.8985
-42085.4067
-42084.8032
-42081.6740
-42083.8421
-42082.2775
-42080.9364
-42095.9344
-42082.2328
-42094.7498
-42090.1900
-42088.9607
-42103.6234
-42103.6458
-42111.0665
-42106.6856
-42107.7808
-42103.6905
-42117.0121
-42115.8722
-42119.8508
-42107.8926
-42109.2113
-42112.6312
-42120.9460
-42113.2347
-42120.0072
-42117.0792
-42118.3085
-42112.9888
-42119.6049
-42125.5952
-42124.6340
-24241.2939
-48483.9512
-48480.8443
-48476.7539
-48475.3458
-48475.7928
-48479.7044
-48477.6704
-48483.6830
-48478.7656
-48478.8327
-48472.7530
-48472.1495
-48471.4566
-48472.9989
-48471.0990
-48475.5022
-48471.4119
-48471.0319
-48468.2379
-48462.8959
-48458.5820
-48463.5888
-48459.4537
-48461.2865
-48459.2525
-48463.2982
-48469.3108
-48468.3720
-48468.7297
-48469.6684
-48469.5790
-48472.2612
-48472.6189
-48473.3788
-48466.3827
-48471.3001
-48470.3613
-48468.3720
-48466.3157
-48471.0543
-48469.8920
-48466.8298
-48471.4789
-48470.7860
-48474.3400
-48471.6801
-48474.2729
-48473.0659
-48469.7802
-48466.4945
-48468.0815
-48473.2000
-48472.1718
-48477.3127
-48477.5586
-48477.2457
-48474.1388
-48475.1223
-48473.8259
-48470.6519
-48469.1544
-48476.4410
-48476.1952
-48471.2554
-48469.1991
-48466.1369
-48466.9862
-48472.7083
-48481.0455
-48475.9046
-48469.5567
-48467.9027
-48472.4177
-48476.6869
-48475.8375
-48478.2739
-48475.7258
-48474.7199
-48468.3944
-48471.4566
-48471.9260
-48470.8531
-48470.4955
-48471.3001
-48457.4644
-48453.5305
-48458.9620
-48458.0232
-48459.9007
-48459.2525
-48461.3089
-48472.5295
-48466.1369
-48458.6714
-48458.0008
-48456.8609
-48458.2244
-48463.3653
-48467.2768
-48465.5334
-48470.3166
-48476.7763
-48475.0999
-48472.8424
-48479.4585
-48480.0620
-48487.3710
-48477.2010
-48474.1164
-48475.8822
-48476.0387
-48482.9230
-48488.2427
-48477.1786
-48475.9046
-48478.7656
-48480.8890
-48483.8171
-48488.9580
-48485.9852
-48487.2369
-48488.6451
-48488.9580
-48489.2039
-48491.6849
-48485.4711
-48487.5051
-48490.0085
-48487.3934
-48485.2253
-48488.3545
-48494.5012
-48492.5119
-48488.7345
-48492.2437
-48489.8074
-48491.3720
-48484.6665
-48491.8637
-48489.3380
-48491.0814
-48490.4556
-48485.6276
-48485.3817
-48494.0542
-48495.5965
-48495.4624
-48427.8483
-48431.4023
-48547.5866
-48544.6138
-48517.0765
-48500.6480
-48495.1494
-48490.7461
-48487.7510
-48483.3254
-48489.4274
-48488.4886
-48492.4225
-48484.1747
-48483.5712
-48486.3875
-48485.8288
-48483.6383
-48486.8122
-48480.7996
-48480.2185
-48484.1524
-48485.3594
-48479.6597
-48480.6432
-48485.4041
-48489.9638
-48489.2486
-48493.5178
-48490.6120
-48492.9143
-48492.9813
-48495.2165
-48500.9162
-48494.6353
-48496.8258
-48494.4565
-48495.3059
-48497.5187
-48505.0066
-48503.6878
-48503.8890
-48504.5819
-48511.8238
-48513.5226
-48507.6888
-48510.1698
-48512.5614
-48505.8112
-48509.3204
-48511.1309
-48512.0921
-48504.0901
-48504.8277
-48507.4205
-48505.2748
-48505.1854
-48509.7675
-48507.6441
-48502.0338
-48500.0668
-48500.5362
-48502.4585
-48509.3428
-48497.8763
-48494.1436
-48496.4235
-48494.2554
-48502.4361
-48491.9308
-48490.5450
-48495.6635
-48495.9988
-48499.4857
-48491.4167
-48496.6246
-48491.3720
-48488.7568
-48485.4264
-48490.3438
-48495.1047
-48492.0425
-48487.5722
-48487.1699
-48487.5051
-48489.8521
-48488.1086
-48488.5110
-48493.9871
-48484.7335
-48332.2946
-48249.0344
-48271.9673
-48325.0750
-48369.6667
-48403.4849
-48422.9980
-48433.4810
-48452.1223
-48460.6160
-48462.3147
-48467.2545
-48470.5178
-48475.3681
-48471.3448
-48470.9648
-48473.3341
-48478.2739
-48485.2029
-48481.4478
-48481.6490
-48485.9852
-48485.6499
-48484.3535
-48489.0027
-48488.3545
-48492.8025
-48495.6635
-48496.4235
-48487.3710
-48494.4789
-48489.7627
-48493.4060
-48491.5061
-48497.0046
-48499.4633
-48487.5722
-48489.2262
-48489.3380
-48493.2048
-48495.0153
-48496.1776
-48493.1825
-48491.8637
-48489.7403
-48493.6966
-48491.4167
-48491.1932
-48496.5129
-48499.1280
-48494.0989
-48496.2000
-48488.5557
-48484.2641
-48481.9172
-48484.6441
-48488.0639
-48485.7841
-48488.8462
-48742.7174
-48842.8308
-48728.6358
-48623.0461
-48558.8966
-48521.5021
-48503.6431
-48492.9143
-48487.8851
-48483.2360
-48481.5819
-48478.0503
-48480.3749
-48476.6198
-48473.6918
-48473.5576
-48473.5129
-48471.2554
-48477.5139
-48478.1174
-48471.6801
-48475.7705
-48472.5295
-48474.5411
-48473.8706
-48473.0436
-48476.3963
-48480.9784
-48484.1077
-48472.2389
-48471.4789
-48482.5654
-48488.4886
-48473.7588
-48469.1097
-48459.2078
-48460.3701
-48462.8065
-48466.0028
-48464.6170
-48463.8346
-48462.0465
-48461.3983
-48459.8337
-48459.2525
-48458.8502
-48462.6500
-48467.3662
-48460.6383
-48462.8512
-48463.6558
-48463.2311
-48461.8230
-48468.6179
-48464.9522
-48460.3478
-48458.1796
-48454.1340
-48455.4527
-48456.3021
-48456.7715
-48461.9124
-48455.4304
-48452.1223
-48450.4236
-48451.2283
-48451.4071
-48458.5373
-48451.3400
-48449.1942
-48447.3391
-48450.2001
-48456.1456
-48449.6413
-48446.0650
-48442.7569
-48443.8969
-48446.8920
-48447.8531
-48448.4566
-48445.2827
-48443.4275
-48449.0154
-48441.2817
-48438.0854
-48437.6160
-48437.8172
-48442.0864
-48436.5655
-48434.5539
-48425.7696
-48429.0106
-48438.4207
-48434.7327
-48437.2361
-48440.8570
-48439.5383
-48446.6461
-48436.7443
-48435.1574
-48432.0058
-48431.5364
-48432.0505
-48434.3974
-48436.5879
-48434.4197
-48433.1680
-48447.3838
-48439.5383
-48434.9562
-48435.4926
-48441.3041
-48440.5665
-48441.4605
-48445.8638
-48442.6452
-48437.8619
-48435.0232
-48435.4032
-48439.4489
-48437.1243
-48437.7054
-48433.7492
-48434.9785
-48439.0019
-48437.1243
-48431.0223
-48431.1564
-48435.7385
-48436.2973
-48436.9231
-48431.9611
-48433.7715
-48432.0952
-48434.8444
-48438.2642
-48433.4810
-48432.0058
-48429.7482
-48435.2244
-48433.6151
-48426.4625
-48426.6413
-48430.6199
-48433.3692
-48424.7414
-48421.1205
-48425.6355
-48424.7638
-48428.6530
-48422.9533
-48422.7521
-48429.4800
-48426.9990
-48422.1933
-48424.2721
-48424.1156
-48419.9358
-48421.2546
-48425.3226
-48423.1768
-48414.5714
-48414.7726
-48416.1584
-48411.8221
-48411.7104
-48414.8843
-48411.8221
-48415.2419
-48419.1088
-48412.7833
-48415.3314
-48412.9397
-48412.5821
-48413.7444
-48415.1078
-48417.5889
-48408.7599
-48411.2857
-48412.3586
-48414.9514
-48413.1185
-48415.1078
-48416.8960
-48422.0145
-48412.2692
-48416.7172
-48410.6822
-48410.8387
-48418.0136
-48412.5597
-48408.6258
-48409.0505
-48406.0107
-48409.9222
-48404.1331
-48410.5704
-48406.1448
-48401.0486
-48400.0875
-48403.9767
-48403.1273
-48403.4179
-48411.8445
-48404.6919
-48395.9747
-48396.6229
-48398.2546
-48397.9864
-48396.8912
-48394.9913
-48397.0253
-48396.7347
-48389.2469
-48389.6045
-48390.4539
-48388.6434
-48391.7279
-48395.2148
-48404.6696
-48393.1361
-48387.0787
-48386.1400
-48390.7444
-48386.4753
-48389.5598
-48391.5267
-48397.3382
-48387.9281
-48387.5928
-48388.4869
-48384.5306
-48383.9942
-48381.2226
-48380.6414
-48385.3130
-48374.5618
-48373.0195
-48375.7464
-48379.5909
-48379.4792
-48377.8251
-48379.1215
-48382.0049
-48390.1409
-48389.3586
-48389.9621
-48380.8873
-48379.9038
-48379.6580
-48388.5987
-48377.3557
-48376.5734
-48377.9369
-48371.5666
-48375.5005
-48377.7134
-48380.1050
-48375.5900
-48371.8796
-48369.4879
-48372.6842
-48373.4218
-48374.9194
-48378.4510
-48370.8514
-48370.8737
-48371.9019
-48366.8951
-48368.1245
-48368.6386
-48377.1099
-48372.9077
-48366.9398
-48371.4549
-48368.6609
-48367.6998
-48363.8553
-48364.4141
-48347.6503
-48187.1647
-48150.7538
-48188.3717
-48239.1773
-48280.6174
-48307.7748
-48321.4540
-48334.2839
-48345.9068
-48358.2450
-48443.6287
-48704.0265
-48648.1248
-48532.5215
-48450.8930
-48408.4694
-48384.6648
-48371.4102
-48370.0467
-48359.2285
-48358.8932
-48368.6162
-48356.4569
-48354.0205
-48349.0137
-48350.8019
-48351.3607
-48351.6736
-48353.7970
-48351.6959
-48351.0477
-48361.1954
-48352.0312
-48352.6571
-48351.7183
-48355.9204
-48361.7319
-48355.5628
-48357.8650
-48362.2683
-48361.2178
-48355.4510
-48358.1779
-48362.5365
-48361.1284
-48359.8990
-48359.6085
-48363.5871
-48369.9573
-48364.9505
-48364.0117
-48367.7668
-48367.7445
-48368.0798
-48368.1692
-48368.8174
-48372.2372
-48371.7455
-48370.2926
-48370.1361
-48365.4870
-48366.4034
-48367.9233
-48365.0846
-48370.2032
-48366.9845
-48367.0516
-48374.2936
-48370.6055
-48367.9010
-48369.5550
-48372.2372
-48377.1099
-48376.2605
-48374.0700
-48370.9855
-48376.1040
-48373.1313
-48372.7736
-48375.0982
-48379.6580
-48375.9252
-48376.9087
-48371.0973
-48371.7455
-48375.8582
-48377.9369
-48381.4685
-48378.3839
-48370.3596
-48373.2430
-48378.1157
-48377.4675
-48384.0166
-48383.2119
-48380.9767
-48377.9592
-48377.6687
-48376.9087
-48378.1381
-48380.0156
-48382.6308
-48381.6696
-48382.0049
-48384.1954
-48382.2731
-48387.0787
-48383.0331
-48385.0671
-48384.8883
-48392.3091
-48388.0175
-48391.4597
-48387.7940
-48388.6210
-48385.9388
-48391.9067
-48400.5569
-48394.9689
-48396.3324
-48400.2439
-48400.3557
-48401.1380
-48410.5704
-48408.8717
-48406.7259
-48405.4072
-48404.7813
-48404.6472
-48405.3178
-48413.8114
-48412.9844
-48404.4014
-48407.5977
-48407.0389
-48409.5199
-48408.3353
-48413.2973
-48418.6618
-48411.5763
-48414.8396
-48415.4655
-48413.0291
-48414.8173
-48424.1826
-48410.4587
-48408.0000
-48411.2857
-48413.9902
-48411.0622
-48409.2964
-48410.7492
-48413.3420
-48414.3479
-48412.7609
-48417.1195
-48409.1846
-48410.7492
-48414.3702
-48415.3090
-48415.1972
-48413.1409
-48411.9562
-48411.7998
-48410.4363
-48407.4412
-48412.4033
-48409.0282
-48411.8445
-48417.5442
-48413.0962
-48407.0612
-48415.3984
-48417.6112
-48411.9562
-48405.1613
-48408.9835
-48410.1457
-48420.0029
-48420.0476
-48421.8357
-48419.3770
-48417.8795
-48420.8969
-48423.7133
-48426.0155
-48420.8075
-48425.2108
-48420.6734
-48418.0583
-48422.0592
-48423.6909
-48420.4499
-48429.4130
-48430.9552
-48433.9727
-48435.0903
-48435.0232
-48431.1117
-48432.3857
-48433.9504
-48430.0612
-48434.5986
-48434.6433
-48434.5315
-48434.7103
-48428.6306
-48421.8581
-48423.0651
-48422.5510
-48428.8542
-48436.6773
-48434.3303
-48425.3896
-48428.0048
-48429.5918
-48431.9387
-48429.1447
-48431.3129
-48431.6258
-48431.5587
-48425.4567
-48428.3848
-48433.8386
-48429.7035
-48425.2779
-48426.0155
-48428.7424
-48426.9543
-48426.0378
-48426.9766
-48434.7327
-48427.7366
-48423.2662
-48416.4042
-48414.7726
-48420.8299
-48428.5189
-48430.2623
-48435.4479
-48426.8425
-48426.5743
-48422.3945
-48425.3896
-48423.6239
-48419.4441
-48414.4820
-48419.4441
-48414.7502
-48411.2857
-48412.0233
-48410.2128
-48416.2701
-48425.4120
-48419.4441
-48417.6336
-48415.3761
-48416.2925
-48417.9689
-48417.5889
-48418.4606
-48420.4946
-48422.5063
-48426.6190
-48421.4557
-48421.7910
-48423.3780
-48430.6423
-48425.0767
-48428.7424
-48427.0884
-48427.3566
-48429.3235
-48432.5422
-48431.0223
-48433.5257
-48438.1525
-48428.4742
-48426.5519
-48426.1943
-48427.5578
-48431.5364
-48428.1836
-48439.9406
-48434.1962
-48433.0116
-48431.2234
-48429.4353
-48430.7094
-48433.8609
-48435.5597
-48444.1428
-48435.4479
-48435.7832
-48438.3537
-48437.8396
-48439.0466
-48440.4324
-48438.1301
-48439.6501
-48445.9532
-48441.1029
-48432.3187
-48431.2234
-48434.3750
-48441.5499
-48430.9776
-48428.8989
-48430.6423
-48434.0621
-48435.6267
-48434.7997
-48439.3818
-48438.3313
-48442.9581
-48440.9688
-48439.8512
-48434.6656
-48441.0135
-48435.2915
-48432.3634
-48428.9659
-48434.7774
-48435.0456
-48434.1068
-48442.6899
-48442.1311
-48440.0747
-48447.1602
-48443.8745
-48444.4780
-48451.4965
-48451.7870
-48456.5480
-48459.7890
-48451.7423
-48452.4800
-48453.1952
-48453.0834
-48456.5480
-48457.3079
-48465.2428
-48463.9687
-48461.5548
-48460.1242
-48461.1748
-48463.7005
-48463.1641
-48460.6830
-48461.9571
-48465.6451
-48469.8249
-48470.3166
-48471.9707
-48478.2068
-48482.5430
-48491.5508
-48485.5605
-48482.4089
-48485.6946
-48489.7403
-48487.7063
-48487.5945
-48487.7063
-48487.5275
-48489.0921
-48493.4731
-48496.6023
-48486.9016
-48487.4157
-48487.9969
-48490.2097
-48491.9308
-48495.3282
-48498.8822
-48502.5702
-48504.7160
-48505.6771
-48502.8831
-48501.4526
-48500.5586
-48500.5139
-48503.0172
-48476.7763
-48438.0854
-48529.9511
-48531.5604
-48520.1387
-48512.0697
-48510.1028
-48505.9006
-48502.3467
-48502.9502
-48505.6548
-48514.3272
-48516.7189
-48511.3321
-48513.0532
-48515.4895
-48521.2786
-48520.3622
-48525.4360
-48527.4701
-48532.6780
-48541.8199
-48537.3719
-48538.6236
-48544.0103
-48540.8140
-48545.7091
-48548.1007
-48544.4574
-48548.3466
-48546.6255
-48549.9559
-48552.5264
-48551.6099
-48548.6819
-48547.5419
-48552.3252
-48553.3757
-48559.0307
-48560.5953
-48563.0764
-48568.5079
-48567.8150
-48566.8091
-48570.2960
-48564.8422
-48564.9539
-48567.6361
-48571.7265
-48566.8762
-48566.6303
-48568.2396
-48571.2348
-48573.4476
-48571.6818
-48567.3009
-48572.9112
-48578.7226
-48568.2396
-48572.1959
-48577.4709
-48578.1638
-48578.8791
-48578.6108
-48579.3038
-48577.7615
-48582.7012
-48577.4933
-48577.4933
-48580.9131
-48582.3436
-48580.5107
-48583.0588
-48585.2493
-48591.1502
-48586.2998
-48584.2211
-48580.1978
-48579.2590
-48581.7848
-48583.1706
-48586.7245
-48586.6351
-48576.8451
-48577.9403
-48578.1862
-48573.1794
-48580.3766
-48580.8907
-48583.2153
-48588.0209
-48592.5807
-48588.8256
-48593.1842
-48595.3970
-48591.0831
-48596.2017
-48593.5418
-48589.7644
-48595.7323
-48594.4359
-48594.2571
-48595.2629
-48591.2843
-48598.0122
-48595.4641
-48596.6711
-48601.3873
-48607.3552
-48608.1822
-48605.3659
-48608.1375
-48609.8586
-48614.2172
-48609.3445
-48609.9703
-48607.9810
-48616.5418
-48611.6467
-48602.7060
-48603.9801
-48607.3999
-48602.6390
-48601.9461
-48609.5010
-48601.5884
-48601.3873
-48602.0131
-48602.0802
-48605.6341
-48604.3601
-48608.7186
-48606.1929
-48600.0909
-48605.8129
-48607.5564
-48604.6730
-48600.1132
-48600.6050
-48601.8343
-48597.7886
-48602.1249
-48598.7721
-48599.4427
-48595.2405
-48595.8664
-48587.4845
-48591.3290
-48597.7439
-48595.9111
-48599.1074
-48594.4135
-48598.0569
-48602.6390
-48600.7838
-48597.6098
-48593.6312
-48592.8042
-48594.2347
-48591.1949
-48588.8256
-48588.6021
-48593.8994
-48588.1550
-48588.6468
-48586.0316
-48592.9607
-48590.7031
-48597.0957
-48591.8878
-48594.0112
-48587.6857
-48595.9334
-48593.7430
-48593.6312
-48592.7371
-48596.3134
-48602.7060
-48600.3144
-48603.1084
-48597.9228
-48599.5321
-48605.1424
-48603.5777
-48603.7342
-48610.2386
-48603.0860
-48604.5836
-48600.5826
-48597.8110
-48600.9402
-48600.3144
-48602.6390
-48598.9062
-48597.9451
-48596.2240
-48597.3863
-48601.1861
-48600.4932
-48606.1258
-48603.3095
-48600.2697
-48597.1404
-48592.0219
-48596.4922
-48595.7546
-48601.7226
-48600.3591
-48590.0549
-48590.8596
-48593.0724
-48593.3853
-48592.4019
-48586.7469
-48583.4612
-48586.6798
-48588.6691
-48589.1609
-48581.0695
-48575.5934
-48576.6439
-48575.1240
-48574.8781
-48577.7838
-48577.7168
-48577.0015
-48569.8937
-48565.2445
-48571.1901
-48570.3183
-48567.3232
-48573.9170
-48569.7149
-48560.0813
-48557.8237
-48558.4719
-48556.0132
-48554.0016
-48557.8237
-48555.4991
-48553.5992
-48554.2921
-48556.5720
-48556.8179
-48559.1201
-48562.2717
-48563.5011
-48566.6750
-48563.4787
-48559.4331
-48557.3320
-48558.7401
-48560.5730
-48562.1823
-48560.5730
-48565.6021
-48569.5137
-48565.6915
-48571.3912
-48567.1668
-48566.8985
-48566.2280
-48572.5535
-48572.2630
-48567.7255
-48562.1153
-48562.5399
-48559.4107
-48561.8023
-48561.3553
-48564.7975
-48559.9471
-48558.5166
-48555.4321
-48555.5662
-48555.3874
-48551.7217
-48554.4263
-48557.0861
-48550.5147
-48542.3787
-48544.9938
-48547.1843
-48542.7363
-48541.5517
-48541.8869
-48542.1999
-48548.9501
-48544.6585
-48548.6595
-48540.4788
-48543.7198
-48541.8422
-48544.0998
-48550.1571
-48555.1862
-48548.6819
-48537.9754
-48540.3447
-48540.2329
-48532.1639
-48538.0424
-48534.4885
-48531.6275
-48535.7626
-48534.0862
-48531.8957
-48524.8102
-48525.2796
-48523.4020
-48523.9832
-48525.5255
-48531.9181
-48530.7781
-48534.4214
-48529.2358
-48529.4594
-48530.3311
-48533.8627
-48533.7285
-48533.5274
-48541.2834
-48534.2426
-48533.0133
-48531.4710
-48533.8850
-48541.1940
-48539.1600
-48541.3952
-48537.8860
-48542.1552
-48539.9647
-48536.6343
-48532.4768
-48534.2650
-48530.7334
-48531.4710
-48537.9754
-48542.1999
-48535.9414
-48538.0424
-48523.1785
-48527.5818
-48522.2845
-48525.0784
-48523.9608
-48526.4195
-48525.7043
-48524.6537
-48532.4768
-48530.3311
-48530.6440
-48528.9453
-48525.5031
-48526.2407
-48524.9220
-48530.6887
-48519.8928
-48521.5021
-48520.4293
-48527.7383
-48516.8530
-48516.3389
-48517.7918
-48519.1329
-48518.3058
-48515.4225
-48514.7296
-48514.5955
-48519.5352
-48518.0823
-48517.1212
-48515.5342
-48513.6567
-48507.2417
-48505.2077
-48509.9686
-48506.0124
-48502.0785
-48500.5139
-48496.8482
-48497.5634
-48502.3914
-48491.2826
-48493.8754
-48495.9317
-48501.3856
-48504.2913
-48505.0960
-48501.8103
-48503.7549
-48508.7393
-48507.8005
-48510.7510
-48516.3836
-48510.5721
-48509.2310
-48510.7957
-48505.5653
-48513.7684
-48511.0192
-48507.4876
-48508.1805
-48508.1581
-48517.7023
-48517.3447
-48510.6615
-48507.7558
-48512.0474
-48508.8958
-48508.6946
-48509.2757
-48510.8851
-48510.8851
-48502.1455
-48504.9842
-48507.2194
-48502.7490
-48501.9220
-48501.9444
-48504.3136
-48506.9065
-48501.5420
-48505.0289
-48499.7315
-48498.5692
-48498.7034
-48500.3574
-48499.1727
-48497.7869
-48501.0503
-48502.7043
-48498.1893
-48498.5916
-48500.4244
-48502.3467
-48495.3059
-48490.0532
-48487.1028
-48496.2447
-48493.9871
-48489.0027
-48492.4225
-48492.6460
-48485.8735
-48491.0591
-48491.5061
-48490.0756
-48489.5838
-48495.1941
-48489.6956
-48494.4789
-48493.3166
-48484.1971
-48484.8229
-48480.6655
-48483.8395
-48484.3088
-48478.2515
-48472.4624
-48478.9891
-48482.4760
-48483.1689
-48480.6432
-48477.2904
-48480.1961
-48485.0911
-48489.0474
-48489.7403
-48490.1873
-48489.8521
-48484.7782
-48482.6548
-48483.1465
-48490.7014
-48488.3098
-48492.4225
-48488.3098
-48482.5207
-48484.5547
-48484.1077
-48488.5110
-48489.8521
-48492.2214
-48488.7345
-48489.5391
-48487.2816
-48485.8288
-48492.0425
-48488.2204
-48489.2486
-48485.8288
-48486.7228
-48486.9463
-48482.2972
-48481.8725
-48479.2573
-48479.6820
-48480.8443
-48480.6655
-48469.6461
-48469.0202
-48474.7423
-48472.0154
-48476.5975
-48478.6985
-48484.6665
-48471.6354
-48473.1553
-48475.7034
-48475.4352
-48476.0610
-48478.1845
-48477.8492
-48478.0503
-48477.0892
-48469.2661
-48466.7627
-48469.4673
-48464.3711
-48468.6179
-48468.5732
-48472.4401
-48466.6063
-48470.7860
-48466.2263
-48459.1184
-48461.9124
-48461.4207
-48457.9785
-48459.9007
-48462.8288
-48466.1592
-48464.7511
-48463.0300
-48466.4051
-48466.1369
-48472.4624
-48472.1271
-48467.5003
-48474.6752
-48470.8307
-48468.8191
-48473.6471
-48473.9376
-48472.8424
-48480.3526
-48474.9882
-48473.2000
-48481.4255
-48482.3642
-48477.1339
-48477.1116
-48481.9843
-48485.4935
-48473.8259
-48477.8715
-48478.2292
-48474.0717
-48471.9707
-48475.0999
-48472.1495
-48471.7248
-48472.1271
-48478.2292
-48473.7812
-48474.2058
-48474.8764
-48482.0066
-48474.8540
-48475.4128
-48477.4245
-48478.0056
-48469.7802
-48466.8298
-48470.6072
-48470.9648
-48476.0387
-48477.2904
-48472.3730
-48475.8822
-48476.3963
-48472.8200
-48468.9755
-48470.3166
-48470.1155
-48478.0951
-48474.4517
-48475.0329
-48471.3895
-48472.3954
-48469.4002
-48466.1816
-48467.3662
-48469.8696
-48468.1932
-48464.2593
-48463.5441
-48464.9299
-48466.5616
-48464.4605
-48466.4051
-48468.0144
-48461.3089
-48461.1077
-48462.2477
-48463.4323
-48464.7287
-48470.9872
-48467.7238
-48467.8580
-48472.3507
-48470.4284
-48471.7472
-48471.4342
-48472.4848
-48468.2379
-48466.1816
-48471.9036
-48472.3954
-48464.7958
-48468.7520
-48467.7015
-48464.9299
-48472.0154
-48469.4002
-48474.5635
-48473.4459
-48473.0883
-48469.3108
-48475.1670
-48471.2107
-48469.0873
-48468.1038
-48470.1378
-48470.5625
-48472.8424
-48471.1884
-48464.9522
-48462.0689
-48462.6053
-48465.1981
-48468.3944
-48470.2943
-48468.4167
-48463.3876
-48458.1796
-48462.8735
-48460.2584
-48462.6276
-48457.3526
-48466.1145
-48463.6558
-48456.9280
-48462.5382
-48456.6821
-48457.1515
-48458.9843
-48459.1855
-48461.2865
-48456.6597
-48452.2117
-48457.0174
-48458.9173
-48462.5382
-48456.0115
-48461.6442
-48453.1505
-48455.8774
-48446.0203
-48441.6170
-48443.9416
-48448.0767
-48442.5558
-48441.1253
-48442.8464
-48438.7336
-48435.4256
-48435.2915
-48439.2477
-48435.0903
-48435.2915
-48433.6151
-48442.2429
-48434.9785
-48432.2740
-48432.6316
-48433.7268
-48432.6763
-48441.0582
-48440.1418
-48444.2545
-48441.7511
-48441.3041
-48442.5334
-48442.8464
-48443.1816
-48446.4003
-48440.3430
-48446.1768
-48452.1223
-48444.8580
-48436.0961
-48437.9513
-48437.3925
-48435.4479
-48433.4363
-48437.1020
-48437.3925
-48440.3206
-48445.2827
-48440.6559
-48440.6112
-48440.0524
-48440.9241
-48443.4051
-48441.9299
-48443.9416
-48443.8745
-48443.5169
-48449.2166
-48442.6675
-48442.8016
-48436.4761
-48440.4771
-48436.3196
-48441.9523
-48437.6831
-48436.8337
-48438.7336
-48435.3362
-48439.0913
-48440.9465
-48440.5888
-48436.1855
-48436.4985
-48438.8454
-48446.1544
-48438.9124
-48445.5956
-48444.0757
-48446.7132
-48443.3604
-48437.3925
-48438.1748
-48448.8366
-48447.5849
-48442.9581
-48446.6461
-48445.6627
-48451.8094
-48451.9659
-48463.4994
-48450.4236
-48452.6141
-48458.9173
-48455.7433
-48455.6315
-48460.5936
-48464.9299
-48471.6577
-48457.7997
-48457.4867
-48460.5266
-48461.5771
-48461.2195
-48468.6403
-48469.6908
-48461.2642
-48457.8444
-48456.0115
-48463.2088
-48459.3643
-48464.6840
-48468.9532
-48469.8696
-48470.2049
-48471.5683
-48481.4255
-48480.8890
-48474.7199
-48479.1903
-48477.9162
-48480.7549
-48481.2914
-48487.7957
-48483.8842
-48487.8628
-48492.9143
-48488.3769
-48484.4429
-48493.0037
-48498.9939
-48493.5848
-48493.8083
-48496.8929
-48495.9317
-48494.8812
-48496.7364
-48493.0260
-48495.3953
-48500.9385
-48498.1446
-48507.1970
-48511.7121
-48508.6722
-48509.7898
-48507.9570
-48507.5323
-48514.0143
-48519.5575
-48509.4993
-48516.7412
-48513.5896
-48514.1261
-48513.8802
-48516.7189
-48522.7315
-48527.5595
-48523.9832
-48535.8296
-48538.3777
-48534.6673
-48536.0084
-48540.3447
-48540.0317
-48543.0716
-48539.5847
-48550.3135
-48560.5059
-48553.6663
-48551.8335
-48559.3213
-48566.8315
-48559.3660
-48563.8587
-48568.8208
-48563.6575
-48563.3893
-48565.6692
-48564.5069
-48572.7100
-48571.5477
-48571.2348
-48573.7382
-48583.1930
-48587.0822
-48592.4019
-48588.7809
-48590.0102
-48595.0617
-48592.4466
-48590.4573
-48592.4019
-48597.9675
-48591.6866
-48595.5088
-48596.6711
-48603.6001
-48603.7342
-48604.1812
-48598.6827
-48602.3931
-48602.9295
-48603.2872
-48599.1521
-48600.1132
-48600.6273
-48601.1191
-48609.5010
-48611.4232
-48617.6146
-48618.3746
-48617.7040
-48623.6943
-48622.4650
-48629.2375
-48625.5272
-48620.8780
-48623.5155
-48632.9703
-48631.0704
-48624.6778
-48620.1404
-48627.5612
-48624.9684
-48629.9081
-48637.5747
-48639.1841
-48634.9372
-48635.4960
-48634.5126
-48633.7973
-48636.7477
-48640.0781
-48644.0344
-48648.3930
-48652.4610
-48655.0538
-48654.9197
-48657.6019
-48652.0587
-48656.0373
-48657.3337
-48665.4027
-48667.0343
-48659.6806
-48660.2171
-48661.0888
-48659.7700
-48659.5018
-48657.7137
-48661.8934
-48666.7661
-48661.4464
-48664.5086
-48661.8934
-48666.3191
-48669.7389
-48667.3249
-48674.0081
-48672.7787
-48667.6378
-48666.7214
-48666.0509
-48669.6495
-48668.0625
-48669.0013
-48675.2151
-48671.4376
-48665.3133
-48664.0169
-48671.4376
-48669.4260
-48675.9974
-48670.7894
-48670.8341
-48669.2919
-48668.8672
-48662.1617
-48663.1898
-48670.9906
-48664.9109
-48666.6320
-48666.7214
-48663.5028
-48665.9168
-48664.1063
-48662.9663
-48668.3531
-48665.9391
-48665.7156
-48664.1733
-48664.5533
-48663.8604
-48672.3988
-48665.4027
-48662.0946
-48656.7972
-48664.5086
-48660.2171
-48660.5747
-48658.3842
-48657.8478
-48659.9265
-48654.2268
-48657.3560
-48657.0878
-48657.6466
-48660.2171
-48667.2579
-48670.0742
-48666.9449
-48659.5912
-48661.9829
-48661.3570
-48669.6495
-48663.6816
-48670.4318
-48667.0791
-48671.0577
-48665.0003
-48667.2802
-48674.1869
-48671.7953
-48674.2316
-48669.5154
-48666.1626
-48667.1908
-48671.7059
-48675.9527
-48671.1247
-48663.3463
-48662.0499
-48661.2899
-48663.5922
-48663.2569
-48662.4522
-48659.5689
-48659.5242
-48662.6087
-48657.2219
-48656.1938
-48656.1714
-48661.6476
-48654.9868
-48649.7117
-48650.4941
-48653.2880
-48651.3658
-48653.5115
-48650.8740
-48653.5562
-48651.2987
-48645.2637
-48646.4931
-48650.6952
-48643.6768
-48642.9839
-48640.5699
-48639.9664
-48635.8984
-48634.9149
-48638.4018
-48640.8158
-48625.5272
-48631.2492
-48629.7740
-48620.7662
-48621.2580
-48624.6331
-48629.7740
-48621.1686
-48622.3979
-48622.8002
-48621.5933
-48623.8061
-48626.0412
-48625.3707
-48619.5592
-48621.9732
-48629.4834
-48624.4319
-48619.5592
-48621.1239
-48629.5058
-48621.6156
-48632.1656
-48623.5602
-48629.0364
-48628.0529
-48625.7730
-48631.3610
-48628.7458
-48629.4164
-48631.6962
-48625.8624
-48628.7905
-48626.6224
-48624.4990
-48627.0694
-48625.7060
-48622.8449
-48620.1404
-48623.8731
-48620.3192
-48613.1219
-48616.7653
-48618.3075
-48611.9149
-48616.4524
-48617.8829
-48612.0491
-48612.9878
-48622.1297
-48622.1744
-48613.2113
-48610.1268
-48604.7847
-48602.8401
-48604.9412
-48603.4213
-48611.5126
-48603.4660
-48601.0520
-48597.4981
-48594.1006
-48592.9160
-48596.2240
-48599.4427
-48599.0850
-48592.8489
-48587.8421
-48589.4961
-48589.4291
-48584.4447
-48584.2882
-48586.9928
-48590.7925
-48582.5001
-48576.4204
-48579.6390
-48578.2756
-48583.7741
-48584.0647
-48581.5836
-48575.0793
-48567.5244
-48567.5244
-48574.9005
-48575.9286
-48566.6303
-48568.2396
-48561.2212
-48564.2610
-48565.7139
-48569.8043
-48570.9442
-48568.7090
-48572.0618
-48569.8937
-48565.6468
-48564.8422
-48569.0667
-48566.6527
-48566.9656
-48572.7770
-48571.5477
-48566.9209
-48560.5283
-48561.7353
-48561.0647
-48560.2601
-48561.0647
-48568.9549
-48562.4058
-48557.8684
-48559.5895
-48554.3145
-48553.6216
-48560.9530
-48558.7178
-48553.9569
-48552.5711
-48551.1629
-48550.6712
-48549.4418
-48555.2086
-48552.8616
-48553.6439
-48551.9676
-48544.9044
-48540.0764
-48543.8092
-48540.8140
-48540.7470
-48541.6858
-48542.1999
-48534.4885
-48535.2038
-48536.0978
-48536.4555
-48540.7023
-48537.5954
-48530.0852
-48529.4817
-48528.6770
-48529.3029
-48539.5176
-48534.1532
-48531.4040
-48527.0230
-48528.4982
-48531.6945
-48530.0629
-48530.4428
-48530.2864
-48524.8773
-48524.1620
-48516.6742
-48514.6625
-48507.9346
-48516.1377
-48515.7801
-48511.7121
-48513.7908
-48513.3214
-48514.1708
-48518.2164
-48524.9220
-48510.7286
-48513.9025
-48518.6858
-48510.7062
-48511.4662
-48510.8627
-48511.6227
-48518.1270
-48509.4769
-48507.1300
-48505.6771
-48508.3146
-48507.7782
-48509.3204
-48505.4983
-48513.7237
-48511.1980
-48514.0143
-48513.7237
-48510.9521
-48505.9230
-48507.1076
-48507.8899
-48508.9405
-48513.5673
-48512.8744
-48505.7218
-48505.3865
-48503.8890
-48499.9998
-48504.2689
-48510.7733
-48502.2349
-48499.1057
-48499.4410
-48500.2233
-48498.2116
-48498.8151
-48501.4079
-48505.3642
-48508.6946
-48497.7199
-48500.7150
-48501.7208
-48500.8715
-48500.3350
-48508.4040
-48499.5751
-48499.0610
-48499.2175
-48497.8093
-48496.7141
-48502.1902
-48501.8103
-48494.1213
-48495.5965
-48499.9551
-48498.0775
-48495.2612
-48501.6538
-48499.5974
-48493.4283
-48492.4672
-48496.3564
-48502.1679
-48488.4439
-48487.3710
-48487.2816
-48491.5955
-48495.6859
-48494.1883
-48496.5576
-48493.6966
-48497.0493
-48506.9288
-48511.9132
-48502.9278
-48501.3856
-48501.4303
-48505.6324
-48509.7898
-48515.0201
-48515.2884
-48504.6713
-48507.3982
-48512.0474
-48507.0182
-48507.4429
-48510.0133
-48511.3544
-48511.7121
-48511.5556
-48510.6839
-48513.1426
-48515.7801
-48510.1251
-48514.7519
-48514.7296
-48511.8238
-48513.0755
-48518.5964
-48512.3379
-48512.6285
-48516.6965
-48510.6615
-48514.4166
-48521.5692
-48516.8977
-48519.5575
-48523.0221
-48517.3000
-48511.7344
-48517.3671
-48520.2281
-48512.1591
-48513.3661
-48516.7189
-48512.2709
-48512.5838
-48512.9414
-48520.8316
-48516.1824
-48511.2650
-48509.0522
-48509.1416
-48508.7393
-48509.7228
-48518.7752
-48512.3603
-48516.4283
-48515.2213
-48509.7228
-48512.8073
-48514.8637
-48522.1950
-48516.4059
-48517.4565
-48513.6790
-48512.3379
-48513.7908
-48511.6003
-48517.5906
-48519.0211
-48515.6907
-48524.4302
-48522.8432
-48523.3797
-48526.0619
-48531.2922
-48531.8957
-48525.3243
-48528.5206
-48532.9686
-48535.9190
-48531.4710
-48532.9239
-48534.3320
-48536.5225
-48533.9297
-48534.0862
-48532.3427
-48539.2271
-48535.4943
-48535.1591
-48536.8801
-48537.6625
-48532.4321
-48535.1144
-48539.6071
-48537.1260
-48543.1163
-48541.2387
-48541.3952
-48544.0327
-48543.6974
-48541.6187
-48547.3184
-48545.0385
-48540.0764
-48537.4166
-48538.4671
-48542.1552
-48549.0395
-48542.1552
-48539.9200
-48542.1552
-48549.4418
-48541.1717
-48544.0327
-48545.8655
-48554.2698
-48558.2261
-48549.1512
-48543.4516
-48548.9277
-48550.9617
-48553.0181
-48563.7022
-48553.9792
-48547.9219
-48548.9501
-48550.0677
-48550.4253
-48554.6721
-48558.4049
-48560.4165
-48552.8393
-48554.6945
-48554.1357
-48560.1930
-48557.8461
-48559.4554
-48559.3436
-48561.6459
-48560.4165
-48567.9491
-48566.5856
-48585.0481
-48566.7644
-48565.8480
-48570.4748
-48574.1628
-48570.6983
-48574.7216
-48575.7498
-48576.0180
-48585.8752
-48582.6342
-48576.8227
-48574.2299
-48577.8732
-48587.7304
-48594.5253
-48582.2095
-48582.9918
-48587.9315
-48592.6477
-48595.8664
-48585.4728
-48584.9364
-48585.8081
-48589.6526
-48598.8839
-48597.4087
-48592.9160
-48590.8596
-48592.7819
-48597.3193
-48602.6166
-48596.2464
-48592.3795
-48596.6487
-48600.4485
-48597.9004
-48593.0724
-48599.5321
-48598.5486
-48591.4855
-48592.8489
-48591.2396
-48596.9169
-48588.9374
-48597.4981
-48596.1346
-48588.2892
-48593.3630
-48594.4359
-48596.2687
-48604.0248
-48597.8110
-48598.6827
-48598.6604
-48594.0783
-48598.3921
-48599.0403
-48602.7060
-48595.9782
-48595.2405
-48598.6604
-48598.2804
-48597.8333
-48605.7682
-48611.2667
-48603.7566
-48598.8168
-48596.4028
-48600.8732
-48607.6234
-48604.6059
-48604.2259
-48607.8693
-48609.8809
-48613.7254
-48623.6273
-48620.5427
-48616.3406
-48618.8663
-48616.1841
-48625.6613
-48620.2969
-48617.4358
-48608.5175
-48601.4543
-48621.3250
-48623.2696
-48626.4659
-48627.6506
-48629.3270
-48629.7516
-48629.4611
-48640.9499
-48636.3901
-48631.8751
-48629.9752
-48627.2706
-48628.5446
-48628.0082
-48639.0723
-48638.6700
-48630.2657
-48626.1754
-48627.7847
-48628.0082
-48633.0150
-48633.3279
-48641.1510
-48626.5553
-48623.9625
-48625.7060
-48623.0461
-48623.6943
-48629.5728
-48626.7118
-48620.4310
-48616.6535
-48622.9120
-48625.6389
-48627.8070
-48630.3104
-48632.8138
-48622.3309
-48630.5787
-48626.9353
-48623.6720
-48624.7225
-48628.5670
-48625.8177
-48624.8566
-48626.7789
-48620.3416
-48620.5204
-48623.4037
-48626.1307
-48617.9723
-48616.6535
-48618.4640
-48617.3688
-48622.0626
-48621.5262
-48616.2288
-48618.8663
-48621.2133
-48623.8061
-48622.3756
-48623.8731
-48626.0412
-48618.0840
-48624.9013
-48621.9285
-48616.9888
-48619.5369
-48626.8012
-48625.8624
-48629.7293
-48624.2755
-48622.4873
-48623.5602
-48625.3260
-48629.2599
-48640.9722
-48635.9207
-48638.7147
-48635.2725
-48633.3950
-48628.7905
-48632.3891
-48629.4834
-48627.7400
-48626.1977
-48628.2988
-48631.6515
-48623.9178
-48621.9956
-48618.1734
-48619.4922
-48624.9013
-48625.6389
-48623.4931
-48618.7322
-48615.1336
-48619.2687
-48618.5087
-48619.4922
-48624.2084
-48619.4698
-48619.6710
-48621.1462
-48625.2589
-48619.4922
-48620.5874
-48621.1239
-48618.4864
-48615.7594
-48614.9101
-48614.4630
-48620.3639
-48613.1219
-48611.7138
-48609.9480
-48611.6691
-48604.9189
-48611.2891
-48606.8635
-48614.1725
-48606.5505
-48605.5671
-48609.3445
-48606.2600
-48605.3659
-48606.3494
-48599.5097
-48598.5933
-48600.0015
-48603.3095
-48599.4650
-48597.9898
-48593.9665
-48600.7167
-48603.3095
-48600.2026
-48606.3941
-48607.3775
-48608.9645
-48603.3542
-48606.1258
-48607.4893
-48609.9256
-48611.6467
-48612.1161
-48610.0821
-48622.1744
-48611.9596
-48610.8421
-48602.9295
-48599.1074
-48604.3154
-48601.7002
-48600.1132
-48597.1181
-48598.7498
-48597.3863
-48591.9101
-48591.7090
-48592.1784
-48588.7585
-48591.5749
-48590.2114
-48584.5341
-48589.1162
-48586.9033
-48585.4505
-48585.0929
-48593.7430
-48587.6186
-48580.1755
-48578.7003
-48582.7459
-48574.8111
-48576.1075
-48573.5370
-48576.7557
-48578.4544
-48578.4544
-48576.1298
-48566.2280
-48570.6983
-48568.2396
-48566.1162
-48562.2717
-48560.9530
-48561.8694
-48564.7081
-48564.5516
-48565.6915
-48567.7255
-48564.7751
-48567.6138
-48560.3942
-48568.0608
-48559.5001
-48561.9588
-48554.4933
-48558.3825
-48563.9481
-48556.9744
-48552.6381
-48555.7450
-48556.1250
-48559.3883
-48565.0657
-48555.0074
-48553.7110
-48554.2474
-48551.0958
-48551.4088
-48555.3427
-48557.1532
-48560.2377
-48552.9510
-48553.9122
-48550.4700
-48547.3408
-48549.2630
-48549.8218
-48550.7606
-48552.2581
-48547.1619
-48543.9433
-48542.3116
-48540.6352
-48539.0706
-48536.5449
-48539.6071
-48541.8199
-48539.5400
-48532.9909
-48526.7995
-48530.7111
-48526.5536
-48527.3136
-48533.8180
-48526.5536
-48524.3855
-48522.5750
-48526.2184
-48520.8539
-48527.3583
-48523.8938
-48519.6022
-48513.7461
-48514.4837
-48516.1154
-48515.1542
-48513.6790
-48512.1144
-48512.7403
-48515.7577
-48509.1193
-48507.0406
-48510.7062
-48506.9959
-48504.7830
-48510.6392
-48497.2281
-48502.2126
-48497.5187
-48493.4507
-48498.3681
-48492.9143
-48488.8462
-48482.4536
-48486.3205
-48486.0523
-48490.1203
-48488.7792
-48494.5459
-48485.6052
-48487.8181
-48487.3263
-48492.6684
-48489.9415
-48489.1592
-48490.2768
-48496.0659
-48493.1154
-48494.8365
-48499.8209
-48501.1173
-48497.0940
-48496.7588
-48501.0279
-48510.7062
-48498.0328
-48494.6353
-48506.1688
-48486.9240
-48489.8968
-48493.2719
-48492.5566
-48489.8297
-48486.2981
-48489.4944
-48491.2379
-48491.0144
-48486.3652
-48485.7617
-48485.0017
-48486.4770
-48488.2427
-48489.3380
-48486.3428
-48487.1475
-48490.2544
-48489.9415
-48486.3875
-48486.8346
-48489.3603
-48487.6392
-48485.3147
-48490.1650
-48490.9250
-48489.6733
-48482.5430
-48488.9133
-48492.3778
-48490.0979
-48490.5226
-48489.1145
-48492.4672
-48491.8414
-48487.2593
-48488.9804
-48492.0872
-48488.2427
-48485.3594
-48488.9580
-48492.5343
-48487.3040
-48482.1854
-48481.4702
-48482.2972
-48484.0183
-48487.9075
-48488.1533
-48484.3759
-48486.3875
-48490.7908
-48494.5012
-48501.5420
-48502.4137
-48503.6431
-48505.5877
-48510.3263
-48509.3428
-48515.4225
-48507.7782
-48512.4273
-48511.2427
-48511.7121
-48509.4545
-48513.5896
-48510.8180
-48519.2893
-48512.5614
-48506.5041
-48511.4439
-48512.8073
-48512.3603
-48519.6022
-48522.0162
-48521.2339
-48519.0211
-48515.2660
-48516.1377
-48517.9259
-48519.9822
-48514.2378
-48518.3505
-48524.6314
-48521.9715
-48526.0842
-48523.7597
-48524.2514
-48525.7937
-48532.8792
-48528.9006
-48532.4098
-48534.5779
-48536.5449
-48536.4778
-48532.9462
-48540.6129
-48535.0920
-48530.3981
-48531.7169
-48539.4729
-48540.1658
-48539.0036
-48534.5779
-48535.4273
-48532.3427
-48535.0026
-48535.2261
-48536.9919
-48539.0706
-48537.7519
-48539.3165
-48542.0434
-48543.1610
-48537.1484
-48536.8578
-48543.7645
-48550.2241
-48550.1794
-48552.2134
-48548.2572
-48550.0453
-48551.9452
-48551.0735
-48556.6391
-48559.3660
-48552.7499
-48556.6167
-48560.9306
-48559.7683
-48562.6293
-48564.9763
-48563.9258
-48568.1726
-48571.0560
-48565.7586
-48570.9666
-48575.6381
-48573.9840
-48573.4699
-48570.9889
-48580.0637
-48574.9675
-48581.4048
-48578.4320
-48578.8791
-48579.1473
-48584.8246
-48584.8917
-48582.3883
-48580.8237
-48585.8081
-48589.4961
-48585.4728
-48588.4456
-48593.5642
-48586.9033
-48586.9033
-48590.8596
-48591.5749
-48587.8868
-48593.5642
-48594.0559
-48601.2308
-48598.4368
-48601.9237
-48594.5029
-48596.0005
-48600.6050
-48601.0520
-48599.5544
-48597.4310
-48594.9053
-48601.3426
-48591.5302
-48592.4689
-48598.9286
-48593.8100
-48588.9821
-48595.0170
-48588.9821
-48588.9374
-48592.9383
-48595.3300
-48595.6652
-48592.6701
-48594.4806
-48593.4971
-48599.5544
-48596.3805
-48605.3882
-48594.6818
-48596.8499
-48593.7206
-48598.6604
-48597.4981
-48597.5428
-48600.7838
-48602.7731
-48598.4368
-48599.4203
-48604.6730
-48602.5272
-48599.1297
-48598.0569
-48601.2755
-48598.7051
-48594.9723
-48591.9325
-48584.1988
-48581.8518
-48574.3864
-48562.6517
-48562.0259
-48561.0871
-48570.3631
-48575.4369
-48566.9656
-48568.5973
-48567.3679
-48570.0948
-48581.8742
-48584.8470
-48581.9413
-48575.4369
-48573.1794
-48583.5282
-48579.6837
-48581.0695
-48584.0870
-48587.1716
-48579.8402
-48582.9247
-48576.6439
-48576.9792
-48578.7226
-48581.4495
-48581.1589
-48575.3698
-48575.0122
-48578.9238
-48575.6381
-48577.2474
-48575.1240
-48576.2863
-48575.6604
-48568.2843
-48569.0667
-48571.9277
-48572.1065
-48567.5691
-48565.6021
-48564.9092
-48565.1998
-48571.3689
-48564.8869
-48560.2601
-48564.0599
-48566.1162
-48570.3854
-48566.8315
-48567.9714
-48565.5574
-48571.1230
-48574.5652
-48568.2396
-48566.4515
-48569.0667
-48569.7372
-48570.9218
-48577.6944
-48576.5768
-48577.2474
-48571.8159
-48570.7430
-48568.5302
-48573.0229
-48571.3018
-48568.7984
-48576.4427
-48575.0569
-48571.2571
-48570.4525
-48566.2727
-48562.6517
-48563.2552
-48566.1162
-48568.3737
-48565.8704
-48558.6060
-48554.8509
-48555.0745
-48559.3436
-48556.0132
-48556.8402
-48550.4253
-48550.7606
-48551.5652
-48548.4583
-48547.1396
-48549.8218
-48546.7596
-48548.3913
-48548.2795
-48543.0492
-48539.9647
-48541.5293
-48547.3408
-48543.0269
-48538.5565
-48534.4662
-48538.5789
-48539.0706
-48538.6459
-48535.8967
-48534.7567
-48538.3554
-48533.7509
-48536.8578
-48531.4710
-48526.4642
-48523.1115
-48524.3408
-48524.1396
-48528.5206
-48531.6051
-48526.0395
-48528.5429
-48524.8325
-48528.4759
-48530.4875
-48534.4438
-48527.4924
-48522.6868
-48524.7878
-48522.4409
-48523.1785
-48521.3680
-48520.8316
-48528.2971
-48528.2077
-48521.5021
-48529.0794
-48526.1513
-48527.4030
-48531.6722
-48524.7878
-48533.5721
-48537.8860
-48518.5741
-48522.4856
-48515.7801
-48513.9696
-48508.6722
-48505.6324
-48503.5760
-48506.3700
-48508.9181
-48502.5032
-48502.4361
-48498.7257
-48497.8540
-48499.8657
-48502.1902
-48508.3817
-48496.6246
-48495.1271
-48497.2281
-48495.7306
-48497.8763
-48495.7306
-48498.3681
-48492.9813
-48490.7908
-48491.7296
-48492.4896
-48488.0416
-48495.6412
-48491.2155
-48483.7500
-48483.2360
-48485.5605
-48486.2981
-48479.4362
-48488.2874
-48480.5761
-48476.3740
-48473.7365
-48471.0766
-48474.2953
-48474.4517
-48474.4964
-48471.3895
-48469.3332
-48466.4945
-48469.8026
-48471.8813
-48473.7588
-48473.1106
-48470.2943
-48474.4741
-48478.8997
-48475.4352
-48470.9201
-48474.7199
-48474.6082
-48471.6130
-48482.0513
-48476.9104
-48478.6762
-48474.5858
-48483.3254
-48475.2340
-48483.4818
-48482.6101
-48492.5790
-48488.4439
-48491.7520
-48495.1271
-48496.4235
-48489.0474
-48487.9522
-48489.5168
-48492.0202
-48493.2719
-48485.2029
-48486.2534
-48485.5158
-48489.7627
-48490.7908
-48494.9930
-48487.4604
-48487.3934
-48487.7734
-48491.0814
-48493.0260
-48492.6237
-48489.4274
-48492.6460
-48489.6956
-48489.6286
-48497.0493
-48495.2612
-48487.8181
-48486.0523
-48488.3769
-48486.2534
-48487.1922
-48490.4109
-48487.5722
-48488.8015
-48488.7345
-48485.1806
-48483.5489
-48486.0746
-48487.2369
-48486.2758
-48486.2534
-48487.2369
-48483.7500
-48485.0911
-48481.4031
-48486.2087
-48487.3710
-48482.5654
-48486.2311
-48488.7792
-48489.1592
-48488.9133
-48491.1485
-48497.6305
-48498.3681
-48494.3895
-48504.0007
-48499.1057
-48498.0328
-48500.3574
-48500.6480
-48506.8617
-48502.8608
-48505.2748
-48509.9686
-48509.9463
-48505.1630
-48506.2583
-48510.9968
-48507.0182
-48507.4652
-48512.6061
-48513.9696
-48516.2048
-48512.3156
-48513.6567
-48516.1601
-48518.0153
-48514.0143
-48511.0192
-48510.9521
-48517.9482
-48516.8306
-48522.4856
-48508.9181
-48510.1475
-48515.8248
-48518.2164
-48520.2728
-48521.0998
-48528.1630
-48519.8034
-48517.3671
-48515.5789
-48518.2388
-48516.8083
-48518.4623
-48524.2738
-48533.2368
-48522.5080
-48522.6868
-48519.4905
-48524.0055
-48524.4526
-48527.1795
-48521.4351
-48516.0930
-48520.1387
-48518.0153
-48524.9890
-48516.2718
-48512.9191
-48514.3719
-48518.2164
-48515.5342
-48517.7247
-48529.9735
-48519.9152
-48512.5167
-48512.8297
-48512.0474
-48518.4847
-48518.9093
-48521.9715
-48520.5857
-48526.7324
-48534.9802
-48528.7441
-48530.9122
-48529.9735
-48529.2135
-48530.4428
-48539.1377
-48539.4506
-48532.9015
-48531.7616
-48528.6323
-48538.2212
-48541.0376
-48536.4778
-48541.7081
-48547.4302
-48545.6644
-48531.8510
-48530.8005
-48532.1192
-48531.4487
-48530.4205
-48534.3320
-48532.2086
-48535.6284
-48528.8559
-48526.3301
-48524.7431
-48527.1124
-48531.6051
-48535.2038
-48531.4040
-48527.0007
-48533.3039
-48522.7315
-48526.8219
-48525.4137
-48522.8879
-48522.0609
-48525.6372
-48534.1532
-48531.6051
-48521.5245
-48524.5420
-48525.1231
-48525.2125
-48521.2116
-48521.5915
-48523.7150
-48527.8500
-48516.0707
-48515.4672
-48517.4341
-48516.9424
-48512.9861
-48517.2330
-48519.1552
-48514.3049
-48517.9482
-48510.1698
-48506.8841
-48503.3078
-48509.4545
-48508.3817
-48509.8122
-48509.8122
-48514.7072
-48514.7966
-48503.8443
-48505.7889
-48506.8394
-48509.7675
-48510.2145
-48509.9910
-48511.2427
-48503.5313
-48509.7675
-48506.7947
-48502.8831
-48504.9842
-48509.7004
-48515.7577
-48513.4555
-48511.2203
-48510.9521
-48509.2757
-48505.6324
-48509.0746
-48511.6674
-48509.4545
-48504.4254
-48497.4964
-48496.8482
-48494.1436
-48494.7471
-48498.1893
-48492.5790
-48490.2544
-48488.0639
-48491.4614
-48495.8423
-48485.7841
-48485.1135
-48484.8676
-48490.4109
-48486.9016
-48484.7559
-48484.9570
-48484.7112
-48480.9561
-48481.2690
-48485.8735
-48485.7393
-48476.4634
-48476.7316
-48477.9162
-48477.5810
-48473.2224
-48471.9707
-48477.5586
-48473.9376
-48471.0319
-48474.2953
-48466.7180
-48468.5062
-48472.3283
-48470.3837
-48464.0135
-48467.0086
-48467.7015
-48461.5324
-48462.4712
-48459.0737
-48456.9950
-48454.8269
-48454.1116
-48455.0057
-48451.6082
-48453.3517
-48453.6422
-48451.8318
-48457.7997
-48455.1175
-48456.8609
-48459.0290
-48459.4537
-48457.6209
-48457.3973
-48455.1845
-48459.8113
-48455.6092
-48456.5033
-48457.8667
-48461.1971
-48458.3361
-48455.8104
-48451.9882
-48450.5354
-48452.5470
-48453.5975
-48454.2681
-48450.2001
-48441.0806
-48429.1671
-48425.3449
-48415.8007
-48413.3868
-48413.1409
-48419.6452
-48425.0320
-48426.0825
-48435.8056
-48434.2409
-48433.8162
-48440.3877
-48439.2701
-48442.5558
-48449.9095
-48448.1661
-48446.3332
-48447.8531
-48450.5577
-48456.8162
-48447.0485
-48452.0329
-48455.1845
-48460.5936
-48464.0805
-48468.5956
-48465.3322
-48466.3604
-48467.1203
-48470.0484
-48467.5227
-48470.0931
-48474.6976
-48465.8463
-48472.3060
-48471.2107
-48465.5110
-48459.6102
-48465.1757
-48465.1310
-48473.3118
-48468.3720
-48466.1145
-48464.2146
-48467.4109
-48471.7025
-48476.2399
-48477.8939
-48473.6471
-48479.6150
-48477.2904
-48474.0941
-48481.4478
-48481.0678
-48482.5207
-48483.5265
-48488.0192
-48486.9240
-48484.5771
-48487.9522
-48486.0076
-48483.5489
-48486.3875
-48496.5129
-48490.7014
-48492.9813
-48485.6499
-48487.5051
-48489.5391
-48490.2544
-48494.2554
-48494.8812
-48492.9143
-48492.7801
-48493.8977
-48487.6840
-48491.1932
-48488.5110
-48493.7860
-48489.7850
-48491.1708
-48494.9706
-48499.3739
-48495.2612
-48497.0940
-48494.9930
-48492.9813
-48492.6237
-48496.4682
-48500.0445
-48492.9143
-48492.9813
-48489.0251
-48488.5333
-48494.0095
-48495.2835
-48489.5838
-48490.5226
-48490.5450
-48498.5916
-48487.0134
-48490.3215
-48499.0833
-48501.1844
-48505.2748
-48498.6140
-48497.9658
-48503.1290
-48505.8336
-48500.1115
-48495.3730
-48490.9920
-48493.9871
-48493.5401
-48495.7306
-48494.3671
-48494.0542
-48495.7082
-48491.7073
-48493.0707
-48497.8093
-48499.0163
-48510.3039
-48508.0911
-48508.5158
-48505.0066
-48514.4390
-48512.1144
-48516.6071
-48514.0367
-48516.6071
-48516.0036
-48525.7937
-48519.2223
-48515.9366
-48514.0367
-48516.2495
-48513.5673
-48522.3962
-48521.7704
-48524.5643
-48516.2495
-48511.3992
-48509.2087
-48512.8967
-48525.5702
-48513.5896
-48511.9579
-48508.2923
-48503.5313
-48505.7442
-48514.2825
-48517.2330
-48521.6139
-48525.0784
-48516.2048
-48516.6295
-48520.2951
-48514.9307
-48513.9025
-48514.4166
-48514.6625
-48515.7801
-48517.4341
-48511.7121
-48518.9764
-48517.8588
-48518.0376
-48519.6693
-48517.2106
-48516.7859
-48525.1455
-48524.0279
-48514.4613
-48514.2155
-48512.8297
-48514.1261
-48518.0823
-48515.5789
-48517.5459
-48513.9249
-48513.1649
-48514.1037
-48510.7062
-48508.6052
-48506.4818
-48511.2874
-48506.1912
-48502.1008
-48508.7840
-48508.4934
-48499.1057
-48501.8773
-48504.4031
-48506.9288
-48520.1834
-48513.0755
-48511.0862
-48511.5780
-48514.5284
-48517.3000
-48520.8986
-48517.5012
-48523.3573
-48525.6372
-48523.0668
-48514.5955
-48519.0434
-48509.7451
-48513.1202
-48512.3379
-48513.2990
-48512.0250
-48516.4730
-48514.3496
-48509.4098
-48511.5333
-48509.4322
-48508.0911
-48507.3311
-48505.6995
-48506.2583
-48507.2864
-48502.4808
-48500.7821
-48501.5644
-48503.0396
-48501.6761
-48496.2670
-48501.5644
-48499.1727
-48498.2787
-48498.6810
-48505.9006
-48506.3030
-48500.8044
-48493.8530
-48497.0046
-48498.1893
-48497.0717
-48497.1387
-48490.8355
-48494.4342
-48487.9969
-48487.4828
-48483.1018
-48482.7219
-48486.9240
-48489.3827
-48488.5780
-48489.2933
-48492.0649
-48488.5557
-48482.9230
-48479.5479
-48480.7549
-48483.5042
-48484.6665
-48487.5945
-48483.9736
-48481.0231
-48492.5790
-48482.1184
-48485.5382
-48476.3963
-48479.3244
-48489.5615
-48486.2311
-48486.8569
-48488.0192
-48485.9852
-48487.1922
-48490.1650
-48494.2107
-48499.1504
-48492.6684
-48495.9317
-48499.3739
-48502.0561
-48499.2175
-48500.6480
-48499.9104
-48502.3020
-48498.2116
-48500.1562
-48501.3185
-48500.5809
-36447.5592
-72898.6946
-72894.5372
-72889.6869
-72887.5188
-72887.9434
-72899.3652
-72896.3924
-72901.6451
-72892.7938
-72892.0115
-72886.8705
-72881.9979
-72879.3380
-72884.9707
-72883.8754
-72887.8540
-72886.0882
-72886.9376
-72886.4906
-72882.6684
-72871.5373
-72875.0688
-72870.3079
-72870.9114
-72868.3857
-72870.5538
-72872.6772
-72882.3108
-72872.9454
-72876.8570
-72878.4663
-72880.4109
-72882.7578
-72881.6402
-72877.5275
-72877.5052
-72877.1252
-72876.9017
-72872.4984
-72875.7841
-72876.0300
-72879.9192
-72884.9707
-72880.2544
-72881.8638
-72886.5576
-72891.9220
-72885.6189
-72882.9143
-72875.2476
-72879.5615
-72884.5683
-72883.4060
-72886.3788
-72891.6091
-72887.2952
-72887.7199
-72889.5304
-72890.3798
-72889.0834
-72889.5975
-72903.3438
-72901.4662
-72897.1747
-72894.4478
-72894.2019
-72897.7335
-72902.7179
-72910.3399
-72909.1552
-72903.5450
-72897.6888
-72899.4322
-72905.8695
-72904.8414
-72909.4682
-72906.4060
-72902.9638
-72898.0464
-72904.9755
-72903.9920
-72901.5333
-72900.7063
-72903.0756
-72894.8948
-72888.8152
-72890.2457
-72892.2350
-72900.6169
-72900.2145
-72905.8025
-72914.4750
-72904.3496
-72897.9123
-72902.8968
-72896.8394
-72895.8112
-72898.3146
-72900.6839
-72900.0134
-72914.3185
-72918.4759
-72914.7432
-72912.9103
-72928.7577
-72925.4720
-72929.2942
-72922.4769
-72925.1814
-72927.7519
-72930.6576
-72934.7033
-72938.1007
-72933.8763
-72935.3738
-72936.4467
-72940.4924
-72944.5828
-72943.4205
-72944.3816
-72945.7450
-72948.5390
-72944.7169
-72942.3029
-72952.2494
-72945.8792
-72949.3437
-72952.9647
-72948.8743
-72946.6615
-72949.6790
-72953.2776
-72953.3670
-72949.3213
-72952.6294
-72954.8646
-72956.1386
-72942.3699
-72955.2892
-72952.5623
-72954.8199
-72955.9374
-72952.0035
-72945.0968
-72956.5856
-72954.3505
-72954.8199
-72884.7695
-72885.3283
-72997.6905
-72996.4388
-72967.0239
-72954.4622
-72954.4622
-72953.1882
-72952.0706
-72948.2037
-72953.5235
-72950.1260
-72952.8529
-72943.8451
-72942.1911
-72941.2300
-72942.5711
-72940.1571
-72943.2193
-72935.1503
-72935.7538
-72936.8043
-72935.2621
-72929.9871
-72937.4078
-72943.7110
-72948.2484
-72944.7392
-72952.0035
-72949.3437
-72955.0434
-72956.7198
-72964.4758
-72969.4602
-72964.0958
-72965.8169
-72959.0443
-72961.3689
-72966.3310
-72968.4544
-72969.8849
-72972.1872
-72968.8344
-72977.5292
-72981.3067
-72977.5963
-72979.4962
-72990.7838
-72972.3436
-72978.4680
-72977.2163
-72978.6692
-72974.1765
-72977.2387
-72974.1094
-72974.1094
-72976.6128
-72983.1842
-72979.0715
-72977.8421
-72977.1045
-72971.7178
-72978.8927
-72992.8178
-72971.5390
-72963.8053
-72967.3145
-72960.9889
-72969.8626
-72961.6595
-72968.1191
-72965.3922
-72963.4923
-72966.0851
-72959.6702
-72964.6993
-72960.0949
-72959.4914
-72949.6566
-72954.8869
-72959.7372
-72963.8276
-72965.9287
-72952.2494
-72953.2552
-72957.2562
-72956.8986
-72959.2902
-72965.1240
-72957.9714
-72805.5773
-72720.9536
-72742.8583
-72797.5530
-72839.7084
-72880.6344
-72893.4420
-72909.7140
-72923.8850
-72932.6246
-72938.4137
-72945.1639
-72945.7450
-72953.0541
-72950.5954
-72958.7314
-72953.7917
-72955.0881
-72961.9724
-72956.0045
-72956.2504
-72956.4292
-72958.2620
-72956.6750
-72958.3291
-72957.3232
-72964.2523
-72966.6216
-72963.7606
-72962.5536
-72960.8101
-72955.8033
-72964.9899
-72960.8995
-72965.5263
-72971.6507
-72956.7645
-72960.8101
-72960.2066
-72961.7712
-72964.8334
-72966.1298
-72964.3417
-72954.1269
-72955.1551
-72957.8820
-72954.7304
-72954.5516
-72962.7994
-72971.4943
-72964.6770
-72959.3573
-72955.0881
-72958.8208
-72954.0375
-72953.0094
-72957.5244
-72956.9656
-72958.5973
-73212.9601
-73310.8384
-73195.6375
-73088.0586
-73023.8867
-72990.0015
-72969.0803
-72954.3058
-72946.5497
-72944.8063
-72947.8238
-72941.4088
-72944.5381
-72939.7995
-72938.1231
-72950.8636
-72939.1960
-72941.5429
-72946.5274
-72945.2533
-72942.5711
-72948.8519
-72947.3544
-72950.5283
-72945.9462
-72944.6275
-72948.8519
-72947.8014
-72952.4282
-72945.9462
-72943.8898
-72963.9841
-72961.0336
-72941.2970
-72935.8209
-72927.8636
-72924.1980
-72927.3719
-72931.4399
-72935.1727
-72935.6868
-72931.2835
-72929.6518
-72925.6061
-72928.0425
-72930.4341
-72933.5857
-72931.3952
-72928.2883
-72928.0201
-72926.5672
-72921.9404
-72923.0804
-72931.5964
-72929.0706
-72922.6780
-72917.6713
-72915.3467
-72920.2194
-72920.8676
-72918.9230
-72923.8850
-72920.4876
-72916.5313
-72916.9336
-72918.4759
-72920.4876
-72933.4292
-72918.6771
-72918.9453
-72918.1183
-72919.9064
-72923.5721
-72913.2903
-72909.7587
-72906.1154
-72908.0600
-72913.4915
-72912.8880
-72911.2563
-72901.9133
-72904.9308
-72913.6032
-72907.7471
-72900.5945
-72901.9580
-72907.0765
-72905.5343
-72903.1203
-72904.1037
-72894.5819
-72895.9007
-72906.4507
-72901.4886
-72904.7743
-72913.1115
-72911.0998
-72914.0279
-72903.7908
-72898.7170
-72897.3312
-72901.2427
-72901.6451
-72900.5275
-72905.1319
-72900.8851
-72901.7568
-72912.7986
-72908.1718
-72904.3273
-72905.9142
-72910.8316
-72909.9599
-72911.9939
-72912.9774
-72909.9823
-72908.6411
-72907.7247
-72903.5226
-72903.5002
-72904.6402
-72911.1892
-72903.5226
-72902.8744
-72905.0202
-72904.1037
-72897.2641
-72895.9454
-72902.8297
-72906.9871
-72905.0872
-72899.5887
-72903.4779
-72902.5615
-72908.4847
-72915.4137
-72904.7519
-72905.5343
-72910.2058
-72915.9502
-72910.6305
-72903.6120
-72903.3885
-72906.3613
-72906.8754
-72898.6052
-72893.7549
-72896.0795
-72896.9735
-72902.4497
-72896.0571
-72889.8657
-72899.9463
-72899.0746
-72893.6655
-72891.3633
-72893.5984
-72889.8210
-72889.3516
-72888.9493
-72882.5567
-72875.4488
-72879.6956
-72875.2029
-72870.0397
-72869.5703
-72871.8725
-72871.5820
-72872.2302
-72877.0581
-72872.6325
-72878.7569
-72875.1806
-72880.0309
-72881.3944
-72886.2447
-72885.8424
-72879.9862
-72880.1874
-72882.9143
-72892.1232
-72888.0999
-72885.7530
-72889.0163
-72891.3856
-72877.0805
-72885.0154
-72881.3944
-72874.7112
-72883.2049
-72875.9405
-72871.2914
-72873.4372
-72876.3429
-72878.4216
-72872.4984
-72874.4653
-72868.0727
-72866.0611
-72865.9493
-72868.0951
-72863.4683
-72862.7754
-72878.3322
-72862.8648
-72854.9523
-72858.0144
-72860.1155
-72860.1602
-72857.5674
-72856.8075
-72853.8794
-72855.3993
-72857.6792
-72849.9008
-72849.8114
-72846.8833
-72854.2594
-72861.0543
-72872.5878
-72856.4945
-72848.4255
-72849.9678
-72852.6724
-72849.3420
-72853.2088
-72843.0835
-72849.6996
-72842.7259
-72844.3128
-72844.1787
-72839.6637
-72839.8425
-72839.8872
-72837.6967
-72838.7472
-72827.8843
-72822.2964
-72824.7327
-72830.8347
-72827.5937
-72827.1690
-72837.4285
-72830.6783
-72837.0709
-72835.3721
-72832.6229
-72822.6987
-72825.0456
-72824.5986
-72838.2779
-72821.2235
-72823.0340
-72824.7327
-72823.7939
-72830.5218
-72835.1933
-72835.5286
-72836.1544
-72826.1632
-72829.2254
-72832.1535
-72828.4431
-72828.3760
-72837.4508
-72825.5374
-72823.7492
-72824.9115
-72822.7434
-72820.7094
-72820.7541
-72831.0135
-72830.4771
-72824.2633
-72829.8512
-72825.4927
-72823.3692
-72824.3751
-72823.2798
-72805.2643
-72644.9576
-72613.0393
-72657.1393
-72702.9604
-72740.7572
-72764.5842
-72781.1021
-72797.9553
-72803.5432
-72818.4742
-72907.0318
-73169.4190
-73112.8914
-72999.9033
-72917.9395
-72872.9231
-72851.7113
-72841.3847
-72841.0048
-72830.5665
-72830.6112
-72840.5577
-72830.0971
-72826.1185
-72819.4577
-72822.7657
-72820.4635
-72819.5918
-72818.9659
-72819.9494
-72822.6987
-72831.9523
-72817.8260
-72823.1681
-72822.6987
-72827.7949
-72840.3119
-72833.3381
-72837.0709
-72839.2166
-72841.6977
-72843.0611
-72842.3906
-72844.2011
-72844.7152
-72842.0106
-72841.8094
-72851.0631
-72854.7734
-72849.6325
-72851.3313
-72856.8745
-72856.1593
-72855.2652
-72855.2205
-72856.2487
-72861.4566
-72859.8696
-72859.3108
-72863.5353
-72857.2545
-72858.7744
-72858.1262
-72855.2875
-72864.4294
-72862.9318
-72859.8026
-72865.9270
-72865.1000
-72863.2895
-72863.9153
-72861.0319
-72866.1505
-72865.0776
-72863.8259
-72858.5956
-72866.4411
-72861.3672
-72862.0825
-72865.3905
-72868.2515
-72862.4624
-72868.0951
-72859.3108
-72863.4236
-72866.1505
-72869.1456
-72868.1621
-72870.3079
-72861.6354
-72866.4634
-72871.7831
-72874.3312
-72877.3711
-72871.9619
-72874.3759
-72873.5266
-72876.0076
-72875.0241
-72873.9065
-72877.0805
-72880.4332
-72879.3604
-72877.8404
-72879.3604
-72878.2428
-72888.8152
-72881.8414
-72884.0319
-72886.2223
-72895.5207
-72894.1125
-72896.3477
-72893.5984
-72896.9512
-72900.4828
-72902.8968
-72913.6703
-72905.0872
-72906.3836
-72913.1562
-72903.9249
-72906.9871
-72913.9609
-72915.7267
-72910.6975
-72909.6023
-72908.8200
-72907.3671
-72908.5741
-72920.9570
-72916.1737
-72908.2612
-72911.6810
-72909.2446
-72910.3399
-72912.0610
-72909.8705
-72913.9609
-72909.8928
-72918.2971
-72919.3029
-72914.6985
-72914.7655
-72933.3398
-72918.3195
-72914.0726
-72911.3904
-72912.6645
-72915.3243
-72910.5410
-72906.8977
-72908.4176
-72907.7247
-72904.4837
-72907.9706
-72902.2933
-72909.1999
-72913.5362
-72914.3185
-72913.0668
-72909.9152
-72906.9201
-72911.5916
-72906.3389
-72906.4954
-72908.8423
-72904.4390
-72907.0318
-72910.3846
-72901.0639
-72897.1524
-72906.6071
-72906.6965
-72899.6557
-72891.6985
-72900.2145
-72898.2699
-72909.2223
-72905.6237
-72909.5799
-72909.6470
-72908.5517
-72913.2680
-72919.7053
-72919.3923
-72914.2738
-72919.4147
-72916.4643
-72915.0561
-72918.3642
-72917.3807
-72913.2456
-72919.4817
-72922.9686
-72928.9365
-72929.2495
-72929.4283
-72918.9677
-72921.7840
-72922.7675
-72920.4205
-72920.0852
-72913.9832
-72911.1669
-72915.9278
-72906.5401
-72898.7617
-72897.4429
-72895.0066
-72900.8404
-72909.3117
-72910.6975
-72902.7850
-72903.8802
-72904.3943
-72908.2388
-72905.7578
-72909.1552
-72910.6305
-72912.3068
-72903.2320
-72906.1378
-72907.4342
-72901.6227
-72897.8453
-72899.3428
-72900.4157
-72898.9852
-72897.0182
-72900.9969
-72910.1611
-72904.9755
-72902.2709
-72896.0795
-72894.2690
-72904.6625
-72914.6761
-72916.2854
-72923.3486
-72918.9677
-72915.1902
-72912.3068
-72917.5148
-72918.7665
-72915.1008
-72911.0328
-72910.2952
-72902.9191
-72902.5391
-72900.1251
-72901.4439
-72915.1679
-72925.8743
-72921.9404
-72926.4778
-72920.9793
-72925.8073
-72929.0036
-72929.3165
-72931.8646
-72934.7927
-72939.3748
-72944.2028
-72936.1338
-72941.9676
-72942.2582
-72954.6634
-72945.4992
-72953.9258
-72951.0201
-72948.0249
-72957.0774
-72964.2970
-72962.8218
-72965.8393
-72969.9967
-72961.3242
-72962.6877
-72960.3184
-72966.0851
-72964.8334
-72963.4923
-72977.0375
-72977.2387
-72969.8849
-72968.7897
-72966.8898
-72975.6070
-72980.5691
-72980.9937
-72985.6876
-72983.0278
-72989.1968
-72990.0239
-72986.8052
-72989.7556
-72993.3319
-72994.6730
-72996.0141
-73004.6866
-72999.1210
-72989.2192
-72986.2911
-72996.7741
-73004.5301
-72989.1521
-72986.1123
-72988.1910
-72988.7722
-72985.0171
-72986.0005
-72991.6779
-72990.2250
-72999.5457
-72997.6011
-72996.8635
-72995.3436
-73002.4067
-73000.6856
-72996.7964
-72994.6507
-73002.7420
-73010.4980
-73012.7556
-73018.9917
-73019.6623
-73020.4669
-73027.3736
-73023.0821
-73027.4183
-73025.2949
-73030.0558
-73031.6204
-73033.1627
-73028.7147
-73031.0840
-73028.5359
-73031.5534
-73037.1190
-73044.5845
-73046.0597
-73044.8080
-73049.0548
-73045.5903
-73048.3619
-73053.7487
-73054.8886
-73053.7934
-73056.5203
-73056.7662
-73060.9683
-73059.4707
-73063.0246
-73060.4542
-73064.8575
-73069.7302
-73065.4386
-73060.6777
-73066.9139
-73072.9041
-73071.4066
-73074.2676
-73073.2170
-73075.7204
-73074.2676
-73086.7846
-73083.6553
-73078.3803
-73085.7340
-73080.1461
-73085.2199
-73084.9294
-73085.6446
-73080.9284
-73078.4474
-73077.0839
-73076.6145
-73075.8769
-73073.7758
-73084.0800
-73075.7428
-73077.9109
-73051.4688
-73011.1686
-73100.9779
-73108.3987
-73096.5523
-73088.5280
-73084.1247
-73079.7885
-73076.1451
-73077.6874
-73078.2238
-73090.6738
-73090.9196
-73078.6485
-73085.2423
-73092.7525
-73096.7311
-73094.1606
-73103.5931
-73106.4094
-73109.5610
-73117.1829
-73117.9652
-73118.9040
-73123.5979
-73120.8039
-73128.3141
-73135.0196
-73124.0449
-73126.4142
-73128.6717
-73132.7844
-73137.0760
-73130.2810
-73125.7213
-73125.5425
-73134.8408
-73130.2363
-73136.6736
-73128.0012
-73133.7232
-73141.6134
-73142.0157
-73146.2402
-73145.1450
-73140.7640
-73142.1945
-73143.0886
-73149.9506
-73141.9487
-73138.1489
-73142.5298
-73141.3228
-73148.7212
-73143.2674
-73139.4453
-73143.4462
-73146.5978
-73134.5279
-73136.1596
-73138.4841
-73136.4948
-73135.3102
-73139.4453
-73140.9875
-73136.7183
-73140.1158
-73135.0420
-73137.4783
-73140.9205
-73143.6250
-73145.2344
-73152.2752
-73148.9448
-73155.7620
-73153.5045
-73150.1965
-73141.7698
-73138.9535
-73141.6357
-73144.4297
-73143.5356
-73140.9205
-73128.8058
-73133.8126
-73134.4161
-73128.3141
-73135.0867
-73135.9137
-73132.7844
-73136.3160
-73148.0730
-73140.8311
-73140.1382
-73143.0662
-73140.0041
-73148.7883
-73147.6260
-73143.7591
-73153.9292
-73150.1741
-73152.6551
-73150.4423
-73154.5774
-73157.0808
-73156.4996
-73150.7552
-73159.3160
-73164.1663
-73161.9982
-73156.8573
-73160.6347
-73164.5686
-73162.8699
-73156.9914
-73161.0147
-73160.8582
-73163.4957
-73161.1041
-73151.5152
-73155.6950
-73157.3714
-73154.3986
-73154.2421
-73162.1323
-73149.7718
-73152.2975
-73151.3140
-73153.3704
-73155.7620
-73153.8621
-73159.7406
-73154.7786
-73143.1333
-73150.7105
-73153.0128
-73146.7766
-73140.1829
-73143.2898
-73141.4793
-73138.5735
-73142.9545
-73137.4336
-73140.1605
-73136.6960
-73135.2655
-73129.2082
-73137.6124
-73144.3850
-73142.4851
-73140.6523
-73136.6960
-73139.4900
-73145.1673
-73139.9594
-73138.7747
-73133.6115
-73132.6503
-73128.8729
-73129.8564
-73123.2626
-73119.2393
-73123.3073
-73121.0051
-73120.1334
-73121.4521
-73125.9001
-73126.0566
-73134.7737
-73129.9011
-73136.2043
-73126.6377
-73134.6396
-73138.7747
-73134.8408
-73131.5998
-73132.7397
-73137.9700
-73137.5007
-73136.2490
-73130.5940
-73131.0634
-73133.9691
-73134.4832
-73136.6736
-73139.7135
-73132.9186
-73134.0361
-73130.7504
-73131.0857
-73134.0138
-73134.4385
-73131.5774
-73125.2519
-73127.5765
-73130.5716
-73131.5998
-73130.7504
-73125.5425
-73133.2091
-73134.1479
-73133.4550
-73127.6882
-73123.5308
-73127.8447
-73125.9672
-73125.4754
-73122.2121
-73114.9701
-73114.9254
-73114.8583
-73118.9487
-73113.7184
-73105.2471
-73102.7437
-73113.3161
-73112.6902
-73110.0527
-73103.6825
-73100.2180
-73103.0790
-73098.6757
-73097.4910
-73100.4191
-73100.5756
-73099.4580
-73093.6018
-73089.4221
-73096.7087
-73095.0547
-73098.2063
-73103.1013
-73099.5474
-73093.8030
-73093.7806
-73091.3220
-73094.9876
-73091.7243
-73092.1713
-73087.5669
-73085.2423
-73090.8079
-73091.8360
-73093.5795
-73097.8263
-73100.0615
-73104.9342
-73110.3656
-73105.9176
-73102.5649
-73103.7495
-73106.6105
-73102.6990
-73106.3870
-73101.8720
-73109.1586
-73107.1917
-73105.4036
-73118.3229
-73119.1722
-73120.0887
-73107.4599
-73113.2937
-73114.2325
-73114.9477
-73109.0469
-73111.0362
-73106.7670
-73110.7456
-73103.3695
-73107.3035
-73103.7272
-73102.0284
-73094.9206
-73097.8710
-73098.6086
-73093.0207
-73099.6368
-73108.9798
-73099.9497
-73087.3657
-73089.8020
-73095.9041
-73090.2938
-73094.6300
-73095.1441
-73097.5581
-73097.4687
-73090.3832
-73098.6757
-73083.5212
-73088.1704
-73089.7573
-73096.5523
-73103.8166
-73106.8564
-73102.6319
-73092.8866
-73091.5902
-73095.3900
-73082.3142
-73093.8701
-73087.4775
-73087.5669
-73092.1043
-73091.5678
-73088.5727
-73090.3161
-73082.6495
-73081.8895
-73079.3861
-73084.5717
-73094.6524
-73091.2996
-73093.0207
-73088.3268
-73087.5669
-73089.2656
-73094.0712
-73095.5017
-73097.0664
-73098.3851
-73095.3676
-73096.3511
-73096.0382
-73098.9215
-73107.0799
-73103.7048
-73108.7787
-73104.3083
-73113.1373
-73109.6727
-73109.3822
-73101.7602
-73103.5260
-73099.6592
-73104.6883
-73110.2986
-73110.6786
-73096.9099
-73106.3423
-73086.6057
-73091.0984
-73084.3035
-73084.8847
-73081.4425
-73081.2860
-73084.9070
-73086.7622
-73096.3958
-73091.2773
-73086.0469
-73086.9410
-73085.7117
-73086.2258
-73088.4386
-73092.7972
-73079.8555
-73083.4765
-73081.4425
-73085.0411
-73077.3074
-73076.1451
-73077.8215
-73072.3006
-73071.5183
-73070.3560
-73070.9148
-73069.3949
-73070.8254
-73068.7467
-73066.9586
-73066.5115
-73062.3541
-73057.7049
-73051.7370
-73058.2190
-73058.0179
-73060.2754
-73057.7273
-73051.7594
-73055.6262
-73063.7176
-73042.2152
-73047.6466
-73051.3347
-73058.4425
-73057.5261
-73058.0179
-73053.7487
-73056.5203
-73062.3764
-73058.7778
-73061.6835
-73069.6184
-73064.8351
-73064.4999
-73063.2258
-73054.5980
-73062.7788
-73058.0179
-73054.7098
-73056.0733
-73056.0956
-73064.2763
-73068.1655
-73060.7224
-73057.7049
-73061.9741
-73061.8624
-73061.8177
-73063.6728
-73062.6894
-73062.5553
-73054.1063
-73057.8614
-73062.0635
-73057.9284
-73055.5368
-73052.8323
-73049.8148
-73050.7759
-73044.0704
-73047.8702
-73045.2103
-73043.0869
-73041.7905
-73035.5767
-73036.0908
-73033.5203
-73038.1695
-73044.0257
-73043.2881
-73041.9022
-73043.3104
-73042.9081
-73040.3823
-73033.4980
-73027.9101
-73032.8721
-73026.5466
-73023.1938
-73029.9441
-73030.5699
-73025.8537
-73028.8712
-73027.4183
-73027.8430
-73029.7876
-73035.6438
-73024.9373
-73026.5913
-73022.2104
-73021.7633
-73019.6176
-73011.2133
-73010.8780
-73015.3260
-73010.9898
-73010.0734
-73014.2084
-73016.2424
-73019.0811
-73020.1093
-73016.3095
-73023.2385
-73023.5068
-73028.7147
-73028.0665
-73029.3406
-73030.2123
-73024.4679
-73021.1151
-73018.4329
-73028.0218
-73028.3124
-73041.3211
-73036.5378
-73029.5641
-73025.9878
-73027.3289
-73032.3804
-73036.6719
-73035.0403
-73034.7944
-73030.9946
-73029.0053
-73024.9373
-73027.5748
-73021.2045
-73026.9266
-73028.3794
-73031.8887
-73029.5864
-73020.4669
-73015.8625
-73016.0636
-73024.0656
-73030.3017
-73035.6661
-73029.1841
-73023.3503
-73021.7857
-73019.5282
-73028.2677
-73037.4319
-73047.5796
-73033.9227
-73029.4747
-73029.9664
-73023.4844
-73031.2628
-73028.1559
-73031.8440
-73030.5476
-73026.9489
-73013.1132
-73011.3027
-73016.2648
-73011.0121
-73018.5000
-73015.2143
-73020.5116
-73019.4164
-73025.3843
-73020.1316
-73014.9237
-73018.8352
-73015.0578
-73009.9616
-73011.3027
-73009.6934
-73022.7915
-73023.3279
-73023.2385
-73023.7973
-73025.2055
-73033.3192
-73030.5029
-73022.2998
-73032.4922
-73028.4912
-73031.5310
-73037.6554
-73037.1190
-73038.7507
-73044.9421
-73038.3260
-73037.8789
-73047.8031
-73042.9081
-73042.5728
-73042.0140
-73048.7419
-73049.3007
-73037.5437
-73040.2259
-73042.0587
-73047.4008
-73037.1190
-73039.9353
-73038.6165
-73037.2978
-73034.0568
-73040.6058
-73038.3036
-73041.2540
-73035.8673
-73039.9800
-73034.1909
-73033.8333
-73037.6107
-73038.1695
-73034.8838
-73033.4086
-73036.5825
-73033.7886
-73037.1637
-73034.3474
-73035.1967
-73041.1199
-73037.9236
-73031.6652
-73021.6516
-73020.6010
-73019.0811
-73031.6652
-73027.3736
-73035.6661
-73033.9450
-73040.7400
-73030.2793
-73021.2045
-73027.5971
-73032.0898
-73033.7215
-73036.7390
-73036.2473
-73032.4698
-73034.1462
-73033.4309
-73032.5816
-73033.4756
-73027.5524
-73025.3620
-73030.6370
-73027.7983
-73031.7546
-73033.1404
-73033.4309
-73034.1462
-73045.0538
-73032.6710
-73038.1248
-73041.2988
-73047.3784
-73042.8634
-73037.5213
-73040.0471
-73039.2647
-73034.9956
-73040.5164
-73031.8216
-73027.3513
-73036.5825
-73034.5485
-73041.4329
-73039.3542
-73036.7613
-73034.7944
-73042.2599
-73038.5495
-73042.4834
-73038.9295
-73036.7613
-73030.8158
-73030.4582
-73031.7322
-73030.0558
-73024.2444
-73028.2677
-73024.7808
-73027.2172
-73027.7089
-73025.1831
-73020.6010
-73014.8566
-73020.8693
-73013.9402
-73014.3873
-73007.0559
-73018.8800
-73018.1870
-73009.9616
-73020.7351
-73019.9752
-73020.7575
-73022.9033
-73024.0879
-73033.3415
-73024.5796
-73023.5291
-73030.1229
-73029.3182
-73032.5816
-73028.3794
-73027.9548
-73018.8352
-73025.0490
-73019.9528
-73012.1521
-73018.4553
-73021.6069
-73015.1696
-73015.2590
-73017.6730
-73020.0869
-73017.7177
-73020.5116
-73022.0539
-73025.2055
-73025.7419
-73027.0160
-73040.0694
-73037.8566
-73032.9392
-73032.4922
-73031.2405
-73033.1627
-73045.0091
-73047.6690
-73046.2161
-73047.4902
-73049.3677
-73052.2288
-73050.6418
-73050.8877
-73058.2414
-73054.0392
-73062.7117
-73071.3395
-73066.8021
-73059.0907
-73062.5553
-73061.6835
-73061.4153
-73057.5708
-73068.6573
-73064.0081
-73065.1704
-73071.2948
-73070.1102
-73072.5465
-73072.5912
-73071.1160
-73076.8827
-73073.6417
-73074.5358
-73073.0382
-73075.3405
-73082.1354
-73079.7438
-73086.8293
-73078.7379
-73085.9799
-73084.3929
-73091.5678
-73085.4211
-73083.3424
-73083.7894
-73084.7729
-73090.2938
-73090.2267
-73085.4658
-73089.8244
-73094.5630
-73094.3171
-73100.8214
-73092.2831
-73099.8827
-73097.4016
-73098.7427
-73096.0829
-73097.4240
-73095.5911
-73103.0119
-73098.8098
-73096.1052
-73104.6436
-73102.5872
-73111.5056
-73110.7009
-73120.6474
-73111.1927
-73115.0819
-73124.5590
-73124.7155
-73122.0780
-73123.9108
-73130.7281
-73147.6931
-73128.4482
-73128.1576
-73131.4657
-73128.4259
-73127.9341
-73131.7339
-73136.1819
-73136.8525
-73142.5075
-73148.0283
-73149.9953
-73144.0497
-73147.6707
-73156.7232
-73153.8845
-73152.9904
-73149.0342
-73162.9369
-73159.2042
-73153.2586
-73157.8184
-73159.3607
-73163.1381
-73164.4122
-73170.7154
-73168.2120
-73168.7931
-73171.2071
-73167.5638
-73165.4403
-73173.1070
-73180.9525
-73178.0691
-73177.0856
-73182.0477
-73183.0088
-73181.3101
-73184.4170
-73181.9583
-73184.5958
-73179.9019
-73180.6619
-73195.3917
-73196.9563
-73191.2343
-73190.2284
-73190.3849
-73187.8144
-73196.2857
-73202.0525
-73188.5744
-73199.8173
-73198.1409
-73198.3645
-73195.3023
-73195.7717
-73200.0632
-73203.4830
-73195.6599
-73205.3829
-73206.9252
-73203.9300
-73201.2925
-73205.1594
-73203.4160
-73204.4665
-73199.6609
-73211.4402
-73218.8387
-73211.2391
-73211.4626
-73217.7881
-73229.0311
-73221.3421
-73222.4149
-73227.2876
-73223.5102
-73226.3488
-73227.2653
-73224.6054
-73232.3615
-73228.8522
-73230.7745
-73233.1438
-73238.1953
-73239.3129
-73245.9066
-73244.2973
-73246.9124
-73249.5053
-73244.2526
-73248.1194
-73247.9183
-73253.9980
-73252.3439
-73254.0874
-73251.5840
-73255.2273
-73258.2224
-73259.2283
-73254.4003
-73249.7735
-73249.5723
-73249.5947
-73250.5334
-73249.7958
-73248.6112
-73248.9241
-73258.7812
-73258.2895
-73260.4353
-73261.7764
-73257.4178
-73269.5548
-73264.4362
-73268.1690
-73265.6656
-73264.2574
-73264.5480
-73272.1252
-73267.4761
-73262.0893
-73262.2010
-73269.2195
-73268.3925
-73272.6393
-73278.6296
-73278.4284
-73272.6170
-73274.6733
-73269.5324
-73267.0067
-73267.1408
-73275.9474
-73283.0776
-73287.6373
-73286.6539
-73290.6325
-73286.4974
-73292.1524
-73286.5868
-73289.7384
-73288.7996
-73301.8307
-73302.1436
-73288.0397
-73290.0737
-73286.7433
-73289.4255
-73283.7705
-73278.0708
-73283.5917
-73293.9629
-73284.1058
-73287.0115
-73279.4119
-73285.5139
-73290.0737
-73287.4362
-73293.6723
-73284.3516
-73278.3614
-73275.7015
-73277.7802
-73283.3011
-73278.3614
-73273.5334
-73282.1164
-73277.0650
-73272.5052
-73264.4809
-73272.9969
-73270.6277
-73273.8463
-73268.6160
-73272.6617
-73272.3264
-73272.1252
-73261.8881
-73266.7384
-73270.0018
-73268.2137
-73265.9114
-73265.3079
-73261.3517
-73262.7151
-73256.3896
-73258.3118
-73262.4022
-73254.8026
-73256.6131
-73246.9795
-73245.3031
-73246.3537
-73253.9756
-73247.7171
-73244.4538
-73236.5859
-73247.6054
-73244.9455
-73245.6160
-73241.1457
-73242.4197
-73249.1476
-73238.3294
-73234.7307
-73237.2341
-73236.5412
-73235.6919
-73235.7589
-73238.0388
-73238.5305
-73235.7813
-73234.2390
-73232.0038
-73239.1787
-73239.8493
-73249.7958
-73243.5820
-73243.6044
-73236.0495
-73240.6987
-73246.3090
-73246.0407
-73245.9513
-73237.4800
-73233.9931
-73236.6306
-73238.6423
-73245.6160
-73240.1399
-73231.1098
-73227.4664
-73228.5393
-73229.7687
-73232.8532
-73230.1039
-73227.9135
-73225.5218
-73222.8396
-73215.7318
-73219.5316
-73214.9495
-73223.4431
-73210.5685
-73207.0369
-73211.0155
-73214.1895
-73211.3955
-73211.8873
-73214.1001
-73213.9660
-73212.8037
-73200.6890
-73203.4383
-73207.8192
-73198.8338
-73196.8892
-73194.6988
-73194.5870
-73187.9038
-73183.2323
-73187.0098
-73187.5462
-73169.9554
-73174.0458
-73170.7154
-73163.0934
-73164.6357
-73164.6133
-73171.1400
-73159.0254
-73161.5064
-73162.4899
-73159.8077
-73163.8757
-73163.6075
-73164.3451
-73163.5404
-73164.3898
-73171.6541
-73167.2508
-73162.2664
-73167.4520
-73174.1575
-73159.0924
-73173.7328
-73164.1663
-73169.0613
-73161.7747
-73158.7795
-73168.0331
-73165.1721
-73160.7018
-73160.4559
-73154.6668
-73158.3548
-73155.6279
-73158.1984
-73160.9923
-73157.2149
-73154.4433
-73150.1965
-73150.4200
-73156.8796
-73147.5366
-73153.9068
-73153.5492
-73147.5142
-73149.2130
-73154.4433
-73144.9214
-73152.1187
-73159.0254
-73154.5997
-73136.6289
-73141.4569
-73133.1421
-73127.0624
-73129.4987
-73128.0235
-73132.8068
-73127.8000
-73124.5590
-73118.3899
-73112.9584
-73114.0537
-73115.9983
-73118.3676
-73119.0828
-73110.9021
-73107.3482
-73108.8457
-73109.6951
-73104.5542
-73102.5649
-73101.2014
-73102.5649
-73094.7865
-73090.4055
-73091.2102
-73088.3268
-73093.4454
-73090.4055
-73088.8856
-73082.3142
-73076.7263
-73077.5309
-73086.7846
-73090.8079
-73072.0995
-73073.0606
-73069.3278
-73072.5018
-73077.0168
-73076.3686
-73075.1840
-73075.2734
-73075.3405
-73076.5027
-73071.9430
-73073.1723
-73078.0003
-73077.8662
-73079.0508
-73080.9955
-73080.1237
-73077.8215
-73073.7311
-73071.7865
-73067.8303
-73068.0985
-73069.9313
-73073.1276
-73062.9129
-73060.3648
-73060.6107
-73053.5922
-73055.1121
-73062.8011
-73053.7263
-73053.3910
-73046.4620
-73048.2725
-73045.1433
-73045.7691
-73053.2122
-73049.9265
-73049.7030
-73048.8313
-73043.8916
-73037.6331
-73043.5339
-73040.1812
-73042.9304
-73039.5330
-73037.6554
-73032.1122
-73033.0510
-73030.4358
-73029.2288
-73034.1685
-73032.7827
-73022.5009
-73023.2162
-73024.6467
-73023.1938
-73031.7993
-73031.0169
-73029.4523
-73021.9645
-73023.7750
-73029.0500
-73020.2881
-73018.3882
-73023.1491
-73021.4057
-73022.5233
-73014.0520
-73010.9898
-73005.2677
-73013.6943
-73018.9694
-73015.3260
-73014.2084
-73016.5777
-73018.7682
-73021.7857
-73027.2395
-73008.7546
-73014.3649
-73018.4106
-73012.8673
-73014.5437
-73019.7964
-73023.9091
-73029.7429
-73024.7361
-73018.1200
-73015.5048
-73017.8518
-73023.1938
-73028.2900
-73023.8644
-73027.0607
-73025.3620
-73028.0889
-73026.7478
-73028.2453
-73023.3279
-73022.0315
-73024.7585
-73024.6020
-73029.9441
-73024.4232
-73017.1142
-73018.3882
-73018.4776
-73013.1579
-73019.1035
-73031.3299
-73022.1433
-73017.9859
-73013.0238
-73021.7410
-73018.0753
-73022.9927
-73025.7866
-73027.9548
-73032.7827
-73024.3561
-73031.5310
-73033.2745
-73029.7205
-73030.5923
-73038.1472
-73026.7478
-73025.5631
-73026.7478
-73029.9664
-73022.9703
-73030.7711
-73030.7040
-73028.7147
-73026.6360
-73032.2463
-73036.0237
-73033.3192
-73040.3600
-73034.1909
-73033.3415
-73034.0121
-73036.9402
-73046.6408
-73027.5077
-73031.0840
-73031.0840
-73028.2006
-73033.3415
-73034.1238
-73045.2103
-73042.4163
-73042.9751
-73045.4115
-73056.1627
-73053.9275
-73056.6991
-73052.1841
-73056.7215
-73060.7224
-73070.0431
-73067.7856
-73057.7496
-73060.4095
-73065.1034
-73059.6719
-73068.5232
-73068.2550
-73063.4940
-73065.3492
-73066.6903
-73069.6184
-73070.8254
-73072.7924
-73064.2316
-73073.0829
-73079.4085
-73078.2238
-73069.6408
-73069.7525
-73063.7399
-73070.9819
-73076.7039
-73071.8983
-73072.8147
-73079.7661
-73074.2899
-73079.6767
-73079.8779
-73076.8604
-73068.7467
-73074.3570
-73073.2617
-73070.0654
-73068.4114
-73074.0441
-73070.2219
-73074.1335
-73073.7088
-73070.2443
-73070.2219
-73071.0266
-73071.5183
-73068.2326
-73067.6515
-73070.1325
-73078.9167
-73070.8478
-73073.3959
-73071.0713
-73071.3171
-73075.5863
-73074.5805
-73079.4755
-73075.7428
-73079.1403
-73072.5465
-73068.7243
-73067.8526
-73069.3949
-73075.5193
-73077.3521
-73077.3745
-73091.2549
-73090.6738
-73094.2947
-73097.9828
-73102.4755
-73102.1626
-73099.7486
-73108.3763
-73113.1373
-73115.5960
-73108.8234
-73107.5717
-73109.1139
-73113.7855
-73116.7359
-73109.9410
-73109.4045
-73118.8593
-73117.3841
-73115.2160
-73118.7923
-73121.5192
-73115.5960
-73119.5969
-73125.8330
-73122.4356
-73126.9506
-73127.1965
-73130.9740
-73135.2655
-73135.2655
-73131.5327
-73136.3831
-73135.8913
-73132.4492
-73131.4433
-73135.4890
-73141.3228
-73148.0283
-73139.8923
-73133.6115
-73135.4890
-73145.1226
-73135.3325
-73134.4385
-73134.6620
-73142.0604
-73149.1683
-73142.5075
-73133.3656
-73136.2713
-73144.7650
-73144.5862
-73147.7601
-73139.0653
-73138.4841
-73137.6348
-73136.0254
-73138.4171
-73140.7864
-73148.1848
-73148.7436
-73145.6367
-73145.5026
-73148.1177
-73149.3247
-73147.4025
-73144.5415
-73141.2781
-73141.2558
-73136.1149
-73146.2849
-73151.6046
-73176.1245
-73156.1420
-73154.1527
-73158.2878
-73159.6065
-73158.1537
-73167.8096
-73169.5084
-73169.4637
-73174.7387
-73172.1682
-73165.3733
-73163.0487
-73167.2508
-73176.7727
-73179.4325
-73167.3402
-73166.6250
-73175.1633
-73180.7960
-73184.7746
-73172.3917
-73174.5822
-73168.2567
-73171.7212
-73181.1760
-73177.2644
-73173.3082
-73171.8106
-73175.9457
-73176.4598
-73184.3723
-73179.9690
-73181.8912
-73182.0924
-73186.8533
-73188.7309
-73185.6240
-73190.7202
-73187.4121
-73185.7804
-73188.2838
-73184.8864
-73196.4646
-73180.5054
-73187.7921
-73180.5501
-73172.6153
-73178.8290
-73179.0078
-73179.4996
-73183.9029
-73180.9525
-73180.3937
-73180.8630
-73175.4763
-73178.3820
-73178.4938
-73179.9913
-73174.0011
-73170.1342
-73177.2868
-73180.0137
-73177.0185
-73184.4617
-73184.1935
-73176.7503
-73171.6094
-73171.0953
-73165.5968
-73177.9350
-73177.2868
-73174.9845
-73178.8290
-73176.7950
-73180.9525
-73190.0049
-73186.2498
-73181.3771
-73183.6123
-73184.7746
-73198.4092
-73192.5307
-73187.3451
-73177.1974
-73169.3742
-73190.5190
-73193.1565
-73193.9388
-73196.2857
-73200.7561
-73202.3431
-73199.0574
-73210.2779
-73205.4053
-73204.5782
-73195.8387
-73188.4179
-73192.3965
-73191.9048
-73199.7279
-73199.1468
-73188.0603
-73186.4733
-73190.8766
-73190.0720
-73193.6929
-73191.3907
-73201.6055
-73188.9767
-73185.5346
-73181.9359
-73181.9359
-73185.0875
-73189.8931
-73185.7581
-73179.6337
-73175.3869
-73181.1313
-73184.3052
-73189.2897
-73192.3965
-73196.3305
-73184.7522
-73195.3246
-73190.3402
-73191.9048
-73194.2517
-73199.7056
-73196.1740
-73191.2566
-73195.0341
-73188.6862
-73192.8883
-73196.3975
-73196.9116
-73188.9544
-73187.1886
-73188.0380
-73190.1167
-73187.6803
-73181.6230
-73172.5705
-73173.5093
-73175.1857
-73182.7182
-73186.3616
-73188.1050
-73187.0098
-73174.4928
-73184.6628
-73180.7513
-73179.7008
-73187.3674
-73193.9835
-73198.0292
-73199.0350
-73192.3965
-73191.1001
-73196.6881
-73203.5277
-73202.2760
-73209.6744
-73203.0360
-73208.2216
-73209.7638
-73206.6346
-73198.9456
-73203.9077
-73198.0292
-73200.3761
-73197.4704
-73196.7328
-73194.5200
-73189.1779
-73189.5579
-73192.5977
-73197.2022
-73199.7726
-73195.2799
-73190.4743
-73187.3898
-73188.6638
-73192.3071
-73191.2566
-73187.9038
-73192.2401
-73187.3898
-73184.5287
-73185.4452
-73196.5540
-73192.2177
-73195.6823
-73200.7337
-73191.2566
-73188.7979
-73186.8310
-73189.6920
-73195.0341
-73194.6317
-73188.9320
-73184.4393
-73183.1429
-73174.2693
-73181.8018
-73174.0458
-73186.8757
-73178.0020
-73177.3985
-73182.9418
-73183.0535
-73178.4044
-73185.1769
-73171.8106
-73171.5424
-73174.8057
-73179.4996
-73171.7435
-73172.2576
-73168.6366
-73173.1070
-73178.6055
-73173.9340
-73176.4150
-73178.2702
-73185.5346
-73179.8572
-73180.9525
-73184.0593
-73187.9485
-73188.7532
-73187.1662
-73178.3149
-73189.4461
-73182.3830
-73176.9068
-73173.7999
-73166.8932
-73172.4588
-73172.1906
-73169.9107
-73168.8155
-73169.4190
-73170.6483
-73161.2829
-73156.5667
-73154.7562
-73149.0118
-73157.8631
-73155.2926
-73152.1187
-73159.0254
-73157.8855
-73161.7970
-73156.0750
-73171.5424
-73160.7688
-73156.2985
-73149.4588
-73155.8291
-73144.6309
-73146.1955
-73140.4958
-73148.0060
-73152.7669
-73151.2693
-73147.7378
-73130.9963
-73149.2800
-73150.7105
-73143.8262
-73139.0429
-73136.8525
-73133.8350
-73139.8029
-73138.8194
-73136.6736
-73133.7456
-73131.9127
-73151.7834
-73111.7738
-73141.1887
-73114.7689
-73116.0430
-73106.1859
-73115.5736
-73119.8651
-73119.6863
-73121.6309
-73130.7281
-73128.6270
-73126.5036
-73138.1712
-73135.8243
-73130.9740
-73128.6270
-73125.9001
-73128.8282
-73134.7067
-73134.9079
-73136.0478
-73147.3354
-73123.9555
-73128.8505
-73127.7106
-73129.6775
-73129.6999
-73125.8778
-73130.2363
-73128.4706
-73126.4589
-73117.5853
-73112.6679
-73111.9079
-73104.0848
-73109.8292
-73114.0090
-73112.2655
-73107.1917
-73096.3287
-73104.5542
-73096.2393
-73093.0877
-73096.1499
-73096.4405
-73093.6465
-73092.4619
-73101.2908
-73097.4910
-73103.1460
-73103.9730
-73100.3968
-73094.9429
-73094.1383
-73096.3287
-73099.3909
-73098.7427
-73089.5785
-73092.1043
-73098.7874
-73091.9031
-73091.9478
-73092.0372
-73090.2938
-73087.1645
-73096.9769
-73070.8031
-73082.8059
-73073.8652
-73070.8701
-73081.3307
-73081.5989
-73075.6534
-73075.6981
-73079.3861
-73079.5426
-73085.7117
-73087.3210
-73093.7136
-73087.2986
-73091.5678
-73089.4221
-73101.1791
-73096.3511
-73093.3560
-73092.9536
-73097.6028
-73095.8817
-73100.5756
-73101.6708
-73108.3316
-73104.1966
-73106.5882
-73113.9866
-73122.7485
-73112.4667
-73115.6183
-73133.7456
-73108.0187
-73114.3219
-73118.9934
-73114.9925
-73116.4900
-73114.0313
-73116.1324
-73118.0323
-73117.0935
-73113.7855
-73111.8632
-73110.9915
-73113.9866
-73114.0537
-73111.3044
-73109.8516
-73112.2655
-73119.4405
-73116.4006
-73115.9983
-73115.4171
-73122.0780
-73118.4793
-73119.3287
-73124.8496
-73122.8603
-73124.2684
-73116.4453
-73125.4754
-73124.2461
-73120.7816
-73123.0167
-73126.5930
-73126.3695
-73123.4861
-73117.2723
-73119.9769
-73123.3967
-73127.4424
-73122.9720
-73126.9059
-73130.3928
-73130.3705
-73125.0731
-73124.7825
-73125.8330
-73132.3598
-73137.3442
-73138.6853
-73128.2917
-73134.6173
-73140.8311
-73143.2004
-73148.5648
-73147.3131
-73146.7319
-73146.3967
-73150.4870
-73149.3694
-73153.7504
-73144.0497
-73149.6377
-73144.4968
-73149.3024
-73151.2023
-73155.8067
-73153.4151
-73162.6240
-73156.0079
-73149.4588
-73157.3714
-73159.8077
-73155.8514
-73161.4170
-73160.2100
-73160.7018
-73163.7416
-73158.0643
-73157.4831
-73157.5725
-73159.9865
-73156.3208
-73159.1819
-73165.1051
-73163.7416
-73160.9253
-73160.2771
-73162.1099
-73162.8475
-73169.5084
-73165.5297
-73170.6930
-73171.3636
-73175.9010
-73175.7892
-73168.8602
-73178.4714
-73167.8543
-73167.6308
-73167.8767
-73176.8621
-73173.7552
-73178.0244
-73175.4316
-73171.6541
-73166.8932
-73171.6765
-73174.5599
-73177.3985
-73180.6619
-73172.9282
-73176.9738
-73172.9729
-73178.3820
-73166.3568
-73161.7076
-73164.5239
-73174.4257
-73171.6988
-73175.6774
-73174.8728
-73177.1527
-73176.6162
-73178.2702
-73184.3052
-73187.7027
-73179.7008
-73187.4568
-73197.4257
-73197.6269
-73194.7658
-73194.6094
-73192.2177
-73194.6541
-73197.5598
-73191.2119
-73195.7717
-73200.6667
-73191.8154
-73199.3703
-73196.2410
-73204.2653
-73197.4704
-73200.8455
-73195.6599
-73197.9398
-73194.2964
-73196.1069
-73198.1186
-73195.8834
-73193.0000
-73198.0739
-73202.6336
-73200.0632
-73199.3926
-73204.4441
-73203.6171
-73203.4830
-73204.2430
-73202.7231
-73200.2867
-73204.1983
-73207.6628
-73217.6093
-73209.6297
-73211.7979
-73201.7396
-73205.8523
-73211.6637
-73215.3518
-73209.8086
-73205.9193
-73203.6171
-73210.8814
-73195.3917
-73202.8572
-73207.9087
-73211.0379
-73200.3091
-73207.6851
-73200.1973
-73200.9573
-73205.6735
-73206.7464
-73205.1370
-73198.5656
-73200.1750
-73197.2692
-73204.3100
-73202.1419
-73213.0496
-73202.5442
-73204.1983
-73195.5481
-73204.1759
-73202.9019
-73200.2644
-73200.6443
-73205.4500
-73202.4772
-73200.7114
-73203.1924
-73200.8008
-73196.7775
-73196.8669
-73197.7833
-73196.1963
-73188.3062
-73184.0370
-73170.8048
-73162.8475
-73149.5930
-73132.0915
-73132.3821
-73130.4599
-73134.5055
-73145.1450
-73138.5512
-73139.5794
-73137.0983
-73141.1216
-73155.3150
-73162.8475
-73163.6969
-73156.4326
-73155.0915
-73168.8155
-73167.3626
-73170.9165
-73174.5375
-73175.1410
-73167.7426
-73171.4530
-73167.0720
-73168.5025
-73169.9330
-73173.5317
-73173.4423
-73171.4306
-73169.8436
-73175.9233
-73172.3470
-73180.0807
-73174.6046
-73174.4481
-73169.6425
-73166.7591
-73162.8475
-73167.4073
-73165.1945
-73159.1148
-73156.2538
-73157.2373
-73160.3441
-73165.2839
-73161.7747
-73156.5220
-73159.7853
-73163.2946
-73164.3451
-73162.6464
-73166.4685
-73161.8194
-73170.9389
-73173.9340
-73163.5628
-73161.9311
-73170.9165
-73169.6425
-73169.1507
-73175.1633
-73173.9564
-73175.3869
-73173.1517
-73171.3188
-73168.1673
-73173.5764
-73173.6211
-73169.3072
-73177.4209
-73176.1021
-73173.2635
-73176.8844
-73170.3354
-73165.3286
-73162.8475
-73163.3169
-73162.7358
-73160.9700
-73152.1858
-73148.4083
-73152.3422
-73156.5220
-73152.1411
-73152.6998
-73148.3413
-73147.3578
-73144.9438
-73140.7640
-73140.8311
-73142.6192
-73140.3170
-73141.4346
-73142.9992
-73138.5959
-73129.7223
-73128.8058
-73136.4725
-73134.5279
-73128.8058
-73124.4025
-73128.9623
-73129.1188
-73126.0119
-73122.6815
-73124.1343
-73129.2752
-73120.8263
-73129.3870
-73123.1285
-73113.4949
-73111.0809
-73113.6066
-73113.8302
-73113.8749
-73119.6640
-73112.7796
-73117.7864
-73111.1927
-73119.4405
-73122.3015
-73122.4803
-73119.0381
-73113.7855
-73116.0877
-73119.8204
-73124.1120
-73120.2004
-73122.2568
-73127.3753
-73128.6270
-73123.7096
-73131.5551
-73128.5376
-73129.5434
-73129.7670
-73122.9050
-73126.9730
-73138.7300
-73109.5610
-73119.5746
-73110.5221
-73110.8574
-73105.5824
-73105.2247
-73101.6485
-73108.0411
-73110.0080
-73105.9176
-73105.4930
-73100.3297
-73102.3190
-73108.1081
-73110.4550
-73112.4220
-73106.4988
-73106.6105
-73108.1528
-73106.9458
-73110.1868
-73108.0858
-73114.5231
-73113.7855
-73111.8856
-73107.4152
-73111.9973
-73107.4599
-73116.2889
-73108.9575
-73100.4862
-73103.8836
-73102.4531
-73108.6669
-73104.9342
-73112.3326
-73104.3307
-73099.2792
-73103.7942
-73106.0294
-73111.7962
-73112.7126
-73107.3705
-73107.6834
-73106.2082
-73105.4706
-73110.4103
-73113.2937
-73109.6504
-73109.0469
-73109.8963
-73120.7592
-73126.0789
-73133.2985
-73130.4152
-73136.6736
-73139.4453
-73134.4385
-73140.9428
-73137.7018
-73142.0828
-73140.4287
-73154.5327
-73140.8758
-73153.5716
-73154.6668
-73170.6259
-73161.3723
-73167.7426
-73172.1235
-73175.1410
-73166.9156
-73163.8310
-73164.1439
-73170.0448
-73171.3188
-73164.8368
-73162.8922
-73164.8145
-73172.4141
-73176.1021
-73181.8242
-73174.2246
-73175.9904
-73179.9019
-73184.5064
-73184.4393
-73180.7960
-73179.3431
-73181.0419
-73178.2926
-73179.4549
-73187.8591
-73184.2829
-73180.4831
-73180.0807
-73181.9359
-73181.5783
-73181.6454
-73187.7250
-73184.7746
-73193.6035
-73192.1954
-73189.4685
-73186.5627
-73193.6259
-73193.6259
-73191.6142
-73190.1614
-73189.9826
-73186.3839
-73189.1108
-73181.1089
-73188.5297
-73192.8883
-73184.2382
-73190.3402
-73192.5977
-73192.1954
-73187.6133
-73190.7872
-73196.7104
-73198.8562
-73197.0010
-73210.0768
-73202.3654
-73200.9796
-73203.4160
-73209.8086
-73216.1564
-73213.0272
-73213.8542
-73221.3868
-73220.7833
-73214.4130
-73213.4966
-73219.4422
-73216.6705
-73219.0845
-73221.0738
-73221.1185
-73224.4266
-73216.8717
-73217.3187
-73218.4587
-73222.0573
-73215.4859
-73213.4966
-73212.9825
-73222.4149
-73223.9572
-73231.4897
-73213.2284
-73219.3527
-73225.8124
-73228.9864
-73230.4616
-73231.8250
-73236.9436
-73228.4052
-73223.4878
-73223.5772
-73225.7901
-73226.8182
-73232.1826
-73237.1894
-73246.0854
-73233.3449
-73233.3896
-73229.6569
-73235.2001
-73234.4849
-73237.6812
-73231.0204
-73222.3702
-73222.0126
-73223.1078
-73229.2099
-73222.0797
-73214.1895
-73215.2847
-73219.5763
-73219.1069
-73218.9951
-73234.2837
-73218.5928
-73213.5636
-73214.9048
-73212.1108
-73221.3197
-73221.0068
-73221.1409
-73219.7774
-73225.7453
-73233.1438
-73228.4052
-73233.6132
-73232.4956
-73231.2439
-73235.3119
-73242.2186
-73245.7949
-73237.3012
-73237.1671
-73230.6851
-73241.9280
-73241.4810
-73239.3352
-73243.0009
-73245.3255
-73238.9999
-73226.7065
-73224.7395
-73227.1535
-73225.6559
-73222.9737
-73227.1088
-73227.8911
-73231.8921
-73225.0748
-73220.6268
-73216.6258
-73220.8727
-73224.2925
-73230.6180
-73226.1253
-73218.9951
-73228.3829
-73210.5015
-73213.2731
-73214.9048
-73216.0670
-73211.3508
-73209.4062
-73221.0962
-73218.9951
-73213.8095
-73213.2284
-73210.3897
-73211.0826
-73206.2770
-73206.0535
-73212.2449
-73216.8494
-73204.8688
-73207.5510
-73200.8008
-73197.1798
-73193.3577
-73199.8397
-73200.6443
-73195.3693
-73198.2303
-73192.8883
-73188.0156
-73184.7746
-73186.1604
-73186.9874
-73190.9660
-73186.9427
-73189.9602
-73198.5880
-73181.4889
-73187.9485
-73183.5229
-73184.6181
-73188.5297
-73190.0943
-73189.6249
-73183.8358
-73193.9388
-73192.2624
-73193.6706
-73193.6482
-73203.5724
-73208.7357
-73204.4665
-73202.8125
-73204.8688
-73197.1575
-73195.5481
-73196.8669
-73200.7784
-73200.3314
-73199.7726
-73192.9106
-73187.3451
-73185.7357
-73187.9709
-73193.7600
-73191.1225
-73190.1837
-73193.1565
-73195.0564
-73196.4199
-73191.1001
-73196.8892
-73196.2187
-73199.4597
-73194.3188
-73193.9612
-73194.4529
-73195.1905
-73195.7270
-73197.2245
-73203.4383
-73205.8523
-73196.7998
-73197.8280
-73199.9961
-73196.9787
-73198.0962
-73201.4490
-73205.0029
-73199.4150
-73198.0292
-73203.5277
-73198.5433
-73201.2925
-73202.0525
-73202.4101
-73203.0807
-73210.5238
-73207.4616
-73204.0418
-73206.3440
-73205.3829
-73203.9971
-73199.8173
-73200.7337
-73204.9359
-73203.1701
-73200.1079
-73197.1351
-73203.2595
-73212.9825
-73212.9378
-73209.5850
-73210.0097
-73213.2507
-73212.5355
-73216.5811
-73215.7094
-73215.8659
-73213.8542
-73220.9397
-73220.8727
-73219.0845
-73220.1574
-73221.8561
-73215.0612
-73215.3071
-73215.6647
-73217.5646
-73210.8367
-73206.9922
-73187.5686
-73169.3519
-73159.0477
-73145.9943
-73139.7805
-73133.3879
-73140.4511
-73148.3636
-73151.3364
-73164.5463
-73167.6308
-73167.9884
-73175.4092
-73175.2528
-73179.7678
-73189.6920
-73186.4063
-73190.0273
-73200.0632
-73199.9738
-73202.6783
-73194.3858
-73205.9641
-73205.0253
-73211.5073
-73217.2517
-73222.9961
-73220.7609
-73224.6278
-73223.6443
-73226.8629
-73222.1914
-73226.3041
-73230.4616
-73220.2021
-73227.6005
-73227.1312
-73227.2876
-73220.2468
-73228.1593
-73221.6550
-73231.7133
-73227.7570
-73225.9689
-73217.9669
-73223.0408
-73226.0806
-73228.2264
-73228.4723
-73226.9076
-73236.6754
-73231.4897
-73223.0184
-73232.0262
-73231.9591
-73234.6190
-73233.7473
-73242.8444
-73240.7657
-73238.7988
-73239.0446
-73241.9057
-73237.3906
-73238.6870
-73254.4226
-73246.5772
-73248.9688
-73239.0670
-73241.1457
-73241.4586
-73242.6880
-73247.4489
-73248.7229
-73248.9688
-73249.4605
-73252.2769
-73242.5315
-73240.5199
-73240.5199
-73246.2866
-73245.3031
-73241.7715
-73243.0456
-73246.9348
-73242.8444
-73240.6316
-73236.2954
-73230.1263
-73232.0709
-73236.8989
-73237.4577
-73236.4071
-73236.2283
-73231.7356
-73232.3615
-73238.0388
-73236.7424
-73236.7871
-73236.4518
-73235.0437
-73247.9183
-73231.5792
-73237.4130
-73247.8959
-73249.9523
-73250.6675
-73239.7822
-73234.1943
-73238.1059
-73241.5704
-73236.2730
-73230.7968
-73223.5325
-73225.5218
-73223.6219
-73229.1428
-73229.9028
-73230.4392
-73229.6346
-73222.8173
-73223.9572
-73230.3051
-73232.2497
-73245.0796
-73233.1214
-73230.6627
-73236.3177
-73250.4440
-73244.4538
-73241.7045
-73235.0660
-73235.0884
-73235.7142
-73248.5665
-73245.8843
-73244.4091
-73241.1457
-73240.8104
-73236.2954
-73245.7949
-73240.8775
-73244.5655
-73238.8882
-73238.2176
-73233.5685
-73235.0437
-73243.0679
-73233.0544
-73231.6909
-73234.7307
-73226.4383
-73229.4110
-73231.5121
-73233.2779
-73239.6705
-73242.0174
-73233.0767
-73235.8483
-73236.1836
-73234.1049
-73228.1817
-73227.4441
-73228.9416
-73231.5792
-73239.1564
-73232.4285
-73245.4596
-73243.2244
-73240.8998
-73238.3964
-73236.1389
-73241.5927
-73246.5548
-73243.5820
-73230.0816
-73230.8862
-73230.7298
-73230.4616
-73231.1768
-73227.1088
-73229.7687
-73223.5325
-73219.2633
-73217.8999
-73214.1895
-73211.7755
-73209.2274
-73215.1953
-73210.1662
-73209.3839
-73217.4529
-73216.7376
-73208.1322
-73208.5122
-73214.5695
-73219.1516
-73226.1030
-73222.8620
-73222.5043
-73220.5374
-73220.4927
-73224.7395
-73228.5617
-73224.0466
-73229.4334
-73232.9650
-73234.2837
-73226.5500
-73233.8814
-73223.7113
-73227.9135
-73226.2371
-73232.6073
-73231.3109
-73237.7035
-73230.3498
-73223.1749
-73219.0398
-73218.5928
-73217.1399
-73219.5763
-73218.5034
-73224.1807
-73224.3372
-73221.6103
-73222.7279
-73227.8241
-73229.8804
-73232.2944
-73224.7172
-73227.4217
-73227.3994
-73230.3051
-73227.0641
-73232.4509
-73232.2721
-73229.9698
-73223.0855
-73226.7512
-73231.0204
-73224.7619
-73216.5811
-73212.7366
-73223.6443
-73216.2235
-73221.6326
-73219.1963
-73218.2799
-73221.7891
-73225.8124
-73228.3829
-73226.5947
-73222.3032
-73218.5481
-73212.7366
-73210.3897
-73207.5734
-73210.5909
-73211.5967
-73215.9776
-73216.5141
-73216.2906
-73228.5617
-73212.9378
-73221.7444
-73212.3343
-73218.8387
-73230.6180
-73222.9067
-73229.1652
-73231.5792
-73230.1263
-73235.4684
-73236.7871
-73239.8269
-73244.1632
-73237.2788
-73240.7657
-73243.4926
-73242.7103
-73237.9494
-73239.8269
-73238.4411
-73239.4246
-73233.0320
-73235.7589
-73241.1010
-73239.3799
-45920.8320
-91832.9468
-91845.3520
-91829.4152
-91839.7193
-91832.4997
-91820.0274
-91837.4171
-91830.4210
-91822.9555
-91821.5921
-91829.4375
-91828.8340
-91819.8486
-91816.8311
-91809.6562
-91813.9031
-91828.7223
-91819.6475
-91822.0615
-91814.2607
-91803.5766
-91826.4424
-91829.6611
-91818.6193
-91823.2685
-91817.0770
-91817.7699
-91831.8962
-91834.6902
-91831.9409
-91826.0848
-91825.3248
-91836.7242
-91821.6815
-91826.8000
-91824.8107
-91831.7398
-91840.5464
-91836.3666
-91839.9429
-91832.6562
-91820.6756
-91835.6737
-91831.6951
-91834.3996
-91837.5065
-91836.2548
-91828.6776
-91827.2471
-91812.2490
-91827.2024
-91840.9040
-91825.0789
-91830.3987
-91841.4628
-91838.4453
-91824.3413
-91835.9195
-91833.8408
-91837.9535
-91832.3880
-91853.3315
-91849.0624
-91839.5852
-91842.6474
-91846.1566
-91844.8602
-91840.2781
-91853.1974
-91839.9429
-91834.1090
-91847.2295
-91839.9205
-91836.2772
-91844.6367
-91843.7427
-91854.1586
-91845.7320
-91836.0984
-91837.9535
-91834.4890
-91833.6844
-91838.0653
-91837.9088
-91828.9011
-91810.1480
-91823.2908
-91842.0439
-91846.4919
-91841.9098
-91838.5570
-91852.0575
-91845.9331
-91830.7116
-91845.1955
-91840.3452
-91839.0264
-91837.7524
-91844.5697
-91843.8544
-91852.9739
-91850.5152
-91850.1352
-91859.0983
-91865.8485
-91862.2722
-91878.2537
-91863.2781
-91855.2314
-91873.2917
-91880.8689
-91881.3383
-91882.0088
-91876.1080
-91867.8378
-91869.5813
-91872.6658
-91879.3937
-91864.8203
-91877.9408
-91874.7669
-91871.7941
-91870.3189
-91866.4520
-91883.5735
-91867.3461
-91880.9136
-91877.2256
-91872.3305
-91879.5948
-91873.5152
-91876.3538
-91891.4636
-91882.9700
-91886.5909
-91890.0778
-91892.2459
-91880.3325
-91899.1303
-91875.3927
-91890.9272
-91895.6434
-91892.2683
-91886.4345
-91903.3100
-91900.4937
-91880.6677
-91824.0508
-91820.0274
-91937.1059
-91940.2128
-91930.8474
-91889.8990
-91889.0049
-91893.7435
-91886.2333
-91889.8096
-91893.0506
-91892.4695
-91881.0254
-91889.8767
-91897.9903
-91889.8319
-91887.2168
-91874.5657
-91887.1274
-91898.7950
-91889.2955
-91894.9728
-91889.8543
-91883.0370
-91886.0322
-91886.5462
-91895.2634
-91898.7726
-91887.9097
-91900.6725
-91901.0525
-91901.3654
-91904.1147
-91917.3022
-91900.9408
-91903.6006
-91899.6444
-91906.4616
-91910.4850
-91917.2352
-91894.5258
-91904.9194
-91912.4966
-91914.8212
-91923.2925
-91907.7357
-91905.1652
-91903.8465
-91899.7785
-91906.5511
-91920.5209
-91914.0389
-91904.3382
-91906.9534
-91895.5316
-91909.2780
-91922.5325
-91919.8727
-91914.4189
-91918.0175
-91915.2682
-91910.7755
-91920.7221
-91927.0923
-91915.5812
-91904.7629
-91916.7658
-91905.0982
-91904.5841
-91884.4228
-91891.0389
-91917.7046
-91902.8407
-91911.7590
-91900.4043
-91896.4481
-91901.2537
-91914.0165
-91913.1001
-91911.6249
-91899.7114
-91906.6628
-91892.7824
-91900.0690
-91907.1322
-91904.7853
-91888.3344
-91903.7124
-91899.8232
-91902.6171
-91723.2444
-91630.1494
-91667.9238
-91732.7439
-91766.9868
-91817.0770
-91833.1256
-91860.2829
-91885.9204
-91881.1818
-91872.9564
-91894.1011
-91899.5773
-91914.2624
-91909.7921
-91898.4150
-91902.7066
-91904.5394
-91910.9767
-91909.8815
-91899.7114
-91917.8610
-91917.8163
-91907.9592
-91918.7551
-91910.0156
-91931.7638
-91924.4995
-91921.1467
-91914.3295
-91918.3081
-91909.6356
-91903.3100
-91897.8562
-91926.7347
-91929.1710
-91911.2896
-91910.5520
-91916.0282
-91912.6754
-91919.9174
-91930.1768
-91907.8251
-91910.5297
-91912.5860
-91917.4140
-91909.6356
-91910.6861
-91909.7026
-91920.8785
-91906.9981
-91909.5462
-91904.3606
-91898.5715
-91890.1449
-91910.1720
-91910.2391
-91910.8873
-91912.9660
-92194.7991
-92308.8601
-92180.1364
-92061.4039
-91983.1505
-91934.8707
-91921.2585
-91898.8173
-91891.8213
-91909.5238
-91898.0574
-91897.7668
-91888.5802
-91885.9204
-91891.3072
-91899.7561
-91906.0146
-91901.1419
-91900.0690
-91898.0127
-91893.9894
-91896.0904
-91911.9825
-91911.1108
-91899.7114
-91897.4315
-91915.2906
-91908.7639
-91910.3732
-91901.1643
-91907.8027
-91905.9476
-91921.1244
-91900.8737
-91889.9437
-91897.1410
-91893.6094
-91879.7513
-91911.7814
-91907.9592
-91912.6531
-91897.9680
-91894.6599
-91896.0681
-91886.9039
-91908.1380
-91900.8961
-91889.5861
-91883.5735
-91886.7921
-91876.6221
-91892.1789
-91898.5268
-91898.9515
-91892.8047
-91897.4092
-91884.9369
-91892.0448
-91877.8291
-91872.8893
-91875.9962
-91890.2566
-91892.4695
-91879.3043
-91874.8786
-91872.0623
-91865.6027
-91889.8543
-91875.5715
-91887.6191
-91867.1673
-91877.0020
-91885.5181
-91885.1157
-91882.1877
-91864.2616
-91874.9010
-91873.0234
-91877.6949
-91877.9855
-91866.2732
-91858.3383
-91874.4316
-91861.6464
-91871.3471
-91862.4287
-91868.6201
-91857.4219
-91872.3752
-91867.7037
-91863.4345
-91860.7970
-91870.9671
-91858.6960
-91872.2411
-91887.1497
-91875.8398
-91884.5346
-91872.5988
-91871.8164
-91875.3033
-91875.0798
-91868.9778
-91883.7746
-91866.8320
-91876.0856
-91876.0633
-91895.7999
-91891.2178
-91889.4967
-91880.8689
-91888.4238
-91879.1925
-91877.3597
-91892.2236
-91895.5093
-91878.4996
-91888.3344
-91887.1497
-91888.5579
-91889.2732
-91882.9253
-91880.1760
-91881.0924
-91892.4471
-91883.6852
-91874.1410
-91874.3422
-91878.0749
-91886.6580
-91884.1323
-91876.4433
-91877.8961
-91874.0963
-91874.3422
-91888.6473
-91882.7241
-91881.2936
-91880.2430
-91873.6269
-91873.5375
-91880.7571
-91874.3198
-91872.3305
-91879.4831
-91888.3120
-91876.9797
-91876.3985
-91881.4947
-91883.0370
-91873.2917
-91865.0886
-91864.3733
-91879.6619
-91863.8816
-91860.3053
-91861.1100
-91864.3510
-91854.9632
-91860.9535
-91858.2489
-91860.5288
-91856.3937
-91857.4890
-91853.6668
-91842.7368
-91859.2995
-91861.3111
-91852.9739
-91872.7776
-91864.8203
-91863.7475
-91854.4715
-91854.8515
-91859.5006
-91877.4267
-91881.7183
-91866.9661
-91869.6260
-91868.4860
-91852.2363
-91877.6279
-91872.9564
-91876.3091
-91882.3218
-91868.0166
-91866.5191
-91865.6697
-91865.4685
-91863.1887
-91865.3791
-91859.8583
-91860.7970
-91855.8796
-91871.5035
-91873.4034
-91875.0127
-91864.1051
-91862.9204
-91872.0176
-91866.2509
-91865.9156
-91852.6610
-91864.2839
-91857.3325
-91848.2354
-91860.1265
-91865.8709
-91862.0934
-91851.7222
-91851.1858
-91845.1955
-91847.8330
-91855.0303
-91850.8952
-91862.1605
-91858.1148
-91868.4413
-91858.8301
-91869.3354
-91843.1615
-91851.7893
-91849.2859
-91851.3422
-91845.9108
-91849.0400
-91845.9778
-91853.0633
-91832.7009
-91840.9934
-91835.6066
-91841.1722
-91839.9652
-91841.3957
-91841.8204
-91842.7592
-91842.1110
-91837.8865
-91839.2723
-91845.5755
-91838.5794
-91846.1343
-91845.1061
-91831.5386
-91841.6863
-91848.5930
-91840.9263
-91842.7368
-91834.7349
-91830.3093
-91835.9642
-91828.3646
-91849.4647
-91853.0857
-91844.0109
-91853.9350
-91852.6163
-91844.6814
-91850.1352
-91838.4229
-91829.6611
-91852.1469
-91827.7835
-91854.2703
-91845.5531
-91842.1110
-91840.5240
-91836.3666
-91846.8719
-91846.3802
-91847.9671
-91838.7359
-91839.1382
-91836.5901
-91839.9205
-91834.1985
-91839.2276
-91841.3063
-91836.0760
-91820.3851
-91631.4458
-91602.1203
-91637.6149
-91689.4039
-91752.7263
-91772.9323
-91788.7350
-91793.7641
-91804.5600
-91826.5095
-91940.6822
-92224.7952
-92159.0587
-92023.9201
-91920.2750
-91880.1983
-91865.7368
-91850.2917
-91845.0838
-91842.1557
-91836.4560
-91842.7368
-91838.8923
-91850.0905
-91848.1236
-91836.9477
-91830.8904
-91841.0828
-91835.9195
-91836.6795
-91832.9691
-91848.4589
-91841.2169
-91844.2344
-91848.4142
-91856.9078
-91857.3772
-91841.9322
-91857.8242
-91857.4666
-91864.5521
-91871.4588
-91868.5084
-91858.8301
-91866.5414
-91864.3733
-91865.8709
-91868.8660
-91870.1848
-91866.2285
-91867.6814
-91870.5871
-91869.3354
-91864.5968
-91872.3976
-91877.2256
-91888.0438
-91877.0244
-91883.1488
-91877.6949
-91865.4238
-91874.4987
-91880.8912
-91883.5288
-91886.0322
-91887.2168
-91882.9253
-91867.6367
-91885.8757
-91883.4393
-91879.0584
-91871.8388
-91879.7737
-91867.1226
-91877.3150
-91873.2022
-91875.9068
-91866.6308
-91862.9428
-91881.7853
-91871.3024
-91864.3510
-91892.7824
-91876.3538
-91875.3257
-91877.6502
-91874.1857
-91869.9836
-91871.1906
-91869.4248
-91870.9671
-91878.3655
-91873.2246
-91880.5336
-91870.0954
-91873.4258
-91875.5492
-91878.4102
-91881.9641
-91878.1420
-91890.1225
-91878.3208
-91883.9534
-91887.1497
-91893.4976
-91879.6619
-91906.9534
-91895.5987
-91901.2760
-91897.7892
-91912.1390
-91893.5647
-91918.1740
-91901.6560
-91901.3654
-91902.3042
-91910.7979
-91911.5355
-91908.3168
-91915.9388
-91919.4480
-91913.8154
-91916.4305
-91927.8970
-91923.0466
-91912.0272
-91917.7046
-91917.5928
-91915.0447
-91915.9611
-91927.8076
-91913.0554
-91912.3625
-91928.3440
-91919.1574
-91918.5316
-91928.8581
-91924.9912
-91923.4713
-91916.2294
-91923.8066
-91929.5957
-91923.8066
-91929.3498
-91924.6560
-91927.6064
-91922.1749
-91909.2333
-91919.5151
-91920.7444
-91926.1982
-91925.5053
-91927.3382
-91914.4859
-91927.5840
-91928.1875
-91917.0117
-91922.1526
-91916.7434
-91921.5714
-91925.9300
-91921.4820
-91926.9805
-91923.2031
-91921.9067
-91923.4266
-91922.5325
-91907.0651
-91914.4859
-91926.0418
-91924.0301
-91913.6589
-91922.3984
-91924.5889
-91914.3965
-91914.5753
-91921.1244
-91923.4937
-91931.6968
-91939.9669
-91932.5908
-91933.8425
-91935.7648
-91939.0058
-91939.6316
-91936.9271
-91942.7162
-91954.0038
-91936.5918
-91936.0777
-91950.4946
-91951.8580
-91936.5471
-91947.1865
-91950.0475
-91946.8289
-91954.8308
-91947.5665
-91936.7930
-91935.8095
-91955.4790
-91947.4771
-91952.2157
-91946.0689
-91928.8134
-91943.4091
-91945.4878
-91933.1496
-91931.9873
-91935.7201
-91943.4538
-91934.0213
-91951.5675
-91929.3051
-91945.3090
-91943.7220
-91943.4985
-91944.9737
-91938.1564
-91939.4081
-91943.0962
-91933.5520
-91944.1467
-91936.5694
-91936.7259
-91925.0136
-91934.8931
-91943.2750
-91931.0486
-91940.7045
-91936.3012
-91958.2283
-91939.0058
-91935.4966
-91918.5539
-91925.0359
-91930.1098
-91938.9164
-91944.8843
-91943.8338
-91926.5782
-91937.4859
-91933.4402
-91938.3129
-91942.0233
-91939.4752
-91929.8192
-91928.1652
-91940.7939
-91935.7648
-91937.7764
-91938.1788
-91939.7434
-91938.5364
-91946.7395
-91956.1719
-91952.1486
-91947.5889
-91957.7142
-91957.8930
-91949.1982
-91964.6879
-91967.1913
-91959.8600
-91970.1865
-91965.3138
-91965.8055
-91976.5567
-91956.6860
-91971.1252
-91978.3896
-91973.6733
-91975.9756
-91981.7423
-91970.8794
-91982.5246
-91986.4138
-91976.7579
-91979.8871
-91979.8871
-91980.8259
-91975.4391
-91958.9212
-91985.5421
-91984.5810
-91970.7676
-91969.4936
-91978.1884
-91977.8084
-91971.1029
-91983.5528
-91984.8045
-91978.1437
-91980.9600
-91986.1233
-91985.9668
-91982.3235
-91981.8988
-91980.7812
-91972.6228
-91997.6568
-92005.5246
-92003.8482
-91998.6849
-92007.0668
-91999.6684
-91995.3769
-91993.2982
-91999.1990
-91997.0086
-91988.6937
-91973.0922
-91988.7608
-91973.8969
-92002.4624
-91997.9250
-91986.8609
-91995.8016
-91999.7802
-91998.8414
-91996.9192
-92006.4857
-92011.4701
-92011.0008
-91994.8851
-92028.7927
-92023.0483
-92018.5333
-92019.5168
-92019.8744
-92007.9609
-92021.6849
-92026.3564
-92029.9997
-92034.8724
-92034.9842
-92011.2913
-92032.2126
-92034.0231
-92051.3009
-92051.7703
-92055.9725
-92048.5517
-92039.0298
-92042.8520
-92049.9151
-92057.5594
-92041.0191
-92055.4360
-92047.3670
-92048.0823
-92053.4467
-92044.0813
-92044.8413
-92047.9705
-92043.1649
-92051.3009
-92047.2106
-92045.9365
-92048.2164
-92051.2786
-92049.3116
-92061.8957
-92047.0318
-92058.3865
-92053.4914
-92063.1474
-92065.5614
-92066.4331
-92061.8733
-92053.4244
-92037.1299
-92051.8597
-92064.4885
-92059.9958
-92059.8840
-92068.1989
-92058.7217
-92058.7441
-92067.5730
-92063.0356
-92059.9064
-92055.4807
-92030.3797
-91993.9464
-92099.7148
-92096.9209
-92086.5720
-92072.0210
-92061.3145
-92063.1697
-92068.8471
-92058.8782
-92060.3981
-92069.2047
-92075.0832
-92078.4360
-92079.4641
-92078.0783
-92072.4233
-92076.9608
-92083.7780
-92090.3942
-92092.9646
-92095.1327
-92085.6779
-92093.8587
-92100.2736
-92110.9578
-92103.5146
-92106.3533
-92111.8295
-92110.0190
-92102.7770
-92117.8868
-92119.5185
-92126.8722
-92117.8197
-92107.9403
-92117.1045
-92113.6623
-92113.5059
-92102.0171
-92103.4699
-92117.8644
-92123.4077
-92112.9024
-92128.2804
-92119.4961
-92107.8509
-92103.4476
-92120.7031
-92136.9528
-92127.8780
-92120.0996
-92118.7809
-92113.5953
-92118.2668
-92121.3960
-92117.6186
-92117.9315
-92108.3202
-92113.5059
-92113.4835
-92099.2454
-92107.3144
-92110.8907
-92118.7585
-92122.1336
-92115.4505
-92114.9587
-92117.2833
-92114.0870
-92112.6788
-92124.7711
-92100.3854
-92115.8081
-92114.4670
-92101.1453
-92112.8129
-92101.7041
-92101.7041
-92114.7128
-92110.9801
-92103.6934
-92106.2192
-92103.6040
-92103.6264
-92110.1084
-92104.0734
-92104.4087
-92113.1706
-92104.0287
-92120.3678
-92124.5029
-92120.7478
-92121.1949
-92123.7877
-92106.7109
-92125.7323
-92130.8732
-92129.2415
-92135.3435
-92130.4261
-92145.0218
-92132.4601
-92126.8498
-92142.9431
-92141.9149
-92134.8294
-92135.9247
-92137.8916
-92135.9917
-92131.0967
-92132.6837
-92139.5009
-92124.1006
-92130.2697
-92129.7556
-92118.8926
-92111.3601
-92119.2055
-92116.4116
-92119.0044
-92131.1414
-92123.8100
-92120.7478
-92116.6351
-92110.7789
-92127.5875
-92131.3202
-92124.4359
-92125.8664
-92118.3785
-92122.7371
-92133.1754
-92120.1890
-92125.7546
-92129.3309
-92114.2435
-92111.8742
-92114.8917
-92118.0880
-92109.5049
-92119.4961
-92121.3066
-92126.6710
-92123.8100
-92115.4058
-92110.6225
-92096.2950
-92111.3154
-92089.4554
-92119.0267
-92119.5185
-92117.7527
-92109.0132
-92104.9675
-92112.5671
-92101.9500
-92105.5710
-92101.1900
-92110.0190
-92102.3747
-92101.1677
-92109.4155
-92116.1657
-92115.3834
-92102.8441
-92121.5078
-92119.8090
-92121.3513
-92114.1764
-92127.1851
-92121.2619
-92126.9393
-92123.9888
-92119.0714
-92118.3562
-92120.4349
-92120.1443
-92113.5729
-92117.1939
-92124.3241
-92119.7867
-92122.5583
-92126.4475
-92112.9024
-92118.3785
-92117.3951
-92127.3416
-92124.8605
-92119.9879
-92122.1783
-92119.6973
-92117.6409
-92127.9674
-92122.2454
-92117.8644
-92106.1968
-92108.2532
-92106.1968
-92104.4757
-92117.9762
-92112.4777
-92108.7673
-92106.2415
-92117.8644
-92097.7926
-92109.9519
-92107.8956
-92101.6147
-92090.3047
-92108.6108
-92111.0919
-92103.3805
-92091.4000
-92095.3562
-92102.1735
-92103.8052
-92109.3484
-92102.8217
-92079.5983
-92092.6740
-92098.1949
-92095.3115
-92096.4068
-92088.7178
-92090.9306
-92073.4068
-92084.6498
-92087.3320
-92086.4379
-92070.4117
-92083.9345
-92071.8422
-92081.9005
-92083.7333
-92079.6430
-92088.2037
-92087.3543
-92073.2280
-92089.2989
-92081.2746
-92080.9841
-92093.6575
-92100.1619
-92097.0550
-92087.4214
-92103.5593
-92092.2270
-92099.3796
-92091.8694
-92097.0997
-92100.7654
-92106.3980
-92104.8334
-92092.1376
-92082.1687
-92103.1346
-92084.8509
-92101.9947
-92107.1133
-92107.8509
-92094.4398
-92104.1405
-92093.1211
-92103.9170
-92097.9043
-92092.2717
-92101.3689
-92109.1026
-92090.9976
-92090.1036
-92077.0949
-92104.1852
-92096.4068
-92106.2639
-92102.8217
-92090.2377
-92091.7129
-92095.8256
-92090.7294
-92074.0103
-92093.2552
-92082.3252
-92093.6799
-92087.3767
-92087.2649
-92097.8596
-92099.3125
-92074.3456
-92092.0929
-92089.0754
-92090.8635
-92083.1075
-92081.9452
-92090.2600
-92077.9889
-92085.6332
-92088.3154
-92081.1629
-92077.8325
-92083.4875
-92077.6984
-92074.8820
-92063.5497
-92080.7605
-92065.7625
-92078.4360
-92071.6634
-92069.9647
-92077.6537
-92076.4690
-92066.8801
-92077.3407
-92083.1745
-92087.0637
-92079.1289
-92078.8159
-92080.6264
-92084.0239
-92093.9704
-92081.1629
-92090.1706
-92085.9238
-92086.9520
-92080.6935
-92085.4097
-92093.6575
-92090.1930
-92090.5953
-92083.7110
-92092.0258
-92101.4583
-92089.1872
-92096.6750
-92089.7907
-92083.7780
-92089.5001
-92092.2270
-92088.6284
-92085.8567
-92101.8829
-92084.3592
-92083.6663
-92087.1755
-92083.1969
-92064.7120
-92070.4117
-92075.7314
-92067.2377
-92077.9889
-92081.2746
-92081.9005
-92086.6838
-92058.9899
-92062.0745
-92086.2814
-92079.5089
-92061.0016
-92063.0356
-92057.7383
-92068.0871
-92048.9317
-92067.5507
-92072.5575
-92058.6994
-92072.6469
-92070.0541
-92058.1182
-92050.6527
-92049.5128
-92048.3282
-92055.4584
-92046.4953
-92049.6022
-92038.9851
-92045.5789
-92059.1911
-92045.6683
-92048.9987
-92045.2660
-92046.0259
-92049.4681
-92058.1182
-92041.6003
-92037.3982
-92058.0959
-92064.2426
-92055.1454
-92050.7198
-92056.0395
-92047.3447
-92033.3078
-92053.2903
-92044.8413
-92068.9365
-92059.5711
-92062.9686
-92067.7295
-92058.9899
-92058.7217
-92063.9073
-92062.9462
-92056.9783
-92056.3971
-92067.3495
-92057.8724
-92059.2358
-92052.5079
-92060.6216
-92054.3408
-92058.1406
-92047.8588
-92054.0726
-92053.1561
-92057.8277
-92050.7198
-92057.9394
-92044.0590
-92060.6216
-92056.8665
-92041.3991
-92050.3175
-92046.0706
-92037.3311
-92054.2514
-92050.1834
-92044.5954
-92033.5090
-92038.8063
-92036.9288
-92039.3204
-92048.2388
-92039.4992
-92034.4924
-92040.9521
-92050.2951
-92042.4497
-92044.2825
-92043.4555
-92044.7742
-92045.4224
-92022.6684
-92024.8141
-92040.5721
-92026.9375
-92030.0444
-92035.1630
-92028.3010
-92034.7160
-92027.6081
-92032.6372
-92031.7208
-92029.4409
-92013.5265
-92019.0474
-92014.2194
-92031.8326
-92033.6207
-92032.2573
-92030.7373
-92024.8141
-92029.0610
-92038.4263
-92035.0959
-92029.4186
-92025.4623
-92016.0970
-92028.0104
-92030.5138
-92028.9269
-92034.8724
-92045.9589
-92037.7111
-92024.2106
-92038.3593
-92028.6139
-92026.4682
-92039.0298
-92032.9949
-92021.2379
-92035.6547
-92044.2601
-92031.7208
-92031.7432
-92029.8880
-92014.3759
-92007.9386
-92001.3672
-92017.7510
-92028.0328
-92014.6441
-92023.8307
-92018.6674
-92024.2330
-92013.3924
-91997.5450
-92024.5906
-92029.5974
-92033.2631
-92028.2339
-92014.8900
-92026.1105
-92023.6295
-92018.9133
-92020.2097
-92018.0863
-92020.1873
-92011.8278
-92010.7102
-92018.4439
-92026.2893
-92020.5226
-92015.8064
-92014.7111
-92013.7277
-92024.7694
-92024.6353
-92018.8909
-92014.4429
-92004.2729
-92005.9716
-92005.8151
-92010.7102
-92006.3739
-92010.2408
-92025.7753
-92014.9794
-92005.3458
-92001.7471
-92005.6587
-92010.1067
-92010.4643
-92023.0707
-92024.4342
-92014.9123
-92022.8248
-92022.9142
-92034.7160
-92028.5916
-92033.8219
-92037.0629
-92039.4098
-92027.6528
-92032.3467
-92039.3875
-92032.2796
-92035.6547
-92039.2757
-92031.0726
-92032.0784
-92043.5002
-92034.0454
-92034.8277
-92034.0231
-92039.0969
-92035.1630
-92045.5118
-92039.6557
-92044.4166
-92025.9094
-92042.6285
-92040.0580
-92046.0930
-92037.5993
-92051.4351
-92045.5342
-92038.1805
-92037.1970
-92026.8481
-92033.3972
-92040.2145
-92033.3748
-92036.2135
-92037.5546
-92031.9443
-92036.8394
-92026.6693
-92020.4555
-92028.8821
-92028.7704
-92038.3593
-92037.6440
-92028.3904
-92031.8773
-92027.4963
-92031.1173
-92027.6081
-92035.9453
-92033.1066
-92025.7306
-92029.8656
-92034.4701
-92023.7860
-92025.5517
-92028.8374
-92036.3923
-92016.1864
-92033.4643
-92031.4079
-92031.9890
-92032.0784
-92034.4254
-92026.8705
-92044.0590
-92034.5595
-92032.0784
-92040.6168
-92029.2398
-92029.2621
-92035.1853
-92018.7345
-92026.0882
-92037.9570
-92038.2475
-92049.0434
-92044.1931
-92055.0337
-92040.1474
-92036.5264
-92032.9502
-92036.0124
-92037.6887
-92056.5089
-92036.2135
-92042.8743
-92041.6450
-92038.0240
-92044.3496
-92039.4545
-92032.8608
-92033.5090
-92033.9783
-92034.4701
-92031.0726
-92033.5313
-92029.1727
-92016.1193
-92043.2096
-92037.4652
-92029.2398
-92023.2272
-92023.1601
-92023.2272
-92024.9482
-92038.5381
-92041.5109
-92020.9696
-92018.7792
-92035.9677
-92027.5410
-92015.8064
-92019.1815
-92021.1708
-92019.3827
-92029.5303
-92029.6868
-92036.7276
-92039.4322
-92030.9832
-92022.0649
-92027.7422
-92026.3788
-92030.2009
-92026.0882
-92030.2456
-92027.4740
-92019.6732
-92018.8686
-92037.3535
-92022.8025
-92019.3380
-92022.0872
-92013.6830
-92012.1407
-92021.6402
-92030.6926
-92026.8705
-92026.1105
-92029.3292
-92032.2796
-92025.8647
-92020.1873
-92040.6168
-92046.9871
-92036.1912
-92042.5391
-92038.8510
-92038.2252
-92037.6664
-92064.3097
-92050.4963
-92050.1834
-92043.1426
-92047.1212
-92049.8928
-92046.7188
-92045.0648
-92052.2174
-92054.0055
-92057.4700
-92063.5944
-92059.6381
-92053.2679
-92055.4807
-92051.1668
-92060.0628
-92053.1561
-92061.0910
-92056.6654
-92059.2135
-92071.6410
-92061.1581
-92053.6032
-92059.5040
-92062.4545
-92057.5371
-92040.2145
-92067.5507
-92063.2591
-92051.5915
-92063.3485
-92063.3262
-92071.9987
-92058.4982
-92054.9666
-92065.3378
-92064.3320
-92074.2562
-92071.7304
-92066.5895
-92066.0531
-92059.5934
-92061.7616
-92054.4078
-92060.0852
-92073.7421
-92064.1756
-92068.4000
-92067.0813
-92059.2358
-92053.4244
-92078.2124
-92074.5691
-92077.9666
-92070.3670
-92076.6478
-92058.4982
-92063.5944
-92081.2076
-92076.8713
-92077.6984
-92078.6595
-92075.8655
-92086.7285
-92085.5662
-92097.7255
-92100.3854
-92099.7148
-92100.2960
-92102.0394
-92117.6633
-92102.0841
-92111.9859
-92114.3552
-92111.4718
-92092.0482
-92117.5962
-92107.6273
-92116.3892
-92111.0248
-92119.8090
-92107.6497
-92129.0180
-92119.0491
-92122.4018
-92120.9043
-92134.8518
-92124.8158
-92144.5077
-92135.5000
-92124.2570
-92132.0578
-92108.4544
-92143.5913
-92134.5612
-92141.5796
-92134.3824
-92133.8906
-92137.0422
-92131.8790
-92123.8100
-92139.8809
-92147.6817
-92156.4883
-92144.6418
-92134.2706
-92142.4290
-92154.8566
-92154.5884
-92158.3211
-92161.1374
-92157.1365
-92144.8877
-92155.9965
-92172.6039
-92158.9470
-92151.6379
-92145.8712
-92145.3571
-92158.3211
-92169.2064
-92154.1860
-92166.0772
-92140.5738
-92154.1860
-92155.8848
-92150.0063
-92154.4319
-92162.5456
-92159.4610
-92168.7370
-92162.0315
-92172.1121
-92174.3250
-92181.6340
-92176.0907
-92182.2822
-92160.8021
-92179.8235
-92188.5630
-92190.9323
-92187.4454
-92183.8244
-92198.1966
-92195.0227
-92187.7136
-92202.1976
-92188.3842
-92203.2258
-92196.3414
-92204.3657
-92208.6125
-92202.1082
-92203.3599
-92194.6203
-92204.4551
-92204.6339
-92211.2500
-92202.4211
-92203.0022
-92193.1004
-92213.1276
-92208.3890
-92212.7252
-92206.9361
-92200.7224
-92218.7155
-92212.6805
-92210.6912
-92212.2559
-92222.9176
-92210.1995
-92221.3083
-92217.7991
-92198.2190
-92209.4172
-92213.9769
-92209.1266
-92208.5231
-92216.2568
-92218.9167
-92227.5445
-92223.5435
-92230.0926
-92230.6961
-92209.9089
-92216.6815
-92216.8156
-92219.2073
-92217.6426
-92223.9682
-92217.8214
-92206.3774
-92220.4590
-92223.1635
-92226.8739
-92223.0518
-92232.0595
-92216.6368
-92219.0955
-92225.1528
-92230.9643
-92209.1490
-92243.4142
-92227.5668
-92237.4910
-92226.6951
-92241.0002
-92249.1139
-92246.0741
-92243.9059
-92249.5833
-92241.2237
-92244.5541
-92253.3607
-92261.0944
-92247.1469
-92254.4113
-92256.0429
-92255.8641
-92257.0488
-92238.2286
-92253.8078
-92257.5181
-92259.5074
-92258.7475
-92255.5288
-92249.4492
-92246.6775
-92259.7757
-92262.7037
-92252.7572
-92249.1586
-92237.3792
-92223.5211
-92258.3899
-92246.8564
-92253.3607
-92260.2004
-92241.2014
-92241.8272
-92227.1645
-92243.1236
-92240.6649
-92241.0449
-92241.5143
-92242.0284
-92223.3423
-92233.6912
-92223.4541
-92235.0770
-92236.0158
-92240.1732
-92238.8544
-92247.0352
-92247.7057
-92234.5406
-92229.9137
-92224.7058
-92224.6387
-92232.5512
-92233.1324
-92230.2043
-92227.7680
-92219.7437
-92225.3987
-92214.0664
-92209.4842
-92200.5883
-92224.5717
-92223.4317
-92203.2034
-92219.2520
-92206.9138
-92234.9205
-92215.9663
-92211.9653
-92223.2976
-92213.5523
-92220.8613
-92227.7456
-92217.5532
-92213.9546
-92219.4084
-92215.4969
-92224.1023
-92234.6747
-92233.8029
-92231.6125
-92233.6465
-92232.5065
-92215.3628
-92230.1149
-92235.1217
-92238.8097
-92242.6319
-92219.2296
-92220.7719
-92232.5736
-92234.1606
-92233.2665
-92229.4444
-92218.2908
-92204.7010
-92194.3298
-92216.7486
-92218.0450
-92222.1353
-92216.9721
-92217.1956
-92209.1713
-92204.2092
-92210.0654
-92215.8992
-92218.8273
-92200.0742
-92203.1363
-92196.9673
-92182.7069
-92186.0373
-92194.9109
-92198.6213
-92209.3948
-92205.9080
-92195.3132
-92199.8059
-92199.1801
-92192.6310
-92197.2578
-92199.6942
-92195.7379
-92171.9557
-92183.8915
-92167.9324
-92188.8312
-92167.9100
-92164.2443
-92173.5650
-92167.6418
-92161.8303
-92160.6233
-92175.6884
-92144.0383
-92167.5524
-92169.9217
-92173.2968
-92170.0781
-92149.4028
-92169.1840
-92175.0179
-92169.2064
-92182.9974
-92176.3366
-92161.0480
-92178.0353
-92191.0664
-92168.5358
-92182.2598
-92175.6437
-92172.6486
-92167.9994
-92162.2327
-92185.4785
-92177.7001
-92176.4484
-92171.7992
-92161.3833
-92163.6855
-92182.3939
-92191.0664
-92189.4571
-92174.2132
-92170.5475
-92146.5864
-92159.2375
-92174.9061
-92170.4581
-92168.5135
-92160.5786
-92162.1880
-92168.9605
-92171.2181
-92160.9810
-92170.3240
-92177.3648
-92176.8730
-92167.3289
-92165.4066
-92150.6097
-92145.2230
-92160.1539
-92152.8896
-92153.2696
-92153.9402
-92158.1870
-92144.3289
-92128.9509
-92135.7458
-92134.0695
-92142.7196
-92151.0568
-92149.8945
-92129.4874
-92137.7798
-92134.9412
-92125.4193
-92127.2745
-92133.3095
-92129.3085
-92122.5583
-92122.8265
-92133.8906
-92130.0908
-92131.9013
-92128.7944
-92127.7663
-92120.2337
-92113.3270
-92125.6429
-92133.5777
-92127.2745
-92110.9354
-92125.5311
-92118.9150
-92122.5583
-92124.8158
-92126.6934
-92123.2736
-92129.7556
-92123.6312
-92131.8343
-92121.9772
-92125.4193
-92129.8450
-92117.3951
-92120.1667
-92139.6574
-92132.1025
-92133.1977
-92121.1725
-92120.5690
-92098.3737
-92131.1414
-92126.6487
-92133.9353
-92121.1054
-92122.1336
-92112.9471
-92123.7653
-92128.4368
-92117.2162
-92108.6779
-92104.9898
-92102.3523
-92105.9286
-92119.2055
-92102.0171
-92125.5758
-92119.6973
-92112.7459
-92100.2960
-92106.0180
-92099.0219
-92110.1754
-92111.2930
-92115.5622
-92108.9684
-92101.9500
-92089.7683
-92110.5107
-92099.8489
-92096.7644
-92101.9500
-92097.5467
-92098.7984
-92097.9043
-92099.6254
-92091.3776
-92098.5749
-92090.6177
-92091.5341
-92068.2436
-92081.5205
-92090.1930
-92082.9063
-92083.8898
-92088.4943
-92073.4292
-92062.0074
-92062.7674
-92083.1075
-92075.8879
-92082.7051
-92083.5992
-92061.1134
-92080.2912
-92074.6138
-92088.8519
-92087.9578
-92090.8635
-92071.5069
-92068.2212
-92089.4330
-92087.7566
-92081.1852
-92093.2552
-92088.6060
-92096.3174
-92076.7596
-92073.0045
-92096.3844
-92093.1881
-92091.6011
-92088.0696
-92084.2921
-92092.7634
-92094.1269
-92090.4165
-92095.8703
-92087.7790
-92081.2970
-92084.0686
-92094.3728
-92085.7450
-92085.3650
-92084.2251
-92079.0842
-92064.4885
-92078.2124
-92079.3524
-92088.1366
-92083.6663
-92078.4583
-92080.2465
-92076.1337
-92076.3349
-92078.9277
-92073.4515
-92072.5351
-92068.0424
-92073.6080
-92079.3300
-92076.9608
-92079.7547
-92074.4574
-92082.9957
-92086.0579
-92085.2980
-92083.0851
-92083.5769
-92072.8033
-92069.0035
-92058.0735
-92064.1532
-92068.7577
-92072.4233
-92075.6644
-92079.8665
-92069.4506
-92074.3009
-92072.4681
-92086.3485
-92081.6993
-92081.8781
-92084.9850
-92070.8364
-92081.2970
-92075.3291
-92081.3640
-92085.9238
-92080.2241
-92090.7294
-92091.4223
-92090.9082
-92099.5360
-92100.2736
-92092.4282
-92101.6818
-92100.3183
-92091.3106
-92097.3902
-92101.3465
-92112.6788
-92113.1706
-92107.2921
-92100.4524
-92099.2454
-92108.4544
-92107.0462
-92111.8742
-92114.8246
-92104.5205
-92094.1269
-92111.6060
-92104.6546
-92089.5001
-92115.0705
-92116.7245
-92107.1803
-92108.7673
-92109.8849
-92109.8178
-92110.9354
-92108.1638
-92119.5185
-92117.2833
-92114.8470
-92109.2590
-92113.4388
-92115.2493
-92110.9354
-92110.4437
-92104.5205
-92108.4320
-92093.6352
-92102.4864
-92115.4728
-92109.1920
-92100.9665
-92109.2814
-92119.6973
-92114.7799
-92105.7274
-92104.1181
-92102.7994
-92106.2192
-92096.3844
-92111.5165
-92114.3552
-92115.7634
-92108.2755
-92102.2629
-92106.1074
-92094.8421
-92096.2727
-92101.7712
-92112.2765
-92104.0511
-92090.5953
-92100.0501
-92100.2289
-92112.4106
-92117.5515
-92111.6954
-92124.9052
-92125.0394
-92122.6030
-92118.1774
-92127.2075
-92145.6477
-92140.0597
-92135.7235
-92138.1151
-92141.0432
-92126.6934
-92135.7682
-92126.7604
-92140.1715
-92142.5184
-92143.3454
-92137.2881
-92146.7205
-92129.3756
-92134.4271
-92131.1190
-92141.5573
-92139.1433
-92145.6924
-92148.0617
-92133.3319
-92137.7351
-92137.9810
-92149.7380
-92141.1326
-92153.4484
-92148.4416
-92142.8984
-92152.2638
-92154.1860
-92143.0996
-92146.2735
-92148.8663
-92143.5913
-92146.4300
-92162.7691
-92145.4912
-92166.5242
-92145.1783
-92139.2998
-92152.3755
-92163.6185
-92156.4883
-92159.7069
-92165.8760
-92162.9703
-92153.1578
-92151.7050
-92150.6545
-92165.2278
-92156.7788
-92144.4630
-92158.9693
-92151.6603
-92151.9285
-92151.8391
-92156.2647
-92144.7089
-92150.5650
-92151.2580
-92149.0228
-92145.1559
-92166.1666
-92159.2822
-92161.9644
-92150.7886
-92160.0645
-92159.0587
-92180.8740
-92168.6029
-92154.9460
-92162.0538
-92187.1996
-92173.7215
-92181.9916
-92183.2209
-92175.4425
-92182.6398
-92193.4133
-92184.6962
-92184.1597
-92187.0878
-92193.3910
-92190.4182
-92176.9401
-92188.8536
-92188.0489
-92200.4765
-92199.9848
-92191.8711
-92172.4921
-92179.9576
-92180.9858
-92200.9906
-92190.6194
-92189.3006
-92171.9110
-92182.4833
-92192.0275
-92192.8993
-92189.2112
-92188.6971
-92172.9168
-92183.8915
-92198.5095
-92200.4765
-92203.9410
-92195.0450
-92187.8254
-92179.7341
-92200.6330
-92199.6495
-92189.5465
-92193.1451
-92182.9527
-92178.0130
-92186.9537
-92192.8098
-92192.3181
-92192.4522
-92190.7982
-92181.9245
-92168.9829
-92181.0975
-92191.3123
-92185.0538
-92183.4892
-92170.8157
-92169.9664
-92180.8517
-92178.6835
-92177.4989
-92183.2880
-92191.2229
-92172.0227
-92172.1121
-92173.7662
-92178.5271
-92173.9226
-92189.8818
-92188.0266
-92186.0820
-92188.8089
-92192.3405
-92189.0100
-92180.4940
-92181.5446
-92196.5202
-92194.0839
-92208.9702
-92192.5863
-92187.0431
-92176.0907
-92187.1101
-92208.1431
-92204.6563
-92205.8633
-92194.9780
-92206.0644
-92203.8069
-92209.3054
-92220.3248
-92210.2219
-92201.7505
-92190.0159
-92208.0314
-92207.3385
-92194.3968
-92200.8118
-92199.9177
-92195.0003
-92183.9138
-92214.2228
-92208.2549
-92207.3161
-92207.2044
-92202.9352
-92204.0304
-92206.9808
-92208.5678
-92205.2821
-92204.5222
-92194.4415
-92218.0003
-92219.4531
-92221.5095
-92216.0780
-92212.0547
-92200.0742
-92196.2744
-92214.2452
-92218.3579
-92227.6115
-92208.2773
-92208.5455
-92196.6096
-92187.3784
-92215.4745
-92205.6174
-92213.0605
-92206.1315
-92195.4473
-92204.2092
-92209.9089
-92200.9682
-92199.9400
-92196.6767
-92194.6427
-92208.1208
-92206.4221
-92205.0139
-92185.5902
-92193.4357
-92201.2588
-92202.1305
-92204.1198
-92211.7194
-92195.8944
-92203.3152
-92213.5523
-92213.6193
-92213.3958
-92213.2170
-92217.2627
-92221.2189
-92202.5329
-92200.2083
-92216.3909
-92221.8001
-92219.7660
-92231.2995
-92223.0070
-92227.7456
-92226.7845
-92229.8690
-92208.2325
-92220.2801
-92220.8166
-92218.7826
-92218.8943
-92205.7068
-92202.4211
-92205.8633
-92204.9021
-92211.7194
-92213.6640
-92217.9779
-92220.3919
-92214.4910
-92210.3113
-92200.8341
-92210.9371
-92205.6844
-92197.5708
-92209.0372
-92192.0722
-92201.6835
-92192.2510
-92213.7311
-92203.8740
-92211.5630
-92212.8147
-92212.5688
-92214.2452
-92222.1130
-92213.9769
-92208.4784
-92209.8419
-92208.1431
-92193.4133
-92198.2413
-92197.5708
-92195.6038
-92195.6485
-92208.0090
-92200.5883
-92188.1607
-92192.8098
-92201.6611
-92196.8555
-92193.5251
-92189.1218
-92181.2763
-92192.7651
-92198.1743
-92182.3939
-92190.4182
-92202.1082
-92183.3104
-92193.6816
-92195.4921
-92194.7768
-92194.5086
-92210.3560
-92205.7068
-92200.6106
-92205.8409
-92207.0926
-92202.2199
-92192.2063
-92201.6611
-92212.8370
-92205.8409
-92203.7845
-92205.8409
-92193.1004
-92200.2977
-92193.3686
-92199.0907
-92208.6125
-92201.1470
-92206.2656
-92202.4434
-92189.8594
-92187.3560
-92192.2958
-92186.7972
-92184.7409
-92198.2190
-92184.6515
-92194.7768
-92202.1976
-92192.3405
-92204.7010
-92182.1481
-92170.3910
-92194.2404
-92196.6767
-92185.9255
-92187.5348
-92178.4600
-92183.4221
-92183.1762
-92191.9158
-92190.9994
-92191.9828
-92197.6825
-92184.8750
-92188.5854
-92187.4901
-92178.5271
-92173.5873
-92194.6874
-92190.2841
-92182.3269
-92185.8361
-92176.8060
-92174.5485
-92170.9051
-92190.3735
-92177.3424
-92180.4493
-92158.3435
-92187.5348
-92196.5426
-92184.5844
-92184.8303
-92174.5261
-92188.3618
-92190.0829
-92194.9556
-92187.1996
-92189.2112
-92192.6310
-92192.0722
-92182.7069
-92191.3570
-92189.5018
-92195.3579
-92186.1267
-92179.3764
-92179.8235
-92194.8886
-92186.6184
-92185.4561
-92181.2093
-92183.6233
-92181.9916
-92172.4921
-92172.4027
-92162.7691
-92160.6233
-92154.0743
-92168.2453
-92161.8303
-92164.1549
-92158.6117
-92155.1472
-92150.3639
-92154.4766
-92144.7983
-92134.7847
-92148.6428
-92154.9683
-92149.8051
-92153.8731
-92143.9713
-92149.3357
-92145.5583
-92147.5029
-92133.2201
-92137.1316
-92139.7021
-92141.5796
-92146.1170
-92136.6176
-92145.4912
-92146.7205
-92134.2706
-92138.1598
-92134.0695
-92124.1229
-92129.7332
-92119.4067
-92120.2337
-92126.7828
-92118.2444
-92112.4777
-92130.7614
-92126.3581
-92117.3057
-92110.6225
-92117.9091
-92119.3620
-92130.5155
-92125.0617
-92134.9859
-92131.1190
-92125.4864
-92139.0092
-92149.5369
-92144.1501
-92144.5971
-92145.4241
-92139.0092
-92145.2006
-92145.9382
-92136.2823
-92154.3648
-92155.2589
-92149.3357
-92151.0344
-92142.7196
-92154.6331
-92147.8828
-92165.9654
-92148.7993
-92161.8303
-92155.5718
-92148.5310
-92157.6953
-92145.6253
-92136.6176
-92163.3279
-92162.3221
-92159.6622
-92148.9334
-92153.9849
-92159.7740
-92158.1199
-92151.4368
-92151.5485
-92156.1530
-92158.9022
-92163.5514
-92156.7565
-92156.0412
-92159.1034
-92151.1238
-92159.2152
-92159.9528
-92163.3279
-92176.9848
-92172.5368
-92179.1753
-92176.2919
-92161.2492
-92160.6010
-92172.8721
-92170.7487
-92166.9712
-92161.8080
-92151.5932
-92168.8041
-92166.3230
-92157.2035
-92166.0772
-92161.0033
-92175.2190
-92174.3920
-92171.9557
-92170.7487
-92168.9382
-92181.5446
-92179.0635
-92174.4814
-92186.0149
-92183.3551
-92179.3317
-92195.2015
-92198.8672
-92199.1130
-92197.8166
-92192.1393
-92182.0587
-92215.4969
-92207.1150
-92211.5630
-92206.5338
-92206.9138
-92203.1140
-92205.5503
-92212.2112
-92210.0430
-92210.4454
-92212.2335
-92216.5027
-92217.0391
-92217.7991
-92216.7709
-92218.3802
-92221.2860
-92215.4969
-92208.7466
-92210.7806
-92223.7670
-92224.8622
-92210.2442
-92219.6766
-92210.4007
-92227.8574
-92227.7009
-92224.9517
-92233.5794
-92227.3656
-92227.9915
-92232.4842
-92233.5571
-92235.9264
-92236.4628
-92231.2101
-92235.0099
-92247.1916
-92251.7737
-92242.2072
-92244.1518
-92242.0284
-92226.9633
-92243.3918
-92226.9633
-92229.2208
-92235.2335
-92235.9264
-92229.7349
-92234.9652
-92233.8029
-92227.8574
-92238.2956
-92236.5746
-92231.7913
-92236.5969
-92231.8807
-92236.5746
-92239.2344
-92233.5124
-92233.7359
-92234.2947
-92245.1353
-92253.3160
-92249.0245
-92247.5716
-92261.7426
-92266.4365
-92264.4248
-92248.9574
-92258.7698
-92268.0458
-92258.4793
-92260.8262
-92259.7980
-92264.0225
-92257.9652
-92260.1333
-92262.9273
-92254.0313
-92273.9243
-92264.6707
-92271.9574
-92255.6182
-92266.9729
-92256.2217
-92250.2538
-92251.9526
-92256.8699
-92251.6843
-92249.9186
-92245.9623
-92253.8301
-92257.3393
-92254.5230
-92252.8466
-92243.1907
-92244.6659
-92256.3782
-92260.0439
-92264.4919
-92259.6863
-92262.5026
-92267.1964
-92268.0905
-92254.5677
-92259.1945
-92254.3442
-92260.1780
-92250.6785
-92268.9175
-92261.7650
-92255.0595
-92255.9535
-92253.9642
-92249.9633
-92253.6289
-92264.6931
-92258.7251
-92254.5677
-92261.1168
-92251.8184
-92254.9253
-92249.3598
-92253.6960
-92257.3840
-92260.0662
-92248.2422
-92257.0264
-92258.6134
-92264.2460
-92258.7698
-92264.9613
-92265.8106
-92266.3918
-92267.1294
-92277.1430
-92269.3199
-92274.0808
-92274.5725
-92266.5035
-92267.9117
-92277.1206
-92269.9681
-92267.2635
-92262.3685
-92268.4481
-92264.6036
-92260.8709
-92245.9176
-92233.7806
-92215.5416
-92213.6417
-92204.4551
-92186.7525
-92170.7040
-92181.7457
-92189.5241
-92187.9819
-92202.4658
-92196.0508
-92204.0751
-92208.9702
-92209.2384
-92203.2034
-92222.8506
-92212.1888
-92236.8204
-92220.6154
-92224.2811
-92220.5260
-92234.1159
-92228.4162
-92228.5056
-92235.5464
-92230.8078
-92232.7971
-92238.7874
-92235.5017
-92231.8583
-92234.6970
-92232.7524
-92233.2441
-92235.9711
-92234.2723
-92232.9089
-92233.0877
-92210.5571
-92242.4084
-92236.8204
-92234.4735
-92217.9556
-92220.9060
-92227.5445
-92232.6183
-92237.6474
-92223.8564
-92216.1004
-92228.5950
-92229.2655
-92228.5726
-92228.4162
-92221.8001
-92232.5065
-92236.2840
-92240.1285
-92229.1761
-92232.8865
-92236.1275
-92231.4560
-92224.5940
-92245.9176
-92235.6134
-92236.2169
-92226.3151
-92227.0974
-92216.3239
-92232.9536
-92214.9604
-92230.3608
-92230.6737
-92233.3336
-92226.9633
-92231.9477
-92216.1227
-92221.1072
-92224.7281
-92225.2199
-92228.5503
-92229.1761
-92219.6766
-92210.1548
-92213.5523
-92222.0683
-92213.8875
-92204.1645
-92211.1830
-92209.2384
-92216.9050
-92206.2656
-92206.1985
-92212.0547
-92213.2617
-92204.3210
-92198.2190
-92207.3385
-92213.4629
-92211.3841
-92196.6767
-92202.4434
-92200.6553
-92199.9177
-92196.0061
-92187.0207
-92176.0460
-92180.4717
-92192.2510
-92201.0800
-92184.1597
-92193.1898
-92187.4007
-92178.6835
-92181.3881
-92181.6787
-92189.7924
-92190.3735
-92171.5757
-92189.6806
-92195.8050
-92190.7088
-92186.1043
-92193.7039
-92195.9391
-92192.4746
-92190.9099
-92187.4678
-92202.0188
-92205.0362
-92200.9235
-92184.1150
-92190.5747
-92211.3841
-92202.6223
-92200.9459
-92193.9274
-92199.2248
-92199.2918
-92190.8205
-92206.2879
-92206.3997
-92188.9653
-92191.9605
-92187.3560
-92165.1831
-92180.0023
-92173.0285
-92187.3560
-92193.6592
-92200.2306
-92182.1928
-92183.4221
-92187.7360
-92178.3036
-92186.3502
-92185.0761
-92181.3434
-92182.0810
-92185.6126
-92185.8361
-92174.8167
-92179.0188
-92186.5961
-92183.2209
-92185.2997
-92168.5806
-92170.2793
-92182.7069
-92192.2287
-92200.3424
-92188.2277
-92170.7263
-92175.1073
-92165.7419
-92169.7428
-92172.4474
-92185.4338
-92177.7448
-92167.1724
-92176.8954
-92175.3755
-92165.5184
-92168.8488
-92178.2812
-92181.2316
-92183.8244
-92174.5932
-92172.9615
-92173.7438
-92180.1364
-92172.4027
-92174.6155
-92191.7146
-92186.7078
-92179.5106
-92203.0469
-92207.8749
-92204.7457
-92191.8711
-92201.0129
-92195.2238
-92210.8924
-92205.3939
-92218.1567
-92201.5494
-92200.0295
-92197.2355
-92216.2792
-92205.0586
-92216.0557
-92211.2500
-92209.2607
-92207.0703
-92209.5289
-92193.5027
-92217.5979
-92225.5328
-92210.3336
-92212.7700
-92201.3706
-92204.8574
-92200.1859
-92218.3355
-92211.3841
-92215.8321
-92219.0061
-92218.6261
-92198.3307
-92210.9818
-92217.8885
-92214.0216
-92213.9099
-92223.4541
-92222.4930
-92220.9730
-92206.4891
-92211.0042
-92220.9730
-92220.8389
-92229.8914
-92222.7388
-92225.3540
-92221.2636
-92218.0003
-92233.4230
-92230.7184
-92225.5999
-92225.8234
-92235.6134
-92226.1139
-92233.2889
-92234.5629
-92231.7242
-92223.3647
-92230.7408
-92234.6300
-92222.9847
-92233.0877
-92235.5911
-92230.5172
-92230.9643
-92237.0439
-92246.5211
-92239.9944
-92217.7991
-92247.5940
-92252.6231
-92248.8680
-92246.3870
-92250.1868
-92257.6970
-92245.9176
-92242.0284
-92256.1770
-92257.3170
-92259.5298
-92255.2383
-92247.8622
-92257.0041
-92253.9866
-92249.2480
-92258.3675
-92257.8534
-92255.2830
-92259.9768
-92262.7708
-92261.9661
-92256.0429
-92243.6377
-92252.0643
-92256.4229
-92251.9973
-92272.8738
-92258.2110
-92255.8194
-92255.2606
-92248.0634
-92259.6863
-92260.9380
-92266.1906
-92251.6620
-92263.1508
-92255.0371
-92261.4968
-92262.0779
-92258.0993
-92266.4365
-92284.4967
-92279.3111
-92274.5055
-92261.4744
-92269.5881
-92270.8398
-92274.0808
-92273.5667
-92263.8213
-92265.7659
-92262.2344
-92274.2820
-92265.7659
-92261.3403
-92261.0721
-92264.7378
-92245.0235
-92265.2071
-92279.4676
-92267.8446
-92264.5142
-92269.0293
-92260.7815
-92268.8952
-92269.6328
-92263.8213
-92269.6775
-92274.5278
-92279.6464
-92264.9613
-92280.5181
-92279.6017
-92276.1148
-92285.9943
-92286.3966
-92289.2353
-92289.5482
-92276.0924
-92277.0983
-92287.4918
-92284.8767
-92275.2654
-92288.2965
-92291.1799
-92283.1109
-92267.0847
-92273.0526
-92266.3024
-92274.6172
-92278.6629
-92278.4617
-92278.5958
-92274.4384
-92271.8233
-92263.9554
-92265.5201
-92276.7183
-92278.3500
-92285.0331
-92282.7980
-92272.6726
-92281.0098
-92266.7047
-92269.5881
-92254.4560
-92273.1420
-92268.8952
-92271.6221
-92274.3937
-92272.0691
-92275.1984
-92263.2178
-92259.0157
-92283.1779
-92267.7776
-92258.3228
-92270.0351
-92266.3918
-92252.8913
-92255.7077
-92247.5269
-92250.4326
-92259.0381
-92260.7368
-92266.2353
-92253.1148
-92258.5240
-92237.8263
-92253.6289
-92252.5337
-92253.4278
-92249.6950
-92261.5862
-92253.9419
-92252.6231
-92255.7747
-92242.1178
-92245.6270
-92252.6008
-92259.5522
-92261.3626
-92264.8272
-92264.3354
-92247.8622
-92260.4462
-92254.1430
-92252.6678
-92260.9156
-92265.6989
-92277.1653
-92263.3519
-92265.5871
-92264.1790
-92252.0867
-92251.0808
-92259.9321
-92259.7086
-92247.0799
-92250.1197
-92251.6620
-92247.6834
-92242.4084
-92243.4589
-92251.9973
-92250.8126
-92239.5697
-92242.9672
-92248.6221
-92243.7495
-92242.2743
-92250.7232
-92244.5765
-92247.9963
-92242.8554
-92233.4677
-92248.4880
-92238.8544
-92242.1848
-92243.5930
-92236.1499
-92239.7485
-92230.0926
-92237.3792
-92233.8253
-92238.4968
-92245.9176
-92241.0226
-92249.3598
-92238.2286
-92232.6407
-92231.9701
-92224.4376
-92231.0760
-92226.4269
-92242.5201
-92243.7048
-92242.6766
-92229.2432
-92213.3734
-92238.4968
-92243.1460
-92244.5765
-92239.0556
-92249.5609
-92237.9380
-92225.3540
-92234.8535
-92244.1294
-92247.8622
-92257.0711
-92249.1139
-92244.8000
-92241.0226
-92239.2344
-92253.8748
-92264.5142
-92263.6872
-92264.0672
-92260.1780
-92260.9603
-92260.7591
-92252.1314
-92265.7659
-92270.2363
-92262.7932
-92261.5191
-92268.6270
-92268.5152
-92262.7932
-92247.8622
-92232.0819
-92204.1645
-92194.0392
-92182.7516
-92182.4386
-92170.2346
-92174.5708
-92165.8536
-92194.7768
-92207.3608
-92208.2102
-92211.7194
-92223.9011
-92227.9468
-92220.3248
-92236.8428
-92226.1586
-92245.0459
-92247.4599
-92241.7155
-92253.3607
-92246.5434
-92250.9244
-92252.5114
-92262.7932
-92273.8796
-92263.1731
-92278.0147
-92276.5618
-92274.8407
-92271.5550
-92264.3578
-92272.4268
-92272.4268
-92270.3480
-92273.0526
-92276.0701
-92273.5443
-92273.0973
-92279.6911
-92269.9681
-92270.2810
-92292.4316
-92281.1439
-92277.5230
-92289.4141
-92294.2421
-92294.6444
-92297.6842
-92297.5501
-92310.0671
-92297.9972
-92292.6551
-92305.9544
-92306.8261
-92302.8698
-92309.8436
-92299.4053
-92307.4743
-92305.4179
-92311.8776
-92312.7493
-92311.4753
-92304.3227
-92320.6395
-92322.1594
-92322.1594
-92314.0681
-92310.7600
-92316.4820
-92311.4529
-92308.6589
-92306.9155
-92327.1885
-92323.4781
-92324.4616
-92304.9262
-92310.7153
-92309.8659
-92310.5365
-92317.3985
-92316.4373
-92319.2313
-92314.9174
-92313.3528
-92306.2002
-92301.7746
-92303.4510
-92314.7163
-92313.7998
-92318.9407
-92300.1429
-92300.6123
-92303.1604
-92305.3285
-92312.4587
-92314.7833
-92309.5977
-92308.0778
-92310.4247
-92323.1205
-92310.5812
-92312.8611
-92320.1701
-92322.4947
-92305.3509
-92312.7940
-92311.9223
-92318.4937
-92317.9349
-92305.9991
-92301.2829
-92313.5987
-92299.1371
-92309.6424
-92311.5423
-92307.9884
-92317.2644
-92318.4266
-92314.2916
-92311.1847
-92318.3149
-92318.3596
-92326.9650
-92323.4334
-92301.5287
-92307.0943
-92327.7473
-92321.6229
-92329.1331
-92311.5423
-92324.1263
-92314.8727
-92330.1390
-92330.5860
-92325.7133
-92323.5005
-92319.8125
-92324.6851
-92326.5627
-92322.1147
-92317.0185
-92318.8737
-92320.3712
-92322.6064
-92315.1409
-92331.9718
-92319.3431
-92295.5161
-92322.3606
-92319.5442
-92318.8066
-92322.9417
-92319.1419
-92316.7726
-92325.0428
-92314.0681
-92317.7114
-92317.2867
-92309.8436
-92304.7697
-92299.2712
-92310.8718
-92309.6648
-92318.6725
-92313.6210
-92314.6716
-92306.5132
-92315.2751
-92323.8805
-92311.8105
-92313.3975
-92306.3567
-92314.4927
-92300.9699
-92306.5579
-92295.5608
-92296.1196
-92293.1468
-92297.1478
-92293.7056
-92294.6444
-92292.4539
-92292.1186
-92288.2518
-92294.9797
-92275.5336
-92304.2333
-92304.1662
-92295.6502
-92306.6920
-92307.0049
-92298.3771
-92287.7601
-92292.4092
-92301.0593
-92316.3703
-92296.9243
-92301.4840
-92297.9301
-92299.1818
-92288.9670
-92305.3062
-92302.0875
-92311.6317
-92309.8659
-92306.6696
-92301.1264
-92310.1341
-92292.7892
-92308.6142
-92303.2275
-92308.1448
-92306.8708
-92319.5219
-92309.0389
-92292.3198
-92301.8864
-92300.3888
-92299.1147
-92304.6356
-92304.2780
-92310.5141
-92310.6706
-92302.2216
-92291.4034
-92298.8018
-92315.4986
-92307.4296
-92306.4461
-92297.0807
-92290.5540
-92296.4549
-92300.3664
-92307.5637
-92299.3383
-92307.1837
-92289.1235
-92290.4423
-92303.5180
-92299.4947
-92302.8251
-92298.3324
-92294.0632
-92283.4015
-92289.8388
-92297.7289
-92291.3587
-92290.1517
-92288.8329
-92291.9398
-92292.7668
-92301.0593
-92289.3247
-92281.3898
-92282.8203
-92295.1138
-92274.2820
-92298.8465
-92300.2323
-92301.1711
-92295.5832
-92304.0992
-92294.6667
-92301.3499
-92290.5093
-92308.8154
-92316.1021
-92299.0253
-92314.5821
-92311.5870
-92305.0156
-92310.8718
-92313.9339
-92305.3956
-92322.4723
-92313.2410
-92310.6482
-92316.3703
-92315.4539
-92319.5442
-92326.4286
-92318.3819
-92318.9854
-92317.1749
-92313.3304
-92309.9330
-92310.9612
-15800.9175
-31605.7243
-31611.1334
-31600.0469
-31599.6446
-31593.7214
-31608.7865
-31605.1655
-31611.9604
-31604.3832
-31598.8400
-31600.6281
-31595.7107
-31594.5708
-31599.5776
-31598.4823
-31599.6446
-31602.1704
-31605.9031
-31610.7981
-31607.9595
-31606.1266
-31604.3161
-31609.9041
-31606.1043
-31611.3122
-31610.3287
-31619.7388
-31621.5046
-31622.6222
-31624.2986
-31628.2548
-31624.4550
-31627.4725
-31627.9866
-31626.1761
-31627.9196
-31629.9089
-31630.8029
-31621.8846
-31626.0420
-31618.5318
-31625.8856
-31626.7126
-31623.1139
-31623.6951
-31636.6591
-31634.2004
-31636.3909
-31627.9196
-31625.7738
-31622.8904
-31637.7767
-31629.6854
-31637.5755
-31636.1674
-31634.2004
-31632.1664
-31641.5988
-31638.3802
-31635.8321
-31634.5133
-31649.2655
-31649.5561
-31645.3539
-31643.5434
-31644.9516
-31648.7514
-31646.0245
-31655.1887
-31651.7465
-31647.1644
-31637.0614
-31642.7835
-31642.3364
-31647.7009
-31649.4667
-31648.0808
-31636.0556
-31633.7310
-31641.1742
-31644.8398
-31638.8049
-31641.1071
-31644.0799
-31637.8884
-31630.7359
-31632.5464
-31637.3073
-31644.6163
-31642.6494
-31639.1401
-31652.7524
-31645.8457
-31645.8457
-31648.2820
-31645.4433
-31635.4968
-31643.5434
-31637.8884
-31644.5493
-31650.1596
-31659.4579
-31653.9146
-31663.3918
-31672.7572
-31671.6172
-31670.2985
-31664.7105
-31665.0682
-31672.2207
-31667.9068
-31670.3208
-31672.3772
-31667.1245
-31676.0876
-31681.4296
-31691.1974
-31689.0069
-31691.0409
-31686.9282
-31693.4772
-31689.6998
-31692.2926
-31685.6765
-31697.4111
-31685.3859
-31694.0584
-31693.9019
-31695.0195
-31690.1692
-31698.0817
-31702.6191
-31705.1896
-31696.3159
-31700.6074
-31702.3509
-31707.7376
-31698.1488
-31713.6832
-31710.7328
-31708.3635
-31709.9058
-31705.4131
-31705.5695
-31711.8504
-31712.6550
-31706.0836
-31636.2344
-31629.8195
-31759.9513
-31761.6724
-31735.5879
-31719.7629
-31722.9592
-31714.1302
-31712.8115
-31706.1507
-31721.2381
-31718.4441
-31724.8591
-31714.4432
-31714.2420
-31716.9689
-31719.8076
-31717.9524
-31717.0360
-31709.9505
-31711.6269
-31719.3159
-31719.1594
-31719.5617
-31721.2605
-31727.9883
-31731.9669
-31736.1691
-31737.2643
-31738.2031
-31740.5724
-31747.0767
-31753.6034
-31760.4431
-31753.8493
-31759.1914
-31753.4246
-31759.0349
-31760.8007
-31766.7239
-31768.3332
-31769.8979
-31765.0252
-31771.5072
-31773.7200
-31765.6287
-31772.2671
-31777.2292
-31773.8094
-31773.1165
-31778.9280
-31777.2292
-31780.2244
-31777.7210
-31775.9775
-31774.8376
-31783.7336
-31785.1417
-31788.8968
-31779.7997
-31779.3750
-31781.8113
-31791.4002
-31806.0183
-31786.5052
-31774.8823
-31777.0728
-31769.1379
-31778.7715
-31771.7754
-31775.6199
-31783.0407
-31778.0115
-31783.5771
-31776.3575
-31782.7725
-31782.0572
-31782.0572
-31776.3799
-31787.3546
-31782.6830
-31791.6014
-31787.1534
-31788.7851
-31785.5441
-31790.9755
-31788.0251
-31791.3555
-31794.5742
-31792.1155
-31619.4036
-31530.7118
-31553.7788
-31617.0790
-31666.4763
-31704.5413
-31734.1127
-31748.8425
-31768.7803
-31777.0057
-31789.6344
-31789.0309
-31797.8152
-31805.1689
-31806.9794
-31804.8783
-31816.8365
-31815.5178
-31822.7597
-31810.8910
-31813.3049
-31814.8696
-31822.2009
-31811.6956
-31816.0542
-31817.2388
-31829.7335
-31832.2592
-31830.2699
-31823.6985
-31823.0950
-31821.9774
-31827.3865
-31828.3477
-31829.7782
-31840.3282
-31819.2505
-31824.4585
-31826.6489
-31837.7801
-31838.0930
-31846.2738
-31842.8986
-31832.0804
-31829.2194
-31838.7189
-31832.1028
-31831.2981
-31841.8928
-31847.1902
-31841.9152
-31841.0882
-31840.3505
-31842.8763
-31840.5070
-31832.3710
-31840.4176
-31836.7519
-31844.1950
-32130.8115
-32244.0007
-32108.5491
-31993.1694
-31924.1025
-31886.0822
-31852.4205
-31841.3564
-31836.7519
-31839.5459
-31838.7189
-31837.8695
-31835.8578
-31828.4594
-31827.3865
-31841.8034
-31834.6509
-31838.9424
-31847.9054
-31848.2407
-31848.6207
-31855.7285
-31859.1484
-31856.8908
-31849.8500
-31845.4020
-31858.9919
-31854.4545
-31865.1833
-31854.8121
-31857.4049
-31864.0210
-31880.3155
-31858.5225
-31855.0580
-31846.5196
-31849.0677
-31848.5536
-31852.1746
-31854.0522
-31862.7917
-31853.0463
-31854.1416
-31850.0289
-31850.9676
-31853.5157
-31852.5322
-31854.5886
-31847.0784
-31847.7043
-31848.1513
-31844.6421
-31846.4302
-31856.8014
-31850.1630
-31855.1251
-31848.3972
-31847.8384
-31845.0221
-31849.7606
-31841.9599
-31848.1960
-31844.5080
-31846.9667
-31844.5080
-31845.2232
-31844.5750
-31860.3777
-31846.8773
-31851.1241
-31851.3029
-31855.1921
-31863.5070
-31847.8160
-31847.1008
-31842.9881
-31849.6265
-31850.0512
-31849.8947
-31845.1562
-31842.3846
-31841.4458
-31856.8908
-31843.2786
-31840.1270
-31838.5401
-31845.2456
-31838.9871
-31841.1329
-31836.2602
-31832.8851
-31842.1387
-31853.5157
-31848.0619
-31853.1581
-31865.1610
-31863.9763
-31868.4914
-31858.3214
-31850.9900
-31849.5148
-31858.0531
-31855.7956
-31862.0988
-31863.7975
-31867.6644
-31862.7693
-31877.7227
-31869.4972
-31872.7606
-31864.3116
-31878.4826
-31869.8772
-31877.9685
-31873.9676
-31872.8053
-31871.6206
-31870.1231
-31868.4467
-31870.3689
-31869.8772
-31880.2931
-31875.3310
-31871.8665
-31876.0910
-31872.7382
-31868.8490
-31866.8821
-31881.3660
-31879.1532
-31876.8733
-31863.1046
-31875.9569
-31873.9899
-31883.2212
-31888.3397
-31881.5448
-31878.9520
-31887.7139
-31892.3854
-31890.8878
-31886.5963
-31885.2329
-31887.1104
-31888.8315
-31883.7129
-31874.5934
-31879.1308
-31879.3990
-31884.2047
-31873.8111
-31877.2086
-31883.8694
-31884.0929
-31874.4593
-31877.9238
-31872.0006
-31873.5429
-31873.1406
-31873.7888
-31859.8413
-31858.8578
-31862.2553
-31869.4972
-31858.4108
-31857.6508
-31862.3000
-31865.0939
-31865.6974
-31871.7771
-31866.3903
-31873.3194
-31869.9219
-31873.3417
-31877.9685
-31882.7295
-31885.4564
-31876.9851
-31881.0754
-31883.3106
-31899.4486
-31890.4408
-31891.3349
-31893.9053
-31897.4369
-31879.3543
-31891.0220
-31885.0317
-31887.2669
-31896.3640
-31890.4408
-31881.3213
-31885.7469
-31890.5526
-31897.8392
-31887.8033
-31893.1454
-31890.5526
-31887.7586
-31891.6255
-31887.3786
-31887.6915
-31880.9637
-31893.5253
-31879.1755
-31878.0356
-31874.6828
-31881.1425
-31876.8733
-31878.7508
-31876.0463
-31878.0132
-31878.3709
-31875.9122
-31878.3485
-31879.4661
-31874.4817
-31885.1434
-31887.4233
-31899.7168
-31884.4952
-31871.1289
-31876.7615
-31881.9471
-31881.9471
-31877.7003
-31880.3602
-31881.2319
-31872.9617
-31873.4758
-31874.6381
-31867.6197
-31872.9617
-31872.7382
-31875.5993
-31874.5487
-31870.7266
-31865.6974
-31873.7664
-31877.4544
-31876.7168
-31875.4651
-31881.9471
-31883.7800
-31887.7810
-31884.1153
-31878.6614
-31870.1678
-31874.0123
-31878.4379
-31890.9996
-31878.2815
-31876.8957
-31886.2610
-31880.2931
-31891.2678
-31892.8101
-31890.9549
-31887.3339
-31891.1337
-31889.9714
-31894.9112
-31888.2727
-31889.7256
-31899.6721
-31893.4583
-31891.0220
-31888.6080
-31886.5069
-31885.1434
-31883.4000
-31896.0958
-31895.1123
-31885.4340
-31887.2445
-31878.0356
-31876.7839
-31877.9909
-31882.7295
-31856.8461
-31681.1391
-31641.4200
-31687.9340
-31748.8649
-31794.8200
-31820.0775
-31840.9317
-31854.3427
-31870.5254
-31880.3378
-31981.8147
-32273.0580
-32212.0601
-32083.1128
-31989.6826
-31938.1618
-31917.4641
-31912.1220
-31909.0375
-31902.5108
-31899.6721
-31916.9276
-31901.5049
-31899.7838
-31886.6187
-31896.6993
-31885.9258
-31893.2348
-31894.6876
-31901.0132
-31901.8849
-31912.1220
-31889.8820
-31900.1862
-31901.5273
-31913.5749
-31916.6594
-31917.1064
-31916.4582
-31923.5661
-31923.8343
-31927.2988
-31927.7682
-31923.4096
-31923.7002
-31918.5593
-31918.6264
-31927.4106
-31934.1608
-31926.1589
-31932.0821
-31932.2386
-31932.8197
-31925.9354
-31935.9043
-31932.3503
-31939.5252
-31938.2512
-31942.1404
-31944.6661
-31945.5379
-31945.0014
-31945.4037
-31937.8936
-31949.6059
-31949.5388
-31946.4766
-31951.0587
-31948.3989
-31950.6788
-31945.3143
-31941.5145
-31943.7274
-31947.3931
-31945.1355
-31943.0792
-31944.6885
-31938.8547
-31939.0559
-31949.8517
-31951.1258
-31950.1423
-31950.9693
-31945.9625
-31949.1812
-31954.4786
-31947.4378
-31948.0860
-31950.7458
-31947.9071
-31954.6127
-31959.2618
-31960.2677
-31968.1131
-31961.0276
-31960.5582
-31962.7264
-31963.3522
-31969.7895
-31964.0675
-31973.9916
-31977.3444
-31983.0441
-31973.7458
-31980.7866
-31971.9353
-31991.4707
-31985.5922
-31991.2919
-31988.9673
-32000.6349
-31997.8633
-32005.9993
-31998.9138
-32003.0712
-32011.8331
-32015.7000
-32023.8137
-32018.1810
-32021.8914
-32027.4123
-32019.9245
-32023.7913
-32026.6747
-32027.7252
-32025.5571
-32018.2034
-32022.0479
-32016.8176
-32023.3666
-32031.6368
-32029.4910
-32022.2714
-32033.9614
-32026.5182
-32023.9925
-32017.3764
-32023.1208
-32032.3967
-32030.5639
-32035.2578
-32038.9458
-32034.7437
-32035.0566
-32056.9613
-32043.0362
-32040.9351
-32038.0741
-32037.1130
-32032.7544
-32032.7544
-32030.6309
-32039.8399
-32035.0342
-32038.4094
-32035.1460
-32034.1402
-32040.7116
-32043.2373
-32040.4657
-32042.6338
-32037.7612
-32040.1528
-32042.3209
-32039.1470
-32042.0750
-32044.6231
-32033.9167
-32034.6543
-32043.1926
-32032.7320
-32028.3734
-32038.1188
-32044.3102
-32037.2918
-32034.1625
-32037.8953
-32046.1207
-32055.9778
-32053.1392
-32045.4949
-32055.1955
-32052.0439
-32061.1411
-32064.9632
-32069.3218
-32066.7514
-32078.3966
-32070.3053
-32074.5298
-32076.2062
-32075.7815
-32070.6853
-32077.3908
-32084.5657
-32084.2528
-32087.2256
-32088.1643
-32075.6474
-32073.5687
-32082.2188
-32077.1226
-32082.1741
-32075.5803
-32079.6036
-32077.8825
-32075.4462
-32063.3763
-32068.3160
-32061.4540
-32067.1313
-32071.4005
-32082.1741
-32067.4666
-32066.3267
-32066.0585
-32072.2052
-32068.8301
-32069.7465
-32068.8524
-32070.0594
-32061.3422
-32065.7902
-32063.8903
-32057.3189
-32060.7611
-32060.5823
-32061.1187
-32051.6416
-32051.6192
-32055.6649
-32065.0973
-32050.4569
-32050.8369
-32037.5600
-32035.3695
-32040.3987
-32053.2286
-32057.0507
-32061.5658
-32052.6474
-32048.5570
-32045.3160
-32048.1324
-32045.4278
-32039.3034
-32032.9332
-32031.5027
-32027.7252
-32025.6018
-32022.8525
-32021.1538
-32037.5600
-32038.7670
-32038.0964
-32040.6892
-32043.1703
-32039.1917
-32041.4715
-32040.3987
-32045.7184
-32049.6299
-32057.5648
-32051.6192
-32043.5056
-32045.4725
-32050.4569
-32059.6212
-32044.6455
-32049.8311
-32044.4220
-32042.5891
-32050.3675
-32055.0838
-32050.2334
-32053.6980
-32056.0672
-32048.2441
-32044.9137
-32047.5512
-32050.3899
-32048.9594
-32039.8399
-32060.3811
-32056.6484
-32051.7981
-32044.0196
-32044.2879
-32051.3063
-32052.5133
-32045.1149
-32055.4190
-32042.5444
-32052.8262
-32052.6474
-32046.4336
-32043.3714
-32049.2052
-32051.1051
-32050.9263
-32070.1935
-32061.1634
-32055.6202
-32051.8875
-32065.1420
-32070.7523
-32062.7057
-32055.9108
-32059.9788
-32049.4958
-32047.0595
-32048.4453
-32052.9827
-32045.3160
-32051.9992
-32048.9147
-32049.8087
-32049.1382
-32062.8845
-32062.2363
-32059.8894
-32060.7164
-32072.4064
-32078.9331
-32071.7135
-32082.8446
-32078.8884
-32083.2023
-32085.0798
-32086.4209
-32083.8057
-32092.4112
-32091.4277
-32097.7309
-32094.5122
-32100.0778
-32096.5686
-32095.0040
-32097.2839
-32108.3256
-32107.0739
-32117.3110
-32117.7357
-32122.6084
-32120.7085
-32119.4568
-32130.2527
-32131.7279
-32136.3547
-32138.0981
-32138.5899
-32145.5636
-32142.9932
-32139.3722
-32145.2730
-32142.9708
-32151.1739
-32137.8970
-32137.8970
-32142.4120
-32156.8513
-32152.2244
-32158.7288
-32156.1583
-32163.1991
-32162.1933
-32170.3070
-32173.1680
-32169.5247
-32176.8561
-32175.3361
-32181.8181
-32183.0698
-32185.6850
-32180.0747
-32189.1048
-32188.6578
-32184.0980
-32180.4100
-32186.0873
-32188.5013
-32197.5091
-32196.5927
-32172.7433
-32123.9048
-32230.8802
-32232.9366
-32225.8511
-32215.3011
-32208.8861
-32199.3196
-32204.5275
-32206.2039
-32216.5081
-32227.7510
-32223.6606
-32219.5926
-32228.1757
-32238.3234
-32240.8938
-32245.1183
-32252.1144
-32256.1377
-32251.7121
-32267.3136
-32264.4302
-32269.5934
-32275.7849
-32279.2494
-32283.0492
-32291.1629
-32285.4185
-32294.6274
-32294.8733
-32305.1774
-32305.8256
-32301.7353
-32296.3038
-32300.7294
-32308.3067
-32305.6245
-32311.9724
-32309.2231
-32316.5992
-32329.4514
-32329.2279
-32330.8149
-32333.5641
-32328.1997
-32336.6487
-32333.9665
-32345.5000
-32341.7002
-32338.4145
-32341.9908
-32347.6010
-32352.7643
-32354.5971
-32343.5777
-32353.7925
-32356.1841
-32343.0636
-32344.0024
-32349.5456
-32347.7128
-32348.6739
-32347.7799
-32357.4135
-32354.5748
-32360.1404
-32353.8372
-32355.0889
-32362.0626
-32366.0412
-32372.2550
-32378.3347
-32380.5922
-32380.9722
-32386.1578
-32380.1452
-32373.7079
-32366.7341
-32381.1510
-32382.1792
-32387.9683
-32382.4027
-32376.7701
-32382.9838
-32381.6427
-32378.4017
-32385.6437
-32388.7730
-32387.4095
-32389.1306
-32403.6816
-32397.1549
-32394.3162
-32400.5076
-32396.2831
-32408.8225
-32404.8215
-32404.6203
-32417.6291
-32421.5406
-32425.5192
-32426.2792
-32423.3511
-32431.4648
-32428.2014
-32433.1412
-32436.4939
-32442.3948
-32435.8904
-32431.5095
-32432.4930
-32439.7573
-32433.9682
-32427.8662
-32429.8108
-32431.7777
-32431.7330
-32428.2908
-32425.8321
-32429.6990
-32435.6446
-32429.2073
-32437.8574
-32441.5901
-32435.2199
-32434.1917
-32435.1975
-32434.8175
-32443.9594
-32440.6737
-32450.9779
-32446.2169
-32438.1927
-32441.7019
-32451.5366
-32437.7903
-32431.6883
-32435.9798
-32435.1752
-32435.1305
-32443.8476
-32437.6115
-32434.4376
-32442.1936
-32438.4832
-32440.8972
-32441.0537
-32448.8321
-32445.6581
-32451.8719
-32442.1042
-32446.3510
-32442.5065
-32444.8758
-32440.2043
-32439.3326
-32434.0799
-32435.9798
-32435.3987
-32428.6932
-32425.0498
-32436.0245
-32431.6212
-32434.5940
-32434.7728
-32444.5182
-32447.5580
-32455.1129
-32453.7495
-32461.4832
-32453.4589
-32458.8904
-32472.3461
-32462.7349
-32463.6289
-32459.2480
-32466.6688
-32462.7796
-32465.9982
-32459.1586
-32468.0322
-32466.5123
-32467.3617
-32462.9137
-32470.2898
-32461.5502
-32463.9195
-32461.2150
-32466.6911
-32470.7591
-32470.7368
-32462.0196
-32462.0867
-32470.2451
-32468.7698
-32471.1168
-32464.3442
-32461.3267
-32464.7018
-32472.4579
-32468.6357
-32471.0497
-32464.9477
-32473.0390
-32462.0643
-32469.6639
-32464.9924
-32466.0429
-32461.2373
-32464.1430
-32462.1984
-32460.9244
-32452.7436
-32452.4978
-32461.5279
-32462.0196
-32459.0021
-32456.8564
-32455.4706
-32454.7553
-32451.1567
-32449.4356
-32455.9176
-32456.0741
-32459.5162
-32448.3851
-32447.4686
-32450.0838
-32453.5036
-32448.2956
-32456.7670
-32447.0663
-32446.8204
-32444.7641
-32451.3355
-32452.0507
-32452.0731
-32454.3753
-32454.8224
-32445.5687
-32448.1839
-32456.3870
-32456.9234
-32461.7514
-32465.1936
-32472.6814
-32479.0069
-32477.9564
-32468.3228
-32477.0176
-32479.2975
-32479.8116
-32479.7446
-32476.0118
-32479.1187
-32479.0516
-32467.3840
-32487.0983
-32487.0759
-32493.3344
-32476.5483
-32483.1420
-32480.0351
-32488.2606
-32479.5657
-32482.0468
-32483.2538
-32483.4996
-32469.8204
-32474.9836
-32474.4695
-32473.6649
-32470.2451
-32467.2723
-32468.4793
-32464.0313
-32479.2975
-32483.7902
-32482.6950
-32466.8699
-32471.8767
-32468.0099
-32462.6455
-32468.2334
-32485.4666
-32487.0312
-32486.0030
-32470.6474
-32476.5483
-32470.5356
-32473.8884
-32474.4919
-32474.6707
-32476.4812
-32482.0915
-32483.4549
-32475.6318
-32479.0740
-32476.8612
-32468.4122
-32474.2460
-32474.8272
-32468.0993
-32481.1304
-32475.2071
-32475.0507
-32470.2227
-32476.8165
-32467.2499
-32475.4530
-32477.1294
-32489.9146
-32487.3218
-32487.1206
-32484.8855
-32486.8077
-32485.1090
-32490.3616
-32487.9029
-32491.8145
-32498.1400
-32494.6085
-32501.5599
-32493.0885
-32494.9214
-32506.2761
-32506.7455
-32510.2323
-32509.1594
-32510.8582
-32504.9797
-32503.0127
-32506.0526
-32505.8961
-32508.5336
-32509.0253
-32516.6249
-32518.0778
-32508.6230
-32515.9320
-32497.0448
-32501.1352
-32497.1119
-32496.4860
-32490.0711
-32491.3675
-32493.8038
-32499.5705
-32505.5385
-32501.6493
-32484.9302
-32496.0166
-32497.7601
-32501.9845
-32496.5978
-32503.7950
-32490.6299
-32497.6930
-32495.6143
-32502.0739
-32491.1886
-32496.4413
-32497.4471
-32494.9884
-32489.1323
-32491.4345
-32485.9583
-32481.1751
-32484.5725
-32483.3879
-32483.6561
-32480.3704
-32478.2693
-32472.4132
-32476.1683
-32483.6114
-32481.6668
-32479.6998
-32481.8903
-32477.6435
-32490.3616
-32495.2567
-32476.9953
-32476.7047
-32481.6444
-32485.2654
-32490.4510
-32486.5618
-32488.1041
-32490.5404
-32494.0944
-32484.1478
-32490.3169
-32504.5103
-32498.9671
-32501.8504
-32500.0176
-32488.1488
-32498.0283
-32497.9389
-32496.9330
-32495.8155
-32490.5404
-32505.7620
-32500.8669
-32501.5152
-32491.6357
-32501.9175
-32498.0953
-32503.4150
-32499.9282
-32505.1361
-32503.5715
-32503.5492
-32501.8057
-32505.3597
-32506.2314
-32510.2770
-32509.2265
-32504.3315
-32507.1031
-32499.7047
-32503.4598
-32497.0001
-32493.1109
-32487.7688
-32485.1760
-32484.2373
-32489.8028
-32484.5055
-32489.8922
-32484.4608
-32489.7581
-32491.8368
-32497.6259
-32491.6133
-32486.4501
-32474.8272
-32484.6843
-32481.2645
-32480.6163
-32479.6998
-32483.5891
-32479.2081
-32479.9234
-32477.8223
-32475.1401
-32478.7164
-32483.2985
-32469.6639
-32465.9535
-32464.8583
-32459.2480
-32461.3267
-32455.0012
-32456.5434
-32459.5609
-32462.0867
-32459.9186
-32466.3335
-32459.4939
-32469.5075
-32471.1168
-32476.2800
-32474.0672
-32469.4404
-32473.3967
-32480.6610
-32479.4763
-32485.0196
-32481.8009
-32474.8272
-32469.9098
-32476.3918
-32477.3082
-32487.8582
-32490.0934
-32478.5376
-32480.3928
-32474.9166
-32477.6211
-32470.8709
-32481.8903
-32481.6221
-32482.5832
-32471.8991
-32473.6872
-32468.7475
-32463.0478
-32461.5279
-32467.5852
-32474.3801
-32476.8612
-32464.7018
-32458.9351
-32456.2752
-32465.1712
-32468.6581
-32477.5988
-32482.8291
-32473.7766
-32470.5580
-32464.4113
-32476.9059
-32484.8855
-32498.7659
-32480.2363
-32477.7552
-32469.3957
-32465.1489
-32474.0225
-32474.3131
-32475.0283
-32478.9846
-32470.6027
-32459.9633
-32458.5551
-32460.7903
-32459.5162
-32470.0439
-32469.0604
-32473.2402
-32471.4074
-32470.0886
-32469.0828
-32457.7728
-32463.6066
-32461.7514
-32465.1265
-32467.7864
-32466.9370
-32476.0118
-32480.1022
-32476.8165
-32481.7115
-32481.3539
-32493.4238
-32491.2333
-32486.0924
-32492.9321
-32492.4403
-32483.3879
-32492.1721
-32492.9544
-32499.9282
-32502.6104
-32495.3237
-32495.7931
-32504.5997
-32501.4481
-32499.8835
-32502.7668
-32504.4209
-32503.7056
-32493.6473
-32496.2848
-32497.1789
-32500.2858
-32496.5978
-32505.0244
-32501.6046
-32506.7902
-32499.3247
-32509.6288
-32504.4209
-32507.7066
-32506.3655
-32507.1701
-32502.4092
-32504.2197
-32506.4549
-32507.8630
-32503.1692
-32493.5803
-32498.4306
-32496.3072
-32504.0856
-32503.4374
-32503.4150
-32506.7455
-32508.0195
-32496.2401
-32502.1410
-32495.3014
-32494.0720
-32497.6483
-32499.5929
-32505.7843
-32508.8912
-32515.0827
-32507.1701
-32492.5745
-32500.2635
-32505.8067
-32511.1935
-32512.3781
-32517.6978
-32518.3237
-32523.5987
-32523.0399
-32520.0894
-32524.3586
-32518.3013
-32518.4578
-32517.1837
-32517.6755
-32514.2780
-32524.9174
-32518.9272
-32524.4927
-32525.2751
-32527.2644
-32526.6832
-32535.1769
-32534.1263
-32538.3285
-32531.0418
-32538.9990
-32540.6084
-32539.7590
-32546.0622
-32536.8086
-32523.9563
-32527.0185
-32533.7464
-32539.5131
-32540.9660
-32534.9534
-32536.0262
-32539.6472
-32544.5199
-32546.3304
-32547.3362
-32541.7259
-32537.7697
-32533.0535
-32541.9271
-32534.8640
-32535.5345
-32535.1992
-32537.0321
-32540.2284
-32545.1905
-32538.5073
-32536.8533
-32528.4490
-32532.2935
-32516.6473
-32515.8650
-32513.2051
-32524.3586
-32523.9563
-32514.3451
-32524.6492
-32520.5588
-32523.8222
-32526.5938
-32533.2546
-32532.2041
-32523.0175
-32517.4743
-32529.6783
-32520.5812
-32525.6103
-32513.2051
-32512.7804
-32502.8339
-32507.8183
-32497.6036
-32489.9593
-32492.8427
-32498.2518
-32491.8368
-32489.6687
-32490.2946
-32492.1051
-32493.3344
-32496.5084
-32498.7659
-32491.7251
-32496.1507
-32493.8038
-32514.4121
-32507.9748
-32501.2246
-32490.0487
-32489.8252
-32486.3607
-32503.4821
-32500.5540
-32501.5375
-32498.9223
-32494.1391
-32494.3179
-32493.5579
-32486.0701
-32490.3616
-32478.5599
-32487.8359
-32497.8718
-32491.2333
-32483.2985
-32477.2188
-32480.5269
-32476.0118
-32476.1683
-32485.3995
-32485.6007
-32481.6892
-32485.8689
-32479.4316
-32485.1090
-32479.1187
-32477.0400
-32472.3908
-32473.3743
-32470.8039
-32470.5356
-32468.3899
-32473.3743
-32468.8369
-32477.0176
-32469.1051
-32480.3033
-32477.5317
-32481.5997
-32480.0798
-32477.6882
-32477.0400
-32472.5473
-32480.9292
-32476.9506
-32473.5084
-32477.8223
-32482.0468
-32475.5871
-32488.3947
-32476.5259
-32490.1828
-32482.8961
-32487.4112
-32476.3247
-32477.5317
-32472.4802
-32481.5550
-32475.6095
-32474.2460
-32484.1255
-32481.1751
-32489.1099
-32486.8301
-32500.4870
-32494.3179
-32496.6648
-32502.8116
-32506.0973
-32498.9223
-32506.0973
-32509.5171
-32533.2323
-32513.7863
-32519.1954
-32517.2508
-32514.3898
-32505.4938
-32514.0321
-32513.9204
-32522.6823
-32528.2925
-32535.2216
-32533.7911
-32531.2430
-32535.6463
-32547.3586
-32546.3751
-32550.4431
-32546.6880
-32558.6462
-32553.6841
-32549.2585
-32559.7414
-32555.3605
-32558.5792
-32556.5004
-32570.2915
-32562.0437
-32569.8444
-32567.1622
-32568.7715
-32562.4684
-32575.0971
-32581.9367
-32587.7258
-32583.7919
-32592.7550
-32590.1622
-32591.1680
-32596.1971
-32600.3769
-32602.7686
-32595.8395
-32597.4265
-32615.5314
-32613.8103
-32604.1991
-32609.4741
-32604.9590
-32614.3468
-32616.2467
-32629.4118
-32615.6208
-32634.6421
-32626.9978
-32638.1737
-32629.3895
-32636.8103
-32638.4643
-32648.3885
-32644.2087
-32656.9268
-32655.1163
-32659.8996
-32659.3408
-32663.8112
-32658.3350
-32659.3855
-32661.8219
-32675.0317
-32684.5312
-32677.7587
-32685.8947
-32691.1474
-32700.8704
-32698.2329
-32704.2678
-32704.4913
-32706.8159
-32712.1803
-32721.7469
-32718.7741
-32731.3805
-32721.1881
-32727.0890
-32722.6410
-32736.2308
-32734.9121
-32748.7254
-32748.2337
-32754.5145
-32758.8061
-32758.2026
-32766.2939
-32768.4397
-32771.7254
-32771.3678
-32782.8566
-32775.8605
-32780.3085
-32783.8400
-32788.9362
-32779.7944
-32782.4319
-32777.4921
-32782.6554
-32786.3211
-32787.3716
-32783.7730
-32792.4455
-32800.2462
-32809.9916
-32809.2316
-32809.2093
-32803.3531
-32816.3618
-32808.4493
-32816.4736
-32816.9430
-32814.5513
-32818.5523
-32822.6203
-32826.4201
-32821.4580
-32824.4532
-32823.5367
-32831.6728
-32835.1820
-32848.9730
-32845.1509
-32843.1169
-32847.9448
-32854.4268
-32844.7932
-32854.3151
-32858.4502
-32866.4297
-32871.0342
-32874.7222
-32876.8009
-32873.8282
-32877.5162
-32875.6834
-32879.5726
-32881.6289
-32898.3033
-32898.5268
-32883.2606
-32891.8213
-32894.1906
-32888.7815
-32891.7319
-32886.8369
-32895.2635
-32902.7290
-32899.5774
-32898.0798
-32893.5647
-32896.8505
-32903.1313
-32898.9515
-32914.1731
-32898.0574
-32895.1517
-32890.6367
-32899.3986
-32903.0195
-32901.0302
-32896.9175
-32906.2605
-32900.6950
-32893.9894
-32885.6746
-32897.1634
-32898.7727
-32898.9515
-32897.1634
-32899.5327
-32907.9369
-32901.7008
-32896.1352
-32897.0069
-32906.1488
-32904.8524
-32908.0263
-32904.5171
-32897.6775
-32897.3645
-32902.7513
-32899.5774
-32903.0419
-32897.3422
-32901.9243
-32899.1974
-32892.8718
-32889.8991
-32893.5871
-32886.9486
-32883.5288
-32882.9253
-32890.7037
-32891.6872
-32893.4530
-32898.8621
-32897.4987
-32909.3898
-32900.6055
-32899.5997
-32897.9904
-32900.0691
-32893.2742
-32899.0409
-32898.0127
-32898.2363
-32894.5929
-32902.4384
-32900.6055
-32913.8825
-32917.0564
-32929.3722
-32923.7843
-32923.0020
-32912.2732
-32914.7318
-32924.1643
-32922.5550
-32926.2654
-32908.5851
-32911.3567
-32909.0992
-32911.7367
-32918.7775
-32925.9077
-32909.7474
-32910.5074
-32906.1264
-32911.4685
-32906.4841
-32906.3946
-32904.8747
-32906.1041
-32897.2975
-32895.9117
-32902.7513
-32900.2479
-32901.6784
-32892.2907
-32893.8553
-32899.0409
-32897.7222
-32896.0234
-32896.0681
-32897.0740
-32901.9019
-32895.0400
-32891.6872
-32893.0283
-32900.8961
-32893.2742
-32896.8281
-32893.1848
-32894.3471
-32879.5055
-32878.2985
-32881.6289
-32888.0439
-32865.4686
-32871.2577
-32871.1012
-32862.0264
-32863.7028
-32865.9603
-32868.1732
-32854.7621
-32863.1887
-32866.9885
-32871.5930
-32867.8826
-32869.8495
-32871.6600
-32878.4997
-32873.1576
-32884.4899
-32878.4773
-32878.9467
-32881.7854
-32892.1789
-32875.9292
-32893.3636
-32875.7281
-32885.5852
-32877.5385
-32881.4501
-32890.6143
-32886.3228
-32880.2431
-32877.7844
-32872.4647
-32879.5726
-32881.6736
-32884.4229
-32887.0157
-32876.9127
-32875.8622
-32867.8602
-32873.8505
-32875.7057
-32870.6095
-32873.7164
-32873.5376
-32867.1450
-32873.3364
-32874.1634
-32870.8107
-32876.1080
-32887.0827
-32878.7902
-32865.8486
-32868.4190
-32860.0148
-32854.4492
-32862.1158
-32861.3559
-32866.1615
-32862.3841
-32853.6892
-32851.4541
-32844.6368
-32848.6601
-32844.3239
-32858.3160
-32856.1703
-32850.8059
-32843.0945
-32849.7330
-32844.0109
-32843.1839
-32834.0421
-32834.9585
-32834.7126
-32830.7116
-32823.2015
-32829.3705
-32824.9225
-32835.0255
-32832.6562
-32828.7223
-32822.9779
-32817.4124
-32821.7933
-32831.9186
-32838.9371
-32817.7923
-32822.4862
-32820.0946
-32826.9342
-32829.6611
-32832.4104
-32825.3696
-32830.1976
-32831.0916
-32837.9536
-32829.1247
-32835.8302
-32836.7690
-32837.0372
-32839.6076
-32841.4628
-32832.1198
-32833.6844
-32831.2257
-32833.5280
-32828.4765
-32822.5756
-32826.5095
-32835.0926
-32825.0119
-32818.0159
-32816.8089
-32807.8682
-32815.6466
-32818.3958
-32814.9537
-32809.7457
-32807.1082
-32807.2423
-32809.0081
-32804.6942
-32818.3064
-32816.6747
-32818.8429
-32812.0256
-32809.9692
-32804.3142
-32813.5232
-32804.1131
-32812.2044
-32815.4678
-32810.0139
-32798.2346
-32801.7214
-32802.6826
-32799.8662
-32810.3939
-32809.2316
-32803.8448
-32800.0227
-32802.8614
-32790.9702
-32805.0518
-32801.7214
-32805.8118
-32789.6738
-32794.9936
-32794.5018
-32786.0082
-32782.3872
-32792.2443
-32783.7953
-32787.3716
-32784.6894
-32784.4212
-32769.3785
-32784.6447
-32795.5747
-32790.7691
-32790.5903
-32790.3220
-32799.8886
-32798.5251
-32802.8614
-32781.0684
-32796.0888
-32792.8478
-32794.0771
-32790.0985
-32800.3356
-32799.4416
-32811.5338
-32801.5650
-32797.1170
-32789.6738
-32799.3968
-32801.2520
-32807.2423
-32800.5368
-32806.7059
-32805.8565
-32806.6165
-32801.9449
-32802.3473
-32794.8147
-32792.9148
-32801.6320
-32799.7992
-32808.4717
-32794.5018
-32793.7195
-32793.6301
-32792.9819
-32782.6107
-32794.2783
-32804.4707
-32803.5543
-32791.9314
-32788.3774
-32792.1325
-32792.8701
-32795.0606
-32799.5086
-32800.6932
-32808.4046
-32797.5864
-32806.4600
-32810.7962
-32804.5601
-32808.1364
-32811.4891
-32801.7661
-32801.6097
-32808.4493
-32810.5057
-32803.8672
-32806.8400
-32811.3774
-32803.4202
-32803.4425
-32802.1908
-32810.9751
-32803.4649
-32815.6019
-32802.8837
-32804.4483
-32803.4649
-32813.4337
-32817.3900
-32800.7603
-32809.7010
-32810.6398
-32809.9245
-32809.1869
-32811.5115
-32822.6427
-32828.5659
-32826.5319
-32827.3589
-32826.2860
-32831.4045
-32833.2821
-32834.3997
-32832.6786
-32842.8039
-32845.3073
-32852.9069
-32840.0323
-32840.7476
-32837.3054
-32839.0712
-32843.4298
-32845.9779
-32841.4181
-32839.6747
-32833.9303
-32839.0265
-32842.8486
-32847.7213
-32842.1110
-32852.9516
-32859.2995
-32855.5221
-32850.8282
-32851.7223
-32849.9118
-32854.2033
-32864.0381
-32857.1091
-32862.1158
-32865.8933
-32866.0721
-32870.1848
-32871.7941
-32861.6912
-32857.3549
-32855.6115
-32853.6669
-32852.7505
-32860.5289
-32866.2062
-32864.8428
-32867.5920
-32869.8943
-32862.0711
-32857.6902
-32862.6299
-32861.0430
-32862.0711
-32861.6465
-32868.8884
-32868.9778
-32864.9098
-32869.3802
-32872.4647
-32863.8816
-32868.1732
-32856.0585
-32862.6299
-32855.8574
-32865.8262
-32853.7116
-32854.4492
-32850.5823
-32849.8000
-32857.1985
-32866.0050
-32866.3850
-32877.2480
-32878.1197
-32878.9244
-32881.6066
-32887.1498
-32892.6260
-32884.8923
-32893.6542
-32891.9778
-32887.6192
-32879.2373
-32884.4452
-32877.9856
-32888.0886
-32889.0944
-32886.3004
-32874.5211
-32886.5463
-32886.8816
-32886.9486
-32880.8913
-32877.4268
-32875.1693
-32882.7912
-32885.4958
-32879.8184
-32882.5230
-32881.7630
-32883.8194
-32886.2334
-32889.0944
-32887.5298
-32893.5871
-32887.5745
-32888.4686
-32883.8194
-32893.1848
-32893.4977
-32901.9243
-32890.0108
-32891.1284
-32887.9768
-32894.9059
-32877.6950
-32884.2441
-32880.3549
-32892.8942
-32896.7163
-32891.9107
-32879.3490
-32881.3160
-32890.0555
-32888.2674
-32892.9165
-32882.4112
-32881.7630
-32876.6445
-32880.5784
-32880.8243
-32878.4326
-32880.7348
-32886.6357
-32878.0079
-32883.5288
-32885.8534
-32894.3471
-32888.4909
-32885.7193
-32878.2315
-32882.5453
-32875.0575
-32884.8923
-32884.2217
-32911.8038
-32889.3626
-32892.3801
-32892.1566
-32899.7115
-32900.0468
-32906.8640
-32915.9835
-32914.9330
-32922.0185
-32916.7882
-32915.1565
-32908.2945
-32920.9233
-32921.2586
-32927.8747
-32909.8368
-32914.9107
-32920.8115
-32930.0651
-32932.0545
-32922.6444
-32921.1915
-32917.0341
-32919.5598
-32929.3722
-32928.3888
-32925.3713
-32925.2819
-32930.1769
-32928.5229
-32928.4782
-32925.1478
-32931.8533
-32934.2673
-32942.1127
-32943.0962
-32939.2741
-32952.5286
-32948.1030
-32951.4781
-32952.3498
-32952.7969
-32955.9932
-32946.2255
-32951.7240
-32949.5112
-32940.5258
-32946.6725
-32942.2468
-32945.4655
-32951.3887
-32954.0486
-32951.0534
-32949.8464
-32945.8902
-32952.9310
-32956.8202
-32957.5131
-32952.3722
-32945.4431
-32956.7978
-32955.4791
-32953.0427
-32957.1108
-32961.8493
-32950.8076
-32949.8911
-32945.2643
-32952.6628
-32964.5762
-32970.1418
-32965.3586
-32975.0369
-32969.4042
-32978.7696
-32985.6092
-32977.2050
-32973.8075
-32981.1836
-32987.3080
-32997.7239
-32997.3886
-32993.2982
-32987.7997
-32979.4849
-33005.5246
-33006.7316
-33013.4595
-33011.3808
-33019.4721
-33016.4770
-33016.5664
-33028.2564
-33029.2175
-33023.3613
-33019.7850
-33011.0902
-33018.3545
-33008.9221
-33019.4498
-33020.9473
-33011.7384
-33006.1281
-33012.2525
-33016.6111
-33021.1709
-33020.1203
-33025.5071
-33017.2146
-33012.4537
-33014.0407
-33012.6325
-33023.5625
-33024.9260
-33025.0377
-33016.6335
-33019.1816
-33020.1874
-33027.3846
-33028.1446
-33035.1407
-33034.6266
-33026.9153
-33038.5829
-33035.1183
-33029.2845
-33035.8560
-33040.2816
-33037.5547
-33034.7607
-33044.4837
-33042.6062
-33041.5333
-33045.3331
-33048.0824
-33044.0143
-33035.1854
-33040.8180
-33042.1815
-33051.1892
-33041.3768
-33030.8045
-33026.3118
-33036.9512
-33043.3661
-33053.8044
-33050.6528
-33051.7704
-33038.1358
-33048.4623
-33046.6742
-33048.2835
-33055.6372
-33064.1086
-33066.8131
-33067.6401
-33060.4205
-33057.2019
-33070.1659
-33073.3845
-33076.6479
-33081.6100
-33077.3184
-33081.0288
-33086.5944
-33075.7985
-33072.7363
-33069.8753
-33074.1892
-33072.2893
-33073.1163
-33069.1824
-33070.3000
-33062.9016
-33070.4341
-33074.0998
-33081.9005
-33081.0512
-33077.4302
-33073.6975
-33072.1552
-33075.2844
-33078.1455
-33076.1785
-33067.4613
-33069.3612
-33067.3272
-33068.9812
-33066.7461
-33078.5701
-33073.2728
-33080.9841
-33082.6382
-33085.1639
-33083.2640
-33084.2475
-33084.2251
-33090.6624
-33081.9229
-33081.9676
-33074.5245
-33074.3457
-33070.1212
-33078.6819
-33065.1814
-33080.3359
-33074.0998
-33072.5352
-33079.8218
-33078.1455
-33074.8597
-33083.4428
-33079.7995
-33072.1105
-33077.6984
-33078.0113
-33078.3913
-33074.5468
-33077.1396
-33080.6041
-33090.9530
-33080.6936
-33086.3262
-33082.2358
-33094.0599
-33089.9919
-33093.3893
-33093.5905
-33096.4515
-33094.7304
-33093.2999
-33086.9744
-33098.7985
-33094.6857
-33087.2426
-33090.6624
-33073.8092
-33082.3923
-33082.2135
-33088.2484
-33086.1697
-33091.4000
-33091.1095
-33088.5837
-33076.8491
-33080.0454
-33069.0706
-33087.6002
-33077.7655
-33079.8665
-33083.2193
-33084.2028
-33088.4720
-33084.6722
-33100.3407
-33089.1425
-33090.2154
-33086.0803
-33092.8529
-33078.8384
-33078.5478
-33074.0104
-33087.0638
-33087.0191
-33088.4496
-33085.5662
-33074.9939
-33092.2941
-33087.9802
-33086.9297
-33085.1192
-33078.9725
-33080.2242
-33087.6226
-33081.5653
-33079.9336
-33090.6177
-33082.5935
-33084.7839
-33070.8141
-33091.8471
-33084.4710
-33074.4351
-33067.5284
-33077.1396
-33085.5886
-33082.6829
-33085.9015
-33079.4866
-33092.2718
-33089.3213
-33102.3524
-33093.5458
-33093.8364
-33092.3835
-33096.1610
-33092.6964
-33105.7275
-33107.1133
-33111.2931
-33102.8218
-33109.1473
-33103.3806
-33098.0162
-33097.2785
-33100.8995
-33095.8927
-33096.8539
-33095.0434
-33084.5381
-33085.4098
-33080.0006
-33082.2358
-33066.5896
-33077.9443
-33073.4069
-33076.2903
-33069.8530
-33067.9754
-33069.9200
-33061.5605
-33052.7762
-33058.4983
-33049.9599
-33054.3185
-33047.3224
-33061.9181
-33053.2456
-33058.1630
-33055.2796
-33051.5692
-33042.3827
-33045.7801
-33045.2884
-33046.7189
-33050.2505
-33038.7617
-33042.5838
-33040.3263
-33036.0124
-33027.5858
-33031.0280
-33017.8852
-33024.3225
-33032.4585
-33005.7482
-33009.4809
-33008.2963
-32999.8249
-33015.0465
-33004.9211
-33003.1106
-33000.9425
-33008.8103
-33001.9260
-33010.7996
-33012.2525
-33019.7627
-33013.1689
-33014.4653
-33015.1135
-33023.6966
-33023.0931
-33014.3089
-33020.7462
-33018.4663
-33018.8016
-33010.6432
-33014.7112
-33017.0358
-33015.8511
-33011.3808
-33018.6898
-33025.9541
-33021.3720
-33018.1310
-33035.4983
-33006.5528
-33020.9026
-33023.3390
-33014.4206
-33016.2535
-33016.1417
-33018.1310
-33016.4770
-33016.6335
-33008.8997
-33007.5586
-33002.7530
-33007.7151
-33001.1213
-33007.3128
-32999.9591
-33008.4527
-33009.5927
-33011.6267
-33004.3623
-33004.5412
-33008.8550
-33010.9114
-33010.4420
-33015.8288
-33011.6714
-33015.4041
-33007.1787
-33017.0805
-33014.2418
-33012.5207
-33015.1359
-33016.4323
-33013.9065
-33008.8327
-33006.2175
-33003.4012
-33009.7044
-33010.5761
-33007.8939
-33012.6325
-33025.2612
-33019.6062
-33016.5217
-33010.9561
-33019.8521
-33023.7413
-33031.9667
-33035.7665
-33027.4964
-33031.4527
-33040.5722
-33037.9123
-33048.5294
-33051.4128
-33051.4128
-33053.7821
-33051.6139
-33052.4857
-33062.0522
-33058.9677
-33057.8054
-33056.2184
-33060.0852
-33066.7908
-33070.9705
-33069.3612
-33073.2281
-33075.7985
-33065.8296
-33073.3622
-33078.8384
-33080.4700
-33081.2300
-33078.8160
-33077.9219
-33088.9190
-33080.9841
-33080.1348
-33078.5478
-33086.4380
-33082.3476
-33086.8179
-33095.6469
-33096.8092
-33090.4389
-33086.4156
-33096.8762
-33090.1036
-33096.4962
-33086.7956
-33099.7819
-33095.7810
-33102.8218
-33103.5147
-33104.5205
-33112.7683
-33102.4418
-33101.9054
-33108.9015
-33114.0200
-33113.9977
-33114.8023
-33113.9529
-33112.5001
-33110.0637
-33116.8587
-33119.3397
-33125.3300
-33126.7381
-33125.9558
-33127.5428
-33126.8499
-33131.0520
-33124.5700
-33122.4690
-33133.8684
-33139.0093
-33137.5340
-33138.2269
-33142.1385
-33144.5748
-33155.0802
-33151.2804
-33160.7575
-33163.2609
-33161.1598
-33169.4970
-33180.0471
-33176.6719
-33175.7555
-33177.2754
-33175.6438
-33176.0908
-33184.1598
-33187.1102
-33187.2443
-33193.7710
-33182.3269
-33198.3755
-33191.8711
-33203.7176
-33194.1063
-33199.9401
-33189.2560
-33198.3755
-33194.6204
-33200.3871
-33197.6379
-33196.8556
-33190.5300
-33205.8857
-33207.3385
-33203.4270
-33204.9245
-33212.3677
-33215.3181
-33215.7875
-33220.5261
-33223.9682
-33219.7661
-33220.6602
-33225.8234
-33234.7865
-33230.4279
-33227.7457
-33219.6096
-33224.2141
-33232.2384
-33229.6903
-33232.3725
-33224.9517
-33227.9915
-33233.5571
-33222.0460
-33228.0586
-33241.4026
-33241.1791
-33234.8312
-33244.2413
-33234.0265
-33233.2442
-33239.2792
-33243.4143
-33239.1451
-33233.7136
-33236.4852
-33238.3181
-33242.5872
-33241.5144
-33249.6727
-33252.9808
-33253.0479
-33249.2481
-33254.6125
-33255.6630
-33247.6387
-33257.6747
-33254.9701
-33252.1314
-33245.8729
-33255.2607
-33256.7582
-33255.6407
-33252.2879
-33252.3102
-33252.7349
-33250.2092
-33243.7942
-33220.0567
-33214.7370
-33199.2472
-33186.4397
-33183.4222
-33180.9858
-33178.7507
-33191.1335
-33183.0869
-33192.0276
-33190.9994
-33196.6768
-33202.3764
-33211.0266
-33209.2608
-33212.1442
-33213.7982
-33233.0654
-33227.2092
-33230.1150
-33232.6631
-33234.2500
-33226.9187
-33233.3560
-33233.9371
-33233.2219
-33233.9148
-33233.1772
-33239.1451
-33238.6086
-33242.9672
-33246.8341
-33246.9458
-33248.2422
-33243.7272
-33239.0333
-33247.6164
-33244.1742
-33245.8282
-33240.7991
-33237.7369
-33227.1422
-33229.1315
-33234.0936
-33240.1732
-33246.7223
-33241.1120
-33229.1538
-33232.5737
-33239.6145
-33245.6271
-33243.0343
-33246.0518
-33239.9721
-33247.5940
-33253.1820
-33243.6378
-33247.4152
-33252.4444
-33255.8195
-33247.3258
-33260.6474
-33254.9254
-33260.8263
-33252.8467
-33258.5017
-33249.6504
-33255.3501
-33254.3219
-33252.3549
-33259.3510
-33257.3617
-33253.7184
-33258.6805
-33251.9079
-33247.3705
-33247.5717
-33248.8904
-33252.1538
-33247.1246
-33240.4862
-33236.3958
-33245.7612
-33247.1917
-33244.7777
-33241.8496
-33237.8487
-33231.9702
-33239.7933
-33234.6524
-33241.0673
-33236.2393
-33237.7369
-33236.9322
-33240.5756
-33239.1004
-33231.3443
-33228.1257
-33237.6922
-33235.6358
-33228.6845
-33223.0071
-33225.6446
-33229.4221
-33219.1626
-33217.1286
-33217.6874
-33222.5377
-33217.2627
-33229.4444
-33221.7107
-33212.8371
-33208.0538
-33223.3200
-33222.3589
-33223.9682
-33223.5436
-33218.2462
-33220.6378
-33218.4027
-33224.7505
-33233.8477
-33234.8088
-33228.7739
-33225.1529
-33228.8856
-33241.2685
-33246.9682
-33243.2131
-33244.1966
-33247.9964
-33238.9216
-33239.8827
-33242.4084
-33246.8117
-33241.0003
-33242.2743
-33229.6456
-33236.8205
-33245.5824
-33221.0402
-33224.4376
-33217.5533
-33214.8711
-33212.7030
-33212.5912
-33210.4901
-33219.1403
-33222.5824
-33214.2005
-33213.7311
-33207.9867
-33210.6019
-33220.8613
-33216.9498
-33218.2015
-33211.0489
-33218.4250
-33213.3512
-33211.9653
-33213.0829
-33217.3745
-33216.1675
-33217.0392
-33211.3619
-33213.4629
-33216.0781
-33211.8536
-33211.0266
-33206.6903
-33196.0956
-33201.1024
-33194.6651
-33202.0635
-33197.8837
-33206.2880
-33199.8284
-33195.4474
-33201.5494
-33201.3930
-33205.8857
-33206.2209
-33208.0761
-33205.1034
-33207.3385
-33199.4484
-33207.9867
-33208.9032
-33206.3104
-33202.6000
-33207.8526
-33213.9770
-33218.3356
-33220.8613
-33224.0129
-33235.8817
-33240.1956
-33231.5455
-33236.8205
-33231.0090
-33235.0100
-33235.2112
-33247.9964
-33234.9429
-33246.7000
-33249.2928
-33258.6805
-33252.6679
-33253.4949
-33263.0838
-33261.5415
-33252.8243
-33248.2422
-33255.6854
-33260.1781
-33264.7602
-33252.9361
-33250.2539
-33242.8555
-33258.1441
-33257.7641
-33271.5998
-33261.0721
-33260.8710
-33256.8924
-33263.9108
-33270.9963
-33263.7320
-33261.4298
-33262.5026
-33264.9390
-33263.1285
-33268.8952
-33266.0789
-33271.0857
-33268.4259
-33274.3044
-33263.5308
-33270.6387
-33274.7514
-33275.0643
-33278.9535
-33282.1722
-33272.9633
-33275.0420
-33280.9652
-33283.0439
-33280.1829
-33284.4521
-33277.6124
-33277.3889
-33282.6416
-33273.7679
-33277.5230
-33280.6746
-33276.1596
-33285.9273
-33290.6435
-33286.2625
-33286.6872
-33283.8486
-33295.7844
-33294.1751
-33298.3101
-33304.2333
-33303.8087
-33299.2713
-33303.2052
-33310.6707
-33318.7396
-33309.6201
-33312.2353
-33318.1361
-33322.6065
-33316.2139
-33313.6211
-33318.2926
-33313.4423
-33315.0963
-33317.0409
-33322.2489
-33322.6959
-33318.2702
-33315.5433
-33318.3149
-33320.9748
-33324.7523
-33314.4928
-33322.0477
-33328.2838
-33332.8883
-33340.3761
-33325.9816
-33327.7250
-33335.0341
-33330.4743
-33336.9116
-33339.7726
-33348.1992
-33335.7717
-33334.0953
-33330.8990
-33336.8892
-33339.1915
-33346.9252
-33353.1166
-33360.5597
-33351.8873
-33346.8805
-33348.6463
-33351.8649
-33353.0496
-33349.5180
-33348.3333
-33334.5200
-33339.2138
-33336.6210
-33347.6628
-33335.2352
-33334.1623
-33332.5530
-33336.9340
-33331.1001
-33330.6755
-33344.6006
-33334.5870
-33331.7707
-33332.6424
-33333.2906
-33343.8406
-33346.5899
-33342.8572
-33343.6171
-33351.1497
-33357.6987
-33350.6356
-33363.8007
-33359.6880
-33358.0563
-33363.0184
-33373.2555
-33377.5247
-33372.2274
-33365.1866
-33361.0962
-33369.2322
-33380.3410
-33373.1438
-33381.0339
-33376.4071
-33374.8425
-33363.5325
-33356.9835
-33358.9951
-33366.2147
-33361.1409
-33363.9572
-33370.5286
-33371.4897
-33370.0145
-33367.5111
-33369.2769
-33364.6948
-33369.1428
-33373.7249
-33375.7142
-33371.1768
-33383.7162
-33360.7609
-33364.9407
-33359.2410
-33369.0087
-33364.2925
-33363.6890
-33369.4334
-33370.6404
-33370.1486
-33375.5354
-33370.8639
-33367.4441
-33362.4596
-33360.3586
-33371.0427
-33379.7152
-33372.4062
-33367.9135
-33361.7444
-33351.9543
-33351.0603
-33355.5306
-33366.4606
-33354.1224
-33361.4091
-33352.4908
-33351.2614
-33348.4898
-33359.3304
-33356.7152
-33362.3255
-33358.2799
-33366.3936
-33371.7803
-33356.4917
-33360.0010
-33355.5977
-33357.8999
-33361.6326
-33363.4431
-33359.5316
-33357.4752
-33365.1419
-33364.1360
-33364.9854
-33367.3547
-33376.0495
-33384.2079
-33370.9086
-33369.1428
-33364.4937
-33360.0680
-33354.7036
-33357.9222
-33356.7152
-33354.6589
-33346.8134
-33338.9456
-33334.7435
-33334.5870
-33337.0234
-33340.9349
-33329.2673
-33332.2624
-33341.0914
-33340.3314
-33341.0914
-33331.2790
-33337.6269
-33338.3198
-33342.3878
-33325.1993
-33325.5346
-33323.9476
-33328.2391
-33320.3713
-33320.7289
-33320.3266
-33327.1215
-33318.9184
-33326.5404
-33324.5511
-33318.3373
-33314.1128
-33324.9758
-33323.5229
-33317.5773
-33309.6425
-33312.4141
-33309.3966
-33314.0458
-33317.7562
-33312.5482
-33315.2304
-33318.6502
-33319.1867
-33312.9058
-33318.0914
-33311.9447
-33313.0623
-33306.2897
-33313.3529
-33311.8329
-33309.9107
-33297.1925
-33296.5443
-33302.4229
-33318.8290
-33317.3091
-33309.6201
-33305.4403
-33314.7387
-33320.0807
-33321.1536
-33315.2304
-33316.9738
-33319.1867
-33324.8417
-33328.0827
-33323.3441
-33330.8990
-33327.4792
-33323.0312
-33315.0739
-33321.1760
-33317.0409
-33314.4704
-33301.9758
-33283.5580
-33261.3627
-33250.2315
-33236.5523
-33235.6582
-33222.5824
-33232.6631
-33236.7087
-33239.4803
-33253.8972
-33256.6912
-33263.6202
-33269.2529
-33269.2305
-33275.1984
-33288.4977
-33280.7864
-33288.4977
-33297.6172
-33305.0380
-33302.7805
-33293.7280
-33305.3509
-33308.9049
-33311.3859
-33323.4335
-33322.7853
-33324.9758
-33327.7474
-33330.0720
-33326.5627
-33322.9418
-33328.6638
-33333.7377
-33324.3946
-33332.6648
-33334.6317
-33335.9728
-33332.5307
-33339.7279
-33336.0622
-33345.5841
-33346.7464
-33341.6278
-33336.5987
-33340.8232
-33348.4451
-33345.7852
-33352.1108
-33349.3392
-33363.1302
-33358.1234
-33355.8659
-33357.1623
-33363.8455
-33366.2371
-33366.4606
-33375.8707
-33376.8765
-33377.9494
-33380.0058
-33380.4751
-33374.6413
-33384.9678
-33401.7987
-33393.2380
-33390.7122
-33386.8230
-33383.4032
-33388.0524
-33389.9746
-33403.7880
-33400.3682
-33401.0164
-33396.6131
-33409.6442
-33399.3847
-33399.2283
-33393.4839
-33403.3857
-33398.0883
-33401.5975
-33403.3857
-33405.6879
-33403.6539
-33405.4420
-33398.9824
-33390.4887
-33399.0494
-33402.2457
-33409.0854
-33403.2069
-33410.7171
-33402.8716
-33407.1408
-33409.9795
-33419.2107
-33420.4401
-33423.3905
-33418.4955
-33437.8297
-33417.7802
-33425.8715
-33436.7345
-33444.4682
-33442.4118
-33433.3594
-33426.2292
-33436.6004
-33445.6305
-33439.0367
-33433.6947
-33423.9716
-33427.5926
-33427.6597
-33444.3117
-33449.0279
-33456.4934
-33450.2126
-33447.0833
-33442.7024
-33460.8073
-33457.0969
-33475.9394
-33458.4157
-33457.3204
-33457.9910
-33475.2242
-33469.2563
-33476.7665
-33472.4302
-33464.9424
-33459.4886
-33476.6324
-33484.5002
-33486.6459
-33485.0813
-33481.7956
-33468.9210
-33475.7830
-33478.1970
-33481.4380
-33483.8743
-33478.4652
-33471.9832
-33468.7869
-33484.2096
-33474.7101
-33481.1921
-33477.6605
-33474.2854
-33473.7490
-33485.0143
-33481.3933
-33486.2660
-33483.6061
-33483.0250
-33477.9735
-33481.5721
-33478.4875
-33473.6596
-33473.3914
-33473.9725
-33482.1532
-33490.2446
-33484.6790
-33492.7927
-33498.3582
-33491.8092
-33488.7023
-33483.5167
-33495.3184
-33491.8315
-33494.1338
-33472.8102
-33484.2990
-33485.9307
-33489.8422
-33480.5216
-33481.3709
-33484.0978
-33480.3651
-33479.0910
-33479.4710
-33469.1445
-33471.0444
-33463.4448
-33472.2067
-33472.3855
-33470.1056
-33485.4166
-33484.6119
-33477.5488
-33469.1669
-33477.8617
-33478.7111
-33490.2893
-33480.8345
-33482.3991
-33481.2368
-33486.5789
-33484.0084
-33494.1114
-33485.9977
-33499.4758
-33492.8150
-33495.6760
-33490.5351
-33503.0745
-33494.6255
-33498.6935
-33495.6090
-33502.1580
-33500.8840
-33508.1036
-33499.2076
-33490.1328
-33486.6236
-33475.9842
-33474.9336
-33475.9171
-33484.7907
-33486.7577
-33491.3622
-33483.7179
-33486.1765
-33490.0881
-33496.5701
-33493.9103
-33493.1726
-33490.3787
-33492.8374
-33492.8150
-33488.0988
-33489.4176
-33492.4797
-33486.2883
-33477.7052
-33487.1377
-33491.2727
-33488.5235
-33479.8957
-33478.6664
-33480.5216
-33478.4205
-33478.4652
-33481.8403
-33480.1192
-33488.4788
-33484.2990
-33492.7480
-33486.2213
-33483.9637
-33474.3525
-33472.2067
-33464.2942
-33464.0707
-33467.1105
-33468.7645
-33472.7879
-33477.3476
-33475.0230
-33485.5731
-33473.5031
-33480.1192
-33476.1630
-33479.1357
-33490.9598
-33485.2601
-33495.7431
-33493.0832
-33491.6304
-33495.4302
-33501.8004
-33500.9734
-33512.3728
-33497.8665
-33496.9054
-33499.3194
-33507.0084
-33496.7489
-33501.9122
-33501.3981
-33502.9404
-33492.9268
-33495.0055
-33497.3524
-33494.1561
-20952.8158
-41911.1525
-41917.4557
-41907.6657
-41911.6219
-41909.4314
-41909.3644
-41899.0379
-41905.0058
-41896.5568
-41890.2984
-41897.4062
-41882.7882
-41884.6210
-41890.0301
-41891.5053
-41893.9193
-41886.8338
-41890.0972
-41896.9815
-41892.4665
-41891.1924
-41888.4879
-41894.2323
-41887.6385
-41893.4499
-41893.6288
-41895.0146
-41899.7531
-41898.8591
-41892.6676
-41894.2770
-41895.7969
-41891.3042
-41891.8406
-41893.4499
-41891.3712
-41893.8746
-41893.5617
-41886.2527
-41892.4888
-41887.7056
-41891.2371
-41880.7542
-41881.8047
-41883.7269
-41893.0476
-41890.5666
-41888.1526
-41880.3295
-41880.4636
-41873.2663
-41878.6754
-41872.9087
-41885.7386
-41891.4383
-41883.1234
-41881.4918
-41890.3207
-41886.7444
-41881.2012
-41882.5870
-41897.2497
-41898.0544
-41898.0544
-41895.9980
-41891.7065
-41887.2809
-41896.5345
-41902.0777
-41895.3051
-41893.3382
-41887.4373
-41890.4995
-41892.3547
-41887.6608
-41895.0146
-41900.7366
-41896.4227
-41889.0020
-41889.8737
-41880.8883
-41878.5637
-41879.3684
-41885.8951
-41880.0613
-41873.7804
-41872.4393
-41878.2955
-41885.5821
-41886.1633
-41886.7221
-41902.0554
-41895.7298
-41888.8455
-41894.7687
-41888.7114
-41886.3868
-41893.0476
-41895.5734
-41891.2148
-41898.6356
-41904.0000
-41895.7298
-41896.8474
-41910.8620
-41918.6404
-41910.1914
-41904.8717
-41905.0729
-41913.0077
-41913.6783
-41916.6287
-41919.8921
-41912.5383
-41912.3148
-41914.0583
-41920.1603
-41920.2273
-41923.5801
-41920.3614
-41924.4071
-41921.1438
-41926.4858
-41915.7793
-41930.0398
-41922.2837
-41926.2623
-41927.4693
-41926.9776
-41923.1331
-41930.7774
-41936.8570
-41939.5392
-41938.9357
-41936.1418
-41941.7074
-41943.9649
-41934.9795
-41948.6588
-41940.2545
-41948.7929
-41952.5480
-41946.3565
-41949.0834
-41957.8453
-41949.9552
-41944.3672
-41883.7269
-41873.2887
-42004.6946
-42005.0746
-41983.5051
-41961.1087
-41955.6325
-41945.5072
-41950.7375
-41939.8969
-41952.7044
-41949.5752
-41958.5606
-41944.6801
-41949.2176
-41947.0718
-41950.8492
-41953.9114
-41949.5305
-41948.1223
-41950.4692
-41958.3147
-41958.3147
-41955.6325
-41951.2739
-41955.1184
-41962.7627
-41961.9357
-41962.6062
-41961.8239
-41964.0815
-41969.1106
-41977.5819
-41974.2292
-41968.3506
-41968.9988
-41960.9299
-41969.5353
-41969.7812
-41977.9619
-41978.5654
-41973.2680
-41973.9609
-41978.7889
-41981.5382
-41982.0523
-41978.4313
-41984.2874
-41974.8997
-41979.6606
-41986.3438
-41987.6178
-41981.8735
-41978.5877
-41978.1854
-41974.0280
-41986.3662
-41989.1154
-41989.5848
-41989.1154
-41983.7510
-41990.7694
-41995.5080
-42009.6120
-41987.2826
-41978.5430
-41980.0183
-41971.2117
-41979.6159
-41973.2010
-41974.7432
-41982.7228
-41976.3302
-41984.8686
-41977.0455
-41987.0367
-41989.2719
-41988.8695
-41989.8754
-41992.3117
-41977.8054
-41987.0591
-41979.7947
-41982.6781
-41979.8618
-41980.3312
-41981.4711
-41976.0843
-41979.3477
-41977.1796
-41812.9613
-41723.0402
-41748.5883
-41807.0381
-41858.1565
-41903.3071
-41922.7978
-41939.5616
-41955.3866
-41958.5159
-41967.9483
-41971.2117
-41978.2748
-41983.5722
-41986.3438
-41979.1465
-41987.8190
-41980.1971
-41988.2213
-41977.7831
-41982.3652
-41988.9143
-41982.2758
-41975.0338
-41983.1251
-41981.7393
-41996.0892
-41998.1679
-41988.9590
-41986.5003
-41983.5945
-41979.8171
-41983.6169
-41979.6606
-41983.0804
-41993.4740
-41969.2671
-41981.9182
-41978.6101
-41982.8122
-41982.4099
-41994.7928
-41983.7733
-41978.6772
-41976.7325
-41983.7286
-41974.2962
-41974.4080
-41981.1135
-41978.6548
-41975.3467
-41977.6043
-41965.7355
-41967.6577
-41970.2282
-41965.7802
-41972.5751
-41968.1271
-41977.5372
-42261.7620
-42375.1300
-42246.3169
-42124.3658
-42048.4816
-42008.7626
-41978.7889
-41967.7919
-41964.2826
-41967.3001
-41964.4391
-41959.3429
-41958.1135
-41953.9114
-41951.6315
-41961.0193
-41955.5207
-41963.0309
-41971.7705
-41970.0047
-41966.6296
-41970.4517
-41974.4303
-41972.2175
-41966.4507
-41961.7122
-41970.9658
-41964.1932
-41978.1631
-41962.0027
-41964.0591
-41970.8317
-41981.4264
-41961.6228
-41954.2243
-41948.6588
-41947.8094
-41949.3740
-41951.5421
-41956.1242
-41963.8132
-41953.8667
-41957.5771
-41951.5868
-41954.0232
-41945.9318
-41950.2457
-41950.3351
-41938.1087
-41943.4061
-41945.2389
-41942.7132
-41944.7472
-41954.8949
-41948.3905
-41952.3021
-41950.2904
-41940.2545
-41937.3041
-41939.9639
-41937.6393
-41940.0086
-41930.9562
-41932.4984
-41926.5752
-41923.2001
-41924.4295
-41938.1981
-41925.9494
-41927.2681
-41930.6656
-41933.7278
-41943.2943
-41938.0193
-41942.6014
-41926.0611
-41933.2361
-41921.8814
-41925.8823
-41925.7929
-41918.1039
-41915.3770
-41933.0796
-41920.0038
-41915.8017
-41914.2818
-41918.8639
-41918.0592
-41921.0097
-41914.1030
-41911.1078
-41917.6792
-41931.6044
-41920.2497
-41924.6530
-41936.6782
-41935.8065
-41937.1923
-41927.4022
-41918.5286
-41917.9922
-41925.5024
-41922.5743
-41929.6821
-41927.3352
-41930.9562
-41920.5179
-41940.8356
-41933.3925
-41939.9863
-41927.2458
-41939.7851
-41935.4936
-41941.8191
-41939.4051
-41940.1204
-41935.5830
-41927.6705
-41933.2808
-41935.5159
-41934.5995
-41945.1495
-41936.0971
-41936.7900
-41939.2934
-41933.5266
-41929.2127
-41928.6092
-41941.5733
-41941.7744
-41939.9416
-41923.3566
-41940.2545
-41931.0903
-41934.4878
-41938.5111
-41933.9290
-41933.2361
-41937.5946
-41935.3371
-41940.6792
-41935.4265
-41930.8668
-41936.6559
-41944.5907
-41947.6529
-41945.1719
-41940.0086
-41934.4207
-41932.9008
-41926.9329
-41924.6530
-41930.2856
-41933.5266
-41916.3828
-41922.1719
-41914.0359
-41919.0874
-41917.0087
-41919.7356
-41907.3304
-41909.2079
-41914.4159
-41917.8357
-41911.9795
-41916.3158
-41919.3333
-41909.5879
-41915.0194
-41923.9601
-41915.9805
-41917.6345
-41914.9076
-41916.8522
-41919.8027
-41923.9377
-41926.9105
-41916.4946
-41923.2448
-41925.2341
-41936.9911
-41917.2099
-41928.0057
-41933.1690
-41941.9309
-41917.9028
-41932.8561
-41915.4888
-41914.3041
-41923.8260
-41927.0670
-41924.8765
-41920.0932
-41921.6355
-41925.6141
-41927.6928
-41929.8609
-41923.5577
-41921.7473
-41921.9037
-41920.2944
-41917.2322
-41911.3760
-41928.6316
-41909.1632
-41911.4208
-41898.4567
-41905.5869
-41904.5364
-41903.9106
-41898.1215
-41901.5413
-41899.7308
-41902.0554
-41901.6754
-41904.0447
-41904.8717
-41917.1204
-41921.3002
-41924.7424
-41900.5355
-41891.4830
-41894.9699
-41895.6404
-41894.1652
-41889.9854
-41888.8008
-41894.1205
-41881.6259
-41887.1691
-41891.8406
-41878.7872
-41885.0010
-41886.1409
-41891.2371
-41893.1370
-41881.8941
-41876.8650
-41887.3479
-41889.4937
-41887.6385
-41883.3917
-41887.9961
-41880.8212
-41885.6045
-41887.5267
-41880.5977
-41867.2761
-41870.8076
-41860.4588
-41874.6074
-41868.0807
-41866.0691
-41871.0535
-41867.3878
-41873.3110
-41872.0146
-41872.8416
-41868.6172
-41867.3655
-41859.9223
-41872.6628
-41858.1789
-41864.2362
-41871.9476
-41866.0691
-41857.7542
-41856.8825
-41850.3334
-41858.5812
-41850.3558
-41857.4189
-41857.4189
-41850.0205
-41850.6017
-41838.3082
-41836.1177
-41841.3480
-41840.4093
-41816.0459
-41634.1474
-41597.4681
-41642.0599
-41698.6992
-41744.5426
-41760.5688
-41780.7301
-41794.0741
-41811.8661
-41826.8641
-41923.3119
-42204.4968
-42141.8002
-42009.2990
-41919.1098
-41866.8961
-41843.8067
-41835.6260
-41836.8330
-41829.0546
-41826.0371
-41830.9768
-41820.8515
-41824.9866
-41819.6445
-41815.8670
-41807.3287
-41813.1401
-41814.2801
-41818.8175
-41819.5998
-41825.9700
-41809.6756
-41823.5337
-41827.8923
-41828.2946
-41834.4860
-41830.1051
-41828.3617
-41830.1275
-41832.9885
-41832.4520
-41830.9992
-41829.4793
-41829.0322
-41827.2888
-41829.4122
-41836.3412
-41838.9117
-41825.6348
-41828.9652
-41832.6756
-41832.7873
-41829.3004
-41832.5191
-41826.3947
-41834.6425
-41829.9486
-41835.1119
-41838.6882
-41836.5201
-41838.9117
-41828.8311
-41828.6299
-41840.6775
-41838.7552
-41836.2071
-41841.4821
-41836.4754
-41833.9496
-41828.1829
-41825.5901
-41831.1109
-41831.3121
-41828.4958
-41824.4278
-41831.0886
-41820.4268
-41822.0808
-41829.8592
-41835.4248
-41838.7776
-41847.5842
-41843.9408
-41835.7154
-41834.9331
-41833.7708
-41829.9263
-41830.3510
-41822.1479
-41830.6415
-41838.1517
-41832.0497
-41841.3033
-41834.6872
-41837.6600
-41836.3412
-41836.3412
-41844.6561
-41844.8126
-41847.7853
-41848.6347
-41858.4695
-41850.9146
-41855.4743
-41851.8310
-41864.6386
-41858.1565
-41861.3752
-41859.2071
-41870.2935
-41865.3091
-41869.8242
-41865.3762
-41865.4432
-41870.6959
-41875.5015
-41880.9553
-41871.4111
-41877.7367
-41887.0797
-41880.1507
-41880.1283
-41886.7891
-41884.5987
-41884.3975
-41876.3732
-41879.3013
-41879.2342
-41883.1905
-41893.0029
-41891.2595
-41878.7872
-41891.1030
-41884.8669
-41889.9631
-41886.7891
-41895.9980
-41893.8523
-41884.6434
-41893.8076
-41899.8649
-41899.1273
-41898.7920
-41914.8853
-41898.1438
-41896.8251
-41890.3654
-41895.8639
-41897.0933
-41897.1827
-41894.6122
-41900.8707
-41898.6803
-41903.9776
-41908.8503
-41903.9329
-41904.4247
-41908.6044
-41901.0495
-41906.7045
-41896.6015
-41898.5014
-41898.6579
-41897.7191
-41900.9378
-41902.6812
-41893.8970
-41892.9135
-41905.6540
-41895.9757
-41896.7133
-41904.1564
-41910.1914
-41900.8037
-41897.1380
-41904.6258
-41908.8056
-41919.7356
-41910.8396
-41906.7939
-41909.2079
-41906.3693
-41917.4781
-41918.5957
-41916.4275
-41916.4275
-41926.9552
-41917.9251
-41917.9475
-41923.2001
-41922.6637
-41913.8571
-41920.2050
-41922.5743
-41926.9776
-41926.5752
-41923.7813
-41910.3702
-41916.8522
-41926.7317
-41918.6627
-41920.9202
-41908.7609
-41913.3207
-41914.2371
-41907.3527
-41894.9028
-41901.6530
-41899.3732
-41898.3673
-41901.1613
-41908.8279
-41895.3051
-41895.3722
-41893.2935
-41899.4402
-41896.2216
-41897.9874
-41884.8222
-41887.1691
-41878.7425
-41884.1963
-41881.6482
-41872.3052
-41872.4393
-41877.0885
-41880.8883
-41875.7250
-41879.8377
-41878.9213
-41885.2692
-41859.5200
-41854.1556
-41842.1527
-41838.7105
-41841.7280
-41850.0429
-41850.3781
-41851.6075
-41840.4540
-41834.7096
-41831.6027
-41831.7815
-41827.3558
-41829.9039
-41819.1751
-41816.0012
-41810.7708
-41805.9652
-41804.9147
-41800.9137
-41811.7096
-41816.7388
-41813.4754
-41808.4910
-41802.0760
-41802.5231
-41806.9711
-41794.9235
-41793.6718
-41793.7388
-41800.4220
-41799.2821
-41789.3355
-41788.6426
-41793.3365
-41800.8243
-41782.5853
-41788.4862
-41777.0868
-41776.7515
-41775.0081
-41780.3725
-41774.9186
-41780.8419
-41776.1256
-41768.8837
-41763.2957
-41764.1675
-41762.6699
-41762.8040
-41750.0188
-41763.0275
-41749.8847
-41745.9508
-41741.4357
-41740.3405
-41747.4707
-41744.2744
-41742.0169
-41744.5203
-41737.8148
-41743.2015
-41740.1170
-41737.7253
-41732.4950
-41733.6573
-41728.8741
-41734.7079
-41751.1140
-41754.5339
-41747.6942
-41747.0907
-41753.8186
-41752.3210
-41741.0558
-41733.2997
-41739.8264
-41726.4377
-41724.5378
-41722.4144
-41729.4328
-41721.9450
-41735.2667
-41728.4494
-41729.1199
-41724.2696
-41740.9663
-41741.3687
-41744.0509
-41743.2686
-41758.4007
-41749.6388
-41748.0742
-41762.3793
-41757.8866
-41757.5737
-41759.9653
-41758.3560
-41753.7963
-41760.2112
-41758.4007
-41763.1616
-41758.5795
-41769.3307
-41761.6864
-41759.9430
-41762.5581
-41771.5882
-41771.4765
-41785.6698
-41781.3783
-41787.5027
-41781.9371
-41786.3180
-41791.8836
-41793.9847
-41791.1013
-41794.9682
-41792.7330
-41798.6562
-41798.5221
-41796.7340
-41802.4336
-41805.2500
-41815.4871
-41804.2665
-41809.8321
-41798.1645
-41819.0186
-41812.7602
-41821.2985
-41818.3257
-41826.7300
-41828.4064
-41829.2781
-41836.0060
-41832.4967
-41837.6823
-41832.3850
-41837.9953
-41840.1634
-41843.1809
-41844.3432
-41854.1332
-41863.0069
-41872.6852
-41850.7805
-41853.0603
-41854.4909
-41859.1177
-41859.2965
-41838.6658
-41797.0245
-41899.9096
-41898.3897
-41891.8630
-41885.4480
-41883.2576
-41872.1934
-41881.3130
-41879.7930
-41887.2138
-41897.3392
-41898.7026
-41895.8639
-41897.3839
-41905.7881
-41908.3809
-41907.7104
-41913.8794
-41915.7570
-41920.7861
-41930.6880
-41924.3401
-41933.3478
-41939.1816
-41946.1777
-41948.1000
-41956.7948
-41952.3691
-41958.2924
-41959.2088
-41969.8035
-41977.4478
-41968.9988
-41970.1835
-41967.6801
-41976.4643
-41973.2233
-41976.4196
-41977.4702
-41981.5605
-41989.7636
-41991.1494
-41995.5080
-42000.9842
-41995.4410
-41997.0950
-42001.4089
-42016.3845
-42006.4380
-42009.5896
-42010.7519
-42016.2728
-42028.0075
-42023.9841
-42012.5847
-42017.0104
-42021.1455
-42013.4565
-42014.9093
-42017.7480
-42013.1882
-42018.1056
-42019.1338
-42031.4049
-42028.7451
-42039.6527
-42042.7149
-42043.9666
-42048.3922
-42040.1668
-42038.0434
-42039.9880
-42039.5857
-42045.0842
-42053.5331
-42041.2844
-42038.0881
-42033.5730
-42044.8383
-42048.6381
-42051.9909
-42050.6051
-42041.4185
-42051.2533
-42055.0754
-42054.8966
-42061.7362
-42064.8208
-42057.9811
-42062.5632
-42073.0686
-42067.4806
-42068.1959
-42073.1803
-42065.7595
-42077.5166
-42073.2027
-42073.2250
-42084.6244
-42090.1677
-42090.1900
-42089.8547
-42088.0666
-42094.2357
-42096.8955
-42096.2920
-42101.2541
-42106.1491
-42104.2940
-42093.0957
-42095.8450
-42107.1326
-42096.4708
-42095.8226
-42096.2026
-42088.9607
-42093.2522
-42090.9500
-42090.9276
-42095.8003
-42101.3882
-42093.2298
-42099.2201
-42104.2269
-42105.0539
-42094.9956
-42100.2259
-42098.4825
-42103.4222
-42100.9635
-42112.0500
-42116.6992
-42102.8411
-42106.1715
-42109.5466
-42103.3105
-42094.0792
-42095.3756
-42101.1424
-42107.3338
-42110.3960
-42112.1618
-42117.7050
-42116.2074
-42110.0831
-42104.1375
-42099.8236
-42103.2881
-42099.9801
-42110.2619
-42112.2288
-42105.0316
-42102.9976
-42104.8080
-42100.8741
-42101.0753
-42100.8294
-42098.6390
-42101.3882
-42097.7002
-42098.8848
-42108.2055
-42100.8741
-42098.9072
-42102.9305
-42107.7808
-42112.4747
-42124.6564
-42107.3114
-42116.5204
-42119.3814
-42115.6486
-42121.0578
-42115.1346
-42117.5485
-42108.4514
-42108.7867
-42108.5184
-42111.9830
-42105.8139
-42114.1734
-42117.2133
-42120.0072
-42108.8090
-42117.2803
-42106.0821
-42118.0179
-42112.8100
-42120.7225
-42117.3250
-42120.9684
-42115.6039
-42106.1939
-42109.3902
-42112.2065
-42111.0889
-42104.4728
-42102.9976
-42110.6642
-42114.1511
-42107.6020
-42107.4456
-42107.3114
-42109.7254
-42101.8129
-42105.1433
-42102.1035
-42099.4436
-42096.5603
-42104.7633
-42102.2376
-42097.5214
-42091.5311
-42082.6798
-42099.1307
-42104.7410
-42103.3552
-42101.2765
-42093.6769
-42090.0335
-42078.7906
-42077.8295
-42091.1511
-42086.6584
-42088.5807
-42072.5768
-42075.5720
-42075.4155
-42072.9345
-42065.5137
-42075.5720
-42069.6264
-42068.2853
-42068.9335
-42074.3650
-42072.8003
-42069.3135
-42077.5166
-42071.6604
-42058.8752
-42068.6876
-42066.8324
-42075.7061
-42082.6351
-42078.9694
-42081.4728
-42082.6798
-42080.0870
-42074.9685
-42080.3999
-42080.2658
-42082.7469
-42084.3786
-42076.9131
-42071.6828
-42074.1638
-42066.8548
-42087.5972
-42091.9334
-42091.6429
-42082.2328
-42088.1783
-42081.2270
-42085.5185
-42083.6409
-42078.9918
-42079.7517
-42080.8917
-42075.5720
-42070.2970
-42075.7508
-42079.0141
-42076.1531
-42075.9519
-42078.0530
-42065.8043
-42075.6390
-42075.0802
-42073.2474
-42059.8810
-42064.0608
-42067.6818
-42059.8363
-42062.2950
-42075.9966
-42076.4884
-42077.6283
-42065.5807
-42073.0686
-42072.8003
-42080.1988
-42070.6099
-42071.0122
-42065.1561
-42067.4136
-42071.0346
-42066.3407
-42067.2348
-42068.8664
-42058.8976
-42059.8587
-42055.8801
-42055.3436
-42068.7100
-42061.5127
-42064.4855
-42059.2999
-42063.5020
-42056.2154
-42064.1949
-42068.8217
-42078.8577
-42074.0520
-42073.6944
-42070.7663
-42071.3698
-42075.2814
-42072.5768
-42073.4038
-42069.8052
-42078.5224
-42070.0511
-42071.0346
-42065.8043
-42072.8451
-42082.2328
-42079.3494
-42075.8402
-42079.6847
-42083.0374
-42081.2493
-42082.8810
-42083.0821
-42079.1035
-42076.0637
-42083.8868
-42087.2172
-42091.6652
-42083.3057
-42091.9781
-42081.2717
-42081.5622
-42078.8353
-42075.7731
-42069.2688
-42069.2911
-42075.0132
-42071.7945
-42075.8625
-42077.4048
-42066.7654
-42078.9024
-42076.7790
-42080.5117
-42073.3144
-42078.5000
-42060.4622
-42066.8324
-42069.6040
-42073.5603
-42066.3854
-42072.0404
-42073.5380
-42084.6691
-42083.6856
-42075.9296
-42062.9432
-42054.0472
-42055.0754
-42057.7353
-42057.8023
-42052.6614
-42054.1366
-42048.8616
-42048.9063
-42066.4748
-42052.2814
-42054.7848
-42055.9695
-42052.9296
-42068.0394
-42073.5603
-42055.9248
-42057.8470
-42065.4019
-42065.6478
-42063.2114
-42057.3553
-42060.1940
-42057.5788
-42063.8820
-42055.0307
-42060.3057
-42073.5603
-42071.3028
-42071.1016
-42069.5817
-42058.1376
-42065.3796
-42071.5934
-42064.8878
-42065.2902
-42063.9938
-42072.8003
-42065.2902
-42064.6196
-42057.8023
-42064.4631
-42061.7809
-42066.8771
-42063.7926
-42062.0492
-42064.1949
-42066.3630
-42059.9034
-42062.1609
-42068.2853
-42069.2911
-42068.5759
-42061.3563
-42064.9772
-42060.9986
-42060.1269
-42058.5623
-42057.0200
-42051.8791
-42042.4914
-42047.0735
-42043.4972
-42041.8879
-42051.9685
-42051.5438
-42045.3077
-42047.6546
-42055.7907
-42053.6896
-42054.4943
-42048.1017
-42056.6400
-42042.5361
-42032.4331
-42031.4273
-42038.1775
-42029.2591
-42031.9637
-42029.7062
-42033.8636
-42033.8636
-42028.2757
-42019.6703
-42016.5187
-42016.0046
-42011.3107
-42014.3282
-42010.0590
-42020.9890
-42022.5983
-42022.5536
-42016.6751
-42016.1387
-42010.7743
-42021.1231
-42014.4846
-42017.0551
-42017.3457
-42005.6781
-42010.1708
-42010.2378
-42011.9813
-42020.4302
-42018.9550
-42011.1095
-42008.0473
-42010.5731
-42007.4662
-42016.6975
-42021.7043
-42009.3884
-42005.0522
-42007.8238
-42009.3437
-42005.4322
-42015.6246
-42001.4983
-41996.7150
-41993.9657
-41993.1387
-42000.0007
-41991.4400
-41987.9308
-41986.4109
-41994.1446
-41994.3457
-41986.8579
-41985.4274
-41985.5168
-41991.8200
-41991.7529
-41997.1173
-42002.7947
-41987.6849
-41982.8346
-41973.6480
-41984.6674
-41992.3341
-42004.0240
-41985.4721
-41987.9531
-41985.7180
-41979.0795
-41987.5731
-41991.3059
-41988.8695
-41988.5566
-41983.9745
-41968.4848
-41967.5236
-41966.3390
-41963.2321
-41975.8161
-41961.6228
-41971.4128
-41968.1718
-41975.2350
-41974.5421
-41968.1718
-41964.9308
-41964.6403
-41963.4780
-41966.3390
-41969.7141
-41980.3535
-41985.5168
-41976.5314
-41981.6723
-41983.1028
-41995.4633
-41992.9152
-41978.3866
-41989.8977
-41989.0707
-41977.0008
-41982.9687
-41986.0532
-41989.4507
-41993.3846
-41987.6178
-41983.4604
-41988.6684
-41984.0863
-41981.6276
-41985.3380
-41989.3836
-41988.7354
-41980.6218
-41990.1212
-41986.5003
-41985.1592
-41987.5955
-41999.1066
-41990.4565
-41997.3185
-41987.5955
-41998.1455
-41990.3448
-41990.5683
-41990.1212
-41990.9036
-41983.2146
-41985.6285
-41986.7908
-41985.0921
-41985.7627
-41975.4585
-41976.5984
-41968.7977
-41975.7714
-41979.9959
-41981.4041
-41983.9075
-41989.3389
-41982.2087
-41983.6392
-41986.6567
-41983.8628
-41985.5838
-41979.0795
-41983.4828
-41974.8997
-41985.5838
-41983.2146
-41973.6480
-41984.3545
-41986.0979
-41985.5168
-41985.0921
-41988.9143
-41990.8141
-41997.6091
-41999.5984
-42000.3360
-41999.1961
-41998.3467
-41997.5197
-41995.1057
-41996.9609
-41992.5129
-41993.6305
-41987.6402
-41995.5527
-41996.3574
-41996.4915
-41997.8773
-42001.1183
-42005.8569
-42005.7675
-41999.8219
-42003.2641
-42001.8336
-41999.0619
-42005.8792
-42003.0182
-41996.6480
-41995.7986
-42005.4992
-41999.5537
-42000.3136
-41995.6198
-41998.9502
-42004.2252
-42002.6606
-41999.9560
-41996.7821
-41993.5187
-41996.3797
-41993.9881
-42001.9230
-41996.8491
-41983.7733
-41986.0532
-41983.8181
-41987.5955
-41993.3622
-41992.3788
-41988.3778
-41976.7102
-41984.1980
-41968.4401
-41962.1145
-41953.6208
-41965.3108
-41971.2340
-41959.1194
-41971.4799
-41974.0950
-41976.3973
-41980.9794
-41976.4420
-41971.7928
-41959.9687
-41956.6830
-41959.3652
-41949.2623
-41955.1631
-41946.3789
-41950.4692
-41938.3546
-41934.0184
-41924.4518
-41916.4052
-41923.6025
-41932.2973
-41921.1885
-41913.9689
-41914.7959
-41911.4655
-41911.5996
-41909.9455
-41911.6219
-41904.5364
-41905.4752
-41904.1564
-41916.8299
-41903.3965
-41901.2954
-41896.1992
-41898.5461
-41889.7619
-41901.7872
-41892.0865
-41888.2196
-41883.0787
-41882.2517
-41876.6414
-41880.2177
-41874.0263
-41877.8261
-41872.4617
-41870.9194
-41879.4131
-41874.0486
-41867.8572
-41862.4257
-41857.0166
-41857.1731
-41850.8028
-41853.4627
-41851.9428
-41853.4850
-41854.7367
-41845.0137
-41844.3208
-41842.6668
-41848.6571
-41835.8495
-41830.1051
-41823.3102
-41822.8855
-41818.4598
-41823.7349
-41827.2888
-41828.4734
-41817.8563
-41826.5288
-41821.6785
-41833.3685
-41829.2781
-41834.4190
-41834.4860
-41824.1148
-41819.5998
-41811.4861
-41809.9662
-41810.2568
-41817.4764
-41803.9759
-41815.6212
-41810.2791
-41822.8631
-41817.7222
-41823.4219
-41816.1129
-41818.5046
-41813.4978
-41827.3111
-41807.0158
-41810.6591
-41823.5784
-41817.5881
-41822.9525
-41820.8738
-41830.0381
-41820.7621
-41822.1702
-41829.1887
-41833.7708
-41826.7970
-41834.5755
-41838.0176
-41856.2790
-41841.2363
-41848.7018
-41838.8893
-41841.5268
-41834.1955
-41842.5327
-41844.4996
-41845.9525
-41848.8582
-41853.3062
-41852.9933
-41853.0380
-41860.2353
-41869.2654
-41867.4549
-41864.8621
-41863.4763
-41879.2119
-41875.4568
-41875.8591
-41877.8261
-41877.2673
-41879.9942
-41880.8436
-41890.6560
-41885.4480
-41886.0962
-41887.5267
-41890.9466
-41878.2508
-41891.1030
-41897.9650
-41905.9222
-41900.6025
-41909.7444
-41906.2128
-41908.7162
-41912.7395
-41923.8036
-41931.3809
-41930.7774
-41934.9795
-41929.2127
-41932.0738
-41928.2963
-41931.8279
-41929.4810
-41936.7229
-41943.0485
-41954.3137
-41934.4207
-41949.6422
-41947.7870
-41952.0115
-41944.8143
-41949.8881
-41953.8444
-41965.2214
-41964.0144
-41976.5761
-41968.6412
-41975.7714
-41979.2583
-41987.1261
-41982.3205
-41979.7500
-41980.4206
-41990.8812
-41999.1513
-41992.0211
-41997.3185
-42005.9686
-42016.9433
-42005.8569
-42013.3894
-42014.3058
-42014.9987
-42016.0493
-42026.1299
-42032.6119
-42033.5283
-42030.8461
-42036.3894
-42035.2271
-42047.0958
-42041.8655
-42054.1366
-42050.4710
-42058.1823
-42064.4855
-42062.3844
-42075.6614
-42070.4087
-42078.5000
-42075.7284
-42084.1327
-42081.9199
-42089.4300
-42087.0384
-42094.8168
-42088.3572
-42095.4650
-42094.1686
-42090.9947
-42094.3474
-42098.3484
-42102.5952
-42108.2279
-42113.7711
-42127.6739
-42125.9304
-42140.0791
-42131.2055
-42138.7156
-42128.2327
-42131.2725
-42129.3503
-42129.0150
-42135.4746
-42142.4484
-42146.8740
-42143.4319
-42142.6272
-42152.5067
-42155.3006
-42156.0606
-42167.5494
-42165.7836
-42171.2821
-42169.3152
-42172.5338
-42165.1354
-42170.8127
-42173.1373
-42183.0168
-42182.0557
-42188.7388
-42190.5940
-42188.4483
-42194.1033
-42190.8399
-42201.0323
-42192.3151
-42209.7495
-42213.6834
-42203.0216
-42204.3627
-42209.1907
-42207.6261
-42208.6319
-42207.6261
-42212.2305
-42218.6008
-42216.9915
-42219.9419
-42221.4618
-42218.2208
-42224.5910
-42221.9759
-42229.5755
-42214.9798
-42218.9361
-42217.6173
-42219.0925
-42226.7368
-42221.9088
-42221.5959
-42231.0954
-42227.0497
-42225.3287
-42210.9788
-42220.4560
-42219.9195
-42223.2499
-42216.7679
-42219.5395
-42228.5920
-42221.1265
-42216.1197
-42217.9973
-42226.9827
-42227.1838
-42234.2023
-42233.1518
-42240.7290
-42236.9069
-42230.6260
-42224.4569
-42230.1566
-42223.5182
-42228.0556
-42221.9535
-42220.1877
-42221.2383
-42228.8155
-42221.3500
-42206.6873
-42209.3472
-42219.3160
-42221.6853
-42219.0925
-42222.3112
-42223.6970
-42237.6445
-42222.2218
-42224.6581
-42217.6397
-42222.1994
-42218.6678
-42222.1100
-42219.8078
-42221.1265
-42217.1926
-42220.4113
-42219.2490
-42228.4355
-42231.8330
-42242.8301
-42233.5988
-42231.6765
-42220.7465
-42229.1955
-42240.5278
-42243.7018
-42246.1605
-42230.0002
-42228.4355
-42230.5590
-42236.7727
-42236.9069
-42238.0468
-42221.1936
-42222.4453
-42216.5668
-42223.8087
-42229.0614
-42228.5697
-42221.6853
-42224.9263
-42219.9195
-42219.2043
-42230.0672
-42225.7086
-42227.1615
-42216.8573
-42205.3909
-42213.5046
-42206.5755
-42203.8710
-42207.6931
-42208.6766
-42216.0303
-42213.3258
-42209.7048
-42213.1470
-42218.5784
-42216.6338
-42224.2781
-42208.7213
-42206.4191
-42194.3044
-42189.6106
-42192.2481
-42195.4220
-42177.7641
-42179.2170
-42177.6971
-42177.6524
-42175.1043
-42177.8982
-42182.5474
-42169.2705
-42176.4454
-42185.0508
-42187.4424
-42176.4901
-42180.8934
-42180.0217
-42187.1072
-42185.8108
-42193.7680
-42181.3181
-42183.3744
-42189.5882
-42199.2218
-42175.9313
-42196.9196
-42183.5085
-42184.1344
-42175.4619
-42177.3842
-42190.1023
-42181.5863
-42178.1888
-42177.8535
-42172.2433
-42177.2500
-42188.1130
-42193.5445
-42194.7068
-42175.9760
-42170.5892
-42169.6281
-42170.7010
-42177.8312
-42169.6058
-42175.3725
-42171.4833
-42169.3152
-42179.1947
-42182.0110
-42176.4007
-42183.1286
-42187.6883
-42182.1674
-42171.6845
-42176.4007
-42166.0295
-42161.6709
-42163.8614
-42161.8944
-42172.5338
-42166.5659
-42159.8604
-42153.4901
-42145.8682
-42146.8517
-42148.6845
-42163.7943
-42168.3541
-42167.1471
-42151.0985
-42147.9022
-42147.0081
-42140.4367
-42136.1899
-42140.0567
-42138.3804
-42135.3182
-42124.7905
-42129.0150
-42130.4678
-42140.0120
-42136.4358
-42134.8264
-42132.1442
-42122.1306
-42128.4785
-42135.9440
-42138.8945
-42122.3318
-42123.4941
-42119.5155
-42123.5388
-42125.3940
-42129.5961
-42125.4611
-42128.2103
-42125.2822
-42127.0480
-42119.9402
-42125.5728
-42122.8683
-42122.7341
-42121.8401
-42130.1996
-42117.8391
-42119.1132
-42116.2298
-42117.2356
-42111.1559
-42112.0277
-42115.6263
-42120.2755
-42108.0043
-42106.9538
-42110.4630
-42103.6011
-42108.6525
-42114.4193
-42102.7740
-42099.0636
-42100.2706
-42097.1861
-42100.1589
-42092.3358
-42107.9820
-42099.3319
-42106.7079
-42097.7896
-42094.8839
-42086.7031
-42088.2007
-42087.1502
-42095.1521
-42097.2308
-42092.4028
-42085.4291
-42073.1803
-42072.8674
-42077.5166
-42083.7080
-42087.1502
-42086.1443
-42081.8752
-42071.6157
-42061.6021
-42077.3601
-42065.3796
-42069.2017
-42053.8014
-42057.5788
-42055.5672
-42049.9122
-42043.5866
-42054.0249
-42047.2747
-42040.9938
-42040.1221
-42040.4350
-42036.3894
-42047.9452
-42052.1473
-42044.4360
-42040.5915
-42041.6644
-42047.7887
-42047.2076
-42055.3660
-42030.6897
-42040.4127
-42042.5137
-42039.2057
-42025.7276
-42037.7528
-42035.3835
-42048.9734
-42039.0492
-42033.8189
-42027.4934
-42033.4836
-42034.3777
-42037.7305
-42035.2271
-42046.4923
-42036.7693
-42034.6683
-42028.7004
-42032.0308
-42024.4759
-42025.8170
-42027.7169
-42022.3078
-42033.3942
-42021.2572
-42019.1115
-42018.7315
-42019.0220
-42010.8860
-42022.8218
-42026.4875
-42024.6994
-42017.5915
-42017.5021
-42013.9259
-42013.6353
-42011.9589
-42010.4837
-42010.1708
-42017.3904
-42005.5439
-42010.2825
-42013.3671
-42008.8073
-42015.7363
-42027.7169
-42023.7830
-42017.1445
-42005.3651
-42000.7383
-41998.3914
-42000.2913
-42004.5828
-41992.8258
-41993.0940
-41996.4915
-42003.9570
-42001.0736
-42006.7956
-41999.1961
-42003.6888
-42003.7335
-42007.1980
-42014.3282
-42003.2864
-42008.1368
-42004.1134
-42006.3933
-42004.8063
-42002.8394
-42016.1163
-42018.0609
-42016.2504
-42015.9822
-42013.3224
-42015.6469
-42018.9773
-42020.1843
-42014.7752
-42020.5420
-42025.5041
-42034.4448
-42024.2524
-42025.6382
-42022.9560
-42028.1416
-42026.8899
-42032.6343
-42026.7110
-42027.4934
-42025.3029
-42021.9725
-42018.0833
-42019.5361
-42012.3836
-42025.9958
-42036.0988
-42029.4603
-42027.3593
-42029.9297
-42025.3029
-42031.8072
-42048.4369
-42042.1114
-42046.5370
-42044.8607
-42032.5225
-42037.2611
-42045.4195
-42041.1279
-42038.8480
-42031.6061
-42025.3699
-42019.0220
-42028.5439
-42033.2154
-42032.7237
-42036.4564
-42041.7091
-42044.2125
-42037.1270
-42029.4827
-42023.7159
-42024.8335
-42027.6498
-42021.0784
-42031.1814
-42032.0084
-42033.1707
-42028.0969
-42018.5527
-42022.6654
-42012.5177
-42022.4642
-42021.9948
-42026.8005
-42023.4700
-42017.5692
-42016.6081
-42012.5177
-42014.3729
-42018.9550
-42019.6703
-42027.5381
-42024.8335
-42021.8607
-42023.9171
-42030.0191
-42035.0483
-42020.5420
-42032.5002
-42024.1853
-42026.8228
-42016.8092
-42016.6081
-42008.6955
-42018.0609
-42017.5245
-42015.8928
-42009.9472
-42018.6868
-42014.2835
-42013.4788
-42004.3370
-42010.3049
-42007.0415
-42012.6742
-42018.3291
-42004.5605
-42009.3214
-42007.8462
-42010.3049
-42009.2096
-42012.1824
-42013.1435
-42010.7966
-42009.8355
-42007.7121
-42000.6713
-42010.0814
-42006.7509
-42013.6800
-42007.0192
-42001.3195
-41998.2349
-42010.3943
-41992.4458
-41996.4244
-41988.5119
-41997.3185
-42000.9171
-42003.5099
-42004.4040
-42007.3544
-42004.8287
-42004.5605
-42000.4701
-41992.8705
-41991.6635
-41988.6237
-41994.7257
-41993.0940
-41985.7627
-41992.1105
-41996.4915
-41984.8686
-41986.7014
-41988.2884
-41999.0396
-42000.6713
-41999.5760
-41990.7247
-41999.2855
-41991.4176
-42001.9453
-41999.1737
-42024.1630
-42001.0736
-42001.2971
-42004.0240
-42012.4953
-42012.4953
-42011.6013
-42018.2397
-42018.1503
-42025.5488
-42022.6877
-42026.5322
-42012.5847
-42021.6819
-42026.1746
-42033.1260
-42018.0386
-42022.4642
-42023.4253
-42036.8364
-42032.2096
-42026.6216
-42025.9064
-42030.1085
-42029.7956
-42037.1717
-42033.7071
-42028.1639
-42026.3758
-42033.2378
-42040.1221
-42042.9608
-42038.6469
-42045.0842
-42042.4243
-42046.5370
-42051.7450
-42054.1590
-42058.9423
-42053.8014
-42055.6566
-42057.9141
-42061.2892
-42063.9491
-42053.1308
-42058.2717
-42063.3232
-42050.7168
-42061.8033
-42058.8529
-42065.8713
-42067.5700
-42067.3912
-42056.1930
-42058.2941
-42055.1201
-42063.4126
-42066.6313
-42068.5982
-42055.9918
-42053.6226
-42065.2455
-42064.9549
-42063.7479
-42072.8227
-42083.1939
-42069.9840
-42067.3689
-42065.4913
-42064.5526
-42078.2095
-42084.6468
-42081.5622
-42087.8654
-42087.2396
-42091.2629
-42092.6263
-42093.2969
-42088.0666
-42097.3873
-42098.2813
-42111.9383
-42105.7021
-42106.9762
-42098.8178
-42090.5923
-42113.8829
-42113.5476
-42124.1870
-42123.2482
-42134.0218
-42128.9032
-42128.5903
-42141.4649
-42141.0849
-42136.8604
-42141.0849
-42137.6204
-42146.0470
-42128.6127
-42136.2569
-42142.0237
-42136.2793
-42139.2744
-42143.0519
-42138.5145
-42144.4600
-42139.8109
-42145.0188
-42141.1073
-42133.5300
-42136.3017
-42135.0500
-42144.2365
-42147.3658
-42150.0703
-42144.8624
-42146.4717
-42147.0081
-42151.7467
-42149.2657
-42159.0334
-42162.1403
-42161.1791
-42167.3482
-42159.9945
-42150.6738
-42150.9197
-42155.1442
-42155.4347
-42152.7302
-42160.8886
-42155.9488
-42157.0217
-42159.5475
-42159.6145
-42158.8322
-42158.0946
-42157.5135
-42163.2802
-42167.8400
-42163.3920
-42152.8643
-42147.9246
-42151.5008
-42161.6709
-42170.3434
-42166.3647
-42172.1762
-42156.9994
-42171.2598
-42167.8176
-42170.6116
-42173.8526
-42178.4123
-42180.7816
-42181.2063
-42173.1820
-42170.4551
-42178.0100
-42181.7427
-42178.8594
-42191.0411
-42193.2092
-42194.3044
-42199.6688
-42192.3151
-42187.7777
-42189.9682
-42190.9293
-42191.5552
-42195.3326
-42182.3686
-42185.5872
-42176.7360
-42185.0732
-42186.1460
-42195.6455
-42199.9818
-42199.4006
-42195.9361
-42196.2043
-42192.3151
-42192.2928
-42191.2646
-42184.5144
-42186.9284
-42181.3181
-42183.8885
-42180.9157
-42191.7340
-42184.6485
-42190.9293
-42195.5785
-42201.1664
-42206.1956
-42213.7728
-42206.2179
-42203.4016
-42194.8856
-42191.5552
-42186.3696
-42184.4250
-42181.6980
-42192.3822
-42181.2510
-42192.1810
-42188.3365
-42182.2345
-42185.3637
-42180.8934
-42181.2510
-42190.1023
-42186.1907
-42181.5863
-42182.9497
-42184.8720
-42180.0440
-42176.8701
-42176.8924
-42177.8312
-42186.9284
-42179.7311
-42183.6650
-42181.5192
-42193.2986
-42188.9847
-42188.0683
-42181.2063
-42181.1616
-42181.8992
-42184.9614
-42182.0557
-42192.7175
-42188.0906
-42184.3579
-42186.5037
-42172.0644
-42184.8943
-42184.0897
-42188.2248
-42190.4152
-42184.2238
-42184.9838
-42188.8730
-42180.5805
-42185.7884
-42178.9488
-42181.0275
-42175.8642
-42189.7894
-42179.9323
-42180.8710
-42189.2082
-42187.2860
-42196.0255
-42184.4473
-42177.2948
-42184.4250
-42189.5212
-42180.9604
-42177.2500
-42168.7340
-42180.8934
-42189.7000
-42192.1363
-42196.9419
-42186.9954
-42196.0479
-42190.4152
-42185.2073
-42183.3744
-42176.2666
-42172.8691
-42185.2520
-42182.2345
-42169.0917
-42180.1781
-42173.8302
-42173.8079
-42164.2190
-42181.3404
-42176.2666
-42172.1091
-42162.0062
-42176.5795
-42188.7835
-42179.8876
-42169.7622
-42169.8069
-42183.8438
-42172.0868
-42184.9838
-42173.2044
-42177.1606
-42170.5222
-42173.8079
-42169.5834
-42177.0042
-42174.1879
-42182.4804
-42170.1198
-42168.9352
-42169.9187
-42164.9789
-42162.1179
-42161.4250
-42158.3181
-42161.2015
-42162.1179
-42151.0091
-42153.9372
-42140.5708
-42143.4095
-42132.3677
-42131.0043
-42127.0927
-42136.2346
-42131.4960
-42125.5952
-42126.6681
-42120.6778
-42113.3464
-42120.5213
-42112.4970
-42104.1598
-42101.8129
-42109.7254
-42101.7682
-42106.9985
-42109.0325
-42095.3756
-42094.7274
-42087.1278
-42083.6856
-42089.4524
-42097.8343
-42093.4981
-42094.0569
-42085.2056
-42072.2639
-42062.8091
-42061.6692
-42049.6663
-42058.8082
-42059.0540
-42032.5896
-42040.3009
-42033.6848
-42029.1027
-42040.2786
-42033.6848
-42026.1523
-42027.2251
-42032.5225
-42027.8733
-42037.5516
-42034.7130
-42040.1444
-42028.2310
-42032.0755
-42023.3583
-42038.4904
-42034.0424
-42027.0016
-42026.5769
-42025.9287
-42023.6712
-42013.6800
-42017.6362
-42016.1387
-42014.2611
-42010.5060
-42018.5303
-42015.5575
-42010.6848
-42007.9356
-42023.7830
-42001.3865
-42007.4885
-42010.3496
-42000.6042
-42006.6615
-42003.0629
-42005.9910
-42007.7791
-42008.6955
-42001.5206
-41999.5760
-41995.9327
-41997.6761
-41996.8938
-41997.8549
-41991.3059
-41995.1727
-41996.3797
-42000.6042
-41988.9366
-41992.9599
-41994.0328
-41995.1057
-41994.2116
-41999.9560
-41995.7092
-42001.9900
-42001.5430
-42015.7587
-42015.1105
-42005.6781
-41998.8831
-42002.4147
-41994.3234
-41991.8200
-41988.5343
-41986.9249
-41994.8375
-41992.4458
-41990.2107
-41996.2903
-42005.0075
-42003.1970
-42006.3039
-41995.5527
-42009.9696
-42006.1251
-42017.1892
-42015.8034
-42008.5838
-42005.9016
-42014.8870
-42016.1610
-42028.3651
-42031.4943
-42034.4671
-42025.9511
-42028.6109
-42034.0871
-42033.9754
-42031.3155
-42032.2543
-42029.2591
-42033.7518
-42038.0881
-42043.5419
-42046.5818
-42044.5924
-42047.5205
-42042.2902
-42046.3135
-42047.4535
-42055.2319
-42053.1085
-42057.8917
-42050.0239
-42063.4573
-42055.7460
-42055.4107
-42057.3329
-42066.8771
-42062.1833
-42061.0880
-42066.0948
-42073.1356
-42067.2571
-42066.0054
-42066.3854
-42064.5526
-42069.8946
-42066.6536
-42073.2474
-42070.6546
-42076.1755
-42078.1648
-42078.4777
-42097.0520
-42096.2250
-42092.8499
-42096.2697
-42091.3523
-42087.7090
-42091.3299
-42087.2172
-42086.8819
-42089.1395
-42092.6040
-42089.5865
-42097.2755
-42100.6953
-42105.3221
-42111.6253
-42106.7750
-42108.4067
-42109.9489
-42105.9927
-42115.6933
-42120.2755
-42117.7721
-42118.4203
-42118.8673
-42123.4047
-42134.6923
-42135.8770
-42136.6146
-42141.9119
-42142.4260
-42144.3036
-42150.3833
-42147.8575
-42149.5115
-42146.6952
-42152.7972
-42150.8973
-42159.3463
-42156.5523
-42160.9333
-42166.4095
-42159.8380
-42172.3550
-42166.2753
-42174.6572
-42164.0849
-42173.2938
-42166.0071
-42171.7739
-42169.6728
-42172.9585
-42175.8419
-42167.9070
-42164.6884
-42181.7875
-42176.7136
-42172.6679
-42173.6961
-42184.5814
-42175.8642
-42181.9216
-42191.3540
-42188.4483
-42190.3705
-42188.4259
-42192.4716
-42204.7650
-42197.9925
-42198.3501
-42201.2558
-42207.5814
-42204.6756
-42196.6737
-42201.7476
-42192.9633
-42195.1985
-42201.7476
-42192.6504
-42193.3880
-42206.5755
-42212.1411
-42205.6815
-42210.0177
-42202.3958
-42203.8486
-42211.5823
-42218.6455
-42216.5891
-42211.0682
-42210.4871
-42209.1460
-42219.9866
-42211.9400
-42222.1771
-42226.0886
-42223.4735
-42219.7407
-42226.3345
-42232.0118
-42224.9934
-42231.5201
-42228.9720
-42228.7038
-42222.5347
-42231.2742
-42227.9438
-42223.9428
-42219.0925
-42224.4793
-42227.9662
-42220.4560
-42213.0352
-42195.7126
-42183.9556
-42179.6193
-42154.3842
-42150.7409
-42150.1374
-42151.4114
-42165.9624
-42162.5202
-42164.4872
-42166.0742
-42178.0547
-42181.0275
-42188.3589
-42182.6592
-42183.3968
-42184.2685
-42211.9400
-42203.6251
-42197.2102
-42202.0828
-42207.1343
-42200.9652
-42207.8719
-42213.0352
-42209.0789
-42220.2995
-42224.6357
-42220.9030
-42205.1450
-42208.9672
-42214.5775
-42211.1576
-42213.2811
-42210.3753
-42216.6115
-42216.2315
-42213.3258
-42220.5007
-42217.6397
-42215.9856
-42203.1334
-42203.7145
-42210.3530
-42217.4832
-42227.0274
-42213.8399
-42204.0274
-42207.4473
-42211.2471
-42218.3326
-42209.5930
-42207.8272
-42204.3180
-42214.3763
-42219.5619
-42214.5998
-42211.6494
-42217.7514
-42212.6329
-42204.1168
-42218.9584
-42208.4978
-42217.5279
-42211.7164
-42212.7223
-42209.9954
-42223.3840
-42212.2082
-42215.4045
-42220.4336
-42219.3160
-42219.5395
-42223.4958
-42215.6280
-42209.1683
-42212.0517
-42215.6727
-42215.8292
-42214.1304
-42211.3365
-42204.3180
-42211.6270
-42213.3258
-42213.3705
-42207.3355
-42205.4356
-42197.4560
-42203.2228
-42197.7242
-42204.5862
-42199.6688
-42198.0595
-42195.9138
-42202.7087
-42204.6309
-42204.8992
-42205.6591
-42204.1615
-42193.0974
-42187.2413
-42185.2743
-42185.6767
-42184.6038
-42175.3278
-42176.2666
-42179.3288
-42187.1295
-42176.4454
-42181.5192
-42169.2928
-42173.8526
-42170.2540
-42179.9770
-42175.0819
-42173.1150
-42169.2705
-42165.8730
-42173.0032
-42166.8341
-42163.7272
-42171.5727
-42175.1043
-42168.8458
-42163.3696
-42167.2588
-42170.1869
-42173.8302
-42168.4435
-42167.9741
-42167.8847
-42164.2637
-42162.4308
-42161.7603
-42162.6320
-42156.1947
-42162.4755
-42146.4046
-42155.1665
-42159.9722
-42136.3017
-42131.6748
-42128.1433
-42122.7788
-42122.2648
-42119.1579
-42111.5583
-42128.1209
-42129.8644
-42118.9791
-42116.9897
-42111.5136
-42108.4290
-42115.3134
-42110.7536
-42107.9373
-42100.3377
-42099.4436
-42099.6224
-42088.8489
-42085.7420
-42089.2065
-42086.9714
-42086.0773
-42081.1823
-42078.6342
-42083.3951
-42085.6973
-42092.1346
-42072.4427
-42063.2785
-42057.8470
-42051.2086
-42060.7081
-42048.7499
-42058.7858
-42053.0861
-42043.8101
-42046.0677
-42044.0113
-42046.1347
-42041.7538
-42051.1415
-42044.8830
-42043.4078
-42030.7344
-42038.4234
-42037.7528
-42035.4729
-42027.6498
-42024.1853
-42033.7518
-42034.0648
-42034.1095
-42034.4000
-42041.8655
-42046.5147
-42027.7616
-42034.4000
-42037.1270
-42033.9977
-42031.2485
-42044.3242
-42024.6323
-42033.2378
-42035.2271
-42044.2125
-42037.0823
-42041.2844
-42040.9938
-42040.8374
-42037.4175
-42028.6780
-42030.6003
-42037.9316
-42044.4136
-42029.2144
-42032.4331
-42024.6547
-42035.5623
-42023.3806
-42036.2999
-42032.8578
-42029.2591
-42035.1824
-42036.0541
-42037.0376
-42036.4788
-42030.5555
-42031.0026
-42032.9472
-42033.6848
-42037.9093
-42036.3670
-42037.8422
-42031.1367
-42042.6031
-42038.3116
-42048.7275
-42045.6653
-42037.0599
-42038.0881
-42046.6935
-42035.2718
-42038.2446
-42045.3748
-42043.9442
-42050.6721
-42044.7266
-42040.7926
-42040.0550
-42048.5264
-42041.7761
-42046.6265
-42054.8966
-42050.5157
-42052.2814
-42054.3602
-42048.6828
-42050.5604
-42050.1804
-42059.5458
-42060.9092
-42059.9928
-42061.7586
-42063.2114
-42061.7362
-42065.4913
-42069.5146
-42078.6118
-42066.8101
-42069.1794
-42075.4826
-42082.0540
-42072.5992
-42077.8742
-42082.4787
-42075.1473
-42079.3941
-42081.2940
-42086.8596
-42084.1997
-42083.5292
-42080.9587
-42085.4738
-42086.7031
-42098.2813
-42086.4349
-42091.8440
-42095.1297
-42100.7177
-42112.0947
-42098.6837
-42100.4495
-42101.8800
-42104.8304
-42100.3824
-42107.5126
-42115.5369
-42106.4174
-42109.0996
-42105.1210
-42111.7147
-42111.8935
-42115.5369
-42120.5213
-42134.5135
-42137.1510
-42137.3075
-42134.3347
-42128.7915
-42129.7302
-42131.8984
-42133.2171
-42121.5271
-42126.8469
-42124.6564
-42138.3580
-42130.7361
-42116.1851
-42122.7565
-42133.1054
-42123.6506
-42128.9926
-42142.7390
-42133.8877
-42128.5232
-42133.3959
-42132.7254
-42141.0179
-42145.2871
-42135.5417
-42138.0898
-42147.2093
-42156.1500
-42140.1909
-42152.6631
-42155.5018
-42157.9828
-42158.9216
-42167.1247
-42167.7282
-42160.9109
-42153.1549
-42153.3560
-42168.8681
-42170.7457
-42167.3929
-42174.3667
-42176.3560
-42173.1150
-42160.4639
-42169.7846
-42161.3580
-42162.6320
-42166.3871
-42171.7292
-42174.7914
-42169.0917
-42168.4658
-42166.1412
-42168.1529
-42165.9177
-42173.2044
-42183.9779
-42178.8147
-42169.4940
-42188.2471
-42165.3142
-42167.0353
-42161.9391
-42169.7846
-42167.0800
-42167.7729
-42172.6903
-42176.4901
-42174.7690
-42177.9877
-42178.2559
-42180.1334
-42167.2588
-42161.0003
-42171.4386
-42176.3336
-42159.3463
-42158.0723
-42153.7360
-42151.6349
-42153.3784
-42152.5067
-42161.2015
-42152.5067
-42153.7137
-42140.5261
-42142.5378
-42141.9566
-42152.9761
-42143.4766
-42147.9916
-42141.3531
-42142.7613
-42146.2258
-42133.1501
-42137.0169
-42129.9314
-42141.8002
-42133.7089
-42141.3308
-42138.1121
-42129.5067
-42132.6807
-42127.9868
-42124.8799
-42127.8303
-42132.2336
-42142.8731
-42131.1831
-42131.1831
-42124.5446
-42115.9392
-42112.3629
-42120.1860
-42111.0665
-42108.5184
-42098.8178
-42093.3640
-42091.1735
-42090.3241
-42088.5807
-42091.5758
-42086.2561
-42078.7906
-42083.1939
-42084.7362
-42089.8994
-42073.6497
-42077.0025
-42072.7333
-42073.1133
-42062.7421
-42064.3514
-42061.4457
-42056.3718
-42050.4039
-42053.0638
-42049.4875
-42048.5711
-42038.3340
-42045.7324
-42043.8772
-42047.2076
-42043.7878
-42042.0667
-42043.0949
-42035.1153
-42026.5546
-42027.5381
-42024.5429
-42024.7664
-42024.9676
-42025.5935
-42018.1727
-42021.0114
-42016.2951
-42012.5177
-42022.0619
-42021.0114
-42018.3291
-42010.9754
-42013.1882
-42010.5731
-42007.4215
-41996.2009
-41994.1446
-41996.9609
-42009.4555
-42007.4662
-42001.9677
-41998.0561
-41994.0104
-42006.0133
-42009.4332
-42006.1474
-42006.2816
-42003.3088
-42011.1095
-42002.0347
-41999.9113
-42009.6790
-42012.6295
-42005.3428
-42003.9570
-42005.6334
-42006.2369
-41997.1844
-41991.8870
-41974.8774
-41945.3731
-41930.3527
-41916.8075
-41916.9640
-41909.3644
-41919.1768
-41924.4965
-41933.9737
-41943.8531
-41950.5810
-41950.8492
-41957.5548
-41961.1087
-41961.4216
-41976.7325
-41972.3069
-41977.5149
-41992.6917
-41988.4672
-41991.5071
-41986.4556
-41995.8209
-41996.8268
-42005.1416
-42024.4535
-42028.7674
-42032.9919
-42024.0735
-42018.1950
-42017.2786
-42009.1202
-42023.3583
-42029.2368
-42015.4905
-42021.5478
-42030.1532
-42027.2251
-42027.6945
-42038.6245
-42031.6508
-42044.2348
-42045.3524
-42042.8043
-42043.2737
-42041.8879
-42052.4826
-42052.8626
-42055.5001
-42052.6838
-42064.9549
-42058.4505
-42056.3048
-42061.2892
-42066.5866
-42066.7207
-42066.4077
-42073.5380
-42071.3251
-42074.3873
-42075.7061
-42078.0530
-42076.7566
-42082.3222
-42097.7672
-42087.3066
-42094.9733
-42087.9772
-42086.7478
-42092.3134
-42094.3921
-42105.2998
-42101.8129
-42105.3445
-42103.1764
-42114.1287
-42103.5340
-42102.9081
-42101.6117
-42106.6856
-42108.7196
-42107.9373
-42114.1734
-42115.4698
-42111.3124
-42112.6088
-42113.7264
-42110.8207
-42114.6428
-42115.0898
-42121.1919
-42113.3911
-42121.8177
-42115.5145
-42127.2492
-42126.7128
-42132.7477
-42134.8711
-42149.7798
-42146.0917
-42155.9712
-42136.0781
-42142.5825
-42157.5805
-42161.2238
-42156.8429
-42158.2958
-42147.3881
-42160.3521
-42164.5766
-42160.3298
-42158.0499
-42154.5630
-42154.1383
-42156.9100
-42171.0810
-42170.6563
-42178.1888
-42181.0051
-42169.7622
-42165.8507
-42184.7379
-42180.7369
-42196.4949
-42182.3239
-42172.5338
-42174.5455
-42193.2315
-42185.4308
-42194.3044
-42186.2355
-42186.8837
-42185.2967
-42200.0041
-42198.1042
-42202.6863
-42201.7923
-42203.0663
-42191.0634
-42201.4346
-42202.8875
-42203.8039
-42207.5367
-42212.2752
-42203.0440
-42205.9050
-42221.8865
-42212.5882
-42211.4035
-42216.4103
-42214.9351
-42215.7621
-42226.4015
-42225.9545
-42224.7252
-42223.8758
-42218.8690
-42217.9302
-42215.8068
-42209.9507
-42205.0333
-42209.1683
-42207.9837
-42215.4939
-42217.2597
-42212.3199
-42219.9195
-42226.6251
-42227.2062
-42233.8223
-42231.0283
-42225.1498
-42224.9710
-42227.7203
-42203.5804
-42209.7048
-42210.7553
-42219.3607
-42203.5357
-42207.4920
-42202.6193
-42202.3287
-42201.0100
-42201.5017
-42204.9215
-42204.7650
-42198.1936
-42204.5862
-42203.2228
-42196.7855
-42207.8943
-42207.3131
-42201.0100
-42189.8341
-42197.2325
-42200.6523
-42204.0721
-42194.6621
-42199.3559
-42195.6902
-42197.4560
-42191.3764
-42196.8972
-42190.9070
-42199.8030
-42199.7359
-42199.8030
-42189.6106
-42202.3958
-42190.8176
-42194.9526
-42193.4774
-42201.3452
-42201.3899
-42205.4356
-42199.0206
-42188.9847
-42186.7048
-42178.8817
-42186.5931
-42187.0625
-42191.5328
-42195.5785
-42199.2889
-42183.0839
-42183.7321
-42185.5649
-42188.8730
-42183.8885
-42181.1616
-42174.8584
-42174.4114
-42173.3832
-42170.9469
-42178.4347
-42173.4503
-42169.4716
-42158.6981
-42163.2802
-42172.6679
-42180.3346
-42169.2705
-42168.4882
-42160.3521
-42149.7127
-42156.0382
-42153.0208
-42149.6903
-42155.4124
-42155.5465
-42162.1403
-42161.8273
-42163.8837
-42145.8682
-42148.4163
-42147.6340
-42145.7564
-42149.1763
-42150.0927
-42152.0596
-42152.3279
-42147.6563
-42158.7205
-42141.2414
-42145.8235
-42142.1578
-42154.0713
-42156.3512
-42146.7623
-42156.6864
-42156.4853
-42153.1772
-42147.9469
-42154.7418
-42155.2559
-42165.6271
-42155.0324
-42155.9488
-42159.3239
-42165.8507
-42157.9605
-42170.6339
-42158.6757
-42161.4250
-42155.9488
-42157.0441
-42160.7098
-42154.0713
-36473.9566
-72950.2154
-72954.0152
-72945.8345
-72945.4545
-72941.3194
-72952.7411
-72947.1756
-72954.3281
-72945.9686
-72941.7217
-72939.8442
-72932.9822
-72932.7587
-72938.2349
-72937.3631
-72940.0901
-72942.2805
-72944.1357
-72945.9686
-72939.5313
-72935.2844
-72937.4078
-72935.5526
-72928.8024
-72930.1435
-72929.7188
-72935.3291
-72937.8772
-72935.1503
-72933.9657
-72936.9161
-72937.9443
-72937.0949
-72938.5701
-72935.3962
-72934.8597
-72936.8491
-72934.4798
-72926.8578
-72930.9929
-72927.7519
-72933.2281
-72933.5633
-72930.5459
-72930.2329
-72940.0453
-72941.6547
-72939.2407
-72932.5575
-72927.9978
-72927.1484
-72937.5420
-72932.4234
-72939.5313
-72944.3145
-72939.9783
-72936.4244
-72944.1804
-72942.2805
-72938.8831
-72938.7042
-72952.6741
-72953.6799
-72950.4389
-72946.9967
-72947.5332
-72953.1882
-72953.2329
-72960.4078
-72957.4127
-72953.4340
-72947.5108
-72949.6119
-72951.2659
-72953.7246
-72957.9714
-72959.2678
-72951.8471
-72944.7169
-72949.6119
-72949.7460
-72945.2310
-72944.8510
-72949.0308
-72942.1241
-72937.0502
-72937.6761
-72938.7713
-72944.5604
-72945.7674
-72947.0638
-72957.6362
-72948.8072
-72946.1027
-72948.6731
-72944.4039
-72936.0444
-72942.3252
-72939.6877
-72940.8500
-72949.7907
-72955.8704
-72950.0589
-72952.0929
-72961.9948
-72960.0725
-72960.4301
-72953.8140
-72955.2222
-72963.0229
-72963.1123
-72967.0239
-72971.7401
-72963.3582
-72966.3981
-72971.4496
-72979.5409
-72980.1444
-72981.9996
-72978.4904
-72983.2289
-72981.0384
-72982.0443
-72974.3106
-72986.2017
-72974.8247
-72982.7819
-72985.7994
-72984.3018
-72978.9374
-72982.9160
-72986.4923
-72990.6497
-72981.8208
-72983.7654
-72989.4874
-72992.5719
-72980.7255
-72995.5894
-72990.6944
-72990.4262
-72993.3990
-72987.9675
-72985.0841
-72992.0132
-72991.8120
-72988.9733
-72921.1134
-72915.8831
-73038.6836
-73037.5660
-73011.2804
-72994.0919
-72993.2872
-72986.7158
-72987.7216
-72982.6031
-72994.0025
-72991.8120
-72995.4330
-72982.9607
-72982.1113
-72982.3572
-72985.3747
-72981.9102
-72981.8208
-72976.8810
-72977.3281
-72980.9714
-72980.5914
-72977.3504
-72977.0151
-72981.7761
-72986.2241
-72985.9111
-72987.0287
-72986.7158
-72992.4155
-72997.0646
-73002.6973
-73004.3513
-72996.8411
-72997.9811
-72991.7002
-72996.1259
-72997.8917
-73002.5408
-73004.0607
-73006.2959
-73001.7362
-73006.1171
-73009.2687
-73004.9995
-73013.2473
-73020.0646
-73011.1686
-73012.6885
-73014.9907
-73015.7284
-73014.2308
-73012.9791
-73010.9451
-73009.6263
-73019.3940
-73021.7410
-73021.9868
-73017.1812
-73015.8178
-73014.7672
-73022.6127
-73038.6836
-73019.1035
-73009.7381
-73011.0345
-73002.5408
-73011.8839
-73003.9490
-73003.7925
-73012.5768
-73008.1958
-73012.6885
-73004.9995
-73011.3698
-73008.4640
-73008.7099
-73002.1832
-73009.1122
-73004.5525
-73014.1190
-73012.3085
-73008.0841
-73005.3571
-73012.2191
-73010.2075
-73013.1356
-73019.0811
-73014.3425
-72849.1632
-72761.4102
-72783.5384
-72841.0271
-72889.4857
-72927.9084
-72951.6683
-72963.6041
-72978.6245
-72982.0666
-72992.1696
-72993.0413
-72999.9033
-73007.1453
-73005.4689
-72998.4952
-73005.7595
-73005.8936
-73014.0967
-73003.6137
-73008.9558
-73009.1122
-73011.1462
-73002.0267
-73005.6254
-73006.4077
-73017.2259
-73019.4834
-73014.4320
-73009.2240
-73011.3251
-73011.8615
-73016.9130
-73015.2590
-73016.3766
-73024.1550
-73004.1949
-73010.2075
-73009.6487
-73015.9966
-73019.2376
-73025.5408
-73018.5447
-73011.8168
-73009.4252
-73016.2648
-73009.0228
-73009.0899
-73018.4776
-73024.7585
-73017.7624
-73015.2143
-73014.2308
-73017.0471
-73013.7391
-73008.9558
-73016.7789
-73013.1132
-73017.6059
-73291.9289
-73401.1395
-73273.7122
-73157.6843
-73090.6738
-73052.3629
-73024.1326
-73011.6156
-73004.8878
-73008.6876
-73006.3183
-73000.1045
-72998.5622
-72994.5836
-72996.3270
-73007.3241
-72999.8810
-73001.1997
-73007.2123
-73006.6088
-73007.0112
-73011.3251
-73009.3805
-73009.1346
-73004.0160
-73000.9315
-73010.2298
-73004.5748
-73011.4368
-72999.8810
-73003.3231
-73015.1472
-73024.7808
-72999.5010
-72995.0306
-72987.0958
-72986.0005
-72984.6147
-72989.0404
-72993.7789
-73000.3951
-72991.3203
-72990.4262
-72984.8829
-72988.8169
-72991.4991
-72992.4378
-72994.6507
-72990.1580
-72992.2814
-72992.3708
-72986.0676
-72984.4359
-72995.5671
-72991.8343
-72989.8003
-72982.0890
-72981.1055
-72982.5360
-72987.1628
-72982.8042
-72987.4981
-72980.9937
-72980.7702
-72981.3737
-72980.2338
-72979.6303
-72994.9859
-72981.5749
-72982.2231
-72980.8373
-72982.2231
-72988.7274
-72979.7197
-72980.1891
-72972.0978
-72975.6293
-72975.2941
-72975.0482
-72973.1483
-72969.1697
-72966.8004
-72980.5914
-72969.6391
-72965.7052
-72964.3864
-72971.1590
-72968.8791
-72967.9403
-72966.6216
-72959.4020
-72962.7994
-72973.1706
-72966.5992
-72969.7955
-72979.7197
-72977.8198
-72979.8762
-72968.4544
-72962.7547
-72959.5361
-72964.3864
-72960.9666
-72963.8723
-72966.2863
-72968.8344
-72967.2698
-72980.4350
-72972.3436
-72973.3942
-72968.8791
-72980.3008
-72975.8305
-72979.2056
-72978.2892
-72975.5846
-72971.3825
-72967.6051
-72968.9238
-72969.7285
-72970.2202
-72978.1774
-72973.3494
-72972.8130
-72975.3835
-72972.5895
-72967.7839
-72965.1911
-72977.7974
-72976.8140
-72973.9082
-72964.2970
-72976.5681
-72972.3660
-72979.8091
-72983.2736
-72976.0540
-72974.6011
-72980.6585
-72984.2571
-72983.5642
-72980.5244
-72978.4009
-72978.5798
-72979.2056
-72978.8480
-72972.9024
-72973.7965
-72972.4107
-72975.1376
-72966.9121
-72966.3086
-72973.2153
-72972.8801
-72962.8441
-72963.8947
-72960.1396
-72959.2455
-72957.7703
-72959.6702
-72947.1309
-72943.7334
-72946.4156
-72949.9025
-72941.6770
-72941.2300
-72943.6216
-72941.4535
-72940.8277
-72947.1532
-72941.7441
-72949.6566
-72946.5497
-72947.6673
-72950.1930
-72953.5458
-72955.9598
-72947.5779
-72951.7800
-72954.1493
-72967.9180
-72958.8655
-72958.5079
-72962.2183
-72967.4709
-72947.4214
-72957.7926
-72952.3165
-72951.3106
-72958.8208
-72954.3058
-72945.4098
-72947.1756
-72951.2883
-72955.6916
-72949.3437
-72953.0541
-72949.3884
-72945.4321
-72949.1872
-72946.6615
-72942.9958
-72940.8053
-72953.0988
-72938.6595
-72934.0327
-72932.0658
-72937.0726
-72933.6304
-72933.3845
-72931.6187
-72934.4351
-72935.0609
-72934.0104
-72932.1552
-72931.0599
-72927.1484
-72934.7033
-72941.7217
-72953.7246
-72937.3184
-72925.6508
-72928.4001
-72931.3282
-72928.8918
-72926.5002
-72924.8238
-72928.2883
-72920.5323
-72922.5216
-72924.0639
-72914.0503
-72917.2019
-72915.0785
-72916.4866
-72916.8219
-72909.2223
-72902.0027
-72907.1883
-72909.0211
-72904.9755
-72902.9191
-72909.2893
-72906.9424
-72910.4740
-72907.7694
-72903.7461
-72895.4089
-72896.9288
-72899.6334
-72911.2340
-72897.7335
-72897.4876
-72901.8239
-72898.9181
-72908.1718
-72911.9716
-72913.3797
-72909.3788
-72908.8200
-72907.0989
-72912.9997
-72906.6965
-72910.2952
-72917.7383
-72909.3788
-72906.9871
-72909.3564
-72906.9648
-72905.2884
-72902.3380
-72914.0503
-72913.3574
-72905.2213
-72911.5245
-72906.2048
-72906.3166
-72907.5906
-72907.9035
-72882.5567
-72712.7281
-72677.7029
-72724.4851
-72781.1692
-72821.8717
-72843.2623
-72863.4906
-72877.8181
-72891.3856
-72905.4225
-73000.1939
-73280.2165
-73222.1467
-73098.2957
-73008.0617
-72956.3845
-72936.8938
-72930.9035
-72929.8306
-72920.5099
-72917.8501
-72930.9705
-72917.6489
-72918.2300
-72908.4623
-72915.6372
-72908.6635
-72910.4516
-72907.9482
-72913.0221
-72912.8656
-72921.1358
-72900.5275
-72909.1329
-72909.2446
-72917.2689
-72926.4108
-72924.5779
-72924.9803
-72928.7130
-72929.1377
-72930.5235
-72930.9929
-72929.7188
-72930.7470
-72926.2096
-72926.5896
-72932.9822
-72937.8549
-72931.2164
-72936.6032
-72939.4195
-72941.3865
-72936.0667
-72939.8442
-72938.7042
-72946.5274
-72941.7888
-72945.2533
-72946.9073
-72943.3311
-72943.0405
-72941.9229
-72937.8102
-72949.6342
-72948.7402
-72948.3378
-72955.0210
-72953.7917
-72953.9705
-72949.5225
-72945.0968
-72947.3544
-72950.6848
-72948.1143
-72944.8733
-72949.1872
-72942.7052
-72942.3923
-72951.4000
-72953.0764
-72952.1376
-72955.1328
-72951.2883
-72950.0813
-72952.6741
-72951.1095
-72950.8412
-72954.6857
-72945.6109
-72949.9025
-72957.2562
-72959.7149
-72967.3592
-72961.3913
-72959.7149
-72960.5195
-72961.5254
-72965.6604
-72962.9782
-72967.5827
-72967.0686
-72970.0414
-72963.5594
-72969.8179
-72966.3310
-72978.4904
-72968.0297
-72973.5283
-72975.0035
-72985.4417
-72979.0491
-72982.2454
-72977.6633
-72981.7090
-72989.7780
-72993.1754
-73000.7303
-72991.2532
-72993.5331
-73001.7585
-72993.9354
-72996.1259
-73002.6079
-73002.0267
-72998.6740
-72995.5000
-72997.2882
-72993.0190
-72997.4446
-73007.8382
-73005.7371
-72996.2376
-73003.0549
-72999.8363
-73001.0433
-72996.4164
-72998.9869
-73002.8985
-72999.0540
-73005.0442
-73011.2133
-73008.7770
-73009.2911
-73026.4125
-73011.2580
-73010.5651
-73006.4747
-73005.9159
-73004.9772
-73004.6195
-73001.9597
-73008.7546
-73005.4242
-73005.3124
-73003.8596
-73000.4845
-73007.3017
-73010.4757
-73005.5360
-73006.2289
-73001.3562
-73001.6244
-73005.8489
-73002.2503
-73003.1667
-73006.8771
-73002.4291
-73001.4679
-73005.4466
-72995.3436
-72991.5885
-73001.6915
-73006.1842
-72996.7741
-72988.7722
-72993.1084
-72995.4553
-73003.1443
-73001.5350
-73000.5068
-73004.7313
-72998.2493
-73004.3737
-73007.5700
-73008.9558
-73005.9383
-73013.3591
-73011.1015
-73013.0685
-73013.2026
-73010.9674
-73004.3960
-73009.9616
-73016.4213
-73020.9587
-73021.9868
-73019.8411
-73008.1958
-73007.1006
-73013.4261
-73008.2629
-73011.7721
-73004.4407
-73008.2629
-73010.0287
-73003.3455
-72992.7731
-72995.2765
-72989.6215
-72996.5059
-73003.8372
-73010.4757
-72998.9869
-73000.6186
-72997.9587
-73002.6526
-73002.1608
-73003.2114
-73002.6526
-73004.8431
-72997.2882
-72999.9033
-73002.3620
-72997.5564
-72996.8635
-72998.2716
-73001.3785
-72994.9636
-72998.2940
-73003.4349
-73014.1637
-72999.0093
-72998.1599
-72988.7945
-72989.8674
-72999.2775
-73009.2687
-73010.6098
-73014.9907
-73008.5087
-73006.0053
-73003.7925
-73009.9616
-73008.7546
-73003.3678
-72997.1541
-72994.0695
-72990.5603
-72989.0404
-72986.0452
-72981.5749
-72997.7352
-73003.6361
-73000.8197
-73002.6302
-73002.4961
-73002.4738
-73005.7371
-73001.9373
-73004.6195
-73008.5981
-73016.9130
-73016.8906
-73012.7332
-73018.2988
-73022.2327
-73033.7662
-73022.0539
-73026.9489
-73021.8974
-73021.1375
-73032.1122
-73039.7565
-73035.3979
-73040.9411
-73044.0257
-73036.4484
-73033.9450
-73038.7507
-73042.3046
-73041.6117
-73037.0966
-73055.9615
-73051.1335
-73045.4338
-73043.6457
-73046.5514
-73053.9051
-73058.2414
-73054.6427
-73061.3259
-73054.8439
-73061.8177
-73061.8847
-73055.1345
-73053.0111
-73056.4085
-73059.5601
-73062.2647
-73073.6641
-73065.7069
-73060.5436
-73056.1403
-73066.6456
-73072.2336
-73060.7001
-73055.9391
-73057.9284
-73049.0101
-73046.7079
-73046.4844
-73055.3580
-73051.8935
-73062.2423
-73055.9615
-73054.9333
-73054.3969
-73067.1374
-73065.3269
-73062.3317
-73059.4484
-73067.4056
-73072.9935
-73069.2161
-73076.3910
-73074.6029
-73076.3910
-73078.0450
-73076.9051
-73074.0888
-73078.8050
-73076.3910
-73082.3142
-73081.6213
-73081.8895
-73077.7097
-73078.2462
-73081.7778
-73089.1315
-73088.5280
-73096.9546
-73093.1772
-73095.3676
-73090.3608
-73090.4949
-73096.8428
-73095.9488
-73097.1558
-73097.8487
-73099.3239
-73104.8224
-73102.8555
-73101.4920
-73109.1139
-73107.8846
-73115.9759
-73108.5552
-73108.3316
-73110.0080
-73123.9779
-73117.4735
-73122.2121
-73119.7981
-73123.9108
-73122.3685
-73130.5269
-73134.3491
-73129.6105
-73138.0371
-73135.3325
-73138.3500
-73139.2664
-73142.4404
-73139.8029
-73144.7873
-73148.6989
-73147.6036
-73141.8816
-73145.1226
-73149.2353
-73152.2305
-73151.8728
-73127.9565
-73082.6718
-73182.6288
-73185.4899
-73173.9564
-73163.8534
-73160.2100
-73153.0128
-73153.3033
-73155.4268
-73160.6124
-73171.4306
-73168.6366
-73160.6124
-73165.1274
-73166.9603
-73167.7649
-73169.8660
-73176.9962
-73180.3490
-73180.3713
-73191.3237
-73189.5802
-73192.8883
-73196.2187
-73198.0515
-73201.2478
-73208.7580
-73205.0476
-73209.1604
-73207.9757
-73215.1506
-73217.6540
-73215.4412
-73210.3003
-73211.2391
-73221.0068
-73216.6035
-73220.8503
-73220.3139
-73224.4489
-73233.1438
-73236.4518
-73237.8153
-73241.6374
-73235.8930
-73238.5305
-73238.2623
-73249.4158
-73241.9727
-73240.9669
-73245.7725
-73249.5723
-73252.7016
-73250.3099
-73244.0291
-73251.9863
-73253.2827
-73241.7268
-73242.5092
-73247.5606
-73247.0019
-73249.3488
-73249.1029
-73254.5791
-73251.0028
-73257.2613
-73254.2215
-73254.1991
-73259.2953
-73260.3682
-73262.8492
-73267.6102
-73266.2467
-73271.4547
-73272.8181
-73266.5149
-73262.8492
-73257.3731
-73263.8327
-73265.8891
-73271.2759
-73266.7832
-73257.6860
-73263.5198
-73261.5528
-73255.2273
-73262.8269
-73262.3575
-73259.0941
-73260.1670
-73271.4994
-73263.7657
-73261.6422
-73267.2525
-73260.2341
-73271.0076
-73265.7326
-73261.7093
-73269.5324
-73272.5275
-73272.5499
-73268.9066
-73267.5208
-73275.5003
-73274.1369
-73274.9639
-73280.4401
-73287.4138
-73282.2059
-73278.5402
-73282.2729
-73286.7209
-73281.7365
-73274.9415
-73279.5460
-73279.4566
-73281.7141
-73279.8366
-73273.2875
-73277.9590
-73282.5188
-73277.9814
-73283.0776
-73287.7714
-73279.2331
-73275.7909
-73279.0096
-73280.6636
-73288.2855
-73282.9882
-73293.0017
-73287.8161
-73277.1991
-73283.6811
-73290.3642
-73280.3954
-73274.5616
-73278.7413
-73277.8473
-73277.3332
-73282.9211
-73278.0484
-73280.4177
-73280.2613
-73276.7744
-73275.3215
-73277.8920
-73287.0785
-73283.2787
-73285.1116
-73279.9260
-73284.6422
-73283.5023
-73282.2953
-73278.1825
-73276.7297
-73271.3206
-73271.3876
-73270.2700
-73263.4527
-73257.2613
-73265.2632
-73262.1116
-73259.3400
-73259.0941
-73265.8891
-73268.5936
-73276.3497
-73268.3701
-73275.3886
-73264.9503
-73267.1184
-73275.8803
-73268.7948
-73267.6325
-73261.3293
-73267.3196
-73262.8269
-73263.6092
-73258.1777
-73263.0504
-73263.6763
-73265.7997
-73265.2856
-73271.1417
-73259.5859
-73263.5198
-73258.6024
-73263.7880
-73269.6665
-73266.6267
-73258.1777
-73255.0932
-73260.9270
-73264.1233
-73267.8113
-73260.4576
-73257.1048
-73265.2632
-73271.9688
-73265.0174
-73262.1787
-73257.6189
-73266.7832
-73261.6646
-73263.9221
-73256.8813
-73251.9639
-73250.8017
-73254.0874
-73254.4226
-73251.8745
-73243.9397
-73242.5092
-73253.4168
-73252.9474
-73251.3604
-73247.8065
-73245.6160
-73246.5325
-73239.8269
-73237.1447
-73244.8114
-73245.5043
-73247.6054
-73236.3624
-73235.4013
-73238.3070
-73241.8833
-73241.1457
-73249.1700
-73242.6656
-73240.8551
-73238.1059
-73241.3245
-73242.1068
-73240.8998
-73239.5140
-73233.7473
-73224.0690
-73230.3051
-73236.5412
-73239.1787
-73243.0009
-73243.0232
-73250.4440
-73254.4897
-73251.3157
-73245.3478
-73252.2545
-73251.9416
-73250.4664
-73251.2263
-73249.8405
-73252.3439
-73248.9912
-73241.1233
-73261.1505
-73263.1398
-73264.8609
-73252.2992
-73259.9435
-73258.7589
-73265.9114
-73258.0436
-73258.4683
-73259.2283
-73263.9445
-73253.6627
-73256.7472
-73256.3896
-73255.1602
-73251.3604
-73251.2040
-73251.5616
-73243.3585
-73254.9814
-73259.4965
-73253.7968
-73238.7541
-73246.0854
-73247.8736
-73243.8056
-73244.7220
-73255.0708
-73255.4955
-73255.4061
-73245.9513
-73253.1933
-73246.1748
-73249.4605
-73249.4605
-73253.1486
-73256.1661
-73258.9377
-73259.0494
-73252.7686
-73255.7414
-73256.2331
-73244.3196
-73251.7851
-73247.4489
-73243.9397
-73256.3002
-73249.1253
-73248.7453
-73244.2973
-73247.4712
-73241.3245
-73242.1739
-73246.5995
-73258.4683
-73252.6345
-73252.5898
-73246.8230
-73249.8405
-73250.0864
-73254.3332
-73254.9144
-73256.1214
-73261.3070
-73255.9649
-73256.1884
-73251.3381
-73255.0932
-73262.2234
-73260.1000
-73264.1456
-73261.1282
-73265.5985
-73263.9668
-73262.8492
-73259.1612
-73259.1612
-73258.8259
-73261.6646
-73268.7054
-73267.9678
-73258.0213
-73267.3866
-73248.1865
-73251.7404
-73247.3148
-73249.0359
-73245.7055
-73244.3196
-73246.5101
-73248.8571
-73255.4285
-73253.4168
-73243.3585
-73249.1923
-73249.2817
-73253.2156
-73251.6287
-73258.2224
-73242.7327
-73250.0193
-73249.3711
-73254.7356
-73243.6491
-73246.1748
-73249.3711
-73248.5888
-73247.4712
-73245.1914
-73240.0505
-73237.0777
-73237.9718
-73234.9096
-73236.5412
-73232.7191
-73226.9523
-73221.6773
-73223.3761
-73229.8581
-73228.0029
-73227.5558
-73230.1039
-73226.0136
-73236.1836
-73238.1729
-73215.4188
-73218.3022
-73225.0524
-73226.7959
-73226.4159
-73221.6773
-73222.9290
-73224.6948
-73229.4557
-73222.1244
-73225.7901
-73238.3741
-73233.6579
-73233.8367
-73228.1817
-73216.0894
-73223.7113
-73222.8620
-73220.0457
-73221.0068
-73216.4247
-73229.9698
-73230.4169
-73229.9028
-73223.1525
-73227.9582
-73223.9125
-73227.3100
-73224.8066
-73227.4217
-73228.4499
-73224.2925
-73222.6161
-73226.4159
-73225.9912
-73227.3547
-73225.9242
-73220.9844
-73222.6608
-73216.6258
-73223.4431
-73220.3362
-73217.3858
-73212.0437
-73205.5394
-73206.8134
-73207.6181
-73205.9864
-73215.3741
-73213.2954
-73213.8095
-73214.4577
-73218.4810
-73213.6083
-73209.9203
-73204.0418
-73212.5578
-73203.1701
-73198.3198
-73201.3596
-73204.8465
-73198.2527
-73201.5384
-73201.7619
-73201.6055
-73202.5219
-73204.9359
-73196.4422
-73194.3411
-73193.0000
-73189.2449
-73189.6473
-73182.6288
-73185.2663
-73184.7746
-73181.6007
-73179.8796
-73185.1769
-73180.2372
-73187.8144
-73187.3227
-73185.4899
-73183.8805
-73184.9534
-73188.7085
-73188.5520
-73191.6589
-73194.4082
-73187.7474
-73182.3830
-73180.7960
-73189.3120
-73189.6920
-73199.7726
-73200.0408
-73191.1001
-73191.6366
-73192.4189
-73200.6890
-73200.0408
-73203.6395
-73198.3645
-73197.6269
-73192.9106
-73194.2070
-73195.1458
-73186.1157
-73185.5569
-73188.2391
-73193.2683
-73193.5588
-73183.7017
-73182.9194
-73183.8805
-73188.5073
-73192.4636
-73199.9738
-73198.3645
-73187.2333
-73185.4675
-73180.7513
-73194.3188
-73207.7522
-73222.1914
-73203.7289
-73200.2867
-73196.1069
-73193.3130
-73202.0748
-73203.3489
-73204.1759
-73200.4208
-73192.7542
-73182.5394
-73184.3276
-73186.3169
-73183.2100
-73190.6308
-73184.8193
-73189.8931
-73189.8037
-73195.2799
-73193.6929
-73182.4724
-73185.5122
-73178.2032
-73176.3033
-73178.5161
-73180.9972
-73189.4908
-73190.4072
-73184.3276
-73186.2722
-73186.4957
-73198.9680
-73194.6764
-73186.2722
-73194.5647
-73192.3071
-73186.6968
-73195.6375
-73197.0457
-73199.4150
-73205.0029
-73201.0020
-73203.9747
-73212.8260
-73207.3722
-73203.7065
-73204.4218
-73207.3946
-73208.6686
-73198.4762
-73201.7172
-73202.8348
-73205.6288
-73203.0360
-73209.3615
-73204.4441
-73205.7405
-73200.5996
-73207.3499
-73200.2420
-73204.6006
-73204.1536
-73205.1817
-73197.9621
-73200.8232
-73201.7619
-73201.5831
-73201.1808
-73198.1856
-73200.5326
-73198.4762
-73202.1643
-73203.7512
-73206.4111
-73210.1215
-73209.2498
-73200.7337
-73197.1128
-73190.5190
-73188.4403
-73196.3975
-73194.5423
-73202.6336
-73203.4160
-73207.7522
-73200.7561
-73188.9097
-73195.5481
-73198.4986
-73203.6171
-73207.3722
-73210.6132
-73210.7920
-73214.3460
-73214.5695
-73210.5462
-73210.8814
-73207.1487
-73206.4111
-73205.0029
-73203.4607
-73202.0301
-73206.5228
-73201.3372
-73205.2935
-73208.8921
-73206.5676
-73206.8805
-73212.3790
-73213.8989
-73211.6190
-73204.7794
-73212.4684
-73210.0768
-73205.7629
-73209.0709
-73202.2090
-73197.2916
-73203.9077
-73205.7182
-73210.7026
-73212.3119
-73208.7357
-73208.8921
-73212.3567
-73214.6589
-73215.1283
-73212.7143
-73207.1934
-73204.2206
-73199.5044
-73204.6677
-73203.1701
-73201.4043
-73201.2702
-73199.1244
-73201.4266
-73205.4276
-73202.4995
-73200.7114
-73192.9106
-73199.9514
-73186.9204
-73185.2663
-73179.3878
-73193.8494
-73194.8552
-73188.0603
-73199.7726
-73198.8562
-73201.5831
-73203.0360
-73204.3324
-73207.5063
-73200.0855
-73197.9174
-73208.5345
-73203.6171
-73209.6968
-73202.1643
-73203.7512
-73193.1789
-73200.1079
-73193.3130
-73185.9816
-73192.0166
-73196.5093
-73190.0273
-73188.1497
-73187.9485
-73189.2449
-73188.4403
-73187.0992
-73187.9485
-73183.9029
-73187.7250
-73187.3674
-73204.1983
-73198.0962
-73192.1507
-73185.8251
-73188.9991
-73187.9933
-73202.2537
-73201.7619
-73202.0525
-73200.5549
-73202.9019
-73202.7007
-73203.6618
-73200.7337
-73207.9310
-73200.8902
-73210.1885
-73222.5267
-73215.5977
-73207.4616
-73204.7347
-73204.3547
-73202.8125
-73203.0583
-73212.7813
-73212.2449
-73211.6637
-73216.3353
-73209.5850
-73214.4801
-73213.0496
-73214.2566
-73215.9329
-73214.8153
-73212.0884
-73212.7813
-73213.7648
-73219.7774
-73217.2293
-73223.6666
-73212.5578
-73221.0515
-73219.1963
-73227.0641
-73225.3207
-73222.1691
-73223.1078
-73220.9397
-73227.9135
-73220.9621
-73217.0952
-73221.4091
-73227.8464
-73225.6559
-73235.8483
-73226.8853
-73238.9552
-73233.0320
-73237.1894
-73231.0204
-73234.5966
-73229.4110
-73236.9436
-73227.7347
-73224.7172
-73231.4450
-73226.8182
-73234.6860
-73234.7307
-73246.0184
-73236.6754
-73238.5082
-73245.4819
-73246.5548
-73239.9164
-73244.4761
-73248.8794
-73269.5771
-73247.3148
-73254.2885
-73252.8804
-73250.2205
-73245.4149
-73252.2545
-73252.9251
-73260.4576
-73267.7219
-73271.3876
-73268.3925
-73264.7044
-73272.6840
-73282.7423
-73280.7753
-73281.1330
-73276.9085
-73289.8502
-73287.9726
-73280.8424
-73286.5197
-73284.0387
-73290.0960
-73288.4643
-73297.1815
-73290.7889
-73296.0416
-73295.8851
-73295.9522
-73289.8054
-73299.0367
-73307.3739
-73307.6421
-73306.8822
-73312.7383
-73311.0843
-73313.5430
-73316.6946
-73319.4439
-73322.1037
-73315.5547
-73317.3875
-73332.4079
-73333.1008
-73325.0989
-73326.3282
-73322.3496
-73326.9093
-73333.6596
-73343.3379
-73325.0318
-73343.6284
-73340.2310
-73347.0706
-73340.3427
-73343.4049
-73346.1765
-73353.1503
-73345.0813
-73354.9384
-73348.9705
-73348.2776
-73347.7635
-73352.8374
-73347.4729
-73347.0930
-73346.3330
-73359.6546
-73367.3213
-73359.6546
-73365.1755
-73370.7411
-73381.9617
-73372.3281
-73376.1502
-73376.9773
-73377.3349
-73380.4418
-73387.4826
-73382.9899
-73392.2658
-73386.0744
-73391.1483
-73387.0802
-73395.7974
-73394.9481
-73404.2464
-73401.1395
-73406.5263
-73411.1307
-73409.9684
-73417.2104
-73418.0374
-73424.9441
-73424.2735
-73430.0403
-73427.5369
-73435.4718
-73438.4445
-73439.8080
-73430.3756
-73431.5602
-73427.5816
-73431.8731
-73435.7847
-73437.1481
-73435.2930
-73440.6797
-73449.9780
-73455.6777
-73452.8838
-73458.3823
-73452.1238
-73465.2666
-73459.5669
-73461.4445
-73460.8186
-73460.2599
-73463.2997
-73469.1558
-73471.0334
-73467.1442
-73469.8935
-73473.5815
-73477.2025
-73481.7846
-73492.0887
-73489.6971
-73487.8419
-73489.1383
-73489.4289
-73479.5494
-73481.5611
-73484.6680
-73496.2909
-73497.0508
-73498.9954
-73502.4823
-73497.6543
-73499.1519
-73495.0392
-73500.9624
-73499.2189
-73513.5688
-73514.8875
-73501.8788
-73503.1528
-73500.4483
-73498.9284
-73498.5037
-73492.9605
-73499.9118
-73509.2772
-73502.9964
-73501.9682
-73498.1908
-73503.5328
-73510.7077
-73507.6232
-73517.6815
-73503.4658
-73496.7602
-73492.6475
-73497.1402
-73504.0916
-73501.8117
-73497.4308
-73505.5445
-73501.0965
-73496.7379
-73487.0149
-73495.7321
-73496.9391
-73498.2131
-73494.3239
-73497.4308
-73502.6164
-73496.9838
-73490.7700
-73493.7428
-73501.0965
-73501.5212
-73506.3715
-73502.4599
-73497.9672
-73500.0236
-73499.7330
-73495.7768
-73499.5542
-73493.2957
-73495.7097
-73492.8040
-73489.7194
-73489.8759
-73494.1004
-73485.8526
-73480.4658
-73476.4425
-73486.8361
-73487.9313
-73488.0654
-73489.2054
-73488.8924
-73498.3696
-73481.9410
-73479.0577
-73478.6106
-73478.1412
-73470.6534
-73472.7098
-73471.5251
-73475.3920
-73473.3580
-73476.7331
-73471.1228
-73479.3706
-73482.5892
-73496.7155
-73490.4794
-73488.1548
-73477.3589
-73481.4270
-73491.1947
-73492.8710
-73495.8215
-73483.1480
-73482.6786
-73483.0810
-73488.2666
-73493.7875
-73494.1898
-73479.5941
-73478.2530
-73476.3308
-73480.2647
-73479.4153
-73477.1578
-73475.3920
-73475.6826
-73471.0557
-73466.2725
-73471.5698
-73468.8429
-73473.3356
-73460.0587
-73460.4387
-73464.7302
-73464.7749
-73462.8303
-73463.1656
-73463.2550
-73468.9100
-73465.5572
-73457.6223
-73460.1704
-73467.3230
-73458.8293
-73460.8633
-73454.7837
-73455.8566
-73444.8595
-73441.1268
-73444.9266
-73447.6535
-73427.2016
-73433.9966
-73430.8673
-73423.4018
-73423.3795
-73423.4465
-73429.5933
-73417.9480
-73423.2454
-73425.6146
-73427.1346
-73422.1948
-73421.9043
-73423.2677
-73426.3970
-73421.3455
-73430.7779
-73424.2959
-73422.0384
-73423.7147
-73435.8964
-73414.9305
-73431.6943
-73418.0598
-73425.0559
-73416.2940
-73417.1433
-73426.5758
-73422.8207
-73417.8586
-73415.3105
-73410.8848
-73417.2104
-73417.9033
-73419.9820
-73424.6312
-73418.1045
-73415.8022
-73406.1016
-73408.6944
-73414.7741
-73409.4320
-73413.5447
-73414.6623
-73409.1861
-73415.7352
-73418.0374
-73411.2648
-73419.1997
-73427.5145
-73421.5690
-73404.5817
-73408.4932
-73397.4291
-73389.1142
-73392.8470
-73393.0482
-73399.0384
-73395.1492
-73386.8344
-73381.7829
-73377.0220
-73381.2464
-73382.5428
-73392.4447
-73390.7236
-73385.8956
-73378.5195
-73381.7829
-73379.6595
-73377.5807
-73372.0599
-73372.1493
-73371.6352
-73364.7955
-73358.1571
-73364.6391
-73361.6216
-73369.6235
-73364.3038
-73363.7674
-73359.1406
-73353.5750
-73355.6313
-73365.1532
-73368.4165
-73346.6012
-73349.5070
-73341.1921
-73344.3661
-73348.7470
-73351.4292
-73345.5954
-73348.0317
-73346.1318
-73349.2387
-73339.5604
-73344.0308
-73349.6411
-73350.4010
-73348.1211
-73352.6809
-73350.1105
-73350.4234
-73346.1542
-73345.9977
-73342.4215
-73342.0191
-73346.2436
-73350.6692
-73339.5157
-73334.8666
-73335.2689
-73326.7082
-73332.4079
-73338.5546
-73335.0230
-73327.7587
-73323.6013
-73325.0318
-73326.3953
-73322.4613
-73332.6537
-73327.7587
-73331.1785
-73322.6849
-73321.6567
-73313.6995
-73318.4380
-73314.0347
-73318.6615
-73320.9861
-73317.8569
-73311.6655
-73313.2748
-73310.8161
-73310.5479
-73317.2757
-73318.4604
-73312.7383
-73311.8219
-73311.1737
-73303.3730
-73316.4487
-73310.6820
-73313.7218
-73303.6859
-73309.1397
-73309.5197
-73300.8025
-73298.3438
-73303.7529
-73297.3156
-73301.6519
-73293.9629
-73290.9230
-73282.4294
-73293.1582
-73299.7296
-73295.0358
-73295.3487
-73294.7005
-73301.5178
-73303.7529
-73311.6207
-73286.0504
-73294.2534
-73294.9687
-73292.3088
-73288.4196
-73298.0979
-73301.9424
-73312.6713
-73303.3283
-73298.9920
-73293.1135
-73299.8861
-73306.7928
-73311.0396
-73304.1776
-73310.7490
-73309.8773
-73313.2748
-73312.4925
-73315.5100
-73308.6480
-73305.6081
-73311.0843
-73309.2515
-73315.7558
-73304.2670
-73299.3273
-73299.0814
-73299.6402
-73290.6101
-73303.7753
-73317.9910
-73311.0396
-73301.5178
-73294.8122
-73298.7238
-73299.9308
-73305.3623
-73308.3574
-73309.1621
-73315.4652
-73305.4964
-73313.9677
-73319.8685
-73317.7228
-73319.7344
-73325.8812
-73318.9968
-73317.7675
-73317.2087
-73315.0629
-73310.1232
-73316.7169
-73322.7296
-73317.9686
-73314.8394
-73317.2087
-73324.1377
-73317.8122
-73327.0211
-73316.4487
-73317.0522
-73317.5663
-73323.9813
-73332.0502
-73313.3195
-73321.5449
-73319.7121
-73316.0017
-73315.3535
-73316.3146
-73326.9317
-73328.5634
-73325.0541
-73327.4458
-73332.1620
-73333.1008
-73333.8607
-73333.9501
-73333.5925
-73341.0580
-73344.0755
-73347.7635
-73341.0580
-73346.5565
-73345.1931
-73340.1863
-73345.9307
-73351.1163
-73346.8024
-73347.3612
-73341.7062
-73343.0473
-73345.6848
-73349.5740
-73342.6673
-73354.2232
-73360.3028
-73355.0278
-73348.9258
-73346.1765
-73344.9696
-73348.4117
-73357.5089
-73352.5244
-73357.4865
-73360.8393
-73358.0006
-73362.6721
-73364.9520
-73356.9724
-73353.2844
-73350.3563
-73348.4564
-73348.5682
-73355.2961
-73358.3135
-73356.3466
-73361.1746
-73364.1697
-73362.5827
-73357.1736
-73358.9394
-73356.0113
-73353.9997
-73355.1843
-73359.7888
-73365.2202
-73361.3534
-73363.6780
-73364.8179
-73361.2416
-73367.4778
-73359.7888
-73368.2154
-73364.9744
-73371.5905
-73360.4370
-73355.2290
-73352.9044
-73353.3515
-73357.8218
-73361.4875
-73360.7946
-73372.1940
-73374.3621
-73377.4913
-73378.9442
-73381.2241
-73383.1016
-73379.7489
-73388.9578
-73385.9850
-73385.2697
-73375.4573
-73380.2183
-73375.6361
-73384.3757
-73386.9014
-73382.9228
-73373.5574
-73383.4593
-73383.7051
-73383.6604
-73382.6993
-73385.8062
-73383.0793
-73389.6507
-73393.2270
-73386.3426
-73392.2435
-73393.6069
-73396.0656
-73398.3679
-73401.0277
-73398.5020
-73402.3018
-73399.8431
-73399.7984
-73396.5797
-73402.1453
-73404.6264
-73414.3941
-73404.7158
-73401.2959
-73400.7372
-73412.7624
-73397.1609
-73400.8489
-73399.1502
-73407.8897
-73413.0306
-73408.2026
-73399.5302
-73408.0462
-73415.1540
-73411.2648
-73412.0471
-73402.2794
-73402.4135
-73399.4408
-73402.6818
-73401.7653
-73401.6759
-73406.6604
-73410.8401
-73405.3193
-73409.6331
-73413.2318
-73419.9150
-73415.7799
-73411.8683
-73401.3407
-73401.2065
-73394.0316
-73404.6487
-73405.9675
-73435.5165
-73413.9694
-73411.8907
-73416.2493
-73420.2502
-73418.7750
-73424.0277
-73428.6992
-73429.2580
-73437.8187
-73430.7779
-73425.3464
-73421.2337
-73431.4932
-73434.0636
-73438.8916
-73423.3795
-73423.8712
-73430.0179
-73439.8974
-73439.6515
-73428.8556
-73430.3085
-73430.7555
-73431.7390
-73441.5738
-73437.1705
-73431.2696
-73432.7449
-73439.3163
-73441.1938
-73444.2784
-73440.1433
-73442.7584
-73443.9878
-73451.0956
-73454.1578
-73451.4533
-73460.2822
-73454.2696
-73456.2812
-73454.9625
-73454.4484
-73460.1257
-73447.1617
-73454.8954
-73451.8779
-73440.9256
-73447.3182
-73444.4125
-73447.7652
-73452.7050
-73451.7662
-73447.0500
-73444.7030
-73438.9810
-73442.4455
-73444.5466
-73445.5524
-73437.0140
-73431.0908
-73441.9761
-73443.3619
-73439.8974
-73446.3571
-73452.3026
-73442.0879
-73439.2716
-73433.7507
-73433.0131
-73441.4844
-73444.8595
-73441.6185
-73445.9100
-73440.3891
-73445.7312
-73451.4309
-73446.1112
-73442.7137
-73447.9664
-73449.1957
-73461.6904
-73459.0976
-73450.2239
-73440.8585
-73432.6107
-73458.9411
-73458.9634
-73464.1491
-73464.6184
-73472.6651
-73471.9945
-73469.4464
-73478.3871
-73478.5883
-73476.2190
-73471.5698
-73463.0315
-73470.6534
-73462.9644
-73471.5698
-73473.7827
-73464.2832
-73461.5339
-73465.1996
-73467.5018
-73472.6874
-73473.0674
-73478.6777
-73467.4571
-73461.2210
-73458.3823
-73455.9683
-73466.0266
-73470.7875
-73471.1675
-73463.0091
-73461.4221
-73464.9314
-73466.0937
-73465.1325
-73472.7098
-73475.3696
-73470.0723
-73480.6223
-73474.7661
-73471.4134
-73475.1014
-73477.3366
-73473.0674
-73472.2180
-73479.9964
-73473.7603
-73474.7661
-73480.8682
-73481.6952
-73476.4649
-73470.4969
-73474.0956
-73476.5319
-73480.3541
-73471.3687
-73459.4328
-73455.3201
-73459.9022
-73465.2666
-73473.4921
-73472.4192
-73474.4085
-73456.8624
-73466.0266
-73460.8633
-73461.1986
-73469.3794
-73477.5601
-73479.0577
-73478.3201
-73471.4357
-73471.5698
-73482.5445
-73487.1266
-73486.1208
-73490.5912
-73486.6349
-73491.6864
-73495.4638
-73486.0314
-73481.1811
-73485.2491
-73484.8691
-73485.3832
-73486.5008
-73482.6116
-73480.7788
-73473.5815
-73478.3201
-73480.7564
-73487.7525
-73489.6077
-73487.5066
-73483.9751
-73481.9857
-73485.7408
-73487.9313
-73485.3162
-73478.2977
-73482.2316
-73478.8118
-73482.0528
-73477.0460
-73489.6971
-73483.2598
-73489.9206
-73491.4629
-73489.3842
-73489.4959
-73492.0217
-73490.1665
-73493.0275
-73487.8196
-73485.7855
-73481.5611
-73480.6223
-73474.9002
-73484.9138
-73470.7652
-73483.4833
-73475.5931
-73473.0674
-73479.3259
-73478.7224
-73477.9624
-73482.5669
-73473.9838
-73468.9100
-73472.4416
-73472.6874
-73468.2618
-73466.0937
-73463.4338
-73465.8701
-73471.7039
-73464.2608
-73469.5358
-73467.8818
-73474.8779
-73470.3852
-73473.1345
-73472.6651
-73475.4143
-73474.4085
-73474.6767
-73469.1111
-73482.1422
-73477.6272
-73469.9382
-73469.5805
-73456.7059
-73465.5572
-73465.3560
-73465.9595
-73464.1714
-73465.4455
-73467.4571
-73463.4561
-73452.7273
-73454.8954
-73444.7030
-73453.6661
-73450.0004
-73452.5932
-73452.0121
-73452.7720
-73458.5611
-73455.9907
-73471.2569
-73460.1704
-73453.8896
-73450.5815
-73457.2200
-73445.4406
-73446.8712
-73439.4504
-73449.1957
-73454.2472
-73453.8225
-73450.8274
-73440.4115
-73456.9741
-73453.5096
-73449.7545
-73444.5913
-73438.7351
-73443.2502
-73448.8381
-73444.3678
-73440.2550
-73445.5077
-73441.5738
-73444.2336
-73430.3756
-73450.6933
-73434.5330
-73430.2638
-73421.7701
-73431.7167
-73436.4105
-73430.2638
-73431.0014
-73428.5204
-73437.5058
-73432.0296
-73445.0830
-73439.5845
-73437.6175
-73432.9013
-73436.6341
-73434.6000
-73442.0655
-73441.0373
-73444.3454
-73436.2988
-73437.6846
-73435.7847
-73432.4990
-73431.4037
-73432.4096
-73429.2580
-73432.8566
-73432.7001
-73426.8216
-73422.2395
-73415.9363
-73416.3610
-73408.4485
-73419.5573
-73418.7750
-73420.6302
-73415.0423
-73407.0403
-73411.6001
-73405.8334
-73398.5020
-73406.5486
-73398.8596
-73398.8820
-73396.1550
-73407.2415
-73400.3795
-73405.6769
-73406.0569
-73401.6536
-73399.6196
-73400.4019
-73399.0831
-73401.2065
-73402.9947
-73394.3893
-73399.3737
-73398.9043
-73393.6293
-73390.7683
-73391.4835
-73383.4146
-73388.7566
-73396.4233
-73370.4505
-73379.4136
-73374.7197
-73370.4952
-73384.1522
-73378.0054
-73375.2115
-73374.2056
-73378.0054
-73372.7975
-73381.2017
-73383.4816
-73390.3212
-73384.6439
-73386.8567
-73386.6556
-73395.1939
-73391.2600
-73385.3592
-73387.8178
-73388.0414
-73389.3154
-73385.3815
-73389.3601
-73391.7965
-73392.1094
-73390.9024
-73396.1550
-73400.0219
-73396.3786
-73397.3620
-73416.8975
-73390.2765
-73401.6983
-73405.0063
-73398.1667
-73399.7760
-73397.1385
-73399.2619
-73402.1900
-73405.0957
-73399.5749
-73398.1891
-73393.5175
-73398.3455
-73397.4738
-73400.2678
-73394.9033
-73401.6983
-73404.8722
-73406.8392
-73401.6983
-73403.3076
-73410.7731
-73409.3873
-73408.0909
-73414.8635
-73409.5661
-73415.1987
-73408.2697
-73418.3950
-73418.7527
-73415.1540
-73417.8809
-73422.6195
-73417.2998
-73413.2765
-73411.4436
-73411.8907
-73415.3775
-73415.8916
-73415.5787
-73417.7468
-73425.8158
-73424.8994
-73423.4689
-73417.2104
-73422.4854
-73425.6593
-73433.0801
-73430.5097
-73419.9373
-73425.3688
-73435.8964
-73432.6331
-73438.2657
-73438.3104
-73439.8527
-73442.5573
-73441.7303
-73439.7633
-73448.0111
-73442.4455
-73443.8537
-73439.1375
-73443.0043
-73448.2123
-73451.9897
-73449.2181
-73454.9848
-73454.1578
-73443.9431
-73452.3026
-73454.7390
-73456.7506
-73460.5281
-73460.2599
-73457.3094
-73465.8478
-73459.0082
-73457.8906
-73456.5048
-73462.5844
-73460.5951
-73464.2385
-73469.6029
-73468.5076
-73465.4455
-73460.7292
-73466.3172
-73463.6573
-73471.2793
-73462.6068
-73471.0557
-73472.9333
-73479.5941
-73477.1354
-73475.2579
-73484.3997
-73478.0965
-73477.0907
-73480.2200
-73486.2102
-73483.1257
-73486.7243
-73483.0139
-73480.0188
-73476.9790
-73484.6680
-73487.6407
-73492.6475
-73494.0780
-73491.1500
-73494.1451
-73492.5805
-73493.5863
-73485.1150
-73481.9410
-73489.4289
-73495.1062
-73492.6475
-73491.6193
-73492.6699
-73492.6922
-73499.4425
-73498.8837
-73506.0809
-73508.4279
-73505.5221
-73513.7252
-73522.7553
-73518.9108
-73516.1616
-73515.2228
-73514.4852
-73515.4687
-73519.0226
-73518.5979
-73523.5823
-73530.0643
-73521.1684
-73532.7466
-73524.9905
-73537.2393
-73528.0080
-73536.4122
-73527.4715
-73532.6572
-73527.1810
-73533.2606
-73532.2325
-73526.4210
-73520.4531
-73534.1100
-73537.9322
-73536.7922
-73540.0556
-73544.1683
-73542.9613
-73543.6989
-73546.3364
-73546.3588
-73543.2519
-73545.3976
-73552.9972
-73559.9933
-73555.4783
-73555.1430
-73548.8845
-73551.4326
-73557.3782
-73555.8359
-73553.2208
-73545.4423
-73545.5765
-73550.1586
-73538.7368
-73543.9224
-73555.7242
-73559.4345
-73553.6454
-73559.4569
-73546.3141
-73546.6046
-73551.9914
-73555.1877
-73552.1255
-73548.8175
-73548.7728
-73545.1741
-73547.8563
-73547.7222
-73555.9253
-73553.1761
-73550.3374
-73542.4025
-73549.3316
-73550.1809
-73544.7271
-73551.0526
-73551.7455
-73549.1751
-73546.4705
-73552.7737
-73549.3539
-73546.3588
-73543.3413
-73543.2295
-73543.0731
-73536.1887
-73530.2432
-73512.8535
-73505.5892
-73490.8817
-73476.5766
-73479.1918
-73476.0625
-73472.4639
-73482.2987
-73477.9177
-73485.2715
-73485.6961
-73492.6252
-73500.1354
-73509.6796
-73505.8574
-73502.2811
-73503.5552
-73524.3870
-73517.5250
-73518.9332
-73521.2354
-73520.9225
-73514.5075
-73521.1907
-73521.7495
-73521.3472
-73522.2189
-73524.8564
-73526.6892
-73524.1411
-73525.9516
-73530.7796
-73530.3102
-73531.7631
-73528.0974
-73527.3598
-73528.4550
-73524.9682
-73526.7339
-73525.3258
-73521.8836
-73513.1888
-73511.9147
-73513.7923
-73518.7767
-73523.2024
-73515.2451
-73504.0916
-73506.2374
-73509.5678
-73512.9653
-73509.9254
-73510.4395
-73506.1927
-73512.7194
-73518.7544
-73508.1820
-73508.9196
-73515.3569
-73515.5357
-73508.1596
-73521.1460
-73516.8992
-73518.9779
-73514.5075
-73517.6591
-73512.6747
-73519.2908
-73516.5639
-73515.8263
-73521.8836
-73519.9167
-73516.8321
-73521.7719
-73516.6086
-73509.0984
-73508.2714
-73510.4172
-73510.1042
-73506.7738
-73500.3142
-73496.1344
-73503.1528
-73503.4211
-73503.5328
-73500.2024
-73495.5086
-73491.9770
-73495.3074
-73489.1160
-73493.0722
-73492.5358
-73491.0829
-73489.9653
-73494.9498
-73491.9993
-73486.5008
-73484.4891
-73489.2501
-73487.8419
-73481.5834
-73475.3473
-73477.6942
-73479.0800
-73472.5533
-73471.9051
-73473.7827
-73478.1412
-73467.3454
-73478.5883
-73473.7380
-73468.5523
-73462.9197
-73470.4522
-73466.8536
-73466.0266
-73465.2890
-73460.2375
-73465.4231
-73459.2764
-73462.0703
-73469.4241
-73472.9556
-73468.5076
-73460.2822
-73461.7574
-73470.0499
-73476.3531
-73472.8662
-73474.0285
-73476.8448
-73472.5086
-73473.9391
-73478.5883
-73479.1471
-73476.0178
-73478.9236
-73469.0888
-73475.1238
-73484.8915
-73458.4717
-73464.6855
-73457.7118
-73457.3318
-73456.1248
-73456.0130
-73453.0402
-73461.3327
-73466.2948
-73455.9013
-73452.8167
-73451.1180
-73457.0636
-73464.8867
-73465.4231
-73465.4008
-73458.8740
-73463.4114
-73463.5456
-73460.6622
-73459.9693
-73462.2045
-73466.0042
-73467.0771
-73462.6515
-73461.7574
-73468.1947
-73466.6077
-73470.0276
-73464.8867
-73455.7224
-73460.9528
-73456.5495
-73462.3609
-73458.4717
-73467.6136
-73458.7399
-73449.0393
-73455.5213
-73460.0587
-73464.0149
-73462.4503
-73467.0771
-73465.4455
-73461.1316
-73453.1296
-73462.8527
-73462.4727
-73461.0869
-73457.2200
-73458.6729
-73466.7866
-73470.6534
-73474.3638
-73477.2695
-73485.4726
-73486.4561
-73477.6495
-73483.7292
-73480.1529
-73485.7855
-73487.9537
-73502.0353
-73486.8808
-73499.7107
-73500.9400
-73515.1334
-73506.4162
-73510.2831
-73518.6203
-73520.9895
-73513.7252
-73506.7515
-73511.2442
-73516.3180
-73522.8447
-73514.2617
-73512.3171
-73509.6572
-73521.5483
-73522.8894
-73532.7019
-73522.5542
-73522.2412
-73524.3647
-73530.3549
-73533.2606
-73528.5221
-73525.6834
-73526.5328
-73527.8515
-73527.2033
-73533.5289
-73531.3607
-73533.1265
-73530.9137
-73532.3666
-73529.3267
-73537.3957
-73539.2062
-73535.3394
-73541.8661
-73544.2354
-73535.9429
-73539.4521
-73544.5036
-73545.3082
-73544.9953
-73544.8836
-73542.1119
-73540.7261
-73543.9448
-73535.8758
-73542.5590
-73546.5376
-73539.4297
-73545.6212
-73550.4044
-73541.8437
-73538.3792
-73539.0945
-73546.2917
-73546.7611
-73545.8447
-73552.9972
-73550.0915
-73546.7835
-73551.5444
-73558.9205
-73567.5706
-73556.8641
-73555.2548
-73563.6590
-73569.3364
-73563.8155
-73560.6862
-73563.3461
-73559.0546
-73563.7037
-73565.2683
-73567.8611
-73569.4928
-73564.5084
-73563.5920
-73566.8106
-73567.8164
-73568.2188
-73560.4404
-73563.6814
-73570.3645
-73576.2431
-73583.1497
-73563.1673
-73568.3752
-73572.6221
-73571.8621
-73576.5336
-73578.9253
-73587.0389
-73578.3218
-73572.5997
-73569.5599
-73574.0749
-73575.6172
-73581.2722
-73589.6317
-73600.8300
-73593.0069
-73589.2741
-73584.1332
-73585.2061
-73588.8941
-73591.6881
-73585.5637
-73572.3091
-73575.9078
-73574.8125
-73586.4131
-73574.0973
-73568.0623
-73567.0341
-73571.8621
-73566.7212
-73571.7727
-73585.5637
-73570.2975
-73565.1119
-73564.7543
-73560.6415
-73568.5541
-73569.8281
-73564.3966
-73562.5861
-73566.8553
-73577.7406
-73570.0516
-73578.2994
-73576.5336
-73580.5793
-73583.9991
-73590.8611
-73592.0457
-73583.1944
-73577.5842
-73574.3208
-73585.4967
-73591.1070
-73587.1954
-73593.4762
-73592.9175
-73589.8329
-73577.4947
-73574.1196
-73575.0361
-73575.9525
-73574.7455
-73578.0088
-73581.3616
-73580.5346
-73577.5842
-73573.6726
-73575.3490
-73575.4831
-73579.7076
-73582.2557
-73583.1274
-73575.0137
-73586.8378
-73563.5249
-73566.5871
-73564.1955
-73569.0905
-73562.8544
-73565.2236
-73574.4326
-73574.4773
-73569.1799
-73567.1235
-73565.6707
-73566.4306
-73559.9710
-73558.3393
-73568.5317
-73574.7231
-73564.2178
-73561.5133
-73558.3393
-73552.4161
-73550.4491
-73551.7902
-73559.2334
-73551.5667
-73555.1877
-73544.5259
-73542.4919
-73539.4297
-73546.0682
-73542.8495
-73547.1411
-73540.6144
-73542.2460
-73549.1974
-73533.4171
-73538.3121
-73533.3948
-73535.6523
-73537.4851
-73541.4637
-73538.9603
-73535.5852
-73542.6037
-73542.9837
-73541.2179
-73544.7271
-73555.6794
-73564.7319
-73552.0808
-73551.1420
-73548.6386
-73543.5424
-73539.5415
-73543.9671
-73546.8058
-73547.5881
-73543.7436
-73539.0050
-73533.1712
-73533.4618
-73535.3170
-73538.9380
-73531.8748
-73530.3102
-73539.5191
-73541.5084
-73545.8447
-73535.2947
-73544.8612
-73544.4812
-73545.7329
-73531.2266
-73533.5736
-73534.4006
-73535.0935
-73531.0255
-73535.1829
-73536.0546
-73541.7990
-73530.9361
-73538.6474
-73537.1275
-73534.8253
-73536.3228
-73542.5590
-73542.5366
-73535.6299
-73531.7407
-73535.3394
-73533.1712
-73536.9487
-73540.9944
-73537.9322
-73541.3296
-73547.4764
-73545.0847
-73541.1285
-73547.7893
-73544.7718
-73544.1012
-73536.1440
-73541.1732
-73539.0945
-73536.0099
-73526.8904
-73523.0012
-73527.8739
-73540.2120
-73539.2286
-73536.3899
-73533.9759
-73539.1839
-73544.1236
-73547.7222
-73544.4812
-73543.8777
-73544.0565
-73548.5939
-73547.8340
-73544.2354
-73548.1469
-73549.2645
-73544.9953
-73542.3802
-73546.2470
-73544.7271
-73538.3792
-73531.0255
-73514.6193
-73492.0440
-73481.2705
-73467.7700
-73465.2666
-73458.2705
-73469.5805
-73475.5261
-73475.2355
-73486.9702
-73494.0110
-73499.8671
-73506.7962
-73508.1820
-73512.6747
-73524.0517
-73517.0109
-73520.5649
-73530.8467
-73533.7077
-73534.9147
-73528.5668
-73538.5133
-73538.5804
-73545.2412
-73560.5298
-73565.4472
-73565.9165
-73565.9165
-73565.8048
-73564.9107
-73561.2450
-73568.6882
-73571.9292
-73561.9603
-73570.0069
-73572.8009
-73572.3986
-73568.9564
-73575.1478
-73572.1974
-73580.9593
-73581.5404
-73578.1877
-73570.9233
-73570.2528
-73574.5667
-73571.4374
-73571.7727
-73566.9447
-73581.1828
-73575.0808
-73567.1235
-73570.8563
-73572.5774
-73572.8679
-73574.4102
-73582.5909
-73582.4345
-73583.6862
-73583.8426
-73584.1109
-73580.6687
-73587.7766
-73603.7357
-73592.7163
-73589.7882
-73585.7202
-73584.4238
-73586.9942
-73588.9165
-73599.2653
-73597.7454
-73600.0253
-73596.5608
-73605.3003
-73593.4539
-73592.4034
-73588.4471
-73596.5608
-73598.2148
-73595.0856
-73594.9068
-73598.3042
-73597.7901
-73598.2819
-73591.2411
-73586.3237
-73593.8786
-73595.4879
-73599.4218
-73597.6113
-73599.2877
-73592.8951
-73601.5676
-73604.7192
-73609.6589
-73609.1001
-73612.6093
-73609.1001
-73628.3897
-73604.7862
-73612.8999
-73623.4723
-73630.1555
-73629.1496
-73620.6560
-73612.3188
-73621.3265
-73627.3168
-73620.5219
-73615.7386
-73611.0224
-73614.8222
-73615.3139
-73626.2216
-73625.3275
-73626.9145
-73621.6171
-73617.1467
-73615.5151
-73629.7531
-73626.4227
-73644.5723
-73629.2614
-73625.3722
-73627.8756
-73643.1418
-73635.2964
-73639.7667
-73631.4966
-73626.0651
-73622.5782
-73638.3809
-73638.7162
-73638.6268
-73637.3304
-73635.2517
-73627.0709
-73636.3469
-73636.2351
-73639.3644
-73638.5597
-73637.8221
-73632.6812
-73630.7143
-73643.7900
-73636.4810
-73641.5996
-73639.0068
-73634.1341
-73633.9553
-73639.7444
-73638.6044
-73644.7735
-73647.0310
-73640.9290
-73638.7385
-73639.4538
-73635.4081
-73631.3848
-73630.3790
-73632.3012
-73638.9397
-73645.5558
-73638.0233
-73647.7463
-73649.4674
-73646.1593
-73647.3663
-73642.6277
-73650.0709
-73648.7298
-73647.5004
-73629.0155
-73634.1117
-73637.2633
-73642.0466
-73634.9834
-73634.4917
-73638.3362
-73635.3411
-73632.6365
-73631.0495
-73624.4781
-73621.9524
-73616.0962
-73620.0748
-73617.2138
-73615.9621
-73628.0320
-73624.7016
-73616.5209
-73609.3683
-73616.9009
-73617.5491
-73626.1768
-73617.6385
-73619.8066
-73620.0748
-73623.8523
-73620.5219
-73626.3333
-73620.3877
-73633.6423
-73633.7094
-73634.3352
-73623.0476
-73632.4577
-73622.6006
-73627.9203
-73626.4898
-73633.2847
-73631.4072
-73638.0903
-73630.0884
-73622.5112
-73620.2313
-73615.3586
-73617.6161
-73621.6618
-73626.3557
-73628.1885
-73632.1001
-73625.5734
-73625.4616
-73630.5354
-73635.6316
-73632.8600
-73630.7143
-73629.2390
-73631.0942
-73634.0000
-73630.1108
-73633.7094
-73636.0787
-73632.6365
-73623.2711
-73632.1671
-73638.0680
-73633.6200
-73623.6735
-73621.7512
-73625.4169
-73617.3256
-73619.6054
-73619.8066
-73617.7502
-73625.2381
-73626.4674
-73633.6647
-73632.9271
-73627.4509
-73616.9232
-73618.2196
-73614.8892
-73614.3528
-73614.8222
-73618.1749
-73619.8960
-73618.5773
-73616.2527
-73626.4898
-73609.5919
-73616.8562
-73609.1225
-73612.0729
-73623.0923
-73617.3256
-73625.8416
-73624.5452
-73624.5899
-73625.7522
-73630.2896
-73631.9436
-73640.3702
-73630.8037
-73633.2847
-73634.6258
-73634.3799
-73625.1040
-73631.0719
-73630.2002
-73630.5131
-73623.3158
-73626.5568
-73631.3401
-73628.8367
-87508.1748
-175002.4468
-174966.8628
-174935.0339
-174923.1875
-174911.2293
-174912.0340
-174887.8717
-174876.3159
-174853.2265
-174855.7299
-174831.9700
-174836.7086
-174812.4793
-174828.3267
-174830.3607
-174897.5724
-174908.3236
-174918.8960
-174883.4461
-174930.2506
-174977.7481
-175027.7042
-175023.5468
-175040.1989
-175070.4408
-175163.0664
-175225.6736
-175206.0488
-175171.7836
-175116.6642
-175089.6856
-175065.2105
-175054.2358
-175033.3369
-175053.9675
-175044.3563
-175045.6303
-175010.2252
-175032.1075
-175035.7732
-175083.1813
-175093.7089
-175122.3639
-175121.1569
-175167.4250
-175126.2084
-175115.9713
-175120.3522
-175166.8886
-175212.9779
-175259.9612
-175252.3393
-175244.8291
-175239.6658
-175212.5532
-175220.6445
-175178.6679
-175134.0762
-175036.3544
-175037.6284
-175083.3824
-175101.0850
-175041.0259
-175031.0123
-174994.0872
-174972.2719
-174935.1904
-174934.4304
-174899.7405
-174892.4315
-174876.4053
-174878.8863
-174844.6658
-174816.0332
-174788.9429
-174787.8924
-174802.9127
-174810.6241
-174834.5405
-174851.9078
-174822.9623
-174762.6573
-174755.9294
-174741.4455
-174768.1334
-174818.0449
-174857.1381
-174828.2373
-174839.3684
-174807.1149
-174815.6756
-174791.8710
-174791.9157
-174746.1840
-174732.2365
-174718.6690
-174730.2472
-174725.1957
-174741.5125
-174758.7681
-174791.5581
-174803.1139
-174801.2811
-174786.4172
-174776.7836
-174789.3899
-174794.3967
-174820.7494
-174822.0011
-174846.5657
-174840.8437
-174858.0992
-174837.1109
-174861.4520
-174868.1351
-174902.4004
-174891.2468
-174910.0000
-174895.9854
-174922.8969
-174889.0787
-174917.1972
-174904.9932
-174915.0291
-174882.3285
-174893.8173
-174896.6560
-174903.3615
-174919.9018
-174974.1718
-175028.1289
-175065.7916
-175078.3533
-175061.1425
-175045.5633
-175013.0862
-175043.1269
-175068.3174
-175112.1715
-175090.3115
-175082.3319
-175027.4360
-175030.6100
-175047.4632
-175109.8469
-175136.6466
-175119.3240
-175417.6304
-177152.4387
-176772.5038
-175811.7811
-175226.2548
-174956.8716
-174836.1498
-174778.2588
-174776.7165
-174779.8905
-174815.1392
-174798.9788
-174771.3074
-174755.9517
-174800.9905
-174807.2043
-174832.2382
-174818.0672
-174825.6668
-174802.5328
-174825.7339
-174810.1771
-174800.0070
-174753.6272
-174762.0985
-174771.3744
-174826.6056
-174819.2519
-174823.0070
-174827.8796
-174849.2703
-174879.1545
-174872.9408
-174869.8339
-174868.7610
-174895.4490
-174901.7745
-174905.2614
-174899.1147
-174920.7064
-174907.9436
-174931.4129
-174933.7599
-174957.4304
-174939.5713
-174976.8317
-174985.1689
-174996.5683
-174973.4342
-174980.9220
-174958.2127
-174967.1534
-174959.7549
-174964.0018
-174953.8988
-174970.4614
-174978.4186
-174975.6917
-174987.0241
-174987.1805
-174996.3894
-174989.5945
-175007.7441
-175016.7966
-175048.5137
-175035.3709
-175068.7867
-175056.1804
-175072.8548
-175066.5963
-175096.1453
-175071.0666
-175092.1443
-175095.1842
-175134.8809
-175139.3959
-175153.9245
-175161.8818
-175202.5396
-175227.7077
-175270.4665
-175277.9767
-175275.2945
-175271.9194
-175253.0992
-175246.0137
-175198.8515
-175193.4648
-175167.3803
-175182.8030
-176403.1188
-180100.5444
-183926.5819
-186920.8887
-187500.0224
-187500.0224
-187500.0224
-187500.0224
-187500.0224
-187500.0224
-187500.0224
-187500.0224
-187500.0224
-187500.0224
-187500.0224
-187500.0224
-187500.0224
-187500.0224
-187500.0224
-187500.0224
-187500.0224
-187500.0224
-187500.0224
-187500.0224
-187500.0224
-187500.0224
-187500.0224
-187500.0224
-187500.0224
-187500.0224
-187500.0224
-187500.0224
-187500.0224
-187500.0224
-187500.0224
-187500.0224
-187500.0224
-187500.0224
-187500.0224
-187500.0224
-187500.0224
-187500.0224
-187500.0224
-187500.0224
-187500.0224
-187500.0224
-187500.0224
-187500.0224
-187500.0224
-187500.0224
-187500.0224
-187500.0224
-187500.0224
-187500.0224
-187500.0224
-187500.0224
-187500.0224
-187500.0224
-187500.0224
-187500.0224
-183927.1631
-178785.7701
-175716.0933
-174133.9474
-173398.6644
-173113.5679
-173060.9966
-173105.1189
-173199.1304
-173317.5499
-173458.5671
-173583.5133
-173733.2924
-173831.8189
-173929.5407
-173952.7641
-174036.2703
-174085.0641
-174144.5421
-174148.8784
-174169.7102
-174167.1174
-174208.3563
-174207.3058
-174232.6527
-174227.5341
-174242.0404
-174233.2785
-174249.9529
-174282.1171
-174303.5971
-174298.4339
-174277.0656
-174271.9247
-174273.5340
-174275.0540
-174266.8062
-174286.8110
-174305.4523
-174292.3095
-174242.1075
-174235.5808
-174228.3612
-174297.8527
-174354.1121
-174450.6493
-174493.1846
-174573.9862
-174600.0036
-174640.0132
-174636.0793
-174652.1949
-174607.6479
-174617.1921
-174603.6022
-174619.6061
-174605.7257
-174581.2058
-174561.7598
-174571.9969
-174576.0872
-174565.0902
-174568.7112
-174551.8133
-174555.9707
-174531.6520
-174539.1175
-174535.1612
-174547.6558
-174513.0330
-174501.7230
-174447.4306
-174447.9670
-174432.1644
-174482.7911
-174469.7153
-174460.3499
-174435.4724
-174450.5822
-174445.7319
-174478.7901
-174490.9495
-174519.6491
-174557.2224
-174594.5274
-174617.6391
-174618.5556
-174627.0716
-174657.6041
-174750.4979
-174790.4628
-174799.0235
-174763.1266
-174739.8361
-174622.2436
-174583.1280
-174567.8618
-174620.4108
-174610.8219
-174619.7849
-174614.0405
-174684.3591
-174731.7001
-174773.2520
-174778.5270
-174836.1051
-174876.6735
-174884.6084
-174912.2575
-174945.0922
-174946.6121
-174914.4480
-174896.6336
-174866.8611
-174880.5627
-174876.5170
-174907.6977
-174884.7425
-174856.7134
-174808.6348
-174811.8311
-174822.1129
-174847.1692
-174804.0303
-174796.2072
-174772.7826
-174782.6174
-174754.2754
-174752.8225
-174739.5456
-174782.3715
-174813.9098
-174823.9681
-174834.1381
-174837.9603
-174822.9846
-174810.8029
-174812.1887
-174813.6416
-174825.5327
-174821.4647
-174842.9894
-174827.6338
-174833.9370
-174807.1819
-174815.8544
-174830.8748
-174882.7755
-174842.0059
-174856.4005
-174855.6405
-174869.3868
-174830.9865
-174818.4249
-174784.8972
-174784.4502
-174788.9876
-174807.2043
-174771.7544
-174749.9615
-174745.6252
-174741.1996
-174745.6923
-174722.6476
-174728.4367
-174731.0966
-174741.3337
-174731.7001
-174726.6933
-174675.0384
-174666.6342
-174648.9763
-174670.1434
-174660.4427
-174679.9335
-174666.7683
-174706.9791
-174699.0218
-174702.3522
-174694.7750
-174714.7575
-174716.7244
-174733.9129
-174730.9401
-174722.5135
-174723.9887
-174725.2404
-174749.7156
-174751.5931
-174760.3997
-174749.5368
-174751.2579
-174735.0529
-174752.3308
-174737.9586
-174750.6544
-174738.0256
-174771.6874
-174765.2277
-174786.2607
-174767.5299
-174779.8234
-174761.3832
-174769.9886
-174762.3667
-174798.8894
-174806.3773
-174794.7097
-174772.6932
-174763.5066
-174767.3288
-174762.5678
-174765.8536
-174764.9818
-174775.4872
-174783.1762
-174807.2713
-174802.6669
-174810.6465
-174762.9031
-174760.4891
-174739.3667
-174767.5970
-174750.1403
-174766.5241
-174715.9645
-174692.0704
-174659.2804
-174663.0579
-174644.7071
-174655.9500
-174647.0764
-174654.3854
-174653.2231
-174671.1269
-174680.4252
-174678.6147
-174680.4922
-174688.4495
-174714.6457
-174718.0879
-174726.9168
-174686.8401
-174679.4641
-174659.6828
-174669.1599
-174648.0375
-174670.7916
-174662.9685
-174685.2755
-174678.6818
-174706.4426
-174692.8751
-174706.7555
-174684.1579
-174691.8469
-174678.5923
-174685.8790
-174686.2813
-174705.0792
-174712.1200
-174723.4299
-174732.8400
-174735.9246
-174753.8730
-174749.2462
-174761.2714
-174757.2258
-174775.6883
-174772.3579
-174798.8671
-174785.0314
-174826.2256
-174850.0526
-174889.5705
-174881.1215
-174909.6200
-174964.5382
-175131.1481
-177058.7402
-180830.6418
-184215.3217
-186727.3896
-187500.0224
-187500.0224
-187500.0224
-187500.0224
-187500.0224
-187500.0224
-187500.0224
-186326.4887
-181019.6034
-177256.5084
-175266.6667
-174287.0568
-173869.2357
-173701.0835
-173699.7200
-173728.4197
-173819.4136
-173879.8751
-173968.4551
-174019.2159
-174087.9922
-174122.1904
-174178.4944
-174215.9783
-174271.4106
-174303.0830
-174339.7399
-174355.5426
-174388.1985
-174411.2431
-174444.0555
-174482.0311
-174495.5986
-174507.7356
-174487.6637
-174498.8396
-174499.8007
-174537.1952
-174495.8221
-174489.4742
-174466.5860
-174486.9038
-174487.8649
-174518.3974
-174522.0854
-174552.0368
-174548.9299
-174574.6567
-174570.7005
-174579.8423
-174580.5576
-174601.5906
-174604.6528
-174611.6936
-174601.4565
-174560.9104
-174541.0174
-174520.9008
-174525.5500
-174512.6306
-174524.0300
-174512.5189
-174522.0631
-174507.1545
-174527.8075
-174515.6258
-174538.5363
-174533.2613
-174574.6567
-174563.0115
-174576.1319
-174550.2486
-174563.0338
-174551.9027
-174572.3769
-174576.0649
-174595.8015
-174590.1688
-174581.0493
-174589.7442
-174595.5556
-174593.2310
-174588.5148
-174615.9851
-174625.4846
-174642.4272
-174628.9044
-174648.3504
-174645.3553
-174658.4534
-174627.1610
-174645.2659
-174633.6206
-174661.2921
-174653.1114
-174673.6526
-174665.5613
-174687.6225
-174683.7556
-174718.0879
-174702.2181
-174703.2016
-174706.6438
-174729.4873
-174730.7166
-174719.3843
-174711.0024
-174701.3241
-174705.9062
-174703.2463
-174716.2550
-174705.7944
-174724.0334
-174716.3221
-174742.2725
-174743.5018
-174764.4677
-174737.0198
-174747.2793
-174715.7409
-174727.0062
-174714.8692
-174756.4435
-174763.2384
-174790.4628
-174788.6970
-174789.9264
-174771.1062
-174772.8497
-174791.5804
-174806.3549
-174822.2247
-174828.9749
-174831.8583
-174800.9011
-174803.5162
-174768.0217
-174748.7992
-174718.6914
-174710.5106
-174673.6526
-174678.2794
-174661.5603
-174681.6992
-174665.8071
-174683.9791
-174662.7897
-174678.3688
-174664.5331
-174660.6662
-174643.5672
-174652.9772
-174655.8606
-174669.3164
-174660.1969
-174665.5166
-174665.1366
-174665.0695
-174674.6808
-174672.3786
-174701.3911
-174703.5816
-174725.5087
-174713.4834
-174742.3842
-174715.2939
-174726.5368
-174733.6894
-174768.4911
-174753.6272
-174763.5960
-174759.5951
-174850.1867
-174922.9416
-174960.7831
-174956.4692
-174973.5460
-174981.3020
-175003.3185
-175003.6761
-174983.7160
-174969.5003
-174978.4633
-174995.1601
-175000.8821
-175013.0191
-174986.5547
-174996.3671
-175019.3894
-175074.8217
-175065.0540
-175054.2134
-175024.9326
-175054.1240
-175069.7032
-175104.7954
-175073.1900
-175066.7080
-175038.7460
-175035.9744
-175024.6868
-175043.1046
-175032.0181
-175062.1706
-175126.5660
-175195.7894
-175233.3179
-175207.6581
-175186.6475
-175168.4979
-175170.2637
-175150.0130
-175154.7069
-175142.6146
-175161.3230
-175132.7127
-175143.3298
-175132.0198
-175134.5232
-175136.1102
-175185.5523
-175194.4930
-175225.0478
-175209.3569
-175224.4890
-175219.4599
-175216.3530
-175190.4696
-175182.0207
-175201.1091
-175343.3332
-175476.8849
-175511.4407
-175517.8556
-175500.6448
-175478.9636
-175407.5498
-175363.9415
-175316.8017
-175298.1380
-175237.0283
-175235.3072
-175208.6416
-175227.9759
-175228.3782
-175242.7280
-175215.0566
-175238.3918
-175229.6523
-175241.9234
-175218.9905
-175225.4278
-175220.6445
-175233.7873
-175245.2314
-175248.8301
-175246.3043
-175258.3519
-175256.7873
-175250.9088
-175236.3354
-175216.0177
-175233.4744
-175232.0439
-175251.1546
-175173.6388
-175153.5669
-175146.2355
-175169.5484
-175151.0635
-175167.3356
-175150.2589
-175153.5222
-175132.7574
-175153.7010
-175145.1403
-175171.4260
-175173.4600
-175191.6096
-175192.3248
-175197.7340
-175201.8690
-175203.5901
-175207.0323
-175208.3734
-175219.3034
-175214.6319
-175224.7796
-175214.6319
-175234.5026
-175219.5716
-175213.2237
-175171.9848
-175180.6572
-175165.7933
-175194.1577
-175193.4648
-175232.8486
-175230.9710
-175250.1488
-175218.0070
-175211.2344
-175181.5513
-175190.0897
-175187.8545
-175201.3996
-175221.3374
-175246.1255
-175264.4316
-175263.8281
-175263.2469
-175241.5657
-175256.0273
-175253.4569
-175252.0487
-175214.1625
-175217.2023
-175197.7116
-175223.4608
-175200.6844
-175209.0439
-175200.7738
-175207.7028
-175181.3054
-175217.0682
-175215.5260
-175242.0575
-175248.5618
-175264.3198
-175256.9214
-175262.6881
-175269.5948
-175278.0661
-175287.4092
-175286.6492
-175271.3606
-175249.5677
-175242.6386
-175230.8816
-175252.5851
-175251.0652
-175276.1662
-175244.2926
-175252.9651
-175255.2226
-175282.8047
-175271.0030
-175292.8183
-175270.9583
-175281.0836
-175255.2003
-175246.6619
-175223.3714
-175232.0215
-175221.1139
-175231.0157
-175220.8457
-175219.7281
-175221.6503
-175221.2033
-175226.5454
-175216.2412
-175223.7514
-175216.6882
-175232.2004
-175220.5998
-175243.1304
-175245.7232
-175277.9991
-175265.1245
-175292.5948
-175295.5675
-175336.8065
-175332.4256
-175347.4907
-175334.2808
-175352.6763
-175352.5868
-175359.5159
-175422.5031
-176613.6723
-176664.8354
-176078.4821
-175684.1973
-175477.8684
-175382.0912
-175324.3119
-175308.7774
-175295.2993
-175304.7541
-175291.4548
-175299.0991
-175268.7455
-175279.4519
-175268.3431
-175289.8902
-175286.5598
-175331.0845
-175330.2351
-175351.9163
-175333.1408
-175331.0845
-175318.5004
-175336.6054
-175345.3672
-175381.7112
-175392.1047
-175406.4769
-175408.8238
-175406.2981
-175400.1067
-175371.2282
-175365.5956
-175377.3973
-175408.8015
-175424.9171
-175479.5448
-175504.6681
-175519.2638
-175481.0870
-175510.5019
-175501.4048
-175520.7614
-175508.7138
-175533.2784
-175528.0257
-175554.8478
-175560.3240
-175591.7952
-175573.5115
-175544.9460
-175508.8032
-175503.9752
-175505.6069
-175524.4494
-175531.2667
-175522.7283
-175600.8030
-175658.1128
-175678.4753
-175673.1332
-175686.0302
-175667.2994
-175681.7386
-175663.2314
-175670.0487
-175648.5016
-175674.6084
-175668.8864
-175692.2887
-175659.3198
-175663.4996
-175645.1265
-175658.1352
-175642.4219
-175633.3024
-175606.0780
-175587.2355
-175590.5212
-175587.8837
-175588.5989
-175590.5212
-175600.4453
-175588.8224
-175577.5795
-175570.7622
-175591.7952
-175578.1159
-175599.5066
-175579.7029
-175578.2501
-175549.5728
-175518.5038
-175461.1493
-175470.5817
-175447.7382
-175457.2601
-175444.2961
-175454.9578
-175418.5021
-175447.2912
-175472.3922
-175509.2502
-175523.6000
-175538.3298
-175555.7642
-175568.5047
-175574.1150
-175559.0499
-175567.9012
-175563.2520
-175575.2102
-175538.8886
-175552.9702
-175528.4727
-175552.4785
-175563.2297
-175605.4074
-175605.8768
-175638.1974
-175642.7795
-175728.0738
-175775.6830
-175788.3788
-175761.6238
-175780.8463
-175784.3331
-175825.4827
-175857.5575
-175912.5651
-175935.8780
-175956.3522
-175926.6467
-175892.0015
-175859.7703
-175795.4643
-175769.5363
-175730.1972
-175713.3440
-175677.4471
-175684.4879
-175656.5706
-175667.2324
-175624.7864
-175645.5959
-175653.1061
-175705.8785
-175700.1118
-175712.2711
-175731.4936
-175740.0320
-175689.4053
-175640.9914
-175604.3345
-175563.5873
-175509.8537
-175502.1647
-175511.4630
-175494.0063
-175475.2532
-175439.7587
-175428.6498
-175408.5780
-175423.4195
-175415.6858
-175428.3816
-175396.7986
-175412.8024
-175368.7695
-175352.5868
-175334.5713
-175368.1437
-175367.2496
-175392.3506
-175405.8064
-175443.8490
-175437.6129
-175453.2815
-175461.7304
-175481.2435
-175488.6419
-175496.6215
-175495.9286
-175486.2503
-175466.4690
-175451.1804
-175460.2552
-175457.9977
-175487.7031
-175469.3971
-175485.6021
-175490.2512
-175518.0568
-175479.9024
-175487.7478
-175479.6789
-175511.4407
-175501.4048
-175536.4299
-175530.7973
-175549.0810
-175534.9324
-175544.0742
-175542.1073
-175553.5514
-175561.5086
-175562.8497
-175556.4571
-175535.4465
-175518.9509
-175493.9840
-175495.7721
-175477.3096
-175488.1055
-175484.9315
-175534.4406
-175584.2627
-175648.5910
-175665.2207
-175701.8552
-175690.1429
-175715.8474
-175710.5500
-175720.7871
-175694.1439
-175713.7910
-175800.8734
-175934.4922
-175999.1558
-176027.9225
-176046.6979
-176052.6211
-176061.3607
-176045.4686
-175996.4959
-175936.6603
-175907.7595
-175874.4107
-175873.9189
-175855.8811
-175863.6818
-175826.8015
-175813.6586
-175775.6160
-175774.5431
-175739.9873
-175777.8511
-175799.9123
-175837.6644
-175828.1426
-175860.9996
-175882.3679
-175894.8178
-175874.4777
-175865.6935
-175856.7975
-175859.4350
-175847.7003
-175823.9181
-175800.8958
-175758.0922
-175728.9902
-175689.9864
-175692.1769
-175690.8805
-175742.2225
-175745.4411
-175736.7463
-175687.5501
-175699.6647
-175697.9884
-175725.5034
-175706.8843
-175685.8514
-175656.4141
-175717.4567
-175727.6044
-175772.7773
-175782.2768
-175774.5654
-175780.0863
-175780.0193
-175798.9512
-175818.3525
-175816.8549
-175783.3273
-175727.4703
-175693.0486
-175706.8396
-175689.7406
-175690.0982
-175669.7805
-175696.8037
-175672.9768
-175671.8815
-175654.8942
-175706.6385
-175714.5510
-175742.6024
-175720.0272
-175729.2808
-175707.8678
-175716.1380
-175697.2507
-175706.3256
-175698.0778
-175714.4392
-175734.7346
-175755.6112
-175788.5576
-175810.9988
-175797.6995
-175789.0494
-175820.6100
-175820.0959
-175825.8627
-175798.7053
-175813.8374
-175801.5216
-175848.5274
-175851.3437
-175859.7479
-175837.5303
-175884.7372
-175893.2085
-175904.2503
-175884.2678
-175901.8139
-175905.3678
-175944.0587
-175957.1121
-175992.4279
-176009.3705
-176019.0265
-176032.1693
-176037.4219
-176024.2791
-176003.6485
-175998.5746
-175979.1733
-175996.1383
-175984.0013
-176007.2247
-176004.4308
-176006.9342
-175971.9313
-175969.4726
-175969.7409
-175964.4435
-175897.8577
-175905.7478
-175875.3494
-175870.8120
-175865.1794
-175882.7926
-175865.6264
-175886.3242
-175903.8479
-175918.4660
-175911.8051
-175917.1472
-175925.6856
-175893.5438
-175888.5817
-175881.8985
-175904.8090
-175929.6865
-175961.2696
-175946.5845
-175976.0441
-175959.0791
-175959.2802
-175921.6399
-175940.7059
-175938.9402
-175962.5883
-175963.9965
-175977.8098
-175976.4017
-175992.7855
-175985.1412
-175987.1752
-175994.1937
-175996.0712
-176005.3695
-176014.8914
-176028.8165
-176027.6766
-176032.5716
-176027.9672
-176048.4414
-176053.1352
-176082.9972
-176070.3684
-176066.0545
-176049.8272
-176076.1352
-176075.8893
-176036.8855
-175962.3424
-176011.8739
-176034.3821
-176059.8631
-176053.2693
-176076.1799
-176076.0011
-176100.7891
-176079.4432
-176075.3305
-176111.2051
-176124.4596
-176152.1535
-176174.7064
-176183.3118
-176188.1174
-176195.9629
-176152.5781
-176151.4158
-176129.2429
-176168.8279
-176153.7851
-176174.6840
-176162.0553
-176189.0562
-176156.8026
-176167.5091
-176156.1544
-176178.1038
-176175.1087
-176225.8248
-176250.2106
-176262.3476
-176239.0570
-176221.7791
-176167.9561
-176148.5325
-176178.8191
-176167.3303
-176164.8716
-176140.9999
-176136.3508
-176089.4568
-176080.1138
-176086.0370
-176087.0652
-176031.5434
-176012.9244
-175999.2675
-176027.9895
-176038.2490
-176061.4054
-176050.1401
-176065.2275
-176029.6435
-176038.9642
-176045.0439
-176084.0253
-176116.9047
-176148.8007
-176185.0999
-176207.9434
-176217.8676
-176234.4079
-176295.4505
-176373.5698
-176425.3812
-176420.8214
-176440.7368
-176442.7708
-176473.6386
-176472.0293
-176466.3296
-176432.4667
-176459.9817
-176458.8641
-176483.1381
-176464.9885
-176464.5414
-176393.7982
-176397.3521
-176406.6951
-176415.3229
-176367.2666
-176343.9314
-176327.4358
-176321.0656
-176343.5738
-176356.0014
-176361.6116
-176371.9382
-176418.2063
-176410.2490
-176405.2423
-176399.9002
-176413.6465
-176385.2598
-176377.0120
-176360.5611
-176380.2754
-176365.9702
-176380.1859
-176360.3376
-176386.8691
-176362.8633
-176351.2851
-176325.2230
-176348.3794
-176346.7701
-176340.8245
-176298.5797
-176308.1910
-176314.1812
-176292.8800
-176287.3144
-176279.6702
-176272.8305
-176226.8753
-176212.3243
-176218.9405
-176238.3641
-176208.0105
-176207.5858
-176155.3945
-176104.7678
-176033.0857
-176025.1955
-176026.4696
-176102.1302
-176133.0651
-176175.0640
-176183.8706
-176183.3341
-176135.4567
-176115.8766
-176079.3315
-176070.4578
-176055.2363
-176030.2023
-176027.5648
-176035.8126
-176063.1712
-176061.9418
-176075.2411
-176073.3859
-176098.1740
-176093.6142
-176115.7425
-176131.5898
-176173.5664
-176164.7151
-176180.3614
-176167.5762
-176196.7452
-176179.9367
-176207.0046
-176206.5576
-176209.3963
-176173.0523
-176186.7763
-176166.9056
-176157.4732
-176146.9455
-176137.1331
-176122.8280
-176114.3790
-176107.9641
-176089.5239
-176092.8096
-176081.9243
-176098.5987
-176063.5288
-176074.7941
-176065.4510
-176102.9126
-176089.8144
-176127.2983
-176111.6074
-176126.5831
-176133.3333
-176147.1243
-176090.4179
-176069.4296
-176060.9136
-176078.3256
-176095.7376
-176117.3294
-176134.0709
-176170.4148
-176191.8725
-176203.0260
-176199.8968
-176218.0464
-176237.6936
-176223.4779
-176222.7179
-176202.6237
-176216.7947
-176198.5333
-176218.6499
-176203.0037
-176233.5809
-176226.4506
-176236.5089
-176203.7860
-176210.8491
-176198.0416
-176212.0114
-176198.4216
-176205.9988
-176205.3730
-176230.8092
-176227.5012
-176201.7296
-176147.6607
-176114.2449
-176111.8533
-176107.0923
-176117.0612
-176119.9669
-176144.5986
-176143.9504
-176169.0514
-176163.6870
-176185.0329
-176169.8560
-176184.5635
-176168.5820
-176195.4264
-176181.7695
-176198.8462
-176200.8355
-176207.2505
-176195.2923
-176207.2058
-176186.2175
-176197.0581
-176191.6043
-176173.7676
-176194.2865
-176213.2408
-176230.5634
-176232.5974
-176242.0745
-176223.5226
-176227.8812
-176217.9570
-176223.1426
-176184.1164
-176203.1154
-176188.8327
-176216.1465
-176213.5984
-176208.8375
-176196.4323
-176205.8870
-176201.3049
-176189.5479
-176168.1126
-176163.2846
-176134.2721
-176167.1291
-176158.0767
-176146.9455
-176109.0146
-176089.5909
-176065.2499
-176040.2830
-176041.1994
-176027.6989
-176041.9817
-176041.3559
-176084.2041
-176088.2051
-176106.4888
-176100.4315
-176132.1039
-176142.5422
-176181.3448
-176158.0767
-176181.5460
-176190.4196
-176228.6858
-176243.1921
-176288.0744
-176283.2017
-176259.6206
-176228.0153
-176234.8102
-176215.7218
-176226.7189
-176254.7256
-176280.2289
-176285.9286
-176268.2484
-176276.8538
-176270.4165
-176268.2037
-176250.0094
-176282.4194
-176265.5215
-176245.9414
-176207.4070
-176220.2369
-176191.8949
-176210.9162
-176204.6577
-176232.4186
-176227.4788
-176246.4331
-176208.0552
-176199.8521
-176157.0932
-176130.7181
-176110.3557
-176106.5112
-176106.8912
-176112.6579
-176130.4052
-176118.6929
-176116.1448
-176094.0166
-176102.8455
-176080.9184
-176084.7629
-176057.6056
-176059.8184
-176038.7854
-176076.5375
-176084.5618
-176111.1827
-176102.4432
-176130.6511
-176110.1992
-176123.6550
-176119.1623
-176128.5947
-176121.7327
-176120.1681
-176111.6521
-176099.0010
-176078.2809
-176064.6687
-176073.8553
-176077.8339
-176094.7765
-176092.8766
-176120.8610
-176127.3430
-176153.8969
-176144.6656
-176166.5033
-176155.2380
-176168.7161
-176154.9474
-176190.5314
-176190.4643
-176218.1134
-176223.1873
-176240.1299
-176210.4915
-176179.8473
-176146.3643
-176145.3362
-176132.3275
-176129.0865
-176125.2643
-176123.0515
-176127.4771
-176120.3022
-176136.2837
-176141.9164
-176162.7258
-176110.5122
-176069.0497
-176006.9565
-176019.5853
-176006.8224
-176008.2306
-175968.0868
-175978.9498
-175964.7341
-175983.9566
-175973.7642
-175997.9935
-176008.5882
-176057.3150
-176064.8922
-176086.5734
-176076.8281
-176070.1673
-176090.3956
-176046.6085
-176013.4832
-176006.2413
-175999.9828
-175994.9089
-176009.2587
-175997.1441
-176039.0313
-176082.9524
-176130.3158
-176139.3459
-176178.7073
-176119.1623
-176087.7357
-176051.1906
-176074.6823
-176099.6716
-176088.1828
-176038.6513
-176047.3685
-176054.5881
-176084.5171
-176114.6249
-176121.7327
-176174.2370
-176187.2457
-176178.5285
-176193.7277
-176201.7296
-176169.9007
-176168.2020
-176108.3217
-176119.2070
-176115.5636
-176145.6938
-176167.4197
-176225.8695
-176165.0057
-176192.2525
-176204.2107
-176248.7800
-176213.8666
-176177.4109
-176155.8862
-176165.9445
-176157.3614
-176174.5499
-176178.8861
-176182.5071
-176205.3283
-176235.9948
-176279.7819
-176327.6817
-176355.5990
-176328.5311
-176276.9432
-176222.4720
-176221.4886
-176206.2447
-176242.3204
-176248.4448
-176308.7051
-176323.5243
-176341.1822
-176341.4727
-176371.8935
-176353.5427
-176376.7885
-176325.8265
-176300.5690
-176272.6294
-176279.9607
-176284.4087
-176333.7167
-176389.9313
-176414.9429
-176398.7826
-176377.7496
-176363.5115
-176373.5251
-176347.9547
-176322.8314
-176342.1656
-176352.8051
-176357.9907
-176318.5175
-176359.1083
-176383.2928
-176411.9031
-176382.2423
-176391.0042
-176379.5377
-176371.2005
-176368.6301
-176387.5620
-176329.0228
-176294.7352
-176272.1823
-176273.9928
-176287.9850
-176324.5972
-176361.8128
-176405.7563
-176415.5464
-176431.4608
-176442.7932
-176457.8806
-176475.9185
-176453.6785
-176492.7270
-176479.3606
-176484.0769
-176485.5744
-176525.1370
-176500.1701
-176535.1953
-176514.3858
-176496.4374
-176473.4598
-176524.3994
-176555.2001
-176583.4974
-176544.1136
-176501.4665
-176464.1615
-176454.6396
-176409.1538
-176356.0237
-176345.7419
-176337.1365
-176341.9645
-176334.6331
-176343.5291
-176341.0927
-176367.2890
-176400.9954
-176424.7106
-176398.2015
-176416.7758
-176467.2907
-176531.4849
-176477.2372
-176471.7163
-176450.1693
-176442.1673
-176360.4270
-176379.0013
-176417.7592
-176464.4520
-176454.6843
-176433.3831
-176413.5124
-176404.2141
-176371.4017
-176324.2395
-176303.2512
-176277.8150
-176276.5633
-176264.1133
-176269.8130
-176231.2563
-176233.8044
-176200.1203
-176205.7082
-176192.7219
-176229.1776
-176290.5331
-176326.2735
-176250.0988
-176235.6819
-176213.7549
-176222.5167
-176216.3253
-176231.0551
-176239.8617
-176288.5438
-176302.8936
-176310.0015
-176327.7935
-176376.4979
-176429.5162
-176447.7776
-176466.9778
-176476.7008
-176492.3694
-176473.2363
-176476.7455
-176460.6299
-176489.9777
-176501.9583
-176555.0660
-176523.5500
-176527.5510
-176494.8951
-176505.5569
-176510.3178
-176525.7182
-176488.4801
-176459.1100
-176418.2733
-176418.9662
-176426.9234
-176446.1459
-176466.9107
-176481.3276
-176498.2926
-176491.5423
-176478.1760
-176444.9166
-176439.9098
-176426.3423
-176459.7358
-176462.9545
-176485.7309
-176501.6230
-176558.3964
-176578.0659
-176635.5993
-176630.1679
-176678.0229
-176652.3408
-176597.9813
-176548.5393
-176549.9251
-176528.9145
-176539.3527
-176533.8542
-176525.8299
-176518.3197
-176546.1477
-176565.8619
-176542.9737
-176523.2371
-176530.8814
-176554.3954
-176513.6035
-176550.0816
-176639.3321
-176739.1997
-176774.1578
-176852.7465
-176882.1838
-176902.2333
-176887.4141
-176906.9495
-176909.1176
-176906.1895
-176877.5123
-176889.2916
-176853.3947
-176821.7670
-176826.9750
-176846.8010
-176831.9371
-176833.7922
-176862.6260
-176884.2401
-176882.3402
-176825.4774
-176812.5357
-176802.1645
-176814.6815
-176801.5610
-176797.3366
-176777.1306
-176776.0577
-176736.1598
-176738.5962
-176716.8256
-176724.1793
-176704.1745
-176728.4261
-176729.4990
-176742.9995
-176741.4795
-176784.6631
-176796.2637
-176809.7865
-176784.4843
-176764.4571
-176761.0597
-176743.2006
-176750.1744
-176774.9625
-176780.1034
-176758.1763
-176758.6233
-176745.8158
-176798.6553
-176803.6174
-176803.7515
-176726.5486
-176712.1541
-176692.5516
-176717.1161
-176748.8780
-176809.8312
-176818.1907
-176841.9059
-176835.6921
-176849.1702
-176850.8243
-176829.9477
-176817.0955
-176818.8613
-176834.4628
-176829.0984
-176841.8389
-176851.9419
-176870.6056
-176861.3072
-176864.0789
-176824.1139
-176800.5329
-176754.8235
-176785.2219
-176793.6038
-176824.2928
-176815.4862
-176842.7329
-176835.3569
-176846.8680
-176830.2607
-176854.6911
-176839.8049
-176791.3686
-176741.5466
-176769.7098
-176806.1431
-176815.4862
-176821.1635
-176820.3812
-176824.0916
-176834.9322
-176832.2276
-176792.9109
-176824.9186
-176848.3879
-176896.4218
-176896.7571
-176906.7036
-176851.9642
-176849.0138
-176809.0712
-176780.8857
-176704.5545
-176683.8120
-176648.0045
-176655.6265
-176634.6159
-176639.6003
-176639.8685
-176657.4370
-176655.0901
-176665.4389
-176665.7071
-176671.1386
-176674.4467
-176678.2241
-176685.4214
-176681.6886
-176695.7702
-176687.2095
-176703.4592
-176695.3232
-176704.9568
-176686.9636
-176714.9927
-176703.9286
-176710.7459
-176688.7518
-176705.9626
-176676.3466
-176701.6040
-176711.4164
-176745.5029
-176720.4689
-176687.7460
-176687.7012
-176685.7343
-176673.6196
-176659.9404
-176658.7557
-176636.7840
-176635.1076
-176608.2631
-176612.8676
-176601.3341
-176636.6499
-176673.0609
-176744.8547
-176734.6176
-176752.1413
-176744.1618
-176734.1035
-176695.8373
-176706.8343
-176693.7362
-176710.3883
-176690.5176
-176703.5039
-176698.4971
-176700.4641
-176692.5069
-176698.6313
-176694.6750
-176690.7858
-176732.4941
-176784.6631
-176783.1432
-176756.9917
-176759.8974
-176766.4464
-176799.0800
-176789.2676
-176766.4688
-176713.6963
-176701.5593
-176656.5206
-176689.6682
-176696.5525
-176694.3621
-176677.0171
-176701.7605
-176667.4282
-176683.6779
-176686.3378
-176733.1870
-176732.7400
-176732.3824
-176702.1852
-176656.7441
-176637.9463
-176643.6460
-176686.0472
-176690.9646
-176692.2387
-176686.6507
-176718.3678
-176698.8548
-176723.8440
-176684.1026
-176647.8257
-176610.7218
-176635.3982
-176589.1748
-176610.0066
-176580.5917
-176570.4440
-176550.7074
-176555.3789
-176540.6044
-176553.2555
-176586.5820
-176617.5391
-176574.2438
-176545.3877
-176543.6890
-176555.3342
-176589.3983
-176540.2021
-176500.2372
-176457.2324
-176455.0196
-176453.3209
-176500.0360
-176511.9495
-176542.2808
-176534.5918
-176558.4411
-176545.7230
-176566.6442
-176541.6549
-176546.6617
-176532.3119
-176566.4207
-176577.6413
-176618.7685
-176632.5371
-176646.4846
-176622.9929
-176618.0756
-176648.7198
-176674.2678
-176716.4903
-176742.1277
-176752.0072
-176757.8187
-176783.9255
-176785.9595
-176780.9304
-176765.0830
-176750.0850
-176733.8800
-176773.7778
-176748.8556
-176776.4824
-176791.0334
-176834.2393
-176831.2442
-176859.8097
-176861.0837
-176844.6105
-176811.5746
-176789.4687
-176765.9324
-176742.6865
-176685.6002
-176638.5721
-176609.8054
-176586.9396
-176582.4916
-176581.9998
-176600.1048
-176600.9988
-176603.7034
-176597.5567
-176635.4205
-176621.7412
-176641.9919
-176636.8063
-176673.3961
-176673.7761
-176692.1269
-176677.7994
-176683.5215
-176675.4525
-176669.2164
-176630.7490
-176625.9434
-176618.6120
-176628.3350
-176629.2514
-176612.2641
-176636.3369
-176637.5663
-176647.7363
-176632.4254
-176696.6419
-176760.4115
-176779.2763
-176774.7389
-176805.6738
-176797.8059
-176778.5834
-176713.4728
-176708.4884
-176670.9821
-176662.2203
-176640.0250
-176645.7694
-176606.6538
-176597.3108
-176580.0999
-176587.6548
-176586.6043
-176600.5518
-176602.0047
-176609.0902
-176611.9735
-176602.9658
-176604.2622
-176630.9949
-176643.1319
-176621.9424
-176621.8977
-176634.9735
-176692.7080
-176682.6274
-176696.7537
-176665.7518
-176641.0085
-176585.0844
-176598.9872
-176582.2457
-176595.7015
-176574.6908
-176584.1009
-176569.1699
-176565.9513
-176554.6190
-176568.7900
-176580.2788
-176555.3566
-176544.6724
-176564.7890
-176596.4167
-176616.0416
-176625.7869
-176598.8307
-176593.9133
-176586.2914
-176607.0338
-176613.5158
-176623.8423
-176576.9484
-176560.2963
-176548.6957
-176596.6849
-176583.7880
-176600.3283
-176599.3448
-176645.0094
-176647.4458
-176689.7800
-176668.9481
-176627.6198
-176617.5838
-176649.1892
-176671.8092
-176629.5644
-176617.0027
-176599.2330
-176613.9852
-176608.5984
-176619.3720
-176616.7345
-176656.3418
-176665.7965
-176699.8159
-176709.4271
-176716.6915
-176644.0036
-176588.4819
-176517.8503
-176472.1410
-176440.2227
-176476.6561
-176532.5801
-176597.0873
-176587.0513
-176624.6693
-176641.4108
-176631.5984
-176622.0095
-176645.7247
-176672.2115
-176679.9899
-176699.3242
-176705.4932
-176720.8936
-176680.4816
-176685.9131
-176673.5079
-176720.8936
-176736.1598
-176762.6690
-176767.4970
-176792.2180
-176714.2104
-176662.1309
-176607.0562
-176606.5868
-176591.4993
-176584.9279
-176566.7560
-176579.9882
-176588.5713
-176589.9347
-176584.7491
-176595.6791
-176595.1874
-176589.3983
-176604.9104
-176601.2223
-176613.5829
-176598.7860
-176608.4867
-176585.4867
-176578.2895
-176579.3623
-176585.7549
-176550.5733
-176561.0116
-176560.1398
-176599.4566
-176598.4954
-176601.9153
-176606.5868
-176616.1533
-176555.2895
-176533.8318
-176522.2313
-176527.8192
-176532.8484
-176540.6044
-176563.8279
-176573.3721
-176581.6646
-176577.2166
-176599.8365
-176597.6014
-176622.9929
-176632.8277
-176685.0637
-176687.6789
-176738.3503
-176743.6924
-176737.8809
-176773.8225
-177018.1941
-177106.1259
-177042.9375
-177014.8414
-177036.9920
-176982.2749
-176946.3556
-176905.0496
-176773.3755
-176652.9666
-176608.8219
-176589.7336
-176578.6247
-176586.6267
-176578.6024
-176591.8793
-176580.7482
-176601.4012
-176591.0970
-176613.3817
-176598.8084
-176605.0668
-176576.3225
-176584.9726
-176583.1398
-176615.6616
-176602.9881
-176625.2952
-176624.7364
-176651.2903
-176634.0794
-176634.9735
-176628.3797
-176645.4117
-176650.6421
-176644.6741
-176633.2077
-176620.9142
-176644.7188
-176654.3748
-176654.3524
-176617.8744
-176630.2573
-176627.5080
-176645.5682
-176642.9084
-176647.9375
-176593.0416
-176579.2282
-176525.1370
-176531.0602
-176534.8824
-176567.0018
-176570.9357
-176590.0912
-176595.3438
-176584.7491
-176570.6899
-176571.2487
-176569.7287
-176575.1155
-176572.5004
-176568.7453
-176583.7209
-176592.6616
-176612.8676
-176620.6460
-176653.3019
-176644.2942
-176656.4759
-176645.7917
-176670.0434
-176678.1347
-176798.9012
-176858.6027
-176906.6813
-176916.7172
-176922.5734
-176909.3188
-176887.3470
-176840.7213
-176837.1897
-176822.4599
-176827.3997
-176819.4424
-176816.7379
-176812.1558
-176809.4512
-176813.5863
-176816.1791
-176843.2470
-176859.9885
-176895.2148
-176901.9651
-176850.8913
-176760.0315
-176724.2687
-176667.4059
-176653.6372
-176611.8618
-176614.4546
-176599.0989
-176613.0688
-176604.7092
-176623.8200
-176581.6646
-176568.9464
-176545.7453
-176549.1204
-176538.9280
-176546.3041
-176539.4198
-176521.2031
-176512.8659
-176502.1594
-176494.4928
-176470.7552
-176487.7872
-176490.7377
-176515.2575
-176514.6093
-176540.2244
-176531.6861
-176557.4353
-176542.2137
-176564.3867
-176565.4149
-176594.2039
-176567.8735
-176573.7744
-176568.4323
-176594.3827
-176599.5683
-176644.2495
-176687.6565
-176715.2386
-176719.4184
-176728.4038
-176738.6632
-176724.5146
-176717.7643
-176713.6293
-176730.3484
-176726.3921
-176758.7798
-176763.2501
-176790.8098
-176774.4260
-176785.6242
-176749.8391
-176761.1714
-176749.6603
-176768.7487
-176748.3192
-176765.3289
-176749.5709
-176762.2443
-176738.4174
-176737.3668
-176724.9169
-176734.0811
-176736.8080
-176726.9509
-176736.3163
-176741.7701
-176760.3891
-176758.6010
-176767.4076
-176748.7886
-176764.0548
-176753.9295
-176766.5359
-176755.9635
-176764.6360
-176731.3542
-176743.8935
-176730.1025
-176753.1919
-176766.8488
-176822.7728
-176823.1305
-176838.1285
-176836.4074
-176851.2713
-176867.8340
-176881.5803
-176867.6998
-176856.3675
-176836.0274
-176809.3394
-176793.4921
-176787.0324
-176796.2860
-176780.2598
-176793.1344
-176796.7331
-176822.5717
-176796.6660
-176790.7651
-176755.0471
-176778.1141
-176771.8109
-176798.2083
-176800.5329
-176845.9069
-176845.1693
-176871.4996
-176876.5511
-176895.6619
-176881.6697
-176881.2227
-176882.7873
-176900.6687
-176909.8999
-176906.3237
-176922.1710
-176913.8785
-176915.9573
-176902.5239
-176917.0078
-176909.5423
-176923.7357
-176902.2556
-176908.4471
-176892.5773
-176914.9961
-176904.5355
-176936.1185
-176938.8231
-176969.8250
-176965.2652
-176988.9134
-176956.7715
-176944.0758
-176930.8882
-176945.8192
-176948.2332
-176951.8765
-176946.2215
-176943.6511
-176958.8726
-176963.3877
-176976.7987
-176973.2001
-176980.6656
-176965.5334
-176968.3721
-176950.3789
-176952.9718
-176921.4334
-176933.3469
-176916.4266
-176933.8610
-176913.5433
-176934.7998
-176930.7541
-176949.7755
-176951.9436
-176967.0533
-176938.0408
-176917.7454
-176896.4218
-176899.7299
-176905.5637
-176907.9553
-176905.4743
-176895.8854
-176901.2051
-176907.0836
-176952.8376
-176968.3050
-177006.6383
-177001.0504
-177016.6072
-176999.9775
-177028.3865
-177023.3350
-177047.2291
-177020.3846
-177022.2398
-177010.9298
-177063.9258
-177074.0959
-177108.0482
-177108.1152
-177107.9587
-177078.0745
-177077.6721
-177075.8169
-177067.0774
-177063.0764
-177052.4370
-177057.8014
-177065.8704
-177098.5040
-177082.3884
-177076.6887
-177051.5653
-177064.0376
-177044.1222
-177076.3310
-177063.9705
-177087.6187
-177072.6206
-177095.5312
-177080.8461
-177097.9005
-177084.9365
-177115.8489
-177124.4543
-177136.7925
-177124.5437
-177123.2920
-177127.8965
-177132.5457
-177123.1579
-177106.4165
-177080.5332
-177059.0978
-177063.6799
-177051.7888
-177060.6178
-177025.0785
-177033.5945
-177021.6363
-177033.9074
-177021.5916
-177049.1066
-177026.2408
-177043.4516
-177020.2058
-177038.1095
-177038.5789
-177052.0794
-177045.7091
-177050.2689
-177052.5711
-177075.9510
-177087.1493
-177091.8431
-177106.2824
-177112.0268
-177132.9927
-177142.2240
-177177.1150
-177185.9887
-177205.8594
-177193.8789
-177215.5824
-177223.2937
-177268.7572
-177267.3267
-177289.0749
-177269.7630
-177279.4413
-177244.6620
-177253.3792
-177238.8059
-177261.9399
-177264.2868
-177277.9438
-177274.0769
-177295.6687
-177300.8543
-177306.1293
-177303.4248
-177266.6785
-177208.0275
-177171.7283
-177161.6253
-177131.2940
-177119.1123
-177095.5312
-177113.7926
-177107.1317
-177135.9655
-177121.2580
-177134.2668
-177115.0442
-177123.3591
-177110.3504
-177145.5767
-177152.4611
-177170.3425
-177160.4853
-177174.7011
-177167.1462
-177164.1957
-177154.8974
-177154.0927
-177150.7400
-177144.4591
-177156.1715
-177154.7633
-177161.8935
-177152.5505
-177170.2978
-177160.9100
-177179.7302
-177168.5096
-177183.9994
-177161.6253
-177182.1442
-177165.9168
-177166.7662
-177138.0218
-177123.8285
-177103.8237
-177137.7313
-177144.2580
-177152.6175
-177140.2794
-177145.8450
-177142.1793
-177154.7857
-177169.6496
-177183.1053
-177214.8671
-177213.4366
-177210.5980
-177196.9187
-177208.3181
-177177.1821
-177185.7428
-177171.0354
-177183.7312
-177192.3813
-177251.8369
-177257.9166
-177288.4491
-177267.5055
-177280.1566
-177267.9525
-177285.4316
-177283.8223
-177314.8241
-177315.8076
-177314.5783
-177292.8077
-177284.0234
-177274.2781
-177283.2188
-177349.0894
-177414.4682
-177453.0697
-177456.8248
-177479.6236
-177477.5448
-177491.9841
-177472.2698
-177487.5808
-177474.7956
-177506.5127
-177501.6847
-177520.6390
-177486.9549
-177483.5128
-177452.0639
-177458.7023
-177442.2291
-177457.2495
-177450.2757
-177449.8734
-177432.7519
-177433.3107
-177425.9123
-177418.7151
-177420.2126
-177419.1844
-177426.8287
-177418.1786
-177429.5780
-177419.1844
-177440.3068
-177446.9453
-177476.0026
-177456.8918
-177473.7227
-177453.2708
-177476.3826
-177490.6653
-177543.7284
-177533.8489
-177540.2862
-177532.9772
-177555.0607
-177563.6885
-177586.4202
-177588.3424
-177605.2180
-177610.7836
-177615.9915
-177615.3433
-177617.2209
-177625.5134
-177617.5562
-177632.4201
-177636.9575
-177660.5386
-177634.7670
-177638.5892
-177611.5883
-177620.0596
-177598.8925
-177613.2423
-177593.2598
-177612.8847
-177615.6116
-177638.5445
-177613.1529
-177622.2277
-177600.9712
-177610.0683
-177616.5727
-177637.4269
-177630.3414
-177644.1771
-177650.3909
-177652.8272
-177663.3772
-177645.4958
-177656.2023
-177646.8817
-177652.3131
-177631.6601
-177649.1839
-177633.5377
-177656.9846
-177638.3656
-177644.7359
-177619.7690
-177633.8282
-177611.2083
-177611.7224
-177593.5727
-177605.8662
-177590.0859
-177603.2511
-177597.1714
-177600.4347
-177602.4240
-177623.4347
-177626.5416
-177616.1704
-177618.8302
-177603.3628
-177617.1538
-177617.6456
-177633.1577
-177622.9206
-177647.3510
-177647.8875
-177670.6863
-177663.0867
-177698.5812
-177683.9185
-177700.2800
-177685.8631
-177700.2576
-177682.2421
-177699.5200
-177686.3772
-177704.4821
-177709.9136
-177722.0953
-177713.7804
-177709.6454
-177705.8456
-177702.2022
-177706.7620
-177714.3392
-177735.2381
-177736.2663
-177738.4791
-177682.1751
-177677.8165
-177660.4715
-177694.5579
-177692.4792
-177714.2275
-177691.6075
-177697.6648
-177680.9010
-177705.8009
-177692.4345
-177739.0603
-177734.2546
-177736.5569
-177728.8902
-177720.0389
-177711.2100
-177780.3439
-177766.8211
-177698.7377
-177666.0371
-177648.9157
-177651.4861
-177632.9118
-177645.6970
-177639.4609
-177654.5260
-177637.3598
-177651.9108
-177646.0770
-177738.4344
-177747.9339
-177759.8474
-177731.1701
-177732.5112
-177709.0195
-177728.1079
-177720.6424
-177721.9835
-177708.2819
-177717.7814
-177713.0652
-177725.0010
-177729.8066
-177733.9641
-177750.9514
-177758.6627
-177767.4470
-177764.7871
-177789.3964
-177770.2186
-177771.3138
-177743.7765
-177768.3410
-177759.1098
-177784.8813
-177772.5208
-177794.1126
-177798.3147
-177835.7986
-177827.7520
-177843.1076
-177832.5576
-177844.4487
-177834.9269
-177859.0444
-177846.2816
-177837.5644
-177824.7568
-177816.1738
-177817.5819
-177819.1242
-177827.2826
-177818.0290
-177853.9259
-177873.1484
-177872.2990
-177835.3739
-177846.1698
-177828.4225
-177849.9249
-177837.3856
-177847.2427
-177833.3846
-177849.3438
-177829.2719
-177837.7432
-177829.3613
-177844.7840
-177831.0824
-177834.0328
-177820.8453
-177826.9026
-177825.6733
-177822.8122
-177807.5683
-177796.1690
-177798.2700
-177788.8376
-177796.0348
-177790.1340
-177808.8424
-177833.8093
-177893.7790
-177900.7751
-177937.4096
-177961.4825
-178018.9041
-178019.4852
-178043.9380
-178043.1781
-178063.8087
-178052.0964
-178069.4861
-178077.5998
-178101.9632
-178092.8660
-178101.9855
-178121.8786
-178151.3382
-178157.9319
-178157.6190
-178168.7725
-178152.2993
-178159.7871
-178139.2235
-178143.8727
-178135.2673
-178146.3537
-178117.3859
-178130.5064
-178119.1964
-178136.8766
-178123.8008
-178142.7775
-178124.2702
-178134.1944
-178121.2080
-178137.7930
-178126.8183
-178124.9631
-178106.2547
-178085.6240
-178045.5250
-178025.6543
-178018.0994
-178039.1771
-178086.5628
-178107.0594
-178123.4879
-178122.9068
-178150.0418
-178137.3460
-178147.6948
-178117.0283
-178127.2430
-178108.4675
-178119.3305
-178100.7785
-178115.2401
-178095.8835
-178105.5618
-178081.3102
-178100.3762
-178085.3111
-178090.0497
-178084.4618
-178089.6921
-178088.9321
-178095.3247
-178084.3053
-178062.2665
-178032.4940
-178020.4911
-178019.8429
-177996.8429
-178000.6427
-177991.8808
-177991.2773
-177960.2978
-177969.8197
-177960.2308
-177969.3726
-177950.9995
-177989.8021
-177981.4202
-178003.7496
-178000.4416
-178027.5542
-178019.3511
-178032.4940
-178021.2734
-178032.4492
-178022.8827
-178040.6970
-178047.4249
-178053.3034
-178054.0410
-178053.7952
-178066.3792
-178030.7058
-178020.3570
-177998.3852
-178006.8342
-177992.9984
-178022.3910
-178023.2850
-178043.8039
-178025.2967
-178034.0362
-178010.7234
-178029.9459
-178020.7369
-178030.8399
-178008.6223
-178016.7360
-178007.2365
-178026.4366
-178003.4814
-177993.1996
-177981.4649
-177986.7846
-177983.2084
-177960.6778
-177939.6225
-177883.0502
-177838.8608
-177844.0017
-177920.1094
-177934.3027
-177968.2774
-177961.7060
-177987.2540
-177986.7623
-178004.9566
-177976.5252
-177963.8517
-177934.3251
-177955.4028
-177940.7624
-177942.6176
-177933.3863
-177935.2415
-177923.3280
-177921.5399
-177909.3135
-177907.4583
-177909.7829
-177911.2804
-177911.4593
-177893.9131
-177911.1240
-177909.2241
-177914.2532
-177895.6789
-177914.4544
-177904.7090
-177936.3367
-177926.8820
-177951.5806
-177936.1356
-177953.9052
-177941.7012
-177960.9237
-177954.5534
-177991.7691
-177984.9518
-178009.4493
-178014.8137
-178039.4453
-178061.0148
-178086.6299
-178190.5655
-178223.8249
-178154.6909
-178087.4122
-178063.0488
-177977.5087
-177962.0413
-177981.6661
-178043.0216
-178070.4472
-178105.1818
-178100.8903
-178127.6453
-178100.5774
-178134.3285
-178130.7299
-178151.9193
-178147.8066
-178173.5782
-178172.1700
-178190.7667
-178189.0456
-178194.8570
-178197.7851
-178195.7287
-178194.3653
-178190.3196
-178191.5490
-178195.9970
-178204.6247
-178187.5927
-178184.0835
-178168.5267
-178187.9727
-178164.5481
-178170.1136
-178150.2876
-178180.4178
-178159.8989
-178160.1895
-178125.1643
-178137.9048
-178122.8397
-178136.6754
-178123.7785
-178134.3285
-178113.0720
-178101.7620
-178090.3403
-178066.9156
-178052.3200
-178057.9526
-178072.3024
-178072.4589
-178085.0429
-178075.2305
-178084.5959
-178076.1693
-178104.5336
-178113.4520
-178207.0834
-178194.3653
-178178.1156
-178146.7784
-178169.9572
-178163.8328
-178218.6169
-178223.9143
-178270.6518
-178266.4720
-178280.7548
-178226.6412
-178153.2828
-178090.0720
-178066.0216
-178053.2587
-178058.4220
-178049.4589
-177969.0374
-177923.6633
-177905.4690
-177937.0073
-177977.4863
-178052.7446
-178082.1595
-178127.2877
-178177.7356
-178246.3107
-178256.0114
-178291.8636
-178267.6790
-178282.9229
-178276.7538
-178315.6906
-178300.7149
-178291.3048
-178259.5653
-178266.8073
-178256.1455
-178260.5041
-178248.3671
-178235.1572
-178234.4867
-178224.5848
-178223.1543
-178210.2350
-178223.5343
-178209.7656
-178221.1650
-178200.9591
-178206.5693
-178175.8804
-178190.5208
-178169.5772
-178186.4081
-178159.4295
-178161.1953
-178128.9641
-178126.9971
-178097.4258
-178106.1206
-178097.7387
-178116.0224
-178124.6278
-178138.1059
-178128.7853
-178124.9184
-178134.9767
-178139.2459
-178157.4402
-178163.3634
-178180.1049
-178156.8814
-178171.6112
-178163.0058
-178182.7424
-178174.5840
-178198.8803
-178187.1457
-178211.0397
-178202.0543
-178215.8230
-178189.9620
-178203.0601
-178198.8803
-178211.8891
-178204.9377
-178217.9240
-178205.9435
-178210.5703
-178208.0222
-178211.5538
-178234.2408
-178222.0814
-178220.5839
-178217.0523
-178226.7530
-178211.7549
-178210.3468
-178185.0223
-178186.0504
-178154.3557
-178161.1506
-178129.6570
-178138.5977
-178120.1575
-178137.6366
-178124.4267
-178134.5297
-178121.5880
-178146.0185
-178142.6210
-178178.9202
-178269.2883
-178375.2133
-178417.7263
-178439.8545
-178445.8895
-178444.6378
-178457.0206
-178420.0285
-178373.1792
-178364.9091
-178370.2288
-178343.7420
-178336.6565
-178287.0803
-178270.2942
-178182.2506
-178160.7706
-178192.4430
-178246.9813
-178258.6489
-178292.2659
-178303.0618
-178337.2376
-178336.5671
-178366.7866
-178373.3804
-178375.1015
-178365.8032
-178360.1705
-178344.0996
-178326.5759
-178328.1852
-178320.3397
-178327.6487
-178317.1658
-178332.6555
-178334.1531
-178365.8255
-178359.9470
-178369.7594
-178352.1015
-178390.9042
-178381.2929
-178378.5213
-178342.8479
-178348.8605
-178330.5321
-178345.5078
-178329.2357
-178326.7994
-178317.7916
-178315.5117
-178293.6070
-178273.7810
-178264.8627
-178264.5945
-178273.7140
-178274.4963
-178277.1114
-178258.1572
-178266.4273
-178253.6421
-178261.8899
-178240.6334
-178245.6849
-178224.6072
-178240.5440
-178213.7890
-178224.9648
-178208.4022
-178213.3196
-178187.9727
-178210.2574
-178194.2535
-178202.8589
-178188.7774
-178197.3828
-178197.1146
-178200.0650
-178188.2186
-178189.0009
-178186.9892
-178182.4071
-178172.7511
-178153.3275
-178160.5471
-178146.7561
-178156.3673
-178140.1623
-178157.0602
-178139.5588
-178151.3605
-178131.0875
-178158.8484
-178167.0515
-178198.1204
-178186.4304
-178204.4906
-178197.2710
-178223.5343
-178223.8919
-178231.2457
-178235.2466
-178246.0202
-178245.5284
-178248.8588
-178253.7762
-178248.3224
-178250.7140
-178251.3175
-178261.8899
-178247.7636
-178257.3972
-178239.6276
-178249.8200
-178237.7724
-178257.4419
-178240.7899
-178259.9453
-178244.7461
-178259.5877
-178230.2175
-178232.2515
-178226.3059
-178247.0483
-178237.3030
-178249.5294
-178237.3253
-178245.6178
-178256.9725
-178272.6634
-178278.9666
-178281.0677
-178284.9346
-178271.5906
-178273.1328
-178244.4555
-178247.9424
-178235.0455
-178280.8218
-178356.6613
-178425.4376
-178423.4930
-178428.7010
-178386.1433
-178377.0014
-178328.3863
-178296.2445
-178257.5537
-178233.8608
-178199.6626
-178203.1048
-178180.7531
-178178.8979
-178172.4606
-178182.5189
-178178.7191
-178171.6783
-178196.6899
-178196.3322
-178202.3002
-178186.8327
-178166.5597
-178127.6006
-178129.4335
-178142.2410
-178206.2564
-178213.9007
-178248.3895
-178244.1426
-178261.8229
-178241.7063
-178265.6897
-178249.3282
-178278.7655
-178276.0609
-178287.1250
-178280.1066
-178277.9608
-178250.4458
-178237.1018
-178213.1408
-178202.4566
-178206.8823
-178204.8036
-178213.8784
-178198.7015
-178192.1748
-178159.5860
-178180.5743
-178166.6268
-178180.5743
-178151.7852
-178111.5074
-178054.5775
-178057.7514
-178042.9322
-178053.9069
-178038.5960
-178057.1926
-178041.4123
-178062.1547
-178066.1333
-178086.9428
-178086.4734
-178078.0245
-178069.4414
-178055.1363
-178047.5590
-178033.9915
-178024.9838
-178006.8342
-178024.0003
-178022.6815
-178029.4765
-178016.7583
-178047.7378
-178022.7486
-178016.9148
-177992.2385
-178014.5902
-177993.5572
-178007.9741
-177987.2764
-178005.6048
-178000.4639
-177999.3463
-177965.6175
-177965.1258
-177949.9713
-177941.7012
-177916.0861
-177896.4836
-177889.7334
-177884.9948
-177933.3416
-177972.2336
-178012.4221
-178001.9168
-178006.9906
-177983.6107
-178002.2297
-177993.9595
-178027.3754
-178032.1587
-178081.9584
-178085.5793
-178122.9738
-178117.0059
-178155.5403
-178169.9572
-178200.4897
-178202.0543
-178205.8988
-178200.4673
-178225.9707
-178236.3642
-178252.3234
-178271.5235
-178260.3029
-178258.0678
-178280.3972
-178310.6167
-178298.6585
-178309.1191
-178298.6585
-178310.5720
-18080.5496
-37180.0482
-37180.1599
-37178.8412
-37175.2649
-37177.5448
-37180.7634
-37187.9607
-37187.8489
-37190.1735
-37176.3825
-37183.8703
-37182.8422
-37178.8412
-37181.9928
-37187.5360
-37183.8480
-37189.3912
-37190.1959
-37194.8450
-37195.2250
-37196.4097
-37192.9675
-37200.2989
-37192.1405
-37192.0064
-37188.6313
-37191.0229
-37201.3047
-37197.8849
-37200.0530
-37202.5564
-37197.6390
-37202.7799
-37200.2318
-37199.7624
-37196.6332
-37198.1978
-37198.1978
-37196.7896
-37192.0734
-37192.0958
-37190.0841
-37196.5885
-37197.5720
-37192.2299
-37196.9908
-37200.0083
-37191.7382
-37190.4641
-37195.1803
-37188.5642
-37194.9568
-37192.0958
-37188.9889
-37191.0452
-37188.3183
-37190.6653
-37192.1405
-37191.6934
-37190.3970
-37187.0890
-37191.0676
-37193.8616
-37190.7994
-37189.3242
-37188.2066
-37193.0569
-37190.6206
-37188.9889
-37186.4855
-37191.0900
-37182.8645
-37179.7353
-37183.7362
-37180.4282
-37179.5565
-37179.4670
-37173.4991
-37174.0803
-37172.0016
-37177.9918
-37178.9530
-37176.7178
-37174.5273
-37173.0744
-37170.9734
-37170.6605
-37168.8947
-37174.1920
-37175.2649
-37173.1639
-37176.2484
-37171.1522
-37169.0958
-37173.4991
-37170.5263
-37164.1337
-37160.0881
-37154.6566
-37156.9812
-37160.3340
-37162.1221
-37162.0327
-37160.2222
-37162.0103
-37164.0667
-37161.2057
-37156.6906
-37155.8189
-37155.3272
-37157.0035
-37157.4953
-37155.0142
-37151.9967
-37154.9919
-37149.9627
-37152.8461
-37144.0395
-37149.4934
-37142.2067
-37146.9900
-37141.6032
-37140.3291
-37137.8034
-37137.8257
-37137.7810
-37137.8481
-37140.1950
-37141.5808
-37141.2903
-37138.3845
-37135.2553
-37138.1610
-37134.8753
-37137.6022
-37140.1727
-37139.2116
-37135.3671
-37130.8073
-37137.8481
-37134.9424
-37139.3010
-37138.6751
-37132.0813
-37128.6392
-37128.0580
-37130.4273
-37127.4545
-37025.0388
-37151.1921
-37168.2465
-37152.1309
-37135.3671
-37135.7247
-37136.7305
-37134.7189
-37131.7237
-37129.6003
-37133.6907
-37134.0930
-37127.7228
-37131.8802
-37128.1474
-37129.2427
-37130.2262
-37127.6557
-37128.1698
-37129.8015
-37131.0085
-37126.8957
-37126.6946
-37126.1581
-37126.3146
-37121.1290
-37127.9686
-37126.6722
-37127.4098
-37122.4030
-37124.7500
-37127.5216
-37133.8248
-37128.6839
-37132.5507
-37128.6168
-37128.9968
-37132.5731
-37132.3719
-37131.9919
-37128.7956
-37132.3272
-37123.6100
-37130.6285
-37129.1980
-37128.3263
-37130.9414
-37133.5789
-37127.2981
-37132.6625
-37135.0318
-37130.3379
-37134.0259
-37136.7976
-37133.7577
-37136.7529
-37134.0036
-37135.2776
-37135.4341
-37136.3058
-37136.7305
-37136.5293
-37142.3184
-37139.1221
-37134.7636
-37127.7228
-37128.7286
-37128.2145
-37132.5507
-37131.0308
-37132.4837
-37134.6071
-37135.0318
-37132.7072
-37132.0590
-37133.0648
-37133.5342
-37129.7791
-37130.5167
-37136.6858
-37138.2057
-37142.3408
-37144.0619
-37145.5818
-37142.4302
-37144.0619
-37144.2183
-37145.5594
-37148.3758
-37093.6140
-36954.8991
-36944.9302
-36983.9787
-37033.5996
-37065.9649
-37097.1679
-37109.6849
-37124.4370
-37129.8015
-37137.9599
-37139.5468
-37143.1455
-37151.8179
-37150.3204
-37148.6663
-37152.0191
-37155.6624
-37156.5565
-37151.2144
-37151.8179
-37153.3826
-37157.3835
-37156.4671
-37157.8306
-37152.6450
-37157.2941
-37159.0152
-37158.1658
-37163.2620
-37161.0492
-37159.2164
-37160.7139
-37163.1503
-37163.9326
-37170.7722
-37166.7489
-37171.2640
-37174.4155
-37176.3602
-37175.6449
-37176.2931
-37181.5681
-37178.3048
-37178.0812
-37179.9588
-37175.4884
-37179.4894
-37180.2270
-37187.2007
-37187.7148
-37188.7207
-37188.0501
-37188.3854
-37188.6536
-37188.7430
-37194.1745
-37194.3533
-37192.6769
-37278.3512
-37522.2310
-37460.4061
-37355.6211
-37286.2190
-37252.1549
-37227.6351
-37215.0734
-37205.0374
-37206.1550
-37206.4903
-37207.3397
-37209.1502
-37211.1618
-37208.4796
-37215.6322
-37220.6837
-37223.7458
-37225.1093
-37226.2939
-37224.6846
-37230.7419
-37232.4854
-37229.6467
-37226.9645
-37224.4388
-37231.0102
-37224.7070
-37224.6176
-37224.3717
-37225.3999
-37225.1540
-37231.7478
-37228.5515
-37217.2638
-37211.7206
-37204.1210
-37207.4738
-37209.4184
-37208.9043
-37216.1016
-37215.5651
-37210.1783
-37208.2561
-37214.2240
-37212.2794
-37211.3406
-37211.9441
-37208.2337
-37210.7595
-37214.2911
-37211.5418
-37209.1502
-37212.5476
-37212.1900
-37212.2571
-37213.6205
-37220.1919
-37212.1900
-37220.3931
-37217.0850
-37218.0015
-37224.1482
-37222.4271
-37219.4990
-37225.3552
-37222.6506
-37228.6185
-37225.8022
-37227.0539
-37232.1278
-37229.3561
-37234.7206
-37223.2988
-37226.8751
-37226.4281
-37231.9266
-37234.2735
-37236.5310
-37235.6146
-37232.1948
-37235.4358
-37235.6593
-37235.2793
-37237.0004
-37235.8158
-37239.0791
-37236.4640
-37237.4922
-37239.6826
-37238.2074
-37239.7944
-37241.1802
-37241.4484
-37244.2424
-37251.7973
-37250.3891
-37245.4047
-37240.8226
-37244.1083
-37239.6156
-37242.6107
-37239.7050
-37241.6049
-37239.7721
-37242.3201
-37241.7837
-37241.2026
-37242.8566
-37244.3765
-37243.5718
-37244.5777
-37245.2706
-37246.7905
-37245.5388
-37246.0976
-37242.7001
-37242.4096
-37245.4047
-37244.0412
-37244.7565
-37249.1374
-37247.3269
-37246.9470
-37248.3775
-37247.7516
-37246.5670
-37245.9635
-37250.9926
-37250.0986
-37253.4066
-37247.6175
-37247.9975
-37247.3940
-37252.1326
-37256.7594
-37259.5310
-37258.0111
-37258.2793
-37258.8157
-37259.7322
-37262.7049
-37263.4649
-37266.9741
-37262.9955
-37264.1578
-37264.0907
-37260.7156
-37262.1461
-37275.4231
-37271.3998
-37268.5164
-37268.0917
-37275.0431
-37278.0382
-37281.9274
-37277.7700
-37280.9663
-37278.9100
-37278.1053
-37278.7982
-37277.2336
-37279.3123
-37280.6310
-37275.9595
-37275.1325
-37274.8866
-37276.6748
-37275.5795
-37276.0936
-37281.3239
-37275.2219
-37277.2559
-37278.7088
-37278.1500
-37278.5747
-37280.4075
-37275.5348
-37279.3346
-37278.2618
-37286.1966
-37283.5815
-37282.5533
-37277.5465
-37287.5601
-37280.0722
-37278.9770
-37278.0606
-37279.8040
-37281.2792
-37282.7768
-37279.6923
-37278.8429
-37287.0683
-37285.5261
-37282.3968
-37286.6660
-37286.3978
-37285.1684
-37287.5377
-37285.1014
-37285.6602
-37281.9721
-37286.0625
-37285.9061
-37288.4318
-37285.0120
-37285.1237
-37287.3142
-37289.5717
-37291.8069
-37287.8059
-37284.6320
-37289.3035
-37284.9896
-37287.4707
-37288.8788
-37292.2316
-37293.2821
-37298.3336
-37300.1441
-37297.0149
-37294.7350
-37302.9828
-37305.0615
-37303.2734
-37306.5591
-37302.5581
-37302.3569
-37304.7486
-37309.9789
-37311.7223
-37314.2481
-37322.7641
-37331.5707
-37356.8505
-37400.6152
-37479.8968
-37571.6284
-37646.4397
-37677.0169
-37705.1354
-37724.8273
-37729.2753
-37727.8671
-37722.7709
-37715.5960
-37714.9031
-37713.8526
-37718.3453
-37721.3627
-37725.7437
-37720.3793
-37728.5823
-37724.5367
-37733.5668
-37736.5843
-37736.5396
-37734.0585
-37738.5736
-37731.8904
-37739.6018
-37733.3209
-37729.4317
-37733.2762
-37730.4599
-37724.8943
-37718.4794
-37718.3676
-37714.9925
-37709.7845
-37709.0246
-37710.9021
-37702.5873
-37701.0897
-37699.8157
-37697.2229
-37694.1383
-37693.4678
-37686.4493
-37600.8198
-37495.6548
-37516.9560
-37555.9375
-37595.5001
-37613.1132
-37630.9499
-37642.6622
-37648.4290
-37656.0286
-37666.0422
-37885.9386
-37958.0230
-37857.1943
-37773.8670
-37721.9439
-37689.8468
-37678.5368
-37668.7691
-37667.7856
-37664.3881
-37667.5174
-37659.3366
-37656.9897
-37645.2103
-37645.2550
-37639.5330
-37636.4932
-37634.5486
-37635.9120
-37631.8664
-37635.2191
-37629.2512
-37627.9771
-37626.6807
-37624.8032
-37620.3329
-37622.3222
-37621.5398
-37617.6730
-37615.4378
-37614.9461
-37619.5505
-37612.1298
-37609.6264
-37608.3076
-37605.5360
-37611.6157
-37615.3708
-37610.7663
-37606.8324
-37607.1900
-37613.1356
-37609.9393
-37609.8722
-37606.2065
-37607.2571
-37606.8995
-37609.2464
-37611.9733
-37612.8897
-37607.6371
-37608.9558
-37606.3854
-37608.0394
-37611.6604
-37604.6643
-37603.5243
-37603.8596
-37605.3348
-37600.6186
-37601.4903
-37597.1764
-37604.1725
-37601.2221
-37604.5302
-37598.2717
-37603.4126
-37597.3329
-37600.4622
-37601.8927
-37599.9928
-37595.6342
-37596.5282
-37602.0491
-37604.3067
-37604.6643
-37602.7867
-37600.4845
-37601.0433
-37600.1492
-37604.8207
-37607.7265
-37607.6818
-37601.6691
-37597.9588
-37606.8995
-37610.4310
-37610.0287
-37610.7663
-37610.7216
-37610.8334
-37613.3815
-37609.3358
-37606.9665
-37603.2785
-37607.7265
-37604.9325
-37603.2338
-37602.7420
-37604.3961
-37605.1113
-37603.3455
-37605.0890
-37602.2056
-37605.8489
-37606.4077
-37611.0345
-37608.6429
-37608.4641
-37607.8606
-37607.4806
-37597.8693
-37604.2396
-37603.0326
-37605.2678
-37601.0433
-37600.5739
-37595.2765
-37602.9208
-37602.3844
-37605.1337
-37601.8033
-37601.9821
-37603.1444
-37601.0880
-37601.7586
-37600.7304
-37600.4398
-37599.7245
-37603.2561
-37603.3008
-37601.9150
-37606.4077
-37610.4757
-37613.0015
-37608.3076
-37603.6585
-37604.5972
-37603.1220
-37610.5875
-37603.0102
-37601.8927
-37599.9928
-37602.3397
-37597.6011
-37598.1376
-37602.3173
-37609.5593
-37607.7041
-37607.9276
-37610.4310
-37606.7653
-37612.4874
-37616.5554
-37612.8227
-37614.5214
-37615.8402
-37609.9393
-37612.4650
-37612.6662
-37611.9286
-37611.8392
-37615.9519
-37610.9228
-37611.7498
-37608.7099
-37610.8781
-37612.9344
-37615.0131
-37610.9004
-37610.8110
-37609.6711
-37610.1852
-37615.3708
-37614.3873
-37612.7109
-37617.1366
-37615.7954
-37619.2153
-37614.6779
-37620.3776
-37619.1929
-37615.0802
-37624.3338
-37628.2901
-37627.2395
-37627.9771
-37626.0772
-37627.0384
-37631.1287
-37630.6147
-37633.9674
-37629.1171
-37628.6924
-37626.4125
-37631.9334
-37628.9383
-37629.1618
-37623.7750
-37627.5301
-37631.4640
-37634.7050
-37633.0510
-37632.2687
-37635.0627
-37636.0685
-37635.5991
-37638.7283
-37637.6778
-37638.7283
-37638.9966
-37635.7332
-37634.8838
-37631.1734
-37630.9723
-37627.3289
-37631.2629
-37629.9217
-37627.2619
-37623.3950
-37622.9257
-37627.7089
-37631.7546
-37623.8868
-37617.4718
-37618.3435
-37624.0656
-37621.6069
-37626.1890
-37626.2114
-37624.0209
-37621.2940
-37615.7284
-37620.4446
-37612.7333
-37617.3824
-37613.3591
-37606.4971
-37601.9821
-37598.7411
-37593.1978
-37596.3941
-37597.1988
-37594.1366
-37592.7955
-37592.8402
-37583.9666
-37584.6595
-37577.7081
-37577.9316
-37573.7295
-37578.7139
-37575.8976
-37571.5166
-37567.6945
-37567.4933
-37562.1736
-37562.5536
-37564.7441
-37561.6372
-37554.9987
-37552.9870
-37556.9433
-37553.3223
-37551.5789
-37549.5449
-37550.9754
-37549.1425
-37545.0075
-37538.5255
-37541.4088
-37534.9492
-37533.9434
-37532.1105
-37531.3729
-37522.2534
-37521.5605
-37522.1863
-37526.5002
-37521.5158
-37513.1339
-37512.0163
-37510.8987
-37513.6256
-37508.2836
-37505.2437
-37502.8744
-37502.6956
-37501.2651
-37503.0085
-37500.7957
-37499.4099
-37493.1291
-37496.5265
-37498.1582
-37497.9571
-37490.5586
-37489.3516
-37481.9085
-37480.5897
-37476.0747
-37476.8347
-37472.4984
-37472.5878
-37472.1855
-37473.5489
-37469.8609
-37469.2127
-37470.8891
-37466.6423
-37462.4625
-37460.4285
-37463.8483
-37467.5363
-37466.3964
-37458.1709
-37454.7958
-37452.4265
-37451.2419
-37447.5986
-37446.7492
-37443.7988
-37442.5024
-37439.9543
-37438.4344
-37439.8425
-37437.7415
-37432.4664
-37439.8202
-37439.1496
-37434.8134
-37432.9582
-37433.7405
-37434.8804
-37434.2099
-37435.5286
-37434.5899
-37433.7628
-37432.3547
-37435.6851
-37433.7405
-37432.8017
-37423.8834
-37426.2303
-37426.7891
-37428.3314
-37421.2682
-37416.3508
-37414.8980
-37422.7434
-37421.2235
-37427.5714
-37423.0117
-37424.7551
-37426.4091
-37431.2594
-37430.2536
-37435.4839
-37434.4557
-37434.5452
-37436.3780
-37437.6297
-37438.4120
-37433.2711
-37433.6064
-37431.9300
-37435.4839
-37434.2322
-37435.6180
-37437.3391
-37443.7094
-37444.0670
-37444.5364
-37371.8709
-37440.6025
-37472.3420
-37464.1389
-37454.3935
-37451.8454
-37451.6889
-37452.4713
-37448.8726
-37451.5325
-37454.9299
-37455.4440
-37452.7171
-37452.2701
-37454.7288
-37454.5947
-37454.3935
-37450.4819
-37453.2983
-37448.1127
-37449.4314
-37450.9513
-37446.0116
-37451.0407
-37450.1243
-37448.6044
-37455.4217
-37449.1855
-37447.6209
-37453.7453
-37456.8969
-37461.6131
-37453.5888
-37449.5208
-37450.5714
-37454.5947
-37460.9426
-37455.2429
-37456.1593
-37460.0261
-37463.1554
-37467.2905
-37468.0951
-37468.4080
-37466.7317
-37475.3818
-37474.0183
-37479.1816
-37479.1816
-37475.3371
-37478.4440
-37484.3672
-37485.9318
-37486.6918
-37487.9882
-37488.4129
-37492.4809
-37489.1728
-37488.3458
-37489.4634
-37490.5363
-37489.3293
-37493.7102
-37496.1689
-37499.5440
-37500.6169
-37504.1932
-37502.1815
-37506.8307
-37510.6528
-37516.9784
-37520.1300
-37526.9473
-37520.6888
-37525.3156
-37528.5119
-37527.8190
-37527.7072
-37530.1659
-37525.3379
-37531.0823
-37529.0483
-37530.5012
-37529.6518
-37533.3175
-37534.7033
-37530.5012
-37534.7927
-37534.2563
-37532.1329
-37534.7257
-37536.9832
-37527.5508
-37529.8083
-37525.0474
-37532.0211
-37525.2709
-37528.8248
-37529.5177
-37535.7539
-37530.1212
-37527.5955
-37532.9375
-37533.2952
-37535.9997
-37531.6188
-37528.6683
-37536.4691
-37534.8598
-37529.1601
-37531.9094
-37531.8646
-37542.9288
-37538.9949
-37540.8277
-37541.6771
-37535.9997
-37537.6985
-37544.1358
-37542.6382
-37544.4710
-37542.4370
-37545.2757
-37551.2883
-37553.0094
-37549.7684
-37553.3000
-37550.8189
-37552.5847
-37550.8636
-37556.8539
-37561.0337
-37554.9316
-37555.4681
-37559.2679
-37561.1678
-37551.8024
-37556.0939
-37557.1445
-37558.9997
-37561.1454
-37560.2067
-37554.7305
-37559.3349
-37561.1007
-37566.0181
-37569.9967
-37574.9141
-37572.1425
-37575.6517
-37575.1600
-37577.0375
-37580.0327
-37577.8869
-37581.3961
-37582.3796
-37578.6245
-37581.6867
-37581.9102
-37581.8655
-37584.3912
-37579.5409
-37580.6585
-37581.7761
-37581.4185
-37577.3281
-37582.9607
-37575.3611
-37584.2124
-37585.1289
-37586.7158
-37578.4680
-37588.8169
-37583.7654
-37582.6702
-37580.7703
-37585.1289
-37584.0783
-37583.9889
-37577.3952
-37579.7644
-37576.9705
-37583.9889
-37583.0278
-37584.8830
-37585.4194
-37587.8334
-37588.1016
-37582.8937
-37590.5603
-37593.9801
-37590.4262
-37592.8402
-37597.3106
-37600.8645
-37600.7527
-37597.7576
-37599.5010
-37592.6837
-37600.0151
-37601.6021
-37602.5185
-37599.4116
-37603.4796
-37603.8596
-37604.6419
-37601.8480
-37608.0170
-37612.1968
-37604.7090
-37612.9121
-37616.6448
-37615.2367
-37613.3591
-37616.6225
-37617.7848
-37615.3484
-37616.5554
-37619.2600
-37621.9422
-37625.8984
-37623.3503
-37628.4018
-37627.5301
-37627.4407
-37627.1278
-37622.3892
-37621.0928
-37627.1054
-37630.3241
-37631.0393
-37629.4300
-37628.7818
-37635.2638
-37636.6943
-37637.9907
-37639.7342
-37637.2531
-37629.1618
-37630.1676
-37628.1113
-37631.2405
-37630.2123
-37629.0947
-37628.0666
-37626.6360
-37630.5700
-37630.9499
-37626.5466
-37627.6642
-37628.4689
-37630.8158
-37627.4407
-37630.7488
-37626.6360
-37628.8042
-37621.5398
-37627.2172
-37630.5029
-37633.2522
-37633.5427
-37630.4805
-37632.2240
-37635.4426
-37631.8216
-37629.3406
-37630.9499
-37631.7769
-37631.5311
-37625.4290
-37626.9713
-37625.7867
-37624.8703
-37623.0821
-37624.7808
-37624.8479
-37628.9159
-37630.2794
-37633.5874
-37631.4193
-37631.6205
-37636.4932
-37631.9558
-37632.1346
-37638.3931
-37642.1929
-37644.2492
-37638.6166
-37636.2473
-37633.9004
-37633.0510
-37638.5719
-37641.3658
-37646.4620
-37646.7079
-37643.8022
-37645.8138
-37646.3279
-37648.5184
-37643.5340
-37643.6234
-37648.6078
-37650.5301
-37650.4854
-37651.4465
-37656.0286
-37653.5699
-37657.0791
-37657.5262
-37655.8945
-37653.2346
-37655.7827
-37653.6817
-37652.1617
-37651.5806
-37650.3959
-37649.3007
-37647.7137
-37651.7371
-37646.7973
-37644.2045
-37640.8070
-37646.3056
-37645.9480
-37646.8644
-37649.0772
-37652.8770
-37650.6418
-37651.2677
-37649.8595
-37653.1229
-37654.7769
-37654.0616
-37654.7992
-37656.7662
-37654.8886
-37658.7555
-37661.1471
-37658.2638
-37659.2472
-37659.0014
-37647.8031
-37650.1501
-37651.6029
-37648.0043
-37646.1715
-37645.5903
-37648.1831
-37653.6370
-37656.3862
-37650.0160
-37652.0276
-37649.9936
-37655.0228
-37655.0228
-37658.5320
-37656.0509
-37656.6768
-37655.0451
-37655.6486
-37657.8614
-37657.6826
-37662.1530
-37659.4708
-37656.7215
-37660.7225
-37661.2812
-37663.0247
-37665.5281
-37664.8352
-37660.5213
-37664.0976
-37667.4727
-37668.4785
-37668.9702
-37664.2987
-37666.9809
-37674.5582
-37677.6651
-37676.0781
-37676.0781
-37684.9964
-37679.7214
-37675.5640
-37677.3522
-37675.8769
-37676.9051
-37675.0723
-37674.2453
-37673.9323
-37672.6359
-37672.4124
-37665.3940
-37664.7905
-37673.7759
-37673.7312
-37672.4795
-37666.7798
-37667.6962
-37666.9809
-37662.8682
-37666.9362
-37668.1432
-37668.9702
-37674.3123
-37674.4017
-37673.7312
-37678.9168
-37682.2919
-37685.3094
-37686.6728
-37683.7224
-37684.2141
-37687.2763
-37688.6845
-37692.6407
-37695.8594
-37695.5018
-37692.9760
-37688.3269
-37689.1315
-37688.6174
-37688.3939
-37691.2996
-37694.0489
-37689.4444
-37690.1373
-37686.3376
-37692.4843
-37690.1597
-37691.6796
-37697.9605
-37702.1849
-37701.1344
-37702.3414
-37702.2073
-37702.4308
-37697.2676
-37696.3511
-37693.6689
-37696.4405
-37699.1451
-37699.3686
-37699.3016
-37702.2073
-37704.4872
-37700.4862
-37700.5980
-37704.1742
-37705.6271
-37702.0508
-37699.1228
-37697.8487
-37705.5824
-37697.8263
-37697.2452
-37694.8536
-37696.0829
-37691.3890
-37693.1101
-37695.8594
-37694.6748
-37695.4794
-37692.7525
-37687.2987
-37688.3492
-37691.1432
-37693.3560
-37689.4444
-37689.7350
-37687.2763
-37686.4717
-37687.0081
-37679.7885
-37683.5659
-37684.2365
-37694.0713
-37688.1257
-37688.6174
-37682.2919
-37682.4931
-37681.0849
-37683.6330
-37687.3657
-37683.3871
-37682.4707
-37680.1685
-37674.2900
-37668.8585
-37669.9537
-37673.7982
-37681.8001
-37678.5144
-37677.6874
-37674.8935
-37672.5465
-37674.9829
-37674.1111
-37677.2180
-37683.5212
-37686.3823
-37683.1413
-37682.0237
-37682.4260
-37688.8857
-37691.7690
-37685.9352
-37683.8565
-37681.7554
-37685.0188
-37681.5766
-37680.7273
-37677.3969
-37681.9790
-37681.2414
-37682.7389
-37681.3755
-37686.6728
-37684.0800
-37681.8896
-37688.4386
-37686.6058
-37688.4833
-37693.2889
-37694.2054
-37696.2394
-37698.3404
-37695.4571
-37694.0489
-37691.7467
-37690.9867
-37694.0936
-37702.2967
-37698.8322
-37698.4075
-37688.9751
-37696.9770
-37695.0994
-37690.5397
-37689.4221
-37687.4998
-37686.3152
-37690.1597
-37691.9478
-37689.1092
-37692.0149
-37684.4153
-37682.4036
-37687.1422
-37687.1869
-37685.7341
-37683.0071
-37686.5834
-37688.2375
-37687.3434
-37686.0023
-37687.6787
-37690.5173
-37690.6291
-37694.7642
-37692.8866
-37694.2501
-37689.0421
-37691.9478
-37695.0100
-37693.3560
-37696.1723
-37693.8701
-37692.0596
-37688.2151
-37692.8419
-37691.2326
-37692.5290
-37690.5397
-37692.9313
-37694.6301
-37694.2054
-37691.8137
-37695.5912
-37700.7544
-37700.5980
-37698.5863
-37696.0829
-37695.8370
-37691.5902
-37696.0382
-37699.1228
-37700.8885
-37707.5494
-37712.7350
-37711.1927
-37698.8545
-37704.3754
-37705.8506
-37711.7068
-37718.6805
-37713.7408
-37719.2617
-37720.3122
-37722.5027
-37723.0168
-37718.9935
-37718.1217
-37725.8331
-37726.0790
-37722.3015
-37714.2996
-37711.4386
-37714.3443
-37718.7252
-37714.3443
-37712.3103
-37711.3715
-37715.1042
-37720.5804
-37723.1732
-37721.0051
-37714.1878
-37707.2588
-37711.1033
-37715.8195
-37715.7077
-37709.5610
-37714.9478
-37714.1878
-37718.3900
-37715.3501
-37715.7301
-37719.7311
-37722.6144
-37723.5979
-37726.1684
-37731.0410
-37726.9283
-37725.3190
-37720.7592
-37725.6766
-37726.4142
-37725.4755
-37726.1237
-37729.1411
-37726.5260
-37729.8340
-37730.3481
-37726.1013
-37729.8117
-37726.1237
-37727.9565
-37726.2578
-37723.1509
-37720.9604
-37727.6212
-37724.6484
-37721.9886
-37725.7660
-37729.2082
-37726.8389
-37726.5260
-37725.9672
-37728.1353
-37724.5367
-37731.4881
-37729.0517
-37724.2685
-37720.4910
-37717.1606
-37716.1771
-37716.3783
-37717.6971
-37706.6776
-37704.5319
-37701.2238
-37702.5202
-37698.9663
-37700.8662
-37694.4289
-37694.3842
-37689.9138
-37692.4843
-37686.0693
-37688.9751
-37677.2180
-37683.2754
-37680.4590
-37678.4697
-37673.2171
-37664.6340
-37661.1248
-37660.7225
-37659.1802
-37653.9722
-37649.7477
-37645.9703
-37649.5913
-37646.1938
-37637.3872
-37636.4932
-37632.4475
-37628.4242
-37631.2405
-37633.4757
-37627.7536
-37623.4397
-37620.6905
-37614.1638
-37616.6448
-37612.4874
-37614.4767
-37604.1055
-37606.0277
-37602.4738
-37600.5739
-37600.5739
-37599.8140
-37592.6837
-37588.7498
-37584.4359
-37585.5312
-37581.4632
-37576.8364
-37578.7586
-37584.5254
-37582.6478
-37577.6410
-37580.0997
-37574.1765
-37574.7353
-37567.1133
-37558.9550
-37554.2834
-37559.9831
-37560.4749
-37558.6867
-37556.3845
-37555.1328
-37556.7645
-37555.1775
-37548.6285
-37548.4943
-37545.1639
-37541.9900
-37536.6032
-37536.4915
-37537.1844
-37534.4574
-37529.4283
-37525.3603
-37525.4273
-37524.5109
-37522.0969
-37517.3584
-37510.2282
-37510.0493
-37508.5071
-37506.9872
-37506.4507
-37501.9357
-37496.6606
-37493.3302
-37503.1650
-37502.2039
-37490.5139
-37485.9542
-37483.4061
-37481.1262
-37479.4275
-37473.5713
-37472.9678
-37473.9736
-37477.2817
-37474.0854
-37471.2467
-37470.7103
-37470.5985
-37470.7103
-37466.9328
-37467.0669
-37465.3682
-37468.4304
-37463.8036
-37460.8755
-37456.3828
-37461.7249
-37454.7064
-37458.5956
-37456.8969
-37456.4722
-37446.3469
-37445.2293
-37441.6083
-37443.7541
-37448.3809
-37451.0854
-37448.6715
-37448.5150
-37452.3595
-37450.7278
-37450.1914
-37452.4713
-37453.9465
-37453.0524
-37449.4761
-37453.6335
-37462.1943
-37460.4732
-37458.8862
-37456.9416
-37455.1758
-37461.1214
-37466.1505
-37455.8911
-37458.6627
-37459.2885
-37460.9426
-37462.4178
-37460.6073
-37457.2322
-37464.0495
-37462.7978
-37462.3954
-37464.2506
-37462.0825
-37463.7142
-37458.2604
-37459.6015
-37456.2487
-37455.7123
-37450.7949
-37457.4110
-37449.9679
-37458.4615
-37452.3595
-37458.7521
-37459.4226
-37458.9756
-37455.6676
-37461.6131
-37464.7647
-37470.0397
-37466.8658
-37469.3915
-37472.5431
-37473.7278
-37477.3040
-37478.5557
-37482.7132
-37484.9260
-37486.6024
-37487.2282
-37489.5304
-37484.9707
-37486.1106
-37488.9046
-37487.4070
-37490.8939
-37492.6150
-37489.2846
-37489.3963
-37490.6033
-37497.5547
-37499.7675
-37502.1815
-37497.7112
-37498.3594
-37504.2826
-37506.1601
-37508.9094
-37513.4692
-37513.5586
-37519.3030
-37518.1630
-37520.7558
-37519.0347
-37523.5051
-37529.6295
-37532.0882
-37532.3117
-37533.3175
-37533.5187
-37538.0561
-37538.9725
-37542.9511
-37545.6780
-37547.7344
-37550.1260
-37552.5177
-37558.9103
-37561.7936
-37562.6877
-37562.8218
-37564.2970
-37564.9452
-37564.4311
-37566.6663
-37571.4496
-37571.4943
-37571.9637
-37572.7907
-37572.4554
-37573.7071
-37574.5118
-37578.0881
-37574.0200
-37577.4399
-37586.2241
-37577.8869
-37580.2338
-37579.9656
-37582.3125
-37583.7207
-37576.5905
-37577.2163
-37583.6760
-37592.9743
-37593.7343
-37590.0686
-37588.0122
-37594.4495
-37597.1094
-37600.8645
-37598.8752
-37596.4165
-37593.4214
-37597.4447
-37605.5136
-37599.3893
-37602.2503
-37601.8256
-37607.6818
-37606.2065
-37602.5632
-37603.5020
-37609.3805
-37607.8382
-37612.2862
-37613.0685
-37619.9305
-37617.0695
-37615.3931
-37620.7352
-37625.6079
-37626.6807
-37627.1278
-37625.8314
-37632.4698
-37631.1064
-37630.8605
-37631.2182
-37637.9460
-37639.9577
-37643.2434
-37644.3833
-37640.7400
-37642.2599
-37642.3940
-37646.2832
-37646.0150
-37645.4339
-37646.8867
-37656.6544
-37651.9606
-37659.8060
-37657.6826
-37662.3765
-37660.9236
-37659.7613
-37655.7157
-37657.2356
-37652.8323
-37649.3454
-37644.8527
-37646.6185
-37648.6749
-37650.3289
-37648.9207
-37647.9596
-37648.7419
-37658.2638
-37657.1238
-37654.7769
-37653.4134
-37653.2570
-37659.6719
-37658.4202
-37662.6224
-37657.2356
-37656.9450
-37657.9061
-37663.5388
-37664.2093
-37665.2822
-37665.0140
-37662.3988
-37662.6224
-37664.6564
-37666.7574
-37669.8643
-37668.8585
-37673.9547
-37670.4231
-37671.0937
-37675.6534
-37675.7205
-37673.9323
-37677.5757
-37670.1102
-37672.3454
-37676.7934
-37676.2569
-37679.3191
-37677.6651
-37682.8507
-37686.4717
-37684.5271
-37685.9576
-37686.8516
-37681.9566
-37684.7953
-37687.9245
-37692.3278
-37687.7904
-37686.5611
-37689.6233
-37693.6466
-37693.7136
-37690.6291
-37695.5688
-37688.9527
-37686.6728
-37689.4668
-37695.0324
-37692.2161
-37697.2676
-37700.0615
-37699.5921
-37696.7535
-37703.0567
-37701.1791
-37704.8895
-37706.1412
-37703.4143
-37704.9119
-37704.2413
-37701.2238
-37707.6835
-37704.4872
-37696.1276
-37700.4639
-37703.9284
-37703.8613
-37694.7642
-37695.5241
-37701.8050
-37700.4192
-37699.0333
-37696.0606
-37691.6349
-37699.4133
-37699.3463
-37703.9507
-37697.5358
-37699.5921
-37700.0615
-37697.6922
-37700.1509
-37703.9507
-37701.8497
-37708.2870
-37708.7116
-37710.7680
-37711.9527
-37711.2150
-37709.6281
-37712.1091
-37718.1217
-37709.7175
-37715.6630
-37718.9935
-37712.5561
-37711.6621
-37713.9643
-37713.5173
-37725.6990
-37722.5250
-37724.2238
-37716.8924
-37719.6640
-37717.8535
-37717.1606
-37717.7641
-37719.6864
-37721.6980
-37727.0177
-37728.6941
-37727.9118
-37726.5260
-37725.1625
-37726.9954
-37729.2082
-37723.7544
-37723.3744
-37726.8836
-37728.0012
-37732.7398
-37729.9458
-37724.6708
-37727.1742
-37730.3928
-37731.1081
-37736.0478
-37731.1081
-37721.9662
-37726.5036
-37727.2412
-37726.8836
-37729.9905
-37725.9225
-37728.6941
-37722.5250
-37726.8389
-37726.6601
-37723.7320
-37726.6154
-37727.0177
-37724.6931
-37728.7612
-37727.6212
-37727.7553
-37725.8778
-37722.7485
-37723.8438
-37723.8214
-37729.4094
-37726.1013
-37726.5707
-37721.8321
-37724.3355
-37725.1402
-37725.8107
-37724.4473
-37725.4084
-37722.6591
-37720.0216
-37719.1946
-37723.8438
-37725.7884
-37727.1295
-37725.5202
-37730.4599
-37734.1703
-37736.4278
-37733.2092
-37730.8399
-37734.8185
-37736.6290
-37742.6416
-37740.6076
-37740.8982
-37737.6795
-37739.1324
-37736.6290
-37743.7592
-37740.0935
-37741.5017
-37738.7524
-37740.5182
-37746.7990
-37750.4200
-37749.0565
-37752.1634
-37750.2412
-37749.7942
-37750.2188
-37752.2305
-37744.8991
-37747.4249
-37747.0002
-37748.9895
-37750.2188
-37746.3743
-37747.4696
-37744.6980
-37749.7047
-37748.7660
-37748.0731
-37748.7436
-37750.6659
-37741.1664
-37743.4686
-37733.7680
-37734.7067
-37733.8574
-37737.4113
-37733.4774
-37733.6115
-37729.6329
-37731.7339
-37732.4939
-37729.2753
-37727.1071
-37727.9118
-37727.6212
-37729.8788
-37727.7330
-37724.9390
-37726.5930
-37729.9011
-37726.3472
-37723.3073
-37725.2966
-37719.5746
-37723.2403
-37719.5522
-37724.4026
-37718.2558
-37718.0547
-37715.5066
-37717.3841
-37713.4055
-37714.9925
-37715.3725
-37723.4414
-37717.1606
-37716.1101
-37714.5231
-37712.6009
-37714.5231
-37716.3559
-37716.8030
-37710.0975
-37717.4959
-37716.8030
-37719.4405
-37722.3015
-37712.9585
-37710.2539
-37713.5173
-37709.0469
-37713.8526
-37715.0148
-37717.0712
-37714.7466
-37715.3948
-37714.9254
-37710.5445
-37710.1869
-37720.3569
-37716.5124
-37716.3112
-37718.1441
-37714.8360
-37717.6076
-37719.4405
-37726.0119
-37721.4968
-37709.0916
-37712.4220
-37711.7291
-37709.9633
-37705.9177
-37709.0469
-37709.6951
-37706.6329
-37703.6155
-37702.6320
-37704.3531
-37702.4979
-37701.8273
-37698.7875
-37699.2792
-37705.0013
-37706.8118
-37696.7311
-37696.1947
-37695.2112
-37692.5290
-37693.4007
-37698.0052
-37693.8030
-37693.4678
-37696.5076
-37699.0557
-37692.2608
-37698.9216
-37698.8992
-37695.5688
-37705.7389
-37704.0625
-37705.7165
-37699.2792
-37701.8497
-37700.4192
-37705.7612
-37706.5882
-37705.2918
-37705.8953
-37708.5328
-37707.2141
-37711.9750
-37711.4833
-37711.7515
-37705.0460
-37711.3268
-37712.8020
-37710.5445
-37714.4560
-37714.5008
-37712.6232
-37715.4842
-37714.8137
-37712.6232
-37717.0936
-37719.5746
-37719.2840
-37721.2286
-37724.0449
-37724.1791
-37724.7155
-37721.0275
-37720.7816
-37725.0061
-37725.4531
-37720.2451
-37719.0829
-37717.7641
-37719.8205
-37721.7874
-37719.0158
-37717.1159
-37709.4269
-37709.5610
-37708.3987
-37707.5941
-37708.3987
-37709.7175
-37704.7554
-37707.2141
-37703.2802
-37703.5037
-37699.2345
-37698.5863
-37698.6981
-37703.7496
-37694.5853
-37693.4678
-37684.6612
-37683.5883
-37686.7846
-37685.6446
-37678.5591
-37683.1189
-37679.6991
-37678.7603
-37678.1121
-37681.4425
-37677.1957
-37676.9275
-37673.4853
-37671.9430
-37668.8138
-37668.8138
-37680.2132
-37675.3405
-37676.0781
-37671.4066
-37669.5514
-37666.5786
-37670.3561
-37669.2385
-37671.5854
-37672.2113
-37670.2443
-37669.9761
-37667.3833
-37661.7953
-37668.4115
-37663.5835
-37664.7905
-37661.1248
-37661.1695
-37662.6671
-37665.6398
-37659.2696
-37652.9664
-37656.4980
-37663.6729
-37657.8614
-37659.9178
-37661.7730
-37657.6603
-37654.6428
-37653.4581
-37654.2628
-37657.2356
-37657.9732
-37652.8546
-37657.0568
-37654.2628
-37659.3366
-37656.1403
-37656.8109
-37651.7147
-37650.8877
-37644.1375
-37644.4727
-37645.5680
-37647.1996
-37650.5301
-37638.2142
-37637.3202
-37632.3134
-37632.1569
-37633.5874
-37634.5933
-37636.4708
-37636.9402
-37637.9013
-37632.5593
-37629.6312
-37625.6973
-37622.6798
-37633.9451
-37625.0714
-37624.3562
-37628.4912
-37628.0442
-37627.3960
-37623.3950
-37622.4116
-37625.9878
-37621.8975
-37622.8362
-37623.8644
-37623.1045
-37621.4951
-37619.9976
-37624.4679
-37620.8246
-37622.0763
-37624.7585
-37629.5194
-37627.5525
-37631.9334
-37626.2337
-37628.8936
-37630.0782
-37636.8508
-37632.4028
-37629.4524
-37633.1180
-37636.3143
-37630.6147
-37632.2910
-37627.6866
-37630.5029
-37630.6147
-37627.3737
-37628.3348
-37626.5243
-37631.7099
-37636.2920
-37634.5262
-37641.6341
-37643.9139
-37637.5437
-37641.0529
-37638.0801
-37640.2483
-37643.2881
-37640.1588
-37642.6175
-37648.1384
-37642.4164
-37646.4173
-37641.0529
-37640.5388
-37641.2988
-37646.7526
-37646.7526
-37644.3610
-37640.9188
-37635.0850
-37639.4212
-37640.6729
-37637.0743
-37633.4086
-37638.9072
-37639.0189
-37645.3445
-37639.2201
-37638.3707
-37628.9383
-37636.3591
-37646.7526
-37644.8751
-37639.7789
-37647.4455
-37646.9091
-37648.7643
-37655.1569
-37654.3522
-37653.8605
-37654.1957
-37650.2842
-37645.9927
-37646.7750
-37648.0490
-37646.7750
-37652.7652
-37651.6476
-37651.8265
-37654.3299
-37654.3969
-37653.8828
-37652.4523
-37656.0286
-37654.7545
-37656.1627
-37658.6437
-37658.1520
-37658.1744
-37658.3979
-37661.9294
-37665.4163
-37663.4047
-37669.5737
-37670.2219
-37676.8157
-37675.6087
-37675.0723
-37672.5465
-37676.9498
-37682.4483
-37681.4872
-37688.4163
-37687.6787
-37683.9012
-37686.6505
-37688.6174
-37691.0761
-37696.6641
-37693.3560
-37692.5960
-37689.8691
-37691.9925
-37697.5805
-37700.7544
-37697.8934
-37692.1490
-37686.2034
-37690.6291
-37689.6456
-37693.4678
-37695.3230
-37692.4172
-37687.3434
-37688.6174
-37685.9129
-37685.2200
-37691.0985
-37690.8973
-37691.8584
-37692.6184
-37689.0868
-37685.1753
-37688.8409
-37689.5339
-37693.9595
-37694.3171
-37695.8594
-37696.2170
-37697.9381
-37699.4804
-37697.7593
-37699.1004
-37699.3239
-37699.9051
-37697.7816
-37696.1053
-37696.7311
-37694.7642
-37691.7467
-37698.2957
-37704.6213
-37703.1461
-37704.0848
-37705.1130
-37704.4648
-37707.3929
-37703.9507
-37712.6903
-37707.0129
-37708.3093
-37706.0741
-37701.7156
-37700.6427
-37708.3987
-37713.4949
-37720.0440
-37722.8603
-37722.8603
-37721.1616
-37719.8652
-37723.6426
-37727.5318
-37735.7796
-37733.7903
-37732.8962
-37729.8117
-37728.4482
-37731.1752
-37727.4201
-37731.3540
-37738.7971
-37734.4162
-37738.4618
-37740.9205
-37743.7145
-37745.7708
-37741.0770
-37739.1547
-37740.3841
-37740.4064
-37744.6309
-37741.7252
-37739.9594
-37735.0867
-37735.7796
-37734.4609
-37731.7116
-37730.9293
-37734.1479
-37732.4492
-37728.6494
-37732.9633
-37727.8000
-37731.6669
-37726.9283
-37723.5979
-37719.1499
-37728.1577
-37722.4356
-37727.5542
-37720.8263
-37721.8098
-37714.5231
-37722.7038
-37728.0236
-37729.7893
-37732.6504
-37724.8049
-37725.5649
-37722.7038
-37722.7932
-37725.3413
-37726.8389
-37721.7427
-37724.5143
-37733.4327
-37730.8846
-37731.3763
-37735.2655
-37734.3491
-37738.1712
-37729.6776
-37731.1081
-37730.9516
-37734.4609
-37728.0683
-37735.0197
-37729.3647
-37728.6047
-37729.7446
-37727.2859
-37727.7777
-37734.3491
-37731.6669
-37738.4395
-37735.9808
-37745.5473
-37735.3996
-37737.1207
-37736.2490
-37736.2266
-37734.5726
-37734.3044
-37734.5279
-37731.8234
-37736.0255
-37735.5561
-37732.8068
-37734.1479
-37733.5221
-37742.9992
-37748.0954
-37738.3948
-37743.8262
-37740.4958
-37744.3180
-37749.8612
-37750.7776
-37745.5920
-37741.8146
-37740.9652
-37743.9156
-37744.4968
-37742.5969
-37747.1566
-37745.3015
-37749.7718
-37749.5483
-37746.7543
-37745.1226
-37748.4978
-37749.3248
-37754.4657
-37753.7057
-37753.2363
-37744.4521
-37749.5706
-37746.9108
-37747.4696
-37749.5930
-37750.8223
-37753.8175
-37745.3909
-37744.9438
-37748.5201
-37741.1440
-37743.0216
-37742.9769
-37744.8544
-37739.7582
-37744.4744
-37747.3131
-37746.5532
-37741.6805
-37745.2791
-37745.7261
-37741.3675
-37738.9536
-37741.6134
-37745.9497
-37740.2500
-37739.8029
-37735.0420
-37737.1654
-37735.0644
-37734.1479
-37733.3880
-37732.2257
-37737.7689
-37730.2140
-37720.5134
-37720.9828
-37709.2034
-37714.4784
-37717.2724
-37714.7690
-37714.0314
-37716.8924
-37716.8030
-37714.6349
-37711.5503
-37711.1480
-37711.7515
-37708.6893
-37701.5814
-37702.8108
-37698.5416
-37691.7914
-37691.6573
-37682.7836
-37681.4872
-37682.4483
-37676.2569
-37673.4406
-37675.1170
-37667.0927
-37667.2715
-37667.9197
-37665.0140
-37664.0976
-37663.8517
-37660.4766
-37647.2891
-37653.3911
-37649.3901
-37647.4008
-37649.3454
-37647.2444
-37642.0587
-37641.6788
-37633.3639
-37635.2638
-37633.5204
-37632.6263
-37632.4475
-37627.8207
-37621.4057
-37621.5398
-37626.3008
-37625.4738
-37618.8576
-37617.5389
-37614.4990
-37618.0753
-37619.2376
-37623.4174
-37617.1813
-37612.7780
-37611.3027
-37608.4194
-37612.0404
-37605.8713
-37607.0783
-37607.7712
-37605.7148
-37603.4126
-37598.8528
-37598.9422
-37602.4068
-37596.7741
-37599.9481
-37593.6002
-37602.1162
-37598.8975
-37594.4272
-37593.3543
-37592.5943
-37593.5331
-37592.2591
-37594.3154
-37585.7547
-37586.5147
-37584.7489
-37583.6983
-37583.7207
-37580.0997
-37575.5623
-37570.7120
-37569.4603
-37567.8063
-37564.4311
-37558.0609
-37559.1785
-37556.1833
-37550.7742
-37550.0813
-37552.5624
-37549.2767
-37553.0765
-37557.5915
-37550.5731
-37551.3777
-37552.2494
-37556.1386
-37553.9482
-37557.1668
-37551.5789
-37552.5400
-37552.9200
-37552.3388
-37550.1260
-37553.6129
-37549.8354
-37545.1416
-37550.4389
-37551.5342
-37549.6119
-37544.1581
-37544.5828
-37541.2747
-37544.6275
-37544.6498
-37540.3807
-37538.7937
-37542.4817
-37542.9958
-37538.6149
-37537.2067
-37536.4021
-37538.3019
-37538.3914
-37542.6382
-37543.9793
-37542.8617
-37551.0424
-37542.5488
-37549.6790
-37547.9132
-37546.7956
-37548.0473
-37550.9307
-37549.7460
-37549.2767
-37549.3437
-37552.3165
-37552.9200
-37545.6557
-37547.1979
-37547.4438
-37548.6061
-37538.3467
-37546.8627
-37549.5896
-37551.5118
-37546.9521
-37546.0133
-37546.5497
-37548.7626
-37551.2436
-37554.7081
-37559.5808
-37550.4837
-37547.2203
-37551.5789
-37549.2543
-37548.2932
-37554.6187
-37551.0424
-37554.1717
-37550.5507
-37549.4108
-37559.8267
-37556.8986
-37556.4069
-37559.0444
-37553.9258
-37552.0706
-37550.7295
-37553.6799
-37554.6187
-37555.9598
-37556.0045
-37553.7247
-37559.9831
-37564.4535
-37562.3971
-37567.9851
-37570.6673
-37571.9860
-37574.7353
-37572.1648
-37574.5118
-37576.0317
-37576.3670
-37581.5302
-37588.9510
-37580.5914
-37583.4972
-37580.3903
-37582.2008
-37592.9296
-37595.7459
-37590.5603
-37596.4612
-37596.8859
-37598.2493
-37599.9257
-37601.2892
-37609.1346
-37601.3339
-37604.1502
-37607.1900
-37603.3008
-37613.2697
-37614.2085
-37614.2085
-37614.3873
-37609.9169
-37611.6157
-37605.8936
-37613.6497
-37613.6944
-37611.1016
-37615.3037
-37610.9004
-37608.7546
-37611.4145
-37608.3300
-37609.5146
-37612.2415
-37613.0909
-37610.7216
-37611.4592
-37609.0899
-37608.5982
-37611.3251
-37612.5991
-37608.3076
-37607.9500
-37605.2901
-37590.7391
-37587.1405
-37570.5779
-37559.8714
-37548.1591
-37547.8685
-37538.9949
-37551.6906
-37551.1766
-37557.9268
-37556.9210
-37562.9559
-37567.6051
-37573.3495
-37577.4399
-37586.4923
-37587.7887
-37594.2931
-37599.4116
-37603.3455
-37603.7702
-37605.5807
-37606.7877
-37612.8897
-37615.9519
-37617.5389
-37616.0413
-37619.6399
-37619.9976
-37624.6691
-37631.2852
-37631.7769
-37634.1909
-37635.8450
-37640.5165
-37638.5942
-37635.3532
-37636.9625
-37637.7449
-37636.1802
-37639.2201
-37639.0636
-37639.7342
-37639.3989
-37639.3318
-37642.4387
-37642.5952
-37643.3775
-37642.1258
-37637.7672
-37640.8518
-37642.2599
-37641.6341
-37641.4105
-37637.9907
-37640.6953
-37638.4378
-37633.8780
-37630.6594
-37639.7565
-37634.5933
-37635.1521
-37635.4650
-37634.6827
-37633.1628
-37636.3591
-37633.3639
-37634.3250
-37637.3425
-37635.6214
-37634.5262
-37643.4446
-37643.0199
-37647.5349
-37646.5067
-37641.5894
-37643.2657
-37640.3600
-37645.7021
-37645.4115
-37647.0432
-37641.1423
-37649.0325
-37646.5291
-37648.5408
-37644.6515
-37648.0937
-37647.4902
-37646.7079
-37637.4319
-37648.3619
-37650.1948
-37652.0947
-37651.4018
-37649.9713
-37653.1452
-37648.8760
-37646.7526
-37647.0432
-37651.8488
-37652.1617
-37654.5534
-37648.1831
-37654.0840
-37657.3697
-37657.0121
-37656.4756
-37660.0966
-37656.4086
-37657.5038
-37661.5718
-37658.3085
-37658.1297
-37663.5388
-37662.9129
-37659.4037
-37665.1257
-37665.8187
-37667.8303
-37668.0985
-37661.4824
-37660.2978
-37661.9518
-37661.6389
-37658.6214
-37659.2025
-37660.3201
-37664.2987
-37666.5786
-37659.8507
-37662.1530
-37655.6933
-37659.6943
-37667.5174
-37663.6058
-37660.1637
-37655.8945
-37655.0898
-37657.5262
-37659.6272
-37662.7788
-37647.4008
-37654.7098
-37641.8576
-37647.9149
-37641.2317
-37644.2045
-37646.2832
-37647.8926
-37649.5913
-37651.1783
-37650.5524
-37642.9752
-37647.0655
-37650.6642
-37647.4679
-37650.4854
-37647.7361
-37646.2609
-37646.0150
-37644.4951
-37644.9198
-37639.1307
-37644.7186
-37642.3717
-37636.9178
-37637.0743
-37632.2687
-37635.2862
-37634.5262
-37631.5087
-37628.8042
-37629.3630
-37629.7429
-37628.5806
-37630.7264
-37634.8168
-37623.0821
-37626.7255
-37628.4242
-37631.2182
-37630.5029
-37625.8090
-37625.8090
-37626.3455
-37625.8761
-37618.9470
-37619.7294
-37618.1424
-37617.9859
-37616.2425
-37611.7051
-37611.5263
-37610.8557
-37611.0345
-37612.7109
-37615.5496
-37611.2804
-37604.6419
-37601.9821
-37601.8480
-37602.8761
-37597.5564
-37601.3339
-37594.2707
-37599.6128
-37598.5623
-37594.3154
-37591.2085
-37594.8966
-37592.7508
-37592.7061
-37586.0006
-37591.1191
-37593.7119
-37593.3543
-37591.1191
-37588.1240
-37585.3077
-37586.1570
-37585.8218
-37588.6828
-37588.8616
-37585.5982
-37588.1687
-37586.7605
-37589.5769
-37588.5710
-37583.8101
-37579.8985
-37582.6702
-37579.1386
-37582.7372
-37588.9734
-37584.0336
-37581.1726
-37579.1162
-37574.0871
-37572.4778
-37574.3777
-37578.8927
-37576.9258
-37577.7751
-37577.8198
-37582.6478
-37584.5701
-37583.9666
-37579.8091
-37576.5681
-37580.2338
-37574.0647
-37580.2785
-37576.6128
-37577.8869
-37580.7256
-37581.5302
-37570.1979
-37578.4010
-37573.5059
-37573.2377
-37569.3709
-37565.6828
-37567.5827
-37567.4263
-37572.3437
-37569.0579
-37564.2970
-37562.6877
-37560.6984
-37566.3981
-37567.0016
-37563.9841
-37564.5652
-37570.0191
-37566.3757
-37561.8830
-37565.0346
-37556.8762
-37562.1289
-37566.4428
-37566.3757
-37563.9170
-37566.0852
-37563.2018
-37563.7829
-37563.0453
-37564.3641
-37558.1056
-37564.1629
-37563.1571
-37568.6109
-37564.8558
-37571.2708
-37566.4428
-37567.8733
-37574.3330
-37576.0317
-37577.1046
-37579.7197
-37574.0871
-37567.2028
-37568.3203
-37573.5954
-37574.7800
-37580.0550
-37580.0774
-37578.2445
-37581.5749
-37584.6148
-37585.7100
-37578.8927
-37582.3125
-37586.0676
-37588.6381
-37585.6206
-37584.7042
-37581.5526
-37586.0006
-37585.1065
-37585.3300
-37578.6021
-37585.1736
-37589.3980
-37590.9403
-37592.7955
-37593.7790
-37583.2513
-37590.2698
-37586.2911
-37592.5273
-37593.1978
-37585.7994
-37588.6604
-37587.8558
-37591.8791
-37584.1677
-37588.3028
-37589.7557
-37590.3145
-37586.4476
-37587.0735
-37585.9112
-37590.0015
-37592.0132
-37584.4359
-37581.9773
-37591.4767
-37588.2357
-37590.6497
-37593.6002
-37588.4369
-37581.1279
-37582.5584
-37582.2902
-37587.6770
-37586.6711
-37588.3475
-37593.7790
-37592.0802
-37596.5282
-37591.7450
-37589.1745
-37586.3358
-37588.7051
-37589.3757
-37594.1813
-37592.1026
-37595.6118
-37592.9520
-37588.9063
-37590.0686
-37594.3154
-37590.0015
-37587.7440
-37589.1969
-37593.8013
-37597.9811
-37595.7012
-37592.4826
-37596.1706
-37595.4554
-37596.2600
-37604.7537
-37605.5136
-37613.1356
-37610.7440
-37614.4320
-37606.0054
-37606.1395
-37608.5758
-37615.6390
-37614.7002
-37613.5603
-37614.7226
-37618.4330
-37615.1249
-37614.7673
-37613.7838
-37620.8022
-37621.8304
-37617.2260
-37618.2988
-37613.9626
-37609.6487
-37609.2464
-37606.2289
-37605.8266
-37607.3688
-37599.1210
-37600.2610
-37600.5516
-37605.6254
-37604.6419
-37603.7255
-37603.3455
-37605.1784
-37602.3620
-37602.5185
-37595.0977
-37596.1036
-37591.1191
-37591.0297
-37590.9627
-37589.5545
-37587.0288
-37585.9335
-37580.3232
-37571.3378
-37575.0259
-37576.8811
-37579.6080
-37577.8869
-37578.8480
-37575.5847
-37575.1376
-37569.7285
-37576.6352
-37571.7402
-37572.3437
-37566.4651
-37568.4768
-37562.8665
-37562.2854
-37564.7888
-37561.1007
-37563.7606
-37560.9890
-37558.5303
-37560.0055
-37558.6197
-37548.6732
-37550.4837
-37552.3388
-37551.9589
-37546.1921
-37546.1027
-37543.9793
-37549.9025
-37544.9181
-37545.0298
-37535.4856
-37540.9618
-37539.4419
-37543.9122
-37539.0843
-37543.3981
-37541.4535
-37541.6994
-37537.3408
-37536.5809
-37534.3457
-37537.5420
-37529.4730
-37520.6664
-37518.3642
-37520.6217
-37522.8122
-37514.3185
-37506.0260
-37500.5946
-37495.3642
-37498.4488
-37500.7957
-37494.2467
-37490.2457
-37492.0338
-37495.4760
-37489.8210
-37487.2059
-37488.4352
-37486.8259
-37480.6792
-37484.6578
-37480.1427
-37475.2477
-37462.7307
-37445.7881
-37422.4529
-37411.5899
-37396.0107
-37387.9418
-37378.9340
-37376.1400
-37377.6823
-37378.7552
-37384.8572
-37390.5346
-37395.1837
-37395.8543
-37399.3635
-37403.6774
-37410.6958
-37411.6793
-37416.9767
-37422.9893
-37425.2468
-37426.5209
-37423.2799
-37422.6093
-37433.1146
-37431.9747
-37433.3829
-37436.9144
-37433.1817
-37440.0884
-37443.6647
-37437.6967
-37442.7035
-37441.2954
-37444.7823
-37444.6928
-37443.2623
-37444.8270
-37446.7939
-37442.8153
-37443.2847
-37441.1613
-37439.4625
-37445.3187
-37445.3634
-37447.9562
-37441.2730
-37443.7764
-37443.3294
-37437.3168
-37440.4460
-37438.1438
-37440.6695
-37425.5598
-37430.8348
-37428.0184
-37429.5831
-37425.4480
-37425.0010
-37422.2517
-37429.7172
-37427.7279
-37428.2420
-37425.6045
-37430.2983
-37428.3314
-37432.4888
-37424.7998
-37432.2653
-37425.3362
-37423.5481
-37426.7891
-37429.7619
-37429.2031
-37433.4276
-37435.1710
-37433.5617
-37435.5286
-37431.1030
-37433.9864
-37435.9086
-37437.4732
-37436.8474
-37431.1030
-37433.3829
-37433.0029
-37433.7852
-37431.7959
-37428.8231
-37433.3829
-37431.0806
-37432.3323
-37435.3498
-37438.9261
-37434.2769
-37442.1894
-37439.7308
-37442.5024
-37447.1292
-37446.4586
-37446.5480
-37451.1972
-37457.8804
-37465.6364
-37462.4178
-37468.8774
-37470.7326
-37467.6034
-37468.9445
-37470.6209
-37471.3808
-37470.5315
-37472.6772
-37467.4693
-37469.0339
-37465.5247
-37469.9503
-37472.1631
-37476.4100
-37471.3138
-37476.0300
-37469.7715
-37475.6724
-37474.4654
-37475.1583
-37473.2807
-37465.1894
-37461.6802
-37466.5976
-37465.1894
-37462.5966
-37465.8599
-37469.0786
-37466.0611
-37459.8026
-37466.5976
-37473.8619
-37471.4255
-37471.5820
-37472.2749
-37465.1000
-37470.5538
-37464.8318
-37472.6772
-37470.7550
-37472.5655
-37466.9328
-37472.7666
-37475.4712
-37474.6665
-37473.3478
-37476.6782
-37474.3536
-37479.1369
-37474.9348
-37481.8638
-37478.7346
-37480.0310
-37488.3682
-37485.7753
-37488.5693
-37483.6519
-37479.0698
-37480.4780
-37485.5071
-37491.0504
-37498.3817
-37498.9405
-37503.9250
-37507.0319
-37505.5790
-37499.1193
-37508.4624
-37513.1339
-37515.8831
-37511.9939
-37513.3574
-37518.2971
-37513.3798
-37510.4740
-37505.3555
-37507.6801
-37509.1106
-37510.4517
-37505.9590
-37504.9084
-37502.3156
-37507.1660
-37508.7529
-37512.0834
-37509.9599
-37513.9833
-37515.5926
-37510.0493
-37509.5129
-37510.8317
-37510.2282
-37513.9385
-37513.3351
-37514.5644
-37512.3069
-37509.1329
-37508.1271
-37514.0503
-37508.2389
-37507.6130
-37504.6849
-37506.8307
-37503.6120
-37515.3244
-37512.5527
-37507.8812
-37507.0989
-37512.4186
-37512.4857
-37516.1737
-37511.8151
-37503.0756
-37502.0251
-37501.7792
-37501.5780
-37497.7335
-37497.9571
-37498.0912
-37501.1534
-37495.9901
-37499.9911
-37500.5946
-37500.6616
-37503.7685
-37501.2875
-37498.2923
-37500.9298
-37500.0805
-37499.6558
-37494.8725
-37498.4488
-37498.9405
-37496.7054
-37499.7228
-37499.5664
-37500.0581
-37486.8929
-37486.6918
-37492.3468
-37496.4371
-37499.7675
-37500.7734
-37500.5946
-37502.3603
-37499.2087
-37501.4439
-37500.4604
-37496.4818
-37500.0134
-37494.7831
-37495.3866
-37489.5751
-37487.1612
-37487.9882
-37493.6208
-37490.5139
-37493.7102
-37489.8657
-37488.9716
-37480.7239
-37480.3662
-37475.9406
-37480.3215
-37478.9804
-37482.4226
-37479.3604
-37473.1243
-37474.5324
-37477.6170
-37472.3867
-37477.2593
-37467.1787
-37470.5538
-37466.6870
-37467.2234
-37464.8541
-37458.7968
-37457.0310
-37464.6082
-37462.0378
-37455.5334
-37453.4100
-37457.3216
-4646.5030
-10119.3276
-10125.8320
-10129.1847
-10134.0798
-10126.4131
-10130.2800
-10127.0613
-10129.5647
-10137.6337
-10121.6075
-10131.2635
-10120.3782
-10119.4394
-10124.4685
-10124.0885
-10129.8329
-10128.9165
-10133.1857
-10132.2469
-10120.1770
-10122.0322
-10128.6706
-10133.0963
-10132.8728
-10122.3228
-10122.4122
-10128.8942
-10127.2848
-10128.6259
-10131.5540
-10131.8669
-10132.0234
-10129.5200
-10130.3023
-10134.1915
-10125.6085
-10130.1012
-10129.1177
-10123.1274
-10130.1682
-10122.3898
-10127.9107
-10124.6920
-10127.5084
-10124.6473
-10129.1847
-10124.4462
-10127.0390
-10117.6512
-10123.8427
-10115.9078
-10121.5404
-10122.3228
-10121.5404
-10127.3295
-10138.2595
-10116.5560
-10131.1740
-10131.0176
-10128.2907
-10141.0312
-10122.9933
-10135.0632
-10135.8903
-10136.1585
-10133.1633
-10140.8971
-10139.3324
-10142.3499
-10147.4014
-10140.3606
-10141.6347
-10146.0603
-10141.5900
-10141.7017
-10143.4899
-10149.9048
-10156.1409
-10146.6638
-10141.6570
-10146.6191
-10144.6298
-10146.9320
-10146.1721
-10138.1254
-10141.5900
-10148.2061
-10147.7367
-10143.2887
-10151.1789
-10156.4315
-10161.8853
-10160.2537
-10163.1370
-10164.0088
-10159.4266
-10155.1128
-10158.9126
-10165.9981
-10148.8990
-10150.5977
-10144.0486
-10147.3120
-10141.6794
-10142.9087
-10146.2615
-10151.8271
-10155.4704
-10146.9097
-10155.8951
-10153.8164
-10158.8679
-10160.3654
-10159.5161
-10157.1915
-10164.6346
-10170.4684
-10151.0671
-10157.1468
-10160.8795
-10154.7551
-10150.7542
-10151.5812
-10150.4189
-10160.0525
-10156.5656
-10147.1332
-10154.6210
-10153.4811
-10153.7046
-10149.5025
-10156.1633
-10161.4383
-10154.3975
-10159.0020
-10161.3489
-10158.6220
-10162.3100
-10162.2206
-10160.2537
-10165.3722
-10160.7454
-10160.7901
-10164.4334
-10160.7230
-10160.4995
-10163.7629
-10155.9621
-10056.4075
-10184.1700
-10212.5344
-10193.9154
-10180.0797
-10174.9835
-10173.8659
-10159.7843
-10166.2886
-10169.5296
-10176.8387
-10175.4752
-10175.3411
-10175.8775
-10174.5811
-10174.5588
-10174.1788
-10170.4461
-10176.3916
-10170.8484
-10176.4810
-10173.5977
-10175.6317
-10178.6044
-10168.6803
-10172.0330
-10177.5092
-10173.5753
-10171.1837
-10180.6608
-10181.6890
-10176.3469
-10185.7794
-10171.6754
-10175.1399
-10173.1730
-10172.6142
-10170.0884
-10176.5034
-10173.1059
-10168.3003
-10173.6424
-10175.4081
-10165.7745
-10167.2051
-10175.8775
-10172.8600
-10170.9825
-10167.7191
-10173.3294
-10184.5053
-10175.0729
-10180.9514
-10174.6035
-10180.2361
-10179.9455
-10182.3372
-10188.6851
-10190.6297
-10181.3090
-10192.5519
-10191.9708
-10197.0670
-10197.2905
-10191.2108
-10197.5811
-10189.1321
-10193.8036
-10197.0893
-10181.5772
-10183.1642
-10194.7871
-10190.9203
-10188.6404
-10188.5063
-10197.2458
-10196.3070
-10195.9494
-10196.3964
-10200.7997
-10204.2419
-10195.2118
-10196.1953
-10201.7832
-10201.9844
-10207.5053
-10193.0437
-10201.3362
-10204.5325
-10145.4568
-10026.2550
-10015.7273
-10048.7632
-10094.1149
-10128.5142
-10155.8951
-10167.6968
-10177.6657
-10188.3275
-10190.2721
-10186.7852
-10190.7191
-10197.5364
-10203.6384
-10200.7774
-10187.6346
-10193.3119
-10196.2400
-10191.1438
-10199.1457
-10206.6782
-10200.1962
-10199.1681
-10197.2682
-10194.1389
-10198.4528
-10207.1700
-10201.4703
-10198.5869
-10203.9960
-10194.2060
-10196.1506
-10198.2293
-10201.6267
-10203.5713
-10199.0786
-10200.8668
-10205.5830
-10209.6734
-10210.0086
-10213.9426
-10208.5334
-10200.7103
-10210.4780
-10216.6918
-10207.6617
-10205.3371
-10213.3614
-10204.3984
-10211.2827
-10205.4489
-10211.5062
-10200.9115
-10206.8571
-10203.9513
-10211.7968
-10221.0057
-10213.7414
-10291.2125
-10532.1420
-10484.5775
-10371.8576
-10313.1172
-10251.6499
-10231.9804
-10228.0689
-10220.4693
-10219.1282
-10224.3361
-10213.8978
-10213.0708
-10215.7754
-10225.6549
-10235.1320
-10226.8172
-10224.1797
-10230.8405
-10229.0300
-10237.2778
-10239.2000
-10238.5295
-10224.2467
-10230.1923
-10232.7627
-10236.2943
-10235.2885
-10238.1495
-10226.8842
-10226.6607
-10228.3594
-10237.6354
-10228.6276
-10224.5596
-10223.4644
-10224.5820
-10225.6996
-10229.1194
-10234.4615
-10231.2428
-10239.0883
-10237.8589
-10235.9814
-10240.0047
-10233.7909
-10232.6286
-10231.8687
-10239.2671
-10235.0873
-10238.8871
-10244.6091
-10236.3837
-10241.5917
-10237.8589
-10242.1728
-10249.3030
-10244.0280
-10238.7753
-10242.6198
-10239.6471
-10246.3749
-10242.5975
-10243.3574
-10242.1058
-10240.3400
-10242.2399
-10243.2680
-10242.5304
-10251.5158
-10238.1495
-10245.9279
-10242.6422
-10248.2301
-10248.7889
-10245.1009
-10247.0231
-10243.0892
-10243.7821
-10245.9055
-10244.9221
-10246.1961
-10245.1009
-10252.4099
-10253.3263
-10248.0960
-10252.6334
-10243.9609
-10251.2700
-10248.8113
-10255.3827
-10253.1475
-10253.9075
-10257.6849
-10260.4565
-10258.6460
-10259.9424
-10259.1154
-10251.1135
-10256.9473
-10264.4798
-10252.5440
-10244.6762
-10243.1563
-10252.0523
-10252.9240
-10258.5343
-10264.2787
-10255.2039
-10255.5168
-10253.1699
-10258.2661
-10261.0824
-10253.3040
-10258.6684
-10260.7918
-10256.9920
-10246.9114
-10253.0134
-10258.4896
-10260.8589
-10259.4954
-10252.4770
-10254.3322
-10259.1378
-10264.8822
-10255.5615
-10260.9483
-10265.0386
-10264.3681
-10261.5518
-10258.2214
-10267.0503
-10269.5537
-10256.6567
-10261.5518
-10264.0328
-10271.4536
-10264.8375
-10259.1378
-10268.1902
-10267.5197
-10265.4186
-10264.6587
-10268.9502
-10271.2524
-10278.6732
-10275.4322
-10271.5877
-10275.7004
-10270.9619
-10273.2417
-10282.1601
-10276.9521
-10273.3982
-10277.3097
-10279.7684
-10270.4254
-10268.3691
-10269.1514
-10280.4166
-10270.3360
-10270.6713
-10272.1241
-10274.4040
-10274.7840
-10281.8248
-10279.8802
-10272.3924
-10274.6052
-10280.2602
-10275.1416
-10276.1251
-10275.9016
-10275.8345
-10276.2369
-10283.6353
-10273.8229
-10280.4166
-10276.3933
-10281.0201
-10277.1309
-10279.2320
-10278.7403
-10283.7918
-10279.6343
-10280.6178
-10283.3894
-10274.5158
-10274.0240
-10272.4594
-10277.5109
-10280.6849
-10277.9356
-10278.4050
-10283.9929
-10277.7121
-10283.5682
-10284.2388
-10286.5857
-10282.0707
-10294.1183
-10276.1251
-10281.6907
-10283.9706
-10285.9822
-10279.3438
-10280.3049
-10284.0823
-10286.3622
-10279.3661
-10279.2544
-10286.4516
-10280.6849
-10281.7130
-10285.0435
-10290.3408
-10300.1309
-10290.7431
-10300.3767
-10299.2368
-10291.7937
-10288.1950
-10289.7597
-10289.2903
-10286.2504
-10294.4088
-10294.4759
-10286.5187
-10289.3126
-10294.1630
-10296.2417
-10294.2300
-10302.0755
-10315.2407
-10339.0453
-10383.3464
-10465.9138
-10548.6599
-10625.6617
-10650.8745
-10681.5187
-10697.7237
-10700.7635
-10699.4224
-10694.7509
-10695.8238
-10699.3330
-10686.2126
-10691.6440
-10695.3768
-10707.1114
-10699.2436
-10707.8714
-10700.4506
-10705.3680
-10709.2572
-10711.7159
-10715.3816
-10710.9336
-10709.7042
-10707.7596
-10704.4516
-10706.2844
-10704.0269
-10702.3282
-10699.2436
-10699.6013
-10699.5789
-10692.7616
-10692.7169
-10685.7432
-10684.1786
-10680.4458
-10680.7587
-10682.9939
-10686.2796
-10680.4905
-10672.9580
-10675.6625
-10584.3110
-10487.9526
-10507.7339
-10552.7279
-10579.9524
-10601.2312
-10619.5150
-10626.4216
-10635.7200
-10651.1203
-10657.0212
-10867.3287
-10931.9923
-10836.7516
-10755.7488
-10706.2844
-10676.0872
-10660.9774
-10654.8307
-10659.7257
-10643.2078
-10653.1320
-10645.3089
-10644.6160
-10642.7161
-10641.0173
-10639.0280
-10634.0659
-10629.3721
-10636.5023
-10625.4158
-10630.9814
-10626.4663
-10622.7560
-10627.3828
-10624.3206
-10625.9299
-10616.8998
-10620.6996
-10621.1243
-10620.8114
-10617.4139
-10629.3944
-10617.3692
-10618.0844
-10615.2681
-10612.9435
-10614.5305
-10613.7259
-10616.6539
-10617.8162
-10603.5335
-10610.8425
-10613.7929
-10612.9882
-10607.1768
-10610.1272
-10613.1000
-10607.6238
-10611.1778
-10612.1389
-10609.4120
-10610.6860
-10601.5442
-10611.5801
-10605.1651
-10605.4334
-10607.5344
-10609.8143
-10606.9980
-10604.9640
-10603.1088
-10602.7511
-10602.7511
-10605.9027
-10609.4120
-10607.8026
-10605.7686
-10601.3877
-10606.5062
-10600.9183
-10609.2332
-10603.6229
-10601.0301
-10605.5675
-10604.0699
-10602.4159
-10602.9747
-10601.1195
-10599.8231
-10597.6102
-10603.7570
-10604.2711
-10605.7239
-10612.4965
-10604.9193
-10612.4965
-10611.5801
-10610.1943
-10612.4071
-10610.6413
-10605.5451
-10613.8376
-10606.3721
-10615.6258
-10613.3906
-10610.8425
-10609.7696
-10610.4625
-10603.4217
-10612.5859
-10605.8133
-10607.8920
-10605.5675
-10605.5228
-10605.9474
-10603.0641
-10617.6374
-10601.5665
-10607.3109
-10610.3284
-10613.7482
-10606.4392
-10604.5169
-10607.3333
-10607.3333
-10609.7025
-10614.1505
-10607.6909
-10613.1447
-10605.9698
-10612.3177
-10615.1564
-10608.2273
-10608.8979
-10610.7531
-10605.5898
-10611.0660
-10615.9610
-10606.3721
-10608.7414
-10612.3400
-10614.4858
-10613.9717
-10614.5976
-10610.1496
-10609.3673
-10616.7880
-10603.8464
-10608.3614
-10615.7599
-10612.1612
-10610.9319
-10609.8814
-10613.5470
-10619.4479
-10616.9892
-10619.3808
-10617.0339
-10619.1573
-10613.7259
-10616.5645
-10618.6209
-10624.0524
-10620.8784
-10614.2846
-10621.2584
-10616.5198
-10617.6821
-10622.8454
-10620.2973
-10617.8386
-10616.4081
-10624.9241
-10616.4081
-10622.1301
-10621.1913
-10618.6656
-10619.7832
-10623.7618
-10627.3604
-10623.9406
-10622.2195
-10628.7462
-10618.6879
-10624.6335
-10621.8172
-10626.8240
-10623.4265
-10626.0417
-10620.0961
-10619.9173
-10623.2924
-10620.9231
-10623.4712
-10625.0805
-10623.7841
-10625.0805
-10629.6403
-10620.9455
-10627.0028
-10623.3148
-10624.6335
-10623.8512
-10627.0251
-10618.3527
-10621.9960
-10619.2691
-10614.3741
-10615.5140
-10619.2020
-10624.7453
-10626.6452
-10618.2633
-10617.6151
-10621.7278
-10621.5266
-10621.5266
-10626.9581
-10617.4809
-10620.5208
-10625.2147
-10616.6539
-10620.4537
-10618.9338
-10614.3741
-10619.3808
-10625.1029
-10626.7122
-10633.1272
-10631.3837
-10630.5791
-10633.8201
-10632.3672
-10626.8687
-10621.5713
-10629.2603
-10626.6675
-10630.8473
-10636.1223
-10640.0562
-10642.1796
-10642.2020
-10628.6345
-10641.2185
-10640.2350
-10639.0280
-10634.9600
-10643.2749
-10630.3779
-10632.4119
-10637.6646
-10639.4080
-10638.6480
-10635.8764
-10632.4790
-10628.3886
-10636.0105
-10623.1583
-10629.8191
-10625.0582
-10621.5043
-10622.3536
-10628.7015
-10626.2205
-10615.0223
-10621.3925
-10632.0319
-10625.0135
-10617.3468
-10620.2526
-10622.8454
-10619.8055
-10625.5499
-10620.5431
-10622.3089
-10619.2914
-10622.1301
-10616.9445
-10619.1573
-10609.3226
-10612.6530
-10601.5442
-10605.7463
-10606.1710
-10604.8746
-10596.5374
-10598.9514
-10603.3546
-10611.5577
-10601.0301
-10603.2429
-10593.2964
-10593.2740
-10598.8843
-10602.8853
-10600.1136
-10596.9397
-10596.9173
-10600.7171
-10592.1564
-10592.6929
-10603.5335
-10599.1525
-10599.3760
-10604.3605
-10589.8989
-10585.1380
-10588.6248
-10590.7259
-10585.4732
-10587.1720
-10587.2614
-10585.2050
-10585.8979
-10590.4353
-10588.4013
-10584.0204
-10587.3508
-10593.7657
-10591.5753
-10592.4246
-10591.8435
-10592.8493
-10593.2293
-10596.3138
-10602.4606
-10586.7920
-10594.4810
-10591.6647
-10585.4285
-10586.7473
-10580.9135
-10584.5568
-10589.7871
-10583.0369
-10579.5947
-10582.4558
-10583.0146
-10590.3459
-10585.4285
-10583.3945
-10581.6511
-10581.8523
-10584.6909
-10585.2497
-10593.7434
-10570.9446
-10578.9689
-10574.2303
-10583.6851
-10582.6569
-10582.4558
-10578.9242
-10576.4878
-10575.3479
-10576.4878
-10578.0525
-10578.0525
-10570.6540
-10575.9067
-10585.9873
-10575.9067
-10575.7055
-10573.4257
-10577.8513
-10575.8844
-10573.3586
-10569.7376
-10572.2857
-10574.7444
-10574.3197
-10574.2080
-10574.3421
-10580.1759
-10582.0981
-10588.2672
-10588.6695
-10593.0505
-10588.8484
-10587.7531
-10587.4849
-10589.1613
-10593.0281
-10520.5191
-10590.9494
-10622.2195
-10609.6355
-10613.3235
-10594.9504
-10600.3372
-10599.3537
-10595.7774
-10596.6491
-10605.9251
-10608.0485
-10610.3731
-10605.8580
-10599.7337
-10603.9134
-10610.9095
-10609.3673
-10607.9815
-10608.0709
-10610.9319
-10608.0262
-10606.2604
-10611.4683
-10613.1000
-10614.1729
-10611.8707
-10612.7424
-10607.2215
-10619.5373
-10613.9941
-10626.1311
-10609.9708
-10616.4528
-10618.2856
-10616.2516
-10617.7939
-10611.8260
-10612.6083
-10617.5704
-10615.7599
-10620.8561
-10625.1252
-10626.6452
-10624.4323
-10626.2652
-10629.5285
-10642.0232
-10628.3215
-10627.5616
-10634.6694
-10636.5693
-10639.2739
-10639.5421
-10637.2846
-10650.6062
-10635.3847
-10637.3964
-10639.9221
-10638.4692
-10647.6558
-10654.3613
-10643.2972
-10648.8628
-10649.8910
-10653.6684
-10658.8987
-10663.6820
-10669.2029
-10660.8880
-10667.2359
-10654.8978
-10664.8890
-10662.9220
-10667.8171
-10667.8841
-10663.4585
-10668.6664
-10667.5042
-10664.5761
-10665.3360
-10672.9356
-10675.9755
-10677.7189
-10674.8132
-10674.7238
-10678.0989
-10682.3234
-10681.3175
-10683.8209
-10687.1960
-10681.7422
-10687.9783
-10679.1271
-10682.8151
-10681.2728
-10682.7704
-10682.0998
-10682.2563
-10692.4487
-10692.1805
-10685.8996
-10686.2573
-10683.5304
-10690.7276
-10693.7675
-10689.5206
-10690.6382
-10701.3223
-10694.5051
-10695.9356
-10694.6839
-10698.5284
-10706.1056
-10698.8413
-10703.7810
-10701.6800
-10692.8957
-10697.8802
-10699.5342
-10705.0327
-10699.1989
-10701.0094
-10703.9598
-10700.2048
-10710.0842
-10702.2164
-10707.6479
-10708.7431
-10714.8004
-10714.8228
-10715.5157
-10716.4545
-10719.9637
-10722.8694
-10723.9647
-10721.5730
-10713.5711
-10719.2708
-10720.8131
-10716.8792
-10722.5341
-10722.7800
-10727.7198
-10726.4010
-10732.7489
-10716.1415
-10724.4117
-10722.3330
-10728.6362
-10732.1230
-10728.4127
-10732.6818
-10734.1794
-10738.9180
-10737.9121
-10729.2620
-10735.9899
-10734.8276
-10740.5049
-10745.8470
-10745.4894
-10740.0356
-10745.7800
-10742.0472
-10747.0764
-10741.1755
-10744.1259
-10745.1094
-10740.5944
-10739.9685
-10734.4923
-10737.7333
-10733.7324
-10739.2309
-10731.7431
-10733.4418
-10732.6595
-10738.0239
-10725.8646
-10729.5079
-10726.6692
-10734.8500
-10731.8772
-10733.3747
-10734.2241
-10735.0288
-10733.4865
-10733.6653
-10739.3650
-10741.3767
-10738.1580
-10742.8295
-10748.4175
-10741.3096
-10748.1939
-10740.6838
-10744.0365
-10742.3378
-10742.4943
-10742.5613
-10742.1143
-10736.8393
-10740.4826
-10737.3086
-10741.9131
-10744.7741
-10747.0093
-10739.4097
-10740.3038
-10753.9607
-10738.4709
-10743.1872
-10739.9462
-10742.9860
-10744.7071
-10748.1045
-10749.8033
-10754.5642
-10747.8810
-10760.2639
-10747.2999
-10746.9870
-10751.0103
-10757.9393
-10756.1512
-10752.5302
-10751.7255
-10759.8392
-10754.7430
-10753.5137
-10754.6760
-10756.3970
-10755.5700
-10762.7449
-10768.8470
-10767.6176
-10765.9412
-10762.4767
-10765.8518
-10762.3426
-10766.7012
-10769.2269
-10771.1045
-10760.8897
-10770.9257
-10759.5486
-10757.8946
-10756.0171
-10762.8120
-10758.4087
-10767.3047
-10760.4651
-10762.2755
-10761.7391
-10760.4427
-10759.1016
-10765.7401
-10767.1035
-10765.9636
-10769.4952
-10771.8421
-10771.6409
-10773.0714
-10770.7916
-10773.4067
-10772.9373
-10760.2415
-10766.1200
-10769.1375
-10763.7284
-10767.7294
-10770.0540
-10775.0384
-10765.4048
-10770.5680
-10770.2104
-10763.4825
-10773.5408
-10770.8139
-10768.5787
-10763.0802
-10771.7974
-10768.2658
-10767.4164
-10766.9694
-10769.6740
-10782.7944
-10771.1492
-10771.8868
-10774.4572
-10779.9558
-10780.0452
-10785.8790
-10785.9684
-10792.1151
-10777.0501
-10786.6837
-10787.8459
-10786.9072
-10777.6759
-10783.3979
-10779.8440
-10782.6380
-10779.9558
-10786.6837
-10787.2201
-10790.7740
-10791.8469
-10783.7332
-10792.4504
-10793.7245
-10791.6904
-10790.1929
-10794.7973
-10792.6069
-10792.0034
-10790.9081
-10794.0150
-10798.8430
-10787.9354
-10792.2939
-10788.2259
-10785.5437
-10787.9577
-10791.1317
-10784.3814
-10794.6632
-10780.3581
-10784.8732
-10789.0976
-10793.2551
-10793.2104
-10790.2599
-10794.0374
-10786.1249
-10792.8304
-10794.9762
-10795.2891
-10796.9208
-10795.7361
-10789.1870
-10793.4786
-10796.6972
-10796.3173
-10796.2278
-10789.5447
-10790.9081
-10800.8770
-10798.0607
-10803.4251
-10803.8051
-10805.5038
-10807.6943
-10805.7720
-10804.6321
-10800.2065
-10803.9168
-10798.2619
-10802.1511
-10813.4610
-10803.0228
-10813.1258
-10806.4202
-10812.7458
-10814.8469
-10805.7944
-10806.1073
-10807.9849
-10804.8109
-10807.8061
-10809.6836
-10802.0840
-10806.9120
-10813.5728
-10805.4591
-10808.4095
-10810.3094
-10811.8517
-10820.4571
-10820.9042
-10824.1228
-10819.8313
-10821.0383
-10827.3638
-10818.4231
-10818.6914
-10824.5922
-10820.5018
-10822.0441
-10817.1267
-10817.2161
-10816.9479
-10818.1326
-10820.6360
-10821.8877
-10822.3570
-10817.0150
-10817.4620
-10823.6087
-10816.7020
-10814.8692
-10820.4348
-10817.0150
-10824.3463
-10822.0888
-10824.9945
-10823.9440
-10826.4027
-10826.6262
-10829.7331
-10830.2919
-10823.9440
-10826.5592
-10832.9071
-10823.0946
-10829.0179
-10823.2958
-10821.9771
-10821.6865
-10826.0898
-10827.8109
-10833.0859
-10831.4318
-10824.9945
-10830.3590
-10833.3541
-10827.9003
-10829.3978
-10836.7069
-10825.5310
-10831.2307
-10835.9245
-10836.0140
-10831.7895
-10835.7010
-10834.5164
-10835.6787
-10834.9858
-10831.6554
-10835.1199
-10831.2307
-10836.0587
-10834.4046
-10833.0412
-10837.8021
-10835.9692
-10840.5961
-10840.4843
-10842.9653
-10841.3784
-10847.4357
-10838.1374
-10839.4785
-10844.3288
-10843.9935
-10845.0664
-10844.5076
-10849.6262
-10838.9644
-10842.6301
-10846.0499
-10841.1325
-10847.0557
-10837.6903
-10836.9974
-10835.2316
-10834.1364
-10833.7564
-10835.1869
-10843.7253
-10834.7846
-10835.7904
-10826.2239
-10830.2249
-10824.4357
-10831.6777
-10841.1325
-10839.9255
-10838.5173
-10831.3648
-10837.1315
-10839.7467
-10844.4182
-10834.9411
-10828.8167
-10828.5485
-10832.7059
-10830.8060
-10837.6009
-10843.5912
-10833.7564
-10833.2870
-10832.8624
-10834.1588
-10838.9420
-10839.3667
-10838.2938
-10844.6641
-10836.9751
-10834.1141
-10836.9304
-10835.2987
-10840.4620
-10848.5086
-10852.5542
-10841.8031
-10841.3113
-10840.4843
-10843.9712
-10846.8769
-10853.5824
-10853.3142
-10850.1179
-10844.7311
-10842.2948
-10847.0334
-10839.8808
-10834.9187
-10843.8371
-10844.6417
-10838.3385
-10837.2209
-10841.2219
-10852.9789
-10840.5961
-10845.6923
-10843.2559
-10839.6349
-10845.0664
-10850.4755
-10850.8779
-10853.8953
-10853.4930
-10849.8944
-10845.3123
-10854.1189
-10854.0742
-10856.7564
-10852.2190
-10850.7438
-10846.1840
-10853.9848
-10854.3647
-10852.2860
-10851.3025
-10849.5144
-10848.7992
-10845.9381
-10851.9955
-10848.7544
-10844.8652
-10850.1179
-10854.2977
-10857.6504
-10845.8040
-10854.3871
-10860.4668
-10851.4143
-10866.5017
-10851.0343
-10858.8127
-10853.8506
-10864.1772
-10855.7952
-10863.1043
-10850.3638
-10849.1568
-10856.5552
-10857.0246
-10865.6747
-10860.1538
-10855.0129
-10855.4153
-10856.8458
-10865.9206
-10865.4736
-10863.4842
-10869.6757
-10867.5076
-10869.5192
-10865.5406
-10869.9663
-10875.9118
-10872.2461
-10871.5309
-10874.4143
-10866.8370
-10866.2112
-10868.8040
-10866.1218
-10871.9779
-10873.4531
-10875.6883
-10872.6932
-10875.6659
-10870.5474
-10873.4084
-10880.3151
-10882.7738
-10879.0187
-10888.5406
-10879.8681
-10886.7524
-10890.1722
-10886.7524
-10884.4278
-10885.1654
-10875.9342
-10876.8059
-10881.0304
-10876.0906
-10879.7116
-10882.5503
-10882.3268
-10886.2160
-10882.0585
-10885.9925
-10880.7174
-10877.2753
-10877.8117
-10882.1033
-10884.2714
-10881.2986
-10878.3482
-10877.2976
-10879.5104
-10876.6047
-10885.1431
-10877.8117
-10878.0352
-10877.0518
-10881.1198
-10881.2092
-10881.1868
-10879.6893
-10879.8904
-10882.0585
-10881.3656
-10878.4376
-10884.8972
-10877.9682
-10879.1305
-10882.7962
-10882.5503
-10883.6679
-10885.7019
-10882.2597
-10882.4162
-10883.0867
-10874.0790
-10878.2364
-10881.8127
-10888.7194
-10888.5182
-10884.4278
-10891.6251
-10896.1178
-10887.7135
-10898.5318
-10889.4793
-10894.9108
-10896.5648
-10898.0400
-10897.3024
-10899.4706
-10907.0031
-10900.2752
-10903.9409
-10890.9992
-10901.2140
-10899.5823
-10902.5104
-10906.3325
-10906.3325
-10899.6494
-10904.2538
-10902.7563
-10904.4773
-10897.6824
-10896.5872
-10890.8428
-10897.4589
-10893.0333
-10896.4978
-10893.7932
-10896.5648
-10890.5969
-10890.3510
-10892.1168
-10889.2782
-10890.0605
-10884.4949
-10891.3569
-10891.9157
-10890.5522
-10896.4307
-10886.8195
-10883.7349
-10884.4278
-10888.2276
-10884.7855
-10882.4609
-10885.7466
-10876.4930
-10876.4930
-10874.0343
-10871.9556
-10877.4094
-10872.2908
-10870.1898
-10872.2238
-10868.6922
-10873.7213
-10868.3793
-10868.2228
-10870.2792
-10871.3968
-10868.4687
-10873.5425
-10872.5144
-10877.4541
-10867.1052
-10861.8749
-10865.8982
-10859.9974
-10865.0489
-10871.4638
-10860.8020
-10855.7729
-10861.2491
-10857.0469
-10856.9352
-10855.4823
-10851.8166
-10857.2928
-10860.2432
-10856.5999
-10855.8847
-10868.8263
-10855.3706
-10854.6777
-10858.7233
-10859.2821
-10863.9313
-10859.6621
-10854.0965
-10857.3599
-10859.5503
-10853.4930
-10852.4201
-10850.9449
-10842.3395
-10850.1403
-10841.2219
-10840.8419
-10844.6864
-10840.9760
-10843.3230
-10848.8439
-10852.9789
-10832.7730
-10836.7069
-10830.1131
-10832.9518
-10834.8070
-10826.2686
-10823.2064
-10822.2900
-10832.1024
-10817.3502
-10818.4008
-10820.7701
-10828.1014
-10828.8167
-10827.6320
-10828.0120
-10825.9780
-10829.6661
-10833.3317
-10823.8323
-10820.9489
-10823.5640
-10824.0111
-10826.4921
-10823.2064
-10821.3065
-10823.5864
-10816.1433
-10819.3172
-10814.4445
-10821.7535
-10823.6311
-10818.5349
-10821.7088
-10822.8041
-10827.6097
-10830.9401
-10831.3424
-10835.2540
-10838.5844
-10842.8983
-10841.1102
-10839.3220
-10843.8818
-10834.8964
-10835.1646
-10835.6116
-10843.9488
-10845.5805
-10838.9644
-10838.4503
-10843.8147
-10841.0878
-10851.1684
-10843.0100
-10847.0334
-10856.0635
-10856.5105
-10854.9459
-10854.4094
-10851.2578
-10853.0460
-10852.5095
-10853.2471
-10851.7496
-10852.0849
-10847.9721
-10850.5649
-10844.7088
-10846.8545
-10848.0168
-10860.2879
-10846.8322
-10849.0003
-10846.0052
-10849.3356
-10854.5883
-10858.0081
-10857.3152
-10862.6125
-10859.4162
-10860.1762
-10867.4852
-10855.3706
-10866.2112
-10868.7593
-10864.3783
-10861.0032
-10864.2219
-10869.9215
-10869.2957
-10869.5639
-10876.8282
-10875.6212
-10878.0129
-10882.6397
-10891.9604
-10888.2500
-10887.5571
-10887.7806
-10891.8486
-10892.4074
-10892.0274
-10895.9166
-10896.0060
-10905.5055
-10896.7883
-10895.4919
-10908.7018
-10917.7319
-10908.7465
-10910.3782
-10911.8311
-10898.3306
-10910.9146
-10907.1596
-10908.7242
-10915.1168
-10914.0662
-10924.9739
-10934.4287
-10917.1955
-10926.3821
-10926.8514
-10925.9574
-10934.9428
-10933.9816
-10936.6862
-10944.2635
-10939.8155
-10942.1177
-10947.2586
-10943.5258
-10950.0302
-10946.5880
-10949.2255
-10955.2829
-10959.5520
-10951.4384
-10953.8076
-10958.7474
-10960.1779
-10957.6745
-10964.8718
-10960.7590
-10964.0894
-10962.6366
-10956.8475
-10958.1662
-10959.8873
-10961.5861
-10962.8378
-10967.0399
-10965.9893
-10967.1740
-10967.4199
-10972.2702
-10973.3207
-10972.2702
-10969.6997
-10971.3985
-10974.9077
-10973.0972
-10982.5520
-10974.3713
-10976.6958
-10981.1215
-10983.8707
-10979.1098
-10982.5296
-10983.3343
-10984.7201
-10987.9835
-10989.7716
-10991.2245
-10989.9057
-10983.9825
-10985.5471
-10987.1117
-10992.9232
-10993.0797
-10997.4830
-11006.7142
-10998.5111
-11004.9708
-11005.0825
-11002.9591
-11003.6297
-11006.8483
-11009.5752
-11011.4975
-11010.8046
-11014.8503
-11018.0689
-11006.5801
-11003.8309
-11005.6860
-11010.6928
-11019.2983
-11011.6316
-11019.7676
-11018.1583
-11022.8298
-11017.6442
-11019.7900
-11015.2749
-11015.2749
-11013.7997
-11013.8668
-11010.7375
-11011.5646
-11016.3925
-11012.3022
-11009.6870
-11008.2341
-11010.4246
-11017.3760
-11014.0232
-11017.5101
-11013.8891
-11014.2691
-11014.7832
-11020.6394
-11018.7171
-11018.9630
-11022.2040
-11018.9183
-11025.1321
-11028.7977
-11026.0485
-11024.9756
-11021.3099
-11030.7200
-11019.8794
-11022.2263
-11030.2059
-11023.8580
-11030.9435
-11028.8425
-11029.0883
-11034.4751
-11033.9387
-11042.7229
-11036.0621
-11025.3109
-11029.1554
-11032.7987
-11028.1048
-11033.8269
-11032.8434
-11037.4255
-11038.0961
-11037.4255
-11038.2525
-11045.4274
-11035.9056
-11040.9124
-11041.6277
-11037.6937
-11036.2632
-11041.5382
-11041.9629
-11042.0300
-11039.2360
-11034.1845
-11044.1087
-11042.5217
-11038.7890
-11034.5421
-11037.5149
-11036.0621
-11036.9338
-11040.1301
-11044.9581
-11040.1748
-11037.0902
-11039.1913
-11044.3099
-11042.4100
-11049.7413
-11041.2030
-11041.4265
-11044.7122
-11051.4401
-11053.0047
-11025.5120
-11033.8269
-11029.4236
-11034.2292
-11029.4012
-11030.8988
-11026.2720
-11029.2001
-11033.0446
-11034.4527
-11032.7764
-11029.2001
-11030.4294
-11032.6646
-11035.4809
-11038.7443
-11029.2224
-11033.7822
-11038.3643
-11035.1680
-11034.9892
-11032.8881
-11035.5927
-11045.2933
-11044.1310
-11044.8463
-11047.5956
-11046.0756
-11051.6636
-11047.4168
-11057.4080
-11051.4624
-11048.4673
-11044.7345
-11043.9969
-11045.6286
-11048.5120
-11044.0416
-11044.5781
-11040.7112
-11041.0242
-11042.7005
-11044.3769
-11044.0863
-11049.6072
-11049.9201
-11046.5003
-11044.8687
-11049.8307
-11045.9192
-11049.6966
-11051.0824
-11046.7686
-11046.1204
-11045.5616
-11048.4002
-11053.0494
-11057.5197
-11058.2350
-11061.5878
-11045.1145
-11049.6296
-11058.5256
-11062.5265
-11060.8949
-11054.2340
-11057.5868
-11058.8385
-11053.4294
-11052.9376
-11054.4576
-11052.3341
-11049.7413
-11051.9765
-11051.8424
-11053.5188
-11056.0892
-11050.6801
-11046.6568
-11052.2447
-11061.4984
-11047.8861
-11048.6461
-11046.0756
-11051.3507
-11051.1495
-11059.7996
-11056.2904
-11059.7996
-11050.5907
-11058.6373
-11056.4245
-11052.9153
-11052.8929
-11051.7977
-11047.2603
-11056.8268
-11044.4216
-11044.7792
-11053.0941
-11051.5518
-11045.7180
-11052.0883
-11056.0892
-11052.5800
-11050.6578
-11048.6237
-11049.4508
-11050.9036
-11054.8152
-11063.7335
-11051.4624
-11056.8268
-11051.4848
-11049.5625
-11059.1291
-11057.0951
-11059.7102
-11058.3244
-11055.3963
-11057.7656
-11048.8473
-11055.5081
-11054.9716
-11051.7753
-11056.4916
-11051.1495
-11054.3011
-11055.0163
-11050.5907
-11050.9036
-11048.6461
-11046.5003
-11048.4896
-11048.6237
-11060.5372
-11056.5586
-11056.4692
-11055.5751
-11065.4099
-11059.5537
-11059.7773
-11064.7841
-11056.5139
-11051.3060
-11051.1495
-11054.7258
-11052.4235
-11054.6140
-11048.4673
-11055.6422
-11059.6655
-11059.4867
-11055.9551
-11060.3361
-11051.8424
-11059.2185
-11050.6801
-11053.5635
-11055.1281
-11057.6539
-11059.0397
-11059.9561
-11055.4634
-11062.6383
-11050.5683
-11057.8774
-11055.9551
-11053.9211
-11059.4420
-11058.7714
-11055.3516
-11056.7598
-11056.9162
-11073.0095
-11067.2875
-11044.6898
-11056.7821
-11041.1806
-11048.5567
-11042.6782
-11047.5062
-11051.2836
-11047.8861
-11049.1155
-11051.3283
-11056.9162
-11054.5246
-11054.0776
-11055.6198
-11064.6052
-11061.9230
-11059.7773
-11051.3954
-11051.1271
-11049.0708
-11057.7656
-11053.2729
-11051.0154
-11049.7413
-11059.0620
-11061.7666
-11058.9503
-11063.4877
-11065.1640
-11060.7607
-11064.0688
-11068.9638
-11069.2544
-11067.0416
-11071.4896
-11061.3642
-11064.4711
-11068.2039
-11065.9687
-11064.2253
-11062.7053
-11063.1300
-11066.6169
-11072.4060
-11069.7908
-11066.1922
-11070.5508
-11068.0474
-11071.6684
-11080.0056
-11068.7403
-11070.6849
-11069.4332
-11067.7121
-11077.1893
-11064.3817
-11070.6179
-11070.3720
-11069.1874
-11070.0814
-11066.9522
-11070.5285
-11071.3331
-11072.3389
-11068.5168
-11066.5945
-11074.5294
-11080.0950
-11077.1446
-11073.8142
-11071.4002
-11073.5459
-11073.3895
-11077.9269
-11081.4585
-11069.1426
-11078.2845
-11079.7150
-11071.8696
-11077.4575
-11083.2913
-11074.7306
-11070.0591
-11075.5352
-11079.6927
-11086.2641
-11090.3321
-11092.7684
-11088.9910
-11088.1193
-11083.4701
-11083.0678
-11087.1135
-11088.1640
-11083.8501
-11086.7558
-11081.3243
-11085.1912
-11084.3195
-11087.2923
-11087.2699
-11090.9132
-11094.5119
-11093.3943
-11096.5906
-11101.2174
-11099.5410
-11097.0376
-11090.8015
-11096.6576
-11099.3175
-11100.7257
-11093.1484
-11099.0716
-11101.4633
-11097.2164
-11107.3418
-11099.6528
-11098.4234
-11095.6071
-11101.4409
-11093.6402
-11097.7752
-11096.5682
-11097.9540
-11090.9803
-11090.2874
-11088.8792
-11092.0085
-11085.9065
-11092.4108
-11093.2155
-11092.2767
-11093.2602
-11098.4234
-11092.7461
-11093.7519
-11093.8413
-11092.8578
-11101.7538
-11097.1047
-11098.9152
-11090.4662
-11090.8909
-11085.3253
-11090.6227
-11089.9074
-11086.7111
-11085.9735
-11086.9346
-11087.4934
-11092.9249
-11085.8170
-11092.1426
-11091.5838
-11083.3584
-11084.7218
-11084.4089
-11088.7451
-11096.1436
-11088.8792
-11089.8851
-11090.0192
-11084.3195
-11090.3321
-11086.6441
-11087.2252
-11082.7772
-11084.6101
-11082.0620
-11080.9667
-11085.6159
-11089.1475
-11086.3535
-11089.3933
-11092.0755
-11094.4895
-11091.3603
-11094.3554
-11093.2602
-11089.0581
-11091.0921
-11086.3088
-11094.4225
-11090.2650
-11100.3010
-11087.9852
-11093.5955
-11092.2544
-11091.2262
-11093.1484
-11090.8462
-11090.9356
-11094.8248
-11098.6917
-11091.8967
-11092.7908
-11089.1251
-11086.6217
-11094.4448
-11090.4439
-11088.9463
-11093.1708
-11094.1319
-11088.9910
-11087.8511
-11090.6003
-11089.9521
-11093.4613
-11087.7393
-11089.9074
-11091.4944
-11090.1086
-11086.9793
-11090.7791
-11099.4069
-11091.1368
-11090.5109
-11097.8870
-11097.9093
-11103.5867
-11096.4788
-11101.5303
-11105.3525
-11102.1785
-11100.5245
-11104.1008
-11108.0570
-11113.2650
-11108.4147
-11109.1076
-11107.2300
-11105.3078
-11108.5041
-11110.5157
-11112.6168
-11107.2524
-11109.6440
-11109.5546
-11110.8063
-11114.8073
-11111.4098
-11113.6450
-11110.3146
-11111.4545
-11109.5099
-11113.1532
-11115.7684
-11110.6722
-11117.6459
-11119.0541
-11124.7314
-11123.9491
-11123.7033
-11121.9375
-11125.0220
-11128.3971
-11128.4865
-11126.9443
-11117.9142
-11122.1163
-11121.4234
-11122.6080
-11115.9472
-11119.3223
-11118.6741
-11128.4865
-11119.7470
-11122.4739
-11110.6051
-11119.3000
-11130.3194
-11126.8101
-11124.7314
-11135.0579
-11134.4544
-11130.3194
-11137.1814
-11138.4331
-11135.2815
-11135.3709
-11134.0298
-11139.1036
-11136.2426
-11135.3709
-11133.8957
-11138.3436
-11141.0035
-11140.9588
-11145.5633
-11146.9491
-11143.7081
-11150.3242
-11144.7139
-11146.4350
-11147.3067
-11148.7372
-11151.2406
-11149.4301
-11148.6925
-11149.5642
-11153.1629
-11155.6663
-11161.8577
-11143.5069
-11151.9112
-11151.1736
-11156.4709
-11158.4379
-11159.8237
-11160.4719
-11157.0297
-11161.6342
-11161.4554
-11160.0248
-11161.1424
-11164.5622
-11164.8081
-11170.3961
-11172.2065
-11166.8421
-11168.4514
-11165.2551
-11171.7595
-11174.9782
-11182.7789
-11183.2260
-11177.1910
-11181.1696
-11171.5807
-11171.7372
-11172.1171
-11174.4864
-11173.2571
-11180.0520
-11173.1900
-11175.5817
-11174.5311
-11180.5214
-11178.5768
-11180.1414
-11174.6205
-11172.0724
-11174.1288
-11172.1618
-11168.1162
-11174.2406
-11178.1298
-11177.8392
-11174.3970
-11177.7051
-11179.0685
-11177.8839
-11177.2357
-11177.6827
-11173.7488
-11178.8003
-11182.7342
-11181.3037
-11178.2639
-11179.3144
-11182.0190
-11182.4883
-11189.8197
-11193.4183
-11194.1783
-11192.7031
-11191.2949
-11194.7147
-11189.2609
-11188.8809
-11188.5233
-11193.4407
-11196.1676
-11186.3552
-11192.5466
-11195.2959
-11192.9266
-11195.7876
-11200.7050
-11201.2638
-11200.8615
-11200.6827
-11201.1521
-11202.8955
-11203.5884
-11205.9130
-11201.6438
-11206.5835
-11205.6448
-11200.6603
-11203.1190
-11192.2561
-11191.2726
-11199.7215
-11202.2026
-11200.7050
-11201.3085
-11205.7118
-11206.8070
-11208.0587
-11203.9684
-11202.2696
-11199.8556
-11196.5476
-11199.4980
-11199.2298
-11196.5923
-11198.1569
-11201.0626
-11197.9334
-11201.0626
-11195.8994
-11193.3513
-11195.5865
-11195.9441
-11199.1180
-11201.2415
-11203.9013
-11203.7449
-11198.1122
-11196.2794
-11195.0277
-11196.1229
-11204.1695
-11203.0296
-11200.2356
-11196.8829
-11196.3911
-11198.8722
-11201.9791
-11194.2230
-11191.4067
-11189.5738
-11195.3629
-11193.0607
-11202.4708
-11194.3571
-11192.2337
-11199.7215
-11206.4941
-11201.9791
-11200.4815
-11200.8168
-11198.3804
-11199.9451
-11205.4883
-11196.1229
-11202.1802
-11208.8411
-11209.6010
-11210.5845
-11214.1608
-11204.1695
-11210.6068
-11211.0092
-11208.2823
-11213.2443
-11218.4970
-11212.5961
-11220.4416
-11207.7011
-11215.0995
-11212.3279
-11226.3425
-11228.5329
-11212.2609
-11224.2414
-11227.1471
-11227.4601
-11227.1918
-11230.7011
-11223.3920
-11223.1238
-11224.7331
-11224.7331
-11227.6836
-11221.7827
-11226.0295
-11230.9469
-11216.6865
-11212.1268
-11210.1598
-11205.9800
-11207.8129
-11212.0374
-11203.8343
-11207.4105
-11210.1598
-11207.4552
-11208.1705
-11203.8119
-11203.7001
-11205.5106
-11207.5670
-11208.0587
-11206.6729
-11206.2035
-11210.4504
-11211.5009
-11201.8226
-11208.3940
-11214.4960
-11210.1375
-11211.1656
-11210.7409
-11204.9518
-11214.0043
-11216.5971
-11216.9771
-11211.7244
-11212.4397
-11212.3726
-11214.3396
-11218.1170
-11211.2327
-11213.1996
-11210.5398
-11216.3736
-11206.9188
-11214.7196
-11214.8760
-11220.5981
-11210.9198
-11211.3444
-11213.1773
-11208.7740
-11210.6515
-11214.4737
-11217.1112
-11218.6758
-11211.8362
-11214.2949
-11211.0762
-11213.6467
-11222.5650
-11216.2171
-11214.7643
-11217.1559
-11213.1326
-11216.4630
-11207.3658
-11210.5174
-11211.4562
-11211.2997
-11210.5621
-11218.6311
-11212.9091
-11210.3386
-11206.6059
-11205.7342
-11210.5621
-11205.0413
-11203.0072
-11201.1073
-11200.6827
-11200.6827
-11201.8003
-11197.0393
-11193.2395
-11193.4854
-11193.7760
-11198.6710
-11194.8936
-11190.2668
-11190.7361
-11193.2619
-11193.1948
-11191.0267
-11191.0938
-11189.0821
-11187.9869
-11190.6244
-11191.1832
-11190.4679
-11187.2716
-11186.9140
-11185.7293
-11187.0928
-11189.0151
-11189.1045
-11187.4951
-11181.6390
-11183.0918
-11182.7342
-11186.4223
-11191.4290
-11189.6409
-11184.8800
-11185.2153
-11189.9762
-11191.6302
-11190.5797
-11187.2493
-11186.3552
-11185.5952
-11184.3659
-11184.5447
-11183.8965
-11186.0423
-11181.9519
-11182.2648
-11178.6438
-11184.7235
-11181.6390
-11181.2590
-11182.2648
-11182.4436
-11182.1754
-11184.6565
-11189.6856
-11181.3931
-11186.4223
-11183.8518
-11185.7964
-11182.7119
-11180.4320
-11180.3426
-11179.4709
-11179.1803
-11179.3815
-11187.8081
-11179.1356
-11179.3367
-11181.6166
-11178.3086
-11173.8382
-11180.1414
-11169.6361
-11169.3679
-11177.8392
-11172.0501
-11173.1453
-11168.3844
-11172.7430
-11174.5311
-11182.9130
-11180.4320
-11177.6604
-11173.2124
-11172.6312
-11169.0326
-11172.0948
-11164.0258
-11164.1823
-11170.0161
-11170.8878
-11176.0063
-11176.2299
-11176.4310
-11169.9937
-11176.2969
-11174.7993
-11173.7488
-11178.3980
-11184.5224
-11178.7333
-11179.9402
-11176.3193
-11183.1812
-11185.2153
-11183.1812
-11181.1696
-11183.8071
-11185.1258
-11189.2162
-11176.9451
-11185.2153
-11182.6672
-11181.4155
-11190.8255
-11191.9878
-11197.0617
-11199.4533
-11202.5155
-11205.5777
-11204.1248
-11200.7944
-11208.0811
-11214.2725
-11203.6778
-11201.1968
-11209.1093
-11208.4611
-11207.4552
-11206.3377
-11209.9810
-11208.8187
-11212.2609
-11212.9761
-11214.4960
-11214.1161
-11206.3600
-11205.2424
-11206.3153
-11205.9130
-11206.7400
-11208.5281
-11206.4494
-11211.6350
-11214.0043
-11216.9100
-11215.3454
-11203.8790
-11206.0918
-11205.6671
-11203.2308
-11204.7283
-11210.5174
-11211.7468
-11214.7196
-11213.3114
-11215.1219
-11213.5126
-11221.1122
-11216.7536
-11217.7147
-11217.6029
-11220.0840
-11219.8828
-11224.8896
-11221.6710
-11222.8109
-11223.6156
-11233.0480
-11234.6126
-11237.5183
-11238.4124
-11241.6758
-11240.1335
-11240.4688
-11243.0616
-11239.4406
-11237.3842
-11241.3405
-11242.1228
-11247.1296
-11249.7000
-11246.7273
-11260.4736
-11252.4717
-11260.6077
-11259.6913
-11261.5241
-11267.3132
-11269.2131
-11269.4813
-11273.9070
-11277.4609
-11267.5591
-11264.2063
-11272.4988
-11270.6213
-11274.0634
-11269.9060
-11268.7437
-11271.7836
-11277.3715
-11272.0518
-11277.1703
-11275.4716
-11277.5503
-11282.9594
-11279.6737
-11274.9352
-11273.7058
-11276.3433
-11278.6679
-11275.8516
-11267.0450
-11262.2617
-11249.2977
-11241.8769
-11228.5553
-11216.6865
-11196.5476
-11201.8226
-11198.6934
-11210.3163
-11216.5524
-11222.2297
-11222.7215
-11226.4989
-11233.8527
-11243.7321
-11249.0742
-11253.5892
-11262.6864
-11257.2549
-11266.8662
-11271.4483
-11279.9196
-11284.6358
-11282.3783
-11281.8866
-11285.3064
-11288.4133
-11294.5153
-11300.8632
-11308.3063
-11305.8253
-11306.3841
-11296.3705
-11306.3841
-11303.3666
-11304.5512
-11310.9215
-11314.4754
-11306.9205
-11311.3685
-11313.0449
-11312.8884
-11318.7446
-11316.4423
-11315.7718
-11310.8768
-11317.7164
-11324.7348
-11318.9457
-11319.8845
-11319.7281
-11316.9564
-11320.8233
-11318.5881
-11320.3316
-11315.2801
-11319.7728
-11318.9234
-11316.4423
-11311.5473
-11313.3802
-11313.2237
-11307.8816
-11311.3014
-11311.8379
-11308.5075
-11314.1401
-11317.6493
-11323.7961
-11319.3928
-11322.7008
-11316.8447
-11320.8903
-11328.1994
-11325.4948
-11324.6231
-11324.3996
-11324.1984
-11326.3218
-11332.5133
-11335.2625
-11329.4064
-11327.0594
-11330.2110
-11331.5074
-11329.3840
-11331.5298
-11331.7533
-11329.4511
-11329.6746
-11323.6173
-11331.8651
-11337.5871
-11339.8893
-11328.0206
-11330.1663
-11336.0001
-11343.5997
-11342.1692
-11335.5531
-11334.2790
-11331.6862
-11330.4122
-11325.2266
-11330.3004
-11334.2567
-11333.5638
-11335.7096
-11335.7096
-11333.4073
-11335.2625
-11336.5813
-11337.0060
-11340.2693
-11340.5822
-11346.2596
-11329.3393
-11336.1342
-11327.8194
-11331.0827
-11332.3344
-11328.3111
-11323.9749
-11329.0711
-11329.3170
-11330.7028
-11330.1887
-11330.4122
-11328.8476
-11333.2732
-11331.3286
-11331.1274
-11324.8019
-11333.8991
-11335.2178
-11335.2849
-11325.8748
-11331.3063
-11332.8932
-11328.2664
-11337.7883
-11334.6143
-11326.7242
-11331.0827
-11325.9642
-11327.2606
-11329.9652
-11327.9982
-11331.9321
-11334.0779
-11335.6872
-11332.4238
-11337.4753
-11333.9885
-11334.5920
-11336.7154
-11338.4588
-11341.9680
-11334.8155
-11338.6823
-11339.2858
-11332.6250
-11335.2178
-11334.2120
-11339.7776
-11339.7776
-11338.0788
-11338.0118
-11341.2751
-11348.0924
-11348.4053
-11346.1478
-11340.8281
-11337.0730
-11338.5482
-11339.1517
-11349.9923
-11343.3538
-11332.5133
-11332.3121
-11339.5764
-11343.3986
-11342.8845
-11335.0390
-11345.6561
-11345.7008
-11341.4092
-11337.3859
-11340.0234
-11343.5774
-11345.4996
-11343.8679
-11334.7931
-11333.0720
-11335.8660
-11334.2567
-11334.5026
-11335.2625
-11331.1721
-11331.0157
-11331.5968
-11334.9943
-11332.6474
-11338.3694
-11325.7183
-11319.2587
-11318.5881
-11316.9117
-11309.4686
-11305.4229
-11312.5978
-11314.6095
-11312.7320
-11311.1673
-11313.8048
-11316.6212
-11317.1353
-11317.4929
-11314.8554
-11314.4307
-11313.8942
-11313.6260
-11317.5599
-11316.7329
-11314.0507
-11312.9555
-11308.7533
-11312.7320
-11313.7825
-11317.6940
-11315.8389
-11312.8214
-11312.7320
-11312.2179
-11324.5560
-11314.5872
-11313.7378
-11317.2694
-11315.2130
-11317.3141
-11322.5667
-11323.6843
-11319.7057
-11318.7893
-11320.3763
-11324.9807
-11325.4948
-11329.8534
-11325.5172
-11325.2266
-11324.2431
-11327.4841
-11329.0934
-11329.6746
-11328.5793
-11327.8194
-11330.9486
-11330.7922
-11334.5920
-11325.4054
-11327.0371
-11329.7416
-11333.0944
-11335.5307
-11327.5959
-11323.6620
-11324.2878
-11320.7339
-11321.5832
-11325.3383
-11323.9078
-11322.2315
-11320.7562
-11319.1022
-11322.6114
-11327.6182
-11322.8126
-11319.3481
-11319.9292
-11323.3490
-11326.2995
-11328.0429
-11328.1770
-11328.4676
-11326.8359
-11327.9535
-11330.5463
-11327.7300
-11328.5123
-11332.9603
-11327.4171
-11330.0322
-11340.1575
-11334.3908
-11328.3558
-11326.8359
-11330.1216
-11333.3403
-11336.0001
-11338.8164
-11336.4695
-11331.6639
-11332.9379
-11336.9389
-11337.4083
-11343.2421
-11344.3150
-11346.4384
-11353.1886
-11356.0273
-11357.8154
-11353.3227
-11349.7241
-11357.7707
-11359.4695
-11358.6201
-11354.8426
-11355.2673
-11363.6045
-11360.3859
-11357.3013
-11354.7309
-11361.8387
-11364.0069
-11365.9068
-11375.2721
-11380.0554
-11371.8076
-11381.2401
-11377.3285
-11374.6686
-11373.7522
-11378.2896
-11378.3120
-11376.4344
-11380.1225
-11380.0778
-11378.8484
-11378.4908
-11383.5870
-11379.0049
-11381.3965
-11379.7648
-11381.7988
-11379.6978
-11378.6920
-11383.8999
-11384.1681
-11379.8095
-11379.2731
-11384.4140
-11383.4305
-11381.5306
-11380.3236
-11383.0505
-11383.9223
-11378.3343
-11385.8445
-11392.8183
-11388.4373
-11390.3372
-11385.9786
-11387.4985
-11390.1361
-11392.1477
-11387.6103
-11390.6501
-11393.4218
-11392.9524
-11395.3217
-11396.3945
-11400.6861
-11390.8960
-11393.5782
-11398.8309
-11400.6637
-11403.2789
-11405.0000
-11401.7813
-11401.2449
-11406.2964
-11403.8153
-11402.2507
-11401.8260
-11402.5189
-11410.0068
-11399.0544
-11405.2458
-11403.7706
-11405.2011
-11406.4081
-11412.3984
-11411.9737
-11409.0903
-11410.7891
-11415.1029
-11410.8561
-11416.8687
-11415.5053
-11418.8580
-11414.4100
-11412.8678
-11414.3877
-11413.4713
-11411.5267
-11412.2866
-11416.3323
-11412.2196
-11414.0077
-11415.7288
-11415.3488
-11408.3304
-11413.7618
-11412.2866
-11416.6452
-11416.2652
-11418.0757
-11419.4839
-11421.4508
-11418.5898
-11418.0981
-11418.2545
-11422.1885
-11424.9824
-11421.3167
-11417.1817
-11418.2545
-11420.5344
-11416.3993
-11415.3935
-11416.9805
-11419.3498
-11419.3498
-11417.5169
-11415.2371
-11420.4003
-11420.3109
-11423.6637
-11418.0757
-11418.5675
-11414.1195
-11419.8192
-11414.1418
-11410.1856
-11410.3644
-11413.5830
-11411.5937
-11413.0466
-11416.6005
-11411.9290
-11413.2701
-11411.1467
-11415.5053
-11414.5889
-11414.0524
-11408.4645
-11401.9825
-11402.1166
-11409.6268
-11398.9873
-11401.3343
-11401.6919
-11404.0388
-11402.9883
-11402.6754
-11398.4956
-11400.2837
-11402.5636
-11403.2565
-11405.1564
-11407.8833
-11407.2798
-11403.4577
-11402.1166
-11395.7463
-11392.2595
-11395.3887
-11399.3450
-11388.2585
-11382.2906
-11379.2508
-11379.5860
-11391.8124
-11378.7814
-11375.8980
-11378.7143
-11370.8018
-11374.3781
-11373.8193
-11371.5618
-11370.0195
-11367.0467
-11364.6774
-11372.0311
-11367.0467
-11363.9622
-11346.9525
-11334.2567
-11315.1683
-11295.9458
-11280.9478
-11272.4541
-11270.5766
-11265.7039
-11269.7272
-11273.6164
-11281.8418
-11284.0994
-11295.0294
-11299.3433
-11299.5444
-11309.2227
-11312.8437
-11322.9914
-11326.4112
-11330.9486
-11329.4511
-11331.3510
-11336.6260
-11335.5754
-11342.5045
-11344.6950
-11352.8086
-11357.1449
-11359.0671
-11366.1750
-11365.6609
-11360.7435
-11365.5044
-11363.7833
-11364.2080
-11365.1915
-11364.7668
-11370.8465
-11369.9301
-11366.2197
-11369.0807
-11366.8455
-11371.3159
-11376.5462
-11377.9543
-11381.4189
-11377.9991
-11381.7765
-11379.2060
-11378.6025
-11377.0826
-11381.5977
-11389.4655
-11375.4286
-11384.2799
-11380.5248
-11376.1662
-11377.3956
-11378.9378
-11375.7192
-11380.1448
-11379.6084
-11377.4850
-11378.4684
-11379.2060
-11381.0389
-11384.0117
-11384.3246
-11381.0612
-11376.8144
-11380.3013
-11379.9884
-11377.9991
-11378.8484
-11386.6492
-11385.8445
-11390.8513
-11391.8348
-11392.6394
-11394.4723
-11391.6113
-11393.0641
-11395.4334
-11393.7794
-11394.6958
-11392.8406
-11390.6501
-11398.9873
-11397.7356
-11401.2896
-11395.7910
-11400.4179
-11403.9494
-11396.3275
-11393.6900
-11399.5238
-11401.4237
-11410.5208
-11408.9786
-11409.3586
-11409.5150
-11419.8192
-11417.3605
-11409.6268
-11418.0981
-11414.7006
-11426.3012
-11426.5917
-11427.5082
-11426.9047
-11427.0164
-11431.3527
-11431.5315
-11431.1739
-11432.7608
-11431.9785
-11439.5558
-11436.5383
-11438.1923
-11437.5217
-11443.0203
-11436.3371
-11441.0757
-11441.9250
-11442.5509
-11447.6247
-11439.1087
-11440.6733
-11439.7569
-11440.2934
-11440.4722
-11446.6636
-11448.7200
-11444.0261
-11443.1544
-11445.3449
-11443.4897
-11442.3274
-11446.3060
-11451.5810
-11451.9610
-11448.8541
-11450.1058
-11448.2506
-11450.1728
-11453.4362
-11454.1291
-11463.3827
-11459.6053
-11459.2700
-11454.7549
-11456.9454
-11461.2369
-11465.9085
-11469.5294
-11473.8657
-11471.6752
-11474.4692
-11476.7938
-11476.6597
-11471.9658
-11467.7190
-11467.9648
-11467.3390
-11473.1281
-11482.0017
-11474.8268
-11475.4527
-11477.9784
-11476.4808
-11484.0134
-11487.1203
-11488.9531
-11485.2651
-11487.2544
-11484.6392
-11487.0979
-11490.4954
-11486.2262
-11486.3156
-11484.3487
-11487.3661
-11489.9589
-11494.4069
-11495.1892
-11498.6985
-11503.6382
-11504.0405
-11500.2631
-11505.1134
-11505.2252
-11501.9171
-11511.6625
-11497.8715
-11497.6256
-11497.6479
-11492.7306
-11494.4516
-11494.4740
-11493.9152
-11493.5799
-11497.5362
-11495.3904
-11496.0163
-11496.5527
-11494.0940
-11494.0270
-11505.6275
-11487.8132
-11489.4896
-11488.3496
-11483.7228
-11491.5683
-11491.7918
-11488.1932
-11488.9978
-11493.9599
-11490.3166
-11492.1047
-11500.1513
-11498.3632
-11498.5867
-11499.0114
-11495.5692
-11505.3146
-11502.0736
-11500.1960
-11498.6761
-11501.0678
-11502.6100
-11496.0833
-11491.5012
-11495.0551
-11497.3574
-11496.3515
-11499.5031
-11503.3476
-11506.9463
-11499.0114
-11501.1795
-11501.4477
-11504.8005
-11500.4196
-11505.2699
-11508.7791
-11491.8812
-11494.2058
-11494.6975
-11492.1718
-11496.0163
-11498.4526
-11493.0435
-11488.6178
-11493.9152
-11500.8889
-11500.3078
-11498.6761
-11496.7539
-11502.8559
-11505.4711
-11514.3894
-11506.5886
-11508.8462
-11508.6003
-11512.8918
-11502.5877
-11502.4759
-11495.2116
-11499.9502
-11497.5809
-11500.3749
-11491.6577
-11486.2262
-11489.4449
-11492.3506
-11491.9706
-11490.2719
-11490.9201
-11491.5683
-11490.6965
-11496.8209
-11498.6761
-11496.8209
-11493.2223
-11490.6742
-11492.5741
-11487.7238
-11487.5897
-11485.4439
-11807.3314
-24203.6312
-24203.7653
-24202.8042
-24205.1958
-24198.1550
-24203.7206
-24205.8664
-24207.7439
-24210.8508
-24197.1045
-24197.9091
-24202.2454
-24196.5457
-24203.4747
-24201.5301
-24204.9723
-24206.3581
-24207.6545
-24209.1744
-24209.7556
-24206.9616
-24204.9052
-24208.2803
-24206.3581
-24205.1735
-24201.5078
-24201.4854
-24208.9733
-24208.4592
-24206.5146
-24211.6331
-24204.9499
-24215.0753
-24208.9286
-24211.8119
-24205.5087
-24211.3872
-24207.4086
-24209.6215
-24202.0666
-24204.6147
-24206.9392
-24212.9519
-24210.0238
-24208.4368
-24209.6662
-24213.4436
-24206.3805
-24209.9344
-24212.1025
-24206.4252
-24212.3037
-24207.5204
-24207.8110
-24213.3989
-24218.4057
-24205.9558
-24212.1696
-24208.9062
-24206.9392
-24203.9441
-24213.1083
-24214.2036
-24210.6273
-24208.7050
-24206.6487
-24209.5544
-24213.0636
-24211.9684
-24215.1870
-24214.7847
-24211.9684
-24210.5155
-24212.4825
-24213.7789
-24210.1802
-24211.9237
-24210.0908
-24209.6215
-24203.5194
-24211.1861
-24207.0957
-24208.2133
-24202.6477
-24203.1618
-24200.1890
-24200.7478
-24197.6186
-24202.5583
-24201.7983
-24205.8217
-24206.8275
-24205.4864
-24201.5301
-24208.0345
-24203.2065
-24200.7255
-24198.7362
-24201.8654
-24189.7061
-24196.0092
-24199.1385
-24195.7857
-24193.2823
-24194.1764
-24199.0267
-24193.9529
-24194.6905
-24193.4164
-24198.3785
-24192.1647
-24197.9091
-24194.5117
-24195.5846
-24195.8081
-24195.6293
-24195.7410
-24191.8518
-24193.9529
-24194.1317
-24191.8295
-24190.7342
-24190.6895
-24185.3698
-24190.4660
-24194.1988
-24185.4145
-24187.0015
-24187.0909
-24183.9169
-24185.6827
-24183.3135
-24186.7780
-24182.1959
-24183.7158
-24183.7828
-24186.7556
-24178.5302
-24178.3514
-24178.5749
-24180.9442
-24181.1677
-24184.7887
-24178.9549
-24175.1551
-24176.6079
-24178.9549
-24175.2892
-24099.1815
-24195.7857
-24211.2308
-24194.3329
-24181.2794
-24183.0229
-24176.6750
-24176.8538
-24172.8081
-24178.1502
-24173.9034
-24176.0268
-24169.7236
-24173.2328
-24168.6060
-24171.7576
-24166.6167
-24170.5059
-24168.1143
-24170.4165
-24168.6060
-24167.5108
-24164.1804
-24166.9296
-24166.4379
-24169.4554
-24167.9802
-24167.8237
-24171.1094
-24167.7790
-24172.6517
-24172.6517
-24181.6147
-24169.9471
-24172.4058
-24168.6954
-24172.3834
-24173.1658
-24177.2114
-24176.9656
-24179.4690
-24179.8042
-24179.7372
-24178.8655
-24183.4923
-24181.2794
-24187.7167
-24184.3193
-24184.5875
-24184.5428
-24186.9344
-24186.1298
-24187.5379
-24187.8509
-24187.3144
-24192.0753
-24185.9063
-24189.4155
-24186.5768
-24189.1249
-24186.8897
-24191.1142
-24195.4057
-24200.9937
-24182.4194
-24186.5321
-24184.9451
-24189.5049
-24190.6001
-24188.3202
-24189.4155
-24191.8965
-24189.7508
-24189.7061
-24187.6944
-24189.5049
-24190.4660
-24192.2094
-24186.9121
-24192.5000
-24196.9480
-24193.9305
-24196.5233
-24194.5117
-24200.8149
-24200.7031
-24198.1997
-24197.2386
-24203.8100
-24156.7596
-24057.4508
-24050.9241
-24085.2563
-24114.1125
-24142.6109
-24163.6439
-24175.1327
-24181.7488
-24189.5272
-24192.8576
-24194.3999
-24197.5292
-24199.7867
-24200.7478
-24199.2502
-24199.3397
-24198.9373
-24202.2901
-24197.4621
-24206.5146
-24202.2901
-24203.1842
-24202.0442
-24208.2133
-24200.0102
-24208.3698
-24207.6769
-24211.7002
-24210.5826
-24211.3872
-24207.7216
-24215.7458
-24217.2658
-24217.6681
-24219.9256
-24219.9703
-24221.4008
-24224.4183
-24223.7254
-24225.6924
-24224.9324
-24225.7818
-24224.1948
-24222.6078
-24230.3862
-24225.4465
-24225.8935
-24223.1890
-24232.2191
-24231.4368
-24234.8119
-24232.1744
-24230.6991
-24227.4805
-24231.3921
-24231.4591
-24236.6447
-24229.7604
-24298.4026
-24477.8871
-24433.5636
-24344.0672
-24293.2617
-24265.0314
-24252.6262
-24242.6797
-24234.1413
-24233.9849
-24235.4824
-24235.1471
-24233.7837
-24237.9635
-24234.0519
-24244.0431
-24243.2161
-24243.3055
-24242.1432
-24249.2734
-24241.8750
-24251.0392
-24245.7866
-24245.3395
-24242.7244
-24242.5232
-24243.3279
-24241.6068
-24242.2997
-24243.8867
-24241.5621
-24241.6739
-24252.8050
-24242.0315
-24233.3814
-24231.7497
-24225.9606
-24224.6642
-24231.5932
-24232.5096
-24235.6389
-24233.3143
-24237.6729
-24228.8663
-24236.7341
-24231.5709
-24234.3425
-24227.2570
-24227.6593
-24228.2852
-24234.1860
-24225.4465
-24224.7759
-24224.3736
-24225.8488
-24224.3289
-24224.4854
-24225.7594
-24222.7866
-24228.2852
-24223.3901
-24230.5427
-24230.9674
-24232.8226
-24227.8158
-24234.4319
-24231.5262
-24239.8410
-24233.5602
-24238.3881
-24236.1977
-24238.1646
-24236.0189
-24235.4154
-24233.7390
-24233.6496
-24233.7613
-24238.7234
-24237.7176
-24240.4445
-24237.6505
-24236.4435
-24237.8294
-24238.8352
-24240.0645
-24236.5777
-24244.2220
-24236.4212
-24240.5339
-24239.4610
-24241.5844
-24238.1199
-24245.9207
-24243.2832
-24249.7652
-24249.4970
-24250.6593
-24245.2948
-24244.6243
-24244.3561
-24245.3395
-24242.3444
-24241.9421
-24240.4892
-24241.8750
-24246.0548
-24241.8527
-24245.0043
-24244.4008
-24248.1335
-24246.1442
-24247.8653
-24250.7263
-24248.5358
-24248.1112
-24250.2122
-24242.7914
-24246.8818
-24247.3512
-24246.0995
-24244.0655
-24252.1568
-24246.6583
-24247.1947
-24245.8983
-24255.3978
-24249.2958
-24250.0558
-24253.0956
-24254.6826
-24256.9177
-24253.7661
-24256.4707
-24257.0519
-24253.5203
-24257.6330
-24260.0470
-24256.1131
-24260.3376
-24259.3988
-24263.4668
-24262.5280
-24258.2589
-24259.7564
-24262.7516
-24256.4707
-24262.7292
-24257.4989
-24261.6563
-24264.4950
-24267.7136
-24260.9634
-24263.0421
-24265.4785
-24268.1830
-24270.1276
-24269.5241
-24270.5076
-24264.4950
-24261.7681
-24263.6680
-24265.7467
-24264.4056
-24267.1101
-24258.8847
-24261.9245
-24260.3599
-24263.6903
-24258.6388
-24261.8128
-24262.6621
-24264.4279
-24263.9585
-24263.7797
-24261.2540
-24265.2549
-24264.7409
-24264.5173
-24264.2938
-24263.8244
-24269.4347
-24271.5358
-24271.0888
-24267.5572
-24277.8390
-24270.0829
-24270.1276
-24271.5805
-24266.8419
-24264.3609
-24269.8371
-24265.9702
-24269.9935
-24271.6252
-24274.4639
-24271.2005
-24272.5193
-24268.4289
-24271.3570
-24270.6641
-24273.2792
-24273.7039
-24273.7486
-24269.1441
-24274.2180
-24274.7321
-24270.4406
-24270.5523
-24274.3521
-24276.6990
-24272.7204
-24271.3346
-24266.7525
-24272.5193
-24268.2948
-24273.7486
-24270.8652
-24276.8779
-24274.8662
-24283.5387
-24280.5212
-24281.7058
-24280.1636
-24281.6611
-24280.4765
-24281.9070
-24282.1305
-24283.7175
-24280.4541
-24283.7398
-24285.5056
-24287.8973
-24289.1490
-24295.9662
-24304.9293
-24332.7125
-24379.8300
-24449.7686
-24541.8131
-24615.3727
-24647.5145
-24674.0907
-24698.0965
-24698.6553
-24702.4774
-24694.5873
-24693.8496
-24687.2559
-24691.9721
-24686.7418
-24697.8506
-24699.3258
-24697.8730
-24699.7729
-24697.2248
-24703.0139
-24707.8195
-24706.7466
-24707.7971
-24711.9769
-24710.5911
-24709.5406
-24704.2656
-24704.3326
-24705.7408
-24705.5620
-24695.1013
-24693.6708
-24689.9381
-24691.4357
-24683.3667
-24682.3608
-24681.1092
-24681.1315
-24681.1092
-24682.4950
-24676.6835
-24678.0470
-24674.5154
-24670.9391
-24605.7838
-24527.7538
-24543.0424
-24574.5584
-24601.5816
-24614.4339
-24628.1802
-24639.2220
-24644.1617
-24645.6593
-24658.6233
-24817.3877
-24869.8026
-24787.8164
-24731.1100
-24689.8040
-24667.5640
-24654.8906
-24653.2365
-24644.6311
-24645.7934
-24648.0733
-24642.4630
-24639.7808
-24632.8964
-24631.3095
-24628.1355
-24625.3863
-24623.3075
-24623.0617
-24621.6759
-24625.1627
-24619.1054
-24617.6078
-24614.6127
-24615.3503
-24613.6516
-24615.9985
-24611.1258
-24611.8411
-24608.7119
-24611.7517
-24611.5058
-24610.3435
-24606.7896
-24606.0520
-24603.4815
-24610.7235
-24612.1764
-24610.7459
-24606.9461
-24609.7624
-24612.3775
-24611.1705
-24612.3999
-24604.8003
-24608.6671
-24607.9966
-24609.4048
-24608.8236
-24612.9810
-24605.9849
-24612.4669
-24602.3640
-24609.8518
-24608.6448
-24605.4932
-24601.6487
-24607.9295
-24606.5661
-24606.9014
-24605.0015
-24601.0005
-24602.3416
-24604.1297
-24603.3027
-24602.1404
-24603.3698
-24599.3241
-24601.3134
-24603.3698
-24601.1346
-24598.6089
-24600.6205
-24599.1453
-24599.5923
-24597.7371
-24600.4194
-24595.1443
-24598.3406
-24597.8489
-24600.6429
-24599.3912
-24603.7498
-24595.0102
-24596.1725
-24598.1171
-24603.5039
-24597.7595
-24598.3853
-24596.9325
-24600.2629
-24599.0112
-24597.0666
-24596.9995
-24593.1774
-24597.4019
-24592.4621
-24592.3951
-24588.3941
-24593.3115
-24592.4845
-24589.4670
-24588.3494
-24590.1376
-24591.3445
-24591.4563
-24594.3844
-24591.7245
-24590.4952
-24596.2396
-24594.2726
-24591.4340
-24590.0481
-24594.7644
-24590.9199
-24591.5681
-24589.4446
-24589.7352
-24591.7469
-24592.5739
-24594.8091
-24591.9480
-24590.5846
-24590.9422
-24593.7138
-24590.2046
-24593.7585
-24583.9461
-24587.5224
-24587.9918
-24594.1609
-24589.0423
-24590.4952
-24589.5788
-24596.7313
-24586.5836
-24590.9199
-24583.8791
-24589.8246
-24586.6507
-24584.1026
-24580.8839
-24581.2639
-24580.9957
-24579.8781
-24585.4884
-24581.6662
-24587.2765
-24586.2707
-24584.8625
-24585.5107
-24585.5331
-24587.5671
-24587.4777
-24581.0627
-24587.0530
-24584.5720
-24584.6167
-24585.2872
-24582.8285
-24577.4194
-24581.5321
-24579.7887
-24579.7887
-24577.7994
-24579.6993
-24575.2736
-24576.8830
-24578.3358
-24579.8557
-24580.4592
-24576.9277
-24582.2250
-24578.5593
-24582.4262
-24576.7265
-24579.1405
-24576.1454
-24584.0355
-24577.6876
-24583.7673
-24580.4369
-24580.6381
-24584.5273
-24593.0209
-24589.9140
-24591.1657
-24588.6176
-24591.5681
-24593.3562
-24593.8032
-24595.7925
-24588.6847
-24585.4884
-24588.7964
-24589.3999
-24585.1084
-24585.7343
-24584.5049
-24588.7070
-24589.3552
-24594.9208
-24590.5622
-24593.2221
-24592.9986
-24597.3348
-24593.3339
-24601.6487
-24593.0656
-24598.8100
-24592.5292
-24594.0044
-24589.7576
-24593.0433
-24586.5389
-24587.5224
-24589.6458
-24593.4009
-24590.4058
-24588.4165
-24591.9480
-24594.2056
-24596.7760
-24589.4670
-24585.4884
-24587.0754
-24594.9432
-24591.1881
-24596.8878
-24594.6750
-24599.6147
-24593.1103
-24589.1317
-24590.5399
-24590.2940
-24591.2551
-24588.6176
-24580.7945
-24580.9957
-24575.8771
-24578.6488
-24577.1065
-24580.9510
-24578.4476
-24575.6536
-24573.5079
-24567.6740
-24570.0657
-24567.0482
-24570.2221
-24565.1483
-24565.9306
-24565.9977
-24566.3106
-24563.7401
-24567.8082
-24564.1648
-24563.6507
-24554.3524
-24560.4991
-24553.2572
-24556.0958
-24561.0356
-24562.1755
-24557.1240
-24560.0745
-24558.9569
-24557.8840
-24557.4369
-24550.9549
-24552.7431
-24548.5633
-24549.4797
-24551.6478
-24546.4175
-24539.3097
-24538.4380
-24538.1921
-24546.2834
-24539.2650
-24540.1143
-24529.9667
-24539.1979
-24534.3252
-24537.5662
-24530.7937
-24533.5876
-24528.7150
-24533.2300
-24529.7431
-24531.2407
-24524.6469
-24521.2718
-24521.1154
-24529.8102
-24519.9307
-24513.9181
-24513.9181
-24510.1183
-24510.4312
-24508.7325
-24511.6159
-24508.2631
-24509.3807
-24510.0960
-24512.0853
-24507.0338
-24513.7616
-24506.6985
-24510.4312
-24502.2952
-24507.3020
-24506.4973
-24515.4380
-24510.9677
-24510.8783
-24503.0552
-24510.3642
-24502.2281
-24498.7860
-24497.2661
-24496.5955
-24498.1154
-24494.7180
-24495.8579
-24492.9969
-24494.4944
-24487.6548
-24497.5119
-24491.4993
-24495.1426
-24488.4371
-24492.5275
-24492.9522
-24493.7568
-24495.1650
-24493.5557
-24492.5051
-24494.0474
-24494.3380
-24499.0542
-24498.4507
-24499.1436
-24500.6188
-24499.7918
-24503.2563
-24502.3399
-24498.2942
-24498.2719
-24504.5974
-24504.1280
-24502.5187
-24500.4400
-24500.1941
-24499.4789
-24504.4633
-24502.8540
-24508.0172
-24499.6800
-24506.8550
-24499.1660
-24503.0552
-24498.0484
-24488.7277
-24486.7160
-24490.8288
-24491.1417
-24493.6004
-24489.9123
-24495.0756
-24493.3321
-24494.8968
-24492.2816
-24438.0786
-24492.8404
-24516.7344
-24510.8783
-24506.8550
-24501.6470
-24500.9764
-24506.4750
-24499.1436
-24507.2796
-24507.4361
-24513.6052
-24508.2855
-24510.4536
-24509.5819
-24517.9414
-24514.3651
-24515.7733
-24515.7509
-24516.6450
-24516.6674
-24520.6683
-24521.6071
-24525.7198
-24526.4127
-24527.4409
-24530.8384
-24526.5245
-24528.0668
-24530.6149
-24533.0735
-24534.8840
-24533.4312
-24525.6304
-24531.3301
-24537.4768
-24540.3826
-24529.0949
-24535.3087
-24538.7956
-24545.0541
-24542.0813
-24552.1172
-24552.2737
-24551.6478
-24553.8607
-24558.5322
-24560.0745
-24563.2261
-24558.2416
-24557.8393
-24562.7120
-24565.1483
-24562.7790
-24564.2766
-24569.2610
-24569.5739
-24568.9928
-24566.1094
-24572.1667
-24569.4175
-24573.7761
-24566.9588
-24574.7372
-24574.2008
-24581.0180
-24580.9063
-24587.2989
-24587.0530
-24589.1094
-24590.6069
-24593.9373
-24597.5583
-24597.1113
-24598.4971
-24600.2182
-24602.0287
-24597.3125
-24599.2347
-24597.7371
-24601.6040
-24596.6419
-24599.5476
-24597.0219
-24607.6390
-24599.2347
-24601.4028
-24601.8722
-24604.8003
-24604.5544
-24605.8285
-24605.7838
-24604.8450
-24602.4310
-24604.6885
-24602.4534
-24603.8168
-24603.1910
-24607.7731
-24608.1531
-24606.5661
-24607.4602
-24612.1093
-24614.6127
-24611.5505
-24611.8187
-24610.8800
-24618.6807
-24618.6584
-24617.3843
-24618.5466
-24618.1890
-24622.7487
-24627.2638
-24623.8440
-24629.6554
-24623.8440
-24629.0743
-24624.7157
-24626.7497
-24624.5592
-24627.0626
-24628.7837
-24630.1472
-24628.0908
-24628.1355
-24629.4096
-24626.7274
-24630.3260
-24626.6156
-24630.1248
-24635.0869
-24629.0296
-24630.6613
-24633.8352
-24630.6613
-24630.2142
-24629.4543
-24636.3386
-24627.0403
-24631.5777
-24629.6107
-24632.6506
-24631.9130
-24630.8624
-24631.4883
-24634.1034
-24637.2550
-24638.0820
-24638.3279
-24642.5971
-24640.3396
-24643.8711
-24643.5806
-24644.5864
-24646.2181
-24641.7701
-24646.9110
-24640.2502
-24649.2803
-24644.8099
-24643.4241
-24639.6467
-24645.1899
-24641.8818
-24645.9722
-24639.0655
-24640.3843
-24644.9217
-24643.5359
-24641.3230
-24638.0373
-24646.1063
-24647.9392
-24643.1782
-24642.8877
-24647.6262
-24648.4085
-24648.9450
-24641.4348
-24646.4863
-24644.6311
-24649.0791
-24644.4746
-24648.6321
-24647.3357
-24650.8225
-24647.3133
-24649.5485
-24648.3638
-24654.6670
-24650.4649
-24656.8128
-24654.7117
-24661.1714
-24663.8536
-24661.8867
-24658.9586
-24653.8624
-24659.1597
-24662.7584
-24661.9761
-24660.5903
-24660.6350
-24656.6563
-24658.3104
-24654.4212
-24661.4396
-24661.6184
-24656.1870
-24662.6913
-24661.2385
-24660.2326
-24660.1879
-24658.1763
-24663.1607
-24661.0373
-24661.9090
-24659.1597
-24665.7535
-24662.3337
-24661.9761
-24661.9314
-24667.0276
-24666.7146
-24667.8546
-24658.2210
-24662.1549
-24665.3959
-24666.3794
-24668.9051
-24667.9216
-24670.8721
-24669.4862
-24673.2190
-24673.7778
-24677.0188
-24671.4308
-24668.7039
-24667.8769
-24669.4639
-24668.4804
-24671.6544
-24669.1510
-24669.5980
-24670.3356
-24671.4532
-24670.4250
-24670.6709
-24670.4027
-24676.7059
-24674.3589
-24673.4202
-24676.6835
-24674.3589
-24676.2812
-24675.6553
-24684.1713
-24679.0528
-24682.2938
-24682.2491
-24682.1150
-24682.3832
-24686.9653
-24683.5678
-24685.6242
-24676.7059
-24681.7574
-24681.0421
-24681.2209
-24678.6058
-24683.2549
-24674.2472
-24681.3103
-24679.7233
-24680.9527
-24679.6786
-24681.4891
-24684.5960
-24681.7126
-24676.4600
-24678.1811
-24681.7126
-24681.5115
-24681.8691
-24680.6845
-24684.7301
-24683.2549
-24683.1655
-24681.0868
-24687.7476
-24684.5513
-24691.7039
-24694.9225
-24698.9682
-24694.3190
-24691.2345
-24687.1888
-24694.5873
-24687.3676
-24686.0042
-24687.7923
-24690.8322
-24689.8263
-24689.2005
-24694.0955
-24692.3297
-24695.5260
-24692.9779
-24692.7321
-24691.4133
-24698.3423
-24694.8555
-24694.8778
-24687.4347
-24690.6533
-24688.9546
-24691.3015
-24691.8603
-24694.8108
-24686.3171
-24691.1227
-24686.8536
-24691.2345
-24693.2685
-24696.1966
-24696.9789
-24696.2860
-24693.5814
-24694.9225
-24700.1305
-24702.4104
-24699.4152
-24696.3977
-24697.9400
-24694.3861
-24701.4716
-24700.3540
-24699.9740
-24697.0683
-24701.8292
-24690.9439
-24694.6320
-24693.1791
-24694.0955
-24689.1781
-24692.8215
-24692.2627
-24701.0022
-24699.8623
-24699.1023
-24697.6494
-24701.1363
-24698.7223
-24699.9964
-24701.8739
-24700.3764
-24699.7729
-24700.1975
-24699.1023
-24698.6776
-24701.6951
-24701.0916
-24699.5046
-24697.2024
-24703.6621
-24697.1130
-24702.7903
-24701.6951
-24704.6008
-24699.3258
-24705.2490
-24705.4278
-24704.9138
-24701.1810
-24697.8953
-24697.4259
-24706.7466
-24705.4726
-24706.7913
-24705.4055
-24712.1781
-24708.4900
-24706.6125
-24709.0488
-24706.6572
-24712.2898
-24710.9711
-24713.1839
-24710.8370
-24712.9827
-24710.6135
-24709.8982
-24706.9254
-24713.3404
-24711.3064
-24715.6426
-24709.4288
-24713.2286
-24710.7252
-24710.5464
-24708.7359
-24715.5085
-24710.0547
-24717.4084
-24717.8331
-24717.5648
-24721.1635
-24725.6785
-24729.2548
-24726.6620
-24728.8748
-24723.0857
-24727.4890
-24723.8233
-24731.5347
-24729.5230
-24728.5843
-24720.7164
-24722.7057
-24725.3656
-24727.0867
-24720.5823
-24724.3374
-24724.4268
-24725.7679
-24723.3987
-24722.6834
-24723.8457
-24728.5172
-24729.7465
-24730.1489
-24734.5298
-24732.2052
-24733.9040
-24732.0711
-24733.2111
-24729.9477
-24726.7961
-24723.5998
-24727.7125
-24724.4045
-24729.2995
-24725.7009
-24731.4453
-24731.2888
-24728.4725
-24727.8019
-24733.2781
-24731.7359
-24732.2946
-24729.7689
-24726.9302
-24732.3394
-24730.8194
-24726.2150
-24727.2432
-24727.9361
-24724.3374
-24725.5668
-24728.0478
-24726.6844
-24724.0469
-24729.3219
-24723.1528
-24725.6562
-24723.5328
-24727.3549
-24723.1528
-24729.3442
-24723.8010
-24729.4336
-24721.3199
-24722.8622
-24723.9351
-24730.4842
-24733.7699
-24732.9652
-24729.5454
-24731.4676
-24726.7291
-24730.3947
-24730.5065
-24733.5687
-24736.5191
-24733.9934
-24736.3627
-24728.1372
-24727.0420
-24726.8408
-24734.6863
-24736.2733
-24736.1839
-24731.2888
-24732.2723
-24722.3481
-24732.2946
-24730.7524
-24736.8321
-24734.5969
-24736.5415
-24730.3724
-24733.6581
-24733.9263
-24739.2013
-24744.4987
-24742.9788
-24740.5424
-24737.9273
-24740.8777
-24740.6542
-24745.3928
-24737.2567
-24741.8835
-24737.6591
-24739.9166
-24732.9428
-24739.5590
-24733.7475
-24739.1566
-24734.7086
-24738.5755
-24736.9215
-24743.8729
-24739.4696
-24740.9224
-24739.7378
-24743.5376
-24738.7543
-24738.6649
-24736.7873
-24743.6717
-24749.4161
-24748.4773
-24746.9127
-24742.1741
-24749.8408
-24742.5317
-24742.8670
-24740.6989
-24740.9671
-24737.4132
-24745.9069
-24744.4093
-24750.1313
-24745.7727
-24744.2752
-24742.5317
-24748.3879
-24746.2421
-24747.6056
-24741.1906
-24748.1420
-24752.0759
-24750.0643
-24745.6610
-24749.1032
-24750.3772
-24751.6960
-24753.0818
-24749.3714
-24753.1041
-24746.6445
-24750.6007
-24751.6289
-24753.0818
-24751.9865
-24754.5570
-24748.2761
-24750.7795
-24752.3665
-24755.6746
-24752.3889
-24750.8242
-24749.8631
-24757.1274
-24754.1547
-24757.3957
-24755.5181
-24761.0613
-24761.7095
-24756.8592
-24753.0594
-24758.2674
-24752.3442
-24758.6026
-24762.3577
-24756.3451
-24762.0001
-24764.6153
-24765.3529
-24756.1440
-24761.3072
-24761.5978
-24763.4306
-24764.8611
-24764.8164
-24761.6872
-24767.1857
-24767.3645
-24767.6998
-24763.1401
-24768.6833
-24767.6775
-24770.8514
-24767.3645
-24767.1634
-24760.1673
-24761.1507
-24762.6036
-24762.7824
-24764.8835
-24761.9107
-24767.3422
-24763.3412
-24769.4656
-24765.7776
-24766.8504
-24758.1780
-24764.5929
-24761.0837
-24767.4316
-24756.9710
-24767.0963
-24762.9836
-24770.0914
-24766.9399
-24769.3091
-24767.6104
-24772.7960
-24772.8631
-24775.5676
-24776.8864
-24775.4112
-24772.1925
-24767.7669
-24772.3266
-24773.3995
-24771.4102
-24771.6114
-24775.9700
-24775.2771
-24779.6580
-24774.2042
-24776.1935
-24775.8582
-24778.9874
-24771.5667
-24774.2936
-24767.6328
-24772.1702
-24771.1420
-24772.2819
-24766.0905
-24773.9583
-24776.0147
-24778.3169
-24773.7124
-24775.9029
-24777.4899
-24775.5900
-24781.3567
-24782.7649
-24780.7756
-24777.2664
-24778.1604
-24775.1653
-24775.0535
-24775.6794
-24767.9904
-24765.1070
-24766.4481
-24762.7601
-24768.9739
-24765.0847
-24763.3412
-24758.5356
-24760.6814
-24760.9496
-24756.0993
-24757.0827
-24753.3723
-24754.2217
-24754.4229
-24752.6347
-24750.9584
-24743.8729
-24739.4025
-24741.7941
-24741.7494
-24741.3248
-24735.9603
-24736.7650
-24736.6085
-24738.7096
-24730.7747
-24736.3850
-24728.0255
-24730.5512
-24727.3549
-24732.9876
-24724.8962
-24724.4045
-24722.3705
-24720.6941
-24714.7262
-24714.4133
-24713.6086
-24712.1557
-24710.4123
-24707.5066
-24710.5017
-24704.5114
-24706.5454
-24701.6281
-24700.8457
-24693.8049
-24694.9672
-24689.4464
-24695.0119
-24690.1840
-24697.4930
-24688.9770
-24686.8983
-24684.9089
-24686.2501
-24683.7467
-24681.9138
-24676.2141
-24673.0849
-24671.4085
-24675.7894
-24670.9838
-24671.4532
-24668.4804
-24669.3074
-24668.7933
-24665.2841
-24662.0208
-24662.8925
-24658.9586
-24653.5271
-24655.4270
-24652.9013
-24656.1199
-24652.0072
-24651.4484
-24650.7555
-24650.1296
-24647.4027
-24646.6428
-24640.7866
-24642.8653
-24637.0315
-24639.2220
-24635.0199
-24635.1987
-24628.1132
-24630.8177
-24635.0869
-24636.3610
-24624.3581
-24624.0228
-24620.4465
-24619.7983
-24624.7381
-24621.1171
-24622.6370
-24619.8430
-24624.3581
-24622.1453
-24629.1860
-24619.9548
-24626.0568
-24621.1841
-24624.8498
-24621.9217
-24629.2084
-24622.0111
-24624.5816
-24620.8041
-24625.0063
-24627.2414
-24623.4640
-24625.9450
-24625.2745
-24627.8449
-24625.0286
-24623.0617
-24622.1453
-24622.7040
-24628.6496
-24631.3318
-24625.8333
-24631.4659
-24631.5777
-24637.0539
-24635.1540
-24639.5126
-24635.4222
-24641.7924
-24637.2327
-24644.8546
-24646.0616
-24648.0286
-24642.0160
-24646.2404
-24644.4746
-24651.5825
-24652.9013
-24646.4192
-24648.4533
-24651.2025
-24655.0023
-24655.2482
-24654.2871
-24651.2696
-24659.7856
-24658.2657
-24657.6398
-24657.9751
-24661.4843
-24657.2598
-24658.2210
-24657.3716
-24659.8303
-24657.0587
-24657.3716
-24659.9420
-24657.6622
-24662.7137
-24662.8254
-24663.4289
-24667.1617
-24665.6417
-24665.0606
-24668.0110
-24670.9168
-24674.6495
-24669.1510
-24653.9518
-24652.8789
-24658.4892
-24665.5300
-24662.6243
-24667.7205
-24671.0956
-24670.5144
-24674.1801
-24674.8954
-24677.7340
-24675.2753
-24682.5173
-24678.2481
-24685.9595
-24684.7301
-24691.7039
-24687.0324
-24692.8438
-24698.0965
-24701.8292
-24698.5212
-24695.9954
-24699.4152
-24704.6679
-24705.2267
-24706.6125
-24709.7417
-24710.1888
-24718.7271
-24719.1742
-24720.9847
-24720.8282
-24723.4210
-24724.3598
-24731.4453
-24727.9137
-24734.7086
-24732.7193
-24737.3908
-24737.3238
-24740.3636
-24737.6367
-24746.3315
-24746.3539
-24750.0196
-24755.4511
-24758.5803
-24757.1721
-24758.7368
-24758.2003
-24761.2178
-24765.6658
-24762.6930
-24770.7396
-24773.6007
-24774.2712
-24772.6395
-24776.6182
-24773.1089
-24779.0545
-24778.8980
-24780.9544
-24780.6415
-24792.0856
-24779.5462
-24786.6764
-24779.6803
-24785.1789
-24784.9330
-24783.8378
-24782.3179
-24790.9903
-24791.9962
-24794.9242
-24794.1643
-24793.6502
-24800.6686
-24804.8931
-24804.9155
-24801.4286
-24803.0156
-24800.6910
-24804.6249
-24808.6929
-24811.8892
-24803.5073
-24809.2070
-24810.7269
-24814.9067
-24809.3188
-24813.2080
-24812.0904
-24816.6054
-24815.5996
-24817.3654
-24821.1652
-24819.7347
-24817.5666
-24822.9533
-24829.7483
-24826.3955
-24828.4742
-24823.0651
-24831.3129
-24829.4353
-24830.4412
-24829.3459
-24836.5879
-24834.8221
-24842.5558
-24835.4927
-24835.6044
-24834.9115
-24840.5888
-24840.2312
-24845.3274
-24839.8289
-24844.3663
-24845.1263
-24843.8522
-24843.9193
-24847.0485
-24852.3012
-24852.0553
-24847.2050
-24849.8425
-24852.7929
-24851.9882
-24849.2166
-24843.0028
-24849.7531
-24848.8590
-24850.2448
-24845.5509
-24846.6015
-24847.7638
-24851.8765
-24849.8872
-24855.4304
-24850.4236
-24854.8046
-24855.1398
-24860.7501
-24859.0290
-24858.4926
-24854.4693
-24859.3196
-24861.3313
-24865.2205
-24864.6840
-24861.4430
-24859.5431
-24860.3925
-24865.4663
-24864.1252
-24870.5625
-24865.4663
-24868.1933
-24862.2700
-24867.0086
-24867.4556
-24871.7919
-24870.0261
-24873.8035
-24863.1865
-24865.6899
-24865.9134
-24869.9814
-24870.4284
-24872.1495
-24873.9153
-24878.5868
-24873.9600
-24874.6753
-24878.2739
-24874.1612
-24874.3847
-24875.3235
-24880.0397
-24875.0105
-24877.6480
-24871.1213
-24874.9658
-24871.9930
-24872.7530
-24871.4119
-24870.2273
-24866.1369
-24870.3837
-24873.7365
-24870.5625
-24870.2496
-24875.1893
-24870.7190
-24874.3400
-24874.3176
-24878.7433
-24874.8764
-24876.8210
-24879.0562
-24877.9386
-24876.1952
-24874.4741
-24881.7831
-24878.7209
-24869.8920
-24872.6860
-24876.1281
-24874.1612
-24873.3342
-24873.5577
-24876.8434
-24873.9377
-24878.7880
-24874.3623
-24876.6646
-24873.2895
-24876.9775
-24876.8210
-24878.8774
-24876.1058
-24877.6704
-24875.6587
-24882.0066
-24881.8949
-24883.6383
-24889.8744
-24882.7889
-24887.3487
-24887.9745
-24889.3157
-24886.2758
-24889.0698
-24894.7695
-24884.6441
-24887.5499
-24893.6295
-24884.1748
-24886.2982
-24880.4197
-24887.7734
-24883.5713
-24885.2476
-24885.5829
-24880.2408
-24879.5032
-24884.9124
-24882.4090
-24885.0912
-24882.8113
-24883.6160
-24886.4993
-24887.3487
-24883.8842
-24879.9279
-24881.6490
-24880.3526
-24882.0960
-24876.3293
-24878.0951
-24876.0834
-24881.4031
-24880.6655
-24885.2029
-24879.2797
-24880.3973
-24878.5645
-24884.9794
-24887.6840
-24886.2982
-24877.5363
-24880.0397
-24877.0445
-24881.4255
-24881.5819
-24878.9668
-24880.2855
-24877.1787
-24877.2904
-24878.5198
-24880.9561
-24879.1233
-24882.6101
-24880.9785
-24883.6830
-24882.4313
-24887.0805
-24883.8842
-24886.6781
-24878.3409
-24884.9794
-24884.8453
-24886.2311
-24882.4537
-24884.2418
-24884.9124
-24886.0076
-24882.0737
-24884.6888
-24883.1913
-24884.2195
-24884.0630
-24881.3808
-24883.8171
-24884.2195
-24886.6334
-24881.9396
-24890.7015
-24888.2651
-24890.2097
-24887.0134
-24887.5275
-24886.8346
-24892.8919
-24889.0251
-24893.4507
-24887.8181
-24891.5061
-24889.8968
-24892.1096
-24891.4614
-24893.5401
-24893.6519
-24893.0260
-24893.8307
-24892.8249
-24893.7189
-24895.8647
-24898.7034
-24895.3506
-24897.5858
-24899.0834
-24900.5362
-24894.3001
-24897.4964
-24894.2777
-24900.3351
-24892.4896
-24895.8871
-24893.3390
-24894.7024
-24894.5460
-24901.8773
-24892.5343
-24901.2068
-24899.4633
-24897.7646
-24900.4021
-24893.9201
-24892.0202
-24889.4051
-24892.8472
-24892.1990
-24894.9036
-24892.8249
-24893.6519
-24896.0659
-24893.5401
-24890.9473
-24895.5071
-24891.9979
-24899.3739
-24895.4400
-24899.9551
-24899.4410
-24900.9833
-24895.9094
-24899.0163
-24899.2622
-24901.4079
-24899.3069
-24904.4701
-24900.4468
-24900.7374
-24900.2904
-24900.9162
-24900.2904
-24900.0668
-24897.2282
-24904.8725
-24909.4769
-24893.4284
-24898.1446
-24891.4167
-24894.9259
-24890.7909
-24899.7539
-24896.5353
-24898.7928
-24898.3905
-24901.6538
-24904.4031
-24903.6878
-24895.3059
-24901.4303
-24901.9220
-24898.5469
-24896.1106
-24899.5975
-24899.2175
-24896.1329
-24895.3953
-24897.6305
-24899.8657
-24897.2729
-24903.3078
-24900.6033
-24899.8433
-24901.8550
-24902.7267
-24904.1796
-24909.3205
-24910.4604
-24910.5498
-24899.4410
-24904.6266
-24898.5693
-24902.1679
-24899.4633
-24905.7889
-24901.6091
-24899.1057
-24896.1776
-24901.7432
-24902.4138
-24902.5926
-24903.8219
-24903.8666
-24906.0795
-24907.9347
-24910.1251
-24902.8832
-24904.8054
-24904.2019
-24904.2019
-24903.1290
-24908.0241
-24901.8997
-24903.1961
-24902.9502
-24912.4274
-24907.4653
-24912.5615
-24904.9172
-24907.6664
-24909.2981
-24913.8132
-24912.4721
-24908.5158
-24909.2981
-24910.4157
-24911.8462
-24913.8355
-24912.0027
-24914.9084
-24916.3613
-24916.7859
-24913.5896
-24911.8909
-24914.2378
-24911.1533
-24918.1718
-24913.3214
-24912.4721
-24911.4439
-24917.1659
-24913.3214
-24919.6023
-24914.1931
-24917.1212
-24913.9249
-24915.8025
-24913.2320
-24917.4118
-24914.0814
-24919.0658
-24920.2505
-24914.0590
-24915.7131
-24915.4448
-24920.5187
-24919.5129
-24918.6411
-24916.3166
-24922.5080
-24916.9648
-24916.5401
-24915.0202
-24913.0979
-24909.1193
-24911.5109
-24908.6499
-24918.3059
-24909.3652
-24910.9968
-24909.7228
-24913.9696
-24914.1037
-24911.0639
-24908.8734
-24912.1144
-24915.5342
-24913.6567
-24911.0415
-24907.8229
-24909.6334
-24904.9172
-24906.1018
-24902.2573
-24910.5498
-24904.3137
-24905.1630
-24904.6489
-24911.6003
-24902.8832
-24906.7277
-24902.8608
-24908.9181
-24904.1572
-24908.5605
-24908.9181
-24912.8967
-24911.4662
-24908.4040
-24902.8832
-24906.7724
-24904.1125
-24904.2690
-24904.6042
-24905.3642
-24903.3078
-24905.1183
-24901.1397
-24898.8822
-24906.3700
-24901.2962
-24898.4575
-24895.3506
-24897.7199
-24898.9493
-24908.5605
-24895.1495
-24897.8317
-24895.8871
-24902.5702
-24896.0882
-24899.2398
-24893.9872
-24894.0542
-24886.9464
-24889.9862
-24888.6227
-24892.6237
-24892.5567
-24890.1427
-24890.0309
-24891.6849
-24892.8472
-24890.7462
-24892.8472
-24886.3876
-24889.0027
-24880.8220
-24884.1971
-24885.3817
-24891.9085
-24892.4896
-24882.4537
-24882.0960
-24881.4702
-24875.1893
-24881.7161
-24880.8667
-24882.2078
-24882.6772
-24885.3370
-24878.1845
-24878.7656
-24874.2282
-24877.8716
-24884.5994
-24876.5081
-24874.2506
-24880.1961
-24877.8939
-24874.6082
-24874.5411
-24872.6189
-24876.3293
-24870.5402
-24876.9328
-24874.8094
-24877.9833
-24872.7977
-24877.0222
-24875.1446
-24881.2914
-24878.2068
-24881.2467
-24883.0125
-24884.5547
-24885.9852
-24881.8949
-24881.2020
-24882.6101
-24886.5440
-24882.1407
-24882.1407
-24884.3983
-24889.1592
-24880.0844
-24882.9454
-24877.2904
-24884.1077
-24882.3196
-24882.7889
-24881.1573
-24886.0970
-24882.0737
-24887.2593
-24883.1913
-24890.2321
-24885.9182
-24885.7617
-24885.6723
-24889.4721
-24886.2311
-24889.4051
-24887.0134
-24895.5071
-24893.4507
-24890.5003
-24895.5965
-24893.0931
-24890.6791
-24887.4158
-24900.7821
-24893.5401
-24895.5518
-24891.9755
-24892.4672
-24890.9250
-24898.7034
-24890.9026
-24890.0533
-24888.2428
-24894.7024
-24899.9104
-24890.7909
-24887.7510
-24883.9959
-24889.4945
-24897.2058
-24895.8424
-24894.4789
-24902.2573
-24901.8103
-24903.6431
-24909.7675
-24908.9405
-24907.4206
-24910.2592
-24904.8725
-24905.2971
-24903.1514
-24909.7228
-24901.7432
-24909.4769
-24904.0678
-24908.4264
-24908.2923
-24911.7792
-24898.2563
-24895.8200
-24888.7345
-24892.9366
-24889.9862
-24893.2496
-24892.2437
-24893.5625
-24896.3565
-24895.7306
-24897.5411
-24898.0775
-24908.6499
-24901.3185
-24911.9133
-24910.3933
-24911.0415
-24906.5488
-24912.2485
-24912.9638
-24918.3506
-24915.9589
-24922.5750
-24917.5459
-24920.5410
-24917.9259
-24924.2738
-24924.4526
-24925.8384
-24923.8044
-24921.1892
-24923.3574
-24927.9842
-24929.3476
-24926.7995
-24925.3690
-24924.0950
-24927.9395
-24922.9327
-24927.6712
-24928.2747
-24932.7898
-24919.8928
-24928.4983
-24921.5022
-24925.4137
-24926.0396
-24931.4710
-24928.4983
-24934.3768
-24928.6100
-24930.7111
-24925.9725
-24931.6499
-24930.6887
-24938.5565
-24938.3330
-24939.6071
-24937.6848
-24941.7975
-24941.3058
-24945.0609
-24945.7091
-24939.6071
-24941.1270
-24940.6129
-24944.8597
-24940.7247
-24940.5235
-24939.7412
-24946.6702
-24942.9375
-24948.7042
-24944.5468
-24945.9997
-24947.4525
-24950.3583
-24952.0346
-24950.8500
-24949.8442
-24951.0512
-24948.0560
-24951.5206
-24948.1454
-24955.9015
-24955.7450
-24957.7790
-24961.0424
-24956.9967
-24955.4992
-24956.0580
-24959.8354
-24964.5069
-24967.7926
-24961.6906
-24964.2387
-24959.5895
-24964.4399
-24957.5108
-24961.4000
-24962.8529
-24960.1707
-24959.8131
-24968.7985
-24965.9598
-24972.0842
-24967.8597
-24967.1668
-24969.9160
-24968.6196
-24969.8937
-24968.2620
-24966.2951
-24963.3893
-24966.4292
-24967.8373
-24963.9705
-24962.2047
-24969.1784
-24966.0715
-24966.3845
-24968.6420
-24973.3582
-24968.4855
-24974.1852
-24968.3514
-24967.5244
-24971.6371
-24970.5642
-24968.2173
-24967.6809
-24966.2057
-24968.7090
-24966.9433
-24967.0997
-24967.7703
-24971.1230
-24964.9540
-24965.9151
-24960.1260
-24959.6119
-24963.0094
-24960.5060
-24964.3952
-24959.5225
-24971.9277
-24966.4068
-24966.6974
-24968.7090
-24977.1804
-24974.6546
-24968.0832
-24967.6138
-24968.6196
-24972.3747
-24967.8373
-24967.7926
-24971.4807
-24971.5254
-24975.1016
-24970.8101
-24963.8587
-24972.0395
-24970.5866
-24974.8781
-24973.6488
-24974.4087
-24970.8548
-24977.0462
-24978.2085
-24973.8052
-24971.6595
-24980.8460
-24974.1405
-24977.2474
-24974.2970
-24978.5215
-24971.0336
-24977.0015
-24971.6595
-24981.8295
-24982.1424
-24979.4826
-24982.6342
-24980.0190
-24981.7625
-24983.9306
-24984.3329
-24982.8801
-24977.8509
-24974.9228
-24979.8626
-24976.8004
-24977.5380
-24977.1357
-24980.0861
-24978.7003
-24985.8752
-24980.4437
-24987.5739
-24978.5662
-24984.1541
-24983.4836
-24988.1998
-24986.8140
-24984.1765
-24982.8801
-24982.8577
-24980.5555
-24982.6118
-24983.8635
-24989.4515
-24980.6225
-24986.2105
-24983.4612
-24977.6497
-24984.5117
-24986.3893
-24988.5350
-24982.1201
-24989.0491
-24988.3562
-24993.7430
-24988.1327
-24994.2794
-24991.5078
-24993.6983
-24988.2445
-24993.7877
-24996.5146
-24991.9549
-24988.4009
-24988.4903
-24988.7139
-24989.2727
-24985.0035
-24988.7809
-24985.6964
-24991.6419
-24985.0258
-24979.6838
-24983.7071
-24971.8606
-24977.8286
-24980.1084
-24979.6614
-24973.7829
-24982.1871
-24979.3038
-24980.6672
-24975.1911
-24982.5224
-24978.4768
-24984.5788
-24975.2805
-24982.7459
-24976.0404
-24975.5710
-24972.3971
-24973.8276
-24969.2455
-24974.2076
-24972.8218
-24971.9053
-24972.9112
-24965.3563
-24969.4243
-24970.1619
-24965.3786
-24963.6576
-24969.3796
-24966.7644
-24959.6342
-24957.6449
-24961.8918
-24961.7577
-24961.5118
-24956.2368
-24958.4496
-24953.2863
-24952.7499
-24952.5487
-24954.8733
-24948.9501
-24951.3194
-24947.4078
-24944.6362
-24942.8704
-24948.3019
-24946.6255
-24943.8316
-24940.7694
-24939.2271
-24941.7081
-24940.4564
-24945.4856
-24940.4341
-24941.1493
-24938.3330
-24945.2844
-24938.5118
-24941.3505
-24936.7013
-24940.3000
-24938.5789
-24941.7975
-24933.3262
-24937.7966
-24937.0143
-24936.4108
-24937.4390
-24931.4710
-24935.2038
-24933.5051
-24928.0736
-24928.0065
-24928.8335
-24927.0007
-24931.0464
-24928.8782
-24926.5984
-24927.1125
-24929.0794
-24925.8831
-24930.5770
-24922.5527
-24924.7432
-24917.2106
-24921.4351
-24920.1164
-24925.5478
-24912.6062
-24918.5517
-24915.3331
-24912.3603
-24911.6450
-24910.6839
-24908.6276
-24913.4108
-24915.4001
-24910.9074
-24913.9026
-24916.0930
-24914.5731
-24912.9638
-24920.0269
-24913.3214
-24917.2777
-24911.6450
-24918.9094
-24913.2767
-24918.5741
-24909.8346
-24910.6616
-24913.0085
-24918.0823
-24911.6227
-24916.8083
-24911.2204
-24915.0202
-24916.9424
-24918.3506
-24916.1377
-24917.4565
-24919.1105
-24921.6363
-24921.9492
-24919.7811
-24921.3904
-24918.2612
-24919.4905
-24920.0493
-24923.7820
-24920.7646
-24930.7781
-24917.0765
-24923.7820
-24917.5683
-24921.2563
-24918.0600
-24922.2174
-24908.8287
-24914.5061
-24908.2476
-24911.7568
-24910.6839
-24909.7898
-24909.4769
-24912.9414
-24914.3720
-24911.7345
-24917.4565
-24917.3224
-24918.6858
-24914.8860
-24917.5683
-24916.6071
-24918.8423
-24916.8083
-24927.2019
-24925.5255
-24926.0172
-24920.6081
-24925.8608
-24921.3904
-24926.6878
-24927.1572
-24924.8549
-24927.5595
-24928.1853
-24926.8666
-24933.7956
-24926.3748
-24928.8782
-24928.3641
-24925.9949
-24925.7713
-24923.6032
-24926.8889
-24926.4419
-24931.2028
-24931.1134
-24931.6499
-24930.9346
-24938.6460
-24933.9521
-24939.9200
-24939.8753
-24942.6469
-24943.0939
-24942.4681
-24941.0376
-24947.1620
-24944.8150
-24954.0687
-24957.9355
-24952.5711
-24953.8451
-24956.5497
-24957.3097
-24963.6352
-24964.0152
-24963.3223
-24964.3505
-24964.6857
-24966.9433
-24965.7363
-24970.9219
-24979.3932
-24971.4807
-24970.4078
-24977.4933
-24968.3738
-24980.5331
-24977.9180
-24983.0589
-24980.6896
-24982.2989
-24979.8849
-24983.5730
-24982.4330
-24985.3834
-24981.3154
-24985.1376
-24980.6896
-24982.7683
-24982.7683
-24978.9685
-24982.2542
-24981.3601
-24985.2940
-24984.3106
-24989.6079
-24981.9860
-24985.7187
-24985.2940
-24994.0783
-24981.8966
-24983.0812
-24976.7557
-24967.5691
-24960.3271
-24949.1066
-24934.5109
-24927.3136
-24925.2796
-24928.6547
-24933.2145
-24936.5449
-24941.6411
-24942.2446
-24945.5973
-24951.9676
-24962.4953
-24966.8091
-24972.5312
-24970.4972
-24975.0346
-24978.6109
-24986.2105
-24989.4068
-24994.3912
-24990.1667
-24998.0792
-24995.9335
-25001.1638
-24997.1405
-25004.5165
-25005.3883
-25010.1492
-25008.9869
-25010.2162
-25011.1997
-25011.5350
-25012.7867
-25015.1113
-25012.2055
-25013.8819
-25009.2328
-25006.9529
-25013.5243
-25015.4018
-25013.7031
-25012.0267
-25015.1113
-25015.8265
-25020.6545
-25017.4135
-25022.5320
-25018.7323
-25021.1462
-25018.6875
-25022.8450
-25019.0675
-25019.9839
-25020.5204
-25021.3027
-25016.6982
-25018.7770
-25022.8450
-25023.2920
-25025.3037
-25027.6059
-25028.2541
-25026.5554
-25029.9081
-25028.9917
-25030.6457
-25033.3726
-25033.0597
-25030.8022
-25037.2171
-25035.3172
-25041.6428
-25036.4572
-25037.3960
-25032.2998
-25039.6311
-25034.9820
-25038.8712
-25035.4737
-25034.5126
-25038.1559
-25040.7711
-25039.2959
-25038.4241
-25038.5806
-25042.4922
-25034.6690
-25029.4387
-25039.1170
-25038.4688
-25040.6817
-25038.8488
-25040.8828
-25040.1005
-25041.2852
-25041.3075
-25040.7934
-25042.9615
-25043.0286
-25039.6535
-25039.5417
-25040.5252
-25047.7225
-25043.4980
-25046.2920
-25046.0014
-25046.4261
-25043.4756
-25047.0743
-25043.7215
-25044.3250
-25047.2307
-25049.4659
-25040.7487
-25048.1695
-25052.0364
-25048.9071
-25053.8021
-25044.7497
-25048.6389
-25046.2472
-25050.4717
-25047.5437
-25046.5825
-25044.0121
-25051.5670
-25050.6058
-25049.3988
-25048.7283
-25051.7458
-25056.0150
-25057.3784
-25056.9761
-25055.7244
-25053.9586
-25056.1267
-25055.5903
-25062.2511
-25063.2569
-25049.0859
-25059.7701
-25046.4708
-25050.9411
-25046.1802
-25050.0470
-25048.8848
-25053.8915
-25049.6224
-25059.3901
-25053.5786
-25052.8410
-25053.7351
-25060.0830
-25058.5631
-25061.1782
-25055.9032
-25060.0830
-25057.4455
-25059.2113
-25057.3337
-25058.0713
-25060.2618
-25059.0101
-25060.2171
-25056.1938
-25054.1598
-25055.7914
-25058.2501
-25051.4552
-25054.5174
-25049.0189
-25056.1267
-25053.3998
-25057.7584
-25054.8527
-25049.9353
-25050.0247
-25051.7458
-25051.2764
-25056.2608
-25047.8789
-25051.3882
-25052.6398
-25053.9139
-25047.4542
-25051.0752
-25053.8245
-25050.8964
-25046.9402
-25044.4144
-25047.6778
-25049.4659
-25048.9071
-25044.5709
-25048.4154
-25046.1355
-25043.3192
-25039.2064
-25045.5320
-25042.1792
-25050.5835
-25040.8828
-25038.3347
-25040.3017
-25038.9159
-25031.2492
-25033.4844
-25034.5349
-25036.7478
-25037.3066
-25031.3833
-25034.0879
-25034.7361
-25036.1890
-25034.2220
-25032.6350
-25030.1540
-25036.5242
-25037.0383
-25039.3406
-25037.0830
-25039.5864
-25035.1161
-25039.9888
-25037.0830
-25038.6253
-25033.3950
-25035.9878
-25033.0150
-25034.3338
-25031.6739
-25044.8167
-25030.6457
-25032.4562
-25029.6846
-25029.3717
-25028.2541
-25029.1258
-25031.9868
-25032.9703
-25037.6865
-25029.8187
-25034.5126
-25036.1443
-25038.9829
-25032.2551
-25032.4562
-25031.5622
-25035.0490
-25032.9480
-25035.9878
-25027.7624
-25036.3231
-25035.6749
-25034.2667
-25037.6195
-25035.7419
-25035.8537
-25034.0208
-25033.9091
-25034.6914
-25035.1384
-25039.6311
-25035.9431
-25032.6574
-25033.3279
-25034.1103
-25034.4902
-25036.9489
-25036.6807
-25035.6972
-25042.1569
-25038.4688
-25038.1783
-25038.1783
-25041.5757
-25037.9771
-25044.1015
-25041.8887
-25045.6214
-25042.2686
-25042.6263
-25041.9110
-25044.9956
-25043.6544
-25039.1617
-25042.0228
-25043.0733
-25047.5213
-25049.3094
-25051.3211
-25044.4815
-25052.0811
-25051.7681
-25057.2220
-25056.0150
-25059.9712
-25053.9362
-25052.2822
-25048.9742
-25060.1947
-25053.9139
-25062.2958
-25059.3901
-25063.1005
-25062.6311
-25070.8118
-25065.8274
-25065.0227
-25066.9226
-25066.2297
-25068.3978
-25067.6379
-25065.2686
-25061.2006
-25067.1685
-25065.6039
-25067.1014
-25057.5572
-25066.0956
-25067.3473
-25071.1918
-25073.2258
-25083.8876
-25066.8556
-25076.4445
-25070.9012
-25075.6174
-25072.7564
-25074.9245
-25074.9022
-25075.7516
-25077.2044
-25076.3327
-25081.3395
-25083.4629
-25078.1655
-25078.6573
-25080.6689
-25084.6028
-25086.9721
-25086.5698
-25083.9099
-25085.9887
-25091.9342
-25084.5805
-25089.7437
-25088.6709
-25088.1791
-25081.8983
-25084.9381
-25084.7370
-25089.1402
-25081.9206
-25086.1898
-25087.5309
-25090.8613
-25092.0013
-25089.0508
-25086.1898
-25087.5756
-25092.4707
-25089.8332
-25091.1072
-25090.9507
-25095.1082
-25090.9060
-25088.1568
-25089.3414
-25092.2248
-25086.9498
-25088.5144
-25088.0450
-25097.7457
-25096.8069
-25099.6456
-25094.7952
-25100.9643
-25098.2374
-25102.9983
-25099.2879
-25104.2277
-25104.8312
-25107.1334
-25107.8934
-25104.6747
-25102.2384
-25107.4910
-25107.3569
-25105.9488
-25106.1946
-25105.7923
-25111.7826
-25107.6922
-25108.5416
-25108.2510
-25114.0401
-25113.3248
-25113.4813
-25115.2694
-25116.4541
-25107.9828
-25113.8166
-25108.3851
-25112.8107
-25109.1227
-25112.0061
-25109.1898
-25111.4026
-25113.1013
-25116.6776
-25116.5882
-25119.4269
-25118.7787
-25120.4774
-25123.8525
-25120.7903
-25121.2374
-25118.3316
-25121.0362
-25118.2869
-25123.8525
-25116.8564
-25120.7009
-25114.1742
-25113.3472
-25111.3579
-25114.5095
-25114.3530
-25118.1305
-25116.2529
-25118.5328
-25115.9176
-25114.8000
-25116.7670
-25115.6047
-25115.3365
-25112.6766
-25112.2743
-25112.0061
-25108.0945
-25111.4249
-25111.1120
-25112.9225
-25113.3025
-25112.8554
-25110.1956
-25108.1616
-25103.1324
-25100.5173
-25107.0887
-25104.5630
-25102.4619
-25095.5999
-25099.7126
-25101.3667
-25100.1820
-25095.3540
-25091.8448
-25094.9517
-25097.1869
-25095.4658
-25093.5435
-25094.2811
-25097.4551
-25097.1645
-25095.3317
-25095.4881
-25095.5105
-25097.2092
-25091.0178
-25089.2297
-25080.7136
-25085.9439
-25085.9216
-25083.4853
-25072.8458
-25076.1986
-25067.0344
-25074.8575
-25066.3191
-25066.0732
-25060.1277
-25064.5086
-25065.7827
-25063.3016
-25061.1335
-25062.1840
-25056.3726
-25053.3998
-25055.8809
-25052.7293
-25049.8459
-25037.7089
-25024.1190
-25002.3261
-24988.8927
-24972.8665
-24967.4574
-24959.1201
-24957.3320
-24957.7790
-24967.2785
-24971.6148
-24975.9510
-24976.6886
-24983.9306
-24985.1376
-24992.6031
-24994.4583
-25002.3484
-25001.4320
-25010.4174
-25007.2882
-25011.7585
-25009.7245
-25010.8197
-25017.7935
-25018.2629
-25023.8284
-25022.8003
-25025.4378
-25029.1258
-25034.5573
-25028.8129
-25036.4795
-25029.9528
-25034.4455
-25030.5340
-25033.9985
-25030.8916
-25035.4067
-25027.4271
-25033.7079
-25028.8799
-25029.0364
-25030.3775
-25036.2560
-25036.5242
-25034.7585
-25035.8984
-25036.2113
-25036.5689
-25029.9975
-25030.6681
-25037.1501
-25024.8343
-25028.8799
-25029.2376
-25029.5058
-25027.2483
-25025.3707
-25034.1326
-25032.9927
-25033.8197
-25030.5563
-25037.5971
-25029.7740
-25033.0374
-25035.0043
-25035.6302
-25034.6690
-25031.4057
-25028.8799
-25035.6078
-25031.1822
-25034.1326
-25038.2453
-25040.9275
-25042.8051
-25039.5864
-25037.8877
-25040.2793
-25040.7040
-25038.4241
-25043.1851
-25035.6525
-25042.9839
-25038.7371
-25040.2570
-25037.7759
-25040.3017
-25035.3396
-25039.2512
-25040.1899
-25043.9450
-25041.4416
-25042.4698
-25047.7672
-25049.8682
-25053.8468
-25053.5786
-25051.0976
-25052.5728
-25060.1724
-25059.8148
-25060.0830
-25059.3007
-25064.6204
-25069.0684
-25073.6505
-25065.9615
-25068.7555
-25065.2686
-25069.1801
-25066.5873
-25068.2414
-25064.1510
-25066.9003
-25065.6262
-25071.4153
-25071.0353
-25073.5164
-25070.9906
-25068.1296
-25071.3259
-25073.8964
-25079.0820
-25075.1928
-25063.1899
-25063.2793
-25067.1014
-25067.2579
-25066.2968
-25062.2064
-25066.3638
-25064.5310
-25068.4872
-25067.6155
-25074.8575
-25068.1967
-25069.0237
-25067.7943
-25074.0752
-25073.4493
-25073.0023
-25072.5105
-25070.7001
-25070.3424
-25073.2482
-25078.2326
-25080.3560
-25082.1218
-25075.3492
-25080.2443
-25081.6301
-25088.6262
-25086.7486
-25092.7612
-25090.8613
-25097.9468
-25095.0635
-25096.7845
-25095.9128
-25097.7457
-25089.9226
-25093.1859
-25092.0683
-25104.6300
-25099.7797
-25104.6524
-25108.8098
-25107.2228
-25106.6193
-25109.6815
-25112.9002
-25117.8399
-25119.2928
-25117.7505
-25120.8350
-25122.3773
-25119.0692
-25115.0906
-25114.6212
-25113.0119
-25115.8953
-25114.4424
-25114.5318
-25112.9449
-25118.9575
-25117.3929
-25121.3715
-25118.2422
-25125.0819
-25123.8302
-25133.1955
-25119.8292
-25121.0585
-25119.3151
-25122.6232
-25125.9089
-25129.1722
-25128.3899
-25125.3724
-25125.3948
-25125.9759
-25133.3967
-25130.8263
-25131.2509
-25126.8700
-25138.1800
-25126.2888
-25137.1518
-25129.1722
-25129.2393
-25126.7135
-25134.8272
-25130.3569
-25137.5318
-25137.0624
-25131.1392
-25127.9652
-25134.6708
-25132.7261
-25134.2237
-25131.7427
-25129.8651
-25132.8379
-25131.1839
-25132.9050
-25135.4978
-25131.5862
-25133.6202
-25131.8768
-25127.4511
-25134.8496
-25134.7602
-25137.0847
-25131.6309
-25138.7164
-25138.5823
-25139.3423
-25137.6212
-25135.9895
-25134.4249
-25130.5133
-25123.2043
-25133.8661
-25123.2490
-25126.7806
-25125.1266
-25126.1771
-25122.1538
-25123.8078
-25122.3996
-25120.0080
-25119.8515
-25119.5610
-25117.8622
-25114.1071
-25113.0343
-25110.8661
-25115.3812
-25113.8166
-25113.3695
-25112.7660
-25115.9400
-25113.7942
-25108.2733
-25099.8691
-25101.7690
-25108.8545
-25103.5795
-25102.7301
-25103.9371
-25094.8623
-25099.2209
-25101.2772
-25098.5727
-25101.5008
-25096.1363
-25096.6951
-25094.4600
-25097.3880
-25095.1752
-25094.0353
-25086.4804
-25092.3589
-25092.5154
-25087.0839
-25084.0440
-25090.0790
-11741.3267
-23996.4082
-23997.3916
-23996.9670
-24000.4538
-24004.0748
-23997.5258
-23994.2177
-23999.0457
-24002.7337
-23988.0039
-23990.2838
-23993.4577
-23997.2575
-23991.0884
-23991.0661
-23986.1264
-23995.2235
-23998.7104
-23986.6852
-23995.9164
-23994.6424
-23994.1730
-24003.0466
-23997.5258
-23991.0884
-23992.4296
-23996.8328
-23999.1798
-23999.0680
-24002.6219
-23998.2634
-23995.0447
-24000.2527
-24004.1866
-23999.6492
-24005.4606
-23997.2352
-24005.5053
-24001.5491
-23999.2245
-23996.2741
-24005.7512
-23999.8056
-23994.5753
-23997.1905
-24004.9912
-23995.8047
-23989.4791
-23988.3392
-23993.7260
-23988.3392
-23990.9990
-23993.3683
-23985.7911
-23988.1380
-23991.2896
-23988.4733
-23989.2780
-23992.3401
-23980.4714
-23983.9582
-23983.9359
-23992.5190
-23986.5287
-23985.2546
-23989.7473
-23986.9757
-23985.4782
-23983.0195
-23983.0195
-23984.2712
-23983.2430
-23983.4218
-23973.1400
-23973.8106
-23970.9719
-23976.9845
-23982.1254
-23979.1973
-23971.3742
-23965.2945
-23969.1837
-23967.3509
-23966.3898
-23966.5462
-23967.8203
-23970.2566
-23977.7668
-23971.1060
-23972.7377
-23973.2294
-23976.3363
-23974.6376
-23983.9582
-23970.1002
-23973.0953
-23964.4005
-23970.9495
-23975.3752
-23958.9243
-23957.7173
-23947.5025
-23956.8903
-23951.1459
-23953.4481
-23952.6658
-23960.5560
-23960.1536
-23963.2158
-23958.7231
-23958.8349
-23963.6629
-23964.4228
-23964.4005
-23961.9418
-23968.0662
-23970.1449
-23958.7008
-23964.3781
-23954.3198
-23960.7571
-23952.3305
-23954.0740
-23949.2460
-23950.4530
-23955.1021
-23947.0555
-23953.2916
-23957.5161
-23949.7154
-23951.8835
-23952.2858
-23945.4685
-23958.4996
-23954.6775
-23962.0312
-23956.9573
-23962.9700
-23955.2810
-23963.9087
-23954.9010
-23967.7756
-23959.8854
-23965.3169
-23958.4773
-23960.6454
-23957.8067
-23950.0730
-23853.3346
-23982.6842
-24008.0087
-23994.2177
-23982.3713
-23966.8592
-23961.3606
-23959.4384
-23963.7970
-23975.2634
-23975.3305
-23973.5647
-23969.9661
-23973.9000
-23974.9058
-23971.8659
-23976.1575
-23969.4520
-23975.7328
-23976.5375
-23975.6657
-23970.7260
-23978.8173
-23968.8038
-23977.1186
-23971.5307
-23978.5268
-23974.5035
-23970.9048
-23978.1468
-23975.5093
-23977.0516
-23983.2206
-23970.9272
-23972.5812
-23975.8669
-23976.7386
-23979.3091
-23971.0836
-23978.3033
-23976.3139
-23976.3139
-23978.9067
-23976.6939
-23968.5579
-23972.2459
-23976.1128
-23980.8290
-23971.0836
-23978.6609
-23985.9699
-23984.9864
-23983.2653
-23980.0467
-23990.9767
-23982.0136
-23992.3849
-23994.4412
-23990.5520
-23997.4363
-24001.5267
-24000.8785
-23999.0010
-24001.7279
-24006.1088
-24002.9125
-24003.9184
-23997.2799
-24001.5491
-24000.4985
-23995.3129
-24001.5491
-24002.6890
-24001.8843
-24005.4159
-24003.6054
-24010.5345
-24009.0816
-24017.0388
-24015.2060
-24011.5626
-24014.0213
-24009.3498
-24018.7376
-24016.4353
-24017.8211
-24008.9251
-24013.6414
-24009.3275
-23963.1711
-23827.3619
-23823.6739
-23868.9138
-23909.5940
-23935.4997
-23971.8212
-23983.0642
-23994.7094
-24006.7794
-24008.9475
-24007.0699
-24018.4693
-24025.4654
-24029.3099
-24025.6442
-24015.7871
-24021.1068
-24025.8007
-24021.2186
-24025.4207
-24027.9018
-24029.0864
-24035.5237
-24023.5208
-24028.6394
-24028.8182
-24035.1884
-24032.3274
-24035.0320
-24036.2613
-24029.6899
-24022.5374
-24028.2818
-24028.7288
-24032.7074
-24031.2769
-24037.4460
-24036.9319
-24043.5927
-24044.6656
-24049.2030
-24037.1554
-24038.9212
-24046.3867
-24047.6831
-24042.7880
-24043.5480
-24039.1671
-24037.1107
-24044.3527
-24038.9882
-24051.9299
-24038.0718
-24034.5626
-24037.5354
-24043.9950
-24042.6092
-24042.7210
-24136.3524
-24376.6560
-24321.1790
-24210.6720
-24138.8335
-24085.8598
-24064.7151
-24057.0708
-24050.4100
-24046.9678
-24048.5771
-24038.5189
-24047.0125
-24048.5548
-24053.3381
-24047.8172
-24056.7802
-24057.5849
-24054.2098
-24057.4061
-24060.7812
-24053.8745
-24051.1476
-24056.4897
-24056.9590
-24056.9814
-24058.4343
-24060.5577
-24061.2282
-24051.9299
-24055.6626
-24057.9202
-24045.6938
-24060.2000
-24051.0805
-24060.8482
-24064.3351
-24054.7239
-24059.9318
-24063.6422
-24069.9454
-24072.8064
-24067.7996
-24070.4148
-24069.9901
-24074.7957
-24065.3633
-24063.5975
-24062.7928
-24060.9153
-24067.5538
-24072.9405
-24062.9270
-24071.1971
-24064.9610
-24072.6276
-24067.7773
-24079.7802
-24070.4148
-24077.0533
-24071.9571
-24070.7501
-24070.4371
-24069.4984
-24078.4167
-24070.6160
-24071.8229
-24070.2136
-24074.7510
-24077.7238
-24072.8288
-24076.3604
-24074.8851
-24078.1261
-24084.4070
-24072.0018
-24080.5848
-24070.1913
-24072.7394
-24068.6937
-24081.6354
-24074.5052
-24074.7063
-24074.7287
-24082.5741
-24075.0863
-24077.3885
-24074.4605
-24077.7015
-24077.2544
-24081.7248
-24081.2330
-24083.2670
-24083.2000
-24080.0484
-24093.0795
-24091.1125
-24090.9784
-24079.9813
-24087.6703
-24094.5323
-24089.4808
-24085.5022
-24077.4109
-24089.3691
-24086.1504
-24091.3584
-24088.6315
-24090.6431
-24095.9181
-24091.9395
-24089.9726
-24091.8278
-24089.8832
-24090.4196
-24090.2855
-24094.1076
-24082.7306
-24092.5877
-24098.6674
-24098.3992
-24091.0902
-24088.6091
-24091.1349
-24098.1533
-24095.0241
-24095.9181
-24098.0862
-24105.6188
-24100.8355
-24093.3700
-24088.8997
-24097.3263
-24099.0921
-24094.2641
-24092.6101
-24094.8452
-24100.9920
-24100.9026
-24092.6548
-24090.9337
-24098.4439
-24098.7345
-24101.2602
-24097.5498
-24107.6751
-24113.3748
-24110.8714
-24107.0717
-24110.3574
-24102.5119
-24110.0891
-24106.5129
-24111.9220
-24113.1737
-24113.4642
-24104.2777
-24106.8034
-24100.5226
-24103.6518
-24112.7937
-24102.1096
-24106.8928
-24103.4507
-24109.4409
-24108.0775
-24113.2184
-24118.6499
-24115.6547
-24111.0503
-24116.6158
-24110.6703
-24111.4079
-24112.0561
-24115.8782
-24111.7432
-24116.7723
-24120.5721
-24115.2971
-24117.9570
-24121.4215
-24111.9667
-24119.7227
-24119.4098
-24118.7840
-24123.2096
-24119.9910
-24119.8792
-24118.2475
-24120.5050
-24115.6994
-24122.0697
-24116.4594
-24120.3039
-24121.1309
-24130.6304
-24128.8870
-24131.4798
-24123.5002
-24129.4681
-24128.2164
-24130.4516
-24128.1493
-24128.2835
-24127.8588
-24129.5128
-24123.5225
-24130.4963
-24129.7810
-24131.7033
-24130.5857
-24127.6576
-24130.4292
-24129.1775
-24128.0376
-24132.7762
-24137.9394
-24145.2037
-24144.9802
-24146.4107
-24138.2523
-24138.1182
-24139.5934
-24136.4195
-24138.2076
-24135.2572
-24144.5108
-24140.8004
-24142.8121
-24139.1241
-24141.4933
-24141.0463
-24144.1755
-24153.1386
-24165.8344
-24192.1424
-24237.1812
-24316.6416
-24404.1934
-24481.2175
-24504.9104
-24533.2300
-24556.7217
-24555.9394
-24552.7431
-24548.0939
-24547.0210
-24549.6809
-24544.9870
-24545.6129
-24547.9151
-24559.5604
-24557.4593
-24560.0521
-24561.5497
-24559.7168
-24566.6235
-24567.1153
-24570.8703
-24561.7955
-24561.6614
-24554.2854
-24553.3242
-24548.0939
-24547.8257
-24545.5458
-24541.6343
-24536.7616
-24538.3262
-24529.8772
-24532.6265
-24515.6615
-24511.5041
-24511.8617
-24513.5828
-24513.4487
-24510.0960
-24504.6868
-24498.4060
-24496.2826
-24403.7240
-24302.9847
-24324.2859
-24364.6085
-24391.3858
-24410.7648
-24429.6073
-24445.2535
-24449.0757
-24455.5577
-24464.7890
-24679.7010
-24750.8466
-24644.1841
-24556.8782
-24504.7762
-24476.5683
-24458.3517
-24448.8969
-24447.8016
-24454.1719
-24445.8123
-24436.6705
-24439.6209
-24443.8230
-24439.2633
-24428.7133
-24429.3168
-24422.2089
-24418.9232
-24418.9679
-24415.8834
-24411.8153
-24412.5753
-24407.1662
-24414.6317
-24409.5802
-24402.8076
-24402.8523
-24397.0632
-24400.3265
-24397.8902
-24406.7191
-24399.0301
-24398.9184
-24388.1225
-24392.1458
-24391.9223
-24390.5588
-24387.4296
-24380.2770
-24382.8698
-24387.3849
-24384.3227
-24383.7639
-24381.2605
-24375.8067
-24379.1594
-24377.8183
-24377.8630
-24378.5336
-24382.6687
-24375.1808
-24374.0185
-24373.0798
-24377.8630
-24373.8621
-24373.2586
-24371.7163
-24376.2984
-24370.2187
-24363.6697
-24357.0536
-24363.5803
-24369.6376
-24371.8281
-24363.3120
-24359.1323
-24354.5502
-24360.8757
-24357.0983
-24356.5171
-24366.8436
-24364.8320
-24364.7649
-24355.5336
-24354.8854
-24357.8135
-24354.1702
-24346.5929
-24357.6347
-24352.8067
-24357.1653
-24357.5006
-24357.1653
-24354.8854
-24363.6697
-24354.4831
-24353.7232
-24363.2450
-24356.5842
-24352.4938
-24361.5686
-24351.4209
-24363.6697
-24358.6629
-24356.7406
-24358.6182
-24352.3373
-24359.5570
-24363.2897
-24359.6911
-24358.2159
-24358.1264
-24354.1925
-24353.3655
-24358.4394
-24362.3286
-24352.5832
-24357.8582
-24360.3840
-24364.4073
-24359.8699
-24364.8543
-24358.3947
-24359.7805
-24356.1818
-24365.1449
-24358.2382
-24363.7591
-24363.9379
-24364.8320
-24361.3227
-24363.7144
-24365.4802
-24361.5463
-24361.7474
-24363.5803
-24363.3344
-24368.5647
-24367.6036
-24369.1906
-24371.6940
-24369.5705
-24367.5365
-24364.6755
-24370.8669
-24374.3538
-24365.7931
-24368.9894
-24375.9184
-24372.9457
-24372.0739
-24370.1293
-24372.1857
-24380.4782
-24382.6463
-24381.9758
-24377.5725
-24378.3101
-24372.5657
-24379.1594
-24383.0710
-24378.3771
-24383.9204
-24385.3509
-24380.9699
-24384.7250
-24385.5520
-24387.3178
-24382.8475
-24382.4898
-24380.0088
-24387.0273
-24385.3956
-24385.7979
-24387.4743
-24390.4247
-24388.2119
-24392.2129
-24391.8776
-24395.5433
-24398.5384
-24398.0467
-24395.6550
-24398.8066
-24400.0136
-24398.4937
-24400.8630
-24410.2060
-24398.0914
-24400.5277
-24402.4947
-24395.3868
-24408.2614
-24408.7755
-24402.1594
-24407.6132
-24408.3508
-24398.0914
-24406.6744
-24411.0777
-24408.4849
-24410.4519
-24405.8027
-24406.3839
-24410.5189
-24408.9990
-24403.5452
-24403.6346
-24410.0272
-24410.4742
-24413.6929
-24415.1681
-24407.9708
-24406.4286
-24401.9806
-24404.4616
-24409.5578
-24401.5335
-24400.0136
-24403.0758
-24400.7065
-24399.9913
-24391.3188
-24385.4179
-24384.5015
-24391.6988
-24389.7765
-24395.9456
-24388.3907
-24387.9660
-24381.9087
-24378.3101
-24371.6269
-24365.9272
-24371.1575
-24366.4636
-24365.5696
-24365.3014
-24362.9991
-24355.3325
-24362.0156
-24350.8174
-24357.1877
-24349.1857
-24341.0497
-24338.7028
-24332.9584
-24341.1391
-24336.7582
-24331.5726
-24325.7611
-24322.9448
-24315.2111
-24313.9817
-24305.2646
-24310.1149
-24297.9332
-24298.1120
-24293.9546
-24287.9867
-24294.6475
-24286.5338
-24281.4823
-24274.6203
-24276.7661
-24281.2141
-24272.6087
-24262.9974
-24267.9148
-24265.9702
-24259.9799
-24261.0975
-24259.9576
-24256.2025
-24250.0781
-24254.0791
-24242.0315
-24249.9440
-24234.7225
-24226.2959
-24221.4232
-24223.9042
-24215.8129
-24212.6389
-24208.4145
-24205.3746
-24216.6623
-24206.2687
-24210.4038
-24205.7546
-24188.2085
-24187.3815
-24190.1084
-24194.9587
-24194.3999
-24183.8275
-24179.0443
-24176.9879
-24173.9034
-24177.3902
-24180.2960
-24186.8897
-24189.6390
-24175.7139
-24177.8596
-24167.8684
-24171.4670
-24168.9189
-24168.1590
-24158.3913
-24157.4972
-24152.3116
-24162.5040
-24155.8655
-24158.1901
-24154.9044
-24152.1328
-24156.9384
-24151.7975
-24161.2523
-24157.1843
-24156.6925
-24155.6643
-24160.3806
-24157.1396
-24149.7858
-24154.2115
-24152.8257
-24145.0696
-24147.2154
-24138.6323
-24144.8685
-24146.7236
-24154.3009
-24150.6799
-24149.0482
-24150.5681
-24156.3125
-24149.2270
-24155.6196
-24153.4068
-24151.9093
-24153.0715
-24152.1775
-24150.1882
-24149.8976
-24156.8713
-24143.3262
-24148.3553
-24148.1542
-24146.7236
-24147.6401
-24146.7236
-24147.0813
-24141.1357
-24139.5487
-24142.0298
-24142.1192
-24148.7800
-24153.7644
-24147.8189
-24149.0706
-24146.8801
-24153.4292
-24151.1493
-24155.2397
-24155.9326
-24159.5983
-24163.4204
-24157.1619
-24162.3028
-24161.1405
-24157.1396
-24174.4175
-24169.8801
-24177.0103
-24177.0550
-24169.0083
-24174.2386
-24176.5185
-24179.2454
-24179.3572
-24112.8608
-24183.2464
-24214.6282
-24201.6642
-24199.8537
-24187.2697
-24190.8460
-24194.8022
-24191.4942
-24196.1657
-24199.7867
-24198.2668
-24207.0063
-24202.9830
-24198.1550
-24205.2629
-24210.9402
-24208.9286
-24209.9344
-24201.9772
-24209.3085
-24213.7118
-24209.8673
-24217.7351
-24221.5349
-24224.2395
-24222.8537
-24220.7303
-24228.2628
-24235.8177
-24240.7351
-24249.4523
-24236.0189
-24242.1432
-24246.5465
-24255.8896
-24247.6418
-24248.6923
-24247.7535
-24253.1850
-24248.1112
-24256.3366
-24259.4435
-24261.2540
-24260.2929
-24270.3064
-24275.4473
-24276.1626
-24275.0227
-24283.8516
-24286.8020
-24285.5056
-24293.2393
-24287.8749
-24295.8545
-24301.8000
-24291.4288
-24292.8146
-24294.2005
-24301.3083
-24304.2140
-24306.3822
-24307.1645
-24304.3034
-24314.0265
-24313.5347
-24326.2305
-24326.8564
-24328.9351
-24320.0838
-24326.7446
-24318.4297
-24321.5366
-24325.7835
-24326.7669
-24329.0021
-24332.1314
-24334.7242
-24331.3491
-24334.5901
-24333.2266
-24339.6416
-24337.3617
-24350.9962
-24344.7377
-24342.6814
-24345.9000
-24351.1080
-24349.2081
-24354.5725
-24353.1420
-24352.5385
-24355.7125
-24353.4102
-24352.2703
-24356.5618
-24349.2081
-24362.5074
-24357.8582
-24368.2294
-24368.1847
-24372.6327
-24365.2790
-24362.3956
-24373.9962
-24371.8951
-24373.6609
-24370.3081
-24375.3373
-24373.9291
-24376.3431
-24373.1692
-24375.9855
-24378.6677
-24382.1993
-24376.0749
-24367.8047
-24367.4695
-24376.9243
-24383.6745
-24380.5676
-24384.2780
-24380.3664
-24386.6920
-24384.4792
-24386.0438
-24392.1011
-24390.6929
-24392.4587
-24398.5384
-24400.1477
-24391.5647
-24404.4169
-24404.5957
-24402.9417
-24401.2877
-24407.0544
-24405.5792
-24407.1885
-24404.4616
-24406.3168
-24411.0777
-24412.3741
-24421.7842
-24411.6142
-24414.9446
-24415.1010
-24411.3683
-24414.4305
-24409.8707
-24418.5656
-24420.9125
-24417.2915
-24420.1749
-24415.5928
-24422.5665
-24420.3761
-24425.3158
-24421.4713
-24426.7910
-24430.3002
-24431.1496
-24435.0164
-24440.0009
-24434.3906
-24435.8658
-24434.5247
-24435.9776
-24443.1078
-24434.9270
-24438.6598
-24433.8542
-24435.7541
-24430.3896
-24435.8211
-24433.2954
-24433.9659
-24430.0991
-24425.5617
-24431.9096
-24433.2283
-24431.4402
-24437.5198
-24434.2565
-24436.9834
-24439.8891
-24436.2458
-24436.0446
-24438.3692
-24443.8007
-24442.8396
-24446.9523
-24448.1146
-24452.3614
-24447.1758
-24452.1379
-24441.3196
-24446.3488
-24441.7890
-24453.3225
-24444.6500
-24447.5111
-24447.4217
-24451.0873
-24446.6841
-24453.1884
-24451.4003
-24452.0485
-24456.6082
-24450.2156
-24457.7258
-24456.3177
-24452.4955
-24453.6578
-24452.7414
-24454.9766
-24460.2292
-24460.5868
-24459.0446
-24460.2292
-24463.6490
-24465.7277
-24461.8609
-24457.4352
-24464.2302
-24456.6529
-24456.7423
-24451.0426
-24457.9493
-24459.8716
-24452.4061
-24452.4508
-24452.0038
-24448.3604
-24459.5140
-24459.0893
-24464.8113
-24462.8891
-24460.9668
-24466.8677
-24460.9445
-24457.6811
-24464.4090
-24464.9454
-24458.9328
-24466.9794
-24444.8289
-24450.6627
-24446.0135
-24458.5528
-24451.8473
-24454.5072
-24454.4178
-24456.3400
-24455.0436
-24450.0368
-24444.0018
-24453.2331
-24444.2254
-24447.4440
-24456.5635
-24456.0718
-24449.3663
-24444.3595
-24449.8804
-24449.3886
-24448.4722
-24447.1534
-24447.8687
-24441.9455
-24438.7268
-24440.9397
-24453.5460
-24449.5004
-24446.2370
-24446.7958
-24447.8016
-24439.3303
-24442.3925
-24448.7628
-24441.9455
-24452.0038
-24449.0310
-24442.7278
-24441.4985
-24446.2370
-24447.1981
-24447.7793
-24448.3828
-24443.2866
-24447.9358
-24452.9872
-24443.7783
-24453.9484
-24448.0922
-24440.8055
-24447.2428
-24449.8357
-24448.4722
-24454.9318
-24443.8007
-24449.4110
-24446.4829
-24448.3157
-24444.2477
-24445.1194
-24445.8123
-24453.3896
-24453.7472
-24447.7346
-24449.8804
-24456.5859
-24452.3390
-24453.9260
-24461.2797
-24456.5412
-24458.3517
-24451.6461
-24458.6646
-24453.4343
-24456.9659
-24455.9377
-24457.5023
-24450.3497
-24452.4732
-24450.7968
-24454.8201
-24453.5237
-24452.8531
-24452.5849
-24456.3624
-24460.4527
-24454.2166
-24457.2117
-24454.9542
-24452.6520
-24456.3847
-24459.8492
-24462.7773
-24466.7783
-24463.6043
-24457.9046
-24463.3138
-24469.6393
-24469.7511
-24461.6374
-24461.0786
-24464.2749
-24468.0076
-24468.7229
-24466.5771
-24474.6237
-24472.8356
-24469.6840
-24474.9590
-24473.6850
-24463.7831
-24470.5557
-24464.6549
-24473.0144
-24475.6072
-24478.0212
-24477.7083
-24477.5518
-24488.7724
-24488.1465
-24474.4002
-24475.3390
-24479.9435
-24477.5742
-24480.5917
-24477.8424
-24481.9551
-24480.7705
-24487.0066
-24490.2476
-24489.3088
-24483.3856
-24487.9454
-24490.4711
-24497.4672
-24501.3341
-24497.6237
-24498.0260
-24506.7879
-24496.1708
-24497.6907
-24495.7238
-24501.9152
-24500.1271
-24498.3166
-24490.4711
-24493.8015
-24489.3088
-24503.9716
-24512.0182
-24497.8696
-24508.1737
-24504.8433
-24505.5138
-24504.9998
-24503.8822
-24507.8161
-24507.3690
-24502.3846
-24515.5274
-24516.2874
-24511.5041
-24509.9618
-24516.1980
-24516.6897
-24517.6955
-24516.1756
-24522.7247
-24526.9939
-24514.1193
-24524.2446
-24517.4497
-24518.2320
-24517.0921
-24524.1776
-24520.4001
-24521.8530
-24525.6528
-24531.3525
-24525.0493
-24535.0182
-24524.5128
-24529.1396
-24530.9948
-24525.2504
-24529.8325
-24529.8772
-24535.7781
-24530.4360
-24531.7771
-24538.7509
-24545.5905
-24536.6722
-24532.6489
-24531.6430
-24531.7101
-24531.7548
-24525.9433
-24530.7043
-24536.2251
-24527.2174
-24526.7257
-24528.2456
-24524.1105
-24527.0162
-24524.2446
-24523.7752
-24526.0327
-24522.3894
-24529.4973
-24528.6926
-24524.5799
-24528.8491
-24527.7762
-24524.9822
-24529.4302
-24523.8870
-24530.7266
-24524.5352
-24513.6275
-24512.1523
-24511.9288
-24507.0114
-24516.1533
-24519.9978
-24522.3000
-24517.1368
-24505.4915
-24506.3632
-24501.1329
-24512.2417
-24515.2369
-24522.6129
-24512.5323
-24511.7276
-24513.1358
-24508.0619
-24506.9220
-24500.2612
-24498.6966
-24496.6626
-24499.9259
-24501.4458
-24498.8083
-24502.9434
-24503.8151
-24502.1834
-24499.9706
-24501.2894
-24504.1280
-24503.5022
-24510.4089
-24513.6052
-24502.9881
-24506.9220
-24510.7665
-24504.8880
-24508.4419
-24506.6538
-24501.4011
-24501.1329
-24500.6635
-24497.2661
-24508.0172
-24508.2408
-24506.2291
-24509.1795
-24501.3117
-24497.2661
-24503.3904
-24502.8316
-24504.0163
-24498.8754
-24501.8258
-24499.0318
-24498.4954
-24496.5955
-24497.0202
-24506.3632
-24500.4176
-24501.6917
-24494.2486
-24494.8521
-24500.5071
-24505.6703
-24499.3224
-24510.8112
-24499.9483
-24506.0950
-24500.3059
-24505.5586
-24507.6149
-24503.9492
-24516.1309
-24498.0707
-24504.0386
-24505.5809
-24507.7267
-24503.0552
-24506.3409
-24495.6567
-24500.4176
-24501.3117
-24500.3059
-24500.4847
-24499.2554
-24505.8491
-24509.2913
-24503.8375
-24504.6645
-24508.6431
-24515.4157
-24507.7267
-24515.3933
-24513.4264
-24519.9978
-24513.5381
-24517.9638
-24512.2864
-24509.5595
-24504.4186
-24508.4643
-24511.1241
-24510.6995
-24518.0532
-24509.6936
-24511.0794
-24511.7723
-24517.2038
-24519.6178
-24512.9346
-24514.7675
-24519.6402
-24515.8404
-24524.1105
-24513.5605
-24524.3564
-24528.7597
-24526.7033
-24521.5177
-24520.0648
-24524.4681
-24519.3272
-24522.1435
-24522.5459
-24523.2164
-24523.3505
-24525.4740
-24530.2796
-24530.8831
-24519.0143
-24527.7315
-24528.5585
-24534.3029
-24530.5478
-24533.7441
-24536.6498
-24545.9705
-24538.7956
-24539.0191
-24539.9579
-24542.2154
-24532.7383
-24532.0230
-24526.3233
-24536.5828
-24533.5876
-24541.1202
-24542.6401
-24545.9034
-24546.3281
-24548.6751
-24537.1863
-24543.3330
-24544.4059
-24545.6352
-24551.3126
-24549.8821
-24546.9763
-24545.8811
-24544.4729
-24538.8179
-24547.7363
-24545.5458
-24539.2203
-24540.6284
-24543.5342
-24551.7596
-24546.1493
-24546.3281
-24547.6916
-24546.8199
-24546.5069
-24551.9384
-24545.2329
-24550.8432
-24542.1931
-24547.7810
-24552.2737
-24551.8937
-24550.0385
-24554.5089
-24547.5575
-24542.1707
-24541.4331
-24539.4438
-24541.2319
-24539.3767
-24539.9802
-24543.6012
-24544.2047
-24539.5779
-24529.0279
-24527.1503
-24531.3748
-24530.7266
-24528.7150
-24524.5352
-24520.4895
-24522.1212
-24524.7587
-24516.4215
-24518.3437
-24516.0862
-24516.0192
-24507.0785
-24505.7597
-24503.6587
-24505.5138
-24496.2826
-24496.2155
-24499.7471
-24496.7520
-24486.6490
-24482.9609
-24476.7695
-24481.1728
-24473.1485
-24472.8579
-24475.2943
-24473.6626
-24460.0504
-24461.7938
-24459.4022
-24452.6967
-24446.2370
-24442.5043
-24443.1525
-24442.2584
-24439.3080
-24440.5820
-24430.7920
-24428.3556
-24423.2371
-24422.0971
-24423.2371
-24417.1127
-24417.8280
-24408.0155
-24407.2556
-24405.1545
-24399.3654
-24398.7396
-24395.6550
-24392.0340
-24388.0107
-24382.6240
-24381.7969
-24371.1352
-24367.9389
-24370.7105
-24367.8047
-24363.0215
-24357.2100
-24362.3509
-24362.0604
-24362.7980
-24350.0575
-24347.8446
-24341.2285
-24350.4374
-24347.2411
-24344.8495
-24337.3170
-24334.3218
-24327.9292
-24325.1129
-24321.1790
-24325.1353
-24325.5376
-24321.0896
-24317.9157
-24317.7815
-24313.1324
-24313.7135
-24312.5065
-24308.6173
-24309.4890
-24309.7796
-24299.4531
-24300.3025
-24303.2082
-24300.2801
-24291.8088
-24285.1927
-24284.3880
-24286.8914
-24292.4123
-24284.9245
-24279.3365
-24282.4881
-24284.0751
-24288.1878
-24288.0537
-24285.4833
-24288.1208
-24281.3482
-24281.3929
-24283.5387
-24279.9177
-24278.4648
-24278.4648
-24273.2345
-24272.9663
-24275.2238
-24279.1577
-24275.1568
-24275.6262
-24282.3540
-24280.4988
-24278.7107
-24281.4376
-24283.2928
-24278.8672
-24282.0858
-24269.1441
-24280.2083
-24272.9663
-24278.4872
-24270.8205
-24275.6709
-24267.4678
-24276.5873
-24276.4532
-24271.8934
-24274.6650
-24279.1130
-24275.8497
-24280.2083
-24279.0236
-24282.9799
-24285.3492
-24287.5396
-24296.5921
-24295.4074
-24300.9730
-24292.5688
-24301.2860
-24298.8273
-24294.5134
-24290.6242
-24297.7544
-24301.9342
-24299.7437
-24300.3248
-24303.1859
-24306.0469
-24308.3491
-24314.2053
-24306.2033
-24306.1363
-24311.7019
-24318.3850
-24319.0332
-24316.8428
-24320.3296
-24320.6202
-24322.1178
-24322.1848
-24324.2412
-24325.3811
-24327.8398
-24327.5046
-24322.5201
-24328.1975
-24328.6445
-24330.3879
-24333.8525
-24336.9146
-24335.5959
-24340.1556
-24344.3578
-24348.7387
-24354.7737
-24355.0419
-24361.8368
-24360.2499
-24365.4131
-24355.4889
-24358.0370
-24360.6745
-24361.3898
-24364.3849
-24366.0390
-24369.5035
-24370.3305
-24370.6658
-24378.6900
-24381.1040
-24387.5413
-24390.4918
-24392.0787
-24397.2867
-24396.7056
-24401.4441
-24406.8980
-24412.3965
-24405.0875
-24413.3353
-24416.6657
-24423.4606
-24428.1992
-24417.1798
-24434.5694
-24439.5986
-24432.3566
-24431.7531
-24425.9416
-24430.2555
-24432.0213
-24431.0602
-24434.1671
-24441.2079
-24438.3916
-24451.1321
-24457.3905
-24452.7414
-24462.1291
-24454.5742
-24458.3070
-24463.9843
-24465.6830
-24463.7161
-24467.5829
-24482.3798
-24475.0708
-24479.4070
-24482.2904
-24480.6364
-24481.3293
-24480.3905
-24487.1407
-24495.3885
-24494.7627
-24493.4439
-24501.5129
-24499.8142
-24501.9823
-24500.1047
-24514.0969
-24510.8783
-24511.9064
-24509.6489
-24519.9754
-24512.4876
-24521.1377
-24521.7859
-24530.0114
-24529.9443
-24530.5031
-24526.3233
-24535.9346
-24535.9793
-24536.9404
-24533.0512
-24538.2144
-24536.8063
-24536.0016
-24545.5682
-24539.3097
-24550.3067
-24552.0502
-24550.7985
-24548.8092
-24551.8043
-24555.0900
-24562.8014
-24560.7227
-24559.2698
-24557.3252
-24570.1104
-24559.2251
-24562.0638
-24561.4603
-24566.9364
-24572.9938
-24575.7654
-24575.2736
-24584.7731
-24589.6682
-24589.0870
-24581.5768
-24584.4155
-24588.5282
-24590.5399
-24592.5068
-24591.3445
-24596.4407
-24591.5681
-24588.8188
-24584.0802
-24581.7333
-24593.0656
-24600.0170
-24593.2668
-24599.9723
-24603.6604
-24603.2580
-24601.3134
-24597.6477
-24602.7216
-24606.9684
-24604.3086
-24607.3037
-24598.4300
-24598.7430
-24604.5321
-24597.4913
-24612.3328
-24603.3921
-24606.9684
-24615.1045
-24610.8129
-24610.5447
-24613.4504
-24610.7012
-24612.4669
-24614.2998
-24622.9499
-24620.0889
-24622.7935
-24619.9324
-24627.4650
-24623.9557
-24625.2968
-24622.6817
-24621.9217
-24627.1297
-24621.2065
-24623.6428
-24623.3969
-24627.4203
-24635.8916
-24626.7721
-24629.8343
-24641.8595
-24641.7477
-24639.8255
-24634.6846
-24625.9450
-24635.5339
-24634.5952
-24629.3202
-24638.1491
-24633.4329
-24638.1715
-24643.5582
-24644.1394
-24644.3852
-24648.0062
-24643.2676
-24653.8400
-24657.5057
-24652.6330
-24648.3191
-24651.8060
-24650.3308
-24655.8517
-24651.2472
-24648.3862
-24659.0927
-24655.1364
-24651.1802
-24647.0674
-24653.5942
-24650.9790
-24652.4542
-24652.9683
-24652.3872
-24651.4037
-24659.7856
-24655.6058
-24664.0995
-24657.7963
-24662.2666
-24664.2336
-24661.3726
-24660.6797
-24670.2686
-24661.6408
-24652.1636
-24655.8517
-24654.6447
-24659.6738
-24652.8789
-24649.5261
-24650.1743
-24651.6272
-24656.0752
-24658.2880
-24659.7632
-24659.3162
-24660.5232
-24662.2890
-24666.3123
-24664.0771
-24658.0198
-24660.4338
-24661.7525
-24662.4454
-24665.2841
-24660.6126
-24662.7360
-24672.8390
-24671.0732
-24674.7389
-24675.4542
-24672.3473
-24675.2083
-24676.1694
-24683.0091
-24680.2598
-24683.5455
-24675.2306
-24674.4036
-24677.6446
-24683.9925
-24680.9750
-24679.4775
-24677.4211
-24673.8225
-24683.9255
-24679.0528
-24676.6612
-24684.1713
-24684.5066
-24683.2549
-24680.5727
-24682.5844
-24687.3229
-24683.0985
-24687.8370
-24683.1432
-24685.1325
-24685.0431
-24688.7087
-24687.8594
-24695.6154
-24696.2636
-24692.6427
-24681.6679
-24691.5698
-24695.0119
-24696.2189
-24690.2510
-24697.3589
-24698.0965
-24700.9575
-24694.7437
-24699.1470
-24701.6281
-24698.9682
-24695.7495
-24698.4318
-24700.2646
-24702.3210
-24703.9079
-24699.9293
-24694.7884
-24699.9740
-24699.7952
-24707.0148
-24707.8642
-24702.4104
-24706.1208
-24705.8302
-24709.7641
-24711.7534
-24707.9536
-24705.5843
-24717.6543
-24713.6980
-24711.2393
-24703.7291
-24700.4881
-24703.9079
-24703.9079
-24701.9410
-24706.5454
-24704.7126
-24703.0586
-24701.3375
-24709.9206
-24705.4949
-24702.9915
-24704.4444
-24707.5960
-24702.2539
-24705.1820
-24711.4405
-24716.3802
-24709.1829
-24707.9759
-24713.4074
-24703.9526
-24715.7767
-24705.5173
-24711.4181
-24710.7923
-24702.9915
-24698.5659
-24705.0926
-24702.7456
-24697.7836
-24695.3696
-24696.5319
-24691.2792
-24688.7534
-24691.8380
-24688.9770
-24690.6533
-24687.4794
-24678.7846
-24678.8516
-24683.1208
-24684.8195
-24688.9099
-24685.7360
-24685.6242
-24689.3346
-24689.0217
-24682.4503
-24685.8030
-24682.4950
-24677.5999
-24677.2199
-24682.5397
-24673.0625
-24677.2423
-24673.7778
-24675.9906
-24679.0975
-24674.3589
-24678.5611
-24677.5776
-24672.4814
-24672.0567
-24666.9605
-24670.3133
-24670.1568
-24672.5484
-24672.7049
-24665.3959
-24661.5961
-24661.6631
-24659.3162
-24657.0140
-24662.1102
-24656.5893
-24661.4173
-24652.8342
-24655.3599
-24652.6554
-24652.7001
-24659.7409
-24656.4775
-24644.7876
-24649.8614
-24632.6729
-24637.1880
-24627.8896
-24632.4718
-24630.6836
-24628.3367
-24630.7283
-24624.4922
-24638.3503
-24636.6739
-24630.9295
-24628.4708
-24639.7808
-24632.8964
-24631.8906
-24626.7497
-24627.3532
-24617.1608
-24625.7886
-24620.2677
-24622.1900
-24619.3960
-24626.0121
-24626.7274
-24620.8488
-24625.0957
-24626.7944
-24625.4757
-24623.9334
-24626.6156
-24625.1404
-24627.7108
-24627.5544
-24624.0004
-24628.4261
-24632.3600
-24624.0004
-24627.1297
-24620.3348
-24625.2074
-24624.4028
-24625.9674
-24620.8041
-24634.8634
-24627.3532
-24627.0403
-24623.5311
-24630.7283
-24631.0189
-24629.2978
-24626.2356
-24626.2580
-24632.0694
-24632.4718
-24628.2920
-24627.1744
-24626.3027
-24628.8508
-24627.0179
-24628.1579
-24626.4144
-24626.4144
-24623.5534
-24620.2677
-24623.6205
-24631.5106
-24641.9489
-24635.9139
-24632.9188
-24638.0150
-24639.7137
-24638.5067
-24635.2434
-24628.3143
-24632.9635
-24631.0189
-24642.4630
-24642.7983
-24645.9275
-24635.1540
-24634.7740
-24634.8634
-24638.5514
-24641.7924
-24646.8216
-24657.5504
-24651.1802
-24646.2404
-24644.3629
-24638.6855
-24647.0898
-24648.0286
-24640.4513
-24644.7205
-24637.5903
-24647.0451
-24637.4338
-24635.3328
-24631.0636
-24633.3435
-24633.6788
-24635.0869
-24633.8129
-24640.3619
-24635.3551
-24630.1695
-24626.9062
-24631.2871
-24636.7633
-24630.4601
-24624.7828
-24629.2755
-24631.3765
-24625.6992
-24634.3940
-24623.9334
-24624.5369
-24617.9878
-24621.0277
-24615.7750
-24622.5699
-24616.1550
-24620.2677
-24610.9247
-24608.8460
-24608.9130
-24609.7400
-24606.6108
-24606.5661
-24603.0569
-24605.1579
-24604.7332
-24606.8790
-24605.8508
-24599.8606
-24597.1113
-24592.9539
-24604.1297
-24599.9500
-24598.3853
-24592.9762
-24590.8975
-24584.7284
-24596.7760
-24591.8363
-24585.8237
-24582.3815
-24585.1978
-24584.5049
-24584.5049
-24584.3932
-24583.6555
-24583.6108
-24574.1114
-24578.5146
-24574.2902
-24580.8839
-24586.1813
-24581.0404
-24581.2192
-24573.6196
-24572.5914
-24577.8217
-24578.6711
-24573.7984
-24569.1716
-24569.7304
-24565.7294
-24569.5739
-24567.1823
-24567.6070
-24565.4612
-24567.8752
-24572.1667
-24574.3349
-24569.0375
-24571.5185
-24572.1220
-24568.0987
-24569.8422
-24570.8703
-24568.2552
-24567.9199
-24573.6420
-24569.7975
-24573.3290
-24573.1055
-24572.1444
-24573.0385
-24577.8217
-24576.7936
-24578.2017
-24584.7731
-24581.9345
-24582.2921
-24581.0627
-24576.3689
-24580.8392
-24581.5992
-24580.1463
-24588.9753
-24587.8353
-24580.1016
-24582.1133
-24579.5428
-24582.1580
-24587.9247
-24583.5885
-24585.1084
-24582.6721
-24582.0462
-24580.3028
-24581.5321
-24588.3494
-24587.5895
-24583.8791
-24591.9927
-24587.7459
-24594.7197
-24590.3834
-24597.1784
-24597.0442
-24597.8266
-24594.9879
-24601.3805
-24602.3640
-24611.3717
-24606.1414
-24609.5389
-24610.8800
-24606.1638
-24609.0918
-24614.0539
-24615.7527
-24611.0588
-24611.5952
-24613.6739
-24615.8421
-24624.3357
-24620.4018
-24618.3678
-24619.7089
-24619.8877
-24621.8770
-24620.8712
-24625.6098
-24618.5243
-24623.2628
-24626.1909
-24634.3717
-24627.2862
-24634.5058
-24631.2648
-24639.6914
-24642.7983
-24643.0218
-24641.2336
-24640.0713
-24642.7759
-24639.1996
-24641.4795
-24632.7400
-24649.3697
-24649.0120
-24652.6777
-24646.6651
-24652.7224
-24645.0781
-24654.4882
-24668.9051
-24665.5970
-24658.9586
-24671.0285
-24669.2180
-24669.0169
-24677.6670
-24677.6223
-24668.6592
-24676.5047
-24681.0421
-24683.3890
-24678.8963
-24673.8225
-24673.8225
-24679.2316
-24686.3842
-24688.3511
-24692.1286
-24690.6310
-24693.8496
-24686.8983
-24690.7875
-24697.8059
-24702.1421
-24702.0080
-24704.7349
-24695.2802
-24706.4784
-24710.9487
-24711.8428
-24713.2957
-24718.8612
-24698.2082
-24703.6844
-24705.7631
-24711.9769
-24718.4813
-24718.5483
-24716.7602
-24708.2218
-24712.1781
-24710.5688
-24715.1062
-24719.1071
-24725.5668
-24719.6659
-24727.2879
-24724.6951
-24716.5814
-24720.8953
-24721.7446
-24721.8787
-24732.9652
-24739.9836
-24737.5920
-24735.8933
-24732.8087
-24728.4725
-24728.4501
-24734.7980
-24733.8369
-24734.3287
-24739.5590
-24738.0837
-24749.8184
-24743.1352
-24744.6328
-24747.2703
-24743.4035
-24740.7660
-24734.7310
-24739.0225
-24737.1450
-24737.6814
-24740.5648
-24744.7222
-24750.2431
-24742.1518
-24742.1741
-24748.4326
-24743.0235
-24746.9127
-24743.4705
-24740.9448
-24743.4705
-24751.5395
-24750.2207
-24748.6338
-24749.8184
-24753.4841
-24752.0089
-24759.6755
-24766.4705
-24762.2683
-24770.4491
-24763.3189
-24763.1624
-24755.2052
-24757.1051
-24755.6075
-24756.9933
-24760.7708
-24756.5463
-24760.1002
-24766.3811
-24758.1109
-24764.2576
-24766.4481
-24776.1488
-24773.2430
-24769.0186
-24771.5667
-24772.2596
-24774.2936
-24776.1264
-24770.7396
-24773.1089
-24774.7406
-24762.6483
-24773.6230
-24765.3529
-24761.8884
-24764.4365
-24770.3597
-24767.2975
-24769.6891
-24773.9807
-24774.6289
-24774.8971
-24771.9913
-24773.3101
-24776.3276
-24773.3995
-24772.7066
-24771.5667
-24768.7056
-24768.2363
-24771.5890
-24770.3597
-24768.8845
-24771.4549
-24766.7834
-24770.2256
-24762.4472
-24771.2537
-24773.7795
-24776.9311
-24772.2372
-24773.1536
-24772.3490
-24777.4005
-24769.6668
-24777.5793
-24773.0866
-24785.6259
-24774.3830
-24778.9874
-24779.0992
-24776.2158
-24782.4073
-24772.4831
-24772.6842
-24765.0176
-24780.5297
-24769.2868
-24779.6580
-24776.1488
-24779.1439
-24775.9029
-24774.4500
-24776.5511
-24788.3305
-24779.4345
-24776.7299
-24784.6648
-24774.8524
-24777.3558
-24775.9476
-24783.7260
-24793.1584
-24796.2430
-24775.6570
-24778.2498
-24791.1021
-24789.3363
-24794.4772
-24795.9971
-24787.3023
-24790.2974
-24784.8436
-24796.1312
-24783.4131
-24788.0622
-24792.3091
-24787.5929
-24797.4947
-24795.8407
-24797.3606
-24799.3722
-24798.0535
-24795.3489
-24799.2158
-24793.7396
-24800.4898
-24795.9301
-24796.5112
-24798.9699
-24794.4101
-24803.7085
-24792.3761
-24787.3470
-24785.9612
-24787.7940
-24788.5763
-24781.8485
-24789.1351
-24792.7114
-24788.5763
-24786.5870
-24784.9777
-24782.0943
-24786.1624
-24783.9942
-24786.4976
-24784.3072
-24784.3519
-24786.5870
-24787.3023
-24776.0817
-24783.4801
-24783.7484
-24785.2906
-24780.5968
-24778.7416
-24776.4393
-24779.0321
-24778.2722
-24777.6687
-24771.7455
-24769.7785
-24767.6551
-24766.9399
-24763.2518
-24764.6153
-24761.7319
-24758.5579
-24757.8427
-24748.2091
-24755.8310
-24750.9360
-24759.6085
-24747.2033
-24743.0682
-24739.5590
-24737.3908
-24736.4744
-24737.8602
-24731.8700
-24734.3510
-24731.4453
-24726.9526
-24724.0469
-24725.1644
-24729.3442
-24720.6941
-24717.6990
-24719.4200
-24709.6970
-24706.0313
-24706.1878
-24704.0197
-24704.2656
-24699.7282
-24699.7729
-24700.5999
-24696.5766
-24694.3861
-24693.4026
-24682.5397
-24688.9099
-24676.9070
-24675.2753
-24668.4134
-24670.3133
-24666.0664
-24669.5757
-24659.3609
-24657.3045
-24658.1092
-24650.4202
-24650.4202
-24650.3532
-24657.5057
-24648.9450
-24650.9119
-24648.8109
-24641.6583
-24641.4125
-24640.0713
-24638.0820
-24636.6068
-24634.9752
-24630.6613
-24630.3483
-24629.8119
-24626.0792
-24626.4144
-24625.1627
-24627.5544
-24619.0384
-24615.7750
-24616.6467
-24616.1997
-24620.2230
-24620.2230
-24621.2288
-24615.9762
-24616.8479
-24621.2512
-24622.6146
-24615.5068
-24611.5729
-24607.5496
-24610.8353
-24608.0189
-24609.6953
-24604.4427
-24610.9470
-24601.3805
-24603.7721
-24598.0948
-24604.0403
-24601.6934
-24604.0850
-24600.9781
-24603.8392
-24600.4641
-24598.8771
-24599.2571
-24602.2298
-24601.8946
-24600.8887
-24600.4417
-24599.1006
-24597.8713
-24596.8431
-24600.3076
-24589.6011
-24596.0831
-24595.6584
-24600.0617
-24597.6030
-24602.3863
-24596.9772
-24596.4631
-24598.1842
-24600.8887
-24594.9655
-24605.5603
-24606.4096
-24601.1570
-24601.3358
-24605.0238
-24608.9130
-24613.3163
-24615.1045
-24613.5398
-24606.4320
-24606.0743
-24606.9014
-24609.4048
-24611.9529
-24607.3931
-24612.6681
-24613.7633
-24615.6409
-24615.9985
-24621.3182
-24608.4436
-24614.9256
-24613.9645
-24611.2152
-24615.2833
-24617.3396
-24621.2959
-24624.1122
-24616.9596
-24630.4601
-24633.0082
-24632.3823
-24630.5048
-24630.3260
-24636.8750
-24633.1423
-24627.6885
-24635.3328
-24636.0704
-24632.0694
-24640.7195
-24642.9100
-24646.2181
-24650.3084
-24656.7458
-24653.7953
-24654.1977
-24654.6670
-24661.7525
-24658.4668
-24662.9148
-24660.2103
-24669.8439
-24666.3794
-24667.7875
-24669.9333
-24673.9119
-24672.1685
-24679.7233
-24682.7408
-24684.0372
-24684.3725
-24679.4104
-24685.9818
-24683.6573
-24681.6679
-24685.1772
-24686.0712
-24688.6640
-24698.2753
-24690.9663
-24702.5668
-24700.0858
-24690.6981
-24686.8312
-24686.1159
-24685.5795
-24685.5571
-24693.9167
-24695.3919
-24695.8166
-24691.0333
-24690.6310
-24699.5046
-24704.7349
-24704.0867
-24705.6067
-24703.5950
-24704.7349
-24708.0207
-24716.6931
-24710.7252
-24717.6096
-24714.7932
-24724.8515
-24724.6727
-24727.3549
-24722.3705
-24729.8583
-24727.9137
-24734.0157
-24724.9409
-24734.5745
-24729.7018
-24737.7932
-24736.7650
-24741.7047
-24738.6202
-24744.1858
-24747.9409
-24748.9467
-24756.2557
-24754.6911
-24755.9204
-24758.4462
-24761.7542
-24761.3519
-24766.7834
-24765.3305
-24761.7319
-24760.5920
-24770.7396
-24770.4267
-24776.2382
-24774.3830
-24772.1255
-24780.3732
-24781.4461
-24779.8145
-24783.0108
-24785.5365
-24786.4082
-24791.6832
-24788.6210
-24785.7153
-24788.5093
-24789.5151
-24793.0467
-24794.1196
-24784.3966
-24780.3956
-24771.6337
-24758.2674
-24741.4142
-24740.7660
-24722.9516
-24714.7709
-24721.4988
-24728.3607
-24727.4443
-24737.7038
-24739.6037
-24750.3549
-24753.8641
-24759.9885
-24762.3130
-24767.6551
-24781.0662
-24783.0778
-24790.2527
-24790.1186
-24796.3994
-24797.5841
-24804.1108
-24803.8649
-24805.8095
-24810.1234
-24817.2089
-24820.4276
-24825.4120
-24821.5452
-24823.1992
-24817.4324
-24820.4946
-24823.5345
-24821.4781
-24825.3673
-24829.4577
-24827.1778
-24832.4752
-24835.6715
-24831.9387
-24835.7385
-24832.3411
-24833.4586
-24831.3799
-24842.2876
-24842.6005
-24839.4936
-24838.3984
-24842.0641
-24840.7900
-24844.9698
-24846.2885
-24843.3381
-24841.0806
-24846.6238
-24843.6957
-24844.6122
-24840.6783
-24839.2477
-24841.2147
-24837.1243
-24843.8746
-24837.4149
-24837.7725
-24840.2536
-24842.9134
-24844.5228
-24847.8755
-24847.5402
-24845.3498
-24842.3770
-24853.4411
-24848.8590
-24849.7754
-24852.6141
-24851.5859
-24855.4975
-24862.4265
-24862.1359
-24863.1194
-24857.6209
-24862.8959
-24860.1690
-24864.2593
-24863.5664
-24860.0125
-24867.9921
-24860.8619
-24859.6325
-24863.5888
-24872.4848
-24869.4002
-24865.1087
-24865.0864
-24867.7462
-24876.6646
-24881.1349
-24871.2331
-24866.6510
-24863.3206
-24869.1767
-24858.3585
-24863.5217
-24862.8065
-24868.4391
-24866.0698
-24867.5898
-24865.4887
-24866.8745
-24862.9629
-24870.9649
-24872.5518
-24871.4343
-24876.3740
-24868.1933
-24864.6840
-24861.4430
-24865.6675
-24865.6899
-24861.6442
-24859.2749
-24866.8298
-24863.7006
-24865.5781
-24860.4595
-24867.5898
-24863.4994
-24868.1933
-24863.5217
-24864.1923
-24855.7433
-24861.5771
-24859.8784
-24861.1748
-24848.6578
-24852.4353
-24853.4858
-24849.2613
-24852.0106
-24849.6190
-24846.5568
-24844.7463
-24841.8852
-24840.4100
-24845.2157
-24841.3712
-24844.6122
-24849.4848
-24846.6238
-24841.3935
-24846.0427
-24840.0077
-24836.4091
-24838.6442
-24838.8901
-24835.2021
-24831.8940
-24828.6977
-24828.4966
-24818.9747
-24826.7978
-24821.0981
-24818.3936
-24814.9514
-24812.8280
-24812.9174
-24813.1633
-24822.6180
-24817.7007
-24808.0671
-24805.4519
-24804.0884
-24796.8018
-24796.7347
-24803.8426
-24799.8640
-24788.0622
-24787.9952
-24790.8115
-24793.8737
-24791.5044
-24782.7649
-24786.2071
-24788.5093
-24780.9767
-24775.1429
-24774.7853
-24779.3674
-24782.0496
-24777.0205
-24769.8232
-24769.5550
-24764.3247
-24766.5822
-24767.6328
-24763.6094
-24764.1012
-24764.7717
-24761.1284
-24763.4530
-24756.5686
-24759.4073
-24752.0312
-24744.1858
-24736.8991
-24729.7689
-24729.1431
-24718.7718
-24722.2587
-24721.0517
-24723.3316
-24722.4375
-24730.0371
-24732.1829
-24731.2888
-24729.1431
-24725.8350
-24726.4832
-24719.1295
-24720.8729
-24719.1965
-24720.5600
-24719.7777
-24719.2636
-24715.2403
-24717.0284
-24715.6426
-24722.3258
-24718.1013
-24716.2014
-24716.1343
-24716.4026
-24719.4424
-24717.2072
-24712.5134
-24722.6834
-24720.4259
-24716.8719
-24724.6056
-24719.3083
-24720.5823
-24715.9555
-24717.1849
-24723.5775
-24723.5775
-24723.8680
-24724.3374
-24722.2140
-24723.1304
-24726.9973
-24725.8126
-24729.1431
-24722.8622
-24722.8175
-24729.9701
-24725.2762
-24730.0595
-24721.6776
-24725.4774
-24726.2597
-24730.4171
-24730.2830
-24731.8253
-24724.6280
-24725.2091
-24724.0245
-24724.8515
-24725.1197
-24732.2276
-24730.3947
-24731.9594
-24726.7738
-24728.5619
-24735.9156
-24733.4793
-24734.7533
-24731.7582
-24736.8768
-24737.6144
-24739.2684
-24737.7261
-24741.2800
-24740.5424
-24745.8398
-24744.6999
-24743.4258
-24745.7727
-24750.8689
-24744.2528
-24748.8126
-24755.5628
-24752.5453
-24746.8009
-24746.9574
-24746.1304
-24751.6066
-24755.9651
-24757.3510
-24751.6736
-24749.0808
-24754.5346
-24753.8417
-24761.1060
-24763.1848
-24767.6998
-24765.5987
-24774.1818
-24776.7970
-24777.2440
-24769.8679
-24772.1925
-24780.3956
-24779.6803
-24781.9379
-24779.7698
-24778.4957
-24784.9777
-24784.4413
-24786.1624
-24782.7872
-24785.1118
-24790.9680
-24794.0972
-24795.6618
-24796.4218
-24800.3557
-24807.3742
-24804.8261
-24804.1108
-24808.6929
-24810.1011
-24810.4810
-24809.0282
-24816.1360
-24812.6715
-24810.7493
-24813.3197
-24818.8406
-24823.1098
-24823.5345
-24816.4713
-24821.1652
-24823.8921
-24821.8804
-24829.3459
-24827.8037
-24825.2556
-24824.2721
-24826.6190
-24824.2721
-24828.2060
-24828.1166
-24830.3294
-24829.0106
-24830.1729
-24836.0514
-24841.8182
-24838.2643
-24842.6005
-24837.5267
-24841.0359
-24839.5160
-24843.4722
-24839.4713
-24847.1826
-24844.5228
-24848.3226
-24847.3614
-24851.4071
-24854.4022
-24843.3158
-24851.6530
-24852.5917
-24849.9319
-24850.4683
-24856.8609
-24852.5470
-24853.2623
-24860.3701
-24857.9785
-24852.4129
-24854.7599
-24855.4751
-24857.8220
-24854.7152
-24858.2020
-24855.0057
-24856.3692
-24857.5538
-24864.9075
-24862.1136
-24862.1359
-24861.3536
-24863.6335
-24861.5324
-24863.8794
-24861.3983
-24862.6277
-24863.8570
-24861.6218
-24860.3701
-24855.4751
-24861.8007
-24857.9785
-24862.6053
-24856.4139
-24858.5820
-24854.9834
-24860.7725
-24848.3896
-24851.2506
-24848.1437
-24853.0611
-24851.0718
-24851.5859
-24847.5179
-24844.7463
-24844.8804
-24844.6569
-24840.1642
-24842.4664
-24843.3381
-24836.2973
-24829.3459
-24827.5578
-24830.0388
-24827.0437
-24822.7969
-24818.1253
-24823.3333
-24819.4665
-24813.4091
-24811.1292
-24816.4937
-24811.4645
-24813.4538
-24806.3683
-24804.6472
-24801.4733
-24800.4451
-24799.9310
-24789.9845
-24789.3363
-24789.8057
-24784.1283
-24781.1779
-24778.6522
-24776.7299
-24779.5686
-24774.3606
-24780.1274
-24775.5676
-24775.9029
-24765.3305
-24755.5852
-24752.5230
-24759.8991
-24751.1148
-24750.0866
-24745.3704
-24747.0244
-24746.8456
-24747.7397
-24736.4744
-24744.2528
-24741.4812
-24737.4355
-24739.2237
-24742.2635
-24740.2295
-24738.3967
-24732.7417
-24728.5172
-24729.0536
-24730.5736
-24735.8039
-24727.1314
-24719.0401
-24709.6300
-24718.1683
-24723.6892
-24711.9546
-24709.4735
-24714.7932
-24703.8856
-24709.4288
-24709.5853
-24707.2607
-24708.1548
-24702.2539
-24700.5105
-24707.4842
-24703.1033
-24694.2743
-24679.6563
-24660.0091
-24645.5699
-24624.4698
-24609.2930
-24605.3367
-24602.7439
-24596.2172
-24604.7332
-24603.8615
-24613.3387
-24614.5457
-24624.4698
-24630.3707
-24630.4825
-24641.8595
-24646.5534
-24650.7331
-24655.4270
-24660.1209
-24658.3774
-24663.8089
-24668.5698
-24663.8089
-24674.1801
-24673.2190
-24680.4610
-24682.6514
-24686.9430
-24693.9614
-24692.6650
-24685.1772
-24690.3181
-24693.2461
-24690.8992
-24692.8215
-24690.9663
-24694.7214
-24698.2082
-24692.5756
-24697.2918
-24694.8555
-24700.2199
-24701.0022
-24702.9245
-24706.5231
-24703.0362
-24709.0935
-24704.1985
-24708.5794
-24709.3394
-24716.1343
-24713.8098
-24710.1664
-24715.3297
-24718.9283
-24715.7097
-24712.7816
-24715.9108
-24710.6582
-24718.6824
-24719.9565
-24717.8778
-24720.0235
-24725.2986
-24725.0527
-24728.2490
-24725.7232
-24733.9710
-24728.3384
-24731.1994
-24732.9876
-24726.0362
-24727.3102
-24732.7864
-24736.1168
-24738.2849
-24743.1352
-24743.5152
-24746.7562
-24745.2140
-24747.2927
-24748.1644
-24748.1420
-24752.1430
-24749.0808
-24749.1926
-24755.3616
-24751.7407
-24760.0108
-24757.8203
-24760.3908
-24760.3461
-24761.4860
-24759.4744
-24764.2129
-24766.6269
-24774.7183
-24769.9126
-24777.6240
-24781.5802
-24784.9777
-24783.7260
-24779.1439
-24783.6143
-24779.2557
-24789.8951
-24789.8951
-24792.2644
-24794.1866
-24796.1312
-24792.0409
-24801.6521
-24804.4461
-24803.8649
-24799.1264
-24807.3965
-24805.1837
-24810.3246
-24813.7668
-24814.7279
-24811.4869
-24822.0145
-24823.8921
-24821.0534
-24821.0534
-24819.5335
-24820.6064
-24820.2041
-24819.0418
-24821.3440
-24828.2060
-24835.9173
-24832.5199
-24831.2011
-24833.9504
-24837.7949
-24835.5374
-24840.0971
-24848.3002
-24846.7356
-24840.8124
-24842.6452
-24840.5665
-24847.0038
-24849.3060
-24850.7812
-24859.3196
-24856.5927
-24856.4809
-24853.3517
-24856.7268
-24864.7064
-24869.4226
-24871.0766
-24872.7307
-24873.1553
-24874.7200
-24878.0057
-24877.1787
-24871.4790
-24870.9202
-24868.9309
-24872.5742
-24878.6762
-24884.8453
-24879.1456
-24872.2613
-24875.1446
-24873.3789
-24883.3701
-24888.4886
-24891.0591
-24883.8395
-24883.3254
-24882.4760
-24890.8356
-24889.2262
-24890.4779
-24890.0756
-24883.3924
-24883.7277
-24884.3089
-24893.5848
-24889.8521
-24892.5567
-24899.2622
-24900.4915
-24896.4906
-24902.0338
-24899.9774
-24902.5479
-24904.1796
-24903.0843
-24900.6703
-24900.8268
-24893.2496
-24892.4449
-24892.7355
-24887.7287
-24889.2709
-24891.4614
-24888.4216
-24886.2311
-24883.7724
-24887.6393
-24883.7277
-24891.1261
-24875.8375
-24879.3021
-24880.1738
-24876.7316
-24884.5547
-24879.6373
-24879.1903
-24876.9328
-24879.1009
-24873.6918
-24873.0659
-24878.6986
-24877.6257
-24873.4459
-24871.5460
-24872.8871
-24875.9270
-24874.0047
-24872.0154
-24869.3555
-24869.9143
-24868.9085
-24857.9562
-24859.5878
-24860.8172
-24857.6432
-24855.5869
-24857.6209
-24861.1748
-24859.3867
-24856.4139
-24855.0281
-24854.7375
-24853.9328
-24854.4469
-24864.8852
-24861.8007
-24846.1768
-24845.4168
-24848.3673
-24846.9814
-24845.3274
-24842.1088
-24839.4489
-24832.8551
-24838.9795
-24843.0922
-24840.0524
-24838.4207
-24841.2147
-24842.7793
-24839.5383
-24847.7638
-24843.1817
-24842.3099
-24838.6890
-24844.8580
-24842.2429
-24842.1088
-24835.6268
-24836.9008
-24834.0845
-24843.5616
-24831.7152
-24828.9659
-24830.2176
-24830.5082
-24829.1224
-24830.5082
-24830.4859
-24828.4071
-24828.4295
-24832.6987
-24833.8386
-24829.9494
-24830.8435
-24830.6647
-24830.0165
-24823.5121
-24824.1827
-24823.4898
-19158.0378
-38217.2362
-38219.6055
-38226.3781
-38223.4276
-38215.5151
-38213.2352
-38227.6745
-38222.1312
-38232.1895
-38208.6308
-38217.8844
-38215.8951
-38215.1128
-38211.3577
-38215.6045
-38204.8086
-38204.6745
-38215.1575
-38220.6113
-38219.0914
-38221.7512
-38208.5190
-38223.3606
-38213.0117
-38212.8105
-38213.6376
-38212.6988
-38218.5102
-38224.1429
-38219.1137
-38223.8076
-38223.9864
-38215.5598
-38222.7347
-38224.2993
-38221.4830
-38219.7619
-38215.7163
-38216.5209
-38219.0914
-38213.1011
-38213.2799
-38216.3645
-38209.2566
-38200.3830
-38218.5102
-38218.7338
-38205.3898
-38212.0059
-38211.3353
-38200.6959
-38209.3907
-38206.2168
-38204.7192
-38212.9894
-38210.9777
-38196.6279
-38206.1274
-38206.8203
-38199.0419
-38196.1808
-38199.8912
-38202.7970
-38209.5248
-38207.4238
-38202.5734
-38209.8825
-38199.5783
-38195.1080
-38200.6288
-38202.1711
-38197.4102
-38191.0176
-38187.8660
-38196.0467
-38192.0234
-38187.8883
-38177.8524
-38181.0487
-38183.7980
-38186.7484
-38188.2683
-38182.1439
-38180.8475
-38171.2586
-38172.7786
-38182.8592
-38184.6697
-38184.7815
-38187.1507
-38177.1372
-38187.8213
-38180.9370
-38179.4170
-38186.2343
-38182.5463
-38169.6270
-38173.1362
-38177.1148
-38165.5813
-38161.4239
-38171.5716
-38166.7212
-38167.6153
-38177.1148
-38177.0254
-38177.0254
-38168.0623
-38172.8680
-38173.5162
-38174.5891
-38176.8019
-38179.0371
-38172.1080
-38173.0915
-38182.4122
-38188.6483
-38174.7679
-38176.3548
-38169.7611
-38178.6794
-38171.7057
-38177.2266
-38168.1741
-38167.0789
-38168.0847
-38167.2577
-38168.9564
-38172.8680
-38172.6221
-38162.1838
-38168.7105
-38168.0623
-38166.7436
-38168.7329
-38169.8281
-38167.2353
-38168.8670
-38169.0682
-38167.8388
-38166.7659
-38168.4423
-38163.5249
-38168.8894
-38165.2907
-38163.7038
-38165.1343
-38158.6746
-38046.2677
-38171.0798
-38202.9758
-38188.9612
-38168.8000
-38169.5152
-38172.6221
-38160.9321
-38161.0215
-38160.3063
-38173.4044
-38173.2480
-38164.6202
-38160.7757
-38165.2237
-38167.4812
-38156.8194
-38157.6911
-38160.4628
-38157.4676
-38162.6309
-38159.0099
-38160.2169
-38159.3228
-38158.2276
-38147.0517
-38165.3578
-38167.7941
-38164.6872
-38160.3957
-38158.3617
-38170.7222
-38181.0264
-38168.4870
-38171.0128
-38175.0584
-38170.2081
-38169.0458
-38174.6114
-38177.9642
-38172.6221
-38173.1138
-38165.8272
-38172.0410
-38170.9904
-38168.2859
-38173.4715
-38177.0030
-38170.8563
-38169.3811
-38180.3558
-38179.6406
-38180.8699
-38177.1819
-38173.6726
-38178.0983
-38177.7630
-38180.8252
-38180.5346
-38178.0312
-38186.2343
-38182.5016
-38195.0856
-38192.5599
-38184.3121
-38168.2412
-38172.3539
-38171.2363
-38171.2139
-38175.5502
-38176.3996
-38181.5405
-38171.3257
-38171.7504
-38170.1634
-38176.9136
-38183.9321
-38173.1362
-38177.1148
-38177.9195
-38175.4161
-38178.7018
-38190.3023
-38190.6823
-38184.5356
-38185.6979
-38181.4510
-38180.4899
-38184.9826
-38118.4862
-37982.0735
-37975.3233
-38009.0073
-38060.6399
-38096.7603
-38130.9585
-38143.4084
-38154.4725
-38164.8213
-38174.8796
-38174.4997
-38183.5968
-38190.2129
-38188.6036
-38185.9661
-38179.9982
-38194.6162
-38195.1303
-38192.5375
-38192.3810
-38192.3587
-38193.1634
-38189.6318
-38183.4403
-38190.8611
-38195.5103
-38195.8679
-38196.7620
-38194.3256
-38192.2916
-38196.6502
-38187.1954
-38192.1575
-38195.4879
-38198.2149
-38198.6172
-38202.0817
-38204.1828
-38200.3383
-38204.1604
-38206.8650
-38214.2858
-38207.3344
-38209.1002
-38208.8096
-38205.3898
-38196.0020
-38204.2051
-38214.1740
-38214.6657
-38207.8485
-38204.8757
-38200.4277
-38213.9058
-38204.1381
-38211.5365
-38211.5812
-38209.5025
-38295.4896
-38553.9652
-38491.6262
-38377.9005
-38302.3293
-38254.7648
-38229.0826
-38214.5987
-38211.0001
-38209.3237
-38203.6463
-38210.4860
-38204.1381
-38197.4772
-38208.9660
-38214.4422
-38217.4150
-38212.8329
-38216.9456
-38220.6560
-38222.7571
-38222.9806
-38223.6288
-38220.9689
-38217.6385
-38218.7561
-38226.2663
-38219.0467
-38220.0972
-38216.5433
-38211.3800
-38216.2751
-38230.4684
-38226.7133
-38212.9447
-38212.9223
-38206.2838
-38204.8086
-38205.7697
-38207.0438
-38221.4383
-38220.9466
-38213.1682
-38208.9213
-38213.8164
-38208.0496
-38204.4063
-38209.9048
-38203.9369
-38202.7970
-38208.1614
-38206.9320
-38202.0146
-38203.0652
-38190.7717
-38204.8533
-38208.0720
-38210.9106
-38200.5171
-38206.6415
-38199.8912
-38197.5890
-38204.0263
-38204.7863
-38206.9991
-38205.5909
-38200.9418
-38201.2100
-38208.3849
-38199.6454
-38211.4471
-38207.0214
-38209.3237
-38206.1274
-38208.4520
-38201.2323
-38200.7406
-38203.2216
-38203.8698
-38203.8475
-38202.7970
-38200.3606
-38204.8980
-38195.2868
-38195.6444
-38197.7678
-38204.9651
-38200.2265
-38201.3664
-38201.1206
-38195.5997
-38203.7581
-38203.3781
-38205.7921
-38205.7474
-38214.5987
-38213.5034
-38212.9894
-38206.8426
-38209.9272
-38204.5404
-38200.0030
-38200.7182
-38203.3558
-38209.0778
-38212.5423
-38211.0671
-38210.8436
-38199.7795
-38208.4967
-38213.0788
-38210.1730
-38216.4762
-38210.4860
-38208.5861
-38204.8086
-38195.0186
-38207.0214
-38208.2508
-38206.4403
-38204.1381
-38207.4908
-38211.2683
-38206.3509
-38202.4840
-38204.5627
-38203.0875
-38200.2712
-38208.1390
-38206.1944
-38207.1332
-38192.0458
-38192.6046
-38205.6133
-38208.8766
-38215.0904
-38210.9553
-38206.7532
-38206.0827
-38209.3907
-38201.0982
-38213.8834
-38213.3246
-38214.2411
-38208.6531
-38210.1507
-38209.6366
-38199.8018
-38199.6454
-38212.8329
-38211.0001
-38208.8543
-38208.3178
-38212.3412
-38212.5200
-38214.3975
-38201.3664
-38204.9427
-38211.9388
-38205.4121
-38203.5346
-38195.3762
-38197.6561
-38204.7192
-38200.0700
-38193.1187
-38202.5734
-38200.4724
-38202.8640
-38201.6570
-38206.3732
-38204.0263
-38200.9865
-38193.3422
-38204.6969
-38206.5297
-38209.0331
-38204.2945
-38208.8319
-38203.9816
-38213.9505
-38201.0535
-38211.2236
-38208.5637
-38218.6891
-38205.4121
-38201.5676
-38201.1653
-38204.9651
-38208.5190
-38201.8358
-38204.7192
-38200.8747
-38212.0059
-38210.2401
-38209.2790
-38211.8271
-38212.0729
-38202.7299
-38207.5355
-38206.2838
-38206.0827
-38203.6687
-38204.4510
-38200.9418
-38202.7746
-38200.0253
-38189.1177
-38201.9029
-38204.3169
-38204.1828
-38199.1536
-38195.8456
-38197.4549
-38194.1468
-38193.5433
-38201.1429
-38201.0759
-38208.9437
-38209.2790
-38205.5909
-38200.9418
-38202.5511
-38203.0875
-38207.8261
-38202.9534
-38201.1876
-38204.2051
-38200.8747
-38204.6522
-38206.8426
-38201.2323
-38196.8514
-38209.1002
-38228.4121
-38253.8483
-38298.3730
-38375.1066
-38461.0267
-38530.8535
-38568.2256
-38599.9651
-38620.3946
-38622.7862
-38618.6288
-38609.9563
-38604.0778
-38603.0049
-38597.4170
-38611.2527
-38615.0749
-38622.2498
-38610.6269
-38623.8368
-38618.2488
-38625.8261
-38624.0603
-38628.6424
-38622.8086
-38633.5821
-38630.6541
-38632.0846
-38623.5462
-38610.5151
-38618.1594
-38619.9476
-38621.2663
-38611.8115
-38609.6211
-38600.0098
-38592.9243
-38587.7611
-38591.9408
-38587.1129
-38587.7611
-38575.9146
-38571.6902
-38576.2499
-38578.9321
-38570.6396
-38466.5028
-38361.1814
-38389.3893
-38431.1200
-38473.0743
-38491.6709
-38507.6524
-38514.9391
-38519.5212
-38539.9060
-38546.5444
-38775.2922
-38852.1822
-38745.1844
-38659.7337
-38602.7367
-38561.7660
-38560.5366
-38543.2140
-38545.1586
-38542.4317
-38545.8068
-38532.2170
-38536.9555
-38520.4376
-38519.7223
-38510.9605
-38515.3638
-38512.3686
-38513.0839
-38511.3851
-38509.3511
-38504.5902
-38496.7671
-38502.7797
-38502.8468
-38490.4416
-38500.2987
-38500.9916
-38496.6330
-38492.0285
-38493.8614
-38502.7574
-38495.2472
-38500.3881
-38489.9722
-38489.0334
-38486.9994
-38487.1111
-38483.6690
-38488.2064
-38493.1908
-38492.7214
-38484.0490
-38480.6962
-38485.6359
-38483.4678
-38484.7195
-38486.4182
-38488.2287
-38487.2453
-38485.0324
-38484.3842
-38479.8468
-38471.5767
-38481.2326
-38480.8527
-38481.3220
-38478.7739
-38476.6282
-38468.7157
-38468.7157
-38456.3328
-38467.8439
-38467.8663
-38469.9227
-38461.6078
-38462.0325
-38461.8760
-38462.0995
-38457.2716
-38462.0995
-38455.1482
-38457.2045
-38462.2784
-38461.9654
-38457.6739
-38453.6059
-38452.6448
-38456.7351
-38455.6622
-38458.3668
-38461.2502
-38460.8255
-38460.7808
-38448.8450
-38461.8537
-38464.3571
-38463.4854
-38465.2735
-38467.0840
-38460.5573
-38467.2181
-38457.0704
-38466.7711
-38461.8984
-38464.8712
-38462.9936
-38461.1161
-38457.2045
-38462.1890
-38463.0607
-38465.1170
-38465.4747
-38457.3610
-38467.7322
-38469.5874
-38473.9236
-38461.2502
-38465.5194
-38468.7827
-38471.3308
-38464.4018
-38468.2463
-38466.3464
-38467.0169
-38460.4232
-38456.4893
-38459.1491
-38459.2832
-38460.6020
-38459.5962
-38457.8080
-38460.4455
-38460.2891
-38452.9130
-38454.1423
-38453.8294
-38450.0073
-38451.7060
-38455.7740
-38459.3726
-38461.6525
-38447.1909
-38464.5806
-38463.3065
-38459.5067
-38461.0043
-38455.1705
-38447.8615
-38454.2764
-38443.5700
-38450.1861
-38450.1190
-38448.6214
-38439.6584
-38443.5029
-38447.5933
-38444.5758
-38445.0452
-38447.3921
-38451.9295
-38450.4319
-38449.5602
-38452.4883
-38448.7109
-38445.2463
-38449.3143
-38446.2969
-38449.0238
-38438.9655
-38433.9587
-38445.2240
-38450.0296
-38438.1608
-38446.3416
-38438.3396
-38445.3804
-38449.0238
-38450.5884
-38441.5806
-38439.0773
-38439.0996
-38449.4485
-38444.6428
-38448.1521
-38452.2424
-38455.4611
-38447.4592
-38451.4378
-38459.6856
-38457.6739
-38454.2094
-38446.2969
-38455.9528
-38460.8702
-38456.7128
-38458.3445
-38461.3843
-38447.0568
-38456.9139
-38458.1209
-38463.7759
-38451.2590
-38453.0471
-38450.9460
-38452.5777
-38451.2366
-38449.9402
-38444.3523
-38441.1336
-38437.6914
-38458.4786
-38457.3386
-38449.4038
-38451.1472
-38445.0228
-38447.8168
-38449.3367
-38449.5602
-38449.2920
-38453.0694
-38444.7993
-38441.3795
-38435.9257
-38442.7429
-38430.4271
-38433.6011
-38435.3222
-38428.4378
-38426.8732
-38432.2600
-38428.9296
-38425.5097
-38421.3523
-38417.0831
-38416.7479
-38420.9947
-38426.7614
-38426.2473
-38417.0161
-38424.2133
-38421.9782
-38415.8091
-38421.3300
-38414.2892
-38408.8130
-38402.6216
-38405.5273
-38394.2620
-38399.9393
-38394.3514
-38392.8762
-38396.6536
-38395.7596
-38384.2708
-38393.2562
-38386.0813
-38383.2426
-38383.6896
-38383.0638
-38375.1736
-38388.4058
-38388.9646
-38377.6100
-38370.3009
-38374.0337
-38377.5876
-38373.9666
-38369.2280
-38367.5740
-38366.0765
-38364.5789
-38372.5138
-38364.8024
-38354.4088
-38361.8743
-38361.6061
-38362.2990
-38361.5838
-38350.0503
-38352.5760
-38343.5906
-38343.3000
-38343.4341
-38338.8520
-38327.1621
-38337.1309
-38338.6285
-38338.8297
-38337.1756
-38329.8666
-38321.3506
-38323.6975
-38335.4769
-38328.7267
-38321.6859
-38317.3273
-38320.9930
-38318.5343
-38325.3739
-38314.5557
-38318.1767
-38320.1883
-38321.2165
-38328.5255
-38328.4585
-38315.8744
-38314.6227
-38305.3691
-38300.3623
-38304.8103
-38303.4022
-38300.0270
-38293.3662
-38298.8871
-38294.6850
-38296.7190
-38302.1728
-38302.3516
-38295.2661
-38292.2933
-38295.4002
-38300.1165
-38300.8541
-38304.1174
-38289.9911
-38299.1553
-38299.5800
-38298.7530
-38291.9804
-38284.7608
-38282.9503
-38294.5509
-38292.2263
-38292.1369
-38295.6685
-38285.9902
-38284.5373
-38290.6617
-38292.4722
-38291.6898
-38296.5849
-38295.0426
-38302.6869
-38294.0815
-38295.7579
-38297.8589
-38304.4527
-38301.7034
-38305.0562
-38301.8822
-38289.8347
-38287.5101
-38299.6918
-38295.2438
-38294.1932
-38286.1466
-38286.8172
-38280.5810
-38292.8521
-38296.4508
-38290.3934
-38293.8356
-38295.0426
-38294.8861
-38297.7248
-38289.7899
-38301.9493
-38310.1747
-38309.9512
-38308.7219
-38303.2457
-38311.6053
-38300.7423
-38309.9289
-38308.1184
-38306.5538
-38294.2156
-38310.6665
-38307.5149
-38310.9123
-38314.3769
-38317.7296
-38244.1700
-38315.3827
-38346.0940
-38332.7053
-38327.3185
-38317.5061
-38319.4060
-38323.0493
-38318.8025
-38318.1767
-38328.9502
-38321.1494
-38327.0056
-38326.9385
-38327.4303
-38330.1572
-38330.6266
-38327.8550
-38330.4925
-38328.0338
-38324.4575
-38333.8899
-38337.8015
-38340.2825
-38338.8520
-38332.9288
-38349.2679
-38346.4963
-38350.7655
-38354.2524
-38351.8384
-38360.4438
-38353.8053
-38351.5255
-38351.0561
-38360.4215
-38360.0191
-38355.9064
-38359.8627
-38363.6178
-38358.7004
-38373.5866
-38369.1833
-38373.4078
-38371.3738
-38380.3816
-38377.7441
-38379.1299
-38382.9967
-38384.4943
-38379.7557
-38389.1211
-38396.8772
-38388.7635
-38391.6916
-38396.6536
-38397.2124
-38394.9549
-38390.7528
-38387.7576
-38395.3572
-38389.5681
-38392.8091
-38395.8490
-38401.8839
-38399.5594
-38407.3378
-38404.8344
-38398.7771
-38406.0861
-38416.7702
-38419.1395
-38425.2415
-38421.0394
-38414.0656
-38421.8664
-38431.1424
-38427.7002
-38428.5719
-38428.5719
-38425.5991
-38421.0841
-38416.6137
-38429.3766
-38432.6623
-38430.2036
-38423.3863
-38429.8236
-38428.6837
-38425.8674
-38431.0306
-38430.7624
-38424.1239
-38431.8129
-38428.3484
-38432.0588
-38426.9626
-38426.1803
-38431.4106
-38445.7604
-38444.6205
-38443.3911
-38440.9101
-38435.5680
-38446.9674
-38444.5758
-38438.2502
-38447.5039
-38446.3416
-38443.0559
-38440.0607
-38435.8586
-38450.9237
-38441.1560
-38445.8051
-38446.0957
-38441.3795
-38436.9538
-38434.6069
-38439.1890
-38442.0053
-38444.9558
-38450.8119
-38455.2599
-38448.9344
-38447.9285
-38449.4038
-38452.1977
-38452.5106
-38449.0461
-38452.9130
-38461.5631
-38443.1006
-38453.4047
-38456.7128
-38449.8508
-38447.0345
-38445.2910
-38449.7390
-38444.2629
-38448.6661
-38454.0529
-38448.5991
-38457.4727
-38452.3095
-38455.7069
-38448.8226
-38461.1831
-38461.3843
-38461.8090
-38458.8362
-38462.0548
-38454.6788
-38451.6166
-38458.1209
-38462.3454
-38458.3892
-38459.2832
-38454.7011
-38462.2560
-38458.9032
-38451.7730
-38457.6292
-38460.8255
-38461.0937
-38455.8858
-38465.7205
-38452.4212
-38463.8430
-38465.2064
-38471.6214
-38458.5903
-38473.1413
-38468.8721
-38469.6097
-38457.8080
-38460.1996
-38464.7818
-38465.5194
-38461.1384
-38463.5301
-38453.1365
-38456.2434
-38460.0879
-38466.3017
-38461.3396
-38461.8090
-38459.4397
-38454.7235
-38470.7497
-38468.9615
-38465.0276
-38461.6078
-38467.8216
-38468.3804
-38476.2259
-38468.4251
-38462.2784
-38450.7225
-38462.0548
-38466.3017
-38472.6272
-38469.3192
-38467.3522
-38462.7701
-38456.9363
-38461.6078
-38468.3357
-38468.0675
-38460.2220
-38470.5262
-38459.9985
-38464.8041
-38460.7137
-38457.5845
-38456.8245
-38464.7371
-38459.6409
-38466.4805
-38470.0791
-38470.4367
-38463.4854
-38463.3289
-38461.2278
-38470.8391
-38469.6097
-38463.3289
-38459.5514
-38463.4630
-38464.3124
-38460.1549
-38458.4562
-38459.3056
-38459.2385
-38472.3814
-38475.3094
-38471.3532
-38466.8605
-38464.5359
-38470.8838
-38460.7137
-38464.8935
-38467.6651
-38461.8313
-38464.0665
-38470.0121
-38469.3639
-38470.0791
-38465.2958
-38463.1277
-38470.1685
-38475.8459
-38472.8731
-38470.2803
-38467.8439
-38464.4241
-38462.4348
-38463.8206
-38473.2084
-38478.7963
-38478.5057
-38472.4261
-38469.1180
-38472.1802
-38476.8517
-38468.7827
-38467.3969
-38466.1676
-38467.6875
-38452.9800
-38462.9936
-38459.0150
-38464.0441
-38461.0490
-38461.1831
-38447.9732
-38462.3678
-38465.1617
-38470.0121
-38464.4018
-38462.2337
-38461.4290
-38455.3046
-38458.8809
-38465.8323
-38476.4270
-38468.8945
-38461.8537
-38455.5952
-38463.1948
-38462.6136
-38464.4018
-38460.6020
-38462.6360
-38463.2395
-38468.1792
-38470.9285
-38471.5096
-38473.6554
-38466.9722
-38458.8585
-38467.5534
-38463.5524
-38464.8265
-38463.9994
-38466.2570
-38466.3240
-38476.9188
-38477.5446
-38472.1802
-38465.0276
-38473.2754
-38469.9003
-38468.6933
-38473.7672
-38470.3026
-38467.8886
-38466.7040
-38464.7371
-38469.2521
-38472.7390
-38470.4815
-38478.7516
-38471.6214
-38469.5427
-38471.0849
-38473.1413
-38472.4708
-38479.9586
-38478.9751
-38473.7448
-38471.3979
-38481.9032
-38480.2492
-38480.9197
-38475.9129
-38479.7798
-38483.8925
-38480.7186
-38479.7351
-38481.0538
-38468.0451
-38470.4591
-38474.3930
-38462.9936
-38466.7711
-38464.8488
-38467.0840
-38466.5475
-38475.4882
-38469.0286
-38467.5310
-38463.9547
-38469.0956
-38463.6195
-38470.6826
-38471.9790
-38471.9567
-38471.2414
-38467.2404
-38466.4358
-38460.6467
-38474.6389
-38470.5709
-38468.6486
-38463.4183
-38464.9159
-38460.9596
-38464.8935
-38466.9052
-38459.3056
-38466.0782
-38463.9324
-38461.4066
-38465.5417
-38464.8935
-38462.8595
-38461.7643
-38464.5359
-38473.8119
-38477.9916
-38482.9090
-38476.8741
-38470.1685
-38470.9508
-38470.5709
-38471.1967
-38472.0684
-38471.2414
-38476.1811
-38469.2298
-38467.1734
-38463.2395
-38466.6370
-38469.4533
-38476.1588
-38472.8954
-38465.1617
-38468.4251
-38470.3697
-38467.1510
-38463.2618
-38453.5612
-38463.9100
-38472.7390
-38478.1705
-38472.8284
-38474.3036
-38471.4202
-38478.3716
-38486.5300
-38482.4396
-38479.4221
-38478.5504
-38480.6738
-38481.9702
-38488.3628
-38479.2880
-38477.8575
-38484.0490
-38477.3211
-38475.4659
-38480.4280
-38480.7633
-38474.7506
-38468.3580
-38471.5096
-38467.7769
-38477.4775
-38470.0791
-38469.1627
-38469.6097
-38473.3648
-38467.0169
-38479.5116
-38480.4280
-38477.6564
-38472.2249
-38466.2346
-38469.0509
-38466.1899
-38468.9839
-38469.6991
-38473.5213
-38467.0169
-38469.1403
-38464.6253
-38469.6097
-38475.0859
-38469.1403
-38455.0587
-38462.5913
-38458.1209
-38466.4358
-38456.4222
-38459.8644
-38453.1141
-38454.2988
-38455.0140
-38458.3892
-38458.5456
-38453.0694
-38460.6467
-38463.5301
-38457.8304
-38451.6166
-38450.9013
-38454.7458
-38454.7682
-38455.9081
-38459.7526
-38455.6846
-38452.5777
-38440.1054
-38444.9781
-38446.8110
-38460.0879
-38455.1705
-38458.0315
-38445.1122
-38443.3464
-38438.0714
-38445.4922
-38449.4932
-38450.4096
-38450.6331
-38442.0947
-38429.4436
-38421.7546
-38426.6273
-38431.5894
-38440.5748
-38436.4844
-38444.4864
-38433.6905
-38430.7624
-38428.3037
-38428.3261
-38434.0258
-38441.7148
-38449.8508
-38449.3591
-38440.3066
-38436.4397
-38439.3455
-38439.1667
-38446.4757
-38445.2687
-38444.4864
-38441.0219
-38431.8576
-38428.0578
-38427.8120
-38430.7177
-38433.6905
-38425.6886
-38428.3261
-38425.8227
-38425.3980
-38425.5991
-38437.8703
-38431.3883
-38436.8197
-38427.2979
-38441.9830
-38437.1774
-38439.1220
-38434.0258
-38431.6341
-38433.1764
-38429.8460
-38438.4738
-38446.2298
-38440.1725
-38445.5369
-38431.9247
-38438.2949
-38447.6603
-38444.5087
-38444.3299
-38440.6419
-38435.1880
-38429.3319
-38446.1851
-38444.9334
-38448.5767
-38437.9373
-38441.2230
-38443.5476
-38434.3387
-38430.1366
-38436.3727
-38440.9548
-38435.8586
-38440.8430
-38437.9150
-38441.8712
-38444.7322
-38444.7099
-38447.0568
-38442.7206
-38447.2803
-38442.2959
-38447.6156
-38449.6273
-38445.4251
-38447.4815
-38441.4912
-38434.1375
-38435.6127
-38446.3639
-38447.5039
-38446.2075
-38440.2395
-38435.4563
-38443.8158
-38441.6030
-38439.0549
-38438.1161
-38445.8498
-38447.3250
-38447.1239
-38439.4125
-38442.3853
-38430.0248
-38430.0248
-38434.9869
-38435.0316
-38447.5262
-38452.6224
-38449.4708
-38435.6574
-38433.8246
-38441.7818
-38451.3931
-38457.5398
-38455.1482
-38452.5777
-38457.8751
-38466.4358
-38461.5408
-38453.9188
-38458.7915
-38468.3580
-38457.8974
-38463.9100
-38454.2317
-38458.4115
-38454.4776
-38458.7691
-38452.9577
-38448.3085
-38455.8187
-38456.2210
-38461.1608
-38458.2998
-38457.7410
-38455.9752
-38460.2667
-38461.6302
-38462.4125
-38459.3950
-38454.7458
-38449.5826
-38448.9120
-38456.2210
-38456.9139
-38455.7293
-38454.6564
-38456.1987
-38454.8576
-38461.8537
-38463.8206
-38465.0723
-38461.6078
-38459.0150
-38464.2900
-38464.0665
-38459.8420
-38459.4620
-38454.8129
-38464.2677
-38463.8206
-38465.7876
-38466.0782
-38467.0616
-38460.0432
-38455.4387
-38450.8790
-38449.8284
-38450.2978
-38455.2599
-38451.6389
-38447.1909
-38451.5048
-38456.1316
-38450.0073
-38448.0850
-38452.7342
-38446.7439
-38451.0354
-38455.9752
-38452.3095
-38444.1064
-38436.9091
-38428.1025
-38439.8596
-38431.9917
-38434.4504
-38417.6196
-38422.8052
-38412.7692
-38416.3008
-38415.6973
-38412.4340
-38409.5953
-38413.5069
-38412.8363
-38418.8266
-38408.3436
-38409.1706
-38398.8665
-38395.3796
-38401.4593
-38402.6216
-38395.9160
-38386.3271
-38382.7285
-38378.0793
-38384.1590
-38374.8830
-38378.7499
-38377.1853
-38379.8004
-38367.1046
-38367.7305
-38364.0201
-38356.8675
-38344.7752
-38356.1970
-38355.1912
-38352.4866
-38342.3389
-38349.8267
-38343.2106
-38339.7014
-38326.5586
-38339.6790
-38332.4371
-38332.6606
-38327.9667
-38324.6363
-38318.4225
-38321.6859
-38314.5110
-38307.9843
-38308.5207
-38302.8657
-38296.3390
-38298.6412
-38302.4634
-38305.1679
-38299.0436
-38291.3546
-38298.3730
-38294.3050
-38297.2331
-38287.1524
-38279.4858
-38269.2710
-38271.1486
-38272.8250
-38273.5849
-38274.7472
-38269.3381
-38271.3274
-38268.8017
-38267.4159
-38265.2030
-38262.8337
-38259.5480
-38255.3459
-38249.0874
-38252.5296
-38249.6015
-38243.6783
-38236.1681
-38227.0263
-38235.1846
-38241.7561
-38237.7998
-38234.9611
-38231.3401
-38227.5627
-38224.8358
-38236.6822
-38232.0107
-38229.8202
-38224.7017
-38226.1769
-38238.4927
-38225.8416
-38228.5015
-38224.9252
-38215.9398
-38216.0962
-38211.4024
-38212.1176
-38217.3032
-38216.0292
-38214.5093
-38214.0622
-38212.6094
-38215.9398
-38223.4947
-38213.6152
-38217.2585
-38219.7619
-38224.4558
-38217.6609
-38213.0788
-38217.2138
-38217.2809
-38209.9719
-38217.0350
-38222.5112
-38217.4150
-38212.3859
-38213.9728
-38215.7386
-38205.7921
-38213.7493
-38221.0136
-38223.2265
-38225.7299
-38222.2430
-38230.0884
-38227.3615
-38231.4966
-38241.4431
-38234.7823
-38232.7259
-38230.8260
-38243.9242
-38238.2245
-38238.4033
-38224.8805
-38235.7211
-38242.3819
-38253.5801
-38239.3421
-38244.9300
-38245.9135
-38246.8075
-38242.2478
-38245.9358
-38250.6967
-38256.5753
-38259.2351
-38257.6481
-38251.8143
-38246.1817
-38266.3430
-38260.3751
-38261.2691
-38252.8425
-38250.8979
-38252.7084
-38263.2584
-38251.6579
-38266.8347
-38263.1243
-38264.3090
-38272.1768
-38277.4741
-38267.0806
-38271.1933
-38276.8483
-38292.3380
-38292.4945
-38291.7569
-38296.6966
-38291.6004
-38294.8638
-38288.3818
-38302.1952
-38304.5197
-38310.1971
-38302.3069
-38308.3195
-38314.8016
-38314.2204
-38318.8249
-38324.5693
-38323.8764
-38334.2699
-38332.6382
-38334.6499
-38334.3146
-38328.9726
-38330.2913
-38345.9822
-38335.3205
-38339.5226
-38348.2174
-38342.6071
-38346.7422
-38346.8763
-38354.7218
-38364.3107
-38363.7519
-38357.0240
-38355.3253
-38350.4749
-38364.8024
-38363.4389
-38360.6003
-38363.1260
-38374.5701
-38375.5312
-38378.1464
-38379.2193
-38379.9792
-38376.5147
-38381.0298
-38392.0939
-38396.5642
-38400.0288
-38397.3912
-38395.3796
-38404.3650
-38401.1687
-38403.2474
-38408.9471
-38415.9208
-38421.5982
-38413.7974
-38422.8722
-38421.5535
-38421.8888
-38413.1939
-38432.0141
-38428.5943
-38435.9033
-38440.3960
-38428.4602
-38434.2716
-38440.7536
-38436.8421
-38437.7361
-38432.0812
-38436.6856
-38440.5525
-38451.1248
-38449.8061
-38448.8003
-38447.7497
-38446.0957
-38454.9023
-38456.5563
-38457.0928
-38451.0131
-38448.9567
-38448.5097
-38457.7410
-38446.9898
-38449.9849
-38458.8809
-38466.0335
-38460.3338
-38451.2142
-38452.8459
-38460.7361
-38462.5019
-38463.8877
-38466.0335
-38470.3026
-38462.1666
-38458.9032
-38470.8391
-38473.9013
-38468.2463
-38474.3036
-38478.3269
-38476.1588
-38476.1364
-38475.1306
-38474.8847
-38476.3153
-38478.4163
-38479.4445
-38483.5572
-38481.0091
-38478.8410
-38472.9625
-38479.9139
-38471.4202
-38475.8012
-38480.2715
-38486.3288
-38479.3327
-38489.4804
-38490.4639
-38495.8954
-38488.6534
-38488.5640
-38477.1870
-38491.2015
-38492.0062
-38483.4455
-38478.8187
-38477.0305
-38480.3386
-38486.5524
-38490.4416
-38486.1277
-38494.4202
-38487.3123
-38498.3317
-38499.0246
-38498.3317
-38495.7613
-38502.4891
-38500.3210
-38497.9517
-38493.4814
-38494.0849
-38486.8206
-38498.2647
-38493.7943
-38505.8643
-38506.0207
-38500.7904
-38496.9236
-38493.6155
-38487.3570
-38498.9576
-38499.9858
-38503.3832
-38497.5047
-38491.2686
-38490.8886
-38502.9138
-38497.8847
-38502.1986
-38494.5096
-38494.1072
-38499.4717
-38498.1306
-38501.4833
-38496.8342
-38499.8069
-38504.7467
-38502.2209
-38504.5902
-38502.2433
-38501.0586
-38503.9197
-38503.1150
-38503.8526
-38503.4950
-38501.5057
-38501.9527
-38502.5339
-38497.9070
-38488.4970
-38501.2151
-38494.5990
-38489.8828
-38494.6213
-38493.2579
-38489.9051
-38492.4532
-38499.5834
-38504.3443
-38497.6835
-38497.6388
-38499.6058
-38507.3842
-38501.8633
-38505.6854
-38501.5280
-38509.9770
-38512.1004
-38514.3132
-38511.6757
-38493.5037
-38498.4211
-38503.5397
-38505.0149
-38498.3541
-38502.5786
-38497.2141
-38499.4493
-38500.2093
-38488.0946
-38496.9236
-38503.5844
-38496.8118
-38502.7127
-38500.6563
-38498.4882
-38496.0742
-38488.6758
-38496.5212
-38496.1189
-38498.0188
-38496.4542
-38502.8691
-38504.2549
-38498.8682
-38502.9138
-38502.2656
-38505.4396
-38513.0168
-38499.2258
-38505.2608
-38497.9070
-38498.0635
-38499.9858
-38502.5339
-38499.0470
-38500.2763
-38500.8798
-38495.2919
-38491.2015
-38494.8672
-38496.7000
-38496.4542
-38492.5203
-38493.0791
-38496.3424
-38493.5261
-38495.9848
-38499.4717
-38492.9897
-38490.2851
-38490.2404
-38492.0062
-38490.7768
-38481.6350
-38486.5077
-38487.4241
-38496.5436
-38493.6155
-38487.8041
-38486.8653
-38483.4678
-38490.1957
-38501.1033
-38493.5932
-38483.4231
-38486.9547
-38491.2686
-38490.2851
-38493.9955
-38489.9498
-38498.4435
-38489.8604
-38493.6155
-38493.7496
-38494.8001
-38499.3823
-38491.0898
-38494.5990
-38502.9809
-38495.4707
-38497.3482
-38492.6097
-38494.9790
-38497.1694
-38486.2171
-38495.4260
-38498.3317
-38496.4765
-38488.7205
-38489.7710
-38483.7137
-38488.4299
-38479.7574
-38483.7360
-38478.3493
-38481.1656
-38478.4610
-38485.2113
-38479.3551
-38483.7584
-38475.7341
-38479.7351
-38491.9615
-38488.1617
-38488.0723
-38480.7856
-38482.0373
-38479.9362
-38489.0781
-38490.5310
-38492.3415
-38486.0383
-38485.4571
-38475.7341
-38481.9926
-38481.4562
-38487.3347
-38483.7137
-38479.8245
-38473.9460
-38489.5922
-38484.9654
-38482.7749
-38483.9596
-38480.0704
-38480.8974
-38480.9644
-38472.8954
-38473.3201
-38473.3201
-38459.5962
-38475.7788
-38478.5951
-38474.4154
-38469.0286
-38475.5553
-38475.2424
-38479.8468
-38474.4154
-38479.7574
-38475.5106
-38480.3833
-38465.3406
-38462.6136
-38464.3124
-38469.7662
-38467.2852
-38466.3017
-38464.2677
-38468.0451
-38474.3930
-38472.4931
-38468.2463
-38464.7147
-38467.3075
-38468.2910
-38462.3231
-38466.0335
-38470.8614
-38470.2579
-38466.5475
-38461.2278
-38460.7361
-38452.9577
-38464.0889
-38460.0655
-38464.9829
-38455.5728
-38451.1919
-38450.5437
-38454.7905
-38448.4426
-38454.7682
-38458.2327
-38462.3007
-38448.8897
-38446.8333
-38439.3455
-38441.9606
-38441.3348
-38441.6477
-38438.8090
-38436.8421
-38443.0335
-38441.1336
-38455.3046
-38449.2026
-38442.8323
-38435.1657
-38437.6020
-38434.4504
-38445.0899
-38445.0452
-38444.2405
-38435.8139
-38438.6973
-38441.1113
-38435.3445
-38431.7459
-38440.2619
-38440.9548
-38436.4844
-38443.0112
-38437.4009
-38443.8829
-38440.1054
-38443.1453
-38440.3066
-38440.7089
-38444.3299
-38442.2288
-38439.4349
-38438.9655
-38438.5185
-38443.8382
-38441.3795
-38442.5418
-38437.3338
-38435.8139
-38438.9208
-38452.7565
-38445.1122
-38442.8994
-38447.1909
-38451.6836
-38448.1297
-38443.5252
-38441.6477
-38438.9208
-38439.9937
-38443.5700
-38438.5185
-38431.7235
-38440.0607
-38440.3737
-38432.0141
-38443.8382
-38443.3017
-38440.2842
-38444.4193
-38443.6147
-38455.5281
-38443.9946
-38446.2969
-38442.5194
-38445.2240
-38443.3688
-38438.6749
-38452.2424
-38452.8459
-38450.3649
-38449.9849
-38445.9169
-38447.5933
-38445.7157
-38445.8275
-38449.9178
-38447.3474
-38447.7497
-38450.0296
-38452.9353
-38452.9353
-38450.8566
-38438.1832
-38443.6817
-38454.7235
-38456.9139
-38455.7964
-38461.1608
-38456.0646
-38449.3814
-38449.5379
-38453.6953
-38451.7060
-38455.3270
-38450.4990
-38440.5972
-38443.3688
-38448.8673
-38446.3416
-38445.8051
-38440.1501
-38432.0812
-38436.9091
-38441.5583
-38446.2745
-38444.0840
-38445.4251
-38443.1453
-38439.1890
-38440.3737
-38451.8624
-38444.5311
-38440.7983
-38444.5311
-38445.6263
-38430.6953
-38435.8810
-38423.3863
-38425.0180
-38436.5068
-38431.1647
-38422.1123
-38422.2240
-38423.9898
-38425.5544
-38423.6098
-38420.7712
-38417.6196
-38417.0831
-38418.6701
-38417.8654
-38414.4233
-38410.2882
-38419.3183
-38415.9655
-38414.9597
-38408.9247
-38416.4796
-38411.2717
-38414.6021
-38412.8363
-38404.1415
-38410.8246
-38415.2726
-38409.7518
-38413.1716
-38409.0365
-38411.0035
-38404.0968
-38398.3747
-38397.3465
-38398.0394
-38401.7275
-38398.1289
-38387.4447
-38386.1707
-38394.2844
-38398.3971
-38392.2950
-38389.0540
-38386.0366
-38381.2309
-38375.2854
-38389.7470
-38386.6848
-38386.1930
-38385.8801
-38377.7888
-38384.2708
-38377.9005
-38389.9034
-38387.6235
-38387.1989
-38379.1522
-38372.7373
-38371.3068
-38364.6906
-38368.6246
-38380.4933
-38386.0589
-38369.5633
-38378.3252
-38372.7149
-38373.1173
-38374.6595
-38381.6780
-38377.3194
-38385.7013
-38382.9744
-38383.1979
-38379.1522
-38377.5876
-38370.8150
-38379.8898
-38374.1454
-38375.5536
-38383.0414
-38382.5720
-38384.0696
-38379.0405
-38373.8102
-38375.6206
-38367.8199
-38374.0560
-38378.0346
-38376.4700
-38379.3757
-38368.0658
-38369.4516
-38371.9103
-38369.3175
-38370.9044
-38382.9967
-38382.6391
-38383.8684
-38378.8169
-38386.0589
-38383.5779
-38392.1833
-38385.0978
-38381.9015
-38387.8918
-38394.2620
-38389.1435
-38389.3223
-38382.4156
-38384.0026
-38378.2135
-38376.0900
-38378.3476
-38384.1590
-38392.1833
-38390.3728
-38388.9646
-38391.1328
-38399.0006
-38395.4243
-38398.2853
-38384.8743
-38387.7353
-38393.8373
-38396.2960
-38394.8879
-38398.4865
-38390.2163
-38396.8325
-38385.5225
-38391.5351
-38398.8218
-38406.6002
-38409.4388
-38405.6837
-38400.6770
-38399.2241
-38406.5108
-38402.4874
-38394.6643
-38399.2911
-38403.1580
-38403.9403
-38421.2182
-38406.0190
-38412.0540
-38401.2134
-38404.6332
-38418.4019
-38423.6769
-38421.1959
-38431.2541
-38426.9850
-38426.6273
-38428.6613
-38431.8353
-38433.6905
-38425.2192
-38424.0792
-38425.5321
-38421.9558
-38420.5477
-38423.8557
-38425.7333
-38422.0229
-38421.1959
-38435.8362
-38431.2318
-38433.3552
-38429.4660
-38435.0316
-38432.1482
-38433.8246
-38421.8217
-38434.6069
-38436.8868
-38439.3678
-38437.7585
-38433.3329
-38435.6798
-38443.1676
-38436.7303
-38450.2084
-38443.0782
-38441.9606
-38445.8275
-38449.5379
-38453.8518
-38449.7167
-38449.8508
-38454.3435
-38458.2550
-38459.4620
-38466.1005
-38455.3046
-38463.5077
-38460.9149
-38466.8381
-38461.4290
-38462.1443
-38465.4523
-38465.1617
-38469.2298
-38464.0665
-38450.9684
-38458.8362
-38460.8255
-38460.1102
-38469.2074
-38462.9489
-38466.5475
-38466.7934
-38462.0772
-38462.3678
-38467.6428
-38470.5709
-38475.3988
-38477.6340
-38473.3201
-38466.6146
-38468.7380
-38464.8488
-38475.0189
-38476.4270
-38480.0927
-38480.4727
-38480.8303
-38479.6233
-38474.0577
-38475.0412
-38473.7448
-38475.3541
-38478.6622
-38477.5893
-38474.3260
-38472.5378
-38473.9907
-38481.8585
-38480.7856
-38484.2278
-38486.2394
-38483.9596
-38481.4562
-38486.4182
-38485.5689
-38494.5990
-38483.1325
-38476.0694
-38473.2531
-38480.8750
-38477.6117
-38471.4649
-38490.0616
-38493.9061
-38496.1860
-38493.5261
-38494.6437
-38485.5242
-38492.3638
-38496.2977
-38503.5620
-38494.8001
-38500.3881
-38493.4590
-38494.0849
-38497.1918
-38489.7487
-38489.0558
-38498.4435
-38491.9168
-38497.6388
-38495.9401
-38500.3210
-38497.5047
-38503.0256
-38495.4931
-38504.3667
-38503.5397
-38497.5494
-38499.2034
-38498.7341
-38500.6787
-38503.3385
-38499.0693
-38500.3881
-38497.1471
-38498.9352
-38502.0198
-38502.8691
-38505.9313
-38494.0402
-38501.8633
-38497.3035
-38500.5893
-38492.5873
-38503.5844
-38495.9848
-38497.7729
-38481.9255
-38490.1510
-38497.6165
-38499.1811
-38503.9644
-38504.6126
-38504.8584
-38496.0518
-38488.9663
-38485.0101
-38488.5417
-38488.5640
-38491.0451
-38484.3619
-38486.2618
-38485.7030
-38493.6379
-38488.7205
-38500.1646
-38493.1908
-38499.0246
-38493.6826
-38501.4386
-38494.8449
-38487.3794
-38480.2492
-38491.5591
-38492.6767
-38491.6039
-38492.1850
-38486.7088
-38483.4231
-38490.5310
-38490.2851
-38503.3162
-38498.5329
-38499.4046
-38502.5786
-38495.6719
-38482.5290
-38507.1160
-38504.3443
-38492.2297
-38497.4824
-38486.7535
-38498.9576
-38487.2453
-38495.0684
-38488.0276
-38500.0752
-38505.1267
-38509.0829
-38497.5494
-38494.7554
-38502.7797
-38504.6349
-38512.3239
-38510.9828
-38508.8817
-38505.3949
-38497.7506
-38495.5154
-38510.6699
-38510.2229
-38512.3463
-38507.6971
-38507.0713
-38505.1043
-38509.3735
-38500.8575
-38506.6466
-38502.6680
-38505.7749
-38498.0188
-38501.5727
-38493.5708
-38490.5086
-38492.6544
-38495.7389
-38493.6155
-38492.3638
-38501.4163
-38493.5932
-38492.0732
-38492.5650
-38478.2822
-38481.3891
-38481.8138
-38487.3123
-38484.6078
-38485.0101
-38489.7040
-38486.5747
-38485.3677
-38479.7798
-38481.7691
-38477.8799
-38482.0150
-38481.1209
-38485.2560
-38475.5776
-38473.8789
-38466.2346
-38470.2579
-38466.1452
-38463.3736
-38463.7312
-38463.0607
-38471.6661
-38458.7021
-38446.1404
-38448.0627
-38436.3056
-38440.4407
-38442.0947
-38444.6875
-38445.4028
-38442.4971
-38435.4563
-38441.1783
-38442.7206
-38441.0666
-38443.1900
-38433.1987
-38436.9315
-38436.6409
-38438.5408
-38430.6953
-38432.3494
-38421.3076
-38419.2960
-38411.6517
-38406.4884
-38411.3164
-38415.4515
-38407.8072
-38403.1133
-38410.2435
-38405.6390
-38402.6886
-38400.3864
-38407.6507
-38399.4029
-38405.1920
-38397.1454
-38396.0278
-38394.5526
-38390.3281
-38382.5944
-38389.1882
-38383.3320
-38385.2990
-38382.0132
-38377.0959
-38370.9491
-38375.6654
-38370.3680
-38367.4846
-38368.9822
-38375.9112
-38368.6022
-38362.5672
-38365.6071
-38370.3009
-38369.3175
-38374.3690
-38361.8073
-38362.0531
-38363.1931
-38363.2378
-38367.4399
-38359.2815
-38355.1017
-38358.7227
-38354.4759
-38348.6421
-38351.1902
-38353.4030
-38356.6217
-38347.9045
-38357.7169
-38347.6139
-38348.4409
-38349.7820
-38353.1348
-38350.6537
-38350.4526
-38350.3855
-38347.6363
-38353.7830
-38349.4915
-38346.6528
-38352.5313
-38355.7723
-38349.9608
-38351.3914
-38346.4740
-38343.3000
-38339.7908
-38343.5906
-38336.8180
-38341.2437
-38340.3272
-38341.9589
-38336.8627
-38334.9181
-38341.2213
-38339.0532
-38338.8073
-38344.0823
-38347.9492
-38340.9307
-38345.8481
-38347.6810
-38349.0444
-38351.9725
-38343.2553
-38346.2728
-38350.5196
-38344.6188
-38340.8190
-38346.2952
-38347.9268
-38343.3447
-38346.0046
-38342.0260
-38351.5031
-38342.0036
-38344.1270
-38337.7344
-38347.2563
-38346.6975
-38342.9871
-38341.5342
-38335.8345
-38342.8530
-38346.7645
-38348.3962
-38345.3340
-38345.2446
-38347.7033
-38350.4079
-38343.8812
-38352.4866
-38357.6498
-38355.1688
-38359.1474
-38359.3709
-38358.1639
-38359.4827
-38362.4555
-38367.2611
-38369.7421
-38369.1833
-38368.8034
-38372.2008
-38364.5342
-38369.6080
-38371.2844
-38361.0920
-38366.0988
-38378.2358
-38383.1532
-38380.1581
-38378.8393
-38382.6838
-38383.2202
-38384.6508
-38390.0822
-38392.2280
-38398.0394
-38391.0881
-38388.6294
-38394.8655
-38395.7819
-38393.0327
-38399.1794
-38393.1444
-38401.6604
-38391.4680
-38404.9685
-38413.4398
-38404.8344
-38402.9345
-38405.4379
-38396.5419
-38392.4739
-38393.8820
-38396.8995
-38394.4855
-38399.2464
-38404.2979
-38398.3971
-38399.4253
-38403.6050
-38405.6614
-38411.4281
-38413.6186
-38418.3125
-38426.5603
-38419.3630
-38415.0715
-38420.5700
-38427.8567
-38430.8295
-38435.2328
-38422.5370
-38420.6594
-38427.1638
-38425.7109
-38438.5855
-38439.4572
-38433.9811
-38435.8362
-38435.8362
-38437.4679
-38439.2561
-38446.4310
-38457.6516
-38446.9674
-38452.7342
-38450.5437
-38453.0694
-38456.8916
-38458.2998
-38453.8071
-38460.8926
-38453.6953
-38462.3231
-38451.1919
-38466.5028
-38463.6642
-38465.2735
-38467.5981
-38456.3328
-38467.4416
-38470.8614
-38465.6982
-38466.7934
-38471.6661
-38466.5699
-38464.7594
-38462.0101
-38466.3911
-38471.4202
-38474.9294
-38469.8333
-38466.2346
-38462.0325
-38455.7964
-38439.8819
-38434.2940
-38409.8412
-38403.0686
-38389.2552
-38388.9199
-38382.5944
-38393.4797
-38392.0939
-38400.1852
-38400.2076
-38409.4388
-38415.9432
-38422.2687
-38425.0851
-38430.5612
-38438.7196
-38447.0345
-38453.8294
-38459.4397
-38459.7750
-38459.2832
-38459.4844
-38459.5962
-38468.8051
-38469.1851
-38470.9732
-38464.3347
-38470.6826
-38475.2200
-38480.4056
-38486.1500
-38490.8439
-38487.4911
-38488.4076
-38482.1938
-38484.6078
-38491.1568
-38493.1014
-38490.5310
-38488.0723
-38485.9712
-38479.1763
-38484.7642
-38482.6184
-38483.0431
-38494.0178
-38496.1860
-38484.5854
-38490.8886
-38492.9003
-38497.2365
-38494.5319
-38492.7214
-38488.4970
-38495.0907
-38493.3696
-38494.9343
-38491.6039
-38496.9012
-38489.9275
-38482.8867
-38491.0227
-38497.2141
-38495.0460
-38496.8118
-38500.3657
-38497.5047
-38496.6777
-38493.8614
-38490.7992
-38503.6291
-38504.5008
-38502.9585
-38502.6009
-38486.3959
-38498.7788
-38500.3434
-38496.3201
-38500.0975
-38506.0878
-38492.4756
-38502.2880
-38501.4610
-38504.1655
-38495.6048
-38499.7399
-38495.1578
-38491.0451
-38491.3803
-38496.9012
-38503.6961
-38497.6388
-38505.1714
-38496.4318
-38495.5825
-38497.8400
-38496.8118
-38491.4474
-38495.4484
-38491.5144
-38488.9663
-38485.2560
-38494.1519
-38487.9158
-38492.7438
-38488.3181
-38486.8653
-38489.2122
-38494.5766
-38500.2093
-38494.4425
-38485.1665
-38498.1082
-38502.5786
-38487.2900
-38496.6106
-38497.1694
-38497.7282
-38497.6165
-38492.3191
-38489.3463
-38497.9741
-38496.8565
-38499.9634
-38491.9168
-38502.8244
-38507.8312
-38505.9313
-38496.2307
-38507.0489
-38502.7350
-38506.5572
-38508.4347
-38506.1548
-38496.4989
-38486.7759
-38496.2307
-38497.2588
-38499.2705
-38500.7234
-38482.1938
-38490.4416
-38478.8634
-38480.8750
-38483.4678
-38486.8653
-38488.0052
-38489.9275
-38485.9042
-38483.9149
-38492.0509
-38479.9586
-38486.1724
-38492.3191
-38485.6583
-38484.8313
-38486.1277
-38484.8089
-38475.7565
-38480.8974
-38478.7292
-38477.2317
-38476.5611
-38475.3988
-38468.3804
-38465.6758
-38469.7885
-38470.2356
-38465.5194
-38468.9615
-38461.1831
-38459.7973
-38454.5894
-38460.1326
-38463.0607
-38468.4027
-38449.7167
-38449.2473
-38460.5126
-38461.2055
-38454.8799
-38457.9868
-38462.8148
-38466.3464
-38455.6399
-38455.4611
-38451.2366
-38455.4164
-38448.6661
-38451.5942
-38450.9684
-38450.4096
-38443.9276
-38454.9023
-38462.3007
-38463.7089
-38458.9256
-38456.1540
-38452.9353
-38446.0286
-38452.0860
-38458.4786
-38454.7235
-38442.4077
-38443.1006
-38443.2570
-38441.5359
-38431.7235
-38443.1900
-38444.9781
-38442.7876
-38428.3931
-38443.6817
-38446.6768
-38444.4417
-38441.8489
-38436.3056
-38421.3747
-38432.9529
-38441.2901
-38442.8100
-38442.5641
-38436.6633
-38436.1939
-38425.5768
-38437.7585
-38435.5233
-38432.5952
-38429.7789
-38431.3212
-38426.5156
-38423.4087
-38435.3445
-38426.2473
-38434.8081
-38433.3329
-38424.3027
-38426.6497
-38430.8742
-38430.3154
-38430.6953
-38428.6837
-38433.0423
-38439.1443
-38443.3017
-38435.5680
-38437.0432
-38434.5398
-38429.7789
-38432.7964
-38441.7371
-38437.1774
-38434.6516
-38433.1093
-38439.1443
-38427.8120
-38440.9101
-38437.8926
-38432.6847
-38432.9305
-38428.4155
-38431.3435
-38435.6798
-38437.4679
-38434.7857
-38434.8304
-38430.2260
-38434.9198
-38441.6924
-38442.7876
-38438.7867
-38430.1366
-38437.1103
-38448.6885
-38440.4854
-38442.9888
-38435.8139
-38438.4738
-38437.8256
-38440.6866
-38438.0938
-38446.9898
-38440.1278
-38436.8644
-38437.0879
-38439.5466
-38434.4504
-38439.8372
-38440.4854
-38445.4475
-38447.7050
-38450.1190
-38444.2405
-38443.3241
-38441.0442
-38442.4747
-38452.7565
-38456.6904
-38448.7556
-38441.2901
-38430.3824
-38443.5476
-38455.6622
-38455.0364
-38458.3892
-38453.0918
-38459.0597
-38460.3561
-38458.3668
-38453.3153
-38454.2541
-38458.5233
-38460.6020
-38457.7857
-38455.2599
-38448.9567
-38454.3435
-38459.3726
-38458.2550
-38453.0247
-38455.6846
-38454.4776
-38452.8459
-38457.8974
-38460.8702
-38462.4572
-38465.1394
-38458.9480
-38464.0218
-38471.2414
-38465.1170
-38465.2064
-38466.6817
-38473.0519
-38468.1122
-38474.0130
-38475.4212
-38475.7788
-38472.6049
-38466.6370
-38472.7390
-38483.1549
-38483.2666
-38479.7798
-38476.9188
-38481.7467
-38479.5339
-38478.9751
-38486.6865
-38478.6622
-38479.3998
-38471.3308
-38469.0062
-38477.0305
-38469.7438
-38473.8566
-38487.4241
-38481.9702
-38486.2394
-38487.2676
-38481.5679
-38476.6952
-38475.6671
-38469.6321
-38486.1277
-38489.7710
-38486.3512
-38484.7866
-38477.4105
-38469.2298
-38480.3162
-38485.1889
-38476.0247
-38481.7914
-38482.3279
-38483.0431
-38489.8604
-38484.2725
-38485.5242
-38483.8031
-38475.6224
-38483.6243
-38488.7875
-38500.8575
-38488.4076
-38495.3589
-38483.7584
-38473.8342
-38485.0548
-38494.0178
-38492.0509
-38489.4804
-38489.9722
-38486.7982
-38485.7477
-38489.7263
-38495.2025
-38497.7729
-38492.6320
-38487.7146
-38505.4396
-38498.2647
-38491.3356
-38487.9158
-38490.9109
-38485.6136
-38491.5368
-38487.2453
-38485.3007
-38484.3842
-38491.0674
-38489.0558
-38492.6320
-38496.5436
-38498.5999
-38490.3074
-38494.0178
-38486.1724
-38482.7079
-38483.2219
-38484.7195
-38479.7127
-38475.4212
-38469.1851
-38471.4649
-38465.9440
-38455.5505
-38463.6642
-38461.0267
-38461.4961
-38456.3775
-38459.1268
-38458.0315
-38452.5554
-38452.5777
-38458.2774
-38455.3046
-38457.3610
-38447.5709
-38445.6934
-38438.6079
-38427.6555
-38443.5029
-38439.9937
-38434.4504
-38437.6467
-38438.4514
-38432.1706
-38433.2881
-38422.1570
-38427.7002
-38429.8907
-38427.2979
-38418.8936
-38418.7372
-38415.3844
-38414.6468
-38412.6351
-38417.5749
-38408.0530
-38416.8149
-38416.4126
-38418.7595
-38409.3271
-38405.6390
-38414.3115
-38414.8033
-38411.4952
-38410.9141
-38411.8752
-38400.0958
-38396.9666
-38395.7372
-38398.6876
-38400.9005
-38405.3932
-38393.5467
-38388.8082
-38378.8617
-38383.6449
-38391.9598
-38386.2824
-38377.5205
-38377.5429
-38375.0395
-38386.4389
-38374.2572
-38375.4418
-38381.0968
-38380.7839
-38371.7761
-38375.9559
-38371.2397
-38361.6061
-38342.3836
-38327.1397
-38307.2243
-38284.8279
-38270.2098
-38257.8046
-38243.9465
-38244.2371
-38254.5189
-38256.1506
-38264.5101
-38262.7667
-38275.6860
-38278.9047
-38276.4013
-38283.5538
-38290.9746
-38294.1038
-38311.1135
-38313.4828
-38313.4157
-38314.1310
-38317.3273
-38318.6461
-38328.2350
-38327.0280
-38330.2243
-38335.2534
-38324.9269
-38328.3914
-38344.5741
-38342.3836
-38342.8083
-38341.2884
-38341.4448
-38341.9589
-38341.6683
-38342.4507
-38347.8821
-38344.9764
-38344.4623
-38346.3399
-38339.0532
-38352.8889
-38350.8773
-38356.9569
-38348.8433
-38355.5935
-38354.0289
-38349.6256
-38347.9045
-38347.5916
-38363.8413
-38346.2058
-38351.4361
-38355.1017
-38355.5935
-38348.3515
-38356.0182
-38351.7043
-38364.0424
-38361.6285
-38357.3816
-38356.8675
-38364.6683
-38367.2164
-38374.7042
-38361.0920
-38371.1056
-38358.2757
-38367.5740
-38368.7587
-38371.7985
-38372.0220
-38368.1328
-38372.2008
-38378.6381
-38383.2873
-38379.7334
-38376.9170
-38375.3301
-38381.9015
-38380.4933
-38375.6654
-38377.8111
-38378.1464
-38380.0910
-38379.9345
-38377.9452
-38381.3427
-38370.9715
-38384.8966
-38384.0026
-38382.1697
-38381.8568
-38389.2776
-38393.0327
-38393.0327
-38400.4981
-38397.5701
-38397.0113
-38411.6964
-38411.5623
-38409.7741
-38403.5827
-38419.5195
-38430.1589
-38426.7838
-38422.3805
-38414.5574
-38423.6769
-38425.3756
-38430.2483
-38423.2746
-38413.6186
-38415.2726
-38426.8956
-38432.1929
-38441.2007
-38434.6740
-38435.9257
-38428.8402
-38436.8197
-38438.3620
-38436.4174
-38445.4251
-38436.9538
-38432.1259
-38439.0549
-38434.9422
-38444.0617
-38453.0471
-38448.1297
-38439.3902
-38428.8849
-38437.7138
-38457.2269
-38462.4348
-38461.4737
-38451.5272
-38446.2522
-38450.3425
-38439.2561
-38452.9353
-38452.3765
-38452.4883
-38448.6885
-38455.8411
-38455.0140
-38455.8634
-38452.9130
-38457.0704
-38459.2609
-38460.7808
-38457.6516
-38455.2823
-38459.6409
-38468.7604
-38474.3260
-38465.7652
-38461.3396
-38468.4251
-38462.7477
-38456.3551
-38469.3415
-38474.9071
-38473.5436
-38479.8021
-38484.7195
-38483.2890
-38475.1530
-38467.8216
-38483.2219
-38481.3668
-38488.0723
-38487.2229
-38476.2929
-38484.8089
-38488.7652
-38484.3842
-38477.6117
-38479.2433
-38481.1879
-38484.6301
-38476.7846
-38466.3911
-38476.6058
-38479.9809
-38480.0256
-38487.8935
-38483.8254
-38489.1899
-38490.3969
-38484.5183
-38484.5854
-38488.4970
-38488.0499
-38487.2676
-38484.8313
-38480.9421
-38491.9838
-38495.4036
-38489.3240
-38493.8837
-38486.0383
-38488.0276
-38487.6476
-38491.0227
-38482.4173
-38494.0625
-38493.5932
-38489.8604
-38487.0441
-38485.7477
-38492.1179
-38490.4639
-38500.9245
-38485.6583
-38481.7691
-38477.7234
-38471.4873
-38474.5718
-38474.7953
-38475.8235
-38483.2219
-38479.2433
-38474.5718
-38477.6117
-38485.6583
-38478.5728
-38484.0043
-38481.1656
-38475.5776
-38482.9761
-38479.4221
-38473.5660
-38468.2463
-38479.7798
-38471.5767
-38469.0062
-38470.2132
-38479.8692
-38467.1510
-38465.7652
-38463.6865
-38466.5028
-38472.7837
-38472.3143
-38469.0286
-38470.4367
-38464.6923
-38462.7477
-38467.8439
-38466.8381
-38467.1510
-38454.0082
-38460.6914
-38456.5787
-38448.5320
-38458.9256
-38465.5641
-38458.2998
-38463.8877
-38463.2842
-38465.6758
-38451.1919
-38456.2434
-38450.3872
-38459.4173
-38459.6632
-38466.2793
-38464.6029
-38452.9353
-38452.5330
-38467.3075
-38469.2745
-38468.2016
-38461.4961
-38460.4008
-38447.8168
-38455.6622
-38454.6341
-38458.5456
-38456.5787
-38457.8080
-38451.9519
-38441.7371
-38445.2463
-38451.8177
-20189.5708
-40810.0385
-40818.2193
-40821.2591
-40817.4817
-40818.5546
-40814.4418
-40820.1192
-40818.3087
-40824.9695
-40804.5847
-40821.2368
-40800.7179
-40805.9705
-40807.3116
-40813.0337
-40812.0726
-40813.6595
-40813.9948
-40817.7722
-40807.2446
-40810.2621
-40811.7596
-40819.0239
-40816.5876
-40800.9414
-40803.1319
-40809.4350
-40810.8656
-40809.9268
-40811.0220
-40811.0667
-40811.2232
-40810.4856
-40812.1843
-40811.0891
-40811.8267
-40806.7975
-40815.6712
-40805.3447
-40810.9103
-40807.7140
-40810.1503
-40810.9550
-40809.5021
-40805.8141
-40812.7655
-40811.8043
-40807.7587
-40805.3670
-40805.0094
-40798.4827
-40805.9035
-40806.0152
-40802.1037
-40814.8442
-40816.7888
-40804.1600
-40815.8947
-40816.9899
-40812.9443
-40817.4146
-40817.0793
-40826.1318
-40822.6673
-40823.9190
-40821.3485
-40829.7304
-40827.7411
-40832.1444
-40827.0929
-40831.1162
-40828.2105
-40832.5691
-40826.8024
-40826.0424
-40827.6070
-40835.4525
-40840.6381
-40833.1502
-40829.9987
-40828.9928
-40828.5458
-40824.4778
-40827.5847
-40825.4836
-40831.2951
-40830.0881
-40832.0997
-40830.8480
-40839.4087
-40839.3864
-40849.4894
-40846.6731
-40847.1871
-40848.0589
-40845.1308
-40838.0900
-40840.1016
-40845.8460
-40828.5458
-40830.8257
-40827.4282
-40828.2329
-40824.3213
-40827.8752
-40831.8315
-40836.3018
-40831.5409
-40834.9160
-40836.6371
-40842.0686
-40843.8791
-40845.3767
-40841.3533
-40842.9180
-40846.7178
-40850.6740
-40840.1687
-40846.7401
-40842.7391
-40841.0628
-40834.2231
-40840.3252
-40833.8655
-40842.7391
-40849.0647
-40835.4525
-40844.9520
-40840.0346
-40841.0851
-40837.9335
-40842.7615
-40846.2707
-40851.0316
-40848.7294
-40850.8975
-40852.1492
-40855.2114
-40854.4291
-40854.7867
-40851.7022
-40858.6983
-40856.4631
-40858.1171
-40855.5020
-40853.5350
-40852.4398
-40846.0696
-40741.0611
-40874.7915
-40906.2181
-40888.5155
-40873.2716
-40861.9169
-40860.5088
-40851.3446
-40857.4466
-40859.5477
-40867.5496
-40865.0685
-40862.9451
-40864.0404
-40862.5428
-40860.4417
-40863.4145
-40860.0617
-40868.9577
-40858.8771
-40862.6098
-40859.3912
-40858.8548
-40856.7313
-40854.4515
-40852.2386
-40855.7926
-40854.3621
-40851.9481
-40858.7877
-40859.5700
-40861.2240
-40867.1249
-40851.4116
-40853.4456
-40853.8256
-40852.1492
-40853.0433
-40852.7527
-40854.9656
-40848.5506
-40860.2629
-40852.3280
-40850.2046
-40849.7799
-40853.3339
-40857.5136
-40853.3562
-40849.4223
-40854.6079
-40861.1793
-40858.0054
-40857.9160
-40852.6633
-40856.1502
-40863.4816
-40865.7838
-40867.7060
-40868.0190
-40865.9626
-40874.0763
-40872.0199
-40883.6428
-40878.4796
-40874.1433
-40869.9189
-40869.9189
-40866.6779
-40879.3737
-40855.4573
-40863.5710
-40867.6390
-40868.0413
-40866.1861
-40867.8178
-40875.9315
-40874.9033
-40871.7964
-40879.4184
-40876.8926
-40878.6808
-40870.4553
-40869.1589
-40875.0374
-40875.0598
-40876.6244
-40868.3095
-40871.7517
-40873.5846
-40816.8335
-40675.3469
-40668.2391
-40696.5140
-40751.7675
-40783.4847
-40817.8170
-40829.4846
-40841.0404
-40850.6070
-40857.2901
-40857.3572
-40859.4806
-40863.1016
-40868.6001
-40863.9062
-40855.0550
-40861.5146
-40858.5418
-40856.9325
-40858.5642
-40865.8732
-40868.0860
-40863.4145
-40859.2124
-40855.3902
-40861.2464
-40871.3941
-40865.2697
-40866.9908
-40867.1473
-40859.1230
-40858.1395
-40862.6546
-40867.0578
-40863.1016
-40862.6993
-40862.9451
-40867.5719
-40872.1540
-40873.5175
-40875.6633
-40872.2658
-40866.4320
-40873.0928
-40876.8256
-40869.7177
-40868.4884
-40876.7361
-40866.0744
-40872.3105
-40866.7002
-40872.4670
-40862.6769
-40871.6176
-40864.3533
-40872.7352
-40878.0773
-40874.2328
-40960.8458
-41231.8830
-41179.7811
-41052.4432
-40982.3705
-40922.8031
-40895.8916
-40887.4426
-40882.3911
-40871.9305
-40880.5583
-40873.1152
-40872.5787
-40872.1764
-40877.0267
-40895.2210
-40877.5855
-40882.4358
-40889.8566
-40882.7935
-40889.6778
-40889.2755
-40895.3775
-40878.4125
-40883.3523
-40878.9490
-40888.5602
-40884.3581
-40881.6982
-40884.9392
-40876.1103
-40877.0938
-40886.2133
-40878.1667
-40869.7177
-40876.0209
-40874.7692
-40875.4397
-40872.0646
-40880.5583
-40884.8051
-40892.1589
-40886.8838
-40886.6827
-40884.2016
-40881.5865
-40879.5301
-40880.6030
-40878.8819
-40879.4854
-40881.7429
-40887.7779
-40880.5806
-40886.4145
-40885.4310
-40890.6836
-40892.4941
-40891.3095
-40881.8547
-40884.3581
-40884.0899
-40886.2133
-40886.9732
-40888.4932
-40883.7099
-40882.3911
-40879.4407
-40881.8771
-40885.9451
-40886.9062
-40886.9956
-40885.2298
-40889.4096
-40889.2084
-40894.2599
-40885.5427
-40889.0967
-40882.6594
-40880.7818
-40884.0899
-40884.7381
-40882.3017
-40884.5816
-40891.4883
-40889.2978
-40886.6380
-40888.0238
-40886.3698
-40886.7050
-40889.4096
-40886.9732
-40888.6049
-40888.6720
-40891.5554
-40889.0967
-40900.0267
-40896.0928
-40892.1141
-40887.9567
-40890.6389
-40889.6778
-40889.3649
-40877.8314
-40879.1948
-40884.4028
-40885.3416
-40890.6613
-40893.7011
-40892.2259
-40893.2317
-40890.8401
-40890.4378
-40897.5009
-40888.3591
-40893.8576
-40894.2823
-40891.2201
-40882.5923
-40889.8566
-40891.2201
-40896.5621
-40895.8469
-40888.6273
-40889.3649
-40897.1880
-40895.1540
-40891.2871
-40893.6564
-40899.4455
-40898.1044
-40899.3785
-40891.4883
-40898.0821
-40902.4407
-40891.9130
-40898.7750
-40899.8255
-40902.5748
-40899.5573
-40896.7410
-40898.5291
-40906.9334
-40898.9314
-40902.0383
-40901.5689
-40908.8780
-40916.4552
-40912.8342
-40907.4921
-40911.4261
-40905.6370
-40909.5038
-40910.6661
-40913.5271
-40903.7594
-40906.2852
-40902.4407
-40899.3561
-40897.7021
-40894.2376
-40902.7312
-40892.8071
-40897.6574
-40896.1375
-40899.3785
-40896.6292
-40903.0889
-40897.9256
-40894.7070
-40894.1929
-40904.1617
-40893.9023
-40897.7468
-40896.4057
-40897.2327
-40895.3775
-40903.1336
-40897.8809
-40904.4970
-40898.9538
-40905.2123
-40901.4348
-40899.6690
-40901.8148
-40910.1967
-40903.2230
-40902.3512
-40903.5135
-40897.2103
-40898.3279
-40895.9586
-40902.5524
-40896.9645
-40904.5417
-40900.4961
-40907.6933
-40905.3687
-40908.2745
-40907.2463
-40912.9683
-40908.2521
-40910.0402
-40899.0208
-40903.2006
-40903.7818
-40907.6039
-40898.9091
-40899.6914
-40903.4688
-40905.0335
-40897.6574
-40898.8197
-40901.1666
-40903.2677
-40900.5855
-40907.1792
-40910.1744
-40922.9149
-40914.8906
-40922.1325
-40919.3609
-40905.9052
-40907.0004
-40906.0840
-40908.6321
-40904.1841
-40910.4426
-40903.3124
-40904.0500
-40904.6088
-40914.6447
-40910.3308
-40909.0344
-40919.6739
-40931.5650
-40959.3482
-40999.9613
-41077.1642
-41161.0950
-41239.2814
-41263.0861
-41294.8702
-41312.9528
-41313.8469
-41305.5320
-41307.1860
-41303.2521
-41303.0733
-41296.5466
-41300.4805
-41299.6759
-41314.0704
-41306.4261
-41317.8478
-41314.2045
-41319.0325
-41321.1782
-41323.8828
-41324.4416
-41323.8157
-41322.1394
-41318.4513
-41323.3911
-41317.3337
-41318.1160
-41316.2609
-41311.8799
-41306.8061
-41308.6389
-41305.2191
-41306.7837
-41292.5904
-41296.0772
-41291.6516
-41292.8362
-41288.2765
-41290.3552
-41288.1200
-41286.4436
-41281.7721
-41183.4915
-41071.1516
-41095.2692
-41140.3303
-41179.9599
-41200.3671
-41215.2310
-41229.8714
-41239.7955
-41256.1347
-41262.3261
-41496.2818
-41572.9706
-41471.1584
-41376.2082
-41322.4970
-41283.3367
-41273.0773
-41261.5885
-41274.1949
-41254.8159
-41265.5447
-41253.2960
-41257.5875
-41257.5205
-41253.8324
-41245.0705
-41244.0200
-41236.2863
-41242.0754
-41235.2134
-41239.6838
-41233.2018
-41228.9326
-41235.9957
-41232.4642
-41233.0453
-41228.3514
-41229.8714
-41228.1503
-41228.8208
-41227.7256
-41236.9345
-41227.9715
-41229.6925
-41226.2057
-41223.0764
-41225.7363
-41225.6916
-41224.4175
-41225.4457
-41217.3544
-41223.9034
-41222.3165
-41225.0881
-41216.4603
-41221.4895
-41219.1649
-41220.8189
-41223.6799
-41223.3447
-41225.6022
-41218.7402
-41216.2144
-41218.8743
-41223.4564
-41220.6177
-41224.9763
-41220.9307
-41221.1542
-41214.5157
-41212.8393
-41207.5643
-41213.5099
-41212.9734
-41218.2261
-41213.8228
-41210.3806
-41204.5468
-41210.9171
-41210.3806
-41211.7888
-41215.8345
-41213.9122
-41215.9686
-41210.7830
-41211.6994
-41204.6362
-41204.7927
-41200.3000
-41206.4244
-41209.7771
-41212.3923
-41212.8170
-41213.5769
-41207.5420
-41218.1814
-41217.2650
-41215.4545
-41218.4049
-41215.4992
-41208.3913
-41213.0628
-41209.6430
-41216.4603
-41214.6498
-41214.8510
-41211.3418
-41209.0172
-41210.3359
-41211.3641
-41211.9676
-41208.3690
-41210.5147
-41203.9433
-41207.3632
-41206.9608
-41220.0366
-41201.3282
-41209.8442
-41209.6654
-41216.6838
-41209.5089
-41209.6430
-41207.3632
-41211.7217
-41210.1124
-41215.4098
-41208.1455
-41214.4040
-41211.9229
-41211.8782
-41210.4253
-41210.4253
-41213.0628
-41211.2747
-41206.5138
-41210.3806
-41214.9404
-41204.7033
-41209.9783
-41212.0794
-41218.4943
-41215.4768
-41216.4380
-41213.8228
-41211.2524
-41210.0230
-41203.4292
-41208.7043
-41218.4720
-41213.2417
-41212.6382
-41207.4302
-41212.5041
-41215.6109
-41217.3544
-41216.9073
-41216.8179
-41215.3204
-41209.8665
-41214.7392
-41212.7276
-41217.0638
-41216.9968
-41214.8063
-41218.2708
-41216.5050
-41209.3301
-41217.5555
-41213.7558
-41212.7723
-41207.1843
-41216.2815
-41208.7490
-41208.9054
-41208.3019
-41207.2514
-41209.7771
-41212.9734
-41209.0172
-41211.2300
-41209.4642
-41211.1406
-41210.5595
-41206.8938
-41207.8325
-41209.5536
-41210.2912
-41210.8947
-41211.6547
-41207.5643
-41208.1902
-41201.0376
-41206.9385
-41210.1124
-41209.9113
-41209.0842
-41211.0959
-41202.2670
-41214.2251
-41207.9443
-41210.4924
-41203.8092
-41203.6975
-41203.1163
-41204.1669
-41199.9871
-41197.5731
-41198.4225
-41199.1377
-41203.9880
-41203.7645
-41204.3010
-41199.8530
-41205.7091
-41198.9589
-41206.8491
-41207.6090
-41198.8248
-41200.4118
-41204.3904
-41199.5400
-41203.8763
-41196.7908
-41191.7840
-41195.0026
-41206.5585
-41206.1338
-41212.4594
-41213.5993
-41213.9793
-41210.1795
-41209.0172
-41205.0162
-41197.9084
-41205.0162
-41203.1163
-41209.2631
-41210.6042
-41214.0240
-41213.3534
-41219.9248
-41206.5361
-41220.5060
-41213.4652
-41214.1134
-41207.3408
-41209.2407
-41204.4798
-41205.1280
-41203.8986
-41207.7655
-41208.9725
-41206.7820
-41206.1562
-41204.3010
-41205.1280
-41203.7422
-41205.6868
-41201.7082
-41197.9307
-41199.7189
-41206.1115
-41203.2504
-41200.2106
-41203.3845
-41218.0026
-41208.8607
-41204.7033
-41205.4633
-41208.8607
-41205.0609
-41214.8286
-41211.6100
-41214.8510
-41213.6663
-41216.4827
-41209.6654
-41213.5993
-41207.3408
-41206.3350
-41197.9307
-41201.5070
-41201.2835
-41197.4166
-41194.1980
-41196.2990
-41203.5857
-41208.4137
-41205.2844
-41202.0658
-41199.6965
-41197.0590
-41205.8879
-41208.6596
-41205.1950
-41200.0318
-41202.2893
-41201.7752
-41206.7820
-41207.8549
-41220.1484
-41214.7839
-41221.1765
-41219.7460
-41211.0959
-41206.2903
-41210.6936
-41210.7830
-41201.9540
-41198.8695
-41199.6071
-41199.9647
-41203.4292
-41209.9113
-41203.9657
-41203.3845
-41204.8374
-41215.0074
-41208.3243
-41218.5390
-41214.0463
-41215.3874
-41212.7276
-41217.4661
-41216.9297
-41213.3981
-41215.5439
-41214.1134
-41206.1338
-41207.1843
-41206.3797
-41210.0230
-41210.2018
-41210.2018
-41208.6596
-41210.6489
-41212.2358
-41219.0531
-41219.2319
-41220.1036
-41222.2494
-41218.3379
-41222.3835
-41215.9239
-41242.1201
-41209.7324
-41217.9132
-41213.2640
-41219.1202
-41222.0930
-41218.2261
-41216.4156
-41217.3767
-41214.0463
-41215.9239
-41215.8121
-41214.9851
-41212.6382
-41219.9248
-41228.1950
-41222.7635
-41220.9977
-41216.8179
-41223.6576
-41222.4506
-41228.5303
-41226.9656
-41234.2076
-41233.6488
-41230.0725
-41227.6809
-41235.3028
-41237.4933
-41237.5604
-41243.0365
-41246.1211
-41246.5458
-41243.2154
-41240.8461
-41244.7800
-41244.0200
-41247.8645
-41166.0348
-41242.5895
-41277.5700
-41265.9471
-41263.5107
-41251.8431
-41247.8422
-41249.3621
-41247.3057
-41245.9646
-41255.3300
-41247.5739
-41256.8052
-41250.2785
-41247.8869
-41247.8869
-41252.0666
-41250.5467
-41251.5973
-41246.7469
-41251.0161
-41250.1891
-41249.7197
-41251.7537
-41260.2474
-41257.7663
-41256.5370
-41262.9966
-41256.3582
-41265.4553
-41261.9014
-41276.2512
-41263.6672
-41268.9646
-41263.5331
-41272.0268
-41271.8479
-41257.5652
-41258.2581
-41261.5885
-41258.3698
-41271.3338
-41271.5127
-41277.4135
-41269.9033
-41272.9208
-41271.6691
-41285.3484
-41280.4757
-41277.5923
-41280.7216
-41282.1521
-41287.0918
-41283.6720
-41283.7838
-41291.2269
-41280.3863
-41279.4028
-41285.7954
-41274.5972
-41283.6720
-41282.2638
-41282.0627
-41287.2930
-41291.4728
-41288.0306
-41297.8654
-41302.1569
-41303.4533
-41296.0996
-41298.9383
-41293.9762
-41295.7196
-41290.6458
-41295.9878
-41296.2560
-41295.6078
-41294.7138
-41295.0490
-41294.5573
-41292.1433
-41296.0102
-41293.0821
-41301.1064
-41296.7478
-41295.1385
-41293.7079
-41301.4416
-41295.3620
-41299.0724
-41300.8605
-41298.8712
-41294.9596
-41295.6525
-41294.5126
-41296.8372
-41291.4951
-41297.2619
-41293.9091
-41305.1967
-41303.3415
-41303.0286
-41299.0500
-41296.4349
-41306.6049
-41306.6496
-41304.2356
-41306.8731
-41310.8070
-41305.8673
-41304.9732
-41301.8216
-41307.9460
-41305.7779
-41306.4037
-41303.6098
-41298.4465
-41293.8868
-41305.4650
-41301.8440
-41308.0354
-41301.4863
-41303.0733
-41306.2920
-41304.2133
-41307.2978
-41307.0519
-41309.7788
-41309.5777
-41316.0820
-41315.4115
-41319.9042
-41318.2949
-41321.1335
-41318.7642
-41318.2949
-41314.0480
-41312.9751
-41314.1598
-41318.6525
-41315.0539
-41324.6651
-41318.4513
-41329.3143
-41320.8206
-41326.0509
-41314.1821
-41319.8818
-41312.5728
-41317.6914
-41323.9722
-41321.0218
-41319.6583
-41321.0888
-41324.3075
-41321.6253
-41319.4795
-41320.4853
-41322.1170
-41323.5922
-41328.7555
-41323.7487
-41324.4416
-41323.8828
-41324.5086
-41324.1957
-41323.6593
-41320.8430
-41327.0791
-41318.3843
-41325.7603
-41313.8469
-41317.6467
-41309.6894
-41315.9479
-41309.0859
-41306.0014
-41305.0403
-41303.9897
-41302.8051
-41306.0685
-41304.4368
-41310.8294
-41310.4941
-41307.8342
-41311.1647
-41308.4377
-41314.9421
-41311.1423
-41319.0325
-41317.6690
-41317.6243
-41312.8634
-41318.2949
-41314.4057
-41321.6923
-41309.9353
-41311.3211
-41303.4086
-41313.6904
-41314.4057
-41311.1200
-41310.2482
-41311.8352
-41310.1588
-41311.8799
-41312.5058
-41310.6953
-41309.6000
-41308.2589
-41323.9275
-41310.4494
-41314.8974
-41305.6214
-41310.4047
-41313.4669
-41319.4348
-41317.2443
-41321.3794
-41315.0315
-41322.8546
-41311.5893
-41314.6739
-41315.1209
-41319.3901
-41314.5174
-41312.9751
-41315.7021
-41315.7021
-41312.6622
-41312.1034
-41312.3716
-41312.6175
-41316.4844
-41319.5913
-41324.2628
-41320.4406
-41321.3347
-41316.7526
-41316.4620
-41307.2755
-41315.7244
-41319.9712
-41326.6991
-41317.4678
-41326.0509
-41309.3765
-41309.3318
-41307.9237
-41316.0373
-41317.3337
-41321.0665
-41320.9547
-41320.2618
-41310.7176
-41307.5660
-41307.0072
-41314.6068
-41321.2453
-41327.5708
-41326.7438
-41325.0227
-41325.8721
-41326.4532
-41331.8847
-41324.4192
-41324.4416
-41319.5689
-41324.2181
-41320.2842
-41316.1938
-41321.5582
-41326.9003
-41326.1850
-41327.9061
-41324.1734
-41320.1948
-41313.5786
-41320.8206
-41320.7312
-41316.0820
-41318.0043
-41321.0218
-41316.7749
-41323.3464
-41328.8449
-41327.4814
-41327.9955
-41322.3182
-41327.7049
-41326.2968
-41331.3036
-41328.3531
-41333.0247
-41330.5436
-41330.8565
-41332.3094
-41337.0480
-41337.0256
-41339.6631
-41327.9732
-41330.2530
-41326.0062
-41332.8682
-41329.9401
-41335.4610
-41336.6680
-41339.8196
-41337.5844
-41331.0577
-41333.1811
-41339.9761
-41338.9032
-41333.3823
-41336.5562
-41335.1928
-41333.1811
-41332.8458
-41338.1879
-41332.7788
-41333.0694
-41336.1092
-41330.6554
-41325.1792
-41329.1131
-41331.9741
-41331.2589
-41331.7953
-41328.8002
-41329.5154
-41333.8293
-41335.3716
-41337.0703
-41336.6456
-41337.4280
-41332.3318
-41335.7963
-41342.9041
-41338.8808
-41344.1782
-41341.6524
-41339.2161
-41336.1763
-41340.9595
-41338.0762
-41334.0975
-41334.0305
-41335.5728
-41340.4454
-41341.4513
-41342.0995
-41344.2452
-41346.4804
-41344.0888
-41349.1179
-41346.2122
-41340.1772
-41337.8750
-41338.2103
-41341.0936
-41345.9440
-41340.3560
-41351.4872
-41345.6757
-41355.6223
-41354.1918
-41346.1898
-41340.3560
-41343.3735
-41335.1928
-41340.4678
-41338.9255
-41338.6573
-41338.2997
-41343.8429
-41340.0208
-41342.5242
-41340.1325
-41345.8769
-41350.1908
-41355.9352
-41355.9128
-41348.1344
-41348.2015
-41353.4542
-41347.7992
-41346.0334
-41347.1733
-41345.8099
-41346.0781
-41338.8138
-41341.7865
-41338.9032
-41340.6466
-41345.2734
-41349.1179
-41345.4522
-41345.6310
-41343.5523
-41348.4474
-41339.8643
-41342.5465
-41342.3230
-41342.3230
-41343.0606
-41347.5533
-41348.6038
-41347.1063
-41350.8614
-41351.9342
-41353.1412
-41348.2909
-41346.4357
-41349.8555
-41351.8895
-41349.3861
-41355.2870
-41350.1237
-41350.3473
-41343.5523
-41348.6038
-41348.7826
-41353.4095
-41353.1189
-41354.1918
-41353.3647
-41352.0236
-41345.1617
-41351.5543
-41350.6825
-41347.0616
-41353.7894
-41354.7506
-41352.4036
-41353.3647
-41357.7233
-41357.7233
-41361.1432
-41360.6961
-41357.4775
-41352.6271
-41351.3531
-41351.7107
-41351.6660
-41351.2413
-41355.2423
-41352.1131
-41356.8963
-41354.4153
-41356.6728
-41355.1305
-41354.2141
-41348.2909
-41353.3871
-41350.2132
-41352.5601
-41352.9177
-41352.7389
-41354.3706
-41349.0509
-41351.7554
-41352.0683
-41353.3424
-41355.5999
-41345.2287
-41338.9479
-41336.2210
-41334.5669
-41338.1879
-41341.5183
-41353.1859
-41342.6583
-41340.4231
-41331.5271
-41334.9916
-41334.5446
-41345.6310
-41349.0285
-41351.0178
-41344.8934
-41345.8099
-41346.8827
-41351.3084
-41348.3803
-41341.5183
-41337.4056
-41333.4270
-41339.1490
-41336.6456
-41339.2831
-41343.0606
-41346.1228
-41343.1053
-41344.2229
-41334.9022
-41343.1500
-41347.2851
-41353.5212
-41354.2812
-41357.3210
-41355.8234
-41353.3200
-41346.1898
-41348.4250
-41358.9303
-41366.6417
-41357.7010
-41354.9294
-41357.6563
-41356.1811
-41357.4104
-41363.5124
-41363.0654
-41361.5902
-41358.8186
-41357.2540
-41354.6611
-41353.2083
-41349.7438
-41354.8623
-41360.7632
-41349.8779
-41354.1694
-41354.9964
-41361.8808
-41356.4940
-41359.8915
-41355.1752
-41349.2744
-41351.0625
-41356.1587
-41357.9916
-41365.1665
-41363.1325
-41358.6621
-41355.1082
-41362.1043
-41366.1723
-41362.0149
-41363.3560
-41359.4444
-41358.0810
-41359.2880
-41365.1218
-41362.8866
-41362.4619
-41355.6446
-41361.8361
-41358.2151
-41360.9867
-41359.1762
-41356.0693
-41359.6903
-41366.7981
-41363.8030
-41364.0489
-41367.3122
-41372.4308
-41368.9216
-41377.3482
-41369.2792
-41373.6378
-41370.7097
-41374.4424
-41369.8380
-41373.1460
-41370.7097
-41358.9080
-41366.1499
-41365.3453
-41371.1791
-41366.7087
-41368.6980
-41367.7816
-41365.4794
-41369.0333
-41370.6874
-41367.0887
-41372.4084
-41371.3356
-41375.2471
-41373.3249
-41375.0012
-41384.9031
-41375.7388
-41372.7437
-41372.5202
-41370.9109
-41367.6699
-41373.7942
-41368.2287
-41373.2131
-41371.7826
-41377.7952
-41378.1975
-41381.3938
-41373.5707
-41378.5775
-41383.0032
-41390.1334
-41386.5347
-41385.3724
-41382.3103
-41390.8486
-41386.7806
-41389.5969
-41380.5668
-41375.8506
-41369.1674
-41370.2403
-41366.9323
-41369.7486
-41373.6601
-41375.0683
-41376.9458
-41379.6504
-41379.6504
-41380.7680
-41372.2520
-41373.7272
-41376.3870
-41376.9235
-41376.3200
-41374.7107
-41375.8730
-41374.6883
-41375.7612
-41368.8322
-41378.6222
-41375.9847
-41372.2520
-41371.2908
-41374.5989
-41372.1626
-41373.8613
-41372.4978
-41372.3190
-41377.7058
-41371.6261
-41369.4804
-41369.0333
-41371.8496
-41373.9284
-41378.6669
-41377.0799
-41378.5775
-41375.9400
-41376.0518
-41371.2461
-41365.5912
-41360.0479
-41370.3297
-41366.6640
-41373.2354
-41377.9517
-41378.8904
-41383.6737
-41385.9536
-41378.7340
-41381.1927
-41378.6222
-41384.2996
-41384.3443
-41381.3044
-41383.0702
-41381.1927
-41390.2004
-41380.6562
-41384.5454
-41374.6883
-41384.3219
-41380.3880
-41384.6572
-41385.0819
-41387.2500
-41378.6669
-41384.1655
-41381.5503
-41386.2889
-41375.9847
-41377.7505
-41371.2685
-41383.1596
-41377.3705
-41383.0926
-41379.2481
-41379.2257
-41375.2695
-41378.1528
-41381.6621
-41376.4988
-41375.2918
-41372.1179
-41380.9021
-41383.6961
-41382.5785
-41386.5347
-41383.9866
-41382.8467
-41382.9808
-41385.5513
-41388.2558
-41386.8477
-41384.3890
-41378.8457
-41381.3268
-41377.9964
-41377.0576
-41380.0304
-41383.6290
-41379.1140
-41380.8350
-41376.5659
-41383.9643
-41381.9303
-41377.4376
-41377.0352
-41378.3540
-41377.3705
-41375.9624
-41385.1713
-41392.6815
-41385.7971
-41377.7281
-41384.7242
-41379.9633
-41392.3462
-41393.8438
-41387.9876
-41381.1703
-41381.9079
-41378.0858
-41378.5328
-41381.4385
-41380.5221
-41385.1936
-41382.8467
-41384.5231
-41385.8642
-41391.2286
-41391.5415
-41388.1888
-41392.0109
-41393.9332
-41394.1343
-41389.1052
-41377.6611
-41388.3229
-41387.3170
-41384.8584
-41383.7631
-41377.7058
-41379.1140
-41382.2656
-41376.9011
-41381.6397
-41384.0537
-41384.4113
-41379.8292
-41390.4686
-41393.0391
-41382.8467
-41385.0595
-41379.7175
-41380.1198
-41381.1033
-41378.3540
-41378.8681
-41382.8243
-41386.2665
-41382.3550
-41381.0139
-41386.6912
-41390.6475
-41398.4035
-41390.6251
-41393.5755
-41391.4745
-41398.2023
-41394.0896
-41392.3909
-41387.4065
-41392.4579
-41392.8826
-41396.8389
-41392.6591
-41392.0333
-41389.5969
-41391.9215
-41390.4016
-41387.4065
-41389.1722
-41396.0119
-41391.0945
-41392.6368
-41395.6095
-41401.6445
-41408.4394
-41407.2101
-41415.8826
-41414.4968
-41419.8612
-41416.9778
-41420.1741
-41413.4239
-41412.3510
-41406.6737
-41408.2830
-41418.3189
-41423.0351
-41412.8204
-41413.0663
-41416.1955
-41417.8048
-41424.6221
-41413.6027
-41416.0167
-41421.8281
-41422.8787
-41419.7718
-41418.2966
-41412.7086
-41421.1129
-41418.5871
-41418.7212
-41413.7368
-41415.4132
-41410.7417
-41416.4637
-41406.7407
-41412.2616
-41412.8874
-41419.2353
-41416.7543
-41419.1236
-41408.8865
-41416.2402
-41420.6659
-41423.7951
-41427.0361
-41428.1537
-41428.5113
-41428.4219
-41434.9933
-41421.7834
-41431.7076
-41429.6289
-41433.5852
-41425.0691
-41432.6240
-41430.1653
-41436.0886
-41435.2839
-41442.2576
-41440.3130
-41446.9515
-41447.6444
-41453.5453
-41451.6677
-41451.4666
-41450.3713
-41456.5404
-41453.6794
-41448.9408
-41455.6463
-41453.3888
-41457.8592
-41457.8815
-41457.3227
-41467.8727
-41479.0039
-41464.0953
-41468.6327
-41463.3577
-41459.0661
-41460.7425
-41459.0438
-41456.2498
-41463.7377
-41461.3907
-41471.2702
-41477.2381
-41468.6774
-41472.6784
-41478.2439
-41474.9806
-41483.5637
-41478.6686
-41478.3334
-41480.5685
-41482.4908
-41480.1438
-41480.9709
-41476.6793
-41479.0933
-41478.9816
-41477.5734
-41486.6035
-41484.3907
-41482.8037
-41480.3897
-41489.6880
-41486.2012
-41484.8154
-41490.2915
-41488.2352
-41486.1341
-41485.8212
-41486.9388
-41488.5034
-41485.6200
-41485.9553
-41486.2012
-41494.0243
-41492.2808
-41493.2196
-41491.2750
-41494.2478
-41500.4839
-41497.2653
-41491.5432
-41487.5423
-41489.5316
-41486.3129
-41498.8075
-41492.0797
-41493.9125
-41495.0525
-41497.7347
-41492.2138
-41492.8620
-41488.0340
-41495.8124
-41494.0466
-41494.5384
-41492.1691
-41500.1487
-41492.9514
-41488.1011
-41491.4762
-41495.6560
-41499.2546
-41506.7424
-41506.7201
-41508.8435
-41513.7832
-41507.0106
-41507.1224
-41505.9154
-41507.7259
-41507.5918
-41510.6763
-41505.4460
-41510.6316
-41507.3012
-41503.2555
-41492.4820
-41494.2031
-41498.3605
-41510.7881
-41500.4616
-41507.5918
-41507.0330
-41511.2128
-41505.2449
-41497.7794
-41499.9698
-41501.1098
-41496.0806
-41495.0972
-41487.3188
-41488.9281
-41494.5607
-41488.8610
-41491.4985
-41485.9106
-41492.6608
-41498.4723
-41497.4217
-41495.9465
-41492.1020
-41488.7940
-41498.1370
-41501.5792
-41504.9990
-41499.9475
-41499.3216
-41500.2604
-41506.8542
-41506.2060
-41505.8483
-41501.0427
-41495.5889
-41497.0641
-41494.2925
-41496.5947
-41501.3556
-41499.7016
-41503.2779
-41498.4052
-41498.8523
-41511.5033
-41508.0612
-41514.7667
-41507.1448
-41494.2254
-41497.8688
-41497.4217
-41494.9630
-41501.9815
-41500.4392
-41506.5636
-41509.0446
-41508.3517
-41508.0612
-41513.1350
-41506.6307
-41513.3585
-41513.5150
-41507.6141
-41502.2497
-41502.2050
-41502.3615
-41499.4781
-41501.6015
-41492.5714
-41501.0651
-41501.6015
-41501.5121
-41493.3314
-41498.4052
-41490.7386
-41495.7007
-41496.9524
-41505.0660
-41493.9349
-41492.3255
-41492.5491
-41499.3216
-41499.8581
-41504.2167
-41496.2147
-41492.5044
-41497.5559
-41507.2565
-41502.1827
-41481.3061
-41493.5772
-41483.8989
-41486.8270
-41478.4451
-41484.3236
-41482.2673
-41483.8766
-41482.7590
-41484.6589
-41483.6084
-41489.7774
-41489.4198
-41495.2760
-41490.3586
-41490.0457
-41481.5520
-41482.1779
-41490.4256
-41489.8669
-41487.4082
-41485.1059
-41485.7318
-41496.5277
-41500.5063
-41499.5899
-41504.5072
-41502.8979
-41507.3906
-41496.0583
-41506.8765
-41505.7142
-41499.9922
-41491.7667
-41495.0301
-41492.7726
-41497.7794
-41494.3148
-41494.6278
-41487.1846
-41487.2964
-41487.4976
-41493.7784
-41496.4606
-41501.5568
-41498.4946
-41494.1584
-41493.4655
-41495.5665
-41491.2974
-41493.4655
-41493.6890
-41493.1526
-41494.6278
-41489.7551
-41496.4606
-41496.4830
-41506.6977
-41503.5238
-41499.1205
-41492.2361
-41497.2206
-41500.2828
-41506.8318
-41499.5228
-41496.8182
-41495.2760
-41495.9912
-41492.5044
-41495.5218
-41493.5772
-41496.2818
-41489.5316
-41491.1633
-41492.7949
-41491.4985
-41496.3265
-41489.9116
-41486.9164
-41492.9961
-41497.0865
-41493.0855
-41493.7784
-41487.3858
-41495.5889
-41490.6715
-41502.6968
-41497.5559
-41497.9135
-41492.0573
-41501.1321
-41493.4208
-41495.9689
-41491.5432
-41489.8669
-41487.8328
-41491.7444
-41480.2332
-41487.6987
-41489.1069
-41490.8727
-41487.1176
-41491.2527
-41494.3819
-41485.2177
-41491.4315
-41487.0729
-41487.3858
-41488.0787
-41496.4606
-41498.6511
-41493.2867
-41491.5656
-41491.8562
-41487.2964
-41496.3042
-41495.0301
-41499.2993
-41499.7910
-41496.5053
-41487.5423
-41489.1069
-41491.2080
-41489.2187
-41487.0729
-41488.2575
-41484.1001
-41482.6249
-41482.3343
-41482.6025
-41483.3848
-41475.5617
-41476.5899
-41478.9145
-41479.9650
-41481.8426
-41489.8221
-41483.0049
-41483.7872
-41487.3188
-41488.8387
-41486.8270
-41493.4431
-41479.6298
-41477.8863
-41477.1934
-41481.7979
-41478.8921
-41480.2109
-41481.5967
-41486.2235
-41489.2187
-41485.4859
-41485.4636
-41484.3013
-41487.0729
-41488.5257
-41484.3907
-41487.2517
-41491.1856
-41489.7774
-41493.9349
-41488.8610
-41490.8503
-41488.9728
-41488.9728
-41486.3129
-41491.4538
-41482.7366
-41486.8717
-41487.5870
-41484.0777
-41483.7201
-41486.6706
-41496.0359
-41498.8970
-41478.9145
-41487.2740
-41475.0029
-41475.6288
-41475.8747
-41476.3440
-41477.2158
-41474.1536
-41479.4733
-41476.2323
-41489.3528
-41481.8202
-41483.3401
-41485.0612
-41497.4664
-41490.9174
-41489.6657
-41476.7464
-41476.7911
-41473.1030
-41479.6745
-41478.7580
-41478.1769
-41476.2099
-41486.6482
-41489.2410
-41484.4354
-41488.6152
-41490.3139
-41488.8387
-41487.4976
-41492.4150
-41490.8280
-41491.4538
-41496.2818
-41485.6200
-41484.6589
-41487.6540
-41489.0622
-41491.5432
-41486.7376
-41484.8601
-41484.4354
-41490.3809
-41487.4976
-41495.1866
-41490.4480
-41484.1672
-41492.4150
-41498.5393
-41498.0923
-41499.0758
-41491.0068
-41486.7153
-41492.7726
-41494.4043
-41500.7969
-41498.8523
-41492.6832
-41489.5092
-41485.5530
-41489.5763
-41491.1185
-41490.4703
-41495.2089
-41489.0175
-41493.4208
-41494.0243
-41498.8075
-41498.0923
-41498.1817
-41502.5850
-41501.0651
-41499.4557
-41499.1652
-41494.1807
-41503.9037
-41505.9154
-41501.0204
-41501.8250
-41499.2993
-41493.4655
-41491.1409
-41500.9533
-41502.5626
-41510.8551
-41511.5927
-41519.4829
-41513.1797
-41513.5821
-41506.8542
-41506.8765
-41511.0787
-41513.8056
-41507.2565
-41509.5140
-41503.6132
-41511.1010
-41506.6083
-41509.2235
-41504.5519
-41505.7813
-41514.2079
-41510.2740
-41513.0456
-41513.5150
-41515.1467
-41507.2565
-41502.5626
-41505.2672
-41512.8221
-41513.3138
-41511.1681
-41510.2740
-41512.2186
-41508.1282
-41523.9086
-41513.4032
-41516.1078
-41511.2128
-41513.6491
-41508.0835
-41511.5033
-41507.4577
-41508.2623
-41506.9883
-41507.9718
-41506.0942
-41509.1564
-41507.4353
-41509.4693
-41506.7424
-41509.1117
-41511.3245
-41517.4936
-41514.4985
-41510.6540
-41512.2633
-41511.3022
-41522.9027
-41518.5888
-41519.9970
-41516.1302
-41516.5772
-41509.0223
-41519.0806
-41514.4538
-41514.4091
-41514.8785
-41515.0573
-41516.0854
-41521.3605
-41516.3313
-41521.5840
-41523.0815
-41510.2069
-41513.6938
-41509.6705
-41516.5325
-41520.6899
-41523.5509
-41521.0699
-41523.6403
-41516.3760
-41518.9241
-41514.8114
-41519.1700
-41514.0738
-41516.3760
-41512.3527
-41509.6928
-41511.7492
-41515.9290
-41514.2526
-41517.7171
-41519.7288
-41523.1710
-41521.0252
-41522.9027
-41519.1476
-41515.0126
-41516.4431
-41511.3692
-41522.1428
-41516.6889
-41529.4071
-41513.7609
-41522.0981
-41519.7288
-41525.2050
-41522.4557
-41521.6510
-41522.7463
-41527.6189
-41529.8318
-41528.2895
-41526.4120
-41526.4567
-41521.9640
-41526.5908
-41521.3605
-41522.0757
-41528.3119
-41530.4576
-41526.3002
-41524.0650
-41525.4061
-41527.8201
-41530.8600
-41524.1321
-41527.1496
-41526.0320
-41526.4120
-41520.0417
-41527.4178
-41530.1000
-41527.1496
-41528.6471
-41537.4537
-41530.1670
-41539.3983
-41536.8055
-41542.0805
-41540.2700
-41543.0864
-41538.3031
-41546.5062
-41548.1826
-41551.6471
-41543.4663
-41546.4168
-41546.9979
-41543.5781
-41546.6179
-41546.2380
-41549.9260
-41542.0358
-41545.5227
-41542.5723
-41542.6170
-41549.5237
-41545.7462
-41544.8745
-41542.3487
-41538.4819
-41540.7171
-41543.9357
-41545.1874
-41541.0523
-41548.7413
-41546.9309
-41551.8482
-41547.8026
-41543.7346
-41542.1252
-41550.3507
-41556.0951
-41552.6976
-41551.8482
-41542.2817
-41545.3215
-41541.9688
-41544.1369
-41536.0009
-41545.9474
-41544.8745
-41556.7433
-41545.2098
-41542.6840
-41532.9834
-41541.5888
-41554.6422
-41554.9104
-41551.6471
-41563.2029
-41561.7724
-41558.6208
-41563.9629
-41566.1757
-41561.6383
-41563.2700
-41562.2642
-41563.0912
-41561.6607
-41552.0271
-41554.5081
-41557.8832
-41564.7452
-41562.9347
-41567.7180
-41561.9289
-41567.1592
-41563.3817
-41565.7287
-41561.5489
-41563.8064
-41563.1359
-41566.0192
-41562.6665
-41563.9852
-41567.9638
-41571.4954
-41570.5566
-41573.3953
-41554.3516
-41561.5042
-41561.7501
-41567.5168
-41573.5294
-41570.9143
-41569.9532
-41562.7335
-41567.0251
-41568.0980
-41565.9969
-41563.9182
-41569.9755
-41567.2486
-41575.7199
-41575.2282
-41572.0766
-41572.3895
-41565.0805
-41565.7287
-41574.7811
-41579.6091
-41577.6198
-41569.9979
-41569.3497
-41560.6772
-41562.1747
-41563.6723
-41564.8346
-41565.7063
-41568.7238
-41569.9308
-41566.9357
-41570.8025
-41570.7131
-41571.9648
-41573.9318
-41568.4779
-41559.9396
-41566.9133
-41564.4770
-41561.1019
-41563.6947
-41570.5119
-41573.0377
-41570.6908
-41572.0095
-41571.0484
-41568.1427
-41568.6120
-41570.2661
-41568.8132
-41570.1320
-41569.0814
-41567.6286
-41561.0795
-41567.4498
-41571.9648
-41574.3788
-41579.5868
-41585.3088
-41578.3798
-41582.3360
-41578.2680
-41583.0960
-41574.4682
-41574.8258
-41571.4507
-41576.5916
-41576.6587
-41570.0873
-41578.3127
-41579.7432
-41576.3905
-41581.9113
-41587.4322
-41591.6343
-41591.6567
-41587.9687
-41584.8841
-41585.0406
-41587.9463
-41582.4925
-41583.8559
-41589.1757
-41587.9463
-41576.7481
-41587.3875
-41570.4672
-41570.9366
-41575.4964
-41580.2573
-41576.7257
-41577.7539
-41576.9269
-41578.0668
-41575.4293
-41575.7870
-41573.5965
-41571.0931
-41567.5392
-41567.6062
-41566.9133
-41565.2816
-41566.3769
-41569.8190
-41573.4400
-41569.8637
-41567.4945
-41561.2583
-41566.2875
-41562.5324
-41569.1261
-41568.4779
-41574.1329
-41568.7238
-41574.3564
-41569.3050
-41564.1417
-41567.4498
-41573.5294
-41573.5965
-41580.0561
-41568.2768
-41573.3283
-41572.1660
-41569.3720
-41568.7238
-41563.4935
-41557.9726
-41563.0465
-41567.4051
-41563.7394
-41570.0649
-41563.0465
-41572.1213
-41573.0824
-41565.4381
-41566.0416
-41576.8598
-41569.4614
-41568.9250
-41567.9862
-41561.5712
-41570.6908
-41575.4070
-41581.9113
-41579.1621
-41582.2913
-41581.6655
-41577.7316
-41583.4983
-41578.0668
-41577.9998
-41584.0348
-41582.1572
-41581.3749
-41575.0270
-41581.3525
-41575.2505
-41586.1805
-41581.0173
-41581.6878
-41581.8666
-41584.2583
-41579.1397
-41591.2991
-41590.6285
-41583.6101
-41577.1728
-41584.6159
-41582.1349
-41583.2971
-41581.9337
-41585.3982
-41581.3078
-41579.7432
-41574.3117
-41571.5401
-41572.0766
-41570.8696
-41575.3399
-41564.9687
-41570.1767
-41574.0212
-41574.2670
-41571.0037
-41570.6684
-41566.0416
-41574.8705
-41573.7753
-41574.0212
-41568.9026
-41570.0426
-41569.5955
-41570.1543
-41561.6607
-41569.9308
-41573.9094
-41570.4672
-41570.4896
-41569.7520
-41566.3992
-41570.9366
-41572.5683
-41572.7918
-41571.7189
-41570.1767
-41572.9036
-41568.3662
-41576.3458
-41570.6461
-41570.0426
-41567.4274
-41570.6237
-41565.1922
-41577.6198
-41573.8424
-41580.3244
-41571.7860
-41569.2602
-41569.1485
-41561.1242
-41561.8171
-41566.6004
-41573.5071
-41570.2661
-41562.3536
-41565.0134
-41562.5771
-41565.5275
-41575.1388
-41569.4614
-41568.2321
-41567.3827
-41566.9804
-41566.1757
-41565.9969
-41566.6227
-41568.4779
-41565.2816
-41567.8521
-41574.1776
-41574.8929
-41569.7520
-41566.1757
-41561.5712
-41569.2155
-41562.4653
-41562.4877
-41561.2807
-41560.9007
-41561.5042
-41563.3817
-41557.7044
-41556.0727
-41563.2029
-41561.7054
-41566.5557
-41562.7335
-41566.8463
-41561.2360
-41565.4381
-41566.7792
-41563.6500
-41563.4041
-41568.0980
-41565.7510
-41570.5790
-41568.6344
-41567.7403
-41565.9298
-41567.6509
-41564.7675
-41570.2437
-41568.6791
-41571.6519
-41570.5119
-41563.0688
-41569.0814
-41566.9580
-41570.7578
-41578.5139
-41576.4575
-41571.6519
-41580.1232
-41585.0853
-41589.9356
-41582.2690
-41581.0173
-41580.8385
-41582.2913
-41577.1728
-41580.1455
-41572.9259
-41579.6091
-41575.1835
-41577.6198
-41574.0659
-41584.7724
-41580.3914
-41583.3866
-41581.9560
-41582.2243
-41579.9667
-41581.1737
-41590.4273
-41578.7150
-41585.6441
-41582.0678
-41585.2417
-41580.5032
-41583.3418
-41581.3525
-41583.0289
-41578.7150
-41581.6208
-41587.9687
-41586.4264
-41584.5488
-41587.1640
-41581.7996
-41583.4760
-41587.2534
-41584.7947
-41581.8219
-41589.4662
-41589.2204
-41589.8015
-41584.8171
-41590.4721
-41594.2718
-41599.0998
-41598.7869
-41596.3506
-41596.5070
-41596.8647
-41592.5731
-41595.1659
-41595.7918
-41591.8132
-41594.6071
-41598.3846
-41603.4361
-41599.8821
-41602.4749
-41597.0211
-41601.4021
-41598.3399
-41597.6246
-41600.5750
-41602.7432
-41602.9443
-41602.8326
-41605.8277
-41612.8238
-41616.0424
-41613.4720
-41611.1698
-41605.3583
-41609.6946
-41614.8131
-41602.5420
-41607.3253
-41609.9404
-41605.8724
-41614.7684
-41615.2378
-41619.0599
-41623.6420
-41628.2912
-41625.6984
-41626.0113
-41618.6129
-41624.8937
-41627.4642
-41621.5410
-41616.2883
-41621.6080
-41623.0162
-41622.7927
-41622.5915
-41623.9997
-41625.1396
-41630.8170
-41634.9520
-41629.9899
-41634.0580
-41625.7655
-41625.7431
-41620.8704
-41625.0949
-41621.4516
-41630.7499
-41624.4244
-41632.2028
-41628.8724
-41638.8412
-41637.7460
-41624.2232
-41623.5303
-41621.9210
-41619.9540
-41621.1834
-41624.2008
-41624.1338
-41626.0784
-41622.3903
-41622.4127
-41622.2115
-41632.0686
-41624.5585
-41625.2737
-41624.4691
-41627.1513
-41626.0560
-41633.7674
-41630.3029
-41632.1357
-41632.0686
-41637.3437
-41639.3106
-41643.8033
-41637.6789
-41641.8811
-41641.6352
-41643.1775
-41638.7742
-41636.9190
-41634.3932
-41636.7849
-41638.6848
-41639.9365
-41640.6517
-41640.3611
-41657.2144
-41648.3854
-41654.1522
-41651.0229
-41652.9228
-41654.2192
-41656.5215
-41653.5263
-41658.5331
-41656.4321
-41651.1794
-41644.9209
-41654.3980
-41648.9666
-41653.2134
-41653.2581
-41649.1007
-41651.1123
-41656.4991
-41654.8674
-41652.9452
-41654.7557
-41655.4933
-41657.5720
-41655.5156
-41653.1910
-41649.2124
-41653.4816
-41652.7440
-41653.1016
-41642.4622
-41638.5954
-41618.9705
-41613.0920
-41594.9424
-41587.8345
-41564.4323
-41564.3876
-41560.1854
-41570.4449
-41578.7374
-41585.9123
-41588.1475
-41593.2437
-41598.8763
-41605.1571
-41611.2815
-41616.6012
-41618.8588
-41623.0385
-41633.6109
-41634.5050
-41639.2659
-41641.5905
-41643.2669
-41640.9199
-41647.9160
-41649.5254
-41655.0239
-41661.1259
-41666.5350
-41658.8684
-41661.8635
-41652.3640
-41661.7965
-41658.3767
-41660.0977
-41664.0763
-41667.2279
-41663.6517
-41668.4349
-41669.3290
-41667.4291
-41668.4126
-41661.8859
-41663.9199
-41659.5613
-41672.7041
-41671.1395
-41663.9869
-41661.5282
-41662.5564
-41660.5001
-41662.5341
-41660.7906
-41662.8470
-41655.6050
-41663.3834
-41660.8130
-41660.2542
-41659.1813
-41658.3543
-41649.3018
-41650.1065
-41654.0404
-41650.2853
-41649.3242
-41653.2581
-41659.0919
-41661.0365
-41662.6458
-41661.4165
-41662.1541
-41660.2989
-41667.1385
-41665.3504
-41668.7479
-41660.7459
-41663.5176
-41665.0822
-41671.1619
-41669.2172
-41670.6031
-41661.1706
-41668.2114
-41667.7867
-41667.1385
-41664.4340
-41668.0997
-41664.2105
-41662.3776
-41659.6731
-41664.3669
-41672.1006
-41669.5525
-41665.3504
-41661.9753
-41669.9772
-41676.2580
-41679.5885
-41668.3902
-41667.2056
-41659.5166
-41665.3951
-41656.6109
-41660.5224
-41657.6167
-41659.3601
-41659.8742
-41661.2377
-41660.3883
-41659.4048
-41663.0929
-41665.4845
-41666.6021
-41666.1998
-41670.6701
-41652.9228
-41655.5603
-41649.1677
-41655.9180
-41657.5273
-41652.5876
-41645.3009
-41652.8558
-41650.1959
-41653.3699
-41649.1901
-41654.9568
-41656.7897
-41659.7178
-41654.3310
-41654.0181
-41647.9384
-41657.8402
-41658.8907
-41659.6284
-41651.1347
-41654.7780
-41654.6886
-41652.7664
-41659.7401
-41658.1755
-41648.6536
-41651.3359
-41647.8266
-41646.0385
-41650.6877
-41648.0949
-41654.5545
-41656.2756
-41659.7178
-41654.7557
-41662.0423
-41656.2309
-41660.0977
-41660.0530
-41659.2037
-41659.0025
-41657.7508
-41660.5224
-41659.3378
-41652.3417
-41653.0122
-41656.0297
-41660.8800
-41659.0249
-41656.3203
-41657.4602
-41663.9422
-41671.4971
-41669.4184
-41662.7352
-41658.9802
-41655.1357
-41652.0064
-41656.9461
-41662.1988
-41665.2386
-41647.8043
-41651.4253
-41656.9014
-41663.9199
-41658.9578
-41653.4369
-41664.5234
-41662.6235
-41655.6050
-41651.4923
-41653.8616
-41654.8227
-41656.9908
-41649.8159
-41650.5535
-41648.0949
-41651.2464
-41647.8490
-41654.7780
-41653.5040
-41651.3806
-41645.8820
-41648.6983
-41652.6993
-41652.4311
-41660.4554
-41649.6148
-41639.4894
-41641.0093
-41639.9588
-41636.3825
-41633.1639
-41640.2047
-41638.0366
-41642.1493
-41634.4826
-41638.0589
-41641.0093
-41645.5915
-41645.8150
-41642.2834
-41638.2824
-41637.5672
-41637.3213
-41639.4224
-41643.2445
-41642.1269
-41642.2163
-41635.5108
-41640.6070
-41637.6342
-41645.1891
-41641.2776
-41641.5458
-41639.6682
-41641.0093
-41651.8946
-41641.8364
-41644.8315
-41646.7761
-41646.9549
-41647.1114
-41654.2863
-41652.6993
-41649.8383
-41648.7207
-41651.8946
-41652.5205
-41656.4991
-41657.0803
-41657.9967
-41656.9014
-41652.5205
-41654.8674
-41661.7071
-41658.9131
-41657.7061
-41656.5438
-41661.5059
-41655.9850
-41662.2882
-41649.4807
-41651.4476
-41650.8665
-41654.4874
-41654.0851
-41650.7994
-41648.1396
-41646.9326
-41645.4350
-41645.7032
-41649.0336
-41650.8665
-41651.3582
-41644.8762
-41647.1114
-41648.1172
-41656.7003
-41648.3854
-41650.7100
-41647.6925
-41653.4593
-41652.4311
-41656.6779
-41654.7557
-41659.7848
-41653.7275
-41657.5943
-41655.6050
-41659.6284
-41656.3873
-41660.5448
-41654.8674
-41658.1531
-41668.9043
-41663.6070
-41660.5224
-41654.8898
-41657.6390
-41658.5331
-41662.3106
-41665.1939
-41663.3611
-41657.4602
-41661.5953
-41659.8966
-41666.5797
-41666.3115
-41671.1842
-41674.7828
-41686.0481
-41686.1375
-41684.7741
-41677.5544
-41675.0511
-41681.3319
-41683.3212
-41682.0024
-41677.4203
-41677.0404
-41685.0870
-41684.3494
-41674.0676
-41672.0559
-41678.6720
-41682.4718
-41679.6555
-41690.4514
-41691.5690
-41684.0141
-41694.1394
-41688.1045
-41684.1035
-41688.9315
-41685.1093
-41683.6788
-41682.2483
-41688.5068
-41684.5505
-41685.4446
-41685.8917
-41693.7148
-41690.1608
-41691.9490
-41689.4232
-41690.6973
-41691.1890
-41685.8246
-41692.6866
-41694.2512
-41691.5690
-41692.2619
-41696.7546
-41692.6642
-41691.8372
-41688.7750
-41694.8994
-41691.1443
-41691.9043
-41694.6982
-41702.6108
-41695.2123
-41698.3416
-41694.5641
-41695.1900
-41694.5865
-41699.3027
-41697.0452
-41698.7439
-41698.4086
-41701.0908
-41699.8168
-41699.9732
-41698.4086
-41693.4242
-41698.8333
-41698.9451
-41700.9344
-41701.1132
-41711.1491
-41704.8236
-41703.6389
-41706.8352
-41707.1258
-41697.0675
-41700.9120
-41700.1744
-41705.4271
-41695.3911
-41701.1355
-41694.6982
-41699.1909
-41700.4650
-41705.6953
-41706.0306
-41702.5437
-41701.4708
-41702.8343
-41701.7390
-41703.5942
-41701.9849
-41704.5554
-41701.5155
-41693.6030
-41697.1346
-41692.6866
-41694.3853
-41692.6642
-41697.2016
-41693.9383
-41700.1074
-41698.9674
-41698.3639
-41688.0151
-41695.3464
-41694.0277
-41700.2862
-41699.1462
-41705.4494
-41704.6001
-41705.3824
-41702.1637
-41698.9674
-41699.2803
-41703.6613
-41707.7517
-41702.6331
-41699.3474
-41699.7497
-41702.1414
-41696.4640
-41699.4368
-41696.3299
-41703.1919
-41697.6934
-41699.5709
-41699.5486
-41706.7458
-41703.1919
-41710.4786
-41704.9130
-41703.0131
-41698.5651
-41702.6331
-41703.0131
-41697.0899
-41695.7488
-41697.4252
-41697.9392
-41694.6312
-41700.5544
-41694.4300
-41701.6049
-41697.0899
-41704.7565
-41702.6108
-41705.2259
-41697.8722
-41693.4018
-41688.3950
-41696.6652
-41689.7138
-41695.8158
-41693.1560
-41699.3698
-41695.5700
-41695.8605
-41687.4786
-41697.4252
-41703.4378
-41700.2415
-41700.8673
-41700.8226
-41702.9907
-41696.3076
-41692.9324
-41685.9140
-41688.9091
-41691.0773
-41698.0734
-41685.4446
-41679.5661
-41672.2571
-41679.1191
-41693.8712
-41686.3163
-41682.0248
-41685.1987
-41678.6273
-41686.0705
-41680.8849
-41679.4096
-41683.6118
-41684.1929
-41680.6613
-41687.7021
-41685.8022
-41681.0190
-41666.3115
-41650.3077
-41628.2241
-41603.4361
-41588.9074
-41580.4808
-41581.1737
-41575.3623
-41581.7549
-41586.3146
-41595.2106
-41600.2845
-41613.1144
-41615.3495
-41619.5293
-41627.8442
-41631.3757
-41642.1940
-41645.8373
-41652.9899
-41653.7498
-41652.5652
-41659.9413
-41659.4942
-41667.0715
-41671.0277
-41680.9966
-41688.1492
-41690.1161
-41699.7274
-41693.3348
-41688.8197
-41687.9033
-41691.0549
-41692.1948
-41693.0219
-41689.0209
-41696.3970
-41698.1181
-41695.3688
-41698.3863
-41698.6321
-41698.1851
-41705.4941
-41704.8012
-41707.5281
-41701.1579
-41704.4883
-41703.2813
-41702.5884
-41698.9227
-41703.1025
-41713.9207
-41696.9111
-41706.0753
-41701.6049
-41701.7390
-41699.3921
-41702.1190
-41696.9558
-41703.9742
-41701.8731
-41704.1307
-41702.8343
-41705.9635
-41704.8012
-41714.6583
-41710.2998
-41714.1666
-41706.0529
-41707.3270
-41709.4057
-41709.2939
-41711.0821
-41716.4912
-41718.9946
-41721.0286
-41722.7720
-41715.9547
-41721.8109
-41719.1734
-41721.9227
-41723.5096
-41722.3473
-41718.7934
-41719.8216
-41716.6477
-41721.6321
-41719.9110
-41726.5271
-41721.0509
-41725.6778
-41725.6107
-41721.6544
-41716.0665
-41724.9849
-41726.1471
-41733.6797
-41735.1549
-41735.3114
-41737.7030
-41746.5543
-41744.6097
-41733.4562
-41739.6029
-41742.1957
-41752.3881
-41747.4707
-41748.9459
-41744.8332
-41748.1636
-41747.8060
-41749.9741
-41749.2141
-41750.0635
-41743.0898
-41752.7904
-41751.1587
-41750.4658
-41747.0907
-41751.9858
-41744.0509
-41751.6505
-41755.0927
-41752.4998
-41756.1208
-41743.3356
-41742.4639
-41748.0295
-41748.1189
-41747.1578
-41753.1928
-41749.8176
-41747.7389
-41740.5417
-41750.0859
-41749.8847
-41752.4998
-41753.2151
-41757.0373
-41751.2258
-41752.3210
-41747.7613
-41751.1140
-41755.0032
-41759.1383
-41756.0091
-41764.1004
-41764.0557
-41761.7982
-41756.6796
-41757.9760
-41761.3958
-41766.7379
-41769.8448
-41770.9624
-41771.0965
-41772.8176
-41774.1363
-41770.7836
-41766.8720
-41762.5358
-41761.8429
-41758.7807
-41763.6981
-41773.5775
-41766.4920
-41764.3686
-41767.9002
-41766.9167
-41775.8351
-41776.1480
-41779.6125
-41771.9682
-41774.2928
-41767.9896
-41768.8166
-41772.6388
-41770.0907
-41768.1684
-41760.8147
-41763.9886
-41763.7204
-41770.3589
-41767.0061
-41771.6776
-41774.6281
-41777.2209
-41768.8390
-41775.9692
-41771.9682
-41773.7787
-41781.6912
-41772.6388
-41767.6320
-41765.8662
-41761.3511
-41764.1451
-41760.0100
-41758.8924
-41761.2394
-41764.0333
-41758.8030
-41755.9867
-41759.4959
-41758.1772
-41760.2112
-41769.7554
-41751.7399
-41755.5173
-41757.2831
-41752.8798
-41759.9206
-41755.8303
-41758.8254
-41759.3395
-41762.6699
-41754.0645
-41756.2326
-41762.8487
-41762.6475
-41765.1733
-41766.0003
-41763.2734
-41773.6670
-41770.2918
-41767.9449
-41766.8720
-41769.1743
-41768.7719
-41762.8040
-41760.6806
-41758.3337
-41762.8264
-41761.6641
-41764.3463
-41766.2462
-41771.7894
-41762.6699
-41765.6427
-41764.8604
-41774.2034
-41766.0003
-41771.4988
-41772.9293
-41755.6291
-41754.6456
-41762.4017
-41758.8030
-41760.6806
-41758.3337
-41756.1879
-41753.6621
-41760.1441
-41764.2122
-41760.7253
-41761.4629
-41761.9546
-41765.8438
-41763.1169
-41772.3929
-41766.6038
-41772.5270
-41769.6883
-41771.5435
-41759.1830
-41760.2112
-41755.8303
-41762.6475
-41757.7972
-41762.8711
-41755.1821
-41748.4095
-41751.6281
-41753.3269
-41752.9022
-41756.2326
-41756.6349
-41754.8691
-41754.3997
-41759.7865
-41763.4522
-41763.2734
-41760.7700
-41756.6796
-41758.7583
-41751.6281
-41755.5397
-41750.1529
-7056.1999
-14105.4260
-14117.7194
-14119.8428
-14118.3006
-14115.4395
-14114.2996
-14114.9702
-14111.3715
-14116.4677
-14097.0441
-14103.1014
-14096.8652
-14096.7982
-14098.1616
-14105.2919
-14099.8604
-14106.1636
-14104.6660
-14109.0693
-14109.6504
-14110.1645
-14107.5270
-14114.7913
-14110.1198
-14106.7671
-14101.5144
-14102.0956
-14109.8963
-14111.6621
-14108.9575
-14111.7068
-14110.4551
-14107.8847
-14109.5834
-14108.1976
-14112.5785
-14108.5776
-14113.1820
-14103.0790
-14104.3307
-14096.2618
-14100.5980
-14101.9614
-14099.6592
-14096.5747
-14104.7778
-14110.0751
-14099.0557
-14099.4581
-14101.4250
-14093.2443
-14098.9663
-14099.1004
-14097.3346
-14107.2365
-14106.4094
-14094.8983
-14103.7496
-14107.9294
-14098.8993
-14097.5358
-14107.2588
-14114.6125
-14114.6125
-14113.9643
-14112.0644
-14119.3064
-14116.7583
-14117.2947
-14114.3220
-14118.0324
-14112.6679
-14112.1315
-14110.8127
-14109.4269
-14110.1422
-14117.0265
-14120.9828
-14110.8127
-14109.5387
-14108.4658
-14106.8341
-14102.3638
-14107.1023
-14107.3259
-14109.5387
-14108.4435
-14110.0081
-14109.9187
-14115.4843
-14113.0926
-14118.9711
-14118.2335
-14123.5085
-14126.1684
-14121.5416
-14110.5669
-14109.6057
-14113.7632
-14096.4406
-14103.0567
-14102.7214
-14098.6757
-14092.1714
-14102.5873
-14103.7496
-14105.4483
-14095.2112
-14102.4085
-14108.1082
-14111.2151
-14110.6116
-14108.5552
-14107.1471
-14108.5105
-14109.4940
-14120.7816
-14111.2151
-14115.3501
-14109.4269
-14116.1548
-14107.5941
-14110.8798
-14102.5202
-14108.4658
-14110.5222
-14097.5134
-14109.4046
-14108.5776
-14103.2355
-14102.1403
-14107.1471
-14113.2491
-14116.7583
-14110.2763
-14116.3113
-14114.0314
-14113.7185
-14113.5173
-14124.2908
-14117.6077
-14122.5027
-14120.7369
-14121.0275
-14115.6631
-14114.1655
-14111.0810
-14106.8341
-14001.1104
-14136.4949
-14170.3131
-14156.0974
-14136.3384
-14126.3472
-14120.1334
-14115.2384
-14115.9760
-14118.6135
-14127.6660
-14126.9060
-14122.0780
-14119.2617
-14123.6426
-14124.2685
-14126.3025
-14120.1781
-14119.0605
-14118.0100
-14125.2520
-14123.0615
-14123.3074
-14120.8040
-14113.7185
-14110.9245
-14120.8263
-14119.9099
-14115.7301
-14116.2442
-14120.7816
-14128.4036
-14131.3093
-14121.2957
-14117.7418
-14115.2607
-14114.9702
-14115.7748
-14114.2102
-14122.8380
-14116.4454
-14120.8934
-14110.8798
-14112.9362
-14110.9021
-14117.4289
-14119.2840
-14120.7146
-14115.3501
-14118.8147
-14121.8098
-14124.7826
-14121.9216
-14115.7301
-14116.1772
-14124.4026
-14128.6718
-14127.4201
-14129.3647
-14125.3637
-14131.6222
-14133.5445
-14141.7028
-14137.5231
-14133.1868
-14126.3919
-14123.4862
-14117.8982
-14124.3579
-14118.3676
-14125.6543
-14126.6601
-14125.4978
-14124.0450
-14128.9624
-14130.1693
-14142.5522
-14137.9701
-14142.3958
-14132.0022
-14129.7670
-14134.8185
-14133.8797
-14132.8292
-14131.6893
-14133.3433
-14130.2364
-14131.8234
-14131.8234
-14078.3357
-13924.4662
-13916.9337
-13950.9531
-14008.5535
-14041.2988
-14073.9771
-14086.6952
-14098.6534
-14101.8720
-14113.2267
-14112.8914
-14118.5911
-14123.2180
-14129.2753
-14126.7272
-14121.6757
-14122.7709
-14124.1791
-14120.4016
-14119.6417
-14123.5309
-14123.4638
-14118.6806
-14115.7301
-14119.3064
-14121.0498
-14132.0469
-14126.3025
-14124.1567
-14121.7204
-14117.3841
-14117.0042
-14121.1839
-14119.9099
-14125.9672
-14116.1772
-14119.4405
-14123.8438
-14127.5765
-14132.1810
-14132.2257
-14139.3783
-14131.7340
-14132.1810
-14134.0809
-14130.9740
-14126.8836
-14128.5153
-14128.4930
-14132.9633
-14126.6825
-14129.9682
-14126.2354
-14132.4716
-14123.9332
-14132.2481
-14131.7340
-14133.8127
-14227.8465
-14504.2034
-14441.9315
-14316.5158
-14235.2225
-14183.1877
-14152.5211
-14137.9925
-14132.0022
-14132.3822
-14136.6961
-14130.2364
-14130.9964
-14124.5144
-14126.4143
-14138.7748
-14137.5231
-14132.3598
-14143.3345
-14143.3792
-14142.5969
-14146.2403
-14151.0459
-14143.2898
-14138.1713
-14130.1246
-14137.7689
-14134.5503
-14133.1868
-14136.3384
-14135.3773
-14134.7962
-14142.2840
-14140.5853
-14127.2860
-14132.2928
-14126.9730
-14126.2801
-14125.4084
-14127.3977
-14137.9254
-14146.1061
-14137.2772
-14138.9759
-14135.7126
-14133.2315
-14132.3151
-14132.1587
-14128.9176
-14130.0799
-14132.3375
-14128.7612
-14123.6873
-14130.6834
-14129.2976
-14132.0692
-14134.7291
-14134.4609
-14128.4483
-14133.2762
-14129.8341
-14124.5814
-14126.2131
-14127.1519
-14131.0634
-14125.1179
-14124.5591
-14128.4036
-14130.3258
-14125.3637
-14136.8972
-14133.2539
-14140.8535
-14138.1489
-14144.6309
-14137.1654
-14137.2772
-14130.3482
-14126.4143
-14124.8720
-14127.5989
-14122.5251
-14129.1635
-14129.4317
-14123.6650
-14124.4697
-14126.1907
-14122.9497
-14123.0838
-14125.1849
-14119.4629
-14126.9507
-14131.3987
-14131.1081
-14125.1179
-14135.9808
-14133.6339
-14129.7000
-14123.4638
-14121.1616
-14122.1898
-14126.9507
-14119.8875
-14121.0945
-14124.7826
-14128.6494
-14126.9730
-14130.3705
-14123.4191
-14132.1139
-14125.7661
-14129.3647
-14137.1878
-14130.0352
-14130.3258
-14126.9283
-14128.0683
-14118.8147
-14121.6310
-14124.0673
-14127.9118
-14128.2024
-14133.9244
-14125.4084
-14129.6329
-14128.7388
-14127.5989
-14124.0226
-14135.1761
-14134.2150
-14132.5610
-14122.3239
-14127.2636
-14135.8243
-14125.0508
-14131.6446
-14132.8963
-14129.5882
-14131.1528
-14131.5105
-14131.8681
-14145.1227
-14134.6844
-14140.1829
-14137.5454
-14148.9225
-14154.3986
-14147.9837
-14139.2218
-14141.0323
-14131.1081
-14134.4385
-14131.7563
-14137.7913
-14134.5726
-14135.8914
-14126.5484
-14128.2024
-14130.3482
-14127.6660
-14123.7097
-14118.3006
-14124.0226
-14128.0906
-14129.5659
-14121.6310
-14124.4920
-14118.3229
-14120.9604
-14118.4347
-14127.5989
-14120.0217
-14121.5863
-14120.5581
-14120.9604
-14122.7039
-14125.4755
-14119.7981
-14126.4143
-14123.7320
-14134.4162
-14135.2432
-14126.4366
-14128.9624
-14139.3112
-14125.2296
-14123.1285
-14124.8049
-14120.6475
-14122.3462
-14132.0022
-14132.6504
-14123.7544
-14133.3209
-14134.3491
-14135.2879
-14132.8963
-14140.2053
-14137.6795
-14140.6970
-14138.0148
-14137.5454
-14127.8448
-14131.4210
-14128.3812
-14129.6553
-14121.3404
-14120.3122
-14125.3637
-14125.1402
-14127.2860
-14122.6815
-14119.6864
-14127.6212
-14128.7612
-14127.7777
-14135.4891
-14140.3841
-14144.2062
-14149.3248
-14145.6815
-14130.6834
-14127.8895
-14129.9235
-14131.8457
-14126.9730
-14133.2539
-14125.4531
-14124.6261
-14129.7670
-14135.4220
-14132.3822
-14134.6844
-14142.7310
-14150.3083
-14176.8845
-14222.9291
-14300.4002
-14387.5050
-14467.1442
-14488.5349
-14521.0343
-14539.0945
-14544.0790
-14537.0158
-14532.2102
-14526.7787
-14523.4036
-14521.7719
-14528.0304
-14529.3044
-14539.5192
-14531.2267
-14541.2626
-14537.3734
-14543.9672
-14547.6552
-14547.7446
-14546.1800
-14551.0080
-14546.3812
-14548.0799
-14547.5211
-14542.9167
-14547.4541
-14549.6445
-14541.2850
-14528.4551
-14530.6008
-14527.3598
-14522.7777
-14512.1607
-14523.4259
-14515.1111
-14516.9216
-14509.0761
-14505.6563
-14502.8623
-14510.8196
-14498.4143
-14400.4466
-14286.8104
-14314.1466
-14356.8607
-14401.1395
-14419.3115
-14435.1813
-14454.8508
-14465.8255
-14480.6894
-14490.9936
-14726.5586
-14804.4991
-14697.8590
-14598.6843
-14542.1343
-14501.3871
-14495.3969
-14485.8527
-14488.0431
-14483.1481
-14487.0373
-14478.4989
-14481.3823
-14473.0898
-14472.2404
-14464.7303
-14454.2473
-14456.3484
-14460.1705
-14460.5952
-14457.7565
-14451.0510
-14442.0432
-14452.7497
-14452.0792
-14454.1802
-14452.8391
-14450.3357
-14444.5913
-14446.4242
-14442.6467
-14452.6603
-14441.1045
-14439.8975
-14432.5661
-14433.4378
-14437.6846
-14441.2386
-14433.6613
-14431.9626
-14430.5768
-14436.2318
-14429.9509
-14433.1025
-14427.3805
-14427.3581
-14429.2133
-14430.8674
-14432.4767
-14436.7906
-14432.7002
-14426.7099
-14426.2629
-14426.2853
-14437.0588
-14427.5817
-14433.9072
-14426.1288
-14435.5612
-14422.9548
-14422.3961
-14413.3659
-14422.2396
-14418.8868
-14420.2056
-14416.7187
-14419.6021
-14410.1920
-14413.4107
-14419.0880
-14423.0890
-14427.6487
-14426.4864
-14430.0627
-14422.6196
-14415.0200
-14408.8956
-14410.7508
-14410.3038
-14413.1648
-14418.1269
-14417.2775
-14416.6517
-14418.3280
-14414.1706
-14421.1891
-14419.0433
-14419.8927
-14422.7313
-14420.9655
-14416.9422
-14424.0501
-14420.4962
-14419.1551
-14415.2211
-14420.0938
-14417.7692
-14415.3776
-14418.1939
-14417.0763
-14418.2833
-14415.0870
-14419.6468
-14413.9471
-14421.7255
-14421.0997
-14423.2231
-14414.8412
-14420.5632
-14422.6643
-14426.2182
-14411.4884
-14417.1657
-14413.1871
-14416.6740
-14408.5156
-14410.4379
-14408.1356
-14409.4097
-14412.9189
-14411.7566
-14408.5603
-14410.3261
-14416.3387
-14411.2649
-14405.2970
-14404.8499
-14410.6837
-14403.5535
-14405.7217
-14411.0414
-14417.1434
-14415.6682
-14416.6293
-14418.0822
-14413.0083
-14414.4388
-14406.3475
-14408.2474
-14414.6176
-14405.8334
-14412.8966
-14410.6837
-14413.7012
-14417.5234
-14422.7984
-14423.0219
-14420.7867
-14414.5506
-14406.5710
-14408.6721
-14404.4029
-14408.0909
-14408.6274
-14413.3883
-14409.5438
-14412.8966
-14402.9277
-14407.9568
-14398.7479
-14402.3242
-14397.0939
-14404.8499
-14400.9384
-14403.8441
-14395.1716
-14399.1055
-14401.4078
-14403.1065
-14395.5740
-14397.9656
-14394.0317
-14397.6080
-14402.8159
-14396.7586
-14397.8538
-14401.7430
-14403.7771
-14406.3922
-14407.3757
-14400.5137
-14398.7032
-14391.4612
-14402.9500
-14403.5759
-14400.7149
-14402.1007
-14401.1395
-14392.2659
-14404.1794
-14400.4466
-14404.1123
-14393.6741
-14397.0268
-14398.7703
-14399.1726
-14395.7975
-14395.0822
-14396.1998
-14394.1882
-14395.9763
-14403.1289
-14406.8839
-14396.6915
-14401.1395
-14397.8985
-14407.5992
-14410.8402
-14401.0501
-14396.1775
-14398.9714
-14398.4350
-14405.9675
-14396.2892
-14397.6527
-14400.6478
-14409.2756
-14411.6896
-14415.3553
-14415.2435
-14415.8023
-14409.1415
-14399.3738
-14396.5798
-14388.8237
-14395.6410
-14393.1153
-14399.0385
-14402.3018
-14403.7547
-14397.2503
-14401.2290
-14395.3728
-14403.2630
-14395.1493
-14397.2727
-14386.6556
-14384.7781
-14382.9229
-14382.3417
-14379.6372
-14385.5827
-14385.3592
-14384.8004
-14385.2251
-14388.7567
-14381.2688
-14385.1804
-14382.7888
-14382.4088
-14376.1279
-14384.0628
-14387.2144
-14381.8276
-14383.4370
-14385.4039
-14395.9092
-14385.6498
-14381.2241
-14379.1901
-14378.3184
-14379.1454
-14392.3777
-14387.5497
-14390.6566
-14389.2931
-14392.0871
-14385.1580
-14386.7897
-14383.1687
-14383.8616
-14377.1114
-14379.2348
-14381.6041
-14376.7091
-14372.5740
-14371.1659
-14380.4195
-14384.7110
-14383.5711
-14379.1007
-14374.1163
-14376.8432
-14384.6440
-14381.2912
-14374.7645
-14375.0998
-14377.6926
-14373.3116
-14386.7227
-14387.1027
-14396.4010
-14391.1707
-14396.4680
-14398.8150
-14391.5730
-14386.1192
-14385.3816
-14380.3301
-14372.5517
-14372.1717
-14371.6799
-14366.5837
-14367.7460
-14371.8588
-14371.1435
-14368.2154
-14372.3281
-14382.9452
-14376.7985
-14382.3864
-14384.4875
-14384.1746
-14381.1794
-14382.3641
-14377.4020
-14379.2572
-14376.3068
-14379.0560
-14374.5633
-14372.5070
-14363.9909
-14368.8189
-14367.0978
-14370.9200
-14373.3116
-14370.0483
-14368.7742
-14375.5468
-14375.0774
-14373.4234
-14379.0113
-14377.1561
-14381.6935
-14374.9657
-14383.3699
-14376.9550
-14384.6663
-14381.3806
-14383.4817
-14384.6887
-14386.0968
-14380.4642
-14383.0346
-14375.8821
-14382.0065
-14376.5079
-14375.6139
-14370.6741
-14381.8053
-14385.8286
-14380.3748
-14379.2795
-14380.3524
-14383.9958
-14384.5098
-14387.2144
-14389.0025
-14394.8587
-14393.0929
-14395.3951
-14393.6294
-14399.0832
-14393.6741
-14401.4525
-14404.0229
-14407.4204
-14401.4301
-14399.2173
-14394.5011
-14403.3524
-14400.0220
-14401.2290
-14325.9706
-14399.9326
-14433.1025
-14420.5409
-14419.6691
-14402.8606
-14402.0113
-14403.1289
-14400.5137
-14403.1289
-14415.1541
-14405.3640
-14407.6886
-14399.9326
-14401.6983
-14402.6818
-14401.4748
-14402.1454
-14404.4029
-14395.0599
-14398.9044
-14398.0774
-14396.5574
-14400.0220
-14406.9510
-14409.6332
-14410.7284
-14406.9286
-14409.4097
-14414.2377
-14411.3766
-14417.8587
-14411.4661
-14407.6216
-14405.7887
-14418.3057
-14408.9850
-14403.5088
-14406.0346
-14407.0851
-14404.3358
-14415.0647
-14413.0977
-14419.1327
-14412.2484
-14416.2940
-14415.6682
-14422.0161
-14421.1444
-14420.5632
-14423.5136
-14428.7216
-14427.8052
-14427.4475
-14422.9996
-14424.2065
-14426.4194
-14419.0433
-14415.4447
-14418.9986
-14424.6536
-14418.4621
-14421.5020
-14421.8373
-14431.2026
-14430.6886
-14441.6409
-14440.9927
-14442.9373
-14437.7517
-14434.3095
-14431.8955
-14440.7915
-14434.6448
-14435.9859
-14438.1987
-14431.5826
-14433.1025
-14432.0297
-14435.7400
-14435.8965
-14436.7012
-14434.1978
-14440.7692
-14438.6905
-14440.3445
-14436.7459
-14443.8314
-14433.5272
-14435.4942
-14429.3922
-14439.8304
-14431.9850
-14434.3095
-14430.0627
-14430.2639
-14428.9228
-14433.3484
-14434.9130
-14447.1171
-14445.2395
-14441.3280
-14443.3620
-14439.9869
-14447.1618
-14445.5972
-14446.3124
-14445.7536
-14445.0607
-14436.7682
-14441.0821
-14437.7517
-14445.1725
-14435.2260
-14437.7517
-14432.7673
-14430.9344
-14430.8003
-14433.5943
-14434.1531
-14441.6633
-14434.6225
-14439.5622
-14446.4689
-14443.9431
-14438.8469
-14440.7915
-14442.3115
-14442.3115
-14445.7089
-14445.5078
-14457.5330
-14450.1569
-14451.5427
-14454.8955
-14451.3863
-14443.9878
-14444.0325
-14445.2619
-14450.2910
-14453.7332
-14461.0199
-14457.6895
-14465.6690
-14459.9693
-14464.5291
-14459.9470
-14459.8799
-14452.4815
-14454.9178
-14457.0413
-14458.5165
-14452.1909
-14451.5427
-14454.9178
-14450.6263
-14449.0170
-14451.3192
-14454.6943
-14452.7050
-14449.3746
-14448.6147
-14452.3921
-14448.9723
-14448.9946
-14450.0452
-14456.3931
-14452.6603
-14461.3551
-14452.2803
-14463.9927
-14447.4747
-14457.5777
-14455.2084
-14456.4154
-14449.1734
-14442.0209
-14441.9762
-14440.0092
-14437.0812
-14442.4903
-14440.5233
-14442.8479
-14444.3008
-14441.9538
-14443.2055
-14433.0578
-14443.7196
-14437.7964
-14455.3202
-14449.0170
-14444.2784
-14439.6963
-14446.9159
-14446.0666
-14454.7614
-14445.3736
-14439.4951
-14435.9412
-14449.0617
-14448.3911
-14445.1501
-14447.6982
-14444.9490
-14444.6360
-14443.3620
-14442.5350
-14446.5806
-14447.2065
-14440.0986
-14455.0072
-14444.3231
-14446.5136
-14439.5845
-14448.3911
-14447.7429
-14458.2259
-14460.3940
-14463.5009
-14458.7623
-14453.6438
-14441.5068
-14450.4028
-14453.3532
-14455.8790
-14450.2687
-14445.1054
-14444.3902
-14445.5525
-14444.2337
-14446.2454
-14440.2327
-14440.6127
-14443.0491
-14447.2959
-14451.7886
-14450.5145
-14447.7429
-14448.3911
-14444.1220
-14433.8178
-14444.7478
-14446.4018
-14451.4757
-14446.3795
-14451.0733
-14440.7021
-14448.7488
-14442.9597
-14447.0500
-14450.8945
-14451.4086
-14450.9616
-14447.7429
-14445.3289
-14440.1210
-14431.8285
-14441.9762
-14453.1297
-14460.5952
-14457.1977
-14447.2065
-14451.3416
-14449.2852
-14454.8508
-14448.9052
-14450.1122
-14446.3795
-14447.6759
-14436.0083
-14443.9878
-14444.6137
-14445.8877
-14443.6526
-14447.0724
-14441.3503
-14442.6244
-14440.6127
-14447.2512
-14444.4796
-14438.4893
-14447.1618
-14442.1103
-14439.8751
-14448.5476
-14455.9237
-14453.3979
-14451.2745
-14445.1501
-14457.3318
-14456.4154
-14459.9693
-14456.2813
-14453.3979
-14446.5136
-14453.2415
-14453.7556
-14459.3435
-14458.5612
-14456.3931
-14445.3513
-14449.5087
-14447.9441
-14455.0072
-14455.0072
-14456.6613
-14458.6506
-14461.0422
-14455.7449
-14450.3581
-14457.5106
-14465.8255
-14464.6185
-14453.6438
-14454.9849
-14455.0520
-14455.7002
-14453.0179
-14455.5884
-14450.8945
-14454.7167
-14453.1074
-14455.9907
-14450.2016
-14450.0675
-14450.4922
-14454.9402
-14452.2356
-14452.4368
-14450.2463
-14448.1900
-14452.0345
-14456.7283
-14455.3425
-14452.8168
-14451.0286
-14455.5884
-14458.3153
-14455.0296
-14458.3600
-14458.1588
-14452.2803
-14455.9907
-14460.0587
-14452.3474
-14449.9558
-14448.2570
-14452.1239
-14455.2978
-14457.6001
-14445.0384
-14445.0831
-14457.1530
-14461.6234
-14460.1034
-14460.4387
-14455.9907
-14452.8615
-14455.8119
-14452.8838
-14455.8566
-14452.9732
-14466.8090
-14465.7361
-14475.0568
-14468.9100
-14461.4669
-14451.8557
-14450.8945
-14446.9159
-14449.3523
-14448.9052
-14450.1569
-14445.0384
-14449.4193
-14454.3367
-14451.7886
-14453.7556
-14458.0918
-14459.4105
-14464.0597
-14469.5582
-14461.2657
-14457.2201
-14461.2657
-14455.7002
-14448.3911
-14449.3970
-14450.8275
-14457.7342
-14453.0179
-14451.7886
-14443.8090
-14449.5758
-14454.1355
-14458.4718
-14451.7886
-14445.6195
-14440.8809
-14448.5252
-14445.0831
-14443.7867
-14439.8304
-14439.4504
-14444.1667
-14444.5466
-14445.9101
-14445.3736
-14443.8314
-14450.1122
-14449.8663
-14448.3017
-14448.5923
-14453.5320
-14453.4650
-14449.3970
-14459.0082
-14458.9188
-14460.6399
-14449.3746
-14454.5602
-14450.6934
-14456.3707
-14455.7449
-14455.5884
-14449.6428
-14451.0286
-14443.4290
-14452.9285
-14444.2561
-14444.0102
-14450.1122
-14456.0354
-14454.8284
-14458.7623
-14463.6350
-14462.3610
-14468.0830
-14465.4008
-14460.8187
-14456.7060
-14453.0850
-14450.6263
-14453.2191
-14452.3697
-14456.5495
-14455.0072
-14456.0578
-14452.3027
-14453.1074
-14443.4737
-14443.9655
-14444.1667
-14450.4251
-14446.4689
-14446.0442
-14443.8761
-14449.1064
-14452.4144
-14447.4971
-14445.9548
-14442.9150
-14450.1793
-14454.3590
-14446.7818
-14438.9587
-14435.3601
-14435.4271
-14440.5457
-14440.6127
-14444.5690
-14444.4125
-14443.0714
-14431.1803
-14436.5447
-14433.1249
-14448.0782
-14445.0384
-14440.1657
-14438.9140
-14439.1375
-14434.8683
-14439.6963
-14439.9198
-14437.3047
-14435.0024
-14431.1356
-14434.2425
-14425.1230
-14426.4864
-14426.7099
-14437.0364
-14434.6225
-14434.9130
-14428.0287
-14432.1191
-14436.5224
-14436.7012
-14433.6166
-14449.0617
-14445.2172
-14441.9985
-14431.4932
-14433.0802
-14445.2619
-14454.4261
-14451.4533
-14447.0500
-14445.2395
-14440.4786
-14444.5466
-14452.6827
-14450.1346
-14447.8547
-14438.4670
-14433.7731
-14435.8965
-14433.5719
-14431.3591
-14433.0578
-14438.1317
-14429.3698
-14436.3882
-14437.3941
-14444.0102
-14434.3766
-14435.8518
-14432.0073
-14431.1579
-14430.8227
-14426.3523
-14434.1754
-14445.1948
-14439.2046
-14438.9140
-14435.7624
-14442.8703
-14446.8712
-14438.2658
-14437.9305
-14436.9470
-14433.4602
-14432.0297
-14438.9587
-14435.1365
-14440.2775
-14431.0015
-14435.2707
-14433.9296
-14432.9461
-14428.4757
-14431.6273
-14432.9237
-14435.1142
-14429.0345
-14431.8061
-14434.2872
-14437.5505
-14439.7410
-14445.7313
-14443.7196
-14443.4737
-14441.4621
-14440.8139
-14441.1268
-14438.7128
-14439.8304
-14434.1084
-14433.8178
-14435.7624
-14438.3552
-14435.5389
-14436.0753
-14435.8518
-14430.9121
-14431.3591
-14436.9694
-14434.9354
-14436.1200
-14438.1764
-14445.4631
-14444.7702
-14445.2619
-14450.8945
-14440.0316
-14440.2327
-14433.9296
-14433.1025
-14433.0131
-14442.3338
-14442.0656
-14433.9519
-14435.7624
-14440.0763
-14439.6740
-14445.3066
-14448.1453
-14451.8557
-14451.9004
-14460.7293
-14455.7449
-14452.4368
-14451.6321
-14457.8012
-14450.5593
-14448.9499
-14440.9480
-14443.9431
-14438.4223
-14440.8809
-14437.9976
-14436.5000
-14438.6234
-14441.1045
-14445.5525
-14442.7808
-14444.8372
-14443.3843
-14442.0656
-14442.5797
-14448.5699
-14444.0772
-14440.1433
-14433.0578
-14436.5894
-14437.6176
-14437.0588
-14431.9850
-14440.1210
-14440.4563
-14445.0384
-14445.6195
-14447.2512
-14441.0821
-14441.2162
-14434.7566
-14439.0481
-14444.1220
-14438.6905
-14441.1939
-14445.9995
-14447.4300
-14450.2016
-14454.0238
-14448.9723
-14454.1355
-14451.3192
-14447.9217
-14433.4825
-14435.4495
-14433.6166
-14444.8596
-14441.4621
-14446.4018
-14453.8673
-14463.0315
-14464.0374
-14466.7419
-14459.5670
-14453.1968
-14450.2240
-14459.1647
-14460.4387
-14453.8226
-14454.5155
-14446.7818
-14451.7439
-14446.8489
-14450.6487
-14436.7682
-14445.1501
-14444.1667
-14450.3357
-14444.0549
-14445.8207
-14438.7352
-14444.9043
-14440.6574
-14443.3173
-14434.7566
-14437.3717
-14430.8227
-14445.7313
-14446.8042
-14443.4737
-14440.4116
-14432.5214
-14430.5991
-14433.3037
-14434.1531
-14429.6604
-14432.6555
-14432.0967
-14434.8013
-14435.6730
-14431.0909
-14430.3309
-14430.8003
-14422.0831
-14431.2920
-14436.9917
-14439.4504
-14431.8285
-14432.3873
-14421.6808
-14425.1900
-14427.3581
-14431.7167
-14429.1016
-14431.5379
-14430.4203
-14428.2075
-14425.6371
-14433.1249
-14427.7828
-14422.3290
-14419.6021
-14416.0035
-14421.7702
-14416.7187
-14424.1842
-14430.2415
-14427.8946
-14423.2901
-14432.9237
-14425.5924
-14439.0258
-14442.6020
-14442.4456
-14434.8907
-14435.6059
-14428.0734
-14422.7313
-14421.9043
-14426.6205
-14429.5933
-14425.5029
-14426.7993
-14432.2085
-14437.7070
-14434.8907
-14426.6429
-14426.1511
-14428.7887
-14427.7605
-14421.0549
-14414.3047
-14420.4291
-14419.5797
-14421.5243
-14415.6905
-14414.0589
-14415.4000
-14415.8917
-14408.4933
-14418.2610
-14415.6235
-14413.5448
-14414.0812
-14424.7206
-14428.6322
-14419.9821
-14421.9267
-14414.2600
-14410.1697
-14407.1075
-14408.7391
-14407.7333
-14415.2211
-14417.3893
-14414.5729
-14410.2367
-14413.5671
-14421.2114
-14426.4864
-14420.7867
-14422.1502
-14414.8635
-14422.1949
-14417.7245
-14419.6021
-14420.2950
-14421.5020
-14417.2552
-14421.9490
-14420.9208
-14421.4573
-14415.2882
-14417.8810
-14415.5341
-14409.6779
-14416.4058
-14425.5924
-14423.8489
-14424.3183
-14426.9111
-14428.5651
-14434.9354
-14436.6788
-14450.4028
-14447.0724
-14445.5525
-14444.7925
-14449.4417
-14438.0423
-14439.6292
-14436.7906
-14440.3669
-14445.4631
-14451.2522
-14438.9363
-14440.5904
-14442.6467
-14451.3639
-14453.9567
-14445.0607
-14445.4854
-14449.3299
-14452.5933
-14451.5427
-14446.5359
-14439.3163
-14447.3406
-14443.1832
-14441.4621
-14429.7721
-14432.9684
-14429.5486
-14438.7352
-14424.4301
-14436.4106
-14436.3435
-14442.3785
-14440.2104
-14443.8090
-14435.6730
-14439.1375
-14443.4067
-14449.7546
-14451.4310
-14448.1676
-14453.1744
-14451.2969
-14458.4494
-14442.7808
-14449.3299
-14446.7818
-14454.0461
-14450.8722
-14460.0587
-14452.9062
-14463.8585
-14463.8585
-14464.7973
-14466.8537
-14474.9450
-14470.3629
-14473.8945
-14467.5913
-14474.1850
-14469.4018
-14470.0276
-14463.0315
-14460.7740
-14473.9392
-14471.8605
-14471.1452
-14475.0568
-14478.0072
-14488.3337
-14492.6029
-14488.6913
-14488.8254
-14480.0636
-14482.0976
-14472.8216
-14475.3473
-14473.4474
-14482.7681
-14476.4202
-14480.3765
-14483.4163
-14487.9537
-14488.7807
-14494.7710
-14493.2734
-14496.5591
-14498.5261
-14496.1121
-14495.6874
-14495.7992
-14493.6087
-14493.3628
-14489.8760
-14498.9955
-14498.1908
-14494.6369
-14499.0402
-14495.5757
-14496.2239
-14489.1384
-14498.1238
-14492.9605
-14500.8283
-14505.6340
-14497.5650
-14500.9848
-14501.8118
-14497.2297
-14499.2190
-14496.0227
-14495.0839
-14498.8614
-14507.4444
-14507.0645
-14507.6233
-14505.7681
-14506.1257
-14509.6126
-14509.5008
-14505.9245
-14498.9508
-14501.7224
-14501.9012
-14507.9362
-14506.2822
-14503.7341
-14502.9294
-14510.2831
-14506.5727
-14501.8565
-14497.0956
-14511.0207
-14506.5727
-14504.8740
-14500.3142
-14517.5251
-14512.3842
-14503.2200
-14505.9916
-14511.2219
-14515.6922
-14523.5824
-14524.3871
-14525.7729
-14529.0809
-14525.5047
-14525.7282
-14519.6261
-14518.8438
-14520.4085
-14526.5775
-14515.7369
-14516.1169
-14515.4687
-14518.3074
-14510.1714
-14512.8759
-14512.5630
-14519.6261
-14512.2277
-14524.3200
-14525.9740
-14531.7408
-14528.9915
-14519.8273
-14518.3521
-14517.9274
-14512.1160
-14505.5222
-14502.0800
-14504.5834
-14507.6680
-14511.4231
-14508.6514
-14502.3035
-14513.2782
-14517.3239
-14520.2296
-14511.8254
-14506.8856
-14502.6165
-14510.5737
-14510.0372
-14521.5037
-14510.4172
-14506.3716
-14506.8633
-14509.6349
-14510.2161
-14514.7311
-14511.8701
-14506.3939
-14508.4503
-14507.9138
-14511.4007
-14512.7865
-14510.0149
-14512.1830
-14510.2161
-14506.7739
-14516.8322
-14517.7039
-14518.2850
-14511.2666
-14502.7059
-14505.2763
-14510.1937
-14503.4435
-14508.6291
-14503.0859
-14511.5572
-14515.9158
-14511.8030
-14516.7875
-14521.3919
-14523.5377
-14530.4220
-14532.8137
-14522.8448
-14515.0440
-14506.3492
-14512.1830
-14509.5679
-14507.6680
-14498.0344
-14507.0868
-14501.8565
-14502.5047
-14500.8730
-14506.2151
-14498.7496
-14503.7341
-14505.3657
-14513.0994
-14507.4221
-14505.0975
-14502.1471
-14507.8244
-14508.4726
-14506.7515
-14501.9906
-14501.3201
-14508.7408
-14516.1169
-14511.7583
-14492.5582
-14504.4717
-14490.2112
-14495.8215
-14490.3454
-14497.8779
-14497.0956
-14494.9275
-14489.3842
-14488.5572
-14484.0198
-14497.4532
-14496.3356
-14503.8011
-14495.6427
-14492.4017
-14486.6573
-14482.0529
-14484.9586
-14491.2618
-14491.0383
-14490.5018
-14488.4902
-14496.5815
-14500.7836
-14498.5708
-14504.7622
-14504.3152
-14511.5572
-14493.7652
-14504.4717
-14506.6398
-14496.8274
-14493.8993
-14500.2248
-14500.5825
-14509.8808
-14499.4872
-14496.9838
-14490.6136
-14496.3133
-14493.7652
-14502.2588
-14511.6019
-14513.8370
-14511.4678
-14507.0421
-14503.0635
-14497.2968
-14495.1957
-14496.6709
-14494.7039
-14492.9829
-14492.1335
-14489.1384
-14498.2355
-14495.9109
-14506.6398
-14499.9119
-14500.9177
-14498.2802
-14498.4143
-14497.9897
-14506.5504
-14495.9556
-14492.7817
-14499.6660
-14496.5815
-14493.8546
-14501.6106
-14494.0334
-14498.0344
-14495.0392
-14494.9275
-14495.8439
-14492.2229
-14497.9226
-14497.3191
-14492.7593
-14495.2627
-14489.5407
-14486.0315
-14488.7360
-14484.0198
-14488.9819
-14484.2880
-14494.3016
-14492.3794
-14490.3230
-14484.5786
-14488.4678
-14480.9800
-14480.8682
-14483.7739
-14487.3502
-14482.5893
-14480.8459
-14476.7555
-14482.9469
-14482.3434
-14485.8750
-14479.3483
-14488.4678
-14492.2229
-14480.6671
-14484.1763
-14479.2142
-14482.1870
-14482.3211
-14494.6369
-14492.1111
-14491.7535
-14484.0198
-14484.8245
-14485.5397
-14495.8886
-14498.2579
-14503.0411
-14500.8730
-14497.8555
-14480.1530
-14486.5679
-14486.0762
-14483.3269
-14481.5611
-14481.1811
-14484.3327
-14478.9683
-14472.3969
-14473.2016
-14477.0908
-14471.5252
-14477.0014
-14476.0849
-14473.2239
-14471.5028
-14484.5116
-14482.5670
-14478.2084
-14476.6214
-14488.8031
-14483.8410
-14490.4795
-14474.4756
-14475.3473
-14474.0286
-14476.9567
-14476.0179
-14476.9120
-14478.2307
-14481.6729
-14486.9702
-14482.7234
-14476.8226
-14474.9003
-14482.3434
-14484.6457
-14486.7467
-14481.8293
-14486.4562
-14481.8964
-14480.9800
-14479.2142
-14483.2599
-14472.6651
-14481.2929
-14476.8226
-14485.3609
-14470.1841
-14473.0898
-14476.8896
-14478.6330
-14467.9489
-14474.6768
-14486.8361
-14493.4970
-14473.0898
-14474.4980
-14462.2045
-14464.1715
-14469.5359
-14469.4912
-14468.1054
-14468.9547
-14475.6379
-14467.0772
-14476.2638
-14473.8274
-14477.2249
-14481.6282
-14495.8886
-14481.6058
-14478.4095
-14470.8770
-14470.5864
-14464.4397
-14468.2618
-14470.6311
-14466.3619
-14460.5281
-14472.0840
-14474.2074
-14470.9217
-14471.8828
-14466.1608
-14476.9567
-14478.1637
-14482.9246
-14476.3085
-14475.8838
-14479.0801
-14475.7720
-14471.9052
-14468.9771
-14472.2404
-14481.6282
-14480.4435
-14473.7380
-14467.3901
-14472.5757
-14471.5922
-14482.7458
-14481.0694
-14479.3930
-14480.4212
-14480.4882
-14478.9236
-14480.6671
-14474.8109
-14473.7157
-14474.2297
-14478.3201
-14478.5883
-14474.6768
-14469.7594
-14467.7254
-14466.3843
-14470.4747
-14471.3911
-14468.9324
-14483.7963
-14474.1403
-14482.0082
-14474.3862
-14483.0810
-14484.1316
-14484.7798
-14488.1996
-14490.3454
-14491.8206
-14483.5057
-14485.0703
-14491.1500
-14489.8536
-14490.9265
-14490.7030
-14482.8575
-14482.8128
-14479.2589
-14488.8031
-14491.0606
-14501.9906
-14504.4940
-14512.4065
-14501.2754
-14502.9517
-14494.4581
-14491.7088
-14493.2287
-14501.6553
-14499.9343
-14499.9119
-14494.1005
-14500.4260
-14498.1908
-14499.8225
-14495.1957
-14491.6865
-14495.1286
-14497.0509
-14498.3920
-14492.9382
-14496.3580
-14485.1821
-14485.6738
-14489.9207
-14495.8215
-14493.9440
-14494.1899
-14493.7205
-14498.5708
-14495.3969
-14508.3162
-14493.2064
-14496.7380
-14500.6942
-14500.3589
-14489.7195
-14491.8429
-14481.9635
-14484.2433
-14486.6350
-14484.9362
-14480.9576
-14479.9965
-14479.9294
-14484.3104
-14481.0247
-14477.9625
-14479.0577
-14485.0256
-14486.4562
-14483.2152
-14477.9401
-14477.5825
-14487.6408
-14486.5903
-14487.0373
-14486.5903
-14484.3774
-14479.9071
-14487.5514
-14483.6398
-14486.4338
-14487.5067
-14491.5524
-14491.6865
-14488.9595
-14486.7914
-14492.7370
-14489.0266
-14479.6389
-14476.5767
-14474.9897
-14484.8915
-14491.5524
-14496.6709
-14491.3735
-14496.9615
-14490.3677
-14483.4610
-14478.7672
-14482.8352
-14474.3639
-14479.8624
-14477.0684
-14474.0733
-14473.8498
-14480.6671
-14475.8391
-14478.4989
-14476.7108
-14480.9800
-14484.2210
-14481.7176
-14471.1676
-14471.9499
-14470.6088
-14467.6360
-14473.8721
-14472.0393
-14482.6340
-14466.0267
-14474.9674
-14467.6360
-14473.6710
-14471.3687
-14477.3143
-14480.6223
-14482.4999
-14482.8128
-14482.6787
-14476.8002
-14474.9227
-14480.1306
-14483.3940
-14478.0519
-14468.6195
-14474.9003
-14476.9567
-14471.5028
-14468.1277
-14470.8546
-14473.6263
-14473.0675
-14470.3629
-14475.0344
-14470.2288
-14471.0111
-14471.9052
-14478.7895
-14477.4037
-14473.4251
-14474.1850
-14483.0140
-14480.9576
-14486.8361
-14478.6330
-14487.6631
-14484.6010
-14494.4581
-14490.8594
-14494.5698
-14496.0451
-14498.7943
-14491.7759
-14494.2346
-14492.4911
-14490.7700
-14494.5028
-14494.7934
-14498.8614
-14494.6145
-14494.5028
-14492.0441
-14489.5183
-14493.4970
-14493.7205
-14489.8089
-14491.9323
-14482.3211
-14483.7516
-14489.8313
-14488.3113
-14484.4221
-14491.7982
-14487.6631
-14490.9042
-14485.0703
-14477.3366
-14481.5835
-14495.5757
-14498.0791
-14494.2793
-14493.2287
-14486.3667
-14487.1267
-14481.7399
-14482.2987
-14479.2365
-14488.4455
-14484.1316
-14502.0130
-14492.2900
-14490.5242
-14477.7837
-14491.4629
-14500.3813
-14497.9673
-14496.4250
-14508.2491
-14506.6398
-14500.6942
-14507.7797
-14508.9197
-14507.4221
-14509.8361
-14502.8623
-14501.7000
-14499.7554
-14489.8983
-14495.0839
-14496.9391
-14499.4872
-14496.2909
-14504.9634
-14499.3531
-14505.4104
-14496.2909
-14501.5436
-14497.4309
-14499.5990
-14498.9955
-14502.7282
-14503.5999
-14502.4600
-14504.7846
-14504.4046
-14505.8575
-14513.6806
-14496.8497
-14505.3210
-14506.3492
-14508.1150
-14513.0771
-14513.5688
-14513.2559
-14503.8682
-14508.8079
-14503.2423
-14508.3162
-14506.7515
-14516.9439
-14512.7418
-14516.6981
-14512.9653
-14514.3064
-14511.1995
-14508.2044
-14511.4678
-14516.4298
-14517.3239
-14508.1597
-14500.2695
-14500.0013
-14499.4425
-14505.3210
-14508.7855
-14506.8633
-14503.9129
-14502.1247
-14504.3375
-14501.2083
-14512.0042
-14511.8030
-14510.6854
-14508.7855
-14504.4940
-14498.1461
-14504.8516
-14506.6174
-14504.7846
-14503.4211
-14507.6903
-14509.1432
-14511.8030
-14507.7797
-14501.7000
-14505.3657
-14508.3162
-14511.1548
-14508.4726
-14503.7788
-14500.3589
-14501.0518
-14498.0120
-14507.0421
-14513.0994
-14513.2782
-14513.0324
-14515.4240
-14509.1432
-14518.1956
-14513.3230
-14523.4706
-14510.7749
-14506.5727
-14501.7447
-14509.3220
-14508.3832
-14501.6330
-14506.1480
-14510.8419
-14512.1160
-14519.5144
-14528.8798
-14531.4055
-14532.7913
-14524.5882
-14526.0411
-14518.1509
-14524.2083
-14514.8429
-14517.6145
-14523.0907
-14519.3356
-14507.4891
-14521.6602
-14505.8575
-14509.1879
-14509.0538
-14512.2501
-14513.0100
-14519.1121
-14512.0713
-14515.0664
-14510.5513
-14513.5241
-14510.8866
-14506.2598
-14501.9683
-14508.5397
-14508.2268
-14504.2928
-14501.2530
-14506.1704
-14507.8021
-14506.9974
-14507.6233
-14494.5922
-14500.6495
-14494.5698
-14500.1131
-14491.9770
-14506.2151
-14494.3687
-14504.6952
-14497.6544
-14488.1996
-14494.5028
-14495.9556
-14501.8565
-14507.9585
-14497.8779
-14506.5504
-14506.8856
-14499.9790
-14501.0295
-14495.8215
-14496.2015
-14498.4143
-14503.8682
-14504.2705
-14512.5630
-14504.4717
-14517.4804
-14521.3025
-14510.0149
-14511.6466
-14522.7330
-14515.3123
-14515.9381
-14506.0139
-14510.5960
-14520.2967
-14524.0071
-14535.6300
-14533.2831
-14533.4842
-14543.9001
-14526.6446
-14533.5960
-14527.6728
-14527.6728
-14529.3715
-14532.6125
-14523.6942
-14524.7447
-14533.0819
-14525.3929
-14528.2539
-14528.5668
-14537.6864
-14530.2656
-14528.4327
-14524.4094
-14537.8875
-14534.8253
-14533.6854
-14525.9293
-14535.1830
-14524.8117
-14529.1256
-14535.1159
-14531.4502
-14532.7243
-14528.8351
-14528.1645
-14531.0032
-14534.0654
-14526.6669
-14530.3326
-14525.7729
-14528.7904
-14527.2034
-14522.9789
-14521.1237
-14522.8224
-14514.6864
-14525.1023
-14523.9847
-14524.7223
-14514.7758
-14515.7816
-14510.7525
-14509.1432
-14509.0985
-14511.1101
-14521.0343
-14518.5086
-14517.7262
-14517.2792
-14507.6680
-14513.9712
-14512.3842
-14509.5679
-14509.5008
-14504.7622
-14513.9712
-14510.7078
-14513.5018
-14510.7525
-14513.2335
-14509.7467
-14509.4337
-14506.1704
-14523.4706
-14521.3249
-14524.3871
-14519.7155
-14512.3395
-14503.2200
-14497.1626
-14499.7331
-14497.8108
-14510.9090
-14496.4474
-14493.3405
-14494.2122
-14489.1831
-14494.1452
-14500.6272
-14495.9780
-14499.5319
-14502.7059
-14498.3920
-14495.1733
-14497.9897
-14497.2073
-14505.2763
-14500.0237
-14497.8332
-14501.8118
-14503.6893
-14494.4134
-14498.3249
-14490.1218
-14495.4416
-14486.3444
-14485.8080
-14485.4280
-14487.3502
-14482.8352
-14481.7623
-14483.1704
-14478.6107
-14485.4727
-14486.1656
-14485.3162
-14481.0247
-14490.9936
-14482.6340
-14481.9635
-14485.5621
-14488.1102
-14482.4552
-14488.0208
-14483.9975
-14489.3395
-14483.9528
-14481.6282
-14477.8284
-14481.3600
-14477.7390
-14478.4989
-14478.1190
-14483.1928
-14483.3940
-14476.1744
-14476.3308
-14480.7788
-14484.4668
-14487.8420
-14485.4727
-14481.2482
-14496.2686
-14497.8555
-14505.9469
-14494.9051
-14493.2734
-14493.2734
-14491.9994
-14480.1530
-14478.1637
-14479.0130
-14483.9975
-14478.4095
-14484.8021
-14478.5436
-14488.1996
-14490.5689
-14489.0713
-14484.9362
-14487.6855
-14489.2948
-14487.5067
-14496.0451
-14482.8128
-14487.1714
-14487.6408
-14490.5912
-14485.0927
-14489.4960
-14487.2608
-14489.7866
-14484.3104
-14486.4115
-14489.2501
-14491.2171
-14485.7856
-14484.4668
-14479.3930
-14484.4668
-14487.7302
-14487.8420
-14482.4999
-14490.5018
-14487.9761
-14486.1879
-14486.3891
-14491.6194
-14493.5864
-14495.1957
-14487.4843
-14489.8313
-14494.9722
-14486.6350
-14482.5670
-14485.7633
-14493.4075
-14484.8692
-14491.0383
-14491.5524
-14494.2569
-14483.9081
-14489.4736
-14488.0431
-14486.3220
-14485.6068
-14483.9304
-14483.5504
-14483.8634
-14487.9537
-14489.2054
-14493.6981
-14497.8332
-14500.8954
-14502.1694
-14497.3415
-14490.7253
-14493.9216
-14498.8837
-14486.0091
-14491.7982
-14493.0723
-14489.4960
-14496.2686
-14495.4192
-14501.3871
-14506.3269
-14509.2549
-14503.0859
-14503.4658
-14496.0674
-14501.7895
-14504.0246
-14502.5047
-14492.4241
-14494.3687
-14498.3249
-14501.9459
-14504.1140
-14500.8507
-14504.5387
-14503.6893
-14509.3220
-14511.9818
-14518.8885
-14504.5387
-14502.4824
-14501.5212
-14504.7846
-14498.4367
-14510.8419
-14504.8963
-14513.0324
-14505.5892
-14516.5863
-14515.3346
-14503.3317
-14503.1753
-14502.3482
-14495.9109
-14493.7652
-14498.1238
-14497.3862
-14502.3259
-14496.8721
-14492.6476
-14491.3065
-14504.2705
-14504.1140
-14498.5261
-14500.4707
-14507.5562
-14506.2822
-14511.3113
-14506.8633
-14509.7243
-14506.6398
-14506.6621
-14513.2782
-14519.0897
-14509.8361
-14521.5707
-14525.5270
-14520.9225
-14515.6475
-14514.8652
-14508.5844
-14507.9809
-14511.5348
-14512.8536
-14513.9264
-14513.5912
-14533.9089
-14524.2306
-14528.9915
-14527.2928
-14521.7049
-14528.3210
-14533.5736
-14528.0080
-14529.8409
-14524.4765
-14524.2753
-14519.6485
-14524.3871
-14522.2636
-14528.0975
-14531.9420
-14527.2034
-14525.0800
-14528.2539
-14526.5775
-14524.5212
-14528.6115
-14524.4988
-14523.0907
-14520.7214
-14524.6106
-14519.9391
-14521.6378
-14520.1179
-14517.1227
-14510.7972
-14509.1879
-14487.3502
-14476.4649
-14456.8177
-14444.6584
-14428.7663
-14434.6672
-14423.0666
-14428.6098
-14429.3027
-14440.5680
-14445.3066
-14455.2308
-14457.8906
-14465.4008
-14468.5524
-14472.6651
-14477.2696
-14490.6136
-14496.0898
-14496.9168
-14501.5212
-14505.0752
-14504.9187
-14504.2258
-14514.2170
-14518.7768
-14528.0304
-14529.0586
-14534.4677
-14524.7000
-14526.4881
-14524.4318
-14526.4881
-14522.2636
-14525.7729
-14525.5717
-14530.8020
-14531.7631
-14536.0100
-14535.2277
-14532.7243
-14530.6903
-14528.6339
-14530.5114
-14527.1363
-14537.2393
-14533.5736
-14533.8419
-14522.9118
-14523.4930
-14527.5610
-14528.8574
-14525.7505
-14523.3365
-14517.7709
-14525.5047
-14520.3861
-14520.0732
-14519.4026
-14526.0187
-14517.4133
-14519.7826
-14522.0178
-14517.4580
-14516.7428
-14517.7039
-14525.1694
-14523.0236
-14521.7496
-14518.0839
-14523.6495
-14524.2977
-14526.5328
-14527.0246
-14529.9079
-14523.3812
-14521.4590
-14524.7447
-14530.0868
-14525.1917
-14531.3832
-14523.9624
-14532.8584
-14530.9585
-14532.0761
-14525.3258
-14530.0868
-14526.6446
-14522.7777
-14519.1791
-14529.3044
-14533.1042
-14526.1305
-14529.9303
-14530.1315
-14543.2296
-14541.3744
-14544.1460
-14538.2898
-14537.7534
-14524.8341
-14526.8458
-14519.3356
-14526.3764
-14520.3414
-14517.1451
-14523.8283
-14523.0460
-14524.0965
-14523.2024
-14525.9964
-14525.9517
-14526.4434
-14533.3501
-14542.2685
-14522.1295
-14523.4930
-14516.5863
-14520.4755
-14523.9847
-14518.3074
-14515.1781
-14524.0294
-14523.3142
-14523.0236
-14519.2462
-14526.9575
-14533.1042
-14539.2286
-14533.7971
-14533.7524
-14519.6932
-14525.9964
-14530.6903
-14529.2150
-14525.5494
-14526.5552
-14521.5260
-14519.4250
-14524.9459
-14526.0411
-14512.0713
-14514.7311
-14513.0994
-14515.8040
-14520.6320
-14513.2112
-14519.3803
-14529.1703
-14531.8525
-14524.2753
-14522.6660
-14520.6096
-14533.9983
-14533.3278
-14528.9468
-14530.8691
-14530.9585
-14531.1373
-14527.3151
-14520.3190
-14521.5260
-14522.7107
-14526.4658
-14527.7175
-14527.4493
-14531.7855
-14534.8700
-14537.5299
-14532.9031
-14526.7340
-14524.1859
-14524.2306
-14520.0732
-14522.4872
-14522.6436
-14530.2879
-14515.0664
-14520.5202
-14521.3472
-14526.3764
-14525.8176
-14527.4716
-14529.4609
-14531.3832
-14521.8166
-14520.7214
-14523.0013
-14524.0071
-14520.9896
-14509.2996
-14513.6135
-14514.0829
-14517.0557
-14520.9449
-14526.9128
-14528.2539
-14527.4716
-14519.5367
-14520.2073
-14522.8001
-14523.8283
-14528.2986
-14518.7097
-14510.0149
-14518.3297
-14511.9595
-14505.3434
-14499.8896
-14511.0431
-14511.6466
-14514.4629
-14503.7117
-14507.3774
-14509.3667
-14514.8652
-14518.2403
-14516.8322
-14508.5397
-14509.8361
-14508.8973
-14510.0596
-14516.6534
-14511.3113
-14512.8089
-14505.2316
-14513.5018
-14512.4959
-14511.7807
-14506.7292
-14510.6184
-14513.0324
-14508.9197
-14516.3181
-14511.6689
-14521.4366
-14520.8555
-14523.3365
-14522.3531
-14528.8351
-14522.2860
-14518.3744
-14522.5095
-14521.6825
-14519.1791
-14527.6728
-14527.3822
-14529.0809
-14525.3035
-14525.2141
-14518.1733
-14529.9974
-14525.4152
-14518.9109
-14520.1849
-14528.4327
-14522.1966
-14527.8963
-14516.4522
-14516.7204
-14514.7311
-14516.0275
-14515.0664
-14518.5756
-14518.1956
-14519.4250
-14516.6310
-14513.7700
-14517.8827
-14523.0683
-14522.4872
-14507.9138
-14511.0654
-14517.7262
-14521.6602
-14512.6077
-14518.1956
-14509.2996
-14514.7311
-14510.7525
-14516.1169
-14514.3511
-14519.6261
-14512.9430
-14512.3842
-14506.7739
-14517.5251
-14514.7758
-14519.4250
-14515.2899
-14518.0839
-14526.6893
-14522.7554
-14517.9721
-14516.0946
-14516.2510
-14512.3842
-14517.4580
-14520.5873
-14521.3249
-14513.4347
-14516.8322
-14515.5805
-14520.9002
-14522.6436
-14527.7175
-14529.0139
-14543.2296
-14544.2801
-14539.6310
-14533.4172
-14528.0528
-14530.6679
-14530.8467
-14528.8798
-14525.1247
-14521.7049
-14527.5163
-14528.8351
-14519.0897
-14516.9439
-14525.2811
-14526.6669
-14521.1908
-14529.3939
-14528.9468
-14521.1908
-14524.7447
-14526.4434
-14522.5095
-14529.2821
-14523.0013
-14521.3696
-14523.3812
-14525.8846
-14518.0392
-14523.9400
-14524.1635
-14529.9974
-14530.1091
-14532.2772
-14532.8360
-14527.6504
-14522.8224
-14518.4415
-14520.9449
-14530.7797
-14531.3161
-14528.4104
-14528.7233
-14520.7884
-14527.2034
-14519.4920
-14520.5202
-14520.1402
-14519.9614
-14524.3200
-14532.9254
-14527.3598
-14529.5280
-14526.7340
-14529.1256
-14527.9186
-14529.0362
-14529.6621
-14532.4560
-14533.3725
-14536.3229
-14533.8642
-14528.8127
-14527.5163
-14527.5610
-14529.2821
-14530.2209
-14532.7019
-14532.4784
-14544.3695
-14544.2354
-14548.0352
-14543.7213
-14544.2354
-14535.0712
-14540.3909
-14541.3073
-14550.0469
-14537.6640
-14540.7038
-14534.6018
-14532.5678
-14533.4619
-14538.8933
-14544.7048
-14539.3851
-14539.8098
-14534.9147
-14535.3841
-14540.1003
-14542.4249
-14543.8107
-14544.0566
-14537.6416
-14542.2908
-14537.0158
-14538.8486
-14533.8419
-14537.5746
-14533.2160
-14541.2626
-14536.1888
-14539.1616
-14535.5182
-14539.9215
-14538.9157
-14540.9497
-14544.2801
-14550.8962
-14546.2247
-14547.2529
-14538.6028
-14533.9760
-14532.3443
-14532.5455
-14538.5357
-14533.6854
-14529.7962
-14525.0129
-14530.5338
-14522.6213
-14528.6339
-14525.9070
-14532.5007
-14523.7612
-14533.9536
-14533.8642
-14537.0829
-14531.8078
-14539.4745
-14538.5357
-14536.3676
-14525.8176
-14524.3647
-14524.7894
-14525.3035
-14525.2588
-14524.7894
-14527.2034
-14519.4920
-14528.8574
-14525.9964
-14532.6572
-14526.8681
-14533.4395
-14535.9206
-14536.2111
-14526.3764
-14523.2471
-14518.0168
-14528.7457
-14524.0518
-14527.0693
-14518.5309
-14525.4376
-14525.4152
-14529.5280
-14525.2141
-14531.8525
-14534.2889
-14530.7573
-14529.2597
-14528.2539
-14530.7126
-14530.2209
-14521.2802
-14506.7292
-14509.1208
-14515.8934
-14527.8069
-14517.1675
-14510.9313
-14505.9022
-14513.5465
-14524.6553
-14517.3686
-14508.3609
-14508.8526
-14513.2559
-14519.1568
-14511.1325
-14511.6466
-14516.0275
-14515.6475
-14510.4843
-14514.1500
-14510.9090
-14501.1860
-14486.5456
-14471.5252
-14446.8712
-14422.1278
-14404.8723
-14394.4117
-14396.1775
-14391.1483
-14397.2727
-14402.0560
-14406.2804
-14414.1930
-14427.9393
-14432.4990
-14431.6273
-14442.2444
-14448.1006
-14455.1414
-14460.9528
-14470.5864
-14473.6039
-14472.2404
-14473.0451
-14475.3250
-14485.9644
-14486.9702
-14495.4863
-14509.0761
-14512.0936
-14520.7884
-14507.0421
-14501.4318
-14495.2404
-14497.9673
-14503.7341
-14500.6272
-14497.2297
-14507.3327
-14511.6242
-14509.0314
-14512.3171
-14513.1441
-14510.8866
-14520.3190
-14519.8273
-14526.1752
-14512.9877
-14517.6368
-14514.1053
-14512.9206
-14508.4503
-14511.3783
-14522.7777
-14507.7127
-14516.0499
-14508.7408
-14516.1169
-14507.4221
-14512.3618
-14511.2442
-14518.5980
-14511.7583
-14514.3064
-14509.0538
-14519.2685
-14519.1791
-14527.1587
-14515.7369
-14523.0460
-14517.4133
-14513.4124
-14515.5358
-14519.8273
-14520.2743
-14519.7155
-14521.2578
-14526.1081
-14534.5571
-14523.8506
-14524.0741
-14519.9614
-14525.1917
-14525.8623
-14523.2471
-14517.7709
-14517.9721
-14516.3851
-14519.4026
-14512.3842
-14516.2063
-14511.9818
-14515.4911
-14516.7875
-14518.3521
-14512.8759
-14521.7272
-14525.5494
-14530.7573
-14539.0051
-14541.3744
-14541.9779
-14547.7223
-14543.8554
-14534.6689
-14542.2461
-14543.8107
-14547.2529
-14542.8496
-14540.0556
-14541.6203
-14548.9740
-14543.2519
-14542.9614
-14539.2286
-14542.9390
-14539.2957
-14548.1693
-14549.3093
-14554.5619
-14549.9351
-14553.1538
-14537.5969
-14548.2811
-14554.0031
-14551.5891
-14556.1489
-14540.7262
-14541.7544
-14547.6776
-14548.1023
-14542.9837
-14554.4502
-14545.7777
-14538.2898
-14537.0829
-14550.0469
-14551.6338
-14554.5843
-14549.7786
-14547.0070
-14539.2733
-14543.3190
-14533.7301
-14547.7223
-14549.0634
-14547.8340
-14543.8107
-14548.5717
-14551.7903
-14552.7738
-14553.0867
-14554.3384
-14556.1489
-14560.7757
-14560.4181
-14561.4910
-14558.8088
-14558.7193
-14558.8311
-14553.7349
-14554.7184
-14545.8000
-14544.7495
-14542.5590
-14551.0527
-14560.7981
-14555.4783
-14555.6125
-14563.0109
-14564.5755
-14566.0731
-14564.5308
-14571.5716
-14565.2237
-14563.5920
-14553.6455
-14553.4443
-14565.0449
-14565.2237
-14560.2840
-14549.0410
-14556.3724
-14554.5396
-14558.1606
-14556.6183
-14556.7300
-14558.0935
-14559.8369
-14550.2033
-14556.9983
-14553.3773
-14559.8816
-14565.9390
-14559.9710
-14552.4385
-14549.3763
-14548.3928
-14548.3481
-14545.3530
-14549.9128
-14550.8962
-14549.8233
-14548.4822
-14547.6329
-14547.7223
-14545.3306
-14548.0352
-14554.7854
-14538.6475
-14546.7388
-14545.5095
-14541.8885
-14552.9973
-14550.6727
-14554.5619
-14557.1324
-14561.2674
-14549.1528
-14546.8729
-14539.7874
-14541.5085
-14551.0750
-14557.0206
-14554.3608
-14562.2956
-14555.6125
-14553.9584
-14556.5736
-14557.4900
-14557.2665
-14554.4278
-14553.4890
-14550.3598
-14556.7077
-14552.7067
-14549.0634
-14548.1023
-14557.5123
-14548.7281
-14553.5784
-14558.4958
-14570.9681
-14560.5298
-14563.4356
-14565.5143
-14545.3530
-14546.7388
-14551.4327
-14548.9963
-14555.4783
-14553.5784
-14554.8301
-14556.6406
-14556.8418
-14555.1654
-14551.5444
-14556.6630
-14546.7835
-14548.1917
-14553.2208
-14560.0604
-14555.6572
-14558.4288
-14555.4336
-14555.5007
-14540.0780
-14547.2753
-14543.3860
-14549.2869
-14544.7272
-14557.6018
-14554.3608
-14543.8107
-14544.1013
-14548.1023
-14551.1198
-14557.3559
-14552.3044
-14550.0469
-14545.9788
-14549.3763
-14547.8117
-14544.5036
-14544.7719
-14547.6776
-14543.2966
-14534.3112
-14537.7981
-14534.2442
-85256.1471
-171754.4030
-171734.8229
-171687.3701
-171679.4129
-171654.8037
-171662.1127
-171639.8727
-171633.0107
-171602.5006
-171602.9476
-171585.5803
-171580.8417
-171567.5201
-171564.3014
-171571.4987
-171603.5958
-171658.9834
-171655.7871
-171649.5063
-171636.6093
-171708.5596
-171743.7636
-171782.5215
-171766.7188
-171802.4593
-171851.2531
-171957.3569
-171957.5580
-171945.1528
-171880.0869
-171852.4601
-171816.0268
-171810.2824
-171781.5380
-171790.2999
-171793.6750
-171794.2115
-171769.5128
-171763.4331
-171778.2970
-171800.9841
-171838.0209
-171851.0743
-171866.5641
-171887.3736
-171902.4610
-171855.2764
-171863.4125
-171879.4834
-171942.5824
-171973.4948
-172017.7513
-171978.8145
-172000.2722
-171958.5862
-171968.7563
-171942.2694
-171910.8205
-171822.8888
-171772.0162
-171799.1065
-171852.5719
-171810.7741
-171780.1746
-171757.6440
-171727.2457
-171698.1660
-171676.8425
-171666.7171
-171631.0661
-171635.1341
-171617.8115
-171614.1682
-171567.7883
-171552.7679
-171521.2743
-171546.1965
-171546.4424
-171568.1906
-171585.7591
-171596.9126
-171525.5435
-171507.3939
-171485.0869
-171501.0684
-171530.5503
-171594.1857
-171585.9379
-171579.6571
-171569.4423
-171553.8632
-171550.7786
-171536.4512
-171517.6310
-171478.1355
-171473.5757
-171464.2550
-171477.6214
-171470.7817
-171499.4367
-171511.1490
-171550.4657
-171539.6028
-171544.6543
-171513.9877
-171531.9361
-171527.3317
-171554.5561
-171559.3841
-171582.9875
-171580.2829
-171597.8291
-171585.5132
-171591.1906
-171606.3898
-171629.5685
-171640.1633
-171639.5151
-171647.9417
-171648.4558
-171654.1331
-171634.4189
-171660.6375
-171645.2148
-171649.6180
-171618.6385
-171642.9349
-171634.1506
-171655.4519
-171678.1836
-171749.9103
-171785.2708
-171822.9335
-171806.1920
-171801.6546
-171762.2708
-171768.1941
-171792.5798
-171836.7469
-171845.9558
-171830.2648
-171794.2562
-171765.8918
-171777.0006
-171815.4233
-171875.3036
-171869.7604
-171862.0267
-173055.4757
-173955.4911
-172990.5663
-172215.5866
-171799.1736
-171633.2342
-171534.6630
-171522.0119
-171510.2102
-171546.6436
-171549.8175
-171530.6174
-171494.5193
-171524.1130
-171544.0061
-171565.4190
-171568.2130
-171563.1615
-171556.6795
-171553.2597
-171566.3354
-171544.7660
-171522.1460
-171491.9935
-171508.1539
-171537.7029
-171574.3821
-171554.1985
-171572.0128
-171569.7106
-171616.0010
-171610.5919
-171619.9573
-171598.6337
-171628.8756
-171635.2906
-171649.1710
-171635.3800
-171655.6977
-171650.2215
-171660.5928
-171669.0864
-171689.4265
-171685.3585
-171693.6510
-171724.8093
-171729.4808
-171727.5139
-171713.2758
-171713.6781
-171694.8133
-171710.0348
-171695.3497
-171705.1174
-171691.5052
-171724.9211
-171708.4255
-171727.4692
-171720.5401
-171739.4944
-171726.2845
-171743.5848
-171745.3059
-171780.4652
-171778.1406
-171794.5915
-171805.5438
-171803.1075
-171809.8577
-171822.5982
-171828.0744
-171815.9374
-171837.3727
-171851.2531
-171885.7195
-171879.9975
-171906.2608
-171913.4133
-171964.8894
-171984.2684
-172025.5520
-172011.6716
-172024.0992
-171994.6843
-172003.5132
-171957.2675
-171940.3472
-171917.8837
-171913.7933
-172174.2135
-174851.1031
-178827.8584
-182314.5741
-184877.7380
-186656.0428
-187500.0224
-187500.0224
-187500.0224
-187500.0224
-187500.0224
-187500.0224
-187500.0224
-187500.0224
-187500.0224
-187500.0224
-187500.0224
-187500.0224
-187500.0224
-187500.0224
-187500.0224
-187500.0224
-187500.0224
-187500.0224
-187500.0224
-187500.0224
-187500.0224
-187500.0224
-187500.0224
-187500.0224
-187500.0224
-187500.0224
-187500.0224
-187500.0224
-187500.0224
-187500.0224
-187500.0224
-187500.0224
-187500.0224
-187500.0224
-187500.0224
-187500.0224
-187500.0224
-187500.0224
-187500.0224
-187500.0224
-187500.0224
-187500.0224
-187500.0224
-187500.0224
-187500.0224
-187500.0224
-187500.0224
-187500.0224
-187500.0224
-187500.0224
-187500.0224
-187500.0224
-187500.0224
-187500.0224
-183917.2836
-177807.6801
-173769.8151
-171513.7418
-170444.6355
-169950.5055
-169818.7196
-169812.4164
-169899.4318
-169989.8446
-170142.1940
-170255.7633
-170409.1409
-170528.0299
-170632.3008
-170684.7379
-170738.7174
-170804.6103
-170864.6248
-170892.0504
-170906.2214
-170911.0941
-170931.0765
-170955.9317
-170962.1007
-170979.7363
-170971.4438
-170991.9180
-170971.8685
-171018.8518
-171030.4524
-171056.2239
-171022.8081
-171024.9985
-171009.5535
-171026.5855
-171009.4194
-171024.4845
-171036.8897
-171056.6486
-171005.4855
-170986.7100
-170967.7334
-171008.4806
-171067.3104
-171149.1401
-171218.8329
-171278.0650
-171338.1018
-171362.9793
-171389.2202
-171388.4379
-171382.8723
-171345.5226
-171364.9462
-171346.8637
-171371.1377
-171333.0726
-171322.1650
-171302.0484
-171329.5634
-171310.0727
-171318.5664
-171300.2603
-171307.0776
-171286.0446
-171283.6753
-171277.1709
-171294.3147
-171278.7803
-171255.1545
-171220.1740
-171191.3626
-171185.0594
-171202.2255
-171230.2099
-171210.7192
-171194.8718
-171186.3781
-171196.3470
-171205.1089
-171242.0787
-171236.4684
-171296.1252
-171316.9570
-171362.3311
-171361.6829
-171375.0269
-171375.0045
-171457.2366
-171521.0285
-171554.1985
-171523.1742
-171510.1432
-171428.5816
-171342.9298
-171315.6830
-171340.4934
-171370.4671
-171360.1183
-171361.9287
-171390.1590
-171461.6846
-171497.8274
-171529.8350
-171540.9215
-171618.0574
-171620.4267
-171650.5121
-171668.9523
-171707.4867
-171669.6676
-171660.0787
-171619.1750
-171625.9028
-171617.4986
-171645.4606
-171644.9018
-171621.9466
-171575.5220
-171555.8748
-171558.4900
-171589.5142
-171575.0526
-171543.3802
-171534.3277
-171521.9002
-171522.4143
-171494.6981
-171498.0732
-171496.7768
-171556.1654
-171561.9992
-171582.7863
-171578.2042
-171586.9214
-171557.3277
-171563.9885
-171553.8855
-171575.0750
-171563.9885
-171586.7873
-171580.3053
-171583.6804
-171566.1566
-171560.7475
-171564.7708
-171613.2965
-171615.3081
-171591.9282
-171608.2673
-171610.7260
-171606.0098
-171567.6095
-171557.5289
-171524.4706
-171541.4803
-171542.1732
-171551.0022
-171498.1179
-171506.3657
-171482.4494
-171505.2034
-171475.1403
-171482.6282
-171470.0441
-171498.4085
-171477.1520
-171488.2161
-171448.8547
-171420.1103
-171403.1677
-171410.3203
-171415.4612
-171418.5904
-171423.2843
-171431.9791
-171461.9528
-171444.2279
-171452.1851
-171447.9383
-171472.2793
-171467.0490
-171491.8147
-171468.0101
-171480.4377
-171465.4397
-171493.4464
-171495.1675
-171513.2277
-171498.8108
-171506.8575
-171486.4727
-171498.2744
-171490.9654
-171498.8332
-171490.6077
-171506.1646
-171520.2462
-171525.8341
-171532.0032
-171519.7991
-171526.4152
-171509.3832
-171521.7884
-171523.9342
-171563.2956
-171547.4706
-171540.9662
-171509.9420
-171524.8506
-171508.4668
-171522.7942
-171509.7855
-171526.7952
-171524.8506
-171554.1761
-171552.4997
-171566.0896
-171535.1324
-171515.1276
-171497.0897
-171507.8186
-171512.5572
-171510.0314
-171501.4036
-171450.3299
-171430.0569
-171409.4038
-171411.4155
-171397.8480
-171411.5049
-171397.7362
-171414.9024
-171410.9685
-171444.7196
-171441.8809
-171459.2929
-171455.6943
-171490.4289
-171495.8604
-171518.4133
-171488.9090
-171471.4970
-171450.4640
-171452.3639
-171442.6632
-171444.9878
-171452.6992
-171460.0529
-171468.1219
-171478.1131
-171490.8983
-171482.6282
-171488.3726
-171467.8090
-171478.7837
-171461.4611
-171478.9848
-171476.2803
-171502.9459
-171496.3968
-171524.2471
-171511.9984
-171538.5522
-171532.1820
-171546.9118
-171539.7592
-171557.7077
-171554.1537
-171575.2314
-171574.5609
-171587.0555
-171622.5724
-171656.0553
-171673.7803
-171672.7745
-171718.1708
-171792.6916
-172497.1068
-175685.8514
-179415.2176
-182361.3116
-184449.2104
-185837.7231
-186797.3729
-187384.2627
-187500.0224
-187500.0224
-187500.0224
-186252.0127
-180465.5037
-175649.9992
-172872.3032
-171464.5456
-170815.1380
-170541.3515
-170472.8211
-170489.4060
-170555.4331
-170632.2337
-170704.2510
-170780.6046
-170832.5724
-170892.7433
-170925.7345
-170984.3854
-171019.5224
-171074.3736
-171098.0888
-171134.8574
-171143.5298
-171187.5851
-171198.3363
-171251.9582
-171261.8600
-171289.9338
-171270.5101
-171275.8745
-171270.5548
-171302.5178
-171297.7792
-171269.2137
-171253.4110
-171254.1263
-171263.8940
-171279.8531
-171299.8580
-171311.1232
-171331.5304
-171333.4079
-171356.7431
-171345.5896
-171362.9793
-171360.5206
-171386.3592
-171380.0337
-171391.4330
-171352.4740
-171332.1339
-171298.4721
-171306.1164
-171287.8104
-171300.6626
-171289.2185
-171298.0922
-171285.8211
-171295.6335
-171295.2535
-171304.1718
-171309.0892
-171329.2505
-171347.8024
-171342.5945
-171341.9463
-171327.0824
-171338.0571
-171328.6917
-171357.5031
-171352.1610
-171379.0055
-171351.4905
-171367.3379
-171360.4088
-171378.6255
-171354.9326
-171382.4253
-171390.6954
-171413.7848
-171407.1687
-171415.8859
-171417.8305
-171431.5097
-171415.7070
-171408.6215
-171415.1259
-171419.0375
-171436.8294
-171433.1414
-171447.8936
-171445.9937
-171462.7128
-171471.1841
-171492.9994
-171468.2113
-171482.9858
-171483.9246
-171514.8817
-171490.7195
-171495.9051
-171469.9771
-171482.9187
-171470.8935
-171487.5455
-171477.7108
-171492.4182
-171487.3444
-171503.2812
-171512.5348
-171529.9245
-171522.3472
-171513.1383
-171504.7564
-171488.0820
-171494.5640
-171499.9955
-171539.3345
-171541.8156
-171569.1741
-171554.1314
-171560.0993
-171530.8632
-171560.5463
-171564.0109
-171592.0176
-171589.9165
-171612.0448
-171579.9700
-171576.8408
-171555.4501
-171532.5620
-171499.0343
-171489.5796
-171458.7565
-171447.1783
-171437.9917
-171443.4456
-171444.3620
-171444.8537
-171448.3853
-171435.1307
-171449.7487
-171427.7993
-171427.9334
-171410.9014
-171432.8508
-171427.6205
-171444.2949
-171424.3795
-171445.7925
-171426.3241
-171449.0782
-171436.5389
-171464.4338
-171468.1219
-171493.2229
-171483.8575
-171506.0528
-171497.5144
-171491.9265
-171497.1568
-171525.2082
-171535.3559
-171526.8846
-171530.1256
-171567.2072
-171664.0796
-171715.3098
-171735.1358
-171727.6256
-171755.2524
-171754.7607
-171785.2484
-171757.1523
-171751.6761
-171734.3759
-171764.9530
-171759.9016
-171786.8801
-171765.2660
-171761.8685
-171769.4010
-171823.3582
-171842.2677
-171832.4553
-171805.0521
-171805.8567
-171831.0919
-171860.5962
-171863.9042
-171834.6458
-171828.0297
-171801.0064
-171803.2639
-171797.9889
-171815.4903
-171801.4758
-171872.7555
-171922.2423
-172004.2285
-171983.5084
-171974.7242
-171937.5979
-171947.9021
-171923.9187
-171927.6514
-171912.8098
-171928.3890
-171914.0392
-171909.2336
-171907.4901
-171903.3774
-171901.9469
-171930.1101
-171962.7213
-171979.7980
-171993.1867
-171979.6192
-172001.8815
-171983.5978
-171980.1333
-171947.2092
-171962.1401
-172019.9194
-172203.7401
-172264.3581
-172294.7788
-172272.9411
-172270.7954
-172209.6857
-172158.8578
-172103.4702
-172083.7783
-172035.6327
-172003.3344
-171991.5103
-171987.2635
-171998.7746
-172007.9389
-172000.3393
-171991.4209
-172009.5705
-172000.6522
-172005.6813
-171983.6872
-171997.7912
-171987.5988
-172014.4879
-172011.3363
-172019.6288
-172013.0127
-172035.0068
-172013.7727
-172019.4724
-171983.5978
-171997.5453
-171992.4044
-172019.2488
-171981.0721
-171923.2928
-171912.9663
-171926.2432
-171927.2491
-171923.7175
-171927.8749
-171915.6262
-171909.5912
-171905.5902
-171919.8953
-171916.5873
-171944.3929
-171940.6154
-171965.2917
-171950.8749
-171972.6902
-171958.7874
-171977.4734
-171963.9506
-171986.3247
-171974.0983
-171990.5492
-171976.0429
-171993.6337
-171987.6658
-171985.4977
-171952.9536
-171938.2461
-171933.9769
-171944.0352
-171954.2053
-171974.7465
-171998.7299
-172002.4403
-172002.7533
-171972.6902
-171963.3471
-171938.4473
-171960.7543
-171946.4716
-171980.7144
-171987.6435
-172028.2342
-172017.8854
-172036.5714
-172003.4238
-172016.7231
-172009.7047
-172026.2226
-171986.2577
-171980.5803
-171964.4871
-171973.9195
-171974.2324
-171963.5483
-171965.8058
-171967.5716
-171951.5007
-171955.0323
-171982.1897
-171980.8709
-172012.5210
-172008.4977
-172027.8319
-172008.3859
-172032.2799
-172024.7474
-172048.0379
-172041.4665
-172044.9534
-172012.2080
-172008.6094
-171985.5871
-172004.7202
-172002.6415
-172028.4354
-172016.4102
-172002.8203
-172008.8106
-172028.3013
-172034.3810
-172037.6667
-172040.5948
-172030.1118
-172029.4859
-172002.0827
-171994.3267
-171975.3053
-171989.9457
-171973.9866
-171990.2139
-171967.1022
-171983.3966
-171969.2256
-171986.2577
-171969.2256
-171982.1897
-171966.9905
-171985.7436
-171977.1829
-171989.1634
-171996.0924
-172021.1264
-172024.5015
-172034.0681
-172047.9932
-172070.9484
-172092.9873
-172092.2943
-172101.0115
-172091.4003
-172114.1096
-172107.8065
-172111.8968
-172655.1783
-173629.3344
-173104.4260
-172616.5098
-172308.2569
-172183.4895
-172097.7482
-172075.6870
-172048.3285
-172062.1195
-172046.3615
-172056.5986
-172034.6939
-172030.4471
-172024.9932
-172034.2245
-172039.3207
-172061.8960
-172088.5840
-172090.8415
-172101.6374
-172078.6821
-172080.9620
-172073.9212
-172097.0553
-172108.8123
-172147.4585
-172144.5527
-172167.4633
-172152.4205
-172165.8092
-172128.5712
-172125.2855
-172112.7238
-172154.0299
-172159.8190
-172208.7022
-172242.0957
-172271.0860
-172248.8907
-172243.6604
-172259.7313
-172261.2288
-172266.9285
-172269.7895
-172285.5028
-172289.1015
-172312.2802
-172322.8749
-172346.1431
-172306.1335
-172282.9547
-172248.8236
-172262.0558
-172259.6642
-172288.5427
-172272.5835
-172301.8643
-172390.6231
-172427.4364
-172424.4189
-172436.6006
-172424.6424
-172431.4821
-172421.0438
-172422.1167
-172410.2479
-172412.9301
-172425.3577
-172433.7619
-172432.6444
-172409.0856
-172411.5443
-172396.7028
-172413.4666
-172381.8835
-172383.1799
-172338.2306
-172349.7417
-172335.9954
-172347.0148
-172335.5484
-172354.8379
-172347.1936
-172339.8399
-172320.7292
-172342.1868
-172333.0003
-172345.7855
-172343.9750
-172332.2627
-172316.7729
-172291.6496
-172238.8100
-172214.7596
-172215.3407
-172200.9685
-172206.5341
-172200.8791
-172192.6313
-172174.3029
-172219.1405
-172236.7090
-172278.3503
-172274.2152
-172307.8099
-172307.2511
-172333.7155
-172311.8108
-172320.1480
-172312.0120
-172329.0887
-172304.1442
-172301.6631
-172290.2190
-172292.2531
-172308.2345
-172337.7836
-172358.1907
-172374.8651
-172392.4336
-172427.2576
-172516.8434
-172535.8424
-172531.0814
-172516.6646
-172540.7597
-172547.9123
-172603.1211
-172630.5914
-172685.2414
-172695.8809
-172706.4085
-172655.2454
-172638.7051
-172574.5109
-172539.6869
-172498.8949
-172479.8736
-172442.9485
-172439.0370
-172420.9544
-172420.6191
-172398.1780
-172386.0633
-172402.4024
-172434.6337
-172463.8027
-172454.9290
-172479.8959
-172491.4294
-172480.5441
-172409.6444
-172384.5881
-172335.6378
-172295.4046
-172247.7507
-172271.8906
-172253.2269
-172249.6730
-172205.3718
-172197.0346
-172165.2728
-172178.2368
-172169.6761
-172185.8811
-172162.0541
-172163.5517
-172148.9113
-172114.2214
-172094.5295
-172104.7666
-172125.0173
-172131.8346
-172154.8122
-172177.6557
-172201.0803
-172193.3242
-172217.1512
-172219.4311
-172246.9237
-172239.8159
-172257.2949
-172242.6545
-172237.5360
-172203.1143
-172217.5982
-172204.7907
-172232.2610
-172232.2833
-172233.5797
-172238.8100
-172264.4698
-172254.3221
-172237.1784
-172238.7430
-172248.8460
-172264.8498
-172268.7837
-172294.8012
-172291.2472
-172302.0655
-172288.8332
-172305.1277
-172294.0188
-172322.9420
-172309.3745
-172326.3395
-172293.4824
-172292.9460
-172252.9587
-172258.1443
-172236.4184
-172243.7721
-172236.8654
-172265.4310
-172312.3473
-172378.6649
-172414.5394
-172444.0885
-172454.8396
-172458.2595
-172474.0845
-172471.6034
-172470.4635
-172449.5199
-172509.0873
-172622.6342
-172740.8079
-172764.5231
-172805.4715
-172799.1906
-172822.9729
-172807.5949
-172792.1275
-172714.8351
-172685.0850
-172643.9354
-172634.7265
-172619.4155
-172623.5506
-172602.5623
-172580.5011
-172549.8346
-172534.0542
-172514.0941
-172508.9085
-172548.8958
-172575.0697
-172595.1639
-172594.3816
-172636.0676
-172642.7955
-172650.1939
-172619.0356
-172623.8859
-172607.7256
-172620.6002
-172584.8821
-172578.8918
-172529.6733
-172508.3274
-172455.0632
-172455.3314
-172437.5617
-172478.9572
-172501.3089
-172506.4498
-172463.2215
-172449.2517
-172454.8843
-172468.5413
-172480.1418
-172452.5821
-172423.3460
-172438.3888
-172489.4401
-172496.9056
-172547.6664
-172529.2486
-172540.2233
-172531.5732
-172551.3098
-172562.3962
-172584.8150
-172555.8695
-172520.0173
-172455.5325
-172463.9368
-172452.4257
-172453.6774
-172431.9738
-172445.6754
-172443.1497
-172431.8844
-172416.3276
-172437.4723
-172474.3080
-172486.1544
-172495.3187
-172479.1807
-172482.0641
-172465.5908
-172473.6375
-172450.8834
-172470.2623
-172453.3868
-172493.9105
-172498.6044
-172534.8589
-172558.2165
-172571.8510
-172542.8608
-172569.0571
-172577.3719
-172588.4584
-172566.0172
-172568.0959
-172562.3962
-172583.7198
-172610.8325
-172616.9568
-172604.0375
-172613.3806
-172656.0947
-172653.8819
-172655.5360
-172645.3212
-172664.7002
-172675.3396
-172716.4892
-172723.7535
-172771.2733
-172762.7126
-172792.1722
-172787.6795
-172798.9447
-172760.8127
-172767.9876
-172740.0255
-172750.6873
-172745.8370
-172755.6718
-172764.9030
-172768.0323
-172749.7486
-172724.8487
-172729.3861
-172734.4153
-172688.1695
-172654.3290
-172657.3241
-172625.8752
-172629.8538
-172630.1891
-172640.8732
-172624.1988
-172664.2308
-172664.7449
-172684.0568
-172663.3591
-172694.4503
-172662.3532
-172656.2512
-172638.9286
-172657.3017
-172671.9645
-172713.5164
-172712.1976
-172721.5183
-172730.6602
-172720.9148
-172701.9158
-172687.2531
-172703.1452
-172710.2083
-172728.0227
-172729.0732
-172742.4172
-172743.3560
-172758.3093
-172738.7515
-172762.1761
-172748.9662
-172771.6309
-172763.6513
-172792.7757
-172782.6280
-172800.3976
-172784.0138
-172805.2479
-172807.2372
-172832.9865
-172840.7872
-172830.0584
-172815.1945
-172824.2022
-172837.4121
-172832.9418
-172749.1227
-172740.1373
-172790.9652
-172806.4326
-172822.3694
-172819.4860
-172843.2683
-172844.2517
-172862.4908
-172827.9126
-172860.1885
-172878.4052
-172899.0135
-172924.8298
-172948.0756
-172940.6995
-172967.1863
-172929.0766
-172917.5655
-172898.4100
-172910.5694
-172927.6684
-172923.4216
-172930.5742
-172940.9901
-172937.6373
-172921.8570
-172928.0037
-172926.6626
-172942.0406
-172957.3739
-173008.4700
-173017.8801
-173024.0492
-172987.6829
-172968.1251
-172905.8308
-172935.6033
-172931.6471
-172940.3419
-172907.2613
-172912.5363
-172872.2808
-172850.7114
-172841.5472
-172860.5909
-172822.1235
-172786.7630
-172764.6572
-172777.1741
-172799.0789
-172814.8815
-172822.9505
-172821.6318
-172818.5472
-172789.8923
-172811.0817
-172822.0788
-172872.8843
-172890.5422
-172939.7831
-172957.5304
-172985.6265
-172981.4244
-173029.6595
-173094.9265
-173176.2869
-173180.6455
-173201.8126
-173197.6552
-173227.6736
-173234.9155
-173241.1517
-173205.8806
-173207.9593
-173223.1809
-173235.3849
-173240.5035
-173229.9311
-173198.4151
-173144.0780
-173173.4259
-173171.2801
-173166.0498
-173104.4037
-173109.7011
-173077.2016
-173100.6709
-173108.6729
-173128.3648
-173121.2122
-173164.3511
-173177.7174
-173175.2587
-173159.3666
-173178.9468
-173161.0877
-173146.3803
-173129.4823
-173134.2433
-173139.8089
-173133.6845
-173138.9148
-173130.7787
-173151.9235
-173112.4950
-173106.9071
-173091.7302
-173121.7710
-173104.2919
-173090.7915
-173054.1346
-173086.6117
-173063.0753
-173058.3367
-173040.7683
-173053.5311
-173006.1901
-172989.7392
-172969.2203
-173003.3738
-172984.7324
-172977.8705
-172946.2204
-172900.0193
-172828.8067
-172789.1547
-172786.0478
-172827.3091
-172886.4071
-172917.7890
-172949.3049
-172952.2107
-172927.8026
-172883.9261
-172869.5092
-172830.1925
-172835.4898
-172800.5317
-172797.1343
-172787.5230
-172821.2965
-172821.4306
-172838.5520
-172832.5841
-172854.6676
-172857.2157
-172868.6375
-172884.9543
-172918.9513
-172934.5528
-172935.5139
-172938.3079
-172942.8676
-172959.0503
-172948.5003
-172977.8034
-172969.6674
-172959.2515
-172937.2350
-172949.2379
-172921.6782
-172918.9736
-172903.5956
-172899.0359
-172876.4382
-172882.2944
-172856.7017
-172860.6803
-172843.0224
-172863.3848
-172841.0778
-172835.8251
-172829.2314
-172851.4937
-172861.8426
-172871.6997
-172888.6199
-172879.7910
-172895.8843
-172909.2730
-172891.1233
-172833.2100
-172835.8922
-172827.5326
-172858.1322
-172866.2682
-172894.7890
-172912.4246
-172954.4011
-172958.5809
-172973.2213
-172964.9512
-173004.0444
-172991.9744
-172994.6790
-172972.1931
-172980.9997
-172970.0474
-172976.3058
-172975.3447
-172983.3466
-173000.2893
-172997.5847
-172989.4487
-172969.3544
-172974.3389
-172967.4545
-172978.3622
-172961.0619
-172974.6071
-172978.1610
-173005.3855
-172978.8316
-172946.3545
-172884.5966
-172883.7696
-172868.7492
-172883.6355
-172875.9465
-172905.0038
-172904.7132
-172926.6626
-172929.1213
-172945.3710
-172939.9172
-172945.1922
-172940.0290
-172944.1193
-172962.7160
-172949.3720
-172967.5216
-172968.2592
-172973.1766
-172961.0843
-172971.1873
-172947.8744
-172970.8744
-172939.5819
-172956.8151
-172961.3525
-172998.6799
-172991.3039
-173012.4263
-172993.7626
-172997.4953
-172984.3748
-172996.1542
-172966.6052
-172961.5537
-172960.2796
-172969.6003
-172986.0736
-172976.5741
-172973.4448
-172961.7549
-172979.1892
-172958.9162
-172950.8472
-172928.4508
-172918.5936
-172909.9212
-172941.1242
-172916.4702
-172900.9134
-172858.2663
-172854.1983
-172810.0089
-172815.9544
-172793.7368
-172809.3830
-172802.0740
-172834.1934
-172852.6113
-172869.4645
-172867.9669
-172884.7754
-172903.3274
-172932.8764
-172940.3195
-172929.5683
-172957.3963
-172972.0367
-173007.1512
-173025.2338
-173065.3105
-173031.1123
-173015.7790
-172986.3865
-173001.4963
-172972.6625
-173014.7732
-173024.6080
-173057.1745
-173037.1920
-173041.9753
-173032.7663
-173042.9811
-173012.8733
-173035.4709
-173038.7566
-173023.6692
-172985.7830
-172978.7198
-172970.6285
-172961.9560
-172972.8860
-172980.6197
-172995.3719
-173000.2669
-172995.2601
-172960.2796
-172950.9813
-172897.1583
-172889.2458
-172862.4461
-172876.2147
-172862.4684
-172893.1574
-172880.5510
-172886.7871
-172860.3226
-172865.6424
-172848.8115
-172850.2196
-172828.8290
-172822.8611
-172805.7844
-172818.1225
-172843.2906
-172858.1098
-172869.2633
-172874.7172
-172888.5752
-172867.2293
-172890.1175
-172877.0194
-172893.7385
-172872.1691
-172885.8930
-172856.8805
-172856.2993
-172822.2129
-172833.0088
-172829.0525
-172853.8183
-172844.3635
-172871.3644
-172878.4723
-172903.6403
-172904.7356
-172914.9727
-172916.3585
-172920.8288
-172915.6209
-172927.7355
-172949.5732
-172956.3234
-172980.4186
-172985.5371
-172989.0240
-172944.2981
-172921.5664
-172893.2915
-172900.1758
-172877.0641
-172889.3799
-172868.8163
-172887.7929
-172868.8387
-172887.8600
-172884.6413
-172914.0562
-172890.8104
-172848.1186
-172782.3374
-172764.7466
-172766.0430
-172763.3384
-172738.6174
-172723.3288
-172725.9216
-172723.5076
-172734.0353
-172732.0683
-172757.5493
-172778.0012
-172823.2858
-172817.5414
-172846.0399
-172808.9583
-172845.3470
-172813.6969
-172784.3714
-172751.0673
-172760.7456
-172740.1820
-172759.6727
-172747.3346
-172766.7359
-172808.4442
-172866.4917
-172880.3274
-172913.8327
-172909.1836
-172846.9116
-172822.3917
-172802.4316
-172842.4636
-172848.3868
-172815.5521
-172783.0750
-172805.9855
-172810.0312
-172859.5850
-172856.8358
-172907.8201
-172928.3837
-172936.9444
-172925.0756
-172961.8443
-172925.2098
-172927.6908
-172879.3440
-172864.5695
-172861.1497
-172879.4557
-172899.4829
-172952.7918
-172945.8628
-172916.2914
-172948.1203
-172970.3379
-172994.9695
-172932.6082
-172915.3750
-172900.4887
-172914.6150
-172903.9309
-172933.6140
-172918.8395
-172945.9745
-172959.0503
-173008.3135
-173045.6857
-173101.2744
-173084.9577
-173058.4709
-172984.5760
-172970.6956
-172953.6635
-172971.6343
-172988.2640
-173023.5574
-173068.8197
-173074.6759
-173088.1763
-173104.1802
-173111.1986
-173107.7788
-173110.8857
-173047.2503
-173036.0968
-173019.6235
-173029.1454
-173046.7585
-173115.4678
-173149.1519
-173162.6747
-173130.7564
-173116.9430
-173114.5067
-173114.2608
-173072.1725
-173081.3143
-173091.8420
-173108.7623
-173078.0286
-173080.4650
-173118.8653
-173151.0294
-173141.1276
-173130.8682
-173136.4784
-173119.5358
-173117.2559
-173123.3133
-173118.6641
-173046.3562
-173035.8509
-173010.8616
-173032.7887
-173045.5962
-173096.0218
-173127.9624
-173164.9099
-173163.7252
-173191.6425
-173188.3568
-173221.7056
-173205.0536
-173224.1196
-173231.7863
-173228.1429
-173228.3665
-173253.6239
-173260.1059
-173260.3071
-173281.0495
-173246.5831
-173230.6910
-173236.0778
-173294.6394
-173314.0183
-173322.8920
-173261.7600
-173232.8368
-173199.4880
-173193.2966
-173115.3113
-173104.0014
-173079.6603
-173093.7196
-173079.0345
-173092.3114
-173083.5495
-173106.0577
-173120.9216
-173177.2033
-173150.0236
-173157.3326
-173178.2539
-173262.9223
-173255.2556
-173220.6775
-173209.7028
-173196.8952
-173155.2092
-173102.0791
-173150.2248
-173188.9603
-173222.5327
-173182.6571
-173185.2723
-173144.3910
-173153.2646
-173086.9917
-173070.6078
-173032.8781
-173033.5040
-173013.4544
-173026.1949
-172997.0483
-172985.0901
-172967.1416
-172952.0989
-172949.7967
-172955.9881
-173002.9044
-173080.1967
-173041.7294
-172985.7606
-172979.1445
-172964.9735
-172975.7694
-172968.7957
-172991.5497
-173006.1901
-173061.4436
-173048.7925
-173076.1958
-173090.3891
-173164.7757
-173185.1158
-173217.5035
-173213.3908
-173245.9349
-173227.3159
-173231.3839
-173213.4355
-173228.1206
-173238.4695
-173289.3197
-173292.5160
-173274.1875
-173264.1740
-173246.9408
-173257.9602
-173274.1428
-173262.6987
-173220.4986
-173195.3082
-173156.7738
-173184.0430
-173178.3209
-173217.0118
-173221.6162
-173245.1079
-173247.0749
-173245.3761
-173206.4841
-173199.8680
-173178.1644
-173200.1139
-173211.7591
-173231.0263
-173240.7493
-173286.2351
-173321.2156
-173361.4935
-173387.0638
-173407.2475
-173431.2532
-173375.3515
-173328.1446
-173296.5393
-173301.0320
-173278.8367
-173300.0709
-173280.6472
-173280.1331
-173279.4625
-173320.2768
-173310.0174
-173291.6666
-173270.5666
-173311.3585
-173287.9786
-173277.5179
-173346.5178
-173453.1356
-173514.5358
-173565.1402
-173637.2693
-173644.2430
-173657.1847
-173648.6016
-173670.4169
-173664.6725
-173650.1662
-173636.3529
-173638.6104
-173582.7534
-173580.5405
-173593.1693
-173604.5687
-173577.5901
-173610.6931
-173622.4948
-173655.6424
-173601.7747
-173577.2101
-173556.6912
-173568.9847
-173560.6475
-173560.5581
-173539.0110
-173537.3123
-173511.0937
-173491.6477
-173485.6350
-173475.1297
-173472.0899
-173467.6419
-173490.7759
-173489.3231
-173502.2647
-173512.0548
-173558.7476
-173551.5727
-173568.0906
-173520.0344
-173530.0703
-173502.3765
-173507.2268
-173510.6466
-173551.5727
-173515.7428
-173526.4940
-173498.9790
-173536.7088
-173557.6077
-173574.3938
-173521.0849
-173474.6827
-173460.0423
-173459.3494
-173492.4747
-173536.0159
-173582.9322
-173584.2733
-173606.4686
-173593.8622
-173620.8631
-173595.2033
-173588.3413
-173570.5717
-173592.2976
-173589.0342
-173598.4219
-173602.9146
-173631.5919
-173620.7737
-173633.0224
-173600.1877
-173581.0546
-173532.2608
-173529.4221
-173552.2432
-173571.9128
-173584.2062
-173589.7942
-173604.5687
-173602.1994
-173604.3899
-173599.0701
-173621.9360
-173574.3491
-173532.3278
-173499.7613
-173563.0168
-173566.2578
-173589.8612
-173575.4667
-173592.0293
-173582.5746
-173611.2965
-173561.9886
-173571.8904
-173595.8515
-173639.8844
-173657.9223
-173672.3839
-173641.0467
-173612.8612
-173592.2305
-173564.2014
-173504.7011
-173453.0462
-173431.0297
-173409.7285
-173414.9141
-173393.1659
-173408.7674
-173406.0628
-173428.2134
-173416.4564
-173438.4282
-173423.2066
-173445.1560
-173432.1920
-173454.7673
-173439.9257
-173461.2716
-173449.4923
-173465.3397
-173459.8635
-173470.7935
-173456.6001
-173467.6866
-173476.8061
-173472.5369
-173465.7420
-173460.3552
-173461.4505
-173449.4476
-173475.0180
-173491.3347
-173511.5184
-173459.7517
-173457.7848
-173447.8606
-173454.1861
-173423.7431
-173437.8023
-173400.7208
-173414.3777
-173380.2913
-173379.7995
-173370.2777
-173385.5439
-173412.7237
-173487.1326
-173506.8468
-173509.2608
-173518.2462
-173507.4727
-173481.9694
-173462.3892
-173470.8382
-173465.8761
-173471.2629
-173455.5943
-173475.3309
-173459.1929
-173469.7206
-173454.2308
-173471.7546
-173449.6040
-173476.3814
-173524.8624
-173562.4133
-173529.3327
-173527.7904
-173522.6048
-173551.1927
-173564.7826
-173547.5270
-173503.6729
-173477.2978
-173439.7916
-173433.7119
-173466.7925
-173461.1152
-173449.8946
-173454.0967
-173457.4942
-173432.7732
-173456.4213
-173465.5855
-173516.2569
-173486.3056
-173502.8459
-173430.9627
-173420.7032
-173393.8811
-173436.9976
-173451.5039
-173466.0549
-173443.7032
-173475.5321
-173469.9218
-173480.5165
-173472.9392
-173433.8013
-173386.4380
-173393.8141
-173377.7879
-173360.2865
-173368.8695
-173337.0630
-173330.9610
-173312.5431
-173319.3157
-173302.3060
-173340.7510
-173367.7296
-173373.8540
-173314.1301
-173315.9182
-173305.0776
-173348.4400
-173333.6655
-173289.5208
-173237.6201
-173224.0526
-173212.9885
-173247.3654
-173269.0466
-173298.6850
-173302.1049
-173313.8172
-173318.3769
-173320.6792
-173323.0932
-173304.6753
-173305.8153
-173308.5422
-173341.4216
-173358.1630
-173398.3738
-173396.9210
-173412.8354
-173368.9813
-173406.0628
-173416.6576
-173467.4631
-173489.0325
-173518.3356
-173510.4678
-173543.1684
-173543.4590
-173555.3725
-173531.1208
-173528.7739
-173495.2463
-173524.2589
-173522.2695
-173524.8624
-173547.7729
-173575.4443
-173603.7193
-173602.8476
-173634.9447
-173609.7319
-173601.7524
-173554.7913
-173550.6786
-173511.8089
-173486.9761
-173417.2164
-173394.3505
-173353.8492
-173355.2797
-173337.6665
-173361.6499
-173360.3535
-173374.2786
-173356.2408
-173386.9074
-173392.7412
-173396.5857
-173403.7382
-173418.1328
-173442.6079
-173444.5078
-173457.1589
-173437.3553
-173452.7556
-173434.1813
-173417.8646
-173385.9910
-173392.5624
-173380.2242
-173403.8277
-173374.0775
-173396.4963
-173396.5857
-173414.5565
-173399.6479
-173422.9384
-173497.0344
-173542.5202
-173534.5407
-173559.5746
-173562.2121
-173562.3239
-173505.7293
-173471.4640
-173456.2648
-173424.3242
-173418.4680
-173398.9997
-173398.7091
-173356.1514
-173355.8385
-173338.9852
-173355.3020
-173347.8589
-173370.6353
-173359.1912
-173381.8335
-173361.5158
-173370.2777
-173366.7685
-173413.0366
-173390.2601
-173383.7558
-173380.5818
-173430.3368
-173449.6264
-173452.0627
-173444.5302
-173419.5409
-173368.0649
-173349.0435
-173353.5362
-173345.6461
-173351.5916
-173332.7491
-173345.3108
-173320.7015
-173326.7141
-173309.4586
-173349.2000
-173321.2380
-173313.7054
-173303.9377
-173349.9376
-173357.1572
-173393.5235
-173364.0639
-173361.2029
-173343.7015
-173357.7384
-173370.8141
-173380.3136
-173363.4157
-173324.6801
-173307.7152
-173333.7326
-173353.3127
-173346.2496
-173361.5605
-173374.0775
-173416.3670
-173415.8976
-173456.8013
-173396.5633
-173384.1581
-173380.2019
-173437.4223
-173400.2514
-173388.2038
-173358.4313
-173369.8307
-173365.6285
-173375.6868
-173368.1543
-173397.8597
-173417.2387
-173441.5798
-173459.0141
-173480.7400
-173441.2892
-173368.2660
-173315.6724
-173243.3645
-173212.9438
-173202.1255
-173265.9174
-173321.1486
-173356.0396
-173347.7248
-173406.4428
-173383.9793
-173388.6955
-173377.1620
-173424.2795
-173424.5477
-173453.5156
-173449.6487
-173481.2094
-173448.6653
-173441.1551
-173430.0686
-173452.4203
-173484.3163
-173504.2093
-173521.5543
-173537.4911
-173519.6097
-173436.7741
-173389.2096
-173355.1679
-173360.0406
-173337.8900
-173336.3254
-173318.7346
-173348.6636
-173339.2758
-173347.5907
-173340.2593
-173358.6771
-173339.0747
-173361.4264
-173350.8317
-173370.8365
-173355.6820
-173363.6392
-173352.2175
-173337.9794
-173329.4411
-173346.2719
-173320.5227
-173309.9950
-173314.9124
-173331.4527
-173365.1368
-173348.1718
-173364.8462
-173368.9589
-173347.9706
-173289.4985
-173290.0126
-173272.6900
-173294.9076
-173283.5306
-173314.6889
-173318.5781
-173342.3157
-173327.6082
-173348.8424
-173348.5965
-173369.9201
-173373.6975
-173421.5079
-173436.8412
-173465.9655
-173503.1365
-173493.9052
-173492.6311
-173634.5200
-173860.9208
-173822.6323
-173780.7228
-173777.9735
-173776.4312
-173706.1797
-173695.1826
-173594.7563
-173464.2891
-173371.9764
-173360.5100
-173328.4576
-173345.1990
-173329.3740
-173348.3283
-173331.8103
-173351.3681
-173346.9648
-173360.5994
-173360.7111
-173359.4594
-173345.3555
-173333.2856
-173337.4877
-173354.5868
-173369.2719
-173363.7733
-173385.2310
-173390.1484
-173406.1746
-173382.6159
-173393.0094
-173385.7004
-173413.3495
-173395.4234
-173405.4146
-173370.1212
-173394.2611
-173400.2290
-173421.3961
-173383.7111
-173383.3758
-173380.0454
-173397.8597
-173394.1494
-173413.0366
-173372.9822
-173344.7520
-173308.3857
-173277.4285
-173292.1136
-173302.7754
-173332.5256
-173330.1340
-173360.4876
-173339.8123
-173342.1145
-173320.6345
-173334.7608
-173322.1767
-173339.0523
-173318.3546
-173339.2311
-173337.4877
-173367.0143
-173367.2379
-173398.1727
-173404.4982
-173409.9520
-173403.3583
-173417.7081
-173419.7868
-173491.4912
-173590.4647
-173641.1138
-173669.6346
-173676.4295
-173675.0214
-173651.2838
-173624.1264
-173585.5250
-173592.2976
-173573.5892
-173586.8437
-173566.5260
-173578.1936
-173558.4347
-173574.9750
-173562.6592
-173592.7893
-173601.4394
-173640.0409
-173654.1448
-173647.8864
-173555.1043
-173500.0966
-173450.1405
-173417.4622
-173390.5954
-173366.4555
-173366.7908
-173358.5430
-173370.3447
-173369.2719
-173369.8530
-173321.6403
-173321.8191
-173297.2545
-173308.2739
-173292.6724
-173310.1962
-173281.6977
-173280.1555
-173258.2507
-173266.3197
-173231.9427
-173241.2187
-173244.2362
-173265.9844
-173269.4937
-173290.2361
-173291.3984
-173304.7647
-173308.8998
-173308.6092
-173326.2000
-173337.1077
-173346.0931
-173323.9425
-173334.3361
-173333.7996
-173362.9910
-173369.0483
-173434.6954
-173457.0025
-173484.2045
-173474.1239
-173501.2589
-173484.5175
-173485.7468
-173465.0491
-173488.0267
-173479.0860
-173504.0752
-173516.6816
-173539.2569
-173538.2287
-173541.6932
-173524.6612
-173511.2054
-173515.0723
-173516.2122
-173521.0402
-173509.6632
-173522.2919
-173509.0373
-173516.4134
-173489.8372
-173495.7380
-173480.0695
-173505.1481
-173482.3493
-173497.5709
-173489.0549
-173518.0674
-173512.6359
-173530.4279
-173510.8255
-173520.3473
-173513.7535
-173524.3036
-173517.2628
-173524.8400
-173506.9139
-173496.5427
-173497.7720
-173498.8673
-173520.4367
-173552.6232
-173591.5823
-173585.5473
-173605.1498
-173596.0303
-173627.9709
-173632.9777
-173643.5054
-173616.5045
-173617.2645
-173576.5619
-173568.8953
-173542.6320
-173561.8768
-173544.3754
-173551.0809
-173552.7350
-173578.2383
-173570.8622
-173559.8875
-173532.6408
-173526.9187
-173539.9498
-173545.5601
-173562.9944
-173582.4628
-173614.6046
-173615.6104
-173641.4267
-173643.7289
-173659.9786
-173635.7717
-173649.7192
-173645.6288
-173677.3683
-173662.3256
-173682.5092
-173675.8484
-173681.2352
-173665.8125
-173676.2507
-173670.7075
-173684.6550
-173672.6968
-173668.0476
-173661.8785
-173666.9747
-173670.5510
-173683.4033
-173700.6812
-173718.1155
-173732.5995
-173738.2992
-173744.4012
-173705.7327
-173706.5373
-173694.9591
-173718.6743
-173707.3643
-173721.7142
-173699.9212
-173721.5354
-173719.3896
-173741.2719
-173734.5664
-173746.9493
-173732.5995
-173736.5557
-173719.5684
-173722.9659
-173696.8814
-173692.7016
-173690.6899
-173688.2536
-173691.4276
-173684.3197
-173702.1117
-173698.7813
-173722.3847
-173719.2555
-173728.3079
-173683.1574
-173680.1399
-173652.8484
-173676.8989
-173665.0078
-173680.4081
-173658.1011
-173671.0651
-173659.8445
-173701.3517
-173721.4459
-173757.8569
-173767.8258
-173777.0571
-173770.0833
-173779.7393
-173789.9317
-173801.1746
-173800.5711
-173784.4779
-173776.3195
-173797.5536
-173838.8150
-173848.8732
-173880.6798
-173864.7653
-173864.0501
-173830.4331
-173847.2863
-173825.6945
-173834.2999
-173813.1999
-173821.8500
-173814.3174
-173853.1871
-173848.6274
-173847.7333
-173819.3019
-173824.5322
-173810.6741
-173823.7499
-173830.3883
-173837.2950
-173843.9559
-173843.1065
-173853.2542
-173847.1075
-173855.6905
-173854.8188
-173888.7264
-173886.8489
-173898.9411
-173875.8741
-173893.6661
-173884.1890
-173897.3095
-173868.9228
-173860.9655
-173822.0064
-173827.4826
-173811.2106
-173826.3203
-173796.3019
-173793.0386
-173783.2262
-173791.8539
-173785.1037
-173795.9443
-173800.9735
-173790.2223
-173797.3972
-173781.4604
-173804.8627
-173798.1124
-173817.1338
-173799.0065
-173817.3349
-173814.9209
-173851.8907
-173838.4573
-173867.0005
-173859.1774
-173889.3746
-173887.4524
-173925.4503
-173933.9440
-173961.9731
-173951.2889
-173964.1635
-173972.0537
-174005.8048
-174024.5580
-174036.8067
-174036.6949
-174031.2411
-174019.7970
-174001.7368
-174003.9720
-174000.0381
-174024.6250
-174021.5181
-174037.2314
-174032.3811
-174063.7182
-174051.0895
-174068.8591
-174041.7911
-173996.7524
-173934.6145
-173928.4454
-173897.3989
-173884.9266
-173855.8470
-173863.0442
-173860.8314
-173879.4281
-173883.5855
-173883.4067
-173880.4339
-173872.6331
-173871.8508
-173877.5505
-173910.6088
-173911.4581
-173925.2715
-173915.0568
-173933.6311
-173913.8051
-173919.9518
-173901.5563
-173913.9615
-173894.2920
-173911.5475
-173903.0986
-173920.2647
-173903.8585
-173921.1364
-173914.3639
-173929.9207
-173925.4056
-173932.0217
-173927.5514
-173925.7632
-173928.5572
-173923.0810
-173908.4183
-173885.9771
-173865.7935
-173869.9733
-173903.9926
-173898.4047
-173906.2725
-173890.2687
-173905.4679
-173893.9120
-173924.4221
-173920.6223
-173961.9060
-173962.6436
-173973.9089
-173948.7855
-173964.2529
-173941.0742
-173937.4756
-173927.7525
-173933.1617
-173932.4688
-173978.6922
-174008.5318
-174028.0672
-174033.4092
-174022.8369
-174029.9000
-174026.5920
-174039.1983
-174045.6803
-174076.1458
-174062.1983
-174062.3995
-174031.5540
-174039.2207
-174018.9477
-174067.4509
-174132.4051
-174196.9570
-174200.6897
-174227.0201
-174225.8578
-174243.5827
-174228.6070
-174236.2513
-174229.8587
-174243.4486
-174256.7255
-174265.8003
-174259.1172
-174235.4467
-174222.1921
-174202.6119
-174207.6634
-174196.5770
-174213.1843
-174198.1863
-174200.1533
-174176.4381
-174192.5760
-174166.1786
-174179.9473
-174165.9104
-174183.9706
-174169.1067
-174183.8141
-174172.6159
-174187.1445
-174193.0678
-174222.2368
-174219.2863
-174220.4486
-174217.8111
-174217.9229
-174235.5808
-174271.0977
-174300.2220
-174285.5146
-174295.2823
-174291.3707
-174320.1151
-174323.4231
-174348.8594
-174342.0645
-174371.2782
-174360.6164
-174376.2403
-174363.2763
-174383.0352
-174368.2384
-174383.2587
-174383.6611
-174410.1926
-174398.3015
-174395.4628
-174374.4745
-174372.3734
-174359.9906
-174360.7282
-174356.9731
-174353.6203
-174368.2607
-174381.8506
-174381.9623
-174365.3326
-174373.1334
-174350.4017
-174373.2675
-174376.1285
-174394.4570
-174383.6387
-174411.1314
-174397.9215
-174424.0954
-174400.6484
-174413.2101
-174401.1625
-174412.8301
-174391.1266
-174401.5648
-174394.3676
-174403.9565
-174405.7222
-174399.2179
-174389.7631
-174381.5824
-174384.1081
-174365.8467
-174362.9410
-174352.8157
-174361.3540
-174347.2501
-174365.8020
-174349.6864
-174364.6844
-174364.2151
-174394.6134
-174371.0994
-174385.0022
-174361.7787
-174374.9886
-174370.8088
-174389.9866
-174381.6271
-174398.6367
-174401.9225
-174423.1566
-174422.1061
-174441.1721
-174451.8115
-174448.7717
-174453.8903
-174449.5764
-174452.8397
-174443.3849
-174458.0477
-174444.6590
-174473.5598
-174466.4519
-174485.9874
-174461.1099
-174473.0010
-174455.0749
-174469.4471
-174459.9029
-174490.8824
-174487.4849
-174507.8921
-174463.4568
-174439.7863
-174422.5755
-174437.8417
-174452.0798
-174465.4238
-174463.6356
-174452.3033
-174450.1799
-174450.3140
-174463.4345
-174467.3907
-174508.0932
-174487.5073
-174500.5607
-174479.7736
-174478.6336
-174493.6540
-174559.0552
-174483.5063
-174447.7212
-174408.7844
-174418.8651
-174397.0051
-174405.2529
-174399.9555
-174413.7689
-174403.8447
-174409.4550
-174402.6377
-174452.7950
-174512.6306
-174516.8104
-174510.7084
-174489.3625
-174486.6356
-174474.8115
-174492.2906
-174479.7512
-174482.9699
-174469.5141
-174485.8309
-174474.4539
-174498.7726
-174485.4509
-174513.6812
-174510.6190
-174534.7812
-174519.8056
-174546.9853
-174540.1903
-174536.2341
-174516.7210
-174519.1797
-174524.7229
-174535.9882
-174542.1796
-174544.0795
-174558.9211
-174577.5848
-174598.6402
-174595.2874
-174605.2339
-174594.1475
-174609.2349
-174599.6013
-174627.0939
-174595.5556
-174601.7023
-174573.4944
-174587.1737
-174573.9638
-174593.9910
-174578.5012
-174600.9871
-174625.7081
-174646.5176
-174610.0842
-174607.4244
-174597.7014
-174605.2563
-174608.8326
-174605.7927
-174603.8928
-174604.2728
-174606.5080
-174593.4098
-174599.8471
-174598.3049
-174607.8267
-174589.2748
-174599.4672
-174578.5683
-174598.7966
-174582.3904
-174587.1514
-174556.9318
-174568.3759
-174550.5392
-174563.5703
-174550.8298
-174567.1689
-174577.1601
-174634.6488
-174659.7275
-174684.9626
-174708.7001
-174758.1869
-174785.4113
-174794.4638
-174810.4453
-174815.0944
-174827.4997
-174818.9389
-174841.9836
-174849.2032
-174870.2586
-174851.2819
-174882.9320
-174891.8280
-174928.6860
-174911.4752
-174935.7492
-174916.3255
-174924.0369
-174908.8824
-174905.9543
-174896.2089
-174910.1564
-174889.5928
-174887.6259
-174882.9543
-174891.7833
-174890.9786
-174892.1186
-174896.5442
-174883.5802
-174891.1574
-174883.4684
-174899.7852
-174879.2216
-174882.5073
-174850.9914
-174832.2382
-174784.9196
-174787.6689
-174775.5989
-174830.6513
-174851.7960
-174882.9767
-174873.0302
-174904.0097
-174898.0418
-174907.2283
-174887.3800
-174882.4179
-174874.1254
-174875.0418
-174866.9281
-174866.6152
-174866.7046
-174856.6910
-174855.0370
-174845.0011
-174858.1663
-174839.7931
-174853.0477
-174838.2509
-174856.1993
-174843.7717
-174858.1216
-174825.9574
-174813.2616
-174775.6883
-174787.5795
-174760.7127
-174760.9809
-174751.5484
-174757.6728
-174729.6437
-174726.2016
-174722.0888
-174728.9732
-174713.9752
-174727.6768
-174750.2967
-174747.7486
-174763.4396
-174768.6475
-174788.9429
-174777.3200
-174791.8933
-174777.1635
-174791.5134
-174782.5950
-174809.1489
-174800.1188
-174821.5765
-174798.6436
-174828.5055
-174801.5940
-174784.3161
-174762.4784
-174762.9925
-174752.7107
-174764.6689
-174778.8623
-174794.1285
-174789.9711
-174787.8924
-174779.7116
-174773.1849
-174786.9089
-174778.6164
-174782.3491
-174763.4619
-174773.9896
-174767.8876
-174781.0751
-174747.2793
-174750.5203
-174732.3706
-174752.2860
-174722.2453
-174714.9810
-174666.2095
-174619.5390
-174577.7413
-174649.8033
-174681.2522
-174712.5446
-174721.3512
-174731.2978
-174744.3959
-174753.6495
-174752.4872
-174725.8439
-174706.0626
-174698.8654
-174712.4329
-174691.8693
-174702.1734
-174685.7673
-174695.3115
-174671.6857
-174681.9451
-174658.5652
-174672.6021
-174661.8956
-174679.0841
-174652.8431
-174665.6730
-174664.5107
-174676.9160
-174657.5817
-174668.7352
-174663.8849
-174683.1521
-174689.0530
-174698.8654
-174703.1793
-174703.0005
-174707.8061
-174705.4144
-174719.4290
-174725.3745
-174755.0130
-174745.4911
-174780.3598
-174773.1179
-174817.4190
-174820.7047
-174895.0690
-174979.3351
-174957.6315
-174865.9000
-174842.8777
-174771.9109
-174724.7487
-174720.4348
-174773.4084
-174814.6251
-174850.7455
-174859.9544
-174875.6677
-174871.6891
-174871.8902
-174896.6560
-174895.8737
-174912.0563
-174915.2526
-174938.7219
-174932.9775
-174956.7598
-174943.1476
-174963.4877
-174950.3896
-174959.6432
-174945.8298
-174956.2904
-174945.5169
-174969.1427
-174949.3167
-174950.7025
-174929.7142
-174943.8852
-174933.6257
-174930.4071
-174916.0349
-174927.7919
-174932.8881
-174919.9018
-174903.4285
-174889.7493
-174894.1079
-174887.2235
-174896.6336
-174884.1613
-174894.3761
-174860.7144
-174864.8494
-174833.9146
-174827.8796
-174807.4054
-174835.9486
-174826.4268
-174850.9690
-174834.7640
-174849.1585
-174834.5628
-174856.6016
-174864.0448
-174921.8687
-174975.9153
-174946.4109
-174922.0028
-174918.1360
-174929.6695
-174946.9250
-174987.2476
-175006.6265
-175037.9637
-175030.9452
-175031.6381
-174941.4936
-174887.8717
-174828.4831
-174827.8796
-174807.7854
-174830.5395
-174769.2063
-174708.2755
-174665.9636
-174684.2697
-174711.3377
-174783.8244
-174827.1420
-174869.1857
-174907.8318
-174980.7432
-175013.3321
-175038.8131
-175043.3505
-175033.3145
-175045.1163
-175052.0676
-175080.6108
-175053.3864
-175040.6683
-175018.3389
-175029.4477
-175013.3097
-175025.4244
-174994.4225
-175003.3855
-174982.7102
-174995.5401
-174967.8686
-174985.2359
-174973.3224
-174981.5255
-174969.7462
-174969.6344
-174948.1320
-174945.8075
-174939.8842
-174940.1748
-174936.2409
-174918.2477
-174910.0670
-174885.1448
-174877.5452
-174855.3946
-174868.8951
-174858.7027
-174889.7046
-174887.4694
-174902.5345
-174878.9087
-174898.1759
-174889.8387
-174917.1972
-174912.0563
-174942.2535
-174921.4888
-174928.0602
-174921.5782
-174935.8386
-174934.4975
-174947.3497
-174950.1660
-174958.4362
-174964.2476
-174967.6451
-174963.4206
-174947.8638
-174964.4041
-174957.2515
-174971.8249
-174963.5771
-174977.8151
-174956.4469
-174974.8200
-174957.9444
-174986.2194
-174978.2398
-174983.8278
-174966.0358
-174985.4818
-174968.1592
-174973.1883
-174945.5392
-174946.4557
-174920.2371
-174913.8221
-174899.8746
-174887.8047
-174884.5413
-174882.1944
-174888.4752
-174881.7697
-174886.1283
-174884.0943
-174906.3566
-174902.6462
-174979.2680
-175075.6264
-175166.7991
-175177.4162
-175207.7028
-175192.6825
-175214.0731
-175196.8846
-175151.7788
-175116.0607
-175130.7681
-175107.9247
-175102.9849
-175064.5846
-175038.3437
-174983.4925
-174918.7171
-174926.8755
-174976.6305
-175012.7286
-175027.7489
-175056.0463
-175073.0112
-175098.6934
-175100.4592
-175135.6855
-175123.3027
-175133.6068
-175110.6739
-175116.4407
-175081.1920
-175088.7692
-175073.1230
-175084.5224
-175071.7148
-175083.6507
-175080.2308
-175109.0422
-175115.8819
-175122.7439
-175111.1433
-175123.5932
-175144.6039
-175135.2608
-175114.4961
-175095.6535
-175096.1229
-175087.9869
-175097.8440
-175074.8217
-175082.7119
-175063.3553
-175069.1444
-175027.3466
-175029.8500
-175010.1581
-175031.0794
-175021.3340
-175039.6177
-175014.3155
-175022.2281
-175009.5546
-175017.3107
-175000.3904
-175002.4021
-174984.9454
-174990.0192
-174981.8161
-174972.3390
-174972.9872
-174964.4041
-174956.8939
-174949.1155
-174962.4371
-174949.0485
-174956.5810
-174940.1301
-174960.2467
-174948.1097
-174956.5586
-174936.5538
-174951.8871
-174931.9270
-174943.0135
-174908.9271
-174918.8289
-174903.3168
-174913.9562
-174899.0252
-174907.5189
-174902.1768
-174904.5014
-174896.1419
-174899.2264
-174920.2147
-174938.5878
-174952.2224
-174948.7579
-174961.6325
-174960.6937
-174989.5722
-174975.0212
-174996.6577
-174989.6839
-175009.6217
-174994.9142
-175016.2601
-174998.0882
-175012.8403
-174997.7976
-175022.2951
-175002.7597
-175014.0026
-174998.8481
-175004.4584
-174994.6237
-175006.8948
-175004.3243
-175005.1513
-175010.5158
-175005.3748
-175004.9502
-174981.1903
-174988.8346
-174988.7452
-175004.8831
-174993.4167
-175007.2524
-174989.1028
-175015.1426
-175015.4331
-175041.3612
-175028.3748
-175051.0395
-175025.1114
-175039.0813
-175009.5770
-175008.3253
-174993.0367
-175009.1076
-175073.5253
-175156.9867
-175183.7865
-175187.9662
-175165.7486
-175137.7419
-175114.7643
-175065.9928
-175036.9579
-175000.3904
-174976.8093
-174952.9377
-174956.4692
-174930.1165
-174940.3536
-174928.7754
-174950.5684
-174921.6899
-174950.1213
-174950.7025
-174964.3147
-174950.4566
-174944.5334
-174898.6900
-174891.3139
-174886.1059
-174939.3701
-174969.4556
-174994.6237
-175006.5371
-175014.7849
-175012.0580
-175011.9239
-175020.6411
-175017.0872
-175044.5575
-175033.5157
-175050.5701
-175033.1357
-175030.6100
-174995.6742
-174991.6509
-174956.3575
-174969.5003
-174958.9726
-174974.0824
-174959.1067
-174964.1359
-174923.4557
-174933.0223
-174928.7754
-174936.4421
-174924.0816
-174896.8124
-174836.4180
-174810.9147
-174810.7582
-174804.8573
-174807.6737
-174804.6115
-174813.2616
-174804.0750
-174828.8408
-174830.2936
-174854.8582
-174836.3063
-174838.9438
-174815.1839
-174815.9662
-174794.3073
-174796.4084
-174766.7476
-174778.7952
-174778.6388
-174791.0887
-174776.6494
-174794.1956
-174798.4648
-174779.6669
-174761.0926
-174763.4396
-174765.8536
-174758.4998
-174760.8915
-174749.6932
-174769.2287
-174756.5329
-174747.3910
-174717.5514
-174723.6535
-174699.4018
-174695.7585
-174657.3358
-174660.2639
-174636.8393
-174671.1492
-174708.9237
-174761.9867
-174763.4619
-174773.0285
-174748.4639
-174756.1082
-174754.2306
-174773.4308
-174784.0702
-174820.3248
-174841.4472
-174864.1342
-174881.6356
-174888.9446
-174926.6520
-174938.6996
-174968.2933
-174954.8599
-174967.3322
-174961.6548
-174998.7587
-174992.6344
-175028.7995
-175019.2553
-175021.8257
-175014.4720
-175065.5234
-175056.3592
-175066.2386
-175056.7392
-175065.7693
954.0000
953.0000
953.5000
954.0000
953.5000
955.0000
954.5000
954.5000
955.0000
954.5000
953.0000
953.0000
953.5000
953.0000
954.0000
954.5000
954.5000
954.5000
954.5000
955.0000
954.0000
954.0000
954.0000
953.0000
953.0000
954.0000
953.5000
954.5000
954.5000
955.0000
954.5000
955.0000
954.5000
954.5000
953.0000
953.5000
953.0000
953.5000
954.5000
954.5000
955.0000
954.0000
954.5000
953.5000
953.0000
953.0000
953.5000
954.5000
954.0000
955.0000
953.5000
955.0000
954.0000
953.0000
953.0000
953.0000
953.5000
954.0000
954.5000
954.5000
954.5000
955.0000
954.5000
953.5000
953.0000
953.0000
953.5000
954.0000
954.5000
955.0000
954.0000
954.5000
953.0000
953.5000
953.5000
954.0000
954.0000
954.0000
954.5000
955.0000
954.5000
955.0000
955.0000
954.5000
953.5000
953.5000
953.0000
953.0000
953.0000
953.5000
953.5000
953.5000
954.5000
955.0000
954.5000
954.5000
953.5000
954.5000
954.0000
953.0000
953.0000
953.0000
954.0000
954.0000
954.0000
953.5000
954.5000
955.0000
954.5000
955.0000
954.5000
954.0000
953.5000
954.0000
953.0000
953.0000
953.0000
953.0000
954.0000
954.5000
954.5000
954.5000
955.0000
955.0000
955.0000
954.5000
954.5000
954.0000
953.5000
953.5000
953.0000
953.0000
953.0000
954.0000
955.0000
954.5000
955.0000
955.0000
954.5000
954.5000
955.0000
955.0000
954.0000
953.0000
953.0000
953.5000
954.5000
955.0000
955.0000
955.0000
954.5000
955.0000
953.0000
953.5000
953.5000
954.0000
954.0000
955.0000
954.5000
954.5000
954.5000
953.5000
953.5000
953.0000
954.0000
954.5000
954.5000
955.0000
955.0000
954.0000
953.0000
953.5000
953.5000
953.0000
954.5000
954.5000
953.5000
953.0000
954.0000
953.5000
954.0000
955.0000
954.5000
954.5000
954.0000
953.0000
953.5000
953.5000
953.0000
953.0000
953.0000
954.5000
954.5000
954.5000
955.0000
953.5000
953.5000
953.5000
953.0000
953.0000
953.5000
954.0000
954.5000
955.0000
955.0000
955.0000
953.5000
953.5000
953.0000
953.5000
954.0000
955.0000
955.0000
955.0000
954.0000
954.5000
953.0000
953.5000
953.0000
953.5000
954.0000
953.5000
954.0000
954.5000
954.5000
954.5000
955.0000
954.5000
953.0000
953.5000
953.5000
953.5000
953.5000
954.5000
955.0000
954.5000
954.5000
954.5000
955.0000
954.0000
956.0000
956.0000
955.5000
955.5000
955.0000
955.0000
955.0000
955.5000
955.5000
956.0000
955.5000
955.0000
955.0000
955.0000
954.5000
954.5000
955.5000
956.0000
956.0000
956.0000
955.5000
955.0000
954.5000
955.0000
956.0000
956.0000
956.0000
955.5000
955.0000
955.0000
954.5000
954.5000
956.0000
956.0000
955.5000
955.5000
955.0000
955.0000
954.5000
955.5000
956.0000
956.0000
956.0000
955.5000
955.0000
955.0000
954.5000
955.5000
955.0000
956.0000
955.5000
955.5000
955.5000
954.5000
954.5000
956.0000
954.5000
954.0000
954.5000
955.0000
953.5000
953.0000
953.0000
953.0000
954.5000
955.0000
954.5000
955.0000
954.0000
954.0000
953.0000
953.5000
953.5000
954.5000
955.0000
954.5000
954.0000
953.5000
954.0000
954.5000
954.0000
953.0000
953.5000
953.5000
954.5000
954.5000
954.5000
954.5000
953.0000
953.5000
954.0000
954.5000
954.5000
955.0000
954.0000
953.5000
953.0000
953.5000
954.0000
955.0000
955.0000
954.5000
953.5000
953.5000
953.5000
953.5000
953.5000
954.5000
955.0000
955.0000
954.5000
953.5000
953.0000
954.5000
955.0000
954.0000
954.0000
953.0000
953.0000
953.0000
953.5000
954.5000
954.5000
955.0000
954.5000
954.5000
953.0000
953.5000
953.0000
954.5000
955.0000
955.0000
954.5000
954.0000
953.5000
953.0000
953.0000
954.5000
954.0000
955.0000
954.5000
953.5000
953.5000
953.5000
953.5000
954.0000
954.5000
954.5000
954.5000
953.0000
953.5000
953.0000
954.0000
955.0000
955.0000
955.0000
953.5000
953.0000
953.0000
953.5000
954.0000
954.5000
954.0000
955.0000
955.0000
954.5000
954.0000
953.5000
953.0000
953.5000
953.0000
954.0000
953.0000
954.0000
954.5000
955.0000
955.0000
955.0000
955.0000
954.0000
954.0000
953.5000
953.0000
953.5000
953.5000
953.0000
954.0000
955.0000
954.0000
955.0000
954.5000
954.0000
953.5000
953.0000
953.5000
953.5000
955.0000
954.5000
954.5000
953.0000
954.5000
953.0000
954.0000
953.5000
955.0000
954.0000
953.5000
953.5000
953.5000
953.5000
954.5000
954.0000
954.5000
953.5000
953.5000
953.5000
954.0000
955.0000
954.0000
954.5000
953.0000
953.5000
953.5000
955.0000
954.5000
954.5000
954.5000
953.0000
954.0000
954.0000
954.5000
955.0000
953.5000
953.5000
953.5000
954.5000
954.0000
955.0000
953.5000
954.0000
953.0000
953.5000
954.0000
954.5000
954.5000
954.5000
954.5000
953.5000
953.0000
953.5000
953.5000
955.0000
954.5000
955.0000
953.5000
954.0000
953.0000
953.5000
954.5000
953.0000
953.0000
954.0000
955.0000
955.0000
954.5000
953.0000
953.0000
953.5000
953.5000
954.5000
955.0000
954.5000
953.5000
953.0000
953.5000
954.0000
954.5000
955.0000
954.5000
955.0000
954.0000
953.0000
953.0000
953.0000
954.0000
954.5000
954.0000
954.5000
953.5000
953.0000
953.0000
953.5000
954.5000
954.5000
955.0000
953.0000
953.5000
954.0000
955.0000
953.5000
954.0000
953.0000
954.0000
954.5000
954.5000
955.0000
953.5000
954.0000
953.5000
953.0000
954.0000
954.0000
955.0000
953.5000
953.0000
953.0000
953.5000
953.5000
954.5000
954.5000
954.5000
953.5000
953.0000
953.0000
954.5000
954.5000
955.0000
954.5000
953.0000
953.5000
953.0000
954.0000
954.5000
954.5000
954.5000
953.5000
955.0000
955.0000
956.0000
956.0000
956.0000
955.0000
955.0000
955.0000
954.0000
955.0000
956.0000
953.5000
954.5000
954.5000
953.5000
953.0000
953.5000
953.0000
954.0000
953.5000
954.0000
955.0000
954.5000
954.5000
955.0000
953.0000
953.0000
953.0000
953.5000
954.0000
955.0000
954.5000
954.5000
954.0000
953.0000
953.0000
953.5000
954.5000
954.0000
955.0000
954.5000
953.5000
953.0000
954.0000
953.5000
955.0000
955.0000
953.5000
953.5000
953.0000
954.0000
954.0000
955.0000
955.0000
954.0000
954.0000
953.0000
954.0000
955.0000
954.5000
955.0000
954.0000
953.0000
953.5000
954.5000
954.0000
955.0000
954.0000
953.5000
953.0000
953.0000
954.0000
954.5000
954.5000
954.0000
953.5000
953.0000
953.5000
954.5000
954.0000
955.0000
953.5000
953.0000
953.5000
953.5000
954.0000
955.0000
954.0000
953.0000
953.5000
954.0000
954.5000
955.0000
953.5000
953.0000
953.0000
954.0000
954.0000
954.5000
954.0000
953.5000
953.5000
954.0000
954.5000
955.0000
953.5000
953.5000
953.0000
953.5000
953.0000
953.5000
954.5000
954.5000
954.0000
954.0000
953.0000
953.5000
954.5000
954.5000
955.0000
955.0000
953.0000
953.5000
954.0000
954.0000
955.0000
954.5000
955.0000
953.5000
953.0000
953.0000
954.5000
955.0000
954.5000
953.5000
953.0000
953.5000
953.5000
954.5000
955.0000
954.5000
953.5000
953.5000
953.0000
954.5000
954.0000
954.0000
953.0000
953.5000
954.0000
954.5000
955.0000
954.0000
953.0000
953.5000
953.0000
954.0000
955.0000
954.5000
953.5000
953.0000
953.5000
954.0000
954.5000
954.0000
954.0000
953.5000
953.5000
953.5000
954.5000
954.0000
954.5000
954.5000
954.5000
953.5000
953.5000
953.5000
953.0000
953.5000
954.0000
954.5000
954.5000
954.5000
954.5000
953.5000
953.0000
953.5000
954.0000
954.5000
955.0000
953.5000
953.5000
953.0000
953.0000
954.5000
954.5000
955.0000
954.5000
953.5000
953.0000
953.5000
954.0000
954.5000
954.5000
954.0000
953.0000
953.0000
954.0000
953.5000
954.5000
955.0000
954.5000
954.0000
953.5000
954.0000
954.0000
955.0000
954.5000
954.0000
953.5000
953.5000
953.5000
954.0000
955.0000
954.0000
954.0000
953.0000
953.0000
954.0000
954.0000
954.5000
955.0000
953.5000
953.0000
953.5000
953.0000
954.5000
955.0000
954.0000
953.5000
953.0000
953.5000
954.0000
955.0000
954.0000
954.0000
953.0000
953.5000
953.5000
954.5000
955.0000
954.5000
954.0000
953.0000
953.0000
954.0000
955.0000
954.5000
954.5000
953.0000
953.5000
953.5000
953.0000
954.5000
954.5000
955.0000
954.5000
953.0000
953.0000
953.0000
953.0000
954.0000
954.5000
955.0000
954.0000
953.5000
953.0000
953.5000
953.0000
955.0000
955.0000
955.0000
954.0000
954.5000
953.5000
953.5000
953.5000
953.5000
954.5000
953.5000
953.5000
954.5000
954.5000
954.5000
954.0000
953.5000
953.0000
954.0000
954.0000
954.5000
954.5000
953.0000
953.0000
953.5000
955.0000
955.0000
954.0000
954.5000
954.0000
953.5000
953.0000
953.0000
954.0000
954.5000
954.0000
954.5000
953.5000
953.5000
953.0000
953.5000
954.0000
954.5000
954.5000
953.5000
954.0000
954.5000
954.5000
955.0000
954.5000
954.0000
953.0000
953.0000
953.5000
954.0000
954.5000
954.5000
954.5000
954.5000
954.5000
954.0000
953.0000
953.0000
953.0000
954.0000
954.0000
954.0000
955.0000
954.5000
954.0000
954.0000
953.0000
953.5000
953.5000
953.5000
954.5000
954.5000
954.5000
955.0000
953.5000
953.5000
953.5000
953.5000
954.5000
954.0000
954.5000
954.5000
954.5000
953.5000
953.0000
953.5000
953.5000
954.5000
954.0000
955.0000
953.0000
953.5000
953.0000
954.0000
954.0000
954.0000
955.0000
955.0000
954.0000
953.0000
954.0000
954.0000
954.5000
955.0000
954.5000
954.0000
954.0000
953.0000
953.5000
953.5000
954.5000
954.5000
954.0000
953.5000
953.0000
953.5000
954.0000
954.5000
955.0000
954.0000
953.0000
953.0000
953.0000
954.0000
955.0000
955.0000
954.5000
953.0000
953.5000
953.5000
954.0000
955.0000
954.5000
955.0000
954.0000
953.5000
953.0000
953.5000
954.5000
954.5000
955.0000
954.0000
953.0000
953.5000
953.0000
953.5000
954.0000
954.5000
955.0000
954.5000
953.0000
953.5000
953.0000
953.0000
954.0000
954.0000
954.0000
955.0000
954.5000
953.5000
953.0000
953.5000
954.0000
954.5000
955.0000
954.5000
953.5000
953.0000
954.0000
953.5000
954.5000
955.0000
954.5000
954.0000
953.5000
953.5000
953.5000
953.5000
954.0000
954.5000
954.5000
955.0000
954.5000
955.0000
954.5000
953.5000
953.0000
953.5000
953.0000
954.0000
954.0000
954.5000
955.0000
955.0000
953.5000
954.0000
953.0000
953.0000
954.0000
954.0000
955.0000
954.5000
954.5000
953.0000
953.5000
953.0000
953.5000
954.0000
953.5000
955.0000
955.0000
954.0000
953.5000
953.5000
953.0000
953.0000
953.5000
953.5000
955.0000
953.5000
953.5000
953.5000
953.0000
954.0000
954.5000
954.5000
953.5000
953.0000
953.5000
953.5000
954.5000
955.0000
953.0000
953.5000
953.5000
954.0000
955.0000
955.0000
954.5000
953.5000
953.0000
954.0000
954.5000
954.5000
954.0000
953.0000
953.0000
953.5000
954.5000
954.5000
954.0000
953.0000
953.5000
953.0000
954.5000
955.0000
954.5000
953.5000
953.0000
953.5000
954.0000
954.5000
955.0000
953.5000
954.0000
953.0000
953.5000
953.5000
954.0000
955.0000
953.5000
953.5000
953.0000
953.0000
954.0000
954.5000
955.0000
953.5000
953.5000
953.0000
953.0000
954.0000
955.0000
954.5000
955.0000
953.5000
953.5000
953.5000
954.0000
955.0000
954.0000
953.5000
953.0000
953.0000
954.0000
954.5000
954.5000
953.0000
953.0000
953.5000
954.5000
955.0000
955.0000
953.0000
953.0000
953.0000
954.5000
955.0000
954.0000
954.0000
953.0000
954.0000
955.0000
954.5000
954.5000
953.0000
954.0000
954.5000
954.0000
955.0000
953.5000
953.5000
953.0000
953.0000
954.5000
954.5000
954.5000
954.5000
954.5000
953.5000
953.5000
953.0000
954.5000
955.0000
955.0000
953.5000
953.0000
954.0000
954.5000
954.5000
955.0000
955.0000
954.5000
953.5000
953.0000
953.5000
954.5000
954.5000
955.0000
954.0000
953.5000
953.5000
954.0000
955.0000
955.0000
955.0000
953.5000
953.5000
954.0000
954.5000
955.0000
954.5000
954.0000
953.5000
953.0000
953.0000
953.0000
954.5000
954.5000
954.0000
954.0000
953.5000
953.0000
953.5000
954.0000
954.5000
955.0000
954.0000
953.0000
953.0000
953.5000
953.5000
954.5000
955.0000
954.5000
953.0000
954.0000
953.0000
954.0000
954.5000
955.0000
954.5000
955.0000
953.0000
953.0000
953.0000
953.5000
954.5000
954.5000
953.0000
953.0000
953.5000
953.5000
954.0000
955.0000
954.5000
955.0000
953.5000
953.0000
953.0000
953.5000
953.0000
954.5000
954.5000
954.5000
954.0000
953.5000
953.0000
953.5000
953.5000
954.5000
955.0000
954.5000
954.0000
953.5000
953.0000
953.0000
953.5000
954.5000
955.0000
954.5000
954.0000
953.0000
953.5000
953.5000
954.5000
954.5000
954.5000
953.5000
953.0000
953.5000
953.5000
954.5000
954.5000
954.0000
953.0000
953.0000
954.0000
954.5000
955.0000
954.0000
954.0000
953.0000
953.5000
954.0000
955.0000
954.0000
954.0000
953.0000
953.0000
953.5000
954.0000
954.5000
955.0000
954.5000
954.5000
953.5000
953.0000
953.5000
954.0000
954.0000
955.0000
955.0000
954.5000
954.0000
953.5000
953.5000
953.5000
954.5000
954.5000
954.5000
954.0000
953.0000
953.0000
953.5000
954.5000
954.5000
955.0000
953.0000
953.0000
953.5000
954.5000
954.5000
955.0000
953.0000
953.0000
953.5000
954.5000
955.0000
954.5000
954.0000
953.5000
954.0000
954.0000
955.0000
953.5000
953.0000
953.5000
954.5000
954.0000
954.0000
953.0000
953.5000
953.5000
955.0000
955.0000
954.0000
954.0000
953.5000
954.5000
955.0000
954.0000
954.0000
953.0000
953.0000
954.0000
955.0000
954.5000
954.5000
953.0000
954.0000
954.0000
954.0000
955.0000
953.5000
953.5000
953.5000
954.0000
954.0000
954.5000
955.0000
954.0000
953.5000
953.0000
953.5000
954.0000
954.5000
953.5000
955.0000
954.5000
954.5000
954.0000
953.5000
953.5000
953.5000
953.5000
955.0000
955.0000
954.0000
953.5000
953.5000
954.0000
954.0000
954.0000
955.0000
954.0000
953.5000
953.0000
953.0000
954.0000
954.5000
955.0000
955.0000
953.0000
953.0000
954.0000
954.0000
954.5000
955.0000
954.0000
954.0000
953.0000
954.0000
953.5000
953.0000
954.0000
955.0000
954.5000
954.0000
953.0000
953.5000
954.0000
954.5000
955.0000
953.0000
953.0000
953.5000
954.5000
955.0000
954.0000
954.0000
953.5000
953.0000
954.0000
954.5000
954.5000
954.5000
953.0000
953.0000
953.0000
955.0000
955.0000
954.0000
954.0000
953.0000
954.0000
955.0000
954.5000
953.5000
953.0000
954.0000
954.5000
955.0000
953.0000
953.0000
954.0000
954.0000
955.0000
954.5000
954.5000
953.5000
953.0000
954.0000
954.5000
954.5000
954.5000
953.0000
954.0000
954.0000
955.0000
955.0000
954.0000
953.0000
953.5000
954.5000
954.5000
955.0000
953.0000
953.5000
954.5000
955.0000
954.0000
953.5000
953.0000
953.5000
954.5000
954.5000
954.5000
953.5000
953.0000
953.5000
954.5000
955.0000
955.0000
953.5000
953.5000
953.0000
953.0000
954.0000
954.5000
954.0000
953.5000
953.0000
953.5000
954.0000
954.0000
955.0000
954.0000
953.0000
953.0000
953.5000
955.0000
954.5000
954.0000
954.0000
953.0000
953.5000
954.0000
955.0000
955.0000
953.0000
953.5000
953.0000
954.0000
955.0000
954.5000
955.0000
953.5000
953.0000
954.5000
954.0000
955.0000
954.0000
953.0000
953.0000
953.5000
954.5000
955.0000
954.0000
954.0000
953.5000
953.5000
954.0000
955.0000
955.0000
953.0000
953.5000
953.5000
954.0000
954.5000
954.5000
953.5000
953.0000
954.0000
954.0000
954.0000
955.0000
954.0000
953.0000
953.0000
953.5000
953.0000
953.0000
954.5000
955.0000
954.0000
954.0000
953.0000
954.0000
954.5000
955.0000
955.0000
954.5000
953.5000
953.5000
953.5000
954.0000
954.5000
954.5000
955.0000
953.5000
953.5000
953.5000
954.5000
955.0000
955.0000
955.0000
953.5000
953.5000
953.5000
954.5000
954.5000
954.5000
953.5000
953.5000
953.5000
955.0000
953.0000
953.0000
953.5000
954.0000
955.0000
954.5000
953.5000
953.0000
953.5000
954.0000
954.0000
955.0000
954.0000
954.0000
953.0000
953.0000
954.5000
954.5000
954.0000
955.0000
954.0000
954.0000
953.5000
953.5000
954.5000
954.5000
954.5000
954.0000
953.0000
953.5000
954.5000
954.5000
954.5000
954.0000
953.5000
953.0000
954.0000
955.0000
954.5000
955.0000
954.0000
953.0000
953.5000
953.5000
954.0000
954.5000
955.0000
953.5000
953.0000
953.5000
954.5000
954.5000
954.5000
955.0000
953.5000
953.5000
953.5000
954.5000
954.0000
955.0000
954.5000
953.5000
953.0000
953.0000
954.5000
954.5000
954.5000
955.0000
954.5000
954.0000
953.0000
954.0000
955.0000
954.5000
955.0000
954.0000
953.0000
953.0000
953.0000
953.5000
954.0000
955.0000
955.0000
954.5000
954.0000
953.5000
953.5000
953.0000
954.0000
954.5000
954.5000
955.0000
954.0000
953.5000
953.0000
953.0000
953.5000
954.5000
954.0000
955.0000
953.0000
953.5000
953.0000
954.5000
954.5000
954.5000
953.5000
953.0000
953.5000
953.5000
954.5000
955.0000
954.0000
953.0000
953.0000
953.5000
953.5000
955.0000
955.0000
954.5000
953.5000
953.0000
953.0000
954.5000
954.5000
954.0000
955.0000
953.0000
953.5000
953.5000
953.0000
954.5000
954.5000
955.0000
953.5000
953.0000
953.0000
954.0000
954.0000
954.0000
955.0000
954.0000
953.0000
954.0000
953.0000
953.0000
954.0000
954.5000
955.0000
955.0000
954.0000
954.0000
954.0000
953.0000
953.0000
953.0000
954.0000
954.5000
954.5000
954.5000
955.0000
953.0000
953.0000
953.5000
954.0000
954.0000
954.5000
955.0000
955.0000
954.0000
953.0000
953.0000
953.0000
953.5000
954.0000
954.0000
954.5000
955.0000
954.0000
953.0000
954.0000
954.0000
954.5000
954.5000
954.5000
955.0000
955.0000
954.0000
954.0000
953.5000
953.5000
953.0000
953.5000
953.0000
954.0000
954.0000
954.5000
955.0000
953.5000
953.5000
953.0000
954.0000
955.0000
954.5000
955.0000
954.0000
954.0000
953.0000
953.0000
953.5000
954.0000
955.0000
955.0000
954.5000
954.0000
953.0000
953.0000
954.0000
954.0000
954.5000
954.0000
953.5000
953.0000
954.0000
954.0000
954.0000
955.0000
953.0000
953.5000
953.0000
954.0000
954.5000
954.0000
953.0000
953.0000
954.0000
954.5000
954.5000
955.0000
953.5000
953.5000
953.0000
954.0000
953.5000
955.0000
954.5000
955.0000
954.5000
953.5000
953.0000
953.5000
954.0000
955.0000
954.5000
954.5000
954.5000
953.0000
953.5000
953.5000
953.0000
954.0000
954.5000
955.0000
954.5000
954.0000
954.5000
953.0000
953.0000
953.0000
953.5000
955.0000
954.0000
954.5000
955.0000
955.0000
954.0000
954.0000
954.0000
953.0000
953.5000
953.5000
954.0000
955.0000
954.5000
953.5000
954.0000
953.0000
953.5000
953.0000
954.0000
954.5000
955.0000
953.5000
953.0000
953.0000
954.0000
954.0000
955.0000
954.0000
954.0000
953.0000
953.5000
953.0000
954.0000
954.5000
955.0000
953.5000
953.5000
953.0000
953.0000
954.0000
953.5000
955.0000
955.0000
955.0000
953.0000
953.0000
953.0000
954.5000
953.0000
953.0000
953.0000
953.0000
955.0000
955.0000
954.0000
953.5000
953.0000
953.0000
954.0000
954.0000
954.5000
955.0000
954.0000
953.0000
953.5000
954.5000
955.0000
954.0000
953.5000
953.0000
954.0000
954.0000
955.0000
954.5000
954.0000
953.0000
953.0000
954.0000
954.5000
955.0000
954.0000
953.0000
954.0000
954.5000
955.0000
953.0000
953.5000
954.0000
954.0000
955.0000
954.0000
953.0000
953.0000
953.5000
955.0000
954.5000
955.0000
953.0000
953.0000
954.0000
954.0000
955.0000
954.5000
953.5000
953.0000
953.0000
954.5000
954.5000
955.0000
953.5000
953.5000
954.0000
954.0000
955.0000
954.0000
954.5000
954.0000
953.0000
953.5000
953.5000
954.5000
955.0000
954.5000
953.5000
953.0000
953.5000
954.0000
954.5000
954.5000
954.0000
953.5000
953.0000
953.5000
954.0000
954.5000
954.0000
953.5000
953.0000
953.5000
954.0000
954.5000
955.0000
953.0000
953.0000
953.5000
954.0000
954.5000
954.5000
954.0000
953.5000
953.0000
954.0000
955.0000
954.5000
954.0000
953.0000
953.0000
953.5000
954.5000
954.5000
954.0000
953.0000
953.5000
954.0000
955.0000
954.0000
954.0000
953.5000
953.0000
954.0000
955.0000
954.5000
953.0000
953.0000
954.5000
955.0000
954.0000
955.0000
954.5000
953.0000
953.0000
953.0000
955.0000
954.5000
954.0000
954.0000
953.0000
954.0000
954.5000
954.5000
955.0000
953.0000
953.5000
954.0000
954.5000
955.0000
954.0000
953.5000
953.0000
953.5000
954.5000
955.0000
954.0000
954.0000
953.0000
954.0000
954.5000
954.5000
955.0000
953.0000
953.0000
953.5000
954.5000
955.0000
954.0000
953.0000
953.0000
954.0000
954.5000
954.0000
955.0000
953.5000
953.0000
953.0000
954.5000
955.0000
953.5000
955.0000
954.5000
953.5000
953.0000
953.5000
954.0000
954.5000
955.0000
954.5000
953.0000
953.5000
954.0000
955.0000
955.0000
954.0000
953.0000
953.0000
953.5000
954.0000
954.5000
954.0000
953.5000
953.0000
953.0000
955.0000
955.0000
954.5000
954.0000
953.0000
953.5000
954.5000
955.0000
954.5000
953.0000
953.0000
954.5000
955.0000
953.5000
953.5000
954.0000
954.5000
955.0000
953.0000
954.0000
953.5000
954.5000
954.0000
953.5000
953.0000
954.5000
954.5000
955.0000
953.0000
953.5000
954.0000
954.5000
954.0000
953.0000
953.0000
953.5000
954.5000
955.0000
953.5000
953.5000
953.0000
954.5000
954.0000
955.0000
954.5000
953.0000
953.0000
954.0000
955.0000
954.0000
953.5000
953.5000
953.0000
954.0000
954.5000
954.5000
954.0000
953.5000
953.0000
954.0000
955.0000
954.5000
954.5000
953.0000
953.5000
954.0000
954.5000
954.5000
955.0000
953.0000
953.0000
955.0000
954.5000
955.0000
953.5000
953.0000
953.5000
953.5000
954.5000
954.5000
954.5000
953.5000
953.0000
953.5000
954.5000
955.0000
954.5000
954.0000
953.5000
953.0000
954.5000
954.5000
954.5000
954.5000
954.0000
953.0000
954.0000
953.5000
955.0000
955.0000
953.5000
953.5000
953.5000
954.5000
954.5000
955.0000
953.5000
953.0000
953.5000
954.0000
954.5000
955.0000
954.0000
954.0000
953.5000
953.0000
954.0000
954.0000
954.5000
954.5000
955.0000
953.0000
953.0000
953.5000
953.5000
954.0000
954.0000
955.0000
954.5000
953.0000
953.0000
954.0000
954.0000
955.0000
954.0000
953.0000
953.0000
954.5000
954.0000
953.0000
953.0000
953.0000
953.5000
955.0000
955.0000
954.0000
953.0000
954.0000
954.0000
955.0000
954.0000
953.5000
953.0000
953.0000
954.0000
954.0000
955.0000
953.5000
954.0000
953.0000
953.5000
953.5000
953.0000
954.0000
955.0000
954.5000
953.0000
953.0000
954.0000
954.0000
955.0000
954.5000
953.5000
953.5000
953.5000
954.5000
955.0000
953.0000
953.5000
954.0000
954.5000
955.0000
954.5000
953.0000
953.5000
954.0000
954.5000
954.0000
953.0000
953.5000
953.5000
954.0000
954.5000
954.0000
953.0000
953.0000
954.5000
954.0000
953.5000
954.0000
954.5000
955.0000
953.0000
953.5000
954.5000
955.0000
955.0000
953.0000
953.5000
953.5000
954.5000
955.0000
953.5000
953.0000
954.0000
954.0000
955.0000
954.0000
953.5000
953.0000
954.0000
955.0000
955.0000
955.0000
954.0000
953.0000
953.5000
954.0000
954.5000
955.0000
954.5000
953.5000
953.0000
953.5000
954.5000
955.0000
954.0000
953.0000
954.0000
954.0000
955.0000
954.5000
953.0000
953.5000
954.0000
954.0000
955.0000
953.5000
953.5000
953.5000
954.0000
955.0000
953.5000
953.5000
953.0000
954.0000
954.0000
955.0000
954.0000
953.0000
953.0000
954.5000
954.0000
954.0000
953.5000
953.0000
953.5000
954.5000
954.5000
955.0000
953.0000
953.5000
954.0000
954.5000
955.0000
953.5000
953.0000
953.5000
954.0000
954.5000
954.5000
953.0000
953.0000
953.5000
954.0000
954.5000
955.0000
953.0000
953.0000
953.0000
953.5000
955.0000
954.5000
954.0000
953.0000
953.5000
954.5000
954.5000
955.0000
954.0000
953.0000
954.0000
954.5000
954.5000
954.0000
953.0000
954.0000
954.5000
955.0000
953.5000
953.0000
954.5000
954.5000
954.5000
954.5000
953.0000
953.5000
954.5000
954.5000
955.0000
953.5000
953.0000
953.5000
954.0000
955.0000
954.0000
953.0000
953.5000
954.0000
954.5000
954.0000
953.0000
953.0000
954.0000
954.0000
955.0000
954.0000
953.5000
953.0000
954.0000
955.0000
955.0000
955.0000
953.0000
954.0000
953.5000
953.0000
954.0000
955.0000
954.0000
953.5000
953.0000
953.5000
954.0000
954.5000
954.5000
953.0000
953.5000
954.0000
954.5000
954.5000
953.5000
954.0000
953.0000
953.5000
954.5000
954.5000
955.0000
953.5000
953.0000
954.0000
953.5000
955.0000
954.5000
954.5000
953.0000
953.0000
953.5000
954.0000
954.5000
953.5000
954.0000
954.5000
954.0000
953.0000
953.5000
954.0000
955.0000
953.0000
953.0000
953.0000
954.0000
955.0000
954.0000
953.5000
953.0000
954.5000
954.5000
954.0000
953.5000
953.0000
954.0000
954.5000
954.0000
953.5000
953.0000
954.0000
954.0000
954.0000
954.5000
953.0000
953.0000
953.5000
954.5000
955.0000
953.0000
953.5000
953.5000
954.0000
954.5000
954.0000
954.0000
953.0000
954.0000
954.5000
954.0000
953.5000
953.0000
953.5000
954.0000
954.0000
953.5000
953.0000
953.5000
954.5000
955.0000
954.0000
953.5000
953.5000
953.5000
955.0000
954.5000
954.0000
953.0000
953.0000
953.5000
954.5000
955.0000
953.5000
953.5000
953.5000
954.5000
955.0000
954.0000
953.0000
954.0000
954.5000
955.0000
954.5000
953.0000
953.5000
953.5000
954.5000
954.5000
953.0000
953.0000
953.0000
954.0000
955.0000
954.5000
953.5000
953.0000
953.5000
954.0000
954.0000
953.0000
953.0000
953.5000
953.5000
954.0000
955.0000
953.0000
953.0000
954.5000
954.0000
955.0000
953.5000
953.0000
953.5000
954.5000
954.5000
954.5000
953.0000
954.0000
954.0000
954.0000
955.0000
953.0000
953.5000
953.5000
954.0000
955.0000
954.0000
953.5000
953.5000
954.0000
955.0000
954.5000
953.5000
953.5000
954.0000
954.5000
954.0000
953.0000
953.5000
953.5000
954.5000
955.0000
953.5000
953.0000
953.5000
954.5000
955.0000
954.0000
953.0000
953.5000
953.5000
954.5000
954.0000
955.0000
954.0000
953.0000
953.5000
953.5000
955.0000
954.0000
953.5000
953.5000
954.0000
955.0000
954.0000
953.5000
953.0000
953.0000
954.0000
955.0000
954.5000
953.5000
953.5000
954.5000
954.5000
953.5000
953.0000
953.5000
954.0000
954.0000
954.5000
953.5000
953.0000
954.0000
955.0000
954.5000
954.0000
953.0000
954.0000
954.5000
953.0000
953.0000
953.5000
954.0000
955.0000
954.0000
954.0000
953.5000
953.0000
955.0000
953.0000
953.0000
953.5000
954.0000
955.0000
953.0000
953.0000
953.5000
954.0000
954.0000
955.0000
953.0000
953.0000
953.5000
954.5000
955.0000
953.5000
953.0000
953.0000
954.0000
954.0000
954.5000
953.0000
953.0000
953.0000
954.0000
955.0000
954.5000
953.5000
953.0000
953.0000
953.5000
954.5000
954.0000
954.0000
953.0000
953.5000
953.5000
954.5000
955.0000
953.0000
953.0000
953.5000
954.0000
954.5000
955.0000
953.0000
953.0000
953.5000
955.0000
954.5000
954.0000
953.0000
953.5000
953.5000
954.5000
955.0000
954.0000
953.0000
953.5000
954.5000
955.0000
953.5000
953.0000
953.5000
954.5000
955.0000
954.0000
953.5000
953.0000
953.5000
954.5000
954.5000
954.0000
953.0000
953.5000
953.5000
954.0000
955.0000
954.0000
953.0000
953.0000
954.0000
955.0000
954.0000
953.5000
953.0000
953.5000
954.0000
954.5000
955.0000
953.0000
953.5000
953.5000
954.0000
955.0000
953.5000
953.0000
953.5000
954.0000
954.5000
954.5000
954.0000
953.0000
954.0000
954.5000
954.5000
954.0000
953.5000
953.0000
953.0000
954.0000
955.0000
955.0000
953.0000
953.0000
953.5000
954.5000
955.0000
955.0000
953.0000
953.5000
953.5000
954.0000
955.0000
954.0000
953.0000
953.0000
954.0000
954.5000
954.0000
954.5000
953.5000
953.5000
953.5000
955.0000
954.5000
955.0000
955.0000
953.5000
953.0000
954.0000
954.5000
954.0000
953.5000
953.0000
953.5000
954.5000
955.0000
954.5000
953.5000
953.0000
953.5000
954.0000
955.0000
954.0000
953.5000
953.5000
955.0000
954.5000
953.0000
953.0000
953.0000
954.0000
955.0000
954.5000
954.0000
953.0000
953.0000
954.0000
954.5000
954.5000
953.5000
954.0000
954.5000
954.5000
953.5000
953.0000
953.5000
955.0000
954.0000
955.0000
953.0000
954.0000
954.5000
954.5000
954.0000
953.0000
953.0000
954.0000
954.5000
954.0000
953.0000
953.5000
954.0000
954.5000
954.0000
953.0000
953.0000
953.5000
954.5000
955.0000
954.0000
953.0000
953.5000
954.0000
954.5000
953.5000
953.5000
953.5000
954.0000
955.0000
954.5000
954.0000
953.0000
953.0000
954.5000
954.5000
954.0000
953.5000
953.5000
954.0000
954.5000
954.5000
954.5000
953.0000
953.0000
953.5000
954.5000
955.0000
953.5000
953.5000
953.5000
954.5000
954.5000
954.0000
953.0000
953.0000
953.5000
954.5000
955.0000
953.5000
953.0000
953.5000
954.0000
954.5000
955.0000
953.5000
953.0000
953.0000
954.5000
955.0000
953.5000
954.0000
953.5000
953.5000
953.5000
954.0000
955.0000
953.5000
953.0000
953.0000
953.5000
954.0000
954.5000
954.5000
954.0000
953.5000
953.0000
954.0000
954.5000
954.0000
953.0000
953.0000
953.5000
953.5000
954.5000
955.0000
954.0000
954.0000
953.0000
953.5000
954.5000
954.5000
955.0000
955.0000
953.0000
953.5000
953.5000
953.0000
954.5000
954.5000
954.5000
954.5000
953.0000
953.0000
953.5000
953.0000
954.5000
955.0000
954.5000
955.0000
953.0000
953.0000
953.0000
954.0000
954.0000
955.0000
954.5000
954.0000
953.0000
953.5000
954.5000
955.0000
955.0000
953.0000
953.5000
953.5000
954.0000
954.5000
954.5000
954.5000
955.0000
953.0000
953.0000
954.5000
954.5000
954.5000
954.0000
953.5000
953.0000
954.0000
954.0000
954.0000
953.5000
953.5000
953.0000
953.0000
954.0000
955.0000
954.5000
954.0000
953.0000
954.5000
954.0000
955.0000
953.5000
953.0000
954.0000
954.0000
954.5000
953.5000
954.0000
953.0000
953.5000
954.0000
953.5000
953.0000
953.5000
954.5000
955.0000
954.5000
954.0000
953.0000
953.5000
954.0000
955.0000
954.0000
953.5000
953.0000
954.0000
954.5000
954.0000
954.0000
953.0000
954.0000
954.5000
954.5000
954.5000
953.0000
953.5000
954.0000
954.5000
955.0000
953.5000
953.0000
953.5000
953.0000
954.5000
955.0000
954.5000
954.0000
953.0000
953.0000
953.5000
954.0000
955.0000
954.0000
954.0000
953.5000
953.0000
953.5000
954.5000
954.5000
954.5000
955.0000
954.5000
953.0000
953.0000
953.0000
953.5000
953.5000
954.5000
954.5000
955.0000
954.5000
954.0000
954.5000
953.5000
953.0000
953.5000
954.5000
954.5000
955.0000
954.5000
955.0000
955.0000
954.0000
953.5000
953.5000
953.5000
953.5000
954.0000
953.5000
954.5000
955.0000
954.5000
953.0000
954.0000
953.5000
953.0000
953.5000
953.5000
954.5000
954.5000
954.5000
953.0000
953.5000
953.5000
953.0000
954.0000
955.0000
954.5000
954.0000
954.0000
953.5000
953.0000
953.5000
953.5000
953.0000
954.5000
955.0000
954.5000
954.0000
953.0000
953.0000
953.5000
954.0000
954.5000
954.5000
955.0000
954.5000
953.0000
953.5000
953.5000
954.5000
954.5000
955.0000
954.0000
953.5000
953.0000
953.5000
953.5000
954.0000
954.5000
954.5000
953.0000
953.5000
953.5000
954.0000
954.5000
955.0000
954.0000
953.0000
953.0000
954.5000
954.0000
954.5000
953.5000
954.0000
953.0000
953.0000
954.0000
953.0000
954.0000
955.0000
955.0000
953.0000
953.0000
953.5000
954.5000
955.0000
955.0000
954.0000
953.5000
953.0000
953.5000
954.0000
955.0000
955.0000
955.0000
953.5000
953.0000
953.5000
954.0000
955.0000
955.0000
954.5000
953.0000
953.5000
954.0000
953.0000
954.0000
955.0000
954.5000
954.0000
953.0000
954.0000
954.5000
954.0000
953.0000
953.5000
953.5000
954.5000
954.5000
955.0000
953.0000
953.0000
953.0000
954.0000
954.5000
954.0000
954.0000
953.0000
953.5000
954.5000
954.5000
954.5000
954.0000
953.0000
953.0000
954.0000
953.5000
954.5000
955.0000
953.0000
953.5000
953.0000
953.0000
954.0000
955.0000
954.0000
954.0000
953.0000
953.5000
953.0000
954.0000
955.0000
954.0000
953.0000
953.0000
954.0000
954.0000
954.5000
955.0000
954.5000
953.0000
953.5000
954.0000
954.5000
954.5000
954.0000
953.5000
953.0000
953.0000
953.0000
954.0000
955.0000
954.5000
953.5000
953.0000
954.0000
955.0000
954.5000
954.0000
953.0000
953.5000
954.0000
954.5000
955.0000
953.0000
953.5000
953.0000
953.5000
954.0000
954.0000
955.0000
953.0000
953.5000
953.0000
954.0000
954.5000
954.5000
954.0000
954.0000
953.0000
953.0000
953.0000
954.0000
954.5000
954.0000
953.5000
953.0000
953.0000
953.0000
954.0000
954.5000
954.5000
954.0000
953.0000
953.5000
953.5000
954.0000
954.0000
955.0000
954.0000
954.0000
953.0000
954.0000
954.5000
954.5000
955.0000
953.5000
953.0000
953.5000
954.0000
954.5000
954.5000
954.5000
953.0000
954.0000
953.5000
954.0000
955.0000
954.5000
955.0000
954.5000
953.5000
953.0000
953.0000
953.0000
953.0000
954.0000
954.5000
955.0000
955.0000
955.0000
953.0000
954.0000
953.0000
953.0000
954.0000
953.5000
954.5000
955.0000
955.0000
954.0000
953.0000
953.0000
953.0000
953.5000
954.5000
954.0000
954.5000
954.5000
954.5000
954.5000
954.5000
953.0000
953.0000
953.0000
953.5000
955.0000
954.5000
954.5000
954.5000
954.5000
954.5000
954.0000
953.5000
953.0000
953.0000
954.5000
954.5000
954.0000
954.0000
953.0000
953.5000
954.0000
953.5000
954.5000
954.0000
954.5000
953.0000
953.5000
953.5000
953.0000
954.5000
954.5000
955.0000
953.5000
953.0000
953.0000
954.0000
954.0000
954.5000
953.5000
954.0000
953.0000
953.0000
953.5000
954.0000
955.0000
954.5000
954.5000
954.0000
953.5000
953.5000
954.0000
954.0000
955.0000
953.0000
953.5000
953.0000
953.5000
954.0000
954.5000
955.0000
953.5000
953.0000
953.5000
954.0000
955.0000
954.0000
954.0000
953.0000
953.0000
953.5000
954.0000
954.5000
954.5000
954.0000
953.0000
953.0000
954.5000
954.5000
955.0000
954.0000
953.5000
953.0000
953.5000
954.0000
954.0000
955.0000
953.0000
953.5000
953.0000
954.0000
954.5000
954.5000
954.5000
953.0000
953.5000
954.0000
954.5000
954.5000
954.0000
954.0000
953.0000
954.0000
954.5000
955.0000
955.0000
954.0000
953.5000
953.0000
954.0000
955.0000
954.5000
954.5000
954.5000
954.0000
953.0000
953.0000
954.0000
954.5000
955.0000
954.0000
954.0000
953.5000
953.0000
954.0000
954.5000
954.5000
955.0000
953.0000
953.5000
953.5000
954.5000
954.5000
955.0000
953.5000
953.0000
954.0000
954.5000
955.0000
954.0000
953.0000
953.5000
953.0000
954.5000
954.5000
955.0000
953.0000
953.0000
953.0000
953.5000
954.0000
954.5000
955.0000
954.5000
953.5000
953.0000
953.0000
953.0000
953.0000
953.5000
955.0000
955.0000
954.0000
953.0000
953.5000
953.5000
953.5000
954.0000
955.0000
954.5000
954.0000
953.5000
953.0000
953.5000
954.0000
955.0000
954.0000
953.0000
953.0000
953.5000
953.5000
955.0000
953.5000
953.5000
953.0000
954.0000
954.5000
955.0000
954.0000
953.5000
953.0000
954.5000
954.0000
953.0000
954.0000
954.0000
955.0000
954.5000
953.5000
953.0000
953.5000
954.0000
954.0000
954.0000
954.0000
953.0000
953.5000
954.0000
954.5000
954.5000
954.0000
953.0000
953.0000
954.0000
954.5000
954.5000
954.5000
953.0000
953.5000
953.5000
954.0000
955.0000
954.0000
954.0000
953.0000
953.0000
954.0000
954.5000
954.5000
955.0000
954.0000
953.0000
953.5000
953.5000
954.5000
955.0000
954.0000
954.0000
953.0000
953.0000
953.5000
954.0000
955.0000
954.0000
954.0000
953.0000
954.0000
954.0000
954.5000
954.0000
953.0000
953.0000
954.0000
955.0000
954.0000
954.0000
953.0000
953.5000
954.0000
954.5000
955.0000
954.0000
953.0000
953.5000
954.0000
955.0000
954.0000
953.0000
953.0000
953.0000
953.5000
954.5000
955.0000
954.5000
954.0000
953.0000
953.0000
953.5000
953.5000
954.0000
954.5000
954.0000
955.0000
954.5000
954.0000
954.0000
953.0000
953.0000
953.5000
953.0000
954.0000
955.0000
954.5000
953.5000
953.0000
953.0000
954.0000
953.5000
954.0000
955.0000
954.5000
954.5000
955.0000
953.0000
953.0000
953.0000
953.5000
955.0000
954.0000
955.0000
954.5000
954.0000
953.0000
953.0000
953.5000
953.5000
751.5000
585.5000
506.5000
468.5000
449.0000
439.5000
435.0000
432.5000
431.0000
430.0000
429.5000
429.0000
428.0000
428.5000
428.0000
427.5000
427.0000
427.0000
427.0000
427.0000
427.0000
427.0000
427.0000
427.0000
427.0000
426.5000
426.5000
426.0000
426.0000
426.0000
426.5000
426.0000
427.0000
427.0000
427.0000
426.5000
427.0000
426.0000
426.0000
426.0000
426.0000
426.0000
426.0000
426.0000
426.0000
426.0000
426.0000
425.5000
426.0000
425.5000
426.0000
426.0000
426.0000
426.0000
426.0000
426.0000
426.0000
426.0000
425.0000
426.0000
425.5000
425.0000
426.0000
426.0000
426.0000
426.0000
425.5000
425.0000
425.0000
425.0000
426.0000
426.0000
426.0000
426.0000
426.0000
425.0000
425.5000
425.0000
425.0000
425.0000
425.5000
425.0000
425.0000
425.5000
426.0000
426.0000
425.5000
426.0000
425.5000
425.5000
425.0000
433.5000
429.0000
427.0000
426.5000
426.0000
426.0000
426.0000
426.0000
426.0000
425.0000
426.0000
425.0000
425.0000
425.0000
425.0000
425.0000
425.0000
425.0000
425.5000
425.0000
426.0000
425.5000
426.0000
425.5000
425.5000
426.0000
425.5000
425.0000
425.0000
425.0000
425.0000
425.0000
425.0000
425.0000
425.0000
426.0000
425.5000
426.0000
425.5000
426.0000
425.5000
425.5000
425.0000
425.0000
425.0000
425.0000
425.0000
425.0000
425.0000
425.0000
425.0000
425.5000
425.0000
426.0000
425.0000
425.0000
425.0000
425.0000
425.0000
425.0000
425.0000
425.0000
425.5000
425.0000
425.0000
425.0000
425.0000
425.0000
425.0000
425.0000
425.0000
425.0000
425.5000
425.0000
425.0000
425.0000
425.0000
425.0000
425.0000
425.0000
425.5000
425.0000
425.0000
425.0000
425.0000
425.5000
425.0000
425.0000
425.0000
425.0000
425.0000
425.0000
425.0000
425.0000
425.0000
425.0000
425.0000
425.0000
425.0000
425.0000
425.0000
425.0000
424.5000
425.0000
425.0000
425.0000
425.0000
425.0000
425.0000
425.0000
425.0000
425.0000
425.0000
425.0000
425.0000
425.0000
425.0000
425.0000
425.0000
425.0000
425.0000
424.5000
425.0000
424.5000
425.0000
425.0000
425.0000
425.0000
425.0000
425.0000
425.0000
425.0000
425.0000
425.0000
424.5000
424.5000
425.0000
425.0000
425.0000
425.0000
425.0000
425.0000
425.0000
425.0000
424.5000
425.0000
425.0000
425.0000
425.5000
425.0000
425.0000
426.0000
425.5000
426.0000
426.0000
425.5000
425.0000
425.0000
425.0000
425.5000
426.0000
426.0000
426.0000
425.5000
425.5000
425.0000
425.0000
425.5000
425.5000
425.5000
426.0000
425.5000
425.5000
425.0000
425.5000
425.0000
426.0000
426.0000
426.0000
425.5000
425.5000
425.0000
425.0000
426.0000
425.5000
426.0000
425.5000
426.0000
425.0000
425.0000
425.0000
425.0000
425.0000
426.0000
426.0000
426.0000
425.0000
425.5000
425.0000
425.5000
425.0000
426.0000
425.5000
425.5000
425.0000
425.0000
424.5000
424.5000
424.5000
425.0000
425.0000
425.0000
425.0000
424.5000
425.0000
424.5000
424.5000
425.0000
425.0000
425.0000
425.0000
425.0000
425.0000
424.0000
424.5000
424.5000
425.0000
424.5000
425.0000
425.0000
425.0000
425.0000
425.0000
424.0000
424.5000
424.5000
425.0000
425.0000
425.0000
425.0000
424.5000
425.0000
424.5000
425.0000
425.0000
425.0000
424.5000
425.0000
424.0000
424.0000
425.0000
425.0000
425.0000
425.0000
424.5000
425.0000
424.5000
424.5000
424.5000
425.0000
425.0000
425.0000
424.5000
424.0000
425.0000
425.0000
425.0000
425.0000
425.0000
425.0000
424.5000
424.0000
425.0000
425.0000
425.0000
425.0000
425.0000
424.5000
424.5000
425.0000
424.0000
425.0000
425.0000
425.0000
425.0000
425.0000
424.0000
424.5000
424.0000
425.0000
425.0000
425.0000
425.0000
425.0000
424.5000
424.0000
424.5000
425.0000
425.0000
425.0000
425.0000
425.0000
424.5000
425.0000
424.5000
425.0000
425.0000
425.0000
425.0000
424.0000
424.5000
424.5000
424.5000
424.0000
424.5000
425.0000
425.0000
425.0000
425.0000
425.0000
425.0000
425.0000
424.5000
424.0000
424.0000
424.5000
424.5000
424.5000
425.0000
425.0000
425.0000
425.0000
425.0000
425.0000
425.0000
424.5000
424.0000
424.5000
424.5000
424.5000
425.0000
425.0000
425.0000
424.5000
424.5000
424.5000
424.5000
425.0000
425.0000
425.0000
425.0000
425.0000
424.5000
424.5000
425.0000
425.0000
425.0000
425.0000
425.0000
424.5000
425.0000
424.5000
425.0000
425.0000
425.0000
424.0000
424.0000
424.0000
425.0000
425.0000
425.0000
424.5000
424.0000
424.0000
425.0000
425.0000
425.0000
424.5000
425.0000
424.0000
424.5000
425.0000
425.0000
425.0000
424.5000
424.5000
424.5000
425.0000
425.0000
425.0000
425.0000
424.5000
424.5000
424.5000
425.0000
424.5000
425.0000
425.0000
424.5000
425.0000
424.0000
424.5000
425.0000
425.0000
424.0000
425.0000
424.5000
424.0000
425.0000
425.0000
424.5000
424.0000
424.5000
424.5000
425.0000
424.5000
424.5000
425.0000
425.0000
424.0000
424.5000
425.0000
425.0000
424.5000
424.5000
424.0000
424.5000
424.5000
424.5000
425.0000
425.0000
424.5000
425.0000
424.5000
424.5000
424.5000
425.0000
425.0000
425.0000
425.0000
425.0000
424.5000
424.0000
424.5000
425.0000
425.0000
424.0000
424.5000
425.0000
425.0000
425.0000
424.5000
424.0000
424.0000
424.5000
425.0000
425.0000
425.0000
425.0000
425.0000
424.5000
424.5000
425.0000
425.0000
425.0000
424.5000
425.0000
424.5000
424.5000
425.0000
425.0000
424.5000
424.5000
424.0000
424.0000
424.0000
425.0000
425.0000
425.0000
425.0000
425.0000
424.5000
424.5000
425.0000
425.0000
425.0000
425.0000
425.0000
425.5000
425.0000
425.5000
426.0000
425.5000
425.5000
425.0000
425.0000
424.0000
424.0000
424.5000
425.0000
425.0000
425.0000
425.0000
424.5000
424.5000
425.0000
424.0000
424.0000
424.5000
424.5000
425.0000
425.0000
425.0000
424.5000
425.0000
424.5000
424.5000
424.5000
425.0000
425.0000
425.0000
424.5000
424.5000
424.0000
424.5000
424.5000
425.0000
425.0000
425.0000
424.5000
424.5000
424.5000
425.0000
425.0000
425.0000
424.5000
424.5000
424.0000
424.0000
425.0000
425.0000
425.0000
424.0000
424.0000
424.0000
424.0000
425.0000
425.0000
424.5000
424.5000
424.0000
424.0000
424.5000
425.0000
424.5000
425.0000
424.0000
425.0000
424.5000
425.0000
425.0000
425.0000
424.5000
424.5000
424.0000
424.0000
425.0000
425.0000
424.5000
424.0000
424.0000
424.0000
425.0000
425.0000
425.0000
424.5000
424.5000
424.0000
425.0000
425.0000
425.0000
424.0000
424.0000
425.0000
425.0000
425.0000
424.5000
424.5000
424.0000
424.5000
424.0000
425.0000
425.0000
425.0000
425.0000
424.5000
424.0000
424.5000
425.0000
425.0000
425.0000
425.0000
424.0000
424.0000
424.5000
424.0000
425.0000
424.5000
424.0000
424.0000
424.0000
424.5000
425.0000
425.0000
425.0000
425.0000
424.5000
424.0000
425.0000
425.0000
425.0000
424.5000
425.0000
424.0000
424.0000
424.5000
425.0000
425.0000
425.0000
424.5000
425.0000
425.0000
425.0000
424.5000
425.0000
424.0000
424.0000
425.0000
425.0000
425.0000
425.0000
424.5000
424.0000
424.5000
425.0000
425.0000
424.5000
424.5000
424.5000
424.5000
425.0000
425.0000
425.0000
425.0000
424.0000
424.5000
424.0000
424.0000
424.5000
425.0000
425.0000
425.0000
425.0000
424.5000
424.0000
424.0000
424.5000
424.5000
425.0000
425.0000
425.0000
424.5000
424.5000
424.5000
424.5000
425.0000
425.0000
425.0000
425.0000
424.0000
424.0000
424.0000
425.0000
425.0000
425.0000
424.5000
424.5000
424.0000
425.0000
424.5000
425.0000
425.0000
424.5000
424.5000
424.0000
424.0000
424.5000
425.0000
425.0000
424.5000
424.0000
424.0000
424.5000
424.5000
425.0000
425.0000
424.5000
424.5000
424.0000
425.0000
424.5000
425.0000
425.0000
424.5000
424.5000
424.0000
424.0000
425.0000
425.0000
425.0000
425.0000
424.0000
424.0000
425.0000
425.0000
425.0000
425.0000
424.0000
424.5000
424.5000
425.0000
425.0000
425.0000
424.5000
424.0000
424.0000
425.0000
425.0000
425.0000
425.0000
424.0000
424.0000
424.5000
424.5000
425.0000
425.0000
424.5000
425.0000
424.0000
424.5000
424.0000
425.0000
425.0000
425.0000
424.5000
425.0000
424.0000
424.0000
425.0000
424.5000
425.0000
425.0000
424.5000
425.0000
424.5000
424.0000
424.0000
424.5000
425.0000
425.0000
425.0000
424.5000
425.0000
424.0000
424.5000
424.5000
424.5000
424.5000
425.0000
425.0000
425.0000
425.0000
424.0000
424.0000
424.5000
425.0000
425.0000
425.0000
424.5000
424.0000
424.0000
424.0000
424.0000
425.0000
425.0000
425.0000
425.0000
424.5000
424.0000
424.5000
424.5000
425.0000
425.0000
425.0000
424.5000
425.0000
424.0000
424.5000
425.0000
424.5000
424.0000
424.0000
424.0000
425.0000
424.5000
425.0000
425.0000
424.5000
424.0000
424.0000
424.0000
424.0000
424.5000
424.5000
425.0000
425.0000
425.0000
425.0000
424.0000
424.5000
424.0000
424.0000
424.5000
424.5000
425.0000
425.0000
425.0000
424.5000
424.5000
424.0000
424.0000
424.5000
424.5000
425.0000
425.0000
425.0000
424.5000
424.0000
424.0000
424.0000
424.5000
424.5000
425.0000
425.0000
424.5000
424.5000
424.0000
424.0000
424.5000
425.0000
425.0000
425.0000
424.0000
424.5000
424.0000
424.0000
424.5000
425.0000
425.0000
425.0000
424.0000
424.0000
424.0000
424.5000
424.5000
425.0000
425.0000
424.5000
424.5000
424.0000
424.0000
424.5000
425.0000
425.0000
424.5000
424.0000
424.0000
424.0000
425.0000
425.0000
425.0000
425.0000
424.5000
424.0000
424.0000
425.0000
425.0000
425.0000
424.5000
425.0000
424.0000
424.5000
424.0000
425.0000
425.0000
425.0000
424.5000
424.0000
424.0000
424.0000
425.0000
425.0000
424.5000
425.0000
424.0000
424.5000
424.0000
424.0000
425.0000
425.0000
425.0000
425.0000
425.0000
424.5000
424.5000
424.0000
424.0000
424.5000
425.0000
425.0000
424.5000
424.5000
424.5000
424.0000
424.5000
425.0000
425.0000
424.0000
424.5000
424.0000
424.0000
424.5000
425.0000
425.0000
425.0000
424.5000
424.5000
424.5000
425.0000
425.0000
425.0000
424.0000
424.5000
425.0000
425.0000
425.0000
424.5000
425.0000
424.0000
424.0000
424.5000
424.0000
424.0000
425.0000
425.0000
425.0000
425.0000
424.0000
424.0000
424.0000
424.0000
424.5000
425.0000
425.0000
425.0000
424.5000
424.0000
424.5000
424.0000
424.0000
425.0000
425.0000
425.0000
425.0000
425.0000
424.5000
424.5000
424.5000
425.0000
425.0000
425.0000
425.0000
424.0000
424.0000
424.5000
425.0000
425.0000
425.0000
424.5000
425.0000
424.0000
425.0000
425.0000
424.5000
424.0000
424.0000
424.5000
424.5000
425.0000
425.0000
424.0000
424.0000
424.5000
425.0000
425.0000
425.0000
424.5000
424.0000
424.5000
425.0000
425.0000
424.5000
425.0000
424.0000
424.5000
424.5000
425.0000
425.0000
425.0000
424.5000
424.0000
424.0000
425.0000
425.0000
425.0000
424.0000
424.5000
424.5000
424.0000
425.0000
425.0000
425.0000
425.0000
424.0000
424.0000
424.0000
425.0000
425.0000
425.0000
425.0000
424.0000
424.0000
424.5000
425.0000
425.0000
425.0000
424.5000
424.0000
424.0000
425.0000
425.0000
425.0000
425.0000
424.0000
424.0000
425.0000
425.0000
425.0000
424.5000
424.0000
424.0000
425.0000
425.0000
425.0000
425.0000
424.0000
424.5000
424.5000
425.0000
425.0000
424.0000
424.0000
424.5000
425.0000
425.0000
424.0000
424.0000
424.0000
424.0000
425.0000
425.0000
425.0000
425.0000
424.0000
424.0000
424.5000
424.5000
424.5000
425.0000
424.5000
424.5000
424.0000
424.0000
424.0000
425.0000
425.0000
424.0000
424.5000
424.0000
424.0000
424.5000
425.0000
425.0000
425.0000
424.5000
424.0000
424.0000
424.5000
424.5000
425.0000
424.5000
424.5000
424.0000
424.5000
424.5000
425.0000
424.5000
424.0000
424.5000
424.0000
424.5000
424.5000
425.0000
425.0000
425.0000
424.5000
424.0000
424.0000
425.0000
425.0000
425.0000
425.0000
424.5000
424.0000
424.5000
424.5000
424.5000
425.0000
425.0000
425.0000
424.5000
424.0000
424.0000
424.5000
425.0000
425.0000
425.0000
424.0000
424.0000
425.0000
424.0000
424.5000
425.0000
425.0000
425.0000
424.5000
424.0000
424.5000
425.0000
425.0000
424.5000
424.5000
424.0000
424.0000
424.5000
424.0000
425.0000
425.0000
425.0000
424.5000
425.0000
424.0000
424.0000
424.0000
424.5000
425.0000
425.0000
424.5000
424.5000
424.0000
424.0000
424.5000
424.5000
425.0000
425.0000
424.5000
424.5000
424.0000
424.0000
425.0000
424.5000
425.0000
424.5000
424.0000
424.0000
424.0000
424.5000
425.0000
425.0000
425.0000
424.5000
424.0000
424.5000
425.0000
424.5000
425.0000
424.0000
424.0000
424.5000
425.0000
425.0000
425.0000
425.0000
424.0000
424.0000
424.5000
425.0000
425.0000
425.0000
424.5000
424.5000
424.0000
424.0000
424.5000
424.5000
425.0000
425.0000
424.5000
424.5000
424.0000
424.5000
424.5000
425.0000
425.0000
425.0000
424.5000
424.5000
424.0000
424.0000
424.5000
425.0000
425.0000
425.0000
424.5000
424.0000
424.5000
424.5000
425.0000
424.0000
424.5000
424.0000
424.0000
424.5000
425.0000
425.0000
424.5000
424.0000
424.0000
425.0000
424.5000
425.0000
424.5000
424.0000
424.0000
425.0000
425.0000
424.5000
424.0000
424.5000
425.0000
425.0000
424.5000
424.5000
424.0000
424.0000
425.0000
425.0000
424.5000
424.0000
424.0000
425.0000
425.0000
425.0000
425.0000
424.5000
424.0000
424.5000
425.0000
425.0000
424.0000
424.5000
424.5000
424.0000
425.0000
425.0000
424.5000
424.0000
424.0000
424.0000
424.0000
424.5000
424.5000
425.0000
425.0000
424.0000
424.0000
424.5000
424.0000
424.0000
424.5000
424.5000
425.0000
425.0000
425.0000
424.5000
424.0000
424.0000
424.5000
425.0000
425.0000
424.0000
424.0000
424.0000
424.0000
425.0000
425.0000
425.0000
425.0000
424.0000
424.0000
424.5000
424.0000
425.0000
425.0000
424.0000
424.0000
424.0000
424.5000
424.5000
425.0000
425.0000
424.0000
425.0000
425.0000
424.0000
424.0000
424.5000
425.0000
425.0000
425.0000
424.5000
424.5000
424.0000
425.0000
425.0000
424.5000
424.0000
424.0000
425.0000
424.5000
425.0000
425.0000
424.0000
424.0000
424.0000
425.0000
425.0000
424.5000
425.0000
424.0000
424.5000
424.5000
425.0000
425.0000
424.5000
424.0000
424.5000
425.0000
425.0000
424.0000
424.5000
424.0000
425.0000
425.0000
425.0000
424.0000
424.0000
424.5000
424.5000
425.0000
425.0000
424.0000
424.0000
424.5000
425.0000
425.0000
424.0000
424.5000
424.5000
424.0000
425.0000
425.0000
424.5000
424.0000
424.0000
424.5000
425.0000
424.5000
424.0000
424.0000
425.0000
425.0000
425.0000
424.5000
424.0000
424.5000
424.5000
425.0000
425.0000
424.5000
424.5000
424.0000
424.5000
425.0000
425.0000
425.0000
425.0000
424.0000
424.0000
424.5000
425.0000
425.0000
424.5000
424.5000
424.0000
424.5000
425.0000
425.0000
425.0000
424.0000
424.0000
424.5000
424.5000
425.0000
425.0000
424.5000
424.0000
424.0000
425.0000
425.0000
424.5000
425.0000
424.0000
424.0000
424.5000
425.0000
425.0000
425.0000
424.0000
424.0000
424.0000
425.0000
425.0000
425.0000
424.5000
424.0000
424.0000
425.0000
425.0000
425.0000
424.5000
424.0000
424.0000
425.0000
425.0000
425.0000
424.5000
424.5000
424.0000
424.5000
425.0000
425.0000
424.0000
424.0000
424.0000
424.5000
424.0000
425.0000
425.0000
424.5000
424.5000
424.5000
424.0000
424.0000
425.0000
425.0000
425.0000
424.0000
424.0000
424.0000
424.0000
424.5000
425.0000
425.0000
424.0000
424.0000
424.0000
424.0000
424.5000
425.0000
425.0000
424.5000
424.0000
424.0000
424.0000
424.0000
425.0000
425.0000
424.5000
424.0000
424.0000
425.0000
425.0000
424.5000
424.5000
424.0000
425.0000
425.0000
424.5000
424.0000
424.0000
424.5000
425.0000
425.0000
424.5000
424.5000
424.5000
424.0000
425.0000
425.0000
425.0000
425.0000
424.5000
424.5000
424.0000
424.0000
425.0000
425.0000
424.5000
425.0000
424.0000
424.0000
424.5000
425.0000
425.0000
425.0000
424.0000
424.0000
424.5000
424.5000
425.0000
425.0000
424.0000
424.0000
424.5000
424.0000
425.0000
425.0000
425.0000
424.5000
424.5000
424.0000
425.0000
425.0000
425.0000
424.5000
424.0000
424.0000
424.5000
424.0000
425.0000
425.0000
425.0000
424.0000
424.0000
424.0000
424.5000
425.0000
425.0000
425.0000
424.0000
424.0000
424.0000
424.5000
424.5000
425.0000
425.0000
424.5000
424.0000
424.0000
424.0000
425.0000
425.0000
425.0000
425.0000
424.5000
424.0000
424.0000
424.0000
424.5000
425.0000
425.0000
424.5000
424.5000
424.0000
424.0000
424.0000
424.5000
425.0000
425.0000
425.0000
425.0000
425.0000
424.0000
424.0000
424.5000
425.0000
424.5000
425.0000
424.0000
424.0000
424.5000
425.0000
425.0000
425.0000
424.5000
424.0000
424.0000
425.0000
425.0000
425.0000
424.5000
424.5000
424.0000
424.5000
424.5000
425.0000
425.0000
425.0000
424.0000
424.0000
424.0000
424.0000
425.0000
425.0000
424.5000
424.5000
424.0000
424.0000
424.0000
425.0000
425.0000
425.0000
424.0000
424.0000
424.0000
424.0000
424.0000
425.0000
424.5000
425.0000
425.0000
424.0000
424.0000
424.0000
424.0000
424.5000
425.0000
425.0000
425.0000
425.0000
425.0000
424.0000
424.0000
424.0000
425.0000
425.0000
425.0000
425.0000
424.5000
424.0000
424.0000
424.5000
424.0000
424.0000
425.0000
425.0000
425.0000
425.0000
424.5000
424.0000
424.0000
424.0000
424.5000
424.5000
425.0000
424.0000
424.5000
424.0000
424.0000
424.0000
424.0000
424.0000
425.0000
424.5000
425.0000
425.0000
425.0000
424.5000
425.0000
424.0000
424.0000
424.0000
424.0000
425.0000
425.0000
425.0000
424.0000
424.0000
424.5000
424.0000
425.0000
425.0000
425.0000
425.0000
424.5000
424.5000
424.0000
424.5000
424.5000
425.0000
425.0000
425.0000
424.5000
424.0000
424.5000
424.5000
425.0000
425.0000
424.0000
424.5000
424.5000
424.0000
425.0000
425.0000
425.0000
424.0000
424.5000
425.0000
425.0000
425.0000
424.0000
424.0000
424.5000
424.0000
425.0000
425.0000
425.0000
424.0000
424.5000
424.0000
424.5000
424.5000
425.0000
425.0000
424.5000
424.5000
424.5000
424.0000
424.0000
425.0000
424.5000
425.0000
425.0000
425.0000
425.0000
424.5000
424.0000
424.0000
424.5000
424.5000
425.0000
425.0000
425.0000
425.0000
424.0000
424.0000
424.0000
424.0000
425.0000
424.0000
424.5000
424.5000
425.0000
425.0000
424.5000
424.5000
424.0000
424.0000
424.5000
425.0000
425.0000
425.0000
424.5000
425.0000
424.5000
424.0000
424.0000
425.0000
425.0000
424.5000
424.0000
424.0000
424.0000
424.5000
425.0000
425.0000
424.5000
425.0000
424.5000
424.0000
424.0000
425.0000
425.0000
425.0000
425.0000
424.5000
424.0000
424.0000
424.0000
424.5000
424.0000
425.0000
425.0000
425.0000
425.0000
425.0000
425.0000
424.5000
424.0000
424.0000
424.5000
425.0000
425.0000
425.0000
424.0000
424.0000
424.0000
424.5000
425.0000
425.0000
424.5000
424.0000
424.0000
425.0000
425.0000
425.0000
424.0000
424.0000
424.5000
425.0000
425.0000
425.0000
425.0000
424.0000
424.0000
424.5000
424.5000
424.5000
424.0000
424.5000
424.0000
425.0000
424.5000
424.5000
424.0000
424.5000
424.5000
425.0000
425.0000
424.5000
424.0000
424.0000
424.0000
425.0000
425.0000
424.5000
424.0000
424.0000
424.5000
425.0000
425.0000
425.0000
424.0000
424.0000
424.0000
425.0000
425.0000
424.5000
424.0000
424.0000
424.5000
424.5000
425.0000
425.0000
424.5000
424.0000
424.0000
425.0000
424.5000
425.0000
425.0000
424.5000
424.0000
424.0000
425.0000
424.5000
425.0000
425.0000
424.5000
424.5000
424.0000
424.5000
425.0000
425.0000
424.5000
424.5000
424.0000
424.0000
425.0000
425.0000
424.5000
424.5000
424.0000
424.5000
425.0000
425.0000
425.0000
424.0000
424.5000
424.5000
425.0000
425.0000
425.0000
424.5000
424.0000
424.5000
425.0000
425.0000
424.5000
424.5000
424.0000
425.0000
425.0000
425.0000
425.0000
424.0000
424.5000
424.5000
425.0000
425.0000
424.5000
424.0000
424.0000
424.0000
425.0000
425.0000
424.5000
425.0000
424.0000
424.5000
424.5000
425.0000
425.0000
424.5000
424.0000
424.5000
424.5000
425.0000
424.5000
424.5000
424.0000
424.0000
425.0000
425.0000
425.0000
424.5000
424.0000
424.5000
424.5000
425.0000
425.0000
424.0000
424.0000
424.5000
425.0000
425.0000
425.0000
424.5000
424.5000
424.0000
425.0000
425.0000
425.0000
424.0000
424.0000
424.0000
424.0000
425.0000
425.0000
424.5000
425.0000
424.0000
425.0000
424.0000
425.0000
425.0000
425.0000
424.5000
424.0000
424.0000
424.5000
425.0000
425.0000
425.0000
424.0000
424.0000
424.0000
424.5000
425.0000
424.5000
424.5000
424.0000
424.5000
425.0000
425.0000
425.0000
425.0000
424.0000
424.0000
424.5000
425.0000
425.0000
424.5000
424.0000
424.5000
424.5000
425.0000
425.0000
424.5000
424.5000
425.0000
424.5000
424.5000
424.5000
424.5000
425.0000
424.5000
424.5000
424.5000
424.5000
425.0000
425.0000
424.0000
424.5000
424.0000
425.0000
424.5000
424.5000
424.5000
425.0000
425.0000
425.0000
424.5000
424.0000
424.0000
425.0000
425.0000
425.0000
424.0000
424.0000
424.5000
424.5000
425.0000
425.0000
424.0000
424.0000
425.0000
425.0000
424.5000
425.0000
424.0000
424.0000
424.5000
425.0000
425.0000
425.0000
425.0000
424.0000
424.5000
425.0000
425.0000
424.5000
424.0000
424.0000
424.5000
424.5000
425.0000
424.5000
424.0000
424.5000
424.0000
425.0000
425.0000
424.5000
424.5000
424.0000
424.5000
425.0000
425.0000
425.0000
424.5000
424.0000
424.0000
424.5000
424.5000
425.0000
425.0000
424.5000
424.0000
424.5000
424.5000
425.0000
425.0000
424.5000
424.5000
424.5000
424.0000
425.0000
425.0000
424.5000
424.0000
424.0000
424.5000
425.0000
425.0000
424.5000
424.5000
424.0000
424.0000
425.0000
425.0000
424.5000
425.0000
424.0000
424.0000
424.0000
424.5000
425.0000
425.0000
425.0000
425.0000
424.5000
424.0000
424.0000
424.0000
425.0000
425.0000
424.5000
424.5000
424.0000
424.5000
424.5000
425.0000
425.0000
424.0000
424.5000
425.0000
425.0000
425.0000
424.5000
424.0000
424.0000
425.0000
425.0000
424.5000
424.5000
424.0000
424.5000
425.0000
425.0000
425.0000
424.0000
424.0000
424.5000
424.0000
425.0000
425.0000
425.0000
424.5000
424.5000
424.0000
424.0000
424.5000
425.0000
425.0000
424.5000
424.0000
424.5000
425.0000
425.0000
425.0000
424.5000
424.5000
424.0000
425.0000
424.5000
424.5000
424.0000
424.5000
425.0000
425.0000
424.5000
424.0000
424.5000
425.0000
425.0000
425.0000
424.5000
424.0000
424.0000
424.5000
425.0000
424.5000
424.5000
425.0000
424.5000
424.0000
424.0000
425.0000
425.0000
424.5000
424.0000
424.5000
424.5000
425.0000
425.0000
424.5000
424.0000
424.0000
425.0000
425.0000
424.5000
424.0000
424.5000
424.5000
425.0000
425.0000
424.0000
424.0000
424.0000
424.0000
425.0000
425.0000
424.5000
424.0000
424.0000
424.5000
424.5000
425.0000
425.0000
424.5000
424.0000
424.0000
425.0000
425.0000
424.5000
424.5000
424.0000
425.0000
425.0000
424.5000
424.5000
424.0000
424.0000
425.0000
425.0000
424.5000
424.0000
424.0000
425.0000
424.5000
425.0000
424.0000
424.0000
424.5000
424.5000
425.0000
424.5000
424.5000
424.0000
424.5000
425.0000
425.0000
424.0000
424.0000
424.5000
425.0000
425.0000
424.5000
424.0000
424.5000
424.0000
425.0000
425.0000
425.0000
424.5000
424.0000
424.5000
425.0000
425.0000
424.5000
424.5000
424.0000
424.0000
425.0000
425.0000
425.0000
424.0000
424.0000
425.0000
424.5000
425.0000
424.5000
424.0000
424.0000
424.0000
425.0000
425.0000
424.0000
424.0000
424.0000
425.0000
425.0000
424.0000
424.0000
424.0000
425.0000
425.0000
424.0000
424.0000
424.0000
424.5000
425.0000
424.0000
424.0000
424.5000
424.0000
425.0000
425.0000
424.5000
424.0000
424.0000
425.0000
425.0000
424.5000
424.5000
424.5000
425.0000
425.0000
425.0000
424.0000
424.5000
424.0000
425.0000
425.0000
425.0000
424.0000
424.0000
424.5000
424.0000
425.0000
424.5000
425.0000
425.0000
424.0000
424.0000
424.5000
425.0000
425.0000
424.5000
424.0000
424.5000
424.5000
425.0000
425.0000
424.0000
424.5000
424.5000
425.0000
425.0000
425.0000
424.5000
424.0000
424.5000
425.0000
425.0000
424.5000
424.0000
424.5000
424.0000
424.5000
424.5000
425.0000
425.0000
424.5000
424.0000
424.5000
425.0000
424.0000
424.0000
425.0000
425.0000
425.0000
424.0000
424.0000
425.0000
425.0000
425.0000
424.0000
424.0000
424.5000
425.0000
424.0000
424.0000
424.0000
424.5000
425.0000
425.0000
424.0000
424.0000
424.5000
425.0000
425.0000
424.0000
424.0000
424.5000
425.0000
425.0000
424.5000
424.5000
424.5000
424.0000
425.0000
425.0000
425.0000
424.0000
424.0000
424.5000
424.5000
425.0000
424.0000
424.0000
424.5000
425.0000
425.0000
424.5000
424.0000
424.5000
425.0000
425.0000
424.5000
424.0000
424.0000
425.0000
425.0000
424.5000
424.5000
424.0000
424.0000
424.5000
425.0000
425.0000
424.5000
424.0000
424.0000
425.0000
424.5000
424.5000
424.0000
424.0000
425.0000
425.0000
424.0000
424.0000
424.0000
425.0000
425.0000
424.5000
425.0000
424.0000
425.0000
425.0000
425.0000
425.0000
424.0000
424.0000
424.5000
425.0000
425.0000
424.0000
424.5000
424.5000
425.0000
425.0000
424.5000
424.5000
424.5000
424.0000
425.0000
425.0000
424.0000
424.5000
424.0000
425.0000
425.0000
424.5000
424.0000
424.0000
425.0000
425.0000
424.0000
424.0000
424.0000
424.5000
425.0000
425.0000
424.5000
424.0000
424.0000
425.0000
425.0000
424.5000
424.0000
424.0000
424.5000
425.0000
424.5000
424.0000
424.0000
425.0000
425.0000
424.5000
424.0000
424.0000
425.0000
425.0000
425.0000
424.0000
424.0000
424.5000
425.0000
425.0000
424.5000
424.5000
424.0000
424.5000
424.0000
424.5000
425.0000
424.5000
424.0000
425.0000
424.5000
425.0000
424.5000
424.0000
424.5000
424.5000
425.0000
425.0000
425.0000
424.0000
424.0000
424.5000
424.5000
424.5000
424.5000
424.5000
425.0000
425.0000
424.5000
424.0000
424.0000
425.0000
425.0000
425.0000
424.0000
424.5000
425.0000
424.5000
425.0000
424.0000
425.0000
425.0000
425.0000
424.0000
424.0000
424.0000
425.0000
424.5000
425.0000
424.5000
424.0000
425.0000
425.0000
424.5000
424.0000
424.0000
425.0000
425.0000
424.5000
424.5000
424.5000
424.5000
425.0000
425.0000
424.5000
424.0000
424.0000
425.0000
425.0000
425.0000
424.0000
424.0000
424.5000
425.0000
424.5000
425.0000
424.0000
424.0000
424.5000
425.0000
425.0000
425.0000
424.5000
424.0000
424.5000
425.0000
425.0000
424.5000
424.5000
424.5000
424.0000
425.0000
425.0000
424.5000
424.5000
424.0000
425.0000
425.0000
424.5000
424.5000
424.0000
424.0000
425.0000
425.0000
424.5000
424.5000
424.0000
424.0000
425.0000
425.0000
424.5000
424.0000
424.0000
425.0000
425.0000
424.5000
424.0000
424.0000
425.0000
425.0000
425.0000
424.5000
424.0000
425.0000
424.5000
425.0000
424.5000
424.5000
424.0000
424.0000
424.5000
425.0000
425.0000
424.0000
424.0000
424.5000
425.0000
425.0000
424.5000
424.5000
424.0000
424.5000
425.0000
425.0000
424.5000
424.0000
424.0000
425.0000
425.0000
424.5000
424.0000
424.0000
424.5000
425.0000
425.0000
424.0000
424.0000
424.0000
424.5000
425.0000
425.0000
425.0000
424.0000
424.0000
424.0000
425.0000
425.0000
424.5000
424.0000
424.5000
424.0000
425.0000
425.0000
424.5000
424.0000
424.0000
424.5000
425.0000
425.0000
424.0000
424.0000
424.0000
424.5000
425.0000
424.5000
425.0000
424.0000
424.0000
424.0000
424.5000
425.0000
425.0000
424.0000
424.0000
425.0000
425.0000
425.0000
424.5000
424.0000
424.0000
425.0000
425.0000
425.0000
424.5000
424.0000
424.0000
424.5000
424.5000
424.5000
424.0000
424.5000
425.0000
425.0000
425.0000
424.5000
424.5000
425.0000
425.0000
425.0000
425.0000
424.0000
424.0000
424.5000
425.0000
424.0000
424.0000
424.5000
425.0000
425.0000
424.5000
424.0000
424.0000
424.5000
425.0000
424.0000
424.0000
424.5000
424.5000
425.0000
425.0000
424.0000
424.0000
424.5000
425.0000
424.5000
424.5000
424.0000
424.5000
425.0000
425.0000
424.5000
424.0000
424.0000
425.0000
425.0000
424.5000
424.5000
424.0000
425.0000
425.0000
424.5000
424.0000
424.0000
424.5000
424.5000
425.0000
425.0000
424.0000
424.5000
424.5000
424.5000
424.5000
424.0000
424.0000
424.5000
425.0000
425.0000
425.0000
424.5000
424.0000
424.0000
425.0000
425.0000
425.0000
424.0000
424.0000
425.0000
425.0000
424.5000
424.5000
424.5000
424.0000
425.0000
425.0000
424.5000
424.5000
424.5000
424.0000
425.0000
425.0000
425.0000
424.0000
424.0000
425.0000
424.5000
424.5000
424.5000
424.5000
424.0000
424.0000
425.0000
425.0000
425.0000
424.5000
424.0000
424.0000
424.5000
425.0000
424.5000
425.0000
424.0000
424.0000
424.5000
425.0000
425.0000
424.5000
424.5000
424.0000
424.0000
424.5000
424.5000
425.0000
424.5000
424.0000
424.5000
424.5000
424.0000
425.0000
425.0000
424.5000
424.5000
424.0000
424.0000
424.5000
424.5000
425.0000
425.0000
424.5000
425.0000
424.0000
424.0000
424.5000
424.5000
425.0000
425.0000
424.5000
424.0000
424.0000
424.5000
424.5000
424.5000
425.0000
424.5000
424.0000
424.0000
425.0000
425.0000
424.5000
425.0000
424.5000
424.0000
424.0000
424.0000
424.0000
425.0000
425.0000
424.0000
424.0000
425.0000
424.5000
425.0000
425.0000
424.0000
424.0000
425.0000
425.0000
425.0000
424.0000
424.5000
424.0000
424.5000
424.5000
425.0000
425.0000
424.0000
424.5000
424.5000
425.0000
425.0000
424.0000
424.5000
424.5000
425.0000
424.5000
425.0000
424.5000
424.0000
425.0000
425.0000
424.5000
424.0000
424.0000
425.0000
424.5000
425.0000
424.5000
424.0000
424.0000
424.5000
425.0000
425.0000
424.0000
424.0000
424.5000
425.0000
425.0000
424.0000
424.0000
424.0000
424.5000
425.0000
424.5000
424.0000
424.0000
424.5000
425.0000
425.0000
424.5000
425.0000
424.0000
424.5000
424.5000
425.0000
425.0000
424.5000
424.5000
424.0000
424.0000
425.0000
424.5000
425.0000
425.0000
424.5000
424.0000
424.0000
424.0000
424.0000
424.5000
425.0000
424.5000
425.0000
424.5000
424.5000
424.0000
424.5000
424.0000
424.5000
424.5000
425.0000
425.0000
424.0000
424.5000
424.0000
424.0000
424.0000
424.0000
424.5000
424.0000
425.0000
425.0000
425.0000
425.0000
424.5000
424.0000
424.5000
424.0000
424.0000
424.5000
425.0000
425.0000
425.0000
425.0000
424.5000
424.5000
424.0000
424.5000
424.5000
425.0000
425.0000
424.5000
425.0000
424.0000
424.0000
424.5000
424.5000
425.0000
425.0000
425.0000
424.5000
424.5000
424.5000
424.0000
424.0000
424.5000
425.0000
425.0000
425.0000
424.5000
424.0000
424.0000
424.0000
424.5000
424.5000
425.0000
424.5000
424.5000
424.0000
424.0000
424.0000
424.5000
425.0000
425.0000
424.5000
424.5000
424.0000
424.5000
424.5000
425.0000
424.5000
424.5000
424.0000
424.0000
424.0000
424.5000
425.0000
425.0000
424.0000
424.0000
424.0000
425.0000
424.5000
425.0000
425.0000
424.0000
425.0000
424.0000
424.5000
424.0000
425.0000
425.0000
424.5000
424.0000
424.0000
424.5000
425.0000
425.0000
425.0000
424.5000
424.0000
424.0000
425.0000
424.0000
425.0000
425.0000
424.5000
424.0000
424.0000
424.0000
424.5000
425.0000
425.0000
424.5000
424.0000
424.0000
424.5000
425.0000
424.5000
425.0000
424.5000
424.5000
425.0000
425.0000
425.0000
424.5000
424.0000
424.0000
424.5000
425.0000
425.0000
425.0000
424.0000
424.0000
424.5000
425.0000
425.0000
424.5000
424.0000
424.0000
424.5000
424.5000
425.0000
425.0000
424.0000
424.5000
424.0000
424.0000
425.0000
425.0000
425.0000
425.0000
424.0000
424.0000
424.5000
425.0000
425.0000
424.5000
425.0000
424.0000
425.0000
424.5000
425.0000
425.0000
424.0000
424.5000
424.0000
424.0000
424.5000
425.0000
424.5000
424.0000
424.0000
424.5000
425.0000
425.0000
425.0000
424.5000
425.0000
424.0000
424.0000
424.5000
425.0000
425.0000
424.0000
424.0000
424.5000
425.0000
425.0000
424.5000
424.5000
424.0000
424.0000
425.0000
425.0000
425.0000
424.5000
424.5000
424.0000
424.0000
425.0000
425.0000
425.0000
424.0000
424.0000
424.0000
424.0000
425.0000
425.0000
425.0000
425.0000
424.0000
424.0000
424.5000
425.0000
425.0000
424.5000
425.0000
424.0000
424.0000
424.5000
425.0000
425.0000
425.0000
424.5000
424.0000
424.0000
424.0000
425.0000
425.0000
425.0000
424.0000
424.5000
424.5000
424.0000
425.0000
425.0000
424.5000
424.0000
424.0000
424.5000
425.0000
425.0000
424.0000
424.5000
424.0000
424.0000
424.0000
424.0000
425.0000
425.0000
425.0000
425.0000
425.0000
425.0000
424.0000
424.5000
424.5000
424.0000
424.5000
425.0000
425.0000
425.0000
425.0000
424.0000
424.0000
424.0000
424.0000
424.5000
425.0000
425.0000
425.0000
425.0000
424.0000
424.0000
424.0000
424.0000
424.0000
424.0000
424.5000
424.5000
425.0000
425.0000
425.0000
425.0000
424.0000
424.0000
424.0000
424.5000
424.0000
424.5000
424.5000
425.0000
425.0000
425.0000
424.0000
424.5000
424.5000
425.0000
425.0000
424.5000
424.5000
424.0000
424.0000
424.5000
424.5000
425.0000
425.0000
424.5000
425.0000
424.0000
424.0000
424.0000
425.0000
425.0000
425.0000
424.0000
424.0000
424.0000
424.5000
425.0000
425.0000
425.0000
424.5000
424.0000
424.0000
424.5000
424.5000
425.0000
425.0000
424.5000
424.5000
424.0000
424.0000
425.0000
425.0000
425.0000
424.5000
424.5000
424.0000
424.0000
425.0000
425.0000
424.5000
424.0000
424.0000
425.0000
424.5000
425.0000
425.0000
424.5000
424.0000
424.0000
424.0000
424.5000
425.0000
425.0000
424.5000
424.0000
424.0000
425.0000
425.0000
425.0000
424.5000
424.5000
424.5000
424.0000
425.0000
424.5000
425.0000
424.0000
424.0000
424.5000
424.5000
425.0000
424.5000
424.0000
424.0000
424.0000
424.5000
425.0000
425.0000
424.0000
424.0000
424.0000
424.5000
424.5000
425.0000
425.0000
424.0000
424.0000
424.0000
424.5000
424.5000
425.0000
425.0000
425.0000
424.0000
424.0000
424.0000
425.0000
425.0000
424.5000
425.0000
424.0000
424.0000
424.0000
425.0000
425.0000
424.5000
424.5000
424.0000
424.5000
424.0000
425.0000
425.0000
424.0000
424.0000
424.0000
425.0000
425.0000
424.5000
424.5000
424.0000
424.5000
424.0000
425.0000
425.0000
424.5000
424.0000
424.0000
424.0000
424.0000
424.5000
424.5000
425.0000
425.0000
424.5000
425.0000
424.5000
424.0000
424.0000
425.0000
425.0000
425.0000
424.5000
424.5000
424.0000
424.0000
424.5000
425.0000
424.5000
425.0000
424.5000
424.0000
424.5000
425.0000
425.0000
425.0000
424.5000
424.0000
424.0000
424.5000
425.0000
425.0000
424.0000
424.0000
424.5000
425.0000
425.0000
425.0000
424.0000
425.0000
425.0000
424.5000
424.0000
424.0000
424.5000
425.0000
425.0000
425.0000
424.5000
424.5000
424.5000
425.0000
425.0000
424.5000
424.0000
424.0000
425.0000
424.5000
425.0000
425.0000
424.0000
424.0000
424.5000
425.0000
425.0000
425.0000
424.5000
424.0000
424.0000
425.0000
424.5000
424.5000
425.0000
424.0000
424.0000
424.5000
424.0000
425.0000
425.0000
424.5000
425.0000
424.0000
424.5000
424.5000
425.0000
425.0000
425.0000
424.5000
424.0000
424.0000
425.0000
424.5000
425.0000
424.0000
424.0000
424.0000
424.5000
425.0000
425.0000
424.0000
424.0000
424.5000
425.0000
425.0000
424.5000
424.5000
424.5000
424.0000
425.0000
425.0000
424.5000
424.0000
424.0000
425.0000
425.0000
425.0000
425.0000
424.5000
424.0000
424.5000
424.5000
425.0000
425.0000
425.0000
424.5000
424.5000
424.0000
424.0000
424.0000
424.0000
424.5000
424.5000
425.0000
425.0000
424.5000
424.5000
425.0000
424.0000
424.0000
424.0000
425.0000
425.0000
425.0000
424.0000
424.5000
424.0000
424.0000
424.0000
424.0000
425.0000
425.0000
425.0000
425.0000
424.5000
424.0000
424.0000
424.0000
425.0000
424.5000
425.0000
425.0000
424.5000
424.5000
722.5000
533.5000
437.5000
387.0000
358.0000
342.0000
333.5000
328.5000
326.0000
324.5000
323.5000
323.0000
322.5000
323.0000
323.0000
323.0000
323.0000
323.0000
322.5000
322.0000
322.0000
321.5000
321.5000
321.5000
321.5000
322.0000
322.0000
322.5000
322.5000
322.0000
322.5000
322.0000
322.0000
321.0000
321.0000
321.5000
321.5000
322.0000
322.0000
322.0000
322.0000
321.5000
322.0000
321.0000
322.0000
321.5000
322.0000
322.0000
322.0000
322.0000
321.0000
321.5000
321.0000
321.0000
321.5000
321.5000
322.0000
322.0000
322.0000
322.0000
321.5000
322.0000
321.5000
321.0000
321.5000
321.5000
321.5000
322.0000
322.0000
322.0000
321.0000
321.0000
321.0000
321.5000
321.5000
322.0000
322.0000
322.0000
322.0000
322.0000
321.5000
322.0000
322.0000
321.0000
321.5000
321.0000
321.5000
321.0000
321.5000
321.5000
322.0000
1020.0000
1019.0000
1018.5000
1018.5000
1018.0000
1018.0000
1018.0000
1018.0000
1017.5000
1019.0000
1019.0000
1019.0000
1019.0000
1019.5000
1019.0000
1019.5000
1019.5000
1018.5000
1019.0000
1018.5000
1018.0000
1018.0000
1018.0000
1018.5000
1018.0000
1018.5000
1018.5000
1019.5000
1019.0000
1019.0000
1019.0000
1018.5000
1018.5000
1018.0000
1018.5000
1018.0000
1018.0000
1018.5000
1018.0000
1018.0000
1018.5000
1018.0000
1018.0000
1018.5000
1019.0000
1019.0000
1019.0000
1018.0000
1019.0000
1018.5000
1018.0000
1018.5000
1018.0000
1018.0000
1019.0000
1019.0000
1019.0000
1019.5000
1019.0000
1018.0000
1018.5000
1018.0000
1018.0000
1019.5000
1020.0000
1020.0000
1019.5000
1019.5000
1018.5000
1018.0000
1018.0000
1018.0000
1018.5000
1020.0000
1019.0000
1019.5000
1019.0000
1018.5000
1018.0000
1018.5000
1018.0000
1019.0000
1017.5000
1019.5000
1019.0000
1018.0000
1018.0000
1019.0000
1019.0000
1019.5000
1018.5000
1019.0000
1019.0000
1018.5000
1017.5000
1018.0000
1018.5000
1018.0000
1017.5000
1019.5000
1018.5000
1019.0000
1019.0000
1018.5000
1018.0000
1018.5000
1017.5000
1019.0000
1019.0000
1019.5000
1020.0000
1019.0000
1019.0000
1019.0000
1018.0000
1018.0000
1019.0000
1018.0000
1019.5000
1019.0000
1018.5000
1019.0000
1018.5000
1018.0000
1018.5000
1017.5000
1019.5000
1018.0000
1019.0000
1019.0000
1018.5000
1019.5000
1019.0000
1019.0000
1019.0000
1019.0000
1017.5000
1018.5000
1017.5000
1019.5000
1019.0000
1020.0000
1019.0000
1018.0000
1018.5000
1018.0000
1018.5000
1019.5000
1018.5000
1019.5000
1019.5000
1018.0000
1018.5000
1018.0000
1018.5000
1018.5000
1019.0000
1019.5000
1019.5000
1018.5000
1017.5000
1017.5000
1018.0000
1019.0000
1018.0000
1019.5000
1019.0000
1019.0000
1018.5000
1018.5000
1018.0000
1018.5000
1019.0000
1019.5000
1019.5000
1019.5000
1018.0000
1018.0000
1018.0000
1019.0000
1018.5000
1020.0000
1019.0000
1018.0000
1018.0000
1018.0000
1018.0000
1018.5000
1019.5000
1019.0000
1019.5000
1019.0000
1018.5000
1018.5000
1017.5000
1018.5000
1019.0000
1018.5000
1019.0000
1018.5000
1018.0000
1018.5000
1018.0000
1018.5000
1019.0000
1019.0000
1019.0000
1018.5000
1018.5000
1017.5000
1018.0000
1019.0000
1019.0000
1019.5000
1018.5000
1018.0000
1018.5000
1018.0000
1018.0000
1017.5000
1019.5000
1018.5000
1018.5000
1019.0000
1018.5000
1019.0000
1017.5000
1017.5000
1018.0000
1018.5000
1018.5000
1019.0000
1019.0000
1019.5000
1019.5000
1018.0000
1018.0000
1018.0000
1019.5000
1019.0000
1019.0000
1019.0000
1018.5000
1018.0000
1018.0000
1018.0000
1019.0000
1019.0000
1019.5000
1019.0000
1018.0000
1018.0000
1018.0000
1018.5000
1019.0000
1019.0000
1019.0000
1018.5000
1019.0000
1017.5000
1017.5000
1018.5000
1018.5000
1019.0000
1018.5000
1018.0000
1018.0000
1019.0000
1018.0000
1019.0000
1019.0000
1019.0000
1018.5000
1018.0000
1018.0000
1018.5000
1018.5000
1018.5000
1019.5000
1018.0000
1019.0000
1018.0000
1018.0000
1018.5000
1018.0000
1018.5000
1019.0000
1019.5000
1018.5000
1018.5000
1017.5000
1018.0000
1019.0000
1018.5000
1019.5000
1019.5000
1018.5000
1018.0000
1017.5000
1018.5000
1019.0000
1019.0000
1019.0000
1019.5000
1018.5000
1019.0000
1018.0000
1018.0000
1019.0000
1019.0000
1019.0000
1019.5000
1018.5000
1018.5000
1018.0000
1018.0000
1018.5000
1018.0000
1018.5000
1018.5000
1019.5000
1018.5000
1019.5000
1019.0000
1019.5000
1018.5000
1018.5000
1018.0000
1018.0000
1017.5000
1019.0000
1018.0000
1018.5000
1018.5000
1019.0000
1020.0000
1019.5000
1019.5000
1018.5000
1018.0000
1018.0000
1018.0000
1018.5000
1019.0000
1019.0000
1018.5000
1019.0000
1018.0000
1017.5000
1018.0000
1018.5000
1020.0000
1019.5000
1018.5000
1018.0000
1018.0000
1018.0000
1019.0000
1019.5000
1019.0000
1018.0000
1018.5000
1018.0000
1019.0000
1019.0000
1019.0000
1019.0000
1019.0000
1018.0000
1018.0000
1017.5000
1019.5000
1019.5000
1019.5000
1018.0000
1018.0000
1017.5000
1019.5000
1019.0000
1019.0000
1018.5000
1017.5000
1018.5000
1019.0000
1019.0000
1018.5000
1019.0000
1018.0000
1018.0000
1018.0000
1019.0000
1019.0000
1019.0000
1019.0000
1018.5000
1018.0000
1018.0000
1019.0000
1019.0000
1019.5000
1019.0000
1019.0000
1018.5000
1018.5000
1019.0000
1017.5000
1019.5000
1019.0000
1017.5000
1018.5000
1020.0000
1020.0000
1019.5000
1018.5000
1018.5000
1018.5000
1019.0000
1019.0000
1020.0000
1020.0000
1018.5000
1018.5000
1019.0000
1019.0000
1019.0000
1019.0000
1018.5000
1018.5000
1018.0000
1018.5000
1019.0000
1019.0000
1018.0000
1018.5000
1018.5000
1018.0000
1018.0000
1017.0000
1018.5000
1018.0000
1018.5000
1019.0000
1019.0000
1018.5000
1017.5000
1019.5000
1019.0000
1018.5000
1018.0000
1018.5000
1018.0000
1019.5000
1019.0000
1019.0000
1018.5000
1018.0000
1018.5000
1019.0000
1018.0000
1019.5000
1019.5000
1018.5000
1018.0000
1018.5000
1017.5000
1018.5000
1020.0000
1019.0000
1019.0000
1018.0000
1018.0000
1018.5000
1019.0000
1019.5000
1019.5000
1019.0000
1019.0000
1018.0000
1018.0000
1018.0000
1019.0000
1019.5000
1018.5000
1018.0000
1018.0000
1018.5000
1019.0000
1019.0000
1018.5000
1018.5000
1017.5000
1018.0000
1017.5000
1019.5000
1019.5000
1019.5000
1019.0000
1019.0000
1018.5000
1018.0000
1017.5000
1018.0000
1019.0000
1019.5000
1020.0000
1019.0000
1019.0000
1018.5000
1018.5000
1018.0000
1018.0000
1018.5000
1018.5000
1018.5000
1019.5000
1019.0000
1018.0000
1018.5000
1018.0000
1018.0000
1018.5000
1019.5000
1019.0000
1020.0000
1018.5000
1018.5000
1018.0000
1017.5000
1019.5000
1019.0000
1019.0000
1018.5000
1018.0000
1017.5000
1018.5000
1019.5000
1019.5000
1019.0000
1018.5000
1018.0000
1018.0000
1019.0000
1019.5000
1019.0000
1019.0000
1019.0000
1017.5000
1018.0000
1018.5000
1019.0000
1020.0000
1018.5000
1018.5000
1018.0000
1019.0000
1019.0000
1019.5000
1019.0000
1018.5000
1018.0000
1018.0000
1018.5000
1018.5000
1020.0000
1019.5000
1019.0000
1018.5000
1018.5000
1018.5000
1019.0000
1019.0000
1019.5000
1018.0000
1018.0000
1018.0000
1019.5000
1018.5000
1018.0000
1018.0000
1019.0000
1018.5000
1020.0000
1019.5000
1018.5000
1019.0000
1018.0000
1018.0000
1018.5000
1019.5000
1019.0000
1019.0000
1018.5000
1019.5000
1019.0000
1018.5000
1019.5000
1019.0000
1018.5000
1018.5000
1018.0000
1018.5000
1018.5000
1019.5000
1018.5000
1018.0000
1018.5000
1017.5000
1018.0000
1019.5000
1019.5000
1018.5000
1018.5000
1018.0000
1017.5000
1018.5000
1019.0000
1019.0000
1019.0000
1018.5000
1018.0000
1019.0000
1019.5000
1019.0000
1020.0000
1018.5000
1018.5000
1018.5000
1018.0000
1019.0000
1019.5000
1018.5000
1018.0000
1018.0000
1019.5000
1019.5000
1019.0000
1019.0000
1018.0000
1018.0000
1018.5000
1019.0000
1020.0000
1018.5000
1018.5000
1017.5000
1018.0000
1019.5000
1019.5000
1018.5000
1018.0000
1018.0000
1018.0000
1018.0000
1018.5000
1019.0000
1019.0000
1019.0000
1019.5000
1019.0000
1018.0000
1018.0000
1018.0000
1019.0000
1018.5000
1019.0000
1019.5000
1018.5000
1018.5000
1018.0000
1018.0000
1019.0000
1018.5000
1019.5000
1019.0000
1019.0000
1017.5000
1018.5000
1018.0000
1019.0000
1020.0000
1019.0000
1019.5000
1018.0000
1018.0000
1019.0000
1019.0000
1020.0000
1019.0000
1018.5000
1017.5000
1018.0000
1019.0000
1019.5000
1018.5000
1019.0000
1019.0000
1018.0000
1018.0000
1019.0000
1019.0000
1019.5000
1019.0000
1019.0000
1018.0000
1018.0000
1019.5000
1019.0000
1019.5000
1019.0000
1018.0000
1018.0000
1018.5000
1018.5000
1019.0000
1019.5000
1019.5000
1018.0000
1018.0000
1018.0000
1018.5000
1019.5000
1019.5000
1018.5000
1018.0000
1018.0000
1018.0000
1019.0000
1019.5000
1018.0000
1018.5000
1018.5000
1017.5000
1018.5000
1018.5000
1019.0000
1019.0000
1018.0000
1017.5000
1018.5000
1019.5000
1019.5000
1019.0000
1019.0000
1018.5000
1018.0000
1019.0000
1018.5000
1019.5000
1019.5000
1019.0000
1019.0000
1018.0000
1018.0000
1019.0000
1018.5000
1020.0000
1019.0000
1019.0000
1018.5000
1018.0000
1018.0000
1018.5000
1019.0000
1019.0000
1019.0000
1019.0000
1018.5000
1017.5000
1019.0000
1018.5000
1018.5000
1018.5000
1019.0000
1019.0000
1019.0000
1019.0000
1019.5000
1019.0000
1018.0000
1018.0000
1017.5000
1018.0000
1020.0000
1019.5000
1018.5000
1018.0000
1018.0000
1018.0000
1018.5000
1019.5000
1019.0000
1019.5000
1019.0000
1018.5000
1017.5000
1019.0000
1019.0000
1019.5000
1019.5000
1019.0000
1018.5000
1017.0000
1018.5000
1018.5000
1019.0000
1019.5000
1019.0000
1018.5000
1018.0000
1019.0000
1019.5000
1019.0000
1019.5000
1018.0000
1018.5000
1018.0000
1018.0000
1019.0000
1019.0000
1019.5000
1019.0000
1019.0000
1018.5000
1018.0000
1018.0000
1017.5000
1018.5000
1018.0000
1019.0000
1019.5000
1020.0000
1019.5000
1018.5000
1018.5000
1018.5000
1018.0000
1018.5000
1018.0000
1019.0000
1019.5000
1019.0000
1018.5000
1018.0000
1017.5000
1018.0000
1019.0000
1018.5000
1019.0000
1019.0000
1019.5000
1018.0000
1018.5000
1018.5000
1018.0000
1019.0000
1019.0000
1019.0000
1020.0000
1019.0000
1018.0000
1018.5000
1018.0000
1020.0000
1019.0000
1019.5000
1018.5000
1018.5000
1018.0000
1018.0000
1019.0000
1019.5000
1019.5000
1019.0000
1018.0000
1018.5000
1018.0000
1018.0000
1019.0000
1019.0000
1019.0000
1019.0000
1018.5000
1018.5000
1018.0000
1019.5000
1019.5000
1019.0000
1019.0000
1018.0000
1018.0000
1018.5000
1018.5000
1019.5000
1018.5000
1019.0000
1018.0000
1018.0000
1018.5000
1018.0000
1019.0000
1019.0000
1019.0000
1018.5000
1018.0000
1018.0000
1018.0000
1020.0000
1019.5000
1019.5000
1019.0000
1018.0000
1018.0000
1018.5000
1018.5000
1020.0000
1019.0000
1019.0000
1019.0000
1018.0000
1018.0000
1018.0000
1018.0000
1018.5000
1019.0000
1019.5000
1020.0000
1019.0000
1018.5000
1018.0000
1018.5000
1019.5000
1018.5000
1019.0000
1019.5000
1018.0000
1018.5000
1017.0000
1019.0000
1019.5000
1018.5000
1019.5000
1018.5000
1018.0000
1017.5000
1018.5000
1018.5000
1019.0000
1018.5000
1018.0000
1018.5000
1018.0000
1019.5000
1018.5000
1018.0000
1018.5000
1018.0000
1019.0000
1018.5000
1019.5000
1020.0000
1018.5000
1019.0000
1018.0000
1018.0000
1018.0000
1018.0000
1018.0000
1019.0000
1019.0000
1019.0000
1019.5000
1018.5000
1018.0000
1018.5000
1018.5000
1019.0000
1019.0000
1019.5000
1019.0000
1019.5000
1018.0000
1018.0000
1017.0000
1018.0000
1018.5000
1018.5000
1018.5000
1018.5000
1018.5000
1018.0000
1018.0000
1018.5000
1020.0000
1019.0000
1018.5000
1018.0000
1018.0000
1019.0000
1019.5000
1018.5000
1018.0000
1017.5000
1018.5000
1019.0000
1019.5000
1019.0000
1018.0000
1018.0000
1018.5000
1018.5000
1020.0000
1019.5000
1018.5000
1018.0000
1018.0000
1019.5000
1018.5000
1018.5000
1018.5000
1018.5000
1018.0000
1018.5000
1018.5000
1019.5000
1018.0000
1018.0000
1019.0000
1018.5000
1019.5000
1019.5000
1019.5000
1018.0000
1018.0000
1018.0000
1018.0000
1019.0000
1019.0000
1018.5000
1018.5000
1018.0000
1017.5000
1018.0000
1019.5000
1019.5000
1018.5000
1018.5000
1018.0000
1018.0000
1018.5000
1018.5000
1020.0000
1019.0000
1019.0000
1018.0000
1018.0000
1019.0000
1019.0000
1019.0000
1018.5000
1018.0000
1018.0000
1018.0000
1019.0000
1019.5000
1019.5000
1018.0000
1018.0000
1018.5000
1018.5000
1019.5000
1019.0000
1018.0000
1017.5000
1018.5000
1019.0000
1020.0000
1018.5000
1018.5000
1018.0000
1018.5000
1019.5000
1019.0000
1018.5000
1018.0000
1018.0000
1019.5000
1019.5000
1019.5000
1018.5000
1018.0000
1018.0000
1018.0000
1018.5000
1019.5000
1019.0000
1018.5000
1018.0000
1018.0000
1018.5000
1019.0000
1019.5000
1019.5000
1018.0000
1018.5000
1018.0000
1017.5000
1019.0000
1019.0000
1019.5000
1019.0000
1018.0000
1018.5000
1018.0000
1018.5000
1018.5000
1019.0000
1019.5000
1018.0000
1018.0000
1018.5000
1019.5000
1019.0000
1018.5000
1018.5000
1017.5000
1018.5000
1018.5000
1019.0000
1018.5000
1019.0000
1019.0000
1018.0000
1018.0000
1018.0000
1019.0000
1019.0000
1019.0000
1019.5000
1018.0000
1018.0000
1018.0000
1018.5000
1019.0000
1019.5000
1018.5000
1018.5000
1018.0000
1018.0000
1017.5000
1019.5000
1019.0000
1018.5000
1019.0000
1018.0000
1018.0000
1018.5000
1019.0000
1019.5000
1020.0000
1019.0000
1019.0000
1018.0000
1018.5000
1018.5000
1018.0000
1018.5000
1019.5000
1018.0000
1018.0000
1018.5000
1018.5000
1019.0000
1019.5000
1018.5000
1019.0000
1018.5000
1018.0000
1018.5000
1019.0000
1018.5000
1019.5000
1020.0000
1019.0000
1018.5000
1018.0000
1018.0000
1017.5000
1018.5000
1019.0000
1020.0000
1019.0000
1018.0000
1018.0000
1018.0000
1018.0000
1018.5000
1019.0000
1019.0000
1019.0000
1018.0000
1017.5000
1019.0000
1019.0000
1019.5000
1019.5000
1019.0000
1018.0000
1018.5000
1017.5000
1019.0000
1019.0000
1018.5000
1018.5000
1018.0000
1018.5000
1018.0000
1019.5000
1019.0000
1018.5000
1018.0000
1018.0000
1018.0000
1018.5000
1019.5000
1018.5000
1018.5000
1018.0000
1018.5000
1019.0000
1018.0000
1019.0000
1019.0000
1019.0000
1018.5000
1018.5000
1018.5000
1018.5000
1019.0000
1019.0000
1019.0000
1018.5000
1018.5000
1018.5000
1018.0000
1019.0000
1018.5000
1019.0000
1019.0000
1019.5000
1018.5000
1017.5000
1018.5000
1019.0000
1018.5000
1019.0000
1018.5000
1018.5000
1018.0000
1019.5000
1019.0000
1019.5000
1019.5000
1019.0000
1018.0000
1018.5000
1018.5000
1019.0000
1018.5000
1018.5000
1018.0000
1018.5000
1019.5000
1020.0000
1018.0000
1018.0000
1019.0000
1018.5000
1019.0000
1018.0000
1018.0000
1018.5000
1018.5000
1019.0000
1019.0000
1018.5000
1018.0000
1017.5000
1018.5000
1019.0000
1019.0000
1018.0000
1017.5000
1019.0000
1019.0000
1019.5000
1019.0000
1018.5000
1018.5000
1018.0000
1019.0000
1019.0000
1019.0000
1018.5000
1018.0000
1017.5000
1018.5000
1019.5000
1019.5000
1018.5000
1018.5000
1018.5000
1018.5000
1018.5000
1019.0000
1019.0000
1019.0000
1019.5000
1019.0000
1019.5000
1018.5000
1017.5000
1018.0000
1018.0000
1018.5000
1019.0000
1018.5000
1019.0000
1019.0000
1018.0000
1018.0000
1019.5000
1019.0000
1019.0000
1018.5000
1018.0000
1017.5000
1018.5000
1018.0000
1019.5000
1018.5000
1018.0000
1018.0000
1017.0000
1017.5000
1019.0000
1019.0000
1019.0000
1018.0000
1018.0000
1018.0000
1019.0000
1019.5000
1018.0000
1018.0000
1019.0000
1019.0000
1018.5000
1018.0000
1018.0000
1019.5000
1019.0000
1019.0000
1018.0000
1017.5000
1019.0000
1019.5000
1018.5000
1019.0000
1018.0000
1018.0000
1018.0000
1018.5000
1019.0000
1019.0000
1019.5000
1018.0000
1017.5000
1019.0000
1019.0000
1020.0000
1018.0000
1018.0000
1018.0000
1019.0000
1019.5000
1018.5000
1018.5000
1018.0000
1019.0000
1019.0000
1019.0000
1019.0000
1018.5000
1019.0000
1019.0000
1019.5000
1019.0000
1018.5000
1018.5000
1018.0000
1018.5000
1020.0000
1019.0000
1019.0000
1018.0000
1017.5000
1019.0000
1019.0000
1019.0000
1018.5000
1018.0000
1018.5000
1018.5000
1019.5000
1019.0000
1018.0000
1017.5000
1018.5000
1019.5000
1018.5000
1018.0000
1018.0000
1019.0000
1019.0000
1020.0000
1019.0000
1018.0000
1018.5000
1019.0000
1018.5000
1018.5000
1019.5000
1018.5000
1018.0000
1018.0000
1017.5000
1019.0000
1019.5000
1019.0000
1018.5000
1018.0000
1019.5000
1019.0000
1019.0000
1019.5000
1019.0000
1018.0000
1018.0000
1018.0000
1019.0000
1019.5000
1018.5000
1018.0000
1018.0000
1019.0000
1018.5000
1019.0000
1019.0000
1018.0000
1017.0000
1019.0000
1019.0000
1019.5000
1019.0000
1018.5000
1019.0000
1017.5000
1018.5000
1019.0000
1019.5000
1018.5000
1018.0000
1018.5000
1018.0000
1019.5000
1019.0000
1019.0000
1018.0000
1018.5000
1019.0000
1019.0000
1019.5000
1019.0000
1018.0000
1018.0000
1018.0000
1018.0000
1020.0000
1019.5000
1019.0000
1018.0000
1017.5000
1019.0000
1018.0000
1020.0000
1018.0000
1019.0000
1018.0000
1018.0000
1018.5000
1018.0000
1019.0000
1020.0000
1019.0000
1018.0000
1018.5000
1019.0000
1019.5000
1019.5000
1019.5000
1019.0000
1018.5000
1017.5000
1018.0000
1019.0000
1019.0000
1019.0000
1019.5000
1018.5000
1018.0000
1018.5000
1018.5000
1019.0000
1019.0000
1018.5000
1018.5000
1018.0000
1018.5000
1018.5000
1019.0000
1019.5000
1018.0000
1018.0000
1018.5000
1019.0000
1018.5000
1017.5000
1018.5000
1018.5000
1019.0000
1019.0000
1018.5000
1018.0000
1018.0000
1019.5000
1019.0000
1020.0000
1019.5000
1018.0000
1018.5000
1018.0000
1019.5000
1020.0000
1019.0000
1019.5000
1018.0000
1018.0000
1018.0000
1018.5000
1019.0000
1019.5000
1019.5000
1018.0000
1018.0000
1018.0000
1018.5000
1019.0000
1019.5000
1018.0000
1018.0000
1018.5000
1019.0000
1019.5000
1018.5000
1018.5000
1019.0000
1018.5000
1018.0000
1018.5000
1019.0000
1019.5000
1019.5000
1018.0000
1018.0000
1018.0000
1019.5000
1019.0000
1019.0000
1018.5000
1018.5000
1018.0000
1017.5000
1018.0000
1019.5000
1020.0000
1018.5000
1018.5000
1019.0000
1018.0000
1019.0000
1019.5000
1019.5000
1019.0000
1019.0000
1018.0000
1018.5000
1017.5000
1020.0000
1019.5000
1018.5000
1019.0000
1018.0000
1018.0000
1018.5000
1017.5000
1019.0000
1019.5000
1019.0000
1019.0000
1018.5000
1018.0000
1018.0000
1018.5000
1019.0000
1020.0000
1019.5000
1019.0000
1018.0000
1018.0000
1017.5000
1018.0000
1018.5000
1020.0000
1019.0000
1019.5000
1018.0000
1017.0000
1018.5000
1019.5000
1019.5000
1019.0000
1018.5000
1018.5000
1018.0000
1019.5000
1019.5000
1019.0000
1019.0000
1018.0000
1018.0000
1018.5000
1019.5000
1019.5000
1019.0000
1019.0000
1018.5000
1018.5000
1017.0000
1019.5000
1019.5000
1019.5000
1019.5000
1019.0000
1018.0000
1019.0000
1018.0000
1019.0000
1019.5000
1019.0000
1019.0000
1018.0000
1017.5000
1017.5000
1018.5000
1018.5000
1019.5000
1019.0000
1019.0000
1018.0000
1018.5000
1018.0000
1018.0000
1019.0000
1019.0000
1019.0000
1018.5000
1018.5000
1018.0000
1018.0000
1018.5000
1019.0000
1018.5000
1020.0000
1019.0000
1018.5000
1018.0000
1018.0000
1017.5000
1019.0000
1019.0000
1020.0000
1020.0000
1019.0000
1018.5000
1018.5000
1018.0000
1018.0000
1019.0000
1019.0000
1019.5000
1019.0000
1019.5000
1019.0000
1018.5000
1018.0000
1018.0000
1019.5000
1019.0000
1018.5000
1019.0000
1019.0000
1019.5000
1018.5000
1018.0000
1017.5000
1018.5000
1018.0000
1018.0000
1018.5000
1018.5000
1019.5000
1019.5000
1019.0000
1018.5000
1018.0000
1018.5000
1018.0000
1018.5000
1019.0000
1019.0000
1018.5000
1018.0000
1018.5000
1018.0000
1019.0000
1018.5000
1019.0000
1019.0000
1018.5000
1018.5000
1018.5000
1017.0000
1019.0000
1019.0000
1019.0000
1018.5000
1018.5000
1018.0000
1018.0000
1019.5000
1019.0000
1019.0000
1018.5000
1018.0000
1019.0000
1018.5000
1020.0000
1018.5000
1018.0000
1018.0000
1019.0000
1019.5000
1019.0000
1019.0000
1018.0000
1018.0000
1018.5000
1018.5000
1019.0000
1019.5000
1018.5000
1018.5000
1018.5000
1018.0000
1017.5000
1019.0000
1019.5000
1019.5000
1019.0000
1019.5000
1018.5000
1018.5000
1017.5000
1019.0000
1018.5000
1019.0000
1019.5000
1019.0000
1019.0000
1018.5000
1018.5000
1018.0000
1018.0000
1018.5000
1018.5000
1019.0000
1019.5000
1019.0000
1019.5000
1018.0000
1019.0000
1018.0000
1018.0000
1018.0000
1018.0000
1019.5000
1019.0000
1019.0000
1018.5000
1018.5000
1018.0000
1018.0000
1018.0000
1018.5000
1018.5000
1019.0000
1019.5000
1019.0000
1018.5000
1018.0000
1018.5000
1019.0000
1019.5000
1018.5000
1018.5000
1018.0000
1017.0000
1018.5000
1020.0000
1020.0000
1019.0000
1018.5000
1018.0000
1018.0000
1019.5000
1019.5000
1019.0000
1018.0000
1019.0000
1019.0000
1019.0000
1019.0000
1017.5000
1018.0000
1019.0000
1018.0000
1018.5000
1019.5000
1019.5000
1019.0000
1019.5000
1018.5000
1018.0000
1018.5000
1017.5000
1019.0000
1020.0000
1019.0000
1018.5000
1018.0000
1018.0000
1019.0000
1019.0000
1018.5000
1018.0000
1017.5000
1018.0000
1019.0000
1019.5000
1018.5000
1018.0000
1018.0000
1018.0000
1018.5000
1019.5000
1019.0000
1018.5000
1018.5000
1019.0000
1019.0000
1018.5000
1018.0000
1018.0000
1019.0000
1020.0000
1019.0000
1018.0000
1018.0000
1018.0000
1018.0000
1019.0000
1019.0000
1018.5000
1018.5000
1018.0000
1018.5000
1019.5000
1019.0000
1018.5000
1018.5000
1018.5000
1017.5000
1018.5000
1019.5000
1018.5000
1018.5000
1018.0000
1018.0000
1019.5000
1019.0000
1019.0000
1019.0000
1018.5000
1018.5000
1018.5000
1018.0000
1019.0000
1019.5000
1018.0000
1018.5000
1018.0000
1019.0000
1018.0000
1019.0000
1019.5000
1018.0000
1018.5000
1018.0000
1018.0000
1019.5000
1019.5000
1018.5000
1018.0000
1018.0000
1018.0000
1018.5000
1019.0000
1019.5000
1017.5000
1018.0000
1018.5000
1019.0000
1019.0000
1019.5000
1018.5000
1018.0000
1018.0000
1019.0000
1019.5000
1018.0000
1018.5000
1018.0000
1017.5000
1019.0000
1019.5000
1019.0000
1018.5000
1018.0000
1018.0000
1018.5000
1019.5000
1019.5000
1018.0000
1018.5000
1018.5000
1018.0000
1019.5000
1018.0000
1018.5000
1018.5000
1019.0000
1019.0000
1019.0000
1019.5000
1019.0000
1018.0000
1017.5000
1018.5000
1019.0000
1019.0000
1018.5000
1018.5000
1018.0000
1018.5000
1019.5000
1018.5000
1018.5000
1018.5000
1017.5000
1019.0000
1019.5000
1019.5000
1018.5000
1018.5000
1018.5000
1018.0000
1019.0000
1019.5000
1018.0000
1018.5000
1018.0000
1018.5000
1019.5000
1019.0000
1018.5000
1018.5000
1018.0000
1019.0000
1019.0000
1018.5000
1018.5000
1018.0000
1018.0000
1018.0000
1019.5000
1019.5000
1018.5000
1019.0000
1018.0000
1018.0000
1018.0000
1019.0000
1019.0000
1018.0000
1019.0000
1018.5000
1018.0000
1019.0000
1019.0000
1019.5000
1019.0000
1018.0000
1018.5000
1018.0000
1019.0000
1019.5000
1019.0000
1018.5000
1018.5000
1019.0000
1019.0000
1018.5000
1020.0000
1019.0000
1018.0000
1018.0000
1018.0000
1018.5000
1019.0000
1019.0000
1018.5000
1018.5000
1018.5000
1019.5000
1019.0000
1018.0000
1018.0000
1018.0000
1018.5000
1019.0000
1018.0000
1018.0000
1019.0000
1019.0000
1018.5000
1018.0000
1018.0000
1020.0000
1019.0000
1019.0000
1018.5000
1018.0000
1019.5000
1020.0000
1019.0000
1018.0000
1018.0000
1019.0000
1019.5000
1018.5000
1018.0000
1018.0000
1019.0000
1018.5000
1019.0000
1019.0000
1017.5000
1018.0000
1019.0000
1019.0000
1019.5000
1018.0000
1018.0000
1018.0000
1018.5000
1019.5000
1019.0000
1018.0000
1018.0000
1018.5000
1018.5000
1020.0000
1019.0000
1018.5000
1017.5000
1017.5000
1019.0000
1019.5000
1019.0000
1018.5000
1018.0000
1018.0000
1019.5000
1019.0000
1018.5000
1018.5000
1018.0000
1017.5000
1018.5000
1019.5000
1019.0000
1018.0000
1018.0000
1018.5000
1019.0000
1019.5000
1019.0000
1018.5000
1018.5000
1018.0000
1019.5000
1019.5000
1019.0000
1019.0000
1018.0000
1018.0000
1018.5000
1018.5000
1019.5000
1019.0000
1018.5000
1018.0000
1018.0000
1018.5000
1019.0000
1019.5000
1019.0000
1018.5000
1018.0000
1018.0000
1018.5000
1019.5000
1019.5000
1018.5000
1018.0000
1018.0000
1018.0000
1019.0000
1019.5000
1019.0000
1018.0000
1018.5000
1018.0000
1019.5000
1019.5000
1020.0000
1019.0000
1018.5000
1018.5000
1017.5000
1018.5000
1018.5000
1019.0000
1019.0000
1019.5000
1018.5000
1018.0000
1018.0000
1019.0000
1019.0000
1019.5000
1018.5000
1018.0000
1019.0000
1018.5000
1019.0000
1018.5000
1017.5000
1018.0000
1017.5000
1019.5000
1019.5000
1018.5000
1018.0000
1018.0000
1019.0000
1019.5000
1019.5000
1018.5000
1018.0000
1017.5000
1018.5000
1018.0000
1019.5000
1019.0000
1018.5000
1018.0000
1018.5000
1018.0000
1019.0000
1019.0000
1019.0000
1019.0000
1018.0000
1017.5000
1018.5000
1019.0000
1019.0000
1018.0000
1018.0000
1018.5000
1019.0000
1019.0000
1018.5000
1018.5000
1018.0000
1019.0000
1019.0000
1018.5000
1018.0000
1018.0000
1019.0000
1018.5000
1019.0000
1018.5000
1017.5000
1017.5000
1018.0000
1018.0000
1020.0000
1019.0000
1018.0000
1018.0000
1018.5000
1019.0000
1017.5000
1018.0000
1018.5000
1019.0000
1018.5000
1018.0000
1018.5000
1019.0000
1019.5000
1018.5000
1018.0000
1019.0000
1019.5000
1019.5000
1018.0000
1017.5000
1018.0000
1019.5000
1019.0000
1018.0000
1018.5000
1018.5000
1018.5000
1019.0000
1019.0000
1019.0000
1019.0000
1018.0000
1018.0000
1018.0000
1019.0000
1019.0000
1018.5000
1018.0000
1018.0000
1018.5000
1019.0000
1018.5000
1019.0000
1018.0000
1018.0000
1020.0000
1018.5000
1019.0000
1018.0000
1017.5000
1019.5000
1019.0000
1020.0000
1018.0000
1018.0000
1018.5000
1019.0000
1019.0000
1019.0000
1018.0000
1018.0000
1018.5000
1019.5000
1019.5000
1018.0000
1017.5000
1019.0000
1018.5000
1019.5000
1020.0000
1018.5000
1018.0000
1018.5000
1019.0000
1019.0000
1019.0000
1018.0000
1017.5000
1019.5000
1019.5000
1019.0000
1018.0000
1018.0000
1018.5000
1018.5000
1019.0000
1019.5000
1018.0000
1018.0000
1020.0000
1018.5000
1019.0000
1019.5000
1018.0000
1018.0000
1019.0000
1017.5000
1019.5000
1019.0000
1018.5000
1018.5000
1017.5000
1019.0000
1019.5000
1019.0000
1018.5000
1017.5000
1018.5000
1019.5000
1019.5000
1019.0000
1017.5000
1018.5000
1019.5000
1019.0000
1018.5000
1017.5000
1019.0000
1019.5000
1018.5000
1019.5000
1018.5000
1018.0000
1020.0000
1019.0000
1019.0000
1018.0000
1018.0000
1018.0000
1018.5000
1019.0000
1019.0000
1018.0000
1017.5000
1018.0000
1019.5000
1018.5000
1018.0000
1017.5000
1018.0000
1019.5000
1019.5000
1018.0000
1018.0000
1019.0000
1018.5000
1018.5000
1019.0000
1019.5000
1018.5000
1018.0000
1018.5000
1018.0000
1018.0000
1020.0000
1019.0000
1018.5000
1018.0000
1018.5000
1019.5000
1019.0000
1019.0000
1019.0000
1017.5000
1018.0000
1019.0000
1019.5000
1018.5000
1018.0000
1018.0000
1017.5000
1019.0000
1019.5000
1018.0000
1018.0000
1018.0000
1019.0000
1019.0000
1019.5000
1019.5000
1018.5000
1018.0000
1018.0000
1018.5000
1019.0000
1019.0000
1018.5000
1018.5000
1020.0000
1019.0000
1018.0000
1018.0000
1018.5000
1019.5000
1018.5000
1018.0000
1018.5000
1018.0000
1019.0000
1019.0000
1018.0000
1018.5000
1019.0000
1019.0000
1019.0000
1018.0000
1018.5000
1017.5000
1019.0000
1019.0000
1018.5000
1018.0000
1018.0000
1019.0000
1019.5000
1018.5000
1018.0000
1018.0000
1018.5000
1019.5000
1018.5000
1018.5000
1018.0000
1018.0000
1019.0000
1020.0000
1019.0000
1019.0000
1018.0000
1018.5000
1020.0000
1019.0000
1018.5000
1019.0000
1019.5000
1018.5000
1018.5000
1018.5000
1018.0000
1019.0000
1018.5000
1018.5000
1019.0000
1018.0000
1017.5000
1018.0000
1019.0000
1019.0000
1019.0000
1018.5000
1018.0000
1018.5000
1018.5000
1018.5000
1019.0000
1018.0000
1018.5000
1018.5000
1018.5000
1018.5000
1017.5000
1018.5000
1019.5000
1019.5000
1019.5000
1018.0000
1018.0000
1019.0000
1019.0000
1019.0000
1018.0000
1018.0000
1018.5000
1019.5000
1019.5000
1018.5000
1018.5000
1018.5000
1018.0000
1019.0000
1019.5000
1018.5000
1018.5000
1018.5000
1018.5000
1019.5000
1019.0000
1018.5000
1017.5000
1019.0000
1019.5000
1019.0000
1018.0000
1018.0000
1018.5000
1018.5000
1019.0000
1019.5000
1018.0000
1017.5000
1019.0000
1019.5000
1020.0000
1018.0000
1018.0000
1018.5000
1019.0000
1020.0000
1019.5000
1018.0000
1018.5000
1019.0000
1019.5000
1019.0000
1018.5000
1019.0000
1018.0000
1019.5000
1019.0000
1018.5000
1017.5000
1018.5000
1019.0000
1019.0000
1018.5000
1018.5000
1018.5000
1019.5000
1018.0000
1019.0000
1018.5000
1018.0000
1017.5000
1018.5000
1019.0000
1018.0000
1018.0000
1018.0000
1018.0000
1019.5000
1019.5000
1018.0000
1018.5000
1018.0000
1018.5000
1019.0000
1018.5000
1018.0000
1018.0000
1018.0000
1018.0000
1019.5000
1018.5000
1018.5000
1018.5000
1019.0000
1019.0000
1019.0000
1018.0000
1019.5000
1018.0000
1019.0000
1020.0000
1018.5000
1018.5000
1019.0000
1019.5000
1018.5000
1018.0000
1017.5000
1019.0000
1019.0000
1018.0000
1018.0000
1018.5000
1019.0000
1020.0000
1019.5000
1018.5000
1018.0000
1018.5000
1019.5000
1019.0000
1017.5000
1019.0000
1019.0000
1019.5000
1018.5000
1018.0000
1019.0000
1018.5000
1019.5000
1018.5000
1018.0000
1017.5000
1019.5000
1019.5000
1019.0000
1019.0000
1018.0000
1018.0000
1018.5000
1019.0000
1019.5000
1018.5000
1018.0000
1018.0000
1018.5000
1019.0000
1019.0000
1018.5000
1017.5000
1018.0000
1019.0000
1019.0000
1019.0000
1018.0000
1018.0000
1018.0000
1019.0000
1019.5000
1019.5000
1019.0000
1018.0000
1019.0000
1018.5000
1019.5000
1019.0000
1018.0000
1018.0000
1018.5000
1019.0000
1019.0000
1019.0000
1018.5000
1018.0000
1019.0000
1019.5000
1018.5000
1018.5000
1018.5000
1018.5000
1018.5000
1019.0000
1019.0000
1018.0000
1018.0000
1018.5000
1019.5000
1019.0000
1018.0000
1018.5000
1018.0000
1019.0000
1019.5000
1018.0000
1018.0000
1017.5000
1018.5000
1018.5000
1019.5000
1018.5000
1017.5000
1018.0000
1018.5000
1019.0000
1018.5000
1018.5000
1019.0000
1018.0000
1018.0000
1019.0000
1019.5000
1017.5000
1018.0000
1018.5000
1019.0000
1020.0000
1018.5000
1018.0000
1018.5000
1018.5000
1020.0000
1019.0000
1018.5000
1018.0000
1018.5000
1019.0000
1019.0000
1019.0000
1018.5000
1018.0000
1018.0000
1018.5000
1019.5000
1018.5000
1018.0000
1018.0000
1018.5000
1019.0000
1019.5000
1018.5000
1018.5000
1018.0000
1018.5000
1018.5000
1019.0000
1018.0000
1018.5000
1017.5000
1018.0000
1019.0000
1019.0000
1019.0000
1018.5000
1018.0000
1018.0000
1020.0000
1019.0000
1019.0000
1019.5000
1019.0000
1018.0000
1018.0000
1019.0000
1020.0000
1018.0000
1018.5000
1018.5000
1019.0000
1019.0000
1019.0000
1018.0000
1018.0000
1018.0000
1019.0000
1019.5000
1018.5000
1018.0000
1018.0000
1019.0000
1019.0000
1018.5000
1017.5000
1018.0000
1020.0000
1019.0000
1019.0000
1018.0000
1018.5000
1018.5000
1019.0000
1019.0000
1019.0000
1018.5000
1018.0000
1019.5000
1019.0000
1019.0000
1018.0000
1017.5000
1019.5000
1019.0000
1019.5000
1018.0000
1018.0000
1019.5000
1019.5000
1019.0000
1017.5000
1018.0000
1019.0000
1019.5000
1019.0000
1018.0000
1018.0000
1019.0000
1019.0000
1018.5000
1018.0000
1018.0000
1019.0000
1019.0000
1018.5000
1019.0000
1018.5000
1018.0000
1018.5000
1019.0000
1019.0000
1018.5000
1018.0000
1018.5000
1019.5000
1019.0000
1018.0000
1018.5000
1018.5000
1019.0000
1020.0000
1019.0000
1018.5000
1019.0000
1019.0000
1020.0000
1019.0000
1018.5000
1018.0000
1017.5000
1019.0000
1019.0000
1019.5000
1019.0000
1018.0000
1018.0000
1018.5000
1019.0000
1019.0000
1018.0000
1018.0000
1018.5000
1019.5000
1018.5000
1019.0000
1018.0000
1018.5000
1018.5000
1019.0000
1018.5000
1018.5000
1018.0000
1018.5000
1019.0000
1019.0000
1018.5000
1018.0000
1018.0000
1018.5000
1019.0000
1019.0000
1019.5000
1018.5000
1017.5000
1018.0000
1019.0000
1018.5000
1019.0000
1019.0000
1018.5000
1018.0000
1018.5000
1019.5000
1020.0000
1018.5000
1018.0000
1018.0000
1018.0000
1018.0000
1019.5000
1018.5000
1018.5000
1018.5000
1018.5000
1018.0000
1019.0000
1019.5000
1018.5000
1018.0000
1018.5000
1018.0000
1018.5000
1018.5000
1019.0000
1020.0000
1019.0000
1018.5000
1018.5000
1018.0000
1018.5000
1018.0000
1019.5000
1020.0000
1018.5000
1018.5000
1018.0000
1018.0000
1018.5000
1018.5000
1019.0000
1019.5000
1018.5000
1018.5000
1018.0000
1019.5000
1019.0000
1019.5000
1018.0000
1019.5000
1018.0000
1018.5000
1018.0000
1018.5000
1019.0000
1019.0000
1019.0000
1018.5000
1018.0000
1018.5000
1019.5000
1019.0000
1018.0000
1018.5000
1018.0000
1018.0000
1020.0000
1020.0000
1018.0000
1017.5000
1018.5000
1019.0000
1019.0000
1019.0000
1018.5000
1018.5000
1018.0000
1018.0000
1019.0000
1019.0000
1018.5000
1018.5000
1018.0000
1019.0000
1019.5000
1018.5000
1018.0000
1018.5000
1018.5000
1018.5000
1019.5000
1018.0000
1018.5000
1018.0000
1019.0000
1019.5000
1018.0000
1018.5000
1018.5000
1019.0000
1019.0000
1019.0000
1018.0000
1018.0000
1018.5000
1020.0000
1018.5000
1018.5000
1018.0000
1018.5000
1020.0000
1019.0000
1019.5000
1018.5000
1018.0000
1019.5000
1019.0000
1019.0000
1018.0000
1018.0000
1018.5000
1018.0000
1019.0000
1020.0000
1018.5000
1018.5000
1018.0000
1017.5000
1020.0000
1019.0000
1019.5000
1019.0000
1018.0000
1017.5000
1019.0000
1018.0000
1019.0000
1019.5000
1019.0000
1019.5000
1019.0000
1018.0000
1018.0000
1018.5000
1018.5000
1019.0000
1018.5000
1019.0000
1018.5000
1019.0000
1018.0000
1018.0000
1018.0000
1018.0000
1019.0000
1018.5000
1019.0000
1019.5000
1019.0000
1019.5000
1018.5000
1018.5000
1018.0000
1018.0000
1018.0000
1019.0000
1019.5000
1019.5000
1019.0000
1018.5000
1019.0000
1018.5000
1017.0000
1018.0000
1017.5000
1018.5000
1019.0000
1019.0000
1019.5000
1018.5000
1018.5000
1017.5000
1018.0000
1018.0000
1019.0000
1019.5000
1018.5000
1019.0000
1017.5000
1018.5000
1017.5000
1018.5000
1019.0000
1018.5000
1019.0000
1019.5000
1018.0000
1018.5000
1017.5000
1018.0000
1018.5000
1019.0000
1019.5000
1019.0000
1019.0000
1019.0000
1018.0000
1018.0000
1019.0000
1018.5000
1019.0000
1019.5000
1018.5000
1018.5000
1017.5000
1018.0000
1018.5000
1019.0000
1019.5000
1018.5000
1018.0000
1018.0000
1019.0000
1019.0000
1019.0000
1019.5000
1019.0000
1018.5000
1018.0000
1018.0000
1019.5000
1018.5000
1019.0000
1018.5000
1019.0000
1018.5000
1017.5000
1020.0000
1018.5000
1019.5000
1018.5000
1018.5000
1017.5000
1018.0000
1018.5000
1019.0000
1019.5000
1018.0000
1018.5000
1018.0000
1018.0000
1018.5000
1019.0000
1019.0000
1018.0000
1019.0000
1018.0000
1017.5000
1018.5000
1019.5000
1018.5000
1018.5000
1018.5000
1018.5000
1018.0000
1019.0000
1019.0000
1019.5000
1018.5000
1018.0000
1018.0000
1017.5000
1019.0000
1018.5000
1017.5000
1018.0000
1019.0000
1019.0000
1019.5000
1019.0000
1018.5000
1017.5000
1019.0000
1019.0000
1019.0000
1018.5000
1018.0000
1018.0000
1017.5000
1018.5000
1019.0000
1019.0000
1018.0000
1018.0000
1018.0000
1018.5000
1019.5000
1019.5000
1019.5000
1018.5000
1018.5000
1018.0000
1018.5000
1019.0000
1020.0000
1018.5000
1018.5000
1018.5000
1018.0000
1018.0000
1019.5000
1019.0000
1018.0000
1017.5000
1018.5000
1018.0000
1019.0000
1019.0000
1019.5000
1018.5000
1018.0000
1018.5000
1019.5000
1019.5000
1019.5000
1018.5000
1017.5000
1018.0000
1017.5000
1018.5000
1019.5000
1019.5000
1019.0000
1018.5000
1018.5000
1018.5000
1020.0000
1018.5000
1018.5000
1018.0000
1018.0000
1019.0000
1019.5000
1019.0000
1018.5000
1018.0000
1018.5000
1018.0000
1019.0000
1019.5000
1019.0000
1018.5000
1018.5000
1018.5000
1017.5000
1019.0000
1019.0000
1019.5000
1019.0000
1018.5000
1018.0000
1018.5000
1019.5000
1019.0000
1019.0000
1018.5000
1018.0000
1018.0000
1018.5000
1019.5000
1020.0000
1019.0000
1018.5000
1018.0000
1018.0000
1018.5000
1019.0000
1019.5000
1019.5000
1019.0000
1018.0000
1018.0000
1018.0000
1019.0000
1019.0000
1019.0000
1019.0000
1017.5000
1018.5000
1019.0000
1019.5000
1019.0000
1018.5000
1018.0000
1018.0000
1019.0000
1018.5000
1019.0000
1018.5000
1018.5000
1019.0000
1018.5000
1018.0000
1018.0000
1017.5000
1019.5000
1019.0000
1018.5000
1019.5000
1018.5000
1019.0000
1019.0000
1018.0000
1018.5000
1018.0000
1018.5000
1019.0000
1019.5000
1019.5000
1018.5000
1018.5000
1018.0000
1018.0000
1018.5000
1018.5000
1019.5000
1020.0000
1019.0000
1019.0000
1020.0000
1019.0000
1018.5000
1018.5000
1018.5000
1019.0000
1018.5000
1019.0000
1019.5000
1019.5000
1019.0000
1018.5000
1019.0000
1019.0000
1018.0000
1018.0000
1019.0000
1017.5000
1019.0000
1018.5000
1018.0000
1018.0000
1018.5000
1018.0000
1018.5000
1019.0000
1019.0000
1019.0000
1018.5000
1017.0000
1018.5000
1018.5000
1019.5000
1019.5000
1018.5000
1018.5000
1018.0000
1018.0000
1018.5000
1019.5000
1019.0000
1019.0000
1018.5000
1018.0000
1017.5000
1018.5000
1019.0000
1019.0000
1018.5000
1018.5000
1018.5000
1018.5000
1018.0000
1018.5000
1019.0000
1020.0000
1019.0000
1018.0000
1019.0000
1017.5000
1019.0000
1019.0000
1019.5000
1019.0000
1018.0000
1018.0000
1018.5000
1019.5000
1019.0000
1018.0000
1018.0000
1018.0000
1018.5000
1019.0000
1019.5000
1019.0000
1019.0000
1018.5000
1017.5000
1019.5000
1020.0000
1019.0000
1019.0000
1018.0000
1018.0000
1017.5000
1019.0000
1019.0000
1018.5000
1018.0000
1017.5000
1018.5000
1018.5000
1019.5000
1018.5000
1018.5000
1018.0000
1017.5000
1018.0000
1019.5000
1019.0000
1019.5000
1018.0000
1018.0000
1018.0000
1020.0000
1019.0000
1019.0000
1018.0000
1018.5000
1018.0000
1018.0000
1019.5000
1019.0000
1019.5000
1018.5000
1018.5000
1018.5000
1018.0000
1019.0000
1020.0000
1019.0000
1018.5000
1019.0000
1018.0000
1018.5000
1019.0000
1019.5000
1019.5000
1019.0000
1018.5000
1017.5000
1018.5000
1019.5000
1019.0000
1018.5000
1018.0000
1018.0000
1018.5000
1020.0000
1018.5000
1018.5000
1018.5000
1018.0000
1018.5000
1019.0000
1019.0000
1019.0000
1019.0000
1018.0000
1017.5000
1019.5000
1019.5000
1019.0000
1018.5000
1019.0000
1018.5000
1018.0000
1017.5000
1019.0000
1018.5000
1018.0000
1018.5000
1019.0000
1019.0000
1018.0000
1017.5000
1017.5000
1019.0000
1019.0000
1019.5000
1019.0000
1018.5000
1018.5000
1018.5000
1019.0000
1019.0000
1019.5000
1018.5000
1018.0000
1018.0000
1018.5000
1018.5000
1019.0000
1019.0000
1019.0000
1018.0000
1017.5000
1019.0000
1019.0000
1018.5000
1018.0000
1018.5000
1018.0000
1018.5000
1018.0000
1018.5000
1019.0000
1020.0000
1018.5000
1019.5000
1018.0000
1017.5000
1019.0000
1019.5000
1019.0000
1018.0000
1018.0000
1017.5000
1019.5000
1019.0000
1019.5000
1018.0000
1018.5000
1017.5000
1019.0000
1020.0000
1019.0000
1019.0000
1018.5000
1018.0000
1018.5000
1018.5000
1019.5000
1019.0000
1018.0000
1018.0000
1018.0000
1019.0000
1019.5000
1018.5000
1019.0000
1018.5000
1018.0000
1018.0000
1018.5000
1019.5000
1019.0000
1018.0000
1018.5000
1018.0000
1017.5000
1019.0000
1018.5000
1019.5000
1019.0000
1018.0000
1018.0000
1017.5000
1019.0000
1019.0000
1019.0000
1018.5000
1018.5000
1019.0000
1020.0000
1018.5000
1018.5000
1018.5000
1018.0000
1018.5000
1019.5000
1019.0000
1018.0000
1017.5000
1018.5000
1019.0000
1019.0000
1019.0000
1018.0000
1018.0000
1018.5000
1018.5000
1019.5000
1019.5000
1018.5000
1018.5000
1018.5000
1018.0000
1019.5000
1018.5000
1019.0000
1020.0000
1019.0000
1019.5000
1019.0000
1019.5000
1018.0000
1018.5000
1018.0000
1019.5000
1018.5000
1018.5000
1020.0000
1019.0000
1018.5000
1017.5000
1018.0000
1018.5000
1019.5000
1020.0000
1019.0000
1019.0000
1019.0000
1019.5000
1018.0000
1017.5000
1018.0000
1018.0000
1019.0000
1019.5000
1019.5000
1018.5000
1018.5000
1018.0000
1018.5000
1018.5000
1020.0000
1019.0000
