# 16 613 REAL CYTON_DAISY HEART 3
-24302.9623
-24297.0391
-24303.2753
-24308.6844
-24309.8467
-24292.0100
-24301.3754
-24306.1363
-24299.8331
-24300.2131
-24302.5600
-24303.7670
-24290.8700
-24309.6679
-24308.0362
-24310.5843
-24333.1819
-24316.3734
-24329.9632
-24340.0886
-24342.0332
-24329.9409
-24337.5405
-24336.3782
-24325.2917
-24328.1081
-24322.5872
-24319.3462
-24306.9633
-24306.6727
-24305.6222
-24307.9468
-24306.7398
-24300.6154
-24291.0265
-24290.7359
-24297.1285
-24288.5008
-24296.5250
-24293.8428
-24276.6990
-24292.5464
-24293.0605
-24297.1509
-24301.5989
-24296.3909
-24299.2296
-24309.3326
-24307.6786
-24309.7349
-24311.0984
-24305.9351
-24312.6406
-24298.3132
-24298.2461
-24298.8720
-24307.2539
-24310.3384
-24292.4123
-24302.0906
-24296.2792
-24298.3802
-24301.8000
-24293.1052
-24288.0984
-24295.3180
-24297.4191
-24287.2267
-24291.0489
-24298.2685
-24297.3073
-24299.0284
-24299.6096
-24297.8438
-24293.6193
-24305.8010
-24301.1742
-24293.6864
-24295.7427
-24298.1567
-24300.3248
-24298.5590
-24289.2607
-24298.3132
-24297.9332
-24299.9225
-24297.4862
-24289.9983
-24291.9429
-24300.5036
-24293.6193
-24298.4696
-24294.5134
-24292.4123
-24302.7612
-24293.3734
-24298.4249
-24302.7388
-24303.7894
-24299.8778
-24299.1625
-24301.6883
-24293.5076
-24293.7534
-24293.9546
-24293.8428
-24301.7330
-24299.3190
-24309.2432
-24302.2471
-24296.4580
-24293.5299
-24308.6844
-24305.9575
-24315.2782
-24302.6271
-24303.0964
-24311.6572
-24315.2782
-24304.2587
-24311.0313
-24302.7165
-24319.6144
-24315.1440
-24312.1936
-24316.6640
-24308.9973
-24323.7048
-24318.5192
-24314.0935
-24318.6309
-24309.7796
-24317.3792
-24316.7981
-24311.3442
-24308.7514
-24306.0022
-24315.8369
-24324.5765
-24311.7913
-24310.5619
-24307.3656
-24303.9011
-24312.2160
-24314.9652
-24314.1382
-24310.8972
-24311.0984
-24308.6844
-24307.2539
-24305.5775
-24299.9002
-24288.6572
-24273.7710
-24280.9906
-24272.0499
-24274.4862
-24268.2724
-24265.1432
-24263.5786
-24256.5378
-24256.3142
-24261.0752
-24259.5329
-24258.2812
-24261.7010
-24254.8390
-24257.3871
-24253.8109
-24252.8274
-24256.3366
-24244.5572
-24245.9207
-24247.5077
-24242.7020
-24246.7701
-24251.6427
-24246.9265
-24241.1598
-24243.4396
-24248.3347
-24242.3891
-24250.7710
-24252.4250
-24256.8060
-24244.9819
-24256.3366
-24251.0392
-24254.1461
-24248.5358
-24248.3570
-24254.8614
-24241.3386
-24243.3502
-24246.4795
-24236.7341
-24251.1510
-24247.9547
-24246.1889
-24248.8488
-24246.6136
-24251.8663
-24259.9352
-24254.5261
-24263.7350
-24254.7049
-24249.8546
-24248.2229
-24242.6573
-24245.3172
-24250.3687
-24253.0285
-24255.4872
-24245.4960
-24234.1860
-24234.8566
-24234.4766
-24238.6564
-24237.2259
-24241.7633
-24228.5534
-24223.7254
-24219.2104
-24228.9334
-24232.5320
-24232.7108
-24220.8420
-24229.5369
-24229.8051
-24237.7399
-24239.1928
-24226.4523
-24226.5641
-24230.0062
-24227.7264
-24224.6195
-24230.9674
-24224.2618
-24221.4455
-24224.6195
-24232.8226
-24227.7487
-24231.0791
-24225.8041
-24215.4106
-24222.5408
-24231.9285
-24232.1967
-24223.6807
-24222.5184
-24214.1812
-24222.9878
-24223.7925
-24229.6486
-24224.8206
-24216.0588
-24221.2444
-24222.4961
-24226.4300
-24235.1024
-24231.6826
-24228.5087
-24218.1822
-24224.0607
-24230.7662
-24223.6360
-24219.5456
-24218.0257
-24212.8625
-24219.7915
-24213.1977
-24224.7089
-24237.8517
-24218.0928
-24233.4931
-24237.0023
-24234.7672
-24242.9032
-24247.3065
-24247.5300
-24237.8517
-24242.1209
-24233.4708
-24235.4601
-24239.6398
-24242.9256
-24241.7633
-24244.2220
-24231.8838
-24217.0199
-24226.0723
-24235.6612
-24226.7652
-24234.3872
-24229.8274
-24230.2745
-24235.5718
-24237.9188
-24235.8848
-24227.5476
-24229.2016
-24227.3687
-24229.4922
-24227.1452
-24215.3659
-24219.8362
-24243.8867
-24238.4329
-24246.1219
-24254.4367
-24257.6554
-24251.9333
-24267.4231
-24250.6146
-24257.6777
-24266.5066
-24267.1772
-24268.8312
-24257.3201
-24260.7175
-24268.2948
-24275.8273
-24277.3696
-24283.0022
-24286.7126
-24285.2598
-24299.2743
-24295.3180
-24306.9633
-24290.4454
-24282.9799
-24292.2112
-24306.3375
-24291.2053
-24278.8448
-24284.6563
-24281.3706
-24285.3045
-24278.3307
-24282.0411
-24270.1500
-24265.2773
-24289.8866
-24274.6203
-24274.5309
-24268.2501
-24274.1956
-24278.5766
-24270.7982
-24276.6096
-24276.4979
-24275.0450
-24279.4483
-24278.0625
-24271.9605
-24285.7962
-24294.9381
-24290.1995
-24287.4502
-24277.1461
-24272.4969
-24273.9721
-24284.8127
-24287.4502
-24284.7010
-24275.7156
-24280.4318
-24279.8059
-24273.0557
-24283.8516
-24278.3531
-24294.9604
-24290.1101
-24283.9634
-24271.5805
-24275.9614
-24284.8351
-24287.6067
-24295.9662
-24275.3132
-24271.9158
-24276.5426
-24257.1860
-24266.9760
-24263.8915
-24266.9090
-24266.5290
-24276.2967
-24263.8468
-24276.2744
-24266.7525
-24253.9673
-24267.6019
-24266.4172
-24264.1374
-24269.0547
-24273.3016
-24267.0431
-24262.1481
-24255.2414
-24259.2423
-24263.4445
-24252.1345
-24269.0100
-24254.4367
-24250.1675
-24258.2812
-24262.9751
-24261.2540
-24253.0062
-24260.6952
-24266.6408
-24261.0528
-24258.2812
-24265.8361
-24259.3988
-24271.0217
-24263.2209
-24246.7701
-24253.0956
-24255.9119
-24266.3949
-24263.9138
-24266.8419
-24261.9022
-24260.2035
-24258.4377
-24265.7020
-24262.2598
-24267.9819
-24264.3832
-24253.1627
-24260.6281
-24261.6116
-24267.8925
-24265.6796
-24257.4989
-24253.9003
-24265.4561
-24265.7467
-24264.3832
-24259.4435
-24248.9158
-24253.6767
-24260.7622
-24255.8449
-24248.2229
-24237.4047
-24235.1695
-24246.3007
-24244.7360
-24250.9275
-24234.8566
-24232.7779
-24241.5621
-24246.3454
-24239.1034
-24246.6583
-24244.8478
-24239.8857
-24239.1705
-24240.4222
-24240.5786
-24229.8945
-24243.2385
-24244.5796
-24249.0052
-24249.1617
-24248.6700
-24252.1568
-24251.3075
-24237.9188
-24238.3881
-24240.2657
-24251.5980
-24258.5718
-24245.4737
-24237.3153
-24239.7293
-24244.8031
-24260.9411
-24246.1219
-24234.6107
-24248.9605
-24245.3172
-24252.8050
-24250.9498
-24257.9683
-24252.7603
-24250.1899
-24249.4076
-24258.6165
-24250.7710
-24258.4377
-24259.2200
-24259.1082
-24253.3638
-24268.1830
-24270.7982
-24259.4658
-24261.6116
-24266.6184
-24251.5086
-24264.2715
-24258.3483
-24254.2579
-24249.7205
-24250.0334
-24248.2900
-24253.2297
-24247.8876
-24250.8157
-24243.1714
-24243.8196
-24241.5621
-24247.0830
-24258.8400
-24254.3473
-24255.8002
-24261.2540
-24262.9751
-24266.1714
-24275.8050
-24266.4172
-24254.4144
-24263.6009
-24262.2598
-24264.2938
-24276.7661
-24256.2695
-24247.6641
-24244.5125
-24259.7788
-24270.7535
-24260.1587
-24258.1918
-24254.9731
-24247.2394
-24257.4095
-24257.7224
-24261.0081
-24255.4649
-24258.3259
-24253.7885
-24249.6534
-24257.5659
-24253.4756
-24259.2200
-24259.4658
-24261.1646
-24245.7419
-24245.5631
-24252.8274
-24248.7370
-24257.6106
-24259.4435
-24252.9168
-24251.1957
-24257.4542
-24250.1675
-24236.0859
-24246.8148
-24242.3444
-24250.1675
-24254.4367
-24255.2414
-24259.6447
-24253.7214
-24250.4357
-24253.3415
-24249.4523
-24264.7409
-24270.9099
-24270.2170
-24268.3395
-24249.6534
-24250.3687
-24249.9440
-24246.1889
-24251.8886
-24237.1365
-24242.5679
-24247.3736
-24242.8138
-24236.4883
-24243.5067
-24243.2832
-24241.0927
-24237.8741
-24249.8322
-24246.4571
-24247.2171
-24242.8361
-24244.2667
-24237.3600
-24238.1870
-24230.0062
-24230.3639
-24229.2239
-24231.8614
-24238.2987
-24228.1063
-24236.1083
-24222.6525
-24229.9839
-24225.3571
-24227.1229
-24231.9285
-24220.2832
-24233.9625
-24232.1520
-24226.7205
-24225.0218
-22079.2320
-22079.0979
-22072.1018
-22079.6120
-22080.2825
-22072.7053
-22073.9570
-22070.1572
-22067.0279
-22064.5022
-22058.9143
-22052.2087
-22034.3944
-22025.8560
-22018.0329
-22018.8823
-22029.6558
-22030.0805
-22012.6685
-22023.3973
-22033.7685
-22035.3108
-22039.2447
-22044.2515
-22034.6179
-22032.7404
-22038.2836
-22036.6743
-22032.9862
-22031.2651
-22035.0426
-22039.3118
-22035.4226
-22043.8268
-22032.8745
-22041.8599
-22046.0173
-22045.5032
-22045.0785
-22050.7782
-22040.6082
-22038.5965
-22042.6422
-22052.4322
-22050.4653
-22046.5090
-22049.5265
-22051.7617
-22062.5576
-22062.5799
-22069.9784
-22063.0940
-22066.1786
-22058.7354
-22056.3438
-22056.7461
-22059.7860
-22068.7490
-22055.6062
-22056.3214
-22053.6616
-22054.3098
-22060.9706
-22053.9298
-22049.3924
-22054.7345
-22064.1893
-22053.5498
-22052.0299
-22050.8229
-22050.8229
-22049.3030
-22051.7393
-22048.8113
-22050.0853
-22052.2981
-22049.1242
-22048.9901
-22047.9842
-22049.3477
-22051.5829
-22053.5722
-22060.9706
-22056.7908
-22052.7899
-22050.2418
-22055.0027
-22049.8171
-22048.3195
-22054.4663
-22044.9221
-22044.2292
-22040.8093
-22046.0173
-22046.8443
-22046.6878
-22046.8667
-22044.5868
-22049.7947
-22047.8948
-22047.4478
-22051.0017
-22047.8948
-22047.4925
-22050.5994
-22054.1980
-22051.4935
-22047.2466
-22049.4148
-22049.6159
-22047.7384
-22042.7539
-22043.7598
-22049.9736
-22048.8113
-22040.7646
-22047.1796
-22049.2583
-22048.3642
-22047.8278
-22052.3428
-22053.1251
-22060.3224
-22055.9191
-22060.4565
-22061.1718
-22059.2272
-22068.5479
-22064.9045
-22065.9551
-22064.7034
-22062.1553
-22067.8773
-22062.1776
-22060.7918
-22058.8248
-22058.6907
-22065.4186
-22069.6207
-22061.5518
-22059.5177
-22052.0076
-22049.1018
-22052.1640
-22047.9842
-22039.0659
-22032.0475
-22009.2263
-21998.5869
-21998.2740
-21991.2779
-21989.0427
-21984.3041
-21977.6210
-21984.0806
-21979.6773
-21984.2147
-21985.8464
-21994.7647
-22001.8502
-21993.1107
-21988.3721
-21988.9309
-22000.8444
-22009.7851
-22008.4440
-22002.5879
-22004.1748
-22001.2691
-22003.6607
-22006.1418
-22005.6500
-22005.1583
-22008.6452
-22006.7900
-22005.6277
-22009.0922
-22006.0747
-22010.2098
-22009.4945
-22007.0135
-22000.3527
-22007.2370
-22007.5946
-22006.3653
-22002.6996
-22002.3420
-22004.5548
-22010.0533
-22000.7327
-22003.5266
-22007.1923
-21999.9727
-21995.9047
-22003.2808
-21999.2798
-22011.7968
-22009.4275
-22005.0465
-22008.5334
-22010.9251
-22013.4508
-22022.5256
-22021.4080
-22013.3614
-22014.4790
-22011.3721
-22011.3944
-22009.1593
-22011.1709
-22016.3789
-22011.5286
-22014.1884
-22004.2195
-22004.5548
-22003.8172
-22000.2856
-22004.1301
-22004.8007
-22009.7404
-21996.2623
-22000.0398
-21990.0932
-21994.9659
-21997.5587
-22001.1573
-21990.7191
-21992.6860
-21992.1719
-21992.6860
-21996.7764
-21989.1545
-21984.8406
-21991.3896
-21990.8755
-21987.9475
-21991.9037
-21993.3789
-21985.3994
-21991.3226
-21991.1661
-21985.9582
-21981.6890
-21978.5821
-21977.4868
-21973.2847
-21979.4091
-21981.2866
-21977.5092
-21976.7269
-21975.3634
-21970.8931
-21975.5646
-21973.6870
-21974.6035
-21974.0447
-21975.8328
-21974.0000
-21970.5131
-21976.3246
-21974.6705
-21969.9320
-21971.9883
-21966.4004
-21972.7259
-21964.9028
-21969.1496
-21962.9582
-21961.6171
-21962.8018
-21960.0972
-21965.1263
-21982.0243
-21971.9436
-21965.3498
-21968.1438
-21974.6929
-21978.2915
-21990.9649
-21992.0825
-21981.3984
-21983.9018
-21978.8950
-21985.5335
-21981.4431
-21979.2303
-21979.2303
-21985.8017
-21976.3693
-21965.0593
-21963.9193
-21976.8833
-21970.7590
-21972.5024
-21965.6851
-21965.3275
-21970.5802
-21972.3012
-21964.3664
-21966.3557
-21967.1603
-21966.8474
-21965.1040
-21961.0360
-21963.6511
-21963.2935
-21969.4402
-21966.6686
-21962.3100
-21970.6025
-21968.3897
-21966.4674
-21977.3751
-21965.7745
-21968.3897
-21968.3450
-21968.0321
-21972.3236
-21962.7123
-21961.3265
-21961.4830
-21958.4655
-21953.4811
-21944.2498
-21931.0623
-21928.6706
-21938.8630
-21937.2314
-21940.5394
-21934.3703
-21927.8213
-21927.7989
-21952.8552
-21945.3003
-21930.4588
-21930.3023
-21940.4277
-21941.0759
-21943.8251
-21943.7804
-21942.5511
-21953.0117
-21959.2702
-21948.0943
-21951.0000
-21955.8057
-21959.5384
-21962.9806
-21957.9961
-21969.4626
-21973.6200
-21983.0301
-21981.5996
-21983.6783
-21980.8843
-21993.7142
-21999.4586
-21998.3634
-21995.6588
-21988.1710
-21984.6618
-21974.7376
-21988.7968
-21990.3615
-21989.9368
-21992.1049
-21991.6131
-21989.8027
-21985.7346
-21999.2127
-21995.5024
-21995.8153
-21996.6870
-21989.5791
-21981.6666
-21992.1272
-21990.2497
-21992.0378
-21998.3857
-21988.6180
-21979.2079
-21984.6618
-21973.6423
-21980.0796
-21974.0447
-21982.5830
-21982.8736
-21994.4965
-21984.0136
-21991.6579
-21987.3216
-21990.2497
-21993.1331
-21989.2215
-21984.7288
-21988.6627
-21990.9873
-21987.0310
-21991.2555
-21982.2925
-21975.7434
-21976.9728
-21974.7823
-21992.5072
-21981.3313
-21974.0894
-21973.0165
-21977.6657
-21978.7385
-21976.7716
-21979.6326
-21981.3760
-21978.0456
-21975.2070
-21987.3887
-21975.3634
-21978.2245
-21976.0787
-21969.8649
-21972.6365
-21972.9718
-21978.7609
-21971.3848
-21977.8668
-21980.2361
-21973.7318
-21976.7939
-21981.1525
-21985.4664
-21986.8522
-21993.2895
-21985.8688
-21973.2847
-21972.0330
-21979.5209
-21986.7628
-21976.0787
-21979.0738
-21977.1739
-21971.7201
-21971.7648
-21977.8892
-21970.7143
-21977.5092
-21974.8493
-21974.6705
-21972.6589
-21964.4781
-21965.6404
-21975.5422
-21974.0223
-21973.7541
-21962.2877
-21962.3547
-21962.1312
-21966.5792
-21961.7289
-21955.8727
-21954.3751
-21951.9165
-21960.2984
-21956.4762
-21958.5102
-21958.5549
-21948.6531
-21957.0797
-21960.0301
-21957.1021
-21961.5948
-21960.2313
-21955.6715
-21946.0379
-21948.7872
-21950.9777
-21959.0243
-21957.7279
-21954.8669
-21948.0720
-21951.9165
-21946.9320
-21960.4548
-21953.5258
-21951.0000
-21945.6133
-21947.9378
-21948.7425
-21949.0778
-21963.4276
-21952.3635
-21947.6026
-21944.2498
-21959.6278
-21953.6599
-21956.1186
-21954.5540
-21951.4024
-21952.2070
-21958.8008
-21960.0972
-21953.7046
-21956.2974
-21960.2984
-21955.9621
-21965.7522
-21958.7784
-21953.8611
-21955.0904
-21959.7396
-21964.7240
-21950.9330
-21948.4296
-21955.6492
-21950.8883
-21948.6307
-21951.0447
-21952.7658
-21949.2789
-21944.4957
-21942.3052
-21944.6968
-21942.3723
-21944.2051
-21956.3868
-21946.5744
-21937.4549
-21941.2770
-21943.2663
-21940.5171
-21941.7911
-21933.1410
-21936.0020
-21932.6940
-21939.4665
-21942.9534
-21935.6891
-21939.1536
-21937.1419
-21930.3023
-21934.4597
-21935.5773
-21931.5317
-21930.7046
-21934.3033
-21936.4490
-21923.6191
-21925.4967
-21921.7863
-21923.7533
-21931.0399
-21933.6998
-21926.2119
-21923.0827
-21917.2265
-21916.0419
-21932.1128
-21929.2741
-21919.7076
-21916.2431
-21921.4063
-21919.7970
-21906.7883
-21919.0817
-21916.4666
-21912.7785
-21918.0089
-21921.6298
-21925.3849
-21920.2217
-21924.4238
-21919.6852
-21916.0866
-21925.7202
-21928.6706
-21930.8388
-21936.4043
-21919.3276
-21916.8913
-21913.0244
-21916.5783
-21923.1721
-21914.7679
-21913.3820
-21913.2479
-21912.0409
-21914.3432
-21922.4345
-21921.2499
-21914.5220
-21915.8854
-21921.1157
-21911.7057
-21911.6610
-21913.3150
-21908.7999
-21903.8826
-21904.3296
-21903.4132
-21902.4967
-21894.3607
-21888.9963
-21900.2169
-21895.0983
-21895.7912
-21885.1965
-21887.1634
-21887.2752
-21895.0983
-21892.4385
-21887.6999
-21889.4657
-21887.5658
-21884.0566
-21887.6328
-63758.9099
-63761.6815
-63756.2276
-63758.7757
-63761.5921
-63750.8409
-63753.7242
-63749.6339
-63746.8623
-63741.4308
-63736.4463
-63719.1237
-63688.8818
-63665.9489
-63657.0753
-63656.9859
-63663.9820
-63669.3688
-63661.9256
-63678.7341
-63686.5796
-63695.5650
-63702.6058
-63709.7584
-63703.9469
-63708.7749
-63710.7865
-63717.3133
-63719.0343
-63715.7039
-63719.0567
-63728.3103
-63723.1247
-63736.5805
-63722.3424
-63732.5795
-63739.6203
-63743.2860
-63743.9342
-63748.6280
-63737.9216
-63747.3764
-63749.2763
-63759.1110
-63761.3909
-63757.5911
-63757.8370
-63756.9429
-63761.1227
-63760.8992
-63766.0848
-63761.1003
-63761.3685
-63748.6728
-63749.3657
-63748.7175
-63755.1548
-63757.6805
-63748.4492
-63746.6611
-63740.5814
-63737.9439
-63744.6271
-63736.7146
-63733.4736
-63738.1227
-63747.4658
-63733.4959
-63737.4075
-63733.6971
-63740.2461
-63743.4871
-63746.5940
-63747.9575
-63748.1363
-63756.6523
-63750.3938
-63751.3326
-63747.0858
-63748.2034
-63746.8176
-63751.3773
-63755.3559
-63758.6863
-63753.6795
-63752.2490
-63753.9701
-63754.6630
-63747.2869
-63754.9536
-63749.7680
-63748.2257
-63744.2918
-63749.9021
-63759.5581
-63757.8370
-63756.0265
-63753.0313
-63757.9487
-63758.6640
-63762.4191
-63761.3909
-63759.7145
-63757.1441
-63760.5415
-63765.7718
-63767.2471
-63764.3413
-63768.6552
-63769.5940
-63766.9341
-63763.5590
-63765.3919
-63770.1751
-63774.5114
-63768.1411
-63773.6844
-63779.2499
-63768.0294
-63766.5541
-63771.0916
-63767.6717
-63775.7184
-63769.6610
-63769.1022
-63771.5386
-63763.7378
-63778.1994
-63772.9020
-63780.0099
-63765.4366
-63765.9954
-63771.1810
-63769.2140
-63761.8603
-63760.7874
-63756.5629
-63768.7223
-63770.1751
-63760.4074
-63758.5522
-63760.7650
-63747.5105
-63749.9692
-63742.0119
-63731.9760
-63719.2579
-63680.9470
-63664.0490
-63651.8226
-63643.1055
-63639.5068
-63645.2065
-63631.7508
-63645.1395
-63643.1949
-63654.0131
-63659.4669
-63673.2133
-63679.1141
-63674.8673
-63673.2580
-63683.0927
-63686.3114
-63699.0519
-63703.2093
-63697.0402
-63696.3026
-63697.8225
-63702.2482
-63708.6855
-63715.1004
-63708.1714
-63716.3968
-63716.5086
-63718.3638
-63723.2141
-63727.0810
-63726.0751
-63729.8749
-63731.5960
-63737.2287
-63731.1937
-63733.0265
-63730.9702
-63732.1101
-63734.3006
-63737.3404
-63742.2802
-63739.6203
-63741.5202
-63745.4094
-63730.7243
-63734.3006
-63740.2908
-63734.9935
-63743.5095
-63733.9877
-63727.9974
-63731.7972
-63733.5183
-63728.9138
-63744.0906
-63743.8224
-63731.5513
-63730.8584
-63735.1276
-63726.2093
-63731.1043
-63732.2219
-63740.4026
-63734.9488
-63737.3404
-63734.0324
-63731.4172
-63727.1480
-63727.5951
-63735.4629
-63724.6446
-63726.5445
-63719.7496
-63718.4755
-63712.6864
-63718.0285
-63721.8507
-63726.0751
-63722.4765
-63729.8973
-63731.9089
-63736.8710
-63735.3735
-63733.4512
-63726.9469
-63733.5183
-63734.9488
-63724.8234
-63727.8186
-63730.7690
-63720.9566
-63725.1140
-63730.0985
-63727.7739
-63723.8847
-63721.1131
-63721.3589
-63716.7098
-63730.8361
-63721.7836
-63720.6660
-63719.7943
-63716.9556
-63720.4649
-63719.2802
-63721.5824
-63724.7564
-63715.1228
-63724.9352
-63726.7233
-63731.7078
-63723.3929
-63726.5892
-63724.2870
-63727.4609
-63719.1685
-63724.5776
-63719.5931
-63721.0236
-63717.1568
-63716.6874
-63718.4308
-63720.0402
-63719.5037
-63735.3064
-63724.8905
-63721.7613
-63713.7146
-63711.4795
-63716.8662
-63725.2705
-63727.6398
-63715.6145
-63718.5426
-63711.9265
-63722.8341
-63717.1344
-63720.5543
-63720.7554
-63729.0032
-63715.5922
-63706.0256
-63707.7914
-63720.4425
-63716.5309
-63720.4201
-63709.8701
-63712.4182
-63719.2802
-63727.1704
-63716.6874
-63715.3016
-63711.1442
-63710.2054
-63709.0208
-63707.6126
-63712.6194
-63719.2802
-63723.2141
-63714.9887
-63721.5601
-63731.1266
-63734.1888
-63729.2938
-63740.1344
-63730.8808
-63736.2675
-63736.8263
-63746.3482
-63752.0926
-63738.9944
-63740.6485
-63741.2967
-63733.1830
-63715.4357
-63693.8886
-63670.8663
-63662.5068
-63667.6700
-63666.8430
-63670.2852
-63665.5466
-63661.3892
-63668.6982
-63696.1685
-63693.2851
-63678.5777
-63682.8022
-63691.8099
-63694.6039
-63700.0354
-63699.1189
-63703.2540
-63715.9051
-63728.8915
-63729.4055
-63731.0372
-63733.5406
-63739.0839
-63741.0508
-63729.2491
-63734.5241
-63739.0392
-63743.2413
-63743.2189
-63748.9186
-63743.5766
-63754.9759
-63761.4356
-63759.6475
-63761.3462
-63752.3384
-63751.6902
-63747.0858
-63758.7534
-63755.5571
-63758.5746
-63751.6455
-63753.3443
-63749.9692
-63747.2422
-63755.8030
-63758.6640
-63763.5143
-63765.9954
-63755.8477
-63743.0178
-63749.2092
-63745.4765
-63748.2257
-63767.0682
-63758.6416
-63738.3686
-63752.1596
-63740.8943
-63749.1868
-63744.6941
-63756.4959
-63757.5687
-63774.2431
-63758.6640
-63773.9302
-63768.9234
-63768.9011
-63774.2879
-63775.5396
-63765.0789
-63773.0138
-63778.0653
-63778.1324
-63779.2276
-63772.6562
-63763.6037
-63764.4978
-63762.2850
-63779.5182
-63775.5172
-63766.1295
-63773.8855
-63762.9332
-63769.3034
-63768.5882
-63773.9079
-63776.7242
-63774.8690
-63771.9409
-63786.0449
-63773.5502
-63781.4404
-63782.0663
-63781.2392
-63776.3666
-63775.7631
-63782.3568
-63776.3889
-63779.2723
-63777.7077
-63766.1071
-63764.7884
-63767.7611
-63770.2869
-63777.0371
-63783.7873
-63767.8729
-63753.2102
-63753.1655
-63763.2014
-63773.5279
-63766.0401
-63767.0682
-63768.3423
-63767.6270
-63764.9001
-63769.4152
-63754.3724
-63762.4414
-63751.4891
-63751.3773
-63747.9351
-63744.4483
-63747.7563
-63759.6475
-63762.1509
-63751.6455
-63737.2510
-63740.1791
-63743.3307
-63753.1208
-63746.1247
-63745.0071
-63741.9896
-63730.0985
-63736.7369
-63738.2121
-63739.5309
-63744.3589
-63744.1130
-63750.3044
-63756.0712
-63746.4823
-63753.3666
-63758.3287
-63757.4793
-63744.3142
-63750.5279
-63735.8652
-63748.6504
-63756.8088
-63760.8321
-63756.6747
-63755.4677
-63756.0488
-63769.8846
-63769.1917
-63767.0235
-63754.9312
-63762.6202
-63756.9653
-63755.6018
-63769.0128
-63755.7806
-63754.9536
-63750.1033
-63765.7942
-63762.3967
-63766.2859
-63764.0508
-63764.8554
-63762.0838
-63767.4706
-63769.3481
-63771.1139
-63753.5007
-63762.8885
-63758.8651
-63765.8612
-63752.6737
-63752.6514
-63754.5066
-63754.8418
-63756.1829
-63746.2141
-63749.6115
-63743.2413
-63742.5260
-63735.8652
-63737.6757
-63744.7388
-63741.4308
-63740.3579
-63743.7777
-63745.2082
-63743.8671
-63748.5833
-63758.6863
-63749.4551
-63737.7428
-63743.2413
-63749.3433
-63753.0090
-63758.7981
-63741.6990
-63736.3793
-63736.6922
-63748.0469
-63755.1995
-63749.6339
-63751.6902
-63745.9458
-63734.7923
-63741.1626
-63747.8010
-63745.0294
-63755.5124
-63745.9011
-63746.8176
-63737.2510
-63744.7612
-63740.9167
-63750.1033
-63748.7175
-63753.7019
-63741.0285
-63739.3744
-63737.5192
-63746.0576
-63759.0216
-63758.7757
-63744.3142
-63741.2073
-63744.1353
-63741.2296
-63731.2607
-63740.8049
-63741.5425
-63731.4843
-63743.9565
-63747.8904
-63749.4327
-63741.0061
-63743.5319
-63739.5756
-63737.3851
-63746.8176
-63752.2490
-63748.6951
-63752.6514
-63731.3054
-63730.8808
-63722.5212
-63730.2773
-63737.7875
-63727.1704
-63721.4707
-63720.1519
-63717.7826
-63718.9226
-63727.6174
-63729.4503
-63725.7622
-63721.0236
-63728.2209
-63719.8837
-63722.8788
-63723.8847
-63728.5562
-63719.0567
-63717.9391
-63709.7807
-63713.9605
-63711.7253
-63714.6758
-63724.3094
-63716.6874
-63714.0052
-63704.2598
-63704.5504
-63705.2210
-63711.9935
-63710.7418
-63703.2764
-63707.2773
-63704.4610
-63700.9071
-63706.4280
-95768.8207
-95764.9986
-95751.9452
-95764.7974
-95764.0375
-95746.7596
-95759.7459
-95758.1142
-95759.1871
-95751.7887
-95740.0317
-95721.9938
-95689.1144
-95673.6694
-95656.3915
-95647.8531
-95631.3575
-95650.0659
-95655.1398
-95660.0124
-95643.2263
-95681.9172
-95699.7091
-95688.7344
-95681.9172
-95687.0134
-95702.9278
-95709.1639
-95717.9482
-95707.4652
-95715.3777
-95714.6401
-95726.6430
-95734.1979
-95728.1629
-95721.7033
-95738.5341
-95738.7576
-95747.0725
-95748.4359
-95736.2095
-95747.5866
-95740.2999
-95745.8878
-95753.2192
-95754.0015
-95756.2144
-95753.7333
-95744.3679
-95754.2921
-95759.0977
-95762.2270
-95758.7177
-95755.8344
-95751.6099
-95748.4806
-95752.1463
-95766.7644
-95743.7868
-95761.0423
-95750.7382
-95750.6935
-95746.1561
-95739.6070
-95744.3009
-95740.3893
-95754.5603
-95735.8966
-95747.0054
-95738.2435
-95738.7576
-95736.8130
-95748.6371
-95743.1833
-95747.1172
-95749.1736
-95745.1055
-95744.1891
-95746.0443
-95742.1775
-95740.9258
-95750.3135
-95744.2562
-95747.2066
-95746.2231
-95748.9724
-95745.8655
-95735.3602
-95741.6410
-95752.9733
-95755.6556
-95750.6264
-95748.1454
-95745.7314
-95752.9510
-95743.2503
-95746.5137
-95750.8499
-95755.2309
-95751.4311
-95746.9160
-95750.8276
-95748.1230
-95757.1308
-95763.0316
-95744.7032
-95758.5166
-95751.0064
-95749.1288
-95745.8655
-95750.2688
-95760.7741
-95758.8519
-95763.0987
-95760.5282
-95758.7401
-95758.0025
-95770.3630
-95754.4709
-95765.0656
-95767.7926
-95762.4281
-95772.8664
-95764.7751
-95772.1288
-95769.5583
-95749.1288
-95774.5204
-95759.8353
-95756.5273
-95759.8577
-95758.8742
-95765.3786
-95755.8567
-95757.4437
-95751.0064
-95742.6021
-95766.0044
-95761.3105
-95750.6935
-95748.8383
-95742.8480
-95749.7547
-95743.2727
-95723.8043
-95706.3029
-95683.7723
-95664.0134
-95644.5674
-95626.0154
-95622.1039
-95615.9572
-95622.5062
-95619.5558
-95634.5538
-95640.0300
-95636.2972
-95649.5518
-95668.9978
-95651.1612
-95650.3788
-95661.8676
-95685.5828
-95691.8413
-95688.7121
-95692.0201
-95682.6995
-95692.9142
-95689.0027
-95699.3739
-95704.1124
-95709.2533
-95704.8277
-95715.6459
-95720.4069
-95720.4739
-95734.1755
-95724.2961
-95727.9170
-95732.1192
-95733.3485
-95741.5740
-95724.4525
-95726.6653
-95736.4778
-95725.4136
-95735.9637
-95746.2231
-95742.6021
-95730.9345
-95734.2873
-95750.9840
-95740.0317
-95730.8228
-95724.9890
-95739.8305
-95751.8781
-95739.1600
-95742.9821
-95741.2163
-95730.3534
-95730.5769
-95738.5341
-95745.9325
-95742.6915
-95736.0531
-95730.8675
-95731.3592
-95730.5545
-95732.6780
-95729.4146
-95738.9588
-95746.1561
-95728.3641
-95732.0968
-95724.5419
-95727.2465
-95731.7392
-95721.6809
-95721.3456
-95724.7654
-95721.4797
-95708.2922
-95718.6187
-95716.8529
-95717.2776
-95716.3165
-95718.5740
-95716.0483
-95724.5643
-95724.6090
-95707.5770
-95703.7995
-95719.7363
-95721.9268
-95704.4924
-95715.1765
-95713.3214
-95699.3292
-95698.7033
-95726.9783
-95709.0075
-95708.0910
-95708.8063
-95702.7713
-95704.0677
-95709.0745
-95712.2038
-95702.0784
-95692.4672
-95710.1698
-95710.8403
-95703.4195
-95709.4992
-95702.1231
-95720.8762
-95719.3787
-95708.3146
-95690.5449
-95701.7879
-95712.7402
-95703.2407
-95706.5488
-95699.2398
-95697.7645
-95699.5750
-95708.0016
-95696.4681
-95695.9093
-95710.5050
-95701.6984
-95698.4127
-95715.6012
-95721.3456
-95712.1144
-95697.8763
-95704.1795
-95694.8365
-95709.8568
-95705.6994
-95706.3700
-95695.2164
-95697.7422
-95706.7499
-95689.4944
-95698.3233
-95699.1056
-95706.3476
-95700.3797
-95678.6314
-95682.9677
-95695.5294
-95701.7431
-95700.1785
-95670.6295
-95685.7169
-95692.1095
-95712.3155
-95692.7130
-95677.7821
-95661.5547
-95675.8598
-95686.8569
-95685.9405
-95684.7111
-95689.5167
-95669.1767
-95686.0746
-95692.0872
-95693.3612
-95700.1785
-95696.5799
-95700.4020
-95677.0892
-95695.9540
-95692.7354
-95695.8646
-95699.9327
-95686.6334
-95690.2096
-95686.0075
-95669.0649
-95653.1281
-95630.0611
-95607.4188
-95596.9805
-95598.9475
-95585.1565
-95586.7211
-95598.2769
-95611.4421
-95602.6355
-95625.5684
-95623.0203
-95613.7220
-95623.1321
-95621.1428
-95632.2069
-95633.1903
-95639.1136
-95640.5664
-95634.2856
-95679.9278
-95677.4692
-95671.0542
-95657.8890
-95669.1767
-95669.3778
-95684.2864
-95689.4273
-95700.9608
-95689.8297
-95676.9998
-95692.9813
-95683.7723
-95688.4215
-95696.8034
-95694.7918
-95704.4477
-95703.0396
-95705.3194
-95691.7072
-95701.8102
-95703.4419
-95697.8763
-95694.6576
-95699.4856
-95697.2057
-95690.2991
-95701.8326
-95683.2359
-95695.2388
-95689.1368
-95689.9638
-95688.3321
-95686.0522
-95689.2932
-95695.7976
-95705.2524
-95692.6683
-95694.2330
-95700.7820
-95687.2816
-95695.2611
-95686.5663
-95694.2777
-95719.2669
-95724.1843
-95704.4254
-95709.5216
-95705.7441
-95690.4108
-95711.2426
-95717.9705
-95708.9851
-95702.9725
-95713.3661
-95719.4010
-95721.5691
-95705.5653
-95710.3486
-95706.9511
-95707.8675
-95729.8616
-95717.8811
-95713.6343
-95711.2426
-95711.3097
-95713.0978
-95716.9423
-95714.4166
-95706.5264
-95699.7985
-95705.2524
-95708.3593
-95713.5896
-95717.9258
-95703.3972
-95714.1484
-95714.1037
-95711.2426
-95735.3602
-95727.3359
-95703.5536
-95729.7499
-95709.8792
-95705.3194
-95714.3048
-95716.7635
-95719.4457
-95716.8529
-95719.6916
-95701.0502
-95696.8481
-95699.4633
-95711.4438
-95698.8151
-95684.7111
-95712.9861
-95710.0356
-95698.3010
-95698.8598
-95677.8491
-95678.0056
-95705.1853
-95702.0561
-95698.8821
-95688.0415
-95689.8073
-95675.1669
-95695.8870
-95694.5235
-95670.4954
-95694.5235
-95687.8404
-95701.5867
-95693.6295
-95693.9200
-95685.9852
-95681.6713
-95689.5391
-95681.2913
-95672.8200
-95681.2690
-95670.5178
-95688.9132
-95691.5061
-95673.7141
-95672.4177
-95672.2836
-95689.5838
-95684.8899
-95683.3700
-95681.0454
-95683.0794
-95682.6324
-95686.9239
-95700.0891
-95694.6800
-95688.3098
-95687.1922
-95687.0581
-95682.3195
-95690.5673
-95692.5119
-95683.9065
-95691.5508
-95699.8656
-95680.8443
-95679.6149
-95677.4468
-95667.0309
-95697.4740
-95685.8734
-95697.7422
-95687.7286
-95689.3379
-95689.1591
-95699.9774
-95691.3719
-95689.7626
-95689.2709
-95688.5780
-95689.9861
-95685.3370
-95676.6868
-95682.7889
-95679.5255
-95685.3146
-95675.3234
-95665.8462
-95663.2087
-95681.1125
-95667.1426
-95667.1650
-95675.2116
-95669.9143
-95667.6791
-95665.5557
-95666.8074
-95663.1417
-95673.6470
-95691.6402
-95672.1718
-95651.8988
-95663.3429
-95667.0756
-95658.5596
-95682.9230
-95676.0610
-95660.5042
-95661.2641
-95670.4731
-95668.1261
-95664.0805
-95670.2719
-95657.1961
-95660.7501
-95661.7559
-95643.0251
-95665.3992
-95667.7238
-95664.7287
-95659.3866
-95659.1407
-95669.8472
-95652.5470
-95657.3079
-95646.8920
-95652.9269
-95668.4167
-95664.5946
-95671.0989
-95662.9405
-95650.7588
-95648.4342
-95652.7258
-95634.1738
-95675.7928
-95677.0892
-95660.2360
-95665.7121
-95655.2292
-95636.5655
-95647.2719
-95656.3691
-95662.8735
-95665.6451
-95669.0202
-95657.5090
-95655.5421
-95655.0280
-95657.1961
-95661.1747
-95664.0358
-95651.6976
-95659.3195
-95648.4566
-95648.9483
-95669.8249
-95650.9823
-95643.1369
-95653.0387
-95646.0873
-95636.4984
-95644.5674
-95638.1748
-95636.0514
-95642.7122
-95666.9638
-95645.8191
-95627.8259
-95632.9892
-95628.9435
-95629.0106
-95634.1962
-95634.3079
-95629.7705
-95621.3886
-95623.8026
-95629.4353
-95611.7550
-95636.8560
-95629.6364
-95626.1048
-95624.7861
-95628.5188
-95632.1398
-95620.6957
-95618.5053
-95621.5451
-95625.9484
-95627.5577
-8963.6307
-8967.9893
-8958.3557
-8967.2517
-8964.5024
-8951.3819
-8957.9757
-8958.3557
-8953.2818
-8948.9679
-8936.9427
-8915.9991
-8884.9525
-8860.0974
-8846.2170
-8842.1936
-8847.2675
-8850.8214
-8847.2898
-8860.0303
-8867.0935
-8877.2635
-8888.8194
-8894.8320
-8890.1605
-8894.3403
-8896.0166
-8902.1410
-8907.6619
-8902.4316
-8909.7183
-8917.6978
-8912.7581
-8925.3645
-8915.3062
-8923.5093
-8932.4276
-8931.8912
-8933.8581
-8937.5015
-8925.2751
-8930.0136
-8933.2099
-8945.3693
-8943.2682
-8944.5646
-8944.6540
-8942.1506
-8941.0331
-8937.4791
-8946.3751
-8945.8610
-8945.0340
-8935.1769
-8934.0817
-8934.0593
-8936.9427
-8944.4082
-8934.2828
-8934.5734
-8923.2634
-8919.5977
-8920.2236
-8917.4296
-8911.4617
-8915.2391
-8922.3023
-8907.7066
-8908.3325
-8904.3762
-8910.8359
-8915.9991
-8921.1177
-8919.5083
-8921.8776
-8926.1244
-8920.9388
-8922.7270
-8918.0555
-8916.5579
-8919.2401
-8918.8825
-8923.3081
-8925.0739
-8925.1410
-8921.0730
-8920.5589
-8918.4354
-8913.3840
-8917.8543
-8915.5074
-8910.2324
-8904.9126
-8910.5229
-8919.2848
-8920.9165
-8917.8319
-8918.6366
-8921.2741
-8926.3256
-8927.8008
-8927.4432
-8924.9398
-8924.0234
-8922.1458
-8929.3878
-8927.4879
-8924.1351
-8926.0574
-8931.1089
-8925.1633
-8924.6269
-8927.5773
-8937.5015
-8941.2789
-8939.8708
-8940.8319
-8939.0885
-8937.8591
-8933.2099
-8939.7590
-8936.7862
-8945.9951
-8937.6579
-8938.3956
-8942.7765
-8936.9427
-8948.5656
-8944.2741
-8942.3742
-8936.9650
-8938.4850
-8940.7201
-8933.1652
-8930.6171
-8927.8008
-8924.8280
-8933.3888
-8936.5180
-8925.0516
-8928.8514
-8923.9563
-8917.2955
-8914.8815
-8909.0477
-8893.7591
-8875.4530
-8832.0012
-8814.7010
-8801.2229
-8793.8915
-8793.8915
-8793.6904
-8791.2987
-8803.4581
-8807.3696
-8808.5543
-8819.4396
-8831.7330
-8837.7680
-8836.0246
-8834.3482
-8845.2111
-8857.0576
-8862.6902
-8871.5415
-8865.2830
-8867.6970
-8871.6979
-8880.1022
-8882.5162
-8875.5424
-8882.1362
-8892.3510
-8894.2509
-8891.0993
-8896.6648
-8902.6998
-8907.6843
-8913.8757
-8920.8494
-8914.6804
-8917.5637
-8914.0769
-8916.4014
-8920.4024
-8927.3761
-8930.3042
-8938.1497
-8925.6104
-8928.1361
-8941.4801
-8936.0039
-8933.2770
-8934.8193
-8925.9009
-8938.7085
-8935.1545
-8929.6784
-8932.8747
-8927.5550
-8924.9398
-8938.5744
-8942.4859
-8934.3722
-8934.1711
-8932.0924
-8934.9087
-8930.8407
-8936.4733
-8940.9437
-8943.0000
-8940.7872
-8938.8873
-8934.7969
-8934.3052
-8936.4510
-8936.0933
-8932.0477
-8931.0418
-8926.9962
-8924.8057
-8917.4743
-8919.6871
-8921.2965
-8927.6667
-8923.2411
-8929.4102
-8931.3995
-8936.2051
-8944.0729
-8935.7804
-8927.5550
-8932.6512
-8932.9864
-8931.9359
-8934.6628
-8928.4937
-8928.9855
-8930.0360
-8935.4675
-8931.2877
-8929.3654
-8924.3587
-8925.5209
-8924.3363
-8934.1487
-8932.8300
-8927.5550
-8928.9408
-8921.7212
-8924.3363
-8925.3198
-8932.9194
-8928.9631
-8923.5763
-8929.8572
-8932.2041
-8929.2760
-8930.2148
-8935.2216
-8926.8844
-8926.6609
-8922.6599
-8927.5550
-8929.9242
-8928.1137
-8923.3305
-8921.3412
-8933.2547
-8926.6832
-8933.0088
-8942.9330
-8929.4549
-8932.5617
-8923.4199
-8920.6483
-8925.6774
-8935.0204
-8936.2945
-8923.7328
-8926.8844
-8925.4539
-8930.4160
-8926.9515
-8926.8173
-8932.6065
-8939.5802
-8925.1857
-8914.8592
-8922.7493
-8929.7007
-8925.9903
-8924.6492
-8914.2780
-8913.6522
-8923.7328
-8931.9359
-8923.7552
-8918.5919
-8912.3558
-8907.7960
-8906.0079
-8910.2100
-8911.8417
-8920.0001
-8915.6862
-8906.9914
-8912.4899
-8926.0797
-8925.1186
-8922.3917
-8930.0584
-8924.2469
-8929.1419
-8930.9077
-8937.8368
-8941.8601
-8927.9573
-8931.4442
-8926.7056
-8921.7659
-8902.1634
-8875.4754
-8842.7748
-8836.9186
-8839.9138
-8840.7631
-8845.0547
-8840.1149
-8829.8555
-8836.3598
-8868.1217
-8866.8253
-8851.8719
-8850.6873
-8862.6902
-8863.6737
-8876.9953
-8875.6542
-8878.4705
-8883.9691
-8904.0856
-8907.8407
-8920.6706
-8918.6590
-8921.9447
-8923.4869
-8915.3286
-8919.9107
-8925.0516
-8933.7017
-8936.9874
-8945.0564
-8935.9369
-8941.3460
-8947.6268
-8953.6171
-8958.9815
-8951.4266
-8946.3081
-8945.3469
-8947.0010
-8947.4480
-8946.3751
-8946.5763
-8949.6832
-8947.1127
-8943.0447
-8951.0466
-8946.5539
-8955.0029
-8956.7687
-8952.0078
-8935.5792
-8940.2284
-8931.9135
-8940.3402
-8964.0777
-8958.0427
-8946.3081
-8953.4159
-8936.4510
-8941.5919
-8943.1118
-8959.6074
-8968.3692
-8980.8415
-8961.7978
-8969.8892
-8969.9339
-8960.0544
-8970.5597
-8964.6812
-8965.9553
-8969.8221
-8982.5626
-8986.2506
-8992.1291
-8981.6015
-8971.4761
-8969.8445
-8967.4528
-8985.3119
-8983.2779
-8973.6666
-8978.8522
-8976.3041
-8974.8512
-8971.5879
-8972.9737
-8980.7968
-8974.5383
-8975.0748
-8985.7589
-8974.9854
-8982.2944
-8986.2953
-8981.4003
-8981.0874
-8980.7745
-8988.5305
-8978.6063
-8979.9698
-8980.3721
-8977.3546
-8975.9018
-8978.1146
-8978.1370
-8979.2098
-8981.3333
-8978.0923
-8971.4985
-8973.9572
-8974.4936
-8977.9358
-8965.8435
-8972.5043
-8988.8211
-8992.2856
-8983.2108
-8973.6219
-8963.6307
-8969.5092
-8973.6219
-8980.3498
-8975.6783
-8960.8144
-8957.7075
-8962.8037
-8965.5753
-8969.5762
-8956.7016
-8956.8804
-8958.2215
-8966.4917
-8959.7862
-8964.7706
-8963.4072
-8957.7075
-8956.2993
-8951.2255
-8950.6667
-8955.5617
-8949.6832
-8959.1156
-8968.4139
-8964.2118
-8963.2954
-8969.9115
-8965.8211
-8954.5782
-8956.6569
-8958.6462
-8967.7657
-8975.2089
-8972.6384
-8969.5539
-8971.4761
-8976.9523
-8987.0329
-8981.1097
-8974.3148
-8957.3498
-8963.8095
-8967.7434
-8971.9008
-8984.9319
-8973.0408
-8963.0719
-8960.3003
-8976.1029
-8974.8512
-8980.1039
-8977.0417
-8972.3926
-8980.3721
-8985.6248
-8989.9610
-8985.8036
-8982.2050
-8989.7375
-8988.4858
-8989.1564
-8976.3935
-8973.2866
-8974.1360
-8976.5723
-8977.3546
-8974.6948
-8965.3518
-8962.8037
-8961.4626
-8957.1040
-8956.6346
-8966.6035
-8957.5733
-8960.8144
-8962.4684
-8963.5860
-8963.8318
-8972.5937
-8982.2050
-8965.1953
-8960.6355
-8969.6209
-8966.1341
-8972.6608
-8978.6957
-8966.7376
-8962.0884
-8958.4898
-8966.3129
-8972.3031
-8969.2633
-8971.0738
-8964.4353
-8956.2993
-8964.5918
-8964.1001
-8958.3557
-8957.9757
-8965.5529
-8969.1963
-8966.8940
-8967.5869
-8960.9932
-8964.4353
-8964.4577
-8969.1516
-8966.0000
-8961.7978
-8965.5976
-8963.3625
-8971.0067
-8968.7269
-8961.5520
-8961.9096
-8968.0787
-8963.8095
-8949.5714
-8961.7531
-8965.0165
-8956.1428
-8973.9125
-8977.3099
-8971.0738
-8961.9543
-8961.4402
-8968.9727
-8968.6822
-8978.0252
-8978.7852
-8975.7900
-8981.2438
-8965.0165
-8966.9387
-8961.3061
-8972.0126
-8968.3022
-8954.9135
-8951.8737
-8952.7677
-8946.4645
-8944.7658
-8952.7230
-8958.9145
-8950.7337
-8952.7677
-8959.1603
-8949.0126
-8947.1574
-8946.6657
-8946.3751
-8945.7716
-8943.2682
-8940.9884
-8940.3402
-8937.7250
-8935.7580
-8945.5928
-8945.6599
-8948.1409
-8930.1701
-8929.3878
-8930.8854
-8933.7240
-8932.6288
-8921.1624
-8923.1517
-8922.2576
-8919.5754
-8926.9068
-36705.4089
-36705.3195
-36703.3078
-36709.0075
-36700.5586
-36694.9706
-36694.5459
-36697.5187
-36696.5800
-36689.1815
-36682.2301
-36665.4216
-36636.8337
-36607.3518
-36588.9563
-36580.7756
-36582.6308
-36598.5676
-36587.5705
-36595.3713
-36602.1215
-36613.7667
-36622.8639
-36627.8036
-36628.8765
-36627.4684
-36634.9338
-36644.6345
-36658.5820
-36656.5256
-36660.6831
-36663.3653
-36662.0912
-36671.4342
-36660.3701
-36673.2224
-36676.5751
-36673.1106
-36685.0912
-36684.2865
-36670.1155
-36675.1446
-36675.9716
-36685.2029
-36683.0348
-36686.0076
-36689.0027
-36691.5061
-36691.6179
-36689.7850
-36697.0270
-36698.8598
-36696.4905
-36689.9862
-36686.0076
-36691.3496
-36695.3506
-36699.0386
-36689.6286
-36691.8190
-36682.7442
-36683.5489
-36683.8395
-36677.7151
-36674.6305
-36679.5926
-36683.8171
-36672.5965
-36672.4848
-36667.8803
-36670.2496
-36670.0037
-36675.3011
-36675.5693
-36679.9726
-36684.8453
-36679.7491
-36679.9726
-36678.7209
-36675.9940
-36678.6986
-36681.2243
-36684.4653
-36684.2641
-36681.9619
-36688.4439
-36680.7996
-36684.7112
-36680.0397
-36681.6490
-36672.8201
-36672.3730
-36671.0990
-36674.9211
-36683.2360
-36680.3079
-36680.4420
-36677.4022
-36687.0581
-36681.5819
-36692.5566
-36685.8288
-36687.8181
-36697.0270
-36694.8142
-36695.8423
-36683.6830
-36681.5819
-36681.4031
-36686.1193
-36688.3098
-36683.7054
-36684.9347
-36692.2884
-36695.9765
-36700.2233
-36703.3302
-36696.8705
-36687.8181
-36691.0367
-36698.8822
-36696.0659
-36703.3525
-36696.5129
-36700.5362
-36705.0066
-36699.9104
-36707.2417
-36699.9104
-36696.5800
-36695.2389
-36701.2068
-36703.2184
-36702.8608
-36694.5459
-36691.0367
-36691.5955
-36690.6344
-36696.8258
-36681.4478
-36685.3147
-36683.7277
-36674.9658
-36674.8988
-36664.1252
-36648.9931
-36631.2905
-36588.9340
-36571.4996
-36558.3568
-36557.3286
-36539.6037
-36552.8806
-36549.6843
-36559.8096
-36560.7931
-36571.1420
-36575.0535
-36591.3926
-36592.1079
-36591.8844
-36593.0243
-36600.1098
-36609.1623
-36617.2536
-36629.1894
-36622.8416
-36628.4071
-36617.2536
-36627.2672
-36633.2128
-36625.0320
-36634.7997
-36644.2769
-36641.7288
-36640.5888
-36654.7375
-36653.6646
-36660.4148
-36670.9649
-36677.0445
-36665.5557
-36666.3157
-36660.6384
-36663.0747
-36667.9250
-36669.4449
-36679.2797
-36673.0212
-36666.7404
-36670.2272
-36679.6373
-36672.3283
-36673.9153
-36677.3798
-36673.4459
-36687.1475
-36678.3409
-36674.5635
-36677.2904
-36675.9046
-36673.5800
-36681.7384
-36687.5275
-36679.5256
-36676.7316
-36673.0883
-36671.0096
-36673.1330
-36677.5810
-36677.6033
-36681.7608
-36680.3079
-36675.3011
-36673.6471
-36668.4168
-36671.0096
-36673.0436
-36674.6082
-36658.8502
-36657.6432
-36658.7161
-36650.2671
-36655.9892
-36656.8386
-36661.8006
-36652.7258
-36658.7832
-36660.6607
-36665.3993
-36665.7345
-36660.6831
-36652.6811
-36658.4255
-36657.2632
-36649.6860
-36657.1962
-36650.6695
-36650.0883
-36653.0835
-36658.6937
-36655.5422
-36654.7375
-36645.0368
-36644.6569
-36645.3945
-36657.9561
-36653.9328
-36644.8580
-36643.2263
-36638.0631
-36644.1204
-36645.7074
-36653.1282
-36661.8453
-36656.3021
-36656.7044
-36651.6082
-36642.3546
-36642.7793
-36643.5840
-36641.9299
-36641.6394
-36639.9853
-36632.8551
-36636.3197
-36634.1962
-36632.0505
-36631.6258
-36637.7502
-36636.5655
-36636.3867
-36653.1282
-36643.0922
-36640.9241
-36633.2351
-36629.3906
-36630.4635
-36640.2536
-36641.5947
-36632.7881
-36633.8386
-36621.1652
-36630.3741
-36627.0660
-36625.1885
-36630.9329
-36635.2021
-36624.1603
-36612.7386
-36615.6666
-36624.4285
-36620.4276
-36618.7512
-36609.6764
-36601.7415
-36620.6064
-36620.5840
-36606.7259
-36598.9028
-36594.2313
-36593.1361
-36592.8232
-36594.6784
-36598.6346
-36610.8834
-36607.0165
-36598.7240
-36597.7405
-36609.0058
-36612.4256
-36611.3975
-36619.6900
-36607.5530
-36602.8144
-36609.3858
-36612.4480
-36616.1137
-36601.3392
-36605.2731
-36598.3440
-36591.4821
-36567.6327
-36540.9448
-36513.6980
-36509.8758
-36505.6290
-36506.0090
-36518.2354
-36518.0789
-36517.0507
-36512.6251
-36532.7417
-36524.9633
-36515.3744
-36519.2636
-36528.7407
-36536.2285
-36543.6046
-36539.2684
-36544.1187
-36550.5784
-36575.4559
-36571.0749
-36573.8465
-36572.6395
-36580.0603
-36587.3693
-36584.6871
-36599.1711
-36592.6443
-36585.7600
-36588.9116
-36604.2225
-36597.1594
-36600.8921
-36604.8484
-36613.2079
-36620.5617
-36607.2400
-36609.3634
-36606.3460
-36607.9329
-36606.8601
-36610.9057
-36602.7250
-36605.4295
-36607.2624
-36605.2507
-36601.2945
-36599.6404
-36602.9485
-36600.8474
-36599.8193
-36588.1293
-36591.3032
-36589.7386
-36600.2663
-36620.2935
-36614.4373
-36599.4840
-36608.6482
-36599.8863
-36599.6181
-36601.2721
-36618.3489
-36626.7755
-36637.9290
-36617.1419
-36623.6239
-36626.4849
-36616.9630
-36619.7794
-36625.0097
-36619.0194
-36618.5500
-36624.5850
-36627.0213
-36639.1583
-36625.3897
-36623.4898
-36625.5685
-36620.8969
-36639.2477
-36644.2545
-36637.5043
-36634.6656
-36627.7589
-36630.8435
-36627.4684
-36623.4898
-36635.4256
-36617.2760
-36616.0913
-36629.2565
-36618.7735
-36630.2400
-36631.4246
-36626.4625
-36627.9377
-36631.4693
-36639.8959
-36634.3974
-36634.8891
-36636.9455
-36630.5306
-36625.6132
-36629.7706
-36630.8211
-36636.4538
-36644.0310
-36637.2137
-36622.9533
-36615.5549
-36623.6686
-36624.7191
-36617.1195
-36619.6676
-36629.9718
-36631.1788
-36621.9028
-36618.0359
-36600.8474
-36612.2021
-36617.1642
-36622.9310
-36623.4003
-36609.5199
-36608.4023
-36610.2352
-36618.0583
-36617.6112
-36602.0097
-36617.4995
-36610.3022
-36617.6112
-36609.2517
-36612.5150
-36609.7434
-36603.2838
-36606.3013
-36602.5685
-36604.8484
-36612.0010
-36602.3450
-36603.0603
-36617.0524
-36607.6871
-36612.2915
-36609.7658
-36610.9504
-36607.4188
-36603.1720
-36603.8426
-36619.6676
-36625.5014
-36631.1788
-36633.0339
-36630.4188
-36625.4120
-36629.4353
-36626.5072
-36630.1953
-36618.6618
-36628.3177
-36620.7405
-36617.7677
-36633.6598
-36614.2138
-36610.3469
-36609.4305
-36625.6132
-36622.1934
-36627.2001
-36627.8483
-36624.2944
-36626.2167
-36637.5490
-36638.1078
-36629.7482
-36630.6870
-36633.3469
-36631.1564
-36636.1408
-36631.1564
-36617.1866
-36618.8182
-36629.0106
-36627.8036
-36620.5840
-36609.2740
-36610.3246
-36612.8056
-36609.2964
-36607.9329
-36616.1584
-36608.2235
-36614.1467
-36609.9893
-36606.1448
-36611.1292
-36614.3926
-36622.8192
-36614.7726
-36605.6084
-36612.2021
-36609.2517
-36613.5656
-36619.6453
-36614.0573
-36608.1341
-36608.0000
-36613.8114
-36621.6569
-36613.6997
-36609.6093
-36608.6705
-36595.2595
-36612.1127
-36607.2177
-36607.6647
-36608.6705
-36608.9611
-36609.6540
-36605.7648
-36608.3353
-36600.4451
-36603.7979
-36604.5802
-36611.4869
-36619.7570
-36621.3887
-36616.1137
-36612.3362
-36611.5539
-36611.0845
-36600.1992
-36599.7746
-36608.0447
-36610.9057
-36599.5510
-36613.0291
-36607.0836
-36594.6560
-36611.7998
-36611.3975
-36608.7823
-36605.8095
-36606.7483
-36611.2410
-36606.0107
-36615.4208
-36617.1419
-36611.5092
-36619.0418
-36608.2012
-36609.4305
-36602.3227
-36609.6540
-36605.6084
-36598.2546
-36602.9485
-36595.8630
-36594.4548
-36586.2294
-36586.2741
-36589.5151
-36585.0671
-36591.1915
-36600.5345
-36586.0059
-36582.6308
-36574.4500
-36576.7299
-36578.2498
-36573.1536
-36571.8349
-36574.6512
-36572.8183
-36565.2188
-36579.8144
-36575.9923
-36581.1332
-36568.0574
-36569.6891
-36568.6386
-36567.7221
-36568.7503
-36560.9943
-36560.8378
-36559.4967
-36561.7542
-36562.4695
-61421.2303
-61423.1973
-61417.7434
-61425.6336
-61423.0184
-61411.6861
-61417.0505
-61413.9660
-61408.9368
-61406.3887
-61397.9398
-61379.7008
-61349.3918
-61321.1392
-61309.7398
-61305.8506
-61312.2656
-61319.9546
-61313.7631
-61330.1022
-61336.7407
-61345.0779
-61356.9243
-61364.0992
-61360.9253
-61364.2781
-61364.3228
-61371.7659
-61377.2868
-61374.3811
-61382.2489
-61388.4626
-61382.6512
-61395.1905
-61382.6735
-61390.4073
-61398.6997
-61402.0078
-61403.9524
-61407.5957
-61397.6045
-61404.4218
-61406.4558
-61416.6482
-61417.5870
-61416.6706
-61416.9611
-61417.2964
-61419.2634
-61416.7153
-61422.1914
-61417.7881
-61418.5704
-61408.6463
-61409.2051
-61410.7250
-61412.4014
-61415.8882
-61409.2274
-61410.4344
-61400.9573
-61397.9398
-61401.2926
-61397.3363
-61392.3966
-61394.8552
-61403.2148
-61389.2673
-61391.7931
-61384.8640
-61390.5414
-61395.9952
-61400.8679
-61399.6609
-61402.6113
-61409.8309
-61404.5336
-61404.7347
-61402.4548
-61401.9631
-61402.4101
-61404.0865
-61411.8202
-61413.9213
-61409.4956
-61406.5676
-61404.7347
-61404.5559
-61398.5656
-61404.3100
-61399.7726
-61396.5093
-61391.0555
-61395.2576
-61403.8406
-61405.0253
-61404.4441
-61403.3713
-61407.2158
-61409.4509
-61413.4966
-61413.6084
-61410.6579
-61410.1662
-61409.1604
-61413.7201
-61412.3790
-61412.3567
-61413.8542
-61414.5024
-61409.9427
-61409.1604
-61407.5510
-61416.8270
-61421.1409
-61418.6375
-61422.1467
-61420.9844
-61411.6861
-61410.5685
-61418.0340
-61415.2400
-61423.1973
-61414.5248
-61414.1448
-61418.3693
-61413.9436
-61426.0136
-61421.4762
-61421.4762
-61415.1506
-61414.4801
-61416.6929
-61410.1215
-61405.9864
-61405.9194
-61402.7454
-61409.5180
-61412.0661
-61400.8679
-61401.8513
-61400.2420
-61391.0555
-61390.2508
-61383.8582
-61373.4870
-61358.6454
-61316.7359
-61301.3355
-61286.6505
-61275.0722
-61269.1937
-61272.7030
-61268.8585
-61280.9731
-61282.7165
-61288.8186
-61298.3851
-61313.0479
-61318.8146
-61309.5163
-61310.6339
-61320.6475
-61330.2811
-61338.4618
-61345.1450
-61340.8087
-61342.7533
-61342.4851
-61347.9166
-61352.9457
-61349.5706
-61354.1304
-61364.8369
-61364.4122
-61364.8145
-61370.8271
-61375.3869
-61379.1643
-61385.8922
-61390.2061
-61384.8640
-61385.8475
-61385.8251
-61387.0545
-61389.9602
-61391.7260
-61395.3693
-61398.5209
-61390.6084
-61392.2401
-61400.0185
-61393.1342
-61393.0001
-61392.9106
-61386.9651
-61398.9680
-61396.1516
-61390.6084
-61393.1118
-61390.9884
-61385.3781
-61396.1069
-61400.3538
-61386.1157
-61387.8144
-61385.9593
-61386.2275
-61387.5909
-61389.5132
-61395.0117
-61394.6988
-61396.2411
-61392.8212
-61388.3956
-61385.6016
-61388.5968
-61391.7707
-61387.0098
-61388.8203
-61381.1313
-61380.2372
-61373.0176
-61378.8067
-61380.4160
-61382.2489
-61376.9739
-61385.1546
-61385.3334
-61390.6531
-61393.8047
-61388.8426
-61381.2877
-61386.1828
-61387.9709
-61381.1089
-61382.7630
-61376.6162
-61376.7280
-61380.3266
-61382.3830
-61376.7950
-61374.6940
-61371.1177
-61372.3247
-61369.2625
-61378.2256
-61375.1857
-61370.5813
-61371.3636
-61368.0555
-61371.8777
-61370.6707
-61374.8057
-61376.4374
-61368.8155
-61372.3023
-61376.0127
-61376.1915
-61372.3023
-61374.5822
-61372.5482
-61372.7047
-61365.7309
-61368.7037
-61367.7873
-61367.2955
-61362.9817
-61360.4559
-61367.2955
-61363.5181
-61368.4578
-61381.8242
-61372.0118
-61368.5025
-61355.2927
-61354.1751
-61359.6065
-61368.0779
-61370.1566
-61359.8748
-61363.9204
-61359.5842
-61366.2674
-61361.7076
-61362.0652
-61368.1896
-61374.7387
-61361.6182
-61350.2859
-61355.2033
-61367.8320
-61363.1381
-61363.6969
-61352.8563
-61351.6270
-61362.9370
-61367.9437
-61356.4550
-61354.5327
-61347.5143
-61343.7592
-61344.1615
-61346.7543
-61351.9175
-61363.6299
-61359.2266
-61349.6377
-61352.5881
-61365.6639
-61367.4297
-61364.1663
-61371.1177
-61362.7358
-61365.3733
-61370.2013
-61377.2197
-61384.1041
-61371.5424
-61371.7659
-61369.5754
-61366.7591
-61345.8155
-61319.3511
-61288.0586
-61280.9284
-61286.0023
-61286.2928
-61292.3501
-61286.8069
-61281.4872
-61289.5562
-61319.0605
-61318.3005
-61299.1004
-61303.2354
-61313.0255
-61315.9312
-61324.4696
-61322.7932
-61326.0342
-61333.5891
-61352.1858
-61352.5657
-61360.1877
-61361.6629
-61367.2732
-61369.2401
-61359.4054
-61365.8874
-61369.6201
-61375.2304
-61380.6395
-61386.9427
-61374.7834
-61380.8184
-61384.7970
-61389.6026
-61395.2576
-61384.8640
-61380.2372
-61378.1808
-61384.9311
-61386.0487
-61387.0545
-61380.9078
-61382.1595
-61380.2149
-61380.4607
-61390.2061
-61386.8980
-61392.1060
-61390.3178
-61383.2994
-61369.9554
-61375.9904
-61371.5200
-61379.4102
-61404.0195
-61400.3091
-61384.6181
-61393.0895
-61377.5103
-61380.3043
-61377.1750
-61393.6259
-61400.6220
-61416.0447
-61397.0904
-61407.7522
-61408.9816
-61407.7299
-61412.1555
-61408.2886
-61410.1885
-61416.3576
-61423.5772
-61424.8513
-61428.8746
-61421.0962
-61413.5190
-61413.2731
-61410.0097
-61425.7454
-61424.3372
-61414.4354
-61419.2186
-61416.8047
-61418.4140
-61415.1059
-61414.3683
-61419.7998
-61414.2119
-61412.4014
-61427.4217
-61416.8941
-61424.5607
-61427.5559
-61421.4091
-61419.4198
-61418.7940
-61426.7959
-61419.1516
-61419.5763
-61418.2352
-61409.3615
-61408.2886
-61411.9543
-61414.6365
-61418.3469
-61422.8843
-61412.2002
-61397.4481
-61399.1244
-61404.2430
-61411.0603
-61400.1750
-61402.5666
-61411.7085
-61413.8095
-61408.1545
-61405.7629
-61393.2236
-61400.0185
-61398.9456
-61405.2712
-61405.2265
-61396.8669
-61393.8941
-61396.7328
-61398.3645
-61399.5044
-61388.1721
-61392.4860
-61393.3800
-61403.3489
-61394.1400
-61393.3353
-61388.5297
-61380.0137
-61383.0312
-61382.1371
-61384.4617
-61390.6308
-61384.4617
-61392.8436
-61404.8018
-61398.2974
-61398.7445
-61403.4607
-61398.4092
-61384.4840
-61389.1108
-61390.7872
-61403.0807
-61408.5122
-61409.4062
-61405.6958
-61405.8076
-61407.7299
-61421.5656
-61422.0350
-61419.5316
-61401.7843
-61410.0097
-61408.3334
-61406.6123
-61418.7716
-61403.5948
-61397.7386
-61394.8552
-61408.6910
-61408.3110
-61415.1730
-61413.8542
-61411.3732
-61413.6084
-61418.1681
-61423.1749
-61419.2186
-61409.8533
-61416.6929
-61412.2896
-61416.0000
-61404.4665
-61403.4160
-61405.3382
-61406.0982
-61407.0593
-61400.9796
-61392.5977
-61391.9942
-61391.0778
-61383.9029
-61385.8475
-61393.6706
-61382.6065
-61385.5793
-61388.9320
-61389.2226
-61389.4238
-61396.4646
-61403.1701
-61388.4179
-61382.8524
-61391.8601
-61390.9884
-61396.0622
-61402.2090
-61389.1556
-61387.3451
-61388.3509
-61399.0350
-61403.3936
-61395.9281
-61396.1516
-61390.3178
-61383.0759
-61393.1342
-61395.6376
-61391.1225
-61392.3742
-61393.7153
-61394.8329
-61389.1779
-61391.8601
-61387.3898
-61395.1682
-61395.8164
-61401.2478
-61393.4247
-61391.5695
-61394.5423
-61400.2867
-61410.7473
-61406.4782
-61392.4413
-61389.9155
-61394.1847
-61391.6589
-61379.3208
-61392.9330
-61393.5588
-61380.9525
-61392.9106
-61395.2799
-61395.7717
-61391.0331
-61390.8543
-61392.5977
-61391.1225
-61399.6609
-61401.0243
-61396.2634
-61399.9738
-61387.5015
-61390.6755
-61384.0147
-61390.5637
-61391.7931
-61378.5161
-61376.5939
-61376.2586
-61371.9000
-61369.5307
-61376.3480
-61380.2372
-61373.5317
-61369.6872
-61378.1361
-61371.1177
-61372.3023
-61372.1235
-61372.2129
-61369.0837
-61366.2674
-61361.6182
-61365.3956
-61363.4734
-61362.5123
-61370.9612
-61369.4637
-61369.7766
-61353.0351
-61352.6552
-61352.2528
-61359.6960
-61357.5055
-61348.0283
-61350.1071
-61346.5978
-61344.6309
-61350.3753
-187500.0224
-187500.0224
-187500.0224
-187500.0224
-187500.0224
-187500.0224
-187500.0224
-187500.0224
-187500.0224
-187500.0224
-187500.0224
-187500.0224
-187500.0224
-187500.0224
-187500.0224
-187500.0224
-187500.0224
-187500.0224
-187500.0224
-187500.0224
-187500.0224
-187500.0224
-187500.0224
-187500.0224
-187500.0224
-187500.0224
-187500.0224
-187500.0224
-187500.0224
-187500.0224
-187500.0224
-187500.0224
-187500.0224
-187500.0224
-187500.0224
-187500.0224
-187500.0224
-187500.0224
-187500.0224
-187500.0224
-187500.0224
-187500.0224
-187500.0224
-187500.0224
-187500.0224
-187500.0224
-187500.0224
-187500.0224
-187500.0224
-187500.0224
-187500.0224
-187500.0224
-187500.0224
-187500.0224
-187500.0224
-187500.0224
-187500.0224
-187500.0224
-187500.0224
-187500.0224
-187500.0224
-187500.0224
-187500.0224
-187500.0224
-187500.0224
-187500.0224
-187500.0224
-187500.0224
-187500.0224
-187500.0224
-187500.0224
-187500.0224
-187500.0224
-187500.0224
-187500.0224
-187500.0224
-187500.0224
-187500.0224
-187500.0224
-187500.0224
-187500.0224
-187500.0224
-187500.0224
-187500.0224
-187500.0224
-187500.0224
-187500.0224
-187500.0224
-187500.0224
-187500.0224
-187500.0224
-187500.0224
-187500.0224
-187500.0224
-187500.0224
-187500.0224
-187500.0224
-187500.0224
-187500.0224
-187500.0224
-187500.0224
-187500.0224
-187500.0224
-187500.0224
-187500.0224
-187500.0224
-187500.0224
-187500.0224
-187500.0224
-187500.0224
-187500.0224
-187500.0224
-187500.0224
-187500.0224
-187500.0224
-187500.0224
-187500.0224
-187500.0224
-187500.0224
-187500.0224
-187500.0224
-187500.0224
-187500.0224
-187500.0224
-187500.0224
-187500.0224
-187500.0224
-187500.0224
-187500.0224
-187500.0224
-187500.0224
-187500.0224
-187500.0224
-187500.0224
-187500.0224
-187500.0224
-187500.0224
-187500.0224
-187500.0224
-187500.0224
-187500.0224
-187500.0224
-187500.0224
-187500.0224
-187500.0224
-187500.0224
-187500.0224
-187500.0224
-187500.0224
-187500.0224
-187500.0224
-187500.0224
-187500.0224
-187500.0224
-187500.0224
-187500.0224
-187500.0224
-187500.0224
-187500.0224
-187500.0224
-187500.0224
-187500.0224
-187500.0224
-187500.0224
-187500.0224
-187500.0224
-187500.0224
-187500.0224
-187500.0224
-187500.0224
-187500.0224
-187500.0224
-187500.0224
-187500.0224
-187500.0224
-187500.0224
-187500.0224
-187500.0224
-187500.0224
-187500.0224
-187500.0224
-187500.0224
-187500.0224
-187500.0224
-187500.0224
-187500.0224
-187500.0224
-187500.0224
-187500.0224
-187500.0224
-187500.0224
-187500.0224
-187500.0224
-187500.0224
-187500.0224
-187500.0224
-187500.0224
-187500.0224
-187500.0224
-187500.0224
-187500.0224
-187500.0224
-187500.0224
-187500.0224
-187500.0224
-187500.0224
-187500.0224
-187500.0224
-187500.0224
-187500.0224
-187500.0224
-187500.0224
-187500.0224
-187500.0224
-187500.0224
-187500.0224
-187500.0224
-187500.0224
-187500.0224
-187500.0224
-187500.0224
-187500.0224
-187500.0224
-187500.0224
-187500.0224
-187500.0224
-187500.0224
-187500.0224
-187500.0224
-187500.0224
-187500.0224
-187500.0224
-187500.0224
-187500.0224
-187500.0224
-187500.0224
-187500.0224
-187500.0224
-187500.0224
-187500.0224
-187500.0224
-187500.0224
-187500.0224
-187500.0224
-187500.0224
-187500.0224
-187500.0224
-187500.0224
-187500.0224
-187500.0224
-187500.0224
-187500.0224
-187500.0224
-187500.0224
-187500.0224
-187500.0224
-187500.0224
-187500.0224
-187500.0224
-187500.0224
-187500.0224
-187500.0224
-187500.0224
-187500.0224
-187500.0224
-187500.0224
-187500.0224
-187500.0224
-187500.0224
-187500.0224
-187500.0224
-187500.0224
-187500.0224
-187500.0224
-187500.0224
-187500.0224
-187500.0224
-187500.0224
-187500.0224
-187500.0224
-187500.0224
-187500.0224
-187500.0224
-187500.0224
-187500.0224
-187500.0224
-187500.0224
-187500.0224
-187500.0224
-187500.0224
-187500.0224
-187500.0224
-187500.0224
-187500.0224
-187500.0224
-187500.0224
-187500.0224
-187500.0224
-187500.0224
-187500.0224
-187500.0224
-187500.0224
-187500.0224
-187500.0224
-187500.0224
-187500.0224
-187500.0224
-187500.0224
-187500.0224
-187500.0224
-187500.0224
-187500.0224
-187500.0224
-187500.0224
-187500.0224
-187500.0224
-187500.0224
-187500.0224
-187500.0224
-187500.0224
-187500.0224
-187500.0224
-187500.0224
-187500.0224
-187500.0224
-187500.0224
-187500.0224
-187500.0224
-187500.0224
-187500.0224
-187500.0224
-187500.0224
-187500.0224
-187500.0224
-187500.0224
-187500.0224
-187500.0224
-187500.0224
-187500.0224
-187500.0224
-187500.0224
-187500.0224
-187500.0224
-187500.0224
-187500.0224
-187500.0224
-187500.0224
-187500.0224
-187500.0224
-187500.0224
-187500.0224
-187500.0224
-187500.0224
-187500.0224
-187500.0224
-187500.0224
-187500.0224
-187500.0224
-187500.0224
-187500.0224
-187500.0224
-187500.0224
-187500.0224
-187500.0224
-187500.0224
-187500.0224
-187500.0224
-187500.0224
-187500.0224
-187500.0224
-187500.0224
-187500.0224
-187500.0224
-187500.0224
-187500.0224
-187500.0224
-187500.0224
-187500.0224
-187500.0224
-187500.0224
-187500.0224
-187500.0224
-187500.0224
-187500.0224
-187500.0224
-187500.0224
-187500.0224
-187500.0224
-187500.0224
-187500.0224
-187500.0224
-187500.0224
-187500.0224
-187500.0224
-187500.0224
-187500.0224
-187500.0224
-187500.0224
-187500.0224
-187500.0224
-187500.0224
-187500.0224
-187500.0224
-187500.0224
-187500.0224
-187500.0224
-187500.0224
-187500.0224
-187500.0224
-187500.0224
-187500.0224
-187500.0224
-187500.0224
-187500.0224
-187500.0224
-187500.0224
-187500.0224
-187500.0224
-187500.0224
-187500.0224
-187500.0224
-187500.0224
-187500.0224
-187500.0224
-187500.0224
-187500.0224
-187500.0224
-187500.0224
-187500.0224
-187500.0224
-187500.0224
-187500.0224
-187500.0224
-187500.0224
-187500.0224
-187500.0224
-187500.0224
-187500.0224
-187500.0224
-187500.0224
-187500.0224
-187500.0224
-187500.0224
-187500.0224
-187500.0224
-187500.0224
-187500.0224
-187500.0224
-187500.0224
-187500.0224
-187500.0224
-187500.0224
-187500.0224
-187500.0224
-187500.0224
-187500.0224
-187500.0224
-187500.0224
-187500.0224
-187500.0224
-187500.0224
-187500.0224
-187500.0224
-187500.0224
-187500.0224
-187500.0224
-187500.0224
-187500.0224
-187500.0224
-187500.0224
-187500.0224
-187500.0224
-187500.0224
-187500.0224
-187500.0224
-187500.0224
-187500.0224
-187500.0224
-187500.0224
-187500.0224
-187500.0224
-187500.0224
-187500.0224
-187500.0224
-187500.0224
-187500.0224
-187500.0224
-187500.0224
-187500.0224
-187500.0224
-187500.0224
-187500.0224
-187500.0224
-187500.0224
-187500.0224
-187500.0224
-187500.0224
-187500.0224
-187500.0224
-187500.0224
-187500.0224
-187500.0224
-187500.0224
-187500.0224
-187500.0224
-187500.0224
-187500.0224
-187500.0224
-187500.0224
-187500.0224
-187500.0224
-187500.0224
-187500.0224
-187500.0224
-187500.0224
-187500.0224
-187500.0224
-187500.0224
-187500.0224
-187500.0224
-187500.0224
-187500.0224
-187500.0224
-187500.0224
-187500.0224
-187500.0224
-187500.0224
-187500.0224
-187500.0224
-187500.0224
-187500.0224
-187500.0224
-187500.0224
-187500.0224
-187500.0224
-187500.0224
-187500.0224
-187500.0224
-187500.0224
-187500.0224
-187500.0224
-187500.0224
-187500.0224
-187500.0224
-187500.0224
-187500.0224
-187500.0224
-187500.0224
-187500.0224
-187500.0224
-187500.0224
-187500.0224
-187500.0224
-187500.0224
-187500.0224
-187500.0224
-187500.0224
-187500.0224
-187500.0224
-187500.0224
-187500.0224
-187500.0224
-187500.0224
-187500.0224
-187500.0224
-187500.0224
-187500.0224
-187500.0224
-187500.0224
-187500.0224
-187500.0224
-187500.0224
-187500.0224
-187500.0224
-187500.0224
-187500.0224
-187500.0224
-187500.0224
-187500.0224
-187500.0224
-187500.0224
-187500.0224
-187500.0224
-187500.0224
-187500.0224
-187500.0224
-187500.0224
-187500.0224
-187500.0224
-187500.0224
-187500.0224
-187500.0224
-187500.0224
-187500.0224
-187500.0224
-187500.0224
-187500.0224
-187500.0224
-187500.0224
-187500.0224
-187500.0224
-187500.0224
-187500.0224
-187500.0224
-187500.0224
-187500.0224
-187500.0224
-187500.0224
-187500.0224
-187500.0224
-187500.0224
-187500.0224
-187500.0224
-18047.8043
-36092.7923
-36098.2908
-36093.3064
-36097.4414
-36093.7311
-36088.7466
-36091.8982
-36093.6193
-36097.0838
-36078.6436
-36073.5474
-36047.2171
-36015.2988
-36001.3289
-35993.8411
-35984.6098
-35984.1181
-35994.3999
-35998.7808
-36004.7041
-36016.6846
-36026.4970
-36026.4970
-36025.8488
-36028.0393
-36037.6282
-36040.4221
-36039.0140
-36040.6233
-36048.5805
-36057.4318
-36064.1150
-36061.0752
-36061.4328
-36054.4590
-36065.7690
-36071.4464
-36074.7768
-36064.8303
-36068.6971
-36074.8662
-36076.3861
-36075.8720
-36078.1295
-36078.5542
-36080.6329
-36073.5027
-36078.9789
-36074.4862
-36074.0615
-36078.9119
-36082.6893
-36076.4085
-36070.8429
-36071.4240
-36080.5435
-36081.7952
-36077.7272
-36072.0499
-36069.5241
-36066.5737
-36062.5727
-36067.5125
-36069.2782
-36072.9886
-36065.7914
-36060.4940
-36066.5960
-36066.9313
-36065.0091
-36071.5134
-36071.1111
-36077.0343
-36071.5358
-36069.0771
-36067.9371
-36078.8001
-36071.6922
-36066.5066
-36071.0887
-36069.8147
-36074.1956
-36063.3550
-36067.9371
-36071.1558
-36069.3453
-36070.9546
-36064.6291
-36066.8866
-36069.4571
-36067.6689
-36065.8137
-36068.4512
-36066.8643
-36074.1286
-36071.0887
-36072.2063
-36072.6310
-36074.5309
-36070.7311
-36070.5076
-36075.3579
-36078.8224
-36070.7311
-36070.7088
-36068.0489
-36077.5037
-36077.2802
-36077.4143
-36082.9799
-36076.1849
-36078.6213
-36089.5066
-36082.6446
-36084.2986
-36085.2374
-36083.2481
-36089.2160
-36084.6786
-36084.4551
-36080.2083
-36075.5144
-36083.7622
-36077.0343
-36076.2520
-36075.0674
-36079.7612
-36079.3365
-36079.5377
-36073.7709
-36074.2180
-36066.3725
-36067.4901
-36064.3162
-36069.2112
-36070.6864
-36061.8351
-36068.4289
-36066.0819
-36056.5825
-36064.4950
-36065.9478
-36063.0868
-36050.3463
-36040.9362
-36022.2278
-35996.2104
-35977.1891
-35959.1512
-35946.7013
-35950.0540
-35950.3223
-35947.5283
-35950.8364
-35949.2941
-35966.3261
-35975.6021
-35975.4009
-35985.7498
-35982.9782
-35994.3552
-35995.6963
-36002.2230
-36009.6214
-36009.9344
-36019.9927
-36021.5796
-36015.2988
-36028.3299
-36032.0179
-36033.3813
-36032.9790
-36034.0966
-36037.6282
-36049.6534
-36048.6029
-36052.4027
-36054.7720
-36050.4134
-36052.6262
-36062.5280
-36063.1986
-36062.9974
-36055.6437
-36060.4940
-36064.3832
-36066.4843
-36069.3677
-36071.6699
-36069.8370
-36069.4794
-36075.4473
-36073.1451
-36074.9556
-36075.8944
-36078.0848
-36071.9605
-36068.6300
-36070.3958
-36070.1053
-36066.7749
-36073.1004
-36078.1519
-36076.3414
-36075.6485
-36074.5309
-36080.7447
-36079.4036
-36073.5698
-36079.4930
-36087.1820
-36084.7457
-36082.0411
-36081.0800
-36087.9420
-36080.1859
-36084.4551
-36080.5435
-36080.1412
-36078.3307
-36082.8011
-36078.2413
-36072.5640
-36071.6475
-36081.5047
-36085.2374
-36086.0197
-36087.6961
-36091.5853
-36091.9653
-36094.3122
-36098.9167
-36096.0556
-36094.7145
-36097.6873
-36093.4628
-36089.1713
-36091.1606
-36092.9040
-36101.5765
-36098.5367
-36102.4259
-36091.7418
-36089.3278
-36099.7660
-36107.0974
-36100.5260
-36107.6338
-36099.7213
-36097.3073
-36100.0119
-36100.1013
-36101.7330
-36107.3209
-36101.8894
-36098.8273
-36104.1246
-36101.8671
-36106.8292
-36108.1479
-36110.4949
-36106.9186
-36103.9905
-36107.6785
-36117.7145
-36111.9477
-36109.9361
-36105.0634
-36105.2422
-36106.4939
-36115.3452
-36115.1664
-36113.0877
-36110.9419
-36118.4744
-36112.2383
-36103.6552
-36107.9021
-36104.3928
-36109.9584
-36105.9575
-36098.0896
-36094.1781
-36094.2675
-36105.4881
-36103.3200
-36103.8117
-36096.1003
-36091.9206
-36099.8331
-36103.0070
-36105.0187
-36094.7816
-36097.9108
-36097.9332
-36102.6271
-36104.1023
-36100.1684
-36092.9934
-36087.4055
-36087.1373
-36087.2938
-36082.8681
-36085.2597
-36084.4774
-36091.4288
-36088.0537
-36092.7029
-36092.9934
-36104.0352
-36096.4803
-36098.1344
-36102.7165
-36103.4764
-36095.8992
-36099.0061
-36107.3433
-36103.0294
-36104.9740
-36099.1178
-36092.8370
-36071.6028
-36049.6311
-36021.7137
-36006.3581
-35995.7634
-35992.8576
-35984.2075
-35990.1978
-35986.8227
-35993.6399
-35993.3270
-36008.7944
-36013.3095
-36013.1530
-36020.9985
-36017.1093
-36023.2560
-36025.8265
-36026.2064
-36021.9373
-36034.3872
-36042.4338
-36052.4921
-36051.5980
-36051.3969
-36049.0723
-36058.2141
-36052.8721
-36050.9051
-36051.5310
-36057.5212
-36058.7953
-36057.4989
-36056.2472
-36067.4231
-36062.3716
-36063.8468
-36058.4377
-36057.0965
-36060.4493
-36069.0771
-36063.8691
-36059.5776
-36055.9343
-36055.1966
-36059.9576
-36062.8633
-36054.6379
-36051.3745
-36065.1432
-36068.0042
-36069.0100
-36063.2433
-36061.9245
-36055.5766
-36056.3813
-36056.8283
-36067.9148
-36050.1675
-36063.0198
-36058.6835
-36062.4610
-36068.4289
-36067.6242
-36071.4911
-36073.6368
-36075.2685
-36080.1859
-36082.2646
-36077.2578
-36078.3307
-36080.5212
-36074.3074
-36080.6329
-36087.6961
-36092.9934
-36088.6125
-36077.7272
-36077.5260
-36074.9556
-36078.9119
-36084.5668
-36086.1762
-36079.2918
-36082.6222
-36081.7952
-36085.5727
-36082.8905
-36094.0887
-36090.1324
-36088.5902
-36087.0255
-36093.5746
-36090.5571
-36091.8759
-36096.8603
-36087.7631
-36098.5814
-36096.8379
-36102.2918
-36095.5639
-36100.6601
-36093.3734
-36088.5902
-36091.2277
-36091.8759
-36093.5075
-36092.6582
-36092.5017
-36096.7932
-36090.9818
-36096.5474
-36091.5853
-36094.9828
-36096.0780
-36095.9886
-36092.8370
-36099.0955
-36100.3248
-36095.4298
-36099.5425
-36095.4968
-36092.2111
-36086.0868
-36092.3676
-36092.9487
-36097.5309
-36094.5134
-36091.1159
-36090.9371
-36090.8924
-36091.6747
-36093.1276
-36097.5309
-36092.8593
-36098.8496
-36103.2976
-36100.6377
-36096.2345
-36096.7262
-36096.2568
-36096.3462
-36104.9740
-36110.3831
-36108.6844
-36108.8632
-36109.3326
-36114.0488
-36110.0478
-36110.1372
-36116.5075
-36112.7524
-36109.6008
-36111.7913
-36120.4637
-36113.1100
-36111.3219
-36117.1557
-36116.3063
-36121.4472
-36122.5872
-36129.6280
-36127.4375
-36130.7455
-36127.0128
-36124.1071
-36123.1236
-36132.9807
-36126.7222
-36131.5055
-36127.2587
-36132.9584
-36133.3831
-36133.3831
-36135.7300
-36138.1216
-36137.6969
-36136.8923
-36136.9146
-36136.7582
-36140.0439
-36139.3063
-36130.7902
-36131.6173
-36133.9418
-36134.7465
-36137.8758
-36130.9244
-36129.7621
-36130.0303
-36139.2839
-36136.8699
-36131.5949
-36133.9418
-36137.4064
-36141.6979
-36148.1799
-36147.8446
-36154.6619
-36153.5667
-36151.2197
-36149.4093
-36154.3937
-36153.3432
-36154.7737
-36158.2382
-36156.8300
-36160.2051
-36152.4938
-36152.0244
-36156.6959
-36162.5521
-36158.2829
-36154.5949
-36154.4384
-36159.8475
-36157.2994
-36159.2217
-36162.0156
-36161.7474
-36165.3460
-36174.1973
-36170.9116
-36169.5035
-36168.4529
-36164.9884
-36175.3820
-36169.9282
-36168.5200
-36166.9330
-36169.5258
-36169.7717
-36174.7561
-36182.8028
-36179.9417
-36176.7901
-36181.4170
-36174.1079
-36183.6745
-36176.1866
-36178.0195
-36168.5423
-36186.8484
-36188.7707
-36185.5297
-36180.9252
-36188.5248
-36186.8931
-36189.4189
-36183.2945
-36191.4752
-36198.5160
-36193.6434
-36191.3635
-36187.0049
-36181.5511
-36184.0768
-36188.8154
-36186.0661
-36188.6813
-36182.0875
-36181.4840
-36180.1876
-36185.1273
-36190.1565
-36188.9495
-36186.2226
-36189.3295
-36190.7600
-36196.9961
-36186.9378
-36189.2624
-36192.0787
-36189.7318
-36188.4801
-36185.5744
-36182.8698
-36198.2702
-36201.5559
-36198.2702
-36202.7405
-36201.0418
-36202.0700
-36198.2478
-36204.2157
-36201.2653
-36197.5773
-36206.3168
-36208.0826
-36198.7619
-36200.7959
-11687.3248
-23372.1463
-23371.7887
-23375.3426
-23375.3873
-23369.6429
-23366.8713
-23365.6419
-23371.9675
-23371.2299
-23355.0472
-23345.4360
-23318.3680
-23280.2806
-23260.4770
-23249.1893
-23240.8074
-23243.0650
-23256.9901
-23238.9299
-23256.2748
-23271.8540
-23275.6538
-23277.4196
-23290.0483
-23279.4760
-23290.0707
-23297.7373
-23303.3476
-23308.6673
-23313.3836
-23320.2902
-23327.5546
-23334.9306
-23322.5254
-23326.0793
-23336.0259
-23343.0890
-23347.4029
-23340.5633
-23343.6925
-23351.9180
-23346.1512
-23350.2416
-23357.2377
-23342.1055
-23347.8276
-23348.4087
-23355.2260
-23352.5438
-23358.3329
-23354.1531
-23359.0258
-23355.9413
-23356.0083
-23365.4855
-23364.4573
-23364.1444
-23351.4262
-23356.1424
-23356.0307
-23360.6575
-23358.1988
-23359.7634
-23362.0433
-23361.8421
-23362.7362
-23357.1036
-23375.5885
-23353.7508
-23355.1590
-23357.3941
-23363.0268
-23358.8470
-23360.2999
-23361.2833
-23356.8801
-23362.0433
-23361.0822
-23359.3387
-23365.5525
-23367.6983
-23373.4203
-23365.0384
-23363.2950
-23363.4962
-23366.2454
-23366.2678
-23358.2659
-23366.7595
-23367.9442
-23359.6964
-23356.0307
-23362.4903
-23362.6915
-23362.7139
-23364.6585
-23357.4612
-23360.0987
-23364.9267
-23359.4952
-23357.8412
-23364.3008
-23377.9130
-23369.2182
-23362.7362
-23360.2775
-23368.4359
-23359.3164
-23358.5117
-23355.6507
-23365.4408
-23364.5243
-23356.2542
-23363.8314
-23355.8072
-23355.0696
-23362.3562
-23357.9082
-23352.0521
-23359.3164
-23358.2435
-23361.1492
-23365.2396
-23369.0841
-23363.6526
-23363.6526
-23368.5030
-23369.0170
-23373.8674
-23370.6264
-23367.4301
-23366.4019
-23367.4301
-23363.0044
-23376.2814
-23385.4679
-23368.9053
-23363.3621
-23365.0384
-23369.5535
-23369.3747
-23376.0355
-23372.2804
-23356.4777
-23342.2397
-23322.1454
-23294.3846
-23272.5022
-23261.2369
-23253.5926
-23246.3730
-23256.5431
-23253.7491
-23268.0766
-23268.0319
-23286.6956
-23297.2903
-23299.0114
-23315.2611
-23318.0104
-23311.4166
-23323.6654
-23320.0667
-23337.5234
-23329.0074
-23350.5322
-23341.7032
-23344.6984
-23354.1531
-23354.4437
-23365.7760
-23351.3815
-23359.3387
-23367.9218
-23375.6555
-23383.5680
-23377.4884
-23380.8635
-23387.1667
-23382.0258
-23383.6351
-23375.7673
-23384.1045
-23377.1084
-23382.4281
-23371.4981
-23375.1861
-23383.9927
-23378.8742
-23389.3124
-23382.6963
-23385.3562
-23381.8917
-23389.5136
-23393.4922
-23384.2386
-23391.4135
-23381.7352
-23390.7876
-23398.0743
-23397.2250
-23388.8207
-23403.2599
-23389.6254
-23389.6701
-23392.2629
-23394.2075
-23395.6380
-23396.9791
-23399.8401
-23409.8984
-23407.3950
-23409.6078
-23400.1977
-23409.2725
-23405.8974
-23415.1063
-23412.4241
-23417.3415
-23412.8488
-23405.8974
-23408.4679
-23407.1268
-23403.4387
-23405.6292
-23416.8721
-23412.2006
-23411.6195
-23409.4961
-23403.7517
-23415.7098
-23426.7293
-23409.9207
-23414.4358
-23416.3357
-23409.0043
-23410.9713
-23408.5126
-23418.8614
-23402.9917
-23405.7186
-23399.5048
-23399.0354
-23407.5291
-23390.8324
-23404.1540
-23401.6506
-23411.7759
-23397.6496
-23400.2424
-23394.1181
-23401.5835
-23393.4699
-23395.9956
-23409.8984
-23404.7575
-23391.3241
-23390.3183
-23401.7624
-23397.7167
-23400.1754
-23390.6759
-23388.5301
-23400.4436
-23399.4825
-23402.0976
-23401.0695
-23389.4018
-23385.9373
-23397.6273
-23396.9344
-23393.1569
-23399.4378
-23405.0928
-23389.7371
-23403.8411
-23378.0919
-23391.5029
-23385.9597
-23391.8158
-23391.9276
-23387.8596
-23393.1793
-23385.3115
-23400.4883
-23394.6769
-23399.2590
-23393.9839
-23394.5651
-23399.9966
-23411.3960
-23406.3445
-23400.4883
-23408.5126
-23394.0287
-23401.0695
-23404.5116
-23391.1676
-23392.6875
-23392.6428
-23394.4533
-23395.9509
-23390.8100
-23395.8168
-23409.0267
-23396.9120
-23399.6836
-23395.7050
-23390.0053
-23392.9781
-23388.1725
-23396.3532
-23390.5641
-23396.8897
-23387.6361
-23385.7362
-23385.8032
-23401.8071
-23384.3280
-23379.4330
-23366.6701
-23344.9666
-23328.6945
-23284.1028
-23273.7092
-23260.9017
-23257.1242
-23259.5159
-23262.9580
-23264.1203
-23269.3059
-23286.9861
-23276.3244
-23287.5449
-23289.3778
-23295.7927
-23298.4079
-23303.0347
-23301.3583
-23307.0133
-23310.7684
-23314.8588
-23321.0502
-23323.7771
-23336.4506
-23335.2212
-23329.3874
-23337.5681
-23345.2795
-23357.8412
-23354.5331
-23361.9762
-23354.1755
-23356.9471
-23364.2338
-23364.6138
-23367.0277
-23362.8703
-23367.2960
-23375.2085
-23358.8694
-23366.4690
-23367.8771
-23367.0501
-23359.9869
-23364.3902
-23371.7663
-23371.2075
-23366.5137
-23365.6866
-23364.7926
-23368.5253
-23366.4913
-23363.5632
-23369.5088
-23360.2775
-23365.6419
-23367.6983
-23381.4670
-23371.2969
-23371.6322
-23368.4359
-23380.7964
-23377.4213
-23379.8129
-23385.8032
-23389.4912
-23388.5301
-23389.1336
-23395.5262
-23402.0306
-23400.3095
-23392.4193
-23393.5146
-23390.8771
-23398.8790
-23404.2210
-23400.4212
-23395.5933
-23401.5612
-23396.3085
-23398.3202
-23402.6564
-23405.9645
-23395.4815
-23404.1540
-23396.8450
-23399.5048
-23393.2240
-23401.5835
-23397.9626
-23389.9606
-23387.8372
-23389.4465
-23397.4261
-23399.7730
-23389.3795
-23391.5029
-23395.6156
-23408.2220
-23395.3251
-23393.2463
-23399.3931
-23397.6943
-23392.4193
-23400.2201
-23401.0024
-23399.8401
-23398.8343
-23402.7682
-23420.0014
-23401.1812
-23408.1550
-23393.5593
-23393.9169
-23400.5554
-23406.0315
-23401.8965
-23406.6574
-23394.0287
-23404.2657
-23398.3425
-23404.0646
-23401.7624
-23403.3046
-23416.5145
-23396.7556
-23413.4523
-23408.7585
-23411.5971
-23406.8138
-23407.4173
-23406.3221
-23411.1948
-23401.8294
-23411.7536
-23409.6749
-23413.9217
-23393.8945
-23407.1268
-23402.1870
-23404.5563
-23411.2395
-23418.2356
-23395.9285
-23402.2541
-23405.8527
-23403.6399
-23408.8479
-23401.2259
-23398.4096
-23403.5728
-23408.1550
-23403.5952
-23403.7964
-23407.5738
-23407.6409
-23402.2988
-23409.0937
-23403.5728
-23405.6516
-23416.2463
-23412.9606
-23403.4387
-23417.8109
-23402.2541
-23405.2492
-23401.2930
-23409.6302
-23392.7322
-23400.2648
-23399.4825
-23400.1083
-23401.9859
-23402.8576
-23402.1200
-23410.7701
-23394.8557
-23402.9693
-23407.0821
-23406.5456
-23407.4173
-23411.7312
-23411.7312
-23401.6729
-23407.6632
-23418.6379
-23417.8333
-23415.3522
-23409.7419
-23409.8313
-23411.8653
-23411.4407
-23414.2793
-23420.9178
-23409.4514
-23400.2424
-23409.6302
-23395.5262
-23402.9246
-23404.9140
-23402.5670
-23402.7458
-23399.5942
-23396.7779
-23400.1083
-23409.2502
-23409.4961
-23401.7177
-23398.2531
-23407.5068
-23414.2570
-23404.6904
-23410.3231
-23396.2638
-23398.8566
-23413.3182
-23408.3561
-23401.9412
-23399.3484
-23401.4271
-23401.8071
-23416.2239
-23410.6360
-23395.1015
-23398.1637
-23397.1132
-23402.0753
-23409.4514
-23400.4436
-23412.1559
-23403.0364
-23401.0471
-23407.3056
-23416.0675
-23393.8498
-23395.3027
-23396.3532
-23396.3309
-23404.9587
-23398.2531
-23413.0500
-23395.0121
-23389.4242
-23385.6244
-23389.2677
-23399.6166
-23409.5855
-23410.0772
-23394.6769
-23392.8664
-23393.9169
-23403.1705
-23402.4776
-23404.0199
-23402.3211
-23401.3824
-23404.5787
-23406.2998
-23398.0743
-23406.5233
-23401.6729
-23405.4280
-23409.8760
-23401.5835
-23408.4008
-23416.6263
-23415.0840
-23416.8498
-23405.4951
-23414.7934
-23405.9868
-23402.8129
-23400.1754
-23406.5456
-23409.1608
-23405.0928
-23396.8673
-23407.9091
-23402.4553
-23412.0665
-23404.4893
-23401.7400
-23402.8576
-23401.3377
-23409.4067
-23404.3775
-23399.6836
-23403.0364
-23404.4446
-23395.3921
-23398.4766
-24671.4085
-49340.3583
-49345.3651
-49337.7431
-49340.3806
-49345.1192
-49336.8491
-49333.9881
-49332.7811
-49334.0998
-49320.5547
-49316.1290
-49289.6422
-49255.1534
-49240.1554
-49238.1885
-49232.7794
-49237.2944
-49243.3964
-49237.4956
-49247.3750
-49261.1884
-49264.7423
-49274.3536
-49272.7666
-49269.5703
-49277.8628
-49279.8968
-49284.9707
-49285.2165
-49289.9104
-49296.4371
-49304.8190
-49301.0416
-49304.4837
-49298.6499
-49311.0328
-49315.9725
-49318.0289
-49309.1329
-49311.8151
-49320.9346
-49321.2252
-49318.8112
-49327.1484
-49322.2534
-49325.8073
-49323.0580
-49329.1154
-49329.7412
-49332.6916
-49334.0998
-49336.8491
-49330.7918
-49331.8870
-49337.9220
-49341.2971
-49336.6032
-49336.0221
-49335.3515
-49333.3399
-49339.3301
-49331.3729
-49337.1396
-49337.3632
-49344.8734
-49338.2125
-49339.9783
-49344.1804
-49339.7324
-49335.2621
-49340.1795
-49337.8549
-49345.6780
-49337.2738
-49338.0784
-49339.9113
-49350.4389
-49341.5653
-49336.4691
-49342.2358
-49342.8617
-49350.3942
-49346.3709
-49344.5604
-49342.6605
-49340.4030
-49344.2922
-49340.8500
-49340.8053
-49341.1853
-49338.9054
-49337.7878
-49338.5478
-49339.5760
-49342.1688
-49338.8384
-49337.0279
-49339.8442
-49341.4982
-49339.9560
-49335.8432
-49340.7383
-49345.2980
-49339.8442
-49337.4973
-49336.2679
-49347.1085
-49339.4642
-49335.6644
-49340.5148
-49339.8442
-49341.0289
-49338.5925
-49333.4963
-49336.2679
-49333.4069
-49337.5867
-49338.3690
-49334.4351
-49333.9210
-49332.3340
-49333.6975
-49338.6819
-49339.5313
-49340.3136
-49338.7266
-49346.0133
-49347.9802
-49350.2825
-49347.8014
-49346.4380
-49345.7227
-49348.0026
-49346.5274
-49349.7460
-49351.5565
-49348.6508
-49350.1931
-49348.5614
-49345.9909
-49348.0696
-49351.1765
-49346.7285
-49335.2397
-49323.3039
-49308.8647
-49278.8016
-49259.2885
-49242.9941
-49236.1992
-49236.6909
-49238.6132
-49240.4013
-49244.1787
-49243.7317
-49260.6296
-49266.6869
-49267.4246
-49279.6733
-49280.0980
-49284.7695
-49287.4964
-49290.2904
-49299.2758
-49304.6402
-49310.9658
-49310.1834
-49302.1145
-49312.9774
-49314.0056
-49320.0853
-49321.9628
-49319.9959
-49321.2476
-49335.2174
-49332.2893
-49335.0162
-49336.2679
-49335.4633
-49334.4798
-49343.3087
-49342.1241
-49344.9628
-49335.7315
-49338.3243
-49340.3806
-49343.5993
-49341.3641
-49340.0677
-49343.3087
-49338.1902
-49344.2475
-49337.9443
-49340.4477
-49346.1921
-49353.5458
-49344.1357
-49339.7101
-49346.0580
-49350.9530
-49348.0920
-49358.4409
-49366.1969
-49357.8821
-49353.9929
-49357.2786
-49356.9880
-49361.6819
-49362.8442
-49363.2688
-49372.7683
-49371.7849
-49369.7061
-49372.9695
-49375.9423
-49370.1308
-49380.4350
-49374.0871
-49373.3495
-49370.8014
-49376.8140
-49368.2980
-49365.7722
-49363.9841
-49371.3378
-49377.0599
-49381.2620
-49372.4554
-49378.0880
-49374.8247
-49382.3349
-49378.4457
-49379.8315
-49378.7809
-49377.7528
-49374.4671
-49373.2154
-49377.8422
-49373.1036
-49378.1998
-49374.8470
-49378.0433
-49369.4156
-49369.0803
-49367.3369
-49376.2776
-49372.7683
-49373.8859
-49368.5438
-49368.1862
-49367.4263
-49370.9131
-49371.0249
-49372.5225
-49368.3650
-49369.6838
-49374.1318
-49370.2873
-49371.8743
-49370.5108
-49371.6060
-49371.8743
-49372.9695
-49370.9578
-49378.7139
-49369.6391
-49369.1697
-49363.2465
-49365.5264
-49368.0074
-49373.4389
-49376.9705
-49376.9034
-49379.7197
-49380.5020
-49380.5020
-49376.1211
-49378.8257
-49385.5759
-49384.9724
-49383.1172
-49376.4117
-49381.8655
-49382.0667
-49387.2076
-49386.7382
-49384.0560
-49382.6925
-49383.0278
-49387.3417
-49387.3640
-49390.6721
-49384.9053
-49389.2192
-49385.9559
-49392.6390
-49391.1415
-49386.8946
-49381.2620
-49382.8043
-49377.7751
-49383.3854
-49376.9034
-49383.3407
-49388.9286
-49382.9384
-49379.9209
-49387.6769
-49381.9996
-49391.7003
-49385.3077
-49383.3184
-49388.2804
-49396.7741
-49387.3417
-49380.1444
-49388.8616
-49388.4369
-49389.1969
-49382.5807
-49373.9530
-49350.5730
-49331.5294
-49301.1980
-49294.5149
-49278.4663
-49279.1592
-49279.5392
-49282.9590
-49277.4828
-49285.1048
-49294.0008
-49297.6441
-49299.5440
-49298.0464
-49308.2835
-49308.0377
-49309.8258
-49306.3836
-49309.6694
-49311.6363
-49319.5265
-49321.3817
-49334.7927
-49330.0541
-49330.8141
-49331.7976
-49341.6771
-49338.5031
-49346.7732
-49347.6897
-49352.5400
-49351.8694
-49353.7246
-49354.6411
-49368.9685
-49367.6945
-49365.2581
-49361.3242
-49362.1736
-49357.8821
-49364.6546
-49365.3252
-49365.4817
-49358.6644
-49360.1396
-49362.5536
-49364.0735
-49359.7820
-49364.6323
-49371.6060
-49369.1250
-49365.5934
-49360.6537
-49363.2018
-49356.7198
-49361.5701
-49359.8267
-49379.1833
-49354.2834
-49358.5079
-49358.0832
-49363.4253
-49364.9676
-49370.5555
-49371.2931
-49376.1881
-49373.7965
-49379.9209
-49382.2231
-49384.0113
-49385.4418
-49385.8664
-49375.2941
-49379.8091
-49385.8441
-49387.2299
-49384.5700
-49377.9316
-49378.6915
-49377.1716
-49376.9481
-49380.5244
-49383.0054
-49376.2776
-49381.4855
-49371.0249
-49377.5292
-49371.4943
-49384.2571
-49379.8538
-49383.9218
-49373.6177
-49376.5681
-49376.3446
-49374.0647
-49376.7916
-49373.0365
-49382.4690
-49378.4457
-49380.1444
-49376.4340
-49381.5302
-49378.6468
-49379.3174
-49380.1444
-49381.5526
-49378.4904
-49382.6925
-49384.0560
-49396.8635
-49383.1842
-49388.4593
-49380.3903
-49390.2697
-49392.9520
-49397.4894
-49392.5720
-49394.2931
-49394.7177
-49397.3999
-49400.3280
-49398.6069
-49399.0316
-49387.0511
-49390.3144
-49389.3533
-49396.2824
-49397.2882
-49397.8470
-49397.4894
-49395.4777
-49391.9461
-49389.0627
-49390.9179
-49395.3212
-49394.1589
-49397.4223
-49389.2192
-49394.5836
-49386.4923
-49390.5603
-49391.0521
-49399.6351
-49399.5457
-49398.8305
-49400.1045
-49397.8917
-49403.2785
-49399.4116
-49400.5962
-49404.0384
-49401.6244
-49397.6682
-49397.7799
-49403.8596
-49402.3620
-49401.9150
-49406.8324
-49399.3669
-49406.5865
-49410.3863
-49408.6429
-49403.7925
-49409.5817
-49401.4009
-49403.3679
-49403.0326
-49412.1521
-49403.5914
-49406.0054
-49405.5807
-49406.9218
-49408.1958
-49410.9228
-49408.4641
-49411.5039
-49411.6604
-49414.9014
-49416.2872
-49414.6555
-49420.3775
-49423.4621
-49413.8955
-49413.0238
-49420.1987
-49420.7799
-49422.9256
-49415.6837
-49419.9529
-49424.7361
-49423.4397
-49420.7352
-49420.0199
-49425.8090
-49426.8372
-49422.6351
-49431.1511
-49424.6244
-49432.3581
-49428.1336
-49423.4397
-49425.4737
-49427.8430
-49425.7196
-49424.6467
-49435.9567
-49430.2123
-49431.8216
-49422.0092
-49421.9422
-49426.4125
-49433.6321
-49432.0005
-49429.0277
-49428.0665
-49434.8838
-49429.6088
-49428.2677
-49428.1112
-49432.5816
-49432.7381
-49438.7283
-49431.3746
-49429.0724
-49431.1287
-49432.5369
-49439.0636
-49430.7935
-49430.3017
-49428.4242
-49431.1287
-49431.2852
-49430.1229
-49436.9178
-49433.6098
-49425.8984
-49433.0510
-49426.4349
-49435.7108
-49419.3717
-49428.3795
-49415.3260
-49429.1171
-49429.3406
-49428.1336
-49427.1725
-49433.4533
-49433.2969
-49435.8450
-49431.8887
-49442.1481
-49445.4562
-49442.8634
-49441.5893
-49435.6214
-49434.8168
-49436.6273
-49445.9703
-49439.6447
-49440.2035
-49432.0675
-49438.9071
-49439.1083
-49445.5456
-49446.3950
-49451.0888
-49447.5796
-49455.6262
-49450.1948
-49458.7108
-49452.0276
-49450.1501
-49449.1889
-49449.3231
-49448.5854
-49444.5621
-49438.1695
-49446.4397
-49450.5077
-49450.5077
-49447.8702
-49444.1598
-49449.5242
-49442.8410
-49455.8051
-49448.5854
-49447.1326
-49456.0956
-49453.9275
-49443.4445
-49448.4290
-22988.1880
-45971.5257
-45979.3041
-45976.2643
-45969.0223
-45976.4878
-45971.5928
-45971.0116
-45974.2526
-45974.2750
-45966.2060
-45947.0953
-45925.7941
-45892.1100
-45865.6008
-45858.0236
-45850.1558
-45849.5076
-45855.4531
-45848.8146
-45859.3200
-45866.1820
-45865.7126
-45875.9720
-45876.8214
-45881.7164
-45887.9302
-45898.0779
-45900.9836
-45905.4093
-45917.8368
-45915.0876
-45925.5258
-45925.4811
-45927.0681
-45924.6541
-45932.5443
-45937.0593
-45935.5618
-45937.7969
-45939.8310
-45944.3907
-45937.0593
-45940.1215
-45935.0477
-45939.9651
-45936.2323
-45937.2605
-45939.4957
-45929.1692
-45933.2819
-45926.0846
-45931.9631
-45927.3363
-45929.4150
-45931.9631
-45930.8232
-45923.5589
-45925.4811
-45925.2576
-45919.6920
-45928.2751
-45921.5025
-45919.8485
-45922.5531
-45924.3635
-45917.6133
-45918.8650
-45932.9690
-45917.2780
-45914.7299
-45917.4122
-45912.4277
-45920.0497
-45919.0885
-45911.9583
-45918.6415
-45921.2343
-45918.2392
-45911.9583
-45920.5861
-45925.4588
-45921.1002
-45919.3791
-45914.3947
-45915.9146
-45913.0089
-45915.7358
-45916.1158
-45922.1284
-45916.9651
-45915.8475
-45914.1711
-45918.0604
-45912.2265
-45918.7086
-45912.6065
-45912.7853
-45912.7183
-45917.7251
-45905.1857
-45903.9341
-45910.5502
-45928.9009
-45920.6532
-45912.1595
-45907.0633
-45913.3888
-45913.1653
-45906.4598
-45908.9185
-45911.0419
-45918.5744
-45909.7902
-45907.8009
-45914.4170
-45911.3101
-45909.2314
-45915.8252
-45906.5269
-45908.4268
-45911.6678
-45912.4501
-45910.5949
-45910.6172
-45908.5609
-45905.9010
-45903.9341
-45906.7951
-45909.6784
-45899.7766
-45905.7222
-45900.3578
-45899.7990
-45897.7873
-45909.0526
-45907.1974
-45903.9117
-45897.0944
-45895.7086
-45892.2441
-45908.1138
-45913.3441
-45902.9282
-45884.1081
-45877.2014
-45858.2694
-45829.9498
-45810.7496
-45797.0480
-45789.4708
-45802.7030
-45802.5242
-45817.2316
-45823.8701
-45827.4911
-45839.9634
-45852.0109
-45856.6601
-45859.0294
-45870.9205
-45875.8826
-45876.0167
-45884.9798
-45886.1644
-45890.1207
-45901.2965
-45909.7679
-45902.0342
-45910.5055
-45920.1614
-45920.3849
-45919.8708
-45916.8981
-45926.6434
-45931.6055
-45948.9281
-45936.8358
-45947.3858
-45941.1944
-45942.4461
-45948.0117
-45948.6599
-45939.9204
-45945.0389
-45943.1837
-45942.9378
-45951.7668
-45943.4966
-45951.0515
-45957.9806
-45959.4111
-45956.9747
-45952.4820
-45952.4373
-45964.0379
-45971.9281
-45962.8980
-45956.8183
-45961.4227
-45954.7396
-45960.3275
-45957.2653
-45959.3887
-45955.4772
-45955.9242
-45950.6939
-45959.8805
-45959.5228
-45956.8853
-45958.0029
-45958.0029
-45975.9067
-45964.1944
-45968.0389
-45970.2517
-45967.3683
-45972.3974
-45968.5753
-45972.6433
-45963.9708
-45976.4655
-45973.4033
-45975.5267
-45973.8950
-45975.7502
-45982.8581
-45980.3994
-45969.7152
-45981.6064
-45978.5665
-45989.3177
-45979.0583
-45993.2516
-45989.3177
-45987.5296
-45982.0087
-45979.0583
-45988.6919
-45983.2380
-45978.4995
-45986.7249
-45984.3333
-45978.9018
-45976.3984
-45985.5850
-45990.5024
-45989.7647
-45983.8415
-45983.7298
-45988.6025
-45981.1593
-45981.6511
-45984.6686
-45989.1165
-45987.1272
-45984.2215
-45990.0777
-45985.1156
-45988.7142
-45978.2983
-45980.6452
-45986.3002
-45983.5510
-45991.2400
-45991.5529
-45991.4188
-45985.8979
-45981.7181
-45989.2954
-45991.9552
-45988.8707
-45989.9659
-45990.5694
-45988.7366
-45983.7298
-45976.7337
-45967.7930
-45959.0535
-45965.6025
-45969.0670
-45963.7250
-45956.4383
-45967.4130
-45955.3207
-45958.9193
-45952.2585
-45955.3207
-45960.2157
-45960.7522
-45957.7571
-45965.9154
-45967.5918
-45961.6239
-45954.1137
-45958.1370
-45960.0593
-45966.1837
-45949.7328
-45953.4879
-45949.5093
-45940.0768
-45949.1740
-45947.9893
-45949.4646
-45950.7833
-45951.7668
-45940.5686
-45944.4354
-45936.5899
-45933.2819
-45931.6279
-45928.6551
-45935.2488
-45937.1264
-45926.6211
-45924.3635
-45920.0497
-45919.1332
-45928.6327
-45916.2052
-45908.1362
-45880.9341
-45856.3472
-45820.2715
-45812.6272
-45792.9576
-45786.2521
-45797.4056
-45793.6058
-45792.5106
-45807.8886
-45811.0178
-45808.4250
-45818.0139
-45819.6009
-45831.0674
-45835.4036
-45834.5095
-45830.6650
-45832.6096
-45836.1189
-45840.5892
-45853.2626
-45854.9167
-45863.0080
-45861.0858
-45856.5036
-45862.1810
-45870.9429
-45874.1839
-45871.8593
-45872.1499
-45873.3122
-45871.4793
-45869.9594
-45859.6552
-45852.1451
-45868.1936
-45870.1382
-45865.8690
-45875.0556
-45875.7038
-45872.2616
-45864.4609
-45860.9293
-45864.8632
-45879.5259
-45875.3238
-45868.5959
-45861.7340
-45865.4890
-45862.0916
-45867.9477
-45869.9147
-45876.8884
-45865.4443
-45872.0828
-45872.7087
-45877.4696
-45883.9292
-45883.9069
-45881.9846
-45888.4443
-45892.6911
-45891.3724
-45899.3966
-45907.1303
-45904.6940
-45905.2081
-45906.3927
-45901.5201
-45902.1459
-45905.9457
-45897.8991
-45905.2975
-45910.7290
-45914.3500
-45912.8077
-45902.7494
-45915.2887
-45916.4957
-45912.8747
-45916.2499
-45913.6124
-45918.8874
-45919.0438
-45921.6813
-45917.2110
-45908.7397
-45920.6085
-45910.6843
-45911.0643
-45905.6775
-45908.8738
-45916.0263
-45909.8349
-45917.1439
-45910.2372
-45916.8087
-45922.5307
-45919.8708
-45920.0050
-45928.4763
-45915.4005
-45912.9642
-45912.7406
-45911.1313
-45911.1984
-45913.5229
-45916.5181
-45921.3908
-45920.9884
-45918.6191
-45906.5716
-45911.5113
-45912.4724
-45912.0254
-45916.7192
-45912.9195
-45914.0370
-45914.8193
-45912.7853
-45920.0944
-45916.0934
-45921.3461
-45924.6541
-45924.6988
-45930.3985
-45928.7668
-45927.2916
-45925.4811
-45927.4034
-45941.3956
-45930.9573
-45930.8456
-45939.4510
-45945.5753
-45927.4257
-45937.5511
-45947.6764
-45933.9077
-45936.4335
-45939.1380
-45941.5073
-45935.4724
-45939.8757
-45928.7892
-45941.7085
-45932.7231
-45940.9932
-45938.4898
-45940.3674
-45945.1954
-45944.1225
-45934.2654
-45940.3897
-45942.5355
-45948.4587
-45954.1137
-45938.5122
-45946.1565
-45952.0127
-45951.9679
-45944.2342
-45954.2478
-45943.0049
-45949.1293
-45944.3460
-45944.7930
-45939.1604
-45947.1623
-45940.3674
-45941.3285
-45945.5530
-45940.6803
-45948.1234
-45943.4966
-45939.9427
-45948.4811
-45952.2362
-45939.6521
-45947.3188
-45945.2177
-45940.7474
-45944.5472
-45940.8591
-45948.8834
-45952.1468
-45945.2848
-45938.7804
-45943.4966
-45949.2187
-45943.4296
-45942.6920
-45949.2857
-45952.3926
-45948.4140
-45946.8718
-45935.2712
-45939.7415
-45942.1332
-45943.8766
-45942.1779
-45951.5656
-45946.4247
-45944.3684
-45946.0224
-45946.0671
-45945.9777
-45951.9903
-45954.9407
-45952.9067
-45954.5384
-45946.5588
-45945.8212
-45949.7104
-45959.2546
-45956.2148
-45949.2634
-45946.0447
-45950.0457
-45951.3421
-45956.4606
-45960.1263
-45958.1594
-45955.4325
-45954.8290
-45956.5724
-45948.7269
-45948.8164
-45960.5734
-45965.2002
-45966.1166
-45957.8465
-45959.3887
-45953.9796
-45948.0117
-45953.6890
-45962.9650
-45968.3741
-45968.6871
-45973.8056
-45945.2401
-45950.7163
-45948.7493
-45946.8718
-45959.7240
-45970.9222
-45960.1040
-45963.0321
-45954.9407
-45950.4927
-45958.5394
-45951.4092
-45950.4480
-45952.1915
-45955.2984
-45955.3431
-45960.4840
-45956.3936
-45963.6579
-45953.0632
-45957.1983
-45958.4276
-45953.2644
-45957.7123
-45958.8299
-45962.6521
-45964.7084
-45956.8853
-45957.8465
-45952.0574
-45949.5763
-45952.0350
-45960.8639
-45963.7473
-45964.1049
-45954.3596
-45961.6686
-45962.7415
-45965.8707
-45966.8766
-45967.1001
-45966.6307
-45963.1885
-45972.1739
-45972.2857
-45965.5355
-45968.4635
-45965.5802
-45966.6977
-45966.2284
-22368.8435
-44735.2507
-44738.5811
-44737.1730
-44739.0058
-44729.5287
-44728.8134
-44731.1604
-44733.2167
-44732.1215
-44713.6366
-44702.2372
-44674.0964
-44632.5221
-44615.0878
-44594.9712
-44588.7574
-44586.7010
-44599.3074
-44601.4755
-44609.7904
-44618.3064
-44632.3657
-44640.0100
-44636.8807
-44635.4502
-44643.2957
-44652.0352
-44652.1246
-44663.0323
-44661.6241
-44664.9769
-44671.1906
-44680.8913
-44685.5405
-44677.8962
-44683.1712
-44687.3510
-44689.4297
-44688.6250
-44685.9651
-44693.1177
-44688.6697
-44684.4452
-44688.7144
-44694.2353
-44690.9272
-44695.1070
-44693.7883
-44689.1838
-44692.2013
-44693.7883
-44691.4413
-44692.5589
-44697.8563
-44702.4607
-44697.8339
-44694.8835
-44696.6493
-44698.2586
-44692.5589
-44690.3684
-44676.0857
-44681.7407
-44688.2674
-44688.0439
-44685.3393
-44682.4783
-44691.0390
-44680.3772
-44675.9069
-44682.1206
-44685.3616
-44686.8369
-44686.4792
-44684.6464
-44678.4550
-44692.6036
-44687.4851
-44679.9078
-44679.9078
-44683.4617
-44687.2615
-44681.0254
-44681.3160
-44683.4841
-44673.1352
-44672.1741
-44671.3248
-44675.1022
-44680.3772
-44677.0915
-44671.6824
-44673.5823
-44667.1897
-44674.9904
-44673.0905
-44667.4132
-44672.6659
-44674.2752
-44671.4589
-44667.7261
-44671.0342
-44679.7737
-44668.6872
-44664.6192
-44666.3627
-44669.4696
-44653.5998
-44662.5629
-44674.8563
-44669.0672
-44674.2975
-44672.6212
-44671.7718
-44670.2295
-44666.8544
-44666.6532
-44674.1411
-44664.9322
-44662.0264
-44665.7592
-44668.0390
-44671.9506
-44670.2519
-44677.6503
-44674.8116
-44678.3879
-44680.3325
-44678.4997
-44674.5210
-44678.4550
-44676.4209
-44665.3121
-44677.4491
-44683.4841
-44681.6960
-44677.7621
-44679.0808
-44676.4209
-44675.1469
-44681.4724
-44681.2042
-44676.2421
-44656.6397
-44642.2675
-44624.7884
-44592.3784
-44564.3493
-44547.7643
-44535.6050
-44538.5107
-44532.9227
-44542.3775
-44551.4523
-44544.4339
-44569.1102
-44579.0344
-44581.8954
-44587.4834
-44596.2229
-44604.3589
-44605.8341
-44613.8137
-44617.9488
-44617.2112
-44632.9021
-44634.9138
-44631.5163
-44642.5581
-44651.7223
-44643.9886
-44648.4142
-44656.8408
-44662.2052
-44669.9613
-44666.8768
-44675.4151
-44675.4598
-44674.3869
-44681.4277
-44685.5405
-44683.2382
-44681.7854
-44674.0293
-44674.2305
-44681.6513
-44685.6075
-44690.3908
-44688.4015
-44685.0934
-44689.1614
-44694.3247
-44691.7319
-44692.8271
-44691.1284
-44693.4083
-44694.2576
-44688.1109
-44694.1459
-44694.8835
-44689.2061
-44700.5608
-44711.7814
-44698.5939
-44706.3723
-44700.6055
-44710.9097
-44714.1954
-44719.2469
-44717.4140
-44722.9349
-44728.6793
-44721.4821
-44722.7114
-44725.5724
-44720.0739
-44726.3100
-44715.4694
-44723.9855
-44720.8786
-44723.3149
-44718.6657
-44706.4170
-44710.7979
-44715.0224
-44718.4869
-44723.2926
-44719.9398
-44723.3149
-44726.2430
-44733.2614
-44728.8358
-44735.5190
-44726.4889
-44733.1273
-44727.2041
-44718.6657
-44719.1351
-44720.9009
-44730.1322
-44728.0535
-44724.8572
-44721.9738
-44713.1449
-44721.6609
-44724.8572
-44724.5443
-44730.3781
-44723.7619
-44715.0671
-44712.4520
-44716.8106
-44720.6774
-44718.5763
-44712.5190
-44712.2284
-44714.7318
-44706.5511
-44712.4073
-44716.4082
-44722.2867
-44713.4578
-44710.7979
-44712.7425
-44721.1244
-44709.7921
-44707.0428
-44701.5890
-44705.3665
-44716.1847
-44715.8047
-44715.6036
-44711.8932
-44711.0214
-44720.6998
-44714.7318
-44706.6852
-44706.9311
-44708.7639
-44710.4850
-44709.6133
-44708.7416
-44715.8494
-44714.2625
-44714.7989
-44713.8601
-44720.9680
-44712.3178
-44712.8990
-44720.9903
-44722.9126
-44722.1303
-44713.5248
-44716.4082
-44715.5365
-44716.5647
-44716.8329
-44713.5248
-44710.5074
-44697.9680
-44694.2353
-44698.1692
-44698.1468
-44699.2421
-44703.9583
-44695.3976
-44686.0993
-44698.4598
-44700.4491
-44709.2780
-44700.7843
-44697.6551
-44700.3373
-44705.7464
-44701.0973
-44702.9972
-44706.1711
-44708.2945
-44705.1653
-44693.6988
-44683.5735
-44664.3287
-44631.6504
-44589.2715
-44575.6593
-44561.0859
-44552.6593
-44556.4815
-44554.1346
-44536.9684
-44550.0665
-44569.5796
-44579.2579
-44581.2249
-44580.8672
-44590.3667
-44585.0694
-44592.0431
-44597.0946
-44595.7088
-44596.5135
-44610.3492
-44613.2773
-44633.6621
-44636.5454
-44628.3647
-44634.0867
-44640.6805
-44638.1101
-44637.1042
-44646.2461
-44658.2490
-44663.4569
-44659.5901
-44659.3442
-44662.5182
-44657.6231
-44654.4492
-44661.7359
-44661.9817
-44667.7932
-44678.3432
-44669.7825
-44667.2120
-44665.0216
-44669.9389
-44669.0672
-44667.7708
-44661.6017
-44660.8194
-44666.7873
-44679.3267
-44677.7844
-44667.4579
-44663.2334
-44651.6329
-44649.3530
-44652.1470
-44672.8447
-44655.7232
-44662.8981
-44659.6571
-44673.4258
-44677.5609
-44678.5444
-44683.6182
-44688.1556
-44683.8417
-44683.9311
-44696.8504
-44688.2897
-44685.1828
-44683.7747
-44679.7067
-44688.5803
-44700.5385
-44701.8796
-44696.1799
-44688.6474
-44685.6522
-44679.7067
-44678.4997
-44687.7086
-44684.2664
-44688.3568
-44689.4744
-44685.6969
-44683.0147
-44677.3597
-44688.1109
-44686.4345
-44686.5910
-44679.3937
-44680.9136
-44682.9477
-44680.8019
-44689.5861
-44684.9817
-44693.3636
-44689.7426
-44688.4685
-44686.4122
-44684.5793
-44683.6853
-44694.1682
-44697.0740
-44687.5074
-44688.3568
-44694.1459
-44692.0448
-44706.2829
-44698.7056
-44704.7630
-44691.5531
-44696.6940
-44705.9923
-44704.1371
-44713.3237
-44722.9796
-44719.2469
-44705.2323
-44709.9709
-44708.6522
-44705.9029
-44709.8145
-44710.7085
-44712.4520
-44713.9942
-44708.7863
-44700.9855
-44704.7183
-44695.0847
-44701.5220
-44692.7601
-44702.8854
-44707.5122
-44706.3499
-44705.6347
-44703.2207
-44702.6395
-44696.1799
-44693.3859
-44696.0458
-44698.8621
-44699.5103
-44711.1332
-44708.9427
-44704.9641
-44707.1993
-44701.0973
-44701.4773
-44704.1818
-44697.0293
-44704.0254
-44701.5667
-44702.2149
-44703.1313
-44703.5560
-44706.0594
-44704.1595
-44700.9632
-44708.3839
-44711.0662
-44700.7620
-44707.9146
-44699.8232
-44702.9748
-44700.5608
-44703.5113
-44693.4306
-44701.2984
-44702.7513
-44701.2984
-44701.7902
-44702.1031
-44709.6356
-44716.1400
-44714.2177
-44711.2003
-44717.6376
-44721.9962
-44726.1089
-44727.6288
-44717.2129
-44707.4228
-44716.2071
-44721.3927
-44718.5763
-44721.6832
-44721.6162
-44717.6152
-44723.0914
-44719.5598
-44716.6764
-44718.4646
-44713.2343
-44711.4908
-44728.4111
-44722.7785
-44729.7075
-44725.4830
-44722.8455
-44722.4879
-44720.1857
-44721.6162
-44714.5530
-44725.0360
-44726.6230
-44730.5122
-44726.3324
-44718.3752
-44722.7114
-44723.4267
-44717.9952
-44721.5268
-44707.7134
-44720.3868
-44721.8620
-44709.8145
-44716.7211
-44719.8504
-44724.0078
-44727.5394
-44724.6113
-44718.0846
-44705.0982
-44713.8825
-44720.5433
-44719.9845
-44716.9000
-44708.7416
-44713.8378
-44716.7211
-44710.7756
-44714.9554
-44715.7377
-44710.5297
-44713.9495
-44713.8378
-44711.5355
-44694.4141
-44710.9544
-44688.0886
-44708.9204
-44716.7882
-44710.7532
-44707.4675
-44709.0098
-44704.4277
-44717.9281
-44707.4452
-44723.0467
-44732.7920
-44728.6123
-44722.4879
-44718.3305
-44718.4646
-44722.1526
-44724.8572
-44721.3256
-44722.2197
-44719.2469
-44723.0020
-44718.7775
-44717.7046
-44726.1312
-44719.8504
-44720.5880
-44734.9825
-44725.5054
-44726.6453
-44719.1351
-44708.8086
-44722.8232
-44728.1205
-44723.5384
-44715.1789
-44705.7241
-44720.8339
-44726.2877
-44726.6230
-44723.4043
-44722.4432
-44719.8951
-44715.4024
-44718.7775
-44719.3586
-44715.9835
-44717.4140
-44714.5977
-44708.3616
-44700.0244
-24195.4281
-48387.2576
-48392.3985
-48393.3372
-48391.5267
-48391.1915
-48385.5812
-48386.6988
-48392.1526
-48388.6881
-48377.3781
-48363.4306
-48339.1343
-48293.4696
-48270.4697
-48255.0693
-48247.6933
-48246.4416
-48268.9945
-48252.0519
-48265.4182
-48278.0916
-48285.4677
-48291.1898
-48299.3482
-48296.9118
-48305.3608
-48311.4628
-48324.8738
-48331.5570
-48337.2344
-48343.5376
-48350.2654
-48351.5395
-48349.9749
-48354.8475
-48357.6862
-48368.8397
-48369.2421
-48367.9457
-48365.9787
-48378.7639
-48368.1915
-48371.8125
-48373.1983
-48373.0419
-48373.7348
-48373.1760
-48376.8193
-48373.8912
-48373.6677
-48377.1769
-48381.2002
-48378.2275
-48377.8698
-48387.1905
-48388.1069
-48385.3130
-48379.0992
-48385.1118
-48383.8824
-48385.2459
-48381.8931
-48380.6861
-48385.6706
-48384.1507
-48383.0778
-48381.1779
-48399.4169
-48379.7027
-48381.1779
-48378.8086
-48384.2848
-48387.7940
-48387.6375
-48383.5472
-48386.5423
-48392.0408
-48388.6210
-48385.2236
-48389.1798
-48395.3042
-48393.9854
-48390.0962
-48391.0350
-48390.2974
-48389.6716
-48390.6103
-48384.5306
-48394.0748
-48388.3304
-48390.3868
-48384.8436
-48387.6152
-48389.6939
-48388.8222
-48387.1235
-48387.1905
-48386.0506
-48391.8844
-48386.3411
-48384.0613
-48389.0904
-48405.4742
-48395.8183
-48388.6210
-48382.9884
-48393.1584
-48387.0564
-48379.6580
-48382.9437
-48388.3304
-48392.5326
-48383.4801
-48386.6764
-48385.1789
-48391.3032
-48388.3975
-48386.3411
-48377.0652
-48386.0953
-48383.3237
-48383.1448
-48389.1798
-48390.0292
-48392.0185
-48387.9281
-48390.2303
-48390.1409
-48392.6667
-48386.6988
-48390.8338
-48385.9612
-48389.2916
-48383.8824
-48400.0428
-48405.4519
-48386.9670
-48383.2566
-48382.8990
-48381.5132
-48393.8290
-48393.9407
-48387.7269
-48371.1196
-48361.8213
-48338.4637
-48310.4570
-48278.7622
-48264.7700
-48258.6903
-48254.1082
-48266.1782
-48258.8468
-48273.3084
-48277.5328
-48299.3258
-48310.7028
-48308.4677
-48328.9419
-48320.4482
-48326.9973
-48336.2956
-48331.8029
-48345.7951
-48342.7105
-48360.1225
-48363.4977
-48363.8106
-48366.8951
-48371.9913
-48369.5326
-48373.9583
-48378.2722
-48384.5754
-48397.2264
-48397.4723
-48398.4558
-48403.0379
-48406.2789
-48410.0787
-48411.3527
-48400.1992
-48403.9990
-48397.9640
-48417.0971
-48396.0418
-48400.9368
-48406.1001
-48405.9660
-48410.6822
-48416.0690
-48407.2177
-48412.6044
-48410.4363
-48426.9990
-48407.4188
-48423.9591
-48401.6968
-48411.7998
-48419.9805
-48409.2070
-48409.5199
-48426.9990
-48410.9951
-48412.0456
-48412.3139
-48410.8610
-48415.5102
-48424.2497
-48417.6559
-48426.8425
-48430.8882
-48429.9717
-48426.7978
-48430.4635
-48428.2507
-48437.0125
-48430.5529
-48430.0388
-48430.4411
-48427.0660
-48428.2283
-48426.7307
-48423.8697
-48425.4567
-48433.0563
-48438.4878
-48433.9727
-48437.7054
-48423.8921
-48438.2419
-48448.1661
-48431.3799
-48434.3527
-48432.9445
-48428.1836
-48425.8590
-48425.5908
-48436.0067
-48423.9144
-48424.0709
-48424.4285
-48425.7696
-48416.2925
-48416.0913
-48425.0991
-48427.0884
-48430.9329
-48420.7181
-48413.9455
-48413.1856
-48418.8629
-48421.9251
-48422.2827
-48435.9173
-48428.6530
-48418.7735
-48412.6715
-48421.2546
-48413.5432
-48413.4985
-48414.0573
-48410.8163
-48416.6501
-48415.9349
-48417.1865
-48409.3858
-48423.1768
-48399.2604
-48415.4655
-48415.1525
-48412.7609
-48418.0136
-48424.6967
-48407.4859
-48410.5481
-48398.9699
-48407.0389
-48397.0923
-48409.6093
-48409.3634
-48405.6530
-48407.8659
-48402.9261
-48412.0456
-48414.3702
-48414.7949
-48409.7658
-48410.4587
-48418.1700
-48425.4790
-48425.0097
-48419.2206
-48416.2925
-48415.0855
-48417.1642
-48430.2176
-48413.0068
-48410.9057
-48405.7648
-48403.5520
-48411.9786
-48406.6589
-48409.9222
-48424.8755
-48417.2313
-48410.4587
-48413.4091
-48409.0282
-48414.0350
-48408.4023
-48413.2079
-48413.4315
-48413.6550
-48408.9835
-48404.3566
-48410.4587
-48414.7279
-48413.3644
-48404.1331
-48390.8562
-48368.7950
-48341.3694
-48294.0061
-48284.5513
-48270.8497
-48264.1218
-48270.5591
-48274.2024
-48274.5377
-48284.8866
-48294.4978
-48290.9439
-48299.0576
-48300.7116
-48310.0546
-48311.5522
-48318.2130
-48314.0109
-48319.6882
-48320.5600
-48334.0157
-48343.7834
-48348.4549
-48354.6464
-48349.5055
-48352.2771
-48360.3237
-48369.9126
-48376.0817
-48369.6667
-48373.8689
-48375.9029
-48380.9544
-48383.7036
-48379.5015
-48376.7969
-48387.2799
-48393.6055
-48391.7726
-48391.7056
-48391.8844
-48390.0515
-48391.3703
-48387.3023
-48388.8445
-48394.7230
-48396.3324
-48387.8611
-48382.6084
-48383.3237
-48389.6492
-48389.5821
-48394.2090
-48391.6162
-48377.4228
-48384.4859
-48390.0515
-48409.9446
-48397.0923
-48396.9806
-48397.0700
-48402.8367
-48401.3392
-48407.8882
-48421.0758
-48426.9990
-48422.8192
-48417.8347
-48424.1826
-48424.4732
-48426.7754
-48427.4460
-48423.8697
-48423.6239
-48428.3401
-48430.7317
-48431.4917
-48425.1661
-48433.3245
-48435.4479
-48428.2954
-48432.2516
-48437.5043
-48434.5762
-48437.1914
-48435.2691
-48430.2176
-48423.5121
-48430.3741
-48424.9873
-48422.2157
-48415.8231
-48419.2876
-48425.6132
-48421.1428
-48426.7531
-48424.1826
-48425.2555
-48432.9222
-48431.1117
-48427.0213
-48428.6306
-48425.3673
-48421.4110
-48426.1272
-48424.8532
-48428.3848
-48427.1331
-48431.3352
-48445.9085
-48431.8046
-48433.4810
-48423.7580
-48422.0369
-48426.0155
-48428.2954
-48428.8318
-48434.3303
-48430.7541
-48428.9212
-48422.3722
-48425.5908
-48428.5412
-48431.8493
-48440.7006
-48435.7832
-48441.5947
-48432.6987
-48430.3741
-48433.6598
-48435.6267
-48436.2302
-48432.5645
-48433.8162
-48435.6044
-48437.8396
-48432.5422
-48428.3401
-48429.4577
-48425.3896
-48423.6239
-48431.4246
-48447.6520
-48420.6064
-48428.1836
-48428.8765
-48428.4518
-48427.1107
-48426.1496
-48423.9144
-48430.9329
-48429.2118
-48426.1719
-48427.5131
-48434.5092
-48441.7511
-48435.5597
-48437.1020
-48429.8153
-48432.8104
-48440.8123
-48441.6170
-48432.2069
-48441.6170
-48430.9999
-48429.5247
-48428.0271
-48426.9319
-48419.8241
-48423.0874
-48423.4450
-48422.8415
-48427.1554
-48428.0718
-48424.6744
-48431.4023
-48427.4907
-48433.0563
-48432.2740
-48430.7541
-48435.4032
-48438.3537
-48433.8162
-48428.3401
-48432.0952
-48441.1253
-48441.9076
-48437.0349
-48436.7220
-48428.1613
-48433.0786
-48433.5257
-48432.1622
-48438.0631
-48438.7336
-48421.1205
-48430.3294
-48420.9640
-48425.6802
-48429.8600
-48423.6015
-48425.5461
-48425.1438
-48421.3663
-48425.0320
-48430.7541
-48434.4868
-48427.4907
-48430.7094
-48426.4849
-48434.3303
-48429.8823
-48429.4800
-48421.1875
-48423.0651
-48432.9222
-48429.7929
-48424.0262
-48423.2662
-48425.3896
-48425.9931
-48431.4693
-48429.6812
-48423.6015
-48419.3323
-48415.8231
-48421.2099
-48421.7240
-48428.6083
-48432.3187
-48434.3750
-48430.5976
-48427.3119
-48429.5024
-48414.1020
-48415.9125
-48415.4878
-48420.6734
-48426.9543
-48420.5617
-48432.8104
-48410.2128
-48415.2196
-48415.3314
-48413.0515
-48418.2371
-48426.3508
-48425.2779
-48416.5831
-48416.8513
-48419.5558
-48423.9815
-48420.2934
-48422.5733
-48426.4849
-48421.1875
-48425.9708
-48429.4577
-48423.1098
-48427.8483
-48426.3508
-48426.1496
-48425.6355
-48418.4159
-48428.7424
-48432.0728
-48437.9513
-48438.0407
-48430.8882
-48431.8716
-48423.1992
-48422.4839
-48424.1379
-48428.6977
-48430.3741
-48427.6472
-48418.7288
-48428.2507
-48427.7813
-48429.4577
-48430.7988
-48427.3342
-48425.0320
-48421.9251
-48428.4965
-48428.1836
-48422.6851
-48423.1545
-48418.0359
-48418.7065
-48419.8017
6736.1676
13480.2924
13474.8386
13474.7938
13475.7550
13479.3089
13485.2098
13483.8016
13476.6490
13485.6121
13494.1058
13509.3273
13535.3894
13586.1502
13611.2736
13627.9480
13634.4077
13635.6370
13617.9568
13629.2221
13617.0404
13608.5243
13598.1308
13587.0667
13580.3388
13576.1590
13570.5711
13563.1503
13545.7159
13540.2174
13537.7811
13525.0853
13525.0182
13522.9395
13523.3642
13523.7665
13515.6975
13506.8462
13509.1932
13511.2942
13510.7131
13502.8900
13507.5615
13504.0746
13508.3438
13506.6898
13503.6723
13504.1640
13507.5839
13514.4458
13505.9969
13497.9726
13498.9114
13502.0183
13500.2525
13487.2214
13487.9143
13492.2729
13495.0892
13488.9872
13495.4245
13493.5917
13504.6334
13502.6441
13497.6150
13497.8832
13500.9007
13506.9580
13493.5917
13510.4896
13510.0425
13505.7734
13502.6665
13503.1135
13500.3642
13498.3302
13497.6373
13490.8871
13496.9221
13503.1806
13499.6937
13498.3302
13494.1728
13496.4750
13496.4974
13491.5353
13499.3584
13499.3137
13506.0639
13502.5994
13507.8521
13510.2437
13514.3788
13511.9424
13509.3273
13503.0241
13508.7014
13506.0639
13507.9415
13503.2029
13505.7287
13502.1524
13498.5985
13485.8803
13493.5917
13501.1242
13509.5955
13504.6558
13504.9911
13513.1941
13508.9697
13507.7850
13502.2865
13511.0707
13509.7073
13505.9522
13498.7102
13503.6947
13507.0474
13514.6247
13508.1203
13509.4167
13508.9920
13503.6052
13506.1980
13503.8735
13503.5382
13499.3361
13501.8171
13500.1854
13504.3429
13502.1747
13499.9843
13508.0309
13509.7967
13503.6723
13500.8113
13510.7578
13509.7520
13514.2223
13515.5634
13503.6947
13506.8239
13512.2107
13528.8851
13536.6411
13563.5079
13597.9520
13633.7818
13649.6515
13655.9100
13667.8012
13664.5378
13649.1822
13641.1579
13639.2803
13616.7721
13611.6089
13602.6011
13596.1638
13590.4865
13586.5973
13581.3446
13574.6167
13569.3194
13560.7587
13549.2922
13549.2922
13553.8967
13546.1183
13535.1883
13541.2456
13536.5517
13535.9035
13528.3039
13518.7597
13516.5693
13508.8579
13506.1757
13502.0853
13496.4527
13491.0436
13502.1971
13505.2146
13514.0659
13505.7957
13503.0465
13491.7812
13497.5479
13497.8385
13500.9454
13495.5586
13491.2224
13490.7977
13492.8541
13489.7695
13493.6587
13492.0270
13498.8443
13491.5800
13495.9833
13501.4148
13492.4070
13486.0591
13497.5032
13490.5071
13495.7598
13489.6354
13486.9755
13486.3721
13488.7637
13477.7443
13473.6763
13479.6442
13480.7618
13480.4712
13476.9620
13468.8930
13480.2030
13490.4401
13490.0154
13485.5897
13488.3167
13492.7199
13494.5975
13492.2729
13484.9639
13482.0805
13483.4887
13483.5557
13482.6170
13476.9843
13483.1087
13484.4051
13484.9192
13485.6121
13485.5897
13489.9036
13492.4294
13487.9590
13490.4848
13489.4566
13491.0659
13493.2787
13498.1067
13494.2622
13490.9765
13491.8259
13493.4799
13497.0785
13500.8783
13500.1184
13494.7093
13490.2836
13487.8920
13486.3721
13486.8638
13489.5013
13501.0124
13502.0183
13504.4993
13500.7666
13504.0076
13505.5498
13507.7627
13498.6432
13501.6159
13508.2097
13508.6791
13507.4721
13496.7880
13498.2408
13504.4323
13502.2418
13496.3856
13505.0358
13508.4556
13519.6762
13515.4070
13513.5518
13505.5498
13509.6849
13511.4507
13509.2826
13505.6169
13502.1747
13497.3021
13492.9658
13501.3477
13500.2078
13493.4799
13494.3740
13493.9716
13496.8550
13500.9007
13503.6052
13502.3088
13488.9872
13498.5538
13508.4109
13511.2272
13515.0940
13511.6966
13512.4789
13508.3438
13494.4187
13502.3535
13511.8083
13513.7082
13515.4070
13508.2097
13514.6247
13511.1825
13504.3429
13507.7627
13510.1990
13514.0212
13505.6393
13509.5285
13512.0319
13519.7879
13528.4157
13554.8801
13581.7693
13634.2288
13651.3056
13664.5378
13674.3279
13661.9003
13656.6029
13658.8381
13651.8867
13641.9849
13641.0014
13638.7886
13639.5933
13627.5233
13624.0811
13617.2639
13616.1239
13609.3290
13609.8878
13599.0248
13588.2513
13574.5944
13572.3145
13573.5439
13571.7334
13570.5264
13563.5303
13558.9705
13565.8549
13553.4273
13548.1523
13545.3583
13553.0473
13550.2980
13546.1630
13535.5906
13535.0094
13538.1387
13534.7189
13533.6907
13542.2961
13543.3914
13545.5148
13542.8102
13535.7247
13538.9434
13540.7762
13546.4535
13541.8714
13540.2845
13542.4749
13545.4924
13551.1027
13557.8082
13554.4108
13541.3573
13517.9774
13534.2271
13532.5508
13527.0299
13533.6907
13531.1873
13522.5819
13508.0085
13506.5557
13512.9036
13515.1164
13505.0134
13511.5178
13515.8540
13512.0542
13515.2952
13512.7695
13504.9687
13500.7889
13503.3817
13506.9580
13505.4828
13502.4430
13510.7802
13503.2923
13498.3973
13496.9891
13496.6762
13505.1699
13509.9308
13512.6801
13507.8521
13510.8696
13510.8472
13523.1630
13518.1786
13516.9716
13519.4526
13508.2321
13517.5974
13510.8919
13511.8977
13513.5518
13513.0153
13513.5741
13520.2126
13516.4799
13512.7918
13519.2738
13517.7092
13511.8307
13513.7976
13500.4313
13512.2107
13506.3098
13514.9152
13513.4847
13511.0931
13515.0940
13507.0698
13496.9668
13499.1796
13510.4225
13514.9599
13519.4750
13510.6907
13509.0591
13501.4371
13502.2418
13508.2544
13511.2272
13515.5187
13507.6733
13510.0873
13506.3545
13515.4070
13509.5285
13511.2942
13512.5683
13505.8851
13511.1154
13512.8365
13517.8880
13522.1572
13512.7918
13507.6286
13520.7267
13517.9327
13510.9143
13518.8044
13515.8540
13517.2622
13520.3244
13518.4021
13521.7102
13517.8210
13513.2388
13507.0474
13503.4935
13501.3477
13502.1300
13508.9026
13504.4770
13496.8997
13505.5946
13517.6868
13508.2097
13515.2058
13518.4021
13516.5693
13521.5760
13527.4993
13521.6208
13521.7772
13521.3972
13519.1844
13521.6878
13520.4138
13514.3564
13516.8375
13510.9366
13514.2670
13512.9259
13505.1699
13505.9745
13513.4400
13509.7967
13517.2622
13502.1971
13507.6286
13508.9697
13507.0698
13514.5800
13513.3730
13514.7811
13513.0153
13512.5683
13516.1446
13520.1008
13509.6849
13523.2301
13518.1339
13514.2894
13514.0882
13515.6305
13520.8384
13518.7597
13521.3078
13509.3496
13513.4847
13513.3953
13514.3788
13514.6247
13509.9308
13508.5897
13511.5625
13515.5411
13519.9667
13517.7763
13514.8258
13514.2894
13522.4925
13520.6820
13518.5139
13516.3904
13514.8482
13517.1281
13523.2524
13519.9667
13513.7306
13517.3516
13511.8754
13510.1320
13509.0367
13507.1145
13513.9094
13516.3681
13523.4759
13522.3584
13522.9842
13523.4536
13519.7656
13523.3195
13510.3108
13530.7179
13518.4468
13518.7821
13528.8404
13527.4322
13523.3865
13520.3914
13514.9599
13522.3584
13515.8093
13513.2388
13519.3632
13516.6363
13509.2379
13512.8812
13503.9405
13505.0358
13516.1669
13514.1329
13515.4740
13513.4624
13518.1339
13523.3642
13517.6198
13514.7811
13516.2116
13509.9308
13514.4011
13512.9930
13521.6208
13526.5828
13521.0396
13517.7539
13523.4089
13519.8997
13524.9959
13514.9823
13517.6868
13510.1096
13506.8239
13515.4740
13521.5984
13520.4808
13521.9784
13523.3642
13531.7237
13525.9570
13532.8190
13537.4234
13534.5624
-93750.0112
-187500.0224
-187500.0224
-187500.0224
-187500.0224
-187500.0224
-187500.0224
-187500.0224
-187500.0224
-187500.0224
-187500.0224
-187500.0224
-187500.0224
-187500.0224
-187500.0224
-187500.0224
-187500.0224
-187500.0224
-187500.0224
-187500.0224
-187500.0224
-187500.0224
-187500.0224
-187500.0224
-187500.0224
-187500.0224
-187500.0224
-187500.0224
-187500.0224
-187500.0224
-187500.0224
-187500.0224
-187500.0224
-187500.0224
-187500.0224
-187500.0224
-187500.0224
-187500.0224
-187500.0224
-187500.0224
-187500.0224
-187500.0224
-187500.0224
-187500.0224
-187500.0224
-187500.0224
-187500.0224
-187500.0224
-187500.0224
-187500.0224
-187500.0224
-187500.0224
-187500.0224
-187500.0224
-187500.0224
-187500.0224
-187500.0224
-187500.0224
-187500.0224
-187500.0224
-187500.0224
-187500.0224
-187500.0224
-187500.0224
-187500.0224
-187500.0224
-187500.0224
-187500.0224
-187500.0224
-187500.0224
-187500.0224
-187500.0224
-187500.0224
-187500.0224
-187500.0224
-187500.0224
-187500.0224
-187500.0224
-187500.0224
-187500.0224
-187500.0224
-187500.0224
-187500.0224
-187500.0224
-187500.0224
-187500.0224
-187500.0224
-187500.0224
-187500.0224
-187500.0224
-187500.0224
-187500.0224
-187500.0224
-187500.0224
-187500.0224
-187500.0224
-187500.0224
-187500.0224
-187500.0224
-187500.0224
-187500.0224
-187500.0224
-187500.0224
-187500.0224
-187500.0224
-187500.0224
-187500.0224
-187500.0224
-187500.0224
-187500.0224
-187500.0224
-187500.0224
-187500.0224
-187500.0224
-187500.0224
-187500.0224
-187500.0224
-187500.0224
-187500.0224
-187500.0224
-187500.0224
-187500.0224
-187500.0224
-187500.0224
-187500.0224
-187500.0224
-187500.0224
-187500.0224
-187500.0224
-187500.0224
-187500.0224
-187500.0224
-187500.0224
-187500.0224
-187500.0224
-187500.0224
-187500.0224
-187500.0224
-187500.0224
-187500.0224
-187500.0224
-187500.0224
-187500.0224
-187500.0224
-187500.0224
-187500.0224
-187500.0224
-187500.0224
-187500.0224
-187500.0224
-187500.0224
-187500.0224
-187500.0224
-187500.0224
-187500.0224
-187500.0224
-187500.0224
-187500.0224
-187500.0224
-187500.0224
-187500.0224
-187500.0224
-187500.0224
-187500.0224
-187500.0224
-187500.0224
-187500.0224
-187500.0224
-187500.0224
-187500.0224
-187500.0224
-187500.0224
-187500.0224
-187500.0224
-187500.0224
-187500.0224
-187500.0224
-187500.0224
-187500.0224
-187500.0224
-187500.0224
-187500.0224
-187500.0224
-187500.0224
-187500.0224
-187500.0224
-187500.0224
-187500.0224
-187500.0224
-187500.0224
-187500.0224
-187500.0224
-187500.0224
-187500.0224
-187500.0224
-187500.0224
-187500.0224
-187500.0224
-187500.0224
-187500.0224
-187500.0224
-187500.0224
-187500.0224
-187500.0224
-187500.0224
-187500.0224
-187500.0224
-187500.0224
-187500.0224
-187500.0224
-187500.0224
-187500.0224
-187500.0224
-187500.0224
-187500.0224
-187500.0224
-187500.0224
-187500.0224
-187500.0224
-187500.0224
-187500.0224
-187500.0224
-187500.0224
-187500.0224
-187500.0224
-187500.0224
-187500.0224
-187500.0224
-187500.0224
-187500.0224
-187500.0224
-187500.0224
-187500.0224
-187500.0224
-187500.0224
-187500.0224
-187500.0224
-187500.0224
-187500.0224
-187500.0224
-187500.0224
-187500.0224
-187500.0224
-187500.0224
-187500.0224
-187500.0224
-187500.0224
-187500.0224
-187500.0224
-187500.0224
-187500.0224
-187500.0224
-187500.0224
-187500.0224
-187500.0224
-187500.0224
-187500.0224
-187500.0224
-187500.0224
-187500.0224
-187500.0224
-187500.0224
-187500.0224
-187500.0224
-187500.0224
-187500.0224
-187500.0224
-187500.0224
-187500.0224
-187500.0224
-187500.0224
-187500.0224
-187500.0224
-187500.0224
-187500.0224
-187500.0224
-187500.0224
-187500.0224
-187500.0224
-187500.0224
-187500.0224
-187500.0224
-187500.0224
-187500.0224
-187500.0224
-187500.0224
-187500.0224
-187500.0224
-187500.0224
-187500.0224
-187500.0224
-187500.0224
-187500.0224
-187500.0224
-187500.0224
-187500.0224
-187500.0224
-187500.0224
-187500.0224
-187500.0224
-187500.0224
-187500.0224
-187500.0224
-187500.0224
-187500.0224
-187500.0224
-187500.0224
-187500.0224
-187500.0224
-187500.0224
-187500.0224
-187500.0224
-187500.0224
-187500.0224
-187500.0224
-187500.0224
-187500.0224
-187500.0224
-187500.0224
-187500.0224
-187500.0224
-187500.0224
-187500.0224
-187500.0224
-187500.0224
-187500.0224
-187500.0224
-187500.0224
-187500.0224
-187500.0224
-187500.0224
-187500.0224
-187500.0224
-187500.0224
-187500.0224
-187500.0224
-187500.0224
-187500.0224
-187500.0224
-187500.0224
-187500.0224
-187500.0224
-187500.0224
-187500.0224
-187500.0224
-187500.0224
-187500.0224
-187500.0224
-187500.0224
-187500.0224
-187500.0224
-187500.0224
-187500.0224
-187500.0224
-187500.0224
-187500.0224
-187500.0224
-187500.0224
-187500.0224
-187500.0224
-187500.0224
-187500.0224
-187500.0224
-187500.0224
-187500.0224
-187500.0224
-187500.0224
-187500.0224
-187500.0224
-187500.0224
-187500.0224
-187500.0224
-187500.0224
-187500.0224
-187500.0224
-187500.0224
-187500.0224
-187500.0224
-187500.0224
-187500.0224
-187500.0224
-187500.0224
-187500.0224
-187500.0224
-187500.0224
-187500.0224
-187500.0224
-187500.0224
-187500.0224
-187500.0224
-187500.0224
-187500.0224
-187500.0224
-187500.0224
-187500.0224
-187500.0224
-187500.0224
-187500.0224
-187500.0224
-187500.0224
-187500.0224
-187500.0224
-187500.0224
-187500.0224
-187500.0224
-187500.0224
-187500.0224
-187500.0224
-187500.0224
-187500.0224
-187500.0224
-187500.0224
-187500.0224
-187500.0224
-187500.0224
-187500.0224
-187500.0224
-187500.0224
-187500.0224
-187500.0224
-187500.0224
-187500.0224
-187500.0224
-187500.0224
-187500.0224
-187500.0224
-187500.0224
-187500.0224
-187500.0224
-187500.0224
-187500.0224
-187500.0224
-187500.0224
-187500.0224
-187500.0224
-187500.0224
-187500.0224
-187500.0224
-187500.0224
-187500.0224
-187500.0224
-187500.0224
-187500.0224
-187500.0224
-187500.0224
-187500.0224
-187500.0224
-187500.0224
-187500.0224
-187500.0224
-187500.0224
-187500.0224
-187500.0224
-187500.0224
-187500.0224
-187500.0224
-187500.0224
-187500.0224
-187500.0224
-187500.0224
-187500.0224
-187500.0224
-187500.0224
-187500.0224
-187500.0224
-187500.0224
-187500.0224
-187500.0224
-187500.0224
-187500.0224
-187500.0224
-187500.0224
-187500.0224
-187500.0224
-187500.0224
-187500.0224
-187500.0224
-187500.0224
-187500.0224
-187500.0224
-187500.0224
-187500.0224
-187500.0224
-187500.0224
-187500.0224
-187500.0224
-187500.0224
-187500.0224
-187500.0224
-187500.0224
-187500.0224
-187500.0224
-187500.0224
-187500.0224
-187500.0224
-187500.0224
-187500.0224
-187500.0224
-187500.0224
-187500.0224
-187500.0224
-187500.0224
-187500.0224
-187500.0224
-187500.0224
-187500.0224
-187500.0224
-187500.0224
-187500.0224
-187500.0224
-187500.0224
-187500.0224
-187500.0224
-187500.0224
-187500.0224
-187500.0224
-187500.0224
-187500.0224
-187500.0224
-187500.0224
-187500.0224
-187500.0224
-187500.0224
-187500.0224
-187500.0224
-187500.0224
-187500.0224
-187500.0224
-187500.0224
-187500.0224
-187500.0224
-187500.0224
-187500.0224
-187500.0224
-187500.0224
-187500.0224
-187500.0224
-187500.0224
-187500.0224
-187500.0224
-187500.0224
-187500.0224
-187500.0224
-187500.0224
-187500.0224
-187500.0224
-187500.0224
-187500.0224
-187500.0224
-187500.0224
-187500.0224
-187500.0224
-187500.0224
-187500.0224
-187500.0224
-187500.0224
-187500.0224
-187500.0224
-187500.0224
-187500.0224
-187500.0224
-187500.0224
-187500.0224
-187500.0224
-187500.0224
-187500.0224
-187500.0224
-187500.0224
-187500.0224
-187500.0224
-187500.0224
-187500.0224
-187500.0224
-187500.0224
-187500.0224
-187500.0224
-187500.0224
-187500.0224
-187500.0224
-187500.0224
-187500.0224
-187500.0224
-187500.0224
-187500.0224
-187500.0224
-187500.0224
-187500.0224
-187500.0224
-187500.0224
-187500.0224
-187500.0224
-187500.0224
-187500.0224
-187500.0224
-187500.0224
-187500.0224
-187500.0224
-187500.0224
-187500.0224
-187500.0224
-187500.0224
-187500.0224
-187500.0224
-187500.0224
-187500.0224
-187500.0224
-187500.0224
-187500.0224
-187500.0224
-187500.0224
-187500.0224
-187500.0224
-187500.0224
953.0000
952.5000
952.0000
952.0000
952.5000
952.5000
952.0000
923.5000
878.0000
819.0000
747.0000
669.5000
599.5000
543.0000
501.0000
472.0000
457.5000
454.0000
459.0000
472.0000
490.5000
512.5000
537.0000
563.5000
590.5000
616.0000
639.5000
661.5000
682.0000
700.5000
716.5000
731.0000
741.5000
750.5000
758.5000
764.0000
767.5000
759.5000
771.0000
769.5000
766.5000
760.5000
752.0000
742.5000
735.0000
731.5000
731.0000
735.5000
745.5000
760.5000
779.5000
805.0000
838.0000
880.0000
930.0000
952.5000
952.0000
952.5000
952.0000
952.5000
952.0000
952.5000
952.0000
952.5000
952.5000
952.0000
952.5000
952.5000
952.5000
952.5000
952.5000
952.5000
952.5000
952.5000
952.0000
952.0000
933.0000
890.5000
838.0000
772.0000
697.0000
626.5000
566.5000
521.5000
484.0000
476.5000
471.0000
476.0000
487.5000
504.0000
525.0000
548.5000
575.5000
645.5000
752.5000
865.5000
950.5000
952.0000
952.5000
952.5000
952.5000
952.5000
952.5000
953.5000
952.5000
953.5000
952.0000
952.5000
952.5000
952.5000
952.5000
952.5000
952.5000
952.0000
952.5000
952.5000
952.5000
952.5000
952.0000
952.0000
952.5000
952.5000
952.0000
952.0000
952.0000
952.0000
952.0000
952.5000
952.5000
952.0000
952.0000
952.0000
952.5000
952.5000
952.5000
952.5000
952.0000
952.5000
952.0000
951.5000
951.5000
952.5000
952.5000
952.0000
952.5000
952.5000
952.5000
952.5000
952.5000
954.0000
953.0000
952.5000
954.0000
953.5000
952.5000
954.0000
953.0000
952.5000
952.5000
952.5000
952.5000
953.0000
953.0000
952.5000
952.5000
928.0000
797.5000
637.0000
472.0000
344.0000
238.0000
161.5000
115.0000
92.5000
91.5000
110.0000
144.5000
188.0000
239.5000
295.5000
355.5000
416.0000
475.5000
532.5000
585.0000
630.5000
669.5000
704.5000
726.5000
758.5000
779.0000
798.0000
817.5000
837.5000
861.5000
883.0000
913.5000
941.0000
951.5000
951.5000
952.0000
952.5000
952.0000
952.5000
952.5000
952.5000
952.5000
952.5000
952.5000
952.5000
952.5000
953.5000
952.0000
952.5000
952.5000
952.5000
953.0000
952.0000
952.5000
952.5000
952.5000
952.5000
952.0000
952.0000
952.5000
952.0000
930.5000
870.0000
794.5000
702.0000
609.0000
528.0000
465.0000
420.0000
391.0000
376.5000
372.5000
373.5000
391.5000
411.0000
433.5000
460.0000
489.5000
520.5000
552.5000
583.5000
614.0000
640.0000
664.0000
682.5000
697.0000
708.5000
716.5000
722.0000
727.5000
731.0000
732.0000
732.0000
731.0000
730.0000
728.0000
725.5000
722.0000
717.5000
713.0000
708.0000
704.5000
703.5000
703.0000
703.5000
706.0000
714.5000
727.0000
745.5000
783.5000
952.0000
952.5000
952.0000
952.5000
952.5000
952.0000
952.0000
952.5000
952.5000
952.0000
952.0000
952.0000
952.0000
952.5000
952.5000
952.5000
952.5000
952.5000
952.5000
952.5000
952.5000
952.5000
952.5000
951.5000
931.0000
952.5000
952.5000
952.5000
952.0000
952.0000
897.5000
809.5000
720.0000
625.5000
545.5000
485.5000
444.5000
422.5000
418.0000
426.5000
445.0000
471.5000
503.5000
541.0000
578.5000
616.0000
652.5000
686.5000
718.0000
746.0000
775.0000
808.0000
848.5000
902.5000
949.0000
952.5000
952.5000
952.5000
952.5000
952.0000
952.0000
952.5000
952.5000
949.5000
907.5000
849.5000
827.0000
859.0000
795.0000
700.0000
604.0000
525.5000
469.0000
431.5000
429.5000
443.5000
480.0000
522.5000
571.5000
623.5000
677.0000
738.0000
849.0000
952.5000
952.5000
952.5000
952.5000
953.0000
953.0000
952.5000
953.0000
953.0000
952.5000
953.0000
953.0000
952.5000
952.5000
953.0000
953.0000
953.0000
952.0000
952.5000
953.0000
951.5000
952.0000
952.0000
941.5000
896.5000
840.5000
771.5000
694.5000
622.0000
564.5000
525.5000
513.5000
517.5000
524.5000
532.0000
542.0000
556.0000
572.0000
590.0000
608.0000
625.0000
640.0000
656.5000
674.5000
694.5000
718.5000
741.5000
763.0000
780.5000
796.5000
811.0000
825.5000
842.0000
859.0000
877.5000
895.0000
911.0000
925.5000
936.0000
944.0000
944.0000
949.0000
948.0000
947.0000
949.0000
951.5000
951.5000
951.5000
951.5000
952.0000
952.5000
953.0000
952.5000
953.0000
952.5000
952.5000
952.5000
767.0000
466.0000
206.5000
25.5000
0.0000
0.0000
0.0000
0.0000
0.0000
0.0000
0.0000
13.0000
141.0000
277.0000
399.0000
514.0000
625.5000
722.0000
807.5000
906.0000
952.5000
952.5000
952.5000
952.5000
952.5000
952.5000
952.5000
952.5000
952.5000
952.0000
953.0000
952.5000
952.0000
953.5000
953.5000
952.5000
952.5000
952.5000
953.0000
952.5000
952.5000
953.0000
952.5000
952.5000
952.5000
952.0000
952.5000
952.5000
952.5000
952.0000
916.5000
795.0000
676.5000
587.5000
495.5000
427.5000
368.5000
298.5000
239.0000
202.5000
189.0000
196.0000
220.5000
259.5000
307.5000
358.5000
412.0000
469.0000
529.0000
586.5000
640.5000
691.5000
740.5000
787.5000
833.0000
880.5000
933.0000
952.5000
952.5000
952.0000
952.0000
953.0000
952.0000
952.5000
952.0000
952.0000
952.5000
952.0000
952.5000
952.0000
949.0000
915.0000
870.0000
811.5000
736.0000
659.0000
588.5000
533.0000
494.0000
469.5000
456.5000
450.5000
464.0000
478.5000
498.0000
524.5000
553.0000
585.0000
630.5000
674.5000
703.5000
724.5000
742.5000
759.0000
774.5000
790.5000
807.0000
825.0000
843.0000
861.5000
879.5000
891.5000
912.0000
923.5000
928.0000
934.0000
941.0000
943.0000
938.0000
927.5000
910.0000
888.0000
864.0000
833.0000
793.0000
748.0000
709.0000
680.5000
661.5000
652.5000
651.5000
657.5000
669.5000
687.5000
710.0000
734.5000
760.5000
797.0000
887.0000
952.0000
953.0000
952.5000
952.5000
953.0000
952.0000
953.0000
953.0000
953.0000
952.5000
953.0000
952.5000
952.5000
952.5000
952.5000
953.0000
952.5000
953.0000
952.5000
952.0000
953.0000
953.0000
952.5000
952.5000
952.5000
952.5000
952.5000
952.5000
952.5000
748.5000
584.5000
507.0000
468.5000
449.5000
440.0000
434.5000
429.5000
423.5000
409.5000
393.5000
372.0000
353.0000
332.0000
319.0000
306.5000
297.0000
290.5000
288.5000
289.5000
293.5000
300.5000
305.0000
308.5000
315.5000
324.5000
333.5000
340.0000
343.0000
347.0000
352.5000
359.0000
364.0000
369.0000
373.0000
376.5000
379.0000
378.5000
381.0000
382.5000
382.5000
380.5000
378.0000
374.5000
371.0000
368.5000
366.5000
366.5000
368.5000
373.0000
378.0000
381.0000
386.5000
398.0000
409.0000
416.0000
420.5000
422.0000
423.0000
423.5000
424.0000
424.0000
424.0000
424.5000
424.5000
424.5000
424.5000
424.0000
424.5000
424.5000
424.5000
424.5000
424.5000
424.5000
424.5000
424.5000
422.0000
419.5000
408.5000
394.5000
375.5000
358.0000
337.0000
322.0000
310.0000
302.0000
296.0000
294.0000
294.5000
299.0000
303.5000
306.0000
310.5000
323.5000
345.0000
372.0000
396.5000
410.0000
416.5000
420.0000
421.5000
422.5000
423.5000
423.5000
423.5000
423.5000
424.0000
424.0000
424.5000
424.0000
424.0000
424.0000
424.0000
424.0000
424.0000
424.0000
424.0000
424.0000
424.0000
424.0000
424.0000
424.0000
424.0000
424.0000
424.0000
424.0000
424.0000
424.0000
424.0000
424.0000
424.0000
424.0000
424.0000
424.0000
424.0000
424.0000
424.0000
424.0000
424.0000
424.0000
424.0000
424.0000
424.0000
424.0000
424.0000
424.0000
424.0000
424.0000
424.0000
424.0000
424.5000
424.5000
424.5000
424.5000
425.0000
424.0000
424.5000
424.5000
424.0000
424.0000
425.0000
424.5000
424.0000
424.0000
424.0000
423.5000
407.5000
374.5000
335.0000
296.0000
262.0000
231.0000
213.0000
199.0000
191.0000
190.5000
195.0000
199.5000
212.0000
224.5000
239.5000
255.0000
271.0000
289.0000
303.0000
320.0000
332.0000
341.5000
351.0000
362.5000
372.5000
377.5000
380.0000
386.5000
394.0000
403.0000
410.0000
415.0000
419.5000
421.0000
422.0000
423.0000
423.0000
423.0000
423.5000
423.5000
423.5000
423.5000
424.0000
423.5000
423.5000
424.0000
424.0000
423.5000
424.0000
423.5000
424.0000
424.0000
424.0000
424.0000
424.0000
424.0000
424.0000
424.0000
424.0000
424.0000
422.5000
416.0000
401.0000
380.0000
357.0000
332.5000
311.5000
291.5000
281.0000
274.5000
270.0000
268.0000
269.0000
270.0000
271.0000
277.0000
286.5000
296.5000
303.0000
310.0000
320.5000
331.0000
337.5000
340.5000
344.5000
349.0000
353.5000
357.0000
359.5000
362.0000
363.5000
364.0000
364.0000
364.0000
363.5000
363.0000
362.5000
360.5000
358.5000
356.5000
355.0000
353.5000
352.5000
352.0000
353.0000
355.5000
358.5000
363.5000
372.5000
395.5000
409.5000
416.0000
419.5000
422.0000
423.0000
423.0000
423.0000
423.5000
423.5000
423.5000
424.0000
423.5000
423.5000
423.5000
423.5000
423.5000
423.5000
423.5000
423.5000
423.5000
423.5000
423.5000
423.5000
421.5000
422.5000
423.0000
423.5000
423.0000
423.5000
420.0000
406.5000
385.5000
362.5000
336.5000
317.5000
298.5000
285.0000
277.5000
274.5000
275.5000
282.0000
292.0000
300.0000
307.5000
319.5000
331.0000
338.5000
347.5000
358.5000
369.5000
376.0000
386.0000
400.0000
410.5000
417.0000
420.0000
421.5000
422.5000
423.0000
423.0000
423.5000
423.5000
423.0000
420.5000
411.0000
400.0000
402.0000
394.0000
376.0000
354.0000
330.5000
311.0000
293.0000
282.0000
279.0000
284.5000
295.5000
304.0000
319.0000
332.0000
347.0000
369.5000
396.5000
409.5000
416.5000
419.5000
421.5000
422.0000
423.0000
423.0000
423.5000
423.5000
423.5000
423.5000
423.5000
423.5000
423.5000
423.5000
424.0000
423.5000
424.0000
423.0000
424.0000
424.0000
424.0000
422.5000
419.5000
409.0000
395.0000
374.5000
356.5000
336.0000
321.0000
315.0000
311.5000
310.0000
309.0000
308.0000
307.5000
310.5000
316.0000
322.5000
329.0000
336.0000
340.0000
342.0000
344.5000
351.0000
359.5000
368.5000
375.5000
379.0000
380.5000
384.0000
389.0000
395.0000
402.0000
409.5000
414.0000
416.0000
417.5000
418.5000
418.5000
420.0000
421.0000
421.0000
421.5000
422.0000
422.5000
423.0000
423.5000
423.5000
423.5000
423.5000
423.5000
423.5000
424.0000
423.5000
423.5000
403.5000
350.0000
287.5000
226.0000
193.5000
178.5000
171.0000
167.5000
165.5000
164.5000
164.0000
163.5000
177.0000
203.5000
234.0000
265.0000
297.5000
327.0000
355.0000
382.5000
402.0000
412.0000
417.0000
419.5000
421.5000
422.0000
422.5000
423.0000
423.0000
423.5000
423.0000
423.5000
423.5000
423.5000
423.5000
423.5000
423.0000
423.5000
423.5000
423.5000
423.5000
423.5000
423.0000
423.5000
424.0000
424.0000
423.5000
423.5000
424.0000
423.5000
421.0000
405.0000
378.5000
351.5000
327.0000
300.5000
283.0000
261.5000
244.5000
228.5000
217.5000
212.5000
215.0000
223.0000
230.5000
243.5000
257.0000
270.5000
288.5000
302.5000
320.5000
334.0000
349.5000
365.0000
376.5000
392.5000
405.5000
413.5000
418.0000
420.5000
422.5000
422.5000
423.0000
423.0000
423.0000
423.0000
423.5000
423.0000
423.5000
423.5000
422.5000
420.5000
415.0000
402.0000
386.0000
365.0000
345.0000
326.5000
313.5000
301.5000
293.0000
286.5000
286.0000
289.0000
294.5000
300.5000
304.5000
311.5000
323.5000
334.0000
342.0000
351.0000
359.5000
367.5000
375.0000
378.5000
380.5000
383.0000
389.0000
395.0000
403.0000
409.5000
414.0000
416.0000
417.0000
417.5000
418.0000
418.5000
418.5000
418.0000
418.5000
417.0000
411.5000
403.0000
392.5000
383.5000
370.0000
358.0000
351.0000
347.5000
346.0000
345.0000
344.5000
345.0000
349.5000
357.0000
366.5000
374.5000
389.5000
406.5000
415.0000
419.0000
421.0000
422.0000
423.0000
423.0000
423.5000
423.5000
423.5000
423.5000
423.5000
423.5000
424.0000
423.5000
423.5000
423.0000
423.5000
423.5000
423.5000
423.5000
423.5000
423.5000
424.0000
423.5000
424.0000
423.5000
424.0000
424.0000
1018.0000
1019.0000
1018.5000
1018.5000
1018.5000
1018.5000
1018.5000
1018.5000
1018.5000
1018.0000
1018.5000
1019.5000
1018.5000
1018.5000
1019.0000
1019.0000
1018.5000
1019.0000
1018.5000
1018.5000
1019.0000
1018.5000
1018.5000
1018.5000
1019.0000
1018.5000
1018.5000
1018.5000
1018.5000
1019.5000
1018.0000
1019.0000
1019.0000
1018.5000
1018.5000
1018.5000
1018.0000
1018.5000
1018.0000
1018.5000
1018.5000
1018.5000
1018.5000
1018.0000
1018.5000
1019.0000
1019.0000
1019.5000
1018.5000
1019.0000
1018.5000
1018.5000
1018.5000
1019.0000
1019.0000
1019.0000
1018.5000
1019.0000
1019.0000
1018.5000
1018.5000
1018.5000
1019.0000
1017.5000
1018.5000
1019.5000
1018.0000
1018.5000
1018.5000
1018.5000
1019.0000
1019.0000
1019.0000
1019.0000
1019.0000
1019.0000
1018.5000
1018.0000
1019.0000
1018.5000
1019.0000
1018.5000
1018.5000
1019.0000
1018.5000
1018.5000
1018.5000
1019.0000
1019.5000
1018.5000
1018.5000
1018.5000
1019.0000
1019.0000
1018.5000
1018.0000
1018.5000
1018.0000
1018.5000
1019.0000
1019.0000
1018.5000
1018.5000
1018.5000
1018.5000
1019.5000
1018.5000
1018.5000
1018.5000
1019.0000
1018.5000
1019.0000
1018.0000
1018.5000
1019.0000
1019.0000
1018.5000
1019.0000
1018.5000
1018.5000
1019.0000
1019.0000
1019.0000
1018.5000
1019.5000
1018.5000
1019.0000
1019.0000
1018.5000
1018.5000
1018.5000
1019.0000
1019.0000
1018.5000
1019.0000
1018.5000
1018.5000
1018.5000
1018.5000
1018.0000
1019.0000
1018.5000
1018.5000
1018.0000
1019.0000
1018.5000
1018.5000
1019.5000
1018.5000
1019.0000
1018.5000
1018.0000
1018.5000
1019.0000
1018.0000
1019.0000
1018.5000
1018.5000
1019.0000
1019.0000
1018.0000
1018.0000
1018.0000
1019.0000
1018.0000
1019.5000
1019.5000
1019.0000
1018.5000
1018.5000
1019.0000
1019.0000
1019.0000
1018.5000
1018.5000
1019.5000
1018.0000
1018.5000
1018.0000
1018.5000
1018.5000
1019.0000
1018.0000
1018.0000
1019.0000
1019.0000
1018.5000
1018.5000
1018.5000
1018.5000
1019.0000
1019.5000
1018.5000
1018.0000
1018.5000
1018.0000
1018.5000
1019.0000
1018.0000
1018.5000
1019.0000
1018.5000
1019.5000
1018.0000
1018.5000
1018.0000
1018.5000
1019.0000
1018.5000
1019.0000
1019.0000
1019.0000
1019.0000
1019.0000
1019.0000
1018.5000
1018.5000
1019.0000
1018.5000
1019.0000
1019.0000
1019.0000
1018.5000
1018.5000
1018.5000
1018.0000
1019.0000
1019.0000
1018.5000
1018.0000
1018.0000
1018.5000
1018.5000
1018.5000
1018.0000
1019.0000
1019.0000
1018.5000
1019.0000
1018.5000
1019.5000
1019.0000
1018.0000
1019.5000
1018.5000
1018.5000
1018.0000
1020.0000
1019.5000
1018.0000
1018.5000
1018.5000
1018.0000
1018.0000
1018.5000
1019.5000
1018.5000
1018.5000
1018.5000
1018.5000
1018.5000
1019.0000
1019.0000
1018.5000
1018.5000
1019.5000
1018.5000
1019.0000
1019.5000
1018.5000
1018.5000
1019.0000
1018.5000
1019.0000
1018.5000
1018.5000
1019.5000
1018.5000
1018.5000
1018.5000
1018.0000
1018.0000
1019.0000
1019.0000
1019.0000
1018.5000
1018.5000
1018.5000
1018.5000
1018.5000
1018.5000
1018.5000
1018.5000
1019.0000
1018.5000
1018.5000
1019.0000
1018.0000
1018.5000
1018.5000
1018.5000
1018.0000
1018.5000
1019.0000
1018.5000
1018.5000
1018.0000
1018.5000
1018.5000
1018.5000
1019.5000
1018.5000
1018.5000
1018.5000
1018.5000
1019.5000
1018.5000
1018.5000
1019.0000
1019.0000
1018.5000
1018.5000
1019.5000
1019.0000
1018.0000
1018.5000
1018.5000
1018.5000
1019.0000
1018.5000
1019.0000
1019.0000
1018.5000
1019.5000
1018.5000
1018.5000
1019.0000
1018.5000
1019.0000
1018.5000
1019.5000
1019.0000
1019.0000
1019.0000
1018.5000
1019.0000
1018.5000
1018.5000
1018.5000
1019.0000
1018.5000
1019.0000
1018.5000
1018.5000
1017.5000
1018.5000
1019.0000
1019.5000
1018.5000
1018.5000
1018.5000
1018.0000
1018.5000
1018.5000
1018.5000
1018.5000
1018.5000
1019.0000
1017.5000
1018.0000
1018.0000
1018.5000
1018.5000
1018.5000
1019.0000
1018.0000
1018.5000
1019.0000
1018.0000
1018.5000
1018.0000
1018.5000
1019.0000
1018.5000
1018.5000
1019.0000
1018.5000
1019.0000
1019.5000
1018.5000
1018.5000
1018.5000
1019.0000
1018.5000
1018.5000
1019.0000
1018.5000
1018.5000
1018.5000
1018.5000
1018.0000
1018.5000
1019.5000
1018.5000
1018.0000
1019.0000
1019.0000
1018.5000
1019.0000
1018.5000
1018.5000
1018.5000
1019.0000
1018.0000
1019.5000
1019.0000
1018.0000
1018.5000
1019.5000
1019.5000
1019.0000
1018.5000
1018.5000
1018.5000
1019.0000
1018.5000
1018.5000
1018.5000
1019.0000
1018.5000
1018.5000
1018.5000
1018.0000
1018.5000
1019.0000
1019.5000
1018.5000
1018.0000
1019.0000
1019.0000
1019.0000
1018.5000
1018.5000
1018.5000
1018.5000
1018.5000
1018.5000
1018.5000
1018.5000
1019.0000
1019.0000
1019.0000
1018.0000
1019.0000
1019.0000
1018.5000
1018.0000
1018.5000
1019.0000
1018.5000
1019.0000
1018.5000
1019.0000
1019.0000
1018.0000
1019.0000
1018.5000
1018.5000
1019.0000
1019.0000
1019.0000
1018.5000
1018.5000
1018.5000
1019.0000
1018.5000
1018.5000
1019.5000
1018.5000
1018.0000
1018.5000
1018.5000
1019.0000
1018.5000
1019.0000
1018.5000
1018.0000
1019.0000
1018.5000
1018.5000
1019.0000
1018.5000
1019.5000
1018.0000
1019.0000
1019.0000
1019.0000
1019.0000
1019.0000
1018.0000
1018.5000
1019.0000
1019.0000
1019.0000
1019.0000
1018.5000
1018.0000
1019.5000
1018.5000
1018.5000
1018.5000
1018.5000
1019.5000
1019.0000
1018.5000
1018.0000
1019.0000
1018.5000
1018.5000
1019.0000
1019.0000
1018.5000
1018.5000
1019.0000
1018.0000
1019.0000
1019.5000
1018.5000
1019.0000
1019.0000
1018.5000
1019.0000
1018.0000
1019.0000
1018.0000
1019.0000
1018.5000
1018.0000
1019.0000
1018.5000
1019.0000
1018.5000
1019.0000
1018.0000
1018.5000
1018.5000
1018.5000
1019.0000
1018.5000
1018.5000
1018.5000
1018.5000
1018.5000
1018.5000
1018.0000
1018.0000
1018.0000
1018.5000
1018.5000
1018.5000
1018.5000
1018.5000
1018.5000
1018.5000
1019.5000
1018.5000
1019.0000
1019.0000
1018.0000
1018.5000
1018.5000
1018.5000
1019.0000
1019.0000
1019.0000
1018.5000
1018.5000
1019.0000
1018.5000
1018.5000
1019.0000
1018.5000
1018.5000
1018.5000
1018.5000
1018.5000
1018.5000
1020.0000
1018.5000
1018.5000
1018.5000
1018.5000
1018.5000
1019.0000
1018.0000
1019.0000
1018.5000
1018.5000
1019.0000
1019.0000
1019.0000
1019.0000
1019.0000
1018.5000
1018.5000
1018.5000
1018.5000
1019.5000
1019.0000
1018.5000
1019.0000
1018.0000
1019.0000
