0, 0, 141.28, 120
0, 0, 141.29, 120
0, 0, 141.15, 120
0, 0, 141.21, 120
0, 0, 143.60, 120
0, 0, 143.57, 120
0, 0, 143.52, 120
0, 0, 143.50, 120
0, 0, 141.06, 120
0, 0, 141.07, 120
0, 0, 141.05, 120
0, 0, 141.07, 120
0, 0, 141.10, 120
0, 0, 141.06, 120
0, 0, 141.07, 120
0, 0, 141.07, 120
0, 0, 141.07, 120
0, 0, 141.10, 120
0, 0, 141.24, 120
0, 0, 141.23, 120
0, 0, 141.24, 120
0, 0, 141.22, 120
0, 0, 141.17, 120
0, 0, 141.10, 120
0, 0, 141.07, 120
0, 0, 141.14, 120
0, 0, 141.14, 120
0, 0, 141.18, 120
0, 0, 141.15, 120
0, 0, 141.11, 120
0, 0, 141.09, 120
0, 0, 141.06, 120
0, 0, 141.06, 120
0, 0, 141.04, 120
0, 0, 141.02, 120
0, 0, 158.13, 1965
4, 0, 169.76, 1965
0, 0, 180.38, 1965
0, 0, 191.21, 1965
0, 0, 192.64, 1965
0, 0, 192.60, 1965
0, 0, 193.08, 1965
0, 0, 193.15, 1965
0, 0, 193.04, 1965
0, 0, 193.05, 1965
0, 0, 192.95, 1965
0, 0, 192.98, 1965
3, 0, 193.19, 1965
0, 0, 193.20, 1965
0, 0, 192.86, 1965
0, 0, 192.87, 1965
0, 0, 192.68, 1965
0, 0, 192.65, 1965
0, 0, 192.66, 1965
0, 0, 192.68, 1965
0, 0, 193.02, 1965
0, 0, 193.15, 1965
3, 0, 193.54, 1965
0, 0, 193.55, 1965
0, 0, 193.52, 1965
0, 0, 193.25, 1965
0, 0, 193.18, 1965
0, 0, 195.47, 1965
0, 0, 195.70, 1965
0, 0, 195.72, 1965
0, 0, 195.32, 1965
0, 0, 194.66, 1965
0, 0, 192.91, 1965
4, 0, 193.36, 1965
0, 0, 193.29, 1965
0, 0, 193.48, 1965
0, 0, 193.41, 1965
0, 0, 192.88, 1965
0, 0, 192.95, 1965
0, 0, 192.90, 1965
0, 0, 193.24, 1965
0, 0, 193.36, 1965
0, 0, 193.53, 1965
0, 0, 193.37, 1965
0, 0, 193.38, 1965
0, 0, 193.05, 1965
0, 0, 193.03, 1965
0, 0, 192.91, 1965
0, 0, 192.95, 1965
0, 0, 192.91, 1965
0, 0, 192.91, 1965
0, 0, 192.93, 1965
0, 0, 192.89, 1965
0, 0, 192.95, 1965
0, 0, 192.92, 1965
0, 0, 192.93, 1965
0, 0, 192.95, 1965
0, 0, 193.04, 1965
0, 0, 193.07, 1965
0, 0, 193.06, 1965
0, 0, 193.05, 1965
0, 0, 192.98, 1965
0, 0, 192.99, 1965
0, 0, 193.12, 1965
0, 0, 193.11, 1965
0, 0, 193.10, 1965
0, 0, 193.05, 1965
0, 0, 192.95, 1965
0, 0, 192.99, 1965
0, 0, 193.41, 1965
0, 0, 193.43, 1965
3, 0, 193.57, 1965
0, 0, 193.61, 1965
0, 0, 193.19, 1965
0, 0, 193.14, 1965
3, 0, 193.58, 1965
0, 0, 193.61, 1965
0, 0, 193.68, 1965
0, 0, 193.77, 1965
0, 0, 193.19, 1965
0, 0, 193.20, 1965
0, 0, 193.28, 1965
0, 0, 193.10, 1965
0, 0, 193.09, 1965
0, 0, 193.15, 1965
0, 0, 193.07, 1965
2, 0, 193.46, 1965
0, 0, 193.85, 1965
0, 0, 193.80, 1965
0, 0, 193.86, 1965
0, 0, 195.97, 1965
0, 0, 196.08, 1965
0, 0, 195.66, 1965
3, 0, 195.86, 1965
0, 0, 193.42, 1965
0, 0, 193.42, 1965
0, 0, 193.29, 1965
0, 0, 193.12, 1965
4, 0, 193.46, 1965
0, 0, 193.47, 1965
0, 0, 193.79, 1965
0, 0, 193.78, 1965
0, 0, 193.52, 1965
0, 0, 193.57, 1965
0, 0, 193.76, 1965
0, 0, 193.88, 1965
0, 0, 193.98, 1965
0, 0, 193.96, 1965
0, 0, 193.42, 1965
0, 0, 193.31, 1965
0, 0, 193.21, 1965
0, 0, 193.17, 1965
0, 0, 193.19, 1965
0, 0, 193.23, 1965
0, 0, 193.26, 1965
0, 0, 193.25, 1965
0, 0, 193.27, 1965
0, 0, 193.23, 1965
0, 0, 193.21, 1965
0, 0, 193.21, 1965
0, 0, 193.17, 1965
0, 0, 193.18, 1965
0, 0, 193.15, 1965
0, 0, 193.16, 1965
0, 0, 193.20, 1965
0, 0, 193.30, 1965
0, 0, 193.35, 1965
0, 0, 193.30, 1965
0, 0, 193.29, 1965
0, 0, 193.34, 1965
0, 0, 193.21, 1965
0, 0, 193.19, 1965
0, 0, 193.19, 1965
3, 0, 193.39, 1965
0, 0, 193.38, 1965
0, 0, 193.38, 1965
0, 0, 193.73, 1965
0, 0, 193.57, 1965
0, 0, 193.48, 1965
0, 0, 193.52, 1965
0, 0, 193.44, 1965
0, 0, 193.38, 1965
2, 0, 193.76, 1965
0, 0, 193.85, 1965
0, 0, 193.62, 1965
0, 0, 193.64, 1965
0, 0, 193.50, 1965
0, 0, 193.48, 1965
0, 0, 193.48, 1965
0, 0, 193.52, 1965
0, 0, 193.47, 1965
0, 0, 193.49, 1965
3, 0, 195.84, 1965
0, 0, 196.11, 1965
0, 0, 196.10, 1965
0, 0, 195.93, 1965
0, 0, 196.30, 1965
0, 0, 193.58, 1965
3, 0, 193.73, 1965
0, 0, 193.71, 1965
0, 0, 193.72, 1965
0, 0, 193.40, 1965
0, 0, 193.24, 1965
0, 0, 193.57, 1965
0, 0, 193.59, 1965
3, 0, 193.66, 1965
0, 0, 193.67, 1965
0, 0, 193.65, 1965
0, 0, 193.50, 1965
0, 0, 193.94, 1965
0, 0, 193.84, 1965
3, 0, 194.28, 1965
0, 0, 194.20, 1965
0, 0, 194.22, 1965
0, 0, 193.71, 1965
0, 0, 193.32, 1965
0, 0, 193.29, 1965
0, 0, 193.29, 1965
0, 0, 193.29, 1965
0, 0, 193.22, 1965
0, 0, 193.24, 1965
0, 0, 193.27, 1965
0, 0, 193.27, 1965
0, 0, 193.25, 1965
0, 0, 193.21, 1965
0, 0, 193.20, 1965
0, 0, 193.17, 1965
0, 0, 193.15, 1965
0, 0, 193.16, 1965
0, 0, 193.30, 1965
0, 0, 193.37, 1965
0, 0, 193.37, 1965
0, 0, 193.33, 1965
0, 0, 193.29, 1965
0, 0, 193.22, 1965
0, 0, 193.22, 1965
0, 0, 193.24, 1965
0, 0, 193.24, 1965
0, 0, 193.22, 1965
0, 0, 193.22, 1965
3, 0, 193.35, 1965
0, 0, 193.34, 1965
0, 0, 193.37, 1965
0, 0, 193.59, 1965
0, 0, 193.44, 1965
0, 0, 193.40, 1965
0, 0, 193.44, 1965
0, 0, 193.42, 1965
0, 0, 193.47, 1965
3, 0, 193.75, 1965
0, 0, 193.70, 1965
0, 0, 193.61, 1965
0, 0, 193.58, 1965
0, 0, 193.26, 1965
0, 0, 193.24, 1965
0, 0, 193.16, 1965
0, 0, 193.16, 1965
0, 0, 195.54, 1965
0, 0, 195.71, 1965
3, 0, 196.02, 1965
0, 0, 196.03, 1965
0, 0, 193.92, 1965
0, 0, 193.55, 1965
4, 0, 193.92, 1965
0, 0, 193.53, 1965
0, 0, 193.91, 1965
0, 0, 193.89, 1965
0, 0, 193.96, 1965
0, 0, 193.61, 1965
0, 0, 193.28, 1965
0, 0, 193.46, 1965
0, 0, 193.45, 1965
3, 0, 193.65, 1965
0, 0, 193.70, 1965
0, 0, 193.70, 1965
0, 0, 193.50, 1965
4, 0, 193.68, 1965
0, 0, 193.56, 1965
0, 0, 193.76, 1965
0, 0, 193.73, 1965
0, 0, 193.37, 1965
0, 0, 193.41, 1965
0, 0, 193.20, 1965
0, 0, 193.14, 1965
0, 0, 193.20, 1965
0, 0, 193.20, 1965
0, 0, 193.18, 1965
0, 0, 193.21, 1965
0, 0, 193.20, 1965
0, 0, 193.13, 1965
0, 0, 193.10, 1965
0, 0, 193.09, 1965
0, 0, 193.10, 1965
0, 0, 193.18, 1965
0, 0, 193.24, 1965
0, 0, 193.24, 1965
0, 0, 193.29, 1965
0, 0, 193.35, 1965
0, 0, 193.16, 1965
0, 0, 193.11, 1965
0, 0, 193.09, 1965
0, 0, 193.04, 1965
0, 0, 193.04, 1965
0, 0, 193.10, 1965
0, 0, 193.13, 1965
0, 0, 193.11, 1965
0, 0, 193.57, 1965
0, 0, 193.58, 1965
3, 0, 193.97, 1965
0, 0, 194.01, 1965
0, 0, 193.60, 1965
0, 0, 193.57, 1965
3, 0, 194.21, 1965
0, 0, 193.77, 1965
0, 0, 193.80, 1965
0, 0, 194.11, 1965
0, 0, 194.12, 1965
0, 0, 193.51, 1965
0, 0, 193.43, 1965
0, 0, 193.07, 1965
0, 0, 193.02, 1965
0, 0, 195.39, 1965
0, 0, 195.36, 1965
4, 0, 195.53, 1965
0, 0, 195.58, 1965
3, 0, 193.80, 1965
0, 0, 193.41, 1965
0, 0, 193.33, 1965
0, 0, 193.14, 1965
0, 0, 193.20, 1965
0, 0, 193.11, 1965
0, 0, 193.34, 1965
0, 0, 193.42, 1965
0, 0, 193.31, 1965
0, 0, 193.29, 1965
0, 0, 193.14, 1965
4, 0, 193.42, 1965
0, 0, 193.36, 1965
0, 0, 193.58, 1965
0, 0, 193.59, 1965
0, 0, 193.39, 1965
0, 0, 193.32, 1965
4, 0, 193.50, 1965
0, 0, 193.46, 1965
0, 0, 193.62, 1965
0, 0, 193.65, 1965
0, 0, 193.28, 1965
0, 0, 193.30, 1965
0, 0, 193.15, 1965
0, 0, 193.16, 1965
0, 0, 193.17, 1965
0, 0, 193.17, 1965
0, 0, 193.12, 1965
0, 0, 193.09, 1965
0, 0, 193.06, 1965
0, 0, 193.03, 1965
0, 0, 193.02, 1965
0, 0, 193.01, 1965
0, 0, 193.12, 1965
0, 0, 193.15, 1965
0, 0, 193.22, 1965
0, 0, 193.23, 1965
0, 0, 193.20, 1965
0, 0, 193.22, 1965
0, 0, 193.24, 1965
0, 0, 193.20, 1965
0, 0, 193.13, 1965
0, 0, 193.06, 1965
0, 0, 193.01, 1965
0, 0, 193.00, 1965
0, 0, 193.01, 1965
0, 0, 193.00, 1965
0, 0, 193.38, 1965
0, 0, 193.43, 1965
0, 0, 193.45, 1965
3, 0, 193.66, 1965
0, 0, 193.68, 1965
0, 0, 193.34, 1965
0, 0, 193.30, 1965
0, 0, 193.43, 1965
0, 0, 193.43, 1965
0, 0, 193.99, 1965
0, 0, 194.02, 1965
0, 0, 193.76, 1965
0, 0, 193.79, 1965
0, 0, 196.24, 1965
0, 0, 195.61, 1965
0, 0, 195.62, 1965
0, 0, 195.49, 1965
0, 0, 195.07, 1965
4, 0, 193.45, 1965
0, 0, 193.44, 1965
0, 0, 193.84, 1965
0, 0, 193.87, 1965
0, 0, 193.48, 1965
0, 0, 193.76, 1965
0, 0, 193.43, 1965
3, 0, 193.99, 1965
0, 0, 194.00, 1965
0, 0, 193.99, 1965
0, 0, 193.77, 1965
0, 0, 193.39, 1965
4, 0, 193.46, 1965
0, 0, 193.44, 1965
3, 0, 193.57, 1965
0, 0, 193.46, 1965
0, 0, 193.45, 1965
0, 0, 193.21, 1965
4, 0, 193.50, 1965
0, 0, 193.45, 1965
3, 0, 193.82, 1965
0, 0, 193.82, 1965
0, 0, 193.47, 1965
0, 0, 193.46, 1965
0, 0, 193.09, 1965
0, 0, 193.09, 1965
0, 0, 193.09, 1965
0, 0, 193.03, 1965
0, 0, 193.05, 1965
0, 0, 193.06, 1965
0, 0, 193.08, 1965
0, 0, 193.11, 1965
0, 0, 193.27, 1965
0, 0, 193.26, 1965
0, 0, 193.27, 1965
0, 0, 193.24, 1965
0, 0, 193.12, 1965
0, 0, 193.16, 1965
0, 0, 193.15, 1965
0, 0, 193.14, 1965
0, 0, 193.13, 1965
0, 0, 193.11, 1965
0, 0, 193.15, 1965
0, 0, 193.11, 1965
0, 0, 193.11, 1965
0, 0, 193.12, 1965
0, 0, 193.13, 1965
0, 0, 193.13, 1965
0, 0, 193.71, 1965
0, 0, 193.74, 1965
3, 0, 193.90, 1965
0, 0, 193.91, 1965
0, 0, 193.33, 1965
0, 0, 193.43, 1965
3, 0, 193.90, 1965
0, 0, 193.72, 1965
0, 0, 193.73, 1965
0, 0, 194.24, 1965
0, 0, 193.83, 1965
0, 0, 196.10, 1965
1, 0, 196.18, 1965
0, 0, 195.57, 1965
0, 0, 195.63, 1965
0, 0, 195.60, 1965
0, 0, 193.21, 1965
4, 0, 193.33, 1965
0, 0, 193.34, 1965
3, 0, 193.69, 1965
0, 0, 193.68, 1965
0, 0, 193.61, 1965
0, 0, 193.36, 1965
0, 0, 193.38, 1965
0, 0, 193.39, 1965
0, 0, 193.69, 1965
0, 0, 193.74, 1965
0, 0, 193.40, 1965
0, 0, 193.43, 1965
0, 0, 193.15, 1965
0, 0, 193.43, 1965
3, 0, 193.64, 1965
0, 0, 193.69, 1965
0, 0, 193.66, 1965
0, 0, 193.38, 1965
0, 0, 193.37, 1965
0, 0, 193.31, 1965
0, 0, 193.75, 1965
0, 0, 193.76, 1965
0, 0, 193.60, 1965
0, 0, 193.55, 1965
0, 0, 193.12, 1965
0, 0, 193.15, 1965
0, 0, 193.13, 1965
0, 0, 193.18, 1965
0, 0, 193.10, 1965
0, 0, 193.07, 1965
0, 0, 193.16, 1965
0, 0, 193.13, 1965
0, 0, 193.14, 1965
0, 0, 193.17, 1965
0, 0, 193.22, 1965
0, 0, 193.10, 1965
0, 0, 193.11, 1965
0, 0, 193.10, 1965
0, 0, 193.10, 1965
0, 0, 193.01, 1965
0, 0, 193.02, 1965
0, 0, 193.04, 1965
0, 0, 193.03, 1965
0, 0, 193.07, 1965
0, 0, 193.12, 1965
0, 0, 193.07, 1965
0, 0, 193.05, 1965
0, 0, 193.05, 1965
0, 0, 193.26, 1965
0, 0, 193.31, 1965
0, 0, 193.82, 1965
0, 0, 193.85, 1965
0, 0, 193.69, 1965
0, 0, 193.73, 1965
1, 0, 194.05, 1965
0, 0, 193.54, 1965
0, 0, 193.40, 1965
0, 0, 193.82, 1965
0, 0, 195.86, 1965
0, 0, 195.84, 1965
1, 0, 195.83, 1965
0, 0, 195.41, 1965
0, 0, 193.08, 1965
0, 0, 193.05, 1965
0, 0, 193.02, 1965
4, 0, 193.52, 1965
0, 0, 193.49, 1965
3, 0, 193.60, 1965
0, 0, 193.60, 1965
0, 0, 193.08, 1965
0, 0, 193.08, 1965
0, 0, 193.35, 1965
0, 0, 193.70, 1965
0, 0, 193.84, 1965
0, 0, 193.81, 1965
0, 0, 193.45, 1965
0, 0, 193.12, 1965
0, 0, 193.24, 1965
0, 0, 193.28, 1965
3, 0, 193.65, 1965
0, 0, 193.71, 1965
0, 0, 193.75, 1965
0, 0, 193.42, 1965
4, 0, 193.65, 1965
0, 0, 193.62, 1965
0, 0, 194.14, 1965
0, 0, 194.07, 1965
0, 0, 193.53, 1965
0, 0, 193.55, 1965
0, 0, 193.06, 1965
0, 0, 193.04, 1965
0, 0, 193.01, 1965
0, 0, 192.99, 1965
0, 0, 192.96, 1965
0, 0, 193.05, 1965
0, 0, 193.07, 1965
0, 0, 193.06, 1965
0, 0, 193.02, 1965
0, 0, 192.94, 1965
0, 0, 192.97, 1965
0, 0, 192.98, 1965
0, 0, 193.00, 1965
0, 0, 193.02, 1965
0, 0, 193.01, 1965
0, 0, 193.01, 1965
0, 0, 193.00, 1965
0, 0, 193.01, 1965
0, 0, 193.04, 1965
0, 0, 193.07, 1965
0, 0, 193.09, 1965
0, 0, 193.08, 1965
0, 0, 193.01, 1965
0, 0, 192.98, 1965
0, 0, 193.12, 1965
0, 0, 193.13, 1965
3, 0, 193.54, 1965
0, 0, 193.54, 1965
0, 0, 193.36, 1965
0, 0, 193.40, 1965
3, 0, 193.54, 1965
0, 0, 193.53, 1965
0, 0, 196.09, 1965
0, 0, 196.58, 1965
0, 0, 196.09, 1965
0, 0, 196.09, 1965
0, 0, 195.73, 1965
0, 0, 193.17, 1965
0, 0, 193.18, 1965
0, 0, 193.21, 1965
0, 0, 193.11, 1965
4, 0, 193.19, 1965
0, 0, 193.20, 1965
0, 0, 193.33, 1965
0, 0, 193.33, 1965
0, 0, 193.22, 1965
0, 0, 193.23, 1965
0, 0, 193.66, 1965
3, 0, 193.83, 1965
0, 0, 193.82, 1965
0, 0, 193.80, 1965
0, 0, 193.31, 1965
0, 0, 193.18, 1965
4, 0, 193.26, 1965
0, 0, 193.21, 1965
3, 0, 193.27, 1965
0, 0, 193.27, 1965
0, 0, 193.27, 1965
0, 0, 193.10, 1965
4, 0, 193.27, 1965
0, 0, 193.24, 1965
0, 0, 193.75, 1965
0, 0, 193.75, 1965
0, 0, 193.55, 1965
0, 0, 193.54, 1965
0, 0, 193.06, 1965
0, 0, 193.01, 1965
0, 0, 193.01, 1965
0, 0, 193.12, 1965
0, 0, 193.13, 1965
0, 0, 193.18, 1965
0, 0, 193.18, 1965
0, 0, 193.18, 1965
0, 0, 193.13, 1965
0, 0, 193.11, 1965
0, 0, 193.15, 1965
0, 0, 193.15, 1965
0, 0, 193.13, 1965
0, 0, 193.12, 1965
0, 0, 193.01, 1965
0, 0, 193.00, 1965
0, 0, 193.01, 1965
0, 0, 192.99, 1965
0, 0, 193.01, 1965
0, 0, 192.97, 1965
0, 0, 192.95, 1965
0, 0, 192.96, 1965
0, 0, 193.02, 1965
3, 0, 193.20, 1965
0, 0, 193.27, 1965
0, 0, 193.38, 1965
3, 0, 193.58, 1965
0, 0, 193.55, 1965
0, 0, 193.41, 1965
0, 0, 193.25, 1965
3, 0, 193.82, 1965
0, 0, 195.68, 1965
0, 0, 195.94, 1965
0, 0, 195.97, 1965
0, 0, 195.78, 1965
0, 0, 193.40, 1965
0, 0, 193.45, 1965
0, 0, 193.09, 1965
0, 0, 193.12, 1965
0, 0, 193.09, 1965
0, 0, 193.06, 1965
0, 0, 193.24, 1965
0, 0, 193.22, 1965
0, 0, 193.52, 1965
0, 0, 193.44, 1965
0, 0, 193.37, 1965
4, 0, 193.65, 1965
0, 0, 193.28, 1965
3, 0, 193.43, 1965
0, 0, 193.48, 1965
0, 0, 193.42, 1965
0, 0, 193.15, 1965
0, 0, 193.07, 1965
4, 0, 193.40, 1965
0, 0, 193.35, 1965
0, 0, 193.87, 1965
0, 0, 193.85, 1965
0, 0, 193.62, 1965
0, 0, 193.57, 1965
4, 0, 193.23, 1965
0, 0, 193.21, 1965
0, 0, 193.57, 1965
0, 0, 193.58, 1965
0, 0, 193.37, 1965
0, 0, 193.37, 1965
0, 0, 193.04, 1965
0, 0, 193.11, 1965
0, 0, 193.12, 1965
0, 0, 193.10, 1965
0, 0, 193.12, 1965
0, 0, 193.10, 1965
0, 0, 193.03, 1965
0, 0, 193.04, 1965
0, 0, 193.04, 1965
0, 0, 193.06, 1965
0, 0, 192.99, 1965
0, 0, 192.96, 1965
0, 0, 192.95, 1965
0, 0, 192.99, 1965
0, 0, 192.97, 1965
0, 0, 192.99, 1965
0, 0, 193.03, 1965
0, 0, 193.06, 1965
0, 0, 193.13, 1965
0, 0, 193.16, 1965
0, 0, 193.12, 1965
0, 0, 193.10, 1965
0, 0, 193.15, 1965
3, 0, 193.38, 1965
0, 0, 193.40, 1965
0, 0, 193.39, 1965
0, 0, 193.75, 1965
0, 0, 193.46, 1965
0, 0, 194.09, 1965
0, 0, 195.65, 1965
0, 0, 195.72, 1965
0, 0, 195.68, 1965
3, 0, 195.90, 1965
0, 0, 193.69, 1965
0, 0, 193.30, 1965
0, 0, 193.46, 1965
0, 0, 193.46, 1965
0, 0, 193.26, 1965
0, 0, 193.25, 1965
0, 0, 193.07, 1965
0, 0, 193.11, 1965
0, 0, 193.30, 1965
0, 0, 193.26, 1965
0, 0, 193.42, 1965
0, 0, 193.42, 1965
0, 0, 193.15, 1965
0, 0, 193.17, 1965
0, 0, 193.28, 1965
0, 0, 193.32, 1965
0, 0, 193.33, 1965
0, 0, 193.37, 1965
0, 0, 193.19, 1965
0, 0, 193.09, 1965
0, 0, 193.19, 1965
0, 0, 193.23, 1965
3, 0, 193.57, 1965
0, 0, 193.54, 1965
0, 0, 193.59, 1965
0, 0, 193.40, 1965
0, 0, 193.27, 1965
0, 0, 193.19, 1965
3, 0, 193.35, 1965
0, 0, 193.37, 1965
0, 0, 193.40, 1965
0, 0, 193.35, 1965
0, 0, 193.09, 1965
0, 0, 193.07, 1965
0, 0, 193.07, 1965
0, 0, 193.06, 1965
0, 0, 193.07, 1965
0, 0, 193.02, 1965
0, 0, 193.07, 1965
0, 0, 193.04, 1965
0, 0, 193.01, 1965
0, 0, 193.09, 1965
0, 0, 193.04, 1965
0, 0, 193.02, 1965
0, 0, 192.99, 1965
0, 0, 193.01, 1965
0, 0, 193.04, 1965
0, 0, 193.01, 1965
0, 0, 192.98, 1965
0, 0, 193.08, 1965
0, 0, 193.04, 1965
0, 0, 193.06, 1965
0, 0, 193.10, 1965
3, 0, 193.26, 1965
0, 0, 193.22, 1965
0, 0, 196.04, 1965
0, 0, 196.15, 1965
0, 0, 195.92, 1965
0, 0, 195.98, 1965
3, 0, 193.79, 1965
0, 0, 193.34, 1965
0, 0, 193.34, 1965
0, 0, 193.79, 1965
0, 0, 193.49, 1965
0, 0, 193.45, 1965
0, 0, 193.62, 1965
0, 0, 193.15, 1965
0, 0, 193.21, 1965
0, 0, 193.19, 1965
0, 0, 193.19, 1965
0, 0, 193.29, 1965
0, 0, 193.32, 1965
3, 0, 193.54, 1965
0, 0, 193.55, 1965
0, 0, 193.38, 1965
0, 0, 193.27, 1965
0, 0, 193.36, 1965
0, 0, 193.35, 1965
0, 0, 193.55, 1965
0, 0, 193.57, 1965
0, 0, 193.28, 1965
0, 0, 193.25, 1965
0, 0, 193.01, 1965
2, 0, 193.18, 1965
2, 0, 193.38, 1965
0, 0, 193.44, 1965
0, 0, 193.45, 1965
0, 0, 193.28, 1965
0, 0, 193.49, 1965
0, 0, 193.26, 1965
0, 0, 193.34, 1965
0, 0, 193.57, 1965
0, 0, 193.51, 1965
0, 0, 193.28, 1965
0, 0, 193.10, 1965
0, 0, 192.93, 1965
0, 0, 192.97, 1965
0, 0, 192.98, 1965
0, 0, 192.99, 1965
0, 0, 192.99, 1965
0, 0, 192.97, 1965
0, 0, 192.97, 1965
0, 0, 193.03, 1965
0, 0, 193.01, 1965
0, 0, 193.04, 1965
0, 0, 193.06, 1965
0, 0, 193.04, 1965
0, 0, 193.09, 1965
0, 0, 193.10, 1965
0, 0, 193.07, 1965
0, 0, 193.04, 1965
0, 0, 193.17, 1965
0, 0, 193.19, 1965
0, 0, 193.22, 1965
0, 0, 193.19, 1965
0, 0, 193.07, 1965
0, 0, 193.01, 1965
0, 0, 194.72, 1965
0, 0, 195.85, 1965
0, 0, 195.85, 1965
3, 0, 196.05, 1965
0, 0, 195.98, 1965
0, 0, 193.20, 1965
0, 0, 193.18, 1965
0, 0, 193.26, 1965
0, 0, 193.22, 1965
3, 0, 193.72, 1965
0, 0, 193.71, 1965
0, 0, 193.54, 1965
0, 0, 193.62, 1965
1, 0, 193.21, 1965
0, 0, 193.16, 1965
0, 0, 193.26, 1965
0, 0, 193.13, 1965
0, 0, 193.16, 1965
4, 0, 193.32, 1965
0, 0, 193.19, 1965
3, 0, 193.55, 1965
0, 0, 193.57, 1965
0, 0, 193.32, 1965
0, 0, 193.26, 1965
0, 0, 193.21, 1965
0, 0, 193.45, 1965
0, 0, 193.51, 1965
0, 0, 193.54, 1965
0, 0, 193.25, 1965
0, 0, 193.17, 1965
0, 0, 193.04, 1965
0, 0, 193.07, 1965
3, 0, 193.31, 1965
0, 0, 193.35, 1965
0, 0, 193.38, 1965
0, 0, 193.26, 1965
3, 0, 193.45, 1965
0, 0, 193.40, 1965
0, 0, 193.76, 1965
0, 0, 193.76, 1965
0, 0, 193.32, 1965
0, 0, 193.32, 1965
0, 0, 192.98, 1965
0, 0, 192.96, 1965
0, 0, 192.90, 1965
0, 0, 192.92, 1965
0, 0, 192.90, 1965
0, 0, 192.91, 1965
0, 0, 192.95, 1965
0, 0, 192.97, 1965
0, 0, 192.99, 1965
0, 0, 193.01, 1965
0, 0, 193.00, 1965
0, 0, 192.97, 1965
0, 0, 192.90, 1965
0, 0, 192.89, 1965
0, 0, 192.86, 1965
0, 0, 192.97, 1965
0, 0, 193.00, 1965
0, 0, 193.02, 1965
0, 0, 192.98, 1965
0, 0, 192.89, 1965
0, 0, 192.88, 1965
0, 0, 195.16, 1965
0, 0, 195.26, 1965
0, 0, 195.63, 1965
0, 0, 195.80, 1965
0, 0, 193.54, 1965
3, 0, 193.71, 1965
0, 0, 193.66, 1965
0, 0, 193.11, 1965
0, 0, 193.05, 1965
3, 0, 193.16, 1965
0, 0, 193.13, 1965
0, 0, 193.13, 1965
0, 0, 193.34, 1965
0, 0, 193.10, 1965
0, 0, 193.08, 1965
0, 0, 193.18, 1965
0, 0, 193.00, 1965
0, 0, 192.96, 1965
0, 0, 192.98, 1965
0, 0, 192.87, 1965
0, 0, 192.96, 1965
0, 0, 192.91, 1965
3, 0, 193.14, 1965
0, 0, 193.17, 1965
0, 0, 193.19, 1965
0, 0, 193.07, 1965
0, 0, 193.02, 1965
0, 0, 192.94, 1965
0, 0, 193.05, 1965
0, 0, 193.10, 1965
0, 0, 192.95, 1965
0, 0, 192.90, 1965
0, 0, 192.85, 1965
0, 0, 193.12, 1965
0, 0, 193.22, 1965
0, 0, 193.43, 1965
0, 0, 193.45, 1965
0, 0, 193.15, 1965
0, 0, 193.19, 1965
0, 0, 193.14, 1965
0, 0, 193.22, 1965
0, 0, 193.26, 1965
0, 0, 193.29, 1965
0, 0, 193.12, 1965
0, 0, 193.08, 1965
0, 0, 192.87, 1965
0, 0, 192.86, 1965
0, 0, 192.85, 1965
0, 0, 192.84, 1965
0, 0, 192.81, 1965
0, 0, 192.77, 1965
0, 0, 192.73, 1965
0, 0, 192.81, 1965
0, 0, 192.87, 1965
0, 0, 192.87, 1965
0, 0, 192.82, 1965
0, 0, 192.95, 1965
0, 0, 192.93, 1965
0, 0, 192.97, 1965
0, 0, 192.95, 1965
0, 0, 192.91, 1965
0, 0, 192.80, 1965
0, 0, 192.98, 1965
0, 0, 195.29, 1965
0, 0, 195.27, 1965
0, 0, 195.29, 1965
0, 0, 195.23, 1965
0, 0, 192.84, 1965
0, 0, 192.85, 1965
0, 0, 193.04, 1965
0, 0, 193.02, 1965
3, 0, 193.36, 1965
0, 0, 193.37, 1965
0, 0, 193.22, 1965
0, 0, 193.23, 1965
3, 0, 193.05, 1965
0, 0, 192.98, 1965
0, 0, 193.09, 1965
0, 0, 193.30, 1965
0, 0, 193.22, 1965
0, 0, 193.25, 1965
0, 0, 193.13, 1965
0, 0, 192.90, 1965
0, 0, 192.84, 1965
0, 0, 192.75, 1965
0, 0, 192.75, 1965
0, 0, 192.67, 1965
0, 0, 192.85, 1965
0, 0, 193.24, 1965
0, 0, 193.25, 1965
0, 0, 193.24, 1965
0, 0, 193.10, 1965
4, 0, 193.54, 1965
0, 0, 193.19, 1965
0, 0, 193.66, 1965
0, 0, 193.70, 1965
0, 0, 193.26, 1965
0, 0, 193.24, 1965
0, 0, 192.90, 1965
3, 0, 193.10, 1965
0, 0, 193.10, 1965
0, 0, 193.35, 1965
0, 0, 193.24, 1965
0, 0, 192.96, 1965
0, 0, 192.99, 1965
0, 0, 192.99, 1965
3, 0, 193.09, 1965
0, 0, 193.10, 1965
0, 0, 193.15, 1965
0, 0, 192.98, 1965
0, 0, 193.00, 1965
0, 0, 192.86, 1965
0, 0, 192.81, 1965
0, 0, 192.82, 1965
0, 0, 192.82, 1965
0, 0, 192.82, 1965
0, 0, 192.85, 1965
0, 0, 192.80, 1965
0, 0, 192.79, 1965
0, 0, 192.92, 1965
0, 0, 192.90, 1965
0, 0, 192.88, 1965
0, 0, 192.85, 1965
0, 0, 192.74, 1965
0, 0, 192.79, 1965
0, 0, 195.24, 1965
0, 0, 195.26, 1965
0, 0, 195.26, 1965
0, 0, 195.21, 1965
0, 0, 194.74, 1965
0, 0, 192.81, 1965
0, 0, 192.79, 1965
0, 0, 192.85, 1965
0, 0, 192.77, 1965
0, 0, 192.71, 1965
0, 0, 192.81, 1965
0, 0, 192.79, 1965
3, 0, 193.22, 1965
0, 0, 193.26, 1965
0, 0, 193.15, 1965
0, 0, 193.26, 1965
2, 0, 193.36, 1965
0, 0, 193.35, 1965
0, 0, 193.90, 1965
0, 0, 193.77, 1965
0, 0, 193.27, 1965
0, 0, 193.21, 1965
1, 0, 193.27, 1965
0, 0, 192.65, 1965
0, 0, 192.64, 1965
0, 0, 192.68, 1965
0, 0, 192.71, 1965
4, 0, 192.86, 1965
0, 0, 192.83, 1965
0, 0, 193.03, 1965
0, 0, 193.01, 1965
0, 0, 192.88, 1965
4, 0, 193.12, 1965
0, 0, 192.90, 1965
3, 0, 193.08, 1965
0, 0, 193.28, 1965
0, 0, 193.07, 1965
0, 0, 193.08, 1965
0, 0, 192.94, 1965
4, 0, 193.04, 1965
0, 0, 193.41, 1965
0, 0, 193.53, 1965
0, 0, 193.54, 1965
0, 0, 193.20, 1965
0, 0, 193.11, 1965
0, 0, 192.93, 1965
0, 0, 193.13, 1965
0, 0, 193.14, 1965
0, 0, 193.18, 1965
0, 0, 192.94, 1965
0, 0, 193.00, 1965
0, 0, 192.75, 1965
0, 0, 192.75, 1965
0, 0, 192.69, 1965
0, 0, 192.67, 1965
0, 0, 192.68, 1965
0, 0, 192.79, 1965
0, 0, 192.77, 1965
0, 0, 192.74, 1965
0, 0, 192.73, 1965
0, 0, 192.65, 1965
0, 0, 192.61, 1965
0, 0, 194.18, 1965
0, 0, 194.92, 1965
0, 0, 194.97, 1965
0, 0, 194.95, 1965
0, 0, 194.94, 1965
0, 0, 192.56, 1965
0, 0, 192.53, 1965
0, 0, 192.54, 1965
0, 0, 192.60, 1965
0, 0, 192.57, 1965
0, 0, 192.57, 1965
0, 0, 192.58, 1965
3, 0, 192.88, 1965
0, 0, 192.92, 1965
0, 0, 193.05, 1965
0, 0, 193.18, 1965
0, 0, 192.93, 1965
0, 0, 192.91, 1965
3, 0, 193.21, 1965
0, 0, 192.93, 1965
0, 0, 192.92, 1965
0, 0, 193.25, 1965
0, 0, 192.99, 1965
0, 0, 192.93, 1965
0, 0, 193.07, 1965
0, 0, 192.84, 1965
0, 0, 192.84, 1965
0, 0, 192.81, 1965
0, 0, 192.66, 1965
0, 0, 192.54, 1965
4, 0, 193.01, 1965
0, 0, 193.01, 1965
0, 0, 193.53, 1965
0, 0, 193.59, 1965
0, 0, 193.20, 1965
0, 0, 193.19, 1965
0, 0, 193.00, 1965
3, 0, 193.15, 1965
0, 0, 193.22, 1965
0, 0, 193.18, 1965
0, 0, 192.80, 1965
0, 0, 192.68, 1965
0, 0, 192.60, 1965
0, 0, 192.98, 1965
3, 0, 193.18, 1965
0, 0, 193.20, 1965
0, 0, 193.18, 1965
0, 0, 192.80, 1965
0, 0, 192.74, 1965
0, 0, 192.73, 1965
3, 0, 192.94, 1965
0, 0, 192.98, 1965
0, 0, 192.99, 1965
0, 0, 192.85, 1965
0, 0, 192.66, 1965
0, 0, 192.66, 1965
0, 0, 192.64, 1965
0, 0, 192.79, 1965
0, 0, 192.71, 1965
0, 0, 192.66, 1965
0, 0, 192.68, 1965
0, 0, 192.56, 1965
0, 0, 192.59, 1965
0, 0, 194.95, 1965
0, 0, 195.04, 1965
0, 0, 195.07, 1965
0, 0, 195.02, 1965
0, 0, 194.10, 1965
0, 0, 192.69, 1965
0, 0, 192.67, 1965
0, 0, 192.70, 1965
0, 0, 192.71, 1965
0, 0, 192.71, 1965
0, 0, 192.68, 1965
0, 0, 192.66, 1965
0, 0, 192.65, 1965
0, 0, 192.61, 1965
0, 0, 192.60, 1965
0, 0, 192.75, 1965
0, 0, 193.13, 1965
0, 0, 193.16, 1965
3, 0, 193.42, 1965
0, 0, 193.26, 1965
0, 0, 192.87, 1965
0, 0, 192.88, 1965
0, 0, 192.79, 1965
0, 0, 192.81, 1965
3, 0, 192.97, 1965
0, 0, 193.04, 1965
0, 0, 192.86, 1965
0, 0, 192.86, 1965
0, 0, 192.93, 1965
0, 0, 192.67, 1965
0, 0, 192.64, 1965
0, 0, 192.66, 1965
0, 0, 192.60, 1965
0, 0, 192.63, 1965
4, 0, 192.79, 1965
0, 0, 192.78, 1965
0, 0, 193.21, 1965
0, 0, 193.17, 1965
0, 0, 193.00, 1965
0, 0, 193.05, 1965
0, 0, 192.77, 1965
0, 0, 192.96, 1965
0, 0, 192.95, 1965
0, 0, 192.95, 1965
0, 0, 192.85, 1965
0, 0, 192.70, 1965
0, 0, 192.66, 1965
0, 0, 192.88, 1965
3, 0, 193.15, 1965
0, 0, 193.22, 1965
0, 0, 193.22, 1965
0, 0, 192.95, 1965
0, 0, 193.18, 1965
0, 0, 192.93, 1965
1, 0, 193.38, 1965
0, 0, 193.34, 1965
0, 0, 193.31, 1965
0, 0, 193.16, 1965
0, 0, 192.77, 1965
0, 0, 192.66, 1965
0, 0, 192.74, 1965
0, 0, 192.61, 1965
0, 0, 192.67, 1965
0, 0, 195.21, 1965
0, 0, 195.16, 1965
0, 0, 195.22, 1965
0, 0, 195.21, 1965
0, 0, 192.99, 1965
0, 0, 192.72, 1965
0, 0, 192.69, 1965
0, 0, 192.67, 1965
0, 0, 192.71, 1965
0, 0, 192.77, 1965
0, 0, 192.79, 1965
0, 0, 192.80, 1965
0, 0, 192.72, 1965
0, 0, 192.72, 1965
0, 0, 192.72, 1965
0, 0, 192.82, 1965
0, 0, 192.86, 1965
0, 0, 192.87, 1965
0, 0, 192.89, 1965
0, 0, 192.72, 1965
0, 0, 193.05, 1965
0, 0, 193.06, 1965
0, 0, 193.25, 1965
0, 0, 193.31, 1965
0, 0, 193.00, 1965
0, 0, 192.98, 1965
3, 0, 193.32, 1965
0, 0, 193.10, 1965
0, 0, 193.08, 1965
0, 0, 193.40, 1965
0, 0, 193.08, 1965
0, 0, 193.05, 1965
0, 0, 193.17, 1965
0, 0, 192.90, 1965
0, 0, 192.91, 1965
0, 0, 192.88, 1965
0, 0, 192.90, 1965
0, 0, 192.75, 1965
4, 0, 192.90, 1965
0, 0, 192.90, 1965
0, 0, 193.00, 1965
0, 0, 193.07, 1965
0, 0, 192.88, 1965
0, 0, 192.87, 1965
0, 0, 193.13, 1965
0, 0, 193.26, 1965
0, 0, 193.24, 1965
0, 0, 193.26, 1965
0, 0, 192.76, 1965
0, 0, 192.79, 1965
0, 0, 192.69, 1965
0, 0, 192.95, 1965
3, 0, 193.04, 1965
0, 0, 193.04, 1965
0, 0, 192.98, 1965
0, 0, 192.74, 1965
0, 0, 192.74, 1965
0, 0, 192.88, 1965
3, 0, 193.15, 1965
0, 0, 193.19, 1965
0, 0, 193.21, 1965
0, 0, 192.92, 1965
0, 0, 192.73, 1965
0, 0, 195.01, 1965
0, 0, 194.98, 1965
0, 0, 194.96, 1965
0, 0, 194.96, 1965
0, 0, 192.65, 1965
0, 0, 192.65, 1965
0, 0, 192.69, 1965
0, 0, 192.75, 1965
0, 0, 192.73, 1965
0, 0, 192.68, 1965
0, 0, 192.65, 1965
0, 0, 192.65, 1965
0, 0, 192.63, 1965
0, 0, 192.79, 1965
0, 0, 192.82, 1965
0, 0, 192.76, 1965
0, 0, 192.76, 1965
0, 0, 192.65, 1965
0, 0, 192.60, 1965
0, 0, 192.62, 1965
0, 0, 192.65, 1965
0, 0, 192.59, 1965
0, 0, 192.59, 1965
0, 0, 193.20, 1965
0, 0, 193.27, 1965
0, 0, 193.33, 1965
3, 0, 193.48, 1965
0, 0, 193.46, 1965
0, 0, 192.88, 1965
0, 0, 192.85, 1965
3, 0, 192.97, 1965
0, 0, 192.94, 1965
0, 0, 192.89, 1965
0, 0, 193.15, 1965
0, 0, 193.10, 1965
0, 0, 193.09, 1965
0, 0, 193.13, 1965
1, 0, 192.93, 1965
0, 0, 192.79, 1965
0, 0, 192.79, 1965
0, 0, 192.73, 1965
0, 0, 192.67, 1965
4, 0, 193.07, 1965
0, 0, 193.15, 1965
0, 0, 193.51, 1965
0, 0, 193.49, 1965
0, 0, 193.13, 1965
0, 0, 193.00, 1965
0, 0, 192.99, 1965
3, 0, 193.14, 1965
0, 0, 193.19, 1965
0, 0, 193.15, 1965
0, 0, 192.84, 1965
0, 0, 192.73, 1965
0, 0, 192.75, 1965
0, 0, 193.31, 1965
0, 0, 193.48, 1965
0, 0, 193.49, 1965
0, 0, 193.48, 1965
0, 0, 192.86, 1965
0, 0, 192.84, 1965
0, 0, 195.35, 1965
3, 0, 195.44, 1965
0, 0, 195.50, 1965
0, 0, 195.47, 1965
0, 0, 192.84, 1965
0, 0, 192.81, 1965
0, 0, 192.67, 1965
0, 0, 192.65, 1965
0, 0, 192.64, 1965
0, 0, 192.70, 1965
0, 0, 192.77, 1965
0, 0, 192.74, 1965
0, 0, 192.69, 1965
0, 0, 192.67, 1965
0, 0, 192.73, 1965
0, 0, 192.77, 1965
0, 0, 192.79, 1965
0, 0, 192.84, 1965
0, 0, 192.87, 1965
0, 0, 192.81, 1965
0, 0, 192.81, 1965
0, 0, 192.82, 1965
0, 0, 192.83, 1965
0, 0, 192.82, 1965
0, 0, 192.77, 1965
0, 0, 192.73, 1965
0, 0, 192.72, 1965
0, 0, 192.74, 1965
0, 0, 192.76, 1965
0, 0, 192.84, 1965
3, 0, 192.97, 1965
0, 0, 193.01, 1965
0, 0, 193.01, 1965
0, 0, 193.54, 1965
0, 0, 193.41, 1965
0, 0, 193.45, 1965
0, 0, 193.46, 1965
0, 0, 193.21, 1965
0, 0, 193.16, 1965
0, 0, 193.60, 1965
0, 0, 193.54, 1965
0, 0, 193.26, 1965
0, 0, 193.23, 1965
0, 0, 192.78, 1965
0, 0, 192.81, 1965
0, 0, 192.79, 1965
0, 0, 192.81, 1965
0, 0, 192.80, 1965
0, 0, 192.79, 1965
0, 0, 192.90, 1965
3, 0, 193.09, 1965
0, 0, 193.11, 1965
0, 0, 193.10, 1965
0, 0, 192.88, 1965
0, 0, 193.17, 1965
0, 0, 192.99, 1965
3, 0, 193.60, 1965
0, 0, 193.62, 1965
0, 0, 193.67, 1965
0, 0, 193.36, 1965
0, 0, 192.86, 1965
0, 0, 192.94, 1965
0, 0, 192.90, 1965
3, 0, 195.89, 1965
0, 0, 195.91, 1965
0, 0, 195.88, 1965
0, 0, 195.83, 1965
4, 0, 193.38, 1965
0, 0, 193.35, 1965
2, 0, 193.87, 1965
0, 0, 193.92, 1965
0, 0, 193.40, 1965
0, 0, 193.32, 1965
0, 0, 192.74, 1965
0, 0, 192.77, 1965
0, 0, 192.73, 1965
0, 0, 192.74, 1965
0, 0, 192.88, 1965
0, 0, 192.88, 1965
0, 0, 192.87, 1965
0, 0, 192.89, 1965
0, 0, 192.81, 1965
0, 0, 192.77, 1965
0, 0, 192.77, 1965
0, 0, 192.76, 1965
0, 0, 192.76, 1965
0, 0, 192.82, 1965
0, 0, 192.84, 1965
0, 0, 192.81, 1965
0, 0, 192.78, 1965
0, 0, 192.73, 1965
0, 0, 192.68, 1965
0, 0, 192.69, 1965
0, 0, 192.68, 1965
0, 0, 192.71, 1965
0, 0, 192.74, 1965
0, 0, 192.79, 1965
0, 0, 193.32, 1965
0, 0, 193.60, 1965
0, 0, 193.59, 1965
3, 0, 193.81, 1965
0, 0, 193.77, 1965
0, 0, 193.00, 1965
0, 0, 193.01, 1965
3, 0, 193.03, 1965
0, 0, 193.05, 1965
0, 0, 193.04, 1965
0, 0, 193.45, 1965
0, 0, 193.27, 1965
0, 0, 193.25, 1965
0, 0, 193.35, 1965
1, 0, 193.05, 1965
0, 0, 193.04, 1965
0, 0, 193.00, 1965
0, 0, 193.02, 1965
0, 0, 192.86, 1965
0, 0, 193.22, 1965
4, 0, 193.23, 1965
3, 0, 193.44, 1965
0, 0, 193.53, 1965
0, 0, 193.10, 1965
0, 0, 193.10, 1965
0, 0, 193.06, 1965
0, 0, 193.29, 1965
0, 0, 193.31, 1965
0, 0, 195.83, 1965
0, 0, 195.69, 1965
0, 0, 195.66, 1965
0, 0, 195.35, 1965
0, 0, 193.38, 1965
0, 0, 193.33, 1965
0, 0, 193.35, 1965
0, 0, 193.35, 1965
0, 0, 193.05, 1965
0, 0, 193.08, 1965
0, 0, 193.11, 1965
3, 0, 193.32, 1965
0, 0, 193.32, 1965
0, 0, 193.31, 1965
0, 0, 193.15, 1965
0, 0, 193.19, 1965
0, 0, 192.98, 1965
0, 0, 192.96, 1965
0, 0, 192.95, 1965
0, 0, 192.86, 1965
0, 0, 192.83, 1965
0, 0, 192.82, 1965
0, 0, 192.83, 1965
0, 0, 192.87, 1965
0, 0, 192.92, 1965
0, 0, 192.93, 1965
0, 0, 192.89, 1965
0, 0, 192.87, 1965
0, 0, 192.87, 1965
0, 0, 192.85, 1965
0, 0, 192.83, 1965
0, 0, 192.82, 1965
0, 0, 192.86, 1965
0, 0, 192.83, 1965
0, 0, 192.82, 1965
0, 0, 192.91, 1965
0, 0, 192.92, 1965
0, 0, 192.94, 1965
0, 0, 192.97, 1965
0, 0, 192.93, 1965
0, 0, 193.00, 1965
0, 0, 193.05, 1965
1, 0, 193.26, 1965
0, 0, 193.38, 1965
0, 0, 193.22, 1965
0, 0, 193.16, 1965
0, 0, 193.36, 1965
0, 0, 193.10, 1965
0, 0, 193.05, 1965
3, 0, 193.47, 1965
0, 0, 193.46, 1965
0, 0, 193.31, 1965
0, 0, 193.32, 1965
0, 0, 192.94, 1965
0, 0, 193.02, 1965
0, 0, 193.00, 1965
0, 0, 193.14, 1965
0, 0, 193.14, 1965
0, 0, 193.09, 1965
0, 0, 193.14, 1965
3, 0, 193.27, 1965
0, 0, 193.19, 1965
0, 0, 193.17, 1965
0, 0, 195.34, 1965
0, 0, 195.48, 1965
0, 0, 195.27, 1965
3, 0, 195.41, 1965
0, 0, 193.06, 1965
0, 0, 192.98, 1965
0, 0, 193.02, 1965
0, 0, 192.95, 1965
0, 0, 193.42, 1965
0, 0, 193.41, 1965
3, 0, 193.57, 1965
0, 0, 193.60, 1965
0, 0, 193.21, 1965
0, 0, 193.12, 1965
4, 0, 193.44, 1965
0, 0, 193.39, 1965
2, 0, 193.57, 1965
0, 0, 193.56, 1965
0, 0, 193.03, 1965
0, 0, 193.02, 1965
0, 0, 192.88, 1965
0, 0, 192.90, 1965
0, 0, 192.89, 1965
0, 0, 192.90, 1965
0, 0, 192.92, 1965
0, 0, 192.97, 1965
0, 0, 192.96, 1965
0, 0, 192.91, 1965
0, 0, 192.88, 1965
0, 0, 192.88, 1965
0, 0, 192.88, 1965
0, 0, 192.94, 1965
0, 0, 192.97, 1965
0, 0, 192.95, 1965
0, 0, 192.92, 1965
0, 0, 193.06, 1965
0, 0, 193.04, 1965
0, 0, 193.03, 1965
0, 0, 193.04, 1965
0, 0, 192.92, 1965
0, 0, 192.87, 1965
0, 0, 192.87, 1965
0, 0, 192.92, 1965
0, 0, 192.92, 1965
3, 0, 193.08, 1965
0, 0, 193.12, 1965
0, 0, 193.10, 1965
0, 0, 193.37, 1965
0, 0, 193.25, 1965
0, 0, 193.19, 1965
0, 0, 193.16, 1965
0, 0, 193.08, 1965
0, 0, 193.07, 1965
0, 0, 193.39, 1965
0, 0, 193.36, 1965
0, 0, 193.15, 1965
0, 0, 193.26, 1965
0, 0, 193.19, 1965
1, 0, 193.08, 1965
0, 0, 193.07, 1965
0, 0, 192.93, 1965
0, 0, 192.91, 1965
0, 0, 195.21, 1965
0, 0, 195.64, 1965
0, 0, 195.62, 1965
0, 0, 195.77, 1965
0, 0, 195.45, 1965
0, 0, 193.00, 1965
0, 0, 193.00, 1965
0, 0, 192.93, 1965
1, 0, 193.09, 1965
0, 0, 193.06, 1965
0, 0, 193.08, 1965
0, 0, 193.00, 1965
0, 0, 192.86, 1965
0, 0, 193.43, 1965
0, 0, 193.49, 1965
3, 0, 193.86, 1965
0, 0, 193.86, 1965
0, 0, 193.82, 1965
0, 0, 193.32, 1965
4, 0, 193.45, 1965
0, 0, 193.42, 1965
0, 0, 193.71, 1965
0, 0, 193.71, 1965
0, 0, 193.34, 1965
0, 0, 193.29, 1965
0, 0, 193.00, 1965
0, 0, 192.99, 1965
0, 0, 192.96, 1965
0, 0, 192.95, 1965
0, 0, 192.89, 1965
0, 0, 192.87, 1965
0, 0, 192.87, 1965
0, 0, 192.90, 1965
0, 0, 192.91, 1965
0, 0, 192.96, 1965
0, 0, 193.09, 1965
0, 0, 193.12, 1965
0, 0, 193.07, 1965
0, 0, 193.10, 1965
0, 0, 193.01, 1965
0, 0, 192.90, 1965
0, 0, 192.95, 1965
0, 0, 192.95, 1965
0, 0, 192.90, 1965
0, 0, 192.98, 1965
0, 0, 192.96, 1965
0, 0, 192.93, 1965
0, 0, 192.94, 1965
0, 0, 192.88, 1965
0, 0, 192.89, 1965
0, 0, 193.17, 1965
0, 0, 193.20, 1965
3, 0, 193.44, 1965
0, 0, 193.39, 1965
0, 0, 193.10, 1965
0, 0, 193.12, 1965
3, 0, 193.24, 1965
0, 0, 193.23, 1965
0, 0, 193.24, 1965
0, 0, 193.63, 1965
0, 0, 193.36, 1965
0, 0, 193.31, 1965
0, 0, 193.29, 1965
0, 0, 195.47, 1965
0, 0, 195.43, 1965
0, 0, 195.49, 1965
0, 0, 195.41, 1965
0, 0, 193.01, 1965
0, 0, 192.93, 1965
0, 0, 193.19, 1965
0, 0, 193.54, 1965
0, 0, 193.54, 1965
0, 0, 193.56, 1965
0, 0, 193.29, 1965
4, 0, 193.19, 1965
0, 0, 193.04, 1965
0, 0, 193.34, 1965
0, 0, 193.48, 1965
0, 0, 193.27, 1965
0, 0, 193.32, 1965
0, 0, 193.00, 1965
4, 0, 193.43, 1965
0, 0, 193.45, 1965
0, 0, 193.78, 1965
0, 0, 193.77, 1965
0, 0, 193.23, 1965
0, 0, 193.22, 1965
4, 0, 193.52, 1965
0, 0, 193.86, 1965
0, 0, 193.97, 1965
0, 0, 193.95, 1965
0, 0, 193.35, 1965
0, 0, 193.38, 1965
0, 0, 192.92, 1965
0, 0, 192.90, 1965
0, 0, 192.91, 1965
0, 0, 192.94, 1965
0, 0, 192.97, 1965
0, 0, 193.11, 1965
0, 0, 193.08, 1965
0, 0, 193.05, 1965
0, 0, 193.08, 1965
0, 0, 192.97, 1965
0, 0, 192.97, 1965
0, 0, 192.99, 1965
0, 0, 193.01, 1965
0, 0, 192.99, 1965
0, 0, 193.01, 1965
0, 0, 193.00, 1965
0, 0, 192.99, 1965
0, 0, 193.02, 1965
0, 0, 193.06, 1965
0, 0, 193.14, 1965
0, 0, 193.20, 1965
0, 0, 193.21, 1965
0, 0, 193.22, 1965
0, 0, 193.20, 1965
3, 0, 193.25, 1965
0, 0, 193.21, 1965
0, 0, 193.23, 1965
3, 0, 193.74, 1965
0, 0, 193.74, 1965
0, 0, 193.62, 1965
0, 0, 193.48, 1965
3, 0, 193.45, 1965
0, 0, 193.42, 1965
0, 0, 195.65, 1965
0, 0, 196.15, 1965
0, 0, 195.60, 1965
0, 0, 195.66, 1965
0, 0, 193.35, 1965
0, 0, 192.96, 1965
0, 0, 192.94, 1965
0, 0, 192.98, 1965
0, 0, 193.01, 1965
0, 0, 192.99, 1965
0, 0, 192.98, 1965
4, 0, 193.30, 1965
0, 0, 193.30, 1965
0, 0, 193.50, 1965
0, 0, 193.62, 1965
0, 0, 193.30, 1965
0, 0, 193.23, 1965
4, 0, 193.20, 1965
0, 0, 193.19, 1965
0, 0, 193.46, 1965
0, 0, 193.52, 1965
0, 0, 193.37, 1965
0, 0, 193.40, 1965
0, 0, 193.01, 1965
4, 0, 193.26, 1965
0, 0, 193.20, 1965
2, 0, 193.31, 1965
0, 0, 193.36, 1965
0, 0, 193.12, 1965
0, 0, 193.15, 1965
0, 0, 193.21, 1965
0, 0, 193.16, 1965
2, 0, 193.34, 1965
0, 0, 193.37, 1965
0, 0, 193.12, 1965
0, 0, 193.10, 1965
0, 0, 193.11, 1965
0, 0, 193.04, 1965
0, 0, 193.07, 1965
0, 0, 193.12, 1965
0, 0, 193.02, 1965
0, 0, 193.00, 1965
0, 0, 193.03, 1965
0, 0, 193.00, 1965
0, 0, 192.98, 1965
0, 0, 192.99, 1965
0, 0, 192.94, 1965
0, 0, 192.95, 1965
0, 0, 192.95, 1965
0, 0, 192.98, 1965
0, 0, 192.99, 1965
0, 0, 193.01, 1965
0, 0, 193.01, 1965
0, 0, 193.03, 1965
0, 0, 193.01, 1965
0, 0, 192.98, 1965
0, 0, 192.94, 1965
0, 0, 193.05, 1965
0, 0, 193.07, 1965
0, 0, 193.11, 1965
0, 0, 193.16, 1965
0, 0, 193.59, 1965
0, 0, 193.45, 1965
0, 0, 193.41, 1965
0, 0, 196.26, 1965
0, 0, 195.92, 1965
0, 0, 195.92, 1965
1, 0, 196.26, 1965
0, 0, 195.53, 1965
0, 0, 193.45, 1965
3, 0, 193.59, 1965
0, 0, 193.62, 1965
0, 0, 193.17, 1965
0, 0, 193.16, 1965
0, 0, 193.08, 1965
0, 0, 193.05, 1965
0, 0, 193.08, 1965
0, 0, 193.06, 1965
0, 0, 193.06, 1965
0, 0, 193.13, 1965
0, 0, 193.32, 1965
0, 0, 193.31, 1965
3, 0, 193.69, 1965
0, 0, 193.54, 1965
0, 0, 193.56, 1965
0, 0, 193.27, 1965
4, 0, 193.59, 1965
0, 0, 193.20, 1965
0, 0, 193.52, 1965
0, 0, 193.56, 1965
0, 0, 193.35, 1965
0, 0, 193.30, 1965
0, 0, 193.05, 1965
0, 0, 193.32, 1965
0, 0, 193.25, 1965
3, 0, 193.40, 1965
0, 0, 193.41, 1965
0, 0, 193.43, 1965
0, 0, 193.19, 1965
0, 0, 193.30, 1965
0, 0, 193.38, 1965
3, 0, 193.51, 1965
0, 0, 193.48, 1965
0, 0, 193.46, 1965
0, 0, 193.19, 1965
0, 0, 193.17, 1965
0, 0, 193.06, 1965
0, 0, 193.08, 1965
0, 0, 193.11, 1965
0, 0, 193.08, 1965
0, 0, 193.10, 1965
0, 0, 193.06, 1965
0, 0, 193.01, 1965
0, 0, 193.03, 1965
0, 0, 192.99, 1965
0, 0, 193.01, 1965
0, 0, 192.99, 1965
0, 0, 192.95, 1965
0, 0, 193.01, 1965
0, 0, 193.00, 1965
0, 0, 193.07, 1965
0, 0, 193.07, 1965
0, 0, 193.19, 1965
0, 0, 193.21, 1965
0, 0, 193.20, 1965
0, 0, 193.23, 1965
0, 0, 193.11, 1965
0, 0, 193.12, 1965
0, 0, 193.69, 1965
0, 0, 195.54, 1965
0, 0, 195.50, 1965
0, 0, 195.95, 1965
0, 0, 195.99, 1965
3, 0, 193.82, 1965
0, 0, 193.73, 1965
0, 0, 193.30, 1965
0, 0, 193.26, 1965
0, 0, 193.52, 1965
0, 0, 193.30, 1965
0, 0, 193.29, 1965
3, 0, 193.57, 1965
0, 0, 193.55, 1965
0, 0, 193.23, 1965
0, 0, 193.36, 1965
0, 0, 193.10, 1965
1, 0, 193.09, 1965
0, 0, 193.11, 1965
0, 0, 193.03, 1965
0, 0, 193.03, 1965
0, 0, 193.06, 1965
0, 0, 193.37, 1965
0, 0, 193.34, 1965
3, 0, 193.71, 1965
0, 0, 193.72, 1965
0, 0, 193.74, 1965
0, 0, 193.49, 1965
4, 0, 193.29, 1965
0, 0, 193.27, 1965
0, 0, 193.39, 1965
0, 0, 193.37, 1965
0, 0, 193.23, 1965
0, 0, 193.18, 1965
0, 0, 193.08, 1965
4, 0, 193.30, 1965
0, 0, 193.33, 1965
3, 0, 193.63, 1965
0, 0, 193.64, 1965
0, 0, 193.66, 1965
0, 0, 193.38, 1965
4, 0, 193.30, 1965
0, 0, 193.27, 1965
0, 0, 193.40, 1965
0, 0, 193.35, 1965
0, 0, 193.40, 1965
0, 0, 193.23, 1965
0, 0, 193.24, 1965
0, 0, 193.03, 1965
0, 0, 193.04, 1965
0, 0, 192.99, 1965
0, 0, 192.97, 1965
0, 0, 192.99, 1965
0, 0, 192.99, 1965
0, 0, 192.97, 1965
0, 0, 193.01, 1965
0, 0, 192.98, 1965
0, 0, 193.00, 1965
0, 0, 193.16, 1965
0, 0, 193.12, 1965
0, 0, 193.15, 1965
0, 0, 193.10, 1965
0, 0, 192.96, 1965
0, 0, 192.98, 1965
0, 0, 192.91, 1965
0, 0, 195.18, 1965
0, 0, 195.25, 1965
0, 0, 195.20, 1965
0, 0, 195.21, 1965
0, 0, 192.93, 1965
0, 0, 192.90, 1965
0, 0, 192.91, 1965
0, 0, 192.90, 1965
0, 0, 193.44, 1965
0, 0, 193.48, 1965
0, 0, 193.93, 1965
0, 0, 193.96, 1965
0, 0, 193.44, 1965
0, 0, 193.42, 1965
3, 0, 194.00, 1965
0, 0, 193.59, 1965
0, 0, 193.55, 1965
0, 0, 193.98, 1965
0, 0, 193.88, 1965
0, 0, 193.31, 1965
0, 0, 193.28, 1965
0, 0, 192.90, 1965
1, 0, 192.98, 1965
0, 0, 192.95, 1965
0, 0, 193.05, 1965
0, 0, 193.00, 1965
0, 0, 192.96, 1965
4, 0, 193.41, 1965
0, 0, 193.33, 1965
0, 0, 193.85, 1965
0, 0, 193.88, 1965
0, 0, 193.48, 1965
0, 0, 193.49, 1965
4, 0, 193.42, 1965
0, 0, 193.36, 1965
0, 0, 193.59, 1965
0, 0, 193.69, 1965
0, 0, 193.25, 1965
0, 0, 193.32, 1965
0, 0, 193.09, 1965
4, 0, 193.32, 1965
0, 0, 193.26, 1965
3, 0, 193.54, 1965
0, 0, 193.58, 1965
0, 0, 193.32, 1965
0, 0, 193.26, 1965
4, 0, 193.58, 1965
0, 0, 193.50, 1965
3, 0, 193.83, 1965
0, 0, 193.86, 1965
0, 0, 193.88, 1965
0, 0, 193.26, 1965
0, 0, 192.99, 1965
0, 0, 192.99, 1965
0, 0, 192.99, 1965
0, 0, 192.99, 1965
0, 0, 192.94, 1965
0, 0, 193.10, 1965
0, 0, 193.07, 1965
0, 0, 193.01, 1965
0, 0, 193.02, 1965
0, 0, 192.92, 1965
0, 0, 192.94, 1965
0, 0, 192.98, 1965
0, 0, 195.43, 1965
0, 0, 195.50, 1965
0, 0, 195.53, 1965
0, 0, 195.49, 1965
0, 0, 192.99, 1965
0, 0, 192.98, 1965
0, 0, 192.98, 1965
0, 0, 192.99, 1965
0, 0, 193.02, 1965
0, 0, 192.95, 1965
0, 0, 192.93, 1965
0, 0, 192.93, 1965
0, 0, 192.87, 1965
0, 0, 193.08, 1965
0, 0, 193.25, 1965
0, 0, 193.27, 1965
1, 0, 193.63, 1965
0, 0, 193.63, 1965
0, 0, 193.48, 1965
0, 0, 193.34, 1965
3, 0, 193.23, 1965
0, 0, 193.21, 1965
0, 0, 193.25, 1965
0, 0, 193.79, 1965
0, 0, 193.59, 1965
0, 0, 193.53, 1965
0, 0, 193.53, 1965
0, 0, 193.07, 1965
0, 0, 193.06, 1965
0, 0, 193.14, 1965
0, 0, 193.10, 1965
0, 0, 193.03, 1965
0, 0, 193.04, 1965
4, 0, 193.35, 1965
0, 0, 193.31, 1965
2, 0, 193.72, 1965
0, 0, 193.83, 1965
0, 0, 193.44, 1965
0, 0, 193.46, 1965
0, 0, 193.39, 1965
0, 0, 193.22, 1965
0, 0, 193.44, 1965
0, 0, 193.49, 1965
0, 0, 193.20, 1965
0, 0, 193.21, 1965
0, 0, 193.01, 1965
4, 0, 193.15, 1965
0, 0, 193.18, 1965
0, 0, 193.40, 1965
0, 0, 193.40, 1965
0, 0, 193.24, 1965
0, 0, 193.24, 1965
4, 0, 193.64, 1965
0, 0, 193.61, 1965
0, 0, 193.99, 1965
0, 0, 194.02, 1965
0, 0, 193.40, 1965
0, 0, 193.60, 1965
0, 0, 193.26, 1965
0, 0, 193.25, 1965
0, 0, 193.24, 1965
0, 0, 193.07, 1965
0, 0, 193.06, 1965
0, 0, 193.01, 1965
0, 0, 195.43, 1965
0, 0, 195.44, 1965
0, 0, 195.38, 1965
0, 0, 195.39, 1965
0, 0, 192.97, 1965
0, 0, 192.95, 1965
0, 0, 193.00, 1965
0, 0, 193.04, 1965
0, 0, 193.07, 1965
0, 0, 193.07, 1965
0, 0, 193.09, 1965
0, 0, 193.09, 1965
0, 0, 193.08, 1965
0, 0, 193.03, 1965
0, 0, 193.17, 1965
0, 0, 193.16, 1965
0, 0, 193.17, 1965
0, 0, 193.22, 1965
0, 0, 193.18, 1965
3, 0, 193.40, 1965
0, 0, 193.40, 1965
0, 0, 193.38, 1965
0, 0, 193.52, 1965
0, 0, 193.23, 1965
0, 0, 193.20, 1965
0, 0, 193.18, 1965
0, 0, 193.24, 1965
0, 0, 193.26, 1965
0, 0, 193.76, 1965
0, 0, 193.71, 1965
0, 0, 193.51, 1965
0, 0, 193.51, 1965
0, 0, 193.48, 1965
1, 0, 193.07, 1965
0, 0, 193.14, 1965
0, 0, 193.19, 1965
0, 0, 193.25, 1965
0, 0, 193.21, 1965
0, 0, 193.32, 1965
0, 0, 193.32, 1965
3, 0, 193.40, 1965
0, 0, 193.45, 1965
0, 0, 193.44, 1965
0, 0, 193.28, 1965
0, 0, 193.66, 1965
0, 0, 193.40, 1965
3, 0, 193.62, 1965
0, 0, 193.63, 1965
0, 0, 193.34, 1965
0, 0, 193.29, 1965
0, 0, 193.10, 1965
0, 0, 193.26, 1965
0, 0, 193.24, 1965
3, 0, 193.85, 1965
0, 0, 193.83, 1965
0, 0, 193.86, 1965
0, 0, 193.72, 1965
0, 0, 193.55, 1965
0, 0, 193.37, 1965
3, 0, 193.94, 1965
0, 0, 193.97, 1965
0, 0, 193.84, 1965
0, 0, 193.65, 1965
0, 0, 193.11, 1965
0, 0, 195.40, 1965
0, 0, 195.48, 1965
0, 0, 195.44, 1965
0, 0, 195.46, 1965
0, 0, 193.11, 1965
0, 0, 193.13, 1965
0, 0, 193.10, 1965
0, 0, 193.10, 1965
0, 0, 193.10, 1965
0, 0, 193.11, 1965
0, 0, 193.14, 1965
0, 0, 193.17, 1965
0, 0, 193.21, 1965
0, 0, 193.20, 1965
0, 0, 193.31, 1965
0, 0, 193.27, 1965
0, 0, 193.25, 1965
0, 0, 193.26, 1965
0, 0, 193.11, 1965
0, 0, 193.12, 1965
0, 0, 193.12, 1965
0, 0, 193.15, 1965
0, 0, 193.12, 1965
0, 0, 193.15, 1965
0, 0, 193.46, 1965
0, 0, 193.41, 1965
0, 0, 193.41, 1965
3, 0, 193.84, 1965
0, 0, 193.55, 1965
0, 0, 193.50, 1965
0, 0, 193.54, 1965
0, 0, 193.27, 1965
0, 0, 193.34, 1965
3, 0, 193.57, 1965
0, 0, 193.53, 1965
0, 0, 193.47, 1965
0, 0, 193.45, 1965
0, 0, 193.51, 1965
1, 0, 193.31, 1965
0, 0, 193.19, 1965
0, 0, 193.20, 1965
0, 0, 193.18, 1965
0, 0, 193.12, 1965
4, 0, 193.29, 1965
0, 0, 193.27, 1965
0, 0, 193.82, 1965
0, 0, 193.82, 1965
0, 0, 193.72, 1965
0, 0, 193.77, 1965
2, 0, 193.48, 1965
0, 0, 193.37, 1965
0, 0, 193.52, 1965
0, 0, 193.49, 1965
0, 0, 193.21, 1965
0, 0, 193.26, 1965
0, 0, 193.06, 1965
3, 0, 193.52, 1965
0, 0, 193.50, 1965
0, 0, 193.70, 1965
0, 0, 193.75, 1965
0, 0, 193.39, 1965
0, 0, 193.34, 1965
0, 0, 193.46, 1965
0, 0, 195.94, 1965
0, 0, 196.05, 1965
0, 0, 196.03, 1965
0, 0, 195.76, 1965
0, 0, 195.27, 1965
0, 0, 193.19, 1965
0, 0, 193.18, 1965
0, 0, 193.18, 1965
0, 0, 193.20, 1965
0, 0, 193.15, 1965
0, 0, 193.13, 1965
0, 0, 193.09, 1965
0, 0, 193.02, 1965
0, 0, 193.01, 1965
0, 0, 193.04, 1965
0, 0, 193.12, 1965
0, 0, 193.07, 1965
0, 0, 193.10, 1965
0, 0, 193.09, 1965
0, 0, 193.03, 1965
0, 0, 193.06, 1965
0, 0, 193.07, 1965
0, 0, 193.11, 1965
0, 0, 193.08, 1965
0, 0, 193.09, 1965
0, 0, 193.10, 1965
0, 0, 193.12, 1965
0, 0, 193.11, 1965
0, 0, 193.09, 1965
0, 0, 193.08, 1965
2, 0, 193.33, 1965
0, 0, 193.33, 1965
0, 0, 193.48, 1965
0, 0, 193.55, 1965
0, 0, 193.32, 1965
0, 0, 193.31, 1965
0, 0, 193.62, 1965
0, 0, 193.46, 1965
0, 0, 193.42, 1965
3, 0, 193.57, 1965
0, 0, 193.47, 1965
0, 0, 193.29, 1965
0, 0, 193.31, 1965
0, 0, 193.17, 1965
0, 0, 193.20, 1965
0, 0, 193.15, 1965
0, 0, 193.17, 1965
0, 0, 193.14, 1965
0, 0, 193.12, 1965
0, 0, 193.29, 1965
3, 0, 193.39, 1965
0, 0, 193.47, 1965
0, 0, 193.50, 1965
0, 0, 193.33, 1965
4, 0, 193.49, 1965
0, 0, 193.27, 1965
2, 0, 193.65, 1965
0, 0, 193.76, 1965
0, 0, 193.74, 1965
0, 0, 193.66, 1965
0, 0, 193.18, 1965
1, 0, 193.35, 1965
0, 0, 193.40, 1965
0, 0, 193.54, 1965
0, 0, 195.89, 1965
0, 0, 195.93, 1965
0, 0, 195.65, 1965
4, 0, 195.82, 1965
0, 0, 193.30, 1965
2, 0, 193.89, 1965
0, 0, 193.79, 1965
0, 0, 193.75, 1965
0, 0, 193.57, 1965
0, 0, 193.08, 1965
0, 0, 193.08, 1965
0, 0, 193.10, 1965
0, 0, 193.16, 1965
0, 0, 193.14, 1965
0, 0, 193.24, 1965
0, 0, 193.26, 1965
0, 0, 193.27, 1965
0, 0, 193.27, 1965
0, 0, 193.15, 1965
0, 0, 193.10, 1965
0, 0, 193.07, 1965
0, 0, 193.01, 1965
0, 0, 192.99, 1965
0, 0, 192.97, 1965
0, 0, 192.98, 1965
0, 0, 192.98, 1965
0, 0, 193.00, 1965
0, 0, 193.03, 1965
0, 0, 193.03, 1965
0, 0, 193.06, 1965
0, 0, 193.07, 1965
0, 0, 193.06, 1965
0, 0, 193.03, 1965
0, 0, 193.01, 1965
0, 0, 193.51, 1965
0, 0, 193.62, 1965
0, 0, 193.67, 1965
3, 0, 194.08, 1965
0, 0, 193.69, 1965
0, 0, 193.49, 1965
0, 0, 193.50, 1965
0, 0, 193.40, 1965
0, 0, 193.44, 1965
0, 0, 193.75, 1965
0, 0, 193.85, 1965
0, 0, 193.55, 1965
0, 0, 193.54, 1965
0, 0, 193.55, 1965
0, 0, 193.08, 1965
0, 0, 193.11, 1965
0, 0, 193.08, 1965
0, 0, 193.06, 1965
0, 0, 193.07, 1965
0, 0, 193.03, 1965
0, 0, 193.38, 1965
0, 0, 193.38, 1965
0, 0, 193.93, 1965
0, 0, 193.92, 1965
0, 0, 193.51, 1965
0, 0, 193.53, 1965
0, 0, 193.44, 1965
0, 0, 193.62, 1965
0, 0, 193.65, 1965
0, 0, 196.09, 1965
0, 0, 195.66, 1965
0, 0, 195.65, 1965
0, 0, 195.46, 1965
0, 0, 193.65, 1965
2, 0, 193.56, 1965
0, 0, 193.53, 1965
0, 0, 193.51, 1965
0, 0, 193.30, 1965
0, 0, 193.29, 1965
0, 0, 193.13, 1965
1, 0, 193.43, 1965
0, 0, 193.44, 1965
0, 0, 193.46, 1965
0, 0, 193.35, 1965
0, 0, 193.17, 1965
0, 0, 193.15, 1965
0, 0, 193.15, 1965
0, 0, 193.07, 1965
0, 0, 193.08, 1965
0, 0, 193.10, 1965
0, 0, 193.10, 1965
0, 0, 193.14, 1965
0, 0, 193.13, 1965
0, 0, 193.12, 1965
0, 0, 193.17, 1965
0, 0, 193.16, 1965
0, 0, 193.11, 1965
0, 0, 193.12, 1965
0, 0, 193.08, 1965
0, 0, 193.02, 1965
0, 0, 193.03, 1965
0, 0, 192.98, 1965
0, 0, 193.02, 1965
0, 0, 193.05, 1965
0, 0, 193.19, 1965
0, 0, 193.20, 1965
0, 0, 193.17, 1965
0, 0, 193.20, 1965
0, 0, 193.12, 1965
3, 0, 193.25, 1965
0, 0, 193.32, 1965
0, 0, 193.33, 1965
0, 0, 193.63, 1965
0, 0, 193.42, 1965
0, 0, 193.38, 1965
0, 0, 193.36, 1965
0, 0, 193.69, 1965
0, 0, 193.67, 1965
3, 0, 193.88, 1965
0, 0, 193.90, 1965
0, 0, 193.29, 1965
0, 0, 193.28, 1965
0, 0, 193.07, 1965
0, 0, 193.17, 1965
0, 0, 193.14, 1965
0, 0, 193.26, 1965
0, 0, 193.32, 1965
0, 0, 193.15, 1965
0, 0, 193.34, 1965
0, 0, 193.23, 1965
3, 0, 193.71, 1965
0, 0, 193.65, 1965
0, 0, 196.17, 1965
0, 0, 195.94, 1965
4, 0, 195.66, 1965
0, 0, 195.58, 1965
3, 0, 194.48, 1965
0, 0, 193.42, 1965
0, 0, 193.32, 1965
0, 0, 193.32, 1965
0, 0, 193.01, 1965
4, 0, 193.27, 1965
0, 0, 193.27, 1965
0, 0, 193.88, 1965
0, 0, 193.87, 1965
0, 0, 193.59, 1965
0, 0, 193.71, 1965
0, 0, 193.57, 1965
0, 0, 193.54, 1965
0, 0, 193.93, 1965
0, 0, 193.80, 1965
0, 0, 193.36, 1965
0, 0, 193.36, 1965
0, 0, 193.02, 1965
0, 0, 193.03, 1965
0, 0, 193.07, 1965
0, 0, 193.10, 1965
0, 0, 193.10, 1965
0, 0, 193.09, 1965
0, 0, 193.06, 1965
0, 0, 193.08, 1965
0, 0, 193.04, 1965
0, 0, 193.01, 1965
0, 0, 193.04, 1965
0, 0, 192.99, 1965
0, 0, 193.04, 1965
0, 0, 193.03, 1965
0, 0, 193.09, 1965
0, 0, 193.09, 1965
0, 0, 193.12, 1965
0, 0, 193.14, 1965
0, 0, 193.05, 1965
0, 0, 192.99, 1965
0, 0, 193.01, 1965
0, 0, 193.03, 1965
0, 0, 193.03, 1965
0, 0, 193.04, 1965
0, 0, 193.03, 1965
0, 0, 193.18, 1965
0, 0, 193.17, 1965
0, 0, 193.40, 1965
0, 0, 193.41, 1965
0, 0, 193.25, 1965
0, 0, 193.27, 1965
3, 0, 193.54, 1965
0, 0, 193.54, 1965
0, 0, 193.54, 1965
0, 0, 193.86, 1965
0, 0, 193.48, 1965
0, 0, 193.46, 1965
0, 0, 193.45, 1965
0, 0, 193.19, 1965
1, 0, 193.07, 1965
0, 0, 193.04, 1965
0, 0, 193.06, 1965
0, 0, 195.35, 1965
0, 0, 195.37, 1965
4, 0, 195.61, 1965
0, 0, 195.56, 1965
0, 0, 193.60, 1965
0, 0, 193.42, 1965
0, 0, 193.13, 1965
0, 0, 193.16, 1965
0, 0, 193.09, 1965
3, 0, 193.43, 1965
0, 0, 193.43, 1965
0, 0, 193.41, 1965
0, 0, 193.32, 1965
0, 0, 193.32, 1965
0, 0, 193.10, 1965
0, 0, 193.63, 1965
3, 0, 193.95, 1965
0, 0, 193.89, 1965
0, 0, 193.80, 1965
0, 0, 193.29, 1965
0, 0, 193.32, 1965
0, 0, 193.45, 1965
3, 0, 193.59, 1965
0, 0, 193.58, 1965
0, 0, 193.57, 1965
0, 0, 193.21, 1965
0, 0, 193.06, 1965
0, 0, 193.03, 1965
0, 0, 193.06, 1965
0, 0, 193.06, 1965
0, 0, 193.04, 1965
0, 0, 193.01, 1965
0, 0, 192.99, 1965
0, 0, 192.98, 1965
0, 0, 192.94, 1965
0, 0, 193.09, 1965
0, 0, 193.13, 1965
0, 0, 193.17, 1965
0, 0, 193.15, 1965
0, 0, 192.98, 1965
0, 0, 192.95, 1965
0, 0, 192.92, 1965
0, 0, 192.94, 1965
0, 0, 192.98, 1965
0, 0, 193.06, 1965
0, 0, 193.08, 1965
0, 0, 193.06, 1965
0, 0, 193.05, 1965
0, 0, 193.01, 1965
0, 0, 192.95, 1965
0, 0, 192.92, 1965
0, 0, 193.05, 1965
0, 0, 193.11, 1965
3, 0, 193.50, 1965
0, 0, 193.50, 1965
0, 0, 193.37, 1965
0, 0, 193.50, 1965
3, 0, 193.78, 1965
0, 0, 193.47, 1965
0, 0, 193.45, 1965
0, 0, 193.49, 1965
0, 0, 193.20, 1965
0, 0, 193.18, 1965
0, 0, 195.63, 1965
0, 0, 195.45, 1965
1, 0, 195.48, 1965
0, 0, 195.51, 1965
0, 0, 193.13, 1965
0, 0, 193.07, 1965
0, 0, 193.06, 1965
4, 0, 193.65, 1965
0, 0, 193.55, 1965
0, 0, 193.67, 1965
0, 0, 193.68, 1965
0, 0, 193.11, 1965
0, 0, 193.15, 1965
0, 0, 193.34, 1965
0, 0, 193.42, 1965
0, 0, 193.38, 1965
0, 0, 193.37, 1965
0, 0, 193.16, 1965
0, 0, 193.02, 1965
0, 0, 192.93, 1965
0, 0, 193.12, 1965
3, 0, 193.44, 1965
0, 0, 193.50, 1965
0, 0, 193.47, 1965
0, 0, 193.26, 1965
4, 0, 193.64, 1965
0, 0, 193.33, 1965
3, 0, 193.72, 1965
0, 0, 193.70, 1965
0, 0, 193.42, 1965
0, 0, 193.35, 1965
0, 0, 192.99, 1965
0, 0, 193.00, 1965
0, 0, 193.01, 1965
0, 0, 193.16, 1965
0, 0, 193.17, 1965
0, 0, 193.11, 1965
0, 0, 193.07, 1965
0, 0, 192.96, 1965
0, 0, 192.94, 1965
0, 0, 192.99, 1965
0, 0, 193.01, 1965
0, 0, 193.01, 1965
0, 0, 193.01, 1965
0, 0, 193.01, 1965
0, 0, 193.04, 1965
0, 0, 193.02, 1965
0, 0, 193.03, 1965
0, 0, 193.03, 1965
0, 0, 193.00, 1965
0, 0, 192.99, 1965
0, 0, 193.04, 1965
0, 0, 193.04, 1965
0, 0, 193.09, 1965
0, 0, 193.09, 1965
0, 0, 193.16, 1965
0, 0, 193.56, 1965
0, 0, 193.51, 1965
0, 0, 193.96, 1965
0, 0, 193.95, 1965
0, 0, 193.57, 1965
0, 0, 193.59, 1965
0, 0, 196.63, 1965
0, 0, 196.13, 1965
0, 0, 196.16, 1965
0, 0, 196.27, 1965
0, 0, 193.65, 1965
0, 0, 193.27, 1965
0, 0, 193.30, 1965
0, 0, 193.08, 1965
1, 0, 193.02, 1965
0, 0, 193.04, 1965
0, 0, 193.02, 1965
0, 0, 193.00, 1965
0, 0, 192.99, 1965
4, 0, 193.49, 1965
0, 0, 193.59, 1965
0, 0, 193.90, 1965
0, 0, 193.92, 1965
0, 0, 193.41, 1965
0, 0, 193.28, 1965
0, 0, 193.11, 1965
3, 0, 193.47, 1965
0, 0, 193.49, 1965
0, 0, 193.49, 1965
0, 0, 193.42, 1965
0, 0, 193.42, 1965
0, 0, 193.05, 1965
0, 0, 193.24, 1965
0, 0, 193.20, 1965
0, 0, 193.33, 1965
0, 0, 193.34, 1965
0, 0, 193.15, 1965
0, 0, 193.10, 1965
0, 0, 193.11, 1965
1, 0, 193.45, 1965
0, 0, 193.44, 1965
0, 0, 193.58, 1965
0, 0, 193.45, 1965
0, 0, 193.48, 1965
0, 0, 193.12, 1965
0, 0, 192.96, 1965
0, 0, 192.93, 1965
0, 0, 192.94, 1965
0, 0, 192.91, 1965
0, 0, 192.95, 1965
0, 0, 192.95, 1965
0, 0, 192.93, 1965
0, 0, 192.93, 1965
0, 0, 192.98, 1965
0, 0, 193.01, 1965
0, 0, 193.01, 1965
0, 0, 193.00, 1965
0, 0, 193.00, 1965
0, 0, 192.93, 1965
0, 0, 192.96, 1965
0, 0, 193.00, 1965
0, 0, 193.12, 1965
0, 0, 193.10, 1965
0, 0, 193.15, 1965
0, 0, 193.15, 1965
0, 0, 193.06, 1965
0, 0, 193.02, 1965
0, 0, 193.02, 1965
3, 0, 195.26, 1965
0, 0, 195.44, 1965
0, 0, 195.38, 1965
0, 0, 195.61, 1965
0, 0, 195.45, 1965
0, 0, 193.15, 1965
0, 0, 193.36, 1965
0, 0, 193.26, 1965
0, 0, 193.22, 1965
0, 0, 193.55, 1965
0, 0, 193.59, 1965
0, 0, 193.28, 1965
0, 0, 193.33, 1965
0, 0, 193.07, 1965
1, 0, 193.29, 1965
0, 0, 193.26, 1965
0, 0, 193.22, 1965
0, 0, 193.19, 1965
0, 0, 192.95, 1965
4, 0, 193.44, 1965
0, 0, 193.41, 1965
0, 0, 193.89, 1965
0, 0, 193.82, 1965
0, 0, 193.33, 1965
0, 0, 193.36, 1965
1, 0, 193.15, 1965
1, 0, 193.55, 1965
0, 0, 193.57, 1965
0, 0, 193.64, 1965
0, 0, 193.38, 1965
0, 0, 193.41, 1965
0, 0, 193.04, 1965
0, 0, 193.18, 1965
2, 0, 193.34, 1965
0, 0, 193.31, 1965
0, 0, 193.45, 1965
0, 0, 193.35, 1965
0, 0, 193.40, 1965
0, 0, 193.49, 1965
0, 0, 193.56, 1965
0, 0, 193.58, 1965
0, 0, 193.59, 1965
0, 0, 193.36, 1965
0, 0, 193.22, 1965
0, 0, 193.18, 1965
0, 0, 193.15, 1965
0, 0, 193.14, 1965
0, 0, 193.12, 1965
0, 0, 193.04, 1965
0, 0, 193.04, 1965
0, 0, 193.03, 1965
0, 0, 192.98, 1965
0, 0, 192.96, 1965
0, 0, 192.99, 1965
0, 0, 192.98, 1965
0, 0, 192.97, 1965
0, 0, 193.12, 1965
0, 0, 193.12, 1965
0, 0, 193.13, 1965
0, 0, 193.13, 1965
0, 0, 193.04, 1965
0, 0, 193.05, 1965
0, 0, 193.05, 1965
0, 0, 195.46, 1965
0, 0, 195.50, 1965
0, 0, 195.41, 1965
0, 0, 195.40, 1965
0, 0, 195.11, 1965
0, 0, 192.97, 1965
0, 0, 193.23, 1965
0, 0, 193.25, 1965
0, 0, 193.68, 1965
0, 0, 193.82, 1965
0, 0, 193.58, 1965
0, 0, 193.59, 1965
0, 0, 194.16, 1965
0, 0, 193.57, 1965
0, 0, 193.62, 1965
3, 0, 193.89, 1965
0, 0, 193.91, 1965
0, 0, 193.34, 1965
0, 0, 193.32, 1965
0, 0, 193.15, 1965
0, 0, 192.99, 1965
0, 0, 192.98, 1965
0, 0, 193.00, 1965
0, 0, 193.04, 1965
0, 0, 193.02, 1965
0, 0, 193.01, 1965
0, 0, 193.21, 1965
0, 0, 193.65, 1965
0, 0, 193.77, 1965
0, 0, 193.71, 1965
0, 0, 193.50, 1965
0, 0, 193.75, 1965
0, 0, 193.26, 1965
1, 0, 193.45, 1965
0, 0, 193.46, 1965
0, 0, 193.53, 1965
0, 0, 193.28, 1965
0, 0, 193.31, 1965
0, 0, 193.04, 1965
0, 0, 193.19, 1965
0, 0, 193.22, 1965
0, 0, 193.32, 1965
0, 0, 193.33, 1965
0, 0, 193.13, 1965
0, 0, 193.21, 1965
0, 0, 193.36, 1965
0, 0, 193.34, 1965
0, 0, 193.62, 1965
0, 0, 193.69, 1965
0, 0, 193.26, 1965
0, 0, 193.26, 1965
0, 0, 192.95, 1965
0, 0, 192.96, 1965
0, 0, 192.98, 1965
0, 0, 193.00, 1965
0, 0, 193.03, 1965
0, 0, 193.05, 1965
0, 0, 193.20, 1965
0, 0, 193.21, 1965
0, 0, 193.16, 1965
0, 0, 193.10, 1965
0, 0, 193.05, 1965
0, 0, 192.96, 1965
0, 0, 192.97, 1965
0, 0, 192.96, 1965
0, 0, 195.52, 1965
0, 0, 195.48, 1965
0, 0, 195.41, 1965
0, 0, 195.48, 1965
0, 0, 192.98, 1965
0, 0, 193.01, 1965
0, 0, 192.98, 1965
0, 0, 192.96, 1965
0, 0, 192.95, 1965
0, 0, 193.05, 1965
0, 0, 193.04, 1965
3, 0, 193.21, 1965
0, 0, 193.23, 1965
0, 0, 193.22, 1965
3, 0, 193.52, 1965
0, 0, 193.52, 1965
0, 0, 193.38, 1965
0, 0, 193.40, 1965
0, 0, 193.58, 1965
0, 0, 193.53, 1965
0, 0, 193.53, 1965
0, 0, 193.88, 1965
0, 0, 193.38, 1965
0, 0, 193.41, 1965
0, 0, 193.41, 1965
0, 0, 193.10, 1965
0, 0, 193.13, 1965
0, 0, 193.04, 1965
0, 0, 193.11, 1965
0, 0, 193.09, 1965
0, 0, 193.09, 1965
0, 0, 193.13, 1965
0, 0, 193.34, 1965
3, 0, 193.76, 1965
0, 0, 193.76, 1965
0, 0, 193.76, 1965
0, 0, 193.51, 1965
0, 0, 193.34, 1965
0, 0, 193.18, 1965
2, 0, 193.23, 1965
0, 0, 193.24, 1965
0, 0, 193.00, 1965
0, 0, 193.03, 1965
0, 0, 192.90, 1965
4, 0, 193.04, 1965
0, 0, 193.06, 1965
0, 0, 193.33, 1965
0, 0, 193.36, 1965
0, 0, 193.39, 1965
0, 0, 193.27, 1965
4, 0, 193.20, 1965
0, 0, 193.24, 1965
0, 0, 193.63, 1965
0, 0, 193.65, 1965
0, 0, 193.64, 1965
0, 0, 193.44, 1965
0, 0, 193.09, 1965
0, 0, 193.11, 1965
0, 0, 193.08, 1965
0, 0, 193.06, 1965
0, 0, 193.08, 1965
0, 0, 192.98, 1965
0, 0, 192.95, 1965
0, 0, 192.93, 1965
0, 0, 195.21, 1965
0, 0, 195.19, 1965
0, 0, 195.17, 1965
0, 0, 195.24, 1965
0, 0, 193.00, 1965
0, 0, 193.00, 1965
0, 0, 193.03, 1965
0, 0, 192.97, 1965
0, 0, 193.04, 1965
0, 0, 193.01, 1965
0, 0, 193.04, 1965
0, 0, 193.09, 1965
0, 0, 193.05, 1965
0, 0, 193.08, 1965
0, 0, 193.19, 1965
0, 0, 193.16, 1965
0, 0, 193.17, 1965
0, 0, 193.38, 1965
0, 0, 193.29, 1965
0, 0, 193.29, 1965
0, 0, 193.82, 1965
0, 0, 193.85, 1965
0, 0, 193.63, 1965
0, 0, 193.61, 1965
3, 0, 193.48, 1965
0, 0, 193.44, 1965
0, 0, 193.42, 1965
0, 0, 193.57, 1965
0, 0, 193.19, 1965
0, 0, 193.18, 1965
0, 0, 193.17, 1965
0, 0, 192.99, 1965
1, 0, 193.04, 1965
0, 0, 193.02, 1965
0, 0, 193.06, 1965
0, 0, 193.20, 1965
0, 0, 193.15, 1965
0, 0, 193.27, 1965
0, 0, 193.26, 1965
3, 0, 193.27, 1965
0, 0, 193.25, 1965
0, 0, 193.20, 1965
0, 0, 193.05, 1965
4, 0, 193.43, 1965
0, 0, 193.27, 1965
0, 0, 193.72, 1965
0, 0, 193.73, 1965
0, 0, 193.45, 1965
0, 0, 193.46, 1965
0, 0, 193.03, 1965
4, 0, 193.41, 1965
0, 0, 193.40, 1965
3, 0, 193.52, 1965
0, 0, 193.51, 1965
0, 0, 193.24, 1965
0, 0, 193.18, 1965
4, 0, 193.54, 1965
0, 0, 193.62, 1965
0, 0, 193.81, 1965
0, 0, 193.77, 1965
0, 0, 193.45, 1965
0, 0, 193.27, 1965
0, 0, 193.11, 1965
0, 0, 193.13, 1965
0, 0, 195.64, 1965
0, 0, 195.62, 1965
0, 0, 195.60, 1965
0, 0, 195.54, 1965
0, 0, 193.18, 1965
0, 0, 193.01, 1965
0, 0, 192.99, 1965
0, 0, 193.01, 1965
0, 0, 193.02, 1965
0, 0, 193.01, 1965
0, 0, 193.03, 1965
0, 0, 193.06, 1965
0, 0, 193.01, 1965
0, 0, 192.99, 1965
0, 0, 193.09, 1965
0, 0, 193.05, 1965
0, 0, 193.12, 1965
0, 0, 193.20, 1965
0, 0, 193.05, 1965
0, 0, 193.11, 1965
0, 0, 193.11, 1965
0, 0, 193.14, 1965
0, 0, 193.12, 1965
0, 0, 193.28, 1965
0, 0, 193.29, 1965
0, 0, 193.26, 1965
0, 0, 193.49, 1965
0, 0, 193.49, 1965
0, 0, 193.29, 1965
0, 0, 193.32, 1965
3, 0, 193.45, 1965
0, 0, 193.42, 1965
0, 0, 193.46, 1965
0, 0, 193.88, 1965
0, 0, 193.61, 1965
0, 0, 193.60, 1965
0, 0, 193.58, 1965
0, 0, 193.12, 1965
1, 0, 193.33, 1965
0, 0, 193.28, 1965
0, 0, 193.18, 1965
0, 0, 193.25, 1965
0, 0, 193.18, 1965
0, 0, 193.02, 1965
0, 0, 193.19, 1965
1, 0, 193.33, 1965
0, 0, 193.37, 1965
0, 0, 193.37, 1965
0, 0, 193.26, 1965
0, 0, 193.45, 1965
0, 0, 193.29, 1965
3, 0, 193.73, 1965
0, 0, 193.70, 1965
0, 0, 193.67, 1965
0, 0, 193.47, 1965
0, 0, 193.06, 1965
4, 0, 193.49, 1965
0, 0, 193.58, 1965
0, 0, 193.82, 1965
0, 0, 193.84, 1965
0, 0, 193.82, 1965
0, 0, 193.24, 1965
4, 0, 193.40, 1965
0, 0, 193.35, 1965
0, 0, 196.03, 1965
0, 0, 196.11, 1965
0, 0, 196.15, 1965
0, 0, 195.88, 1965
0, 0, 193.46, 1965
0, 0, 193.07, 1965
0, 0, 193.10, 1965
0, 0, 193.13, 1965
0, 0, 193.07, 1965
0, 0, 193.05, 1965
0, 0, 193.05, 1965
0, 0, 193.06, 1965
0, 0, 193.07, 1965
0, 0, 193.05, 1965
0, 0, 193.20, 1965
0, 0, 193.24, 1965
0, 0, 193.24, 1965
0, 0, 193.24, 1965
0, 0, 193.10, 1965
0, 0, 193.06, 1965
0, 0, 193.11, 1965
0, 0, 193.07, 1965
0, 0, 193.10, 1965
0, 0, 193.09, 1965
0, 0, 193.06, 1965
0, 0, 193.08, 1965
0, 0, 193.12, 1965
0, 0, 193.15, 1965
0, 0, 193.13, 1965
3, 0, 193.67, 1965
0, 0, 193.70, 1965
0, 0, 193.70, 1965
3, 0, 193.92, 1965
0, 0, 193.92, 1965
0, 0, 193.35, 1965
0, 0, 193.45, 1965
3, 0, 193.63, 1965
0, 0, 193.46, 1965
0, 0, 193.44, 1965
0, 0, 193.75, 1965
0, 0, 193.49, 1965
0, 0, 193.49, 1965
0, 0, 193.43, 1965
0, 0, 193.16, 1965
0, 0, 193.21, 1965
0, 0, 193.23, 1965
0, 0, 193.26, 1965
0, 0, 193.22, 1965
0, 0, 193.16, 1965
4, 0, 193.32, 1965
0, 0, 193.30, 1965
1, 0, 193.67, 1965
0, 0, 193.70, 1965
0, 0, 193.75, 1965
0, 0, 193.50, 1965
4, 0, 193.92, 1965
0, 0, 193.57, 1965
3, 0, 193.87, 1965
0, 0, 193.83, 1965
0, 0, 193.56, 1965
0, 0, 193.51, 1965
0, 0, 193.10, 1965
0, 0, 193.30, 1965
0, 0, 193.31, 1965
3, 0, 195.70, 1965
0, 0, 195.76, 1965
0, 0, 195.72, 1965
0, 0, 195.56, 1965
0, 0, 193.70, 1965
0, 0, 193.52, 1965
3, 0, 194.00, 1965
0, 0, 194.04, 1965
0, 0, 194.01, 1965
0, 0, 193.58, 1965
0, 0, 193.24, 1965
0, 0, 193.15, 1965
0, 0, 193.16, 1965
0, 0, 193.17, 1965
0, 0, 193.29, 1965
0, 0, 193.24, 1965
0, 0, 193.24, 1965
0, 0, 193.20, 1965
0, 0, 193.05, 1965
0, 0, 193.06, 1965
0, 0, 193.07, 1965
0, 0, 193.04, 1965
0, 0, 193.07, 1965
0, 0, 193.06, 1965
0, 0, 193.13, 1965
0, 0, 193.10, 1965
0, 0, 193.09, 1965
0, 0, 193.08, 1965
0, 0, 193.07, 1965
0, 0, 193.06, 1965
0, 0, 193.05, 1965
0, 0, 193.07, 1965
0, 0, 193.15, 1965
0, 0, 193.17, 1965
0, 0, 193.10, 1965
0, 0, 193.20, 1965
0, 0, 193.39, 1965
0, 0, 193.44, 1965
0, 0, 193.90, 1965
0, 0, 193.81, 1965
0, 0, 193.55, 1965
0, 0, 193.58, 1965
3, 0, 194.14, 1965
0, 0, 193.70, 1965
0, 0, 193.62, 1965
0, 0, 193.85, 1965
0, 0, 193.80, 1965
0, 0, 193.32, 1965
0, 0, 193.31, 1965
0, 0, 193.13, 1965
0, 0, 193.15, 1965
0, 0, 193.15, 1965
0, 0, 193.14, 1965
0, 0, 193.11, 1965
0, 0, 193.09, 1965
4, 0, 193.08, 1965
0, 0, 193.38, 1965
1, 0, 193.54, 1965
0, 0, 193.61, 1965
0, 0, 193.62, 1965
0, 0, 193.40, 1965
4, 0, 193.61, 1965
0, 0, 193.39, 1965
3, 0, 194.15, 1965
0, 0, 196.27, 1965
0, 0, 196.35, 1965
0, 0, 196.13, 1965
0, 0, 195.64, 1965
0, 0, 193.59, 1965
0, 0, 193.51, 1965
3, 0, 193.74, 1965
0, 0, 193.71, 1965
0, 0, 193.77, 1965
0, 0, 193.40, 1965
0, 0, 193.35, 1965
0, 0, 193.33, 1965
3, 0, 193.52, 1965
0, 0, 193.64, 1965
0, 0, 193.66, 1965
0, 0, 193.46, 1965
0, 0, 193.26, 1965
0, 0, 193.25, 1965
0, 0, 193.18, 1965
0, 0, 193.17, 1965
0, 0, 193.20, 1965
0, 0, 193.18, 1965
0, 0, 193.12, 1965
0, 0, 193.08, 1965
0, 0, 193.12, 1965
0, 0, 193.13, 1965
0, 0, 193.18, 1965
0, 0, 193.16, 1965
0, 0, 193.12, 1965
0, 0, 193.10, 1965
0, 0, 193.16, 1965
0, 0, 193.16, 1965
0, 0, 193.15, 1965
0, 0, 193.20, 1965
0, 0, 193.21, 1965
0, 0, 193.29, 1965
0, 0, 193.33, 1965
0, 0, 193.28, 1965
0, 0, 193.24, 1965
0, 0, 193.14, 1965
0, 0, 193.15, 1965
0, 0, 193.43, 1965
0, 0, 193.40, 1965
0, 0, 193.38, 1965
0, 0, 193.67, 1965
0, 0, 193.42, 1965
0, 0, 193.45, 1965
0, 0, 193.42, 1965
0, 0, 193.26, 1965
0, 0, 193.24, 1965
0, 0, 193.52, 1965
0, 0, 193.58, 1965
0, 0, 193.44, 1965
0, 0, 193.43, 1965
0, 0, 193.47, 1965
0, 0, 193.24, 1965
0, 0, 193.36, 1965
0, 0, 193.36, 1965
0, 0, 193.33, 1965
0, 0, 193.33, 1965
0, 0, 193.20, 1965
0, 0, 193.35, 1965
3, 0, 193.60, 1965
0, 0, 196.06, 1965
0, 0, 196.03, 1965
0, 0, 195.82, 1965
0, 0, 196.47, 1965
0, 0, 193.66, 1965
3, 0, 193.71, 1965
0, 0, 193.71, 1965
0, 0, 193.71, 1965
0, 0, 193.22, 1965
0, 0, 193.18, 1965
4, 0, 193.42, 1965
0, 0, 193.48, 1965
1, 0, 193.80, 1965
0, 0, 193.79, 1965
0, 0, 193.86, 1965
0, 0, 193.62, 1965
0, 0, 193.32, 1965
0, 0, 193.38, 1965
0, 0, 193.67, 1965
0, 0, 193.67, 1965
0, 0, 193.69, 1965
0, 0, 193.49, 1965
0, 0, 193.25, 1965
0, 0, 193.12, 1965
0, 0, 193.18, 1965
0, 0, 193.20, 1965
0, 0, 193.13, 1965
0, 0, 193.18, 1965
0, 0, 193.18, 1965
0, 0, 193.17, 1965
0, 0, 193.15, 1965
0, 0, 193.17, 1965
0, 0, 193.17, 1965
0, 0, 193.13, 1965
0, 0, 193.11, 1965
0, 0, 193.23, 1965
0, 0, 193.22, 1965
0, 0, 193.22, 1965
0, 0, 193.24, 1965
0, 0, 193.15, 1965
0, 0, 193.15, 1965
0, 0, 193.10, 1965
0, 0, 193.08, 1965
0, 0, 193.01, 1965
0, 0, 193.04, 1965
0, 0, 193.10, 1965
0, 0, 193.07, 1965
3, 0, 193.38, 1965
0, 0, 193.38, 1965
0, 0, 193.39, 1965
3, 0, 193.61, 1965
0, 0, 193.65, 1965
0, 0, 193.30, 1965
0, 0, 193.27, 1965
3, 0, 193.71, 1965
0, 0, 193.70, 1965
0, 0, 193.83, 1965
0, 0, 194.02, 1965
0, 0, 193.45, 1965
0, 0, 193.49, 1965
0, 0, 193.38, 1965
0, 0, 193.18, 1965
1, 0, 193.16, 1965
0, 0, 193.84, 1965
0, 0, 195.40, 1965
0, 0, 195.40, 1965
0, 0, 195.41, 1965
4, 0, 195.81, 1965
0, 0, 193.55, 1965
2, 0, 193.79, 1965
0, 0, 193.82, 1965
0, 0, 193.37, 1965
0, 0, 193.29, 1965
4, 0, 193.18, 1965
0, 0, 193.13, 1965
0, 0, 193.36, 1965
0, 0, 193.40, 1965
0, 0, 193.38, 1965
0, 0, 193.37, 1965
0, 0, 193.21, 1965
0, 0, 193.41, 1965
0, 0, 193.38, 1965
0, 0, 193.56, 1965
0, 0, 193.52, 1965
0, 0, 193.34, 1965
0, 0, 193.32, 1965
0, 0, 193.38, 1965
3, 0, 193.52, 1965
0, 0, 193.60, 1965
0, 0, 193.61, 1965
0, 0, 193.31, 1965
0, 0, 193.32, 1965
0, 0, 193.12, 1965
0, 0, 193.11, 1965
0, 0, 193.14, 1965
0, 0, 193.19, 1965
0, 0, 193.15, 1965
0, 0, 193.08, 1965
0, 0, 193.14, 1965
0, 0, 193.09, 1965
0, 0, 193.11, 1965
0, 0, 193.14, 1965
0, 0, 193.12, 1965
0, 0, 193.12, 1965
0, 0, 193.13, 1965
0, 0, 193.13, 1965
0, 0, 193.15, 1965
0, 0, 193.11, 1965
0, 0, 193.07, 1965
0, 0, 193.10, 1965
0, 0, 193.09, 1965
0, 0, 193.13, 1965
0, 0, 193.13, 1965
0, 0, 193.13, 1965
0, 0, 193.14, 1965
0, 0, 193.12, 1965
3, 0, 193.24, 1965
0, 0, 193.21, 1965
0, 0, 193.18, 1965
3, 0, 193.55, 1965
0, 0, 193.54, 1965
0, 0, 193.40, 1965
0, 0, 193.45, 1965
3, 0, 193.79, 1965
0, 0, 193.70, 1965
0, 0, 193.74, 1965
0, 0, 193.88, 1965
0, 0, 195.67, 1965
0, 0, 195.62, 1965
0, 0, 195.69, 1965
0, 0, 195.49, 1965
0, 0, 193.11, 1965
0, 0, 193.11, 1965
0, 0, 193.10, 1965
0, 0, 193.14, 1965
0, 0, 193.13, 1965
0, 0, 193.33, 1965
0, 0, 193.66, 1965
0, 0, 193.66, 1965
0, 0, 193.62, 1965
0, 0, 193.54, 1965
4, 0, 194.02, 1965
0, 0, 193.67, 1965
2, 0, 193.81, 1965
0, 0, 193.77, 1965
0, 0, 193.29, 1965
0, 0, 193.19, 1965
0, 0, 193.06, 1965
4, 0, 193.22, 1965
0, 0, 193.17, 1965
3, 0, 193.32, 1965
0, 0, 193.33, 1965
0, 0, 193.34, 1965
0, 0, 193.19, 1965
4, 0, 193.63, 1965
0, 0, 193.60, 1965
0, 0, 193.79, 1965
0, 0, 193.77, 1965
0, 0, 193.33, 1965
0, 0, 193.20, 1965
0, 0, 193.09, 1965
0, 0, 193.21, 1965
0, 0, 193.22, 1965
0, 0, 193.27, 1965
0, 0, 193.30, 1965
0, 0, 193.28, 1965
0, 0, 193.18, 1965
0, 0, 193.12, 1965
0, 0, 193.16, 1965
0, 0, 193.17, 1965
0, 0, 193.15, 1965
0, 0, 193.18, 1965
0, 0, 193.14, 1965
0, 0, 193.07, 1965
0, 0, 193.07, 1965
0, 0, 193.10, 1965
0, 0, 193.11, 1965
0, 0, 193.14, 1965
0, 0, 193.16, 1965
0, 0, 193.13, 1965
0, 0, 193.08, 1965
0, 0, 193.10, 1965
0, 0, 193.17, 1965
0, 0, 193.16, 1965
0, 0, 193.14, 1965
1, 0, 193.53, 1965
0, 0, 193.50, 1965
0, 0, 193.44, 1965
0, 0, 193.91, 1965
0, 0, 193.56, 1965
0, 0, 195.99, 1965
0, 0, 196.06, 1965
0, 0, 196.22, 1965
0, 0, 196.15, 1965
0, 0, 193.86, 1965
0, 0, 193.88, 1965
0, 0, 193.21, 1965
0, 0, 193.24, 1965
0, 0, 193.12, 1965
0, 0, 193.13, 1965
0, 0, 193.16, 1965
0, 0, 193.15, 1965
0, 0, 193.11, 1965
0, 0, 193.21, 1965
0, 0, 193.54, 1965
0, 0, 193.51, 1965
3, 0, 193.84, 1965
0, 0, 193.80, 1965
0, 0, 193.42, 1965
0, 0, 193.32, 1965
0, 0, 193.27, 1965
0, 0, 193.26, 1965
0, 0, 193.71, 1965
0, 0, 193.75, 1965
0, 0, 193.56, 1965
0, 0, 193.53, 1965
0, 0, 193.06, 1965
4, 0, 193.46, 1965
0, 0, 193.46, 1965
0, 0, 193.94, 1965
0, 0, 193.92, 1965
0, 0, 193.56, 1965
0, 0, 193.56, 1965
0, 0, 193.30, 1965
0, 0, 193.54, 1965
0, 0, 193.56, 1965
0, 0, 193.55, 1965
0, 0, 193.36, 1965
0, 0, 193.29, 1965
0, 0, 193.16, 1965
0, 0, 193.16, 1965
0, 0, 193.12, 1965
0, 0, 193.07, 1965
0, 0, 193.04, 1965
0, 0, 193.07, 1965
0, 0, 193.07, 1965
0, 0, 193.14, 1965
0, 0, 193.19, 1965
0, 0, 193.17, 1965
0, 0, 193.15, 1965
0, 0, 193.18, 1965
0, 0, 193.16, 1965
0, 0, 193.19, 1965
0, 0, 193.20, 1965
0, 0, 193.16, 1965
0, 0, 193.29, 1965
0, 0, 193.28, 1965
0, 0, 193.31, 1965
0, 0, 193.31, 1965
0, 0, 193.16, 1965
0, 0, 193.16, 1965
0, 0, 193.14, 1965
0, 0, 195.33, 1965
3, 0, 195.57, 1965
0, 0, 195.68, 1965
0, 0, 195.68, 1965
3, 0, 195.82, 1965
0, 0, 193.47, 1965
0, 0, 193.28, 1965
0, 0, 193.23, 1965
0, 0, 193.19, 1965
0, 0, 193.18, 1965
0, 0, 193.39, 1965
0, 0, 193.36, 1965
0, 0, 193.29, 1965
0, 0, 193.32, 1965
0, 0, 193.46, 1965
0, 0, 193.50, 1965
0, 0, 193.52, 1965
0, 0, 193.52, 1965
0, 0, 193.41, 1965
0, 0, 193.22, 1965
0, 0, 193.20, 1965
0, 0, 193.58, 1965
0, 0, 193.53, 1965
0, 0, 193.79, 1965
0, 0, 193.76, 1965
0, 0, 193.40, 1965
0, 0, 193.40, 1965
0, 0, 193.38, 1965
0, 0, 193.51, 1965
0, 0, 193.49, 1965
0, 0, 193.45, 1965
0, 0, 193.26, 1965
0, 0, 193.30, 1965
0, 0, 193.12, 1965
0, 0, 193.27, 1965
0, 0, 193.80, 1965
0, 0, 193.82, 1965
0, 0, 193.86, 1965
0, 0, 193.72, 1965
0, 0, 193.67, 1965
0, 0, 193.36, 1965
3, 0, 193.89, 1965
0, 0, 193.94, 1965
0, 0, 193.99, 1965
0, 0, 193.76, 1965
0, 0, 193.32, 1965
0, 0, 193.15, 1965
0, 0, 193.11, 1965
0, 0, 193.11, 1965
0, 0, 193.16, 1965
0, 0, 193.17, 1965
0, 0, 193.17, 1965
0, 0, 193.18, 1965
0, 0, 193.19, 1965
0, 0, 193.17, 1965
0, 0, 193.14, 1965
0, 0, 193.22, 1965
0, 0, 193.25, 1965
0, 0, 193.23, 1965
0, 0, 193.23, 1965
0, 0, 193.14, 1965
0, 0, 193.15, 1965
0, 0, 193.15, 1965
0, 0, 195.53, 1965
0, 0, 195.50, 1965
0, 0, 195.51, 1965
0, 0, 195.46, 1965
0, 0, 193.12, 1965
0, 0, 193.04, 1965
0, 0, 193.07, 1965
3, 0, 193.30, 1965
0, 0, 193.34, 1965
0, 0, 193.37, 1965
3, 0, 193.90, 1965
0, 0, 193.73, 1965
0, 0, 193.66, 1965
0, 0, 193.70, 1965
0, 0, 193.71, 1965
0, 0, 193.69, 1965
3, 0, 193.85, 1965
0, 0, 193.90, 1965
0, 0, 193.32, 1965
0, 0, 193.34, 1965
0, 0, 193.36, 1965
0, 0, 193.18, 1965
0, 0, 193.18, 1965
0, 0, 193.13, 1965
0, 0, 193.10, 1965
0, 0, 193.09, 1965
0, 0, 193.09, 1965
0, 0, 193.40, 1965
0, 0, 193.60, 1965
0, 0, 193.65, 1965
0, 0, 193.66, 1965
0, 0, 193.33, 1965
0, 0, 193.86, 1965
0, 0, 193.59, 1965
3, 0, 193.97, 1965
0, 0, 194.04, 1965
0, 0, 194.02, 1965
0, 0, 193.51, 1965
0, 0, 193.20, 1965
0, 0, 193.35, 1965
0, 0, 193.35, 1965
3, 0, 193.52, 1965
0, 0, 193.52, 1965
0, 0, 193.55, 1965
0, 0, 193.29, 1965
0, 0, 193.41, 1965
0, 0, 193.34, 1965
3, 0, 193.56, 1965
0, 0, 193.62, 1965
0, 0, 193.40, 1965
0, 0, 193.37, 1965
0, 0, 193.10, 1965
0, 0, 193.04, 1965
0, 0, 193.05, 1965
0, 0, 193.04, 1965
0, 0, 193.16, 1965
0, 0, 193.16, 1965
0, 0, 193.15, 1965
0, 0, 193.14, 1965
0, 0, 193.01, 1965
0, 0, 193.01, 1965
0, 0, 193.01, 1965
0, 0, 193.04, 1965
0, 0, 195.62, 1965
0, 0, 195.64, 1965
0, 0, 195.61, 1965
0, 0, 195.53, 1965
0, 0, 193.02, 1965
0, 0, 193.01, 1965
0, 0, 193.02, 1965
0, 0, 193.02, 1965
0, 0, 193.04, 1965
0, 0, 193.07, 1965
0, 0, 193.02, 1965
0, 0, 193.02, 1965
0, 0, 193.02, 1965
3, 0, 193.32, 1965
0, 0, 193.31, 1965
0, 0, 193.26, 1965
0, 0, 193.44, 1965
0, 0, 193.14, 1965
0, 0, 193.15, 1965
0, 0, 193.31, 1965
0, 0, 193.20, 1965
0, 0, 193.23, 1965
3, 0, 193.43, 1965
0, 0, 193.50, 1965
0, 0, 193.31, 1965
0, 0, 193.28, 1965
0, 0, 193.11, 1965
0, 0, 193.06, 1965
1, 0, 193.19, 1965
0, 0, 193.24, 1965
0, 0, 193.22, 1965
0, 0, 193.26, 1965
0, 0, 193.09, 1965
4, 0, 193.60, 1965
0, 0, 193.67, 1965
3, 0, 193.84, 1965
0, 0, 193.86, 1965
0, 0, 193.36, 1965
0, 0, 193.24, 1965
0, 0, 193.40, 1965
0, 0, 193.35, 1965
0, 0, 193.60, 1965
0, 0, 193.61, 1965
0, 0, 193.34, 1965
0, 0, 193.38, 1965
0, 0, 193.12, 1965
0, 0, 193.43, 1965
0, 0, 193.37, 1965
0, 0, 193.82, 1965
0, 0, 193.79, 1965
0, 0, 193.51, 1965
0, 0, 193.53, 1965
0, 0, 193.24, 1965
1, 0, 193.21, 1965
0, 0, 193.61, 1965
0, 0, 193.71, 1965
0, 0, 193.57, 1965
0, 0, 193.62, 1965
0, 0, 193.18, 1965
0, 0, 193.04, 1965
0, 0, 193.04, 1965
0, 0, 193.02, 1965
0, 0, 195.15, 1965
0, 0, 195.40, 1965
0, 0, 195.36, 1965
0, 0, 195.33, 1965
0, 0, 194.60, 1965
0, 0, 193.01, 1965
0, 0, 193.08, 1965
0, 0, 193.09, 1965
0, 0, 193.10, 1965
0, 0, 193.07, 1965
0, 0, 193.05, 1965
0, 0, 193.07, 1965
0, 0, 193.02, 1965
0, 0, 193.04, 1965
0, 0, 193.18, 1965
0, 0, 193.20, 1965
0, 0, 193.21, 1965
0, 0, 193.20, 1965
0, 0, 193.04, 1965
0, 0, 193.04, 1965
3, 0, 193.25, 1965
0, 0, 193.25, 1965
0, 0, 193.27, 1965
3, 0, 193.48, 1965
0, 0, 193.49, 1965
0, 0, 193.31, 1965
0, 0, 193.32, 1965
0, 0, 193.27, 1965
0, 0, 193.27, 1965
0, 0, 193.29, 1965
0, 0, 193.82, 1965
0, 0, 193.61, 1965
0, 0, 193.65, 1965
0, 0, 193.67, 1965
0, 0, 193.12, 1965
0, 0, 193.31, 1965
0, 0, 193.29, 1965
0, 0, 193.30, 1965
0, 0, 193.29, 1965
0, 0, 193.11, 1965
4, 0, 193.29, 1965
0, 0, 193.32, 1965
0, 0, 193.49, 1965
0, 0, 193.47, 1965
0, 0, 193.44, 1965
0, 0, 193.22, 1965
4, 0, 193.45, 1965
0, 0, 193.44, 1965
0, 0, 193.58, 1965
0, 0, 193.59, 1965
0, 0, 193.24, 1965
0, 0, 193.22, 1965
0, 0, 193.11, 1965
4, 0, 193.49, 1965
0, 0, 193.49, 1965
0, 0, 193.73, 1965
0, 0, 193.82, 1965
0, 0, 193.42, 1965
0, 0, 193.37, 1965
4, 0, 193.34, 1965
0, 0, 193.20, 1965
0, 0, 193.65, 1965
0, 0, 193.74, 1965
0, 0, 195.93, 1965
0, 0, 195.92, 1965
0, 0, 195.53, 1965
0, 0, 195.44, 1965
0, 0, 193.52, 1965
0, 0, 193.11, 1965
0, 0, 193.12, 1965
0, 0, 193.16, 1965
0, 0, 193.16, 1965
0, 0, 193.12, 1965
0, 0, 193.12, 1965
0, 0, 193.13, 1965
0, 0, 193.13, 1965
0, 0, 193.19, 1965
0, 0, 193.21, 1965
0, 0, 193.24, 1965
0, 0, 193.19, 1965
0, 0, 193.17, 1965
0, 0, 193.05, 1965
0, 0, 193.06, 1965
0, 0, 193.09, 1965
0, 0, 193.08, 1965
0, 0, 193.11, 1965
0, 0, 193.07, 1965
0, 0, 193.09, 1965
0, 0, 193.10, 1965
0, 0, 193.15, 1965
0, 0, 193.51, 1965
0, 0, 193.49, 1965
0, 0, 193.47, 1965
0, 0, 193.72, 1965
0, 0, 193.42, 1965
0, 0, 193.44, 1965
0, 0, 193.74, 1965
0, 0, 193.58, 1965
0, 0, 193.56, 1965
3, 0, 193.74, 1965
0, 0, 193.70, 1965
0, 0, 193.40, 1965
0, 0, 193.32, 1965
0, 0, 193.14, 1965
0, 0, 193.14, 1965
1, 0, 193.15, 1965
0, 0, 193.15, 1965
0, 0, 193.10, 1965
0, 0, 193.09, 1965
0, 0, 193.07, 1965
4, 0, 193.39, 1965
0, 0, 193.43, 1965
0, 0, 193.79, 1965
0, 0, 193.86, 1965
0, 0, 193.88, 1965
0, 0, 193.62, 1965
4, 0, 193.44, 1965
0, 0, 193.37, 1965
0, 0, 193.53, 1965
0, 0, 193.50, 1965
0, 0, 193.36, 1965
0, 0, 193.44, 1965
0, 0, 193.37, 1965
4, 0, 193.44, 1965
0, 0, 193.39, 1965
0, 0, 193.82, 1965
0, 0, 196.26, 1965
0, 0, 196.10, 1965
0, 0, 196.13, 1965
2, 0, 195.96, 1965
1, 0, 193.50, 1965
0, 0, 193.70, 1965
0, 0, 193.70, 1965
0, 0, 193.38, 1965
0, 0, 193.42, 1965
0, 0, 193.22, 1965
0, 0, 193.22, 1965
0, 0, 193.17, 1965
0, 0, 193.14, 1965
0, 0, 193.27, 1965
0, 0, 193.20, 1965
0, 0, 193.21, 1965
0, 0, 193.22, 1965
0, 0, 193.14, 1965
0, 0, 193.11, 1965
0, 0, 193.14, 1965
0, 0, 193.17, 1965
0, 0, 193.20, 1965
0, 0, 193.23, 1965
0, 0, 193.18, 1965
0, 0, 193.21, 1965
0, 0, 193.12, 1965
0, 0, 193.11, 1965
0, 0, 193.11, 1965
0, 0, 193.12, 1965
0, 0, 193.22, 1965
0, 0, 193.23, 1965
0, 0, 193.21, 1965
0, 0, 193.24, 1965
0, 0, 193.42, 1965
0, 0, 193.57, 1965
0, 0, 193.56, 1965
3, 0, 193.87, 1965
0, 0, 193.89, 1965
0, 0, 193.56, 1965
0, 0, 193.53, 1965
0, 0, 193.48, 1965
0, 0, 193.54, 1965
0, 0, 193.57, 1965
0, 0, 193.95, 1965
0, 0, 193.69, 1965
0, 0, 193.65, 1965
0, 0, 193.65, 1965
0, 0, 193.22, 1965
0, 0, 193.20, 1965
0, 0, 193.18, 1965
1, 0, 193.22, 1965
0, 0, 193.29, 1965
0, 0, 193.28, 1965
0, 0, 193.33, 1965
0, 0, 193.27, 1965
0, 0, 193.72, 1965
0, 0, 193.71, 1965
3, 0, 194.13, 1965
0, 0, 194.15, 1965
0, 0, 194.15, 1965
0, 0, 193.77, 1965
4, 0, 193.86, 1965
0, 0, 193.82, 1965
0, 0, 196.40, 1965
0, 0, 196.36, 1965
0, 0, 195.91, 1965
0, 0, 195.92, 1965
0, 0, 193.25, 1965
4, 0, 193.38, 1965
0, 0, 193.37, 1965
0, 0, 193.53, 1965
0, 0, 193.54, 1965
0, 0, 193.37, 1965
0, 0, 193.36, 1965
0, 0, 193.57, 1965
0, 0, 193.58, 1965
0, 0, 194.15, 1965
0, 0, 194.19, 1965
0, 0, 193.87, 1965
0, 0, 193.84, 1965
0, 0, 193.24, 1965
0, 0, 193.18, 1965
0, 0, 193.14, 1965
0, 0, 193.21, 1965
0, 0, 193.25, 1965
0, 0, 193.30, 1965
0, 0, 193.31, 1965
0, 0, 193.25, 1965
0, 0, 193.28, 1965
0, 0, 193.33, 1965
0, 0, 193.32, 1965
0, 0, 193.29, 1965
0, 0, 193.27, 1965
0, 0, 193.18, 1965
0, 0, 193.21, 1965
0, 0, 193.28, 1965
0, 0, 193.33, 1965
0, 0, 193.48, 1965
0, 0, 193.45, 1965
0, 0, 193.43, 1965
0, 0, 193.37, 1965
0, 0, 193.24, 1965
0, 0, 193.27, 1965
0, 0, 193.25, 1965
3, 0, 193.51, 1965
0, 0, 193.58, 1965
0, 0, 193.58, 1965
2, 0, 194.09, 1965
0, 0, 194.07, 1965
0, 0, 193.75, 1965
0, 0, 193.75, 1965
3, 0, 193.51, 1965
0, 0, 193.52, 1965
0, 0, 193.51, 1965
0, 0, 193.79, 1965
0, 0, 193.51, 1965
0, 0, 193.54, 1965
0, 0, 193.60, 1965
0, 0, 193.34, 1965
1, 0, 193.32, 1965
0, 0, 193.30, 1965
0, 0, 193.30, 1965
0, 0, 193.18, 1965
0, 0, 193.22, 1965
4, 0, 193.40, 1965
0, 0, 195.80, 1965
0, 0, 195.98, 1965
0, 0, 195.97, 1965
0, 0, 195.76, 1965
0, 0, 193.44, 1965
4, 0, 193.54, 1965
0, 0, 193.54, 1965
0, 0, 193.85, 1965
0, 0, 193.87, 1965
0, 0, 193.53, 1965
0, 0, 193.54, 1965
0, 0, 193.24, 1965
0, 0, 193.60, 1965
0, 0, 193.72, 1965
0, 0, 194.03, 1965
0, 0, 194.04, 1965
0, 0, 193.65, 1965
0, 0, 193.64, 1965
0, 0, 193.46, 1965
0, 0, 193.63, 1965
0, 0, 193.66, 1965
0, 0, 193.71, 1965
0, 0, 193.48, 1965
0, 0, 193.51, 1965
0, 0, 193.26, 1965
0, 0, 193.24, 1965
0, 0, 193.23, 1965
0, 0, 193.25, 1965
0, 0, 193.24, 1965
0, 0, 193.23, 1965
0, 0, 193.24, 1965
0, 0, 193.22, 1965
0, 0, 193.24, 1965
0, 0, 193.20, 1965
0, 0, 193.33, 1965
0, 0, 193.33, 1965
0, 0, 193.35, 1965
0, 0, 193.32, 1965
0, 0, 193.19, 1965
0, 0, 193.17, 1965
0, 0, 193.21, 1965
0, 0, 193.22, 1965
0, 0, 193.25, 1965
0, 0, 193.30, 1965
0, 0, 193.26, 1965
0, 0, 193.24, 1965
0, 0, 193.27, 1965
0, 0, 193.23, 1965
0, 0, 193.58, 1965
0, 0, 193.61, 1965
0, 0, 193.63, 1965
3, 0, 193.88, 1965
0, 0, 193.89, 1965
0, 0, 193.54, 1965
0, 0, 193.53, 1965
0, 0, 193.69, 1965
0, 0, 193.66, 1965
0, 0, 194.04, 1965
0, 0, 194.15, 1965
0, 0, 193.71, 1965
0, 0, 193.71, 1965
0, 0, 193.71, 1965
0, 0, 193.24, 1965
0, 0, 195.74, 1965
0, 0, 195.80, 1965
0, 0, 195.76, 1965
1, 0, 195.77, 1965
0, 0, 193.26, 1965
0, 0, 193.26, 1965
0, 0, 193.27, 1965
0, 0, 193.23, 1965
4, 0, 193.61, 1965
0, 0, 193.57, 1965
0, 0, 193.83, 1965
0, 0, 193.80, 1965
0, 0, 193.44, 1965
0, 0, 193.59, 1965
0, 0, 193.62, 1965
0, 0, 193.82, 1965
0, 0, 193.85, 1965
0, 0, 193.75, 1965
0, 0, 193.46, 1965
0, 0, 193.45, 1965
0, 0, 193.23, 1965
0, 0, 193.46, 1965
0, 0, 193.61, 1965
0, 0, 193.61, 1965
0, 0, 193.62, 1965
0, 0, 193.36, 1965
4, 0, 193.64, 1965
0, 0, 193.44, 1965
1, 0, 193.83, 1965
0, 0, 193.82, 1965
0, 0, 193.86, 1965
0, 0, 193.57, 1965
0, 0, 193.24, 1965
0, 0, 193.19, 1965
0, 0, 193.30, 1965
0, 0, 193.27, 1965
0, 0, 193.28, 1965
0, 0, 193.30, 1965
0, 0, 193.19, 1965
0, 0, 193.20, 1965
0, 0, 193.22, 1965
0, 0, 193.22, 1965
0, 0, 193.21, 1965
0, 0, 193.18, 1965
0, 0, 193.18, 1965
0, 0, 193.22, 1965
0, 0, 193.21, 1965
0, 0, 193.20, 1965
0, 0, 193.17, 1965
0, 0, 193.16, 1965
0, 0, 193.17, 1965
0, 0, 193.16, 1965
0, 0, 193.11, 1965
0, 0, 193.13, 1965
0, 0, 193.18, 1965
0, 0, 193.23, 1965
0, 0, 193.25, 1965
3, 0, 193.58, 1965
0, 0, 193.56, 1965
0, 0, 193.46, 1965
0, 0, 193.70, 1965
0, 0, 193.39, 1965
0, 0, 195.62, 1965
3, 0, 195.82, 1965
0, 0, 195.62, 1965
0, 0, 195.64, 1965
3, 0, 194.26, 1965
0, 0, 193.56, 1965
0, 0, 193.36, 1965
0, 0, 193.40, 1965
0, 0, 193.08, 1965
0, 0, 193.09, 1965
0, 0, 193.09, 1965
0, 0, 193.08, 1965
0, 0, 193.11, 1965
0, 0, 193.23, 1965
0, 0, 193.20, 1965
0, 0, 193.18, 1965
0, 0, 193.13, 1965
0, 0, 193.06, 1965
0, 0, 193.22, 1965
0, 0, 193.30, 1965
1, 0, 193.57, 1965
0, 0, 193.60, 1965
0, 0, 193.62, 1965
0, 0, 193.33, 1965
4, 0, 193.20, 1965
0, 0, 193.17, 1965
0, 0, 193.30, 1965
0, 0, 193.30, 1965
0, 0, 193.14, 1965
0, 0, 193.18, 1965
0, 0, 193.02, 1965
4, 0, 193.28, 1965
0, 0, 193.27, 1965
0, 0, 193.45, 1965
0, 0, 193.57, 1965
0, 0, 193.33, 1965
0, 0, 193.33, 1965
4, 0, 193.69, 1965
0, 0, 193.51, 1965
0, 0, 193.90, 1965
0, 0, 193.86, 1965
0, 0, 193.35, 1965
0, 0, 193.36, 1965
0, 0, 193.02, 1965
0, 0, 193.04, 1965
0, 0, 193.06, 1965
0, 0, 193.04, 1965
0, 0, 193.08, 1965
0, 0, 193.09, 1965
0, 0, 193.06, 1965
0, 0, 193.04, 1965
0, 0, 193.04, 1965
0, 0, 193.02, 1965
0, 0, 193.03, 1965
0, 0, 193.03, 1965
0, 0, 193.16, 1965
0, 0, 193.18, 1965
0, 0, 193.23, 1965
0, 0, 193.21, 1965
0, 0, 193.04, 1965
0, 0, 193.04, 1965
0, 0, 193.03, 1965
0, 0, 193.25, 1965
0, 0, 195.46, 1965
0, 0, 195.43, 1965
0, 0, 195.36, 1965
0, 0, 195.44, 1965
0, 0, 193.06, 1965
0, 0, 193.41, 1965
0, 0, 193.39, 1965
3, 0, 193.80, 1965
0, 0, 193.84, 1965
0, 0, 193.54, 1965
0, 0, 193.52, 1965
3, 0, 193.23, 1965
0, 0, 193.17, 1965
0, 0, 193.26, 1965
0, 0, 193.79, 1965
0, 0, 193.66, 1965
0, 0, 193.63, 1965
0, 0, 193.50, 1965
0, 0, 192.97, 1965
0, 0, 192.95, 1965
0, 0, 192.97, 1965
0, 0, 192.94, 1965
0, 0, 192.93, 1965
0, 0, 192.95, 1965
1, 0, 193.02, 1965
0, 0, 193.02, 1965
0, 0, 193.01, 1965
0, 0, 192.99, 1965
0, 0, 192.92, 1965
0, 0, 193.03, 1965
0, 0, 193.40, 1965
0, 0, 193.51, 1965
0, 0, 193.65, 1965
0, 0, 193.58, 1965
0, 0, 193.30, 1965
0, 0, 193.27, 1965
0, 0, 193.24, 1965
0, 0, 193.21, 1965
0, 0, 193.02, 1965
0, 0, 192.97, 1965
4, 0, 193.19, 1965
0, 0, 193.18, 1965
0, 0, 193.46, 1965
0, 0, 193.47, 1965
0, 0, 193.26, 1965
0, 0, 193.32, 1965
0, 0, 193.41, 1965
3, 0, 193.61, 1965
0, 0, 193.60, 1965
0, 0, 193.57, 1965
0, 0, 193.20, 1965
0, 0, 193.14, 1965
0, 0, 193.12, 1965
0, 0, 193.11, 1965
0, 0, 193.11, 1965
0, 0, 192.99, 1965
0, 0, 193.01, 1965
0, 0, 192.99, 1965
0, 0, 195.45, 1965
0, 0, 195.44, 1965
0, 0, 195.51, 1965
0, 0, 195.51, 1965
0, 0, 192.96, 1965
0, 0, 192.98, 1965
0, 0, 193.02, 1965
0, 0, 193.03, 1965
0, 0, 193.03, 1965
0, 0, 192.99, 1965
0, 0, 192.98, 1965
0, 0, 192.97, 1965
0, 0, 193.11, 1965
0, 0, 193.11, 1965
0, 0, 193.13, 1965
0, 0, 193.17, 1965
1, 0, 193.40, 1965
0, 0, 193.39, 1965
0, 0, 193.53, 1965
0, 0, 193.55, 1965
0, 0, 193.18, 1965
0, 0, 193.19, 1965
3, 0, 193.69, 1965
0, 0, 193.45, 1965
0, 0, 193.48, 1965
0, 0, 193.68, 1965
0, 0, 193.19, 1965
0, 0, 193.20, 1965
0, 0, 193.14, 1965
0, 0, 192.96, 1965
0, 0, 192.95, 1965
0, 0, 192.97, 1965
0, 0, 193.13, 1965
0, 0, 193.12, 1965
0, 0, 193.06, 1965
0, 0, 193.03, 1965
0, 0, 193.12, 1965
0, 0, 193.10, 1965
0, 0, 193.36, 1965
0, 0, 193.35, 1965
0, 0, 193.17, 1965
0, 0, 193.48, 1965
0, 0, 193.44, 1965
3, 0, 193.70, 1965
0, 0, 193.66, 1965
0, 0, 193.21, 1965
0, 0, 193.18, 1965
0, 0, 192.92, 1965
4, 0, 193.09, 1965
0, 0, 193.06, 1965
0, 0, 193.27, 1965
0, 0, 193.30, 1965
0, 0, 193.27, 1965
0, 0, 193.31, 1965
0, 0, 193.38, 1965
3, 0, 193.63, 1965
0, 0, 193.53, 1965
0, 0, 193.55, 1965
0, 0, 193.26, 1965
0, 0, 193.05, 1965
0, 0, 195.36, 1965
0, 0, 195.41, 1965
0, 0, 195.43, 1965
0, 0, 195.38, 1965
0, 0, 193.03, 1965
0, 0, 193.01, 1965
0, 0, 193.02, 1965
0, 0, 192.98, 1965
0, 0, 192.97, 1965
0, 0, 192.98, 1965
0, 0, 192.99, 1965
0, 0, 192.99, 1965
0, 0, 192.95, 1965
0, 0, 193.04, 1965
0, 0, 193.03, 1965
0, 0, 193.06, 1965
0, 0, 193.09, 1965
0, 0, 192.98, 1965
0, 0, 192.98, 1965
0, 0, 192.98, 1965
0, 0, 192.99, 1965
0, 0, 193.01, 1965
0, 0, 192.94, 1965
0, 0, 192.96, 1965
3, 0, 193.53, 1965
0, 0, 193.56, 1965
0, 0, 193.56, 1965
1, 0, 193.95, 1965
0, 0, 193.35, 1965
0, 0, 193.34, 1965
0, 0, 193.36, 1965
0, 0, 193.49, 1965
0, 0, 193.44, 1965
3, 0, 193.79, 1965
0, 0, 193.89, 1965
0, 0, 193.36, 1965
0, 0, 193.39, 1965
0, 0, 193.38, 1965
0, 0, 192.93, 1965
0, 0, 192.95, 1965
1, 0, 192.92, 1965
0, 0, 192.91, 1965
0, 0, 192.95, 1965
0, 0, 192.95, 1965
0, 0, 192.94, 1965
2, 0, 193.24, 1965
0, 0, 193.41, 1965
0, 0, 193.51, 1965
0, 0, 193.49, 1965
0, 0, 193.17, 1965
0, 0, 193.24, 1965
0, 0, 193.01, 1965
3, 0, 193.46, 1965
0, 0, 193.51, 1965
0, 0, 193.52, 1965
0, 0, 193.54, 1965
0, 0, 193.12, 1965
0, 0, 193.24, 1965
0, 0, 193.21, 1965
3, 0, 193.60, 1965
0, 0, 193.59, 1965
0, 0, 193.46, 1965
0, 0, 195.45, 1965
4, 0, 195.86, 1965
0, 0, 195.91, 1965
3, 0, 196.34, 1965
0, 0, 196.13, 1965
0, 0, 193.43, 1965
0, 0, 193.44, 1965
0, 0, 193.01, 1965
0, 0, 193.01, 1965
0, 0, 193.01, 1965
0, 0, 192.94, 1965
0, 0, 192.96, 1965
0, 0, 192.93, 1965
0, 0, 192.98, 1965
0, 0, 193.03, 1965
0, 0, 193.02, 1965
0, 0, 193.03, 1965
0, 0, 193.02, 1965
0, 0, 192.92, 1965
0, 0, 192.93, 1965
0, 0, 192.96, 1965
0, 0, 192.96, 1965
0, 0, 192.93, 1965
0, 0, 192.93, 1965
0, 0, 192.92, 1965
0, 0, 192.91, 1965
0, 0, 192.96, 1965
0, 0, 192.92, 1965
0, 0, 192.91, 1965
0, 0, 192.93, 1965
0, 0, 192.97, 1965
0, 0, 192.99, 1965
0, 0, 193.37, 1965
0, 0, 193.35, 1965
3, 0, 193.76, 1965
0, 0, 193.79, 1965
0, 0, 193.49, 1965
0, 0, 193.46, 1965
3, 0, 193.58, 1965
0, 0, 193.44, 1965
0, 0, 193.42, 1965
3, 0, 193.94, 1965
0, 0, 193.48, 1965
0, 0, 193.44, 1965
0, 0, 193.45, 1965
0, 0, 192.95, 1965
0, 0, 192.96, 1965
0, 0, 192.97, 1965
0, 0, 192.96, 1965
0, 0, 192.96, 1965
0, 0, 192.95, 1965
0, 0, 192.96, 1965
0, 0, 193.07, 1965
0, 0, 193.07, 1965
0, 0, 193.08, 1965
0, 0, 193.18, 1965
4, 0, 193.04, 1965
0, 0, 193.23, 1965
0, 0, 193.57, 1965
0, 0, 193.48, 1965
0, 0, 193.48, 1965
0, 0, 193.28, 1965
4, 0, 193.24, 1965
0, 0, 195.77, 1965
0, 0, 195.88, 1965
0, 0, 195.93, 1965
0, 0, 195.60, 1965
0, 0, 193.04, 1965
0, 0, 192.94, 1965
4, 0, 193.15, 1965
0, 0, 193.15, 1965
0, 0, 193.36, 1965
0, 0, 193.35, 1965
0, 0, 193.19, 1965
0, 0, 193.22, 1965
4, 0, 193.44, 1965
0, 0, 193.52, 1965
0, 0, 193.82, 1965
0, 0, 193.82, 1965
0, 0, 193.39, 1965
0, 0, 193.29, 1965
0, 0, 193.03, 1965
0, 0, 193.01, 1965
0, 0, 192.97, 1965
0, 0, 193.01, 1965
0, 0, 192.99, 1965
0, 0, 192.98, 1965
0, 0, 192.98, 1965
0, 0, 192.97, 1965
0, 0, 192.98, 1965
0, 0, 192.99, 1965
0, 0, 193.02, 1965
0, 0, 192.99, 1965
0, 0, 192.96, 1965
0, 0, 192.95, 1965
0, 0, 192.96, 1965
0, 0, 192.96, 1965
0, 0, 193.09, 1965
0, 0, 193.11, 1965
0, 0, 193.08, 1965
0, 0, 193.10, 1965
0, 0, 192.99, 1965
0, 0, 192.98, 1965
0, 0, 192.96, 1965
0, 0, 192.97, 1965
3, 0, 193.12, 1965
0, 0, 193.15, 1965
0, 0, 193.15, 1965
3, 0, 193.82, 1965
0, 0, 193.82, 1965
0, 0, 193.70, 1965
0, 0, 193.72, 1965
0, 0, 193.59, 1965
0, 0, 193.60, 1965
0, 0, 193.73, 1965
0, 0, 193.75, 1965
0, 0, 193.21, 1965
0, 0, 193.34, 1965
0, 0, 193.34, 1965
0, 0, 193.12, 1965
0, 0, 193.15, 1965
0, 0, 193.13, 1965
0, 0, 193.02, 1965
0, 0, 192.99, 1965
0, 0, 193.04, 1965
0, 0, 195.37, 1965
0, 0, 195.56, 1965
0, 0, 195.61, 1965
3, 0, 195.86, 1965
0, 0, 193.62, 1965
0, 0, 193.41, 1965
0, 0, 193.18, 1965
0, 0, 193.12, 1965
0, 0, 193.18, 1965
0, 0, 193.29, 1965
0, 0, 193.34, 1965
0, 0, 193.13, 1965
0, 0, 193.17, 1965
0, 0, 193.14, 1965
0, 0, 193.33, 1965
0, 0, 193.73, 1965
0, 0, 193.77, 1965
0, 0, 193.64, 1965
0, 0, 193.48, 1965
0, 0, 193.52, 1965
0, 0, 193.38, 1965
1, 0, 193.75, 1965
0, 0, 193.75, 1965
0, 0, 193.77, 1965
0, 0, 193.44, 1965
0, 0, 193.12, 1965
0, 0, 193.03, 1965
0, 0, 193.02, 1965
0, 0, 192.98, 1965
0, 0, 192.99, 1965
0, 0, 193.01, 1965
0, 0, 192.98, 1965
0, 0, 193.01, 1965
0, 0, 193.04, 1965
0, 0, 193.13, 1965
0, 0, 193.13, 1965
0, 0, 193.13, 1965
0, 0, 193.16, 1965
0, 0, 193.02, 1965
0, 0, 193.04, 1965
0, 0, 193.03, 1965
0, 0, 193.05, 1965
0, 0, 193.10, 1965
0, 0, 193.05, 1965
0, 0, 193.09, 1965
0, 0, 193.08, 1965
0, 0, 193.06, 1965
0, 0, 193.10, 1965
0, 0, 193.12, 1965
0, 0, 193.11, 1965
0, 0, 193.41, 1965
0, 0, 193.41, 1965
0, 0, 193.39, 1965
3, 0, 193.62, 1965
0, 0, 193.64, 1965
0, 0, 193.47, 1965
0, 0, 193.48, 1965
3, 0, 193.42, 1965
0, 0, 193.41, 1965
0, 0, 193.26, 1965
0, 0, 193.69, 1965
0, 0, 193.59, 1965
0, 0, 193.57, 1965
0, 0, 195.84, 1965
0, 0, 195.34, 1965
0, 0, 195.39, 1965
0, 0, 195.43, 1965
0, 0, 193.17, 1965
0, 0, 193.22, 1965
0, 0, 193.27, 1965
0, 0, 193.22, 1965
0, 0, 193.20, 1965
0, 0, 193.16, 1965
4, 0, 193.18, 1965
0, 0, 193.22, 1965
0, 0, 193.35, 1965
0, 0, 193.51, 1965
0, 0, 193.47, 1965
0, 0, 193.45, 1965
4, 0, 193.52, 1965
0, 0, 193.68, 1965
0, 0, 193.71, 1965
0, 0, 193.69, 1965
0, 0, 193.43, 1965
0, 0, 193.38, 1965
0, 0, 193.07, 1965
0, 0, 193.18, 1965
0, 0, 193.41, 1965
0, 0, 193.49, 1965
0, 0, 193.50, 1965
0, 0, 193.38, 1965
0, 0, 193.38, 1965
0, 0, 193.32, 1965
1, 0, 193.70, 1965
0, 0, 193.68, 1965
0, 0, 193.65, 1965
0, 0, 193.37, 1965
0, 0, 193.48, 1965
0, 0, 193.16, 1965
0, 0, 193.15, 1965
0, 0, 193.19, 1965
0, 0, 193.10, 1965
0, 0, 193.09, 1965
0, 0, 193.09, 1965
0, 0, 193.12, 1965
0, 0, 193.05, 1965
0, 0, 193.03, 1965
0, 0, 193.08, 1965
0, 0, 193.07, 1965
0, 0, 193.10, 1965
0, 0, 193.10, 1965
0, 0, 193.12, 1965
0, 0, 193.13, 1965
0, 0, 193.13, 1965
0, 0, 193.16, 1965
0, 0, 193.13, 1965
0, 0, 193.13, 1965
0, 0, 193.11, 1965
0, 0, 193.22, 1965
0, 0, 193.21, 1965
0, 0, 193.21, 1965
0, 0, 193.24, 1965
0, 0, 193.17, 1965
0, 0, 193.34, 1965
0, 0, 193.38, 1965
3, 0, 193.52, 1965
0, 0, 195.76, 1965
0, 0, 195.75, 1965
0, 0, 195.76, 1965
0, 0, 196.15, 1965
0, 0, 195.96, 1965
0, 0, 193.52, 1965
3, 0, 193.74, 1965
0, 0, 193.71, 1965
0, 0, 193.26, 1965
0, 0, 193.24, 1965
0, 0, 193.11, 1965
0, 0, 193.08, 1965
0, 0, 193.08, 1965
0, 0, 193.25, 1965
1, 0, 193.23, 1965
0, 0, 193.27, 1965
0, 0, 193.23, 1965
0, 0, 193.27, 1965
0, 0, 193.17, 1965
0, 0, 193.24, 1965
0, 0, 193.30, 1965
3, 0, 193.76, 1965
0, 0, 193.75, 1965
0, 0, 193.76, 1965
0, 0, 193.61, 1965
4, 0, 193.35, 1965
0, 0, 193.30, 1965
0, 0, 193.67, 1965
0, 0, 193.70, 1965
0, 0, 193.52, 1965
0, 0, 193.53, 1965
0, 0, 193.13, 1965
4, 0, 193.39, 1965
0, 0, 193.38, 1965
3, 0, 193.60, 1965
0, 0, 193.67, 1965
0, 0, 193.46, 1965
0, 0, 193.42, 1965
4, 0, 193.41, 1965
0, 0, 193.23, 1965
0, 0, 193.73, 1965
0, 0, 193.71, 1965
0, 0, 193.64, 1965
0, 0, 193.62, 1965
0, 0, 193.14, 1965
0, 0, 193.15, 1965
0, 0, 193.16, 1965
0, 0, 193.20, 1965
0, 0, 193.18, 1965
0, 0, 193.18, 1965
0, 0, 193.14, 1965
0, 0, 193.13, 1965
0, 0, 193.20, 1965
0, 0, 193.17, 1965
0, 0, 193.10, 1965
0, 0, 193.15, 1965
0, 0, 193.25, 1965
0, 0, 193.26, 1965
0, 0, 193.27, 1965
0, 0, 193.29, 1965
0, 0, 193.17, 1965
0, 0, 193.20, 1965
0, 0, 193.18, 1965
0, 0, 193.21, 1965
0, 0, 195.44, 1965
0, 0, 195.43, 1965
0, 0, 195.46, 1965
0, 0, 195.43, 1965
0, 0, 193.12, 1965
0, 0, 193.40, 1965
0, 0, 193.44, 1965
0, 0, 193.43, 1965
0, 0, 193.60, 1965
0, 0, 193.29, 1965
0, 0, 193.23, 1965
0, 0, 193.19, 1965
0, 0, 193.45, 1965
0, 0, 193.68, 1965
3, 0, 193.99, 1965
0, 0, 194.03, 1965
0, 0, 193.59, 1965
0, 0, 193.43, 1965
0, 0, 193.41, 1965
0, 0, 193.15, 1965
0, 0, 193.17, 1965
0, 0, 193.32, 1965
0, 0, 193.40, 1965
0, 0, 193.38, 1965
0, 0, 193.33, 1965
0, 0, 193.20, 1965
0, 0, 193.09, 1965
0, 0, 193.25, 1965
1, 0, 193.80, 1965
0, 0, 193.82, 1965
0, 0, 193.82, 1965
0, 0, 193.59, 1965
0, 0, 193.75, 1965
0, 0, 193.12, 1965
3, 0, 193.65, 1965
0, 0, 193.70, 1965
0, 0, 193.71, 1965
0, 0, 193.62, 1965
0, 0, 193.12, 1965
4, 0, 193.46, 1965
0, 0, 193.41, 1965
0, 0, 193.59, 1965
0, 0, 193.59, 1965
0, 0, 193.33, 1965
0, 0, 193.26, 1965
4, 0, 193.32, 1965
0, 0, 193.33, 1965
0, 0, 193.52, 1965
0, 0, 193.51, 1965
0, 0, 193.36, 1965
0, 0, 193.32, 1965
0, 0, 193.13, 1965
0, 0, 193.17, 1965
0, 0, 193.23, 1965
0, 0, 193.25, 1965
0, 0, 193.38, 1965
0, 0, 193.34, 1965
0, 0, 193.34, 1965
0, 0, 193.24, 1965
0, 0, 193.09, 1965
0, 0, 193.08, 1965
0, 0, 193.02, 1965
0, 0, 193.07, 1965
0, 0, 195.44, 1965
0, 0, 195.47, 1965
0, 0, 195.49, 1965
0, 0, 195.40, 1965
0, 0, 193.47, 1965
0, 0, 193.04, 1965
0, 0, 193.06, 1965
0, 0, 193.09, 1965
0, 0, 193.12, 1965
0, 0, 193.12, 1965
0, 0, 193.08, 1965
0, 0, 193.07, 1965
0, 0, 193.10, 1965
0, 0, 193.39, 1965
0, 0, 193.41, 1965
0, 0, 193.38, 1965
0, 0, 193.55, 1965
0, 0, 193.31, 1965
0, 0, 193.29, 1965
0, 0, 193.30, 1965
0, 0, 193.82, 1965
0, 0, 193.79, 1965
0, 0, 193.86, 1965
0, 0, 193.91, 1965
0, 0, 193.28, 1965
0, 0, 193.21, 1965
0, 0, 193.25, 1965
0, 0, 193.03, 1965
0, 0, 192.99, 1965
0, 0, 193.02, 1965
0, 0, 193.00, 1965
0, 0, 193.02, 1965
0, 0, 193.06, 1965
0, 0, 193.07, 1965
0, 0, 193.23, 1965
0, 0, 193.26, 1965
0, 0, 193.22, 1965
0, 0, 193.21, 1965
0, 0, 193.08, 1965
0, 0, 193.06, 1965
0, 0, 193.53, 1965
1, 0, 193.90, 1965
0, 0, 193.88, 1965
0, 0, 193.87, 1965
0, 0, 193.39, 1965
0, 0, 193.80, 1965
0, 0, 193.40, 1965
3, 0, 193.57, 1965
0, 0, 193.62, 1965
0, 0, 193.59, 1965
0, 0, 193.29, 1965
0, 0, 193.18, 1965
1, 0, 193.49, 1965
0, 0, 193.41, 1965
2, 0, 193.54, 1965
0, 0, 193.62, 1965
0, 0, 193.60, 1965
0, 0, 193.29, 1965
0, 0, 193.34, 1965
0, 0, 193.29, 1965
3, 0, 193.47, 1965
0, 0, 193.50, 1965
0, 0, 193.42, 1965
0, 0, 195.62, 1965
0, 0, 195.65, 1965
0, 0, 195.60, 1965
0, 0, 195.63, 1965
0, 0, 195.11, 1965
0, 0, 193.15, 1965
0, 0, 193.09, 1965
0, 0, 193.14, 1965
0, 0, 193.10, 1965
0, 0, 193.08, 1965
0, 0, 193.10, 1965
0, 0, 193.06, 1965
0, 0, 193.07, 1965
0, 0, 193.21, 1965
0, 0, 193.19, 1965
0, 0, 193.23, 1965
0, 0, 193.26, 1965
0, 0, 193.19, 1965
0, 0, 193.14, 1965
0, 0, 193.14, 1965
0, 0, 193.13, 1965
0, 0, 193.08, 1965
0, 0, 193.12, 1965
0, 0, 193.13, 1965
0, 0, 193.16, 1965
0, 0, 193.22, 1965
3, 0, 193.40, 1965
0, 0, 193.39, 1965
0, 0, 193.36, 1965
0, 0, 193.68, 1965
0, 0, 193.49, 1965
0, 0, 193.51, 1965
0, 0, 193.53, 1965
0, 0, 193.38, 1965
0, 0, 193.51, 1965
3, 0, 193.80, 1965
0, 0, 193.81, 1965
0, 0, 193.64, 1965
0, 0, 193.65, 1965
0, 0, 193.32, 1965
0, 0, 193.22, 1965
0, 0, 193.20, 1965
0, 0, 193.24, 1965
0, 0, 193.20, 1965
0, 0, 193.20, 1965
0, 0, 193.21, 1965
0, 0, 193.29, 1965
0, 0, 193.25, 1965
0, 0, 193.25, 1965
0, 0, 193.23, 1965
0, 0, 193.11, 1965
0, 0, 193.55, 1965
0, 0, 193.60, 1965
0, 0, 193.73, 1965
0, 0, 193.73, 1965
0, 0, 193.43, 1965
4, 0, 193.62, 1965
0, 0, 193.51, 1965
2, 0, 193.81, 1965
0, 0, 193.80, 1965
0, 0, 193.77, 1965
0, 0, 193.56, 1965
0, 0, 193.24, 1965
0, 0, 195.61, 1965
0, 0, 195.69, 1965
3, 0, 195.84, 1965
0, 0, 195.85, 1965
0, 0, 195.88, 1965
0, 0, 193.39, 1965
4, 0, 193.51, 1965
0, 0, 193.50, 1965
0, 0, 193.97, 1965
0, 0, 193.97, 1965
0, 0, 193.80, 1965
0, 0, 193.78, 1965
0, 0, 193.26, 1965
0, 0, 193.36, 1965
0, 0, 193.34, 1965
0, 0, 193.32, 1965
0, 0, 193.37, 1965
0, 0, 193.30, 1965
0, 0, 193.28, 1965
0, 0, 193.29, 1965
0, 0, 193.24, 1965
0, 0, 193.18, 1965
0, 0, 193.15, 1965
0, 0, 193.13, 1965
0, 0, 193.15, 1965
0, 0, 193.23, 1965
0, 0, 193.27, 1965
0, 0, 193.32, 1965
0, 0, 193.33, 1965
0, 0, 193.32, 1965
0, 0, 193.25, 1965
0, 0, 193.19, 1965
0, 0, 193.18, 1965
0, 0, 193.16, 1965
0, 0, 193.34, 1965
0, 0, 193.39, 1965
0, 0, 193.43, 1965
0, 0, 193.70, 1965
0, 0, 193.62, 1965
3, 0, 193.82, 1965
0, 0, 193.79, 1965
0, 0, 193.56, 1965
0, 0, 193.58, 1965
3, 0, 194.21, 1965
0, 0, 193.98, 1965
0, 0, 193.96, 1965
0, 0, 194.13, 1965
0, 0, 193.48, 1965
0, 0, 193.46, 1965
0, 0, 193.45, 1965
0, 0, 193.25, 1965
0, 0, 193.27, 1965
0, 0, 193.26, 1965
0, 0, 193.26, 1965
0, 0, 193.25, 1965
0, 0, 193.44, 1965
0, 0, 193.50, 1965
0, 0, 193.52, 1965
0, 0, 193.53, 1965
0, 0, 193.39, 1965
0, 0, 193.51, 1965
0, 0, 193.56, 1965
1, 0, 193.87, 1965
0, 0, 196.33, 1965
0, 0, 196.37, 1965
0, 0, 196.10, 1965
4, 0, 196.56, 1965
0, 0, 193.69, 1965
0, 0, 194.01, 1965
0, 0, 193.98, 1965
0, 0, 193.57, 1965
0, 0, 193.67, 1965
0, 0, 193.36, 1965
4, 0, 193.54, 1965
0, 0, 193.49, 1965
3, 0, 193.69, 1965
0, 0, 193.84, 1965
0, 0, 193.65, 1965
0, 0, 193.67, 1965
4, 0, 193.68, 1965
0, 0, 193.49, 1965
0, 0, 193.99, 1965
0, 0, 194.00, 1965
0, 0, 193.84, 1965
0, 0, 193.87, 1965
0, 0, 193.35, 1965
0, 0, 193.35, 1965
0, 0, 193.26, 1965
0, 0, 193.26, 1965
0, 0, 193.26, 1965
0, 0, 193.22, 1965
0, 0, 193.23, 1965
0, 0, 193.23, 1965
0, 0, 193.26, 1965
0, 0, 193.28, 1965
0, 0, 193.29, 1965
0, 0, 193.30, 1965
0, 0, 193.40, 1965
0, 0, 193.34, 1965
0, 0, 193.38, 1965
0, 0, 193.39, 1965
0, 0, 193.24, 1965
0, 0, 193.27, 1965
0, 0, 193.28, 1965
0, 0, 193.27, 1965
0, 0, 193.24, 1965
0, 0, 193.26, 1965
0, 0, 193.26, 1965
0, 0, 193.28, 1965
0, 0, 193.29, 1965
0, 0, 193.64, 1965
0, 0, 193.62, 1965
3, 0, 194.07, 1965
0, 0, 194.04, 1965
0, 0, 193.75, 1965
0, 0, 193.74, 1965
0, 0, 193.64, 1965
0, 0, 193.67, 1965
0, 0, 193.74, 1965
0, 0, 194.23, 1965
0, 0, 194.09, 1965
0, 0, 194.05, 1965
0, 0, 193.92, 1965
0, 0, 193.40, 1965
0, 0, 193.39, 1965
0, 0, 193.33, 1965
0, 0, 195.86, 1965
0, 0, 195.96, 1965
0, 0, 196.00, 1965
0, 0, 193.45, 1965
0, 0, 193.41, 1965
0, 0, 193.38, 1965
4, 0, 193.68, 1965
0, 0, 193.60, 1965
0, 0, 194.04, 1965
0, 0, 194.07, 1965
0, 0, 193.72, 1965
0, 0, 193.43, 1965
0, 0, 193.64, 1965
0, 0, 194.17, 1965
0, 0, 194.21, 1965
0, 0, 194.12, 1965
0, 0, 193.89, 1965
0, 0, 193.85, 1965
0, 0, 193.34, 1965
0, 0, 193.54, 1965
0, 0, 193.93, 1965
0, 0, 193.97, 1965
0, 0, 193.96, 1965
0, 0, 193.80, 1965
0, 0, 193.85, 1965
0, 0, 193.58, 1965
0, 0, 193.72, 1965
0, 0, 193.69, 1965
0, 0, 193.72, 1965
0, 0, 193.62, 1965
0, 0, 193.67, 1965
0, 0, 193.66, 1965
0, 0, 193.63, 1965
0, 0, 193.57, 1965
0, 0, 193.55, 1965
0, 0, 193.49, 1965
0, 0, 193.46, 1965
0, 0, 193.50, 1965
0, 0, 193.48, 1965
0, 0, 193.40, 1965
0, 0, 193.36, 1965
0, 0, 193.38, 1965
0, 0, 193.41, 1965
0, 0, 193.43, 1965
0, 0, 193.40, 1965
0, 0, 193.37, 1965
0, 0, 193.38, 1965
0, 0, 193.38, 1965
0, 0, 193.36, 1965
0, 0, 193.45, 1965
0, 0, 193.48, 1965
0, 0, 193.46, 1965
0, 0, 193.59, 1965
0, 0, 193.56, 1965
0, 0, 193.45, 1965
0, 0, 193.66, 1965
0, 0, 193.59, 1965
3, 0, 193.96, 1965
0, 0, 194.02, 1965
0, 0, 193.82, 1965
0, 0, 196.05, 1965
0, 0, 196.29, 1965
0, 0, 195.89, 1965
0, 0, 195.92, 1965
3, 0, 194.21, 1965
0, 0, 194.24, 1965
0, 0, 193.99, 1965
0, 0, 193.99, 1965
0, 0, 193.37, 1965
0, 0, 193.40, 1965
0, 0, 193.41, 1965
0, 0, 193.36, 1965
0, 0, 193.50, 1965
0, 0, 193.61, 1965
0, 0, 193.62, 1965
0, 0, 193.62, 1965
0, 0, 193.52, 1965
0, 0, 193.66, 1965
0, 0, 193.99, 1965
0, 0, 194.05, 1965
0, 0, 194.08, 1965
0, 0, 193.82, 1965
4, 0, 193.95, 1965
0, 0, 193.57, 1965
0, 0, 193.65, 1965
0, 0, 193.57, 1965
0, 0, 193.46, 1965
0, 0, 193.43, 1965
0, 0, 193.36, 1965
4, 0, 193.70, 1965
0, 0, 193.69, 1965
3, 0, 193.85, 1965
0, 0, 193.82, 1965
0, 0, 193.66, 1965
0, 0, 193.63, 1965
4, 0, 193.91, 1965
0, 0, 193.85, 1965
0, 0, 194.38, 1965
0, 0, 194.32, 1965
0, 0, 193.87, 1965
0, 0, 193.95, 1965
0, 0, 193.41, 1965
0, 0, 193.32, 1965
0, 0, 193.29, 1965
0, 0, 193.25, 1965
0, 0, 193.27, 1965
0, 0, 193.37, 1965
0, 0, 193.37, 1965
0, 0, 193.42, 1965
0, 0, 193.41, 1965
0, 0, 193.38, 1965
0, 0, 193.34, 1965
0, 0, 193.36, 1965
0, 0, 193.37, 1965
0, 0, 193.45, 1965
0, 0, 193.47, 1965
0, 0, 193.46, 1965
0, 0, 193.45, 1965
0, 0, 193.38, 1965
0, 0, 193.42, 1965
0, 0, 193.46, 1965
0, 0, 193.46, 1965
0, 0, 195.38, 1965
0, 0, 195.78, 1965
0, 0, 195.75, 1965
0, 0, 195.76, 1965
1, 0, 196.08, 1965
0, 0, 193.75, 1965
0, 0, 193.93, 1965
0, 0, 193.99, 1965
0, 0, 193.72, 1965
0, 0, 193.70, 1965
3, 0, 193.92, 1965
0, 0, 193.65, 1965
0, 0, 193.62, 1965
3, 0, 193.96, 1965
0, 0, 193.70, 1965
0, 0, 193.66, 1965
0, 0, 193.70, 1965
0, 0, 193.36, 1965
0, 0, 193.38, 1965
0, 0, 193.37, 1965
0, 0, 193.35, 1965
0, 0, 193.35, 1965
0, 0, 193.35, 1965
0, 0, 193.40, 1965
0, 0, 193.40, 1965
0, 0, 193.37, 1965
0, 0, 193.35, 1965
0, 0, 193.38, 1965
0, 0, 193.40, 1965
0, 0, 193.33, 1965
0, 0, 193.31, 1965
0, 0, 193.34, 1965
4, 0, 193.67, 1965
0, 0, 193.69, 1965
0, 0, 193.97, 1965
0, 0, 194.02, 1965
0, 0, 193.69, 1965
0, 0, 193.70, 1965
0, 0, 193.65, 1965
3, 0, 193.77, 1965
0, 0, 193.82, 1965
0, 0, 193.78, 1965
0, 0, 193.62, 1965
0, 0, 193.60, 1965
0, 0, 193.38, 1965
4, 0, 193.83, 1965
0, 0, 193.82, 1965
0, 0, 194.40, 1965
0, 0, 194.43, 1965
0, 0, 193.93, 1965
0, 0, 193.93, 1965
4, 0, 193.80, 1965
0, 0, 193.74, 1965
0, 0, 193.96, 1965
0, 0, 193.93, 1965
0, 0, 193.62, 1965
0, 0, 193.65, 1965
0, 0, 193.43, 1965
0, 0, 193.48, 1965
0, 0, 193.41, 1965
0, 0, 193.37, 1965
0, 0, 193.40, 1965
0, 0, 193.38, 1965
0, 0, 193.32, 1965
0, 0, 195.90, 1965
0, 0, 195.84, 1965
0, 0, 195.88, 1965
0, 0, 195.96, 1965
0, 0, 193.41, 1965
0, 0, 193.43, 1965
0, 0, 193.35, 1965
0, 0, 193.38, 1965
0, 0, 193.38, 1965
0, 0, 193.36, 1965
0, 0, 193.31, 1965
0, 0, 193.29, 1965
0, 0, 193.26, 1965
0, 0, 193.36, 1965
0, 0, 193.38, 1965
0, 0, 193.46, 1965
0, 0, 193.49, 1965
0, 0, 193.42, 1965
3, 0, 193.57, 1965
0, 0, 193.63, 1965
0, 0, 193.60, 1965
2, 0, 194.09, 1965
0, 0, 194.09, 1965
0, 0, 193.85, 1965
0, 0, 193.83, 1965
3, 0, 193.61, 1965
0, 0, 193.57, 1965
0, 0, 193.59, 1965
0, 0, 193.99, 1965
0, 0, 193.95, 1965
0, 0, 193.80, 1965
0, 0, 193.76, 1965
0, 0, 193.40, 1965
0, 0, 193.43, 1965
0, 0, 193.58, 1965
0, 0, 193.60, 1965
0, 0, 193.64, 1965
0, 0, 193.63, 1965
0, 0, 193.52, 1965
0, 0, 193.43, 1965
0, 0, 193.39, 1965
0, 0, 193.35, 1965
1, 0, 193.35, 1965
0, 0, 193.30, 1965
0, 0, 193.37, 1965
0, 0, 193.36, 1965
0, 0, 193.37, 1965
4, 0, 193.86, 1965
0, 0, 193.80, 1965
1, 0, 193.93, 1965
0, 0, 193.88, 1965
0, 0, 193.90, 1965
0, 0, 193.51, 1965
4, 0, 193.61, 1965
0, 0, 193.57, 1965
3, 0, 193.89, 1965
0, 0, 193.90, 1965
0, 0, 193.84, 1965
0, 0, 193.65, 1965
0, 0, 193.46, 1965
0, 0, 193.71, 1965
0, 0, 193.69, 1965
3, 0, 194.10, 1965
0, 0, 194.18, 1965
0, 0, 196.50, 1965
0, 0, 196.09, 1965
0, 0, 195.88, 1965
0, 0, 195.80, 1965
3, 0, 193.75, 1965
0, 0, 193.77, 1965
0, 0, 193.79, 1965
0, 0, 193.63, 1965
0, 0, 193.45, 1965
0, 0, 193.40, 1965
0, 0, 193.38, 1965
0, 0, 193.41, 1965
0, 0, 193.42, 1965
0, 0, 193.57, 1965
0, 0, 193.56, 1965
0, 0, 193.56, 1965
0, 0, 193.57, 1965
0, 0, 193.49, 1965
0, 0, 193.43, 1965
0, 0, 193.40, 1965
0, 0, 193.44, 1965
0, 0, 193.43, 1965
0, 0, 193.40, 1965
0, 0, 193.43, 1965
0, 0, 193.44, 1965
0, 0, 193.40, 1965
0, 0, 193.37, 1965
0, 0, 193.39, 1965
0, 0, 193.39, 1965
0, 0, 193.37, 1965
0, 0, 193.38, 1965
0, 0, 193.34, 1965
0, 0, 193.35, 1965
0, 0, 193.34, 1965
0, 0, 193.81, 1965
0, 0, 193.80, 1965
3, 0, 193.92, 1965
0, 0, 193.97, 1965
0, 0, 193.49, 1965
0, 0, 193.48, 1965
0, 0, 193.69, 1965
0, 0, 193.52, 1965
0, 0, 193.54, 1965
3, 0, 194.09, 1965
0, 0, 194.11, 1965
0, 0, 193.93, 1965
0, 0, 193.96, 1965
0, 0, 193.45, 1965
0, 0, 193.44, 1965
0, 0, 193.43, 1965
0, 0, 193.40, 1965
0, 0, 193.35, 1965
0, 0, 193.45, 1965
0, 0, 193.41, 1965
0, 0, 193.43, 1965
0, 0, 193.54, 1965
0, 0, 193.50, 1965
0, 0, 193.49, 1965
4, 0, 193.66, 1965
0, 0, 193.65, 1965
0, 0, 193.67, 1965
0, 0, 193.63, 1965
0, 0, 193.50, 1965
0, 0, 193.49, 1965
4, 0, 195.91, 1965
0, 0, 195.93, 1965
0, 0, 196.07, 1965
0, 0, 196.11, 1965
0, 0, 193.61, 1965
0, 0, 193.53, 1965
0, 0, 193.36, 1965
0, 0, 193.92, 1965
0, 0, 193.89, 1965
2, 0, 194.24, 1965
0, 0, 194.26, 1965
0, 0, 193.74, 1965
0, 0, 193.74, 1965
0, 0, 193.75, 1965
0, 0, 193.74, 1965
0, 0, 193.87, 1965
0, 0, 193.88, 1965
0, 0, 193.55, 1965
0, 0, 193.54, 1965
0, 0, 193.38, 1965
0, 0, 193.36, 1965
0, 0, 193.32, 1965
0, 0, 193.33, 1965
0, 0, 193.42, 1965
0, 0, 193.43, 1965
0, 0, 193.43, 1965
0, 0, 193.44, 1965
0, 0, 193.47, 1965
0, 0, 193.44, 1965
0, 0, 193.44, 1965
0, 0, 193.45, 1965
0, 0, 193.39, 1965
0, 0, 193.37, 1965
0, 0, 193.40, 1965
0, 0, 193.51, 1965
0, 0, 193.60, 1965
0, 0, 193.59, 1965
0, 0, 193.60, 1965
0, 0, 193.50, 1965
0, 0, 193.38, 1965
0, 0, 193.38, 1965
0, 0, 193.34, 1965
0, 0, 193.33, 1965
0, 0, 193.36, 1965
3, 0, 193.52, 1965
0, 0, 193.48, 1965
0, 0, 193.51, 1965
0, 0, 193.66, 1965
0, 0, 193.69, 1965
0, 0, 193.59, 1965
0, 0, 193.55, 1965
0, 0, 193.87, 1965
0, 0, 193.96, 1965
0, 0, 193.95, 1965
0, 0, 194.28, 1965
0, 0, 193.93, 1965
0, 0, 193.91, 1965
0, 0, 193.89, 1965
0, 0, 193.49, 1965
0, 0, 193.51, 1965
0, 0, 193.40, 1965
0, 0, 193.35, 1965
0, 0, 193.37, 1965
0, 0, 193.47, 1965
0, 0, 195.88, 1965
0, 0, 195.91, 1965
0, 0, 195.89, 1965
0, 0, 195.88, 1965
4, 0, 193.59, 1965
0, 0, 193.48, 1965
0, 0, 193.72, 1965
0, 0, 193.69, 1965
0, 0, 193.53, 1965
0, 0, 193.55, 1965
0, 0, 193.50, 1965
3, 0, 193.59, 1965
0, 0, 193.61, 1965
0, 0, 193.76, 1965
0, 0, 193.49, 1965
0, 0, 193.49, 1965
0, 0, 193.34, 1965
0, 0, 193.56, 1965
0, 0, 193.63, 1965
0, 0, 194.10, 1965
0, 0, 194.07, 1965
0, 0, 193.77, 1965
0, 0, 193.80, 1965
0, 0, 193.47, 1965
0, 0, 193.47, 1965
0, 0, 193.80, 1965
0, 0, 193.80, 1965
0, 0, 193.60, 1965
0, 0, 193.65, 1965
0, 0, 193.28, 1965
0, 0, 193.27, 1965
0, 0, 193.21, 1965
0, 0, 193.18, 1965
0, 0, 193.13, 1965
0, 0, 193.26, 1965
0, 0, 193.32, 1965
0, 0, 193.34, 1965
0, 0, 193.37, 1965
0, 0, 193.32, 1965
0, 0, 193.29, 1965
0, 0, 193.31, 1965
0, 0, 193.27, 1965
0, 0, 193.24, 1965
0, 0, 193.26, 1965
0, 0, 193.25, 1965
0, 0, 193.26, 1965
0, 0, 193.25, 1965
0, 0, 193.25, 1965
0, 0, 193.26, 1965
0, 0, 193.24, 1965
0, 0, 193.21, 1965
0, 0, 193.22, 1965
0, 0, 193.20, 1965
0, 0, 193.17, 1965
3, 0, 193.63, 1965
0, 0, 193.79, 1965
0, 0, 193.75, 1965
0, 0, 193.99, 1965
0, 0, 193.49, 1965
0, 0, 193.34, 1965
0, 0, 193.34, 1965
0, 0, 193.35, 1965
0, 0, 193.35, 1965
0, 0, 194.39, 1965
0, 0, 196.10, 1965
0, 0, 195.88, 1965
0, 0, 195.95, 1965
0, 0, 195.88, 1965
0, 0, 193.18, 1965
0, 0, 193.17, 1965
0, 0, 193.15, 1965
0, 0, 193.17, 1965
0, 0, 193.21, 1965
0, 0, 193.22, 1965
0, 0, 193.28, 1965
0, 0, 193.26, 1965
0, 0, 193.33, 1965
0, 0, 193.29, 1965
0, 0, 193.79, 1965
0, 0, 193.78, 1965
0, 0, 193.99, 1965
0, 0, 193.93, 1965
0, 0, 193.47, 1965
0, 0, 193.46, 1965
0, 0, 193.28, 1965
0, 0, 193.77, 1965
0, 0, 193.81, 1965
0, 0, 193.75, 1965
0, 0, 193.64, 1965
0, 0, 193.68, 1965
0, 0, 193.16, 1965
4, 0, 193.51, 1965
0, 0, 193.50, 1965
0, 0, 193.90, 1965
0, 0, 193.92, 1965
0, 0, 193.59, 1965
0, 0, 193.55, 1965
0, 0, 193.51, 1965
0, 0, 193.54, 1965
0, 0, 193.72, 1965
0, 0, 193.75, 1965
0, 0, 193.48, 1965
0, 0, 193.34, 1965
0, 0, 193.22, 1965
0, 0, 193.20, 1965
0, 0, 193.21, 1965
0, 0, 193.19, 1965
0, 0, 193.17, 1965
0, 0, 193.13, 1965
0, 0, 193.10, 1965
0, 0, 193.15, 1965
0, 0, 193.13, 1965
0, 0, 193.17, 1965
0, 0, 193.21, 1965
0, 0, 193.20, 1965
0, 0, 193.26, 1965
0, 0, 193.28, 1965
0, 0, 193.27, 1965
0, 0, 193.26, 1965
0, 0, 193.35, 1965
0, 0, 193.28, 1965
0, 0, 193.27, 1965
0, 0, 193.27, 1965
0, 0, 193.16, 1965
0, 0, 193.21, 1965
0, 0, 193.27, 1965
0, 0, 193.26, 1965
0, 0, 195.70, 1965
0, 0, 196.16, 1965
0, 0, 196.07, 1965
0, 0, 196.10, 1965
0, 0, 194.26, 1965
0, 0, 193.43, 1965
0, 0, 193.45, 1965
0, 0, 193.45, 1965
0, 0, 193.79, 1965
0, 0, 193.81, 1965
0, 0, 194.25, 1965
0, 0, 194.31, 1965
0, 0, 193.76, 1965
0, 0, 193.87, 1965
0, 0, 193.87, 1965
0, 0, 193.41, 1965
0, 0, 193.41, 1965
0, 0, 193.22, 1965
0, 0, 193.13, 1965
0, 0, 193.11, 1965
0, 0, 193.11, 1965
1, 0, 193.18, 1965
0, 0, 193.26, 1965
0, 0, 193.29, 1965
0, 0, 193.36, 1965
0, 0, 193.24, 1965
4, 0, 193.61, 1965
0, 0, 193.58, 1965
0, 0, 194.01, 1965
0, 0, 194.04, 1965
0, 0, 193.69, 1965
0, 0, 193.58, 1965
4, 0, 193.27, 1965
0, 0, 193.27, 1965
0, 0, 193.61, 1965
0, 0, 193.61, 1965
0, 0, 193.48, 1965
0, 0, 193.47, 1965
0, 0, 193.16, 1965
4, 0, 193.30, 1965
0, 0, 193.35, 1965
3, 0, 193.54, 1965
0, 0, 193.59, 1965
0, 0, 193.45, 1965
0, 0, 193.43, 1965
4, 0, 193.51, 1965
0, 0, 193.43, 1965
0, 0, 193.77, 1965
0, 0, 193.78, 1965
0, 0, 193.59, 1965
0, 0, 193.56, 1965
0, 0, 193.18, 1965
0, 0, 193.15, 1965
0, 0, 193.17, 1965
0, 0, 193.20, 1965
0, 0, 193.32, 1965
0, 0, 193.32, 1965
0, 0, 193.33, 1965
0, 0, 193.34, 1965
0, 0, 193.24, 1965
0, 0, 193.21, 1965
0, 0, 193.21, 1965
0, 0, 193.21, 1965
0, 0, 193.76, 1965
0, 0, 195.66, 1965
0, 0, 195.71, 1965
0, 0, 195.71, 1965
0, 0, 195.78, 1965
0, 0, 193.22, 1965
0, 0, 193.15, 1965
0, 0, 193.11, 1965
0, 0, 193.11, 1965
0, 0, 193.13, 1965
0, 0, 193.15, 1965
0, 0, 193.17, 1965
0, 0, 193.19, 1965
3, 0, 193.86, 1965
0, 0, 193.82, 1965
0, 0, 193.79, 1965
3, 0, 194.20, 1965
0, 0, 193.57, 1965
0, 0, 193.56, 1965
0, 0, 193.61, 1965
0, 0, 193.48, 1965
0, 0, 193.43, 1965
3, 0, 193.59, 1965
0, 0, 193.65, 1965
0, 0, 193.42, 1965
0, 0, 193.35, 1965
0, 0, 193.33, 1965
0, 0, 193.14, 1965
0, 0, 193.09, 1965
0, 0, 193.13, 1965
0, 0, 193.16, 1965
1, 0, 193.33, 1965
0, 0, 193.35, 1965
0, 0, 193.35, 1965
0, 0, 193.48, 1965
0, 0, 193.35, 1965
4, 0, 193.72, 1965
0, 0, 193.71, 1965
3, 0, 193.76, 1965
0, 0, 193.66, 1965
0, 0, 193.27, 1965
0, 0, 193.23, 1965
0, 0, 193.38, 1965
0, 0, 193.36, 1965
0, 0, 193.67, 1965
0, 0, 193.67, 1965
0, 0, 193.34, 1965
0, 0, 193.42, 1965
0, 0, 193.10, 1965
4, 0, 193.54, 1965
0, 0, 193.56, 1965
2, 0, 194.01, 1965
0, 0, 194.05, 1965
0, 0, 193.60, 1965
0, 0, 193.58, 1965
0, 0, 193.67, 1965
0, 0, 193.61, 1965
1, 0, 193.91, 1965
0, 0, 193.88, 1965
0, 0, 193.54, 1965
0, 0, 193.40, 1965
0, 0, 193.07, 1965
0, 0, 193.03, 1965
0, 0, 193.00, 1965
0, 0, 195.33, 1965
0, 0, 195.32, 1965
0, 0, 195.42, 1965
0, 0, 195.39, 1965
0, 0, 193.17, 1965
0, 0, 193.14, 1965
0, 0, 193.13, 1965
0, 0, 193.13, 1965
0, 0, 193.12, 1965
0, 0, 193.14, 1965
0, 0, 193.16, 1965
0, 0, 193.14, 1965
0, 0, 193.19, 1965
0, 0, 193.23, 1965
0, 0, 193.24, 1965
0, 0, 193.23, 1965
0, 0, 193.21, 1965
0, 0, 193.13, 1965
0, 0, 193.11, 1965
0, 0, 193.11, 1965
0, 0, 193.09, 1965
0, 0, 193.06, 1965
3, 0, 193.25, 1965
0, 0, 193.26, 1965
0, 0, 193.29, 1965
0, 0, 193.86, 1965
0, 0, 193.75, 1965
0, 0, 193.74, 1965
0, 0, 193.67, 1965
0, 0, 193.24, 1965
0, 0, 193.21, 1965
0, 0, 193.43, 1965
0, 0, 193.48, 1965
0, 0, 193.39, 1965
0, 0, 193.46, 1965
0, 0, 193.47, 1965
0, 0, 193.18, 1965
0, 0, 193.21, 1965
0, 0, 193.10, 1965
0, 0, 193.08, 1965
0, 0, 193.05, 1965
0, 0, 193.15, 1965
0, 0, 193.14, 1965
0, 0, 193.24, 1965
0, 0, 193.31, 1965
0, 0, 193.20, 1965
0, 0, 193.17, 1965
4, 0, 193.60, 1965
0, 0, 193.51, 1965
0, 0, 193.98, 1965
0, 0, 194.00, 1965
0, 0, 193.51, 1965
0, 0, 193.49, 1965
0, 0, 193.34, 1965
0, 0, 193.59, 1965
0, 0, 193.76, 1965
0, 0, 193.78, 1965
0, 0, 193.55, 1965
0, 0, 193.52, 1965
0, 0, 193.26, 1965
4, 0, 193.75, 1965
0, 0, 193.69, 1965
0, 0, 193.99, 1965
0, 0, 196.27, 1965
0, 0, 195.77, 1965
0, 0, 195.82, 1965
0, 0, 195.80, 1965
0, 0, 195.70, 1965
0, 0, 193.74, 1965
0, 0, 193.73, 1965
0, 0, 193.50, 1965
0, 0, 193.51, 1965
0, 0, 193.26, 1965
0, 0, 193.24, 1965
0, 0, 193.22, 1965
0, 0, 193.22, 1965
0, 0, 193.31, 1965
0, 0, 193.32, 1965
0, 0, 193.33, 1965
0, 0, 193.39, 1965
0, 0, 193.22, 1965
0, 0, 193.19, 1965
0, 0, 193.14, 1965
0, 0, 193.13, 1965
0, 0, 193.17, 1965
0, 0, 193.20, 1965
0, 0, 193.28, 1965
0, 0, 193.27, 1965
0, 0, 193.35, 1965
0, 0, 193.35, 1965
0, 0, 193.35, 1965
0, 0, 193.34, 1965
0, 0, 193.27, 1965
0, 0, 193.27, 1965
0, 0, 193.23, 1965
0, 0, 193.24, 1965
0, 0, 193.25, 1965
0, 0, 193.55, 1965
0, 0, 193.55, 1965
0, 0, 194.10, 1965
0, 0, 194.11, 1965
0, 0, 193.83, 1965
0, 0, 193.84, 1965
3, 0, 194.21, 1965
0, 0, 193.57, 1965
0, 0, 193.58, 1965
0, 0, 194.16, 1965
0, 0, 193.86, 1965
0, 0, 193.86, 1965
0, 0, 193.85, 1965
0, 0, 193.30, 1965
0, 0, 193.26, 1965
0, 0, 193.27, 1965
0, 0, 193.24, 1965
0, 0, 193.19, 1965
1, 0, 193.21, 1965
0, 0, 193.18, 1965
0, 0, 193.22, 1965
0, 0, 193.35, 1965
0, 0, 193.39, 1965
4, 0, 193.54, 1965
0, 0, 193.48, 1965
3, 0, 193.52, 1965
0, 0, 193.51, 1965
0, 0, 193.60, 1965
0, 0, 193.44, 1965
4, 0, 195.91, 1965
0, 0, 195.97, 1965
0, 0, 196.02, 1965
0, 0, 196.05, 1965
0, 0, 195.25, 1965
0, 0, 193.33, 1965
0, 0, 193.16, 1965
4, 0, 193.81, 1965
0, 0, 193.79, 1965
0, 0, 194.36, 1965
0, 0, 194.42, 1965
0, 0, 193.81, 1965
0, 0, 193.86, 1965
4, 0, 193.85, 1965
0, 0, 193.78, 1965
0, 0, 194.00, 1965
0, 0, 193.98, 1965
0, 0, 193.42, 1965
0, 0, 193.41, 1965
0, 0, 193.22, 1965
0, 0, 193.22, 1965
0, 0, 193.21, 1965
0, 0, 193.15, 1965
0, 0, 193.13, 1965
0, 0, 193.17, 1965
0, 0, 193.16, 1965
0, 0, 193.18, 1965
0, 0, 193.21, 1965
0, 0, 193.23, 1965
0, 0, 193.20, 1965
0, 0, 193.23, 1965
0, 0, 193.22, 1965
0, 0, 193.22, 1965
0, 0, 193.21, 1965
0, 0, 193.37, 1965
0, 0, 193.33, 1965
0, 0, 193.32, 1965
0, 0, 193.35, 1965
0, 0, 193.27, 1965
0, 0, 193.31, 1965
0, 0, 193.31, 1965
0, 0, 193.30, 1965
0, 0, 193.22, 1965
0, 0, 193.17, 1965
0, 0, 193.30, 1965
0, 0, 193.35, 1965
0, 0, 193.67, 1965
0, 0, 193.79, 1965
0, 0, 193.63, 1965
0, 0, 193.60, 1965
3, 0, 194.23, 1965
0, 0, 193.97, 1965
0, 0, 193.94, 1965
3, 0, 194.50, 1965
0, 0, 194.00, 1965
0, 0, 193.91, 1965
0, 0, 193.91, 1965
0, 0, 193.35, 1965
0, 0, 193.24, 1965
0, 0, 193.24, 1965
0, 0, 193.24, 1965
0, 0, 193.32, 1965
0, 0, 193.29, 1965
0, 0, 195.64, 1965
0, 0, 195.61, 1965
0, 0, 195.52, 1965
4, 0, 195.90, 1965
0, 0, 193.62, 1965
0, 0, 194.03, 1965
0, 0, 194.01, 1965
0, 0, 193.59, 1965
0, 0, 193.61, 1965
0, 0, 193.31, 1965
1, 0, 193.46, 1965
0, 0, 193.55, 1965
0, 0, 193.72, 1965
0, 0, 193.61, 1965
0, 0, 193.63, 1965
0, 0, 193.49, 1965
0, 0, 194.01, 1965
1, 0, 194.35, 1965
0, 0, 194.47, 1965
0, 0, 194.47, 1965
0, 0, 193.85, 1965
0, 0, 193.85, 1965
0, 0, 193.60, 1965
1, 0, 193.72, 1965
0, 0, 193.71, 1965
0, 0, 193.73, 1965
0, 0, 193.60, 1965
0, 0, 193.58, 1965
0, 0, 193.43, 1965
0, 0, 193.40, 1965
0, 0, 193.37, 1965
0, 0, 193.37, 1965
0, 0, 193.37, 1965
0, 0, 193.49, 1965
0, 0, 193.51, 1965
0, 0, 193.50, 1965
0, 0, 193.54, 1965
0, 0, 193.40, 1965
0, 0, 193.37, 1965
0, 0, 193.37, 1965
0, 0, 193.37, 1965
0, 0, 193.38, 1965
0, 0, 193.37, 1965
0, 0, 193.38, 1965
0, 0, 193.36, 1965
0, 0, 193.35, 1965
0, 0, 193.35, 1965
0, 0, 193.29, 1965
0, 0, 193.29, 1965
0, 0, 193.28, 1965
0, 0, 193.29, 1965
0, 0, 193.32, 1965
3, 0, 193.56, 1965
0, 0, 193.61, 1965
0, 0, 193.80, 1965
0, 0, 193.94, 1965
0, 0, 193.97, 1965
0, 0, 193.67, 1965
0, 0, 193.48, 1965
0, 0, 193.65, 1965
0, 0, 193.64, 1965
0, 0, 193.68, 1965
0, 0, 196.34, 1965
0, 0, 196.09, 1965
0, 0, 196.12, 1965
0, 0, 196.07, 1965
0, 0, 194.67, 1965
0, 0, 193.39, 1965
0, 0, 193.39, 1965
0, 0, 193.39, 1965
0, 0, 193.40, 1965
0, 0, 193.37, 1965
0, 0, 193.34, 1965
0, 0, 193.27, 1965
0, 0, 193.35, 1965
0, 0, 193.44, 1965
0, 0, 193.44, 1965
0, 0, 193.42, 1965
0, 0, 193.70, 1965
0, 0, 193.79, 1965
0, 0, 193.80, 1965
0, 0, 193.85, 1965
0, 0, 193.57, 1965
1, 0, 193.73, 1965
0, 0, 193.49, 1965
3, 0, 193.77, 1965
0, 0, 193.78, 1965
0, 0, 193.64, 1965
0, 0, 193.61, 1965
0, 0, 193.36, 1965
0, 0, 193.69, 1965
0, 0, 193.69, 1965
2, 0, 193.85, 1965
0, 0, 193.87, 1965
0, 0, 193.91, 1965
0, 0, 193.63, 1965
0, 0, 193.69, 1965
0, 0, 193.66, 1965
3, 0, 193.85, 1965
0, 0, 193.82, 1965
0, 0, 193.61, 1965
0, 0, 193.56, 1965
0, 0, 193.42, 1965
0, 0, 193.39, 1965
0, 0, 193.36, 1965
0, 0, 193.29, 1965
0, 0, 193.28, 1965
0, 0, 193.26, 1965
0, 0, 193.27, 1965
0, 0, 193.30, 1965
0, 0, 193.34, 1965
0, 0, 193.35, 1965
0, 0, 193.36, 1965
0, 0, 193.35, 1965
0, 0, 193.36, 1965
0, 0, 193.33, 1965
0, 0, 193.46, 1965
0, 0, 193.48, 1965
0, 0, 193.45, 1965
0, 0, 193.47, 1965
0, 0, 193.37, 1965
0, 0, 193.36, 1965
0, 0, 193.33, 1965
0, 0, 193.34, 1965
0, 0, 193.29, 1965
0, 0, 195.78, 1965
0, 0, 195.75, 1965
0, 0, 195.97, 1965
0, 0, 195.98, 1965
0, 0, 193.48, 1965
0, 0, 193.86, 1965
0, 0, 193.69, 1965
0, 0, 193.68, 1965
0, 0, 193.70, 1965
0, 0, 193.45, 1965
0, 0, 193.46, 1965
3, 0, 193.62, 1965
0, 0, 193.79, 1965
0, 0, 193.67, 1965
0, 0, 193.66, 1965
0, 0, 193.45, 1965
0, 0, 193.32, 1965
0, 0, 193.29, 1965
0, 0, 193.30, 1965
0, 0, 193.36, 1965
0, 0, 193.40, 1965
0, 0, 193.36, 1965
0, 0, 193.33, 1965
0, 0, 193.32, 1965
0, 0, 193.46, 1965
0, 0, 193.45, 1965
2, 0, 193.69, 1965
0, 0, 193.64, 1965
0, 0, 193.51, 1965
0, 0, 193.53, 1965
0, 0, 193.74, 1965
0, 0, 193.92, 1965
0, 0, 193.89, 1965
0, 0, 193.98, 1965
0, 0, 193.55, 1965
0, 0, 193.55, 1965
0, 0, 193.44, 1965
0, 0, 193.64, 1965
0, 0, 193.99, 1965
0, 0, 194.00, 1965
0, 0, 193.98, 1965
0, 0, 193.63, 1965
0, 0, 193.55, 1965
0, 0, 193.47, 1965
3, 0, 193.66, 1965
0, 0, 193.66, 1965
0, 0, 193.67, 1965
0, 0, 193.52, 1965
0, 0, 193.50, 1965
0, 0, 193.35, 1965
0, 0, 193.35, 1965
0, 0, 193.36, 1965
0, 0, 193.35, 1965
0, 0, 193.43, 1965
0, 0, 193.51, 1965
0, 0, 193.48, 1965
0, 0, 193.52, 1965
0, 0, 193.46, 1965
0, 0, 193.30, 1965
0, 0, 193.28, 1965
0, 0, 193.33, 1965
0, 0, 193.35, 1965
0, 0, 195.59, 1965
0, 0, 195.56, 1965
0, 0, 195.57, 1965
0, 0, 195.60, 1965
0, 0, 194.83, 1965
0, 0, 193.28, 1965
0, 0, 193.29, 1965
0, 0, 193.28, 1965
0, 0, 193.26, 1965
0, 0, 193.27, 1965
0, 0, 193.27, 1965
3, 0, 193.90, 1965
0, 0, 194.04, 1965
0, 0, 194.10, 1965
0, 0, 194.39, 1965
0, 0, 193.73, 1965
0, 0, 193.76, 1965
0, 0, 193.66, 1965
0, 0, 193.64, 1965
0, 0, 193.66, 1965
1, 0, 193.98, 1965
0, 0, 194.00, 1965
0, 0, 193.70, 1965
0, 0, 193.67, 1965
0, 0, 193.65, 1965
0, 0, 193.35, 1965
0, 0, 193.33, 1965
0, 0, 193.34, 1965
0, 0, 193.37, 1965
0, 0, 193.40, 1965
0, 0, 193.35, 1965
0, 0, 193.35, 1965
0, 0, 193.31, 1965
0, 0, 193.43, 1965
0, 0, 193.46, 1965
0, 0, 193.48, 1965
0, 0, 193.45, 1965
0, 0, 193.23, 1965
0, 0, 193.41, 1965
0, 0, 193.36, 1965
3, 0, 193.71, 1965
0, 0, 193.74, 1965
0, 0, 193.58, 1965
0, 0, 193.66, 1965
0, 0, 193.50, 1965
0, 0, 193.88, 1965
0, 0, 193.90, 1965
0, 0, 193.88, 1965
0, 0, 193.72, 1965
0, 0, 193.75, 1965
0, 0, 193.35, 1965
0, 0, 193.50, 1965
0, 0, 193.66, 1965
0, 0, 193.71, 1965
0, 0, 193.74, 1965
0, 0, 193.54, 1965
0, 0, 193.51, 1965
0, 0, 193.62, 1965
3, 0, 194.01, 1965
0, 0, 194.04, 1965
0, 0, 194.05, 1965
0, 0, 193.80, 1965
0, 0, 194.15, 1965
0, 0, 195.73, 1965
0, 0, 195.74, 1965
0, 0, 195.76, 1965
0, 0, 195.71, 1965
0, 0, 193.34, 1965
0, 0, 193.38, 1965
0, 0, 193.35, 1965
0, 0, 193.38, 1965
0, 0, 193.36, 1965
0, 0, 193.36, 1965
0, 0, 193.38, 1965
0, 0, 193.38, 1965
0, 0, 193.49, 1965
0, 0, 193.52, 1965
0, 0, 193.47, 1965
0, 0, 193.47, 1965
0, 0, 193.35, 1965
0, 0, 193.34, 1965
0, 0, 193.31, 1965
0, 0, 193.35, 1965
0, 0, 193.35, 1965
0, 0, 193.36, 1965
0, 0, 193.35, 1965
0, 0, 193.37, 1965
3, 0, 193.99, 1965
0, 0, 194.00, 1965
0, 0, 193.98, 1965
0, 0, 194.44, 1965
0, 0, 193.87, 1965
0, 0, 193.83, 1965
0, 0, 193.80, 1965
0, 0, 193.76, 1965
0, 0, 193.77, 1965
0, 0, 193.88, 1965
0, 0, 194.37, 1965
0, 0, 193.93, 1965
0, 0, 193.99, 1965
0, 0, 193.86, 1965
0, 0, 193.34, 1965
0, 0, 193.35, 1965
0, 0, 193.34, 1965
0, 0, 193.27, 1965
0, 0, 193.24, 1965
0, 0, 193.29, 1965
0, 0, 193.29, 1965
0, 0, 193.32, 1965
0, 0, 193.36, 1965
0, 0, 193.28, 1965
0, 0, 193.59, 1965
0, 0, 193.60, 1965
2, 0, 194.01, 1965
0, 0, 194.06, 1965
0, 0, 193.70, 1965
0, 0, 193.69, 1965
0, 0, 193.49, 1965
0, 0, 193.49, 1965
0, 0, 193.85, 1965
0, 0, 193.86, 1965
0, 0, 193.56, 1965
0, 0, 193.55, 1965
0, 0, 193.26, 1965
4, 0, 193.43, 1965
0, 0, 193.49, 1965
0, 0, 196.41, 1965
0, 0, 196.42, 1965
0, 0, 196.25, 1965
0, 0, 196.21, 1965
4, 0, 194.81, 1965
0, 0, 193.80, 1965
0, 0, 194.13, 1965
0, 0, 194.17, 1965
0, 0, 193.66, 1965
0, 0, 193.67, 1965
0, 0, 193.34, 1965
0, 0, 193.33, 1965
0, 0, 193.32, 1965
0, 0, 193.43, 1965
0, 0, 193.40, 1965
0, 0, 193.40, 1965
0, 0, 193.34, 1965
0, 0, 193.23, 1965
0, 0, 193.23, 1965
0, 0, 193.24, 1965
0, 0, 193.27, 1965
0, 0, 193.30, 1965
0, 0, 193.34, 1965
0, 0, 193.32, 1965
0, 0, 193.32, 1965
0, 0, 193.30, 1965
0, 0, 193.27, 1965
0, 0, 193.25, 1965
0, 0, 193.32, 1965
0, 0, 193.32, 1965
0, 0, 193.35, 1965
0, 0, 193.39, 1965
0, 0, 193.37, 1965
0, 0, 193.33, 1965
0, 0, 193.42, 1965
0, 0, 193.77, 1965
0, 0, 193.82, 1965
0, 0, 193.79, 1965
2, 0, 194.06, 1965
0, 0, 194.06, 1965
0, 0, 193.58, 1965
0, 0, 193.66, 1965
3, 0, 193.55, 1965
0, 0, 193.47, 1965
0, 0, 193.40, 1965
0, 0, 193.58, 1965
0, 0, 193.60, 1965
0, 0, 193.43, 1965
0, 0, 193.45, 1965
0, 0, 193.30, 1965
0, 0, 193.29, 1965
0, 0, 193.27, 1965
0, 0, 193.29, 1965
0, 0, 193.22, 1965
0, 0, 193.27, 1965
0, 0, 193.37, 1965
0, 0, 193.38, 1965
0, 0, 193.31, 1965
0, 0, 193.28, 1965
0, 0, 193.25, 1965
0, 0, 193.34, 1965
0, 0, 193.64, 1965
0, 0, 193.78, 1965
0, 0, 193.85, 1965
0, 0, 194.37, 1965
0, 0, 196.16, 1965
0, 0, 195.90, 1965
0, 0, 196.09, 1965
0, 0, 196.02, 1965
0, 0, 193.77, 1965
0, 0, 193.39, 1965
0, 0, 193.40, 1965
0, 0, 193.30, 1965
0, 0, 193.79, 1965
1, 0, 194.12, 1965
0, 0, 194.25, 1965
0, 0, 194.24, 1965
0, 0, 193.87, 1965
0, 0, 193.85, 1965
3, 0, 193.73, 1965
0, 0, 193.96, 1965
0, 0, 193.88, 1965
0, 0, 193.89, 1965
0, 0, 193.61, 1965
0, 0, 193.59, 1965
0, 0, 193.32, 1965
0, 0, 193.34, 1965
0, 0, 193.34, 1965
0, 0, 193.41, 1965
0, 0, 193.37, 1965
0, 0, 193.36, 1965
0, 0, 193.30, 1965
0, 0, 193.28, 1965
0, 0, 193.25, 1965
0, 0, 193.25, 1965
0, 0, 193.29, 1965
0, 0, 193.22, 1965
0, 0, 193.26, 1965
0, 0, 193.37, 1965
0, 0, 193.38, 1965
0, 0, 193.43, 1965
0, 0, 193.43, 1965
0, 0, 193.30, 1965
0, 0, 193.27, 1965
0, 0, 193.24, 1965
0, 0, 193.23, 1965
0, 0, 193.19, 1965
0, 0, 193.18, 1965
0, 0, 193.20, 1965
0, 0, 193.22, 1965
3, 0, 193.39, 1965
0, 0, 193.42, 1965
0, 0, 193.40, 1965
0, 0, 193.96, 1965
0, 0, 193.77, 1965
0, 0, 193.71, 1965
0, 0, 193.71, 1965
3, 0, 193.44, 1965
0, 0, 193.48, 1965
0, 0, 193.63, 1965
0, 0, 193.87, 1965
0, 0, 193.61, 1965
0, 0, 193.59, 1965
0, 0, 193.55, 1965
0, 0, 193.14, 1965
0, 0, 193.21, 1965
0, 0, 193.20, 1965
0, 0, 193.23, 1965
0, 0, 195.33, 1965
0, 0, 195.64, 1965
0, 0, 195.68, 1965
0, 0, 195.67, 1965
1, 0, 195.75, 1965
0, 0, 193.27, 1965
0, 0, 193.25, 1965
0, 0, 193.23, 1965
0, 0, 193.23, 1965
0, 0, 193.61, 1965
0, 0, 193.73, 1965
3, 0, 194.10, 1965
0, 0, 194.12, 1965
0, 0, 194.21, 1965
0, 0, 193.75, 1965
0, 0, 194.02, 1965
0, 0, 193.62, 1965
3, 0, 193.74, 1965
0, 0, 193.73, 1965
0, 0, 193.72, 1965
0, 0, 193.48, 1965
0, 0, 193.37, 1965
0, 0, 193.33, 1965
0, 0, 193.61, 1965
0, 0, 193.74, 1965
0, 0, 193.71, 1965
0, 0, 193.69, 1965
0, 0, 193.45, 1965
0, 0, 193.51, 1965
0, 0, 193.54, 1965
0, 0, 193.90, 1965
0, 0, 193.98, 1965
0, 0, 193.96, 1965
0, 0, 193.68, 1965
0, 0, 193.77, 1965
0, 0, 193.47, 1965
0, 0, 193.49, 1965
0, 0, 193.45, 1965
0, 0, 193.36, 1965
0, 0, 193.36, 1965
0, 0, 193.37, 1965
0, 0, 193.35, 1965
0, 0, 193.39, 1965
0, 0, 193.37, 1965
0, 0, 193.33, 1965
0, 0, 193.30, 1965
0, 0, 193.31, 1965
0, 0, 193.32, 1965
0, 0, 193.37, 1965
0, 0, 193.35, 1965
0, 0, 193.35, 1965
0, 0, 193.32, 1965
0, 0, 193.31, 1965
0, 0, 193.30, 1965
0, 0, 193.33, 1965
0, 0, 193.42, 1965
0, 0, 193.50, 1965
0, 0, 193.46, 1965
0, 0, 193.46, 1965
0, 0, 193.43, 1965
1, 0, 193.61, 1965
0, 0, 193.61, 1965
0, 0, 193.56, 1965
0, 0, 193.71, 1965
0, 0, 194.99, 1965
0, 0, 196.01, 1965
0, 0, 195.96, 1965
0, 0, 196.28, 1965
0, 0, 196.25, 1965
0, 0, 194.34, 1965
0, 0, 194.33, 1965
0, 0, 193.93, 1965
0, 0, 193.87, 1965
0, 0, 193.90, 1965
0, 0, 193.30, 1965
0, 0, 193.35, 1965
0, 0, 193.36, 1965
1, 0, 193.48, 1965
0, 0, 193.49, 1965
0, 0, 193.47, 1965
0, 0, 193.45, 1965
0, 0, 193.33, 1965
4, 0, 193.49, 1965
0, 0, 193.46, 1965
3, 0, 193.69, 1965
0, 0, 193.69, 1965
0, 0, 193.70, 1965
0, 0, 193.54, 1965
4, 0, 193.75, 1965
0, 0, 193.63, 1965
0, 0, 193.73, 1965
0, 0, 193.70, 1965
0, 0, 193.35, 1965
0, 0, 193.27, 1965
0, 0, 193.12, 1965
0, 0, 193.30, 1965
0, 0, 193.32, 1965
3, 0, 193.98, 1965
0, 0, 194.14, 1965
0, 0, 194.16, 1965
0, 0, 194.03, 1965
0, 0, 193.62, 1965
0, 0, 193.39, 1965
3, 0, 193.79, 1965
0, 0, 193.75, 1965
0, 0, 193.75, 1965
0, 0, 193.62, 1965
0, 0, 193.25, 1965
0, 0, 193.21, 1965
0, 0, 193.19, 1965
0, 0, 193.18, 1965
0, 0, 193.22, 1965
0, 0, 193.28, 1965
0, 0, 193.30, 1965
0, 0, 193.29, 1965
0, 0, 193.26, 1965
0, 0, 193.24, 1965
0, 0, 193.22, 1965
0, 0, 193.21, 1965
0, 0, 193.34, 1965
0, 0, 193.40, 1965
0, 0, 193.45, 1965
0, 0, 193.43, 1965
0, 0, 193.42, 1965
0, 0, 193.29, 1965
0, 0, 193.29, 1965
0, 0, 193.27, 1965
0, 0, 193.23, 1965
0, 0, 195.51, 1965
0, 0, 195.58, 1965
0, 0, 195.53, 1965
0, 0, 195.59, 1965
0, 0, 193.85, 1965
0, 0, 193.61, 1965
0, 0, 193.61, 1965
3, 0, 193.83, 1965
0, 0, 193.81, 1965
0, 0, 193.51, 1965
0, 0, 193.50, 1965
3, 0, 193.76, 1965
0, 0, 193.68, 1965
0, 0, 193.65, 1965
3, 0, 193.86, 1965
0, 0, 193.87, 1965
0, 0, 193.57, 1965
0, 0, 193.46, 1965
0, 0, 193.28, 1965
0, 0, 193.23, 1965
0, 0, 193.23, 1965
0, 0, 193.20, 1965
0, 0, 193.27, 1965
0, 0, 193.31, 1965
0, 0, 193.25, 1965
0, 0, 193.27, 1965
0, 0, 193.27, 1965
1, 0, 193.39, 1965
0, 0, 193.42, 1965
0, 0, 193.42, 1965
0, 0, 193.45, 1965
0, 0, 193.43, 1965
0, 0, 193.55, 1965
0, 0, 193.65, 1965
3, 0, 194.19, 1965
0, 0, 194.21, 1965
0, 0, 194.16, 1965
0, 0, 193.80, 1965
0, 0, 193.50, 1965
0, 0, 193.39, 1965
3, 0, 193.46, 1965
0, 0, 193.43, 1965
0, 0, 193.41, 1965
0, 0, 193.29, 1965
0, 0, 193.20, 1965
0, 0, 193.72, 1965
0, 0, 193.73, 1965
3, 0, 193.88, 1965
0, 0, 193.92, 1965
0, 0, 193.90, 1965
0, 0, 193.36, 1965
0, 0, 193.42, 1965
0, 0, 193.32, 1965
3, 0, 193.36, 1965
0, 0, 193.41, 1965
0, 0, 193.55, 1965
0, 0, 193.50, 1965
0, 0, 193.50, 1965
0, 0, 193.40, 1965
0, 0, 193.22, 1965
0, 0, 193.23, 1965
0, 0, 193.29, 1965
0, 0, 193.28, 1965
0, 0, 193.29, 1965
0, 0, 195.67, 1965
0, 0, 195.67, 1965
0, 0, 195.73, 1965
0, 0, 195.75, 1965
0, 0, 193.61, 1965
0, 0, 193.24, 1965
0, 0, 193.24, 1965
0, 0, 193.20, 1965
0, 0, 193.27, 1965
0, 0, 193.25, 1965
0, 0, 193.27, 1965
0, 0, 193.26, 1965
0, 0, 193.40, 1965
0, 0, 193.43, 1965
0, 0, 193.39, 1965
0, 0, 193.42, 1965
0, 0, 193.35, 1965
0, 0, 193.23, 1965
0, 0, 193.25, 1965
0, 0, 193.47, 1965
0, 0, 193.45, 1965
0, 0, 193.46, 1965
0, 0, 193.73, 1965
0, 0, 193.48, 1965
0, 0, 193.49, 1965
0, 0, 193.53, 1965
0, 0, 193.74, 1965
0, 0, 193.67, 1965
0, 0, 194.20, 1965
0, 0, 194.23, 1965
0, 0, 193.83, 1965
0, 0, 193.90, 1965
0, 0, 193.85, 1965
0, 0, 193.38, 1965
0, 0, 193.38, 1965
0, 0, 193.35, 1965
0, 0, 193.36, 1965
0, 0, 193.40, 1965
0, 0, 193.26, 1965
0, 0, 193.28, 1965
0, 0, 193.28, 1965
0, 0, 193.36, 1965
1, 0, 193.43, 1965
0, 0, 193.41, 1965
0, 0, 193.41, 1965
0, 0, 193.41, 1965
0, 0, 193.30, 1965
0, 0, 193.34, 1965
0, 0, 193.37, 1965
3, 0, 193.47, 1965
0, 0, 193.49, 1965
0, 0, 193.52, 1965
0, 0, 193.35, 1965
4, 0, 193.44, 1965
0, 0, 193.32, 1965
3, 0, 193.68, 1965
0, 0, 193.69, 1965
0, 0, 193.52, 1965
0, 0, 193.55, 1965
0, 0, 193.22, 1965
4, 0, 193.51, 1965
0, 0, 193.50, 1965
0, 0, 193.66, 1965
0, 0, 193.65, 1965
0, 0, 195.91, 1965
0, 0, 195.76, 1965
4, 0, 195.90, 1965
0, 0, 195.94, 1965
0, 0, 193.62, 1965
0, 0, 193.61, 1965
0, 0, 193.38, 1965
0, 0, 193.42, 1965
0, 0, 193.28, 1965
0, 0, 193.28, 1965
0, 0, 193.25, 1965
0, 0, 193.27, 1965
0, 0, 193.39, 1965
0, 0, 193.43, 1965
0, 0, 193.43, 1965
0, 0, 193.32, 1965
0, 0, 193.20, 1965
0, 0, 193.16, 1965
0, 0, 193.13, 1965
0, 0, 193.14, 1965
0, 0, 193.08, 1965
0, 0, 193.07, 1965
0, 0, 193.13, 1965
0, 0, 193.18, 1965
0, 0, 193.20, 1965
0, 0, 193.20, 1965
0, 0, 193.23, 1965
0, 0, 193.21, 1965
0, 0, 193.18, 1965
0, 0, 193.17, 1965
0, 0, 193.14, 1965
0, 0, 193.15, 1965
0, 0, 193.15, 1965
3, 0, 193.43, 1965
0, 0, 193.44, 1965
0, 0, 193.43, 1965
0, 0, 193.61, 1965
0, 0, 193.36, 1965
0, 0, 193.35, 1965
0, 0, 193.37, 1965
3, 0, 193.38, 1965
0, 0, 193.35, 1965
0, 0, 193.43, 1965
0, 0, 193.46, 1965
0, 0, 193.30, 1965
0, 0, 193.26, 1965
0, 0, 193.26, 1965
0, 0, 193.15, 1965
0, 0, 193.15, 1965
0, 0, 193.16, 1965
0, 0, 193.21, 1965
0, 0, 193.18, 1965
0, 0, 193.17, 1965
0, 0, 193.10, 1965
0, 0, 193.18, 1965
0, 0, 193.18, 1965
0, 0, 193.16, 1965
0, 0, 193.24, 1965
0, 0, 193.18, 1965
1, 0, 193.09, 1965
0, 0, 193.14, 1965
0, 0, 193.12, 1965
0, 0, 193.13, 1965
0, 0, 195.41, 1965
0, 0, 195.57, 1965
0, 0, 195.79, 1965
0, 0, 195.86, 1965
0, 0, 193.55, 1965
0, 0, 193.36, 1965
4, 0, 193.52, 1965
0, 0, 193.25, 1965
3, 0, 193.49, 1965
0, 0, 193.50, 1965
0, 0, 193.54, 1965
0, 0, 193.35, 1965
0, 0, 193.26, 1965
0, 0, 193.58, 1965
0, 0, 193.72, 1965
3, 0, 194.02, 1965
0, 0, 193.86, 1965
0, 0, 193.86, 1965
0, 0, 193.41, 1965
4, 0, 193.53, 1965
0, 0, 193.55, 1965
1, 0, 194.07, 1965
0, 0, 194.04, 1965
0, 0, 194.05, 1965
0, 0, 193.60, 1965
0, 0, 193.21, 1965
0, 0, 193.10, 1965
0, 0, 193.13, 1965
0, 0, 193.11, 1965
0, 0, 193.20, 1965
0, 0, 193.20, 1965
0, 0, 193.14, 1965
0, 0, 193.17, 1965
0, 0, 193.32, 1965
0, 0, 193.32, 1965
0, 0, 193.32, 1965
0, 0, 193.29, 1965
0, 0, 193.15, 1965
0, 0, 193.16, 1965
0, 0, 193.16, 1965
0, 0, 193.19, 1965
0, 0, 193.13, 1965
0, 0, 193.16, 1965
0, 0, 193.15, 1965
0, 0, 193.13, 1965
0, 0, 193.18, 1965
0, 0, 193.17, 1965
0, 0, 193.16, 1965
0, 0, 193.12, 1965
0, 0, 193.09, 1965
0, 0, 193.35, 1965
0, 0, 193.38, 1965
0, 0, 193.44, 1965
3, 0, 193.68, 1965
0, 0, 193.79, 1965
0, 0, 193.53, 1965
0, 0, 193.55, 1965
3, 0, 193.52, 1965
0, 0, 193.37, 1965
0, 0, 193.38, 1965
0, 0, 193.60, 1965
0, 0, 193.40, 1965
0, 0, 193.35, 1965
0, 0, 195.78, 1965
0, 0, 195.55, 1965
0, 0, 195.54, 1965
0, 0, 195.65, 1965
0, 0, 194.37, 1965
0, 0, 193.26, 1965
0, 0, 193.26, 1965
0, 0, 193.25, 1965
0, 0, 193.22, 1965
0, 0, 193.12, 1965
0, 0, 193.55, 1965
0, 0, 193.64, 1965
3, 0, 193.86, 1965
0, 0, 193.86, 1965
0, 0, 193.88, 1965
0, 0, 193.32, 1965
0, 0, 193.66, 1965
0, 0, 193.48, 1965
3, 0, 193.59, 1965
0, 0, 193.59, 1965
0, 0, 193.21, 1965
0, 0, 193.19, 1965
0, 0, 193.10, 1965
0, 0, 193.27, 1965
0, 0, 193.27, 1965
3, 0, 193.29, 1965
0, 0, 193.32, 1965
0, 0, 193.31, 1965
0, 0, 193.16, 1965
0, 0, 193.43, 1965
0, 0, 193.36, 1965
3, 0, 193.80, 1965
0, 0, 193.81, 1965
0, 0, 193.88, 1965
0, 0, 193.55, 1965
0, 0, 193.16, 1965
0, 0, 193.14, 1965
0, 0, 193.16, 1965
0, 0, 193.12, 1965
0, 0, 193.13, 1965
0, 0, 193.17, 1965
0, 0, 193.13, 1965
0, 0, 193.11, 1965
0, 0, 193.10, 1965
0, 0, 193.14, 1965
0, 0, 193.11, 1965
0, 0, 193.12, 1965
0, 0, 193.09, 1965
0, 0, 193.09, 1965
0, 0, 193.09, 1965
0, 0, 193.07, 1965
0, 0, 193.07, 1965
0, 0, 193.01, 1965
0, 0, 193.01, 1965
0, 0, 193.13, 1965
0, 0, 193.12, 1965
0, 0, 193.18, 1965
0, 0, 193.14, 1965
0, 0, 193.15, 1965
0, 0, 193.04, 1965
3, 0, 193.39, 1965
0, 0, 193.41, 1965
0, 0, 193.42, 1965
3, 0, 195.40, 1965
0, 0, 196.21, 1965
0, 0, 195.93, 1965
0, 0, 195.88, 1965
0, 0, 195.67, 1965
0, 0, 193.32, 1965
0, 0, 193.26, 1965
0, 0, 193.64, 1965
0, 0, 193.46, 1965
0, 0, 193.45, 1965
0, 0, 193.38, 1965
0, 0, 193.00, 1965
0, 0, 193.06, 1965
0, 0, 193.07, 1965
0, 0, 193.08, 1965
1, 0, 193.16, 1965
0, 0, 193.18, 1965
0, 0, 193.10, 1965
0, 0, 193.07, 1965
0, 0, 193.04, 1965
4, 0, 193.28, 1965
0, 0, 193.28, 1965
3, 0, 193.68, 1965
0, 0, 193.64, 1965
0, 0, 193.64, 1965
0, 0, 193.40, 1965
0, 0, 193.18, 1965
0, 0, 193.15, 1965
0, 0, 193.50, 1965
0, 0, 193.47, 1965
0, 0, 193.33, 1965
0, 0, 193.41, 1965
0, 0, 193.04, 1965
4, 0, 193.32, 1965
0, 0, 193.34, 1965
2, 0, 193.80, 1965
0, 0, 193.80, 1965
0, 0, 193.62, 1965
0, 0, 193.56, 1965
0, 0, 193.34, 1965
0, 0, 193.26, 1965
3, 0, 193.42, 1965
0, 0, 193.40, 1965
0, 0, 193.20, 1965
0, 0, 193.28, 1965
0, 0, 193.07, 1965
0, 0, 193.07, 1965
0, 0, 193.05, 1965
0, 0, 193.07, 1965
0, 0, 193.07, 1965
0, 0, 193.04, 1965
0, 0, 193.05, 1965
0, 0, 193.07, 1965
0, 0, 193.10, 1965
0, 0, 193.18, 1965
0, 0, 193.23, 1965
0, 0, 193.27, 1965
0, 0, 193.24, 1965
0, 0, 193.22, 1965
0, 0, 193.17, 1965
0, 0, 193.18, 1965
0, 0, 193.21, 1965
0, 0, 193.22, 1965
0, 0, 194.03, 1965
0, 0, 195.45, 1965
0, 0, 195.54, 1965
0, 0, 195.55, 1965
0, 0, 195.49, 1965
0, 0, 193.15, 1965
0, 0, 193.09, 1965
0, 0, 193.42, 1965
0, 0, 193.45, 1965
0, 0, 193.66, 1965
0, 0, 193.68, 1965
0, 0, 193.38, 1965
0, 0, 193.48, 1965
0, 0, 193.84, 1965
0, 0, 193.64, 1965
0, 0, 193.62, 1965
3, 0, 193.82, 1965
0, 0, 193.74, 1965
0, 0, 193.34, 1965
0, 0, 193.33, 1965
0, 0, 193.24, 1965
0, 0, 193.20, 1965
0, 0, 193.13, 1965
0, 0, 193.06, 1965
0, 0, 193.10, 1965
0, 0, 193.12, 1965
0, 0, 193.15, 1965
0, 0, 193.20, 1965
0, 0, 193.21, 1965
0, 0, 193.22, 1965
1, 0, 193.23, 1965
0, 0, 193.27, 1965
0, 0, 193.27, 1965
0, 0, 193.34, 1965
0, 0, 193.31, 1965
4, 0, 193.75, 1965
0, 0, 193.68, 1965
0, 0, 193.79, 1965
0, 0, 193.66, 1965
0, 0, 193.24, 1965
0, 0, 193.33, 1965
0, 0, 193.23, 1965
0, 0, 193.24, 1965
0, 0, 193.42, 1965
0, 0, 193.38, 1965
0, 0, 193.22, 1965
0, 0, 193.24, 1965
0, 0, 193.13, 1965
4, 0, 193.25, 1965
0, 0, 193.23, 1965
0, 0, 193.50, 1965
0, 0, 193.51, 1965
0, 0, 193.35, 1965
0, 0, 193.37, 1965
0, 0, 193.60, 1965
0, 0, 193.86, 1965
0, 0, 193.91, 1965
0, 0, 193.94, 1965
0, 0, 193.54, 1965
0, 0, 193.41, 1965
0, 0, 193.10, 1965
0, 0, 193.12, 1965
0, 0, 193.12, 1965
0, 0, 193.56, 1965
0, 0, 195.59, 1965
0, 0, 195.56, 1965
0, 0, 195.60, 1965
0, 0, 195.63, 1965
0, 0, 193.16, 1965
0, 0, 193.21, 1965
0, 0, 193.15, 1965
0, 0, 193.12, 1965
0, 0, 193.05, 1965
0, 0, 193.00, 1965
0, 0, 193.05, 1965
0, 0, 193.16, 1965
0, 0, 193.23, 1965
0, 0, 193.23, 1965
0, 0, 193.28, 1965
0, 0, 193.24, 1965
0, 0, 193.15, 1965
0, 0, 193.18, 1965
0, 0, 193.14, 1965
0, 0, 193.16, 1965
3, 0, 193.40, 1965
0, 0, 193.37, 1965
0, 0, 193.42, 1965
0, 0, 193.53, 1965
0, 0, 193.55, 1965
0, 0, 193.35, 1965
0, 0, 193.32, 1965
0, 0, 193.37, 1965
0, 0, 193.40, 1965
3, 0, 193.60, 1965
0, 0, 193.62, 1965
0, 0, 193.40, 1965
0, 0, 193.51, 1965
0, 0, 193.48, 1965
0, 0, 193.31, 1965
0, 0, 193.29, 1965
0, 0, 193.18, 1965
0, 0, 193.27, 1965
0, 0, 193.29, 1965
0, 0, 193.29, 1965
0, 0, 193.35, 1965
0, 0, 193.23, 1965
0, 0, 193.55, 1965
0, 0, 193.54, 1965
3, 0, 193.66, 1965
0, 0, 193.62, 1965
0, 0, 193.64, 1965
0, 0, 193.26, 1965
0, 0, 193.35, 1965
0, 0, 193.37, 1965
2, 0, 193.45, 1965
0, 0, 193.51, 1965
0, 0, 193.34, 1965
0, 0, 193.48, 1965
0, 0, 193.39, 1965
4, 0, 193.99, 1965
0, 0, 193.97, 1965
0, 0, 194.25, 1965
0, 0, 194.23, 1965
0, 0, 193.68, 1965
0, 0, 193.73, 1965
0, 0, 193.88, 1965
0, 0, 196.34, 1965
0, 0, 196.54, 1965
0, 0, 196.59, 1965
0, 0, 196.01, 1965
0, 0, 193.61, 1965
0, 0, 193.41, 1965
0, 0, 193.47, 1965
0, 0, 193.45, 1965
0, 0, 193.48, 1965
0, 0, 193.46, 1965
0, 0, 193.44, 1965
0, 0, 193.58, 1965
0, 0, 193.56, 1965
0, 0, 193.59, 1965
0, 0, 193.59, 1965
0, 0, 193.53, 1965
0, 0, 193.42, 1965
0, 0, 193.46, 1965
0, 0, 193.49, 1965
0, 0, 193.50, 1965
0, 0, 193.54, 1965
0, 0, 193.54, 1965
0, 0, 193.53, 1965
0, 0, 193.56, 1965
0, 0, 193.51, 1965
0, 0, 193.51, 1965
0, 0, 193.45, 1965
0, 0, 193.49, 1965
0, 0, 193.55, 1965
2, 0, 193.74, 1965
0, 0, 193.78, 1965
0, 0, 193.76, 1965
3, 0, 194.27, 1965
0, 0, 194.28, 1965
0, 0, 194.03, 1965
0, 0, 194.00, 1965
0, 0, 194.07, 1965
0, 0, 194.01, 1965
0, 0, 194.02, 1965
0, 0, 194.16, 1965
0, 0, 193.74, 1965
0, 0, 193.68, 1965
0, 0, 193.71, 1965
0, 0, 193.54, 1965
0, 0, 193.51, 1965
0, 0, 193.54, 1965
0, 0, 193.51, 1965
0, 0, 193.54, 1965
0, 0, 193.53, 1965
0, 0, 193.61, 1965
0, 0, 193.68, 1965
0, 0, 193.62, 1965
4, 0, 193.99, 1965
0, 0, 194.04, 1965
0, 0, 194.22, 1965
0, 0, 194.18, 1965
0, 0, 193.83, 1965
0, 0, 193.74, 1965
0, 0, 193.89, 1965
1, 0, 194.04, 1965
0, 0, 194.05, 1965
0, 0, 193.99, 1965
0, 0, 195.91, 1965
0, 0, 195.93, 1965
0, 0, 195.84, 1965
0, 0, 196.11, 1965
1, 0, 194.70, 1965
0, 0, 194.18, 1965
0, 0, 194.14, 1965
0, 0, 193.90, 1965
0, 0, 193.95, 1965
0, 0, 193.79, 1965
0, 0, 194.31, 1965
0, 0, 194.33, 1965
0, 0, 194.48, 1965
0, 0, 194.30, 1965
0, 0, 194.29, 1965
0, 0, 193.75, 1965
0, 0, 193.60, 1965
0, 0, 193.57, 1965
0, 0, 193.56, 1965
0, 0, 193.48, 1965
0, 0, 193.49, 1965
0, 0, 193.49, 1965
0, 0, 193.52, 1965
0, 0, 193.58, 1965
0, 0, 193.63, 1965
0, 0, 193.65, 1965
0, 0, 193.68, 1965
0, 0, 193.72, 1965
0, 0, 193.70, 1965
0, 0, 193.66, 1965
0, 0, 193.66, 1965
0, 0, 193.56, 1965
0, 0, 193.55, 1965
0, 0, 193.64, 1965
0, 0, 193.65, 1965
0, 0, 193.61, 1965
0, 0, 193.68, 1965
0, 0, 193.57, 1965
0, 0, 193.56, 1965
3, 0, 193.79, 1965
0, 0, 193.75, 1965
0, 0, 193.71, 1965
3, 0, 193.96, 1965
0, 0, 193.79, 1965
0, 0, 193.76, 1965
0, 0, 193.74, 1965
0, 0, 193.70, 1965
0, 0, 193.71, 1965
3, 0, 193.87, 1965
0, 0, 193.94, 1965
0, 0, 193.77, 1965
0, 0, 193.76, 1965
0, 0, 193.84, 1965
0, 0, 193.77, 1965
0, 0, 193.78, 1965
0, 0, 193.71, 1965
0, 0, 193.83, 1965
0, 0, 193.71, 1965
0, 0, 193.58, 1965
0, 0, 193.65, 1965
0, 0, 193.48, 1965
0, 0, 193.46, 1965
0, 0, 194.36, 1965
1, 0, 196.41, 1965
0, 0, 196.49, 1965
0, 0, 196.45, 1965
0, 0, 195.94, 1965
0, 0, 193.70, 1965
0, 0, 193.55, 1965
3, 0, 193.73, 1965
0, 0, 193.71, 1965
0, 0, 193.57, 1965
0, 0, 193.55, 1965
0, 0, 193.41, 1965
0, 0, 193.77, 1965
0, 0, 193.80, 1965
3, 0, 194.10, 1965
0, 0, 194.07, 1965
0, 0, 193.81, 1965
0, 0, 193.75, 1965
3, 0, 193.86, 1965
0, 0, 193.81, 1965
0, 0, 194.42, 1965
0, 0, 194.42, 1965
0, 0, 194.08, 1965
0, 0, 194.07, 1965
0, 0, 193.49, 1965
0, 0, 193.45, 1965
0, 0, 193.45, 1965
0, 0, 193.47, 1965
0, 0, 193.46, 1965
0, 0, 193.46, 1965
0, 0, 193.47, 1965
0, 0, 193.48, 1965
0, 0, 193.48, 1965
0, 0, 193.58, 1965
0, 0, 193.54, 1965
0, 0, 193.52, 1965
0, 0, 193.48, 1965
0, 0, 193.42, 1965
0, 0, 193.45, 1965
0, 0, 193.45, 1965
0, 0, 193.49, 1965
0, 0, 193.43, 1965
0, 0, 193.45, 1965
0, 0, 193.53, 1965
0, 0, 193.57, 1965
0, 0, 193.57, 1965
0, 0, 193.58, 1965
0, 0, 193.54, 1965
0, 0, 193.53, 1965
0, 0, 193.68, 1965
0, 0, 193.66, 1965
0, 0, 193.67, 1965
0, 0, 193.88, 1965
0, 0, 193.70, 1965
0, 0, 193.72, 1965
0, 0, 193.66, 1965
0, 0, 193.61, 1965
0, 0, 193.59, 1965
3, 0, 194.05, 1965
0, 0, 194.05, 1965
0, 0, 193.95, 1965
0, 0, 193.97, 1965
0, 0, 193.93, 1965
0, 0, 193.38, 1965
0, 0, 195.72, 1965
0, 0, 195.76, 1965
0, 0, 195.81, 1965
0, 0, 195.84, 1965
0, 0, 193.46, 1965
0, 0, 193.45, 1965
0, 0, 193.38, 1965
0, 0, 193.35, 1965
0, 0, 193.55, 1965
0, 0, 193.57, 1965
3, 0, 193.77, 1965
0, 0, 193.79, 1965
0, 0, 193.89, 1965
0, 0, 193.74, 1965
4, 0, 193.77, 1965
0, 0, 193.76, 1965
2, 0, 193.81, 1965
0, 0, 193.79, 1965
0, 0, 193.57, 1965
0, 0, 193.49, 1965
0, 0, 193.26, 1965
4, 0, 193.57, 1965
0, 0, 193.56, 1965
1, 0, 193.94, 1965
0, 0, 193.99, 1965
0, 0, 193.99, 1965
0, 0, 193.71, 1965
4, 0, 193.62, 1965
0, 0, 193.60, 1965
1, 0, 193.90, 1965
0, 0, 193.90, 1965
0, 0, 193.93, 1965
0, 0, 193.64, 1965
0, 0, 193.77, 1965
0, 0, 193.49, 1965
0, 0, 193.48, 1965
0, 0, 193.44, 1965
0, 0, 193.28, 1965
0, 0, 193.25, 1965
0, 0, 193.22, 1965
0, 0, 193.22, 1965
0, 0, 193.25, 1965
0, 0, 193.27, 1965
0, 0, 193.31, 1965
0, 0, 193.31, 1965
0, 0, 193.35, 1965
0, 0, 193.36, 1965
0, 0, 193.33, 1965
0, 0, 193.30, 1965
0, 0, 193.26, 1965
0, 0, 193.21, 1965
0, 0, 193.21, 1965
0, 0, 193.21, 1965
0, 0, 193.18, 1965
0, 0, 193.25, 1965
0, 0, 193.30, 1965
0, 0, 193.34, 1965
0, 0, 193.35, 1965
0, 0, 193.38, 1965
3, 0, 193.45, 1965
0, 0, 193.43, 1965
0, 0, 193.43, 1965
0, 0, 193.78, 1965
0, 0, 193.60, 1965
0, 0, 195.88, 1965
0, 0, 195.93, 1965
0, 0, 196.10, 1965
0, 0, 196.10, 1965
0, 0, 194.01, 1965
0, 0, 193.87, 1965
0, 0, 193.42, 1965
0, 0, 193.43, 1965
0, 0, 193.49, 1965
0, 0, 193.34, 1965
0, 0, 193.34, 1965
0, 0, 193.33, 1965
0, 0, 193.41, 1965
0, 0, 193.46, 1965
0, 0, 193.46, 1965
0, 0, 193.41, 1965
0, 0, 193.35, 1965
0, 0, 193.31, 1965
1, 0, 193.29, 1965
0, 0, 193.32, 1965
0, 0, 193.30, 1965
0, 0, 193.29, 1965
0, 0, 193.29, 1965
4, 0, 193.63, 1965
0, 0, 193.63, 1965
3, 0, 193.70, 1965
0, 0, 193.67, 1965
0, 0, 193.72, 1965
0, 0, 193.34, 1965
4, 0, 193.37, 1965
0, 0, 193.36, 1965
0, 0, 193.51, 1965
0, 0, 193.48, 1965
0, 0, 193.47, 1965
0, 0, 193.48, 1965
0, 0, 193.34, 1965
0, 0, 193.51, 1965
4, 0, 193.54, 1965
0, 0, 193.62, 1965
0, 0, 193.62, 1965
0, 0, 193.41, 1965
0, 0, 193.47, 1965
4, 0, 193.78, 1965
0, 0, 193.78, 1965
0, 0, 194.20, 1965
0, 0, 194.14, 1965
0, 0, 193.58, 1965
0, 0, 193.59, 1965
0, 0, 193.19, 1965
0, 0, 193.26, 1965
0, 0, 193.21, 1965
0, 0, 193.18, 1965
0, 0, 193.18, 1965
0, 0, 193.16, 1965
0, 0, 193.28, 1965
0, 0, 193.27, 1965
0, 0, 193.28, 1965
0, 0, 193.31, 1965
0, 0, 193.33, 1965
0, 0, 193.32, 1965
0, 0, 193.26, 1965
0, 0, 193.26, 1965
0, 0, 193.24, 1965
0, 0, 193.19, 1965
0, 0, 195.71, 1965
0, 0, 195.62, 1965
0, 0, 195.68, 1965
0, 0, 195.68, 1965
0, 0, 193.19, 1965
0, 0, 193.21, 1965
0, 0, 193.24, 1965
0, 0, 193.23, 1965
0, 0, 193.20, 1965
3, 0, 193.74, 1965
0, 0, 193.76, 1965
0, 0, 193.83, 1965
3, 0, 194.11, 1965
0, 0, 193.69, 1965
0, 0, 193.58, 1965
0, 0, 193.57, 1965
3, 0, 193.52, 1965
0, 0, 193.50, 1965
0, 0, 193.48, 1965
3, 0, 193.63, 1965
0, 0, 193.40, 1965
0, 0, 193.38, 1965
0, 0, 193.34, 1965
0, 0, 193.22, 1965
0, 0, 193.22, 1965
0, 0, 193.21, 1965
0, 0, 193.27, 1965
0, 0, 193.29, 1965
0, 0, 193.28, 1965
0, 0, 193.24, 1965
0, 0, 193.25, 1965
0, 0, 193.38, 1965
0, 0, 193.35, 1965
0, 0, 193.43, 1965
0, 0, 193.45, 1965
0, 0, 193.29, 1965
4, 0, 193.49, 1965
0, 0, 193.34, 1965
0, 0, 193.88, 1965
0, 0, 193.91, 1965
0, 0, 193.77, 1965
0, 0, 193.78, 1965
0, 0, 193.57, 1965
0, 0, 193.87, 1965
0, 0, 193.92, 1965
0, 0, 193.85, 1965
0, 0, 193.54, 1965
0, 0, 193.51, 1965
0, 0, 193.16, 1965
0, 0, 193.43, 1965
0, 0, 193.40, 1965
0, 0, 193.67, 1965
0, 0, 193.68, 1965
0, 0, 193.41, 1965
0, 0, 193.55, 1965
0, 0, 193.47, 1965
1, 0, 193.44, 1965
0, 0, 193.59, 1965
0, 0, 193.50, 1965
0, 0, 193.34, 1965
0, 0, 193.39, 1965
0, 0, 193.22, 1965
0, 0, 193.25, 1965
0, 0, 193.89, 1965
0, 0, 195.54, 1965
0, 0, 195.53, 1965
0, 0, 195.46, 1965
0, 0, 195.51, 1965
0, 0, 193.13, 1965
0, 0, 193.17, 1965
0, 0, 193.20, 1965
