# Phase 6 W_d head ckpt (hexa-native, from-scratch seed=42 dim=256 V=64)
3.77625
-2.81495
-2.64027
-2.43856
-2.40099
-2.50929
-2.6593
-2.74083
-2.77346
-2.82294
-2.80406
-2.83246
-2.84894
-2.81696
-2.79049
-2.81812
-0.0322166
-0.0322044
-0.0919103
-0.0231823
-0.0228349
-0.0881055
-0.0209195
-0.0249301
-0.086245
-0.0271715
-0.0245446
-0.0832448
-0.028395
-0.0235556
-0.0829934
-0.0323674
-0.0285337
-0.0879044
-0.0297024
-0.0300925
-0.0942234
-0.0335407
-0.0157617
-0.0869322
-0.0281939
-0.0206727
-0.0815854
-0.0355185
-0.0197509
-0.0922623
-0.0210536
-0.0201028
-0.0926813
-0.0224783
-0.0229355
-0.0888765
-0.0241042
-0.0274442
-0.0871501
-0.0233834
-0.0314837
-0.0853567
-0.030641
-0.0199017
-0.0818871
-0.0201318
-0.0315842
-0.0792892
-0.0249757
-0.0197341
-0.0919103
-0.0309595
-0.029003
-0.0835465
-0.0289649
-0.0290868
-0.078736
-0.0356191
-0.0304445
-0.0853902
-0.0231655
-0.0169853
-0.0882229
-0.0298197
-0.022902
-0.0880385
-0.0254115
-0.0201699
-0.0851053
-0.0320657
-0.0217957
-0.0881391
-0.0192099
-0.0228182
-0.0801105
-0.0292163
-0.0181418
-0.0898487
-0.0218582
-0.0198347
-0.0835633
-0.0210033
-0.0236059
-0.0794903
-0.0337586
-0.0246284
-0.0906365
-0.0342447
-0.0186111
-0.0816022
-0.0271547
-0.0200358
-0.0888598
-0.0303226
-0.0235389
-0.0909549
-0.0284621
-0.025634
-0.0936535
-0.0300209
-0.0284667
-0.0886419
-0.0349989
-0.0221142
-0.0788701
-0.0226124
-0.0182424
-0.0942401
-0.0231655
-0.0200693
-0.0894297
-0.0275402
-0.0212929
-0.0814681
-0.0301047
-0.0275448
-0.0910052
-0.0277749
-0.0196503
-0.0936367
-0.0294007
-0.0261704
-0.0860104
-0.0306913
-0.0216281
-0.0914578
-0.0238695
-0.0223824
-0.08772
-0.023551
-0.0164992
-0.0861948
-0.0346972
-0.0265056
-0.0825911
-0.0320992
-0.0172702
-0.0802613
-0.0229979
-0.0253994
-0.0931506
-0.0202659
-0.0201867
-0.0830437
-0.0228303
-0.025634
-0.0889604
-0.0323004
-0.0206895
-0.0921282
-0.0207855
-0.0179574
-0.0940222
-0.0318646
-0.0217287
-0.0869993
-0.0304064
-0.0317351
-0.0888933
-0.0350492
-0.0312155
-0.0875021
-0.0268865
-0.0251312
-0.078669
-0.0350157
-0.0243434
-0.0885413
-0.0324848
-0.0220136
-0.0830604
-0.0231823
-0.0163986
-0.0818033
-0.032183
-0.021846
-0.0850382
-0.0301214
-0.0274945
-0.0904856
-0.0350995
-0.0259693
-0.0907706
-0.0267357
-0.0190134
-0.0923293
-0.0251434
-0.0194994
-0.0939552
-0.0307248
-0.0197844
-0.0818369
-0.0335575
-0.0312658
-0.0905694
-0.0202323
-0.0269917
-0.0804624
-0.032049
-0.0207733
-0.0944245
-0.0293169
-0.0269582
-0.0931674
-0.0346972
-0.0228852
-0.0891615
-0.0311606
-0.0175384
-0.0781159
-0.0215229
-0.0212426
-0.0828258
-0.0252272
-0.0278297
-0.0814346
-0.0338256
-0.0182591
-0.0878876
-0.0261323
-0.0176054
-0.0942736
-0.032183
-0.0297573
-0.0874518
-0.0197965
-0.0280309
-0.0863288
-0.0340268
-0.0171194
-0.0921115
-0.0225789
-0.0310814
-0.0870999
-0.0248752
-0.030763
-0.0826917
-0.0267021
-0.0184435
-0.0854573
-2.86877
3.79323
-2.83069
-2.73288
-2.67497
-2.5074
-2.57062
-2.61232
-2.67568
-2.7516
-2.83207
-2.84008
-2.86628
-2.86419
-2.83658
-2.8472
-0.0844607
-0.0141392
-0.0123028
-0.0837399
-0.0234081
-0.0111798
-0.0834885
-0.0123625
-0.0107942
-0.0893382
-0.0205587
-0.00497812
-0.0905617
-0.0202402
-0.018672
-0.0805888
-0.0222683
-0.0132581
-0.0854328
-0.0235589
-0.00898404
-0.0796167
-0.0152622
-0.0191245
-0.0799016
-0.0203073
-0.00519601
-0.0946012
-0.0228717
-0.0111798
-0.0865726
-0.0230896
-0.0195101
-0.0799519
-0.0178769
-0.0103417
-0.0931094
-0.0132676
-0.0204152
-0.0925228
-0.0234751
-0.00695594
-0.0873101
-0.0169886
-0.011934
-0.0873939
-0.0159326
-0.00853149
-0.0811084
-0.0154801
-0.01418
-0.0925898
-0.0227376
-0.0197615
-0.0939475
-0.0137034
-0.0166942
-0.0853155
-0.0245814
-0.00658719
-0.0913663
-0.022922
-0.00700622
-0.0817956
-0.0167707
-0.0210353
-0.0789965
-0.0156477
-0.00804541
-0.0828348
-0.0124463
-0.0104087
-0.0858016
-0.0251345
-0.0121687
-0.0935285
-0.0272967
-0.00876614
-0.0868407
-0.0149102
-0.0201805
-0.0792815
-0.0164019
-0.0165098
-0.0870754
-0.0247993
-0.0107607
-0.0851479
-0.0136866
-0.0135263
-0.0789965
-0.0121613
-0.00871586
-0.0797508
-0.0247825
-0.015236
-0.0907629
-0.0205755
-0.0128391
-0.0870922
-0.0167036
-0.0126547
-0.0954225
-0.0224192
-0.00476022
-0.090545
-0.0159997
-0.00698946
-0.0813096
-0.0261402
-0.0110289
-0.0862206
-0.0261569
-0.00548095
-0.0836896
-0.0227544
-0.0132749
-0.0814939
-0.0271961
-0.00812922
-0.0890197
-0.0145414
-0.0173981
-0.0947353
-0.0213968
-0.0139956
-0.0845612
-0.0178601
-0.0101238
-0.0925563
-0.0173405
-0.00538039
-0.0809073
-0.024397
-0.00955392
-0.0831365
-0.0189161
-0.00574913
-0.0798011
-0.0153795
-0.00978858
-0.0899416
-0.0229053
-0.00517925
-0.0817789
-0.016821
-0.0114982
-0.088299
-0.0126809
-0.0109116
-0.0790636
-0.0133011
-0.0208509
-0.0883995
-0.0173405
-0.00739173
-0.0861368
-0.0266765
-0.00794485
-0.092791
-0.0185138
-0.0211694
-0.0890532
-0.0250339
-0.00925222
-0.0877961
-0.0168712
-0.0134928
-0.0790971
-0.0268777
-0.0160573
-0.0837399
-0.0200559
-0.0202978
-0.093277
-0.0263078
-0.00677156
-0.0929586
-0.0235087
-0.0159734
-0.0838573
-0.0245311
-0.00767667
-0.0847456
-0.0189161
-0.0112468
-0.0854328
-0.0232908
-0.00455909
-0.0836394
-0.0111054
-0.00987238
-0.0945174
-0.0174914
-0.0165936
-0.0908467
-0.0212627
-0.020566
-0.0822817
-0.0124966
-0.0115988
-0.0841087
-0.021095
-0.00698946
-0.0858686
-0.0159494
-0.00874938
-0.0846115
-0.0130162
-0.0123195
-0.0836896
-0.0172567
-0.0159567
-0.0828348
-0.0262575
-0.0176496
-0.0821811
-0.0146755
-0.0184709
-0.0822649
-0.018715
-0.014532
-0.0850976
-0.017592
-0.00931926
-0.083036
-0.0245814
-0.0119508
-0.0910981
-0.0180948
-0.014113
-0.0828683
-0.0249501
-0.00695594
-0.0926736
-0.022218
-0.0199794
-0.0916847
-0.022503
-0.0159064
-2.87236
-2.82754
3.74754
-2.84052
-2.82343
-2.83371
-2.70796
-2.65627
-2.60022
-2.59053
-2.68137
-2.78744
-2.82503
-2.84461
-2.86057
-2.86427
-0.0199176
-0.0764181
-0.0034082
-0.00914016
-0.0793849
-0.00429655
-0.0192136
-0.0790664
-0.00672692
-0.0104475
-0.0761332
-0.0186106
-0.00751433
-0.0770215
-0.0179569
-0.0163139
-0.0740883
-0.0162975
-0.0161966
-0.0803403
-0.00330764
-0.017219
-0.0782116
-0.00835275
-0.0197835
-0.0784295
-0.0170853
-0.0189287
-0.0785803
-0.00255338
-0.0202863
-0.070887
-0.0179904
-0.0112521
-0.0793513
-0.0164652
-0.0202528
-0.0756806
-0.00763202
-0.0129617
-0.069127
-0.00758174
-0.0153921
-0.0792675
-0.0152416
-0.01561
-0.0829047
-0.00714595
-0.00543594
-0.0801726
-0.00555363
-0.00779927
-0.0797871
-0.00697833
-0.0189454
-0.0695461
-0.0124928
-0.0175543
-0.0831058
-0.00399485
-0.00697797
-0.082251
-0.00629113
-0.0147049
-0.0842791
-0.0114703
-0.0139171
-0.082888
-0.0105485
-0.0140009
-0.0790161
-0.00728003
-0.0132131
-0.0721273
-0.00676044
-0.010347
-0.0737531
-0.0131464
-0.0172023
-0.0787982
-0.00257015
-0.0167497
-0.0790832
-0.00426302
-0.0182415
-0.0825192
-0.0170183
-0.0128276
-0.0765019
-0.0145544
-0.0188784
-0.0705517
-0.00531898
-0.0110509
-0.0752616
-0.00231873
-0.00919044
-0.0809772
-0.00743089
-0.0120901
-0.0791167
-0.00510108
-0.00660922
-0.0779937
-0.01142
-0.0113862
-0.0800218
-0.0108334
-0.00510072
-0.0759488
-0.00441387
-0.0172526
-0.0787815
-0.0149567
-0.0170012
-0.0725631
-0.0171188
-0.0182918
-0.0816979
-0.0118391
-0.0126768
-0.0770886
-0.00528546
-0.0123583
-0.0787144
-0.00939194
-0.00486606
-0.0706188
-0.0106155
-0.009643
-0.0776082
-0.00546983
-0.0158279
-0.068708
-0.0183592
-0.00585497
-0.0836087
-0.00919081
-0.0156603
-0.0756471
-0.00960984
-0.00421238
-0.0720435
-0.00325735
-0.00945862
-0.0788317
-0.00689453
-0.00592202
-0.0808598
-0.0116715
-0.0143864
-0.07853
-0.0149064
-0.009643
-0.0682219
-0.0149902
-0.0110007
-0.0754125
-0.0156774
-0.010414
-0.069127
-0.00329088
-0.0145875
-0.0771221
-0.00464853
-0.0184259
-0.0688253
-0.00580505
-0.00677684
-0.0703841
-0.0182921
-0.0186605
-0.0827371
-0.0160964
-0.00620696
-0.07853
-0.00243606
-0.00924073
-0.07734
-0.0170015
-0.0183756
-0.0780943
-0.0168842
-0.0181912
-0.0791837
-0.00409541
-0.0128444
-0.0767198
-0.00277128
-0.0138668
-0.0825024
-0.01318
-0.0121404
-0.0710546
-0.0168171
-0.0147719
-0.0808598
-0.00389428
-0.00526833
-0.0690097
-0.00712918
-0.00749757
-0.0723787
-0.00614028
-0.00764842
-0.0758147
-0.00334116
-0.00518452
-0.073552
-0.0112021
-0.00667627
-0.0759153
-0.0109507
-0.0160122
-0.0768707
-0.00231873
-0.0148222
-0.0841953
-0.0072968
-0.0197332
-0.0823348
-0.0189123
-0.0176046
-0.0801391
-0.0157109
-0.0129952
-0.0734514
-0.00976069
-0.0112688
-0.0797033
-0.0123251
-0.0134981
-0.0794519
-0.00959308
-0.0127103
-0.0840948
-0.00692805
-0.00756461
-0.0811616
-0.0180072
-2.92054
-2.86247
-2.84523
3.78473
-2.83976
-2.84357
-2.88937
-2.85146
-2.74656
-2.69544
-2.66498
-2.61286
-2.71435
-2.78484
-2.81014
-2.86532
-0.0170125
-0.0123143
-0.0782537
-0.0201803
-0.00871063
-0.0666717
-0.0173812
-0.0124148
-0.0752702
-0.00633562
-0.0151134
-0.0662359
-0.00796145
-0.00983363
-0.0761753
-0.0100566
-0.00783905
-0.0676774
-0.0122188
-0.00457062
-0.0784213
-0.0109617
-0.0116941
-0.0646939
-0.0213033
-0.0100348
-0.0740969
-0.0125373
-0.010722
-0.0646604
-0.0124199
-0.00705127
-0.0784884
-0.00955376
-0.00854302
-0.0661019
-0.0125205
-0.00795638
-0.0667891
-0.0163588
-0.00904585
-0.08055
-0.011012
-0.0108728
-0.064476
-0.0196775
-0.00606236
-0.0734097
-0.00990575
-0.0120461
-0.0781196
-0.00824639
-0.00723564
-0.0661354
-0.0168449
-0.006649
-0.0782202
-0.0196105
-0.0131021
-0.0758904
-0.0105091
-0.0109063
-0.0755049
-0.0158224
-0.00985039
-0.0694206
-0.0203982
-0.00926375
-0.0711805
-0.00693902
-0.0118282
-0.0661689
-0.00843076
-0.0132529
-0.0710129
-0.0172304
-0.00307887
-0.0786057
-0.014029
-0.00477175
-0.0654817
-0.0147832
-0.00787257
-0.0745495
-0.00568193
-0.00782229
-0.0662527
-0.0213201
-0.00328001
-0.0721024
-0.0143642
-0.00524107
-0.0798963
-0.00653675
-0.0155827
-0.0781029
-0.0124534
-0.0109734
-0.078656
-0.0140122
-0.0119288
-0.0751194
-0.014029
-0.00973306
-0.0774156
-0.0167946
-0.0124316
-0.0655655
-0.0173477
-0.00219053
-0.0767117
-0.00697254
-0.0138731
-0.07465
-0.00846429
-0.00966601
-0.0652806
-0.0145821
-0.0178622
-0.0695211
-0.00735805
-0.017946
-0.0785219
-0.0102577
-0.0065652
-0.0759239
-0.0144313
-0.0124148
-0.0795611
-0.0123696
-0.00438625
-0.073879
-0.0178841
-0.0138563
-0.0658504
-0.0101907
-0.0174935
-0.073041
-0.00900064
-0.00537515
-0.0721191
-0.0114981
-0.00820779
-0.0755552
-0.0128557
-0.0158006
-0.0714151
-0.0118668
-0.0164878
-0.0768625
-0.016979
-0.0118785
-0.0656158
-0.0163923
-0.0140407
-0.0745495
-0.0119841
-0.0106382
-0.0797957
-0.0087157
-0.00690042
-0.0656661
-0.0213369
-0.0131523
-0.071985
-0.0200798
-0.00405102
-0.0696552
-0.00574898
-0.0128506
-0.0751696
-0.0102577
-0.00562657
-0.0684149
-0.0164426
-0.011208
-0.0741975
-0.0214877
-0.00693394
-0.0750858
-0.0111796
-0.0025928
-0.0683981
-0.0193088
-0.0177617
-0.0800136
-0.0193255
-0.0115433
-0.0671578
-0.0136435
-0.00753735
-0.0673757
-0.0101739
-0.00695071
-0.075706
-0.0128054
-0.00696747
-0.0681467
-0.0188562
-0.00530811
-0.0654817
-0.0202809
-0.0155157
-0.0780358
-0.0060842
-0.00661548
-0.068264
-0.0087157
-0.00622997
-0.0789409
-0.00926882
-0.00725241
-0.0690351
-0.00613448
-0.0153145
-0.0672416
-0.00521262
-0.0141915
-0.0773151
-0.0149509
-0.0155492
-0.0780693
-0.0199289
-0.0165716
-0.0743316
-0.0137105
-0.0102862
-0.0789744
-0.0123864
-0.0119791
-0.0662527
-0.00670436
-0.0184321
-0.0656661
-0.00873247
-0.00376608
-0.0723873
-0.0168616
-0.00740326
-0.0673757
-2.86905
-2.87764
-2.84921
-2.83781
3.75908
-2.81012
-2.85779
-2.89464
-2.86006
-2.88106
-2.81147
-2.75855
-2.67887
-2.66897
-2.68521
-2.76278
-0.0729906
-0.0129988
0.000102616
-0.0776335
-0.0114064
-0.00373569
-0.0811365
-0.00947891
-0.00804331
-0.076259
-0.00895931
0.00729316
-0.0782871
-0.00394772
-0.00760752
-0.0669734
-0.00584173
-0.00635044
-0.0816059
-0.005121
-0.00422177
-0.0660012
-0.00983089
0.00642158
-0.0758065
-0.00133298
-0.00137237
-0.0805834
-0.00255654
0.00793008
-0.0819411
-0.00599258
0.00737696
-0.0691523
-0.00547299
0.00179549
-0.0671577
-0.00716587
-0.00626663
-0.0802482
-0.0146916
0.00223128
-0.0763764
-0.00887551
0.00342133
-0.0662694
-0.0021878
-0.00685327
-0.075002
-0.00817154
-0.00177464
-0.066504
-0.0159655
0.00819826
-0.0671912
-0.0161834
0.00536562
-0.0798795
-0.00869113
-8.17568e-05
-0.0706441
-0.00502044
-0.00130532
-0.0685824
-0.0161666
-0.00621635
-0.0789241
-0.00860733
0.00167817
-0.0727057
-0.0109036
0.00749429
-0.0677611
-0.0120601
0.00345485
-0.0690517
-0.00443379
-0.00561294
-0.0804661
-0.012563
-0.000534308
-0.0735773
-0.0136524
0.000722779
-0.0801644
-0.00274092
-0.005328
-0.0713983
-0.0157643
-0.00246184
-0.0676606
-0.0133005
0.00355542
-0.082226
-0.00634457
0.00132618
-0.081036
-0.0135351
0.00452757
-0.0703926
-0.00336108
-0.000517547
-0.0814047
-0.00880846
0.0056338
-0.0675432
-0.00145031
-0.00423853
-0.0817735
-0.00689769
0.00311963
-0.0782369
-0.0087917
-0.0067527
-0.0720855
-0.0025733
0.0062372
-0.0696216
-0.0021878
0.00159436
-0.0752701
-0.0115238
-0.00700412
-0.0768289
-0.00993146
-0.00816064
-0.0819411
-0.0126971
-0.00267974
-0.0664705
-0.00359574
0.00568409
-0.06756
-0.0016682
-0.00479165
-0.0677779
-0.00476902
0.00316991
-0.0738287
-0.00659599
0.000203183
-0.0676103
-0.00875818
0.00601931
-0.0774156
-0.0129988
0.00332076
-0.0718676
-0.0018861
-0.000115279
-0.0781866
-0.0163175
0.00684061
-0.0694205
-0.0104343
-0.00826121
-0.0745326
-0.0117249
0.00808093
-0.0760914
-0.00329404
0.00799713
-0.0730241
-0.0134345
-0.00784218
-0.0752534
-0.0107695
-0.00457375
-0.0673589
-0.00602611
-3.14733e-05
-0.0686495
-0.00550651
-0.00440614
-0.0709458
-0.009613
-0.0018752
-0.0796113
-0.00641161
-0.00155674
-0.0821757
-0.0109204
-0.00505982
-0.0774323
-0.00704854
-0.00594817
-0.0685992
-0.00807097
-0.00609902
-0.0664035
-0.00795364
-0.006451
-0.0681634
-0.000528442
0.00425939
-0.0733426
-0.0163677
-0.00789246
-0.0759071
-0.00760166
-0.000936577
-0.0773318
-0.0111047
-0.00638396
-0.06756
-0.0054227
0.00486279
-0.0777005
-0.00517129
-0.00420501
-0.0660515
-0.0142391
0.00730992
-0.0810192
-0.0071491
-0.00698736
-0.0723202
-0.00173525
0.0015776
-0.0730744
-0.00161792
-0.00333342
-0.0775161
-0.00129946
0.00643834
-0.0676773
-0.0065457
-0.00236128
-0.0739963
-0.00113184
0.00486279
-0.0685824
-0.00838943
-0.00326638
-0.0661856
-0.00592554
-0.00797627
-0.0753875
-0.00124917
0.00199663
-2.72395
-2.75231
-2.80334
-2.78367
-2.80978
3.76121
-2.83622
-2.84994
-2.85143
-2.87254
-2.88922
-2.89101
-2.88072
-2.81165
-2.72597
-2.71551
0.00217657
-0.0707754
0.00221467
0.00557909
-0.0768262
-0.00752357
-0.00368984
-0.0734237
-3.13297e-05
-0.00551681
-0.0696859
-0.0018583
0.00505949
-0.0743288
0.00362261
0.00497569
-0.0751501
-0.00852924
-0.000806916
-0.0733566
-0.00331652
-0.0011589
-0.0619758
-0.00970253
-0.00506425
-0.0663504
-0.0106579
-0.0083662
-0.0769603
0.000521789
-0.00623754
-0.070876
0.00519816
0.00293083
-0.0653951
-0.00574689
0.00586403
-0.065613
0.00067264
-0.000790155
-0.064557
0.00340471
0.00616573
-0.0764407
-0.00653466
-0.00772928
-0.0655962
-0.00635029
0.000165232
-0.0667527
-0.00998747
-0.00635486
-0.0618082
0.00132633
0.00234418
-0.0736918
-0.00204267
-0.00632134
-0.0651269
0.00283483
-0.00915398
-0.068697
0.00456123
0.00323253
-0.0699206
0.00286835
-0.0103273
-0.0732225
-0.00465741
-0.0074611
-0.0655962
-0.00688665
-0.00801422
-0.071714
-0.00100348
-0.00139356
-0.0612718
-0.00296453
-0.00382393
-0.0718146
0.00224819
-0.00605316
-0.0631155
-0.00494235
-0.00727673
-0.0654789
0.00335443
-0.00950596
-0.0756864
0.00139337
-0.000538737
-0.0643726
-0.000232464
-0.000756632
-0.0704234
-0.00635029
-0.00814831
-0.0691663
-0.00408753
-5.26632e-05
-0.0762898
-0.00189182
-0.00194668
-0.0734237
0.0033209
-0.0100758
-0.0699541
-0.00896503
-0.00338814
-0.0715129
-0.00522729
-0.00454466
-0.0696524
-0.00919969
-0.00107509
-0.0662499
-0.00345061
0.00272969
-0.0684121
-0.00138898
-0.00466199
-0.0668868
0.00342147
0.00262912
-0.0673058
-0.00993718
0.00435553
-0.0746305
-0.00351765
-0.00256684
-0.0695518
-0.00909912
0.0025118
-0.0737924
0.0024158
0.00256208
-0.0673729
0.0047456
-0.00335461
-0.0716135
-0.0102892
-0.00719292
-0.0630485
-0.00179125
-0.00814831
-0.0745299
0.0055669
0.00611545
-0.0658308
-0.00792584
-0.0079807
-0.0614897
-0.0092835
-0.00431
-0.074379
-0.00909912
-0.00365632
-0.0719152
-0.00911588
-0.00374012
-0.0762228
-0.0078588
-0.0022819
-0.0702726
-0.00814374
-0.00866791
-0.0733734
-0.00943435
-0.00747786
-0.0648755
0.000337416
-0.00769576
-0.0766921
-0.000282747
-0.00234894
-0.0660487
-0.00901532
0.00346718
-0.0710268
-0.000249225
-0.00781309
-0.0736583
-0.0050932
0.00631658
-0.0748819
-0.00745653
-0.0100591
-0.075368
-0.00961872
0.00407059
-0.0681439
-0.00567984
0.00298111
-0.071714
0.00543281
-0.00930483
-0.0648922
-0.0102054
-0.00905341
-0.0731555
0.00238228
0.00252856
-0.0711609
0.00591889
-0.00204724
-0.0645402
-0.00750681
-0.00829916
-0.076491
-0.00759062
0.00214305
-0.0606181
0.00539929
-0.00330433
-0.0643894
-0.00862981
-0.0102937
-0.0667527
0.000873774
-0.00702531
-0.0634172
-0.00443952
0.0046237
-0.0710101
0.00305273
0.000383127
-0.068345
0.00538253
-0.00700855
-0.061188
0.000136282
-0.00615373
-0.0663002
-0.00356794
0.0040203
-0.0661158
0.00218115
-0.00102481
-0.0737756
-0.00782527
-2.76788
-2.69316
-2.75718
-2.75718
-2.77567
-2.78732
3.72778
-2.84503
-2.81421
-2.86221
-2.84977
-2.8877
-2.93953
-2.89248
-2.85379
-2.78318
-0.00298169
-0.00611854
-0.0593532
-0.0125858
-0.00573304
-0.0693597
-0.00147318
-0.00206234
-0.0622697
-0.0026297
-0.00395635
-0.0732147
-0.00787595
0.00387111
-0.063443
-0.00179164
-0.00472737
-0.0645995
-0.0148151
-0.00802932
-0.05818
-0.00229448
-0.00831426
-0.0649682
-0.0028476
-0.00880033
-0.0735667
0.00149355
0.00472593
-0.0723096
-0.00670267
0.00544666
-0.0615992
-0.00182517
0.00596626
-0.0623535
-0.00988729
-0.00873329
-0.0728292
-0.00326663
0.0070725
-0.0674154
-0.00247885
-0.00642025
-0.0709185
-0.00135585
0.00201062
-0.0731477
-0.000836256
-0.00236404
-0.06351
-0.00775862
-0.00761029
-0.0662756
-0.00790947
0.000351268
-0.0652197
-0.00651829
0.00596626
-0.0683875
-0.00304873
0.000250701
-0.0739019
-0.00299845
0.00546343
-0.0611132
-0.00341748
0.00497735
-0.071723
-0.00296492
-0.00429158
-0.072075
-0.00619983
0.00407225
-0.0718236
-0.00601546
0.00298277
-0.072846
-0.0123344
0.00289897
-0.0721923
-0.0148318
-0.00234728
-0.0592694
-0.003451
0.00615063
-0.0670634
-0.00474161
-0.000570596
-0.0676835
-0.0126696
-0.00655433
-0.0737343
-0.00417173
-0.00858244
-0.0638955
0.000638727
0.00165864
-0.0692759
0.000286743
0.00204415
-0.0587666
-0.00388679
0.00450804
-0.0727287
-0.0026297
-0.00194501
-0.0642307
-0.00948502
0.00615063
-0.072427
-0.00527797
-0.00311829
-0.0733153
-0.00100387
-0.00937021
-0.0600572
-0.00511035
-0.00643701
-0.0589342
-0.00606574
-0.00450947
-0.0691418
-0.00212687
-0.00707393
-0.0657392
-0.00549586
-0.00192825
-0.0645492
-0.00557967
-0.00891766
-0.0701307
-0.00733959
-0.00631968
-0.0651861
-0.00675295
0.00479298
-0.0596382
-0.0031493
-0.00414073
-0.0634094
-0.0111444
0.00549695
-0.0726113
-0.00472485
-0.00906851
-0.0580123
-0.00816089
-0.00908527
-0.0630575
-0.0119322
0.00450804
-0.0629401
-0.0118819
0.0042231
-0.0674489
-0.00988729
0.00601654
-0.0685384
0.000756055
-0.00378874
-0.0592359
-0.00288112
0.00175921
-0.0662253
-0.0111444
-0.00348704
-0.0687227
-0.00901571
-0.00397311
-0.0732985
-0.00145642
0.00177597
-0.0690915
-0.0103231
-0.000989625
-0.0721923
-0.00249561
0.00435719
-0.0724102
-0.0104236
-0.00538105
-0.0726951
-0.0101052
-0.000302417
-0.0699631
-0.00985377
-0.000386223
-0.0710525
-0.0107421
0.0061674
-0.0672478
-0.0131725
-0.00155951
-0.0714213
-0.0124517
-0.00948754
-0.0595711
-0.00616631
-0.000721447
-0.0656219
-0.0109432
-0.00730859
-0.0659739
0.0016444
0.00145751
-0.0651861
0.00182877
-0.00419101
-0.0686222
0.000605205
-0.000386223
-0.0730639
0.0017282
0.00630148
-0.0625546
-0.00700437
0.00380407
-0.0727622
-0.00266322
0.00418958
-0.0599734
-0.000802734
-0.00179416
-0.0610629
-0.00625011
-0.00234728
-0.0579285
-0.00519416
-0.00176064
-0.0629066
-0.00527797
0.00117257
-0.0628563
-0.00274703
-0.00481117
-0.0579118
-0.00819441
-0.0040234
-0.064566
-2.85058
-2.8294
-2.78047
-2.72181
-2.7883
-2.77157
-2.81974
3.69024
-2.81543
-2.81247
-2.84311
-2.85567
-2.90591
-2.92487
-2.89111
-2.89514
-0.0618735
-0.000372964
-0.00270397
-0.0582029
0.000817079
0.00740302
-0.0655945
-0.00530075
0.0107385
-0.0715783
-0.00692658
0.0115933
-0.0579179
-0.00191499
0.00661525
-0.0586722
-0.00152949
-0.000575297
-0.0694161
-0.00134511
0.00222382
-0.0575659
-0.00458002
0.00374909
-0.0602645
0.00083384
0.00359823
-0.0667846
0.00792382
0.00284398
-0.0576833
0.00810819
0.0056431
-0.0656783
-0.0042448
0.00596156
-0.0719973
-0.00204908
0.000447134
-0.0640357
-0.00675897
0.00814051
-0.070757
0.00897977
0.00892829
-0.0688294
0.000515378
0.00522407
-0.0632144
-0.00721152
-0.00216761
-0.0647732
-0.0032056
0.00700075
-0.0713604
-0.00302123
0.00859306
-0.0577671
-0.00236754
0.00958197
-0.0601974
0.00371676
0.00728569
-0.0586722
-0.00193175
-0.00151392
-0.0660638
-0.0065746
0.010001
-0.0582364
-0.000423248
0.0085763
-0.0583872
0.000431572
0.00641411
-0.0701368
-0.00682602
-0.00184915
-0.0626446
-0.00328941
0.00242495
-0.0654102
-0.00384253
-7.24622e-05
-0.0706564
0.00814171
0.00473799
-0.0620244
0.00852722
0.00867687
-0.0666002
0.000532139
0.00436925
-0.0638681
-0.00511638
0.00267637
-0.0675053
0.00579515
0.00762092
-0.0683936
0.00202388
0.00284398
-0.0606332
-0.00168034
0.0106044
-0.0609852
-0.00437888
-0.00194971
-0.0576497
0.00532583
0.0110402
-0.0577335
0.00651588
-0.00245255
-0.0570799
0.00254348
0.0074533
-0.0645386
-0.000557337
-0.00201676
-0.0705894
-0.00573654
0.0133868
-0.0624937
-0.00266924
-0.00251959
-0.0631809
0.00140372
0.0138225
-0.0587057
-0.00598796
0.00247524
-0.065561
0.00264405
0.00286074
-0.0730197
-0.00112722
0.00666553
-0.069282
-0.00228374
7.83883e-05
-0.066684
0.00172218
0.0119285
-0.0691144
0.00700195
0.0112413
-0.0693323
0.000817079
0.0025758
-0.0584878
-0.00556893
0.00604537
-0.0585716
0.00755507
0.00743654
-0.0675723
0.00130315
0.000849402
-0.0675221
0.00705223
-0.000709387
-0.0718297
-0.00134511
0.0116101
-0.0599795
-0.00216641
0.0132694
-0.0571804
0.00619741
0.01218
-0.0716118
-0.00468059
0.013437
-0.063315
0.0042196
0.00725217
-0.0688965
0.00192332
0.00529111
-0.0584543
-0.00419451
0.00165394
-0.0645721
0.00477272
0.00814051
-0.0699524
0.00200712
0.00329653
-0.0654772
0.00212445
-0.000407686
-0.0624099
-0.004932
0.0117777
-0.0650414
-0.00588739
0.000296284
-0.0642536
0.000733273
-0.000390924
-0.0615216
0.00701871
0.00810699
-0.0693155
-0.00553541
0.00876068
-0.0571972
0.00477272
0.00934732
-0.0667343
-0.0040269
-0.00179886
-0.0699022
-0.00699363
-0.000675864
-0.0703212
0.00592924
0.0128504
-0.0649073
-0.0057533
0.00901209
-0.0681422
0.00824228
0.00188859
-0.0589739
0.0071528
0.00931379
-0.0596611
0.00170542
0.00353119
-0.0708743
-0.00112722
0.00371556
-0.0608344
-0.00335645
-0.000457969
-0.0732544
0.00695167
-0.00107813
-2.90446
-2.85988
-2.87261
-2.84813
-2.79979
-2.82725
-2.80497
-2.79912
3.70985
-2.84499
-2.81377
-2.85441
-2.8484
-2.87775
-2.87954
-2.93833
0.00479681
-0.0568546
-0.00276107
0.00659026
-0.0634418
0.00546866
0.011803
-0.0696937
0.00960867
-0.0024943
-0.0681014
-0.00321362
0.00164571
-0.066442
-0.000548597
-0.000181253
-0.0550612
-0.000230135
0.00382467
-0.05662
-0.00292868
-0.000549999
-0.0579776
0.00677603
0.00291956
-0.063425
0.0064911
0.00846751
-0.0686712
0.00278688
-0.00160595
-0.0662074
-0.00152075
-0.000482954
-0.0687718
0.00952487
0.0106297
-0.0538376
0.0111172
-0.0008517
-0.0669951
0.0019153
-0.001673
-0.0621176
0.00779847
0.011518
-0.0605253
0.00650786
-0.00177356
-0.0687886
0.00997742
0.010747
-0.0557987
0.00975952
0.00214855
-0.0545416
0.0109496
0.000455671
-0.0569719
-0.002275
0.0104956
-0.0675147
0.00521725
0.00759593
-0.0648497
0.00285392
-0.00127073
-0.0550109
-0.0014537
-0.00189089
-0.0602571
0.0118714
0.00385819
-0.0583296
-0.00329743
0.00524937
-0.0634418
0.00359141
0.00188037
-0.061112
0.0117541
-0.00316474
-0.063006
0.00563628
-0.00103607
-0.0628216
0.0103126
0.0126913
-0.0605588
-0.00358237
0.000204254
-0.0631903
0.00887118
0.00333859
-0.0554299
0.00369198
0.000237776
-0.0541728
0.00635701
0.00967432
-0.0540555
0.0050664
0.00710986
-0.0617824
0.0054519
0.0089033
-0.0608605
4.52152e-06
-0.00117016
-0.0605421
0.00910584
0.0104118
-0.063777
0.00285392
0.00503147
-0.0555472
0.0073962
0.00172952
-0.0679002
0.00235109
0.0037241
-0.0689227
0.00903879
0.00967432
-0.0603577
0.00774818
0.00563487
-0.0679505
0.0113518
-0.00142158
-0.0670286
0.00228404
0.00218207
-0.0620171
-0.00282812
0.00866865
-0.0569384
0.0031221
0.0110655
-0.0643971
0.000289461
0.00253406
-0.0697775
0.00691012
0.00653998
-0.0572569
0.00984333
-0.000114209
-0.0650508
0.000239178
0.00992573
-0.0674142
0.0109496
0.00528289
-0.0538879
0.0091226
0.00848427
-0.0676488
0.00642405
-0.00366758
-0.0549271
0.0125084
0.0105291
-0.0552791
0.00511668
0.00534993
-0.0648162
-0.00247613
-0.000298582
-0.054441
-0.00289516
0.00940614
-0.0629054
-0.00351532
-0.00375138
-0.0655369
0.00411101
0.00917148
-0.0628719
0.0105976
0.0115683
-0.0625534
0.00950811
0.00343916
-0.0550612
0.00459708
0.0116019
-0.0606426
0.00404396
0.00628856
-0.0638775
0.0110669
0.00694224
-0.0693249
0.00716154
0.00431074
-0.0662576
-0.0025767
0.0077803
-0.061246
0.00639053
0.000455671
-0.0620673
0.00496583
0.00379114
-0.0671125
0.010849
0.00276871
-0.0558657
0.0031221
0.0020815
-0.0639949
0.0107484
0.00843399
-0.0602571
-0.000867059
0.00171276
-0.0636932
0.00984333
0.000288059
-0.0551282
0.00198234
0.00456216
-0.0668778
0.0110837
-0.00316474
-0.0628719
0.00161359
0.00392523
-0.0659057
0.00776494
0.00786411
-0.057743
0.0123743
0.00409285
-0.0542064
-0.000380985
0.00280224
-0.0579776
-0.000196613
-2.92767
-2.8681
-2.8821
-2.89179
-2.87509
-2.86804
-2.87697
-2.81882
-2.82835
3.69616
-2.83917
-2.8308
-2.84946
-2.82268
-2.84812
-2.89314
-0.00535173
0.0122739
-0.0633933
0.00408481
-0.00182225
-0.0593204
-0.00518411
0.00439614
-0.063628
-0.000708882
0.0092066
-0.0515096
0.00101752
-0.00187254
-0.0552809
0.00777227
-0.00215748
-0.0585829
0.00842596
-0.00277764
-0.0607451
0.00190586
0.0123577
-0.0509062
0.00604587
0.00396035
-0.0519957
0.00515753
0.000189087
-0.0615999
-0.00236824
0.00975972
-0.0642984
0.00519105
0.0041112
-0.0634436
0.00209023
0.00697736
-0.0605104
-0.00228443
0.0112515
-0.0593874
0.00145331
0.00848587
-0.0614155
-0.00506679
-0.000246703
-0.0593539
-0.00213358
0.00168083
-0.064466
0.00850976
-0.0012859
-0.0530182
-0.00652501
0.00694384
-0.0620189
0.00720239
-0.000581927
-0.0545937
0.00074934
0.00295468
-0.0662762
0.00723591
0.00749696
-0.0538897
-0.000558031
0.00902222
-0.0537724
0.000162699
0.00203282
-0.0631084
-0.000122241
0.0106648
-0.0595047
0.00891203
0.00716173
-0.0574431
0.00742029
0.00734611
-0.0530349
9.56543e-05
0.00598845
-0.0647845
0.00799017
0.00965915
-0.0542082
-0.0026867
0.00655833
-0.0659578
0.00212376
0.00191549
-0.053236
0.00297858
-0.00131942
-0.0558675
0.00738676
-0.00126913
-0.0651365
0.00649842
0.00287087
-0.0589181
-0.00303868
0.0129779
-0.0644325
0.00666603
0.00853615
-0.0592868
-0.00394379
0.00818417
-0.0544764
0.00964952
0.0112515
-0.0524147
-0.00618979
0.00419501
-0.0640973
-0.00667586
-0.00091715
-0.0526494
0.00363226
0.00650805
-0.0633933
0.00904612
0.00568675
-0.0526159
0.00353169
0.0123074
-0.0590689
0.000363833
0.0105475
-0.0657231
-0.00153018
0.0111341
-0.0634604
-0.00054127
0.00548562
-0.0652873
0.00198967
0.00419501
-0.0616837
0.00793988
-0.000514882
-0.055063
-0.00280403
0.00865348
-0.0651365
0.00502344
0.00179816
-0.054225
-0.0041114
0.00184844
-0.0629575
0.00197291
0.0116202
-0.0515096
0.0050402
0.00469784
-0.0547446
-0.00215034
0.0119219
-0.0540238
0.00735324
0.0119722
-0.0669132
-0.00372589
0.000289654
-0.0665947
0.00953219
-0.0030123
-0.0662092
0.00770523
0.00702765
-0.0646839
0.00447032
0.001178
-0.0628234
0.00371607
0.00759753
-0.0574096
0.00222432
0.00241832
-0.0638626
-0.00054127
0.0119219
-0.0538897
-0.00109439
0.00634044
-0.0549792
0.00418538
0.0107486
-0.0613652
0.00336408
0.0058376
-0.0664774
0.00703478
0.00608902
-0.0523477
0.00755438
0.0129779
-0.0550463
0.00814102
-0.00111828
-0.0645163
-0.00407788
-0.000397554
-0.05689
-0.00684347
0.00561971
-0.0546943
-0.00122848
0.00848587
-0.0669132
-0.00211682
-0.00118533
-0.064047
0.00671632
0.0113353
-0.0570911
0.0093143
0.00340723
-0.0652203
0.00406805
0.00104391
-0.0649689
-0.00473156
0.012827
-0.0651868
-0.00595513
0.00094334
-0.0540741
-0.00295488
0.0121901
-0.0595215
-0.00538525
-0.00210719
-0.0615496
0.00378311
0.00377598
-0.0628402
-2.84584
-2.87118
-2.86683
-2.87262
-2.88172
-2.85726
-2.86669
-2.89457
-2.84654
-2.82416
3.67033
-2.84923
-2.84388
-2.84935
-2.8316
-2.85423
-0.0515278
-0.000241201
-0.00131573
-0.0555002
0.00309427
-0.000729086
-0.054042
-0.00208493
0.00783587
-0.0560031
0.00889364
0.0135179
-0.0574948
-0.00459911
0.014842
-0.0640149
-0.00273862
-0.0011984
-0.066043
0.0032116
0.00119845
-0.0567406
-0.00471643
0.0110373
-0.0603777
0.0115587
0.000561524
-0.0556343
0.00926238
0.000879986
-0.0635624
0.00019459
0.0114563
-0.0610985
0.00326188
0.000913509
-0.0518631
0.00076447
0.013233
-0.0640149
0.00691582
0.0104674
-0.0590704
0.000797992
0.0121938
-0.0580815
-0.00216874
-0.000226251
-0.0570255
0.00780416
0.0139705
-0.0513435
-0.000526141
0.00986397
-0.067451
0.00676497
0.0123949
-0.0549304
0.0068823
-0.000561475
-0.0545449
-0.00392866
0.00371262
-0.0662944
0.00490448
0.00859013
-0.0516955
-6.54428e-06
0.0136688
-0.0595564
0.00882659
0.00339416
-0.0571596
0.00512237
0.00431603
-0.0548298
0.0115419
0.00718219
-0.0673169
-0.000207678
0.00220412
-0.0572099
0.00875955
0.0133838
-0.0639311
0.00063038
0.0053217
-0.0594559
0.00369767
0.00778559
-0.0594726
0.0103183
0.00723247
-0.0606292
-0.00364372
0.0102327
-0.0673504
-0.00426388
0.00404785
-0.0618024
0.00604424
0.0138867
-0.0670487
0.00850813
0.00689725
-0.0515781
-0.00143124
0.00051124
-0.0587016
0.0092121
0.00947847
-0.0665626
-0.00220226
0.0120764
-0.0667135
0.00213889
0.00978017
-0.0568747
0.00104941
0.00835547
-0.0527346
0.000563336
0.00699781
-0.0600593
0.00698286
0.0134844
-0.0671828
0.011324
0.00260639
-0.0608303
-0.00116307
0.0123111
-0.0635288
-0.00285594
0.0101489
-0.0569082
0.00946352
-0.00146658
-0.0557181
0.00616157
0.00334388
-0.06787
0.00922886
0.0122441
-0.062255
0.00244059
0.0139705
-0.0604615
-0.00387838
0.00275724
-0.0647692
-7.3589e-05
0.00703134
-0.0641825
0.00379824
-2.5117e-05
-0.0597743
-0.000710514
0.0114898
-0.0527514
-0.00260453
0.0135514
-0.0514273
0.00897744
0.0123279
-0.0611655
-0.00123011
0.00124873
-0.0598414
0.00257468
0.0114228
-0.0664956
-0.000123872
0.0102662
-0.0590033
0.00703315
0.000595046
-0.0582826
0.00218917
-0.00163419
-0.0515949
0.00518942
0.00921029
-0.0662944
0.0113408
0.00805377
-0.0672498
-0.000274723
0.0144733
-0.0615678
-0.00190056
0.0129145
-0.0599755
0.00646327
0.00766826
-0.0525503
0.00591015
0.00369586
-0.0635624
0.00435136
-0.00141629
-0.0617689
0.00138463
0.00761798
-0.0521312
-0.00178323
-0.000310057
-0.0540923
0.0116089
0.00537198
-0.0634953
0.0111229
0.00964608
-0.0578133
0.00346302
0.00688049
-0.0539415
0.006061
0.00619328
-0.0660933
0.00899421
-0.000460907
-0.0573943
0.00877631
0.00729952
-0.054394
0.000446007
0.000108972
-0.065272
0.0108212
0.00129902
-0.05369
0.0083908
0.00188566
-0.0593385
0.0117933
-0.000678803
-0.0659927
0.0086925
0.00808729
-2.83291
-2.81652
-2.81644
-2.82254
-2.83256
-2.85098
-2.86798
-2.84039
-2.86142
-2.86169
-2.81462
3.63454
-2.84848
-2.83539
-2.84829
-2.85305
0.0048697
-0.065568
-0.00472304
0.0137699
-0.0671939
0.00685893
0.0156304
-0.060305
0.00818306
0.00669667
-0.0658194
-0.0051756
0.0149934
-0.062551
0.00486435
0.00981424
-0.0535838
0.00343965
0.00966339
-0.0551426
0.00556832
0.0153454
-0.060657
0.00736176
0.0151946
-0.0561818
0.0035905
0.0120267
-0.059953
-0.000918258
0.00369642
-0.0601709
0.00402629
0.0151443
-0.0562991
0.00649018
0.00507083
-0.0663055
0.00473026
0.000830256
-0.0600201
0.00947367
0.00564071
-0.0554108
0.0019479
-7.48473e-05
-0.0562321
0.00360726
0.00567423
-0.0669089
0.00680864
0.0071995
-0.0552599
-0.00360005
0.00825546
-0.0597687
0.00657399
0.0108534
-0.0589809
0.00809925
0.000914062
-0.0652328
0.0102279
0.00646201
-0.0526452
0.00504872
0.00751796
-0.0591653
0.00181381
0.011725
-0.0524776
0.0093731
0.0107696
-0.0628862
0.0108313
0.000897301
-0.0638416
0.000422635
0.00597594
-0.0667413
0.00603763
0.00589213
-0.0672944
0.0105129
0.00560719
-0.0551761
-0.00425373
0.0065961
-0.0531815
0.00384191
-0.000661488
-0.0535335
0.00208199
0.0043501
-0.0641433
0.00494815
0.0102333
-0.0619476
0.00895407
0.0133676
-0.0571372
-0.00118644
0.0039646
-0.057221
-0.00227591
0.00924436
-0.0589809
0.0050152
0.0066799
-0.0680487
-0.00398555
0.00217115
-0.0664564
-0.000717124
0.00148394
-0.0664061
0.00731148
0.00354557
-0.0528798
0.00508224
0.00674695
-0.0687862
-0.0015049
9.27644e-05
-0.0641098
0.00404305
0.00999862
-0.0529301
0.00322175
0.00186945
-0.0536173
-0.00504151
0.00507083
-0.0583942
0.00714387
0.0146415
-0.0526452
-0.00246029
-0.000795578
-0.057288
-0.00368385
0.00542282
-0.0640092
-0.00497446
0.0121105
-0.0638249
0.00868589
0.00612679
-0.0561985
0.00766346
0.00503731
-0.0552096
0.00416038
0.00455124
-0.0564332
0.000992515
0.0029254
-0.055042
0.000171218
0.0028416
-0.0558633
-0.003533
0.0122111
-0.0630539
0.00436151
0.00904323
-0.065216
0.00990946
0.00902647
-0.0532318
0.00828363
0.0121608
-0.0584781
-0.00333187
0.0114736
-0.0576232
0.00617172
0.00414897
-0.053215
0.00944015
0.00641173
-0.0589306
-0.00385146
0.0147756
-0.0585451
0.00424418
0.0020203
-0.0625175
-0.00341567
0.000863778
-0.0532821
0.00923901
-9.16085e-05
-0.0553772
0.00788136
0.000629122
-0.0626348
0.00203171
0.00597594
-0.0582937
0.00174677
-0.00067825
-0.062199
-0.00329834
0.00413221
-0.0591988
-0.00170603
0.0143733
-0.0622996
-0.00192393
0.015027
-0.0666743
0.0019479
-0.000343026
-0.0530139
0.00400953
0.00366289
-0.0615453
0.00560184
0.00438362
-0.0627689
0.00511576
0.00409868
-0.0533324
0.000271785
0.00709893
-0.0623331
0.00139478
0.00399812
-0.0577238
0.00245074
0.013971
-0.0590815
-0.000448946
0.00349528
-0.0674788
0.0107978
0.0129318
-0.066691
0.00467997
-2.85429
-2.82934
-2.80353
-2.83726
-2.8072
-2.84097
-2.87114
-2.8324
-2.8344
-2.87978
-2.84787
-2.85586
3.62033
-2.8616
-2.84958
-2.86403
-0.00335867
0.00181216
-0.0564304
-0.00263794
-0.00155684
-0.0558438
-0.00278879
0.0102933
-0.0572014
0.000479639
-0.00286421
-0.0588943
-0.0049007
0.00482917
-0.0571679
0.00292677
0.0120532
-0.0639562
0.0112236
-0.00224405
-0.058073
0.00859205
0.0112822
-0.064459
0.00937982
0.00891889
-0.0592463
-0.000492508
0.00957258
-0.057721
-0.00131381
0.00922059
-0.0694036
0.00168644
0.00893565
-0.0610397
0.00475374
-0.0018753
-0.0629337
0.00440175
0.00481241
-0.0648948
-0.000174046
0.00861719
-0.064107
-0.0021351
0.00927088
-0.0671408
-0.00389503
0.00342123
-0.0579054
0.00218928
0.0121203
-0.0624141
0.00807245
0.0105615
-0.0622968
0.000881908
-0.00380284
-0.0646601
-0.0010121
0.000538308
-0.0689678
0.0109721
0.00749419
-0.056179
0.0030441
0.00124228
-0.0612911
0.00939658
0.00162778
-0.064459
0.00790484
0.00395759
-0.0562963
4.3849e-05
0.00984076
-0.0634869
0.00391568
0.00600245
-0.0578719
0.00249098
0.00571751
-0.0542012
-0.000878015
0.00603597
-0.0607883
0.00855852
0.00172835
-0.057654
-0.000442225
0.0126399
-0.0574026
0.00510572
0.00658909
-0.0624477
0.0108548
0.00623711
-0.0608554
0.0056756
-0.00316591
-0.0672414
0.00927925
0.00224795
-0.058006
-0.00367713
0.00853339
-0.0591625
-0.00262118
-0.00361846
-0.0668223
0.0112403
0.00199653
-0.0588608
0.00264183
0.00177863
-0.0602184
0.00443528
-0.000919914
-0.0699567
0.00897755
0.00167807
-0.0608554
-0.00330839
-0.00142275
-0.0558438
0.0116929
0.00600245
-0.0577378
-0.00434758
0.00906974
-0.0582238
0.00354693
-0.00254575
-0.0661519
-0.00136409
0.00266698
-0.0698561
0.00451908
0.000303651
-0.0606207
-0.003476
0.00176187
-0.0639226
0.00777075
-0.00368551
-0.0697053
0.0070165
0.0115839
-0.0578551
0.0104861
0.0110978
-0.0652468
-0.00139761
0.00853339
-0.0627829
0.00917869
0.00549961
-0.0606542
0.0112403
0.00213062
-0.0634198
0.00250774
0.00405815
-0.0627661
0.00818978
-0.00319943
-0.054
0.00361398
0.0101257
-0.0534804
-0.0043811
0.0105112
-0.0685823
-0.00158198
0.00948877
-0.056531
0.00906136
0.00316981
-0.0543353
0.00810597
-0.00348437
-0.0582406
-0.000425464
0.00253289
-0.0560449
9.41325e-05
0.00606949
-0.0638388
0.00456937
0.00658909
-0.069018
-0.00094506
-0.00408778
-0.0545532
-0.00357656
0.0115839
-0.0648278
0.00954743
0.00560018
-0.0618945
0.00450232
0.00343799
-0.0544693
0.00837415
0.00791322
-0.0606542
-0.000157285
-0.00403749
-0.068247
0.00599407
0.0118353
-0.0669229
0.0110057
0.00699136
-0.0633863
0.000529923
0.0117348
-0.0634031
0.000312028
0.00514763
-0.0677777
0.00954743
0.0120365
-0.0629673
0.00865909
0.00799703
-0.0638556
-0.00476661
0.0044269
-0.0669564
0.00721763
0.00910327
-0.0631516
0.00411681
0.00767857
-0.0661184
0.00926249
0.00551638
-0.0696885
-2.86059
-2.86771
-2.83776
-2.81477
-2.84797
-2.85559
-2.84151
-2.83755
-2.81507
-2.82507
-2.85465
-2.84619
-2.85027
3.61139
-2.83741
-2.89375
-0.0662531
-0.003498
0.00769152
-0.0582915
-0.00338067
-0.00499668
-0.0540174
0.00927401
0.00437281
-0.0617443
0.00523457
0.00174131
-0.0510339
-0.0028946
-0.00122542
-0.0599676
-0.00331363
0.00311572
-0.0672252
0.00585473
0.00202625
-0.052291
0.00771522
0.00703784
-0.0619622
-0.00443663
0.00970286
-0.063521
0.00855328
0.00841225
-0.0627332
0.00203318
0.00557962
-0.0600011
-0.00441987
0.00482536
-0.058677
-0.00141962
0.00789266
-0.0562131
0.00982713
0.0047248
-0.0656161
-0.00165427
0.00578075
-0.061275
-0.00314602
0.00489241
-0.0639735
-0.00430254
0.000718876
-0.0584256
0.00412833
0.000500981
-0.0571015
-0.00534173
0.00343419
-0.0542353
0.00845271
0.0093844
-0.066186
0.00877118
0.00319953
-0.0625153
-0.00130229
-0.00211376
-0.0542185
-0.00245881
0.00524439
-0.0585932
-0.004621
0.00422196
-0.0607554
-0.00564343
0.00648472
-0.0612415
0.000642008
-0.00566713
-0.0517379
0.00578769
0.00812731
-0.0653647
0.00764818
-0.00187911
-0.0507657
0.000591724
0.00574723
-0.0574199
-0.00639768
0.00713841
-0.0646775
0.00344112
-0.0011919
-0.061275
0.0101288
-0.00315295
-0.0545873
-0.0060457
0.00313249
-0.0660687
0.00895555
-0.000437645
-0.057906
-0.00265994
0.00383645
-0.0547717
0.00268687
0.00857987
-0.0598838
0.00206671
0.00775857
-0.059029
-0.00612951
0.00378617
-0.0582412
0.00531837
-0.00601911
-0.0521569
0.002888
0.00556286
-0.0627667
-0.000279857
0.00487565
-0.0514529
0.00841919
-0.00405806
-0.0512015
0.0094081
-0.004343
-0.0606716
-0.00562667
0.00214358
-0.0581407
0.00863709
-0.00122542
-0.057554
-0.000363663
-0.00399101
-0.062398
0.000222978
0.00256261
-0.0648954
0.00905612
0.00744011
-0.0643758
0.010045
-0.000890196
-0.0507825
0.0019829
-0.00499668
-0.0601855
0.0043127
-0.00353846
-0.0573194
0.00121189
0.00428901
-0.058677
-0.00276051
-0.000957241
-0.059029
0.00151359
0.00687023
-0.0587776
-0.000983826
-0.00226461
-0.0557773
0.00409481
0.00422196
-0.060219
0.00897231
0.00205977
-0.0588279
0.00841919
0.00921679
-0.0546879
0.00297181
-0.00166121
-0.0632193
0.00644137
0.00670261
-0.0523748
-0.00128553
-0.00658899
-0.0536654
0.00794988
0.00512706
-0.0512686
0.0050502
0.00323305
-0.0651636
0.00784931
0.00636739
-0.0634372
0.00924049
0.00125523
-0.0572188
-0.00244205
0.00868043
-0.0646105
0.00149683
-0.000588495
-0.0609398
-0.000129006
-0.00147684
-0.0570679
0.00997798
0.00373589
-0.0562131
-0.00612951
-0.00385692
-0.0530117
0.00679336
0.00564666
-0.055241
-0.00314602
-0.00650519
-0.0583418
-0.00309573
0.00179159
-0.0535984
-0.00150342
0.00318277
-0.0636718
-0.00145314
-0.00152712
-0.0526262
0.00215051
0.00992076
-0.0589452
0.00179853
0.00159046
-0.0660016
-0.0062636
-0.00238194
-0.0524754
0.00920697
0.00564666
-0.0640909
-0.000732408
-0.00355522
-2.87018
-2.84795
-2.87857
-2.87259
-2.88083
-2.87256
-2.86658
-2.83462
-2.87336
-2.85511
-2.84843
-2.86853
-2.86505
-2.82715
3.61883
-2.86945
0.00720477
-0.0664643
0.00408809
0.0122164
-0.0546811
0.00641789
0.00174063
-0.0591899
-0.00244877
0.00219318
-0.0570612
0.0079264
0.0114286
-0.0539269
-0.00590157
0.00329941
-0.0540777
0.00635085
0.00971894
-0.0660955
-0.00358853
0.0148646
-0.0533738
0.00772526
0.00894793
-0.0644529
-0.00663906
0.0100709
-0.0617879
0.005077
-0.00134343
-0.060799
-0.00486238
0.00634995
-0.0616203
0.000819661
0.0107581
-0.0607655
-0.00576748
0.0120152
-0.066414
-0.00759445
-0.000605938
-0.0544297
0.00633409
0.00963514
-0.0587374
0.00557983
0.00465707
-0.0582848
-0.000873217
0.0016233
-0.0612515
-0.00725922
0.00871327
-0.0589217
-0.00244877
-0.000890878
-0.0545135
-0.000655322
0.0122331
-0.0531224
0.00375287
0.0134902
-0.0610504
0.00836219
0.0149484
-0.0552343
0.0011046
0.00668517
-0.0532397
-0.00367233
0.00666841
-0.0549326
-0.00704133
0.00510962
-0.0507926
0.00319975
0.00147245
-0.0632126
-0.00218059
0.00125455
-0.0543794
0.00269691
0.0125013
-0.0623745
0.0058983
0.00759027
-0.0654753
0.00581449
0.0134734
-0.0552343
-0.00197945
0.0149987
-0.0631623
0.0022276
0.00398662
-0.0611007
0.000601766
0.0138254
-0.0639333
0.00682016
0.0101883
-0.0628103
0.00465797
0.00460679
-0.0585362
-0.000923501
0.00324913
-0.0527201
-0.00321978
0.0120152
-0.0669503
-0.00424221
0.0039531
-0.0565752
0.00311594
-0.000823834
-0.0619555
-0.00514732
0.00331618
-0.064587
0.00623352
0.00430509
-0.061922
-0.00538197
0.0113951
-0.0553013
0.00157391
0.0150658
-0.0629612
0.00725595
0.0110263
-0.0659949
-0.0042925
0.00557893
-0.0546141
-0.00223087
0.00529399
-0.0642183
-0.00358853
0.00923287
-0.0576646
0.000886706
0.00251164
-0.0578825
-0.00784586
0.00993684
-0.0620561
-0.00350472
0.0107246
-0.0664307
-0.000169248
0.00715448
-0.0604135
0.00390372
0.012099
-0.0588882
-0.0042925
0.0126857
-0.0623913
0.00407133
0.0134734
-0.0522843
0.00231141
0.0101715
-0.0529715
0.00397076
0.00854566
-0.0643188
-0.00368909
0.00336646
-0.0576311
-0.00672287
0.0096519
-0.0512786
-0.00687372
0.00795902
-0.0589385
0.00698777
0.00418776
-0.0599609
0.00107108
0.0145629
-0.0578322
0.00715538
0.0103894
-0.062341
0.00834543
0.00145569
-0.0650396
-0.00139281
0.0143115
-0.0664643
-0.0023482
0.0100709
-0.065006
0.00842923
0.0071042
-0.0506082
-0.00378966
0.0127862
-0.0549158
-0.00320302
0.00968542
-0.0655927
-0.00389023
0.011613
-0.0564914
-0.00115816
0.0014054
-0.0549661
-0.00238172
0.00574655
-0.0654418
-0.00595185
0.00626614
-0.0574803
0.000869945
0.0130209
-0.0647379
-0.00109111
0.00804283
-0.0561058
0.00599886
0.0103726
-0.0559885
-0.00226439
0.00981951
-0.0505747
-0.00308569
0.0149652
-0.0546141
-0.00464448
0.00207585
-0.0596592
-0.0077453
0.0144624
-0.0615532
-0.000186009
-2.85819
-2.81497
-2.86668
-2.88852
-2.84678
-2.85814
-2.90211
-2.83879
-2.84429
-2.86677
-2.84017
-2.84303
-2.87798
-2.84974
-2.82702
3.58872
0.00576217
0.0107137
-0.0638473
0.0064829
0.000908427
-0.0655402
-0.00144513
-0.00319806
-0.0624729
0.00665051
0.0109987
-0.0684566
0.0106564
0.005149
-0.0668643
-0.00471356
-0.000633601
-0.0637299
0.00814226
0.00236665
-0.0705853
-0.00414368
-0.00475685
-0.0728145
-0.000942297
0.00990918
-0.0654563
-0.00384198
0.0110992
-0.0722446
0.0110252
0.00176325
-0.0579138
0.00423691
0.0104623
-0.0608135
-0.0040934
-0.00383499
-0.0610984
0.000784104
-0.000499512
-0.072848
-0.00459623
0.00370754
-0.0708534
0.00819254
0.0097248
-0.0587351
-0.00335591
0.000791098
-0.0701495
-0.00330562
-3.0199e-05
-0.0616516
0.0110252
0.00913816
-0.0588524
0.00289601
0.00804869
-0.0716747
-0.00462975
0.0076967
-0.0688756
0.00802493
-0.00452219
-0.0627913
0.00519229
-0.00366737
-0.0644172
0.00282897
-0.00462276
-0.060076
0.00978485
0.0045456
-0.0599587
0.00165569
0.00600382
-0.0631265
0.00847748
0.00270187
-0.0677023
0.00490735
0.00362374
-0.0726134
-0.00462975
-0.000885019
-0.0678029
0.00118637
-0.00237676
-0.0602436
-0.00486441
0.0067916
-0.067233
0.00296306
0.0101271
-0.067585
-0.00201501
0.00535014
-0.0591541
0.00353294
-0.00432106
-0.0726469
0.00230937
0.00967452
-0.0679705
-0.000322133
0.00979185
-0.0586681
-0.00181388
0.00219904
-0.0737028
0.011109
0.00352317
-0.0657413
0.0114945
-0.00286284
-0.0629422
0.000415358
0.00529985
-0.0671827
-0.00308773
-0.0043043
-0.0701495
4.66125e-05
0.00600382
-0.0643334
0.0108911
0.00471321
-0.0691773
-0.00219938
-0.000667124
-0.0592044
0.0106564
0.0117194
-0.0710211
-0.00350676
-0.00371766
-0.0631936
0.00224233
0.00478026
-0.0638808
0.00470622
0.00234989
-0.0722781
0.00308038
0.00803192
-0.0645177
-0.002367
-0.00150518
-0.0578971
-0.00385874
0.00846772
-0.0626069
-0.0044789
0.00174649
-0.0625567
0.00529286
-0.00450543
-0.0672666
0.00225909
-0.00465628
-0.071373
0.00210824
0.00947339
-0.0624058
0.0036335
-0.00220915
-0.0710713
0.00951667
0.00575241
-0.0722949
0.00742153
-0.00365061
-0.0647356
0.00780704
0.000154174
-0.0628751
-0.00246756
0.0028192
-0.0589363
0.0109246
0.00836715
-0.0594894
0.00185682
-0.00492446
-0.0662776
-0.00352352
0.00853476
-0.0727307
0.00792436
0.0113339
-0.0741554
0.0101871
0.000120652
-0.06197
0.00675108
0.00291977
-0.059238
0.00847748
-0.00225943
-0.067166
0.00651642
0.00134422
-0.0582658
-0.00261841
0.00166268
-0.0624393
0.0058795
0.00124365
-0.0646686
0.00237642
0.0016962
-0.0708534
-0.00347323
0.00999298
-0.0721441
0.00576217
0.00293653
-0.0618359
0.00366703
0.0102947
-0.0692947
0.00847748
-0.00440486
-0.0695796
0.00115285
0.00080786
-0.0605453
0.00703602
-0.00423725
-0.0716915
0.0033318
-0.00130405
-0.0635959
0.000901432
0.00571888
-0.0693785
-0.00280279
-0.00381822
-0.0640987
-0.233763
-0.244987
-0.308227
-0.562579
-1.04655
-1.13835
-1.62661
-1.36806
-1.17534
-1.66668
-1.37834
-1.19719
-1.69226
-1.39489
-1.20014
-1.69342
-0.795875
-0.663641
-1.05251
-0.809636
-0.670094
-1.04079
-0.81153
-0.669105
-1.03799
-0.810138
-0.673413
-1.05229
-0.801305
-0.66706
-1.05231
-0.80635
-0.670563
-1.04475
-0.797249
-0.657774
-1.0445
-0.798137
-0.657255
-1.03774
-0.805127
-0.667127
-1.0458
-0.805881
-0.662451
-1.05433
-0.801205
-0.662535
-1.04349
-0.806384
-0.671938
-1.04532
-0.810826
-0.66706
-1.04802
-0.801389
-0.670295
-1.05038
-0.808781
-0.657774
-1.05361
-0.799746
-0.658864
-1.0474
-0.796545
-0.657607
-1.04674
-0.807356
-0.673312
-1.05058
-0.808982
-0.659316
-1.05073
-0.798741
-0.664965
-1.04036
-0.808546
-0.672826
-1.04346
-0.807155
-0.6593
-1.0414
-0.79792
-0.661529
-1.04771
-0.810205
-0.663691
-1.05195
-0.798422
-0.657741
-1.04714
-0.810708
-0.673312
-1.05313
-0.795439
-0.660523
-1.04577
-0.810273
-0.668585
-1.05363
-0.80573
-0.668133
-1.04909
-0.804875
-0.667345
-1.03952
-0.800601
-0.662736
-1.04745
-0.802965
-0.67053
-1.04431
-0.808747
-0.658948
-1.03843
-0.802529
-0.667412
-1.05286
-0.806836
-0.66106
-1.05368
-0.797802
-0.671133
-1.05162
-0.795405
-0.663708
-1.04332
-0.795891
-0.666675
-1.04502
-0.811194
-0.658177
-1.04383
-0.810205
-0.673212
-1.04579
-0.802311
-0.666725
-1.04714
-0.797433
-0.671569
-1.05112
-0.81153
-0.657842
-1.05127
-0.807188
-0.664026
-1.03982
-0.795405
-0.661697
-1.05284
-0.807155
-0.664395
-1.04126
-0.807708
-0.667697
-1.04061
-0.800819
-0.666105
-1.04284
-0.810624
-0.668066
-1.03816
-0.810976
-0.660708
-1.04428
-0.807507
-0.668569
-1.04135
-0.809602
-0.661613
-1.03767
-0.810289
-0.658344
-1.04037
-0.807691
-0.664663
-1.05025
-0.806367
-0.657104
-1.05281
-0.809535
-0.670262
-1.05169
-0.810222
-0.667529
-1.04339
-0.808429
-0.668083
-1.05273
-0.796377
-0.667362
-1.04282
-0.810943
-0.658529
-1.03861
-0.795942
-0.672156
-1.05056
-0.809166
-0.666809
-1.05185
-0.80154
-0.669038
-1.04611
-0.802562
-0.657657
-1.04954
-0.796143
-0.67182
-1.05076
-0.811245
-0.665669
-1.04776
-0.808446
-0.667228
-1.05301
-0.807993
-0.658931
-1.04277
-0.796612
-0.669071
-1.05097
-0.795757
-0.671368
-1.05373
-0.803015
-0.658713
-1.0453
-0.805244
-0.660607
-1.04176
-0.801909
-0.664177
-1.04366
-0.809904
-0.665133
-1.04897
-0.799462
-0.659182
-1.04617
-0.797668
-0.671804
-1.04103
-0.809351
-0.662099
-1.0389
-0.801523
-0.663054
-1.04944
-0.808915
-0.664613
-1.05241
-0.804708
-0.661009
-1.04874
-0.246405
-0.247189
-0.324855
-0.571306
-0.960387
-1.13911
-1.63866
-1.37633
-1.1838
-1.67891
-1.38977
-1.206
-1.70076
-1.40301
-1.20497
-1.70539
-0.807794
-0.666492
-1.06266
-0.814716
-0.669325
-1.05658
-0.81594
-0.679197
-1.05244
-0.805028
-0.674387
-1.05319
-0.811884
-0.67018
-1.0571
-0.80285
-0.677303
-1.05718
-0.815605
-0.668805
-1.05465
-0.818639
-0.668688
-1.04696
-0.813694
-0.678426
-1.04845
-0.803185
-0.667313
-1.06261
-0.808699
-0.670079
-1.0633
-0.814951
-0.671973
-1.05641
-0.814566
-0.677689
-1.05643
-0.806604
-0.678376
-1.05477
-0.817348
-0.676985
-1.05452
-0.803621
-0.67204
-1.05326
-0.818521
-0.666626
-1.05998
-0.805867
-0.671873
-1.061
-0.816074
-0.669811
-1.05123
-0.80704
-0.67023
-1.04984
-0.803704
-0.677555
-1.06018
-0.816527
-0.666442
-1.04793
-0.809437
-0.666928
-1.05545
-0.805096
-0.672442
-1.0495
-0.81718
-0.66904
-1.05354
-0.81646
-0.662754
-1.05376
-0.808565
-0.669275
-1.04801
-0.817901
-0.672644
-1.04997
-0.80585
-0.668705
-1.05643
-0.817733
-0.678778
-1.05249
-0.816409
-0.675242
-1.06109
-0.804023
-0.679147
-1.05929
-0.815437
-0.676281
-1.04885
-0.817398
-0.672543
-1.0602
-0.810576
-0.668738
-1.05418
-0.816694
-0.669425
-1.05587
-0.803436
-0.671789
-1.05227
-0.810224
-0.669258
-1.05758
-0.818018
-0.672426
-1.05706
-0.811264
-0.677404
-1.06144
-0.803503
-0.668235
-1.05904
-0.812035
-0.674554
-1.04773
-0.809772
-0.676113
-1.06223
-0.817901
-0.665537
-1.05507
-0.811347
-0.669107
-1.05643
-0.812504
-0.677705
-1.05101
-0.807023
-0.664514
-1.0572
-0.808582
-0.665604
-1.04803
-0.81423
-0.674001
-1.04724
-0.80533
-0.675761
-1.0496
-0.81527
-0.663643
-1.04895
-0.803553
-0.669828
-1.04783
-0.811213
-0.664414
-1.05884
-0.807543
-0.67261
-1.05892
-0.81118
-0.674303
-1.05291
-0.807911
-0.665604
-1.05339
-0.804576
-0.67199
-1.05716
-0.811901
-0.676163
-1.05175
-0.81299
-0.670213
-1.05928
-0.807844
-0.67318
-1.05252
-0.809738
-0.672593
-1.05616
-0.813845
-0.673683
-1.05329
-0.810509
-0.672023
-1.05197
-0.808582
-0.674588
-1.05889
-0.813828
-0.665151
-1.05864
-0.818471
-0.672409
-1.05001
-0.808431
-0.672761
-1.05123
-0.815219
-0.677739
-1.04957
-0.815906
-0.665621
-1.05938
-0.811297
-0.676901
-1.0553
-0.813996
-0.669342
-1.06001
-0.806705
-0.668017
-1.04709
-0.810074
-0.675208
-1.05623
-0.818069
-0.665034
-1.04974
-0.814063
-0.671286
-1.05217
-0.80409
-0.670498
-1.04743
-0.810007
-0.668168
-1.04986
-0.817599
-0.670062
-1.05504
-0.8148
-0.67028
-1.0576
-0.815152
-0.663324
-1.05286
-0.246017
-0.233274
-0.299316
-0.588605
-1.01613
-1.11477
-1.61041
-1.36472
-1.17419
-1.65984
-1.3744
-1.18899
-1.68197
-1.3917
-1.19503
-1.68746
-0.796376
-0.657338
-1.03897
-0.806651
-0.665132
-1.04375
-0.803718
-0.670311
-1.03867
-0.797633
-0.670194
-1.03554
-0.793359
-0.657807
-1.04856
-0.802964
-0.66064
-1.03684
-0.797483
-0.656701
-1.03391
-0.807355
-0.662081
-1.04217
-0.793024
-0.666724
-1.04568
-0.792706
-0.655075
-1.04965
-0.8064
-0.663607
-1.0384
-0.791734
-0.657053
-1.03581
-0.798455
-0.655796
-1.03596
-0.801891
-0.664528
-1.03953
-0.802578
-0.669037
-1.04584
-0.79636
-0.664629
-1.03976
-0.802142
-0.663104
-1.04273
-0.80759
-0.664059
-1.04549
-0.794332
-0.659182
-1.0435
-0.803131
-0.658394
-1.04184
-0.795907
-0.660087
-1.04105
-0.806182
-0.660774
-1.04087
-0.807539
-0.668501
-1.04906
-0.796494
-0.664763
-1.04472
-0.796108
-0.661227
-1.04554
-0.80759
-0.658293
-1.04026
-0.803181
-0.654489
-1.03586
-0.80407
-0.660137
-1.03688
-0.79403
-0.657137
-1.03354
-0.795857
-0.65474
-1.04087
-0.802846
-0.655762
-1.04102
-0.803064
-0.661411
-1.04928
-0.805226
-0.660824
-1.04688
-0.804506
-0.6654
-1.03637
-0.792052
-0.661059
-1.03586
-0.793745
-0.658394
-1.04667
-0.804087
-0.653919
-1.04521
-0.80122
-0.654874
-1.03926
-0.803919
-0.665685
-1.03646
-0.80655
-0.663824
-1.03319
-0.807506
-0.662433
-1.03374
-0.802226
-0.6595
-1.03436
-0.795538
-0.670177
-1.04082
-0.792806
-0.656785
-1.04667
-0.798589
-0.664109
-1.04816
-0.794784
-0.661713
-1.04006
-0.795605
-0.656031
-1.03565
-0.799712
-0.669456
-1.03547
-0.791817
-0.658411
-1.03549
-0.800081
-0.663791
-1.03825
-0.799427
-0.657975
-1.04095
-0.806886
-0.668585
-1.03473
-0.797382
-0.654589
-1.04963
-0.800148
-0.668283
-1.03912
-0.795471
-0.656299
-1.04678
-0.806148
-0.661545
-1.03963
-0.802008
-0.662165
-1.04742
-0.794985
-0.65588
-1.04791
-0.79165
-0.661998
-1.04511
-0.807824
-0.65826
-1.03741
-0.802746
-0.669205
-1.04856
-0.793309
-0.659433
-1.04583
-0.796812
-0.665819
-1.04584
-0.791264
-0.656584
-1.03802
-0.804288
-0.661092
-1.04112
-0.805981
-0.658025
-1.0412
-0.803181
-0.667495
-1.04001
-0.807154
-0.666305
-1.03715
-0.799259
-0.659282
-1.0491
-0.805109
-0.666003
-1.03376
-0.807807
-0.656165
-1.0429
-0.793946
-0.657925
-1.0348
-0.801874
-0.655192
-1.03334
-0.796058
-0.657757
-1.04683
-0.807606
-0.659852
-1.03813
-0.793343
-0.662685
-1.03822
-0.800734
-0.665182
-1.04923
-0.797466
-0.662115
-1.03886
-0.805796
-0.66488
-1.03552
-0.792605
-0.661411
-1.04579
-0.245851
-0.255331
-0.316126
-0.561721
-1.01994
-1.13973
-1.62715
-1.37848
-1.18594
-1.67769
-1.38561
-1.21018
-1.70613
-1.40609
-1.20655
-1.70468
-0.809788
-0.679065
-1.05555
-0.813895
-0.66393
-1.05671
-0.806269
-0.668573
-1.05994
-0.811448
-0.673149
-1.04782
-0.80476
-0.67873
-1.05052
-0.813426
-0.666411
-1.0549
-0.807811
-0.66931
-1.06229
-0.804542
-0.672411
-1.05017
-0.803084
-0.674909
-1.05636
-0.803838
-0.670635
-1.04719
-0.80305
-0.669243
-1.06061
-0.809571
-0.678915
-1.04876
-0.80476
-0.66693
-1.06165
-0.803905
-0.66279
-1.05315
-0.812638
-0.67092
-1.05143
-0.805481
-0.670668
-1.05634
-0.818236
-0.673166
-1.05233
-0.802497
-0.678009
-1.04759
-0.813644
-0.670316
-1.05726
-0.809571
-0.664433
-1.05399
-0.81656
-0.66331
-1.06018
-0.816376
-0.670433
-1.04699
-0.817733
-0.675613
-1.05237
-0.818756
-0.669729
-1.05848
-0.816895
-0.665388
-1.05287
-0.807593
-0.666344
-1.05617
-0.805732
-0.675814
-1.04989
-0.813996
-0.665103
-1.04608
-0.807576
-0.675378
-1.04958
-0.812085
-0.66869
-1.04819
-0.81894
-0.669847
-1.06135
-0.812722
-0.67402
-1.05687
-0.80952
-0.678127
-1.06132
-0.814968
-0.674121
-1.05845
-0.80533
-0.675948
-1.05605
-0.812655
-0.673015
-1.05077
-0.812001
-0.663846
-1.05092
-0.809135
-0.663461
-1.05034
-0.805263
-0.669981
-1.06108
-0.818622
-0.678311
-1.06076
-0.806302
-0.675445
-1.05622
-0.813225
-0.672244
-1.05456
-0.811096
-0.666159
-1.05029
-0.816543
-0.671808
-1.05815
-0.816158
-0.67283
-1.05186
-0.815973
-0.678077
-1.05691
-0.810761
-0.674272
-1.06095
-0.802665
-0.667316
-1.0487
-0.802414
-0.669143
-1.05528
-0.817784
-0.664735
-1.05872
-0.808146
-0.67273
-1.05793
-0.808632
-0.67516
-1.04689
-0.811062
-0.665858
-1.05924
-0.803101
-0.668958
-1.05114
-0.807408
-0.66864
-1.05237
-0.81594
-0.6645
-1.05982
-0.817163
-0.663243
-1.05971
-0.8088
-0.66983
-1.04625
-0.814046
-0.668841
-1.0468
-0.816677
-0.665506
-1.05855
-0.806369
-0.677255
-1.05749
-0.803637
-0.675797
-1.05624
-0.814515
-0.664751
-1.05156
-0.806688
-0.666243
-1.05902
-0.815688
-0.669009
-1.06145
-0.814029
-0.667416
-1.05899
-0.807341
-0.671657
-1.05994
-0.818152
-0.676367
-1.05989
-0.817499
-0.675244
-1.04891
-0.81651
-0.673652
-1.04846
-0.804995
-0.678831
-1.05129
-0.818085
-0.670266
-1.04843
-0.814616
-0.675579
-1.05408
-0.80585
-0.666478
-1.06113
-0.817398
-0.668707
-1.05552
-0.810643
-0.672478
-1.05694
-0.81294
-0.679267
-1.06085
-0.814901
-0.679149
-1.0494
-0.802447
-0.66864
-1.05438
-0.809906
-0.667584
-1.04843
-0.231327
-0.243224
-0.309473
-0.624173
-1.00687
-1.13075
-1.62005
-1.36524
-1.17114
-1.66042
-1.37276
-1.19505
-1.68666
-1.39
-1.19278
-1.68854
-0.801573
-0.667138
-1.04032
-0.803802
-0.665277
-1.04805
-0.804757
-0.665629
-1.03827
-0.796125
-0.666048
-1.04855
-0.805528
-0.662512
-1.04615
-0.806551
-0.660651
-1.04221
-0.794231
-0.653897
-1.04505
-0.799277
-0.665713
-1.0344
-0.802377
-0.655204
-1.04099
-0.792136
-0.670105
-1.04228
-0.802478
-0.655975
-1.04605
-0.808194
-0.664171
-1.04882
-0.792924
-0.663316
-1.03784
-0.802662
-0.667758
-1.03739
-0.80107
-0.657517
-1.04357
-0.799277
-0.656193
-1.04473
-0.797684
-0.654936
-1.05024
-0.796427
-0.663937
-1.04255
-0.79993
-0.655439
-1.04806
-0.799612
-0.654383
-1.04479
-0.802444
-0.65621
-1.04548
-0.808562
-0.662395
-1.03564
-0.793561
-0.66811
-1.04853
-0.793913
-0.670138
-1.03843
-0.799561
-0.668211
-1.04193
-0.799645
-0.664741
-1.03732
-0.802344
-0.663752
-1.04565
-0.79331
-0.665378
-1.04788
-0.794131
-0.65983
-1.03744
-0.795287
-0.659042
-1.03792
-0.801472
-0.658858
-1.04411
-0.805311
-0.66625
-1.04647
-0.792723
-0.663652
-1.03683
-0.805277
-0.66568
-1.0455
-0.792153
-0.659729
-1.0368
-0.802294
-0.662562
-1.03755
-0.808344
-0.665596
-1.04267
-0.795421
-0.666954
-1.04342
-0.804154
-0.66516
-1.048
-0.80397
-0.670138
-1.04647
-0.797818
-0.665395
-1.04354
-0.801523
-0.662059
-1.0392
-0.804087
-0.655707
-1.04619
-0.794382
-0.654919
-1.03621
-0.800835
-0.670155
-1.04575
-0.793142
-0.660249
-1.04329
-0.805093
-0.659662
-1.05014
-0.795656
-0.67054
-1.0344
-0.799561
-0.664322
-1.03951
-0.80407
-0.662327
-1.03598
-0.800869
-0.665093
-1.03868
-0.803769
-0.661489
-1.03782
-0.800835
-0.667205
-1.0491
-0.794617
-0.669233
-1.04168
-0.800534
-0.663551
-1.04196
-0.80464
-0.657266
-1.04982
-0.808545
-0.661908
-1.04957
-0.792136
-0.662327
-1.03786
-0.806098
-0.659729
-1.03667
-0.807657
-0.666853
-1.03501
-0.801774
-0.65393
-1.03851
-0.807221
-0.666149
-1.03712
-0.805361
-0.660467
-1.04733
-0.805445
-0.658741
-1.03507
-0.801573
-0.663786
-1.03576
-0.80407
-0.655757
-1.0392
-0.807976
-0.654232
-1.03801
-0.792907
-0.657199
-1.04278
-0.806467
-0.666669
-1.04293
-0.801992
-0.665881
-1.04208
-0.792622
-0.666903
-1.03485
-0.802092
-0.660216
-1.03561
-0.795941
-0.65507
-1.04635
-0.798036
-0.668093
-1.04027
-0.801942
-0.655036
-1.049
-0.806584
-0.654114
-1.03943
-0.794265
-0.656746
-1.04615
-0.808696
-0.665479
-1.0402
-0.796779
-0.662344
-1.0362
-0.806786
-0.659679
-1.04191
-0.231926
-0.266104
-0.288887
-0.593196
-1.01308
-1.1329
-1.61518
-1.36923
-1.17838
-1.66389
-1.37735
-1.19745
-1.69039
-1.39062
-1.19425
-1.6913
-0.796241
-0.660654
-1.04556
-0.797934
-0.660939
-1.04041
-0.796073
-0.661157
-1.03775
-0.796827
-0.663319
-1.0436
-0.797515
-0.670912
-1.04924
-0.803901
-0.668649
-1.04906
-0.808879
-0.660419
-1.04036
-0.802258
-0.661375
-1.04018
-0.798654
-0.65757
-1.0528
-0.795922
-0.671934
-1.05074
-0.795671
-0.657
-1.0529
-0.809164
-0.671633
-1.04091
-0.804219
-0.661392
-1.04039
-0.808862
-0.665297
-1.04249
-0.803247
-0.667928
-1.05283
-0.804269
-0.658291
-1.04339
-0.79852
-0.669236
-1.05025
-0.800079
-0.66885
-1.04122
-0.805325
-0.670409
-1.04646
-0.800716
-0.664392
-1.04185
-0.805694
-0.667023
-1.03838
-0.810203
-0.666906
-1.05121
-0.798956
-0.657469
-1.0405
-0.794749
-0.657754
-1.04567
-0.796241
-0.65757
-1.04918
-0.806247
-0.661073
-1.05074
-0.806666
-0.668264
-1.03694
-0.802057
-0.663587
-1.04132
-0.794967
-0.671314
-1.04442
-0.80551
-0.656045
-1.04946
-0.808476
-0.655994
-1.04251
-0.802392
-0.669286
-1.05157
-0.807907
-0.656497
-1.03751
-0.807856
-0.670325
-1.03692
-0.799694
-0.657402
-1.04807
-0.795084
-0.663185
-1.05137
-0.806767
-0.663805
-1.05005
-0.804303
-0.657117
-1.05201
-0.807404
-0.662699
-1.04452
-0.795017
-0.664593
-1.05144
-0.795704
-0.659581
-1.03711
-0.799543
-0.665096
-1.0435
-0.810823
-0.672018
-1.04231
-0.799107
-0.659028
-1.03703
-0.810655
-0.666621
-1.04951
-0.798135
-0.666101
-1.0386
-0.804051
-0.669001
-1.05055
-0.806147
-0.669956
-1.04286
-0.801873
-0.666286
-1.0414
-0.797263
-0.664157
-1.03706
-0.807069
-0.663302
-1.03641
-0.808895
-0.663721
-1.04011
-0.796174
-0.670107
-1.04388
-0.808057
-0.660872
-1.03927
-0.799358
-0.663369
-1.04613
-0.804672
-0.671029
-1.04313
-0.795704
-0.662799
-1.04261
-0.801018
-0.663621
-1.05127
-0.79728
-0.6629
-1.04526
-0.796425
-0.669889
-1.04561
-0.80261
-0.666889
-1.04978
-0.797062
-0.655777
-1.03874
-0.805661
-0.658542
-1.04693
-0.804135
-0.670225
-1.04407
-0.797314
-0.667761
-1.04489
-0.797665
-0.670996
-1.0439
-0.801034
-0.660218
-1.03922
-0.798302
-0.66171
-1.04695
-0.802476
-0.660855
-1.04495
-0.799878
-0.662079
-1.04718
-0.800163
-0.665381
-1.0468
-0.806013
-0.658023
-1.05157
-0.797984
-0.660386
-1.04663
-0.81094
-0.666168
-1.03947
-0.802509
-0.669739
-1.04324
-0.808627
-0.672303
-1.05271
-0.808644
-0.65938
-1.04656
-0.795453
-0.668113
-1.04383
-0.802442
-0.662431
-1.04505
-0.810706
-0.662045
-1.03709
-0.236623
-0.242184
-0.340983
-0.584473
-1.02612
-1.12936
-1.61886
-1.3744
-1.18196
-1.67335
-1.38055
-1.2015
-1.69838
-1.39711
-1.20011
-1.69898
-0.806074
-0.670644
-1.04394
-0.811521
-0.664895
-1.04201
-0.803358
-0.666186
-1.04189
-0.811085
-0.673041
-1.05204
-0.7989
-0.658777
-1.04924
-0.798984
-0.670862
-1.04422
-0.808789
-0.666387
-1.04853
-0.811957
-0.673376
-1.04714
-0.810096
-0.671314
-1.05266
-0.808705
-0.674281
-1.05408
-0.805772
-0.661627
-1.05383
-0.805051
-0.670895
-1.05002
-0.805604
-0.661325
-1.04696
-0.798313
-0.663487
-1.04315
-0.797928
-0.6629
-1.04598
-0.808068
-0.673242
-1.05559
-0.810364
-0.66099
-1.04676
-0.801062
-0.662347
-1.04094
-0.808588
-0.665113
-1.04686
-0.799553
-0.664057
-1.04842
-0.810968
-0.673259
-1.05004
-0.807968
-0.664426
-1.05254
-0.800878
-0.671482
-1.05618
-0.802034
-0.674181
-1.05492
-0.797492
-0.673058
-1.05225
-0.803207
-0.670259
-1.05435
-0.797458
-0.666856
-1.04082
-0.805185
-0.667811
-1.0523
-0.805604
-0.659716
-1.05406
-0.813599
-0.662817
-1.04074
-0.80195
-0.661425
-1.05095
-0.797475
-0.674449
-1.04097
-0.805269
-0.667694
-1.05185
-0.804414
-0.668515
-1.0459
-0.80671
-0.674097
-1.04484
-0.806258
-0.672102
-1.05606
-0.81365
-0.670443
-1.05165
-0.805688
-0.658794
-1.03993
-0.811471
-0.673628
-1.05591
-0.806995
-0.658894
-1.0454
-0.812242
-0.664074
-1.0481
-0.805755
-0.673611
-1.04805
-0.798263
-0.664979
-1.04391
-0.800626
-0.658693
-1.05204
-0.807616
-0.674197
-1.04575
-0.801799
-0.67113
-1.04516
-0.808118
-0.667996
-1.04478
-0.804984
-0.657822
-1.05465
-0.799905
-0.658442
-1.04944
-0.800794
-0.673343
-1.04255
-0.811404
-0.667526
-1.05638
-0.799822
-0.674114
-1.04614
-0.798498
-0.662934
-1.04387
-0.813331
-0.662817
-1.04034
-0.810264
-0.662364
-1.0484
-0.809543
-0.663588
-1.05385
-0.801783
-0.661124
-1.04407
-0.805353
-0.670929
-1.05529
-0.805772
-0.672622
-1.05021
-0.804113
-0.666873
-1.05324
-0.798498
-0.660118
-1.04723
-0.811052
-0.66456
-1.04168
-0.805034
-0.659146
-1.05564
-0.806191
-0.670292
-1.04486
-0.79843
-0.658442
-1.04474
-0.805085
-0.670929
-1.05274
-0.810599
-0.661224
-1.05209
-0.798347
-0.659498
-1.05297
-0.801045
-0.657973
-1.04347
-0.802738
-0.665364
-1.04436
-0.801414
-0.668532
-1.048
-0.800693
-0.672706
-1.04339
-0.805403
-0.658174
-1.0434
-0.798648
-0.662884
-1.04523
-0.80966
-0.661761
-1.0553
-0.809342
-0.66808
-1.04386
-0.812175
-0.670577
-1.03972
-0.801263
-0.67341
-1.05267
-0.798196
-0.663169
-1.04773
-0.808336
-0.66694
-1.04218
-0.232329
-0.245405
-0.332022
-0.539267
-0.963613
-1.13352
-1.62903
-1.36986
-1.17431
-1.67083
-1.37684
-1.1981
-1.69035
-1.39607
-1.19407
-1.69597
-0.800928
-0.660209
-1.048
-0.800609
-0.664919
-1.05157
-0.802369
-0.660578
-1.04649
-0.811705
-0.666227
-1.04496
-0.807163
-0.673015
-1.0419
-0.80309
-0.671825
-1.05499
-0.808202
-0.668422
-1.04361
-0.81204
-0.661869
-1.04905
-0.80066
-0.6645
-1.04223
-0.802352
-0.669881
-1.05009
-0.797676
-0.671439
-1.04461
-0.802185
-0.660595
-1.04228
-0.801397
-0.664701
-1.05329
-0.810867
-0.661902
-1.04399
-0.811152
-0.666679
-1.05232
-0.80024
-0.672998
-1.04651
-0.798112
-0.670266
-1.04143
-0.804766
-0.659824
-1.04634
-0.802235
-0.657896
-1.04005
-0.802453
-0.668774
-1.04644
-0.798983
-0.65974
-1.0545
-0.803224
-0.665389
-1.04332
-0.797743
-0.66145
-1.05286
-0.800375
-0.662807
-1.05402
-0.811655
-0.665975
-1.04196
-0.807716
-0.662372
-1.05278
-0.80076
-0.661115
-1.05306
-0.804062
-0.660863
-1.04014
-0.806761
-0.666042
-1.05128
-0.809124
-0.667132
-1.04989
-0.812895
-0.659975
-1.05433
-0.812711
-0.669512
-1.04195
-0.80495
-0.660344
-1.04304
-0.80128
-0.670685
-1.03856
-0.799821
-0.667015
-1.05145
-0.79776
-0.666227
-1.04537
-0.804749
-0.664433
-1.04324
-0.800944
-0.665657
-1.04533
-0.807934
-0.666009
-1.05031
-0.812711
-0.668439
-1.04382
-0.811387
-0.663696
-1.04465
-0.798866
-0.663578
-1.04071
-0.809208
-0.669696
-1.0477
-0.799369
-0.670249
-1.05234
-0.811856
-0.665908
-1.04203
-0.798665
-0.663109
-1.03997
-0.809811
-0.664132
-1.05219
-0.797559
-0.666294
-1.04677
-0.802
-0.659137
-1.05443
-0.81013
-0.666797
-1.05117
-0.811353
-0.66849
-1.03912
-0.799637
-0.66864
-1.04872
-0.805286
-0.66497
-1.04485
-0.800006
-0.65788
-1.04453
-0.809007
-0.66802
-1.05045
-0.797022
-0.672998
-1.04718
-0.796637
-0.658466
-1.03888
-0.800609
-0.661165
-1.05452
-0.80733
-0.673719
-1.05319
-0.797626
-0.662338
-1.05167
-0.798715
-0.668724
-1.05423
-0.805235
-0.657612
-1.04466
-0.800961
-0.657963
-1.0475
-0.801179
-0.668439
-1.04114
-0.797441
-0.665975
-1.04196
-0.798196
-0.670953
-1.04272
-0.800626
-0.670635
-1.03885
-0.811169
-0.665959
-1.04872
-0.810515
-0.665506
-1.04605
-0.80604
-0.668473
-1.04413
-0.799754
-0.667082
-1.04602
-0.809224
-0.669378
-1.04919
-0.810716
-0.67268
-1.04424
-0.805973
-0.668674
-1.05036
-0.798212
-0.667149
-1.05333
-0.798296
-0.66864
-1.0451
-0.797374
-0.669261
-1.04994
-0.798933
-0.669143
-1.04869
-0.810079
-0.661182
-1.03999
-0.811906
-0.662137
-1.04503
-0.237076
-0.238189
-0.324769
-0.581189
-1.01009
-1.11102
-1.62527
-1.36501
-1.1752
-1.66351
-1.37736
-1.1959
-1.68798
-1.39284
-1.19414
-1.69244
-0.80619
-0.668421
-1.03935
-0.804397
-0.66951
-1.04775
-0.795832
-0.655783
-1.04991
-0.799402
-0.668136
-1.03458
-0.797407
-0.658029
-1.04733
-0.794273
-0.657375
-1.04822
-0.798983
-0.655313
-1.03979
-0.797324
-0.662973
-1.04135
-0.801631
-0.659437
-1.03667
-0.80024
-0.656369
-1.04601
-0.807632
-0.664365
-1.04039
-0.795379
-0.66599
-1.03484
-0.805185
-0.655347
-1.04103
-0.801916
-0.669041
-1.03454
-0.801263
-0.668052
-1.0367
-0.797324
-0.654258
-1.0451
-0.798011
-0.67003
-1.04351
-0.801045
-0.658917
-1.04695
-0.794893
-0.654308
-1.04616
-0.793368
-0.65942
-1.04222
-0.806928
-0.654677
-1.04425
-0.806609
-0.661532
-1.04165
-0.80904
-0.661482
-1.04475
-0.806308
-0.654794
-1.0384
-0.802972
-0.670432
-1.04928
-0.797827
-0.66361
-1.03555
-0.802536
-0.657526
-1.04938
-0.809325
-0.656202
-1.05053
-0.802101
-0.66822
-1.04532
-0.797759
-0.666627
-1.04969
-0.794692
-0.663091
-1.03925
-0.79853
-0.662973
-1.04993
-0.793854
-0.667616
-1.03707
-0.793267
-0.668572
-1.04882
-0.804414
-0.670264
-1.04361
-0.796988
-0.664918
-1.03645
-0.799553
-0.663124
-1.04492
-0.800709
-0.669443
-1.03508
-0.794558
-0.657191
-1.04287
-0.806978
-0.657342
-1.03625
-0.796804
-0.659034
-1.0419
-0.795413
-0.666158
-1.04453
-0.802
-0.669996
-1.04026
-0.80195
-0.662772
-1.05013
-0.80438
-0.665001
-1.03674
-0.806207
-0.661398
-1.04017
-0.800994
-0.657995
-1.0367
-0.807246
-0.659487
-1.04725
-0.795061
-0.663057
-1.04887
-0.797424
-0.657979
-1.03568
-0.793821
-0.65994
-1.03825
-0.803157
-0.6617
-1.04329
-0.803442
-0.669963
-1.03929
-0.802319
-0.654559
-1.03548
-0.793351
-0.658263
-1.03885
-0.801346
-0.657476
-1.04617
-0.805654
-0.660375
-1.03627
-0.797424
-0.659588
-1.0444
-0.804682
-0.666778
-1.03583
-0.805302
-0.658884
-1.03632
-0.795128
-0.670633
-1.04157
-0.80205
-0.660191
-1.04312
-0.797106
-0.661482
-1.0485
-0.800676
-0.668203
-1.03424
-0.802972
-0.667348
-1.03493
-0.794474
-0.663744
-1.04279
-0.802402
-0.660476
-1.03731
-0.808922
-0.661968
-1.04048
-0.806928
-0.661381
-1.04519
-0.798698
-0.66408
-1.04688
-0.79791
-0.655716
-1.03831
-0.792899
-0.656537
-1.04765
-0.799888
-0.659169
-1.04163
-0.794206
-0.658515
-1.03944
-0.799452
-0.668789
-1.04656
-0.797927
-0.665722
-1.04597
-0.806391
-0.656017
-1.04706
-0.800039
-0.657911
-1.03816
-0.801397
-0.662018
-1.04287
-0.793569
-0.666996
-1.04698
-0.252973
-0.230921
-0.320652
-0.590385
-1.03775
-1.13529
-1.63256
-1.36992
-1.17766
-1.66844
-1.38038
-1.19728
-1.69125
-1.3956
-1.20164
-1.69326
-0.805336
-0.657294
-1.05352
-0.803409
-0.666295
-1.05227
-0.795783
-0.658199
-1.04826
-0.799085
-0.666395
-1.05344
-0.798431
-0.670502
-1.04581
-0.809242
-0.671323
-1.04067
-0.798129
-0.66202
-1.05088
-0.804515
-0.664317
-1.03983
-0.807348
-0.657562
-1.04883
-0.810516
-0.665758
-1.04087
-0.802353
-0.663562
-1.04813
-0.798682
-0.657947
-1.04942
-0.800442
-0.668222
-1.04568
-0.808169
-0.671591
-1.04241
-0.802018
-0.668457
-1.04551
-0.808404
-0.665792
-1.05042
-0.799436
-0.66668
-1.04414
-0.803945
-0.668976
-1.04181
-0.80356
-0.667585
-1.05041
-0.797207
-0.668004
-1.0407
-0.795615
-0.659506
-1.03804
-0.799587
-0.662205
-1.04657
-0.807381
-0.667116
-1.04565
-0.806258
-0.670351
-1.04063
-0.811102
-0.659305
-1.04856
-0.804348
-0.660663
-1.04704
-0.803023
-0.66249
-1.03767
-0.807398
-0.664116
-1.03815
-0.808622
-0.672647
-1.04903
-0.799453
-0.664753
-1.05099
-0.808722
-0.672211
-1.05302
-0.802504
-0.665121
-1.0413
-0.799839
-0.657428
-1.04092
-0.811186
-0.660663
-1.05401
-0.803962
-0.662624
-1.04008
-0.802169
-0.672563
-1.05103
-0.804197
-0.662054
-1.05372
-0.803208
-0.668641
-1.04764
-0.811002
-0.659473
-1.05235
-0.803845
-0.657612
-1.04439
-0.807214
-0.67325
-1.04186
-0.798582
-0.663076
-1.05361
-0.810398
-0.672278
-1.04035
-0.810616
-0.668272
-1.04446
-0.796285
-0.661115
-1.04273
-0.804951
-0.670384
-1.04576
-0.798665
-0.672748
-1.03975
-0.797811
-0.669412
-1.05015
-0.801046
-0.671641
-1.05151
-0.805286
-0.657176
-1.04637
-0.809326
-0.661015
-1.04491
-0.801766
-0.668541
-1.05156
-0.798163
-0.66849
-1.04099
-0.811655
-0.662205
-1.05166
-0.802018
-0.662155
-1.04417
-0.79714
-0.66083
-1.04493
-0.801448
-0.657428
-1.04414
-0.799923
-0.664685
-1.04664
-0.798062
-0.658199
-1.04451
-0.796805
-0.666797
-1.05062
-0.804733
-0.667283
-1.04474
-0.804683
-0.659925
-1.04201
-0.810465
-0.659339
-1.0439
-0.807867
-0.662171
-1.04586
-0.809359
-0.659037
-1.04239
-0.807968
-0.663613
-1.0461
-0.810264
-0.659808
-1.04357
-0.811555
-0.662775
-1.04995
-0.801381
-0.657897
-1.04286
-0.811521
-0.672396
-1.0467
-0.802018
-0.657596
-1.03867
-0.810147
-0.672094
-1.04868
-0.806677
-0.669362
-1.04843
-0.800057
-0.664417
-1.04503
-0.796855
-0.668122
-1.05376
-0.811421
-0.657813
-1.04057
-0.80004
-0.659909
-1.04488
-0.795967
-0.666764
-1.04281
-0.811806
-0.661216
-1.04658
-0.806795
-0.663244
-1.05203
-0.248874
-0.23095
-0.339093
-0.5723
-0.976408
-1.14163
-1.63271
-1.37688
-1.18106
-1.67442
-1.38335
-1.20459
-1.7026
-1.40372
-1.20331
-1.69984
-0.809042
-0.666846
-1.05546
-0.817171
-0.669679
-1.05568
-0.811958
-0.674322
-1.05181
-0.807617
-0.66455
-1.04774
-0.803209
-0.672545
-1.05258
-0.8104
-0.677791
-1.05548
-0.816316
-0.672378
-1.05858
-0.801918
-0.669444
-1.04593
-0.817624
-0.671271
-1.04956
-0.807383
-0.66807
-1.05877
-0.803377
-0.670567
-1.05637
-0.803058
-0.673534
-1.05391
-0.803745
-0.675361
-1.06076
-0.803829
-0.674037
-1.04636
-0.812294
-0.668489
-1.0614
-0.801784
-0.672662
-1.05893
-0.818026
-0.672612
-1.05855
-0.815294
-0.671824
-1.06091
-0.810349
-0.669763
-1.04631
-0.810835
-0.66455
-1.04921
-0.814204
-0.674825
-1.05701
-0.817506
-0.676853
-1.04864
-0.808405
-0.668087
-1.05402
-0.807952
-0.67454
-1.05129
-0.81816
-0.672612
-1.056
-0.807383
-0.662974
-1.05515
-0.812897
-0.676601
-1.05583
-0.811908
-0.665489
-1.05471
-0.808438
-0.674959
-1.06183
-0.816031
-0.676853
-1.04931
-0.809478
-0.671171
-1.05469
-0.804734
-0.661801
-1.04606
-0.805019
-0.669796
-1.05399
-0.806578
-0.661365
-1.05555
-0.809142
-0.67231
-1.062
-0.815126
-0.675948
-1.04613
-0.806695
-0.661818
-1.05137
-0.810265
-0.666796
-1.04596
-0.805857
-0.67345
-1.0496
-0.811036
-0.661935
-1.0529
-0.808908
-0.662555
-1.05976
-0.816098
-0.67464
-1.0467
-0.811556
-0.672176
-1.05825
-0.811372
-0.662673
-1.0594
-0.809109
-0.677506
-1.05352
-0.813484
-0.670953
-1.04636
-0.8076
-0.6705
-1.05979
-0.815461
-0.666092
-1.04606
-0.803008
-0.662824
-1.04997
-0.80698
-0.667936
-1.05608
-0.817322
-0.677272
-1.04672
-0.809092
-0.675948
-1.0582
-0.806025
-0.667047
-1.05929
-0.80222
-0.673501
-1.05602
-0.818059
-0.669428
-1.05898
-0.808891
-0.668908
-1.05572
-0.816417
-0.671942
-1.0501
-0.814892
-0.674104
-1.05675
-0.814908
-0.671238
-1.05597
-0.801583
-0.677825
-1.04666
-0.815545
-0.676031
-1.04547
-0.814959
-0.677121
-1.0536
-0.806394
-0.668891
-1.05483
-0.807818
-0.676551
-1.05478
-0.816417
-0.67516
-1.05198
-0.802019
-0.669143
-1.04911
-0.818126
-0.664265
-1.062
-0.814992
-0.671925
-1.05096
-0.809511
-0.672411
-1.04936
-0.807852
-0.669344
-1.06178
-0.816853
-0.674255
-1.05148
-0.80165
-0.66931
-1.05464
-0.808237
-0.670333
-1.05815
-0.814489
-0.673165
-1.05769
-0.817858
-0.67164
-1.04578
-0.812981
-0.67112
-1.04707
-0.811657
-0.670668
-1.05272
-0.817104
-0.676585
-1.0473
-0.8017
-0.665271
-1.0614
-0.803125
-0.666226
-1.04579
-0.230412
-0.235559
-0.310252
-0.566876
-1.0194
-1.11324
-1.61856
-1.35493
-1.16452
-1.65865
-1.36608
-1.18314
-1.67354
-1.37911
-1.18626
-1.68431
-0.794706
-0.657072
-1.03465
-0.797472
-0.653469
-1.04358
-0.800036
-0.664145
-1.03233
-0.788589
-0.653167
-1.03657
-0.800942
-0.651776
-1.03444
-0.795796
-0.656486
-1.0348
-0.803322
-0.66314
-1.02972
-0.803405
-0.652161
-1.0294
-0.787197
-0.65962
-1.02834
-0.793852
-0.653871
-1.0409
-0.799902
-0.650334
-1.03689
-0.794757
-0.653033
-1.03483
-0.792494
-0.665319
-1.03538
-0.802769
-0.655145
-1.03292
-0.793667
-0.650804
-1.03937
-0.797237
-0.659536
-1.03946
-0.792695
-0.652781
-1.03089
-0.798679
-0.652128
-1.0346
-0.7936
-0.660257
-1.02831
-0.791941
-0.656385
-1.04247
-0.790751
-0.654726
-1.02854
-0.790432
-0.651658
-1.02849
-0.80131
-0.65201
-1.03669
-0.79764
-0.652027
-1.03423
-0.790684
-0.659486
-1.03156
-0.787281
-0.661112
-1.0405
-0.798696
-0.665755
-1.03126
-0.803204
-0.656787
-1.03644
-0.801612
-0.662771
-1.03874
-0.800221
-0.659972
-1.03118
-0.802919
-0.653485
-1.03374
-0.796433
-0.661279
-1.03892
-0.793634
-0.664715
-1.03719
-0.788354
-0.656284
-1.04492
-0.797355
-0.654357
-1.03676
-0.79945
-0.659737
-1.0359
-0.790349
-0.661832
-1.0323
-0.802232
-0.654474
-1.03828
-0.795947
-0.659117
-1.03495
-0.798042
-0.654977
-1.03744
-0.796047
-0.653988
-1.02888
-0.80069
-0.663793
-1.03795
-0.799634
-0.657307
-1.0322
-0.795427
-0.664162
-1.03617
-0.798528
-0.657407
-1.04088
-0.790432
-0.66547
-1.02849
-0.794338
-0.655631
-1.03602
-0.791203
-0.656854
-1.04321
-0.801009
-0.658681
-1.03867
-0.789695
-0.658162
-1.0346
-0.796148
-0.657843
-1.044
-0.794623
-0.657726
-1.04381
-0.787667
-0.664112
-1.03337
-0.793785
-0.656352
-1.04499
-0.802115
-0.656838
-1.03334
-0.795226
-0.656452
-1.03744
-0.789477
-0.658949
-1.04269
-0.800958
-0.656687
-1.04452
-0.799098
-0.665889
-1.04199
-0.795025
-0.65491
-1.03765
-0.788203
-0.656871
-1.0382
-0.802366
-0.652061
-1.03091
-0.790851
-0.661933
-1.03133
-0.79764
-0.662486
-1.03074
-0.801545
-0.65305
-1.03049
-0.795461
-0.654139
-1.04331
-0.798427
-0.661464
-1.04266
-0.794623
-0.663224
-1.03496
-0.792896
-0.654055
-1.03056
-0.795662
-0.65139
-1.03332
-0.792192
-0.653888
-1.03173
-0.793081
-0.666375
-1.02846
-0.798729
-0.661497
-1.0317
-0.801092
-0.664464
-1.0413
-0.789578
-0.6561
-1.03971
-0.788857
-0.650887
-1.02933
-0.80188
-0.659151
-1.04329
-0.793516
-0.661179
-1.03225
-0.798763
-0.650938
-1.03146
-0.802333
-0.654709
-1.03061
-0.241696
-0.236899
-0.343087
-0.589615
-0.947967
-1.11331
-1.63474
-1.37433
-1.1805
-1.67789
-1.38567
-1.20381
-1.6986
-1.39856
-1.20174
-1.70377
-0.807146
-0.66919
-1.04358
-0.808839
-0.673632
-1.0556
-0.804833
-0.674788
-1.04918
-0.811487
-0.670514
-1.04283
-0.802922
-0.672073
-1.04982
-0.812258
-0.662435
-1.05084
-0.808923
-0.664664
-1.04536
-0.812359
-0.673397
-1.05161
-0.800308
-0.664765
-1.05445
-0.805889
-0.673229
-1.05453
-0.808185
-0.672643
-1.04811
-0.815644
-0.674134
-1.04766
-0.805604
-0.662552
-1.04566
-0.80247
-0.675844
-1.04668
-0.801816
-0.67338
-1.05461
-0.803107
-0.670581
-1.04249
-0.806744
-0.660206
-1.04814
-0.807766
-0.670816
-1.05185
-0.813951
-0.663525
-1.04395
-0.805051
-0.670916
-1.05423
-0.814454
-0.674889
-1.05049
-0.810515
-0.669274
-1.04749
-0.808252
-0.666005
-1.05796
-0.805386
-0.669642
-1.05081
-0.807012
-0.666106
-1.05136
-0.813532
-0.66572
-1.05855
-0.810197
-0.671168
-1.04503
-0.800492
-0.67628
-1.05557
-0.816197
-0.672341
-1.04405
-0.810649
-0.66914
-1.05795
-0.811202
-0.666273
-1.05448
-0.802704
-0.668301
-1.05362
-0.80366
-0.666642
-1.05485
-0.809241
-0.666927
-1.04501
-0.813415
-0.660843
-1.04543
-0.813767
-0.663139
-1.05905
-0.810834
-0.663893
-1.04405
-0.804213
-0.675844
-1.05245
-0.803425
-0.663592
-1.04415
-0.811688
-0.664145
-1.04759
-0.813448
-0.672006
-1.05297
-0.805084
-0.668804
-1.05024
-0.802688
-0.668888
-1.04918
-0.804649
-0.666625
-1.05879
-0.803459
-0.675559
-1.04741
-0.816147
-0.675442
-1.05352
-0.803693
-0.669357
-1.04362
-0.805386
-0.663206
-1.05859
-0.811303
-0.671872
-1.05431
-0.811118
-0.661161
-1.04327
-0.801481
-0.666609
-1.05575
-0.805185
-0.663944
-1.05892
-0.804665
-0.668318
-1.05518
-0.805554
-0.666726
-1.04736
-0.815761
-0.676464
-1.05421
-0.802973
-0.672592
-1.05644
-0.809828
-0.676431
-1.0586
-0.81085
-0.667463
-1.05453
-0.812208
-0.672509
-1.05602
-0.802235
-0.664882
-1.05235
-0.812845
-0.667782
-1.04285
-0.808772
-0.673296
-1.05795
-0.813616
-0.673782
-1.04858
-0.808336
-0.670045
-1.05778
-0.80366
-0.673347
-1.0531
-0.808437
-0.673632
-1.04568
-0.811806
-0.675861
-1.04395
-0.803174
-0.669978
-1.04658
-0.801313
-0.660809
-1.0458
-0.805956
-0.667665
-1.05124
-0.800475
-0.671235
-1.04965
-0.814504
-0.668972
-1.0492
-0.806207
-0.667313
-1.05605
-0.801732
-0.65982
-1.05721
-0.801213
-0.66272
-1.04368
-0.802637
-0.663944
-1.04873
-0.809627
-0.661614
-1.05237
-0.800592
-0.664715
-1.04816
-0.814286
-0.676196
-1.05461
-0.812761
-0.661999
-1.05698
-0.241231
-0.245403
-0.315633
-0.605757
-0.969848
-1.12336
-1.63367
-1.37332
-1.18312
-1.67641
-1.38379
-1.20238
-1.69621
-1.39827
-1.20115
-1.70139
-0.808087
-0.666597
-1.0564
-0.805086
-0.662054
-1.05112
-0.804835
-0.663747
-1.05878
-0.802505
-0.666178
-1.0535
-0.804399
-0.674173
-1.04427
-0.813601
-0.672849
-1.05213
-0.812545
-0.662071
-1.04517
-0.815177
-0.660077
-1.04432
-0.801919
-0.660965
-1.04581
-0.81407
-0.663932
-1.05903
-0.807651
-0.672329
-1.05824
-0.807735
-0.674625
-1.0468
-0.816601
-0.674843
-1.04802
-0.806092
-0.67486
-1.05293
-0.809327
-0.660194
-1.04772
-0.81169
-0.672145
-1.05008
-0.806075
-0.669144
-1.05586
-0.801332
-0.671575
-1.04442
-0.800544
-0.676486
-1.05556
-0.814841
-0.674491
-1.04385
-0.813517
-0.67015
-1.05754
-0.814808
-0.668424
-1.05414
-0.813618
-0.673469
-1.05751
-0.807668
-0.665172
-1.04954
-0.812109
-0.667669
-1.0442
-0.806427
-0.67667
-1.05286
-0.810064
-0.672999
-1.04269
-0.807869
-0.667653
-1.04975
-0.803058
-0.666127
-1.04601
-0.811992
-0.676603
-1.05548
-0.812813
-0.661133
-1.05657
-0.810886
-0.670938
-1.04954
-0.803662
-0.672497
-1.04661
-0.800393
-0.676402
-1.04281
-0.808187
-0.671927
-1.05623
-0.805991
-0.674223
-1.05913
-0.808154
-0.67082
-1.044
-0.803544
-0.663731
-1.05374
-0.801818
-0.661133
-1.05134
-0.800829
-0.672547
-1.04861
-0.806075
-0.669144
-1.04903
-0.810718
-0.666882
-1.0538
-0.815964
-0.670318
-1.05476
-0.809612
-0.675832
-1.059
-0.802388
-0.667736
-1.05714
-0.805958
-0.672178
-1.0591
-0.803293
-0.664217
-1.0508
-0.800963
-0.663295
-1.05156
-0.807416
-0.660831
-1.05332
-0.808305
-0.670904
-1.04737
-0.811808
-0.671927
-1.0561
-0.800494
-0.671809
-1.05203
-0.801986
-0.675648
-1.05352
-0.808103
-0.675933
-1.05011
-0.809863
-0.669982
-1.0445
-0.808606
-0.672815
-1.05625
-0.811573
-0.671022
-1.04339
-0.815143
-0.666882
-1.05206
-0.805103
-0.665356
-1.04953
-0.815512
-0.662289
-1.04425
-0.805874
-0.672161
-1.05526
-0.815612
-0.662792
-1.04381
-0.803829
-0.661937
-1.05804
-0.804584
-0.665574
-1.05585
-0.807148
-0.665926
-1.04862
-0.805623
-0.666345
-1.05501
-0.815026
-0.670854
-1.05087
-0.80036
-0.674357
-1.05699
-0.802388
-0.666932
-1.05151
-0.814272
-0.673653
-1.05226
-0.809327
-0.667971
-1.0567
-0.802974
-0.676033
-1.05357
-0.815059
-0.662038
-1.04822
-0.803745
-0.675866
-1.04804
-0.809528
-0.665759
-1.04269
-0.814037
-0.676637
-1.05377
-0.808422
-0.663177
-1.05405
-0.803008
-0.670301
-1.04354
-0.815897
-0.670921
-1.04879
-0.804986
-0.671206
-1.05665
-0.243732
-0.253963
-0.317621
-0.523311
-1.00571
-1.1295
-1.63112
-1.37387
-1.18146
-1.67584
-1.38159
-1.19964
-1.69896
-1.39812
-1.19984
-1.70448
-0.812577
-0.664289
-1.05578
-0.814136
-0.676106
-1.04433
-0.803292
-0.668681
-1.05561
-0.806326
-0.664004
-1.04926
-0.808622
-0.662211
-1.05169
-0.806024
-0.667189
-1.04694
-0.805638
-0.671295
-1.04629
-0.807197
-0.663669
-1.05428
-0.812041
-0.663216
-1.04719
-0.807834
-0.666585
-1.04594
-0.80651
-0.67029
-1.04502
-0.81075
-0.667491
-1.0514
-0.806074
-0.672804
-1.0537
-0.814874
-0.664239
-1.05405
-0.814488
-0.671564
-1.05755
-0.801565
-0.676273
-1.05375
-0.8048
-0.666971
-1.0594
-0.813198
-0.66149
-1.05412
-0.806912
-0.663853
-1.05172
-0.81075
-0.662395
-1.05905
-0.807951
-0.672268
-1.04914
-0.80361
-0.661155
-1.05673
-0.803895
-0.666736
-1.05246
-0.810683
-0.662462
-1.05549
-0.804264
-0.662412
-1.04894
-0.805689
-0.666585
-1.04755
-0.80651
-0.675385
-1.05226
-0.814773
-0.677413
-1.04899
-0.815729
-0.676827
-1.04404
-0.810449
-0.671748
-1.05472
-0.800141
-0.670759
-1.04535
-0.810415
-0.665412
-1.05764
-0.812712
-0.663753
-1.04639
-0.807432
-0.663233
-1.05251
-0.812544
-0.664122
-1.05775
-0.804985
-0.677413
-1.04349
-0.813181
-0.664088
-1.0592
-0.811387
-0.663703
-1.04453
-0.811136
-0.672636
-1.05594
-0.804247
-0.664608
-1.05469
-0.799839
-0.671262
-1.05095
-0.812929
-0.67101
-1.05693
-0.815092
-0.671631
-1.04837
-0.810616
-0.670306
-1.05596
-0.810365
-0.676558
-1.0478
-0.81541
-0.674564
-1.05848
-0.807247
-0.671966
-1.05702
-0.805856
-0.674128
-1.04718
-0.803459
-0.668178
-1.04693
-0.804214
-0.671815
-1.05519
-0.808655
-0.667072
-1.04448
-0.814371
-0.676609
-1.05315
-0.805538
-0.668513
-1.05638
-0.813533
-0.662496
-1.0507
-0.815293
-0.674111
-1.04897
-0.806527
-0.669167
-1.04423
-0.814723
-0.66858
-1.05269
-0.814136
-0.662026
-1.0454
-0.814555
-0.665328
-1.04958
-0.813432
-0.670977
-1.05516
-0.815863
-0.674145
-1.04726
-0.812326
-0.666116
-1.05794
-0.803225
-0.669954
-1.0483
-0.809343
-0.671983
-1.05589
-0.804398
-0.662546
-1.05095
-0.809979
-0.671949
-1.05693
-0.800476
-0.66734
-1.05199
-0.814103
-0.672586
-1.0518
-0.80527
-0.665697
-1.04807
-0.805085
-0.675502
-1.05646
-0.811136
-0.664055
-1.04642
-0.804113
-0.661121
-1.05576
-0.811773
-0.666569
-1.048
-0.801532
-0.663501
-1.05559
-0.801012
-0.675251
-1.05293
-0.806594
-0.673391
-1.04684
-0.812376
-0.667977
-1.0537
-0.812862
-0.673223
-1.05432
-0.806845
-0.67277
-1.04696
-0.806929
-0.677614
-1.05469
-0.243902
-0.23228
-0.329746
-0.612343
-1.03927
-1.12576
-1.62639
-1.3752
-1.18376
-1.67255
-1.3828
-1.20484
-1.69544
-1.39806
-1.20632
-1.69997
-0.799674
-0.675097
-1.05249
-0.802171
-0.669482
-1.04212
-0.802858
-0.673856
-1.04951
-0.805892
-0.672935
-1.04879
-0.806445
-0.659878
-1.0543
-0.810954
-0.671158
-1.05398
-0.807618
-0.664805
-1.0418
-0.815747
-0.671393
-1.05086
-0.810669
-0.661688
-1.05169
-0.808607
-0.668409
-1.0566
-0.801517
-0.662593
-1.05769
-0.807635
-0.673471
-1.05254
-0.815161
-0.663364
-1.05081
-0.81082
-0.664722
-1.05787
-0.808155
-0.669096
-1.04957
-0.800059
-0.670186
-1.05542
-0.804635
-0.671476
-1.04686
-0.809546
-0.672164
-1.04936
-0.801249
-0.671979
-1.05407
-0.814205
-0.67213
-1.05147
-0.800411
-0.660548
-1.05283
-0.815111
-0.674108
-1.0513
-0.809361
-0.675398
-1.05266
-0.8132
-0.665493
-1.04791
-0.812814
-0.668124
-1.0537
-0.799221
-0.673907
-1.04547
-0.802188
-0.673454
-1.05594
-0.80911
-0.670119
-1.05026
-0.800679
-0.671946
-1.04894
-0.810686
-0.664453
-1.0517
-0.814323
-0.667621
-1.05427
-0.805959
-0.666565
-1.05717
-0.805842
-0.670001
-1.04726
-0.812362
-0.664923
-1.04842
-0.812378
-0.660179
-1.04897
-0.809512
-0.665828
-1.04852
-0.805909
-0.667387
-1.05014
-0.799824
-0.668878
-1.05532
-0.799573
-0.67151
-1.05199
-0.810786
-0.661068
-1.051
-0.813217
-0.674426
-1.05772
-0.799623
-0.67337
-1.0507
-0.807685
-0.667957
-1.04669
-0.801467
-0.664889
-1.04664
-0.806445
-0.664571
-1.05779
-0.810686
-0.668878
-1.04862
-0.812311
-0.660112
-1.05038
-0.803009
-0.661202
-1.05328
-0.802087
-0.67322
-1.05088
-0.815312
-0.667873
-1.046
-0.804601
-0.669834
-1.04843
-0.807099
-0.66556
-1.04248
-0.800277
-0.675566
-1.04599
-0.814708
-0.664856
-1.05103
-0.812043
-0.674058
-1.04984
-0.8132
-0.665627
-1.05676
-0.810132
-0.671074
-1.05785
-0.801635
-0.667739
-1.05324
-0.814658
-0.662593
-1.05608
-0.800662
-0.672264
-1.04262
-0.800143
-0.6639
-1.04639
-0.809479
-0.670487
-1.05787
-0.814457
-0.671242
-1.05185
-0.804618
-0.671527
-1.04309
-0.813887
-0.670135
-1.05316
-0.803512
-0.6727
-1.05338
-0.803394
-0.672247
-1.05219
-0.804685
-0.668644
-1.05562
-0.811675
-0.668996
-1.04532
-0.810686
-0.661369
-1.05398
-0.807618
-0.661453
-1.04636
-0.799925
-0.667638
-1.0518
-0.803964
-0.665174
-1.04257
-0.811557
-0.671091
-1.04332
-0.800042
-0.675466
-1.05755
-0.813535
-0.674946
-1.05844
-0.801484
-0.67208
-1.05028
-0.812161
-0.672499
-1.04889
-0.805607
-0.666012
-1.04314
-0.812395
-0.668443
-1.05301
-0.244614
-0.238649
-0.3264
-0.569244
-1.0317
-1.129
-1.61423
-1.37258
-1.17643
-1.66846
-1.37801
-1.19933
-1.68864
-1.39957
-1.1987
-1.69958
-0.803707
-0.672884
-1.0495
-0.805534
-0.66928
-1.05133
-0.808367
-0.659039
-1.05027
-0.804026
-0.664822
-1.05304
-0.798679
-0.657799
-1.05506
-0.80359
-0.67337
-1.04067
-0.801595
-0.667688
-1.05235
-0.804227
-0.671862
-1.05082
-0.803573
-0.663766
-1.04642
-0.80245
-0.662978
-1.05253
-0.804344
-0.667487
-1.05483
-0.80121
-0.663481
-1.03936
-0.805249
-0.670671
-1.04823
-0.808551
-0.669884
-1.04268
-0.812859
-0.671979
-1.0494
-0.804093
-0.670118
-1.05015
-0.806389
-0.662425
-1.04387
-0.809959
-0.658687
-1.04784
-0.806087
-0.657967
-1.04383
-0.806305
-0.658788
-1.04378
-0.801629
-0.65914
-1.0548
-0.796885
-0.667336
-1.04469
-0.807227
-0.662458
-1.04524
-0.813077
-0.667839
-1.04452
-0.799148
-0.66457
-1.03971
-0.812507
-0.663649
-1.05253
-0.802869
-0.669632
-1.04585
-0.799601
-0.666967
-1.04271
-0.802165
-0.658872
-1.05279
-0.810563
-0.665056
-1.04737
-0.810847
-0.660045
-1.04685
-0.806238
-0.673873
-1.04318
-0.799685
-0.670068
-1.05312
-0.813043
-0.664185
-1.0414
-0.807562
-0.668425
-1.04464
-0.800673
-0.660665
-1.0407
-0.80297
-0.671342
-1.04246
-0.799299
-0.672834
-1.04174
-0.801461
-0.67104
-1.04833
-0.800606
-0.666364
-1.04345
-0.796735
-0.663364
-1.04467
-0.807143
-0.673437
-1.0469
-0.799517
-0.672582
-1.05268
-0.807646
-0.664956
-1.04191
-0.808199
-0.666783
-1.05158
-0.811367
-0.666397
-1.0463
-0.807495
-0.658704
-1.04565
-0.806104
-0.668375
-1.04224
-0.803171
-0.660682
-1.04642
-0.799098
-0.658553
-1.04342
-0.811317
-0.659978
-1.0433
-0.79826
-0.660799
-1.04271
-0.803774
-0.65981
-1.05386
-0.80949
-0.658888
-1.04026
-0.811786
-0.671308
-1.04511
-0.797925
-0.672532
-1.04948
-0.809473
-0.674091
-1.04011
-0.803121
-0.666733
-1.04797
-0.800321
-0.664537
-1.05523
-0.802685
-0.665626
-1.04606
-0.798008
-0.665576
-1.0497
-0.803992
-0.65862
-1.05542
-0.797975
-0.667286
-1.04994
-0.810931
-0.668643
-1.046
-0.797003
-0.662559
-1.05325
-0.800841
-0.673035
-1.04529
-0.801931
-0.670303
-1.04947
-0.797589
-0.666967
-1.04083
-0.799752
-0.662492
-1.05211
-0.806272
-0.663313
-1.04576
-0.810445
-0.661654
-1.0486
-0.799131
-0.666498
-1.04264
-0.797405
-0.666179
-1.04172
-0.809021
-0.664587
-1.04476
-0.81239
-0.673789
-1.05362
-0.809121
-0.668979
-1.05505
-0.798277
-0.671074
-1.04179
-0.809624
-0.666666
-1.04496
-0.812993
-0.663933
-1.04618
-0.802484
-0.659928
-1.04667
-0.233332
-0.23816
-0.32027
-0.597483
-0.989072
-1.11309
-1.62071
-1.36613
-1.17582
-1.66963
-1.3788
-1.19583
-1.68745
-1.39453
-1.19476
-1.69382
-0.796246
-0.662278
-1.04448
-0.810543
-0.655456
-1.04403
-0.798223
-0.668278
-1.04874
-0.797905
-0.664004
-1.03903
-0.801274
-0.666501
-1.04079
-0.797871
-0.669602
-1.04021
-0.798559
-0.667809
-1.04706
-0.809235
-0.671714
-1.04889
-0.795843
-0.669116
-1.05078
-0.798341
-0.668731
-1.0502
-0.803319
-0.661976
-1.05088
-0.799514
-0.661859
-1.04011
-0.80409
-0.66087
-1.03771
-0.799346
-0.670541
-1.04168
-0.800168
-0.668077
-1.04384
-0.799983
-0.656026
-1.04353
-0.804291
-0.667105
-1.0481
-0.794854
-0.667122
-1.0384
-0.810694
-0.659965
-1.04632
-0.80595
-0.668429
-1.04748
-0.794972
-0.661808
-1.04187
-0.807258
-0.659277
-1.04745
-0.80942
-0.666066
-1.04961
-0.801592
-0.660316
-1.04004
-0.796916
-0.662278
-1.03724
-0.809202
-0.666049
-1.05167
-0.807744
-0.668546
-1.05316
-0.800184
-0.670574
-1.03783
-0.809453
-0.664892
-1.04146
-0.795458
-0.670273
-1.04731
-0.800704
-0.663518
-1.04344
-0.802531
-0.655489
-1.04393
-0.80523
-0.658657
-1.04984
-0.800754
-0.657735
-1.04389
-0.809085
-0.670826
-1.0474
-0.803269
-0.65864
-1.04829
-0.804492
-0.66972
-1.04468
-0.806989
-0.666384
-1.04289
-0.805129
-0.669954
-1.03674
-0.804408
-0.666351
-1.04943
-0.805766
-0.671262
-1.04301
-0.805045
-0.662026
-1.05113
-0.807476
-0.656612
-1.04136
-0.803671
-0.655422
-1.04829
-0.809856
-0.666099
-1.04857
-0.797871
-0.662898
-1.05214
-0.803788
-0.661507
-1.05135
-0.807358
-0.663803
-1.04232
-0.795039
-0.663753
-1.04797
-0.798073
-0.656394
-1.04711
-0.795408
-0.658892
-1.03761
-0.801794
-0.664004
-1.04855
-0.804358
-0.665295
-1.03825
-0.795056
-0.66987
-1.05254
-0.79695
-0.665529
-1.04331
-0.808163
-0.669837
-1.04473
-0.801073
-0.666434
-1.05239
-0.799011
-0.666585
-1.04698
-0.810157
-0.659026
-1.03882
-0.799916
-0.65864
-1.04936
-0.797788
-0.667038
-1.04401
-0.798944
-0.671614
-1.0453
-0.799229
-0.668613
-1.04022
-0.796899
-0.67091
-1.03669
-0.798257
-0.656244
-1.04301
-0.799145
-0.663769
-1.03826
-0.807073
-0.667071
-1.04056
-0.800855
-0.670172
-1.05244
-0.797251
-0.667574
-1.03851
-0.799883
-0.661289
-1.03739
-0.797084
-0.658422
-1.05082
-0.798911
-0.671178
-1.04473
-0.808984
-0.662412
-1.0422
-0.796061
-0.657467
-1.03786
-0.809621
-0.669887
-1.04472
-0.80233
-0.668965
-1.03729
-0.807844
-0.670524
-1.04763
-0.80833
-0.6692
-1.04222
-0.80057
-0.6603
-1.04197
-0.801995
-0.659646
-1.04125
-0.248527
-0.244817
-0.334366
-0.515208
-1.01314
-1.14128
-1.64197
-1.37917
-1.18371
-1.67979
-1.38646
-1.20631
-1.70481
-1.40789
-1.2097
-1.70398
-0.809992
-0.664114
-1.0581
-0.818389
-0.673517
-1.0547
-0.815992
-0.672125
-1.04976
-0.817283
-0.665706
-1.05896
-0.813411
-0.667399
-1.04892
-0.80679
-0.672779
-1.05946
-0.803589
-0.674204
-1.04661
-0.816143
-0.673014
-1.05192
-0.809321
-0.670014
-1.05784
-0.814232
-0.665069
-1.06235
-0.814383
-0.666896
-1.06062
-0.81554
-0.664767
-1.05574
-0.810863
-0.670617
-1.0508
-0.818858
-0.673718
-1.05678
-0.814584
-0.672327
-1.05854
-0.806623
-0.667516
-1.05916
-0.808382
-0.666929
-1.05757
-0.810746
-0.665069
-1.05551
-0.802449
-0.665287
-1.05955
-0.815271
-0.674556
-1.04676
-0.819043
-0.67759
-1.06233
-0.814836
-0.673718
-1.06147
-0.814182
-0.667633
-1.05881
-0.8144
-0.677573
-1.05219
-0.81026
-0.676182
-1.06199
-0.819059
-0.665471
-1.06154
-0.816931
-0.674271
-1.04828
-0.807092
-0.676165
-1.05923
-0.815824
-0.671421
-1.04744
-0.806924
-0.675327
-1.05839
-0.805734
-0.671254
-1.05291
-0.813729
-0.679584
-1.04951
-0.804896
-0.672427
-1.04724
-0.811148
-0.668421
-1.06181
-0.816126
-0.677355
-1.05619
-0.802667
-0.67764
-1.06137
-0.809656
-0.666594
-1.06072
-0.808265
-0.667416
-1.05477
-0.809757
-0.672327
-1.04875
-0.813461
-0.673014
-1.04723
-0.805969
-0.679534
-1.05663
-0.817182
-0.673785
-1.0476
-0.818942
-0.663544
-1.05606
-0.808433
-0.670935
-1.04998
-0.804695
-0.666594
-1.05267
-0.805852
-0.676265
-1.05034
-0.817132
-0.666695
-1.05465
-0.807963
-0.671271
-1.06037
-0.811332
-0.663845
-1.04765
-0.802566
-0.66346
-1.04719
-0.817199
-0.67065
-1.0629
-0.803069
-0.676299
-1.06097
-0.81797
-0.673433
-1.04744
-0.807058
-0.670365
-1.04941
-0.812036
-0.665756
-1.04835
-0.806623
-0.675427
-1.04937
-0.817635
-0.673902
-1.05422
-0.813159
-0.679282
-1.05122
-0.809824
-0.672796
-1.05016
-0.81621
-0.663292
-1.04756
-0.804561
-0.67236
-1.06085
-0.813226
-0.67117
-1.06201
-0.8056
-0.679299
-1.04835
-0.814936
-0.668589
-1.05554
-0.81683
-0.676986
-1.05985
-0.805516
-0.668689
-1.05001
-0.812103
-0.665689
-1.05794
-0.805751
-0.667583
-1.05789
-0.803354
-0.665656
-1.05281
-0.810411
-0.667281
-1.05249
-0.811098
-0.672595
-1.05693
-0.818154
-0.676902
-1.05997
-0.815221
-0.674707
-1.05381
-0.814232
-0.678478
-1.06302
-0.802717
-0.672796
-1.06236
-0.817014
-0.676031
-1.05641
-0.807645
-0.668606
-1.04999
-0.815372
-0.664466
-1.05343
-0.817802
-0.664147
-1.06297
-0.807159
-0.679584
-1.06037
-0.222874
-0.245801
-0.346669
-0.528248
-1.00944
-1.10804
-1.60376
-1.36262
-1.17186
-1.66456
-1.37119
-1.1944
-1.68098
-1.39078
-1.19166
-1.69406
-0.798084
-0.662649
-1.04593
-0.807822
-0.660386
-1.04186
-0.803012
-0.659799
-1.03651
-0.795587
-0.657134
-1.04277
-0.794128
-0.667409
-1.03997
-0.797296
-0.658308
-1.04019
-0.797447
-0.666169
-1.04597
-0.79686
-0.667929
-1.04605
-0.808007
-0.656615
-1.0399
-0.806213
-0.660922
-1.04159
-0.801537
-0.666504
-1.0455
-0.794514
-0.658475
-1.05068
-0.80633
-0.662448
-1.03809
-0.794614
-0.660721
-1.03469
-0.808308
-0.658123
-1.03819
-0.795922
-0.658274
-1.03881
-0.799425
-0.657017
-1.04459
-0.807822
-0.668297
-1.04092
-0.807437
-0.65819
-1.03906
-0.801218
-0.658475
-1.03955
-0.798419
-0.669018
-1.04909
-0.80333
-0.658442
-1.05024
-0.803213
-0.657319
-1.03926
-0.795788
-0.656531
-1.05034
-0.804118
-0.657017
-1.04687
-0.809029
-0.659984
-1.04562
-0.799391
-0.671063
-1.03705
-0.804034
-0.670946
-1.03687
-0.807939
-0.668616
-1.03715
-0.806012
-0.667426
-1.04997
-0.800799
-0.66161
-1.04262
-0.800883
-0.655458
-1.04605
-0.796207
-0.668012
-1.0344
-0.805274
-0.666688
-1.0428
-0.798587
-0.66047
-1.04335
-0.793441
-0.665448
-1.04934
-0.799224
-0.667945
-1.03527
-0.797698
-0.657235
-1.04086
-0.796106
-0.668314
-1.03497
-0.793776
-0.66766
-1.04565
-0.794866
-0.655676
-1.04111
-0.799643
-0.662397
-1.05098
-0.798855
-0.654972
-1.03558
-0.805643
-0.66518
-1.04987
-0.807001
-0.657486
-1.04211
-0.802257
-0.666085
-1.04971
-0.800665
-0.658525
-1.04463
-0.803431
-0.661224
-1.049
-0.798352
-0.656078
-1.04634
-0.79629
-0.666018
-1.03569
-0.807168
-0.662749
-1.03625
-0.796659
-0.66223
-1.03848
-0.80861
-0.65762
-1.04882
-0.794748
-0.664342
-1.04555
-0.798386
-0.662146
-1.03846
-0.793776
-0.67061
-1.04954
-0.801436
-0.66989
-1.04553
-0.801654
-0.664409
-1.03596
-0.808643
-0.667442
-1.04483
-0.807655
-0.655928
-1.04947
-0.80499
-0.654939
-1.04493
-0.807889
-0.661258
-1.04729
-0.797849
-0.666839
-1.04168
-0.798469
-0.659749
-1.04431
-0.799961
-0.66466
-1.04848
-0.792804
-0.669102
-1.03905
-0.803682
-0.662213
-1.0345
-0.80095
-0.663168
-1.03834
-0.798821
-0.669554
-1.0397
-0.793944
-0.657637
-1.04957
-0.794765
-0.665766
-1.05013
-0.801151
-0.670878
-1.03506
-0.802777
-0.659699
-1.04888
-0.796961
-0.658643
-1.04521
-0.805962
-0.655911
-1.04536
-0.809264
-0.660621
-1.04826
-0.806062
-0.666336
-1.04882
-0.803598
-0.65643
-1.04796
-0.801067
-0.654771
-1.03618
-0.801688
-0.656665
-1.04578
-0.240271
-0.254605
-0.324074
-0.58271
-0.946734
-1.13275
-1.62522
-1.37664
-1.18896
-1.67537
-1.38792
-1.20839
-1.69995
-1.40164
-1.2044
-1.70502
-0.816569
-0.67879
-1.0569
-0.804317
-0.667543
-1.05738
-0.816268
-0.664007
-1.05794
-0.814474
-0.678907
-1.04823
-0.816234
-0.664778
-1.05294
-0.811625
-0.672706
-1.05691
-0.819419
-0.675471
-1.04969
-0.805423
-0.674415
-1.06144
-0.809463
-0.672488
-1.06266
-0.805658
-0.669286
-1.06248
-0.805004
-0.664945
-1.06035
-0.806295
-0.672739
-1.05413
-0.808055
-0.67403
-1.05442
-0.819134
-0.672169
-1.04994
-0.804803
-0.673996
-1.06028
-0.816016
-0.668918
-1.05111
-0.817642
-0.675974
-1.05314
-0.817458
-0.666202
-1.05242
-0.814659
-0.676343
-1.0515
-0.811927
-0.666705
-1.06097
-0.811809
-0.673762
-1.052
-0.809077
-0.676728
-1.05477
-0.815798
-0.666889
-1.0517
-0.810653
-0.665431
-1.05876
-0.805976
-0.665113
-1.05851
-0.810485
-0.673443
-1.06167
-0.806211
-0.663068
-1.05753
-0.816486
-0.672873
-1.05118
-0.808323
-0.677382
-1.04865
-0.818195
-0.670426
-1.06308
-0.803462
-0.672253
-1.05063
-0.818028
-0.678974
-1.05782
-0.807585
-0.677181
-1.06025
-0.814508
-0.676393
-1.05551
-0.818413
-0.669638
-1.0519
-0.812865
-0.673544
-1.05319
-0.81838
-0.678857
-1.0508
-0.806664
-0.665599
-1.05892
-0.815262
-0.678823
-1.06109
-0.805289
-0.663286
-1.05809
-0.817642
-0.676779
-1.05127
-0.811424
-0.679343
-1.05698
-0.808222
-0.674465
-1.06236
-0.814877
-0.678773
-1.05547
-0.817575
-0.665582
-1.05495
-0.806664
-0.667074
-1.05772
-0.810435
-0.663805
-1.05934
-0.813334
-0.679242
-1.0601
-0.818983
-0.673158
-1.05354
-0.810619
-0.671164
-1.04773
-0.805541
-0.672856
-1.05096
-0.813938
-0.679175
-1.05561
-0.804702
-0.666387
-1.05777
-0.8072
-0.675656
-1.05933
-0.807083
-0.675605
-1.05666
-0.817759
-0.673342
-1.05862
-0.819385
-0.669404
-1.05354
-0.806731
-0.673443
-1.05309
-0.81734
-0.663872
-1.05499
-0.805624
-0.677164
-1.06258
-0.804837
-0.674164
-1.05106
-0.808407
-0.665733
-1.04713
-0.810301
-0.668901
-1.05827
-0.806496
-0.668247
-1.05487
-0.815497
-0.673694
-1.05784
-0.803244
-0.666202
-1.05229
-0.816134
-0.67165
-1.04775
-0.806965
-0.669923
-1.05654
-0.812077
-0.665716
-1.04811
-0.814441
-0.667074
-1.05289
-0.814994
-0.664744
-1.0576
-0.806898
-0.676963
-1.05541
-0.810938
-0.665917
-1.04872
-0.814106
-0.672102
-1.05309
-0.808356
-0.673661
-1.04855
-0.804552
-0.674214
-1.05976
-0.814759
-0.678723
-1.04865
-0.809345
-0.673912
-1.05008
-0.806412
-0.663939
-1.06176
-0.816955
-0.670929
-1.04937
-0.242818
-0.25347
-0.311306
-0.530204
-0.956333
-1.12261
-1.62004
-1.37645
-1.17727
-1.6688
-1.38023
-1.19748
-1.688
-1.39878
-1.19793
-1.69712
-0.799325
-0.661164
-1.05617
-0.804906
-0.663327
-1.04084
-0.811359
-0.660997
-1.05654
-0.809834
-0.659941
-1.04845
-0.807705
-0.664315
-1.05115
-0.814225
-0.672512
-1.05418
-0.814242
-0.6734
-1.05554
-0.805342
-0.666712
-1.05348
-0.807772
-0.665321
-1.04598
-0.809599
-0.663461
-1.04191
-0.802107
-0.671992
-1.04179
-0.809432
-0.669997
-1.05596
-0.810119
-0.670752
-1.04136
-0.812482
-0.6646
-1.05297
-0.804051
-0.674473
-1.04374
-0.814594
-0.667785
-1.0524
-0.806834
-0.671489
-1.04746
-0.809063
-0.660645
-1.0513
-0.813237
-0.668372
-1.0552
-0.800045
-0.666645
-1.04469
-0.803951
-0.66217
-1.05208
-0.807387
-0.668355
-1.04225
-0.801638
-0.667634
-1.0436
-0.800783
-0.672612
-1.04463
-0.805895
-0.670819
-1.04344
-0.803699
-0.668288
-1.04338
-0.80975
-0.660058
-1.05721
-0.802995
-0.667048
-1.0526
-0.801135
-0.67397
-1.05208
-0.807923
-0.674389
-1.04814
-0.802845
-0.668573
-1.04615
-0.801051
-0.674087
-1.0461
-0.806431
-0.66036
-1.04464
-0.808258
-0.665874
-1.05036
-0.814443
-0.670249
-1.04112
-0.801789
-0.659404
-1.04603
-0.811862
-0.669679
-1.0439
-0.804571
-0.665807
-1.04855
-0.800163
-0.663343
-1.04105
-0.800649
-0.666712
-1.05669
-0.808175
-0.662908
-1.05135
-0.805174
-0.659438
-1.04459
-0.803582
-0.664751
-1.05627
-0.806482
-0.668254
-1.05073
-0.808778
-0.66217
-1.05544
-0.811141
-0.675193
-1.04654
-0.80204
-0.664684
-1.04628
-0.802124
-0.666042
-1.04999
-0.800263
-0.674573
-1.05121
-0.804102
-0.669897
-1.05049
-0.800498
-0.67226
-1.05547
-0.807554
-0.661952
-1.05689
-0.807169
-0.66512
-1.04444
-0.802023
-0.666746
-1.05203
-0.810488
-0.671523
-1.04548
-0.803599
-0.674624
-1.04878
-0.799459
-0.660494
-1.0425
-0.803699
-0.674724
-1.04714
-0.809214
-0.660997
-1.05668
-0.807152
-0.660879
-1.05408
-0.809985
-0.673702
-1.0435
-0.81275
-0.663796
-1.05726
-0.798554
-0.667634
-1.05648
-0.803465
-0.667383
-1.05441
-0.807236
-0.663578
-1.04129
-0.812147
-0.661852
-1.04513
-0.810018
-0.659388
-1.05601
-0.804068
-0.661148
-1.05207
-0.804621
-0.670752
-1.0423
-0.808728
-0.674791
-1.05136
-0.80566
-0.668439
-1.0436
-0.799844
-0.674355
-1.04972
-0.807102
-0.664651
-1.05698
-0.807454
-0.659572
-1.04794
-0.799023
-0.674674
-1.04796
-0.805811
-0.662488
-1.0463
-0.811996
-0.660293
-1.04726
-0.813823
-0.663528
-1.04372
-0.801236
-0.667902
-1.05366
-0.80561
-0.673014
-1.05508
-0.24992
-0.237264
-0.314402
-0.584597
-1.00675
-1.12535
-1.61703
-1.36805
-1.17864
-1.6636
-1.37626
-1.1985
-1.69456
-1.39303
-1.19817
-1.69197
-0.810133
-0.660166
-1.03891
-0.799355
-0.667558
-1.05241
-0.801785
-0.65678
-1.03928
-0.804015
-0.67034
-1.04741
-0.798802
-0.660233
-1.04837
-0.804786
-0.666686
-1.04778
-0.796355
-0.670927
-1.0537
-0.803143
-0.658741
-1.03796
-0.795651
-0.669686
-1.04213
-0.801903
-0.663267
-1.05093
-0.807283
-0.666032
-1.04116
-0.809512
-0.659211
-1.04929
-0.799338
-0.663585
-1.04528
-0.80197
-0.669636
-1.05368
-0.80373
-0.659663
-1.04672
-0.808104
-0.668798
-1.04077
-0.804099
-0.672234
-1.04039
-0.810887
-0.660585
-1.05334
-0.811708
-0.657048
-1.04625
-0.810585
-0.662295
-1.0509
-0.811004
-0.668815
-1.03952
-0.798886
-0.669904
-1.04523
-0.79783
-0.665563
-1.03868
-0.811189
-0.658473
-1.0405
-0.800612
-0.669284
-1.04897
-0.80606
-0.670239
-1.04007
-0.801785
-0.657182
-1.03807
-0.808574
-0.656529
-1.04513
-0.799875
-0.67029
-1.04354
-0.797545
-0.671513
-1.04858
-0.801584
-0.656579
-1.04297
-0.805825
-0.67148
-1.04345
-0.806244
-0.662043
-1.05071
-0.803914
-0.671714
-1.05401
-0.806076
-0.656512
-1.05148
-0.80026
-0.659613
-1.04272
-0.79907
-0.669083
-1.04421
-0.808808
-0.66092
-1.04724
-0.798768
-0.672268
-1.04391
-0.796305
-0.670139
-1.0405
-0.796724
-0.665395
-1.0542
-0.798282
-0.666887
-1.04543
-0.798433
-0.665362
-1.04102
-0.807769
-0.659345
-1.04553
-0.811809
-0.658222
-1.03965
-0.799556
-0.665882
-1.03786
-0.795819
-0.672133
-1.04096
-0.803009
-0.669066
-1.04533
-0.801014
-0.666334
-1.04039
-0.799087
-0.670239
-1.05388
-0.801517
-0.666032
-1.04491
-0.811658
-0.663904
-1.04138
-0.795986
-0.659831
-1.0434
-0.802506
-0.657434
-1.04537
-0.811239
-0.66677
-1.04538
-0.801266
-0.671614
-1.04171
-0.800478
-0.660032
-1.0479
-0.804048
-0.659512
-1.0457
-0.803663
-0.670726
-1.04009
-0.796103
-0.672217
-1.05063
-0.80135
-0.670424
-1.04595
-0.803847
-0.658507
-1.05408
-0.810568
-0.669049
-1.03828
-0.799925
-0.672016
-1.04198
-0.801417
-0.662982
-1.03931
-0.797478
-0.65911
-1.05013
-0.805674
-0.66496
-1.05041
-0.809646
-0.662563
-1.05157
-0.795852
-0.66211
-1.04099
-0.799154
-0.667088
-1.04402
-0.802925
-0.660199
-1.03774
-0.796439
-0.666116
-1.04962
-0.804769
-0.67277
-1.04709
-0.811155
-0.662596
-1.04557
-0.80916
-0.65906
-1.04464
-0.796908
-0.667926
-1.05224
-0.800411
-0.66144
-1.04662
-0.805858
-0.66682
-1.04966
-0.799037
-0.667708
-1.04646
-0.795902
-0.661021
-1.0393
-0.243139
-0.242755
-0.326464
-0.583585
-1.01479
-1.11965
-1.6377
-1.38112
-1.18684
-1.67742
-1.3835
-1.20192
-1.69768
-1.40472
-1.20247
-1.70787
-0.816029
-0.665792
-1.04577
-0.812895
-0.667284
-1.05095
-0.799905
-0.663077
-1.05177
-0.806425
-0.66363
-1.04341
-0.801883
-0.67605
-1.0508
-0.814437
-0.669899
-1.04686
-0.81566
-0.66891
-1.0513
-0.801396
-0.671072
-1.04669
-0.800341
-0.669681
-1.0573
-0.813699
-0.661652
-1.04934
-0.815191
-0.675547
-1.04882
-0.804145
-0.66591
-1.04917
-0.803894
-0.67605
-1.05067
-0.807866
-0.673385
-1.05035
-0.815258
-0.663949
-1.04782
-0.800056
-0.675765
-1.04307
-0.809056
-0.662306
-1.04403
-0.814638
-0.663932
-1.05685
-0.810632
-0.670854
-1.05352
-0.801732
-0.673285
-1.05521
-0.800005
-0.665994
-1.04906
-0.808805
-0.668424
-1.05611
-0.809894
-0.666496
-1.04406
-0.810917
-0.666245
-1.05554
-0.807447
-0.661368
-1.04778
-0.815174
-0.660446
-1.05497
-0.810498
-0.666161
-1.0566
-0.808168
-0.666848
-1.04971
-0.811001
-0.672162
-1.04597
-0.812291
-0.676469
-1.04592
-0.80614
-0.664753
-1.05814
-0.813196
-0.669061
-1.04817
-0.801681
-0.666329
-1.04617
-0.809945
-0.669161
-1.0539
-0.810632
-0.662809
-1.0566
-0.799989
-0.677039
-1.04743
-0.808185
-0.666128
-1.05791
-0.811084
-0.671508
-1.0592
-0.805738
-0.667971
-1.05908
-0.801665
-0.671474
-1.05809
-0.81147
-0.667402
-1.05516
-0.815979
-0.671977
-1.04693
-0.810096
-0.671257
-1.05727
-0.811386
-0.672614
-1.05494
-0.809526
-0.660496
-1.05321
-0.8139
-0.675531
-1.04673
-0.808151
-0.670251
-1.05546
-0.802737
-0.675363
-1.04441
-0.810934
-0.671022
-1.05583
-0.804045
-0.665139
-1.04532
-0.814118
-0.666832
-1.04319
-0.801195
-0.677039
-1.05762
-0.805235
-0.668139
-1.05093
-0.805319
-0.66239
-1.04847
-0.809894
-0.668105
-1.0576
-0.808369
-0.662222
-1.04656
-0.80624
-0.668877
-1.05328
-0.810347
-0.676939
-1.04612
-0.812107
-0.665357
-1.05083
-0.81447
-0.675564
-1.05051
-0.807112
-0.67605
-1.04879
-0.801966
-0.670435
-1.04673
-0.812442
-0.668105
-1.04339
-0.811185
-0.674156
-1.05434
-0.80852
-0.666865
-1.05905
-0.81209
-0.661787
-1.04291
-0.81452
-0.666563
-1.04802
-0.804548
-0.666178
-1.04743
-0.813951
-0.668273
-1.0563
-0.80505
-0.664535
-1.05182
-0.807347
-0.674408
-1.05211
-0.80609
-0.666915
-1.04254
-0.810397
-0.674374
-1.05382
-0.811017
-0.662323
-1.05015
-0.799905
-0.6612
-1.0566
-0.803073
-0.665776
-1.05816
-0.814085
-0.666262
-1.05295
-0.799821
-0.670838
-1.05531
-0.800374
-0.663278
-1.05318
-0.802201
-0.666379
-1.05648
-0.242255
-0.234864
-0.336003
-0.580213
-0.955579
-1.1095
-1.62767
-1.36806
-1.17694
-1.66834
-1.37511
-1.19857
-1.69431
-1.39427
-1.1966
-1.69888
-0.811648
-0.66792
-1.05129
-0.797786
-0.660293
-1.05339
-0.805312
-0.658902
-1.04094
-0.796948
-0.671121
-1.04746
-0.810642
-0.674021
-1.04975
-0.796378
-0.664115
-1.04568
-0.811547
-0.669026
-1.05052
-0.797686
-0.67387
-1.05128
-0.811514
-0.660143
-1.04928
-0.79725
-0.673166
-1.04722
-0.803703
-0.662791
-1.05019
-0.807675
-0.66616
-1.04397
-0.812519
-0.6704
-1.05471
-0.810994
-0.663713
-1.04809
-0.810609
-0.660444
-1.04918
-0.809754
-0.658852
-1.04766
-0.81138
-0.659204
-1.03882
-0.807038
-0.657612
-1.05017
-0.804642
-0.666143
-1.04067
-0.804591
-0.658919
-1.04102
-0.79911
-0.660344
-1.04935
-0.812067
-0.667601
-1.04648
-0.798943
-0.66621
-1.04516
-0.797552
-0.660193
-1.05047
-0.804273
-0.670467
-1.04794
-0.800066
-0.659355
-1.04387
-0.802898
-0.660109
-1.05381
-0.799362
-0.66911
-1.0547
-0.800585
-0.6645
-1.03983
-0.799462
-0.671222
-1.05118
-0.799345
-0.67211
-1.04449
-0.809888
-0.659656
-1.0486
-0.799177
-0.668992
-1.04405
-0.801273
-0.667802
-1.04923
-0.811882
-0.674054
-1.04684
-0.809419
-0.666026
-1.05443
-0.812117
-0.67335
-1.05458
-0.803083
-0.673635
-1.0501
-0.798943
-0.667953
-1.03939
-0.808413
-0.663545
-1.04752
-0.808564
-0.65974
-1.05143
-0.805563
-0.667534
-1.04333
-0.79968
-0.66735
-1.04603
-0.803116
-0.672328
-1.05054
-0.802463
-0.66973
-1.04305
-0.812335
-0.664383
-1.03884
-0.80605
-0.660712
-1.04167
-0.803854
-0.671859
-1.05235
-0.801993
-0.66269
-1.04942
-0.805698
-0.658282
-1.04078
-0.799412
-0.664534
-1.04161
-0.812234
-0.672462
-1.0437
-0.806888
-0.66316
-1.04653
-0.803083
-0.663579
-1.0497
-0.806988
-0.670367
-1.03993
-0.811631
-0.672797
-1.04082
-0.80548
-0.666042
-1.04499
-0.798457
-0.657746
-1.04856
-0.812419
-0.657427
-1.0467
-0.809553
-0.657846
-1.04209
-0.799245
-0.669596
-1.05418
-0.798792
-0.669747
-1.04032
-0.810609
-0.67144
-1.04141
-0.800368
-0.666629
-1.04725
-0.807357
-0.665104
-1.04647
-0.798323
-0.673568
-1.04628
-0.80853
-0.665875
-1.05193
-0.808078
-0.664819
-1.03981
-0.798306
-0.663294
-1.046
-0.802278
-0.659958
-1.04635
-0.796797
-0.667417
-1.04449
-0.808681
-0.658718
-1.03948
-0.806821
-0.659338
-1.0458
-0.804625
-0.663377
-1.04414
-0.805312
-0.660109
-1.04161
-0.799228
-0.660662
-1.04746
-0.808229
-0.670534
-1.04667
-0.804156
-0.662506
-1.05493
-0.799881
-0.673049
-1.05334
-0.81029
-0.670115
-1.03881
-0.23227
-0.253339
-0.304145
-0.568729
-1.04832
-1.11871
-1.61363
-1.37424
-1.17753
-1.66568
-1.37568
-1.195
-1.68772
-1.39204
-1.19654
-1.6915
-0.802937
-0.664409
-1.05227
-0.802351
-0.659196
-1.05356
-0.807195
-0.670678
-1.04298
-0.801245
-0.66104
-1.04843
-0.809307
-0.662867
-1.04791
-0.808854
-0.671868
-1.04987
-0.811687
-0.663236
-1.05405
-0.805871
-0.657084
-1.04649
-0.801597
-0.673393
-1.05428
-0.805837
-0.670996
-1.04525
-0.80639
-0.659146
-1.04795
-0.80634
-0.666672
-1.05017
-0.803541
-0.672119
-1.04831
-0.802552
-0.658191
-1.04169
-0.79573
-0.658811
-1.04265
-0.801714
-0.664191
-1.05426
-0.805217
-0.672589
-1.04919
-0.796049
-0.670996
-1.03894
-0.810547
-0.669337
-1.05478
-0.805401
-0.665331
-1.04159
-0.797507
-0.667426
-1.05488
-0.800809
-0.657386
-1.04464
-0.804446
-0.668465
-1.05056
-0.796753
-0.669689
-1.04179
-0.797037
-0.660923
-1.04127
-0.803155
-0.667778
-1.04498
-0.806658
-0.665448
-1.03829
-0.801915
-0.658224
-1.04897
-0.803139
-0.67279
-1.03866
-0.81234
-0.661543
-1.04143
-0.809809
-0.665649
-1.04319
-0.797959
-0.666739
-1.05038
-0.809642
-0.667895
-1.04208
-0.797658
-0.663487
-1.05155
-0.803977
-0.665448
-1.04258
-0.803926
-0.660906
-1.04669
-0.799116
-0.66689
-1.04188
-0.804563
-0.668113
-1.04826
-0.811955
-0.670074
-1.04278
-0.807748
-0.663923
-1.05386
-0.798915
-0.667895
-1.0457
-0.797658
-0.660269
-1.05115
-0.806658
-0.662364
-1.04848
-0.808619
-0.671097
-1.04387
-0.796568
-0.667962
-1.03946
-0.797859
-0.671734
-1.0425
-0.806323
-0.669002
-1.04171
-0.804396
-0.665264
-1.05212
-0.807765
-0.666823
-1.0524
-0.812005
-0.667242
-1.05182
-0.807731
-0.657001
-1.04285
-0.80929
-0.672706
-1.04964
-0.796032
-0.665415
-1.03879
-0.803759
-0.661811
-1.04384
-0.80753
-0.661493
-1.04533
-0.80815
-0.659766
-1.04099
-0.798244
-0.660252
-1.05334
-0.80396
-0.658928
-1.04189
-0.810547
-0.66156
-1.05304
-0.811972
-0.665197
-1.04776
-0.800457
-0.671583
-1.05395
-0.797322
-0.663152
-1.04639
-0.799216
-0.671952
-1.04587
-0.803993
-0.672907
-1.0481
-0.802937
-0.661459
-1.04369
-0.808519
-0.661744
-1.0482
-0.804513
-0.671616
-1.04218
-0.806474
-0.671097
-1.03931
-0.804211
-0.666756
-1.0404
-0.804697
-0.665029
-1.05497
-0.798948
-0.665649
-1.04024
-0.79635
-0.669957
-1.04019
-0.811787
-0.664945
-1.04838
-0.800876
-0.660671
-1.04994
-0.79687
-0.67041
-1.05264
-0.805133
-0.658358
-1.05339
-0.811452
-0.672119
-1.04724
-0.8051
-0.671197
-1.04236
-0.797607
-0.667258
-1.03876
-0.801446
-0.657219
-1.0481
-0.225874
-0.255888
-0.30329
-0.60043
-1.00574
-1.13463
-1.62563
-1.3649
-1.17395
-1.66897
-1.37167
-1.19236
-1.68827
-1.39256
-1.19585
-1.6952
-0.804215
-0.662012
-1.04014
-0.804433
-0.661895
-1.03995
-0.809009
-0.670694
-1.03756
-0.808958
-0.669773
-1.03979
-0.806293
-0.655241
-1.04758
-0.807986
-0.669337
-1.04203
-0.808673
-0.658291
-1.04741
-0.804735
-0.668901
-1.04253
-0.795767
-0.660001
-1.04698
-0.801483
-0.664845
-1.03687
-0.799086
-0.671365
-1.0503
-0.800645
-0.671248
-1.05132
-0.802137
-0.660336
-1.03967
-0.800745
-0.671482
-1.04726
-0.796739
-0.670762
-1.04728
-0.798164
-0.667024
-1.05138
-0.799924
-0.658928
-1.03893
-0.804835
-0.662565
-1.03928
-0.809143
-0.670426
-1.03702
-0.804667
-0.667761
-1.04542
-0.803612
-0.665431
-1.0394
-0.803159
-0.658341
-1.04994
-0.807198
-0.663253
-1.05076
-0.809025
-0.659112
-1.04562
-0.800058
-0.662146
-1.0518
-0.797326
-0.667795
-1.03593
-0.797611
-0.66037
-1.04587
-0.799572
-0.671516
-1.04864
-0.804416
-0.665297
-1.0398
-0.807048
-0.663035
-1.04458
-0.801567
-0.668884
-1.05157
-0.795616
-0.660587
-1.0361
-0.803008
-0.669789
-1.04255
-0.805506
-0.664979
-1.04344
-0.807131
-0.666404
-1.04024
-0.794879
-0.665482
-1.04622
-0.795298
-0.658459
-1.05066
-0.80517
-0.658744
-1.03627
-0.797946
-0.659364
-1.04393
-0.801114
-0.659649
-1.03704
-0.80274
-0.665096
-1.04027
-0.809528
-0.658945
-1.0421
-0.795063
-0.663051
-1.0452
-0.80574
-0.666823
-1.04515
-0.795298
-0.661007
-1.04476
-0.8045
-0.657001
-1.04029
-0.795667
-0.657487
-1.04111
-0.80983
-0.659381
-1.04401
-0.804081
-0.656649
-1.04443
-0.807651
-0.668197
-1.04424
-0.809009
-0.667744
-1.04922
-0.809629
-0.65985
-1.0363
-0.803746
-0.658995
-1.04678
-0.796991
-0.654989
-1.04109
-0.793253
-0.664057
-1.03669
-0.809294
-0.660453
-1.05232
-0.79389
-0.664158
-1.03625
-0.794778
-0.667527
-1.03633
-0.804047
-0.662783
-1.04949
-0.800511
-0.656095
-1.03925
-0.797443
-0.666102
-1.0445
-0.798064
-0.665314
-1.04753
-0.798483
-0.670493
-1.03642
-0.800846
-0.663269
-1.04535
-0.793756
-0.662683
-1.04215
-0.79384
-0.663638
-1.03714
-0.800963
-0.657017
-1.03782
-0.795281
-0.666152
-1.04622
-0.8075
-0.657788
-1.03685
-0.806913
-0.655928
-1.04445
-0.806394
-0.664057
-1.04165
-0.809025
-0.660051
-1.04991
-0.794292
-0.658526
-1.04711
-0.794376
-0.658006
-1.04518
-0.800695
-0.665331
-1.04171
-0.804533
-0.657705
-1.03684
-0.79865
-0.661007
-1.04021
-0.809059
-0.661291
-1.04552
-0.802908
-0.663521
-1.04527
-0.803796
-0.669974
-1.04428
-0.220186
-0.264285
-0.331074
-0.600438
-0.965645
-1.13228
-1.62974
-1.37401
-1.17875
-1.66955
-1.37972
-1.20219
-1.69142
-1.39745
-1.19719
-1.70037
-0.796412
-0.659789
-1.0468
-0.804675
-0.664498
-1.05332
-0.808446
-0.663912
-1.04569
-0.808932
-0.660845
-1.05141
-0.811095
-0.661062
-1.05304
-0.811178
-0.658532
-1.04615
-0.8002
-0.670013
-1.0408
-0.805781
-0.666946
-1.04665
-0.797619
-0.663409
-1.04251
-0.795691
-0.661683
-1.04608
-0.807105
-0.659085
-1.03886
-0.802094
-0.670097
-1.05369
-0.811899
-0.661733
-1.04392
-0.805278
-0.666175
-1.04347
-0.799529
-0.661833
-1.04469
-0.805647
-0.669359
-1.04035
-0.809955
-0.672527
-1.03996
-0.806418
-0.667851
-1.05252
-0.809921
-0.667532
-1.0528
-0.803032
-0.657358
-1.04792
-0.804256
-0.670181
-1.0466
-0.802999
-0.672477
-1.04105
-0.799932
-0.660493
-1.04509
-0.812352
-0.658096
-1.04155
-0.811027
-0.667298
-1.04533
-0.804943
-0.666376
-1.05158
-0.801071
-0.666594
-1.0414
-0.809737
-0.66071
-1.04417
-0.797149
-0.673667
-1.04164
-0.805949
-0.671806
-1.04521
-0.811731
-0.669074
-1.03946
-0.808463
-0.664934
-1.04652
-0.810491
-0.673734
-1.05471
-0.802798
-0.663426
-1.05386
-0.802278
-0.66418
-1.04409
-0.79968
-0.659101
-1.04846
-0.798356
-0.663878
-1.0399
-0.799647
-0.664297
-1.04896
-0.804893
-0.667465
-1.0412
-0.810877
-0.669493
-1.05456
-0.800971
-0.667164
-1.04439
-0.797434
-0.671471
-1.03924
-0.79611
-0.65761
-1.05133
-0.801021
-0.661515
-1.04484
-0.807206
-0.670583
-1.04647
-0.805278
-0.666577
-1.0503
-0.811195
-0.669611
-1.05501
-0.799077
-0.66708
-1.04518
-0.799496
-0.66475
-1.04063
-0.8091
-0.657258
-1.05292
-0.806837
-0.662303
-1.04234
-0.807994
-0.668488
-1.0494
-0.800099
-0.659722
-1.0521
-0.800183
-0.667784
-1.0487
-0.806234
-0.660358
-1.04093
-0.810743
-0.665068
-1.04263
-0.806871
-0.670918
-1.04238
-0.810039
-0.662889
-1.04501
-0.796512
-0.659219
-1.04033
-0.797535
-0.666074
-1.05141
-0.810558
-0.668974
-1.04097
-0.801658
-0.667381
-1.04507
-0.801138
-0.660224
-1.0459
-0.796529
-0.661448
-1.05121
-0.799228
-0.667834
-1.04519
-0.810173
-0.670398
-1.05386
-0.800535
-0.671421
-1.05401
-0.796864
-0.662856
-1.04417
-0.811765
-0.663074
-1.05049
-0.798708
-0.662286
-1.04373
-0.800066
-0.667599
-1.0412
-0.807927
-0.658632
-1.04732
-0.80325
-0.6618
-1.04036
-0.80253
-0.657392
-1.04702
-0.803619
-0.671555
-1.04663
-0.809871
-0.659772
-1.05436
-0.796077
-0.663878
-1.0407
-0.810776
-0.66242
-1.04306
-0.807575
-0.660895
-1.05448
-0.801222
-0.666007
-1.04048
-0.253939
-0.22967
-0.342874
-0.534568
-1.01506
-1.12047
-1.61882
-1.38534
-1.18853
-1.67733
-1.38528
-1.20724
-1.69963
-1.40722
-1.20686
-1.71118
-0.809707
-0.678542
-1.06311
-0.813546
-0.669038
-1.0589
-0.813026
-0.677034
-1.05825
-0.806674
-0.668871
-1.0594
-0.808568
-0.673514
-1.04923
-0.806238
-0.663206
-1.05508
-0.804646
-0.674821
-1.05764
-0.813579
-0.663172
-1.05759
-0.814669
-0.676799
-1.05935
-0.803891
-0.668502
-1.05488
-0.810344
-0.67167
-1.05476
-0.804394
-0.66525
-1.06195
-0.812724
-0.675391
-1.05781
-0.804897
-0.677821
-1.05763
-0.806657
-0.675492
-1.05925
-0.81787
-0.667329
-1.05933
-0.803405
-0.678944
-1.05399
-0.816228
-0.666223
-1.05568
-0.814501
-0.671536
-1.05355
-0.810965
-0.668737
-1.05967
-0.812859
-0.668955
-1.06143
-0.816697
-0.678224
-1.05119
-0.811886
-0.676028
-1.06287
-0.8172
-0.66277
-1.06188
-0.809842
-0.663658
-1.05117
-0.808853
-0.670513
-1.06306
-0.813697
-0.677302
-1.04926
-0.803456
-0.666323
-1.05109
-0.805618
-0.669357
-1.05674
-0.808651
-0.678089
-1.04797
-0.8084
-0.676162
-1.04893
-0.813445
-0.665049
-1.04686
-0.811987
-0.677872
-1.05855
-0.816764
-0.676682
-1.05984
-0.808735
-0.663759
-1.04993
-0.817937
-0.67638
-1.0531
-0.815809
-0.67633
-1.0566
-0.815222
-0.663206
-1.04663
-0.812691
-0.676698
-1.05898
-0.813982
-0.677788
-1.06081
-0.807026
-0.667279
-1.05479
-0.805366
-0.665418
-1.04817
-0.806456
-0.677704
-1.05181
-0.815792
-0.678928
-1.0476
-0.806288
-0.673111
-1.05218
-0.804763
-0.673933
-1.06044
-0.804243
-0.665033
-1.05751
-0.804327
-0.678592
-1.05531
-0.818289
-0.678408
-1.04862
-0.805098
-0.669038
-1.04898
-0.819597
-0.67824
-1.04658
-0.808953
-0.667128
-1.04921
-0.803472
-0.677536
-1.06237
-0.817904
-0.678626
-1.05454
-0.809607
-0.666239
-1.05979
-0.817066
-0.675642
-1.05008
-0.811182
-0.673715
-1.05667
-0.809925
-0.66877
-1.06078
-0.812222
-0.67757
-1.04993
-0.813512
-0.674503
-1.04948
-0.818758
-0.66748
-1.05687
-0.818574
-0.664546
-1.04958
-0.819664
-0.673748
-1.04745
-0.807411
-0.663574
-1.04861
-0.805148
-0.675056
-1.06136
-0.817703
-0.677218
-1.05273
-0.805785
-0.674486
-1.05985
-0.81083
-0.6682
-1.04961
-0.812724
-0.675793
-1.06036
-0.807311
-0.674335
-1.05749
-0.810143
-0.663558
-1.05241
-0.814384
-0.672692
-1.05974
-0.817619
-0.67881
-1.05841
-0.808182
-0.676682
-1.06104
-0.80726
-0.671402
-1.05235
-0.813914
-0.666591
-1.05538
-0.80535
-0.673916
-1.05633
-0.803958
-0.670715
-1.06232
-0.808266
-0.663423
-1.05724
-0.804193
-0.674033
-1.06309
-0.240824
-0.246843
-0.322861
-0.573045
-0.994958
-1.12511
-1.60628
-1.37271
-1.17461
-1.66724
-1.38034
-1.19908
-1.68633
-1.39885
-1.19691
-1.69277
-0.798812
-0.664824
-1.04732
-0.799566
-0.6576
-1.05143
-0.800119
-0.667472
-1.05024
-0.809187
-0.665076
-1.04764
-0.797806
-0.666769
-1.04471
-0.807008
-0.671344
-1.0527
-0.799382
-0.663651
-1.05124
-0.80255
-0.663265
-1.04248
-0.801628
-0.663483
-1.04491
-0.812305
-0.662427
-1.04124
-0.797035
-0.660634
-1.05037
-0.804628
-0.661455
-1.05407
-0.797806
-0.663684
-1.05047
-0.812506
-0.671747
-1.04506
-0.800455
-0.658287
-1.04923
-0.797454
-0.665679
-1.0469
-0.80793
-0.669115
-1.03927
-0.808684
-0.673289
-1.04848
-0.811115
-0.661573
-1.05372
-0.796985
-0.66226
-1.04683
-0.80089
-0.658589
-1.05302
-0.800974
-0.664506
-1.04063
-0.803673
-0.672233
-1.04561
-0.797991
-0.66112
-1.03926
-0.812355
-0.664824
-1.03847
-0.805198
-0.657332
-1.04244
-0.796097
-0.671629
-1.03857
-0.805433
-0.659578
-1.04147
-0.801293
-0.670925
-1.04926
-0.800438
-0.669869
-1.05257
-0.802466
-0.65936
-1.04816
-0.801745
-0.659779
-1.04864
-0.806589
-0.657315
-1.03994
-0.805064
-0.665109
-1.03936
-0.802935
-0.661036
-1.0387
-0.812271
-0.672719
-1.05394
-0.802365
-0.659125
-1.05315
-0.809556
-0.661154
-1.03983
-0.809573
-0.661237
-1.03877
-0.812472
-0.661656
-1.03872
-0.809137
-0.667238
-1.04652
-0.806807
-0.668193
-1.05183
-0.808433
-0.669886
-1.03844
-0.807712
-0.673523
-1.04227
-0.809338
-0.670389
-1.04779
-0.804997
-0.672953
-1.04278
-0.802466
-0.66231
-1.04038
-0.800002
-0.671043
-1.0465
-0.81021
-0.666836
-1.04343
-0.80265
-0.669802
-1.05478
-0.797035
-0.662109
-1.04782
-0.809589
-0.666417
-1.0522
-0.802097
-0.669853
-1.04672
-0.796952
-0.67054
-1.04747
-0.802466
-0.666735
-1.05151
-0.796784
-0.6575
-1.04087
-0.805919
-0.663483
-1.0433
-0.802382
-0.668193
-1.04486
-0.799985
-0.670288
-1.04742
-0.806103
-0.669366
-1.03906
-0.805315
-0.658455
-1.05047
-0.800572
-0.662494
-1.05485
-0.797907
-0.662578
-1.04467
-0.796114
-0.663534
-1.05401
-0.810612
-0.659461
-1.04209
-0.807612
-0.66712
-1.05022
-0.809908
-0.673909
-1.04621
-0.805701
-0.65931
-1.05139
-0.810411
-0.65926
-1.04739
-0.801242
-0.658338
-1.0519
-0.796298
-0.659628
-1.0385
-0.808718
-0.673456
-1.05334
-0.798008
-0.66697
-1.04182
-0.801578
-0.659477
-1.04754
-0.805751
-0.666668
-1.05064
-0.796985
-0.672048
-1.05045
-0.80384
-0.671193
-1.03948
-0.807411
-0.657399
-1.0527
-0.809975
-0.667942
-1.04534
-0.797991
-0.666215
-1.04569
-0.251659
-0.252141
-0.28552
-0.568397
-0.966656
-1.13199
-1.62019
-1.37664
-1.17824
-1.67289
-1.38148
-1.20067
-1.69662
-1.39461
-1.20132
-1.69558
-0.811569
-0.674297
-1.04494
-0.81353
-0.661173
-1.05669
-0.81167
-0.663268
-1.04451
-0.806122
-0.669587
-1.04191
-0.810831
-0.668867
-1.04059
-0.802199
-0.663654
-1.05394
-0.80463
-0.664542
-1.05034
-0.806725
-0.669654
-1.05472
-0.812239
-0.668263
-1.04468
-0.79878
-0.663587
-1.05361
-0.809122
-0.670777
-1.04357
-0.802367
-0.66704
-1.04499
-0.799166
-0.666453
-1.05064
-0.811854
-0.662179
-1.05421
-0.812005
-0.665883
-1.04337
-0.806993
-0.661877
-1.0515
-0.804328
-0.665179
-1.04722
-0.80106
-0.664794
-1.05173
-0.814083
-0.665682
-1.04853
-0.805987
-0.663017
-1.05291
-0.810295
-0.673023
-1.04514
-0.807563
-0.667274
-1.05287
-0.806373
-0.672185
-1.04471
-0.799618
-0.673275
-1.05069
-0.805267
-0.665313
-1.05366
-0.806289
-0.674582
-1.05495
-0.801076
-0.661793
-1.04397
-0.799417
-0.671465
-1.05291
-0.798495
-0.672889
-1.05386
-0.804479
-0.661374
-1.0463
-0.80825
-0.674331
-1.05597
-0.807395
-0.669252
-1.05002
-0.797758
-0.661827
-1.05031
-0.812591
-0.659698
-1.05173
-0.805099
-0.673191
-1.04504
-0.799953
-0.673208
-1.05505
-0.81177
-0.667928
-1.04152
-0.810781
-0.66647
-1.05529
-0.803959
-0.671783
-1.04283
-0.801898
-0.66885
-1.04265
-0.798965
-0.673359
-1.0424
-0.803205
-0.666403
-1.04248
-0.805501
-0.662196
-1.04585
-0.804915
-0.659531
-1.04379
-0.808016
-0.668733
-1.05118
-0.80649
-0.661106
-1.05167
-0.814284
-0.66776
-1.04913
-0.809273
-0.67542
-1.05042
-0.811301
-0.663034
-1.04293
-0.814066
-0.667878
-1.05173
-0.80872
-0.675471
-1.05309
-0.810412
-0.674683
-1.04566
-0.799434
-0.66471
-1.04568
-0.809843
-0.674515
-1.04241
-0.810932
-0.662263
-1.04484
-0.800691
-0.664291
-1.04761
-0.80044
-0.674163
-1.04186
-0.80468
-0.663587
-1.0516
-0.802686
-0.659514
-1.05658
-0.80934
-0.664894
-1.04687
-0.801311
-0.659078
-1.04461
-0.798445
-0.674515
-1.05408
-0.800473
-0.660654
-1.04364
-0.808468
-0.669654
-1.04882
-0.802317
-0.664911
-1.05648
-0.813932
-0.665196
-1.05039
-0.805501
-0.664207
-1.05363
-0.809608
-0.667174
-1.04178
-0.813245
-0.669135
-1.04622
-0.808636
-0.667006
-1.04282
-0.801412
-0.66709
-1.04592
-0.8023
-0.664291
-1.05485
-0.809021
-0.671079
-1.05379
-0.811787
-0.65943
-1.04999
-0.813413
-0.668632
-1.04263
-0.803976
-0.66181
-1.04955
-0.79997
-0.666989
-1.04742
-0.804881
-0.664324
-1.0518
-0.810262
-0.668967
-1.04753
-0.810748
-0.661743
-1.04761
-0.245814
-0.245887
-0.327398
-0.574367
-0.946932
-1.11607
-1.63689
-1.38079
-1.18574
-1.67757
-1.3872
-1.20823
-1.6954
-1.40333
-1.2054
-1.70465
-0.815455
-0.667868
-1.05517
-0.809103
-0.665337
-1.04922
-0.804292
-0.669712
-1.05795
-0.818187
-0.678847
-1.06112
-0.814181
-0.668337
-1.05282
-0.818422
-0.670097
-1.05505
-0.809589
-0.676886
-1.05413
-0.807393
-0.673818
-1.05797
-0.80808
-0.667868
-1.05195
-0.80575
-0.662521
-1.05471
-0.809119
-0.663007
-1.05621
-0.81336
-0.667583
-1.04771
-0.816863
-0.677187
-1.05751
-0.80689
-0.67412
-1.05371
-0.803823
-0.664147
-1.05761
-0.805114
-0.669125
-1.04764
-0.81626
-0.678327
-1.06026
-0.814064
-0.664801
-1.05083
-0.813544
-0.678294
-1.05393
-0.814299
-0.668388
-1.05736
-0.81445
-0.666326
-1.04786
-0.805952
-0.672109
-1.05062
-0.810125
-0.675277
-1.05936
-0.80927
-0.673014
-1.04804
-0.806337
-0.664516
-1.05651
-0.804275
-0.668421
-1.05834
-0.807913
-0.668907
-1.05379
-0.81698
-0.664901
-1.05401
-0.814986
-0.663778
-1.04705
-0.807024
-0.671706
-1.05398
-0.809991
-0.670181
-1.05976
-0.811684
-0.673148
-1.05314
-0.803253
-0.663175
-1.0553
-0.809773
-0.673651
-1.04881
-0.816226
-0.666091
-1.04548
-0.818455
-0.668388
-1.05857
-0.8115
-0.668606
-1.06033
-0.806086
-0.675595
-1.05572
-0.80275
-0.668304
-1.05949
-0.802029
-0.674087
-1.04711
-0.81693
-0.679132
-1.05342
-0.814332
-0.667349
-1.05083
-0.80456
-0.676685
-1.05647
-0.817249
-0.672813
-1.05428
-0.80332
-0.678394
-1.06154
-0.813192
-0.668354
-1.05572
-0.813075
-0.674874
-1.04943
-0.818388
-0.671405
-1.04657
-0.811701
-0.672293
-1.05718
-0.803873
-0.665605
-1.04788
-0.811265
-0.667432
-1.05567
-0.803572
-0.671606
-1.04851
-0.813243
-0.667399
-1.05845
-0.816142
-0.664332
-1.05827
-0.807443
-0.663074
-1.06164
-0.810075
-0.675696
-1.05475
-0.806605
-0.665723
-1.04659
-0.814869
-0.663192
-1.06048
-0.815422
-0.67816
-1.04803
-0.80451
-0.674288
-1.0524
-0.801845
-0.673701
-1.06113
-0.810242
-0.664466
-1.06028
-0.8116
-0.667365
-1.04943
-0.813963
-0.667516
-1.05193
-0.808885
-0.674975
-1.05839
-0.817953
-0.673785
-1.05539
-0.810326
-0.678294
-1.04776
-0.80974
-0.671472
-1.04556
-0.811365
-0.677187
-1.05604
-0.805818
-0.669159
-1.04821
-0.809723
-0.663611
-1.05118
-0.809941
-0.675159
-1.05461
-0.818137
-0.673768
-1.05999
-0.814198
-0.66708
-1.05874
-0.814483
-0.665823
-1.05513
-0.816176
-0.67764
-1.04892
-0.817399
-0.671556
-1.04585
-0.80622
-0.672109
-1.06175
-0.804225
-0.66589
-1.05212
-0.807929
-0.662957
-1.05421
-0.248106
-0.228313
-0.315916
-0.571637
-1.00483
-1.13169
-1.63048
-1.3698
-1.17181
-1.66072
-1.37469
-1.19718
-1.68654
-1.39429
-1.19578
-1.6939
-0.803501
-0.67136
-1.0416
-0.809887
-0.671242
-1.0508
-0.79864
-0.656442
-1.04733
-0.801942
-0.671343
-1.04916
-0.801824
-0.668343
-1.03912
-0.795472
-0.664203
-1.0502
-0.802327
-0.665359
-1.04793
-0.800534
-0.665108
-1.04547
-0.804841
-0.666398
-1.04213
-0.807473
-0.660381
-1.04463
-0.800919
-0.657247
-1.04009
-0.794165
-0.664236
-1.04554
-0.794584
-0.666465
-1.04059
-0.804456
-0.657498
-1.04859
-0.807423
-0.65718
-1.03881
-0.798657
-0.665912
-1.05123
-0.797332
-0.667337
-1.0361
-0.804255
-0.668561
-1.0508
-0.802528
-0.658185
-1.05028
-0.795237
-0.655923
-1.04849
-0.806383
-0.665259
-1.04743
-0.808881
-0.669298
-1.04483
-0.796159
-0.657046
-1.0364
-0.800266
-0.661487
-1.04131
-0.808596
-0.666532
-1.03825
-0.805998
-0.656761
-1.04584
-0.803735
-0.663549
-1.0425
-0.809719
-0.6637
-1.04983
-0.793511
-0.669415
-1.04274
-0.799092
-0.668494
-1.04121
-0.800718
-0.661873
-1.03989
-0.793829
-0.666717
-1.04627
-0.799344
-0.670421
-1.04616
-0.80345
-0.663733
-1.03565
-0.795824
-0.660599
-1.03714
-0.796712
-0.665309
-1.04192
-0.805445
-0.665259
-1.05051
-0.80231
-0.656157
-1.03531
-0.798975
-0.665761
-1.04646
-0.808847
-0.660817
-1.05123
-0.80578
-0.660096
-1.03731
-0.808546
-0.65542
-1.04249
-0.803601
-0.65537
-1.04478
-0.795371
-0.658336
-1.04527
-0.805043
-0.658152
-1.03657
-0.804322
-0.662325
-1.03732
-0.797768
-0.665091
-1.04431
-0.801607
-0.660146
-1.05177
-0.804439
-0.670153
-1.04978
-0.795673
-0.664136
-1.04235
-0.797701
-0.663817
-1.04183
-0.807708
-0.658336
-1.04312
-0.803031
-0.66432
-1.03684
-0.800031
-0.6697
-1.04979
-0.807691
-0.662409
-1.03694
-0.804154
-0.659342
-1.0456
-0.800685
-0.659023
-1.0428
-0.806266
-0.656358
-1.04892
-0.797701
-0.663281
-1.04156
-0.804355
-0.665175
-1.04393
-0.805847
-0.66204
-1.04689
-0.804322
-0.661119
-1.05087
-0.807557
-0.664152
-1.03654
-0.803618
-0.658269
-1.04078
-0.795723
-0.670153
-1.04495
-0.809752
-0.660515
-1.04262
-0.794751
-0.669985
-1.0366
-0.807976
-0.656593
-1.04017
-0.797802
-0.658956
-1.05132
-0.799629
-0.665946
-1.0514
-0.808361
-0.669114
-1.04552
-0.799997
-0.66779
-1.03595
-0.801623
-0.662376
-1.04575
-0.79393
-0.666817
-1.04034
-0.796092
-0.656442
-1.04089
-0.807842
-0.658604
-1.04272
-0.809736
-0.65547
-1.03684
-0.806467
-0.664203
-1.03732
-0.796695
-0.656912
-1.05035
-0.801338
-0.671008
-1.04292
-0.232557
-0.258932
-0.305972
-0.606892
-0.968577
-1.12388
-1.61563
-1.37279
-1.18204
-1.6735
-1.3797
-1.19779
-1.69118
-1.39965
-1.19948
-1.70189
-0.807267
-0.659879
-1.05056
-0.80011
-0.667807
-1.04957
-0.804551
-0.66065
-1.04315
-0.802758
-0.664555
-1.04444
-0.810284
-0.661689
-1.0517
-0.812245
-0.66841
-1.05513
-0.808507
-0.661253
-1.05139
-0.803898
-0.671863
-1.05067
-0.800562
-0.672483
-1.04975
-0.809898
-0.668746
-1.03911
-0.799322
-0.668025
-1.04744
-0.806915
-0.662678
-1.05423
-0.802372
-0.670539
-1.0462
-0.80554
-0.658354
-1.04963
-0.809982
-0.670371
-1.03919
-0.800411
-0.658856
-1.03954
-0.81263
-0.663499
-1.04372
-0.800244
-0.66593
-1.05064
-0.812597
-0.66427
-1.05039
-0.800076
-0.671662
-1.04792
-0.800897
-0.661689
-1.05076
-0.800579
-0.658622
-1.05124
-0.796975
-0.665544
-1.03892
-0.813016
-0.667036
-1.05309
-0.799221
-0.674092
-1.05109
-0.807485
-0.662041
-1.04005
-0.803345
-0.671109
-1.03966
-0.811206
-0.673539
-1.04524
-0.799154
-0.670807
-1.04285
-0.809295
-0.668276
-1.04642
-0.811993
-0.658035
-1.04858
-0.799205
-0.667438
-1.05108
-0.80083
-0.670472
-1.04747
-0.800512
-0.663248
-1.04568
-0.798115
-0.659443
-1.05548
-0.807719
-0.658789
-1.05436
-0.797545
-0.666516
-1.04754
-0.800445
-0.670019
-1.04923
-0.813334
-0.667824
-1.03919
-0.812479
-0.663281
-1.05403
-0.807937
-0.670204
-1.04036
-0.797696
-0.658957
-1.03911
-0.806563
-0.673925
-1.05213
-0.807317
-0.667103
-1.0443
-0.811222
-0.661957
-1.05116
-0.80259
-0.66546
-1.04078
-0.804887
-0.669701
-1.04067
-0.7984
-0.669986
-1.04236
-0.804317
-0.666181
-1.03943
-0.807216
-0.669148
-1.04595
-0.80549
-0.668293
-1.052
-0.81201
-0.663214
-1.04618
-0.800361
-0.665041
-1.04486
-0.80192
-0.67364
-1.04454
-0.809714
-0.673858
-1.04563
-0.806579
-0.671193
-1.05268
-0.803378
-0.662695
-1.05511
-0.802523
-0.660566
-1.04943
-0.797847
-0.667891
-1.04999
-0.803965
-0.665896
-1.0431
-0.811356
-0.660348
-1.04231
-0.803395
-0.670153
-1.04159
-0.809043
-0.659644
-1.0404
-0.800143
-0.664354
-1.05376
-0.811155
-0.665913
-1.04077
-0.812982
-0.664589
-1.05547
-0.807099
-0.669634
-1.05562
-0.810267
-0.667639
-1.05221
-0.804116
-0.662494
-1.04486
-0.80192
-0.668947
-1.05138
-0.801266
-0.664606
-1.05354
-0.811943
-0.659661
-1.04813
-0.796942
-0.662293
-1.05243
-0.807216
-0.670221
-1.04997
-0.801601
-0.671779
-1.04623
-0.812546
-0.661605
-1.04672
-0.803579
-0.660885
-1.04499
-0.801652
-0.658085
-1.05044
-0.813334
-0.667421
-1.05501
-0.803764
-0.663952
-1.04625
-0.221881
-0.24401
-0.351522
-0.613146
-1.00768
-1.11116
-1.62002
-1.37373
-1.17715
-1.67007
-1.37792
-1.19881
-1.68956
-1.39408
-1.20021
-1.69465
-0.8075
-0.663016
-1.04929
-0.801952
-0.66491
-1.0483
-0.801835
-0.661641
-1.05114
-0.804333
-0.662463
-1.04385
-0.803545
-0.672067
-1.05191
-0.796254
-0.664977
-1.05092
-0.808875
-0.671497
-1.05255
-0.806143
-0.66548
-1.04284
-0.803612
-0.665429
-1.04205
-0.807584
-0.663971
-1.04683
-0.801835
-0.663787
-1.03961
-0.801785
-0.661926
-1.04894
-0.810115
-0.663753
-1.04064
-0.804701
-0.668865
-1.04287
-0.797209
-0.666267
-1.04182
-0.803997
-0.662798
-1.04887
-0.803478
-0.656982
-1.04447
-0.802489
-0.671748
-1.05407
-0.795935
-0.659094
-1.04323
-0.800712
-0.669301
-1.0417
-0.806361
-0.656647
-1.05271
-0.798265
-0.67262
-1.04502
-0.809143
-0.657418
-1.03914
-0.802656
-0.666016
-1.04083
-0.808305
-0.666502
-1.03964
-0.802355
-0.672419
-1.04871
-0.804249
-0.670894
-1.04014
-0.811037
-0.659915
-1.04304
-0.795902
-0.664021
-1.05312
-0.809528
-0.665111
-1.03885
-0.807802
-0.660636
-1.04718
-0.805606
-0.66843
-1.05357
-0.799321
-0.670257
-1.04232
-0.800477
-0.671212
-1.05313
-0.808808
-0.664591
-1.0392
-0.807551
-0.658708
-1.03754
-0.79617
-0.662546
-1.04038
-0.811808
-0.665915
-1.04998
-0.808875
-0.66962
-1.03753
-0.801584
-0.657837
-1.04244
-0.799187
-0.672
-1.04071
-0.803964
-0.660217
-1.04348
-0.810953
-0.667273
-1.04484
-0.79736
-0.669569
-1.04827
-0.802606
-0.669117
-1.0381
-0.808456
-0.660016
-1.05213
-0.798416
-0.668011
-1.05013
-0.809227
-0.660518
-1.04968
-0.808841
-0.672268
-1.04862
-0.8104
-0.656999
-1.04468
-0.797678
-0.671028
-1.04752
-0.800176
-0.662597
-1.03781
-0.79684
-0.670592
-1.04292
-0.810467
-0.669268
-1.03939
-0.81102
-0.671765
-1.04906
-0.81097
-0.670843
-1.05115
-0.800394
-0.666904
-1.04983
-0.809059
-0.668932
-1.05394
-0.796606
-0.671296
-1.04551
-0.797896
-0.669569
-1.0527
-0.809981
-0.664692
-1.05405
-0.807919
-0.657066
-1.04703
-0.807668
-0.67257
-1.05
-0.798097
-0.662127
-1.05424
-0.796505
-0.668245
-1.03977
-0.8104
-0.662362
-1.04147
-0.800494
-0.657485
-1.04349
-0.805271
-0.664206
-1.04599
-0.799254
-0.656244
-1.05419
-0.807249
-0.665379
-1.04596
-0.796807
-0.657015
-1.04155
-0.795952
-0.660652
-1.04955
-0.806562
-0.669586
-1.05224
-0.810132
-0.659546
-1.05099
-0.799958
-0.66258
-1.05422
-0.797226
-0.657099
-1.05283
-0.795499
-0.661206
-1.04252
-0.808054
-0.669536
-1.04274
-0.795466
-0.659965
-1.04423
-0.797963
-0.66253
-1.04525
-0.231655
-0.239049
-0.318563
-0.588301
-1.04128
-1.12886
-1.63546
-1.36965
-1.17579
-1.66596
-1.37542
-1.19457
-1.68709
-1.3941
-1.19952
-1.69821
-0.810679
-0.658374
-1.03926
-0.803119
-0.665766
-1.04645
-0.797907
-0.664643
-1.05103
-0.799331
-0.657419
-1.04186
-0.810746
-0.67118
-1.0471
-0.802248
-0.67294
-1.04786
-0.809908
-0.662833
-1.04881
-0.805835
-0.664995
-1.04903
-0.809606
-0.662263
-1.04905
-0.799097
-0.660134
-1.03867
-0.798175
-0.66652
-1.0466
-0.809925
-0.665196
-1.05084
-0.801628
-0.662196
-1.04898
-0.794605
-0.670526
-1.03861
-0.799181
-0.672755
-1.03822
-0.797119
-0.67009
-1.04514
-0.810813
-0.658911
-1.0516
-0.803656
-0.661609
-1.04283
-0.810243
-0.659682
-1.03708
-0.795711
-0.662917
-1.05191
-0.801628
-0.662196
-1.03892
-0.799566
-0.658324
-1.04236
-0.800656
-0.672353
-1.03943
-0.806237
-0.661643
-1.0434
-0.798879
-0.660788
-1.04476
-0.800974
-0.656648
-1.03773
-0.802064
-0.663168
-1.05129
-0.801879
-0.664526
-1.04856
-0.79613
-0.660184
-1.05327
-0.798359
-0.672135
-1.04062
-0.794622
-0.66404
-1.04305
-0.794839
-0.661106
-1.05319
-0.807192
-0.67004
-1.04985
-0.807813
-0.66818
-1.04068
-0.806757
-0.664509
-1.05183
-0.810595
-0.66238
-1.05205
-0.796935
-0.659514
-1.04818
-0.801443
-0.662883
-1.04786
-0.809774
-0.666453
-1.04975
-0.802348
-0.664459
-1.03763
-0.807729
-0.67071
-1.0516
-0.804192
-0.661475
-1.04417
-0.806488
-0.663302
-1.04204
-0.80845
-0.668951
-1.04575
-0.808332
-0.668096
-1.05005
-0.803723
-0.660067
-1.03726
-0.796633
-0.665246
-1.05243
-0.809992
-0.656681
-1.05051
-0.807729
-0.666956
-1.04033
-0.80969
-0.670325
-1.04886
-0.804343
-0.672286
-1.04164
-0.804293
-0.67056
-1.05098
-0.810746
-0.664475
-1.05019
-0.807477
-0.665699
-1.03968
-0.801326
-0.661358
-1.04868
-0.81093
-0.667409
-1.04045
-0.810008
-0.661056
-1.0461
-0.801779
-0.667911
-1.04511
-0.806354
-0.6629
-1.05317
-0.801477
-0.656748
-1.04454
-0.797337
-0.664475
-1.05005
-0.810561
-0.669453
-1.03807
-0.809908
-0.668733
-1.04506
-0.806908
-0.660704
-1.03669
-0.797672
-0.661592
-1.05025
-0.79561
-0.65705
-1.04444
-0.798175
-0.666386
-1.04204
-0.803354
-0.660369
-1.04856
-0.807394
-0.656296
-1.05314
-0.803321
-0.664358
-1.03954
-0.80146
-0.669269
-1.04546
-0.794974
-0.662179
-1.05051
-0.798477
-0.672722
-1.04167
-0.800304
-0.659732
-1.04873
-0.803539
-0.662632
-1.04553
-0.810729
-0.670023
-1.04373
-0.809673
-0.662598
-1.04268
-0.807477
-0.667308
-1.05215
-0.79489
-0.657469
-1.03715
-0.810126
-0.669956
-1.04434
-0.241355
-0.261486
-0.290494
-0.59413
-1.0144
-1.13609
-1.616
-1.3744
-1.18349
-1.67648
-1.38317
-1.20239
-1.69099
-1.39995
-1.20131
-1.69556
-0.800279
-0.663158
-1.04433
-0.80586
-0.672829
-1.04227
-0.808827
-0.670097
-1.05489
-0.801804
-0.662739
-1.05256
-0.809464
-0.659471
-1.04936
-0.809816
-0.662169
-1.04421
-0.811844
-0.663326
-1.05723
-0.800262
-0.673801
-1.05075
-0.812883
-0.662488
-1.04929
-0.809346
-0.671488
-1.04146
-0.799441
-0.670768
-1.04698
-0.806899
-0.669041
-1.05323
-0.799809
-0.666309
-1.04976
-0.811961
-0.65989
-1.05185
-0.809296
-0.661717
-1.05133
-0.810587
-0.666426
-1.05423
-0.800413
-0.669728
-1.05452
-0.811894
-0.665588
-1.0546
-0.810436
-0.671438
-1.05489
-0.809983
-0.660862
-1.05417
-0.803698
-0.66108
-1.04319
-0.81357
-0.674371
-1.05239
-0.810235
-0.665471
-1.04597
-0.799323
-0.66227
-1.05316
-0.797865
-0.668253
-1.0509
-0.805592
-0.668404
-1.04481
-0.807888
-0.664197
-1.04671
-0.797781
-0.662203
-1.04827
-0.805039
-0.6706
-1.04453
-0.806598
-0.665119
-1.04408
-0.806212
-0.673651
-1.04825
-0.808575
-0.665622
-1.0541
-0.807922
-0.669326
-1.04862
-0.808006
-0.662504
-1.04602
-0.808961
-0.659638
-1.04429
-0.809179
-0.672259
-1.04585
-0.810939
-0.673684
-1.04359
-0.805123
-0.664315
-1.04703
-0.804469
-0.663728
-1.04852
-0.812062
-0.67474
-1.05464
-0.806179
-0.666778
-1.05157
-0.811492
-0.666125
-1.05031
-0.810168
-0.673315
-1.04993
-0.810252
-0.6677
-1.04585
-0.800077
-0.659337
-1.04292
-0.807402
-0.663108
-1.05561
-0.804737
-0.661851
-1.04289
-0.808844
-0.661867
-1.0431
-0.801217
-0.66061
-1.04929
-0.807335
-0.666259
-1.04589
-0.808022
-0.660711
-1.04644
-0.809849
-0.667834
-1.04451
-0.813755
-0.668857
-1.0452
-0.807
-0.659487
-1.05454
-0.79763
-0.670701
-1.0516
-0.808709
-0.674204
-1.04646
-0.809799
-0.661415
-1.05599
-0.811492
-0.670818
-1.04884
-0.79877
-0.658968
-1.0565
-0.811995
-0.669309
-1.04451
-0.807184
-0.659202
-1.04828
-0.802709
-0.665387
-1.04649
-0.799239
-0.660376
-1.04356
-0.813
-0.673399
-1.04874
-0.808994
-0.673081
-1.04486
-0.798485
-0.673768
-1.04589
-0.80534
-0.67412
-1.04564
-0.806765
-0.670382
-1.04143
-0.800212
-0.668991
-1.04292
-0.803245
-0.668337
-1.04716
-0.804603
-0.673248
-1.04383
-0.806296
-0.667633
-1.04927
-0.811408
-0.661281
-1.04956
-0.797681
-0.66237
-1.04642
-0.812581
-0.672377
-1.04805
-0.810922
-0.659387
-1.04532
-0.801016
-0.659605
-1.04078
-0.803111
-0.671555
-1.05521
-0.800044
-0.670298
-1.0567
-0.799055
-0.666963
-1.04176
-0.239636
-0.260829
-0.29553
-0.58081
-1.03137
-1.13428
-1.61515
-1.37124
-1.17855
-1.67009
-1.38024
-1.1976
-1.68975
-1.3921
-1.20051
-1.70009
-0.802666
-0.657839
-1.05385
-0.801007
-0.658661
-1.04481
-0.794856
-0.664376
-1.04121
-0.801644
-0.667745
-1.05242
-0.804342
-0.656834
-1.04305
-0.798929
-0.666371
-1.04314
-0.796666
-0.664309
-1.03954
-0.796079
-0.663521
-1.04619
-0.795425
-0.658376
-1.03803
-0.806505
-0.658795
-1.0416
-0.799415
-0.657001
-1.04684
-0.805264
-0.662784
-1.0425
-0.797504
-0.662465
-1.04319
-0.807242
-0.6598
-1.0473
-0.804577
-0.664846
-1.04289
-0.806672
-0.668751
-1.05169
-0.810443
-0.659046
-1.03762
-0.801275
-0.662147
-1.04817
-0.795258
-0.663974
-1.05247
-0.800839
-0.66332
-1.04666
-0.805415
-0.662331
-1.03903
-0.796649
-0.6598
-1.05065
-0.798141
-0.667527
-1.04316
-0.811231
-0.662181
-1.05155
-0.804946
-0.669371
-1.04741
-0.801141
-0.668449
-1.03959
-0.803705
-0.672153
-1.04926
-0.805398
-0.659029
-1.04036
-0.810511
-0.664879
-1.04976
-0.796515
-0.665969
-1.04743
-0.801895
-0.65908
-1.04128
-0.809086
-0.67036
-1.05356
-0.811114
-0.666287
-1.04473
-0.80865
-0.66027
-1.04468
-0.797403
-0.663974
-1.03947
-0.809957
-0.666807
-1.05068
-0.803404
-0.663806
-1.04453
-0.796917
-0.664494
-1.03979
-0.797604
-0.658677
-1.04584
-0.804795
-0.660303
-1.05222
-0.810041
-0.668298
-1.05264
-0.799934
-0.657588
-1.04334
-0.803974
-0.661024
-1.04202
-0.809421
-0.671902
-1.04089
-0.799247
-0.656834
-1.04051
-0.810326
-0.657521
-1.03831
-0.810611
-0.671818
-1.0394
-0.807477
-0.67036
-1.04243
-0.798912
-0.668164
-1.04808
-0.81093
-0.662683
-1.04481
-0.80746
-0.672958
-1.04631
-0.807678
-0.671366
-1.03928
-0.804611
-0.659247
-1.04587
-0.798929
-0.662616
-1.04864
-0.809538
-0.663505
-1.04718
-0.795141
-0.66969
-1.05061
-0.79851
-0.660253
-1.05211
-0.795509
-0.672874
-1.04656
-0.801158
-0.662633
-1.04577
-0.802582
-0.663052
-1.05082
-0.809706
-0.668768
-1.03809
-0.802817
-0.661812
-1.04287
-0.802029
-0.666455
-1.04074
-0.795409
-0.672774
-1.05008
-0.795694
-0.66146
-1.04151
-0.809857
-0.662415
-1.04401
-0.799012
-0.672958
-1.05046
-0.800437
-0.665868
-1.03955
-0.809974
-0.668902
-1.04641
-0.803756
-0.660739
-1.05025
-0.804979
-0.672086
-1.04865
-0.808952
-0.665399
-1.04404
-0.805616
-0.660119
-1.04352
-0.803957
-0.656783
-1.03731
-0.803169
-0.666388
-1.04121
-0.81036
-0.657957
-1.03902
-0.801795
-0.66032
-1.03796
-0.79571
-0.6657
-1.03831
-0.798811
-0.663102
-1.04785
-0.804929
-0.658694
-1.05249
-0.219046
-0.268838
-0.303151
-0.603204
-0.95753
-1.12935
-1.60929
-1.36717
-1.17721
-1.66132
-1.37278
-1.19691
-1.69034
-1.39167
-1.19644
-1.69067
-0.810448
-0.658634
-1.05154
-0.794038
-0.659187
-1.04076
-0.803844
-0.668657
-1.0499
-0.794407
-0.668942
-1.04985
-0.80381
-0.667685
-1.05134
-0.797726
-0.665288
-1.04311
-0.795463
-0.660276
-1.04152
-0.805604
-0.65922
-1.04965
-0.794223
-0.666143
-1.04926
-0.80785
-0.65798
-1.04251
-0.800626
-0.664098
-1.04172
-0.805537
-0.659689
-1.04972
-0.80904
-0.66098
-1.04745
-0.809526
-0.666763
-1.03922
-0.810213
-0.663897
-1.03602
-0.796754
-0.662706
-1.03597
-0.80495
-0.664802
-1.05168
-0.794038
-0.66455
-1.04371
-0.795798
-0.670266
-1.04212
-0.80728
-0.655935
-1.03778
-0.810246
-0.670366
-1.0437
-0.799603
-0.655499
-1.04646
-0.806324
-0.661215
-1.03736
-0.803056
-0.663779
-1.03611
-0.805889
-0.663595
-1.04658
-0.799
-0.659187
-1.04814
-0.797944
-0.65793
-1.04856
-0.797625
-0.65741
-1.04502
-0.810112
-0.670098
-1.04182
-0.802151
-0.660326
-1.04821
-0.807799
-0.670065
-1.05117
-0.808688
-0.666863
-1.05005
-0.803475
-0.659438
-1.05047
-0.804363
-0.668841
-1.04009
-0.803173
-0.660209
-1.04373
-0.802587
-0.659287
-1.0473
-0.794558
-0.656957
-1.05148
-0.804967
-0.659924
-1.04633
-0.803508
-0.667517
-1.04809
-0.796888
-0.668875
-1.03973
-0.794223
-0.669763
-1.03854
-0.803559
-0.659991
-1.03755
-0.796335
-0.670266
-1.04051
-0.795614
-0.661299
-1.0402
-0.809308
-0.670903
-1.0374
-0.807112
-0.668372
-1.03909
-0.795061
-0.666981
-1.03656
-0.806408
-0.661902
-1.04013
-0.804279
-0.660511
-1.04309
-0.798329
-0.666964
-1.04318
-0.795262
-0.658198
-1.03582
-0.809157
-0.671758
-1.04958
-0.809442
-0.662723
-1.04678
-0.79558
-0.66569
-1.03627
-0.796134
-0.667785
-1.04179
-0.809224
-0.655332
-1.03959
-0.807229
-0.667886
-1.04672
-0.803693
-0.664684
-1.0417
-0.799285
-0.656589
-1.0432
-0.80728
-0.662103
-1.03832
-0.803408
-0.669964
-1.04853
-0.800542
-0.655231
-1.05236
-0.794122
-0.669662
-1.04796
-0.804933
-0.661232
-1.04321
-0.794759
-0.670567
-1.04068
-0.79672
-0.66978
-1.03634
-0.80438
-0.656455
-1.04521
-0.795748
-0.66103
-1.05132
-0.806626
-0.655482
-1.03646
-0.799469
-0.67159
-1.05223
-0.805118
-0.659337
-1.03776
-0.803458
-0.657879
-1.04321
-0.800391
-0.66279
-1.04578
-0.796988
-0.656237
-1.04063
-0.79553
-0.666779
-1.04722
-0.809559
-0.663176
-1.04502
-0.798715
-0.664198
-1.04558
-0.797592
-0.657108
-1.03842
-0.80552
-0.657058
-1.0505
-0.805604
-0.670215
-1.04053
-0.240323
-0.260367
-0.317694
-0.540371
-1.02781
-1.1366
-1.64286
-1.38014
-1.18969
-1.67644
-1.38699
-1.21026
-1.69844
-1.40768
-1.20588
-1.71321
-0.811322
-0.679068
-1.05612
-0.815965
-0.679085
-1.06264
-0.81263
-0.668844
-1.06025
-0.804266
-0.671944
-1.04974
-0.807367
-0.667067
-1.04761
-0.819519
-0.669497
-1.04809
-0.813635
-0.675615
-1.05924
-0.813585
-0.677375
-1.04927
-0.819636
-0.676654
-1.05143
-0.809931
-0.66876
-1.0491
-0.808473
-0.672062
-1.06118
-0.804266
-0.665374
-1.05805
-0.806294
-0.67538
-1.0527
-0.815362
-0.669631
-1.0493
-0.814842
-0.667436
-1.06031
-0.805942
-0.675632
-1.06134
-0.816954
-0.6729
-1.04835
-0.815295
-0.666614
-1.06291
-0.817457
-0.670319
-1.05341
-0.804132
-0.671944
-1.061
-0.817692
-0.67109
-1.05324
-0.808121
-0.667084
-1.0615
-0.817524
-0.671861
-1.05227
-0.810769
-0.677643
-1.05114
-0.806093
-0.664452
-1.05532
-0.813418
-0.667955
-1.05272
-0.818664
-0.668575
-1.05743
-0.804534
-0.678783
-1.05041
-0.809244
-0.666262
-1.05029
-0.803294
-0.66467
-1.05131
-0.811624
-0.675749
-1.05133
-0.808892
-0.665709
-1.05342
-0.818027
-0.680007
-1.06189
-0.803495
-0.677073
-1.05889
-0.809009
-0.667771
-1.05314
-0.811239
-0.67114
-1.06328
-0.817423
-0.672565
-1.06048
-0.81496
-0.678884
-1.0489
-0.815781
-0.670252
-1.05133
-0.813451
-0.671609
-1.04967
-0.814406
-0.6788
-1.05063
-0.813015
-0.668089
-1.0487
-0.815312
-0.676084
-1.05327
-0.809764
-0.669129
-1.05953
-0.81796
-0.676587
-1.0523
-0.816971
-0.672715
-1.05694
-0.818731
-0.665827
-1.05897
-0.808087
-0.675632
-1.06375
-0.805959
-0.673838
-1.05304
-0.805506
-0.678816
-1.06264
-0.809412
-0.674341
-1.05046
-0.816736
-0.668726
-1.05765
-0.815948
-0.66519
-1.05579
-0.815228
-0.668425
-1.05587
-0.81216
-0.668508
-1.04825
-0.809026
-0.676168
-1.05678
-0.818697
-0.670218
-1.05264
-0.81677
-0.668626
-1.0609
-0.815312
-0.677023
-1.06253
-0.817675
-0.666179
-1.05725
-0.809512
-0.671358
-1.05887
-0.803294
-0.678884
-1.05225
-0.819401
-0.678565
-1.05629
-0.804601
-0.676973
-1.0616
-0.805691
-0.669548
-1.05518
-0.805909
-0.678816
-1.0554
-0.810082
-0.671659
-1.05448
-0.817809
-0.671408
-1.05403
-0.817289
-0.664921
-1.05941
-0.814557
-0.672984
-1.05212
-0.816317
-0.67119
-1.05844
-0.803126
-0.667452
-1.06348
-0.807032
-0.667
-1.05921
-0.806847
-0.677207
-1.05634
-0.805925
-0.670319
-1.05716
-0.81097
-0.679722
-1.06234
-0.808037
-0.673905
-1.05471
-0.805305
-0.668156
-1.05453
-0.819669
-0.671592
-1.06072
-0.815328
-0.667721
-1.05021
-0.241334
-0.228861
-0.335144
-0.540631
-0.964974
-1.11027
-1.61608
-1.35988
-1.1668
-1.659
-1.37027
-1.18874
-1.67875
-1.38394
-1.18758
-1.68245
-0.792547
-0.661609
-1.03922
-0.793971
-0.65291
-1.03475
-0.80257
-0.652726
-1.03798
-0.792865
-0.666554
-1.04343
-0.796368
-0.653631
-1.03701
-0.792429
-0.652977
-1.03857
-0.798078
-0.658693
-1.04167
-0.793469
-0.657503
-1.04135
-0.802737
-0.660939
-1.04378
-0.791156
-0.664174
-1.04091
-0.804313
-0.662782
-1.04334
-0.79072
-0.652877
-1.04115
-0.798245
-0.659933
-1.04733
-0.797257
-0.652307
-1.04031
-0.793921
-0.657352
-1.03121
-0.806743
-0.658844
-1.04122
-0.79429
-0.66523
-1.04365
-0.804028
-0.653178
-1.04587
-0.802168
-0.656883
-1.0353
-0.797424
-0.667626
-1.03967
-0.803207
-0.65229
-1.04519
-0.800609
-0.667593
-1.03589
-0.790435
-0.663654
-1.03188
-0.790116
-0.660989
-1.03679
-0.797776
-0.653832
-1.03439
-0.805101
-0.656933
-1.03877
-0.791038
-0.664257
-1.0416
-0.79367
-0.657704
-1.03605
-0.805084
-0.657922
-1.0468
-0.801011
-0.663838
-1.03629
-0.794726
-0.668884
-1.0469
-0.794005
-0.662598
-1.03827
-0.796703
-0.653698
-1.04472
-0.800274
-0.658006
-1.04212
-0.790368
-0.656748
-1.03932
-0.803458
-0.659581
-1.03283
-0.791273
-0.653094
-1.03232
-0.799402
-0.654988
-1.03294
-0.799017
-0.65467
-1.03309
-0.799368
-0.659246
-1.04484
-0.795765
-0.654637
-1.03198
-0.795849
-0.665783
-1.03461
-0.791038
-0.660369
-1.03516
-0.791792
-0.65757
-1.0449
-0.795698
-0.660738
-1.03419
-0.795648
-0.655391
-1.0438
-0.795932
-0.662045
-1.03295
-0.795882
-0.656966
-1.03169
-0.801128
-0.656514
-1.03775
-0.804967
-0.660419
-1.04427
-0.803643
-0.664794
-1.03423
-0.802922
-0.653011
-1.03806
-0.805486
-0.653497
-1.03272
-0.797793
-0.66652
-1.04259
-0.805453
-0.653463
-1.04408
-0.800575
-0.660855
-1.04323
-0.791608
-0.66
-1.0356
-0.790485
-0.663637
-1.03434
-0.797072
-0.660503
-1.04683
-0.806274
-0.666017
-1.03096
-0.792614
-0.665699
-1.03486
-0.806241
-0.667325
-1.03294
-0.792178
-0.663252
-1.03738
-0.806341
-0.660453
-1.03451
-0.798044
-0.65705
-1.04579
-0.793167
-0.668464
-1.04225
-0.802436
-0.666939
-1.03315
-0.799704
-0.660117
-1.04396
-0.806559
-0.656447
-1.04251
-0.805704
-0.65472
-1.03535
-0.797273
-0.666872
-1.03697
-0.792262
-0.667157
-1.04497
-0.795094
-0.659598
-1.03775
-0.801078
-0.659212
-1.04132
-0.79305
-0.652994
-1.03677
-0.792999
-0.653011
-1.03699
-0.799318
-0.654569
-1.04197
-0.791357
-0.661023
-1.04447
-0.805855
-0.655072
-1.03335
-0.794809
-0.668632
-1.0443
-0.230402
-0.251096
-0.306247
-0.550481
-0.998231
-1.11928
-1.61826
-1.37329
-1.17354
-1.66508
-1.37933
-1.19688
-1.69372
-1.3945
-1.19841
-1.6926
-0.796969
-0.657744
-1.04544
-0.802417
-0.662722
-1.04311
-0.799752
-0.670851
-1.05037
-0.811904
-0.661884
-1.04402
-0.802802
-0.661163
-1.04739
-0.812541
-0.669225
-1.03943
-0.809339
-0.665957
-1.03931
-0.801914
-0.659001
-1.03993
-0.803138
-0.664582
-1.0433
-0.797321
-0.665136
-1.05465
-0.797472
-0.659185
-1.04367
-0.805735
-0.670734
-1.04657
-0.80012
-0.671086
-1.04243
-0.806909
-0.669225
-1.04895
-0.81296
-0.673332
-1.0554
-0.811434
-0.67174
-1.03899
-0.796567
-0.670617
-1.05456
-0.811937
-0.666879
-1.05196
-0.798679
-0.670583
-1.05506
-0.805333
-0.657995
-1.05488
-0.809641
-0.664515
-1.05235
-0.800204
-0.672041
-1.05069
-0.796467
-0.660459
-1.04843
-0.809557
-0.667315
-1.0406
-0.812926
-0.671421
-1.03928
-0.808987
-0.663795
-1.04794
-0.808199
-0.672863
-1.05158
-0.799031
-0.670332
-1.04952
-0.807898
-0.668002
-1.04833
-0.801679
-0.661046
-1.03983
-0.811753
-0.672393
-1.04896
-0.798964
-0.672544
-1.04623
-0.805015
-0.670482
-1.04357
-0.807914
-0.666074
-1.05411
-0.812758
-0.667767
-1.04688
-0.808283
-0.667248
-1.04885
-0.804277
-0.660895
-1.05007
-0.809993
-0.670298
-1.0401
-0.807864
-0.660459
-1.04293
-0.800439
-0.662621
-1.03926
-0.803808
-0.665521
-1.04987
-0.797858
-0.668086
-1.04285
-0.811686
-0.673667
-1.05252
-0.809222
-0.658398
-1.04388
-0.802132
-0.663979
-1.04444
-0.811602
-0.659035
-1.0472
-0.798076
-0.6618
-1.04253
-0.799769
-0.659403
-1.04677
-0.800053
-0.670885
-1.05362
-0.798126
-0.660308
-1.05143
-0.804043
-0.663342
-1.05346
-0.808551
-0.661348
-1.04335
-0.810043
-0.66237
-1.05074
-0.799936
-0.66413
-1.05485
-0.807998
-0.662336
-1.04534
-0.802048
-0.66289
-1.0465
-0.797372
-0.671957
-1.04611
-0.80416
-0.669695
-1.04217
-0.804177
-0.664415
-1.04072
-0.802115
-0.658934
-1.05139
-0.812323
-0.665052
-1.04377
-0.810797
-0.663191
-1.04787
-0.799685
-0.658448
-1.04078
-0.805668
-0.671069
-1.05387
-0.798847
-0.672762
-1.04531
-0.799333
-0.670499
-1.04942
-0.796668
-0.671119
-1.05346
-0.799031
-0.657995
-1.05193
-0.806423
-0.664784
-1.05208
-0.812809
-0.671237
-1.04358
-0.796735
-0.658448
-1.04065
-0.810764
-0.672008
-1.052
-0.796567
-0.66941
-1.04866
-0.808719
-0.673449
-1.04901
-0.805652
-0.666292
-1.04742
-0.801445
-0.671002
-1.03919
-0.799584
-0.673499
-1.04699
-0.807445
-0.661582
-1.04988
-0.801026
-0.669845
-1.04655
-0.801646
-0.666242
-1.04771
-0.250651
-0.238397
-0.325062
-0.541183
-0.971514
-1.12025
-1.63774
-1.37258
-1.17903
-1.6753
-1.38271
-1.20268
-1.69899
-1.40163
-1.19955
-1.70239
-0.810059
-0.670954
-1.05254
-0.812959
-0.67553
-1.05168
-0.801444
-0.665557
-1.05251
-0.799516
-0.670267
-1.04401
-0.806238
-0.671423
-1.0565
-0.807126
-0.67439
-1.05309
-0.799366
-0.662406
-1.05163
-0.799718
-0.66658
-1.04247
-0.801343
-0.668406
-1.05536
-0.800086
-0.672178
-1.05329
-0.806942
-0.670652
-1.0458
-0.809171
-0.675094
-1.0491
-0.808249
-0.662037
-1.04925
-0.810076
-0.676536
-1.05001
-0.801243
-0.668574
-1.04855
-0.814333
-0.670468
-1.04716
-0.815155
-0.66492
-1.05294
-0.804779
-0.674725
-1.05008
-0.803321
-0.66958
-1.05693
-0.810378
-0.666244
-1.0479
-0.80074
-0.672764
-1.05837
-0.807126
-0.670099
-1.05309
-0.804327
-0.659858
-1.05204
-0.813127
-0.669529
-1.04917
-0.809389
-0.665457
-1.05361
-0.802634
-0.666412
-1.04418
-0.805333
-0.665289
-1.04835
-0.804076
-0.672815
-1.04884
-0.814015
-0.672362
-1.05435
-0.799617
-0.662724
-1.04759
-0.808752
-0.662138
-1.05204
-0.806288
-0.662557
-1.05212
-0.811668
-0.666797
-1.04208
-0.803036
-0.662389
-1.04699
-0.800505
-0.675748
-1.05358
-0.808232
-0.667049
-1.05259
-0.808383
-0.671826
-1.05301
-0.801628
-0.670099
-1.05698
-0.805131
-0.67434
-1.04775
-0.805081
-0.666445
-1.04716
-0.807243
-0.670552
-1.04262
-0.807461
-0.664669
-1.05316
-0.801578
-0.675077
-1.05049
-0.811987
-0.672144
-1.04307
-0.80597
-0.661233
-1.04992
-0.813831
-0.667418
-1.05872
-0.81559
-0.662674
-1.04868
-0.807227
-0.661752
-1.04528
-0.815825
-0.67015
-1.04986
-0.806925
-0.662255
-1.0431
-0.812842
-0.662607
-1.05827
-0.810244
-0.666647
-1.04334
-0.804226
-0.667669
-1.04228
-0.810076
-0.672647
-1.05658
-0.811166
-0.670988
-1.05244
-0.801863
-0.661082
-1.05225
-0.804696
-0.66425
-1.05603
-0.806791
-0.671507
-1.04337
-0.811233
-0.66958
-1.04459
-0.810378
-0.66316
-1.04401
-0.815624
-0.672898
-1.05743
-0.799483
-0.667015
-1.0492
-0.805668
-0.661736
-1.05016
-0.813663
-0.675832
-1.05601
-0.815289
-0.669881
-1.04329
-0.806925
-0.668691
-1.05262
-0.806808
-0.670921
-1.04285
-0.815071
-0.666512
-1.05862
-0.802349
-0.670753
-1.04416
-0.813428
-0.666881
-1.05752
-0.811031
-0.661199
-1.05807
-0.802668
-0.665775
-1.0485
-0.81368
-0.666395
-1.05294
-0.812288
-0.670166
-1.04833
-0.812439
-0.674273
-1.05599
-0.802064
-0.667183
-1.04374
-0.799265
-0.668071
-1.05247
-0.808467
-0.676267
-1.04558
-0.80245
-0.66911
-1.04453
-0.807495
-0.661082
-1.05789
-0.230024
-0.236702
-0.322054
-0.549768
-0.997404
-1.12168
-1.60595
-1.36569
-1.16673
-1.65937
-1.36515
-1.18616
-1.68045
-1.38514
-1.18617
-1.6873
-0.803661
-0.653517
-1.04352
-0.805354
-0.663323
-1.03555
-0.801214
-0.662066
-1.03919
-0.796605
-0.657791
-1.03431
-0.801181
-0.664312
-1.04238
-0.800326
-0.668083
-1.0438
-0.795247
-0.661462
-1.04583
-0.794258
-0.668049
-1.03492
-0.801784
-0.66411
-1.03534
-0.801868
-0.66815
-1.03462
-0.798667
-0.660322
-1.03276
-0.798482
-0.659669
-1.04062
-0.800376
-0.658009
-1.03996
-0.798315
-0.667949
-1.04031
-0.803561
-0.668301
-1.03899
-0.806058
-0.65464
-1.04578
-0.793336
-0.655663
-1.03856
-0.801734
-0.654607
-1.04293
-0.793839
-0.662334
-1.03477
-0.792314
-0.658462
-1.0441
-0.803594
-0.656937
-1.04627
-0.79523
-0.661378
-1.04581
-0.807583
-0.653551
-1.03658
-0.802304
-0.667245
-1.03666
-0.797493
-0.666122
-1.03775
-0.79932
-0.659434
-1.04105
-0.804566
-0.66582
-1.04844
-0.805321
-0.653903
-1.03673
-0.795281
-0.661764
-1.03701
-0.802203
-0.657624
-1.03468
-0.801952
-0.657439
-1.04502
-0.795733
-0.660808
-1.04189
-0.79937
-0.657004
-1.04003
-0.793957
-0.658361
-1.03529
-0.79746
-0.655629
-1.04831
-0.794862
-0.658596
-1.04088
-0.803058
-0.665787
-1.035
-0.793487
-0.658965
-1.04099
-0.807047
-0.65449
-1.0473
-0.798951
-0.664429
-1.0486
-0.794677
-0.66049
-1.03856
-0.793554
-0.661043
-1.03569
-0.793705
-0.667161
-1.03383
-0.807466
-0.664898
-1.04424
-0.795817
-0.666859
-1.03366
-0.79389
-0.652528
-1.04166
-0.7927
-0.662267
-1.04033
-0.798951
-0.663624
-1.03492
-0.797627
-0.667731
-1.03802
-0.794359
-0.655009
-1.04373
-0.801885
-0.65925
-1.03758
-0.793655
-0.668519
-1.04571
-0.792465
-0.666055
-1.04653
-0.797108
-0.65816
-1.04461
-0.791761
-0.659317
-1.04838
-0.807399
-0.665904
-1.03559
-0.807148
-0.657138
-1.04338
-0.795834
-0.656886
-1.03475
-0.800946
-0.655897
-1.04147
-0.799957
-0.666507
-1.03324
-0.796085
-0.658278
-1.04211
-0.791476
-0.667546
-1.03468
-0.792834
-0.653953
-1.03765
-0.804181
-0.66349
-1.0486
-0.802455
-0.65687
-1.03359
-0.7957
-0.668552
-1.0369
-0.792901
-0.668904
-1.03463
-0.794057
-0.656719
-1.0441
-0.793806
-0.666055
-1.04613
-0.79818
-0.663926
-1.04045
-0.801147
-0.659987
-1.04462
-0.798013
-0.65397
-1.04806
-0.807416
-0.659015
-1.03359
-0.797443
-0.665736
-1.04199
-0.802019
-0.668636
-1.03959
-0.803175
-0.657926
-1.03659
-0.792867
-0.662568
-1.04734
-0.807701
-0.654406
-1.04018
-0.803695
-0.666289
-1.04382
-0.792113
-0.663624
-1.03814
-0.249345
-0.239323
-0.316435
-0.584586
-0.967905
-1.12269
-1.6205
-1.37849
-1.17944
-1.669
-1.38357
-1.19766
-1.69137
-1.40038
-1.20177
-1.69558
-0.806269
-0.667636
-1.05619
-0.811046
-0.674492
-1.04635
-0.799933
-0.666396
-1.04234
-0.812889
-0.672849
-1.04484
-0.799363
-0.674408
-1.04191
-0.801861
-0.671072
-1.04051
-0.803755
-0.675045
-1.04791
-0.812018
-0.667418
-1.04625
-0.800369
-0.674475
-1.05458
-0.806487
-0.667921
-1.05024
-0.802078
-0.668676
-1.0532
-0.799212
-0.667888
-1.05007
-0.804995
-0.670922
-1.04647
-0.803067
-0.664234
-1.04387
-0.814884
-0.66177
-1.05273
-0.813091
-0.672648
-1.04705
-0.804928
-0.660664
-1.04425
-0.806621
-0.665776
-1.05453
-0.798726
-0.660764
-1.05495
-0.800285
-0.672179
-1.04484
-0.808213
-0.662474
-1.05384
-0.812722
-0.660747
-1.04695
-0.802146
-0.664318
-1.05662
-0.80947
-0.664468
-1.04973
-0.800771
-0.674475
-1.04626
-0.813728
-0.662692
-1.04581
-0.812672
-0.675514
-1.05615
-0.806587
-0.661988
-1.05396
-0.80285
-0.665826
-1.05679
-0.808297
-0.671475
-1.04682
-0.804023
-0.659356
-1.04308
-0.804643
-0.670368
-1.0563
-0.808414
-0.674743
-1.05257
-0.812118
-0.673821
-1.04206
-0.810392
-0.675514
-1.04033
-0.799615
-0.66762
-1.05449
-0.805934
-0.660597
-1.05652
-0.811113
-0.663563
-1.04963
-0.814482
-0.673972
-1.0459
-0.807593
-0.66058
-1.05081
-0.811364
-0.659055
-1.04693
-0.798441
-0.666178
-1.04702
-0.799799
-0.667737
-1.04033
-0.799481
-0.67419
-1.04967
-0.806068
-0.664217
-1.05022
-0.799983
-0.668659
-1.04266
-0.814079
-0.672497
-1.04348
-0.800486
-0.669028
-1.05148
-0.802514
-0.670586
-1.05002
-0.814532
-0.664301
-1.0497
-0.799665
-0.660228
-1.05092
-0.812889
-0.665072
-1.05275
-0.80419
-0.669447
-1.05692
-0.798374
-0.6641
-1.04293
-0.806839
-0.667804
-1.05421
-0.811616
-0.664603
-1.05402
-0.800637
-0.667502
-1.05096
-0.813593
-0.669262
-1.04528
-0.80181
-0.669748
-1.0524
-0.808196
-0.662122
-1.0431
-0.804861
-0.666631
-1.0415
-0.807358
-0.662893
-1.05004
-0.812336
-0.668743
-1.05193
-0.814566
-0.659775
-1.05563
-0.800637
-0.668307
-1.05404
-0.8089
-0.668189
-1.0548
-0.800201
-0.660228
-1.05575
-0.812755
-0.672045
-1.04913
-0.798425
-0.662608
-1.05143
-0.810308
-0.660479
-1.0558
-0.806436
-0.66767
-1.04898
-0.80062
-0.668223
-1.04115
-0.800369
-0.67005
-1.04519
-0.807425
-0.664167
-1.04313
-0.802883
-0.661301
-1.0528
-0.802699
-0.663999
-1.05262
-0.808884
-0.67481
-1.04177
-0.803067
-0.66705
-1.04588
-0.811532
-0.66834
-1.04871
-0.803704
-0.661116
-1.05188
-0.224637
-0.233072
-0.325146
-0.573489
-1.00658
-1.11898
-1.60334
-1.35787
-1.16238
-1.64713
-1.36136
-1.18314
-1.67026
-1.37634
-1.18468
-1.67794
-0.796239
-0.659286
-1.04167
-0.79458
-0.662923
-1.02634
-0.786819
-0.658046
-1.02984
-0.801117
-0.652565
-1.03462
-0.790004
-0.658549
-1.04067
-0.797999
-0.654006
-1.03673
-0.797345
-0.649129
-1.03165
-0.788981
-0.663895
-1.03643
-0.797178
-0.657275
-1.03068
-0.794312
-0.653939
-1.03747
-0.794596
-0.663409
-1.03654
-0.79763
-0.664499
-1.03743
-0.794563
-0.65171
-1.03665
-0.793842
-0.6587
-1.0315
-0.796809
-0.65114
-1.03594
-0.788177
-0.650755
-1.03361
-0.788864
-0.648559
-1.02612
-0.788948
-0.651258
-1.03894
-0.79044
-0.66113
-1.04003
-0.791999
-0.655381
-1.0318
-0.797915
-0.652112
-1.03812
-0.790624
-0.650654
-1.02734
-0.798954
-0.660795
-1.04157
-0.787372
-0.654509
-1.03066
-0.78578
-0.658213
-1.04208
-0.787741
-0.664532
-1.03519
-0.790306
-0.657107
-1.03936
-0.788244
-0.650956
-1.03194
-0.792418
-0.652246
-1.04214
-0.792367
-0.653202
-1.02721
-0.786484
-0.658247
-1.03675
-0.797563
-0.662823
-1.03267
-0.788596
-0.655129
-1.03671
-0.793507
-0.652733
-1.02728
-0.789099
-0.664616
-1.02609
-0.797898
-0.648945
-1.03073
-0.789468
-0.663376
-1.02927
-0.80229
-0.654543
-1.02614
-0.789032
-0.65114
-1.03406
-0.801452
-0.659068
-1.04139
-0.802139
-0.656604
-1.03068
-0.786668
-0.662521
-1.03036
-0.792317
-0.650403
-1.03292
-0.79696
-0.659806
-1.03515
-0.792418
-0.661365
-1.02806
-0.790758
-0.652934
-1.03257
-0.796004
-0.650202
-1.03782
-0.787238
-0.659471
-1.03723
-0.786182
-0.652314
-1.02612
-0.786668
-0.655817
-1.02593
-0.801301
-0.6559
-1.02769
-0.793071
-0.655515
-1.04025
-0.795099
-0.663242
-1.03544
-0.794244
-0.661113
-1.03914
-0.789434
-0.664147
-1.02696
-0.800781
-0.656386
-1.03307
-0.796105
-0.658079
-1.02987
-0.796055
-0.662521
-1.04082
-0.792183
-0.656169
-1.0285
-0.798703
-0.654174
-1.03851
-0.797647
-0.649833
-1.0294
-0.799876
-0.652263
-1.03257
-0.78635
-0.663879
-1.03326
-0.792602
-0.653034
-1.0312
-0.793155
-0.649229
-1.02813
-0.793373
-0.660912
-1.02593
-0.796206
-0.663812
-1.04057
-0.790389
-0.649615
-1.03864
-0.794563
-0.650771
-1.03289
-0.796658
-0.64985
-1.03499
-0.794395
-0.651945
-1.03406
-0.796759
-0.651559
-1.03214
-0.787657
-0.651375
-1.03886
-0.799943
-0.652867
-1.03344
-0.79339
-0.659387
-1.03587
-0.792803
-0.656051
-1.02912
-0.786249
-0.650771
-1.03128
-0.798535
-0.651325
-1.03941
-0.798418
-0.648861
-1.03299
-0.790054
-0.652766
-1.03053
-0.222316
-0.246279
-0.34899
-0.580813
-0.981046
-1.1062
-1.617
-1.36954
-1.17427
-1.66203
-1.37293
-1.19669
-1.68745
-1.39365
-1.19441
-1.69521
-0.793281
-0.656749
-1.0371
-0.800337
-0.659849
-1.04416
-0.798342
-0.665297
-1.03881
-0.794806
-0.667593
-1.04962
-0.803672
-0.661777
-1.04723
-0.805499
-0.670778
-1.04396
-0.806589
-0.66228
-1.05095
-0.803052
-0.660151
-1.03963
-0.806019
-0.656614
-1.05105
-0.793901
-0.668297
-1.04134
-0.795929
-0.661945
-1.04163
-0.799633
-0.669873
-1.03689
-0.79965
-0.657218
-1.03677
-0.793297
-0.659916
-1.03739
-0.807528
-0.658793
-1.0366
-0.798359
-0.670476
-1.0505
-0.809237
-0.669353
-1.04394
-0.793096
-0.659045
-1.04121
-0.805449
-0.65819
-1.03895
-0.806874
-0.667861
-1.05097
-0.80917
-0.670895
-1.03623
-0.795979
-0.661391
-1.03793
-0.800957
-0.665364
-1.03942
-0.808014
-0.656799
-1.04218
-0.805751
-0.657419
-1.05051
-0.805164
-0.667627
-1.04832
-0.807461
-0.666504
-1.03519
-0.806472
-0.657939
-1.04426
-0.805416
-0.655207
-1.0361
-0.799734
-0.66166
-1.04946
-0.797605
-0.665632
-1.04049
-0.807075
-0.668465
-1.04956
-0.793146
-0.659967
-1.03549
-0.794303
-0.669772
-1.04778
-0.809472
-0.656179
-1.0427
-0.800572
-0.655525
-1.03729
-0.806891
-0.668884
-1.04656
-0.794638
-0.663135
-1.04905
-0.794789
-0.669521
-1.04304
-0.796348
-0.657603
-1.03776
-0.808433
-0.65876
-1.03777
-0.808516
-0.669504
-1.04751
-0.796867
-0.660201
-1.03694
-0.794001
-0.663839
-1.04667
-0.802198
-0.663922
-1.04964
-0.804695
-0.664207
-1.05053
-0.802566
-0.668046
-1.03781
-0.798627
-0.655324
-1.04902
-0.806824
-0.668817
-1.04783
-0.794571
-0.660788
-1.04014
-0.80384
-0.668649
-1.03855
-0.806203
-0.665179
-1.04238
-0.795761
-0.669822
-1.03596
-0.796515
-0.657771
-1.05066
-0.809539
-0.665766
-1.03727
-0.808416
-0.660687
-1.04634
-0.796499
-0.663051
-1.04582
-0.799398
-0.661995
-1.04966
-0.802633
-0.65524
-1.05128
-0.804997
-0.657134
-1.04279
-0.794152
-0.657888
-1.0479
-0.80255
-0.66595
-1.04999
-0.806589
-0.655843
-1.03553
-0.793532
-0.656799
-1.04299
-0.793817
-0.65648
-1.04327
-0.805298
-0.65529
-1.03571
-0.805583
-0.662615
-1.04297
-0.794001
-0.670945
-1.03595
-0.806891
-0.658827
-1.04535
-0.80255
-0.663269
-1.0457
-0.806455
-0.657855
-1.04196
-0.803186
-0.662833
-1.03843
-0.799851
-0.658894
-1.04086
-0.803555
-0.663068
-1.04121
-0.804108
-0.663554
-1.0427
-0.795208
-0.659414
-1.05056
-0.794957
-0.663118
-1.03623
-0.793163
-0.666085
-1.03819
-0.805784
-0.669655
-1.04465
-0.806405
-0.658006
-1.04178
-0.22469
-0.236882
-0.314971
-0.589012
-0.999969
-1.12548
-1.60447
-1.35831
-1.16514
-1.65931
-1.36725
-1.18459
-1.67706
-1.38157
-1.18455
-1.68718
-0.794794
-0.664422
-1.03347
-0.790185
-0.650896
-1.04254
-0.79342
-0.654064
-1.03759
-0.800208
-0.664137
-1.04438
-0.788425
-0.660869
-1.03581
-0.79709
-0.65579
-1.03939
-0.796303
-0.663651
-1.04061
-0.788475
-0.652673
-1.03305
-0.79171
-0.66697
-1.03374
-0.799705
-0.651298
-1.03905
-0.798515
-0.651918
-1.03183
-0.79471
-0.663735
-1.03647
-0.790973
-0.664221
-1.04279
-0.801784
-0.664372
-1.03281
-0.795096
-0.650644
-1.0457
-0.793705
-0.661254
-1.04136
-0.791442
-0.661338
-1.03253
-0.792733
-0.652103
-1.03261
-0.796772
-0.662243
-1.03089
-0.790017
-0.654885
-1.04505
-0.794995
-0.651214
-1.04413
-0.795616
-0.656863
-1.03912
-0.789732
-0.660701
-1.03525
-0.794777
-0.662863
-1.04378
-0.80284
-0.653829
-1.03494
-0.794342
-0.6576
-1.03476
-0.789531
-0.652857
-1.03464
-0.800476
-0.650862
-1.04545
-0.7958
-0.662344
-1.04051
-0.797225
-0.665713
-1.03952
-0.790403
-0.658288
-1.0453
-0.790084
-0.662059
-1.03385
-0.797744
-0.666031
-1.03897
-0.798096
-0.666182
-1.03543
-0.801867
-0.6664
-1.03585
-0.797124
-0.656226
-1.04545
-0.800359
-0.659796
-1.04319
-0.800309
-0.663165
-1.04528
-0.790671
-0.650644
-1.03028
-0.799471
-0.663534
-1.04472
-0.795062
-0.654097
-1.03655
-0.803192
-0.661891
-1.03127
-0.79409
-0.663048
-1.04336
-0.802756
-0.666014
-1.03285
-0.794325
-0.665428
-1.03796
-0.7928
-0.665445
-1.02933
-0.804482
-0.65346
-1.03444
-0.795582
-0.653075
-1.04136
-0.801633
-0.658388
-1.0391
-0.800107
-0.663903
-1.03007
-0.799722
-0.653527
-1.02914
-0.792431
-0.651131
-1.03633
-0.792716
-0.665964
-1.03273
-0.799638
-0.650561
-1.03201
-0.798448
-0.660299
-1.03082
-0.796387
-0.657232
-1.03747
-0.800158
-0.653293
-1.0336
-0.796353
-0.653309
-1.04307
-0.792079
-0.6546
-1.03384
-0.794844
-0.661589
-1.04398
-0.803577
-0.656712
-1.03769
-0.794006
-0.661958
-1.02919
-0.793487
-0.660835
-1.03793
-0.795984
-0.662595
-1.03466
-0.800962
-0.666836
-1.04513
-0.800644
-0.658673
-1.03275
-0.793152
-0.661975
-1.03129
-0.796319
-0.659578
-1.02909
-0.794325
-0.658589
-1.03447
-0.794811
-0.663701
-1.03161
-0.790671
-0.651315
-1.03605
-0.798532
-0.665009
-1.03131
-0.795867
-0.658522
-1.03628
-0.790989
-0.657734
-1.03275
-0.804817
-0.650577
-1.03571
-0.800342
-0.659712
-1.04384
-0.793923
-0.661003
-1.03085
-0.805002
-0.652572
-1.04113
-0.804348
-0.651315
-1.04114
-0.803761
-0.656561
-1.04016
