tweet	sarcasm	sentiment
نصيحه ما عمرك اتنزل لعبة سوبر ماريو مش زي ما كنّا متوقعين الله يرحم ايامات السيقا والفاميلي #SuperMarioRun	0	0
شوال الفلوس سويرس مشغول اوى اليومين دول بقناة الجزيرة ونازل شتيمة وتريقه فيها وفى ضيوفها خدك بيوجعك اوى ياشوال	1	0
الأمين العام للأمم المتحدة: بشار الأسد قتل 300 ألف شخص فى سوريا https://t.co/KMXrqNovgE	0	0
"حسبنا الله ونعم الوكيل "" #انتخبوا_العرص #بيقولك_أعرف_بلدك #الحرية_للجدعان ناس عا…"	1	0
RT @isharatidriss: ٣٠)#امريكا_ومحاربة_الارهاب الذي صنعتة لمواصلة الكيد والحقد الذي يملاء قلوب دول الكفر علي الاسلام والمسلمين( يا ايها الذي…	0	0
على أي اساس سواقين #اوبر يعطون الراكب تقييم ؟ انا طبيعتي ماتكلم ولا اسولف مع السواقين حتى سواقي الخاص اقوله… — https://t.co/QEgjafZfrO	0	0
RT @al_rakkad: مهما كابر البعض .. الارجنتين بحاجه ماسه الى هذا الرجل !من دونه نتائج سيئه جدًا .. الارجنتين من دون ميسي لاشيء .. https://…	0	0
الأسئلة التي هربنا منها أيام المجلس العسكري لا زالت تطاردنا وستظل إلى أن نواجهها ونجيب عليها	0	0
عليهم لعنة الله لن تضيع دماء الابرياء سوف تحل لعنة السماء على ال سعود المجرمين ومن حالفهم #الضنيه #Christmas #وينن https://t.co/rpMV6wHzSu	0	0
#الحوثي #المخلوع عجباً ل #كيري و #قابوس كيف يتجاهلاالقرار٢٢١٦ الصادرمن مجلس الأمن ومحاولة الالتفاف عليه؟هل هذه الحياديةوالسعي لمصلحة #اليمن	1	0
شغل جامد 👌👍#MannequinChallenge https://t.co/r0aO699OxP	0	1
#توفيق_عكاشة بيقول على هيفا ولية ناشفة امال حياة الدرديري بتاعتك دي ايه ؟؟ يافلاح ميت الغرقا ياحماررر	1	0
#حلب #سورياو ايه مقابل ال بتعمله #روسيا في سورياكل الروس ال بيتقتلوا و.كل طلعة جويةاكيد مش لله و سوريا و بشار	0	0
كل عام وأنتم بخير وكل منا في سلام مع نفسه ومع الغير وفي وطن يتسع للجميعمازالت قناعتي أن شباب مصر الثورة هم الحل والأمل:فكر خلاق وقيادة فتية	0	1
@nsalmk ونيكي? يمه امزح  لاجد وربي بيونسيه هي الي وحيده تظبط هالشي	0	0
مقال رائع لخالد منتصر	0	1
@MajdKanaann اللجان الثوريه هي عصابه تابعه لايران وامريكا وبريطانيا زي حقه حزب الله لبنان وعمهم الكبير نتن ياهو الكلب والله يسترع المسلمين	1	0
"#غوتشي ""فلورا"" النسائيمع نغمات عطرية أكثر عمقاً وجاذبيةاحصلي عليه من #نقطة_الأناقة الآن في #أملج https://t.co/bM0GjfImCN"	0	1
عشرات الجرحى في احتجاجات على مشروع لأنبوب نفط في الولايات المتحدة https://t.co/Um1sVbYzS1 #سبوتنيك #فلسطين #القدس	0	0
تصور يا حفتر عملية مثل بنيان مرصوص أعتمادهم علي الله !!لا أبناء زايد و لا بوتن و لا فرنسا و لا داعش !!فهل يقوي أحد أن يغلب الله ☝	1	1
زينة الميلاد بجبيل الحلوة ❤️#jbeil #livelovelebanon #christmas #byblos #livelovebyblos #lebanon… https://t.co/eA9RnTcRBS	0	1
كذبة حقيرة الاهرام العربي:مرسي طبع 65 مليار جنيه والبنك المركزى يأسف ويستنكر ويرفض التعقيب	0	0
RT @amer_alkubaisi: حيدر العبادي حذف منشور انتقاد أردوغان من الفيس بوك ، وربما بعد قليل يحذفه من تويتر، لنتابع اللعبة.	1	0
٢١ نوفمبر المجد التّليد لرقي فن فيروز ❤️🎼#فيروز https://t.co/v2JvjGAiNx	0	1
@riyadhalasaad عندما نشاهد مايجري في سوريا من قتل للإطفال والنساء من قوات الأسد وطيران المجرم بوتن تقطر قلوبنا دمانحن نشارككم الألم والعذاب	0	0
ما تغيب كثير عنا ؛ غيبتك عم تقتلنا حبيب القلب توحشتك بزاف  #رامي_عياش  #أمير_الليل @RamyAyach	0	1
كل مرة جورج ياسمين بقدم الاخبار بحط ايدي ع قلبي ليقطع قطوع الرئيس ميشال .....عون 😟😳	0	0
عقول زباله تسئ لرجل كبر اجدادهم فعلا العرب تربيتهم صفر #بالعربي	0	0
من أعذب مفردات #الحياة وأجملها هو #اعطاء العذر لغياب البعض ! [[ لان سيد #البشر تحدث عن #التماس العذر ]] ، صلوات الله ع…	0	1
@mohmad3033 والله مهو كلهم يبو سلطان..الاعلام الغربي يبي يصور لنا ان الشيعة خطر ويبي يصور للشيعة أنفسهم ان السنة خطر عليهم	0	0
إلى حد البكاءِ على يديكِ، أحاول أن أغني، و أعرف أنني وطنٌ و منفى، و أني لست مني، و لكني، أحاولُ أن أغني، حين أبكي	0	0
"تايملاين يليق بيه فيلم ""الأرهاب والكباب"" بدخلة يسرا المفاجأة 😌😃"	1	0
مع كامل محبتي الشخصيّة للرؤساء عون وبريّ والحريري، لا تفهموني خطأ؟؟؟ عندما يقبل الرئيس ميشال عون بأن ينتخب من قبل... https://t.co/U0ffFBkR7u	0	0
في ناس غاويا كدب وكمان بتخاف فيديو متفبرك تماما مندوبتنا في ليسيه الحرية مادخلتش اللجنة أصلا بس حركات مفضوحة	0	0
#النّازحين_السّوريّين بيعتبرو اللي صار ب #حلب تحرير ومبسوطين وعم بِهللو#بس_هيك😊	1	0
RT @aawsat_News: #نجاح_الحج1437ه | النجاحات #السعودية المتوالية في تنظيم #الحج تلجم أفواه المشككينhttps://t.co/Ovq7tMPWda https://t.co/dy…	0	1
RT @AbuAltahish6: @hrw_ar @aboaqil2010 امريكا هي راعية الارهاب .وتحالفها الدولي لضرب داعش انما هو لدعم داعش وكبيرتها السعودية العالم يعرف…	0	0
#يلا_نحفل_علي_احمد_ادم الرد هشتاج بردوا #باسم_طلع_حرامى	1	0
@DimaSadek الفرق بين الصورتين هي صورة لاهالي الجنوب في حرب تموزوالصوره الثانية لنزوح أهالي حلب الفرق النازحين السور… https://t.co/NC2lPOKHke	0	0
وقالو سعيدة في حياتها 😣 #إليسا	0	0
"إذاغيب الموت ""نعناع الجناين""فإن حكاء مصرالأصيل سيظل حاضرافى الوجدان المصرى بأعماله التى جسدت أحلام المهمشين،رحم الله""صياد اللولى""خيرى شلبى"	0	1
ف #مصر #شخصية_مريبة متعرفش #بيشتغل لحساب مين بالظبط اسمو #نجيب_ساويرس بيعمل #قناة #لجاسوس اسمه #يسرى_فودة ليستضيف #عميل_برخصة اسمه #جمال_عيد	1	0
#ميشيل_تويني: كيف تم إخفاء معالم من موقع التفجير عند إغتيال #جبران_تويني ومن المسؤول ولماذا لم يُحرّك الملف كل هذا الوقت؟@MichelleTueini	0	0
@LaaHooB_Q8 @alhurranews خلاص طاح الحطبو بوكيمون يبدى قلقه	1	0
لمصر شعب يحميها رب أجعل هذا البلد آمنا مطمئنا	0	1
"إثر هجومهما ""الهمجي"" على #حلب.. البيت الأبيض يحذر الأسد و #روسيا#سوريا #واشنطن #روسيا_تحرق_حلب #تدمير_المشافي"	0	0
#عرب48 | تطويق الأخبار الكاذبة على #فيسبوك: تهدد الديمقراطية https://t.co/jxeLkHwWy0	0	0
بعد الإنتخابات الأمريكية الأخيرة أثبت الإعلام الغربي أنه إعلام موجّه وغير صادق وأثبت الإعلام العربي أنه ببغائي بامت… https://t.co/jBCZQ61Dkx	1	0
فى مصر الانقلاب تعلو اصوات العهر والدعارة وتخفض اصوات الحق والعدل والشرفاء تحكمهم بيادة تلاحقهم رصاصة تأويهم سجون	0	0
النازحين السوريين منحاشين من قتل بشار وحزب الله وايران  لهمراحوا حق لبنان اللي تحكمها ايران وحزب اللهدخلك راح يعالجونهم بفلوس الكويت ؟!!	0	0
ياويلللي اعوذ بالله #ماذا_لو_المدارس_مختلطه	0	0
بلغ التدني بالبعض حد وضع صورتي واسمي على حسابات تويتر مزيفة وإستخدامها للتطاول على حبيبتي وزوجتي وللخوض في عرضي، وتداولها عبر مواقع غير جادة	0	0
#رمضان_الخير قرب	0	1
RT @alsrkhyalhasany: #الصرخي_يكشف_زيف_المدلسينانحرف السنة والشيعة بسبب داعش والسيستانيمقتبس من بحث (السيستاني ما قبل المهد الى ما بعد الل…	0	0
عامل كهربائي يستغل وقت فراغه في عشر ذي الحجة في قراءة القرآن كتب الله أجره وغفر ذنبه #عشر_ذي_الحجة	0	1
#مركز_تدريب_قياده_للنساء_فقط هههههه دنتم مسخره ياراقل هونو على انفسكم يامجن فرنسا	1	0
عندما يرفع #راهب_مقدسي #الاذان من #كنيسة في #القدس، فهذا ما يفسر أحد أسرار شعب الجبارين في #فلسطين المحتلة.https://t.co/z45LAkRgIT	0	1
#الاعلام_رسالهكاذبه الكل ينشر فيها ما يريد و اذا كانت حجته ضعيفه اضاف كم صورة لمراة او لطفل اما جرحى او موتي لكي يكسب تعاطف المجتمع الدولي!	0	0
جوجل بلاي مقموص :3	1	0
@abo_raged حملت البرنامج وجربتو في اسطنبولبس موجود خيار واحد من والى المطار#اوبر موشغال هنا	0	0
"#فيدرر:"" حماسي وحبي للعبة يقوى أكثر وأكثر وأتطلع للمشاركة في بطولة استراليا المفتوحة"" https://t.co/bbjFC2aeQO"	0	1
البلد اللي اليسار فيها ممكن يتحالف مع اليمين المتطرف عمرها ما تتقدم #فكره_لمصر_تتقدم_بيها	0	0
من المخجل ان يكون بوتن هو الذي ينذركم مما وعد الله ،، يا مسلمين !!https://t.co/lqPN3e1Xr1	1	0
#حلب : #الجيش_السوري يحكم سيطرته على كامل الأقسام الشرقية لـ #حي_كرم_القاطرجي ، و #حي_باب_النيرب و #حي_الحلوانية.	0	0
تجنن ويد  https://t.co/ZQqei5eMdy	0	1
قرار رئيس الجمهورية بعودة البرلمان للانعقاد صحيح و التنفيذ الصحيح لحكم المحكمة الدستورية يكون في الإنتخابات القادمة	0	1
RT @M__albugaily: قردوغان حليف اسرائيل يدعم تنظيم داعش في سوريا ومع ذلك لم يغضب عليه أحد ويهدده كما يفعل مع مصر التي تواجه الإرهاب بشكل عام…	1	0
@AbuAbufadel هيلاري كلنتون تصلي من اجل وسخ الدنيا والرئاسة الملعونه تنافق لليهود من اجل كرسي الرءاسه لان الصهيونيه العالميه تقرر من الرءيس	0	0
حمد لله تخرجت #ماذا_لو_المدارس_مختلطه	0	0
اللهم بلغنا رمضاااااااااان #نفسي يرجع بقا	0	1
تشافي: أفتقد اللعب مع برشلونة.. وبيكيه مستاء ومحبط هذا المحتوى من : كتب: أيمن جيلبرتو https://t.co/oUnIxRfaod https://t.co/4fBThzQgxQ	0	0
هل هذه هي الديمقراطية؟ هل وزعت أيضا أموال على طلاب جامعة النيل والقيادات النقابية لزعزعة الاستقرار؟ هل بالأمن والقمع سنتعامل مع الاحتجاجات؟	0	0
حق شهدائنا يضيع بشكل منظم نظامنا القضائي عاجز عن القصاص والجهات التشريعية والتنفيذية لم تدعمه، ومحاسبة كل من قصر في جمع الأدلة ضرورة	0	0
إنت فاكر إن متابعتك لأفلامي أهم من بلدي؟ في ستين ألف داهية وإوعى ترجع في كلامك قبل ما تعتذر على جهلك	0	0
يعني ناس قعدت تنكر تعرية ست البنات وبعدين قعدت تبرره مستني منهم فجأة ينتفضوا لكرامة الإنسانللأسف كلنا هندفع تمن غياب العدل في هذا البلد	1	0
روبرت دي نيرو مهاجما دونالد ترامب: كلب وخنزير وغبي https://t.co/JAicUONtyh	0	0
#خطر_في_القدس... يزداد الخطر بزيادة الغفلة واللامبالاة في قضايا #القدس وآخرها صوت مآذنها الذي يقاوم #الاحتلال	0	0
@RTarabic احلى مافي تركيا إنها استقبلت السوريين النازحين وأستقبلت الدواعش للتدريبهم ودخولهم للسوريا والعراق مأجور يا عمو رجب بن طيب	1	0
RT @14__moony: سـاعـة الإشتيـاق ليس لهـا عقـارب .. ومع ذلك تلدغـك في كـل ثانيـة تعيشهـا#قروب_خواطر_للدعم#قروب_فيدرر_للدعم	0	0
RT @dr_naseer: الطائفية هي أن تبكي على أطفال حلب في الصباح وتضحك على قتل أطفال صنعاء في المساء. الموضوعية هي أن تتبرأ من قتل الأبرياء في كل…	0	0
"البقرة ""د""  وأجندة اليمين الإلحادي المتصهين الإرهابي  اليمين المتطرف الإلحادي المتصهين ، هي حركة إرهابية ، في... https://t.co/ewgUztqRcJ"	1	0
صعود #اليمين_المتطرف: مخاطر هائلة على العالم https://t.co/gI6thAwMfG https://t.co/nAcDDGRWSN	0	0
حرية التعبير لا تتضمن التحريض على العنف و الفتنة الطائفية بل هو خطاب كراهية	0	0
عمال مصر هم عماد الوطن، تكرار الإعتداء على العمال يؤكد ان دولة مبارك لم تسقط وان تغيرت الوجوه	0	0
"لبنان جاب جورج كلوني ""صهر""، وسوريا عملت ريكي مارتن ""كنّة""... 😎 https://t.co/Xme6psdqbr"	1	0
انتخابات الرئاسة في النمسا: هزيمة مرشح اليمين المتطرف نوربرت هوفر أمام فان دير بيلين https://t.co/fehz9Y3BHM	0	0
9سبتمبر عيد الفلاح الذى ظلمته السلطة واهملته المعارضة نحتاج لاصلاح زراعى جديد و نقابة مستقلة للفلاحين لا تغيير بدون الجماهير وفى قلبها الفلاحين	0	0
اشرب ياقصير العمر منك له لها وياللي خربتوها ونهايتكم السجن او القتل لان اصلكم مجرمين واللي عملنكم بريطانيا من 85... https://t.co/8krvlB2TUj	1	0
RT @s_h_a_h_d: اللهم انصر الاسلام وأعز المسلميناللهم إنك أنت الجبار فاجبر كسرناوأنت المعز فأعزنا بعزكوأنت المنتقم فانتقم لنا ممن عادانا…	0	1
كنت تأجل وتيجي منك بجميلة وتعمل فيها قعر مجلس وكبير العائلة بس هتقول إيه الغباء السياسي صنعة	1	0
RT @FAWZIALAJI: طفل أمريكي يكتب رسالة للرئيس #أوباما ليسمح للطفل السوري #عمران بدخول #أمريكا ليعيش مع أسرته ويتخذه أخاً!#سوريا https://t.…	0	1
جمعت القروش المميزة في ٣ عوالم.. متعة اللعبة تتلخص في تجميعها + طور الرالي اللي يوسع مملكتك وخياراتك 👍… https://t.co/sDp22n6bBm	0	1
يقال أن إمبراطور #الصين كان يختبر موظفيه مرة واحدة كل ثلاث سنوات، لجس نبض مستواهم الفكري و النتيجة واحدة من اثنين إما الترقية أو الفصل !!!	0	1
#اليمنية| #مليشيات_الحوثي_وصالح تستهدف منازل وقرى المواطنين بمحافظة البيضاءhttps://t.co/3VEeiPQGI3#التحالف_العربي_سند_اليمن	0	0
"RT @LGArabic: عندما سألو ليدي قاقا اذا كانت سـتتنتخب ""دونالد ترامب"" المرشح السياسي العنصري 😂. https://t.co/5XNAtntWne"	1	0
@elissakh يلا اليسيانز كلنا نصوت لافضل البوم في سنة ٢٠١٦ طبعاً اليسا #سهرناياليل #اليسا وصوتو اكثر من مرة https://t.co/il24JppOHr	0	1
حزب الاصلاح ينقل صورة خاطئة عن إذاعة #عدن  المستقبل ويقول انها تابعة لحزب الله كذبتم ولم يصدقكم احد ياحريم السلطان نحن اشرف منكم ياخونه	1	0
عزيزي #ابراهيم_محلب تغطية عجز الموازنه بزيادة الاسعار سياسة المسئول الفاشل قليل الحيله	1	0
هد دايرة و بنلف فيها ، الداخلية مش عايزة بقي في اولتراس فاخترعت مذبخة بورسعيد فالناس تموت فالجمهور يتمنع من الماتشات #الكورة_للجماهير	0	0
@Hamed_Alali @aboalhodaalhoms هذه نتائج ربع تحرير الجزائر من فرنساوخذلان جبة الانقاذ عندما فازت بالانتخاباتأتذكرون؟حدث لهم كما حدث في مصر	0	1
RT @watan_usa: حازم عبد العظيم ساخرا: دبلوماسية مصر السيسي غير مسبوقة في تاريخ الدول https://t.co/zzDnkBSfXy https://t.co/no3FKECTFn	1	0
#اوعى_تنسى طوابير السيسي و اخونه المقابر و زرع فى مل عائله جرح عميق لسه فاكر و انت نسيت؟؟	1	0
@malak_alhusaini ابي ايفووووووووون نفسسسسسسسي بالايفوووووووون اللله يسعددددك 😭😭😭😭😭😭😭	0	1
كيف تشكلت صورة السعودي لدى الإعلام الغربي؟ وما هو الدور الذي كان يؤديه مرتزقة الإعلام؟تتبع المال يكشف حقيقة هذه المساعي #فضيحة_تركي_الدخيل	1	0
@iishz16 كفو ي جستن بيبر 😂	0	1
نعلم ما تمثله مصر لإفريقيا وندعم خارطة الطريق #السادة_المحترمون	0	1
@manna987 @manae2006 قال له : النصر حليفك .. لعنة الله عليهما .. لافرق بينهما #جرائم #بوتن	1	0
المعارضة تسترجع مواقع في #حلب.. والمعارك تتواصلhttps://t.co/3SwQz656i9#السعودية #سوريا https://t.co/rn60BB6CNl	0	0
رفع الشعارات السياسية في الحج حرام شرعاً وخيانة وطنية …	0	0
ستحل الجمعة القادمة الملكة @elissakh ضيفة عمرو أديب في برنامج كل يوم جمعة لأول حلقاته وحتكون #اليسا فله وشمعه ومنوره https://t.co/VMhwkLGqOw	0	1
@abuyemmen @alhanouf0690 ترى انت واحد بس من ضن اليمنين الشرفا اللي ما صاروا كلاب إيران ، إيران دمرت العراق سوريا والان انتم وتكذب عليكم	1	0
إحنا عندنا ثقافة اعتياد للقبح، ثقافة اعتياد للقذارة، آردوغان قدر انه يبدأ نهضته بالنظافة، شيراك لما كان عمدة…	0	0
Bonjour 💗💗وبخصوص الملابس تجننن والشوز والتنورة 😍🔥🔥  وكل شيء بالحلقة كان رائع 😘🙈@nadinenjeim #nadinenassibnjeim… https://t.co/nDyHgC0Ude	0	1
اعلنوا انهم لقوا اثار مواد متفجرة على جثث ضحايا طائرة مصر للطيران اللي وقعت من سبع شهور !! https://t.co/ZLWWMxi2DY	0	0
يكفينا فخرا انو بتاريخ هالجمهورية اجا رجال عالرئاسة الاولى اسمو ميشال عون..	0	1
"كنت أعتقد أن خدمة ""غوغل ترجمة"" سيئة جدًا إلى أن جربت ""بينغ"". ملك جمال الترجمة #غوغل 😅"	1	0
RT @Rashedalkaabiii: والله عيب حتى #ميسي قام يطقطق علينا 😅✋🏼حد يشوف لنا حل 💔🇦🇪#مهدي_علي_برع #انقذوا_الحلم #اقاله_مهدي_علي https://t.co/…	1	0
كذلك فيه البعض يفضل التأكسي على اوبر او كريمبالرغم من جهل الراكب لمعلومات السائق وحتى معلومات السيارة٣#اوبر#كريم	0	0
@ArabShop اخوي بغيت اشتري عربية أطفال و البائع امازون وحاطين وزن الشحنة 11 ونص كيلو .. وتشحن مباشر للسعودية لكن غالي شوي 600 ريال .. يتبع.	0	0
RT @m3lomt_11: فرحه مصري لدخول رجل الى الأسلام ! ما شاء الله عليه :) https://t.co/0Fp5EzMmBv6660	0	1
إستمتعنا وأسعدتينا كالعادهوأبداً ما بنكتفي بكم ساعة من اللقاء عايزين أكتر ودائماً بنتعلم منك ♡Love You NNN… https://t.co/eUD0FY4mRg	0	1
قد ﻳﺒﻄﺊ ﺍﻟﻨﺼﺮ ﻷ‌ﻥ ﺍﻟﺒﻴﺌﺔ ﻻ‌ ﺗﺼﻠﺢ ﺑﻌﺪ لإ‌ﺳﺘﻘﺒﺎﻝ ﺍﻟﺤﻖ ﻭﺍﻟﺨﻴﺮ ﻭﺍﻟﻌﺪﻝ ﺍﻟﺬﻱ ﺗﻤﺜﻠﻪ ﺍﻷ‌ﻣﺔ ﺍﻟﻤﺆﻣﻨﺔ سيد قطب	0	0
عبفتاح السيسي أوميجا العالمى #انتخبوا_العرص	1	0
سايب صاحبك يهزر معاك و يشتمك بامك ؟ معلش اصلها فكرت نفسها جابت راجل طلع #سيكو_سيكو	1	0
@Lionel__FCB انا اقول واحد يلبس شورت ميسي وتمشي الامور	1	0
#لافروف يعارض مشروع الهدنة ويتوعد المعارضة بـ #حلب#اخبار #سوريا https://t.co/ZN5U0trqGm	0	0
آلايآم يا حبيبي بتجري ولسه آنا مستنية 💔☹️️#اليسا https://t.co/bMJlXKqX9O	0	1
من الطبيعي ان تجد شخصا منافقا ومن الممكن ان تجد رجل دين منافقا لكن ما يفعله على جمعه تخطى كل الحدود	1	0
وتتوالى الإبداعات في العالم العربي #اﻷم_المثالية في مصر #سمير_جعجع رئيساً للبنان #والعرص_ابن_العرص مرشح للرئاسة	1	0
ملوك الاناقه والفخامة طبعاا قميص غوتشي لابس تاي تاي😊😀😀 https://t.co/l61kPhg9Tj	0	1
أنا أبكي !! وأدري أن دموع العين خذلان وملح !! #محمود درويش	0	0
نسيت أقولك إنك لو مؤمن بعدل ربنا لازم تطلع مبارك من السجن أو تحصله لأنك مسئول سياسيا عن قتل مواطنين مصريينبلوك وريبورت سبام	0	0
طعمة ... بتزيّن سفرة العيد#tequenos #christmas #tasty #cheese #sheeserolls #lebanon https://t.co/PmMhOPHvMu	0	1
بالفيديو يوسف الحسيني بيهزق الحكومة انتوا حكومه بلاميطي	1	0
@drMkmo5رحم الله عز الدين القسام واحمد ياسين عندها كانت فلسطين تحت ضل راية فلسطينليسو تحت راية #فتح او #حماس اللهم وحد الصف والعن الخونه	0	1
شجرة عيد الميلاد ، رمز الحياة و النور#kronfol #ilovekronfol #lebanon #christmas https://t.co/ZnORyTaCkG	0	1
@saadhariri الرئيس #سعد_الحريري :سنظل على قسم  الشهيد #جبران_تويني بأن نبقى موحدين دفاعا عن وطننا https://t.co/MMzbLKsJkL	0	1
أشكركم جميعاً على وقتكم الثمين والساعة لا تكفي معكم	0	1
ضباط النظام السوري الرافضي يقدمون نساءسوريا للضباط الروس جيش الدياثه اسمعوا{جيبلو بنت من الدفاع الوطني فورا https://t.co/FJJEpgjz2a  #اليمن	0	0
هو لما يكون النظام السورى قمعى اروح واقف فى صف جبهة النصرة  وال 160  مليشيا المسلحة من كل ارجاء الدنيا  اؤيدها وابررلها وممكن انضم لها  كمان	0	0
أين المتشدقين علينا بجرافات الموت التي ترسلهم مصراتة دعم لثوار بنغازي ... بوتن يعزز حفتر بجرفات و صواريخ للموت حلال… https://t.co/rfS9deMPsy	0	0
@OsamaSa52154927 @asealolat قاعد تترجل على التويتر ادهب لتنصر جبهة النصرة في حلب لتفرح بك فرنسا وامريكا في مجلس الامن	1	0
@Moaazf1 @sabqorg يادلخ منتخب الارجنتين اللي يلعب فيه ميسي بيلعب في كأس العالم 2018 بروسيا واذا تقابلت السعوديه مع الارجنتين ياحمار المولد ب	1	0
2525 أنا برضه اللي بتكلم زي عمر سليمان؟ ده شكله متعلم منكم وبكل أمانة أنا كنت أحترمكم أيضاً ولكن كفاية وهم لحد هنا	1	0
هم يتغزلون و انتي مثل بومه هاري بوتر توصلين الكلام https://t.co/lWEFPRK0tj	1	0
# : شمروخ فى الايد يغنى والنار رمز احتفال وان جيت فى يوم تلومنى مش عالبال # : وتعيش الاولتراس بتحارب على مر السنين #الكورة_للجماهير	0	1
#ستولتنبرغ| سنعمل مع الرئيس الأمريكي المنتخب #ترمب لتطوير حلف #الناتو#مباشر #تركيا	0	1
@Alito_NBA @ChrisBHaynes علي اللحية خذ جوالي	1	0
وعلى قولة #فيروز ..وينن وين صواتن وين وجوهن وينن؟صار في وادي بيني وبينن ..بيوجعني قلبي من هالمنظر..حىتى لو عالتلفزيون ..بحس بالغربة #دمشق	0	0
١١ سنة و بعدك حرقة بالقلب.. بس صوتك باقي اعلى من ابواق الخونة و القتلة. رح يجي نهار و ينتصر في النور عالظلمة..#جبران_تويني	0	0
RT @Counselkremlin: زعلانيين على التصويت المصري ضد الارهاب .. يعنى تبونهم يحاربون الارهاب في سيناء ويأيدونه في سوريا .. !!هذا منطق الاع…	1	0
انه دائماً من الرائع أن تكسب الجوائز لأن هذا يعني انك قدمت موسماً جيداً #تشلسي #تشيلسي	0	1
"قرار جمهوري بتعيين رئيس الجمهورية أصدق من انتخابات ""تعبيرية"" مقصور حق الترشح فيها على خمسة أفراد لنقاطع هذا العبث كفانا خداع للشعب"	0	0
"أزمة دبلوماسية حادة بين موسكو وباريس بسبب ""سورية""https://t.co/pWmXwK6KFs https://t.co/biecOOuiQJ"	0	0
كلية استغفر الله العظيم المعيدين عايزين يعملوا فيها دكاترة وبيشتغلوا علي مزاجهم #فنون_تطبيقية #دمياط	1	0
RT @Yousiif65: هاري بوتر؟👓🎩 https://t.co/959OoWvGZr	0	1
كتير متحمسة لحتى احضر هي المقابلة😌💕 #اليسا #elissa https://t.co/SMiHlSQjTp	0	1
@MajdKanaann @doip52otud9UVpJ قلك كونوا أنصار اللهمصدقين انهم المقصودين في القرانولبنانحزب الله الا ان حزب الله هم الغالبونوهابية الشيعه	0	0
RT @dotemirates: أسهم #تويتر تنخفض 20% بعد تراجع #غوغل و #ديزني عن الرغبة في شرائهhttps://t.co/1JXvKQ8cCI	0	0
الله يبارك فيكي يا هند	0	1
فشخين الدنيا ب احمد الشيخ وانه هداف الدوري برصيد ٨ اجوال منهم ٥ ضربات جزاء !! اللي فتح الله عملها قبله عادي	1	0
#روسيا_الصليبيةمايحدث في سوريا من قتل وتدمير  حرب صليبية ضد المسلمين بمباركة من بطريرك روسيا قبيل بدء الحرب .	1	0
أرى أن النظام المختلط بين النظام البرلماني والنظام الرئاسي هو الانسب لنا هذه الفترة التى تتوزع فيه السلطة	0	0
"RT @PhilosopherSaud: - الممثل روبيرت دي نيرو ، يهاجم المرشح ""دونالد ترامب"" ويصفه بالكلب والخنزير ، ويدعو إلى التصويت ضده !! https://t.co/…"	1	0
@Adnan_Jas ابو جستن وش الإبداع في صياغة المشاعر غطيت على جستن بيبر	0	1
#اعترافات_الطفولة احب كونان واحلم يرجع سينشي ونتزوج	0	1
والعسكر سيطر ظلم اتجبر للشر حضر ع الحدود زي الفراخ وع الحريم يتشطر #عسكر_كاذبون	1	0
سلاماعلى شهداء الانتصارالعربى ، وتحية الى قواتنا المسلحة التى عبرت بمصر من الهزيمة الى النصر (إن ينصركم الله فلا غالب لكم)	0	1
أيها المتحدثون عن شرع الله هل يوجد في شرع الله تهمة اسمها العيب في الذات الملكية هل من شرع الله التعاون العسكري مع امريكا لتحتل العراق	1	0
مولانا التيس	1	0
نفتخر بيك يا سيسي يا نور عيني نفتخر بيك ياااا رئيسنا يا غالي ❤🌼❤🌼❤🌼❤🌼❤ https://t.co/AKjwWPCv5k	0	1
رامي عياش_ رائع بحبك رائع https://t.co/tOxExGwf4k	0	1
اسرائيل تفرض أول غرامة على مسجد بسبب رفع الأذان https://t.co/2Ckdno8lXJ #رفع_الأذان #فلسطين	0	0
RT @a10892944: انتي ممحونه انتي .. انتي تنزلي صور ولاد وتقولي هييييح انتي 😂غوتشي غوتشي غوتشي 😁	1	0
RT @GantElfrdwos: مش هنرسم خريطة جديدة لمصر يا سيسيايهلسه هتبيع حاجات تانيطيب نرسمها لما الاكازيون يخلص	1	0
RT @nbenotman: عندي نصيحتين في التغريدتين التاليتين أتمنى التفكير فيهما بتمعن خلال غيابي عنكم كم يوم بسبب أنغماسنا في مكافحة الأرهاب أقليمي…	0	1
آه الناس حواليك بتحب مرسي وماله؟ بس مرسي ماهواش أغلى عند الناس دي من رزق عيالها ومن مستقبلها ولو حست إنه فاشل مش عارف يحل هتقلب عليه وعليك	0	0
الفحم وصل يا استاذنا واحنا واقفين نتفرج #أوقفوا_الفحم #حكومه_تقتل_المرضى	1	0
RT @HUN_0_TER: @Counselkremlin الرئيس #الروسيفلاديمير بوتين :يشرح كيف انشأ اوباما داعش https://t.co/Gx2lgHyVA5	0	0
مو معقوووولة لاعبين بهالحجم غياب لاعب حتى لو هاللاعب هو #ميسي ياخي شلون تبي تحقق مونديال وأنت بدونه ضاااااايع !!!!#الارجنتين_البارغواي	1	0
رئيس شعبة المستوردين: مصر تتعرض لحرب اقتصادية شرسة بعد فشل الإرهاب #مصر https://t.co/Q1qwDZzHUQ	0	0
صفعة لناشطة هي صفعة على وجوهنا جميعا، اعتداءات وحشية أمام مقر جماعة غير شرعية تخرج على القانون وتحكم لتفكيك الدولة، الإخوان في مواجهة مصر!	0	0
حلبهذا المساء #حلب الشرقية ستصبح طاهرة مطهرة من #الإرهاب #الإسلامي #الوهابي المجرممرحبا بكم في حلبBienvenue à #Alep#سورية#روسيا#إيران	0	1
"@zxbm33 لو أراد أن يعرف غير المسلمين ماهو الإسلام ؟! فسوف يعلمون ماهو من قرائته لتحيته "" السلام عليكم"" وسيعلمون بأنه لم يكن دين عنف أبداً"	0	1
جريمة الأهرام	0	0
الشعوب لا تنهض بالكلام والظواهر الصوتية لم ولن تحدث فارقا يذكر عبر التاريخ!	0	0
نفاق الجموع من آفات مجتمعاتنا فالكثير يعبرون عن مواقفهم في جلساتهم الخاصة ومكالمات الهاتف بينما ينافقون الجماهير في العلن خوفا على شعبيتهم!	0	0
RT @RevolutionSyria: صرخات ألم ودم وما من مجيب ..من مدينة المجازر #حلب اليوم#Aleppo #Syria #PutinAssadCrimes #ObamaComplicity https://t.c…	0	0
لا #للمداخلة السلفيين في #ليبيا	0	0
يجب ووقف فورى للعنف ومحاكمة المتورطين فيه علناً	0	1
لا أعرف لم يعرضون المبالغ على الطفل #فيصل_الغامدي لإغراءه ببيع هدية #الملك ألا يدركوا أنها لا تباع ولا ترد خاصة أنها جاءت من والد الجميع	0	0
يجب على كل ابناء #الزمالك مساندة ميدو ودعمه بشكل كبير ميدو استطاع تغير اشياء كثيرة داخل النادى موجوده منذ زمن بعيد قوي	0	1
64 اذا مبارك كان عنده حق لما البلطجية قتلوا الناس في الميدان لانه كان بيتشتم بامه برضه	1	0
لا بس ابديت ويندوز 10 وانه بقي فيه ابليكيشنز للفيس وتويتر والماسنجر والحاجات دي حوار والله شابوه فشخ للي عمله.. حاجة موبايل خالص :D	0	1
RT @12soondos: #قوتنا_فى_وحدتنا تواجه بلادنا موجات خطرة ومتعددة في وقت إنشغالنا بحربنا ضد الحوثيين وحربنا ضد الارهاب فلنكن قوة موحدة ضدها…	0	1
@Mohamed85146101 مبروك عليك ويندوز 10 .. ربنا يخلهوللللللك	1	0
"المجد لشهداء ""#محمد_محمود"" الذين سالت دماؤهم لتروي شجرة النضال …"	0	0
الله من نزع ملكم لغدركم وليس السيسي الله من أذهب حكمكم لعدم إخلاصكم الله من إستبدلكم لأنكم خنتم الأمانة ووليتم من لا…	0	0
@abd_agnabe @mahdi13203505 @zahyah2010لان ايران اعترضت وحركت روسيا للاتصال مع امريكا وتم الاتفاق بينهم تمهيداً لتدخل روسيا	0	0
"بوب ديلان يصف فوزه بنوبل للآداب بأنه ""مثل الوقوف على سطح القمر"" https://t.co/YMApD0V483"	0	1
مصارعة الثيران الإسبانية قتل من أجل المتعةلو كان في دولة اسلامية؟لصورها الاعلام الغربي كدليل على وحشية المسلمين! https://t.co/LRKCW2uANV	1	0
أسرار نشأة السيسي داخل حارة اليهود بالقاهرة #الجمهور |#السيسي #انتخبوا_العرص #السيسي_يهودي #مصر #انقلا…	1	0
🔴إطلاق مشروع يهدف لتمليك #الشباب الباحثين عن عمل #سيارات تصل قيمتها لـ150 ألف ريال للعمل بها في #أوبر و #كريم'… https://t.co/kqAAbmWX1a	0	1
عندما اندلع التصفيق الحاد لتكريم مرسي لفتاة مسيحية في مسابقة المولد النبوي شعرت أن كثيرا من الحاضرين يصفقون لأنهم ينتظرون منها إعلان إسلامها	1	0
اسحبوا الوثيقة الدستورية المشوهة نريد لجنة محايدة تضع ميثاق شرف نلتف حوله جميعاًأولويتنا هى توحيد الصفوف وليس المزيد من الصدام والفوضى	0	0
عزلة الانقلاب عالميا تتزايد وكل دول العالم تمنع مواطنيها من الذهاب الى مصر حتى حقراء الخليج من ممولى الانقلاب يمنعون أهلهم	0	0
3 الحتة بتاعة تستبيح خداعي دي دايما باشوف فيها صورة واحدة بشراب شبيكة وسيجارة بمبسم وميك آب تقيل وغمازة عيرة وإنت فاهم بقى	1	0
ولكن عناد ميشال عون الشرس ووفاء السيد حسن  وحنكة جعجع بس يللي ساعدو العماد عون يجي رئيس،بس أكيد أكيد  ساعدت في  المصالحة المسيحية مشكور موت	0	1
RT @yavuzacar2: #أردوغان يطبع مع إسرائيل التي تقتل الفلسطينيين ويتحالف مع روسيا وإيران اللتين تدمران معا سوريا وأهلها مع ذلك فهو حامي المسل…	0	0
7 اتكلم عن نفسك ولو الناس كلها مع القتل أنا يا سيدي ضده ولا يوجد أي مبرر ولا انت بتقيس قيمك على رواجها؟	0	0
"@NawalElZoghbi - ﺑﻴﻦ گُل "" ﻧِﻔﺲ ﻓﻴّﻨﻲ "" صُوتگگ""  #نوآل_آلزغبي #آغلى_آلحبآيب 💙💗💗😍❤ https://t.co/5eMN7CEmTx"	0	1
#جلال_عامر الغائب الحاضر	0	1
بعد الغدر والخيانة اللى شفناها ومن الاخر اللى هنشوفه لابس بدلة #شرطة هيرجع لامه ملفوف في بدلته #ثورة_اسلامية	0	0
#عمرو_أديب: #أردوغان بيصوت و #تركيا بتسف التراب الاسبوع دهhttps://t.co/QEO6p3n8zw هههههههههههههه حرقاك يا أقرع	1	0
سمعتها كتير بس اول مرة احسها وافهمها وعرف انها حلوه اووى كدا اغنية #شيرين انا كلى ملكك	0	1
حزب الله يدخل الحرب السورية، سعد الحريري يرشح جعجع ، سعد الحريري يرشح فرنجية، سعد الحريري يرشح عون ، اغتيال المبحوح ، انقلاب تميم	0	0
@amrmsalama @EGYPTAIR يا عمرو بيه اعمل زيي واركب النيل جميلة 😂😂😂	0	1
🔹الثقافة القرآنية🔘 رسول الله يريد لنا أن نكون أعزاء كما كان عزيزاً وأن نكون رجالاً في مواجهة أعدائنا.💚ذكرئ.المولد.النبوي.الشريف	0	1
#Christmas By The Lake… كي لا ننسى الطابع الانساني في عجقة العيد...https://t.co/NIEhjBPT0d	0	1
ابن مصر مفيش كلام #جدو #الاهلى #مبرووك	0	1
#ميلاد_فيروز اروع ما قيل في #فيروز ... https://t.co/ImuPYSOkok	0	1
مراسل الميادين :جثث المختطفين  خالية الاحشاء والسبب هو الاتجار بالاعضاء البشرية قبل قتلهم على يد جبهة النصرة والزنكي  #حلب_تباد_بصمت_عربي	0	0
#م نوينا نعشق بعض آبد كآنت سالفه 'وصرنا م نعيش من دون بعض (=|	0	0
بعيدا عن ريال مدريد وعن التعصب هذه لقطه اليوم 👏🏻كبير يا ليو👍🏻 https://t.co/M9qKfpWOEx	0	1
#مواهب يمنية إبداع عرب ايدول #اليمن https://t.co/ayW08MwYZW #الفيديو_العربي	0	1
#مليارات_العمره_علي_هوي_مصرليس أشد علينامن كربة الشام ،ومايجري في العراق ،ومايخطط له في اليمن ،ومايراد ببلاد الحرمين ،تكالبوا علينا	0	0
#واشنطن تحدد أسماء ضباط #سوريين يجب ملاحقتهم لارتكابهم جرائم #حربhttps://t.co/77IhB6RnXx https://t.co/d5qA7oPjVJ	0	0
#beINmatchpoint  ما أحب اغرّد خارج عن ميلان بس يأخي والله مفتقدين #فيدرر ومفتقدين تعليقك على مبارياته يالشطي ما نقدر نتخيل التنس بدونكم	0	1
لما يبقى اللي بينقلوا الأخبار للناس بالعقلية دي إزاي ممكن تثق في شبكة رصد دي وتسلمها عقلك قدرة مدهشة على خداع النفس	0	0
37 ماتعلمش من أداء جده القديم اللي قرب من الحاكم واستفاد منه وفاد الناس بذكاء وما اتعاصش بدم على الأقل	0	0
#عيد_ميلاد_سعيد_يا_سيسي#اعترف_اني#السعوديات_ثالث_اجمل_نساء_الكون#ثايرون_لن_نستسلم#هل_تتزوج_وحده_تكشف_وجههاالنهارده الخميساحمد الشيخ	0	1
هما لغوا خاصية switch account في تحديثات فيسبوك ماسينجر الجديدة عند كل الناس؟ ولا ده غباء من الأبليكيشن اللي معايا بس ولا ايه اللي بيحصل؟	1	0
RT @AlwaghtNews: منظمة أوكسفام: #السعودية_ارتكبت_مذبحة بالمدنيين في #صنعاءhttps://t.co/62RSkL3JXB	0	0
@NI3NA3 اقلها اليمن مستقره نوعاً ما ،اما حلب فكم دوله تحارب سوريا ولا زال السوريين يدافعون عن بلادهم اللتي تدمرت بسبب روسيا	0	0
"انا لست روميو""?يرونا""اقف مشدوها عاجزا و انت تطلين علي من شرفة،انا أحبك و لن اذهب،انا أحبك و سأمد يدي اتلمسك لنبقى فلقد خلقنا لأحبك #مصر"	0	1
ما ظل غير يقول اتفاقية الغاز عمل مقاوم للاحتلال كمان! https://t.co/k0yLXywgVZ	0	0
عن الذين ورثوا الهرم المقلوب للظلم الاجتماعي اعدلوا !	0	0
السيسي منع الاذان في #القدس لانه يسبب الازعاج اقصد الصهاينة ولكن السيسي اعطاهم الجرأة	1	0
ابتسم في وجه الناس فإنها صدقة	0	1
@alartboon امازون يستعد للصعود	0	1
الارهابي #لافروف مااوقحك انت ومعلمك والبهايم اللي جابتك على بلدنا #حلب #سوريا #روسيا	1	0
RT @AkhbarElNoujoum: @Saad_Ramadan @wissammawla عشرة الاف شخص حضروا زفاف سعد رمضان في برجا https://t.co/5VPnINIymJ #Saad #Ramadan	0	1
الناس في حلب الشرقيه تتهجر والان سكان حلب الغربيه يحتفلو في الشوارع #حلب #حلب_تباد#الغضب_لحلب	0	0
#سيناء المهمشة على مدار العصور السابقة واحتمال تكون القادمة	0	0
ترامب يهاجم رئيس مجلس النواب ويصفه بالضعيف - مرشح الحزب الجمهوري الأمريكي دونالد ترامب يصف رئيس مجلس النواب بول... https://t.co/PaADeu38bi	1	0
#كشف_المستورعندما ارادت بريطانيا تعويض الاخوان قررت ان تمنحهم امارة قطر لكى يملكوها وتدار بواسطة اسرة عميلة لحسابهم وتكون خنجر فى ظهر الامة	0	0
RT @alturifi1: الخاطرة الثالثة / إقرار موضوع كفاءة النسب وتبريره شرعا يعطي مستمسكا لمن أراد الطعن على الإسلام بحيث يكون أحد الشبهات للتنفير…	0	0
موقع طقس العرب مش مسترجي يحط حالة الطقس لعشرة أيام 😂😂	1	0
#اغبي_سوال_كتبته_بقوقل  شو هو رقم جستن بيبر ؟كنت احبه قبل ههههههههههه	1	0
@s8nscookie @ilxne الله معاي ياكوكي ومعاي تعاويذ هاري بوتر السحريه 	1	1
@malak_alhusaini ☹️💔💔💔من زمان اشارك بمسابقات من رمضان مو الي راح الي قبله وكان كلي امل افوز معك ب ايفوت ياتي بعا ان الله لطيف خبير	0	1
#غرد_كانك_في_التسعينياتكانتْ نوال الزٌغبي عمْ بيشلٌوها بالسيارة 💖	0	1
@jamalsaad402 سبحان الله. إذا الحيوان لم يتحمل شدة البرد وتجمد. فكيف هو حال اخوتنا النازحين في الخيام من  السوريين والعراقيين.اليمنيين.تصدق	0	1
المرحلة اللي تمر فيها مصر محتاجة رجل مثل #أحمد_شفيق	0	1
البنات اللى بيقولو ألفاظ خارجه دول خصاره فيهم يتسموا بنات اصلاً!!	0	0
RT @RF_BT_: @3beer_RMA #افضل_طقم_لروجر_فيدررككل طقم ينافس الثاني😌👑بس الاسود والأبيض فخاامه ما بعدها فخامه👑❤😌👌 https://t.co/ZU8jKETxqk	0	1
#عمر_مدنية: الوضع في #حلب مأساوي..ولعنة المدينة ستلاحق هؤلاء!!https://t.co/ej2KkC2eNC!!#سوريا #روسيا #الصين #مصر… https://t.co/98ESywz4Q1	0	0
حرب مغردا: صديقي جبران تويني ١١ سنة على غيابك وما زلت ملتزما بالمبادئ التي استشهدت من اجلها، والوطن الذي حلمت به هو الوطن الذي نعمل من اجله	0	1
#أحمد_حلمى يشكر #مهرجان_القاهرة_السينمائى على تكريمه:سأفتخر به طيلة حياتىCBC الراعى الإعلامي الرسمي لمهرجان القاهر… https://t.co/8jI59ED6Tf	0	1
#خالد_بن_الوليد قتل رجل مسلم وتزوج امراته في نفس اليوم بلا عدة بلا بطيخ	0	0
RT @ABakly: لو كان هناك جانب إيجابي واحد لترشح دونالد ترامب، فسيكون إبطال القناعة العربية السطحية التي تقول بأن مرشحى الحزبين شئ واحد ولا ف…	1	0
بيصرخ لوصول الدولار ل 15 جنيه: مصر اتنيلت وبتنهار يا سيسى https://t.co/oLvjUpK7ut	1	0
RT @dalal_ali96: يسألونك عن الأرهاب هاهم الأرهابيون الذين أخافوا جميع المنظمات وحقوق الإنسانأنهم ارهابيون بنظر #الاسد و#بوتين. https://t.c…	1	0
هيا كيف الوضع..!؟ ايا اين سار ولد الشيخ ...!؟وأين جاء #كيري من ركن عليهم سلي..!؟ووووو محمد عبدالسلام كيف... https://t.co/Zi5DgtVhmJ	0	0
#طلعت_زكريا يطالب بوليس الآداب بتنظيم حفلة افتتاح #مهرجان_القاهرة_السينمائي! https://t.co/k7nYD5kq8c https://t.co/vVpXre3JJE	1	0
يوم 7/7، يوم هام في مشروع (العلم قوة) وهدفه جذب وتسكين 100 ألف أمي داخل الفصول، في يوم واحد، عن طريق 10 ألاف	0	1
@OmawiLive لو نفذوله مطالبه اذلهم وألب العالم عليهم وفقد ثقت المجتمع الدولي لانه لن يستقر شأن اي مجتمع ولادولة بتقييم المجتمع الدولي لك بأنك	0	0
شكرا لدعمك	0	1
ضبط 98 طن سكر فى مخزن يمتلكه 'سورى' بقصد الاحتكار فى العاشر من رمضان https://t.co/8mnEeuTgNG	0	0
#احمد_شفيق هو الوحيد القادر علي تحريك الركود السياسي في البلاد و مواجهة #السيسي في 2018 ..ده واقع سواء بتكرهه او بتحبه	0	1
وداعاً حلب الشرقية،الضمير والإنسانية في ذمة الله ..	0	0
سارة عثمان دخلت على موقع جامعة كولومبيا التي زعم الخبر أن المحاضرة ألقيت بها فلم تجد شيئاوهكذا انفضحت الفبركة الإخوانية البلهاء شر فضيحة	0	0
#القدس-شرطة #الاحتلال تعترف بإطلاق نار على قواتها قرب #معبر_الزيتون فجر اليوم ووقوع أضرار دون إصابات	0	0
@Egypt_bird @petshpe  الموضوعية دائماً بتحرج المتطرفين والغلاة من الايديلوجيين وغيرهم من اليمين المتطرف او اليساريين !	0	1
@Q8Pro طبعا هذول خرفان شهرةيعني تلاقيه يلعب بوكيمونيتكلم عن طلاق براد بيت وانجلينايعني مواكبين الاحداث التافه 💦	1	0
هل ممكن يكون مرسي مختفي الفترة دي عشان مش لاقي شاحن هو راخر؟ آه يادولة العكاكين	1	0
مافيش شخصية بيهاجمها الإخوان دلوقتي إلا ورئيسهم ليه فيديو بيمدح فيها حتى الزند وعكاشةالعدو الأول لمرسي بعد نفسه وخيرت هو اليوتيوب حفظه الله	1	0
@A_ALTIMYAT @hewedy_mohamed لا هما عاوزين يقضوا علي المعارضه الحقيقيه او المندسة والمليشيات داعش الي دستها امريكا ضد نظام بشار	1	0
@amrmsalama @EGYPTAIRحد يرد عليه لانه مصدعنه من امبارح وياريت تريحونا منه وترجعوا له التذكره وميسافرش تاني عندكم لانه بجد مقرف ومحدث	0	0
@najahmali اهل الكفر والزندقة في خندق واحد لقتال المسلمينمسيرة البراءة من المشركين ولا ادري هل بوتن مسلم ؟!#بوتين_روحاني	1	0
@tishallaa @DAVIDOFF565 الكاثوليك عيدهم ١/٦ 😝الجماعة غير هذيل قوم بوتن 😝😝😝	0	0
"RT @WajdWaqfi: عفوا؟ اوباما سحب هيلاري كلنتون معاه""؟! هههههه هيلاري لم تذهب لجنازة بيريز. عن جد كاذب و مضلل https://t.co/uDU3xXoWEY"""	1	0
RT @TustarNet: إيران تلوث بيئة الأحواز ، وإصابة ٢٧ الف بالسرطان خلال شهرين -... https://t.co/zZAxt7ILbF	0	0
ألغيت المسيرات للميادين الخطرة كالتحرير و رمسيس فإذا بهم يقتلون الأطفال بالرصاص الحي في عباس العقاد و يدهسونهم بالمدرعات …	0	0
الخازوق الإسبرطى	1	0
#بنغازي - https://t.co/uJzCYjnrHh اللجنة الوطنية لحقوق الإنسان تدين انفجار بنغازي	0	0
@u7b9e اجتماع يوم في موسكو بين ايران تركيا روسيا لوضع نقاط على حروف لتفعيل جيش موحد من معارضه ونظام وحكومه موسعه براس الاسد وقتال الدوله	0	0
غوتشي فلورا الأسود فخم  💕💕💕💕 https://t.co/PPbGl9BVgF	0	1
RT @AliHarbiF15: #شرك_الرافضه_في_عاشورا#شيعي_يحرق_اخوانه الحمد لله على نعمة الاسلام https://t.co/MvP1VPkstZ	0	0
رغم ان الخلايجة بيقولو بريكينغ و انستقرام و غوغل بس اكتر ناس بيكونو مغطيين المسلسلات و معلوماتهم حاضرة و عاملين لجان شعبية لوالتر وايت	0	1
إغلاق حسابين على تويتر ينشران فضائح الفساد بسبب #أردوغان #الاخوان_جماعة_ارهابية #تركيا #قمع	0	0
الإخوان اختاروا رضا الأمريكان خلاص، بانت من زمان وده اللي هيعمق خلافهم مع السلفيين ومش بعيد تلاقيهم بيعايروا السلفيين بعلاقة بعضهم بالأمن	0	0
#فودافون رايحة بينا علي مصنع الكراسي ودة قمة الاستهبال العلمي	1	0
#مليارات_العمره_على_هوى_مصرالشعب المصري النبيل الشقيق صاحب الموافق العظيمة إخوتنا وأشقائناأما سيسي فهو زائل قريباً قريباًبإذن الله ...	0	1
لا لا مو جذي هههههههههههههههههههههههههههههههههههههههههههههههههههههههههههههههههههههههههههههههههههههههههه… https://t.co/wu3GYWxUM6	0	1
RT @nouurie_: ١٠.شارة بوكيمون😍 https://t.co/xSUDqtXlFG	0	1
انا قد قلت لكم ان غوتشي بدت تستهبل قلت والا ماقلت ماش ضاعت هيبتها 🚶🏿 https://t.co/UmoEQlZrTf	1	0
#ميريام_فارس تطل بـ”لوك” جديد يظهر ذوقها الرفيعhttps://t.co/Wgc6R3OKFE#فوشيا #مشاهير #إطلالات_النجمات… https://t.co/L938bMF9GI	0	1
بيونسيه دي حلوه فاهشخ يا ديني	0	1
@zaranandos @Sama7ti @mujtahidd فعلا هذه المعرفات من خارج السعودية واغلبها يديرها روافض في ايران و  لبنان وغيرها..تحياتي لك..وآسف	0	0
@ibrahim_ghassan أردوغان المصلحة قبل كل شيء ووقوفه من قبل مع الثورة السورية وقوف تجاري محض فلما رأى المصلحة مع الرروس باع الثوار وثورتهم	1	0
RT @ajmubasher: #أوباما : إهانة #ترامب للمسلمين والأقليات مرفوضة تماما	0	0
كارثة/اوباما يطالب السيسى تسليمه وثيقة بيع سينا للإعتراف بعزل مرسى' https://t.co/rHVcegU7j0 via @sharethis بينما ومصر تصر علي عرضهاعلي الشعب	0	0
#تقرير حقوقي: 11 ألف #طفل سوري قتلوا على يد قوات #بشار_الأسدhttps://t.co/XQzraSnoUm	0	0
26- لم يغرّر أوباما بالمعارضة السورية وحسب، بل فاجأها بتفرجه على تدخل حزب الله اللبناني والحرس الثوري الإيراني ثم المليشيات العراقية وغيرها.	0	0
#فيروزعيد ميلاد سعيد أيتها القديسة العظيمة اعشقك	0	1
تَحَدَثوآ عَن أيْ شَيء ~ — #المدارس بالمجموع #والكليات بالواسطة #والجواز بالفلوس # والصحوبية بالمصلحة #	0	0
RT @malarab1: مع اخي مايكل واخي ديمتري وهم من المسلمين الجدد في البحرين بعد تعرفهم على الاسلام من خلال مركز رحمة بيض الله وجوهكم يا أهل #ال…	0	1
#الحب_هو اهتمام، تنازل، كلام، احترام، فعل، دعاء، تغاضي، عتاب، تسامح !	0	1
2050 البرادعي مواقفه انضف بكثير من بتوع أكبر قيادي إخواني أو سلفي ده تاريخ ومش هتعرفوا تغيروه الراجل ما بيريلش ع الكرسي	0	1
RT @AqabaKh: ﺍﻵﻥ ﻳﻨﻬﺾ ﺗﺤﺪﻱ ﺇﻳﺮﺍﻥ، ﻭﻓﻴﻤﺎ ﻛﺎﻥ ﺍﻟﻄﺒﻴﻌﻲ ﺃﻥ ﺗﻘﻮﺩ ﻣﺼﺮ ﺍﻟﻤﻮﺍﺟﻬﺔ ﺑﺠﺎﻧﺐ ﺍﻟﺴﻌﻮﺩﻳﺔ، ﺃﺧﺬ ﺍﻟﺴﻴﺴﻲ ﻣﻮﻗﻔﺎ ﺁﺧﺮ ﻻﻋﺘﺒﺎﺭﺍﺕ ﺗﺨﺼﻪ ﺷﺨﺼﻴﺎ ﺃﻛﺜﺮ ﻣﻦ…	0	0
@f5jtt @IBENALNAJAF دعك من هذا السفيه اخي الحبيب. فوالله حججه لاوهن من الجامعة العربية. كل العلماء و الادباء المسلمين عبر التاريخ من السنة	1	0
مفاجأة رد الشيخ حازم على فتوى برهامى الاخيره: فك الله أسرك يا إمام يا من علمتناكيف نحياكراما #سنحيا_كراما بإذن الله	0	1
"روجر فيدرر هو اعظم لاعب تنس ف التاريخ لاشك ف هذا ! من اسباب تميزه ايضا "" اخلاقه ""روجر قبل 5 سنوات يعطى درسا فى... https://t.co/5zHG9tOn9w"	0	1
مقولة ان #ميشال_عون بات بعد انتخابه #بي_الكل، تتساقط لانه يمارس #الكيدية لا #الابوة ويستغل منصبه في تصفية حسابات سابقة مع معارضيه سياسيا.	0	0
7_ مش أنا اللي لسه بيهري هم بيعملوا كده وطالعين نازلين كذب أسطوري والمفروض يعني أصدقهم لما يبقى فيه دليل بالشكل ده؟ ولا أطنش؟	1	0
#أمريكي يمارس #العنصرية على #عربي سائق #اوبر يسبه ويشتمه #عنصري #ترامب #أمريكا_تركع_وتعتذر_عن_تصريحات_كيري  #امريكا https://t.co/zOAjaVDCDb	1	0
#انتخبوا_العرص المفوضية الأفريقية تقبل دعوى ترفض أحكام إعدام بمصر #مصر	1	0
الأحمري المتجنس في #قطر يستمر في #تحريض الفتنة في #مصر، ويشبه قواتها الباسلة بجيش الاحتلال الفرنسي!!! …	1	0
الله يسامحه #حسني_مبارك اكبر غلطة عملها فينا كشعب هو كمية الجهل الرهيب اللي اتسبب فيه!!	1	0
@elissakh عايشه حالة حب معاك واخدانيوصعب انها تتكرر تانيوبعيشها لو انت بعيد او قداميواخيرا الايام رضيو عليا… https://t.co/iyOpl4gkld	0	1
كيف يسمح الشعب الامريكي بانتخاب رئيس مثل ترامب ، بعد ان هدد هيلاري كلنتون بالسجن اذا انتخب رئيس ، يجب ان يحاكم ...!.	0	0
RT @RTarabic: عاصفة غضب يمنية في وجه #السعوديةhttps://t.co/d9rf6UL6FS#اسأل_أكثر	0	0
مصر دولة بس مش أوي #المادة_الأولى	1	0
#عادل_امام واحد ابن ستين كلب 🐕 كل حياته قلة ادب وتقلب في احضان البغايا بتعملولو هاشتاج على ايه ويل لأمة يقودها التافهون	1	0
"#الصرخي_يقتص_من_المارقةيا دولة النواصب ابليس مُنظرٌ إلى ظهور قائم آل محمد! بحث ""#الدولة.المارقة. #SuperMarioRun  https://t.co/1IuHcbGzrf"	0	0
لن أمل من تكرارها: أيام كان رئيسكم مرسي يحسن أحسنت أنا وغيري إليهلكنه منذ أن بدأ الكذب وإخلاف الوعود وتسبب في إسالة الدماء لا يستحق الإحسان	1	0
"قرارات مرسي ""انتقامية"""	0	0
هافانا بعد رحيل #فيديل_كاسترو ليست كما قبله،، ✌- مليون شخص يشاركون في وداع رماد فيديل كاسترو،، وداعاً #كاسترو..	0	1
شكرا للكاتبه الجميله بشاير العازمي ع كلامها في سناب عن روايتي ،،، وبانتظار ابداعاتها السنه الجايه في معرض الكتاب… https://t.co/6ZafH2zRK9	0	1
جامعة المستقبل شريكة فى سي بي سي الانقلاب اعادت امتحانا لطالب ساقط بتوصية من الانقلاب ونجحوه	0	0
@osam_2008 @sehammokthar99 @kalednor7r7 أخلاقك تقول انك اخوانجي ايامالاخوانالبارات مشغلينهافي رمضان  السيسي لبسهم طرح وقفلها ف رمضانبلوك🐑	1	0
#سورياباقي القليل جدأ من العصابات داخل احياء #حلب الشرقية..ساعات قليلة ويعلن عن تحرير حلب وتصبح المدينة آمنة بالكا… https://t.co/YL9wnsZTIN	0	1
#انتخبوا_البرص مشكلة	1	0
#علاء_عبد_الفتاح زعلان أنى الميسيحين #بيصقفو #للسيسى وبيفكر #الميسيحين بى #ماسبيرو علاء #وشلتو #الدم هو #تجارتهم_الرابحة لى…	1	0
7 مبدئيا عشان نتفق مافيش أحلى من سمك مصر بشكل عاموالله السمك في نيويورك ولا بريطانيا ولا تركيا ماليه لازمة جنب سمكناعاش سمكنا	0	1
لن يأتى عام 2014 الا وديون مصر تسجل رقما عالميا لم تصل اليه اى دولة ولن ينفعنا مليارات الخليج الملوثة بدماء اولادنا	0	0
أي خروف يشوف أعداد النهاردة لازم يتواضع ويهز ليِّته خاصةً ان العيد على الأبواب	1	0
انا قد قلت لكم ان غوتشي بدت تستهبل قلت والا ماقلت ماش ضاعت هيبتها 🚶🏿 https://t.co/UmoEQlZrTf	0	0
@Mwashali2 @Emirates_now الشكر وكل الشكر لمصر على تعقلها وتبرأها من داعمي الإرهاب بالمال والفتاوي والسلاح والإعلام	0	1
فويسUSAاليوم الجمعةأتهام ميليشيات أيرانية موالية لبشار بقتل3 وأصابة4 رجال سوريينوتفتش النازحين السوريين الرجال و… https://t.co/PYAv7MaHwL	0	0
RT @Moka__7: و دا واحد باع كليته عشان ايفون 7 https://t.co/OcQtJr5WF0	0	0
@Mrbrary @Abdulkhaleq_UAE يا اخي ده لو بوتن نفسه اللي بيغرد مش هيقول اللي بتقوله ده. للتصهين اوجه كثيره	1	0
التاريخ حافل برؤساء استقالوا وانتهت حياتهم السياسية تماما بسبب واقعة فساد واحدة وفي مصر يدفعون بمرشح ضده 35 واقعة فساد لم يحقق فيها احد	1	0
@Bo3bdulla_10 الفرق بين بريطانيا والسعوديه ثلاث ساعات يا سارق	1	0
@SsAaLlEeH اليوم قضينا على جبهة النصرة على أسوار حلب وغدا نقضي على داعش على أسوار تدمر إذا لم تفر والأيام بيننا وتذكر كلامي ده جيدا 😏 إنتهى	1	1
@qussady بوتن وأعوانه من حزب الدجال	1	0
_ع منطق حقير ولا يتبعه سوى الجبناء هذه نفس تقتل عارف يعني ايه؟ يمكن لو أخوك أو أمك كنت تفهم	0	0
توران: رفض برشلونة عرضاً بقيمة 50 مليون يورو من أجلي https://t.co/qli4kamWnS #برشلونة #توران #تركيا	0	0
@MohamedGaduo @elmamatter اه انا وقتها لقيت واحده من فانز هايدي عامله بيونسيه حاجه نضيفه كده 😂	0	1
@RamyAyach @assaadrechdan  انتو الاتنين عمالقه ياخليلي اذوق ياناس ياليت الناس تتعلم بس لوربع ذوق رامي عياش	0	1
ﻟﻴﻪ ﺍﻟﺒﻨﺖ ﺍﻟﻠﻰ #ﺗﺤﺐ ﻓﻰ ﻣﺠﺘﻤﻌﻨﺂ ﺑﻴﻌﺎﻣﻠﻮﻫﺎ ﺍﻧﻬﺎ ﻋﻤﻠﺖ #ﺟﺮﻳﻤﻪ ﻭﺑﺘﺒﻘﺎ ﺑﻨﺖ ﻣﺶ #ﻣﺤﺘﺮﻣﻪ ; :: #حوكا	1	0
#الاحتلال يعتقل 16 فلسطينياً https://t.co/BBvhGzHBRQ	0	0
الراجل بتاع الامن بينف بمعدل نفتين كل ٧ دقايق فتحنا الشبابيك عشان السقعة راحت واشتكينا مراراً وتكراراً ليه عموم الشعب معفن #…	1	0
"RT @falshi777a: ""احلم دوما أن اكون "" 👱🏻""الأفضل بين الجميع "" 👩🏼"" لذا اجمع البوكيمون "" 👱🏻"" سلاحي المنيع "" 👩🏼""بوكيمون سأجمعها الان "" 👩🏼👱🏻…"	0	1
مقتل 3 أطفال وإصابة 20 في انفجار سيارة ملغومة في مدينة #بنغازي الليبية https://t.co/YqynbwgtvR	0	0
اللهم فرج همهم اللهم اهلك عدوهماللهم نفس كربهم اللهم انصرهم#اللهم_امين🌷#ستبقي_حلب شامخة✌️ #الدعاء_لك_ياحلب	0	1
شفت سلسلة افلام هارى بوتر كلها ف يوم واحد وهشوفها تانى انهاردا#عااااااااش	0	1
🔴عاجل عناصر حزب الله تنتشل المصوغات  الذهبية والأموال والموبايلات  من النازحين السوريين #شرق_حلب https://t.co/YpS1iMURSC	0	0
@MahboulDZ4 واشبيك انت عمي غوغل وما قدرش يجاوب على هذا السؤال	1	0
أرشح صاحب هذا الحساب كأفضل مغرد لإفادتي في مجال ( لعبة 14) #تدوين	0	1
عليك نور !	0	1
الحمد لله الذي أطعمنا وسقانا وكفانا وآوانا فكم ممن لا كافي له ولا مؤوي #ريال_مدريد	0	1
@HichamHaddad57 @bisara7a @nadinenjeim ولعانه الحلقة أكيد على نار منتظرين♥♡ #نادين_نسيب_نجيم	0	1
كل هذا عشان جستن بيبر 😒 https://t.co/lbTPsvROIi	0	0
حلو لما تتحرق مقراتكم بقى حيبقى ده رد فعلك على التويبس اللي بيعارضوا العنف برضه؟	1	0
@Fatmah_slman @MousaAlomar انا قلت الخليج قطر والكويت ما فيها؟ و السعودية كمان فيها يا جاهلة يلا على النكاح ولك!!! يلا طوبزي ينكحك أوباما!!	1	0
حكيك يخلق من العدم فرحه ♡' #م	0	1
@QablQalel كاني شفته في سكن الجامعة قبل سنوات وأتوقع انه يدرس في معهد اللغة العربية في نفس الجامعة الله يوفقه يارب	0	1
#يوم_اللغه_العربيه#الجامعة_السعودية_الالكترونيةعندك واجبات ماث!!!!عندك واجب ومشغول وموقادرتحقق 100%...نحنا انحلها 0507797125	0	1
نصيحة لأتباع مرسي ، كفوا عن النواح والهجوم على كل مخالف ،، كنتم سببا في تحويله لديكتاتور بتاييدكم الاعمي له ، فلا تزيدوا من ك…	0	0
الجنايات تلغى قرار وضع الفريق #احمد_شفيق على قوائم ترقب الوصول . حمدلله على السلامة ياحج احمد عمرة مقبولة ان شاءالله #مصر المنكوبة	1	0
#مصر_لن_تركعربنا يعوض عليك يا سيسى فى واحدة من الدول اللى كانت بتدعمكالرز خﻻص بح يا سيسو	1	0
شفيق مين ده مش هيجيب أصوات عيلته وبعدين #فسسسسسسس	1	0
اطلقوا اسم رابعة العدوية على مدرسة بالمغرب وحديقة بتركيا والانقلاب يطمسها مع اشارتها ليخفوا اكبر مذبحة فى تاريخ مصر	0	0
لو كان الأمن هيحل فشل السياسة كان حل فشل مبارك وفشل طنطاوي فشل السياسة لا يحله إلا سياسة ناجحة وذكية وغير كده نزيف دم إن كنتم تعقلون	0	0
@almasryalyoum بنهدد السعودية بالتوجه لايران..متناسين ان هذا التوجه سيحول مصر لعراق جديدة كما سوريا واليمن..عند وصول ايران لديهم😱😱	0	0
قالتها #اليسا عااادي عادي انو عادي 😂😂👊🏻 https://t.co/okSlmzF1z9	1	0
افضل تحدي شفته ❤️❤️ 😍#MannequinChallenge  https://t.co/WmEdJOtaVr	0	1
لقب برنس الاسبوع يذهب الي محمد يسري سلامة	0	1
RT @waqf_9_: من ثالث يوم رمضان والسفاره والوزاره مايدرون عنه https://t.co/CocJ7rg7qM #طالب_سعودي_مصاب_بامريكا_يحتاج_امر_علاج	0	0
"يا حكومة البطىء ""أرجوكم سرعوا (المارش) شوية #يوسف_الحسيني"	0	0
شكرًا سعادة الملحق الثقافي في بريطانيا الدكتور فهد النعيم على الحضور والدعم الدائم،،	0	1
هي #سما_المصري تتحسب مع البني ادمين ولا ايه النظام ؟ -_- #ارف	1	0
خاطره: هي امرأة تنعش فيك قابلية الانتظارلمزيد من العشق ومزيد من الود والحنان..هي امرأة تروي صحراء قلبك لتصبح روابي وواحات خضراء#عرب #فلسطين	0	1
RT @KSA_620: #بانكي_مون يستأسد للدفاع عن الحوثي باليمن، ويخنَس أمام أبشع جرائم الإبادة في #سوريا!لن نعود أعزّه إلا بإيقاف مسلسل التنازلات.…	0	0
في #يوم_المرأة_العالمي نتذكر ليلى خالد ، فلسطينية مناضلة ضد الإحتلال الإسرائيلي وأول إمرأة تقوم بخطف أكثر من طائرة …	0	1
سيذكر التاريخ أن الرئيس #محمد_مرسي قاد ودعم #رواد_المساجد وأن #العرص قاد ودعم #رواد_الديسكو و #الخنازير_خائنين	1	0
مواليد برج #الأسد تعجبك صداقتهم كثيراً	0	1
إبتسامتك سماء من الفرح ،، تخلق في قلبي ألف نبضه من السعادة ♡♥ الله يديم هاﻹبتسامه الحلوه على هالوجه الحلوو 😘😘… https://t.co/wEg2ScJ1oP	0	1
"النوم لا يجافيني . جميع افكار وتخيلات "" هاري بوتر "" تقبع الآن في دماغي !!"	0	0
ذمار : عدد من مدارس المحافظة تحتفي بذكرى المولد النبوي الشريف - #الزوايا_نتhttps://t.co/KqjV4aah34	0	1
الانقلاب يجمع عددا من الفاسدين ليقدمهم لاشتون على انهم المفاوضون من جماعة الاخوان, فضائحهم لم ولن تنتهى	1	0
#روسيا_تقضي_على_حلب المجرم بوتن وحلفائه استماتوا بالباطل استخدموا كل مايملكون اموال الة عسكرية نفط وغاز و فيتو لابادة اهلنا.. ماذا فعلنانحن	1	0
بوابة #اليمن الاخبارية | تعز اشتباكات هي الاعنف بالاسلحه المتوسطه والمدفعيه في مديرية الصلو .اللهم احفظ الابرياء والمواطنين.	0	0
انا #مسلم وبفتخر	0	1
أردوغان يقنع شاباً بعدم محاولة الإنتحار من فوق جسر ويوجه بحل مشاكله وتقديم العون له.  - https://t.co/R7btSeE2qq https://t.co/uPTV8JgjSy	0	1
احد الاطفال النازحين السوريين في شمال العراق، رغم العناء والهم ترى الامل في وجهه البريء ..  ازاح الله عنهم وعنكم... https://t.co/rWM2HWKJO9	0	0
اليمين المتطرف خسر ف النمسا يلا :D @ebrahimo_	0	1
@HAMED25771 يمكن راح #لبنان يحضرحفل زفاف الدعاههذاإذالم يكن عسيري أحدالعرسانأماقصف #اليمن أعتبرهاألعاب ناريه فرح #زواج_١٦داعية_من_روسيات	1	0
#اليمنية| قيادي عسكري بـ #تعز: #الحوثيون يواصلون القصف المدفعي على الأحياء السكنيةhttps://t.co/vQltBMfZid#التحالف_العربي_سند_اليمن	0	0
بس حضرت الحلقة تمنيت اكون ربيع معذور من جمال نادين مش عارف يركز 😂😂 @nadinenjeim  #نادين_نسيب_نجيم	0	1
_ #_ #اكتوبر #الاخوان_جماعة_ارهابية خرائر الاخوان	1	0
ع سبيل النكد #باسم مش جاى النهاردة :(	0	0
ﻻ تحلموا بوطن سعيد فخلف كل #مبارك #مبارك جديد وخلف كل شهيد شهيد جديد فكلهم #حسني_مبارك وكلنا #خالد_سعيد	1	0
#اليمن #مجزرة_القاعة_الكبرى وقل جاء الحق وزهق الباطل أن الباطل كان زهوقا..صدق الله العظيم#اليمن_فتاكة... https://t.co/AzVeG4dzQD	0	0
RT @abdulaziztarefe: الإسلام جاء بإصلاح الدين والدنيا، قَصْره على الدين إفساد للدنيا، وقَصْره على الدنيا إفساد للدين .	0	1
للاهلاويين حــطوا هالصوره خلفيــه لجوالاتكم راح تحس بفخامة غير مسبوقه حتى لو جوالك جالكسي S2محدثكم رازها في نوت 2 و… https://t.co/NxU6V9877p	0	1
2008 بعد ان عرفنا من ابو الفتوح حزب النور مش حزب ديني والاخوان مجرد جمعية سلمية تأكدت ان بن لادن كان مجرد كابتن فري	1	0
وهل نسيت روسيا #هزيمتها في أفغانستان على يد أهل السنة المجاهدين الأفغانأم أرادت أن تثأر من المستضعفين في #حلب#ستبقى_حلب#ستنتصر_حلب#Alep	0	0
شفت فيديو موتني من الضحك في قناة الحافظ المذيع بيقول بلال فضل كاتب القافلة تبكي والخرفان تسيرواخد بالك قصده إيه فالشيخ رد يقصد الإخوان طبعا	1	0
@Nor_Alturki @AliAldafiri @salsaeedi هههه داعش تنصر المضلوم لو الجيش الحر لو جبهة النصرة كلهم مدعومين من السعودية الي تقصف شعب اليمن المضلوم	0	0
RT @KingSalman: مجزرة باريس الشنعاء لا يقرها دين ولا عقل.الإسلام بريء من هذه التصرفات.أعزي الشعب الفرنسي وندعو العالم مجدداً لتكثيف الجهود…	0	0
احمد الشيخ احسن لاعب فـ الدورى و المصرى احسن كوره لحد دلوقتى .	0	1
#الداخلية_بلطجية #تعذيب المهندسة داليا رضوان تم الاعتداء عليها بالضرب الخميس الماضي في أحد الكمائن بالعجمي وتم	0	0
"RT @s3odicoouplex: عاجل:مجلس الأمن يطالب ""منى بالخروج من تويتر فوراً..و بوكيمون يدعو إلى التهدئه ويعزمها بالبار الي تحت!!والاتصالات تهديه…"	1	0
#دعوة_الصائم_لاترد اللهم طمئن قلب #امي واشفها مما تعاني وارفع عنها ماألم بها اللهم فرج هم #أمي ويسر امرها واكتبها في علي	0	1
ما ان اذكر المرشد او شفيق او مبارك بنقد حتى تنفتح صفائح القمامة وتنهمر شتائم مقذعة هل يوجد تشابه في طريقة التفكير بين الاخوان والفلول	0	0
#خريجات_جامعيات_قديمات_عاطلات #ظلم #حرمان #طموح #الم #قهر #معلمات	0	0
لدي رغبة عارمة في الانتقام لو جاءتني الفرصة سأكون اكثر شراسة منهم #اعترافات_ليلية	0	0
تباً لكم فما اردتم بنا خيراً يوماً #ليبيا #بنغازي #تفجير_الجلاء https://t.co/6N0len1ciM	0	0
"قال الرئيس المتصهين #محمود_عباس إن ما حدث لـ #اليهود في ""#الهولوكوست"" هو أبشع جريمة عرفتها البشرية في العصر الحديث #أخبار #ف…"	0	0
لما قلبنا جمد عليهم معرفوش ان السبب فيهم 👌#مشتاق_اسمع_جمله#عادل_امام#كلمه_لحبيب_قلبك#حب_أعمى#ولسه_يامصر_هشوف_فيكي#علي_هوي_مصر	0	1
RT @News_F_S: معادله بسيطه يجب أن تفهمها.سقوط سوريا يعني سقوط مصر يعني سقوط السعوديه .ما فعلته مصر صائب ١٠٠٪الأمن القومي المصري = الأمن…	0	1
@khale3030تكون مع(#بشار/#بوتن/ملالي ايران/بتاع حزب الله/الصين)قتلةاطفال/شيوخ/نساء #سوريا راجع لك.انا اعرفك، بس أنت لوشجاع تخبر الناس باسمك!	0	0
مرسي موحد الفتن	1	0
@Mafiname11 بعد بيختلفو اهداف اردوغان وبوتن بسوريا... اطماع بوتن ما راح يقبلها الشعب السوري بعد الثوره.	0	0
سد خرقك.داعش https://t.co/vTc7r0VyIH	1	0
الف مبرررروك للعالمي ولجماهيرهـ  #النصر_الهلال	0	1
@vip999888777666 @kk_alsadi هل تعلم ان كلب بريطانيا عبدالانجليز كان يتقاضى راتب من الانجليز 🙄 باعتراف ابنه طلال على قناة الجزيرة	1	0
هدير طلاب الجامعة يشكل فيضانا لن توقفه سدود الانقلاب الشرعية ستعود ان شاء الله	0	1
@Alito_NBA جواب ذكي 😂	0	1
مبروك ل هيلارى كلنتون للرئاسة امريكا	0	1
"بعد قراءة مادة 219 الصوفيين يعملوا إيه كده؟ ليه نقفلها ع ""السنة والجماعة""؟ ولا دي تمهيد للحرب مع الشيعة؟ دستور مريب ليس للمصريين"	0	0
#ماذا_لو_المدارس_مختلطهطبعا يداومون يومي مستحيل يغيبون حتى بالاجازه يداومون ..شعب يحب الدراسه 😜	0	1
#شاهر_المؤمنين عالم رياضيات #أردني ينضم الى قائمة اهم علماء #الرياضيات #عالمياً ، نفتخر بعلمائنا مبروك للأردن #اﻷردن	0	1
واضح إن أمي دعت عليا وأنا صغير وقالتلي روح ربنا يفرّج عليك خلقو، قام ربنا طلعني مذيع #	1	1
_ أنا مش حارق دمى غير إن المدعو #عدلى_منصور مصدق نفسه إنه رئيس	0	0
عارفين ده ؟ طبعا كلكم حتقولوا أوباما لأ استنوا شوية إللي مع أوباما في عزاء بيريز ولابس طاقية اليهود يبقي معاذ الخطي… https://t.co/uX9FF1kxdV	1	0
RT @_Yara_Alsadr: ليله مااعظمها واعظم رزيتها في الاسلاموما اقساها ع بنات الرساله.. #ليله_العاشر https://t.co/7OlKtZfeUI	0	1
@adil_emaam .....صاحب هذا الحساب ليس. هو الفنان #عادل_أمام  ولكن اشرف من الفنان نفسة على الاقل نقل رسالة صادقة وشريفة خلافا عن الفنان نفسة	1	1
ڤالنتينو كيوت وناعم. الباقيين ما أخسر فيهم ريال قديم 😳تحديداً غوتشي ! ماهذا يا بيونسيه ؟ https://t.co/szjADT1gmR	1	0
#إليسا تتحدى جميع زميلاتها: أنا الأكثر مبيعاً فى الشرق الأوسط!https://t.co/717NkHePfb	0	1
حبيت كلامها وحكمتها 👌🏻😌 @nadinenjeim #في_بيتنا_ضيف #نادين_نسيب_نجيم https://t.co/e1z59k62fN	0	1
قلت لاختي اذا تبغين شي من امازون حطيه في السله.تفاجئت اليوم بذا المبلغ تقريبا =٧٨٧.٥ ريال😨😨الله يهديك يا اختي 😭😭😭 https://t.co/1iEochliBG	0	0
@htlarxx1 لهم حقد ع المملكه والله لم تحقده قريش ع محمد فقد كانت تراعي فيه نبل اخلاقه وتعترف بها هؤلاء روسيا اليوم أنبل من المملكه عندهم	0	0
لقاء رائع اجتمعت فيه مع الشيخ #عادل #الكلباني ،وأشكره على كرم ضيافته و الفوائد العلمية التي قدمها لي	0	1
الأسواني:لماذا تصر الولايات المتحدة على استمرارها في دعم مرسي للنهاية رغم قتله للمصريين وقمعه للتظاهرات	0	0
كل سنه وانتو طيبين بمناسبة المولد النبوى الشريف https://t.co/1OmvdojHBW	0	1
#عمرو_اديب: البلد ديه بقلها 7000 سنة بتبتدى من أول وجديد#كل_يوم | #ON_Ehttps://t.co/ixkj5Q4dZA	0	0
@MeshariGhamdi ما شاء الله الاقرع فيه شبه من بوتن 🙂	1	0
RT @Spirit_DeviiL: -مشربش عندك برتقال!؟-مين ؟؟-بوكيمون صغير كدة😂😂✋ https://t.co/zSS6uYLYwg	0	1
الله أكبر الله أكبرالله أكبر لا إله إلا الله تكبيرات العيد تبعث فى الوجدان طاقة إيمانية عظيمة كل عام وأنتم بخير	0	1
المحنة اخرها فرحة #الاهلي_الافريقي	0	1
RT @sayed539842: @hidden_politics @20fourMedia يدفعون مليارات لتدمير اقتصاد #مصروايضا يدفعون مليارات لتمويل وتدربب الارهاب ويصدره لنا لعن…	1	0
RT @Reyhan_News: المندوب المصرى ابدى أسفه ازاء عجزمجلس الأمن عن اتخاذ قرارات فاعلة لرفع المعاناة عن الشعب السوري والقضاءعلي الارهاب نتيجة ا…	0	0
محادثات #ترامب مع الزعماء العالميين تذعر الدبلوماسيين #سبوتنيك #الولايات_المتحدة https://t.co/0oAIArvwfe https://t.co/vXKTjfPoqz	0	0
٥ أعوام قضت من بداية الحرب في #سوريا ولو كان فيه ضمير الأمم احساس لكان أضعف الايمان هو تجهيز جيش من النازحين #السوريين ودعمهم#حلب_تباد بصمت	0	0
الاهرام الراكعة للبيادة تحولت الى صحيفة صهيونية تنذر العرب بالحرب عنوان لا تجده الا فى اسرائيل	1	0
زوجة #ابراهيم_حسن ل #٩٠_دقيقة سائق شركة #اوبر تعدي على ابني بمطواه طالبا منه الموبايل فرفض مما ادي الي جروح قطعيه في جسده	0	0
أحبك الذي أحببتنى فيه :)	0	1
#ابراهيم_عيسى ساخرا : هل يوجد علاقة واضحة بين تاريخنا #السياسي و (الراقصات) #العوالم	1	0
أصابع خارجية وراء خسارة مصر في قطر	0	0
اعلام العار ادعى الوطنية عند خسارة مصر من غانا 6-1 واليوم يهاجم محمد يوسف بطل العالم للكونج فو لارتداء تيشيرت	1	0
مصر الآن : #ستبقي_حلب https://t.co/WDnC0lNf55	0	0
الذي لم يلاحظ حتى الان ان مطالب الثورة لم تتحقق اما انه لا يتابع ما يحدث وأما ان رائحة السلطة قد افقدته الرؤية وصفقاته قد أخرسته عن قول الحق	0	0
سامي الجميل: هذه الحكومة لا تشبهنا وسننضم إلى المعارضةhttps://t.co/kjXFULLPzW#لبنان #Lebanon https://t.co/GcU9QzR1Vt	0	0
الافلام الجديدة لمذبحة رابعة اقدمها للسفير ابراهيم يسرى ليعيد التفكير فى مبادرته ولكل من يفكر فى عمل مبادرة جديدة	0	0
السيسي أكثرالمسؤلين المصريين في عهدمبارك والمجلس العسكري زيارةلإسرائيل ول يوم يقدم لهم القرابين حتي يرضواعنه فهو كنزهم الإ…	0	0
#نبض_رابعة | #شاهد معتقلين المنيا في قاعة المحكمة يهتفون ساخرين من القاضي و من فضيحة زوجتة مع مدرب الكراتيه (	0	0
RT @RM4Arab: ماركا | لم ينهزم ريال مدريد في أخر 23 مباراة دون سرخيو راموس مُحققاً 20 فوز و 3 تعادلات. https://t.co/zcBpx9JNs4	0	1
#اليمنية| #رئيس_الجمهورية يعزي في وفاة #السلطان_علي_العبدليhttps://t.co/gqWpgmH8Dg#التحالف_العربي_سند_اليمن#جنود_التحالف_سند_لليمن	0	0
@_iRalbert ايه اقتباس من جستن بيبر الشاذ اةةة	1	0
ومن أمارات البلاهة الإخوانية: الفرحة بالحديث عن ضعف المعارضة وغياب البديل السياسي مع أن ذلك يستدعي الخوف لأنه يعني انفجارا عشوائيا أخطر	1	0
#اردوغان وعصابتة توعدوا وهددوا بأن عدم تسليم #غولن سيلقي امريكا ثبورا ...!!! كدااااب ياخيشة هلفوت😂😂😂	1	0
قاتل ماجور سابق يعود الى القتل لينتقم من الذي  قتل صديقه 🔥 انسخ الرابط وضعه في جوجل كرومhttps://t.co/SFv38UzIyJ… https://t.co/IsJZ5Y4MXP	0	0
مع كل يوم يمر وإخواننا في سجون #حماس المرتدة تتضاعف فاتورة الحساب التي ستدفعها الكلاب الحمساوية،،#وعد_صادق#حماس_تحتضر#حماس_تعتقل_السلفيين	1	0
الاعلان الدستوري ناقص : من هو القائد الأعلي؟ما هي سلطات الرئيس في وجود خطر حال حقه في حل البرلمان وحق البرلمان في سحب الثقة من الحكومة الخ	0	0
من أجمل ماشاهدت في حياتي أكبر نجوم هوليود وهما عالمسرح بيتجمعوا لقراية كتاب هوارد زن عن التاريخ الشعبي لتوصيله للناس	0	1
مؤسسة صينية تفرض ضمانات مخلة بالأدب على الفتيات للحصول على قرضhttps://t.co/ke7lgWX5DC#الصين https://t.co/SurcFMYN6o	0	0
نعم حضرت جلسة استماع واحدة للدستور استمعوا لنا بكل اهتمام ثم ضربوا بملاحظاتنا عرض الحائط لا للدستور	0	0
كوبـر : نضـع اعيننا علي أحمـد الشيـخ وسيكــون له دور مهـم في بطولـة الامــم الافريقيــة بالجابــون☺تستاهل يا شيخ☺❤#F_E_G	0	1
"#القرموطي لـ""#المملكة"":حذاري من محاولة الحديث عن #مصر وموقفكم في مصلحة لـ #إسرائيل#السعودية… https://t.co/q3Eq89iSeB"	0	0
RT @FCBW_A7: غوميز : قادة الفريق (ميسي وإنييستا و بوسكيتس) ساعدوني كثيراً منذ يومي الأول في التدريبات، و فهم التكتيك و ايضاً التقرب الي باق…	0	1
خالص العزاء فى الشهيد جندى القوات المسلحة وفى الشهداء المعتصمين سلميا سلامة أرواح وضمان حريات المصريين مسئولية من يديرون البلاد	0	0
اسألوا #البرادعي عما فعله في #العراق #البرادعى_طلع_جاسوس #باسم_طلع_حرامي …	1	0
"ريكي مارتن خطب واحد ""سوري"" 😂😂😂يا فرحه امك بيك والله 🙈"	1	0
الوفاء الشهامة العفو قصة من روائع الحضارة الإسلامية - استمع لحلقة جديدة من حلقات بسمة أمل	0	1
حزب الكتائب في لبنان اعرق وأقدم الكتل السياسه وأشرف ريفي بسبب رفضهم الهيمنه الايرانية السورية على لبنان وعدم ترشيحهم لعون يدفعون ثمن مواقفهم	0	0
ترا انا خلاص بخرج من الفاندوم خلاص برجع احب جستن بيبر	0	1
RT @Sniger7: امسك #بوكيمون  مش قدر امشى والنعمه دى هتبقى مسخره اه والنعمه 😂😂	1	0
RT @abdulaziz2002: رافقت النائب فلاح الصواغ ومجموعة من النواب إلى حلبووجدت في أبو سعود وبقية الأخوة صدق المشاعر وعظم الشعور بالمسؤولية لنص…	0	1
حملة حياة لإغاثة السوريين النازحين الى الحدود اللبنانيه شكراً لكم حياة العالمية للاعمال الانسانية #الكويت https://t.co/rTCQVOskFj	0	1
https://t.co/D0y7FWZf3c حملة اغاثة حلب و النازحين السوريين	0	1
RT @RM_News4: فيديو | تصدي رائع من كارفخال على خط المرمى. يتليه تألق الحارس كاسيا في تدريبات ريال مدريد اليوم . https://t.co/GR3YpQ8g5Y	0	1
ملاك قلبي تكفين ياعمري تكفين والله ماعمري  ابي ايفون 7	0	1
@afra76 👍🏼من جد غوتشي وفندي خطيرين هالموسم	0	1
@M_Abdullah_9 تاكسي ايراني في بريطانيا، بعد ماجد عبدالله الكرة السعودية الى الخلف ، فيه اكثر من كذا صيت؟	0	0
اه يا حلب#ستبقى_حلب https://t.co/vEC9sEXlH0	0	1
من يوقف قانون العزل ومن يجمد بلاغات الفساد ضد شفيق ومن يهدر طعون التزوير هل سيجرى انتخابات اعادة نزيهة اما تطبيق القانون او مقاطعة شاملة	1	0
لو عايزين إنتاجية الشعب المصري تزيد بشكل ملحوظ خلي الإخوان يدعوا للعصيان المدني أتوقع أغلب الناس هتشتغل شيفتين	1	0
إآبني آلمستقبلي ^_^ تشرب #حشيش عآإدي = تصآإحب بنآإأإأت شغآل $$ = تضرب ابوكـ ومآالو :$ = = بس تطلع #زملكاوى هولع في أبوكــــــــــ -_-	1	0
بيقولك دعوة #السيسى دى دعوة لحرب اهلية على اساس ان التلويح بسيناريو سوريا والارهاب فى سينا والدعوة للعصيان وتقسيم ال…	1	0
حوار الطرشان	1	0
كل معرضينك باعوك يا سيسي https://t.co/UKOYjB0hpc	1	0
"#رام_الله تخلد إسم ""#كاسترو"" وتطلقه على أحد شوارعها https://t.co/7u48BMLQRR"	0	1
عزيزي الإخواني: اللي بيعصبك مش وصفي لرئيسك مرسي بإنه فاشلاللي بيعصبك إنك متأكد إنه فاشل بس لازم تشتم اللي بيقول عليه فاشل لتخفي فشلك وفشله	1	0
RT @ferial_soof: _يارب لا تجعل رمضان يرحل وَنحن منسيون من الجنة  *_اللهم ارفع اسمي واسم أمي وأبي  وإخواني وأخواتي وأهل بيتي وأقربائي واصدق…	0	1
ليش وزير شؤون المرأه رجل؟ لان بكل بساطه لو كانت امرأه بدنا ١٠ حقائب جديده مقابلها لنفهم شو بدها وزيرة شؤون المراه😅 #حكومه_لبنان	0	0
​أحياناً يكون الألم النفسي أصعب و أشد ألماً من الألم الجسدي ٣٤ #مذبحة_بورسعيد #المجد_للشهداء #إفتكروهم	0	0
@Muhamed3amr عايزين يلموا اي ابن متناكة يوزرز اللي هو خد انستجرام ستوريز و لو عايز في فيسبوك برضه و حوار اللايف برضه	1	0
اصبح واقعا فوز هيلاري كلنتون بانتخابات الرئاسة لانه ارتكب جملة خطايا منها انتقاداته للسيدات السود   وتهربه من الضرائب وانسحاب نواب من دعمه	0	0
وزير سابق في حكومة #الاحتلال مكان النساء في البيت وتربية الأبناء والمطبخ وليس في الخدمة #العسكرية  https://t.co/mrLHOV91Yb	0	0
مجلس الأمن والأمم المتحدة وحتى الجامعة العربية لا يعقدون اجتماعهم إلا بعد فوات الأوان (يكون الذي ضرب ضرب والذي هرب هرب)#د_عبد_السميع_الاحمد	0	0
RT @Afro_black1: ياخ زمان كنت بكره جستن بيبر كره هسي تقريبا بسمع ليهو اكتر شي !!!بقى بعيد شديد ياخ الجنى دا	0	0
@for3onia @A_ALTIMYAT مصر صوتت لقرار وقف القتال كون امريكا عاوزه تخرج الملشيات المسلحه مصر قالت ملهمش دور في مستقبل سوريا لسه هنعيد	0	0
خفوا ع الراجل يا جماعة ده كده بقى خلاص سامي هينام	1	0
استشهاد جنود مصريين على الحدود بنيران صهيونية جريمة غير مقبولة دماء هؤلاء الشهداء تستدعى موقفا جادا حفاظا على كرامتنا وصيانة لحدودنا	0	0
معظم الدول الإسلامية تعظم وتحتفل بذكرى #المولد_النبوي الشريف ..هنا فتاوى #الامارات ، السودان، مصر، الاردن، الكويت،… https://t.co/VmaG4lctPJ	0	1
#بلحه_نيته_سوده  على لسان دبلوماسية.. رسالة من تل أبيب لـ السيسي: شعب إسرائيل معك  https://t.co/wEhnp2WWW8	1	0
"ودي احط صورة بوتن واكتب "" اخرجوا المشركين من جزيرة العرب "". #مشاريع_صغيره"	0	0
طبيعي لأنهم في الخلف !!	1	0
جزاك الله عنا خيراً يا رسول الله #الحبيب	0	1
بيصير نكد مو ناقصني كمان عيال بمدرستي بس ممكن يقلل البويات والله حبيبين بنت وولد ولا بنت وبنت و ولد ولد #ماذا_لو_المدارس_مختلطه	1	0
شاهد فعاليات احتفائية بذكرى #المولد_النبوي الشريف بعدد من المحافظات 14-12-2016 https://t.co/nqcfCdBm6T	0	1
اردوغان للعبادي لست ندا لي ..العبادي يرد سنرد في الميدان لا في السكايب..هولاند ل بوتين لااستقبلك في تدشين مشاريع..يشير  لاردوغان .	0	0
محاكمة المدنيين عسكرياً مش مسألة حريات ده شيء يخص العدالة والحقوق العدالة بيتقال عليها حريات؟	0	0
#حاميها_حرميها #الجيزة كفايه عليهم نور عنين #السفاح انتوا حتنهبوا ولا ايه؟؟	1	0
RT @madoon07: للذكرى ✨اهداف النصر الاربعه ف ريال مدريد ف حفل اعتزال الاسطوره ماجد عبدالله❤️،جميعها روعه الا الأخير حكايه مسطره بالجمال هدف…	0	1
قاطعوا #الصين	0	0
انا ايه اللي خلاني اتعلم اللغة الفرنسية و انا مش هسافر فرنسا اصلاً	1	0
""" و الله بتوع شبكة المخلص دول دمهم خفيف الوجه البذئ الذي يضع قناع الدين"	1	0
أوباما يشيد بشجاعة الرئيس الكولومبي بعد فوزه بجائزة نوبل للسلامhttps://t.co/7J0fDYYcdwأشاد الرئيس الأمريكي باراك أوباما يوم الجمعة بشج…	0	1
أردوغان بسياسته الغبيه بات يسقط كورق الدومينو.... #العبادي_يمثل_العراق	1	0
بعد سقوط كل هؤلاء الشهداء ومشهد الرجل المسحول الازال مرسي محتفظا بوضوئه هل تصح صلاته وهل يتقبلها الله وهي مغموسة بالدم سؤال للفقهاء	0	0
الإعلان الدستوري الصادر من مرسي كان أشبه بخطاب التمكين لهتلر #السادة_المحترمون	1	0
RT @BassamJaara: حلب لن تسقط واهلها لن يغادروها والحصار سيتم فكه رغم انف اوباما وبوتين	0	0
#لما الموب بتاعي يبوظ #بس الايام مش سيباناااااا مش سيباناااا في حالنا :) :) 2	0	0
@KarMostafa @shakerrzalloum @YouTube وزي ماتشوف اخي مصطفىبأسم القدس والحسين وزينب تدمر حلب فوق رؤوس اهلها	1	0
RT @Alkhedheiri: اللهم كما نصرت عبدك موسى في مثل هذا اليوم فأنصر عبادك في #العراق و #سوريا و #اليمن نصرا عاجلا و نسألك أن تحمي وطننا وجنودن…	0	1
#انتخبوا_البرص	1	0
@noofyxx1 @mansour_y @BasRid10 @AhmadKN5 انصحك مشاهدة الاعلام الغربي و كيف يتكلم عن غباء و قذارة الشعب السعودي	0	0
"""كلما اختلف اثنان او ثلاثة في الشرق يكون على حساب لبنان"" #استقلاليات #جبران_توينيبعد قراءتك للصفحات الأولى من كتاب تويني تدرك من هو قاتله."	0	0
قمة الغطرسة #الروسية في #سوريا من لم يسلم رقبته للجزار #بشار فهو #إرهابي  #لافروف: #موسكو ستعتبر كل من يرفض الخرو… https://t.co/PboUrMeaTo	1	0
@pierrebbeirut هالعقلية الذكورية ما كنا نخلص منها! انو بدن يقولولي انو بكل لبنان عامة و المجتمع المسيحي خاصة ما في امرأة تستحق منصب وزاري!	1	0
ماتبقى من #فلسطين التطور الطبيعى لبيع ا#لوطن#البركةفى#المعرصين#حماس#واخواتها#العملاءعلى #القدس رايحين نبارك… https://t.co/xNVRSYfzsZ	0	0
_ الشعب السعودي الآن مثل خزان الوقود ينتظر عود ثقاب فقط مثل بو عزيزي في تونس وشبه مؤكد ان الثورة ستكون بع…	0	0
RT @ph5f5: الي يقول الارجنتين بدون ميسي تستطيع الفوز و منتخب يملك نجوم  و لاعبين كبار؟ معقوله مباراتين ، و جميعها مستوى اسوء من السيئ ، اين…	0	0
@France24_ar اذا كانت هذه الاقلية مضطهدة فلماذا تلتزم فرنسا الصمت تجاهها  وتتباكا على ارهابيي حلب..؟؟	0	0
إليكم أجمل 12 شجرة ميلادية في العالم، وجبيل تخترقُ القائمة! https://t.co/CbYf35cssI  #Christmas https://t.co/mlxQ6uutHu	0	1
ربي بلغنا رمضان من غير أن نرى دمعة حبيب، ولا فراق غالي، ولا استمرار مرض لقريب، اللهم بلغنا رمضان لا فاقدين ولا مفقودين#رمضان_كريم	0	1
, جيرارد ماذا فعلت !!!!!! هل تهدم ما فعله #ليفربول😥 لو جآت من غيرگ ترا كآن هآنت أما تجي منگ يآآآهي قو…	1	0
https://t.co/8vzKebaN2u اضحك مع #عادل_امام	0	1
@EdSamuelFCO تغرد كانك ناطق باسم جبهة النصرة والحركات الجهادية الست تمثل دولة علمانية التي تحارب القاعدة والتطرف نفسها؟	1	0
@AlMayadeenNews ليش سلمان ما أعلن الحداد كمان كلكن اخرا من بعض..وحدو الدكتور بشار اﻷسد يلي اعاد كرمات الشعب العربي	0	0
العهر الدولي فاق عهر روسياعندما تشترط موسكو موافقة دمشق على دخول المراقبين الدوليين فهو عهر موصوف ... لكن العهر... https://t.co/A7NWDoHblh	1	0
RT @alir20091: #مليارات_العمره_على_هوى_مصر سقوط بشار الكلب معناة سقوط سيسي	1	0
المضحك إن الصفحات الإسلامية جريت ورا كلام الأستاذة إن مافيش أصلا كتاب من تأليف إسماعيل الامين إسمه العرب لم يغزوا الأندلسشكلكو وحش كالعادة	1	0
@alexandriamoham @BoAdly @YouTube أنت تافه ومجمع قاذورات وحاب أضحك عليك وعلى أمك قحبة بوتن ولو فيك ذرة رجولة وابن شرف كان ماتحط ابوك بوتن	1	0
@algrien66690034 @HalabTodayTV طيب فرنسا الحريصة على مسلمي سورياومعادية للجزائر ارتحت..	1	0
بالتوفيق للجميع الله يسعدكم ويرزقكم ويوفقكم 😴💜 #أيفون_البروفيسور https://t.co/03OG6zLGUx	0	1
#الداخلية_بلطجية #جهلة_والقمع_حياتهم	1	0
@ishraq_alomar كملي ،، وتاخدي مصروف وتلعبي مع الصغار وتجمعي صور بوكيمون هههههه	1	1
اوعى تقول عسكرى غلبان هوا و سيده فضوا ميدان #الداخلية_بلطجية	1	0
الملوك والامراء مايعضوش بعضهم ولايقللوا من قيمة انفسهم سافر بوس راسه والامور حاتتصلح انت مش قلت ممكن ابيع نفسي ترمب عمره مايزعتهم بوتن ندل	1	0
تصادف رحيل د.صادق العظم مع ترحيل أهالي حلب الشرقية، وما عرفنا نقول له مع السلامة وين رايح، مع السلامة يا مسك فايح.	0	0
#بروباجندا | #الدنمارك تسحب مقاتلاتها بسبب قتلى #الجيش_السوريالتفاصيل على الرابط التالي https://t.co/EO7bxa8UaS	0	0
برودة سماء #تعز يقابلها دف ارض #تعز وهي تحتضن ابناءها الشرفاء من الجيش والمقاومة وتقول لهم تقدموا واغزوا العداء وهللوا وكبروا الله. #اليمن🔴	0	1
على فكرة الي كان اعلن وجود اثارTNT فطيارة Egyptair الي طلعت من باريس كان خبراء ففرنسا وايامها مصريين لاموا مصر برده لماطلبت يوقعوا عل الكلام	0	0
حلب وثوارها مخوزقي بوتن وجيشه الكافر ولن تسقط  وهي مقبرة الفرس المجوس والشيعه الخنازير https://t.co/kKeAsDe3vH	1	0
يوم عظيم على شعب عظيم باذن الله حشود المصريين وهتافاتهم وسلميتهم تحرك الصخر النصر قادم وما النصر الا من عند الله	0	1
احب ميريام فارس ومايا دياب الاخ واضح انه من جماعة هزي يانواعم يبي امتع نظره 💃👌	1	0
ترامب يصعد هجومه على ريان بعد تخليه عنه: صعد المرشح الجمهوري في انتخابات الرئاسة الأميركية دونالد ترامب هجومه... https://t.co/tou5culKFi	0	0
#خلق_جميل نقول الحمد لله على كل حاجة لأن ربنا مش بيعمل حاجة وحشة أبدا	0	1
«الهلال الاحمر الكويتي»: وقعنا اتفاقية مع «الهلال القطري» لتوزيع المساعدات الإغاثية على النازحين السوريين من حلب	0	1
منع حازم عبد العظيم والسيد البدوى اكبر انصار الانقلاب العسكرى من السفر يمثل تطبيقا لمبدأ صاحب الحمير اضرب المربوط يخاف السائر	1	0
الشكر الاول والأخير لمن حرر وطني لبنان القائد المقاوم نبيه بري والشكر للسيد حسن نصرالله والشكر للشعب والجيش اللبنان… https://t.co/VwL1xPKXVa	0	1
انا مش عايز اخش في مناقشات وافندالهجوم و اثبت منطقي في المقال اذا فيه حوار اتفتح، فده بالنسبة لي شئ رائعمش عايز اكتر من كده	0	1
@drsunhat الله يرحمه ويعفو عنهكان من حزب الخونهاللهم تجاوز عنه واغفر له وامسح ذنوبه يارب	0	0
#باسم_طلع_حرامى باسيييييم مهزوز علشان اتفيش	1	0
وأنا غنيتك الأحلام أبكيك فأبكيوردة تنمو على الأهداب في الليل الحزينثم تذوي بين أيدي التافهين..محمد الشلطامي #ليبيا #بنغازي #benghazi	0	0
#بنغازيتجييف الكلب جمعة حسن المشيطي في محور قنفودةوهو اخو الجيفو احمد حسن المشيطي الملقب #عصيده	0	0
RT @abohafs1224: #مميز جداُ #امرأة مسنة تروي معاناتها وأسرتها لحافهم السماء وفراشهم الارض دمار وقتل وجوع ارادت ايصال #رسالتها الى من شبع وا…	0	0
ازاي البرادعي يقول ان الهولوكوست مأساة انسانية و ان بوذا ممكن يكون نبي و ان السلفيين متطرفين و يطالب بعودة اليهودايه؟ده عصام العريان؟	1	0
(الله لطيف بعباده يرزق من يشاء وهو القوي العزيز) [الشورى:19] #ريال_مدريد	0	1
نبيل العربي فخر لمصر في علمه و أخلاقه ووطنيته ونقائه ولم يفكر أو يسعي يوماً للترشح للرئاسة لا تزجوا بإسم الرجل في هذا المناخ السياسي الملوث	0	1
إطلالة أنيقة وانثوية من مجموعة غوتشي لخريف/شتاء 2016 https://t.co/2MG7282hjh https://t.co/9p5a6bIAk7	0	1
جستن بيبر الللي تكتب بالمعرب عطيني بلوك اللله يخليج	1	0
مع فيدرر يا آجا والكبار 😍 https://t.co/hrBeHbkBNu	0	1
#افضل_مباراة_تنس_شاهدتها اي مباراة يلعبها فيدرر هي الأفضل 💙 بس اكيد مباراة 2008 فيدرر ونادال	0	1
لماذا #حلب_تباد ؟#النداء_الأخير#ستبقى_حلب #ازيحوا_السيسي_وبشار#AleppoExterminated https://t.co/NZtSNm76v9	0	0
لما إنت عارف مجموعة الشيوعيين بالإسم ابقى قدم فيهم بلاغ ولاتنشر الكلام على عواهنهكلامك واضح يارجل الحوار	0	0
الثورة دي لولا الأميين ماكانتش نجحت أصلا أو على الأقل ده اللي أنا شفته يوم 28 ينايرإحنا بس مابنعرفش نكلم الناس صح والله أعلم	0	0
السيسي قال للأمريكان ان المصريين كانوا يساقون عنوه للمساجد	0	0
زاهر ده كنز من كنوز مصر علاء وجمال مبارك وراء نجاح دورة حوض النيل #	0	1
ممكن انحب اي انسان الا #اليسا 😂😂منحبش امها بكل بشدوقها الي اتقول كلب 🐶😂	1	0
الأداء المخزي لبعض الشخصيات التي كنا نسميها مستقلة يثبت أن كل ما في الأمر أنها لم تأخذ فرصتها في النفاق لمبارك لأن كل الكراسي كانت محجوزة	1	0
RT @kuwait_7bebtii: واطفال سوريا الذين يقتلون بسبب القصف السوري الروسي مالهم نصيب من تغريداتك؟اذا كنت فعلا الامم المتحدة فلعنة الله عليكم…	0	0
وبحبك يا #زمالك	0	1
يوتيوب يحذف الأغنية التي سرقتها فنانة إسرائيلية من #اليسا 👏يعني #تعبت_منك بقيت للعرب 😛✌😂😂@elissakh https://t.co/ZpRrLUNDUy	0	0
RT @fata8211: استشهاد أخينا أبو عبدالله غوغل من أساد #فتح_الشام في #الجنوب بعد استهدافه بعبوة ناسفة غادرة في #درعا_البلد .هنيئا لك يا اخي	0	0
RT @kuwaity_freedom: الممثل الامريكي المشهور روبرت دي نيرو الي كلكم تعرفونه بفلم العرابيهاجم دونالد ترامب بشراسه ويقول عنه كلب وخنزير و…	1	0
جمال الليل في نظرة عيونك ،، ونور البدر مرسوم بجفونكوكل الكون ما يسوي يا نادين بدونك😘😘😍😍الله يحميكي ندووون… https://t.co/EhLbileeqD	0	1
انا عندي حنين ما بعرف لمين ..ليلي بيخطفني من بين السهرانين💔#فيروز	0	1
78 ثورة طبعاً وسيبك من كذب الإخوان والفلول	0	0
يامن تنصر #السيسي كرها بالإخوانوتنصر اسرائيل على #حماس كرها بالإخوانوتنصر العلمانيين ب #تركيا كرها بالإخوان*الاخوان مش أنبياء بس أشرف منك	1	0
مكتسبات ثورة #25_يناير راحت في الزبالة عودة لعصور الظلام وأمن الدولة #نظام_زائل	0	0
"اللي يشوفك يتمنى يكون مثلك واللي يعرفك يحترمك ويحبك واللي يسمع عنك يتمنى يقابلك ! #حاول"""	0	1
حركة تمرد صاحبة انتصار 30 يونيو طالبت بالبرادعي رئيساً للوزراء ولما اعترض السلفيون تم استبعاده هل خرجنا من حكم الاخوان الى حكم السلفيين	0	0
في هذا اليوم من عام ١٩٣٥ خلق الله الجمال ب كنّ فكانت #فيروز  #Jo	0	1
"""@alhayatdaily: لماذا فشلت الجامعة العربية؟https://t.co/3atbjgptVf https://t.co/BQ7DDsUoZ4"""	0	0
@shereenhosni @HuffPostArabi وده من جريدة  The Guardian https://t.co/fR8a4o7L5Cنفسي افهم ايه مصلحة هافينجتون بوست في عداءها لكل ماهو مصري	0	0
لما غيرت نظارتي خليتها دائرية كان كل البيت يتطنز علي وصرت هاري بوتر وكل شي والحين كل شوي جاي عندي احد يجربها بيشترون مثلها	0	1
المعين من قبل الدنبوع خالد فاضل قائد محور #تعز يضع أفراد المقاومة تحت نيران الحفافيش دون تعزيزات او تغطية#اليمن #صنعاء #عدن #صعدة #مآرب	0	0
سيسى 😠😠  خلاااص هاتركع المرة ادى  #مصر_لن_تركع	0	0
نهنئ الشعب المصري والأمة العربية بشهر رمضان وليكن هذا الشهر فرصة للمصالحة ولتوحيد الصف وحقن الدماء	0	1
الحمدلله على نعمة الإسلام والسنه 💕☁️ #شرك_الرافضه_في_عاشورا https://t.co/Ily1mg86Fd	0	1
ريكي مارتن خطب واحد لبناني وحاجة أخر 💩💩💩	1	0
مصر تعيش وضع مأساوي أوصال الدولة تتفكك والعنف في إزدياد النظام بشكله الحالي عاجز عن إدارة البلاد لابد من المراجعة الجذرية قبل فوات الأوان	0	0
RT @Mnds_Sy: سلاح جديد من اختراع ثوار سوريا . وطز بكل الداعمين للثورة السورية .شام 3 فخر الصناعة السورية 😊 https://t.co/J5HlqNgArg	1	0
#العرص فى #نيويورك	0	0
#الغد_المشرقالجيش الوطني يؤكد  أن ميليشيا الحوثي والمخلوع الانقلابية، خرقت الهدنة منذ يومها الأول#اليمن#الأمم_المتحدة	0	0
يسعد صباحكن 🎄🎅🎁⛄#Christmas https://t.co/zzBjFeRrOg	0	1
يارب تيسر أموري القادمه 😔❤️	0	1
اﻻمنجي #عمرو_اديب و المحامي اﻻمنجي #خالد_ابو_بكر بيروجوا لغلق المحلات من 8 مساءا و رفضوا ان #هشام_قنديل يقفل المحلات 10 …	1	0
@AOAltwaijri الأمور واضحة ومكشوفة تأسيس حزب الله جديد في الجزيرة العربية ومقره اليمن يمثله الحوثي. أهذا يخفى على السياسيين.	0	0
الحكومه الفرنسيه تفلشت 😂😂😂.اليمين المتطرف قادم والشعبويه تتزايد.  القارة العجوز ستتفكك https://t.co/ySaujnpxQn	1	0
احقر انسان هو اللي سكت عن الانقلاب في مصر وعقبها قال ما يجوز الخروج على السيسي لانه ولي أمر #إنصاف_الإخوان	1	0
الله يخرب بيت اللى اقتراح استيراد الفحم قولوا امين #أوقفوا_الفحم	0	0
مشربتش من نيلها ؟ لا ولا حشرب بدي اطلع تركيا على طول ههههه انا يا جماعه صرت اكره #عادل_امام والله كنت احبه #بلح	1	0
إيجار مش بيع يا سيسي.. متستسهلش https://t.co/jkd2nrmyT0	1	0
@211Isis @TrG___1M هل كان النبي يُجند الذراري كما تفعل جماعة #داعش؟	0	0
_ مصر خسرت أرواح أبنائها التي لا تعوض بمال السعودية أوالامارات	0	0
تزامن الزحوفات على #ميدي #البقع #تعز #صرواح من الساعة الأولى التي حددها #كيري لإيقاف الحرب دليل على أنها مكيدة #امريكية ولكن سلاحنا صاحي	0	0
انا شايف يا #ترامب إنك إن شاء الله راح تولعها بجنونك وهبلك واستهبالك وتشعلها حرب بين #امريكا و #الصين لا تبقي ولا ت… https://t.co/B4OBthmfGg	1	0
RT @A822822A: الجيش الحر السوري يرسل رساله لروافض #العراق و #إيران  و #لبنان ♦️هذا مصير ونهاية من يدخل #حلب الحريه حلب الإسلام👌 #سوريا #بغ…	0	1
المادة 139: 16 معترض وبعد نقاش 8 دقائق يعاد التصويت على النص يعترض 4 فقط لمنع تأجيل 48 ساعة بحسب اللائحة! #سلق_الدستور	1	0
بين فسيفساء التكفير والتفكير مساحة ليست بالواسعة المنبسطة ولا هي ارض قحط وعرة #مصر #لبنان #تونس #الأردن #الإمارات #السعودية #العراق #فلسطين	0	0
الفلسطينيين عمرهم ماهيشتموا اردوغان لانه مش زي المهيطل #مرسي كان واعدهم بوطن بديل وهما قاعدين علي طيازهم وببلاش #حماس #القسام	1	0
مامن غذى قزنت...قزن ضناك ياذيب يالله#بنغازي	0	0
من لا يعرف قدر المستشار مكي وقضاة الاستقلال الأجلاء عليه ان يعود الى معركتهم العظيمة في عام 2005 ضد نظام مبارك ليعرف دورهم التاريخي للوطن	0	1
حكم بالحبس على نقيب الصحفيين والبلشي في قضية ايواء مطلوبين!..اتفرج بقى على ضمير الاعلام الغربى اللى شوفناه لما اردوغان نفذ مذبحة الصحافة!	1	0
AJArabic: هافانا تودع زعيم ثورتها فيدل #كاسترو بحشود من الأنصار كما استقبلته قبل أكثر من ستة عقود https://t.co/RNqS9lQW7D	0	0
@mar3e @YouTube فيه مثل عظيم في مصر بيقول .. الخلفة الوسخة بتجيب لاهلها التهزيق .. سامع يا سيسي	1	0
#يوسف_الحسيني كل ما ندعمه هو عدم سقوط ارض الياسمين ذات التاريخ العظيم	0	1
RT @moonnor27: Shia militias crimes عاجل من العراق #الشيعه يقذفون عرض النبي ويلعنون الفاروق عمر لايذائنا ويتوعدون بقتل كل العوائل السنيه…	0	0
RT @tarekhoms41: من ملائكةالشام وردةلم تتفتح بعد قتلوها بغدرهم وحقدهمالطفلةجميلة شيماء الشهاب في جنان الخلد بأذن الله#سوريا_دوما https:…	0	0
@asumeri_313 فكو طيزكم من داعش	1	0
RT @14__moony: *الحمدلله على كل حالاللهم اجعلنا مثل الذين ذكرتهم { وجـوه يومـئذ ناعمة ¤ لسعيها راضية¤ في جنة عالية}#قروب_خواطر_للدعم#قر…	0	1
@binsalah كنسلت هناكاليمين المتطرف انتشر	0	0
RT @abo_asseel: لا حول ولا قوة إلا بالله .اللهم أرنا في هذا المجرم عجائب قدرتك#العراق#الموصل#الفلوجه https://t.co/tHD3eSc663	0	0
يسقط يسقط حكم العسكر #ثورة_25_يناير #باسم_رئيسا_لمصر #انتخبوا_العرص	1	0
@EyadNassar نجم النجوم الرائع #إياد_نصار مع الفنان القدير #فاروق_الفيشاوى في #مهرجان_القاهرة_السينمائي #CIFF38 https://t.co/0GfWNFW9Is	0	1
RT @Leo_messi0000: يقول ماسكيرانو : كرة القدم تتحكم بكل شيء ، لكن ليونيل ميسي هو الوحيد في العالم الذي يتحكم بكرة القدم ..!  https://t.co/…	0	1
ليلي&بيونسيه❤️ https://t.co/inJb3z1wMr	0	1
RT @W00LF101: اللهم أنتقم منالَّذِينَ طَغَوْا فِي الْبِلَادوأرحمِالَّذِينَ أُخْرِجُوا مِن دِيَارهم بِغَيْرِ حَقٍّ#حلب_المنكوبة https://…	0	0
هل تصمتون عن الاٍرهاب الشيعي الموالي الايران هل تصمتون عن الجرايم الي تقوم بهاء الشيعة في العراق واليمن انهاء الفرس تقوم بقتلنا بدعم فارسي	0	0
@M_A_alamer @alrowishan11 نصيحه اشرب لتربول بعيرمملكة داعش اعترفت بان احدى طائراتهاقصفت الصاله وهذا المعتوه لازال يتوهم بان العالم حميرمثله	1	0
مفحوص مفعوص من #حماة المحتله ترك حماة وحلب والساحل النصيري وذهب يشتغل كلب عند الناتو لجهنم وبئس المصير #درع_الفرات https://t.co/6AkRDZMd3O	1	0
RT @Aboshehab_q8: من يريد إسالة دمه فليكن بجبهات الجهاد والعز والفخر بمواجهة داعش كما واجه الامام الحسين (ع) جدهم الملعون يزيد في كربلاء #ل…	0	1
@eftekasaaaat سوريا دولة مسلمة وشعبها يتم قتلهم بدم بارد، مصر والسعودية من أقوى الدول التي ستعيد الحياة لهم ، السيسي خان وعده ، عاهد وغدر 💔	0	0
حلوان وروكسي وعين شمس بورسعيد وبنى سويف والمنيا والفيوم والسويس شكرا حشودكم شعب مصر عظيم	0	1
@hashim_m21 تعترف و تفتخرافضحك في غوغل بلاس او لا!!! https://t.co/nTAE6X1Q4W	0	0
احنا #الحرية ومعناهــــــــا #الثورة هتاخد مجــــــراها #العزّة ليها طريق معــروف #مكملين #يسقط_حكم_العسكر	0	0
صباح الخير عليكي يا مصر يا حلوة و لابسة جديد إن شاء الله هيكون أحسن يوم في اللي فات و كل اللي جاي أحلى	0	1
من لا يستطيع أن يفهم أن 'اللهم بلغنا يونيو' كانت توقاً لإجازة بعد عمل شاق مع كل الأطراف بكل احترام ثم يسب و يخوّن سامحه الله	0	0
كارثة يرتكبها كل من يقول أن #المولد_النبوي بدعة#الإسلام #أهل_السنة #ألأزهر #المولد_الشريف #الدعوة_النجدية https://t.co/X5VHckEnwo	0	0
ميريام فارس تعود لأمجادها#ET_بالعربي https://t.co/sddHjLC4Qu	0	1
RT @aboammr271: #سجن_برج_العرب سجن برج العرب يعذب المعتقلين فى نهار رمضان	0	0
أزمة دفاعية معقدة تضرب برشلونة https://t.co/s49HiaH5gy	0	0
المجد لله ثم لك انت ياشهيد #جـــيكا #سيد_وزة	0	1
ربنا يخليك ليا !	0	1
@CelebsArabic 😱😱😱😂😂😂👌🏽 روسيا أنا مااستبعد شي عنها	0	0
@alnajjar87 هل الناتو حلف إسلامي؟ هل يتوسل أردوغان للغرب لكي ينضم للاتحاد الاوروبي على كتاب الله وسنة رسوله؟؟!!لم نشاهد منه طلقة ضد الغرب!	1	0
في #يوم_الطفل_العالمي  كل لحظة وأطفال العالم  بخير وسلام#فلسطين #سوريا #العراق .. https://t.co/XfypsyP2hl	0	1
#الهام_شاهين سكس ودعارة وذهبت الشبوبية منها اصبحت تريد ان تصبح دبابة لسيسي والمجرم بشار #Aleppo #EgyptAir https://t.co/zWVpIsxvz9	1	0
"رفض الدستور الباطل سيستمر بالاحتشاد في الميادين والتصويت بلا في الاستفتاء والمقاطعة، الدستور باطل واستفتاء ""المرحلتين"" تغيب عنه شروط النزاهة"	0	1
عندما تشاهد المتسولين والذين يقتاتون من صناديق القمامة فأعلم ان هناك نظام قمعي فاسد يحكمهم #انتخبوا_العرص	1	0
#كفاية اسفاف	0	0
قريبًا ستحل #اليسا ضيفة عمرو أديب في برنامج #كل_يوم_جمعة  و تأكّد : أنا الفنانة الأكثر مبيعًا في الشرق الأوسط ❤️… https://t.co/dvTwYGZFqW	0	1
مؤثر: والدة الاسير انس شديد المضرب عن الطعام منذ ٦٠ يوما تعانق ولدها بعد السماح لها بزيارته#فلسطين https://t.co/OewlOCCn0Z	0	0
دائرة الوساخة لم تكتمل يجب ان يربح اليمين المتطرف في فرنسا الى جانب ترامب و بوتين ونتنياهولتغطي دائرة الوساخة كامل الكوكب وليس فقط سورية	1	0
بصراحة انا احب #شبكة_المجد بس حظي الردي هو الي رافض ان اشترك فيها 😣	0	1
"#فرنسا تقول إن قرار #الأمم_المتحدة بشأن #حلب ""خطوة أولى"" وتطالب #النظام_السوري وحلفاءه بتنفيذه#مجلس_الأمن #مراقبيين_دوليين"	0	1
من عيوب وسائل التواصل الاجتماعي أنها أصبحت أداة لرد الفعل وليس الفعل، ننشغل بردود الأفعال اليومية أكثر ما ننشغل بالتخطيط والتفكير للمستقبل	0	0
@ehabmohmedahmed استاذ ايهاباردو بيرسخ علاقته باسرائيل لتكون شفيع له لدى الاداره الجديدهومستمر فى ابتزاز اوروبا بورقه الهجرهواترمى ع بوتن	0	0
انا متأكدة أن  #MannequinChallenge هيساعد شباب كتير علي انهم يبطلوا حشيش مثلا ويتجهوا للڤيديوز طول اليوم ويبقوا ملهيين	0	0
اليوم انتصار للإسلام	0	1
لكل من يريد ان يرى صورة الاسلام وهي مشوهة دعه يحضر يوم عاشوراء عند الشيعة	1	0
ملايين فى الشوارع قبل العاشرة صباحا مشهد لم يره بلد فى العالم, كم أنت عظيم يا شعب مصر	0	1
الاعتقالات كالامطار بلا مبررات لكن الانقلاب يرفض حضور المحامين لتحقيقات النيابة	0	0
معقوله شما تشبهه هاري بوتر 😂😂😂😂😂😂😂😂 https://t.co/DyehqPY4kf	1	0
#لميس_الحديدي:وجود الفنانة #سما_المصري بـ #مهرجان_القاهرة_السينمائي سبب جدلا واسعا..وأرى أن هذا صخب بلا داعي وإن كان سخيفا في بعض الأوقات	1	0
RT @iraqitweet: لقد قضي الامر يا داعشفقد جائكم اصحاب البدلات السودجحافل ابطال قوات مكافحة الارهاب تنطلق الى مدينة #الموصل مع اقتراب ساعة…	0	1
ابطال الجيش السوري   النصر لهم  و لقائدهم الزعيم بشار اﻷسد https://t.co/DHRVl9qukY	0	1
#عطنا_تغريده_مهايطيه ميريام فارس يوم غنت انا مش انانيه كانت تقصدني.	1	1
@sawabcenter داعش مجرمين قتلة ولكن النظام السوري من أحد الصناع لهم ويقتل أضعاف مايقتلون ويدمر كل سوريا  مارايكم به	1	0
_ هذا هو نص المقال أتحداكم أن تنشروه كاملا لو كنتم رجالا مش هتبطلوا حقارة وتنضفوا شوية من باب التغيير	1	0
@faisal_al3oni @7adethA @DrDimashqiah تحكمون إذا كان الوطنيه هي في تأييد السيسي وشتم أردوغان وكلاهما حليف فتلك قسمة ضيزى	1	0
اخيراً اقتنعت بالمغني الأمريكي جستن بيبر بعد ماسمعت أغنيته let me love u	0	1
احلى #ضحكة بالعالم 😍 #كارمن_سليمان #كارمن #محبوبة_العرب #ارب_ايدول #البوم #أخباري #اخباري…	0	1
"الإخوان يمارسون الشحاتة بمنطق ""إنتو كفار وهتروحوا النار بس أبوس إيديكو ساعدونا يا كفار عشان ربنا ينصر الإسلام"""	1	0
لاحظت كم واحد من المتابعين اللي انتابع فيهم .. عندهم معايير مزدوجة ... احداث تظخم عندهم و احداث تتفه .. اني اراكم منافقين #ليبيا	0	0
أخينا أبو عبدالله غوغل شهيدا جميلا ... تقبلك الله يا اخي .#فتح_الشام #الجنوب #درعا https://t.co/hyTDckO6dF	0	1
أحب كلامهاأحب صوتهاأحب ضحكتهاأحبها من كل قلبي💗🌸💗@nadinenjeim#نادين_نسيب_نجيم https://t.co/0RxFQNt9Pn	0	1
الوقوف دقيقة حداد على ارواح شهداء احداث سيناء وعلى شهداء ثورة 25 يناير في بداية المؤتمر الجماهيري	0	1
اسرائيل تدفع مليارات وتتفرغ سياسيا وعالميا لدعم الانقلاب ما حققه لها فى 100 يوم عجز زعماء صهيون عن تحقيقه فى 100 عام	0	0
نص اكاونتات هاري بوتر دارولي فولو 😂💗	0	1
بيتخيل نفسه ليه فورمة لازار وبيطير زي سوبر مان ولابس شميز بولو ع بوكسر اخضر وبليزر بترولي ولابس نضارة هاري بوتر الأ… https://t.co/U6TkQ2hwct	0	0
على الـ الان محمد سامي يقول : الحكم على 700 انسان بالاعدام أمر مبهج !! اين وصلت الانسانية !! #مصر #القاهرة #الاخوان #الفلول	0	0
@x1_ye انتي بوكيمون ☻💔 ععآدي اصطادتك؟🙂	0	0
@AnthonyElHaiby @youthshadowgov @FondationGt @Annahar خافوك فقتلوك١١ عاما دفاعاً عن لبنان العظيم #جبران_تويني	0	1
#كريستيانو_رونالدو صاروخ ماديرا او قاذفة اللهب او الدون او التورنادو او السيداو الامراطور و المهم انه افضل لاعب عالمي	0	1
@ahmadabufarha21 حبيبنا احمد الشيخ المقدسي لن يترك ساحة الشام للمتميعه ولا للغلاه ثق هذا الكلام تماماً ،،حتى لو طالبتموه	0	1
RT @rahimmoheby: #إيران.. إعتقال الشباب من أهل #السنة في المناطق الكردية. #الاعتقال #القمع https://t.co/ec8MZJCFIS  https://t.co/fMZ5onERLk	0	0
اصبحت الغارات ممله جدا #اليمن #صنعاء	1	0
@youm7 يا عم الديكتاتور حسام باريت نشوف محمد حمدى زكى بيلعب بلاش شغل مقبرة النجوم متعلمتش من أحمد الشيخ	1	0
#حلب: الجماعات المسلحة قامت بتلغيم وتفخيخ #مشفى_القدس الواقع بين حيي #المشهد و #صلاح_الدين بعد خروجهم منه تحضيراً للخروج من الأحياء الشرقية.	0	0
@Zlatantmimi حتى مسجدنا له يومين يدعي بس وصخ ملعون محمي من روسيا وايران و امريكا	1	0
الله يخربيتك يا سيسي الكهربا قطعت هوبا فلول ستايل #انتخبوا_العرص #مرسي_رئيسي	1	0
"أحس الحياة مصنّفتني من ضمن قائمة "" حزب الضالين الغير مرضي عليهم "" .. يعلم الله إني مصلّيه ومسميّه مدري شمسويتلكم أنا ؟."	0	0
الحقيقة العارية	0	0
ومجتمع نريد استقراره وبناءه ديمقراطيا يعاني ومجلس عسكري تآكلت شرعيته ويصر على أخطائه التي باتت تهدد تماسك الدولة وتعيدنا للوراء	0	0
6 أبريل بعد رفع اسم #أحمد_شفيق من قوائم الترقب والوصول: أخيرًا العمرة خلصتhttps://t.co/FudwgNtvCY https://t.co/MjDkVr6Zin	1	0
كلما رأيت أطفالا مشردين ، جائعين ، محاصرين ، لاجئين ، نازحين ، أشعر بالخيانة ، الخيانة فقط #سوريا #أطفال_سوريا …	0	0
@A2A9A4 فيدرر سيعود بقوه #توقع	0	1
والله ما عارف أضحك الله يحرق #ثانوية_عامة على مدرسينها واحد واحد	1	0
لم تعد #حماس من جسدالأمةلتشعربألمه  فهل باتت اقرب للجسد الصفوي النجاسه باتت اكثرمن الطهرفي حماس #حلب_الملحمة_الكبرى  https://t.co/yrziktbQ4a	0	0
داعش ، حزب الله ، جبهة فتح الشام…الخوفيه اكثير وثاني مره لا تدرعم لان اسلوبك مُستفز وانتها نقاشي معك يا(معقد)…🙂@Mamno1987	1	0
قنوات العهر العربي تعرف بان هيلاري كلنتون تقدمت على منافسها في استطلاعات الراي بينما لاتعرف ماالذي حدث في صنعاء !	1	0
صاير منتشر بشكل ويتفاخرون فيه امس شفت خبر عن المغني ريكي مارتن انه خطب واحد سويدي 😧😥 اعوذ بالله ...  #رونالدو_يعترف_ويفتخر_بالشذوذ	1	0
#بنغازي#البيضاءاجتماع مصالحة وتوافق بين قوتان عكسيتان منذ لحظات ونجحت المصالحةبارك الله في الأشخاص الذين وُفِّقُوا بين المتخاصمين 😂😂	0	1
بادافع عن واحد قال عني شخصيا عميل وخائن وجاسوس وتسبب في تشويه سمعتي عند كثير من المصريين! شفتي إزاي؟!	1	0
#عاجل | اندلاع مواجهات بين شبان وقوات الاحتلال في بلدة #عنبتا شرق #طولكرم قبل قليل#فلسطين	0	0
ياخى الفجيكات دول يتحبوا من غير مقدمات كده :) #نوبة	0	1
@emadoB وبلا ما يضهرو معن نحن اصلاً شبابنا ربعن ماتو بالحرب و ربعن احتياط و ربعن ع شاكلة ريكي مارتن هالربع البقيان يتركولنا ياهن 😂	0	0
#بلال_فضل مفتقد مقالاتك جدا	0	1
قلو عيونو مش فجأة بينتسوو ضحكات عيونو ثابتين مابينقصو #فيروز #happhbirghday ❤️❤️❤️❤️	0	1
الببلاوي: تصنيف الإخوان تنظيما إرهابيا قرار سياسي #الببلاوي #مصر	1	0
@X_alt122 في الاخير تراه لاعب لاراح ولا جاءحسستوني انه ميسي ولا رنالدوماطيره للسماء الا انتم 😒ماشفتو خير اول مره تجيبون مهاجم يسجل 😂	1	0
أحمد.. حلمٌ بدّده كابوس السّرطان https://t.co/FiqJ8SuU3d #غزة #فلسطين	0	0
@Molybes فرنسا ..هولاند ماشى وجى اليمن المتطرف بقيادة مارى لوبان زى ترامب كده	0	0
صور مفتي الإخوان المسلمين القرضاوي مع حاخام يهود ومع طغاة العرب #إنصاف_الإخوان	0	0
تجاهل مبارك للفقراء لم يكن نابعا عن إهمال فقط وإنما فلسفة تقوم على احتقار الفقراء لأنهم فشلوا فى الثراء	0	0
RT @hassahQ8: وطني الحبيب. وهل أحب. سواه.   الوطن. غالي مايحس بغلاته  الا. ألي فاقده. ياالله. ياكريم ترجع. سوريا  مثل. قبل. وأحسن 🌹🌹	0	1
#تحيا_مصر #مصر_جميلة #مصر_المحروسة #السيسي_هايصالح #السيسي_رئيسي_2014	0	1
"RT @Paradise__PA: الباقي:هو وحده له البقاء، الدائم الوجود الموصوف بالبقاء الأزلي، غير قابل للفناء فهو الباقي بلا انتهاء""٩٦""اللي يحفظه رتويت…"	0	1
الله الله 😍 #حزب_الاعاده	0	1
من المؤسف ان يتراجع الرئيس عن وعوده لقد وعد الرئيس مرسي المصريين بإصلاح تشكيل لجنة الدستور وهاهو يتراجع عن وعده وينقض العهد شيء معيب	0	0
حوار الأخوان شاركوا من اوي 25 ولا 28 مش مهم، و حتى حوار بطلوا مشاركة امتى مش مهم، المهم عملوا ايه في البرلمان و الرئاسة و التأ	1	0
فضيحةالاعتذارتشكل إهانة لفريق #هادي وأن رسائل #واشنطن له لاتعدو كونها أوامر يتم تنفيذها..ماانت الاخادم لها#اليمن  https://t.co/8Uq296BBnH	0	0
عبد الناصر عمل وحدة مع سوريا وبدأ بالياميش سيسي هيعمل وحدة مع اسرائيل وبدأها بالطماطم	1	0
دم شهيدات المنصورة يدين وحشية المجرمين الذين قتلوهن ويحق عليهم القصاص ولا يبرئ وحشيةالمتعصبين الذين القوهن الى التهلكة ويجب عليهم الاعتزال	0	0
والله حال العرب يرثى له ،، المفروض كل العرب مع قضيه إخوانا في حلب ، هذا اذا كنت مسلم حقيقي ،،مش كلام بس 😩☹️️ #مليارات_العمره_علي_هوي_مصر	0	0
@discovery_2011 ترى لموضوع كله على تركيا وادوغان اوباما شدخله !؟ وحاط كدام اسمه م/ بول بعير	1	0
@Christine_Habib @RamyAyach رامي عياش... فخامة الاسم تكفي...مبدع و فنان شامل ❤	0	1
احلى فيتو من اقوى حلفاء اصدقاء شرفاء #روسيا_و_الصين عاشت ايدكم ✌️✌️️ شكرآ #الصين شكرآ #روسيا #سوريا استودعناكي ا… https://t.co/0oOkb7oUyd	0	1
#انتفاضت_الأذان #القدس #مهذبون  الله أكبر .. الله أكبر https://t.co/I9GIJPitiJ	0	1
عن فخامة الصورةة أتحدث $ #ريال_مدريد https://t.co/fPpWwOt4U1	0	1
"نحن بحاجة إلى وسطية في المعاملات واعتدال في المواقف و الا تعرضنا لعوامل هدم المجتمعات الكبرى"" #مصر #تونس #لبنان #الإمارات #فلسطين"	0	0
@BQ8y اخ بندر الا ترى ان الشعوب الغربيه اتجهت الى حزب اليمين المتطرف ومالسبب في ذلك	0	0
وسيذكر التاريخ ان احمد الشيخ اول مصري عمل مانيكان تشالنج	0	1
ليس بمقدور احد ان يعيد المصريين الى حظيرة الخوف لقد الثورة كسرت حاجز الخوف الى الأبد لن نتراجع عن مطالب الثورة ولو صدر ضدنا الف حكم	0	0
@ibn_alarb عندما كانت كلينتون وزيرة للخارجية الامريكية كانت هي من اعطت بوش الابن تفويضاً لغزو العراق	0	0
# أبو الفتوح أعمل مع مجموعة رائعة من شباب الثورة وأقول لهم أحب ان تقودوني للعمل وأن نعمل كفريق ومن يجرح فين	0	1
رغم إن الصحافة رسالة إلا ان فيه صفحات كاملة بتتكلم عن #صافيناز #سما_المصري #حلاوة_روح ودي كارثة #2014	1	0
بسمة أمل - أحلى متعة في الدنيا	0	1
كنت اتمنى الذي يتباكى اليوم على الابرياء بسوريا ان يتذكر موقفه من تسليح المعارضة ”جبهة النصرة“ وتزويدهم بأسلحة والقنابل والمدرعات والصواريخ.	0	0
@Epic_moi هيلارى كلنتون شنب😂هي سبب فوز زوجها بيل بالرئاسة الامريكيه.الانتخابات حاليا صراع الجهل والثقافهلكنها كلاهما نتن	1	0
اجل اهزوجه ميسي الكلب القم ياكلب انت وياه	1	0
#واشنطن تحذِّر #دمشق و #موسكو! https://t.co/XKhN5PJeeK	0	0
منو هذا محمد الشحي😐😐😐😐 جستن بيبر على غفله 😂😂😂😂 الحين هايله من صجهم يركضون وراه؟ ي جماعه انا مصدوما https://t.co/4yOqqOcfax	1	0
@amrmsalama @EGYPTAIR ما فية مرة رجعت عليها وشكرت فيها .. بس للأسف في النهاية بيبقى في أولوية بشركات بلدي  ... والله نفسي الناس تفهم كدا	1	0
روسيا تقول بزيارة  #اردوغان الى موسكو اتفقنا مع #اردوغان على الحل ب #حلب-يعني خيانه يعني #اردوغان خان المسلمين بحلب #حلب_تباد	0	0
رئيس المجلس الاعلى للقضاء الحالى من رموز استقلال القضاء وقد صنع مشروعا عظيما مع المستشار احمد مكي من اجل استقلال القضاء الواجب مساندته	0	1
إنها تُمطر.اللهم أجعلها صيباً#بنغازي	0	1
@RamyAyach رامي عياش في كتييير شغلات حلوة بالدني بس انت احلاها.....✨❤ https://t.co/fUqiCFisdq	0	1
لا تنس يادكتور مرسي أنك طلبت من الناس أن تقومك إذا رأت فيك إعوجاجاالشعار دخل مرحلة التطبيق أمام قصركإقرأ الواقع جيدا ولا تقامر بالوطن	0	0
RT @Irourowansami: سيسي إيه اللي انت جاي تقول عليه دة الدولار ب14 جنية😂😂	1	0
@mahdi13203505 لبنان في ضع خطير الله يستر	0	0
@CrouchSays الدورى كله السنادى مفيهوش كورة ولا لاعيب طفرة باستثناء احمد الشيخ ومفيش مدرب برضة فرض نفسة ولا طريقة لعبة دورى كلة ممل	0	0
عندي ثقة فيك .. و بكفي <3#فيروز	0	1
ما يحدث في اركان هو جريمة ضد الانسانية و ليس فقط ضد المسلمين ما يحدث عار على الانسانية كلها	1	0
RT @KR_3D: هل يعلم #اردوغان ان العراق امضى اخر 36 عاما في قتال الكرة الارضية بكل دولها ومسمياتها وان ابناء العراق اعتادوا على رائحة البارود…	0	0
#كابوريا #اللبان #يوسف رجالة بمعني الكلمة بجد شباب جدعة جداا درونا #نكمل #لن_تركع_امه_قائدها_محمد	0	1
في الوقت اللي يجتاح فيه اليمين المتطرف أوروبا وترامب أمريكا والعالم ، يتم تعيين ملحد يبت في أمور المسلمين .!! . #اول_لاديني_بمجلس_الشوري	1	0
@AJArabic الله يرحم صدام شرف العراق https://t.co/IbtfAzCWnZ	0	1
هيدا الهوا ذاتو تبع #هوا_الحرية لي داعبنا بمزحته الطريفة وخلانا نفكر انو #فيروز رح تطل علينا.. #هوا_فاضي https://t.co/5ukra3e92E	1	0
حلب أمس💔😣الإرهابيون الذي يحاربهم بوتن ويدعمه ديمستورا وأوباما الذي لاقيمة له في وقف جرائم ضد الإنسانية منذ ٦  سنو… https://t.co/n7tqdvbOH9	1	0
لما داعش اقتحم وعمل مجزرة سبايكر ولما احتل الرقة ولما جبهة النصرة ارتكبت مجزرة عدرا ولما خطفو الجنود اللبنانيين ليه ما حدا تضامن يا معرصين	1	0
مترجعوا #مبارك و اقتلوا الشباب اللى باقى هو ده اللى ناقص يا #جيش_كامب_ديفيد #سيسى_كوهن	1	0
عم بحكي عن الاستقلال اللي تعمد بالدم وحما لبنان من الخطر الإرهابي وعن تحرير الجنوبعن حزب الله عم بحكي  #عن_اي_استقلال_عم_تحكي	0	1
هو الأهلى جايب صالح جمعة عشان يفرجة على الماتشات ولا إيهمش كفاية ضيع مننا أحمد الشيخ#يلا_دوري	0	0
أيها الاخوان في أية من القران وفي أى حديث شريف تعلمتم ان المبنى المصنوع من الحجر يكون الدفاع عنه بقتل الناس بالرصاص الحي على أى ملة انتم	1	0
الله يعجل بزوال آل سعود #ليفربول #حياتي_هتكمل_ب #زاك_والنازي #الستات_مايعرفوش_يكدبوا #البورصه #عمرو_اديب #وادي_دجله https://t.co/XMLVkVuJy8	1	0
تم تقسيم شعب مصر أخلاقيا احرار وشرفاء ومتسامحون ومؤمنون مع الشرعية والعكس بالاضافة لجهلاء واغبياء مع الانقلاب	0	0
ما رأي #حماس في مقابلة خليفة المسلمين أسد أهل السنة اردوغان مع القناة 2 الإسرائيلية التي تبث غدا؟ ألا زالت القدس تن… https://t.co/IcQzqIRSSU	1	0
RT @Mima_RF: #افضل_طقم_لروجر_فيدرروفي الطقم البنك https://t.co/v9PfDMAZqq	0	1
فى لفتة جميلة من د عبد المنعم ابو الفتوح قام بالأمس بزيارة مفاجئه للمتطوعين فى مقر الحملة بشارع رمسيس	0	1
RT @aaww99d: #ترامب : لو أصبحت رئيساً #لامريكا سوف ارسل #هيلاري_كلنتون للسجن🏃🏽😂 #ثور_قادح 😅	0	0
ويندوز 10 بيعمل تقريبا كل حاجه بمزاجه والموضوع مخيف	1	0
الإرهاب خطر عالمي اعتاد أن يستوطن في مناطق تغيب عنها هيبة وسلطة الدولة ويحولها لملاذ له خلايا القاعدة وتيارات عنفية مختلفة ليست بعيدة عنا	0	0
حبس الصحفي اسلام عفيفي بتهمة إهانة الرئيس امر مشين ومرفوض وهو أسوا ما يمكن ان يبدأ به الرئيس مرسي ولايته اين وعود الرئيس عن حرية الصحافة	0	0
أنتم كذابون وقتلة يسقط حكم العسكر هتاف رج قاعة جامعة سواس عندما بدأ النبوى الذى أوفده الانقلاب لتحسين صورته فى لندن وطردوه من القاعة	0	0
اللهم أنصر أخواننا في حلـب وارحم المستضعفين منهم واجعل تدبير اعداءهم في تدميرهم وعجّل لنا بنصـرهم يارحيم… https://t.co/si8E0Z6aej	0	1
الانقلابيون قرروا العمل والاقامة فى محيط المطار عشان الى يلحق يهرب يعملها فور سقوط الانقلاب, غوروا فى داهية	1	0
@AtheerShawai عيناكِ : طروادتان ،شعركِ : ستةُ أيامٍ وسبعُ ليالٍ من الماء ،أنت : أسطورةٌ لا يعرفها أحد !#أحمد_الشيخ_علي	0	1
لكل من طبل وصفق و رقص و تحالف مع حرب فجر #ليبيا في غرب ليبيا من مدن و قبائل ممكن يسمعولنا صوتهم اليوم في اﻻضاع التى وصلنا اليها.#إفرازات	1	0
@3ziz_mi0 @Alito_NBA ههههههههههههه	0	1
الاختيارات مش عاجبانى	0	0
الفرق بين شجاعة طالبات الثانوي بالمحلة وجبن مسئولي التعليم ونذالة الاخوان هو ذاته الفرق بين مستقبل مصر وماضيها المستقبل قادم وسينتصر حتما	1	0
إنسان أيا إنسان ما أجهلك ما اتفهك في الكون وما أضألك شمس وقمر وسدوم وملايين نجوم وفاكرها يا موهوم مخلوقة لك عجبي! #صلاح_جاهين	1	0
الشباب المتأثر بالفكر الوهابي يحمل نوايا طيبة لكن ليس هذا حال القيادات تاريخياتحالفت الفاشية الدينية مع مع العسكر دائماً كما يحدث الان	0	0
RT @fed89erer: #مشهور_يستاهل_الشهره الساحر السويسري روجير فيدرر 🎾👌 https://t.co/mhpDDe6Smy	0	1
RT @MohannaAlhubail: من يتطوع ويبلغ مجلس الأمن ان البوذيين المتطرفين يمارسون الارهاب حاليا ضد القطط في اركانفدمها اهم من المسلمين لديهم…	1	0
@heba3265 @EGYPTAIR اتصلي بالشركه هزقيهم	0	0
ستبقى #فلسطين عربيه منعواالاذآن في مساجدفلسطين فرفع المسيحيون في القدس الاذآن يدعون المسلمين للصلاة❤️تحيافلسطين حر… https://t.co/CsjMGe02GF	0	1
@yezniahemiria نجحو بشكل جزئيمئات الالاف من القتلى العراقيين ومثلهم السوريين واليمنيين بالاضافة الى النازحين	0	0
__ #خلق_جميل احترام اي انسان فقط لأنه انسان مهما كانت ديانته	0	1
@HichamHaddad57 @bisara7a @nadinenjeim ناطرين الحلقة على نار 🔥🔥 أكيد رح تكون حلقة ولعانة وكلها ضحك معك ومع عفوية وخفة دم #نادين_نسيب_نجيم 😍❤	0	1
هم يتغزلون و انتي مثل بومه هاري بوتر توصلين الكلام https://t.co/lWEFPRK0tj	1	0
#اليمنية| #المليشيات تسعى لطمس المعالم الثورية في الأماكن العامةhttps://t.co/3ZcCfG1Fk8#التحالف_العربي_سند_اليمن#جنود_التحالف_سند_لليمن	0	0
#حماس تدفعها عنجهيتها لحتفها وستشتعل بحماس وأزلام أمنها النار التي أرادوا أن يخمدوها ولن يجنوا سوى العار والشنار والفشل الذي هو حليفهم.#وعد	1	0
عبدالله السلمان مال الخطر معاهم يخرج احسن منّك #ارحل انت الآخر	0	0
@samar11220 هههههههه الكورد استقبلوا النازحين العرب السوريين أكثر من السعودية الشمطاء غرب كوردستان سوريا تحتضن أكثر من مليون نازح	1	0
RT @saudi_sniper1: #داعش الله يحط حيلهم بينهم#صنعاء	1	0
سهرتنا الان مع الزعيم #عادل_امام فى فيلم #بوبوس ، نتمنى لكم سهرة سعيدة #روتانا_سينما https://t.co/fn66ZDXKOS	0	1
الوالدة لو اقولها بخاطري حشيشة تضحك بس من اقولها ملل الله وكيلك تعطيني محاضرة عن الفسق والفجور بجنوب الشيشان #ليه كذا يانبع الحنان	1	0
"المذيع المحترم بتاع مصر ٢٥ بيقول فيه مظاهرات في شبرا بتهتف ""بالطول بالعرض حنجيب الاسلام الارض"" ثم يتسائل ما دخل الدين في صراع سياسي"	0	0
@llsooma اخص يا جستن بيبر 😎😂	0	0
@soft2nice لن يفهم هؤلاء ان #بنغازي لن تركعوان اصرار رجالها يزداد وعزائمهم لن تنطفئ جذوتها أبداًومهما خسرنا فانه لاشئ امام هذه التضحيات	0	1
الى من يعتبر الاخوان سلميين شاهد الان ضحايا اعتداءات الاخوان الوحشية على الابرياء في بين السرايات مع الاستاذ وائل الابراشي اخوان مجرمون	0	0
التعليم في مصر ولله محتاج يتدمر من القاعدة ويتعمل له اعادة تدوير #كلام_و_كلام #يوسف_الحسيني #السادة_…	0	0
RT @2222yazid1: #شرك_الرافضه_في_عاشورافي عاشورايبكي الشيعه يلطمون  ويتلاطمونو يصوم اهل السنه ويستغفرونالحمدلله على نعمة الاسلام والع…	0	0
الواد احمد الشيخ شغال زى النحلة يا جدعان مبيقفش ما شاء الله  مش ممكن والله كدا	0	1
ازاى ملكش دعوة بلبس البنت البنت اللى بتلبس لبس ديق هى اللى بتتحرش بالراجل	1	0
شاهد - آخر كلام: إضراب عمال النقل العام #	0	0
المتهم بإزدراء الأديان (مع التحفظ الشديد على سبب الإتهام) ياخد حبس وكل من قتلوا الشهداء ينعموا بالبراءة عدالة عدلات	1	0
RT @QablQalel: فيديو.. دمار حي المشهد في #حلب جراء الغارات الجوية الروسية.. .#سوريا #Syria #روسيا https://t.co/bIRcyeyY6e	0	0
يا شعب مصر العظيم أيها القائد والمعلم ؛ كم أنا فخور بشرف الانتماء لك	0	1
RT @drnoursalem: أنا عارفه بوكيمون أيه ده إلي بيدورو عليه 😏دنا بمسح إيدي في الكنبه عشان مكسله أقوم اغسلها 😂 https://t.co/C8NpIJddX3	1	0
وكما ادخل المجلس العسكرى نفسه دائرة الشبهات فإن اللجنة قد وضعت نفسها بهذا القرار فى مرمى السهام، اللجنة والمجلس وجهان لعملة واحدة	0	0
RT @Shevo_22: الفيديو بتاع فورهاند فيدرر في الجراند سلام يحببك في التنس لو انت مش بتتفرج ما بالك اللي بيحبو التنس زيينا	0	1
عارفين يعني ايه للعدالة وجوه كثيرة!! يعني #كله_ماشي :(	1	0
اقوى واحد والله 😂❤️😍#mannequinChallenge https://t.co/Iv3lf9A2CW	0	1
"RT @hadeelOueiss: ""اذا فزت فسأرمي بمنافستي في السجن "" ليس السيسي او بشار الأسد بل المرشح لرئاسة الولايات المتحدة الأميركية دونالد ترامب."	1	0
اللي زيها مره ف العمر تلاقيه  #اليسا ✨💜. https://t.co/FbCeaRzWS9	0	1
إذا تصفحت موقع أمازون يجيني أرق أمر بحالة نفسية صعبة قسم بالله ، ياربي متى أشتري الموقع هذا🙍🏽؟	0	0
انا مش فاهم واحد عنده اكتر من عشرين الف متابع لمجرد انه حاطط صورتي و محور في اسمي ريبورت و سبام من فضلكم	0	0
@slo0om3000 @abdulSM7 @AjelNews24 جبهة النصرة هي المعارضة السورية التي تدعمها المملكة اما داعش خلية ارهابية حاول تفرق يا حمار.	1	0
الاحلام ممكن تتحقق ...#عادل_امام#الزعيم	0	1
والمصحف مرتضي منصور بيتلكك لميدو #زمالك	0	0
RT @saadalbreik: #سعد_البريك_يزور_حسينيهكذبوا علينا لأننا لم نوافقهم في تأييد السيسي وعداوة أردوغان فلن نقول ماقال بعضهم⬇️ ولن نفتري على…	0	0
كابوس متى ينتهى	0	0
@MBCinaWeek وبعدين وش ذالمواضيع اللي جايبينها خروف وخروف الين صار الأستديو كله برسيم فشلتونا امام الاعلام الغربي واعلام العدو	1	0
قوات #الاحتلال تعتقل شابا من مخيم شعفاط، وتصادر سلاحا من منزله، الليلة الماضية.	0	0
RT @dr_zayedalamri: #العراق٣. نوع الروابط التي تربطك بها ايها العراقيون الاحراراليس فيكم رجل رشيد ؟👈مجرد آمال ان يعود العراق حراً أبياً ي…	0	0
اغنية بيونسيه ليسن مب راضيه تطلع من راسي جي فجأة قمت اغنيها وبلعومي عورني من الصوت الخايس اسف بيونسيه	0	0
لما تتأسف وتعترف بغلطك دا شيء إسمو #خلق_جميل	0	1
تحسبهم جميعا وقلوبهم شتى فهم لا يتوحدون إلا على قمع حريات الآخرين فقط	0	0
#مها_ناجى: هدفع الضرائب بس لما ادخل مستشفى حكومى هتعالج ؟ .. #عمرو_اديب: لا .. هتموتى #كل_يوم | #ON_Ehttps://t.co/nIxDNrddQR	1	0
RT @samansabz10: #إيران:التربويون يحتجون في #اليوم_العالمي_للمعلم على وضعهم المعيشي البائس.#الاحتجاجات https://t.co/Kd0l9i1ivs  https://t.c…	0	0
حلبالنصر على #الإرهاب هو نصر للإنسانية جمعاء وليس في #حلب الشرقية فقطو #الجيش_السوري سطر بطولات أكبر من #صلاح_الدين#سورية#روسيا#إيران	0	1
@EGYPTAIR  ده مال عام على فكرة و حقوق ناس#رحلة_باريس_المتأخرة#انعدام_المهنية#قال_عاوزين_سياحة_قال@M_Kamal90 @amrmsalama	0	0
لسه يا كلب لسانك طالع لسه بتخطف م الشوارع #طلعت_حرب	1	0
"نهنئ الدكتور عبد المنعم أبو الفتوح بتأسيس حزب ""مصر القوية""، وندعو له بالتوفيق وبأن يكون هذا الحزب خطوة نحو بناء"	0	1
RT @rahafkasem2019: ان شاء الله يا #بوتين انت و#بشار_اﻷسد بتروحو فعس ومعس ودعس وبتجيكون جلطة تسكر الشريان اﻷبهر متل ما قهرتونا😔#HolocaustA…	1	0
تحية لصوت القلم في ذكرى استشهاده #جبران_تويني	0	0
مصر مدرسة القمع الحديثة ولهذا ينتشر الضباط حاليا فى المدارس	1	0
@malak_alhusaini ملاك تكفين ابي اسدد لجامعه قميته ١٩٠٠ 😭😭💔 م ابي ايفون لا شيء بس ابي اكمل دراستي	0	0
آمين من هنا للعشر الأواخر أنا في ديك الساعة يا جميل انت عارف محبتي واعجابي	0	1
تركيا وروسيا يهدمان بنيان الجهاد في الشام؛ روسيا تهدمه بسياسة اﻷرض المحروقة،وتركيا(وهي اﻷخطر) تهدمه بالتفريق بين المجاهدين.	0	0
على الخارجية المصرية تحمل مسئوليتها والعمل على الافراج الفورى عن الصحفية شيماء عادل المحتجزة فى السودان ،كرامة المصريين أهم من رغيف العيش	0	0
العملية نسر لم تفشل النسر هرب مع طائر النهضة عشان يتجوزوا عرفي و راجعين	1	0
انا بحترم وبحب فريق #كاريوكى فهما على الاقل اتكلموا بطريقتهم الى هى الفن فى وقت سكت فيه مشايخ ودقون ناس بترقص وناس بتموت	0	1
في هذا العصر الأسيف هناك من يقول ان القذافي ثائر مسلم مؤمن ك فيديل #كاسترو الثائر الكافر!لا تخرج قبل ان تقول تفه... https://t.co/tSwdFtWWP1	1	0
RT @Normality77: جوني ديب يقلد دونالد ترامب 😂😂 https://t.co/tBx6r4bHhx	0	0
مقدر إن الشغل بيخليك تتفرج على الداعية الشرشوحة شتايمه بتوصلني من صحابيأنا أحب أضيع عمري في حاجات لذيذة مش قميئة	1	0
@Jerom007_ بوب ديلان افضل مغني كانتري	0	1
و لعل أسوء ما في هذا اليوم غيابك يا #باسم :-( = =	0	0
كان حلم حلو فى اوله شوقنى انى اكمله  #25_يناير	0	1
ما عرفنا بالهدنة الا من الاخبار التي تتحدث عن الخروقات!ربما كان الاجدر رفض هدنة #كيري! كما رفضت مبادرته المشؤمة !	0	0
"من كثر التحلطم اللي يسري بدم الكويتي حتى إذا شاف سيارة مكتوب عليها "" ما شاء الله"" #لازم يقول : شدعوه عندك فراري عاد"	1	0
شكرا إن حضرتك دورت على المعلومة واقتنعتأنا ليس لي مصلحة وأكتب مايرضي ضميري والعلم عند الله	0	1
#مصر_الليلة فياض: الانقلابيون فعلوا ما لم يفعله كفار قريش عبر	0	0
"استفدت كتيير اوي من حلقة انهردة معلومات اول مرة اسمعها بارك الله فيك ^^ #مصطفى_حسني على طريق الله "" روح العبادة """	0	1
المصرى احسن واحد تزنقه فى الوقت يشتغل! #اه_والله	0	1
@ggpuiii مثال لو تحارب روسيا ومريكا وقتها ينقال المثل ذا😂😂😂	1	0
RT @R6QviJeyWTdlShI: يَوما ما سَنسقي ياسمينْ الشَام في سُوريا منْ نهر دَجلة والفراتْ بالْعراق وتَهدأ مَصرْ ونَدخل الاقصى آمنينْ تضللنَا htt…	0	1
@mdana704m @ri23936372 مو موضوع لحيه رونالدو كشكل ناعم مرا كنه بنوته الغريب ريكي مارتن اعلن خطوبته من هذا السوري https://t.co/ATZaT7HBfD	1	0
#هتحبك_لو احترمتها فى وجودها او غيابها ;)	0	1
الإبتسامه لم تفارقها حتى بعد موتها اللهم تقبلها من الشهداء أسماء صقر	0	1
#علامات: من علامات موت القلب عدم الحزن على مافات وعدم الفرح على ماهو آت	0	0
@elsheikh_22   هدف أحمد الشيخ بقميص ريااااال مدريد😉😂😉#أاإآبن_البلد_اللي_مشرفنا #شيخوؤو⚽⚽⚽ https://t.co/HP5BnWPhyV	0	1
مسحوا جرافيتى محمد محمود مسحوا حكاية ابطال ثورة يناير للاسف منهم اغبياء وجهلاء ايدوا 30يونيو	1	0
لن تأخذ سوريا قصراً ، لن يرجع للعرش يزيد ، فالشام حسمناها نصراً ، لو يسقط مليون شهيد ..يا جنود المنتظر ... انتم حزب الله	0	1
مشربتش من نيلها؟ طب جربت تغنيلها؟ جربت فعز ما تحزن تحاول تولد فأمريكا عشان الواد ياخد الجنسية؟ #شيرين #نفاق	1	0
@elissakh #اليسا نجوميتها يصعب الوصول إليهــاااا 🤚🏻😌	0	1
#ماذا_لو_المدارس_مختلطه☇ماسلمنا بدون إختلاط  ...!!!🚫فكيف راح يكون الوضع مع الإختلاط  ....!!!	0	0
أبرز نشاط للانقلاب تطهير مصر من العلماء والاحرار والشرفاء والموهوبين والمتفوقين فى الجامعات والمدارس	1	0
#مبارك راجل كويس واﻻخوان اعدااااالم على طول الخط	1	0
"إقالة لبيب السباعى من الطب الشرعى وتعيين د إحسان كميل جورجي بدلاً منه"" الى مزبلة التاريخ وشكرا"	1	0
RT @D_abdulrahman1: مناكفة سيسي للملكه بشأن سوريا ومساندته القويه لبشار والعدوان الروسي وخذلانه في البمن يؤكد أنه جزء من مشروع تقسيم المنطق…	0	0
"""لافروف"" يحذر أمريكا من ""لعبة خطيرة جداً"" في سوريةhttps://t.co/G3QcTX4zI3 https://t.co/0uEyGYm3mn"	1	0
RT @hotlain: على الإسلام السلام ، إذ بُليت الأمة براع مثل يزيد ' لعنة الله عليه وعلى كل من ناصره ورضى واعتذر له بما فعل ' الحسين بن علي	0	0
#ماذا_لو_المدارس_مختلطهماقدر اقول انه مرة بيكون مافي فساد لا في فساد بس اعتقد بيكون اقل من اللي صاير الحين بكثير الكثير	0	0
بالفيديو - مشاجرة في عزاء #محمود_عبد_العزيز بسبب #عادل_إمامhttps://t.co/3P8bE3PmN1 https://t.co/CCXsqQC8bT	0	0
أبو الفتوح : الأنفلات الأمنى صناعة ولكن علينا مساعدة رجال الأمن الشرفاء على القيام بواجبه	0	1
RT @TheEmperor__: فيدرر × نادال ،، ويمبلدون 2008 #افضل_مباراة_تنس_شاهدتها	0	1
انا مستعد للقيام بأي دور لخدمة الوطن حفاظا على التضحية التى قدمها الشهداء وحماية لمطالب الثورة	0	1
@malak_alhusainiاختي ملاك امي معاها ايفون ٤ ودي اشتري لها ايفون ٧ ودي افرحها ولا اذا تبيني اصور لك الايفون حقها ابشري 😿	0	1
عندما يفجر او يقتل شخص مسلم يؤجج الاعلام الغربي ويلصق ماحدث بدين الاسلاملماذا لا ينسب مايقوم به الروس للنصرانيه..	1	0
يوسف الحسينى يسب السعودية لقطعها المساعدات عن سيسى: يا شحاتين ياارهابيين احنا يا ما اديناكم رز ومحدش حماكم غيرناhttps://t.co/JejrzcCTPa	1	0
اللى بيتولدوا وبيعشوا فى العواصف 💪 ما بيخافوش من الريح 👌 ✊#مشتاق_اسمع_جمله#عادل_امام#كلمه_لحبيب_قلبك#حب_أعمى#ولسه_يامصر_هشوف_فيكي	0	0
_ 0 مش عيب تكذب؟ عمري ما عملت ولا هعمل بلوك لحد لا تمدح نفسك	0	0
أوباما أو أمريكا تدمر العرب والله يبعت من فوق يهدم البلاد كلها ب العواصف أو هزات أرضية وووو ....  سبحانك ربي	0	0
#معلومة_بسيطة#التحميل من #جوجل بلاي بسهولةمعظمنا يعاني من مشكلة الحظر الذي تفرضه غوغل على بعض المزودات السورية... https://t.co/DaKlCwiz6j	0	1
عمرو اديبشويه يمدحشويه يخبتلو حد نزل امام سيسىهتعملوا ايةهننتخب السيسى يا عين امكاستلم مصر خربانهنجحالسيسى عمل معجزة بكل المقايس	1	1
@E__Alqahtani انا شدخلني ببريطانيا كل دولة لها قانونها. فرنسا دولة عظمى و من اقوى دول العالم وتمنع النقاب ومحترمين قانونها. خل يحترموننا	0	0
الفرق بين الداعية الديوث والشرشوحة خالتي فرنسا أن خالتي فرنسا تابت ولم يكن لها الحظ بالعمل في تقديم البرامج الدينية	1	0
@Shevaalshreef مافهش يا نصي ميسي هوه لارجنتين عليا طلاق كلهم نجوم علي لابيض	0	0
#كل_يوم قهااجاباتاساڤوعاش يا #عمرو_اديبارجع لي ابو قديمو	0	1
"ترامب شخصية لا تصلُح لرئاسة دولةالرجل لايملك كاريزما""  الرؤساءاما هيلاري كلنتون واضح انه (بنت رجال ) وعندها نز… https://t.co/mvCjakWd15"""	1	0
هل يعرف أنصار شفيق القراءة ؟ الأسواني دعا لجبهة مع مرسي بشروط الثورة فلما لم يستجب الاخوان دعا الاسواني الى مقاطعة الانتخابات الادمن	1	0
الى الاخ خبير عسكري يبدواوانك فهمت التغريدة بشكل خاطيء انا لا اتحدث عنك بل عن ان هناك اغبياء يغريدون انها اتفاق بين… https://t.co/2jwWh3nhB2	0	0
المعلمي: فيتو #روسيا و #الصين مخيب للآمال#الحركة_الشعبية_السورية https://t.co/pVElyrPMCy	1	0
_ لم يحدث هذا كذب و افتراء	0	0
RT @Jokes__99: بوكيمون ولحقتوه عيل المسيح الدجال عمياني بتتبعونه 😔😔😔😔	1	0
RT @Ialrebdi: #الدبلوماسية_المصرية عار ع العرب صوتت ف مجلس الأمن مع المشروع الروسي المناقض #للمشروع_الفرنسي القاضي بفرض حضر الطيران فوق حلب…	0	0
لولا الانقلاب لسارت عجلة البناء والعلم والاقتصاد والحريات والقانون اسرع من احلامنا	0	0
مسخرة كوميدية من يوسف الحسينى على القبض على احمد عارف وحسن البرنس#حتى وانت بتستخبو بردو اغبية	1	0
@malak_alhusaini الله يسعدك ويوفقك ويحقق مرادك ابغا ايفون الله يخليك	0	1
ماذا بعد انا شاهد الجميع الإخوان وهم يحاولون حرق #مصر و مذابح ضد المدنين العزل والجنود والضباط هل هناك من لازال يتحدث عن مبادارات و صلح؟!	0	0
كل الدساتير الماضية سقطت لانها لم تكن وفق ارادة مجتمعية #السادة_المحترمون	0	0
مأدبة غداء تكريمية في #بيت_الوسط!- https://t.co/GQ7VwtDx7M https://t.co/PpQ00tlpg5	0	1
تطمن آنت المقصود بكلامي ، آنت الوحيد اللي قلبي يحبه..💕💙	0	1
اعتقالات وملاحقات من قبل #حماس في دير البلح تم على اثرها الليلة اعتقال شقيق الشيخ أبي البراء صباح تقبله الله بعد اعتقال شقيقه الثاني سابقا.	0	0
@ashraaf_alsaad جريمه عظمى نفذها حلف الناتو بخيانه الليبيين	1	0
"الأصيل يبقى أصيل ما يتغير 👌🏼 تعلموا التواضع من #كلودا_الشمالي ""#فارس_كرم #مروان_خوري #وائل_كفوري #نجوى_كرم… https://t.co/2GFD4rpr9u"	0	1
جنرال الجمهورية باحلى خطاب بأغلى عيد بعيد استقلال وطني لبنان شكرا ميشال عون لكلماتك المحبة والوطنية التي انتظرتها 26 سنة  بنت لبنان العظيم	0	1
على نفس الأساس دولة البطش وحقارة المواطن دولة اللعنة على الحقوق	1	0
كانت مدرستي مختلطة لمن الثانوية ☺  #ماذا_لو_المدارس_مختلطه	0	0
RT @al_finesse: بدأ الاٍرهاب من عام1952عندما اخترع النظام العسكري المصري المجموعات التكفيرية لترهيب الشعب فانبثقت القاعدة واخواتها #مصر_تصو…	0	0
مستمتع بإدارة حوار الشباب المصري مع مجموعة 'الحكماء' في دار الأوبرا #	0	1
اقبال المصريين على التصويت فى الانتخابات ضمانة لبرلمان يعبر عن الشعب ، وانتخاب ممثلين لشباب الثورة ضمانة لبرلمان يستكمل مهام ثورتنا	0	1
#بالتأكيد  #الشيعه_في_خطر بسبب اتباعهم #ملالي_إيران_إجرام_باسم_الإسلام #عاشوراء  #ياحسين  #يازهراء  #اليمن_الآن… https://t.co/sNlMYBt1b6	0	0
RT @hastara_day: #عاشوراءيوم للتفكر .. يوم للتأمليوم للخروج من حالة الإحباط التي نعيشهامن نصر موسى ورفع راية الاسلام وهزم كيان الكفر وال…	1	0
هذه هى المناظره تماما كما أتصورها بين #حمدين و #المشير #السيسى ! #الكبير_كبير_متعملش_مناظرات_يا_مشير #سأنتخب_السيسي …	0	1
عودة لسجون مبارك	0	0
و لو ان الإرهابي صفوت حجازي او غيره قاوم بالسلاح فليقتل اير مأسوف عليه،فهذا هو القانون الذي نجاهد لتطبيقه على الجميع	1	0
أما المتأسلمين الجهال #أدعياء_السلفية #الجامية لا أخلاق ولا مبادئ يتشمتون ويضحكون على جثث #مجزرة_رابعة_العدوية …	0	0
الشرطة تاريخها كله أكاذيب لكن الاخوان لم يصدقوا في حياتهم واكاذيبهم اكثر من الشرطة ولديهم ماكينة تبرير تنكر الشمس الساطعة لابد من تحقيق	1	0
"ثم يصل الاستعلاء إلى مداه بإنهاء الحوار و""الكلام معكم ما فيش منه فايدة"" هكذا ينظر أحد أطراف حرس الاخوان الحديدي للديمقراطية وللحوار"	0	0
حقارة صحيفة الفجر او الفجور علاء صادق يشترى منزلا فى الوكرة ويتخذ قطر وطنا عندما تكذب كما تتنفس	0	0
#اعرفوهم_انقلاب_مصر_يسقط_حكم_العسكر #الداخلية_بلطجية #شهداءالحرية # الشهيد محمد فتحي 20 عاماً #بني_سويف	0	0
مؤلم أن ترى العدو يفتك في #اليمن و #سوريا و #العراق ثم يستحي أئمتنا من قنوت النوازل أو المطالبة به !الدعاء أساس العدّة .	0	0
ثأر #سيد_بلال وغيره سيلاحققك أيها الأفاق #برهامى #شيوخ_السلاطين #تجار_دين	1	0
نازحي #الموصل .. منظر يذكرني بنزوح عام ٤٨ ب #فلسطین ولا حول ولا قوة إلا بالله..حسبنا الله ونعم الوكيلhttps://t.co/WxeC5BXzay	0	0
وحيات عينيك ،،،، اخذ صوت اخذ وجه حسن وطرب اصييل #مصر #الجيزة #القاهرة #شادية #الاهرامات #اسيوط…	0	1
هو ممكن ت #نزل_صلاح :( #ليلة_الابطال	0	1
اشتموا و قلوا أدبكم كمان وكمان خلينا نتعرف على اخلاق الاخوان #الاخوان_جماعة_ارهابية #الاخوان_قتلوا_مارى_ومياده #الاخوان	1	0
@sirte3030 والله يامرتدين ليبيالستم اقوى من مرتدين الصحوات بالعراق وسورياجايكم الدور بأذن الله ياكلاب حلف الناتويامرتزقه الطواغيت	1	0
الثورة السورية كشفت المستور وفضحت المجتمع الدولي المتآمرة على الحرية والكرامة  وقاتل للشعوب	0	0
RT @sabqorg: بلومبيرج الأمريكية: السعودية تملك احتياطات نفطية تكفيها 70 عاماً Via @sabqorg https://t.co/LuarnucA5w	0	1
الهجوم المتوقع على كرداسة متى يتوقفون عن قتل الاحرار؟ الانقلاب يمارس ويزرع الارهاب	0	0
الى مينا وجورج وانطون غيروا اسماءكم على بروفيلكم قبل ما تشتمونى عشان المسألة متبقاش دين وعنصرية وفتنة قلة ادب وغباء كمان	1	0
نشكر ثقتكم وهدفنا دوما ارضائكم 🌹#وسيط_امازون https://t.co/JSWhUUrWvH	0	1
#يقين|#شاهد|#فيديو| حكومة الببلاوي ومحلب اعطو شرعية قانونية للفاسدين ولم يعزلو فاسد واحد	1	0
النضافة ،النظام،الراحة و الحرية اللي بيحس بيها السايح تخليه يسيب بلد زيينا امكانياتها السياحية مرعبة و يروح لبلاد اقل بكتير	0	1
تفووووووووو #غزة_تحت_القصف	0	0
RT @saaaarhahmb: صباح يشبه صباح شهر رمضان ، تملئه الطمآنينه وتغشآه رحمة البآرئ ، صباح العاشر من عآمنآ الجديد صباح عاشوراء اللهم ارح قلوبنا…	0	1
النضآرآت بقت موضة ! تقويم اﻷسنآن بقي موضة برضو!! مش بعيد بكره تلاآقي صحبتك جآيالك بكرسي متحرك تفوليلهآ سلآمتك اتشليتي ! #مرار_طافح :)	0	0
كان رسول الله ﷺ أجود الناس وكان أجود ما يكون فى رمضان حين يلقاه جبريل وكان يلقاه في كل ليلة من رمضان #تويت_حديث https://t.co/F73kfj0DKz	0	1
@mnaw7 @ethraaen  ههههههه جبهة النصرة وداعش  ممثلين ل هولاكو	1	0
RT @Jx08M0LKoMk2vMq: @sadbird1965 سيسي عذاب سيسي دمار ..سيسي خراابه..خربها ابن المبقعه.. وبيتفلسف ع المعاتيه...	1	0
#أسم_فيلم_بتحبه أسف على الإزعاج	0	1
هل الفرح حرام ؟ كان الخطأ الأول لزملاءنا الإنقاذيين وإعلامهم ، هو امتناعهم عن المساهمة فى إنقاذ وتحرير جنودنا من	0	0
الوضع حاليا لدعى ربع المفتيسكوووووت حنصورفعلا على رؤوسهم الطير عندما ياتي ذكر اوردوغان واسرائيلخاب سعاكم...عدي… https://t.co/OWasFn6qy9	0	0
هيلاري كلنتون لم ولن تنسى خيانة زوجها لها وسر تمسكها به لأنهم من جيل لا يعرف الطلاق.	0	0
هم خلوني مجنون !!!	0	0
بس اعلان فودافون الجديد بتاع عمرو دياب دا حوار😍.	0	1
قلمين عقب أسبوع من محمد محمود المجد لأبطال محمد محمودهتفضل مصر شايلة جميلهم دائما وأبدا	0	1
"أوباما يصف تصريحات ترامب في مقطع فيديو بـ""المثيرة للاشمئزاز"" https://t.co/tViTK8Cu0j"	0	0
قرار وزير الثقافة يخالف قرار الإتحاد الدولي للمنتجين والسينمائيين في شأن عدم إسناد تنظيم مهرجان القاهرة لدكتور يوسف شريف رزق الله	0	0
#السيسي عروسة في إيدين #المجلس_العسكري	1	0
الإسلام شيء غير هذا المعنى الذي أراد خصومه أن يحصروه فيه, الإسلام عقيدة وعبادة ووطن وجنسية وسماحة وقوة وخلق ومادة وثقافة	0	1
@ALSARIM111 @zomali700 @LeinaAlhazmy @al_watanQatar الا يابن الشرموطه موزه بتتناك من مين دلوقتي والخول في فرنسا اه صحيح هو من امته كان راجل	1	0
ماﺗﺠﺮﺃ ﺍﻟﻴﻬﻮﺩ ﻋﻠﻰ ﻣﻨﻊ ﺍﻷﺫﺍﻥ ﻓﻲ #ﺍﻟﻘﺪﺱ  ﺇﻻ ﻟﻤﺎ ﺗﺄﻛﺪﻭﺍ ﺃﻥ ﻗﻀﻴﺔ ﺍﻟﻘﺪﺱ ﻧﺎﻣﺖ ﻓﻲ ﻧﻔﻮﺱﺍﻟﻜﺜﻴﺮﻳﻦ ﺍﺑﺪﺃ ﺑﻨﻔﺴﻚ ﺗﺤﺪﺙ ﻣﻊ ﺃﻫﻞ ﺑﻴﺘﻚ… https://t.co/2lHsNULg3g	0	1
فضيحه تانيه أنا لسه ماسك ف مستشفي راس سدر وعرفت ان تم أخذ من الدوله حدود ١٥١ مليون جنيه لم يتم صرف ٦٠٪ منها	0	0
سواء اتفقنا او اختلفنا مع الاستاذ خالد صلاح فمن حقه ان يعبر عن رأيه ويقوم بواجبه الاعلامي بحرية كاملة الاعتداء على خالد صلاح ارهاب وبلطجة	0	1
طلعت اتفاقية #كيري  وقف اطلاق النار في الاعراس بس، ، #عدن #اليمن	1	0
لوحة جميلة لجسر le Pont Neuf في الشتاء #باريس#لوحة #فرنسا #ثقافة #ثلج https://t.co/S8BhlWT1Dj	0	1
#افضل_طقم_لروجر_فيدرر                                  جميع الاطقم على المايسترو فخامه ولاكن ناخذ بعضا منها https://t.co/FTs29W8Y94	0	1
#الحياة_جميلة عندما تستخدم أدوات #السعادة بها #الأمل و#الفأل_الحسن و #الإيجابية و #الإيمان بقضاء الله وقدره خيره وشره	0	1
🌸↶مـآذآ إعـْطَتک #فلسطين  لِتحبهآ إلى هذآ آلحد 🙊 ؟💚_💚-بكفي آنهآ آعطتني آلشرف ليكون آسمي #فلسطيني❤✋👑👑يمآ محلااهااآ هَآلنعمهه'ھ 😍🌸↶	0	1
ﺇﺫﺍ ﻧﻄﻖ ﺍﻟﺰﻋﻴﻢ ﻓﻼ ﺗﺠﺒﻪُ               ﻓﺨﻴﺮٌ ﻣﻦ ﺇﺟﺎﺑﺘﻪ ﺍﻟﻌﺴﻴﺮﻱﻭﻻﺗﺮﻛﻦ ﻋﻠﻰ ﺇﻳﺮﺍﻥ ﻳﻮﻣﺎً    ﻭﻻﺗﻮﻧﻲ ﺑﻠﻴﺮ ﺃﻭ ﺟﻮﻥ ﻛﻴﺮﻱﺃﺭﻯ ﺍﻟﻤﺨﻠﻮﻉ ﻓﻲ ﺍﻟﺘﻠﻔﺎﺯ ﻳﻬﺬ	0	0
RT @MuHammaDBakkar4: فيصل القاسم : لو الموضوع هو صراع لماذا لم تتجرأ روسيا وتتدخل في العراق أو ليبيا؟ تدخلت روسيا فقط في سوريا بضوء أخضر أ…	0	0
@_NOLE1 اسف .. اعدت القراءه مجددا .. لذلك عشان اكون اكثر وضوحا .. لا تكون حمار وتحط اسم فيدرر في تغريده وحده مع عدة جحلط هههههه	1	0
اسواء... هدنة..فرضها #كيري  تشهدها #تعز	0	0
أتمنى الكل يضيفني في #SuperMarioRun لئن صوت الاضافة يجيب السعادة مثل جمال صوت التروفيز في البلاستيشن	0	1
نموذج للعائلة الفلسطينية في #غزة #القسام_فخر_الأمة #قساميون #حماس #غزة #ماضون_فخراً https://t.co/cpcnSYdRYK	0	1
بالصور شركة جوجل تمنح أحد موظفيها إجازة أسبوع بعد رسالة مؤثرة من طفلتهhttps://t.co/7OHiJ7SzLQ	0	1
نتمنى لرئيس الوزراء الدكتور عصام شرف الشفاء العاجل كما نتمنى ألا يكون مرضه مرضا سياسيا	0	1
التحريض و خطاب الكراهية و المتاجرة بالدين ليست حرية رأي بل جريمة يدفع الوطن ثمنها في الشارع الآن هذه قنوات فتنة و ليست دينية	0	0
وكيل محافظة #شبوة يفتتح متنزه #شبوة_لاند#التحالف_العربي_سند_اليمن #جنود_التحالف_سند_لليمن https://t.co/S0x6FMLQ0r	0	1
بابا الازهر دعا لقتال معارضى الانقلابى وكشف جهله بالقرأن الى اقصى درجة تشعر بجهله فى حديثه عن الجزية اخر لخبطة	1	0
بوتن وبشاروحزب الات وخامني يهجرالشعب السوري عن وطنهم والمليشيات الشيعيةالارهابية تهجراهل المدن السنيةفي العراق انها… https://t.co/QI9WrzvPbQ	0	1
بس ممكن #العرص يموت وساعتها #حمدين_صباحي ينجح بالتزكية ساعتها حيكون له تلات معارضين #الاخوان و #الفلول و #مؤيدين_السيسى_بيعملوا_فولو_لبعض	1	0
_ يااااااه يا مالك بترد على حالة مر عليها 31 يوم؟! :) حالة الانقسام التي شهدتها القوى الديموقراطية هي التي أدت لذلك	0	0
@AvichayAdraee اتفاهموا مع اصحابكم جبهة النصرة وداعش يتوسطوا لكم عند حماس	0	0
عدم تشكيل حكومة #الحريري قبل عيد استقلال #لبنان، اول نكسة لعهد #ميشال_عون، طبعا المسؤول عن #النكسة الاولى هو #العهد نفسه.	0	0
RT @mh_awadi: #مصر في الأخبار :أغذية ملوثةأكل لحوم الحميرإعتقالات قسريةقتل بلا محاكمةحرب على الإسلامتحالف مع سفاحي #حلبطعن في ظهر #…	1	0
@UnicornMej @iRal_x ماعليك بسويلك جو بخليك بيونسيه العرب	0	1
دشت علي وحدة كورية تقول شن جق جون جوم بق بققق ترجمة غوغل تقول منو هايا من ياعرب منج لله يا شهد	0	0
صوت #فيروز  وهدوء الليل سحر ..وصوتها و #قهوة ☕ الصباح متعه 💖 حبيتك تنسيت النوم - فيروز by#SoundCloudhttps://t.co/VG13Xa37OL	0	1
"99: ""55: 123 4 #توكل_كرمان هذه عاقه لوالدها ويصفها بقليلة الأدب """	1	0
إوعي تفرطي في الدورارات اللي معاكيعشان نهضة خيرت الشاطر العظيمة هتمرمط الجنيه وملايين الدورارات هتأمن مستقبلك	1	0
أنا عمري ما ساندت ولا هساند الإخوان ده أنا قاطعت كل الإنتخابات عشان كانت متظبتالهم وما زلت ثابت على رأيي الإنتخابات اللي جاية لن أقاطع	0	0
"تحطم طائرة نقل عسكرية روسية من طراز ""إيل-18"" شمال #روسيا ومصرع 33 جندي كانوا على متنها اليوم https://t.co/29P33UHfD8"	0	0
مع اشراقة كل شمس نبدأ عملنا بروح نشيطة وهمة عالية ويد واحدة ونية متجددة أحلى صباح لأجمل متطوعين فى اعظم حملة	0	1
ﺷﺎﻳﻒ ﺍﻟﺒﺤﺮ ﺷﻮ ﻛﺒﻴﺮ؟ ... ﻛﺒﺮ ﺍﻟﺒﺤﺮ ﺑﺤﺒﻚﺷﺎﻳﻒ ﺍﻟﺴﻤﺎ ﺷﻮ ﺑﻌﻴﺪﺓ؟ ... ﺑﻌﺪ ﺍﻟﺴﻤﺎ ﺑﺤﺒﻚ#فيروز 🎁💝🎂#من_قلبي_سلام_لفيروز	0	1
صعبة آلنغم مآ يحنّ على غيآب آلوتر ..#اليسا https://t.co/I1GCOI9JmV	0	1
@elissakh #اليسا أختصرت جمال الكون كلوووو بـروعَة عيونـك ✨❤ https://t.co/80728eC1Bg	0	1
@RamyAyach  حبيبي انت احلى شي بهل دنيه ❤️😍 بحبك #رامي_عياش https://t.co/P47ivXLwqv	0	1
#الجيش_السوري بعد 5ستوات من الصمود امام واشكال الإرهاب  يستحق وقفة اجلال هنيئا ل #سوريا و #الشعب_السوري ستنتصرون ولو بعد حين	0	1
#الشعب_يرد_تحية_الرئيس #انتخبوا_العرص #مصر_الليلة #إنصاف_الاخوان #يمهل_ولا_يهمل #مرسى_رئيسى #اشتون_قاتله	0	0
مذبحة ميدان رابعه العدويه جريمه نكراء وسيحاسب الشعب المصري مرتكبيها #رابعه_العدويه	0	0
اشتقنا إليك يا اسطوره .#فيدرر #ShanghaiMasters https://t.co/fK9fBoFMhw	0	1
RT @ekoshak: بعد الدعم السعودي للأردن بالملايين، الأردن يشتري الغاز من اسرائيل بعقد لمدة ١٥ سنة رغم توفر الغاز في #السعودية وقطر https://t…	0	0
#حلب المحرقه والتهجير وهذا يذكرنا بما حصل للفلسطينيين فى 48 من الصهاينة تحت نظر واشراف بريطانيا وحلب تحت اشراف الروس والامريكان ومن قبل ايرا	0	0
أقذر أعلام في العالم هو أعلام السيسي حتى أنهم تمصخرو وأستهزئوا على الناس الي تموت في حلب #مليارات_العمره_علي_هوي_مصر	1	0
#اكسترا_تايم| سيف داوود نجم النادي المصري السابق : زيدان يقدم موسما رائعا مع ريال مدريد وليس صحيحا أنه يفوز بالحظ	0	1
اذا عارضت المرشد فانت عند الاخوان فلول او علماني عدو للدين الا يمكن ان يكون الانسان مسلما وثوريا ووطنيا ومعارضا لقرارات المرشد ممكن ؟	0	0
@Al_S_l_a_m قطر هي المسؤلة علي كل الدماء الليبية وسوف ياتي يوم تكون مسؤلة امام المجتمع الدولي علي ذلك	0	0
مشكلتنا مش مع ميشال عون، مشكلتنا مع الكلاب الجائعة للسلطة يللي عم تحوم حولو....#إذا_شي #بس_هيك	1	0
#موسكو لـ #واشنطن ردا على تهديدها جنرالات سوريين: كفى نفاقا!	1	0
RT @LahibBaniSakhar: وشو بالنسبة لمنكوبي #حلب ...ضحايا راهنوا عليكم وقوبل رهانهم بالخذلان والتجاهل وتركوا ليواجهوا قصف حليفكم بوتين ..عزل…	0	0
اي مكان بعيد عن البلد دي https://t.co/gch9i3xsQy	0	0
"يحيطك دائما بما يشغلك #فضيحة_المحلة #مرتضى_سما #ابله_فاهيتا الخ يتغير الزمن ولا يتغيرون يلهونك بقنابل الدخانليطبخ ""برواقه"" الله غالب"	0	0
RT @AbuAltahish6: @hrw_ar @aboaqil2010 امريكا هي راعية الارهاب .وتحالفها الدولي لضرب داعش انما هو لدعم داعش وكبيرتها السعودية العالم يعرف…	0	0
8ب وبعد عزل إجباري للرئيس المدني المنتخب كنت أتمنى أن لا يحدث باحترام الإخوان للجوهر الحقيقي للديمقراطية متمثلا في طلب الشعب التغيير	0	0
حكومة سهرة ليليه تتشكل في لبنان..المطرب من حزب الله والراقصه مسيحيه وجمهور السهره المسطول والمصفّق سني..والخادم درزي..وحارس المرقص ايراني!!	1	0
التطبيع احدي المحرمات الوطنية التي اتفقت عليها كل القوي الوطنية و لا يجوز لأي حزب أو جماعة إجازته تحت أي مبررات أو ذرائع	0	0
"ودا قمة السفه في الصحافة !! ""الفن بعد ثورة 23 يوليو وبعد ثورة 25 يناير #مصر #الثورة """	1	0
راسك برضو يا حوده #انتخبوا_العرص #فيفي_عبده	1	0
#بالتأكيد  #الشيعه_في_خطر بسبب اتباعهم #ملالي_إيران_إجرام_باسم_الإسلام #عاشوراء  #ياحسين  #يازهراء  #اليمن_الآن… https://t.co/sNlMYBt1b6	0	0
ليت كل مسيحيين مصر زيك #اللى_رافضين_السيسى_رئيس_بيعملوا_فولوا_لبعض #انتخبوا_العرص #مرسى_رئيسى #سيناء_خارج_التغطية …	1	0
اليوم عيد ميلاد #فيروز . 81متعها الله بالصحة	0	1
#عطنا_تغريده_مهايطيه ميريام فارس درست معاها في الضيعه في بيروت.الله ياهي ايااام ي جاسم كنا نكتب ع جدار المدرسه افكار ميريام والشر م ينام	0	1
فرنسا بأنهم ما يحبوا المسلمين وكذا ولما رحت ما حصلنا منهم غير كل حب واحترام🤔💞. https://t.co/DpriNNiujl	0	1
@iM07rb @Google قوقل يتعاطون زقمسوين حملة للتحسين ترجمة قوقل عشان النازحين السوريينوهنا حاطينه رئيس سوريا	0	1
#جنايات_المنيا : تصدر حكماً بإعدام 37 إرهابيا اخوانياً وبحبك 492 لمده 25 عاما في قضيه اعمال العنف بمطاي بعد عزل الرئيس الخائن #محمد_مرسي	0	0
بيتخيل نفسه ليه فورمة لازار وبيطير زي سوبر مان ولابس شميز بولو ع بوكسر اخضر وبليزر بترولي ولابس نضارة هاري بوتر الأ… https://t.co/U6TkQ2hwct	1	0
هل الإستفتاء في ظل إشراف قضائي منقوص وانفلات أمني واضح وما نراه من عنف وانتهاكات هو طريق الاستقرار أم عبث بأقدار البلاد؟ الحكم مسؤولية	1	0
@Abdulla_Ali991 @Roudaalraesi أعوذ بالله ولا  جستن بيبر 😂	0	0
تفعل في #بنغازي و يشتغل و يقتل و يرمي في الكناسة .... الهم صنعه النشطاء من السياقة للعدادات .. https://t.co/mxU1AvYABp	0	0
مرسي محبوس وخاين ومش هيرجع والتصالح مرفوض #السادة_المحترمون …	0	0
لسنا ضد من عارض مرسي بل لسنا ضد من دعم الانقلاب لكننا ضد من دعم القتل وفوض القاتل	0	0
تعرف على تواضع #النبي صلى الله عليه وسلم #كلام_جميييل #تدوين	0	1
هههههخخههههههه #انتخبوا_البرص #يا_رب	1	0
#فيفي_عبده_الام_المثالية اصلا صارت كلمة مثاليه الحين سبه عجبكم كذا طيب امشي يابن المثاليه ههههههههههههههههه زمن حسبي لله على رجاله	1	0
حتى الدور المشرف الذي لعبه الإخوان في حماية الميدان في موقعة الجمل لطخوه عندما قرروا أن يصنعوا موقعة جمل في كل حتة في مصر من أجل مرسي الكذاب	1	0
لا تثقل يومك بهموم غدك فقد لا تأتى هموم الغد و تكون قد حرمت نفسك من سرور يومك صباحكم سعادة و سرور :)	0	1
أن أكون وحيدًا معك، في نهاية اليوم،ألا أرى سواك، بينما المساء يمضيفقط ليؤكد قليلة هي المسرات،ومسرتي الوحيدة: أني وحيد معك.* بوب ديلان	0	1
ﺑﺘﻔﺮﺡ ﺍﻭﻯ ﻟﻤﺎ ﺗﺒﻘﻰ ﺍﻧﺖ ﺍﻟﺴﺒﺐ ﻓـ #ﺿﺤﻜﺔ ﺣﺪ ﺍﻧﺖ ﺑﺘﻌﺸﻘﻪ ! ^_^	0	1
: فيديو: الإخوان #كاذبون_بسم_الدين 	1	0
RT @News_ajell: لا فناء بدون امداد للسلاح.. فنحن اليوم نصنع الفرق#سوريا https://t.co/heRw2SAj58	0	1
@EGYPTAIR @amrmsalama الطيارة طلعت الساعة ٣٠'٨ ياشوية كدابين ولا في اهتمام ولا معلومات صحيحة الناس اتطرد من الفندق ومحدش قلهم حاجة	0	0
ميثاق الشرف الاعلامى الذى اتخذوه ذريعة لاغلاق الفراعين برئ من الانقلاب قتلوا الميثاق ويستشهدوا به	1	0
اخلاء سبيل قتلة الأربع بنات بتوع المنصورة، عجبا ! يفرج عن متهم في جريمة قتل بكفالة، ويعتقل غيره بدون جريرة	1	0
الثورة المصرية وحدت المصريين في نسيج واحد تكاتف المصريون جميعا لإسقاط النظام وحموا بعضهم بعض في ظل غياب امني كامل	0	1
ننعي الي الانسانية رمزا متألقا للنضال في سبيل الحرية والنهضة والكرامة الانسانية القائدوالمجاهدوالمفكر العربي احمد بن بيللا زعيم ثورة الجزائر	0	1
"رواد الاعمال قصص نجاح ملهمة ومحفزة ح03 - ""طقس العرب"".. ريادة... https://t.co/0godwvbqyx"	0	1
@ihe_94 @ya78m @amooo5 @badiajnikhar @Oukasafa @reoshalm @Mnory202 مساكين من الصبح و هوما رايحين راجعين عاى غوغل تعبت بدالهم ههههه ي	1	0
تمرير دستور كارثي تحت التهديد بحرب أهلية كأننا بنمضي عقد أو شهادة زور تحت تهديد السلاح شغل يليق بالعصابات	0	0
RT @iix20i: #شي_فخور_انك_ماسويتهانو ماحملت بوكيمون	0	1
من بارز الله بالمعاصي خاب وخسر دنيا وآخرة، وكفاه هذا الهاشتاج وفضائح معاونيه #انتخبوا_العرص	0	0
اللهم أستودعك أهلي وأحبتياللهم أستودعك بلادي #ليبيا وأهلها وشبابها اللهم أنعم علينا بالأمان والاستقرار وحسن المعيشة والتغيير للأفضل	0	1
مليون خزوق يفلقوه ده ال180الف توكيل زرايبي للعرص #مرسى_رئيسى #انتخبوا_العرص #الشعب_يرد_تحية_الرئيس #مصر #رابعة …	0	0
نهضة الغرور والأنانية يدعمها النفاق	0	0
#مليارات_العمره_علي_هوي_مصربحب مصر وشعبها وبكره السيسي وإسرائيل وهييهيا سـيـسـي يا خـايـن هيقـلـيك يـوم وتـنـدم وهييهلحن بصوت شعبولا 😜💃	1	0
تبااااااااااااااااااااا لك ياااااااااااااااااااا #مارك وأخير استطعت تغيير إسمي دعواتكم أصدقائي كي أتمكن من استرجاع إسمي الأول	0	0
القزاز: أخيراً الرئيس المصري القادم قد وصل! https://t.co/SnazjtlCij #احمد_شفيق #الرئيس #السيسي	0	1
#في_عالم_موازي اي خول من دول يتمسك فى الشارع يقلع ملط و يركب الحمار بلشقلوب و نزفه ف العشوائيات	1	0
"RT @RevolutionSyria: ومازال "" تحرير القدس"" يمر عبر تدمير سوريا وقتل السوريين والفلسطينيين بمساعدة أبو علي بوتين ..- مخيم خان الشيح ليلة أم…"	0	0
"صحيفة عاجل الإلكترونية/ ""الإيدز"" يهاجم مليون و200 ألف شخص في عام واحد #الإيدز #الأمم_المتحدة - - عبر نبض @NabdApp https://t.co/OFMGnoNE7E"	0	0
مصر رائدة التحولات الكبرى حسمت التحديات التي واجهت كل المنطقة كالغزو المغولي والبريطاني وستضع حداً للتيارالعلما…	0	1
بعد صدام الشرطة بالنيابة فى سوهاج شعار الانقلاب الجيش فوق الجميع والشعب مالوش لازمة	1	0
#كيري الهدنة  الي سواها لا تفرق عن سابقه ولد الشيخكلها مجرد  إعطاء العدوان وتحالفه الوقت لقتل اليمنيين #النصر_لليمن	0	0
==>  https://t.co/4PCVV96S7n #لحس  #تحرر #جنس #كس #زغب  # سوريا  #مسقط   #فلسطين #الرباط	1	0
شكرا لكل من جاوبنى	0	1
الحركة السياسية في مصر تأليف طارق البشري يكشف تواطوء قيادات الأخوان مع اسماعيل صدقي والملك فاروق ضد الحركة الوطنية اقرءوا قبل ان تشتمونا	1	0
مع انه تزوج وقاي  وفرحت لزواجه الا انو قلبي ينبض كل ما شفته ريكي مارتن حب الطفولة والمراهقة وحبي حالياً😢 https://t.co/GbS2k8Di9d	0	1
طب وامريكا اللي قالت ان اقمار التجسس بتاعتها شافت الطيران وهو بيضرب.. طب بوكيمون اللي قلقان نعمل معاه ايه https://t.co/t5EdUCh6Jr	1	0
زبيدة ثروت #مزز_ما_قبل_البلاستيك	1	0
الأرجنتين لا شي بدون ميسي 😎حتى لو فازت أداء غير مقنع ❌	0	0
ليون و واكا شكلهم عادي ساتوري يمكن تكون شخصيته رهيبة 🤔اما غوتشي شكله بثرررررر https://t.co/SZf0l4ewvj	1	0
#اليمن عاجل : الدفاعات الجوية تعترض صاروخ بالستي في مأرب: اعترضت دفاعات التحالف العربي صاروخا…… https://t.co/WXfmPZENW9	0	0
حلب دمار وخراب حلب تقتل وتذبح  😢 😢 😢 😢#الدعاء_الدعاء_لاهل_حلب#حلب_يالله_ليس_لهم_غيرك#ستبقي_حلب… https://t.co/HvLSPlZInU	0	0
- الجيش خائن - الجيش يشوه الرموز الإسلامية #يسقط_حكم_العسر…	1	0
#الببلاوى: اعتبار #الإخوان #جماعة_إرهابية قرار سياسى وليس قانونيا (لن تنقذ رقبتك مهما حاولت أيها المجرم فدماء الآلاف في رقبتك وشركائك)	1	0
"RT @ishawky_: الأرجنتين لا تساوي شىء بدون أحسن لاعب في المجرة ليونيل ميسي"""""	0	0
عندما خيروا الشاب السوري بين بنات جامعة البا اللبنانية وبين ريكي مارتن فاختار ريكي مارتن وقال مو ناقصني قرف	1	0
RT @AntikaKika: @nadinenjeim #نص_يوم_نادين_نجيم #نص_يوم  😭 ندوونتي عم تبكي😭😭😭😭 يارب الله ينتقم من جابر ههههههه من رمضان و انا بدعي عليه htt…	0	0
احمد الشيخ سجل 8 أهدافاللي يضحكك منهم 5 ضربات جزاءيعني حضرتك من غير ضربات الجزاء سجلت 3 وصنعت 2 في 8 مبارياتعايز تروح المنتخب علشان كده؟	1	0
#مصر_لن_تركع يا سيسي .. احلى من الشرف مافيشي ... 💃🏻💃🏻💃🏻💃🏻	1	0
طريقة عمل العاشورا هههههه ظهرلى كده ع جوجل #احمد_يونس_في_صاحبه_السعاده	1	0
بمناسبة عيد المولد النبوي الشريف أهنئ الامةالاسلامية وخاصة من يفرحون بذكرى ميلاد الحبيب محمد صلى الله عليه وسلم كل عام وانتم بخير وعز وشرف	0	1
نجران - تهنئة أبطال الجيش اليمني واللجان الشعبية من جبهة البقع بمناسبة ذكرى المولد النبوي الشريف https://t.co/bCduYsGQJi	0	1
#انشر للفائده عشبه الجنسينج من اكثر الاعشاب فائده في تقويه الذاكره وزياده الاستيعاب والحفظ والتركيز يفضل استخدامها للطلاب ك…	0	1
“الغيطي”: “إسرائيل لعبت بقبرص واليونان أثناء حكم مبارك.. وإحنا نايمين في العسل” https://t.co/idgccBQZ2Q	0	0
اهمال إدارة المرافق العامة بما يؤدي لقتل متوالِ للمصريين جريمة تستحق العقاب الجنائي افتقاد الرؤية وبرامج الإصلاح فشل يستحق العقاب السياسي	0	0
ملعونة الحياة بدونك 👌#مشتاق_اسمع_جمله#عادل_امام#كلمه_لحبيب_قلبك#حب_أعمى#ولسه_يامصر_هشوف_فيكي	0	0
#يسقط_حكم_العسكر #انزل_30_اغسطس #مصر_تنتفض_ضد_العسكر #مصر	0	0
إلى المتخاذلون و المتحولون :يقول مارتن لوثر عندما ينتهي كل شيء لن تذكر شيئا من كلمات أعدائك لكن صمت أصدقائك سيترك أثرا لن يزول	0	0
🚫 للتذكير فقط✅ اذا ركبتي معي تذكري!! انا ماني سواق على كفالتك ،،ترا عادي جداً انزلك عند اقرب رصيف 😔#اوبر#كريم	0	0
@3abdullahAl @Roudaalraesi لِ لحظة حسيتهم يركضون عشان بيونسيه 🙂🔥.	0	1
RT @awadhalabdan: تقسيم العراق أصبح أمرا واقعا والمسألة مسألة وقت حتى تبدأ الدول الممزقة من العراق برفع راياتها وارسال سفرائها	0	0
134 شهيد و3400معتقل قتل وتعذيب واعلان دستوري يجعل إرادة مرسي فوق القانون لكن اردوغان لم يعترض الا عندما خلع الشعب مرسي الاخوان ملة واحدة	0	0
واضح ان الناس اللي ساكنة في 6 اكتوبر بتروح مدارس وتشتغل في القاهرة والجيزة وده سبب كافي لزحمة رهيبة	0	0
عجبت لفصيل يدعي الاغلبية الكاسحة و يعكر صفوه برنامج اسبوعي لا يتعدى الساعةعايزين سلطة و معارضة تبقى معاهم	1	0
⬆ نشط في لبنان 🇱🇧⬆#لافروف#الغاء_الاتفاق_النوويآخر تحديث: 2016-12-06 13:25:23;سبحان الله العظيم عددخلقة ورضانفسه وزنة ومداد كلماته.حسبي ا…	0	1
@A_AbdAl3ziz @CleopatraPhVII @MustafaBaydoun @Nayefalthany1 @AlaaSamsung89 نسينا يوم الخسيسي يلحق اوباما وما سلم عليه مصر اكبر من الخسيسي	0	0
كلامي لم يتغير من يستغلون الإسلام سياسيا هم من صاروا أكثر كذبا و فحشا	0	0
@kasimf التضخيم ليس على حجم المنطقه الشرقيه التضخيم بان الدور اصبح على ادلب واصبحنا بين جناحين جناح حلب وجناح الساحل مطوقين من ٣ جهات	0	0
عدم عدالة توزيع الثروة في #الولايات_المتحدة أكبر مما هو حاصل في #فرنسا.https://t.co/MZYnJJwn4Sترجمة مختصرة 👇 https://t.co/zoTnflmFnr	0	0
النظام المجرم من خرج لعنده من مناطق حلب الشرقية  الان يلقى عليه القبض من افرعته الامنية والحبل على الجرار	0	0
تبقى بجد في كوكب القرود إذا إفتكرت إن شعبيتك تزيد بممارسة التسويف والقمع والتدليس والنفاق لتبجيل وتبرير ديكتاتورية فجَّة	1	0
أحلى تحدي شفته لـ #MannequinChallenge  https://t.co/F9mS3192n2	0	1
ويعمل برنامج سيسي شوووو 😂😂😂 https://t.co/gQE5pBtahb	1	0
#فودافون العباطه بين ايديك	1	0
من اغني دولة في افريقيا الي دولة فاشلة بعد دخول الناتو وايجيك واحد متحزلق مداير روحه مثقف اوقلك معمر جهلنا احا مل… https://t.co/UDFykwpIQX	0	0
RT @Arabi21News: البايس: مباراة كرة قدم في #عاشوراء تثير غضب محافظين #إيرانرابط الموقع الجديد:https://t.co/qYdtN4c87nhttps://t.co/lwqnun…	0	0
"قوات الأمن المصرية تقوم بضبط ""لاب توب"" يحوي أغاني مسيئة لـ""السيسي"" هذه ليست نكتةهذه حادثة حقيقية في مصر بعد …"	1	0
أوبر انضربت يا جدعان...على هذا الشركة أن تعيد حساباتها وفحص سائقيها فورا...#Ubar#اوبر https://t.co/YdnUfS4mAw	0	0
لازلت في محاربة جستن بيبر واي اغنيه تعجبني اشوف سومو اذا منزلها بصوته💓	0	1
RT @flakeo: عطوها وسام بوكيمون https://t.co/QifSENlzLB	1	0
فضلوا يبرروا بمعايير بيئية صارمة لاستخدام الفحم في مصانع الاسمنت وفي الآخر سمحوا باستخدام الفحم بدون موافقة البيئة #أوقفوا_الفحم	0	0
الذين يتسابقون لتلبيس مرشد الاخوان الحذاء عليهم ان يدركوا انهم يهدرون كرامتهم قبل ان يتحدثوا عن الثورة ما يفعله الشاطر بكم لن يفعله بنا	0	0
هل تنقرض #مهنة_الصيد_في_غزة بسبب تضييق #الاحتلال؟ #إسرائيلhttps://t.co/tZwd075pIM https://t.co/K29KBBBrMa	0	0
RT @almuharrmi: هيلاري كلنتون في تسريب لويكيليكس: السعودية صدرت أشد الإيديولوجيات تطرفا في العالم.. يبدو أن معاداة السعودية ستستمر طويلا في…	0	0
@AhmadRasoul العراق مجرد ميليشيات و عصابچية مو دولةفعلى اي اساس تحترما باقي الدول، يمكن يستخطونا اي بس يحترمو لا	1	0
RT @mustafakamilm: يتفنون في الكفر..وصول النبي نوح (حاشاه) إلى #كربلاء للتعزية بمصاب #الحسين بمناسبة #عاشوراء#العراق #الحشد_الشعبي #الس…	0	0
باااااااااااااااااطل ياولاد التيت :/ من مسيرة #المطرية #أنا_حازم #مرسي_رئيسي #ياخاين_ياسيسي #حتماً_سنعود	0	0
#ﺣﻤﺪﻳﻦ_ﻋﺎﻭﺯ_ﻳﺤﺎﻛﻢ_ﺍﺳﺪ_ﺍﻟﻌﺮﺏ برضو #سأنتخب_السيسى_و_مش_هنزل_لمستواك	0	0
الرياضة اليوم ذُعر في برشلونة بعد أنباء إصابة “سواريز” https://t.co/RwMEaO7KGD https://t.co/pImPvLPpOJ	0	0
العبيد فى اعلام العار لم ينطق بعد تصريح ايهاب رمزى ان الاقباط سيقاطعون انتخابات البرلمان ويصوتون لا للدستور اذا	1	0
شيء يشرح النفس، البُعد النظري للأمر أننا نكسر الصورة النمطية حول بعض الأقاويل بأن المجتمع يهتم للأكل أكثر من الثقافة #معرض_جدة_الدولي_للكتاب	0	1
أنا مثلى الأعلى #منخرع#عادل_إمام#فيلم_الإنسان_يعيش_مرة_واحدة 😂😂😂😂😂😂😂😂😂😂😂	0	1
إستمرار تخاذل المجتمع الدولي بعدم رفع الحظر الجوي عن مطار #صنعاء ، يضاعف من إعداد الوفيات لجرحى #مجزرة_القاعة_الكبرى#الحظر_الجوي_جريمة_حرب	0	0
معقوله شما تشبهه هاري بوتر 😂😂😂😂😂😂😂😂 https://t.co/DyehqPY4kf	1	0
#نادين_نسيب_نجيم بتستاهلي لانك فعلاافضل ممثلة لامانة انا بحبك وبحب ثمتيلك ❤ @nadinenjeim https://t.co/r7V9vETcOa	0	1
حتی بالانمي نشيت لنا هاللعبة 😂💔#جيمرز #بوكيمون_قو #جيمر https://t.co/MDY8IBbnHM	0	0
RT @yase10_elmasre1: #الاخوان_احفاد_مسيلمة ما زالوا يكذبون  خبر شركة #ارامكو من قبل موضوع التصويت يا كاذبون لن تستطيعوا زرع الفتن يا  #صخلا…	1	0
نفسي فيه و تفوو عليه ! #فيفي_عبده =))	1	0
عشرات الجنود الشهداء لم يجدوا وقت لدىمطران #بيروت ليقدس ذكراهماعلام #لبنان ليذكرهم بالاسماء#جبران_تويني  يستحق؟عبيد #المال و #السياسة	0	0
من النهارده هتبتدي كل الوساخات اللي كان نظام مبارك بيرددها عن هيكل تتردد على ألسنة الإخوان وأنصارهم للإنتقام من كلامه عن فشل مرسي وجماعته	1	0
حلمت اني اخت جستن بيبر والبنات يجتمعون عليه واصوره بسنابي😭😭😂	0	1
ﻛﻞ عام و انتم بخير تعرفوا علي مظاهر فرحه عيد الفطر المبارك من خلال البوم صور ﻟﻴﻮﻡ العيد من جميع انحاء العالم	0	1
واحد من عاهات برقه خانب من قوت الليبين 10 مليون يورو قال فليذهب الدولار الى الجحيم و الخلود للشهداء.#ليبيا #بنغازي #برقه	0	0
ماذا تفعل يا #فيدرر :Oحرام حرام و الله حرام :Pنقطة من النقاط التي يعجز اللسان عن وصفها <3 كوكب التنس نفتقدك :'( https://t.co/dPMsdX4s69	0	0
الدولة تلتزم بتيسير سبل التراحم والتضامن والتكافل حسن لو خاصم ليلي الدولة لازم تصالحهم علي بعض	0	1
نجمتي نانسي  وب أبتسامتك َ تَبتدِاءُ مَراسِمُ أَعيادِي❤#Christmas 🎄🎉🎄🎉❤@NancyAjram️ https://t.co/ItoTsBiSZ8	0	1
#Assad#Syria_Army#سوريا#لبنان#العراق#ايران#حزب_الله#زباله#الجيش_السوري العربي البعثي المقاوم العفلقي الممان… https://t.co/LvZP4oxCCl	0	1
ما يحدث الان في القدس عاااار علي المسلمين لكي الله يا قدس#القدس	0	0
متي تتيقن جميع الفصائل السوريةان المجتمع الدولي الصليبي وبعض الدول العربيةضدهم وضد ثورتهم وان ينطلقوا من هذا المبدأ لتحرير ارضهم ونبذ الفرقة	0	0
RT @emirates4you_ae: https://t.co/FSBTaYg5EXرئيس الفلبين يشتم باراك أوباما#الإمارات_بعيون_عربية https://t.co/mXakKuXgI8	1	0
@Elghannamm2 @hala_abdelwahab دة رئيس واجهة فقط #عمرو_اديب	1	0
يآجعل دربكَ تسآهيل والفُوز فآلك #النصر_الشباب #نصراوي_لاتكلمني	0	1
إلي المجلس العسكري ووزارة الداخلية : أوقفوا القتل وسفك الدماء فورا الدم المصري خط أحمر	0	0
كسم ابديت ويندوز 10 على سكشن 9	1	0
لصالح من يُلغى مشروع ( محور قناة السويس ) الذي كان من المقرر أن يرفد الخزينة المصرية بمائة مليار دولار سنويا ؟ الجواب…	0	0
من فضل الإسلام أنه كرم المرأة, وأكد إنسانيتها وأهليتها للتكليف والمسئولية والجزاء ودخول الجنة #	0	1
في #مثل_هذا_اليوم من عامين...الفنان رامي عياش: سعيد للتعاون مع الأمم المتحدة التي تفعل الكثير لكل العالم… https://t.co/CVT9tBrTua	0	1
وتصبحون ع حب وسلام 🕊💗 @nadinenjeim #نادين_نسيب_نجيم #في_بيتنا_ضيف#nadinenassibnjeim #nnn #star #actress https://t.co/DV6imKyuHh	0	1
#اصعب احساس # #لما يوحشك حد# #مات# #سو#	0	0
RT @ama4425: الشيخ عبدالعزيز الطريفي :عبدالفتاح السيسي ظالم مجرم مستبدانقلابه لم يكن سياسياً بين طرفينبل هي حربٌ على الإسلامhttps://t.c…	1	0
ولا لقين كراش ولا بوكيمون سعتك الاكل ممنوع ❎#الاكل_ولا_الكراش	1	0
ما ان تكتب حملة تمرد حتى تنهمر عليك شتائم الاخوان أعصابهم متعبة من تدفق التوقيعات لسحب الثقة من مرسي سوف تهزمكم الثورة التى خنتموها	1	0
يقولون والعهدة على الراوي أن استير بولونسكي لما سمعت بترشيح البلتاجي لرئاسة المخابرات نُقلت إلى المستشفى لإصابتها بشرخ في الحلق من فرط الشخر	1	0
عبر الناس داخل الكاتدرائية عن مشاعرهم بحرقة بعد قتل ابناءهم و بسبب التغطية الأعلامية الرسمية المخزية	0	0
بلطجة الإخوان والإعتداء على الإعلاميين بمحيط اكاديمية الشرطة #السادة_المحترمون	1	0
@Erzakuun @_itsYon خفي علينا يا بوكيمون قو	0	0
RT @FraihAlanzi: يا…أبا سعودليس نحن فقط مَن يبكيك في يوم وداعك الثقيل…يا…أبا سعودأهل #سوريا الذين خبروا مواقفكحزنهم أثقل وأمر…#فلاح_ا…	1	0
يا صاحب السمو إذا تحول #النائب_العام إلى خائن عام وأمن الدولة لمصنع للكذب فلا نتكلم عن دولة مؤسسات بل شلة عصابات والمستندات موجودة سموك	0	0
نعم ستظل #بنغازي قلب #ليبيا النابض شاء من شاء	0	1
يحق لك يالمولد تشوف ميسي بنص عين 😂 https://t.co/twDzpuZHQ3	1	0
@Hazem__Azim !!!!!!!!!! والله موقف سيسي مشرف متخليش كرهك لسيسيي يعمي عنك حقيقة مصر اخدت موقف سيادي ماذا دخل سعودية ؟ كل بلد حر في قراره	1	0
ضميري الدراسي مسوي #MannequinChallenge  من امس 🙂	0	0
البطل لا يُهزَم عندما يخسر، بل يُهزَم عندما ييأس ويُغادر لا تترك حلمك	0	1
RT @watan_usa: فيصل القاسم: بشار الأسد مستعد لبيع أمه كما باع الكيماوي كي يرضي الأمريكان https://t.co/eReudmEqG0 https://t.co/MNXmINJmwe	1	0
#ليبيا  #الرائد_اقتصاد ##ليبيا الواحة للنفط: إنتاجنا تجاوز أكثر من 75 ألف برميل يوميا … https://t.co/wOQC1ONGNr	0	1
@Bader_hilal @rslfi مسرحية سيد قطب نفس مسرحية صدام الإعلام الغربي بأشكاله يريد تثبيت صورة متلبسين الإسلام بصورة المخلص فلا تكن فريسة للغرب	0	0
الاعتداء على الثوار غير مقبول ويعبر عن سياسات تنتمى للعهد البائد نطلب محاسبة المسئولين عن جريمة أمس وسرعة الاستجابة لمطالب الثورة	0	0
كفاية سياسة بقي	0	0
#عيونها بتحكي #مأساة_شعب اجتمعت عليه قوى #الشر حينما طالب بالحرية.#فيتو #روسيا #الصين #سوريا #قاطعوا_روسيا_والصين… https://t.co/v8cvMP3brH	0	0
اقتراب اليمين المتطرف في الغرب من السلطة ربما يكون أحد أسبابه ردود  انفعالية سابقة مبالغ فيها لأحداث عابرة حدثت لها… https://t.co/UBJlc7hBKI	0	0
نوال ازايطب احلفي برحمة الزغبي انك نوال https://t.co/gE4zWBhwCE	0	0
@MemedAbdalla @Abdulkhaleq_UAE هل الإرهاب  أمريكا  وروسيا  وإيران  حلال	0	0
@RaedAitch شفيك خربان؟ صورة وحدة مفصخه مشيتها كيعوت مشيتها اما جستن بيبر لا لا😂😂	1	0
يارب قرّ عيني بكُل دعوه فاض بها قلبي 💙	0	1
قسم جبران تويني نقسم بالله العظيم، مسلمين ومسيحيين، ان نبقى موحدين، الى ابد الابدين، دفاعاً عن لبنانواليوم مصر و س… https://t.co/stLLCNZjdA	0	1
ڤالنتينو كيوت وناعم. الباقيين ما أخسر فيهم ريال قديم 😳تحديداً غوتشي ! ماهذا يا بيونسيه ؟ https://t.co/szjADT1gmR	0	0
زواج المطرب المشهور ريكي مارتنبرجل سوريهههههعفن الفنواهله https://t.co/1W5OHBI61L	1	0
RT @naji1290: #صنعاء لا تنزف #صنعاء تتبرع بالدم لأستعادة كرامة شعبها شاركونا #مجزرة_داعش_سعود_الكبرى https://t.co/5b0vTsD9TG	1	0
رسالة لكل أم من أمهات شباب وبنات صناع الحياة كل عام وأنتم بخير وشكراً لكم على تربيتكم لهؤلاء الشباب والبنات فهم	0	1
لماذا فشلت الجامعة العربية؟https://t.co/vAcdaoRzve https://t.co/U2l7k8pvgK	0	0
RT @nadia_almobark: مشاهير اليوناو هم ثالث أكبر وباء حصل في تاريخ الاسلام بعد داعش والأحزاب المذهبيّة المسلحة https://t.co/ywRSeVdk1i	1	0
المرأه شريك أساسي في مشروعنا للوطن يكفي ما تعرضت له من تمييز وإقصاء بسبب موروثات إجتماعية سيئة وفهم خاطئ للإسلام	0	1
RT @Moaaz_Aboshama: @A7medS69 بس كنت بهزر مع جوجل 😂😂	1	0
كيزاد أفضل منصة لتأسيس الأعمال في المنطقة  #الإمارات #بالعربي	0	1
جسدكِ : غيمةٌ ،جسدكِ : مطرٌ من الضوء ،جسدكِ : غابةٌ في قصيدة سحر ،جسدكِ : عطرٌ حيٌّ ،جسدكِ : صلاةٌ ،جسدكِ : موسيقى !#أحمد_الشيخ_علي	0	1
@binkfit هذه صورة لحلب الغربية بسبب احتلال حلب الشرقية من نظام الأسدخرجوا يحتفلوا بقتلنا	0	0
RT @HamidHadeed: أردوغان استخدم الفيس تايم وليس السكايب.. ثم لماذا لست ندا له؟؟؟ هذا اعتراف منك باستعلائه وإهانته لك، خير لك لو تحذفها كما…	0	0
عندما يسيل الحِبر دماً.... فالكتابة أصبحت بدعة في شرقنا، ويا للأسف.في ذكرى جبران تويني.	0	0
#ميدان | أرأيت تلك العيون الباكيةيبكون على مغادرتهم حلب ولسان حالهم وإنا على فراقك يا #حلب لمحزونون#عائدون… https://t.co/ZrpSw5T3qE	0	0
RT @s__alfarraj: ويقولون ليش نحب ونحترم أردوغانعندما تتحالف بعض الدول للإساءة للسعودية انظر مع من يقف أردوغان https://t.co/4h4zZgmhr6	0	1
عادة لا اعلن عن مواقفي السياسيةلكن كله الا الدستور في كلمة واحدة:مهزلةو لو وصلنا لمهزلة الاستفتاء حقول لا	1	0
الاصلاحيون فرحو ع سحل القذافي وشجعو الناتو والطائرات الاماراتيه والقطريه وهي تقصف قواته والان مايدرون عن الشعب الليبي اللي يعاني من داعش	0	0
خطاب مرسي بميدان التحرير كان موفقا وقسمه الرمزي ضروريا وتأكيده على أن الشعب مصدر السلطات وعلى الدولة المدنية الديمقراطية وحقوق المواطنة جيدا	0	1
من المعتقدان الكثيرمن #حكام_العرب لايتمنون عدم فوز #ترامب ليس لأن #هيلاري_كلنتون أفضل،وإنماهي يمكن تبتزهم وتمالئهم،لكن ترامب سيبتزهم ويفضحهم	0	0
كوز درة مشوي مكمورة في الغيط وعبد الحليم بيغني جانا الهوى #	0	1
الاخوان لا يحرقوا كنائس يا مروج الكذب	0	0
أوباما يدرس فرض عقوبات جديدة على سوريا: يدرس الرئيس الأميركي باراك أوباما عقوبات جديدة على سوريا يمكن أن تكون... https://t.co/dhgijPORJP	0	0
RT @nagwacnbc: اصبح واضح جدا انه تم ترشيح دونالد ترامب لانتخابات الرياسة الامريكية حتى تربح هيلاريهي ديه الديمقراطية: ما تتعبش الناخب وأعط…	0	0
اوعي تفكر تفكيرك خط احمر #كاريوكى	0	0
#فيتو :: #شاهد#الحلفاوي يحرج #عمرو_أديب بسبب ضربة جزاء الأهلي!شاهد من هنا:https://t.co/KrsX2774nS https://t.co/6dEe2UgetV	0	0
خبير اقتصادي..بدأ التعامل باليوان الصيني سينقذ مصر https://t.co/e9N5QxNqlr #اقتصاد #الصين	0	1
النمسا.. اليمين المتطرف يقر بهزيمته#الأردن_اليوم #الاردن #johttps://t.co/8qjIdQthob https://t.co/RLxdeG42aE	0	0
@wweddii اييي و توني اجيك امازون عندهم شغلات بعد 😍😍 ثانك يوو 😘	0	1
اسألوا #البرادعي عما فعله في #العراق #البرادعى_طلع_جاسوس #باسم_طلع_حرامي #تخابر	1	0
RT @aelmaadidi: كلام فارغ سمعناه الف مرة وخطوط اردوغان الحمراء اصبحت كقوس قزح يتغير لونها حسب اوامر امريكا وما احداث سوريا عليكم ببعيد. htt…	1	0
فخامة الرئيس العماد ميشال عون في رسالة الاستقلال:- للعيد نكهة خاصة هذا العام بعد ان اثمر نضالنا واثمرت دماء شهدائنا https://t.co/k8VDDBF0YF	0	1
راجعت الردود فوجدت المتزمتين دينيا هم الاكثر استعدادا للتطاول بالبذاءات انهم يخافون من النقاش حتى لا تهتز محفوظاتهم التى لم يفكروا فيها	1	0
#برنامجي_المفضل #3 #أوسكار	0	1
RT @saadhariri: ٢- يد ايران وحزب الله في تدمير مدن سوريا وفي دماء اكثر من ربع مليون سوري، لن يغطيها الصراخ.  وأصوات أطفال حلب ستظل تقض مضاج…	0	0
زعيم شعب البيادة 50% فى الثانوية وزعيم الشعب الحر دكتوراة من اكبر جامعات العالم	1	0
مع اعلام خالتى فرنسا يؤكدون ان فيديو سيسي المسرب مفبرك ثم يؤكدون (هم بشحمهم ولحمهم) ملاحقة من سرب الفيديو	1	0
للاسف يا ابطال #حلب الضرب في الميت حرام فهاهي #فلسطين اصبحت منسيه #حلب_تباد_بسكوت_العرب https://t.co/vNIJ6XhOlb	0	0
مساكين اللي ماعرفو الكيبوب فاتتهم فخامه ، خلوكم ع ون دايركشن و جستن بيبر 💔😂.	0	0
"""#SNL_بالعربي"" يقدم عرض ساخر يجمع #لميس_الحديدي و #عمرو_أديب على الهواء في برنامج واحدhttps://t.co/H5pODgUcbY"	0	0
RT @dotemirates: أسهم #تويتر تنخفض 20% بعد تراجع #غوغل و #ديزني عن الرغبة في شرائهhttps://t.co/1JXvKQ8cCI	0	0
ضبط حشيش مع #لاجئين سوريين بالمفرق #شاهد التفاصيل من هنا:	0	0
جووووووووول #زمااااااااالك #دومينيك	0	1
الحمد لله حققنا مستهدف حملة ال21 يوم لمحو الأمية شكرا لشباب صناع الحياة و لكل شركاء الحملة يا رب أعنا على	0	1
RT @heekmh: قيل لأعرابي : أتحسن أن تدعو ربك ؟فقال : نعم ، قيل : فادع، ،فقال :اللهم أعطيتنا الإسلام من غير أن نسألك ،فلا تحرمنا الجنة ونح…	0	1
في عامها الـ٨١ تلك السيدة العظيمة ذات الصوت الملائكي، التي هي من روح الشعب خمرٌ وياسمين.. لـ«#فيروز» من قلبي سلامٌ… https://t.co/lw4dfKUkul	0	1
Happy birthday  peter 🎂🎂🎂🎂🎂ليش المسلسل أخد أصداء سلبية خاصة على أداء الفنان رامي عياش مقارنة بتمثيل حضرتك؟  #AskFaresBeik@petersemaan	1	0
@nourat_ أنا أتوقع ترامب وودي يكون ترامب خلاص ماعاد لأمريكا أي هيبة في ظل حكم أوباما او الحزب الديمقراطي محتاجين نشوف أكشن جديد 🙃😂	0	0
بيان الجيش واضح ولا مجال للحديث عن انقلاب عسكري إلا من كذابي الإخوانمرسي استهان بشعبه وقرر أن يكون رئيسا لعشيرته فقط فأسقطه الشعب	0	0
@Sw6PQNJ1lidhlUR 😂😂😂😂😂😂ماشي شي جديد غوتشي غوتشي	0	1
عمره مقبوله يا حج  #أحمد_شفيق	0	1
RT @yousif_alfadli: الكويتيين امس يدورون بوكيمون اليوم كلهم سياسيين ماشاءلله	1	0
الوزير #كيري: لا يمكن لاقتصاد أو لدولة أن تتقدم، إذا كان نصف شعبها مهمش. حينما تشارك المرأة في مجتمعها يكون أكثر اس… https://t.co/CwNCRmdwfZ	0	1
@Alito_NBA ياخي وقح	1	0
#day #to #remember #christmas #spirit @otvlebanon اليوم حسيت بمعنى العيد الحقيقي و غنيت بكل حب و بكل فخر واعتزاز... https://t.co/ydI3oC27cC	0	1
غوتشي فلورا الأسود فخم  💕💕💕💕 https://t.co/PPbGl9BVgF	0	1
#محمد_مرسي بميدان #رابعة_العدوية وقت الحملة الإنتخابية هل يستطيع السيسي أن يخرج من مخبأه لترويج لحملته؟ #غرد_بصور …	0	0
@nsd43620الاعلام الغربي تسلط علينا منهم من هو متعاطف ومنهم من يستغل الوضع للتشويهلكن ارجع واقوللو اعطيتها حقها سوف يخرسونوانتهىفهمت اخي	0	0
وش دونالد ترامب من الآخر شكله عامل زي وش إبراهيم الأبيض في أول مشهد خناقة في الفيلم... انا فعلا مش عارف هيحصل ايه بجد...	1	0
ﻭﻓﺄﻯ ﻣﻜﺎﻥ ﻭ ﻓﺄﻯ ﺯﻣﺎﻥ ﺑﻘﻮﻟﻬﺎ ﻟﻴﻚ ﻭ ﺑﺎﻋﻠﻰ ﺻﻮﺕ ﻏﻴﺮﻙ ﻣﻠﻴﺶ ﻋﺸﺎﻥ ﺍﻋﻴﺶ #ﺍﻻﻫﻠﻰ فى قلبى ﻟﺤﺪ ما #أموووووت	0	1
#بنغازي ياريتني متت ياريتني كنت معاهمياريت نتوسد قبرينفتك من الحياة بدري بدري ياريت في #التفجير  اطرطشن  اشلائي وانتهى التفكير 1/2	0	0
وصل الإفلاس بالإخوان إلى حد فبركة تصريحات على لسان المفكر الأمريكي ناعوم تشومسكي تبرر تخبط قرارات رئيسهم لكنهم إتفضحوا فضيحة المتطاهر	1	0
RT @aml_mostafaaa: ضيوف الابراشي السنه والشيعه الاتنين عار علي الاسلام منتهي الكره لبعض واصوات عاليه وهمجيه الست اتصلت الشيخ كان بيشرشح لها…	1	0
رحم الله الحاضر الغائب أيقونة النضال الفلسطينى محمود درويش ، تحية ودعاء فى ذكراه	0	1
بالمناسبة , صدفة بحتة ان يتم التفجير المزعوم بعد دقائق من وصول وفد امريكي من الكونجرس لبحث الاوضاع في #مصر …	0	0
اصلن هني غايرانين من ريكي مارتن خطب سوري وهني عنسوا #طقو_موتو #لن_يتزوجك	0	0
RT @yz26FtZNIY2MNVH: الداعشي أوردوگان # قادمون لنسحق رأسك كما سحقنا رأس داعش وآل سعود والأرض تشهد للرجال  وليس عن طريق # سكايب # https://t.…	1	0
نحن نمر بأحداث بعضها يدعو للجنون جهادك الحقيقي أن تحتفظ بقلب مشتعل و عقل بارد	0	0
احمد شفيق مقدمة ضده 35 بلاغا إهدار مال عام وفساد منذ عام وقد حماه العسكر من التحقيق هل رأيتم مرشح للرئاسة متهم بهذا العدد من الجرائم	1	0
@tf_77x يمدحون غوغل يقولون مايخش شي	0	1
سيسقط سيسي عندم يدرك العبد ان لايوجد شئ يخاف ان يخسرهسيضحي بحياته ليس للنجاه لكن لكي يسقط مسببالكارثه معه في القاعسينسي معناته ويتلذذ بذلك	0	0
أثق في رؤيةأحمد سعيد وأعلم التزامه بمبادئه وأنا معجب بتصريحه أن الحزب يستطيع أن يكون حزب الأغلبيةوأتمنى فوزه في الانتخابات لتحقيق تلك الرؤية	0	1
RT @71sh: اللهم تقبل منا صيامنا وخالص دعائنا وأجعلنا من عبادك الصالحين .#اليوم_الثلاثاء #يوم_عاشوراء #العراق https://t.co/iRDi3fuNv8	0	1
كلما كرر حزب النور افعاله الوضيعة كلما تذكرت الفعلة الحقيرة لممثلهم البرلمانى البلكيمى	0	0
ذو العقل يشقى في النعيم بعقلة و أخو الجهالة في الشقاوة ينعم #أروع_أبيات_الشعر_العربي	0	0
RT @FCBW_A7: إيمري كولاك (ديبورتيفو) : أردا توران مثل أخي و هو قدوة بالنسبة لي ، ميسي الأفضل و انا مُعجب به كثيراً	0	1
"بحاول من يومين احجز عن طريق الويب سايت بتاعكم وفيه مشكلة تقنية ""كالعادة"" @EGYPTAIR"	0	0
@Lionel__FCB ياخي ترا نفس سالفة ميسي مع ذا المنتخب ، وش ذنب المدرب إذا اللاعبين زلايب ؟؟؟!!	1	0
@hshzjwbzjqjsbz1 @km22next @ahmedlahou @iSomali_s @mrfahad555 يابن الحلال افتح اليوتيوب وانظر اليهم دينهم والله ماهو دين الاسلام	0	0
مرشحان أفضلهما سيئ!: سالم مشكور /خرجت مرشحة الرئاسة الاميركية هيلاري كلنتون متفوقة على منافسها دونالد ترامب ... https://t.co/AHZri1fC7f	1	0
هدى عبد الناصر تدعو الى انتخاب احمد شفيق في مقال بالأهرام يا دكتورة هدى الا ترين الدماء على يد مرشحك ما ابعدك عن مباديء أبيك يا خسارة	1	0
@7aba7ob هل انتشار او حتى وجود من يحمل قيم اليمين العنصري المتطرف شي جيد بالمجتمع؟ لا اعتقد.	0	0
فى حكم مرسي حظت مصر باحترام عالمى فى الانقلاب تحول العالم لعزلتها اعلامنا:مرسي اساء لمكانة مصر	0	0
@MuhammadRaine @SwordofBlossom آندي بيرساك مشهور بس مو مطبل نفس جستن بيبر والطقة ذيك	0	0
اطهر رئيس وزراء فى تاريخنا التحفظ على اموال هشام قنديل دون اى تهمة بكره تشوفو مصر	1	0
#حاجة_تستاهل_الحمد كل حاجه ف حياتنا اكيد !!!	0	1
@malak_alhusaini تكفين ملاك فرحيني من زمان اتابع سناباتك ولا كتب ربي انو افوز ب ايفون 7 ففرحيني من اي شي عندك الله يسعدك يارب ام سفانا ☹️💜	0	1
88 أعترض على الطريقة والمضمون والتوقيت لا يجوز إصدار مبادئ دستورية ملزمة بدون استفتاء الشعب أصلاً	0	0
أجور العمال في شركات الأسمنت أقل من تكلفة ورق شكائر الأسمنت #أوقفوا_الفحم	1	0
انظروا هذا الصحافي براد هوف و جشوا يقول : يجب على الاعلام  الغربي ان يركز على على هذه الخمارة للشاذين في دمشق ليرى… https://t.co/GNCQxYKPU1	0	0
للمرة الأولى ميريام فارس تنشر فيديو لطفلها جايدن وتنهال عليها التعليقات...وشاهد زوجها الوسيم وصور زفافها... https://t.co/A110FgzmeU	0	1
الهيئه الخيرية الاسلاميه :مرزوق علي الغانم يتكفل بنقل عشرات الالاف من النازحين السوريين من حلب الى المناطق الامنه مع توفير كل احتياجاتهم ،.	0	1
": #تركيا كبير القضاة يتهم #أردوغان بـ ""فساد الضمير"" ويتعهد صون كرامة الأتراك وحرياتهم "	0	0
في الذكرى العاشرة لاستشهاد النائب والصحافي جبران تويني #الحريري : نفتقد الجرأة في القول والكلمة القاطعة بحد الصدق”… https://t.co/6ewJICG8Aj	0	0
وأرى جمالكِ فوق كل جميلةٍوجمال وجهكِ يخطفُ الأبصارَا .❤@nadinenjeim #نادين_نسيب_نجيم https://t.co/RsMtPg2WCs	0	1
#مصر | #التحرير | فيديو.. ارتباك بشار الأسد من سؤال مذيع دنماركي: أنت سبب دمار سوريا لماذا لا ترحل؟! https://t.co/kE7hF5xo2s #جبهة_شعب_مصر	0	0
@Alitti_Aljadeed   قد يكون اغلبهم من السوريين النازحين 💔 ماينلامون اهلهم يموتون جعل الموت لبشار واعوانه	0	0
مرة جماعة اتبهدلت من عبد الناصر جم عملوا إيه بالظبط #تاتاراراتتت	1	0
مساء النور حبيب القلب #رامي_عياش  #أمير_الليل @RamyAyach	0	1
"RT @TMZinArabic: هيلاري كلينتون: ""من الجيد أن شخص بمزاج دونالد ترامب ليس مسؤولاً عن القانون في بلدنا.""ترامب: ""لأنك سوف تكونين في السجن."" h…"	1	0
لك منا كل احترام وتقدير يا اخلص وانظف وانقي رئيس وزراء في مصردهشام قنديل #اعتذروا_لهشام_قنديل #مرسي_رئيسي #انتخبوا_العرص #انصاف_الاخوان	1	1
قرارات مرسي إهانة للذات الشعبية والقضائية من اجل الذات الإخوانية	0	0
@malak_alhusaini  يارب يكون لي نصيب معك ايفون يا ملاك والله حلم حلم الله يسعدك	0	1
@alexi0i لذلك أقول لك ما يثار في الاعلام الغربي من تهويل وتضخيم له مقاصد لتحريك الرأي العام .. المواقف الحقيقية لا تصل للصحف ابدا	0	0
عندما يحكم الخروفالحالة العصبية البائسة لبعض أنصار مرسي جعلتهم يحتجون على المقال قبل أن يكملوا قراءته للآخر	1	0
من الفضاوه والملل ناطرين مناظره هيلاري كلنتون مع ديشامب. ماكوووو شغل	1	0
حملت جستن بيبر كي اشعر بالسعاده😭😭😭😭😂😂 https://t.co/e6b2TNcpsT	0	1
#الأمم_المتحدة بصمتهاالمخزي تعتبر شريك مباشر لمجازر العدوان السعودي الأمريكي #Airstrikes_Bomb_Yemen_Funeral https://t.co/tfgPr22Pe5	1	0
ومن غير #الرئيس_ميشال_عون يستأهل ذلك في وجه الفساد والحراميي  #جهزوا_سواعدكم https://t.co/rf0Cb7QLuV	0	0
في تويتر كن مانديلا والواتس دونالد ترامب والسناب مريم حسين أهم شيء راحتك.	0	0
ابتسم فلتلك البسمة الصغيرة أثر كبير في إسعاد قلوب اﻵخرين	0	1
احمد الشيخ مظبطنى فى الفنتازى والله 😀	0	1
صورة وشهادة الزميلة داليا رضوان عن واقعة الإعتداء عليها من قبل الداخلية بسبب دبوس عليه 6 ابريل #الداخلية_بلطجية	1	0
#لبناني_يقيم_دوره_مكياج_بالرياضمانكبنى غير براطم نوال الزغبيونهود اليساومؤخرة هيفاء وهبيقلنالكم كله نفخ وهوابس😉😉 يازين نفخهم يلطش	1	0
يينكسر ملاذ الصواريخ علي اصابعنا كالفخار 🙌🏻 #قروب_فلسطيني #فلسطين	0	1
نزلنا نأييدك ومفيش حاجة اتغيرت وبقينا مسخة للعالم …	1	0
RT @azizmousaa: عجبا لمن خرج على فساد مبارك ويمتنع عن الخروج على القتل والاعتقال والفساد والتقشف والكساد والتردى#ثورو #سيسي_تاني_لا	0	0
لله الحمد تجوزنا 5000 محب و متابع لصفحة #الأقصى متى نصل لـ 10 آلاف محب ومتابع ؟؟ #تغريدات_الدكتور_عوض_القرني	0	1
فجاة حبيت السياسة و مجلس الشعب	0	1
مقطع مؤثر جدا عن عملية هروب المدنيين في أحياء #حلب_الشرقية من سيطرة الإرهابيين ولجوئهم الى #الجيش_السوري و… https://t.co/X6tMBSK1xb	0	0
"RT @raedsyrian002: #التغطية_مستمرة هيلاري كلينتون تسرق شعار حملة الأنتخابية للرئيس السوري بشار اﻷسد ""سوا"" يا حيف https://t.co/CLcDGwQtYx"	1	0
الفرق بين المرشحين هيلاري كلنتون وترامب ١-هيلا كلنتون 👈🏻عدوا مخفي ٢-ترامب👈🏻عدوا واضح	0	0
#مرتضى_منصور و #السيسي 3 #فلول و #عسكر 3 :) :	0	0
"RT @Musa_al3azmi: قال أنس بن مالك رضي الله عنه :"" ما سُئل رسول الله ﷺ على الإسلام شيئاً إلا أعطاه "".رواه البخاري#اللؤلؤ_المكنون"	0	1
العالم لا يملك ترف إهمال مصر أو التدخل بفجاجة في الشأن المصري #السادة_المحترمون	1	0
كانوا رجال #مرسى_رئيسى #كانوا_رجال #الشعب_يرد_تحية_الرئيس #أنا_حازم #سنحيا_كراما	0	1
RT @AboShla5Libraly: ايديكم شفناها ارتفعت لتأييد القرار الروسي لقتل أطفال حلب يا سفلة.. وشدة الودن لسا حتشوفها @Youssefalhosiny https://t.c…	1	0
RT @saadalbreik: جاستا#مارتن ويلز خبير انتاج الأفلام في تزوير مقاطع الإرهاب  ويكشف أسرار مهمته للصنداي تايمزUSAوخدمة داعش برعاية https://…	0	0
#افضل_طقم_لروجر_فيدرر نهائي الماسترز 2012 للاسف ماعندي صوره 😬	0	0
توكل كرمان تهدد روسيا بشن حرب عليها من وارسوا لتعلن تضامنها مع حلبمن يفهم القحيبه أن بلدها يضرب ليل نهار والمواطنين يموتون جوعا بسبب الحصار	1	0
RT @TheBaghdadPost: #نزار_السامرائي: مرتزقة #إيران القتلة في #سوريا و #العراق و #اليمن ليسوا أسرى حربhttps://t.co/f8ZNBcDWau#بغداد_بوست h…	1	0
فيدرر روديك ويمبلي ٢٠٠٩ #افضل_مباراة_تنس_شاهدتها	0	1
بعد توقف الإمدادات البترولية.. إعلاميو «السيسي»: السعودية سبب أزمة سوريافي حالة الحجب: https://t.co/yTP8ktsJbXhttps://t.co/t7HLf2dpFW	0	0
مِـجَ ـلَة 🎅🎄™ 󾠮󾠰 #Magazine13Arab الذهبيه#نوال_الزغبي @NawalElZoghbi بسحر جمالها الذهبي في اطلالتها اليوم… https://t.co/Xi4cQkfM8z	0	1
لا أبدا أنا مسرور من كلامك	0	1
هذا الجدار ليس في الضفة الغربية، بل لحصار الفلسطينيين في #مخيم_عين_الحلوة لماذا كل هذا العار؟#فلسطين #لبنان… https://t.co/VL2LYiLedw	0	0
صح وعارف انه لا بكاء على دم الارهابي اومن يمارس عملا عدائيا تجاه الوطن او اقترف عملا من اعمال العدو ومصريتنا ليس رقم قومي وحسب	0	0
#ماذا_لو_المدارس_مختلطهعزيزي المعلم لاتتهاون برصد ومحاسبة الطالب على أي شي مخالف للوائح السلوك والمواظبة..تطبيقها يجعل البيئة المدرسة👍👍👍	0	1
RT @HamdanHrb: ابك يولد هاري بوتر فلم للورعان شجرة تمشي وضفدع يتكلم ميخييييس https://t.co/0aYQBBGj9F	1	0
"# أنصار مرسي يحرقون محكمة ومتحف ""ملوي"" بالمنيا وأعمال سلب ونهب واسعة بالمدينة"	0	0
#الفيفا_هلالي الامم المتحده هلاليه، الاسيوي (الذي تفل ع الاتحاد) هلالي، الجامعة العربية هلالية، والشعب كله يردد عشان سلمان #الهلال	1	0
RT @BassamJaara: الطائرات الروسية تحرق الاخضر واليابس والجنود الروس يسرحون ويمرحون  في شوارع حلب المحتلة ومدن اخرى لأنهم يشعرون بالامان!!	0	0
أرفض الدستور الذي ينص على محاكمة المدنيين عسكرياً	0	0
أهل فلسطين وانجازاتهم العظيمة تتحدى جميع الدول .. #قروب_فلسطيني#فلسطيني_مبدع#فلسطين https://t.co/Jm8xgn0I4E	0	1
العب بولنج ببلاش فقط بمولد سيدك السيسي = جانب من فعالية المولد لطلاب ضد الانقلاب جامعة حلوان #انتخبوا_البرص #كوهين_مصر	1	0
عاجل#القدس قوات الاحتلال تقتحم حي عين اللوزة في بلدة سلوان جنوب المسجد #الأقصى#وتبقى_مآذن_القدس	0	0
تكرر #روسيا جرائمها بحق العرب والمسلمين ، وها هي ترفع يدها الملطخة بالدماء مع #الصين ضد قرار لإيقاف نزيف الدماء في #حلب #حلب_تحت_النار	0	0
المجلس العسكري يعيد إنتاج مصطلحات صفوت الشريف وأنس الفقي من جديد وكأن المطلوب تكميم الأفواه #	0	0
#المجد_للمبتسمين #المجد_للمبتسمين_صباحا	0	1
فيدرر vs نوفاك رولان 2011فيدرر vs مورى ويمبلدون 2012 #افضل_مباراة_تنس_شاهدتها	0	1
الحضيف الجبان يرتوت لتغريدة يتهم فيها الملك عبدالله بالإرهاب ثم يقوم بحذفها !! #رتويت #الارهاب	1	0
أخشى أن الضرر و الدمار الناتج من طريقة و أسلوب إدارة البلاد منذ الثورة حتى الآن لن يمكن إصلاحه !	0	0
@malak_alhusaini انا محتاج ايفون بس ي ملاك ليش حظي نحس كذا):	0	0
ﻣﻠﻜﺔ ﺟﻤﺎﻝ ﻓﺮﻧﺴﺎ ﻟﺴﻨﺔ ٢٠١٧ 💕.ﺷﻜﻠﻬﺎ ﻃﺒﻴﻌﻲ ﻭﻏﻴﺮ ﻣﺼﻄﻨﻊ ، ﻭﻏﻴﺮ ﻣٌﻜﺮﺭ ﺍﻟﻌﻴﻮﻥ ﺍﻟﻤﻠﻮﻧﺔ ﻭﺍﻟﺸﻌﺮ ﺍﻷﺷﻘﺮ ﻭﺑﺸﺮﺓ ﺑﻴﻀﺎﺀ، ﻓﻌﻼً... https://t.co/WRvVQZF5Nl	0	1
الفنانه ميريام فارس ورقص المثير https://t.co/gBbvOEHLv1	0	0
RT @whatsapp_5: ميسي : مبروك يا صديقي والى اللقاء في روسيا https://t.co/RDdeybNAIE	0	1
@shfinews @shfinews خلو ولد عمكم #كيري  يتوسطيا حثالة اليمن نحن من يقرر صنعاء خلاص مصيره وليس مخيره	1	0
_2441 20140 __ لا مرحبا بالخرفان #سأنتخب_السيسى_و_مش_هنزل_لمستواك	1	0
#كاسترو يجمعنا	0	1
RT @MohamadAlarefe: ما يقع في #سوريا عموماً وفي #حلب خاصة هو كارثة عظمىقتلٌ وسحقٌ وهدمٌ وقهرٌ.اللهم اجمع كلمة المسلمين، وكن معهم مؤيداً…	0	0
ههههههههههههههههههههههههههههههههههههههههههههههههههههههههههههههههههههههههلا بس اضحك ع الي يقول ديبالا خليفة ميسي	1	0
‎#‏ ‎# ‏ مؤتمر ناجح لحزب الوسط بالسويس وكلمة عصام سلطان التي قاطعها الحضور بالتصفيق عدة مرات	0	1
الأمير الوالد: مواقف #كاسترو تاريخية في مساندة القضايا العربية. #الدوحة #قطر #كوبا #فيدل_كاسترو… https://t.co/Q9djaBzSCN	0	1
@Alsamhouri نهاية العلم بأهل السنه تكون لهذا! الذي لا يعرف إلا الأخذ بأبشع المنتسبين للسلفيه !!مثل الحكم على أهل الإسلام بأفعال الخوارج!! 📓	0	0
هدف الإرهابيين أعداء مصر   الخونة #الاخوان_المسلمين وفي #حماس و #سيناء أن تحتل اسرائيل #مصر بيوسعوا لإسرائيل... https://t.co/TDOepBNu66	0	0
RT @mujtahedalsiasi: يا سيسي دي مصرتحالف مع محيطك العربي العراقي السوري الجزائري اليمني اللبناني والدولي الروسي الصيني الإيراني واعطي آل سع…	0	0
دراما رمضان المصرية.. الكباريه الكبير 	1	0
#ستبقى_حلب من غزه ومن قلب مهرجان انطلاقة حماس لبيك يا حلب https://t.co/VFrqobJkqI	0	1
مجلس عسكري و حكومة غير قادرين علي حماية مرشح رئاسي بارز، ناهيك عن توفير الأمن في البلاد، هما المشكلة و ليس الحل	1	0
في ناس واقفة بشوم عند الشوارع المؤدية للتحرير بتوقف الناس بشكل عشوائي وقفوا العربية ال قدامي واتجمهروا عليها بدون داع …	0	0
يعني اخوان لوط ناس طاهرة؟	0	0
الاستاذه ميريام فارس ليها اغاني حلوه فشخ مش واخده حقها	0	1
ميتين ام الناموس على اللى متعاطف معاه #ارحل	0	0
📍 عاجل وهام جداً طريقة نصب وحتيال وتوريط جديده #الرياض #جده #الدمام #القصيم #كريم #اوبر #ايزي_تكسي #السعودية https://t.co/afb8ONKIGg	0	0
التقى الطفل بابا نويل وتلقى هدية... كانت أمنيته الأخيرة قبل المأساة!  https://t.co/ikGuG9X5tU #Christmas https://t.co/ciMMlRk15a	0	0
راحت عليك يا #أردوغان .. روح العب غيرها#العراق_تركيا#العباديالعراق#جون_كيربي #داعش #التحالف_الدولي https://t.co/P5KWSRqqoU	1	0
حقيقة الخميني#كلمه_للناس_البارده#مصر #السعوديه #الامارات #سوريا #العراق #اليمنhttps://t.co/hKuvNnDjNI	0	0
لم تفضح الحملات الصليبية على #حلب القانون الدولى والدول الخمس و #الأمم_المتحدة فقط بل فضحت حكام العرب المنافقين الخونة#حلب_تباد_بسكوت_العرب	1	0
__ حاضر حنسكت و مش حنقربله بنقد او سخرية عشان هو الاغلبيةحاكون امعة و امشي مع الرايجة حاضر	1	0
يونيسيف: موت 69 مليون طفل قبل 2030 https://t.co/VozkI1s04X #القدس #حلب #uae	0	0
RT @pturbos: #أردوغان في طريقه الى التفوق على #إنقلاب #أوفرين سنة #١٩٨٠بعدد المقبوض عليهم و المحاكمات... https://t.co/WsxG2CgXjE	0	0
انا من الشرفاء المعملوش ال #MannequinChallenge https://t.co/7zik3FkjRg	0	1
طبيبٌ يداوي الناس وهو عليل قصة مأخوذة من صميم الحياة المصرية إذا صح إعتبارها حياة	0	0
دول بقا المغضوب عليهم والضالين بتفسير الشيخ الشعراوى رحمه الله . رغم أنف المتأسلمين#ستبقى_حلب https://t.co/QjdTw42iDt	0	0
@dareendaw فرصتهم كبيرة انهم يعيشوا في ظل ديكتاتور يعرفوه ولا يجربوا نار التنظيمات الارهابية زي جبهة النصرة	1	0
إستمرار الحراك الطلابي بـ #جامعة_المنصورة #مفيش_عساكر_يحكمونا	0	0
@nba_eng لا اتفق معك، أدمز ممتاز	0	1
1 وصلتنى رسالة من مشجع كروى الى طاهر ابو زيد: كنت لاعب متميز وللأسف ضيعت كل ذلك بولاءك للأنقلابيين بل أصبحت من قادة الانقلاب	0	0
#حقوق_الإنسان لدى #الولايات_المتحدة ثم ينتقدون #دول_العالم_الثالث كما يزعمونhttps://t.co/tf4RKhqEwg	0	0
عيد ميلاد الغالية النهاردة دا يوم خير ان شاء الله #فيروز ❤️	0	1
RT @A822822A: ولأول مره  يتم تنزيل مقطع في حسابي لم أفهمه..!! أعتذر لكم ..!!طقوس الشيطان بلاحدود♦️#العراق #بغداد #البصره   https://t.co/S…	0	0
ترحيب أوروبي بهزيمة اليمين المتطرف في النمسا https://t.co/X2BQtsius7	0	1
«#مهرجان_القاهرة_السينمائي» يتبرأ من مؤخرة #سما_المصري https://t.co/KlsYVha4T6	1	0
@kwabil ايضاًنعم ..لكن الاعلام الغربي هوسيّدالموقف في التشويه والتحسين بينما الاعلام العربي في التشويه فقط وعن غير قصد!!.	1	0
#lebanon  باسيل: لبنان بدأ بالخروج من نفق مظلم  https://t.co/3KuUOv0ior	0	1
بعد إسقاط الجامعة العربية لعضوية سوريا وخيانة دور الجامعة العربية لدورهاأما آن للعرب أن يعترفوا بأن الجامعة العربية بضاعة أتلفها الهوي..	1	0
@turkialghurairi @munifalharbi @nayefaotibi والله لانشك ذرة بأبنائنا ولانسمح لاحد بتطاول عليهم ولكن مشكلتنا حقيقة ليس فقط في الاعلام الغربي	0	1
@HadiAlabdallah الحمدلله هاذي بإذن الله فقط زيارة يقوم بها أهالي حلب الشرقية الى أهل حلب الغربية والابطال سوف يطهرون حلب وكل مكان في الشام	0	1
الحمد لله ان حقن دماء المصريين وأصلح بينهم وعقبال القوى السياسية 3	0	1
كان نفسي أحضر مهرجان القاهرة السينمائي اليوم....لكن للأسف ما لحقتش أكوي (المايوه) بتاعي....!#مهرجان_القاهرة_السينمائي	1	0
بين منع الأذان في #القدس ومنع الصلاة في #البحرين.. الجريمة واحدة – موقع قناة المنار – لبنان https://t.co/Mo3XEcXb09 عبر @almanarnews	0	0
قاهر البرد والمسلحين ،، ابو الورد يوثق اخراج المسلحين مذلولين من حلب الشرقية https://t.co/vO25i3tasp	0	0
"""يريدون أن يطفؤا نورالله بأفواههم ويأبي الله إلاإن يتم نورهولوكره الكافرون""هذاهويقيناً بالله#ستبقي_حلب#ازيحوا_السيسى_وبشار"	0	1
RT @meshaluk: الناصح الأمين ساحق الجماجم مشوه الوجوه الذي يرى ما تفعله داعش صناعة للحياة يدعو السعودية للتحالف مع هؤلاء ↓ https://t.co/UF…	1	0
الاعلام الغربي وبلسان العرب يرجعون سبب فشل الربيع العربي هم دول الخليج نسو بتخلفهم وحقدهم هم سبب الفشل حتى انهم لهذا اليوم يتحاربون على قرد	1	0
@MITIB_FCB منتخبهم فقاعة صابون بدون ميسي	1	0
المحامى عن المتهمين فى تفجيرات دهب: لا متهم بأسم عادل حباره الذى اتهمته الداخلية بتنفيذ مذبحة الجنود فى سيناء دول بيكدبوا فى الكدب	0	0
#السيسي_رئيسي_2014 بعد التصريحات الاخيرة لحامدين صباحيي تاكدت انه ليس كائن بشري عادى هو كائن فضائى وسيعودلهيئتة الفضائية يوما ما	1	0
"فافرينكا عندما سئل عن ما يتمناه لرياضةالتنس في الاعوام المقبلة ؟ رد فافرينكا :""ان يكون روجر فيدرر بصحة جيدة"" .- روجر هو كمال التنس ❤️."	0	1
@BassamJaara إن شاءالله قريب فتح حلب	0	1
هو انا عشان بعمل الصح وبغير من نفسى للأحسن ابقى كده معقده #مجتمع_مريض #حافظ_مش_فاهم :)	1	0
سياسي | المجتمع الدولي والمنظمات الإنسانية هما من يتحملان ما جرى في كفريا والفوعة https://t.co/FclEDL22x4	0	1
#MannequinChallenge ذليتونا ترا 🙂	0	0
أصبح الشعب العربي يهتف عندما ينتصر اليمين الرجعي في الغرب على اليمين المتطرّف.	0	0
@chalist معلومه فقط با اسمش مشكل داشتيد، مثلاً اگه به جاى داعش جبهة النصرة باشه كه خيلى هم خوب و عالى	0	0
ويندوز 10 بيعمل تقريبا كل حاجه بمزاجه والموضوع مخيف	1	0
ترامب حاول يبرر فضيحته ب ان بيل كلنتون فضيحته اكبر منه ؛هيلاري تعجبني شخصية و قوة ثبات رهيبه 🌸	0	1
#بلحه_نيته_سوده  حاخام يهودي: لهذا السبب يعتمد السيسي على إسرائيل  https://t.co/FCUxI4ZwUp	1	0
من تدليس الاخوان قولهم ان مرسي المعزول ليس مسئولا عن جرائم الشرطة التى تتبعه بنفس المنطق فان مبارك ليس مسئولا عن جرائم العادلي الا تخجلون	1	0
دور رائع ومفاجئ لنساء مصر فى المظاهرات شبابنا ونساءنا يستحقون الصدارة ان شاء الله بعد سقوط الانقلاب	0	1
@WFP_AR اغلب النازحين السوريين في لبنان لايتلقون مساعدات غذائيه واوفقت من 3سنين	0	0
@ashraaf_alsaad @SALHACHIMI @fchoubachy ومالو...أخوتنا وأبناء عمومتنا وجيراننا ولنا معهم ميثاق يحتفلون بانتصارنا https://t.co/tQxwikdc6a	0	1
اون تى في تجبر ضيوفها على قول ما تريد والمذيعة ترفع ورقة امام الضيف ليقرأ منها اعلام العار	0	0
RT @kokydraz: اردوغان وروسيا تطبيع  اتفاقيات وسمن على عسل ،، والاخوان اذ فجأءة،، وضوعوا كل انواع الاحذيه ف بؤهم ،، ولا جابوا سيرة سوريا ولا…	1	0
فى هجاء الغتاتة!	0	0
نت #فودافون بيعلم الصبر	1	0
RT @TheBaghdadPost: فيديو..أنظروا كيف زرعت #إيران الطائفية في #العراق؟..الأذن تقطع والنفط يسرق!#بغداد_بوستhttps://t.co/iI5oO1Sa5j https:/…	0	0
اعتراف من نقابة الصحفيين الفاسدة: هناك مناخ معادى لحرية الصحافة بعد الانقلاب أكثر من إى وقت سابق، الصحافة اتهانت	0	0
قسيس يرفع الأذان في #فلسطین #القدس تحديا للاحتلال الصهيوني. هذه هي فلسطين واهلها	0	1
لا لازدواجية المعايير عند نبذ العنف، لا لتبرير العنف بالسياسة أو أهدافها أو اختلافاتها، لا للإقتتال الأهلي عبر دوائر العنف والعنف المضاد	0	0
RT @alhaili22: #أردوغان للعبادي : نحن سنفعل ما نشاء، وعليك أن تعلم ذلك، وعليك أن تلزم حدك أولا😂😂وين الحشد الشعبي الجحش	1	0
كاتب سعودي معلقا على وقف السعودية امداد مصر بالوقود: “هذه الأخبار اللي تفتح النفس” https://t.co/GkPCA60T2k https://t.co/Np4RRCE38E	0	1
@nojoom19 @fareskaram @RamyAyach @ziadbourjiii اكييييييييد رامي عياااش❤❤❤	0	1
أحد يصفقني ويخليني انقلع أذاكر لأن باقي ٣ صفحات ما خلصتها بليز أقروها بلحن لوڤ مي حق جستن بيبر	0	0
#البرادعى قال مصالحه يبقى خاين, #السيسى قالها يبقى #لا_للمصالحة بس هو بطل مغوار #تويت_كانك_معرص	1	0
RT @TradervicsKSA: وثق تجربتك في #مطعم_ترايدرفيكس ❤️واربح جوال أيفون 7 لأفضل صورة 😍#خذلك_سيلفي_مع_ترايدرفيكس#مسابقةموعد السحب في الإعلا…	0	1
#منى_سيف : لا للمحاكمات العسكرية للجواسيس اللى بيتعاونوا مع اسرائيل ! #تويت_كأنك_ناشط_ايام_حرب_اكتوبر	1	0
@nanso15 @NancyAjram لاااااااااااا أنا بقصد نوال الزغبي❤❤❤	0	1
ياريت بس الإخوان يوحدوا الكذبة هوه مرسي جامد قوي وبيحبط مؤامرات شرسة؟ ولا مغلوب على أمره والدولة كلها ضدهكدب مساوي ولا صدق مجعرف يا إخوة	1	0
@damerk_doob404 @Dhahi_Khalfan اسال الكلاب التى استعانت بقوات الناتو	1	0
لماذا شعب سوريا لا يتحملون ويجمعون أموال للشعبهم سوريا بدل مكوده ودعاراتهم الم يكونو مثل شعبهم طزززز بسوريا https://t.co/wIumHBp6Nd	0	0
@amrmsalama بنعتذر لحضرتك يا فندم علي التاخير.. سيتم اقلاع الرحلة في تمام الساعة 18:00 UTC تحت رقم 1800 بدلا من 800 بنتمنالك رحلة سعيدة.	0	1
امريكا تدفع لمصر مساعدات عسكرية بالمليارات ليقتل الانقلاب شعبه ولا عزاء للديمقراطية وحقوق الانسان	1	0
اشتقنا إليك يا اسطوره .#فيدرر #ShanghaiMasters https://t.co/fK9fBoFMhw	0	1
Retweeted أحمد بن راشد بن سعيد (@LoveLiberty):مقال في مجلة فورن بوليسي:كلنا ضالعون في ذبح #حلب. (بوتن والأسد)... https://t.co/TtfUUJj2WX	0	0
احبسونا و امنعونا #البعد عن #الاهلى محااااال	0	0
يا #الأمم_المتحدة مجلس الأمن #الحقوق_الانسان #BBC وهابي تكفيري يهدد مرشح للانتخابات بالقتل وتقولون من اين الدواعش https://t.co/pGpv8OWk55	1	0
RT @xFarnacle: هناك حوالي 1.7 بليون مسلم في العالم.اذا كان الأسلام فعلاً يدعم الأرهاب لكنتم كلكم ميتون الآن. http://t.co/QoKmCj6R7d	0	1
الثوره قادمه #مصر_لن_تركع يا #سيسي وهنقتص منك بحق كل ذل شافه الشعب من يوم انقلابك وبحق كل سجين اتحرم منه اهله وبحق كل شهيد راح في ساعة غدر	0	0
غشيانه ضحك😹😻يارب خليلنا إياها و خليلنا ضحكتها 🙏❤#نادين_نسيب_نجيم #في_بيتنا_ضيف #ملكة_الهيبة #الهيبة #رمضان_٢٠١٧… https://t.co/PlSM2YvvoF	0	1
الفصائل الذين يتوقعون أنهم سينتصرون بأسلحة وأموال الداعمين في الناتو كمن يظن أنه سينال أجراعلى بناءه مسجدا من أموال كسبها بربا أو ميسر!#حلب	0	0
أثبتت تجارب علمية أن مضموناً كالذي يقدمه رامز جلال يفسد الأطفال و ينخفض بمستوى ذكائهم و لهذا تمنعه دول متحضرة	0	0
@eiad_tennis موفق ياكابتن يا اياد .. نشوفك تعلق على فيدرر في الموسم القادم بإذن الله ❤️	0	1
"تظاهرات البوسنة ""سراييفو""  نصرة لاهلنا في #حلبوتنديدا بمجازر روسيا وبشارإنا لله وإنا إليه راجعون#ستبقى_حلب... https://t.co/zeHcYWLbhU"	0	0
لا فرق بين هيلاري كلنتون وترامب في مواقفهما المعاديه للإسلام وللعرب والمسلمينلاتنتظروا سياسه معتدله ومنصفه من أمري… https://t.co/57AB9uZOvV	0	0
@malikmalimalim1 @GalaxyBan1998 اوجدوهم ارجع للنت وانظرلحماركم المدعوالجعفري وهويعترف ويقول يجب الانفتاح على داعش الاعلام الغربي كلهم اعترفو	1	0
@S_ami06 لا أخلاق ولا شيم ولا قيم ولادين ولامذهب أين المجتمع الدولي من مايحصل في العراق وسوريا غزو مبطن لأمة الأسلام	0	0
@alous_  إليسا احساسها من قلبها بس نانسي تسطنع الإحساس #اليسا #elissa	0	1
‏مبارك عليكم الشهر! ‏#رمضان_كريم‏	0	1
#طيب_نفسي أعيش صح واشتغل صح واكافح صح وانجح صح و #افرح صح بقاااا #بلد_أصعب_مافيها_الطموح	0	0
RT @TheArabHash: تصوير جوي عالي الجودة يظهر الدمار الهائل في مدينة #حلب نتيجة قصف الطيران الروسي والنظام السوري ... https://t.co/1CA1867H54	0	0
كواليس الجلسة التصويريّة الخاصة بالملكة #نادين_نسيب_نجيم في #دبي 🎬❤#ملكة_الصحراء 👑🌿إسم الله على جمالك 😍😍😍 الله يح… https://t.co/HSMxFaA2mt	0	1
) معلم و واعي يا يوسف	0	1
وبنظرة عينيه يختصر الكلام .. كل الكلام ..ولنا عودة ...#سوريا#حلب_تباد #ستبقى_حلب #تمرد_لأجل_حلب#StandWithAleppo https://t.co/XpYcz4xUNP	0	0
RT @BarcaDN: الكاسير: ميسي لاعب رائع جدا ، وقد فاجئني كشخص انه مثال للتواضع	0	1
@kathe_kathe5177 @ShlamiSh_123 هذا خالد الرويشان الحقير وهو ليس خالد الذي كان وزير هذا نفس العينه القذره  ونفس الفشل جاء يهنجم صاحب اردوغان	1	0
@Salfh6weelh (١:اووووه لعبة تشغل الناس !!!!٢:لا ما يصير طلع سبب يمنعهم عن الانشغال١:خطة بوكيمون؟٢:نعم ابدأ التنفيذ)حرام وحرام!!!!!!!!!	0	0
متى سيدرك الانقلابيون أن العالم لا يرى نظام #السيسي كما يراه عادل إمام وإلهام شاهين؟ ياشرفاء #مصر أنقذوا مصر تمتلكون المفاتيح كلها فانهضوا	1	0
@saaam10006 كلمات أقوى من الرصاص قالها هذا الطفل السوري البطل ليقدم درسا للشعب العربي المتخاذل والحكام الخونة#حلب_تباد_بصمت_عربي#ستبقي_حلب	0	0
بسمة أمل جديدة مع لذة العطاء	0	1
#هتحبك_لو صحتها من النوم علشان تقولها بحبك ;)	0	1
@FaisalAl3amr رقصها فريق الرجبي النيوزلندي أمام ملكة بريطانيا لحظة استقبالها لهم في قصرها.   https://t.co/1b1WJL5u12	0	1
حب البلد بيعيش لما يموت الجوع #حمزة_نمرة مهما كلت وشبعت برضو مش بحبها	1	0
قمت بإجتياز 72  مرحلة#لعبة #لعبة #اشبكها#أيفون:https://t.co/YsKKUYVfZy#اندرويد:https://t.co/UzHflgf4AE https://t.co/bSetstrGxg	0	1
أسف يا ريس،رغم إنتمائي للأخوان إلا أنني إبن ثورة الحرية لذلك ارفض السلطات المطلقة للرئيس مهما كانت السبب وأي كانت المدة	0	0
الدكتور حازم الببلاوى طلع اخوان--------------هههههههههههههههه #الببلاوي: اعتبار الإخوان جماعة إرهابية كان قرارا	1	0
"#السعاده ان يكون من نحب بخير وعافيه فنحن نشعر بهم ونهتم لامرهم حتى لو لم نراهم 3"""	0	1
RT @ashraaf_alsaad: لقاء القمة بين روسيا وتركيا #اردوغان موقف تركيا تجاه #سوريا متناغم مع روسيا لكن #مصر لما رفعت ايدها امس تبقى خاينةht…	1	0
غضب اعلام العار ممن سخروا من هزيمة مصر من غانا حتى لا تكون فرصة لتلميع سيسي والانقلاب رغم ان من سخروا لم يضروا	1	0
مد العمل بقانون الطوارىء: استمرار للقمع وانتهاك لحقوق الإنسان والحريات الأساسية يوم حزين التغيير حتمي	0	0
"""القرار صهيوني""... #حماس ترفض منع استخدام مكبرات الصوت في المساجدhttps://t.co/jTAAch4M2w https://t.co/NjjE1gKjF4"	0	1
ارفض البذاءات التى يبثها الشيخ محمود شعبان ضد الثورة لكنى ارفض ما حدث له في ميدان التحرير من إهانات واستهزاء بكرامته الثورة نموذج أخلاقي	0	1
بعد غياب الفنان #عادل_امام عن المسرحيعود الينا #السيسي بفكاهة أقوىمع كل خطاب له يجب أن تضحك#كلمه_للسيسي_الفاشل	1	0
بعد تنفيذ مجازر قي #حلب #واشنطن تحذر #دمشق و #موسكو #قصف_حلب #حلب_تحترق #Aleppo https://t.co/ldNX3oaarS	0	0
عندما يكون المتهم بطلا ويكون الحاكم والسجان جبناء مرسي رئيسنا الشرعى والانقلاب ساقط لا محالة	1	0
@kowkowah97 لا حجيه بلاشعائر بلا بطيخ هذا يسمونه شوو وتشويه صورة الاسلام وبعذ في ايه ماقدر احرفها تقول ايذاء النفس حرام ماني ذاكر الايه	1	0
#المطرية  #انتخبوا_العرص	1	0
لما حبناهم باعونا ... ولما بعناهم جروا علينا 👌#مشتاق_اسمع_جمله#عادل_امام#كلمه_لحبيب_قلبك#حب_أعمى#ولسه_يامصر_هشوف_فيكي#علي_هوي_مصر	1	0
#مصر | #التحرير | فيديو.. مذيع أجنبي يسخر من بشار الأسد: قتلت ربع مليون إنسان وتعتقد أنك تدافع عن… https://t.co/cnUuWySSvj #جبهة_شعب_مصر	1	0
بعد الانتخابات الأمريكيه إن لم يلتزم أردوغان بما تم الاتفاق عليه مع بوتين وهو سحب المسلحين من حلب ، فسيتم دكهم تحت التراب .	0	0
#عادل_إمام في عزاء الراحل #محمود_عبدالعزيز https://t.co/udGUEKiGXb	0	0
مش مهم المسمي اسمها ثوره، هوجه، موجه، وكسه، نكسه المهم ان الموت و الفقر و الخسائر هما اهم انجازتها #يناير	0	0
مرسي يعطل القانون ويشق الوطن ويخاطر بالصالح العام من أجل تمرير دستور يخدم صالح جماعة في حتة مزنوقة لا تخضع لأي رقابة أو قانون	1	0
ضحايا القصف الطيران الأردوغاني علي مدينة الباب 2️⃣بالأمس الاخونجي طرد النازحين السوريين العزل واليوم يقصفهم غدراً… https://t.co/EdpPmKfpkc	0	0
كل البلاوي اللي #الداخليه هتعملها بعد كده فينا هتبقى بإسم #مكافحة_الارهاب وهنرجع تاني نغني لفق لفق في القضيه بتاعت #الالتراس #النظام_هو_هو	1	0
#أسأل_تويتسو لما ادخل في جوالي على جوجل واكتب مثلا سيرة شخص ما وعلى ويكيبيديا الحرة يحمل  ولما اخرج اجده يحمل  واسكر جوال  يروح تحميل	0	0
يادين امي ع الحظ يعني أحمد الشيخ مش هيجي يوم الاحد مع المقاصة 😐😠	0	0
هو إحنا حا نعمل جلسات مجلس شعب ليه؟ ما الإخوان أهم بيخلصوا كل حاجة من مكاتبهم ولا حوجة للزحمة والمصاريف	1	0
@nadinenjeim عيوووني مآ تشوف غير ( جمالك)  🙈😳بسم الله عليك وعلى عيونك وجمالك وكل شي فيك 💜#نادين_نسيب_نجيم https://t.co/HzqgKfMePx	0	1
الشاات بااايظ ليه يا #مارك -_-	1	0
مضمون كلمة الرئيس، الاستعلاء على المطالب الشعبية والدفاع عن الأخطاء عوضا عن التراجع عنها وتبرير عنف جماعته ودعوة حوار شكلية، لك الله يا مصر	0	0
موسى يصرخ بعد عودة #أحمد_شفيق : لو إترشحت قدام العظيم #السيسي هتاخد المركز الـ 17https://t.co/jashQUpCxg	0	0
RT @ashraaf_alsaad: لى اكثر من شهر وانا عاكف على كتب ابن تيمية واشعر ان جوجل والويكيبديا سرقا عقله فهو طوفان جارف من العلوم ويبقى بشرغير مع…	0	1
عايز لكل رجل قبيلة 😂😂😂عايزها متقسمة #عمرو_اديب عبيط رسمى نظمى  https://t.co/lXv102EtKh	1	0
@kasimf يا استاذ فيصل ..هل تتوقع ان نراك في سجون الاسد بعد اجتماع موسكو وطهران وتركيا .. فتنتك بين المسلمين لن تنفعكلاتحسبن الله غافلا ..	1	0
الانقلاب يغلق مسجد النصر ب #رفح ومن اظلم ممن منع مساجد الله ان يذكر فيها اسمه وسعي فى خرابها انتظروا عقاب الله	0	0
بوب ديلان شكله فوتوجينيك جدا ابن اللذينة	0	1
يعني ريكي مارتن الصراحة ماقدرأقول شي لأني أحب أغانيك شاسوي 🙂	0	1
ملعون كل وهابي سعودي يزعم انه مع اهل السنة وهو مؤيد لداعش #لافروف #حمله_دفي #سعد_لمجرد #عكار #الهرمل #النجمه #الصين https://t.co/HhCLrKxlAm	0	0
ابــــحث عن زوج مميز جدا انا ارمـــــلة سورية مـــقيمة بالســـــــــــعودية  https://t.co/Uc0IdZGblQ	0	1
الحكومة الحالية غير قادرة على إتخاذ قرارات وهي حكومة مرتعشة	1	0
الشعب مش لاقي ياكل والاسعار نار والشغل واقف والانقلاب يبنى نصب تذكارى فى رابعة بعشرين مليون مش حاسين بالناس	1	0
أنت وَطن بنيتُ فِيه جَميع أمنِياتي ، وجَاء ذات ليلةٍ مُظلمة أحتل ذلك الوطن ومِن بعدها أصبحتُ غريب يتسكعُ بين الأحرُف باحثًا عن مَلجأ #سري	0	0
مراسلنا من #الاسكندرية : #صدقى_صبحى : #القوات_المسلحة ستظل دائما #الدرع_الواقية لهذا #الشعب_العظيم	0	1
مع احترامي لتركيا واحتقاري لنظام الملالي تجتمع روسيا وتركيا وايران لتسوية اوضاع #حلب وسوريا ... السؤال اين العرب ؟ من جد مافيهم بركة ..!!	1	0
الامارات دفعت للانقلاب 8 مليار دولار لاسقاط مرسي وايقاف مشروع قناة السويس وكسبت 100 مليار من الانتفاع بالمشروع لنفسها	0	0
هدف #احمد_الشيخ فى مباراه الداخليه واحتفال تحدى المانيكان <3 :) https://t.co/l9qYNxhcZh	0	1
أوباما في وداع جنائزي لأوروبا: «#الناتو» وروسيا.. وماذا عن #سوريا؟...https://t.co/UHz3tRAuCI	0	0
RT @Eyaaaad: جماعة في الهند تناصر دونالد ترامب واحتفلت بعيد ميلاده الـ 70 قبل اشهر وقدموا له الكعك متمنين له الفوز في الإنتخابات https://t.…	0	1
هو كل رئيس عرص يحكم #مصر يتشطر علي #الجزائر ؟! مره بحجة الكورة ودلوقتي بحجة #الارهاب ؟! #انتخبوا_العرص #العرص_يغرد	1	0
@GwadyM #احمد_شفيق اضعف من ان يواجه #السيسي ﻷنه عجز عن الدفاع عن نفسه أصﻻو لكن ﻻ مانع من استبداله بالسيسي فلن يصعب سحقه هو ايضا .	1	0
#لبنان: امرأة واحدة في حكومة #الحريري.. ووزارة المرأة من نصيب رجل!https://t.co/7lNSaPVlGB https://t.co/sNemGYfJpC	1	0
#اليسا في برنامج #كل_يوم_جمعةمنتظرينك طلتك علي نار يا ملكة 👑😍@elissakh https://t.co/skwDLkrvTk	0	1
RT @Dr_Magid1987: احتراق مجموعة من الشباب  اثناء ممارستهم طقوس عاشوراء في المثنى جنوب العراق!!احراق النار والاحتفال بها من طقوس المجوس ما…	0	0
@A822822A  لا نقف مع الارهاب https://t.co/ZwIgoRglYp	0	1
انا بتفح فيسبوك كل شهر مثلا عشان اتفاجئ بال ريكويست مسج و المحن	1	0
انتظروا ثورة الجياع قريبا جدا #مصر_الليلة	0	0
هههههههههههههخدوها من الي نصب عليكوووو#مصر_شعب_حضارة_مش_سيسي  😕 https://t.co/6s1Z4b6LFx	1	0
احلى أغنية تيتر في رمضان اغنية شيرين - مشاعر من مسلسل حكاية حياة | النسخة الاصلية #مصر #كلام_في_الحب	0	1
إمدادت طبية شحيحة في #اليمن.. والحل من #جيبوتي.. https://t.co/L1Lx22pjLs	0	0
RT @Penguin_Shanel: اللهم بلغ آبي وآمي رمضآن وهم لا يشكيآن تعباً ولاهماً♡	0	1
غياب العدل فى وطنى يبشر بانفجار غضب بركانى شعبى #يسقط_حكم_العسكر #الداخلية_بلطجية #انتخبوا_العرص	1	0
#EgyptAir#وفاه_الفنانه ذات العيون الساحرة #زبيده_ثروت في عمر 76 عامhttps://t.co/Nl01hwMP8r	0	0
ومفكرتش في المساااجد بيوت الله حرقت وقاعد تفكرلي في الكنائس ةاواي تبنيها تاني !!!!!	0	0
RT @gntlman_riyadh: ياحلوها من دكتورة وهي معصبة تقول عيوني..بس مسكين يبي يقراء لو عربي بس عربي..#ضحك #طبيب_عيون #قفشات #العراق https://t.…	0	1
برشلونة يسعى لصفقتينن نار ياحبيبيبى نار! https://t.co/LKYGuKnm4Z https://t.co/iYcgJtzgdp	0	1
@itthad_barca مشكلة الارجنتين انها تختار مدربين مشّي حالك.الفريق يتأثر بغياب ميسي لان الفريق اصلا بدون مدرب.	1	0
#في_حاجة_صح ان الجيش المصرى قوى ومتماسك	0	1
ميسي قاعد بيسب دين في البيت.	1	0
لو حاولنا نحصى جرائم الانقلاب فى شتى فروع الحياة لن نتمكن أبدا عددها اكثر من أن يحصي	0	0
#حدث_في_٢٠١٦ صعود اليمين المتطرف في العالم بروز المملكة كدوله عظمي  الأمم المتحده تشارك في قتل الشعوب ونشر الكولرا ف العالم	0	0
مطر ربي يفرج عليك يا #بنغازي وبلادي #ليبيا	0	1
انا مع خريطة طريق وجدول زمني للانتقال الديمقراطي ونطمئن من ثم المواطنات والمواطنين بأن مصر لن تكون مع حكم مجلس عسكري يستمر إلى ما لا نهاية	0	1
هنلف ونرجع لنفس النقطةلما تقول إن كل اللي قالوا لا ثورة مضادة يبقى ماتكلمنيش عن التفكير العلمي والمنطقيبس كده	0	0
#اللى_رافضين_السيسى_رئيس_بيعملوا_فولوا_لبعض #مرسي_رئيسي #انتخبوا_العرص #سيناء_خارج_التغطية #سأنتخب_السيسى	1	0
@pt_sa5 يخسى آي هيرب ، يمه أمازون يجيب لي حالة تعرُق شديدة .	0	0
رفض الطعون ضد شفيق يدل على انهم سيدفعون به للرئاسة بالتزوير لا يجب ان تستدرج الثورة لمعركة معروفة نتيجتها سلفا لابد من عزل شفيق ومحاكمته	1	0
|||| https://t.co/BJLsyhbTlr  <==#شراميط  #سحاق #كس #سكس_عربي  #متحرره  # العراق #القدس   #عمان #طرابلس	1	0
نوال الزغبي من الحجات الي هتفضل جميله علي طول...😍😍😍😍 https://t.co/LF0NYx1nyq	0	1
@amrmsalama @EGYPTAIR معطوش السنط للناس علشان يبقي تاخير عادي وميردوش تمن التذكرة زي ما الناس المحترمة بتعمل	1	0
"جثة #فيديل #كاسترو ""90 عاما من #النضال تنتهي برماد في صندوق خشبي !!! بعض النهايات ارتباطها بالدِّين ينهيها بشكل افضل ..."	1	0
النصرت حلب  طردسفراء الدول العربيه التي  توئد بشارقاتل شعبه  وفي مقدمتهاالجزائرومصروتونس وحل الجامعه العربيه التى لم تأتي بخيرقط #حلب_لبيه	1	0
زمان كنت اغرد في السياسه وقالوا قديما السياسه نجاسه الحمد لله اني تطهرت من تلك النجاسه #معكم_أدهم #مصر #التحرير # #مرسي_رئيسي #السيسي	0	0
"RT @IranObs_ar: #المرصد_الايراني#حقوق_وحريات | أفغانستان تدين بشدة تعامل إيران تجاه المهاجرين""ترجمة خاصة""https://t.co/sViVpQfMJo"	0	0
مايمرروهمهما عملوا الدستور ده مش هيعيشلأنه ولد ميتا وبني على باطل وسيقود إلى باطلدي قناعتي ومؤمن بيها	1	0
#أونا| #كامل_الوزير ل #عمرو_أديب: #الرئيس وجهنى لتطوير #محطة_أسوان ب... - عبر نبض @NabdAppربنا يخليكوا لينا https://t.co/fbRYtDzBs9	0	1
#ابناينا_المحتجزين_بايرانعنصر أفغاني من الميليشيات #الشيعية  الداعمة لقوات النظام قُتل قرب #مطار_T4 التيفور شرقي… https://t.co/IR6s5jHvtO	0	0
اجل اهزوجه ميسي الكلب القم ياكلب انت وياه	1	0
"""@22255Safa: #ستبقى_حلبولن يخذل الله المقاومين ابدا يقيننا في الله""                      وحسبنا الله ونعم الوكيل"	0	0
@LbciLebanon @BLCBank @RamyAyach رح تولع السهره مع البوب ستار رامي عياش	0	1
من صكوك جمال مبارك إلى صكوك الإخوان، تعددت الصكوك والقفا واحد	1	0
بيعتوا حريتكم عشان تعيشوا وتاكلوا بس حتى دي استخسروها فيكوا :)) #غلاء_الغاز ومن بعده #البنزين ومش هتقدروا تفتحوا بئكوا	0	0
@MiDooCR والله اشتقنا وفاض بنا الشوق 😍😢لا زلت عند الوعد الذي قطعته اعتزال مشاهدة التنس لحين عودة روجر فيدرر	0	0
#امريكا تحارب وتدعم الإرهاب في آن واحد!تحاربه مع التحالف ، وتدعمه بالسلاح مثل ب ي د الكردية وغيرها!!ودعمت خونة البحرين والحوثيين ، متآمرة!	1	0
#اليمن #مجزرة_القاعة_الكبرى احمدوا الله كثيرا واشكروه فانتقاذة للزعيم وحفظة وحمايتة وتوفيقة له طول هذه السنوات... https://t.co/omYw3gMdGK	0	1
تحية لقضاة مصر الأجلاء لدفاعهم عن حقوق الشعب المصري وحرياته وتمسكهم بمبدأ استقلال القضاء	0	1
@EsotericMajed كلامك مغلوط من ناحية الصين، الفقر في تناقص سريع جداً. سوء الاحوال الوظيفية ايضاً في تناقص. لكن الاعلام الغربي لعب عليك.	0	0
الإخوان جماعة إرهابية وهم من قتلوا ابني	1	0
يا عسكرى واقف بالفرس على جتتى لا انت البطل ولا انت فتوة حتتى يوم ما تقول هاخد البلد هقولك خدها بس على جثتى ع…	0	0
وسط ارسنال : دراكسلر والكوت اوزيل سانتي رامزي تشاكا كوكلين تشامبرلين النني أيوبي . يخرب بيت الوسط الجبار	1	1
"نحن أمة إذا وضعت لمستخدمي الإنترنت فيها كلمة ""فضيحة"" في عنوان أي فيديو في يوتيوب ارتفعت نسبة مشاهدته أكثر من الضعف (حقيقة مثبتة رقميا)"	1	0
": #عباس: #المحرقة ""أبشع جريمة"" في التاريخ الحديث "" ""مغازلة ما بعد المصالحة"	0	0
@RTarabic يا #روسيا اايوم لايهمني المليارين أنا تهمني أختي هذه التي قتلها بوتن والأسد والشيعة لعنة الله عليهم! https://t.co/k5TiR7JLIz	1	0
أرفض تكليف أي مسئول من الفترة الإنتقامية السابقة	0	0
حسسوني سوبرمان واﻻ داير حاجه كبيرة !!وكان ماهداه ربك..يبقى لحيق خوته ان شاءالله #بنغازي https://t.co/pdR9lPCk5x	0	1
كنائس #القدس ترفع الاذان ردا على قرار منع الاذان .شكراً يا أتباع نبينا عيسى عليه السلام . https://t.co/8F4HHvFty2	0	1
RT @medo2194: عاوز اتصل بالسفارات اسألهم انزل بقى من البيت ولا لسه المخاطر الأمنية موجودة؟#ام_خاطر_تبقي_امك_يا_اوباما.#بغدادي	1	0
مكتوُبة ليك إنّي أنا اللي تعيش لهامكتوُبة على إسمك حيااتي كُلهاأول ما قلت بحبّ كانت ليا انا ()مين تستاهلهاا غيري او تتقال لها !💕🎹#إليسا💕	0	1
5 هاتلي اخوان أي حاجة مش تنوين ومش ضمير اخوان وبعدها كلمة مش هتلاقي غير لوط وشياطين!	1	0
RT @orokenda010: فضيحة جديدة لضباط جيش بشار الأسد متطوعات اللواء 130  أتينا للدفاع عن الوطن و قائد الوطن و ليس للعمل https://t.co/pG98FfeQf…	0	0
قسوة مخيفة في رفض الآخر الفكري أو السياسي أو الديني وتشويهه وتخوينه تمهيدا لنزع إنسانيته وممارسة العنف ضده	0	0
@Alito_NBA انا ماخفت من شي الا ان يكون عقلية مشجعي السلة كعقلية مشجعي القدم 😖بتكون عندك عاهات تفكر	1	0
عكس اللي شايفنها 🎧#اليسا 🎶 #طرب 😌❤ https://t.co/3Ocmbsj2vd	0	1
الأسد: لا تعاطي مع الإرهابيين لكن الحوار معهم ممكن إذا كان سيحقن الدماء: الرئيس السوري بشار الأسد يقول إنه لا... https://t.co/3CnJnEjGzI	0	1
مرسي مش سبب الكارثة ال احنا فيها مبارك ودولته هما السبب في كل ده أهدروا تعليمنا و أمننا وحقوقنا لأجيال طبيعي نوصل لكده	0	0
@nike7tennis اه بس لا رافا ولا فيدرر التنس الى اين 💔 ؟	0	1
فعاليات متميزة لطلاب صف 2/6 بمناسبة المولد النبوي الشريف اشراف الرائعة عايدة العمرية ... https://t.co/WkjKyAqBx8	0	1
RT @_TR60: واللي عليه قضاء من رمضان مافيه مشكلة يقدر يصوم عاشوراء لأن عُرف عن عائشة رضي الله عنها أنها تقضي في شهر شعبان وكانت تصوم السنن و…	0	1
@altaei2008 @ahmd1239aa @ka8h5AsKnC0hNVv @1shOoOosh1 @1sho هههه الطائي قلب علينا وصار كومدياااني...يقطع شرك روح وتحمم وادخل الاسلام من جديد	1	0
لا للمحاكمات العسكرية	0	0
@EGYPTAIR رسلت و لم اتلق اي رد الى الان !	0	0
دونالد ترامب رداً على انتقاده بشأن تصريحه المشين المسرب بحق النساء : أنا تحدثت بسوء عن النساء هذا صحيح ولكن بيل... https://t.co/Mp0orhkjrp	1	0
@s_alabdool @alkhames حسبي الله على ملالي قم وعلى صنمهم خامنئي ومن تبعه من روافض العرب الخونة كمثال حزب اللات والحوثية الانجاس	0	0
@samueil_free هل رأيت الى اين انجرف الاسلام هل نتعبد ونصوم في اعياد اليهود هل تصدق هذا صيام عاشوراء من بدع الوهابيه ان كنت تصدق	0	0
@munee82_ بيونسيه 💘	0	1
البيان ذكر بالنص: · اثق في اخلاق الاخوان برفض هذة التصرفات من بعض افرادهم	0	1
RT @mmmaltami: شعب يحب التجديد، منح فرصة للسود (أوباما) والآن النساء (هيلاري كلنتون) https://t.co/qSFEg8C9Bx	0	1
بمناسبة المولد النبوى الشريف نهنئ الامة الاسلامية و ندعو المسلمين الى صحيح الاسلام و ان الاسلام دين الجماعة الواحدة دون تشيع او تفرق او عنف	0	1
RT @hadeelOueiss: أوباما سمح لبوتين بتدمير سوريا بسلبيته وضعفه.. دونالد ترامب سيكون فاعل في تدمير سوريا الى جانب بوتين انطلاقاً من حقده ال…	0	0
مازالنا فى إنتظار الإعلان عن التحقيق مع الرؤوس الكبرى للنظام هل إقتصر الفساد على قيادات الصف الثانى؟!	0	0
#بلدي#الناتو: دعم #روسيا للأسد تسبب بمقتل مئات آلاف #السوريين#سورياhttps://t.co/QupC02wONp	0	0
طلبت هارديسك خارجي من امازون (52$)و جاني ذا الشي... https://t.co/S95HrbOtzD	0	1
لم تقم الثورة وتستمر لمدة ثلاث سنوات وتضحي بالكثير من اجل نفوس متعصبة ومريضة تنشر الفتنة بين اطياف الشعب #الثورة #البحرين	0	0
RT @torshany: اعلان غوغل #GoogleMaps دليلك لحرب المناطق والشوارع والأحياء في #ليبيا	0	0
#بيقولك_أعرف_بلدك القاهرةلقا، الأديان في مربع واحد هكذا أراد الله مصر واهلهاآمنين باذن الله #اخوان_ابليس	0	1
RT @FCB_9M: هدف #بيكيه السادس على ريال مدريد ليلة جلد مدريد بالسداسية التاريخية على ملعبه وامام جماهيره 😂🔥 https://t.co/IRrK8nzoL3	0	1
RT @Siila_00: جيش الكبت العالمي فهمنا ليش زعل طيب جستن بيبر  ايش اللي زعله لايكون كان عنده امل انها تطالع فيه #SouhilaBenLachhab	1	0
كثيرة هى المتاجرات  .....لكن المتاجرة بدم شخص واتهام ناس بيه هكذا ...تدل على قذورات اﻹخوان والمقاتلة ...#طرابلس#بنغازي#ليبيا	0	0
لعنة الله على اوباما وامريكا ولعنة الله على بوتن وروسيا وبشار الاسد وعلى حقوق الانسان  #روسيا_تقضي_علي_حلب https://t.co/3Xhd0k2F11	0	0
نقطة أخيرة قانون التظاهر الذي يحتاج إلي إعادة النظر في عقوباته كما يقول #الببلاوي أصدره هو في عهده وبنفسه أرائيتم كيف وصل العبث بعقولنا؟!	1	0
@qudsn  مهو ميشال عون صار رئيسهم وهو صهيوني طبيعي منه هالتصرف	0	0
@nadinenjeim يخليلي عيونك اللي عرف قلبيطعم الحياه من بعدها  😍💜💜 #نادين_نسيب_نجيم #ملكة_الهيبة https://t.co/htC96SlXKk	0	1
قسما بربي لو رأيتك أمامي لجعلتك جثه هامده تأكل منها الكلاب	0	0
ابعد عنهم ما انتاش قدهم #وايت_نايتس	0	0
طموح ساركوزي الرئاسي يتبخّر https://t.co/to0LtWCFOz #غزة #فلسطين	0	0
الكلام من برا السلطة حمادة والكلام من جوه السلطة حمادة تانى خالص	1	0
#النمسا تخذل #اليمين المتطرف.. وأوروبا تتنفس الصعداءhttps://t.co/1szmk3AtjA	0	0
كنت اكره القراءه و حولني الى مهوسه بها حولت البيت الي #معرض_الكتاب ممتنه لك جدا استاذي	0	1
RT @Bo07_Ontha: مساء يشبه مساء شهر رمضان ، تملئه الطمآنينه وتغشآه رحمة البآرئ ، مساء العاشر من عآمنآ الجديد مساء عاشوراء اللهم ارح قلوبنا…	0	1
RT @kimo7879: #السعوديه_الاماراتميسي:ماذا فعلت بهم ياصديقي فهد ؟!فهدلميسي: من متى المعرفه 😂😂😂😂😂😂#عودة_بطل #فهد_المولد#منتخبنا_اولا #مع…	0	1
مع ريال مدريد استلم فريق مجهز من جوزيه مورينيو كان يصل لنصف نهائي الابطال وفي اول موسم لكارلو جنى ثمار المو وحقق التشامبيونز	0	1
الي يومنا هءا لم يكتشفوا من هو قائد الانقلاب الفاشل في #تركيا ....للمغفلين اللي نسيوا ويصدفون الهلفوت #أردوغان ...امان ياربي امان 😁😁😁	1	0
RT @AliBu7sain: سبحان اللهصيام رمضان غصب تصومونه لكن بصيام  عاشوراء يزيد ايمانكم الله يتقبل	0	1
إقرأوا ماذا قال هذا الكافر󾮚󾮚󾮚أفيقوا يا مسلمونترجمة خطاب أوباما الاخير في البيت الأبيضأعزائي الأميركيينوأنا... https://t.co/2wT84HGOXs	0	0
@nawalheart_nz @Kenza_Morsli هاي كيفك انشأالله الأف مبروك حياتي بليزاريدموقع الفنانة نوال الزغبي ؟واخبارها وجميع اغنيهالاني بحبهاكثير	0	1
RT @ELRey_FCB: بيب : ميسي أفضل لاعب في تاريخ دوري الأبطال و لا يوجد من هو أفضل منه 👌🏻و يلوموني فيك 😍😍 https://t.co/52gi26aKVk	0	1
مادري منو قايل حق البنات انه كشه ميريام فارس حلوه ولازم تسونها كل يوم وتلوعون جبدنا فيها يا اختي سويه كبه اذا ماتبين تسوينه يعني	0	0
اذن فلتحرقنا الحرب جميعا حظ سعيد في محاولة ابادة او اخضاع مئات الالاف	1	0
تصدى نور الدين للقوات النصرانية المتحالفة ضده والتقى بهم في رمضان سنة 559هـ غربي حلب عند حارم وهزمهم جميعا#ستبقى_حلب	0	0
موقع مدينة القدس - Al-Quds City - نيابة #الاحتلال تطلب السجن لفتى #مقدسي 18 عاماً https://t.co/VXVUXTqBBS	0	0
@moe2891 فعلا اتفق الاعلام اكبر مهجج لتعصب الجماهير	0	0
يا اهل الحرمينانتم تعلمون انا نحبكم ولو اجتمع اهل الارض لـن يفرق بـيننا سيسي ولاغيره 🇸🇦اخــوة🇪🇬#مصري#مليارات_العمره_علي_هوي_مصر	0	1
احس بيونسيه الفنانه الوحيده الي تقدر تغني وترقص لايف ذي الايام	0	1
الكرامة بدأت في #بنغازي باغتيال المشائخ وتبدأ الآن في #طرابلس باغتيال المشائخ	0	0
معاناة الفلسطينيين على حواجز #الاحتلال كل صباح.#صور من حاجز #قلنديا. https://t.co/86ytb8JPSl	0	0
"زي النهار الطفل لما ينفلت من بين أيادي الضلمة ويشقشق أنا شفت روح الحق لما إتسللت صرخت وفي وش الخرس إنطق""عمار وفؤاد حجاج"	0	0
لابد من التوجيه التحيه الى حزب البناء و التنميه ( الجماعه الاسلاميه ) الذى تنازل عن نصيبه فى التاسيسيه من اجل احداث ال	0	1
RT @fahadalajmi_101: العاهرة الأمريكية (هيلاري كلنتون) تهدد الكويت والسعودية وقطر وتتهمهم بدعم الإرهاب وتتطاول على مساجدنا وديننا الحنيف ht…	1	0
"عندنا القضاء ""الواقف"" وهو المحاماة والقضاء ""الجالس"" وهو القضاة والعدل ""النائم""!ا #جلال_عامر"	1	0
غير معقول وجود قوات جيش وصاعقة فى المدارس الصور مرعبة للعالم كله وجايين تقولو عايزين سياحة	0	0
الوزراء اغلبهم أكاديميين من حملت الدكتوراه نتمنى #مجلس_الوزراء يجمع الأكاديمي والناجح من القطاع الخاص	0	0
RT @Netaawy7: آيفون 7 يعاني من 7 عيوب مزعجة وصادمة للمستخدمين !https://t.co/cM2J7GmQZB#نتاوي #آيفون7 https://t.co/VfMjLtRo2a	0	0
#حمدين_صباحى لو بقى رئيس هيوافق على قانون التظاهر وغلاء الاسعار والكهربا والغاز وبكره يشيلو دعم السولار بطلو فتى وافتكاسات بقى	1	0
RT @AboOmarAlssalfi: @alialhlnagqds11 @silent_EAGLE511 @raa2252 @IBENALNAJAF @salimkhna أحسنت وأجدت أخ الاسلام	0	1
كان سيصبح حظ مرسي أفضل في الحكم لو لم يكن قد اهتم بقراءة سيرة قائد جماعته حسن البنا، بقدر إهتمامه بقراءة سيرة نيلسون مانديلا	0	0
RT @sheikhabuqatadh: ٣-من الذي دخل في طائفة الأمريكان وبساطيرهم من الأفغان لما دخلوا ضد طالبان،وصار عبد الأمريكان سيفا على أهل الإسلام،وهو…	0	0
لانتعجب عندمايجاهرمسئول ايراني بالتدخل بشئون العرب ودول الجوار تعلمون لماذا ؟لأن اللعب اصبح بالمكشوف ولاحاجة للتقية فدعم المجتمع الدولي فاضح	0	0
برأيي بتضلّ أفضل من تمثيل رامي عياش، بيتر سمعان وخاصة أفضل من تمثيل ليلى بن خليفة! إلى الدراما درّ،#إذا_شي https://t.co/gc7OLXFLKC	0	1
الأنذال كان المخطط ليومنا المنقضى هذا ، من خصوم الوطن والإنسانية ، هو تحقيق أعلى نسبة عنف وحرق واقتحام وقتل ،	0	0
@putinarabia الله ينصر الرئيس بوتن وبشار ونصر الله  ويحميهم ويطول عمرهم ويأخذ كل اعدائهم	0	1
#اليمنية| مؤسسة روح الشباب توزع بطانيات شتوية ومصابيح للنازحين بـ #ذمارhttps://t.co/OwCBOmE4N7#التحالف_العربي_سند_اليمن	0	1
#حزب_اللهلأول منذ سنين أتغيب عن حفل #الاستقلال في سفارة #لبنان ب #لندن.يؤلمني جداً أن #الاحتلال الفعلي المسلح صار الآن شرعياً ودستورياً...	1	0
كل يوم يزداد ايماني ان ربي حبيبي معي يارب لك الحمد جميع الامور ميسره بكل حب	0	1
"#أثيوبيا تتهم #مصر بتقديم الدعم المالي والتدريب لعناصر إرهابية لنسف استقرار البلاد https://t.co/r8boEfAjor"" يا سيسي يا مزعزع استقرارهم"	0	1
الأخوان او #مصر صراع وجود ومعركة بقاء يحاول الأخوان انتاج المشهدالسوري عن طريق توسيع بؤرالإرهاب بين رابعة،النهضة،الألف مسكن ومدينة الانتاج	0	0
RT @yazanyazani: @abumoh2012sn2 اوباما استخدم الفيتو والكونغرس اقر جاستا نفس المعراصةالتي تجري اليوم تدين وتطالب بتحقيق وهم مشاركين في الجر…	1	0
تطبيق إسلامي رائع حمله أكثر من 10 مليون مسلم !للتحميل #آندرويد:https://t.co/oyWmCx3nROللتحميل #آيفون:https://t.co/DlB0mNn8mp	0	1
@UNRadioArabic هل هناك تحقيق او تقصي او لجنة دولية او منظمات اممية ترصد وتثبت ذلك قطعآ لا اذا تبآ لكم سوريا شعبها قتل وطرد وانتم قلقون	0	0
الانقلاب يقترض 62 مليار اخرى من البنوك فى سبتمبر اموال المصريين تتبخر بكره تشوفو مصر	1	0
اللي اختشوا إنشقوا لذلك لا أراهن إطلاقا على ضمائر المنتمين للإخوان لأن نطاعة السمع والطاعة قتلتهاأراهن فقط على البشر اللي هيكتشفوا الكذب	1	0
أنضموا معنا للإستمتاع بأوقات ممتعة مع الأهل والأصدقاء خلال موسم الأعياد بفندق الخليج البحرين!! #Christmas… https://t.co/BCcteV3Fuk	0	1
ساويرس يطالب بمنع المظاهرات منتهى الوقاحة من احد اكبر اللصوص فى تاريخ مصر	0	0
الان حملت ماريو وبديت ألعب به، أقدر أتبارى معكم ولا زيه زي غيره؟.#SuperMarioRun	0	1
اخخخ يا فيدرر ❤️❤️❤️ .... عطوني افاتارات له	1	0
#اختاه بلاش قدام الناس لما تسمعي اغنية شعبي تقولي عليها يع و انتي اصلا بترقصي عليها ف البيت	1	0
عندما يتهم الجهاز المركزى للمحاسبات رسميا وزيرا بالفساد يبقي عليه العوض فى العدل سيبك احلى من الشرف مفيش	0	0
#عن انك تصاحب باباك ومامتك وتحكيلهم عن كل حاجة من غير ما تخاف منهم لانك واثق انهم هيساعدوك	0	1
RT @qtr_msms: #أطفال _سورياطفولة☹تستنجد إنسانيةعالم تواطئعلى دمائهم😡اغتال أحلامهمواغتال أرواحهم💔دون أنيرف لهم جفنأو يرق لهم قلب#س…	1	0
RT @hananeacademy11: في عاشوراء يرقص اليهود ويفرحون حتى تنهار قواهميبكي الشيعة ويلطمون حتى تسيل دماؤهميصوم المسلمون فتغفر ذنوبهمالحمد لل…	1	0
@Venusiann بفتح فيسبوك بلاقي الجملة بوجي بفتح تويتر بلاقيها انستغرام ولك حتى سنابشات! خايفة افتح البراد تطلعلي! 😢	1	0
شكراً :)	0	1
امل محمود فى ذمة اللهرحلة عطاء ومقاومة باسلة ستبقى فخرا لجيلنااالهم اجزها خيرا عنا وبواسع رحمتك ادخلها واسع جنتك	0	1
يا حبيييبي....قلبي الصغير لا يتحمل..وين رد حكامك في #الرياض على #اسرائيل؟ كفوا ايدكم عن #اليمن #سوريا #البحرين… https://t.co/JPjgrfwn2L	1	0
#watanhor #وطن_حر | عين على البرلمان - هيلارى كلنتون ترشق دونالد ترامب باتهاما لما قاله عن النساء… https://t.co/GDSBBV02pU	0	0
#أونا| #كامل_الوزير لـ #عمرو_أديب: #الرئيس وجهنى لتطوير #محطة_أسوان بعدما شاهد صورهاالتفاصيل .. https://t.co/QGt1QllpIl	0	1
RT @aawsat_News: من #فلسطين | إسرائيل تعتقل عشرات الفلسطينيين في القدس الشرقية المحتلة  https://t.co/Q4c8Qn7kN7 https://t.co/XyvSmfhSHc	0	0
فاتورة فودافون الشهر ده أوووووووووفر!!!!! ايه ده؟ ده أنا لو فاتح خطي على الصين ما تجييش نص المبلغ ده طب مش دافع!	0	0
"RT @IranObs_ar: #المرصد_الايراني#الأخبار | برلماني سابق: سلوكيات إيران الخاطئة اصبحت مباحة""ترجمة خاصة""https://t.co/Txd0lgVSn7"	0	0
@_Majd_ القم ياوضيع هذا حال منتخبك بدون ميسي	1	0
قوة الأدلة في مجزرة صنعاء. أجبرت بوكيمون بطلب لجنه تحقيق من خبراء أميركيين ومستقلين....	0	0
أصدقائى لاتنظروا للوراء وإنسوا التجربة الاخوانية بما لها وعليها لنبدأ مرحلة جديدة لمصر بيد واحدة نبنى ونعمر والكل يشارك	0	1
اللهم انصر اخواننا المسلمين #العراق#سوريا#فلسطين#بورما	0	1
ما حجم اعمال الشاطر وكم تبلغ ثروته وما مصادرها وهل دفع الضرائب طبقا لنفس القانون الذي يطبق على ساويرس التطبيق الانتقائي للقانون فساد فاحش	0	0
@nlmoveeee @rawygeneral2 ابن القندرة مخلي بصفحتة الذليل أمام بوتن قردوغان الله يلعنك ياجايف يامخمخم إردوغان الذليل أمام بوتن ابن الزنا	0	0
#ترامب يثبت فشله في السياسة الخارجية مع #الصين (مترجم)https://t.co/IPyXNNAx8f	0	0
RT @MohamadAhwaze: يعني كل هذه الجرائم في سوريا والأخوة في مصر يقولون نريد نعرف ماذا تريد إيران من سوريا واليمن ..	1	0
#اليمن | لهذا السبب: 5دول عربية منها السعودية تنتظر كوارث متوقعة خلال سنوات (أسماء الدول) https://t.co/MO4ddlhTwE https://t.co/Cc831Nw4Ld	0	0
ما يجرى فى سيناء إرهاب يروح ضحيته عشرات الشهداء وخيانة لأمننا القومى ، وما يجرى فى رابعة والنهضة ظهير سياسى له	0	0
يجب توحيد جبهات القتال في سوريا وتوحيد أهدافهم لإحتلال دمشق وقتل بشار اﻷسد وبذلك تتوقف روسيا عن القصف وبعد ذلك عمل لجنه لحل خلافات الجبهات	0	0
RT @rafef_22: لان راتبين ذالاشهر مش ممكن ابدا تخيلو اربع شهور راتبين لا على الاقل شهرين رمضان وذوالقعده #نبي_البنوك_يوقفون_اقساطهم_من_رمضان…	0	1
RT @wesal_rsd: رهبةً من وحدة الرصد بـ #وصال ..معمم يغلق المايكروفون أثناء سبه للصحابة رضي الله عنهم ..!!!#محرم #العراق #البحرين #السعود…	0	0
صحيفة الجارديان البريطانية التى وصفها المسلمانى الانقلابي الخائن بالكذب توجت الأسبوع الماضي بجائزة فرونت لاين كلوب	1	0
المصري اليوم عندما نشرت ملخص المؤتمر وضعت الجملة في غير سياقها وكأن ليس من حق شباب الثورة الوصول للسلطة وهذا عكس مبادئ حزب الوسط تماما	1	0
#الأمم_المتحدةالرمم المتحده تعجز عن اخراج بوتن من سورياولاتعجز من دخول وطني العراق وسرقة نفطه	0	0
الرجوع للحق فضيلة حمد الله على سلامة أحمد السيد النجار	0	1
المظاهرات أمام سفارة #الامارات_عاهرة_الخليج في #جمعة_الحسم #راجعين_30 #الانقلاب_العسكري	1	0
ارجو الدعاء للراحل العظيم محمود السعدنى __ اليوم ذكرى وفاة الولد الشقي	0	1
@mohamed49759964 طب بقولك ايه شوفت حته رمضان صبحي اللي عملته عند الخط وادتهالك ضيعته😂	1	0
كتابات الموقع | مقالة بعنوان: الاعلام الغربي والارهاب، الازدواجية والتوظيف / هادي قبيسي  #اميركا #داعش #جبهة_النصرةhttps://t.co/KNO3WXmGbN	0	0
لا أهاجم مرسي لأني أستكثر عليه الرئاسة بل لأنه كذاب ومخلف لوعوده وفي رقبته دماء شبابلا أسميكم خرفانا فحتى الخروف يستحي أن يدافع عن كذاب	1	0
@Hafez_AlMedlej مبروك فوز المان يونايتد وغدا سيفوز ريال مدريد	0	1
هذا الفرق بين الشرعي والمغتصب من تغريدات الرئيس بمناسبة #عيد_العمال العام الماضي ولهذا حاربوه …عجل الله فرجه # …	0	0
تصرفات القادة !! نعم لأردوغان مصر !	0	1
RT @turkyepost: #أردوغان : إذا كان المرتكب غير مسلم لا يسمونها عملية إرهابية ولا يتحدثون عن الإرهاب اليهودي والبوذي والملحد #تركيا_بوست	1	0
RT @wesal_rsd: انزعاج المرجع الشيعي محمد تقي المدرسي من استمرار بث قناة #وصال !#السعودية #الكويت #العراق #وحدة_الرصد #ايران https://t.c…	0	0
كيف لإنسان في كامل قواه العقلية أن يقدم نفسه للشهادة من أجل واحد بهطالة مرسي؟	1	0
مقال النقاب على موقع الشروق وفي كتابي مصر على دكة الاحتياطي ليس هذا موضوعنا الان اردت فقط ان ابين كيف يسلك الفاشيون عندما تختلف معهم	0	0
المشكلة ان خطاب الاخوان لو عدوا من تلاتين ستة هو هو الخطاب الفاشي اللي شغال دلوقتي من الليبراليين	0	0
عندما أنظر للعيون والشعرأنسى أنني شخص يائس أجل إنني المغرم الولهان المتيم بتلك التي تدعى #ميريام_فارس ❤❤بعشقك ميرا https://t.co/roi3unpC3c	0	1
في #تركيا تعمل الدولة جاهده لتفريغ 300 الف عالم للبحث العلمي للوصول الى عام 2023 وبإشراف مباشر من #اردوغان دققوا التصن…	0	1
"المعنى الحقيقي للوطنية المعنى الحقيقي للضحكة الصافية #باسم"""	0	1
RT @skills_sa: ليست المره الأولى تنجح في شوط المدربين فقد فعلتها مع العراق ولكن الشيء الفني الجميل هو إدخال فهد المولد كمهاجم في الوقت المن…	0	1
تكاليف محاكمة مرسي تتجاوز 50 مليون جنيه الانقلاب انفق 50 مليون جنيه لمحاكمة فى زمن لم يتجاوز 50 دقيقة والشعب بيشحت	1	0
الشكر ليك انت#مات_ضمير_العالم#ستبقي_حلب#حلب_تباد https://t.co/FQJ5SIWSkE	0	0
@malak_alhusaini يااارب افوز معك ابي ايفون الله يسعدك	0	1
#حلب الجيش السوري يساعد النازحين السوريين  https://t.co/3Jkom4cdun	0	1
قاللك هيعملوا موقع بدل يوتيوب وهيسموه يوتيوس وهيبقى عليه رقابة من الخرفان	1	0
#هذة_مصر عز و فخر لهذه الامة	0	1
"مؤتمر"" المفكرين"" في أبو ظبي :العالم يعيش ثورة العلم والتكنولوچيا والتواصل الإنساني ونحن نعيش حقبة الجهل والكذب وغياب القيم حزين عليك يا مصر"	0	0
#تطبيقات #ابل❤️ لعبة #ماريو لاحد ينساها•https://t.co/O8MK8GJ5M8• https://t.co/hFj2137ANs	0	1
RT @Yasseeeer_H: #افضل_طقم_لروجر_فيدررحرام أذكر طقم واحد ، أطقم كثيره حلوه و كشخهودائما الأحمر أجمل على #فيدريروهذا الطقم جدا عجبني ا…	0	1
يا أستاذة تيريزا خلافي مع الاسلام السياسي معروف لكني لن امارس خلافي على حساب الحقيقة سأحترم اختيار الشعب مهما اختلفت معه	0	1
الانفلات الأمني الموجود ليس نتيجة لضعف الأمن وحده، ضعف مؤسسات الدولة وتراخيها أدى إلى تمرد على سلطتهاالدولة في خطر ولابد من إعادة السياسة	0	0
مرسي بيعمل جلسات الحوار الوطني عشان يفرح لما يلاقي حد يقول له السيد الرئيس فينسى اللي حصل وبيحصل له في المحافظات وقدام الإتحادية	1	0
"صحيفة المصري اليوم/ بالفيديو #توفيق_عكاشة : هيفاء ""ولية ناشفة محشية طوب"" وهت - عبر تطبيق نبض"	1	0
نبكي الطفلة فتحية التي باتت بلا بصر أم ضحايا تفجير بنغازي أم#اغتيال_الشيخ_نادر .#بنغازي#طرابلس#قنفوذة#ليبيا#وطني_يؤلمني	0	0
#اليمنية| #السفارة_السعودية بـ #مصر: #الميليشيا خرقت الهدنة 50 مرة فى ساعاتها الأولىhttps://t.co/gsElUSb6Cd#التحالف_العربي_سند_اليمن	0	0
تهميش المثقفين والنساء والشباب والمجتمع المدني بتشكيل التأسيسية وتغليب الحسابات الضيقة لبعض الأحزاب المدنية لا يمكن أن يقبله الرأي العام	0	0
RT @rabaaaa18: خليفتنا #أردوغان رضى الله عنه ينام على الهواء خلال كلمة بوتين فى مؤتمر مشترك بإسطنبول وخبيريؤكد ان فخامته مرهق من شدة العمل…	0	0
من الأمور الهامة لتنمية #الحب بين الزوجين التفاعل مع أزمات شريك #الحياة فلذلك أثر كبير في بناء المودة بين الزوجين وجعلهما أكثر قربًا ومحبة	0	1
إذا استمرت القيادة المصرية الحالية في نهجها فسنرى تمردا وإرهابا في #مصر	0	0
#يوم_اللغه_العربيه#اليوم_العالمي#جامعة_الإمام#اللغة_العربية_هوية_ومواطنةلقد أسعدتنا زيارة معالي مدير الجامعة وس… https://t.co/6I2ldLWKWd	0	1
مقدسااتنا اخواننا العرب ينادوننا هل ننتظر الضمير العالمي واين هو الضمير العالمي ؟اهذه هيا عروبتنا ؟! #القدس	0	0
@FrelKitsune @ThePliskin كلام فاضي، نظام الجهاز ويندوز 10 ويقدر الشخص يتصفح عربي فيه. وكمان تعريب الجهاز شيء، وتعريب لعبة شيء ثاني.	0	0
#عمرو_اديب هو ايه اللى بينا وبين حكام قطر الذين يعادون #مصر و جيشها و رئيسها ؟الجواب هو تجنيد الموساد و سى اى ايه  لهم وغيرهم لتنفيذ مخططهم	0	0
RT @a_alalkami: بالنسبة للشرق الاوسط وعلاقته بالانتخابات الامريكيةفللاسف لن يحدث جديدهيلاري مؤمنة بفلسفة اوباما بالمنطقةتقليل النفقات(ال…	0	0
اسماء شهداء الثورة #المجد_للشهداء #ريتويت كتير جدا بقى	0	1
@Ah_37_ راح يشلخونكم الساحر ميسي والمجنون سواريز ونيمار11ي ططططححححااااالللبب🐸🐸🐸🐸🐸🐸وبتشوف👈🐸🐸🐸🐸😂😂😂	0	1
# اعجبني رأيكوان رفضت التعميم سلبا اتفق معك ان موروث مصر الحضاري هو نواه مشروع الوسط للبناء عليه	0	1
اطفال اليمن تقتلهم طائرات ال سعود يارب أنت الحكم  #عايز_من_مصر_اي #سلوفينيا #عمرو_اديب #افصل_واسمع #مصر_للطيران https://t.co/lxwdLYRweC	0	0
وول ستريت جورنال:احتمالات حدوث إنفراجة في الأزمة بين موسكو وواشنطن بشأن حلب https://t.co/u5P5WAce7S	0	1
RT @QablQalel: مندوب اﻷسد بشار الجعفري واضعا يده بحميمية على ظهر مندوب مصر خلال حديثهما قبيل التصويت لروسيا..#مصر_تصوت_لصالح_المشروع_الر…	0	0
#حلب إنطلق منها نور الدين فضم دمشق للجبهة الإسلامية سنة 549هـ وحقق بذلك توازن قوى مع الصليبيين ليبدأ بمجاهدتهم بكل قوة وإقتدار#ستبقى_حلب	0	1
#أنا_حازم #انصاف_الاخوان#الثائر_البغل #مرسي_رئيسى #سنحيا_كراما #الديوث_برهاميوس#انتخبوا_العرص #_	1	0
@Shanab0o ههههههه اليمين المتطرف احسن مِن الاجنبي بعدين كندا - استراليا كلها ايمقرنتس مافي احد كاشخ عَل الثاني	0	0
يوسف الحسيني بالفيديو يفضح كذب قناة #الجزيرة ويكشف تمثيل الاخوان دور الموتي تحت اشراف قناة الجزيرة …	0	0
عندما يكون طموح انسان أن يبوس البيادة او يجلس تحتها حتى لو باع كرامته وشرفه وأهله ثورة دى ولا انحطاط	1	0
اللهم زلزل بوتن وقواته وطائراته وجعل حلب مقبره لروس وقوات بشار الأسد ومليشيات إيران الطائفية اللهم دمرهم جميعا اللهم عليك ببشار الأسد وزمرته	1	0
#ﺍﻟﺸﻌﺐ_ﻳﺮﺩ_تحية_الرئيس #انتخبوا_العرص #خليك_مصدق ان #الاخوان ارهابيين بدليل ان مات منهم بعد الانقلاب اكثر من 3الاف	1	0
#مجلة_النجوم2 #احمد_حلمي @ahelmy يشكر #مهرجان_القاهره_السينمائي و #طارق_الشناوي ع كتاب حلمي...خارج السرب https://t.co/JS4zsPhAVz	0	1
RT @AzozAlsaigh: الحمدلله على نعمة الاسلام الصحيح❤️! #عاشوراء https://t.co/bmyrnkfaFP	0	1
النجمة الجميلة نادين نجيم 😘😍😍في #في_بيتنا_ضيف 😍✌🏻️ندون عنوان الجمال ، الذكاء والاناقة ❤️#نادين_نسيب_نجيم… https://t.co/eqtQ4n0ZnU	0	1
لا أريد التعلق بأحد ثم يرحل ......🌸🌿. 💔  فوجع الرحيل اشبه بأستئصال عضو من دون مخدر...........🌸صباحكمم_جستن بيبر~ https://t.co/0bqVNaKGGY	1	0
#اكتب_رساله_لشخص_دون_ذكر_اسمه الحياة ي صاحبي أجمل من بشاعة الحزن لا تحزن ابتسم وتفائل دائما ، وكن على يقين لن يصيبنا إلا …	0	1
في عهد مرسي تم قتل 134 مواطنا واعتقال 3400 مواطن مورس عليهم تعذيب بشع وهناك عشرون حالة اغتصاب للرجال لماذا لم تعترض امريكا على حليفها مرسي	0	0
Retweeted د . محمد الجوادي (@GwadyM):الحمد لله الله اكبر ولله الحمد اليمين المتطرف يتراجع  الآن  في... https://t.co/hGnkPFaCL6	0	1
RT @SYRIA_KIDS: شكراً #بشارآثرتهم على نفسك .و زفَفتهم للجنة شهيداً تلو #شهيد وألقيت بنفسِك في حفرةٍ مهما أمتلأت /تصرخ :( هل من مزيد ؟…	0	1
الانقلاب يقتل السوريين في البحر قبل ان يدخل على الفلسطينيين من الجو المصريون ذاقوا كل الاصناف	0	0
كتب احد السوريين الجيش امتص دمنا اربعين عاما ثم قتلنا نحن فى مصر عانينا نفس المأساة ولكن لستين عاما	0	0
11 عام على اغتيال جبران تويني والمجرم مازال طليقا | #نصيةللاستماع: https://t.co/Fh7vi59n00#راديو_أورينت #سوريا https://t.co/Xr8mmgaC2e	0	0
لم يجد الاعلام الغربي والاعلام العربي المقلد سوى خبر القرد الليبي فهل يريدون نشر صورة سيئة عنه مثل مثيله الافغاني https://t.co/n6L5O4Z6Iw	0	0
@ezari85 😂😂مين رامي ومين عياش !	1	0
ماذا فعلت بمصرنا الغالية ياسيسي؟ ماذا فعلت بازهرنا الشريف يا طيب؟ 12 الف طالب ماليزى يرفضون اكمال تعليمهم	0	0
@abood_6999 @ae7a264d6d1b4b5  مفروض نعوّد الناس تبدأ تتصرف بإحترام بدون ما يكون وراها هيئة، عيب إن حنا بلد الإسلام وما نعرف نضبط نفسنا	0	0
ريكي مارتن بقي بسكلتة https://t.co/nJoXdTfFfl	1	0
إخلع أي ملابس حمراء ترتديها، جنود الموت حولك لن يرحموك، كما لم تمنعهم براءة أنس وطفولته من قتله ٥ #مذبحة_بورسعيد	0	0
#روسيا/ #لافروف: مقتل وجرح أطباء روس في #حلب عملية مخطط لها سابقا والدول الغربية تحافظ على مسارها بدعم الارهابيين #عاجل_بابليك_برس	0	0
#اللى_رافضين_السيسى_رئيس_بيعملوا_فولوا_لبعض #انتخبوا_العرص #مرسي_رئيسي #سيناء_خارج_التغطية #سأنتخب_السيسي	1	0
وفاة 5مدنيين في الحويجة لنقص الدواء بسبب حصار داعش على المدينة  #ولاية_الأنبار  https://t.co/t2JeMJYdyK (	0	0
المجرم #لافروف يقول : من يهمه الأوضاع الانسانية في #حلب عليه تقديم المساعدات والتوقف عن الثرثرة !	1	0
بعبارة أخرى ليس هناك فرق بين حلف الذي يشارك فيه #المغرب والذي يشن عدوان على شعب #اليمن وبين حلف #روسيا +  #الناتو مع #الأسد ضد شعب #سوريا	0	0
الموت غرباً وشرقاً وجنوباً 😥 ...ربي نرجو رحمتك ونخاف عذابك فأمنن علينا يا الله بفرجٍ قريب يُعز فيه أهل طاعتك ويُذل فيه أهل معصيتك... #ليبيا	0	0
تأكدوا أن التزام الرئيس بالقانون والحفاظ على استقلال القضاء وتدعيمه هو فى مصلحة الشعب قبل أى طرف آخر	0	1
قلت للرئيس شباب الثورة لفقت ضدهم التهم من اجهزة الأمن وانت تسال اجهزة الأمن عن الأبرياء فيهم هل تتوقع ان تعترف اجهزة الأمن بالتلفيق وتعتذر	0	0
الرائع توفيق المنجد - مقطع من قصة المولد النبوي الشريف - كل عام وانتم بخير - YouTube https://t.co/DN5KAlJUko	0	1
لو صرخ #الفلسطينون بشعار البرائة لم تجرأت #اسرائيل من منع #الاذان في #القدس.اصرخوا قبل ان يمنعوكم في بلدانكم من رفع الاذان.	0	0
يا بركان الغضب يا موحد العرب .. !!😔#القدس ❤❤	0	0
فيه من ريحة الغالي هاري بوتر 💔 https://t.co/eovXq4WLsN	0	0
كل اناء ينضح بما فيه، عن حمله #السيسي و #حازم_عبد_العظيم اتحدث	1	0
لَبّس الحب بيونسيه أكثر من مرة وهذا من أسباب حبي له أيضا. https://t.co/r1NMV2YDWU	0	1
خليكم عم تصوتوا. نحنا بالصدارة دائماً😌✌ #نادين_نسيب_نجيم #نادين_نجيم #نص_يوم https://t.co/E3spMuKb0q	0	1
RT @AhmedAASultan: محرر بريطاني عمل مع CIA إبان غزو العراقيكشف تزييفهم فيديوهات لتظهر في الإعلام أنها عربيةوطرق تعقبها بمساعدة جوجل وبموا…	1	0
"#بلحه_نيته_سوده  هآرتس: كلنا مع الجنرالات ومع السيسي ""بطل إسرائيل""  https://t.co/3TBE8mx8Qr"	1	0
RT @roujrF: #افضل_مباراة_تنس_شاهدتهاويمبلدون فيدرر ٢٠٠٨	0	1
#الاتحاد_برس بشار الأسد يربح الانتخابات وجيشه في لبنان ودمار للخليج.. هذا ما ... https://t.co/qJkfxlfrjv #سوريا #مصر #أخبار	0	0
RT @itti_juve: مع هدف الباراغواي رجعنا لنغمة ميسي احب اذكركم ميسي مالعب قدام تشيليفي دور المجموعات بالكوبا وفازت الارجنتينولعب النهائي و…	0	0
تأسيسية مين يا أبو تأسيسية إنت ناس إتقتلت تقوللي تحسيسية يا شيخ روح انت وهي إلهي ينتقم منكم واحد واحد	1	0
#حلاوتك_وانت عامل نفسك دكر و راجل قدام امك و بتبقى مرمطون و شخشخية ف ايد البنت بتاعتك #استرجل	0	0
"رآمي عيآش ""شعرهآ بيطير على خد حرير"" 😬 https://t.co/n0Dzm5DGjY"	0	1
البعض يواجه مشكلة في تغيير نسبة الإضاءة في نظام ويندوز 10المشكلة موجودة بكثرة قبل تحديث ميكروسوفت السنوي اللي صدر قبل فترة ليست بالطويلة.	0	0
منهج الانقلاب قتل وقمع وسجن اى معارض اعلام فاسد وقضاء مسيس ارتفاع للاسعار واقتصاد ينهار عزلة دولية وشحاتة خليجية	1	0
"""#الهولوكوست"" أبشع جريمة عرفتها البشرية في العصر الحديث"	0	0
$- المدنيين الذين جاء #الناتو زوراً لحمايتهم في #ليبيا تمت عسكرتهم ليقتلوا بعضهم بعض .	0	0
لماذا يتعمّد الإعلام الغربي كتابة Mecca بدلًا من Makkah؟ https://t.co/InGXDP1v1F	0	0
د أبو الفتوح في العاشرة مساء : أنزعج الآن من الأداء الأمني و هناك تباطوء متعمد من الجهات الأمنية في عودة الأمن لمصر	0	0
اهلا بيك فى وطنك تشرف اى حد يابطل #أحمد_شفيق	0	1
سيلفي للذهبية 👇الفنانة #نوال_الزغبي @NawalElZoghbi باطلالة رائعة بإبتسامة جميلة باحدث صورها 💋 https://t.co/8ByB5Fmbib	0	1
ياريت الأهلي و حسام البدري يشوفوا أحمد الشيخ بيعمل إيه عشان حرام عليهم والله😡	1	0
الفرق بين المرشحين هيلاري كلنتون وترامب ١-هيلا كلنتون 👈🏻عدوا مخفي ٢-ترامب👈🏻عدوا واضح	1	0
صدق من قال لاتستطيع شراء الاخوان لانهم قوم لاسعر لهم لايبيعون آخرتهم بدنياهم لايرضون بغيررضى الله بديلا لله درهم وطوبى لهم #انصاف_الاخوان	0	1
شعب يعشق العبودية #اللى_رافضين_السيسى_رئيس_بيعملوا_فولوا_لبعض	1	0
"""#استهداف_النازحين_بحلب"".. جريمة حرب على مرأى ومسمع الجميع، متى يتحرك ضمير #العالم تجاه مأساة #السوريين ؟!!#أنقذوا_حلب#سوريا"	0	0
RT @manolhs9: @BaderALhjraF حرام عليهم 😰 ياربي لك الحمد على نعمة الاسلام	0	0
@BaaSerah @hasan201511 وبعد تسليم السلاح يسلمون الجبهة وأفرادها للروس كإرهابيين وهذا قربان لرضى المجتمع الدولي عنهم هذا مايريدونه	0	0
اسرائيل منعت الاذان في #القدسخلينا احنا كده #لنا_الله	0	0
@WAZJ81 @a4EaA6ogaKArvKT @hjab2030 @a_1k2 جبهة النصرة كلهم سوريين من اهل الشام يا كلب المجوس	1	0
☆مادام عقيدتك في غلاء اﻷسعار مرتبطة بالدولار، وليس بسبب ذنوبك ومعاصيك فدولار في إرتفاع مستمر ...!!!#ليبيا#طرابلس	0	0
RT @yousefalawnah: معمم آخر موديل شغل غوتشي😂😂😂 https://t.co/F2mOrNE1Pj	0	1
#السعودية #الرياض #مكة #المدينة #الدرعية صورة من الماضي الجميل لشيخ علي الطنطاوي رحمة الله في شهر رمضان بعد الافطا	0	1
""" وليس لديه عيادة ""بس يسوي دورات تنمية بشرية يضحك بيها عالناس بفلوس، اعلانات ، صفحة فيسبوك والخ ....انسانية 😜😂😂😂… https://t.co/eceLoY3nky"	1	0
الامن والامان في حكم العسكر اصبحنا فعلا اضحوكمة العالم #انتخبوا_البرص	1	0
5 ألم أقل لكم إنها ممارسة فاضحة لازدواجية المعايير وتخوين المعارضين أملي أن لا تبتلع بعض قطاعات الرأي العام الطعم مجددا	0	0
الأرسناليين الي يدافعون عن فينقر وصلون لمستوى حومة تسبد ما عمري وصلته، مدرب محترم وكبير وقدير، بس خلاص ياخي كل شي له عمره! #ارحل #فاردز #طس	0	0
@ayman_mansour09  اسعار نصب زي ما تقول واجد مبالغين فيها شوف اسعارها في امازون او متاجر التجزئة بدبي اقل بكثير ويمكن الوكيل اقل من اكسترا	0	0
كلب دجال حقير كان يقتل اطفال سوريا ويحارب مع جبهة النصره الارهابيه والان يتباكى على حلب لماذا لم تتباكى عندما قتلوا… https://t.co/9hxmUSSK6B	1	0
هذا إن أشار أو وشى، فإنما يشي بإنه مفيش أي قيمة وطنية موجودة عند هذا التنظيم ولا أبناء هذا التنظيم	0	0
مليون انسان سوري يحاصرهم #الأسد .. #الأمم_المتحدة ستبدأ غداً عمليات إيصال المساعدات جوا إلى المحتاجين في سوريا	0	0
@RTarabic اي جيش تقصدون طيران روسيا المجرم ام عصابات ايران ام مرتزقة حزب الله ام عصائب العراق تكالبتم على عزل لا يملكون قوت يومهم	0	0
صامت على الانقلاب مثل رجل شاهد خيانة زوجته فشرب عصير ليمون سئل:ماذا فعلت قال:عملو ليمون لنفسهم	1	0
RT @saadalbreik: أوباما قال للملك عبدالله لديكم مخزون نفطي عظيمفقال الملك عندنا أكبر من ذلك عندنا الكعبةفي إشارة إلى جيش الكعبة #جاستا_…	0	1
#SuperMarioRun حملتها والله حلوه 😂😂❤️ انصحكم فيها، وقت الطفش تفك ازمة صراحة .	0	1
هذه مسرحية من إعداد وتاليف كيري أبو العكازة الاطرم وإخراج لافروف بوتن الخبيث لابادة الشعب السوري الشريف. https://t.co/YNrT2KXuGW	1	0
ويندوز 10 احسن من 8 و 8.1 بكتير	0	1
كونوا على يقين أن هناك شيء ينتظركم بعد الصبر ليبهركم فينسيكم مرارة الألم و الحزن و التضحيات	0	1
"RT @OsamaAlamri99: لله درهكلام ماتع""لن نتخلى عن الإسلام لو تخل عنه العالم اجمعياأخي نحن لسنامضطرين أن نرضي خلق الله ونكفر ونجحدبالله http…"	0	1
3 الدم المصري كله حرام، أدين الاعتداءات على مقار الإخوان والحرية والعدالة وكافة أشكال العنف، جميع الضحايا مصريون لا فرق بين إخواني وآخر	0	0
#عاجل| #ليبيا.. اصوات اطلاق نار كثيف في مناطق المشروع - ابوسليم - صلاح الدين - في #طرابلس.	0	0
@UNRadioArabic ماذا عن التدخل الامريكي في العراق ؟ و الروسي في سوريا ؟ و الايراني في العالم اجمع ؟!	0	0
🚫 للتذكير فقط✅ لمن توقفين قدام بوابة المول وقدامك عشرين واحد يتغزل فيك ويتحرش بكلاتظنين اني بقبل طلبك وبركبك 😔#اوبر#كريم	0	0
لا بس ابديت ويندوز 10 وانه بقي فيه ابليكيشنز للفيس وتويتر والماسنجر والحاجات دي حوار والله شابوه فشخ للي عمله.. حاجة موبايل خالص :D	0	0
"كاردشيان تتعاطف مع حلب و تقترح مجموعة وسائل لمساعدة السوريين النازحين !!!و الحكام الكاردشيانات العرب و الخليجيين ""المسلمين"" و لا نخس  ..."	1	0
سريخيو راموس وقع مع ريال مدريد في آخر يوم من سوق الانتقالات وتحديدا قبل 25 دقيقه من إغلاق المريكاتو !!رجل الدقائق الأخيرة 😍	0	1
@malak_alhusaini  انا ملاااااااااااااااااككككك ارررررجوووررررك اررررررجوووركك يارب تشوفني  ابي ايفون ٧ أهه أهه ياربي 	0	1
بالصور: آخر صيحات العيد...اللّحى تتحوّل إلى زينة للميلاد!https://t.co/eSbJKZqZAC#Christmas #ChristmasOnLDC… https://t.co/gsqhDeeANB	0	0
ما بتحييش العلمطب ريح تكتب الدستور ليه إنتو بتشتغلونا بقى!! #السادة_المحترمون	0	0
يارب انت المنتقم انتقم من القذافى واعوانه وانصر ثوار ليبيا البواسل والاشاوس واحمي اهل ليبيا من مكائده يارب	0	0
"د.جميح لجوزيل خوري ""أليس من العيب أن يلتقي #كيري رأس الدبلوماسية #الأمريكية بناطق مليشيات، ويرسل أحد موظفيه للقاء رئيس الدولة هادي !!"""	1	0
يخرب بيت متعتك يا انيستا ،كيف يوازن الوسط ويهدي ويسرع رتم المباراة على كيفه	0	1
"#النداء_الأخير#حلب_تباد#ستبقى_حلب""وتلك الأيام نداولها بين الناس""صدق الله العظيماجلاء بعض المدنيينhttps://t.co/O9R5tDz3CC"	0	0
"#حمدين_صباحى:سأفوز بـ""الرئاسة"" وشعبية ""#السيسى""تتراجع بانتظام بسبب ""الأخطاء"" -حد يخبطه على دماغة الحزين ده خليه يفوق"	1	0
#خلق_جميل تحترم اي امراءة وماتجرحها لابقول ولابعمل	0	1
انتي اصلا مافيك فايده #كلمه_بتتقال_في_البيت_كل_يوم	0	0
سخرية القدر ان الاخوان بارهابهم حينجحوا #السيسي و الدولة بغباءها حتنجح #حمدين #مصر 6 #6ابريل	1	0
انا محنيش جبيني غير لرب الخلق ، ولا بالحرق ولا بالشنق أموت والجنه عنواني الله يرحمك #جيكا	0	1
يا غنوة مبتكملش يا دمع يا محبوس ليه كل ما أحلم حلم بقى يتقلبلى كابوس #محمد_محسن	0	0
@RTarabic @periscopeco تضامنا مع جبهة النصرة	0	1
"القرموطي لـ""المملكة"": ""كلامكم جارح ولن نقبل معايرة أو ابتزاز.. وموقفكم يخدم إسرائيل""  https://t.co/hyurVG2NUS https://t.co/ZONhfF9Umg"	0	0
#المجتمع_الدولي_بين_الصمت_والخذلاناللهم لاسؤال إلا لك ولا رجاءاً الا فيكاللهم انصر عبادك في سوريا وحلبفإنه لا مع… https://t.co/06hstV75WN	0	0
#حملة_الا_يوسف_الحسينى #يوسف_الحسيني حرقهم علشان كاشفهم من زمان أويغلطة ومش هيكرروها تاني …	1	0
هاي مش كل واحد بيألش ولا كل واحدة مضايقة شوية ولا أي حد يجمع بوستات على فيسبوك يعملوها كتب .. حرام والله أغلب... https://t.co/MaWl6uJ7UX	1	0
@DrAl_Lawati الخطيب هو من كان يتباهى في الجامعة العربية بمساعدة اميركا لهم	1	0
بلد بنت وسخة #المنصورة	1	0
@_NOLE1اللي متعصب في التنس حارم نفسه متتعه عظييمه انا من مشجعين نوفاك ما يعني ابدا اني اكره مشاهدة فيدرر ونادال وموراي وديل بوترو واساليبهم	0	1
السفارة المصرية العظيمة في السعودية بتوزع منشورات علي المصريين لكي يصوتوا بنعم في الاستفتاء علي الدستو	0	0
RT @pixymist: @alhamer_ هامر محطيه جستن بيبر... طحتي من عيني	0	0
موقف الاخوان من جوه برلمانهمشلت بلطجية،200 جنيه،شريط ترمدول،وجباتنتذكر سوا #السادة_المحترمون …	1	0
@AdelAliBinAli لله درك #قطر وقادتها#قطر تلغي الاحتفال بـ #اليوم_الوطني تضامناً مع #حلب   #سوريا #ستبقي_حلب… https://t.co/wV2pFqGjdD	0	1
لماذا يحكم العالم الأكثر خسة ونذالة ...!!!بوتن مثلا ! اوباما ايضا!الصين ايضا ...لكن الأكثر خسة بلا جدال السيس مع بشار والعبادي وخامنئي	1	0
#عن #جواز_الصالونات اللي بيتعب الاعصاب	0	0
ماتدافعش عن الكذب وتقولي أنا مش إخوان مرضك ده ليه علاج على فكرة إنك تبطل تعيش في قطيع الجماعة وتشغل مخك شوية	1	0
"و في النهاية ذهب النشطاء والاشتراكيين والعلمانيين و الكفرة الي غزةوظل الاخوان يهتفون في الازهر ""رايحين شهداء بالملايين"""	0	0
RT @bin_naser1: الف مبروك اول ثلاث نقاط ف التصفيات البداية من هنا لاتراخي مع فوساتي والله ياجماعة فرحة الجمهور أجمل من النقاط المهمة الله ي…	0	1
اللي شتموا وكفروبلال والاسواني دلوقتي زي العسل على قلبهم عشان مع القرار واللي اتهموا البرادعي انه عميل بيستشهدوا بيه ضد القرار #عبث	1	0
@Bankerchy ههههههههههههههه اي ذكرني بعيد ميلادك اجيب لك نفس بومة هاري بوتر تستاهل	0	1
في مصر توافق الناصريون والسعودية في موقفهما ضد الاخوانوفي سوريا الأول يدعم حليفه بشار والثاني يسعى لإطاحتهنفاق سياسي فج …	0	0
يا ريتكم تحبوا بلادكم زي حبكم لجمع المال#طرابلس#بنغازي#ليبيا	0	0
"الله ينور عليك يا دكتور عبد المنعم ابو الفتوح، الهي ما تنضام ابدا انا من عندياتي باحبك #3"""	0	1
انا بحب أخويا	0	1
مصر لشعبها وليست لسويرس والعسكر مصر لن تنام الا عندما تعود الشرعية لن تحكموها أبدا بالرصاص والحديد والنار	0	1
مصر حسمت هويتها منذ مئات السنين بأنها دولة مسلمة وعربية وقبل ذلك بأنها أم الدنيا التى تفتح أذرعتها للجميع وتتواصل مع كل الحضارات #	0	1
سلام اناابنة استاذايمن شويقي أوصاني أبي بان أوصلكم رسالته وهو بخير وصحته جيدة ومعنوياته مرتفعة ويشكر كل من سأل عنه ويبشرك…	0	1
"#حياتنا_عباره_عن قال شيخ الإسلام ابن تيمية رحمه الله تعالى  ""القلوب الصادقة والأدعية الصالحة هي العسكر الذي لا يغلب"".#ستبقى_حلب"	0	1
@BawazeerAlaa @hureyaksa وهؤلاءما هم الا فيسبوك وتويترولم يتحدثواعن اليمن بكلمة واحدة وجالسين يغمزون ويلمزون بمن يحرراليمن الان اتحداك تنكر	0	0
بيبآن من سلامي .. بيبان من كلامي ..بشتقلك وكل مآ فيآ بيشتقلك معآيآ 💔#اليسا	0	1
RT @HadiAlabdallah: صور مؤلمة لأطفال جرحى أصيبوا بالقصف الروسي على الأحياء السكنية في #حلب ..القهر .. الألم .. الوجع .. أضحت مفردات عاجزة…	0	0
RT @AlJarasMagazine: #روبيرت_دنيرو: #ترامب كلب صوتوا لـ #هيلاري_كلنتون - بالفيديو @realDonaldTrump @HillaryCli... https://t.co/fuzvVHyBaT h…	1	0
#السيسي جاب #كريمه_الحفناوي و اخريات اتصور معاهم #انتخبوا_ابن_الصهيونية #__	1	0
يا ذا المرض 😂👌🏻 #MannequinChallenge https://t.co/X4BBXbn26l	0	1
للمعلم كتاب موجز وممتع عن التعليم الالكتروني #معرض_الكتاب #معرض_الرياض_للكتاب 2020 …	0	1
وجاء مرسي وخطب في الناس بدون حماية ،منظر رائع، شئ يدعو للفخر،ثم ظهر صفوت حجازي اللعنة	0	0
RT @DasmanNewsCom: دسمان | إيران تصفي ضابطاً أهوازياً رفض القتال في سوريا - https://t.co/AKXsTpQ1Pg	0	0
@naji1290 @aliye2055 لعنة الله على حزب الاصلاح وعلى من اسسه حزب نجس بن حرام	1	0
دورى السيسى #مرار_طافح	1	0
البوب ستار #رامي_عياش بفندق الحبتور بمناسبة العيد الوطني الاماراتي..❤#رامي_عياش #ramyayach @RamyAyach https://t.co/o5DGC9ONJr	0	1
الليلة11مساء نستمرفي كشف إغراض الجزيرة وحملتها الداعمة لتنظيم الاخوان الإرهابي مستخدمين تقاريربعدسة الجزيرة نفسها #مصر #الإمارات #لبنان #قطر	0	0
"RT @eiad_tennis: #فيدرر :""الحافز لدي اقوى من اي وقت مضى..و اتطلع للمشاركة في #استراليا_المفتوحة ""#Federer #RogerFederer https://t.co/QxGO3…"	0	1
الإعلام التقليدي في مواجهة الأخبار الكاذبة في أمريكا وتويتر لإنقاذ الأرواح في لبنان   https://t.co/air4qcj5JK via @MC_Doualiya	0	0
#بالميرا_نيوز#حلب_الشرقية#شاهد////الدمار الذي خلفته عصابات روسيا والمجرم بشار وميليشيات الشيعة الإيرانية... https://t.co/1LTwLtDYSD	1	0
🔴اللهم ياكريم انصر اردوغان ومن معه واجعل تركيا كما كانت الدوله العثمانية التي وحدت الامة الاسلامية والتي تجمع المسل… https://t.co/rNxjAFuKJ9	0	1
@DAfounas @alhayatdaily اذا وما العمل لردع هذا الارعن الفاشي بوتن.	1	0
RT @M__albugaily: هاجموا الحبيبة مصر بضراوة لأنها أيدت المشروع الروسي لمكافحة الإرهاب في سوريا وصفقوا لقردوغان الذي إعتذر لبوتين وأعلن تأيي…	0	0
صورة: كاسياس يحتفل بالانتصار في ديربي مدريد https://t.co/JasRYmGOkb #غزة #فلسطين	0	1
RT @smwj79: كل سيسي وله سلمان يربيه💚 #ايقاف_امداد_مصر_بالنفط	1	0
@91hm11 وين الناتو يا معتوه ؟؟التريس تكسب والـ***** تحسب	1	0
بص يا سيسى انت تعتبرنا ارض من اللي عمال تفرقها دى وتدينى لفرنسا او امريگا ياعم انا راضيه 😂😂وهديگ الفگه اللي معايا 😂😄	1	0
ببساطة هذا الدستور بُني على باطل ولذلك فهو حتما سيقود إلى باطل مرسي كذب على المصريين من أجل تمرير هذا الدستور ولا يمكن أن يفلح من يكذب أبدا	0	0
RT @elgntil: #مصر_تصوت_لصالح_المشروع_الروسيده رئيس مصر اما من يدعى سيسي فهو انقلابى ايدتموه على حساب ارادة المصريين ثم انتم الان تصرخون م…	0	0
#السيسي_هايصالح وهيخاصم :) زى #شفيق ما قتل و اتقتل	1	0
@Miss_justice7 @Sofia_puzzle انا مو ضد دينكم بس خرابيطكم وافلامكم كثيره وغير كذا تشويه لصوره دين الأسلام دين السلام	0	0
RT @ahmdqz: ستفوز كلينتون؛ لتقدم أميركا بعد ذلك قيمها الديمقراطية الزائفة إلى العالم، وأنها زعيمة العدل والمساواة ( امرأة سبقها مهاجر ملون…	1	0
#سلامتك_يا_خليفة إن من حق ولي الأمر علينا جميعا أن ندعوا له بظهر الغيب بالشفاء العاجل اللهم ألبس الشيخ خليفة ثوب الصحة ولباس العافية	0	1
ساعات عينك بتجبرك انها تيجي قدام عيون ناس تانيه متعرفهاش وقتها كل واحد بيسحب عينه و بيمد و يجري عشان يداريها #احساس_غريب	0	0
لما غيرت نظارتي خليتها دائرية كان كل البيت يتطنز علي وصرت هاري بوتر وكل شي والحين كل شوي جاي عندي احد يجربها بيشترون مثلها	0	1
صمت بعض الصحفيين والإعلاميين في صحف الأحزاب ووسائل الإعلام الخاصة عن خطورة تفعيل قانون الطوارئ وتقييد الحريات بل وترحيبها به	0	0
جوجل لازم تشوف لها حل مع كثرة الشاشات في الأندرويد .. على الأقل يسوون زر لو ضغطت عليهيسويلي layout لكل الشاشات أما كذا الوضع لا يطاق !!	0	0
"RT @A_M_Y_Alghamdi: مباراة كرة قدم بين كوريا و إيرانتم وضع لافته في مكان بارز""من هو الحسين""ليقوم الكوريين بالبحث عن الإسلام الرافضيوالت…"	0	1
الشده والحزم والعقاب يسعى الاعلام الغربي والعلماني لمسحها من قواميس التربيه ليخرج أجيال ضعيفه أنانيهوقد حزم وعاقب وشدد الانبياء #تربويات	0	0
ههههههه الله يرحمك ي|#عمنا ♡~`° |#جﻻل_عامر	0	1
كنا     بـ  #ديمستوراصرنا بـ  #لافروفاللهم اكفيناهم بما شئت	0	0
انتشار الاسلام في اوروبا=دعم اليمين المتطرف من خلال انتخابات نزيهه ببرامج انتخابية معاديةللمسلمين واللاجئين بزعم الحفاظ على الثقافةالاوروبية	0	0
"""الدرك"" تحتفل بذكرى المولد النبوي الشريف https://t.co/7z3mPa6cZh جريدة الدستور https://t.co/k9hpGcLSLN"	0	1
اسحب كل كلامي السابق عن جستن بيبر والله انه اسطوره.	0	1
#اوبر_تراست بترفعلك سقف الاحلام ..بأحدث نظام ((بونص و جرانتي)) لشركه #اوبر1- دلوقتي هتقدر تحقق (بونص) يصل اللي... https://t.co/jdOQE2ENaq	0	1
30 إطلالة تثبت أن ميريام فارس هي واحدة من أميرات ديزني - https://t.co/zsZmnmEQ7v -	0	1
#اليمنية| اكاديمي اماراتي: #الميليشيات قتلت الهدنة في #اليمن منذ بدايتهاhttps://t.co/ZkD402SGtW… https://t.co/UAMstNKH62	0	0
ليته هاري بوتر بس الي يحتريني تحت كل شي من المسلسلات والافلام والانميات يحتريني تحت 😭 https://t.co/Elg5Hw8FYs	0	0
ده مش جيل 54 زى ما هيكل كان فاكر ده جيل 25 يناير ورابعة جيل العزة والكرامة والصمود صورة للأسود في الزنزانة …	0	1
انا لحد دلوقتي شايفة اسعار الوان الجواش من ٦٠ ل ١٢٠ والعيال بتلطم عندي في النيوز فيد الله يخربيتك يا سيسي الكلب	1	0
@iSaaso مايكروسوفت مع ويندوز 10 تسير في الطريق الصحيح نتمنى تستمر ولا تغير ما بدأت.	0	1
عايز تنافق أي سلطة وتلحس جزمها ده اختيارك لكن ليه زعلان أوي إن غيرك بيقول رأي مختلفمش كل الناس عندها ميول للتأييد أو النفاق زيكخلقة ربنا	1	0
RT @alsrkhyalhasany: #الصرخي_يردع_داعش_التكفيريالدواعش يدّعون الدفاع عن السنة وهم يقتلونهممقتبس من بحث #السيستاني_ما_قبل_المهد_الى_ما_بعد…	0	0
تحياتي يا بلد	0	1
اللهم لك الحمد حتى ترضى ولك الحمد اذا رضيت ولك الحمد بعد الرضا	0	1
بعتذر يا جماعه على عدم التهادى بيننا بمناسية المولد النبوي الشريف وبقول كل عام وانتم بخير بمناسبة المولد النبوي... https://t.co/QUkApY4Hvd	0	1
"الأب مانويل مسلم: ""منع #الاحتلال رفع الاذان في #فلسطين هو اعتداء على المسيحيين، المسلمون والمسيحيون سيقفون في... https://t.co/YSCvxq8Tvr"	0	0
الاخوان حولوني للجنايات عشان كتبت تويتة بعد المقطم باقول فيها لما انتوا مش قد العنف بترغوا كتير ليه واتهموني بضرب 125 بناء …	1	0
حلب في كارثة إنسانية حقيقيّة!مركز جنيف الدولي للعدالة يرصد فشل المجتمع الدولي في حماية المدنيين وفي منع وقوع... https://t.co/BXlCQAfPAh	0	0
وصل الامر بمصر نائب كويتى يقول لرئيس مصر على الهواء: يا شحات مهانة ما بعدها مهانة رئيسنا شحات يا انقلاب العار يا اعلام العار	1	0
RT @sarafahmmy: اردوغان عامل حفلة صغيرة لبوتين المتوحش اللي بيبد الشعب السوري ،بس شكله كده معزمش خاشفجي على الحفلة  اتفضل يا خاشفجي المايك…	1	0
#أيفون_البروفيسورسبحان الله وبحمده...سبحان الله العظيم💜 https://t.co/7IBxYkNmdD	0	1
اثبت مكانك يا سيسي لا لأمريكا ومشروعها الإخواني الفاشل	0	0
@YT_POST @YouTube كلمة جميلة من سادس الخلفاء الراشدين الزعيم العربي  جمال عبدالناصر عن المولد النبوي الشريف	0	1
ماذا تفعل يا #فيدرر :Oحرام حرام و الله حرام :Pنقطة من النقاط التي يعجز اللسان عن وصفها <3 كوكب التنس نفتقدك :'( https://t.co/dPMsdX4s69	0	0
اهجم اهجم تقدم ودك حصونهم دك لا ترحم واسقهم سم علقم ودق الخشم لخدام اوباما#اليمن_مقبرة_الغزاة#اليمن_الآن https://t.co/suQIN0KX9Z	0	0
إما أن عبد الجليل الشرنوبي كذب أو محمد مرسي كذب، شوف كده مين اللي ليه سوابق في الكذب وإخلاف الوعود واحكم براحتك	0	0
#فيفي_عبده_الام_المثالية # آش أقول واش أضيف مالك وصيف اغنية الروعة	0	0
@hamam82 لو ناديت لاسمعت حيا لا حيء (حياة)  لمن تنادي  #حلب_تباد_بسكوت_العرب#الأمم_المتحدة	0	0
RT @yemenStreetnews: داعش لم ينعشها الا المال السعودي والقطري وكذلك فتاوى الاخوان والوهابيه ..قرضاوي قطر وال الشيخ مكه وبقية علماء السلطان .	1	0
فقط مد اليد والدمج في إطار القانون والسلمية والامتناع عن التوظيف الزائف للدين هي المضامين التي ستمكننا من الدعوة إلى مصالحة وطنية حقيقية	0	0
@Godphobia1 @3lya12 @mm__ss55 @usten_moon انصحك نصيحة صار لك في غرب وقت اذا لماذا لا تستعمل غوغل وتتحقق اذا الغرب لم يعزك فصدق حتى المريخ	1	1
#سما_المصري لـ #ماجدة_واصف: دي غلطتكو انتو__#مصر #مهرجان_القاهرة_السينمائيhttps://t.co/uPLYDTGXh2	0	0
#الصين شريك خفى في كل جرائم #روسيا https://t.co/MQjOu3pyHr	1	0
RT @Alajmi78_F: 🔴ما أشبه اليوم بالبارحه #حمص قبلهاهذه أفعال بوتين وذيله الكلب لـ مدينة الأشباح #حلب والعالم يتفرج❗️الله غالب☝️#حلب_…	1	0
يعتبر الأسواني موقفه من شفيق لحظة فخر في تاريخه يمتد الفخر لأولاده وأحفاده عندما وقف امام صبي مبارك وكشفه امام الشعب فاضطر المشير الى طرده	1	1
"استمرار مأساة غرق شبابنا في محاولات يائسة سعيا وراء ""لقمة العيش""ما هي أسبقياتنا وأين نحن من أهداف الثورة : عيش،حرية،كرامة إنسانية ؟"	0	0
حتى اللى حكتله عن اللى سابوك و قالك ان معاك مش هسيبك سابك هو كمان #مبقتش_تفرق	0	0
#ماذا_لو_المدارس_مختلطهلتفلتت القيم من ابنائنا كمايتفلت البعير من عقاله كفى بالله عليكم من الشعارات التي تثير حفيظة المجتمع المسلم	0	0
#اخر #ساعة #يوم_الجمعة اللهم اني اسألك عيش السعداء وموت الشهداء والفردوس الاعلى بجناتك جنات عدن اللهم امين	0	1
هو مستفز لي مع اني رحت الحرم تلات مرات الحمد لله و ليس فقط لمن لم يذهب يا استاذي العزيز	1	0
@malak_alhusaini ملااك بالله انا ايفون ٧ مبلغ مالي ولا مبلغ من موقع امازون ولا نمشي شنطه ميكب اي شي ابي اجرب احساس الفوز لو مره تكفين😭😭💔💔	0	0
@asd1410 @Annajaf12 @YouTube روسيا ايران امريكا اخرجت صدام من الكويت والنصر سجل للكويت سعد انتصر على الفرس وتقولن عمر برشلونه يفوزون ونحتفل	1	0
البابا شنودة الثالث كان وطنيا مخلصا ومصريا عظيما رحمه الله	0	1
@essamzأهل حلب خرجوا من أيام ولم يتبق بحلب إلا جبهة النصرة المسماة جبهة فتح الإسلام بقيادة الجولاني الإرهابي	1	0
@f32017 @Sesta_53 @AAeat9485 انقذوا اخوكم قبل البحث عن الخطا لانكم لن تجدوه في غوغل موساد اخر زمن ألقِ نظرة على تغريدة	1	0
🔹الثقافة القرآنية🔘 مولد الرسول الأكرم هو مولد للنور والعزة والهداية والكرامة والإباء والحرية.💚ذكرئ.المولد.النبوي.الشريف.	0	1
RT @maher772030230: #من_دمشق_هنا_صنعاء#مندوب_سوريالدى الأمم المتحدة كفوا دموع التماسيح ع حلبوابكوا بدموع حقيقية ع ضحايا #صنعاء https:/…	1	0
الأسواني يروي عن مؤجر شقة:أنا سأطرد صاحبكم لأنه قتل وكذب وغش ونكث وعوده وليس لأنه ملتح و > المقال كاملاً>	0	0
@qo8op @ameer5566771 @kasimf نعم خوارج لانهم خرجو على المجتمع الدولي نعم خوارج لانهم قاتلو ملل الكفر نعم خوارج لانهم حكمو شرع الله حسبي الله	1	0
الناس المؤمنين بالسحر كان لازم نوضحلهم ان هاري بوتر مو فلم وثائقي	1	0
الشيخ معاذ الخطيب “يبق البحصة ” على فيسبوك :شيطنتم الاسلام وخربتم سورية كأدوات لدول اقليمية https://t.co/GKJ3qzrfBo	0	0
@eliaskhz والله ثم الله لاجيبك على وجهك لو انك في قلعة وادرين في لبنان او فلسطين جايبك جايبك و بعدها بعلقك و ادخل سيم مجمر في مكوتك يالكلب	1	0
الجامعة العربية تدين العمل الإرهابي بالكرك الأردنية https://t.co/UhbP3caImJ	0	1
#جهزوا_سواعدكم فعهد ميشال عون هو عهد الشعب العظيم	0	1
"علي سبيل #الآآدمان القـاتل :- "" #ميرنـدآ_تفـآح #شيكولآآته #شيبسي [[ ]] "" لو بتحب حآآجة فيهم لآآيك :)"	0	1
#جزائر #فلسطين #جزائسطينرحلتي الى الجزائر قبل سنة بالظبط من اليوم وبعدها وراح يضل حب هالبلد العظيم وشعبه بكبر... https://t.co/yE3TXhECh4	0	1
انا رفضت وقف فيلم السبكي ورافضه لالغاء مشهد رفع مبارك العلم في سينا انتوا فاكرنها خطوبة وبتقطعوا الصور ده ايه القرف ده #مرار_طافح	1	0
وين مانروح بيطلع صوت الذهبية #نوال_الزغبي يا هيك النجاح والنجومية يا بلا 👌@NawalElZoghbi https://t.co/1PSkoozm3I	0	1
إقتصادها خربان و حيانها جالسين يشعلوا شموع عشان خاطر جينيس 💅🏻 #إلهام #دونيا_خراب #الناتو #تحدي #أندريلي_بوريلي 🤘🏽	1	0
حتى المجانين  يستحوا على أنفسهم من هذا الذي نراه    الإسلام برئ منكم العقل نعمه الحمدلله ثبت عقولنا  على طاعتك  #شرك_الرافضه_في_عاشورا	0	0
حكومة #مصر توافق على ترخيص 50 قناة تنصيرية بينما تغلق 20 قناة إسلامية! التنصير أحسن من الإخوان! …	1	0
1 فكرة المقالة حلوة وأسلوبك في توصيل الفكرة حلو كان ناقصها بس شوية أمثلة لتأكيد المعنىبس الله ينور عليك	0	1
بالفيديو: العماد ميشال عون يحقق أمنية شابة مصابة بالسرطان  https://t.co/F77Zy72hfR	0	1
RT @monther72: @aa_arabic لك الله ياعراق أين أوصلك حكامك بعد أن منحت العراق الأرض لأجدادالترك عندماقدمواهاربين من الإضطهاد الآن أحفادهم يتط…	0	0
#ماذا_لو_المدارس_مختلطهماسك بيدي اليمين الكتب☺️ويدي. اليسار ماسك بنتي يارا الله يخليه لي😂😂💔	1	1
نهنئ إخواننا الأقباط باختيار الأنبا تواضروس بابا الأسكندرية وبطريرك الكرازة المرقسية بناء وطننا يحتاجنا جميعاً معا نبني مصر	0	1
استدعاء نوارة نجم ومظهر شاهين وممدوح حمزه للتحقيق معناه ان مناصرة الثورة اصبحت جريمة عند المجلس العسكري	0	0
اين خالد زين رئيس اللجنة الاوليمبية؟ صراخ وتهديد وشجاعة فى زمن مرسي من خاف سلم والجبن سيد الاخلاق	1	0
نموذج على مدى عبث القائمين على أمور البلاد #اخوان #مرسي #مصر	0	0
RT @q8: تغريدة «مصرية»بمثابة «ضربة قاضية» أحرجت «دونالد ترامب».. وكسرت أرقام «المشاركات»! #دونالد_ترامب#debate https://t.co/qfZWcUTCMp	1	0
سولانج شقيقة بيونسيه تتصدر «بيلبورد» الأميركية https://t.co/eTwyKhCiLy https://t.co/F8AWgzNMJW	0	1
كيوسك الصحافة | #كاسترو بطل للعديد من الأفارقةhttps://t.co/bGEXbm02Jw	0	1
"كل يوم| فيديو- #عمرو_أديب يهاجم ""الشامبو"": ده خدعة وأنا عمري ما أشتريته https://t.co/w3agXY3BVZ"	0	0
التحرش الجنسي ظاهرة لا توجد الا في مجتمع همجي مختل القيم الدين عقيدة ومعاملة وليس فقط طقوس وشعارات يجب أن ترقي العقوبة الي مستوي الجريمة	0	0
سبحان الله بعد تغريداتي حول حزب الاصلاح انبرى مجموعةغيرقليلةبالدفاع عنهم وكلهم يصدرلي رسائله اعلمي انني لست اصلاحياوهولدودبالجدل سبحان الله	0	0
RT @alrowaishany: من أخطر الفيديوهات الخطيرة على الإطلاق.هيلاري كلنتون تفضح امريكا بصناعة داعش بدعم سعودي. https://t.co/3gdUqY4uqs	0	0
Listen to يا توتة الدار #SoundCloudhttps://t.co/a52wSIF5rQيا توتة الدار صبرك ع الزمان ان جار لابد منعود مهما طول المشار يابا#فلسطين	0	1
بعد مصادرة فيلم حلاوة روح, منع #سما_المصري من الغناء! متى يرفع مسئولوا هذه الدولة الوصاية على هذا الشعب؟ #لا_للسلطوية	0	0
رامي عياش 👏🏻👏🏻👏🏻❤️	0	1
#طرب_تايم #ذكرى ياحبيبي وينك انت وين انا الكمان خرررررافي	0	1
ماعنديش مشكلة نقبل او نرفض القرض على اسس اقتصادية،لكن انك تلوي الدين عشان تحلل و تحرم هو ده اللي ينرفز	0	0
RT @mo223322: يبركاتك يشيخ جسمي 😂😂ناوي على اي تاني 😂😂 انجلينا بتطلقبص بقي عليك وعلي سيسي لله يكرمك امدح قي من قلبك 😂😂 https://t.co/aXqpQga…	1	1
RT @alex9_DR_CC_11: سبحان اللهاوباما عارف ان هيحصل حاجة في مصروهو عنده جوه في ماكدونالدز بولاية فلوريدااوباما عند بعد نظر يخليه يشوف مصر…	1	0
RT @thowth__: @vnvnc  😏🔥هاري بوتر ستايل تجنن	0	1
أعجبني فيديو @YouTube على https://t.co/WWcUDKBTQ0 نوال الزغبي زفة طلت اميرتنا	0	1
النصب التذكارى الحقير الذى يتم انشاؤه الان فى ميدان رابعة سيكون اول شيئ يتم اسقاطه بعد اسقاط الانقلاب	1	0
1540 _ عقاب المخرب هو القتل عند الحقراء عديمي الإنسانية فقط كفاية هذا المنطق الدنيء بتاع الحيوانات عقاب المخرب ليس جريمة قتل	1	0
رضا عبدالسلام: كلام دعبدالمنعم أبوالفتوح الاقرب إلى الناس وهو علامة من علامات مصر هو شخصية مصرية مضحية حتى النخاع	0	1
ماكنتش متخيل إن إعادة نشر تعريفات الجاموس المحيط على تويتر بيخليها تنتشر كده مع إني كاتبها من 2005 ومابعدهكل يوم هانزل شوية كده بإذن الله	1	1
عنان كان دفاع جوي مع ان دايما رئيس الاركان مشاة او مدفعية الله يرحمك يا ابو غزالة، عبقري المدفعية في القرن العشرين	0	0
الذين يدعون ان هذه الثورة العظيمة هى انقلاب عسكرى يجهلون او يكذبون وفى الحالتين يهينون الشعب المصرى ويستهينون بتضحياته وبدم شهدائهم الأبرار	0	0
وسائل الإعلام الصينية توجه تحذيرًا صارمًا لترامب   #ترامب #الصين  https://t.co/RJVNMkiSCj https://t.co/ria7mmh55V	0	0
"وأصبح تفجير البيوت وحرق عشش الفقراء ""أعمال قتالية"" في نظر الجيش المصري ! #سيناء #مصر #"	0	0
فتحت فيسبوك تاني و رجعت اشوف سرطان جروبس البنات 😊	0	0
@REAMa_sa العيب ان نقول ان داعش تمثل السنه وهي تقتل اخوننا او ان حزب الله الحجاز يمثل الشيعيه وهو يقاتلنا الاٍرهاب لا دين له ولا مذهب له	0	0
RT @abo_naasseerr: #اهل_الذوق_للدعم#قروب_جنون_للدعم#عبير_للدعم  ياراقدا والفجر ينتحب الدمع من عينيه ينسكب ألم تسمع الأنباءَ عن حلبٍ ؟د…	0	0
RT @abood_RF_itti: أسطوره يشجع أسطوره 👏🏻مايكل جوردان يبتسم ويصفق ل روجر 😩❤️كانت ايام حلوه 😔💔.#روجر_فيدرر . https://t.co/JcGQp4U6Ki	0	1
"""النظام السوري لا يريد ان يعترف بأن هناك حدود للبنان، كما لا يريد ان يعترف بأن لبنان لم ولن يكون جزءا من سوريا!"". #جبران_تويني #استقلاليات"	1	0
الله يخلي لنا هالضحكة وصاحبتها 😍😍😍😍💗💗💗💗💗🙏🙏 @nadinenjeim #nadinenassibnjeim #nnn #star #actress #نادين_نسيب_نجيم… https://t.co/eKM5uDh8xJ	0	1
انها قنبلة موقوتة استمر فى تطبيق قانون الطوارىء و خاطر بالانفجار	0	0
جماعةالوهم والطيبةالحقيرةالمزيفةوينكم من تفجيرات الجلاء ف #بنغازيولاتسمع خروف ولا نص خروف يتكلم عليهمأنتم متفقون مع الأرهاب وأعداء الوطن.	1	0
@AbduIrahmanSaud واحنا ضرينا المملكة في ايه  هذه مواقف موجهة لامريكا وتركيا وداعمين الارهاب ايش دخل السعودية	0	0
"صار موضوع الشواذ اوفر انه يحطو خبر انه ""ريكي مارتن"" يخطب حبيبه 😮 انه معقول صار عادي لهالدرجة الشواذ 😒 عرش الرحمان يهتز"	0	0
"ان كان ""سكوت"" العرب هو ما ""يبيد"" #حلب فما الذي أباد ويبيد مدن #العراق #ليبيا #اليمن سوى الأنظمة العميلة في #الخليج؟؟#حلب_تباد_بسكوت_العرب؟؟"	0	0
RT @RevSons: #بلحه_نيته_سوده  دراسة إسرائيلية: السيسي يسعى لإدماج إسرائيل  فى المتطقة العربية  https://t.co/tqvpPYwudk	1	0
RT @MohAlkhatieb: غارات روسية على مدينة #حلب الآنالقصف لا يهدأ لا في الليل ولا في النهار	0	0
خطورة تصويت الأمن لشفيق لو تأكد حدوثه انه سلاح سيتم استعماله في الإعادة ليأتي بالنتيجة المرجوة بدون تزوير في الصندوق واجبنا ان نتحقق فورا	0	0
ملهمش حل العيال دي 😎كليتنا الجميلة و القهوة اللي جنبها.#MannequinChallenge https://t.co/RJQ5GcyQ35	0	1
الحب اللى بيبقى ف #النور قدام #ربنا #احلى #بكتر من الكلام ف الموبايل بليل وانك #تستخبى من #اهلك	0	1
في رايي الشخصي ... انه بعد تألق احمد الشيخ مع المقاصة كدة السنه الجاية الاهلي هيودي ميدو جابر اعارة للمقاصة و يأخد احمد الشيخ....  😂 😂	0	1
#اتجنن واكتب على غلاف ورقة الاجابه (اوعا تفتح الورقه ارجوكارجوك) واكتب فى الورقه الي بعدها ( برده فتحتها يا حيواااان ؟ )	1	0
RT @bassant_emam: #مصر_لن_تركععمو سيسي....أمي بتسلم عليك وبتقولك واحدة واحدة وانت بتغرقنا😂😂😂🏃🏃🏃 https://t.co/quj9sisBfs	1	0
@malak_alhusaini @foozrooz3824 الحمدلله والشكر كل ذا عشان ايفون	1	1
RT @serag7777: @MansoOfficial @s_h_a_h_d   وصلنا لاقتصاد اسوء من سوريا والعراق ومن غير حربانجاز ده ولا مش انجاز يا متعلمين يا بتوع المدا…	1	0
RT @mujtahedalsiasi: يا سيسي هوا انته مش مواطن مصري دي مصر حاجه كبيره خصاره في واحد زيك قد لا تفهمني باللغه العربيه الفصحى فحاولت ان اوضح ل…	1	0
RT @nnnrt1: #عاشورا_للصيام_وليس_للبدع اعرف ناس رمضان ماتصومو وداخله هناتتريق عالمذاهب والعقائد مين انتم؟ ترا كلنا تحت رحمت الله شئتم ام أبي…	1	0
لو تلاحظون أن كل من نعى وفاة المقبور فيدل كاسترو هم من يجدون في الديكتاتورية ملاذهم ومأواهم #كاسترو	1	0
"يوسف الحسيني يفضح كذب قناة الجزيرة ويكشف تمثيل الاخوان """	1	0
منشن العنصريين و افضحهم ... أنا رح منشن دونالد ترامب ! https://t.co/NGQp3m7bCr	1	0
#ولاد_البلد #المنصورة #مصراوي أهالي #المطرية يتضررون من غرق #شارع #مدرسة النصر ورعاية الأمومة بمياه #الصرف_الصحي	0	0
استمرار تطور وتجديد كوادر التنظيم المسلح لجماعة الإخوان الإرهابية #السادة_المحترمون …	0	0
غوغل تتحكم في بيوت الناس https://t.co/JyHGY1ZQBh	0	0
RT @amer_alkubaisi: أوباما يكتب عن أخباره باسمه المجرد، وبعض السياسيين العراقيين يكتبون : قال المكتب الإعلامي للنائب فلان !!!	1	0
وكأن الله يهون علينا  في مصايبنا ربك كريم يا #بنغازي ❤️صيبا نافعا يارب ☔️	0	1
@muhmad_ez يحل ف شرع مين يا امة الاسلام 🎶📣	0	0
@AElnagar207 انا عايزة رامي عياش 😍😍😍	0	1
#رايف_العتيبي هم لفاني ياسعد حزة عصير من بين خلق الله قلبي سطابه حتى بحياتي ياسعد عرقل السير اصبحت كني ميت من عذابه #عبدالمجيد العنزي	0	0
RT @youm7: #اليوم_السابع: المدرسة الأمريكية بالمعادى تزور انتصار أكتوبر لصالح إسرائيلhttps://t.co/iWQDIxfNdv https://t.co/303xJgjEyj	0	0
جيش السيسي يهدم بيوتنا؛ لإقامة منطقة عازلة بين سيناء وغزة أين أقنية التصهين؟ لا ورواري العربية يلطم، ولا منتهاه	1	0
دونالد ترامب من اكتر الناس الغبية والمجهزة اللي في التاريخ 😂😂😂😂	1	0
معوض: ستبقى ذكرى #جبران_تويني حية في كل ضميرhttps://t.co/uGNZkJ6MtW#مين_قتل_جبران	0	0
مشاهد لعمليات إغاثة المدنيين الذين نزحوا من الأحياء الشرقية لمدينة #حلب إلى مناطق سيطرة #الجيش_السوري في #نقارين.https://t.co/2iFvnmQEvw	0	1
الحمد لله أن لي ربايغفر الذنبويقبل التوب حليمستيرغفوررحيمجبارعليمحكيم تعرف إلى الله بأسمائه وصفاته #أح…	0	1
حازم الببلاوي هراب ومتراجع ولا يستطيع تحمل المسئوليات وحكومته فاشلة #السادة_المحترمون …	1	0
@mobh_a @AHMEDGARNETT بالعكس، يجب التوقف عن إعطاء هؤولاء ما لا يستحقونه  البلد داخلة تقشف	0	0
في حالة رجوع #احمد_شفيق فعلا ودا مستبعد ، سيحدث انقسام بين صفوف المعرصين ، وعودة قويه لرجالة مبارك. #احمد_شفيق	1	0
انت وين تگدر للعراق اردوغان! ابو السكايبي ياهو الجاي ويريد يحتل العراق شكوو شعدنه😏 https://t.co/DxuD2KpNNj	1	0
قتلوه بسبب هذا القسمقتلوه لانه دعى للعيش المشتركقتلوه لانه يريد وحدة الوطن والمواطنينقتلوه لانه الاقوى… https://t.co/5wBaq14Gsm	0	0
البرادعي يستقوى بامريكا مرةاخرى و يرسل عصام العريان الي واشنطن شئ مقرف	0	0
انت مش مضطر تتجوز بالطريقة البضان دي انت بني ادم سواء كنت اجتماعي او انطوائي صدقني دي اسوأ طريقة ممكن تتجوز بيها #جواز_…	0	0
لم تغلق قناة الفراعين لانها الاكثر كذبا او فجورا ولكن لانها الاقل احترافية فى الكذب والفجور	1	0
@naji_demani @MousaAlomar يعني على اساس لو ما حلف الناتو والسعودية وتركيا وقطر كنتوا اساسن حسنتوا تسيطروا على مخفر	0	0
شكرًا فرنسا لما فعلتيه من اجل حلب ولما تفعليه من اجل سورية . مواطن حلبي	0	1
#مبارك عنده أبناء و #مرسي عنده جماعة الوحيد اللي غلبان في البلد دي هو عدلي منصور تحسه إنه مقطوع من شجرة !	1	0
انتهاكات الانقلاب القمعية فى جامعة الاسكندرية وصلت مداها باصابات واعتقالات انقذنا يا عزيز يا جبار من طغمة الاستعمار	0	0
RT @Kalmuqdad: هذا ما خطب به مفتي بشار في #بغدادمفتي الأسد يخطب في بغداد.. ومشايخ السنة يرفضون لقاءه https://t.co/PpFwxRUH57	0	0
برضو نصف نهائي الرولان غاروس 2011 نولي وفيدرر لما فيدرر وقف انتصارات نولي وأشر بيده : انا الرقم واحد .. كانت مباراة بنت حرام	0	1
@algrien66690034 @HalabTodayTV ولذلك اصغرنا يفهم ويدرك ما يدور في الوطن العربي من مؤامرات ضدالبلادالمسلمةوجزائرتحت هيمنة فرنسا شئت ام ابيت	0	0
تم بحمد الله القبض علي عصام العريان شوف بالصورة	0	1
نقول للرئيس التركي ... #اردوغان_الزم_حدودك#العبادي_يمثل_العراق....	0	0
@anwarmalek روسيا تم استدعائها من الاعراب لغزو بلاد المسلمين...الم يستلم الرئيس بوتن سيف النصر من بعض الحكام	1	0
هل عمرك قابلت حد بيفهم وفي نفس الوقت بيدعم المتأسلمين عن قناعة مش للمصلحة؟	1	0
#مليارات_العمره_علي_هوي_مصركل ماجاء طاري السيسي ذكرو اردوغان   . . ! قاتل الله السياسه التي ذهب ضحيتها الشعوب العربيه سواء بالذبح أوالشتم	0	0
من احتفالات عيد #الميلاد المجيد في قرية #المغار في الجليل #فلسطين المحتلة. #Christmas celebrstions in al #maghar... https://t.co/pJsUFbpzLW	0	1
اعلام النظام السابق مازال قائماً : البلطجة الفكرية أقوى أسلحة اجهاض الثورة ماذا يحدث ؟!	1	0
ما اسخف مطاردة الارهاب و هو في مجلس الأمن ! #لافروف	1	0
أكبر خسارة خسرناها في ظل نظام مبارك هي الثروة البشرية	0	0
منزين عيالنا عشان تصير مختلطه مب ناقصين حومة كبد . #ماذا_لو_المدارس_مختلطه	0	0
11 فبراير كان يوم نكسة #ثورة_25_يناير لما سيبنا الميدان وروحنا مش 30/6 ولا 3/7 ياريتنا كنا سمعنا كلامك يا شيخ حازم #انا_حازم #مرسى_رئيسى	0	0
ليسوا خوارج فقط بل أيضا منحطين وسفلة العثور فى طريق مطار بنينا #بنغازي على لغم مزروع داخل عمود إنارة كانت قد... https://t.co/6JXmDYSuPQ	0	0
@GwadyM  اتق الله و أدعو إلى التصالح والتسامح بين المسلمين واترك الخلافات لله وتوقف عن التحريض المذهبي فهذا لا يخدم إلا أعداء أمة الاسلام	0	0
اقل هديه يقدمها جماهير المايسترو روجير فيدرر له هو تصويتهم له ليضل الاعب الأكثر شعبية للمره 14 على التوالي رغم ابتعادة معظم فترات هذا الموسم	0	1
RT @A822822A: معكم الملاكم المهاجر العراقي : أبوحمزه♦️♦️نعم قال الحق الذي لايروق للخونه.!!#العراق #بغداد #البصره #النجف #كربلاء #البحرين…	0	0
ثاني احلى شي بالحياه هو ان هاري يلبس بدل من ماركه غوتشي😍 https://t.co/c3kQqs7MPU	0	1
يا أيها المغيبون	1	0
🔘 كان رسول الله (صلوات الله عليه وعلى آله) أعظم وأنجح قائد عرفه التاريخ.💚ذكرئ.المولد.النبوي.الشريف.ir 💚	0	1
@ciic_2 كنت ميريام فارس على غفلة بس طبعا تعرف احنا يسموونا ياام كعشة مو زي ميريام صارت مشهورة بشعرها😂	1	0
الحريري: إيران رأس حربة التخريب في سوريا والعراق واليمن https://t.co/ogUX3L4U2R #اليمن #Yemen	0	0
كسرنا حاجز الخوف: دستور يجهض حقوقنا و حرياتنا هو دستور سنسقطه اليوم قبل الغد قوتنا في إرادتنا	0	1
لقد قامت الثورة وضحى الاف المصريين بحياتهم من اجل استعادة كرامة الانسان المصري داخل مصر وخارجها اين وزير الخارجية اين عصام شرف	0	0
وفضحت #حلب العرب والغرب  المتشدقين بحقوق الإنسان والحيوانحلب كشفت عور العرب  ولكن يقين بأن النصر لهم #حتما_سننتصر#ستبقى_حلب#ستنتصر_حلب	0	0
#إخوان باعو,,,#عسكر خانو!	1	0
نوال الزغبى دى كانت مزة المزز.😍	0	1
#المولد_النبوي_الشريف .... النبي محمد يوحدنا	0	1
RT @yase10_elmasre1: @n777n1111n777n @alrotayyan يا اخوي سالم لاتلوم علي منبطحين اردوغان فهؤلاء ليس لهم ان ولاء لاوطانهم ولكن ولائهم للقواد…	1	0
احلى لعبة بالآيفون 😍#SuperMarioRun https://t.co/UhNgwjR17g	0	1
@Ser_Arthur4 كاتي شخص عاطفي صعب يعترف بافضلية مسلسل او فلم على الانميات .. يذكرني بنفسي قبل لا اتابع هاري بوتر مع انه تابع ضعف اضعافي	0	0
@ramadanjready @SaudiLinks روسيا فشلت في محاولتها الاولى وستفشل مرة اخرى، اما عملائهم هذا ديدنهم، سل ابن سينا عن خيانتهم.	1	0
يا مصر للطيران يا فشلة.وكل شوية تقولولي هانبلغك وماتبلغونيش حتى بعد ما تحدد معاد، زي ما نص الناس ماعرفتش معاد الط… https://t.co/NXbdA97b6n	1	0
@Lionel__FCB ياخي ترا نفس سالفة ميسي مع ذا المنتخب ، وش ذنب المدرب إذا اللاعبين زلايب ؟؟؟!!	1	0
جنرال روسي: #ايران و #حزب #الله يثرثرون ولايحاربونhttps://t.co/JVVFWBHddm. #عرب #الخليج #مصر #عراق #لبنان #كويت  #دبي #قطر #السعودية #عمان	1	0
شعرت بالحزن أثناء زيارتي للكنيسة بعد أن تحدث معي العديد من الأقباط عن إحساسهم بالظلم الواقع عليهم كأقلية في مصر	0	0
RT @Dralnoaimi: ايران دولة تصنع الارهاب و تخدم مصالح اسرائيل الاستراتيجية  و تؤجج الاصطفاف الطائفي https://t.co/OleQYPozUX	0	0
#مصر #مرسي #رابعة #مكملين #انتخبوا_العرص محاضرة فى السعودية لتعليم العبودية باسم الدين وفى آخرها سحب على آيباد !!! …	0	0
@aoibaraa @Arab_Allkpop ليش هي لحجيه غره مزيته لبس ما يزبط إلا ع بيونسيه خرا عليها وجهها شوي يشفع لها	1	0
#عدو_مصر_الاول_هو من لم يدعوا على بشار و بلحة وكل مؤيديهم اللهم صب عليهم العذاب صبا #ستبقي_حلب	1	0
الواد لمــا يكبر ح يبقى سيسي ....  شوية البزازات دي  أنا عاوزها  ... https://t.co/IdJ1CMINS6	1	0
هذه هي نتيجة تخريب عقول مشايخ الفتنة لعقول المصريين ياخفي الألطاف نجنا مما نخاف	1	0
"RT @hassanalishaq73: #اردوغان  محدثا""حيدر العبادي انت لست بمستواي والزم حدك 😂😂😂😂 معاه حق..!! https://t.co/GYyKsADdVB"	1	0
@BuHumaid10 @MSY991 ما تغير شي بالعكس شالوا أشياء مهمه 😒 اممممم جوجل بكسل فيه شيئين رئيسيين عنه (أفضل وأسرع اداء ، وأفضل دعم وأسرع تحديثات)	0	1
اخبار صباحية هبوط البورصة اليومى وتراجع مؤشرها الرئيسي وخسائرالمستثمرين الباهظة بكره تشوفو مصر	0	0
#عادل_امام #شاهد_مشفش حاجة https://t.co/0WefItuS2y	0	1
@AlawiYousef @aliaj52 يا ويلهم من بوتن	0	0
@AhmadAlenezi1 @kwetihaa دخلت غوغل طلع كلامك عدل 🌹🌹🌹	0	1
علامة الصرصار بدون تفويض ، تمكن السيسى من قتل 230 شهيد وإصابة 896 ، واغلاق عدد من الفضائيات والصحف واعتقال	1	0
بعض من ملفات الناتو القذرة https://t.co/7sgCLfvSuA	1	0
المزاج الان يحتاج مباراة لروجر بمستوى 2007 بصوت الكابتن عادل يا محلااااته😍 رووجر فيدرر ولاااا غيره 😴	0	1
RT @jerrymahers: #سعد_الحريري يتهم ايران بتدمير #سوريا والتورط بدماء شعبها ويتوعدها بأن اصوات اطفال #حلب ستظل تقض مضاجع القتلة! #جيري_ماهر	1	0
@popaLaNtel جمعتنا طرشتهم تقيلة وحطين بيضنهم فى التلج ما بيتحركوش الا لما النصايب تهل واهى بدأت تندع فى الاعلام الغربى على موضوع السرنجة .	1	0
#لبنانيارب يارب طهر لبنان من عملاء ايران والمجوس.	0	0
ندى قررت حكومة #هشام_قنديل زيادة أسعار الغاز و الكهرباء و إليكم ردود الأفعال • عمرو أديب كل دى زيادة …	0	0
طاح القدر يا #ليبيا عارفين	0	0
قولوا لي انتم مين بقى ما سوا كومباك كل من هب و دب سوا كومباك عدا توني ون كأن واي جي ملبسهم عباية هاري بوتر السحريه 🔥	1	0
#وينن#حمله_دفي#نسم_علينا_الغبا#DWTSME#فقير_ومن_حقي4 ديسمبرFellainiبيت الوسطالجامعه اللبنانيهLiverpool… https://t.co/o5VSScON23	0	0
#عادل امام معاهم معاهم عليهم عليهم ‹☺›	0	0
"بعض الناس يتميزوا بالثبات على مبدا ""عدم الثبات على مبدأ"""	0	0
يا مرسي يا خاين يا عميل، عيالك الأمريكان قتلوه	1	0
يسعدلي كل أوقاتكم ♡بليز لا تنسوا تصوتوا للنجمة #نادين_نسيب_نجيم على هالرابط ك أفضل ممثلة لبنانية وملكة جمال لبنانيةhttps://t.co/Il3dZEVcFv	0	1
ألف صورة لألف شهيد من شهداء مجازر الانقلاب الدموي في #رابعة و #النهضة و #رمسيس و #الدقي …	0	0
اخيراً .. كل تقنية جديدة تظهر لنا يكون فيها مساؤي ويكون فيها محاسنلكن اعتقد ان فكرة أوبر وكريم وفرت خدمة مميزة للمجتمع،،،#اوبر#كريم	0	1
@Pooh172013  انا فاهمة بس ميجبليش نموذج لبنان المنقسم على روحوا و يعملهولى مثل يحتذى بى #عمرو_اديب	1	0
@aawsat_News الارهابي #لافروف مساعد الارهابي #بوتن يريدون ان يصيغوا #حلب على هوى دكتاتور #دمشق .. يقتلون ويهجرون ويدمرون والعالم يتفرج	1	0
لو كل #زملكاوى/ه قعدو يشتمو فـ #ميدو واللعيبة أنا مقدر ظرفكو ماشى وأحب أقولكو عندك 21 فريق تانى ممكن تشجعهم يا كــمك بس متشتمش #الزمالك :/	1	0
@iSaaso مايكروسوفت مع ويندوز 10 تسير في الطريق الصحيح نتمنى تستمر ولا تغير ما بدأت.	0	1
بالفيديو عاكشة: والله هيفاء وهبى ست مش طرية واللى يتجوزها يبقى خد خازوق #مصر #توفيق_عكاشة	1	0
"حاطين جاموسة ع الجوازات بتنادي ع الخواجات كده: ""بِس بسبس بس"" حاجة تعر"	1	0
اللهم امطر على قبر #محمد حسين جمعه وعلى قبور جميع موتانا وموتى المسلمين من سحائب رحمتك يارب اللهم اغسلهم بالماء والثلج والبرد	0	1
احسن ميلف فى مصر #فيفي_عبده_الام_المثالية	1	0
يبقى الكلام دائما أرخص من الدم، ويبقى الفقير هو الضحية المفضلة، وتبقى مصر كما هي تحب ولادها مقتولين، ولا حول ولاقوة إلا بالله	0	0
RT @M_S_Asiri: @UNRadioArabic هل ترك السيد بانكي مون كل ما حدث ويحدث في سوريا، العراق، وفلسطين من جرائم بشرية فادحة وينظر الى السعودية في ا…	0	0
RT @AlghamdiProf: #هاهم اليهود يدرسون التوراة حتى داخل اقسام الشرطة بينما يطالب رموز العلمانية عندنا بغلق حلقات التحفيظ ونبذ الاسلام بزعم أ…	0	0
@ashraaf_alsaad دعم دول الخليج للجيش في مصر ضمانه للحفاظ على مصر لكن في سوريا اقليه علويه تذبح بالسوريين السنه  قبل ان يحملو السلاح	0	0
المضمون الوحيد لإعلان مرسي الدستوري هو استبداد رئاسي مطلق، مصر أمام انقلاب مرعب على الشرعية وسيادة القانون واغتيال كامل للتحول الديمقراطي	0	0
@AJArabic هههههههههههه اخ يانا يا ستي ههههههههيانهار اسود عامله برنامج عن اليمين المتطرف في النمساواستضافه أشرس واوسخ واقذر يمين متطرف	1	0
العبوات الناسفة والسيارات المفخخة مسرحيات هزلية عفا عليها الزمن ولم تعد تؤثر على الرأي العام نقول للسيسي كان المالكي أش…	1	0
#ستبقى_حلب ستبقي حلب رغم أنف كل العرب	1	1
فيدرر روديك ويمبلي ٢٠٠٩ #افضل_مباراة_تنس_شاهدتها	0	1
RT @M__albugaily: من غرائب الشرق الأوسط .. يؤيدون مصر في محاربة الإرهاب في سيناء ويعترضون على محاربتها للإرهاب في سوريا .. وعندك واخد خشري…	1	0
@ychromosomej @Giant7_ @the_hudaa @a1mid @SbasbjH @Alskb_ @Its_omz @faisal__p2 @h_1900d غلين بك بوق من ابواق اليمين المتطرف (الصهيوانجيلي)	0	0
RT @OKAZ_online: جائزة نوبل في الكيمياء لرئيس الفريق البحثي لمدينة العلوم السعودية https://t.co/ZtLIN5sDHV#عكاظ https://t.co/cgtMjRBnRs	0	1
الجزء الثانى ضاعت العراق وضاع اليمن وضاعت ليبيا ومن قبلها السودان والصومال وفلسطين فإجمعوا ما تبقى من أشلئنا حتى نس… https://t.co/T0RkME74pf	0	0
الى اي قاع تدنت دناءتكم يا ايها المجتمع الدولي المنافق ...#حسبي_الله_ونعم_الوكيل #حلب_تباد_ادعو_لحلب ..مالنا غير الدعاااء.#الدنيا_اغرتنا	0	0
يا كلاب ...#بنغازي #دولار #طرابلس #ليبيا https://t.co/uTqNncOghb	0	0
احمد الشيخ🙈 #احتفظ_يااهلي_بالصداره	0	1
روسياتريداخراج الثوار والسكان من بلدهم حلب وارسالهم لأدلب لتصفيتهم هناكشرقي حلب سيكون تؤام قروزنيصلف بوتن سيجعله منبوذآبافعاله امام العالم	0	0
شكرا جزيلا	0	1
@MALAK41126يخرب بيت كل من ينكر دور الخليج مع النازحين السوريين وعلى رأسها الإمارات يا جاهل	1	0
"RT @zalowini: وأخيرًا نطقت الصحف الغربية‼️المِرُرتايم البريطانية في صفحتها الأولى بالأمس ""متوحشون"" وتتحدث عن الإرهاب الروسي والمجرم بوتن ف…"	0	0
اشاعةمن اشاعات الفيس بوك	1	0
RT @a_aImohanna: في ليلة فاقت الوصف من جمالها يٌحلق في سورة غافر الشيخ عبدالله الجهني ليلة ال٢٣ من رمضان ١٤٣٢ هـ https://t.co/Qxvy84qcMr	0	1
سيدي الفاضل اعلم جيدا ان #دحلان_عميل و #ضاحي_خلفان إنما هم كلاب ضالة أطلقها أسيادهم	1	0
: نتهم عصام العريان وحزب الحرية والعدالة بإحداث فتنة وقتل وإصابة مصريين 	1	0
د أبو الفتوح : مشكلتكم تحتاج لقرار ادارى والحكومة الحاليه ضعيفة لدرجة انها لا تستطيع اتخاذ قرار ولا بد من سرعة	0	0
اخترنا لكم ::: انفصال أنجلينا جولي عن زوجها يسحق الجنس في غوغل https://t.co/xw1O7PB38B	0	0
"@aghaniaghani @RamyAyach بتستاهل دائما"""""""" بالتوفيق والنجاح رامي عياش"	0	1
الإخوان انتقلوا في ظرف نص ساعة من تكذيب خطاب البنك المركزي لأن النهارده السبت إجازة البنوك إلى تحليله لإثبات انه بيأيد كلام مرسيألا تنبهرون	1	0
RT @mohd_albishri: 🔴منتخب العراق الطائفي القميء ترك كل الملاعب العربية وذهب يلعب مباراته مع تايلند في طهران .. ليؤكد انسلاخ العراق من عروبت…	1	0
#رحلة يوم #عائلية إلى #استديوهات #هاري #بوتر حيث تم #تصوير #أفلامه. #لعشاق #الأساطير انها #الرحلة #الأمثل https://t.co/SAjYuV3kbn	0	1
كيف يمكن مسح الشرائط التى سجلت جرائم العادلي لماذا كان العادلي يضحك بسعادة اثناء محاكمته اتمنى الا تكون إجابة السؤالين واحدة	1	0
عندما يستمر القضاء في التحقيق في بلاغات عبثية تهدف الي تشويه المعارضة وتنتهي بدون معاقبة مقدميها فنحن ننضم بإمتياز الي قائمة النظم البوليسية	1	0
@Jbr_poltic @SYR_REV_M بالله عليكبعد كل يللي صار و انكشاف حجم تآمر المجتمع الدولي و حمايته للنظام و إجرامه  حضرتك مقتنع بعدل هالمجتمع	0	0
@MohamedHnid امريكا من تدعمكم وتمدكم بالسلاح لمحاربه المجاهدين في سبيل اللهصبرا صبرا يامرتدينيامرتزقه حلف الناتو كلاب حفتر	1	0
هل سيكون هناك ورش عمل في جميع دوائر الإقتراع لشرح الدستور ومعنى كل مادة لكل مواطن أمي؟ ولا هتمشي عبده فهلوة ومحسن فريكيكو؟	1	0
ويندوز 10 لما بيعمل ابديت بخرب بدل ما بحسن	0	0
اليمين المتطرف سيحكم الغرب👆🏼وسيعاني المسلمون هناكلكنه سيؤدي إلى تدخل الغرب ضد روسياسلبية السافل اوباما قتلتناhttps://t.co/MCQ4Sp1C4H	1	0
فلتذهبوا الى الجحيم #الحرس_الجامعي	0	0
يخي ويندوز 10 عنجد فخم 👏👏	0	1
إن إنتخاب الجنرال #ميشال_عون رئيسآللجمهوريةتم خلأفآ لإرادة الطبقةالسياسية الحاكمةوالمستبدةوماقبولهم به إلا اقرارأ… https://t.co/TCootq72nQ	0	0
#افضل_مباراة_تنس_شاهدتها#فيدرر ضد #نادال 2006 نهائي روما .. اعتقد انها اجمل مباراة فيها لمحات في تاريخهماhttps://t.co/E38kfxU4aO	0	1
ونعم بالله العلي العظيم ما تزعلش يا عمووووووره لاحسن يطق لك عرق #عمرو_اديب الزمالك في مصر (هااااااالك)هذا قضاء… https://t.co/yEFSFkeono	1	0
من يفهم في القانون اكثر من الفقيه الدستوري الدكتور ثروت بدوي والدكتور عاطف البنا والاستاذ جمال عيد كلهم أيدوا قرار الرئيس بعودة البرلمان	0	1
#عاجل| #لافروف: المشاورات في #حلب أصبحت قصة بوليسية وإذا رفض المسلحون الخروج منها سندمرهم #سوريا #روسيا https://t.co/YiDE9LkMO6	0	0
اعلام العار يكذب كالعادة لتشويه صورة الرئيس مرسي مسئولو السجن يؤكدون انه لم يطلب أى ميزة او استثناء دع الكلاب تنبح	1	0
يخون #الإسلام ويخذل المستضعفين من #المسلمين في #سوريا ولا يرحم الأطفال اليتامى والنساء الثكالى والعجّز ويقول #مصر_لن_تركع! عمرها ما صلّت 🙏🏼	1	0
"#بلدي: تصوير جوي لوكالة ""رابتلي"" الروسية، يظهر جانباً من الدمار الهائل بحي #بستان_القصر في #حلب الشرقية #سوريا… https://t.co/SsmlXurSgw"	0	0
https://t.co/y9VEwQqbpa  <== ||| #قحبه  #دعارة #سالب #متزوجة #زب_كبير  # العراق #الرباط   #فلسطين #جدة	1	0
ضبط 6 أشخاص ينتحلون صفة ضباط بجهاز الإرهاب القومى https://t.co/lyrSQqQI0O	0	0
"#بنك_التسليف : تمويل لمشروع تمليك الشباب سيارات تصل قيمتها لـ150 ألف ريال للعمل بها في ""#أوبر"" و""#كريم"" قريباً.… https://t.co/kWdyak7d5h"	0	1
الهوىٰ لملم عناقيده #فيروز 💕	0	1
كانت طائرات الناتو تقصف مواقع الشعب المسلح ف المعسكرات والجبهان مع لحظة ارتفاع ادان المغرب ف شهر رمضان لقد كانوايقتلون الرجال ويستهزون تبع	0	0
الانقلاب كشف مئات الحقراء في السياسة والاعلام والاقتصاد والفن والرياضة، لكنه أضاء لغيرهم طريق الحرية شكرًا سيف عبد الفتاح	0	1
كارلو أنشيلوتي : عندما غادرت ريال مدريد قام كريستيانو بدعمي على العلن ولكن أكبر دعم قدمه لي على الإطلاق هي أهدافه وكونه مِثال جيد للفريق.	0	1
بالفيديو: هكذا سقطت #سما_المصريhttps://t.co/tmxSayDFix#snobonline @SamaElmasryy#سقوط#مشاهير… https://t.co/CR7Rtw1AYC	0	0
فعلا لو #دونالد_ترامب تولى مقاليد الحكم في أمريكاحتنقلب الدنيا هناكفعلا محد يطيقهأسوأ مرشح عدى في تاريخ الانتخابات الرئاسية الأمريكية	0	0
أدين بشدة تقديم كل صاحب رأي أو ناشط سياسي للمحاكمات العسكرية علي المجلس العسكري الالتزام بتعهده بعدم إحالة المدنيين لمحاكمات عسكرية	0	0
@oamaz7 @KHALED_KJO @Abmalgarni اليمني ما استخدم خرايط غوغل والا كان صاد القاعدة!استخدم خرايط آيفون 😜😂😂😂	0	0
المؤامرة الحقيقية على مصر هي إعادة إنتاج الاستبداد بإجراءات متسارعة، الآن ينقل نائب عام عينه الرئيس مستشارا جليلا تعسفيا لرفضه احتجاز أبرياء	0	0
حقيقة 2: خامة صوت آخرين غير حليم وإمكاناتهم درجة أولى لكنهم بالجهل و الكسل حولوها إلى درجة تانية درس عظيم لمن يتفكرون #	1	0
#فيروز، صوتها لا ينحني لأحد | محمود الزيباوي https://t.co/2C4LyBj0dA	0	1
تغريدة إطمئنان ...هل الجميع ⁧مفلس؟!#ليبيا	1	0
RT @zzyzoom: عند زيارة المجرم بوتين لتركيا ولقاءه مع اردوغان#المفك وباقي شلة الاخونجية #حريم_السلطانلا ارى !لا اسمع !لا اتكلم ! https:…	1	0
"حلقة فيها لفتة للشهيد ""جبران تويني"" ليك مين بين ضيوفها !! مسخرة !"	0	0
13 قتلى وأكثر من 450 مصاب في محافظات مختلفة، هذه مقدمات كارثية لاقتتال أهلي حذرت منه دوما وينبغي رفضه ومواجهته، كل الدم المصري حرام	0	0
RT @m6rwan_: ميسي يضيع بلنتي وينكبهم ويطير اللقب وماسكيرانو ينكبهم في مبارتين ثم البرشلوني يحطها في راس الضعيف هقواين💔	0	0
ستون عاماً وفي لبنان أخوة لاجئين فلسطينيين، ولم يكن لهم وزيراً لشؤونهم!لكن الأخوة النازحين السوريين حظهم مع الحكومة نار#نخترع_وزارة_لوزير	1	0
اعلام العار تفرغ قبل غانا ومصر لشحن الناس للاحتفال ربنا افسد احتفالاتهم لم يحزنوا لخسارة مصر حزنوا لان فرصة نفاق كبيرة راحت عليهم	0	0
عمرو عبد الهادى : المواطنين الشرفاء بتوع #الداخليه زي المحامين الشرفاء بتوع #سامح_عاشور و زي اﻻعلاميين الشرفاء بتوع #نجيب_ساويرس	1	0
هل #الاخوان هم من سرقوا البلد وباعوا مؤسساتها وشركاتها وثرواتها للصهاينة؟هل عقدوا صلحا مع دولة الكيان الصهيوني؟هل خنقوا…	1	0
__ 1 _ يعني انت مش متابع بس بتشتمني احتياطي؟	0	0
RT @daralakhbar: اتهامات لحملة كلينتون بسرقة شعار بشار الأسدhttps://t.co/28fxDFUIKj https://t.co/BATErhbE5z	0	0
#سألوني_الناس_عنك_ياحبيبي.....أطفأت اليوم #أيقونة_الطرب_الملائكي_العربي #فيروز شمعاتها الواحد و الثمانين....العمر… https://t.co/fhRkrYe1e6	0	1
يحسب للرئيس مبارك انه حكم مصر وهى تتحدث عن نفسها وبعد ربع قرن من الحكم جعلها تتحدث مع نفسها #بلال_فضل	1	0
#مصر | #مريم_حسين تسقط على السجادة الحمراء في #مهرجان_القاهرة_السينمائي https://t.co/N4LvOG5JzM	0	0
بل إن الله تعالى أقسم بها حين قال (وليالٍ عشر)، وهذا وحده يكفيها شرفاً وفضلاً، فإن العظيم لا يقسم إلا بعظيم فلا يفوتكم الأجر العظيم	0	1
RT @sheikhabuqatadh: ٢-من الذي دخل مع السيد الأمريكي القادم على الدبابة إلى العراق في طائفة عمهم بريمرثم الآن بحسب شيخهم القديم يعدون أحذية…	0	0
السعودية ومحاولات التنصل من مجزرة الصالة https://t.co/MnDswOY0dO	0	0
هناك حيوانات متحرشة و في المقابل جهود متطوعين لمقاومتهم و ناس نازلة و مش خايفة و ملايين ضد النظامتركيز الاخوان بس على التحرش قصر ديل	1	0
#اللهم زد أحبتي #عفواً وعافية وتوفيقاًً وسداداً وصلاحاً #وأحفظهم من كل سوء #صباح الخير	0	1
حبيت الساعات اليديدة من غوتشي 😍 خاصة الصنقل .. موجودات في موقع غوتشي ترومون تشترونهم اونلاين..… https://t.co/yFxX0raMm5	0	1
شاهد واستمع ايه اليمني الحر الشريف ماذا يفعل الحوثيين بأطفال اليمن واغتصابهم وفعل اللواطهذا مذهب الخميني https://t.co/EaG5UFhFzz   #اليمن	1	0
#بوابة_الوفد  مصرع 7 مواطنين في حريق غابات جنوب #الولايات_المتحدة   https://t.co/w51qgUILYb https://t.co/EYlCHIDvQV	0	0
يعني مثلاً مبسوط إنهم بيتقتلوا وبهرج على الموضوع ده؟ جايز تكوني فهمتي كده لو متربصة بس إنما بدون تربص المعنى واضح جداً	1	0
RT @RebelleAhlem: ياو روح تقود يا بوكيمون انت وامم المتحدة انتم سبب ما يحدث باليمن و ذنب كلبكم النجس المجراب ربي ينصر اليمن على بني جربون…	0	0
RT @caba000: اذا كان الاٍرهاب اختراع صهيوني أمريكي..فالمصنع في السعوديه والممول من قطر والسعوديه والمادة الخام من كل دول التخلف الاسلامي..	0	0
عبدالناصر الخائن الاكبر #الاخوان_المسلمون	1	0
بغض النظر عن جنسيتك ولونك وانتمائكقطع الله يدك ولسانك وشل اركانك قبل ان تبرح مكانكيامن تقوم بتفجير السيارت المفخاخةقولو امين.. #بنغازي	1	0
اعلام العار يعترف بالحقيقة ويعلنها: البلد بقت ألعن من أيام مرسي فى كل حاجة, هو انتم لسه شفتوا حاجة, التقيل ورا	1	0
غوغل تتحكم في بيوت الناس https://t.co/JyHGY1ZQBh	0	0
RT @saadalbreik: على الإعلام أن ينشر في كل دول العالم براءة المملكة وتورط إيران في الإرهاب #جاستا_العداله_المزعومه | #وصال | #مباشر	0	0
فخور أني مصري اولا و اخيرا	0	1
@MediaPmoffice @YouTube ولا اي تحرك حتى في اتجاه الاعلام و لما لا توجهو الرسائل الى وسائل الاعلام الغربي	0	0
انا حاسس ان التناكه شويه تانى هتوصل بالناس هنا وتقولك راعى فرق الفولورز اللى بينى وبينك لو سمحت !!	1	0
سلفي جديد للنجمة الذهبية #نوال_الزغبي @NawalElZoghbi  .. 😍 https://t.co/M5QaKVAN3F	0	1
مدري ليه امازون هم الوحيدين اللي عجزت احفظ الباسوورد حقي عندهم🙄حرفيًا كل دخول اطلب استعادة 😂	0	0
إستبشروا خير	0	1
#خالد_علي: رفع الدعم عن الكهرباء والغاز والسولار والبنزين إجرام سياسى ضد الفقراء #حرامية_الدعم اللي بيدعموا	0	0
حد فاكر #سانت_كاترين و الناس اللى ماتت و كل واحد كان عامل فيها محلل سياسى شعب زياط من يومه و الحكام	1	0
انا شايف ان وصف سمكة بتاع التباع ما يمشيش الا على ميريام فارس ملكة المسرح فعلا 👏	1	1
@asbanil1 @Sakr121 وهذا الكلام عن السرقة لم يحصل في حلب فقط بل حصل في ادلب وفي الغوطة الشرقية بمعنى آخر هم على ما يبدوا يمتهتون اللصوصية	1	0
بقالى كتير ماكتبتهاش #السيسى_رئيسى #سأنتخب_السيسى #باسم_طلع_حرامى #هشام_الجخ_طلع_نكسجى_حرامى	1	0
و قفلت فيسبوك فترة كبيرة ساعتها، فالحمدلله يعني بجد منظري كان ابن وسخه وما زال بردو	1	0
ما اجمل ليل القاهرة الساحرة مع موسيقى رائعة و كتاب شيق #مصر #لبنان #الإمارات	0	1
رئيس وزراء اليابان يؤكد توافر إمكانات هائلة لتطوير العلاقات مع روسياhttps://t.co/GbOiXCz0pIموسكو في 18 ديسمبر /قنا/ أكد رئيس الوزراء ا…	0	1
"فيديو/ الأتراك يتوافدون على معبر ""باب الهوى"" لإستقبال السوريين النازحين وتوزيع المساعدات عليهم https://t.co/iloCdcMTmi"	0	1
كيف لمرشدٍ تفوَّه للغنمِ بماءٍ تعلو على المرسي هل القائد يدلدل القدم دون أن يمتطي الكرسي تباً للصمت هلال الفشل ودمت أبيّ يا مصري	0	0
RT @alkhaleejelarab: د. محمود رفعت: قرار السعودية وقف امدادات مصر بالمساعدات البترولية يؤكد أنها خسرت رهانها على السيسيhttps://t.co/6canoZ…	0	0
أسامة غريب تشرفت بالدفاع عن الكاتب الساخر المعروف الأستاذ أسامة غريب فى قضايا الرأى التى كان يحاكم فيها أيام	0	1
RT @al_finesse: الحكم العسكري في مصر هو السبب الرئيسي لخروج الاٍرهاب من مطلع الخمسينات فاكبر منظرين القاعدة خرجو من السجون المصرية  #مصر_تص…	1	0
RT @bochirh: استطاع #القفطان_المغربي  الضاربة أصالته في عمق التاريخ بتعدد أشكاله،وألوانه،أن ينال إعجاب أشهر الشخصيات في العالم من بينهم هيل…	0	1
#انتخبوا_العرص #الببلاوي القاتل اعترف رسميا بانقلاب العسكر على #الرئيس #مرسي	1	0
د. #حمد_المانع في #الأسبوع_في_ساعة: عرّاب اتفاق الهدنة هو #كيري، ولذلك أنا لست متفائلاً https://t.co/aWKyQ5l2ot	0	0
يا حي يا قيوم برحمتك أستغيث أصلح لي شأني كُله ♻️ https://t.co/xHRfZJjS6d	0	1
لأول مرة في حياتي بشعر بعدم الرغبة بمشاهدة هاري بوتر لآخرو	0	0
RT @saadhariri: ٦- أين دموعهم من الجرائم التي يرتكبونها في سوريا والعراق واليمن وغيرها؟ أين دموعهم من أيديهم الملطخة بالدماء في حلب وكل أنح…	1	0
أمراض السياسة حين تؤلم شخصيا	0	0
اتابع بسعادة واعجاب مئات المغردين الشجعان اسلوب شيق وخفة دم ورؤية ناضجة واستنتاجات مذهلة مواهب مصر كثيرة يدفنها الفساد والواسطة واللصوصية	1	1
العنف والقتل في محيط مقر جماعة الإخوان مدان ومرفوض بالكامل كما في اشتباكات أسيوط وبني سويف، كل الدم المصري حرام، لا تفسدوا ٣٠ يونيو	0	0
"RT @mu____a1: #أماني_العجلان_عار_على_السعودياتأماني العجلان ترفض اسقاط الولاية لأنها ""ترفض الجزئية التي تمس الإسلام"" اذا مره تحبين الإسلام…"	0	0
الأسد: الحوار مع الجماعات المسلحة في سوريا ممكن إذا ما توقفوا عن إراقة الدماء https://t.co/r2EcpHrdVs @sputnik_ar aracılığıyla	0	1
صباح حنون وهادى بصوت #ماهر زين على كل فولورى الحلوين :) #سمكة_بتصبح ☺	0	1
@RTarabic روسيا استخدمت جميع الاسلحه المحرمه 🖕🏻🖕🏻🖕🏻	0	0
هذه هي نهاية الغطرسة و العناد مرسي سقطت شرعيته منذ ديسمبر على الإخوان الآن أن يضحوا بخيرت الشاطر ويقننوا وجودهم ويظلوا في حجمهم الطبيعي	0	0
@sawabcenter داعش مجرمين قتلة ولكن النظام السوري من أحد الصناع لهم ويقتل أضعاف مايقتلون ويدمر كل سوريا  مارايكم به	0	0
#الكويت / تقدم مليون دولار لعلاج الاطفال السوريين النازحين في لبنان.	0	1
RT @hanisunitan: حقيقة لم يعجبني  #مصر_تصوت_لصالح_المشروع_الروسي ولكن أين مدعين الغيرة والشرف والعروبة والدين من موقف #مرسي بالامس و #بوتين…	0	0
أصدق مافي تاريخ حسنين #هيكل هو عملة من أجل قطر وعلاقته بأمير #قطر	0	1
@amrmsalama @EGYPTAIR عايز أضيف حاجة كلمتهم على تليفونات مكتب سور نادي الزمالك المعلنة على موقعهم الرسمي ، علشان احجز.. مردوش!	0	0
#تسريب بصوت #كيري.. يدعو لإزاحة #الأسدhttps://t.co/sNc9tFmEmP#سوريا #أمريكا #مسرب #بشار_الأسد https://t.co/1ROXgYMYsz	0	0
والله خلاااااص تعبنا راه 💔#بنغازي	0	0
النائب أبل : رفع الدعم عن البنزين قرار معيب https://t.co/dw30YI2VD4	0	0
وفشلت #ثورة_الانترنت زي ما فشلت ثورات كتير	0	0
RT @MasirahTV: مقالات | #مصر..والطلاق مع #السعودية بات بائنابقلم: عبد الباري عطوانhttps://t.co/buxPSOZ0m6#المسيرة_نت	0	0
مبروك ومبروك - ولكل الزملاء واشكر كل من ساهم بانجاح هذا الانجاز الراقي اليوم #نقابة_الصحفيين	0	1
RT @aali4573: تنوية ...صوت الانفجارات يا أهلنا بالسيدة والزوار الكرام ناتجة ع قصف مواقع الارهاب في ريف دمشق ..الوضع بألف خير واكلموا زي…	0	0
بعد أن سلموا #حلب ل #روسيا و #ايران وبعد أن هجروا أهلها #مجلس_اللا أمن يصوت بالاجماع على ارسال مراقبين للتأكد من عملية التهجير .#حلب_تباد	1	0
الله اكبر وتحيا مصر ،الحمد لله وحده، صاحب الفضل كله، انعم علينا بثورة عظيمة واختار من بيننا شهداء ابرار	0	1
RT @Shevo_22: الفيديو بتاع فورهاند فيدرر في الجراند سلام يحببك في التنس لو انت مش بتتفرج ما بالك اللي بيحبو التنس زيينا	0	1
رونالدو هو أعظم لاعب في تاريخ #ريال_مدريد #رياضة	0	1
@altaei2008 @jood_cat @1sho هذا مو موجود عندنا هذا عند داعش ودعش لا تمثلنا ولا تمثل السنه	0	0
حلب المحروسة ... ستبقى درة الشرق والحصن الحصين لتراث الأمة الخالد. #ستبقي_حلب	0	1
احتفالاتنا بمناسبة المولد النبوي الشريف على صاحبه افضل الصلاة والسلام ) هو يغيض الكفار ويجعلهم من هزمين ماديا ومعنويا وثقافيا ولا ارادة لهم	0	1
الله ينتقم من أل سعود المجرمين ، ويرد كيدهم في نحورهم #عمرو_اديب #مصر_احلي_ب #المباحث_بتوزع_سحلب_للفولورز #البورصه https://t.co/GNqBCBtSPM	1	0
سيرفع صوت الاذان عالياً ، رغماً عنكم..#حماس https://t.co/ONS6WgzZGl	0	1
الناتو ضرب العراق وليبيا بالاف الطائرات وذبحوا صدام والقذافي بمنتهي الاهانه من اجل الحريه والديمقراطيه للعرب منتهي الغباء !	1	0
صور للدمار الذي خلفه قصف طائرات العدوان الروسي اليوم على حي بستان القصر في #حلب.#HolocaustAleppo #حلب_تباد https://t.co/EEa2QTEIxK	0	0
ما يحدث مع المعتقلين السياسيين فى السجون الان جريمة جديدة ضد الانسانية كفاكم جرائم	0	0
إستفتاء مارس مانفعش طنطاوي وقد كان أكثر شرفا وأشرف عليه قضاء حقيقي فما بالك بإستفتاء ملعوب في أساسه وتفاصيله ومبني على كذب رئاسي فاضح	0	0
عمرو اديب امبارح كان جايب سواق تاكسي بيقطع في #اوبر و #كريم وبيقول انهم مش شغالين قانوني	0	0
RT @Eimanonly: @ShawgiMD @fizikabihery من امبارح مستنية المنشن دا لول انا زي ما قالت شيماماندا عن بيونسيه her type of feminism is not mine 😂	0	1
@awadhbinsud هطف؟؟ طلع مع بيونسيه في جولتها وجاب ناز في البومه اللي صار رقم ١ وتقول هطف؟؟	0	0
#معرض_الكويت_الدولي_للكتابشخبارك يالروائيواحد مخلي كتب كبار العلماء والكتابورايح لروائيمؤلف كتاب صفحتينأين العقول	1	0
RT @MrMuhnad: عدم وجود ميسي في الملعب يعني ان أي منتخب سوف يمتلك الجرأة لكي تهاجم وهنا ترى عيوب الدفاع!واحدة من المميزات التي تفقدها الأرج…	0	0
أبل .. هل وصلت لمرحلة الشيخوخة؟ https://t.co/Z4H3G17xe2	0	0
RT @saadalbreik: جاستا#مارتن ويلز خبير انتاج الأفلام في تزوير مقاطع الإرهاب  ويكشف أسرار مهمته للصنداي تايمزUSAوخدمة داعش برعاية https://…	0	0
لماذااي قرار سياسي داخلي وخارجي في #السعودية أول من يعلم عنه ويتحدث عنه الاعلام الغربي . والاعلام السعودي والشعب السعودي مجرد أدوات تطبيل .	0	0
RT @hindmrabet92: ليست منحوته في الرخام أو تماثيل..إنهم أطفال سوريا تحت الركام أين انتم يا رؤساء و ملوك العالم يا من تدعون حقوق الإنسان!؟…	0	0
ألى بقايا الخرفان باى باى	1	0
نحيي شباب حزب الوسط على مجهودهم الرائع فى الانتخابات والذى كان سببا فى حصول الحزب على ما يقرب من مليون صوت ممن صوتوا لنا عن اقتناع	0	1
RT @poOPElKpir: سنظل علي العهد ولن ترك سوريا وحيده ولن نترك بشار الاسد فريسه سهله ولن نترك ليبيا للغرب هي ديه مصر 🇪🇬✋🏻	1	1
حينما تجد الفرصة لاحتضان أمك أو تقبيل يد أباك فلا تضيعها فقد يأتي عليك وقت تحتاج لاحتضانهما أو تقبيلهما ولا تجدهما	0	1
هذا الارجنتين الي وصل ثلاث نهائيات ورا بعض ميسي ساتر عليهم	0	1
@itthad_barca مشكلة الارجنتين انها تختار مدربين مشّي حالك.الفريق يتأثر بغياب ميسي لان الفريق اصلا بدون مدرب.	0	0
واضح من كلام الناس ان مدرب الارجنتين بوذا .. اسوأ من تاتا مارتينو المدرب ده اول ما لاعب ميسي وهو عارف انه مصاب قولت عليه ملوش فيها	0	0
الى كل مشجعي المايسترو روجير فيدرر في شتى بقاع الأرض الي ما صوته إلى الآن رجاءً يصوت له على الرابط في التغريدة السابقة و شكراً ❤️	0	1
اللهم احرسني بعينك التي لا تنام، واكْنُفْني بركنك الذي لا يُرام، لا أهْلِكُ وأنت رجائي، رب ! كم من نعمة أنعمت بها	0	1
@ قطرائيل والقرداوى مفتى الناتو وأخوان ابليس عملوا لحركه سماح شرعيه فى مصر (ولاد حرام صحيح)	1	0
#الأم_المثالية … تُخفي دمعتها عن أطفالها حتى لا يدخل الحزن إلى قلوبهم تظهر ابتسامتها لصغارها وإن كان قلبها يعتصر الألم!! قلبها كبير	0	1
RT @coach_barca: عجججججججيب هالانسان والله يفهم 😍😍ركزوا على كلامه عن ميسي درر 😍😍❤️❤️ https://t.co/UAWH21PUIf	0	1
#عن يوم #حلو مع ناس بتحبهم عمرك ما هتقدر تنساة ツ	0	1
احاول ان اتعاطف مع من رماني بالخيانة والكفر واستخدم الدين لتحريض الناس علي وعرض اسرتي للخطر و شكك الناس في ديني طب ازاي؟	0	0
لازم كلنا نروح ننتخب اليوم لأنها أمانة وواجب وطني انتخب لتشعر بحق الملكية في بلدك~عمرو خالد	0	1
محاربة الظلم بالظلمستنتهي بظلم الطرفين #اخوان #عسكر	0	0
RT @RTarabic: #إيران تطالب بممر جوي لنقل جرحى مجزرة #صنعاءhttps://t.co/HJHOIuuQuA#اسأل_أكثر	0	0
شايف يا اونكل سيسي الناس بتتكلم عن مصر ازاى؟ 😔 https://t.co/HwEo7sOGxJ	1	0
هل ألمانيا اشترطت على مرسي مايقعدش عندها أكتر من يوم عشان طاقة شبكة مقاومة الكوارث ماتستحملش أكتر من كده؟	1	0
كلمة هيبة محتاجة تتشال من القاموس عشان ماحدش يتمسح فيها في الرايحة والجاية ده طبعاً غير أنها على نفس وزن خيبة	0	0
أحبك حبا لو يفيض يسيره #جوهرة #محمد بن أبي أمية	0	1
و انت طيب يا شاعر يا رائع	0	1
في الدول المتخلفة يقتل الآلاف و تحرق جثثهم و تلقى في الزبالة ثم تقام الاحتفالات السنوية لأسباب سياسية	1	0
صناعة الكذب ! #الجزيرة	1	0
#ﻛﺎﻓﻴﻪ_ﺗﻮﻳﺘﺮ_ﻓﻲ_ﻣﺼﺮ حضرتك مفيش فكة تاخد بالباقي ريتويتس	1	0
وماحدش هيضيع البلد غير الجبان والواطي والحقير عديم الذمة اللي عمره ما بيقبل على نفسه ما يقبله على غيره من كتر ما هو خائف وجبان	1	0
لا اعترف بدستور مسلوق على عجل خوفا من حكم المحكمة ببطلان اللجنة التى كتبته0لا اعترف برئيس يعطل القانون رئيسكم ديكتاتور ودستوركم باطل	1	0
صوّتوا لأجمل زينة ميلاديّة في لبنان لعام 2016 https://t.co/E2Y9nxE44L via @LbciLebanon	0	1
مجازر سوريا مستمرةأين الأمم المتحدة من حماية الأبرياء؟ أين العروبة والقيم التي لا نتوقف عن التشدق بها؟ الأنظمة في كل مكان تتعري أمام شعوبها	0	0
RT @DR_M_IKBAL: ‏عندما يبكي البحر حزنا..سيُغرق بأمواجه عروش الطغاة !! طفلة من مخيمات اللجوء#سوريا http://t.co/IrQinRB7yH	0	0
متباركين بالمولد النبوي الشريف، اعاده عليكم بالخير والبركة والسرور في كل سنة💐 #المولد_النبوي_الشريف	0	1
"هزة وسط ""#صافيناز"" بـ 110 آلاف جنيه يلعن ابو التعليم"	1	0
لعبة بوكيمون جو تفوق التوقعات https://t.co/5zMnfv8wcD	0	1
كشف لنا الانقلاب جيش البلطجية فى مصر لم نكن نتخيل ابدا انه بهذه الاعداد الهائلة والسلاح الوفير والعلاقات الطيبة مع الحكومة	1	0
شتان بين هيلاري كلنتون ونورية بن غب... 🌚	1	0
التبرير الروسي للفيتو قال هذا القرار(الهزيل) يخالف اتفاق الكلب #كيري والخنزير #لافروف	1	0
الحيوان ميشال عون يقول: لوخسر الأسد لأصبحت سوريا مثل ليبيا! ياحيوان سوريا أصبحت كارثة العصر،ثم لولا الأسد لما صرت أنت في قصر بعبدا يانذل	1	0
ال ع الشمال ده زييت #باسم_عودة الإرهابي أما ال ع اليمين ده زيت الإستقراااااااااااااااااااارررررررر #هز_ديلك …	1	0
#ماذا_لو_المدارس_مختلطهالجامعات تستقبل الآلاف من الطلاب للدراسة فيها مع العلم أن نصفهم لايستحقوا الدخول فيها بسبب تهاون تطبيق لائحة السلوك	0	0
RT @MbnF_: آخر هجوم سيساوي : السعودية تخدم الإرهابhttps://t.co/dCZjkYReOH	1	0
هنا #المحيسني يخطب وجمهور #الحمير من حوله يهللون ويكبرون مهددين بتحرير #نيويورك وتمكين شرع الله في #واشنطنhttps://t.co/0DxKEXc7Gt	1	0
الطريق إلى الديمقراطية يتآكل: محاكمات عسكرية، تقاعس عن حماية التظاهر السلمي، رفض الرقابة الدولية للانتخابات، عدم حسم حق المغتربين في التصويت	0	0
أنا #أردني وأفتخر ببلادي 😌	0	1
اغنية بيونسيه who run the world ترفع الأدرينالين بشكل غير طبيعي 🔥🔥 .	0	1
كل التضامن مع ثورة شعبنا العربى فى اليمن من أجل الحرية والديمقراطية والعدالة والوحدة ثورة الشعب العربى ممتدة من المحيط إلى الخليج حتى النصر	0	1
بلا سيسي بلا بطيخ هذا هو الطريق الصواب الذي يؤدي الي النصر المؤزر.👌👌👌 https://t.co/cA31q6HH0f	0	0
الأخ سيسي بردو😂😂 https://t.co/Nv9Dh83FGN	1	0
#ﺍﻟﺸﻌﺐ_ﻳﺮﺩ_تحية_الرئيس #انتخبوا_العرص #خليك_مصدق ان حزب النور اسلامي!!!	1	0
#شبكة_أخبار_المعارك أطفال اصيبوا نتيجة الغارات الروسية على مدينة #حلب صباح اليومحسبنا الله ونعم والوكيل https://t.co/JHhjktp7qu	1	0
#مشهور_يستاهل_الشهره  بيونسيه ✋	0	1
#نفسي اوى اشوف مسلسل #يوميات_ونيس :)	0	1
ايامي قبلك تسوي ايه !! وحياتي بعدك اعيشها ليه؟؟حكايتنا لو يا حبيبي حلم ، ياريت تسبني عايشه فيه. #اليسا ✨. https://t.co/ZUXnLQfYcO	0	1
#فيفي_عبده_الام_المثالية تقول حككككم	1	0
#ستبقى_حلب اغتصبوا نسائهاوقتلوا اطفالهاودمروا بيوتهاوقصفوا مساجدهاوسجنوا رجالهاوالامة باكملها نيامالى متى يا… https://t.co/hOErWVx3yG	0	0
صباح الخير اليمين المتطرف اتهزم في النمسا عقبال باقي اوروبا	0	1
حبيبة قلبي يا نوال الزغبي #حبيبي_انا   كل قلبي هواك @NawalElZoghbi  ❤🌷😘😉 https://t.co/g0I7N9E8Nb	0	1
RT @nemari999: #حملة_امن_وطني_امني_انا#حسن_زميرهمهما تحشدمن حشود مُغيَّبة ًوكنت سبباً في جعلهم أيتام بحربك في سوريا لن تغيرالحقيقة يامجرم…	1	0
ماذا تفعل المعدة اذا فاجأها الكبد بضربة قاتلة؟ انها مصر ضرباتنا القاتلة تأتينا ممن كانوا أهلنا وجيراننا وابنائنا	1	0
_2012 غلط شوف الاعلام بتاعهم بيمسكوا في اي حاجة حتى لو تافهة	1	0
أوباما يرفع العقوبات عن بورما - تنفيذا للالتزام الذي تعهد به الرئيس الأمريكي باراك أوباما لوزيرة خارجية ميانمار... https://t.co/Ta9YxfbkbF	0	1
سعيد جداً بزيارة الجزائر بلد جميلة فعلاً!	0	1
رجل أكرمه الله بمصاهرة أكرم خلقه مرتين زهد في أمواله وتجارته طمعاً في مرضاة الله كانت الملائكة تستحي منه #عثمان_بن_عفان رضي الله عنه	0	1
@elszo ههههه .. الللورد دارث فيدرر ده من البلد اللي جنبنا طوالي .. بعد المصرف طوالي	1	0
لولا هاري بوتر عليا بس❤️😳	0	1
#خليك_مصدق إن فيه ثورة فى العالم قام بيها وزير دفاع ووزير داخلية !!!!!! #هبل_وهطل_شعب!!	1	0
هاللعبة مهمتها ترفع الضغط وشكراً #SuperMarioRun https://t.co/OqG1nfpslB	0	0
مجلس الأمن يرفض مشروع القرار الروسي حول… https://t.co/vbJU5aJoE7	0	0
اللى حصل مع محمود شعبان فى التحرير أفترا عليه لأنه ضعيف	0	0
""" للأسف في مصر عندنا جميع أنواع السياحة ومش عارفين نستغلها""! #كلام_و_كلام #السادة_المحترمون …"	0	0
RT @ioipe: بيونسيه تغني اغنيتها irreplaceable بالأسباني 😻💗 https://t.co/SbholNrFgP	0	1
RT @taloo157: ليونيل ميسي عبر الانستغرام : هدف صديقي فهد المولد من افضل الاهداف اللتي رأيتها في حياتي سأطلب منه تعليمي الطريقه https://t.co…	0	1
سيبك انت بس السيسي راعبهم #انتخبوا_البرص	1	0
الانقلاب ضاق حتى بمن كان يعتبرهم علماء معتدلين من امثال الشيخ الحوينى !؟والدور ماشى ومش حيخلوا ؟!#انقلاب_3يوليو #مصر_الليلة	0	0
@eltangerino  @box_angham @linda43655916 اكيد لم ترى تقرير الصندوق الدولي عن الجزائر و صعود وتيرة النمو في الجزائر عكس المغرب غوغل 😉	0	1
لجنة فاروق أبوزيد مثال صارخ لنظام يقوم على وأد الحريات سنكسر حاجز الخوف #	0	0
قي عز ماكان #السيسي شايل روحه على كفه علشان يحمي بلده كان #أحمد_شفيق بيضرب جمبري ويعمل ساونا وجاكوزي بدبي قولوا الصدق صح ولآ غلطهنهزر!	1	0
اللعبه مو راضيه تشتغل ع جهازي حملتها وحذفتها اكثر من مره مو راضيه 💔💔💔😭 #SuperMarioRun	0	0
الأرجنتين في أرضها و بين جمهورها خسرانه من البارغواي حتى الآن، يقولون الأرجنتين منتخب في لاعبين كبار حتى بدون ميسي راح يوصلون الثلاث نهائيات	0	0
وجهة نظر ساذجة تقول أن من ناضل في الماضي يحق له أن يتحول إلى ندل اليوم	0	0
RT @The_Deep_State: اومال فين قناة السويس و المؤتمر الاقتصادي و الهري دا ؟قلتلك يا سيسي شغل العلاقات العامة و المرهمة مش بيأكلوا عيش http…	1	0
https://t.co/kulWfUCfAf هاشتاق #وتبقى_مآذن_القدس يذكر برمزية #القدس لدى المسلمين #اوقفوا_مكبرات_صوت_المساجد https://t.co/SyBsrLUc6G	0	0
#تحيا_مصر # #Ä #سأنتخب_السيسي !!!!!!!!!!!	0	1
RT @9min1: بوكيمون ايه يا جدعان الى هاقوم ادور عليه. خخخ دنا مكسل أقوم اشرب بقالى ساعه وعمال ابلع ف ريقى واقنع نفسي انى شربت ... 😃😂	1	0
حضرتك من شركاء #اوبر ؟؟؟ .. حتي لو لسه مبقتش....مكتب Uber Trust مستنيك بأقوه فرق عمل #Uber_Team .للتواصل ..… https://t.co/yzkujFV5FD	0	1
كلب هههههههههههههههههههههههههههههههههههههههههههههههههههه #MannequinChallenge  https://t.co/QevuLl575a	1	0
RT @watan_usa: “الحياة” السعودية تهاجم السيسي: مصر تعيش أوهام قيادة العالم العربي https://t.co/7Fgb7jTGHU https://t.co/52MZa6rp5B	1	0
بعد الانتخابات الأمريكيه إن لم يلتزم أردوغان بما تم الاتفاق عليه مع بوتين وهو سحب المسلحين من حلب ، فسيتم دكهم تحت التراب .	0	0
إهداء إلى أمى الغاليه	0	1
Retweeted هاشتاق العرب (@TheArabHash):#فيديو | أهالي #القدس يرفعون #الأذان فوق أسطح منازلهم تحدياً لقانون سلطة... https://t.co/g43i0Lmuwl	0	1
روزاليوسف- تحقيق الزميل / رضا رفعت كوارث استخدام الفحم في مصر #أوقفوا_الفحم	0	0
@RamyAyach حكاية جايي تحتل المرتبة الاولى على عرش الاغنية العربية 😍❤برافو امير 👏👏👏عمل بنفتخر فيه 😍😍#امير_الليل… https://t.co/zQ2LsbyPTe	0	1
ڤيديو كوميدي || آحتفال المانيكان بين فاردي و آحمد الشيخ 😀😄 https://t.co/zGk9YwZ1Pd	0	1
) ! #اولاد_ميت_عقبه #الزمالك #حب_الابيض_غير …	0	1
"متحدث #الحرية_والعدالة : عملي مع #الإخوان ""سبوبة"" والنيابة تأمر بحبسه ميمو"	0	0
"عدم السماح لغير المنتمين الازهر الشريف اعتلاء منابر المساجد ""كفاية عك"" #في_حاجة_صح"	0	1
قاربت السنه علي ابشع مجزرة في التاريخ الانساني #فض_اعتصام_رابعة و العين مليئة بالحسرة و يمزجها الامل و الصبر علي	0	0
كل هذه التحركات من #السعوديةوإدارة #كيري هي محاولات يائسةلإخراجها من فشلها في حرب #اليمنبماء الوجه قبل تسلم #ترامبمن سيذبح #البقرة قريبا	0	0
رحت بسجل بنادي بس كلاسات رقص وايروبيك بدون سباحة قالت لي 6000 والله لو أنك بتطلعيني بيونسيه :(	1	0
RT @M__albugaily: قردوغان حليف اسرائيل يدعم تنظيم داعش في سوريا ومع ذلك لم يغضب عليه أحد ويهدده كما يفعل مع مصر التي تواجه الإرهاب بشكل عام…	0	0
ملاحظة غريبة عندما نطالب بشفافية التمويل فان انصار مرشحين محددين يثورون ويكيلون الشتائم يكاد المريب ان يقول خذوني	0	0
بعد عامين شر.. جانا صوت من وسط الشجر.. قال خلاص عهد الظلم مر .. الباطل راح والحق انتصر .. ورد الحاج كرر يا علاء.#بنغازي	0	1
ايوه الحين يزين الدوام مع لعبة #SuperMarioRun	0	1
سأتجه الآن إلى الملتزم (بين الحجر الأسود و باب الكعبة) هناك يستجاب الدعاء و هناك لصق النبي جسده بالكعبة و دعا الله كثيراً سأدعو لكم كثيراً	0	1
RT @FCBW_A7: غوميز : نستمتع كثيراً في التدريبات في وجود ميسي و نستمتع أكثر حينما يُقدم لنا أشياء جديدة	0	1
مقنبعه بين اردوغان و طفل ايران العبادي ههههههههههههههههههههههههههههههههه	1	0
@REAMa_sa انا كبنت احب الش ر المجعد واسويه بالرغوه مثلها واهو طويل وقصير وفي بعض رجال يحبون الشعر اللي مو مرتب مثل ميريام فارس	0	1
عين تدمع وقلب يحزن ولسان يتلعثم وإلى الله المشتكى!#القدس#حلب#الموصل#فلسطين#سوريا#العراقكان الله في عونكم ؛ الله ينصركم على الظالمين💔	0	0
73 الله يبارك فيك الحمدلله شدو الرحال من لندن الى ليفربول كانو واثقين خلفهم العظيم مورينهو #صيعري #صحافه #اعلام	0	1
RT @Sir_HussIsco: خضيرة مع ريال مدريد كان يقوم بنفس أدوار فيدال وبشكل أفضل من التشيلي برأيي وكان من الأسباب الرئيسية بفوزنا بالليغا ونجاح ف…	0	1
3 الجزيرة ولا حاجة جنب قناته الشملولة اون تى فى الى بتتوقع الكوارث قبل حدوثها وتسبق لموقع الحدث	1	0
يفضح كذب قناة الجزيرة ويكشف تمثيل الاخوان دور الموتى	0	0
@MaktabaAmma الدعاية التجارية ترفع الكتاب ولو كان المضمون تافه او غير مفيد، مثل سلسلة هاري بوتر وغيرها،فبعض الناس تبحث عن ما لا يجعله يفكر	0	0
RT @madrid2018: تمنيت لو ان فهد مثل ميسي .. ولكن طلع مختلف تماما !! https://t.co/5uO5OJxMFS	0	0
الحمد لله على نعمة الإسلام وقائد الحزم سلمان 💚فالاختلاط لا يطعم فقيرا و لا يحمي ضعيفا و لا يستر عاريا بل يفضح ! #ماذا_لو_المدارس_مختلطه	0	1
@Abdulkhaleq_UAE عليك من الله ماتستحقمستشفى لعسكر بوتن المجرم وتريدهم يعتذرون !!	1	0
عصام سلطان فضل عشر سنوات عامل نفسه منشق وضد الاخوان وبعدييين بعد الثوره اتضح انهم منهم ولا انشق ولا يحزنون	0	0
مرسى لم يعد رئيسًا لخروجه على الشرعية وقراراته غير ثورية	0	0
كله الا #القدس	0	1
وجاء اليوم الأسود على مصر ورفعت أسرائيل علمها على أرض عمرو بن العاص https://t.co/mwe5fk3aXI	0	0
RT @wenak_20: المتعه افضل من الزواج لهتك اعراض عامة #الشيعهعبث باسم الاسلام  https://t.co/467OZZvvz4	0	0
الحد الأدنى والحد الأقصى #فسسسسسس	1	0
مازلنا نعيش عهد اللافعل	0	0
@ajmubasher ده اتحاد للعلماء المعرصين المتأسلمين التجار بتوع الريال والليره. رعاة الناتو وداعش والنصره	1	0
@cdnmai يحيا بوب ديلان ٣ مرات هههه	0	1
@alalam_news بريطانيا هي منبع الإرهاب ومؤسسة الفتن والتفرقة بين الدول والأحزاب وليس لديها أي إنجاز مشرف في السلام.  #داعش #بريطانيا #إرهاب	1	0
@qussady @Al36fa بوتن .... لكن الله يستر مايزعل علينا اخوتنا اللبرالين العرب ويقولون اننا عدائين واقصائين.....	1	0
#ديربي_المرسيسايد بالتوفيق لزعيم بريطانيا #ليفربول ❤️❤️	0	1
إرهاب ملالي إيران يفوق إرهاب داعش خسة وتهديدا للعالم فلما يسكت عنه المجتمع الدولي ؟؟؟	0	0
ابراهيم عقل نموذجا! #	0	1
السيدات حجّه وعائشه ومريم بنات أحمد الشيخ من النساء اللواتي يمثلن المرأه الرشيديّه الأصيله الفاضله والكريمه فلهن كل معزه وتقدير#بقلمي	0	1
ضد الانقلاب: اعتداءات وحشية على المتظاهرين المتجهين للتحرير مع الانقلاب: الله يرحم العصير والجوايز للمتظاهرين فى التحرير	1	0
": أنا أنتظرك لأنني لا أجد شيئاً آخر يُسليني في غيابگ عنّي ! #اعترافات_ليلية"""	0	0
-ضحايا استهتار الحكومة!-ضحايا اللامبالاة الشعب!-ضحايا المسؤوليين الفاشلين !-ضحايا الفساد؟كان ذنبهم الوحيد انهم… https://t.co/krRJL1iPjZ	0	0
#فريدة_الشوباشي لـ #عمرو_اديب: رأيي انت عارفه عايزيني أقوله تانى علشان اتحبس #كل_يوم​| #ON_Ehttps://t.co/ZGZgzYeruX	0	0
روسيا تحرق سوريا https://t.co/LDUv5L88DX #السعوديه_تقنت_لحلب	0	0
#عبد_الفتاح_السيسي @AlsisiOfficial يهني باختيار #جوتيريس سكرتير عام ل #الأمم_المتحدةhttps://t.co/Ff3WNWVwYq… https://t.co/2gns4eH3YS	0	1
RT @karim_bahna: انت يا سلمانو يا راعي الإرهاب العالمي✔✔ وارهابك على اليمن وشعبه 😠😠😠😠😠سنرده لك بأذنه تعالى ✌ ✌ ✌#من_دمشق_هنا_صنعاء https…	1	0
RT @RRRa20_: #شرك_الرافضه_في_عاشورا فرق بين النور والظلام العباده والشرك اللهم نحمدك ونشكرك على فطرة الاسلام https://t.co/qTdQn7D5de	0	0
أدعو المجتمع السكندري لإعادة أكشاك النبي دانيال وحماية بائعيه وعدم التفريط في تراث اسكندرية من أجل محافظ مصاب بالحول الفكري وخلل الأولويات	1	0
سيلفي للفنانة 👇الذهبية #نوال_الزغبي @NawalElZoghbi باطلالة رقيقة جميلة صباح اليوم 💋❤🌹صباح الخير 😍 https://t.co/r5UMIAhRnd	0	1
الجزار الفاشل يحضر الآن سكينه لكي يذبح بعض كباش الفداء قبل أن يكتشف أن المشكلة أعمق من فشل الأشخاص فهي مشكلة فشل سياسات	1	0
14 يوم على افضل واقوى العروض والهدايافي #Christmas #FIFA17	0	1
#غزة: مريضات سرطان الثدي يحمّلن إسرائيل المسؤولية عن حياتهنhttps://t.co/g4Gsyt8XOt https://t.co/0XmU7QjjIQ	0	0
المذيعة: استقبلت السفير الإسرائيلي إمبارح ليه؟اردوغان: واحد عضو حلف الناتو، ومصاحب الصهاينة من زمان عاوزاه يطلع إي… https://t.co/N3cEaOd6tz	0	0
#مصر مش تكية !!! يا #هاشتاج يا #إبن_المثالية	1	0
الإصرار علي الإستفتاء في ظل وطن ممزق وغليان شعبي وغياب أمني وقضاء معطل واعلام محاصر هو انعدام للإحساس بالمسؤولية نحو مصر	1	0
RT @dta33an: عندما اسقطت امريكا قنبلة هيروشيما ماذا حدث؟... #الارهاب_صناعه_امريكيه_لاسعوديه https://t.co/uxVpdq2RCr	0	0
قمة المسخره #الببلاوى بيقول انا ليا ملاحظات على قانون التظاهر :) ياعم هو انا اللى مطلعه ؟!	1	0
#السيسي يفضل سيسي وخسيس https://t.co/hQk2cFvrGv	1	0
يا #حلب أنتي عنوان الصمودبإذن ربـي ، لا لن .. تسقطـين ٰرغـم  حلف ، الروافض واليهودرغـم  بوتـن و #بشار .. اللعين	0	1
RT @Qwt_Alrad3: هؤلاء هم قتلة #حلب اليوم يستنكرون مجزرة #صنعاء‼ https://t.co/I14yRPPtaO	0	0
قال النبي صلى الله عليه وسلم الإسلام أن تعبد الله ولا تشرك به شيئا وتقيم الصلاة وتؤدي الزكاة المفروضة وتصوم رمضان   - صحيح البخاري ﷺ #ﷺ	0	1
❤❤ عشق #اليسا	0	1
#قياده_السيارههذي الأشكال من سواقين #اوبر و #كريمالي يبغونا نطلع معاهم بدل مانروح بكرامه لحالنا بدون ايذاء من أحد… https://t.co/X67xI9FFYn	0	0
#كاسترو: القتلُ بعد الوفاة | ربيع بركات http://https://t.co/0ryMoHrCMl  #السفير_جريدتكhttps://t.co/5n9LsxwIXS	0	0
"فيسبوك بيحب يقلب عليا المواجع:"""""""""""""""") https://t.co/Ttgbeyd48t"	0	0
عادت حملة التشويه و الأكاذيب بقوة أجهزة النظام السابق تعمل بنفس الكفاءة نظام يحاول قمع الفكر المخالف هو نظام ترتعد فرائصه الثورة ستنتصر	0	0
تظاهرة كرداسة #مصر اليوم نصرة لأهلنا في #حلبوالهتافيا الله يا قهاراهلك #السيسي و #بشار#مات_ضمير_العالم… https://t.co/zGEd4eP0jO	0	0
خُلقت مبرءاً من كل عيبٍ ،، كأنك قد خُلقت كما تشاء #سيدنا_النبي	0	1
هوة بالنسبة للأقباط انتوا نسيتة مذبحة #ماسبيرو واللى كان بطلها المجلس العسكر اللى كان #السيسى فيه وكان رئيس	1	0
مين بين كل الناس اللي اتصدمت في تأييدهم للسيسي صدمتي في #حمدي_قنديل لا توصف!! وتأكيد على مبدأ: #أوعى_تتفاجيء !!	0	0
كنت بعيط لما حلقة بوكيمون تفوتنى ياريت نرجع  اطفال تانى https://t.co/MYsV14cQWc	0	0
طلعنا من حلب الشرقية بسلام والحمدلله	0	1
#يوسف_الحسيني إعلامنا نكدي والمسئول الأول عن حالة الكأبة الموجودةعلى وشوش المصريين #السادة_المحترمون …	1	0
انقلاب ضد الاسلام أغلقوا القنوات الإسلامية وفتحوا القنوات الإباحية ويجدون من يصفق لهم ويهتف لسيسي	0	0
لعبة #بوكيمون_جو تحصل على تحديثات جديدة#الاخبار_التقنيةhttps://t.co/rkcI7j1ujt https://t.co/WDKy6plGsI	0	1
#ذات_مومنت لما موبايلك يغطس في البطنيه وتقعد ادور فيه ما تلقشي واخر حاجه تنفض البطنيه يقعد الموبايل ايتخبط فيالوطى :/ اصلا عادي	0	0
أوقات لازم تشيل التفاحة الصالحة من السلة المليانة تفاحات فاسدين#ابو_صعب #حكومة_لبنان	0	0
في مثل هذا اليوم 29 اغسطس استشهد البطل عملاق الفكر الاسلامي #سيد_قطب بعد ان اعتقله عبد الناصر وقتله ظلما …	0	0
انتهاك حرمة المسجد الأقصي علي يد الصهاينة جريمة لن يغفرها التاريخ لكل الصامتين و السؤال عن الدور المصري أصبح مطروحا بقوة	0	0
رفض التلفزيون المصري ظهوري في برنامج عمرو خالد حملة التعتيم و التشويه مازالت مستمرة	1	0
بـ مناسبة الفوز ب كأس رئيس الدولة 💛😂#الوصل #MannequinChallenge https://t.co/q0CKc87tGm	0	1
طلعني انا كمان من المنشنكل اللي بتفكر فيه جنس ومخدرات الذعر الجنسي ده هو اللي مأثر عليكم	0	0
بغنيلا وبدئلا وغير بحبك مابئلا #رامي_عياش	0	1
ربنا يديك الصحه يااسطوره #عادل_امام	0	1
معارض إيراني لراديو الكل: الحرس الثوري  كان يريد إبادة #حلب الشرقية لتكون درساً للثورة السورية https://t.co/k0pC3Upsgp	0	0
RT @saadhariri: ٦- أين دموعهم من الجرائم التي يرتكبونها في سوريا والعراق واليمن وغيرها؟ أين دموعهم من أيديهم الملطخة بالدماء في حلب وكل أنح…	0	0
الرضا بماا كتبه الله لك~ يجعل لك الحياة كما تريد♡	0	1
RT @muslim2day: قيس الخزعلي أمين عام مليشيا العصائب الشيعية التكفيرية:معركة استعادة #الموصل⁩ هي معركة الانتقام والثأر من قتلة الحسين وأحفاد…	0	0
تتعانق الاخوات#حلب#بورما#غروزني#سربرنيتشا#غزةمع اختهم الكبرى #القدس في خدمة المصالح العليا للامة العربية والاسلامية	0	1
#ستبقى_حلب دولة الباطل ساعه ودولة الحق الاقيام الساعه	0	1
123 هنا خطأ مننا نحن الأحزاب المدنية فلقد وافقنا على هذا لعدم خبرتنا	0	0
#بوب_ديلان يصف فوزه بـ #نوبل للآداب بأنه «مثل الوقوف على سطح القمر» https://t.co/iFJWJ1EP17	0	1
بعض الأصدقاء الذين أحترمهم رفضوا فكرتي بفظاظة لازلت مقتنعا بها مهمتنا ان نقضى على الأمية وان نقضى أيضاً على استغلالها لحساب اى فصيل	0	0
#ياولاه_الامر_نحتاج_الهييهيقول الله :{ والله يريد أن يتوب عليكمويريد الذين يتبعون الشهواتأن تميلوا ميلًا عظيما}.#ماذا_لو_المدارس_مختلطه	0	0
نجمتنا الذهبية #نوال_الزغبي مع الإعلامي #زكريا_فحام صاحب موقع #خبر_عاجل 😍 https://t.co/EfBxEhcV74	0	1
#أوبر تطرح خدمة جديدة لحفلات الزفاف في #الهندhttps://t.co/81qAqaNrnF https://t.co/9FSsP82QIw	0	1
@naif2011nai @Medium #السعودية بلد عظيم به مقدسات المسلميين #قطر_بنت_الوسخة تحكمها #موزة القواد #تميم رعاة للارهابيين دمرو #سوريا و #ليبيا	1	0
يوسف الحسيني بالفيديو يفضح كذب قناة #الجزيرة ويكشف تمثيل #الاخوان دور الموتي #مصر	0	0
350 طفلاً فلسطينياً يقبعون في #سجون #الاحتلال https://t.co/EQiReCwBLZ	0	0
بالنسبة للناس الي بتقول انها #هتحبك_لو ضحكتها وهي بتعيط حضرتك انا مش هسيبها تعيط أصلاً	0	1
لما اعرف ان #محمد_رمضان عامل مسلسل في رمضان الجاي اسمه ابن حلال أمال مين اللي يبئه ابن كلب	1	0
#عيد_الأم #امي امي يا اجمل ما يبدأ بهِ يومي فَ سبحان من صنّع من دعواتكِ سعادةٌ لي لا تنتهي	0	1
@LOW_HR @Eyaaaad جاك أيفون ٧ هدية 📱	0	1
#ماذا_اعطاك_الوهاب_ الحمد لله انه الوهاب و ليست الهبات في يد البشر	0	1
RT @alazzazy: #كوريا تستحق الإحترام.. #كوريا تستحق الإسلام.. فمن لها يا كرام؟! https://t.co/IrWH1xQnNC	0	1
RT @alhjryzaydz1: صديقي انت : من خلال صفحتك انت تمثل الإسلام فلا تنشر إلا ما يرضي الله، وكن مفتاحا🔓 للخير، مغلاقا🔒 للشر 🌴🌴🌴 ❤	0	1
🔹الثقافة القرآنية🌹🌹✨🔘 أثر الرسالة الإلهية يتحقق من خلال الارتباط بالرسول ورسالته.💚ذكرئ.المولد.النبوي.الشريف	0	1
"RT @Dr_Magid1987: حنان الفتلاوي تدعو اردوغان للتهيؤ لاستقبال جنوده بـ""توابيت خشبية!!الصفويين يغضون الطرف عن الوجود الايراني ويغضهم تدخل تر…"	0	0
#الموظفة_السعودية لديها القدرة لإقتناء ٤ سيارات ولكن في الوقت الحالي نسبة ٣٠٪ من راتبها يذهب لـ #أوبر و #كريمما جبنا طاري #النقل_الصباحي	0	0
ابغا اتفرج هاري بوتر وكس ام الواجبات	0	0
هذه الأعمال شهدت صراعًا بين #عادل_إمام و #محمود_عبدالعزيزhttps://t.co/IXgQIHOViV#جريدة_الحقيقة https://t.co/6c0TfCEdFC	0	0
بلبل حلو؛  يا ما الو ؛ صابر على جنون الرياح 😍😍😍😍 #رامي_عياش  #أمير_الليل #لبنان @RamyAyach	0	1
5 سقوط الكنيسة مع البابا المتطرف تواضروس مفهوم ومرتبط بالمصلحة فى تقويض مكانة وهيبة الاسلام فى مصر واستفاد بخبث من مبدأ استعمارى (فرق تسد)	1	0
رجل تقتل ابنته ويسجن هو ورفاق دربه ثم يبتسم يوم القبض عليه انه الحق اصحابه دائمأ مطمئنون …	0	1
@BBakr70 أين أنت من الاندماج؟ فيلق الشام ليس القاعدة فأين الوحدة؟ أين الوحدة مع جيش الحر؟ كنا نسمع جبهة النصرة هي القاعدة. ... والآن؟؟	1	0
RT @Ym_HA_Tu30_11: ارادوا إخفاء ارتكابهم جريمة #مجزرة_القاعة_الكبرى والله كشفه#شاهدوضع #بني_سعود و #عيال_زايدخطة تحاكي لبيان داعش https…	0	0
تعرفوا الضابط اللى قبض على #هيثم_محمدين نزله ليه وفتشه !!؟ عشان ذو لحية و شعر طوال ? و كتب كده ف المحضر و اتكسفش على دمه	0	0
لماذا ياأخي تتهمنا بإثارة الفتن عندما نطالب بتحمل مرسي المسئولية السياسية كما كنا نفعل سويا أيام مبارك؟ مش عارف بس هما قالوا لي أقول كده	1	0
@om_loai1311😳😡😤😰 هؤلاء أصبح لا قيمة لهم خصوصاً الجامعة العربية والامم المتحدة بالنسبة للجامعة يجب حلها وتوفير أموال تُصرف سُدى وكذلك الامم!؟	0	0
من غير المعقول أخلاقيا ان نُخَيّر  أهل #حلب بين الموت بالهجرة والموت تحت القصف لمجرد انهم طالبوا #بالحرية ..هذا معيب بحق المجتمع الدولي	1	0
كل ما يفعله أبو زيد وزير الرياضة يضر الرياضة اخر شائعة عن تعيين كمال الجنزورى رئيسا للاهلى شباب ثورة 1919 سيعود ليقود الرياضة فى مصر	0	0
الغريب في #يوسف_الحسيني انه بينتقد #ياسر_برهامي و هو اكبر برهامي انا شفته في حياتي #مصر	1	0
"يهنئ حزب الوسط الدكتور عبد الفتاح ماضي بتعيينه رئيسا للمجلس القومى للشباب ويتمنى له التوفيق"""	0	1
فوشيا+موف+بنّي+دهبي+ ٢ كيلو دقيق أبيض تحت العينين ياااااظلمة س	1	0
إحنا مايفرقش معانا هو موافق ولا لأ إحنا عايزين حنان ليس إلا	0	0
الاعتقالات وباء وانتشر فى مصر والحبس الاحتياطى فيروس يلاحق المعتقلين	0	0
"نسأل الله أن يحفظ شيخنا من كل مكروه ويمن عليه الصحة والعافية #سلامتك_يا_خليفة """	0	1
#اليسا ضيفة مميزة مع الإعلامي #عمرو_اديب ترقبوا الحلقة يوم ٢٣ ديسمبر الساعة ٩:٣٠مساء@elissakh #elissa ... https://t.co/XkbviX1aJb	0	1
انهزام #الارهاب واعلامه الارهابيهستيريا تضرب وسائل الاعلام العربية بعد انتصارات #الجيش_السوري وحلفاؤه في #حلب… https://t.co/93DL6SyPwJ	0	1
كويس بريطانيا ماهي دولة عربية ..!كان هذي تحكم البلد وتدير ( كافة ) شؤونه كل هذه المدة لوحدها ..! https://t.co/KTcpDcIO0r	1	0
معااااااااااااااااااك يا ريسنا معاااااااااااااااااااااااك #تحيا_مصر #السيسي_حبيب_الملايين #سأنتخب_السيسي	0	1
@golnar37110879 @hamedalbukhiti صار اللي خايف منه، حزب الله جديد في اليمن، ادركوهم قبل ان يدركوكم	0	0
انت مدرسه ياكبير ياريت العالم تتعلم منك نيال لبنان واهل لبنان فيك بنحبك ونشتاقلك كل ثانيه  #RamyAyach #رامي_عياش @RamyAyach	0	1
الغشيم فعلا يا هيموتك يا هيزنقك تموته أخطر خصم في الحقيقة	1	0
خطوة رائعة للحفاظ على هيبة ونقاوة الحدث #كاسترو زعيم له جماهيره الواسعة https://t.co/9EXEc6lDpc	0	1
RT @Tjvip4rMoot8wvt: الى اهلنا في الدول العربيه من اهل الخير يوجد 20 طالب مهجرين من العراق في تركيا لم يدخلو المدارس لانهم حالهم صعب ولا يم…	0	0
@waleedAlnomasy @Spamforda3sh هيلاري كلنتون تقول ان داعش صنيعتنا بمساعده بعض الدول والسعوديه على رائس تلك الدول هذا كلام عمتك مو ايران	1	0
#مصر #السيسي تنتكس وتعود للعصر الحجري وحكم الغاب يحزنني حال الذين يدعمون هذه الهمجية والنازية الجديدة #مرسي #السعودية	0	0
الطفلة سناء بابنسي تسع سنوات تحكي قصة العذاب والنزوح من أحياء حلب الشرقية الى مراكز الإيواء المؤقتة للنازحين في ريف… https://t.co/1VIO41t3Rt	0	0
#جمال #خيال #حقيقه #جميل #درر #حكم #أعجبني #حكمه #بقلمي #شوق #بوح #شعر #قصيد #رتويت خمس الاف متابع بـ 200 ريال 132	0	1
RT @azizmousaa: والعبادى نسى انه مجرد موظف لدى امريكاحتى اوباما مابيسلمش عليه مثل السيسى😁فكان رد اردغان عليه باختصار(ياهذا انت مجرد حشره)	1	0
السنه الجايه انشاء الله مهرجان القاهرة السينمائي هيكون برعاية شرطة الآداب 😂😂 #مهرجان_القاهره_السينمائي https://t.co/KLQv7qtc2R	1	0
2011 الله ينور عليك يا دكتور هو ده التفكير اللى عايزينه مش كم مسجد وكم كنيسه	0	1
سعدت بزيارة الشيخ المُربّي الفاضلعبدالرحمن بن عبدالخالق وفقه اللهوأهداني آخر مؤلفاته.#مذكرات_ناشر… https://t.co/XSw8E1eGXN	0	1
= للذكرى والتذكرة من العام 2012= علشان كده سيسى عايز يخفض الخصوبة بتاعة المصريين والمصريات= مش هايحط كافور بس... https://t.co/ZB1AvtriDt	0	0
اجرأ سيدة فى مصر تعليقا على مجزرة رابعة العدوية	0	1
7_ انا عاوزة احرق #أماني_الخياط بالغاز !	1	0
#السيسى_هايصالح أحمد عز وزينة وهاياخد العيال يربيهم علشان يتفرغوا لخلفة عيال تانية #الجيش_قتل_رضا #حاميها_حراميها #الداخلية_بلطجية #المشيرة	1	0
مدير جامعة الإمام يستنكر الثناء على #أردوغان ويعتبر #تركيا دولة فاسدة فاسقة فاجرة تنشر الرذيلة #مكة #السعودية # #	1	0
ارتفاع اسعار #الغاز #السولار #البنزين #الدواء #الغذاء في #مصر صدق #السيسي في انه سيرفع الدعم وانه عذاب ومعاناة #انتخبوا_العرص	0	0
مهزلة .. ان يأتي محتل غازي لبلدك ويهددك بالخروج منها او الموت !! #لافروف #حلب	0	0
أيها الاخوان لستم ضحايا اننم خنتم الثورة وتواطئتم مع النظام القديم وعذبتم الثوار وقتلتموهم حتى ثار الشعب ضدكم الى متى تخدعون أنفسكم	1	0
أولى بشائر النظام اللبناني المسخ بعد تولي ميشال عون الرئاسة، جدار فصل عنصري حول مخيم عين الحلوة، والله العرب بيأدوا… https://t.co/7aHlY0t7qq	1	0
@BICORES @khder70003 شنوا الى فى المسرحيه الدوله حليفت روسيا والنظام   وتقتل فيهم شنو هل الغباء حسبنا الله ونعم الوكيل همكم الدوله بس	1	0
RT @ALAMAWI: #القلمونالجيش الحر يتقدم على حساب #داعش بالقرب من العليانية ويغتنم سيارات مع مضادات أرضية ويوجد العديد من الأسرى والجثث لعناص…	1	0
شكرًا دونالد ترامب لاجتهادك العالي وهمتك الواضحة لضمان نجاح هيلاريولأدائك التمثيلي العالي الذي يوضحبرنامجك الانتخابي في الصعود الى الأسفل	1	0
وغاب عني وفراقه حبيبي شيء تآني ..عذاب مش بآلكلام احكيه 💔#اليسا https://t.co/LNjehLMxsQ	0	1
موقع #اتحاد مكتبات #الجامعات المصريةحاجة مبهرة وخدمة عظيمة للباحثين واضافة رائعة للمحتوي العربي علي الانترنت	0	1
RT @alhoraa23: تدريس البوم بيونسيه الاخير في الجامعات الامريكيه !!!!ليش ميدرسون البوم كاظم الساهر 🤔 لجامعاتنه ؟؟!!! https://t.co/W8YaXeRqoO	0	0
@Arrgwan تويتر و فيسبوكاصبحت منابر الشرفاءلرد كيد اعداء الفضيلهفي الاعلام الاجير.	0	0
اللي حصل في الداخليه ايام 25 #يناير :) هيطلع و اوسخ من الاول هتعود هتعترض او تقف قدام الظابط هيتمسح بكرامتك	0	0
مصنع الرجال وعرين الأبطال صدعوا بكلمة الحق وجاهدوا بالنفس والمال #تعظيم_سلام_للاخوان_المسلمين #حسن_البنا …	0	1
الإخوان يكتبوا بالانجليزي عشان يستقووا بالخارج مافيهاش مشكلة لكن لو انت عملت كده تبقى عميل	1	0
كان نفسك تصرخ للعالم ملقتش ف قلبك صوت ضحيت بحياتك والظالم بيجرب فيك الموتجربت تموت.. #اليسا❤️	0	0
#اخطر_انواع_النساء الخارجيات الحروريات اللاتي تجردن من الخُلق والإنسانية والأنوثة	1	0
RT @SheikhJawad313: لقد قالوا للعديد من المسلمين بأن العزاء على الحسين بدعة، كي يبقوا عليهم في سجن الإسلام الأموي الوهابي#السعودية #الحسين…	0	0
#انتخبوا_العرص بقت مكتوبة ف كل شوارع #مصر	1	0
عجز الكلام عن وصفك 💗💗💗#نادين_نسيب_نجيم #في_بيتنا_ضيف@nadinenjeim https://t.co/bhxAeOq7QH	0	1
الارجنتين بدون ميسي مضحكه 😂😂	1	0
حبيت فكره انه الفلم تحسه ماعرف واقعي نصه زي انه لعبة تنشهر والكل يطف فيها وكيف جرأتهم امانه حبيت وزقو على بوكيمون ذي مدري شدخل بس زقو عليها	1	1
RT @SYRIA_KIDS: شكراً #بشارآثرتهم على نفسك .و زفَفتهم للجنة شهيداً تلو #شهيد وألقيت بنفسِك في حفرةٍ مهما أمتلأت /تصرخ :( هل من مزيد ؟…	0	0
#تويتة فى عشق الكيان #الاهلى	0	1
في نفس المكان، عقدة الراموسة، الذي منه أجبرت آﻻف العائﻻت الحلبية على مغادرة منازلها في أحياء حلب الشرقية باتجاه... https://t.co/pfIr04jsi0	0	0
اعمل تويتة على تغيير بامبرز البت ييجي الرد زي الريتويت اللي فاتتفعلا بياكلوا بيبي ع الصبح	1	0
صور تفجير #بنغازي اليوم ..لعنة الله على الظالمين . https://t.co/uvu8m6x4CY	0	0
البقية فى حياتك كان راجل عظيم	0	0
@said___hassan الله يعينكم على حكومتكم طلعتو من مرسي طلع لكم سيسي	0	0
القنوات الدينية و القاهرة اليوم اتقفلوا وقت مبارك بالقانون برضة بنعيد نفس الغلط حول الشخص للتحقيق بس تقفل قناة ده غلط	0	0
اختيار الدكتور عمرو خالد، ضمن أكثر 10 شخصيات تأثيرًا في العمل الاجتماعي في مصر لعام 2012	0	1
@MMagadli هههههههههههههه كمان حكاها بشار الأسد بعد ما صلى العيد بداريا! https://t.co/TN0ga1HahA!	1	0
يعنى الكنائس ف القدس افضل من قناة القاهرة و الناس ف مصر 😉😉😉#الكنايس_ترفع_الاذان #القدس #الاقصى_الاسير	1	0
دونالد ترامب خااااااارب الدنيا حالا😂😂جايب 4 بنات حالا واحده بتقول بيل كلينتون اغتصبها والتانيه بتقول ههدوها متتكلمش عشان هيلاريبرشاااااام	1	0
( بالفيديو ) إهانة جيش قوات نظام الأسد.. ماذا قال مندوب السعودية في الجامعة العربية “هازئاً” عن حلب؟ https://t.co/SawLQrRR2v	1	0
موعد مباره ريال مدريد بكره فاشل بمعنى الكلمه	1	0
ستظل ذكرى استشهاد البطل عبد المنعم رياض تخليدا لملحمة مضيئة من أنصع صفحات التاريخ المصرى ورمزا لبطولات معركة الاستنزاف تحية له فى ذكراه	0	1
@WhiteAngelPlace ومن قال عنها نظيفه !! هذي السياسه يا تقبلها مثل ما إهيا يا تقعد في بيتكم تطالع أفلام هاري بوتر 🔮🔮	0	0
RT @amer_alkubaisi: الحشد الشعبي يهدد أردوغان كما هدد السعودية من قبل .. ويهدد البضائع التركية قائلا: إنها بخطر بسبب أردوغان، وأن جيش تركيا…	0	0
ابراهيم عيسى سيحاكم بتهمة ازدراء الاسلام ؟ عيسى قدم فهما عميقا للدين لا يتوفر عند المرشد من يزدري الاسلام هو من يكذب ويزور ويظلم يا بديع	0	0
د عبد المنعم أبو الفتوح : يشرفنى ويسعدني في أول عيد بعد الثورة أن ابعث بتحياتى وتهنئتى لأسر الشهداء فهؤلاء	0	1
شوفو كيف شكله كيوت اغوتشي غوتشي يااااا	0	1
"من أجمل ذكريات الطفولة أنك تنام في أي مكان في المنزل وتستيقظ وأنت في سريرك ""ربِ ارحمهما كما ربياني صغيراً"""	0	1
RT @ImaShatha: هاري بوتر صار رابر وانا الى الان ادرس https://t.co/EZ7kwz7Pzi	1	0
وديع اليمني-تلاوة جميلة من تراويح الليلة ١٣ من رمضان ١٤٣٧هـ بجامع الراشد... https://t.co/givN4pn7VG عبر @YouTube	0	1
@samehhanafym الجزيرة حليفة اسرائيلولو التونسي ده اتقتل عندناهتتقلب الدنيا وهيتقال علي مصر بلد الارهابكعادة المجتمع الدولي	1	0
#السعاده اخوية يهتم بيا اكتر من نفسة حتى و هو بعيد عنى	0	1
اذا كنا بنقول انه رحمة للعالمين طب لما تقتل الناس اللي عقيدتها مش عجباك و تشتم الباقي, فضل مين من العالمين؟	0	0
@mhmd_fekry اه فهمت ..بيغني للامشكرا يا محمد ..جستن بيبر ده مجنن الولاد عندي :)	1	0
هلْ يزولُ الظُّلـــمُ طــوعًــا *** أو حنــانًــا للضِّعــــافِ؟! أينَـكـمْ فـرســانَ قــــومي *** كـي تـهبُّـوا باصطفـافِ #غزة_تحت_القصف	0	0
1 #ضياء_رشوان هو واحد من أسوأ من تولى #نقابة_الصحفيين تآمر مبكرا مع #العسكر ومهد لهم الأجواء الإعلامية ل #الإنقلاب وشارك في قتل…	1	0
بيونسيه بالروج الغامق تطلع من بعد اخر حلوة مرة م تقدر عيوننا البشرية استيعاب جمالها نقوم م نشوف	0	1
RT @MujtabaaMusaa: صباح الخير :دويتو بين بيونسيه و ندى القلعة على هامش إجتماعات رفع العقوبات الأمريكية عن السودان و بدأ التطبيع.. https://…	0	1
الله يبركلك يا دكتور ابو الفتوح #	0	1
#حمص قبل قليل #حلب #سوريا#طقس_العرب#الطقسطقس سوريا#حلب_تباد #حلب_تنتهك #حلب_تستغيث https://t.co/5cUBt4YZ3T	0	0
RT @a7m_abo: هيلاري كلنتون لابوج لابو شرفج يالعاهرة تعرفين الارهاب والتطرف وداعش منكم ومن عملائكم ايران والعراق والمجوس لاتستصغرونا عقولنا…	1	0
#اليمن بالطبع اليمنيون والسعوديون يرغبون في السلام كخيار استراتيجي ولكن عصابات الحوثهً تريد شيئاً آخر تمليه عليهم ايران ،،	0	0
رسالة من شاعر عراقي لخنازير الحشد الشعبي اللعين . علي مافجر قبل منزل فقير و...#العراق #السعودية #سوريا #اليمن #إيرانhttps://t.co/7Lbp8w9w6W	1	0
صحفي ألماني يروي تفاصيل ليلة مرعبة من التعذيب والإهانة بين المعتقلين المصريين في الأقسام والسجون	0	0
السفارة البريطانية في #المملكة تكشف عن ترشيح 9 سعوديين لجوائز خريجي المملكة المتحدة للعام 2017م#بريطانيا #السعودي… https://t.co/Z0Ttx3tfcH	0	1
انا الحين حايمه تسبدي لو يصير اختلاط ماني بدارسه ابدا من زينهم هم وشهاداتهم الي اخرتها بالزباله #ماذا_لو_المدارس_مختلطه	1	0
سليماني: السعودية ساومت الأسد https://t.co/0TNTjOqNXB	0	0
-: للمسآء💤✍🏻 — جورجي وجوي توينز #نوال_الزغبي نحب التوينز من قبل ما نعرف انه نوال عندها توينز  نحسهم نفس الشخص ون… https://t.co/3CbZIwC6cQ	0	1
"RT @20fourMedia: أفضل 5 هواتف أندرويد تحل محل ""نوت 7"" القابل للانفجارhttps://t.co/Jtl5SdEeOS https://t.co/C9DFrhJERr"	0	1
اتوقع انا اخر وحده تشوف فيلم #رامي_عياش #للحب_حكايه فضييييع وجمالي هذي الافلام الصح اندمآج وحمآس من اول مشهد 👌🏻👌🏻👌🏻… https://t.co/dynA6IT9c0	0	1
#الصهاينة يتابكون اليوم لذكرى #الهولوكوست وتناسوا بانهم ابطال الهولوكوست الفلسطيني والداعمين للهولوكوست السوري عن طريق خادمهم #بشار_الاسد	1	0
ك #ماذا_لو_المدارس_مختلطهلن يكون هناك اختلاط فدولتنا حفظت لناالكثير باتباع شريعة المصطفى صلى الله عليه وسلم .دعوكم من المزمرين والمطبلين.	0	1
اخبار برشلونة اليوم Monday 10/10/2016 : فيديو : جماهير اسبانيا تهاجم بيكيه وهذا الأخير يعلن اعتزاله اللعب دوليا https://t.co/dVEInmuOm5	0	0
#الوطن | غضب من إدارة #مهرجان_القاهرة_السينمائي  https://t.co/AfVKNjgvpm	0	0
عصام كاريكا .. المطرب المحجب 😂	1	0
الله يرحمك يا جبران تويني ١١ سنة يا صديقي وبعدك بالبال رجل كلمته حرة. وبعد بالبال آخر لقاء لنا ضحكنا ع ردة فعل جان لويس قرداحي امام مي شدياق	0	0
_ و عودة مرة أخرى للقاهرة الساحرة :)	0	1
اذا حكم #دحلان #فتح و #فلسطين هو تسليم #فلسطين لإسرائيل وإنتشار الدعارة وارسالهم لمراقص دبي #الامارات #عباس #حماس	0	0
فيسبوك منزل اعلان دواء للايدز من ساحل العاج .. يعني هو مش كفاية علينا اعلانات الشيخة مرجانة المغربية في التلفزيون !!!	1	0
RT @muhammed855341: @abusajida1055 @saed_alhamad امكم النجسه ايران هي ام الارهاب تتبنى الانجاس الدواعش والقاعده والحشد القذر والمليشيات ال…	1	0
#السفير_الأميركي يؤكد أن مجلس الأمن فشل في امتحانه تجاه #سوريةhttps://t.co/WNAM7TdURx@voiceofemirates https://t.co/WLLKsYCjdi	0	0
@Gnobee702 @asdd1111 حاشا اني أسب بلاد الحرمين انا سبيت #قحاب ال سلول ومن يدعمهم ! لا فرق بين فرعون وجنوده ! يا قحاب بريطانيا و امريكا 😂😂😂😂😂	1	0
الا يستطيع خيرت الشاطر ان يتصل بحازم ابو اسماعيل ليطلب منه ان يكف ارهابه عن المصريين ام ان الشاطر موافق على ارهاب ابواسماعيل الاجابة واضحة	0	0
وظني بك يارب ظناً جميلاً  #جمعة_مباركة	0	1
بجملتين سأكتفيعشقتك منذ البدايةوسأحبك حتى النهاية ...💖💖💖💖@nadinenjeim#نادين_نسيب_نجيم https://t.co/SmsH8BmqnK	0	1
ما حدث في مصر عكس ما يقوله الكثير هو دليل على الوعي الديموقراطي لدى الشعب مرسي كان جاي بشروط وأول ما هو غيرها الشعب غيره	0	1
@Abdulkhaleq_UAE على إساس هيلاري كلنتون من شعب الله المختار كلهم كل واحد ألعن من الثاني	1	0
@oamaz7 كل كلامك عن ليبيا كذب في كذبوتمدح عبيد الناتو والأمريكان هناكوتعيب على بلدك التعاون مع الغربعجبا لتناقضك وأنت تزعم الإنصاف !!!	1	0
القهوة ليست مجرد مشروب ... القهوة أسلوب حياة .إبدأ يومك بقهوة دالماير#Coffeelover #coffeebreak #New_year_eve… https://t.co/Kjs4d432Lz	0	1
شكراً لكم من #القلب 😘😍😘😍😘😍 #شاهدين لي #بالخير لا #علي#حب_النصر_يجمعنا #برشلونة #فلسطين 💛💙🇵🇸💙❤#ريان_الغامدي https://t.co/uel770lK6X	0	1
"الرئيس سعد الحريري : ""في ذكرى اغتيال الصديق جبران تويني، نظل على قسمه بأن نبقى موحدين دفاعا عن  وطننا، وفاء لـ 14 آذار ولكل شهدائنا.#لبنان"	0	1
#عاجل : #تركيا : منع الآذان غير مقبول وإهانة لماضي وتاريخ #القدس #فلسطين	0	0
RT @iherb_vitmn: #افضل_منتجات_جربتها من امازون للرووس السوداء شوفو ريفيوهات عنه باليوتيوب ينظف من قلب  💗 https://t.co/fmj5oLwmqv	0	1
70 لا يستطيع ان يجزم احد مدى تعب الحمار سوى الحمار نفسه لذلك أرجو الا تكون متأكد من كلامك	1	0
الذهبية نوال الزغبي ❤  #توبر_قلبي	0	1
ما هي صفة مكتب الارشاد ليجتمع لبحث حكم المحكمة الدستورية، هو مرسي واخد بكرة مرضي؟	1	0
@Strateeeegy لعن الله وجهك وجهة اردغان العلماني الناتو وجه  المشايخ الاخونجيه الذل والعار واكلو تبن	0	0
فيديو.. خالد المعجل: الكرة السعودية في كارثة حقيقية لهذا السببhttps://t.co/wGLXfGnAVIاكشن_يا_دوري	0	0
@ALAMAWI عندما قامت فرنسا بجرائمها في الجزاير كانت تقول انها في حرب ضد الإرهابيين فهل يمكن ان يكون فعل فرنسا يتماشى مع افعل الرؤوس والمجوس!	0	0
و القضاء بقى حلو دلوقتي عشان قفل قناة مش عاجبانا؟مش ده القضاء الفاسد المسيس بتاع مبارك اللي حل المجلس؟ بقى فلة دلوقتي؟	1	0
مدفن القاهرة للعدالة ماذا يحدث الآن فى مطار القاهرة ، الشرطة تمنع أوائل الحقوق ! وترحب وتفسح للمتأخرين الفاشلين	1	0
@harbi_suliman والله لو انك حاب هيفا وهبي و ميريام فارس 🖕🏿	0	1
ومازال الأستاذ جمال عيد حتي الأن ولأكثر من ‏14‏ ساعة مابين قسم عابدين ونيابة عابدين دون اي سبب واضح إلا التكدير والإرهاب فقط	0	0
"ومبروك ل #لبنان انشاء وزارة دولة "" #حقوق_المرأة "" هههههههه"	0	1
RT @isharatidriss: ٣١)#امريكا_ومحاربة_الارهاب صنعتة للحرب علي الاسلام(قال تعالي: كلما اوقدوا نارا للحرب اطفأها الله ويسعون في الارض فسادا و…	0	0
#افضل_طقم_لروجر_فيدرر نهائي الماسترز 2012 للاسف ماعندي صوره 😬	0	1
RT @Badr_iq: - أنت مع حد الردة؟ نعم- أنت مع الجزية لغير المسلمين؟ نعم- أنت مع السبي والرق والفتوحات الإسلامية؟ نعم- أنت مع داعش؟ لاإنه…	0	0
@FtayZen داكشي اللي كاين.. تشك إت أون غوغل! حنى تنسميوه هرْمى.. داك لي تيديروه ف العيد الكبير!	0	0
RT @super_tarok: الحمدلله على نعمه الاسلام نعمه عظيمه	0	1
صناع الحياة: مجموعة من الشباب جمعتهم المودة و الحب في الله و حثهم حبهم للخير في محاولة عمل إيجابي لإرضاء ربهم و	0	1
فضلت اتريق على اللي شغلهم الساعة 8 واتريق واتريق لغاية ما مطلوب مني في 10 دقائق اكون لابس ونازل وخمس دقائق وابقى فى الشغل #فجأة	1	0
#كيري وولد الشيخ وجهان لعملة واحدة#اليمن #العدوان https://t.co/sVrEIdMO2V	1	0
يا صباح الخير يا صباح النصر احنا ملوك كل حاجه فى مصر :)) #الأهلى	0	1
دضياء رشوان: أن الدكتور عبد المنعم أبو الفتوح الأكثر اعتدالاً سياسيًا وديننًا، كما أنه اجتهد فى مقاصد الشريعة	0	1
خرجت النهارده لقيت كل الشوارع وكل الحيطان عليها هاشتاج #انتخبوا_البرص :) لا وحاجات تانيه ألعن من البرص والانقح	1	0
RT @7amodi136: عمايلك يا سيسي .. لا تلعب مع السعودية يا عميل.. هيا روح صوت لروسيا براحتك ذحين #ايقاف_امداد_مصر_بالنفط	1	0
🔘 الإسلام هو دين الحرية الذي نتعلَّم منه أن لا نقبل بأن نُستعبَد لأحدٍ، وأن لا نكون عبيد إلاَّ لله سبحانه وتعالى.💚ذكرئ.المولد.النبوي.الشريف	0	1
نوال الزغبى وديانا حداد يهنئان مملكة البحرين بالعيد الوطنى https://t.co/ymk3cMws5G https://t.co/ewv35Aw3WU	0	1
#ليبياارتفاع للعملة أختفاء للمواد الاستهلاكية	0	0
ما نحن فيه الان هو كله بفضل الشهداء و مصابي الثوره لذلك لابد من تاسيس هيئه تكون مهمتها تكريم اصحاب الفضل فيما نحن فيه الان	0	1
الشهيد بيموت مرة واحدة و المعتقل بيموت كل يوم ,,, اللهم فك أسراهم #انا_مش_رقم	0	0
نزلنا نأييدك ومفيش حاجة اتغيرت وبقينا مسخة للعالم	1	0
RT @confront2012: #1988Massacre مذبحة السجناء السياسيين في #إيران عام 1988 هي جريمة ضد الإنسانية... https://t.co/tWbI5bW6s5	0	0
682 #الراتب_مايكفي_الحاجة #الاتحاد #الهلال #النصر #الاهلي #مرسي	0	0
باعتبار بشار حيوان لذلك يبدو غيران من الحيوانات واتخذ قرار ازعاجها .... https://t.co/Vk3Y4bGPh9	1	0
الإعلام الموجه أكبر المؤثرات في ثقافة الشعوب مهما اختلف ما تعتنقإليس الإعلام الغربي هو من صنع من الدب المفترس الدبدوب الحبوب ورمز اللطافة ؟	1	0
#ارتقوا_و مش كل واحد هتشوفوا مختلف معاك في الرأي يبقى حمار ومش بيفهم !	1	0
اللهم🙌🏼انصر #حلب #سوريا المظلومةوانتقم لأطفالهاونسائها من ظالمهم وشتت شمل عدوهم #ايران و #روسيا و #حزب_الله وجنودهم اجمعينوانصر من يذودعنها	0	0
الجيل الحالي مثقف ومتفتح ويحسن فهم الناس #السادة_المحترمون	0	1
ياباشمهندس لو الرقم اللي هم بينشروه عشان يبعتولك عليه تهديدات ده رقمك بجد، من حقك تبلغ الأمن الوطني يتتبع أتصالا…	0	0
رُب دعاء خالص صادق ترفعه إلي السماء يجلب لك الخير و يأتي بفرج و يُزيل الهم يا رب	0	1
"#محافظ_القاهرة: إزالة العقارات المخالفة بالقرب من ""#المحكمة_الدستورية"" لحماية المواطنين"	0	1
قرار مجلس الامن يكشف تواطئ المجتمع الدولي مع نظام الاسد ..المجتمع الدولي يحمي انجازات ايران وروسيا بارسال مراقبين يضمون عدم انتزاعها منهم !	0	0
الجيش اللبناني يشنّ حملات دهم واعتقال على مخيمات النازحين السوريين في القاع https://t.co/fTDZb1LcsV	0	0
دور الاعلام فى زمن مرسي كان اختلاق ازمات وهمية لذبحه, وتحول الى اخفاء كوارث وفضائح الانقلاب والتطوع لحلها	1	0
#عشان_خاطر_ماسر متحوطيش اخوكى الصغير فى الطرحة	1	0
يا ترى إيه اللى بيشدنا كده فى مصررغم كل المشاكل الى حواليها دى؟ خفة دم شعبنا؟ طيبته؟ شهامته ؟ النيل و الشمس؟ مش عارفرغم المنغصات	0	1
مكياج عيون على طريقة بيونسيه: تتميز Beyonce بإطلالاتها المتميزة في كلّ مرة، فبشرتها السمراء ومكياجها الرائع ا... https://t.co/bo6n3oEzfv	0	1
@Sbel3ber @UmS3oud1 طالما هذه العاهره تمثل النظام المصري فلا بد من سحب الجامعة العربية من مصر إلى سيدة الدنيا قطر	1	0
RT @ahmad_hattab_1: @RevolutionSyria أوباما هو العدو الأول وهو من سمح للروس بدمار سوريا وهو من منع تسليح الثوار والله لو أراد أسقاط النظام…	0	0
عجييييييب 😻😻😻😻#MannequinChallenge https://t.co/DSSXytSw99	0	1
تحية وتقدير لچورچ اسحاق ستبقى دائمًا رمزًا للشجاعة والوطنية وإنكار الذات الثورة مدينة لك بالكثير	0	1
RT @mutlak_22: الحشد يتوعد بالرد على تركيا ..داعش ستنفذ التهديد ..تذكروا كلامي جيدا...داعش والحشد وجهين بعملة واحدة	0	0
وكل عيد قيامة وأنتم ومصر بخير	0	1
RT @DRBARCAWY: ريال مدريد تلاعب فساد رشاوي كل ماهو قذر يمارس لإيقاف هيمنة برشلونة ولكن بلا فائدة #لن_ننسىٰ فضيحة الموسم الماضي 👇🏼 https://t…	1	0
@sinbadyamen @BlueSam2011 @UNRadioArabic هذامصيركم ياحوثي القوات السعودية تحبط هجوماً على جبل الدود وتقتل 50 حوثياًhttps://t.co/rPG83GirPq	0	0
عشقك بجنون روحي أنا، قلبي المفتون كلو منى،وياك بعيش أحلى هنا... حبيبي أنا، يا روحي أنا  😍💑💞 #اليسا  @elissakh https://t.co/QrWxjhIhEe	0	1
RT @MouhamedSaber: الدولة الطائفية: إيران تنقل أزمتها التكوينية إلى العراق https://t.co/W2aZ6qDu3B	0	0
#ستبقى_حلبحلب تكالب عليها زبالات العالم من روس وايرانيين ومرتزقة مصريين وغيرهم من اوسخ قاذورات العالم	1	0
🔘 استهداف الرسول والإساءة إليه هو استهداف لهذه الأمة ولدينها.💚ذكرئ.المولد.النبوي.الشريف.ir 💚	0	0
"انا اشفق على هيلاري كلنتون فهي مضطره لمناظره خبل"" نص كلامه مو مفهوم"""	0	0
من تونس #سوريا_فى_القلب	0	1
الجعفري حرق دين فرنسا و بريطانيا و اميركا و بعض العرب من خلفهم و اسرائيل .. كم انت كبير يا بشار الجعفري	0	1
ثمان غارات بالطائرات ل #النظام على مدينة #دومة وخمسة عشر على #المليحة في #الغوطة_الشرقية نسأل الله أن يرد كيدهم في نحرهم وأن…	0	0
#MannequinChallengeبرافو برافو برافو :D https://t.co/qWl9a7D9gr	0	1
مش ممكن تكون صدفة اول مرة نسرق اشارة بث اول مرة نخسر 6 فى افريقيا اول مرة ناس تفرح لخسارة فريقها	0	0
"#يوسف_الحسيني بالفيديو يفضح كذب قناة الجزيرة ويكشف تمثيل الاخوان دور الموتى!! """	0	0
فنجان قهوه+ ايس كاب+هاند فري+صوت مروان خوري+ماجد المهندس+رامي عياش+سريرك+بطانيتك+كلسونك 😂😂اللهم ارزقنا الخير بعدد قطرات المطر❤	0	1
@reemalmsree نوال الزغبي بالأحمر بتبقى نايس أوي	0	1
RT @allawi_a: @hamad_jassim ياقلبي يا اسود الرافدين احسن شي في العراق يلعبون من اجل الشعار ويقاتلون عليه هاردلك من القلب #العراق_اليابان	0	0
#ميشال_عون .....نثق بك ، ونحبك ❤لا تعد بنا إلى عام 1988 ...مسارك ومسيرتك يتجاوزانتلك اللحظة. انت المؤهل لإرساء دو… https://t.co/lBDfJZhNOH	0	1
RT @mutaiam_96: #ايقاف_امداد_مصر_بالنفطالسعودية هددت اوبامابسحب اموالها من امريكامن تكون ياسيسي حتى نهتم فيك https://t.co/lVEfmRbj0J	1	0
RT @xFarnacle: هناك حوالي 1.7 بليون مسلم في العالم.اذا كان الأسلام فعلاً يدعم الأرهاب لكنتم كلكم ميتون الآن. http://t.co/QoKmCj6R7d	0	0
RT @isharatidriss: ٢٩)#امريكا_ومحاربة_الارهاب،وعندما ارادت اعتقال(نوريغا)رئيس دولة،اعتقلة بقوات كوماندوز من وسط جيش، فهل يحتاج البغدادي هذه…	0	0
أطالب بمرسوم عزل سياسى لفلول الوطنى	0	0
في وحدة نظاراتها و عيونها مثل هاري بوتر بالزبط و غرتها متله بس لو تقص شعرها و تصبغه اسود وااااااال	0	1
عم بحضر فقرة #جبران_تويني ب #هوا_الحرية ما قدرت هدّي دموعي، يا ريت الدموع بتوفيك حقك او بترجعلنا ياك.. @michelletueini @naylatueni @Annahar	0	0
#بلدي#الأمم_المتحدة: مليون سوري يعيشون تحت الحصار#سورياhttps://t.co/6d58XSy6Op	0	0
#لو_كان_بخاطري نفسي اطلع لعمل تطوعي لمساعدة النازحين السوريين💔	0	1
@elissakh #اليسا أشكر الله لأنــي خلقت بزمنك لأستمتع بعذوبــة صوتك ✨❤️ https://t.co/DU1O9u2Pn6	0	1
وزير الداخلية كان عصا في يد الإخوان ولا يصح أن يظل في منصبه #السادة_المحترمون	0	0
@nadinenjeim  زغرتو ياناس و #نادين ام الفانز 😬 زغرتي يانوسة #نادين راح تعطينا #بوسه لولويش #nnns #نادين_نسيب_نجيم قررت اسيرشاعره بعد التبني😊	1	0
جيد أن تتنوع الآراء حول السياسة وقضاياها وضروري أن يتم التعبير عن هذا التنوع في الإعلام التقليدي وشب	0	1
واحد من مجاهدين بيت المقدس وهو بيجاهد قصدي بيراقب اكادمية الشرطة #حركة_كايدينهم	1	0
RT @AAN_KSA1: ⁧#الارهاب_صناعه_امريكيه_لاسعوديه⁩ ⁧#قانون_جاستا⁩محمد الملا يتكلم عن مذكرات هيلارى كلنتون https://t.co/KMf4l24SOw	0	0
@nadinenjeim دبي وأهل دبي وصحراء دبي كلها تحت أمرك 😍😍 فديت قلبك أنا 💜💜💜💜 #نادين_نسيب_نجيم https://t.co/WBEnKxDlrP	0	1
@malak_alhusaini ملاك ادخلي وشوفي يارب تنتبه علي احسني ابره بكومة قش☹️😂 فوزيني ايفون 7 او ماك بوك للجامعه	0	1
أطالب وزارة الخارجية المصرية بالتدخل فورا لحماية المواطن المصري أحمد الجيزاوي انتهي زمن إهانة أي مصري بالخارج كرامة المصري فوق كل اعتبار	0	1
@ThatReem @Shvvmsa @porviii___ ياربي انصدمت جستن بيبر صار كذا	0	0
#احمد_شفيقاول أهداف ثورات العفار العربيةمحاربة الجيوش العربيةو نجحت في ليبيان سورياو اليمنفشلوا في مصرفلجأو الى تشويه كل من ينتمي للجيش	0	0
RT @muhamedf808: واقع حال #العراق عندما يصبح الناس اغبياء كالخراف فلاتستغرب أن يقودهم حمار ارعن !!! #erdogan_is_isis https://t.co/n99LYJtV…	1	0
فيلم الجزيرة #الصندوق_الأسود لأحداث #الإتحادية فضح الكثير انتظروا فيلم #المندس اللي هيفضح حاجات كمان وكمان #انتخبوا_العرص	1	0
طقس العرب ما بالغت هاي السنة بس الشعب قرر ياخد مكانها و يبالغ! حكوا انه تساقط و فش تراكمات و الناس قاعدة بتناقش اذا في عطلة ولا لا	0	0
#تنويه_البرنامج عزيزي المشاهد لو فاكر ابنك مؤدب هيتخدش حياؤه من الألفاظ رجاء مراجعة المتصفح الخاص به بس ياريت	1	0
اتصلو بساويرس عشان القناة بتاعته تتولى مهمة خلع شفيق اعلاميا	1	0
أتوقع.. أن فازت هيلاري كلنتون فلن تنتهي فترتها الا بفضيحة جنسية (قديمة)فمونيكا (اليهودية) مافضحت كلينتون الا بعد سنتين@mesfrah84	1	0
#السعودية_مصر_احباب#مصر_لن_تركعيكفي ما يحصل في سوريا العراق اليمن ليبيايكفي يا احمد موسى انت ومنهم على شاكلتك من الاقزام	0	0
RT @ALAMAWI: بان كي مون: بشار الأسد تسبب بمقتل 300 ألف سوريhttps://t.co/5amIuHUHNa https://t.co/9XVM2MT5Xi	0	0
إلى كل مناصري الإخوان:لا يستحق مرسي أن تبكوا عليه لحظة واحدة لا تفرطوا في نقطة دم واحدة من أجل هذا الكذاباتقوا الله في بلدكم وأنفسكم	0	0
#اعتراف انا مبخفش من اى حاجة تتخيلها #حقيقة #اه_والله	0	1
RT @A822822A: ياروافض بلا كلام وإلا سوف أخرج♦️♦️#العراق #بغداد #البصره #كربلاء #النجف #لبنان #البحرين #الكويت #قطر #سوريا #عمان #الأردن ht…	1	0
بص يا سيسي بما انك بتبيع في البلد ومش بنشوف منك حاجه انا عايز حقي ناشف 󾌴	1	0
إدارة مكتبة اسكندرية الوسخة فصلت #عمر_حاذق المعتقل في مظاهرات محاكمة قتلة #خالد_سعيد #الحرية_للجدعان	1	0
فالانتقاص من صلاحيات البرلمان المنتخب واعطاء صلاحيات تشريعية لمجلس استشاري معين هما أمران ينبغي على كل مؤمن بالديمقراطية أن يرفضهما	0	0
ببساطه كده مصرعباره #ملك سيسي #وزيرجيش#حصان شرطه#القضاء تابيه#اعلام فيل# شعب الباقي# >شطرنج>	1	0
مندوبة #واشنطن بـ #الأمم_المتحدة تضع قائمة ''#عار'' لنظام #الأسد https://t.co/XnfAFrzaMl	0	0
أيها الاخوان صفقتم والثوار يقتلون وسخرتم من بنات مصر عندما هتكت أعراضهن وضمنتهم خروجا آمنا لطنطاوي وعنان وعندما خلعكم الشعب هتفتم ضد العسكر	0	0
@then0o1 @mm__ss55 @Godphobia1 @Arrgwan @usten_moon هذه واحده من اغرب قضايا الخلاف..يقف انسان ويقول انا مسلم مسالم فيقال له لا تطبق الاسلام	0	0
كلام وكلام حملة لا أضحية هذا العام تؤكد حب الإخوان للخرفان #السادة_المحترمون …	1	0
@AssalaOfficial  تتر فلم فاست فاريوس 8 اغنية جزائرية بصوت جستن بيبر بعد النسخة سابقة دي جي سنايك قاصف جبهة… https://t.co/ytVZDNe1Fx	0	1
التراث الثقافي الغني والأصيل يتجلى في احتفالات سفارتنا في #الولايات_المتحدة بـ #اليوم_الوطني45 🇦🇪@UAEinNYC… https://t.co/kgvcKIdcrl	0	1
لا والله كنت بكره الواد الخول ميلفوي ده وكان بياخد في طيزه من هاري بوتر في أي حاجة ينافسه فيها https://t.co/S7l1FqLijn	1	0
#اللى_رافضين_السيسى_رئيس_بيعملوا_فولوا_لبعض #مرسي_رئيسي #انتخبوا_العرص #سيناء_خارج_التغطية #سأنتخب_السيسى …	0	0
من الطبيعي أن تتناثر الإتهامات والتشنيعات والشتائم والرصاصات في كل إتجاه إذا كان رأس الدولة عاجزا عن إتخاذ القرار	0	0
1 كما سجلت أكثر من مرة قبل٣٠ يونيو وبعده، مصر وقعت فريسة لفاشية دينية محرضة على العنف ولفاشية قمع وإقصاء وعنف زيفا باسم المصلحة الوطنية	0	0
بدأنا تجهيزاتنا العائلية للإحتفال ب #العيد_الوطني_المجيد46 #حماس #حب #وطن #١٨_نوفمبر https://t.co/tSYDLI7GDY	0	1
أوباما: وقف الفيتو ضد قانون جاستا “مسيسا” وهناك عواقب وخيمة لتشريعهhttps://t.co/ewLkfUWSZGذكر الرئيس الأمريكي باراك أوباما إن وقف الكو…	0	0
احتفالية لإحياء ذكرى المولد النبوي الشريف بالترانيم القبطية  ...غدا على مسرح سيد درويش بالاسكندرية ..........ايوة انت قريت الخبر صح .	0	1
" حبيبان نحن الى ان ينام القمر ! "" #جوهرة #محمود درويش "	0	1
RT @Mughathawi: نحمدالله عزوجل على نعمة الإسلام مواسم الخير تتوالى علينا اللهم تقبل منا إنك انت السميع العليم وتب عليناانك انت التواب الرحي…	0	1
ما يحدث من الشرطة العسكرية ضد المتظاهرين السلميين غير مقبول ولا يمكن السماح به في مصر الثورة إهانة فى مصري هي إهانة للشعب المصري كله	0	0
#البنزين بيغلى و #الشعب هيوسع احا يا حكومه	1	0
تسلم الايادي يا جيش بلادي و يا شعب بلادي #تحرير_سيناء من الصهاينه + الاخوان	1	1
نضَّر الله وجه امرئ  قرأها فوعاها  .. 💞🌿 #معرض_الكويت_الدولي_للكتاب https://t.co/dGiNmHnhnp	0	1
مخابرات #الاحتلال تسلم #أسيرين محررين بلاغين لمراجعتها https://t.co/sPkR37g8Nd	0	1
اللهم إني أعوذ بك من المزايدين والمزايدات الرجالة منهم والستات	0	0
الضبطية القضائية فى الجامعة مشينة لسمعة جامعات مصر ومهينة لطلابها ونقيصة فى وجه المجتمع الجامعة علم وحرية وحركة أجيال	0	0
#عادل_اماممن اخر حلقة في مسلسل مأمون و انا حاسس انك هتموت السنادي	0	0
شخص من كل اثنين ايدوا الانقلاب تراجع للخلف ولكنهم مقسمون لاربعة مستويات الضعيف يهاجم ببلاوى والغلاء المتوسط يهاجم	0	0
يطلبون السلاح من الغرب ويلومونه لماذا يمنعه عنهم؟.بالرغم انه زودهم بما يكفي منه باستثناء النوعي لكن جبهة النصره واحرار الاخوان سرقوا اسلحتهم	0	0
#حازم_عبد_العظيم العرص يكشف لماذا تحول من صفوف #الثوار لصفوف #الانقلاب	1	0
احناا الصوت ساعة لما تحبو الدنيا سكوت #كاريوكى	0	1
@yasserali_1991للاسف البعض مايفهمان صار فساد أكبر من #قياده_المرأه للسيارهصارت السالفه مغازل ويتمشى مع خويته على انه من #اوبر او #كريم !!	0	0
احلى صباح مع صوت واحساس وجمال #اليسا♥♥يسعد صباحك يا#سعادة      @elissakh	0	1
أمي ولك في هذا اليوم دعوه ؛ حفظك الله من كل سوء ياجنتي حفظ الله أمي وأمهاتكم وجميع أمهات المسلمين #عيد_الأم …	0	1
اعتقال الفتيات دون 20 عاما لرفضهن الانقلاب ثم اجراء اختبارات حمل لبعضهن تصرفان تعكس وضاعة الانقلاب وخسة من ينفذونها	0	0
💙 ستظل البطل 💙😍 احمد شفيق 😍#يارب#احمد_شفيق https://t.co/fPEtisAOmL	0	1
نعم تنازل وليس ازاحة طرف لمصلحة طرف آخركمبادرة #كيري https://t.co/MRZO8rpozv	0	1
السؤال اللى محينى بخصوص #الاعدام_للجميع دى هى كانت فين احكامك الناجزة بالاعدام للمخلوع #مبارك وعصابته واللى كان الشعب…	1	0
لا شيء يبرر إحالة المدنيين للقضاء العسكري حتى البلطجية القضاء المدني كفيل بهم	0	0
آخر تغريدة كتبها د. نادر العمراني رحمه الله .. جحور النفاق وأعداء الملة لا يطيقون مثل هؤلاء الرجال.#ليبيا #العرب https://t.co/s4VHaOmpiD	0	0
"RT @alarabalgbaal: كان ﷺ يبشر أصحابه بقدوم رمضان ويقول""أتاكم رمضان شهر مبارك فرض الله عليكم صيامهتفتح فيه أبواب السماء وتغلق فيه أبواب ال…"	0	1
@DianaHaddad ديانا فنانة حببت كل العرب بلبنان وخلتنا نتمنى نصير لبنانيين ونزور لبنان وك انت فخر لوطنك يا نجمة 😍 https://t.co/xFSRR4jc4j	0	1
@ZoubeidaAlKhour @star_bassima @AddiyarNews كل عام ولبنان واهلو بالف خير يارب ويكون في امن وامان بقيادة فخامة الرئيس ميشال عون	0	1
رووووعه 😍👌🏼 #SuperMarioRun https://t.co/wJxiuoSO0s	0	1
انا بيب الطقاقه بيونسيه ف عرسي ان شاء الله 😋😭😭😭🙈🙈🙊💕💕	0	1
كانوا مستكترين على الغلابة دعم الاخوان وانهارده بيتفاخروا بكسوة الامارات للغلابة فعلا يهود ماسكين الاعلام فى مصر	1	0
إخوانكم في #اليمن يمرون بمجاعة شديدة ويحتاجون منكم الإغاثة.. فلا تخذلوهمقيمة... https://t.co/s1LNckhGUB by #NabilAlawadhy via @c0nvey	0	0
استهداف مقرات الاخوان ثم التيار الشعبي ثم الوفد هي خطة محكمة لاخلاء هذه الشقق و تأجيرها مفروش	1	0
RT @saadalbreik: #أمريكا صنفت #الإرهاب وسكتت عن إرهاب #إيرانلكن خوفها من المشاكل الاقتصادية جعل لعابها يسيلعلى أموال المملكة #جاستا_الع…	0	0
نحب اللغة العربية لأنها لغة القرآن ولأن نبيّنا عربي ولأنها لغة أهل الجنة #اليوم_العالمي_للغة_العربية #غرد_بصورة	0	1
@heba3265 @EGYPTAIR هي مصر للطيران بقى ماسكها شوية عيال كده؟! المهم احفظي رقمه عندك عشان يتعرف مين لو في امل يعملوا حاجه يعني ،دي مسخره!	1	0
نحن امام انهيار لشرعية المجلس الأعلى للقوات المسلحة	0	0
(ربنا اكشف عنا العذاب إنا مؤمنون) [الدخان:12] #ريال_مدريد	0	1
RT @nalut17feb: بعض مصطلحات الشتم الليبية تشبه مصطلح الإرهاب .. معندهاش معاني أو تعريف محدد غالبا لكن مجرد تسمعها تزبطها كلمة ماتنفعش	1	0
#حماسكنا نتغنى فعلا بانتصارات حماس . الا اننا انتبهنا انه لا يفرح بانتصارهم الا المنافق .. الحمد لله	1	0
@malak_alhusaini ياخي ابي افهم ورا حظي مروح ما قد فزت حتى لو بقلم رصاص ☹️💔 ايفون طيب تنازلنا نبي شنطه من ذا الشنط الماركه 🌚 اتشرط انا وخشتي🙄	1	0
RT @hanyn1212: عاشوراءتجسيد واقعي لملحمة اﻻنسانية التي يحملها المعسكر الحسيني ضد اﻻرهابالذي يمتد الى يومنا هذا باسم داعش #شيعيه https://…	0	0
#الوفد - تأسيس #السيسى لحزب سيصيب الحياة السياسية بالخلل	0	0
القبض على قيادى من حزب النور فى بنى سويف اكيد اخوان ايه المانع اهلاوى بيشجع الزمالك	1	0
#حلب تحرق حضارة #روسيا #الصين #أمريكا #أوروبا يتشدقون بحقوق الإنسان من ببنودها  أخراج المسلمين واستباحت دمائهم أعراضهم دورهم ديارهم (وأعدوا)	0	0
طب ما هو فيه حد عاقل يكابتن احمد الشيخ بتاع الاتحاد؟؟؟ 😏	1	0
فأن متشدقين بالدفاع عن الحريات يرفضون الرأي الآخر ويقصون المختلفين معهم بديكتاتورية	0	0
رجل صيني ينتقذ حياة 321 منتحرا ويحقق شهرة عالمية https://t.co/6l8FbyBNVe#الصين #عاجل #ايقونة_التحرير https://t.co/yNof6qRTcV	0	1
اية مش باقي غير شوية غجر هيتكلمو رعاة بهايم عمر بلدهم مكملش 100سنه اصحو ياصل الارهاب في العالم  #مصر_لن_تركع	1	0
RT @SyrianCoalition: د. رياض حجاب: #روسيا متمسكة بموقفها وتشارك نظام #الأسد الجريمة في قتل الشعب السوريhttps://t.co/uKnDfWg0CI#سوريا http…	0	0
إصرار الشعب التونسي على الوصول إلى الكيلومتر الأخير ثورة أخرى في حد ذاته وأهم درس من بين دروس كثيرة # #	0	1
ﺍﻵﻥ ﻳﻨﻬﺾ ﺗﺤﺪﻱ ﺇﻳﺮﺍﻥ، ﻭﻓﻴﻤﺎ ﻛﺎﻥ ﺍﻟﻄﺒﻴﻌﻲ ﺃﻥ ﺗﻘﻮﺩ ﻣﺼﺮ ﺍﻟﻤﻮﺍﺟﻬﺔ ﺑﺠﺎﻧﺐ ﺍﻟﺴﻌﻮﺩﻳﺔ، ﺃﺧﺬ ﺍﻟﺴﻴﺴﻲ ﻣﻮﻗﻔﺎ ﺁﺧﺮ ﻻﻋﺘﺒﺎﺭﺍﺕ ﺗﺨﺼﻪ ﺷﺨﺼﻴﺎ ﺃﻛﺜﺮ ﻣﻦ ﻣﺼﺮ ﻭﺩﻭﺭﻫﺎ.	0	0
يا أمتي والحزن يعصرني علام الانحناء ما بال رحلتك انتهت وخلعت ثوب الكبرياء .. ؟؟ لو كان يسعفني البكاء لمت من فرط البكاء#بغداد #القدس #دمشق	0	0
مصر التاريخ مصر الرياده لن تركع الا لله وربنا معاك يا سيسى وان شاء الله مصر هتعدى #مصر_لن_تركع	0	1
https://t.co/y9VEwQqbpa  <== ||| #سكس  #مقاطع_سكس #قحبة  #ديوث #متحرره  # سوريا  #الخرطوم   #فلسطين #الرباط	0	0
الله ينعلكم وينعل هاري بوتر فوقكم.	1	0
من أصدق ما قرأت .....#ليبيا ماتت في 2011 وهى الآن تمر بمرحلة عذاب القبر ....	0	0
النهاردة ومرسي في القفص عرفت ان محافظ سوهاج لسه مسماش اكبر ميدان هناك باسم الشهيد الحسيني ابو ضيف لعل المانع خير يا ب…	0	0
الجيش لم يخون مرسي فقط بل خان الشعب المصري بأكمله	0	0
@bu_3umran حسبي الله ونعم الوكيل فيك يا سيسي يا كلب عميل الصهاينه ربنا يخلص مصر من احتلال العسكري قريب ان شاء الله	1	0
خلق جميل ثقافة الحوار وتقبل الرأي الاخر	0	1
"زوجة إبراهيم حسن تكشف تفاصيل محاولة قتل نجلها على يد ""سائق"" شركة #اوبر خلال محاولته سرقة هاتفه الجوال #مصر #جريمة"	0	0
@Aleksej_123RUS @validall @prezidentmemes @PutinRFهل انتم هكذا ايها الشعب الروسي مجرمون نفس اجرام بوتن ام انكم شعب… https://t.co/VECia78XaF	1	0
RT @yousefalawnah: عاشت فلسطين حرة عربيةوإنها لثورة حتى تدمير حلب وعدن وصنعاء وبغداد والموصل😂😂😂بعدين نشوف فلسطين	0	1
يا إلهي كم هي جميلة تلك السمراء 😍💗 @nadinenjeim #نادين_نسيب_نجيم #nadinenassibnjeim #nnn #star #actress https://t.co/MlO8CvyR6H	0	1
@noonahqsweet201 @mm3637971 لو متزوجه من رمضان كرشتها بالصورة كانها بالتاسع سلامات😂انا يجي من بنقال😆👳🏽	1	0
"انشرُوا التذكير بالتكبير و أحيُوا سُنّة هذه العشر "" الله أكبر الله أكبر لا إله إلا الله الله أكبر الله أكبر ولله الحمد ""…"	0	1
"#Bahrain #Jordan #Tunisia #KSA #UAE #Doha #Lebanon ""الحشيش"" يشعل الخلاف بين حزب الله وقوات الأسد "" https://t.co/DGMSfSUjiV"	1	0
RT @AAN_KSA1: ⁧#الارهاب_صناعه_امريكيه_لاسعوديه⁩ ⁧#قانون_جاستا⁩محمد الملا يتكلم عن مذكرات هيلارى كلنتون https://t.co/KMf4l24SOw	0	0
#اردوغان قال لروتانا لااستطيع تأيد الانقلاب فى #مصر والا اكون متناقض مع نفسي و #السيسي لايستطيع تاييد الثورة فى #سوريا والا سيتناقض مع نفسه	0	0
#نجيب_ساويرس يتحكم ف النادي الاهلي! احمد سعيد رئيس حزب #ساويرس اصبح نائب رئيس #الاهلي بدل من محمد عبد الوهاب صاحب التاريخ الكبير!	0	0
أنت لاتحب السعودية ولاشي وعارف إن الوهابية منبع الأرهاب .لكن جاءت تلاقي مصالح معها السعودية تحارب علي صالح والحوثي… https://t.co/4b1N1n3FCa	1	0
"#اعتراف : غيابك المر شتت زاهي حضوري !"""	0	0
@ashraaf_alsaad وتصويت مصر سيسي لصالح روسيا بالامس اليست خيانة ايضا ام انها وجهة نظر خيانية،  مصربلحة اصبحت كالعاهرة بعهد سيسي الكل يشوطها	1	0
RT @zienabaall: Eim:احب اخبالج 💙💙واحب لما تفصلين بالسناب وتحبين جستن بيبر وربعه والكتب عالمج الثاني وبس والله ايلافيو 💙💙	0	1
@LadyxGag @ArtistsUpdates مادري سمعت بعض الاغاني و ما حبيتها واصلا بيونسيه لا تروق لي	0	0
دا خنقنى من ساعة مدخلت على طنيطر والصدمة اللى جبتلى الشلل لما عرفت انه مسيحى ا	1	0
كل سنه وانتي طيبه #فيروز	0	1
اسئل الله أن يردهم اقوى من أول نحن امة اعزنا الاسلام  #تكفي_يابو_فهد_نحتاج_للهييه	0	1
واكتر ناس تآمنهم ما بيجي الجرح غير منهم وناس انت بعيد عنهم بتنسي معاهم الاحزان #صلاح_جاهين	0	0
احمد الشيخ امبارح بغد ماسجل الجول عمل تحدي المانيكان .. فكان تعليق معلق النيل للرياضه ايه الوقفه دي هو الحكم لغي الهدف ولا ايه 😀😀	0	0
ﻟﻮ ﺇﻧﻘﻄﻌـــــﺖ ﺍﻷﻧﺘﺮﻧﻴــﺖ ﻓﻲ ﺍﻟﻮﻃـــﻦ ﺍﻟﻌﺮﺑـــﻲﻭﻋﻠــﻢ ﺍﻟــﻌﺮﺏ ﺃﻥ ﺍﻟﺪﻱ ﻗﻄﻌــﻪ ﺇﺳﺮﺍﺋﻴــــﻞ..ﻟﺘﺤــــﺮﺭﺕ ﻓﻠﺴﻄﻴـــﻦ ﻓﻲ ﻧﺼــــﻒ ﺳﺎﻋـــﺔ	0	0
RT @FraihAlanzi: للباطل جولةوللحق جولاتومابعد الظلام…إلا…النورستُشرق شمس الحقوسينتصر شعب #سورياالعربي…المسلموسينكسر الغزاة وذيلهموال…	0	1
باسم يوسف لذيذ	0	1
دونالد ترامب لو اصله شعباوي كان مقضي حياته ببيت المسنين يلعب شدة	1	0
جبران تويني تحت التراب و هيك حثالة عالتلفزيونات.. و منسأل ليه مجتمعنا صاير منحط؟؟؟	1	0
حلو ده#جوجل https://t.co/x1zDUSXyxh	0	1
عمرو موسى : لقد أخطأت فى تحمل مسئولية الجامعة العربيةhttps://t.co/uZW4HwUNFG https://t.co/sGKqQn1azm	0	0
اى دين او ملة اى رجولة او شهامة اى مهنة او مهمة تسمح لرجال بالمدافع يهاجمون نساء فى منازلهن للقبض عليهن ثم اتهامهن بحمل سلاح مصر اتهانت	0	0
محاكمة المتورطين وذلك بشرط ان تكون الحكومه واجهزتها لديها المصداقيه وليست صاحبة سوابق فى التزوير والتدليس والصاق…	1	0
اييييييييه ع قولت بيونسيه دورنت ورري بيبي دونت ورري😢	0	0
@Yaqoobzz قبل كنت اتابع فيدرر بس كرهت نادال يوم طلع	0	0
شجرة النجمة الذهبية ..ذهبية  #نوال_الزغبي	0	1
قصف مستشفى أطفال #حلب من قِبل عصابة #بشار #روسيا واثناء تواجد الجزيرة يؤكد أن #الأمم_المتحدة مجرمة تدعم #الإرهاب  https://t.co/yZBhlFEgCw	0	0
شبرا العظيمة دوماكل يناير واحنا هنا	0	1
كان يمكن للناس أن تصدق أكاذيب الإخوان عن الفلول لو لم يكن مرسي قد تحدث عن المصالحة الوطنية وشرفاء الحزب الوطني الذين نمد لهم الأياديخلصت	0	0
كلمتي | #التحرير الاحتلال يقتل فلسطينياً ويصيب 3 آخرين على حدود غزة #الاحتلال https://t.co/QglsMjFrN0 |#جبهة_شعب_مصر https://t.co/xfqL152bAm	0	0
@nd_o12 @05Maisa تخيلو طلعت ميريام فارس مع عساف بكرة بنفس الحفل 💔💔💔💔💔😭 ما بتخيلهم سوا ابدا	0	0
سيسي كي سيسيهم 🌚 .. https://t.co/OgiWwfQ2Z6	1	0
كل المباريات الي جمعت بين فيدرر ونادال ❤لكن المباراة الخالدة ف ذاكرتي مباراة فيدرر وروديك ف ويمبلدون قمةالمتعة♥ #افضل_مباراة_تنس_شاهدتها	0	1
3/كتب انصح بقرائتها اعلام واقزام في ميزان الاسلام سيد عفاني ثورة يوليو الامريكية محمد جلال كشك #انتخبوا_العرص	0	0
فى #عظمتك ملقتش كتييييير #بتكسب و تفرح #الملايين #الاهلى	0	1
@TheGhostYonce @PieceOfWs اي علمي هاشم الي عنده بيونسيه افضل وحده وهي اغانيها	0	1
انك كاذذذذذذذب ايها العميد الوهمي اصيل ابن #ايران هذه #تعز ميدان الدعس ايها القزم #اليمن 🔴 https://t.co/ISPkSOjMSP	1	0
@Elshabani1 لعن الله من يتطاول على رجال حكموا دولة ف ظل وجود مرتزقة وخونه وعملاء أمثال حزب الأصلاح	1	0
@lesssme @JosephJo1221 الحسين حفيد رسول الله وسيد البشر محمد ابن عبد الوهاب صهيوني حرف الإسلام وادخل عليه النظري الوهابيه العنصريه وشوه. ...	1	0
@ana002001 @rashaahmed1111 مين حضرتك حتى تقيم المسيحيين ؟مسيحيي لبنان عامة ومسيحيي فخامة الرئيس ميشال عون خاصة هم أشرف الناس.منيح أو بعيد	0	1
وش فائدة #فلسطين و #القدس والـ @فلسطينيين  في المذهب الرافضي والمجوسي  هذولا اللي يغررون بكم ويتاجرون بقضيتكم وارض… https://t.co/6vTKZVyTHJ	0	0
شرطة #الاحتلال تعتقل ثلاثة مقدسيين بينهم طفلان بتهمة التحريض عبر فيسبوك.	0	0
RT @farfashahh: اللهم أعز الاسلام والمسلمين #تكفي_يابو_فهد_نحتاج_للهييه	0	1
كل ما كان يرفضه الاخوان من خطايا الحزب الوطني البرلمانية و إجرامه التشريعي أصبحوا يتبنونه الانمسخرة	1	0
تحقيق حكومي في #لندن يعزز اتهامات #صنعاء ل #بريطانيا ب #جرائم_حرب : #السعودية قصفت #اليمن بلقنابلنا العنقودية	0	0
ياربّ كلما رفعت أمي يدها لك أبسِط لها كنوزك و أسعدها و أطل عمرها ❤️..	0	1
معالي #الرئيس_المضطر لقد وصلنا قاع #الهاوية #نزيف_الدم #ليبيا	0	0
ثمه شعله حنين مشتعله في جوفي حرقت كبريائي حتى الرماد ومزجته في كوب زجاجٍ شفاف وسكبته على أزهار الذكرى حتى أرتوت وينعت #اعترا…	0	0
RT @FCBW_A7: جوردي كرويف ( إبن يوهان كرويف ) : أبي تأثر جدا من ركلة الجزاء التي سجلها ميسي و سواريز ، كانت لحظة فخر بالنسبة له	0	1
RT @capitanoooooooo: #بتكره_نفسك_لماريال مدريد يتغلب 😔😔	1	0
#أحمد_موسى ما استطاع الرد على #باسم_يوسف وقد جعله مسخرة المصريين ويتطاول فقط على #الرئيس المنتخب من شعب #مصر	1	0
أيامنا هذه هى أيام اختلال مفزع لمعايير الحكم على الأمور فى المجال العام فى مصر وفى بلاد العرب	0	0
باسم رزق: رامي عيّاش ذكي وجريء... برافو!@BassemRizk @RamyAyach @imad_obeid https://t.co/BUNz7tqjGB https://t.co/s9CuynNcqG	0	1
"استثناء ""فتح الشام"" من ""الاندماج"" حيلة قذرة لافشال الاندماج ..اللعبة واضحة و مكشوفة وهم يريدون شيطنة فتح الشام أمام ما يسمى المجتمع الدولي"	0	0
#سوريا..أطفال الحلب أول ضحایاء القصف.#حلب #الاطفال ..#حقوق_الانسان #الامم_المتحدة https://t.co/BGww9Or89b	0	0
@malak_alhusaini انا بس ابي فلوس ايفون اثنين اهديهم لصديقاتي وواحد لي7بس والله اتمنى من كل قلبي تجيني يسعدك ربي اذا قدرتي توفريها لي ب😢💕	0	1
لاماسيا تحكم .. بيكيه يتجهز لرئاسة برشلونة - يوروسبورت عربية https://t.co/u2MMiTQtbc #برشلونة	0	1
@Peterkafel @EHSANFAKEEH جرائم بوتن	0	0
#معرض_الكويت_الدولي_للكتابهذة الروايه تمدك بشعور مختلف 👍🏻. https://t.co/VEPImLgmRH	0	1
أيها الاخوان من عذب الشهيد الجندي حتى الموت من منح طنطاوي وعنان قلادة النيل من قتل 134 مصريا واعتقل وعذب الآلاف اعترفوا بجرائمكم	0	0
RT @amer_alkubaisi: الحشد يهدد أردوغان مباشرة https://t.co/3Hy3irzXN0	0	0
لو أنصف الإخوان لصارحوا الشعب بأن طائر النهضة الذي أخفوا هويته هو البومة، ولغيروا شعارهم من (نحمل الخير لمصر) إلى (نحن نحملك إلى الجنة)	1	0
RT @Arabi21News: عملية #القدس.. #إسرائيل تفشل بامتياز في الاختبار الأمنيرابط الموقع الجديد: https://t.co/W1Qu8hr2zy  https://t.co/WteOLOG…	0	0
#خلق_جميل احترام الكبير والعطف على الصغير	0	1
#طقس_العرب: #شاهد🔴لحظة تدهور صهريج نفط وانفجاره بشكل مرعب في #امريكا نتيجة الصقيع والإنجاد #الطقس #السعودية https://t.co/B9G1A7I79v #طقس…	0	0
إقالة يحى حسين بكل رقيه الاخلاقى وإخلاصه الوطني وكفاءته المهنية جريمة جديدة لسلطة غشوم جهولسينتصر يحيى مجددا ويندحر الصغار المنتفخون	1	0
عاجلاً أو اجلاً ، سيمرغ أنف بوتن في سوريا وكل كلاب ايران في المنطقة الدعم سيستمر والنصر آت بإذن الله.	1	0
#218TV“الوطنية لحقوق الإنسان”: تفجير #بنغازي “جريمة حرب بشعة”#أخبار_ليبباhttps://t.co/5WO7e9VwOs	0	0
ماقدروش على اللي أمه أمريكية اتشطروا على اللي أمه مصرية عاش مرسي مطهر الداخلية	1	0
عدت من الاسماعلية منذ قليل بعد يوم حافل ختمته بمؤتمر جماهيري دفء مشاعر أهل الاسماعلية هون برودة الجو #	0	1
ريكي مارتن طلع شمال وبيتاخد ورا مصنع الكراسي من صغره 😂😂😂 https://t.co/zjXh10dKfY	1	1
RT @ziadsh3t: احلي حاجة ف رمضان زي ما هو ف كل زمان دايما بيجمعنا 🌙❤ https://t.co/i5lcZNXyB7	0	1
#هوا_الحرية #جبران_تويني  #سمير_قصير #جورج_حاوي أسماء دفعت حياتها ضحية نضالها من أجل حرية لبنان الذي للأسف يحتاج الحرية أكثر من وقت مضى.	0	0
RT @SAIFALISLAM_94: هذا الدمية له سنين ماغير يعبر عن قلقه هالحين طلع له لسان !.كل يوم مجزرة في حلب والحين عشان حادثة القاعة جا يستعرض انس…	1	0
بعد تبرئة سائق حمدين صباحى المتلبس بحمل السلاح وسرقة الآثار كتبت لكم انه سيسير مطيعا خلف الانقلاب، امس قال انه يؤيد سيسي لو ترشح للرئاسة	1	0
@AlKhaled1899 وماذا عن زيارات المسئولين السعوديين والقطريين لأثيوبيا وسد النهضه والترحيب ببقاء بريطانيا على اراضيكم ودعم المسلحين بسوريا ؟	0	0
RT @Wesal_TV: شيعة يلعنون عمر (رضي الله عنه) عشية حشد الميليشيات الشيعية التابعة لـ #إيران لمهاجمة مدينة #الموصل ”القلعة السنية” بـ #العراق…	0	0
البطل الشرقاوى أحمد الشحات يجدد ذكرى سليمان خاطر وسعد ادريس حلاوة وأيمن حسن تحية لأرواح شهدائنا ونضال المقاومين المستمر ضد العدو الصهيونى	0	1
الخارجية الفلسطينية تدين قرار تفعيل الاستيطان الإسرائيلي https://t.co/6LmcA1nCrP #سبوتنيك #فلسطين #القدس	0	0
الزم حدك قاردوغان لاتلعب بالنار لاتحرك اصابعك#العبادي_يمثل_العراق	0	0
ما تتكلّمي عربي و تعيشي عيشة أهلك يا شيخه يعني فيسبوك و تويتر عملالى فيها من باڤرلي هيلز ! https://t.co/33EfS9D6CS	1	0
@HHajyah اي دايما تصير معاي .. خاصة مع بنزيما في ريال مدريد .. كل مره اسبه اييب قول ويسكتني😂😂	0	0
RT @zxbm33: #شرك_الرافضه_في_عاشورالايهمني يعذبون انفسهم حتى تخرج دماءهم فهذا شي بينهم وبين خالقهم مايهمني ان يعتقد غير المسلمين ان هذا هو…	0	0
#مصر_لن_تركع ؟!! مصر راكعة ومنفقصة من زمااان والفيران بتلعب فيها من كل خرم واهم فار فيهم سيسي نفسه يكون حصان !	1	0
نودع اليوم فقيد الصحافة المصرية صاحب الكلمة الحرة الأستاذ سلامة أحمد سلامة إلى مثواه الأخير وهذا أقل ما يمكن أن نقدمه لقلمه المحترم	0	0
#حمزة_نمرة انساان :)	0	1
بس بصراحة نفسي دونالد ترامب كان يبقى في مصر ويعمل في شوية ستات لُذاذ اللي عمله في أمريكا	1	0
RT @yaserr6888: #مصر_لن_تركعياخسارة كنت فاكرها ال 200 جنيةتسلم يا سيسي انى الدولار ب 15 جنية وبهايمك لسة بيقولوا مصر بتفرح https://t.co/…	1	0
RT @BassamJaara: حلب لن تسقط واهلها لن يغادروها والحصار سيتم فكه رغم انف اوباما وبوتين	0	0
فيه ناس بتبعتلي رسائل عتاب رقيقة جداً والله يا جماعة أنا ما عنديش أي نية أكون كاهن ولا ملاك وبقول للخروف يا خروف في وشه ومش هتغير	1	0
أحلى خبر ندووون وأخيراً ح نعيش نهاية سعيده 💃😍😍😍كل التوفيق والنجاح يا أروع نجمة @nadinenjeim#نادين_نسيب_نجيم https://t.co/xGdgBajCj1	0	1
مُحبَط،يائس،حزين؟تابع شباب فلسطين،رفع الأذان، شوف بنات وأطفال الحجارة بيعملوا ايه، اقسم بالله إحنا اللي مُحتلين ومافيه دولة حرة غير #فلسطين	0	0
أزف الوقت لإنهاء الاستقطاب البائس الذي نعيشه بأسلوب عقلاني، وأن نتحلى بروح التسامح، لنبدأ في البناء بسواعد كل مصري ومصرية	0	1
حب كل حياتي #اليسا	0	1
RT @OKAZ_online: «أبل» و«#سامسونغ» تتبادلان السرقة https://t.co/9tFPhzUOKi#عكاظ #ابل https://t.co/eBKK4vyLBv	0	0
@nada_3b3ziz989 @YasminOkasha @sara_okasha4 اتقي الله ياشيخه😂😂😂 ده كفايه كليب بيونسيه لوحده يدخل النار حدف😂😂😈😈	1	0
سويرس وممدوح حمزه وجهان لبيادة واحدة لونها وقلبها اسود	1	0
مصر الانقلاب تطالب بمقعد دائم للدول العربية فى مجلس الامن بينما مصر والعرب فى أضعف حال مثل مريض يطالب اتحاد	1	0
#نفسك_فى_أية_فى_الجنة_؟ نكلم الرسول صلى الله عليه و سلم =]	0	1
RT @9boymozah: الهييه احسهم مرا متأثريين  بفلم هاري بوتر 😅 #الهييه_رادع_لكل_اعدا_الوطن	0	0
كلما اقترب موعد بدء الحملات الانتخابية، كلما تغيرت لغة الحوار والخطاب بين الأحزاب والسياسيين وأصبحت أكثر عنفا لفظيا	0	0
@allmrym @_stayawayplsx الصوره متلاعبين فيها دامجين ملامح زين مالك و جستن بيبر	1	0
لماذا  #حماس تقمع احتفال  #غزة بذكرى أكتوبر ياذكية !! #مصر https://t.co/Ri0OfAU6fj@zher44 @HaniASALGhamdi @Alroeya @heekmh @NaifalAsaker	1	0
@Shopper_ar السلام عليكمعندي مشكله اذا ابطلب من امازون البريطاني يطلع لي اخر شي نفس اللي بالصوره شنو السبب ؟ https://t.co/mC50r5VUas	0	0
وراهن الخليج على الحصان الخاسر وطلع سيسي اوي معاهمبس انتم كنتم متخيلين ايه...... ماانتم مديينه فلوس يقتل شعبه مش يروح يحج !!!	1	0
RT @Hamdanium: انا من شفته مسوي يمون على ميسي وانا خايف منه https://t.co/rQMYePT6g2	0	0
يعني لما أقول إن مبارك المخلوع سحب سفيرنا من إسرائيل مرتين قبل كده يوصل اللغط أن النعاج والخرفان يقولوا أني بشكر فيه؟ فعلاً بكل طلاقة #ماء	1	0
#هوا_الحريه ملف #جبران_تويني القضائي فارغ!! هيك عم بي طالبولك بحقوقك!	0	0
#حلب_تباد_بسكوت_العرب_والعالمعمري ماشفت مراسل الإعلام الغربي هو من #جبهة_النصرة ويقول: السلام أليكم ورهمة اللاهي و… https://t.co/phLEIlJ2Qg	0	0
RT @BarcaDN: الكاسير: ميسي لاعب رائع جدا ، وقد فاجئني كشخص انه مثال للتواضع	0	1
#الحقيقة_مباشر_مصر|#انقلاب_3يوليو اهالى عزبة النخل يفضحون السيسى: حملته قالت لنا اعملوا توكيلات للسيسى وهنديكم	0	0
الجميل في المسلسل ان ماحدش فيكو بيحاول يقلد الشخصيات المثلت الفيلم	0	1
ما تفعله قناة الجزيرة هو إعلان حرب على مصر و لا يمكن السكوت عليه !	0	0
#خلق_جميل الاحسان الى الجار	0	1
"عنوان المصري اليوم ""باسم يوسف يظهر ملتحيا""عنوان غريبكأن الذقن حكر على مجموعة من الاشخاص النمطية مرض"	0	0
#لافروف:قتل وجرح أطباء #روس في #حلب أمس عملية مخطط لها سابقاhttps://t.co/9XhinB3K3G https://t.co/4w25uFU4l2	1	0
الانقلاب افسد زيت التموين والوزير أبو زيت أفسد الرياضة	0	0
اللي عايز يتحاور يروح يتحاور مع أهالي الشهداء والمصابين، لو دول رضوا عنكم ربنا هيرضوا عنكم وإلا فلا أمل أبدا لنا جميعا	0	0
الاتراك استضافو النازحين السوريين في المخيمات!!! والله ما قصرو ! رايتهم بيضه!#شكراً تركيا❤️#تركيا	0	1
RT @sharif_hijazi: والعراقي يلّي بلا شرف هربان من قتال داعش في وطنه حتى يفطس في قتال أهل حلب	1	0
@Ylll5 ركبت جستن بيبر كيف ارفه عن نفسي💔🙂	0	0
@sa0035437 وعليكم السلام وفيه دول عربية شاركت حلف الناتو وامريكا في تدمير ليبيا السنية و عملوا حلف عربي غربي لتدمير اليمن	0	0
سهران على جولة البيرميرليج وبكرة الظهر مونديال الأندية مع ريال مدريد 😊و أنت نام وراك دوام ياعزيزي 🌹	0	1
الواحد مبيفتحش فيسبوك عشان البهايم انتوا تجيبوا بوستس البهايم تحطوهاله هنا طبعا	0	0
من أجمل الحلقات ضحكت كتير 😂😍😘❤#نادين_نسيب_نجيم #ملكة_جمال#في_بيتنا_ضيف@nadinenjeim	0	1
النظر إلى وجه الأم عبادة…	0	1
@naeema111 هذا بيرفكت تقريباسريع رامات كبار شاشة كبيرة ويندوز 10بس في موصفات زي مثلا شاشة لمس و منافذ USB و HDMI لازم تحطينها فالحسبتن	0	1
عيوننا اليك ترحل كل يوم.. و انني اصليحين هوت مدينة #القدس تراجع الحب و في قلوب الدنيا استوطنت الحربيا #قدس يا مدينة الصلاة..  #ساعة_فيروز	0	1
@ashraaf_alsaad انا مستغربة من الاعلاميين اللى بيقولوا الاعلام الغربى زعلان ان متستر على مجرمين بيتعاقبوا يعنى لو عندهم كان ايه رأيهمقرف😲😲	0	0
"جمال فهمي: تسريبات صباحي ""نفاق صحفي مفضوح"" #مصر #ميدان_التحرير"	1	0
اللعبة رهيبه صراحة ولكن اشوف انه مبالغ في سعرهاخصوصا مو واضح انها مراحل كثير 🤔#SuperMarioRun https://t.co/0nkbrsz3xs	0	0
اطمنوا ايها النبلاء #تعز بخير فقط روايح جثث الحوثي والمخلوع أزعجت الساكنين حتى الكلاب ترفض لحومهم النجسه🔴التكبير من فوق جبل هان الان #اليمن	1	0
@amrmsalama @egyptair على الاقل يطلعوا الناس على اى خطوط تانية! KLM لما حصل معاها مشكلة مرة رجعتني على لوفتهانزا وادتني تعويض كمان!	0	0
القائد رامي عياش : “اضربوا بيد من حديد يا شباب”… https://t.co/UxDa3InKtz https://t.co/HDsT1wD5GY	0	1
#نادين_نسيب_نجيم الأكثر تداولاً من ليلة أمس حتى هذه اللحظة👑 @nadinenjeim https://t.co/c89fCTWdsp	0	1
#الأقصر مدينة خضراء	0	1
(شمس الحريه بتنادي) يا وطني يا وطني الغالي يلي خنوك و… #انتخبوا_العرص #ريتويت	1	0
آن الأوان ترحلي يادولة العكاكين	1	0
@aymn_azzam ربنا يستر شكلها ايام سوده على الشعب المصرى الله يخربيتك يا سيسى	1	0
RT @azizmousaa: وكلما قرر الرعاه تبديل سيسى عسكرى بسيسى مدنىارعبهم قيام نزاع يفجر الثورة _فتراجعو وتحملوه	1	0
بالتوفيق يافالسعسى منافسيك بالخسارةفرنسا تنتفض ضد اليمين المتطرف . https://t.co/5qGZCI1ZWU	0	1
ﻭﺍﻗﻮلك ﺍﻳﻪ ﻃﺮﻳﻖ ﺍﻟﻜﺮﻩ ﺍﺧﺮﺗﻪ ﺍﻳـﻪ ﻭﻫﻲ ﻗﻠﻮﺑﻨﺎ ﻣﺎﺗﺖ ﻟﻴﻪ ﻟﻔﻴﻦ ﻫﻨﺮﻭﺡ ﻣﺎ ﺑﻴﻨﺎ ﺷـﻴﻄﺎﻥ ﺍﻣﻠﻨﺎ ﻳﺎﻭﻃﻦ ﺧﻠﺼﺎﻥ ﻣﺤﺪﺵ ﻓﻴﻨﺎ ﻣﺶ ﺧﺴﺮﺍﻥ ﻭﻻ ﻣﺠ…	0	0
_70007 الحمارة امك #فطيم_النعاشة وانت ولدها و اذا فكرت تصير ولد حلال اطلب من #فيفي_عبده_الام_المثالية تتبناك هههههههه 😆😂	1	0
هل تعلم (المنطقة التي استعادها الروس والايرانيون في حلب الشرقية لا تتجاوز  13% من مساحة حلب )تخيلو حجم  الاشتغالة الإعلام لعبها والكل شربها	0	0
تحية لأبطال اكتوبر وللشعب الذى ساند قواته المسلحة حتى حقق ملحمة العبور العظيم ، هذا الشعب القادر على تحقيق المعجزات سوف يحقق أهداف ثورته	0	1
#ماجدة_واصف: لا أعرف من هي #سما_المصري و #مهرجان_القاهرة_السينمائي لم يوجه الدعوة لها #مصريات https://t.co/Nj9qYBZymB	1	0
RT @akklaph: مفتي الجمهوريه المصريه يقول ان اردوغان قواد شاهد بالصوره والصوتhttps://t.co/uWkk1uCi7Y	1	0
اشرف شيحة لـ #كل_يوم: صورة محطة قطار #أسوان تعكس المأساة والإهمال اللى وصلنا ليه#ON_E | #عمرو_اديبhttps://t.co/tfYIFmfWZg	0	0
لانكم كلكم خونه ومتأمرين السعوديه من ساعد السيسي بنقلابه حكام الخليج هم رأس الفتنه العراق ليبيا سورياوتحالفاتهم الق… https://t.co/ppfKpwOrkV	1	0
أنتِي جميلة وإن كنتي تعتقدينْ غير ذلك فأنتيِ أكثر جمآلاً 🌸 #فلسطين 💚 https://t.co/sJwcVUJriY	0	1
هيلاري كلنتون:منافسي ترامب معجب بالطغاة مثل فلادمير بوتين...#روسيا	0	0
باحييكي من كل قلبي على الكتاب الرائع المهم الجميل والغني بتفاصيله الحزينة والموجعة والمدهشةلو كان عصير الكتب موجود كنت احتفلت بيه	0	1
ادعو المصريين الى مشاهدة توثيق مذبحة الاتحادية التى جمعها الاستاذ عمر طاهر سحل وضرب رصاص وتعذيب البنات لن تفلتوا من الحساب أيها الاخوان	0	0
يا مرعبهم يا مدمرهم :) #محمد_صلاح , #العب_يا_صلاح	0	1
@3pymbmOp8cFXzKn يعني نفهم من كلامك أن امريكا وروسيا هم من يحارب اسرائيل ويحاول تقوية محور مقاومة إسرائيل؟ #العراق #سوريا #مصر #اليمن #لبنان	0	0
RT @A822822A: السيسي يصف الاسلام بالارهاب المتطرف ويدعوا لمحاربته تحت مظلة الإرهاب وذلك على قناة CNN ليرضي أعداء الإسلام خيانه عظمى.!! #مصر…	1	0
يا رب لك الحمد أن جمعت شمل أسرتي	0	1
مين قل ان إلى بيحصل المصرين  بمزجهم انظر إلى الأعلام الغربى للأسف ضمرو مصر  الله،يديك على قد،نيتك،#بلحة_يعرص	0	0
@Alito_NBA مسكت معه مراهقه بذا العمر	0	0
"الي تجار الدين : "" قل هل يستوي الذين يعلمون والذين لا يعلمون"" ؛ ""ويل لكل أفاك أثيم """	0	0
الإصابات تلاحق لاعبي #برشلونة@FCBarcelona https://t.co/hXfEA9Ov84 https://t.co/mcWVvxVGBu	0	0
التويتة السابقة:ايوه العريان قال كل ده مابين جرايد و احاديث صحفية,بطلوا تقرفونا بالبرادعي بقى	0	0
"_ ياباشمهندس "" #دومة "" ايه الصايع ده الذى تطالب رئيس الجمهورية بالاعفاء عنه هل فى الدول المتقدمة يقدر أحد يتحدى القانون #"	1	0
درية شرف الدين امرأة على الوشين لا مهنية ولا اخلاق ولا وطنية ولا حياء الملايين ملأوا شوارع مصر وشاشاتها تنقل ميادين اخلاها الجيش للتصوير	0	0
انا اللي غلطان يا سيدي، كنت عايز اقف جنبك	0	0
#تفاحه_نيوتن_بكلمتيننيوتن لو رأى الذهبية نوال الزغبي كان الغى قانون الجاذبية و اختصرو بعيون الذهبية #نوال_الزغبي	1	1
يوم ما #السيسى هيكسب الانتخابات هعملها بروفايل واقوله #ارحل	1	0
م حبيت الموديلات .. بس اهتمامهم ب ادق تفاصيل الفنشنق م اقدر اتجاهلو•#فاشن #غوتشي #الرياض #جدة #الخبر #الدوحة #دبي… https://t.co/MiNw9nYsVe	0	0
أينما وجد العدل فثم شرع الله	0	1
مبادره دستورهم باطل لتعريف الشارع بالمساوئ الاقتصاديه و الاجتماعيه للدستور ببساطة،ريتويت بقا 3 مرات قبل الأ	0	0
@alain_maalouf @rashaahmed1111 المسيحيين بفلسطين غير عن مسيحيين ميشال عون لا يمكن وضع جميع المسيحيين بنفس السلة رجاء	1	0
ألرب واجد	0	1
مااحلى شعارك ومدافعك ياقنرررزز #ارسنال	0	1
#قروب_المحبه_والموده#قروب_فيدرر_للدعمعبارة مُريحه :إن الله لا يَنسى قلبًا لجأ إليه.	0	1
أحمد رمضان: دعم بوتين للأسد يضع الصداقة بين شعبي #سورية و #روسيا في خطرhttps://t.co/0YHVrS5FjI#سوريا	0	0
RT @aawsat_News: وسط تراشق.. إردوغان للعبادي: من أنت؟ اعرف حجمكhttps://t.co/zFRlsgF2om https://t.co/oAk9ZZPkxj	1	0
عندما يتحدث عزمى مجاهد عن المبادئ والأخلاق في الرياضة ويهاجم نجوما ساندوا الحق والشرعية في رابعة والنهضة، نحن في زمن لميس وكل خسيس	1	0
RT @hajjaj1407: ملاك جميل في #حلب خرج حيا من تحت الركام الذي خلفته قوات الاحتلال الروسي الصديق!!!آهٍ من يومٍ يغضب فيه الجبارويسألنا عن خذ…	0	0
انصار الانقلاب طلعوا سابع سما امس بدعم كيرى لكن نزلوا مع انقلابهم لاسفل ارض فى محاكمة مرسي	0	0
RT @AdelAliBinAli: قبل قانون #جاستاقبل وجود الارهابقبل وجود شئ اسمه كونغرسقبل أمريكاقبل أن يبحر كولمبوس ويكتشفها#السعودية موجودة وباقي…	0	0
@MiDooCR والله اشتقنا وفاض بنا الشوق 😍😢لا زلت عند الوعد الذي قطعته اعتزال مشاهدة التنس لحين عودة روجر فيدرر	0	1
@EGYPTAIR نفس الخلل جربت لايوجد خدمه حجز غير الدرجه السياحية	0	0
RT @alarabalgbaal: اللهم بلغنا رمضان بروح انقـى و قلب اتقى و عمل ارقى مبارك عليكم الشهر 🌙#خروج_لبعد_رمضان https://t.co/qB4TrfSmkG”	0	1
80% من الاعلام يزيف الحقايق عن المراه السعوديه .الاعلام الغربي ترك نساء العالم وتجه للمراه السعوديه ،#اسباب_العريفي_bf_اسقاط_الولايه	0	0
حقك تتعملى كإنسانة #مش_ساكتة	0	1
RT @ziadjouharji: اللهم لا ترحم كل من ساهم بإيذاء اطفال سوريا اللهم عذبهم بالدنيا قبل الآخرةيا نجس تصوت لاستمرار ضرب الاطفال https://t.co…	0	1
قفلو الفراعين صادرو الدستور منعو صفحة محاسبة الرئيس من الاهرام بس الحمدلله الثورة نجحت وسقطنا شفيق	1	0
"تكريم ""رامي عياش"" بجامعة الـ LAU في لبنان#ET_بالعربي https://t.co/9Gj3aDFwSL"	0	1
قانون منع التظاهروالاعتصام المزمع إصداره يحسم اﻷمرأمام كل متردد بأننا نواجه سلطة قمعية ليس لها مشروعية تستهين بحريات وكرامة وحقوق المصريين	0	0
@alnajjar87 ما أنا رديت على سيادتك!!الناتو تبين أنه ضدنا وإسرائيل واضح إنها ضدنا..ما اطلعش تصريحات عنترية ثم اذهب لتقبيلهم من فمهم!!	1	0
@sarrazine80 @mansourdentist @elakhook الحين كل ذي الزحمه وانتي في فرنسا. 😒	0	0
الى الثوريين المقاطعين لانتخابات الرئاسة المقاطعة ان لم تكن عامة وشاملة ومؤثرة ستصب في صالح الفلول كما ان غيابكم يعنى فتح الباب للتزوير أ	0	0
لست ممن يقيم الكُتاب ولكن شوية عقل يا آنسة لما تشتري كتاب مش لازم يكون كاتب جميل معضل  #معرض_الكويت_الدولي_للكتاب	1	0
انتهت #الهدنة ب #اليمن بعد تسجيل ٥٠٠ خرق لها من قبل #الحوثيين و #المخلوع  #كيري سعى لانقاذهم ولكن لاحياة لمن تنادي اغبياء	1	0
إلي شريك شفيق في مشروعهما الرئاسي الفاشل: عيب عليكما تعاونكما مفضوحتزويركما فج	0	0
#أونا| #غوغل تعرض هواتفها الجديدة بسعة تخزين لانهائيةالتفاصيل .. https://t.co/j8FIKzXEi5	0	1
رئيس يطبق الشريعة دون أن يكون مسلما ولايسير في مواكب مصفحة ولا يكذب على الناس بحركات إستعراضية ويفتح قصره للفقراء	0	0
ان ﻛﻧت ﻣﺎﭠﺑﻳﻧي لآﭠﺟﺎﻣﻟﻧي خلک قدهٱ ﻗۈل ﻣﺎﺑيک وﺎنا ﺎوعدک #ﺎرﺣل	0	0
ولو بتقولوا أن أمن البلد هيتححق بعيد عن الحقوق الأقتصادية والأجتماعية تبقوا واهمين،،~ #يوسف_الحسينى	0	0
RT @mardanelias: #erdogan_is_isisتاريخ اجداد اردوغان هو القتل والسبي والمجازر بحق الشعوب الحرة.وابادة الارمن والفرمانات ضد الاقليات اكبر د…	0	0
RT @AJArabic: هكذا أدخلت هذه الفتاة قريتها الصغيرة إلى خرائط غوغل https://t.co/Ez5sdhARVx	0	1
5 من لا يوافق الرئاسة على هذه الرؤية ويعارضها مكانه الوحيد في السجون وغياهبها!	0	0
لما تقول لأنسان بسيط كلمه حلوه تسعده #خلق_جميل	0	1
RT @airaq5108: #العبادي يقصف #اردوغان صاروخ أرض أرض . #erdogan_is_isis https://t.co/3v0nTxOd4H	0	0
+ ثورة توحدنا #انتخبوا_العرص #ريتويت	1	0
@fatmah_taher جوجل ايه يا فاطمه اللى هروح اجيب منه 😂 اسكتى فصلتينى خلاص من المود غورى يالا 😂	1	0
RT @TheBaghdadPost: #أنور_مالك: #إيران تشعل حروب طائفية تمزق الأوطان بسبب صمت العرب#بغداد_بوست #العراق #إيرانhttps://t.co/ig5lEzB3qx@anw…	0	0
بعد اقل من 24 ساعة من دعوة #ترامب للعبادي زيارة #واشنطن .. #ايران تدعو #العبادي لزيارة #طهران !#سلمني_نظيف_أسلمك_نظيف !	1	0
رحب لك رحب ، وارحبوا ع الحاصل 😉حاسس ان #كيري معه مترجم بيفهمه كل شي بالعكس 😂 https://t.co/yFPQ2kupeT	1	0
لمن هذا القانون؟! هل قريبا ستبيعون مصر ونصبح نحن مأجورون في بلادنا؟! وربما نحتاج ( كفيل) #عدلي_منصور #محلب	0	0
@EGYPTAIR واللي وصلت مفتوح الشنط ومسروقه وهذا يسئ لسمعتكم وهذا اول مره اسافر على الخطوط المصريه واخذت فكره سيئه	1	0
RT @mmmaltami: شعب يحب التجديد، منح فرصة للسود (أوباما) والآن النساء (هيلاري كلنتون) https://t.co/qSFEg8C9Bx	0	1
RT @moneera_os: #قروب_المحبه_والموده#قروب_فيدرر_للدعماللهم ابعد عني كل ضـيقة اشعر بها و كل ما يشـغل بالي ، ربي ارح قلبي و فكري و كن معي ي…	0	1
RT @wwqs: لمحبين التسوق من الأنترنتلايطوفكم ها الموقع أسعار جميله وبضاعه راقيه وشحن مباشرhttp://t.co/FUO4JdbqORطلبت منه اليوم افضل من أ…	0	1
غضب ربنا هينزل علي ابراج السعودين قريب #اسيوط ومحدش يسالني ليه الحق امشي انا بقي	0	0
RT @Bader__FCB: والله لن ولن أنساها ولو أزدادت السنين عن ذكرى المباراة فَ ذكراها للأمد وللأبد باقية في الذاكرة، لا لمحيها بوجود ريال مدريد…	0	1
الزباله vs غوتشي. https://t.co/aY4qq5BcNm	1	0
مصطفي بكرى النموذج الكامل للبيادة	1	0
🔹الثقافة القرآنية🔘 في هذا العصر نحن بأمس الحاجة لاستذكار نبينا وتعزيز الارتباط به من جديد. 💚ذكرئ.المولد.النبوي.الشريف	0	1
@aboalialjabbory @BEFIT69160051 @RTarabic الارهاب لا دين له الاعلام الصق التهمه بالمسلمين ( حتى تتبع ملتهم ) دليل من القران ان الاسلام محارب	0	0
@BouteflikaSaid @Roi_Royal @9fFahd @almghrib @soudoule يابهيم يوميا مظاهرات بالآلاف بالمغرب وكل العالم عارف ويشوف إلا ابن فرنسا لجبان ههه	1	0
@HamadAlhuqail إعلام مصر يتبع السيسي ياشيخ حمد،قيدومهم سيسي	1	0
@Abuganat منصور الموسى يكفي إنه لعب بكأس العالم مع النصر وأمام ريال مدريد	0	1
حتى لعبتنا : حركة - stop سرقوها وسموها #MannequinChallenge	1	0
"يآحبيبي تعآ قبل الليل و يآ عيوني لآ تنامي "" #فيروز ."	0	1
@MirnaSrour #حلب ،اطاحت بكل من يتغنى بحقوق الانسان .#حلب_تباد # رحمه الله #جبران_تويني https://t.co/3Tn7lt4I5A	0	0
لازلت معترضا على تشكيل الجمعية التأسيسية لانه يجعل دستور مصر في يد اغلبية تنتمي الى الاسلام السياسي الدستور يجب ان يمثل المصريين جميعا	0	0
هل تصمتون عن الاٍرهاب الشيعي الموالي الايران هل تصمتون عن الجرايم الي تقوم بهاء الشيعة في العراق واليمن انهاء الفرس تقوم بقتلنا بدعم فارسي	1	0
هذا يذكرني بحصار بيروت ومناطق واسعة من لبنان من قبل الجيش الاسرائيلي للجيش السوري الجبان وبعد اتفاق بواسطة الامم... https://t.co/vjPJSmEPBB	0	0
يعني 4 احزاب اسلامية فقط هي من تصوت على مسودة الدستور الان وان 65 عضو رفضوا اللعبة (من الاصل والاحتياطي)	0	0
@wesaan958 هههههه والله عاشت ايدك ،،،جبناء يخافون من اردوغان هههه	1	0
#سلام لارض خلقت للسلام.. وما رأت #يوما سلام #نابلس#فلسطين https://t.co/Dxm3CahAGC	0	0
#اليمنية| #الهلال_الأحمر_الكويتي يتكفل بعلاج مرضى العيون من النازحين العراقيينhttps://t.co/YCIhi8JBNT#التحالف_العربي_سند_اليمن	0	1
ما فائدة ان نتناقش حول دستور كتبه الاخوان وجهزوه في مكتب المرشد ويملكون بتشكيل اللجنة الأغلبية لفرضه علينا نريد دستورا للمصريين جميعا	0	0
"شاهد .. زينة آخر ""عيد ميلاد"" لاوباما في البيت الأبيض !#أميركا #باراك_أوباما #الولايات_المتحدة #أعياد #عيد الميلاد… https://t.co/GeVOgMBIuq"	0	1
RT @FCBW_A7: غوميز : عن ليونيل ميسي - ماذا يمكنني أن أقول عنه؟  ليو لاعب يعرفه الجميع ، يفعل أشياء غير عادية !	0	1
RT @GwadyM: لو راجعتم تصريحات اوباما  ووزير الخارجية الروسي لعرفتم ان  كراهية ملك سابق للسوريين بلغت أعماق الارض	0	0
انا الغلطان افتح فيسبوك ليه 😒 الاقي في وشي اقتراح انضم لجروب مربيين الماعز البور في مصر 😳 ماعز وبور كمان؟ لا وفيه ييجي عشرتلاف واحد 🤔مريب	1	0
لا اعترف بسفير يدين مواطنه قبل ان يجرى تحقيق محايد وعادل لا تعرفه السعودية هذا سفير مبارك وليس سفير مصر أبدا	0	0
@Bnooon__ رمضان كريم ان شاء الله	0	1
RT @bdb20131: اغبى هجمه ضايعه في التصفيات 4 مهاجمين وضاعت العراق امام تايلند😂😂#النصر https://t.co/py3DdnXbYc	1	0
"روجر فيدرر هو اعظم لاعب تنس ف التاريخ لاشك ف هذا ! من اسباب تميزه ايضا  اخلاقه ""روجر قبل 5 سنوات يعطى درسا فى... https://t.co/5zHG9tOn9w"""	0	1
@ph5f5  ميسي و هو في اسوء مستوياته تلعب الارجنتين افضل من هذا الاداء بكثير ، يكفي حضور ميسي يجعل الخصم يتكتل في الخلف و يكثف الدفاع 💔	0	0
#أحمد_شفيق «رجل #الخليج القوي» يعود إلى مصر على وقع الأزمة مع #السعودية | الموجز https://t.co/gU86yCYlLn via… https://t.co/Xgmt4FLxMG	1	0
الناس لازم تقتنع إن الاحقاد و المشاكل اللي تسببت فيهم الازمة الاهليه اللي في 2014 حتعاني منها ليبيا على مدا طوييييل جدا.  #ليبيا #بنغازي	0	0
@Elghannamm2 @hala_abdelwahab #عمرو_اديب رقص و عياط على الهواء مباشرة وسخين وساخة اتفوووة	1	0
الإعلام الغربي يحاربنا ونحن نحارب انفسنا#لصوص_اوطان https://t.co/wXhjy7XVlX	1	0
#تفتناز قبل قليل، عندما يصبح المحرم حلالا، القواد بوتن يحرقها بالفسفوري#ادلب#حلب https://t.co/TRohGniPzX	0	0
شكل السعوديه واوزباكستان يبون يتأهلون لكأس العالم والارجنتين لاء اجل ميسي متخاذل هههههههههههههههههههههه استغفرالله بس #الارجنتين #ميسي	1	0
"صورة الشهيدة ""رضا رمضان ""42 سنة التي استشهدت برصاص قوات أمن الانقلاب #الفيوم #انتخبوا_العرص"	1	0
قرارات الرئيس انقلاب علي الديمقراطية واحتكار كامل للسلطة وطن يبحث عن حلول يدفعه رئيسه لمزيد من المشكلات الثورة لن تقبل ديكتاتورا جديدا	0	0
البرادعي قال علي رموز مصر اللي كان يقف معهم زباليين والسيسي قال لعامه الشعب انتو نور عنيناعلشان كده #سأنتخب_السيسي #تحيا_…	0	1
​جالس يتغدا هو وزوجته يتطنزون على امه شوفوا اللي حصل #بر_الوالدين ♡والله ياعيال من أفضل ما سمعت	0	1
#واشنطن تكشف أمام #مجلس_الأمن أسماء ضباط سوريين متهمين بارتكاب انتهاكاتhttps://t.co/ENEClx2RgH	0	1
"تحطم سوخوي روسية عند هبوطها على ""حاملة"" حاملة الطائرات في المتوسط قرب سوريا اللهم حطم كل طائرات الجيش الروسي ودمرجن… https://t.co/9WjTY3ebzA"	0	0
لن أُصدق كتب التاريخ بعد اليوم وقد رأيت الحاضر يُزيف بلا حياء فكيف بتاريخ كتبه مُنتصر ؟ #مجزرة_رابعة	0	0
RT @2MKARIM: مساءٌ برائحةِ رمضانوذكرى انتصار لسيدنا موسى عليه السلامبها انتصر الحق على الباطل فرعون ..اللهم اكفنا بحلالك عن حرامك ،، وبف…	0	1
هل يعتقد الامريكان وعلى رأسهم أوباما بأنهم سيخيفون العرب بقراراتهم السمجة والباطلة 	0	0
قال رسول الله صلى الله عليه وسلم:أفضل الصيام بعد رمضان:شهر الله المحرم وأفضل الصلاة بعد الفريضة:صلاة الليل -- حديث صحيح #قيام_الليل #Hadith	0	1
شخص يهدد بإستمرار الإرهاب وعمليات القتل في سيناء حتي عودة مرسي أعتقد أنه مدان بالقانون والسجن في إنتظاره	0	0
المليشيات الايرانيةالارهابيةومرتزقة بشاريعدمون النازحين من ابناء#حلب #سوريا حسبناالله ونعم الوكيل المجتمع الدولي… https://t.co/pVsRFomIHV	0	0
الصلاة في #الأقصى تعادل ١٠٠٠ صلاة هذا ثواب الصلاة فقط لكن ثواب الوصول والجهاد ومقارعة اليهود لا يماثلها ثواب وأجر	0	1
@sh77t121 @RasheedJamaan @AJArabic اصم تيا حمار والله لا تعرف حتى اين يقع طيزك ههههه اما فرنسا فخرجت مهزومة و الان هي من تتحكم فيكم يا عربان	1	0
#القدس-#الاحتلال ينقل الطفل الأسير أحمد مناصرة الى #سجن_مجدو	0	0
في قهوة عالمفرق وقديش كان في ناس عالمفرق وقلتلك كيفك انت وسالتك حبيبي لوين رايحين #فيروز #عيد_سعيد @FayrouzOfficial#ماضي_حاضر_مستقبل	0	1
RT @PEP_144: #عبدالله_العذبة يسأل كيف تتخندقون مع المعتدي الروسي #يا_إخوان•أم أن دماء السوريين تهون لأجل عيونأردوغان والحزب ! https://t…	1	0
@addouniatv تقصد دمشق اللي هي فرع موسكو بسوريا	1	0
"هذه هي الأيام التي تجعلك تبدأ في التفكير بجدية فيما قاله نيتشه ""عندما تحارب الوحوش إحذر ألا تتحول إلى وحش""اللهم لا تفقدنا إنسانيتنا أبدا"	0	1
@LoOo__zZz @EGYPTAIR اخرهم 8 وبيلطعوني ع الويتنج لما حد بيرد	0	0
@aboalhodaalhoms @mahde102 لذا نقول أن #الجامعة_العربية انتهت، فلم تعد تجمع العربيجب على دولنا إيجاد كيان قوي واضح الأهداف يشمل الصادقين	0	0
الارجنتين لاقمة كالعادة،  يلعنم الخياس يا ناس نبي مدرب صاحي موب معقول بدون ميسي ما يفوزون ابداً !	1	0
"#الاحتلال يمنع فلسطينيا من #غزة في حالة غيبوبة من العلاج لـ""أسباب أمنية""https://t.co/ohw2phWWxv https://t.co/BE35LH5q40"	0	0
أحمد الله العلى القدير على ما شاء وقدر، واشكره سبحانه شكراً جزيلاً على تقديره نجاتى	0	1
- #المصيبه اللي تقربك من #ربنا احسن من #النعمه اللي تنسيك #فضله	0	1
لعنة الله عليك وعلى طاغية مصر وعلى الحكومة وعلى من يؤيدكم من إعلام قذر ومطبلين وبلطجية وسفلة البشر. https://t.co/4ipRDQuy5y	1	0
#حركة_كايدينهم #مصر #قول_كلمه_للسيسي_وخد_فولو_هديه ياسيسى يا اصيييييل #احنا_شباب_هنصوت_للسيسى #سأنتخب_السيسي	0	1
لو التعريص بقى رياضة وأنضم للأولومبياد علاء صادق هياخد الذهبيه !	1	0
ذكرى ١١لاغتيال #جبران_تويني #دفاعاً_عن_لبنان_العظيم https://t.co/RIs92ubuj9	0	1
بعشق هالضحكة الله يديمها على هالوجه القمر 🙏🏻 💞🌸 انتي #نادين_نسيب_نجيم عنوان الحب و السعادة الله يحميكي حبيبة قلبي 💞… https://t.co/cZhsuUfnT5	0	1
@Sw6PQNJ1lidhlUR 😂😂😂😂😂😂ماشي شي جديد غوتشي غوتشي	0	1
#افضل_طقم_لروجر_فيدررأستراليا 2012مجررررررررم  https://t.co/wcUyd5u2kN	0	0
"#أردوغان"" معادي للإسلام يقود ""دولة فاجرة وفاسقة"	0	0
اتاسف لكل ذرة في جسدياتاسف لكل من احبهم اتاسف لوطني لعائلتي لكل متابعينيسمعت جستن بيبر	0	0
RT @iTsAnToOnY: 👦: حبيبتي كلمي اهلك انا خلاص جاييكم بالباب عديل👧 : واخييرا حبيبي جايي تخطبني👦 : لالا بس في بيتكم في بوكيمون جاي اخدو#الا…	1	1
@malak_alhusaini يارب يكون من نصيبي ايفون 😭	0	1
#اليمنية| نجاة قائد #اللواء_35 مدرع العميد “ #الحمادي” من قصف حوثي بـ #تعزhttps://t.co/XppOcUfBzj#التحالف_العربي_سند_اليمن	0	1
@hindy_hussien @SalahAfifi19 @sultanahmedali @ALKHELALWAFEE @marajh200 @alhnble21 كل يوم بنكتشف كم قذارة #حماس بوا… https://t.co/0WzjY21cZj	1	0
RT @Mansur94185856: @RebelleAhlem @salihbnzeid @dasbb1988 ال سعود من يملك معظم القنوات العربيه الماجنة ويدعون انهم يحافظوا على الاسلام وهم…	1	0
بدمّع لما اتذكر أديش كبيرة خسارة #جبران_تويني. مرقت أيام وبوجعني قول يا ضيعان لراحوا. ١١ سنة وما انعرف #مين_قتل_جبران #بدي_جواب #هوا_الحرية	0	0
#عادل_علي_بن_علي_سعوديين_يحبونك_1@AdelAliBinAli عشان الصوره ذي ايفون https://t.co/9N7cMuHGNS	0	1
@Yaqoobzz قبل كنت اتابع فيدرر بس كرهت نادال يوم طلع	0	0
أحد ضحايا عنف الإخوان المسلمين المؤيد للفريق السيسي #السادة_المحترمون	0	0
اذا جالك تف علية و متخليهوش يتحمل و اوقف التحديث الآلي.نظام أندرويد 7.0 نوجا يعاني من مشكلة الاستقرار https://t.co/xVAzUpEJDO	0	0
"#الجيزة||#حاميها_حرميها حالة أستاذ بطب طنطا للتحقيق بسبب رأيه على ""الفيس بوك"" قرر الدكتور عبد الحكيم عبد الخالق،"	1	0
بعد حملة مراجعة مواقف بعض المعارضين والناشطين الاخيرة .. قريبا سوف نرى: الحج الى موسكو!!	1	0
RT @SarabGaza: آتعلمون!!سينتهي الحصاروسيفنى الاستعمارسيعود لنا السلامويرفرف بأوطاننا الحمامهو الله من سيفعلصباح التفاؤل#فلسطين#سوري…	0	1
افضل لاعبي الدوري الانجليزي في سنة : ٢٠٠٩ #رونالدو في الصيف الذي يليه انتقل الى الريال ٢٠١٣ #بيل في الصيف الذي	0	1
#محمود_سعد اعلامي قذر بعد اذاعة فيديو خيانة #حمدين قال لم اسمعه جيدا ولم يعلق عليه لانه ليس اعلامي بل افاق ومن…	0	0
وبإذن الله لن يكون للفكر الصفوي الضال أي تواجد في ارض مصر	0	0
مدير جامعة الإمام يستنكر الثناء على #أردوغان ويعتبر #تركيا دولة فاسدة فاسقة فاجرة تنشر الرذيلة #عسير #السعودية # #	1	0
يضحكون الليبراليين الشيعه، نتكلم عن داعش ياخذهم الحماس ونكمل علي حزب الله يسكتون ! ترا مصختوها 👊🏼😂	1	0
"حـازم إمـام: جمـاهير الأهـلى ""بتــفهم كـورة"""	0	1
ما ينغعش نعمل #MannequinChallenge أنا و أنت بس؟	0	0
@dlo3a_me هههههه لا ماشجع انا الا ريال مدريد😁	0	1
(إذ انبعث أشقاها) جاء في التفاسير أنه أحيمر ثمود الذي عقر الناقة.وأحسب أن أحيمر روسيا (بوتن) هو أشقى القوم في هذا العصر.اللهم عليك به.	1	0
اكرمكم الله عندما تتحدث العاهرة عن الشرف #جبهة_انقاذ_ليبياعاشت عشرين عام فى كنف CIA وساندت #الناتو ورضخت #لقطر… https://t.co/r91RhgMQzU	1	0
@oceanazul80 ترى نسونجي اوباما ادكر بعزا نلسون منديلا نسى حاله مع رئيسة وزراء دينمارك  لما طلعت عليه مشيل وجخرت فيه خاف   بعدها غير مكانه 😂😂	1	0
مثلهم مثل أنصار مبارك وأنصار كل مستبد يتصورون مشكلتهم مع الكتاب والإعلاميين ثم يفاجأون أن مشكلتهم مع الواقع الذي امتلأ بالمظلومين والمحبطين	1	0
@mayadiab مايا دياب بهديك اغنية الفنان الجزائري دي جي سنايك و جستن بيبر و عليك و علي حلاوتك https://t.co/ChKtCeMFuI	0	1
@AJArabic يعيش بوتن قاهر الدواعش	0	1
و #السيسي حارب #الارهاب عشان كده بتحصل تفجيرات , حسبنا الله ونعم الوكيل	1	0
الأسواني:لماذا تصر الولايات المتحدة على استمرارها في دعم مرسي للنهاية رغم قتله للمصريين وقمعه للتظاهرات …	0	0
الذين انتخبوا شفيق ليسوا بالضرورة فلول الفلول ببساطة هم كل من اشترك واستفاد من فساد مبارك لا يمكن للثورة ان تتحالف معهم لانها قامت ضدهم	0	0
@JohnKerry @AhmadAliRafiq #كيري انت عديم فائده ولاانسانيه ولاضمير لك#العدوان_السعودي_على_اليمن#يوم_الطفل_العالمي https://t.co/Bbgu58JEPK	1	0
بنصور فيديو #MannequinChallenge احناا فاجرين عليا الطلاق😂	0	1
اللهم يارحمـــن أنزل  لطفك ورحمتك على أهل السنه في #سوريا و #اليمن #العراق #بورما	0	0
@farooos__07 اذا ايفون اعطني اذا جلكسي عادي بعد بشحن فيه الشبكة هههههههههههههههه 😂😂💔	1	1
مشاعري، حبي، حياتي، شوقي، ولهفتي، متصدقين مني لاني مصدقاك😭💙🎶.#اليسا	0	1
الراي العام: مليون دولار منحة من «الصندوق الكويتي للتنمية» لعلاج الاطفال السوريين النازحين… https://t.co/VcZiKNKcHc https://t.co/8jALBBrNB0	0	1
RT @n_iraq67: @EHSANFAKEEH #افضحوا_العبادي_الجبانالصفحة الرسمية لحيدر العبادي تحذف منشوره الذي هاجم فيه #أردوغان بعد ساعات فقط من نشرهحي…	1	0
بريطانيا أفتكرت بمجرد تنصيب قطاع طرق ورعاع ستفرض فيهم ماتريد داخل عدن	0	0
"يا له من عالم ""مزري"" !!! -_- #تويت_بخطك"	0	0
بوكيمون المرتزق ..أحسن من المرتزقة اليمنيين https://t.co/DuyDWtCYMn	1	0
أحيي الذين سيخرجون اليوم معلنين رفض الانقلاب ، فسكوت الشعب استقرار لحكم العسكر الباطل #مصر	0	1
يا جماعه هذا بوكيمون ماحدا عرف يصطاده ويطعميه للجرذان===========================	1	0
"احضن اللى بتحبه "" بكلامك "" ^_^ ! - قوله كلمة حلوة #فجأة :"") !"	0	1
مصر ثالث أعلى الدول ديوناً في العالم - ربنا ينتقم من العصابة واحد واحد ويورينا فيهم يوم!	0	0
@MoathDev @Fishisfast_AR معاذ .. اخوي تعامل مع مناوله ويمدحه ياخذون 20 ريال على الطلبيه ويتعاملون مع امازون فقط .. يمكن ينفع لك	0	1
يوم الجمعة هو أحب الأيام للمصريين الأحرار يلتقون معا فى الشوارع بلا موعد ولا ترتيبات يهتفون للحرية وللشرعية ولخير مصر وسقوط الانقلاب	0	1
"#السعودية | مدرسة في مصر تُعلّم طلابها: ""إسرائيل طيبة القلب!"" https://t.co/wURJUn54S3"	0	1
# تقريبا دي اكتر حاجة قريتها جسدت المذبحة اللي حصلت لاقرب ما يمكن #مذبحة_بورسعيد	0	0
#انطلاق_سعوديات_ضد_الاسقاط    المرأه السعوديه حلمها فقط أن تملك نفسها وتصير ولية نفسها بينما هيلاري كلنتون أصبحت رئيسة أقوى دوله في العالم.	1	0
@abdullahelsher1 صحيح بين دولة العشريين و دولة يقودها شخص حتى افقر دول اقريقيا ابت تستقبلو و كان واقف مسخرة حتى يسلم على اوباما مسخرة و ذل	0	0
RT @LibanCulture: وفعلها سعد رمضان وتحوّل إلى عريسٍ في ضيعته برجا@Saad_Ramadan https://t.co/N2SGUsAJTC https://t.co/kFsDij28fx	0	1
الموت لأمريكا وسفارة امريكا اليوم تباشر اعمالها في العاصمةصنعاء كلة عمل  جبنة #كيري	1	0
هل ستستمر مكافحة #الارهاب بالشعارات والأغاني الوطنية ؟! #كفى_عبثا واستهانة بأرواح الأبرياء	1	0
@Orientalists1 اغلب من يحكم اوربا وامريكا هم اليمين المتطرف المسيحي ومن يسيطر على زعامات اليهود هم المتدينين	1	0
شاركنا| أكتر إطلالة حبيتها لـ #ميريام_فارس؟ #CBCDrama https://t.co/NpJFmxbDwf	0	1
انت الغالى اللى بقالى سنين بهواه #الزمالك #الزمالك_الافريقي	0	1
الاهمال تهمة يجب ان يحاسب عليها الانسان و خصوصا اذا مان مسؤول هذه في فرنسا بس مو بالخليج	0	0
المغضوب عليهم في #مهرجان_القاهرة_السينمائي لمعارضتهم النظامhttps://t.co/HVxqyxcOrC …	1	0
ابوي يقول اذا عجزتي بتصيرين زي هيلاري كلنتون هههه🙂💔	1	0
الاغنية دي جبارة :) انا مش مسامحة يالي سرقتوا من حياتي الفرحة :') #نوال_الزغبي https://t.co/Ds2pbOEl8N	0	1
قضي الأمرهنا اتضحت الرؤياوسقطت الأقنعة وانكشف المستور بمعرفة من وراء استعداء الإعلام الغربي ضد بلادنا بحجة الولاية. https://t.co/PYvAIZkQYL	0	0
عبد المنعم ابو الفتوح اعداء المصريون فى الخارج والداخل يدبرون مؤامرات لاجهاض ثورة يناير # #	0	0
حركات ولدي لا تشوف بوكيمون لانه من صنع اليهود https://t.co/OSu0heFWyy	0	0
48670715 _ قلت وأكرر المجد لعاصري الليمون لأن وجودهم على رأس معارضي مرسي الآن هو ماينفي عنها تهم الفلولية	0	0
سواقين #اوبر حراميه ولا قاتلين قتله ولا اية ظروفكم بقا @Uber_Egypt	0	0
@aselo___ هذي مو حق جستن بيبر؟ خرا الاغنيه	0	0
استشهاد الشاب الفلسطيني قاسم أمجد إبراهيم (22 عاماً) في السجون السورية بعد 5 شهور من اعتقاله #سوريا #فلسطين https://t.co/60hB94pmjh	0	0
فى كل دول العالم الاغنياء يطعمون الفقراء الا فى العراق فى عاشوراء الفقراء هم من يطعمون الاغنياء عظم الله اجركم… https://t.co/usf9o2wFXp	0	0
"""الشيخ"" يقود مصر المقاصة لاعتلاء صدارة الدوري بالفوز على الداخلية بهدف نظيفقاد أحمد الشيخ لاعب فريق مصر... https://t.co/i4CFgPU2ww"	0	1
@hazemerfan اول مرة اشوفه امبارح لطيف، فكرة مسلسل ونوس اللي كان في رمضان	0	1
RT @Ihab_NR: أردوغان يعزي بذكرى إستشهاد الحسين عليه السلام لن تنطلي مثل هكذا ألاعيبالتي تريد أن تبين فيها أنك لست بطائفي https://t.co/6lI…	0	0
أجواء ممطره، و خيرات على اردننا الحبيب. صباحكم جميل.#كرتكوم #حب_الأردن #الشتاء #عمانيات #JordanMoments #Jordan #Amman #beamman #Christmas	0	1
#قطر_الخيريةتزداد معاناة النازحين السوريين بحلول الشتاء حيث يجتمع عليهم البرد والجوعساهم برسالة SYAB لـ 92642بقي… https://t.co/qsliwGuNPs	0	0
كل شى كتبته غلط كل شى حسبته غلط فى #الامتحانات	0	0
"شاهد - آخر كلام: ""تأشيرة براني"" نصابون برخصة حكومية #"	1	0
@MahboulDZ4 هاذو حمير ما حبوش يتحولو لسمكات ففضلو الانسحاب هذا السؤال جاوبني عليه غوغل	1	0
عزيزي السلفي الراغب في قتل نفسك من أجل منع رحلات الطيران القادمة من إيران، بالنسبة لرحلات الطيران الإسرائيلي القادمة إلينا كل يوم، إيه؟	1	0
أنا ضد أنا يكون نائبي إمراة أو مسيحي من أجل دعاية انتخابية ولكن سيتم إختيار الاكفأ في كل مجال سواء # #	0	0
صحى عيون الناس محبوبى قبل الكل ❤🙈 #فيروز 😍😍	0	1
@f32017 @Sesta_53 @AAeat9485 انقذوا اخوكم قبل البحث عن الخطا لانكم لن تجدوه في غوغل موساد اخر زمن ألقِ نظرة على تغريدة	0	0
الميزة الوحيدة لحزب النور هو توافر مادة جيدة للبرنامج لكن انا بقول ان البلد اهم من البرنامج :)	0	0
حاجات_بتفرح_في_مصر اللمه الحلوه مع اصحابي	0	1
#وائل_جمعة عمل المعلق بيقول مش هنعتبر وائل هو اللي عمله خلاص نعتبره #كمال_جمعة او #جمال_جمعة_جيمي :) :) :)	1	1
#الحرية_للإخوان #انصاف_الاخوان	0	1
#6ابريل صباح الغباء # خلطة نقاء وغباء ثوري النتيجه حزب وطني #نيولوك #الحرية_للمعتقلين #ماهر #دومه #عادل # #…	1	0
بشار الأسد: الدنمارك تتبع الولايات المتحدة كالعمياء https://t.co/wGgJOx2TbW	1	0
قدمت أسرة التربية الإسلامية محاضرة شيقة بمناسبة ذكرى المولد النبوي الشريف بعنوان ( تعلمت من الرسول ) https://t.co/PHvLOwqqQ1	0	1
المقاطعة الشاملة للانتخابات كان يحب الحشد لها حتى تكون مؤثرة اما المقاطعة الفردية فهى اجمل هدية نقدمها للفلول هم يشترون الاصوات ونحن نبددها	1	1
"لو أدرك #المسلمون حقيقة ماذا فعل #الاحتلال ""#الاستعمار""بهم ..لفهموا حقيقة #الإسلام وتاريخه ..المغيب المقصود من أدوات #الاحتلال!!"	0	0
حاميها حراميها 	1	0
"السياسة #الشرعية التي يعمل بها #السلفيون في بلاد #الحرمين مزورة ومكذوبة على #الاسلام وان صفق لها كبار #العلماء واتحدى في ذلك"""""	0	0
@abuyemmen @alhanouf0690 ترى انت واحد بس من ضن اليمنين الشرفا اللي ما صاروا كلاب إيران ، إيران دمرت العراق سوريا والان انتم وتكذب عليكم	1	0
لو لسه مصدق وهم نعم من أجل الإستقرار يعني جرب تسمع كده جايز تغير رأيكألا هل بلغت ونهاركم سعيد	0	1
#حمدين لقى #30_يونيو كلها مع #السيسى قالك سيبك منها وخليك مع #25_ينايرالله يكسفك واطى و أهبل	1	0
في #القدس المحتل تحدواالصهاينة وأعلنوا الأذان من فوق أسطح بيوتهم وببلادالحرمين نجد ثلة من السفهاءيطالبون بالإيقاف #اوقفوا_مكبرات_صوت_المساجد	1	0
اكتر حاجة ضايقتنى اننا كنّا هنعمل #MannequinChallenge  امبارح بس نسيت -_-مش هنعمله بقا يا دفعه😂😂😍	0	1
إدانة مديرة صندوق النقد الدولي بـ«الإهمال» في فرنسا https://t.co/IsqtZUhjbC https://t.co/C5Bad51Sr9	0	0
فساد في بعض المستشفيات الغير خاضعة للرقابة	0	0
RT @ahmd1212s45hq: صح النوم كم مرا قلنا لكم بان اردوغان رجل واطي ورجل تجاري فقط https://t.co/W1r632Al4I	1	0
3) #الطبالة يمارسون #حرب_اللاعنف على المشروع الاصلاحي، فيحاربون جميع المصلحين بالقذف والتخوين مما يساهم جليا في خلق متطرفين راديكاليين	0	0
سيناتور ديمقراطي يطالب باغتيال أسانج مؤسس ويكليكس .هيلاري كلنتون تطالب باغتياله بطائرة دون طيار .وتأيد لهذا الطلب… https://t.co/WBwJflKzte	0	0
المولد النبوي الشريف مروة الجادرجي ..بغداداحتفلت الامة الاسلامية بولادة النبي الكريم محمد صلى الله علية وسلم... https://t.co/bhF7VmvfCe	0	1
مع هطولات المطر الغزيرة والحرارة المتدنية للغاية .. لا ننسى ملايين النازحين السوريين ممن فقدوا بيوتهم ولا يملكون اليوم أي وسيلة للتدفئة ..	0	0
شكراً جزيلاً على تعليقاتكم الجميلة ويا رب يعجبكم الفيلم إنتم كمان	0	1
برأيكم كم وصل عددهم اليوم.. ما زال الأقصى يُدنس، وما زالت اسرائيل مصممة على منع الآذان، ولن يتحرك أحد لنصرة #القدس… https://t.co/PKNrWOad6F	0	0
#عادل_امام ربنا يديله الصحة	0	1
فيدرر vs نوفاك رولان 2011فيدرر vs مورى ويمبلدون 2012 #افضل_مباراة_تنس_شاهدتها	0	1
@msafr2002 مني ناسيه، بس حتى روسيا عندها مصالحها اولا واخيراقبل مصالح ايه بلد تاني	0	0
"تقول ""صلي ع النبي"" و أجدعها خناقة تنفض #"	0	1
بيطلع ع بالي.....ارجع انا وياكانت الاساسي....وبحبك بالاساسكيفك انت....ملا انت#فيروز https://t.co/KSlMzy48Yc	0	1
مستحيل تتغير قناعتيان #ميسي اسطورة بس م راح يوصل ل #كريستيانو ابدا #كريستيانو الافضل على الاطلاق	0	1
انصار الحرية والديمقراطية فى اوروبا وضعوا الشجاعة قبل اى شيئ اخر ناد ايطالي ينتظر موقف الانقلاب من عبد الظاهر	0	0
RT @floloalflolo: ضاعت النخوةالعربيه ضاع الاسلامبايدي العرب والمسلمين من تحت راس المجوسةالسعوديهشتت العرب والمسلمين ودخلتهم جحر الحمار ب…	1	0
RT @yousefalawnah: متطرف شيعي داعش جنبه تطلع يونيسكو!يريد إسقاط عائشة وأبو بكر وعمر والمذيع يشكره!تعال سقط ط... https://t.co/al447Ukua1	1	0
الأرجنتين لا شي بدون ميسي 😎حتى لو فازت أداء غير مقنع ❌	0	0
في كل إعلاناتهم المدفوعة بملايين الدولارات في صحف اميركا واوروبا يركز الكذابون علي ان الاخوان حرقوا ٩٠كنيسه في	0	0
RT @mh_awadi: #مصر في الأخبار :أغذية ملوثةأكل لحوم الحميرإعتقالات قسريةقتل بلا محاكمةحرب على الإسلامتحالف مع سفاحي #حلبطعن في ظهر #…	1	0
#افضل_مباراة_تنس_شاهدتها#فيدرر ضد #نادال 2006 نهائي روما .. اعتقد انها اجمل مباراة فيها لمحات في تاريخهماhttps://t.co/E38kfxU4aO	0	1
@yusufashraf2 كل سنة و انت طيب يا يوسف و يارب ميريام فارس تقولهالك😂🌸💕	0	1
#كلمة_شكر ل عآدل عبدالله ع البلنتي و الطرد اللي حصله ، اصلاً الطرد احلى 😳😳	1	1
منظمة أطباء بلا حدود تستنكر منع #الاحتلال المريض عبد الكريم أبو لبن (32) عاماً من قطاع #غزة، من السفر للعلاج في... https://t.co/ubFJ2AGAgX	0	0
واحشني قوي و انا مقصر معاك عندك حق :) كلم شادي و الشباب و خلينا نتقابل يوم الجمعة و العشاء عليا	0	1
909 ألف شكر	0	1
تناسوا الشهداء وتذكروا الكورة أول لطمة على قفا كل انقلابي عامل فيها ناسي جات له امبارح من كوماسي	0	0
إبراهيم عيسى قلم شجاع وضمير يقظ وعلامة بارزة فى تاريخ المهنة تحية له ولفريق الدستور وستبقى حرية الصحافة فى مصر ثمرة مستحقة لنضال الصحفيين	0	1
_ لم أهاجمه بل أحترمه ولو كان له أخطاء فهو بالتأكيد شخصية تحترم	0	1
مصر لسا فيها خير كتييير نعم لباسم #ثورة_25_يناير #باسم_رئيسا_لمصر #انتخبوا_العرص	1	0
@Alito_NBA 😂😂😂😂 اعلان خالع	1	0
رحم الله الشيخ الجليل #نادر_العمراني أمين عام هيئة علماء #ليبيا الذي اغتالته أمس يد الغدر الآثمة فاللهم تقبل... https://t.co/PNjDKELX8e	0	0
عشاق #فيروز بدمشق يحتفلون بعيد ميلادها  https://t.co/dj9NPlilTM	0	1
RT @MousaAlomar: القاريء رعد الكردي .. من السليمانية في العراق .. ما شاء الله وتبارك الله .. على هذا الصوت وكأنه من مزامير دَاوُود.. https:…	0	1
اذا كانت الإعادة بين مرسي وشفيق فواجبنا في حماية الثورة يفرض علينا عمل جبهة وطنية واسعة لكى ندعم الاخوان ضد نظام مبارك الفاسد الدموي	0	0
علاء الأسواني يروى عن شباب الثورة: إذا لم نعرف من أين ينفق الإخوان والسلفيون فلا شرعية لأى انتخابات >>	0	0
إذا فتحت أي أغنية أجنبية عاليوتيوب وشغلت الأوتو بلاي حينتهي بك المطاف لأغاني جستن بيبر لامحالة.#مغص	1	0
RT @ahmed_Nagy33: #تحذيرات_رعاه_الارهابمصر بخير يا شوية خرفان يا بتوع👈ماااسريا بتوع 11/11كشفناكماسمها👈 #مصر الكنانة محفوظه من #رب_العالم…	1	0
@oceanazul80 او  ارقام ص😂😂😂😂😂بابا  رندفو او انه امثل علينا قدام الكاميرات  انه ها شفوني 😂😂😂😂😂والله يا اوباما مخلغين اسنان هي اسوالف 😂😂😂😂😂	1	0
يريدون استلام #حلب ويظنونها #خان_الشيح#لافروف يحادث #كيري حتى يخرج المجاهدون منهاعجيب مالذي تملكه #أمريكا التي عداءها لايقل عن عداء #روسيا	0	0
أنا ضد التمويل الاجنبي تماماً الغريب ان ينتسب البعض الى الاسلام ويستغلون فقر الناس ويشترون اصواتهم ثم يتبارون في البذاءة اى اسلام هذا	0	0
@2213Ali @kayza111 نوفاك بطل العالم!!😳روجر فيدرر اسطوره هاللعبه وكفى✋	0	1
التليفزيون يعرض ميادين خالية اغلقها الجيش ويترك اربعين مليونا بلا تغطية درية شرف الدين فين مظاهرات الشعب اهوه	0	0
25: #الميدان:مفتي الدم الانقلابي صدق على اعدام 37 من 528 تم احالة اوراقهم اليه 	0	0
RT @_ahmed_messi_: أيفون 7 هينزل ب 17 ألف جنيه ، دنا مستلف 12 جنيه من أتصالات ولسه مرجعتهمش 😂😂 https://t.co/RfjGQgGZkV	1	0
وبعدين ميريام فارس حلوه اوڤر كدا ليه😍	0	1
@Ew_D07 تفو عليك ميت على ريال مدريد وهداف الدوري الالماني واسرع مهاجم بالعالم	1	0
بحسب الجزيرة ميدان التحرير يتسع ل 500 ألف مصري أو 2 مليون إسلامي	1	0
RT @abdullah7914: الحمدالله على نعمة الاسلام...وهذي الطفله يعلمونها اهلها ي حسين ي حسين قوله تعالى {وَمَنْ يُهِنِ اللَّهُ فَمَا لَهُ…	0	1
7_ أقرب مما تتصور وإحتمال كبير تلاقيها عند بتاع الطعمية وتترحم عليا وتقول ماكانش يومك يابلال	0	0
مبدا تهجير الأقباط من منازلهم عند حدوث توتر طائفي جريمة إضافية في حق مواطنين مصريين صدقوا ان هناك دولة لا اصدق ان الشرطة عاجزة عن حمايتهم	0	0
أتقدم بخالص التهنئة إلى الإخوة الأقباط بمناسبة عيد الميلاد المجيد أعاده الله على مصر بالأمن والرخاء	0	1
هدنه هشه لم ترى النور صاروخ بالستي على مأرب وقصف أحياء تعز وصقور الجو العربي وصلت سماء صنعاء واشتباكات في مارب وسﻻمتكم#فشل#كيري	0	0
قطع اذن مواطن واحراق الكنائس والاعتداء على اهالي الشهداء كل هذا مسموح به وعندما يكتب شاب ثوري على الحائط يقدم لمحاكمة عسكرية اين العدل	1	0
شاهد بالفيديو أوباما يمضغ العلكة ويسحبها من فمه في حضور رئيس وزراء الهند!https://t.co/9gBe5NEyAF	1	0
المسلمانى أغلي متحدث إعلامى للرئيس وأشهر كذاب ومنافق ومضلل ومحرض تحول الى قليل الأدب ووضع معارضي الجيش في سلة القمامة كلام زبالة	0	0
عزيزي المتطرف: قبل أن تستخدم تعبير أسد في وصف شيخك، فكر قليلا في مشاعر السيدة والدته	1	0
RT @DRabusaad: #تكفي_يابو_فهد_نحتاج_للهييهرحم الله أسدالسنه الامير نايف بن عبدالعزيز واعز الله الاسلام والمسلمين ب الملك سلمان  https://t…	0	1
شبيسى ليز اللى كان عليه طماطمية كبيرة #مقدرش_انسى	0	1
#عبدالله_المنيفي_يهدد_هشام_بالقتل#الكويت لنا يا عزيزي قدمنا شهداء سعوديين من أجل الكويت و الأن نقدم شهداء لنا في… https://t.co/HtO2vKOfS8	0	0
لا افهم سبب الاصرار على قانون الانتخابات الذي رفضت كل القوى الوطنية والسياسية د عبد المنعم أبو الفتوح في ندوة بنادي هليوبوليس	0	0
السلطة تمارس إجراما سياسيا ضد الفقراء	0	0
افتخر بلغتي 😍😍 #اليوم_العالمي_للغة_العربية	0	1
1981 الله ينور عليك يا أحمد مقالين أروع من بعض المجد للكتابة الحلوة	0	1
يوسف_الحسيني يفضح كذب قناة الجزيرة ويكشف تمثيل الاخوان دور الموتي تحت اشراف قناة الجزيرة	1	0
"#مشاهير عاصي الحلاني عن فضيحة ""بيغ أبل أوورد"": وحياة أولادي لم أدفع مالاً مقابل جائزتي: أثار مقال نشره الإعلا... https://t.co/qaGFCx85ZV"	0	0
@mzmjralraq اذا انتهوا من حلب و ادلب اي انتهوا من جبهة النصرة الاسرائيلية....ما الحجة المقبلة؟؟داعش	1	0
اسطورة اغلبية الشعب معاه، نصف الشعب طنش الانتخابات، و نصف اللي شارك لم ينتخب مرسي، و نصف اللي انتخبه عاصر لمونة و بيتظاهر ضده	1	0
لوسمحت تكلم عن نادال ونوفاك، بس فيدرر لا تدخله في مقارنات مع هالجحلط .. بليز يعني https://t.co/8wjZB5z5iS	1	0
_ لا ده نتكاتف فيه رغم اى خلافات أو أخطاء حدثت	0	1
عاد آجا هتآخذ راحتها أكثر مع فيدرر ياليت هالمرة iptl يحطوها مع فريقالمايسترو بتكون وديات ديسمبر حدثكبير عندي في… https://t.co/QzzUxkWAhK	0	1
RT @MagdyMa35145454: طنط منى بتاع المنوفيهنووووو اوباما سيسى يسمعلش من المنوفيه ههههههههههه https://t.co/855VVTA0DD	1	0
العَرَبِية مُمْتِعَة جِدًّا لِأَنَّ كَلِيمة مُدَرِّسة جَيِّدَة و عِنْدِي صَدِيق رَائع !أَنَا أَسْعَد شخص في هَٰده الجامعة 💯@rose1_tadatoshi	0	1
@iamS3D @Ezlam ثم انك ليه قررت اني باشبههم بالجزم، في كوتشيات في التويت برضو ولا انت عنصري وبتحب دونالد ترامب وحمدين صباحي!؟	1	0
الثائر الحر #عصام_سلطان معتقل في سجون الانقلاب عصام سلطان مش رقم #انا_مش_رقم	0	0
#الحكومة لا تلتـزم بـ القـانون للأسف #حقيقة	0	0
حنا الخليج يجب ان نتعاون بدعم الجيش الحر بالسلاح والمال والغذاء ودعم النازحين السوريين بكل مكان وان شاء الله سنقف بجانبهم حتى النصر	0	1
@KarMostafa @shakerrzalloum @YouTube صار #حزب_الله مثل #فيلق_القدسيتحدث عن فلسطين وهو يقتل العرب ويدمر حلب	0	0
ياسر أبو عمّار في #سياسة_في_دين :علي الجزيره غيّرت موقفي من حزب #النور بسبب مواقفه المخزية مع الرّئيس #محمد_مرسي	0	0
RT @Truthcaller: يبدو ان عالم متعامي عن ماسي المسلمين والمستضعفين في #سوريا و #فلسطين و #مصر و #بورما وغيرها من بلدان سيدفع ثمن ذلك حرب عال…	0	0
تدني بعض الصحف الرسمية والحزبية والخاصة إلى مرتبة الصحافة الصفراء الباحثة عن الفضائح والمزكية لمشاعر الانتقام والثأر	0	0
RT @NawalAbdulkarim: داعش تسرح وتمرح في العراق وسوريا برعاية اردوغان الراعي الرسمي للارهاب #erdogan_is_isis	1	0
اصحاب المحلات فى شرم احتفلوا بالانقلاب واذاعوا تسلم الايادى اليوم تظاهروا ضد الانقلاب بكره تشوفو مصر	1	0
#RamyAyach #رامي_عياش أجمل صوت وحساس وكرزيما وممثل مبدع نيالنا فيك @RamyAyach وعزفك كتير رائع شو نحكي بيضل قليل	0	1
عز الله.. عشان يجيني واحد من الطلاب ويقول انا احبك وعاشقك ياأستاذة😂 #ماذا_لو_المدارس_مختلطه	1	0
ميليشيات سعوديه عراقيه باكستانيه حزب الله .....الخ. اجتمعت كل الميليشيات الشيعيه لتقتل اهل سوريا وتقصف  المساجد !! https://t.co/P55lF8xEG7	0	0
#عمر_جابر مننا هيه هيه #زملكاوى زيينا هيه هيه #لاعب_بعقلية_أولتراس	0	1
@AlmrAsmaa يعني هسه الثورة الشعبانية كانت فصائل ارهابية تقتل الناس وتقطع الرقاب مثل جبهه النصرة واحرار الشام؟	0	0
@XHananMo غير غوتشي ماحط	0	1
المسلمون يؤمنون ان المراة لاتقود امة ومع ذلك يتمنون فوز هيلاري كلنتون وكلاهما اشد  اعداء الاسلام	0	0
@watan_usa البخيتي وأمثاله لأجل الشهرة والصيت مستعد أن يبيع أمه و شرفه ودينه فقد ترضّى عن #كيري وساعد في هدم المساجد و دور القرآن الكريم !!	1	0
نقل إعلان مؤسس #ويكيليكس المهم اليوم من لندن إلى برلين، وسيخص بالذكر هيلاري كلنتون التي اقترحت مهاجمته بطائرة بدون… https://t.co/zYmh9yvCHR	0	0
عدد المدنيين الذين أحيلوا للقضاء العسكري يقترب من 12 الف مصري في ستة اشهر الرسالة هنا ان التظاهر السلمي قد يكلفك سنوات في السجن الحربي	0	0
لأنه يقدم نفسه…أو يقدمه الإعلام الغربي على أنه مقرب من دوائرصنع القرار…وهو يستمرىء هذه الكذبه…ولأنه يروج  كذبات من… https://t.co/bAXEE4pY7w	0	0
@_yahyaxD اسرع من كهربا و رمضان مجتمعين و اسرع من صلاح كمان رغم كرهي ليه بس هو بيناسب الخطة الدفاعية بتاعتنا	0	1
الشيعه اكبر عدو للاسلام كفرو الصحابه وطعنو بالقران والرسول وابادو اهل السنه #لافروف https://t.co/hpRUTAQlxH	0	0
القطريين اختتطفو لانهم من الاسره الحاكمه وليس لانهم سنه لغرظ مساومتهم في اسراهم في سوريا من حزب الله والله يفك اسرا… https://t.co/gYWdMLfZuG	0	0
بي وجود جنرتل ميشال عون الله يحميك #جهزوا_سواعدكم	0	1
اللهم أنصر السلفي الوهابي دونالد ترامب علي الشيعية الرافضية هيلاري كلنتون	1	0
سيصبح 6 أكتوبر يوما للعار وليس لذكري الإنتصار #كلام_و_كلام #يوسف_الحسيني #السادة_المحترمون …	1	0
فَتّشت فى أرض العربفما وجدت أبا بكر ووجدت ألف أبى لهب(نزار قبانى)#ستبقى_حلب	0	0
كن شريفاً امينا ً لا لأن الناس يستحقون الشرف والأمانة بل لأنك انت لا تستحق الضعة والخيانة #عباس العقاد	0	1
مش صالح دا كنتوا مخبينه من شعبه https://t.co/TjJjvMA0dS	0	0
العسكر خاين كالعاده ؛ دخلوا الجامع بالبياده #مجزرة_العباسيه #عسكر_كاذبون #لن_ننسي #لن_نسامح	1	0
#الاحتلال يصدر حكمًا بالسجن 18 عاما ضد شابين مقدسيين https://t.co/xwR9P4NHEA https://t.co/TXXpvoFC7K	0	0
#حلب_تباد_بسكوت_العرب#مجلس_الأمن #الأمم_المتحدة #الجامعة_العربية هم عُرّاب الحرب في سورية والعراق واليمن وغيرهم فقدانخفض دخلهم من #فلسطين	0	0
@BouEidJoe @NawalElZoghbi نوال الزغبي لما بتنزل اغنية بتكون اغنية 👍جامدة ودة...💃💃💃 دليل نجاح	0	1
#اعرفوهم #انقلاب_مصر #يسقط_حكم_العسكر #الداخلية_بلطجية #الحرية لنور الدين محمود 15سنة #الدقهلية طالب بالثانوي الأزهري	1	0
#زملكاوى انا و الفخر ليا	0	1
ولك اذا ريكي مارتن ضهر مع واحد سوري مينو انتي يا معفنة ياشوصة لحتى ماتضهري...😝😅😅	1	0
السعودية تدعم المجرمين القتله لمصالحها الشخصيه باسم العروبه و الاسلام #جنبلاط #Christmas #AUB150 #حمله_دفي #الصين https://t.co/tKjymgd9pr	0	0
@Fat2552 بالعكس الله يهدي كل شخص غفل وابتعد عن الدين، ارفض منطقك لانه ينافي مبديء الاسلام في المناصحة والدعوة واللطفافة في ذلك	0	0
حفرتوها لغيركم وصارت من نصيبكم #إيران جاء وقت الحساب مع #الولايات_المتحدة والعقوبات بدايه بس القادم اكثر خلي #روسيا تنفعك #إرهابي #حزب_الله	1	0
@__malt_alyk @11_hayoon @AshiqElsamt بطني معاد اقدر ياربي سيسي ومرسي	0	0
أيها الاخوان الا تذكرون 52 شهيدا قتلتهم شرطة محمد ابراهيم بأوامر من مرسي عندما شكر مرسي القتلة واعلن حظر التجول اعترفوا بجرائمكم	1	0
دلعونا نوال الزغبي: https://t.co/6EEQcKmNuo عبر @YouTube	0	1
RT @_zayeeed: قالها جستن بيبر 😪احبكـ يا نظـر عيني غنااتي و احب الارض لي تمشـي عليـها 🎶	0	1
RT @beseatt: كيبل آيفونضد القطع😉-شحن ونقل بيانات سريع 👍🏻من أفضل الكيابل👍يتحمل الكرف 😻 ومعتمد من قبل شركة آبل طوله ١.٢للطلب واتس…	0	1
و الله تستاهل ياقلبي ليه تميل مكنت خالي انت اسباب كل كربي وانت اسباب ماجرالي ايه بقي اللي هايواسيني بعد ماتهدت امالي #محمد_محسن	0	0
الولد اللي بيقبل يتشتم ب امه حتى لو هزار و يقلب الدنيا لو حد جاب اسم صاحبته بس #استرجل كده عشان امك اللي بقيالك و تعبت عشانك	1	0
RT @HadiAlabdallah: مركز حلب الإعلامي @AleppoAMC ينشر تصوير جوّي يوضح حجم الدمار في حي المشهد بحلب إثر الغارات الجويّة المكثفة التي استهدفت…	0	0
أيها الغيورون على القانون هل سمعتم عن تهريب المتهمين الأمريكان و١٤ الف مدني في السجن الحربي وإعلان دستوري باطل يمنح الحك	0	0
المعتصمون داخل مسجد الفتح يستخدمون طفايات الحريق ويتهمون الجيش بإطلاق قنابل الغاز عليهم #السادة_المحترمون …	0	0
1 ده حلم قديم يبدو أنه اقترب تحققه بإذن اللهكان عندي مشروع مسرحية من كام سنة مع الفنانة سهير البابلي بس مااكتملش للأسفيامسهل	0	0
RT @S_OM9: #جنودنا_رفعتوا_روسنا ومن بغير من حَملُوا راية الاسلام نفتخر؟انتم محل للفخر والعز والشهامة..حفظكم الله ونصركم.. https://t.c…	0	1
كل ما فيكي جميلبراءة وجهك ،، وإبتسامتك اللطيفة ،، وعيناكي الفاتنتان😘😘😍😍🌷يسعد مساكي ندوون@nadinenjeim… https://t.co/45Kws8FXgU	0	1
سويناها😹🔥#MannequinChallenge https://t.co/zL2WOzkLWH	0	1
روئيتك #تريح #النظر #سماعك #يريح #الاعصاب #كلماتك #بلسم #الجروح ي #نجمتي #الذهبية #نوال_الزغبي #بحبك @NawalElZoghbi… https://t.co/A0QgBZScWw	0	1
نائب رئيس مجلس الدولة في كوبا تشكر #الرئيس_الأسد على صدق مواساته وتعازيه الخالصة بوفاة القائد #كاسترو	0	1
@Haytham_77 سيتم الرد علي حضرتك في اقرب وقت يا فندم.	0	1
مفيش حاجة اسمها دولة وطنية في حاجة اسمها الجماعة التنظيم طز في مصر #السادة_المحترمون …	1	0
ابتسم فإن هناك من يحبك يعتني بك يحميك ينصرك يسمعك يراك هو الرحمن الرحيم	0	1
RT @zil3__: @M___G3 💔👌خوي السعد وافي وانا للخوي معكاز وانا محزمه كان الزمن عقد احجاجه #نبض_العراق🍃اخوي الغالي عازف ربي يطول ب عمره..👌…	0	1
عروض الخليج فوق الخيال@khaleej_riyadh rEc #EgyptAir	0	1
@fahadsaad6  في رئيس كان منتخب من الشعب قال لبيك يا سوريا انقلب عليه السيسي بمساعدتكم فلوسكم قتلت ناس كتير واعتقلت أكتر انتظروا عقاب الله	0	0
@dbx1974 @noula2001كالثعابين السامة عندما ترفع الملقط عن انيابها - يكفي انه فضح فسادهم وقلة ضميرهم هنيئا لك يا لبنان بأحتفال الفاسدين النادر	1	0
كرستيانو رونالدو يفصله 75 هدف ليصبح الهداف التاريخي الاول في ريال مدريد #اسطورة	0	1
نحترم البرادعي لكن سنقف ضد اخطاءة بالمرصاد ،فحن لسنا اتباع مرسي المتواطئين بالصمت على الاخطاء لتتحول الى جرائمعادل عبدالحميد…	0	0
#كاسترو لَم يترك ورائه لا قصور ولا حسابات بنكية وشعب #فلسطين يعاني الاحتلال والقتل والتهجير ورئيسه عباس همه جمع القصور والاموال له ولاولاده	0	0
"في حفل جمعية رسالة "" رد الجميل "" لتكريم سيدات مُسنات من جميع محافظات #مصر بمناسبة #عيد_الأم على مسرح سيد درويش - أكاديمية…"	0	1
نزال الليلة سوف يدخل فيه ترامب مجروحآ. ليس لديه ما يخسره. اتوقع بيغامر وبيهاجم عائلة كلنتون خصوصآ فضيحة بيل. هيلاري ذكية سوف تتركه يدمر نفسه	1	1
@malak_alhusaini  ايفون. 7😩💔	0	0
RT @MG_lawyer: امريكا استخدمت 41 فيتو منع ادانة اسرائيل بمجزارهاعندما يتحدث مجلس الامن عن الشرف! https://t.co/q2ZLC2MnUX	1	0
ألا لعنة الله على القوم الظالمين ... #روسيا #بشار_الأسد #أيران #الأمم_المتحدةكلهم أجتمعو على قتل بيان https://t.co/DDsPjEunPz	0	0
كل مصرى حر فى المانيا يتوجه ظهر غد الى وزارة الخارجية الالمانية فى برلين لاعلان معارضته لمؤتمر الانقلاب وترعاه ملكة الاردن	0	0
@Optimistic2nd 😂😂😂😂 ده في راي من اعظم الممثلين الي انجبتهم بريطانيا شيء فظيع في التقمص والتمثيل	0	1
الانقلاب يريد قمع 50 مليون مصرى لو حاولت امريكا بجبروتها قمعهم ما نجحت شعب مصر العظيم سينتصر ويدفع العالم لاحترامه	0	0
عندى قمر بسهر معاه :) عندى معاد وحبيبى لغاه :( — #كاريوكى	0	1
تكلفه الحج فى مصر خمسين ألف جنيه فى حين ان الرواتب لا تتعدى ألفين يعنى اللى جاى يحج أو يعتمر موفر من اكله علشان فريضة ربناولا سيسي ولا	0	0
RT @EHSANFAKEEH: إيران تلغي الحج من أركان الاسلام لوجوده في #السعوديةوهي في صدد بناء كعبة بديلة أو نقل الكعبة من مكة للنجف الأشرف👇🏻😂https…	1	0
RT @memezen27: @Ahmed2I3h مثلما ادخلت الارهاب الى سورية ودعمتهم بالمال والسلاح .لتشرعن تدخلها بسورية بحجة محاربة الارهاب وطائراتها تقصف الج…	0	0
إخفاء الحقيقة بحجة ان الرئيس يعلم ما لانعلمه وهو بيده الامر ويعرف مصلحتنا فكرة خانعة تكرس لتهميش المواطن واحتقاره الرئيس موظف عند الشعب	1	0
خجلت من حلب الشّهباء يطحنهاجيش الغزاة وجيشُ العُرْب لم يصلخجلتُ من صرخة الطفل التي انطلقتْولم تجد نخوة الإنقاذ من رجلِ#ستبقى_حلب	0	0
بيونسيه في أناقة مكياجها العيون – مجلة رنود https://t.co/UbnwcotH5v	0	1
حتى الاراجوز مالوش مكان فى اعلام العار مطلوب قطيع يكرر ما يسمع ويتملي	1	0
RT @daloaqana1: الاتصالات ترد على حملة المقاطعة ببيان جديدوتقول نحن الوحيدوون التفاصيلhttps://t.co/fV4aC6U0ZS #اليوم_الثاني_عشـر_راح_…	0	0
قرار كويس وهايل و مستنيينه من زمانلكن #السادة_المحترمون	0	1
لا جديد هذا مستوى الأرجنتين بلاد الفالصو بدون الذهبي ميسي	1	0
RT @Manar_Bshay: بوكيمون ايه اللي اقوم اضور عليه .. ده انا بكسل اقوم اطفي نور الاوضه ..!!🐸💔	1	0
رزق مين ده بقى ؟؟  الناس بقت سيسى كده ليه من كتر النحنحة هيشلحوا	1	0
واشنطن تتهم في الامم المتحدة ضباطا سوريين بالاسم بالضلوع في هجمات على المدنيين https://t.co/XI5F9VABZv #القدس #حلب #uae	0	0
RT @HaifaAlajlan_: اللهم لا تخرجنا من رمضان إلا وقد أصلحت حالنا ، وأسعدت حياتنا ، وغفرت ذنوبنا ، وتقبلت صلاتنا وصيامنا ، وحققت لنا ما نتمنا…	0	1
#اطفال دول ولا مش اطفال ؟؟؟ظظ يابتوع #المدارس هههههههههههههههههههههههههههههههههههههههههههه	1	1
بعيدا عن الهزار بقى وكده من كل قلبي باقولها لك ربنا يسعدك زي ما بتسعد الناسقلبي وربي راضيين عليك يا أمردسلام عليكم	0	1
من #عيوب_تويتر: الكثير من ردود الأفعال والقليل من الأفعال، الانشغال بشكل مبالغ فيه بالأحداث اليومية عن التخطيط للمستقبل	0	0
ياجماعه أنا اقترحت يكون اسم البرنامج (اجمل رنوش بعمرنا ) اللي موافقني يعمل ريتويت #مولد_الاعلامية_الساحرة_رناسماحة #…	0	1
هل تستخدم الشرطة غير العسكريين لقمع التظاهرات ولماذا ؟! الأسواني يكتب مقاله بعنوان : متى يرحل مرسي >>	0	0
طبعا إستفتاء مارس كان أكثر شرفا من إستفتاء الإخوان على الأقل أشرف عليه قضاء حقيقي وكانت الإنتهاكات فيه لا تقارن بإستفتاء الإخوان	0	0
https://t.co/qGe2uIU3eEبوب ديلان ..وأحساسه الجميل...محاولة للنهوض دون مساعدة...لكم ولي🌹🌹	0	1
"صورة مرسى على المسجد الأقصى و أغنية السيسى على التلفزيون الإسرائيلى شتان الفارق"""	1	0
لم يترك الانقلاب نقيصة الا وعملها	0	0
وحكاية إنه يكتب البذاءات دي بقت قديمة خالصده أكثر الأفلام إسفافا أرقى من خطب بعض مشايخكم اللي طلعتوهم على منصة دعم كذب الرئيسإلعبوا غيرها	1	0
ولما تبص #حواليك هتعرف انك #احسن من ناس #كتير عشان كده #لازم تقول #الحمد_لله	0	1
"RT @caironewsportal: د #فيصل_القاسم يفضح""#بوتين""ويكشف حقيقة مباركة #إسرائيل لـ #العدوان_الروسي https://t.co/1H4rJ2g1Gz#سوريا  @kasimf http…"	0	0
اذا كانت رسالة البرنامج الوحيدة هي كشف التجارة بالدين و كشف قنوات الفتنة فده يكفينا، تاني، يتحرق البرنامج المهم البلد	0	0
#فيفي_عبده : الراقصة محترمة جداً ، و أنا قدوة ليش ما أكون قدوة :) #الحكم لا تعليييق !!!	0	1
قيومجيان في ذكرى استشهاد جبران تويني: يموت في وجعنا لكنه يحيا أبداً في نور عظيم يقهر الظلم https://t.co/5g5XBiYdZM	0	1
الكويت متبرعه حق لبنان !ليش ؟عشان يعالجون فيها النازحين السوريين اللي مصابين بالسرطان !شلون ولبنان يحكمه حزب الله ههههههههههه	1	0
بمناسبة #رمضانيات 3 ^_^ استنوا ف رمضان فقرات ومفاجأت كتير عالبيدج :) 5 3 :) وحملات و حاجات	0	1
# احلي حاجة في الحلقة #رجعوا_الجماهير	0	1
يعتدون على خالد داود صائحين يا بتاع جبهة الإنقاذ يا كافر،فليصمت زياد بهاء الدين و رفاقه عن حديث المصالحة و الا سنرد عليهم بحديث الأصابع #مصر	1	0
طاقه ايجابيه شبابية في تصوير اليوم الاول من #أرب_ايدول #الموسم_الثالث كان يوم رائع جدا انتظرونا #قريبا …	0	1
RT @Zhret_tshreen: #من_دمشق_هنا_صنعاءاللعنة عليكم يا فساق الخليج تفوقتم على الصهاينة بجرائمكم ضد الاسلام و المسلمين و أظهرتم حقيقة دينكم	1	0
شي يقهر انو ماريو رن ما يمديك تلعبها بدون نت 😤كانت حتكون مرة جيدة لولا ذا الشي #SuperMarioRun	0	0
المحادثة الأخيرة بين فتاة ووالدها قبل خروجه من حلب!#الدعاء_الدعاء_لاهل_حلب#حلب_يالله_ليس_لهم_غيرك#ستبقي_حلب… https://t.co/zaRe5czOhJ	0	0
@AlshibliYounis سيقدم دليل ان هيلاري كلنتون طرحت فكرة تصفية الرجل بسبب التسريبات التي يقوم بها	0	0
سحل متظاهرين بالقصر العيني - ليعلنها #مرسي بصراحة-هل انت فاقد السيطرة على الداخلية؟ أم انت المسؤول؟	0	0
"#صورة.. قوات #الاحتلال ترفض الإفراج عن الطفل ""أسامة زيدات"" . https://t.co/GplQNE6LBZ"	0	0
لم ولن أتخذ أي موقف يؤيد قتل أبرياء تحت أي ظرف من الظروف ما أقوله عن الإخوان لا يعني تأييدي لقتل أي بريء مهما كان	0	1
#سيدنا_النبي كان طيب الرائحة، وإذا صافحه أحد ظل بيده عطره سائر اليوم صلى الله عليك يا سيدي يا رسول الله	0	1
RT @almonajjid: صوم النوافل كعاشوراء يكمل به الخلل الحاصل في رمضان فإن النوافل تكمل بها الفرائض يوم القيامة، ويرقع بها خلل الفرض. العثيمين	0	1
حمداً لله على سلامة أبنائنا المجندين المحررين، و نهنئ أهلهم و أحبائهم بعودتهم و نهنئ الشعب المصري بإطلاق سراحهم	0	1
@rllnewsdesk ما يسترجي يقول من حزب الله	0	0
تحية لبعثة مصر البارالمبية التى حققت انجازا غير مسبوق وقدمت لنا درسا فى تحدى المصاعب لرفع اسم مصر عاليا شكرا لكم وحمدا لله على سلامة عودتكم	0	1
ليس غريباً على من تربوا في حضن #البعث، أن يتسابقوا الى #الاستانة و #موسكو و #حميميم،عليهم فقط أن يفعلوا ما كانوا... https://t.co/dqOAOGN5eB	1	0
افضل 10 لعبات دفاعية هالاسبوعEnjoy https://t.co/hrDKBSYwra	0	1
لا تقل لماذا منع #الصهاينة الأذان في #القدس .. و قل لماذا طبع معها #الأخوان و قد فعلت ..#أردوغان	0	0
أشارك في مسيرات اليوم رفضا للدستور المشوه، ولأخونة الدولة، وللانقضاض على سيادة القانون، ولتجاهل الرئيس وحكومته لمطالب العدالة الاجتماعية	0	0
#غادة_عبدالرازق عن #إليسا: إيه الإحساس ده؟! https://t.co/yKLshoS802@GhadaAbdelRazek @elissakh #HAWACOMTV https://t.co/E8YhEOuSX0	0	1
سيعلن جوليان أسانج مؤسس منظمة ويكليكس و من لندن عن فضيحة يقول انها ستحطم ☠هيلاري كلنتون و تنهي عائلة كلنيون. #تاسي #كويت #بورصة #فوركس	0	0
"قانون الثراء الحرام(الحلال)! حلال أن تسرق وحرام ألا ترجع (بعض) ما سرقت! ""إذا سرق فيهم الشريف تركوه""…"	1	0
@hassanalabdle1 طيب اغلاط اردوغان مجتمعه ماتجي عشره على مليون من اغلاط ومصايب السيسي الخاين العميلوالاصطياد في الماء العكر مايمشي	1	0
فضيحة محطة قطار #أسوان #كل_يوم | #ON_E | #عمرو_اديب https://t.co/oBMssn1c81	0	0
موعد قفز سيسي على الرئاسة يقترب الحق احجز ديل عشان تحضر حفل التنصيب لكنه لن ينال غرضه لأن الشعب سيحرمه ويحاكمه	0	0
تأكيدأ .. للخبر أعتقال زوجـة الارهابي #مختار_بلمختار أمير تنظيم #القاعده بشمال افريقيا#ليبيا #LIBYA https://t.co/A4goSg3h9c	0	1
EgyptAir لما فاشلينها يمسكوها يحصل كده	1	0
اغنية رامي عياش اللي بحكي فيها على عيني و راسي والله عنك لحظة ما أتخلى كتير حلوة	0	1
#الاخوان باعونا فالميدان ايام #محمد_محمود و #مجلس_الوزراء واحنا كنا اصحاب مبداء وقضية طيب عاملت ايه دلوقتى وهما	1	0
RT @AlMayadeenNews: اليمن: الحوثي: لدينا الأدلة الفنية القاطعة على ضلوع #السعودية في ارتكاب مجزرة صنعاء  https://t.co/RhV5E6lrl4	0	0
RT @dughsan781: #ال_سعود_ عدو_لي_ولكل يمني ولكل عربي ولكل مسلم#ال_سعود أعداء الامه العربيه والاسلاميه#ال_سعود_أسرة_ارهابية_تنشر_الارهاب_وال…	0	0
حرام مااغيب ولا يوم 😂💔 #ماذا_لو_المدارس_مختلطه	1	1
@PieceOfWs @TheGhostYonce تستاهل الحب واغانيها حلوه بس بيونسيه	0	1
قوانين أي مرحلة إنتخابية أهم مليون مرة من المرحلة نفسها بمرشحينها وكل المراحل اللي بعد الثورة إتلعب في أساس قوانينها لتدبير النتيجة #باطل	0	0
اعتني بذكرياتكَ الجميلة، لأنك سوف لن نستطيع  أن تحياها من جديد. #بوب_ديلان	0	1
يتعشّى بالأرز وينام في فراش إسرائيل https://t.co/494kO87V8K	1	0
RT @M__albugaily: قردوغان حليف اسرائيل يدعم تنظيم داعش في سوريا ومع ذلك لم يغضب عليه أحد ويهدده كما يفعل مع مصر التي تواجه الإرهاب بشكل عام…	1	0
@petersemaanfans @petersemaan مهضومين مع بعض و ناجحين بالتمثيل ، برافووووو #رامي_عياش	0	1
أون تى في تعيش سكرات الموت وهى تتحرك خلف الشرطة والجيش لتصور علي الهواء تمثيليات القبض علي الإرهاب	1	0
سيجارك يلخم لكن يا #كاستروانا ما عارف أي يساري و لا شيوعي ليه لازم بيكون بيدخن#اسال_تويتر https://t.co/BRtMlP85lk	0	0
حرق الكنائس وقتل الناس وتعذيبهم وقطع أصابعهم وألقاؤهم من فوق الأسطح وذبح الضباط كل ذلك في نظر الاخوان من حقهم والا اعتبروا انفسهم ضحايا	1	0
قائد ميليشيات بشار الأسد المحلية في حلب : الجيش سيتصدى لأي عدوان تشنه قوات أجنبية على سوريا: زعم اللواء... https://t.co/a3rxSg3naz	0	1
#عمرو_اديب نادى الزمالك ده ربنا خلقه علشان يبقى فى المركز التاني #الزمالك ربنا خلقه كدا علشان يفضل ورا #الاهلي... https://t.co/P4LEInBY1e	1	0
هذا الفيديو لمن يريد الاحتفال بالنبي صلى الله عليه وسلم https://t.co/kbaKQQ7Rzz #الدعاء_الدعاء_لاهل_حلب#ستبقي_حلب… https://t.co/0EVqjLVpp0	0	1
@Elseemaroun الفقيد الغالي جبران تويني رجل حر وهو أول من عارض وجود الجيش السوري المحتل في لبنان  #وفاء_لجبران	0	1
#فيفي_عبده_الام_المثالية زمن المؤخرات هزها واكسب عزها	1	0
جمال عنايت شاكرا #عمرو_أديب: ستظل اسما له قيمتهhttps://t.co/scpyoGdG5V#فكره_لمصر_تتقدم_بيها… https://t.co/tNYE7xEzA4	0	1
RT @WBedaiwi: #صيام_تاسوعاء_وعاشوراء  قال رسول الله ﷺ:( أفضلُ الصِّيامِ بعدَ رمضانَ ؛ شهرُ اللهِ المُحَرَّم وأفضلُ الصلاةِ بعدَ الفريضةِ ؛…	0	1
عندما تجتمع ثرثارة المستقبل مع سخيفة النهار! الله يرحمك يا #جبران_تويني https://t.co/8s4ba0Dj4G	1	0
أيها الملحد، لو نمت وحلمت بأن الإسلام سينتهي فعليك أن تصحو من نومك وتعتذر. https://t.co/AmHJrjqaVK #زواج_مسلمه_بملحد	1	0
@Kalmuqdad لو نسأل خامنيئي و بوتن و نسأل بشار نفسه سنجد أنهم غير مقتنعين ببقائه.وكأني أسمعهم يقولون من أشد منا قوّة ولكن الكبر منعهم.	1	0
شكرا جزيلا على الترجمة وتحياتي للأستاذة نادين،هو بس في آخر فقرة اللي قايل المقولة شاعر العامية ابن عروس وليس عمرو ابن العاص	0	1
@samar505099 ..شوفي حال المرأة في بلاد الحضارة والتقدم.⬛ ارتفاع عدد حالات الاغتصاب في بريطانيا ⬛.https://t.co/FnCW1OwNX8	0	0
احنا اسكندرانية ونعجبوك	0	1
ماذا سيفعل سلمان و أحلافه يا ترى في #إسرائيل و قد منعوا الآذان في #القدس ؟!https://t.co/oaJJtOqYdZ#السعودية… https://t.co/qLV9alEuTm	0	0
ﺗﺨﻴﻠﺖ؟؟ﺇﺣﺴﺎﺳﻚ ﺇﻳﻪ ﺑﻘﻲ!!ﺧﻠﻴﻚ ﺭﺍﺟﻞ ﻭﻗﺪﺭ ﻣﻌﺎﻧﺎﺓ ﺍﻟﺒﻨﺖ ﻓﻰ ﻣﺠﺘﻤﻌﻨﺎ ﺩﺍﻓﻊ ﻋﻨﻬﺎ ﻭ ﺣﺎﻭﻝ ﺗﺨﻔﻒ ﻣﻦ ﻋﻠﻴﻬﺎ ﻣﺘﺒﻘﺎﺵ ﻋﺎﻫﺔ ﻣﻦ ﺿﻤﻦﺍﻟﻌﺎﻫﺎﺕ ﺍﻟﻠﻰ ﺑﺘﻮﺍﺟﻬﻬﺎ #ﺍﺳﺘﺮﺟﻞ	0	0
المرأة هي سر توازن الحياة وسر جمال الكون ومصدر المحبة والرحمة في هذا العالم كل عام وأنتن أقوى وأجمل وأفضل #يوم_المرأة…	0	1
#شوقي : ولد الهدى فالكائنات ضياء وفم الزمان تبسم وثناء/ اللهم صلي وسلم على سيدنا محمد وعلى اله وصحبه وسلم #بكفي_حصار #اضبطوا_شركاء_المخلوع	0	1
@liliandaoud ربنا يديمها ويعطيها الصحه وطولة العمر #فيروز كل سنه فيروز معانا	0	1
@SalmanAldosary @ALyemenNow صح النوم!! عاصفة الحزم أقضت مضاجعهمأين دوركم الإعلامي بالرد على التهم والكذب على السعودية في الإعلام الغربي؟	1	0
بتضحكني فكرة إن إخواني أو سلفي يقولك أنتم أتفه من أن نهتم بكم مع إنه بايت تقريبا طول اليوم على تويتر يبعت منشنات شتيمة وتكفيرمن التافه إذن؟	1	0
دونالد ترامب صايع و لسانه خارب مش عارف كيف يبي يحكم أمريكا	1	0
متحمسين جدا للشخصية الجديدة على #حمد_العماني بعد نجاحه في شخصية #يوسف في #توالي_الليل الجمهور ما راح…	0	1
عاجل ..جيش الاسد و حلفائه يروعون دجاجه مع ابنائها 😂😂😂 اين المجتمع الدولي اين قناة الجزيره اين قناة العربيه عن هذه ا… https://t.co/Gx7Vohsl6k	1	0
"@arwa99000 غوتشي عود ما عليه كلام "" ملكي "" ينفع للرجل والمرأة على فكرة، وريحته قويه وتجذب"	0	1
أشارك في وقفة صامتة بالإسكندرية يدعو إليها شباب مصر تضامنا مع ضحايا التعذيب وإدانة لتلك الممارسات	0	0
#غرد_بذكر_الله #اذكر_الله #حصن_المسلم	0	1
#صور:جيش #الاحتلال يداهم منزل المواطن محمد غنام ويسرق 3 آلاف شيقل وحصالة طفله ويقوم باعتقاله وتحطيم مدخله في قرية ر… https://t.co/no8841hN7Z	0	0
من العنصرية أن تؤمن أن العربجي مهنة دنيئة عيب على ذقنك يا شيخ	1	0
@F2isI رغم الحظ اللي وقف ضده مع ريال مدريد الا ان اجمل فريق شفته معه ٢٠١٢	0	1
لن تسكتوا صوت الآذان الله اكبر ☝❤#فلسطين حسبي الله عليكى اسرائيل https://t.co/G0mV1WFNXr	0	0
طقس العرب صايرة توقعاتهم دايما غلط 😒😒	0	0
RT @Bani_Omaia: إن سمحت تركيا والسعودية وقطر بسقوط #حلب و #الموصل بيد الإرهاب النصيري الصفوي الروسي فلا تفرقن عندئذ عن داعش وغيرهالا مجال…	0	0
كما خرج كسرى والروم والتتار من قبلكم ، سوف تخرجون آجلا أم عاجلا وتجرّون أذيال الخيبة والهزيمة والعار .#ستبقي_حلب #حلب_تباد	1	0
قصة إن ده رئيس منتخب ولازم يكمل باطلة والدليل الأرجنتين ونيكسون اللي استقال لما كذبماهياش عافية لو فشل وعاند وصمم يخلف وعوده هيعطل البلد	1	0
حتى لا يعمّ الفرح: المطالبة بمنع مباراة إيران وكوريا ليلة عاشوراء https://t.co/kvIjOhlECh	0	0
RT @hamad_alharbi11: #الأرجنتين من غير ميسي مو مترقع 😏	0	0
حواري مع النجمة الذهبية #نوال_الزغبي على صفحات جريدة الوطن وتصرح: الآن أصبحت ناضجة! @NawalElZoghbi @al_watanQatar… https://t.co/7nsn4LZUXH	0	1
أيها الغيورون على القانون هل سمعتم عن تهريب المتهمين الأمريكان و14 الف مدني في السجن الحربي وإعلان دستوري باطل يمنح الحكم للعسكراين كنتم ؟	1	0
مفروض شباب الإخوان ينزلوا بكرة يطالبوا بإقالة النائب العام الفاسد اللي ضيع حق الشهداء وأفرج عن المتهمين	0	0
#ناشرون_الأخبارية : #حمدي_قنديل قانون الطعن فى العقود دا خلانا طراطير والشعب طرطور والحكومه ومجلس الدوله والشعب طرطو	1	0
RT @qertyui5521: #شرك_الرافضه_في_عاشوراحتى الاطفال الأبرياء لم بسلموا من خزعبلاتهم حسبي الله ونعم الوكيل فيهمالحمد لله رب العالمين ع نع…	1	0
"اسكندرية تحذير هام جداً جداً وصلتنا رسالة تحذير بخصوص حالة ""ثبيت وسرقة"""	0	0
 يعلم #الأقصى أن يوماً سيأتيه رجال يحبُون الشهادة كما يحب المُـتخاذلون الحياة ! #فلسطين 	0	1
RT @ma456nal: خطاب الكراهية من مشائخ الإرهاب أنتج أجيال تكره بلا سبب ، ومستعدة للموت لا من أجل بناء حضارة ، بل من أجل تدمير منجزات الآخرين…	1	0
#MannequinChallenge  انت اسوأ حاجة حصلت فى 2016	0	0
@h_akseldihya @AlmuhanaJawad @DrAl_Lawati #الملك_محمد_السادس سيرمي جثث جنرالات فرنسا في البحر وسينصبه الشعب الجزائري المسلم ملكاً للبلاد	1	0
إنت ماسرقتش دار الشروق إنت سرقت الأستاذ أحمد بهجت وأسرته على فكرة لإن المؤلف هو المستفيد من حقوق النشر	0	0
أم حامد ابو حامد الاخت الى بتبوس ايد البابا بتهاجم وزير الداخلية وبتهدده بأمارة أيه يا بطوطة	1	0
فيسبوك هيستوري دي هتبقي حاجه مرعبه كمان 20،30 سنه .. لما تلاقي هيستوري ليك بالبعد الزمني ده هيبقي الوضع مأسوي والله	0	0
اي انهاك..... حزب الله استعرض على ارض #سوريا بالسلاح الثقيل مدرعات و دبابات و ناقلات جند فقط ينقصه الطائرات الحربيه… https://t.co/UkJNF1Ldr4	0	0
"RT @forcabarca_ar: تصريح سابق لفينغر :""ميسي لاعب بلاي ستيشن هو وحده الذي يجعل الأشياء المستحيلة ممكنة"" https://t.co/Iatrnan9VO"	0	1
ملاحقة باسم يوسف وزملائه من الإعلاميين بتهم لا تعرفها الا الأنظمة الفاشية هو استمرار لممارسات قبيحة و بائسة لإجهاض الثورة التغيير حتمي	0	0
#شاهد | مصلى البراق.. عبث الاحتلال لا يلغي التاريخ#القدس #المسجد_الأقصىhttps://t.co/eVi51HmvXg https://t.co/gKjMyusHVj	0	0
ديلان: ما زلت في دهشة الفوز بجائزة نوبل https://t.co/ehge3YsgMz#بوب_ديلان #جائزة_نوبل https://t.co/zfY4ZAYcS7	0	1
"RT @HA_alshami05: أهلنا في #القلمون_الشرقي : أبشروا بما يسركم؛ فإن أبناءكم وإخوانكم المجاهدين يثخنون بعصابة #داعش قتلاً حتى استئصالهم""بإذن…"	0	1
ماذا لو قاطع العرب #الصين اقتصاديّا!هل ستقف بكين مع بشار وتمده بالمساعدات العسكرية كما حصل مؤخرًا(لمن لايعلم  )!والفيتو ضد الشعب السوري !	0	0
تعريص #برهامي ووساخة حزبه والدعوة السفهية بدأوا من يوم ما دعموا #أبو_الفتوح مش حاجة مستجدة !	0	0
وزير البيادة نائم داخلها قرعة المونديال فى القاهرة وليست فى الاقصر كما قال الكذابون	1	0
😘 انتِ قصة عشق لا يفهمها الا النجوانيون #هلا_فبراير #	0	1
الحمد لله الذي هزم حزب اليمين المتطرف في النمسة  👏👏👏👏👏 https://t.co/jZNanr0fiV	0	1
"""_4: #هلا_فبراير #اليسا على روتانا مصريه :) الواحد كان مخنوق و فرفش"" :-* ;-)"	0	1
ريكي مارتن كان قبل يعجبني بس بعد كلامه حسيته مقرف يلوع بالجبد😷	0	0
#مصر لا يوجد خبر أسخف من حل الإخوان ما جرى منذ الانقلاب أسوأ كثيرا من الحل ،البلاد بلا دستور ولا قانون واختطف …	1	0
تعبان يا دكتور عايز اتعالجهات فلوس الاول علشان اقولك عندك ايه ١٠٠جروح هات الدواء ده المندوب قال هيطلتونا فرنسا لما نصرفه	0	0
@meshaluk @m_altayer @spagov هي نزلت لمستواه لان الاعلام الغربي وغيره يراه ناطق رسمي	0	0
شكرًا جزيلا	0	1
@faisalzedan عندك حق امال أحمد الشيخ حياخد فرصته امتا يا أستاذنا	0	0
#القدس المدينة الأفقرمقال أحمد جميل عزمhttps://t.co/34o2rku9uc#الغد #الاردن #فلسطين https://t.co/QXXwN1MBo9	0	0
رد حكيم من الاستاذ #عادل_إمام على مذيعة مهرجان قرطاچ ستظل قيمة وقامة كبيرة لمصر . #محمد_رمضان  https://t.co/aI5EqDPJpB	0	1
48670715 _ من سنة 92 بدأت الكتابة ضد إستبداد مبارك وضد التطرف الديني أيضا وماكانتش لسه المعارضة رخيصة وبتلم	1	0
#الببلاوي : #السيسي هينهي #حكم_العسكر و #مبارك راجل وطني !!! و انا احب اقولك انك #ابن_وسخة	1	0
#روسيا القاتلة و..#واشنطن الكاذبه 👹 https://t.co/8irIa36Emu	1	0
#مصر || الشيخ : الأشعة أثبتت سلامتي #احمد_الشيخ https://t.co/4JlmmglX1k (كلمتي)	0	1
اعرب مسؤولان كبيران في #الامم_المتحدة السبت عن شديد الحزن والصدمة للتصعيد الاخير في العنف في #سوريا وحضا على... https://t.co/eS7sZTaFd9	0	0
RT @roujrF: #افضل_مباراة_تنس_شاهدتهاويمبلدون فيدرر ٢٠٠٨	0	1
ميسي قاعد يتابعكم الحين على القليل احترمو هذا الشي يا عاهات 😑😑	1	0
ضِحكتها تعطي بالحسن مِية قصِيدة. #اليسا😍✋🏼 https://t.co/KCV5P5C1EU	0	1
صراحه يعني اجواء الـ #Christmas تجنن 🎅🏼🎄 احس عيدهم يوسع الصدر ☹️️❤️ https://t.co/MmJJOrym8w	0	1
استقبل مدير الجامعة ........ فازا بالمركزين الأول والثاني في مسابقة حفظ القرآن الكريم#اليوم_العالمي_للّغة_العربية	0	1
RT @BMA_6: #افضل_مباراة_تنس_شاهدتهافيدرر ضد جوكوفيتش نص نهائي فرنسا https://t.co/nT6mL7FPaI	0	1
RT @EHSANFAKEEH: قرقاش يقول: الإخوان وراء الضجة على #مصرونُشطاء يرُدّون: هل #السعودية منهم؟يكاد بعض القوم يفقدون صوابهم😂 😂 😂اقرأ👇🏻https…	0	0
@A_alkhulaify @MidoAlhajji جداً جميلة اغانيه بوب ديلان يوصف الفن الامريكي القديم ،، 💛💛👌🏼	0	1
RT @emad_AlMudaifer: هل هذا تهديد؟أم تبرير؟الإخوان المسلمين مصنفة كجماعة إرهابية في المملكة.. من يتعاطف معها أو يبرر أو يدعوا لها يطبق بح…	0	0
@Abdulkhaleq_UAE  شكلك تستهبل ياعبدالخالق بوتن !تريد من ثوار #سوريا الأبطال الإعتذار ع قصفهم للمحتل الروسي !!عجبا لإنسانيتك القذرة	1	0
الإرهاب نهايته 'مزبلة التاريخ'	0	0
طقطقه وتجربة حلوة 😍😍#mannequinchallenge https://t.co/xIaOZilFMX	0	1
جان أوغاسبيان ، وزير الدولة لشؤون (المرأة) رجُل في حكومة لبنان !! شف الاسم وشف المنصب ، موب موب عندنا (العرج) وماسك تماسيح وتولجوه نزاهة 😂	1	0
اوقات جميلة قضيناها بصحبة الدكتور محمد العوضيأثناء تشريفه لنا بزيارة جناح #دار_الفكر في#معرض_الكويت_الدولي_للكتاب https://t.co/3a26Yyfk10	0	1
@BBCArabic العرب صامتون صمتا مخجلا لا يقل خجلا عن صمت المجتمع الدولي..للاسف المال الخليجي اصبح لا يشتري المذاهب والطوائف فقط بل الصمت الدولي	0	0
@T77Sari شف التواريخ أنت مريض .. قلنا لك الروسي 💰وتشلسي مو فريقي أنا مع كونتي فقط.. يوفي ريال مدريد اللي اشجعهم.	0	0
عن ابن عمر رضي الله عنهما عن النبي صلى الله عليه وسلم قال: [ اجعلوا في بيوتكم من صلاتكم ولاتتخذوها قبورا ] #ريال_مدريد	0	1
بعد دقائق يتحدث حبيبنا دعبد المنعم أبو الفتوح على قناة الحياة عن رؤيته للاوضاع الاخيرة فى مصر ومسقبل البلد	0	1
فخورة بكِ يا صديقتي، ومعك دائما، حتى وأنتِ تغردين خارج السرب 💕#معرض_الكويت_الدولي_للكتاب#كتاب https://t.co/PeKs0f45tp	0	1
@amrmsalama @EGYPTAIR الشركة دي فاشلة جدا وانا مسافر قدموا الطيارة ساعة ومحدش بلغني ولا اتصل بيه خالص وعرفت بالصدفة	0	0
قالها جستن بيبر ؛ انا مو ولهان انا انا دنيا من الوله 🌚👌🏼	0	0
كانت حلقة بتجنننن وكلامك أكتر من رائع، ضحكنا أوي 😂😂 واستفدنا كتير بنصائحك 👌 الله يحميكي 🙏😘❤❤❤#في_بيتنا_ضيف… https://t.co/ky7s4uah7y	0	1
#اوعى_تنسى عاشوا رجاله وماتوا اسود :(	0	1
اللي داروه في #بنغازي حتى الصهاينة ما داروشي. الله يفتفتفكم 🙏🏻	1	0
في تضليل اعلامي ممنهج ؛ المتحدث العسكري يسمي ما يقوم به الجيش من تفجير وحرق ومصادرة لأملاك أهالي #سيناء ( أعمال قتالية ) …	0	0
@WAZJ81 @a4EaA6ogaKArvKT @hjab2030 @a_1k2 العصابة الوهابية تحارب جبهة النصرة وتركت جيوش المجوس تسرح في حلب ههههههه	1	0
د عبد المنعم أبو الفتوح: أبعث بتهنئتى وتحياتي الى شباب الثورة الذي مازال يدافع من أجل استمرار مسيرة الثورة	0	1
الى من الغوا عقولهم و قالوا ان فيديو القصاص مفبرك الفيديو الاصلي اهوايام ترشيح خيرت الشاطرلم ادعي في الحلقة ان مرسي كان رئيسا وقتها 1	1	0
سعيد بمجهود صديقي شادي شريف و فريق جمهورية تي في , ومبروك على البرامج الجديدة لابراهيم الجارحي و حسن حامد	0	1
@naji1290 @aliye2055 حزب حق نكت قال الله وقال الرسول حصله قصه مع الرسول حصله مع خديجه نفسي اعرف اش دريهم بالمواقف اللي تحصل مع الرسول	1	0
الإتحاد الأوربي قوي إقتصاديا ضعيف عسكريا مقارنه بأمريكا وبريطانيا وروسيا لكنهم رغم ضعفهم أجبروا أميركا وبريطانيا للتحالف معهم بحلف الناتو!	0	0
هو بس سؤال رفيع للإخوان: بالنسبة لرجال الأعمال اللي كان رئيسكم بيكلمهم بكل حنية ودلال مش دول برضه الفلول اللي صدعتونا إنهم بيتآمروا عليه؟	1	0
نشكرك تكلمتي بلسانا جميعا :)	0	1
@MarzouqAlghanimألف مليووون شكر لك يا كبير على تحملك نفقات نقل النازحين السوريين.يوم بعد يوم تثبت إنك أنسان و قيادي و محنك شكراً بوعلي 🌹	0	1
RT @M_R_Z_EHS: #عاجلالعبادي لـ #اردوغان : لسنا نداً لك وسنحرر ارضنا بعزم الرجال وليس بالسكايبي..قصفه الذيب✌😆😂😂😂#اردوغان_ألزم_حدودك #e…	1	0
#مباشر_من_رابعة|#ستبقي_حلب#شاهد طفل سوري يلقي قصيدة مؤثرة وهو يبكي فليذكر التاريخ .. أعداد الصواريخ .. تقتل... https://t.co/ZPZS9jikYz	0	0
#الحمدلله_علي #كل_حال	0	1
حسبي الله ونعم الوكيل 😥😥😢#بنغازي 💔	0	0
ما هى أفضل وظيفة فى الحياة ؟ ( مدير شركة - رئيس مؤسسة) ؟ لا والله أفضل وظيفة فى الحياة ان ربنا يشغلك عنده تدل الناس على الخير	0	1
"""#الهولوكوست"" أبشع جريمة في التاريخ الحديث!صوتي يا انشراح على اساس ان اللي بيحصل للفلسطينيين مش مكفيه …"	1	0
قلك #MannequinChallenge قلك.. دا اعلان شركة فليبس قديم وفنااااان 👌🏽 https://t.co/fJV8lnLgDh	0	1
أسال عن حالي ايه اللي جرالي..ولا لحظه ابدا انا هنساكياما ليالي سهرت الليالي ..شاغلني انت وهمي رضاك ....رامي عياش 😍😘 #افصل_واسمع	0	1
@iOtb__7 اخوي يشجع الارجنتين يتمنى خسارتهم اليوم عشان ميسي مايلعب	0	0
+ يا غزة انت فخر لينا #انتخبوا_العرص #ريتويت	1	1
#جهزوا_سواعدكم✌ يقبرني رب الله يللي خلقك ✔لبيك فخامة الرئيس الجنرال ميشال عون https://t.co/3It9hbLB9s	0	1
الشبكة زفت #فودافون #اتصالات #موبينيل	0	0
إمام مسجد سيدي جابر طلع علي المنبر و استقال و قال الأوقاف عايزاني بالعافية اوجه الناس لتأييد قرارات الرئيس في الخطبة	1	0
المرابطون في المسجد الأقصى الشريف نصرهم الله يحيون مولد النبي ﷺ: #ربيع_الأنور #المولد_النبوي #المالد https://t.co/Xt3C1TPsjm	0	1
ألمصريين أحرار !!!!!	0	0
خلاصة كلامي: خايف من انفراد فصيل سياسي بالسلطة؟ انضم لحزب ينافسه وابذل جهدك لنجاح الحزب في انتخابات مجلس الشعب القادمة والفرص فعلا متاحة	0	0
نجوم لبنان زيّنوا منازلهم بشجرة عيد الميلاد.. من الأجمل؟https://t.co/7aldqFp4RY#Christmas #ChristmasOnLDC… https://t.co/U6ZfSO5cOA	0	1
@hashim_m21 اذا انت موافق 👿😈تعرف حسابي على غوغل بلاسو لا تقول نعم و تبلبل فقط https://t.co/nmgJDh7S56	0	0
قال رسول الله صلى الله عليه وسلم (سيأتي على الناس زمان القابض فيه على دينه كالقابض على الجمر) #بكفي_حصار #اضبطوا_شركاء_المخلوع #اليمن #مصر	0	0
#الشبراوية_مع_الشرعية|#حاميها_حراميها الآن من مسيرة #شبرا_الخيمة بالجزيرة مباشر مصر #العز_بن_عبدالسلام	0	0
@moonnor27 بيض الله وجهك يا شمرية العراق و الله يكثر من امثالك 💚	0	1
@5a1di @spagov إذا زعلوا الدول الثانية بسبب كلام مواطن سعودي لا يمثل المملكة، فمع إحترامي لكن يسيرها فهم جهلة!شوف الإعلام الغربي( أكَلَنا)	1	0
بالتصنيف او بدونهكل لعبة راح تعامل نفس بوكيمونتأليف اسباب لمنعها بدون أسس واضحه او عدل في التطبيقالمشهور=يطبقالمهم لا يدرون عن Persona5😏	0	0
علاء الاسواني: رأيي أننا متحضرون لكننا نعيش في دولة غير متحضرة أقرأ المقال كامل	0	0
@nadinenjeim انتي رائعة ووين ما بتطلي بيكون في بسمة وفرحة ما إلها نهاية. #نادين_نسيب_نجيم #في_بيتنا_ضيف	0	1
انشلوتي: تدريب ريال مدريد تجربة مختلفة نادرة لا يدركها سوى من يعيشها حتى وإن كان الضغط عالي لمدة سنتين.	0	1
الله معك ياهوانا يامفارقنا حكم الهوا يا هوانا واتفارقنا ❤❤💞🎶#فيروز@Fairouziat	0	1
أيها الاخوان عرفت منكم شخصيات جيدة لكن نظام الجماعة يلغى تفكيركم تماماً مادمتم تعتبرون ان تلبيس مرشد الاخوان حذاءه شرف لكم لن تفهموا أبدا	1	0
عندما تغيب الدولة أو تعمل فيها عبده العبيط، تصبح القاعدة التي لا بد من إتباعها: من جاء ليعمل معك المعروف فافعل معه المنكر	1	0
RT @CHIVOS3: أمريكا أبادت الهنود الحُمر، ودمّرت السهول الخُضر، ولوّثت السواحل الزُرق، واحتلّت الأراضي الصُفر، ثم تصدقون أنها تكافح الإرهاب.	0	0
احمد الشيخ لو كان في الاهلي وجاب نص الأهداف اللي جابها مع المقاصه السنه دي كان زمانه أساسي في المنتخب!!!	0	1
من الاخر اى حد فيه الرمق من المعارضة يمكن ينزل انتخابات شعب او شورى بيتقبض عليه لغاية ما تخلص خارطة الطريق وبعدها ربنا يسهل	1	0
أيها الأصدقاء برجاء قراءة التعليقات ستلاحظون ان الذين يدافعون عن الفكر الوهابي هم الذين يشتمونك بمجرد ان تختلف معهم ما أبعدكم عن الاسلام	1	0
RT @AMY_Go1: #JASTA#قانون_جاستاتركيا صانت وحفظت الدين والأخوةأما مصر لم تصون المال والرز رغم الدين والصلة#في_بلادي_يوجد سيسي https://t…	1	0
صراحه اشكر اللي اخترع برنامج #اوبر ركبت مع واحد سيارته تاهو اسود يجلط من زينه ، ما كان ودي اوصل للمكان اللي ابيه من زينه	0	1
اشعر بالألم الشديد و نحن نعيش فوضى لا أخلاقية و انحطاط في المبادئ و القيم و صدمة ممن كنا نعتقد أنهم بصدق علماء و دعاة	0	0
@ZnDn13 اعرفلك نادي بيهبط و بيتجرد من ٥٤ لقب كلها زور و ظلم 😂😂 اقصد ريال مدريد الانجليزي 😜😜	1	0
#ماذا_لو_المدارس_مختلطهكان طلعت لنا أجيال سليمة نفسيا وأخلاقيا..بعيدا عن الشذوذ والتخلف.	0	0
يابوب ارجع محتاجينك بجد #ارجع_يا_بوب	0	0
معلش بقى لا #النور ولا #الاخوان ولا الكلام الفاضى دا كله، لو هنقول يا مواقف يبقى الحمد لله على نعمة #حازمون و الشيخ #حازم_ص…	0	0
كل الأطراف تتحمل مسؤولية مجازر حلب سواء الجيش العربي السوري او الجيش الحر او جبهة النصرة كل ولاد الوسخه استخدموا المدنيين دروع بشريه	0	0
الممثل الاستثنائي روبرت دينيرو بأسلوبه الخاص يغسل شراع دونالد ترامبhttps://t.co/yuXbkE461Y	1	0
RT @xEmDGsvITGz6UEW: تطاول #اردوغان على #العبادي هي ليست اهانه لل #العبادي فحسب بل اهانه للعراقلأن #العبادي_يمثل_العراق شئنا أم أبيناتوح…	0	0
في جولتي اليوم بمدينة بدر أسعدني بشدة لقاء المواطنين من عمال المصانع الذين يمثلون قاعدة عمالية حقيقية تسهم بشكل فعال في تنمية الدائرة	0	1
@ssmmaa5451 @anawld_89 @Abode_abo3ida @i_turki90 لعنبوبليسك شدخل كيم ؟ على فكره كيم وخواتها الاعلام الغربي مقطعهم تقطيع وادخل صفحاتهم واقرا	0	0
1957 - إلى أبد الآبدين #وفاء_لجبران #جبران_تويني	0	0
@bodler15 لو أصلا المجتمع الدولي يعرف العيب ؟هو مجتمع قمامات وقاذورات	1	0
هنا في مدينة تصمد..تبدأ من جديد دائمآ .. تنزف وجعآ وتبتسم.. قتلونها وتحيا..يهدمونها وتبنى..عيش أنافي مدينة لا تعرف الإستسلام#بنغازي	0	1
RT @ALAMAWI: “الكذاب” بشار الأسد: لم أرتكب أي فظاعات والشعب يؤيدني وأنا لست سوبرمان “فيديو” https://t.co/gC56botUmx https://t.co/GfQgMYkixI	1	0
أنا كتبت النهارده في المعصرة أشهد لك بالفضل إنت والشباب اللي معاك في نزولي يوم خمسة وعشرينشكرا ياخالد ياجميل	0	1
RT @DRBARCAWY: #ميسي قليل أدب المدربين يحطون خطين دفاع وهو يضربهم بتمريره وحده ،، https://t.co/ihaZccq3jS	1	0
@Yaqoobzz حاليا نوفاك قبله نادال قبلهم فيدرر الافضل على الاطلاق	0	1
شباب الحملة ناشط في كل محافظة من أجل مصر المستقبل بارك الله فيكم معاً سنغير	0	1
السباحة إزاى السياح ييجوا و محافظ الأقصر إرهابي	1	0
#اعتراف انهرده كان يوم عالمى وكله بان على حقيقته	0	1
RT @putinarabia: لافروف:سنضرب الاٍرهاب في #سوريا .كيري:ربما نضطر لدعم المعارضة!لافروف:إذا ستخسرون مالكم فقط لأننا سندمرها!كيري: تقصد أمو…	0	0
#ياعرب_الشر_اقترب روسيا كشفت عن وجهها القبيح امام الجميع ودعمت الكفار ضدكم وعجبا ان منكم من يساندها	1	0
سبحان الله حتى اليهود ثاروا ضد التقتيل الذي تمارسه روسيا و بشار و إيران المجوسية و العرب مبلطين أمام التلفزات لمتاب… https://t.co/y0IhT1xCHa	1	0
للسنة الخامسة على التوالي ستنطلق باذن الله (حملة دفء) لاغاثة النازحين السوريين في لبنان ويضاف اليها هذا العام... https://t.co/aBmd8ob7LC	0	1
RT @YSalfaisal: ويقولون الوهابيه شوهوا الاسلام، انتم الكافر لاشاف فعايلكم حمد ربه بأنه كافر. https://t.co/UzGfH5bxl3	1	0
يشترط لكونك مذيعة تقدمين #مهرجان_القاهرة_السينمائي أن ترتدي فستان بدون كتف أيمن...!	0	0
أغيب هذا الأسبوع لا لتحضير مفاجأة ولكن للتركيز في موضوع معقد التفاصيل :)	0	0
جوائز والقاب نادين نسيب نجيم 👑تستحقي كل جائزه وكل لقب وتستاهلي الاكثر و اتمنى لك التوفيق بأعمالك الجايه💕… https://t.co/XSIadAzC8x	0	1
كنا في احتلال اليهود ل #فلسطين و الآن أربع عواصم  #عربية محتله من #إيرانليتنا بقينا على واحدة ولم نفرط في اربعه.	0	0
RT @aboalhodaalhoms: تصوير جوي للدمار الهائل في حي المشهد بحلب اثر الغارات الجوية المكثفة التي استهدفت الحي أوصلوه الى كل مؤيد على استمرار…	1	0
إعلان الدم الدستورى بمجرد أن انتهت قوات الجيش والشرطة من مذبحة الحرس الجمهورى	0	0
تقرير ناري #الجزيرة تفضح علاقة #وزير #الداخلية بالبلطجي صبري نخنوع _	0	0
@ahmed_Nagy33 تعيش يا سيسي	0	1
مقتل أمين عام هيئة علماء #ليبيا الشيخ #نادر_العمراني بعد أسابيع من اختطافه https://t.co/gzz5u0FJIL #اغتيال_الشيخ_نادر_العمراني	0	0
#شاهد بشكي همه للغنم بلكي فهمت عليه قبل البشر .70 عاماً وما زالت #فلسطين محتلة .!ومشهد يعبر عن حالة الزعماء تجا… https://t.co/j1UtlcOeu8	0	0
RT @AbdullahSBuKham: وبعد نسيت اقولكم، قبل ٧٠ سنة كان الوضع عندهم #اختاه_موتي والحين المرشح الأقوى لقيادة البلاد هي #اختاه هيلاري كلنتون.	1	1
اعلام العار خيرى وباسم ولميس ركزوا سخريتهم ان مرسي نحس انهارده الاتقلاب ما بيفوتش وكل يوم مصيبة اكبر من الى قبله	1	0
#حلب_تبادكل ما تفعله ايران للوصول للسعوديه تملك خلايا في الشرقية و القطيف كبيره جداً دمرت سوريا و العراق و الآن اليمن حاصرونا بكل اتجاهه	0	0
إلى أحمد الشحات البطل الشعبى الذى أحرق علم الصهاينة بعد أن دنس هواء مصر 30 عاما: ارفع علمك فوق أنت مصرى يا أحمد المصرى يا أحمد العربى	0	1
RT @ttkw_: محمد ناصر: بعد فشل الإنقلاب بتركيا على أردوغان .. عقبالك يا مصر . https://t.co/6eeAhawxvW https://t.co/vqCnhDY4Kc	0	0
كيري من استلم الخارجيه لامريكا وهو قالب راس العبد الغبي اوباما ، وصار تعجيل اجتماع 5+1وكان كيري نشط مستعجل لفك الحصار عن طهران والتقرب اليها	1	0
RT @m6rwan_: ميسي يضيع بلنتي وينكبهم ويطير اللقب وماسكيرانو ينكبهم في مبارتين ثم البرشلوني يحطها في راس الضعيف هقواين💔	1	0
من قايل لجراح الهبيده انك حلو ؟ والله يا معطي نفسه وضعيه جستن بيبر بسنابه 😂	1	0
4) إلا أن تركيز السلطات التشريعية والتنفيذية بين يدي الرئيس مرفوض ويثير المزيد من المخاوف بشأن احتكار السلطة من جانب فصيل واحد	0	0
"فرنساالقضاء الفرنسي يدين مديرة صندوق النقد الدولي كريستين لاغارد بتهمة ""الإهمال"""	0	0
#ميدان #Midanأهالي #حلب يكتبون علي ما تبقى من جدرانها  قبل رحيلهم عنهاراجعين يا #حلب #عائدون #ستبقى_حلب… https://t.co/TFgcvEOqd5	0	0
تجاوز الحل السياسى واللجوء للحل الأمنى هو فشل للسلطة، واستهتار بالدماء على السلطة منع إراقة دم أى مصرى سواء كان معتصماً أو رجل أمن	0	0
RT @barca1yousef: هذا وضعكم بدون ميسي يا تافهين يا عاهات	1	0
"#بساط_أحمدي لا تندهش إذا صادفت في سورية متثيقف له مريدين ، .. عفش"" بضعة كليمات ومعلومات ثقافية من عمك "" غوغل""... https://t.co/G3Djor4iNL"""	1	0
سيسي الرز #مسافة_الكذبة	1	0
هذه منظمة #الأمم_المتحدة، ما جدواها؟ مجرد متفرج وشاهد على الاجرام دون إدانته، حسبنا الله ونعم الوكيلhttps://t.co/KW8zFveJoU	0	0
@its_NBA @ssrg90 كلام سليم	0	1
@JarirBookstore طلبته من ابل قالوا ممنوع نشحنه خارج امريكا، واضطريت أطلبه من امازون، متى يفتحون فرع ابل عندنا ونفتك من جشع هالحراميه!	0	0
تجديد حبس #ياسر_علي متحدث رئاسة #المعزول 15 يوما في قضية التستر على #هشام_قنديل| ياااااه وحشتونا ووحشتنا نوادركم …	1	0
#حمدين_صباحى بيقول برنامجة هيتحقق في ٩ شهور ، بس مقالش هيبقي طبيعي و لا قيصري و في مستشفي اية !!!! الرحمة يا رب	1	0
كلمة موفقة لأمير #قطر السابق في تأبين #فيدل #كاسترو #TributoaFidel  https://t.co/5OjmVdVjNH	0	1
بشار الأسد يرفع رسوم ” الإقامة ” في سوريا ! - https://t.co/bmCY2fOEJe https://t.co/lZ0BPViXUZ	0	0
لو تفتح  عمل الشيطان . #ماذا_لو_المدارس_مختلطهوالحمد لله أنها ليست مختلطة  العقول هي المختلطة	0	0
#القدس _ في _ خطر	0	0
"135 مليون جنيه إجمالى خسائر الشركة نتيجة غلق محطتى ""السادات والجيزة"" حتى الآن! #انتخبوا_البرص"	1	0
RT @FCBW_A7: إيمري كولاك (ديبورتيفو) : أردا توران مثل أخي و هو قدوة بالنسبة لي ، ميسي الأفضل و انا مُعجب به كثيراً	0	1
سعدت بلقاء أهالى المنصورة و فخور بأعضاء حملتي بالدقهلية الذين اتاحوا لي هذا اللقاء ورتبوا زيارة الكنيسة ولقاء القوى السياسية	0	1
ده تسيب #انتخبوا_البرص	1	0
"@gassar444 @Ksa8882Ksa2888 @shahiad511 @ALAMAWI #داعش يقاتلون جبهة النصرة والقاعدة وطالبان وغيرهم بعد أن قالوا عنهم ""كافر وزنديق وابن حرام"""	1	0
اللهم أرنا في بشار واعوانه عجائب قدرتكاللهم انصر اخواننا المستضعفين في حلب#المجتمع_الدولي_بين_الصمت_والخذلان	0	0
"الدين الاخواني بتاعكوا مافيهوش "" لا يسخر قوم من قوم عسى ان يكونوا خيرا منهم"" احنا المسلمين عندنا كدة ف…"	0	0
نشر الخرفات هو من اختصاص الاعلام الغربي ... يريدون فرض تصور غير واقعي  ... https://t.co/HC3HewtGC3	1	0
رامى عياش عملى لايك على اغنيته 😍🙌 https://t.co/TbFxcQlmfQ	0	1
@Abdulkhaleq_UAE على إساس هيلاري كلنتون من شعب الله المختار كلهم كل واحد ألعن من الثاني	1	0
RT @movies_popcorn: تصدرت المغنية سولانج نولز أخت النجمة الشهيرة بيونسيه قائمة بيلبورد 200 الأمريكية الأسبوعية لأول مرة بأحدث ألبوماتها إيه…	0	1
1 تم الاستماع إلى أقوالي اليوم في البلاغ المقدم من أحد المحامين، وليس من قضاة، ضدي في ١٧ يونيو ٢٠١٣ بزعم أن إحدى التغريدات بها إهانة للقضاء	1	0
RT @alwalqi_: لسان حال افراد #المقاومة_الجنوبيةحنا معك يابو فهد عز الاسلام حنا معك وانته تقود المسيرهمهما حصل قدام قدام قدام احوالنا و…	0	1
RT @hatha15: الحمد لله على نعمة الهدايه لاحظوا الفرق بين الحق والباطل#حميدان_التركي #السعودية_الامارات #حلب #العراق https://t.co/goCoIxsKZV	0	1
@Emma_R94 نوبة كم انتي مذهلة اوه ماي قاد 😂😂😂تخيلتك هاري بوتر	0	1
RT @MuHammaDBakkar4: فيصل القاسم: لماذا يستعرض بوتين إس٣٠٠ و٤٠٠ وباقي اسلحته فقط في سوريا ولانرى هذا في العراق ؟لأن تدخلها بسوريا هو بمواف…	0	0
"لوانطلاقا من الموارد اللا محدوده و العزم والإصرارآري انه لو اهتم المجلس العسكري ب""الزبالة"" اهتمامه بال""سفاره"" لتطهرت البلاد يتبع"	1	0
#جبران_تويني بعدك معنا ،فالأبطال لا يموتون 🌿	0	1
ناقصه الزعيم عادل إمام #مهرجان_القاهره_السينمائي	0	1
احياناً جوجل مبيفدنيش عادي جداً	0	0
ألا يعلم الوزير المتدين أن الكذب حرام، وأن الله لن يقبل صلاته إذا كان كاذبا	1	0
@ALSARIM111 @zomali700 @LeinaAlhazmy @al_watanQatar تلاقي القردوغان او رئيس فرنسا او اي حمار قايم بنيكها مكان الخول حمد	1	0
RT @TheAdsila: احس جستن بيبر ريحته صنان	1	0
صباحية شعرية للجبهة الثقافية لمواجهة العدوان بمناسبة المولد النبوي الشريف https://t.co/Mwrk2JWSZY https://t.co/YZdUWyWDPq	0	0
ريال مدريد متصدر بفارق 6 نقاط عن الوصيفتـشيـلسـي متصدر بفارق 6 نقاط عن الوصيف.عقبال الهلال يا ررررب 💙	0	1
رموا على جمعه وجابو خالد الجندى الاحتفالات الدينية حرام على مرسي حلال للجيش	1	0
#ايقاف_امداد_مصر_بالنفط تلميح واضح لمصر عبير الخليج يشتمون خير اجناد الارض بسبب موقفهم من الاٍرهاب https://t.co/za51bjX9EW	1	0
بعد جلسة الجمعيه العامه للامم المتحده من اجل مساعدة ارهابيي جبهة النصره في حلب والاستماته في اخراجهم منها نستطيع القول العالم يتكلم ارهآب	0	0
||||   https://t.co/sZNhnMs6x3  ||||#مكوة  #خنيث #فض #أغتصاب ا#خلفي  #بزاز    #فلسطين #القدس	0	0
RT @AlmightyWesker: #اغبي_سوال_كتبته_بقوقلما أكتب أسئلة غوغل استخدمه غالبا لإيجاد اغاني ما اعرفهاأكتب جملة لقطتها من الاغنية وهو يطلع لي…	0	0
صورة بدون التحية الى #كيري#تعزرغم سريان الهدنة المعلنةشهداء مدنيين جراء القصف الذي تشنه مليشيات الحوثي وصالح... https://t.co/ZXXkOiGvlh	0	0
في وجود الببلاوي الفاشل تزداد معاناة المواطن في #مصر بعد حادث قطار دهشور #	1	0
#انقلاب_مصر #الفيوم|25-4-2014 #حاميها_حراميها	1	0
RT @hadeelOueiss: أوباما سمح لبوتين بتدمير سوريا بسلبيته وضعفه.. دونالد ترامب سيكون فاعل في تدمير سوريا الى جانب بوتين انطلاقاً من حقده ال…	0	0
لا زالت مستنداتى الرسمية التى تدل على انك حرامى وسارق تطاردك فى منامك، ولا ولن تستطيع ان تواجهها	1	0
#قناة_المنار قوات حزب الله تنفذ إعدامات بحق عدد من المدنين السوريين النازحين  في #حلب_الشرقية #سوريا https://t.co/48PC9m5JuZ	0	0
RT @tarekhoms41: يارب إنهم عبادك ليس لهم سواك يالله يارب لاتنسوهم من دعائكم #حلب https://t.co/w6O9pz45d3	0	1
#عبد_الرحيم_علي: اسألوا #البرادعي عما فعله في #العراق #البرادعى_طلع_جاسوس #باسم_طلع_حرامي #تخابر #خونة	0	0
RT @ajmubasher: #أوباما : على المواطنين الإسراع في التسجيل في الانتخابات التمهيدية وإعطاء #ترامب درسا قويا	1	0
ريال مدريد - كلوب أميركا، نصف النهائيالساعه ١/٣٠ الظهر هلا مدريييد ولاشيئ اخر ❤️❤️❤️	0	1
RT @al_ngashi: أعجبني فيديو @YouTube على https://t.co/tvoNVmFeVF قطيش: قتلة حلب يستنكرون مجزرة صنعاء	0	0
99% من منتقدين هاري بوتر ما شافوه وال %1 مجرد حشرات لا يستطيع اي شي تطهيرها	1	0
@malak_alhusainiملاك والله اني اكثر شخص أشارك معك بس ابي ايفون لكن حظي ماش وانا اخوك	0	1
لا احا بجد يا سيسي موصلتش لكده https://t.co/qRE4kIQR5H	1	0
@Havana_H سين ياصاحب القلب الجميل .. غريب منك ماهنيت سيدة الغناء #فيروز  يوم ميلادها ...	0	1
المسلمون يؤمنون ان المراة لاتقود امة ومع ذلك يتمنون فوز هيلاري كلنتون وكلاهما اشد  اعداء الاسلام	1	0
قال رسول الله ﷺ(من اقتطع حق امرىء مسلم بيمينه، فقد أوجب الله له النار . وحرم عليه الجنة) رياض الصالحين #ريال_مدريد	0	1
الطريق الى جماعة الاخوان المسلمين الارهابية #الاخوان_جماعة_ارهابية	1	0
RT @Yasseeeer_H: #افضل_طقم_لروجر_فيدررحرام أذكر طقم واحد ، أطقم كثيره حلوه و كشخهودائما الأحمر أجمل على #فيدريروهذا الطقم جدا عجبني ا…	0	1
٢- صعدنا الاولمبياد خطا الحكم خليل جلال و بناتي غير صحيح لصالحنا ضد كوريا الشماليه ٣ خطا اداري كسبنا العراق بعد مالعبنا و خسرنا يتبع	0	0
الصبح لما بيجى عليا ببقى حاسس بانتصاار الليل يعدى عليا وانا واقف ف انكسار ومابينهم عزيمة وقرارات بتضيع ع اخر النهار #وسط_البلد #كراريب	0	0
هذا الطفل أصبح حديث الاعلام الغربي اليومين الماضيين ، براڤو!https://t.co/ucxki7376S	0	1
#الاخوان_جماعة_ارهابية يجب التضييق على اخوان الخليج فهم اذناب للتنظيم الدولي للاخوان ولا يقلون خطوره عن اخوان مصر	1	0
إسرائيل احتلت الجوﻻن و عينت جيش و ثوار موظفين في دمشق و غوطتها إسرائيل لا تقصد حافظ اﻷسد و بشار اﻹبن في حماية إسرائيل تريد علمانية و تغلب	0	0
سواق ميكروباص مؤدب	0	1
سهرنا يا ليل 💕🎵🎶 #اليسا	0	1
@rterdogan_ar لا بغيت توقع اتفاقيات وقع مع داعش لا توقع مع القرود زين يا روح امك. https://t.co/6xSg1wmuyf	1	0
اليوم عيد ميلاد الدكتور البرادعي الثورة المصرية تمر بلحظة حرجة الثورة تنتظر منه ومنا الكثير كل سنة وانت طيب يا دكتور محمد الثورة مستمرة	0	1
ريكي مارتن تزوج صاحبه السوري 😳😳😳؟ ياعيب الشوم 😤👊 البلا يفكرون يتبنوّن طب اذا كبروا حولهم كل الناس اب وام الا انتم اب و اب شلون تقنعونهم 🌚💔	1	0
_ 25 # تدعون للدين وتنشرون الأكاذيب، لم أكن أبدا عضوا بالوطني انتم تتاجرون بالدين	0	0
فضيحة من العيار الثقيل لواء شرطة يفضح استعانة الشرطة بنخنوخ والبلطجية #مصر	1	0
"بعض خريجي #الأزهر ""يخرفون"" في خطبة الجمعة #أخبار #مصر"	1	0
"قناة PressTV الغربية : ملخص حرب #السعودية على #اليمن  بعنوان ""السعودية حقاً في ورطة"" https://t.co/23u7VavQvb"	0	0
الله يحمي هالعيون 😍🙏💗 @nadinenjeim #nadinenassibnjeim #nnn #star #actress #نادين_نسيب_نجيم https://t.co/NXZIIxw68t	0	1
@malak_alhusaini يااااارب افوووز من رمضان أشارك معك ملاك ومافوز الحين متفائلة راح تفوزيييني😊😔	0	1
@drMkmo5 من غير المعقول أن تظهر بريطانيا العظمى احترامها لمناضل قومي يسعى لتحرير بلاده من المحتل إلا أن يكون ظلاً لهم يسعى لمصالحهم	0	0
#اليمنية| تدشين مشروع توزيع المواد الاغاثية لأكثر من 5 الاف اسرة بـ #لحجhttps://t.co/bvShVVb2Sk#التحالف_العربي_سند_اليمن	0	1
لا والله كنت بكره الواد الخول ميلفوي ده وكان بياخد في طيزه من هاري بوتر في أي حاجة ينافسه فيها https://t.co/S7l1FqLijn	1	0
الاعدام ل #صغار_الخنازير #بديع #المرشد #الاخوان #المنيا #مصر #السيسي	0	0
مكتوبه ليك ،،موعوده بيك من قبل ما تقابل معاك 💕  #استمع الى ”مكتوبه ليك“ من اليسا على #أنغامي https://t.co/MrlX1CMijc  #اليسا 🎧🎼🎤	0	1
RT @caors_1: نحن مع مصر بالطبع مصر لن تركع مهما حاول السيسي في ان يجعلها تركع لروسيامصر لن تركع يا سيسي   #مصر_لن_تركع	0	1
RT @d_k2016: سلامي للرئيس عمر البشير #السودانوسلامي للرئيس اردوغان #تركياانهم الوفاء يا سادة بلا سيسي بلا بطيخ #مليارات_العمره_علي_هوي_…	1	0
RT @AlArabiya: آية قالت إنها كانت في البيت عندما انهار جزء من السقف عليهم نتيجة القصف#العربية #سورياhttps://t.co/AJbAMcM2SM	0	0
حين يكافئ من تفوه بعبارات كراهية وعنصرية ضد المسيحيين بتعيينه في لجنة الدستور و حين يخرج من مزق الانجيل بكفالة فلا تندهش مما يحدث الان	1	0
إشاعة الأمل أبرك من الهري ونشر المعرفة خير من الإنسياق وراء قنابل دخان الإعلامولن يضيع الله دماء الشهداء إذا ظللنا نتمثل سيرهم وأحلامهم	0	0
عمرو موسى يقر بفشل الجامعة العربية! - https://t.co/Ay1xy08hxq https://t.co/lHeajEIig7	0	0
فرص دي بروينه تزداد للمشاركة أمام برشلونة https://t.co/pgmruOToAm	0	1
#المجد_للمبتسمين_صباحا	0	1
قسم الشهيد النائب جبران تويني - ذكرى انطلاق ثورة الأرز - YouTube#وفاء_لجبران دفاعاً عن لبنان العظيم https://t.co/mKpk6vb3Pp	0	1
يا من سرق قلبي مني يا من غير لي حياتي يا من احببته من كل قلبي يا من قادني الى الخيال #عشنا_وشفنا #الرياض	0	0
مشاهد مذابح 6 اكتوبر دارت حول العالم وأى أكاذيب او تمثيليات للانقلاب لن يصدقها العالم	0	0
#مصطفي_حجازي هيترشحلا ده بتاع #البرادعي#احمد_شفيق هيترشحيبقي مش عاوز استقرار للبلدطيب #السيسي يأخدها بالتزكيةلا هيبقي شكلنا وحشعابوكم	1	0
أوباما: تصريحات ترامب مقززة وتمثل اعتداء جنسياً #تونس https://t.co/Gkbt6XgAk2	0	0
تألمت كثيراً ورغم جميع أوجاعي بقيت بوجه ضاحك وقلب يحلم بالسعادة 💕 جبران خليل جبران @nadinenjeim  #nnn #star… https://t.co/cI2ZjVYeNN	0	1
لان الجيش السوري يبيد #حلب، الاهالي في الاحياء الشرقية يطالبون بنقلهم الى مناطق تخضع لسيطرة الجيش العربي السوري#بحبو_يتعذبوا #حلب_تحررت	0	0
يارب عونك ونصرك ورحمتك قبل كل شيء لسكان حلب ،، يارب ارحم ضعف صغيرهم وشيبة كبيرهم وفجع الثكالى والمقهورين 🙏	0	1
سبحانك يالله وفي ساعة المطر تستجيب لدعواتنا،،، #عادل	0	1
@othmanmhmmadr سيسي مايع اكترمني.. اناسوريه ولكن تمنيناان ينقذناجيش مصر. انماجيش مصرطلع بالمعتوه رئيس	1	0
RT @cvviic: معتقدات شيعيه رافضيه ليست من الأسلام بشي #شرك_الرافضه_في_عاشورا https://t.co/kuWTKx0YVE	1	0
الرئيس ميشال عون: مناورات قام بها سياسيون لبنانيون لمنعي من العودة من المنفى. وتدخلات من قبل وزارة الخارجية الفرنسية لإبقائي في فرنسا.	0	0
#سوريا_فى_القلب الله ينصركم يارب ويشفي صدوركم	0	1
في ناس بنشوفها بالالوان وناس جواها مش بيبان وناس اسود وناس ابيض وناس محتاجه بس امان #صلاح_جاهين	0	0
#الحقيقة_مباشر_مصر|#انقلاب_3يوليو السيسى المتخابر لخطف أول رئيس منتخب يستعين بحلفائه لدعمه بالسلاح للتصدى للإسلاميين	1	0
السنين الحلوه بتعدى قوام و آنتآ آسمك فى آلتآريخ بالنور مكتوب #أبو_تريكة	0	1
"فيلم المسابقة الرسمية ""#ميموزا"" مُهدد بإلغاء العرض اليوم#مهرجان_القاهرة_السينمائيhttps://t.co/u6dEQ5pjou https://t.co/Hye2wFGHB7"	0	0
أعلنا اليوم تأسيس حزب الدستور الجديد في جو مليء بالحماس والتفاؤل وفقنا الله لما فيه خير الوطن	0	1
ريكي مارتن يعلن خطوبته من السوري-السويدي جوان يوسف ، يعني شنو طلعت طول هالفتره متخرفنه على قاي 😭😭😭😭 يع برجع https://t.co/wfT3dR8Ixv	1	0
البرادعى شريك الانقلاب يهاجم الجيش والشرطة والحكومة والاعلام ويصفها بالفاشية ضد قيمة الحياة الانسانية والتوافق الوطنى لن يفلت ايضا من العقاب	0	0
#جبهة_شعب_مصر#جبهة_تحيا_مصريخرب بيتك يا قردوا#الناتو: ضباط أتراك في الناتوطلبوا اللجوءفي دول خدمتهمhttps://t.co/sbjn74PbSv	1	0
الانتخابات ألأخيره كانت بين اختياريين كلاهما مر !	0	0
العصابة الموجودة في سجن طرة لا يزال لها رجالها وأموالها خارج السجن وتدير عملية الانف	0	0
ريكي مارتن .. صام صام و افطر ع بصلة	1	0
@putinarabia بوتن متحوث يا قدعان تف عليك وع بوتنك الكلب 😂	0	1
أتوقع.. أن فازت هيلاري كلنتون فلن تنتهي فترتها الا بفضيحة جنسية (قديمة)فمونيكا (اليهودية) مافضحت كلينتون الا بعد سنتين@mesfrah84	0	0
#تغطية_خاصة | الإعلامي اليمني طالب الحسني:التوقيع على خطة #كيري و #ولد_الشيخ يعني التنازل لا بل والخضوع للمسار السياسي #العدوان_السعودي	0	0
اخرجو الأجانب من #اوبر #كريم لكل سعودي شريف الرجاء التفاعل مع هالحساب @uber_creem #الدمام#الرياض#الخبر#جدة#اتحاد_اوبر_كريم	0	0
RT @ph5f5: الي يقول الارجنتين بدون ميسي تستطيع الفوز و منتخب يملك نجوم  و لاعبين كبار؟ معقوله مباراتين ، و جميعها مستوى اسوء من السيئ ، اين…	0	0
عايزه اعمل مجتمع ربعاوى بعيد عن الفلول و اللى عايزهم #فلول # شعب بلا اخلاق #ستحاسبووون	1	0
فنان جميل ومحبوب  #عادل_امام	0	1
RT @mstr_federer: @fed89erer عالم الكرة الصفراء كان يتيماً حتى جاء فيدرر و اخرج جمال هذه الرياضة للعالم	0	1
RT @abdou_m0: *بيصور مسألة من ع البورد*= لو بتصطاد بوكيمون هشيلك المادة	1	0
المجتمع زي الرصيف وسخ و عايز يتكنس في ناس بتعرق عالرغيف و ناس بتعرق من التنس #دينا_الوديدي	1	0
لايمكن لانسان ان يقبل وضعه مع الانقلاب لأن الانقلاب يتعامل مع معارضيه كحشرات يضربهم بالرصاص والغاز والمياه تماما مثل الحشرات	1	0
سولو تاي بيجيب راسي عارفه، جونقكوك احس مود جستن بيبر يعني مدري تخيل مافيه نوتات عاليه بقتله	1	0
الدراما المصرية في تقدم مبهر مسلسل #نيران_صديقة راااائع جداً جداً	0	1
٧ بعض الحضور في المنتدى من المصريين المؤيدين لجماعة الإخوان هاجمني وانتقد آرائي، ولكن دون تطاول أو عنف لفظية	0	0
كلينتون انا صارت رئيسه فاسياسه اوباما هي سياستها وترامب مثل بوش الافضل مانتعب انفسنا بمتابعتهم كلهم اعداء للامه الاسلاميه نسال الله يكفينيهم	0	0
ودي البس عباءة الإخفاء حقة هاري بوتر واروح اعيش يوم مع اللي احبهم اشوف كيف يقضون يومهم واشوف ما وراء الكميرا .😩	0	1
ورضيت أعيشلك انت يا حبيبي كفايه ان انت حبيبي #عمرو_دياب	0	1
في موسكو ...إشتري 4 بكرات ورق لامؤاخذه (تواليت)و إربح رحله سياحيه لفردين ل (مصر) ... #تحيا_ماسر https://t.co/QSDLaFEvqL	1	0
""" مسيرة جت من #التحرير في #طلعت_حرب وصلوا ميدان طلعت حرب وبيهتفوا بحماس جديد يا غراب يا معشش #انشكاح"	0	0
الحشيش حلو مفيش كلام #اه_والله	0	1
RT @bosarh5: ريال مدريد ..والله واحشني موترغم ان القادم صعبالا اني اعد الايام والدقايقلـ شوفة ..	0	1
#اليمنية| #الميليشيات تنهب بطانيات النازحين في #ذمارhttps://t.co/UKu6EJUzcW#التحالف_العربي_سند_اليمن#جنود_التحالف_سند_لليمن	0	0
"ترامب شخصية لا تصلُح لرئاسة دولةالرجل لايملك ""كاريزما""  الرؤساءاما هيلاري كلنتون واضح انه (بنت رجال ) وعندها نز… https://t.co/mvCjakWd15"	1	0
يلي اغتال الشهيد جبران تويني هو يلي طنش ويلي وزع بقلاوة شو بقي من قسمه بس متاجرة فيه	1	0
دونالد ترامب خنزير ؟ عاد هذا بالذات حتى لو مو مانشستراوي يبقى خنزير !#امريكا#دونالد_ترامب https://t.co/8SSxSEZshC	1	0
هولاء ال سعود الصهاينه عدوين الاسلام والمسلمين يستاهلوء ستين صاروخ https://t.co/JvLu2Nny8c	0	0
ادين مثل باقي المصريين جميعا الاعتداء الهمجي علي الاستاذ خالد داوود بواسطه انصار الاخوان الارهابيين الثوره ستنتصر علي الارهاب	0	0
RT @alaanoor2010: #في_بلادي_يوجدناس غلابه بتصدق احمد موسي ولميس وجوزها الاقرع ناس بتصدق ان السيسي بطل وان اوباما بيخاف منه وان اسرائيل بتت…	1	0
@TRTalarabiya يا اردوغان انت عبارة عن كل نابح . اعلم يا هذا بان العراق العظيم لا يمثله المهزوز العبادي وانما يمثله السيد مقتدى الصدر	1	0
#روسيا_تقضي_على_حلب اللهم أقف الدماء بعروق بوتن المعتدي و جنوده و بشار وزمرته و بملالية إيران وأعد أمن سوريا والعراق واليمن وليبيا ياكريم	0	0
"""إنما المؤمنون إخوة ""علي شعار رابعة خلفية الزعيم #أردوغان في منظر ولا أروع #مرسي_رئيسي"	0	1
RT @RTarabic: #تسريب جديد لـ #هيلاري_كلينتون تتهم فيه #السعودية و #قطر بدعم #داعشhttps://t.co/5mPJrXSvhO https://t.co/hXzirZab0r	0	0
شاهد روبرت دي نيرو يهاجم دونالد ترامب و يصفه بالخنزير - بوابة التقنية	1	0
بالصور كارثة عقارية جديدة بالاسكندرية عقار جديد يميل بدرجة 10 سم و يهدد العقارات المجاروة	0	0
إن ذكر الرحمن يُذهب الأحزان #أحبك_ربي	0	1
فيديو خد ياض خلاص روح ياض الاسبوعي https://t.co/eUSEFOInjA	1	0
يسألنيوش رايك كيري جاء للسعودية مُهرولا؟أجبتهما فعلته دول مجلس التعاون في قمة البحرينكان ضربة معلمإعلان التحالف مع بريطانيا أيقظ أمريكا	0	1
اللي ضد تطهير الداخلية هو مرسي وجماعته وماحدش منعهم عن دهوياريت تورينا شطارة نقدك على كذب الرئيس وجماعته وفشلهم الذريع	1	0
الى الشيخ احمد الطيب انا مسلم سنى وانت لا تمثلنى احترم الازهر لكننى احتقرك جدا	0	0
@karihalkhwarij @Islam__Muslim مطلوبين دولياً ، أليس الأولى أن يكون بشار الأسد المطلوب رقم واحد ، لو أن المجتمع الدولي عادل بالأساس .	0	0
ادعوكم لقراءة مقالة رائعة كتبها آصاحبي محمد يسري سلامة من ٩شهورعن مغبة شيطنة الميدان من اباخوان والتي ستنقلب عليهم	0	1
@77722244 @AlArabiya سبحان الله #واشنطن نسيت دمار #العراق و #الصومال و #افغانستان و #ليبيا	1	0
برلمان مشكوك في شرعيته سينتخب لجنة نصفها منه أي غير محايدة لوضع دستور لمصر وليس للأغلبية الدستور مصدر السلطات وليس العكس المتاهة مستمرة	0	0
'دانييل رادكليف' (هاري بوتر ) لما حب يبعد عنه المعجبات 😂😂✋قمة الشبحنه والله 😂😂 وشوف الحلقة ومسكة السيجاره 😎😎😂😂 https://t.co/Vp7SvBr72w	1	0
باقي بس ثلاث ايام عن اول عرض لفلم فانتاستيك بيتس ان وير تو فايند ذيم * قيل قصة هاري بوتر بـ 19 سنة 😭 اخخخيراً.	0	1
يخي ويندوز 10 عنجد فخم 👏👏	0	1
ختاما هذا وقت غايتان ديبالا كرانيفيتير والبقية .. التجربة والانسجام ويلعبون مع بعضهم وابعاد الديناصورات على رأسهم ميسي ولا تكرار فضيحة ٢٠٠٢	1	1
الدائرة غير متجانسة و لايمكن السيطرة عليها من عصبية او اقلية او من اتجاة سياسي	0	0
الاعلام الغربي امتهن ليّ للحقايق. https://t.co/yhpRRiQ5Dr	0	0
الشعب هو البطل الوحيد!	0	1
_ يسعدني أن المرة الوحيدة التي سأظهره فيها في رمضان ستكون مع الأستاذ	0	1
@sabqorg صيغة الخبر ماهي واضحة يعني يحق للمملكة وقوات التحالف استخدام الذخيرة العنقودية وابلغنا بريطانيا بأننا ماراح نستخدمها مره اخرى ؟	0	0
#اغيثوا_مسلمي_بورما_وسوريا #ستبقي_حلب برغم الجراح والالم وحكام خانواالدم #الدعاء_الدعاء_لاهل_حلب https://t.co/HRUtuBtIIP	0	0
لا ودلوقتي اكتشفوا إن هيكل ناصري وإنه سلطوي وبيشرب سيجارطب ولما مرسي كان هيطير من السعادة بيه ومد لقاؤه معاه ساعة كان فاكره بيشرب كليوباترا	1	0
الحمدلله علي التأهل لدور المجموعات بالكونفدراليه و من فوز لفوز ان شاء الله يا #أهلي #عمرو_جمال - يشعر بـ حالة ممتازة	0	1
الصلح خير قوم نتصالح #المشير	0	1
ولاية #حمص  مكتبة #الهمة  حشد نينوى العشائري جاهز لتحرير مدينته من مجرمي داعش https://t.co/E5JXRdSle0 _	0	1
في كل شتاء يمر على النازحين السوريين ينهش البرد أجساد شعوب الخيام..كي نكون جزء من الدفء..	0	0
RT @IraqSurveys: الخميني كان عميل امريكي ... الان تعترفون ؟؟ كنا نعلم ذلك في العراق منذ 1978 مهم https://t.co/tTtnswDYAK	0	0
كيف قتلت روسيا معارضيها اللاجئين في تركيا، عبر عملائها في اسطنبول؟https://t.co/rGYtsdbiVK	0	0
"دعوات ""لإضراب عام"" في جميع مدن #ليبيا، بسبب ارتفاع أسعار المواد الغذائية وانعدام السيولة وانهيار الدينار الليبي."	0	0
‏ الأسواني:ان الجرائم التى يرتكبها الاخوان المسلمون تتزايد كل يوم وبالرغم من بشاعتها فهي تكشف حقيقة الاخوان التي ‏	0	0
#مش_ساكتة عشان الناس #مش_ساكتة عشان ده حقى #مش_ساكتة عشان مش غلطى #مش_ساكتة عشان انتى اقوى من المتحرش	0	1
حبيبتي إنتي  طيبة أوي يا نوال الزغبي بالبنطلون الأحمر  @reemalmsree	0	1
RT @Guevara198: #السيسي مش ناوي يبيع مصر أبداً مش حيحصل الكلام ده كل اللي حيعمله أنه حيوزعها بالإيجار المنتهي بالتمليك بين روسيا وايران،سيس…	1	0
مشكلة اليسار مش اللي قاله العريان مشكلته إن رغم كونه الفصيل الأكثر فاعلية ونضالية في الثورة المصرية لم يستطع طرح شكل	0	0
فاكر يا #مظهر_شاهين يا امنجي يا ابني لما كنت عايزني احط اسمك في مجلس رئاسي مدني في احداث #محمد_محمود و مر…	1	0
المصري بيقول حزام ناسف و الشروق بيقول سيارة مستفخخة و الأهرام بيقول شنطة مدارس قوم اوقف ونتا بتكلمني	1	0
الصورة تتحدث عن نفسها #مصر #الداخلية_بلطجية #حريه #محمد_محمود #جرافيتي	0	0
RT @mihanziba20152: #إيران.. إعدام سجينين في سجن «بارسيلون» في مدينة خرم آباد.#الاعدام #الانتهاك_حقوق_الانسان https://t.co/iXSmE1G4EC https…	0	0
#الاستعمار و #الاحتلال بصيغة جديدةتحت مسمى الحرب على الارهاب- دمرت بلاد- نهبت ثروات- قتلت ملايين الانفس- ضاعت… https://t.co/rodP3BIesX	0	0
RT @KingSalman: فخورون هذا اليوم بتضامننا في #رعد_ الشمال وأن يشاهد العالم عزمنا جميعاً على ردع قوى الشر والتطرف ومحاربة الإرهاب.	0	1
أطالب بالتحقيق مع الدكتور محمد مرسي بتهمة إهانة فكرة رئاسة الجمهورية	0	0
RT @jerrymahers: #سعد_الحريري يتهم ايران بتدمير #سوريا والتورط بدماء شعبها ويتوعدها بأن اصوات اطفال #حلب ستظل تقض مضاجع القتلة! #جيري_ماهر	0	0
اتحاد العالمين على أكل راس المسلمين ! #لافروف https://t.co/3XAS89PlC1	0	0
أنا بقعد أسأل جوجل أسئلة في منتهي الغباء وساعات بكتبله موضوع تعبير وبردو بلاقي إجابة وبلاقي ناس سألت نفس الأسئلة فبحمد ربنا والله #جوجل_الحب	0	1
RT @muslim2day: فيديو بثه إعلام الأسد..#russia#alepقوات الأسد في #حلب برفقة عناصر من جيش الاحتلال الروسي.#سوريا#تداعي_الأمم https://…	0	0
كبرتي يا بطة وطلعلك شنب وبقيتي بتقولي حكم.. غوتشي.	1	0
@SL_FuT طيب ميسي وسواريز مسوينن اظءء نشرب من نفس الكوب ويشيل ولده ومدري وش	0	0
استغلال #الهدنة في #تعز بالقصف على المدنيينهذا ما اراده #كيري و #الأمم_المتحدةفكلما وجدوا حليفهم منهزم أنقذوه... https://t.co/RJMDvcGxRm	0	0
@BATCAT95 والله ضحكتني ذكرتني ب الي طلب سجادة من امازون واخر شي طلعت كبر يده 😂😂😂	0	0
@Ayman_Alatar كل سنة وهي سفيرتنا للنجوم 🌹 ويسلم هالصوت يا نجمنا يا احلى صوت غنى لفيروز #فيروز_العيد #عيد_الدني #من_قلبي_سلام_لفيروز #فيروز	0	1
ثلاثين يونيو موجة ثورية ضد الفاشل مرسي والجماعة الكذابة ما أرفضه هو القمع والعقاب الجماعي كفاية كذب وخداع للنفس	0	0
دولة مبنية عا الكذب من تاريخ وجودها آل سعود كذابين #كندا #Christmas #بو_صعب #فيروز #الهرمل #هوا_الحريه #وينن #AUB150 https://t.co/u6O5hFEtPj	0	0
سلامة أحمد سلامة، تركت إرثاً من الأخلاق حين عزت و من الحصافة حين اهتزت و من الشجاعة حين كان لها ثمن يرحمك الله	0	1
وأخيرًا ✨#SuperMarioRun https://t.co/hYvX4Z9yz3	0	1
RT @123Rania1123: أبكي عليها، على خذلان أمتنامتى نقومُ على أقدامنا غضبا !؟#حلب https://t.co/TDf3stZ0yB	0	0
#جبهه_شعب_مصر هذه ماكانت مناظرة  تلك كانت مسخرررررررهنيران صديقه وقنابل عتيقةوناس بتموت من ظلمات داعش صناعتكم… https://t.co/4V9Cl0QquE	1	0
@hala_just_1 اعلنها #اﻻخوان في #مصر و لم يعملوا بها 80 سنه استعداد حتي وصلوا للسلطة ثم سقطوا بعد سنة واحدة.لكن #حماس اعدت و نجحت .	1	0
ريال مدريد و تشلسي متصدرين ، ٢٠١٦ ما زالت تبتسم لأندية الحظ	0	1
في كل الدنيا يلتزم المسئولون بتنفيذ تصريحاتهم المشير طنطاوي صرح بان سيوقف إحالة المدنيين الى محاكم عسكرية و كل يوم تتم إحالة مدنيين جدد	0	0
تبا لك #مارك -_-	0	0
RT @zozoiraqoan: مفتي مصر علي جمعة: #اردوغان قرد مضحك   #erdogan_is_isis https://t.co/Gk3QKUhLv2	1	0
لما #عدلى_منصور يصدر قانون لحماية وتشجيع #الاستثمار ويجى واحد #جاهل من #الثوار يقول أن #عدلى_منصور بيهدر المال العام يبقى احنا فى زمن #المسخ	0	0
العهد الجديد في ظل فخامة الرئيس ميشال عون سيشهد مشاركة كافة المواطنين لحقوقهم وواجباتهم وعدم تهميش اي شريحة ولا سيما ابناء بعلبك الهرمل .	0	1
شوف المعادلة ( التآمرية للكلب #كيري ) : انه سلم خطة ل #لافروف ليوصلها الى #إيران من اجل تسوية في #سوريا .. والله لن يحرر #سوريا الا #الثوار	1	0
اهالى #عزبة_النخل يفضحون #السيسى: حملته قالت لنا اعملوا توكيلات للسيسى وهن:	0	0
النفاق أصبح أحد أركان المجتمع ! #اه_والله	0	0
RT @RM4Arab: كاسيميرو : ريال مدريد أكثر بكثير مما كنت أتوقعه ، سعيد جدا لكوني في هذا النادي.	0	1
"#خالد_علي: رفع أسعار #الغاز ""إجرام سياسي"""	0	0
@Alito_NBA @AHMEDGARNETT انا اشوف يخلونها نظام ملاك والرواتب مفتوحه.. عادي يعني يجي تاجر ويشتري نجران موب شرط فريق قوي ومعروف	0	1
@a_aA15   الاعلام الغربي مادرى عنا لكن عندنا ليبراليين فاسدين متمردين على منهج ودستور البلد يشوهون واقعنا ويرسلونه للاعلام والمنظمات الغربية	1	0
@NawalElZoghbi لما خلصت عمليتي وكنت بحالة البنج والله العظيم الاهل والاصدقاء بيقولو بس تحكي نوال الزغبي احبج ويارب يجعل كل ايامج اسعد الايام	0	1
لا تعرف حتى اسمه.و ما يزيد عجبا أنها في #واشنطن و تتنبأ بنهاية المجاهدين!!ما شفت أغرب من هيك خلق..يا عمي يهون مش… https://t.co/FvkfboPAKz	0	0
@saeedlow @ahmedal3onan @HASON_itti @Uiiiu88 روح ابتهل وادعي ان هيلاري كلنتون تولى امرك وموترامب لان بيكون مافي نت عشان اشمت فيك ذيك الساعة	0	0
#ابراهيم_محلب التاجر لما يفلس يدور في دفاتره القديمه، ودفاتر مصر مليئه بالفساد المالي مع رجال أعمال مصرو، هم لصوص ولكن مدللين وظرفاء	1	0
RT @KingSalman: عيدكم مبارك، وتقبل الله مني ومنكم صيام رمضان وقيامه، وأسأله سبحانه أن يجعل أعياد أمتنا الإسلامية تامّة بتماسكها واستقرارها،…	0	1
100 يوم من فشل الانقلاب 200 دولة ترفضه 400 فندق اغلق 800 مصنع افلس 8000 شهيد 20000 معتقل 30000 مصاب 50000 مسجد	0	0
جمعة مباركة :)	0	1
"عجبني ب  #حكومة_لبنان وزارة ""شؤون مكافحة الفساد"" بحسّسوك انّه لبنان دولة متحضرة و فيها محاسبة للمسؤولين"	0	0
"دأت الثورة ومعي 82 شخصا. ولو اضطررت لتكرار ذلك كنت سأكتفي بـ15 أو 10 أشخاص. 10 أشخاص وإيمان مطلق"" #كاسترو https://t.co/pEsIum6Ctw"	0	1
@periscopeco #اغتيال_الشيخ_نادر_العمراني #نادر_العمراني #ليبيا الصوت بالأعلى	0	0
"#فلسطين #غزة خاص: الانتهاكات ""الاسرائيلية"" بحق أطفال فلسطين..ماذا بعد؟! https://t.co/NnUlKiqPiJ #Palestine #gaza https://t.co/SwN4JsByBv"	0	0
بسمة أمل - هدية لعودة الحب لحياتنا	0	1
بسمة أمل من المستشفى - إسعاد غيرك إسعاد لنفسك	0	1
@kdriyadh @nevermind330 وقت الشدة في ظنتي الجيش المصري حيوقف مع السعودية ماراح يتبعو سيسي ولا غيروا عشان كذا لعاد يوزعو فلوس خلاص كفاية	1	0
#نوال_الزغبي  قبل ماتنامي تذكري اني بحبك❤وبكرا رح حبك اكتر❤😍🙈	0	1
بذوب بضحتك الله يخليلنا إياها وما يحرمنا منها 😩💘 #نادين_نسيب_نجيم #في_بيتنا_ضيف #nnn #nadinenassibnjeim @nadinenjeim https://t.co/3z2PnR13wt	0	1
حينما ينتصر الشعب ويشرق شمس الحرية بعد هذه الغيوم الانقلابيه يمكن ان يسترد ما سرق من #ثورة_يناير	0	1
@MrQAhtani1 @itz5o5 انت في بلد التناقضاتلازم تتعود ويصير عندك مناعهاذا من نحسبهم مثقفينتراقصوا مدح لحجاب زوجة اردوغانوعندنا لا عاهره 😂	1	0
الفائزون عالميا وافريقيا من انصار رابعة والشرعية والفاشلون انصار الانقلاب يا وزير للرياضة يا خسران بالستة يا	1	0
انتهى زمن #الرئيس الذي يمنح وجاء زمن الشعب الذي يجد ويعتز بكرامته؛ وما اعتمدته لكم هو بعض حقكم؛ فأنتم الذين تمنحون ولست …	0	1
الاعتداء على الفنان خالد يوسف من قبل بلطجية ابو اسماعيل يدل على ان مرسي وجماعته قد انتقلوا بمصر من الدولة الى العصابة ستسقطون كما سقط مبارك	0	0
مبارك كان بيحكم من شرم الشيخ والسيسي حيحكم من شارع خمسه باب #انتخبوا_العرص	1	0
@Sllokei روجر فيدرر يتدرب الآن وبإذن الله راجع بقوة 😉	0	1
#أحلام و #عادل_امام و العوكش | قصف منتصف الجبهة | هتموت من #الضحكhttps://t.co/0slN8YHEK1	1	0
@Shevaalshreef مافهش يا نصي ميسي هوه لارجنتين عليا طلاق كلهم نجوم علي لابيض	0	0
نجحت امريكا باستغلال غرور بوتن وتشويه صورته في العالم الاسلامي تمهيدا لنقل الصراع داخل روسيا نفسها واوباماسبق وان حذر روسيا من هذا الامر	0	0
مسيرة احرار وجدعان #المعادى الان #حاميها_حراميها #مرسي_رئيسي مكملين	1	0
من قال أن دستور الجماعة لا يقسم مصر يجب أن يكشف على نظره فهذا شيء واضح وضوح الشمس	1	0
RT @IISXVRA: احسن له يتصل ل بِكي ام شعر حلو. - الشاعره بيونسيه!	0	1
#سرت_تتحررسرت قتلت كلاب الناتواصبحوا بين هالك في جهنم و مبتور الأطرافسرت فضحت عملتكم و ردتكم للصليبسرت انتصرت و خسرتم يا كلاب #مصراتة	1	0
مصدقية من جوجل ونسبة الربح كبيرة أانا حبيت افيدكم اكتبو في جوجل🌱 رب	0	1
RT @TahrirSports: لأول مرة منذ 13 عام .. لا يتواجد روجر فيدرر أو رافائيل نادال ضمن الأربعة الأوائل في التصنيف العالمي للتنس 🎾 https://t.co/…	0	0
لو اشوفه قدامي ذبحته بس طبعا مو قبل التحقيق  😅😅 @nadinenjeim #nadinenassibnjeim #nnn #star #actress… https://t.co/GIu2zDATii	0	0
أنا سعيد جداً بما أنجزه شباب أكاديمية الداعية المعاصر في سيناء في يومهم الأول، فقد التف حولهم أهل سيناء الذين	0	1
"#صباحي: #عدلي_منصور أصدر قانون ""التحصين"" لخدمة الفساد| أي كلام وتشكيك المهم يوصل للكرسي"	0	0
#SuperMarioRun ختمتها ما تستاهل ال١٠ دولار وتقدر تختمها بنص ساعة بس القفز فيها سيء وفيها مطبات كثيرها مالها داعي… https://t.co/esU76Yi6ZA	0	0
سوريا ترتكب بها جرائم ضد الإنسانية منذ أن بدأت انتفاضة شعبها الشقيق ومن لحظتها ومصر والعرب والعالم يتخاذلون عن نصرة السوريين	0	0
يا رب… إن عبدك جلال عامر جعلنا جميعاً نبتسم في الدنيا وأدخل السرور إلى قلوبنا، اللهم أجعله مبتسماً عندك، مسروراً في جنتك	0	1
نعجة على العدو واسد على العجزة والاطفال#ستبقى_حلب https://t.co/IRR3ZEf83i	1	0
#أنتخبوا_العرص سؤال فقيق : أنتخابات الرئاسة القادمة بين السيسي وصباحي عبارة عن تمثيلية؟ لأ دى مسرحية بطولة أتنين واحد #هاشتاج والتاني #مشتاج	1	0
@QSD_Jabha أهبل و غبي من يفسر أحاديث الرايات الصفر ضد الرايات السود بأن الآولى حزب الله اللبناني. لم أسمع في حياتي أباطيل و طرهات مثل هذا	1	0
الميدان للجميع حقاً ولكن الآن فيه ناس معتصمة وإعلان مظاهرة مناهضة في نفس المكان موقف من الحكمة إجتنابه لأنه يذكرنا بمعركة الجمل	0	0
| بحرية الاحتلال تهاجم مراكب الصيادين قبالة بحر #غزة ولا زالت #حماس تلاحق المجاهدين وتعقل السلفيين..#حماس_تعتقل_السلفيين	0	0
@hala_abdelwahab @Elghannamm2 #عمرو_اديب يقولك سياسيين..!! فعلا و الدليل انهم بقالهم ٣سنين بدون ريس و مافيش ولا كهربا ولا مية و زبالة مليانة	1	0
ﺛﺎﺋﺮ ﺍﻟﺸﺮﺍﻓﻲ ﺍﺑﻦ ﻣﺨﻴﻢ #ﺟﺒﺎﻟﻴﺎ ( ﻏﺰﺓ ) ﻳﻄﻠﻖ ﻋﻠﻲ ﻣﻮﻟﻮﺩﻩ ﺍﻟﺠﺪﻳﺪﺓﺍﺳﻢ ﺑﺸﺎﺭ ﺍﻷﺳﺪ ...ﺍﻟﻔﻜﺮ ﺍﻟﻤﻤﺎﻧﻊ ﻣﺴﺘﺸﺮﻱ ﺑﺎﻷﻣﺔ ﺍﻟﻌﺮﺑﻴﺔ	1	0
RT @al_watanQatar: مغني الروك روجر ووترز يشبه ترامب بالخنزير ويجدد هجومه على #إسرائيلhttps://t.co/a47cuCurcd#منوعات #هيلاري_ترامب #أميركا…	1	0
هل يتم تنفيذ القانون على امراء السعودية السجون في السعودية مليئة بآلاف المظلومين لمجرد انهم غير سعوديين وخصومهم سعوديون هل نحب لمصر	0	0
ناطرينك يا ملك السلام تيجي وتغسل القلوب وتجعلها نقية طاهرة محبة ،،، #christmas #joy #love https://t.co/pLRpVSG8Bg	0	1
يمني برس /..بالصور : تواصل الفعاليات في الحديدة وصنعاء بمناسبة المولد النبوي الشريف... https://t.co/h098Ab2W7B	0	1
#اوعى_تنسى انو احسن هدفين لعام 2014 وبكل صدق تم تسجيلهم بالدوري الاردني	0	1
@M_Jimmy96 @Alito_NBA مافي مشاكل بينهم الاعلام هو الي خلقها.	0	0
الزباله vs غوتشي. https://t.co/aY4qq5BcNm	1	0
فيك عن ميثاقك الوافي جنوح لا انتحيتي كالخيول الجافله من يؤمن في رجوعك به تروح للهموم أللي بسنيـنك حافله #محمد الشمري	0	0
@HaSanMohAbboud  ماذا فعل من ينبح من أجل #فلسطين؟ اه صحيح راح يذبح أطفال #سوريا كرمال فلسطين!	1	0
#اسرائيل تفرض غرامة على أحد المساجد والسبب...https://t.co/QW2vnWt020#فلسطين #البوابة https://t.co/vNUgIePg0o	0	0
اخبار برشلونة اليوم Sunday 9/10/2016 : توستاو: “نيمار أفضل لاعب في تاريخ البرازيل بعد بيليه” https://t.co/QLlPhSftsB	0	1
اللهمَّ بشر بشار اﻷسد بالنار والدمار له في الدنيا واﻷخره . طفل سوري بعد قصف منزلهم يبكي وينادي اخواته . https://t.co/wKwJ9hMKyN	0	0
لعشاق سوبر ماريو ،، متوفرة الان على ايباد و ايفون #iphone #ipad #mario #supermariorun https://t.co/EGTQPn1CP5	0	1
@LibyanSpirit تناسوا أن تفريطهم في أداء مهامهم يصل لدرجة الخيانة العظمى لكن #بنغازي لن تركع وستظل دائماً قلب @ليبيا النابض	0	0
ملكة على عرش كل الاستفتاءات👑 #نادين_نسيب_نجيم @nadinenjeim https://t.co/jPjcKHI0ry	0	1
#Christmas is Here !قرب الميلاد.. و ابتدا موسم المحبة والأعياد من فريق #نينار ميلاد مجيد لكل السوريينوالسلام ل... https://t.co/mOkGVPAl5W	0	1
@the_hudaa عششششق بيونسيه .. احب جنونها على الاستيج https://t.co/z2266OnCDU	0	1
اسمعو هالاغنيه روعه #غلطت_م_الأول_رنا_سماحه  9  # #اللي_أهم_من_شكلك	0	1
عاجل |.سبب صادم وراء غياب #عادل_إمام عن حضور جنازة الفنان القدير #محمود_عبد_العزيز https://t.co/aE5HKvOX5A	0	0
RT @_zezooo_: السبت 3 ديسمبر ان شاء الله برشلونة × ريال مدريد السيتي × تشيلسي تبدأ بنفس التوقيت 6 !!!!بموت قهر من الحين الله يلعن الجد…	0	0
تامين #بنغازيمش انك تحط سيارة شرطة على مفترق وتقمعز فيها 4 وحدين يهدرزوا	0	0
..كوريا وديبالا. أغويرو دعه يعتزل ياخي واذا رفض ميسي ومانع تخلص من ميسي . لكن الاتحاد يمنعه لان ميسي يتحكم بهم كلنا نعرف ذلك.يتبع	0	0
@MohanadElMorsy اللينك مش شغال بس شفت الڤيديو علي فيسبوك ..حسبي الله ونعم الوكيل :D	0	0
🔹الثقافة القرآنية🔘 الله يريد منا أن يكون محمد حياً في مشاعرنا، ووجداننا.💚ذكرئ.المولد.النبوي.الشريف	0	1
بالفيديو عكاشة: والله #هيفاء_وهبي ست مش طرية واللى يتجوزها يبقى خد خازوق !! #بوابة_القاهرة #مصر #توفيق_عكاشة	0	0
حميل ويندوز 7 و 8.1 و 10 النسخة الاصلية و النهائية من مايكروسوفت بشكل قانوني وبروابط مباشرة... https://t.co/XitnRRBQpF	0	1
الاغنية اللي سوالها كفر جستن بيبر وهي سبب نجاحه بعد الله سبحانه  احترام لملكات البوب https://t.co/qn6PQJhJlp	0	1
شيخ المسجد مشغل المكروفون وبيقول بلطجية برا عابزين يموتونا ، وانا واقف برا وشايف بعيني الناس بتحاول تطلعهم وهم رافضين …	0	0
يعنى مش عارف بياكلوا الظباط خرا عشان يجى لهم قلب يكهربوا طفل فى سنة سادسه ابتدائى ولا ايه #باسم	0	0
لو حد قال بعد كدا الإخوان مصريين أوفصيل وطنى لازم يتحاكم بتهمة الخيانة أو الغباء!!	1	0
@ALAMAWI بالعكس هم واقفين مع الأسد نكايتاً في فرنسا التي تقف ضده حتى لو قتل الأسد كل اهل سوريا سيقفون معه بما ان فرنسا ضده، جكاره بالعامية	0	0
RT @Ahmed2I3h: وتتابع صحيفة النيويورك تايمزالتي خلقت كارثة إنسانية في أحد أفقر بلدان العالم  وإثارة الإرهاب ، والأمر بيد الرئيس #أوباما لي…	0	0
البنك المركزى التابع للانقلاب يعلن أن ديون مصر ارتفع لمستوى بشع غير مسبوق وتجاوزت 1,8 تريليون جنيه كارثة لا يشير لها اعلام العار	0	0
اللهجة التونسية فعلا من احلى اللهجات في العالم العربي ومش صعبة	0	1
الرئيس أردوغان: على أمريكا أن تعرف حدودها . https://t.co/8duD45sQlw https://t.co/e5wUcrLIs7	0	0
RT @bentelsoltan: يالهووووى ع الارهاب يا جدعان 😅😅😅😅 https://t.co/oQx82U8wXk	1	0
@mahmoudwanous @MousaAlomar وين حلف الناتو عم يقصف قواتكم شي ؟! العمى على الكزب لو بدو الناتو او امريكا فعل تخلع ابو نث لثان كان طار من زمان	0	0
قال رسول الله ﷺ(من قام رمضان إيمانا واحتسابا غفر له ما تقدم من ذنبه) صحيح البخاري https://t.co/VbIREm9Xw8	0	1
"لدستور يعاملني انا واولادي كمواطنين من الدرجة الثانية بالتإكيد سأصوت عليه ب ""لا"" وألف لا"	0	0
@koblersrsg هذا ما كان ينشره عـ حسابه إرهابي يدعم بالإرهابيين #بنغازي زيك بالضبط #كوبلر_داعم_الإرهابيين @loarofi https://t.co/H9KWFplGvT	0	0
RT @caba000: الفشل الأممي في وقف الارهاب السعودي سيؤدي لدعم وإنتشارالإرهاب وسيدفع ثمنه الغرب بأسره!	0	0
#أوقفوا_الفحم ياحكومة بقر يا شوية غجر	1	0
التعادل فى نهاية اللقاء قلل فرحة الاهلى لكنه خير لأنه سيجعل لقاء الاياب فى القاهرة حاسما ودور المصريين خلاله حاسم لاعلاء اسم بلدهم وفريقهم	0	1
#ماهر فخامة الاسم تكفى	0	1
RT @shaimaa_mandour: @Alaasaadyounis @Aliaasaadyounis لا انا هودي الموكوس عالحدود ... هاقوله روح جبلي واحد من داعش وارجعلي وتبقى جات من عند…	1	0
@Dip_Ye رساله السيسي يبقى سيسي وانت المرة الجاية صور السيسي من الخلف وقدام عريات تحب تصوير الخوازيق انت🚀🚀	1	0
@pt_sa5 في أمازون تلاقينهم كلهم و تلاقين حاجات كثير تجلط مره .	0	0
"RT @IQsunni: مواكب شيعية تحمل صور الهلكى الذين سقطوا في المعارك ضد ""داعش"" https://t.co/7X6FCa1A5T"	0	0
@iiSaxed10 تالله انها لا تساوي شيء من نظارتي غوتشي	0	0
سنبقى نؤرقكم يا طواغيت #حماس ونكشف للأمة زيفكم وتستركم ب #المقاومة #حماس_تعتقل_السلفيين #غزة#حماس_تعذب_المجاهدين https://t.co/umSvbdd2qd	0	0
انقلاب لصوصي دموى هل يمكن ان يحالف التوفيق بلدا يديره انقلاب؟ وبكره تشوفو مصر	1	0
RT @faredonshamshi1: تأوهات النظام الإيراني تجاه تقرير #الأمين_العام_للأمم_المتحدة بشأن #انتهاك_حقوق_الإنسان في #إيران.#الشرق_الاوسط https:…	0	0
RT @Aboshehab_q8: اذا كان معاوية خال المؤمنين، فلابد وان تكون هيلاري كلنتون خالتهم، وجولدا مائير عمتهم، وتسيبي ليفني مرضعتهم 💦 https://t.co…	1	0
#ساعة_نوال انت لمين انت إلي ❤ #إليسا	0	1
تعليقي للبرنامج لا يعني انسحابي من الساحة أنا مصري و لا أحتاج إذناً من أحد للتعبير عن انتمائي	0	1
#رجال الله في #نجران و #جيزان و #عسير مايعرفوا لا #كيري ولا #ترامب ولا #مسقط ولا ملقط..فصلوا الريوس وعطلوا البريك..وحتى الولاعات..واحدة وكفى	0	0
في لبنان كل شيء ممكن جذاً وزير شئون المرأة .. رجل ...... ووزير الثقافة طبيب جراح ...وهكذا بقية الحقائب الوزارية لا أحد له علاقة بحقيبته .!!	1	0
مصر الآن :  #مقاطعه_اليوم_السابع  #ستبقي_حلب حسبنا الله ونعم الوكيل اللهم عليك بالظالمين ال… https://t.co/WGFbQMYiPC	0	0
@LibyasChannel هههههههههههههههههههههههههه 17 فبراير الناتو والكرامة مر وامارات والسعودية وفرنسا وسرت الناتو ههههههههههههه	0	0
أظن أن الذي قتل الشهيد جبران تويني معروف وواضح للعيان. المشكلة أين القضاء العادل الذي وحده يزيل الشعرة من العجين وم… https://t.co/Ye3mSw2IZ3	0	0
RT @aaww99d: #ترامب : لو أصبحت رئيساً #لامريكا سوف ارسل #هيلاري_كلنتون للسجن🏃🏽😂 #ثور_قادح 😅	1	0
RT @Mohamed30906065: تخيلوا احنا لسه بحجمنا ده وقوتنا دي وفي دول بتقطع فينا اومال لو لاقدر الله وقعنا حيعملوا فينا ايه ولنا في الشقيقة سور…	0	0
كيف سيواجه ترامب هيلاري كلنتون الليلة بعد فضيحته ؟	1	0
@BoHomoud007 نفس من عبدوا كاسترو من العرب يعبدون الولي السفيه و بوتن اليوم.	1	0
مصر / بالفيديو.. إبراهيم عيسى: شارع جامعة الدول العربية أهم من الجامعة نفسها https://t.co/JBrO7aInJK #مصر	1	0
RT @Oh_LonY: #الطايف_الان تذگـير غداً يجتمع فضل صيام الاثنين وتاسوعاء (افضل الصيام بعد شهر رمضان شهر الله المحرم ) فاغتنموا الفرصة الجو با…	0	1
#ﺍﻟﺸﻌﺐ_ﻳﺮﺩ_تحية_الرئيس #انتخبوا_العرص #خليك_مصدق حمو ثورة 25 يناير وانهم مافتحوش الميدان يوم الجمل	0	0
هذا مثال على ..الرويبضة وهو الرجل التافه الذي يتكلم  في أمر العامةتربية أوروبابمثل هذا تبنى اﻷوطان#ليبيا https://t.co/ZJjyArc40V	1	0
ابو اسماعيل امه امريكية لا مش امريكية طب فين الجرين كارد طب ده ماسك عيكم مستندات و فالاخر #فسسسسسس	0	0
عايز اقولك بحبك من زمان جدا #محمد_محسن	0	1
عندما ترى مثل هذا المشهد في #ليبيا عليك أن تشكر ثورة فبراير المجيدة على أهدافها #بنغازي https://t.co/AjHlGGYBxG	0	1
تحية للجيش السوري البطل على انجازاته الميدانية في #حلب ونشكر #روسيا و #الصين على موقفهما الداعم لمحور المقاومة وسور… https://t.co/tW9SvVjN8T	0	1
قصة كفاح حقيقية لشاب مصري من محافظة الفيوم، رغم إعاقته تحدي كل الظروف محمد الكيلاني محمود حميدة، أثناء طفولته	0	1
ومن كوميديا ال ميليشيا ت الليبية المدعومه سعوديا و تركياان بمجرد ان انتهت طيارات الناتو من اسقاط و تدمير الدولة... https://t.co/YTBLr0cU95	1	0
@MahboulDZ4 واشبيك انت عمي غوغل وما قدرش يجاوب على هذا السؤال	0	0
هناك مكان في قاع الجحيم لمن اخترع تويتر	1	0
RT @Ialrebdi: #فيتو_العار_الروسي ضد مشروع إنقاذ #حلب يغذي الإرهاب والتطرف ويفقد ثقة العالم في #مجلس_الأمن مؤسف ومخزي أن يكون موقف #مصر ضد #…	0	0
بلغني اليوم أن شركة مصر للطيران رفضت عرض فيلم الشتا اللي فات على متن طائراتها وذلك لأنه يتحدث عن الثورة لو لم يكن من أبلغني أخطأ فهذا عار	0	0
"عطر غوتشي بامبو"" الجديد يحاكي الطيور: عطر غوتشي بامبو باطلالة جديدة. بعد أن قامت النجمة غال غادوت، بطلة ""وند... https://t.co/Hz9BGzJ9tv"""	0	1
هل الحروب الصليبية التى ارتكبت ابشع الجرائم باسم المسيحية تجعلنا نعادى كل المسيحيين في العالم أنا اعادى الأفعال السيئة ولا أعادى الديانات	0	0
فقدنا ثلاث من العظماء #عبدالله_بن_غبدالعزيز و #هوجو_تشافيز و #كاسترو#الموتمر_ألسابع	0	0
مقطع روبيرت دي نيرو المنتشر بالواتس اب وهو يسفل ب دونالد ترامب، صنع ليلتي ههههههههخلاه ما يسوى التالية من الغنم 😄😄ستوبيدبونك = وضيع 😄	0	1
@altamimi1981222 هذا تويتر يا استاذ غيث وليس فيسبوكلا نستطيع قراءة المنشور على فيسبوكيا ليت تكتب تغريدات لكي نقرأها ونستفاد منها	0	1
اتهامات لحملة #كلينتون بسرقة شعار #بشار_الأسدhttps://t.co/qvDPtnAawi https://t.co/aEAJtQeZ0x	0	0
RT @KasQ8_: ميسي عنده منتخب قوي وعناصر خرافيه بس هو يخذلهم ….. - https://t.co/V1JfFa7SCn	0	0
الاخوان ينزلون علم مصر من على وزارة الزراعة لا وطنية وطنية يعني	1	0
EgyptAir حد سمع ولا شاف الصندوقين اخر 30 دقيقه في الكابينه بتتسجل صوت - وغالبا هو صاروخ من اي كلب معدي في المتوسط و غالبا روسيا غل و انتقام	1	0
#قطر ترفض تسليم 28 شخصا من قيادات #الإخوان المسلمين ما أجملها من تُهمة وما أعظمه من موقف #شكرا…	0	1
واللي يقلدون جستن بيبر !! معليش يعني بس ركز ان وجهك اشهب وشنبك مصلوخ قبل ما تحاول تقلد اشقر عيونة زرقا !! Be yourse… https://t.co/SfVYsHfOYZ	1	0
خلص كل الكلام الي يوصف تلك الجميلة ام الذكية ام العظيمة او الثلاثة معا ملكة الاحساس #اليسا @elissakh ❤ https://t.co/RdZMKjHrzK	0	1
لولا فيلم الرصاصة لاتزال فى جيبى كنت نسيت ان النهارده عيد #تحرير_سيناء 'مع ان مفيش علاقة بينهم' #مصر	1	1
لو جيش او شرطه او انصار سيسى يبقى فى داهيه #مصر_الليلة	1	0
تكوين لجنة الخمسين جامل بشكل كبير القوى السياسية على حساب الشباب والأقباط #السادة_المحترمون	0	0
RT @qwfcdhurecxskoh: هل يكفي حلب ان نغضب من اجلها !!	0	0
اذا ابدعو فيه مثل هاري بوتر بتصير سلسله عظيمه	0	1
"تسلم لي عيونك يا آحلى #شيرين ♡ "" روحي شيرين محمد العراقي الجريح"	0	1
من لا يحترم السلام الجمهوري لبلده كيف له ان يكتب دستورها	0	0
تصويت مصروالاردن يشتري غاز من اسرائيل رغم الدعم السعودي والقطريطقتين بالراس توجع ياعربقلت لكم الخطا بالاداره https://t.co/raz6CU02hl	1	0
تالت فيديو لدفعتنا #MannequinChallenge Midterm theme دمنا اقوي دفعة ف الكلية <3 https://t.co/t70aosNmPJ	0	1
وكل مدينة سوريه دخلتها القاعدة (جبهة النصرة) او جند الأقصى او داعش تعبث بها وتقتل من اهلها اكثر مما يقتل بشار ثم تسلمها للنظام مدمرة جداً	0	0
#الاحتلال يعتقل عريسا مقدسيا في يوم زفافهhttps://t.co/0L6WjTY4Q6 https://t.co/fmmy8r5oaY	0	0
1 أجدد التأكيد على أن ترشح المهندس الشاطر خطر على مصر وعلى فرص الديمقراطية، ولا يقل خطورة ترشح عمر سليمان	0	0
أركاديوش ميليك لاعب نابولي : أنا مُتحمِس لأنني سأكون قادر على اللعب ضد ريال مدريد الآن فقط أتمنى أن أنضم لزملائي في أقرب وقتٍ ممكن.	0	1
حكومة بتمثل مصالح وحصص وما بتمثل المواطن، المهم ينشغل عقانون انتخاب يمثل الكل وما تنظلم صيدا بالنيابة متل ما انظلمت بالحكومة#حكومة_لبنان	1	0
يالله فورا أول ما أستعيد السيطرة على الدي إم نتفق بالكتير على يوم الأربعإنت واحشني جدا	0	1
@khadra44444 الحين الجبيلان الجيكر ياخذ روسية وانا الي اشبة ريكي مارتن اخذ خليجية ليش بالله لابد في توزيع عادل لثروة😂😂😂😂😷	1	0
معظم #الاخواآن مشاركوش ف الهشتاآج المسئ للسيسي وبكده يبقى #الاخوان باعونا مرتين مره ف #محمد_محمود ومره ف #هشتاج_هشتوج …	0	0
@AlArab_Qatar @alqaradawy @iumsonline مناحة عاملين الإقطاعيين والإخونجية على تحرير حلب من نجاسة جبهة النصرة وحلفائها 😏✌️️✌️️	1	0
RT @kadiii_20: #الاهلي_برشلونهريال مدريد طلبوا انهم يلعبون امام الاتحادويجيك طحلبي يقولك الاتحاد صغير جده الى مستنقعك ي ضفدع😂	1	0
#سيف_الكنانه_لاينشر_خبر_كاذب ✋وتأكيدآ للخبر الذي نشرته منذ قليل بتحقيق بريطانيا في ارتكاب السعوديه جرائم حرب ضد ا… https://t.co/VGjg62mCtN	0	0
#save_aleppo ( وَكَانَ حَقّاً عَلَيْنَا نَصْرُ الْمُؤْمِنِينَ )#jesus #bible #russia #usa #uk #mary #jewish… https://t.co/BznR72lCsO	0	1
@malak_alhusaini ابي ايفون امنيه من امنياتي امسك جوال حلو	0	1
RT @abu_sulttan1: سيسي وتبقى يالخمامه سيسيو قيمـة ركوبك بالدراهم تُـدفـع !عاهر سيـاسه باطل التأسيسيترفع لمن يدفع  ! و لا بك منفـع  #الس…	1	0
#ماذا_لو_المدارس_مختلطهتنفع اذا كان عندنا قانون للتحرش اما بدونه ماتنفع بتصير كارثه	0	0
يالله مع هبتكم ‘نشوف تاليتها شنو 😁#SuperMarioRun https://t.co/Ag38cMKTEq	0	1
رئسة صندوق النقدالدولي كرستين لقارد حكم عليهابالأهمال إبان عملهاوزيره ماليه فرنسا ولكن لا سجن ولا غرامه إدانه بالإهمال فقط	0	0
RT @AhmedMi37830765: عن شعوري و انت مش معايا يا كاريكا و نفسك تحضر رمضان بس انت في مكان احسن .. وحشتني ضحكتك😢#رمضانك_في_الجنه_يا_كاريكا ❤	0	1
@alkrde10 وش يسوون كم جبهه بسوريا يحاربون روسيا والا النصره والا داعش والا والا للاسف الشعوب الي نجحت ثورتهم اهدافهم محدده وساميه نوعاما	0	0
شايفين العيب و الغلط ومبنسالش حتى ليه وكل واحد بيقول هو يعنى بايدى ايه !! #كاريوكى	0	0
يالله و اخيرا قد ايش اشتقت لسلسله هاري بوتر 😍😭 https://t.co/LGx0cwYDqq	0	1
افلاس التليفزيون وصل مداه الغلابة من عمال وموظفين واعلاميين يدفعون الثمن والملايين موجودة لدرية وشلتها	1	0
حبيب ريكي مارتن اصله سوري 🙊لابقييين لبعض 💕	0	1
قطعان المعرصين هيحتاروا الاثنين من خير تجار الارض وشفيق خبرته كبيره في السرقه والنهب الناعم. #احمد_شفيق	1	0
رغم آلاف الصور التي توثق آلاف الجرائم الممنهجة بحق الشعب السوري والانسانية جمعاء. لم يتحرك المجتمع الدولي الا... https://t.co/hdx0GvvTGB	0	0
#هتحبك_لو تحاول تقنعها باللى انت عايزه بهدوء مش زعيق وخلاص ;)	0	1
ربي إني استودعتك حياتي فلا تجعل مرها يسقيني و لا حلوها يلهيني	0	1
علم ابنك القرآن وسوف يعلمه القرآن كل شي #علموا_أولادكم #علم	0	1
RT @mnaw7: لا تيأس .. الإسلام باقي ولاتبالي.راهنت قريش علي نهاية الإسلام في بدر فأتت بخيلائها فباتوا ليلهم في حفرة تحت أقدام النبي محمد ﷺ…	0	1
"مش متخيل ان في تيم كامل قعد و عملوا برين ستورم و قرروا في الآخر يطلعوا بحملة عن أصول اللغة و من ضمنهم بوست بيقول ""إسمه فيسبوك مش فيس"""	0	0
أفضل الطرق لإلتقاط الصور لسطح المكتب في ويندوز 10 بدون برامجhttps://t.co/T7GtXzcYNw#ضد_التغييرات_للثاني_عشر… https://t.co/I076JED9cp	0	1
يعني مصر كانت كافرة أيام الفاطميين؟	1	0
#ليبيا  مقتل أطفال جراء انفجار سيارة مفخخة وسط حي سكني ببنغازي https://t.co/yCqjLF5DNV #اخبارليبياالان #الجيشالليبي	0	0
اجمع ٣ اعلانات دستوريه واحصل علي طائر النهضه مجانا ٠٠ هذا العرض ساري حتي ١٥ديسمبر	1	0
الاحتلال يعتقل 4 شبان عقب اقتحام بلدة الرام شمال #القدس المحتلة.	0	0
@AhmadRasoul يعني العراق شنو من البين بالمنطقة تركيا تتناطح وَيَا روسيا ايران تتناطح وَيَا أمريكا السعودية مسوية حلف و دگ تكفخ باليمن	1	0
محيط | عمرو موسى: الجامعة العربية فشلت وعلى مصر والسعودية التواجد في حل الأزمة السورية https://t.co/PNY4JQaDo2 https://t.co/Aa58mIr8gc	0	0
الحريري: نعول على حكمة وتجربة الرئيس ميشال عون! https://t.co/brhJfjUgLD https://t.co/wPj4ve8bWZ	0	0
المدعو #ميشال_عون صاحب ورئيس مجلس إدارة قناة OTV    لاحفظك الله ولاأكرمك أما بعد:فإن مما أدركه الناس من كلام... https://t.co/yMvjvLjxa7	0	0
#فلسطين  ايتها البعيدة عنا .....القريبة منا ياقطعة شمس تغطينا....ياروحا تسكن فينا#الحريةلفلسطين… https://t.co/9K8eAZigUD	0	1
@ExploadingGameZ @jawadoh_23 اممم كيذا لغتك لاعبة فيك ، ياطبل طبل ولا تنتقد وليه لان صوني عربت لنا اي كلام ويبي مترجم جوجل	1	0
RT @Italy_arab: رسمياً | أسطورة كرة القدم جيجي بوفون ينال جائزة القدم الذهبية لعام 2016 متفوقاً على الأرجنتيني ميسي و البرتغالي رونالدو . h…	0	1
@ksadonjuan @FerasKhourshid.  لا حشا الله منكم انتم صهاينه انتم العن ماخلق الله وقسم بالله الايام القادمه ايام سود على السعوديه منبع الارهاب	0	0
#ماذا_لو_المدارس_مختلطه                   وناسه اسرق حبيبي البنت الي اكرها مافي انذل من كذا😂😂😂😂💔	0	0
#mannequinchallenge  😂😂😂😂 الهبة الجديدة وسيكثر الهبل	1	0
ربآااه ما الذي أرى أمامي 😱😱😱😳.بعد جمالها مستحيل يحلى بعيوني شي 😍😍😍@nadinenjeim ❤#نادين_نسيب_نجيم https://t.co/qD5GWGZ9h0	0	1
الفجوة تزداد بين الشعب وحكامه لا بد من استجابة حاسمة وواضحة لمطالب الثورة	0	0
"""صديقي العزيزكخة كدة"" #غزة #نهضةـالإنجغة"	1	0
أهدم نفسك عشان تبني مستقبلك !! #التعليم_في_مصر	1	0
@wballaa لذلك لا أرى جدوى #السعودة لسائقي #أوبر وأخواتها على المدى الطويل بل المفترض أن يتم الأخذ بزمام المبادرة في الأتمتة والسعودة النوعية	0	0
@EGYPTAIR طب اعتذر ثاني لان الساعة عدت ١٨:٠٠ والطيارة ماطلعتش وماحدش هنا من مصر للطيران عند الجيت بيقولنا اتاجلت لإمتى. فشل فشل فشل	1	0
كل من يقف ضد مواجهة الإرهاب في مصر إرهابي #السادة_المحترمون	0	0
جبهة النصره تحرق الحافلات المقرره لمساعدات السوريين النازحين من حلب#حلب https://t.co/fYSAi9BRD2	0	0
#اسكندرية : محطة الرمل زمان أو دلوقت دايما جميلة :)	0	1
جمييل .. يعني بيكون فيه سقف رواتب وبيكون راتب ماكس لأفضل لاعب 👍🏻👌🏻 تقريباً زي ماقال بتكون نفس ال  #NBA وال NFL https://t.co/6zby9R1K4m	0	0
اليوم أُضيئت أعمدة قلعة بعلبك بصور السيدة فيروز....مش صدفة انو عيد ميلاد فيروز مع عيد الاستقلال...صوتك هو بحد ذاتو… https://t.co/uAwfcxyY3j	0	1
بما إنّو خف علك نفس النكتة،في 3 وزارات دولة تعكس نفَس العهد وما يحمل.أهمها لشؤون النازحين، الملف والتحدي الأكبر ب… https://t.co/hUIo9puqd4	1	0
شوف حجم التهليل والتكبير التهليل والتكبير لقتل رجل لم يصوب لك سلاحاً	0	0
عزيزى حامل عصا المقشا ومرتدى الخوذة البلاستيك فى اشارة رابعةانت الأمل فى التغطية على هروب بهوات الجماعةليكن شعارك هروب …	1	0
ومن أراد حكم الأهطل ربنا يتولاه	1	0
كلاب ونبحها واحد لا تثدقوهم #واشنطن	1	0
"سحر النوم والراحة مع #مصطفى_حسني ،، جميلة =)"""	0	1
نظراَ_لغلاء_اسعار_السيارات #أوبر مع السفير كار قررت تقبل جميع السيارات من موديل 2007 كل حاجة بتغلي، وكلنا محتاجين…… https://t.co/8PpElysSy2	0	1
البيان: #دبي أول مقر إقليمي لـ«أمازون» في الشرق الأوسط https://t.co/OsJ3LjUAkG - #الإمارات #بالعربي	0	1
#عمرو_اديب: #تركيا بتسف التراب الأسبوع ده#كل_يوم | #ON_Ehttps://t.co/VcAu1RDwIF	0	0
"""نحن في محراب رباني نواجه طواغيت الأرض ..."" الشهيد #صلاح_العزي سلام الله عليه وعلى جميع الشهداء #بورنموث #عمرو_اديب https://t.co/QFnElQhi9w"	0	0
بوابة #اليمن الاخبارية | هكذا يستفيد الطلاب من الحرب  فتحة لسور المدرسه تساعد الطلاب على الهربات. https://t.co/WjaIdRYeRD	1	0
عشان كذا يناير اجمل الشهور 😍 #christmas https://t.co/Wauy1GB7ud	0	1
لعنت الله عليك يسفاح الشام يقاتل شعبه  انت وسفاح الروس بوتن الله يورينا فيكم عزايم قدرته  https://t.co/9sIfHajIKR	0	0
ميريام فارس 😍💜	0	1
على #الاتحاد_الاوربي و #الناتو أن يعزل #اردوغان سياسيا ويبعد #تركيا منهم فقد انقلب على الديمقراطيه وأصبح دكتاتور وس… https://t.co/wWQlzgdBNz	0	0
إن كنت في العشرين أو إن كنت في الثمانين، ستبقين الأسطورة التي يراودنا حلم رؤيتها صغارًا كنّا أو كبارًا... #فيروز صوت لا يحدٌه الزّمان	0	1
1 رئاسة منتخبة لم تعصم دماء المصريات والمصريين وقبلت حدوث انتهاكات لحقوق الإنسان دون محاسبة	0	0
RT @thenewkhaleej: محلل صهيوني: اتفاقية الغاز بين الأردن و(إسرائيل) ستجعلنا نحصل على نحو 10 مليار دولارللحجب: https://t.co/ghQtAQt60xhttp…	0	0
RT @DRBARCAWY: #ميسي قليل أدب المدربين يحطون خطين دفاع وهو يضربهم بتمريره وحده ،، https://t.co/ihaZccq3jS	0	0
لو الانتخابات لم تزور لكان شفيق خسر حتما وأتوقع منك الا تشارك في هذه المسرحية التى لديها من المخالفات ما يبطل عشر انتخابات	0	0
@Yaqoobzz حاليا نوفاك قبله نادال قبلهم فيدرر الافضل على الاطلاق	0	1
منسق المساعدات الإنسانية لدى #الأمم_المتحدة: قرابة المليون سوري يعيشون حالياً تحت الحصار https://t.co/7cOkgqZkEf	0	0
6 أما طائفة مبرري الاستبداد والسائرين في ركب الإخوان الذين دافعوا عن إعلان الاستبداد واشتركوا في جريمة الدستور، لن تفيدكم بهلوانيتكم اليوم	1	0
#ستبقى_حلب  ولكنها ليست المشكله ، المشكله هى على اى وضع ستكون 😕#حلب#رحمة_للعالمين	0	1
حلب المحتلة الان تحت التجمد بدرجات حرارة  4- درجات تحت الصفر وغدا الثلاثاء 5- تحت الصفر#حلب #سوريا#طقس_العرب… https://t.co/Y31tfHo4Q3	0	0
في فن من أرقي الفنون في العالم تعلمناه من حبيبنا المصطفي إنه فن تجميع القلوب تعالوا نتعرف علي الفن ده و	0	1
خطاب عاجل إلى وزير التعليم: مدرسة الشهيد أحمد كمال في طنطا مأساة التعامل مع أسر شهداء الثورة:	0	0
@d4iyaan @lmaoforza مرحبا أخي أنا مارس الجنس الكلبة الخاص في بعض الوجه يتخبط غوتشي	1	0
تحية لجميع النساء في #يوم_المرأة_العالمي نحتفي بالمرأة كل يوم أماً وبنتاً وأختاً ورفيقة درب وحياة وصانعة أمم	0	1
انا كنت في سيرتك أمبارح مع قلبي وحنيني لك ❤ 🎼🎤 #اليسا	0	1
لأول مرة منذ 712 اسبوع بالتحديد في 17/2/2003يشهد تصنيف التنس الصادر اليوم عدم تواجد #فيدرر او #نادال في التوب 5 !!#نهاية_هيمنة !؟#تنس	0	0
لولا الانقلاب لظل الجيش والشعب ايد واحده	0	0
ذُعرٌ في برشلونة بسبب لويس سواريز! - يوروسبورت عربية https://t.co/Eru3cumYFU #برشلونة	0	0
تكثير وهدم #محطة_قطارات_اسوان دون الانتهاء قبل الموسم السياحي هي مؤامرة واضحة للعيان لضرب الموسم السياحي الشتوي #اسوان #عمرو_اديب #مصر	0	0
#انتخبوا_العرص #انتخبوا_البرص #مرسى_رئيسى #اين_رئيسى #_ #__ö	1	0
منذ عامين وحتى الآن كل ما قدمه أنصار تيارات الشعارات الإسلامية لمصر مجرد مشاريع خناقات مع العالم والكون وأبناء الوطن	0	0
RT @rahimmoheby: #إيران تصفي ضابطاً أهوازياً رفض القتال في #سوريا.#التدخلات_الايرانيه #الشرق_الاوسط #الخليج https://t.co/gIUnmMwhS1 https:/…	0	0
#قضايا و #ملفات : #أطباء #الكبد: الإصابة بــ #فيروس_سى فى #مصر بلغت 200 ألف حالة سنوياً 80% منها تحدث من #المستشفيات	0	0
عمر سليمان قتل و تعذيب المصريين في مبني المخابرات بالوكالة عن أمريكا، و قتل إخواننا الفلسطينيين في غزة	0	0
اجمل ما رأت عيني في #معرض_الكتاب ، ️	0	1
@abvd1234 البطاط رئيس حزب الله 😂😂	1	0
وكان حصار المتظاهرين واستئجار البلطجية لضربهم وقتلهم ومنعهم من العلاج كان كل هذه الجرائم لم تحدث ولم يرتكبها احد يا للنفاق الرخيص	0	0
"RT @Wesal_TV: #أردوغان لـ ""حيدر العبادي"" : الجيش التركي لن يتلقى أوامر منك فألزم حدك ، وأنت لست بمستواي ولست ندي وصراخك في #العراق ليس مهما…"	1	0
راشد #الغنوشي: لم نسمع أن بشار #الأسد أعلن عن توبة وتراجع عن نهج سفك دماء السوريين | تونس الآن https://t.co/5Z2a2IHxtN	0	0
@federista1989 ما لو الكلب قفل الرابعة كنا كسبنا بس كان فيدرر عظيم فعلا الماتش ده 😂	1	0
تشاريزارد أفضل بوكيمون  عندي كله يحب ينام 😂 https://t.co/8wcU7DI9Ws	0	1
شفت سلسلة افلام هارى بوتر كلها ف يوم واحد وهشوفها تانى انهاردا#عااااااااش	0	1
افضل فنان بحرف #ر#راغب_علامة#رامي_عياش#رابح_صقر#راشد_الماجد	0	1
هما فاكرين إن البلوك زعلده أنا كنت باحب أخدم بسلكن طالما لازمهم حرق دم ومالهيالله هاروح أفطر سيمون فيميهسلام يامعفنيين	1	0
شو بتلبق لك الرومنسيه ؛ و شو بيلبق لك الدور😍مبدع يا محترف👌👍برافو👏👏#رامي_عياش #أبو_أرام #بوب_ستار #أمير_الليل… https://t.co/ueSfTw4Evf	0	1
RT @moonnor27: اروع فديو #ههههههههههههههههاردوغان #يجلد العبادي و #يمسح بكرامته الارض  يمه فدوة اروح لاوردغان يمه برد قلبي هذا خوش رجا…	1	1
هناك بلاد منعوا فيها المساجد عن الاذان... 😦فقامت الكنائس للاذان والصلاة فيها ...😊 انها #فلسطين 😍❤💪	0	1
#عكس_السير: بان كي مون : بشار الأسد المخفق و الفاشل في القيادة كلف سوريا 300 ألف قتيل https://t.co/9ZCU6YYB7P -#Syria_feed	0	0
الرئيس مرسي المسئول الاول عن حقوق المصريين وكرامتهم اما ان يوقف الرئيس الخطف والضرب والتعذيب والمحاكمات العسكرية للمدنيين واما ان يرحل	0	0
"RT @TheBaghdadPost: #بغداد_بوست60 نائبا من""الأوروبي"": مذبحة سجناء #إيران عام 1988 جريمة ويجب تقديم الجناة إلى العدالةhttps://t.co/gRahSAb…"	0	0
روح بيع وطنك بعيد…👍#غزة#فلسطين https://t.co/mU1NFYViOD	0	0
RT @tarek_oo7: #من_دمشق_هنا_صنعاء الموت لآل سعود ممولي الارهاب ومدمري الاوطان بدولارتهم العفنة .	0	0
هو ليس مكانه طاولة الحوار المحترم إن عمر سليمان لا يؤمن بالحوار إنما يؤمن فقط بالقتل !	1	0
_ ولغايه ماتبنوا الكنايس جوامعنا وبيوتنا وقلوبنا وعيوننا مفتوحه ليكوا تنوروها وتنورونا	0	1
بنات عمارة انت الامل فى العيون #بنات_هندسة	0	1
هنادي بورحمه شكرًا على اقتنائج #كتابي #ثلاثة_ايام_فقط_كيف في مكتبة افاق #وداد_المطوع #معرض_الكويت_الدولي_للكتاب… https://t.co/PhKWiPOZRe	0	1
فلتقل خيرا أو لتصمت #خلق_جميل	0	1
ريييككككي مارتن قاي https://t.co/qwcP7eA8fB	0	1
#خليك_متحضر #معا_نحو_التحضر	0	1
#تفه_واحده_مش_كفايه لمجتمع متحرش !!	1	0
تلاحقك بهجة الأعياد في #لبنان  في كل تنقلاتك انها دعوة لقلب صفحة جديدة نتمناها أفضل #Christmas — feeling optimistic	0	1
#حماس من حركة مقاومة لحركة مسيرات وإدانات واستنكارات..ليس اﻷذان عندهم كقائد من قاداتهم الذين أدخلوا #غزة في مطحنة… https://t.co/rmdi1s6rqW	0	0
RT @heekmmm: اردوغان ليس عربي لكن وقف كمسلم يناصر العرب ومواقفه مشرفة أكثر من بعض  حثالات العرب!#مصر_تصوت_لصالح_المشروع_الروسيhttps://t…	0	1
@fans__14 مع ميسي فازوا على متصدر المجموعه ،بدون ميسي حتى اخر منتخب في المجموعه تعادلوا بصعوبه مانختلف وجود لاعبين كبار لكن مع المنتخب لاشيء	0	1
#طقس_العرب....كفاكم...تعشيم بالثلج...و هو بس برد....كلها نعم من الله و نحمده دائما..	0	1
بغض النظر عن نتيجة الاستفتاء سيظل هذا الدستور غير شرعي لانه خرج من لجنة تأسيسية باطلة تم تحصينها بإعلان دستوري باطل سوف يسقط دستور المرشد	0	0
للشموخ عنوان #السادات	0	1
RT @ahmedaldheem: #أماني_العجلان_عار_على_السعودياتالمذيع:السعودية وافقت على اسقاط الولاية في مؤتمر الامم المتحدة هي:لوعطيتك ايفون بدل سام…	0	1
#خلق_جميل عندما يفضح احد الاصدقاء اسرارك ولا تقوم انت بالمثل	0	1
ومين قال لك انها كانت نزيهة ده كان كمين وش	0	0
وحرامية بلدنا طلقاء يحكموا بلدنا النزيه#باسم_عودة فك الله اسرك انت وكل احرار بلدنا	1	0
انا ف كل امتحان ندير ف  #MannequinChallenge المشكلة مفش من يصورني	1	0
#Echomoda “بيونسيه” وابنتها بأناقة “غوتشي” “ولوران”: حقائب “غوتشي” Gucci تفضلها المشاهي... https://t.co/GP46cMFxv5 #ازياء #فاشن	0	1
هالايام تمر علي مواقف قديمة لكن مع أشخاص جدد #احساس_غريب	0	0
تغيير اوباما لموقفه لدعم الانقلاب يكشف نجاحا لاسرائيل فى رعاية الانقلاب اليهود بيحركونا ويساعدونا فين ايام شتيمة: انت يهودى	1	0
#فرنسا تدين العملية المتطرفة على #معسكر للجيش اليمني في #عدن @egyptiontoday https://t.co/oowK2JdTNA	0	1
"ما أدري من هو المطور المسؤول عن أماكن القروش السوداء في #SuperMarioRun، بس حبيت أهديه لقب: ""ابليس السنة"" 🌚.. يلا، ب… https://t.co/4c7wH7wsdH"	1	0
قبل قرد #ليبيا.. حمار فجّر مجازر في #لبنانhttps://t.co/YdD99RsYwV	1	0
@Jordanian_AD هههههههههه انا استنى جوال غوغل الجديد يمكن يكسر الدنيا 😂😂😂	0	1
م اليوم ورايح أسطورتي ف التنس أندي موراي طبعا بعد روجر فيدرر https://t.co/iavxbUeCkf	0	1
RT @dr_zayedalamri: #العراق٢. يا فخامة الرئيس انت اكبر تهديد للامن الوطني والقومي فكيف بك رئيس دولة تسلم دولتك لدولة اخرى مهما كانت علاقتك…	1	0
هو اللي عيونه ندوني مالعالم كله خدوني	0	1
الجحش بس هو الي يبقي فاكر ان تأييد #شفيق ثم #عمر_سليمان و رجوعاً لشفيق تاني ثم #السيسي من ابناء #مبارك و فلول البلد صدفة	1	0
رئيس الجمهورية ميشال عون يحقق أمنية شابة بإستقباله لها تقرير: علي عطويhttps://t.co/8mtL9I4Hq4 https://t.co/IcAjJzaDRR	0	1
@BOUGROURA @MohamadAhwaze  طيب السوريين النازحين ليه مايرجعون  ويحاربون بدل شتم دولتنا حسبي الله ونعم الوكيل تعال وانظر كيف يعيشون هنا	0	0
RT @HenryKesnger: لماذا باع أردوغان..القضية السورية؟لا ألومه بصراحة!!استثمارات يسيل لها اللعاب!يستاهل الخليفة لعبها صح!!... https://…	0	0
#لفيروز_من_قلبي_سلام #جارة_القمر #سفيرتنا_الى_النجوم #فيروز 81ىسنهفيروز اخر عهدي بيها انها كانت بتايد بشار من 2011-2012 تقريبا	0	1
في الطريق إلى أسوان لأول مرة منذ أكثر من 15 عاما بدعوة كريمة من الدكتور مجدي يعقوب لحضور افتتاح المبنى الجديد بمستشفى القلب هناك	0	1
عمة #هادي تعيش حالة قلق وخوف عين على #ترامب وعين على #الجنوب .#كيري سعى الى تهدئة جبهة الجنوب من  اجل تتفرغ لكيفيفة التعامل مع كرباج#ترامب	0	0
-دونالد ترامب توجه  لأداء فريضة الحج	1	0
@oamaz7 ما حولهن دمار من قبل ثوار الناتو وما الدليل أن من قتلوا نساء وأطفال عمر انت اخونجي؟!!	0	0
قال النبي ﷺ(لا يؤمن أحدكم حتى يحب لأخيه ما يحب لنفسه) صحيح البخاري #ريال_مدريد	0	1
"بحب بلدى و بكره الدم والظلم #سأنتخب_السيسي #تحيا_مصر"""	0	1
للنصر لحظة مراره لايشعر بها الا من ضاق طعم الخساره فى #بنغازى واعادة التقييم تصبح حاله نفسيه مزمنه ترى فى النصر كأن… https://t.co/V4WtcOAaOQ	0	0
اذا أجريت الانتخابات بنفس القضاة والضباط الذين اشرفوا على التزوير بنفس النائب العام مع احالة من يعترض الى محاكمة عسكرية النتيجة معروفة	0	0
"احتل هولاكو ⁧حلب عام⁩ 1260م وارتكب مذبحة بشعةفظن البعض أن الإسلام انتهىبعد 8 أشهر جاء نصر ""عين جالوت""#ستبقى_حلب#ستنتصر_حلب#حلب_تباد"	0	0
#ماذا_لو_المدارس_مختلطه راح توفرون مليارات وأنتم كيفكم عاد	0	0
شكرا لكل من شارك في البرنامج انتم شركاء في هذه الفرحة احسن فريق اعداد و اخراج و انتاج و كتابة فخور بشغلي معاكم	0	1
الطبعة الثانية لـ كِتابي (فاشن كوشن) أتحدث فيه عن الموضة والازياء بإسلوب ساخر هادف.صالة رقم ٦ جناح رقم ٣١ ❤️📓… https://t.co/NufaUkdLmw	0	1
انا بعشق اللعبة دي ❤️ https://t.co/78u8hANyL0	0	1
_ لا ده بيقوللك وسوري كمان وأعلى حاجة أن بيقوللك عبد البيادة وفي نفس الجملة بيهين الجيش	0	0
مخاوف المسلمين من الاخوان لا تقل عن مخاوف الأقباط ولولا تواطؤ الاخوان مع العسكري لما وصلنا الى هذه الورطة الطائفية قضت عليها الثورة نهائيا	0	0
كل من ينزل مظاهرة بسلاح أيا كان انتماءه السياسي هو مشروع قاتل يجب محاكمته	0	0
ولو قصفت طائراتهم وأضافوا عشرين دولة معهم. لن يغيروا مجرى التاريخ ولن يفلتوا من الانتقام والثأر اليمني طال الزمن أو قصر. #اليمن #السعودية	0	0
#باسم_طلع_حرامي ===== #عاشق_مصر	1	0
بكرا لابد السما لتشتيلي ع الباب ،شمسيات وأحباب بياخدوني شى نهارعيد ميلاد سعيد لجارة القمر ❤#فيروز https://t.co/6WtjNk0bSy	0	1
استحوذ عليهم الشيطان فأنساهم ذكر اللـه ۚ أولئك حزب الشيطان ۚ ألا إن حزب الشيطان هم الخاسرون ﴿١٩﴾ -- سورة المجادلة #Quran	0	1
RT @Rymyh_24: #السعوديه_الامارات #المنتخب_السعودى#فهد_المولد سيلفي ميسي مع هدف صديقه فهد المولد 😁👍🏻⚽️ https://t.co/5pUfX843HI	0	1
عدي وغسان أبو جمل ،ولاد العم ،العملية الاستشهادية المزدوجة في القدس المحتلة 18/11/2015 ،#عاشت_الذكري_ودامت_الثورة… https://t.co/lhdcw56jgM	0	1
RT @UsanewsNews: بالصوورابو سن يبكيبعدالقبض عليه من الشرطةبعد ظهوره بشكل مسيئالصوور https://t.co/5Ftr8tQKBT#مو_من_حقـگ	0	0
إطلالة أنيقة وانثوية من مجموعة غوتشي لخريف/شتاء 2016 https://t.co/2MG7282hjh https://t.co/9p5a6bIAk7	0	1
#ماذا_لو_المدارس_مختلطهلاختلطت القيم والمبادىء	0	0
تحية تقدير وإعزاز لذلك العبقري الذي اخترع الجبنة الرومي الفكرة جت في دماغه إزاي؟	0	1
هدنة #كيري وإتفاق مسقط لا يساوي شيء على ارض الواقع	0	0
شيء غير مقبول لادينياً ولا إجتماعياً وبوابة لمشاكل أحنا في غنى عنها في مرحلة حساسة مثل مرحلة المراهقة  #ماذا_لو_المدارس_مختلطه	0	0
#الاحد_4_ديسمبر  #سعودي_اوجيه_بدون_رواتب #سعد_الحريري موعدنا لنطالب بحقوقنا المسلوبة المصروفة على ولائم @saadhariri أمام بيت الوسط	0	0
RT @A_Alhalaqi: ما قام به اردوغان اليوم من جريمة اكرام بوتين وتطوير وتعزيز العلاقة معه، لا يقارن بذنب السيسي يوم امس بتصويت لا قيمة له.	0	0
RT @M__albugaily: مواقف الحبيبة مصر الدولية مواقف محترمة ويفخر بها كل مواطن عربي وعلى رأسها مواقفها الشجاعة بمحاربة الإرهاب بشكل عام وفي كل…	0	1
هو كل كلب ولا كلبة يمسك منصب فاكر أنه ممكن يتحكم في تاريخ البلد دي على أشكالكم الضالة #مبارك #أكتوبر #سيناء #نصر	1	0
أردوغان للعبادي: «اعرف حدودك» ولن نأخذ أوامر بشأن بعشيقةhttps://t.co/tbfwcrjvJO #ريال_مدريد #برشلونة	1	0
الجيش والشرطة والحكومة والبلطجية والاعلام يلاحقون الشعب لايقافه لو انتم رجالة بصحيح اوقفوا ارتفاع الاسعار الاسعار تقفز بجنون	1	0
بيكيه يسجل رقم مميز مع برشلونة في التمريرات الناجحة -  https://t.co/4tPgcCA0hF https://t.co/8IBLXN41jm	0	1
#ستبقى_حلب#ستنتصر_حلب(فدعا ربه أني مغلوب فأنتصر)والله لتنصرن ولو بعد #حين	0	1
كلها بقت احمد الشيخ اهو 😂	1	1
@alwaaaleeed @sindk4mindk @UmQr من جنسيات مختلفة إلا الجامعة العربية  ما شفنا هذا الشيء فيها سيطرة تامة على المسمى والمكان من أجل الاشتراكات	1	0
حلب  القلعة والأصالة باتت عاصمة للصمود وواثقون بقدرة أهل الشهباء على الصمود والتصدي  ستكون حلب المسمار  الذي سيدق في نعش الكفرة #ستبقي_حلب	0	1
والغاز مش مدعوم يا إنسان؟ وماذا عن الأسمنت والحديد والأسمدة؟ واضح أنك تفهم أقل من الحيوان	1	0
#لافروف#زاك_والنازي_بيصبحوا_بفولورزعملية استشهادية رابعة تدمر عربة BMP وتقتل 5 جنود قرب مشفى السلام  #الموصلhttps://t.co/j2rCUm2Vp0	0	0
حد يسأل سيسي لما قال بكره تشوفوا مصر يمكن قصده ان احنا هنبقي شحاتين وهنبقي فرجة والدنيا تضحك علينا	1	0
يخون #الإسلام ويخذل المستضعفين من #المسلمين في #سوريا ولا يرحم الأطفال اليتامى والنساء الثكالى والعجّز ويقول #مصر_لن_تركع! عمرها ما صلّت 🙏🏼	0	1
مهما بلغت لحاجة وخلقنة غوتشي الا انها مازالت اشيائها انيقة 	0	1
سنسمو على خلافاتنا السياسية والحزبية وسنعلى فقط المصلحة الوطنية ستنتصر ثورتنا وستكون مصر قوية بإذن الله	0	1
#عسكر_كاذبون #25يناير القادم يشهد توحد القوي الثورية #قوتنا_في_وحدتنا #6ابريل #اخوان #ليبرالي #يساري #حازمون …	1	0
الساكت عن الحق جبان ! لا مال و لا شئء ينفع فى الآخرفمن يقف على الحياد بين الحق و الباطل فهو مع الباطل بالتأكيد	1	0
@sho4255 @Hais1210 @MuniraFaisal  لو تستطيعى حل المشكله افعلى ولن يسمح الروس والامريكان بذلك للاسف أهل سوريا هم من فعلوا ذلك بأنغسهم	0	0
القائمة السوداء: بعض شيوخ الفضائيات الدينية الذين روجوا لأكذوبة اني ماسوني وأضافوا اليها بهائي وغيرها من الأكاذيب أيضا بحق ليبراليين آخرين	0	0
وهل يعتقد أوباما بأن قرارته المجنونة بمثابة الكتب المنزلة من السماء ، فليخسأ هو ومن معه ، ادحروا عدوكم واخذلوه أيها العرب ، إنما هو عار .	1	0
متى النهاية ياحرب #سوريا #فلسطين #العراق #بورما	0	0
مش عارفة اذا لسه رح نشوف ابشع!!! غير قلة الحيلة المستحية قدام اللي عاش وجرب. #يا_رب #شوية_أمل #فلسطين #سوريا #اليمن #بورما #الجوع ب #افريقيا	0	0
RT @RaniaAbdallah: و لا الاهطل ده اللي طلع الساعة ٢ الصبح قالك هنعمل جيش إسلامي لمحاربة الارهاب !! اخبار التحالف الأهبل  ده و لا عافصة الحز…	1	0
شجاعة بنات مصر الثوريات لا تقلق نظام مبارك فقط لكنها تزعج الجبناء فاقدى النخوة الذين يقبلون الذل من اجل السلامة ويرفضون الثورة لكرامتهم	1	0
"#مهرجان_القاهرة_السينمائي يكرّم ""صانع البهجة""https://t.co/Nz5ZeXy5u2 https://t.co/CDgekdbW50"	0	1
_ منطق فاشل وكاذب دول متصورين بالأسلحة وفيه ضحايا سقطوا من الشرطة في الإعتصامين مش هتعرفوا تغيروا التاريخ	0	0
فنانة لبنانية كبيرة  صوتها إسطوري ؟! #ماجدة_الرومي   @majidaelroumi #نجوى_كرم  @najwakaram #نوال_الزغبي  @NawalElZoghbi #جوليا_بطرس	0	1
"RT @alkhaleejelarab: مدنيه لـ""الخليج العربي"": أبو الغيط يسعى لإعادة المجرم بشار الأسد لمقعد سوريا | بوابة الخليج العربي https://t.co/t21u0j…"	0	0
أقسم بالله إن البدون فيهم من هو أشرف وأطهر وأكثر وطنيةمن اللي يحمل إسم كويتي فقط وهو خائن عميلوخلية حزب الله أقرب… https://t.co/sEyPRKm3Cw	0	0
وبواب بواب شي غرب شي صحاب شي مسكر وناطر تا يرجعو الغياب#فيروز ❤️❤️https://t.co/80Gs3H91Hf	1	1
RT @Trust_11111: اكبر سبب لظهور الإرهاب هو قمع الشعوب الأسد و حلفاء الأسد مثل السيسي أنظمة الاستبداد تصنع الإرهاب لقمع الناس لقمع الستات…	1	0
#لبنان يحتفل بعيد ميلاد #فيروز الحادي والثمانين https://t.co/C4bp6WHsw1 https://t.co/rTCjOE2kbF	0	1
نهب البنوك يسير بشكل يومى واموال الناس تتبخر علنا ولا يوجد مسئول فى القطاع المصرفى يعترض او يستقبل ==	1	0
الفهم المصري المتحضر للإسلام أسس له الامام محمد عبده عام 1899فانطلقت مصر العظيمة لتبدع في كل مجال حتى وصل إلينا الفكر الوهابي الرجعي المتطرف	0	0
الاحتفال بعيد #الاستقلال خيانة عظمى بظل استمرار #الاحتلال !	0	0
تكبيررررررررررررررررر مسيرة احرار #المعادى الان	0	1
لا يعلم مدى قساوة ظروفهم إلا الله ..هون عليهم خفف معاناة النازحين السوريين بعطائك. . مساعدات… https://t.co/JyZqSCnBAw	0	0
قوات #الاحتلال تقمع المشاركين في مسيرة كفر قدوم المناهضة للاستيطان، قبل قليل، وتطلق قنابل الغاز والصوت بكثافة صوبهم.	0	0
@BlackGamer10 @dubayan انا كمان اتابعها بس في الفترة الاخيرة سارت كلها بوكيمون	0	0
متعودتش اشوف ف الناس غير الجمال #حمزة_نمرة	0	1
RT @BahaHkeme: ليسمعها #العالم أن كل سلفي يبغض #الإخوان_المسلمين و #خليفتهم أردوغان لمنهجم #الفاسد ومع هذا لم نجيز #الثورة عليهمايام حكم #…	1	0
أنا بعد ما عشت المعاناة السنادي لا يمكن أخلي ولادي يكرروها مالها صناعه ! #ثانوية_عامة	0	0
وهذا ماقلته اليوم مع محمود سعد لمن أراد أن يدرك حقيقة أكذوبة الإستقرار الذي يروجون لهتصبحوا على خير	0	0
@Celebrities_Mag  مـلـكـة الأرقـام  #إلـيـسـا	0	1
RT @AlghamdiProf: #هاهم اليهود يدرسون التوراة حتى داخل اقسام الشرطة بينما يطالب رموز العلمانية عندنا بغلق حلقات التحفيظ ونبذ الاسلام بزعم أ…	1	0
#حماس تختطف أبا ذر #المقدسي من شارع النصر غرب مدينة غزة صباح اليوم المقدسي من قادة التيار الجهادي في بيت المقدس وهو مطلوب #لإسرائيل	0	0
#ستبقي_حلب حلب ستبقى وصمة عار على جبين كل عربي وكل إنسان حول العالم. سيكتب التاريخ هذه المأساة بحروف من خنوع وانصياع أمام الظلم	0	0
@fans__14 مع ميسي فازوا على متصدر المجموعه ،بدون ميسي حتى اخر منتخب في المجموعه تعادلوا بصعوبه مانختلف وجود لاعبين كبار لكن مع المنتخب لاشيء	0	0
باعتقادنا ان هيلاري كلنتون ستكون رئيسة أمريكا نظرا لما قدمته خدمة لدولتها في التهيئة والتخطيط لربيع فوضى العرب 2011 ونجحت بالايقاع بالاخوان	0	0
"اللي متصور إن حل مشكلة الصحافة الحكومية بإنك تجيب حتى ملايكة رؤساء تحرير يبقى غلطانوالدليل كتاب صباح حمامو: يوميات ""صوحفية"" في الأهرام"	0	0
قصة العجوز الحكيم و محرك السفينة رااائعة	0	1
بصرف النظر عن شغلها ولا اي حاجة تانية بحب في #فيفي_عبده ان اللي في قلبها علي لسانها ملهاش في النفاق زي معظم الوسط الفني	0	1
كلب إسرائيل وسيفها الإرهابي بوتن قاتل النساء والأطفال ظهرت حقيقته الإجرامية الحاقدة ، وكل الدول تقف معه قلبا وقلباوتعمل على بقاء السفاح بشار	1	0
احمد فتفت صار مغضوب عليه  بمجرد اعترضو على ميشال عون . (ديمقراطيه)😂😂	1	0
@AbuEmad74241481 @Cesars2014 هههههه حزب الله حطموا اسطورة الميركافا الاسرائيليه عام 2006 بينما السعودية كانت مهتمة في بول البعير	1	0
RT @JannetForster: البنات اللي م صامو بقولكم ترا رمضان قرب و الوقت قليل ف اللي ناسيين حبيت اذكرهم	0	1
"يعني ريكي مارتن العالمي حب شاب من سوريا !! بنات جامعة ""البا"" اللبنانية ما بحبوا الشباب السوريين  #عادي_عهر_العنصرية"	1	0
تدهور الحالة الصحيّة لعائلات شهداء وجرحى #الثورة المضربين عن الطعام	0	0
"القرآن الكريم مُعَّلق في بيوتنا ولكن لم نشعر أننا هجرناه كما شعرنا أن #الواتساب_معلق ! آخر حالة ظهور للمصحف عند البعض""ر…"	1	0
RT @_sara_iq: حقهم يا علي داعش يكرهوك لان ربهم هبل و انت حرگت ربهم https://t.co/G4YtF4oPib	1	0
ترقصين بعرس واطالعين فوق وتحركين حلجج يعني حافظه الاغنيه:)؟ #لازم طلقه بالراس:)	1	0
"RT @caironewsportal: #خالد_المهاوش عن دعم #مصر لـ ""#الأسد"": من يقول غير ذلك كمن يغطي الشمس بغربال""https://t.co/wjTa7I3dCo#السعودية #سوريا…"	1	0
"شبكة رصد الإخوانية بتسلم ابنها ""عمر فرّاج"" تسليم زفر وبيقولوا انه جاسوس لتركيا ،ويقولك احنا إخوان #سلملي_على_اخلاق_الجماعة #مصر #فلسطين"	1	0
مو معقوووولة لاعبين بهالحجم غياب لاعب حتى لو هاللاعب هو #ميسي ياخي شلون تبي تحقق مونديال وأنت بدونه ضاااااايع !!!!#الارجنتين_البارغواي	0	0
حزب ايران سمح يكون سعد رئيس حكومه.حزب ايران رفض اعطاء وزاره سياديه للقوات.حزب ايران فرض ميشال عون .وبقولوا ان هيدي شجاعه من سعد😂	1	0
باﻷحضان يا غالية #الجونة	0	1
هكذا يتعاون حزب الله مع بشارالبعثي العلوي ومرتزقة #إيرانو أفغانستان والعراق ويقودهمملحد صليبي روسي لقصفأطفالنا… https://t.co/JcLN9KtDeC	0	0
1: #عبدالله_شعبك_يحبك #الملك اسأل من هو في ملكه مقيم ، وفي جلاله عظيم وعلى عباده رحيم ، وبكل شئ عليم ان يشفيك 	0	1
RT @a10892944: انتي ممحونه انتي .. انتي تنزلي صور ولاد وتقولي هييييح انتي 😂غوتشي غوتشي غوتشي 😁	1	0
RT @HayderAmirali: #erdogan_is_isis #اردوغان  الأرعن لاتنسىواذا نسيت سنذكرك من نحن#الحشد_الشعبي شجاعتنا من حمزة وعلي والحسين. https://t…	0	0
RT @LC260L2mVtCMW7E: #الصرخي_الأمانة_منهجنا :السيستاني خير مَن خدم وجود الاحتلال في العراق!!! https://t.co/Mp9h2WQSdR	0	0
هيلاري كلينتون و دونالد ترامب في تاني مناظرة كمان شوية.. لما نضحك حبة D:	1	0
بالفيديو: دعاية جهاز ايفون من أجمل مارأيت ولااروع - #السعودية... https://t.co/ndG7yh1CzD	0	1
سلام وحب لقيثارة الروح كل سنة وانت طيبة  #فيروز	0	1
نص اكاونتات هاري بوتر دارولي فولو 😂💗	0	1
"ما يقال عن صدور ""مذكرة تفسيرية"" للإعلان الدستوري ""ضحك على الذقون"	1	0
بلجيكا تندد بمصادقة إسرائيل على بناء 98 وحدة بالضفة الغربية https://t.co/dZe9NuP5p5	0	0
RT @almonajjid: صوم #عاشوراء لمن عليه قضاء رمضانhttps://t.co/L9xW434oA3#الإسلام_سؤال_وجواب	0	1
ويندوز 10 لما بيعمل ابديت بخرب بدل ما بحسن	0	0
حلو ريكى مارتن يا بت ؟ بتحبيه صح ؟! طلع لامؤاخذة اهو .. https://t.co/imhMw1XZdz	1	0
"يوسف الحسيني يفضح كذب قناة الجزيرة ويكشف تمثيل الاخوان دور الموتي تحت اشراف الجزيرة """""	0	0
اعلام العار ساند منتخب مصر فى غانا لينسب الفوز لسيسي فخسرنا بالستة وتجاهل الاهلى كرها فى ابو تريكه ففزنا بكاس	0	0
"RT @feisal_amnah: وهو عالق تحت الانقاض بجانب جثمان أخيه يحالون اسعافهوكأن حال لسانه يقول أنا الذي أموت لا أنت ""تعجز الكلمات عن وصف معانات…"	0	0
"لن تعيدونا إلى ""#الظلام"".. ب""الأحضان"" نبني #ليبيا.. رغم ""#المُفخّخات"" و ""#الانفجارات""."	0	1
ريال مدريد نادي فخم مااشجعه بس مدري شفيني عليه 💘😍.	0	1
اثنين في هذا الزمن : ما يعيشون راعي الضمير ومن يقول الصراحة#حقيقه #معرض_الكويت_الدولي_للكتاب	0	0
الصحافية ميشيل #جبران_تويني: طريقة التعاطي مع الوزارات وكأنها حصص طائفية يملكها الأطراف مهزلة ووقاحة غير مقبولة. تحالف الجميع فمن يُحاسبهم؟	1	0
نوربرت هوفر: اليمين المتطرف بات حقيقة قاتمة في بلدان عدة وهناك تحديات كبيرة تنتظرنا https://t.co/bV77jmTlgD https://t.co/AnLFzI9Yc5	0	0
#مصر_القوية |11-حذرنا من خطر تحول سلطات الدولة لمجرد سند لسلطة عسكرية لا تفهم سياسة ولا تعي معنى الدولة ومهامها وحدودها خارج فكرة حمل السلاح	0	0
لأول مرة في حياتي بشعر بعدم الرغبة بمشاهدة هاري بوتر لآخرو	0	0
من يقف على الحياد بين الحق و الباطل فهو مع الباطل و عندما ينتهي كل شيء لن تذكر شيئا من كلمات أعدائك لكن صمت أصدقائك سيترك أثرا لن يزول!!	0	0
أخص بالشكر د محمد البلتاجى الذى المت به أزمة صحية لجهوده فى تجميع الصف الوطنى لتأسيسية الدستور وأسألكم الدعاء لرجل وطنى بحق	0	1
واضح من كلام الناس ان مدرب الارجنتين بوذا .. اسوأ من تاتا مارتينو المدرب ده اول ما لاعب ميسي وهو عارف انه مصاب قولت عليه ملوش فيها	0	0
لن تصل مصر مطلقا الى كأس العالم الا عندما تصل الديمقراطية الى مصر بلد تقتل ناسها وتلاحق جمهورها العاشق للكرة	1	0
RT @Fahd_Alshelaimi: رئيس وزراء العراق الموقر: نفط العراق يتم نهبه من حقلي علاس وحقل عجيل في صلاح الدينرسالة احد العراقيين الغياري ارسلها…	0	0
#اليوم_العالمي_للغة_العربية يفترض لها كل يوم وكل ساعة؟ لغة القرآن الذي نتلوه يوميا لغة التعليم المدرسي لغة العبادات لغة امة الخير	0	1
لبنان: ’’سخرية’’ من تعيين رجل وزيرا لشؤون المرأة https://t.co/MWRCjjXo5g	1	0
لواء القدس الفلسطيني يقوم بمساعدة شبيحة النظام من أجل تحرير #حلب وليس تحرير #القدسعرفتوا ليش ما تحررت #فلسطين يا عرب🤔#سوريا_مقبرة_المجوس	1	0
صدور قانون تشكيل الأحزاب دون أي حوار ونفس الحال بـالنسبة لقانون مباشرة الحياة السياسية يقلص مضمون أي حوار وطني ويفقده جانب كبير من مصداقيته	0	0
ليه يوصلوا الواحد في سنة إنه يكره عيشته واليوم إللي إتولد فيه؟ #ثانوية_عامة #علمونا_صح	0	0
"اتهام شركة ""أبل"" بالاحتيال على المستخدمين #اتهام_شركة_""أبل"" #بالاحتيال_على_المستخدمين https://t.co/QF66XmxTrX https://t.co/RO0ggEWUBd"	0	0
RT @hosm_sa: جند الأقصى سابقا تريد حقن الدم وتقدر جرح الشام االأول وهمها الأول فك حصار حلب واستمرار معركة حماةلذلك هاجمت نقاط للأحراربتحتا…	0	1
لما قالت نوال الزغبي لابقلها هاللقب فرحوا فانزها 😂😂😂كان لازم ياخدوها اهانة مش ثناء https://t.co/J8XDIQdSLe	1	0
نوال الزغبي  صوت الهدوء ❤️❤️	0	1
أعجبني فيديو @YouTube من @ajplusarabi https://t.co/5J7JILcCZ9 استياء واسع من دونالد ترامب	0	1
يعني بقول اهلي و ريال مدريد و مانشستر يونايتد و القي حد عامل رتويت الزمالك اية القرف ده	1	0
@_Majd_ القم ياوضيع هذا حال منتخبك بدون ميسي	0	0
احببت فيك هذا الضني الناطق المعبر انها الانسانية كلها في قلب رجل #مصطفي_محمود #ضي	0	1
#هدنة_حلب تدخل #الآن حيّز التنفيذ لإجلاء نحو٣٠ ألف من السكان المحاصرين في #حلب بدءً بالجرحى ثم كبار السن  ثم مسلحي المقاومةو #جبهة_النصرة	0	1
في أسبوع واحد بس 3 أحكام مثيرة للجدل أصدرت في #مصر1- براءة نجلي #مبارك2- الغاء حكم الاعدام لـ #مرسي3- رفع #أحمد_شفيق من قائمة الترقب	0	0
ليس عندي أدنى شك أن أنصار تيارات الشعارات الإسلامية سيلجأون قريبا جدا لتصفية المختلفين معهم في الرأي هروبا من فشلهم في حل أزمات الواقع	0	0
الصفحة الرسمية لصناع الحياة مصر تهنئكم بقدوم عيد الفطر المبارك كل عام وانتم بخير	0	1
الشعب #المصري اجمل حاجه فيه ان في وسط #الهموم بيقدر يخلق #الضحكه	0	1
تمويل الشباب لشراء سيارات ونقل ركاب #كريم و #أوبر #توطين_التاكسي_الخاص #فرص_عمل #السعودية… https://t.co/sRNdmXrxK2 https://t.co/bMQO1Tk1Og	0	1
السذج صدقوا هجوم الاعلام على باسم يوسف اذكرهم بهجوم عماد اديب ولميس وخيرى وتهديدهم بمقاضاته بعد اول حلقة المرة	1	0
مات #الرجال الذين  لا يستحقون #الموت وعاش #الأنذال الذين لا يستحقون #الحياة #بوكيمون https://t.co/sZv6Lkl2jy	0	0
يريدون ليطفئوا نور اللهحسبنا الله ونعم الوكيل #القدس https://t.co/trNxfs2S2E	1	0
@mshare_mt على أساس عالمية النصر نفس عالمية ريال مدريد وبرشلونة ومانشستر ياخي بالله ماتسحتون لما تقولون عالمي :)	1	0
محمد الذهلي:ثقافه تنفع القريه ورزانه يعني بإختصار لو يحطونه واجهه القريه والله انه يشرف ماشاء الله ولا قصور بعيالنا🌚 #حزب_الاعاده	0	1
تصبحو على ألف خير 😙#نادين_نسيب_نجيم #nnn@nadinenjeim https://t.co/FYBO2wc7g5	0	1
@bassamjaara كني نسيت يا حج بسام انو فلسطينية #حلب ضلو يحمو فرع المخابرات الجوية لمدة سنتين قبل ما يتدخلو المليشيات الشيعية ! #سورية #فلسطين	0	1
لا يوجد تيار بقوة هذا الشعب العظيم الذي قام بالثوره	0	1
#حلب_تباد_بصمت_عربيمصدر معلومات الإعلام (الغربي الاشتراكي) هو الأمريكي بلال عبدالكريم إعلامي #جبهة_النصرة 😆👇 https://t.co/geicDIaYwd	0	0
RT @Xxsarsa: #واشنطن_افتعلت١١سبتمبر اتوقع دي المفروض تحاسب عليها هيلاري كلنتون دعمت القاعدة في أفغنستان ضد الاتحاد سوفيتي ...! https://t.co…	0	0
RT @FalahALsawag: وما النصر الا من عند اللهتوافق المجاهدين على كلمة سواء فوحدهم الله وثبت اقدامهم ونصرهم على الطغاة المجرمين ولله الحمد.…	0	1
@m7md_elissian كلك زوق بجد، والأكيد إنه يلي لقيته فينا بعضٌ مما عندكم.. لإنه فانز #اليسا بجننوا متلها قلباً وقالباً😉❤ تانكيو	0	1
أنا راجع من الساحل وسأسعى للحضورًباذن الله الف مبروك	0	1
الجو ف السلاب روسيااا 😂😂بره السلاب السودان 😂😂	1	0
كفاية عندك التايملاين ولو لسه مش فاهم يبقى مش مشكلتي حتى الآن كل الردود اللي بتحاول اما سخافة او قلة أدب او محاولة من واحد مش فاهم لغة	0	0
كندريك لمار عبقرياللي يقول عليه بوب ديلان الاسود بيظلمه https://t.co/98Nfmo5zel	0	1
RT @moonnor27: Shia militias crimes شاهد ركز قارنمكة بالحج وعاشوراء بايرانهنا الفرق بينالاسلام و #الرافضه بين التوحيد و #الاشراك والل…	0	0
@ManOol__A الصيف كله اجازه استاذ بس الحلو رمضان دواااام 👌🏼	0	1
الأرجنتين بدون ميسي مثل الشتاء بدون مطر .. ☔️🌧	0	0
تجاهل الاعلام الحقير لضحايا معدية قنا الذين غرقوا فى النيل يكشف انهيار الحق لو أيام مرسي كانت الولولة والدموع للركب مش كده يا منى	1	0
نعم بين قيادات جبهة الإنقاذ من لايصلح لإدارة جريدة ولكن ماذا عن إخوانك أليس فيهم من لايصلح إلا لإدارة بقالة أين نقدك لهم	1	0
اليوم بقالي سنه تقريبا ع #تويتر انا واحده من الي اضحك عليهم ف #25_يناير وسبب رئيسي من نشأة الحساب اني افهم ابعاد المؤامره من اصحاب الفكر	1	0
اتقدم بالشكر الجزيل للفنانة القديرة هالة فاخر على رايها الذى اعتز به كثيرا	0	1
أنعي إلى كل مصري وكل عربي المناضل زكريا محي الدين الثائر ورجل الدولة من حجز مكانه في أنصع صفحات تاريخنا المعاصر، رحمه الله وألهمنا الصبر	0	1
#اغيثوا_مسلمي_بورما_وسوريا #ستبقي_حلب #الدعاء_الدعاء_لاهل_حلب اللهم نصرك الذى وعدت https://t.co/x2Znv7pB7j	0	0
الاتحاد الاوروبي يهنئ لبنان على تشكيل حكومته الجديدة برئاسة سعد الحريري  https://t.co/JDegGmpHhC	0	1
#افضل_طقم_لروجر_فيدرر طبعاً كل طقم على المآيسترو يزيده فخاآامةة.. بس هالطقمين الأجمل 💙💜 https://t.co/tN7gZkKD2T	0	1
#حقيقة و #نصيحة الافكار اللي بتجيلك قبل النوم دي لازمالها ورقة و قلم عشان بجد بتبقى جامدة على المدى البعيد #اه_والله	0	1
@amaniiiiiiz  هههههه اهلا انت جيت شهقه رمضان نورتي ياموني😜😍	0	1
ريكي مارتن بعد حريم العالم كلها اللي قدامو اختار انه يخطب جوان . جوان دا واحد من اصول عربية . وانا اللي كنت فاكرك نينجا 😂 طلعت ....	1	0
@Lebanonontime ليس النقض حقا و لكنه الارهاب ! #لافروف اليس سخيفا ملاحقة الارهاب وهو يقيم في #مجلس_الأمن #بدنا_نحاسب #هوا_الحريه #طلعت_ريحتكم	0	0
لعل من حكمة الله اعتقال قيادات #الإخوان الان قبل ان تتسع ثورة #مصر ويتصاعد غضبها ليطهر البلد من كل خائنساعتها لن يقال ال…	0	0
#فلسطينقبل قليل:مصرع مواطنة جراء انفجار اسطوانة غاز في منزلها بيطا جنوب الخليل.	0	0
@AAlqirbi جزيك الله كويس حزبك في مهب الريح طلع حزب ولا يسوي ريال وين الرواتب	0	0
RT @Sniger7: الحمد الله وبعد مشوار طويل عن بحث #بوكيمون جارى التحميل 💪💪	0	1
قبضت كام من ساويرس كله في ال #فسسسسسس	0	0
فضيحة في سوريا بسبب غوغل تؤدي لطرد موظف كبيرhttps://t.co/IpzxvpS270	0	0
"RT @WajdWaqfi: عفوا؟ ""اوباما سحب هيلاري كلنتون معاه""؟! هههههه هيلاري لم تذهب لجنازة بيريز. عن جد كاذب و مضلل https://t.co/uDU3xXoWEY"	1	0
لما الناس تهاجمك عشان ظلمك وكذبك تقوم تطلع لهم فيديوهات لناس كانت بتشكر فيك افتكر إن المنحرفة بدل ما تتوب بتقعد تفتكر شرفها اللي ضيعته	1	0
اشكر جوجل لإشباع رغبتي قليلاً في سماع صوت الحوت https://t.co/HcpbmTrloz	0	1
@nba_155 ياخزياه بس صارخت صراخ وازعجتكم مشكلة التوقيت الشتوي للمباريات ههههههههههههههههههههه	1	0
المسلط: إيران تمول الإرهاب.. وشعبها يعاني الفقر https://t.co/ZUs4d3TVRC عبر @YouTube	0	0
ثمانون عاماً ويزيد وانتم بين ممنوعة ومحظورة ومطاردة وإرهابية وصاحب القرار دائما طاغية إذن انتم اهل الحق امام كل سلطان جائر #انصاف_الاخوان	1	0
RT @barca1yousef: هذا وضعكم بدون ميسي يا تافهين يا عاهات	1	0
مسيرات ومظاهرات فى كل أنحاء مصر الانقلاب لا يعبأ بالرفض الشعبي واعلام العار يحرضه على قتل وقمع شعبه لا أحد يهزم الشعب	0	0
RT @FCBW_A7: غوميز : قادة الفريق (ميسي وإنييستا و بوسكيتس) ساعدوني كثيراً منذ يومي الأول في التدريبات، و فهم التكتيك و ايضاً التقرب الي باق…	0	1
RT @d4iyaan: @LIGHTSKINNlGGER @lmaoforza والله أريد غوتشي نعال ولكن والدتي ربما ضرب لي معهم	1	0
الي #حمدين_صباحي: لو أنت عاوز تحاكم #السيسي يبقي أنت ما فرقتش كتير #عن اللي حاكم #سليمان_خاطر #نقطة #مصر #الانتخابات_الرئاسية #اليوم_السابع	1	0
RT @mohamedghorab32: على طريقة الزمالك .. برشلونة 2x2 يستعد لغزو العالم https://t.co/On0zFi19YW	0	1
"الاعتداء على التظاهرات السلمية مسؤلية من بيده السلطة ،و لا يمكن ان يقال انه ""خطأ غير مقصود"" التعامل الآمنى هو استمرار ""لمصر القديمة "" !"	0	0
يخرب بيت الوسط المنتهي	0	0
شوضع المتحجبة اللي راحت حق جستن بيبر ولمته وباسته ورقصت معاه انزين احترمي اللي فوق راسج اذا انتي مو محترمة	0	0
ثلاث سنوات و روحه معنا معياراً للمبادئ اللهم ارحم محمود عوض و أدخله فسيح جناتك	0	1
@malak_alhusaini احس هذي المره في امل تنتبه لي وتفوزني يارب يارب ايفون 7 او ماك بوك اي شي يارب حقق لي	0	1
كلمتي: بالفيديو عمرو أديب:  أصبحنا نكتة ومسخرة العالم #عمرو_اديب https://t.co/LgioBlY50u https://t.co/4QjIpE1FgO	0	0
أما بالنسبة للشامخ فده يدلَّع ونقوله يا أبو شامخة	1	1
في شي انتهى بيناتنا لما ابتدى..بعدك انا شو بخاف ما صدق حدا..يمرق عليي الشوق.. يهـرب عآلهـدا..#اليسا	0	0
@FahadEs_ @axc7779 متخلفين  جهله ملهمش علاقه بي الدين الاسلام برياءمنهم ومن افعلهم  دول اوسخ من اليهود	1	0
لابد من إقالة وزير الداخلية ومدير أمن بورسعيد ومحافظها فورا أرسلت للدكتور الكتاتني مطالبا بجلسة استثنائية غدا لمجلس الشعب	0	0
عداء الانقلاب لكل ما يتعلق بالاسلام فظيع هل هم الصليبيون الجدد باسماء ووجوه جديدة؟	1	0
اللقطات التى تنشر من لجنة كتابة الدستور توحى لنا ان مصر دولة بلا دين ولا اخلاق ولا قيم ولا تاريخ ولا رجال	0	0
ابوي يقول اذا عجزتي بتصيرين زي هيلاري كلنتون هههه🙂💔	1	0
"وحدتنا التي أفسدتها بإخلافك المستمر لوعودك؟ والإعلان غير الدستوري الذي قسم المصريين؟ "": قوتنا في وحدتنا #الرئيس"""	0	0
لمن يعتقد ان صداقتي بجون ستيوارت اليهودي تهمة,شوفوا حلقاته:هاجم منع المآذن في سويسرا,ومنع مسجد منهاتن وهاجم اسرائيل في اللي بتعمله في غزة	0	0
نتهم عصام العريان وحزب الحرية والعدالة بإحداث فتنة وقتل وإصابة مصريين	0	0
مئوية الثوره العربيه احتفال الجامعه الهاشميه: https://t.co/7lMUwttfi3 عبر @YouTube	0	1
RT @AlMayadeenNews: اليمن: الحوثي: لولا الدور الأميركي في العدوان لما تجرأت #السعودية على ارتكاب الجرائم بحق الشعب اليمني  https://t.co/gDs…	0	0
@its_NBA @monaa_ksa روووعه صح السانك تجننن	0	1
الحملة الشعبية لمكافحة الأفْورَة	1	0
حدا فات ع غوغل و سأل قديش الشيعة بالعالم؟!قديش الشيعة بالهلال الشيعيقديش الشيعة بلبنانولى ولى ولى مين قارينا 😂😂😂😂😂😂😂	1	1
@6Imoha9 @dubayan المشاهير ؟ يعني بالله يهمك اخبار مؤخرة كيم كارداشيان و لا رموش كيندال و لا علاقة بيونسيه بزوجها ؟ و الميكب فعلا ماله داعي	1	0
اي أمرأة تصنع الحب والايثار والاهتمام والعطف والحنان مؤهلة ان تصبح أم مثالية حتى لو كانت مارلين مونرو! #فيفي_عبده_الام_المثالية	0	1
مستقبلنا مرهون بأن نخرج أنفسنا من الظلمات الي النور حزب الدستور: قيم إنسانية عدالة اجتماعية عقل علم معا سنغير	0	1
RT @Ahmedsabry10050: الناس دلوقت منقسمه ل3اقساميابتتجوزيابتفرح بالنتيجهيابتلعب بوكيمونوانت بقي بتعمل ايهلاانا هدفى أكبر من كده بكتيرب…	0	1
@f9oo @YouTube الإعلام الغربي ختم على كل مسلم إسم إرهابي و أصبح المسلم   مضطر لأن يثبت براءته بإستمرار و ضع لا يحسد عليك	0	0
الف الحمدلله .. و يا رب تكون النهايه سعيده ويمرء العيد على خير وننبسط بـ نادين والمسلسل والنهايه والعيد 🙏🏻🙏🏻… https://t.co/FEyJDtkU0Q	0	1
يسعد صباحك يا أمير لبنان  #رامي_عياش  #أمير_الليل @RamyAyach	0	1
(بأي ذنبٍ قُتلت)؟! #مجزرة_رابعة_العدوية #السيسي …	0	0
الواحد كل لما يركب مترو ويجي ينزل منه بيبقي نفسه يكتب ع المترو وهو خارج البؤساء	0	0
"اكراد سوريا ""مودرن"" جدافتياتهم يقاتلوا مثل الرجالورجالهم يتزوجوا رجالفلقد اعلن المطرب ""ريكي مارتن"" خطبته مع الكر… https://t.co/s6GRsBc0p0"	1	0
عجبني الموضوع #عادل_إمام إفيهات لا تنسى https://t.co/dvzcl4DOfD عبر @FilFan	0	1
صالح جمعة احمد الشيخأكرم توفيقمحمد حمدي زكيميدو جابركل دي لعيبة اشتريناها و كلفتنا ملايين ..  واللعيبة دي... https://t.co/4wrjziawZo	0	0
كلمة مرسي الموفقة في طهران حيتم توظيفها جيداً في الداخل بصراحة ما أقدرش ألوم الإخوان على استغلال مكاسب سياسية خارجية لخد	0	1
احا!........ تخيلوا لو بوجبا دلوقتي ف ريال مدريد بعد ما دفعوا فيه ١٠٠ مليون و ايسكو مثلاً  كان مشي......	1	0
"ونقوم ولا شيئ يوقفنا لا أبو جهل جهله يحرفنا ولا أبو لهب هيخوفنا ماحناش ضعاف قلالات حيلة آه ياجميلة"" عمار وسيد"	0	1
مش متخيل أن ف حد ممكن يدعي ع ابوه او امه مهما كانوا خنقيين او عصبيين بس لﻷسف في #بر_الوالدين ياوﻻد الجزمه	0	0
#طارق_الزمر: فتاوى #برهامي تروج لاغتصاب الأمة أو السلطة	1	0
ألف مبروك	0	1
حلف الرذيله / حزب الويسكي / #فيفي_عبده مفكره وعظيمه / #عادل_امام قدوه الوجه الآخر لـ #داعش	1	0
خامس مرة فيه بيان إدانة أو استنكار أو تعزية صدر عن الإخوان فيمن مات أو اختطف أو عذب من الجند والعمال والأهالي غيرالإخوانج…	0	0
عمرو موسي وهو يشرب كأس الخمر المعفي من الجمارك بعد ان حصل علي 5 مليون دولار من #السعودية مكافأة  يؤكد فشل #الجامعة_العربية #ياعرب_الشر_اقترب	1	0
خالد علي: رفع أسعار #الكهرباء و #الغاز و #البنزين ''إجرام سياسي'' بحق #الفقراء	0	0
@Mr_Musaed86 @Q8Pro مافي في امازون لا الهند ولا امريكا وبريطانيا شكلي باخذه من ebay	0	0
الاعلام الغربي شغله الشاغل ترامب + مؤخرة كيم و كايلي فقط #حقيقة	1	0
RT @SportJ: فيدرر ما زال متربعا على عرش التنس	0	1
@aali4573 المراقب الدولي لما !؟ لا تتوقع خير من المجتمع الدولي أو الأمم المتحدة هم أدوات لمن اقترح ذلك وبعد ساعات لا مسلحين إذن لما ؟!	1	0
الممثل الأمريكي روبرت دي نيرو.. يصف #دونالد_ترامب بالكلب التافه ،،  https://t.co/B4R6Oqiypv	0	0
قبل أن يسدل #أسبوع_الموضة ستاره، انتقت النجمة #CateBlanchett أنسامبل بغاية الأناقة من #Gucci، ما رأيك بإطلالتها؟https://t.co/KCuiHd2g9d	0	1
#وائل_جمعة صخرة الدفاع المصرية	0	1
_ ومش بعيد خالص تكون الشئون المعنوية هي اللي باعتاه من الأساس وهم بغبائهم المعتاد وقعوا في المصيدة دون تردد هيموتوا بغبائهم!	1	0
RT @muslim2day: #العبادي يرسل مرتزقة #الحشد_الشعبي (النجباء وأبو الفضل وحزب الله) إلى #سورية ليرتكبوا مجازر في #حلب! لم تسكت... https://t.c…	0	0
@DeQatar @mohanady يااريت الكل مثل جبهة النصرة الجيش الحر احرار الشام مثل داعش	0	0
إعراضنا عن الرد علي كلب السيسي المحامي الفاشل الكذاب المرتشي والبذيءالشتام ليس ضعفا منالا والله ولكنه ترفع وإعراض عن الج…	1	0
يامن تتحدث باسم الاسلام ثم تلقى على من يخالفك في الراى بصندوق قمامة من البذاءات كثيرون ممن تشتمهم اكثر اسلاما منك لانهم مهذبون	0	0
تنظيم الاخوان اصبحت اياديهم ملطخة بدماء المصريين #السادة_المحترمون	0	0
(رب السماوات والأرض وما بينهما الرحمن لا يملكون منه خطابا) [النبإ:37] #ريال_مدريد	0	1
_ !!!! اريد ان اشخر لكن اخشي عليكم من الضجيج #الكورة_للجماهير #رجعوا_الجماهير يا ولاد ال…	1	0
RT @_iaisha_: لييييه هو فرح بيونسيه https://t.co/ns2xPeQ3Bb	1	0
بعد الاسرار التى قرر الادلاء بها فى مذكراته مطلوب حماية سامى عنان من نفسه ومن ضباع النظام	0	0
الأقباط المعينين في مجلس الشوري خانوا انفسهم ووطنهم وكنيستهم لقد رفضت عرض أن يكون اسمي ضمن المعينين وكنت اتمني أن ي	0	0
"#الحياة_اليوم | د/ #زاهي_حواس... تعينت وزير آثار "" غصب عني "" بطلب من #أحمد_شفيقhttps://t.co/RbILEIKAo6"	0	0
"@NatGao_Arabic @khelaiwy اين من هؤلاء ""برجت باردو"" التي قامت بحملة ضد المسلمين في فرنسا لانهم بذبحون الأغنام في اعيادهم بكل قسوة!"	0	0
"#حلب.. الانتحاري يفرّ هاربا 😂.جبهة النصرة تفجّر سيارة مفخخة داخل نقاط سيطرتها في حي الانصاري.. بعد ان هرب سائقها ""الاستشهادي"" الجبان."	1	0
جمعة الأمس كشفت للانقلاب وهمهم فى قدرتهم على قمع الشعب بالحلول الامنية من قتل واعتقال وتعذيب وضرب وايذاء الشعب فاق يا أفاق	0	0
@kasimf حلب الشرقية مستباحة من قبل النظام ومليشاته من عشر أيام للآن الذي سلم من القصف نهبوه.	0	0
بطاقة دعوة #زواج حلوه لـ #الواتس_اب من تصميمنا رتويت ي حبايبي :$	0	1
لوعطيتك آيفون بدل سامسونج…!!عندما يستفحل الغباء😂😂💦💦💦	1	0
#سما_المصري زيطه وبالونه فاضحه للتغطيه علي امور اخري الالهاء	0	0
#الولايات_المتحدة🇺🇸عاجل| #واشنطن تحذر رعاياها من هجمات إرهابية محتملة في #أوروبا	0	0
@Abdulkhaleq_UAE أراهن أن مجلس الحكماء في امريكا وإعلامهم اسقط دونالد ترامب وأوصل هيلاري كلنتون لسدة البيت الأبيض.وبتوقيت جيد معد له مسبقاً.	0	0
@NawalElZoghbi أنطريني نوال أنا جاي لعندك حبيبتي كتييير بحبك يا أغلى فنانة بحياتي بدعي ربنا يحميكي ويحفظك يارب… https://t.co/YkzBPhyUS3	0	1
@Sr7an_22 أجيب جستن بيبر يسوي لها سكيب ؟لا امزح امزح 😂	1	0
@Epic_moi هههههههههههههههههه سيسي الرز	1	0
يحق لك يالمولد تشوف ميسي بنص عين 😂 https://t.co/twDzpuZHQ3	1	1
اتمني يكون صباحك كله تفكير وعمل من اجل نادينا العظيم #الزمالك_الافريقي	0	1
القافلة تسير و الكلاب تردح :)	1	0
اغير القناة اللي فيها #فيفي_عبده_الام_المثالية إلى ناشيونال جيوجرافيك أجد برنامج عن شاب أمريكي يصنع صاروخ في بيته ويطلقه في …	1	0
نفسي ارجع لأيام كانت الحاجه الوحيده اللي مش تخليني اعرف انام لما يبقي عندي رحله في المدرسه تاني يوم #ذكريات_مدرسية	0	1
عار عار عار عار عار عار مانحن فيه عار الدماء أنهار والشهداء بالعشرات الرصاص فى الرأس والرقبة والصدر	0	0
"الوطن تي في | #توفيق_عكاشة: شلبية الفلاحة أحسن من #هيفاء لأنها ""طرية مش ناشفة"""	1	0
شوفو كيف شكله كيوت اغوتشي غوتشي يااااا	0	1
_70007 الحمارة امك #فطيم_النعاشة وانت ولدها و اذا فكرت تصير ولد حلال اطلب من #فيفي_عبده_الام_المثالية تتبناك هههههههه …	1	0
@iOmarkousa خلص منرد عليك و بلاه طقس العرب	0	0
"فزاعة ""الفلوليه"""	1	0
موهبة فنية جديدة ومذهلة الشاب الفرنسي الكندي بوبي بازيني نفس طبقة وطريقة الاساطير جوني كاش مارڤن قاي و بوب ديلان وش… https://t.co/M4KYOWlceZ	0	1
حملة دفء لاغاثة النازحين السوريين والعراقيين تنطلق للسنة الخامسة بجهود الأصدقاء والخيرين https://t.co/UWS7bGrVfq	0	1
RT @rahimmoheby: #إيران..تفاقم #الفقر وظاهرة البحث في المزابل في صفوف #النساء لتوفير لقمة العيش.#الشرق_الاوسط https://t.co/4tbEcSjXXi https…	0	0
ما هو حجم المأساة التى ستحرك الشعور بالمسؤولية والإحساس الانسانى لدى من هم في السلطة ليظهر أحدهم ويخاطب الشعب بشجاعة ومصداقية ؟	0	0
"مأساة !! عضو العسكري وأحد المسؤولين عن الحكم: المتظاهرين""رفضوا تماماً حمايتهم من المجهولين"" نجاح الثورة لا ريب فيه والنظام السابق الي زوال"	0	1
"قضاء فرنسا يدين مديرة صندوق النقد الدولي بتهمة""الاهمال""عندما كانت وزيرة، الذي قد يكون سمح باختلاس ضخم لأموال عامةلصالح رجل أعمال فرنسي #فساد"	0	0
مسيرة جبران تويني مستمرة مع النهار في انارة كل خطوة على طريق تحقيق السيادة والحرية والاستقلال دفاعاً عن لبنان العظيم	0	1
لا أمل فى دولة تدخل فى حرب مع اعدائها لتحرير ارضها منهم ! #تويت_كأنك_ناشط_ايام_حرب_اكتوبر	0	0
إيه يا ولاد الوسخة فيه إيه؟؟؟!!!! #ثورة_الانترنت #تي_إي_وساخة	0	0
@HayamFarouk2 #احمد_شفيق   وانامعك بهني سيادةالفريق هذا الرجل الشجاع الذي وقف يشجاعةوقوة امام قوي الظلام	0	1
طبت طيب أوردوغان والله لا ينفع مع الأوغاد الإيرانيين أو الروس أو السوريين إلا التهديدبالقصف الجوي والأرضي إن اعتدوا على النازحين السوريين..	0	1
كلها كوم.. ويصير صديقي استاذ كوووم ثاني… ياربي رباااااااه.. 😱😨😰 #ماذا_لو_المدارس_مختلطه	0	0
": دفعولك كام يا ساويرس"" الرد : "" حد قالك انى مزنوق "	1	0
RT @Salmanihooo: محنكين بيونس ايرس ان فازت الارجنتين بعد شوي قالوا احنا افضل بدون الفقاعه وان تعثرت قالوا ميسي هرب من المسئوليهبكل الحالتي…	0	0
@AdelAliBinAli يارب عادل علي بن علي يهديني ايفون ٧ بلس🙃😁	0	1
#النصر_الفيصلي عظيم بجمهورك الله يسعد الحاضرين كلهم والغايبين	0	1
هدم واحراق المساجد والمنازل وحشية لم يفعلها الاحتلال الغاشم, الانقلاب تحول الى ابشع احتلال لمصر وشعبها	0	0
عاش محمد مرسي مفجر ثورة ديسمبر وحفظ الله الغباء صديق السياسيين الفشلة الوحيد ورحم الله الشهداء السابقين واللاحقين	1	0
أنت من أستلذ بأحلامي بك واستطعم الحب بحضورك مقتبس من [ __ ] #تصميمي #ميسي #97	0	1
من أين أتت مليشيات حزب اللات هذه ؟! جاءت من لبنان  ولبنان يقول أنه دولة عربية عضو في الجامعة العربية ! فلماذالاتكون… https://t.co/sni367lSXW	1	0
يتقدم الشعب المصري بخالص الشكر والامتنان للمشير السيسي لمجهوده الجبار في حل النزاع الوطني بين مرتضي منصور واحمد شوبير #هاشتاج	1	0
القانون لا يجب ان يترك للتقدير الشخصي لمن ينفذه لايمكن ان نترك للضابط تقدير من هو البلطجي القضاء المدني كفيل بتحقيق العدالة	1	0
RT @AhmedKahlidHas: فاكر لما انت اثبت ولائك ف رمضان 😂😂😂😂😂😂😂😂😂😂😂😂😂😂😂😂😂😂😂😂😂😂 @OmarAym15 https://t.co/iPLCMznOX4	0	1
RT @A822822A: المهاجر أبوحمزه الشيعي العراقي🔴من قلب محروق يهاجم حكومة اللصوص وأصحاب العمائم عصابات #العراق #بغداد #البصره #كربلاء #النجف…	1	0
مرسي بيغير من باسم يوسف عشان باسم الناس بتضحك معاه ومرسي الناس بتضحك عليه	1	0
هذه الحكومة كأنها مقهى #حكومة_لبنانhttps://t.co/hlkEE5pk9z https://t.co/MHxcjbOkoT	1	0
الارهاب تم صنعه في السعودية برعاية خائن الحرمين الشريفين #الشيخ_علي_سلمان #Christmas #بتتزوجي_خطيفه #عيد_الميلاد https://t.co/iC8kC917j9	0	0
'شباب الإخوان معانا' #باسم_طلع_حرامي #البرادعي_طلع_جاسوس …	1	0
تحليق مكثف لطيران العدوان السعودي الأمريكي في سماء العاصمة #صنعاء و #صعدة#اتفاق_مسقط #mufc #المطار #القدس #الامم_المتحده #محمد_عساف #بوتين	0	0
@HamdanHrb بصراحة سلسلة عظيمة مثل هاري بوتر حرام تتابعها بغير البلوراي	0	0
يحرم علينا شربك يا جوزه روحى و انتى طالقه ملكيش عوزه ! #محمد_محسن	0	1
اتفق معك جداً و ان عائلة الأسد قمعيين مستبدين و خلقوا دولة أمنية كما اتضح لي بعد ان خدعت،ان المليشيات المسلحة هناك كارثة	0	0
لو إستمر مرسي في سياسة العناد الفاشلة سيكون الفرق الوحيد بينه وبين المخلوع مبارك أنه لا يحب أن يقضي أجازته في شرم الشيخ، على الأقل حتى الآن	1	0
RT @RF_BT_: @3beer_RMA #افضل_طقم_لروجر_فيدررككل طقم ينافس الثاني😌👑بس الاسود والأبيض فخاامه ما بعدها فخامه👑❤😌👌 https://t.co/ZU8jKETxqk	0	1
@AlArabiya_Brk كفو يابوفهد قولها وحنارجالها نجيب لك رأس بشار مع رأس بوتن لوبغيتهحنا رجالها ليا طلب دك الميادينتحيه من ربوعه الحدالجنوبي	1	0
@tariqboogie للأسف ملقتش البتاعه الي بيلبسوها في دماغهم في هاري بوتر قولت دي تمشي	0	0
رمضان بطيخه بقي عصفوري الراجل ابو قردان بقي عصفوري 😂😂 https://t.co/GD6KrGVqpf	1	0
@nbenotman الاستثمار في جيل تسعينات هو الهولوكوست التي يمهد لها المجتمع الدولي لاكبر شريحة في ليبيا الا وهي الشباب في معارك وهمية ضد الاخوة	0	0
و الكائن الهلامي المعرض اللي كان مقوم الدنيا على حكومة #هشام_قنديل و ساكت على حكومة #محلب رمز الحزب الوطني #حرامية_الدعم	1	0
"RT @eyad1949: #أميركا #إيران #العربعلى الأقل في ما يتعلق ب #سوريا، آي ""بطة عرجاء"" تظل أسرع في اتخاذ القرارات الحاسمة وأكثر جرأة وحزماً من…"	1	0
@saadhariri  لا يحق لعاهر متلك ان يذكر اسم حلب انا ابن حلب ومن قلب حلب بقلك  القافلة تسير والكلاب امثالك تعوي	1	0
الشوكولاته والقهوه ، فيروز وحليم ، الشتا والليل ، وانت #حاجات_بتفرح	0	1
#محمود_سعد ( بحب الراقصات وهم فوق رأسي )حوده اصلا صبى عالمه ومابيزعلش و لا بينكر كده خالص حوده متصالح مع نفسه تماما	1	0
RT @AL_MOSTASHAR1: #المهدي_المنتظر_وصل_سورياالمهدي المنتظر وصل سوريا طيب والي وراه منو يكون هرقل فعلا انكم متخلفين والمتخلف الي يصدق مذهبك…	1	0
نجمة بوليوود جاكلين: #بيونسيه سر نجاحي https://t.co/rDFbO5HN9I	0	1
@FatimM14 @ELAdlMedhat كلام جميل يافاطمةلكن في الواقعلماذا يقوم الشيعة بالتنكيل بأهل السنة بالعراق على أساس طائفيhttps://t.co/aR3G09w0eT	0	0
سفر رئيس الجمهورية ورئيس الوزراء إلى الخارج في هذا التوقيت استهانة بالشعب المصري 25	0	0
أحمد حلمي: أنا شايف أنه شرف عظيم لأي راجل أنه يتكرم بجايزة تحمل أسم ست ❤#مهرجان_القاهرة_السينمائي	0	1
@rterdogan_ar لا ابوك لا ابو من علمك اللعب بالاسواق.داعش	1	0
طلاب الجامعات قالوها اليوم عاليا لا دراسة ولا تدريس الا بعودة الرئيس صدامات واعتقالات وغدا ايقاف الدراسة او فوضي بالجامعات	0	0
واحد بيطبل بقاله 3 سنين وفي الأخر مش عايزينه يبقى في حملة #السيسي؟ الراجل إجتهد و صوابعه ورمت،،عن #حازم_عبد_العظيم أتحدث !!	1	0
#خلق_جميل الحياء/ الرجولة	0	1
#الشعب_يرد_تحية_الرئيس #بكار_الديوث #انتخبوا_العرص #مصر_الليلة #نكاح_الكاراتيه #إنصاف_الاخوان #_ …	1	0
كنائس #الناصرة ترفع الآذان رفضا لقرار منعه في #القدس#لن_يسكت_الأذانآذان بلال لن يسكته الاحتلال.. https://t.co/2zZLwk8r2V	0	1
@MousaAlomar كل شي قادر افهمو ماعدا كيف بقعد اردوغان يلي مع الثورة والثوار والشعب السوري مع شخص بقوم بحملة لقتل الشعب السوري!؟ #عهر_الاصدقاء	1	0
@amrmsalama @EGYPTAIR من أفشل شركات وخطوط الطيران بقت شبه باصات شرق الدلتا بل باصات شرق الدلتا منظمة عنها وبمواعيد من زمن قررت متعاملش معاهم	1	0
"RT @IranObs_ar: #المرصد_الايراني#تقارير | صور مريم رجوي في إيران تثير غضب السلطات الحكومية""ترجمة خاصة""https://t.co/fPqSHRZJhn"	0	0
هااااااااااااام.#لافروف.. في حال رفض الارهابيون الخروج طوعا من #حلب سيتم تدميرهم.	0	0
@alnajjar87 تمام وهل هذا سنحارب أمريكا بالاعتراف بإسرائيل والتعاون معها والاستمرار في الناتو وتأجير القواعد العسكرية!!ربنا يحفظكتحياتي:)	0	0
#هذي_مصر العمود الفقري للوطن العربي	0	1
من لا يعرف أمه إلا يوما في السنة فهو عاق لها، ومن يصلها ويهديها ويبرها كل يوم فلا معنى لـ #عيد_الأم عنده، فعيد الأم من…	0	1
@7RFEE @Abdullahaat7 اخس مشغلين اغنيه جستن بيبر	0	0
افضل ﻻعب في العالم رونالدو لم يستطع التسجيل بوجود الصخرة حمد المنتشري! #اسطورة #كانيدا_يحتاج_لحمد_المنتشري	0	1
راعي غنم يقول اختلف مع هيلاري كلنتون ~ يالله مالنا غيرك	1	0
طقس كاذب يقولو ثلوج ويطلع حر😑 #طقس_العرب	1	1
الدفاع الروسية : ارسال 40 طنا من الهدايا   للاطفال السوريين بمناسبة أعياد الميلاد ورأس السنة تمهيدا لبدء توزيعها #روسيا #سوريا #اللواء	0	1
RT @k_________10: #شرك_الرافضه_في_عاشورا#عاشورا#العراق#الكويت#ايرانمصري في حسينية😄😄😄جاي ياكل https://t.co/7mS0mIX5z9	0	0
جمعية تأسيسية كافرة	0	0
#نافذة_مصر | #روسيا و #الصين يواصلان تصفية الشعب السوري ويرفضان هدنة #حلب#سورياالتفاصيل:... https://t.co/4yfK8VmOfQ	0	0
اللى بيقول ان البلد دى بلدنا لما حد بيقوله يا خواجه بيكون سعيد جدا شوفتو احلى من كده وطنيه #لو_جنان #اتجنن	1	0
إحنا شعب و إنتوا شعب_علي الحجار في رأيي هذا هو أحقر و أحط عمل فني في تاريخ مصر و حسب…	0	0
ايوااااا نانسي و اليسا في يوم واحد .... 😍❤️ 🇱🇾الموضوع خطير 👑#اليسا  #اغنية_نانسي_عم_بتعلق_فيك 😍❤️ جعل ما يدخل الت… https://t.co/g2PS2vBclo	0	1
#ذكرى وأحلى ذكرى أول واقفة فى #التالتة_شمال #07 #الأهلي	0	1
@haddad1210 @rachidsoltani10 @AA23Mar @C0HmhdgcmHg5O2e اخوتنا لا تعترف بمسافات ولاتحتاج سفارات #فلسطين في القلب ولااعترف بكيان لالجألسفارته	0	1
"#خالد_علي: نرحب بـ #الاخوان المشاركين في ""إسقاط #قانون_التظاهر""! شفتوا الخول ده بيقول ايه؟ عايز يحط ايده في ايد بلطجية #رابعة!"	1	0
RT @_emadmadrid: الاخوان زعلانين من تصويت مصر للقرار الروسى فى نفس الوقت اللى اميرهم ونبيهم اردوغان قاعد تحت رجل بوتين اليوم فى انقرة #ايقا…	1	0
وبمناسبة الجدار الذي يحيط بالفلسطينيين في #مخيم_عين_الحلوة بـ #لبنان حاب احكي انه لسان الضاد صار لازمه قصّ ..#فلسطين #Jo #Amman	0	0
#الاعضاء_البشريهالنائبة #فايقة_فهيم ل #وزير_الصحة: الاتجار بالأعضاء فاق #المخدرات.. و #مصر تحتل المركز الثالث عالميا بعد #الهند و #الصين	0	0
RT @ALHADATH_KSA: #الرياض: الاعتداء على المدمرة الأميركية عمل إرهابي ممنهج ومدعوم من #إيرانhttps://t.co/36S4ARpjYU	0	0
#نادين_نسيب_نجيمنجمة الشاشة العربية بوقت الحالي 💗😍	0	1
نجم برشلونة السابق ينقذ ميلان من شبح الاصابةالتفاصيل: https://t.co/xk4UWhU0bO#إبداع_الملاعب https://t.co/r1QtFZu4GV	0	1
RT @falsunaidy: #ساعة_حوار#جاستا وأمريكا من يصنع الإرهاب؟https://t.co/ydjsfqYktiد.نايف الشعلاند.سعود الشعلانأمريكا صانعة الإرهاب ونحن…	0	0
@wqqadd @Salansar1 والله محد ورع الا انت امريكا هي من جاب الاخوان يحكمون مصر وارجع لمذكرات هيلاري كلنتون وشوف ايش قالت يا حمار	0	0
لا إله إلاَّ اللَّه وَحْدَهُ لا شرِيكَ لَهُ، لهُ المُلكُ ، وَلهُ الحَمْدُ ، وَهُوَ عَلى كُلِّ شَيءٍ قَدِيرٌ #غرد_بذكر_الله #كنز_المسلم	0	1
RT @Leo_messi0000: يقول ماسكيرانو : كرة القدم تتحكم بكل شيء ، لكن ليونيل ميسي هو الوحيد في العالم الذي يتحكم بكرة القدم ..!  https://t.co/…	0	1
ناخد من الرسول عليه الصلاة والسلام قدوة لما كانوا بيشتموه كان هو كمان بيشتمهم تفتكروا؟ كان زماننا بوذيين	0	0
البوب ستار رامي عياش ...الله يحميك https://t.co/6t7qZuqSnm	0	1
#حسين_مرتضى #دمشق#الجيش_السوري يدمر بالصواريخ الموجهة 3 جرافات ويقتل من فيها لدى قيامها بأعمال التحصين والتدشيم... https://t.co/MSurVOgG46	0	0
عن فرحتك وانت بتجدد الباقه	0	1
قال رسول الله ﷺ:من لم يهتم لأمر المسلمين فليس منهم .عجبي لمن يقول وماذا عساني أن أُغيّر ؟ جاهد ولو بالدعاء#ستبقي_حلب#حلب_في_قلووبنا	0	0
دسمان | فيديو مؤلم لطفلة سورية جريحة تنادي والدها - https://t.co/dG8DlOAOUN	0	0
#عيب_يا_سيسي  أدب و هذب إعلامك!!#مصر	0	0
7 ماله سمك إسكندرية يافندم؟ طب والله من غير مبالغة لفيت العالم مالقيت مثيله وأتوسل إليكي ماتحطميش أسطورتي الخاصة	0	1
@DR_Alnajim @SaudiLink @M7MDWorld من يسمع الاعلام الغربي بعد ان تم صناعة داعش وصدروه لنا نسبو الشعب السعودي كله لداعش	0	0
حبيبي ❤#Christmas #حبيبي https://t.co/WtJELuXD2t	0	1
@myph84 @shagaaal @3asalaswad @saaraa1357 وعاجبك تصرفات الكلب السيسي خان في السعوديه واتحد مع روسيا وشجع بشار علي التمسك بالسلطه لعنهم الله	1	0
#اعتراف ما زلت احب سيريلاك بالقمح 😔	0	1
ريكي مارتن بيقلب شباب و احنا قاعدين	1	0
"RT @dahanyemen: ﺃﻥ ﺍﻟﺸﻴﻄﺎﻥ ﺍﻟﺮﺟﻴﻢ ﻟﻮ ﻧﻜﺢ ﺃﺑﺎﻟﺴﺔ ﺍﻹﻧﺲ ﻭﺍﻟﺠﻦ، ﻓﻠﻦ ﻳﻨﺠﺐ ﺃﻗﺬﺭ ﻭﻻ ﺃﺑﺸﻊ ﻭﻻ ﺃﻧﺠﺲ ﻣﻦ ﺍﻟﻌﺎﺋﻠﺔ ﺍﻟﺴﻌﻮﺩﻳﺔ "". ﻣﻨﻘﻮﻭﻭﻭﻭﻭﻭﻝ"	1	0
#اعرفوهم #انقلاب_مصر #يسقط_حكم_العسكر #الداخلية_بلطجية #الحرية لمعاذ إبراهيم محمد حسين 18سنة طالب #القاهرة عين شمس …	0	0
شاهد.. مجندات بجيش #الأسد: يستغلونا #جنسيا ويجبروننا على هذا الأمر#سوريا #بشار_الأسدhttps://t.co/osTYr9EAFU https://t.co/1qOz6WsDk1	0	0
لو اقدر اخليك جنبي ع طول ♡'	0	1
RT @alabbadiyasser: هناك ضوء اخضر امريكي لوضع عراقيل قبل تحرير #الموصل، والهدف الامريكي يرتكز على اخراج #داعش من الموصل الى #سوريا بسلام.…	0	0
عبرت من بوّابة الدموعإلى صقيع الشمس والبردلا أهل لي في خيمتي وحديعشرون عاماً وأنا يسكنني الحنين والرجوع ..… https://t.co/Nt2ds8NAbW	0	0
الحب كلو 😻💘#نادين_نسيب_نجيم #ملكة_الهيبة #الهيية_الندونية #الهيبة_نادين_نسيب_نجيم #الهيبة #رمضان_٢٠١٧ @nadinenjeim https://t.co/fL1UMjbrth	0	1
k3n8وإذا مات العقل ذهبت الحكمة 0532058702#جبران_تويني #الاجواء_البارده #كلمني_عن_جرائم_السيسى #حاجه_نفسك_توصلها_لشخص #النصر_الشبابَ	1	0
#خليك_مصدق #خليك_مصدق ان الحكومة تبع الاخوان وفيها 11وزير مؤتمر و15محافظ مؤتمر #خليك_مصدق ان هادي من الاخوان	1	0
وكامل الاحترام لـ #عباس اللي مسك لسانه وما شتمش	0	1
وِين مافِي إسم #اليسا بيحشرٌو حالهم 😒 https://t.co/woOUisiR87	0	0
ما حدث مع المعتصمين يتحمل مسؤليته المجلس العسكري أين دور رئيس الوزراء في ضوء الصلاحيات الكاملة الممنوحة له #	0	0
تحملنا القصف في #حلب 6سنين وخرجنا منها مجبرين خوفاً علي أعراضناوسنعود إليهارأسنا مرفوع كما خرجنا منها#ستبقي_حلب… https://t.co/mHScAwQzFT	0	1
يسقط دستور جمهورية مرسي الإخوانية	0	0
"RT @IranObs_ar: #المرصد_الايراني#حقوق_وحريات | تسجيل 5200 ملف إغتصاب للمحارم في إيران""ترجمة خاصة""https://t.co/vETYBndix9"	0	0
"""موسى"" تعقيبا على أحداث حلب: الجامعة العربية فشلت وعلى مصر والسعودية حل الأزمة فورا https://t.co/oRdRMaT2Uo https://t.co/s1LcT4L0Ao"	0	0
شاب مصري يرد على أكاذيب الإخوان عن إنجازات مرسي الوهمية وكله بالدليل والروابط وحياتك حاجة مشرفة ومحزنة في نفس الوقت	1	0
#عيد_الأم الام هي عيد الحياة	0	1
#موت_بغيظك_السيسي_رئيسك يعني هل يعقل ان ينتخب الشعب المصري رئيس يقول عن جيشه العظيم و شهدائه #عسكر !!	0	0
القرداتي لو كان إخوان والقرد بتاعه مات الجماعة بتجيب له قرد إستبن (من المعصرة عدد اليوم)	1	0
"بالفيديو| #ماجدة_خيرالله : #مهرجان_القاهرة_السينمائي لا يمثل إضافة لأي فنان عالمي"" #مصريات https://t.co/XgVJT0vaiZ"	0	0
@A2A9A4 فيدرر سيعود بقوه #توقع	0	1
طبيب #المقاصة: إصابة #أحمد_الشيخ بسيطة تحتاج للراحة فقط https://t.co/VpTVCt8HKE	0	0
@hashim_m21 تعترف و تفتخرافضحك في غوغل بلاس او لا!!! https://t.co/nTAE6X1Q4W	0	0
سائقين اوبر وكريم  يغرقون سياراتهم بعطور مخيسة تجيب التكة ليه ي خي ليه معنا ربو حاد مو ناقصين😾😰#اوبر #كريم  #مقاطعة_اوبر_وكريم	0	0
RT @hanghali: @ayman_almaz24 مؤسسة كير الاخوانية بتمول حملة هيلاري ومؤسسة جوزها كلنتون الخيرية عايز منهم ايه ؟!	0	0
RT @mesfer_ghamdi: أحبتي ربنا أكرمنا بمواسم تغفر فيها الذنوب والمعاصي رحل رمضان وست شوال ويوم عرفه وننتظر يوم عاشوراء فماذا أعددنا له؟ http…	0	1
#حاجات_بتفرح_في_مصر لمة رمضان	0	1
#أزيحوا_السيسي_وبشار#ستبقي_حلب#راجعين_ياحلباهل حلب رحلوا وهم عازمون علي الرجوعياله من صمود وسط امطار الظلم https://t.co/NAHV1jZ5OR	0	1
هالبشر غريبين أو خبثاءكانوا يطالبون جبهة النصرة بالانفصال عن القاعدةعندما انفصلت وأكدت أنها لا تتبع اي جهة وغيرت إسمها مازالوا يشككون فيها	0	0
عندي وحده تشبه هاري بوتر يا انها كيوتيه😨!😭💗	0	1
"يقول رسول الله صلى الله عليه وسلم: ""يُقال لقارئ القرآن اقرأ وارتق ورتل كما كنت ترتل في الدنيا، فإن منزلتك عند آخر آية تقرؤها"""	0	1
@RamyAyach @assaadrechdan رامي عياش كبير بين الكبار. الى الامام	0	1
كيف تعلن اللجنة العليا للانتخابات عن نتائج الاستفتاء قبل التحقيق في الانتهاكات والتزوير الاخوان يستهينون بالشعب مثل مبارك وسيلقون مصيره	0	0
ايه ريكي مارتن بشحمو وبلحمو تجوز سوري😂😂😂😂	1	0
@Eyaaaad والله ما عليش مايمدي ايفون سبع يا حبيبي	0	1
انا لو نفسي اخطط و ارتب و اصرف فلوس الدنيا عشان اشوه الاخوان مش حاعرف اخترع حد زي صفوت حجازي	1	0
لبنان.. بناء جدار اسمنتي حول مخيم للاجئين الفلسطينيين https://t.co/LFweRjp7Ts #فلسطين #Palestine	0	0
RT @Bani_Omaia: إن سمحت تركيا والسعودية وقطر بسقوط #حلب و #الموصل بيد الإرهاب النصيري الصفوي الروسي فلا تفرقن عندئذ عن داعش وغيرهالا مجال…	0	0
على الدول العربية والحكام الذي لم يستطيعوا الدفاع عن حلب بالرجال والسلاح فلا أقل أن يدعموها بالمال وحفظ كرامةمابقي من النازحين السوريين #حلب	0	0
لسان حال #كيريياريح كثر بالفضايح	1	0
شاهد - آخر كلام: مسحت الكلام؟ طب مسحت الدم؟ جبت حق اللي مات؟ #	0	0
مستشارا الطرطور مصطفى حجازى واحمد المسلمانى يتعاركان علنيا للفوز باكبر نصيب من تورتة الانقلاب	1	0
"أنباء عن تركيب ""مرآة"" في بهو بيت الوسط حتى كل سياسي يشوف حجمه قبل ما يفوت يطلب وزارات وحقايب .. @saadhariri"	0	0
@X_alt122 في الاخير تراه لاعب لاراح ولا جاءحسستوني انه ميسي ولا رنالدوماطيره للسماء الا انتم 😒ماشفتو خير اول مره تجيبون مهاجم يسجل 😂	1	0
RT @TheBaghdadPost: فيديو.. قطيش للعبادى: تصريحات #تركيا تستفزك.. فماذا عن تدخلات #إيران؟#بغداد_بوست #العراقhttps://t.co/AFuNdxDR7Y https…	0	0
@2213Ali @kayza111 اما بطل العالم في التنس من جميع النواحي هو روجر فيدرر وذا شي متفق عليه ومنتهين منه👌	0	1
ندون متل ما حكت @sireen_ghaith خلص تبنينا ما عنا مشكله احنا😂❤❤#نادين_نسيب_نجيم #في_بيتنا_ضيف #NNNs @nadinenjeim https://t.co/JRWigt1ewo	0	1
الى الامم المتحدةوالى العالم نعلم كذبكم ومع هذا لدينا مايحل القضية السورية خلال24ساعة فقطاسالوا النازحين السوريين وهم بالملايين ماذايريدون	1	0
#حاول_ماتبقاش الوالد اللى بيصاحب مية بنت في الاخر هتجوز واحده #استرجل بقي	0	0
شاهد- #فيفي_عبده راقصة سيذكرها التاريخ #الحكم #1	0	1
أسلوب النعامة في النقاش غير إنه غبي هو أسلوب حيواني في الأساس داروين كان هيهيص معانا اليومين دول	1	0
"@DRSAMIRGEAGEA @LFofficialpage ريستال رائع انشالله بيولد لبنان الخير  والسلام على ايديك ،ياسوع يحفظك ،ميلاد مجيد"" حكيم ""."	0	1
ال ع الشمال ده زيت #باسم_عودة الإرهابي أما اللي على اليمين ده زيت الإستقرار بتاع #السيسي م ل	1	0
RT @AL_BKBASHY: لانقلق على الاسلام إن حاربته جميع كلاب الارضولكن نقلق حين يرضى عنه الصهاينه والغرببان كي مونيجرّم السعوديه❗️👇https://…	1	0
الاعلام الحكومى المنافق يقول ان الذين اعتدوا على المتظاهرين اهالى عاديون هل اصبحت زجاجات المولوتوف من مستلزمات المطبخ في العباسية	1	0
"بالفيديو #توفيق_عكاشة : هيفاء ""ولية ناشفة محشية طوب"" وهترشح للبرلمان بسببها"	1	0
دماغ الداخلية البايظة	1	0
حسب غنية نانسي الجديدة عم حسها بدها تسرق لون #اليسا بالأغاني	0	0
RT @N_kaka11: مشاعر الختام تبكينا والتلويحات الأخِيرة حقًا موجعه اللهُم أصّلح أقدارنا وحالنا فيما تبقّى لنا من رمضَان .•	0	1
اظن ان من افسد شيئا فعليه اصلاحه يجب اعلان الجماعه الاسلاميه والاخوان منظمات ارهابية واصلاح ما افسدو…	0	0
#الاحتلال يبدأ في تفعيل قراره الجائر ويفرض أول غرامة مالية على رفع الأذان بـ #القدس. #فلسطين#لن_تسكت_المآذنhttps://t.co/PCCCPYegRX	0	0
"بيننا وبين ""التقوى"" مخافة الله سبحانه وتعالى لكن بيننا وبين التدين الشكلى مجرد موس حلاقة (جلال عامر) #جلال_عامر"	1	1
RT @A_FAHAD24: #الاهلي_برشلونهميسي يدعي الاصابة خوفاً من مواجهة معتز هوساوي https://t.co/OCPxFU06x1	1	0
ما بعرف ليش ؛ بس ما بدي تخلص حلقة الليله😍😍#أمير_الليل #رامي_عياش  #بوب_ستار  #أبو_أرام  #ملك_الأناقة https://t.co/nklwQBQbwM	0	1
الرابط اهو للاخوة المشككين علي موقع الجزيرة مباشر - إخوان وبقا 60? لا!!	1	0
#اليمنية| جلسة عاصفة لــ #مجلس_النواب_الموالي_لـ”المخلوع” ضد تجاوزات #الحوثيونhttps://t.co/ad4okkzZwA… https://t.co/KIMyJwPvoG	0	0
RT @GwadyM: رؤيتي لما يجب ان تفعله  #السعودية  في مواجهة الغدر https://t.co/QJsR2CeJH7	0	0
# نختلف مع الحكومات العربية ،لكن الحديث عن اسرائيل وكأنها جنة وسط الصحراء ، كلام تافه اسرائيل عنصرية واستعمارية وا	0	0
في جنة الخلد يا بطل العبور، في جنة الخلد يا شاذلي في قلوبنا ستبقى # #25	0	1
هي دي #الحياةالطموحالعزيمةالاصرارالتحديواخيرا .... الحلم#حمااااااااس جديد - يشعر بـالحماسة	0	1
بوجودك أنتِ تزداد الدراما جمالاً وروعة🌹👑🌹@nadinenjeim#نادين_نسيب_نجيم https://t.co/PjsNseLf9k	0	1
#السعاده ؟ ان تجد روحآ تشبهك بكل شي	0	1
يعني واحد ما بيعرفش يقرأ أليس من الهراء والعبث أن تأخذ رأيه في كتاب دون أدنى مجهود لشرحه له؟ خاصة لو هيأثر على حياته وحياتي أنا كمان!	1	0
فقط في #معرض_الكويت_الدولي_للكتابفي السابق .. كنا نقابل الأحبة في الممرات وكنا جميعاً قراءاليوم .. صار كل من نصادفهم هناك كُتّاب !	0	0
#انتخبوا_العرص #ابن_اليهودية #الام_المثالية #الانقلاب_حلاوة_روح #انتخبوا_العرص	1	0
#قطر الدولة الوحيدة في العالم لها سفير في #غزة وأميرها الحاكم الوحيد الذي جرم #إسرائيل وحملها مسؤولية العدوان بينما مسوخكم جرّموا #حماس	1	0
امارات الندامة تفرض شروطها لاستمرار دعم الانقلاب قبل اربعين سنة كانت اكبر امنية اى بدوى منهم انه يزور مصر منك لله يا سيسي	0	0
#إبراهيم_محلب هايدخل التاريخ وهايحل مشكلة سد النهضة وإبقو إفتكرو إن مدرستى#دى_لاسال قدمت هدية لمصر من أحد خريجيها الناجحين	0	1
@_jjida @_myma4 وش تحليله ياجيداء هذي امور بالتاريخ قبل الاسلام وبعد الاسلام فلسفتك مو بمحلها	0	0
لا حدا ينعي حلب... حلب ما بتموت حلب مااستسلمت ولا رح تستسلم يلي بدو ينعي (ينعي ضمائرنا المعفنة) #ستبقى_حلب#ستنتصر_حلب#حلب_تباد#Alep	0	1
@Q8Pay على فكره شركة محترمه حداعطوني كيبل كهديه  ويوم قتله انه شحنه بيكلفني اكثر من قيمته قال دش امازون واختار اي شي قيمته ٣٠ دولار	0	1
#بس_سؤال وين الثورة اللي استشهد بإسما جبران؟ شو عملتو فيا بعد ١١ سنة؟ ما بقي منا الا ذكرى هالنهار و ذكرى الشهداء... #بدي_جواب #جبران_تويني	0	0
#ازيك_بعد_التفويضلما تتزنق قول #اخوان ولما تفشل قول #قطر ولما تموت قول #حماس ولما تتوكس قول #تركيا ولما تتفضح قول #الجزيرة	1	0
فيسبوك لايت ده معاق، مش عارف اعمل haha ولا love على أي بوست!!	1	0
# الفيلم دا كان لازم ياخد #الاوسكار بجد	0	1
ولا أشعر بأدنى تعاطف مع مبارك ونظامه الذي أوصل هذا الشعب إلى ما صار عليه، يستوي في ذلك الإسلاميون وغير الإسلاميين، تد	0	0
لكن في أرض النفاق كالعادة يكسب الكداب #كايروكي	0	0
باي مبرر؟؟؟؟ لا جواب.. و#ستبقى_حلب https://t.co/LpuDSYUU97	0	0
@Hh0pi6J1jAQpM67 @alaanoor2010 هكذا نري السطحية المعروفة عن شعب #مصر اصابت حتي اﻻعﻻم الغربي#السيسي امكر من هذا بكثيرلفد لعب بعقل للمﻻيين.	0	0
جيش #الاحتلال يقتحم قرية العيساوية شمال شرق #القدس_المحتلة قبل قليل.	0	0
نجاة جميع ركاب طائرة هبطت اضطراريا شمال روسيا https://t.co/3FeCoKoje3نجاة-جميع-ركاب-طائرة-هبطت-اضطراريا-شمال-روسيا via @akhbar	0	1
باقي ثلاث اياااااااام 😂💔 #ماذا_لو_المدارس_مختلطه https://t.co/idVXQCfvwV	0	0
نهج جبران تويني لا يزال حتى اليوم يدرس من خلال جمعية نهار الشباب التي لا تزال ناشطة وأنا افتخر انني تخرجت من احد برامجها... #هوا_الحرية	0	1
اعظم نادى فى الكون #الاهلى	0	1
RT @SobhiTfaily: كربلاء هذا العام في حلب ، و رضيع الامام الحسين تحت انقاض بيوتها.  #حلب	0	0
#ماذا_لو_المدارس_مختلطه كان القى الشباب مو مقصرين معي بحاجة واجباتي كاملة ومدلعيني آخر حاجة 😂.	0	1
يوم جميل بفوز تشيلسي وبعد شوي حلقة الفايكنغ والظهر ريال مدريد ❤️😰	0	1
مارأي المرتزقه واعوان ال سعود الكلاب بعد اعترافهم بقصف العزاء؟ وكيف تبنت داعش التفجير قبل اعتراف السعوديه؟ برأيكم… https://t.co/r5cqPXDpNn	1	0
في ناس من أنصار أبو إسماعيل زعلانين ونازلين شتيمة واضح إنهم محبطين عشان مش هيبقى في إعتصام ودبح عجول وكدهمعلهش اطلعوا مدينة الإنتاج تاني	1	0
🚨 #الجعفري قال لمندوبة #الولايات_المتحدة مامعناه إذا وقعتي #سبية بيد داعش أو النصرة #تسعيرتك / أربعين دولار /... https://t.co/aVCicABRUq	1	0
بعد غيبة و طول انتظار ها قد عاد #الاستقرار من جديد :)) #النور_قطع #الهرم	0	1
الجيش والداخلية والبلطجية ايد واحدة لارتكاب جرائم وحشية جديدة ضد شعب مصر فى تظاهراته السلمية 30 اغسطس الشعب يستعيد ثورته	0	0
خدمة عملاء شركة #مصر_للطيران  اللي قافلين التوظيف ومحدش بيشتغل غير بواسطه .. 👎 https://t.co/aXqFGGcSRX	1	0
ليه البنت اللى #تحب فى مجتمعنآ بيعاملوها انها عملت #جريمه وبتبقا بنت مش #محترمه	0	0
@SaeedALGhammdi مدينه يعشقهاالسياح لوجود أعلى قمة uk بن نفيس أيضا قطار هاري بوتر وتلفريك ليست مدينة تسوق طبيعة ساحرة سكانها ودودين بسطاء	0	1
رقم ثلالثة بعد نجيب الريحاني واسماعيل يس ممسل عبقري ليس له نظير #عادل_امام	0	1
ضحكنا اوي اوي و استفدنا اوي اوي 💗😘#في_بيتنا_ضيف #نادين_نسيب_نجيم @nadinenjeim https://t.co/pPoQ3cQA0o	0	1
@ArabiaWeatherSA طقس العرب اخباركم دأئماً متاخرة ولاعندكم مصدر لتحري الطقس يخص بكم	0	0
@drrdob @GwadyM آن لنا أن ندرك أن  كل مؤسسات المجتمع الدولي تعمل بما تمليه مصالح الصهيونية والغرب ، وما زال حكامنا يصدقونها	0	0
#طقس_العرب: صور رائعة للثلوج في ريف حماة صباح اليوم في #سوريا https://t.co/EeayPf0pWU #طقس_كترل	0	1
@tweetmeplease0 هههههههه حررتي 60بهمتك وبهمة بوتن لخنزير ومرتزقة بشار لايرانيين ولافغان مشاالله عليكي شاطره	1	0
وهذه الاحداث من شأنها إدخال البلاد فى فوضى وفتنة طائفية، و دفع المجلس الاعلى إلى اتخاذ قرارات تعطل عملية التحول	0	0
RT @Mima_RF: #افضل_طقم_لروجر_فيدرروفي الطقم البنك https://t.co/v9PfDMAZqq	0	1
#المملكةالعربيةالسعودية #جدة #جده #الرياض #الدمام #الخبر #ينبع #الشرقية #مكة #المدينة_المنورة #راقت_لي [2138449]	0	1
أؤيد قرار د مرسي فيما يخص : 1- إبعاد النائب العام 2- محاكمة وإعادة محاكمة كل من لوثت يداه بدماء أو أموال المصريين	0	1
RT @alnassar_kw: قامت الدنيا ولم تقعد في حادثة قصف الخيمة في صنعاء، بينما حلب بأكملها تُدمّر على رؤوس ساكنيها بنسائهم وأطفالهم وكهولهم، ولم…	0	0
الوعود المتكررة بانتخابات حرة نزيهة فى غياب الضمانات البديهية لنزاهتها هى مجرد كلام اجوف كفانا خداعا للشعب	1	0
RT @safa_tv: #العبادي يرد على #أردوغان :بالتأكيد لسنا نداً لك،سنحرر أرضنا بعزم الرجالوليس بالسكايب‼️عنيف العم دامبي 💢كما يسميه #أهل #الع…	0	0
@QueenB_LH زادوووو فيه هربنا من فيسبوك عل ود.هاد لعب الدراري الصغار ههههههههههه	0	0
RT @Fat2552: #ايقاف_امداد_مصر_بالنفط'لو نجح الإنقلاب بتركيا لظهر سيسي آخر أرتمى في أحضان إيران وبشار https://t.co/9tvxvjxsho	1	0
كلام أم الشهيد محمد مصطفى بيجيب من الآخر: مرسي كذب في وعوده	0	0
RT @sharif_hijazi: يحرقون حلب ثم يبكون اليمن .. #أحقر_الناس	1	0
مفتي #السعودية يستنكر الهجمات على حلب ... اي الله يرحم ستك اللي كانت تقول على جبنة #كيري جبنة لحس ... -_-	1	0
المناظرة  بين دونالد ترامب وهيلاري كلينتون ، نبي مضاربات شرهم بينهم يارب	1	0
دول اوروبا اوقفت رحلات شركاتها الى مصر شركات التأمين ترفض عمل وثيقة للمسافر بكره تشوفو مصر	1	0
@Maha_bentazoz طيب وش رايك..⬛ مظاهرات في فرنسا بسبب ارتفاع قضايا الاغتصاب ⬛و سلم لي على حقوق المرأةhttps://t.co/19Vki1Yk30.	1	0
ان التفاؤل هو الايمان الذي يقود الى النجاح .. ولا شيء يمكن تحقيقه بدون الامل و الثقة .. هيلن كيلر. #ريال_مدريد	0	1
#حلب_تباد_ادعو_لحلب#حلب_تباد_بصمت#ستبقى_حلباذكرو بالدعاء لعلها تكون ساعة استجابه يارب فك كربهم وخفف عنهم يارب هون عليهم ربنا عليك ببشار	0	0
"RT @AhmedWagih: قالك ""السيسي هيغرقنا""!!! صح، والسيسي برضه ورا الأزمات الإقتصادية الطاحنة في تونس، الخليج، العراق، اليونان، روسيا، تركيا، ال…"	1	0
تبارك الله امثل هذا الجمال والطهر والبراءة تقتل 💔 #فلسطين #سوريا #العراق #اليمن #بورما https://t.co/p9DrhwHLdp	0	0
RT @ToOTaLive9: #قروس يقولكم هاتوا ميسي وسواريز ونيمار 😎بيجلدهم مثل ماجلد الهلال في ثلاث ايام رايح جاي 😎 #الاهلي_برشلونه https://t.co…	0	0
"RT @IranObs_ar: #المرصد_الايراني#حقوق_وحريات | إيران تعدم 506 مواطناً خلال العام السابق""ترجمة خاصة""https://t.co/XbLt2F7Qio"	0	0
"RT @ArqamAlAhly: السعيد: ""افتقد رمضان صبحي في الأهلي""نتفهم هذا بما أن لم يكمل أي لاعبين تمريرات بينهما داخل المنطقة الموسم السابق في الدور…"	0	0
بعض الناس سيرفضون اى تصرف من الرئيس مرسي حتى لو كان صائبا خصومتنا السياسية اذا تحولت لعداوة تعمينا سأساند الحق كما اراه حتى ولو كنت وحدي	0	1
@mana100100 @saudistuff اعلامهم كاذب ودجال مثلهم  ربي ينصرنا الي اعدائنا واعداء الاسلام والمسلمين ال سعود الصهاينه السفاحين	0	0
RT @AlMayadeenNews: #اليمن | #الحوثي: المجازر #السعودية في اليمن ترتكب بضوء أخضر أميركي  https://t.co/McolOvc9IJ https://t.co/Ey4PwakqcE	0	0
عميد بلدية #سرت مختار المعداني يناشد المجتمع الدولي تقديم الدعم وتوفير المعدات اللازمة للفرق المختصة في انتشال الجثث من تحت الركام.	0	1
عقبالنا :)))	0	1
محمود إدريس: عايزين مننا إيه فنادق وقفلناها ومطاعم واتقفلت ارحموا السياحة فى #مصر#كل_يوم | #ON_E | #عمرو_اديبhttps://t.co/LUHKundRlc	0	0
اليوم العالمي للفتاة .. سورية من سلطة العظيمات إلى حكم الغلمان https://t.co/jdThqyikZu	0	0
RT @sabqorg: مندوب السعودية الأممي: مشروع القرار الروسي مهزلة وتصويت مصر له مؤلم! https://t.co/9YiJWqzqzC @sabqorg	0	0
ميرسي يا يو…	0	1
منذ غرس بذرتها الشهيد #حسن_البنا ليسقيها بدمه صاحب الظلال ليتم الفتك ببطل أول صندوق إنتخابي ديموقراطي وشعبية #الاخوان_…	0	1
هو اسطورته ريكي مارتن _وكريستيانوويجيك واحد يقول شعار ريال مدريد قد يتلطخ بالطين والدماء ولكنه لن يلطخ في العار… https://t.co/w2uYR6Umzh	1	0
#منا_وجرالعما كيف مرقت هيدي تاعيت رامي عياش	0	0
RT @messi10Arabic: ميسي أو كرستيانو ؟ كاسانو : كرستيانو مثل نادال أذا سقط لا يستطيع النهوض ، أما ميسي هو مثل فيدرر دائماً بـ القمة ..	0	1
#توفيق_عكاشة بيحكي عن هيفا وهبي هههه!دي كلها عمليات تجميل امبارح شفت صورها ع النت قبل التجميل دي تقرف عشان تعرفو احن…	0	0
RT @RevolutionSyria: #تقريرلقناة دار الإيمان منظمة أفاز تطلق حملة لمقاضاة رفعت الأسد لارتكابه جرائم حرب ومجازر في سورياhttps://t.co/xe0d0…	0	0
"#الاحتلال ينقل #الأسير الطفل #أحمد_مناصرة إلى معتقل ""مجدو""#شباب_نيوز"	0	0
ازمات مصر الحقيقية لن تحل بالمتاجرة بالدين ولا بالحديث عن تطبيق الحدود والسياحة الشرعية، بل ببرامج تشريعية وتنفيذية محددة	0	1
"انا اشفق على هيلاري كلنتون فهي مضطره لمناظره ""خبل"" نص كلامه مو مفهوم"	1	0
مهما حاولتم إقناع أنفسكم أن الشعب إختار دستور الإخوان دون تخويف أو لعب بالدين أو إنتهاكات ستظل الحقيقة أن مرسي كذب على المصريين ليمرر دستوره	0	0
#هناك_مكان_اسفل_الجحيم للي بيتفرجوا على #فيفي_عبده	1	0
"مقترح خليجي ب #الجامعة_العربية يعتبر ممارسات بشار ""جرائم حرب""    #حلب_تباد"	0	0
"""كله يا سيسي"""	1	0
نقسم بالله العظيم على أن لا نعترف لحظة واحدة بالإنقلاب العسكري وأن لا نتوقف عن مقاومته و أن لا يهنئ أو يستقر حكم مصر للإنقلاب…	0	0
سيناء علي الخريطة اكبر علامة نصر في التاريخ #تحرير_سيناء	0	1
هو مرسي ما غيرش النائب العام ليه؟ هي دي النهضة؟	0	0
#سوريا #حلب #روسيا #إيران #السعودية #أمريكا : أن الأحياء الشرقية من حلب سيطرة عليها عصابات إرهابية قذرة لا تعير للأنسان وزنا تقتل بدم بارد	0	0
الماركا:فلورينتينو في أفضل أوقاته كرة رونالدو الذهبية،ال١١،زيزو هم المفاتيح.#LaLiga #الليغا #الدوري_الاسباني… https://t.co/9lTZnLK8Je	0	1
رجُولتكَ وهَبتني أُنوثّه مُختَلفَه ، مَ اَجمَلني بِكَ ! #صباحي	0	1
أخبار السعودية هالأسبوع كلها استنكار وإدانة وتذكير بأهمية إضطلاع المجتمع الدولي بمسؤولياته...أخبار معلَّبة لا تسمن ولا تغني من جوع...	0	0
حبيتلكن حب من غير حنان وصحبتلكن صحبة من مالهاش أمان رحت لحكيم واكتر ولقيت بلوتى ان اللى جوه القلب مش ع اللسان ًعجبى #صلاح_جاهين	1	0
RT @Ialrebdi: #فيتو_العار_الروسي ضد مشروع إنقاذ #حلب يغذي الإرهاب والتطرف ويفقد ثقة العالم في #مجلس_الأمن مؤسف ومخزي أن يكون موقف #مصر ضد #…	0	0
الشيخ حسان يؤكد ان مرسي يمتلك شرعية قرانية وشرعية نبوية الى متى هذه التجارة بالدين بالمناسبة اين أموال التبرعات التى جمعها الشيخ حسان	1	0
@NawalElZoghbi #نوال_الزغبيﻫﻲّ ﺗﻌﻨﻲ ﻟﻲ ﺁﻟﺴﻌﺂﺩة ﻭ اﻟﻨﻘﺂﺀ ﻭ ﺁﻟﻔﺮﺡ ﻭ أﺷﻴﺂﺀ ﻵ ﺁﺳﺘﻄﻴﻊ ﺁﻟﺘﻌﺒﻴﺮ عنها 😍🙈ﻫﻲّ ﺷﻲﺀ ﺁﺗﻤﻨﻰ ﺁﻥ… https://t.co/JA26Bz05l6	0	1
RT @Al_thawaq: #العبادي_يمثل_العراق وكلنا سنكون معه في حالةطرد السفير التركي من بغداداصدار اوامر للجيش والحشد بضرب قاعدة بعشيقة التي يتمر…	0	1
@NanaElissian بلدكن و حرة برأيك اكيد .. بس الكلام عن حزب الله بمس فيني شخصيا .. عم تحكي عن جماعة عم تحارب الدواعش لبقلب بلدكن	0	0
#عادل_امامالزعيم وكوميديان مصر الاول	0	1
#احمد_ادم بقى بضان فشخ مش لاقي غير #باسم يوسف	1	0
#خلق_جميل غض البصر	0	1
RT @MasirahTV: مقالات | #السعودية تفقد توازنهابقلم: ناصر قنديلhttps://t.co/Ocgr3GxMCg#المسيرة_نت	0	0
2050 بص يا سيدي انا ضد فض أي اعتصام بالقوة وأعلنت ده بعد الحرس الجمهوري وأيضاً غلق المحطات ولكن هذا لن يجعلني ادعم طفاسة قيادات فاشلة	0	0
هل هناك حضارة دون وجود المرأة؟ يجب أن نثق في قدرات المرأة فهي دائماً جزء من النجاح، من غير المرأة لن تكون هناك	0	0
"RT @TMZinArabic: دونالد ترامب:""لانك ستكونين في السجن"". https://t.co/UIhcTK8tSN"	0	0
مش كل معارضتك فلول ولا إنتهازيين يا مرسى طمن شعبك بلاش تعمل ودن من طين وودن من عجين الأخوان حيغرقوك	1	0
أقول للشتامين مشكلتكم ليست مع الكتاب والإعلاميين بل مع جيل ثائر خذلتموه وخنتموه ثم أصبحتم تحملون دمهوأختم كلامي بقول المرشد ماذنب النباتات؟	1	0
"الفراج يشن هجوم بطريقة قذرة على اتحاد "" منتخب "" ويتحدث عن العدالة و يبرر العنصرية #فلول #اكشن_يا_دوري"	1	0
محد مصبر هموم الناس غير إيجابية كاتي پيري!!يمعود ولا جستن بيبر	1	0
معظم الناس اللي نازلة في قوات البنيان المرصوص واتقول امريكان وجو ... هما مؤيدين لنكبة فبراير ....قصدي ما تنسوش ..الناتو يااهووو	0	0
#لله_درك_يا_غوغل شو فضحت ناس، وطلعت ناس ، ونزلت ناس ..	1	0
علاقة الانقلاب بالامارات والسعودية والمساعدات مثل البلطجى وسكان الحارة والفتوة والاتاوة, اذا الحارة مادفعتش	0	0
#اتجنن واخرج عن المألوف	0	0
طول ما بيشتمك ككاتب الحمقى اللي فاهمين إن مرسي صح والحمقى اللي فاهمين مبارك كان صح والحمقى اللي فاهمين الحل في القمع والعنف فأنت أقرب للحق	1	0
بالفيديو: مورينيو تحبطه حلقات المسلسل الممل  .kz6 https://t.co/ZHV1HxOvPP ⥂ #Christmas	0	0
يعني سكتنا عن الدراسه في رمضان كمان ثلاث فسح ايش تبيني نموت #الغاء_التوقيت_الزمني_المدرسي	0	0
#حازم_عبد_العظيم اللي خرج من الوزارة لعلاقاتة المشبوهة بشركات اسرائيلية قيادي في حملة #السيسي #الطيور_علي_اشكالها_تقع!!	0	0
"بطل نميمة و غيبة ""انكما قد اغتبتما و من اغتاب مسلما فقد اكل لحمه"" #حاول:')"	0	1
الفساد عمره ما هيقضي علي الارهاب.في فساد في ارهاب مفيش فساد مفيش ارهاب وفي كل حاجة كويسة.فلو مش عايز تحارب... https://t.co/Ud4peFuQXg	0	0
RT @A822822A: بعد شرب الكحول يأتي دور التطبير♦️♦️#الشيعه #العراق #بغداد #كربلاء #النجف #لبنان #سوريا #حلب #البحرين #الكويت #قطر #الجزائر #…	0	0
في نوعية افلام تدخلها تحس ان انت انسان محترم كدة نضيف زي مثلاافلام #عمرو_سلامة #لامؤخذة وفيه افلام تحس انك حقير وعيل سرس زي افلام #السبكي	0	0
@Sllokei روجر فيدرر يتدرب الآن وبإذن الله راجع بقوة 😉	0	1
RT @FraihAlanzi: هذه…حال دمشق العروبة اليومهذه…حال حرائرهاوهذا…مافعله الفرس بهاتحتضن طفلها نائمة بالشارعفأين أنتم ياعرب…؟؟#سوريا https…	0	0
هو ما ينفعش حد ييجي ويمشي عدل أبداً ده إيه القرف ده	0	0
@aboJod22 @h_akseldihya @AlmuhanaJawad @DrAl_Lawati حتى محمد السادس من أبناء فرنسا ولا فرق بينه وبين جنرالات الجزائر	0	0
الله يحرقك انت طلعت منهم ؟!دانا كنت باحب اغانيك ... يا عيب الشوم على الرجالة ..اتفووووة https://t.co/JcdyKXGSRa	1	0
سيطرة البلطجية المسلحين على الشوارع ليلا قتلوا ملتحيا أمس فى جسر السويس كارثة أمنية غير مسبوقة	0	0
@Dr_4_you @AnayGaber @BBCArabic السعوديه طلبت تحقيق دولي وسارعت داعش لتبني التفجير ورفض الحوثة لجنة تحقيق ورأينا لقطات رمي القنابل اعقلوا	0	0
في بعض جامعتنا تحتفي بيوم اللغه العربيه واهي ٩٩٪ من التخصصات كلها باللغه الانجليزيه!!مثل الجامعه الالكترونيه	0	0
RT @Ahmad_Aljool: هذه الصور مهي لحظة خروج البنات من مصلى نساء بتراويح رمضانبل لحظة تجمهر بنات حول مشهور من سرابيت سناب للاسفحسبي الله #ح…	0	0
شكرا ياشباب على محبتكم ربنا يجعل كلامنا خالصا لله والوطن ده رابط تحميل المعصرة مقالة أحمد زكي مهمة تصبحوا على خير	0	1
اكبر تناقض عاشوا لبنان كان بين ثورة كبيرة وكرسي غالية ومبادئ انكتبت بدم شهدا غاليين للأسف صارت ملف بجارور رخيص #جبران_تويني	0	0
اتهام محمد مهدى عاكف المرشد السابق للاخوان (عمره أكثر من 90 عاما) بالقتل العمد يؤكد أن الفبركة وصلت مداها	0	0
@ibndeeratna الله يسامحو، كان يطول زيارتو شوي😂#معركة_الوعي#حروب_العصابات#سوريا	1	0
لمن #دبي تجهز  ٤٠٠ ألف مفرقعه #والمانيا تستعد لتجهيزالنازحين السوريين ب٤٠٠ الف بطانيه❗️ فــ بعدلحد يسولف بالعروبه #لو_بابا_نويل_عراقي	1	0
"#القصة | تنظيم سيء و ""#للكبار_فقط"" وضيف شرف يعاني.. أبرز ملامح #مهرجان_القاهرة_السينمائي الدولي الـ 38 #فيديوhttps://t.co/HyISUt167Y"	0	0
RT @watan_usa: قرقاش يهاجم مندوب السعودية: يبكي سقوط الإخوان ومرسي في نقده الموقف المصري https://t.co/33ms8ckuuo https://t.co/4bXq57BlMx	0	0
الخنزير الحقود اللعين الديوس  #لافروف	1	0
شعور جميل لما تكون فاضي وتفتح برنامج #اوبر وتقعد تخدم الناس بغض النظر عن المادة اللي تحصلها ويركبون معك ناس فلاوويه 😂	0	1
لبـستُ ثوب الرَّجا والناس قد رقدوا - وَقمتُ أشكو إلى مولاي ما أجدُ / وقلتُ يـا أمَـلي في كلِّ نائـبةٍ - ومَن عليهِ لكـشفِ الـضُّرِّ أعتمدُ	0	1
اشرايج ف ج-ز؟؟ انييبه بس عشان يغني ٩٩ مشكله ولا يغني مع بيونسيه !!! https://t.co/8bn15JE19W	1	0
RT @3beer_RMA: ديميتروف إلى هذا الحد 😐استطاع التغلب على:نادالجوكوفيتشمورايفافرينكالكن لم يستطع التغلب على الذي علمه السحرروووووجير…	1	0
ابن العاهره #تشوركين: والمجرمان #لافروف و #كيري اتفقا على عقد محادثات على مستوى الخبراء في #جنيف بشأن انسحاب المقاتلين من #حلب والعرب #نيام	1	0
_ مبروووووووووووووووووك للريال حببتى بس الصراحة البايرن هوالى كان احسن #ذا_شامبيووونز	0	1
صهرنا الجديد ريكي مارتن يعلن خطوبته من الرسام السويدي السوري جوان يوسف..😝😝اذا بدكن بالرفاه والبنين 😕 https://t.co/9ifJ6r7WqY	0	1
@fish_fash كله في اقصى اليمين المتطرف و في الخليج لا تذكر الدين و الملكية المطلقة لانه برضو بتلاقيهم كلهم في أقصى اليمين المتطرف	0	0
وجهان لعملة واحدة اسمها #امريكاسواءً هيلاري كلنتون او ترامب فكلاهما يعملون بخطة واحدة وهي دمار #العالم https://t.co/CKXaG2a8j7	0	0
#الولايات_المتحدةمجلس الشيوخ الأميركي يوافق على تمديد العقوبات على #إيران لمدة 10 سنواتقانون تمديد العقوبات... https://t.co/dKvMlPcP21	0	0
RT @waelhnehme: يا سلمان بن عبد العزيز بن يزيد #ال سعود  ليس أيامك الا عدد وجمعك إلا بدد يوم ينادى المنادي ألا لعنة الله على الظالمين #ضحاي…	0	0
RT @caironewsportal: فيديو.. شبيحات #الأسد المتطوعات يستنجدن من الهوس الجنسي لضباط #بشار: أجبرونا على الدعارة!https://t.co/Lk5y56EuQ0!#سو…	0	0
في عاهات بالانستقرام فولورزه 5 الاف مو مشهور ولا احد يعرفه ، ينزل بوست معرض و يحط صورته عليه و يكتب حياكم انا ضيف شرف 🙇شفيك جستن بيبر😂	1	0
انفجار سيارة مفخخة يوقع قتلى وجرحى في #بنغازي #الليبيةالرابط البديل::https://t.co/r2ojwC29Bxhttps://t.co/1oVXrFY0Mf	0	0
بتعرفوا شو يعني إنك ب #فلسطين ؟إنك تجدد نية الرباط على أرضها وتكسب أجر حتى وانت نايم 😎	0	1
RT @A7mediito: باذن الله سيتوج ريال مدريد بلقب الحادية عشر، حينها سينسون فرحتهم بالقابهم المزيفة وسينحبون فرحة جماهير الريال بتوسع الرقعة ع…	0	1
بقي بوتن وفياً لحليفه الإيراني، نستذكر تصريحه الشهير في سبتمبر الماضي بتأكيده على حق إيران في رفع حصتها الإنتاجية و… https://t.co/Ou4Ll5gIP5	0	0
هكذا عايد #السوبرستار #راغب_علامة السيدة #فيروز في عيد ميلادهاhttps://t.co/2RBbAqM2Jq@raghebalama	0	1
RT @3ajel_ksa: إحصائية.. استشهاد 96 ﻃﻔﻼً #ﺳﻮﺭﻳﺎً ﻋﻠﻰ ﺍﻷﻗﻞ، ﺑﻄﺎﺋﺮﺍﺕ ﻭﺑﺮﺍﻣﻴﻞ ﻧﻈﺎﻡ ﺑﺸﺎﺭ ﺍﻷﺳﺪ،ﺍﻟﻤﺘﻔﺠﺮﺓ، وإصابة 223 طفلاً ﺁﺧﺮﻳﻦ، ﺑﺠﺮﺍﺡ،في مدينة…	0	0
@hyn_12 @JAZZbqICOuATBwJ مني معاي شيرين والا نوال الزغبي	0	1
#الجديد تركت كل زعماء العالم ونقلت كلمة امير #قطر في وداع #كاسترو انو سيجار كاسترو اكبر من قطر بعدين شو جاب حمد لكاسترو	1	0
فالنسيا خيب ظننا للآن كان الدوري لنا لكن ضيعناه قدام اشبيلية والكلاسيكو قبله !! #قهر	0	0
كتاب جميل جدا عن ما يحدث في منازلنا ولا نراه من تقديمد. #وليد_فتيحي #كيف_أحمي_طفلي #معرض_الكويت_الدولي_للكتاب… https://t.co/o2rjHnGQy3	0	1
RT @caba000: بعد عاصفة الحزم تغيير تخطيط امريكا لإسقاط الدول صغيرة فأصبح هدفها اسقاط السعوديه منبع الاٍرهاب..اضرب رأس الرهاب..يموت الجسم..	1	1
معلومات وخبريات كتيرة تكشف عن #جبران_تويني المرة الاولى بتقرير خاص في #هوا_الحرية #مين_قتل_جبران؟	0	1
#كلمتين_وبس أحبك جدآ #الى_احدهم	0	1
"""غلوبال ريسيرش"" يكشف الدول الداعمة لـ""داعش"":#السعودية#تركيا#قطر#إسرائيل#بريطانيا#فرنسا#الولايات_المتحدة https://t.co/BrkLuhQbeg"	0	0
@y4zeed_k لو اشغل بوب ديلان والا جون ليون لخوياي يمكن أرجع تاكسي	0	0
"#غرد_كانك_في_التسعينيات المطرب الصاعد وائل كفوري والمطربة الصاعدة نوال الزغبي يتألقان في دويتو بعنوان ""مين حبيبي أنا"""	0	1
أفضل ممثل لثورتنا#30_يونيو هو قائدهاسيادةالمشير علشان كده #السيسي_رئيسي_2014 #سأنتخب_السيسى_و_مش_هنزل_لمستواك	1	1
تخيل احساس ظابط الشرطة الى عارف انه مستهدف في كل ثانية من اليوم وفي كل حركة بيعملها حتى لو بعيدة عن طبيعة عمله #الاخوان_جماعة_ارهابية	0	0
RT @hajjaj1407: التصويت المصري في صالح روسيا تجاه سوريا مضادة صريحة للإسلام، ولا يؤيده إلا ممسوخ يضمر العداء للمسلمين وإن أظهر إسلامه!	0	0
كيف يحشد الرئيس مرسي الجماهير لاسقاط الاعلان الدستوري فيهتفون يسقط حكم العسكر ثم يشيد الرئيس اليوم بالدور الرائع للمجلس العسكريتناقض مؤسف	1	0
شاركوا معانافى الهاشتاج ده #محبي_حازم_عبدالعظيم_ضد_الخونه عايزينه تريند #ريتويت #جيش_تويتر #سأنتخب_السيسي #باسم_طلع_حرامى #ا…	0	0
46572581 ههههههههههه انا و ام ابني المستقبلية بنفتح من اكونت واحد	0	1
"#الغوطة_الشرقية: #الجيش_السوري يتقدم في حوش شلق بالغوطة الشرقية وسط اشتباكات مع أرهابيي  ""جيش الاسلام""."	0	0
يعني مابعرف #MannequinChallenge  شو المغزى منو او شو الفكرة 😂 حاسستو متل لعبة حركة ستوب 😂🌚	1	0
#موقف_نفسي_اعيشه_مع_مراتي انى اكون الأمام و نصلى مع بعض!	0	1
RT @taloo157: ليونيل ميسي عبر الانستغرام : هدف صديقي فهد المولد من افضل الاهداف اللتي رأيتها في حياتي سأطلب منه تعليمي الطريقه https://t.co…	0	1
فريق عمران يحرزكاس المولد النبوي الشريف للقدم   https://t.co/ez1lXDmRl2#نادين_نسيب_نجيم	0	1
@malak_alhusaini ابي هديه منك كنت انتظر ايفون بس ماربي كتب ابي هديه منك😔	0	1
RT @AbdullahGhali: ﴿ أنَت تَلگ ألنبَضه التَي تشّعرنيْ /بالسَعادة  💜 #غرام #شوق #اشتياق #غزل #شعر #احساس #بوح #رمضان #سيلفي #الصدمة #العرا…	0	1
"أحسن حاجة في أغنية #السكة_شمال هيا ""ايه ايه ايه ايه "" اللي أمير بيقولها قبل ما بيغني علي طول !"	0	1
خليك كوبري #عسكر #اخوان لايق عليك # #قانون_التظاهر #قصر_الاتحادية #اسقاط_قانون_التظاهر #6ابريل	1	0
"""_97: ههههه عادي مالها ال14 سنه :)"" أجدع ناس و فخور جداً بيكم"	0	1
RT @hanghali: @ayman_almaz24 مؤسسة كير الاخوانية بتمول حملة هيلاري ومؤسسة جوزها كلنتون الخيرية عايز منهم ايه ؟!	1	0
@nba_155 بدخّل الكلاس بطريقة احتفال كريستيانو siiiiiiiiiiiuu https://t.co/naDz6EokVW	0	1
#محمود_العلايلي:علينا أن نعترف أن كل مصري من حقه مباشرة الحقوق السياسية.. والفريق #أحمد_شفيق له مناصرينهل ترى أن ه… https://t.co/6vBhvN7UF2	0	1
أيمن يونس يؤكد:الزمالك لا يشارك فى دورة فى قطر لموقفها من مصر, حكومتك يا كابشن بتتفاوض مع قطر عشان تشحت غاز	0	0
والذي يفرحني أكثر أن اليمين المتطرف أكتسح أوروبا أما اليسار إنتهى وولى ، الإسلامويين في العالم كانوا يعتمدون على اليسار وديموقراطيي أميركا..	0	0
الفيديو بتاع وجدي غنيم ريحته #فسسسس	1	0
#توفيق_عكاشة: #محمد_رمضان دا شمام وسمكري بوابير جاز	1	0
RT @BeesoS11: توماسوف لاعب كبير وكان افضل لاعب في كرواتيا الموسم الماضي لاتحكموا على مستواه مع #النصر البيئة سيئه جدآ لو جبتو ميسي بيتحو…	0	1
#صورة.. خروج مسيرة في مخيم الجليل في #لبنان مساء اليوم رفضاً لقرار #الاحتلال منع رفع الاذان في مدينة #القدس_المحتلة… https://t.co/uYkwpp5KG3	0	0
ال سعود يهود العرب.سبب كل مشاكل العرب والمسلمين.علماؤهم .لايفتون بقتال اليهود  #Christmas #الهرمل #الامارات #العدليه https://t.co/yR608caVP2	1	0
@ahmadhumad4 @bibinoo20 @maha_alm112 صارت كالذي يتخبط في الوحل الفكري  تقتات على مائدة الإعلام الغربي	1	0
الليلة #عبد_الرحيم_على يذيع تسريبات جديدة لــ #البرادعى على #القاهرة_والناس العاشرة مساء #البرادعى_خاين #باسم_حرامى #نشطا…	0	0
مشاهد مؤلمة لاستمرار الجيش المصري في تفجير منازل اهالي رفح شمال #سيناء #حسبنا الله ونعم الوكيل	0	0
✍️ المندوب #السعودي في #الجامعة #العربية يهنيء جيش #النظام #الطائفي بطريقة مذلة على #احتلال #حلب... https://t.co/icL2iMkqgX	1	0
نزال الليلة سوف يدخل فيه ترامب مجروحآ. ليس لديه ما يخسره. اتوقع بيغامر وبيهاجم عائلة كلنتون خصوصآ فضيحة بيل. هيلاري ذكية سوف تتركه يدمر نفسه	0	0
@mbuyabis اخر مرة صارت فزعة رجال أنتجوا جبهة النصرة و داعش. ما هكذا تورد الإبل	1	0
احد ضحايا الاخوان اصابوه برصاصة في قدمه ثم عذبوه ببشاعة داخل الجامع هو احمد ثابت عضو 6 ابريل وهو يعالج الان في مستشفى البترول بالإسكندرية	0	0
الجبير والمتحدث السعودي في الأمم المتحدة يصلحون ما أفسدته إيران في الإعلام الغربي ويأتي خاشقجي يهدم ذلك يجب محاسبته الوطن فوق الجميع .	0	0
#السيسى_هايصالح أحمد عز وزينة وهاياخد العيال يربيهم علشان يتفرغوا لخلفة عيال تانية #الجيش_قتل_رضا #حاميها_حراميها #الداخ…	1	0
الانقلاب ساقط لا محالة وبعدها ستعلو قيمة مصر والمصريين الى عنان السماء فى كل بلاد الدنيا بعد سنوات الذل والهوان لناصر ومبارك وسيسي	1	0
RT @saadhariri: ٢- يد ايران وحزب الله في تدمير مدن سوريا وفي دماء اكثر من ربع مليون سوري، لن يغطيها الصراخ.  وأصوات أطفال حلب ستظل تقض مضاج…	0	0
لاول مرة فى تاريخ الاسلام يهتف المصلون ضد خطيب الجمعة (قاتل) الداعية سالم عبد الجليل عبد البيادة نال ما يستحقه	1	0
"#فضايح 😄#ترامب لـ""#هيلاري_كلينتون دمرتى دولاً عربية وسأوجه بمحاكمتك حال فوزى والمرشحة الديموقراطية لـ ""دونالد الجميع قلق منك وعليك الاعتذار"	0	0
@Alito_NBA انهبل في شيكاغو .. خربوه	1	0
#كيري متآمر كذاب و #لافروف متآمر مجرم . #سوريا https://t.co/cqohcRO6K0	1	0
بعد هالكلام حقق كريس 3 كرات ذهبيه و 2 افضل لاعب ف اوروبا و افضل لاعب ومهاجم فالليغاو حقق ريال مدريد 6 بطولات .https://t.co/K7t3tJWIpE	0	1
الثورة كانت تستحق دستورا جديدا محترما تكتبه جمعية تأسيسية منتخبة ربنا يسامح من اوقعنا في هذا المازق عموما الثورة لها جولة اخرى وستنتصر	0	1
@wp_fadii لا انا انصحك تعدل لغتك العربية بعدها تدخل الجامعة.	0	0
RT @M__albugaily: هاجموا الحبيبة مصر بضراوة لأنها أيدت المشروع الروسي لمكافحة الإرهاب في سوريا وصفقوا لقردوغان الذي إعتذر لبوتين وأعلن تأيي…	1	0
الانفاق قاتلة الجنود والمدرعات في #حلب #جبهة_النصرة اشترت من #داعش أسلحة من #تدمر - https://t.co/UMx9fAVC09 https://t.co/qsBafhETU4	0	0
@RTarabic إيران و روسيا  وش تسوي في سوريا  تزرع  ورد و توزع هدايا  هناك  لا بارك الله فيهم	1	0
نود أن نرحب بمكتب الهيئة #الألمانية للتبادل العلمي DAAD في #لبنان على فيسبوك، ونبارك لهم لافتتاح مقر جديد في #بيرو… https://t.co/nt779txL2S	0	1
((ده مش مجرد عرض من Uber Trust ))ده بدايه طريقك للنجاح ** دلوقتي تقدر تنضم لاقوي وكيل شركه #اوبر **.للتواصل... https://t.co/QADGGz5WsO	0	1
مقاطعه فرنسا الغباء يجري في دمهم المغرب ينظم إلى الاتحاد الأفريقي قريبا والخرائر دير مشاكل مع أفريقيا 😂بلاد أكبر م… https://t.co/spF51OiHnc	1	0
"RT @Ebtehal_A: يربط الغرب الإرهاب بالإسلام كما نربطه في شرقنا الأوسط باليهودية، يعممون على المسلمين ونعمم على اليهود، كلنا في قصر النظر ""هو…"	0	0
فلسطينيات ينتجن حطبا صديقا للبيئة يدفئن به منازلهن#فلسطين #الحطب_الاصطناعي  https://t.co/OJO7q8y51r https://t.co/qfxjNEIC8f	0	1
"""البيت الأبيض"" في #جيزان !جماعة #المخلوع يتعاطون صنف صعب،هنيئال #اليمن صار البيت الأبيض جارها#تعز#صنعاء… https://t.co/9lOFgi9XZV"	1	0
@yemeni_mhenk @Defend_Yemen العراق يصرخ في كل المحافل	0	0
معقول يا داعش يا خوارج جند الافعى https://t.co/LSmE7eybEU	1	0
يلا يا استاذه إحسان  امسح علم أردوغان   كم قلنا لك يا امرأه .. دخلت عالم السياسه اترك عواطفك بالخارج نصيحه.. لا تغر… https://t.co/RcwNLZHLH3	1	0
الشعب انقسم بعد الانقلاب الى جزءين أقلية من الاغنياء مع الاغبياء مع الانقلاب أغلبية من الشرفاء والفقراء لن تهدأ الا باسقاطه	1	0
"في المجر اليمين شبه مسيطر كليا متبع نفس اسلوب خطاب ترامب الشعبوي و الشعار بتاعه ""المجر أولاً""،حصل انقسام في الحزب بين اليمين واليمين المتطرف"	0	0
بالفيديو.. #عمرو_أديب: وفد السياحة الياباني فضح #مصر في العالم كله | الموجز https://t.co/HyztnVR2aQ via @Almogaz… https://t.co/gbbG21lMuo	0	0
@KarMostafa @shakerrzalloum وكذلك تسمية فيلق الارهاب والطائفيه بفيلق القدسمجرد شعارhttps://t.co/OP74fOgnRy	0	0
صورة تجمع الساخر العظيم محمود السعدني و الاخ الأصغر الفنان صلاح السعدني	0	1
RT @M_Jarallah: كل عام وبلاد التوحيد وفخر الاسلام بعز وشموخ دامت افراحكم يا الشعب السعودي 💚	0	1
انزلوا في مجطات المترو والشوارع في المانيا و امريكا و فرنسا ناس ملتحين بيوزعوا مصاحف،وناس بتدعوا للاسلام في الشارع ماحدش بيكلمهم	0	1
#عن رجولتك وانت بتهزء واحد بيعاكس بنت حتى لو متعرفهاش	0	1
@MahboulDZ4 هاذو حمير ما حبوش يتحولو لسمكات ففضلو الانسحاب هذا السؤال جاوبني عليه غوغل	1	0
بعد قطع إمدادات النفط عن سيسي مصر بدأيلعب لعبه قذره مع أسياده في السعوديه	1	0
RT @asil_asilo: وبعدها ينحازون لأمهم داعش الغدر والخيانة.. اللهم هل بلغت اللهم فاشهد	1	0
شكرا على مشاعرك الطيبة	0	1
@kasimf يعنى اغتصاب امه من جبهة النصرة حلو وحلال وزى الفل ..آآآآه ياعواهر	1	0
دستور لا يمر بموافقة ثلثين الشعب على الأقل وفقط بالأغلبية المطلقة يبشر بإنقسام الوطن والإطاحة بالإستقرار ولن يعمر	0	0
انتهيت من أداء العمرة فإنه منظر عظيم أن تجد الملايين يستغيث ون بالله تعالى يا رب انصرنا و احفظ بلادنا و افتح	0	1
معش تضربوا عويلكم لبسوهم ماليات عليهن صور *جستن بيبر* و خلوهم يمشو بيهن للمدرسة و توا يضربوهم العويل إلي غادي	0	0
أشارك اليوم في مبادرة فودافون لمحو الأمية, العلم قوة, سفيرا للمبادرة ومتطوعا لتحقيق الهدف القومي بأن تصبح مصر بلا أمية	0	1
صباحي بنظرة عيونك غير ، قوم و غير لي #صباحي	0	1
أين #مجلس_الأمن_الدولي&#الأمم_المتحدة عندما #حلب_تباد ب #البراميل_المتفجرة والأسلحة العنقودية والغازات السامة غاز الخردل وغاز الكلور الخانق؟	0	0
السلفي سعيد عبد العظيم قال أن مرسي آية من آيات الله ونسي أن الله تعالى أرسل إلى مصر أيام سيدنا موسى آيات منها الجراد والقمل والضفادع والدم	1	0
شاهد معاملة جنود إسرائيل لطفل يحمل شنطة مدرسية حتى العلم يريدون أن يحرموهم #فلسطين #WeHadEnough https://t.co/rxkPpR9rfM	0	0
شرفت بزيارة الشيخ المُحدّث المحقَّق محمد بن ناصر العجمي  وفقه الله ،وأهداني مجموعة من كتبه وتحقيقاته العلمية.… https://t.co/muD5HoKnIu	0	1
اول ما شغلوا بيونسيه كرايزي ان لوف فطست ضحك 😭😂	0	1
نوال الزغبي (الشاب خالد ليس عالمي) هههههههه أتفرجي على ها الفيديو يا مبتدئة https://t.co/6cfsRbBv9t vía @YouTube	1	0
دعم المعتصمين والثوار واجب وطني	0	1
عمرو موسى يعترف: الجامعة العربية فشلت فى حل المشكلات وأتحمل جزء المسئولية https://t.co/7ZWuGQzOEs https://t.co/YAV17ApFoQ	0	0
بعد أن أسقطت الثورة عنهم الحصانةالإخوان بجهلهم جلبوا التعاطف لبعض أعضاء مجلس مبارك العسكري المتهمين بالفساد و صعبوا	1	0
بشار قتل الشعب السوري ليخدم الصليبيين هنا يشكره البابا وبطريرك موسكو ... https://t.co/E8xQtNijhZ	0	0
أنا ارشح قيادات وشرعيي #جبهة_النصرة لنيل جائزة #أوسكار في التأليف المسرحي وكتابة القصة الخيالية القصيرة #ريتويت إذا كنت مؤيداً	0	1
مصانع شركة النصر للحاصلات تباع بتراب الفلوس لتسديد الديون بعد توقف الانتاج طبعا ساويرس وبقية اللصوص يشتروها من فساد لفساد	0	0
#بالفيديوعروس ترقص بفستان الفنانة العالمية بيونسيه وتقدّم عرض أكثر من مذهل .. شاهدهاhttps://t.co/shqLC3cyYx https://t.co/9WNLc14ti2	0	1
صورة بها رأيي | إن لم تحترم حق من تعارضه في إختلافه معك بحجة أنه فاشي، إحترس فإنك لا تقل عنه فاشية	1	0
@Hyealienn بيونسيه كوريا 😢💜👌موهبتها م يستهان فيها صوتها فخم لابعد درجه و طبقاتها رهيبه 😧	0	1
"باقي على #رمضان 69 يوما تقريباً وتبدا القصه الجميله وتعلو المساجد بأصوات التراويح اللهم بلغنا رمضان لا فاقدين ولا مفقودين ♡"""	0	1
طوكيو تعرض 36 فرصة لتعزيز «الرؤية السعودية ـ اليابانية 2030»: عرضت 38 شركة يابانية، 36 فرصة في مجالات الطاقة،... https://t.co/AZoV5RdqnS	0	1
صهاينة العرب مقهورينمن الإحتفال بمناسبة المولد النبوي الشريف على صاحبه أفضل الصلاة والسلام نقول لهم موتو بغيضكم الش… https://t.co/lKxxjQA4VI	1	1
#الأمم_المتحدة عبر #محيط_اليمن | في اليوم العالمي للطفل أنتوني ليك يشير إلى انتهاكات حقوق الطفل في سوريا واليمن... https://t.co/pkrLabOw2b	0	0
تنور !	0	1
لو صح خبر مبادرة قيادات الجيش بالاعتذار لمرسي واعادة هيكلة الجيش ومحاكمة الانقلابيين والقتلة سيكون ذلك أفضل حل للازمة وانقاذ لمصر من الخراب	0	1
"""أبل"" تكسب معركة قضائية ضد ""سامسونغ""https://t.co/G6BUs2IPLKسجلت ""أبل"" فوزا غير متوقع على ""سامسونغ""، مع إعادة محكمة استئناف أمريكية فرض…"	0	1
عاد جلاّد الأندية ؛ وحاكم الكرة الدائم 😍️ #تصميمي #ريتويت #ريال_مدريد #كريستيانو_رونالدو	0	1
RT @H_Baideba: اعلم يا #اردوغان ان الترك فيهم ذبح الله الاعظم وسيكون ذلك بأيادي العراقيين وتذكر سنّة الله لكل الطغاة من قبلك#العبادي#العب…	0	0
رئيسة وزراء بريطانيا عجوز وفوق هذا  مؤقته ،،،،،يت الخليج هاجمت ايران طلعت لها بجم بمليون😂😂😂😂	0	1
RT @ToOTaLive9: #قروس يقولكم هاتوا ميسي وسواريز ونيمار 😎بيجلدهم مثل ماجلد الهلال في ثلاث ايام رايح جاي 😎 #الاهلي_برشلونه https://t.co…	1	1
لا تسمع للكارهين فهم يستحقون الشفقة انت لم تخطئ في التقدير تقريباً منذ 25 يناير لك كل الاحترام و التقدير ويشر…	0	1
RT @MujtabaaMusaa: عزاز علينا بيونسيه & ندى القلعة*بغض النظر عن عيبينا القالتها بيونسيه دي*.. https://t.co/OBgd17x6GE	0	0
وحدن بيبقوا متل زهر البيلسان ..وحدهن بيقطفوا وراق الزمان..يا ناطرين التلج ماعاد بدكن ترجعوا؟❤❤❤#فيروز https://t.co/twKZAnEwkX	0	1
الرئيس #ميشال_عون. ابشرك سيخسر حليفك الطاغية الاسد ولو بعد حين بإذن الله .	0	0
الأسواني: الدم سوف يعلق بيد كل من يشترك في هذه الانتخابات الباطلة فلنقاطع الانتخابات وننضم الى	0	0
لأول مرة منذ ١٣ سنة .. روجيه فيدرر و رفاييل نادال خارج قائمة أفضل ٤ لاعبين في العالم 🎾 #أساطير https://t.co/LXN1Fdr3dx	0	0
سبحان الله؛ صار أقوى سلاح في يد أبومازن يهدد به الإسرائيليين هو رحيله ومن معه من مقالي في المصري اليوم غداً	0	1
أتمنى وبقوة وخاصة الصفوف الدنيا فالنساء افضل  بطريقة  التعامل مع الأطفال #ماذا_لو_المدارس_مختلطه	0	1
مع الانقلاب الدموى هزيمة دموية لمنتخب مصر بالستة من يقتل الستات فى الشوارع تقتله غانا بالستات فى التصفيات	1	0
RT @SarabGaza: آتعلمون!!سينتهي الحصاروسيفنى الاستعمارسيعود لنا السلامويرفرف بأوطاننا الحمامهو الله من سيفعلصباح التفاؤل#فلسطين#سوري…	0	1
@tt_6611 أقلا ذاك سكران ما عليه حرج	0	0
الأسواني:اذا لم تتوحد القوى الوطنية فورا من أجل استخلاص الدولة المصرية من أيدي الاخوان فلسوف ندفع ثمن غاليا نحن وأولادنا	0	0
RT @xEmDGsvITGz6UEW: تطاول #اردوغان على #العبادي هي ليست اهانه لل #العبادي فحسب بل اهانه للعراقلأن #العبادي_يمثل_العراق شئنا أم أبيناتوح…	0	0
عاجلإعلان حالة الطوارئ في امريكاخوفاً من ردة فعل الجماهير الغاضبهعلى وزير الخارجيه #كيريبسبب تصريحه الذي ازعجالرئيس عبدربه منصور هادي😜😂	0	0
@Dabbashi كيف إذا يتخذوا في قرارات ويمارسوا في مهمهم دون شرعية ...أنه نفاق المجتمع الدولي.ماجاءوا بالسلام يوما أنما اراده هو الدمار	0	0
رحم الله الشيخ نادر العمراني وانتقم من قتلته المجرمين.#العمراني #ليبيا https://t.co/9LdCIekXNY	0	0
إحنا إعلام نكدي والمسئول الأول عن حالة الكأبة الموجودة على وشوش المصريين …	0	0
خايف من اليوم اللي هنقول فيه ولا يوم من أيامك يا سيسي.	1	0
أولا - غلب على أداء المجلس منذ 23 يناير 2012 أسلوب إطفاء الحرائق ومازال العمل التشريعي والرقابي الهادف لبناء نظام	0	0
#فيروز معنى لكل أوصاف الجمال.	0	1
وبعدين هو في حد أفشل الرئيس غير كذبه وإخلافه للوعودكثير من اللي بتسميهم ثورة مضادة كانوا بيحترموه وبيتمنوا له النجاح قبل أن يستبد	0	0
RT @FraihAlanzi: رغم…أنوف الغزاةرغم…أنوف الطائفيينرغم…أنف ذيل الكلبسينتصر شعب #سوريابعون الله…ثم بإرادة السوريينومن خلفهم #سلمان وعرب…	1	1
د عبد المنعم أبو الفتوح : (الخلافة المنشودة) هي العدل والمساواة والحرية ومكافحة الفساد السياسي والاجتماعي وهي	0	1
"""فرنسا تسرق المكمل الغذائي لزعبيط ""RHB"" و تنتجه"" : https://t.co/FoX8K9yVKl via @YouTube"	0	0
كل سنة وانت طيب يا كابيتانو .كبير يبنى والله من اول ما ظهرت سنة 2000 .مش هنسي الماتش اللي عملتو قدام ريال مدريد ولا كوبري جوارديولا #GHALY 💓	0	1
RT @mjm3_SA: بالفيديو.. الجماهير السعودية تتناول فطور عاشوراء أمام ملعب الجوهرة https://t.co/nWd5Vt2T0O #المواطن	0	1
@al3ajalabead مع الأسف أصبح ضعف المنظومة الأمنية داخل #بنغازي واضحاً و جلياً للعيان بعد أن كادت بوادر الأمل في الإحساس بالامن تنفس الصعداء	0	0
الرئيس بيقول ان عجلة الزمن لن تعود ( للخلف ) وهو مش واخذ باله ان قد رجعنا الى ما قبل الخلف !#اليمن#سعيدكرضوان الهمداني	1	0
نزلت ويندوز 10 ولسه بقول هييه لقيته 32 bit والجهاز 64 	0	0
@mohamedkarout @DimaSadek نعم هي صوت جبهة النصرة بحلب اللي تنتفض لنصرتهم 😏	0	0
#ﺍﻧﺖ_ﻣﻬﻤﺎ_ﻛﺒﺮﺕ مش هنسي اي لاعب لبس تيشيرت #الزمالك و لعب علشان الزمالك مش علشان الفلوس و حب الزمالك و جمهور الزمالك من قلبه ^_^	0	1
طيب طالما الاكل بقى فاحشه يا ريت #عمرو_اديب يفسرلنا ازاي #لميس_الحديدي كانت في حمله #جمال_مبارك و هو واقف برنامجه	1	0
@SL_FuT طيب ميسي وسواريز مسوينن اظءء نشرب من نفس الكوب ويشيل ولده ومدري وش	0	0
@211Isis @TrG___1M قول الشيخ الداعشي واضح وصريح. الرجل أهان النبي ووصفه بالتابع ل #داعش المخالفة للدين. كيف ترضى أن يكون النبي تابع للبغدادي	0	0
أشكرك	0	1
بعدما فشل مشروع أوباما :انسحبت بريطانيا ، وهناك محاولاتلصعود اليمين المتطرف في أوروبا.	0	0
انا مبحبش الناس الأوفر انا مبحبش الناس عموما !! #اعترافات_ليلية	0	0
رب مسنا الضر وأنت ارحم الراحمين #ليبيا#بنغازي#طرابلس#درنة	0	1
و أعتز بمصريتى و صعيدتى	0	1
ناقوس خطر ينبغي أن يدق لدولة متراخية باتت مؤسساتها محدودة الفاعلية	1	0
منذ تم التصويت على تعديل قانون انتخابات الرئاسة (العزل),قد انهالت علينا التعليقات المليئة بالسباب الممنهج من اللجان الإلكترونية المأجورة 1-3	0	0
RT @saraalwd3any: @Mohamed__Othaim مررررهكنهم مسرحية خزلبه تافهه!اتوقع ان الانتخابات شكليةاوباما بيخلص  رئاسته مافلح بشي!	1	0
الانقسام بين القوى الوطنية طبيعي ولكنه حدث قبل إنجاز اهداف الثورة فاستفاد منه النظام القديم يجب ان نضع الثورة قبل المصلحة السياسية	0	0
يارب اجعلها لليلةة فرح لعشاق العالمي بالتوفيق ي نصرنا #النصر_الشباب	0	1
RT @DrhusainAlsaedi: الاسلام ونبينا محمدﷺ براء من هكذا أعمال هي أقرب ماتكون للاديان الوثنية ولا تمت لدين الله بصلة.. https://t.co/p1BoykqZuV	0	0
@AhlamAlShamsi احلام هالسنه منا نشوف الذهبيه بحلقه من ارب ايدل نوال كل مره بتقول انتي بتجنني بارب ايدل وبكلشي بتحبي نوال الزغبي؟؟؟	0	1
الأتراك (على باب الهوى) يعانقون السوريين النازحين بأحضانهم .. هذه الدولة العلمانيةيا أذناب الغرب .. تباً لكم !… https://t.co/eseh0TnKxv	1	0
RT @moonnor27: Shia militias crimes عاجل من العراق انظروا كيف تجبر عصابات ايران الهمجيهاطفال الشيعه على شق رؤوسهم بالسكاكين مروع هذه جر…	0	0
مبروك على مصر وأهل مصر اﻷبطال اﻷشاوس المحترمين المتعلمين المثقفين كل شعب مصر شعب راقي كلمتكم الموحده و #سأنتخب_السيسي	0	1
سيتم فك الحصار عن #اليمنبمجرد تسلم #ترامبلإن إدارة #كيري سمحت ل #السعوديةبخنق شعب بالكامل وقصف المدنيينوقتل الا… https://t.co/mG2ThhsGZi	0	0
كل سنة وانت الحب ❤️😘#فيروز	0	1
عندما تقرأ أن السعودية والامارات والكويت والاردن تؤيد التحول الديمقراطى فى مصر بعد الانقلاب تموت من الضحك 4 دول	1	0
ده الى جانب والدي الله يرحمه ووالدتي وأخين وأختي كل دول مهندسين أنا بس إختارت أكون البطة السودة	1	0
"RT @AhramArabi: https://t.co/2CQLIsQkQmفتح الله جولن لـ""الأهرام العربى"" (3): أردوغان وفر للإخوان الملاذ الآمن.. وسيستخدمهم كما استخدم #حما…"	0	0
الدفع بمواطنين من اجل ملاحقة الصحفيين قضائيا بتهمة إهانة الرئيس طريقة قديمة طالما استعملها مبارك وانتهت به في سجن طره هل يتعظ الرئيس مرسي	0	0
كان باقي أدرس للحين 🙇🏻‍♀️ #ماذا_لو_المدارس_مختلطه	0	0
لا تجعل الامتحانات تلهيك عن عن عن الامتحانات اللي بعدها ،، ما هما شهرين طين #امتحانات_ايفري_وير #عشان_خاطر_ماسر	1	0
https://t.co/tagu6LZdafصوتوا يلا شاكورنا بتصويت #اليسا كرروا قد ماتقدروا	0	1
نفاق المجتمع الدولي https://t.co/YW5gtBZmAD	1	0
السعودية تنفرد بالقمة وأول انتصار لقطر والعراق https://t.co/Yczh5EO8Fs	0	1
حريم جبهة النصرةجماعة الموت ولا المذلة https://t.co/TXgYhTwSjI	0	0
RT @yousuf201372: #الروهنجيا_في_خطربل الإنسانية في خطر.يخافون من نصرة إخوانهم المستضعفين خوفاً من تهمة إلصاق الإرهاب فيهم!ناموا فقد يحين…	0	0
هيلاري كلنتون لم ولن تنسى خيانة زوجها لها وسر تمسكها به لأنهم من جيل لا يعرف الطلاق.	0	0
RT @rasha_mya: #السيسي_حليف_بشار_الاسدوإيه الجديد!!القاتل واحد..والهدف واحد جنون السلطة والحكم#جنرالات يقتلون شعوبهم تحت مسمى محاربة الإ…	0	0
ألظلم يأتي من أشخاص و جماعة و ليس من البلد و بالتالى بحب بلدى بحب بلدى	0	1
أمريكا قبل روسيا والنظام تريد القضاء على فصائل المعارضة لأنها لم تلزمهم بالانفصال عن جبهة النصرة وهي قادرة على ذلك لتبرير لروسيا موقفها.	0	0
7_ أكبر معوقة وخازوق أخذناه كان من الإخوان أنا شايف كده واليوم يجب أن نكمل المشوار دونهم	1	0
#غرد_كانك_في_التسعينيات ماما دوريلي التلفزيون بدي شوف كليب نوال الزغبي الجديد يمكن اسمو الليالي.. ههه..@NawalElZoghbi #ذكريات	1	1
أفَلا أكون عبدًا شكورًا قالها صلى الله عليه وسلم ليخبرنا بأن بالشكر تدوم النعم ويجد الإنسان سعادته الحقيقية #الشكر…	0	1
الاشتراك في الاستفتاء البائس اعتراف بشرعيته كل ما فعله مرسي باطل وغير شرعي ولا استبعد على الاخوان تزوير النتائج أنا مع المقاطعة الشاملة	0	0
تفاؤلى نابع من إيماني بأن (الله لا يضيع أجر من أحسن عملا)ولا يوجد أحسن وأعظم عملا من أن يضحي الشعب بدمائه من أجل الحفاظ على وطنه وعرضه	0	1
RT @Nagymoh71489060: @suolaick1 انفاق قناه السويس.               الله عليك يا سيسى زعيم لا ينظر تحت اقدامه  يعمل لما بعد الرحيل      كان ال…	0	1
#الحجاب_اختيار_وليس_اجبارالحجاب قانون في هذه الدولة يجب ان يحترم ،، مثل ما انتم محترمين قانون منع النقاب في فرنسا ☺	0	0
@NawalElZoghbi استمع الى ريمكس  الديفا نوال الزغبي عم بحكي مع حالي . by Phil Romano #np on #SoundCloud https://t.co/lKNKh5Pgg6	0	1
RT @iraqitweet: لقد قضي الامر يا داعشفقد جائكم اصحاب البدلات السودجحافل ابطال قوات مكافحة الارهاب تنطلق الى مدينة #الموصل مع اقتراب ساعة…	0	1
برميل السيسى يحكى أن سهرة رمضانية جمعت بين السيسى وعدد من الانقلابيين ، القذافى وصدام وعبد الناصر	1	0
وأن يسهر على محاسبة قانونية ناجزة وعلنية لمن ارتكبوا العنف واعتدوا على كنيسة دهشور وأن لا ينتهي الحال إلى اللا عقاب واللا عدالة كأحداث سابقة	1	0
#السيسي عين #عدلي_منصور رئيس مؤقت وعدلي طرطور رقى السيسي لرتبة #مشير الله يديم المحبة #مصر	1	0
تقرير: #نتنياهو متهم في إسرائيل بسبب أنفاق #حماس القتاليةتابع التفاصيل .. https://t.co/40CoNpzcAo https://t.co/EQ2MP2Zap2	0	0
RT @yase10_elmasre1: هاشتاج #الاخونجيه بتاع وقف امدادات النفط ل #مصر مصدره #بريطانيا و #اسكتلندا وصخلان #اردوغان ينبحون من الشرق الاوسط 😂😂😂…	1	0
#افضل_مباراة_تنس_شاهدتهابدون ترتيبفيدرر مونفيس امريكا2014فافرينكا نوفاك رولان2015فيدرر نوفاك امريكا2015نادال مونفيس مونتي كارلو2016	0	1
RT @ELRey_FCB: بيب : ميسي أفضل لاعب في تاريخ دوري الأبطال و لا يوجد من هو أفضل منه 👌🏻و يلوموني فيك 😍😍 https://t.co/52gi26aKVk	0	1
مقال أحببت قراءته  https://t.co/1FTsdElVXN	0	1
@Azud2Azud يتكلمون في تعديل بنود أحوال كل فترة والعدل والحق والحكم بماشرعه الله كل هذاكلام من عّم جوجل😢لكن اذاعندك ادله تعسف وظلم لاتسكت	1	0
اتفرجوا على الإخوان عايزين إيه من الدستور مهزلة !	0	0
هجوم مضاد لـ«داعش» على بلدات سورية قرب الحدود التركية https://t.co/QZkolXbbwv	0	0
الجامعه العربيه احد ادوات الاختلاف العربي واعتبروا من الافارقه	0	0
@MousaAlomar هذا اجرام بوتن وبشار بحق الطفولة في سوريا شاركو في نشر هكذا مقاطع لفضح تلك الجرائم وصمت المجتمع الدولي عنها بحجة محاربة اﻷرهاب	1	0
#محمد_علي_خير _:قرار الرئيس #عدلي_منصور بتحصين قرارات الحكومة من الطعن عليها أمام القضاء غير موفق #مساء_الخير #	0	0
@magdyaamer51 حرام عليك 👊 هي لازم تبقى شبه ميريام فارس 🔫🔫🔫🔫	0	0
الصهاينة في #القدس يمنعون اﻵذانعبر مكبرات الصوتوصهاينتنا  يقولون#اوقفوا_مكبرات_صوت_المساجدتشابهت قلوبهم وألسنتهم!	0	0
كاميرات الاعلام الروسي ترصد الدمار الذي أحدثته طائرات #بشار_الأسد و #بوتين في #حلب الشرقية ( #فيديو )https://t.co/ogGhIhm4tG #روسيا	0	0
هاتسبني تفضل سبني من غير ما تهديدني عمرك متعوضني ~~اناقلبي هايوجعني #اليسابستغرب انا الغنية دي وايد البدايه قويه والنهايه ضعيف	0	0
RT @giantpopy: والله اعجبتني الصورة. اوباما عارف من يجلس قدامه.  لن تنساها يالهالكي العفن. https://t.co/TIKpWmXr3X	1	0
RT @amhfarraj: 🔴🔴🔴🔴لا تقسو على تركيا #يا_اخوان ، فتطبيع # اردوغان مع روسيا ، واتفاقية #السيل_التركي هدفها أخلاقي لنصرة أهلنا في #حلب ✋✋ h…	0	0
تهنئة لكل طالب وطالبة قضوا ما يزيد عن 150 يوماً معتصمين وواجهوا كل انواع التنكيل #جامعة_النيل	0	1
رامى عياش ( قلبي وجعني ) 😔	0	0
احسن حاجه في الثوره القادمه. ان اللصوص سوف يجدون الخزينه فاضيه و ليبيا مديونه. #ليبيا #بنغازي #برقه #طرابلس	0	0
ف حد غيري خاق ع جستن بيبر ولا بس انا 😂😔؟ — بس انتيي https://t.co/mkcuUSIuCi	1	0
@KhouryNayla @ElieRizkF1 الفز عادي لكن العبرة بالشخص، هذا فليب هامند كان وزير نقل ثم دفاع ثم خارجية والحين وزير مالية بريطانيا	0	1
السعودية والإمارات.. صراع آسيوي بإيقاع خليجيhttps://t.co/55J1f6uq4x #sports #sport	0	0
من اكثر الآغاني الجميله والرائعه لملكة الإحساس #اليسا  @elissakh https://t.co/geNMQuqjyl	0	1
_ قمع الثورة في البحرين بطريقة همجية جريمة تم التغاضى عنها لاسباب طائفية الانسان يجب ان يتمتع بحقوقه مهما يكن دينه او مذهبه	0	0
#بالفيديوشاهد قتلى المسلحين اثر كمين محكم لـ #الجيش_السوري في منطقة #جباب_الشعاير بريف #درعا الشمالي#سوريا #يونيوز https://t.co/evB4Vswnfl	0	0
مصر تقع في مجموعه ناريه ناريه #مصر #تونس #السنغال #موزمبيق او #جنوب السودان #حسن_شحاته كان بيرتعش وهو بيسحب القرعه #_	1	0
1 3 قتلى وأكثر من 450 مصاب في محافظات مختلفة، هذه مقدمات كارثية لاقتتال أهلي حذرت منه دوما وينبغي رفضه ومواجهته، كل الدم ا…	0	0
عاد إلى مصر خطاب دعائي تحريضي ينتمي إلى مرحلة الستينيات مصر تعود للوراء حتى رئيس الحكومة لا يتوقف عن تمجيد السيسي وهو مجرد …	0	0
الشيخ حافظ سلامة يؤكد فشل مؤامرة أمريكا لإسقاط الجيش المصري #السادة_المحترمون	0	0
RT @ALHADATH_KSA: #فيديوتصوير جوي عالي الجودة يظهر الدمار الهائل في #حلب نتيجة قصف الطيران الروسي والنظام السوري#سوريا#السعودية https://…	0	0
إصرار الشعب التونسي على الوصول إلى الكيلومتر الأخير ثورة أخرى في حد ذاته وأهم درس من بين دروس كثيرة 19'11	0	1
"RT @mustafakamilm: أقسم بالله العظيمكتبت على #غوغل عبارة ""السفلة في #العراق"".فكانت هذه الصورة https://t.co/M07Ap8wqEy"	0	0
@ARashwan93 @federista1989 جراند اداء فيدرر ف امريكا 2007 واستراليا 2007 و2010 كان خرافى استراليا 2010 فاينال موارى يدرس لغاية دلوقتى	0	1
RT @Rz_1o: هنا بلد الاسلام هؤلاء يدعون الاخلاق قبل 1400 سنة هذه الأرض التي اختارها الله لينشر تعاليمه هذه هي السعودية !!#اعتداء_علي_عامل_م…	1	0
أخر خاطر قبل النوم: اكبر جريمة في حق الثورة وحق مصر هو ان نحرم انفسنا من الفرصة الحقيقية التي دفع شهداء الثورة بأرواحهم من اجلهاو مازالوا	0	0
اليوم مرت ٣ أسابيع على مذبحة #رابعة و النهضة التي تشبه في بشاعتها مذابح صابرا و شاتيلا و سربرنتسيا و ١١سبتمبر لا يفعلها إ…	0	0
:))))) سيبك مته ده أهبل !	1	0
لدينا اكبر رصيد فى العالم لاكاذيب الاعلام على الشاشات والصفحات انتظروا بعد سقوط الانقلاب موسوعة اعلام العار ستكون حديث العالم	0	0
_ #عايش معاك ايام مفيش فى جمالها زى #الملاك دى اقل كلمه بقولها #بحبك #عمرو #دياب —	0	1
غوتشي 💕 https://t.co/vR5sY36zdA	0	1
حاخام صهيوني يقول :حاولنا منع الآذان في #القدس فتحولت كل شوارعها وبيوتها لمساجد تصدح بالأذان حتى شعرنا بالرعب فجر اليوم .#لن_تسكت_المآذن 💖	0	1
#مشاهير_ودك_ينسجنونعدو النسوان 😅دونالد ترامب 😎	1	0
رئيس حزب النور الوهابي ظهر على الجزيرة وظل يلعن في وثيقة السلمي عندما قال له المذيع ان المجلس العسكري المسئول الاول عن الوثيقة رفض التعليق	0	0
قذارة الأعلام الغربي https://t.co/4b0ASjxNi0	1	0
@saifalkenana بريطانيا السعودية واخد بالك أنت😁😁😁	1	0
@q8_466 @_i626 ههههههههه ترا مو جستن بيبر تصورينهااا بالافنيوووو ههههههه 😻😻🙀🙀😽😻😻😻😻😻🔐🔐	1	0
ضيف الجزيرة القادم من الاهرام مثل كل مؤيدى الانقلاب قطعية واحدة هى هى نفس الغباوة والبجاحة والوقاحة	1	0
أي حد عايز ينتخب فرعون يبقى يدور على آلة زمن ترجع به هو لوحده لعصر ما قبل الميلاد	1	0
لماذا لم يذهب الرئيس الطرطور الى جنازة لواء الشرطة؟ لو كان مرسي كانوا مسحوه	1	0
الاشارات البذيئة من يد واصابع علاء الاسوانى لمعارضيه فى فرنسا تكشف المعدن الحقيقي لليبرالية عند الانقلابيين	0	0
الحديث عن انتخابات ديمقراطية وتكافؤ الفرص، فى غياب حرية تكوين الاحزاب بمجرد الاخطارخلال الفترة الانتقالية ، هو لغو واستمرار للفكر السلطوى	0	0
@3pymbmOp8cFXzKn امريكا تحارب مع جيش #العراق وروسيا تحارب مع جيش #سوريا هل يحاربون عملاءاسرائيل لتثبيت حكم اعداء إسرائيل؟ #مصر #اليمن #لبنان	1	0
"#عادل_إمام يتسبّب في الهرج والمرج بعزاء ""#الساحر""  https://t.co/pg6MK4Ojbh https://t.co/cAmnXs04g4"	0	0
@1Abokrsha حت الناتو كان يقصف والنَّاس يكبروا يعني شي ماهو جديد	1	0
صدف اني شفت فيديو كليب اجنبي لمغنية كنت اشوفها راقية إلى حد ما.. وشفت فيديو كليب ميريام فارس، واثنينهم كانوا بالنسبة لي مقدمة فلم سكس او سكس	1	0
بيقولك #صباحى نفى تصريحاته عن محاكمة #السيسى و قال عنه إنه بطل شعبى -عندة اننفصام فى شخصية الحزين ده والله !	1	0
#فيفي_عبده طلعت بقناة ام بي سي وتتكلم عن الشرف والاحترام وانها الام المثالية !!! #وقاحة	1	0
د أبو الفتوح : رقابة الدولة على الأفكار يحول الناس الى مؤمنين منافقين وهذا ما لانريده ولا نقبله	0	0
يارب فرج على #ليبيا كربهاياريت كل الليبين يدعوا ويتوجهوا الى الله بالتضرع والدعاءلعل فيه فرج لهذا الشعب فالوضع أصبح من سيء لأسوأ لمأساوي	0	0
RT @twit_4arab: موقف مرسي من القضية السوريةهذا مع مجموعته وصلوا للحكم بدعوىالتدين الشريعة الجهاد/الإسلام #ايقاف_امداد_مصر_بالنفطhttps:/…	0	0
RT @ptrs_jrjss: #الاسلام #المسلمون #الدجال # لقد خدع المسيح الدجال اتباعه بما رواه عن الدجال .( الخدعة الكبرى ) .	0	0
#مجزرة_الصالة_الكبرى وجميع مجازر #عدوان_السعودية_على_اليمن وصمة عار على جبين #الامم_المتحدة والعالم الاسلامي والعربي المتخاذلين صمتا أوتأييد	0	0
ويل للعرب من شر قد إقترب.. مغني الراب الشاذ ريكي مارتن يتزوج من سوري مشهور. والعياذ بالله. https://t.co/pC78azbcO2	1	0
الأ‌مل هو تلك النافذه الصغيرة التي مهما صغر حجمها إلا‌ أنها تفتح آفاقا واسعة في الحياة	0	1
وزيرة البيئة تعترف ان مشاكل القمامة لن تحل الا بعد 10 سنوات الاعلام ذبح مرسي بعد 100 يوم لانه لم يحلها	0	0
أوراق الانقلاب 1 الوقت ويأس الثوار 2 دعم الخليج 3 اسرائيل 4 القتل 5 الاعتقال 6 كذب الاعلام 7 فقهاء الشيطان	1	0
RT @14__moony: *الحمدلله على كل حالاللهم اجعلنا مثل الذين ذكرتهم { وجـوه يومـئذ ناعمة ¤ لسعيها راضية¤ في جنة عالية}#قروب_خواطر_للدعم#قر…	0	1
بلال فضل ومصطفي النجار عن فاشية التعذيب في سجون وأقسام الشرطة بعد الانقلاب يكشف ان مصر ترتد لعصور العبودية، فظائع لا توصف	0	0
RT @FraihAlanzi: رغم…أنوف الغزاةرغم…أنوف الطائفيينرغم…أنف ذيل الكلبسينتصر شعب #سوريابعون الله…ثم بإرادة السوريينومن خلفهم #سلمان وعرب…	1	0
RT @Abukalal: تصريح #اردوغان الوقح يدل على هستيريا إصابته بعد تأكده من فشل مشروع #داعش الذي رعاه هو و حلفائه، #تركيا ستخسر كما خسرت داعش	1	0
"اكراد سوريا الذين إرتضوا ذل العلمانية نساءهم تقاتل .. ورجالهم يتزوجوا رجال !فلقد اعلن ""ريكي مارتن"" خطبته مع الكر… https://t.co/jxXbl5flmH"	1	0
مدرسة في مصر تعلم طلابها: إسرائيل طيبة القلب! https://t.co/nWuNVYAhDf	1	0
@maged111110 اماحكاية المجاعه واصحاب تهامه والاستخدام المكثف لحالتهم في الاعلام الغربي فهم هكذا من قبل عشرات السنين	0	0
RT @Muhajjid: ولا زال @Hmd_Almajed يلف ويدور لتبرئة #الإخوان من #الإرهاب، ولا زال يستغل الفرص لتقسيم المجتمع السعودي إلى أحزاب ويلمح للملكي…	0	0
اللهم انتقم منه انتقم من كل من فرح بدماء المسلمين والله لنقف يوم القيامة لنحاسبك اللهم حسرك على ابناءك	0	0
مسيرة مدينة مصر غير مسبوقة يا ويلكم يا انقلابيين من ثورة الشعب العظيم	0	1
RT @S__A_1418: يشهد رمضان جوًّا حارًّا في غالب البلدان،يخففه عظيم ثوابه وجزيل أجرهقالﷺ:من صام يوما في سبيل الله،بعَّدَ الله وجهه عن الن…	0	1
روحي تحبك ♡ #عبدالمجيد	0	1
@mennadorgham8 عارفه الاغنيه دي بتاعت جستن بيبر 😂	0	1
#محمد_رمضان و #السبكي: تهاوشوا مع بعض احسن عشان لا نشوفك في افلام زباله	1	0
المفاصلة بين الشعوب العربية وطغاتها الفاشيين مثل #الأسد و #السيسي حربُ وجود لا حدود فلا مجال فيها للحلول الوسط أو التلاقي ف…	1	0
RT @ActionYaDawry: فيديو.. فرحة هيستيرية من الجماهير السعودية بعد الثلاثية في الشباك الإماراتيةhttps://t.co/s3moA7UJDD#اكشن_يا_دوري	0	1
البوست دة عمال يلف علي فيسبوك ومل الرجالة عاملة منشن لمراتتهم 😂😂😂😂 https://t.co/RTtI48wlHw	0	1
RT @alhashd_Media: 🔶بالصور؛🔴المواكب الحسينية ترد على قردوغان #erdogan_is_isis #قرد_دوغان #اردوغان #لبيك_ياحسين_YaHussein #العبادي_يمثل_الع…	1	0
أزمة الفكر فى مصر أن الأعلى صوتاً لا يقول شيئاً والأكثر حكمة لا يسمعه أحد	0	0
بقي ريكي مارتن gay ومس انشراح متحولة جنسيا ده غير انها ماتت مقتولة ، انا كنت فين من الfacts. دي كلها !!	0	0
"ضابط جيش يضرب زياد العليمى أصغر عضو منتخب فى مجلس الشعب و يقول له : "" خلى مجلس الشعب ينفعك "" بداية طيبة لعرس الديمقراطية"	0	0
هل عرفتم كيف كان يتجول الكلب #حازم_عبد_العظيم باريحية فى يده المولوتوف والحجارة عند قصر #مرسى ؟ عصابة #السيسى كبيرة #انتخبوا_العرص اليهودى	1	0
هجوم البلطجية تحت حماية الجيش والشرطة انطلق فى بورسعيد والزقازيق وبنها جرائم جديدة فى ملف عصابة الانقلاب الملف اكتظ وفاض	0	0
الانقلاب حرق برادعى وصباحى ابو الفتوح وحزب النور الضحية القادمة من عيار ثقيل	0	0
RT @Aboshehab_q8: اذا كان معاوية خال المؤمنين، فلابد وان تكون هيلاري كلنتون خالتهم، وجولدا مائير عمتهم، وتسيبي ليفني مرضعتهم 💦 https://t.co…	1	0
الصورة ليست في سوريا او فلسطين إنما في ليبيا #بنغازي والسبب ان مدينة مارقة اسمها #مصراته تريد ان تحكم ليبيا وتحرق الأخضر واليابس#بوكرشة	0	0
نفسي حد يغنيلى اغنية #اهواك #عبدالحليم_حافظ فرحه برده :))) #حلم	0	1
@rolamasri نوال الزغبي عملت لايك 🤔😂 https://t.co/KcdqCFd06b	0	1
فاطمة نصر | دليلك إلى #Christmas Markets.. عيّد واستهلك https://t.co/UFz8097sco https://t.co/nuUgV1PMGy	0	1
@shahd_hussaini يعني احنا نخلص من حرب داعش وانطب بحرب وي تركيا للاسف الحروب تتبعنا بكل مكان مافي يوم العراق يضل بدون حرب الله يلعن الأتراك	0	0
@heba3265 @EGYPTAIR انا شايفه الاكونت بتاعهم بيرد من حوالي ساعه على حد، ياريت يردوا	0	0
لولا هاري بوتر عليا بس❤️😳	0	1
برطمان حنية مليان زيادة وماشي بيدلدق #الأسد	1	1
@saalh1995 هل هذا الاسلام ؟ هل فعل الرسول عليه الصلاة والسلام هذه الأفعال ؟! اين عقولهم !!	0	0
RT @hadeelOueiss: كل ما قاله دونالد ترامب عن سوريا خاطئ. https://t.co/imWf8EskZI	0	0
مالا يعرفه البعض..تنتج #السعودية أكثر من ٢٠٠ألف رغيف خبز يومي، عبر أربعة أفران متنقلة؛ للأشقاء السوريين النازحين ع… https://t.co/0ITKI0pG1t	0	1
إغتيال العمراني وأختيار اليوم بالذات لرمي جثة جمال زوبية دليل واضح على إرادة إشعال الحرب ف طرابلس #ليبيا-من المستفيد؟إحذروا ولاتنجروا لها.	0	0
أنصار الإخوان فرحانين قوي بلبانة إحنا لو نزلنا الشوارع هنربيكو وفاهمين إنهم لو نزلوا وعملوا موقعة جمل جديدة وقتلوا كل الناس إنها هتخلص	1	0
على اساس بلف الدوحة كلها اول ما ارد من بريطانيا اخرتها الكل مشغول بدوامه ومحد فاضيلي🚶🏻	0	0
#اذكر_افيهات_الثورة لقينا في خيم المعتصمين عند #الاتحادية #الإتحادية خمرة و مطهرات مهبلية :	1	0
من اتهموا الاخوان بالفاشية الإسلامية استقدموا علماء الدين لإقناع الجنود بقتل إخوانهم المصريين من المتظاهرين	0	0
خلاص يازين من حبهم عزلنا #اكتب_عبارة_على_باب_قلبك	0	0
اعتقد ٩٩.٩٩٪ من #السعوديين اللي يشتغلون في #اوبر و #كريم بيستقيلون بسبب تسكير البنات لباب السيارة 😝 تقل بينها وبين الباب عداوة#بشويش_يختي 😐	1	0
"مرسي هو السياسي الوحيد الذي حاول أن يصبح طاغية دون إنجاز، ويبدو أنه لم يسمع عن القاعدة العلمية التي تقول ""طاغية دون إنجاز مثل شباك بلا إزاز"""	1	0
عسيري: شروط وقف إطلاق النار في #اليمن لم تتحققhttps://t.co/BUfV7N0HtE https://t.co/9NM6GoTFwC	0	1
#حكومة_لبنان فصلوا وخيطوا وقسموا ع مقاسهم والشعب بعالم آخر	1	0
عبر20عاما من عملى الاعلامى هاجمت الاعلام القذر وتعرضت لحرب شرسة الكل تأكد مما قلته من 20عاما	1	0
28 اجدع الجدعان #جيكا #جيكا ياولد الحريه بتتولد #محمد_محمود 2	0	1
RT @safa_tv: #العبادي يرد على #أردوغان :بالتأكيد لسنا نداً لك،سنحرر أرضنا بعزم الرجالوليس بالسكايب‼️عنيف العم دامبي 💢كما يسميه #أهل #الع…	1	0
#اللي_يسري_فودة_معملهمش_ريتويت دي فتنة عشان ننقسم ونعادي بعض إلعب غيرها	1	0
RT @Q8Pay: @Q8Pay وباقي منتجات كثيره وشروحات لايهيربوتجربة شراء من امازونوموقع كتبخلال هالايام ان شاءلله ننزلهم كلهم	0	1
سأصوت بلا على تعديلات دستور سقط علشان نعم ستدخلنا في متاهة سياسية ودستورية، وهي انتكاس للديمقراطية	0	0
@aziz_shams وإن شاء الله في القريب العاجل نقدم التهاني والتبريكات للمسلمين بالنصر لأخواننا في سوريا #ستبقي_حلب	0	1
حقك كبير 😳😳قم عدل المنكر .. ولدك في خطر !!#كريم #اوبر انتبهوا لعيالكم و شوفوا جوالاتهم لا يستغلونهم حقين النقل الخاص !	0	0
احداث العمرانية وصمة على جبين كل مصرىالدين لله و الوطن للجميع	0	0
هذا ما يحدث عندما لا تقول الحق وتمسك بالعصاية من النص وترفض إدانة عنف السلطةهذا هو الأمن على الطريقة الإخوانية	1	0
بقى الخولات #محمد_عادل و #احمد_ماهر بتوع #نشطاء_السبوبة #حمدين_صباحي عايز يطلعهم كده عادي ونكرمهم كمان! #احا	1	0
12 مليون مصرى لم يدفعوا فاتورة الكهرباء الانقلاب ساقط اصبروا وثابروا واحشدوا واهتفوا سلميتنا سلاحنا	0	0
هاهاها لما انتقد سياسة أوباما فيه أمريكان محترمين بيردوا وبيعبروا أنهم مش معاه أما الإخوان ومن يدعمهم فهم اللي بيهاجموا كلامي مش مصدق	1	0
الانقلابي جورج اسحق يشكو من تعسف الانقلاب انت لسه شفت حاجة بكره تبكى بدل الدموع دم وتقول ولا يوم من ايامك يا مرسي	1	0
@MousaAlomar اردوغان مثل بوتين ومثل اوباما مافي فرق بينهم كلهم عصابات ومجرمين حرب	1	0
سيذكر تاريخ مستشفى الامراض العقلية أن محكمة مصرية اصدرت حكم ببرأة الفلول فاحتج الثوار ونزلوا ضربوا بعض فى ميدان التحرير !!	1	0
@lemsallam @NawalElZoghbi متل نجومية نوال الزغبي ماحدا محقق و نقطه عالسطر https://t.co/R4w3scUYPw	0	1
RT @saadhariri: ٨- ايران هي راس حربة التخريب في سوريا والعراق واليمن وهي المسؤولة عن تسريب السموم المذهبية الى مجتمعاتنا وتهديد وحدتها وعيش…	0	0
7 مساجد في 5 ولايات أمريكية تتلقى رسائل تهديد للمسلمين بمغادرة #الولايات_المتحدة أو مواجهة الإبادة الجماعية! https://t.co/gi1BbSGATG	0	0
موكب رماد #كاسترو ينطلق إلى مثواه الأخير https://t.co/TZFLkDkBA0 https://t.co/4j7J1D9ygm	0	0
مندوبة #واشنطن: خلال يومين تم قصف مستشفيين، والان كل المستشفيات لا تعمل في #حلب بسبب هجمات النظام السوري و #روسيا #عاجل #أخبار #سوريا	0	0
أرفض تماما وأدين ضرب الصحفيين أمام كنيسة السيدة العذراء لا لأخونة الكنيسة	0	0
#سوريا لم يعد احد بمحور الممانعه كله يتكلم عن اسرائيل صار هم و اعهتمام المحور كله هو آل سعود ، سبحوا بحمد ايران و نفط ايران  يا قوم ..	1	0
هو توفيق عكاشة مش راح للعرص ليه ؟؟؟؟ #انتخبوا_العرص	1	0
خاطري اعرف ليش كل الشباب يكرهو جستن بيبر 😂! يعني حتى انا ما يعجبني بس احس عادي	1	0
فيديو مؤلم لطفلة سورية جريحة تنادي والدها: ظهر على موقع يوتيوب مقطع فيديو مؤلم لطفلة سورية تنادي على أبيها بع... https://t.co/2Eg6VGIMcX	0	0
RT @sharif_hijazi: والعراقي يلّي بلا شرف هربان من قتال داعش في وطنه حتى يفطس في قتال أهل حلب	1	0
@anouar_eh @dr_khaled_n6 يا عبد الطاغوتتقصف امريكا وتسوي البيوت بالارض ثم يتقدم البنيان المفحوص ويقول حررت سرت صد… https://t.co/OGhxu7gU8R	0	0
ماذا فعلت مؤسسات الدولة لشرح مسودة الدستور للأميين؟ لمن يذهب الأمي الذي سيصوت على الدستور ليفهم محتواه؟ كيف نقبل هذه المسرحية الرديئة؟	0	0
وزعلانين اذا رفعنا سعر التذاكر .. غصب عنك تدفع وانت ساكت عشان تشوف الاتحاد وجمهوره	0	0
ناااااار اللعبة 😍🔥 #SuperMarioRun https://t.co/iQ9Z9fZGcT	0	1
سؤال:هل ال ١٠ الاف جنية الي بيوعد بيهم صباحي شباب مصر هما نفس ال ٢٠٠ مليار الي وعد بيهم المعزول راعي الارهاب #سانتخب_السيسى #حركة_كايدينهم	1	0
RT @yasmen_alhaj: #شاهد  الصورة في حي المشهد، الغارات الجوية دمرّت معظم مباني الحي، وهذا هو الحال في معظم أحياء مدينة #حلب المحاصرة.  https…	1	0
"#قنديل لـ""#السيسى"": عليك تقديم برنامجك الانتخابى وعدم التعالى على الجماهير #أخبار_مصر #الفجر"	0	0
مغول العصر ينبشون قبول شهداء حلب الشرقية بعد احتلالهاو تحياتي لمساندي الدولة الوطنية العلمانية تحت قيادة بشار https://t.co/1OSR50c3Cn	1	0
#الحديدة غارتين للطيران في مدينة الحديدة باتجاه كيلو 16 22/11/2016#وين_الانفجار_الان#اليمن	0	0
"""قرد أليف"" يتسبب في اشتباكات قتلت 14 شخصا بـ #ليبياhttps://t.co/pxRxge2xMy  via @Almogaz #حوادث"	0	0
النفاق مدمر طاهر ابو زيد يلغي المشاركة في ألعاب الفرانكفون ويحول ميزانية المشاركة لصندوق دعم مصر المناصب للمصائب	1	0
#النفاق_الحمساوي#الكيل_بمكيالينوماذا ممكن أن يسمي السلفيون اعتداءات #حماس عليهم؟!وبماذا يمكن أن نصف ما تقوم به ق… https://t.co/KJRSLnY9aK	0	0
#كلمة_حلوة *اصرف ما في الجيب يأتيك ما في الغيب * إن للحسنة نورا في الوجه وضياء في القلب وأثرا في الخلق #مما_راق_لي	0	1
مبارك يوم 24 يناير كان أقوى بكثير من مرسي الان الشعب اسقطه ووضعه في السجنلا تغتروا ببلطجتكم فنهايتكم اقتربتمصر اكبر بكثير من سيدكم المرشد	1	0
@Bankerchy ههههههههههههههه اي ذكرني بعيد ميلادك اجيب لك نفس بومة هاري بوتر تستاهل	1	1
حامدين، راضين، عليك متوكلين لك الحمّد #ربنا ف آتمم نعمتك علينا وعافيتك وسترك وآسعدنا في الدنيا والاخره	0	1
أهطل صفة مش شتيمة	1	0
متش ناااااااااااار..... فينك يا ميسى 󾍀 - يشاهد مباراة الارجنتين وباراجواي	0	1
RT @angel24kuw: اي معتوه بدون صورة او يتشرط عباله جستن بيبر خل يدش بطيزي مو بالخاص 珞	1	0
3 القضاء المصري أتى بمرسي رئيس ما تقوله يعني أن نتيجة إنتخابات الرئاسة باطل القضاء سلطة دولة وهكذا مرسي هو الدولة مرفوض	0	0
@YmnNow لا يا خوان داعش اين المرتبات ،،يالصوص العصر	0	0
https://t.co/eU1Eyi8myvعرفتوا اد ايه اللى انتوا بتقولوا عليه زعيم واطى وكلب الحكومه وعاوز.يكوش عالدنيا كلها#عادل_امام وااااااااطى	1	0
اكبر فوائد الانقلاب مصر الاخير عالميا فى مستوى المعيشة وفى التعليم الاساسي وبكرة تشوفو مصر	1	0
محمود الشامى العضو الجاهل لاتحاد الكرة يقول ان شعار رابعة محرم دوليا الجهل نوروون	1	0
"اليوم السابع تقول : أبو العلا ماضى : ""صباحى والكتاتنى اجتمعا سريا بوساطة عربية "" هذا المانشيت كذب كذب كذب"	1	0
2) بعضهم يتحدث عن ديمقراطية وتعددية، بينما آخرون يقاضون مبدعين انضمت لقائمتهم مؤخرا رسامة الكاريكتير دعاء العدل	0	0
محبين البرنامج بيزيدوا :)	0	1
RT @Ahmadmuaffaq: #حلب الصمودقصة صمود في صورتينبعيون أبناء الشهباءلك الله و لقاتلك الخزي والعاروجهنم في الآخرة https://t.co/9nY2pQ0C3a	0	0
RT @Ali_aloun1122: الممثل الامريكي روبرت دى نيرويصف المرشح للرآسة دونالد ترامب :إنه شخص خنزير وكلب كارثة.. وأريد أن ألكم وجهه ‼️😂htt…	1	0
RT @Anon_Force: الساده الخبراء السياسيين اللي بيقولوا مصر والسعوديه مصير واحد أحب أقول لك يا حبيبي قلب الماما اللي شارك ودعم وصدر ومول الإر…	0	0
@Alito_NBA حلاوة السله nba انه الجمهور واعي والتعصب عنده اقل بكثير من الكورة. اعلام الخصم في الكورة نوع ما حقير عكس السله	0	0
منع برنامج الاراجوز باسم يوسف والقضاء اغلق كل القنوات المحترمة قتلوا حرية الرأى والاعلام وحرقوها	1	0
العالم بيتجه للتقليل المنتظم والمستمر من اعتماده على الفحم ومصر عايزة تزيد منه! #أوقفوا_الفحم	0	0
ليفها ونشفها وماتغطيهاش قبل متنام اكيد الشيطان هيزورك وانت نايم ويروقك ويقولك سيسي سيسي	1	0
الخطأ القومي عندنا هو التبجيل	0	0
تساؤلات سورية في زمن الحرب: اشتري دفترا وقلما لابني أم رغيف خبز؟ https://t.co/FCW3x1Us8V	1	0
RT @KasQ8_: ميسي عنده منتخب قوي وعناصر خرافيه بس هو يخذلهم ….. - https://t.co/V1JfFa7SCn	0	0
هذا ليس بان كي مون…… بل…… بوكيمون اللعبة https://t.co/8EGzEzITav	1	0
تصريحات #كيري ماهي إلا فخ للسعودية سيتم من خلاله وقف الدعم الامريكي عنها لعدم التزامها بالاتفاقيةومن هنا ستبدأ آخر انفاس المملكة،،	0	0
Retweeted قناة الميادين (@AlMayadeenNews):عمليات #الجيش_السوري مستمرة في #حلب والمسلحون يعلنون النفير العام... https://t.co/BHkH5DUBbJ	0	0
في يومٍ من الأيام قرر جميع أهل القرية أن يصلوا صلاة الاستسقاء تجمعوا جميعهم للصلاة لكن أحدهم كان يحمل معه مظلة ! تلك هي الثقة فى الله	0	1
RT @waiel65: الأرز بنى سجوناً وقتل شباباً وهدم بيوتاً.. أرزكم كان لسلطة تتعشى به، ثم تذهب للنوم في الفراش الإسرائيلي، ولم... https://t.co/j…	1	0
#ريكي_مارتن خطب ريال  💔😒	1	0
بعض الناس ينطبق عليهم القول لو أمطرت السماء حرية هناك عبيد سترفع الشمسية !!	1	0
#بلحه_نيته_سوده  بالدليل: إسرائيل طالبت الجيش بالانقلاب!  https://t.co/AslIDiZeK5	1	0
الهدف من استدعاء محامين من بلاد اخرى في القضايا السياسية هو الدعم السياسي والمعنوي وليس القانوني للمتهم المقصود إظهار مبارك كبطل تحرير	0	0
99% من منتقدين هاري بوتر ما شافوه وال %1 مجرد حشرات لا يستطيع اي شي تطهيرها	1	0
صح :)	0	1
@nadinenjeim الجمال كله يا أجمل نادينفي أنتظار جديدك دائما #نادين_نسيب_نجيم https://t.co/6NrxvMuAN0	0	1
مليشيات الحوثي وصالح تواصل ضربها وقصفها لهدنة #كيري بكافة الأسلحة ...#اليمن	0	0
RT @AlghadAlarabi: #تويتر تنزف دولارات ببورصة نيويورك بعد أنباء عن تراجع #جوجل عن «الاستحواذ» https://t.co/nkCvYN8PaE https://t.co/lp7hX5hM…	0	0
اجمل توصيف لفوز #ترامب سمعته :  ( الناخب قرفان من الطبقة الحاكمة في #واشنطن ولقي مرشح قاله انا قرفان منها مثلك فانتخبه ).. بس خلاص.	1	0
أيها المتطرف في أي مكان في العالم اسحل المسلمين كما تشاء وإن لامك أحد فقل له هل يرضيك ماحدث للشيعة والبهائيين والمسيحيين في مصرقانون الغابة	1	0
مشاء الله امطار الخير الان على الغالية #بنغازي اللهم صيبا نافعا يا رب اللهم اجعله بردا و سلامه على جنودنا المرابطين في الجبهات	0	1
@msgogoksa @AbduIrahmanSaud اردوغان سياسي محنك غير سيسي مصر بيقدر يعمل اللى هو عايزه وبيلعبها صح..	0	1
ريكي مارتن تزوج من حبيبه السوري  ..يا للعار !	0	0
@shihanh010 بوش والا اوباما😂😂😂😂😂😂😂😂😂😂😂😂😂😂😂😂😂😂😂😂😂😂😂😂😂😂😂😂😂😂😂😂😂😂😂😂😂😂😂😂😂😂😂😂😂😂😂😂😂😂😂😂😂😂😂😂😂😂😂😂😂😂😂😂😂😂😂😂😂😂😂😂😂😂😂😂😂😂😂😂😂😂😂😂😂😂😂😂😂😂😂😂😂😂😂😂😂😂😂😂😂😂😂😂😂😂😂😂😂😂	0	1
@Counselkremlin الاعلام الغربي الحزبي صنع من روسيا بعبع يعلق عليه فشل حزبه اويشحذ به ههمم مناصرينه ضد اخصامه ويتخذ منه تخوين وتشكيك لمنافسيه	0	0
جزيل الشكر والتقدير لمحمد يحيى احمد الشيخ وسيد أحمد أحمد الشيخ على كرم الضيافه وحسن الوفاده #بقلمي	0	1
عدم وجود مصدر محايد للمعلومة بقى شيء مقرف جداً بصراحة	0	0
من تجارب عملائنا الاعزاء .. نسعد بارائكم وهدفنا ثقتكم ورضاكم 🌼#وسيط_امازون https://t.co/26FwVuZKNd	0	1
@FJParty_Alex دوروا عليه فى سوريا هتلاقوه بيجاهد مع داعش هناك زى أنس يا جماعة وسخة https://t.co/Lhx1lFzjQH	1	0
"بشار الجعفري، مندوب سوريا لدى الأمم المتحدة صرح بأن هناك ""أجندات خفية"" لدى مؤيدي القرار. طيب روسيا حليفتكم أيدته، هذا إقرار بأجندتها أيضاً؟"	0	0
بكري قبل مايستقيل خد معاه الميكروفون البيتبكري متن خد غرضه من المجلس	1	0
لقد تاجروا بنا يا صديقي https://t.co/WTrO5Fq7Fq	1	0
اللہم أجعل قلوبنا رقيقہ من خشيٺگ ، جميلہ بذگرڳ ، نقيہ بحبگ ! #مصطفى_حسني	0	1
بالصيفيات الحلوه محد يقرر ينزلني على لبنان لما وصلت درجه الحراره تحت الصفر امي تقول نفكر نروح لا شكراً	1	0
@malak_alhusaini اشتركت بمسابقات كثير من رمضان وانا اشترك ولا مره احد طاح علي الحين بس ودي اتوظف ادعوووووولي بالوظيفه اكفون	0	1
RT @ALAMAWI: هذه #حلب التي دمرتها طائرات #الأسد و #روسياأجزاء من الدمار في حي المشهد الحلبي. https://t.co/73Momy2A4W	0	0
اي أمرأة تصنع الحب والايثار والاهتمام والعطف والحنان مؤهلة ان تصبح أم مثالية	0	1
إستخدام المساجد في العمل السياسي ونشر العنف # #	0	0
@saadhariri كلما شاهدت طاوله الشطرنج الجميله التي تزين غرفه اجتماعاتك في بيت الوسط. اتحمس ان اشاطرك المباراه الوديه يا شيخ.. انا مبتدئه فقط	0	1
هيلارى كلينتون: نظام بشار الأسد يرتكب إبادة جماعية والوضع السورى كارثى: تلقت المرشحة الديمقراطية الأمريكية هي...... https://t.co/lsg9ADPSrc	0	0
الدرس المستفاد: لا تظن أن كل الناس خرفان يصدقون ما تقوله لمجرد أنه جاء على لسانك، فلديهم كيبوردات يستخدمونها في البحث وعقول للنقد والتفكير	0	0
اعلام العار قلب الدنيا صراخا على خسارة المنتخب من غانا ولم ينطق على دهس سيارة للطلاب امام جامعة الازهر, شياطين فى صورة مذيعين	1	0
RT @nadia_almobark: مشاهير اليوناو هم ثالث أكبر وباء حصل في تاريخ الاسلام بعد داعش والأحزاب المذهبيّة المسلحة https://t.co/ywRSeVdk1i	0	0
#أوسكار : لقد امضيت سنتان مميزتان حتى الأن، و أريد أن استمر في اللعب هنا لسنوات عديدة مثل تيري ولامبارد	0	1
@_ytz0 @anghami بوب ديلان افضل مغني وسمعني عياطك يالغالي	0	1
#خلق_جميل الشعور بالغير	0	1
ذاهبون لراب الصدع ..... احنا كنا بنضحك علي الروس لكن أنتم حبايبنا ... عرص يا سيسي https://t.co/nB1Fx72hEE	1	0
"@FCOArabic بس اذا فجرت القاعدة ""جبهة النصرة"" بأوروبا مو تجون وتقولون اسلام وما اسلام..."	0	0
بيقولك سكاى نيوز اخوان انما السيسى هيضرب الاسطول الامريكى بالسيف الاوميجا #انقلاب_مصر #مرسي_رئيسي #_	0	0
الرئيس مد التأسيسية شهرين خلافا لاستفتاء مارس والآن نائب الرئيس يقول أنه أُجبر على الدعوة للاستفتاء في 15 يوم التزاما به! احترموا عقولنا!	1	0
#عطنا_تغريده_مهايطيه ميريام فارس كنت اكلمها قبل فتره كذا عاد قلتلها ايش مكانتي عندك راحت سوت اغنية يسألني مكانه وين.الله يهديها	0	1
بكرة احسن ولسة في امل	0	1
دعم سيسي نقتل بسببه ابرياء وترملوا نسوان وتيتموا اطفال وشعب لمصري لمظلوممن جرف لدحديرةربنا لا تؤاخذنا بما فعل السف… https://t.co/1Zjm84gB9v	1	0
#نادين_نسيب_نجيمما شفتها بس اكيد كالعادة القمر 🙊😍	0	1
"عاجل #روسيا|#لافروف: هناك ""صعوبات بإجراء محادثات جادة"" حول #سوريا مع الإدارة الأمريكية الحالية."	0	0
@gogobacky8 طيب جبهة النصرة صار لها مدة في سوريا علي منهج القاعدة..مالقينا نتيجة..بدنا نشوف نتايج مابدنا حكي كتير ورمي اتهامات..	0	0
فلسطين قضيتنا الأولى ، شعار كاذب فحقد البعض على حماس جعله يقذف بالقضية بعرض الحائط ! #غزة_تحت_القصف	1	0
مشايخ البيادة عكس اسمائهم احمد الطيب اقسي قلب مسلم على جمعه ألغى صلاة الجمعه احمد كريمة ابخل فى الحق	1	0
تحية لرئيس جمهورية فنزويلا الذي انحاز بقرار إعادة سفير بلاده للقاهرة لثورة مصر وارادة شعبها وأكد على متانة وعمق العلاقات بين الشعبين	0	1
#هيومن_رايتس_ووتش: الاحتجاز والتعذيب جزء من حملة مكافحة الفساد في #الصين#الوطن #الدوحة#بكين #تقارير_عالمية… https://t.co/3laStroyqk	0	0
لو لابسين اليشماغ والعقال العربي ...ويدعمونة اهلنا في الخليج...كان قامت قيامة الغرب الصهاينة.#المجتمع_الدولي_المنافق https://t.co/hdZVbKKucW	1	0
#حاجات_بتفرح_في_مصر الناس الكبيره في السن اللي بتدعيلك لمجرد انك رديت سؤالهم بأدب او عديتهم الطريق	0	1
#المصري_اليوم #علاء_عبدالفتاح: #مصر لم تشهد حكمًا مدنيًّا حتى في عهد #الإخوان	0	0
هزيمة الأهلي مثال صارخ لنظام يقوم على وأد الحريات ألا يخجلون #	1	0
RT @b7741o8558b: @kingksayemen @YouTube ثأرنا لن نتركه وسنأخذه ضعفيناستعدوا يا مملكة الارهاب الداعشيةفوالله العظيم انكم حفرتم قبوركم بأي…	1	0
الرضا #خلق_جميل	0	1
@hashim_m21 اذا انت موافق 👿😈تعرف حسابي على غوغل بلاسو لا تقول نعم و تبلبل فقط https://t.co/nmgJDh7S56	0	1
حسينية باقر العلوم احد اهم أوكار #حزب_الله في أفغانستان #كابولفيها يتم الشحن الطائفي و المذهبي لتحريض شيعة افغانستان للقتال في #سوريا #حلب	0	0
الرئيس #محمد_نجيب يصف الضباط الأحرار بالخونة ويندم على انه اطلق عليهم اسم احرار بعد اكتشاف خيانتهم #انتخبوا_العرص	1	0
@Lionel__FCB مع ميسي لم تحقق كأس العالم ولم تحقق كوبا الذهبيه حتى الفضييه بعد	0	0
شعب مصر العظيم في الشوارع ٥٢ يوما متتالية بلا كلل او ملل رفضا للانقلاب العسكر، متى يفهم سيسي ان مصر ان تستسلم للعسكر؟	0	1
RT @tjshghg: ضربةحرة ضائعة للبرشا والآمال لازالت معلقة بالفوزجوالhttps://t.co/g05NYwvEqUيوتيوبhttps://t.co/g05NYwvEqU#برشلونة_الافيس#…	0	0
فيه من ريحة الغالي هاري بوتر 💔 https://t.co/eovXq4WLsN	0	1
RT @Sultan1391M: #فهد_المولد مبدع صديق ميسييضيع 50 إنفراد ويسجل على الطائر  عل طريقة فان باستنوما رميت إذ رميت ولكن الله رما https://…	0	0
الناس تجيب العيد واحنا بنخليها شيرة لقيمات رمضان.راعي سواليف انت بس	0	0
#خلق_جميل إنك تحسن معاملت من اساء اليك	0	1
أحس دونالد ترامب في زمناته كان قيي	1	0
@imyy33 اة شوفى فرنسا يسار ومش هيترشح شوفى بريطانيا شوفى ايطاليا اليمين المتطرف هو اللى ساحق ف ارويا بسبب اللى مواقف اليسار من الشرق الاوسط	0	0
نحن تدنينا في كل سئ في العلم والعلوم والسياسة والفكر والثقافة والفنون لأن بريطانيا سلمت بلادنا لقطاع طرق ورعاع داخل بلادنا عدن منذ 1967م حتى	0	0
RT @MunemUAE: تحية للشقيقة مصر على تصويتها لدحر الإرهاب في سوريا حماية للشعب السوري من وحشية عناصر التنظيمات الإرهابية  #مصر_تصوت_لصالح_ال…	0	1
كل يوم بيزيد إحترامى وتقديرى لبرشلونة نكسوا اﻷعلام عشان مدرب سابق مات إحنا طلع ميتين أبونا عشان يلغوا سوبر العار وبرضه متلغاش #إفتكروهم #74	0	0
بوب ديلان : فوزي بنوبل للآداب &quot;مثل الوقوف على سطح القمر&quot; https://t.co/z88kvE4xD7	0	1
يا ديين النبى لو كان #البرادعى اللى قال هنعمل مصالحة !! تشتغل اسطوانة يا خاين يا عميل يا ارهابى يا اخوانى عايز تطلعهم عشان ترضى امريكا !!	1	0
@Mohamme96803678 @Alshareef165y @AlkamiK ان كنت تقصد #داعش او #جبهة_النصرة فأنت على خطأ، كل اعمالهم الإرهابية ضد المدنيين العزل!	0	0
بوب ديلان لأكاديمية «نوبل»: معكم بروحي https://t.co/jUHSKpJVA6	0	1
4 شائعات الفاشيين وطيور الظلام وأصحاب المعايير المزدوجة من نشطاء وسياسيين وإعلاميين ورجال أعمال وموتورين في الخارج ستظل كاذبة	0	0
تحية للراحل العظيم السيد محمد حسين فضل الله العلامة المقاوم المحاور المتسامح المجتهدالمجدالمجدداللبنانى الفلسطينى العربى الاسلامى الانسان	0	1
لما أشدت بدور شباب الإخوان في الميدان وأعلنت أني سأنتخب مرسي كنت كاتب حر وطني منصف بمجرد ماأعترض على رئيسهم وقادتهم يبقى فيا العبرإخ وان	0	0
ده اللى اسمه تطوير العمل النقابى منهم لله #الإخوان كانوا خاربينها !! #نقابة_المهندسين	1	0
كل من يظن انه ربما يكون مرصود الحيطة و الحذر و عدم المبيت في المنزل اليوم #شارك #انشر #حذر	0	0
أزهى عصور اللخفنة	1	0
وجهان لعملة واحدة اسمها #امريكاسواءً هيلاري كلنتون او ترامب فكلاهما يعملون بخطة واحدة وهي دمار #العالم https://t.co/CKXaG2a8j7	0	0
الاحتلال يدرس خيارات إضافية لسرقة أراض وزرعها بالمستوطناتhttps://t.co/y8sxvQ4lx9#فلسطين #الاحتلال https://t.co/38qM9jXpvA	0	0
أنا ضد من يحاول الكذب في السياسة أو من يعتبرها فن الكذب و ليس فقط من جانب أخلاقي بل لأن هذا أثبت فشله لذلك أنا	0	0
@7urGlm انا صادق قبل اعرفك انت خلك في ضياعك واقر التصريح كامل. كل فقرة مهمه https://t.co/jPzQPNCwOq	0	0
حين نناقش قرار للحكومة نتحيز له بحجة :بلاد بره كلها بتنام بدري،تيجي لاطلاق حرية العقيدة: احنا مالنا ببلاد برة؟	1	0
@Meghterb @abdullahalsaleh ستيج و حفلة ماتمحي ماضي بريطانيا الدامي و جرائمهم الانسانية ولا ننسى حروبهم الصليبيةمتى صاروا متسامحين؟!!	1	0
"شاهدوا الفيديو كليب #شذى_حسون  "" #يخبل "" حصريا الآن 👇https://t.co/jChYSLoVf2#Christmas #ebruyaşarhamile #ebruyasar #ebruyaşar #ebruyaşar"	0	1
@WIICIl ساعات غوتشي تهبّل شوفيهم عند الحميضي و اشكالهم بسيطه وحلوه ❤️	0	1
لوسمحت تكلم عن نادال ونوفاك، بس فيدرر لا تدخله في مقارنات مع هالجحلط .. بليز يعني https://t.co/8wjZB5z5iS	1	0
#بالفيديو.. #عادل_إمام يثير ازمة في عزاء #محمود_عبدالعزيزhttps://t.co/wojtcz05cT#صدى_منوعات https://t.co/2rak748ygE	0	0
د عبدالمنعم سعيد: إسرائيل تطالب العالم بالاعتراف بفاشيتها وعنصريتها قانون قسم الولاء ليهودية إسرائيل فاشية	0	0
🔹 هذه أجمل صالات المطارات في العالم.. بينها 2 من دول عربية.. شاهد 🔹 #إسبانيا #الصين #المطارات #المملكة_المتحدة…… https://t.co/emw0R6nsyk	0	1
رامي عياش والشوكولاقصة عشق لا تنتهي @RamyAyach https://t.co/xg3njsnOk7	0	1
RT @anwaralx2: #شكرا_شعب_السعوديه_نعتكم_لمصرخليفة المسلمين أردوغان حامي دماء المسلمينيغرق ف النوم خلال مؤتمر صحفى مع بوتينمن كثرة القيام…	1	0
_ أنا برضه اللي يخليه في حاله؟ توب انت وما لكش دعوة بغيرك	0	0
المشكلة هي في أنصار الجدل العقيم، المشكلة هي في أحزاب وتيارات تريد دستورا رجعيا بنتقص من الحقوق والحريات باسم خطر متوهم هو مخالفة الشريعة	0	0
"ﻷنك انت كل حياتي مهما بالدنيا يصير ♡ #كلمة_حلوة"""	0	1
#صوت_جين يخوان الكواريه طلعوا يحطون ميكاب وااا فضيحتاه حتا الخكري جستن بيبر ما سواها	1	0
عملاء يكرهون الجيش المصري#عبدالرحمن_يوسف #انتخبوا_العرص #مصر_العربية #الإخوان #بلاش_شتيمة	0	0
واضح ان شباب الاخوان رغم ذكائهم مغسولة دماغهم تماماً أدعوكم الى قراءة كتاب البشري الاسلامي لتعرفوا انتهازية قادتكماقرءوا الكتاب لتفهموا	1	0
كلمتين كدا يا وﻻد اﻻحبه #تمرد الشغل فيها كان نصيف و بأمانهلكن بعد #30_6 بقت معرصهف ما حدش م #اﻻخوان يشكك ف التوقيعات #نقطه	1	0
لا أجدُ ثمّة فرق بين قاتل بالبراميل المتفجرة وآخر قادر على حماية أرواح الآخرين لكنه لمْ يفعلْ؛ إذنْ كلنّا قتلةhttps://t.co/NhQoXSruWo	0	0
تخيل انك تتشاجر في الشارع انت تضرب خصمك وهو يضربك ثم يظهر شخص لكى يفرق بينكما لكنك تكتشف انه يمسكك ليمكن خصمك منك هذا ما يحدث في مصر الان	1	0
"الكرامة لا تعوض بالأموال، وهي ليست سلعة تباع وتشترى، والإمارات لديها أموال ولكن ليست لديها ""كرامة"" كالعاهرات تمامًا"	1	0
2008 الشرطة التركية اليوم تفرق المظاهرات ضد اردوغان بالقوة بينما يندد هو بفض اعتصامات رابعة	1	0
2050 الخرطوش انا شايفه بعيني في تقارير مصورة لن تقنع عيني أن ما رأيته كان فوتوشوب مهما عملت دي هي الحقيقة اقعد اعند فيها عشان كرسي	0	0
رحم الله جمال البنا أتاح مكتبته الضخمة في العباسية للشباب وحرص على مساعدتهمالمكتبة عنوانها 195 شارع الجيش بالقاهرة أتمنى أن تظل تعمل بعده	0	1
RT @klfdy: أردوغان..السيسي..مرسي..أسماء تتداولها تغريدات تعكس استمرار صناعةالاصنامبدلا من الحديث عن أسس دول نتطلع للمنقذالبعض أنهاها…	1	0
كل عام و أنتم بخير، تقبل الله منا و منكم صالح الأعمال	0	1
بالفيديو: سقوط فنانات في مهرجان القاهرة السينمائي - https://t.co/2cvKPxAO4F - #سقوط_فنانات #مهرجان_القاهرة_السينمائي https://t.co/smIpe3h9nL	0	0
"صحف #الصين تهاجم #ترامب وتصفه بـ""الدبلوماسي المبتدئ""https://t.co/zKppnGRZvd#أمريكا#دونالد_ترامب https://t.co/J4ngJbDwqz"	1	0
@SalehVe السعودية مهزومة حتى لو تدعمها الشياطين الأمريكي أم أياديها و معاضديها الالكتروني مثل تويتر و فيسبوك و..	1	0
RT @ajmubasher: #أوباما : نحن أمام شخصين أحدهما مؤهل ليكون رئيسا والآخر لايمكن أن يكون رئيسا بالمرة #ترامب يفتقد المعرفة والحنكة وليس مؤهل…	1	0
RT @Dr_alqarnee: يا دعاة الإسلام أزمة الأمة، ومشكلة الأمة، ومصيبة الأمة الآن في توحيدها لربها.#التوحيد_أولاً#عائض_القرني https://t.co/u4b…	0	0
RT @al_rakkad: مهما كابر البعض .. الارجنتين بحاجه ماسه الى هذا الرجل !من دونه نتائج سيئه جدًا .. الارجنتين من دون ميسي لاشيء .. https://…	0	0
RT @abdulaziztarefe: إذا لم تضع الأمة (الإسلام) قبل العروبة فستبقى في ذيل الأمم، كانت العرب على العروبة متخلفة أكثر من ألف عام فجاءهم الإسل…	0	0
اخص لية كدة بقا انا كنت بحب ريكى مارتن كرهت اهله ✋ https://t.co/d29KVOEXX4	1	0
@montherassaid @abab77777777 الظواهري اول من دافع عن الشام من خلال جبهة النصرة قبل حتى ان يتكون الجيش الحر يا اخرق ، واسأل رياض الأسعد	0	0
@PlayStationSA @Xbox_Saudi مافيه اي عذر لمايكرو ويندوز 10 مٌعرب وفي الاكسبوكس لا عربوا فورزا 6 كتسكيته لنا 4 الى 5 حصريات نزلت وماتعربت	0	0
RT @abo_omarr12: #ايقاف_امداد_مصر_بالنفطمصر تعرض فيلما إيرانيا أنتجه الحرس الثوري الإيراني يمجد المجرم الإرهابي قاسم سليماني !وش بقى ما ظ…	0	0
بورك لك في المولود أدعو الله ان يجمع شمل الأسرة في بيتهم الطيب و يجعل من خالد نعم الإبن لنعم الأبوين #	0	1
@Mnish_4 مجرد انك ماسك منصب او مكانة بالمجتمع لايعني ان ماتقوله صحيح، هذا دونالد ترامب مرشح للرئاسة وهو متخلف وقذر، فلا نقدس كلام احد ونصدقه	0	0
نقسم بالله العظيم. مسلمين ومسيحيين. ان نبقى موحدين. دفاعا عن لبنان العظيم. عشتم وعاش لبنان. جبران تويني. 14 آذار 20… https://t.co/zx8SCJsOJW	0	1
واللى ماتوا فى #بورسعيد عشان رجال ، لما قاوموا حُكم #عسكر كالجبال ️	0	1
فى النمسا فاز ليبرالى بتاع حزب الخضر عنده 72 سنة على شاب من اليمين المتطرف... بفارق بسيط .... دولة العواجيز يابرادعى	1	0
#مظهر_شاهين: ماشوفناش وش واحد من مشايخ #السلفيين في #ثورة_يناير لأنهم مايقدروش يقفوا على المنصة	1	0
@NahdAlgtban @Rawan_Ahmab @fg16tm55 فعلابدليل ان ايران خميني الان ع مشارف تل ابيب هي وميليشياتها حزب الله وابوالفضل والمهدي وعصائب اهل الحق	0	0
RT @ahmedkhaledtwfi: ان الترجمة تفسد الأمر برمته فأم كلثوم مزيج خاص لا يفهمه سوى عربى .. مثلها مثل صوت الشيخ رفعت قبل الإفطار فى رمضان ، وص…	0	1
"RT @MuniraFaisal: #مصر وشعبها يسكنون في قلوبنا❤️ لكن المدعو ""سيسي"" كان يحتاج لدرس عربي لمعاني الوفاء وحفظ المعروف وهو الدرس الاول له!#إيقا…"	1	0
هو فيه واحده جديده دخلت الاسلام اسمها نورهان ابوبكر ؟	0	1
حزنى عميق على الجيل القادم لا قدوة فى سياسة اقتصاد ادب فن اعلام قضاء اغلب رموز الانقلاب سيئة	0	0
لا يستطيع الرئيس مرسي ان يتنصل من مسئوليته عن الغاء عرض مسرحي على مسرح الدولة هل قرار الأمن أقوى من الرئيساين وعود الرئيس عن حرية الإبداع	1	0
أعتقال الناشط اليساري هيثم محمدين يكشف بوضوح أن العسكر يستهدف المد الثوري أي كان لونه أو شكله أو إنتماءه وأن …	0	0
اللي ما تاخذها بخشم البندقة والله مانك واخذها بالسياسة ..للمهرولين نحو الحوار مع ثوار الناتو من الخضر .	0	0
RT @saadmalhusaini: #مصر_تصوت_للمشروع_الروسيكم نحتاج سيسي لكي نتعلم الدرس؟؟؟؟لايوجد الوقت ولا الجهد ولا المال لكي نتعلم دروس اخرى	0	0
نجمة دراما استثنائية تحولت الي أيقونة الدراما العربية 💫ناطرينها #نادين_نسيب_نجيم #لهون_وبس @nadinenjeim… https://t.co/rQvZziC6Ie	0	1
عندما يغيب العقلأ وأهل الحكمه ويظهرصغار القوم ليقودو الناس فا المصير سيكون الدمار والدماءوالله أن القلب ليقطر دم على حالنا#اليمن#تعز#نهم	0	0
بوب ديلان.. جائزة نوبل المستحقة للقيثارة و الهارمونيكا و البيان #ahdath_info https://t.co/yBFwLUy3SR	0	1
RT @H_alsheikh: اللهم كن لإخواننا في سوريا،ستمائة ألف قتيل،وقيل مليون،بالإضافة ل ه مليون مهجر،لله كم جرت الثورات على المسلمين من فساد،دفعه…	0	1
على الاخوان انهم يعرفوا ان الشعب بعد شويه هو اللى هيتعامل معهم بالتى هى لو استمروا فى نهجهم الإرهابي و المتطرف	0	0
