[G1 smoke] total files: 68

=== BUILD: /Users/ghost/core/anima/anima-physics/analog/cloud_facade_poc.hexa ===
=== Building /Users/ghost/core/anima/anima-physics/analog/cloud_facade_poc.hexa -> /Users/ghost/.cache/g1_smoke_build/smoke_cloud_facade_poc_47ca69a5 ===
  [1/2] HEXA_MEM_CAP_MB=4096 /Users/ghost/core/hexa-lang/self/native/hexa_v2 /Users/ghost/core/anima/anima-physics/analog/cloud_facade_poc.hexa build/artifacts/smoke_cloud_facade_poc_47ca69a5.c 2>&1
    OK: build/artifacts/smoke_cloud_facade_poc_47ca69a5.c

  [2/2] clang -O2 -DHEXA_HAS_LIBSODIUM -I/opt/homebrew/Cellar/libsodium/1.0.22/include -DHEXA_HAS_OPENSSL -I/opt/homebrew/Cellar/openssl@3/3.6.2/include -Wno-trigraphs -fbracket-depth=4096 -I '/Users/ghost/core/hexa-lang/self' build/artifacts/smoke_cloud_facade_poc_47ca69a5.c '/Users/ghost/core/hexa-lang/self/runtime.c' -o '/Users/ghost/.cache/g1_smoke_build/smoke_cloud_facade_poc_47ca69a5.tmp.56998' -lpthread -L/opt/homebrew/Cellar/libsodium/1.0.22/lib -lsodium -L/opt/homebrew/Cellar/openssl@3/3.6.2/lib -lssl -lcrypto 2>&1
    In file included from build/artifacts/smoke_cloud_facade_poc_47ca69a5.c:2:
/Users/ghost/core/hexa-lang/self/runtime.h:349:28: warning: '/*' within block comment [-Wcomment]
  349 | /* ── Additional native/*.c forward-decls (auto-generated 2026-05-15) ──
      |                        ^
/Users/ghost/core/hexa-lang/self/runtime.h:350:36: warning: '/*' within block comment [-Wcomment]
  350 |  * Sourced from grep of self/native/*.c hexa_* definitions; ensures user.c
      |                                    ^
2 warnings generated.
/Users/ghost/core/hexa-lang/self/runtime.c:1145:9: warning: 'strcat' macro redefined [-Wmacro-redefined]
 1145 | #define strcat(d,s)    hxlcl_strcat((char *)(d), (const char *)(s))
      |         ^
/Library/Developer/CommandLineTools/SDKs/MacOSX.sdk/usr/include/secure/_string.h:254:9: note: previous definition is here
  254 | #define strcat(...) __strcat_chk_func (__VA_ARGS__)
      |         ^
/Users/ghost/core/hexa-lang/self/runtime.c:1157:9: warning: 'bzero' macro redefined [-Wmacro-redefined]
 1157 | #define bzero(p,n)     hxlcl_bzero((void *)(p), (size_t)(n))
      |         ^
/Library/Developer/CommandLineTools/SDKs/MacOSX.sdk/usr/include/secure/_strings.h:90:9: note: previous definition is here
   90 | #define bzero(...) __bzero_chk_func (__VA_ARGS__)
      |         ^
/Users/ghost/core/hexa-lang/self/runtime.c:1158:9: warning: 'memcpy' macro redefined [-Wmacro-redefined]
 1158 | #define memcpy(d,s,n)  hxlcl_memcpy((void *)(d), (const void *)(s), (size_t)(n))
      |         ^
/Library/Developer/CommandLineTools/SDKs/MacOSX.sdk/usr/include/secure/_string.h:234:9: note: previous definition is here
  234 | #define memcpy(...) __memcpy_chk_func (__VA_ARGS__)
      |         ^
/Users/ghost/core/hexa-lang/self/runtime.c:1159:9: warning: 'memset' macro redefined [-Wmacro-redefined]
 1159 | #define memset(p,c,n)  hxlcl_memset((void *)(p), (int)(c), (size_t)(n))
      |         ^
/Library/Developer/CommandLineTools/SDKs/MacOSX.sdk/usr/include/secure/_string.h:244:9: note: previous definition is here
  244 | #define memset(...) __memset_chk_func (__VA_ARGS__)
      |         ^
/Users/ghost/core/hexa-lang/self/runtime.c:1160:9: warning: 'memmove' macro redefined [-Wmacro-redefined]
 1160 | #define memmove(d,s,n) hxlcl_memmove((void *)(d), (const void *)(s), (size_t)(n))
      |         ^
/Library/Developer/CommandLineTools/SDKs/MacOSX.sdk/usr/include/secure/_string.h:239:9: note: previous definition is here
  239 | #define memmove(...) __memmove_chk_func (__VA_ARGS__)
      |         ^
/Users/ghost/core/hexa-lang/self/runtime.c:1161:9: warning: 'strncpy' macro redefined [-Wmacro-redefined]
 1161 | #define strncpy(d,s,n) hxlcl_strncpy((char *)(d), (const char *)(s), (size_t)(n))
      |         ^
/Library/Developer/CommandLineTools/SDKs/MacOSX.sdk/usr/include/secure/_string.h:259:9: note: previous definition is here
  259 | #define strncpy(...) __strncpy_chk_func (__VA_ARGS__)
      |         ^
/Users/ghost/core/hexa-lang/self/runtime.c:1162:9: warning: 'strcpy' macro redefined [-Wmacro-redefined]
 1162 | #define strcpy(d,s)    hxlcl_strcpy((char *)(d), (const char *)(s))
      |         ^
/Library/Developer/CommandLineTools/SDKs/MacOSX.sdk/usr/include/secure/_string.h:249:9: note: previous definition is here
  249 | #define strcpy(...) __strcpy_chk_func (__VA_ARGS__)
      |         ^
/Users/ghost/core/hexa-lang/self/runtime.c:1165:9: warning: 'snprintf' macro redefined [-Wmacro-redefined]
 1165 | #define snprintf(b,c,...)  hxlcl_snprintf((char *)(b), (size_t)(c), __VA_ARGS__)
      |         ^
/Library/Developer/CommandLineTools/SDKs/MacOSX.sdk/usr/include/secure/_stdio.h:119:9: note: previous definition is here
  119 | #define snprintf(str, len, ...) __snprintf_chk_func (str, len, 0, __VA_ARGS__)
      |         ^
/Users/ghost/core/hexa-lang/self/runtime.c:1166:9: warning: 'sprintf' macro redefined [-Wmacro-redefined]
 1166 | #define sprintf(b,...)     hxlcl_sprintf((char *)(b), __VA_ARGS__)
      |         ^
/Library/Developer/CommandLineTools/SDKs/MacOSX.sdk/usr/include/secure/_stdio.h:107:9: note: previous definition is here
  107 | #define sprintf(str, ...) __sprintf_chk_func (str, 0, __VA_ARGS__)
      |         ^
In file included from /Users/ghost/core/hexa-lang/self/runtime.c:1211:
/Users/ghost/core/hexa-lang/self/runtime_core.c:4193:11: warning: initializing 'char *' with an expression of type 'const char *' discards qualifiers [-Wincompatible-pointer-types-discards-qualifiers]
 4193 |     char* p = hxlcl_strstr(HX_STR(s), HX_STR(sub));
      |           ^   ~~~~~~~~~~~~~~~~~~~~~~~~~~~~~~~~~~~~
/Users/ghost/core/hexa-lang/self/runtime_core.c:5940:11: warning: initializing 'char *' with an expression of type 'const char *' discards qualifiers [-Wincompatible-pointer-types-discards-qualifiers]
 5940 |     char* pos = hxlcl_strstr(HX_STR(fmt), "{}");
      |           ^     ~~~~~~~~~~~~~~~~~~~~~~~~~~~~~~~
/Users/ghost/core/hexa-lang/self/runtime_core.c:5973:19: warning: initializing 'char *' with an expression of type 'const char *' discards qualifiers [-Wincompatible-pointer-types-discards-qualifiers]
 5973 |             char* close = hxlcl_strchr(src, '}');
      |                   ^       ~~~~~~~~~~~~~~~~~~~~~~
/Users/ghost/core/hexa-lang/self/runtime_core.c:6062:15: warning: initializing 'char *' with an expression of type 'const char *' discards qualifiers [-Wincompatible-pointer-types-discards-qualifiers]
 6062 |         char* found = hxlcl_strstr(pos, d);
      |               ^       ~~~~~~~~~~~~~~~~~~~~
/Users/ghost/core/hexa-lang/self/runtime_core.c:6118:15: warning: initializing 'char *' with an expression of type 'const char *' discards qualifiers [-Wincompatible-pointer-types-discards-qualifiers]
 6118 |         char* found = hxlcl_strstr(pos, HX_STR(old));
      |               ^       ~~~~~~~~~~~~~~~~~~~~~~~~~~~~~~
14 warnings generated.

OK: built /Users/ghost/.cache/g1_smoke_build/smoke_cloud_facade_poc_47ca69a5
[PASS] rc=0 — /Users/ghost/core/anima/anima-physics/analog/cloud_facade_poc.hexa

=== BUILD: /Users/ghost/core/anima/anima-physics/arduino/cloud_facade_poc.hexa ===
=== Building /Users/ghost/core/anima/anima-physics/arduino/cloud_facade_poc.hexa -> /Users/ghost/.cache/g1_smoke_build/smoke_cloud_facade_poc_062a67d8 ===
  [1/2] HEXA_MEM_CAP_MB=4096 /Users/ghost/core/hexa-lang/self/native/hexa_v2 /Users/ghost/core/anima/anima-physics/arduino/cloud_facade_poc.hexa build/artifacts/smoke_cloud_facade_poc_062a67d8.c 2>&1
    OK: build/artifacts/smoke_cloud_facade_poc_062a67d8.c

  [2/2] clang -O2 -DHEXA_HAS_LIBSODIUM -I/opt/homebrew/Cellar/libsodium/1.0.22/include -DHEXA_HAS_OPENSSL -I/opt/homebrew/Cellar/openssl@3/3.6.2/include -Wno-trigraphs -fbracket-depth=4096 -I '/Users/ghost/core/hexa-lang/self' build/artifacts/smoke_cloud_facade_poc_062a67d8.c '/Users/ghost/core/hexa-lang/self/runtime.c' -o '/Users/ghost/.cache/g1_smoke_build/smoke_cloud_facade_poc_062a67d8.tmp.58983' -lpthread -L/opt/homebrew/Cellar/libsodium/1.0.22/lib -lsodium -L/opt/homebrew/Cellar/openssl@3/3.6.2/lib -lssl -lcrypto 2>&1
    In file included from build/artifacts/smoke_cloud_facade_poc_062a67d8.c:2:
/Users/ghost/core/hexa-lang/self/runtime.h:349:28: warning: '/*' within block comment [-Wcomment]
  349 | /* ── Additional native/*.c forward-decls (auto-generated 2026-05-15) ──
      |                        ^
/Users/ghost/core/hexa-lang/self/runtime.h:350:36: warning: '/*' within block comment [-Wcomment]
  350 |  * Sourced from grep of self/native/*.c hexa_* definitions; ensures user.c
      |                                    ^
2 warnings generated.
/Users/ghost/core/hexa-lang/self/runtime.c:1145:9: warning: 'strcat' macro redefined [-Wmacro-redefined]
 1145 | #define strcat(d,s)    hxlcl_strcat((char *)(d), (const char *)(s))
      |         ^
/Library/Developer/CommandLineTools/SDKs/MacOSX.sdk/usr/include/secure/_string.h:254:9: note: previous definition is here
  254 | #define strcat(...) __strcat_chk_func (__VA_ARGS__)
      |         ^
/Users/ghost/core/hexa-lang/self/runtime.c:1157:9: warning: 'bzero' macro redefined [-Wmacro-redefined]
 1157 | #define bzero(p,n)     hxlcl_bzero((void *)(p), (size_t)(n))
      |         ^
/Library/Developer/CommandLineTools/SDKs/MacOSX.sdk/usr/include/secure/_strings.h:90:9: note: previous definition is here
   90 | #define bzero(...) __bzero_chk_func (__VA_ARGS__)
      |         ^
/Users/ghost/core/hexa-lang/self/runtime.c:1158:9: warning: 'memcpy' macro redefined [-Wmacro-redefined]
 1158 | #define memcpy(d,s,n)  hxlcl_memcpy((void *)(d), (const void *)(s), (size_t)(n))
      |         ^
/Library/Developer/CommandLineTools/SDKs/MacOSX.sdk/usr/include/secure/_string.h:234:9: note: previous definition is here
  234 | #define memcpy(...) __memcpy_chk_func (__VA_ARGS__)
      |         ^
/Users/ghost/core/hexa-lang/self/runtime.c:1159:9: warning: 'memset' macro redefined [-Wmacro-redefined]
 1159 | #define memset(p,c,n)  hxlcl_memset((void *)(p), (int)(c), (size_t)(n))
      |         ^
/Library/Developer/CommandLineTools/SDKs/MacOSX.sdk/usr/include/secure/_string.h:244:9: note: previous definition is here
  244 | #define memset(...) __memset_chk_func (__VA_ARGS__)
      |         ^
/Users/ghost/core/hexa-lang/self/runtime.c:1160:9: warning: 'memmove' macro redefined [-Wmacro-redefined]
 1160 | #define memmove(d,s,n) hxlcl_memmove((void *)(d), (const void *)(s), (size_t)(n))
      |         ^
/Library/Developer/CommandLineTools/SDKs/MacOSX.sdk/usr/include/secure/_string.h:239:9: note: previous definition is here
  239 | #define memmove(...) __memmove_chk_func (__VA_ARGS__)
      |         ^
/Users/ghost/core/hexa-lang/self/runtime.c:1161:9: warning: 'strncpy' macro redefined [-Wmacro-redefined]
 1161 | #define strncpy(d,s,n) hxlcl_strncpy((char *)(d), (const char *)(s), (size_t)(n))
      |         ^
/Library/Developer/CommandLineTools/SDKs/MacOSX.sdk/usr/include/secure/_string.h:259:9: note: previous definition is here
  259 | #define strncpy(...) __strncpy_chk_func (__VA_ARGS__)
      |         ^
/Users/ghost/core/hexa-lang/self/runtime.c:1162:9: warning: 'strcpy' macro redefined [-Wmacro-redefined]
 1162 | #define strcpy(d,s)    hxlcl_strcpy((char *)(d), (const char *)(s))
      |         ^
/Library/Developer/CommandLineTools/SDKs/MacOSX.sdk/usr/include/secure/_string.h:249:9: note: previous definition is here
  249 | #define strcpy(...) __strcpy_chk_func (__VA_ARGS__)
      |         ^
/Users/ghost/core/hexa-lang/self/runtime.c:1165:9: warning: 'snprintf' macro redefined [-Wmacro-redefined]
 1165 | #define snprintf(b,c,...)  hxlcl_snprintf((char *)(b), (size_t)(c), __VA_ARGS__)
      |         ^
/Library/Developer/CommandLineTools/SDKs/MacOSX.sdk/usr/include/secure/_stdio.h:119:9: note: previous definition is here
  119 | #define snprintf(str, len, ...) __snprintf_chk_func (str, len, 0, __VA_ARGS__)
      |         ^
/Users/ghost/core/hexa-lang/self/runtime.c:1166:9: warning: 'sprintf' macro redefined [-Wmacro-redefined]
 1166 | #define sprintf(b,...)     hxlcl_sprintf((char *)(b), __VA_ARGS__)
      |         ^
/Library/Developer/CommandLineTools/SDKs/MacOSX.sdk/usr/include/secure/_stdio.h:107:9: note: previous definition is here
  107 | #define sprintf(str, ...) __sprintf_chk_func (str, 0, __VA_ARGS__)
      |         ^
In file included from /Users/ghost/core/hexa-lang/self/runtime.c:1211:
/Users/ghost/core/hexa-lang/self/runtime_core.c:4193:11: warning: initializing 'char *' with an expression of type 'const char *' discards qualifiers [-Wincompatible-pointer-types-discards-qualifiers]
 4193 |     char* p = hxlcl_strstr(HX_STR(s), HX_STR(sub));
      |           ^   ~~~~~~~~~~~~~~~~~~~~~~~~~~~~~~~~~~~~
/Users/ghost/core/hexa-lang/self/runtime_core.c:5940:11: warning: initializing 'char *' with an expression of type 'const char *' discards qualifiers [-Wincompatible-pointer-types-discards-qualifiers]
 5940 |     char* pos = hxlcl_strstr(HX_STR(fmt), "{}");
      |           ^     ~~~~~~~~~~~~~~~~~~~~~~~~~~~~~~~
/Users/ghost/core/hexa-lang/self/runtime_core.c:5973:19: warning: initializing 'char *' with an expression of type 'const char *' discards qualifiers [-Wincompatible-pointer-types-discards-qualifiers]
 5973 |             char* close = hxlcl_strchr(src, '}');
      |                   ^       ~~~~~~~~~~~~~~~~~~~~~~
/Users/ghost/core/hexa-lang/self/runtime_core.c:6062:15: warning: initializing 'char *' with an expression of type 'const char *' discards qualifiers [-Wincompatible-pointer-types-discards-qualifiers]
 6062 |         char* found = hxlcl_strstr(pos, d);
      |               ^       ~~~~~~~~~~~~~~~~~~~~
/Users/ghost/core/hexa-lang/self/runtime_core.c:6118:15: warning: initializing 'char *' with an expression of type 'const char *' discards qualifiers [-Wincompatible-pointer-types-discards-qualifiers]
 6118 |         char* found = hxlcl_strstr(pos, HX_STR(old));
      |               ^       ~~~~~~~~~~~~~~~~~~~~~~~~~~~~~~
14 warnings generated.

OK: built /Users/ghost/.cache/g1_smoke_build/smoke_cloud_facade_poc_062a67d8
[PASS] rc=0 — /Users/ghost/core/anima/anima-physics/arduino/cloud_facade_poc.hexa

=== BUILD: /Users/ghost/core/anima/anima-physics/benchmarks/bench_cross_platform.hexa ===
=== Building /Users/ghost/core/anima/anima-physics/benchmarks/bench_cross_platform.hexa -> /Users/ghost/.cache/g1_smoke_build/smoke_bench_cross_platform_02a43975 ===
  [1/2] HEXA_MEM_CAP_MB=4096 /Users/ghost/core/hexa-lang/self/native/hexa_v2 /Users/ghost/core/anima/anima-physics/benchmarks/bench_cross_platform.hexa build/artifacts/smoke_bench_cross_platform_02a43975.c 2>&1
    OK: build/artifacts/smoke_bench_cross_platform_02a43975.c

  [2/2] clang -O2 -DHEXA_HAS_LIBSODIUM -I/opt/homebrew/Cellar/libsodium/1.0.22/include -DHEXA_HAS_OPENSSL -I/opt/homebrew/Cellar/openssl@3/3.6.2/include -Wno-trigraphs -fbracket-depth=4096 -I '/Users/ghost/core/hexa-lang/self' build/artifacts/smoke_bench_cross_platform_02a43975.c '/Users/ghost/core/hexa-lang/self/runtime.c' -o '/Users/ghost/.cache/g1_smoke_build/smoke_bench_cross_platform_02a43975.tmp.60702' -lpthread -L/opt/homebrew/Cellar/libsodium/1.0.22/lib -lsodium -L/opt/homebrew/Cellar/openssl@3/3.6.2/lib -lssl -lcrypto 2>&1
    In file included from build/artifacts/smoke_bench_cross_platform_02a43975.c:2:
/Users/ghost/core/hexa-lang/self/runtime.h:349:28: warning: '/*' within block comment [-Wcomment]
  349 | /* ── Additional native/*.c forward-decls (auto-generated 2026-05-15) ──
      |                        ^
/Users/ghost/core/hexa-lang/self/runtime.h:350:36: warning: '/*' within block comment [-Wcomment]
  350 |  * Sourced from grep of self/native/*.c hexa_* definitions; ensures user.c
      |                                    ^
2 warnings generated.
/Users/ghost/core/hexa-lang/self/runtime.c:1145:9: warning: 'strcat' macro redefined [-Wmacro-redefined]
 1145 | #define strcat(d,s)    hxlcl_strcat((char *)(d), (const char *)(s))
      |         ^
/Library/Developer/CommandLineTools/SDKs/MacOSX.sdk/usr/include/secure/_string.h:254:9: note: previous definition is here
  254 | #define strcat(...) __strcat_chk_func (__VA_ARGS__)
      |         ^
/Users/ghost/core/hexa-lang/self/runtime.c:1157:9: warning: 'bzero' macro redefined [-Wmacro-redefined]
 1157 | #define bzero(p,n)     hxlcl_bzero((void *)(p), (size_t)(n))
      |         ^
/Library/Developer/CommandLineTools/SDKs/MacOSX.sdk/usr/include/secure/_strings.h:90:9: note: previous definition is here
   90 | #define bzero(...) __bzero_chk_func (__VA_ARGS__)
      |         ^
/Users/ghost/core/hexa-lang/self/runtime.c:1158:9: warning: 'memcpy' macro redefined [-Wmacro-redefined]
 1158 | #define memcpy(d,s,n)  hxlcl_memcpy((void *)(d), (const void *)(s), (size_t)(n))
      |         ^
/Library/Developer/CommandLineTools/SDKs/MacOSX.sdk/usr/include/secure/_string.h:234:9: note: previous definition is here
  234 | #define memcpy(...) __memcpy_chk_func (__VA_ARGS__)
      |         ^
/Users/ghost/core/hexa-lang/self/runtime.c:1159:9: warning: 'memset' macro redefined [-Wmacro-redefined]
 1159 | #define memset(p,c,n)  hxlcl_memset((void *)(p), (int)(c), (size_t)(n))
      |         ^
/Library/Developer/CommandLineTools/SDKs/MacOSX.sdk/usr/include/secure/_string.h:244:9: note: previous definition is here
  244 | #define memset(...) __memset_chk_func (__VA_ARGS__)
      |         ^
/Users/ghost/core/hexa-lang/self/runtime.c:1160:9: warning: 'memmove' macro redefined [-Wmacro-redefined]
 1160 | #define memmove(d,s,n) hxlcl_memmove((void *)(d), (const void *)(s), (size_t)(n))
      |         ^
/Library/Developer/CommandLineTools/SDKs/MacOSX.sdk/usr/include/secure/_string.h:239:9: note: previous definition is here
  239 | #define memmove(...) __memmove_chk_func (__VA_ARGS__)
      |         ^
/Users/ghost/core/hexa-lang/self/runtime.c:1161:9: warning: 'strncpy' macro redefined [-Wmacro-redefined]
 1161 | #define strncpy(d,s,n) hxlcl_strncpy((char *)(d), (const char *)(s), (size_t)(n))
      |         ^
/Library/Developer/CommandLineTools/SDKs/MacOSX.sdk/usr/include/secure/_string.h:259:9: note: previous definition is here
  259 | #define strncpy(...) __strncpy_chk_func (__VA_ARGS__)
      |         ^
/Users/ghost/core/hexa-lang/self/runtime.c:1162:9: warning: 'strcpy' macro redefined [-Wmacro-redefined]
 1162 | #define strcpy(d,s)    hxlcl_strcpy((char *)(d), (const char *)(s))
      |         ^
/Library/Developer/CommandLineTools/SDKs/MacOSX.sdk/usr/include/secure/_string.h:249:9: note: previous definition is here
  249 | #define strcpy(...) __strcpy_chk_func (__VA_ARGS__)
      |         ^
/Users/ghost/core/hexa-lang/self/runtime.c:1165:9: warning: 'snprintf' macro redefined [-Wmacro-redefined]
 1165 | #define snprintf(b,c,...)  hxlcl_snprintf((char *)(b), (size_t)(c), __VA_ARGS__)
      |         ^
/Library/Developer/CommandLineTools/SDKs/MacOSX.sdk/usr/include/secure/_stdio.h:119:9: note: previous definition is here
  119 | #define snprintf(str, len, ...) __snprintf_chk_func (str, len, 0, __VA_ARGS__)
      |         ^
/Users/ghost/core/hexa-lang/self/runtime.c:1166:9: warning: 'sprintf' macro redefined [-Wmacro-redefined]
 1166 | #define sprintf(b,...)     hxlcl_sprintf((char *)(b), __VA_ARGS__)
      |         ^
/Library/Developer/CommandLineTools/SDKs/MacOSX.sdk/usr/include/secure/_stdio.h:107:9: note: previous definition is here
  107 | #define sprintf(str, ...) __sprintf_chk_func (str, 0, __VA_ARGS__)
      |         ^
In file included from /Users/ghost/core/hexa-lang/self/runtime.c:1211:
/Users/ghost/core/hexa-lang/self/runtime_core.c:4193:11: warning: initializing 'char *' with an expression of type 'const char *' discards qualifiers [-Wincompatible-pointer-types-discards-qualifiers]
 4193 |     char* p = hxlcl_strstr(HX_STR(s), HX_STR(sub));
      |           ^   ~~~~~~~~~~~~~~~~~~~~~~~~~~~~~~~~~~~~
/Users/ghost/core/hexa-lang/self/runtime_core.c:5940:11: warning: initializing 'char *' with an expression of type 'const char *' discards qualifiers [-Wincompatible-pointer-types-discards-qualifiers]
 5940 |     char* pos = hxlcl_strstr(HX_STR(fmt), "{}");
      |           ^     ~~~~~~~~~~~~~~~~~~~~~~~~~~~~~~~
/Users/ghost/core/hexa-lang/self/runtime_core.c:5973:19: warning: initializing 'char *' with an expression of type 'const char *' discards qualifiers [-Wincompatible-pointer-types-discards-qualifiers]
 5973 |             char* close = hxlcl_strchr(src, '}');
      |                   ^       ~~~~~~~~~~~~~~~~~~~~~~
/Users/ghost/core/hexa-lang/self/runtime_core.c:6062:15: warning: initializing 'char *' with an expression of type 'const char *' discards qualifiers [-Wincompatible-pointer-types-discards-qualifiers]
 6062 |         char* found = hxlcl_strstr(pos, d);
      |               ^       ~~~~~~~~~~~~~~~~~~~~
/Users/ghost/core/hexa-lang/self/runtime_core.c:6118:15: warning: initializing 'char *' with an expression of type 'const char *' discards qualifiers [-Wincompatible-pointer-types-discards-qualifiers]
 6118 |         char* found = hxlcl_strstr(pos, HX_STR(old));
      |               ^       ~~~~~~~~~~~~~~~~~~~~~~~~~~~~~~
14 warnings generated.

OK: built /Users/ghost/.cache/g1_smoke_build/smoke_bench_cross_platform_02a43975
[PASS] rc=0 — /Users/ghost/core/anima/anima-physics/benchmarks/bench_cross_platform.hexa

=== BUILD: /Users/ghost/core/anima/anima-physics/benchmarks/bench_physics_consciousness.hexa ===
=== Building /Users/ghost/core/anima/anima-physics/benchmarks/bench_physics_consciousness.hexa -> /Users/ghost/.cache/g1_smoke_build/smoke_bench_physics_consciousness_b6afebcd ===
  [1/2] HEXA_MEM_CAP_MB=4096 /Users/ghost/core/hexa-lang/self/native/hexa_v2 /Users/ghost/core/anima/anima-physics/benchmarks/bench_physics_consciousness.hexa build/artifacts/smoke_bench_physics_consciousness_b6afebcd.c 2>&1
    OK: build/artifacts/smoke_bench_physics_consciousness_b6afebcd.c

  [2/2] clang -O2 -DHEXA_HAS_LIBSODIUM -I/opt/homebrew/Cellar/libsodium/1.0.22/include -DHEXA_HAS_OPENSSL -I/opt/homebrew/Cellar/openssl@3/3.6.2/include -Wno-trigraphs -fbracket-depth=4096 -I '/Users/ghost/core/hexa-lang/self' build/artifacts/smoke_bench_physics_consciousness_b6afebcd.c '/Users/ghost/core/hexa-lang/self/runtime.c' -o '/Users/ghost/.cache/g1_smoke_build/smoke_bench_physics_consciousness_b6afebcd.tmp.62398' -lpthread -L/opt/homebrew/Cellar/libsodium/1.0.22/lib -lsodium -L/opt/homebrew/Cellar/openssl@3/3.6.2/lib -lssl -lcrypto 2>&1
    In file included from build/artifacts/smoke_bench_physics_consciousness_b6afebcd.c:2:
/Users/ghost/core/hexa-lang/self/runtime.h:349:28: warning: '/*' within block comment [-Wcomment]
  349 | /* ── Additional native/*.c forward-decls (auto-generated 2026-05-15) ──
      |                        ^
/Users/ghost/core/hexa-lang/self/runtime.h:350:36: warning: '/*' within block comment [-Wcomment]
  350 |  * Sourced from grep of self/native/*.c hexa_* definitions; ensures user.c
      |                                    ^
2 warnings generated.
/Users/ghost/core/hexa-lang/self/runtime.c:1145:9: warning: 'strcat' macro redefined [-Wmacro-redefined]
 1145 | #define strcat(d,s)    hxlcl_strcat((char *)(d), (const char *)(s))
      |         ^
/Library/Developer/CommandLineTools/SDKs/MacOSX.sdk/usr/include/secure/_string.h:254:9: note: previous definition is here
  254 | #define strcat(...) __strcat_chk_func (__VA_ARGS__)
      |         ^
/Users/ghost/core/hexa-lang/self/runtime.c:1157:9: warning: 'bzero' macro redefined [-Wmacro-redefined]
 1157 | #define bzero(p,n)     hxlcl_bzero((void *)(p), (size_t)(n))
      |         ^
/Library/Developer/CommandLineTools/SDKs/MacOSX.sdk/usr/include/secure/_strings.h:90:9: note: previous definition is here
   90 | #define bzero(...) __bzero_chk_func (__VA_ARGS__)
      |         ^
/Users/ghost/core/hexa-lang/self/runtime.c:1158:9: warning: 'memcpy' macro redefined [-Wmacro-redefined]
 1158 | #define memcpy(d,s,n)  hxlcl_memcpy((void *)(d), (const void *)(s), (size_t)(n))
      |         ^
/Library/Developer/CommandLineTools/SDKs/MacOSX.sdk/usr/include/secure/_string.h:234:9: note: previous definition is here
  234 | #define memcpy(...) __memcpy_chk_func (__VA_ARGS__)
      |         ^
/Users/ghost/core/hexa-lang/self/runtime.c:1159:9: warning: 'memset' macro redefined [-Wmacro-redefined]
 1159 | #define memset(p,c,n)  hxlcl_memset((void *)(p), (int)(c), (size_t)(n))
      |         ^
/Library/Developer/CommandLineTools/SDKs/MacOSX.sdk/usr/include/secure/_string.h:244:9: note: previous definition is here
  244 | #define memset(...) __memset_chk_func (__VA_ARGS__)
      |         ^
/Users/ghost/core/hexa-lang/self/runtime.c:1160:9: warning: 'memmove' macro redefined [-Wmacro-redefined]
 1160 | #define memmove(d,s,n) hxlcl_memmove((void *)(d), (const void *)(s), (size_t)(n))
      |         ^
/Library/Developer/CommandLineTools/SDKs/MacOSX.sdk/usr/include/secure/_string.h:239:9: note: previous definition is here
  239 | #define memmove(...) __memmove_chk_func (__VA_ARGS__)
      |         ^
/Users/ghost/core/hexa-lang/self/runtime.c:1161:9: warning: 'strncpy' macro redefined [-Wmacro-redefined]
 1161 | #define strncpy(d,s,n) hxlcl_strncpy((char *)(d), (const char *)(s), (size_t)(n))
      |         ^
/Library/Developer/CommandLineTools/SDKs/MacOSX.sdk/usr/include/secure/_string.h:259:9: note: previous definition is here
  259 | #define strncpy(...) __strncpy_chk_func (__VA_ARGS__)
      |         ^
/Users/ghost/core/hexa-lang/self/runtime.c:1162:9: warning: 'strcpy' macro redefined [-Wmacro-redefined]
 1162 | #define strcpy(d,s)    hxlcl_strcpy((char *)(d), (const char *)(s))
      |         ^
/Library/Developer/CommandLineTools/SDKs/MacOSX.sdk/usr/include/secure/_string.h:249:9: note: previous definition is here
  249 | #define strcpy(...) __strcpy_chk_func (__VA_ARGS__)
      |         ^
/Users/ghost/core/hexa-lang/self/runtime.c:1165:9: warning: 'snprintf' macro redefined [-Wmacro-redefined]
 1165 | #define snprintf(b,c,...)  hxlcl_snprintf((char *)(b), (size_t)(c), __VA_ARGS__)
      |         ^
/Library/Developer/CommandLineTools/SDKs/MacOSX.sdk/usr/include/secure/_stdio.h:119:9: note: previous definition is here
  119 | #define snprintf(str, len, ...) __snprintf_chk_func (str, len, 0, __VA_ARGS__)
      |         ^
/Users/ghost/core/hexa-lang/self/runtime.c:1166:9: warning: 'sprintf' macro redefined [-Wmacro-redefined]
 1166 | #define sprintf(b,...)     hxlcl_sprintf((char *)(b), __VA_ARGS__)
      |         ^
/Library/Developer/CommandLineTools/SDKs/MacOSX.sdk/usr/include/secure/_stdio.h:107:9: note: previous definition is here
  107 | #define sprintf(str, ...) __sprintf_chk_func (str, 0, __VA_ARGS__)
      |         ^
In file included from /Users/ghost/core/hexa-lang/self/runtime.c:1211:
/Users/ghost/core/hexa-lang/self/runtime_core.c:4193:11: warning: initializing 'char *' with an expression of type 'const char *' discards qualifiers [-Wincompatible-pointer-types-discards-qualifiers]
 4193 |     char* p = hxlcl_strstr(HX_STR(s), HX_STR(sub));
      |           ^   ~~~~~~~~~~~~~~~~~~~~~~~~~~~~~~~~~~~~
/Users/ghost/core/hexa-lang/self/runtime_core.c:5940:11: warning: initializing 'char *' with an expression of type 'const char *' discards qualifiers [-Wincompatible-pointer-types-discards-qualifiers]
 5940 |     char* pos = hxlcl_strstr(HX_STR(fmt), "{}");
      |           ^     ~~~~~~~~~~~~~~~~~~~~~~~~~~~~~~~
/Users/ghost/core/hexa-lang/self/runtime_core.c:5973:19: warning: initializing 'char *' with an expression of type 'const char *' discards qualifiers [-Wincompatible-pointer-types-discards-qualifiers]
 5973 |             char* close = hxlcl_strchr(src, '}');
      |                   ^       ~~~~~~~~~~~~~~~~~~~~~~
/Users/ghost/core/hexa-lang/self/runtime_core.c:6062:15: warning: initializing 'char *' with an expression of type 'const char *' discards qualifiers [-Wincompatible-pointer-types-discards-qualifiers]
 6062 |         char* found = hxlcl_strstr(pos, d);
      |               ^       ~~~~~~~~~~~~~~~~~~~~
/Users/ghost/core/hexa-lang/self/runtime_core.c:6118:15: warning: initializing 'char *' with an expression of type 'const char *' discards qualifiers [-Wincompatible-pointer-types-discards-qualifiers]
 6118 |         char* found = hxlcl_strstr(pos, HX_STR(old));
      |               ^       ~~~~~~~~~~~~~~~~~~~~~~~~~~~~~~
14 warnings generated.

OK: built /Users/ghost/.cache/g1_smoke_build/smoke_bench_physics_consciousness_b6afebcd
[PASS] rc=0 — /Users/ghost/core/anima/anima-physics/benchmarks/bench_physics_consciousness.hexa

=== BUILD: /Users/ghost/core/anima/anima-physics/benchmarks/bench_power_efficiency.hexa ===
=== Building /Users/ghost/core/anima/anima-physics/benchmarks/bench_power_efficiency.hexa -> /Users/ghost/.cache/g1_smoke_build/smoke_bench_power_efficiency_c9613867 ===
  [1/2] HEXA_MEM_CAP_MB=4096 /Users/ghost/core/hexa-lang/self/native/hexa_v2 /Users/ghost/core/anima/anima-physics/benchmarks/bench_power_efficiency.hexa build/artifacts/smoke_bench_power_efficiency_c9613867.c 2>&1
    OK: build/artifacts/smoke_bench_power_efficiency_c9613867.c

  [2/2] clang -O2 -DHEXA_HAS_LIBSODIUM -I/opt/homebrew/Cellar/libsodium/1.0.22/include -DHEXA_HAS_OPENSSL -I/opt/homebrew/Cellar/openssl@3/3.6.2/include -Wno-trigraphs -fbracket-depth=4096 -I '/Users/ghost/core/hexa-lang/self' build/artifacts/smoke_bench_power_efficiency_c9613867.c '/Users/ghost/core/hexa-lang/self/runtime.c' -o '/Users/ghost/.cache/g1_smoke_build/smoke_bench_power_efficiency_c9613867.tmp.64186' -lpthread -L/opt/homebrew/Cellar/libsodium/1.0.22/lib -lsodium -L/opt/homebrew/Cellar/openssl@3/3.6.2/lib -lssl -lcrypto 2>&1
    In file included from build/artifacts/smoke_bench_power_efficiency_c9613867.c:2:
/Users/ghost/core/hexa-lang/self/runtime.h:349:28: warning: '/*' within block comment [-Wcomment]
  349 | /* ── Additional native/*.c forward-decls (auto-generated 2026-05-15) ──
      |                        ^
/Users/ghost/core/hexa-lang/self/runtime.h:350:36: warning: '/*' within block comment [-Wcomment]
  350 |  * Sourced from grep of self/native/*.c hexa_* definitions; ensures user.c
      |                                    ^
2 warnings generated.
/Users/ghost/core/hexa-lang/self/runtime.c:1145:9: warning: 'strcat' macro redefined [-Wmacro-redefined]
 1145 | #define strcat(d,s)    hxlcl_strcat((char *)(d), (const char *)(s))
      |         ^
/Library/Developer/CommandLineTools/SDKs/MacOSX.sdk/usr/include/secure/_string.h:254:9: note: previous definition is here
  254 | #define strcat(...) __strcat_chk_func (__VA_ARGS__)
      |         ^
/Users/ghost/core/hexa-lang/self/runtime.c:1157:9: warning: 'bzero' macro redefined [-Wmacro-redefined]
 1157 | #define bzero(p,n)     hxlcl_bzero((void *)(p), (size_t)(n))
      |         ^
/Library/Developer/CommandLineTools/SDKs/MacOSX.sdk/usr/include/secure/_strings.h:90:9: note: previous definition is here
   90 | #define bzero(...) __bzero_chk_func (__VA_ARGS__)
      |         ^
/Users/ghost/core/hexa-lang/self/runtime.c:1158:9: warning: 'memcpy' macro redefined [-Wmacro-redefined]
 1158 | #define memcpy(d,s,n)  hxlcl_memcpy((void *)(d), (const void *)(s), (size_t)(n))
      |         ^
/Library/Developer/CommandLineTools/SDKs/MacOSX.sdk/usr/include/secure/_string.h:234:9: note: previous definition is here
  234 | #define memcpy(...) __memcpy_chk_func (__VA_ARGS__)
      |         ^
/Users/ghost/core/hexa-lang/self/runtime.c:1159:9: warning: 'memset' macro redefined [-Wmacro-redefined]
 1159 | #define memset(p,c,n)  hxlcl_memset((void *)(p), (int)(c), (size_t)(n))
      |         ^
/Library/Developer/CommandLineTools/SDKs/MacOSX.sdk/usr/include/secure/_string.h:244:9: note: previous definition is here
  244 | #define memset(...) __memset_chk_func (__VA_ARGS__)
      |         ^
/Users/ghost/core/hexa-lang/self/runtime.c:1160:9: warning: 'memmove' macro redefined [-Wmacro-redefined]
 1160 | #define memmove(d,s,n) hxlcl_memmove((void *)(d), (const void *)(s), (size_t)(n))
      |         ^
/Library/Developer/CommandLineTools/SDKs/MacOSX.sdk/usr/include/secure/_string.h:239:9: note: previous definition is here
  239 | #define memmove(...) __memmove_chk_func (__VA_ARGS__)
      |         ^
/Users/ghost/core/hexa-lang/self/runtime.c:1161:9: warning: 'strncpy' macro redefined [-Wmacro-redefined]
 1161 | #define strncpy(d,s,n) hxlcl_strncpy((char *)(d), (const char *)(s), (size_t)(n))
      |         ^
/Library/Developer/CommandLineTools/SDKs/MacOSX.sdk/usr/include/secure/_string.h:259:9: note: previous definition is here
  259 | #define strncpy(...) __strncpy_chk_func (__VA_ARGS__)
      |         ^
/Users/ghost/core/hexa-lang/self/runtime.c:1162:9: warning: 'strcpy' macro redefined [-Wmacro-redefined]
 1162 | #define strcpy(d,s)    hxlcl_strcpy((char *)(d), (const char *)(s))
      |         ^
/Library/Developer/CommandLineTools/SDKs/MacOSX.sdk/usr/include/secure/_string.h:249:9: note: previous definition is here
  249 | #define strcpy(...) __strcpy_chk_func (__VA_ARGS__)
      |         ^
/Users/ghost/core/hexa-lang/self/runtime.c:1165:9: warning: 'snprintf' macro redefined [-Wmacro-redefined]
 1165 | #define snprintf(b,c,...)  hxlcl_snprintf((char *)(b), (size_t)(c), __VA_ARGS__)
      |         ^
/Library/Developer/CommandLineTools/SDKs/MacOSX.sdk/usr/include/secure/_stdio.h:119:9: note: previous definition is here
  119 | #define snprintf(str, len, ...) __snprintf_chk_func (str, len, 0, __VA_ARGS__)
      |         ^
/Users/ghost/core/hexa-lang/self/runtime.c:1166:9: warning: 'sprintf' macro redefined [-Wmacro-redefined]
 1166 | #define sprintf(b,...)     hxlcl_sprintf((char *)(b), __VA_ARGS__)
      |         ^
/Library/Developer/CommandLineTools/SDKs/MacOSX.sdk/usr/include/secure/_stdio.h:107:9: note: previous definition is here
  107 | #define sprintf(str, ...) __sprintf_chk_func (str, 0, __VA_ARGS__)
      |         ^
In file included from /Users/ghost/core/hexa-lang/self/runtime.c:1211:
/Users/ghost/core/hexa-lang/self/runtime_core.c:4193:11: warning: initializing 'char *' with an expression of type 'const char *' discards qualifiers [-Wincompatible-pointer-types-discards-qualifiers]
 4193 |     char* p = hxlcl_strstr(HX_STR(s), HX_STR(sub));
      |           ^   ~~~~~~~~~~~~~~~~~~~~~~~~~~~~~~~~~~~~
/Users/ghost/core/hexa-lang/self/runtime_core.c:5940:11: warning: initializing 'char *' with an expression of type 'const char *' discards qualifiers [-Wincompatible-pointer-types-discards-qualifiers]
 5940 |     char* pos = hxlcl_strstr(HX_STR(fmt), "{}");
      |           ^     ~~~~~~~~~~~~~~~~~~~~~~~~~~~~~~~
/Users/ghost/core/hexa-lang/self/runtime_core.c:5973:19: warning: initializing 'char *' with an expression of type 'const char *' discards qualifiers [-Wincompatible-pointer-types-discards-qualifiers]
 5973 |             char* close = hxlcl_strchr(src, '}');
      |                   ^       ~~~~~~~~~~~~~~~~~~~~~~
/Users/ghost/core/hexa-lang/self/runtime_core.c:6062:15: warning: initializing 'char *' with an expression of type 'const char *' discards qualifiers [-Wincompatible-pointer-types-discards-qualifiers]
 6062 |         char* found = hxlcl_strstr(pos, d);
      |               ^       ~~~~~~~~~~~~~~~~~~~~
/Users/ghost/core/hexa-lang/self/runtime_core.c:6118:15: warning: initializing 'char *' with an expression of type 'const char *' discards qualifiers [-Wincompatible-pointer-types-discards-qualifiers]
 6118 |         char* found = hxlcl_strstr(pos, HX_STR(old));
      |               ^       ~~~~~~~~~~~~~~~~~~~~~~~~~~~~~~
14 warnings generated.

OK: built /Users/ghost/.cache/g1_smoke_build/smoke_bench_power_efficiency_c9613867
[PASS] rc=0 — /Users/ghost/core/anima/anima-physics/benchmarks/bench_power_efficiency.hexa

=== BUILD: /Users/ghost/core/anima/anima-physics/benchmarks/bench_spin_glass.hexa ===
=== Building /Users/ghost/core/anima/anima-physics/benchmarks/bench_spin_glass.hexa -> /Users/ghost/.cache/g1_smoke_build/smoke_bench_spin_glass_44ec6b8a ===
  [1/2] HEXA_MEM_CAP_MB=4096 /Users/ghost/core/hexa-lang/self/native/hexa_v2 /Users/ghost/core/anima/anima-physics/benchmarks/bench_spin_glass.hexa build/artifacts/smoke_bench_spin_glass_44ec6b8a.c 2>&1
    OK: build/artifacts/smoke_bench_spin_glass_44ec6b8a.c

  [2/2] clang -O2 -DHEXA_HAS_LIBSODIUM -I/opt/homebrew/Cellar/libsodium/1.0.22/include -DHEXA_HAS_OPENSSL -I/opt/homebrew/Cellar/openssl@3/3.6.2/include -Wno-trigraphs -fbracket-depth=4096 -I '/Users/ghost/core/hexa-lang/self' build/artifacts/smoke_bench_spin_glass_44ec6b8a.c '/Users/ghost/core/hexa-lang/self/runtime.c' -o '/Users/ghost/.cache/g1_smoke_build/smoke_bench_spin_glass_44ec6b8a.tmp.65624' -lpthread -L/opt/homebrew/Cellar/libsodium/1.0.22/lib -lsodium -L/opt/homebrew/Cellar/openssl@3/3.6.2/lib -lssl -lcrypto 2>&1
    In file included from build/artifacts/smoke_bench_spin_glass_44ec6b8a.c:2:
/Users/ghost/core/hexa-lang/self/runtime.h:349:28: warning: '/*' within block comment [-Wcomment]
  349 | /* ── Additional native/*.c forward-decls (auto-generated 2026-05-15) ──
      |                        ^
/Users/ghost/core/hexa-lang/self/runtime.h:350:36: warning: '/*' within block comment [-Wcomment]
  350 |  * Sourced from grep of self/native/*.c hexa_* definitions; ensures user.c
      |                                    ^
2 warnings generated.
/Users/ghost/core/hexa-lang/self/runtime.c:1145:9: warning: 'strcat' macro redefined [-Wmacro-redefined]
 1145 | #define strcat(d,s)    hxlcl_strcat((char *)(d), (const char *)(s))
      |         ^
/Library/Developer/CommandLineTools/SDKs/MacOSX.sdk/usr/include/secure/_string.h:254:9: note: previous definition is here
  254 | #define strcat(...) __strcat_chk_func (__VA_ARGS__)
      |         ^
/Users/ghost/core/hexa-lang/self/runtime.c:1157:9: warning: 'bzero' macro redefined [-Wmacro-redefined]
 1157 | #define bzero(p,n)     hxlcl_bzero((void *)(p), (size_t)(n))
      |         ^
/Library/Developer/CommandLineTools/SDKs/MacOSX.sdk/usr/include/secure/_strings.h:90:9: note: previous definition is here
   90 | #define bzero(...) __bzero_chk_func (__VA_ARGS__)
      |         ^
/Users/ghost/core/hexa-lang/self/runtime.c:1158:9: warning: 'memcpy' macro redefined [-Wmacro-redefined]
 1158 | #define memcpy(d,s,n)  hxlcl_memcpy((void *)(d), (const void *)(s), (size_t)(n))
      |         ^
/Library/Developer/CommandLineTools/SDKs/MacOSX.sdk/usr/include/secure/_string.h:234:9: note: previous definition is here
  234 | #define memcpy(...) __memcpy_chk_func (__VA_ARGS__)
      |         ^
/Users/ghost/core/hexa-lang/self/runtime.c:1159:9: warning: 'memset' macro redefined [-Wmacro-redefined]
 1159 | #define memset(p,c,n)  hxlcl_memset((void *)(p), (int)(c), (size_t)(n))
      |         ^
/Library/Developer/CommandLineTools/SDKs/MacOSX.sdk/usr/include/secure/_string.h:244:9: note: previous definition is here
  244 | #define memset(...) __memset_chk_func (__VA_ARGS__)
      |         ^
/Users/ghost/core/hexa-lang/self/runtime.c:1160:9: warning: 'memmove' macro redefined [-Wmacro-redefined]
 1160 | #define memmove(d,s,n) hxlcl_memmove((void *)(d), (const void *)(s), (size_t)(n))
      |         ^
/Library/Developer/CommandLineTools/SDKs/MacOSX.sdk/usr/include/secure/_string.h:239:9: note: previous definition is here
  239 | #define memmove(...) __memmove_chk_func (__VA_ARGS__)
      |         ^
/Users/ghost/core/hexa-lang/self/runtime.c:1161:9: warning: 'strncpy' macro redefined [-Wmacro-redefined]
 1161 | #define strncpy(d,s,n) hxlcl_strncpy((char *)(d), (const char *)(s), (size_t)(n))
      |         ^
/Library/Developer/CommandLineTools/SDKs/MacOSX.sdk/usr/include/secure/_string.h:259:9: note: previous definition is here
  259 | #define strncpy(...) __strncpy_chk_func (__VA_ARGS__)
      |         ^
/Users/ghost/core/hexa-lang/self/runtime.c:1162:9: warning: 'strcpy' macro redefined [-Wmacro-redefined]
 1162 | #define strcpy(d,s)    hxlcl_strcpy((char *)(d), (const char *)(s))
      |         ^
/Library/Developer/CommandLineTools/SDKs/MacOSX.sdk/usr/include/secure/_string.h:249:9: note: previous definition is here
  249 | #define strcpy(...) __strcpy_chk_func (__VA_ARGS__)
      |         ^
/Users/ghost/core/hexa-lang/self/runtime.c:1165:9: warning: 'snprintf' macro redefined [-Wmacro-redefined]
 1165 | #define snprintf(b,c,...)  hxlcl_snprintf((char *)(b), (size_t)(c), __VA_ARGS__)
      |         ^
/Library/Developer/CommandLineTools/SDKs/MacOSX.sdk/usr/include/secure/_stdio.h:119:9: note: previous definition is here
  119 | #define snprintf(str, len, ...) __snprintf_chk_func (str, len, 0, __VA_ARGS__)
      |         ^
/Users/ghost/core/hexa-lang/self/runtime.c:1166:9: warning: 'sprintf' macro redefined [-Wmacro-redefined]
 1166 | #define sprintf(b,...)     hxlcl_sprintf((char *)(b), __VA_ARGS__)
      |         ^
/Library/Developer/CommandLineTools/SDKs/MacOSX.sdk/usr/include/secure/_stdio.h:107:9: note: previous definition is here
  107 | #define sprintf(str, ...) __sprintf_chk_func (str, 0, __VA_ARGS__)
      |         ^
In file included from /Users/ghost/core/hexa-lang/self/runtime.c:1211:
/Users/ghost/core/hexa-lang/self/runtime_core.c:4193:11: warning: initializing 'char *' with an expression of type 'const char *' discards qualifiers [-Wincompatible-pointer-types-discards-qualifiers]
 4193 |     char* p = hxlcl_strstr(HX_STR(s), HX_STR(sub));
      |           ^   ~~~~~~~~~~~~~~~~~~~~~~~~~~~~~~~~~~~~
/Users/ghost/core/hexa-lang/self/runtime_core.c:5940:11: warning: initializing 'char *' with an expression of type 'const char *' discards qualifiers [-Wincompatible-pointer-types-discards-qualifiers]
 5940 |     char* pos = hxlcl_strstr(HX_STR(fmt), "{}");
      |           ^     ~~~~~~~~~~~~~~~~~~~~~~~~~~~~~~~
/Users/ghost/core/hexa-lang/self/runtime_core.c:5973:19: warning: initializing 'char *' with an expression of type 'const char *' discards qualifiers [-Wincompatible-pointer-types-discards-qualifiers]
 5973 |             char* close = hxlcl_strchr(src, '}');
      |                   ^       ~~~~~~~~~~~~~~~~~~~~~~
/Users/ghost/core/hexa-lang/self/runtime_core.c:6062:15: warning: initializing 'char *' with an expression of type 'const char *' discards qualifiers [-Wincompatible-pointer-types-discards-qualifiers]
 6062 |         char* found = hxlcl_strstr(pos, d);
      |               ^       ~~~~~~~~~~~~~~~~~~~~
/Users/ghost/core/hexa-lang/self/runtime_core.c:6118:15: warning: initializing 'char *' with an expression of type 'const char *' discards qualifiers [-Wincompatible-pointer-types-discards-qualifiers]
 6118 |         char* found = hxlcl_strstr(pos, HX_STR(old));
      |               ^       ~~~~~~~~~~~~~~~~~~~~~~~~~~~~~~
14 warnings generated.

OK: built /Users/ghost/.cache/g1_smoke_build/smoke_bench_spin_glass_44ec6b8a
[PASS] rc=0 — /Users/ghost/core/anima/anima-physics/benchmarks/bench_spin_glass.hexa

=== BUILD: /Users/ghost/core/anima/anima-physics/cmos/cloud_facade_poc.hexa ===
=== Building /Users/ghost/core/anima/anima-physics/cmos/cloud_facade_poc.hexa -> /Users/ghost/.cache/g1_smoke_build/smoke_cloud_facade_poc_b0baf55c ===
  [1/2] HEXA_MEM_CAP_MB=4096 /Users/ghost/core/hexa-lang/self/native/hexa_v2 /Users/ghost/core/anima/anima-physics/cmos/cloud_facade_poc.hexa build/artifacts/smoke_cloud_facade_poc_b0baf55c.c 2>&1
    OK: build/artifacts/smoke_cloud_facade_poc_b0baf55c.c

  [2/2] clang -O2 -DHEXA_HAS_LIBSODIUM -I/opt/homebrew/Cellar/libsodium/1.0.22/include -DHEXA_HAS_OPENSSL -I/opt/homebrew/Cellar/openssl@3/3.6.2/include -Wno-trigraphs -fbracket-depth=4096 -I '/Users/ghost/core/hexa-lang/self' build/artifacts/smoke_cloud_facade_poc_b0baf55c.c '/Users/ghost/core/hexa-lang/self/runtime.c' -o '/Users/ghost/.cache/g1_smoke_build/smoke_cloud_facade_poc_b0baf55c.tmp.67079' -lpthread -L/opt/homebrew/Cellar/libsodium/1.0.22/lib -lsodium -L/opt/homebrew/Cellar/openssl@3/3.6.2/lib -lssl -lcrypto 2>&1
    In file included from build/artifacts/smoke_cloud_facade_poc_b0baf55c.c:2:
/Users/ghost/core/hexa-lang/self/runtime.h:349:28: warning: '/*' within block comment [-Wcomment]
  349 | /* ── Additional native/*.c forward-decls (auto-generated 2026-05-15) ──
      |                        ^
/Users/ghost/core/hexa-lang/self/runtime.h:350:36: warning: '/*' within block comment [-Wcomment]
  350 |  * Sourced from grep of self/native/*.c hexa_* definitions; ensures user.c
      |                                    ^
2 warnings generated.
/Users/ghost/core/hexa-lang/self/runtime.c:1145:9: warning: 'strcat' macro redefined [-Wmacro-redefined]
 1145 | #define strcat(d,s)    hxlcl_strcat((char *)(d), (const char *)(s))
      |         ^
/Library/Developer/CommandLineTools/SDKs/MacOSX.sdk/usr/include/secure/_string.h:254:9: note: previous definition is here
  254 | #define strcat(...) __strcat_chk_func (__VA_ARGS__)
      |         ^
/Users/ghost/core/hexa-lang/self/runtime.c:1157:9: warning: 'bzero' macro redefined [-Wmacro-redefined]
 1157 | #define bzero(p,n)     hxlcl_bzero((void *)(p), (size_t)(n))
      |         ^
/Library/Developer/CommandLineTools/SDKs/MacOSX.sdk/usr/include/secure/_strings.h:90:9: note: previous definition is here
   90 | #define bzero(...) __bzero_chk_func (__VA_ARGS__)
      |         ^
/Users/ghost/core/hexa-lang/self/runtime.c:1158:9: warning: 'memcpy' macro redefined [-Wmacro-redefined]
 1158 | #define memcpy(d,s,n)  hxlcl_memcpy((void *)(d), (const void *)(s), (size_t)(n))
      |         ^
/Library/Developer/CommandLineTools/SDKs/MacOSX.sdk/usr/include/secure/_string.h:234:9: note: previous definition is here
  234 | #define memcpy(...) __memcpy_chk_func (__VA_ARGS__)
      |         ^
/Users/ghost/core/hexa-lang/self/runtime.c:1159:9: warning: 'memset' macro redefined [-Wmacro-redefined]
 1159 | #define memset(p,c,n)  hxlcl_memset((void *)(p), (int)(c), (size_t)(n))
      |         ^
/Library/Developer/CommandLineTools/SDKs/MacOSX.sdk/usr/include/secure/_string.h:244:9: note: previous definition is here
  244 | #define memset(...) __memset_chk_func (__VA_ARGS__)
      |         ^
/Users/ghost/core/hexa-lang/self/runtime.c:1160:9: warning: 'memmove' macro redefined [-Wmacro-redefined]
 1160 | #define memmove(d,s,n) hxlcl_memmove((void *)(d), (const void *)(s), (size_t)(n))
      |         ^
/Library/Developer/CommandLineTools/SDKs/MacOSX.sdk/usr/include/secure/_string.h:239:9: note: previous definition is here
  239 | #define memmove(...) __memmove_chk_func (__VA_ARGS__)
      |         ^
/Users/ghost/core/hexa-lang/self/runtime.c:1161:9: warning: 'strncpy' macro redefined [-Wmacro-redefined]
 1161 | #define strncpy(d,s,n) hxlcl_strncpy((char *)(d), (const char *)(s), (size_t)(n))
      |         ^
/Library/Developer/CommandLineTools/SDKs/MacOSX.sdk/usr/include/secure/_string.h:259:9: note: previous definition is here
  259 | #define strncpy(...) __strncpy_chk_func (__VA_ARGS__)
      |         ^
/Users/ghost/core/hexa-lang/self/runtime.c:1162:9: warning: 'strcpy' macro redefined [-Wmacro-redefined]
 1162 | #define strcpy(d,s)    hxlcl_strcpy((char *)(d), (const char *)(s))
      |         ^
/Library/Developer/CommandLineTools/SDKs/MacOSX.sdk/usr/include/secure/_string.h:249:9: note: previous definition is here
  249 | #define strcpy(...) __strcpy_chk_func (__VA_ARGS__)
      |         ^
/Users/ghost/core/hexa-lang/self/runtime.c:1165:9: warning: 'snprintf' macro redefined [-Wmacro-redefined]
 1165 | #define snprintf(b,c,...)  hxlcl_snprintf((char *)(b), (size_t)(c), __VA_ARGS__)
      |         ^
/Library/Developer/CommandLineTools/SDKs/MacOSX.sdk/usr/include/secure/_stdio.h:119:9: note: previous definition is here
  119 | #define snprintf(str, len, ...) __snprintf_chk_func (str, len, 0, __VA_ARGS__)
      |         ^
/Users/ghost/core/hexa-lang/self/runtime.c:1166:9: warning: 'sprintf' macro redefined [-Wmacro-redefined]
 1166 | #define sprintf(b,...)     hxlcl_sprintf((char *)(b), __VA_ARGS__)
      |         ^
/Library/Developer/CommandLineTools/SDKs/MacOSX.sdk/usr/include/secure/_stdio.h:107:9: note: previous definition is here
  107 | #define sprintf(str, ...) __sprintf_chk_func (str, 0, __VA_ARGS__)
      |         ^
In file included from /Users/ghost/core/hexa-lang/self/runtime.c:1211:
/Users/ghost/core/hexa-lang/self/runtime_core.c:4193:11: warning: initializing 'char *' with an expression of type 'const char *' discards qualifiers [-Wincompatible-pointer-types-discards-qualifiers]
 4193 |     char* p = hxlcl_strstr(HX_STR(s), HX_STR(sub));
      |           ^   ~~~~~~~~~~~~~~~~~~~~~~~~~~~~~~~~~~~~
/Users/ghost/core/hexa-lang/self/runtime_core.c:5940:11: warning: initializing 'char *' with an expression of type 'const char *' discards qualifiers [-Wincompatible-pointer-types-discards-qualifiers]
 5940 |     char* pos = hxlcl_strstr(HX_STR(fmt), "{}");
      |           ^     ~~~~~~~~~~~~~~~~~~~~~~~~~~~~~~~
/Users/ghost/core/hexa-lang/self/runtime_core.c:5973:19: warning: initializing 'char *' with an expression of type 'const char *' discards qualifiers [-Wincompatible-pointer-types-discards-qualifiers]
 5973 |             char* close = hxlcl_strchr(src, '}');
      |                   ^       ~~~~~~~~~~~~~~~~~~~~~~
/Users/ghost/core/hexa-lang/self/runtime_core.c:6062:15: warning: initializing 'char *' with an expression of type 'const char *' discards qualifiers [-Wincompatible-pointer-types-discards-qualifiers]
 6062 |         char* found = hxlcl_strstr(pos, d);
      |               ^       ~~~~~~~~~~~~~~~~~~~~
/Users/ghost/core/hexa-lang/self/runtime_core.c:6118:15: warning: initializing 'char *' with an expression of type 'const char *' discards qualifiers [-Wincompatible-pointer-types-discards-qualifiers]
 6118 |         char* found = hxlcl_strstr(pos, HX_STR(old));
      |               ^       ~~~~~~~~~~~~~~~~~~~~~~~~~~~~~~
14 warnings generated.

OK: built /Users/ghost/.cache/g1_smoke_build/smoke_cloud_facade_poc_b0baf55c
[PASS] rc=0 — /Users/ghost/core/anima/anima-physics/cmos/cloud_facade_poc.hexa

=== BUILD: /Users/ghost/core/anima/anima-physics/consciousness-loop/src/aux_engine_lib.hexa ===
=== Building /Users/ghost/core/anima/anima-physics/consciousness-loop/src/aux_engine_lib.hexa -> /Users/ghost/.cache/g1_smoke_build/smoke_aux_engine_lib_a343c07a ===
  [1/2] HEXA_MEM_CAP_MB=4096 /Users/ghost/core/hexa-lang/self/native/hexa_v2 /Users/ghost/core/anima/anima-physics/consciousness-loop/src/aux_engine_lib.hexa build/artifacts/smoke_aux_engine_lib_a343c07a.c 2>&1
    OK: build/artifacts/smoke_aux_engine_lib_a343c07a.c

  [2/2] clang -O2 -DHEXA_HAS_LIBSODIUM -I/opt/homebrew/Cellar/libsodium/1.0.22/include -DHEXA_HAS_OPENSSL -I/opt/homebrew/Cellar/openssl@3/3.6.2/include -Wno-trigraphs -fbracket-depth=4096 -I '/Users/ghost/core/hexa-lang/self' build/artifacts/smoke_aux_engine_lib_a343c07a.c '/Users/ghost/core/hexa-lang/self/runtime.c' -o '/Users/ghost/.cache/g1_smoke_build/smoke_aux_engine_lib_a343c07a.tmp.68897' -lpthread -L/opt/homebrew/Cellar/libsodium/1.0.22/lib -lsodium -L/opt/homebrew/Cellar/openssl@3/3.6.2/lib -lssl -lcrypto 2>&1
    In file included from build/artifacts/smoke_aux_engine_lib_a343c07a.c:2:
/Users/ghost/core/hexa-lang/self/runtime.h:349:28: warning: '/*' within block comment [-Wcomment]
  349 | /* ── Additional native/*.c forward-decls (auto-generated 2026-05-15) ──
      |                        ^
/Users/ghost/core/hexa-lang/self/runtime.h:350:36: warning: '/*' within block comment [-Wcomment]
  350 |  * Sourced from grep of self/native/*.c hexa_* definitions; ensures user.c
      |                                    ^
build/artifacts/smoke_aux_engine_lib_a343c07a.c:234:60: error: call to undeclared function 'hexa_random'; ISO C99 and later do not support implicit function declarations [-Wimplicit-function-declaration]
  234 |                     hexa_array_push(row, hexa_mul(hexa_sub(hexa_random(), hexa_float(0.5)), scale));
      |                                                            ^
build/artifacts/smoke_aux_engine_lib_a343c07a.c:234:60: error: passing 'int' to parameter of incompatible type 'HexaVal' (aka 'struct HexaVal_')
  234 |                     hexa_array_push(row, hexa_mul(hexa_sub(hexa_random(), hexa_float(0.5)), scale));
      |                                                            ^~~~~~~~~~~~~
/Users/ghost/core/hexa-lang/self/runtime.h:167:26: note: passing argument to parameter 'a' here
  167 | HexaVal hexa_sub(HexaVal a, HexaVal b);               /* runtime.c:5483 */
      |                          ^
build/artifacts/smoke_aux_engine_lib_a343c07a.c:331:133: error: call to undeclared function 'hexa_random'; ISO C99 and later do not support implicit function declarations [-Wimplicit-function-declaration]
  331 |             hexa_array_push(identity, hexa_add(hexa_mul(hexa_float(sin(__hx_to_double(phase))), hexa_float(0.1)), hexa_mul(hexa_sub(hexa_random(), hexa_float(0.5)), hexa_float(0.02))));
      |                                                                                                                                     ^
build/artifacts/smoke_aux_engine_lib_a343c07a.c:331:133: error: passing 'int' to parameter of incompatible type 'HexaVal' (aka 'struct HexaVal_')
  331 |             hexa_array_push(identity, hexa_add(hexa_mul(hexa_float(sin(__hx_to_double(phase))), hexa_float(0.1)), hexa_mul(hexa_sub(hexa_random(), hexa_float(0.5)), hexa_float(0.02))));
      |                                                                                                                                     ^~~~~~~~~~~~~
/Users/ghost/core/hexa-lang/self/runtime.h:148:36: note: expanded from macro 'hexa_add'
  148 |     ({ HexaVal __ha = (A), __hb = (B); \
      |                                    ^
/Users/ghost/core/hexa-lang/self/runtime.h:167:26: note: passing argument to parameter 'a' here
  167 | HexaVal hexa_sub(HexaVal a, HexaVal b);               /* runtime.c:5483 */
      |                          ^
build/artifacts/smoke_aux_engine_lib_a343c07a.c:339:46: error: call to undeclared function 'hexa_random'; ISO C99 and later do not support implicit function declarations [-Wimplicit-function-declaration]
  339 |             hexa_array_push(hidden, hexa_mul(hexa_random(), scale));
      |                                              ^
build/artifacts/smoke_aux_engine_lib_a343c07a.c:339:46: error: passing 'int' to parameter of incompatible type 'HexaVal' (aka 'struct HexaVal_')
  339 |             hexa_array_push(hidden, hexa_mul(hexa_random(), scale));
      |                                              ^~~~~~~~~~~~~
/Users/ghost/core/hexa-lang/self/runtime.h:168:26: note: passing argument to parameter 'a' here
  168 | HexaVal hexa_mul(HexaVal a, HexaVal b);               /* runtime.c:5488 */
      |                          ^
build/artifacts/smoke_aux_engine_lib_a343c07a.c:490:56: error: call to undeclared function 'hexa_random'; ISO C99 and later do not support implicit function declarations [-Wimplicit-function-declaration]
  490 |     HexaVal parent_idx = hexa_mod(hexa_to_int(hexa_mul(hexa_random(), hexa_float(1000000000.0))), n);
      |                                                        ^
build/artifacts/smoke_aux_engine_lib_a343c07a.c:490:56: error: passing 'int' to parameter of incompatible type 'HexaVal' (aka 'struct HexaVal_')
  490 |     HexaVal parent_idx = hexa_mod(hexa_to_int(hexa_mul(hexa_random(), hexa_float(1000000000.0))), n);
      |                                                        ^~~~~~~~~~~~~
/Users/ghost/core/hexa-lang/self/runtime.h:168:26: note: passing argument to parameter 'a' here
  168 | HexaVal hexa_mul(HexaVal a, HexaVal b);               /* runtime.c:5488 */
      |                          ^
build/artifacts/smoke_aux_engine_lib_a343c07a.c:496:278: error: passing 'int' to parameter of incompatible type 'HexaVal' (aka 'struct HexaVal_')
  496 |             child = hexa_map_set(child, "hidden", hexa_index_set(hexa_map_get_ic(child, "hidden", &__hexa_ic_28), k, hexa_add(hexa_index_get(hexa_map_get_ic(hexa_index_get(hexa_map_get_ic(s, "cells", &__hexa_ic_26), parent_idx), "hidden", &__hexa_ic_27), k), hexa_mul(hexa_sub(hexa_random(), hexa_float(0.5)), hexa_float(0.1)))));
      |                                                                                                                                                                                                                                                                                      ^~~~~~~~~~~~~
/Users/ghost/core/hexa-lang/self/runtime.h:148:36: note: expanded from macro 'hexa_add'
  148 |     ({ HexaVal __ha = (A), __hb = (B); \
      |                                    ^
/Users/ghost/core/hexa-lang/self/runtime.h:167:26: note: passing argument to parameter 'a' here
  167 | HexaVal hexa_sub(HexaVal a, HexaVal b);               /* runtime.c:5483 */
      |                          ^
build/artifacts/smoke_aux_engine_lib_a343c07a.c:690:132: error: call to undeclared function 'hexa_random'; ISO C99 and later do not support implicit function declarations [-Wimplicit-function-declaration]
  690 |                             nv = hexa_add(hexa_index_get(hexa_map_get_ic(new_cell, "hidden", &__hexa_ic_60), k), hexa_mul(hexa_sub(hexa_random(), hexa_float(0.5)), hexa_float(0.02)));
      |                                                                                                                                    ^
build/artifacts/smoke_aux_engine_lib_a343c07a.c:690:132: error: passing 'int' to parameter of incompatible type 'HexaVal' (aka 'struct HexaVal_')
  690 |                             nv = hexa_add(hexa_index_get(hexa_map_get_ic(new_cell, "hidden", &__hexa_ic_60), k), hexa_mul(hexa_sub(hexa_random(), hexa_float(0.5)), hexa_float(0.02)));
      |                                                                                                                                    ^~~~~~~~~~~~~
/Users/ghost/core/hexa-lang/self/runtime.h:148:36: note: expanded from macro 'hexa_add'
  148 |     ({ HexaVal __ha = (A), __hb = (B); \
      |                                    ^
/Users/ghost/core/hexa-lang/self/runtime.h:167:26: note: passing argument to parameter 'a' here
  167 | HexaVal hexa_sub(HexaVal a, HexaVal b);               /* runtime.c:5483 */
      |                          ^
2 warnings and 11 errors generated.
/Users/ghost/core/hexa-lang/self/runtime.c:1145:9: warning: 'strcat' macro redefined [-Wmacro-redefined]
 1145 | #define strcat(d,s)    hxlcl_strcat((char *)(d), (const char *)(s))
      |         ^
/Library/Developer/CommandLineTools/SDKs/MacOSX.sdk/usr/include/secure/_string.h:254:9: note: previous definition is here
  254 | #define strcat(...) __strcat_chk_func (__VA_ARGS__)
      |         ^
/Users/ghost/core/hexa-lang/self/runtime.c:1157:9: warning: 'bzero' macro redefined [-Wmacro-redefined]
 1157 | #define bzero(p,n)     hxlcl_bzero((void *)(p), (size_t)(n))
      |         ^
/Library/Developer/CommandLineTools/SDKs/MacOSX.sdk/usr/include/secure/_strings.h:90:9: note: previous definition is here
   90 | #define bzero(...) __bzero_chk_func (__VA_ARGS__)
      |         ^
/Users/ghost/core/hexa-lang/self/runtime.c:1158:9: warning: 'memcpy' macro redefined [-Wmacro-redefined]
 1158 | #define memcpy(d,s,n)  hxlcl_memcpy((void *)(d), (const void *)(s), (size_t)(n))
      |         ^
/Library/Developer/CommandLineTools/SDKs/MacOSX.sdk/usr/include/secure/_string.h:234:9: note: previous definition is here
  234 | #define memcpy(...) __memcpy_chk_func (__VA_ARGS__)
      |         ^
/Users/ghost/core/hexa-lang/self/runtime.c:1159:9: warning: 'memset' macro redefined [-Wmacro-redefined]
 1159 | #define memset(p,c,n)  hxlcl_memset((void *)(p), (int)(c), (size_t)(n))
      |         ^
/Library/Developer/CommandLineTools/SDKs/MacOSX.sdk/usr/include/secure/_string.h:244:9: note: previous definition is here
  244 | #define memset(...) __memset_chk_func (__VA_ARGS__)
      |         ^
/Users/ghost/core/hexa-lang/self/runtime.c:1160:9: warning: 'memmove' macro redefined [-Wmacro-redefined]
 1160 | #define memmove(d,s,n) hxlcl_memmove((void *)(d), (const void *)(s), (size_t)(n))
      |         ^
/Library/Developer/CommandLineTools/SDKs/MacOSX.sdk/usr/include/secure/_string.h:239:9: note: previous definition is here
  239 | #define memmove(...) __memmove_chk_func (__VA_ARGS__)
      |         ^
/Users/ghost/core/hexa-lang/self/runtime.c:1161:9: warning: 'strncpy' macro redefined [-Wmacro-redefined]
 1161 | #define strncpy(d,s,n) hxlcl_strncpy((char *)(d), (const char *)(s), (size_t)(n))
      |         ^
/Library/Developer/CommandLineTools/SDKs/MacOSX.sdk/usr/include/secure/_string.h:259:9: note: previous definition is here
  259 | #define strncpy(...) __strncpy_chk_func (__VA_ARGS__)
      |         ^
/Users/ghost/core/hexa-lang/self/runtime.c:1162:9: warning: 'strcpy' macro redefined [-Wmacro-redefined]
 1162 | #define strcpy(d,s)    hxlcl_strcpy((char *)(d), (const char *)(s))
      |         ^
/Library/Developer/CommandLineTools/SDKs/MacOSX.sdk/usr/include/secure/_string.h:249:9: note: previous definition is here
  249 | #define strcpy(...) __strcpy_chk_func (__VA_ARGS__)
      |         ^
/Users/ghost/core/hexa-lang/self/runtime.c:1165:9: warning: 'snprintf' macro redefined [-Wmacro-redefined]
 1165 | #define snprintf(b,c,...)  hxlcl_snprintf((char *)(b), (size_t)(c), __VA_ARGS__)
      |         ^
/Library/Developer/CommandLineTools/SDKs/MacOSX.sdk/usr/include/secure/_stdio.h:119:9: note: previous definition is here
  119 | #define snprintf(str, len, ...) __snprintf_chk_func (str, len, 0, __VA_ARGS__)
      |         ^
/Users/ghost/core/hexa-lang/self/runtime.c:1166:9: warning: 'sprintf' macro redefined [-Wmacro-redefined]
 1166 | #define sprintf(b,...)     hxlcl_sprintf((char *)(b), __VA_ARGS__)
      |         ^
/Library/Developer/CommandLineTools/SDKs/MacOSX.sdk/usr/include/secure/_stdio.h:107:9: note: previous definition is here
  107 | #define sprintf(str, ...) __sprintf_chk_func (str, 0, __VA_ARGS__)
      |         ^
In file included from /Users/ghost/core/hexa-lang/self/runtime.c:1211:
/Users/ghost/core/hexa-lang/self/runtime_core.c:4193:11: warning: initializing 'char *' with an expression of type 'const char *' discards qualifiers [-Wincompatible-pointer-types-discards-qualifiers]
 4193 |     char* p = hxlcl_strstr(HX_STR(s), HX_STR(sub));
      |           ^   ~~~~~~~~~~~~~~~~~~~~~~~~~~~~~~~~~~~~
/Users/ghost/core/hexa-lang/self/runtime_core.c:5940:11: warning: initializing 'char *' with an expression of type 'const char *' discards qualifiers [-Wincompatible-pointer-types-discards-qualifiers]
 5940 |     char* pos = hxlcl_strstr(HX_STR(fmt), "{}");
      |           ^     ~~~~~~~~~~~~~~~~~~~~~~~~~~~~~~~
/Users/ghost/core/hexa-lang/self/runtime_core.c:5973:19: warning: initializing 'char *' with an expression of type 'const char *' discards qualifiers [-Wincompatible-pointer-types-discards-qualifiers]
 5973 |             char* close = hxlcl_strchr(src, '}');
      |                   ^       ~~~~~~~~~~~~~~~~~~~~~~
/Users/ghost/core/hexa-lang/self/runtime_core.c:6062:15: warning: initializing 'char *' with an expression of type 'const char *' discards qualifiers [-Wincompatible-pointer-types-discards-qualifiers]
 6062 |         char* found = hxlcl_strstr(pos, d);
      |               ^       ~~~~~~~~~~~~~~~~~~~~
/Users/ghost/core/hexa-lang/self/runtime_core.c:6118:15: warning: initializing 'char *' with an expression of type 'const char *' discards qualifiers [-Wincompatible-pointer-types-discards-qualifiers]
 6118 |         char* found = hxlcl_strstr(pos, HX_STR(old));
      |               ^       ~~~~~~~~~~~~~~~~~~~~~~~~~~~~~~
14 warnings generated.

error: clang compile failed — binary not produced: /Users/ghost/.cache/g1_smoke_build/smoke_aux_engine_lib_a343c07a.tmp.68897
[FAIL] rc=1 — /Users/ghost/core/anima/anima-physics/consciousness-loop/src/aux_engine_lib.hexa

=== BUILD: /Users/ghost/core/anima/anima-physics/consciousness-loop/src/aux_engine_smoke.hexa ===
=== Building /Users/ghost/core/anima/anima-physics/consciousness-loop/src/aux_engine_smoke.hexa -> /Users/ghost/.cache/g1_smoke_build/smoke_aux_engine_smoke_30601015 ===
  [flat] module_loader → /tmp/.hexa-runtime/hexa_build_expanded.41262834226000.tmp.hexa
  [1/2] HEXA_MEM_CAP_MB=4096 /Users/ghost/core/hexa-lang/self/native/hexa_v2 /tmp/.hexa-runtime/hexa_build_expanded.41262834226000.tmp.hexa build/artifacts/smoke_aux_engine_smoke_30601015.c 2>&1
    OK: build/artifacts/smoke_aux_engine_smoke_30601015.c

  [2/2] clang -O2 -DHEXA_HAS_LIBSODIUM -I/opt/homebrew/Cellar/libsodium/1.0.22/include -DHEXA_HAS_OPENSSL -I/opt/homebrew/Cellar/openssl@3/3.6.2/include -Wno-trigraphs -fbracket-depth=4096 -I '/Users/ghost/core/hexa-lang/self' build/artifacts/smoke_aux_engine_smoke_30601015.c '/Users/ghost/core/hexa-lang/self/runtime.c' -o '/Users/ghost/.cache/g1_smoke_build/smoke_aux_engine_smoke_30601015.tmp.70331' -lpthread -L/opt/homebrew/Cellar/libsodium/1.0.22/lib -lsodium -L/opt/homebrew/Cellar/openssl@3/3.6.2/lib -lssl -lcrypto 2>&1
    In file included from build/artifacts/smoke_aux_engine_smoke_30601015.c:2:
/Users/ghost/core/hexa-lang/self/runtime.h:349:28: warning: '/*' within block comment [-Wcomment]
  349 | /* ── Additional native/*.c forward-decls (auto-generated 2026-05-15) ──
      |                        ^
/Users/ghost/core/hexa-lang/self/runtime.h:350:36: warning: '/*' within block comment [-Wcomment]
  350 |  * Sourced from grep of self/native/*.c hexa_* definitions; ensures user.c
      |                                    ^
build/artifacts/smoke_aux_engine_smoke_30601015.c:298:60: error: call to undeclared function 'hexa_random'; ISO C99 and later do not support implicit function declarations [-Wimplicit-function-declaration]
  298 |                     hexa_array_push(row, hexa_mul(hexa_sub(hexa_random(), hexa_float(0.5)), scale));
      |                                                            ^
build/artifacts/smoke_aux_engine_smoke_30601015.c:298:60: error: passing 'int' to parameter of incompatible type 'HexaVal' (aka 'struct HexaVal_')
  298 |                     hexa_array_push(row, hexa_mul(hexa_sub(hexa_random(), hexa_float(0.5)), scale));
      |                                                            ^~~~~~~~~~~~~
/Users/ghost/core/hexa-lang/self/runtime.h:167:26: note: passing argument to parameter 'a' here
  167 | HexaVal hexa_sub(HexaVal a, HexaVal b);               /* runtime.c:5483 */
      |                          ^
build/artifacts/smoke_aux_engine_smoke_30601015.c:395:133: error: call to undeclared function 'hexa_random'; ISO C99 and later do not support implicit function declarations [-Wimplicit-function-declaration]
  395 |             hexa_array_push(identity, hexa_add(hexa_mul(hexa_float(sin(__hx_to_double(phase))), hexa_float(0.1)), hexa_mul(hexa_sub(hexa_random(), hexa_float(0.5)), hexa_float(0.02))));
      |                                                                                                                                     ^
build/artifacts/smoke_aux_engine_smoke_30601015.c:395:133: error: passing 'int' to parameter of incompatible type 'HexaVal' (aka 'struct HexaVal_')
  395 |             hexa_array_push(identity, hexa_add(hexa_mul(hexa_float(sin(__hx_to_double(phase))), hexa_float(0.1)), hexa_mul(hexa_sub(hexa_random(), hexa_float(0.5)), hexa_float(0.02))));
      |                                                                                                                                     ^~~~~~~~~~~~~
/Users/ghost/core/hexa-lang/self/runtime.h:148:36: note: expanded from macro 'hexa_add'
  148 |     ({ HexaVal __ha = (A), __hb = (B); \
      |                                    ^
/Users/ghost/core/hexa-lang/self/runtime.h:167:26: note: passing argument to parameter 'a' here
  167 | HexaVal hexa_sub(HexaVal a, HexaVal b);               /* runtime.c:5483 */
      |                          ^
build/artifacts/smoke_aux_engine_smoke_30601015.c:403:46: error: call to undeclared function 'hexa_random'; ISO C99 and later do not support implicit function declarations [-Wimplicit-function-declaration]
  403 |             hexa_array_push(hidden, hexa_mul(hexa_random(), scale));
      |                                              ^
build/artifacts/smoke_aux_engine_smoke_30601015.c:403:46: error: passing 'int' to parameter of incompatible type 'HexaVal' (aka 'struct HexaVal_')
  403 |             hexa_array_push(hidden, hexa_mul(hexa_random(), scale));
      |                                              ^~~~~~~~~~~~~
/Users/ghost/core/hexa-lang/self/runtime.h:168:26: note: passing argument to parameter 'a' here
  168 | HexaVal hexa_mul(HexaVal a, HexaVal b);               /* runtime.c:5488 */
      |                          ^
build/artifacts/smoke_aux_engine_smoke_30601015.c:554:56: error: call to undeclared function 'hexa_random'; ISO C99 and later do not support implicit function declarations [-Wimplicit-function-declaration]
  554 |     HexaVal parent_idx = hexa_mod(hexa_to_int(hexa_mul(hexa_random(), hexa_float(1000000000.0))), n);
      |                                                        ^
build/artifacts/smoke_aux_engine_smoke_30601015.c:554:56: error: passing 'int' to parameter of incompatible type 'HexaVal' (aka 'struct HexaVal_')
  554 |     HexaVal parent_idx = hexa_mod(hexa_to_int(hexa_mul(hexa_random(), hexa_float(1000000000.0))), n);
      |                                                        ^~~~~~~~~~~~~
/Users/ghost/core/hexa-lang/self/runtime.h:168:26: note: passing argument to parameter 'a' here
  168 | HexaVal hexa_mul(HexaVal a, HexaVal b);               /* runtime.c:5488 */
      |                          ^
build/artifacts/smoke_aux_engine_smoke_30601015.c:560:278: error: passing 'int' to parameter of incompatible type 'HexaVal' (aka 'struct HexaVal_')
  560 |             child = hexa_map_set(child, "hidden", hexa_index_set(hexa_map_get_ic(child, "hidden", &__hexa_ic_28), k, hexa_add(hexa_index_get(hexa_map_get_ic(hexa_index_get(hexa_map_get_ic(s, "cells", &__hexa_ic_26), parent_idx), "hidden", &__hexa_ic_27), k), hexa_mul(hexa_sub(hexa_random(), hexa_float(0.5)), hexa_float(0.1)))));
      |                                                                                                                                                                                                                                                                                      ^~~~~~~~~~~~~
/Users/ghost/core/hexa-lang/self/runtime.h:148:36: note: expanded from macro 'hexa_add'
  148 |     ({ HexaVal __ha = (A), __hb = (B); \
      |                                    ^
/Users/ghost/core/hexa-lang/self/runtime.h:167:26: note: passing argument to parameter 'a' here
  167 | HexaVal hexa_sub(HexaVal a, HexaVal b);               /* runtime.c:5483 */
      |                          ^
build/artifacts/smoke_aux_engine_smoke_30601015.c:754:132: error: call to undeclared function 'hexa_random'; ISO C99 and later do not support implicit function declarations [-Wimplicit-function-declaration]
  754 |                             nv = hexa_add(hexa_index_get(hexa_map_get_ic(new_cell, "hidden", &__hexa_ic_60), k), hexa_mul(hexa_sub(hexa_random(), hexa_float(0.5)), hexa_float(0.02)));
      |                                                                                                                                    ^
build/artifacts/smoke_aux_engine_smoke_30601015.c:754:132: error: passing 'int' to parameter of incompatible type 'HexaVal' (aka 'struct HexaVal_')
  754 |                             nv = hexa_add(hexa_index_get(hexa_map_get_ic(new_cell, "hidden", &__hexa_ic_60), k), hexa_mul(hexa_sub(hexa_random(), hexa_float(0.5)), hexa_float(0.02)));
      |                                                                                                                                    ^~~~~~~~~~~~~
/Users/ghost/core/hexa-lang/self/runtime.h:148:36: note: expanded from macro 'hexa_add'
  148 |     ({ HexaVal __ha = (A), __hb = (B); \
      |                                    ^
/Users/ghost/core/hexa-lang/self/runtime.h:167:26: note: passing argument to parameter 'a' here
  167 | HexaVal hexa_sub(HexaVal a, HexaVal b);               /* runtime.c:5483 */
      |                          ^
build/artifacts/smoke_aux_engine_smoke_30601015.c:1220:46: error: call to undeclared function 'hexa_random'; ISO C99 and later do not support implicit function declarations [-Wimplicit-function-declaration]
 1220 |             hexa_array_push(stream, hexa_mul(hexa_random(), hexa_float(0.5)));
      |                                              ^
build/artifacts/smoke_aux_engine_smoke_30601015.c:1220:46: error: passing 'int' to parameter of incompatible type 'HexaVal' (aka 'struct HexaVal_')
 1220 |             hexa_array_push(stream, hexa_mul(hexa_random(), hexa_float(0.5)));
      |                                              ^~~~~~~~~~~~~
/Users/ghost/core/hexa-lang/self/runtime.h:168:26: note: passing argument to parameter 'a' here
  168 | HexaVal hexa_mul(HexaVal a, HexaVal b);               /* runtime.c:5488 */
      |                          ^
build/artifacts/smoke_aux_engine_smoke_30601015.c:1281:101: error: call to undeclared function 'hexa_random'; ISO C99 and later do not support implicit function declarations [-Wimplicit-function-declaration]
 1281 |                     hexa_array_push(next_stream, hexa_add(hexa_index_get(out, i), hexa_mul(hexa_sub(hexa_random(), hexa_float(0.5)), hexa_float(0.03))));
      |                                                                                                     ^
build/artifacts/smoke_aux_engine_smoke_30601015.c:1281:101: error: passing 'int' to parameter of incompatible type 'HexaVal' (aka 'struct HexaVal_')
 1281 |                     hexa_array_push(next_stream, hexa_add(hexa_index_get(out, i), hexa_mul(hexa_sub(hexa_random(), hexa_float(0.5)), hexa_float(0.03))));
      |                                                                                                     ^~~~~~~~~~~~~
/Users/ghost/core/hexa-lang/self/runtime.h:148:36: note: expanded from macro 'hexa_add'
  148 |     ({ HexaVal __ha = (A), __hb = (B); \
      |                                    ^
/Users/ghost/core/hexa-lang/self/runtime.h:167:26: note: passing argument to parameter 'a' here
  167 | HexaVal hexa_sub(HexaVal a, HexaVal b);               /* runtime.c:5483 */
      |                          ^
2 warnings and 15 errors generated.
/Users/ghost/core/hexa-lang/self/runtime.c:1145:9: warning: 'strcat' macro redefined [-Wmacro-redefined]
 1145 | #define strcat(d,s)    hxlcl_strcat((char *)(d), (const char *)(s))
      |         ^
/Library/Developer/CommandLineTools/SDKs/MacOSX.sdk/usr/include/secure/_string.h:254:9: note: previous definition is here
  254 | #define strcat(...) __strcat_chk_func (__VA_ARGS__)
      |         ^
/Users/ghost/core/hexa-lang/self/runtime.c:1157:9: warning: 'bzero' macro redefined [-Wmacro-redefined]
 1157 | #define bzero(p,n)     hxlcl_bzero((void *)(p), (size_t)(n))
      |         ^
/Library/Developer/CommandLineTools/SDKs/MacOSX.sdk/usr/include/secure/_strings.h:90:9: note: previous definition is here
   90 | #define bzero(...) __bzero_chk_func (__VA_ARGS__)
      |         ^
/Users/ghost/core/hexa-lang/self/runtime.c:1158:9: warning: 'memcpy' macro redefined [-Wmacro-redefined]
 1158 | #define memcpy(d,s,n)  hxlcl_memcpy((void *)(d), (const void *)(s), (size_t)(n))
      |         ^
/Library/Developer/CommandLineTools/SDKs/MacOSX.sdk/usr/include/secure/_string.h:234:9: note: previous definition is here
  234 | #define memcpy(...) __memcpy_chk_func (__VA_ARGS__)
      |         ^
/Users/ghost/core/hexa-lang/self/runtime.c:1159:9: warning: 'memset' macro redefined [-Wmacro-redefined]
 1159 | #define memset(p,c,n)  hxlcl_memset((void *)(p), (int)(c), (size_t)(n))
      |         ^
/Library/Developer/CommandLineTools/SDKs/MacOSX.sdk/usr/include/secure/_string.h:244:9: note: previous definition is here
  244 | #define memset(...) __memset_chk_func (__VA_ARGS__)
      |         ^
/Users/ghost/core/hexa-lang/self/runtime.c:1160:9: warning: 'memmove' macro redefined [-Wmacro-redefined]
 1160 | #define memmove(d,s,n) hxlcl_memmove((void *)(d), (const void *)(s), (size_t)(n))
      |         ^
/Library/Developer/CommandLineTools/SDKs/MacOSX.sdk/usr/include/secure/_string.h:239:9: note: previous definition is here
  239 | #define memmove(...) __memmove_chk_func (__VA_ARGS__)
      |         ^
/Users/ghost/core/hexa-lang/self/runtime.c:1161:9: warning: 'strncpy' macro redefined [-Wmacro-redefined]
 1161 | #define strncpy(d,s,n) hxlcl_strncpy((char *)(d), (const char *)(s), (size_t)(n))
      |         ^
/Library/Developer/CommandLineTools/SDKs/MacOSX.sdk/usr/include/secure/_string.h:259:9: note: previous definition is here
  259 | #define strncpy(...) __strncpy_chk_func (__VA_ARGS__)
      |         ^
/Users/ghost/core/hexa-lang/self/runtime.c:1162:9: warning: 'strcpy' macro redefined [-Wmacro-redefined]
 1162 | #define strcpy(d,s)    hxlcl_strcpy((char *)(d), (const char *)(s))
      |         ^
/Library/Developer/CommandLineTools/SDKs/MacOSX.sdk/usr/include/secure/_string.h:249:9: note: previous definition is here
  249 | #define strcpy(...) __strcpy_chk_func (__VA_ARGS__)
      |         ^
/Users/ghost/core/hexa-lang/self/runtime.c:1165:9: warning: 'snprintf' macro redefined [-Wmacro-redefined]
 1165 | #define snprintf(b,c,...)  hxlcl_snprintf((char *)(b), (size_t)(c), __VA_ARGS__)
      |         ^
/Library/Developer/CommandLineTools/SDKs/MacOSX.sdk/usr/include/secure/_stdio.h:119:9: note: previous definition is here
  119 | #define snprintf(str, len, ...) __snprintf_chk_func (str, len, 0, __VA_ARGS__)
      |         ^
/Users/ghost/core/hexa-lang/self/runtime.c:1166:9: warning: 'sprintf' macro redefined [-Wmacro-redefined]
 1166 | #define sprintf(b,...)     hxlcl_sprintf((char *)(b), __VA_ARGS__)
      |         ^
/Library/Developer/CommandLineTools/SDKs/MacOSX.sdk/usr/include/secure/_stdio.h:107:9: note: previous definition is here
  107 | #define sprintf(str, ...) __sprintf_chk_func (str, 0, __VA_ARGS__)
      |         ^
In file included from /Users/ghost/core/hexa-lang/self/runtime.c:1211:
/Users/ghost/core/hexa-lang/self/runtime_core.c:4193:11: warning: initializing 'char *' with an expression of type 'const char *' discards qualifiers [-Wincompatible-pointer-types-discards-qualifiers]
 4193 |     char* p = hxlcl_strstr(HX_STR(s), HX_STR(sub));
      |           ^   ~~~~~~~~~~~~~~~~~~~~~~~~~~~~~~~~~~~~
/Users/ghost/core/hexa-lang/self/runtime_core.c:5940:11: warning: initializing 'char *' with an expression of type 'const char *' discards qualifiers [-Wincompatible-pointer-types-discards-qualifiers]
 5940 |     char* pos = hxlcl_strstr(HX_STR(fmt), "{}");
      |           ^     ~~~~~~~~~~~~~~~~~~~~~~~~~~~~~~~
/Users/ghost/core/hexa-lang/self/runtime_core.c:5973:19: warning: initializing 'char *' with an expression of type 'const char *' discards qualifiers [-Wincompatible-pointer-types-discards-qualifiers]
 5973 |             char* close = hxlcl_strchr(src, '}');
      |                   ^       ~~~~~~~~~~~~~~~~~~~~~~
/Users/ghost/core/hexa-lang/self/runtime_core.c:6062:15: warning: initializing 'char *' with an expression of type 'const char *' discards qualifiers [-Wincompatible-pointer-types-discards-qualifiers]
 6062 |         char* found = hxlcl_strstr(pos, d);
      |               ^       ~~~~~~~~~~~~~~~~~~~~
/Users/ghost/core/hexa-lang/self/runtime_core.c:6118:15: warning: initializing 'char *' with an expression of type 'const char *' discards qualifiers [-Wincompatible-pointer-types-discards-qualifiers]
 6118 |         char* found = hxlcl_strstr(pos, HX_STR(old));
      |               ^       ~~~~~~~~~~~~~~~~~~~~~~~~~~~~~~
14 warnings generated.

error: clang compile failed — binary not produced: /Users/ghost/.cache/g1_smoke_build/smoke_aux_engine_smoke_30601015.tmp.70331
[FAIL] rc=1 — /Users/ghost/core/anima/anima-physics/consciousness-loop/src/aux_engine_smoke.hexa

=== BUILD: /Users/ghost/core/anima/anima-physics/consciousness-loop/src/main_longrun.hexa ===
=== Building /Users/ghost/core/anima/anima-physics/consciousness-loop/src/main_longrun.hexa -> /Users/ghost/.cache/g1_smoke_build/smoke_main_longrun_b0568c77 ===
  [1/2] HEXA_MEM_CAP_MB=4096 /Users/ghost/core/hexa-lang/self/native/hexa_v2 /Users/ghost/core/anima/anima-physics/consciousness-loop/src/main_longrun.hexa build/artifacts/smoke_main_longrun_b0568c77.c 2>&1
    Parse error at 34:42: unexpected token BitAnd ('&')
Parse error at 34:43: expected RParen, got Ident ('engine')
Parse error at 34:49: unexpected token RParen (')')
Parse error at 37:34: unexpected token BitAnd ('&')
Parse error at 37:35: expected RParen, got Ident ('f')
Parse error at 37:36: unexpected token Comma (',')
Parse error at 37:41: unexpected token RParen (')')
Parse error at 45:28: unexpected token BitAnd ('&')
Parse error at 45:29: expected RParen, got Ident ('engine')
Parse error at 45:35: unexpected token Comma (',')
Parse error at 45:38: unexpected token RParen (')')
Parse error at 48:28: unexpected token BitAnd ('&')
Parse error at 48:29: expected RParen, got Ident ('engine')
Parse error at 48:35: unexpected token Comma (',')
Parse error at 48:38: unexpected token RParen (')')
Parse error at 49:41: unexpected token BitAnd ('&')
Parse error at 49:42: expected RParen, got Ident ('engine')
Parse error at 49:48: unexpected token Comma (',')
Parse error at 49:54: unexpected token RParen (')')
Parse error at 51:35: unexpected token BitAnd ('&')
Parse error at 51:36: expected RParen, got Ident ('engine')
Parse error at 51:42: unexpected token Comma (',')
Parse error at 51:48: unexpected token RParen (')')
Parse error at 52:34: unexpected token BitAnd ('&')
Parse error at 52:35: expected RParen, got Ident ('engine')
Parse error at 52:41: unexpected token RParen (')')
Parse error at 70:37: unexpected token BitAnd ('&')
Parse error at 70:38: expected RParen, got Ident ('engine')
Parse error at 70:44: unexpected token RParen (')')
Parse error at 72:40: unexpected token BitAnd ('&')
Parse error at 72:41: expected RParen, got Ident ('engine')
Parse error at 72:47: unexpected token RParen (')')
Parse error at 87:29: expected LBrace, got Ident ('or')
Parse error at 87:50: unexpected token LBrace ('{')
OK: build/artifacts/smoke_main_longrun_b0568c77.c

error: transpile failed (parse error) — /Users/ghost/core/anima/anima-physics/consciousness-loop/src/main_longrun.hexa
[FAIL] rc=1 — /Users/ghost/core/anima/anima-physics/consciousness-loop/src/main_longrun.hexa

=== BUILD: /Users/ghost/core/anima/anima-physics/consciousness-loop/src/main.hexa ===
=== Building /Users/ghost/core/anima/anima-physics/consciousness-loop/src/main.hexa -> /Users/ghost/.cache/g1_smoke_build/smoke_main_2ca5dd94 ===
  [1/2] HEXA_MEM_CAP_MB=4096 /Users/ghost/core/hexa-lang/self/native/hexa_v2 /Users/ghost/core/anima/anima-physics/consciousness-loop/src/main.hexa build/artifacts/smoke_main_2ca5dd94.c 2>&1
    Parse error at 75:31: unexpected token Plus ('+')
Parse error at 80:33: unexpected token Plus ('+')
Parse error at 118:43: unexpected token BitAnd ('&')
Parse error at 118:44: expected RParen, got Ident ('cell')
Parse error at 118:48: unexpected token Comma (',')
Parse error at 118:55: unexpected token RParen (')')
Parse error at 160:56: unexpected token BitAnd ('&')
Parse error at 160:57: expected RParen, got Ident ('faction')
Parse error at 160:64: unexpected token Comma (',')
Parse error at 160:71: unexpected token RParen (')')
Parse error at 164:58: unexpected token BitAnd ('&')
Parse error at 164:59: expected RParen, got Ident ('faction')
Parse error at 164:66: unexpected token Comma (',')
Parse error at 164:76: unexpected token RParen (')')
Parse error at 169:64: unexpected token BitAnd ('&')
Parse error at 169:65: expected RParen, got Ident ('f')
Parse error at 169:66: unexpected token RParen (')')
Parse error at 169:67: unexpected token RParen (')')
Parse error at 191:64: unexpected token BitAnd ('&')
Parse error at 191:65: expected RParen, got Ident ('f')
Parse error at 191:66: unexpected token RParen (')')
Parse error at 191:67: unexpected token RParen (')')
Parse error at 232:45: unexpected token BitAnd ('&')
Parse error at 232:46: expected RParen, got Ident ('c')
Parse error at 232:54: unexpected token RParen (')')
Parse error at 254:45: unexpected token BitAnd ('&')
Parse error at 254:46: expected RParen, got Ident ('faction')
Parse error at 254:53: unexpected token RParen (')')
Parse error at 269:64: unexpected token BitAnd ('&')
Parse error at 269:65: expected RParen, got Ident ('f')
Parse error at 269:66: unexpected token RParen (')')
Parse error at 269:67: unexpected token RParen (')')
Parse error at 308:46: unexpected token BitAnd ('&')
Parse error at 308:47: expected RParen, got Ident ('engine')
Parse error at 308:53: unexpected token RParen (')')
Parse error at 311:34: unexpected token BitAnd ('&')
Parse error at 311:35: expected RParen, got Ident ('faction')
Parse error at 311:42: unexpected token Comma (',')
Parse error at 311:51: unexpected token RParen (')')
Parse error at 317:28: unexpected token BitAnd ('&')
Parse error at 317:29: expected RParen, got Ident ('engine')
Parse error at 317:35: unexpected token Comma (',')
Parse error at 317:48: unexpected token RParen (')')
Parse error at 318:39: unexpected token BitAnd ('&')
Parse error at 318:40: expected RParen, got Ident ('engine')
Parse error at 318:46: unexpected token Comma (',')
Parse error at 318:52: unexpected token RParen (')')
Parse error at 319:38: unexpected token BitAnd ('&')
OK: build/artifacts/smoke_main_2ca5dd94.c

error: transpile failed (parse error) — /Users/ghost/core/anima/anima-physics/consciousness-loop/src/main.hexa
[FAIL] rc=1 — /Users/ghost/core/anima/anima-physics/consciousness-loop/src/main.hexa

=== BUILD: /Users/ghost/core/anima/anima-physics/consciousness-loop/src/snn_main.hexa ===
=== Building /Users/ghost/core/anima/anima-physics/consciousness-loop/src/snn_main.hexa -> /Users/ghost/.cache/g1_smoke_build/smoke_snn_main_a25ea9c6 ===
  [1/2] HEXA_MEM_CAP_MB=4096 /Users/ghost/core/hexa-lang/self/native/hexa_v2 /Users/ghost/core/anima/anima-physics/consciousness-loop/src/snn_main.hexa build/artifacts/smoke_snn_main_a25ea9c6.c 2>&1
    Parse error at 79:55: unexpected token BitAnd ('&')
Parse error at 79:56: expected RParen, got Ident ('neuron')
Parse error at 79:62: unexpected token Comma (',')
Parse error at 79:69: unexpected token RParen (')')
Parse error at 79:70: unexpected token RParen (')')
Parse error at 86:62: unexpected token BitAnd ('&')
Parse error at 86:63: expected RParen, got Ident ('neuron')
Parse error at 86:69: unexpected token RParen (')')
Parse error at 93:84: unexpected token BitAnd ('&')
Parse error at 93:85: expected RParen, got Ident ('self')
Parse error at 93:100: unexpected token RParen (')')
Parse error at 115:42: unexpected token BitAnd ('&')
Parse error at 115:43: expected RParen, got Ident ('f')
Parse error at 115:44: unexpected token Comma (',')
Parse error at 115:51: unexpected token RParen (')')
Parse error at 123:32: unexpected token BitAnd ('&')
Parse error at 123:33: expected RParen, got Ident ('f')
Parse error at 123:34: unexpected token RParen (')')
Parse error at 131:54: unexpected token BitAnd ('&')
Parse error at 131:55: expected RParen, got Ident ('f')
Parse error at 131:56: unexpected token RParen (')')
Parse error at 131:57: unexpected token RParen (')')
Parse error at 160:44: unexpected token BitAnd ('&')
Parse error at 160:45: expected RParen, got Ident ('engine')
Parse error at 160:51: unexpected token RParen (')')
Parse error at 167:17: unexpected token BitAnd ('&')
Parse error at 167:18: expected RParen, got Ident ('engine')
Parse error at 167:24: unexpected token Comma (',')
Parse error at 167:32: unexpected token RParen (')')
Parse error at 168:33: unexpected token BitAnd ('&')
Parse error at 168:34: expected RParen, got Ident ('engine')
Parse error at 168:40: unexpected token RParen (')')
Parse error at 170:36: unexpected token BitAnd ('&')
Parse error at 170:37: expected RParen, got Ident ('engine')
Parse error at 170:43: unexpected token RParen (')')
Parse error at 172:28: expected LBrace, got Ident ('or')
Parse error at 172:49: unexpected token LBrace ('{')
Parse error at 174:79: unexpected token BitAnd ('&')
Parse error at 174:80: expected RParen, got Ident ('f')
Parse error at 174:81: unexpected token RParen (')')
Parse error at 194:17: unexpected token BitAnd ('&')
Parse error at 194:18: expected RParen, got Ident ('engine2')
Parse error at 194:25: unexpected token Comma (',')
Parse error at 194:31: unexpected token RParen (')')
Parse error at 196:64: unexpected token BitAnd ('&')
Parse error at 196:65: expected RParen, got Ident ('f')
Parse error at 196:66: unexpected token RParen (')')
OK: build/artifacts/smoke_snn_main_a25ea9c6.c

error: transpile failed (parse error) — /Users/ghost/core/anima/anima-physics/consciousness-loop/src/snn_main.hexa
[FAIL] rc=1 — /Users/ghost/core/anima/anima-physics/consciousness-loop/src/snn_main.hexa

=== BUILD: /Users/ghost/core/anima/anima-physics/edge_deploy.hexa ===
=== Building /Users/ghost/core/anima/anima-physics/edge_deploy.hexa -> /Users/ghost/.cache/g1_smoke_build/smoke_edge_deploy_a76266b8 ===
  [1/2] HEXA_MEM_CAP_MB=4096 /Users/ghost/core/hexa-lang/self/native/hexa_v2 /Users/ghost/core/anima/anima-physics/edge_deploy.hexa build/artifacts/smoke_edge_deploy_a76266b8.c 2>&1
    Parse error at 231:5: expected identifier, got Fn ('fn')
Parse error at 231:5: expected Colon, got Fn ('fn')
Parse error at 231:8: expected LParen, got Ident ('write')
Parse error at 231:13: expected RParen, got LParen ('(')
Parse error at 231:13: expected LBrace, got LParen ('(')
Parse error at 231:18: expected RParen, got Colon (':')
Parse error at 231:18: unexpected token Colon (':')
Parse error at 231:23: unexpected token RParen (')')
Parse error at 233:5: expected LBrace, got Fn ('fn')
Parse error at 234:1: expected LBrace, got RBrace ('}')
Parse error at 237:5: expected identifier, got Fn ('fn')
Parse error at 237:5: expected Colon, got Fn ('fn')
Parse error at 237:8: expected LParen, got Ident ('serial_open')
Parse error at 237:19: expected RParen, got LParen ('(')
Parse error at 237:19: expected LBrace, got LParen ('(')
Parse error at 237:24: expected RParen, got Colon (':')
Parse error at 237:24: unexpected token Colon (':')
Parse error at 237:29: unexpected token Comma (',')
Parse error at 237:35: unexpected token Colon (':')
Parse error at 237:40: unexpected token RParen (')')
Parse error at 237:42: unexpected token Arrow ('->')
Parse error at 239:5: expected LBrace, got Fn ('fn')
Parse error at 240:5: expected LBrace, got Fn ('fn')
Parse error at 241:1: expected LBrace, got RBrace ('}')
Parse error at 280:73: expected LBrace, got Not ('!')
Parse error at 280:79: unexpected token LBrace ('{')
Parse error at 283:25: unexpected token RParen (')')
Parse error at 283:26: expected RParen, got Newline ('
')
Parse error at 288:27: unexpected token RParen (')')
Parse error at 288:33: expected RParen, got Newline ('
')
Parse error at 315:45: expected LBrace, got Not ('!')
Parse error at 315:59: unexpected token LBrace ('{')
Parse error at 317:37: expected RParen, got Comma (',')
Parse error at 317:37: unexpected token Comma (',')
Parse error at 317:45: unexpected token RParen (')')
Parse error at 321:31: unexpected token LBrace ('{')
Parse error at 322:9: expected RParen, got StringLit ('cmd')
Parse error at 322:14: unexpected token Colon (':')
Parse error at 322:24: unexpected token Comma (',')
Parse error at 323:16: unexpected token Colon (':')
Parse error at 323:28: unexpected token Comma (',')
Parse error at 324:17: unexpected token Colon (':')
Parse error at 324:25: unexpected token Comma (',')
Parse error at 325:26: unexpected token Colon (':')
Parse error at 325:29: unexpected token Comma (',')
Parse error at 326:26: unexpected token Colon (':')
Parse error at 327:6: unexpected token RParen (')')
Parse error at 328:27: expected RParen, got Comma (',')
Parse error at 328:27: unexpected token Comma (',')
Parse error at 328:54: unexpected token RParen (')')
OK: build/artifacts/smoke_edge_deploy_a76266b8.c

error: transpile failed (parse error) — /Users/ghost/core/anima/anima-physics/edge_deploy.hexa
[FAIL] rc=1 — /Users/ghost/core/anima/anima-physics/edge_deploy.hexa

=== BUILD: /Users/ghost/core/anima/anima-physics/eeg/cross_substrate_phi_correlator.hexa ===
=== Building /Users/ghost/core/anima/anima-physics/eeg/cross_substrate_phi_correlator.hexa -> /Users/ghost/.cache/g1_smoke_build/smoke_cross_substrate_phi_correlator_8811c8a8 ===
  [1/2] HEXA_MEM_CAP_MB=4096 /Users/ghost/core/hexa-lang/self/native/hexa_v2 /Users/ghost/core/anima/anima-physics/eeg/cross_substrate_phi_correlator.hexa build/artifacts/smoke_cross_substrate_phi_correlator_8811c8a8.c 2>&1
    OK: build/artifacts/smoke_cross_substrate_phi_correlator_8811c8a8.c

  [2/2] clang -O2 -DHEXA_HAS_LIBSODIUM -I/opt/homebrew/Cellar/libsodium/1.0.22/include -DHEXA_HAS_OPENSSL -I/opt/homebrew/Cellar/openssl@3/3.6.2/include -Wno-trigraphs -fbracket-depth=4096 -I '/Users/ghost/core/hexa-lang/self' build/artifacts/smoke_cross_substrate_phi_correlator_8811c8a8.c '/Users/ghost/core/hexa-lang/self/runtime.c' -o '/Users/ghost/.cache/g1_smoke_build/smoke_cross_substrate_phi_correlator_8811c8a8.tmp.72862' -lpthread -L/opt/homebrew/Cellar/libsodium/1.0.22/lib -lsodium -L/opt/homebrew/Cellar/openssl@3/3.6.2/lib -lssl -lcrypto 2>&1
    In file included from build/artifacts/smoke_cross_substrate_phi_correlator_8811c8a8.c:2:
/Users/ghost/core/hexa-lang/self/runtime.h:349:28: warning: '/*' within block comment [-Wcomment]
  349 | /* ── Additional native/*.c forward-decls (auto-generated 2026-05-15) ──
      |                        ^
/Users/ghost/core/hexa-lang/self/runtime.h:350:36: warning: '/*' within block comment [-Wcomment]
  350 |  * Sourced from grep of self/native/*.c hexa_* definitions; ensures user.c
      |                                    ^
2 warnings generated.
/Users/ghost/core/hexa-lang/self/runtime.c:1145:9: warning: 'strcat' macro redefined [-Wmacro-redefined]
 1145 | #define strcat(d,s)    hxlcl_strcat((char *)(d), (const char *)(s))
      |         ^
/Library/Developer/CommandLineTools/SDKs/MacOSX.sdk/usr/include/secure/_string.h:254:9: note: previous definition is here
  254 | #define strcat(...) __strcat_chk_func (__VA_ARGS__)
      |         ^
/Users/ghost/core/hexa-lang/self/runtime.c:1157:9: warning: 'bzero' macro redefined [-Wmacro-redefined]
 1157 | #define bzero(p,n)     hxlcl_bzero((void *)(p), (size_t)(n))
      |         ^
/Library/Developer/CommandLineTools/SDKs/MacOSX.sdk/usr/include/secure/_strings.h:90:9: note: previous definition is here
   90 | #define bzero(...) __bzero_chk_func (__VA_ARGS__)
      |         ^
/Users/ghost/core/hexa-lang/self/runtime.c:1158:9: warning: 'memcpy' macro redefined [-Wmacro-redefined]
 1158 | #define memcpy(d,s,n)  hxlcl_memcpy((void *)(d), (const void *)(s), (size_t)(n))
      |         ^
/Library/Developer/CommandLineTools/SDKs/MacOSX.sdk/usr/include/secure/_string.h:234:9: note: previous definition is here
  234 | #define memcpy(...) __memcpy_chk_func (__VA_ARGS__)
      |         ^
/Users/ghost/core/hexa-lang/self/runtime.c:1159:9: warning: 'memset' macro redefined [-Wmacro-redefined]
 1159 | #define memset(p,c,n)  hxlcl_memset((void *)(p), (int)(c), (size_t)(n))
      |         ^
/Library/Developer/CommandLineTools/SDKs/MacOSX.sdk/usr/include/secure/_string.h:244:9: note: previous definition is here
  244 | #define memset(...) __memset_chk_func (__VA_ARGS__)
      |         ^
/Users/ghost/core/hexa-lang/self/runtime.c:1160:9: warning: 'memmove' macro redefined [-Wmacro-redefined]
 1160 | #define memmove(d,s,n) hxlcl_memmove((void *)(d), (const void *)(s), (size_t)(n))
      |         ^
/Library/Developer/CommandLineTools/SDKs/MacOSX.sdk/usr/include/secure/_string.h:239:9: note: previous definition is here
  239 | #define memmove(...) __memmove_chk_func (__VA_ARGS__)
      |         ^
/Users/ghost/core/hexa-lang/self/runtime.c:1161:9: warning: 'strncpy' macro redefined [-Wmacro-redefined]
 1161 | #define strncpy(d,s,n) hxlcl_strncpy((char *)(d), (const char *)(s), (size_t)(n))
      |         ^
/Library/Developer/CommandLineTools/SDKs/MacOSX.sdk/usr/include/secure/_string.h:259:9: note: previous definition is here
  259 | #define strncpy(...) __strncpy_chk_func (__VA_ARGS__)
      |         ^
/Users/ghost/core/hexa-lang/self/runtime.c:1162:9: warning: 'strcpy' macro redefined [-Wmacro-redefined]
 1162 | #define strcpy(d,s)    hxlcl_strcpy((char *)(d), (const char *)(s))
      |         ^
/Library/Developer/CommandLineTools/SDKs/MacOSX.sdk/usr/include/secure/_string.h:249:9: note: previous definition is here
  249 | #define strcpy(...) __strcpy_chk_func (__VA_ARGS__)
      |         ^
/Users/ghost/core/hexa-lang/self/runtime.c:1165:9: warning: 'snprintf' macro redefined [-Wmacro-redefined]
 1165 | #define snprintf(b,c,...)  hxlcl_snprintf((char *)(b), (size_t)(c), __VA_ARGS__)
      |         ^
/Library/Developer/CommandLineTools/SDKs/MacOSX.sdk/usr/include/secure/_stdio.h:119:9: note: previous definition is here
  119 | #define snprintf(str, len, ...) __snprintf_chk_func (str, len, 0, __VA_ARGS__)
      |         ^
/Users/ghost/core/hexa-lang/self/runtime.c:1166:9: warning: 'sprintf' macro redefined [-Wmacro-redefined]
 1166 | #define sprintf(b,...)     hxlcl_sprintf((char *)(b), __VA_ARGS__)
      |         ^
/Library/Developer/CommandLineTools/SDKs/MacOSX.sdk/usr/include/secure/_stdio.h:107:9: note: previous definition is here
  107 | #define sprintf(str, ...) __sprintf_chk_func (str, 0, __VA_ARGS__)
      |         ^
In file included from /Users/ghost/core/hexa-lang/self/runtime.c:1211:
/Users/ghost/core/hexa-lang/self/runtime_core.c:4193:11: warning: initializing 'char *' with an expression of type 'const char *' discards qualifiers [-Wincompatible-pointer-types-discards-qualifiers]
 4193 |     char* p = hxlcl_strstr(HX_STR(s), HX_STR(sub));
      |           ^   ~~~~~~~~~~~~~~~~~~~~~~~~~~~~~~~~~~~~
/Users/ghost/core/hexa-lang/self/runtime_core.c:5940:11: warning: initializing 'char *' with an expression of type 'const char *' discards qualifiers [-Wincompatible-pointer-types-discards-qualifiers]
 5940 |     char* pos = hxlcl_strstr(HX_STR(fmt), "{}");
      |           ^     ~~~~~~~~~~~~~~~~~~~~~~~~~~~~~~~
/Users/ghost/core/hexa-lang/self/runtime_core.c:5973:19: warning: initializing 'char *' with an expression of type 'const char *' discards qualifiers [-Wincompatible-pointer-types-discards-qualifiers]
 5973 |             char* close = hxlcl_strchr(src, '}');
      |                   ^       ~~~~~~~~~~~~~~~~~~~~~~
/Users/ghost/core/hexa-lang/self/runtime_core.c:6062:15: warning: initializing 'char *' with an expression of type 'const char *' discards qualifiers [-Wincompatible-pointer-types-discards-qualifiers]
 6062 |         char* found = hxlcl_strstr(pos, d);
      |               ^       ~~~~~~~~~~~~~~~~~~~~
/Users/ghost/core/hexa-lang/self/runtime_core.c:6118:15: warning: initializing 'char *' with an expression of type 'const char *' discards qualifiers [-Wincompatible-pointer-types-discards-qualifiers]
 6118 |         char* found = hxlcl_strstr(pos, HX_STR(old));
      |               ^       ~~~~~~~~~~~~~~~~~~~~~~~~~~~~~~
14 warnings generated.

OK: built /Users/ghost/.cache/g1_smoke_build/smoke_cross_substrate_phi_correlator_8811c8a8
[PASS] rc=0 — /Users/ghost/core/anima/anima-physics/eeg/cross_substrate_phi_correlator.hexa

=== BUILD: /Users/ghost/core/anima/anima-physics/eeg/mu_rhythm_detector.hexa ===
=== Building /Users/ghost/core/anima/anima-physics/eeg/mu_rhythm_detector.hexa -> /Users/ghost/.cache/g1_smoke_build/smoke_mu_rhythm_detector_4a3fd1a6 ===
  [1/2] HEXA_MEM_CAP_MB=4096 /Users/ghost/core/hexa-lang/self/native/hexa_v2 /Users/ghost/core/anima/anima-physics/eeg/mu_rhythm_detector.hexa build/artifacts/smoke_mu_rhythm_detector_4a3fd1a6.c 2>&1
    OK: build/artifacts/smoke_mu_rhythm_detector_4a3fd1a6.c

  [2/2] clang -O2 -DHEXA_HAS_LIBSODIUM -I/opt/homebrew/Cellar/libsodium/1.0.22/include -DHEXA_HAS_OPENSSL -I/opt/homebrew/Cellar/openssl@3/3.6.2/include -Wno-trigraphs -fbracket-depth=4096 -I '/Users/ghost/core/hexa-lang/self' build/artifacts/smoke_mu_rhythm_detector_4a3fd1a6.c '/Users/ghost/core/hexa-lang/self/runtime.c' -o '/Users/ghost/.cache/g1_smoke_build/smoke_mu_rhythm_detector_4a3fd1a6.tmp.74714' -lpthread -L/opt/homebrew/Cellar/libsodium/1.0.22/lib -lsodium -L/opt/homebrew/Cellar/openssl@3/3.6.2/lib -lssl -lcrypto 2>&1
    In file included from build/artifacts/smoke_mu_rhythm_detector_4a3fd1a6.c:2:
/Users/ghost/core/hexa-lang/self/runtime.h:349:28: warning: '/*' within block comment [-Wcomment]
  349 | /* ── Additional native/*.c forward-decls (auto-generated 2026-05-15) ──
      |                        ^
/Users/ghost/core/hexa-lang/self/runtime.h:350:36: warning: '/*' within block comment [-Wcomment]
  350 |  * Sourced from grep of self/native/*.c hexa_* definitions; ensures user.c
      |                                    ^
2 warnings generated.
/Users/ghost/core/hexa-lang/self/runtime.c:1145:9: warning: 'strcat' macro redefined [-Wmacro-redefined]
 1145 | #define strcat(d,s)    hxlcl_strcat((char *)(d), (const char *)(s))
      |         ^
/Library/Developer/CommandLineTools/SDKs/MacOSX.sdk/usr/include/secure/_string.h:254:9: note: previous definition is here
  254 | #define strcat(...) __strcat_chk_func (__VA_ARGS__)
      |         ^
/Users/ghost/core/hexa-lang/self/runtime.c:1157:9: warning: 'bzero' macro redefined [-Wmacro-redefined]
 1157 | #define bzero(p,n)     hxlcl_bzero((void *)(p), (size_t)(n))
      |         ^
/Library/Developer/CommandLineTools/SDKs/MacOSX.sdk/usr/include/secure/_strings.h:90:9: note: previous definition is here
   90 | #define bzero(...) __bzero_chk_func (__VA_ARGS__)
      |         ^
/Users/ghost/core/hexa-lang/self/runtime.c:1158:9: warning: 'memcpy' macro redefined [-Wmacro-redefined]
 1158 | #define memcpy(d,s,n)  hxlcl_memcpy((void *)(d), (const void *)(s), (size_t)(n))
      |         ^
/Library/Developer/CommandLineTools/SDKs/MacOSX.sdk/usr/include/secure/_string.h:234:9: note: previous definition is here
  234 | #define memcpy(...) __memcpy_chk_func (__VA_ARGS__)
      |         ^
/Users/ghost/core/hexa-lang/self/runtime.c:1159:9: warning: 'memset' macro redefined [-Wmacro-redefined]
 1159 | #define memset(p,c,n)  hxlcl_memset((void *)(p), (int)(c), (size_t)(n))
      |         ^
/Library/Developer/CommandLineTools/SDKs/MacOSX.sdk/usr/include/secure/_string.h:244:9: note: previous definition is here
  244 | #define memset(...) __memset_chk_func (__VA_ARGS__)
      |         ^
/Users/ghost/core/hexa-lang/self/runtime.c:1160:9: warning: 'memmove' macro redefined [-Wmacro-redefined]
 1160 | #define memmove(d,s,n) hxlcl_memmove((void *)(d), (const void *)(s), (size_t)(n))
      |         ^
/Library/Developer/CommandLineTools/SDKs/MacOSX.sdk/usr/include/secure/_string.h:239:9: note: previous definition is here
  239 | #define memmove(...) __memmove_chk_func (__VA_ARGS__)
      |         ^
/Users/ghost/core/hexa-lang/self/runtime.c:1161:9: warning: 'strncpy' macro redefined [-Wmacro-redefined]
 1161 | #define strncpy(d,s,n) hxlcl_strncpy((char *)(d), (const char *)(s), (size_t)(n))
      |         ^
/Library/Developer/CommandLineTools/SDKs/MacOSX.sdk/usr/include/secure/_string.h:259:9: note: previous definition is here
  259 | #define strncpy(...) __strncpy_chk_func (__VA_ARGS__)
      |         ^
/Users/ghost/core/hexa-lang/self/runtime.c:1162:9: warning: 'strcpy' macro redefined [-Wmacro-redefined]
 1162 | #define strcpy(d,s)    hxlcl_strcpy((char *)(d), (const char *)(s))
      |         ^
/Library/Developer/CommandLineTools/SDKs/MacOSX.sdk/usr/include/secure/_string.h:249:9: note: previous definition is here
  249 | #define strcpy(...) __strcpy_chk_func (__VA_ARGS__)
      |         ^
/Users/ghost/core/hexa-lang/self/runtime.c:1165:9: warning: 'snprintf' macro redefined [-Wmacro-redefined]
 1165 | #define snprintf(b,c,...)  hxlcl_snprintf((char *)(b), (size_t)(c), __VA_ARGS__)
      |         ^
/Library/Developer/CommandLineTools/SDKs/MacOSX.sdk/usr/include/secure/_stdio.h:119:9: note: previous definition is here
  119 | #define snprintf(str, len, ...) __snprintf_chk_func (str, len, 0, __VA_ARGS__)
      |         ^
/Users/ghost/core/hexa-lang/self/runtime.c:1166:9: warning: 'sprintf' macro redefined [-Wmacro-redefined]
 1166 | #define sprintf(b,...)     hxlcl_sprintf((char *)(b), __VA_ARGS__)
      |         ^
/Library/Developer/CommandLineTools/SDKs/MacOSX.sdk/usr/include/secure/_stdio.h:107:9: note: previous definition is here
  107 | #define sprintf(str, ...) __sprintf_chk_func (str, 0, __VA_ARGS__)
      |         ^
In file included from /Users/ghost/core/hexa-lang/self/runtime.c:1211:
/Users/ghost/core/hexa-lang/self/runtime_core.c:4193:11: warning: initializing 'char *' with an expression of type 'const char *' discards qualifiers [-Wincompatible-pointer-types-discards-qualifiers]
 4193 |     char* p = hxlcl_strstr(HX_STR(s), HX_STR(sub));
      |           ^   ~~~~~~~~~~~~~~~~~~~~~~~~~~~~~~~~~~~~
/Users/ghost/core/hexa-lang/self/runtime_core.c:5940:11: warning: initializing 'char *' with an expression of type 'const char *' discards qualifiers [-Wincompatible-pointer-types-discards-qualifiers]
 5940 |     char* pos = hxlcl_strstr(HX_STR(fmt), "{}");
      |           ^     ~~~~~~~~~~~~~~~~~~~~~~~~~~~~~~~
/Users/ghost/core/hexa-lang/self/runtime_core.c:5973:19: warning: initializing 'char *' with an expression of type 'const char *' discards qualifiers [-Wincompatible-pointer-types-discards-qualifiers]
 5973 |             char* close = hxlcl_strchr(src, '}');
      |                   ^       ~~~~~~~~~~~~~~~~~~~~~~
/Users/ghost/core/hexa-lang/self/runtime_core.c:6062:15: warning: initializing 'char *' with an expression of type 'const char *' discards qualifiers [-Wincompatible-pointer-types-discards-qualifiers]
 6062 |         char* found = hxlcl_strstr(pos, d);
      |               ^       ~~~~~~~~~~~~~~~~~~~~
/Users/ghost/core/hexa-lang/self/runtime_core.c:6118:15: warning: initializing 'char *' with an expression of type 'const char *' discards qualifiers [-Wincompatible-pointer-types-discards-qualifiers]
 6118 |         char* found = hxlcl_strstr(pos, HX_STR(old));
      |               ^       ~~~~~~~~~~~~~~~~~~~~~~~~~~~~~~
14 warnings generated.

OK: built /Users/ghost/.cache/g1_smoke_build/smoke_mu_rhythm_detector_4a3fd1a6
[PASS] rc=0 — /Users/ghost/core/anima/anima-physics/eeg/mu_rhythm_detector.hexa

=== BUILD: /Users/ghost/core/anima/anima-physics/eeg/sleep_stage_detector.hexa ===
=== Building /Users/ghost/core/anima/anima-physics/eeg/sleep_stage_detector.hexa -> /Users/ghost/.cache/g1_smoke_build/smoke_sleep_stage_detector_c4d7d7b9 ===
  [1/2] HEXA_MEM_CAP_MB=4096 /Users/ghost/core/hexa-lang/self/native/hexa_v2 /Users/ghost/core/anima/anima-physics/eeg/sleep_stage_detector.hexa build/artifacts/smoke_sleep_stage_detector_c4d7d7b9.c 2>&1
    OK: build/artifacts/smoke_sleep_stage_detector_c4d7d7b9.c

  [2/2] clang -O2 -DHEXA_HAS_LIBSODIUM -I/opt/homebrew/Cellar/libsodium/1.0.22/include -DHEXA_HAS_OPENSSL -I/opt/homebrew/Cellar/openssl@3/3.6.2/include -Wno-trigraphs -fbracket-depth=4096 -I '/Users/ghost/core/hexa-lang/self' build/artifacts/smoke_sleep_stage_detector_c4d7d7b9.c '/Users/ghost/core/hexa-lang/self/runtime.c' -o '/Users/ghost/.cache/g1_smoke_build/smoke_sleep_stage_detector_c4d7d7b9.tmp.77158' -lpthread -L/opt/homebrew/Cellar/libsodium/1.0.22/lib -lsodium -L/opt/homebrew/Cellar/openssl@3/3.6.2/lib -lssl -lcrypto 2>&1
    In file included from build/artifacts/smoke_sleep_stage_detector_c4d7d7b9.c:2:
/Users/ghost/core/hexa-lang/self/runtime.h:349:28: warning: '/*' within block comment [-Wcomment]
  349 | /* ── Additional native/*.c forward-decls (auto-generated 2026-05-15) ──
      |                        ^
/Users/ghost/core/hexa-lang/self/runtime.h:350:36: warning: '/*' within block comment [-Wcomment]
  350 |  * Sourced from grep of self/native/*.c hexa_* definitions; ensures user.c
      |                                    ^
2 warnings generated.
/Users/ghost/core/hexa-lang/self/runtime.c:1145:9: warning: 'strcat' macro redefined [-Wmacro-redefined]
 1145 | #define strcat(d,s)    hxlcl_strcat((char *)(d), (const char *)(s))
      |         ^
/Library/Developer/CommandLineTools/SDKs/MacOSX.sdk/usr/include/secure/_string.h:254:9: note: previous definition is here
  254 | #define strcat(...) __strcat_chk_func (__VA_ARGS__)
      |         ^
/Users/ghost/core/hexa-lang/self/runtime.c:1157:9: warning: 'bzero' macro redefined [-Wmacro-redefined]
 1157 | #define bzero(p,n)     hxlcl_bzero((void *)(p), (size_t)(n))
      |         ^
/Library/Developer/CommandLineTools/SDKs/MacOSX.sdk/usr/include/secure/_strings.h:90:9: note: previous definition is here
   90 | #define bzero(...) __bzero_chk_func (__VA_ARGS__)
      |         ^
/Users/ghost/core/hexa-lang/self/runtime.c:1158:9: warning: 'memcpy' macro redefined [-Wmacro-redefined]
 1158 | #define memcpy(d,s,n)  hxlcl_memcpy((void *)(d), (const void *)(s), (size_t)(n))
      |         ^
/Library/Developer/CommandLineTools/SDKs/MacOSX.sdk/usr/include/secure/_string.h:234:9: note: previous definition is here
  234 | #define memcpy(...) __memcpy_chk_func (__VA_ARGS__)
      |         ^
/Users/ghost/core/hexa-lang/self/runtime.c:1159:9: warning: 'memset' macro redefined [-Wmacro-redefined]
 1159 | #define memset(p,c,n)  hxlcl_memset((void *)(p), (int)(c), (size_t)(n))
      |         ^
/Library/Developer/CommandLineTools/SDKs/MacOSX.sdk/usr/include/secure/_string.h:244:9: note: previous definition is here
  244 | #define memset(...) __memset_chk_func (__VA_ARGS__)
      |         ^
/Users/ghost/core/hexa-lang/self/runtime.c:1160:9: warning: 'memmove' macro redefined [-Wmacro-redefined]
 1160 | #define memmove(d,s,n) hxlcl_memmove((void *)(d), (const void *)(s), (size_t)(n))
      |         ^
/Library/Developer/CommandLineTools/SDKs/MacOSX.sdk/usr/include/secure/_string.h:239:9: note: previous definition is here
  239 | #define memmove(...) __memmove_chk_func (__VA_ARGS__)
      |         ^
/Users/ghost/core/hexa-lang/self/runtime.c:1161:9: warning: 'strncpy' macro redefined [-Wmacro-redefined]
 1161 | #define strncpy(d,s,n) hxlcl_strncpy((char *)(d), (const char *)(s), (size_t)(n))
      |         ^
/Library/Developer/CommandLineTools/SDKs/MacOSX.sdk/usr/include/secure/_string.h:259:9: note: previous definition is here
  259 | #define strncpy(...) __strncpy_chk_func (__VA_ARGS__)
      |         ^
/Users/ghost/core/hexa-lang/self/runtime.c:1162:9: warning: 'strcpy' macro redefined [-Wmacro-redefined]
 1162 | #define strcpy(d,s)    hxlcl_strcpy((char *)(d), (const char *)(s))
      |         ^
/Library/Developer/CommandLineTools/SDKs/MacOSX.sdk/usr/include/secure/_string.h:249:9: note: previous definition is here
  249 | #define strcpy(...) __strcpy_chk_func (__VA_ARGS__)
      |         ^
/Users/ghost/core/hexa-lang/self/runtime.c:1165:9: warning: 'snprintf' macro redefined [-Wmacro-redefined]
 1165 | #define snprintf(b,c,...)  hxlcl_snprintf((char *)(b), (size_t)(c), __VA_ARGS__)
      |         ^
/Library/Developer/CommandLineTools/SDKs/MacOSX.sdk/usr/include/secure/_stdio.h:119:9: note: previous definition is here
  119 | #define snprintf(str, len, ...) __snprintf_chk_func (str, len, 0, __VA_ARGS__)
      |         ^
/Users/ghost/core/hexa-lang/self/runtime.c:1166:9: warning: 'sprintf' macro redefined [-Wmacro-redefined]
 1166 | #define sprintf(b,...)     hxlcl_sprintf((char *)(b), __VA_ARGS__)
      |         ^
/Library/Developer/CommandLineTools/SDKs/MacOSX.sdk/usr/include/secure/_stdio.h:107:9: note: previous definition is here
  107 | #define sprintf(str, ...) __sprintf_chk_func (str, 0, __VA_ARGS__)
      |         ^
In file included from /Users/ghost/core/hexa-lang/self/runtime.c:1211:
/Users/ghost/core/hexa-lang/self/runtime_core.c:4193:11: warning: initializing 'char *' with an expression of type 'const char *' discards qualifiers [-Wincompatible-pointer-types-discards-qualifiers]
 4193 |     char* p = hxlcl_strstr(HX_STR(s), HX_STR(sub));
      |           ^   ~~~~~~~~~~~~~~~~~~~~~~~~~~~~~~~~~~~~
/Users/ghost/core/hexa-lang/self/runtime_core.c:5940:11: warning: initializing 'char *' with an expression of type 'const char *' discards qualifiers [-Wincompatible-pointer-types-discards-qualifiers]
 5940 |     char* pos = hxlcl_strstr(HX_STR(fmt), "{}");
      |           ^     ~~~~~~~~~~~~~~~~~~~~~~~~~~~~~~~
/Users/ghost/core/hexa-lang/self/runtime_core.c:5973:19: warning: initializing 'char *' with an expression of type 'const char *' discards qualifiers [-Wincompatible-pointer-types-discards-qualifiers]
 5973 |             char* close = hxlcl_strchr(src, '}');
      |                   ^       ~~~~~~~~~~~~~~~~~~~~~~
/Users/ghost/core/hexa-lang/self/runtime_core.c:6062:15: warning: initializing 'char *' with an expression of type 'const char *' discards qualifiers [-Wincompatible-pointer-types-discards-qualifiers]
 6062 |         char* found = hxlcl_strstr(pos, d);
      |               ^       ~~~~~~~~~~~~~~~~~~~~
/Users/ghost/core/hexa-lang/self/runtime_core.c:6118:15: warning: initializing 'char *' with an expression of type 'const char *' discards qualifiers [-Wincompatible-pointer-types-discards-qualifiers]
 6118 |         char* found = hxlcl_strstr(pos, HX_STR(old));
      |               ^       ~~~~~~~~~~~~~~~~~~~~~~~~~~~~~~
14 warnings generated.

OK: built /Users/ghost/.cache/g1_smoke_build/smoke_sleep_stage_detector_c4d7d7b9
[PASS] rc=0 — /Users/ghost/core/anima/anima-physics/eeg/sleep_stage_detector.hexa

=== BUILD: /Users/ghost/core/anima/anima-physics/engines/analog_consciousness.hexa ===
=== Building /Users/ghost/core/anima/anima-physics/engines/analog_consciousness.hexa -> /Users/ghost/.cache/g1_smoke_build/smoke_analog_consciousness_d6ccd0e8 ===
  [1/2] HEXA_MEM_CAP_MB=4096 /Users/ghost/core/hexa-lang/self/native/hexa_v2 /Users/ghost/core/anima/anima-physics/engines/analog_consciousness.hexa build/artifacts/smoke_analog_consciousness_d6ccd0e8.c 2>&1
    OK: build/artifacts/smoke_analog_consciousness_d6ccd0e8.c

  [2/2] clang -O2 -DHEXA_HAS_LIBSODIUM -I/opt/homebrew/Cellar/libsodium/1.0.22/include -DHEXA_HAS_OPENSSL -I/opt/homebrew/Cellar/openssl@3/3.6.2/include -Wno-trigraphs -fbracket-depth=4096 -I '/Users/ghost/core/hexa-lang/self' build/artifacts/smoke_analog_consciousness_d6ccd0e8.c '/Users/ghost/core/hexa-lang/self/runtime.c' -o '/Users/ghost/.cache/g1_smoke_build/smoke_analog_consciousness_d6ccd0e8.tmp.79188' -lpthread -L/opt/homebrew/Cellar/libsodium/1.0.22/lib -lsodium -L/opt/homebrew/Cellar/openssl@3/3.6.2/lib -lssl -lcrypto 2>&1
    In file included from build/artifacts/smoke_analog_consciousness_d6ccd0e8.c:2:
/Users/ghost/core/hexa-lang/self/runtime.h:349:28: warning: '/*' within block comment [-Wcomment]
  349 | /* ── Additional native/*.c forward-decls (auto-generated 2026-05-15) ──
      |                        ^
/Users/ghost/core/hexa-lang/self/runtime.h:350:36: warning: '/*' within block comment [-Wcomment]
  350 |  * Sourced from grep of self/native/*.c hexa_* definitions; ensures user.c
      |                                    ^
build/artifacts/smoke_analog_consciousness_d6ccd0e8.c:307:56: error: call to undeclared function 'hexa_random'; ISO C99 and later do not support implicit function declarations [-Wimplicit-function-declaration]
  307 |             HexaVal noise = hexa_mul(hexa_mul(hexa_sub(hexa_random(), hexa_float(0.5)), noise_amp), hexa_float(2.0));
      |                                                        ^
build/artifacts/smoke_analog_consciousness_d6ccd0e8.c:307:56: error: passing 'int' to parameter of incompatible type 'HexaVal' (aka 'struct HexaVal_')
  307 |             HexaVal noise = hexa_mul(hexa_mul(hexa_sub(hexa_random(), hexa_float(0.5)), noise_amp), hexa_float(2.0));
      |                                                        ^~~~~~~~~~~~~
/Users/ghost/core/hexa-lang/self/runtime.h:167:26: note: passing argument to parameter 'a' here
  167 | HexaVal hexa_sub(HexaVal a, HexaVal b);               /* runtime.c:5483 */
      |                          ^
2 warnings and 2 errors generated.
/Users/ghost/core/hexa-lang/self/runtime.c:1145:9: warning: 'strcat' macro redefined [-Wmacro-redefined]
 1145 | #define strcat(d,s)    hxlcl_strcat((char *)(d), (const char *)(s))
      |         ^
/Library/Developer/CommandLineTools/SDKs/MacOSX.sdk/usr/include/secure/_string.h:254:9: note: previous definition is here
  254 | #define strcat(...) __strcat_chk_func (__VA_ARGS__)
      |         ^
/Users/ghost/core/hexa-lang/self/runtime.c:1157:9: warning: 'bzero' macro redefined [-Wmacro-redefined]
 1157 | #define bzero(p,n)     hxlcl_bzero((void *)(p), (size_t)(n))
      |         ^
/Library/Developer/CommandLineTools/SDKs/MacOSX.sdk/usr/include/secure/_strings.h:90:9: note: previous definition is here
   90 | #define bzero(...) __bzero_chk_func (__VA_ARGS__)
      |         ^
/Users/ghost/core/hexa-lang/self/runtime.c:1158:9: warning: 'memcpy' macro redefined [-Wmacro-redefined]
 1158 | #define memcpy(d,s,n)  hxlcl_memcpy((void *)(d), (const void *)(s), (size_t)(n))
      |         ^
/Library/Developer/CommandLineTools/SDKs/MacOSX.sdk/usr/include/secure/_string.h:234:9: note: previous definition is here
  234 | #define memcpy(...) __memcpy_chk_func (__VA_ARGS__)
      |         ^
/Users/ghost/core/hexa-lang/self/runtime.c:1159:9: warning: 'memset' macro redefined [-Wmacro-redefined]
 1159 | #define memset(p,c,n)  hxlcl_memset((void *)(p), (int)(c), (size_t)(n))
      |         ^
/Library/Developer/CommandLineTools/SDKs/MacOSX.sdk/usr/include/secure/_string.h:244:9: note: previous definition is here
  244 | #define memset(...) __memset_chk_func (__VA_ARGS__)
      |         ^
/Users/ghost/core/hexa-lang/self/runtime.c:1160:9: warning: 'memmove' macro redefined [-Wmacro-redefined]
 1160 | #define memmove(d,s,n) hxlcl_memmove((void *)(d), (const void *)(s), (size_t)(n))
      |         ^
/Library/Developer/CommandLineTools/SDKs/MacOSX.sdk/usr/include/secure/_string.h:239:9: note: previous definition is here
  239 | #define memmove(...) __memmove_chk_func (__VA_ARGS__)
      |         ^
/Users/ghost/core/hexa-lang/self/runtime.c:1161:9: warning: 'strncpy' macro redefined [-Wmacro-redefined]
 1161 | #define strncpy(d,s,n) hxlcl_strncpy((char *)(d), (const char *)(s), (size_t)(n))
      |         ^
/Library/Developer/CommandLineTools/SDKs/MacOSX.sdk/usr/include/secure/_string.h:259:9: note: previous definition is here
  259 | #define strncpy(...) __strncpy_chk_func (__VA_ARGS__)
      |         ^
/Users/ghost/core/hexa-lang/self/runtime.c:1162:9: warning: 'strcpy' macro redefined [-Wmacro-redefined]
 1162 | #define strcpy(d,s)    hxlcl_strcpy((char *)(d), (const char *)(s))
      |         ^
/Library/Developer/CommandLineTools/SDKs/MacOSX.sdk/usr/include/secure/_string.h:249:9: note: previous definition is here
  249 | #define strcpy(...) __strcpy_chk_func (__VA_ARGS__)
      |         ^
/Users/ghost/core/hexa-lang/self/runtime.c:1165:9: warning: 'snprintf' macro redefined [-Wmacro-redefined]
 1165 | #define snprintf(b,c,...)  hxlcl_snprintf((char *)(b), (size_t)(c), __VA_ARGS__)
      |         ^
/Library/Developer/CommandLineTools/SDKs/MacOSX.sdk/usr/include/secure/_stdio.h:119:9: note: previous definition is here
  119 | #define snprintf(str, len, ...) __snprintf_chk_func (str, len, 0, __VA_ARGS__)
      |         ^
/Users/ghost/core/hexa-lang/self/runtime.c:1166:9: warning: 'sprintf' macro redefined [-Wmacro-redefined]
 1166 | #define sprintf(b,...)     hxlcl_sprintf((char *)(b), __VA_ARGS__)
      |         ^
/Library/Developer/CommandLineTools/SDKs/MacOSX.sdk/usr/include/secure/_stdio.h:107:9: note: previous definition is here
  107 | #define sprintf(str, ...) __sprintf_chk_func (str, 0, __VA_ARGS__)
      |         ^
In file included from /Users/ghost/core/hexa-lang/self/runtime.c:1211:
/Users/ghost/core/hexa-lang/self/runtime_core.c:4193:11: warning: initializing 'char *' with an expression of type 'const char *' discards qualifiers [-Wincompatible-pointer-types-discards-qualifiers]
 4193 |     char* p = hxlcl_strstr(HX_STR(s), HX_STR(sub));
      |           ^   ~~~~~~~~~~~~~~~~~~~~~~~~~~~~~~~~~~~~
/Users/ghost/core/hexa-lang/self/runtime_core.c:5940:11: warning: initializing 'char *' with an expression of type 'const char *' discards qualifiers [-Wincompatible-pointer-types-discards-qualifiers]
 5940 |     char* pos = hxlcl_strstr(HX_STR(fmt), "{}");
      |           ^     ~~~~~~~~~~~~~~~~~~~~~~~~~~~~~~~
/Users/ghost/core/hexa-lang/self/runtime_core.c:5973:19: warning: initializing 'char *' with an expression of type 'const char *' discards qualifiers [-Wincompatible-pointer-types-discards-qualifiers]
 5973 |             char* close = hxlcl_strchr(src, '}');
      |                   ^       ~~~~~~~~~~~~~~~~~~~~~~
/Users/ghost/core/hexa-lang/self/runtime_core.c:6062:15: warning: initializing 'char *' with an expression of type 'const char *' discards qualifiers [-Wincompatible-pointer-types-discards-qualifiers]
 6062 |         char* found = hxlcl_strstr(pos, d);
      |               ^       ~~~~~~~~~~~~~~~~~~~~
/Users/ghost/core/hexa-lang/self/runtime_core.c:6118:15: warning: initializing 'char *' with an expression of type 'const char *' discards qualifiers [-Wincompatible-pointer-types-discards-qualifiers]
 6118 |         char* found = hxlcl_strstr(pos, HX_STR(old));
      |               ^       ~~~~~~~~~~~~~~~~~~~~~~~~~~~~~~
14 warnings generated.

error: clang compile failed — binary not produced: /Users/ghost/.cache/g1_smoke_build/smoke_analog_consciousness_d6ccd0e8.tmp.79188
[FAIL] rc=1 — /Users/ghost/core/anima/anima-physics/engines/analog_consciousness.hexa

=== BUILD: /Users/ghost/core/anima/anima-physics/engines/izhikevich_consciousness.hexa ===
=== Building /Users/ghost/core/anima/anima-physics/engines/izhikevich_consciousness.hexa -> /Users/ghost/.cache/g1_smoke_build/smoke_izhikevich_consciousness_4bfd6055 ===
  [1/2] HEXA_MEM_CAP_MB=4096 /Users/ghost/core/hexa-lang/self/native/hexa_v2 /Users/ghost/core/anima/anima-physics/engines/izhikevich_consciousness.hexa build/artifacts/smoke_izhikevich_consciousness_4bfd6055.c 2>&1
    OK: build/artifacts/smoke_izhikevich_consciousness_4bfd6055.c

  [2/2] clang -O2 -DHEXA_HAS_LIBSODIUM -I/opt/homebrew/Cellar/libsodium/1.0.22/include -DHEXA_HAS_OPENSSL -I/opt/homebrew/Cellar/openssl@3/3.6.2/include -Wno-trigraphs -fbracket-depth=4096 -I '/Users/ghost/core/hexa-lang/self' build/artifacts/smoke_izhikevich_consciousness_4bfd6055.c '/Users/ghost/core/hexa-lang/self/runtime.c' -o '/Users/ghost/.cache/g1_smoke_build/smoke_izhikevich_consciousness_4bfd6055.tmp.80872' -lpthread -L/opt/homebrew/Cellar/libsodium/1.0.22/lib -lsodium -L/opt/homebrew/Cellar/openssl@3/3.6.2/lib -lssl -lcrypto 2>&1
    In file included from build/artifacts/smoke_izhikevich_consciousness_4bfd6055.c:2:
/Users/ghost/core/hexa-lang/self/runtime.h:349:28: warning: '/*' within block comment [-Wcomment]
  349 | /* ── Additional native/*.c forward-decls (auto-generated 2026-05-15) ──
      |                        ^
/Users/ghost/core/hexa-lang/self/runtime.h:350:36: warning: '/*' within block comment [-Wcomment]
  350 |  * Sourced from grep of self/native/*.c hexa_* definitions; ensures user.c
      |                                    ^
2 warnings generated.
/Users/ghost/core/hexa-lang/self/runtime.c:1145:9: warning: 'strcat' macro redefined [-Wmacro-redefined]
 1145 | #define strcat(d,s)    hxlcl_strcat((char *)(d), (const char *)(s))
      |         ^
/Library/Developer/CommandLineTools/SDKs/MacOSX.sdk/usr/include/secure/_string.h:254:9: note: previous definition is here
  254 | #define strcat(...) __strcat_chk_func (__VA_ARGS__)
      |         ^
/Users/ghost/core/hexa-lang/self/runtime.c:1157:9: warning: 'bzero' macro redefined [-Wmacro-redefined]
 1157 | #define bzero(p,n)     hxlcl_bzero((void *)(p), (size_t)(n))
      |         ^
/Library/Developer/CommandLineTools/SDKs/MacOSX.sdk/usr/include/secure/_strings.h:90:9: note: previous definition is here
   90 | #define bzero(...) __bzero_chk_func (__VA_ARGS__)
      |         ^
/Users/ghost/core/hexa-lang/self/runtime.c:1158:9: warning: 'memcpy' macro redefined [-Wmacro-redefined]
 1158 | #define memcpy(d,s,n)  hxlcl_memcpy((void *)(d), (const void *)(s), (size_t)(n))
      |         ^
/Library/Developer/CommandLineTools/SDKs/MacOSX.sdk/usr/include/secure/_string.h:234:9: note: previous definition is here
  234 | #define memcpy(...) __memcpy_chk_func (__VA_ARGS__)
      |         ^
/Users/ghost/core/hexa-lang/self/runtime.c:1159:9: warning: 'memset' macro redefined [-Wmacro-redefined]
 1159 | #define memset(p,c,n)  hxlcl_memset((void *)(p), (int)(c), (size_t)(n))
      |         ^
/Library/Developer/CommandLineTools/SDKs/MacOSX.sdk/usr/include/secure/_string.h:244:9: note: previous definition is here
  244 | #define memset(...) __memset_chk_func (__VA_ARGS__)
      |         ^
/Users/ghost/core/hexa-lang/self/runtime.c:1160:9: warning: 'memmove' macro redefined [-Wmacro-redefined]
 1160 | #define memmove(d,s,n) hxlcl_memmove((void *)(d), (const void *)(s), (size_t)(n))
      |         ^
/Library/Developer/CommandLineTools/SDKs/MacOSX.sdk/usr/include/secure/_string.h:239:9: note: previous definition is here
  239 | #define memmove(...) __memmove_chk_func (__VA_ARGS__)
      |         ^
/Users/ghost/core/hexa-lang/self/runtime.c:1161:9: warning: 'strncpy' macro redefined [-Wmacro-redefined]
 1161 | #define strncpy(d,s,n) hxlcl_strncpy((char *)(d), (const char *)(s), (size_t)(n))
      |         ^
/Library/Developer/CommandLineTools/SDKs/MacOSX.sdk/usr/include/secure/_string.h:259:9: note: previous definition is here
  259 | #define strncpy(...) __strncpy_chk_func (__VA_ARGS__)
      |         ^
/Users/ghost/core/hexa-lang/self/runtime.c:1162:9: warning: 'strcpy' macro redefined [-Wmacro-redefined]
 1162 | #define strcpy(d,s)    hxlcl_strcpy((char *)(d), (const char *)(s))
      |         ^
/Library/Developer/CommandLineTools/SDKs/MacOSX.sdk/usr/include/secure/_string.h:249:9: note: previous definition is here
  249 | #define strcpy(...) __strcpy_chk_func (__VA_ARGS__)
      |         ^
/Users/ghost/core/hexa-lang/self/runtime.c:1165:9: warning: 'snprintf' macro redefined [-Wmacro-redefined]
 1165 | #define snprintf(b,c,...)  hxlcl_snprintf((char *)(b), (size_t)(c), __VA_ARGS__)
      |         ^
/Library/Developer/CommandLineTools/SDKs/MacOSX.sdk/usr/include/secure/_stdio.h:119:9: note: previous definition is here
  119 | #define snprintf(str, len, ...) __snprintf_chk_func (str, len, 0, __VA_ARGS__)
      |         ^
/Users/ghost/core/hexa-lang/self/runtime.c:1166:9: warning: 'sprintf' macro redefined [-Wmacro-redefined]
 1166 | #define sprintf(b,...)     hxlcl_sprintf((char *)(b), __VA_ARGS__)
      |         ^
/Library/Developer/CommandLineTools/SDKs/MacOSX.sdk/usr/include/secure/_stdio.h:107:9: note: previous definition is here
  107 | #define sprintf(str, ...) __sprintf_chk_func (str, 0, __VA_ARGS__)
      |         ^
In file included from /Users/ghost/core/hexa-lang/self/runtime.c:1211:
/Users/ghost/core/hexa-lang/self/runtime_core.c:4193:11: warning: initializing 'char *' with an expression of type 'const char *' discards qualifiers [-Wincompatible-pointer-types-discards-qualifiers]
 4193 |     char* p = hxlcl_strstr(HX_STR(s), HX_STR(sub));
      |           ^   ~~~~~~~~~~~~~~~~~~~~~~~~~~~~~~~~~~~~
/Users/ghost/core/hexa-lang/self/runtime_core.c:5940:11: warning: initializing 'char *' with an expression of type 'const char *' discards qualifiers [-Wincompatible-pointer-types-discards-qualifiers]
 5940 |     char* pos = hxlcl_strstr(HX_STR(fmt), "{}");
      |           ^     ~~~~~~~~~~~~~~~~~~~~~~~~~~~~~~~
/Users/ghost/core/hexa-lang/self/runtime_core.c:5973:19: warning: initializing 'char *' with an expression of type 'const char *' discards qualifiers [-Wincompatible-pointer-types-discards-qualifiers]
 5973 |             char* close = hxlcl_strchr(src, '}');
      |                   ^       ~~~~~~~~~~~~~~~~~~~~~~
/Users/ghost/core/hexa-lang/self/runtime_core.c:6062:15: warning: initializing 'char *' with an expression of type 'const char *' discards qualifiers [-Wincompatible-pointer-types-discards-qualifiers]
 6062 |         char* found = hxlcl_strstr(pos, d);
      |               ^       ~~~~~~~~~~~~~~~~~~~~
/Users/ghost/core/hexa-lang/self/runtime_core.c:6118:15: warning: initializing 'char *' with an expression of type 'const char *' discards qualifiers [-Wincompatible-pointer-types-discards-qualifiers]
 6118 |         char* found = hxlcl_strstr(pos, HX_STR(old));
      |               ^       ~~~~~~~~~~~~~~~~~~~~~~~~~~~~~~
14 warnings generated.

OK: built /Users/ghost/.cache/g1_smoke_build/smoke_izhikevich_consciousness_4bfd6055
[PASS] rc=0 — /Users/ghost/core/anima/anima-physics/engines/izhikevich_consciousness.hexa

=== BUILD: /Users/ghost/core/anima/anima-physics/engines/memristor_consciousness.hexa ===
=== Building /Users/ghost/core/anima/anima-physics/engines/memristor_consciousness.hexa -> /Users/ghost/.cache/g1_smoke_build/smoke_memristor_consciousness_b0d06bab ===
  [1/2] HEXA_MEM_CAP_MB=4096 /Users/ghost/core/hexa-lang/self/native/hexa_v2 /Users/ghost/core/anima/anima-physics/engines/memristor_consciousness.hexa build/artifacts/smoke_memristor_consciousness_b0d06bab.c 2>&1
    OK: build/artifacts/smoke_memristor_consciousness_b0d06bab.c

  [2/2] clang -O2 -DHEXA_HAS_LIBSODIUM -I/opt/homebrew/Cellar/libsodium/1.0.22/include -DHEXA_HAS_OPENSSL -I/opt/homebrew/Cellar/openssl@3/3.6.2/include -Wno-trigraphs -fbracket-depth=4096 -I '/Users/ghost/core/hexa-lang/self' build/artifacts/smoke_memristor_consciousness_b0d06bab.c '/Users/ghost/core/hexa-lang/self/runtime.c' -o '/Users/ghost/.cache/g1_smoke_build/smoke_memristor_consciousness_b0d06bab.tmp.82871' -lpthread -L/opt/homebrew/Cellar/libsodium/1.0.22/lib -lsodium -L/opt/homebrew/Cellar/openssl@3/3.6.2/lib -lssl -lcrypto 2>&1
    In file included from build/artifacts/smoke_memristor_consciousness_b0d06bab.c:2:
/Users/ghost/core/hexa-lang/self/runtime.h:349:28: warning: '/*' within block comment [-Wcomment]
  349 | /* ── Additional native/*.c forward-decls (auto-generated 2026-05-15) ──
      |                        ^
/Users/ghost/core/hexa-lang/self/runtime.h:350:36: warning: '/*' within block comment [-Wcomment]
  350 |  * Sourced from grep of self/native/*.c hexa_* definitions; ensures user.c
      |                                    ^
2 warnings generated.
/Users/ghost/core/hexa-lang/self/runtime.c:1145:9: warning: 'strcat' macro redefined [-Wmacro-redefined]
 1145 | #define strcat(d,s)    hxlcl_strcat((char *)(d), (const char *)(s))
      |         ^
/Library/Developer/CommandLineTools/SDKs/MacOSX.sdk/usr/include/secure/_string.h:254:9: note: previous definition is here
  254 | #define strcat(...) __strcat_chk_func (__VA_ARGS__)
      |         ^
/Users/ghost/core/hexa-lang/self/runtime.c:1157:9: warning: 'bzero' macro redefined [-Wmacro-redefined]
 1157 | #define bzero(p,n)     hxlcl_bzero((void *)(p), (size_t)(n))
      |         ^
/Library/Developer/CommandLineTools/SDKs/MacOSX.sdk/usr/include/secure/_strings.h:90:9: note: previous definition is here
   90 | #define bzero(...) __bzero_chk_func (__VA_ARGS__)
      |         ^
/Users/ghost/core/hexa-lang/self/runtime.c:1158:9: warning: 'memcpy' macro redefined [-Wmacro-redefined]
 1158 | #define memcpy(d,s,n)  hxlcl_memcpy((void *)(d), (const void *)(s), (size_t)(n))
      |         ^
/Library/Developer/CommandLineTools/SDKs/MacOSX.sdk/usr/include/secure/_string.h:234:9: note: previous definition is here
  234 | #define memcpy(...) __memcpy_chk_func (__VA_ARGS__)
      |         ^
/Users/ghost/core/hexa-lang/self/runtime.c:1159:9: warning: 'memset' macro redefined [-Wmacro-redefined]
 1159 | #define memset(p,c,n)  hxlcl_memset((void *)(p), (int)(c), (size_t)(n))
      |         ^
/Library/Developer/CommandLineTools/SDKs/MacOSX.sdk/usr/include/secure/_string.h:244:9: note: previous definition is here
  244 | #define memset(...) __memset_chk_func (__VA_ARGS__)
      |         ^
/Users/ghost/core/hexa-lang/self/runtime.c:1160:9: warning: 'memmove' macro redefined [-Wmacro-redefined]
 1160 | #define memmove(d,s,n) hxlcl_memmove((void *)(d), (const void *)(s), (size_t)(n))
      |         ^
/Library/Developer/CommandLineTools/SDKs/MacOSX.sdk/usr/include/secure/_string.h:239:9: note: previous definition is here
  239 | #define memmove(...) __memmove_chk_func (__VA_ARGS__)
      |         ^
/Users/ghost/core/hexa-lang/self/runtime.c:1161:9: warning: 'strncpy' macro redefined [-Wmacro-redefined]
 1161 | #define strncpy(d,s,n) hxlcl_strncpy((char *)(d), (const char *)(s), (size_t)(n))
      |         ^
/Library/Developer/CommandLineTools/SDKs/MacOSX.sdk/usr/include/secure/_string.h:259:9: note: previous definition is here
  259 | #define strncpy(...) __strncpy_chk_func (__VA_ARGS__)
      |         ^
/Users/ghost/core/hexa-lang/self/runtime.c:1162:9: warning: 'strcpy' macro redefined [-Wmacro-redefined]
 1162 | #define strcpy(d,s)    hxlcl_strcpy((char *)(d), (const char *)(s))
      |         ^
/Library/Developer/CommandLineTools/SDKs/MacOSX.sdk/usr/include/secure/_string.h:249:9: note: previous definition is here
  249 | #define strcpy(...) __strcpy_chk_func (__VA_ARGS__)
      |         ^
/Users/ghost/core/hexa-lang/self/runtime.c:1165:9: warning: 'snprintf' macro redefined [-Wmacro-redefined]
 1165 | #define snprintf(b,c,...)  hxlcl_snprintf((char *)(b), (size_t)(c), __VA_ARGS__)
      |         ^
/Library/Developer/CommandLineTools/SDKs/MacOSX.sdk/usr/include/secure/_stdio.h:119:9: note: previous definition is here
  119 | #define snprintf(str, len, ...) __snprintf_chk_func (str, len, 0, __VA_ARGS__)
      |         ^
/Users/ghost/core/hexa-lang/self/runtime.c:1166:9: warning: 'sprintf' macro redefined [-Wmacro-redefined]
 1166 | #define sprintf(b,...)     hxlcl_sprintf((char *)(b), __VA_ARGS__)
      |         ^
/Library/Developer/CommandLineTools/SDKs/MacOSX.sdk/usr/include/secure/_stdio.h:107:9: note: previous definition is here
  107 | #define sprintf(str, ...) __sprintf_chk_func (str, 0, __VA_ARGS__)
      |         ^
In file included from /Users/ghost/core/hexa-lang/self/runtime.c:1211:
/Users/ghost/core/hexa-lang/self/runtime_core.c:4193:11: warning: initializing 'char *' with an expression of type 'const char *' discards qualifiers [-Wincompatible-pointer-types-discards-qualifiers]
 4193 |     char* p = hxlcl_strstr(HX_STR(s), HX_STR(sub));
      |           ^   ~~~~~~~~~~~~~~~~~~~~~~~~~~~~~~~~~~~~
/Users/ghost/core/hexa-lang/self/runtime_core.c:5940:11: warning: initializing 'char *' with an expression of type 'const char *' discards qualifiers [-Wincompatible-pointer-types-discards-qualifiers]
 5940 |     char* pos = hxlcl_strstr(HX_STR(fmt), "{}");
      |           ^     ~~~~~~~~~~~~~~~~~~~~~~~~~~~~~~~
/Users/ghost/core/hexa-lang/self/runtime_core.c:5973:19: warning: initializing 'char *' with an expression of type 'const char *' discards qualifiers [-Wincompatible-pointer-types-discards-qualifiers]
 5973 |             char* close = hxlcl_strchr(src, '}');
      |                   ^       ~~~~~~~~~~~~~~~~~~~~~~
/Users/ghost/core/hexa-lang/self/runtime_core.c:6062:15: warning: initializing 'char *' with an expression of type 'const char *' discards qualifiers [-Wincompatible-pointer-types-discards-qualifiers]
 6062 |         char* found = hxlcl_strstr(pos, d);
      |               ^       ~~~~~~~~~~~~~~~~~~~~
/Users/ghost/core/hexa-lang/self/runtime_core.c:6118:15: warning: initializing 'char *' with an expression of type 'const char *' discards qualifiers [-Wincompatible-pointer-types-discards-qualifiers]
 6118 |         char* found = hxlcl_strstr(pos, HX_STR(old));
      |               ^       ~~~~~~~~~~~~~~~~~~~~~~~~~~~~~~
14 warnings generated.

OK: built /Users/ghost/.cache/g1_smoke_build/smoke_memristor_consciousness_b0d06bab
[PASS] rc=0 — /Users/ghost/core/anima/anima-physics/engines/memristor_consciousness.hexa

=== BUILD: /Users/ghost/core/anima/anima-physics/engines/oscillator_laser_engine.hexa ===
=== Building /Users/ghost/core/anima/anima-physics/engines/oscillator_laser_engine.hexa -> /Users/ghost/.cache/g1_smoke_build/smoke_oscillator_laser_engine_9c031208 ===
  [1/2] HEXA_MEM_CAP_MB=4096 /Users/ghost/core/hexa-lang/self/native/hexa_v2 /Users/ghost/core/anima/anima-physics/engines/oscillator_laser_engine.hexa build/artifacts/smoke_oscillator_laser_engine_9c031208.c 2>&1
    OK: build/artifacts/smoke_oscillator_laser_engine_9c031208.c

  [2/2] clang -O2 -DHEXA_HAS_LIBSODIUM -I/opt/homebrew/Cellar/libsodium/1.0.22/include -DHEXA_HAS_OPENSSL -I/opt/homebrew/Cellar/openssl@3/3.6.2/include -Wno-trigraphs -fbracket-depth=4096 -I '/Users/ghost/core/hexa-lang/self' build/artifacts/smoke_oscillator_laser_engine_9c031208.c '/Users/ghost/core/hexa-lang/self/runtime.c' -o '/Users/ghost/.cache/g1_smoke_build/smoke_oscillator_laser_engine_9c031208.tmp.84180' -lpthread -L/opt/homebrew/Cellar/libsodium/1.0.22/lib -lsodium -L/opt/homebrew/Cellar/openssl@3/3.6.2/lib -lssl -lcrypto 2>&1
    In file included from build/artifacts/smoke_oscillator_laser_engine_9c031208.c:2:
/Users/ghost/core/hexa-lang/self/runtime.h:349:28: warning: '/*' within block comment [-Wcomment]
  349 | /* ── Additional native/*.c forward-decls (auto-generated 2026-05-15) ──
      |                        ^
/Users/ghost/core/hexa-lang/self/runtime.h:350:36: warning: '/*' within block comment [-Wcomment]
  350 |  * Sourced from grep of self/native/*.c hexa_* definitions; ensures user.c
      |                                    ^
2 warnings generated.
/Users/ghost/core/hexa-lang/self/runtime.c:1145:9: warning: 'strcat' macro redefined [-Wmacro-redefined]
 1145 | #define strcat(d,s)    hxlcl_strcat((char *)(d), (const char *)(s))
      |         ^
/Library/Developer/CommandLineTools/SDKs/MacOSX.sdk/usr/include/secure/_string.h:254:9: note: previous definition is here
  254 | #define strcat(...) __strcat_chk_func (__VA_ARGS__)
      |         ^
/Users/ghost/core/hexa-lang/self/runtime.c:1157:9: warning: 'bzero' macro redefined [-Wmacro-redefined]
 1157 | #define bzero(p,n)     hxlcl_bzero((void *)(p), (size_t)(n))
      |         ^
/Library/Developer/CommandLineTools/SDKs/MacOSX.sdk/usr/include/secure/_strings.h:90:9: note: previous definition is here
   90 | #define bzero(...) __bzero_chk_func (__VA_ARGS__)
      |         ^
/Users/ghost/core/hexa-lang/self/runtime.c:1158:9: warning: 'memcpy' macro redefined [-Wmacro-redefined]
 1158 | #define memcpy(d,s,n)  hxlcl_memcpy((void *)(d), (const void *)(s), (size_t)(n))
      |         ^
/Library/Developer/CommandLineTools/SDKs/MacOSX.sdk/usr/include/secure/_string.h:234:9: note: previous definition is here
  234 | #define memcpy(...) __memcpy_chk_func (__VA_ARGS__)
      |         ^
/Users/ghost/core/hexa-lang/self/runtime.c:1159:9: warning: 'memset' macro redefined [-Wmacro-redefined]
 1159 | #define memset(p,c,n)  hxlcl_memset((void *)(p), (int)(c), (size_t)(n))
      |         ^
/Library/Developer/CommandLineTools/SDKs/MacOSX.sdk/usr/include/secure/_string.h:244:9: note: previous definition is here
  244 | #define memset(...) __memset_chk_func (__VA_ARGS__)
      |         ^
/Users/ghost/core/hexa-lang/self/runtime.c:1160:9: warning: 'memmove' macro redefined [-Wmacro-redefined]
 1160 | #define memmove(d,s,n) hxlcl_memmove((void *)(d), (const void *)(s), (size_t)(n))
      |         ^
/Library/Developer/CommandLineTools/SDKs/MacOSX.sdk/usr/include/secure/_string.h:239:9: note: previous definition is here
  239 | #define memmove(...) __memmove_chk_func (__VA_ARGS__)
      |         ^
/Users/ghost/core/hexa-lang/self/runtime.c:1161:9: warning: 'strncpy' macro redefined [-Wmacro-redefined]
 1161 | #define strncpy(d,s,n) hxlcl_strncpy((char *)(d), (const char *)(s), (size_t)(n))
      |         ^
/Library/Developer/CommandLineTools/SDKs/MacOSX.sdk/usr/include/secure/_string.h:259:9: note: previous definition is here
  259 | #define strncpy(...) __strncpy_chk_func (__VA_ARGS__)
      |         ^
/Users/ghost/core/hexa-lang/self/runtime.c:1162:9: warning: 'strcpy' macro redefined [-Wmacro-redefined]
 1162 | #define strcpy(d,s)    hxlcl_strcpy((char *)(d), (const char *)(s))
      |         ^
/Library/Developer/CommandLineTools/SDKs/MacOSX.sdk/usr/include/secure/_string.h:249:9: note: previous definition is here
  249 | #define strcpy(...) __strcpy_chk_func (__VA_ARGS__)
      |         ^
/Users/ghost/core/hexa-lang/self/runtime.c:1165:9: warning: 'snprintf' macro redefined [-Wmacro-redefined]
 1165 | #define snprintf(b,c,...)  hxlcl_snprintf((char *)(b), (size_t)(c), __VA_ARGS__)
      |         ^
/Library/Developer/CommandLineTools/SDKs/MacOSX.sdk/usr/include/secure/_stdio.h:119:9: note: previous definition is here
  119 | #define snprintf(str, len, ...) __snprintf_chk_func (str, len, 0, __VA_ARGS__)
      |         ^
/Users/ghost/core/hexa-lang/self/runtime.c:1166:9: warning: 'sprintf' macro redefined [-Wmacro-redefined]
 1166 | #define sprintf(b,...)     hxlcl_sprintf((char *)(b), __VA_ARGS__)
      |         ^
/Library/Developer/CommandLineTools/SDKs/MacOSX.sdk/usr/include/secure/_stdio.h:107:9: note: previous definition is here
  107 | #define sprintf(str, ...) __sprintf_chk_func (str, 0, __VA_ARGS__)
      |         ^
In file included from /Users/ghost/core/hexa-lang/self/runtime.c:1211:
/Users/ghost/core/hexa-lang/self/runtime_core.c:4193:11: warning: initializing 'char *' with an expression of type 'const char *' discards qualifiers [-Wincompatible-pointer-types-discards-qualifiers]
 4193 |     char* p = hxlcl_strstr(HX_STR(s), HX_STR(sub));
      |           ^   ~~~~~~~~~~~~~~~~~~~~~~~~~~~~~~~~~~~~
/Users/ghost/core/hexa-lang/self/runtime_core.c:5940:11: warning: initializing 'char *' with an expression of type 'const char *' discards qualifiers [-Wincompatible-pointer-types-discards-qualifiers]
 5940 |     char* pos = hxlcl_strstr(HX_STR(fmt), "{}");
      |           ^     ~~~~~~~~~~~~~~~~~~~~~~~~~~~~~~~
/Users/ghost/core/hexa-lang/self/runtime_core.c:5973:19: warning: initializing 'char *' with an expression of type 'const char *' discards qualifiers [-Wincompatible-pointer-types-discards-qualifiers]
 5973 |             char* close = hxlcl_strchr(src, '}');
      |                   ^       ~~~~~~~~~~~~~~~~~~~~~~
/Users/ghost/core/hexa-lang/self/runtime_core.c:6062:15: warning: initializing 'char *' with an expression of type 'const char *' discards qualifiers [-Wincompatible-pointer-types-discards-qualifiers]
 6062 |         char* found = hxlcl_strstr(pos, d);
      |               ^       ~~~~~~~~~~~~~~~~~~~~
/Users/ghost/core/hexa-lang/self/runtime_core.c:6118:15: warning: initializing 'char *' with an expression of type 'const char *' discards qualifiers [-Wincompatible-pointer-types-discards-qualifiers]
 6118 |         char* found = hxlcl_strstr(pos, HX_STR(old));
      |               ^       ~~~~~~~~~~~~~~~~~~~~~~~~~~~~~~
14 warnings generated.

OK: built /Users/ghost/.cache/g1_smoke_build/smoke_oscillator_laser_engine_9c031208
[PASS] rc=0 — /Users/ghost/core/anima/anima-physics/engines/oscillator_laser_engine.hexa

=== BUILD: /Users/ghost/core/anima/anima-physics/engines/photonic_consciousness.hexa ===
=== Building /Users/ghost/core/anima/anima-physics/engines/photonic_consciousness.hexa -> /Users/ghost/.cache/g1_smoke_build/smoke_photonic_consciousness_a50db6b2 ===
  [1/2] HEXA_MEM_CAP_MB=4096 /Users/ghost/core/hexa-lang/self/native/hexa_v2 /Users/ghost/core/anima/anima-physics/engines/photonic_consciousness.hexa build/artifacts/smoke_photonic_consciousness_a50db6b2.c 2>&1
    OK: build/artifacts/smoke_photonic_consciousness_a50db6b2.c

  [2/2] clang -O2 -DHEXA_HAS_LIBSODIUM -I/opt/homebrew/Cellar/libsodium/1.0.22/include -DHEXA_HAS_OPENSSL -I/opt/homebrew/Cellar/openssl@3/3.6.2/include -Wno-trigraphs -fbracket-depth=4096 -I '/Users/ghost/core/hexa-lang/self' build/artifacts/smoke_photonic_consciousness_a50db6b2.c '/Users/ghost/core/hexa-lang/self/runtime.c' -o '/Users/ghost/.cache/g1_smoke_build/smoke_photonic_consciousness_a50db6b2.tmp.85732' -lpthread -L/opt/homebrew/Cellar/libsodium/1.0.22/lib -lsodium -L/opt/homebrew/Cellar/openssl@3/3.6.2/lib -lssl -lcrypto 2>&1
    In file included from build/artifacts/smoke_photonic_consciousness_a50db6b2.c:2:
/Users/ghost/core/hexa-lang/self/runtime.h:349:28: warning: '/*' within block comment [-Wcomment]
  349 | /* ── Additional native/*.c forward-decls (auto-generated 2026-05-15) ──
      |                        ^
/Users/ghost/core/hexa-lang/self/runtime.h:350:36: warning: '/*' within block comment [-Wcomment]
  350 |  * Sourced from grep of self/native/*.c hexa_* definitions; ensures user.c
      |                                    ^
build/artifacts/smoke_photonic_consciousness_a50db6b2.c:130:62: error: call to undeclared function 'hexa_random'; ISO C99 and later do not support implicit function declarations [-Wimplicit-function-declaration]
  130 |     return __hexa_fn_arena_return(hexa_mul(hexa_mul(hexa_sub(hexa_random(), hexa_float(0.5)), hexa_float(2.0)), amp));
      |                                                              ^
build/artifacts/smoke_photonic_consciousness_a50db6b2.c:130:62: error: passing 'int' to parameter of incompatible type 'HexaVal' (aka 'struct HexaVal_')
  130 |     return __hexa_fn_arena_return(hexa_mul(hexa_mul(hexa_sub(hexa_random(), hexa_float(0.5)), hexa_float(2.0)), amp));
      |                                                              ^~~~~~~~~~~~~
/Users/ghost/core/hexa-lang/self/runtime.h:167:26: note: passing argument to parameter 'a' here
  167 | HexaVal hexa_sub(HexaVal a, HexaVal b);               /* runtime.c:5483 */
      |                          ^
2 warnings and 2 errors generated.
/Users/ghost/core/hexa-lang/self/runtime.c:1145:9: warning: 'strcat' macro redefined [-Wmacro-redefined]
 1145 | #define strcat(d,s)    hxlcl_strcat((char *)(d), (const char *)(s))
      |         ^
/Library/Developer/CommandLineTools/SDKs/MacOSX.sdk/usr/include/secure/_string.h:254:9: note: previous definition is here
  254 | #define strcat(...) __strcat_chk_func (__VA_ARGS__)
      |         ^
/Users/ghost/core/hexa-lang/self/runtime.c:1157:9: warning: 'bzero' macro redefined [-Wmacro-redefined]
 1157 | #define bzero(p,n)     hxlcl_bzero((void *)(p), (size_t)(n))
      |         ^
/Library/Developer/CommandLineTools/SDKs/MacOSX.sdk/usr/include/secure/_strings.h:90:9: note: previous definition is here
   90 | #define bzero(...) __bzero_chk_func (__VA_ARGS__)
      |         ^
/Users/ghost/core/hexa-lang/self/runtime.c:1158:9: warning: 'memcpy' macro redefined [-Wmacro-redefined]
 1158 | #define memcpy(d,s,n)  hxlcl_memcpy((void *)(d), (const void *)(s), (size_t)(n))
      |         ^
/Library/Developer/CommandLineTools/SDKs/MacOSX.sdk/usr/include/secure/_string.h:234:9: note: previous definition is here
  234 | #define memcpy(...) __memcpy_chk_func (__VA_ARGS__)
      |         ^
/Users/ghost/core/hexa-lang/self/runtime.c:1159:9: warning: 'memset' macro redefined [-Wmacro-redefined]
 1159 | #define memset(p,c,n)  hxlcl_memset((void *)(p), (int)(c), (size_t)(n))
      |         ^
/Library/Developer/CommandLineTools/SDKs/MacOSX.sdk/usr/include/secure/_string.h:244:9: note: previous definition is here
  244 | #define memset(...) __memset_chk_func (__VA_ARGS__)
      |         ^
/Users/ghost/core/hexa-lang/self/runtime.c:1160:9: warning: 'memmove' macro redefined [-Wmacro-redefined]
 1160 | #define memmove(d,s,n) hxlcl_memmove((void *)(d), (const void *)(s), (size_t)(n))
      |         ^
/Library/Developer/CommandLineTools/SDKs/MacOSX.sdk/usr/include/secure/_string.h:239:9: note: previous definition is here
  239 | #define memmove(...) __memmove_chk_func (__VA_ARGS__)
      |         ^
/Users/ghost/core/hexa-lang/self/runtime.c:1161:9: warning: 'strncpy' macro redefined [-Wmacro-redefined]
 1161 | #define strncpy(d,s,n) hxlcl_strncpy((char *)(d), (const char *)(s), (size_t)(n))
      |         ^
/Library/Developer/CommandLineTools/SDKs/MacOSX.sdk/usr/include/secure/_string.h:259:9: note: previous definition is here
  259 | #define strncpy(...) __strncpy_chk_func (__VA_ARGS__)
      |         ^
/Users/ghost/core/hexa-lang/self/runtime.c:1162:9: warning: 'strcpy' macro redefined [-Wmacro-redefined]
 1162 | #define strcpy(d,s)    hxlcl_strcpy((char *)(d), (const char *)(s))
      |         ^
/Library/Developer/CommandLineTools/SDKs/MacOSX.sdk/usr/include/secure/_string.h:249:9: note: previous definition is here
  249 | #define strcpy(...) __strcpy_chk_func (__VA_ARGS__)
      |         ^
/Users/ghost/core/hexa-lang/self/runtime.c:1165:9: warning: 'snprintf' macro redefined [-Wmacro-redefined]
 1165 | #define snprintf(b,c,...)  hxlcl_snprintf((char *)(b), (size_t)(c), __VA_ARGS__)
      |         ^
/Library/Developer/CommandLineTools/SDKs/MacOSX.sdk/usr/include/secure/_stdio.h:119:9: note: previous definition is here
  119 | #define snprintf(str, len, ...) __snprintf_chk_func (str, len, 0, __VA_ARGS__)
      |         ^
/Users/ghost/core/hexa-lang/self/runtime.c:1166:9: warning: 'sprintf' macro redefined [-Wmacro-redefined]
 1166 | #define sprintf(b,...)     hxlcl_sprintf((char *)(b), __VA_ARGS__)
      |         ^
/Library/Developer/CommandLineTools/SDKs/MacOSX.sdk/usr/include/secure/_stdio.h:107:9: note: previous definition is here
  107 | #define sprintf(str, ...) __sprintf_chk_func (str, 0, __VA_ARGS__)
      |         ^
In file included from /Users/ghost/core/hexa-lang/self/runtime.c:1211:
/Users/ghost/core/hexa-lang/self/runtime_core.c:4193:11: warning: initializing 'char *' with an expression of type 'const char *' discards qualifiers [-Wincompatible-pointer-types-discards-qualifiers]
 4193 |     char* p = hxlcl_strstr(HX_STR(s), HX_STR(sub));
      |           ^   ~~~~~~~~~~~~~~~~~~~~~~~~~~~~~~~~~~~~
/Users/ghost/core/hexa-lang/self/runtime_core.c:5940:11: warning: initializing 'char *' with an expression of type 'const char *' discards qualifiers [-Wincompatible-pointer-types-discards-qualifiers]
 5940 |     char* pos = hxlcl_strstr(HX_STR(fmt), "{}");
      |           ^     ~~~~~~~~~~~~~~~~~~~~~~~~~~~~~~~
/Users/ghost/core/hexa-lang/self/runtime_core.c:5973:19: warning: initializing 'char *' with an expression of type 'const char *' discards qualifiers [-Wincompatible-pointer-types-discards-qualifiers]
 5973 |             char* close = hxlcl_strchr(src, '}');
      |                   ^       ~~~~~~~~~~~~~~~~~~~~~~
/Users/ghost/core/hexa-lang/self/runtime_core.c:6062:15: warning: initializing 'char *' with an expression of type 'const char *' discards qualifiers [-Wincompatible-pointer-types-discards-qualifiers]
 6062 |         char* found = hxlcl_strstr(pos, d);
      |               ^       ~~~~~~~~~~~~~~~~~~~~
/Users/ghost/core/hexa-lang/self/runtime_core.c:6118:15: warning: initializing 'char *' with an expression of type 'const char *' discards qualifiers [-Wincompatible-pointer-types-discards-qualifiers]
 6118 |         char* found = hxlcl_strstr(pos, HX_STR(old));
      |               ^       ~~~~~~~~~~~~~~~~~~~~~~~~~~~~~~
14 warnings generated.

error: clang compile failed — binary not produced: /Users/ghost/.cache/g1_smoke_build/smoke_photonic_consciousness_a50db6b2.tmp.85732
[FAIL] rc=1 — /Users/ghost/core/anima/anima-physics/engines/photonic_consciousness.hexa

=== BUILD: /Users/ghost/core/anima/anima-physics/engines/quantum_consciousness.hexa ===
=== Building /Users/ghost/core/anima/anima-physics/engines/quantum_consciousness.hexa -> /Users/ghost/.cache/g1_smoke_build/smoke_quantum_consciousness_c836dbb1 ===
  [1/2] HEXA_MEM_CAP_MB=4096 /Users/ghost/core/hexa-lang/self/native/hexa_v2 /Users/ghost/core/anima/anima-physics/engines/quantum_consciousness.hexa build/artifacts/smoke_quantum_consciousness_c836dbb1.c 2>&1
    OK: build/artifacts/smoke_quantum_consciousness_c836dbb1.c

  [2/2] clang -O2 -DHEXA_HAS_LIBSODIUM -I/opt/homebrew/Cellar/libsodium/1.0.22/include -DHEXA_HAS_OPENSSL -I/opt/homebrew/Cellar/openssl@3/3.6.2/include -Wno-trigraphs -fbracket-depth=4096 -I '/Users/ghost/core/hexa-lang/self' build/artifacts/smoke_quantum_consciousness_c836dbb1.c '/Users/ghost/core/hexa-lang/self/runtime.c' -o '/Users/ghost/.cache/g1_smoke_build/smoke_quantum_consciousness_c836dbb1.tmp.87247' -lpthread -L/opt/homebrew/Cellar/libsodium/1.0.22/lib -lsodium -L/opt/homebrew/Cellar/openssl@3/3.6.2/lib -lssl -lcrypto 2>&1
    In file included from build/artifacts/smoke_quantum_consciousness_c836dbb1.c:2:
/Users/ghost/core/hexa-lang/self/runtime.h:349:28: warning: '/*' within block comment [-Wcomment]
  349 | /* ── Additional native/*.c forward-decls (auto-generated 2026-05-15) ──
      |                        ^
/Users/ghost/core/hexa-lang/self/runtime.h:350:36: warning: '/*' within block comment [-Wcomment]
  350 |  * Sourced from grep of self/native/*.c hexa_* definitions; ensures user.c
      |                                    ^
2 warnings generated.
/Users/ghost/core/hexa-lang/self/runtime.c:1145:9: warning: 'strcat' macro redefined [-Wmacro-redefined]
 1145 | #define strcat(d,s)    hxlcl_strcat((char *)(d), (const char *)(s))
      |         ^
/Library/Developer/CommandLineTools/SDKs/MacOSX.sdk/usr/include/secure/_string.h:254:9: note: previous definition is here
  254 | #define strcat(...) __strcat_chk_func (__VA_ARGS__)
      |         ^
/Users/ghost/core/hexa-lang/self/runtime.c:1157:9: warning: 'bzero' macro redefined [-Wmacro-redefined]
 1157 | #define bzero(p,n)     hxlcl_bzero((void *)(p), (size_t)(n))
      |         ^
/Library/Developer/CommandLineTools/SDKs/MacOSX.sdk/usr/include/secure/_strings.h:90:9: note: previous definition is here
   90 | #define bzero(...) __bzero_chk_func (__VA_ARGS__)
      |         ^
/Users/ghost/core/hexa-lang/self/runtime.c:1158:9: warning: 'memcpy' macro redefined [-Wmacro-redefined]
 1158 | #define memcpy(d,s,n)  hxlcl_memcpy((void *)(d), (const void *)(s), (size_t)(n))
      |         ^
/Library/Developer/CommandLineTools/SDKs/MacOSX.sdk/usr/include/secure/_string.h:234:9: note: previous definition is here
  234 | #define memcpy(...) __memcpy_chk_func (__VA_ARGS__)
      |         ^
/Users/ghost/core/hexa-lang/self/runtime.c:1159:9: warning: 'memset' macro redefined [-Wmacro-redefined]
 1159 | #define memset(p,c,n)  hxlcl_memset((void *)(p), (int)(c), (size_t)(n))
      |         ^
/Library/Developer/CommandLineTools/SDKs/MacOSX.sdk/usr/include/secure/_string.h:244:9: note: previous definition is here
  244 | #define memset(...) __memset_chk_func (__VA_ARGS__)
      |         ^
/Users/ghost/core/hexa-lang/self/runtime.c:1160:9: warning: 'memmove' macro redefined [-Wmacro-redefined]
 1160 | #define memmove(d,s,n) hxlcl_memmove((void *)(d), (const void *)(s), (size_t)(n))
      |         ^
/Library/Developer/CommandLineTools/SDKs/MacOSX.sdk/usr/include/secure/_string.h:239:9: note: previous definition is here
  239 | #define memmove(...) __memmove_chk_func (__VA_ARGS__)
      |         ^
/Users/ghost/core/hexa-lang/self/runtime.c:1161:9: warning: 'strncpy' macro redefined [-Wmacro-redefined]
 1161 | #define strncpy(d,s,n) hxlcl_strncpy((char *)(d), (const char *)(s), (size_t)(n))
      |         ^
/Library/Developer/CommandLineTools/SDKs/MacOSX.sdk/usr/include/secure/_string.h:259:9: note: previous definition is here
  259 | #define strncpy(...) __strncpy_chk_func (__VA_ARGS__)
      |         ^
/Users/ghost/core/hexa-lang/self/runtime.c:1162:9: warning: 'strcpy' macro redefined [-Wmacro-redefined]
 1162 | #define strcpy(d,s)    hxlcl_strcpy((char *)(d), (const char *)(s))
      |         ^
/Library/Developer/CommandLineTools/SDKs/MacOSX.sdk/usr/include/secure/_string.h:249:9: note: previous definition is here
  249 | #define strcpy(...) __strcpy_chk_func (__VA_ARGS__)
      |         ^
/Users/ghost/core/hexa-lang/self/runtime.c:1165:9: warning: 'snprintf' macro redefined [-Wmacro-redefined]
 1165 | #define snprintf(b,c,...)  hxlcl_snprintf((char *)(b), (size_t)(c), __VA_ARGS__)
      |         ^
/Library/Developer/CommandLineTools/SDKs/MacOSX.sdk/usr/include/secure/_stdio.h:119:9: note: previous definition is here
  119 | #define snprintf(str, len, ...) __snprintf_chk_func (str, len, 0, __VA_ARGS__)
      |         ^
/Users/ghost/core/hexa-lang/self/runtime.c:1166:9: warning: 'sprintf' macro redefined [-Wmacro-redefined]
 1166 | #define sprintf(b,...)     hxlcl_sprintf((char *)(b), __VA_ARGS__)
      |         ^
/Library/Developer/CommandLineTools/SDKs/MacOSX.sdk/usr/include/secure/_stdio.h:107:9: note: previous definition is here
  107 | #define sprintf(str, ...) __sprintf_chk_func (str, 0, __VA_ARGS__)
      |         ^
In file included from /Users/ghost/core/hexa-lang/self/runtime.c:1211:
/Users/ghost/core/hexa-lang/self/runtime_core.c:4193:11: warning: initializing 'char *' with an expression of type 'const char *' discards qualifiers [-Wincompatible-pointer-types-discards-qualifiers]
 4193 |     char* p = hxlcl_strstr(HX_STR(s), HX_STR(sub));
      |           ^   ~~~~~~~~~~~~~~~~~~~~~~~~~~~~~~~~~~~~
/Users/ghost/core/hexa-lang/self/runtime_core.c:5940:11: warning: initializing 'char *' with an expression of type 'const char *' discards qualifiers [-Wincompatible-pointer-types-discards-qualifiers]
 5940 |     char* pos = hxlcl_strstr(HX_STR(fmt), "{}");
      |           ^     ~~~~~~~~~~~~~~~~~~~~~~~~~~~~~~~
/Users/ghost/core/hexa-lang/self/runtime_core.c:5973:19: warning: initializing 'char *' with an expression of type 'const char *' discards qualifiers [-Wincompatible-pointer-types-discards-qualifiers]
 5973 |             char* close = hxlcl_strchr(src, '}');
      |                   ^       ~~~~~~~~~~~~~~~~~~~~~~
/Users/ghost/core/hexa-lang/self/runtime_core.c:6062:15: warning: initializing 'char *' with an expression of type 'const char *' discards qualifiers [-Wincompatible-pointer-types-discards-qualifiers]
 6062 |         char* found = hxlcl_strstr(pos, d);
      |               ^       ~~~~~~~~~~~~~~~~~~~~
/Users/ghost/core/hexa-lang/self/runtime_core.c:6118:15: warning: initializing 'char *' with an expression of type 'const char *' discards qualifiers [-Wincompatible-pointer-types-discards-qualifiers]
 6118 |         char* found = hxlcl_strstr(pos, HX_STR(old));
      |               ^       ~~~~~~~~~~~~~~~~~~~~~~~~~~~~~~
14 warnings generated.

OK: built /Users/ghost/.cache/g1_smoke_build/smoke_quantum_consciousness_c836dbb1
[PASS] rc=0 — /Users/ghost/core/anima/anima-physics/engines/quantum_consciousness.hexa

=== BUILD: /Users/ghost/core/anima/anima-physics/engines/snn_consciousness.hexa ===
=== Building /Users/ghost/core/anima/anima-physics/engines/snn_consciousness.hexa -> /Users/ghost/.cache/g1_smoke_build/smoke_snn_consciousness_0c7bf6ab ===
  [1/2] HEXA_MEM_CAP_MB=4096 /Users/ghost/core/hexa-lang/self/native/hexa_v2 /Users/ghost/core/anima/anima-physics/engines/snn_consciousness.hexa build/artifacts/smoke_snn_consciousness_0c7bf6ab.c 2>&1
    OK: build/artifacts/smoke_snn_consciousness_0c7bf6ab.c

  [2/2] clang -O2 -DHEXA_HAS_LIBSODIUM -I/opt/homebrew/Cellar/libsodium/1.0.22/include -DHEXA_HAS_OPENSSL -I/opt/homebrew/Cellar/openssl@3/3.6.2/include -Wno-trigraphs -fbracket-depth=4096 -I '/Users/ghost/core/hexa-lang/self' build/artifacts/smoke_snn_consciousness_0c7bf6ab.c '/Users/ghost/core/hexa-lang/self/runtime.c' -o '/Users/ghost/.cache/g1_smoke_build/smoke_snn_consciousness_0c7bf6ab.tmp.88524' -lpthread -L/opt/homebrew/Cellar/libsodium/1.0.22/lib -lsodium -L/opt/homebrew/Cellar/openssl@3/3.6.2/lib -lssl -lcrypto 2>&1
    In file included from build/artifacts/smoke_snn_consciousness_0c7bf6ab.c:2:
/Users/ghost/core/hexa-lang/self/runtime.h:349:28: warning: '/*' within block comment [-Wcomment]
  349 | /* ── Additional native/*.c forward-decls (auto-generated 2026-05-15) ──
      |                        ^
/Users/ghost/core/hexa-lang/self/runtime.h:350:36: warning: '/*' within block comment [-Wcomment]
  350 |  * Sourced from grep of self/native/*.c hexa_* definitions; ensures user.c
      |                                    ^
2 warnings generated.
/Users/ghost/core/hexa-lang/self/runtime.c:1145:9: warning: 'strcat' macro redefined [-Wmacro-redefined]
 1145 | #define strcat(d,s)    hxlcl_strcat((char *)(d), (const char *)(s))
      |         ^
/Library/Developer/CommandLineTools/SDKs/MacOSX.sdk/usr/include/secure/_string.h:254:9: note: previous definition is here
  254 | #define strcat(...) __strcat_chk_func (__VA_ARGS__)
      |         ^
/Users/ghost/core/hexa-lang/self/runtime.c:1157:9: warning: 'bzero' macro redefined [-Wmacro-redefined]
 1157 | #define bzero(p,n)     hxlcl_bzero((void *)(p), (size_t)(n))
      |         ^
/Library/Developer/CommandLineTools/SDKs/MacOSX.sdk/usr/include/secure/_strings.h:90:9: note: previous definition is here
   90 | #define bzero(...) __bzero_chk_func (__VA_ARGS__)
      |         ^
/Users/ghost/core/hexa-lang/self/runtime.c:1158:9: warning: 'memcpy' macro redefined [-Wmacro-redefined]
 1158 | #define memcpy(d,s,n)  hxlcl_memcpy((void *)(d), (const void *)(s), (size_t)(n))
      |         ^
/Library/Developer/CommandLineTools/SDKs/MacOSX.sdk/usr/include/secure/_string.h:234:9: note: previous definition is here
  234 | #define memcpy(...) __memcpy_chk_func (__VA_ARGS__)
      |         ^
/Users/ghost/core/hexa-lang/self/runtime.c:1159:9: warning: 'memset' macro redefined [-Wmacro-redefined]
 1159 | #define memset(p,c,n)  hxlcl_memset((void *)(p), (int)(c), (size_t)(n))
      |         ^
/Library/Developer/CommandLineTools/SDKs/MacOSX.sdk/usr/include/secure/_string.h:244:9: note: previous definition is here
  244 | #define memset(...) __memset_chk_func (__VA_ARGS__)
      |         ^
/Users/ghost/core/hexa-lang/self/runtime.c:1160:9: warning: 'memmove' macro redefined [-Wmacro-redefined]
 1160 | #define memmove(d,s,n) hxlcl_memmove((void *)(d), (const void *)(s), (size_t)(n))
      |         ^
/Library/Developer/CommandLineTools/SDKs/MacOSX.sdk/usr/include/secure/_string.h:239:9: note: previous definition is here
  239 | #define memmove(...) __memmove_chk_func (__VA_ARGS__)
      |         ^
/Users/ghost/core/hexa-lang/self/runtime.c:1161:9: warning: 'strncpy' macro redefined [-Wmacro-redefined]
 1161 | #define strncpy(d,s,n) hxlcl_strncpy((char *)(d), (const char *)(s), (size_t)(n))
      |         ^
/Library/Developer/CommandLineTools/SDKs/MacOSX.sdk/usr/include/secure/_string.h:259:9: note: previous definition is here
  259 | #define strncpy(...) __strncpy_chk_func (__VA_ARGS__)
      |         ^
/Users/ghost/core/hexa-lang/self/runtime.c:1162:9: warning: 'strcpy' macro redefined [-Wmacro-redefined]
 1162 | #define strcpy(d,s)    hxlcl_strcpy((char *)(d), (const char *)(s))
      |         ^
/Library/Developer/CommandLineTools/SDKs/MacOSX.sdk/usr/include/secure/_string.h:249:9: note: previous definition is here
  249 | #define strcpy(...) __strcpy_chk_func (__VA_ARGS__)
      |         ^
/Users/ghost/core/hexa-lang/self/runtime.c:1165:9: warning: 'snprintf' macro redefined [-Wmacro-redefined]
 1165 | #define snprintf(b,c,...)  hxlcl_snprintf((char *)(b), (size_t)(c), __VA_ARGS__)
      |         ^
/Library/Developer/CommandLineTools/SDKs/MacOSX.sdk/usr/include/secure/_stdio.h:119:9: note: previous definition is here
  119 | #define snprintf(str, len, ...) __snprintf_chk_func (str, len, 0, __VA_ARGS__)
      |         ^
/Users/ghost/core/hexa-lang/self/runtime.c:1166:9: warning: 'sprintf' macro redefined [-Wmacro-redefined]
 1166 | #define sprintf(b,...)     hxlcl_sprintf((char *)(b), __VA_ARGS__)
      |         ^
/Library/Developer/CommandLineTools/SDKs/MacOSX.sdk/usr/include/secure/_stdio.h:107:9: note: previous definition is here
  107 | #define sprintf(str, ...) __sprintf_chk_func (str, 0, __VA_ARGS__)
      |         ^
In file included from /Users/ghost/core/hexa-lang/self/runtime.c:1211:
/Users/ghost/core/hexa-lang/self/runtime_core.c:4193:11: warning: initializing 'char *' with an expression of type 'const char *' discards qualifiers [-Wincompatible-pointer-types-discards-qualifiers]
 4193 |     char* p = hxlcl_strstr(HX_STR(s), HX_STR(sub));
      |           ^   ~~~~~~~~~~~~~~~~~~~~~~~~~~~~~~~~~~~~
/Users/ghost/core/hexa-lang/self/runtime_core.c:5940:11: warning: initializing 'char *' with an expression of type 'const char *' discards qualifiers [-Wincompatible-pointer-types-discards-qualifiers]
 5940 |     char* pos = hxlcl_strstr(HX_STR(fmt), "{}");
      |           ^     ~~~~~~~~~~~~~~~~~~~~~~~~~~~~~~~
/Users/ghost/core/hexa-lang/self/runtime_core.c:5973:19: warning: initializing 'char *' with an expression of type 'const char *' discards qualifiers [-Wincompatible-pointer-types-discards-qualifiers]
 5973 |             char* close = hxlcl_strchr(src, '}');
      |                   ^       ~~~~~~~~~~~~~~~~~~~~~~
/Users/ghost/core/hexa-lang/self/runtime_core.c:6062:15: warning: initializing 'char *' with an expression of type 'const char *' discards qualifiers [-Wincompatible-pointer-types-discards-qualifiers]
 6062 |         char* found = hxlcl_strstr(pos, d);
      |               ^       ~~~~~~~~~~~~~~~~~~~~
/Users/ghost/core/hexa-lang/self/runtime_core.c:6118:15: warning: initializing 'char *' with an expression of type 'const char *' discards qualifiers [-Wincompatible-pointer-types-discards-qualifiers]
 6118 |         char* found = hxlcl_strstr(pos, HX_STR(old));
      |               ^       ~~~~~~~~~~~~~~~~~~~~~~~~~~~~~~
14 warnings generated.

OK: built /Users/ghost/.cache/g1_smoke_build/smoke_snn_consciousness_0c7bf6ab
[PASS] rc=0 — /Users/ghost/core/anima/anima-physics/engines/snn_consciousness.hexa

=== BUILD: /Users/ghost/core/anima/anima-physics/engines/thermodynamic_consciousness.hexa ===
=== Building /Users/ghost/core/anima/anima-physics/engines/thermodynamic_consciousness.hexa -> /Users/ghost/.cache/g1_smoke_build/smoke_thermodynamic_consciousness_942005b5 ===
  [1/2] HEXA_MEM_CAP_MB=4096 /Users/ghost/core/hexa-lang/self/native/hexa_v2 /Users/ghost/core/anima/anima-physics/engines/thermodynamic_consciousness.hexa build/artifacts/smoke_thermodynamic_consciousness_942005b5.c 2>&1
    OK: build/artifacts/smoke_thermodynamic_consciousness_942005b5.c

  [2/2] clang -O2 -DHEXA_HAS_LIBSODIUM -I/opt/homebrew/Cellar/libsodium/1.0.22/include -DHEXA_HAS_OPENSSL -I/opt/homebrew/Cellar/openssl@3/3.6.2/include -Wno-trigraphs -fbracket-depth=4096 -I '/Users/ghost/core/hexa-lang/self' build/artifacts/smoke_thermodynamic_consciousness_942005b5.c '/Users/ghost/core/hexa-lang/self/runtime.c' -o '/Users/ghost/.cache/g1_smoke_build/smoke_thermodynamic_consciousness_942005b5.tmp.90219' -lpthread -L/opt/homebrew/Cellar/libsodium/1.0.22/lib -lsodium -L/opt/homebrew/Cellar/openssl@3/3.6.2/lib -lssl -lcrypto 2>&1
    In file included from build/artifacts/smoke_thermodynamic_consciousness_942005b5.c:2:
/Users/ghost/core/hexa-lang/self/runtime.h:349:28: warning: '/*' within block comment [-Wcomment]
  349 | /* ── Additional native/*.c forward-decls (auto-generated 2026-05-15) ──
      |                        ^
/Users/ghost/core/hexa-lang/self/runtime.h:350:36: warning: '/*' within block comment [-Wcomment]
  350 |  * Sourced from grep of self/native/*.c hexa_* definitions; ensures user.c
      |                                    ^
2 warnings generated.
/Users/ghost/core/hexa-lang/self/runtime.c:1145:9: warning: 'strcat' macro redefined [-Wmacro-redefined]
 1145 | #define strcat(d,s)    hxlcl_strcat((char *)(d), (const char *)(s))
      |         ^
/Library/Developer/CommandLineTools/SDKs/MacOSX.sdk/usr/include/secure/_string.h:254:9: note: previous definition is here
  254 | #define strcat(...) __strcat_chk_func (__VA_ARGS__)
      |         ^
/Users/ghost/core/hexa-lang/self/runtime.c:1157:9: warning: 'bzero' macro redefined [-Wmacro-redefined]
 1157 | #define bzero(p,n)     hxlcl_bzero((void *)(p), (size_t)(n))
      |         ^
/Library/Developer/CommandLineTools/SDKs/MacOSX.sdk/usr/include/secure/_strings.h:90:9: note: previous definition is here
   90 | #define bzero(...) __bzero_chk_func (__VA_ARGS__)
      |         ^
/Users/ghost/core/hexa-lang/self/runtime.c:1158:9: warning: 'memcpy' macro redefined [-Wmacro-redefined]
 1158 | #define memcpy(d,s,n)  hxlcl_memcpy((void *)(d), (const void *)(s), (size_t)(n))
      |         ^
/Library/Developer/CommandLineTools/SDKs/MacOSX.sdk/usr/include/secure/_string.h:234:9: note: previous definition is here
  234 | #define memcpy(...) __memcpy_chk_func (__VA_ARGS__)
      |         ^
/Users/ghost/core/hexa-lang/self/runtime.c:1159:9: warning: 'memset' macro redefined [-Wmacro-redefined]
 1159 | #define memset(p,c,n)  hxlcl_memset((void *)(p), (int)(c), (size_t)(n))
      |         ^
/Library/Developer/CommandLineTools/SDKs/MacOSX.sdk/usr/include/secure/_string.h:244:9: note: previous definition is here
  244 | #define memset(...) __memset_chk_func (__VA_ARGS__)
      |         ^
/Users/ghost/core/hexa-lang/self/runtime.c:1160:9: warning: 'memmove' macro redefined [-Wmacro-redefined]
 1160 | #define memmove(d,s,n) hxlcl_memmove((void *)(d), (const void *)(s), (size_t)(n))
      |         ^
/Library/Developer/CommandLineTools/SDKs/MacOSX.sdk/usr/include/secure/_string.h:239:9: note: previous definition is here
  239 | #define memmove(...) __memmove_chk_func (__VA_ARGS__)
      |         ^
/Users/ghost/core/hexa-lang/self/runtime.c:1161:9: warning: 'strncpy' macro redefined [-Wmacro-redefined]
 1161 | #define strncpy(d,s,n) hxlcl_strncpy((char *)(d), (const char *)(s), (size_t)(n))
      |         ^
/Library/Developer/CommandLineTools/SDKs/MacOSX.sdk/usr/include/secure/_string.h:259:9: note: previous definition is here
  259 | #define strncpy(...) __strncpy_chk_func (__VA_ARGS__)
      |         ^
/Users/ghost/core/hexa-lang/self/runtime.c:1162:9: warning: 'strcpy' macro redefined [-Wmacro-redefined]
 1162 | #define strcpy(d,s)    hxlcl_strcpy((char *)(d), (const char *)(s))
      |         ^
/Library/Developer/CommandLineTools/SDKs/MacOSX.sdk/usr/include/secure/_string.h:249:9: note: previous definition is here
  249 | #define strcpy(...) __strcpy_chk_func (__VA_ARGS__)
      |         ^
/Users/ghost/core/hexa-lang/self/runtime.c:1165:9: warning: 'snprintf' macro redefined [-Wmacro-redefined]
 1165 | #define snprintf(b,c,...)  hxlcl_snprintf((char *)(b), (size_t)(c), __VA_ARGS__)
      |         ^
/Library/Developer/CommandLineTools/SDKs/MacOSX.sdk/usr/include/secure/_stdio.h:119:9: note: previous definition is here
  119 | #define snprintf(str, len, ...) __snprintf_chk_func (str, len, 0, __VA_ARGS__)
      |         ^
/Users/ghost/core/hexa-lang/self/runtime.c:1166:9: warning: 'sprintf' macro redefined [-Wmacro-redefined]
 1166 | #define sprintf(b,...)     hxlcl_sprintf((char *)(b), __VA_ARGS__)
      |         ^
/Library/Developer/CommandLineTools/SDKs/MacOSX.sdk/usr/include/secure/_stdio.h:107:9: note: previous definition is here
  107 | #define sprintf(str, ...) __sprintf_chk_func (str, 0, __VA_ARGS__)
      |         ^
In file included from /Users/ghost/core/hexa-lang/self/runtime.c:1211:
/Users/ghost/core/hexa-lang/self/runtime_core.c:4193:11: warning: initializing 'char *' with an expression of type 'const char *' discards qualifiers [-Wincompatible-pointer-types-discards-qualifiers]
 4193 |     char* p = hxlcl_strstr(HX_STR(s), HX_STR(sub));
      |           ^   ~~~~~~~~~~~~~~~~~~~~~~~~~~~~~~~~~~~~
/Users/ghost/core/hexa-lang/self/runtime_core.c:5940:11: warning: initializing 'char *' with an expression of type 'const char *' discards qualifiers [-Wincompatible-pointer-types-discards-qualifiers]
 5940 |     char* pos = hxlcl_strstr(HX_STR(fmt), "{}");
      |           ^     ~~~~~~~~~~~~~~~~~~~~~~~~~~~~~~~
/Users/ghost/core/hexa-lang/self/runtime_core.c:5973:19: warning: initializing 'char *' with an expression of type 'const char *' discards qualifiers [-Wincompatible-pointer-types-discards-qualifiers]
 5973 |             char* close = hxlcl_strchr(src, '}');
      |                   ^       ~~~~~~~~~~~~~~~~~~~~~~
/Users/ghost/core/hexa-lang/self/runtime_core.c:6062:15: warning: initializing 'char *' with an expression of type 'const char *' discards qualifiers [-Wincompatible-pointer-types-discards-qualifiers]
 6062 |         char* found = hxlcl_strstr(pos, d);
      |               ^       ~~~~~~~~~~~~~~~~~~~~
/Users/ghost/core/hexa-lang/self/runtime_core.c:6118:15: warning: initializing 'char *' with an expression of type 'const char *' discards qualifiers [-Wincompatible-pointer-types-discards-qualifiers]
 6118 |         char* found = hxlcl_strstr(pos, HX_STR(old));
      |               ^       ~~~~~~~~~~~~~~~~~~~~~~~~~~~~~~
14 warnings generated.

OK: built /Users/ghost/.cache/g1_smoke_build/smoke_thermodynamic_consciousness_942005b5
[PASS] rc=0 — /Users/ghost/core/anima/anima-physics/engines/thermodynamic_consciousness.hexa

=== BUILD: /Users/ghost/core/anima/anima-physics/esp32/qrng_bridge.hexa ===
=== Building /Users/ghost/core/anima/anima-physics/esp32/qrng_bridge.hexa -> /Users/ghost/.cache/g1_smoke_build/smoke_qrng_bridge_ad113f4f ===
  [1/2] HEXA_MEM_CAP_MB=4096 /Users/ghost/core/hexa-lang/self/native/hexa_v2 /Users/ghost/core/anima/anima-physics/esp32/qrng_bridge.hexa build/artifacts/smoke_qrng_bridge_ad113f4f.c 2>&1
    OK: build/artifacts/smoke_qrng_bridge_ad113f4f.c

  [2/2] clang -O2 -DHEXA_HAS_LIBSODIUM -I/opt/homebrew/Cellar/libsodium/1.0.22/include -DHEXA_HAS_OPENSSL -I/opt/homebrew/Cellar/openssl@3/3.6.2/include -Wno-trigraphs -fbracket-depth=4096 -I '/Users/ghost/core/hexa-lang/self' build/artifacts/smoke_qrng_bridge_ad113f4f.c '/Users/ghost/core/hexa-lang/self/runtime.c' -o '/Users/ghost/.cache/g1_smoke_build/smoke_qrng_bridge_ad113f4f.tmp.91928' -lpthread -L/opt/homebrew/Cellar/libsodium/1.0.22/lib -lsodium -L/opt/homebrew/Cellar/openssl@3/3.6.2/lib -lssl -lcrypto 2>&1
    In file included from build/artifacts/smoke_qrng_bridge_ad113f4f.c:2:
/Users/ghost/core/hexa-lang/self/runtime.h:349:28: warning: '/*' within block comment [-Wcomment]
  349 | /* ── Additional native/*.c forward-decls (auto-generated 2026-05-15) ──
      |                        ^
/Users/ghost/core/hexa-lang/self/runtime.h:350:36: warning: '/*' within block comment [-Wcomment]
  350 |  * Sourced from grep of self/native/*.c hexa_* definitions; ensures user.c
      |                                    ^
2 warnings generated.
/Users/ghost/core/hexa-lang/self/runtime.c:1145:9: warning: 'strcat' macro redefined [-Wmacro-redefined]
 1145 | #define strcat(d,s)    hxlcl_strcat((char *)(d), (const char *)(s))
      |         ^
/Library/Developer/CommandLineTools/SDKs/MacOSX.sdk/usr/include/secure/_string.h:254:9: note: previous definition is here
  254 | #define strcat(...) __strcat_chk_func (__VA_ARGS__)
      |         ^
/Users/ghost/core/hexa-lang/self/runtime.c:1157:9: warning: 'bzero' macro redefined [-Wmacro-redefined]
 1157 | #define bzero(p,n)     hxlcl_bzero((void *)(p), (size_t)(n))
      |         ^
/Library/Developer/CommandLineTools/SDKs/MacOSX.sdk/usr/include/secure/_strings.h:90:9: note: previous definition is here
   90 | #define bzero(...) __bzero_chk_func (__VA_ARGS__)
      |         ^
/Users/ghost/core/hexa-lang/self/runtime.c:1158:9: warning: 'memcpy' macro redefined [-Wmacro-redefined]
 1158 | #define memcpy(d,s,n)  hxlcl_memcpy((void *)(d), (const void *)(s), (size_t)(n))
      |         ^
/Library/Developer/CommandLineTools/SDKs/MacOSX.sdk/usr/include/secure/_string.h:234:9: note: previous definition is here
  234 | #define memcpy(...) __memcpy_chk_func (__VA_ARGS__)
      |         ^
/Users/ghost/core/hexa-lang/self/runtime.c:1159:9: warning: 'memset' macro redefined [-Wmacro-redefined]
 1159 | #define memset(p,c,n)  hxlcl_memset((void *)(p), (int)(c), (size_t)(n))
      |         ^
/Library/Developer/CommandLineTools/SDKs/MacOSX.sdk/usr/include/secure/_string.h:244:9: note: previous definition is here
  244 | #define memset(...) __memset_chk_func (__VA_ARGS__)
      |         ^
/Users/ghost/core/hexa-lang/self/runtime.c:1160:9: warning: 'memmove' macro redefined [-Wmacro-redefined]
 1160 | #define memmove(d,s,n) hxlcl_memmove((void *)(d), (const void *)(s), (size_t)(n))
      |         ^
/Library/Developer/CommandLineTools/SDKs/MacOSX.sdk/usr/include/secure/_string.h:239:9: note: previous definition is here
  239 | #define memmove(...) __memmove_chk_func (__VA_ARGS__)
      |         ^
/Users/ghost/core/hexa-lang/self/runtime.c:1161:9: warning: 'strncpy' macro redefined [-Wmacro-redefined]
 1161 | #define strncpy(d,s,n) hxlcl_strncpy((char *)(d), (const char *)(s), (size_t)(n))
      |         ^
/Library/Developer/CommandLineTools/SDKs/MacOSX.sdk/usr/include/secure/_string.h:259:9: note: previous definition is here
  259 | #define strncpy(...) __strncpy_chk_func (__VA_ARGS__)
      |         ^
/Users/ghost/core/hexa-lang/self/runtime.c:1162:9: warning: 'strcpy' macro redefined [-Wmacro-redefined]
 1162 | #define strcpy(d,s)    hxlcl_strcpy((char *)(d), (const char *)(s))
      |         ^
/Library/Developer/CommandLineTools/SDKs/MacOSX.sdk/usr/include/secure/_string.h:249:9: note: previous definition is here
  249 | #define strcpy(...) __strcpy_chk_func (__VA_ARGS__)
      |         ^
/Users/ghost/core/hexa-lang/self/runtime.c:1165:9: warning: 'snprintf' macro redefined [-Wmacro-redefined]
 1165 | #define snprintf(b,c,...)  hxlcl_snprintf((char *)(b), (size_t)(c), __VA_ARGS__)
      |         ^
/Library/Developer/CommandLineTools/SDKs/MacOSX.sdk/usr/include/secure/_stdio.h:119:9: note: previous definition is here
  119 | #define snprintf(str, len, ...) __snprintf_chk_func (str, len, 0, __VA_ARGS__)
      |         ^
/Users/ghost/core/hexa-lang/self/runtime.c:1166:9: warning: 'sprintf' macro redefined [-Wmacro-redefined]
 1166 | #define sprintf(b,...)     hxlcl_sprintf((char *)(b), __VA_ARGS__)
      |         ^
/Library/Developer/CommandLineTools/SDKs/MacOSX.sdk/usr/include/secure/_stdio.h:107:9: note: previous definition is here
  107 | #define sprintf(str, ...) __sprintf_chk_func (str, 0, __VA_ARGS__)
      |         ^
In file included from /Users/ghost/core/hexa-lang/self/runtime.c:1211:
/Users/ghost/core/hexa-lang/self/runtime_core.c:4193:11: warning: initializing 'char *' with an expression of type 'const char *' discards qualifiers [-Wincompatible-pointer-types-discards-qualifiers]
 4193 |     char* p = hxlcl_strstr(HX_STR(s), HX_STR(sub));
      |           ^   ~~~~~~~~~~~~~~~~~~~~~~~~~~~~~~~~~~~~
/Users/ghost/core/hexa-lang/self/runtime_core.c:5940:11: warning: initializing 'char *' with an expression of type 'const char *' discards qualifiers [-Wincompatible-pointer-types-discards-qualifiers]
 5940 |     char* pos = hxlcl_strstr(HX_STR(fmt), "{}");
      |           ^     ~~~~~~~~~~~~~~~~~~~~~~~~~~~~~~~
/Users/ghost/core/hexa-lang/self/runtime_core.c:5973:19: warning: initializing 'char *' with an expression of type 'const char *' discards qualifiers [-Wincompatible-pointer-types-discards-qualifiers]
 5973 |             char* close = hxlcl_strchr(src, '}');
      |                   ^       ~~~~~~~~~~~~~~~~~~~~~~
/Users/ghost/core/hexa-lang/self/runtime_core.c:6062:15: warning: initializing 'char *' with an expression of type 'const char *' discards qualifiers [-Wincompatible-pointer-types-discards-qualifiers]
 6062 |         char* found = hxlcl_strstr(pos, d);
      |               ^       ~~~~~~~~~~~~~~~~~~~~
/Users/ghost/core/hexa-lang/self/runtime_core.c:6118:15: warning: initializing 'char *' with an expression of type 'const char *' discards qualifiers [-Wincompatible-pointer-types-discards-qualifiers]
 6118 |         char* found = hxlcl_strstr(pos, HX_STR(old));
      |               ^       ~~~~~~~~~~~~~~~~~~~~~~~~~~~~~~
14 warnings generated.

OK: built /Users/ghost/.cache/g1_smoke_build/smoke_qrng_bridge_ad113f4f
[PASS] rc=0 — /Users/ghost/core/anima/anima-physics/esp32/qrng_bridge.hexa

=== BUILD: /Users/ghost/core/anima/anima-physics/esp32/src/lib.hexa ===
=== Building /Users/ghost/core/anima/anima-physics/esp32/src/lib.hexa -> /Users/ghost/.cache/g1_smoke_build/smoke_lib_619b37f7 ===
  [1/2] HEXA_MEM_CAP_MB=4096 /Users/ghost/core/hexa-lang/self/native/hexa_v2 /Users/ghost/core/anima/anima-physics/esp32/src/lib.hexa build/artifacts/smoke_lib_619b37f7.c 2>&1
    Parse error at 97:27: unexpected token Plus ('+')
Parse error at 97:40: unexpected token Plus ('+')
Parse error at 102:29: unexpected token Plus ('+')
Parse error at 216:45: expected identifier, got LBracket ('[')
Parse error at 216:45: expected RParen, got LBracket ('[')
Parse error at 216:45: expected LBrace, got LBracket ('[')
Parse error at 216:54: unexpected token Comma (',')
Parse error at 216:59: unexpected token Colon (':')
Parse error at 216:64: unexpected token RParen (')')
Parse error at 216:66: unexpected token Arrow ('->')
Parse error at 216:74: unexpected token LBrace ('{')
OK: build/artifacts/smoke_lib_619b37f7.c

error: transpile failed (parse error) — /Users/ghost/core/anima/anima-physics/esp32/src/lib.hexa
[FAIL] rc=1 — /Users/ghost/core/anima/anima-physics/esp32/src/lib.hexa

=== BUILD: /Users/ghost/core/anima/anima-physics/fpga/cloud_facade_poc.hexa ===
=== Building /Users/ghost/core/anima/anima-physics/fpga/cloud_facade_poc.hexa -> /Users/ghost/.cache/g1_smoke_build/smoke_cloud_facade_poc_a9366187 ===
  [1/2] HEXA_MEM_CAP_MB=4096 /Users/ghost/core/hexa-lang/self/native/hexa_v2 /Users/ghost/core/anima/anima-physics/fpga/cloud_facade_poc.hexa build/artifacts/smoke_cloud_facade_poc_a9366187.c 2>&1
    OK: build/artifacts/smoke_cloud_facade_poc_a9366187.c

  [2/2] clang -O2 -DHEXA_HAS_LIBSODIUM -I/opt/homebrew/Cellar/libsodium/1.0.22/include -DHEXA_HAS_OPENSSL -I/opt/homebrew/Cellar/openssl@3/3.6.2/include -Wno-trigraphs -fbracket-depth=4096 -I '/Users/ghost/core/hexa-lang/self' build/artifacts/smoke_cloud_facade_poc_a9366187.c '/Users/ghost/core/hexa-lang/self/runtime.c' -o '/Users/ghost/.cache/g1_smoke_build/smoke_cloud_facade_poc_a9366187.tmp.93731' -lpthread -L/opt/homebrew/Cellar/libsodium/1.0.22/lib -lsodium -L/opt/homebrew/Cellar/openssl@3/3.6.2/lib -lssl -lcrypto 2>&1
    In file included from build/artifacts/smoke_cloud_facade_poc_a9366187.c:2:
/Users/ghost/core/hexa-lang/self/runtime.h:349:28: warning: '/*' within block comment [-Wcomment]
  349 | /* ── Additional native/*.c forward-decls (auto-generated 2026-05-15) ──
      |                        ^
/Users/ghost/core/hexa-lang/self/runtime.h:350:36: warning: '/*' within block comment [-Wcomment]
  350 |  * Sourced from grep of self/native/*.c hexa_* definitions; ensures user.c
      |                                    ^
2 warnings generated.
/Users/ghost/core/hexa-lang/self/runtime.c:1145:9: warning: 'strcat' macro redefined [-Wmacro-redefined]
 1145 | #define strcat(d,s)    hxlcl_strcat((char *)(d), (const char *)(s))
      |         ^
/Library/Developer/CommandLineTools/SDKs/MacOSX.sdk/usr/include/secure/_string.h:254:9: note: previous definition is here
  254 | #define strcat(...) __strcat_chk_func (__VA_ARGS__)
      |         ^
/Users/ghost/core/hexa-lang/self/runtime.c:1157:9: warning: 'bzero' macro redefined [-Wmacro-redefined]
 1157 | #define bzero(p,n)     hxlcl_bzero((void *)(p), (size_t)(n))
      |         ^
/Library/Developer/CommandLineTools/SDKs/MacOSX.sdk/usr/include/secure/_strings.h:90:9: note: previous definition is here
   90 | #define bzero(...) __bzero_chk_func (__VA_ARGS__)
      |         ^
/Users/ghost/core/hexa-lang/self/runtime.c:1158:9: warning: 'memcpy' macro redefined [-Wmacro-redefined]
 1158 | #define memcpy(d,s,n)  hxlcl_memcpy((void *)(d), (const void *)(s), (size_t)(n))
      |         ^
/Library/Developer/CommandLineTools/SDKs/MacOSX.sdk/usr/include/secure/_string.h:234:9: note: previous definition is here
  234 | #define memcpy(...) __memcpy_chk_func (__VA_ARGS__)
      |         ^
/Users/ghost/core/hexa-lang/self/runtime.c:1159:9: warning: 'memset' macro redefined [-Wmacro-redefined]
 1159 | #define memset(p,c,n)  hxlcl_memset((void *)(p), (int)(c), (size_t)(n))
      |         ^
/Library/Developer/CommandLineTools/SDKs/MacOSX.sdk/usr/include/secure/_string.h:244:9: note: previous definition is here
  244 | #define memset(...) __memset_chk_func (__VA_ARGS__)
      |         ^
/Users/ghost/core/hexa-lang/self/runtime.c:1160:9: warning: 'memmove' macro redefined [-Wmacro-redefined]
 1160 | #define memmove(d,s,n) hxlcl_memmove((void *)(d), (const void *)(s), (size_t)(n))
      |         ^
/Library/Developer/CommandLineTools/SDKs/MacOSX.sdk/usr/include/secure/_string.h:239:9: note: previous definition is here
  239 | #define memmove(...) __memmove_chk_func (__VA_ARGS__)
      |         ^
/Users/ghost/core/hexa-lang/self/runtime.c:1161:9: warning: 'strncpy' macro redefined [-Wmacro-redefined]
 1161 | #define strncpy(d,s,n) hxlcl_strncpy((char *)(d), (const char *)(s), (size_t)(n))
      |         ^
/Library/Developer/CommandLineTools/SDKs/MacOSX.sdk/usr/include/secure/_string.h:259:9: note: previous definition is here
  259 | #define strncpy(...) __strncpy_chk_func (__VA_ARGS__)
      |         ^
/Users/ghost/core/hexa-lang/self/runtime.c:1162:9: warning: 'strcpy' macro redefined [-Wmacro-redefined]
 1162 | #define strcpy(d,s)    hxlcl_strcpy((char *)(d), (const char *)(s))
      |         ^
/Library/Developer/CommandLineTools/SDKs/MacOSX.sdk/usr/include/secure/_string.h:249:9: note: previous definition is here
  249 | #define strcpy(...) __strcpy_chk_func (__VA_ARGS__)
      |         ^
/Users/ghost/core/hexa-lang/self/runtime.c:1165:9: warning: 'snprintf' macro redefined [-Wmacro-redefined]
 1165 | #define snprintf(b,c,...)  hxlcl_snprintf((char *)(b), (size_t)(c), __VA_ARGS__)
      |         ^
/Library/Developer/CommandLineTools/SDKs/MacOSX.sdk/usr/include/secure/_stdio.h:119:9: note: previous definition is here
  119 | #define snprintf(str, len, ...) __snprintf_chk_func (str, len, 0, __VA_ARGS__)
      |         ^
/Users/ghost/core/hexa-lang/self/runtime.c:1166:9: warning: 'sprintf' macro redefined [-Wmacro-redefined]
 1166 | #define sprintf(b,...)     hxlcl_sprintf((char *)(b), __VA_ARGS__)
      |         ^
/Library/Developer/CommandLineTools/SDKs/MacOSX.sdk/usr/include/secure/_stdio.h:107:9: note: previous definition is here
  107 | #define sprintf(str, ...) __sprintf_chk_func (str, 0, __VA_ARGS__)
      |         ^
In file included from /Users/ghost/core/hexa-lang/self/runtime.c:1211:
/Users/ghost/core/hexa-lang/self/runtime_core.c:4193:11: warning: initializing 'char *' with an expression of type 'const char *' discards qualifiers [-Wincompatible-pointer-types-discards-qualifiers]
 4193 |     char* p = hxlcl_strstr(HX_STR(s), HX_STR(sub));
      |           ^   ~~~~~~~~~~~~~~~~~~~~~~~~~~~~~~~~~~~~
/Users/ghost/core/hexa-lang/self/runtime_core.c:5940:11: warning: initializing 'char *' with an expression of type 'const char *' discards qualifiers [-Wincompatible-pointer-types-discards-qualifiers]
 5940 |     char* pos = hxlcl_strstr(HX_STR(fmt), "{}");
      |           ^     ~~~~~~~~~~~~~~~~~~~~~~~~~~~~~~~
/Users/ghost/core/hexa-lang/self/runtime_core.c:5973:19: warning: initializing 'char *' with an expression of type 'const char *' discards qualifiers [-Wincompatible-pointer-types-discards-qualifiers]
 5973 |             char* close = hxlcl_strchr(src, '}');
      |                   ^       ~~~~~~~~~~~~~~~~~~~~~~
/Users/ghost/core/hexa-lang/self/runtime_core.c:6062:15: warning: initializing 'char *' with an expression of type 'const char *' discards qualifiers [-Wincompatible-pointer-types-discards-qualifiers]
 6062 |         char* found = hxlcl_strstr(pos, d);
      |               ^       ~~~~~~~~~~~~~~~~~~~~
/Users/ghost/core/hexa-lang/self/runtime_core.c:6118:15: warning: initializing 'char *' with an expression of type 'const char *' discards qualifiers [-Wincompatible-pointer-types-discards-qualifiers]
 6118 |         char* found = hxlcl_strstr(pos, HX_STR(old));
      |               ^       ~~~~~~~~~~~~~~~~~~~~~~~~~~~~~~
14 warnings generated.

OK: built /Users/ghost/.cache/g1_smoke_build/smoke_cloud_facade_poc_a9366187
[PASS] rc=0 — /Users/ghost/core/anima/anima-physics/fpga/cloud_facade_poc.hexa

=== BUILD: /Users/ghost/core/anima/anima-physics/fpga/microtubule_lattice_16.hexa ===
=== Building /Users/ghost/core/anima/anima-physics/fpga/microtubule_lattice_16.hexa -> /Users/ghost/.cache/g1_smoke_build/smoke_microtubule_lattice_16_6fb23159 ===
  [1/2] HEXA_MEM_CAP_MB=4096 /Users/ghost/core/hexa-lang/self/native/hexa_v2 /Users/ghost/core/anima/anima-physics/fpga/microtubule_lattice_16.hexa build/artifacts/smoke_microtubule_lattice_16_6fb23159.c 2>&1
    OK: build/artifacts/smoke_microtubule_lattice_16_6fb23159.c

  [2/2] clang -O2 -DHEXA_HAS_LIBSODIUM -I/opt/homebrew/Cellar/libsodium/1.0.22/include -DHEXA_HAS_OPENSSL -I/opt/homebrew/Cellar/openssl@3/3.6.2/include -Wno-trigraphs -fbracket-depth=4096 -I '/Users/ghost/core/hexa-lang/self' build/artifacts/smoke_microtubule_lattice_16_6fb23159.c '/Users/ghost/core/hexa-lang/self/runtime.c' -o '/Users/ghost/.cache/g1_smoke_build/smoke_microtubule_lattice_16_6fb23159.tmp.95302' -lpthread -L/opt/homebrew/Cellar/libsodium/1.0.22/lib -lsodium -L/opt/homebrew/Cellar/openssl@3/3.6.2/lib -lssl -lcrypto 2>&1
    In file included from build/artifacts/smoke_microtubule_lattice_16_6fb23159.c:2:
/Users/ghost/core/hexa-lang/self/runtime.h:349:28: warning: '/*' within block comment [-Wcomment]
  349 | /* ── Additional native/*.c forward-decls (auto-generated 2026-05-15) ──
      |                        ^
/Users/ghost/core/hexa-lang/self/runtime.h:350:36: warning: '/*' within block comment [-Wcomment]
  350 |  * Sourced from grep of self/native/*.c hexa_* definitions; ensures user.c
      |                                    ^
2 warnings generated.
/Users/ghost/core/hexa-lang/self/runtime.c:1145:9: warning: 'strcat' macro redefined [-Wmacro-redefined]
 1145 | #define strcat(d,s)    hxlcl_strcat((char *)(d), (const char *)(s))
      |         ^
/Library/Developer/CommandLineTools/SDKs/MacOSX.sdk/usr/include/secure/_string.h:254:9: note: previous definition is here
  254 | #define strcat(...) __strcat_chk_func (__VA_ARGS__)
      |         ^
/Users/ghost/core/hexa-lang/self/runtime.c:1157:9: warning: 'bzero' macro redefined [-Wmacro-redefined]
 1157 | #define bzero(p,n)     hxlcl_bzero((void *)(p), (size_t)(n))
      |         ^
/Library/Developer/CommandLineTools/SDKs/MacOSX.sdk/usr/include/secure/_strings.h:90:9: note: previous definition is here
   90 | #define bzero(...) __bzero_chk_func (__VA_ARGS__)
      |         ^
/Users/ghost/core/hexa-lang/self/runtime.c:1158:9: warning: 'memcpy' macro redefined [-Wmacro-redefined]
 1158 | #define memcpy(d,s,n)  hxlcl_memcpy((void *)(d), (const void *)(s), (size_t)(n))
      |         ^
/Library/Developer/CommandLineTools/SDKs/MacOSX.sdk/usr/include/secure/_string.h:234:9: note: previous definition is here
  234 | #define memcpy(...) __memcpy_chk_func (__VA_ARGS__)
      |         ^
/Users/ghost/core/hexa-lang/self/runtime.c:1159:9: warning: 'memset' macro redefined [-Wmacro-redefined]
 1159 | #define memset(p,c,n)  hxlcl_memset((void *)(p), (int)(c), (size_t)(n))
      |         ^
/Library/Developer/CommandLineTools/SDKs/MacOSX.sdk/usr/include/secure/_string.h:244:9: note: previous definition is here
  244 | #define memset(...) __memset_chk_func (__VA_ARGS__)
      |         ^
/Users/ghost/core/hexa-lang/self/runtime.c:1160:9: warning: 'memmove' macro redefined [-Wmacro-redefined]
 1160 | #define memmove(d,s,n) hxlcl_memmove((void *)(d), (const void *)(s), (size_t)(n))
      |         ^
/Library/Developer/CommandLineTools/SDKs/MacOSX.sdk/usr/include/secure/_string.h:239:9: note: previous definition is here
  239 | #define memmove(...) __memmove_chk_func (__VA_ARGS__)
      |         ^
/Users/ghost/core/hexa-lang/self/runtime.c:1161:9: warning: 'strncpy' macro redefined [-Wmacro-redefined]
 1161 | #define strncpy(d,s,n) hxlcl_strncpy((char *)(d), (const char *)(s), (size_t)(n))
      |         ^
/Library/Developer/CommandLineTools/SDKs/MacOSX.sdk/usr/include/secure/_string.h:259:9: note: previous definition is here
  259 | #define strncpy(...) __strncpy_chk_func (__VA_ARGS__)
      |         ^
/Users/ghost/core/hexa-lang/self/runtime.c:1162:9: warning: 'strcpy' macro redefined [-Wmacro-redefined]
 1162 | #define strcpy(d,s)    hxlcl_strcpy((char *)(d), (const char *)(s))
      |         ^
/Library/Developer/CommandLineTools/SDKs/MacOSX.sdk/usr/include/secure/_string.h:249:9: note: previous definition is here
  249 | #define strcpy(...) __strcpy_chk_func (__VA_ARGS__)
      |         ^
/Users/ghost/core/hexa-lang/self/runtime.c:1165:9: warning: 'snprintf' macro redefined [-Wmacro-redefined]
 1165 | #define snprintf(b,c,...)  hxlcl_snprintf((char *)(b), (size_t)(c), __VA_ARGS__)
      |         ^
/Library/Developer/CommandLineTools/SDKs/MacOSX.sdk/usr/include/secure/_stdio.h:119:9: note: previous definition is here
  119 | #define snprintf(str, len, ...) __snprintf_chk_func (str, len, 0, __VA_ARGS__)
      |         ^
/Users/ghost/core/hexa-lang/self/runtime.c:1166:9: warning: 'sprintf' macro redefined [-Wmacro-redefined]
 1166 | #define sprintf(b,...)     hxlcl_sprintf((char *)(b), __VA_ARGS__)
      |         ^
/Library/Developer/CommandLineTools/SDKs/MacOSX.sdk/usr/include/secure/_stdio.h:107:9: note: previous definition is here
  107 | #define sprintf(str, ...) __sprintf_chk_func (str, 0, __VA_ARGS__)
      |         ^
In file included from /Users/ghost/core/hexa-lang/self/runtime.c:1211:
/Users/ghost/core/hexa-lang/self/runtime_core.c:4193:11: warning: initializing 'char *' with an expression of type 'const char *' discards qualifiers [-Wincompatible-pointer-types-discards-qualifiers]
 4193 |     char* p = hxlcl_strstr(HX_STR(s), HX_STR(sub));
      |           ^   ~~~~~~~~~~~~~~~~~~~~~~~~~~~~~~~~~~~~
/Users/ghost/core/hexa-lang/self/runtime_core.c:5940:11: warning: initializing 'char *' with an expression of type 'const char *' discards qualifiers [-Wincompatible-pointer-types-discards-qualifiers]
 5940 |     char* pos = hxlcl_strstr(HX_STR(fmt), "{}");
      |           ^     ~~~~~~~~~~~~~~~~~~~~~~~~~~~~~~~
/Users/ghost/core/hexa-lang/self/runtime_core.c:5973:19: warning: initializing 'char *' with an expression of type 'const char *' discards qualifiers [-Wincompatible-pointer-types-discards-qualifiers]
 5973 |             char* close = hxlcl_strchr(src, '}');
      |                   ^       ~~~~~~~~~~~~~~~~~~~~~~
/Users/ghost/core/hexa-lang/self/runtime_core.c:6062:15: warning: initializing 'char *' with an expression of type 'const char *' discards qualifiers [-Wincompatible-pointer-types-discards-qualifiers]
 6062 |         char* found = hxlcl_strstr(pos, d);
      |               ^       ~~~~~~~~~~~~~~~~~~~~
/Users/ghost/core/hexa-lang/self/runtime_core.c:6118:15: warning: initializing 'char *' with an expression of type 'const char *' discards qualifiers [-Wincompatible-pointer-types-discards-qualifiers]
 6118 |         char* found = hxlcl_strstr(pos, HX_STR(old));
      |               ^       ~~~~~~~~~~~~~~~~~~~~~~~~~~~~~~
14 warnings generated.

OK: built /Users/ghost/.cache/g1_smoke_build/smoke_microtubule_lattice_16_6fb23159
[PASS] rc=0 — /Users/ghost/core/anima/anima-physics/fpga/microtubule_lattice_16.hexa

=== BUILD: /Users/ghost/core/anima/anima-physics/fpga/nested_lattice.hexa ===
=== Building /Users/ghost/core/anima/anima-physics/fpga/nested_lattice.hexa -> /Users/ghost/.cache/g1_smoke_build/smoke_nested_lattice_6c4f0cbb ===
  [1/2] HEXA_MEM_CAP_MB=4096 /Users/ghost/core/hexa-lang/self/native/hexa_v2 /Users/ghost/core/anima/anima-physics/fpga/nested_lattice.hexa build/artifacts/smoke_nested_lattice_6c4f0cbb.c 2>&1
    OK: build/artifacts/smoke_nested_lattice_6c4f0cbb.c

  [2/2] clang -O2 -DHEXA_HAS_LIBSODIUM -I/opt/homebrew/Cellar/libsodium/1.0.22/include -DHEXA_HAS_OPENSSL -I/opt/homebrew/Cellar/openssl@3/3.6.2/include -Wno-trigraphs -fbracket-depth=4096 -I '/Users/ghost/core/hexa-lang/self' build/artifacts/smoke_nested_lattice_6c4f0cbb.c '/Users/ghost/core/hexa-lang/self/runtime.c' -o '/Users/ghost/.cache/g1_smoke_build/smoke_nested_lattice_6c4f0cbb.tmp.96722' -lpthread -L/opt/homebrew/Cellar/libsodium/1.0.22/lib -lsodium -L/opt/homebrew/Cellar/openssl@3/3.6.2/lib -lssl -lcrypto 2>&1
    In file included from build/artifacts/smoke_nested_lattice_6c4f0cbb.c:2:
/Users/ghost/core/hexa-lang/self/runtime.h:349:28: warning: '/*' within block comment [-Wcomment]
  349 | /* ── Additional native/*.c forward-decls (auto-generated 2026-05-15) ──
      |                        ^
/Users/ghost/core/hexa-lang/self/runtime.h:350:36: warning: '/*' within block comment [-Wcomment]
  350 |  * Sourced from grep of self/native/*.c hexa_* definitions; ensures user.c
      |                                    ^
2 warnings generated.
/Users/ghost/core/hexa-lang/self/runtime.c:1145:9: warning: 'strcat' macro redefined [-Wmacro-redefined]
 1145 | #define strcat(d,s)    hxlcl_strcat((char *)(d), (const char *)(s))
      |         ^
/Library/Developer/CommandLineTools/SDKs/MacOSX.sdk/usr/include/secure/_string.h:254:9: note: previous definition is here
  254 | #define strcat(...) __strcat_chk_func (__VA_ARGS__)
      |         ^
/Users/ghost/core/hexa-lang/self/runtime.c:1157:9: warning: 'bzero' macro redefined [-Wmacro-redefined]
 1157 | #define bzero(p,n)     hxlcl_bzero((void *)(p), (size_t)(n))
      |         ^
/Library/Developer/CommandLineTools/SDKs/MacOSX.sdk/usr/include/secure/_strings.h:90:9: note: previous definition is here
   90 | #define bzero(...) __bzero_chk_func (__VA_ARGS__)
      |         ^
/Users/ghost/core/hexa-lang/self/runtime.c:1158:9: warning: 'memcpy' macro redefined [-Wmacro-redefined]
 1158 | #define memcpy(d,s,n)  hxlcl_memcpy((void *)(d), (const void *)(s), (size_t)(n))
      |         ^
/Library/Developer/CommandLineTools/SDKs/MacOSX.sdk/usr/include/secure/_string.h:234:9: note: previous definition is here
  234 | #define memcpy(...) __memcpy_chk_func (__VA_ARGS__)
      |         ^
/Users/ghost/core/hexa-lang/self/runtime.c:1159:9: warning: 'memset' macro redefined [-Wmacro-redefined]
 1159 | #define memset(p,c,n)  hxlcl_memset((void *)(p), (int)(c), (size_t)(n))
      |         ^
/Library/Developer/CommandLineTools/SDKs/MacOSX.sdk/usr/include/secure/_string.h:244:9: note: previous definition is here
  244 | #define memset(...) __memset_chk_func (__VA_ARGS__)
      |         ^
/Users/ghost/core/hexa-lang/self/runtime.c:1160:9: warning: 'memmove' macro redefined [-Wmacro-redefined]
 1160 | #define memmove(d,s,n) hxlcl_memmove((void *)(d), (const void *)(s), (size_t)(n))
      |         ^
/Library/Developer/CommandLineTools/SDKs/MacOSX.sdk/usr/include/secure/_string.h:239:9: note: previous definition is here
  239 | #define memmove(...) __memmove_chk_func (__VA_ARGS__)
      |         ^
/Users/ghost/core/hexa-lang/self/runtime.c:1161:9: warning: 'strncpy' macro redefined [-Wmacro-redefined]
 1161 | #define strncpy(d,s,n) hxlcl_strncpy((char *)(d), (const char *)(s), (size_t)(n))
      |         ^
/Library/Developer/CommandLineTools/SDKs/MacOSX.sdk/usr/include/secure/_string.h:259:9: note: previous definition is here
  259 | #define strncpy(...) __strncpy_chk_func (__VA_ARGS__)
      |         ^
/Users/ghost/core/hexa-lang/self/runtime.c:1162:9: warning: 'strcpy' macro redefined [-Wmacro-redefined]
 1162 | #define strcpy(d,s)    hxlcl_strcpy((char *)(d), (const char *)(s))
      |         ^
/Library/Developer/CommandLineTools/SDKs/MacOSX.sdk/usr/include/secure/_string.h:249:9: note: previous definition is here
  249 | #define strcpy(...) __strcpy_chk_func (__VA_ARGS__)
      |         ^
/Users/ghost/core/hexa-lang/self/runtime.c:1165:9: warning: 'snprintf' macro redefined [-Wmacro-redefined]
 1165 | #define snprintf(b,c,...)  hxlcl_snprintf((char *)(b), (size_t)(c), __VA_ARGS__)
      |         ^
/Library/Developer/CommandLineTools/SDKs/MacOSX.sdk/usr/include/secure/_stdio.h:119:9: note: previous definition is here
  119 | #define snprintf(str, len, ...) __snprintf_chk_func (str, len, 0, __VA_ARGS__)
      |         ^
/Users/ghost/core/hexa-lang/self/runtime.c:1166:9: warning: 'sprintf' macro redefined [-Wmacro-redefined]
 1166 | #define sprintf(b,...)     hxlcl_sprintf((char *)(b), __VA_ARGS__)
      |         ^
/Library/Developer/CommandLineTools/SDKs/MacOSX.sdk/usr/include/secure/_stdio.h:107:9: note: previous definition is here
  107 | #define sprintf(str, ...) __sprintf_chk_func (str, 0, __VA_ARGS__)
      |         ^
In file included from /Users/ghost/core/hexa-lang/self/runtime.c:1211:
/Users/ghost/core/hexa-lang/self/runtime_core.c:4193:11: warning: initializing 'char *' with an expression of type 'const char *' discards qualifiers [-Wincompatible-pointer-types-discards-qualifiers]
 4193 |     char* p = hxlcl_strstr(HX_STR(s), HX_STR(sub));
      |           ^   ~~~~~~~~~~~~~~~~~~~~~~~~~~~~~~~~~~~~
/Users/ghost/core/hexa-lang/self/runtime_core.c:5940:11: warning: initializing 'char *' with an expression of type 'const char *' discards qualifiers [-Wincompatible-pointer-types-discards-qualifiers]
 5940 |     char* pos = hxlcl_strstr(HX_STR(fmt), "{}");
      |           ^     ~~~~~~~~~~~~~~~~~~~~~~~~~~~~~~~
/Users/ghost/core/hexa-lang/self/runtime_core.c:5973:19: warning: initializing 'char *' with an expression of type 'const char *' discards qualifiers [-Wincompatible-pointer-types-discards-qualifiers]
 5973 |             char* close = hxlcl_strchr(src, '}');
      |                   ^       ~~~~~~~~~~~~~~~~~~~~~~
/Users/ghost/core/hexa-lang/self/runtime_core.c:6062:15: warning: initializing 'char *' with an expression of type 'const char *' discards qualifiers [-Wincompatible-pointer-types-discards-qualifiers]
 6062 |         char* found = hxlcl_strstr(pos, d);
      |               ^       ~~~~~~~~~~~~~~~~~~~~
/Users/ghost/core/hexa-lang/self/runtime_core.c:6118:15: warning: initializing 'char *' with an expression of type 'const char *' discards qualifiers [-Wincompatible-pointer-types-discards-qualifiers]
 6118 |         char* found = hxlcl_strstr(pos, HX_STR(old));
      |               ^       ~~~~~~~~~~~~~~~~~~~~~~~~~~~~~~
14 warnings generated.

OK: built /Users/ghost/.cache/g1_smoke_build/smoke_nested_lattice_6c4f0cbb
[PASS] rc=0 — /Users/ghost/core/anima/anima-physics/fpga/nested_lattice.hexa

=== BUILD: /Users/ghost/core/anima/anima-physics/fpga/partial_reconfig.hexa ===
=== Building /Users/ghost/core/anima/anima-physics/fpga/partial_reconfig.hexa -> /Users/ghost/.cache/g1_smoke_build/smoke_partial_reconfig_b19965ae ===
  [1/2] HEXA_MEM_CAP_MB=4096 /Users/ghost/core/hexa-lang/self/native/hexa_v2 /Users/ghost/core/anima/anima-physics/fpga/partial_reconfig.hexa build/artifacts/smoke_partial_reconfig_b19965ae.c 2>&1
    OK: build/artifacts/smoke_partial_reconfig_b19965ae.c

  [2/2] clang -O2 -DHEXA_HAS_LIBSODIUM -I/opt/homebrew/Cellar/libsodium/1.0.22/include -DHEXA_HAS_OPENSSL -I/opt/homebrew/Cellar/openssl@3/3.6.2/include -Wno-trigraphs -fbracket-depth=4096 -I '/Users/ghost/core/hexa-lang/self' build/artifacts/smoke_partial_reconfig_b19965ae.c '/Users/ghost/core/hexa-lang/self/runtime.c' -o '/Users/ghost/.cache/g1_smoke_build/smoke_partial_reconfig_b19965ae.tmp.98068' -lpthread -L/opt/homebrew/Cellar/libsodium/1.0.22/lib -lsodium -L/opt/homebrew/Cellar/openssl@3/3.6.2/lib -lssl -lcrypto 2>&1
    In file included from build/artifacts/smoke_partial_reconfig_b19965ae.c:2:
/Users/ghost/core/hexa-lang/self/runtime.h:349:28: warning: '/*' within block comment [-Wcomment]
  349 | /* ── Additional native/*.c forward-decls (auto-generated 2026-05-15) ──
      |                        ^
/Users/ghost/core/hexa-lang/self/runtime.h:350:36: warning: '/*' within block comment [-Wcomment]
  350 |  * Sourced from grep of self/native/*.c hexa_* definitions; ensures user.c
      |                                    ^
2 warnings generated.
/Users/ghost/core/hexa-lang/self/runtime.c:1145:9: warning: 'strcat' macro redefined [-Wmacro-redefined]
 1145 | #define strcat(d,s)    hxlcl_strcat((char *)(d), (const char *)(s))
      |         ^
/Library/Developer/CommandLineTools/SDKs/MacOSX.sdk/usr/include/secure/_string.h:254:9: note: previous definition is here
  254 | #define strcat(...) __strcat_chk_func (__VA_ARGS__)
      |         ^
/Users/ghost/core/hexa-lang/self/runtime.c:1157:9: warning: 'bzero' macro redefined [-Wmacro-redefined]
 1157 | #define bzero(p,n)     hxlcl_bzero((void *)(p), (size_t)(n))
      |         ^
/Library/Developer/CommandLineTools/SDKs/MacOSX.sdk/usr/include/secure/_strings.h:90:9: note: previous definition is here
   90 | #define bzero(...) __bzero_chk_func (__VA_ARGS__)
      |         ^
/Users/ghost/core/hexa-lang/self/runtime.c:1158:9: warning: 'memcpy' macro redefined [-Wmacro-redefined]
 1158 | #define memcpy(d,s,n)  hxlcl_memcpy((void *)(d), (const void *)(s), (size_t)(n))
      |         ^
/Library/Developer/CommandLineTools/SDKs/MacOSX.sdk/usr/include/secure/_string.h:234:9: note: previous definition is here
  234 | #define memcpy(...) __memcpy_chk_func (__VA_ARGS__)
      |         ^
/Users/ghost/core/hexa-lang/self/runtime.c:1159:9: warning: 'memset' macro redefined [-Wmacro-redefined]
 1159 | #define memset(p,c,n)  hxlcl_memset((void *)(p), (int)(c), (size_t)(n))
      |         ^
/Library/Developer/CommandLineTools/SDKs/MacOSX.sdk/usr/include/secure/_string.h:244:9: note: previous definition is here
  244 | #define memset(...) __memset_chk_func (__VA_ARGS__)
      |         ^
/Users/ghost/core/hexa-lang/self/runtime.c:1160:9: warning: 'memmove' macro redefined [-Wmacro-redefined]
 1160 | #define memmove(d,s,n) hxlcl_memmove((void *)(d), (const void *)(s), (size_t)(n))
      |         ^
/Library/Developer/CommandLineTools/SDKs/MacOSX.sdk/usr/include/secure/_string.h:239:9: note: previous definition is here
  239 | #define memmove(...) __memmove_chk_func (__VA_ARGS__)
      |         ^
/Users/ghost/core/hexa-lang/self/runtime.c:1161:9: warning: 'strncpy' macro redefined [-Wmacro-redefined]
 1161 | #define strncpy(d,s,n) hxlcl_strncpy((char *)(d), (const char *)(s), (size_t)(n))
      |         ^
/Library/Developer/CommandLineTools/SDKs/MacOSX.sdk/usr/include/secure/_string.h:259:9: note: previous definition is here
  259 | #define strncpy(...) __strncpy_chk_func (__VA_ARGS__)
      |         ^
/Users/ghost/core/hexa-lang/self/runtime.c:1162:9: warning: 'strcpy' macro redefined [-Wmacro-redefined]
 1162 | #define strcpy(d,s)    hxlcl_strcpy((char *)(d), (const char *)(s))
      |         ^
/Library/Developer/CommandLineTools/SDKs/MacOSX.sdk/usr/include/secure/_string.h:249:9: note: previous definition is here
  249 | #define strcpy(...) __strcpy_chk_func (__VA_ARGS__)
      |         ^
/Users/ghost/core/hexa-lang/self/runtime.c:1165:9: warning: 'snprintf' macro redefined [-Wmacro-redefined]
 1165 | #define snprintf(b,c,...)  hxlcl_snprintf((char *)(b), (size_t)(c), __VA_ARGS__)
      |         ^
/Library/Developer/CommandLineTools/SDKs/MacOSX.sdk/usr/include/secure/_stdio.h:119:9: note: previous definition is here
  119 | #define snprintf(str, len, ...) __snprintf_chk_func (str, len, 0, __VA_ARGS__)
      |         ^
/Users/ghost/core/hexa-lang/self/runtime.c:1166:9: warning: 'sprintf' macro redefined [-Wmacro-redefined]
 1166 | #define sprintf(b,...)     hxlcl_sprintf((char *)(b), __VA_ARGS__)
      |         ^
/Library/Developer/CommandLineTools/SDKs/MacOSX.sdk/usr/include/secure/_stdio.h:107:9: note: previous definition is here
  107 | #define sprintf(str, ...) __sprintf_chk_func (str, 0, __VA_ARGS__)
      |         ^
In file included from /Users/ghost/core/hexa-lang/self/runtime.c:1211:
/Users/ghost/core/hexa-lang/self/runtime_core.c:4193:11: warning: initializing 'char *' with an expression of type 'const char *' discards qualifiers [-Wincompatible-pointer-types-discards-qualifiers]
 4193 |     char* p = hxlcl_strstr(HX_STR(s), HX_STR(sub));
      |           ^   ~~~~~~~~~~~~~~~~~~~~~~~~~~~~~~~~~~~~
/Users/ghost/core/hexa-lang/self/runtime_core.c:5940:11: warning: initializing 'char *' with an expression of type 'const char *' discards qualifiers [-Wincompatible-pointer-types-discards-qualifiers]
 5940 |     char* pos = hxlcl_strstr(HX_STR(fmt), "{}");
      |           ^     ~~~~~~~~~~~~~~~~~~~~~~~~~~~~~~~
/Users/ghost/core/hexa-lang/self/runtime_core.c:5973:19: warning: initializing 'char *' with an expression of type 'const char *' discards qualifiers [-Wincompatible-pointer-types-discards-qualifiers]
 5973 |             char* close = hxlcl_strchr(src, '}');
      |                   ^       ~~~~~~~~~~~~~~~~~~~~~~
/Users/ghost/core/hexa-lang/self/runtime_core.c:6062:15: warning: initializing 'char *' with an expression of type 'const char *' discards qualifiers [-Wincompatible-pointer-types-discards-qualifiers]
 6062 |         char* found = hxlcl_strstr(pos, d);
      |               ^       ~~~~~~~~~~~~~~~~~~~~
/Users/ghost/core/hexa-lang/self/runtime_core.c:6118:15: warning: initializing 'char *' with an expression of type 'const char *' discards qualifiers [-Wincompatible-pointer-types-discards-qualifiers]
 6118 |         char* found = hxlcl_strstr(pos, HX_STR(old));
      |               ^       ~~~~~~~~~~~~~~~~~~~~~~~~~~~~~~
14 warnings generated.

OK: built /Users/ghost/.cache/g1_smoke_build/smoke_partial_reconfig_b19965ae
[PASS] rc=0 — /Users/ghost/core/anima/anima-physics/fpga/partial_reconfig.hexa

=== BUILD: /Users/ghost/core/anima/anima-physics/fpga/strange_loop.hexa ===
=== Building /Users/ghost/core/anima/anima-physics/fpga/strange_loop.hexa -> /Users/ghost/.cache/g1_smoke_build/smoke_strange_loop_3d1cb86b ===
  [1/2] HEXA_MEM_CAP_MB=4096 /Users/ghost/core/hexa-lang/self/native/hexa_v2 /Users/ghost/core/anima/anima-physics/fpga/strange_loop.hexa build/artifacts/smoke_strange_loop_3d1cb86b.c 2>&1
    OK: build/artifacts/smoke_strange_loop_3d1cb86b.c

  [2/2] clang -O2 -DHEXA_HAS_LIBSODIUM -I/opt/homebrew/Cellar/libsodium/1.0.22/include -DHEXA_HAS_OPENSSL -I/opt/homebrew/Cellar/openssl@3/3.6.2/include -Wno-trigraphs -fbracket-depth=4096 -I '/Users/ghost/core/hexa-lang/self' build/artifacts/smoke_strange_loop_3d1cb86b.c '/Users/ghost/core/hexa-lang/self/runtime.c' -o '/Users/ghost/.cache/g1_smoke_build/smoke_strange_loop_3d1cb86b.tmp.99634' -lpthread -L/opt/homebrew/Cellar/libsodium/1.0.22/lib -lsodium -L/opt/homebrew/Cellar/openssl@3/3.6.2/lib -lssl -lcrypto 2>&1
    In file included from build/artifacts/smoke_strange_loop_3d1cb86b.c:2:
/Users/ghost/core/hexa-lang/self/runtime.h:349:28: warning: '/*' within block comment [-Wcomment]
  349 | /* ── Additional native/*.c forward-decls (auto-generated 2026-05-15) ──
      |                        ^
/Users/ghost/core/hexa-lang/self/runtime.h:350:36: warning: '/*' within block comment [-Wcomment]
  350 |  * Sourced from grep of self/native/*.c hexa_* definitions; ensures user.c
      |                                    ^
2 warnings generated.
/Users/ghost/core/hexa-lang/self/runtime.c:1145:9: warning: 'strcat' macro redefined [-Wmacro-redefined]
 1145 | #define strcat(d,s)    hxlcl_strcat((char *)(d), (const char *)(s))
      |         ^
/Library/Developer/CommandLineTools/SDKs/MacOSX.sdk/usr/include/secure/_string.h:254:9: note: previous definition is here
  254 | #define strcat(...) __strcat_chk_func (__VA_ARGS__)
      |         ^
/Users/ghost/core/hexa-lang/self/runtime.c:1157:9: warning: 'bzero' macro redefined [-Wmacro-redefined]
 1157 | #define bzero(p,n)     hxlcl_bzero((void *)(p), (size_t)(n))
      |         ^
/Library/Developer/CommandLineTools/SDKs/MacOSX.sdk/usr/include/secure/_strings.h:90:9: note: previous definition is here
   90 | #define bzero(...) __bzero_chk_func (__VA_ARGS__)
      |         ^
/Users/ghost/core/hexa-lang/self/runtime.c:1158:9: warning: 'memcpy' macro redefined [-Wmacro-redefined]
 1158 | #define memcpy(d,s,n)  hxlcl_memcpy((void *)(d), (const void *)(s), (size_t)(n))
      |         ^
/Library/Developer/CommandLineTools/SDKs/MacOSX.sdk/usr/include/secure/_string.h:234:9: note: previous definition is here
  234 | #define memcpy(...) __memcpy_chk_func (__VA_ARGS__)
      |         ^
/Users/ghost/core/hexa-lang/self/runtime.c:1159:9: warning: 'memset' macro redefined [-Wmacro-redefined]
 1159 | #define memset(p,c,n)  hxlcl_memset((void *)(p), (int)(c), (size_t)(n))
      |         ^
/Library/Developer/CommandLineTools/SDKs/MacOSX.sdk/usr/include/secure/_string.h:244:9: note: previous definition is here
  244 | #define memset(...) __memset_chk_func (__VA_ARGS__)
      |         ^
/Users/ghost/core/hexa-lang/self/runtime.c:1160:9: warning: 'memmove' macro redefined [-Wmacro-redefined]
 1160 | #define memmove(d,s,n) hxlcl_memmove((void *)(d), (const void *)(s), (size_t)(n))
      |         ^
/Library/Developer/CommandLineTools/SDKs/MacOSX.sdk/usr/include/secure/_string.h:239:9: note: previous definition is here
  239 | #define memmove(...) __memmove_chk_func (__VA_ARGS__)
      |         ^
/Users/ghost/core/hexa-lang/self/runtime.c:1161:9: warning: 'strncpy' macro redefined [-Wmacro-redefined]
 1161 | #define strncpy(d,s,n) hxlcl_strncpy((char *)(d), (const char *)(s), (size_t)(n))
      |         ^
/Library/Developer/CommandLineTools/SDKs/MacOSX.sdk/usr/include/secure/_string.h:259:9: note: previous definition is here
  259 | #define strncpy(...) __strncpy_chk_func (__VA_ARGS__)
      |         ^
/Users/ghost/core/hexa-lang/self/runtime.c:1162:9: warning: 'strcpy' macro redefined [-Wmacro-redefined]
 1162 | #define strcpy(d,s)    hxlcl_strcpy((char *)(d), (const char *)(s))
      |         ^
/Library/Developer/CommandLineTools/SDKs/MacOSX.sdk/usr/include/secure/_string.h:249:9: note: previous definition is here
  249 | #define strcpy(...) __strcpy_chk_func (__VA_ARGS__)
      |         ^
/Users/ghost/core/hexa-lang/self/runtime.c:1165:9: warning: 'snprintf' macro redefined [-Wmacro-redefined]
 1165 | #define snprintf(b,c,...)  hxlcl_snprintf((char *)(b), (size_t)(c), __VA_ARGS__)
      |         ^
/Library/Developer/CommandLineTools/SDKs/MacOSX.sdk/usr/include/secure/_stdio.h:119:9: note: previous definition is here
  119 | #define snprintf(str, len, ...) __snprintf_chk_func (str, len, 0, __VA_ARGS__)
      |         ^
/Users/ghost/core/hexa-lang/self/runtime.c:1166:9: warning: 'sprintf' macro redefined [-Wmacro-redefined]
 1166 | #define sprintf(b,...)     hxlcl_sprintf((char *)(b), __VA_ARGS__)
      |         ^
/Library/Developer/CommandLineTools/SDKs/MacOSX.sdk/usr/include/secure/_stdio.h:107:9: note: previous definition is here
  107 | #define sprintf(str, ...) __sprintf_chk_func (str, 0, __VA_ARGS__)
      |         ^
In file included from /Users/ghost/core/hexa-lang/self/runtime.c:1211:
/Users/ghost/core/hexa-lang/self/runtime_core.c:4193:11: warning: initializing 'char *' with an expression of type 'const char *' discards qualifiers [-Wincompatible-pointer-types-discards-qualifiers]
 4193 |     char* p = hxlcl_strstr(HX_STR(s), HX_STR(sub));
      |           ^   ~~~~~~~~~~~~~~~~~~~~~~~~~~~~~~~~~~~~
/Users/ghost/core/hexa-lang/self/runtime_core.c:5940:11: warning: initializing 'char *' with an expression of type 'const char *' discards qualifiers [-Wincompatible-pointer-types-discards-qualifiers]
 5940 |     char* pos = hxlcl_strstr(HX_STR(fmt), "{}");
      |           ^     ~~~~~~~~~~~~~~~~~~~~~~~~~~~~~~~
/Users/ghost/core/hexa-lang/self/runtime_core.c:5973:19: warning: initializing 'char *' with an expression of type 'const char *' discards qualifiers [-Wincompatible-pointer-types-discards-qualifiers]
 5973 |             char* close = hxlcl_strchr(src, '}');
      |                   ^       ~~~~~~~~~~~~~~~~~~~~~~
/Users/ghost/core/hexa-lang/self/runtime_core.c:6062:15: warning: initializing 'char *' with an expression of type 'const char *' discards qualifiers [-Wincompatible-pointer-types-discards-qualifiers]
 6062 |         char* found = hxlcl_strstr(pos, d);
      |               ^       ~~~~~~~~~~~~~~~~~~~~
/Users/ghost/core/hexa-lang/self/runtime_core.c:6118:15: warning: initializing 'char *' with an expression of type 'const char *' discards qualifiers [-Wincompatible-pointer-types-discards-qualifiers]
 6118 |         char* found = hxlcl_strstr(pos, HX_STR(old));
      |               ^       ~~~~~~~~~~~~~~~~~~~~~~~~~~~~~~
14 warnings generated.

OK: built /Users/ghost/.cache/g1_smoke_build/smoke_strange_loop_3d1cb86b
[PASS] rc=0 — /Users/ghost/core/anima/anima-physics/fpga/strange_loop.hexa

=== BUILD: /Users/ghost/core/anima/anima-physics/hippocampus/episodic_replay.hexa ===
=== Building /Users/ghost/core/anima/anima-physics/hippocampus/episodic_replay.hexa -> /Users/ghost/.cache/g1_smoke_build/smoke_episodic_replay_ba532716 ===
  [1/2] HEXA_MEM_CAP_MB=4096 /Users/ghost/core/hexa-lang/self/native/hexa_v2 /Users/ghost/core/anima/anima-physics/hippocampus/episodic_replay.hexa build/artifacts/smoke_episodic_replay_ba532716.c 2>&1
    OK: build/artifacts/smoke_episodic_replay_ba532716.c

  [2/2] clang -O2 -DHEXA_HAS_LIBSODIUM -I/opt/homebrew/Cellar/libsodium/1.0.22/include -DHEXA_HAS_OPENSSL -I/opt/homebrew/Cellar/openssl@3/3.6.2/include -Wno-trigraphs -fbracket-depth=4096 -I '/Users/ghost/core/hexa-lang/self' build/artifacts/smoke_episodic_replay_ba532716.c '/Users/ghost/core/hexa-lang/self/runtime.c' -o '/Users/ghost/.cache/g1_smoke_build/smoke_episodic_replay_ba532716.tmp.1448' -lpthread -L/opt/homebrew/Cellar/libsodium/1.0.22/lib -lsodium -L/opt/homebrew/Cellar/openssl@3/3.6.2/lib -lssl -lcrypto 2>&1
    In file included from build/artifacts/smoke_episodic_replay_ba532716.c:2:
/Users/ghost/core/hexa-lang/self/runtime.h:349:28: warning: '/*' within block comment [-Wcomment]
  349 | /* ── Additional native/*.c forward-decls (auto-generated 2026-05-15) ──
      |                        ^
/Users/ghost/core/hexa-lang/self/runtime.h:350:36: warning: '/*' within block comment [-Wcomment]
  350 |  * Sourced from grep of self/native/*.c hexa_* definitions; ensures user.c
      |                                    ^
2 warnings generated.
/Users/ghost/core/hexa-lang/self/runtime.c:1145:9: warning: 'strcat' macro redefined [-Wmacro-redefined]
 1145 | #define strcat(d,s)    hxlcl_strcat((char *)(d), (const char *)(s))
      |         ^
/Library/Developer/CommandLineTools/SDKs/MacOSX.sdk/usr/include/secure/_string.h:254:9: note: previous definition is here
  254 | #define strcat(...) __strcat_chk_func (__VA_ARGS__)
      |         ^
/Users/ghost/core/hexa-lang/self/runtime.c:1157:9: warning: 'bzero' macro redefined [-Wmacro-redefined]
 1157 | #define bzero(p,n)     hxlcl_bzero((void *)(p), (size_t)(n))
      |         ^
/Library/Developer/CommandLineTools/SDKs/MacOSX.sdk/usr/include/secure/_strings.h:90:9: note: previous definition is here
   90 | #define bzero(...) __bzero_chk_func (__VA_ARGS__)
      |         ^
/Users/ghost/core/hexa-lang/self/runtime.c:1158:9: warning: 'memcpy' macro redefined [-Wmacro-redefined]
 1158 | #define memcpy(d,s,n)  hxlcl_memcpy((void *)(d), (const void *)(s), (size_t)(n))
      |         ^
/Library/Developer/CommandLineTools/SDKs/MacOSX.sdk/usr/include/secure/_string.h:234:9: note: previous definition is here
  234 | #define memcpy(...) __memcpy_chk_func (__VA_ARGS__)
      |         ^
/Users/ghost/core/hexa-lang/self/runtime.c:1159:9: warning: 'memset' macro redefined [-Wmacro-redefined]
 1159 | #define memset(p,c,n)  hxlcl_memset((void *)(p), (int)(c), (size_t)(n))
      |         ^
/Library/Developer/CommandLineTools/SDKs/MacOSX.sdk/usr/include/secure/_string.h:244:9: note: previous definition is here
  244 | #define memset(...) __memset_chk_func (__VA_ARGS__)
      |         ^
/Users/ghost/core/hexa-lang/self/runtime.c:1160:9: warning: 'memmove' macro redefined [-Wmacro-redefined]
 1160 | #define memmove(d,s,n) hxlcl_memmove((void *)(d), (const void *)(s), (size_t)(n))
      |         ^
/Library/Developer/CommandLineTools/SDKs/MacOSX.sdk/usr/include/secure/_string.h:239:9: note: previous definition is here
  239 | #define memmove(...) __memmove_chk_func (__VA_ARGS__)
      |         ^
/Users/ghost/core/hexa-lang/self/runtime.c:1161:9: warning: 'strncpy' macro redefined [-Wmacro-redefined]
 1161 | #define strncpy(d,s,n) hxlcl_strncpy((char *)(d), (const char *)(s), (size_t)(n))
      |         ^
/Library/Developer/CommandLineTools/SDKs/MacOSX.sdk/usr/include/secure/_string.h:259:9: note: previous definition is here
  259 | #define strncpy(...) __strncpy_chk_func (__VA_ARGS__)
      |         ^
/Users/ghost/core/hexa-lang/self/runtime.c:1162:9: warning: 'strcpy' macro redefined [-Wmacro-redefined]
 1162 | #define strcpy(d,s)    hxlcl_strcpy((char *)(d), (const char *)(s))
      |         ^
/Library/Developer/CommandLineTools/SDKs/MacOSX.sdk/usr/include/secure/_string.h:249:9: note: previous definition is here
  249 | #define strcpy(...) __strcpy_chk_func (__VA_ARGS__)
      |         ^
/Users/ghost/core/hexa-lang/self/runtime.c:1165:9: warning: 'snprintf' macro redefined [-Wmacro-redefined]
 1165 | #define snprintf(b,c,...)  hxlcl_snprintf((char *)(b), (size_t)(c), __VA_ARGS__)
      |         ^
/Library/Developer/CommandLineTools/SDKs/MacOSX.sdk/usr/include/secure/_stdio.h:119:9: note: previous definition is here
  119 | #define snprintf(str, len, ...) __snprintf_chk_func (str, len, 0, __VA_ARGS__)
      |         ^
/Users/ghost/core/hexa-lang/self/runtime.c:1166:9: warning: 'sprintf' macro redefined [-Wmacro-redefined]
 1166 | #define sprintf(b,...)     hxlcl_sprintf((char *)(b), __VA_ARGS__)
      |         ^
/Library/Developer/CommandLineTools/SDKs/MacOSX.sdk/usr/include/secure/_stdio.h:107:9: note: previous definition is here
  107 | #define sprintf(str, ...) __sprintf_chk_func (str, 0, __VA_ARGS__)
      |         ^
In file included from /Users/ghost/core/hexa-lang/self/runtime.c:1211:
/Users/ghost/core/hexa-lang/self/runtime_core.c:4193:11: warning: initializing 'char *' with an expression of type 'const char *' discards qualifiers [-Wincompatible-pointer-types-discards-qualifiers]
 4193 |     char* p = hxlcl_strstr(HX_STR(s), HX_STR(sub));
      |           ^   ~~~~~~~~~~~~~~~~~~~~~~~~~~~~~~~~~~~~
/Users/ghost/core/hexa-lang/self/runtime_core.c:5940:11: warning: initializing 'char *' with an expression of type 'const char *' discards qualifiers [-Wincompatible-pointer-types-discards-qualifiers]
 5940 |     char* pos = hxlcl_strstr(HX_STR(fmt), "{}");
      |           ^     ~~~~~~~~~~~~~~~~~~~~~~~~~~~~~~~
/Users/ghost/core/hexa-lang/self/runtime_core.c:5973:19: warning: initializing 'char *' with an expression of type 'const char *' discards qualifiers [-Wincompatible-pointer-types-discards-qualifiers]
 5973 |             char* close = hxlcl_strchr(src, '}');
      |                   ^       ~~~~~~~~~~~~~~~~~~~~~~
/Users/ghost/core/hexa-lang/self/runtime_core.c:6062:15: warning: initializing 'char *' with an expression of type 'const char *' discards qualifiers [-Wincompatible-pointer-types-discards-qualifiers]
 6062 |         char* found = hxlcl_strstr(pos, d);
      |               ^       ~~~~~~~~~~~~~~~~~~~~
/Users/ghost/core/hexa-lang/self/runtime_core.c:6118:15: warning: initializing 'char *' with an expression of type 'const char *' discards qualifiers [-Wincompatible-pointer-types-discards-qualifiers]
 6118 |         char* found = hxlcl_strstr(pos, HX_STR(old));
      |               ^       ~~~~~~~~~~~~~~~~~~~~~~~~~~~~~~
14 warnings generated.

OK: built /Users/ghost/.cache/g1_smoke_build/smoke_episodic_replay_ba532716
[PASS] rc=0 — /Users/ghost/core/anima/anima-physics/hippocampus/episodic_replay.hexa

=== BUILD: /Users/ghost/core/anima/anima-physics/hippocampus/theta_gamma.hexa ===
=== Building /Users/ghost/core/anima/anima-physics/hippocampus/theta_gamma.hexa -> /Users/ghost/.cache/g1_smoke_build/smoke_theta_gamma_1703d4b3 ===
  [1/2] HEXA_MEM_CAP_MB=4096 /Users/ghost/core/hexa-lang/self/native/hexa_v2 /Users/ghost/core/anima/anima-physics/hippocampus/theta_gamma.hexa build/artifacts/smoke_theta_gamma_1703d4b3.c 2>&1
    OK: build/artifacts/smoke_theta_gamma_1703d4b3.c

  [2/2] clang -O2 -DHEXA_HAS_LIBSODIUM -I/opt/homebrew/Cellar/libsodium/1.0.22/include -DHEXA_HAS_OPENSSL -I/opt/homebrew/Cellar/openssl@3/3.6.2/include -Wno-trigraphs -fbracket-depth=4096 -I '/Users/ghost/core/hexa-lang/self' build/artifacts/smoke_theta_gamma_1703d4b3.c '/Users/ghost/core/hexa-lang/self/runtime.c' -o '/Users/ghost/.cache/g1_smoke_build/smoke_theta_gamma_1703d4b3.tmp.2778' -lpthread -L/opt/homebrew/Cellar/libsodium/1.0.22/lib -lsodium -L/opt/homebrew/Cellar/openssl@3/3.6.2/lib -lssl -lcrypto 2>&1
    In file included from build/artifacts/smoke_theta_gamma_1703d4b3.c:2:
/Users/ghost/core/hexa-lang/self/runtime.h:349:28: warning: '/*' within block comment [-Wcomment]
  349 | /* ── Additional native/*.c forward-decls (auto-generated 2026-05-15) ──
      |                        ^
/Users/ghost/core/hexa-lang/self/runtime.h:350:36: warning: '/*' within block comment [-Wcomment]
  350 |  * Sourced from grep of self/native/*.c hexa_* definitions; ensures user.c
      |                                    ^
2 warnings generated.
/Users/ghost/core/hexa-lang/self/runtime.c:1145:9: warning: 'strcat' macro redefined [-Wmacro-redefined]
 1145 | #define strcat(d,s)    hxlcl_strcat((char *)(d), (const char *)(s))
      |         ^
/Library/Developer/CommandLineTools/SDKs/MacOSX.sdk/usr/include/secure/_string.h:254:9: note: previous definition is here
  254 | #define strcat(...) __strcat_chk_func (__VA_ARGS__)
      |         ^
/Users/ghost/core/hexa-lang/self/runtime.c:1157:9: warning: 'bzero' macro redefined [-Wmacro-redefined]
 1157 | #define bzero(p,n)     hxlcl_bzero((void *)(p), (size_t)(n))
      |         ^
/Library/Developer/CommandLineTools/SDKs/MacOSX.sdk/usr/include/secure/_strings.h:90:9: note: previous definition is here
   90 | #define bzero(...) __bzero_chk_func (__VA_ARGS__)
      |         ^
/Users/ghost/core/hexa-lang/self/runtime.c:1158:9: warning: 'memcpy' macro redefined [-Wmacro-redefined]
 1158 | #define memcpy(d,s,n)  hxlcl_memcpy((void *)(d), (const void *)(s), (size_t)(n))
      |         ^
/Library/Developer/CommandLineTools/SDKs/MacOSX.sdk/usr/include/secure/_string.h:234:9: note: previous definition is here
  234 | #define memcpy(...) __memcpy_chk_func (__VA_ARGS__)
      |         ^
/Users/ghost/core/hexa-lang/self/runtime.c:1159:9: warning: 'memset' macro redefined [-Wmacro-redefined]
 1159 | #define memset(p,c,n)  hxlcl_memset((void *)(p), (int)(c), (size_t)(n))
      |         ^
/Library/Developer/CommandLineTools/SDKs/MacOSX.sdk/usr/include/secure/_string.h:244:9: note: previous definition is here
  244 | #define memset(...) __memset_chk_func (__VA_ARGS__)
      |         ^
/Users/ghost/core/hexa-lang/self/runtime.c:1160:9: warning: 'memmove' macro redefined [-Wmacro-redefined]
 1160 | #define memmove(d,s,n) hxlcl_memmove((void *)(d), (const void *)(s), (size_t)(n))
      |         ^
/Library/Developer/CommandLineTools/SDKs/MacOSX.sdk/usr/include/secure/_string.h:239:9: note: previous definition is here
  239 | #define memmove(...) __memmove_chk_func (__VA_ARGS__)
      |         ^
/Users/ghost/core/hexa-lang/self/runtime.c:1161:9: warning: 'strncpy' macro redefined [-Wmacro-redefined]
 1161 | #define strncpy(d,s,n) hxlcl_strncpy((char *)(d), (const char *)(s), (size_t)(n))
      |         ^
/Library/Developer/CommandLineTools/SDKs/MacOSX.sdk/usr/include/secure/_string.h:259:9: note: previous definition is here
  259 | #define strncpy(...) __strncpy_chk_func (__VA_ARGS__)
      |         ^
/Users/ghost/core/hexa-lang/self/runtime.c:1162:9: warning: 'strcpy' macro redefined [-Wmacro-redefined]
 1162 | #define strcpy(d,s)    hxlcl_strcpy((char *)(d), (const char *)(s))
      |         ^
/Library/Developer/CommandLineTools/SDKs/MacOSX.sdk/usr/include/secure/_string.h:249:9: note: previous definition is here
  249 | #define strcpy(...) __strcpy_chk_func (__VA_ARGS__)
      |         ^
/Users/ghost/core/hexa-lang/self/runtime.c:1165:9: warning: 'snprintf' macro redefined [-Wmacro-redefined]
 1165 | #define snprintf(b,c,...)  hxlcl_snprintf((char *)(b), (size_t)(c), __VA_ARGS__)
      |         ^
/Library/Developer/CommandLineTools/SDKs/MacOSX.sdk/usr/include/secure/_stdio.h:119:9: note: previous definition is here
  119 | #define snprintf(str, len, ...) __snprintf_chk_func (str, len, 0, __VA_ARGS__)
      |         ^
/Users/ghost/core/hexa-lang/self/runtime.c:1166:9: warning: 'sprintf' macro redefined [-Wmacro-redefined]
 1166 | #define sprintf(b,...)     hxlcl_sprintf((char *)(b), __VA_ARGS__)
      |         ^
/Library/Developer/CommandLineTools/SDKs/MacOSX.sdk/usr/include/secure/_stdio.h:107:9: note: previous definition is here
  107 | #define sprintf(str, ...) __sprintf_chk_func (str, 0, __VA_ARGS__)
      |         ^
In file included from /Users/ghost/core/hexa-lang/self/runtime.c:1211:
/Users/ghost/core/hexa-lang/self/runtime_core.c:4193:11: warning: initializing 'char *' with an expression of type 'const char *' discards qualifiers [-Wincompatible-pointer-types-discards-qualifiers]
 4193 |     char* p = hxlcl_strstr(HX_STR(s), HX_STR(sub));
      |           ^   ~~~~~~~~~~~~~~~~~~~~~~~~~~~~~~~~~~~~
/Users/ghost/core/hexa-lang/self/runtime_core.c:5940:11: warning: initializing 'char *' with an expression of type 'const char *' discards qualifiers [-Wincompatible-pointer-types-discards-qualifiers]
 5940 |     char* pos = hxlcl_strstr(HX_STR(fmt), "{}");
      |           ^     ~~~~~~~~~~~~~~~~~~~~~~~~~~~~~~~
/Users/ghost/core/hexa-lang/self/runtime_core.c:5973:19: warning: initializing 'char *' with an expression of type 'const char *' discards qualifiers [-Wincompatible-pointer-types-discards-qualifiers]
 5973 |             char* close = hxlcl_strchr(src, '}');
      |                   ^       ~~~~~~~~~~~~~~~~~~~~~~
/Users/ghost/core/hexa-lang/self/runtime_core.c:6062:15: warning: initializing 'char *' with an expression of type 'const char *' discards qualifiers [-Wincompatible-pointer-types-discards-qualifiers]
 6062 |         char* found = hxlcl_strstr(pos, d);
      |               ^       ~~~~~~~~~~~~~~~~~~~~
/Users/ghost/core/hexa-lang/self/runtime_core.c:6118:15: warning: initializing 'char *' with an expression of type 'const char *' discards qualifiers [-Wincompatible-pointer-types-discards-qualifiers]
 6118 |         char* found = hxlcl_strstr(pos, HX_STR(old));
      |               ^       ~~~~~~~~~~~~~~~~~~~~~~~~~~~~~~
14 warnings generated.

OK: built /Users/ghost/.cache/g1_smoke_build/smoke_theta_gamma_1703d4b3
[PASS] rc=0 — /Users/ghost/core/anima/anima-physics/hippocampus/theta_gamma.hexa

=== BUILD: /Users/ghost/core/anima/anima-physics/hw_engine_bridge.hexa ===
=== Building /Users/ghost/core/anima/anima-physics/hw_engine_bridge.hexa -> /Users/ghost/.cache/g1_smoke_build/smoke_hw_engine_bridge_e51422db ===
  [1/2] HEXA_MEM_CAP_MB=4096 /Users/ghost/core/hexa-lang/self/native/hexa_v2 /Users/ghost/core/anima/anima-physics/hw_engine_bridge.hexa build/artifacts/smoke_hw_engine_bridge_e51422db.c 2>&1
    error: auto-invoke conflict — `fn main()` is auto-called by hexa-strict
       AND a top-level `main()` call was found, which would run main() twice
       in the interp path (codegen suppresses but interp deliberately double-calls).
hint: remove the explicit `main()` call (auto-invoke handles it)
hint: OR add `@manual_main` attribute on `fn main` to opt out of auto-invoke
ref: silent-failure-enforcement Class 1 (doc/audit/silent_failure_enforcement_audit.md)

sh: command substitution: line 0: syntax error near unexpected token `('
sh: command substitution: line 0: `fn main()'
sh: command substitution: line 1: syntax error: unexpected end of file
sh: command substitution: line 1: syntax error: unexpected end of file
sh: @manual_main: command not found
sh: fn: command not found
error: transpile failed — C file not produced: build/artifacts/smoke_hw_engine_bridge_e51422db.c
[FAIL] rc=1 — /Users/ghost/core/anima/anima-physics/hw_engine_bridge.hexa

=== BUILD: /Users/ghost/core/anima/anima-physics/hw/autonomous_expansion.hexa ===
=== Building /Users/ghost/core/anima/anima-physics/hw/autonomous_expansion.hexa -> /Users/ghost/.cache/g1_smoke_build/smoke_autonomous_expansion_16db96c2 ===
  [1/2] HEXA_MEM_CAP_MB=4096 /Users/ghost/core/hexa-lang/self/native/hexa_v2 /Users/ghost/core/anima/anima-physics/hw/autonomous_expansion.hexa build/artifacts/smoke_autonomous_expansion_16db96c2.c 2>&1
    OK: build/artifacts/smoke_autonomous_expansion_16db96c2.c

  [2/2] clang -O2 -DHEXA_HAS_LIBSODIUM -I/opt/homebrew/Cellar/libsodium/1.0.22/include -DHEXA_HAS_OPENSSL -I/opt/homebrew/Cellar/openssl@3/3.6.2/include -Wno-trigraphs -fbracket-depth=4096 -I '/Users/ghost/core/hexa-lang/self' build/artifacts/smoke_autonomous_expansion_16db96c2.c '/Users/ghost/core/hexa-lang/self/runtime.c' -o '/Users/ghost/.cache/g1_smoke_build/smoke_autonomous_expansion_16db96c2.tmp.4471' -lpthread -L/opt/homebrew/Cellar/libsodium/1.0.22/lib -lsodium -L/opt/homebrew/Cellar/openssl@3/3.6.2/lib -lssl -lcrypto 2>&1
    In file included from build/artifacts/smoke_autonomous_expansion_16db96c2.c:2:
/Users/ghost/core/hexa-lang/self/runtime.h:349:28: warning: '/*' within block comment [-Wcomment]
  349 | /* ── Additional native/*.c forward-decls (auto-generated 2026-05-15) ──
      |                        ^
/Users/ghost/core/hexa-lang/self/runtime.h:350:36: warning: '/*' within block comment [-Wcomment]
  350 |  * Sourced from grep of self/native/*.c hexa_* definitions; ensures user.c
      |                                    ^
2 warnings generated.
/Users/ghost/core/hexa-lang/self/runtime.c:1145:9: warning: 'strcat' macro redefined [-Wmacro-redefined]
 1145 | #define strcat(d,s)    hxlcl_strcat((char *)(d), (const char *)(s))
      |         ^
/Library/Developer/CommandLineTools/SDKs/MacOSX.sdk/usr/include/secure/_string.h:254:9: note: previous definition is here
  254 | #define strcat(...) __strcat_chk_func (__VA_ARGS__)
      |         ^
/Users/ghost/core/hexa-lang/self/runtime.c:1157:9: warning: 'bzero' macro redefined [-Wmacro-redefined]
 1157 | #define bzero(p,n)     hxlcl_bzero((void *)(p), (size_t)(n))
      |         ^
/Library/Developer/CommandLineTools/SDKs/MacOSX.sdk/usr/include/secure/_strings.h:90:9: note: previous definition is here
   90 | #define bzero(...) __bzero_chk_func (__VA_ARGS__)
      |         ^
/Users/ghost/core/hexa-lang/self/runtime.c:1158:9: warning: 'memcpy' macro redefined [-Wmacro-redefined]
 1158 | #define memcpy(d,s,n)  hxlcl_memcpy((void *)(d), (const void *)(s), (size_t)(n))
      |         ^
/Library/Developer/CommandLineTools/SDKs/MacOSX.sdk/usr/include/secure/_string.h:234:9: note: previous definition is here
  234 | #define memcpy(...) __memcpy_chk_func (__VA_ARGS__)
      |         ^
/Users/ghost/core/hexa-lang/self/runtime.c:1159:9: warning: 'memset' macro redefined [-Wmacro-redefined]
 1159 | #define memset(p,c,n)  hxlcl_memset((void *)(p), (int)(c), (size_t)(n))
      |         ^
/Library/Developer/CommandLineTools/SDKs/MacOSX.sdk/usr/include/secure/_string.h:244:9: note: previous definition is here
  244 | #define memset(...) __memset_chk_func (__VA_ARGS__)
      |         ^
/Users/ghost/core/hexa-lang/self/runtime.c:1160:9: warning: 'memmove' macro redefined [-Wmacro-redefined]
 1160 | #define memmove(d,s,n) hxlcl_memmove((void *)(d), (const void *)(s), (size_t)(n))
      |         ^
/Library/Developer/CommandLineTools/SDKs/MacOSX.sdk/usr/include/secure/_string.h:239:9: note: previous definition is here
  239 | #define memmove(...) __memmove_chk_func (__VA_ARGS__)
      |         ^
/Users/ghost/core/hexa-lang/self/runtime.c:1161:9: warning: 'strncpy' macro redefined [-Wmacro-redefined]
 1161 | #define strncpy(d,s,n) hxlcl_strncpy((char *)(d), (const char *)(s), (size_t)(n))
      |         ^
/Library/Developer/CommandLineTools/SDKs/MacOSX.sdk/usr/include/secure/_string.h:259:9: note: previous definition is here
  259 | #define strncpy(...) __strncpy_chk_func (__VA_ARGS__)
      |         ^
/Users/ghost/core/hexa-lang/self/runtime.c:1162:9: warning: 'strcpy' macro redefined [-Wmacro-redefined]
 1162 | #define strcpy(d,s)    hxlcl_strcpy((char *)(d), (const char *)(s))
      |         ^
/Library/Developer/CommandLineTools/SDKs/MacOSX.sdk/usr/include/secure/_string.h:249:9: note: previous definition is here
  249 | #define strcpy(...) __strcpy_chk_func (__VA_ARGS__)
      |         ^
/Users/ghost/core/hexa-lang/self/runtime.c:1165:9: warning: 'snprintf' macro redefined [-Wmacro-redefined]
 1165 | #define snprintf(b,c,...)  hxlcl_snprintf((char *)(b), (size_t)(c), __VA_ARGS__)
      |         ^
/Library/Developer/CommandLineTools/SDKs/MacOSX.sdk/usr/include/secure/_stdio.h:119:9: note: previous definition is here
  119 | #define snprintf(str, len, ...) __snprintf_chk_func (str, len, 0, __VA_ARGS__)
      |         ^
/Users/ghost/core/hexa-lang/self/runtime.c:1166:9: warning: 'sprintf' macro redefined [-Wmacro-redefined]
 1166 | #define sprintf(b,...)     hxlcl_sprintf((char *)(b), __VA_ARGS__)
      |         ^
/Library/Developer/CommandLineTools/SDKs/MacOSX.sdk/usr/include/secure/_stdio.h:107:9: note: previous definition is here
  107 | #define sprintf(str, ...) __sprintf_chk_func (str, 0, __VA_ARGS__)
      |         ^
In file included from /Users/ghost/core/hexa-lang/self/runtime.c:1211:
/Users/ghost/core/hexa-lang/self/runtime_core.c:4193:11: warning: initializing 'char *' with an expression of type 'const char *' discards qualifiers [-Wincompatible-pointer-types-discards-qualifiers]
 4193 |     char* p = hxlcl_strstr(HX_STR(s), HX_STR(sub));
      |           ^   ~~~~~~~~~~~~~~~~~~~~~~~~~~~~~~~~~~~~
/Users/ghost/core/hexa-lang/self/runtime_core.c:5940:11: warning: initializing 'char *' with an expression of type 'const char *' discards qualifiers [-Wincompatible-pointer-types-discards-qualifiers]
 5940 |     char* pos = hxlcl_strstr(HX_STR(fmt), "{}");
      |           ^     ~~~~~~~~~~~~~~~~~~~~~~~~~~~~~~~
/Users/ghost/core/hexa-lang/self/runtime_core.c:5973:19: warning: initializing 'char *' with an expression of type 'const char *' discards qualifiers [-Wincompatible-pointer-types-discards-qualifiers]
 5973 |             char* close = hxlcl_strchr(src, '}');
      |                   ^       ~~~~~~~~~~~~~~~~~~~~~~
/Users/ghost/core/hexa-lang/self/runtime_core.c:6062:15: warning: initializing 'char *' with an expression of type 'const char *' discards qualifiers [-Wincompatible-pointer-types-discards-qualifiers]
 6062 |         char* found = hxlcl_strstr(pos, d);
      |               ^       ~~~~~~~~~~~~~~~~~~~~
/Users/ghost/core/hexa-lang/self/runtime_core.c:6118:15: warning: initializing 'char *' with an expression of type 'const char *' discards qualifiers [-Wincompatible-pointer-types-discards-qualifiers]
 6118 |         char* found = hxlcl_strstr(pos, HX_STR(old));
      |               ^       ~~~~~~~~~~~~~~~~~~~~~~~~~~~~~~
14 warnings generated.

OK: built /Users/ghost/.cache/g1_smoke_build/smoke_autonomous_expansion_16db96c2
[PASS] rc=0 — /Users/ghost/core/anima/anima-physics/hw/autonomous_expansion.hexa

=== BUILD: /Users/ghost/core/anima/anima-physics/memristor/cloud_facade_poc.hexa ===
=== Building /Users/ghost/core/anima/anima-physics/memristor/cloud_facade_poc.hexa -> /Users/ghost/.cache/g1_smoke_build/smoke_cloud_facade_poc_b017f3ea ===
  [1/2] HEXA_MEM_CAP_MB=4096 /Users/ghost/core/hexa-lang/self/native/hexa_v2 /Users/ghost/core/anima/anima-physics/memristor/cloud_facade_poc.hexa build/artifacts/smoke_cloud_facade_poc_b017f3ea.c 2>&1
    OK: build/artifacts/smoke_cloud_facade_poc_b017f3ea.c

  [2/2] clang -O2 -DHEXA_HAS_LIBSODIUM -I/opt/homebrew/Cellar/libsodium/1.0.22/include -DHEXA_HAS_OPENSSL -I/opt/homebrew/Cellar/openssl@3/3.6.2/include -Wno-trigraphs -fbracket-depth=4096 -I '/Users/ghost/core/hexa-lang/self' build/artifacts/smoke_cloud_facade_poc_b017f3ea.c '/Users/ghost/core/hexa-lang/self/runtime.c' -o '/Users/ghost/.cache/g1_smoke_build/smoke_cloud_facade_poc_b017f3ea.tmp.5975' -lpthread -L/opt/homebrew/Cellar/libsodium/1.0.22/lib -lsodium -L/opt/homebrew/Cellar/openssl@3/3.6.2/lib -lssl -lcrypto 2>&1
    In file included from build/artifacts/smoke_cloud_facade_poc_b017f3ea.c:2:
/Users/ghost/core/hexa-lang/self/runtime.h:349:28: warning: '/*' within block comment [-Wcomment]
  349 | /* ── Additional native/*.c forward-decls (auto-generated 2026-05-15) ──
      |                        ^
/Users/ghost/core/hexa-lang/self/runtime.h:350:36: warning: '/*' within block comment [-Wcomment]
  350 |  * Sourced from grep of self/native/*.c hexa_* definitions; ensures user.c
      |                                    ^
2 warnings generated.
/Users/ghost/core/hexa-lang/self/runtime.c:1145:9: warning: 'strcat' macro redefined [-Wmacro-redefined]
 1145 | #define strcat(d,s)    hxlcl_strcat((char *)(d), (const char *)(s))
      |         ^
/Library/Developer/CommandLineTools/SDKs/MacOSX.sdk/usr/include/secure/_string.h:254:9: note: previous definition is here
  254 | #define strcat(...) __strcat_chk_func (__VA_ARGS__)
      |         ^
/Users/ghost/core/hexa-lang/self/runtime.c:1157:9: warning: 'bzero' macro redefined [-Wmacro-redefined]
 1157 | #define bzero(p,n)     hxlcl_bzero((void *)(p), (size_t)(n))
      |         ^
/Library/Developer/CommandLineTools/SDKs/MacOSX.sdk/usr/include/secure/_strings.h:90:9: note: previous definition is here
   90 | #define bzero(...) __bzero_chk_func (__VA_ARGS__)
      |         ^
/Users/ghost/core/hexa-lang/self/runtime.c:1158:9: warning: 'memcpy' macro redefined [-Wmacro-redefined]
 1158 | #define memcpy(d,s,n)  hxlcl_memcpy((void *)(d), (const void *)(s), (size_t)(n))
      |         ^
/Library/Developer/CommandLineTools/SDKs/MacOSX.sdk/usr/include/secure/_string.h:234:9: note: previous definition is here
  234 | #define memcpy(...) __memcpy_chk_func (__VA_ARGS__)
      |         ^
/Users/ghost/core/hexa-lang/self/runtime.c:1159:9: warning: 'memset' macro redefined [-Wmacro-redefined]
 1159 | #define memset(p,c,n)  hxlcl_memset((void *)(p), (int)(c), (size_t)(n))
      |         ^
/Library/Developer/CommandLineTools/SDKs/MacOSX.sdk/usr/include/secure/_string.h:244:9: note: previous definition is here
  244 | #define memset(...) __memset_chk_func (__VA_ARGS__)
      |         ^
/Users/ghost/core/hexa-lang/self/runtime.c:1160:9: warning: 'memmove' macro redefined [-Wmacro-redefined]
 1160 | #define memmove(d,s,n) hxlcl_memmove((void *)(d), (const void *)(s), (size_t)(n))
      |         ^
/Library/Developer/CommandLineTools/SDKs/MacOSX.sdk/usr/include/secure/_string.h:239:9: note: previous definition is here
  239 | #define memmove(...) __memmove_chk_func (__VA_ARGS__)
      |         ^
/Users/ghost/core/hexa-lang/self/runtime.c:1161:9: warning: 'strncpy' macro redefined [-Wmacro-redefined]
 1161 | #define strncpy(d,s,n) hxlcl_strncpy((char *)(d), (const char *)(s), (size_t)(n))
      |         ^
/Library/Developer/CommandLineTools/SDKs/MacOSX.sdk/usr/include/secure/_string.h:259:9: note: previous definition is here
  259 | #define strncpy(...) __strncpy_chk_func (__VA_ARGS__)
      |         ^
/Users/ghost/core/hexa-lang/self/runtime.c:1162:9: warning: 'strcpy' macro redefined [-Wmacro-redefined]
 1162 | #define strcpy(d,s)    hxlcl_strcpy((char *)(d), (const char *)(s))
      |         ^
/Library/Developer/CommandLineTools/SDKs/MacOSX.sdk/usr/include/secure/_string.h:249:9: note: previous definition is here
  249 | #define strcpy(...) __strcpy_chk_func (__VA_ARGS__)
      |         ^
/Users/ghost/core/hexa-lang/self/runtime.c:1165:9: warning: 'snprintf' macro redefined [-Wmacro-redefined]
 1165 | #define snprintf(b,c,...)  hxlcl_snprintf((char *)(b), (size_t)(c), __VA_ARGS__)
      |         ^
/Library/Developer/CommandLineTools/SDKs/MacOSX.sdk/usr/include/secure/_stdio.h:119:9: note: previous definition is here
  119 | #define snprintf(str, len, ...) __snprintf_chk_func (str, len, 0, __VA_ARGS__)
      |         ^
/Users/ghost/core/hexa-lang/self/runtime.c:1166:9: warning: 'sprintf' macro redefined [-Wmacro-redefined]
 1166 | #define sprintf(b,...)     hxlcl_sprintf((char *)(b), __VA_ARGS__)
      |         ^
/Library/Developer/CommandLineTools/SDKs/MacOSX.sdk/usr/include/secure/_stdio.h:107:9: note: previous definition is here
  107 | #define sprintf(str, ...) __sprintf_chk_func (str, 0, __VA_ARGS__)
      |         ^
In file included from /Users/ghost/core/hexa-lang/self/runtime.c:1211:
/Users/ghost/core/hexa-lang/self/runtime_core.c:4193:11: warning: initializing 'char *' with an expression of type 'const char *' discards qualifiers [-Wincompatible-pointer-types-discards-qualifiers]
 4193 |     char* p = hxlcl_strstr(HX_STR(s), HX_STR(sub));
      |           ^   ~~~~~~~~~~~~~~~~~~~~~~~~~~~~~~~~~~~~
/Users/ghost/core/hexa-lang/self/runtime_core.c:5940:11: warning: initializing 'char *' with an expression of type 'const char *' discards qualifiers [-Wincompatible-pointer-types-discards-qualifiers]
 5940 |     char* pos = hxlcl_strstr(HX_STR(fmt), "{}");
      |           ^     ~~~~~~~~~~~~~~~~~~~~~~~~~~~~~~~
/Users/ghost/core/hexa-lang/self/runtime_core.c:5973:19: warning: initializing 'char *' with an expression of type 'const char *' discards qualifiers [-Wincompatible-pointer-types-discards-qualifiers]
 5973 |             char* close = hxlcl_strchr(src, '}');
      |                   ^       ~~~~~~~~~~~~~~~~~~~~~~
/Users/ghost/core/hexa-lang/self/runtime_core.c:6062:15: warning: initializing 'char *' with an expression of type 'const char *' discards qualifiers [-Wincompatible-pointer-types-discards-qualifiers]
 6062 |         char* found = hxlcl_strstr(pos, d);
      |               ^       ~~~~~~~~~~~~~~~~~~~~
/Users/ghost/core/hexa-lang/self/runtime_core.c:6118:15: warning: initializing 'char *' with an expression of type 'const char *' discards qualifiers [-Wincompatible-pointer-types-discards-qualifiers]
 6118 |         char* found = hxlcl_strstr(pos, HX_STR(old));
      |               ^       ~~~~~~~~~~~~~~~~~~~~~~~~~~~~~~
14 warnings generated.

OK: built /Users/ghost/.cache/g1_smoke_build/smoke_cloud_facade_poc_b017f3ea
[PASS] rc=0 — /Users/ghost/core/anima/anima-physics/memristor/cloud_facade_poc.hexa

=== BUILD: /Users/ghost/core/anima/anima-physics/memristor/self_reference.hexa ===
=== Building /Users/ghost/core/anima/anima-physics/memristor/self_reference.hexa -> /Users/ghost/.cache/g1_smoke_build/smoke_self_reference_f0fdeb2d ===
  [1/2] HEXA_MEM_CAP_MB=4096 /Users/ghost/core/hexa-lang/self/native/hexa_v2 /Users/ghost/core/anima/anima-physics/memristor/self_reference.hexa build/artifacts/smoke_self_reference_f0fdeb2d.c 2>&1
    OK: build/artifacts/smoke_self_reference_f0fdeb2d.c

  [2/2] clang -O2 -DHEXA_HAS_LIBSODIUM -I/opt/homebrew/Cellar/libsodium/1.0.22/include -DHEXA_HAS_OPENSSL -I/opt/homebrew/Cellar/openssl@3/3.6.2/include -Wno-trigraphs -fbracket-depth=4096 -I '/Users/ghost/core/hexa-lang/self' build/artifacts/smoke_self_reference_f0fdeb2d.c '/Users/ghost/core/hexa-lang/self/runtime.c' -o '/Users/ghost/.cache/g1_smoke_build/smoke_self_reference_f0fdeb2d.tmp.7396' -lpthread -L/opt/homebrew/Cellar/libsodium/1.0.22/lib -lsodium -L/opt/homebrew/Cellar/openssl@3/3.6.2/lib -lssl -lcrypto 2>&1
    In file included from build/artifacts/smoke_self_reference_f0fdeb2d.c:2:
/Users/ghost/core/hexa-lang/self/runtime.h:349:28: warning: '/*' within block comment [-Wcomment]
  349 | /* ── Additional native/*.c forward-decls (auto-generated 2026-05-15) ──
      |                        ^
/Users/ghost/core/hexa-lang/self/runtime.h:350:36: warning: '/*' within block comment [-Wcomment]
  350 |  * Sourced from grep of self/native/*.c hexa_* definitions; ensures user.c
      |                                    ^
2 warnings generated.
/Users/ghost/core/hexa-lang/self/runtime.c:1145:9: warning: 'strcat' macro redefined [-Wmacro-redefined]
 1145 | #define strcat(d,s)    hxlcl_strcat((char *)(d), (const char *)(s))
      |         ^
/Library/Developer/CommandLineTools/SDKs/MacOSX.sdk/usr/include/secure/_string.h:254:9: note: previous definition is here
  254 | #define strcat(...) __strcat_chk_func (__VA_ARGS__)
      |         ^
/Users/ghost/core/hexa-lang/self/runtime.c:1157:9: warning: 'bzero' macro redefined [-Wmacro-redefined]
 1157 | #define bzero(p,n)     hxlcl_bzero((void *)(p), (size_t)(n))
      |         ^
/Library/Developer/CommandLineTools/SDKs/MacOSX.sdk/usr/include/secure/_strings.h:90:9: note: previous definition is here
   90 | #define bzero(...) __bzero_chk_func (__VA_ARGS__)
      |         ^
/Users/ghost/core/hexa-lang/self/runtime.c:1158:9: warning: 'memcpy' macro redefined [-Wmacro-redefined]
 1158 | #define memcpy(d,s,n)  hxlcl_memcpy((void *)(d), (const void *)(s), (size_t)(n))
      |         ^
/Library/Developer/CommandLineTools/SDKs/MacOSX.sdk/usr/include/secure/_string.h:234:9: note: previous definition is here
  234 | #define memcpy(...) __memcpy_chk_func (__VA_ARGS__)
      |         ^
/Users/ghost/core/hexa-lang/self/runtime.c:1159:9: warning: 'memset' macro redefined [-Wmacro-redefined]
 1159 | #define memset(p,c,n)  hxlcl_memset((void *)(p), (int)(c), (size_t)(n))
      |         ^
/Library/Developer/CommandLineTools/SDKs/MacOSX.sdk/usr/include/secure/_string.h:244:9: note: previous definition is here
  244 | #define memset(...) __memset_chk_func (__VA_ARGS__)
      |         ^
/Users/ghost/core/hexa-lang/self/runtime.c:1160:9: warning: 'memmove' macro redefined [-Wmacro-redefined]
 1160 | #define memmove(d,s,n) hxlcl_memmove((void *)(d), (const void *)(s), (size_t)(n))
      |         ^
/Library/Developer/CommandLineTools/SDKs/MacOSX.sdk/usr/include/secure/_string.h:239:9: note: previous definition is here
  239 | #define memmove(...) __memmove_chk_func (__VA_ARGS__)
      |         ^
/Users/ghost/core/hexa-lang/self/runtime.c:1161:9: warning: 'strncpy' macro redefined [-Wmacro-redefined]
 1161 | #define strncpy(d,s,n) hxlcl_strncpy((char *)(d), (const char *)(s), (size_t)(n))
      |         ^
/Library/Developer/CommandLineTools/SDKs/MacOSX.sdk/usr/include/secure/_string.h:259:9: note: previous definition is here
  259 | #define strncpy(...) __strncpy_chk_func (__VA_ARGS__)
      |         ^
/Users/ghost/core/hexa-lang/self/runtime.c:1162:9: warning: 'strcpy' macro redefined [-Wmacro-redefined]
 1162 | #define strcpy(d,s)    hxlcl_strcpy((char *)(d), (const char *)(s))
      |         ^
/Library/Developer/CommandLineTools/SDKs/MacOSX.sdk/usr/include/secure/_string.h:249:9: note: previous definition is here
  249 | #define strcpy(...) __strcpy_chk_func (__VA_ARGS__)
      |         ^
/Users/ghost/core/hexa-lang/self/runtime.c:1165:9: warning: 'snprintf' macro redefined [-Wmacro-redefined]
 1165 | #define snprintf(b,c,...)  hxlcl_snprintf((char *)(b), (size_t)(c), __VA_ARGS__)
      |         ^
/Library/Developer/CommandLineTools/SDKs/MacOSX.sdk/usr/include/secure/_stdio.h:119:9: note: previous definition is here
  119 | #define snprintf(str, len, ...) __snprintf_chk_func (str, len, 0, __VA_ARGS__)
      |         ^
/Users/ghost/core/hexa-lang/self/runtime.c:1166:9: warning: 'sprintf' macro redefined [-Wmacro-redefined]
 1166 | #define sprintf(b,...)     hxlcl_sprintf((char *)(b), __VA_ARGS__)
      |         ^
/Library/Developer/CommandLineTools/SDKs/MacOSX.sdk/usr/include/secure/_stdio.h:107:9: note: previous definition is here
  107 | #define sprintf(str, ...) __sprintf_chk_func (str, 0, __VA_ARGS__)
      |         ^
In file included from /Users/ghost/core/hexa-lang/self/runtime.c:1211:
/Users/ghost/core/hexa-lang/self/runtime_core.c:4193:11: warning: initializing 'char *' with an expression of type 'const char *' discards qualifiers [-Wincompatible-pointer-types-discards-qualifiers]
 4193 |     char* p = hxlcl_strstr(HX_STR(s), HX_STR(sub));
      |           ^   ~~~~~~~~~~~~~~~~~~~~~~~~~~~~~~~~~~~~
/Users/ghost/core/hexa-lang/self/runtime_core.c:5940:11: warning: initializing 'char *' with an expression of type 'const char *' discards qualifiers [-Wincompatible-pointer-types-discards-qualifiers]
 5940 |     char* pos = hxlcl_strstr(HX_STR(fmt), "{}");
      |           ^     ~~~~~~~~~~~~~~~~~~~~~~~~~~~~~~~
/Users/ghost/core/hexa-lang/self/runtime_core.c:5973:19: warning: initializing 'char *' with an expression of type 'const char *' discards qualifiers [-Wincompatible-pointer-types-discards-qualifiers]
 5973 |             char* close = hxlcl_strchr(src, '}');
      |                   ^       ~~~~~~~~~~~~~~~~~~~~~~
/Users/ghost/core/hexa-lang/self/runtime_core.c:6062:15: warning: initializing 'char *' with an expression of type 'const char *' discards qualifiers [-Wincompatible-pointer-types-discards-qualifiers]
 6062 |         char* found = hxlcl_strstr(pos, d);
      |               ^       ~~~~~~~~~~~~~~~~~~~~
/Users/ghost/core/hexa-lang/self/runtime_core.c:6118:15: warning: initializing 'char *' with an expression of type 'const char *' discards qualifiers [-Wincompatible-pointer-types-discards-qualifiers]
 6118 |         char* found = hxlcl_strstr(pos, HX_STR(old));
      |               ^       ~~~~~~~~~~~~~~~~~~~~~~~~~~~~~~
14 warnings generated.

OK: built /Users/ghost/.cache/g1_smoke_build/smoke_self_reference_f0fdeb2d
[PASS] rc=0 — /Users/ghost/core/anima/anima-physics/memristor/self_reference.hexa

=== BUILD: /Users/ghost/core/anima/anima-physics/motor_cortex/command_encoding.hexa ===
=== Building /Users/ghost/core/anima/anima-physics/motor_cortex/command_encoding.hexa -> /Users/ghost/.cache/g1_smoke_build/smoke_command_encoding_239f1e89 ===
  [1/2] HEXA_MEM_CAP_MB=4096 /Users/ghost/core/hexa-lang/self/native/hexa_v2 /Users/ghost/core/anima/anima-physics/motor_cortex/command_encoding.hexa build/artifacts/smoke_command_encoding_239f1e89.c 2>&1
    OK: build/artifacts/smoke_command_encoding_239f1e89.c

  [2/2] clang -O2 -DHEXA_HAS_LIBSODIUM -I/opt/homebrew/Cellar/libsodium/1.0.22/include -DHEXA_HAS_OPENSSL -I/opt/homebrew/Cellar/openssl@3/3.6.2/include -Wno-trigraphs -fbracket-depth=4096 -I '/Users/ghost/core/hexa-lang/self' build/artifacts/smoke_command_encoding_239f1e89.c '/Users/ghost/core/hexa-lang/self/runtime.c' -o '/Users/ghost/.cache/g1_smoke_build/smoke_command_encoding_239f1e89.tmp.9097' -lpthread -L/opt/homebrew/Cellar/libsodium/1.0.22/lib -lsodium -L/opt/homebrew/Cellar/openssl@3/3.6.2/lib -lssl -lcrypto 2>&1
    In file included from build/artifacts/smoke_command_encoding_239f1e89.c:2:
/Users/ghost/core/hexa-lang/self/runtime.h:349:28: warning: '/*' within block comment [-Wcomment]
  349 | /* ── Additional native/*.c forward-decls (auto-generated 2026-05-15) ──
      |                        ^
/Users/ghost/core/hexa-lang/self/runtime.h:350:36: warning: '/*' within block comment [-Wcomment]
  350 |  * Sourced from grep of self/native/*.c hexa_* definitions; ensures user.c
      |                                    ^
2 warnings generated.
/Users/ghost/core/hexa-lang/self/runtime.c:1145:9: warning: 'strcat' macro redefined [-Wmacro-redefined]
 1145 | #define strcat(d,s)    hxlcl_strcat((char *)(d), (const char *)(s))
      |         ^
/Library/Developer/CommandLineTools/SDKs/MacOSX.sdk/usr/include/secure/_string.h:254:9: note: previous definition is here
  254 | #define strcat(...) __strcat_chk_func (__VA_ARGS__)
      |         ^
/Users/ghost/core/hexa-lang/self/runtime.c:1157:9: warning: 'bzero' macro redefined [-Wmacro-redefined]
 1157 | #define bzero(p,n)     hxlcl_bzero((void *)(p), (size_t)(n))
      |         ^
/Library/Developer/CommandLineTools/SDKs/MacOSX.sdk/usr/include/secure/_strings.h:90:9: note: previous definition is here
   90 | #define bzero(...) __bzero_chk_func (__VA_ARGS__)
      |         ^
/Users/ghost/core/hexa-lang/self/runtime.c:1158:9: warning: 'memcpy' macro redefined [-Wmacro-redefined]
 1158 | #define memcpy(d,s,n)  hxlcl_memcpy((void *)(d), (const void *)(s), (size_t)(n))
      |         ^
/Library/Developer/CommandLineTools/SDKs/MacOSX.sdk/usr/include/secure/_string.h:234:9: note: previous definition is here
  234 | #define memcpy(...) __memcpy_chk_func (__VA_ARGS__)
      |         ^
/Users/ghost/core/hexa-lang/self/runtime.c:1159:9: warning: 'memset' macro redefined [-Wmacro-redefined]
 1159 | #define memset(p,c,n)  hxlcl_memset((void *)(p), (int)(c), (size_t)(n))
      |         ^
/Library/Developer/CommandLineTools/SDKs/MacOSX.sdk/usr/include/secure/_string.h:244:9: note: previous definition is here
  244 | #define memset(...) __memset_chk_func (__VA_ARGS__)
      |         ^
/Users/ghost/core/hexa-lang/self/runtime.c:1160:9: warning: 'memmove' macro redefined [-Wmacro-redefined]
 1160 | #define memmove(d,s,n) hxlcl_memmove((void *)(d), (const void *)(s), (size_t)(n))
      |         ^
/Library/Developer/CommandLineTools/SDKs/MacOSX.sdk/usr/include/secure/_string.h:239:9: note: previous definition is here
  239 | #define memmove(...) __memmove_chk_func (__VA_ARGS__)
      |         ^
/Users/ghost/core/hexa-lang/self/runtime.c:1161:9: warning: 'strncpy' macro redefined [-Wmacro-redefined]
 1161 | #define strncpy(d,s,n) hxlcl_strncpy((char *)(d), (const char *)(s), (size_t)(n))
      |         ^
/Library/Developer/CommandLineTools/SDKs/MacOSX.sdk/usr/include/secure/_string.h:259:9: note: previous definition is here
  259 | #define strncpy(...) __strncpy_chk_func (__VA_ARGS__)
      |         ^
/Users/ghost/core/hexa-lang/self/runtime.c:1162:9: warning: 'strcpy' macro redefined [-Wmacro-redefined]
 1162 | #define strcpy(d,s)    hxlcl_strcpy((char *)(d), (const char *)(s))
      |         ^
/Library/Developer/CommandLineTools/SDKs/MacOSX.sdk/usr/include/secure/_string.h:249:9: note: previous definition is here
  249 | #define strcpy(...) __strcpy_chk_func (__VA_ARGS__)
      |         ^
/Users/ghost/core/hexa-lang/self/runtime.c:1165:9: warning: 'snprintf' macro redefined [-Wmacro-redefined]
 1165 | #define snprintf(b,c,...)  hxlcl_snprintf((char *)(b), (size_t)(c), __VA_ARGS__)
      |         ^
/Library/Developer/CommandLineTools/SDKs/MacOSX.sdk/usr/include/secure/_stdio.h:119:9: note: previous definition is here
  119 | #define snprintf(str, len, ...) __snprintf_chk_func (str, len, 0, __VA_ARGS__)
      |         ^
/Users/ghost/core/hexa-lang/self/runtime.c:1166:9: warning: 'sprintf' macro redefined [-Wmacro-redefined]
 1166 | #define sprintf(b,...)     hxlcl_sprintf((char *)(b), __VA_ARGS__)
      |         ^
/Library/Developer/CommandLineTools/SDKs/MacOSX.sdk/usr/include/secure/_stdio.h:107:9: note: previous definition is here
  107 | #define sprintf(str, ...) __sprintf_chk_func (str, 0, __VA_ARGS__)
      |         ^
In file included from /Users/ghost/core/hexa-lang/self/runtime.c:1211:
/Users/ghost/core/hexa-lang/self/runtime_core.c:4193:11: warning: initializing 'char *' with an expression of type 'const char *' discards qualifiers [-Wincompatible-pointer-types-discards-qualifiers]
 4193 |     char* p = hxlcl_strstr(HX_STR(s), HX_STR(sub));
      |           ^   ~~~~~~~~~~~~~~~~~~~~~~~~~~~~~~~~~~~~
/Users/ghost/core/hexa-lang/self/runtime_core.c:5940:11: warning: initializing 'char *' with an expression of type 'const char *' discards qualifiers [-Wincompatible-pointer-types-discards-qualifiers]
 5940 |     char* pos = hxlcl_strstr(HX_STR(fmt), "{}");
      |           ^     ~~~~~~~~~~~~~~~~~~~~~~~~~~~~~~~
/Users/ghost/core/hexa-lang/self/runtime_core.c:5973:19: warning: initializing 'char *' with an expression of type 'const char *' discards qualifiers [-Wincompatible-pointer-types-discards-qualifiers]
 5973 |             char* close = hxlcl_strchr(src, '}');
      |                   ^       ~~~~~~~~~~~~~~~~~~~~~~
/Users/ghost/core/hexa-lang/self/runtime_core.c:6062:15: warning: initializing 'char *' with an expression of type 'const char *' discards qualifiers [-Wincompatible-pointer-types-discards-qualifiers]
 6062 |         char* found = hxlcl_strstr(pos, d);
      |               ^       ~~~~~~~~~~~~~~~~~~~~
/Users/ghost/core/hexa-lang/self/runtime_core.c:6118:15: warning: initializing 'char *' with an expression of type 'const char *' discards qualifiers [-Wincompatible-pointer-types-discards-qualifiers]
 6118 |         char* found = hxlcl_strstr(pos, HX_STR(old));
      |               ^       ~~~~~~~~~~~~~~~~~~~~~~~~~~~~~~
14 warnings generated.

OK: built /Users/ghost/.cache/g1_smoke_build/smoke_command_encoding_239f1e89
[PASS] rc=0 — /Users/ghost/core/anima/anima-physics/motor_cortex/command_encoding.hexa

=== BUILD: /Users/ghost/core/anima/anima-physics/neuromorphic/cloud_facade_poc.hexa ===
=== Building /Users/ghost/core/anima/anima-physics/neuromorphic/cloud_facade_poc.hexa -> /Users/ghost/.cache/g1_smoke_build/smoke_cloud_facade_poc_dae5221e ===
  [1/2] HEXA_MEM_CAP_MB=4096 /Users/ghost/core/hexa-lang/self/native/hexa_v2 /Users/ghost/core/anima/anima-physics/neuromorphic/cloud_facade_poc.hexa build/artifacts/smoke_cloud_facade_poc_dae5221e.c 2>&1
    error: auto-invoke conflict — `fn main()` is auto-called by hexa-strict
       AND a top-level `main()` call was found, which would run main() twice
       in the interp path (codegen suppresses but interp deliberately double-calls).
hint: remove the explicit `main()` call (auto-invoke handles it)
hint: OR add `@manual_main` attribute on `fn main` to opt out of auto-invoke
ref: silent-failure-enforcement Class 1 (doc/audit/silent_failure_enforcement_audit.md)

sh: command substitution: line 0: syntax error near unexpected token `('
sh: command substitution: line 0: `fn main()'
sh: command substitution: line 1: syntax error: unexpected end of file
sh: command substitution: line 1: syntax error: unexpected end of file
sh: @manual_main: command not found
sh: fn: command not found
error: transpile failed — C file not produced: build/artifacts/smoke_cloud_facade_poc_dae5221e.c
[FAIL] rc=1 — /Users/ghost/core/anima/anima-physics/neuromorphic/cloud_facade_poc.hexa

=== BUILD: /Users/ghost/core/anima/anima-physics/oscillator/sleep_oscillator.hexa ===
=== Building /Users/ghost/core/anima/anima-physics/oscillator/sleep_oscillator.hexa -> /Users/ghost/.cache/g1_smoke_build/smoke_sleep_oscillator_9871818d ===
  [1/2] HEXA_MEM_CAP_MB=4096 /Users/ghost/core/hexa-lang/self/native/hexa_v2 /Users/ghost/core/anima/anima-physics/oscillator/sleep_oscillator.hexa build/artifacts/smoke_sleep_oscillator_9871818d.c 2>&1
    OK: build/artifacts/smoke_sleep_oscillator_9871818d.c

  [2/2] clang -O2 -DHEXA_HAS_LIBSODIUM -I/opt/homebrew/Cellar/libsodium/1.0.22/include -DHEXA_HAS_OPENSSL -I/opt/homebrew/Cellar/openssl@3/3.6.2/include -Wno-trigraphs -fbracket-depth=4096 -I '/Users/ghost/core/hexa-lang/self' build/artifacts/smoke_sleep_oscillator_9871818d.c '/Users/ghost/core/hexa-lang/self/runtime.c' -o '/Users/ghost/.cache/g1_smoke_build/smoke_sleep_oscillator_9871818d.tmp.10616' -lpthread -L/opt/homebrew/Cellar/libsodium/1.0.22/lib -lsodium -L/opt/homebrew/Cellar/openssl@3/3.6.2/lib -lssl -lcrypto 2>&1
    In file included from build/artifacts/smoke_sleep_oscillator_9871818d.c:2:
/Users/ghost/core/hexa-lang/self/runtime.h:349:28: warning: '/*' within block comment [-Wcomment]
  349 | /* ── Additional native/*.c forward-decls (auto-generated 2026-05-15) ──
      |                        ^
/Users/ghost/core/hexa-lang/self/runtime.h:350:36: warning: '/*' within block comment [-Wcomment]
  350 |  * Sourced from grep of self/native/*.c hexa_* definitions; ensures user.c
      |                                    ^
2 warnings generated.
/Users/ghost/core/hexa-lang/self/runtime.c:1145:9: warning: 'strcat' macro redefined [-Wmacro-redefined]
 1145 | #define strcat(d,s)    hxlcl_strcat((char *)(d), (const char *)(s))
      |         ^
/Library/Developer/CommandLineTools/SDKs/MacOSX.sdk/usr/include/secure/_string.h:254:9: note: previous definition is here
  254 | #define strcat(...) __strcat_chk_func (__VA_ARGS__)
      |         ^
/Users/ghost/core/hexa-lang/self/runtime.c:1157:9: warning: 'bzero' macro redefined [-Wmacro-redefined]
 1157 | #define bzero(p,n)     hxlcl_bzero((void *)(p), (size_t)(n))
      |         ^
/Library/Developer/CommandLineTools/SDKs/MacOSX.sdk/usr/include/secure/_strings.h:90:9: note: previous definition is here
   90 | #define bzero(...) __bzero_chk_func (__VA_ARGS__)
      |         ^
/Users/ghost/core/hexa-lang/self/runtime.c:1158:9: warning: 'memcpy' macro redefined [-Wmacro-redefined]
 1158 | #define memcpy(d,s,n)  hxlcl_memcpy((void *)(d), (const void *)(s), (size_t)(n))
      |         ^
/Library/Developer/CommandLineTools/SDKs/MacOSX.sdk/usr/include/secure/_string.h:234:9: note: previous definition is here
  234 | #define memcpy(...) __memcpy_chk_func (__VA_ARGS__)
      |         ^
/Users/ghost/core/hexa-lang/self/runtime.c:1159:9: warning: 'memset' macro redefined [-Wmacro-redefined]
 1159 | #define memset(p,c,n)  hxlcl_memset((void *)(p), (int)(c), (size_t)(n))
      |         ^
/Library/Developer/CommandLineTools/SDKs/MacOSX.sdk/usr/include/secure/_string.h:244:9: note: previous definition is here
  244 | #define memset(...) __memset_chk_func (__VA_ARGS__)
      |         ^
/Users/ghost/core/hexa-lang/self/runtime.c:1160:9: warning: 'memmove' macro redefined [-Wmacro-redefined]
 1160 | #define memmove(d,s,n) hxlcl_memmove((void *)(d), (const void *)(s), (size_t)(n))
      |         ^
/Library/Developer/CommandLineTools/SDKs/MacOSX.sdk/usr/include/secure/_string.h:239:9: note: previous definition is here
  239 | #define memmove(...) __memmove_chk_func (__VA_ARGS__)
      |         ^
/Users/ghost/core/hexa-lang/self/runtime.c:1161:9: warning: 'strncpy' macro redefined [-Wmacro-redefined]
 1161 | #define strncpy(d,s,n) hxlcl_strncpy((char *)(d), (const char *)(s), (size_t)(n))
      |         ^
/Library/Developer/CommandLineTools/SDKs/MacOSX.sdk/usr/include/secure/_string.h:259:9: note: previous definition is here
  259 | #define strncpy(...) __strncpy_chk_func (__VA_ARGS__)
      |         ^
/Users/ghost/core/hexa-lang/self/runtime.c:1162:9: warning: 'strcpy' macro redefined [-Wmacro-redefined]
 1162 | #define strcpy(d,s)    hxlcl_strcpy((char *)(d), (const char *)(s))
      |         ^
/Library/Developer/CommandLineTools/SDKs/MacOSX.sdk/usr/include/secure/_string.h:249:9: note: previous definition is here
  249 | #define strcpy(...) __strcpy_chk_func (__VA_ARGS__)
      |         ^
/Users/ghost/core/hexa-lang/self/runtime.c:1165:9: warning: 'snprintf' macro redefined [-Wmacro-redefined]
 1165 | #define snprintf(b,c,...)  hxlcl_snprintf((char *)(b), (size_t)(c), __VA_ARGS__)
      |         ^
/Library/Developer/CommandLineTools/SDKs/MacOSX.sdk/usr/include/secure/_stdio.h:119:9: note: previous definition is here
  119 | #define snprintf(str, len, ...) __snprintf_chk_func (str, len, 0, __VA_ARGS__)
      |         ^
/Users/ghost/core/hexa-lang/self/runtime.c:1166:9: warning: 'sprintf' macro redefined [-Wmacro-redefined]
 1166 | #define sprintf(b,...)     hxlcl_sprintf((char *)(b), __VA_ARGS__)
      |         ^
/Library/Developer/CommandLineTools/SDKs/MacOSX.sdk/usr/include/secure/_stdio.h:107:9: note: previous definition is here
  107 | #define sprintf(str, ...) __sprintf_chk_func (str, 0, __VA_ARGS__)
      |         ^
In file included from /Users/ghost/core/hexa-lang/self/runtime.c:1211:
/Users/ghost/core/hexa-lang/self/runtime_core.c:4193:11: warning: initializing 'char *' with an expression of type 'const char *' discards qualifiers [-Wincompatible-pointer-types-discards-qualifiers]
 4193 |     char* p = hxlcl_strstr(HX_STR(s), HX_STR(sub));
      |           ^   ~~~~~~~~~~~~~~~~~~~~~~~~~~~~~~~~~~~~
/Users/ghost/core/hexa-lang/self/runtime_core.c:5940:11: warning: initializing 'char *' with an expression of type 'const char *' discards qualifiers [-Wincompatible-pointer-types-discards-qualifiers]
 5940 |     char* pos = hxlcl_strstr(HX_STR(fmt), "{}");
      |           ^     ~~~~~~~~~~~~~~~~~~~~~~~~~~~~~~~
/Users/ghost/core/hexa-lang/self/runtime_core.c:5973:19: warning: initializing 'char *' with an expression of type 'const char *' discards qualifiers [-Wincompatible-pointer-types-discards-qualifiers]
 5973 |             char* close = hxlcl_strchr(src, '}');
      |                   ^       ~~~~~~~~~~~~~~~~~~~~~~
/Users/ghost/core/hexa-lang/self/runtime_core.c:6062:15: warning: initializing 'char *' with an expression of type 'const char *' discards qualifiers [-Wincompatible-pointer-types-discards-qualifiers]
 6062 |         char* found = hxlcl_strstr(pos, d);
      |               ^       ~~~~~~~~~~~~~~~~~~~~
/Users/ghost/core/hexa-lang/self/runtime_core.c:6118:15: warning: initializing 'char *' with an expression of type 'const char *' discards qualifiers [-Wincompatible-pointer-types-discards-qualifiers]
 6118 |         char* found = hxlcl_strstr(pos, HX_STR(old));
      |               ^       ~~~~~~~~~~~~~~~~~~~~~~~~~~~~~~
14 warnings generated.

OK: built /Users/ghost/.cache/g1_smoke_build/smoke_sleep_oscillator_9871818d
[PASS] rc=0 — /Users/ghost/core/anima/anima-physics/oscillator/sleep_oscillator.hexa

=== BUILD: /Users/ghost/core/anima/anima-physics/phi_substrate_consensus.hexa ===
=== Building /Users/ghost/core/anima/anima-physics/phi_substrate_consensus.hexa -> /Users/ghost/.cache/g1_smoke_build/smoke_phi_substrate_consensus_5b09fa1e ===
  [1/2] HEXA_MEM_CAP_MB=4096 /Users/ghost/core/hexa-lang/self/native/hexa_v2 /Users/ghost/core/anima/anima-physics/phi_substrate_consensus.hexa build/artifacts/smoke_phi_substrate_consensus_5b09fa1e.c 2>&1
    OK: build/artifacts/smoke_phi_substrate_consensus_5b09fa1e.c

  [2/2] clang -O2 -DHEXA_HAS_LIBSODIUM -I/opt/homebrew/Cellar/libsodium/1.0.22/include -DHEXA_HAS_OPENSSL -I/opt/homebrew/Cellar/openssl@3/3.6.2/include -Wno-trigraphs -fbracket-depth=4096 -I '/Users/ghost/core/hexa-lang/self' build/artifacts/smoke_phi_substrate_consensus_5b09fa1e.c '/Users/ghost/core/hexa-lang/self/runtime.c' -o '/Users/ghost/.cache/g1_smoke_build/smoke_phi_substrate_consensus_5b09fa1e.tmp.12203' -lpthread -L/opt/homebrew/Cellar/libsodium/1.0.22/lib -lsodium -L/opt/homebrew/Cellar/openssl@3/3.6.2/lib -lssl -lcrypto 2>&1
    In file included from build/artifacts/smoke_phi_substrate_consensus_5b09fa1e.c:2:
/Users/ghost/core/hexa-lang/self/runtime.h:349:28: warning: '/*' within block comment [-Wcomment]
  349 | /* ── Additional native/*.c forward-decls (auto-generated 2026-05-15) ──
      |                        ^
/Users/ghost/core/hexa-lang/self/runtime.h:350:36: warning: '/*' within block comment [-Wcomment]
  350 |  * Sourced from grep of self/native/*.c hexa_* definitions; ensures user.c
      |                                    ^
2 warnings generated.
/Users/ghost/core/hexa-lang/self/runtime.c:1145:9: warning: 'strcat' macro redefined [-Wmacro-redefined]
 1145 | #define strcat(d,s)    hxlcl_strcat((char *)(d), (const char *)(s))
      |         ^
/Library/Developer/CommandLineTools/SDKs/MacOSX.sdk/usr/include/secure/_string.h:254:9: note: previous definition is here
  254 | #define strcat(...) __strcat_chk_func (__VA_ARGS__)
      |         ^
/Users/ghost/core/hexa-lang/self/runtime.c:1157:9: warning: 'bzero' macro redefined [-Wmacro-redefined]
 1157 | #define bzero(p,n)     hxlcl_bzero((void *)(p), (size_t)(n))
      |         ^
/Library/Developer/CommandLineTools/SDKs/MacOSX.sdk/usr/include/secure/_strings.h:90:9: note: previous definition is here
   90 | #define bzero(...) __bzero_chk_func (__VA_ARGS__)
      |         ^
/Users/ghost/core/hexa-lang/self/runtime.c:1158:9: warning: 'memcpy' macro redefined [-Wmacro-redefined]
 1158 | #define memcpy(d,s,n)  hxlcl_memcpy((void *)(d), (const void *)(s), (size_t)(n))
      |         ^
/Library/Developer/CommandLineTools/SDKs/MacOSX.sdk/usr/include/secure/_string.h:234:9: note: previous definition is here
  234 | #define memcpy(...) __memcpy_chk_func (__VA_ARGS__)
      |         ^
/Users/ghost/core/hexa-lang/self/runtime.c:1159:9: warning: 'memset' macro redefined [-Wmacro-redefined]
 1159 | #define memset(p,c,n)  hxlcl_memset((void *)(p), (int)(c), (size_t)(n))
      |         ^
/Library/Developer/CommandLineTools/SDKs/MacOSX.sdk/usr/include/secure/_string.h:244:9: note: previous definition is here
  244 | #define memset(...) __memset_chk_func (__VA_ARGS__)
      |         ^
/Users/ghost/core/hexa-lang/self/runtime.c:1160:9: warning: 'memmove' macro redefined [-Wmacro-redefined]
 1160 | #define memmove(d,s,n) hxlcl_memmove((void *)(d), (const void *)(s), (size_t)(n))
      |         ^
/Library/Developer/CommandLineTools/SDKs/MacOSX.sdk/usr/include/secure/_string.h:239:9: note: previous definition is here
  239 | #define memmove(...) __memmove_chk_func (__VA_ARGS__)
      |         ^
/Users/ghost/core/hexa-lang/self/runtime.c:1161:9: warning: 'strncpy' macro redefined [-Wmacro-redefined]
 1161 | #define strncpy(d,s,n) hxlcl_strncpy((char *)(d), (const char *)(s), (size_t)(n))
      |         ^
/Library/Developer/CommandLineTools/SDKs/MacOSX.sdk/usr/include/secure/_string.h:259:9: note: previous definition is here
  259 | #define strncpy(...) __strncpy_chk_func (__VA_ARGS__)
      |         ^
/Users/ghost/core/hexa-lang/self/runtime.c:1162:9: warning: 'strcpy' macro redefined [-Wmacro-redefined]
 1162 | #define strcpy(d,s)    hxlcl_strcpy((char *)(d), (const char *)(s))
      |         ^
/Library/Developer/CommandLineTools/SDKs/MacOSX.sdk/usr/include/secure/_string.h:249:9: note: previous definition is here
  249 | #define strcpy(...) __strcpy_chk_func (__VA_ARGS__)
      |         ^
/Users/ghost/core/hexa-lang/self/runtime.c:1165:9: warning: 'snprintf' macro redefined [-Wmacro-redefined]
 1165 | #define snprintf(b,c,...)  hxlcl_snprintf((char *)(b), (size_t)(c), __VA_ARGS__)
      |         ^
/Library/Developer/CommandLineTools/SDKs/MacOSX.sdk/usr/include/secure/_stdio.h:119:9: note: previous definition is here
  119 | #define snprintf(str, len, ...) __snprintf_chk_func (str, len, 0, __VA_ARGS__)
      |         ^
/Users/ghost/core/hexa-lang/self/runtime.c:1166:9: warning: 'sprintf' macro redefined [-Wmacro-redefined]
 1166 | #define sprintf(b,...)     hxlcl_sprintf((char *)(b), __VA_ARGS__)
      |         ^
/Library/Developer/CommandLineTools/SDKs/MacOSX.sdk/usr/include/secure/_stdio.h:107:9: note: previous definition is here
  107 | #define sprintf(str, ...) __sprintf_chk_func (str, 0, __VA_ARGS__)
      |         ^
In file included from /Users/ghost/core/hexa-lang/self/runtime.c:1211:
/Users/ghost/core/hexa-lang/self/runtime_core.c:4193:11: warning: initializing 'char *' with an expression of type 'const char *' discards qualifiers [-Wincompatible-pointer-types-discards-qualifiers]
 4193 |     char* p = hxlcl_strstr(HX_STR(s), HX_STR(sub));
      |           ^   ~~~~~~~~~~~~~~~~~~~~~~~~~~~~~~~~~~~~
/Users/ghost/core/hexa-lang/self/runtime_core.c:5940:11: warning: initializing 'char *' with an expression of type 'const char *' discards qualifiers [-Wincompatible-pointer-types-discards-qualifiers]
 5940 |     char* pos = hxlcl_strstr(HX_STR(fmt), "{}");
      |           ^     ~~~~~~~~~~~~~~~~~~~~~~~~~~~~~~~
/Users/ghost/core/hexa-lang/self/runtime_core.c:5973:19: warning: initializing 'char *' with an expression of type 'const char *' discards qualifiers [-Wincompatible-pointer-types-discards-qualifiers]
 5973 |             char* close = hxlcl_strchr(src, '}');
      |                   ^       ~~~~~~~~~~~~~~~~~~~~~~
/Users/ghost/core/hexa-lang/self/runtime_core.c:6062:15: warning: initializing 'char *' with an expression of type 'const char *' discards qualifiers [-Wincompatible-pointer-types-discards-qualifiers]
 6062 |         char* found = hxlcl_strstr(pos, d);
      |               ^       ~~~~~~~~~~~~~~~~~~~~
/Users/ghost/core/hexa-lang/self/runtime_core.c:6118:15: warning: initializing 'char *' with an expression of type 'const char *' discards qualifiers [-Wincompatible-pointer-types-discards-qualifiers]
 6118 |         char* found = hxlcl_strstr(pos, HX_STR(old));
      |               ^       ~~~~~~~~~~~~~~~~~~~~~~~~~~~~~~
14 warnings generated.

OK: built /Users/ghost/.cache/g1_smoke_build/smoke_phi_substrate_consensus_5b09fa1e
[PASS] rc=0 — /Users/ghost/core/anima/anima-physics/phi_substrate_consensus.hexa

=== BUILD: /Users/ghost/core/anima/anima-physics/photonic/cloud_facade_poc.hexa ===
=== Building /Users/ghost/core/anima/anima-physics/photonic/cloud_facade_poc.hexa -> /Users/ghost/.cache/g1_smoke_build/smoke_cloud_facade_poc_52adc932 ===
  [1/2] HEXA_MEM_CAP_MB=4096 /Users/ghost/core/hexa-lang/self/native/hexa_v2 /Users/ghost/core/anima/anima-physics/photonic/cloud_facade_poc.hexa build/artifacts/smoke_cloud_facade_poc_52adc932.c 2>&1
    error: auto-invoke conflict — `fn main()` is auto-called by hexa-strict
       AND a top-level `main()` call was found, which would run main() twice
       in the interp path (codegen suppresses but interp deliberately double-calls).
hint: remove the explicit `main()` call (auto-invoke handles it)
hint: OR add `@manual_main` attribute on `fn main` to opt out of auto-invoke
ref: silent-failure-enforcement Class 1 (doc/audit/silent_failure_enforcement_audit.md)

sh: command substitution: line 0: syntax error near unexpected token `('
sh: command substitution: line 0: `fn main()'
sh: command substitution: line 1: syntax error: unexpected end of file
sh: command substitution: line 1: syntax error: unexpected end of file
sh: @manual_main: command not found
sh: fn: command not found
error: transpile failed — C file not produced: build/artifacts/smoke_cloud_facade_poc_52adc932.c
[FAIL] rc=1 — /Users/ghost/core/anima/anima-physics/photonic/cloud_facade_poc.hexa

=== BUILD: /Users/ghost/core/anima/anima-physics/photonic/mesh_network.hexa ===
=== Building /Users/ghost/core/anima/anima-physics/photonic/mesh_network.hexa -> /Users/ghost/.cache/g1_smoke_build/smoke_mesh_network_a2d5369d ===
  [1/2] HEXA_MEM_CAP_MB=4096 /Users/ghost/core/hexa-lang/self/native/hexa_v2 /Users/ghost/core/anima/anima-physics/photonic/mesh_network.hexa build/artifacts/smoke_mesh_network_a2d5369d.c 2>&1
    OK: build/artifacts/smoke_mesh_network_a2d5369d.c

  [2/2] clang -O2 -DHEXA_HAS_LIBSODIUM -I/opt/homebrew/Cellar/libsodium/1.0.22/include -DHEXA_HAS_OPENSSL -I/opt/homebrew/Cellar/openssl@3/3.6.2/include -Wno-trigraphs -fbracket-depth=4096 -I '/Users/ghost/core/hexa-lang/self' build/artifacts/smoke_mesh_network_a2d5369d.c '/Users/ghost/core/hexa-lang/self/runtime.c' -o '/Users/ghost/.cache/g1_smoke_build/smoke_mesh_network_a2d5369d.tmp.13828' -lpthread -L/opt/homebrew/Cellar/libsodium/1.0.22/lib -lsodium -L/opt/homebrew/Cellar/openssl@3/3.6.2/lib -lssl -lcrypto 2>&1
    In file included from build/artifacts/smoke_mesh_network_a2d5369d.c:2:
/Users/ghost/core/hexa-lang/self/runtime.h:349:28: warning: '/*' within block comment [-Wcomment]
  349 | /* ── Additional native/*.c forward-decls (auto-generated 2026-05-15) ──
      |                        ^
/Users/ghost/core/hexa-lang/self/runtime.h:350:36: warning: '/*' within block comment [-Wcomment]
  350 |  * Sourced from grep of self/native/*.c hexa_* definitions; ensures user.c
      |                                    ^
2 warnings generated.
/Users/ghost/core/hexa-lang/self/runtime.c:1145:9: warning: 'strcat' macro redefined [-Wmacro-redefined]
 1145 | #define strcat(d,s)    hxlcl_strcat((char *)(d), (const char *)(s))
      |         ^
/Library/Developer/CommandLineTools/SDKs/MacOSX.sdk/usr/include/secure/_string.h:254:9: note: previous definition is here
  254 | #define strcat(...) __strcat_chk_func (__VA_ARGS__)
      |         ^
/Users/ghost/core/hexa-lang/self/runtime.c:1157:9: warning: 'bzero' macro redefined [-Wmacro-redefined]
 1157 | #define bzero(p,n)     hxlcl_bzero((void *)(p), (size_t)(n))
      |         ^
/Library/Developer/CommandLineTools/SDKs/MacOSX.sdk/usr/include/secure/_strings.h:90:9: note: previous definition is here
   90 | #define bzero(...) __bzero_chk_func (__VA_ARGS__)
      |         ^
/Users/ghost/core/hexa-lang/self/runtime.c:1158:9: warning: 'memcpy' macro redefined [-Wmacro-redefined]
 1158 | #define memcpy(d,s,n)  hxlcl_memcpy((void *)(d), (const void *)(s), (size_t)(n))
      |         ^
/Library/Developer/CommandLineTools/SDKs/MacOSX.sdk/usr/include/secure/_string.h:234:9: note: previous definition is here
  234 | #define memcpy(...) __memcpy_chk_func (__VA_ARGS__)
      |         ^
/Users/ghost/core/hexa-lang/self/runtime.c:1159:9: warning: 'memset' macro redefined [-Wmacro-redefined]
 1159 | #define memset(p,c,n)  hxlcl_memset((void *)(p), (int)(c), (size_t)(n))
      |         ^
/Library/Developer/CommandLineTools/SDKs/MacOSX.sdk/usr/include/secure/_string.h:244:9: note: previous definition is here
  244 | #define memset(...) __memset_chk_func (__VA_ARGS__)
      |         ^
/Users/ghost/core/hexa-lang/self/runtime.c:1160:9: warning: 'memmove' macro redefined [-Wmacro-redefined]
 1160 | #define memmove(d,s,n) hxlcl_memmove((void *)(d), (const void *)(s), (size_t)(n))
      |         ^
/Library/Developer/CommandLineTools/SDKs/MacOSX.sdk/usr/include/secure/_string.h:239:9: note: previous definition is here
  239 | #define memmove(...) __memmove_chk_func (__VA_ARGS__)
      |         ^
/Users/ghost/core/hexa-lang/self/runtime.c:1161:9: warning: 'strncpy' macro redefined [-Wmacro-redefined]
 1161 | #define strncpy(d,s,n) hxlcl_strncpy((char *)(d), (const char *)(s), (size_t)(n))
      |         ^
/Library/Developer/CommandLineTools/SDKs/MacOSX.sdk/usr/include/secure/_string.h:259:9: note: previous definition is here
  259 | #define strncpy(...) __strncpy_chk_func (__VA_ARGS__)
      |         ^
/Users/ghost/core/hexa-lang/self/runtime.c:1162:9: warning: 'strcpy' macro redefined [-Wmacro-redefined]
 1162 | #define strcpy(d,s)    hxlcl_strcpy((char *)(d), (const char *)(s))
      |         ^
/Library/Developer/CommandLineTools/SDKs/MacOSX.sdk/usr/include/secure/_string.h:249:9: note: previous definition is here
  249 | #define strcpy(...) __strcpy_chk_func (__VA_ARGS__)
      |         ^
/Users/ghost/core/hexa-lang/self/runtime.c:1165:9: warning: 'snprintf' macro redefined [-Wmacro-redefined]
 1165 | #define snprintf(b,c,...)  hxlcl_snprintf((char *)(b), (size_t)(c), __VA_ARGS__)
      |         ^
/Library/Developer/CommandLineTools/SDKs/MacOSX.sdk/usr/include/secure/_stdio.h:119:9: note: previous definition is here
  119 | #define snprintf(str, len, ...) __snprintf_chk_func (str, len, 0, __VA_ARGS__)
      |         ^
/Users/ghost/core/hexa-lang/self/runtime.c:1166:9: warning: 'sprintf' macro redefined [-Wmacro-redefined]
 1166 | #define sprintf(b,...)     hxlcl_sprintf((char *)(b), __VA_ARGS__)
      |         ^
/Library/Developer/CommandLineTools/SDKs/MacOSX.sdk/usr/include/secure/_stdio.h:107:9: note: previous definition is here
  107 | #define sprintf(str, ...) __sprintf_chk_func (str, 0, __VA_ARGS__)
      |         ^
In file included from /Users/ghost/core/hexa-lang/self/runtime.c:1211:
/Users/ghost/core/hexa-lang/self/runtime_core.c:4193:11: warning: initializing 'char *' with an expression of type 'const char *' discards qualifiers [-Wincompatible-pointer-types-discards-qualifiers]
 4193 |     char* p = hxlcl_strstr(HX_STR(s), HX_STR(sub));
      |           ^   ~~~~~~~~~~~~~~~~~~~~~~~~~~~~~~~~~~~~
/Users/ghost/core/hexa-lang/self/runtime_core.c:5940:11: warning: initializing 'char *' with an expression of type 'const char *' discards qualifiers [-Wincompatible-pointer-types-discards-qualifiers]
 5940 |     char* pos = hxlcl_strstr(HX_STR(fmt), "{}");
      |           ^     ~~~~~~~~~~~~~~~~~~~~~~~~~~~~~~~
/Users/ghost/core/hexa-lang/self/runtime_core.c:5973:19: warning: initializing 'char *' with an expression of type 'const char *' discards qualifiers [-Wincompatible-pointer-types-discards-qualifiers]
 5973 |             char* close = hxlcl_strchr(src, '}');
      |                   ^       ~~~~~~~~~~~~~~~~~~~~~~
/Users/ghost/core/hexa-lang/self/runtime_core.c:6062:15: warning: initializing 'char *' with an expression of type 'const char *' discards qualifiers [-Wincompatible-pointer-types-discards-qualifiers]
 6062 |         char* found = hxlcl_strstr(pos, d);
      |               ^       ~~~~~~~~~~~~~~~~~~~~
/Users/ghost/core/hexa-lang/self/runtime_core.c:6118:15: warning: initializing 'char *' with an expression of type 'const char *' discards qualifiers [-Wincompatible-pointer-types-discards-qualifiers]
 6118 |         char* found = hxlcl_strstr(pos, HX_STR(old));
      |               ^       ~~~~~~~~~~~~~~~~~~~~~~~~~~~~~~
14 warnings generated.

OK: built /Users/ghost/.cache/g1_smoke_build/smoke_mesh_network_a2d5369d
[PASS] rc=0 — /Users/ghost/core/anima/anima-physics/photonic/mesh_network.hexa

=== BUILD: /Users/ghost/core/anima/anima-physics/photonic/temporal_delay.hexa ===
=== Building /Users/ghost/core/anima/anima-physics/photonic/temporal_delay.hexa -> /Users/ghost/.cache/g1_smoke_build/smoke_temporal_delay_9e3316c4 ===
  [1/2] HEXA_MEM_CAP_MB=4096 /Users/ghost/core/hexa-lang/self/native/hexa_v2 /Users/ghost/core/anima/anima-physics/photonic/temporal_delay.hexa build/artifacts/smoke_temporal_delay_9e3316c4.c 2>&1
    OK: build/artifacts/smoke_temporal_delay_9e3316c4.c

  [2/2] clang -O2 -DHEXA_HAS_LIBSODIUM -I/opt/homebrew/Cellar/libsodium/1.0.22/include -DHEXA_HAS_OPENSSL -I/opt/homebrew/Cellar/openssl@3/3.6.2/include -Wno-trigraphs -fbracket-depth=4096 -I '/Users/ghost/core/hexa-lang/self' build/artifacts/smoke_temporal_delay_9e3316c4.c '/Users/ghost/core/hexa-lang/self/runtime.c' -o '/Users/ghost/.cache/g1_smoke_build/smoke_temporal_delay_9e3316c4.tmp.15208' -lpthread -L/opt/homebrew/Cellar/libsodium/1.0.22/lib -lsodium -L/opt/homebrew/Cellar/openssl@3/3.6.2/lib -lssl -lcrypto 2>&1
    In file included from build/artifacts/smoke_temporal_delay_9e3316c4.c:2:
/Users/ghost/core/hexa-lang/self/runtime.h:349:28: warning: '/*' within block comment [-Wcomment]
  349 | /* ── Additional native/*.c forward-decls (auto-generated 2026-05-15) ──
      |                        ^
/Users/ghost/core/hexa-lang/self/runtime.h:350:36: warning: '/*' within block comment [-Wcomment]
  350 |  * Sourced from grep of self/native/*.c hexa_* definitions; ensures user.c
      |                                    ^
2 warnings generated.
/Users/ghost/core/hexa-lang/self/runtime.c:1145:9: warning: 'strcat' macro redefined [-Wmacro-redefined]
 1145 | #define strcat(d,s)    hxlcl_strcat((char *)(d), (const char *)(s))
      |         ^
/Library/Developer/CommandLineTools/SDKs/MacOSX.sdk/usr/include/secure/_string.h:254:9: note: previous definition is here
  254 | #define strcat(...) __strcat_chk_func (__VA_ARGS__)
      |         ^
/Users/ghost/core/hexa-lang/self/runtime.c:1157:9: warning: 'bzero' macro redefined [-Wmacro-redefined]
 1157 | #define bzero(p,n)     hxlcl_bzero((void *)(p), (size_t)(n))
      |         ^
/Library/Developer/CommandLineTools/SDKs/MacOSX.sdk/usr/include/secure/_strings.h:90:9: note: previous definition is here
   90 | #define bzero(...) __bzero_chk_func (__VA_ARGS__)
      |         ^
/Users/ghost/core/hexa-lang/self/runtime.c:1158:9: warning: 'memcpy' macro redefined [-Wmacro-redefined]
 1158 | #define memcpy(d,s,n)  hxlcl_memcpy((void *)(d), (const void *)(s), (size_t)(n))
      |         ^
/Library/Developer/CommandLineTools/SDKs/MacOSX.sdk/usr/include/secure/_string.h:234:9: note: previous definition is here
  234 | #define memcpy(...) __memcpy_chk_func (__VA_ARGS__)
      |         ^
/Users/ghost/core/hexa-lang/self/runtime.c:1159:9: warning: 'memset' macro redefined [-Wmacro-redefined]
 1159 | #define memset(p,c,n)  hxlcl_memset((void *)(p), (int)(c), (size_t)(n))
      |         ^
/Library/Developer/CommandLineTools/SDKs/MacOSX.sdk/usr/include/secure/_string.h:244:9: note: previous definition is here
  244 | #define memset(...) __memset_chk_func (__VA_ARGS__)
      |         ^
/Users/ghost/core/hexa-lang/self/runtime.c:1160:9: warning: 'memmove' macro redefined [-Wmacro-redefined]
 1160 | #define memmove(d,s,n) hxlcl_memmove((void *)(d), (const void *)(s), (size_t)(n))
      |         ^
/Library/Developer/CommandLineTools/SDKs/MacOSX.sdk/usr/include/secure/_string.h:239:9: note: previous definition is here
  239 | #define memmove(...) __memmove_chk_func (__VA_ARGS__)
      |         ^
/Users/ghost/core/hexa-lang/self/runtime.c:1161:9: warning: 'strncpy' macro redefined [-Wmacro-redefined]
 1161 | #define strncpy(d,s,n) hxlcl_strncpy((char *)(d), (const char *)(s), (size_t)(n))
      |         ^
/Library/Developer/CommandLineTools/SDKs/MacOSX.sdk/usr/include/secure/_string.h:259:9: note: previous definition is here
  259 | #define strncpy(...) __strncpy_chk_func (__VA_ARGS__)
      |         ^
/Users/ghost/core/hexa-lang/self/runtime.c:1162:9: warning: 'strcpy' macro redefined [-Wmacro-redefined]
 1162 | #define strcpy(d,s)    hxlcl_strcpy((char *)(d), (const char *)(s))
      |         ^
/Library/Developer/CommandLineTools/SDKs/MacOSX.sdk/usr/include/secure/_string.h:249:9: note: previous definition is here
  249 | #define strcpy(...) __strcpy_chk_func (__VA_ARGS__)
      |         ^
/Users/ghost/core/hexa-lang/self/runtime.c:1165:9: warning: 'snprintf' macro redefined [-Wmacro-redefined]
 1165 | #define snprintf(b,c,...)  hxlcl_snprintf((char *)(b), (size_t)(c), __VA_ARGS__)
      |         ^
/Library/Developer/CommandLineTools/SDKs/MacOSX.sdk/usr/include/secure/_stdio.h:119:9: note: previous definition is here
  119 | #define snprintf(str, len, ...) __snprintf_chk_func (str, len, 0, __VA_ARGS__)
      |         ^
/Users/ghost/core/hexa-lang/self/runtime.c:1166:9: warning: 'sprintf' macro redefined [-Wmacro-redefined]
 1166 | #define sprintf(b,...)     hxlcl_sprintf((char *)(b), __VA_ARGS__)
      |         ^
/Library/Developer/CommandLineTools/SDKs/MacOSX.sdk/usr/include/secure/_stdio.h:107:9: note: previous definition is here
  107 | #define sprintf(str, ...) __sprintf_chk_func (str, 0, __VA_ARGS__)
      |         ^
In file included from /Users/ghost/core/hexa-lang/self/runtime.c:1211:
/Users/ghost/core/hexa-lang/self/runtime_core.c:4193:11: warning: initializing 'char *' with an expression of type 'const char *' discards qualifiers [-Wincompatible-pointer-types-discards-qualifiers]
 4193 |     char* p = hxlcl_strstr(HX_STR(s), HX_STR(sub));
      |           ^   ~~~~~~~~~~~~~~~~~~~~~~~~~~~~~~~~~~~~
/Users/ghost/core/hexa-lang/self/runtime_core.c:5940:11: warning: initializing 'char *' with an expression of type 'const char *' discards qualifiers [-Wincompatible-pointer-types-discards-qualifiers]
 5940 |     char* pos = hxlcl_strstr(HX_STR(fmt), "{}");
      |           ^     ~~~~~~~~~~~~~~~~~~~~~~~~~~~~~~~
/Users/ghost/core/hexa-lang/self/runtime_core.c:5973:19: warning: initializing 'char *' with an expression of type 'const char *' discards qualifiers [-Wincompatible-pointer-types-discards-qualifiers]
 5973 |             char* close = hxlcl_strchr(src, '}');
      |                   ^       ~~~~~~~~~~~~~~~~~~~~~~
/Users/ghost/core/hexa-lang/self/runtime_core.c:6062:15: warning: initializing 'char *' with an expression of type 'const char *' discards qualifiers [-Wincompatible-pointer-types-discards-qualifiers]
 6062 |         char* found = hxlcl_strstr(pos, d);
      |               ^       ~~~~~~~~~~~~~~~~~~~~
/Users/ghost/core/hexa-lang/self/runtime_core.c:6118:15: warning: initializing 'char *' with an expression of type 'const char *' discards qualifiers [-Wincompatible-pointer-types-discards-qualifiers]
 6118 |         char* found = hxlcl_strstr(pos, HX_STR(old));
      |               ^       ~~~~~~~~~~~~~~~~~~~~~~~~~~~~~~
14 warnings generated.

OK: built /Users/ghost/.cache/g1_smoke_build/smoke_temporal_delay_9e3316c4
[PASS] rc=0 — /Users/ghost/core/anima/anima-physics/photonic/temporal_delay.hexa

=== BUILD: /Users/ghost/core/anima/anima-physics/physics_substrate_dispatch.hexa ===
=== Building /Users/ghost/core/anima/anima-physics/physics_substrate_dispatch.hexa -> /Users/ghost/.cache/g1_smoke_build/smoke_physics_substrate_dispatch_8ef19c41 ===
  [1/2] HEXA_MEM_CAP_MB=4096 /Users/ghost/core/hexa-lang/self/native/hexa_v2 /Users/ghost/core/anima/anima-physics/physics_substrate_dispatch.hexa build/artifacts/smoke_physics_substrate_dispatch_8ef19c41.c 2>&1
    error: auto-invoke conflict — `fn main()` is auto-called by hexa-strict
       AND a top-level `main()` call was found, which would run main() twice
       in the interp path (codegen suppresses but interp deliberately double-calls).
hint: remove the explicit `main()` call (auto-invoke handles it)
hint: OR add `@manual_main` attribute on `fn main` to opt out of auto-invoke
ref: silent-failure-enforcement Class 1 (doc/audit/silent_failure_enforcement_audit.md)

sh: command substitution: line 0: syntax error near unexpected token `('
sh: command substitution: line 0: `fn main()'
sh: command substitution: line 1: syntax error: unexpected end of file
sh: command substitution: line 1: syntax error: unexpected end of file
sh: @manual_main: command not found
sh: fn: command not found
error: transpile failed — C file not produced: build/artifacts/smoke_physics_substrate_dispatch_8ef19c41.c
[FAIL] rc=1 — /Users/ghost/core/anima/anima-physics/physics_substrate_dispatch.hexa

=== BUILD: /Users/ghost/core/anima/anima-physics/physics.hexa ===
=== Building /Users/ghost/core/anima/anima-physics/physics.hexa -> /Users/ghost/.cache/g1_smoke_build/smoke_physics_740ef8cb ===
  [1/2] HEXA_MEM_CAP_MB=4096 /Users/ghost/core/hexa-lang/self/native/hexa_v2 /Users/ghost/core/anima/anima-physics/physics.hexa build/artifacts/smoke_physics_740ef8cb.c 2>&1
    Parse error at 152:13: unexpected token Colon (':')
Parse error at 152:53: unexpected token Arrow ('->')
Parse error at 152:75: unexpected token Arrow ('->')
OK: build/artifacts/smoke_physics_740ef8cb.c

error: transpile failed (parse error) — /Users/ghost/core/anima/anima-physics/physics.hexa
[FAIL] rc=1 — /Users/ghost/core/anima/anima-physics/physics.hexa

=== BUILD: /Users/ghost/core/anima/anima-physics/prediction/protention_error.hexa ===
=== Building /Users/ghost/core/anima/anima-physics/prediction/protention_error.hexa -> /Users/ghost/.cache/g1_smoke_build/smoke_protention_error_9ebfa273 ===
  [1/2] HEXA_MEM_CAP_MB=4096 /Users/ghost/core/hexa-lang/self/native/hexa_v2 /Users/ghost/core/anima/anima-physics/prediction/protention_error.hexa build/artifacts/smoke_protention_error_9ebfa273.c 2>&1
    OK: build/artifacts/smoke_protention_error_9ebfa273.c

  [2/2] clang -O2 -DHEXA_HAS_LIBSODIUM -I/opt/homebrew/Cellar/libsodium/1.0.22/include -DHEXA_HAS_OPENSSL -I/opt/homebrew/Cellar/openssl@3/3.6.2/include -Wno-trigraphs -fbracket-depth=4096 -I '/Users/ghost/core/hexa-lang/self' build/artifacts/smoke_protention_error_9ebfa273.c '/Users/ghost/core/hexa-lang/self/runtime.c' -o '/Users/ghost/.cache/g1_smoke_build/smoke_protention_error_9ebfa273.tmp.17230' -lpthread -L/opt/homebrew/Cellar/libsodium/1.0.22/lib -lsodium -L/opt/homebrew/Cellar/openssl@3/3.6.2/lib -lssl -lcrypto 2>&1
    In file included from build/artifacts/smoke_protention_error_9ebfa273.c:2:
/Users/ghost/core/hexa-lang/self/runtime.h:349:28: warning: '/*' within block comment [-Wcomment]
  349 | /* ── Additional native/*.c forward-decls (auto-generated 2026-05-15) ──
      |                        ^
/Users/ghost/core/hexa-lang/self/runtime.h:350:36: warning: '/*' within block comment [-Wcomment]
  350 |  * Sourced from grep of self/native/*.c hexa_* definitions; ensures user.c
      |                                    ^
2 warnings generated.
/Users/ghost/core/hexa-lang/self/runtime.c:1145:9: warning: 'strcat' macro redefined [-Wmacro-redefined]
 1145 | #define strcat(d,s)    hxlcl_strcat((char *)(d), (const char *)(s))
      |         ^
/Library/Developer/CommandLineTools/SDKs/MacOSX.sdk/usr/include/secure/_string.h:254:9: note: previous definition is here
  254 | #define strcat(...) __strcat_chk_func (__VA_ARGS__)
      |         ^
/Users/ghost/core/hexa-lang/self/runtime.c:1157:9: warning: 'bzero' macro redefined [-Wmacro-redefined]
 1157 | #define bzero(p,n)     hxlcl_bzero((void *)(p), (size_t)(n))
      |         ^
/Library/Developer/CommandLineTools/SDKs/MacOSX.sdk/usr/include/secure/_strings.h:90:9: note: previous definition is here
   90 | #define bzero(...) __bzero_chk_func (__VA_ARGS__)
      |         ^
/Users/ghost/core/hexa-lang/self/runtime.c:1158:9: warning: 'memcpy' macro redefined [-Wmacro-redefined]
 1158 | #define memcpy(d,s,n)  hxlcl_memcpy((void *)(d), (const void *)(s), (size_t)(n))
      |         ^
/Library/Developer/CommandLineTools/SDKs/MacOSX.sdk/usr/include/secure/_string.h:234:9: note: previous definition is here
  234 | #define memcpy(...) __memcpy_chk_func (__VA_ARGS__)
      |         ^
/Users/ghost/core/hexa-lang/self/runtime.c:1159:9: warning: 'memset' macro redefined [-Wmacro-redefined]
 1159 | #define memset(p,c,n)  hxlcl_memset((void *)(p), (int)(c), (size_t)(n))
      |         ^
/Library/Developer/CommandLineTools/SDKs/MacOSX.sdk/usr/include/secure/_string.h:244:9: note: previous definition is here
  244 | #define memset(...) __memset_chk_func (__VA_ARGS__)
      |         ^
/Users/ghost/core/hexa-lang/self/runtime.c:1160:9: warning: 'memmove' macro redefined [-Wmacro-redefined]
 1160 | #define memmove(d,s,n) hxlcl_memmove((void *)(d), (const void *)(s), (size_t)(n))
      |         ^
/Library/Developer/CommandLineTools/SDKs/MacOSX.sdk/usr/include/secure/_string.h:239:9: note: previous definition is here
  239 | #define memmove(...) __memmove_chk_func (__VA_ARGS__)
      |         ^
/Users/ghost/core/hexa-lang/self/runtime.c:1161:9: warning: 'strncpy' macro redefined [-Wmacro-redefined]
 1161 | #define strncpy(d,s,n) hxlcl_strncpy((char *)(d), (const char *)(s), (size_t)(n))
      |         ^
/Library/Developer/CommandLineTools/SDKs/MacOSX.sdk/usr/include/secure/_string.h:259:9: note: previous definition is here
  259 | #define strncpy(...) __strncpy_chk_func (__VA_ARGS__)
      |         ^
/Users/ghost/core/hexa-lang/self/runtime.c:1162:9: warning: 'strcpy' macro redefined [-Wmacro-redefined]
 1162 | #define strcpy(d,s)    hxlcl_strcpy((char *)(d), (const char *)(s))
      |         ^
/Library/Developer/CommandLineTools/SDKs/MacOSX.sdk/usr/include/secure/_string.h:249:9: note: previous definition is here
  249 | #define strcpy(...) __strcpy_chk_func (__VA_ARGS__)
      |         ^
/Users/ghost/core/hexa-lang/self/runtime.c:1165:9: warning: 'snprintf' macro redefined [-Wmacro-redefined]
 1165 | #define snprintf(b,c,...)  hxlcl_snprintf((char *)(b), (size_t)(c), __VA_ARGS__)
      |         ^
/Library/Developer/CommandLineTools/SDKs/MacOSX.sdk/usr/include/secure/_stdio.h:119:9: note: previous definition is here
  119 | #define snprintf(str, len, ...) __snprintf_chk_func (str, len, 0, __VA_ARGS__)
      |         ^
/Users/ghost/core/hexa-lang/self/runtime.c:1166:9: warning: 'sprintf' macro redefined [-Wmacro-redefined]
 1166 | #define sprintf(b,...)     hxlcl_sprintf((char *)(b), __VA_ARGS__)
      |         ^
/Library/Developer/CommandLineTools/SDKs/MacOSX.sdk/usr/include/secure/_stdio.h:107:9: note: previous definition is here
  107 | #define sprintf(str, ...) __sprintf_chk_func (str, 0, __VA_ARGS__)
      |         ^
In file included from /Users/ghost/core/hexa-lang/self/runtime.c:1211:
/Users/ghost/core/hexa-lang/self/runtime_core.c:4193:11: warning: initializing 'char *' with an expression of type 'const char *' discards qualifiers [-Wincompatible-pointer-types-discards-qualifiers]
 4193 |     char* p = hxlcl_strstr(HX_STR(s), HX_STR(sub));
      |           ^   ~~~~~~~~~~~~~~~~~~~~~~~~~~~~~~~~~~~~
/Users/ghost/core/hexa-lang/self/runtime_core.c:5940:11: warning: initializing 'char *' with an expression of type 'const char *' discards qualifiers [-Wincompatible-pointer-types-discards-qualifiers]
 5940 |     char* pos = hxlcl_strstr(HX_STR(fmt), "{}");
      |           ^     ~~~~~~~~~~~~~~~~~~~~~~~~~~~~~~~
/Users/ghost/core/hexa-lang/self/runtime_core.c:5973:19: warning: initializing 'char *' with an expression of type 'const char *' discards qualifiers [-Wincompatible-pointer-types-discards-qualifiers]
 5973 |             char* close = hxlcl_strchr(src, '}');
      |                   ^       ~~~~~~~~~~~~~~~~~~~~~~
/Users/ghost/core/hexa-lang/self/runtime_core.c:6062:15: warning: initializing 'char *' with an expression of type 'const char *' discards qualifiers [-Wincompatible-pointer-types-discards-qualifiers]
 6062 |         char* found = hxlcl_strstr(pos, d);
      |               ^       ~~~~~~~~~~~~~~~~~~~~
/Users/ghost/core/hexa-lang/self/runtime_core.c:6118:15: warning: initializing 'char *' with an expression of type 'const char *' discards qualifiers [-Wincompatible-pointer-types-discards-qualifiers]
 6118 |         char* found = hxlcl_strstr(pos, HX_STR(old));
      |               ^       ~~~~~~~~~~~~~~~~~~~~~~~~~~~~~~
14 warnings generated.

OK: built /Users/ghost/.cache/g1_smoke_build/smoke_protention_error_9ebfa273
[PASS] rc=0 — /Users/ghost/core/anima/anima-physics/prediction/protention_error.hexa

=== BUILD: /Users/ghost/core/anima/anima-physics/proprioception/feedback_loop.hexa ===
=== Building /Users/ghost/core/anima/anima-physics/proprioception/feedback_loop.hexa -> /Users/ghost/.cache/g1_smoke_build/smoke_feedback_loop_87e2e517 ===
  [1/2] HEXA_MEM_CAP_MB=4096 /Users/ghost/core/hexa-lang/self/native/hexa_v2 /Users/ghost/core/anima/anima-physics/proprioception/feedback_loop.hexa build/artifacts/smoke_feedback_loop_87e2e517.c 2>&1
    OK: build/artifacts/smoke_feedback_loop_87e2e517.c

  [2/2] clang -O2 -DHEXA_HAS_LIBSODIUM -I/opt/homebrew/Cellar/libsodium/1.0.22/include -DHEXA_HAS_OPENSSL -I/opt/homebrew/Cellar/openssl@3/3.6.2/include -Wno-trigraphs -fbracket-depth=4096 -I '/Users/ghost/core/hexa-lang/self' build/artifacts/smoke_feedback_loop_87e2e517.c '/Users/ghost/core/hexa-lang/self/runtime.c' -o '/Users/ghost/.cache/g1_smoke_build/smoke_feedback_loop_87e2e517.tmp.18808' -lpthread -L/opt/homebrew/Cellar/libsodium/1.0.22/lib -lsodium -L/opt/homebrew/Cellar/openssl@3/3.6.2/lib -lssl -lcrypto 2>&1
    In file included from build/artifacts/smoke_feedback_loop_87e2e517.c:2:
/Users/ghost/core/hexa-lang/self/runtime.h:349:28: warning: '/*' within block comment [-Wcomment]
  349 | /* ── Additional native/*.c forward-decls (auto-generated 2026-05-15) ──
      |                        ^
/Users/ghost/core/hexa-lang/self/runtime.h:350:36: warning: '/*' within block comment [-Wcomment]
  350 |  * Sourced from grep of self/native/*.c hexa_* definitions; ensures user.c
      |                                    ^
2 warnings generated.
/Users/ghost/core/hexa-lang/self/runtime.c:1145:9: warning: 'strcat' macro redefined [-Wmacro-redefined]
 1145 | #define strcat(d,s)    hxlcl_strcat((char *)(d), (const char *)(s))
      |         ^
/Library/Developer/CommandLineTools/SDKs/MacOSX.sdk/usr/include/secure/_string.h:254:9: note: previous definition is here
  254 | #define strcat(...) __strcat_chk_func (__VA_ARGS__)
      |         ^
/Users/ghost/core/hexa-lang/self/runtime.c:1157:9: warning: 'bzero' macro redefined [-Wmacro-redefined]
 1157 | #define bzero(p,n)     hxlcl_bzero((void *)(p), (size_t)(n))
      |         ^
/Library/Developer/CommandLineTools/SDKs/MacOSX.sdk/usr/include/secure/_strings.h:90:9: note: previous definition is here
   90 | #define bzero(...) __bzero_chk_func (__VA_ARGS__)
      |         ^
/Users/ghost/core/hexa-lang/self/runtime.c:1158:9: warning: 'memcpy' macro redefined [-Wmacro-redefined]
 1158 | #define memcpy(d,s,n)  hxlcl_memcpy((void *)(d), (const void *)(s), (size_t)(n))
      |         ^
/Library/Developer/CommandLineTools/SDKs/MacOSX.sdk/usr/include/secure/_string.h:234:9: note: previous definition is here
  234 | #define memcpy(...) __memcpy_chk_func (__VA_ARGS__)
      |         ^
/Users/ghost/core/hexa-lang/self/runtime.c:1159:9: warning: 'memset' macro redefined [-Wmacro-redefined]
 1159 | #define memset(p,c,n)  hxlcl_memset((void *)(p), (int)(c), (size_t)(n))
      |         ^
/Library/Developer/CommandLineTools/SDKs/MacOSX.sdk/usr/include/secure/_string.h:244:9: note: previous definition is here
  244 | #define memset(...) __memset_chk_func (__VA_ARGS__)
      |         ^
/Users/ghost/core/hexa-lang/self/runtime.c:1160:9: warning: 'memmove' macro redefined [-Wmacro-redefined]
 1160 | #define memmove(d,s,n) hxlcl_memmove((void *)(d), (const void *)(s), (size_t)(n))
      |         ^
/Library/Developer/CommandLineTools/SDKs/MacOSX.sdk/usr/include/secure/_string.h:239:9: note: previous definition is here
  239 | #define memmove(...) __memmove_chk_func (__VA_ARGS__)
      |         ^
/Users/ghost/core/hexa-lang/self/runtime.c:1161:9: warning: 'strncpy' macro redefined [-Wmacro-redefined]
 1161 | #define strncpy(d,s,n) hxlcl_strncpy((char *)(d), (const char *)(s), (size_t)(n))
      |         ^
/Library/Developer/CommandLineTools/SDKs/MacOSX.sdk/usr/include/secure/_string.h:259:9: note: previous definition is here
  259 | #define strncpy(...) __strncpy_chk_func (__VA_ARGS__)
      |         ^
/Users/ghost/core/hexa-lang/self/runtime.c:1162:9: warning: 'strcpy' macro redefined [-Wmacro-redefined]
 1162 | #define strcpy(d,s)    hxlcl_strcpy((char *)(d), (const char *)(s))
      |         ^
/Library/Developer/CommandLineTools/SDKs/MacOSX.sdk/usr/include/secure/_string.h:249:9: note: previous definition is here
  249 | #define strcpy(...) __strcpy_chk_func (__VA_ARGS__)
      |         ^
/Users/ghost/core/hexa-lang/self/runtime.c:1165:9: warning: 'snprintf' macro redefined [-Wmacro-redefined]
 1165 | #define snprintf(b,c,...)  hxlcl_snprintf((char *)(b), (size_t)(c), __VA_ARGS__)
      |         ^
/Library/Developer/CommandLineTools/SDKs/MacOSX.sdk/usr/include/secure/_stdio.h:119:9: note: previous definition is here
  119 | #define snprintf(str, len, ...) __snprintf_chk_func (str, len, 0, __VA_ARGS__)
      |         ^
/Users/ghost/core/hexa-lang/self/runtime.c:1166:9: warning: 'sprintf' macro redefined [-Wmacro-redefined]
 1166 | #define sprintf(b,...)     hxlcl_sprintf((char *)(b), __VA_ARGS__)
      |         ^
/Library/Developer/CommandLineTools/SDKs/MacOSX.sdk/usr/include/secure/_stdio.h:107:9: note: previous definition is here
  107 | #define sprintf(str, ...) __sprintf_chk_func (str, 0, __VA_ARGS__)
      |         ^
In file included from /Users/ghost/core/hexa-lang/self/runtime.c:1211:
/Users/ghost/core/hexa-lang/self/runtime_core.c:4193:11: warning: initializing 'char *' with an expression of type 'const char *' discards qualifiers [-Wincompatible-pointer-types-discards-qualifiers]
 4193 |     char* p = hxlcl_strstr(HX_STR(s), HX_STR(sub));
      |           ^   ~~~~~~~~~~~~~~~~~~~~~~~~~~~~~~~~~~~~
/Users/ghost/core/hexa-lang/self/runtime_core.c:5940:11: warning: initializing 'char *' with an expression of type 'const char *' discards qualifiers [-Wincompatible-pointer-types-discards-qualifiers]
 5940 |     char* pos = hxlcl_strstr(HX_STR(fmt), "{}");
      |           ^     ~~~~~~~~~~~~~~~~~~~~~~~~~~~~~~~
/Users/ghost/core/hexa-lang/self/runtime_core.c:5973:19: warning: initializing 'char *' with an expression of type 'const char *' discards qualifiers [-Wincompatible-pointer-types-discards-qualifiers]
 5973 |             char* close = hxlcl_strchr(src, '}');
      |                   ^       ~~~~~~~~~~~~~~~~~~~~~~
/Users/ghost/core/hexa-lang/self/runtime_core.c:6062:15: warning: initializing 'char *' with an expression of type 'const char *' discards qualifiers [-Wincompatible-pointer-types-discards-qualifiers]
 6062 |         char* found = hxlcl_strstr(pos, d);
      |               ^       ~~~~~~~~~~~~~~~~~~~~
/Users/ghost/core/hexa-lang/self/runtime_core.c:6118:15: warning: initializing 'char *' with an expression of type 'const char *' discards qualifiers [-Wincompatible-pointer-types-discards-qualifiers]
 6118 |         char* found = hxlcl_strstr(pos, HX_STR(old));
      |               ^       ~~~~~~~~~~~~~~~~~~~~~~~~~~~~~~
14 warnings generated.

OK: built /Users/ghost/.cache/g1_smoke_build/smoke_feedback_loop_87e2e517
[PASS] rc=0 — /Users/ghost/core/anima/anima-physics/proprioception/feedback_loop.hexa

=== BUILD: /Users/ghost/core/anima/anima-physics/quantum/bell_state.hexa ===
=== Building /Users/ghost/core/anima/anima-physics/quantum/bell_state.hexa -> /Users/ghost/.cache/g1_smoke_build/smoke_bell_state_de070bb3 ===
  [1/2] HEXA_MEM_CAP_MB=4096 /Users/ghost/core/hexa-lang/self/native/hexa_v2 /Users/ghost/core/anima/anima-physics/quantum/bell_state.hexa build/artifacts/smoke_bell_state_de070bb3.c 2>&1
    OK: build/artifacts/smoke_bell_state_de070bb3.c

  [2/2] clang -O2 -DHEXA_HAS_LIBSODIUM -I/opt/homebrew/Cellar/libsodium/1.0.22/include -DHEXA_HAS_OPENSSL -I/opt/homebrew/Cellar/openssl@3/3.6.2/include -Wno-trigraphs -fbracket-depth=4096 -I '/Users/ghost/core/hexa-lang/self' build/artifacts/smoke_bell_state_de070bb3.c '/Users/ghost/core/hexa-lang/self/runtime.c' -o '/Users/ghost/.cache/g1_smoke_build/smoke_bell_state_de070bb3.tmp.20104' -lpthread -L/opt/homebrew/Cellar/libsodium/1.0.22/lib -lsodium -L/opt/homebrew/Cellar/openssl@3/3.6.2/lib -lssl -lcrypto 2>&1
    In file included from build/artifacts/smoke_bell_state_de070bb3.c:2:
/Users/ghost/core/hexa-lang/self/runtime.h:349:28: warning: '/*' within block comment [-Wcomment]
  349 | /* ── Additional native/*.c forward-decls (auto-generated 2026-05-15) ──
      |                        ^
/Users/ghost/core/hexa-lang/self/runtime.h:350:36: warning: '/*' within block comment [-Wcomment]
  350 |  * Sourced from grep of self/native/*.c hexa_* definitions; ensures user.c
      |                                    ^
2 warnings generated.
/Users/ghost/core/hexa-lang/self/runtime.c:1145:9: warning: 'strcat' macro redefined [-Wmacro-redefined]
 1145 | #define strcat(d,s)    hxlcl_strcat((char *)(d), (const char *)(s))
      |         ^
/Library/Developer/CommandLineTools/SDKs/MacOSX.sdk/usr/include/secure/_string.h:254:9: note: previous definition is here
  254 | #define strcat(...) __strcat_chk_func (__VA_ARGS__)
      |         ^
/Users/ghost/core/hexa-lang/self/runtime.c:1157:9: warning: 'bzero' macro redefined [-Wmacro-redefined]
 1157 | #define bzero(p,n)     hxlcl_bzero((void *)(p), (size_t)(n))
      |         ^
/Library/Developer/CommandLineTools/SDKs/MacOSX.sdk/usr/include/secure/_strings.h:90:9: note: previous definition is here
   90 | #define bzero(...) __bzero_chk_func (__VA_ARGS__)
      |         ^
/Users/ghost/core/hexa-lang/self/runtime.c:1158:9: warning: 'memcpy' macro redefined [-Wmacro-redefined]
 1158 | #define memcpy(d,s,n)  hxlcl_memcpy((void *)(d), (const void *)(s), (size_t)(n))
      |         ^
/Library/Developer/CommandLineTools/SDKs/MacOSX.sdk/usr/include/secure/_string.h:234:9: note: previous definition is here
  234 | #define memcpy(...) __memcpy_chk_func (__VA_ARGS__)
      |         ^
/Users/ghost/core/hexa-lang/self/runtime.c:1159:9: warning: 'memset' macro redefined [-Wmacro-redefined]
 1159 | #define memset(p,c,n)  hxlcl_memset((void *)(p), (int)(c), (size_t)(n))
      |         ^
/Library/Developer/CommandLineTools/SDKs/MacOSX.sdk/usr/include/secure/_string.h:244:9: note: previous definition is here
  244 | #define memset(...) __memset_chk_func (__VA_ARGS__)
      |         ^
/Users/ghost/core/hexa-lang/self/runtime.c:1160:9: warning: 'memmove' macro redefined [-Wmacro-redefined]
 1160 | #define memmove(d,s,n) hxlcl_memmove((void *)(d), (const void *)(s), (size_t)(n))
      |         ^
/Library/Developer/CommandLineTools/SDKs/MacOSX.sdk/usr/include/secure/_string.h:239:9: note: previous definition is here
  239 | #define memmove(...) __memmove_chk_func (__VA_ARGS__)
      |         ^
/Users/ghost/core/hexa-lang/self/runtime.c:1161:9: warning: 'strncpy' macro redefined [-Wmacro-redefined]
 1161 | #define strncpy(d,s,n) hxlcl_strncpy((char *)(d), (const char *)(s), (size_t)(n))
      |         ^
/Library/Developer/CommandLineTools/SDKs/MacOSX.sdk/usr/include/secure/_string.h:259:9: note: previous definition is here
  259 | #define strncpy(...) __strncpy_chk_func (__VA_ARGS__)
      |         ^
/Users/ghost/core/hexa-lang/self/runtime.c:1162:9: warning: 'strcpy' macro redefined [-Wmacro-redefined]
 1162 | #define strcpy(d,s)    hxlcl_strcpy((char *)(d), (const char *)(s))
      |         ^
/Library/Developer/CommandLineTools/SDKs/MacOSX.sdk/usr/include/secure/_string.h:249:9: note: previous definition is here
  249 | #define strcpy(...) __strcpy_chk_func (__VA_ARGS__)
      |         ^
/Users/ghost/core/hexa-lang/self/runtime.c:1165:9: warning: 'snprintf' macro redefined [-Wmacro-redefined]
 1165 | #define snprintf(b,c,...)  hxlcl_snprintf((char *)(b), (size_t)(c), __VA_ARGS__)
      |         ^
/Library/Developer/CommandLineTools/SDKs/MacOSX.sdk/usr/include/secure/_stdio.h:119:9: note: previous definition is here
  119 | #define snprintf(str, len, ...) __snprintf_chk_func (str, len, 0, __VA_ARGS__)
      |         ^
/Users/ghost/core/hexa-lang/self/runtime.c:1166:9: warning: 'sprintf' macro redefined [-Wmacro-redefined]
 1166 | #define sprintf(b,...)     hxlcl_sprintf((char *)(b), __VA_ARGS__)
      |         ^
/Library/Developer/CommandLineTools/SDKs/MacOSX.sdk/usr/include/secure/_stdio.h:107:9: note: previous definition is here
  107 | #define sprintf(str, ...) __sprintf_chk_func (str, 0, __VA_ARGS__)
      |         ^
In file included from /Users/ghost/core/hexa-lang/self/runtime.c:1211:
/Users/ghost/core/hexa-lang/self/runtime_core.c:4193:11: warning: initializing 'char *' with an expression of type 'const char *' discards qualifiers [-Wincompatible-pointer-types-discards-qualifiers]
 4193 |     char* p = hxlcl_strstr(HX_STR(s), HX_STR(sub));
      |           ^   ~~~~~~~~~~~~~~~~~~~~~~~~~~~~~~~~~~~~
/Users/ghost/core/hexa-lang/self/runtime_core.c:5940:11: warning: initializing 'char *' with an expression of type 'const char *' discards qualifiers [-Wincompatible-pointer-types-discards-qualifiers]
 5940 |     char* pos = hxlcl_strstr(HX_STR(fmt), "{}");
      |           ^     ~~~~~~~~~~~~~~~~~~~~~~~~~~~~~~~
/Users/ghost/core/hexa-lang/self/runtime_core.c:5973:19: warning: initializing 'char *' with an expression of type 'const char *' discards qualifiers [-Wincompatible-pointer-types-discards-qualifiers]
 5973 |             char* close = hxlcl_strchr(src, '}');
      |                   ^       ~~~~~~~~~~~~~~~~~~~~~~
/Users/ghost/core/hexa-lang/self/runtime_core.c:6062:15: warning: initializing 'char *' with an expression of type 'const char *' discards qualifiers [-Wincompatible-pointer-types-discards-qualifiers]
 6062 |         char* found = hxlcl_strstr(pos, d);
      |               ^       ~~~~~~~~~~~~~~~~~~~~
/Users/ghost/core/hexa-lang/self/runtime_core.c:6118:15: warning: initializing 'char *' with an expression of type 'const char *' discards qualifiers [-Wincompatible-pointer-types-discards-qualifiers]
 6118 |         char* found = hxlcl_strstr(pos, HX_STR(old));
      |               ^       ~~~~~~~~~~~~~~~~~~~~~~~~~~~~~~
14 warnings generated.

OK: built /Users/ghost/.cache/g1_smoke_build/smoke_bell_state_de070bb3
[PASS] rc=0 — /Users/ghost/core/anima/anima-physics/quantum/bell_state.hexa

=== BUILD: /Users/ghost/core/anima/anima-physics/quantum/cloud_facade_poc.hexa ===
=== Building /Users/ghost/core/anima/anima-physics/quantum/cloud_facade_poc.hexa -> /Users/ghost/.cache/g1_smoke_build/smoke_cloud_facade_poc_da0fcf24 ===
  [1/2] HEXA_MEM_CAP_MB=4096 /Users/ghost/core/hexa-lang/self/native/hexa_v2 /Users/ghost/core/anima/anima-physics/quantum/cloud_facade_poc.hexa build/artifacts/smoke_cloud_facade_poc_da0fcf24.c 2>&1
    OK: build/artifacts/smoke_cloud_facade_poc_da0fcf24.c

  [2/2] clang -O2 -DHEXA_HAS_LIBSODIUM -I/opt/homebrew/Cellar/libsodium/1.0.22/include -DHEXA_HAS_OPENSSL -I/opt/homebrew/Cellar/openssl@3/3.6.2/include -Wno-trigraphs -fbracket-depth=4096 -I '/Users/ghost/core/hexa-lang/self' build/artifacts/smoke_cloud_facade_poc_da0fcf24.c '/Users/ghost/core/hexa-lang/self/runtime.c' -o '/Users/ghost/.cache/g1_smoke_build/smoke_cloud_facade_poc_da0fcf24.tmp.21740' -lpthread -L/opt/homebrew/Cellar/libsodium/1.0.22/lib -lsodium -L/opt/homebrew/Cellar/openssl@3/3.6.2/lib -lssl -lcrypto 2>&1
    In file included from build/artifacts/smoke_cloud_facade_poc_da0fcf24.c:2:
/Users/ghost/core/hexa-lang/self/runtime.h:349:28: warning: '/*' within block comment [-Wcomment]
  349 | /* ── Additional native/*.c forward-decls (auto-generated 2026-05-15) ──
      |                        ^
/Users/ghost/core/hexa-lang/self/runtime.h:350:36: warning: '/*' within block comment [-Wcomment]
  350 |  * Sourced from grep of self/native/*.c hexa_* definitions; ensures user.c
      |                                    ^
2 warnings generated.
/Users/ghost/core/hexa-lang/self/runtime.c:1145:9: warning: 'strcat' macro redefined [-Wmacro-redefined]
 1145 | #define strcat(d,s)    hxlcl_strcat((char *)(d), (const char *)(s))
      |         ^
/Library/Developer/CommandLineTools/SDKs/MacOSX.sdk/usr/include/secure/_string.h:254:9: note: previous definition is here
  254 | #define strcat(...) __strcat_chk_func (__VA_ARGS__)
      |         ^
/Users/ghost/core/hexa-lang/self/runtime.c:1157:9: warning: 'bzero' macro redefined [-Wmacro-redefined]
 1157 | #define bzero(p,n)     hxlcl_bzero((void *)(p), (size_t)(n))
      |         ^
/Library/Developer/CommandLineTools/SDKs/MacOSX.sdk/usr/include/secure/_strings.h:90:9: note: previous definition is here
   90 | #define bzero(...) __bzero_chk_func (__VA_ARGS__)
      |         ^
/Users/ghost/core/hexa-lang/self/runtime.c:1158:9: warning: 'memcpy' macro redefined [-Wmacro-redefined]
 1158 | #define memcpy(d,s,n)  hxlcl_memcpy((void *)(d), (const void *)(s), (size_t)(n))
      |         ^
/Library/Developer/CommandLineTools/SDKs/MacOSX.sdk/usr/include/secure/_string.h:234:9: note: previous definition is here
  234 | #define memcpy(...) __memcpy_chk_func (__VA_ARGS__)
      |         ^
/Users/ghost/core/hexa-lang/self/runtime.c:1159:9: warning: 'memset' macro redefined [-Wmacro-redefined]
 1159 | #define memset(p,c,n)  hxlcl_memset((void *)(p), (int)(c), (size_t)(n))
      |         ^
/Library/Developer/CommandLineTools/SDKs/MacOSX.sdk/usr/include/secure/_string.h:244:9: note: previous definition is here
  244 | #define memset(...) __memset_chk_func (__VA_ARGS__)
      |         ^
/Users/ghost/core/hexa-lang/self/runtime.c:1160:9: warning: 'memmove' macro redefined [-Wmacro-redefined]
 1160 | #define memmove(d,s,n) hxlcl_memmove((void *)(d), (const void *)(s), (size_t)(n))
      |         ^
/Library/Developer/CommandLineTools/SDKs/MacOSX.sdk/usr/include/secure/_string.h:239:9: note: previous definition is here
  239 | #define memmove(...) __memmove_chk_func (__VA_ARGS__)
      |         ^
/Users/ghost/core/hexa-lang/self/runtime.c:1161:9: warning: 'strncpy' macro redefined [-Wmacro-redefined]
 1161 | #define strncpy(d,s,n) hxlcl_strncpy((char *)(d), (const char *)(s), (size_t)(n))
      |         ^
/Library/Developer/CommandLineTools/SDKs/MacOSX.sdk/usr/include/secure/_string.h:259:9: note: previous definition is here
  259 | #define strncpy(...) __strncpy_chk_func (__VA_ARGS__)
      |         ^
/Users/ghost/core/hexa-lang/self/runtime.c:1162:9: warning: 'strcpy' macro redefined [-Wmacro-redefined]
 1162 | #define strcpy(d,s)    hxlcl_strcpy((char *)(d), (const char *)(s))
      |         ^
/Library/Developer/CommandLineTools/SDKs/MacOSX.sdk/usr/include/secure/_string.h:249:9: note: previous definition is here
  249 | #define strcpy(...) __strcpy_chk_func (__VA_ARGS__)
      |         ^
/Users/ghost/core/hexa-lang/self/runtime.c:1165:9: warning: 'snprintf' macro redefined [-Wmacro-redefined]
 1165 | #define snprintf(b,c,...)  hxlcl_snprintf((char *)(b), (size_t)(c), __VA_ARGS__)
      |         ^
/Library/Developer/CommandLineTools/SDKs/MacOSX.sdk/usr/include/secure/_stdio.h:119:9: note: previous definition is here
  119 | #define snprintf(str, len, ...) __snprintf_chk_func (str, len, 0, __VA_ARGS__)
      |         ^
/Users/ghost/core/hexa-lang/self/runtime.c:1166:9: warning: 'sprintf' macro redefined [-Wmacro-redefined]
 1166 | #define sprintf(b,...)     hxlcl_sprintf((char *)(b), __VA_ARGS__)
      |         ^
/Library/Developer/CommandLineTools/SDKs/MacOSX.sdk/usr/include/secure/_stdio.h:107:9: note: previous definition is here
  107 | #define sprintf(str, ...) __sprintf_chk_func (str, 0, __VA_ARGS__)
      |         ^
In file included from /Users/ghost/core/hexa-lang/self/runtime.c:1211:
/Users/ghost/core/hexa-lang/self/runtime_core.c:4193:11: warning: initializing 'char *' with an expression of type 'const char *' discards qualifiers [-Wincompatible-pointer-types-discards-qualifiers]
 4193 |     char* p = hxlcl_strstr(HX_STR(s), HX_STR(sub));
      |           ^   ~~~~~~~~~~~~~~~~~~~~~~~~~~~~~~~~~~~~
/Users/ghost/core/hexa-lang/self/runtime_core.c:5940:11: warning: initializing 'char *' with an expression of type 'const char *' discards qualifiers [-Wincompatible-pointer-types-discards-qualifiers]
 5940 |     char* pos = hxlcl_strstr(HX_STR(fmt), "{}");
      |           ^     ~~~~~~~~~~~~~~~~~~~~~~~~~~~~~~~
/Users/ghost/core/hexa-lang/self/runtime_core.c:5973:19: warning: initializing 'char *' with an expression of type 'const char *' discards qualifiers [-Wincompatible-pointer-types-discards-qualifiers]
 5973 |             char* close = hxlcl_strchr(src, '}');
      |                   ^       ~~~~~~~~~~~~~~~~~~~~~~
/Users/ghost/core/hexa-lang/self/runtime_core.c:6062:15: warning: initializing 'char *' with an expression of type 'const char *' discards qualifiers [-Wincompatible-pointer-types-discards-qualifiers]
 6062 |         char* found = hxlcl_strstr(pos, d);
      |               ^       ~~~~~~~~~~~~~~~~~~~~
/Users/ghost/core/hexa-lang/self/runtime_core.c:6118:15: warning: initializing 'char *' with an expression of type 'const char *' discards qualifiers [-Wincompatible-pointer-types-discards-qualifiers]
 6118 |         char* found = hxlcl_strstr(pos, HX_STR(old));
      |               ^       ~~~~~~~~~~~~~~~~~~~~~~~~~~~~~~
14 warnings generated.

OK: built /Users/ghost/.cache/g1_smoke_build/smoke_cloud_facade_poc_da0fcf24
[PASS] rc=0 — /Users/ghost/core/anima/anima-physics/quantum/cloud_facade_poc.hexa

=== BUILD: /Users/ghost/core/anima/anima-physics/quantum/cloud_real_ibm_q_facade.hexa ===
=== Building /Users/ghost/core/anima/anima-physics/quantum/cloud_real_ibm_q_facade.hexa -> /Users/ghost/.cache/g1_smoke_build/smoke_cloud_real_ibm_q_facade_e0cf62a4 ===
  [1/2] HEXA_MEM_CAP_MB=4096 /Users/ghost/core/hexa-lang/self/native/hexa_v2 /Users/ghost/core/anima/anima-physics/quantum/cloud_real_ibm_q_facade.hexa build/artifacts/smoke_cloud_real_ibm_q_facade_e0cf62a4.c 2>&1
    error: auto-invoke conflict — `fn main()` is auto-called by hexa-strict
       AND a top-level `main()` call was found, which would run main() twice
       in the interp path (codegen suppresses but interp deliberately double-calls).
hint: remove the explicit `main()` call (auto-invoke handles it)
hint: OR add `@manual_main` attribute on `fn main` to opt out of auto-invoke
ref: silent-failure-enforcement Class 1 (doc/audit/silent_failure_enforcement_audit.md)

sh: command substitution: line 0: syntax error near unexpected token `('
sh: command substitution: line 0: `fn main()'
sh: command substitution: line 1: syntax error: unexpected end of file
sh: command substitution: line 1: syntax error: unexpected end of file
sh: @manual_main: command not found
sh: fn: command not found
error: transpile failed — C file not produced: build/artifacts/smoke_cloud_real_ibm_q_facade_e0cf62a4.c
[FAIL] rc=1 — /Users/ghost/core/anima/anima-physics/quantum/cloud_real_ibm_q_facade.hexa

=== BUILD: /Users/ghost/core/anima/anima-physics/realtime_monitor.hexa ===
=== Building /Users/ghost/core/anima/anima-physics/realtime_monitor.hexa -> /Users/ghost/.cache/g1_smoke_build/smoke_realtime_monitor_97b6dc00 ===
  [1/2] HEXA_MEM_CAP_MB=4096 /Users/ghost/core/hexa-lang/self/native/hexa_v2 /Users/ghost/core/anima/anima-physics/realtime_monitor.hexa build/artifacts/smoke_realtime_monitor_97b6dc00.c 2>&1
    error: auto-invoke conflict — `fn main()` is auto-called by hexa-strict
       AND a top-level `main()` call was found, which would run main() twice
       in the interp path (codegen suppresses but interp deliberately double-calls).
hint: remove the explicit `main()` call (auto-invoke handles it)
hint: OR add `@manual_main` attribute on `fn main` to opt out of auto-invoke
ref: silent-failure-enforcement Class 1 (doc/audit/silent_failure_enforcement_audit.md)

sh: command substitution: line 0: syntax error near unexpected token `('
sh: command substitution: line 0: `fn main()'
sh: command substitution: line 1: syntax error: unexpected end of file
sh: command substitution: line 1: syntax error: unexpected end of file
sh: @manual_main: command not found
sh: fn: command not found
error: transpile failed — C file not produced: build/artifacts/smoke_realtime_monitor_97b6dc00.c
[FAIL] rc=1 — /Users/ghost/core/anima/anima-physics/realtime_monitor.hexa

=== BUILD: /Users/ghost/core/anima/anima-physics/rtc_sync.hexa ===
=== Building /Users/ghost/core/anima/anima-physics/rtc_sync.hexa -> /Users/ghost/.cache/g1_smoke_build/smoke_rtc_sync_d5b6b6aa ===
  [1/2] HEXA_MEM_CAP_MB=4096 /Users/ghost/core/hexa-lang/self/native/hexa_v2 /Users/ghost/core/anima/anima-physics/rtc_sync.hexa build/artifacts/smoke_rtc_sync_d5b6b6aa.c 2>&1
    OK: build/artifacts/smoke_rtc_sync_d5b6b6aa.c

  [2/2] clang -O2 -DHEXA_HAS_LIBSODIUM -I/opt/homebrew/Cellar/libsodium/1.0.22/include -DHEXA_HAS_OPENSSL -I/opt/homebrew/Cellar/openssl@3/3.6.2/include -Wno-trigraphs -fbracket-depth=4096 -I '/Users/ghost/core/hexa-lang/self' build/artifacts/smoke_rtc_sync_d5b6b6aa.c '/Users/ghost/core/hexa-lang/self/runtime.c' -o '/Users/ghost/.cache/g1_smoke_build/smoke_rtc_sync_d5b6b6aa.tmp.23583' -lpthread -L/opt/homebrew/Cellar/libsodium/1.0.22/lib -lsodium -L/opt/homebrew/Cellar/openssl@3/3.6.2/lib -lssl -lcrypto 2>&1
    In file included from build/artifacts/smoke_rtc_sync_d5b6b6aa.c:2:
/Users/ghost/core/hexa-lang/self/runtime.h:349:28: warning: '/*' within block comment [-Wcomment]
  349 | /* ── Additional native/*.c forward-decls (auto-generated 2026-05-15) ──
      |                        ^
/Users/ghost/core/hexa-lang/self/runtime.h:350:36: warning: '/*' within block comment [-Wcomment]
  350 |  * Sourced from grep of self/native/*.c hexa_* definitions; ensures user.c
      |                                    ^
2 warnings generated.
/Users/ghost/core/hexa-lang/self/runtime.c:1145:9: warning: 'strcat' macro redefined [-Wmacro-redefined]
 1145 | #define strcat(d,s)    hxlcl_strcat((char *)(d), (const char *)(s))
      |         ^
/Library/Developer/CommandLineTools/SDKs/MacOSX.sdk/usr/include/secure/_string.h:254:9: note: previous definition is here
  254 | #define strcat(...) __strcat_chk_func (__VA_ARGS__)
      |         ^
/Users/ghost/core/hexa-lang/self/runtime.c:1157:9: warning: 'bzero' macro redefined [-Wmacro-redefined]
 1157 | #define bzero(p,n)     hxlcl_bzero((void *)(p), (size_t)(n))
      |         ^
/Library/Developer/CommandLineTools/SDKs/MacOSX.sdk/usr/include/secure/_strings.h:90:9: note: previous definition is here
   90 | #define bzero(...) __bzero_chk_func (__VA_ARGS__)
      |         ^
/Users/ghost/core/hexa-lang/self/runtime.c:1158:9: warning: 'memcpy' macro redefined [-Wmacro-redefined]
 1158 | #define memcpy(d,s,n)  hxlcl_memcpy((void *)(d), (const void *)(s), (size_t)(n))
      |         ^
/Library/Developer/CommandLineTools/SDKs/MacOSX.sdk/usr/include/secure/_string.h:234:9: note: previous definition is here
  234 | #define memcpy(...) __memcpy_chk_func (__VA_ARGS__)
      |         ^
/Users/ghost/core/hexa-lang/self/runtime.c:1159:9: warning: 'memset' macro redefined [-Wmacro-redefined]
 1159 | #define memset(p,c,n)  hxlcl_memset((void *)(p), (int)(c), (size_t)(n))
      |         ^
/Library/Developer/CommandLineTools/SDKs/MacOSX.sdk/usr/include/secure/_string.h:244:9: note: previous definition is here
  244 | #define memset(...) __memset_chk_func (__VA_ARGS__)
      |         ^
/Users/ghost/core/hexa-lang/self/runtime.c:1160:9: warning: 'memmove' macro redefined [-Wmacro-redefined]
 1160 | #define memmove(d,s,n) hxlcl_memmove((void *)(d), (const void *)(s), (size_t)(n))
      |         ^
/Library/Developer/CommandLineTools/SDKs/MacOSX.sdk/usr/include/secure/_string.h:239:9: note: previous definition is here
  239 | #define memmove(...) __memmove_chk_func (__VA_ARGS__)
      |         ^
/Users/ghost/core/hexa-lang/self/runtime.c:1161:9: warning: 'strncpy' macro redefined [-Wmacro-redefined]
 1161 | #define strncpy(d,s,n) hxlcl_strncpy((char *)(d), (const char *)(s), (size_t)(n))
      |         ^
/Library/Developer/CommandLineTools/SDKs/MacOSX.sdk/usr/include/secure/_string.h:259:9: note: previous definition is here
  259 | #define strncpy(...) __strncpy_chk_func (__VA_ARGS__)
      |         ^
/Users/ghost/core/hexa-lang/self/runtime.c:1162:9: warning: 'strcpy' macro redefined [-Wmacro-redefined]
 1162 | #define strcpy(d,s)    hxlcl_strcpy((char *)(d), (const char *)(s))
      |         ^
/Library/Developer/CommandLineTools/SDKs/MacOSX.sdk/usr/include/secure/_string.h:249:9: note: previous definition is here
  249 | #define strcpy(...) __strcpy_chk_func (__VA_ARGS__)
      |         ^
/Users/ghost/core/hexa-lang/self/runtime.c:1165:9: warning: 'snprintf' macro redefined [-Wmacro-redefined]
 1165 | #define snprintf(b,c,...)  hxlcl_snprintf((char *)(b), (size_t)(c), __VA_ARGS__)
      |         ^
/Library/Developer/CommandLineTools/SDKs/MacOSX.sdk/usr/include/secure/_stdio.h:119:9: note: previous definition is here
  119 | #define snprintf(str, len, ...) __snprintf_chk_func (str, len, 0, __VA_ARGS__)
      |         ^
/Users/ghost/core/hexa-lang/self/runtime.c:1166:9: warning: 'sprintf' macro redefined [-Wmacro-redefined]
 1166 | #define sprintf(b,...)     hxlcl_sprintf((char *)(b), __VA_ARGS__)
      |         ^
/Library/Developer/CommandLineTools/SDKs/MacOSX.sdk/usr/include/secure/_stdio.h:107:9: note: previous definition is here
  107 | #define sprintf(str, ...) __sprintf_chk_func (str, 0, __VA_ARGS__)
      |         ^
In file included from /Users/ghost/core/hexa-lang/self/runtime.c:1211:
/Users/ghost/core/hexa-lang/self/runtime_core.c:4193:11: warning: initializing 'char *' with an expression of type 'const char *' discards qualifiers [-Wincompatible-pointer-types-discards-qualifiers]
 4193 |     char* p = hxlcl_strstr(HX_STR(s), HX_STR(sub));
      |           ^   ~~~~~~~~~~~~~~~~~~~~~~~~~~~~~~~~~~~~
/Users/ghost/core/hexa-lang/self/runtime_core.c:5940:11: warning: initializing 'char *' with an expression of type 'const char *' discards qualifiers [-Wincompatible-pointer-types-discards-qualifiers]
 5940 |     char* pos = hxlcl_strstr(HX_STR(fmt), "{}");
      |           ^     ~~~~~~~~~~~~~~~~~~~~~~~~~~~~~~~
/Users/ghost/core/hexa-lang/self/runtime_core.c:5973:19: warning: initializing 'char *' with an expression of type 'const char *' discards qualifiers [-Wincompatible-pointer-types-discards-qualifiers]
 5973 |             char* close = hxlcl_strchr(src, '}');
      |                   ^       ~~~~~~~~~~~~~~~~~~~~~~
/Users/ghost/core/hexa-lang/self/runtime_core.c:6062:15: warning: initializing 'char *' with an expression of type 'const char *' discards qualifiers [-Wincompatible-pointer-types-discards-qualifiers]
 6062 |         char* found = hxlcl_strstr(pos, d);
      |               ^       ~~~~~~~~~~~~~~~~~~~~
/Users/ghost/core/hexa-lang/self/runtime_core.c:6118:15: warning: initializing 'char *' with an expression of type 'const char *' discards qualifiers [-Wincompatible-pointer-types-discards-qualifiers]
 6118 |         char* found = hxlcl_strstr(pos, HX_STR(old));
      |               ^       ~~~~~~~~~~~~~~~~~~~~~~~~~~~~~~
14 warnings generated.

OK: built /Users/ghost/.cache/g1_smoke_build/smoke_rtc_sync_d5b6b6aa
[PASS] rc=0 — /Users/ghost/core/anima/anima-physics/rtc_sync.hexa

=== BUILD: /Users/ghost/core/anima/anima-physics/signal_corpus.hexa ===
=== Building /Users/ghost/core/anima/anima-physics/signal_corpus.hexa -> /Users/ghost/.cache/g1_smoke_build/smoke_signal_corpus_33633661 ===
  [1/2] HEXA_MEM_CAP_MB=4096 /Users/ghost/core/hexa-lang/self/native/hexa_v2 /Users/ghost/core/anima/anima-physics/signal_corpus.hexa build/artifacts/smoke_signal_corpus_33633661.c 2>&1
    OK: build/artifacts/smoke_signal_corpus_33633661.c

  [2/2] clang -O2 -DHEXA_HAS_LIBSODIUM -I/opt/homebrew/Cellar/libsodium/1.0.22/include -DHEXA_HAS_OPENSSL -I/opt/homebrew/Cellar/openssl@3/3.6.2/include -Wno-trigraphs -fbracket-depth=4096 -I '/Users/ghost/core/hexa-lang/self' build/artifacts/smoke_signal_corpus_33633661.c '/Users/ghost/core/hexa-lang/self/runtime.c' -o '/Users/ghost/.cache/g1_smoke_build/smoke_signal_corpus_33633661.tmp.25055' -lpthread -L/opt/homebrew/Cellar/libsodium/1.0.22/lib -lsodium -L/opt/homebrew/Cellar/openssl@3/3.6.2/lib -lssl -lcrypto 2>&1
    In file included from build/artifacts/smoke_signal_corpus_33633661.c:2:
/Users/ghost/core/hexa-lang/self/runtime.h:349:28: warning: '/*' within block comment [-Wcomment]
  349 | /* ── Additional native/*.c forward-decls (auto-generated 2026-05-15) ──
      |                        ^
/Users/ghost/core/hexa-lang/self/runtime.h:350:36: warning: '/*' within block comment [-Wcomment]
  350 |  * Sourced from grep of self/native/*.c hexa_* definitions; ensures user.c
      |                                    ^
2 warnings generated.
/Users/ghost/core/hexa-lang/self/runtime.c:1145:9: warning: 'strcat' macro redefined [-Wmacro-redefined]
 1145 | #define strcat(d,s)    hxlcl_strcat((char *)(d), (const char *)(s))
      |         ^
/Library/Developer/CommandLineTools/SDKs/MacOSX.sdk/usr/include/secure/_string.h:254:9: note: previous definition is here
  254 | #define strcat(...) __strcat_chk_func (__VA_ARGS__)
      |         ^
/Users/ghost/core/hexa-lang/self/runtime.c:1157:9: warning: 'bzero' macro redefined [-Wmacro-redefined]
 1157 | #define bzero(p,n)     hxlcl_bzero((void *)(p), (size_t)(n))
      |         ^
/Library/Developer/CommandLineTools/SDKs/MacOSX.sdk/usr/include/secure/_strings.h:90:9: note: previous definition is here
   90 | #define bzero(...) __bzero_chk_func (__VA_ARGS__)
      |         ^
/Users/ghost/core/hexa-lang/self/runtime.c:1158:9: warning: 'memcpy' macro redefined [-Wmacro-redefined]
 1158 | #define memcpy(d,s,n)  hxlcl_memcpy((void *)(d), (const void *)(s), (size_t)(n))
      |         ^
/Library/Developer/CommandLineTools/SDKs/MacOSX.sdk/usr/include/secure/_string.h:234:9: note: previous definition is here
  234 | #define memcpy(...) __memcpy_chk_func (__VA_ARGS__)
      |         ^
/Users/ghost/core/hexa-lang/self/runtime.c:1159:9: warning: 'memset' macro redefined [-Wmacro-redefined]
 1159 | #define memset(p,c,n)  hxlcl_memset((void *)(p), (int)(c), (size_t)(n))
      |         ^
/Library/Developer/CommandLineTools/SDKs/MacOSX.sdk/usr/include/secure/_string.h:244:9: note: previous definition is here
  244 | #define memset(...) __memset_chk_func (__VA_ARGS__)
      |         ^
/Users/ghost/core/hexa-lang/self/runtime.c:1160:9: warning: 'memmove' macro redefined [-Wmacro-redefined]
 1160 | #define memmove(d,s,n) hxlcl_memmove((void *)(d), (const void *)(s), (size_t)(n))
      |         ^
/Library/Developer/CommandLineTools/SDKs/MacOSX.sdk/usr/include/secure/_string.h:239:9: note: previous definition is here
  239 | #define memmove(...) __memmove_chk_func (__VA_ARGS__)
      |         ^
/Users/ghost/core/hexa-lang/self/runtime.c:1161:9: warning: 'strncpy' macro redefined [-Wmacro-redefined]
 1161 | #define strncpy(d,s,n) hxlcl_strncpy((char *)(d), (const char *)(s), (size_t)(n))
      |         ^
/Library/Developer/CommandLineTools/SDKs/MacOSX.sdk/usr/include/secure/_string.h:259:9: note: previous definition is here
  259 | #define strncpy(...) __strncpy_chk_func (__VA_ARGS__)
      |         ^
/Users/ghost/core/hexa-lang/self/runtime.c:1162:9: warning: 'strcpy' macro redefined [-Wmacro-redefined]
 1162 | #define strcpy(d,s)    hxlcl_strcpy((char *)(d), (const char *)(s))
      |         ^
/Library/Developer/CommandLineTools/SDKs/MacOSX.sdk/usr/include/secure/_string.h:249:9: note: previous definition is here
  249 | #define strcpy(...) __strcpy_chk_func (__VA_ARGS__)
      |         ^
/Users/ghost/core/hexa-lang/self/runtime.c:1165:9: warning: 'snprintf' macro redefined [-Wmacro-redefined]
 1165 | #define snprintf(b,c,...)  hxlcl_snprintf((char *)(b), (size_t)(c), __VA_ARGS__)
      |         ^
/Library/Developer/CommandLineTools/SDKs/MacOSX.sdk/usr/include/secure/_stdio.h:119:9: note: previous definition is here
  119 | #define snprintf(str, len, ...) __snprintf_chk_func (str, len, 0, __VA_ARGS__)
      |         ^
/Users/ghost/core/hexa-lang/self/runtime.c:1166:9: warning: 'sprintf' macro redefined [-Wmacro-redefined]
 1166 | #define sprintf(b,...)     hxlcl_sprintf((char *)(b), __VA_ARGS__)
      |         ^
/Library/Developer/CommandLineTools/SDKs/MacOSX.sdk/usr/include/secure/_stdio.h:107:9: note: previous definition is here
  107 | #define sprintf(str, ...) __sprintf_chk_func (str, 0, __VA_ARGS__)
      |         ^
In file included from /Users/ghost/core/hexa-lang/self/runtime.c:1211:
/Users/ghost/core/hexa-lang/self/runtime_core.c:4193:11: warning: initializing 'char *' with an expression of type 'const char *' discards qualifiers [-Wincompatible-pointer-types-discards-qualifiers]
 4193 |     char* p = hxlcl_strstr(HX_STR(s), HX_STR(sub));
      |           ^   ~~~~~~~~~~~~~~~~~~~~~~~~~~~~~~~~~~~~
/Users/ghost/core/hexa-lang/self/runtime_core.c:5940:11: warning: initializing 'char *' with an expression of type 'const char *' discards qualifiers [-Wincompatible-pointer-types-discards-qualifiers]
 5940 |     char* pos = hxlcl_strstr(HX_STR(fmt), "{}");
      |           ^     ~~~~~~~~~~~~~~~~~~~~~~~~~~~~~~~
/Users/ghost/core/hexa-lang/self/runtime_core.c:5973:19: warning: initializing 'char *' with an expression of type 'const char *' discards qualifiers [-Wincompatible-pointer-types-discards-qualifiers]
 5973 |             char* close = hxlcl_strchr(src, '}');
      |                   ^       ~~~~~~~~~~~~~~~~~~~~~~
/Users/ghost/core/hexa-lang/self/runtime_core.c:6062:15: warning: initializing 'char *' with an expression of type 'const char *' discards qualifiers [-Wincompatible-pointer-types-discards-qualifiers]
 6062 |         char* found = hxlcl_strstr(pos, d);
      |               ^       ~~~~~~~~~~~~~~~~~~~~
/Users/ghost/core/hexa-lang/self/runtime_core.c:6118:15: warning: initializing 'char *' with an expression of type 'const char *' discards qualifiers [-Wincompatible-pointer-types-discards-qualifiers]
 6118 |         char* found = hxlcl_strstr(pos, HX_STR(old));
      |               ^       ~~~~~~~~~~~~~~~~~~~~~~~~~~~~~~
14 warnings generated.

OK: built /Users/ghost/.cache/g1_smoke_build/smoke_signal_corpus_33633661
[PASS] rc=0 — /Users/ghost/core/anima/anima-physics/signal_corpus.hexa

=== BUILD: /Users/ghost/core/anima/anima-physics/social/kuramoto_coupling.hexa ===
=== Building /Users/ghost/core/anima/anima-physics/social/kuramoto_coupling.hexa -> /Users/ghost/.cache/g1_smoke_build/smoke_kuramoto_coupling_ac4a12ff ===
  [1/2] HEXA_MEM_CAP_MB=4096 /Users/ghost/core/hexa-lang/self/native/hexa_v2 /Users/ghost/core/anima/anima-physics/social/kuramoto_coupling.hexa build/artifacts/smoke_kuramoto_coupling_ac4a12ff.c 2>&1
    OK: build/artifacts/smoke_kuramoto_coupling_ac4a12ff.c

  [2/2] clang -O2 -DHEXA_HAS_LIBSODIUM -I/opt/homebrew/Cellar/libsodium/1.0.22/include -DHEXA_HAS_OPENSSL -I/opt/homebrew/Cellar/openssl@3/3.6.2/include -Wno-trigraphs -fbracket-depth=4096 -I '/Users/ghost/core/hexa-lang/self' build/artifacts/smoke_kuramoto_coupling_ac4a12ff.c '/Users/ghost/core/hexa-lang/self/runtime.c' -o '/Users/ghost/.cache/g1_smoke_build/smoke_kuramoto_coupling_ac4a12ff.tmp.26587' -lpthread -L/opt/homebrew/Cellar/libsodium/1.0.22/lib -lsodium -L/opt/homebrew/Cellar/openssl@3/3.6.2/lib -lssl -lcrypto 2>&1
    In file included from build/artifacts/smoke_kuramoto_coupling_ac4a12ff.c:2:
/Users/ghost/core/hexa-lang/self/runtime.h:349:28: warning: '/*' within block comment [-Wcomment]
  349 | /* ── Additional native/*.c forward-decls (auto-generated 2026-05-15) ──
      |                        ^
/Users/ghost/core/hexa-lang/self/runtime.h:350:36: warning: '/*' within block comment [-Wcomment]
  350 |  * Sourced from grep of self/native/*.c hexa_* definitions; ensures user.c
      |                                    ^
2 warnings generated.
/Users/ghost/core/hexa-lang/self/runtime.c:1145:9: warning: 'strcat' macro redefined [-Wmacro-redefined]
 1145 | #define strcat(d,s)    hxlcl_strcat((char *)(d), (const char *)(s))
      |         ^
/Library/Developer/CommandLineTools/SDKs/MacOSX.sdk/usr/include/secure/_string.h:254:9: note: previous definition is here
  254 | #define strcat(...) __strcat_chk_func (__VA_ARGS__)
      |         ^
/Users/ghost/core/hexa-lang/self/runtime.c:1157:9: warning: 'bzero' macro redefined [-Wmacro-redefined]
 1157 | #define bzero(p,n)     hxlcl_bzero((void *)(p), (size_t)(n))
      |         ^
/Library/Developer/CommandLineTools/SDKs/MacOSX.sdk/usr/include/secure/_strings.h:90:9: note: previous definition is here
   90 | #define bzero(...) __bzero_chk_func (__VA_ARGS__)
      |         ^
/Users/ghost/core/hexa-lang/self/runtime.c:1158:9: warning: 'memcpy' macro redefined [-Wmacro-redefined]
 1158 | #define memcpy(d,s,n)  hxlcl_memcpy((void *)(d), (const void *)(s), (size_t)(n))
      |         ^
/Library/Developer/CommandLineTools/SDKs/MacOSX.sdk/usr/include/secure/_string.h:234:9: note: previous definition is here
  234 | #define memcpy(...) __memcpy_chk_func (__VA_ARGS__)
      |         ^
/Users/ghost/core/hexa-lang/self/runtime.c:1159:9: warning: 'memset' macro redefined [-Wmacro-redefined]
 1159 | #define memset(p,c,n)  hxlcl_memset((void *)(p), (int)(c), (size_t)(n))
      |         ^
/Library/Developer/CommandLineTools/SDKs/MacOSX.sdk/usr/include/secure/_string.h:244:9: note: previous definition is here
  244 | #define memset(...) __memset_chk_func (__VA_ARGS__)
      |         ^
/Users/ghost/core/hexa-lang/self/runtime.c:1160:9: warning: 'memmove' macro redefined [-Wmacro-redefined]
 1160 | #define memmove(d,s,n) hxlcl_memmove((void *)(d), (const void *)(s), (size_t)(n))
      |         ^
/Library/Developer/CommandLineTools/SDKs/MacOSX.sdk/usr/include/secure/_string.h:239:9: note: previous definition is here
  239 | #define memmove(...) __memmove_chk_func (__VA_ARGS__)
      |         ^
/Users/ghost/core/hexa-lang/self/runtime.c:1161:9: warning: 'strncpy' macro redefined [-Wmacro-redefined]
 1161 | #define strncpy(d,s,n) hxlcl_strncpy((char *)(d), (const char *)(s), (size_t)(n))
      |         ^
/Library/Developer/CommandLineTools/SDKs/MacOSX.sdk/usr/include/secure/_string.h:259:9: note: previous definition is here
  259 | #define strncpy(...) __strncpy_chk_func (__VA_ARGS__)
      |         ^
/Users/ghost/core/hexa-lang/self/runtime.c:1162:9: warning: 'strcpy' macro redefined [-Wmacro-redefined]
 1162 | #define strcpy(d,s)    hxlcl_strcpy((char *)(d), (const char *)(s))
      |         ^
/Library/Developer/CommandLineTools/SDKs/MacOSX.sdk/usr/include/secure/_string.h:249:9: note: previous definition is here
  249 | #define strcpy(...) __strcpy_chk_func (__VA_ARGS__)
      |         ^
/Users/ghost/core/hexa-lang/self/runtime.c:1165:9: warning: 'snprintf' macro redefined [-Wmacro-redefined]
 1165 | #define snprintf(b,c,...)  hxlcl_snprintf((char *)(b), (size_t)(c), __VA_ARGS__)
      |         ^
/Library/Developer/CommandLineTools/SDKs/MacOSX.sdk/usr/include/secure/_stdio.h:119:9: note: previous definition is here
  119 | #define snprintf(str, len, ...) __snprintf_chk_func (str, len, 0, __VA_ARGS__)
      |         ^
/Users/ghost/core/hexa-lang/self/runtime.c:1166:9: warning: 'sprintf' macro redefined [-Wmacro-redefined]
 1166 | #define sprintf(b,...)     hxlcl_sprintf((char *)(b), __VA_ARGS__)
      |         ^
/Library/Developer/CommandLineTools/SDKs/MacOSX.sdk/usr/include/secure/_stdio.h:107:9: note: previous definition is here
  107 | #define sprintf(str, ...) __sprintf_chk_func (str, 0, __VA_ARGS__)
      |         ^
In file included from /Users/ghost/core/hexa-lang/self/runtime.c:1211:
/Users/ghost/core/hexa-lang/self/runtime_core.c:4193:11: warning: initializing 'char *' with an expression of type 'const char *' discards qualifiers [-Wincompatible-pointer-types-discards-qualifiers]
 4193 |     char* p = hxlcl_strstr(HX_STR(s), HX_STR(sub));
      |           ^   ~~~~~~~~~~~~~~~~~~~~~~~~~~~~~~~~~~~~
/Users/ghost/core/hexa-lang/self/runtime_core.c:5940:11: warning: initializing 'char *' with an expression of type 'const char *' discards qualifiers [-Wincompatible-pointer-types-discards-qualifiers]
 5940 |     char* pos = hxlcl_strstr(HX_STR(fmt), "{}");
      |           ^     ~~~~~~~~~~~~~~~~~~~~~~~~~~~~~~~
/Users/ghost/core/hexa-lang/self/runtime_core.c:5973:19: warning: initializing 'char *' with an expression of type 'const char *' discards qualifiers [-Wincompatible-pointer-types-discards-qualifiers]
 5973 |             char* close = hxlcl_strchr(src, '}');
      |                   ^       ~~~~~~~~~~~~~~~~~~~~~~
/Users/ghost/core/hexa-lang/self/runtime_core.c:6062:15: warning: initializing 'char *' with an expression of type 'const char *' discards qualifiers [-Wincompatible-pointer-types-discards-qualifiers]
 6062 |         char* found = hxlcl_strstr(pos, d);
      |               ^       ~~~~~~~~~~~~~~~~~~~~
/Users/ghost/core/hexa-lang/self/runtime_core.c:6118:15: warning: initializing 'char *' with an expression of type 'const char *' discards qualifiers [-Wincompatible-pointer-types-discards-qualifiers]
 6118 |         char* found = hxlcl_strstr(pos, HX_STR(old));
      |               ^       ~~~~~~~~~~~~~~~~~~~~~~~~~~~~~~
14 warnings generated.

OK: built /Users/ghost/.cache/g1_smoke_build/smoke_kuramoto_coupling_ac4a12ff
[PASS] rc=0 — /Users/ghost/core/anima/anima-physics/social/kuramoto_coupling.hexa

=== BUILD: /Users/ghost/core/anima/anima-physics/src/body_physics_bridge.hexa ===
=== Building /Users/ghost/core/anima/anima-physics/src/body_physics_bridge.hexa -> /Users/ghost/.cache/g1_smoke_build/smoke_body_physics_bridge_5ec55526 ===
  [1/2] HEXA_MEM_CAP_MB=4096 /Users/ghost/core/hexa-lang/self/native/hexa_v2 /Users/ghost/core/anima/anima-physics/src/body_physics_bridge.hexa build/artifacts/smoke_body_physics_bridge_5ec55526.c 2>&1
    OK: build/artifacts/smoke_body_physics_bridge_5ec55526.c

  [2/2] clang -O2 -DHEXA_HAS_LIBSODIUM -I/opt/homebrew/Cellar/libsodium/1.0.22/include -DHEXA_HAS_OPENSSL -I/opt/homebrew/Cellar/openssl@3/3.6.2/include -Wno-trigraphs -fbracket-depth=4096 -I '/Users/ghost/core/hexa-lang/self' build/artifacts/smoke_body_physics_bridge_5ec55526.c '/Users/ghost/core/hexa-lang/self/runtime.c' -o '/Users/ghost/.cache/g1_smoke_build/smoke_body_physics_bridge_5ec55526.tmp.27836' -lpthread -L/opt/homebrew/Cellar/libsodium/1.0.22/lib -lsodium -L/opt/homebrew/Cellar/openssl@3/3.6.2/lib -lssl -lcrypto 2>&1
    In file included from build/artifacts/smoke_body_physics_bridge_5ec55526.c:2:
/Users/ghost/core/hexa-lang/self/runtime.h:349:28: warning: '/*' within block comment [-Wcomment]
  349 | /* ── Additional native/*.c forward-decls (auto-generated 2026-05-15) ──
      |                        ^
/Users/ghost/core/hexa-lang/self/runtime.h:350:36: warning: '/*' within block comment [-Wcomment]
  350 |  * Sourced from grep of self/native/*.c hexa_* definitions; ensures user.c
      |                                    ^
2 warnings generated.
/Users/ghost/core/hexa-lang/self/runtime.c:1145:9: warning: 'strcat' macro redefined [-Wmacro-redefined]
 1145 | #define strcat(d,s)    hxlcl_strcat((char *)(d), (const char *)(s))
      |         ^
/Library/Developer/CommandLineTools/SDKs/MacOSX.sdk/usr/include/secure/_string.h:254:9: note: previous definition is here
  254 | #define strcat(...) __strcat_chk_func (__VA_ARGS__)
      |         ^
/Users/ghost/core/hexa-lang/self/runtime.c:1157:9: warning: 'bzero' macro redefined [-Wmacro-redefined]
 1157 | #define bzero(p,n)     hxlcl_bzero((void *)(p), (size_t)(n))
      |         ^
/Library/Developer/CommandLineTools/SDKs/MacOSX.sdk/usr/include/secure/_strings.h:90:9: note: previous definition is here
   90 | #define bzero(...) __bzero_chk_func (__VA_ARGS__)
      |         ^
/Users/ghost/core/hexa-lang/self/runtime.c:1158:9: warning: 'memcpy' macro redefined [-Wmacro-redefined]
 1158 | #define memcpy(d,s,n)  hxlcl_memcpy((void *)(d), (const void *)(s), (size_t)(n))
      |         ^
/Library/Developer/CommandLineTools/SDKs/MacOSX.sdk/usr/include/secure/_string.h:234:9: note: previous definition is here
  234 | #define memcpy(...) __memcpy_chk_func (__VA_ARGS__)
      |         ^
/Users/ghost/core/hexa-lang/self/runtime.c:1159:9: warning: 'memset' macro redefined [-Wmacro-redefined]
 1159 | #define memset(p,c,n)  hxlcl_memset((void *)(p), (int)(c), (size_t)(n))
      |         ^
/Library/Developer/CommandLineTools/SDKs/MacOSX.sdk/usr/include/secure/_string.h:244:9: note: previous definition is here
  244 | #define memset(...) __memset_chk_func (__VA_ARGS__)
      |         ^
/Users/ghost/core/hexa-lang/self/runtime.c:1160:9: warning: 'memmove' macro redefined [-Wmacro-redefined]
 1160 | #define memmove(d,s,n) hxlcl_memmove((void *)(d), (const void *)(s), (size_t)(n))
      |         ^
/Library/Developer/CommandLineTools/SDKs/MacOSX.sdk/usr/include/secure/_string.h:239:9: note: previous definition is here
  239 | #define memmove(...) __memmove_chk_func (__VA_ARGS__)
      |         ^
/Users/ghost/core/hexa-lang/self/runtime.c:1161:9: warning: 'strncpy' macro redefined [-Wmacro-redefined]
 1161 | #define strncpy(d,s,n) hxlcl_strncpy((char *)(d), (const char *)(s), (size_t)(n))
      |         ^
/Library/Developer/CommandLineTools/SDKs/MacOSX.sdk/usr/include/secure/_string.h:259:9: note: previous definition is here
  259 | #define strncpy(...) __strncpy_chk_func (__VA_ARGS__)
      |         ^
/Users/ghost/core/hexa-lang/self/runtime.c:1162:9: warning: 'strcpy' macro redefined [-Wmacro-redefined]
 1162 | #define strcpy(d,s)    hxlcl_strcpy((char *)(d), (const char *)(s))
      |         ^
/Library/Developer/CommandLineTools/SDKs/MacOSX.sdk/usr/include/secure/_string.h:249:9: note: previous definition is here
  249 | #define strcpy(...) __strcpy_chk_func (__VA_ARGS__)
      |         ^
/Users/ghost/core/hexa-lang/self/runtime.c:1165:9: warning: 'snprintf' macro redefined [-Wmacro-redefined]
 1165 | #define snprintf(b,c,...)  hxlcl_snprintf((char *)(b), (size_t)(c), __VA_ARGS__)
      |         ^
/Library/Developer/CommandLineTools/SDKs/MacOSX.sdk/usr/include/secure/_stdio.h:119:9: note: previous definition is here
  119 | #define snprintf(str, len, ...) __snprintf_chk_func (str, len, 0, __VA_ARGS__)
      |         ^
/Users/ghost/core/hexa-lang/self/runtime.c:1166:9: warning: 'sprintf' macro redefined [-Wmacro-redefined]
 1166 | #define sprintf(b,...)     hxlcl_sprintf((char *)(b), __VA_ARGS__)
      |         ^
/Library/Developer/CommandLineTools/SDKs/MacOSX.sdk/usr/include/secure/_stdio.h:107:9: note: previous definition is here
  107 | #define sprintf(str, ...) __sprintf_chk_func (str, 0, __VA_ARGS__)
      |         ^
In file included from /Users/ghost/core/hexa-lang/self/runtime.c:1211:
/Users/ghost/core/hexa-lang/self/runtime_core.c:4193:11: warning: initializing 'char *' with an expression of type 'const char *' discards qualifiers [-Wincompatible-pointer-types-discards-qualifiers]
 4193 |     char* p = hxlcl_strstr(HX_STR(s), HX_STR(sub));
      |           ^   ~~~~~~~~~~~~~~~~~~~~~~~~~~~~~~~~~~~~
/Users/ghost/core/hexa-lang/self/runtime_core.c:5940:11: warning: initializing 'char *' with an expression of type 'const char *' discards qualifiers [-Wincompatible-pointer-types-discards-qualifiers]
 5940 |     char* pos = hxlcl_strstr(HX_STR(fmt), "{}");
      |           ^     ~~~~~~~~~~~~~~~~~~~~~~~~~~~~~~~
/Users/ghost/core/hexa-lang/self/runtime_core.c:5973:19: warning: initializing 'char *' with an expression of type 'const char *' discards qualifiers [-Wincompatible-pointer-types-discards-qualifiers]
 5973 |             char* close = hxlcl_strchr(src, '}');
      |                   ^       ~~~~~~~~~~~~~~~~~~~~~~
/Users/ghost/core/hexa-lang/self/runtime_core.c:6062:15: warning: initializing 'char *' with an expression of type 'const char *' discards qualifiers [-Wincompatible-pointer-types-discards-qualifiers]
 6062 |         char* found = hxlcl_strstr(pos, d);
      |               ^       ~~~~~~~~~~~~~~~~~~~~
/Users/ghost/core/hexa-lang/self/runtime_core.c:6118:15: warning: initializing 'char *' with an expression of type 'const char *' discards qualifiers [-Wincompatible-pointer-types-discards-qualifiers]
 6118 |         char* found = hxlcl_strstr(pos, HX_STR(old));
      |               ^       ~~~~~~~~~~~~~~~~~~~~~~~~~~~~~~
14 warnings generated.

OK: built /Users/ghost/.cache/g1_smoke_build/smoke_body_physics_bridge_5ec55526
[PASS] rc=0 — /Users/ghost/core/anima/anima-physics/src/body_physics_bridge.hexa

=== BUILD: /Users/ghost/core/anima/anima-physics/src/chip_architect.hexa ===
=== Building /Users/ghost/core/anima/anima-physics/src/chip_architect.hexa -> /Users/ghost/.cache/g1_smoke_build/smoke_chip_architect_7db48551 ===
  [1/2] HEXA_MEM_CAP_MB=4096 /Users/ghost/core/hexa-lang/self/native/hexa_v2 /Users/ghost/core/anima/anima-physics/src/chip_architect.hexa build/artifacts/smoke_chip_architect_7db48551.c 2>&1
    OK: build/artifacts/smoke_chip_architect_7db48551.c

  [2/2] clang -O2 -DHEXA_HAS_LIBSODIUM -I/opt/homebrew/Cellar/libsodium/1.0.22/include -DHEXA_HAS_OPENSSL -I/opt/homebrew/Cellar/openssl@3/3.6.2/include -Wno-trigraphs -fbracket-depth=4096 -I '/Users/ghost/core/hexa-lang/self' build/artifacts/smoke_chip_architect_7db48551.c '/Users/ghost/core/hexa-lang/self/runtime.c' -o '/Users/ghost/.cache/g1_smoke_build/smoke_chip_architect_7db48551.tmp.29202' -lpthread -L/opt/homebrew/Cellar/libsodium/1.0.22/lib -lsodium -L/opt/homebrew/Cellar/openssl@3/3.6.2/lib -lssl -lcrypto 2>&1
    In file included from build/artifacts/smoke_chip_architect_7db48551.c:2:
/Users/ghost/core/hexa-lang/self/runtime.h:349:28: warning: '/*' within block comment [-Wcomment]
  349 | /* ── Additional native/*.c forward-decls (auto-generated 2026-05-15) ──
      |                        ^
/Users/ghost/core/hexa-lang/self/runtime.h:350:36: warning: '/*' within block comment [-Wcomment]
  350 |  * Sourced from grep of self/native/*.c hexa_* definitions; ensures user.c
      |                                    ^
2 warnings generated.
/Users/ghost/core/hexa-lang/self/runtime.c:1145:9: warning: 'strcat' macro redefined [-Wmacro-redefined]
 1145 | #define strcat(d,s)    hxlcl_strcat((char *)(d), (const char *)(s))
      |         ^
/Library/Developer/CommandLineTools/SDKs/MacOSX.sdk/usr/include/secure/_string.h:254:9: note: previous definition is here
  254 | #define strcat(...) __strcat_chk_func (__VA_ARGS__)
      |         ^
/Users/ghost/core/hexa-lang/self/runtime.c:1157:9: warning: 'bzero' macro redefined [-Wmacro-redefined]
 1157 | #define bzero(p,n)     hxlcl_bzero((void *)(p), (size_t)(n))
      |         ^
/Library/Developer/CommandLineTools/SDKs/MacOSX.sdk/usr/include/secure/_strings.h:90:9: note: previous definition is here
   90 | #define bzero(...) __bzero_chk_func (__VA_ARGS__)
      |         ^
/Users/ghost/core/hexa-lang/self/runtime.c:1158:9: warning: 'memcpy' macro redefined [-Wmacro-redefined]
 1158 | #define memcpy(d,s,n)  hxlcl_memcpy((void *)(d), (const void *)(s), (size_t)(n))
      |         ^
/Library/Developer/CommandLineTools/SDKs/MacOSX.sdk/usr/include/secure/_string.h:234:9: note: previous definition is here
  234 | #define memcpy(...) __memcpy_chk_func (__VA_ARGS__)
      |         ^
/Users/ghost/core/hexa-lang/self/runtime.c:1159:9: warning: 'memset' macro redefined [-Wmacro-redefined]
 1159 | #define memset(p,c,n)  hxlcl_memset((void *)(p), (int)(c), (size_t)(n))
      |         ^
/Library/Developer/CommandLineTools/SDKs/MacOSX.sdk/usr/include/secure/_string.h:244:9: note: previous definition is here
  244 | #define memset(...) __memset_chk_func (__VA_ARGS__)
      |         ^
/Users/ghost/core/hexa-lang/self/runtime.c:1160:9: warning: 'memmove' macro redefined [-Wmacro-redefined]
 1160 | #define memmove(d,s,n) hxlcl_memmove((void *)(d), (const void *)(s), (size_t)(n))
      |         ^
/Library/Developer/CommandLineTools/SDKs/MacOSX.sdk/usr/include/secure/_string.h:239:9: note: previous definition is here
  239 | #define memmove(...) __memmove_chk_func (__VA_ARGS__)
      |         ^
/Users/ghost/core/hexa-lang/self/runtime.c:1161:9: warning: 'strncpy' macro redefined [-Wmacro-redefined]
 1161 | #define strncpy(d,s,n) hxlcl_strncpy((char *)(d), (const char *)(s), (size_t)(n))
      |         ^
/Library/Developer/CommandLineTools/SDKs/MacOSX.sdk/usr/include/secure/_string.h:259:9: note: previous definition is here
  259 | #define strncpy(...) __strncpy_chk_func (__VA_ARGS__)
      |         ^
/Users/ghost/core/hexa-lang/self/runtime.c:1162:9: warning: 'strcpy' macro redefined [-Wmacro-redefined]
 1162 | #define strcpy(d,s)    hxlcl_strcpy((char *)(d), (const char *)(s))
      |         ^
/Library/Developer/CommandLineTools/SDKs/MacOSX.sdk/usr/include/secure/_string.h:249:9: note: previous definition is here
  249 | #define strcpy(...) __strcpy_chk_func (__VA_ARGS__)
      |         ^
/Users/ghost/core/hexa-lang/self/runtime.c:1165:9: warning: 'snprintf' macro redefined [-Wmacro-redefined]
 1165 | #define snprintf(b,c,...)  hxlcl_snprintf((char *)(b), (size_t)(c), __VA_ARGS__)
      |         ^
/Library/Developer/CommandLineTools/SDKs/MacOSX.sdk/usr/include/secure/_stdio.h:119:9: note: previous definition is here
  119 | #define snprintf(str, len, ...) __snprintf_chk_func (str, len, 0, __VA_ARGS__)
      |         ^
/Users/ghost/core/hexa-lang/self/runtime.c:1166:9: warning: 'sprintf' macro redefined [-Wmacro-redefined]
 1166 | #define sprintf(b,...)     hxlcl_sprintf((char *)(b), __VA_ARGS__)
      |         ^
/Library/Developer/CommandLineTools/SDKs/MacOSX.sdk/usr/include/secure/_stdio.h:107:9: note: previous definition is here
  107 | #define sprintf(str, ...) __sprintf_chk_func (str, 0, __VA_ARGS__)
      |         ^
In file included from /Users/ghost/core/hexa-lang/self/runtime.c:1211:
/Users/ghost/core/hexa-lang/self/runtime_core.c:4193:11: warning: initializing 'char *' with an expression of type 'const char *' discards qualifiers [-Wincompatible-pointer-types-discards-qualifiers]
 4193 |     char* p = hxlcl_strstr(HX_STR(s), HX_STR(sub));
      |           ^   ~~~~~~~~~~~~~~~~~~~~~~~~~~~~~~~~~~~~
/Users/ghost/core/hexa-lang/self/runtime_core.c:5940:11: warning: initializing 'char *' with an expression of type 'const char *' discards qualifiers [-Wincompatible-pointer-types-discards-qualifiers]
 5940 |     char* pos = hxlcl_strstr(HX_STR(fmt), "{}");
      |           ^     ~~~~~~~~~~~~~~~~~~~~~~~~~~~~~~~
/Users/ghost/core/hexa-lang/self/runtime_core.c:5973:19: warning: initializing 'char *' with an expression of type 'const char *' discards qualifiers [-Wincompatible-pointer-types-discards-qualifiers]
 5973 |             char* close = hxlcl_strchr(src, '}');
      |                   ^       ~~~~~~~~~~~~~~~~~~~~~~
/Users/ghost/core/hexa-lang/self/runtime_core.c:6062:15: warning: initializing 'char *' with an expression of type 'const char *' discards qualifiers [-Wincompatible-pointer-types-discards-qualifiers]
 6062 |         char* found = hxlcl_strstr(pos, d);
      |               ^       ~~~~~~~~~~~~~~~~~~~~
/Users/ghost/core/hexa-lang/self/runtime_core.c:6118:15: warning: initializing 'char *' with an expression of type 'const char *' discards qualifiers [-Wincompatible-pointer-types-discards-qualifiers]
 6118 |         char* found = hxlcl_strstr(pos, HX_STR(old));
      |               ^       ~~~~~~~~~~~~~~~~~~~~~~~~~~~~~~
14 warnings generated.

OK: built /Users/ghost/.cache/g1_smoke_build/smoke_chip_architect_7db48551
[PASS] rc=0 — /Users/ghost/core/anima/anima-physics/src/chip_architect.hexa

=== BUILD: /Users/ghost/core/anima/anima-physics/src/eeg_physics_bridge.hexa ===
=== Building /Users/ghost/core/anima/anima-physics/src/eeg_physics_bridge.hexa -> /Users/ghost/.cache/g1_smoke_build/smoke_eeg_physics_bridge_4710b85e ===
  [1/2] HEXA_MEM_CAP_MB=4096 /Users/ghost/core/hexa-lang/self/native/hexa_v2 /Users/ghost/core/anima/anima-physics/src/eeg_physics_bridge.hexa build/artifacts/smoke_eeg_physics_bridge_4710b85e.c 2>&1
    OK: build/artifacts/smoke_eeg_physics_bridge_4710b85e.c

  [2/2] clang -O2 -DHEXA_HAS_LIBSODIUM -I/opt/homebrew/Cellar/libsodium/1.0.22/include -DHEXA_HAS_OPENSSL -I/opt/homebrew/Cellar/openssl@3/3.6.2/include -Wno-trigraphs -fbracket-depth=4096 -I '/Users/ghost/core/hexa-lang/self' build/artifacts/smoke_eeg_physics_bridge_4710b85e.c '/Users/ghost/core/hexa-lang/self/runtime.c' -o '/Users/ghost/.cache/g1_smoke_build/smoke_eeg_physics_bridge_4710b85e.tmp.30511' -lpthread -L/opt/homebrew/Cellar/libsodium/1.0.22/lib -lsodium -L/opt/homebrew/Cellar/openssl@3/3.6.2/lib -lssl -lcrypto 2>&1
    In file included from build/artifacts/smoke_eeg_physics_bridge_4710b85e.c:2:
/Users/ghost/core/hexa-lang/self/runtime.h:349:28: warning: '/*' within block comment [-Wcomment]
  349 | /* ── Additional native/*.c forward-decls (auto-generated 2026-05-15) ──
      |                        ^
/Users/ghost/core/hexa-lang/self/runtime.h:350:36: warning: '/*' within block comment [-Wcomment]
  350 |  * Sourced from grep of self/native/*.c hexa_* definitions; ensures user.c
      |                                    ^
2 warnings generated.
/Users/ghost/core/hexa-lang/self/runtime.c:1145:9: warning: 'strcat' macro redefined [-Wmacro-redefined]
 1145 | #define strcat(d,s)    hxlcl_strcat((char *)(d), (const char *)(s))
      |         ^
/Library/Developer/CommandLineTools/SDKs/MacOSX.sdk/usr/include/secure/_string.h:254:9: note: previous definition is here
  254 | #define strcat(...) __strcat_chk_func (__VA_ARGS__)
      |         ^
/Users/ghost/core/hexa-lang/self/runtime.c:1157:9: warning: 'bzero' macro redefined [-Wmacro-redefined]
 1157 | #define bzero(p,n)     hxlcl_bzero((void *)(p), (size_t)(n))
      |         ^
/Library/Developer/CommandLineTools/SDKs/MacOSX.sdk/usr/include/secure/_strings.h:90:9: note: previous definition is here
   90 | #define bzero(...) __bzero_chk_func (__VA_ARGS__)
      |         ^
/Users/ghost/core/hexa-lang/self/runtime.c:1158:9: warning: 'memcpy' macro redefined [-Wmacro-redefined]
 1158 | #define memcpy(d,s,n)  hxlcl_memcpy((void *)(d), (const void *)(s), (size_t)(n))
      |         ^
/Library/Developer/CommandLineTools/SDKs/MacOSX.sdk/usr/include/secure/_string.h:234:9: note: previous definition is here
  234 | #define memcpy(...) __memcpy_chk_func (__VA_ARGS__)
      |         ^
/Users/ghost/core/hexa-lang/self/runtime.c:1159:9: warning: 'memset' macro redefined [-Wmacro-redefined]
 1159 | #define memset(p,c,n)  hxlcl_memset((void *)(p), (int)(c), (size_t)(n))
      |         ^
/Library/Developer/CommandLineTools/SDKs/MacOSX.sdk/usr/include/secure/_string.h:244:9: note: previous definition is here
  244 | #define memset(...) __memset_chk_func (__VA_ARGS__)
      |         ^
/Users/ghost/core/hexa-lang/self/runtime.c:1160:9: warning: 'memmove' macro redefined [-Wmacro-redefined]
 1160 | #define memmove(d,s,n) hxlcl_memmove((void *)(d), (const void *)(s), (size_t)(n))
      |         ^
/Library/Developer/CommandLineTools/SDKs/MacOSX.sdk/usr/include/secure/_string.h:239:9: note: previous definition is here
  239 | #define memmove(...) __memmove_chk_func (__VA_ARGS__)
      |         ^
/Users/ghost/core/hexa-lang/self/runtime.c:1161:9: warning: 'strncpy' macro redefined [-Wmacro-redefined]
 1161 | #define strncpy(d,s,n) hxlcl_strncpy((char *)(d), (const char *)(s), (size_t)(n))
      |         ^
/Library/Developer/CommandLineTools/SDKs/MacOSX.sdk/usr/include/secure/_string.h:259:9: note: previous definition is here
  259 | #define strncpy(...) __strncpy_chk_func (__VA_ARGS__)
      |         ^
/Users/ghost/core/hexa-lang/self/runtime.c:1162:9: warning: 'strcpy' macro redefined [-Wmacro-redefined]
 1162 | #define strcpy(d,s)    hxlcl_strcpy((char *)(d), (const char *)(s))
      |         ^
/Library/Developer/CommandLineTools/SDKs/MacOSX.sdk/usr/include/secure/_string.h:249:9: note: previous definition is here
  249 | #define strcpy(...) __strcpy_chk_func (__VA_ARGS__)
      |         ^
/Users/ghost/core/hexa-lang/self/runtime.c:1165:9: warning: 'snprintf' macro redefined [-Wmacro-redefined]
 1165 | #define snprintf(b,c,...)  hxlcl_snprintf((char *)(b), (size_t)(c), __VA_ARGS__)
      |         ^
/Library/Developer/CommandLineTools/SDKs/MacOSX.sdk/usr/include/secure/_stdio.h:119:9: note: previous definition is here
  119 | #define snprintf(str, len, ...) __snprintf_chk_func (str, len, 0, __VA_ARGS__)
      |         ^
/Users/ghost/core/hexa-lang/self/runtime.c:1166:9: warning: 'sprintf' macro redefined [-Wmacro-redefined]
 1166 | #define sprintf(b,...)     hxlcl_sprintf((char *)(b), __VA_ARGS__)
      |         ^
/Library/Developer/CommandLineTools/SDKs/MacOSX.sdk/usr/include/secure/_stdio.h:107:9: note: previous definition is here
  107 | #define sprintf(str, ...) __sprintf_chk_func (str, 0, __VA_ARGS__)
      |         ^
In file included from /Users/ghost/core/hexa-lang/self/runtime.c:1211:
/Users/ghost/core/hexa-lang/self/runtime_core.c:4193:11: warning: initializing 'char *' with an expression of type 'const char *' discards qualifiers [-Wincompatible-pointer-types-discards-qualifiers]
 4193 |     char* p = hxlcl_strstr(HX_STR(s), HX_STR(sub));
      |           ^   ~~~~~~~~~~~~~~~~~~~~~~~~~~~~~~~~~~~~
/Users/ghost/core/hexa-lang/self/runtime_core.c:5940:11: warning: initializing 'char *' with an expression of type 'const char *' discards qualifiers [-Wincompatible-pointer-types-discards-qualifiers]
 5940 |     char* pos = hxlcl_strstr(HX_STR(fmt), "{}");
      |           ^     ~~~~~~~~~~~~~~~~~~~~~~~~~~~~~~~
/Users/ghost/core/hexa-lang/self/runtime_core.c:5973:19: warning: initializing 'char *' with an expression of type 'const char *' discards qualifiers [-Wincompatible-pointer-types-discards-qualifiers]
 5973 |             char* close = hxlcl_strchr(src, '}');
      |                   ^       ~~~~~~~~~~~~~~~~~~~~~~
/Users/ghost/core/hexa-lang/self/runtime_core.c:6062:15: warning: initializing 'char *' with an expression of type 'const char *' discards qualifiers [-Wincompatible-pointer-types-discards-qualifiers]
 6062 |         char* found = hxlcl_strstr(pos, d);
      |               ^       ~~~~~~~~~~~~~~~~~~~~
/Users/ghost/core/hexa-lang/self/runtime_core.c:6118:15: warning: initializing 'char *' with an expression of type 'const char *' discards qualifiers [-Wincompatible-pointer-types-discards-qualifiers]
 6118 |         char* found = hxlcl_strstr(pos, HX_STR(old));
      |               ^       ~~~~~~~~~~~~~~~~~~~~~~~~~~~~~~
14 warnings generated.

OK: built /Users/ghost/.cache/g1_smoke_build/smoke_eeg_physics_bridge_4710b85e
[PASS] rc=0 — /Users/ghost/core/anima/anima-physics/src/eeg_physics_bridge.hexa

=== BUILD: /Users/ghost/core/anima/anima-physics/src/esp32_network.hexa ===
=== Building /Users/ghost/core/anima/anima-physics/src/esp32_network.hexa -> /Users/ghost/.cache/g1_smoke_build/smoke_esp32_network_10b0ec5f ===
  [1/2] HEXA_MEM_CAP_MB=4096 /Users/ghost/core/hexa-lang/self/native/hexa_v2 /Users/ghost/core/anima/anima-physics/src/esp32_network.hexa build/artifacts/smoke_esp32_network_10b0ec5f.c 2>&1
    OK: build/artifacts/smoke_esp32_network_10b0ec5f.c

  [2/2] clang -O2 -DHEXA_HAS_LIBSODIUM -I/opt/homebrew/Cellar/libsodium/1.0.22/include -DHEXA_HAS_OPENSSL -I/opt/homebrew/Cellar/openssl@3/3.6.2/include -Wno-trigraphs -fbracket-depth=4096 -I '/Users/ghost/core/hexa-lang/self' build/artifacts/smoke_esp32_network_10b0ec5f.c '/Users/ghost/core/hexa-lang/self/runtime.c' -o '/Users/ghost/.cache/g1_smoke_build/smoke_esp32_network_10b0ec5f.tmp.31670' -lpthread -L/opt/homebrew/Cellar/libsodium/1.0.22/lib -lsodium -L/opt/homebrew/Cellar/openssl@3/3.6.2/lib -lssl -lcrypto 2>&1
    In file included from build/artifacts/smoke_esp32_network_10b0ec5f.c:2:
/Users/ghost/core/hexa-lang/self/runtime.h:349:28: warning: '/*' within block comment [-Wcomment]
  349 | /* ── Additional native/*.c forward-decls (auto-generated 2026-05-15) ──
      |                        ^
/Users/ghost/core/hexa-lang/self/runtime.h:350:36: warning: '/*' within block comment [-Wcomment]
  350 |  * Sourced from grep of self/native/*.c hexa_* definitions; ensures user.c
      |                                    ^
2 warnings generated.
/Users/ghost/core/hexa-lang/self/runtime.c:1145:9: warning: 'strcat' macro redefined [-Wmacro-redefined]
 1145 | #define strcat(d,s)    hxlcl_strcat((char *)(d), (const char *)(s))
      |         ^
/Library/Developer/CommandLineTools/SDKs/MacOSX.sdk/usr/include/secure/_string.h:254:9: note: previous definition is here
  254 | #define strcat(...) __strcat_chk_func (__VA_ARGS__)
      |         ^
/Users/ghost/core/hexa-lang/self/runtime.c:1157:9: warning: 'bzero' macro redefined [-Wmacro-redefined]
 1157 | #define bzero(p,n)     hxlcl_bzero((void *)(p), (size_t)(n))
      |         ^
/Library/Developer/CommandLineTools/SDKs/MacOSX.sdk/usr/include/secure/_strings.h:90:9: note: previous definition is here
   90 | #define bzero(...) __bzero_chk_func (__VA_ARGS__)
      |         ^
/Users/ghost/core/hexa-lang/self/runtime.c:1158:9: warning: 'memcpy' macro redefined [-Wmacro-redefined]
 1158 | #define memcpy(d,s,n)  hxlcl_memcpy((void *)(d), (const void *)(s), (size_t)(n))
      |         ^
/Library/Developer/CommandLineTools/SDKs/MacOSX.sdk/usr/include/secure/_string.h:234:9: note: previous definition is here
  234 | #define memcpy(...) __memcpy_chk_func (__VA_ARGS__)
      |         ^
/Users/ghost/core/hexa-lang/self/runtime.c:1159:9: warning: 'memset' macro redefined [-Wmacro-redefined]
 1159 | #define memset(p,c,n)  hxlcl_memset((void *)(p), (int)(c), (size_t)(n))
      |         ^
/Library/Developer/CommandLineTools/SDKs/MacOSX.sdk/usr/include/secure/_string.h:244:9: note: previous definition is here
  244 | #define memset(...) __memset_chk_func (__VA_ARGS__)
      |         ^
/Users/ghost/core/hexa-lang/self/runtime.c:1160:9: warning: 'memmove' macro redefined [-Wmacro-redefined]
 1160 | #define memmove(d,s,n) hxlcl_memmove((void *)(d), (const void *)(s), (size_t)(n))
      |         ^
/Library/Developer/CommandLineTools/SDKs/MacOSX.sdk/usr/include/secure/_string.h:239:9: note: previous definition is here
  239 | #define memmove(...) __memmove_chk_func (__VA_ARGS__)
      |         ^
/Users/ghost/core/hexa-lang/self/runtime.c:1161:9: warning: 'strncpy' macro redefined [-Wmacro-redefined]
 1161 | #define strncpy(d,s,n) hxlcl_strncpy((char *)(d), (const char *)(s), (size_t)(n))
      |         ^
/Library/Developer/CommandLineTools/SDKs/MacOSX.sdk/usr/include/secure/_string.h:259:9: note: previous definition is here
  259 | #define strncpy(...) __strncpy_chk_func (__VA_ARGS__)
      |         ^
/Users/ghost/core/hexa-lang/self/runtime.c:1162:9: warning: 'strcpy' macro redefined [-Wmacro-redefined]
 1162 | #define strcpy(d,s)    hxlcl_strcpy((char *)(d), (const char *)(s))
      |         ^
/Library/Developer/CommandLineTools/SDKs/MacOSX.sdk/usr/include/secure/_string.h:249:9: note: previous definition is here
  249 | #define strcpy(...) __strcpy_chk_func (__VA_ARGS__)
      |         ^
/Users/ghost/core/hexa-lang/self/runtime.c:1165:9: warning: 'snprintf' macro redefined [-Wmacro-redefined]
 1165 | #define snprintf(b,c,...)  hxlcl_snprintf((char *)(b), (size_t)(c), __VA_ARGS__)
      |         ^
/Library/Developer/CommandLineTools/SDKs/MacOSX.sdk/usr/include/secure/_stdio.h:119:9: note: previous definition is here
  119 | #define snprintf(str, len, ...) __snprintf_chk_func (str, len, 0, __VA_ARGS__)
      |         ^
/Users/ghost/core/hexa-lang/self/runtime.c:1166:9: warning: 'sprintf' macro redefined [-Wmacro-redefined]
 1166 | #define sprintf(b,...)     hxlcl_sprintf((char *)(b), __VA_ARGS__)
      |         ^
/Library/Developer/CommandLineTools/SDKs/MacOSX.sdk/usr/include/secure/_stdio.h:107:9: note: previous definition is here
  107 | #define sprintf(str, ...) __sprintf_chk_func (str, 0, __VA_ARGS__)
      |         ^
In file included from /Users/ghost/core/hexa-lang/self/runtime.c:1211:
/Users/ghost/core/hexa-lang/self/runtime_core.c:4193:11: warning: initializing 'char *' with an expression of type 'const char *' discards qualifiers [-Wincompatible-pointer-types-discards-qualifiers]
 4193 |     char* p = hxlcl_strstr(HX_STR(s), HX_STR(sub));
      |           ^   ~~~~~~~~~~~~~~~~~~~~~~~~~~~~~~~~~~~~
/Users/ghost/core/hexa-lang/self/runtime_core.c:5940:11: warning: initializing 'char *' with an expression of type 'const char *' discards qualifiers [-Wincompatible-pointer-types-discards-qualifiers]
 5940 |     char* pos = hxlcl_strstr(HX_STR(fmt), "{}");
      |           ^     ~~~~~~~~~~~~~~~~~~~~~~~~~~~~~~~
/Users/ghost/core/hexa-lang/self/runtime_core.c:5973:19: warning: initializing 'char *' with an expression of type 'const char *' discards qualifiers [-Wincompatible-pointer-types-discards-qualifiers]
 5973 |             char* close = hxlcl_strchr(src, '}');
      |                   ^       ~~~~~~~~~~~~~~~~~~~~~~
/Users/ghost/core/hexa-lang/self/runtime_core.c:6062:15: warning: initializing 'char *' with an expression of type 'const char *' discards qualifiers [-Wincompatible-pointer-types-discards-qualifiers]
 6062 |         char* found = hxlcl_strstr(pos, d);
      |               ^       ~~~~~~~~~~~~~~~~~~~~
/Users/ghost/core/hexa-lang/self/runtime_core.c:6118:15: warning: initializing 'char *' with an expression of type 'const char *' discards qualifiers [-Wincompatible-pointer-types-discards-qualifiers]
 6118 |         char* found = hxlcl_strstr(pos, HX_STR(old));
      |               ^       ~~~~~~~~~~~~~~~~~~~~~~~~~~~~~~
14 warnings generated.

OK: built /Users/ghost/.cache/g1_smoke_build/smoke_esp32_network_10b0ec5f
[PASS] rc=0 — /Users/ghost/core/anima/anima-physics/src/esp32_network.hexa

=== BUILD: /Users/ghost/core/anima/anima-physics/superconducting/cloud_facade_poc.hexa ===
=== Building /Users/ghost/core/anima/anima-physics/superconducting/cloud_facade_poc.hexa -> /Users/ghost/.cache/g1_smoke_build/smoke_cloud_facade_poc_8de08b6d ===
  [1/2] HEXA_MEM_CAP_MB=4096 /Users/ghost/core/hexa-lang/self/native/hexa_v2 /Users/ghost/core/anima/anima-physics/superconducting/cloud_facade_poc.hexa build/artifacts/smoke_cloud_facade_poc_8de08b6d.c 2>&1
    OK: build/artifacts/smoke_cloud_facade_poc_8de08b6d.c

  [2/2] clang -O2 -DHEXA_HAS_LIBSODIUM -I/opt/homebrew/Cellar/libsodium/1.0.22/include -DHEXA_HAS_OPENSSL -I/opt/homebrew/Cellar/openssl@3/3.6.2/include -Wno-trigraphs -fbracket-depth=4096 -I '/Users/ghost/core/hexa-lang/self' build/artifacts/smoke_cloud_facade_poc_8de08b6d.c '/Users/ghost/core/hexa-lang/self/runtime.c' -o '/Users/ghost/.cache/g1_smoke_build/smoke_cloud_facade_poc_8de08b6d.tmp.32898' -lpthread -L/opt/homebrew/Cellar/libsodium/1.0.22/lib -lsodium -L/opt/homebrew/Cellar/openssl@3/3.6.2/lib -lssl -lcrypto 2>&1
    In file included from build/artifacts/smoke_cloud_facade_poc_8de08b6d.c:2:
/Users/ghost/core/hexa-lang/self/runtime.h:349:28: warning: '/*' within block comment [-Wcomment]
  349 | /* ── Additional native/*.c forward-decls (auto-generated 2026-05-15) ──
      |                        ^
/Users/ghost/core/hexa-lang/self/runtime.h:350:36: warning: '/*' within block comment [-Wcomment]
  350 |  * Sourced from grep of self/native/*.c hexa_* definitions; ensures user.c
      |                                    ^
2 warnings generated.
/Users/ghost/core/hexa-lang/self/runtime.c:1145:9: warning: 'strcat' macro redefined [-Wmacro-redefined]
 1145 | #define strcat(d,s)    hxlcl_strcat((char *)(d), (const char *)(s))
      |         ^
/Library/Developer/CommandLineTools/SDKs/MacOSX.sdk/usr/include/secure/_string.h:254:9: note: previous definition is here
  254 | #define strcat(...) __strcat_chk_func (__VA_ARGS__)
      |         ^
/Users/ghost/core/hexa-lang/self/runtime.c:1157:9: warning: 'bzero' macro redefined [-Wmacro-redefined]
 1157 | #define bzero(p,n)     hxlcl_bzero((void *)(p), (size_t)(n))
      |         ^
/Library/Developer/CommandLineTools/SDKs/MacOSX.sdk/usr/include/secure/_strings.h:90:9: note: previous definition is here
   90 | #define bzero(...) __bzero_chk_func (__VA_ARGS__)
      |         ^
/Users/ghost/core/hexa-lang/self/runtime.c:1158:9: warning: 'memcpy' macro redefined [-Wmacro-redefined]
 1158 | #define memcpy(d,s,n)  hxlcl_memcpy((void *)(d), (const void *)(s), (size_t)(n))
      |         ^
/Library/Developer/CommandLineTools/SDKs/MacOSX.sdk/usr/include/secure/_string.h:234:9: note: previous definition is here
  234 | #define memcpy(...) __memcpy_chk_func (__VA_ARGS__)
      |         ^
/Users/ghost/core/hexa-lang/self/runtime.c:1159:9: warning: 'memset' macro redefined [-Wmacro-redefined]
 1159 | #define memset(p,c,n)  hxlcl_memset((void *)(p), (int)(c), (size_t)(n))
      |         ^
/Library/Developer/CommandLineTools/SDKs/MacOSX.sdk/usr/include/secure/_string.h:244:9: note: previous definition is here
  244 | #define memset(...) __memset_chk_func (__VA_ARGS__)
      |         ^
/Users/ghost/core/hexa-lang/self/runtime.c:1160:9: warning: 'memmove' macro redefined [-Wmacro-redefined]
 1160 | #define memmove(d,s,n) hxlcl_memmove((void *)(d), (const void *)(s), (size_t)(n))
      |         ^
/Library/Developer/CommandLineTools/SDKs/MacOSX.sdk/usr/include/secure/_string.h:239:9: note: previous definition is here
  239 | #define memmove(...) __memmove_chk_func (__VA_ARGS__)
      |         ^
/Users/ghost/core/hexa-lang/self/runtime.c:1161:9: warning: 'strncpy' macro redefined [-Wmacro-redefined]
 1161 | #define strncpy(d,s,n) hxlcl_strncpy((char *)(d), (const char *)(s), (size_t)(n))
      |         ^
/Library/Developer/CommandLineTools/SDKs/MacOSX.sdk/usr/include/secure/_string.h:259:9: note: previous definition is here
  259 | #define strncpy(...) __strncpy_chk_func (__VA_ARGS__)
      |         ^
/Users/ghost/core/hexa-lang/self/runtime.c:1162:9: warning: 'strcpy' macro redefined [-Wmacro-redefined]
 1162 | #define strcpy(d,s)    hxlcl_strcpy((char *)(d), (const char *)(s))
      |         ^
/Library/Developer/CommandLineTools/SDKs/MacOSX.sdk/usr/include/secure/_string.h:249:9: note: previous definition is here
  249 | #define strcpy(...) __strcpy_chk_func (__VA_ARGS__)
      |         ^
/Users/ghost/core/hexa-lang/self/runtime.c:1165:9: warning: 'snprintf' macro redefined [-Wmacro-redefined]
 1165 | #define snprintf(b,c,...)  hxlcl_snprintf((char *)(b), (size_t)(c), __VA_ARGS__)
      |         ^
/Library/Developer/CommandLineTools/SDKs/MacOSX.sdk/usr/include/secure/_stdio.h:119:9: note: previous definition is here
  119 | #define snprintf(str, len, ...) __snprintf_chk_func (str, len, 0, __VA_ARGS__)
      |         ^
/Users/ghost/core/hexa-lang/self/runtime.c:1166:9: warning: 'sprintf' macro redefined [-Wmacro-redefined]
 1166 | #define sprintf(b,...)     hxlcl_sprintf((char *)(b), __VA_ARGS__)
      |         ^
/Library/Developer/CommandLineTools/SDKs/MacOSX.sdk/usr/include/secure/_stdio.h:107:9: note: previous definition is here
  107 | #define sprintf(str, ...) __sprintf_chk_func (str, 0, __VA_ARGS__)
      |         ^
In file included from /Users/ghost/core/hexa-lang/self/runtime.c:1211:
/Users/ghost/core/hexa-lang/self/runtime_core.c:4193:11: warning: initializing 'char *' with an expression of type 'const char *' discards qualifiers [-Wincompatible-pointer-types-discards-qualifiers]
 4193 |     char* p = hxlcl_strstr(HX_STR(s), HX_STR(sub));
      |           ^   ~~~~~~~~~~~~~~~~~~~~~~~~~~~~~~~~~~~~
/Users/ghost/core/hexa-lang/self/runtime_core.c:5940:11: warning: initializing 'char *' with an expression of type 'const char *' discards qualifiers [-Wincompatible-pointer-types-discards-qualifiers]
 5940 |     char* pos = hxlcl_strstr(HX_STR(fmt), "{}");
      |           ^     ~~~~~~~~~~~~~~~~~~~~~~~~~~~~~~~
/Users/ghost/core/hexa-lang/self/runtime_core.c:5973:19: warning: initializing 'char *' with an expression of type 'const char *' discards qualifiers [-Wincompatible-pointer-types-discards-qualifiers]
 5973 |             char* close = hxlcl_strchr(src, '}');
      |                   ^       ~~~~~~~~~~~~~~~~~~~~~~
/Users/ghost/core/hexa-lang/self/runtime_core.c:6062:15: warning: initializing 'char *' with an expression of type 'const char *' discards qualifiers [-Wincompatible-pointer-types-discards-qualifiers]
 6062 |         char* found = hxlcl_strstr(pos, d);
      |               ^       ~~~~~~~~~~~~~~~~~~~~
/Users/ghost/core/hexa-lang/self/runtime_core.c:6118:15: warning: initializing 'char *' with an expression of type 'const char *' discards qualifiers [-Wincompatible-pointer-types-discards-qualifiers]
 6118 |         char* found = hxlcl_strstr(pos, HX_STR(old));
      |               ^       ~~~~~~~~~~~~~~~~~~~~~~~~~~~~~~
14 warnings generated.

OK: built /Users/ghost/.cache/g1_smoke_build/smoke_cloud_facade_poc_8de08b6d
[PASS] rc=0 — /Users/ghost/core/anima/anima-physics/superconducting/cloud_facade_poc.hexa

=== BUILD: /Users/ghost/core/anima/anima-physics/thermodynamic/entropy_dissolution.hexa ===
=== Building /Users/ghost/core/anima/anima-physics/thermodynamic/entropy_dissolution.hexa -> /Users/ghost/.cache/g1_smoke_build/smoke_entropy_dissolution_f49827c2 ===
  [1/2] HEXA_MEM_CAP_MB=4096 /Users/ghost/core/hexa-lang/self/native/hexa_v2 /Users/ghost/core/anima/anima-physics/thermodynamic/entropy_dissolution.hexa build/artifacts/smoke_entropy_dissolution_f49827c2.c 2>&1
    OK: build/artifacts/smoke_entropy_dissolution_f49827c2.c

  [2/2] clang -O2 -DHEXA_HAS_LIBSODIUM -I/opt/homebrew/Cellar/libsodium/1.0.22/include -DHEXA_HAS_OPENSSL -I/opt/homebrew/Cellar/openssl@3/3.6.2/include -Wno-trigraphs -fbracket-depth=4096 -I '/Users/ghost/core/hexa-lang/self' build/artifacts/smoke_entropy_dissolution_f49827c2.c '/Users/ghost/core/hexa-lang/self/runtime.c' -o '/Users/ghost/.cache/g1_smoke_build/smoke_entropy_dissolution_f49827c2.tmp.34413' -lpthread -L/opt/homebrew/Cellar/libsodium/1.0.22/lib -lsodium -L/opt/homebrew/Cellar/openssl@3/3.6.2/lib -lssl -lcrypto 2>&1
    In file included from build/artifacts/smoke_entropy_dissolution_f49827c2.c:2:
/Users/ghost/core/hexa-lang/self/runtime.h:349:28: warning: '/*' within block comment [-Wcomment]
  349 | /* ── Additional native/*.c forward-decls (auto-generated 2026-05-15) ──
      |                        ^
/Users/ghost/core/hexa-lang/self/runtime.h:350:36: warning: '/*' within block comment [-Wcomment]
  350 |  * Sourced from grep of self/native/*.c hexa_* definitions; ensures user.c
      |                                    ^
2 warnings generated.
/Users/ghost/core/hexa-lang/self/runtime.c:1145:9: warning: 'strcat' macro redefined [-Wmacro-redefined]
 1145 | #define strcat(d,s)    hxlcl_strcat((char *)(d), (const char *)(s))
      |         ^
/Library/Developer/CommandLineTools/SDKs/MacOSX.sdk/usr/include/secure/_string.h:254:9: note: previous definition is here
  254 | #define strcat(...) __strcat_chk_func (__VA_ARGS__)
      |         ^
/Users/ghost/core/hexa-lang/self/runtime.c:1157:9: warning: 'bzero' macro redefined [-Wmacro-redefined]
 1157 | #define bzero(p,n)     hxlcl_bzero((void *)(p), (size_t)(n))
      |         ^
/Library/Developer/CommandLineTools/SDKs/MacOSX.sdk/usr/include/secure/_strings.h:90:9: note: previous definition is here
   90 | #define bzero(...) __bzero_chk_func (__VA_ARGS__)
      |         ^
/Users/ghost/core/hexa-lang/self/runtime.c:1158:9: warning: 'memcpy' macro redefined [-Wmacro-redefined]
 1158 | #define memcpy(d,s,n)  hxlcl_memcpy((void *)(d), (const void *)(s), (size_t)(n))
      |         ^
/Library/Developer/CommandLineTools/SDKs/MacOSX.sdk/usr/include/secure/_string.h:234:9: note: previous definition is here
  234 | #define memcpy(...) __memcpy_chk_func (__VA_ARGS__)
      |         ^
/Users/ghost/core/hexa-lang/self/runtime.c:1159:9: warning: 'memset' macro redefined [-Wmacro-redefined]
 1159 | #define memset(p,c,n)  hxlcl_memset((void *)(p), (int)(c), (size_t)(n))
      |         ^
/Library/Developer/CommandLineTools/SDKs/MacOSX.sdk/usr/include/secure/_string.h:244:9: note: previous definition is here
  244 | #define memset(...) __memset_chk_func (__VA_ARGS__)
      |         ^
/Users/ghost/core/hexa-lang/self/runtime.c:1160:9: warning: 'memmove' macro redefined [-Wmacro-redefined]
 1160 | #define memmove(d,s,n) hxlcl_memmove((void *)(d), (const void *)(s), (size_t)(n))
      |         ^
/Library/Developer/CommandLineTools/SDKs/MacOSX.sdk/usr/include/secure/_string.h:239:9: note: previous definition is here
  239 | #define memmove(...) __memmove_chk_func (__VA_ARGS__)
      |         ^
/Users/ghost/core/hexa-lang/self/runtime.c:1161:9: warning: 'strncpy' macro redefined [-Wmacro-redefined]
 1161 | #define strncpy(d,s,n) hxlcl_strncpy((char *)(d), (const char *)(s), (size_t)(n))
      |         ^
/Library/Developer/CommandLineTools/SDKs/MacOSX.sdk/usr/include/secure/_string.h:259:9: note: previous definition is here
  259 | #define strncpy(...) __strncpy_chk_func (__VA_ARGS__)
      |         ^
/Users/ghost/core/hexa-lang/self/runtime.c:1162:9: warning: 'strcpy' macro redefined [-Wmacro-redefined]
 1162 | #define strcpy(d,s)    hxlcl_strcpy((char *)(d), (const char *)(s))
      |         ^
/Library/Developer/CommandLineTools/SDKs/MacOSX.sdk/usr/include/secure/_string.h:249:9: note: previous definition is here
  249 | #define strcpy(...) __strcpy_chk_func (__VA_ARGS__)
      |         ^
/Users/ghost/core/hexa-lang/self/runtime.c:1165:9: warning: 'snprintf' macro redefined [-Wmacro-redefined]
 1165 | #define snprintf(b,c,...)  hxlcl_snprintf((char *)(b), (size_t)(c), __VA_ARGS__)
      |         ^
/Library/Developer/CommandLineTools/SDKs/MacOSX.sdk/usr/include/secure/_stdio.h:119:9: note: previous definition is here
  119 | #define snprintf(str, len, ...) __snprintf_chk_func (str, len, 0, __VA_ARGS__)
      |         ^
/Users/ghost/core/hexa-lang/self/runtime.c:1166:9: warning: 'sprintf' macro redefined [-Wmacro-redefined]
 1166 | #define sprintf(b,...)     hxlcl_sprintf((char *)(b), __VA_ARGS__)
      |         ^
/Library/Developer/CommandLineTools/SDKs/MacOSX.sdk/usr/include/secure/_stdio.h:107:9: note: previous definition is here
  107 | #define sprintf(str, ...) __sprintf_chk_func (str, 0, __VA_ARGS__)
      |         ^
In file included from /Users/ghost/core/hexa-lang/self/runtime.c:1211:
/Users/ghost/core/hexa-lang/self/runtime_core.c:4193:11: warning: initializing 'char *' with an expression of type 'const char *' discards qualifiers [-Wincompatible-pointer-types-discards-qualifiers]
 4193 |     char* p = hxlcl_strstr(HX_STR(s), HX_STR(sub));
      |           ^   ~~~~~~~~~~~~~~~~~~~~~~~~~~~~~~~~~~~~
/Users/ghost/core/hexa-lang/self/runtime_core.c:5940:11: warning: initializing 'char *' with an expression of type 'const char *' discards qualifiers [-Wincompatible-pointer-types-discards-qualifiers]
 5940 |     char* pos = hxlcl_strstr(HX_STR(fmt), "{}");
      |           ^     ~~~~~~~~~~~~~~~~~~~~~~~~~~~~~~~
/Users/ghost/core/hexa-lang/self/runtime_core.c:5973:19: warning: initializing 'char *' with an expression of type 'const char *' discards qualifiers [-Wincompatible-pointer-types-discards-qualifiers]
 5973 |             char* close = hxlcl_strchr(src, '}');
      |                   ^       ~~~~~~~~~~~~~~~~~~~~~~
/Users/ghost/core/hexa-lang/self/runtime_core.c:6062:15: warning: initializing 'char *' with an expression of type 'const char *' discards qualifiers [-Wincompatible-pointer-types-discards-qualifiers]
 6062 |         char* found = hxlcl_strstr(pos, d);
      |               ^       ~~~~~~~~~~~~~~~~~~~~
/Users/ghost/core/hexa-lang/self/runtime_core.c:6118:15: warning: initializing 'char *' with an expression of type 'const char *' discards qualifiers [-Wincompatible-pointer-types-discards-qualifiers]
 6118 |         char* found = hxlcl_strstr(pos, HX_STR(old));
      |               ^       ~~~~~~~~~~~~~~~~~~~~~~~~~~~~~~
14 warnings generated.

OK: built /Users/ghost/.cache/g1_smoke_build/smoke_entropy_dissolution_f49827c2
[PASS] rc=0 — /Users/ghost/core/anima/anima-physics/thermodynamic/entropy_dissolution.hexa

=== BUILD: /Users/ghost/core/anima/anima-physics/tool/mk_xii_substrate_witness_ledger_aggregator_v2.hexa ===
=== Building /Users/ghost/core/anima/anima-physics/tool/mk_xii_substrate_witness_ledger_aggregator_v2.hexa -> /Users/ghost/.cache/g1_smoke_build/smoke_mk_xii_substrate_witness_ledger_aggregator_v2_207eedc0 ===
  [1/2] HEXA_MEM_CAP_MB=4096 /Users/ghost/core/hexa-lang/self/native/hexa_v2 /Users/ghost/core/anima/anima-physics/tool/mk_xii_substrate_witness_ledger_aggregator_v2.hexa build/artifacts/smoke_mk_xii_substrate_witness_ledger_aggregator_v2_207eedc0.c 2>&1
    OK: build/artifacts/smoke_mk_xii_substrate_witness_ledger_aggregator_v2_207eedc0.c

  [2/2] clang -O2 -DHEXA_HAS_LIBSODIUM -I/opt/homebrew/Cellar/libsodium/1.0.22/include -DHEXA_HAS_OPENSSL -I/opt/homebrew/Cellar/openssl@3/3.6.2/include -Wno-trigraphs -fbracket-depth=4096 -I '/Users/ghost/core/hexa-lang/self' build/artifacts/smoke_mk_xii_substrate_witness_ledger_aggregator_v2_207eedc0.c '/Users/ghost/core/hexa-lang/self/runtime.c' -o '/Users/ghost/.cache/g1_smoke_build/smoke_mk_xii_substrate_witness_ledger_aggregator_v2_207eedc0.tmp.35850' -lpthread -L/opt/homebrew/Cellar/libsodium/1.0.22/lib -lsodium -L/opt/homebrew/Cellar/openssl@3/3.6.2/lib -lssl -lcrypto 2>&1
    In file included from build/artifacts/smoke_mk_xii_substrate_witness_ledger_aggregator_v2_207eedc0.c:2:
/Users/ghost/core/hexa-lang/self/runtime.h:349:28: warning: '/*' within block comment [-Wcomment]
  349 | /* ── Additional native/*.c forward-decls (auto-generated 2026-05-15) ──
      |                        ^
/Users/ghost/core/hexa-lang/self/runtime.h:350:36: warning: '/*' within block comment [-Wcomment]
  350 |  * Sourced from grep of self/native/*.c hexa_* definitions; ensures user.c
      |                                    ^
2 warnings generated.
/Users/ghost/core/hexa-lang/self/runtime.c:1145:9: warning: 'strcat' macro redefined [-Wmacro-redefined]
 1145 | #define strcat(d,s)    hxlcl_strcat((char *)(d), (const char *)(s))
      |         ^
/Library/Developer/CommandLineTools/SDKs/MacOSX.sdk/usr/include/secure/_string.h:254:9: note: previous definition is here
  254 | #define strcat(...) __strcat_chk_func (__VA_ARGS__)
      |         ^
/Users/ghost/core/hexa-lang/self/runtime.c:1157:9: warning: 'bzero' macro redefined [-Wmacro-redefined]
 1157 | #define bzero(p,n)     hxlcl_bzero((void *)(p), (size_t)(n))
      |         ^
/Library/Developer/CommandLineTools/SDKs/MacOSX.sdk/usr/include/secure/_strings.h:90:9: note: previous definition is here
   90 | #define bzero(...) __bzero_chk_func (__VA_ARGS__)
      |         ^
/Users/ghost/core/hexa-lang/self/runtime.c:1158:9: warning: 'memcpy' macro redefined [-Wmacro-redefined]
 1158 | #define memcpy(d,s,n)  hxlcl_memcpy((void *)(d), (const void *)(s), (size_t)(n))
      |         ^
/Library/Developer/CommandLineTools/SDKs/MacOSX.sdk/usr/include/secure/_string.h:234:9: note: previous definition is here
  234 | #define memcpy(...) __memcpy_chk_func (__VA_ARGS__)
      |         ^
/Users/ghost/core/hexa-lang/self/runtime.c:1159:9: warning: 'memset' macro redefined [-Wmacro-redefined]
 1159 | #define memset(p,c,n)  hxlcl_memset((void *)(p), (int)(c), (size_t)(n))
      |         ^
/Library/Developer/CommandLineTools/SDKs/MacOSX.sdk/usr/include/secure/_string.h:244:9: note: previous definition is here
  244 | #define memset(...) __memset_chk_func (__VA_ARGS__)
      |         ^
/Users/ghost/core/hexa-lang/self/runtime.c:1160:9: warning: 'memmove' macro redefined [-Wmacro-redefined]
 1160 | #define memmove(d,s,n) hxlcl_memmove((void *)(d), (const void *)(s), (size_t)(n))
      |         ^
/Library/Developer/CommandLineTools/SDKs/MacOSX.sdk/usr/include/secure/_string.h:239:9: note: previous definition is here
  239 | #define memmove(...) __memmove_chk_func (__VA_ARGS__)
      |         ^
/Users/ghost/core/hexa-lang/self/runtime.c:1161:9: warning: 'strncpy' macro redefined [-Wmacro-redefined]
 1161 | #define strncpy(d,s,n) hxlcl_strncpy((char *)(d), (const char *)(s), (size_t)(n))
      |         ^
/Library/Developer/CommandLineTools/SDKs/MacOSX.sdk/usr/include/secure/_string.h:259:9: note: previous definition is here
  259 | #define strncpy(...) __strncpy_chk_func (__VA_ARGS__)
      |         ^
/Users/ghost/core/hexa-lang/self/runtime.c:1162:9: warning: 'strcpy' macro redefined [-Wmacro-redefined]
 1162 | #define strcpy(d,s)    hxlcl_strcpy((char *)(d), (const char *)(s))
      |         ^
/Library/Developer/CommandLineTools/SDKs/MacOSX.sdk/usr/include/secure/_string.h:249:9: note: previous definition is here
  249 | #define strcpy(...) __strcpy_chk_func (__VA_ARGS__)
      |         ^
/Users/ghost/core/hexa-lang/self/runtime.c:1165:9: warning: 'snprintf' macro redefined [-Wmacro-redefined]
 1165 | #define snprintf(b,c,...)  hxlcl_snprintf((char *)(b), (size_t)(c), __VA_ARGS__)
      |         ^
/Library/Developer/CommandLineTools/SDKs/MacOSX.sdk/usr/include/secure/_stdio.h:119:9: note: previous definition is here
  119 | #define snprintf(str, len, ...) __snprintf_chk_func (str, len, 0, __VA_ARGS__)
      |         ^
/Users/ghost/core/hexa-lang/self/runtime.c:1166:9: warning: 'sprintf' macro redefined [-Wmacro-redefined]
 1166 | #define sprintf(b,...)     hxlcl_sprintf((char *)(b), __VA_ARGS__)
      |         ^
/Library/Developer/CommandLineTools/SDKs/MacOSX.sdk/usr/include/secure/_stdio.h:107:9: note: previous definition is here
  107 | #define sprintf(str, ...) __sprintf_chk_func (str, 0, __VA_ARGS__)
      |         ^
In file included from /Users/ghost/core/hexa-lang/self/runtime.c:1211:
/Users/ghost/core/hexa-lang/self/runtime_core.c:4193:11: warning: initializing 'char *' with an expression of type 'const char *' discards qualifiers [-Wincompatible-pointer-types-discards-qualifiers]
 4193 |     char* p = hxlcl_strstr(HX_STR(s), HX_STR(sub));
      |           ^   ~~~~~~~~~~~~~~~~~~~~~~~~~~~~~~~~~~~~
/Users/ghost/core/hexa-lang/self/runtime_core.c:5940:11: warning: initializing 'char *' with an expression of type 'const char *' discards qualifiers [-Wincompatible-pointer-types-discards-qualifiers]
 5940 |     char* pos = hxlcl_strstr(HX_STR(fmt), "{}");
      |           ^     ~~~~~~~~~~~~~~~~~~~~~~~~~~~~~~~
/Users/ghost/core/hexa-lang/self/runtime_core.c:5973:19: warning: initializing 'char *' with an expression of type 'const char *' discards qualifiers [-Wincompatible-pointer-types-discards-qualifiers]
 5973 |             char* close = hxlcl_strchr(src, '}');
      |                   ^       ~~~~~~~~~~~~~~~~~~~~~~
/Users/ghost/core/hexa-lang/self/runtime_core.c:6062:15: warning: initializing 'char *' with an expression of type 'const char *' discards qualifiers [-Wincompatible-pointer-types-discards-qualifiers]
 6062 |         char* found = hxlcl_strstr(pos, d);
      |               ^       ~~~~~~~~~~~~~~~~~~~~
/Users/ghost/core/hexa-lang/self/runtime_core.c:6118:15: warning: initializing 'char *' with an expression of type 'const char *' discards qualifiers [-Wincompatible-pointer-types-discards-qualifiers]
 6118 |         char* found = hxlcl_strstr(pos, HX_STR(old));
      |               ^       ~~~~~~~~~~~~~~~~~~~~~~~~~~~~~~
14 warnings generated.

OK: built /Users/ghost/.cache/g1_smoke_build/smoke_mk_xii_substrate_witness_ledger_aggregator_v2_207eedc0
[PASS] rc=0 — /Users/ghost/core/anima/anima-physics/tool/mk_xii_substrate_witness_ledger_aggregator_v2.hexa

=== BUILD: /Users/ghost/core/anima/anima-physics/tool/mk_xii_substrate_witness_ledger_aggregator_v3.hexa ===
=== Building /Users/ghost/core/anima/anima-physics/tool/mk_xii_substrate_witness_ledger_aggregator_v3.hexa -> /Users/ghost/.cache/g1_smoke_build/smoke_mk_xii_substrate_witness_ledger_aggregator_v3_b88a8dd9 ===
  [1/2] HEXA_MEM_CAP_MB=4096 /Users/ghost/core/hexa-lang/self/native/hexa_v2 /Users/ghost/core/anima/anima-physics/tool/mk_xii_substrate_witness_ledger_aggregator_v3.hexa build/artifacts/smoke_mk_xii_substrate_witness_ledger_aggregator_v3_b88a8dd9.c 2>&1
    OK: build/artifacts/smoke_mk_xii_substrate_witness_ledger_aggregator_v3_b88a8dd9.c

  [2/2] clang -O2 -DHEXA_HAS_LIBSODIUM -I/opt/homebrew/Cellar/libsodium/1.0.22/include -DHEXA_HAS_OPENSSL -I/opt/homebrew/Cellar/openssl@3/3.6.2/include -Wno-trigraphs -fbracket-depth=4096 -I '/Users/ghost/core/hexa-lang/self' build/artifacts/smoke_mk_xii_substrate_witness_ledger_aggregator_v3_b88a8dd9.c '/Users/ghost/core/hexa-lang/self/runtime.c' -o '/Users/ghost/.cache/g1_smoke_build/smoke_mk_xii_substrate_witness_ledger_aggregator_v3_b88a8dd9.tmp.37228' -lpthread -L/opt/homebrew/Cellar/libsodium/1.0.22/lib -lsodium -L/opt/homebrew/Cellar/openssl@3/3.6.2/lib -lssl -lcrypto 2>&1
    In file included from build/artifacts/smoke_mk_xii_substrate_witness_ledger_aggregator_v3_b88a8dd9.c:2:
/Users/ghost/core/hexa-lang/self/runtime.h:349:28: warning: '/*' within block comment [-Wcomment]
  349 | /* ── Additional native/*.c forward-decls (auto-generated 2026-05-15) ──
      |                        ^
/Users/ghost/core/hexa-lang/self/runtime.h:350:36: warning: '/*' within block comment [-Wcomment]
  350 |  * Sourced from grep of self/native/*.c hexa_* definitions; ensures user.c
      |                                    ^
2 warnings generated.
/Users/ghost/core/hexa-lang/self/runtime.c:1145:9: warning: 'strcat' macro redefined [-Wmacro-redefined]
 1145 | #define strcat(d,s)    hxlcl_strcat((char *)(d), (const char *)(s))
      |         ^
/Library/Developer/CommandLineTools/SDKs/MacOSX.sdk/usr/include/secure/_string.h:254:9: note: previous definition is here
  254 | #define strcat(...) __strcat_chk_func (__VA_ARGS__)
      |         ^
/Users/ghost/core/hexa-lang/self/runtime.c:1157:9: warning: 'bzero' macro redefined [-Wmacro-redefined]
 1157 | #define bzero(p,n)     hxlcl_bzero((void *)(p), (size_t)(n))
      |         ^
/Library/Developer/CommandLineTools/SDKs/MacOSX.sdk/usr/include/secure/_strings.h:90:9: note: previous definition is here
   90 | #define bzero(...) __bzero_chk_func (__VA_ARGS__)
      |         ^
/Users/ghost/core/hexa-lang/self/runtime.c:1158:9: warning: 'memcpy' macro redefined [-Wmacro-redefined]
 1158 | #define memcpy(d,s,n)  hxlcl_memcpy((void *)(d), (const void *)(s), (size_t)(n))
      |         ^
/Library/Developer/CommandLineTools/SDKs/MacOSX.sdk/usr/include/secure/_string.h:234:9: note: previous definition is here
  234 | #define memcpy(...) __memcpy_chk_func (__VA_ARGS__)
      |         ^
/Users/ghost/core/hexa-lang/self/runtime.c:1159:9: warning: 'memset' macro redefined [-Wmacro-redefined]
 1159 | #define memset(p,c,n)  hxlcl_memset((void *)(p), (int)(c), (size_t)(n))
      |         ^
/Library/Developer/CommandLineTools/SDKs/MacOSX.sdk/usr/include/secure/_string.h:244:9: note: previous definition is here
  244 | #define memset(...) __memset_chk_func (__VA_ARGS__)
      |         ^
/Users/ghost/core/hexa-lang/self/runtime.c:1160:9: warning: 'memmove' macro redefined [-Wmacro-redefined]
 1160 | #define memmove(d,s,n) hxlcl_memmove((void *)(d), (const void *)(s), (size_t)(n))
      |         ^
/Library/Developer/CommandLineTools/SDKs/MacOSX.sdk/usr/include/secure/_string.h:239:9: note: previous definition is here
  239 | #define memmove(...) __memmove_chk_func (__VA_ARGS__)
      |         ^
/Users/ghost/core/hexa-lang/self/runtime.c:1161:9: warning: 'strncpy' macro redefined [-Wmacro-redefined]
 1161 | #define strncpy(d,s,n) hxlcl_strncpy((char *)(d), (const char *)(s), (size_t)(n))
      |         ^
/Library/Developer/CommandLineTools/SDKs/MacOSX.sdk/usr/include/secure/_string.h:259:9: note: previous definition is here
  259 | #define strncpy(...) __strncpy_chk_func (__VA_ARGS__)
      |         ^
/Users/ghost/core/hexa-lang/self/runtime.c:1162:9: warning: 'strcpy' macro redefined [-Wmacro-redefined]
 1162 | #define strcpy(d,s)    hxlcl_strcpy((char *)(d), (const char *)(s))
      |         ^
/Library/Developer/CommandLineTools/SDKs/MacOSX.sdk/usr/include/secure/_string.h:249:9: note: previous definition is here
  249 | #define strcpy(...) __strcpy_chk_func (__VA_ARGS__)
      |         ^
/Users/ghost/core/hexa-lang/self/runtime.c:1165:9: warning: 'snprintf' macro redefined [-Wmacro-redefined]
 1165 | #define snprintf(b,c,...)  hxlcl_snprintf((char *)(b), (size_t)(c), __VA_ARGS__)
      |         ^
/Library/Developer/CommandLineTools/SDKs/MacOSX.sdk/usr/include/secure/_stdio.h:119:9: note: previous definition is here
  119 | #define snprintf(str, len, ...) __snprintf_chk_func (str, len, 0, __VA_ARGS__)
      |         ^
/Users/ghost/core/hexa-lang/self/runtime.c:1166:9: warning: 'sprintf' macro redefined [-Wmacro-redefined]
 1166 | #define sprintf(b,...)     hxlcl_sprintf((char *)(b), __VA_ARGS__)
      |         ^
/Library/Developer/CommandLineTools/SDKs/MacOSX.sdk/usr/include/secure/_stdio.h:107:9: note: previous definition is here
  107 | #define sprintf(str, ...) __sprintf_chk_func (str, 0, __VA_ARGS__)
      |         ^
In file included from /Users/ghost/core/hexa-lang/self/runtime.c:1211:
/Users/ghost/core/hexa-lang/self/runtime_core.c:4193:11: warning: initializing 'char *' with an expression of type 'const char *' discards qualifiers [-Wincompatible-pointer-types-discards-qualifiers]
 4193 |     char* p = hxlcl_strstr(HX_STR(s), HX_STR(sub));
      |           ^   ~~~~~~~~~~~~~~~~~~~~~~~~~~~~~~~~~~~~
/Users/ghost/core/hexa-lang/self/runtime_core.c:5940:11: warning: initializing 'char *' with an expression of type 'const char *' discards qualifiers [-Wincompatible-pointer-types-discards-qualifiers]
 5940 |     char* pos = hxlcl_strstr(HX_STR(fmt), "{}");
      |           ^     ~~~~~~~~~~~~~~~~~~~~~~~~~~~~~~~
/Users/ghost/core/hexa-lang/self/runtime_core.c:5973:19: warning: initializing 'char *' with an expression of type 'const char *' discards qualifiers [-Wincompatible-pointer-types-discards-qualifiers]
 5973 |             char* close = hxlcl_strchr(src, '}');
      |                   ^       ~~~~~~~~~~~~~~~~~~~~~~
/Users/ghost/core/hexa-lang/self/runtime_core.c:6062:15: warning: initializing 'char *' with an expression of type 'const char *' discards qualifiers [-Wincompatible-pointer-types-discards-qualifiers]
 6062 |         char* found = hxlcl_strstr(pos, d);
      |               ^       ~~~~~~~~~~~~~~~~~~~~
/Users/ghost/core/hexa-lang/self/runtime_core.c:6118:15: warning: initializing 'char *' with an expression of type 'const char *' discards qualifiers [-Wincompatible-pointer-types-discards-qualifiers]
 6118 |         char* found = hxlcl_strstr(pos, HX_STR(old));
      |               ^       ~~~~~~~~~~~~~~~~~~~~~~~~~~~~~~
14 warnings generated.

OK: built /Users/ghost/.cache/g1_smoke_build/smoke_mk_xii_substrate_witness_ledger_aggregator_v3_b88a8dd9
[PASS] rc=0 — /Users/ghost/core/anima/anima-physics/tool/mk_xii_substrate_witness_ledger_aggregator_v3.hexa

=== BUILD: /Users/ghost/core/anima/anima-physics/tool/mk_xii_substrate_witness_ledger_aggregator.hexa ===
=== Building /Users/ghost/core/anima/anima-physics/tool/mk_xii_substrate_witness_ledger_aggregator.hexa -> /Users/ghost/.cache/g1_smoke_build/smoke_mk_xii_substrate_witness_ledger_aggregator_dd8919a3 ===
  [1/2] HEXA_MEM_CAP_MB=4096 /Users/ghost/core/hexa-lang/self/native/hexa_v2 /Users/ghost/core/anima/anima-physics/tool/mk_xii_substrate_witness_ledger_aggregator.hexa build/artifacts/smoke_mk_xii_substrate_witness_ledger_aggregator_dd8919a3.c 2>&1
    OK: build/artifacts/smoke_mk_xii_substrate_witness_ledger_aggregator_dd8919a3.c

  [2/2] clang -O2 -DHEXA_HAS_LIBSODIUM -I/opt/homebrew/Cellar/libsodium/1.0.22/include -DHEXA_HAS_OPENSSL -I/opt/homebrew/Cellar/openssl@3/3.6.2/include -Wno-trigraphs -fbracket-depth=4096 -I '/Users/ghost/core/hexa-lang/self' build/artifacts/smoke_mk_xii_substrate_witness_ledger_aggregator_dd8919a3.c '/Users/ghost/core/hexa-lang/self/runtime.c' -o '/Users/ghost/.cache/g1_smoke_build/smoke_mk_xii_substrate_witness_ledger_aggregator_dd8919a3.tmp.39121' -lpthread -L/opt/homebrew/Cellar/libsodium/1.0.22/lib -lsodium -L/opt/homebrew/Cellar/openssl@3/3.6.2/lib -lssl -lcrypto 2>&1
    In file included from build/artifacts/smoke_mk_xii_substrate_witness_ledger_aggregator_dd8919a3.c:2:
/Users/ghost/core/hexa-lang/self/runtime.h:349:28: warning: '/*' within block comment [-Wcomment]
  349 | /* ── Additional native/*.c forward-decls (auto-generated 2026-05-15) ──
      |                        ^
/Users/ghost/core/hexa-lang/self/runtime.h:350:36: warning: '/*' within block comment [-Wcomment]
  350 |  * Sourced from grep of self/native/*.c hexa_* definitions; ensures user.c
      |                                    ^
2 warnings generated.
/Users/ghost/core/hexa-lang/self/runtime.c:1145:9: warning: 'strcat' macro redefined [-Wmacro-redefined]
 1145 | #define strcat(d,s)    hxlcl_strcat((char *)(d), (const char *)(s))
      |         ^
/Library/Developer/CommandLineTools/SDKs/MacOSX.sdk/usr/include/secure/_string.h:254:9: note: previous definition is here
  254 | #define strcat(...) __strcat_chk_func (__VA_ARGS__)
      |         ^
/Users/ghost/core/hexa-lang/self/runtime.c:1157:9: warning: 'bzero' macro redefined [-Wmacro-redefined]
 1157 | #define bzero(p,n)     hxlcl_bzero((void *)(p), (size_t)(n))
      |         ^
/Library/Developer/CommandLineTools/SDKs/MacOSX.sdk/usr/include/secure/_strings.h:90:9: note: previous definition is here
   90 | #define bzero(...) __bzero_chk_func (__VA_ARGS__)
      |         ^
/Users/ghost/core/hexa-lang/self/runtime.c:1158:9: warning: 'memcpy' macro redefined [-Wmacro-redefined]
 1158 | #define memcpy(d,s,n)  hxlcl_memcpy((void *)(d), (const void *)(s), (size_t)(n))
      |         ^
/Library/Developer/CommandLineTools/SDKs/MacOSX.sdk/usr/include/secure/_string.h:234:9: note: previous definition is here
  234 | #define memcpy(...) __memcpy_chk_func (__VA_ARGS__)
      |         ^
/Users/ghost/core/hexa-lang/self/runtime.c:1159:9: warning: 'memset' macro redefined [-Wmacro-redefined]
 1159 | #define memset(p,c,n)  hxlcl_memset((void *)(p), (int)(c), (size_t)(n))
      |         ^
/Library/Developer/CommandLineTools/SDKs/MacOSX.sdk/usr/include/secure/_string.h:244:9: note: previous definition is here
  244 | #define memset(...) __memset_chk_func (__VA_ARGS__)
      |         ^
/Users/ghost/core/hexa-lang/self/runtime.c:1160:9: warning: 'memmove' macro redefined [-Wmacro-redefined]
 1160 | #define memmove(d,s,n) hxlcl_memmove((void *)(d), (const void *)(s), (size_t)(n))
      |         ^
/Library/Developer/CommandLineTools/SDKs/MacOSX.sdk/usr/include/secure/_string.h:239:9: note: previous definition is here
  239 | #define memmove(...) __memmove_chk_func (__VA_ARGS__)
      |         ^
/Users/ghost/core/hexa-lang/self/runtime.c:1161:9: warning: 'strncpy' macro redefined [-Wmacro-redefined]
 1161 | #define strncpy(d,s,n) hxlcl_strncpy((char *)(d), (const char *)(s), (size_t)(n))
      |         ^
/Library/Developer/CommandLineTools/SDKs/MacOSX.sdk/usr/include/secure/_string.h:259:9: note: previous definition is here
  259 | #define strncpy(...) __strncpy_chk_func (__VA_ARGS__)
      |         ^
/Users/ghost/core/hexa-lang/self/runtime.c:1162:9: warning: 'strcpy' macro redefined [-Wmacro-redefined]
 1162 | #define strcpy(d,s)    hxlcl_strcpy((char *)(d), (const char *)(s))
      |         ^
/Library/Developer/CommandLineTools/SDKs/MacOSX.sdk/usr/include/secure/_string.h:249:9: note: previous definition is here
  249 | #define strcpy(...) __strcpy_chk_func (__VA_ARGS__)
      |         ^
/Users/ghost/core/hexa-lang/self/runtime.c:1165:9: warning: 'snprintf' macro redefined [-Wmacro-redefined]
 1165 | #define snprintf(b,c,...)  hxlcl_snprintf((char *)(b), (size_t)(c), __VA_ARGS__)
      |         ^
/Library/Developer/CommandLineTools/SDKs/MacOSX.sdk/usr/include/secure/_stdio.h:119:9: note: previous definition is here
  119 | #define snprintf(str, len, ...) __snprintf_chk_func (str, len, 0, __VA_ARGS__)
      |         ^
/Users/ghost/core/hexa-lang/self/runtime.c:1166:9: warning: 'sprintf' macro redefined [-Wmacro-redefined]
 1166 | #define sprintf(b,...)     hxlcl_sprintf((char *)(b), __VA_ARGS__)
      |         ^
/Library/Developer/CommandLineTools/SDKs/MacOSX.sdk/usr/include/secure/_stdio.h:107:9: note: previous definition is here
  107 | #define sprintf(str, ...) __sprintf_chk_func (str, 0, __VA_ARGS__)
      |         ^
In file included from /Users/ghost/core/hexa-lang/self/runtime.c:1211:
/Users/ghost/core/hexa-lang/self/runtime_core.c:4193:11: warning: initializing 'char *' with an expression of type 'const char *' discards qualifiers [-Wincompatible-pointer-types-discards-qualifiers]
 4193 |     char* p = hxlcl_strstr(HX_STR(s), HX_STR(sub));
      |           ^   ~~~~~~~~~~~~~~~~~~~~~~~~~~~~~~~~~~~~
/Users/ghost/core/hexa-lang/self/runtime_core.c:5940:11: warning: initializing 'char *' with an expression of type 'const char *' discards qualifiers [-Wincompatible-pointer-types-discards-qualifiers]
 5940 |     char* pos = hxlcl_strstr(HX_STR(fmt), "{}");
      |           ^     ~~~~~~~~~~~~~~~~~~~~~~~~~~~~~~~
/Users/ghost/core/hexa-lang/self/runtime_core.c:5973:19: warning: initializing 'char *' with an expression of type 'const char *' discards qualifiers [-Wincompatible-pointer-types-discards-qualifiers]
 5973 |             char* close = hxlcl_strchr(src, '}');
      |                   ^       ~~~~~~~~~~~~~~~~~~~~~~
/Users/ghost/core/hexa-lang/self/runtime_core.c:6062:15: warning: initializing 'char *' with an expression of type 'const char *' discards qualifiers [-Wincompatible-pointer-types-discards-qualifiers]
 6062 |         char* found = hxlcl_strstr(pos, d);
      |               ^       ~~~~~~~~~~~~~~~~~~~~
/Users/ghost/core/hexa-lang/self/runtime_core.c:6118:15: warning: initializing 'char *' with an expression of type 'const char *' discards qualifiers [-Wincompatible-pointer-types-discards-qualifiers]
 6118 |         char* found = hxlcl_strstr(pos, HX_STR(old));
      |               ^       ~~~~~~~~~~~~~~~~~~~~~~~~~~~~~~
14 warnings generated.

OK: built /Users/ghost/.cache/g1_smoke_build/smoke_mk_xii_substrate_witness_ledger_aggregator_dd8919a3
[PASS] rc=0 — /Users/ghost/core/anima/anima-physics/tool/mk_xii_substrate_witness_ledger_aggregator.hexa

=== BUILD: /Users/ghost/core/anima/anima-physics/trapped_ion/cloud_facade_poc.hexa ===
=== Building /Users/ghost/core/anima/anima-physics/trapped_ion/cloud_facade_poc.hexa -> /Users/ghost/.cache/g1_smoke_build/smoke_cloud_facade_poc_4be19b94 ===
  [1/2] HEXA_MEM_CAP_MB=4096 /Users/ghost/core/hexa-lang/self/native/hexa_v2 /Users/ghost/core/anima/anima-physics/trapped_ion/cloud_facade_poc.hexa build/artifacts/smoke_cloud_facade_poc_4be19b94.c 2>&1
    OK: build/artifacts/smoke_cloud_facade_poc_4be19b94.c

  [2/2] clang -O2 -DHEXA_HAS_LIBSODIUM -I/opt/homebrew/Cellar/libsodium/1.0.22/include -DHEXA_HAS_OPENSSL -I/opt/homebrew/Cellar/openssl@3/3.6.2/include -Wno-trigraphs -fbracket-depth=4096 -I '/Users/ghost/core/hexa-lang/self' build/artifacts/smoke_cloud_facade_poc_4be19b94.c '/Users/ghost/core/hexa-lang/self/runtime.c' -o '/Users/ghost/.cache/g1_smoke_build/smoke_cloud_facade_poc_4be19b94.tmp.40507' -lpthread -L/opt/homebrew/Cellar/libsodium/1.0.22/lib -lsodium -L/opt/homebrew/Cellar/openssl@3/3.6.2/lib -lssl -lcrypto 2>&1
    In file included from build/artifacts/smoke_cloud_facade_poc_4be19b94.c:2:
/Users/ghost/core/hexa-lang/self/runtime.h:349:28: warning: '/*' within block comment [-Wcomment]
  349 | /* ── Additional native/*.c forward-decls (auto-generated 2026-05-15) ──
      |                        ^
/Users/ghost/core/hexa-lang/self/runtime.h:350:36: warning: '/*' within block comment [-Wcomment]
  350 |  * Sourced from grep of self/native/*.c hexa_* definitions; ensures user.c
      |                                    ^
2 warnings generated.
/Users/ghost/core/hexa-lang/self/runtime.c:1145:9: warning: 'strcat' macro redefined [-Wmacro-redefined]
 1145 | #define strcat(d,s)    hxlcl_strcat((char *)(d), (const char *)(s))
      |         ^
/Library/Developer/CommandLineTools/SDKs/MacOSX.sdk/usr/include/secure/_string.h:254:9: note: previous definition is here
  254 | #define strcat(...) __strcat_chk_func (__VA_ARGS__)
      |         ^
/Users/ghost/core/hexa-lang/self/runtime.c:1157:9: warning: 'bzero' macro redefined [-Wmacro-redefined]
 1157 | #define bzero(p,n)     hxlcl_bzero((void *)(p), (size_t)(n))
      |         ^
/Library/Developer/CommandLineTools/SDKs/MacOSX.sdk/usr/include/secure/_strings.h:90:9: note: previous definition is here
   90 | #define bzero(...) __bzero_chk_func (__VA_ARGS__)
      |         ^
/Users/ghost/core/hexa-lang/self/runtime.c:1158:9: warning: 'memcpy' macro redefined [-Wmacro-redefined]
 1158 | #define memcpy(d,s,n)  hxlcl_memcpy((void *)(d), (const void *)(s), (size_t)(n))
      |         ^
/Library/Developer/CommandLineTools/SDKs/MacOSX.sdk/usr/include/secure/_string.h:234:9: note: previous definition is here
  234 | #define memcpy(...) __memcpy_chk_func (__VA_ARGS__)
      |         ^
/Users/ghost/core/hexa-lang/self/runtime.c:1159:9: warning: 'memset' macro redefined [-Wmacro-redefined]
 1159 | #define memset(p,c,n)  hxlcl_memset((void *)(p), (int)(c), (size_t)(n))
      |         ^
/Library/Developer/CommandLineTools/SDKs/MacOSX.sdk/usr/include/secure/_string.h:244:9: note: previous definition is here
  244 | #define memset(...) __memset_chk_func (__VA_ARGS__)
      |         ^
/Users/ghost/core/hexa-lang/self/runtime.c:1160:9: warning: 'memmove' macro redefined [-Wmacro-redefined]
 1160 | #define memmove(d,s,n) hxlcl_memmove((void *)(d), (const void *)(s), (size_t)(n))
      |         ^
/Library/Developer/CommandLineTools/SDKs/MacOSX.sdk/usr/include/secure/_string.h:239:9: note: previous definition is here
  239 | #define memmove(...) __memmove_chk_func (__VA_ARGS__)
      |         ^
/Users/ghost/core/hexa-lang/self/runtime.c:1161:9: warning: 'strncpy' macro redefined [-Wmacro-redefined]
 1161 | #define strncpy(d,s,n) hxlcl_strncpy((char *)(d), (const char *)(s), (size_t)(n))
      |         ^
/Library/Developer/CommandLineTools/SDKs/MacOSX.sdk/usr/include/secure/_string.h:259:9: note: previous definition is here
  259 | #define strncpy(...) __strncpy_chk_func (__VA_ARGS__)
      |         ^
/Users/ghost/core/hexa-lang/self/runtime.c:1162:9: warning: 'strcpy' macro redefined [-Wmacro-redefined]
 1162 | #define strcpy(d,s)    hxlcl_strcpy((char *)(d), (const char *)(s))
      |         ^
/Library/Developer/CommandLineTools/SDKs/MacOSX.sdk/usr/include/secure/_string.h:249:9: note: previous definition is here
  249 | #define strcpy(...) __strcpy_chk_func (__VA_ARGS__)
      |         ^
/Users/ghost/core/hexa-lang/self/runtime.c:1165:9: warning: 'snprintf' macro redefined [-Wmacro-redefined]
 1165 | #define snprintf(b,c,...)  hxlcl_snprintf((char *)(b), (size_t)(c), __VA_ARGS__)
      |         ^
/Library/Developer/CommandLineTools/SDKs/MacOSX.sdk/usr/include/secure/_stdio.h:119:9: note: previous definition is here
  119 | #define snprintf(str, len, ...) __snprintf_chk_func (str, len, 0, __VA_ARGS__)
      |         ^
/Users/ghost/core/hexa-lang/self/runtime.c:1166:9: warning: 'sprintf' macro redefined [-Wmacro-redefined]
 1166 | #define sprintf(b,...)     hxlcl_sprintf((char *)(b), __VA_ARGS__)
      |         ^
/Library/Developer/CommandLineTools/SDKs/MacOSX.sdk/usr/include/secure/_stdio.h:107:9: note: previous definition is here
  107 | #define sprintf(str, ...) __sprintf_chk_func (str, 0, __VA_ARGS__)
      |         ^
In file included from /Users/ghost/core/hexa-lang/self/runtime.c:1211:
/Users/ghost/core/hexa-lang/self/runtime_core.c:4193:11: warning: initializing 'char *' with an expression of type 'const char *' discards qualifiers [-Wincompatible-pointer-types-discards-qualifiers]
 4193 |     char* p = hxlcl_strstr(HX_STR(s), HX_STR(sub));
      |           ^   ~~~~~~~~~~~~~~~~~~~~~~~~~~~~~~~~~~~~
/Users/ghost/core/hexa-lang/self/runtime_core.c:5940:11: warning: initializing 'char *' with an expression of type 'const char *' discards qualifiers [-Wincompatible-pointer-types-discards-qualifiers]
 5940 |     char* pos = hxlcl_strstr(HX_STR(fmt), "{}");
      |           ^     ~~~~~~~~~~~~~~~~~~~~~~~~~~~~~~~
/Users/ghost/core/hexa-lang/self/runtime_core.c:5973:19: warning: initializing 'char *' with an expression of type 'const char *' discards qualifiers [-Wincompatible-pointer-types-discards-qualifiers]
 5973 |             char* close = hxlcl_strchr(src, '}');
      |                   ^       ~~~~~~~~~~~~~~~~~~~~~~
/Users/ghost/core/hexa-lang/self/runtime_core.c:6062:15: warning: initializing 'char *' with an expression of type 'const char *' discards qualifiers [-Wincompatible-pointer-types-discards-qualifiers]
 6062 |         char* found = hxlcl_strstr(pos, d);
      |               ^       ~~~~~~~~~~~~~~~~~~~~
/Users/ghost/core/hexa-lang/self/runtime_core.c:6118:15: warning: initializing 'char *' with an expression of type 'const char *' discards qualifiers [-Wincompatible-pointer-types-discards-qualifiers]
 6118 |         char* found = hxlcl_strstr(pos, HX_STR(old));
      |               ^       ~~~~~~~~~~~~~~~~~~~~~~~~~~~~~~
14 warnings generated.

OK: built /Users/ghost/.cache/g1_smoke_build/smoke_cloud_facade_poc_4be19b94
[PASS] rc=0 — /Users/ghost/core/anima/anima-physics/trapped_ion/cloud_facade_poc.hexa

=== BUILD: /Users/ghost/core/anima/anima-physics/verify_7cond_hw.hexa ===
=== Building /Users/ghost/core/anima/anima-physics/verify_7cond_hw.hexa -> /Users/ghost/.cache/g1_smoke_build/smoke_verify_7cond_hw_f06ce59a ===
  [1/2] HEXA_MEM_CAP_MB=4096 /Users/ghost/core/hexa-lang/self/native/hexa_v2 /Users/ghost/core/anima/anima-physics/verify_7cond_hw.hexa build/artifacts/smoke_verify_7cond_hw_f06ce59a.c 2>&1
    error: auto-invoke conflict — `fn main()` is auto-called by hexa-strict
       AND a top-level `main()` call was found, which would run main() twice
       in the interp path (codegen suppresses but interp deliberately double-calls).
hint: remove the explicit `main()` call (auto-invoke handles it)
hint: OR add `@manual_main` attribute on `fn main` to opt out of auto-invoke
ref: silent-failure-enforcement Class 1 (doc/audit/silent_failure_enforcement_audit.md)

sh: command substitution: line 0: syntax error near unexpected token `('
sh: command substitution: line 0: `fn main()'
sh: command substitution: line 1: syntax error: unexpected end of file
sh: command substitution: line 1: syntax error: unexpected end of file
sh: @manual_main: command not found
sh: fn: command not found
error: transpile failed — C file not produced: build/artifacts/smoke_verify_7cond_hw_f06ce59a.c
[FAIL] rc=1 — /Users/ghost/core/anima/anima-physics/verify_7cond_hw.hexa

=== BUILD: /Users/ghost/core/anima/anima-physics/vestibular/multimodal_fusion.hexa ===
=== Building /Users/ghost/core/anima/anima-physics/vestibular/multimodal_fusion.hexa -> /Users/ghost/.cache/g1_smoke_build/smoke_multimodal_fusion_f024d1df ===
  [1/2] HEXA_MEM_CAP_MB=4096 /Users/ghost/core/hexa-lang/self/native/hexa_v2 /Users/ghost/core/anima/anima-physics/vestibular/multimodal_fusion.hexa build/artifacts/smoke_multimodal_fusion_f024d1df.c 2>&1
    OK: build/artifacts/smoke_multimodal_fusion_f024d1df.c

  [2/2] clang -O2 -DHEXA_HAS_LIBSODIUM -I/opt/homebrew/Cellar/libsodium/1.0.22/include -DHEXA_HAS_OPENSSL -I/opt/homebrew/Cellar/openssl@3/3.6.2/include -Wno-trigraphs -fbracket-depth=4096 -I '/Users/ghost/core/hexa-lang/self' build/artifacts/smoke_multimodal_fusion_f024d1df.c '/Users/ghost/core/hexa-lang/self/runtime.c' -o '/Users/ghost/.cache/g1_smoke_build/smoke_multimodal_fusion_f024d1df.tmp.42129' -lpthread -L/opt/homebrew/Cellar/libsodium/1.0.22/lib -lsodium -L/opt/homebrew/Cellar/openssl@3/3.6.2/lib -lssl -lcrypto 2>&1
    In file included from build/artifacts/smoke_multimodal_fusion_f024d1df.c:2:
/Users/ghost/core/hexa-lang/self/runtime.h:349:28: warning: '/*' within block comment [-Wcomment]
  349 | /* ── Additional native/*.c forward-decls (auto-generated 2026-05-15) ──
      |                        ^
/Users/ghost/core/hexa-lang/self/runtime.h:350:36: warning: '/*' within block comment [-Wcomment]
  350 |  * Sourced from grep of self/native/*.c hexa_* definitions; ensures user.c
      |                                    ^
2 warnings generated.
/Users/ghost/core/hexa-lang/self/runtime.c:1145:9: warning: 'strcat' macro redefined [-Wmacro-redefined]
 1145 | #define strcat(d,s)    hxlcl_strcat((char *)(d), (const char *)(s))
      |         ^
/Library/Developer/CommandLineTools/SDKs/MacOSX.sdk/usr/include/secure/_string.h:254:9: note: previous definition is here
  254 | #define strcat(...) __strcat_chk_func (__VA_ARGS__)
      |         ^
/Users/ghost/core/hexa-lang/self/runtime.c:1157:9: warning: 'bzero' macro redefined [-Wmacro-redefined]
 1157 | #define bzero(p,n)     hxlcl_bzero((void *)(p), (size_t)(n))
      |         ^
/Library/Developer/CommandLineTools/SDKs/MacOSX.sdk/usr/include/secure/_strings.h:90:9: note: previous definition is here
   90 | #define bzero(...) __bzero_chk_func (__VA_ARGS__)
      |         ^
/Users/ghost/core/hexa-lang/self/runtime.c:1158:9: warning: 'memcpy' macro redefined [-Wmacro-redefined]
 1158 | #define memcpy(d,s,n)  hxlcl_memcpy((void *)(d), (const void *)(s), (size_t)(n))
      |         ^
/Library/Developer/CommandLineTools/SDKs/MacOSX.sdk/usr/include/secure/_string.h:234:9: note: previous definition is here
  234 | #define memcpy(...) __memcpy_chk_func (__VA_ARGS__)
      |         ^
/Users/ghost/core/hexa-lang/self/runtime.c:1159:9: warning: 'memset' macro redefined [-Wmacro-redefined]
 1159 | #define memset(p,c,n)  hxlcl_memset((void *)(p), (int)(c), (size_t)(n))
      |         ^
/Library/Developer/CommandLineTools/SDKs/MacOSX.sdk/usr/include/secure/_string.h:244:9: note: previous definition is here
  244 | #define memset(...) __memset_chk_func (__VA_ARGS__)
      |         ^
/Users/ghost/core/hexa-lang/self/runtime.c:1160:9: warning: 'memmove' macro redefined [-Wmacro-redefined]
 1160 | #define memmove(d,s,n) hxlcl_memmove((void *)(d), (const void *)(s), (size_t)(n))
      |         ^
/Library/Developer/CommandLineTools/SDKs/MacOSX.sdk/usr/include/secure/_string.h:239:9: note: previous definition is here
  239 | #define memmove(...) __memmove_chk_func (__VA_ARGS__)
      |         ^
/Users/ghost/core/hexa-lang/self/runtime.c:1161:9: warning: 'strncpy' macro redefined [-Wmacro-redefined]
 1161 | #define strncpy(d,s,n) hxlcl_strncpy((char *)(d), (const char *)(s), (size_t)(n))
      |         ^
/Library/Developer/CommandLineTools/SDKs/MacOSX.sdk/usr/include/secure/_string.h:259:9: note: previous definition is here
  259 | #define strncpy(...) __strncpy_chk_func (__VA_ARGS__)
      |         ^
/Users/ghost/core/hexa-lang/self/runtime.c:1162:9: warning: 'strcpy' macro redefined [-Wmacro-redefined]
 1162 | #define strcpy(d,s)    hxlcl_strcpy((char *)(d), (const char *)(s))
      |         ^
/Library/Developer/CommandLineTools/SDKs/MacOSX.sdk/usr/include/secure/_string.h:249:9: note: previous definition is here
  249 | #define strcpy(...) __strcpy_chk_func (__VA_ARGS__)
      |         ^
/Users/ghost/core/hexa-lang/self/runtime.c:1165:9: warning: 'snprintf' macro redefined [-Wmacro-redefined]
 1165 | #define snprintf(b,c,...)  hxlcl_snprintf((char *)(b), (size_t)(c), __VA_ARGS__)
      |         ^
/Library/Developer/CommandLineTools/SDKs/MacOSX.sdk/usr/include/secure/_stdio.h:119:9: note: previous definition is here
  119 | #define snprintf(str, len, ...) __snprintf_chk_func (str, len, 0, __VA_ARGS__)
      |         ^
/Users/ghost/core/hexa-lang/self/runtime.c:1166:9: warning: 'sprintf' macro redefined [-Wmacro-redefined]
 1166 | #define sprintf(b,...)     hxlcl_sprintf((char *)(b), __VA_ARGS__)
      |         ^
/Library/Developer/CommandLineTools/SDKs/MacOSX.sdk/usr/include/secure/_stdio.h:107:9: note: previous definition is here
  107 | #define sprintf(str, ...) __sprintf_chk_func (str, 0, __VA_ARGS__)
      |         ^
In file included from /Users/ghost/core/hexa-lang/self/runtime.c:1211:
/Users/ghost/core/hexa-lang/self/runtime_core.c:4193:11: warning: initializing 'char *' with an expression of type 'const char *' discards qualifiers [-Wincompatible-pointer-types-discards-qualifiers]
 4193 |     char* p = hxlcl_strstr(HX_STR(s), HX_STR(sub));
      |           ^   ~~~~~~~~~~~~~~~~~~~~~~~~~~~~~~~~~~~~
/Users/ghost/core/hexa-lang/self/runtime_core.c:5940:11: warning: initializing 'char *' with an expression of type 'const char *' discards qualifiers [-Wincompatible-pointer-types-discards-qualifiers]
 5940 |     char* pos = hxlcl_strstr(HX_STR(fmt), "{}");
      |           ^     ~~~~~~~~~~~~~~~~~~~~~~~~~~~~~~~
/Users/ghost/core/hexa-lang/self/runtime_core.c:5973:19: warning: initializing 'char *' with an expression of type 'const char *' discards qualifiers [-Wincompatible-pointer-types-discards-qualifiers]
 5973 |             char* close = hxlcl_strchr(src, '}');
      |                   ^       ~~~~~~~~~~~~~~~~~~~~~~
/Users/ghost/core/hexa-lang/self/runtime_core.c:6062:15: warning: initializing 'char *' with an expression of type 'const char *' discards qualifiers [-Wincompatible-pointer-types-discards-qualifiers]
 6062 |         char* found = hxlcl_strstr(pos, d);
      |               ^       ~~~~~~~~~~~~~~~~~~~~
/Users/ghost/core/hexa-lang/self/runtime_core.c:6118:15: warning: initializing 'char *' with an expression of type 'const char *' discards qualifiers [-Wincompatible-pointer-types-discards-qualifiers]
 6118 |         char* found = hxlcl_strstr(pos, HX_STR(old));
      |               ^       ~~~~~~~~~~~~~~~~~~~~~~~~~~~~~~
14 warnings generated.

OK: built /Users/ghost/.cache/g1_smoke_build/smoke_multimodal_fusion_f024d1df
[PASS] rc=0 — /Users/ghost/core/anima/anima-physics/vestibular/multimodal_fusion.hexa

=== BUILD: /Users/ghost/core/anima/anima-physics/web/physics_server.hexa ===
=== Building /Users/ghost/core/anima/anima-physics/web/physics_server.hexa -> /Users/ghost/.cache/g1_smoke_build/smoke_physics_server_94aaec63 ===
  [1/2] HEXA_MEM_CAP_MB=4096 /Users/ghost/core/hexa-lang/self/native/hexa_v2 /Users/ghost/core/anima/anima-physics/web/physics_server.hexa build/artifacts/smoke_physics_server_94aaec63.c 2>&1
    OK: build/artifacts/smoke_physics_server_94aaec63.c

  [2/2] clang -O2 -DHEXA_HAS_LIBSODIUM -I/opt/homebrew/Cellar/libsodium/1.0.22/include -DHEXA_HAS_OPENSSL -I/opt/homebrew/Cellar/openssl@3/3.6.2/include -Wno-trigraphs -fbracket-depth=4096 -I '/Users/ghost/core/hexa-lang/self' build/artifacts/smoke_physics_server_94aaec63.c '/Users/ghost/core/hexa-lang/self/runtime.c' -o '/Users/ghost/.cache/g1_smoke_build/smoke_physics_server_94aaec63.tmp.43555' -lpthread -L/opt/homebrew/Cellar/libsodium/1.0.22/lib -lsodium -L/opt/homebrew/Cellar/openssl@3/3.6.2/lib -lssl -lcrypto 2>&1
    In file included from build/artifacts/smoke_physics_server_94aaec63.c:2:
/Users/ghost/core/hexa-lang/self/runtime.h:349:28: warning: '/*' within block comment [-Wcomment]
  349 | /* ── Additional native/*.c forward-decls (auto-generated 2026-05-15) ──
      |                        ^
/Users/ghost/core/hexa-lang/self/runtime.h:350:36: warning: '/*' within block comment [-Wcomment]
  350 |  * Sourced from grep of self/native/*.c hexa_* definitions; ensures user.c
      |                                    ^
2 warnings generated.
/Users/ghost/core/hexa-lang/self/runtime.c:1145:9: warning: 'strcat' macro redefined [-Wmacro-redefined]
 1145 | #define strcat(d,s)    hxlcl_strcat((char *)(d), (const char *)(s))
      |         ^
/Library/Developer/CommandLineTools/SDKs/MacOSX.sdk/usr/include/secure/_string.h:254:9: note: previous definition is here
  254 | #define strcat(...) __strcat_chk_func (__VA_ARGS__)
      |         ^
/Users/ghost/core/hexa-lang/self/runtime.c:1157:9: warning: 'bzero' macro redefined [-Wmacro-redefined]
 1157 | #define bzero(p,n)     hxlcl_bzero((void *)(p), (size_t)(n))
      |         ^
/Library/Developer/CommandLineTools/SDKs/MacOSX.sdk/usr/include/secure/_strings.h:90:9: note: previous definition is here
   90 | #define bzero(...) __bzero_chk_func (__VA_ARGS__)
      |         ^
/Users/ghost/core/hexa-lang/self/runtime.c:1158:9: warning: 'memcpy' macro redefined [-Wmacro-redefined]
 1158 | #define memcpy(d,s,n)  hxlcl_memcpy((void *)(d), (const void *)(s), (size_t)(n))
      |         ^
/Library/Developer/CommandLineTools/SDKs/MacOSX.sdk/usr/include/secure/_string.h:234:9: note: previous definition is here
  234 | #define memcpy(...) __memcpy_chk_func (__VA_ARGS__)
      |         ^
/Users/ghost/core/hexa-lang/self/runtime.c:1159:9: warning: 'memset' macro redefined [-Wmacro-redefined]
 1159 | #define memset(p,c,n)  hxlcl_memset((void *)(p), (int)(c), (size_t)(n))
      |         ^
/Library/Developer/CommandLineTools/SDKs/MacOSX.sdk/usr/include/secure/_string.h:244:9: note: previous definition is here
  244 | #define memset(...) __memset_chk_func (__VA_ARGS__)
      |         ^
/Users/ghost/core/hexa-lang/self/runtime.c:1160:9: warning: 'memmove' macro redefined [-Wmacro-redefined]
 1160 | #define memmove(d,s,n) hxlcl_memmove((void *)(d), (const void *)(s), (size_t)(n))
      |         ^
/Library/Developer/CommandLineTools/SDKs/MacOSX.sdk/usr/include/secure/_string.h:239:9: note: previous definition is here
  239 | #define memmove(...) __memmove_chk_func (__VA_ARGS__)
      |         ^
/Users/ghost/core/hexa-lang/self/runtime.c:1161:9: warning: 'strncpy' macro redefined [-Wmacro-redefined]
 1161 | #define strncpy(d,s,n) hxlcl_strncpy((char *)(d), (const char *)(s), (size_t)(n))
      |         ^
/Library/Developer/CommandLineTools/SDKs/MacOSX.sdk/usr/include/secure/_string.h:259:9: note: previous definition is here
  259 | #define strncpy(...) __strncpy_chk_func (__VA_ARGS__)
      |         ^
/Users/ghost/core/hexa-lang/self/runtime.c:1162:9: warning: 'strcpy' macro redefined [-Wmacro-redefined]
 1162 | #define strcpy(d,s)    hxlcl_strcpy((char *)(d), (const char *)(s))
      |         ^
/Library/Developer/CommandLineTools/SDKs/MacOSX.sdk/usr/include/secure/_string.h:249:9: note: previous definition is here
  249 | #define strcpy(...) __strcpy_chk_func (__VA_ARGS__)
      |         ^
/Users/ghost/core/hexa-lang/self/runtime.c:1165:9: warning: 'snprintf' macro redefined [-Wmacro-redefined]
 1165 | #define snprintf(b,c,...)  hxlcl_snprintf((char *)(b), (size_t)(c), __VA_ARGS__)
      |         ^
/Library/Developer/CommandLineTools/SDKs/MacOSX.sdk/usr/include/secure/_stdio.h:119:9: note: previous definition is here
  119 | #define snprintf(str, len, ...) __snprintf_chk_func (str, len, 0, __VA_ARGS__)
      |         ^
/Users/ghost/core/hexa-lang/self/runtime.c:1166:9: warning: 'sprintf' macro redefined [-Wmacro-redefined]
 1166 | #define sprintf(b,...)     hxlcl_sprintf((char *)(b), __VA_ARGS__)
      |         ^
/Library/Developer/CommandLineTools/SDKs/MacOSX.sdk/usr/include/secure/_stdio.h:107:9: note: previous definition is here
  107 | #define sprintf(str, ...) __sprintf_chk_func (str, 0, __VA_ARGS__)
      |         ^
In file included from /Users/ghost/core/hexa-lang/self/runtime.c:1211:
/Users/ghost/core/hexa-lang/self/runtime_core.c:4193:11: warning: initializing 'char *' with an expression of type 'const char *' discards qualifiers [-Wincompatible-pointer-types-discards-qualifiers]
 4193 |     char* p = hxlcl_strstr(HX_STR(s), HX_STR(sub));
      |           ^   ~~~~~~~~~~~~~~~~~~~~~~~~~~~~~~~~~~~~
/Users/ghost/core/hexa-lang/self/runtime_core.c:5940:11: warning: initializing 'char *' with an expression of type 'const char *' discards qualifiers [-Wincompatible-pointer-types-discards-qualifiers]
 5940 |     char* pos = hxlcl_strstr(HX_STR(fmt), "{}");
      |           ^     ~~~~~~~~~~~~~~~~~~~~~~~~~~~~~~~
/Users/ghost/core/hexa-lang/self/runtime_core.c:5973:19: warning: initializing 'char *' with an expression of type 'const char *' discards qualifiers [-Wincompatible-pointer-types-discards-qualifiers]
 5973 |             char* close = hxlcl_strchr(src, '}');
      |                   ^       ~~~~~~~~~~~~~~~~~~~~~~
/Users/ghost/core/hexa-lang/self/runtime_core.c:6062:15: warning: initializing 'char *' with an expression of type 'const char *' discards qualifiers [-Wincompatible-pointer-types-discards-qualifiers]
 6062 |         char* found = hxlcl_strstr(pos, d);
      |               ^       ~~~~~~~~~~~~~~~~~~~~
/Users/ghost/core/hexa-lang/self/runtime_core.c:6118:15: warning: initializing 'char *' with an expression of type 'const char *' discards qualifiers [-Wincompatible-pointer-types-discards-qualifiers]
 6118 |         char* found = hxlcl_strstr(pos, HX_STR(old));
      |               ^       ~~~~~~~~~~~~~~~~~~~~~~~~~~~~~~
14 warnings generated.

OK: built /Users/ghost/.cache/g1_smoke_build/smoke_physics_server_94aaec63
[PASS] rc=0 — /Users/ghost/core/anima/anima-physics/web/physics_server.hexa

=== SUMMARY ===
TOTAL=68 PASS=51 FAIL=17 TIMEOUT=0
