SETI@home client.
Platform: i686-pc-linux-gnu-gnulibc2.1
Version: 3.03

SETI@home is sponsored by individual donors around the world.
If you'd like to contribute to the project,
please visit the SETI@home web site at
http://setiathome.ssl.berkeley.edu.
The project is also sponsored by the Planetary Society,
the University of California, Sun Microsystems, Paramount Pictures,
Fujifilm Computer Products, Informix, Engineering Design Team Inc,
The Santa Cruz Operation (SCO), Intel, Quantum Corporation,
and the SETI Institute.

SETI@home was developed by David Gedye (Founder),
David Anderson (Director), Dan Werthimer (Chief Scientist),
Leonard Chung, Hiram Clawson, Jeff Cobb, Charles Congdon, Charlie Fenton,
Kyle Granger, Eric Heien, Mike Hill, Michael Kang, Eric Korpela,
Matt Lebofsky, Peter Leiser, Brad Silen, Woody Sullivan, and Adam Wight.

Scanning data file
Data Info:
Sky coordinates: 51.725 R.A., 17.330 Dec
Recorded on:  2453131.24838 (Wed May  5 17:57:39 2004)
Source: Arecibo Radio Observatory
Base Frequency: 1.419433594 GHz
Starting work unit without key.
Found data file: yes. Found result header file: no.
Beginning analysis...
Doing baseline smoothing.
Starting work for Doppler shift rate 0.000000, FFT length 131072
0.000130% done
Starting work for Doppler shift rate 0.000000, FFT length 65536
Starting work for Doppler shift rate 0.000000, FFT length 32768
Starting work for Doppler shift rate 0.000000, FFT length 16384
... Searching for Gaussians
Starting work for Doppler shift rate 0.000000, FFT length 8192
... Searching for Gaussians
... Searching for Pulses
Starting work for Doppler shift rate 0.000000, FFT length 4096
... Searching for Gaussians
... Searching for Pulses
Starting work for Doppler shift rate 0.000000, FFT length 2048
... Searching for Gaussians
... Searching for Pulses
Starting work for Doppler shift rate 0.000000, FFT length 1024
... Searching for Gaussians
... Searching for Pulses
Starting work for Doppler shift rate 0.000000, FFT length 512
... Searching for Gaussians
... Searching for Pulses
Starting work for Doppler shift rate 0.000000, FFT length 256
... Searching for Gaussians
... Searching for Pulses
Starting work for Doppler shift rate 0.000000, FFT length 128
... Searching for Gaussians
... Searching for Pulses
Starting work for Doppler shift rate 0.000000, FFT length 64
... Searching for Gaussians
... Searching for Pulses
Starting work for Doppler shift rate 0.000000, FFT length 32
... Searching for Gaussians
... Searching for Pulses
1.013376% done
Starting work for Doppler shift rate 0.000000, FFT length 16
... Searching for Gaussians
... Searching for Pulses
2.018349% done
Starting work for Doppler shift rate 0.000000, FFT length 8
... Searching for Gaussians
... Searching for Pulses
3.055523% done
4.352508% done
Starting work for Doppler shift rate 0.001849, FFT length 131072
Starting work for Doppler shift rate 0.003697, FFT length 131072
Starting work for Doppler shift rate 0.005546, FFT length 131072
Starting work for Doppler shift rate 0.007394, FFT length 131072
Starting work for Doppler shift rate 0.007394, FFT length 65536
Starting work for Doppler shift rate 0.009243, FFT length 131072
Starting work for Doppler shift rate 0.011091, FFT length 131072
Starting work for Doppler shift rate 0.012940, FFT length 131072
Starting work for Doppler shift rate 0.014788, FFT length 131072
Starting work for Doppler shift rate 0.014788, FFT length 65536
Starting work for Doppler shift rate 0.016637, FFT length 131072
Starting work for Doppler shift rate 0.018485, FFT length 131072
Starting work for Doppler shift rate 0.020334, FFT length 131072
Starting work for Doppler shift rate 0.022182, FFT length 131072
Starting work for Doppler shift rate 0.022182, FFT length 65536
Starting work for Doppler shift rate 0.024031, FFT length 131072
Starting work for Doppler shift rate 0.025879, FFT length 131072
Starting work for Doppler shift rate 0.027728, FFT length 131072
Starting work for Doppler shift rate 0.029576, FFT length 131072
Starting work for Doppler shift rate 0.029576, FFT length 65536
Starting work for Doppler shift rate 0.029576, FFT length 32768
Starting work for Doppler shift rate 0.031425, FFT length 131072
Starting work for Doppler shift rate 0.033273, FFT length 131072
Starting work for Doppler shift rate 0.035122, FFT length 131072
Starting work for Doppler shift rate 0.036970, FFT length 131072
Starting work for Doppler shift rate 0.036970, FFT length 65536
Starting work for Doppler shift rate 0.038819, FFT length 131072
Starting work for Doppler shift rate 0.040667, FFT length 131072
Starting work for Doppler shift rate 0.042516, FFT length 131072
Starting work for Doppler shift rate 0.044364, FFT length 131072
Starting work for Doppler shift rate 0.044364, FFT length 65536
Starting work for Doppler shift rate 0.046213, FFT length 131072
Starting work for Doppler shift rate 0.048062, FFT length 131072
Starting work for Doppler shift rate 0.049910, FFT length 131072
Starting work for Doppler shift rate 0.051759, FFT length 131072
Starting work for Doppler shift rate 0.051759, FFT length 65536
Starting work for Doppler shift rate 0.053607, FFT length 131072
Starting work for Doppler shift rate 0.055456, FFT length 131072
Starting work for Doppler shift rate 0.057304, FFT length 131072
Starting work for Doppler shift rate 0.059153, FFT length 131072
Starting work for Doppler shift rate 0.059153, FFT length 65536
Starting work for Doppler shift rate 0.059153, FFT length 32768
Starting work for Doppler shift rate 0.061001, FFT length 131072
Starting work for Doppler shift rate 0.062850, FFT length 131072
Starting work for Doppler shift rate 0.064698, FFT length 131072
Starting work for Doppler shift rate 0.066547, FFT length 131072
Starting work for Doppler shift rate 0.066547, FFT length 65536
Starting work for Doppler shift rate 0.068395, FFT length 131072
Starting work for Doppler shift rate 0.070244, FFT length 131072
Starting work for Doppler shift rate 0.072092, FFT length 131072
Starting work for Doppler shift rate 0.073941, FFT length 131072
Starting work for Doppler shift rate 0.073941, FFT length 65536
Starting work for Doppler shift rate 0.075789, FFT length 131072
Starting work for Doppler shift rate 0.077638, FFT length 131072
Starting work for Doppler shift rate 0.079486, FFT length 131072
Starting work for Doppler shift rate 0.081335, FFT length 131072
Starting work for Doppler shift rate 0.081335, FFT length 65536
Starting work for Doppler shift rate 0.083183, FFT length 131072
Starting work for Doppler shift rate 0.085032, FFT length 131072
Starting work for Doppler shift rate 0.086880, FFT length 131072
Starting work for Doppler shift rate 0.088729, FFT length 131072
Starting work for Doppler shift rate 0.088729, FFT length 65536
Starting work for Doppler shift rate 0.088729, FFT length 32768
Starting work for Doppler shift rate 0.090577, FFT length 131072
Starting work for Doppler shift rate 0.092426, FFT length 131072
Starting work for Doppler shift rate 0.094274, FFT length 131072
Starting work for Doppler shift rate 0.096123, FFT length 131072
Starting work for Doppler shift rate 0.096123, FFT length 65536
Starting work for Doppler shift rate 0.097972, FFT length 131072
Starting work for Doppler shift rate 0.099820, FFT length 131072
Starting work for Doppler shift rate 0.101669, FFT length 131072
Starting work for Doppler shift rate 0.103517, FFT length 131072
Starting work for Doppler shift rate 0.103517, FFT length 65536
Starting work for Doppler shift rate 0.105366, FFT length 131072
Starting work for Doppler shift rate 0.107214, FFT length 131072
Starting work for Doppler shift rate 0.109063, FFT length 131072
Starting work for Doppler shift rate 0.110911, FFT length 131072
Starting work for Doppler shift rate 0.110911, FFT length 65536
Starting work for Doppler shift rate 0.112760, FFT length 131072
Starting work for Doppler shift rate 0.114608, FFT length 131072
Starting work for Doppler shift rate 0.116457, FFT length 131072
Starting work for Doppler shift rate 0.118305, FFT length 131072
Starting work for Doppler shift rate 0.118305, FFT length 65536
Starting work for Doppler shift rate 0.118305, FFT length 32768
Starting work for Doppler shift rate 0.118305, FFT length 16384
... Searching for Gaussians
Starting work for Doppler shift rate 0.120154, FFT length 131072
Starting work for Doppler shift rate 0.122002, FFT length 131072
Starting work for Doppler shift rate 0.123851, FFT length 131072
Starting work for Doppler shift rate 0.125699, FFT length 131072
Starting work for Doppler shift rate 0.125699, FFT length 65536
Starting work for Doppler shift rate 0.127548, FFT length 131072
Starting work for Doppler shift rate 0.129396, FFT length 131072
Starting work for Doppler shift rate 0.131245, FFT length 131072
Starting work for Doppler shift rate 0.133093, FFT length 131072
Starting work for Doppler shift rate 0.133093, FFT length 65536
Starting work for Doppler shift rate 0.134942, FFT length 131072
Starting work for Doppler shift rate 0.136790, FFT length 131072
Starting work for Doppler shift rate 0.138639, FFT length 131072
Starting work for Doppler shift rate 0.140487, FFT length 131072
Starting work for Doppler shift rate 0.140487, FFT length 65536
Starting work for Doppler shift rate 0.142336, FFT length 131072
Starting work for Doppler shift rate 0.144185, FFT length 131072
Starting work for Doppler shift rate 0.146033, FFT length 131072
Starting work for Doppler shift rate 0.147882, FFT length 131072
Starting work for Doppler shift rate 0.147882, FFT length 65536
Starting work for Doppler shift rate 0.147882, FFT length 32768
Starting work for Doppler shift rate 0.149730, FFT length 131072
Starting work for Doppler shift rate 0.151579, FFT length 131072
Starting work for Doppler shift rate 0.153427, FFT length 131072
Starting work for Doppler shift rate 0.155276, FFT length 131072
Starting work for Doppler shift rate 0.155276, FFT length 65536
Starting work for Doppler shift rate 0.157124, FFT length 131072
Starting work for Doppler shift rate 0.158973, FFT length 131072
Starting work for Doppler shift rate 0.160821, FFT length 131072
Starting work for Doppler shift rate 0.162670, FFT length 131072
Starting work for Doppler shift rate 0.162670, FFT length 65536
Starting work for Doppler shift rate 0.164518, FFT length 131072
Starting work for Doppler shift rate 0.166367, FFT length 131072
Starting work for Doppler shift rate 0.168215, FFT length 131072
Starting work for Doppler shift rate 0.170064, FFT length 131072
Starting work for Doppler shift rate 0.170064, FFT length 65536
Starting work for Doppler shift rate 0.171912, FFT length 131072
Starting work for Doppler shift rate 0.173761, FFT length 131072
Starting work for Doppler shift rate 0.175609, FFT length 131072
Starting work for Doppler shift rate 0.177458, FFT length 131072
Starting work for Doppler shift rate 0.177458, FFT length 65536
Starting work for Doppler shift rate 0.177458, FFT length 32768
Starting work for Doppler shift rate 0.179306, FFT length 131072
Starting work for Doppler shift rate 0.181155, FFT length 131072
Starting work for Doppler shift rate 0.183003, FFT length 131072
Starting work for Doppler shift rate 0.184852, FFT length 131072
Starting work for Doppler shift rate 0.184852, FFT length 65536
Starting work for Doppler shift rate 0.186700, FFT length 131072
Starting work for Doppler shift rate 0.188549, FFT length 131072
Starting work for Doppler shift rate 0.190398, FFT length 131072
Starting work for Doppler shift rate 0.192246, FFT length 131072
Starting work for Doppler shift rate 0.192246, FFT length 65536
Starting work for Doppler shift rate 0.194095, FFT length 131072
Starting work for Doppler shift rate 0.195943, FFT length 131072
Starting work for Doppler shift rate 0.197792, FFT length 131072
Starting work for Doppler shift rate 0.199640, FFT length 131072
Starting work for Doppler shift rate 0.199640, FFT length 65536
Starting work for Doppler shift rate 0.201489, FFT length 131072
Starting work for Doppler shift rate 0.203337, FFT length 131072
Starting work for Doppler shift rate 0.205186, FFT length 131072
Starting work for Doppler shift rate 0.207034, FFT length 131072
Starting work for Doppler shift rate 0.207034, FFT length 65536
Starting work for Doppler shift rate 0.207034, FFT length 32768
Starting work for Doppler shift rate 0.208883, FFT length 131072
Starting work for Doppler shift rate 0.210731, FFT length 131072
Starting work for Doppler shift rate 0.212580, FFT length 131072
Starting work for Doppler shift rate 0.214428, FFT length 131072
Starting work for Doppler shift rate 0.214428, FFT length 65536
Starting work for Doppler shift rate 0.216277, FFT length 131072
Starting work for Doppler shift rate 0.218125, FFT length 131072
Starting work for Doppler shift rate 0.219974, FFT length 131072
Starting work for Doppler shift rate 0.221822, FFT length 131072
Starting work for Doppler shift rate 0.221822, FFT length 65536
Starting work for Doppler shift rate 0.223671, FFT length 131072
Starting work for Doppler shift rate 0.225519, FFT length 131072
Starting work for Doppler shift rate 0.227368, FFT length 131072
Starting work for Doppler shift rate 0.229216, FFT length 131072
Starting work for Doppler shift rate 0.229216, FFT length 65536
Starting work for Doppler shift rate 0.231065, FFT length 131072
Starting work for Doppler shift rate 0.232913, FFT length 131072
Starting work for Doppler shift rate 0.234762, FFT length 131072
Starting work for Doppler shift rate 0.236610, FFT length 131072
Starting work for Doppler shift rate 0.236610, FFT length 65536
Starting work for Doppler shift rate 0.236610, FFT length 32768
Starting work for Doppler shift rate 0.236610, FFT length 16384
... Searching for Gaussians
Starting work for Doppler shift rate 0.238459, FFT length 131072
Starting work for Doppler shift rate 0.240308, FFT length 131072
Starting work for Doppler shift rate 0.242156, FFT length 131072
Starting work for Doppler shift rate 0.244005, FFT length 131072
Starting work for Doppler shift rate 0.244005, FFT length 65536
Starting work for Doppler shift rate 0.245853, FFT length 131072
Starting work for Doppler shift rate 0.247702, FFT length 131072
Starting work for Doppler shift rate 0.249550, FFT length 131072
Starting work for Doppler shift rate 0.251399, FFT length 131072
Starting work for Doppler shift rate 0.251399, FFT length 65536
Starting work for Doppler shift rate 0.253247, FFT length 131072
Starting work for Doppler shift rate 0.255096, FFT length 131072
Starting work for Doppler shift rate 0.256944, FFT length 131072
Starting work for Doppler shift rate 0.258793, FFT length 131072
Starting work for Doppler shift rate 0.258793, FFT length 65536
Starting work for Doppler shift rate 0.260641, FFT length 131072
Starting work for Doppler shift rate 0.262490, FFT length 131072
Starting work for Doppler shift rate 0.264338, FFT length 131072
Starting work for Doppler shift rate 0.266187, FFT length 131072
Starting work for Doppler shift rate 0.266187, FFT length 65536
Starting work for Doppler shift rate 0.266187, FFT length 32768
Starting work for Doppler shift rate 0.268035, FFT length 131072
Starting work for Doppler shift rate 0.269884, FFT length 131072
Starting work for Doppler shift rate 0.271732, FFT length 131072
Starting work for Doppler shift rate 0.273581, FFT length 131072
Starting work for Doppler shift rate 0.273581, FFT length 65536
Starting work for Doppler shift rate 0.275429, FFT length 131072
Starting work for Doppler shift rate 0.277278, FFT length 131072
Starting work for Doppler shift rate 0.279126, FFT length 131072
Starting work for Doppler shift rate 0.280975, FFT length 131072
Starting work for Doppler shift rate 0.280975, FFT length 65536
Starting work for Doppler shift rate 0.282823, FFT length 131072
Starting work for Doppler shift rate 0.284672, FFT length 131072
Starting work for Doppler shift rate 0.286521, FFT length 131072
Starting work for Doppler shift rate 0.288369, FFT length 131072
Starting work for Doppler shift rate 0.288369, FFT length 65536
Starting work for Doppler shift rate 0.290218, FFT length 131072
Starting work for Doppler shift rate 0.292066, FFT length 131072
Starting work for Doppler shift rate 0.293915, FFT length 131072
Starting work for Doppler shift rate 0.295763, FFT length 131072
Starting work for Doppler shift rate 0.295763, FFT length 65536
Starting work for Doppler shift rate 0.295763, FFT length 32768
Starting work for Doppler shift rate 0.297612, FFT length 131072
Starting work for Doppler shift rate 0.299460, FFT length 131072
Starting work for Doppler shift rate 0.301309, FFT length 131072
Starting work for Doppler shift rate 0.303157, FFT length 131072
Starting work for Doppler shift rate 0.303157, FFT length 65536
Starting work for Doppler shift rate 0.305006, FFT length 131072
Starting work for Doppler shift rate 0.306854, FFT length 131072
Starting work for Doppler shift rate 0.308703, FFT length 131072
Starting work for Doppler shift rate 0.310551, FFT length 131072
Starting work for Doppler shift rate 0.310551, FFT length 65536
Starting work for Doppler shift rate 0.312400, FFT length 131072
Starting work for Doppler shift rate 0.314248, FFT length 131072
Starting work for Doppler shift rate 0.316097, FFT length 131072
Starting work for Doppler shift rate 0.317945, FFT length 131072
Starting work for Doppler shift rate 0.317945, FFT length 65536
Starting work for Doppler shift rate 0.319794, FFT length 131072
Starting work for Doppler shift rate 0.321642, FFT length 131072
Starting work for Doppler shift rate 0.323491, FFT length 131072
Starting work for Doppler shift rate 0.325339, FFT length 131072
Starting work for Doppler shift rate 0.325339, FFT length 65536
Starting work for Doppler shift rate 0.325339, FFT length 32768
Starting work for Doppler shift rate 0.327188, FFT length 131072
Starting work for Doppler shift rate 0.329036, FFT length 131072
Starting work for Doppler shift rate 0.330885, FFT length 131072
Starting work for Doppler shift rate 0.332734, FFT length 131072
Starting work for Doppler shift rate 0.332734, FFT length 65536
Starting work for Doppler shift rate 0.334582, FFT length 131072
Starting work for Doppler shift rate 0.336431, FFT length 131072
Starting work for Doppler shift rate 0.338279, FFT length 131072
Starting work for Doppler shift rate 0.340128, FFT length 131072
Starting work for Doppler shift rate 0.340128, FFT length 65536
Starting work for Doppler shift rate 0.341976, FFT length 131072
Starting work for Doppler shift rate 0.343825, FFT length 131072
Starting work for Doppler shift rate 0.345673, FFT length 131072
Starting work for Doppler shift rate 0.347522, FFT length 131072
Starting work for Doppler shift rate 0.347522, FFT length 65536
Starting work for Doppler shift rate 0.349370, FFT length 131072
Starting work for Doppler shift rate 0.351219, FFT length 131072
5.353811% done
Starting work for Doppler shift rate 0.353067, FFT length 131072
Starting work for Doppler shift rate 0.354916, FFT length 131072
Starting work for Doppler shift rate 0.354916, FFT length 65536
Starting work for Doppler shift rate 0.354916, FFT length 32768
Starting work for Doppler shift rate 0.354916, FFT length 16384
... Searching for Gaussians
Starting work for Doppler shift rate 0.356764, FFT length 131072
Starting work for Doppler shift rate 0.358613, FFT length 131072
Starting work for Doppler shift rate 0.360461, FFT length 131072
Starting work for Doppler shift rate 0.362310, FFT length 131072
Starting work for Doppler shift rate 0.362310, FFT length 65536
Starting work for Doppler shift rate 0.364158, FFT length 131072
Starting work for Doppler shift rate 0.366007, FFT length 131072
Starting work for Doppler shift rate 0.367855, FFT length 131072
Starting work for Doppler shift rate 0.369704, FFT length 131072
Starting work for Doppler shift rate 0.369704, FFT length 65536
Starting work for Doppler shift rate 0.371552, FFT length 131072
Starting work for Doppler shift rate 0.373401, FFT length 131072
Starting work for Doppler shift rate 0.375249, FFT length 131072
Starting work for Doppler shift rate 0.377098, FFT length 131072
Starting work for Doppler shift rate 0.377098, FFT length 65536
Starting work for Doppler shift rate 0.378946, FFT length 131072
Starting work for Doppler shift rate 0.380795, FFT length 131072
Starting work for Doppler shift rate 0.382644, FFT length 131072
Starting work for Doppler shift rate 0.384492, FFT length 131072
Starting work for Doppler shift rate 0.384492, FFT length 65536
Starting work for Doppler shift rate 0.384492, FFT length 32768
Starting work for Doppler shift rate 0.386341, FFT length 131072
Starting work for Doppler shift rate 0.388189, FFT length 131072
Starting work for Doppler shift rate 0.390038, FFT length 131072
Starting work for Doppler shift rate 0.391886, FFT length 131072
Starting work for Doppler shift rate 0.391886, FFT length 65536
Starting work for Doppler shift rate 0.393735, FFT length 131072
Starting work for Doppler shift rate 0.395583, FFT length 131072
Starting work for Doppler shift rate 0.397432, FFT length 131072
Starting work for Doppler shift rate 0.399280, FFT length 131072
Starting work for Doppler shift rate 0.399280, FFT length 65536
Starting work for Doppler shift rate 0.401129, FFT length 131072
Starting work for Doppler shift rate 0.402977, FFT length 131072
Starting work for Doppler shift rate 0.404826, FFT length 131072
Starting work for Doppler shift rate 0.406674, FFT length 131072
Starting work for Doppler shift rate 0.406674, FFT length 65536
Starting work for Doppler shift rate 0.408523, FFT length 131072
Starting work for Doppler shift rate 0.410371, FFT length 131072
Starting work for Doppler shift rate 0.412220, FFT length 131072
Starting work for Doppler shift rate 0.414068, FFT length 131072
Starting work for Doppler shift rate 0.414068, FFT length 65536
Starting work for Doppler shift rate 0.414068, FFT length 32768
Starting work for Doppler shift rate 0.415917, FFT length 131072
Starting work for Doppler shift rate 0.417765, FFT length 131072
Starting work for Doppler shift rate 0.419614, FFT length 131072
Starting work for Doppler shift rate 0.421462, FFT length 131072
Starting work for Doppler shift rate 0.421462, FFT length 65536
Starting work for Doppler shift rate 0.423311, FFT length 131072
Starting work for Doppler shift rate 0.425159, FFT length 131072
Starting work for Doppler shift rate 0.427008, FFT length 131072
Starting work for Doppler shift rate 0.428857, FFT length 131072
Starting work for Doppler shift rate 0.428857, FFT length 65536
Starting work for Doppler shift rate 0.430705, FFT length 131072
Starting work for Doppler shift rate 0.432554, FFT length 131072
Starting work for Doppler shift rate 0.434402, FFT length 131072
Starting work for Doppler shift rate 0.436251, FFT length 131072
Starting work for Doppler shift rate 0.436251, FFT length 65536
Starting work for Doppler shift rate 0.438099, FFT length 131072
Starting work for Doppler shift rate 0.439948, FFT length 131072
Starting work for Doppler shift rate 0.441796, FFT length 131072
Starting work for Doppler shift rate 0.443645, FFT length 131072
Starting work for Doppler shift rate 0.443645, FFT length 65536
Starting work for Doppler shift rate 0.443645, FFT length 32768
Starting work for Doppler shift rate 0.445493, FFT length 131072
Starting work for Doppler shift rate 0.447342, FFT length 131072
Starting work for Doppler shift rate 0.449190, FFT length 131072
Starting work for Doppler shift rate 0.451039, FFT length 131072
Starting work for Doppler shift rate 0.451039, FFT length 65536
Starting work for Doppler shift rate 0.452887, FFT length 131072
Starting work for Doppler shift rate 0.454736, FFT length 131072
Starting work for Doppler shift rate 0.456584, FFT length 131072
Starting work for Doppler shift rate 0.458433, FFT length 131072
Starting work for Doppler shift rate 0.458433, FFT length 65536
Starting work for Doppler shift rate 0.460281, FFT length 131072
Starting work for Doppler shift rate 0.462130, FFT length 131072
Starting work for Doppler shift rate 0.463978, FFT length 131072
Starting work for Doppler shift rate 0.465827, FFT length 131072
Starting work for Doppler shift rate 0.465827, FFT length 65536
Starting work for Doppler shift rate 0.467675, FFT length 131072
Starting work for Doppler shift rate 0.469524, FFT length 131072
Starting work for Doppler shift rate 0.471372, FFT length 131072
Starting work for Doppler shift rate 0.473221, FFT length 131072
Starting work for Doppler shift rate 0.473221, FFT length 65536
Starting work for Doppler shift rate 0.473221, FFT length 32768
Starting work for Doppler shift rate 0.473221, FFT length 16384
... Searching for Gaussians
Starting work for Doppler shift rate 0.473221, FFT length 8192
... Searching for Gaussians
... Searching for Pulses
Starting work for Doppler shift rate 0.475069, FFT length 131072
Starting work for Doppler shift rate 0.476918, FFT length 131072
Starting work for Doppler shift rate 0.478767, FFT length 131072
Starting work for Doppler shift rate 0.480615, FFT length 131072
Starting work for Doppler shift rate 0.480615, FFT length 65536
Starting work for Doppler shift rate 0.482464, FFT length 131072
Starting work for Doppler shift rate 0.484312, FFT length 131072
Starting work for Doppler shift rate 0.486161, FFT length 131072
Starting work for Doppler shift rate 0.488009, FFT length 131072
Starting work for Doppler shift rate 0.488009, FFT length 65536
Starting work for Doppler shift rate 0.489858, FFT length 131072
Starting work for Doppler shift rate 0.491706, FFT length 131072
Starting work for Doppler shift rate 0.493555, FFT length 131072
Starting work for Doppler shift rate 0.495403, FFT length 131072
Starting work for Doppler shift rate 0.495403, FFT length 65536
Starting work for Doppler shift rate 0.497252, FFT length 131072
Starting work for Doppler shift rate 0.499100, FFT length 131072
Starting work for Doppler shift rate 0.500949, FFT length 131072
Starting work for Doppler shift rate 0.502797, FFT length 131072
Starting work for Doppler shift rate 0.502797, FFT length 65536
Starting work for Doppler shift rate 0.502797, FFT length 32768
Starting work for Doppler shift rate 0.504646, FFT length 131072
Starting work for Doppler shift rate 0.506494, FFT length 131072
Starting work for Doppler shift rate 0.508343, FFT length 131072
Starting work for Doppler shift rate 0.510191, FFT length 131072
Starting work for Doppler shift rate 0.510191, FFT length 65536
Starting work for Doppler shift rate 0.512040, FFT length 131072
Starting work for Doppler shift rate 0.513888, FFT length 131072
Starting work for Doppler shift rate 0.515737, FFT length 131072
Starting work for Doppler shift rate 0.517585, FFT length 131072
Starting work for Doppler shift rate 0.517585, FFT length 65536
Starting work for Doppler shift rate 0.519434, FFT length 131072
Starting work for Doppler shift rate 0.521282, FFT length 131072
Starting work for Doppler shift rate 0.523131, FFT length 131072
Starting work for Doppler shift rate 0.524980, FFT length 131072
Starting work for Doppler shift rate 0.524980, FFT length 65536
Starting work for Doppler shift rate 0.526828, FFT length 131072
Starting work for Doppler shift rate 0.528677, FFT length 131072
Starting work for Doppler shift rate 0.530525, FFT length 131072
Starting work for Doppler shift rate 0.532374, FFT length 131072
Starting work for Doppler shift rate 0.532374, FFT length 65536
Starting work for Doppler shift rate 0.532374, FFT length 32768
Starting work for Doppler shift rate 0.534222, FFT length 131072
Starting work for Doppler shift rate 0.536071, FFT length 131072
Starting work for Doppler shift rate 0.537919, FFT length 131072
Starting work for Doppler shift rate 0.539768, FFT length 131072
Starting work for Doppler shift rate 0.539768, FFT length 65536
Starting work for Doppler shift rate 0.541616, FFT length 131072
Starting work for Doppler shift rate 0.543465, FFT length 131072
Starting work for Doppler shift rate 0.545313, FFT length 131072
Starting work for Doppler shift rate 0.547162, FFT length 131072
Starting work for Doppler shift rate 0.547162, FFT length 65536
Starting work for Doppler shift rate 0.549010, FFT length 131072
Starting work for Doppler shift rate 0.550859, FFT length 131072
Starting work for Doppler shift rate 0.552707, FFT length 131072
Starting work for Doppler shift rate 0.554556, FFT length 131072
Starting work for Doppler shift rate 0.554556, FFT length 65536
Starting work for Doppler shift rate 0.556404, FFT length 131072
Starting work for Doppler shift rate 0.558253, FFT length 131072
Starting work for Doppler shift rate 0.560101, FFT length 131072
Starting work for Doppler shift rate 0.561950, FFT length 131072
Starting work for Doppler shift rate 0.561950, FFT length 65536
Starting work for Doppler shift rate 0.561950, FFT length 32768
Starting work for Doppler shift rate 0.563798, FFT length 131072
Starting work for Doppler shift rate 0.565647, FFT length 131072
Starting work for Doppler shift rate 0.567495, FFT length 131072
Starting work for Doppler shift rate 0.569344, FFT length 131072
Starting work for Doppler shift rate 0.569344, FFT length 65536
Starting work for Doppler shift rate 0.571193, FFT length 131072
Starting work for Doppler shift rate 0.573041, FFT length 131072
Starting work for Doppler shift rate 0.574890, FFT length 131072
Starting work for Doppler shift rate 0.576738, FFT length 131072
Starting work for Doppler shift rate 0.576738, FFT length 65536
Starting work for Doppler shift rate 0.578587, FFT length 131072
Starting work for Doppler shift rate 0.580435, FFT length 131072
Starting work for Doppler shift rate 0.582284, FFT length 131072
Starting work for Doppler shift rate 0.584132, FFT length 131072
Starting work for Doppler shift rate 0.584132, FFT length 65536
Starting work for Doppler shift rate 0.585981, FFT length 131072
Starting work for Doppler shift rate 0.587829, FFT length 131072
Starting work for Doppler shift rate 0.589678, FFT length 131072
Starting work for Doppler shift rate 0.591526, FFT length 131072
Starting work for Doppler shift rate 0.591526, FFT length 65536
Starting work for Doppler shift rate 0.591526, FFT length 32768
Starting work for Doppler shift rate 0.591526, FFT length 16384
... Searching for Gaussians
Starting work for Doppler shift rate 0.593375, FFT length 131072
Starting work for Doppler shift rate 0.595223, FFT length 131072
Starting work for Doppler shift rate 0.597072, FFT length 131072
Starting work for Doppler shift rate 0.598920, FFT length 131072
Starting work for Doppler shift rate 0.598920, FFT length 65536
Starting work for Doppler shift rate 0.600769, FFT length 131072
Starting work for Doppler shift rate 0.602617, FFT length 131072
Starting work for Doppler shift rate 0.604466, FFT length 131072
Starting work for Doppler shift rate 0.606314, FFT length 131072
Starting work for Doppler shift rate 0.606314, FFT length 65536
Starting work for Doppler shift rate 0.608163, FFT length 131072
Starting work for Doppler shift rate 0.610011, FFT length 131072
Starting work for Doppler shift rate 0.611860, FFT length 131072
Starting work for Doppler shift rate 0.613708, FFT length 131072
Starting work for Doppler shift rate 0.613708, FFT length 65536
Starting work for Doppler shift rate 0.615557, FFT length 131072
Starting work for Doppler shift rate 0.617405, FFT length 131072
Starting work for Doppler shift rate 0.619254, FFT length 131072
Starting work for Doppler shift rate 0.621103, FFT length 131072
Starting work for Doppler shift rate 0.621103, FFT length 65536
Starting work for Doppler shift rate 0.621103, FFT length 32768
Starting work for Doppler shift rate 0.622951, FFT length 131072
Starting work for Doppler shift rate 0.624800, FFT length 131072
Starting work for Doppler shift rate 0.626648, FFT length 131072
Starting work for Doppler shift rate 0.628497, FFT length 131072
Starting work for Doppler shift rate 0.628497, FFT length 65536
Starting work for Doppler shift rate 0.630345, FFT length 131072
Starting work for Doppler shift rate 0.632194, FFT length 131072
Starting work for Doppler shift rate 0.634042, FFT length 131072
Starting work for Doppler shift rate 0.635891, FFT length 131072
Starting work for Doppler shift rate 0.635891, FFT length 65536
Starting work for Doppler shift rate 0.637739, FFT length 131072
Starting work for Doppler shift rate 0.639588, FFT length 131072
Starting work for Doppler shift rate 0.641436, FFT length 131072
Starting work for Doppler shift rate 0.643285, FFT length 131072
Starting work for Doppler shift rate 0.643285, FFT length 65536
Starting work for Doppler shift rate 0.645133, FFT length 131072
Starting work for Doppler shift rate 0.646982, FFT length 131072
Starting work for Doppler shift rate 0.648830, FFT length 131072
Starting work for Doppler shift rate 0.650679, FFT length 131072
Starting work for Doppler shift rate 0.650679, FFT length 65536
Starting work for Doppler shift rate 0.650679, FFT length 32768
Starting work for Doppler shift rate 0.652527, FFT length 131072
Starting work for Doppler shift rate 0.654376, FFT length 131072
Starting work for Doppler shift rate 0.656224, FFT length 131072
Starting work for Doppler shift rate 0.658073, FFT length 131072
Starting work for Doppler shift rate 0.658073, FFT length 65536
Starting work for Doppler shift rate 0.659921, FFT length 131072
Starting work for Doppler shift rate 0.661770, FFT length 131072
Starting work for Doppler shift rate 0.663619, FFT length 131072
Starting work for Doppler shift rate 0.665467, FFT length 131072
Starting work for Doppler shift rate 0.665467, FFT length 65536
Starting work for Doppler shift rate 0.667316, FFT length 131072
Starting work for Doppler shift rate 0.669164, FFT length 131072
Starting work for Doppler shift rate 0.671013, FFT length 131072
Starting work for Doppler shift rate 0.672861, FFT length 131072
Starting work for Doppler shift rate 0.672861, FFT length 65536
Starting work for Doppler shift rate 0.674710, FFT length 131072
Starting work for Doppler shift rate 0.676558, FFT length 131072
Starting work for Doppler shift rate 0.678407, FFT length 131072
Starting work for Doppler shift rate 0.680255, FFT length 131072
Starting work for Doppler shift rate 0.680255, FFT length 65536
Starting work for Doppler shift rate 0.680255, FFT length 32768
Starting work for Doppler shift rate 0.682104, FFT length 131072
Starting work for Doppler shift rate 0.683952, FFT length 131072
Starting work for Doppler shift rate 0.685801, FFT length 131072
Starting work for Doppler shift rate 0.687649, FFT length 131072
Starting work for Doppler shift rate 0.687649, FFT length 65536
Starting work for Doppler shift rate 0.689498, FFT length 131072
Starting work for Doppler shift rate 0.691346, FFT length 131072
Starting work for Doppler shift rate 0.693195, FFT length 131072
Starting work for Doppler shift rate 0.695043, FFT length 131072
Starting work for Doppler shift rate 0.695043, FFT length 65536
Starting work for Doppler shift rate 0.696892, FFT length 131072
Starting work for Doppler shift rate 0.698740, FFT length 131072
Starting work for Doppler shift rate 0.700589, FFT length 131072
Starting work for Doppler shift rate 0.702437, FFT length 131072
Starting work for Doppler shift rate 0.702437, FFT length 65536
Starting work for Doppler shift rate 0.704286, FFT length 131072
Starting work for Doppler shift rate 0.706134, FFT length 131072
Starting work for Doppler shift rate 0.707983, FFT length 131072
Starting work for Doppler shift rate 0.709831, FFT length 131072
Starting work for Doppler shift rate 0.709831, FFT length 65536
Starting work for Doppler shift rate 0.709831, FFT length 32768
Starting work for Doppler shift rate 0.709831, FFT length 16384
... Searching for Gaussians
Starting work for Doppler shift rate 0.711680, FFT length 131072
Starting work for Doppler shift rate 0.713529, FFT length 131072
Starting work for Doppler shift rate 0.715377, FFT length 131072
Starting work for Doppler shift rate 0.717226, FFT length 131072
Starting work for Doppler shift rate 0.717226, FFT length 65536
Starting work for Doppler shift rate 0.719074, FFT length 131072
Starting work for Doppler shift rate 0.720923, FFT length 131072
Starting work for Doppler shift rate 0.722771, FFT length 131072
Starting work for Doppler shift rate 0.724620, FFT length 131072
Starting work for Doppler shift rate 0.724620, FFT length 65536
Starting work for Doppler shift rate 0.726468, FFT length 131072
Starting work for Doppler shift rate 0.728317, FFT length 131072
Starting work for Doppler shift rate 0.730165, FFT length 131072
Starting work for Doppler shift rate 0.732014, FFT length 131072
Starting work for Doppler shift rate 0.732014, FFT length 65536
Starting work for Doppler shift rate 0.733862, FFT length 131072
Starting work for Doppler shift rate 0.735711, FFT length 131072
Starting work for Doppler shift rate 0.737559, FFT length 131072
Starting work for Doppler shift rate 0.739408, FFT length 131072
Starting work for Doppler shift rate 0.739408, FFT length 65536
Starting work for Doppler shift rate 0.739408, FFT length 32768
Starting work for Doppler shift rate 0.741256, FFT length 131072
Starting work for Doppler shift rate 0.743105, FFT length 131072
Starting work for Doppler shift rate 0.744953, FFT length 131072
Starting work for Doppler shift rate 0.746802, FFT length 131072
Starting work for Doppler shift rate 0.746802, FFT length 65536
Starting work for Doppler shift rate 0.748650, FFT length 131072
Starting work for Doppler shift rate 0.750499, FFT length 131072
Starting work for Doppler shift rate 0.752347, FFT length 131072
Starting work for Doppler shift rate 0.754196, FFT length 131072
Starting work for Doppler shift rate 0.754196, FFT length 65536
Starting work for Doppler shift rate 0.756044, FFT length 131072
Starting work for Doppler shift rate 0.757893, FFT length 131072
Starting work for Doppler shift rate 0.759741, FFT length 131072
Starting work for Doppler shift rate 0.761590, FFT length 131072
Starting work for Doppler shift rate 0.761590, FFT length 65536
Starting work for Doppler shift rate 0.763439, FFT length 131072
Starting work for Doppler shift rate 0.765287, FFT length 131072
Starting work for Doppler shift rate 0.767136, FFT length 131072
Starting work for Doppler shift rate 0.768984, FFT length 131072
Starting work for Doppler shift rate 0.768984, FFT length 65536
Starting work for Doppler shift rate 0.768984, FFT length 32768
Starting work for Doppler shift rate 0.770833, FFT length 131072
Starting work for Doppler shift rate 0.772681, FFT length 131072
Starting work for Doppler shift rate 0.774530, FFT length 131072
Starting work for Doppler shift rate 0.776378, FFT length 131072
Starting work for Doppler shift rate 0.776378, FFT length 65536
Starting work for Doppler shift rate 0.778227, FFT length 131072
Starting work for Doppler shift rate 0.780075, FFT length 131072
Starting work for Doppler shift rate 0.781924, FFT length 131072
Starting work for Doppler shift rate 0.783772, FFT length 131072
Starting work for Doppler shift rate 0.783772, FFT length 65536
Starting work for Doppler shift rate 0.785621, FFT length 131072
Starting work for Doppler shift rate 0.787469, FFT length 131072
Starting work for Doppler shift rate 0.789318, FFT length 131072
Starting work for Doppler shift rate 0.791166, FFT length 131072
Starting work for Doppler shift rate 0.791166, FFT length 65536
Starting work for Doppler shift rate 0.793015, FFT length 131072
Starting work for Doppler shift rate 0.794863, FFT length 131072
Starting work for Doppler shift rate 0.796712, FFT length 131072
Starting work for Doppler shift rate 0.798560, FFT length 131072
Starting work for Doppler shift rate 0.798560, FFT length 65536
Starting work for Doppler shift rate 0.798560, FFT length 32768
Starting work for Doppler shift rate 0.800409, FFT length 131072
Starting work for Doppler shift rate 0.802257, FFT length 131072
Starting work for Doppler shift rate 0.804106, FFT length 131072
Starting work for Doppler shift rate 0.805954, FFT length 131072
Starting work for Doppler shift rate 0.805954, FFT length 65536
Starting work for Doppler shift rate 0.807803, FFT length 131072
Starting work for Doppler shift rate 0.809651, FFT length 131072
Starting work for Doppler shift rate 0.811500, FFT length 131072
Starting work for Doppler shift rate 0.813349, FFT length 131072
Starting work for Doppler shift rate 0.813349, FFT length 65536
Starting work for Doppler shift rate 0.815197, FFT length 131072
Starting work for Doppler shift rate 0.817046, FFT length 131072
Starting work for Doppler shift rate 0.818894, FFT length 131072
Starting work for Doppler shift rate 0.820743, FFT length 131072
Starting work for Doppler shift rate 0.820743, FFT length 65536
Starting work for Doppler shift rate 0.822591, FFT length 131072
Starting work for Doppler shift rate 0.824440, FFT length 131072
Starting work for Doppler shift rate 0.826288, FFT length 131072
Starting work for Doppler shift rate 0.828137, FFT length 131072
Starting work for Doppler shift rate 0.828137, FFT length 65536
Starting work for Doppler shift rate 0.828137, FFT length 32768
Starting work for Doppler shift rate 0.828137, FFT length 16384
... Searching for Gaussians
Starting work for Doppler shift rate 0.829985, FFT length 131072
Starting work for Doppler shift rate 0.831834, FFT length 131072
Starting work for Doppler shift rate 0.833682, FFT length 131072
Starting work for Doppler shift rate 0.835531, FFT length 131072
Starting work for Doppler shift rate 0.835531, FFT length 65536
Starting work for Doppler shift rate 0.837379, FFT length 131072
Starting work for Doppler shift rate 0.839228, FFT length 131072
Starting work for Doppler shift rate 0.841076, FFT length 131072
Starting work for Doppler shift rate 0.842925, FFT length 131072
Starting work for Doppler shift rate 0.842925, FFT length 65536
Starting work for Doppler shift rate 0.844773, FFT length 131072
Starting work for Doppler shift rate 0.846622, FFT length 131072
6.354529% done
Starting work for Doppler shift rate 0.848470, FFT length 131072
Starting work for Doppler shift rate 0.850319, FFT length 131072
Starting work for Doppler shift rate 0.850319, FFT length 65536
Starting work for Doppler shift rate 0.852167, FFT length 131072
Starting work for Doppler shift rate 0.854016, FFT length 131072
Starting work for Doppler shift rate 0.855865, FFT length 131072
Starting work for Doppler shift rate 0.857713, FFT length 131072
Starting work for Doppler shift rate 0.857713, FFT length 65536
Starting work for Doppler shift rate 0.857713, FFT length 32768
Starting work for Doppler shift rate 0.859562, FFT length 131072
Starting work for Doppler shift rate 0.861410, FFT length 131072
Starting work for Doppler shift rate 0.863259, FFT length 131072
Starting work for Doppler shift rate 0.865107, FFT length 131072
Starting work for Doppler shift rate 0.865107, FFT length 65536
Starting work for Doppler shift rate 0.866956, FFT length 131072
Starting work for Doppler shift rate 0.868804, FFT length 131072
Starting work for Doppler shift rate 0.870653, FFT length 131072
Starting work for Doppler shift rate 0.872501, FFT length 131072
Starting work for Doppler shift rate 0.872501, FFT length 65536
Starting work for Doppler shift rate 0.874350, FFT length 131072
Starting work for Doppler shift rate 0.876198, FFT length 131072
Starting work for Doppler shift rate 0.878047, FFT length 131072
Starting work for Doppler shift rate 0.879895, FFT length 131072
Starting work for Doppler shift rate 0.879895, FFT length 65536
Starting work for Doppler shift rate 0.881744, FFT length 131072
Starting work for Doppler shift rate 0.883592, FFT length 131072
Starting work for Doppler shift rate 0.885441, FFT length 131072
Starting work for Doppler shift rate 0.887289, FFT length 131072
Starting work for Doppler shift rate 0.887289, FFT length 65536
Starting work for Doppler shift rate 0.887289, FFT length 32768
Starting work for Doppler shift rate 0.889138, FFT length 131072
Starting work for Doppler shift rate 0.890986, FFT length 131072
Starting work for Doppler shift rate 0.892835, FFT length 131072
Starting work for Doppler shift rate 0.894683, FFT length 131072
Starting work for Doppler shift rate 0.894683, FFT length 65536
Starting work for Doppler shift rate 0.896532, FFT length 131072
Starting work for Doppler shift rate 0.898380, FFT length 131072
Starting work for Doppler shift rate 0.900229, FFT length 131072
Starting work for Doppler shift rate 0.902077, FFT length 131072
Starting work for Doppler shift rate 0.902077, FFT length 65536
Starting work for Doppler shift rate 0.903926, FFT length 131072
Starting work for Doppler shift rate 0.905775, FFT length 131072
Starting work for Doppler shift rate 0.907623, FFT length 131072
Starting work for Doppler shift rate 0.909472, FFT length 131072
Starting work for Doppler shift rate 0.909472, FFT length 65536
Starting work for Doppler shift rate 0.911320, FFT length 131072
Starting work for Doppler shift rate 0.913169, FFT length 131072
Starting work for Doppler shift rate 0.915017, FFT length 131072
Starting work for Doppler shift rate 0.916866, FFT length 131072
Starting work for Doppler shift rate 0.916866, FFT length 65536
Starting work for Doppler shift rate 0.916866, FFT length 32768
Starting work for Doppler shift rate 0.918714, FFT length 131072
Starting work for Doppler shift rate 0.920563, FFT length 131072
Starting work for Doppler shift rate 0.922411, FFT length 131072
Starting work for Doppler shift rate 0.924260, FFT length 131072
Starting work for Doppler shift rate 0.924260, FFT length 65536
Starting work for Doppler shift rate 0.926108, FFT length 131072
Starting work for Doppler shift rate 0.927957, FFT length 131072
Starting work for Doppler shift rate 0.929805, FFT length 131072
Starting work for Doppler shift rate 0.931654, FFT length 131072
Starting work for Doppler shift rate 0.931654, FFT length 65536
Starting work for Doppler shift rate 0.933502, FFT length 131072
Starting work for Doppler shift rate 0.935351, FFT length 131072
Starting work for Doppler shift rate 0.937199, FFT length 131072
Starting work for Doppler shift rate 0.939048, FFT length 131072
Starting work for Doppler shift rate 0.939048, FFT length 65536
Starting work for Doppler shift rate 0.940896, FFT length 131072
Starting work for Doppler shift rate 0.942745, FFT length 131072
Starting work for Doppler shift rate 0.944593, FFT length 131072
Starting work for Doppler shift rate 0.946442, FFT length 131072
Starting work for Doppler shift rate 0.946442, FFT length 65536
Starting work for Doppler shift rate 0.946442, FFT length 32768
Starting work for Doppler shift rate 0.946442, FFT length 16384
... Searching for Gaussians
Starting work for Doppler shift rate 0.946442, FFT length 8192
... Searching for Gaussians
... Searching for Pulses
Starting work for Doppler shift rate 0.948290, FFT length 131072
Starting work for Doppler shift rate 0.950139, FFT length 131072
Starting work for Doppler shift rate 0.951988, FFT length 131072
Starting work for Doppler shift rate 0.953836, FFT length 131072
Starting work for Doppler shift rate 0.953836, FFT length 65536
Starting work for Doppler shift rate 0.955685, FFT length 131072
Starting work for Doppler shift rate 0.957533, FFT length 131072
Starting work for Doppler shift rate 0.959382, FFT length 131072
Starting work for Doppler shift rate 0.961230, FFT length 131072
Starting work for Doppler shift rate 0.961230, FFT length 65536
Starting work for Doppler shift rate 0.963079, FFT length 131072
Starting work for Doppler shift rate 0.964927, FFT length 131072
Starting work for Doppler shift rate 0.966776, FFT length 131072
Starting work for Doppler shift rate 0.968624, FFT length 131072
Starting work for Doppler shift rate 0.968624, FFT length 65536
Starting work for Doppler shift rate 0.970473, FFT length 131072
Starting work for Doppler shift rate 0.972321, FFT length 131072
Starting work for Doppler shift rate 0.974170, FFT length 131072
Starting work for Doppler shift rate 0.976018, FFT length 131072
Starting work for Doppler shift rate 0.976018, FFT length 65536
Starting work for Doppler shift rate 0.976018, FFT length 32768
Starting work for Doppler shift rate 0.977867, FFT length 131072
Starting work for Doppler shift rate 0.979715, FFT length 131072
Starting work for Doppler shift rate 0.981564, FFT length 131072
Starting work for Doppler shift rate 0.983412, FFT length 131072
Starting work for Doppler shift rate 0.983412, FFT length 65536
Starting work for Doppler shift rate 0.985261, FFT length 131072
Starting work for Doppler shift rate 0.987109, FFT length 131072
Starting work for Doppler shift rate 0.988958, FFT length 131072
Starting work for Doppler shift rate 0.990806, FFT length 131072
Starting work for Doppler shift rate 0.990806, FFT length 65536
Starting work for Doppler shift rate 0.992655, FFT length 131072
Starting work for Doppler shift rate 0.994503, FFT length 131072
Starting work for Doppler shift rate 0.996352, FFT length 131072
Starting work for Doppler shift rate 0.998200, FFT length 131072
Starting work for Doppler shift rate 0.998200, FFT length 65536
Starting work for Doppler shift rate 1.000049, FFT length 131072
Starting work for Doppler shift rate 1.001898, FFT length 131072
Starting work for Doppler shift rate 1.003746, FFT length 131072
Starting work for Doppler shift rate 1.005595, FFT length 131072
Starting work for Doppler shift rate 1.005595, FFT length 65536
Starting work for Doppler shift rate 1.005595, FFT length 32768
Starting work for Doppler shift rate 1.007443, FFT length 131072
Starting work for Doppler shift rate 1.009292, FFT length 131072
Starting work for Doppler shift rate 1.011140, FFT length 131072
Starting work for Doppler shift rate 1.012989, FFT length 131072
Starting work for Doppler shift rate 1.012989, FFT length 65536
Starting work for Doppler shift rate 1.014837, FFT length 131072
Starting work for Doppler shift rate 1.016686, FFT length 131072
Starting work for Doppler shift rate 1.018534, FFT length 131072
Starting work for Doppler shift rate 1.020383, FFT length 131072
Starting work for Doppler shift rate 1.020383, FFT length 65536
Starting work for Doppler shift rate 1.022231, FFT length 131072
Starting work for Doppler shift rate 1.024080, FFT length 131072
Starting work for Doppler shift rate 1.025928, FFT length 131072
Starting work for Doppler shift rate 1.027777, FFT length 131072
Starting work for Doppler shift rate 1.027777, FFT length 65536
Starting work for Doppler shift rate 1.029625, FFT length 131072
Starting work for Doppler shift rate 1.031474, FFT length 131072
Starting work for Doppler shift rate 1.033322, FFT length 131072
Starting work for Doppler shift rate 1.035171, FFT length 131072
Starting work for Doppler shift rate 1.035171, FFT length 65536
Starting work for Doppler shift rate 1.035171, FFT length 32768
Starting work for Doppler shift rate 1.037019, FFT length 131072
Starting work for Doppler shift rate 1.038868, FFT length 131072
Starting work for Doppler shift rate 1.040716, FFT length 131072
Starting work for Doppler shift rate 1.042565, FFT length 131072
Starting work for Doppler shift rate 1.042565, FFT length 65536
Starting work for Doppler shift rate 1.044413, FFT length 131072
Starting work for Doppler shift rate 1.046262, FFT length 131072
Starting work for Doppler shift rate 1.048110, FFT length 131072
Starting work for Doppler shift rate 1.049959, FFT length 131072
Starting work for Doppler shift rate 1.049959, FFT length 65536
Starting work for Doppler shift rate 1.051808, FFT length 131072
Starting work for Doppler shift rate 1.053656, FFT length 131072
Starting work for Doppler shift rate 1.055505, FFT length 131072
Starting work for Doppler shift rate 1.057353, FFT length 131072
Starting work for Doppler shift rate 1.057353, FFT length 65536
Starting work for Doppler shift rate 1.059202, FFT length 131072
Starting work for Doppler shift rate 1.061050, FFT length 131072
Starting work for Doppler shift rate 1.062899, FFT length 131072
Starting work for Doppler shift rate 1.064747, FFT length 131072
Starting work for Doppler shift rate 1.064747, FFT length 65536
Starting work for Doppler shift rate 1.064747, FFT length 32768
Starting work for Doppler shift rate 1.064747, FFT length 16384
... Searching for Gaussians
Starting work for Doppler shift rate 1.066596, FFT length 131072
Starting work for Doppler shift rate 1.068444, FFT length 131072
Starting work for Doppler shift rate 1.070293, FFT length 131072
Starting work for Doppler shift rate 1.072141, FFT length 131072
Starting work for Doppler shift rate 1.072141, FFT length 65536
Starting work for Doppler shift rate 1.073990, FFT length 131072
Starting work for Doppler shift rate 1.075838, FFT length 131072
Starting work for Doppler shift rate 1.077687, FFT length 131072
Starting work for Doppler shift rate 1.079535, FFT length 131072
Starting work for Doppler shift rate 1.079535, FFT length 65536
Starting work for Doppler shift rate 1.081384, FFT length 131072
Starting work for Doppler shift rate 1.083232, FFT length 131072
Starting work for Doppler shift rate 1.085081, FFT length 131072
Starting work for Doppler shift rate 1.086929, FFT length 131072
Starting work for Doppler shift rate 1.086929, FFT length 65536
Starting work for Doppler shift rate 1.088778, FFT length 131072
Starting work for Doppler shift rate 1.090626, FFT length 131072
Starting work for Doppler shift rate 1.092475, FFT length 131072
Starting work for Doppler shift rate 1.094324, FFT length 131072
Starting work for Doppler shift rate 1.094324, FFT length 65536
Starting work for Doppler shift rate 1.094324, FFT length 32768
Starting work for Doppler shift rate 1.096172, FFT length 131072
Starting work for Doppler shift rate 1.098021, FFT length 131072
Starting work for Doppler shift rate 1.099869, FFT length 131072
Starting work for Doppler shift rate 1.101718, FFT length 131072
Starting work for Doppler shift rate 1.101718, FFT length 65536
Starting work for Doppler shift rate 1.103566, FFT length 131072
Starting work for Doppler shift rate 1.105415, FFT length 131072
Starting work for Doppler shift rate 1.107263, FFT length 131072
Starting work for Doppler shift rate 1.109112, FFT length 131072
Starting work for Doppler shift rate 1.109112, FFT length 65536
Starting work for Doppler shift rate 1.110960, FFT length 131072
Starting work for Doppler shift rate 1.112809, FFT length 131072
Starting work for Doppler shift rate 1.114657, FFT length 131072
Starting work for Doppler shift rate 1.116506, FFT length 131072
Starting work for Doppler shift rate 1.116506, FFT length 65536
Starting work for Doppler shift rate 1.118354, FFT length 131072
Starting work for Doppler shift rate 1.120203, FFT length 131072
Starting work for Doppler shift rate 1.122051, FFT length 131072
Starting work for Doppler shift rate 1.123900, FFT length 131072
Starting work for Doppler shift rate 1.123900, FFT length 65536
Starting work for Doppler shift rate 1.123900, FFT length 32768
Starting work for Doppler shift rate 1.125748, FFT length 131072
Starting work for Doppler shift rate 1.127597, FFT length 131072
Starting work for Doppler shift rate 1.129445, FFT length 131072
Starting work for Doppler shift rate 1.131294, FFT length 131072
Starting work for Doppler shift rate 1.131294, FFT length 65536
Starting work for Doppler shift rate 1.133142, FFT length 131072
Starting work for Doppler shift rate 1.134991, FFT length 131072
Starting work for Doppler shift rate 1.136840, FFT length 131072
Starting work for Doppler shift rate 1.138688, FFT length 131072
Starting work for Doppler shift rate 1.138688, FFT length 65536
Starting work for Doppler shift rate 1.140537, FFT length 131072
Starting work for Doppler shift rate 1.142385, FFT length 131072
Starting work for Doppler shift rate 1.144234, FFT length 131072
Starting work for Doppler shift rate 1.146082, FFT length 131072
Starting work for Doppler shift rate 1.146082, FFT length 65536
Starting work for Doppler shift rate 1.147931, FFT length 131072
Starting work for Doppler shift rate 1.149779, FFT length 131072
Starting work for Doppler shift rate 1.151628, FFT length 131072
Starting work for Doppler shift rate 1.153476, FFT length 131072
Starting work for Doppler shift rate 1.153476, FFT length 65536
Starting work for Doppler shift rate 1.153476, FFT length 32768
Starting work for Doppler shift rate 1.155325, FFT length 131072
Starting work for Doppler shift rate 1.157173, FFT length 131072
Starting work for Doppler shift rate 1.159022, FFT length 131072
Starting work for Doppler shift rate 1.160870, FFT length 131072
Starting work for Doppler shift rate 1.160870, FFT length 65536
Starting work for Doppler shift rate 1.162719, FFT length 131072
Starting work for Doppler shift rate 1.164567, FFT length 131072
Starting work for Doppler shift rate 1.166416, FFT length 131072
Starting work for Doppler shift rate 1.168264, FFT length 131072
Starting work for Doppler shift rate 1.168264, FFT length 65536
Starting work for Doppler shift rate 1.170113, FFT length 131072
Starting work for Doppler shift rate 1.171961, FFT length 131072
Starting work for Doppler shift rate 1.173810, FFT length 131072
Starting work for Doppler shift rate 1.175658, FFT length 131072
Starting work for Doppler shift rate 1.175658, FFT length 65536
Starting work for Doppler shift rate 1.177507, FFT length 131072
Starting work for Doppler shift rate 1.179355, FFT length 131072
Starting work for Doppler shift rate 1.181204, FFT length 131072
Starting work for Doppler shift rate 1.183052, FFT length 131072
Starting work for Doppler shift rate 1.183052, FFT length 65536
Starting work for Doppler shift rate 1.183052, FFT length 32768
Starting work for Doppler shift rate 1.183052, FFT length 16384
... Searching for Gaussians
Starting work for Doppler shift rate 1.184901, FFT length 131072
Starting work for Doppler shift rate 1.186749, FFT length 131072
Starting work for Doppler shift rate 1.188598, FFT length 131072
Starting work for Doppler shift rate 1.190446, FFT length 131072
Starting work for Doppler shift rate 1.190446, FFT length 65536
Starting work for Doppler shift rate 1.192295, FFT length 131072
Starting work for Doppler shift rate 1.194144, FFT length 131072
Starting work for Doppler shift rate 1.195992, FFT length 131072
Starting work for Doppler shift rate 1.197841, FFT length 131072
Starting work for Doppler shift rate 1.197841, FFT length 65536
Starting work for Doppler shift rate 1.199689, FFT length 131072
Starting work for Doppler shift rate 1.201538, FFT length 131072
Starting work for Doppler shift rate 1.203386, FFT length 131072
Starting work for Doppler shift rate 1.205235, FFT length 131072
Starting work for Doppler shift rate 1.205235, FFT length 65536
Starting work for Doppler shift rate 1.207083, FFT length 131072
Starting work for Doppler shift rate 1.208932, FFT length 131072
Starting work for Doppler shift rate 1.210780, FFT length 131072
Starting work for Doppler shift rate 1.212629, FFT length 131072
Starting work for Doppler shift rate 1.212629, FFT length 65536
Starting work for Doppler shift rate 1.212629, FFT length 32768
Starting work for Doppler shift rate 1.214477, FFT length 131072
Starting work for Doppler shift rate 1.216326, FFT length 131072
Starting work for Doppler shift rate 1.218174, FFT length 131072
Starting work for Doppler shift rate 1.220023, FFT length 131072
Starting work for Doppler shift rate 1.220023, FFT length 65536
Starting work for Doppler shift rate 1.221871, FFT length 131072
Starting work for Doppler shift rate 1.223720, FFT length 131072
Starting work for Doppler shift rate 1.225568, FFT length 131072
Starting work for Doppler shift rate 1.227417, FFT length 131072
Starting work for Doppler shift rate 1.227417, FFT length 65536
Starting work for Doppler shift rate 1.229265, FFT length 131072
Starting work for Doppler shift rate 1.231114, FFT length 131072
Starting work for Doppler shift rate 1.232962, FFT length 131072
Starting work for Doppler shift rate 1.234811, FFT length 131072
Starting work for Doppler shift rate 1.234811, FFT length 65536
Starting work for Doppler shift rate 1.236660, FFT length 131072
Starting work for Doppler shift rate 1.238508, FFT length 131072
Starting work for Doppler shift rate 1.240357, FFT length 131072
Starting work for Doppler shift rate 1.242205, FFT length 131072
Starting work for Doppler shift rate 1.242205, FFT length 65536
Starting work for Doppler shift rate 1.242205, FFT length 32768
Starting work for Doppler shift rate 1.244054, FFT length 131072
Starting work for Doppler shift rate 1.245902, FFT length 131072
Starting work for Doppler shift rate 1.247751, FFT length 131072
Starting work for Doppler shift rate 1.249599, FFT length 131072
Starting work for Doppler shift rate 1.249599, FFT length 65536
Starting work for Doppler shift rate 1.251448, FFT length 131072
Starting work for Doppler shift rate 1.253296, FFT length 131072
Starting work for Doppler shift rate 1.255145, FFT length 131072
Starting work for Doppler shift rate 1.256993, FFT length 131072
Starting work for Doppler shift rate 1.256993, FFT length 65536
Starting work for Doppler shift rate 1.258842, FFT length 131072
Starting work for Doppler shift rate 1.260690, FFT length 131072
Starting work for Doppler shift rate 1.262539, FFT length 131072
Starting work for Doppler shift rate 1.264387, FFT length 131072
Starting work for Doppler shift rate 1.264387, FFT length 65536
Starting work for Doppler shift rate 1.266236, FFT length 131072
Starting work for Doppler shift rate 1.268084, FFT length 131072
Starting work for Doppler shift rate 1.269933, FFT length 131072
Starting work for Doppler shift rate 1.271781, FFT length 131072
Starting work for Doppler shift rate 1.271781, FFT length 65536
Starting work for Doppler shift rate 1.271781, FFT length 32768
Starting work for Doppler shift rate 1.273630, FFT length 131072
Starting work for Doppler shift rate 1.275478, FFT length 131072
Starting work for Doppler shift rate 1.277327, FFT length 131072
Starting work for Doppler shift rate 1.279176, FFT length 131072
Starting work for Doppler shift rate 1.279176, FFT length 65536
Starting work for Doppler shift rate 1.281024, FFT length 131072
Starting work for Doppler shift rate 1.282873, FFT length 131072
Starting work for Doppler shift rate 1.284721, FFT length 131072
Starting work for Doppler shift rate 1.286570, FFT length 131072
Starting work for Doppler shift rate 1.286570, FFT length 65536
Starting work for Doppler shift rate 1.288418, FFT length 131072
Starting work for Doppler shift rate 1.290267, FFT length 131072
Starting work for Doppler shift rate 1.292115, FFT length 131072
Starting work for Doppler shift rate 1.293964, FFT length 131072
Starting work for Doppler shift rate 1.293964, FFT length 65536
Starting work for Doppler shift rate 1.295812, FFT length 131072
Starting work for Doppler shift rate 1.297661, FFT length 131072
Starting work for Doppler shift rate 1.299509, FFT length 131072
Starting work for Doppler shift rate 1.301358, FFT length 131072
Starting work for Doppler shift rate 1.301358, FFT length 65536
Starting work for Doppler shift rate 1.301358, FFT length 32768
Starting work for Doppler shift rate 1.301358, FFT length 16384
... Searching for Gaussians
Starting work for Doppler shift rate 1.303206, FFT length 131072
Starting work for Doppler shift rate 1.305055, FFT length 131072
Starting work for Doppler shift rate 1.306903, FFT length 131072
Starting work for Doppler shift rate 1.308752, FFT length 131072
Starting work for Doppler shift rate 1.308752, FFT length 65536
Starting work for Doppler shift rate 1.310600, FFT length 131072
Starting work for Doppler shift rate 1.312449, FFT length 131072
Starting work for Doppler shift rate 1.314297, FFT length 131072
Starting work for Doppler shift rate 1.316146, FFT length 131072
Starting work for Doppler shift rate 1.316146, FFT length 65536
Starting work for Doppler shift rate 1.317994, FFT length 131072
Starting work for Doppler shift rate 1.319843, FFT length 131072
Starting work for Doppler shift rate 1.321691, FFT length 131072
Starting work for Doppler shift rate 1.323540, FFT length 131072
Starting work for Doppler shift rate 1.323540, FFT length 65536
Starting work for Doppler shift rate 1.325388, FFT length 131072
Starting work for Doppler shift rate 1.327237, FFT length 131072
Starting work for Doppler shift rate 1.329085, FFT length 131072
Starting work for Doppler shift rate 1.330934, FFT length 131072
Starting work for Doppler shift rate 1.330934, FFT length 65536
Starting work for Doppler shift rate 1.330934, FFT length 32768
Starting work for Doppler shift rate 1.332783, FFT length 131072
Starting work for Doppler shift rate 1.334631, FFT length 131072
Starting work for Doppler shift rate 1.336480, FFT length 131072
Starting work for Doppler shift rate 1.338328, FFT length 131072
Starting work for Doppler shift rate 1.338328, FFT length 65536
Starting work for Doppler shift rate 1.340177, FFT length 131072
Starting work for Doppler shift rate 1.342025, FFT length 131072
Starting work for Doppler shift rate 1.343874, FFT length 131072
Starting work for Doppler shift rate 1.345722, FFT length 131072
Starting work for Doppler shift rate 1.345722, FFT length 65536
Starting work for Doppler shift rate 1.347571, FFT length 131072
Starting work for Doppler shift rate 1.349419, FFT length 131072
7.355656% done
Starting work for Doppler shift rate 1.351268, FFT length 131072
Starting work for Doppler shift rate 1.353116, FFT length 131072
Starting work for Doppler shift rate 1.353116, FFT length 65536
Starting work for Doppler shift rate 1.354965, FFT length 131072
Starting work for Doppler shift rate 1.356813, FFT length 131072
Starting work for Doppler shift rate 1.358662, FFT length 131072
Starting work for Doppler shift rate 1.360510, FFT length 131072
Starting work for Doppler shift rate 1.360510, FFT length 65536
Starting work for Doppler shift rate 1.360510, FFT length 32768
Starting work for Doppler shift rate 1.362359, FFT length 131072
Starting work for Doppler shift rate 1.364207, FFT length 131072
Starting work for Doppler shift rate 1.366056, FFT length 131072
Starting work for Doppler shift rate 1.367904, FFT length 131072
Starting work for Doppler shift rate 1.367904, FFT length 65536
Starting work for Doppler shift rate 1.369753, FFT length 131072
Starting work for Doppler shift rate 1.371601, FFT length 131072
Starting work for Doppler shift rate 1.373450, FFT length 131072
Starting work for Doppler shift rate 1.375299, FFT length 131072
Starting work for Doppler shift rate 1.375299, FFT length 65536
Starting work for Doppler shift rate 1.377147, FFT length 131072
Starting work for Doppler shift rate 1.378996, FFT length 131072
Starting work for Doppler shift rate 1.380844, FFT length 131072
Starting work for Doppler shift rate 1.382693, FFT length 131072
Starting work for Doppler shift rate 1.382693, FFT length 65536
Starting work for Doppler shift rate 1.384541, FFT length 131072
Starting work for Doppler shift rate 1.386390, FFT length 131072
Starting work for Doppler shift rate 1.388238, FFT length 131072
Starting work for Doppler shift rate 1.390087, FFT length 131072
Starting work for Doppler shift rate 1.390087, FFT length 65536
Starting work for Doppler shift rate 1.390087, FFT length 32768
Starting work for Doppler shift rate 1.391935, FFT length 131072
Starting work for Doppler shift rate 1.393784, FFT length 131072
Starting work for Doppler shift rate 1.395632, FFT length 131072
Starting work for Doppler shift rate 1.397481, FFT length 131072
Starting work for Doppler shift rate 1.397481, FFT length 65536
Starting work for Doppler shift rate 1.399329, FFT length 131072
Starting work for Doppler shift rate 1.401178, FFT length 131072
Starting work for Doppler shift rate 1.403026, FFT length 131072
Starting work for Doppler shift rate 1.404875, FFT length 131072
Starting work for Doppler shift rate 1.404875, FFT length 65536
Starting work for Doppler shift rate 1.406723, FFT length 131072
Starting work for Doppler shift rate 1.408572, FFT length 131072
Starting work for Doppler shift rate 1.410420, FFT length 131072
Starting work for Doppler shift rate 1.412269, FFT length 131072
Starting work for Doppler shift rate 1.412269, FFT length 65536
Starting work for Doppler shift rate 1.414117, FFT length 131072
Starting work for Doppler shift rate 1.415966, FFT length 131072
Starting work for Doppler shift rate 1.417814, FFT length 131072
Starting work for Doppler shift rate 1.419663, FFT length 131072
Starting work for Doppler shift rate 1.419663, FFT length 65536
Starting work for Doppler shift rate 1.419663, FFT length 32768
Starting work for Doppler shift rate 1.419663, FFT length 16384
... Searching for Gaussians
Starting work for Doppler shift rate 1.419663, FFT length 8192
... Searching for Gaussians
... Searching for Pulses
Starting work for Doppler shift rate 1.421511, FFT length 131072
Starting work for Doppler shift rate 1.423360, FFT length 131072
Starting work for Doppler shift rate 1.425208, FFT length 131072
Starting work for Doppler shift rate 1.427057, FFT length 131072
Starting work for Doppler shift rate 1.427057, FFT length 65536
Starting work for Doppler shift rate 1.428905, FFT length 131072
Starting work for Doppler shift rate 1.430754, FFT length 131072
Starting work for Doppler shift rate 1.432603, FFT length 131072
Starting work for Doppler shift rate 1.434451, FFT length 131072
Starting work for Doppler shift rate 1.434451, FFT length 65536
Starting work for Doppler shift rate 1.436300, FFT length 131072
Starting work for Doppler shift rate 1.438148, FFT length 131072
Starting work for Doppler shift rate 1.439997, FFT length 131072
Starting work for Doppler shift rate 1.441845, FFT length 131072
Starting work for Doppler shift rate 1.441845, FFT length 65536
Starting work for Doppler shift rate 1.443694, FFT length 131072
Starting work for Doppler shift rate 1.445542, FFT length 131072
Starting work for Doppler shift rate 1.447391, FFT length 131072
Starting work for Doppler shift rate 1.449239, FFT length 131072
Starting work for Doppler shift rate 1.449239, FFT length 65536
Starting work for Doppler shift rate 1.449239, FFT length 32768
Starting work for Doppler shift rate 1.451088, FFT length 131072
Starting work for Doppler shift rate 1.452936, FFT length 131072
Starting work for Doppler shift rate 1.454785, FFT length 131072
Starting work for Doppler shift rate 1.456633, FFT length 131072
Starting work for Doppler shift rate 1.456633, FFT length 65536
Starting work for Doppler shift rate 1.458482, FFT length 131072
Starting work for Doppler shift rate 1.460330, FFT length 131072
Starting work for Doppler shift rate 1.462179, FFT length 131072
Starting work for Doppler shift rate 1.464027, FFT length 131072
Starting work for Doppler shift rate 1.464027, FFT length 65536
Starting work for Doppler shift rate 1.465876, FFT length 131072
Starting work for Doppler shift rate 1.467724, FFT length 131072
Starting work for Doppler shift rate 1.469573, FFT length 131072
Starting work for Doppler shift rate 1.471421, FFT length 131072
Starting work for Doppler shift rate 1.471421, FFT length 65536
Starting work for Doppler shift rate 1.473270, FFT length 131072
Starting work for Doppler shift rate 1.475119, FFT length 131072
Starting work for Doppler shift rate 1.476967, FFT length 131072
Starting work for Doppler shift rate 1.478816, FFT length 131072
Starting work for Doppler shift rate 1.478816, FFT length 65536
Starting work for Doppler shift rate 1.478816, FFT length 32768
Starting work for Doppler shift rate 1.480664, FFT length 131072
Starting work for Doppler shift rate 1.482513, FFT length 131072
Starting work for Doppler shift rate 1.484361, FFT length 131072
Starting work for Doppler shift rate 1.486210, FFT length 131072
Starting work for Doppler shift rate 1.486210, FFT length 65536
Starting work for Doppler shift rate 1.488058, FFT length 131072
Starting work for Doppler shift rate 1.489907, FFT length 131072
Starting work for Doppler shift rate 1.491755, FFT length 131072
Starting work for Doppler shift rate 1.493604, FFT length 131072
Starting work for Doppler shift rate 1.493604, FFT length 65536
Starting work for Doppler shift rate 1.495452, FFT length 131072
Starting work for Doppler shift rate 1.497301, FFT length 131072
Starting work for Doppler shift rate 1.499149, FFT length 131072
Starting work for Doppler shift rate 1.500998, FFT length 131072
Starting work for Doppler shift rate 1.500998, FFT length 65536
Starting work for Doppler shift rate 1.502846, FFT length 131072
Starting work for Doppler shift rate 1.504695, FFT length 131072
Starting work for Doppler shift rate 1.506543, FFT length 131072
Starting work for Doppler shift rate 1.508392, FFT length 131072
Starting work for Doppler shift rate 1.508392, FFT length 65536
Starting work for Doppler shift rate 1.508392, FFT length 32768
Starting work for Doppler shift rate 1.510240, FFT length 131072
Starting work for Doppler shift rate 1.512089, FFT length 131072
Starting work for Doppler shift rate 1.513937, FFT length 131072
Starting work for Doppler shift rate 1.515786, FFT length 131072
Starting work for Doppler shift rate 1.515786, FFT length 65536
Starting work for Doppler shift rate 1.517635, FFT length 131072
Starting work for Doppler shift rate 1.519483, FFT length 131072
Starting work for Doppler shift rate 1.521332, FFT length 131072
Starting work for Doppler shift rate 1.523180, FFT length 131072
Starting work for Doppler shift rate 1.523180, FFT length 65536
Starting work for Doppler shift rate 1.525029, FFT length 131072
Starting work for Doppler shift rate 1.526877, FFT length 131072
Starting work for Doppler shift rate 1.528726, FFT length 131072
Starting work for Doppler shift rate 1.530574, FFT length 131072
Starting work for Doppler shift rate 1.530574, FFT length 65536
Starting work for Doppler shift rate 1.532423, FFT length 131072
Starting work for Doppler shift rate 1.534271, FFT length 131072
Starting work for Doppler shift rate 1.536120, FFT length 131072
Starting work for Doppler shift rate 1.537968, FFT length 131072
Starting work for Doppler shift rate 1.537968, FFT length 65536
Starting work for Doppler shift rate 1.537968, FFT length 32768
Starting work for Doppler shift rate 1.537968, FFT length 16384
... Searching for Gaussians
Starting work for Doppler shift rate 1.539817, FFT length 131072
Starting work for Doppler shift rate 1.541665, FFT length 131072
Starting work for Doppler shift rate 1.543514, FFT length 131072
Starting work for Doppler shift rate 1.545362, FFT length 131072
Starting work for Doppler shift rate 1.545362, FFT length 65536
Starting work for Doppler shift rate 1.547211, FFT length 131072
Starting work for Doppler shift rate 1.549059, FFT length 131072
Starting work for Doppler shift rate 1.550908, FFT length 131072
Starting work for Doppler shift rate 1.552756, FFT length 131072
Starting work for Doppler shift rate 1.552756, FFT length 65536
Starting work for Doppler shift rate 1.554605, FFT length 131072
Starting work for Doppler shift rate 1.556453, FFT length 131072
Starting work for Doppler shift rate 1.558302, FFT length 131072
Starting work for Doppler shift rate 1.560150, FFT length 131072
Starting work for Doppler shift rate 1.560150, FFT length 65536
Starting work for Doppler shift rate 1.561999, FFT length 131072
Starting work for Doppler shift rate 1.563847, FFT length 131072
Starting work for Doppler shift rate 1.565696, FFT length 131072
Starting work for Doppler shift rate 1.567544, FFT length 131072
Starting work for Doppler shift rate 1.567544, FFT length 65536
Starting work for Doppler shift rate 1.567544, FFT length 32768
Starting work for Doppler shift rate 1.569393, FFT length 131072
Starting work for Doppler shift rate 1.571241, FFT length 131072
Starting work for Doppler shift rate 1.573090, FFT length 131072
Starting work for Doppler shift rate 1.574939, FFT length 131072
Starting work for Doppler shift rate 1.574939, FFT length 65536
Starting work for Doppler shift rate 1.576787, FFT length 131072
Starting work for Doppler shift rate 1.578636, FFT length 131072
Starting work for Doppler shift rate 1.580484, FFT length 131072
Starting work for Doppler shift rate 1.582333, FFT length 131072
Starting work for Doppler shift rate 1.582333, FFT length 65536
Starting work for Doppler shift rate 1.584181, FFT length 131072
Starting work for Doppler shift rate 1.586030, FFT length 131072
Starting work for Doppler shift rate 1.587878, FFT length 131072
Starting work for Doppler shift rate 1.589727, FFT length 131072
Starting work for Doppler shift rate 1.589727, FFT length 65536
Starting work for Doppler shift rate 1.591575, FFT length 131072
Starting work for Doppler shift rate 1.593424, FFT length 131072
Starting work for Doppler shift rate 1.595272, FFT length 131072
Starting work for Doppler shift rate 1.597121, FFT length 131072
Starting work for Doppler shift rate 1.597121, FFT length 65536
Starting work for Doppler shift rate 1.597121, FFT length 32768
Starting work for Doppler shift rate 1.598969, FFT length 131072
Starting work for Doppler shift rate 1.600818, FFT length 131072
Starting work for Doppler shift rate 1.602666, FFT length 131072
Starting work for Doppler shift rate 1.604515, FFT length 131072
Starting work for Doppler shift rate 1.604515, FFT length 65536
Starting work for Doppler shift rate 1.606363, FFT length 131072
Starting work for Doppler shift rate 1.608212, FFT length 131072
Starting work for Doppler shift rate 1.610060, FFT length 131072
Starting work for Doppler shift rate 1.611909, FFT length 131072
Starting work for Doppler shift rate 1.611909, FFT length 65536
Starting work for Doppler shift rate 1.613757, FFT length 131072
Starting work for Doppler shift rate 1.615606, FFT length 131072
Starting work for Doppler shift rate 1.617455, FFT length 131072
Starting work for Doppler shift rate 1.619303, FFT length 131072
Starting work for Doppler shift rate 1.619303, FFT length 65536
Starting work for Doppler shift rate 1.621152, FFT length 131072
Starting work for Doppler shift rate 1.623000, FFT length 131072
Starting work for Doppler shift rate 1.624849, FFT length 131072
Starting work for Doppler shift rate 1.626697, FFT length 131072
Starting work for Doppler shift rate 1.626697, FFT length 65536
Starting work for Doppler shift rate 1.626697, FFT length 32768
Starting work for Doppler shift rate 1.628546, FFT length 131072
Starting work for Doppler shift rate 1.630394, FFT length 131072
Starting work for Doppler shift rate 1.632243, FFT length 131072
Starting work for Doppler shift rate 1.634091, FFT length 131072
Starting work for Doppler shift rate 1.634091, FFT length 65536
Starting work for Doppler shift rate 1.635940, FFT length 131072
Starting work for Doppler shift rate 1.637788, FFT length 131072
Starting work for Doppler shift rate 1.639637, FFT length 131072
Starting work for Doppler shift rate 1.641485, FFT length 131072
Starting work for Doppler shift rate 1.641485, FFT length 65536
Starting work for Doppler shift rate 1.643334, FFT length 131072
Starting work for Doppler shift rate 1.645182, FFT length 131072
Starting work for Doppler shift rate 1.647031, FFT length 131072
Starting work for Doppler shift rate 1.648879, FFT length 131072
Starting work for Doppler shift rate 1.648879, FFT length 65536
Starting work for Doppler shift rate 1.650728, FFT length 131072
Starting work for Doppler shift rate 1.652576, FFT length 131072
Starting work for Doppler shift rate 1.654425, FFT length 131072
Starting work for Doppler shift rate 1.656273, FFT length 131072
Starting work for Doppler shift rate 1.656273, FFT length 65536
Starting work for Doppler shift rate 1.656273, FFT length 32768
Starting work for Doppler shift rate 1.656273, FFT length 16384
... Searching for Gaussians
Starting work for Doppler shift rate 1.658122, FFT length 131072
Starting work for Doppler shift rate 1.659971, FFT length 131072
Starting work for Doppler shift rate 1.661819, FFT length 131072
Starting work for Doppler shift rate 1.663668, FFT length 131072
Starting work for Doppler shift rate 1.663668, FFT length 65536
Starting work for Doppler shift rate 1.665516, FFT length 131072
Starting work for Doppler shift rate 1.667365, FFT length 131072
Starting work for Doppler shift rate 1.669213, FFT length 131072
Starting work for Doppler shift rate 1.671062, FFT length 131072
Starting work for Doppler shift rate 1.671062, FFT length 65536
Starting work for Doppler shift rate 1.672910, FFT length 131072
Starting work for Doppler shift rate 1.674759, FFT length 131072
Starting work for Doppler shift rate 1.676607, FFT length 131072
Starting work for Doppler shift rate 1.678456, FFT length 131072
Starting work for Doppler shift rate 1.678456, FFT length 65536
Starting work for Doppler shift rate 1.680304, FFT length 131072
Starting work for Doppler shift rate 1.682153, FFT length 131072
Starting work for Doppler shift rate 1.684001, FFT length 131072
Starting work for Doppler shift rate 1.685850, FFT length 131072
Starting work for Doppler shift rate 1.685850, FFT length 65536
Starting work for Doppler shift rate 1.685850, FFT length 32768
Starting work for Doppler shift rate 1.687698, FFT length 131072
Starting work for Doppler shift rate 1.689547, FFT length 131072
Starting work for Doppler shift rate 1.691395, FFT length 131072
Starting work for Doppler shift rate 1.693244, FFT length 131072
Starting work for Doppler shift rate 1.693244, FFT length 65536
Starting work for Doppler shift rate 1.695092, FFT length 131072
Starting work for Doppler shift rate 1.696941, FFT length 131072
Starting work for Doppler shift rate 1.698789, FFT length 131072
Starting work for Doppler shift rate 1.700638, FFT length 131072
Starting work for Doppler shift rate 1.700638, FFT length 65536
Starting work for Doppler shift rate 1.702486, FFT length 131072
Starting work for Doppler shift rate 1.704335, FFT length 131072
Starting work for Doppler shift rate 1.706183, FFT length 131072
Starting work for Doppler shift rate 1.708032, FFT length 131072
Starting work for Doppler shift rate 1.708032, FFT length 65536
Starting work for Doppler shift rate 1.709880, FFT length 131072
Starting work for Doppler shift rate 1.711729, FFT length 131072
Starting work for Doppler shift rate 1.713578, FFT length 131072
Starting work for Doppler shift rate 1.715426, FFT length 131072
Starting work for Doppler shift rate 1.715426, FFT length 65536
Starting work for Doppler shift rate 1.715426, FFT length 32768
Starting work for Doppler shift rate 1.717275, FFT length 131072
Starting work for Doppler shift rate 1.719123, FFT length 131072
Starting work for Doppler shift rate 1.720972, FFT length 131072
Starting work for Doppler shift rate 1.722820, FFT length 131072
Starting work for Doppler shift rate 1.722820, FFT length 65536
Starting work for Doppler shift rate 1.724669, FFT length 131072
Starting work for Doppler shift rate 1.726517, FFT length 131072
Starting work for Doppler shift rate 1.728366, FFT length 131072
Starting work for Doppler shift rate 1.730214, FFT length 131072
Starting work for Doppler shift rate 1.730214, FFT length 65536
Starting work for Doppler shift rate 1.732063, FFT length 131072
Starting work for Doppler shift rate 1.733911, FFT length 131072
Starting work for Doppler shift rate 1.735760, FFT length 131072
Starting work for Doppler shift rate 1.737608, FFT length 131072
Starting work for Doppler shift rate 1.737608, FFT length 65536
Starting work for Doppler shift rate 1.739457, FFT length 131072
Starting work for Doppler shift rate 1.741305, FFT length 131072
Starting work for Doppler shift rate 1.743154, FFT length 131072
Starting work for Doppler shift rate 1.745002, FFT length 131072
Starting work for Doppler shift rate 1.745002, FFT length 65536
Starting work for Doppler shift rate 1.745002, FFT length 32768
Starting work for Doppler shift rate 1.746851, FFT length 131072
Starting work for Doppler shift rate 1.748699, FFT length 131072
Starting work for Doppler shift rate 1.750548, FFT length 131072
Starting work for Doppler shift rate 1.752396, FFT length 131072
Starting work for Doppler shift rate 1.752396, FFT length 65536
Starting work for Doppler shift rate 1.754245, FFT length 131072
Starting work for Doppler shift rate 1.756094, FFT length 131072
Starting work for Doppler shift rate 1.757942, FFT length 131072
Starting work for Doppler shift rate 1.759791, FFT length 131072
Starting work for Doppler shift rate 1.759791, FFT length 65536
Starting work for Doppler shift rate 1.761639, FFT length 131072
Starting work for Doppler shift rate 1.763488, FFT length 131072
Starting work for Doppler shift rate 1.765336, FFT length 131072
Starting work for Doppler shift rate 1.767185, FFT length 131072
Starting work for Doppler shift rate 1.767185, FFT length 65536
Starting work for Doppler shift rate 1.769033, FFT length 131072
Starting work for Doppler shift rate 1.770882, FFT length 131072
Starting work for Doppler shift rate 1.772730, FFT length 131072
Starting work for Doppler shift rate 1.774579, FFT length 131072
Starting work for Doppler shift rate 1.774579, FFT length 65536
Starting work for Doppler shift rate 1.774579, FFT length 32768
Starting work for Doppler shift rate 1.774579, FFT length 16384
... Searching for Gaussians
Starting work for Doppler shift rate 1.776427, FFT length 131072
Starting work for Doppler shift rate 1.778276, FFT length 131072
Starting work for Doppler shift rate 1.780124, FFT length 131072
Starting work for Doppler shift rate 1.781973, FFT length 131072
Starting work for Doppler shift rate 1.781973, FFT length 65536
Starting work for Doppler shift rate 1.783821, FFT length 131072
Starting work for Doppler shift rate 1.785670, FFT length 131072
Starting work for Doppler shift rate 1.787518, FFT length 131072
Starting work for Doppler shift rate 1.789367, FFT length 131072
Starting work for Doppler shift rate 1.789367, FFT length 65536
Starting work for Doppler shift rate 1.791215, FFT length 131072
Starting work for Doppler shift rate 1.793064, FFT length 131072
Starting work for Doppler shift rate 1.794912, FFT length 131072
Starting work for Doppler shift rate 1.796761, FFT length 131072
Starting work for Doppler shift rate 1.796761, FFT length 65536
Starting work for Doppler shift rate 1.798609, FFT length 131072
Starting work for Doppler shift rate 1.800458, FFT length 131072
Starting work for Doppler shift rate 1.802306, FFT length 131072
Starting work for Doppler shift rate 1.804155, FFT length 131072
Starting work for Doppler shift rate 1.804155, FFT length 65536
Starting work for Doppler shift rate 1.804155, FFT length 32768
Starting work for Doppler shift rate 1.806003, FFT length 131072
Starting work for Doppler shift rate 1.807852, FFT length 131072
Starting work for Doppler shift rate 1.809700, FFT length 131072
Starting work for Doppler shift rate 1.811549, FFT length 131072
Starting work for Doppler shift rate 1.811549, FFT length 65536
Starting work for Doppler shift rate 1.813398, FFT length 131072
Starting work for Doppler shift rate 1.815246, FFT length 131072
Starting work for Doppler shift rate 1.817095, FFT length 131072
Starting work for Doppler shift rate 1.818943, FFT length 131072
Starting work for Doppler shift rate 1.818943, FFT length 65536
Starting work for Doppler shift rate 1.820792, FFT length 131072
Starting work for Doppler shift rate 1.822640, FFT length 131072
Starting work for Doppler shift rate 1.824489, FFT length 131072
Starting work for Doppler shift rate 1.826337, FFT length 131072
Starting work for Doppler shift rate 1.826337, FFT length 65536
Starting work for Doppler shift rate 1.828186, FFT length 131072
Starting work for Doppler shift rate 1.830034, FFT length 131072
Starting work for Doppler shift rate 1.831883, FFT length 131072
Starting work for Doppler shift rate 1.833731, FFT length 131072
Starting work for Doppler shift rate 1.833731, FFT length 65536
Starting work for Doppler shift rate 1.833731, FFT length 32768
Starting work for Doppler shift rate 1.835580, FFT length 131072
Starting work for Doppler shift rate 1.837428, FFT length 131072
Starting work for Doppler shift rate 1.839277, FFT length 131072
Starting work for Doppler shift rate 1.841125, FFT length 131072
Starting work for Doppler shift rate 1.841125, FFT length 65536
Starting work for Doppler shift rate 1.842974, FFT length 131072
Starting work for Doppler shift rate 1.844822, FFT length 131072
Starting work for Doppler shift rate 1.846671, FFT length 131072
Starting work for Doppler shift rate 1.848519, FFT length 131072
Starting work for Doppler shift rate 1.848519, FFT length 65536
Doing baseline smoothing.
Starting work for Doppler shift rate 1.850368, FFT length 131072
Starting work for Doppler shift rate 1.852216, FFT length 131072
8.356783% done
Starting work for Doppler shift rate 1.854065, FFT length 131072
Starting work for Doppler shift rate 1.855914, FFT length 131072
Starting work for Doppler shift rate 1.855914, FFT length 65536
Starting work for Doppler shift rate 1.857762, FFT length 131072
Starting work for Doppler shift rate 1.859611, FFT length 131072
Starting work for Doppler shift rate 1.861459, FFT length 131072
Starting work for Doppler shift rate 1.863308, FFT length 131072
Starting work for Doppler shift rate 1.863308, FFT length 65536
Starting work for Doppler shift rate 1.863308, FFT length 32768
Starting work for Doppler shift rate 1.865156, FFT length 131072
Starting work for Doppler shift rate 1.867005, FFT length 131072
Starting work for Doppler shift rate 1.868853, FFT length 131072
Starting work for Doppler shift rate 1.870702, FFT length 131072
Starting work for Doppler shift rate 1.870702, FFT length 65536
Starting work for Doppler shift rate 1.872550, FFT length 131072
Starting work for Doppler shift rate 1.874399, FFT length 131072
Starting work for Doppler shift rate 1.876247, FFT length 131072
Starting work for Doppler shift rate 1.878096, FFT length 131072
Starting work for Doppler shift rate 1.878096, FFT length 65536
Starting work for Doppler shift rate 1.879944, FFT length 131072
Starting work for Doppler shift rate 1.881793, FFT length 131072
Starting work for Doppler shift rate 1.883641, FFT length 131072
Starting work for Doppler shift rate 1.885490, FFT length 131072
Starting work for Doppler shift rate 1.885490, FFT length 65536
Starting work for Doppler shift rate 1.887338, FFT length 131072
Starting work for Doppler shift rate 1.889187, FFT length 131072
Starting work for Doppler shift rate 1.891035, FFT length 131072
Starting work for Doppler shift rate 1.892884, FFT length 131072
Starting work for Doppler shift rate 1.892884, FFT length 65536
Starting work for Doppler shift rate 1.892884, FFT length 32768
Starting work for Doppler shift rate 1.892884, FFT length 16384
... Searching for Gaussians
Starting work for Doppler shift rate 1.892884, FFT length 8192
... Searching for Gaussians
... Searching for Pulses
Starting work for Doppler shift rate 1.892884, FFT length 4096
... Searching for Gaussians
... Searching for Pulses
Starting work for Doppler shift rate 1.894732, FFT length 131072
Starting work for Doppler shift rate 1.896581, FFT length 131072
Starting work for Doppler shift rate 1.898430, FFT length 131072
Starting work for Doppler shift rate 1.900278, FFT length 131072
Starting work for Doppler shift rate 1.900278, FFT length 65536
Starting work for Doppler shift rate 1.902127, FFT length 131072
Starting work for Doppler shift rate 1.903975, FFT length 131072
Starting work for Doppler shift rate 1.905824, FFT length 131072
Starting work for Doppler shift rate 1.907672, FFT length 131072
Starting work for Doppler shift rate 1.907672, FFT length 65536
Starting work for Doppler shift rate 1.909521, FFT length 131072
Starting work for Doppler shift rate 1.911369, FFT length 131072
Starting work for Doppler shift rate 1.913218, FFT length 131072
Starting work for Doppler shift rate 1.915066, FFT length 131072
Starting work for Doppler shift rate 1.915066, FFT length 65536
Starting work for Doppler shift rate 1.916915, FFT length 131072
Starting work for Doppler shift rate 1.918763, FFT length 131072
Starting work for Doppler shift rate 1.920612, FFT length 131072
Starting work for Doppler shift rate 1.922460, FFT length 131072
Starting work for Doppler shift rate 1.922460, FFT length 65536
Starting work for Doppler shift rate 1.922460, FFT length 32768
Starting work for Doppler shift rate 1.924309, FFT length 131072
Starting work for Doppler shift rate 1.926157, FFT length 131072
Starting work for Doppler shift rate 1.928006, FFT length 131072
Starting work for Doppler shift rate 1.929854, FFT length 131072
Starting work for Doppler shift rate 1.929854, FFT length 65536
Starting work for Doppler shift rate 1.931703, FFT length 131072
Starting work for Doppler shift rate 1.933551, FFT length 131072
Starting work for Doppler shift rate 1.935400, FFT length 131072
Starting work for Doppler shift rate 1.937248, FFT length 131072
Starting work for Doppler shift rate 1.937248, FFT length 65536
Starting work for Doppler shift rate 1.939097, FFT length 131072
Starting work for Doppler shift rate 1.940945, FFT length 131072
Starting work for Doppler shift rate 1.942794, FFT length 131072
Starting work for Doppler shift rate 1.944642, FFT length 131072
Starting work for Doppler shift rate 1.944642, FFT length 65536
Starting work for Doppler shift rate 1.946491, FFT length 131072
Starting work for Doppler shift rate 1.948339, FFT length 131072
Starting work for Doppler shift rate 1.950188, FFT length 131072
Starting work for Doppler shift rate 1.952036, FFT length 131072
Starting work for Doppler shift rate 1.952036, FFT length 65536
Starting work for Doppler shift rate 1.952036, FFT length 32768
Starting work for Doppler shift rate 1.953885, FFT length 131072
Starting work for Doppler shift rate 1.955734, FFT length 131072
Starting work for Doppler shift rate 1.957582, FFT length 131072
Starting work for Doppler shift rate 1.959431, FFT length 131072
Starting work for Doppler shift rate 1.959431, FFT length 65536
Starting work for Doppler shift rate 1.961279, FFT length 131072
Starting work for Doppler shift rate 1.963128, FFT length 131072
Starting work for Doppler shift rate 1.964976, FFT length 131072
Starting work for Doppler shift rate 1.966825, FFT length 131072
Starting work for Doppler shift rate 1.966825, FFT length 65536
Starting work for Doppler shift rate 1.968673, FFT length 131072
Starting work for Doppler shift rate 1.970522, FFT length 131072
Starting work for Doppler shift rate 1.972370, FFT length 131072
Starting work for Doppler shift rate 1.974219, FFT length 131072
Starting work for Doppler shift rate 1.974219, FFT length 65536
Starting work for Doppler shift rate 1.976067, FFT length 131072
Starting work for Doppler shift rate 1.977916, FFT length 131072
Starting work for Doppler shift rate 1.979764, FFT length 131072
Starting work for Doppler shift rate 1.981613, FFT length 131072
Starting work for Doppler shift rate 1.981613, FFT length 65536
Starting work for Doppler shift rate 1.981613, FFT length 32768
Starting work for Doppler shift rate 1.983461, FFT length 131072
Starting work for Doppler shift rate 1.985310, FFT length 131072
Starting work for Doppler shift rate 1.987158, FFT length 131072
Starting work for Doppler shift rate 1.989007, FFT length 131072
Starting work for Doppler shift rate 1.989007, FFT length 65536
Starting work for Doppler shift rate 1.990855, FFT length 131072
Starting work for Doppler shift rate 1.992704, FFT length 131072
Starting work for Doppler shift rate 1.994552, FFT length 131072
Starting work for Doppler shift rate 1.996401, FFT length 131072
Starting work for Doppler shift rate 1.996401, FFT length 65536
Starting work for Doppler shift rate 1.998250, FFT length 131072
Starting work for Doppler shift rate 2.000098, FFT length 131072
Starting work for Doppler shift rate 2.001947, FFT length 131072
Starting work for Doppler shift rate 2.003795, FFT length 131072
Starting work for Doppler shift rate 2.003795, FFT length 65536
Starting work for Doppler shift rate 2.005644, FFT length 131072
Starting work for Doppler shift rate 2.007492, FFT length 131072
Starting work for Doppler shift rate 2.009341, FFT length 131072
Starting work for Doppler shift rate 2.011189, FFT length 131072
Starting work for Doppler shift rate 2.011189, FFT length 65536
Starting work for Doppler shift rate 2.011189, FFT length 32768
Starting work for Doppler shift rate 2.011189, FFT length 16384
... Searching for Gaussians
Starting work for Doppler shift rate 2.013038, FFT length 131072
Starting work for Doppler shift rate 2.014886, FFT length 131072
Starting work for Doppler shift rate 2.016735, FFT length 131072
Starting work for Doppler shift rate 2.018583, FFT length 131072
Starting work for Doppler shift rate 2.018583, FFT length 65536
Starting work for Doppler shift rate 2.020432, FFT length 131072
Starting work for Doppler shift rate 2.022280, FFT length 131072
Starting work for Doppler shift rate 2.024129, FFT length 131072
Starting work for Doppler shift rate 2.025977, FFT length 131072
Starting work for Doppler shift rate 2.025977, FFT length 65536
Starting work for Doppler shift rate 2.027826, FFT length 131072
Starting work for Doppler shift rate 2.029674, FFT length 131072
Starting work for Doppler shift rate 2.031523, FFT length 131072
Starting work for Doppler shift rate 2.033371, FFT length 131072
Starting work for Doppler shift rate 2.033371, FFT length 65536
Starting work for Doppler shift rate 2.035220, FFT length 131072
Starting work for Doppler shift rate 2.037068, FFT length 131072
Starting work for Doppler shift rate 2.038917, FFT length 131072
Starting work for Doppler shift rate 2.040766, FFT length 131072
Starting work for Doppler shift rate 2.040766, FFT length 65536
Starting work for Doppler shift rate 2.040766, FFT length 32768
Starting work for Doppler shift rate 2.042614, FFT length 131072
Starting work for Doppler shift rate 2.044462, FFT length 131072
Starting work for Doppler shift rate 2.046311, FFT length 131072
Starting work for Doppler shift rate 2.048160, FFT length 131072
Starting work for Doppler shift rate 2.048160, FFT length 65536
Starting work for Doppler shift rate 2.050008, FFT length 131072
Starting work for Doppler shift rate 2.051857, FFT length 131072
Starting work for Doppler shift rate 2.053705, FFT length 131072
Starting work for Doppler shift rate 2.055554, FFT length 131072
Starting work for Doppler shift rate 2.055554, FFT length 65536
Starting work for Doppler shift rate 2.057402, FFT length 131072
Starting work for Doppler shift rate 2.059251, FFT length 131072
Starting work for Doppler shift rate 2.061099, FFT length 131072
Starting work for Doppler shift rate 2.062948, FFT length 131072
Starting work for Doppler shift rate 2.062948, FFT length 65536
Starting work for Doppler shift rate 2.064796, FFT length 131072
Starting work for Doppler shift rate 2.066645, FFT length 131072
Starting work for Doppler shift rate 2.068493, FFT length 131072
Starting work for Doppler shift rate 2.070342, FFT length 131072
Starting work for Doppler shift rate 2.070342, FFT length 65536
Starting work for Doppler shift rate 2.070342, FFT length 32768
Starting work for Doppler shift rate 2.072190, FFT length 131072
Starting work for Doppler shift rate 2.074039, FFT length 131072
Starting work for Doppler shift rate 2.075887, FFT length 131072
Starting work for Doppler shift rate 2.077736, FFT length 131072
Starting work for Doppler shift rate 2.077736, FFT length 65536
Starting work for Doppler shift rate 2.079584, FFT length 131072
Starting work for Doppler shift rate 2.081433, FFT length 131072
Starting work for Doppler shift rate 2.083282, FFT length 131072
Starting work for Doppler shift rate 2.085130, FFT length 131072
Starting work for Doppler shift rate 2.085130, FFT length 65536
Starting work for Doppler shift rate 2.086978, FFT length 131072
Starting work for Doppler shift rate 2.088827, FFT length 131072
Starting work for Doppler shift rate 2.090676, FFT length 131072
Starting work for Doppler shift rate 2.092524, FFT length 131072
Starting work for Doppler shift rate 2.092524, FFT length 65536
Starting work for Doppler shift rate 2.094373, FFT length 131072
Starting work for Doppler shift rate 2.096221, FFT length 131072
Starting work for Doppler shift rate 2.098070, FFT length 131072
Starting work for Doppler shift rate 2.099918, FFT length 131072
Starting work for Doppler shift rate 2.099918, FFT length 65536
Starting work for Doppler shift rate 2.099918, FFT length 32768
Starting work for Doppler shift rate 2.101767, FFT length 131072
Starting work for Doppler shift rate 2.103615, FFT length 131072
Starting work for Doppler shift rate 2.105464, FFT length 131072
Starting work for Doppler shift rate 2.107312, FFT length 131072
Starting work for Doppler shift rate 2.107312, FFT length 65536
Starting work for Doppler shift rate 2.109161, FFT length 131072
Starting work for Doppler shift rate 2.111009, FFT length 131072
Starting work for Doppler shift rate 2.112858, FFT length 131072
Starting work for Doppler shift rate 2.114706, FFT length 131072
Starting work for Doppler shift rate 2.114706, FFT length 65536
Starting work for Doppler shift rate 2.116555, FFT length 131072
Starting work for Doppler shift rate 2.118403, FFT length 131072
Starting work for Doppler shift rate 2.120252, FFT length 131072
Starting work for Doppler shift rate 2.122100, FFT length 131072
Starting work for Doppler shift rate 2.122100, FFT length 65536
Starting work for Doppler shift rate 2.123949, FFT length 131072
Starting work for Doppler shift rate 2.125797, FFT length 131072
Starting work for Doppler shift rate 2.127646, FFT length 131072
Starting work for Doppler shift rate 2.129494, FFT length 131072
Starting work for Doppler shift rate 2.129494, FFT length 65536
Starting work for Doppler shift rate 2.129494, FFT length 32768
Starting work for Doppler shift rate 2.129494, FFT length 16384
... Searching for Gaussians
Starting work for Doppler shift rate 2.131343, FFT length 131072
Starting work for Doppler shift rate 2.133191, FFT length 131072
Starting work for Doppler shift rate 2.135040, FFT length 131072
Starting work for Doppler shift rate 2.136889, FFT length 131072
Starting work for Doppler shift rate 2.136889, FFT length 65536
Starting work for Doppler shift rate 2.138737, FFT length 131072
Starting work for Doppler shift rate 2.140585, FFT length 131072
Starting work for Doppler shift rate 2.142434, FFT length 131072
Starting work for Doppler shift rate 2.144283, FFT length 131072
Starting work for Doppler shift rate 2.144283, FFT length 65536
Starting work for Doppler shift rate 2.146131, FFT length 131072
Starting work for Doppler shift rate 2.147979, FFT length 131072
Starting work for Doppler shift rate 2.149828, FFT length 131072
Starting work for Doppler shift rate 2.151677, FFT length 131072
Starting work for Doppler shift rate 2.151677, FFT length 65536
Starting work for Doppler shift rate 2.153525, FFT length 131072
Starting work for Doppler shift rate 2.155374, FFT length 131072
Starting work for Doppler shift rate 2.157222, FFT length 131072
Starting work for Doppler shift rate 2.159071, FFT length 131072
Starting work for Doppler shift rate 2.159071, FFT length 65536
Starting work for Doppler shift rate 2.159071, FFT length 32768
Starting work for Doppler shift rate 2.160919, FFT length 131072
Starting work for Doppler shift rate 2.162768, FFT length 131072
Starting work for Doppler shift rate 2.164616, FFT length 131072
Starting work for Doppler shift rate 2.166465, FFT length 131072
Starting work for Doppler shift rate 2.166465, FFT length 65536
Starting work for Doppler shift rate 2.168313, FFT length 131072
Starting work for Doppler shift rate 2.170162, FFT length 131072
Starting work for Doppler shift rate 2.172010, FFT length 131072
Starting work for Doppler shift rate 2.173859, FFT length 131072
Starting work for Doppler shift rate 2.173859, FFT length 65536
Starting work for Doppler shift rate 2.175707, FFT length 131072
Starting work for Doppler shift rate 2.177556, FFT length 131072
Starting work for Doppler shift rate 2.179404, FFT length 131072
Starting work for Doppler shift rate 2.181253, FFT length 131072
Starting work for Doppler shift rate 2.181253, FFT length 65536
Starting work for Doppler shift rate 2.183101, FFT length 131072
Starting work for Doppler shift rate 2.184950, FFT length 131072
Starting work for Doppler shift rate 2.186799, FFT length 131072
Starting work for Doppler shift rate 2.188647, FFT length 131072
Starting work for Doppler shift rate 2.188647, FFT length 65536
Starting work for Doppler shift rate 2.188647, FFT length 32768
Starting work for Doppler shift rate 2.190495, FFT length 131072
Starting work for Doppler shift rate 2.192344, FFT length 131072
Starting work for Doppler shift rate 2.194193, FFT length 131072
Starting work for Doppler shift rate 2.196041, FFT length 131072
Starting work for Doppler shift rate 2.196041, FFT length 65536
Starting work for Doppler shift rate 2.197890, FFT length 131072
Starting work for Doppler shift rate 2.199738, FFT length 131072
Starting work for Doppler shift rate 2.201587, FFT length 131072
Starting work for Doppler shift rate 2.203435, FFT length 131072
Starting work for Doppler shift rate 2.203435, FFT length 65536
Starting work for Doppler shift rate 2.205284, FFT length 131072
Starting work for Doppler shift rate 2.207132, FFT length 131072
Starting work for Doppler shift rate 2.208981, FFT length 131072
Starting work for Doppler shift rate 2.210829, FFT length 131072
Starting work for Doppler shift rate 2.210829, FFT length 65536
Starting work for Doppler shift rate 2.212678, FFT length 131072
Starting work for Doppler shift rate 2.214526, FFT length 131072
Starting work for Doppler shift rate 2.216375, FFT length 131072
Starting work for Doppler shift rate 2.218223, FFT length 131072
Starting work for Doppler shift rate 2.218223, FFT length 65536
Starting work for Doppler shift rate 2.218223, FFT length 32768
Starting work for Doppler shift rate 2.220072, FFT length 131072
Starting work for Doppler shift rate 2.221920, FFT length 131072
Starting work for Doppler shift rate 2.223769, FFT length 131072
Starting work for Doppler shift rate 2.225617, FFT length 131072
Starting work for Doppler shift rate 2.225617, FFT length 65536
Starting work for Doppler shift rate 2.227466, FFT length 131072
Starting work for Doppler shift rate 2.229315, FFT length 131072
Starting work for Doppler shift rate 2.231163, FFT length 131072
Starting work for Doppler shift rate 2.233011, FFT length 131072
Starting work for Doppler shift rate 2.233011, FFT length 65536
Starting work for Doppler shift rate 2.234860, FFT length 131072
Starting work for Doppler shift rate 2.236709, FFT length 131072
Starting work for Doppler shift rate 2.238557, FFT length 131072
Starting work for Doppler shift rate 2.240406, FFT length 131072
Starting work for Doppler shift rate 2.240406, FFT length 65536
Starting work for Doppler shift rate 2.242254, FFT length 131072
Starting work for Doppler shift rate 2.244103, FFT length 131072
Starting work for Doppler shift rate 2.245951, FFT length 131072
Starting work for Doppler shift rate 2.247800, FFT length 131072
Starting work for Doppler shift rate 2.247800, FFT length 65536
Starting work for Doppler shift rate 2.247800, FFT length 32768
Starting work for Doppler shift rate 2.247800, FFT length 16384
... Searching for Gaussians
Starting work for Doppler shift rate 2.249648, FFT length 131072
Starting work for Doppler shift rate 2.251497, FFT length 131072
Starting work for Doppler shift rate 2.253345, FFT length 131072
Starting work for Doppler shift rate 2.255194, FFT length 131072
Starting work for Doppler shift rate 2.255194, FFT length 65536
Starting work for Doppler shift rate 2.257042, FFT length 131072
Starting work for Doppler shift rate 2.258891, FFT length 131072
Starting work for Doppler shift rate 2.260739, FFT length 131072
Starting work for Doppler shift rate 2.262588, FFT length 131072
Starting work for Doppler shift rate 2.262588, FFT length 65536
Starting work for Doppler shift rate 2.264436, FFT length 131072
Starting work for Doppler shift rate 2.266285, FFT length 131072
Starting work for Doppler shift rate 2.268133, FFT length 131072
Starting work for Doppler shift rate 2.269982, FFT length 131072
Starting work for Doppler shift rate 2.269982, FFT length 65536
Starting work for Doppler shift rate 2.271830, FFT length 131072
Starting work for Doppler shift rate 2.273679, FFT length 131072
Starting work for Doppler shift rate 2.275527, FFT length 131072
Starting work for Doppler shift rate 2.277376, FFT length 131072
Starting work for Doppler shift rate 2.277376, FFT length 65536
Starting work for Doppler shift rate 2.277376, FFT length 32768
Starting work for Doppler shift rate 2.279224, FFT length 131072
Starting work for Doppler shift rate 2.281073, FFT length 131072
Starting work for Doppler shift rate 2.282922, FFT length 131072
Starting work for Doppler shift rate 2.284770, FFT length 131072
Starting work for Doppler shift rate 2.284770, FFT length 65536
Starting work for Doppler shift rate 2.286618, FFT length 131072
Starting work for Doppler shift rate 2.288467, FFT length 131072
Starting work for Doppler shift rate 2.290316, FFT length 131072
Starting work for Doppler shift rate 2.292164, FFT length 131072
Starting work for Doppler shift rate 2.292164, FFT length 65536
Starting work for Doppler shift rate 2.294013, FFT length 131072
Starting work for Doppler shift rate 2.295861, FFT length 131072
Starting work for Doppler shift rate 2.297710, FFT length 131072
Starting work for Doppler shift rate 2.299558, FFT length 131072
Starting work for Doppler shift rate 2.299558, FFT length 65536
Starting work for Doppler shift rate 2.301407, FFT length 131072
Starting work for Doppler shift rate 2.303255, FFT length 131072
Starting work for Doppler shift rate 2.305104, FFT length 131072
Starting work for Doppler shift rate 2.306952, FFT length 131072
Starting work for Doppler shift rate 2.306952, FFT length 65536
Starting work for Doppler shift rate 2.306952, FFT length 32768
Starting work for Doppler shift rate 2.308801, FFT length 131072
Starting work for Doppler shift rate 2.310649, FFT length 131072
Starting work for Doppler shift rate 2.312498, FFT length 131072
Starting work for Doppler shift rate 2.314346, FFT length 131072
Starting work for Doppler shift rate 2.314346, FFT length 65536
Starting work for Doppler shift rate 2.316195, FFT length 131072
Starting work for Doppler shift rate 2.318043, FFT length 131072
Starting work for Doppler shift rate 2.319892, FFT length 131072
Starting work for Doppler shift rate 2.321740, FFT length 131072
Starting work for Doppler shift rate 2.321740, FFT length 65536
Starting work for Doppler shift rate 2.323589, FFT length 131072
Starting work for Doppler shift rate 2.325438, FFT length 131072
Starting work for Doppler shift rate 2.327286, FFT length 131072
Starting work for Doppler shift rate 2.329134, FFT length 131072
Starting work for Doppler shift rate 2.329134, FFT length 65536
Starting work for Doppler shift rate 2.330983, FFT length 131072
Starting work for Doppler shift rate 2.332832, FFT length 131072
Starting work for Doppler shift rate 2.334680, FFT length 131072
Starting work for Doppler shift rate 2.336529, FFT length 131072
Starting work for Doppler shift rate 2.336529, FFT length 65536
Starting work for Doppler shift rate 2.336529, FFT length 32768
Starting work for Doppler shift rate 2.338377, FFT length 131072
Starting work for Doppler shift rate 2.340226, FFT length 131072
Starting work for Doppler shift rate 2.342074, FFT length 131072
Starting work for Doppler shift rate 2.343923, FFT length 131072
Starting work for Doppler shift rate 2.343923, FFT length 65536
Starting work for Doppler shift rate 2.345771, FFT length 131072
Starting work for Doppler shift rate 2.347620, FFT length 131072
9.357582% done
Starting work for Doppler shift rate 2.349468, FFT length 131072
Starting work for Doppler shift rate 2.351317, FFT length 131072
Starting work for Doppler shift rate 2.351317, FFT length 65536
Starting work for Doppler shift rate 2.353165, FFT length 131072
Starting work for Doppler shift rate 2.355014, FFT length 131072
Starting work for Doppler shift rate 2.356862, FFT length 131072
Starting work for Doppler shift rate 2.358711, FFT length 131072
Starting work for Doppler shift rate 2.358711, FFT length 65536
Starting work for Doppler shift rate 2.360559, FFT length 131072
Starting work for Doppler shift rate 2.362408, FFT length 131072
Starting work for Doppler shift rate 2.364256, FFT length 131072
Starting work for Doppler shift rate 2.366105, FFT length 131072
Starting work for Doppler shift rate 2.366105, FFT length 65536
Starting work for Doppler shift rate 2.366105, FFT length 32768
Starting work for Doppler shift rate 2.366105, FFT length 16384
... Searching for Gaussians
Starting work for Doppler shift rate 2.366105, FFT length 8192
... Searching for Gaussians
... Searching for Pulses
Starting work for Doppler shift rate 2.367954, FFT length 131072
Starting work for Doppler shift rate 2.369802, FFT length 131072
Starting work for Doppler shift rate 2.371650, FFT length 131072
Starting work for Doppler shift rate 2.373499, FFT length 131072
Starting work for Doppler shift rate 2.373499, FFT length 65536
Starting work for Doppler shift rate 2.375348, FFT length 131072
Starting work for Doppler shift rate 2.377196, FFT length 131072
Starting work for Doppler shift rate 2.379045, FFT length 131072
Starting work for Doppler shift rate 2.380893, FFT length 131072
Starting work for Doppler shift rate 2.380893, FFT length 65536
Starting work for Doppler shift rate 2.382742, FFT length 131072
Starting work for Doppler shift rate 2.384590, FFT length 131072
Starting work for Doppler shift rate 2.386439, FFT length 131072
Starting work for Doppler shift rate 2.388287, FFT length 131072
Starting work for Doppler shift rate 2.388287, FFT length 65536
Starting work for Doppler shift rate 2.390136, FFT length 131072
Starting work for Doppler shift rate 2.391984, FFT length 131072
Starting work for Doppler shift rate 2.393833, FFT length 131072
Starting work for Doppler shift rate 2.395681, FFT length 131072
Starting work for Doppler shift rate 2.395681, FFT length 65536
Starting work for Doppler shift rate 2.395681, FFT length 32768
Starting work for Doppler shift rate 2.397530, FFT length 131072
Starting work for Doppler shift rate 2.399378, FFT length 131072
Starting work for Doppler shift rate 2.401227, FFT length 131072
Starting work for Doppler shift rate 2.403075, FFT length 131072
Starting work for Doppler shift rate 2.403075, FFT length 65536
Starting work for Doppler shift rate 2.404924, FFT length 131072
Starting work for Doppler shift rate 2.406772, FFT length 131072
Starting work for Doppler shift rate 2.408621, FFT length 131072
Starting work for Doppler shift rate 2.410469, FFT length 131072
Starting work for Doppler shift rate 2.410469, FFT length 65536
Starting work for Doppler shift rate 2.412318, FFT length 131072
Starting work for Doppler shift rate 2.414166, FFT length 131072
Starting work for Doppler shift rate 2.416015, FFT length 131072
Starting work for Doppler shift rate 2.417863, FFT length 131072
Starting work for Doppler shift rate 2.417863, FFT length 65536
Starting work for Doppler shift rate 2.419712, FFT length 131072
Starting work for Doppler shift rate 2.421561, FFT length 131072
Starting work for Doppler shift rate 2.423409, FFT length 131072
Starting work for Doppler shift rate 2.425257, FFT length 131072
Starting work for Doppler shift rate 2.425257, FFT length 65536
Starting work for Doppler shift rate 2.425257, FFT length 32768
Starting work for Doppler shift rate 2.427106, FFT length 131072
Starting work for Doppler shift rate 2.428955, FFT length 131072
Starting work for Doppler shift rate 2.430803, FFT length 131072
Starting work for Doppler shift rate 2.432652, FFT length 131072
Starting work for Doppler shift rate 2.432652, FFT length 65536
Starting work for Doppler shift rate 2.434500, FFT length 131072
Starting work for Doppler shift rate 2.436349, FFT length 131072
Starting work for Doppler shift rate 2.438197, FFT length 131072
Starting work for Doppler shift rate 2.440046, FFT length 131072
Starting work for Doppler shift rate 2.440046, FFT length 65536
Starting work for Doppler shift rate 2.441894, FFT length 131072
Starting work for Doppler shift rate 2.443743, FFT length 131072
Starting work for Doppler shift rate 2.445591, FFT length 131072
Starting work for Doppler shift rate 2.447440, FFT length 131072
Starting work for Doppler shift rate 2.447440, FFT length 65536
Starting work for Doppler shift rate 2.449288, FFT length 131072
Starting work for Doppler shift rate 2.451137, FFT length 131072
Starting work for Doppler shift rate 2.452985, FFT length 131072
Starting work for Doppler shift rate 2.454834, FFT length 131072
Starting work for Doppler shift rate 2.454834, FFT length 65536
Starting work for Doppler shift rate 2.454834, FFT length 32768
Starting work for Doppler shift rate 2.456682, FFT length 131072
Starting work for Doppler shift rate 2.458531, FFT length 131072
Starting work for Doppler shift rate 2.460379, FFT length 131072
Starting work for Doppler shift rate 2.462228, FFT length 131072
Starting work for Doppler shift rate 2.462228, FFT length 65536
Starting work for Doppler shift rate 2.464077, FFT length 131072
Starting work for Doppler shift rate 2.465925, FFT length 131072
Starting work for Doppler shift rate 2.467773, FFT length 131072
Starting work for Doppler shift rate 2.469622, FFT length 131072
Starting work for Doppler shift rate 2.469622, FFT length 65536
Starting work for Doppler shift rate 2.471471, FFT length 131072
Starting work for Doppler shift rate 2.473319, FFT length 131072
Starting work for Doppler shift rate 2.475168, FFT length 131072
Starting work for Doppler shift rate 2.477016, FFT length 131072
Starting work for Doppler shift rate 2.477016, FFT length 65536
Starting work for Doppler shift rate 2.478865, FFT length 131072
Starting work for Doppler shift rate 2.480713, FFT length 131072
Starting work for Doppler shift rate 2.482562, FFT length 131072
Starting work for Doppler shift rate 2.484410, FFT length 131072
Starting work for Doppler shift rate 2.484410, FFT length 65536
Starting work for Doppler shift rate 2.484410, FFT length 32768
Starting work for Doppler shift rate 2.484410, FFT length 16384
... Searching for Gaussians
Starting work for Doppler shift rate 2.486259, FFT length 131072
Starting work for Doppler shift rate 2.488107, FFT length 131072
Starting work for Doppler shift rate 2.489956, FFT length 131072
Starting work for Doppler shift rate 2.491804, FFT length 131072
Starting work for Doppler shift rate 2.491804, FFT length 65536
Starting work for Doppler shift rate 2.493653, FFT length 131072
Starting work for Doppler shift rate 2.495501, FFT length 131072
Starting work for Doppler shift rate 2.497350, FFT length 131072
Starting work for Doppler shift rate 2.499198, FFT length 131072
Starting work for Doppler shift rate 2.499198, FFT length 65536
Starting work for Doppler shift rate 2.501047, FFT length 131072
Starting work for Doppler shift rate 2.502895, FFT length 131072
Starting work for Doppler shift rate 2.504744, FFT length 131072
Starting work for Doppler shift rate 2.506592, FFT length 131072
Starting work for Doppler shift rate 2.506592, FFT length 65536
Starting work for Doppler shift rate 2.508441, FFT length 131072
Starting work for Doppler shift rate 2.510289, FFT length 131072
Starting work for Doppler shift rate 2.512138, FFT length 131072
Starting work for Doppler shift rate 2.513986, FFT length 131072
Starting work for Doppler shift rate 2.513986, FFT length 65536
Starting work for Doppler shift rate 2.513986, FFT length 32768
Starting work for Doppler shift rate 2.515835, FFT length 131072
Starting work for Doppler shift rate 2.517684, FFT length 131072
Starting work for Doppler shift rate 2.519532, FFT length 131072
Starting work for Doppler shift rate 2.521380, FFT length 131072
Starting work for Doppler shift rate 2.521380, FFT length 65536
Starting work for Doppler shift rate 2.523229, FFT length 131072
Starting work for Doppler shift rate 2.525078, FFT length 131072
Starting work for Doppler shift rate 2.526926, FFT length 131072
Starting work for Doppler shift rate 2.528774, FFT length 131072
Starting work for Doppler shift rate 2.528774, FFT length 65536
Starting work for Doppler shift rate 2.530623, FFT length 131072
Starting work for Doppler shift rate 2.532472, FFT length 131072
Starting work for Doppler shift rate 2.534320, FFT length 131072
Starting work for Doppler shift rate 2.536169, FFT length 131072
Starting work for Doppler shift rate 2.536169, FFT length 65536
Starting work for Doppler shift rate 2.538017, FFT length 131072
Starting work for Doppler shift rate 2.539866, FFT length 131072
Starting work for Doppler shift rate 2.541714, FFT length 131072
Starting work for Doppler shift rate 2.543563, FFT length 131072
Starting work for Doppler shift rate 2.543563, FFT length 65536
Starting work for Doppler shift rate 2.543563, FFT length 32768
Starting work for Doppler shift rate 2.545411, FFT length 131072
Starting work for Doppler shift rate 2.547260, FFT length 131072
Starting work for Doppler shift rate 2.549108, FFT length 131072
Starting work for Doppler shift rate 2.550957, FFT length 131072
Starting work for Doppler shift rate 2.550957, FFT length 65536
Starting work for Doppler shift rate 2.552805, FFT length 131072
Starting work for Doppler shift rate 2.554654, FFT length 131072
Starting work for Doppler shift rate 2.556502, FFT length 131072
Starting work for Doppler shift rate 2.558351, FFT length 131072
Starting work for Doppler shift rate 2.558351, FFT length 65536
Starting work for Doppler shift rate 2.560199, FFT length 131072
Starting work for Doppler shift rate 2.562048, FFT length 131072
Starting work for Doppler shift rate 2.563896, FFT length 131072
Starting work for Doppler shift rate 2.565745, FFT length 131072
Starting work for Doppler shift rate 2.565745, FFT length 65536
Starting work for Doppler shift rate 2.567594, FFT length 131072
Starting work for Doppler shift rate 2.569442, FFT length 131072
Starting work for Doppler shift rate 2.571290, FFT length 131072
Starting work for Doppler shift rate 2.573139, FFT length 131072
Starting work for Doppler shift rate 2.573139, FFT length 65536
Starting work for Doppler shift rate 2.573139, FFT length 32768
Starting work for Doppler shift rate 2.574988, FFT length 131072
Starting work for Doppler shift rate 2.576836, FFT length 131072
Starting work for Doppler shift rate 2.578685, FFT length 131072
Starting work for Doppler shift rate 2.580533, FFT length 131072
Starting work for Doppler shift rate 2.580533, FFT length 65536
Starting work for Doppler shift rate 2.582382, FFT length 131072
Starting work for Doppler shift rate 2.584230, FFT length 131072
Starting work for Doppler shift rate 2.586079, FFT length 131072
Starting work for Doppler shift rate 2.587927, FFT length 131072
Starting work for Doppler shift rate 2.587927, FFT length 65536
Starting work for Doppler shift rate 2.589776, FFT length 131072
Starting work for Doppler shift rate 2.591624, FFT length 131072
Starting work for Doppler shift rate 2.593473, FFT length 131072
Starting work for Doppler shift rate 2.595321, FFT length 131072
Starting work for Doppler shift rate 2.595321, FFT length 65536
Starting work for Doppler shift rate 2.597170, FFT length 131072
Starting work for Doppler shift rate 2.599018, FFT length 131072
Starting work for Doppler shift rate 2.600867, FFT length 131072
Starting work for Doppler shift rate 2.602715, FFT length 131072
Starting work for Doppler shift rate 2.602715, FFT length 65536
Starting work for Doppler shift rate 2.602715, FFT length 32768
Starting work for Doppler shift rate 2.602715, FFT length 16384
... Searching for Gaussians
Starting work for Doppler shift rate 2.604564, FFT length 131072
Starting work for Doppler shift rate 2.606412, FFT length 131072
Starting work for Doppler shift rate 2.608261, FFT length 131072
Starting work for Doppler shift rate 2.610110, FFT length 131072
Starting work for Doppler shift rate 2.610110, FFT length 65536
Starting work for Doppler shift rate 2.611958, FFT length 131072
Starting work for Doppler shift rate 2.613806, FFT length 131072
Starting work for Doppler shift rate 2.615655, FFT length 131072
Starting work for Doppler shift rate 2.617504, FFT length 131072
Starting work for Doppler shift rate 2.617504, FFT length 65536
Starting work for Doppler shift rate 2.619352, FFT length 131072
Starting work for Doppler shift rate 2.621201, FFT length 131072
Starting work for Doppler shift rate 2.623049, FFT length 131072
Starting work for Doppler shift rate 2.624898, FFT length 131072
Starting work for Doppler shift rate 2.624898, FFT length 65536
Starting work for Doppler shift rate 2.626746, FFT length 131072
Starting work for Doppler shift rate 2.628595, FFT length 131072
Starting work for Doppler shift rate 2.630443, FFT length 131072
Starting work for Doppler shift rate 2.632292, FFT length 131072
Starting work for Doppler shift rate 2.632292, FFT length 65536
Starting work for Doppler shift rate 2.632292, FFT length 32768
Starting work for Doppler shift rate 2.634140, FFT length 131072
Starting work for Doppler shift rate 2.635989, FFT length 131072
Starting work for Doppler shift rate 2.637837, FFT length 131072
Starting work for Doppler shift rate 2.639686, FFT length 131072
Starting work for Doppler shift rate 2.639686, FFT length 65536
Starting work for Doppler shift rate 2.641534, FFT length 131072
Starting work for Doppler shift rate 2.643383, FFT length 131072
Starting work for Doppler shift rate 2.645231, FFT length 131072
Starting work for Doppler shift rate 2.647080, FFT length 131072
Starting work for Doppler shift rate 2.647080, FFT length 65536
Starting work for Doppler shift rate 2.648928, FFT length 131072
Starting work for Doppler shift rate 2.650777, FFT length 131072
Starting work for Doppler shift rate 2.652625, FFT length 131072
Starting work for Doppler shift rate 2.654474, FFT length 131072
Starting work for Doppler shift rate 2.654474, FFT length 65536
Starting work for Doppler shift rate 2.656322, FFT length 131072
Starting work for Doppler shift rate 2.658171, FFT length 131072
Starting work for Doppler shift rate 2.660019, FFT length 131072
Starting work for Doppler shift rate 2.661868, FFT length 131072
Starting work for Doppler shift rate 2.661868, FFT length 65536
Starting work for Doppler shift rate 2.661868, FFT length 32768
Starting work for Doppler shift rate 2.663717, FFT length 131072
Starting work for Doppler shift rate 2.665565, FFT length 131072
Starting work for Doppler shift rate 2.667413, FFT length 131072
Starting work for Doppler shift rate 2.669262, FFT length 131072
Starting work for Doppler shift rate 2.669262, FFT length 65536
Starting work for Doppler shift rate 2.671111, FFT length 131072
Starting work for Doppler shift rate 2.672959, FFT length 131072
Starting work for Doppler shift rate 2.674808, FFT length 131072
Starting work for Doppler shift rate 2.676656, FFT length 131072
Starting work for Doppler shift rate 2.676656, FFT length 65536
Starting work for Doppler shift rate 2.678505, FFT length 131072
Starting work for Doppler shift rate 2.680353, FFT length 131072
Starting work for Doppler shift rate 2.682202, FFT length 131072
Starting work for Doppler shift rate 2.684050, FFT length 131072
Starting work for Doppler shift rate 2.684050, FFT length 65536
Starting work for Doppler shift rate 2.685899, FFT length 131072
Starting work for Doppler shift rate 2.687747, FFT length 131072
Starting work for Doppler shift rate 2.689596, FFT length 131072
Starting work for Doppler shift rate 2.691444, FFT length 131072
Starting work for Doppler shift rate 2.691444, FFT length 65536
Starting work for Doppler shift rate 2.691444, FFT length 32768
Starting work for Doppler shift rate 2.693293, FFT length 131072
Starting work for Doppler shift rate 2.695141, FFT length 131072
Starting work for Doppler shift rate 2.696990, FFT length 131072
Starting work for Doppler shift rate 2.698838, FFT length 131072
Starting work for Doppler shift rate 2.698838, FFT length 65536
Starting work for Doppler shift rate 2.700687, FFT length 131072
Starting work for Doppler shift rate 2.702535, FFT length 131072
Starting work for Doppler shift rate 2.704384, FFT length 131072
Starting work for Doppler shift rate 2.706233, FFT length 131072
Starting work for Doppler shift rate 2.706233, FFT length 65536
Starting work for Doppler shift rate 2.708081, FFT length 131072
Starting work for Doppler shift rate 2.709929, FFT length 131072
Starting work for Doppler shift rate 2.711778, FFT length 131072
Starting work for Doppler shift rate 2.713627, FFT length 131072
Starting work for Doppler shift rate 2.713627, FFT length 65536
Starting work for Doppler shift rate 2.715475, FFT length 131072
Starting work for Doppler shift rate 2.717324, FFT length 131072
Starting work for Doppler shift rate 2.719172, FFT length 131072
Starting work for Doppler shift rate 2.721021, FFT length 131072
Starting work for Doppler shift rate 2.721021, FFT length 65536
Starting work for Doppler shift rate 2.721021, FFT length 32768
Starting work for Doppler shift rate 2.721021, FFT length 16384
... Searching for Gaussians
Starting work for Doppler shift rate 2.722869, FFT length 131072
Starting work for Doppler shift rate 2.724718, FFT length 131072
Starting work for Doppler shift rate 2.726566, FFT length 131072
Starting work for Doppler shift rate 2.728415, FFT length 131072
Starting work for Doppler shift rate 2.728415, FFT length 65536
Starting work for Doppler shift rate 2.730263, FFT length 131072
Starting work for Doppler shift rate 2.732112, FFT length 131072
Starting work for Doppler shift rate 2.733960, FFT length 131072
Starting work for Doppler shift rate 2.735809, FFT length 131072
Starting work for Doppler shift rate 2.735809, FFT length 65536
Starting work for Doppler shift rate 2.737657, FFT length 131072
Starting work for Doppler shift rate 2.739506, FFT length 131072
Starting work for Doppler shift rate 2.741354, FFT length 131072
Starting work for Doppler shift rate 2.743203, FFT length 131072
Starting work for Doppler shift rate 2.743203, FFT length 65536
Starting work for Doppler shift rate 2.745051, FFT length 131072
Starting work for Doppler shift rate 2.746900, FFT length 131072
Starting work for Doppler shift rate 2.748749, FFT length 131072
Starting work for Doppler shift rate 2.750597, FFT length 131072
Starting work for Doppler shift rate 2.750597, FFT length 65536
Starting work for Doppler shift rate 2.750597, FFT length 32768
Starting work for Doppler shift rate 2.752445, FFT length 131072
Starting work for Doppler shift rate 2.754294, FFT length 131072
Starting work for Doppler shift rate 2.756143, FFT length 131072
Starting work for Doppler shift rate 2.757991, FFT length 131072
Starting work for Doppler shift rate 2.757991, FFT length 65536
Starting work for Doppler shift rate 2.759840, FFT length 131072
Starting work for Doppler shift rate 2.761688, FFT length 131072
Starting work for Doppler shift rate 2.763537, FFT length 131072
Starting work for Doppler shift rate 2.765385, FFT length 131072
Starting work for Doppler shift rate 2.765385, FFT length 65536
Starting work for Doppler shift rate 2.767234, FFT length 131072
Starting work for Doppler shift rate 2.769082, FFT length 131072
Starting work for Doppler shift rate 2.770931, FFT length 131072
Starting work for Doppler shift rate 2.772779, FFT length 131072
Starting work for Doppler shift rate 2.772779, FFT length 65536
Starting work for Doppler shift rate 2.774628, FFT length 131072
Starting work for Doppler shift rate 2.776476, FFT length 131072
Starting work for Doppler shift rate 2.778325, FFT length 131072
Starting work for Doppler shift rate 2.780173, FFT length 131072
Starting work for Doppler shift rate 2.780173, FFT length 65536
Starting work for Doppler shift rate 2.780173, FFT length 32768
Starting work for Doppler shift rate 2.782022, FFT length 131072
Starting work for Doppler shift rate 2.783870, FFT length 131072
Starting work for Doppler shift rate 2.785719, FFT length 131072
Starting work for Doppler shift rate 2.787567, FFT length 131072
Starting work for Doppler shift rate 2.787567, FFT length 65536
Starting work for Doppler shift rate 2.789416, FFT length 131072
Starting work for Doppler shift rate 2.791264, FFT length 131072
Starting work for Doppler shift rate 2.793113, FFT length 131072
Starting work for Doppler shift rate 2.794961, FFT length 131072
Starting work for Doppler shift rate 2.794961, FFT length 65536
Starting work for Doppler shift rate 2.796810, FFT length 131072
Starting work for Doppler shift rate 2.798658, FFT length 131072
Starting work for Doppler shift rate 2.800507, FFT length 131072
Starting work for Doppler shift rate 2.802356, FFT length 131072
Starting work for Doppler shift rate 2.802356, FFT length 65536
Starting work for Doppler shift rate 2.804204, FFT length 131072
Starting work for Doppler shift rate 2.806052, FFT length 131072
Starting work for Doppler shift rate 2.807901, FFT length 131072
Starting work for Doppler shift rate 2.809750, FFT length 131072
Starting work for Doppler shift rate 2.809750, FFT length 65536
Starting work for Doppler shift rate 2.809750, FFT length 32768
Starting work for Doppler shift rate 2.811598, FFT length 131072
Starting work for Doppler shift rate 2.813447, FFT length 131072
Starting work for Doppler shift rate 2.815295, FFT length 131072
Starting work for Doppler shift rate 2.817144, FFT length 131072
Starting work for Doppler shift rate 2.817144, FFT length 65536
Starting work for Doppler shift rate 2.818992, FFT length 131072
Starting work for Doppler shift rate 2.820841, FFT length 131072
Starting work for Doppler shift rate 2.822689, FFT length 131072
Starting work for Doppler shift rate 2.824538, FFT length 131072
Starting work for Doppler shift rate 2.824538, FFT length 65536
Starting work for Doppler shift rate 2.826386, FFT length 131072
Starting work for Doppler shift rate 2.828235, FFT length 131072
Starting work for Doppler shift rate 2.830083, FFT length 131072
Starting work for Doppler shift rate 2.831932, FFT length 131072
Starting work for Doppler shift rate 2.831932, FFT length 65536
Starting work for Doppler shift rate 2.833780, FFT length 131072
Starting work for Doppler shift rate 2.835629, FFT length 131072
Starting work for Doppler shift rate 2.837477, FFT length 131072
Starting work for Doppler shift rate 2.839326, FFT length 131072
Starting work for Doppler shift rate 2.839326, FFT length 65536
Starting work for Doppler shift rate 2.839326, FFT length 32768
Starting work for Doppler shift rate 2.839326, FFT length 16384
... Searching for Gaussians
Starting work for Doppler shift rate 2.839326, FFT length 8192
... Searching for Gaussians
10.357582% done
... Searching for Pulses
Starting work for Doppler shift rate 2.841174, FFT length 131072
Starting work for Doppler shift rate 2.843023, FFT length 131072
Starting work for Doppler shift rate 2.844872, FFT length 131072
Starting work for Doppler shift rate 2.846720, FFT length 131072
Starting work for Doppler shift rate 2.846720, FFT length 65536
Starting work for Doppler shift rate 2.848568, FFT length 131072
Starting work for Doppler shift rate 2.850417, FFT length 131072
Starting work for Doppler shift rate 2.852266, FFT length 131072
Starting work for Doppler shift rate 2.854114, FFT length 131072
Starting work for Doppler shift rate 2.854114, FFT length 65536
Starting work for Doppler shift rate 2.855963, FFT length 131072
Starting work for Doppler shift rate 2.857811, FFT length 131072
Starting work for Doppler shift rate 2.859660, FFT length 131072
Starting work for Doppler shift rate 2.861508, FFT length 131072
Starting work for Doppler shift rate 2.861508, FFT length 65536
Starting work for Doppler shift rate 2.863357, FFT length 131072
Starting work for Doppler shift rate 2.865205, FFT length 131072
Starting work for Doppler shift rate 2.867054, FFT length 131072
Starting work for Doppler shift rate 2.868902, FFT length 131072
Starting work for Doppler shift rate 2.868902, FFT length 65536
Starting work for Doppler shift rate 2.868902, FFT length 32768
Starting work for Doppler shift rate 2.870751, FFT length 131072
Starting work for Doppler shift rate 2.872599, FFT length 131072
Starting work for Doppler shift rate 2.874448, FFT length 131072
Starting work for Doppler shift rate 2.876296, FFT length 131072
Starting work for Doppler shift rate 2.876296, FFT length 65536
Starting work for Doppler shift rate 2.878145, FFT length 131072
Starting work for Doppler shift rate 2.879993, FFT length 131072
Starting work for Doppler shift rate 2.881842, FFT length 131072
Starting work for Doppler shift rate 2.883690, FFT length 131072
Starting work for Doppler shift rate 2.883690, FFT length 65536
Starting work for Doppler shift rate 2.885539, FFT length 131072
Starting work for Doppler shift rate 2.887387, FFT length 131072
Starting work for Doppler shift rate 2.889236, FFT length 131072
Starting work for Doppler shift rate 2.891084, FFT length 131072
Starting work for Doppler shift rate 2.891084, FFT length 65536
Starting work for Doppler shift rate 2.892933, FFT length 131072
Starting work for Doppler shift rate 2.894781, FFT length 131072
Starting work for Doppler shift rate 2.896630, FFT length 131072
Starting work for Doppler shift rate 2.898479, FFT length 131072
Starting work for Doppler shift rate 2.898479, FFT length 65536
Starting work for Doppler shift rate 2.898479, FFT length 32768
Starting work for Doppler shift rate 2.900327, FFT length 131072
Starting work for Doppler shift rate 2.902175, FFT length 131072
Starting work for Doppler shift rate 2.904024, FFT length 131072
Starting work for Doppler shift rate 2.905873, FFT length 131072
Starting work for Doppler shift rate 2.905873, FFT length 65536
Starting work for Doppler shift rate 2.907721, FFT length 131072
Starting work for Doppler shift rate 2.909570, FFT length 131072
Starting work for Doppler shift rate 2.911418, FFT length 131072
Starting work for Doppler shift rate 2.913267, FFT length 131072
Starting work for Doppler shift rate 2.913267, FFT length 65536
Starting work for Doppler shift rate 2.915115, FFT length 131072
Starting work for Doppler shift rate 2.916964, FFT length 131072
Starting work for Doppler shift rate 2.918812, FFT length 131072
Starting work for Doppler shift rate 2.920661, FFT length 131072
Starting work for Doppler shift rate 2.920661, FFT length 65536
Starting work for Doppler shift rate 2.922509, FFT length 131072
Starting work for Doppler shift rate 2.924358, FFT length 131072
Starting work for Doppler shift rate 2.926206, FFT length 131072
Starting work for Doppler shift rate 2.928055, FFT length 131072
Starting work for Doppler shift rate 2.928055, FFT length 65536
Starting work for Doppler shift rate 2.928055, FFT length 32768
Starting work for Doppler shift rate 2.929903, FFT length 131072
Starting work for Doppler shift rate 2.931752, FFT length 131072
Starting work for Doppler shift rate 2.933600, FFT length 131072
Starting work for Doppler shift rate 2.935449, FFT length 131072
Starting work for Doppler shift rate 2.935449, FFT length 65536
Starting work for Doppler shift rate 2.937297, FFT length 131072
Starting work for Doppler shift rate 2.939146, FFT length 131072
Starting work for Doppler shift rate 2.940995, FFT length 131072
Starting work for Doppler shift rate 2.942843, FFT length 131072
Starting work for Doppler shift rate 2.942843, FFT length 65536
Starting work for Doppler shift rate 2.944691, FFT length 131072
Starting work for Doppler shift rate 2.946540, FFT length 131072
Starting work for Doppler shift rate 2.948389, FFT length 131072
Starting work for Doppler shift rate 2.950237, FFT length 131072
Starting work for Doppler shift rate 2.950237, FFT length 65536
Starting work for Doppler shift rate 2.952085, FFT length 131072
Starting work for Doppler shift rate 2.953934, FFT length 131072
Starting work for Doppler shift rate 2.955783, FFT length 131072
Starting work for Doppler shift rate 2.957631, FFT length 131072
Starting work for Doppler shift rate 2.957631, FFT length 65536
Starting work for Doppler shift rate 2.957631, FFT length 32768
Starting work for Doppler shift rate 2.957631, FFT length 16384
... Searching for Gaussians
Starting work for Doppler shift rate 2.959480, FFT length 131072
Starting work for Doppler shift rate 2.961328, FFT length 131072
Starting work for Doppler shift rate 2.963177, FFT length 131072
Starting work for Doppler shift rate 2.965025, FFT length 131072
Starting work for Doppler shift rate 2.965025, FFT length 65536
Starting work for Doppler shift rate 2.966874, FFT length 131072
Starting work for Doppler shift rate 2.968722, FFT length 131072
Starting work for Doppler shift rate 2.970571, FFT length 131072
Starting work for Doppler shift rate 2.972419, FFT length 131072
Starting work for Doppler shift rate 2.972419, FFT length 65536
Starting work for Doppler shift rate 2.974268, FFT length 131072
Starting work for Doppler shift rate 2.976116, FFT length 131072
Starting work for Doppler shift rate 2.977965, FFT length 131072
Starting work for Doppler shift rate 2.979813, FFT length 131072
Starting work for Doppler shift rate 2.979813, FFT length 65536
Starting work for Doppler shift rate 2.981662, FFT length 131072
Starting work for Doppler shift rate 2.983510, FFT length 131072
Starting work for Doppler shift rate 2.985359, FFT length 131072
Starting work for Doppler shift rate 2.987207, FFT length 131072
Starting work for Doppler shift rate 2.987207, FFT length 65536
Starting work for Doppler shift rate 2.987207, FFT length 32768
Starting work for Doppler shift rate 2.989056, FFT length 131072
Starting work for Doppler shift rate 2.990905, FFT length 131072
Starting work for Doppler shift rate 2.992753, FFT length 131072
Starting work for Doppler shift rate 2.994601, FFT length 131072
Starting work for Doppler shift rate 2.994601, FFT length 65536
Starting work for Doppler shift rate 2.996450, FFT length 131072
Starting work for Doppler shift rate 2.998299, FFT length 131072
Starting work for Doppler shift rate 3.000147, FFT length 131072
Starting work for Doppler shift rate 3.001996, FFT length 131072
Starting work for Doppler shift rate 3.001996, FFT length 65536
Starting work for Doppler shift rate 3.003844, FFT length 131072
Starting work for Doppler shift rate 3.005693, FFT length 131072
Starting work for Doppler shift rate 3.007541, FFT length 131072
Starting work for Doppler shift rate 3.009390, FFT length 131072
Starting work for Doppler shift rate 3.009390, FFT length 65536
Starting work for Doppler shift rate 3.011238, FFT length 131072
Starting work for Doppler shift rate 3.013087, FFT length 131072
Starting work for Doppler shift rate 3.014935, FFT length 131072
Starting work for Doppler shift rate 3.016784, FFT length 131072
Starting work for Doppler shift rate 3.016784, FFT length 65536
Starting work for Doppler shift rate 3.016784, FFT length 32768
Starting work for Doppler shift rate 3.018632, FFT length 131072
Starting work for Doppler shift rate 3.020481, FFT length 131072
Starting work for Doppler shift rate 3.022329, FFT length 131072
Starting work for Doppler shift rate 3.024178, FFT length 131072
Starting work for Doppler shift rate 3.024178, FFT length 65536
Starting work for Doppler shift rate 3.026026, FFT length 131072
Starting work for Doppler shift rate 3.027875, FFT length 131072
Starting work for Doppler shift rate 3.029723, FFT length 131072
Starting work for Doppler shift rate 3.031572, FFT length 131072
Starting work for Doppler shift rate 3.031572, FFT length 65536
Starting work for Doppler shift rate 3.033420, FFT length 131072
Starting work for Doppler shift rate 3.035269, FFT length 131072
Starting work for Doppler shift rate 3.037117, FFT length 131072
Starting work for Doppler shift rate 3.038966, FFT length 131072
Starting work for Doppler shift rate 3.038966, FFT length 65536
Starting work for Doppler shift rate 3.040814, FFT length 131072
Starting work for Doppler shift rate 3.042663, FFT length 131072
Starting work for Doppler shift rate 3.044512, FFT length 131072
Starting work for Doppler shift rate 3.046360, FFT length 131072
Starting work for Doppler shift rate 3.046360, FFT length 65536
Starting work for Doppler shift rate 3.046360, FFT length 32768
Starting work for Doppler shift rate 3.048208, FFT length 131072
Starting work for Doppler shift rate 3.050057, FFT length 131072
Starting work for Doppler shift rate 3.051906, FFT length 131072
Starting work for Doppler shift rate 3.053754, FFT length 131072
Starting work for Doppler shift rate 3.053754, FFT length 65536
Starting work for Doppler shift rate 3.055603, FFT length 131072
Starting work for Doppler shift rate 3.057451, FFT length 131072
Starting work for Doppler shift rate 3.059300, FFT length 131072
Starting work for Doppler shift rate 3.061148, FFT length 131072
Starting work for Doppler shift rate 3.061148, FFT length 65536
Starting work for Doppler shift rate 3.062997, FFT length 131072
Starting work for Doppler shift rate 3.064845, FFT length 131072
Starting work for Doppler shift rate 3.066694, FFT length 131072
Starting work for Doppler shift rate 3.068542, FFT length 131072
Starting work for Doppler shift rate 3.068542, FFT length 65536
Starting work for Doppler shift rate 3.070391, FFT length 131072
Starting work for Doppler shift rate 3.072239, FFT length 131072
Starting work for Doppler shift rate 3.074088, FFT length 131072
Starting work for Doppler shift rate 3.075936, FFT length 131072
Starting work for Doppler shift rate 3.075936, FFT length 65536
Starting work for Doppler shift rate 3.075936, FFT length 32768
Starting work for Doppler shift rate 3.075936, FFT length 16384
... Searching for Gaussians
Starting work for Doppler shift rate 3.077785, FFT length 131072
Starting work for Doppler shift rate 3.079633, FFT length 131072
Starting work for Doppler shift rate 3.081482, FFT length 131072
Starting work for Doppler shift rate 3.083330, FFT length 131072
Starting work for Doppler shift rate 3.083330, FFT length 65536
Starting work for Doppler shift rate 3.085179, FFT length 131072
Starting work for Doppler shift rate 3.087028, FFT length 131072
Starting work for Doppler shift rate 3.088876, FFT length 131072
Starting work for Doppler shift rate 3.090724, FFT length 131072
Starting work for Doppler shift rate 3.090724, FFT length 65536
Starting work for Doppler shift rate 3.092573, FFT length 131072
Starting work for Doppler shift rate 3.094422, FFT length 131072
Starting work for Doppler shift rate 3.096270, FFT length 131072
Starting work for Doppler shift rate 3.098119, FFT length 131072
Starting work for Doppler shift rate 3.098119, FFT length 65536
Starting work for Doppler shift rate 3.099967, FFT length 131072
Starting work for Doppler shift rate 3.101816, FFT length 131072
Starting work for Doppler shift rate 3.103664, FFT length 131072
Starting work for Doppler shift rate 3.105513, FFT length 131072
Starting work for Doppler shift rate 3.105513, FFT length 65536
Starting work for Doppler shift rate 3.105513, FFT length 32768
Starting work for Doppler shift rate 3.107361, FFT length 131072
Starting work for Doppler shift rate 3.109210, FFT length 131072
Starting work for Doppler shift rate 3.111058, FFT length 131072
Starting work for Doppler shift rate 3.112907, FFT length 131072
Starting work for Doppler shift rate 3.112907, FFT length 65536
Starting work for Doppler shift rate 3.114755, FFT length 131072
Starting work for Doppler shift rate 3.116604, FFT length 131072
Starting work for Doppler shift rate 3.118452, FFT length 131072
Starting work for Doppler shift rate 3.120301, FFT length 131072
Starting work for Doppler shift rate 3.120301, FFT length 65536
Starting work for Doppler shift rate 3.122149, FFT length 131072
Starting work for Doppler shift rate 3.123998, FFT length 131072
Starting work for Doppler shift rate 3.125846, FFT length 131072
Starting work for Doppler shift rate 3.127695, FFT length 131072
Starting work for Doppler shift rate 3.127695, FFT length 65536
Starting work for Doppler shift rate 3.129544, FFT length 131072
Starting work for Doppler shift rate 3.131392, FFT length 131072
Starting work for Doppler shift rate 3.133240, FFT length 131072
Starting work for Doppler shift rate 3.135089, FFT length 131072
Starting work for Doppler shift rate 3.135089, FFT length 65536
Starting work for Doppler shift rate 3.135089, FFT length 32768
Starting work for Doppler shift rate 3.136938, FFT length 131072
Starting work for Doppler shift rate 3.138786, FFT length 131072
Starting work for Doppler shift rate 3.140635, FFT length 131072
Starting work for Doppler shift rate 3.142483, FFT length 131072
Starting work for Doppler shift rate 3.142483, FFT length 65536
Starting work for Doppler shift rate 3.144332, FFT length 131072
Starting work for Doppler shift rate 3.146180, FFT length 131072
Starting work for Doppler shift rate 3.148029, FFT length 131072
Starting work for Doppler shift rate 3.149877, FFT length 131072
Starting work for Doppler shift rate 3.149877, FFT length 65536
Starting work for Doppler shift rate 3.151726, FFT length 131072
Starting work for Doppler shift rate 3.153574, FFT length 131072
Starting work for Doppler shift rate 3.155423, FFT length 131072
Starting work for Doppler shift rate 3.157271, FFT length 131072
Starting work for Doppler shift rate 3.157271, FFT length 65536
Starting work for Doppler shift rate 3.159120, FFT length 131072
Starting work for Doppler shift rate 3.160968, FFT length 131072
Starting work for Doppler shift rate 3.162817, FFT length 131072
Starting work for Doppler shift rate 3.164665, FFT length 131072
Starting work for Doppler shift rate 3.164665, FFT length 65536
Starting work for Doppler shift rate 3.164665, FFT length 32768
Starting work for Doppler shift rate 3.166514, FFT length 131072
Starting work for Doppler shift rate 3.168362, FFT length 131072
Starting work for Doppler shift rate 3.170211, FFT length 131072
Starting work for Doppler shift rate 3.172059, FFT length 131072
Starting work for Doppler shift rate 3.172059, FFT length 65536
Starting work for Doppler shift rate 3.173908, FFT length 131072
Starting work for Doppler shift rate 3.175756, FFT length 131072
Starting work for Doppler shift rate 3.177605, FFT length 131072
Starting work for Doppler shift rate 3.179453, FFT length 131072
Starting work for Doppler shift rate 3.179453, FFT length 65536
Starting work for Doppler shift rate 3.181302, FFT length 131072
Starting work for Doppler shift rate 3.183151, FFT length 131072
Starting work for Doppler shift rate 3.184999, FFT length 131072
Starting work for Doppler shift rate 3.186847, FFT length 131072
Starting work for Doppler shift rate 3.186847, FFT length 65536
Starting work for Doppler shift rate 3.188696, FFT length 131072
Starting work for Doppler shift rate 3.190545, FFT length 131072
Starting work for Doppler shift rate 3.192393, FFT length 131072
Starting work for Doppler shift rate 3.194242, FFT length 131072
Starting work for Doppler shift rate 3.194242, FFT length 65536
Starting work for Doppler shift rate 3.194242, FFT length 32768
Starting work for Doppler shift rate 3.194242, FFT length 16384
... Searching for Gaussians
Starting work for Doppler shift rate 3.196090, FFT length 131072
Starting work for Doppler shift rate 3.197939, FFT length 131072
Starting work for Doppler shift rate 3.199787, FFT length 131072
Starting work for Doppler shift rate 3.201636, FFT length 131072
Starting work for Doppler shift rate 3.201636, FFT length 65536
Starting work for Doppler shift rate 3.203484, FFT length 131072
Starting work for Doppler shift rate 3.205333, FFT length 131072
Starting work for Doppler shift rate 3.207181, FFT length 131072
Starting work for Doppler shift rate 3.209030, FFT length 131072
Starting work for Doppler shift rate 3.209030, FFT length 65536
Starting work for Doppler shift rate 3.210878, FFT length 131072
Starting work for Doppler shift rate 3.212727, FFT length 131072
Starting work for Doppler shift rate 3.214575, FFT length 131072
Starting work for Doppler shift rate 3.216424, FFT length 131072
Starting work for Doppler shift rate 3.216424, FFT length 65536
Starting work for Doppler shift rate 3.218272, FFT length 131072
Starting work for Doppler shift rate 3.220121, FFT length 131072
Starting work for Doppler shift rate 3.221969, FFT length 131072
Starting work for Doppler shift rate 3.223818, FFT length 131072
Starting work for Doppler shift rate 3.223818, FFT length 65536
Starting work for Doppler shift rate 3.223818, FFT length 32768
Starting work for Doppler shift rate 3.225667, FFT length 131072
Starting work for Doppler shift rate 3.227515, FFT length 131072
Starting work for Doppler shift rate 3.229363, FFT length 131072
Starting work for Doppler shift rate 3.231212, FFT length 131072
Starting work for Doppler shift rate 3.231212, FFT length 65536
Starting work for Doppler shift rate 3.233061, FFT length 131072
Starting work for Doppler shift rate 3.234909, FFT length 131072
Starting work for Doppler shift rate 3.236758, FFT length 131072
Starting work for Doppler shift rate 3.238606, FFT length 131072
Starting work for Doppler shift rate 3.238606, FFT length 65536
Starting work for Doppler shift rate 3.240455, FFT length 131072
Starting work for Doppler shift rate 3.242303, FFT length 131072
Starting work for Doppler shift rate 3.244152, FFT length 131072
Starting work for Doppler shift rate 3.246000, FFT length 131072
Starting work for Doppler shift rate 3.246000, FFT length 65536
Starting work for Doppler shift rate 3.247849, FFT length 131072
Starting work for Doppler shift rate 3.249697, FFT length 131072
Starting work for Doppler shift rate 3.251546, FFT length 131072
Starting work for Doppler shift rate 3.253394, FFT length 131072
Starting work for Doppler shift rate 3.253394, FFT length 65536
Starting work for Doppler shift rate 3.253394, FFT length 32768
Starting work for Doppler shift rate 3.255243, FFT length 131072
Starting work for Doppler shift rate 3.257091, FFT length 131072
Starting work for Doppler shift rate 3.258940, FFT length 131072
Starting work for Doppler shift rate 3.260788, FFT length 131072
Starting work for Doppler shift rate 3.260788, FFT length 65536
Starting work for Doppler shift rate 3.262637, FFT length 131072
Starting work for Doppler shift rate 3.264485, FFT length 131072
Starting work for Doppler shift rate 3.266334, FFT length 131072
Starting work for Doppler shift rate 3.268182, FFT length 131072
Starting work for Doppler shift rate 3.268182, FFT length 65536
Starting work for Doppler shift rate 3.270031, FFT length 131072
Starting work for Doppler shift rate 3.271879, FFT length 131072
Starting work for Doppler shift rate 3.273728, FFT length 131072
Starting work for Doppler shift rate 3.275577, FFT length 131072
Starting work for Doppler shift rate 3.275577, FFT length 65536
Starting work for Doppler shift rate 3.277425, FFT length 131072
Starting work for Doppler shift rate 3.279274, FFT length 131072
Starting work for Doppler shift rate 3.281122, FFT length 131072
Starting work for Doppler shift rate 3.282971, FFT length 131072
Starting work for Doppler shift rate 3.282971, FFT length 65536
Starting work for Doppler shift rate 3.282971, FFT length 32768
Starting work for Doppler shift rate 3.284819, FFT length 131072
Starting work for Doppler shift rate 3.286668, FFT length 131072
Starting work for Doppler shift rate 3.288516, FFT length 131072
Starting work for Doppler shift rate 3.290365, FFT length 131072
Starting work for Doppler shift rate 3.290365, FFT length 65536
Starting work for Doppler shift rate 3.292213, FFT length 131072
Starting work for Doppler shift rate 3.294062, FFT length 131072
Starting work for Doppler shift rate 3.295910, FFT length 131072
Starting work for Doppler shift rate 3.297759, FFT length 131072
Starting work for Doppler shift rate 3.297759, FFT length 65536
Starting work for Doppler shift rate 3.299607, FFT length 131072
Starting work for Doppler shift rate 3.301456, FFT length 131072
Starting work for Doppler shift rate 3.303304, FFT length 131072
Starting work for Doppler shift rate 3.305153, FFT length 131072
Starting work for Doppler shift rate 3.305153, FFT length 65536
Starting work for Doppler shift rate 3.307001, FFT length 131072
Starting work for Doppler shift rate 3.308850, FFT length 131072
Starting work for Doppler shift rate 3.310698, FFT length 131072
Starting work for Doppler shift rate 3.312547, FFT length 131072
Starting work for Doppler shift rate 3.312547, FFT length 65536
Starting work for Doppler shift rate 3.312547, FFT length 32768
Starting work for Doppler shift rate 3.312547, FFT length 16384
... Searching for Gaussians
Starting work for Doppler shift rate 3.312547, FFT length 8192
... Searching for Gaussians
... Searching for Pulses
Starting work for Doppler shift rate 3.314395, FFT length 131072
Starting work for Doppler shift rate 3.316244, FFT length 131072
Starting work for Doppler shift rate 3.318092, FFT length 131072
Starting work for Doppler shift rate 3.319941, FFT length 131072
Starting work for Doppler shift rate 3.319941, FFT length 65536
Starting work for Doppler shift rate 3.321790, FFT length 131072
Starting work for Doppler shift rate 3.323638, FFT length 131072
Starting work for Doppler shift rate 3.325486, FFT length 131072
Starting work for Doppler shift rate 3.327335, FFT length 131072
Starting work for Doppler shift rate 3.327335, FFT length 65536
Starting work for Doppler shift rate 3.329184, FFT length 131072
Starting work for Doppler shift rate 3.331032, FFT length 131072
Starting work for Doppler shift rate 3.332880, FFT length 131072
Starting work for Doppler shift rate 3.334729, FFT length 131072
Starting work for Doppler shift rate 3.334729, FFT length 65536
Starting work for Doppler shift rate 3.336578, FFT length 131072
Starting work for Doppler shift rate 3.338426, FFT length 131072
11.358326% done
Starting work for Doppler shift rate 3.340275, FFT length 131072
Starting work for Doppler shift rate 3.342123, FFT length 131072
Starting work for Doppler shift rate 3.342123, FFT length 65536
Starting work for Doppler shift rate 3.342123, FFT length 32768
Starting work for Doppler shift rate 3.343972, FFT length 131072
Starting work for Doppler shift rate 3.345820, FFT length 131072
Starting work for Doppler shift rate 3.347669, FFT length 131072
Starting work for Doppler shift rate 3.349517, FFT length 131072
Starting work for Doppler shift rate 3.349517, FFT length 65536
Starting work for Doppler shift rate 3.351366, FFT length 131072
Starting work for Doppler shift rate 3.353214, FFT length 131072
Starting work for Doppler shift rate 3.355063, FFT length 131072
Starting work for Doppler shift rate 3.356911, FFT length 131072
Starting work for Doppler shift rate 3.356911, FFT length 65536
Starting work for Doppler shift rate 3.358760, FFT length 131072
Starting work for Doppler shift rate 3.360608, FFT length 131072
Starting work for Doppler shift rate 3.362457, FFT length 131072
Starting work for Doppler shift rate 3.364305, FFT length 131072
Starting work for Doppler shift rate 3.364305, FFT length 65536
Starting work for Doppler shift rate 3.366154, FFT length 131072
Starting work for Doppler shift rate 3.368002, FFT length 131072
Starting work for Doppler shift rate 3.369851, FFT length 131072
Starting work for Doppler shift rate 3.371700, FFT length 131072
Starting work for Doppler shift rate 3.371700, FFT length 65536
Starting work for Doppler shift rate 3.371700, FFT length 32768
Starting work for Doppler shift rate 3.373548, FFT length 131072
Starting work for Doppler shift rate 3.375396, FFT length 131072
Starting work for Doppler shift rate 3.377245, FFT length 131072
Starting work for Doppler shift rate 3.379094, FFT length 131072
Starting work for Doppler shift rate 3.379094, FFT length 65536
Starting work for Doppler shift rate 3.380942, FFT length 131072
Starting work for Doppler shift rate 3.382791, FFT length 131072
Starting work for Doppler shift rate 3.384639, FFT length 131072
Starting work for Doppler shift rate 3.386488, FFT length 131072
Starting work for Doppler shift rate 3.386488, FFT length 65536
Starting work for Doppler shift rate 3.388336, FFT length 131072
Starting work for Doppler shift rate 3.390185, FFT length 131072
Starting work for Doppler shift rate 3.392033, FFT length 131072
Starting work for Doppler shift rate 3.393882, FFT length 131072
Starting work for Doppler shift rate 3.393882, FFT length 65536
Starting work for Doppler shift rate 3.395730, FFT length 131072
Starting work for Doppler shift rate 3.397579, FFT length 131072
Starting work for Doppler shift rate 3.399427, FFT length 131072
Starting work for Doppler shift rate 3.401276, FFT length 131072
Starting work for Doppler shift rate 3.401276, FFT length 65536
Starting work for Doppler shift rate 3.401276, FFT length 32768
Starting work for Doppler shift rate 3.403124, FFT length 131072
Starting work for Doppler shift rate 3.404973, FFT length 131072
Starting work for Doppler shift rate 3.406821, FFT length 131072
Starting work for Doppler shift rate 3.408670, FFT length 131072
Starting work for Doppler shift rate 3.408670, FFT length 65536
Starting work for Doppler shift rate 3.410518, FFT length 131072
Starting work for Doppler shift rate 3.412367, FFT length 131072
Starting work for Doppler shift rate 3.414215, FFT length 131072
Starting work for Doppler shift rate 3.416064, FFT length 131072
Starting work for Doppler shift rate 3.416064, FFT length 65536
Starting work for Doppler shift rate 3.417912, FFT length 131072
Starting work for Doppler shift rate 3.419761, FFT length 131072
Starting work for Doppler shift rate 3.421609, FFT length 131072
Starting work for Doppler shift rate 3.423458, FFT length 131072
Starting work for Doppler shift rate 3.423458, FFT length 65536
Starting work for Doppler shift rate 3.425307, FFT length 131072
Starting work for Doppler shift rate 3.427155, FFT length 131072
Starting work for Doppler shift rate 3.429003, FFT length 131072
Starting work for Doppler shift rate 3.430852, FFT length 131072
Starting work for Doppler shift rate 3.430852, FFT length 65536
Starting work for Doppler shift rate 3.430852, FFT length 32768
Starting work for Doppler shift rate 3.430852, FFT length 16384
... Searching for Gaussians
Starting work for Doppler shift rate 3.432701, FFT length 131072
Starting work for Doppler shift rate 3.434549, FFT length 131072
Starting work for Doppler shift rate 3.436398, FFT length 131072
Starting work for Doppler shift rate 3.438246, FFT length 131072
Starting work for Doppler shift rate 3.438246, FFT length 65536
Starting work for Doppler shift rate 3.440095, FFT length 131072
Starting work for Doppler shift rate 3.441943, FFT length 131072
Starting work for Doppler shift rate 3.443792, FFT length 131072
Starting work for Doppler shift rate 3.445640, FFT length 131072
Starting work for Doppler shift rate 3.445640, FFT length 65536
Starting work for Doppler shift rate 3.447489, FFT length 131072
Starting work for Doppler shift rate 3.449337, FFT length 131072
Starting work for Doppler shift rate 3.451186, FFT length 131072
Starting work for Doppler shift rate 3.453034, FFT length 131072
Starting work for Doppler shift rate 3.453034, FFT length 65536
Starting work for Doppler shift rate 3.454883, FFT length 131072
Starting work for Doppler shift rate 3.456731, FFT length 131072
Starting work for Doppler shift rate 3.458580, FFT length 131072
Starting work for Doppler shift rate 3.460428, FFT length 131072
Starting work for Doppler shift rate 3.460428, FFT length 65536
Starting work for Doppler shift rate 3.460428, FFT length 32768
Starting work for Doppler shift rate 3.462277, FFT length 131072
Starting work for Doppler shift rate 3.464125, FFT length 131072
Starting work for Doppler shift rate 3.465974, FFT length 131072
Starting work for Doppler shift rate 3.467823, FFT length 131072
Starting work for Doppler shift rate 3.467823, FFT length 65536
Starting work for Doppler shift rate 3.469671, FFT length 131072
Starting work for Doppler shift rate 3.471519, FFT length 131072
Starting work for Doppler shift rate 3.473368, FFT length 131072
Starting work for Doppler shift rate 3.475217, FFT length 131072
Starting work for Doppler shift rate 3.475217, FFT length 65536
Starting work for Doppler shift rate 3.477065, FFT length 131072
Starting work for Doppler shift rate 3.478914, FFT length 131072
Starting work for Doppler shift rate 3.480762, FFT length 131072
Starting work for Doppler shift rate 3.482611, FFT length 131072
Starting work for Doppler shift rate 3.482611, FFT length 65536
Starting work for Doppler shift rate 3.484459, FFT length 131072
Starting work for Doppler shift rate 3.486308, FFT length 131072
Starting work for Doppler shift rate 3.488156, FFT length 131072
Starting work for Doppler shift rate 3.490005, FFT length 131072
Starting work for Doppler shift rate 3.490005, FFT length 65536
Starting work for Doppler shift rate 3.490005, FFT length 32768
Starting work for Doppler shift rate 3.491853, FFT length 131072
Starting work for Doppler shift rate 3.493702, FFT length 131072
Starting work for Doppler shift rate 3.495550, FFT length 131072
Starting work for Doppler shift rate 3.497399, FFT length 131072
Starting work for Doppler shift rate 3.497399, FFT length 65536
Starting work for Doppler shift rate 3.499247, FFT length 131072
Starting work for Doppler shift rate 3.501096, FFT length 131072
Starting work for Doppler shift rate 3.502944, FFT length 131072
Starting work for Doppler shift rate 3.504793, FFT length 131072
Starting work for Doppler shift rate 3.504793, FFT length 65536
Starting work for Doppler shift rate 3.506641, FFT length 131072
Starting work for Doppler shift rate 3.508490, FFT length 131072
Starting work for Doppler shift rate 3.510339, FFT length 131072
Starting work for Doppler shift rate 3.512187, FFT length 131072
Starting work for Doppler shift rate 3.512187, FFT length 65536
Starting work for Doppler shift rate 3.514035, FFT length 131072
Starting work for Doppler shift rate 3.515884, FFT length 131072
Starting work for Doppler shift rate 3.517733, FFT length 131072
Starting work for Doppler shift rate 3.519581, FFT length 131072
Starting work for Doppler shift rate 3.519581, FFT length 65536
Starting work for Doppler shift rate 3.519581, FFT length 32768
Starting work for Doppler shift rate 3.521430, FFT length 131072
Starting work for Doppler shift rate 3.523278, FFT length 131072
Starting work for Doppler shift rate 3.525127, FFT length 131072
Starting work for Doppler shift rate 3.526975, FFT length 131072
Starting work for Doppler shift rate 3.526975, FFT length 65536
Starting work for Doppler shift rate 3.528824, FFT length 131072
Starting work for Doppler shift rate 3.530672, FFT length 131072
Starting work for Doppler shift rate 3.532521, FFT length 131072
Starting work for Doppler shift rate 3.534369, FFT length 131072
Starting work for Doppler shift rate 3.534369, FFT length 65536
Starting work for Doppler shift rate 3.536218, FFT length 131072
Starting work for Doppler shift rate 3.538066, FFT length 131072
Starting work for Doppler shift rate 3.539915, FFT length 131072
Starting work for Doppler shift rate 3.541763, FFT length 131072
Starting work for Doppler shift rate 3.541763, FFT length 65536
Starting work for Doppler shift rate 3.543612, FFT length 131072
Starting work for Doppler shift rate 3.545460, FFT length 131072
Starting work for Doppler shift rate 3.547309, FFT length 131072
Starting work for Doppler shift rate 3.549157, FFT length 131072
Starting work for Doppler shift rate 3.549157, FFT length 65536
Starting work for Doppler shift rate 3.549157, FFT length 32768
Starting work for Doppler shift rate 3.549157, FFT length 16384
... Searching for Gaussians
Starting work for Doppler shift rate 3.551006, FFT length 131072
Starting work for Doppler shift rate 3.552854, FFT length 131072
Starting work for Doppler shift rate 3.554703, FFT length 131072
Starting work for Doppler shift rate 3.556551, FFT length 131072
Starting work for Doppler shift rate 3.556551, FFT length 65536
Starting work for Doppler shift rate 3.558400, FFT length 131072
Starting work for Doppler shift rate 3.560248, FFT length 131072
Starting work for Doppler shift rate 3.562097, FFT length 131072
Starting work for Doppler shift rate 3.563946, FFT length 131072
Starting work for Doppler shift rate 3.563946, FFT length 65536
Starting work for Doppler shift rate 3.565794, FFT length 131072
Starting work for Doppler shift rate 3.567642, FFT length 131072
Starting work for Doppler shift rate 3.569491, FFT length 131072
Starting work for Doppler shift rate 3.571340, FFT length 131072
Starting work for Doppler shift rate 3.571340, FFT length 65536
Starting work for Doppler shift rate 3.573188, FFT length 131072
Starting work for Doppler shift rate 3.575037, FFT length 131072
Starting work for Doppler shift rate 3.576885, FFT length 131072
Starting work for Doppler shift rate 3.578734, FFT length 131072
Starting work for Doppler shift rate 3.578734, FFT length 65536
Starting work for Doppler shift rate 3.578734, FFT length 32768
Starting work for Doppler shift rate 3.580582, FFT length 131072
Starting work for Doppler shift rate 3.582431, FFT length 131072
Starting work for Doppler shift rate 3.584279, FFT length 131072
Starting work for Doppler shift rate 3.586128, FFT length 131072
Starting work for Doppler shift rate 3.586128, FFT length 65536
Starting work for Doppler shift rate 3.587976, FFT length 131072
Starting work for Doppler shift rate 3.589825, FFT length 131072
Starting work for Doppler shift rate 3.591673, FFT length 131072
Starting work for Doppler shift rate 3.593522, FFT length 131072
Starting work for Doppler shift rate 3.593522, FFT length 65536
Starting work for Doppler shift rate 3.595370, FFT length 131072
Starting work for Doppler shift rate 3.597219, FFT length 131072
Starting work for Doppler shift rate 3.599067, FFT length 131072
Starting work for Doppler shift rate 3.600916, FFT length 131072
Starting work for Doppler shift rate 3.600916, FFT length 65536
Starting work for Doppler shift rate 3.602764, FFT length 131072
Starting work for Doppler shift rate 3.604613, FFT length 131072
Starting work for Doppler shift rate 3.606462, FFT length 131072
Starting work for Doppler shift rate 3.608310, FFT length 131072
Starting work for Doppler shift rate 3.608310, FFT length 65536
Starting work for Doppler shift rate 3.608310, FFT length 32768
Starting work for Doppler shift rate 3.610158, FFT length 131072
Starting work for Doppler shift rate 3.612007, FFT length 131072
Starting work for Doppler shift rate 3.613856, FFT length 131072
Starting work for Doppler shift rate 3.615704, FFT length 131072
Starting work for Doppler shift rate 3.615704, FFT length 65536
Starting work for Doppler shift rate 3.617553, FFT length 131072
Starting work for Doppler shift rate 3.619401, FFT length 131072
Starting work for Doppler shift rate 3.621250, FFT length 131072
Starting work for Doppler shift rate 3.623098, FFT length 131072
Starting work for Doppler shift rate 3.623098, FFT length 65536
Starting work for Doppler shift rate 3.624947, FFT length 131072
Starting work for Doppler shift rate 3.626795, FFT length 131072
Starting work for Doppler shift rate 3.628644, FFT length 131072
Starting work for Doppler shift rate 3.630492, FFT length 131072
Starting work for Doppler shift rate 3.630492, FFT length 65536
Starting work for Doppler shift rate 3.632341, FFT length 131072
Starting work for Doppler shift rate 3.634189, FFT length 131072
Starting work for Doppler shift rate 3.636038, FFT length 131072
Starting work for Doppler shift rate 3.637886, FFT length 131072
Starting work for Doppler shift rate 3.637886, FFT length 65536
Starting work for Doppler shift rate 3.637886, FFT length 32768
Starting work for Doppler shift rate 3.639735, FFT length 131072
Starting work for Doppler shift rate 3.641583, FFT length 131072
Starting work for Doppler shift rate 3.643432, FFT length 131072
Starting work for Doppler shift rate 3.645280, FFT length 131072
Starting work for Doppler shift rate 3.645280, FFT length 65536
Starting work for Doppler shift rate 3.647129, FFT length 131072
Starting work for Doppler shift rate 3.648978, FFT length 131072
Starting work for Doppler shift rate 3.650826, FFT length 131072
Starting work for Doppler shift rate 3.652674, FFT length 131072
Starting work for Doppler shift rate 3.652674, FFT length 65536
Starting work for Doppler shift rate 3.654523, FFT length 131072
Starting work for Doppler shift rate 3.656372, FFT length 131072
Starting work for Doppler shift rate 3.658220, FFT length 131072
Starting work for Doppler shift rate 3.660069, FFT length 131072
Starting work for Doppler shift rate 3.660069, FFT length 65536
Starting work for Doppler shift rate 3.661917, FFT length 131072
Starting work for Doppler shift rate 3.663766, FFT length 131072
Starting work for Doppler shift rate 3.665614, FFT length 131072
Starting work for Doppler shift rate 3.667463, FFT length 131072
Starting work for Doppler shift rate 3.667463, FFT length 65536
Starting work for Doppler shift rate 3.667463, FFT length 32768
Starting work for Doppler shift rate 3.667463, FFT length 16384
... Searching for Gaussians
Starting work for Doppler shift rate 3.669311, FFT length 131072
Starting work for Doppler shift rate 3.671160, FFT length 131072
Starting work for Doppler shift rate 3.673008, FFT length 131072
Starting work for Doppler shift rate 3.674857, FFT length 131072
Starting work for Doppler shift rate 3.674857, FFT length 65536
Starting work for Doppler shift rate 3.676705, FFT length 131072
Starting work for Doppler shift rate 3.678554, FFT length 131072
Starting work for Doppler shift rate 3.680402, FFT length 131072
Starting work for Doppler shift rate 3.682251, FFT length 131072
Starting work for Doppler shift rate 3.682251, FFT length 65536
Starting work for Doppler shift rate 3.684099, FFT length 131072
Starting work for Doppler shift rate 3.685948, FFT length 131072
Starting work for Doppler shift rate 3.687796, FFT length 131072
Starting work for Doppler shift rate 3.689645, FFT length 131072
Starting work for Doppler shift rate 3.689645, FFT length 65536
Starting work for Doppler shift rate 3.691493, FFT length 131072
Starting work for Doppler shift rate 3.693342, FFT length 131072
Starting work for Doppler shift rate 3.695190, FFT length 131072
Starting work for Doppler shift rate 3.697039, FFT length 131072
Starting work for Doppler shift rate 3.697039, FFT length 65536
Starting work for Doppler shift rate 3.697039, FFT length 32768
Doing baseline smoothing.
Starting work for Doppler shift rate 3.698887, FFT length 131072
Starting work for Doppler shift rate 3.700736, FFT length 131072
Starting work for Doppler shift rate 3.702585, FFT length 131072
Starting work for Doppler shift rate 3.704433, FFT length 131072
Starting work for Doppler shift rate 3.704433, FFT length 65536
Starting work for Doppler shift rate 3.706281, FFT length 131072
Starting work for Doppler shift rate 3.708130, FFT length 131072
Starting work for Doppler shift rate 3.709979, FFT length 131072
Starting work for Doppler shift rate 3.711827, FFT length 131072
Starting work for Doppler shift rate 3.711827, FFT length 65536
Starting work for Doppler shift rate 3.713675, FFT length 131072
Starting work for Doppler shift rate 3.715524, FFT length 131072
Starting work for Doppler shift rate 3.717373, FFT length 131072
Starting work for Doppler shift rate 3.719221, FFT length 131072
Starting work for Doppler shift rate 3.719221, FFT length 65536
Starting work for Doppler shift rate 3.721070, FFT length 131072
Starting work for Doppler shift rate 3.722918, FFT length 131072
Starting work for Doppler shift rate 3.724767, FFT length 131072
Starting work for Doppler shift rate 3.726615, FFT length 131072
Starting work for Doppler shift rate 3.726615, FFT length 65536
Starting work for Doppler shift rate 3.726615, FFT length 32768
Starting work for Doppler shift rate 3.728464, FFT length 131072
Starting work for Doppler shift rate 3.730312, FFT length 131072
Starting work for Doppler shift rate 3.732161, FFT length 131072
Starting work for Doppler shift rate 3.734009, FFT length 131072
Starting work for Doppler shift rate 3.734009, FFT length 65536
Starting work for Doppler shift rate 3.735858, FFT length 131072
Starting work for Doppler shift rate 3.737706, FFT length 131072
Starting work for Doppler shift rate 3.739555, FFT length 131072
Starting work for Doppler shift rate 3.741403, FFT length 131072
Starting work for Doppler shift rate 3.741403, FFT length 65536
Starting work for Doppler shift rate 3.743252, FFT length 131072
Starting work for Doppler shift rate 3.745100, FFT length 131072
Starting work for Doppler shift rate 3.746949, FFT length 131072
Starting work for Doppler shift rate 3.748797, FFT length 131072
Starting work for Doppler shift rate 3.748797, FFT length 65536
Starting work for Doppler shift rate 3.750646, FFT length 131072
Starting work for Doppler shift rate 3.752495, FFT length 131072
Starting work for Doppler shift rate 3.754343, FFT length 131072
Starting work for Doppler shift rate 3.756191, FFT length 131072
Starting work for Doppler shift rate 3.756191, FFT length 65536
Starting work for Doppler shift rate 3.756191, FFT length 32768
Starting work for Doppler shift rate 3.758040, FFT length 131072
Starting work for Doppler shift rate 3.759889, FFT length 131072
Starting work for Doppler shift rate 3.761737, FFT length 131072
Starting work for Doppler shift rate 3.763586, FFT length 131072
Starting work for Doppler shift rate 3.763586, FFT length 65536
Starting work for Doppler shift rate 3.765434, FFT length 131072
Starting work for Doppler shift rate 3.767283, FFT length 131072
Starting work for Doppler shift rate 3.769131, FFT length 131072
Starting work for Doppler shift rate 3.770980, FFT length 131072
Starting work for Doppler shift rate 3.770980, FFT length 65536
Starting work for Doppler shift rate 3.772828, FFT length 131072
Starting work for Doppler shift rate 3.774677, FFT length 131072
Starting work for Doppler shift rate 3.776525, FFT length 131072
Starting work for Doppler shift rate 3.778374, FFT length 131072
Starting work for Doppler shift rate 3.778374, FFT length 65536
Starting work for Doppler shift rate 3.780222, FFT length 131072
Starting work for Doppler shift rate 3.782071, FFT length 131072
Starting work for Doppler shift rate 3.783919, FFT length 131072
Starting work for Doppler shift rate 3.785768, FFT length 131072
Starting work for Doppler shift rate 3.785768, FFT length 65536
Starting work for Doppler shift rate 3.785768, FFT length 32768
Starting work for Doppler shift rate 3.785768, FFT length 16384
... Searching for Gaussians
Starting work for Doppler shift rate 3.785768, FFT length 8192
... Searching for Gaussians
... Searching for Pulses
Starting work for Doppler shift rate 3.785768, FFT length 4096
... Searching for Gaussians
... Searching for Pulses
Starting work for Doppler shift rate 3.787616, FFT length 131072
Starting work for Doppler shift rate 3.789465, FFT length 131072
Starting work for Doppler shift rate 3.791313, FFT length 131072
Starting work for Doppler shift rate 3.793162, FFT length 131072
Starting work for Doppler shift rate 3.793162, FFT length 65536
Starting work for Doppler shift rate 3.795010, FFT length 131072
Starting work for Doppler shift rate 3.796859, FFT length 131072
Starting work for Doppler shift rate 3.798707, FFT length 131072
Starting work for Doppler shift rate 3.800556, FFT length 131072
Starting work for Doppler shift rate 3.800556, FFT length 65536
Starting work for Doppler shift rate 3.802404, FFT length 131072
Starting work for Doppler shift rate 3.804253, FFT length 131072
Starting work for Doppler shift rate 3.806102, FFT length 131072
Starting work for Doppler shift rate 3.807950, FFT length 131072
Starting work for Doppler shift rate 3.807950, FFT length 65536
Starting work for Doppler shift rate 3.809798, FFT length 131072
Starting work for Doppler shift rate 3.811647, FFT length 131072
Starting work for Doppler shift rate 3.813496, FFT length 131072
Starting work for Doppler shift rate 3.815344, FFT length 131072
Starting work for Doppler shift rate 3.815344, FFT length 65536
Starting work for Doppler shift rate 3.815344, FFT length 32768
Starting work for Doppler shift rate 3.817193, FFT length 131072
Starting work for Doppler shift rate 3.819041, FFT length 131072
Starting work for Doppler shift rate 3.820890, FFT length 131072
Starting work for Doppler shift rate 3.822738, FFT length 131072
Starting work for Doppler shift rate 3.822738, FFT length 65536
Starting work for Doppler shift rate 3.824587, FFT length 131072
Starting work for Doppler shift rate 3.826435, FFT length 131072
Starting work for Doppler shift rate 3.828284, FFT length 131072
Starting work for Doppler shift rate 3.830132, FFT length 131072
Starting work for Doppler shift rate 3.830132, FFT length 65536
Starting work for Doppler shift rate 3.831981, FFT length 131072
Starting work for Doppler shift rate 3.833829, FFT length 131072
12.359125% done
Starting work for Doppler shift rate 3.835678, FFT length 131072
Starting work for Doppler shift rate 3.837526, FFT length 131072
Starting work for Doppler shift rate 3.837526, FFT length 65536
Starting work for Doppler shift rate 3.839375, FFT length 131072
Starting work for Doppler shift rate 3.841223, FFT length 131072
Starting work for Doppler shift rate 3.843072, FFT length 131072
Starting work for Doppler shift rate 3.844920, FFT length 131072
Starting work for Doppler shift rate 3.844920, FFT length 65536
Starting work for Doppler shift rate 3.844920, FFT length 32768
Starting work for Doppler shift rate 3.846769, FFT length 131072
Starting work for Doppler shift rate 3.848618, FFT length 131072
Starting work for Doppler shift rate 3.850466, FFT length 131072
Starting work for Doppler shift rate 3.852314, FFT length 131072
Starting work for Doppler shift rate 3.852314, FFT length 65536
Starting work for Doppler shift rate 3.854163, FFT length 131072
Starting work for Doppler shift rate 3.856012, FFT length 131072
Starting work for Doppler shift rate 3.857860, FFT length 131072
Starting work for Doppler shift rate 3.859709, FFT length 131072
Starting work for Doppler shift rate 3.859709, FFT length 65536
Starting work for Doppler shift rate 3.861557, FFT length 131072
Starting work for Doppler shift rate 3.863406, FFT length 131072
Starting work for Doppler shift rate 3.865254, FFT length 131072
Starting work for Doppler shift rate 3.867103, FFT length 131072
Starting work for Doppler shift rate 3.867103, FFT length 65536
Starting work for Doppler shift rate 3.868951, FFT length 131072
Starting work for Doppler shift rate 3.870800, FFT length 131072
Starting work for Doppler shift rate 3.872648, FFT length 131072
Starting work for Doppler shift rate 3.874497, FFT length 131072
Starting work for Doppler shift rate 3.874497, FFT length 65536
Starting work for Doppler shift rate 3.874497, FFT length 32768
Starting work for Doppler shift rate 3.876345, FFT length 131072
Starting work for Doppler shift rate 3.878194, FFT length 131072
Starting work for Doppler shift rate 3.880042, FFT length 131072
Starting work for Doppler shift rate 3.881891, FFT length 131072
Starting work for Doppler shift rate 3.881891, FFT length 65536
Starting work for Doppler shift rate 3.883739, FFT length 131072
Starting work for Doppler shift rate 3.885588, FFT length 131072
Starting work for Doppler shift rate 3.887436, FFT length 131072
Starting work for Doppler shift rate 3.889285, FFT length 131072
Starting work for Doppler shift rate 3.889285, FFT length 65536
Starting work for Doppler shift rate 3.891134, FFT length 131072
Starting work for Doppler shift rate 3.892982, FFT length 131072
Starting work for Doppler shift rate 3.894830, FFT length 131072
Starting work for Doppler shift rate 3.896679, FFT length 131072
Starting work for Doppler shift rate 3.896679, FFT length 65536
Starting work for Doppler shift rate 3.898528, FFT length 131072
Starting work for Doppler shift rate 3.900376, FFT length 131072
Starting work for Doppler shift rate 3.902225, FFT length 131072
Starting work for Doppler shift rate 3.904073, FFT length 131072
Starting work for Doppler shift rate 3.904073, FFT length 65536
Starting work for Doppler shift rate 3.904073, FFT length 32768
Starting work for Doppler shift rate 3.904073, FFT length 16384
... Searching for Gaussians
Starting work for Doppler shift rate 3.905922, FFT length 131072
Starting work for Doppler shift rate 3.907770, FFT length 131072
Starting work for Doppler shift rate 3.909619, FFT length 131072
Starting work for Doppler shift rate 3.911467, FFT length 131072
Starting work for Doppler shift rate 3.911467, FFT length 65536
Starting work for Doppler shift rate 3.913316, FFT length 131072
Starting work for Doppler shift rate 3.915164, FFT length 131072
Starting work for Doppler shift rate 3.917013, FFT length 131072
Starting work for Doppler shift rate 3.918861, FFT length 131072
Starting work for Doppler shift rate 3.918861, FFT length 65536
Starting work for Doppler shift rate 3.920710, FFT length 131072
Starting work for Doppler shift rate 3.922558, FFT length 131072
Starting work for Doppler shift rate 3.924407, FFT length 131072
Starting work for Doppler shift rate 3.926255, FFT length 131072
Starting work for Doppler shift rate 3.926255, FFT length 65536
Starting work for Doppler shift rate 3.928104, FFT length 131072
Starting work for Doppler shift rate 3.929952, FFT length 131072
Starting work for Doppler shift rate 3.931801, FFT length 131072
Starting work for Doppler shift rate 3.933649, FFT length 131072
Starting work for Doppler shift rate 3.933649, FFT length 65536
Starting work for Doppler shift rate 3.933649, FFT length 32768
Starting work for Doppler shift rate 3.935498, FFT length 131072
Starting work for Doppler shift rate 3.937346, FFT length 131072
Starting work for Doppler shift rate 3.939195, FFT length 131072
Starting work for Doppler shift rate 3.941043, FFT length 131072
Starting work for Doppler shift rate 3.941043, FFT length 65536
Starting work for Doppler shift rate 3.942892, FFT length 131072
Starting work for Doppler shift rate 3.944741, FFT length 131072
Starting work for Doppler shift rate 3.946589, FFT length 131072
Starting work for Doppler shift rate 3.948437, FFT length 131072
Starting work for Doppler shift rate 3.948437, FFT length 65536
Starting work for Doppler shift rate 3.950286, FFT length 131072
Starting work for Doppler shift rate 3.952135, FFT length 131072
Starting work for Doppler shift rate 3.953983, FFT length 131072
Starting work for Doppler shift rate 3.955832, FFT length 131072
Starting work for Doppler shift rate 3.955832, FFT length 65536
Starting work for Doppler shift rate 3.957680, FFT length 131072
Starting work for Doppler shift rate 3.959529, FFT length 131072
Starting work for Doppler shift rate 3.961377, FFT length 131072
Starting work for Doppler shift rate 3.963226, FFT length 131072
Starting work for Doppler shift rate 3.963226, FFT length 65536
Starting work for Doppler shift rate 3.963226, FFT length 32768
Starting work for Doppler shift rate 3.965074, FFT length 131072
Starting work for Doppler shift rate 3.966923, FFT length 131072
Starting work for Doppler shift rate 3.968771, FFT length 131072
Starting work for Doppler shift rate 3.970620, FFT length 131072
Starting work for Doppler shift rate 3.970620, FFT length 65536
Starting work for Doppler shift rate 3.972468, FFT length 131072
Starting work for Doppler shift rate 3.974317, FFT length 131072
Starting work for Doppler shift rate 3.976165, FFT length 131072
Starting work for Doppler shift rate 3.978014, FFT length 131072
Starting work for Doppler shift rate 3.978014, FFT length 65536
Starting work for Doppler shift rate 3.979862, FFT length 131072
Starting work for Doppler shift rate 3.981711, FFT length 131072
Starting work for Doppler shift rate 3.983559, FFT length 131072
Starting work for Doppler shift rate 3.985408, FFT length 131072
Starting work for Doppler shift rate 3.985408, FFT length 65536
Starting work for Doppler shift rate 3.987257, FFT length 131072
Starting work for Doppler shift rate 3.989105, FFT length 131072
Starting work for Doppler shift rate 3.990953, FFT length 131072
Starting work for Doppler shift rate 3.992802, FFT length 131072
Starting work for Doppler shift rate 3.992802, FFT length 65536
Starting work for Doppler shift rate 3.992802, FFT length 32768
Starting work for Doppler shift rate 3.994651, FFT length 131072
Starting work for Doppler shift rate 3.996499, FFT length 131072
Starting work for Doppler shift rate 3.998348, FFT length 131072
Starting work for Doppler shift rate 4.000196, FFT length 131072
Starting work for Doppler shift rate 4.000196, FFT length 65536
Starting work for Doppler shift rate 4.002045, FFT length 131072
Starting work for Doppler shift rate 4.003893, FFT length 131072
Starting work for Doppler shift rate 4.005742, FFT length 131072
Starting work for Doppler shift rate 4.007590, FFT length 131072
Starting work for Doppler shift rate 4.007590, FFT length 65536
Starting work for Doppler shift rate 4.009439, FFT length 131072
Starting work for Doppler shift rate 4.011287, FFT length 131072
Starting work for Doppler shift rate 4.013136, FFT length 131072
Starting work for Doppler shift rate 4.014984, FFT length 131072
Starting work for Doppler shift rate 4.014984, FFT length 65536
Starting work for Doppler shift rate 4.016833, FFT length 131072
Starting work for Doppler shift rate 4.018682, FFT length 131072
Starting work for Doppler shift rate 4.020530, FFT length 131072
Starting work for Doppler shift rate 4.022378, FFT length 131072
Starting work for Doppler shift rate 4.022378, FFT length 65536
Starting work for Doppler shift rate 4.022378, FFT length 32768
Starting work for Doppler shift rate 4.022378, FFT length 16384
... Searching for Gaussians
Starting work for Doppler shift rate 4.024227, FFT length 131072
Starting work for Doppler shift rate 4.026075, FFT length 131072
Starting work for Doppler shift rate 4.027924, FFT length 131072
Starting work for Doppler shift rate 4.029772, FFT length 131072
Starting work for Doppler shift rate 4.029772, FFT length 65536
Starting work for Doppler shift rate 4.031621, FFT length 131072
Starting work for Doppler shift rate 4.033470, FFT length 131072
Starting work for Doppler shift rate 4.035318, FFT length 131072
Starting work for Doppler shift rate 4.037167, FFT length 131072
Starting work for Doppler shift rate 4.037167, FFT length 65536
Starting work for Doppler shift rate 4.039015, FFT length 131072
Starting work for Doppler shift rate 4.040864, FFT length 131072
Starting work for Doppler shift rate 4.042712, FFT length 131072
Starting work for Doppler shift rate 4.044560, FFT length 131072
Starting work for Doppler shift rate 4.044560, FFT length 65536
Starting work for Doppler shift rate 4.046409, FFT length 131072
Starting work for Doppler shift rate 4.048258, FFT length 131072
Starting work for Doppler shift rate 4.050106, FFT length 131072
Starting work for Doppler shift rate 4.051955, FFT length 131072
Starting work for Doppler shift rate 4.051955, FFT length 65536
Starting work for Doppler shift rate 4.051955, FFT length 32768
Starting work for Doppler shift rate 4.053803, FFT length 131072
Starting work for Doppler shift rate 4.055652, FFT length 131072
Starting work for Doppler shift rate 4.057500, FFT length 131072
Starting work for Doppler shift rate 4.059349, FFT length 131072
Starting work for Doppler shift rate 4.059349, FFT length 65536
Starting work for Doppler shift rate 4.061197, FFT length 131072
Starting work for Doppler shift rate 4.063046, FFT length 131072
Starting work for Doppler shift rate 4.064894, FFT length 131072
Starting work for Doppler shift rate 4.066743, FFT length 131072
Starting work for Doppler shift rate 4.066743, FFT length 65536
Starting work for Doppler shift rate 4.068591, FFT length 131072
Starting work for Doppler shift rate 4.070440, FFT length 131072
Starting work for Doppler shift rate 4.072289, FFT length 131072
Starting work for Doppler shift rate 4.074137, FFT length 131072
Starting work for Doppler shift rate 4.074137, FFT length 65536
Starting work for Doppler shift rate 4.075985, FFT length 131072
Starting work for Doppler shift rate 4.077834, FFT length 131072
Starting work for Doppler shift rate 4.079682, FFT length 131072
Starting work for Doppler shift rate 4.081531, FFT length 131072
Starting work for Doppler shift rate 4.081531, FFT length 65536
Starting work for Doppler shift rate 4.081531, FFT length 32768
Starting work for Doppler shift rate 4.083379, FFT length 131072
Starting work for Doppler shift rate 4.085228, FFT length 131072
Starting work for Doppler shift rate 4.087077, FFT length 131072
Starting work for Doppler shift rate 4.088925, FFT length 131072
Starting work for Doppler shift rate 4.088925, FFT length 65536
Starting work for Doppler shift rate 4.090774, FFT length 131072
Starting work for Doppler shift rate 4.092622, FFT length 131072
Starting work for Doppler shift rate 4.094471, FFT length 131072
Starting work for Doppler shift rate 4.096319, FFT length 131072
Starting work for Doppler shift rate 4.096319, FFT length 65536
Starting work for Doppler shift rate 4.098167, FFT length 131072
Starting work for Doppler shift rate 4.100016, FFT length 131072
Starting work for Doppler shift rate 4.101865, FFT length 131072
Starting work for Doppler shift rate 4.103713, FFT length 131072
Starting work for Doppler shift rate 4.103713, FFT length 65536
Starting work for Doppler shift rate 4.105562, FFT length 131072
Starting work for Doppler shift rate 4.107410, FFT length 131072
Starting work for Doppler shift rate 4.109259, FFT length 131072
Starting work for Doppler shift rate 4.111107, FFT length 131072
Starting work for Doppler shift rate 4.111107, FFT length 65536
Starting work for Doppler shift rate 4.111107, FFT length 32768
Starting work for Doppler shift rate 4.112956, FFT length 131072
Starting work for Doppler shift rate 4.114804, FFT length 131072
Starting work for Doppler shift rate 4.116653, FFT length 131072
Starting work for Doppler shift rate 4.118501, FFT length 131072
Starting work for Doppler shift rate 4.118501, FFT length 65536
Starting work for Doppler shift rate 4.120350, FFT length 131072
Starting work for Doppler shift rate 4.122199, FFT length 131072
Starting work for Doppler shift rate 4.124047, FFT length 131072
Starting work for Doppler shift rate 4.125896, FFT length 131072
Starting work for Doppler shift rate 4.125896, FFT length 65536
Starting work for Doppler shift rate 4.127744, FFT length 131072
Starting work for Doppler shift rate 4.129592, FFT length 131072
Starting work for Doppler shift rate 4.131441, FFT length 131072
Starting work for Doppler shift rate 4.133289, FFT length 131072
Starting work for Doppler shift rate 4.133289, FFT length 65536
Starting work for Doppler shift rate 4.135138, FFT length 131072
Starting work for Doppler shift rate 4.136987, FFT length 131072
Starting work for Doppler shift rate 4.138835, FFT length 131072
Starting work for Doppler shift rate 4.140684, FFT length 131072
Starting work for Doppler shift rate 4.140684, FFT length 65536
Starting work for Doppler shift rate 4.140684, FFT length 32768
Starting work for Doppler shift rate 4.140684, FFT length 16384
... Searching for Gaussians
Starting work for Doppler shift rate 4.142532, FFT length 131072
Starting work for Doppler shift rate 4.144381, FFT length 131072
Starting work for Doppler shift rate 4.146229, FFT length 131072
Starting work for Doppler shift rate 4.148077, FFT length 131072
Starting work for Doppler shift rate 4.148077, FFT length 65536
Starting work for Doppler shift rate 4.149926, FFT length 131072
Starting work for Doppler shift rate 4.151775, FFT length 131072
Starting work for Doppler shift rate 4.153623, FFT length 131072
Starting work for Doppler shift rate 4.155472, FFT length 131072
Starting work for Doppler shift rate 4.155472, FFT length 65536
Starting work for Doppler shift rate 4.157320, FFT length 131072
Starting work for Doppler shift rate 4.159169, FFT length 131072
Starting work for Doppler shift rate 4.161017, FFT length 131072
Starting work for Doppler shift rate 4.162866, FFT length 131072
Starting work for Doppler shift rate 4.162866, FFT length 65536
Starting work for Doppler shift rate 4.164714, FFT length 131072
Starting work for Doppler shift rate 4.166563, FFT length 131072
Starting work for Doppler shift rate 4.168411, FFT length 131072
Starting work for Doppler shift rate 4.170260, FFT length 131072
Starting work for Doppler shift rate 4.170260, FFT length 65536
Starting work for Doppler shift rate 4.170260, FFT length 32768
Starting work for Doppler shift rate 4.172108, FFT length 131072
Starting work for Doppler shift rate 4.173957, FFT length 131072
Starting work for Doppler shift rate 4.175806, FFT length 131072
Starting work for Doppler shift rate 4.177654, FFT length 131072
Starting work for Doppler shift rate 4.177654, FFT length 65536
Starting work for Doppler shift rate 4.179502, FFT length 131072
Starting work for Doppler shift rate 4.181351, FFT length 131072
Starting work for Doppler shift rate 4.183199, FFT length 131072
Starting work for Doppler shift rate 4.185048, FFT length 131072
Starting work for Doppler shift rate 4.185048, FFT length 65536
Starting work for Doppler shift rate 4.186897, FFT length 131072
Starting work for Doppler shift rate 4.188745, FFT length 131072
Starting work for Doppler shift rate 4.190594, FFT length 131072
Starting work for Doppler shift rate 4.192442, FFT length 131072
Starting work for Doppler shift rate 4.192442, FFT length 65536
Starting work for Doppler shift rate 4.194291, FFT length 131072
Starting work for Doppler shift rate 4.196139, FFT length 131072
Starting work for Doppler shift rate 4.197988, FFT length 131072
Starting work for Doppler shift rate 4.199836, FFT length 131072
Starting work for Doppler shift rate 4.199836, FFT length 65536
Starting work for Doppler shift rate 4.199836, FFT length 32768
Starting work for Doppler shift rate 4.201685, FFT length 131072
Starting work for Doppler shift rate 4.203533, FFT length 131072
Starting work for Doppler shift rate 4.205382, FFT length 131072
Starting work for Doppler shift rate 4.207230, FFT length 131072
Starting work for Doppler shift rate 4.207230, FFT length 65536
Starting work for Doppler shift rate 4.209079, FFT length 131072
Starting work for Doppler shift rate 4.210927, FFT length 131072
Starting work for Doppler shift rate 4.212776, FFT length 131072
Starting work for Doppler shift rate 4.214624, FFT length 131072
Starting work for Doppler shift rate 4.214624, FFT length 65536
Starting work for Doppler shift rate 4.216473, FFT length 131072
Starting work for Doppler shift rate 4.218321, FFT length 131072
Starting work for Doppler shift rate 4.220170, FFT length 131072
Starting work for Doppler shift rate 4.222018, FFT length 131072
Starting work for Doppler shift rate 4.222018, FFT length 65536
Starting work for Doppler shift rate 4.223867, FFT length 131072
Starting work for Doppler shift rate 4.225716, FFT length 131072
Starting work for Doppler shift rate 4.227564, FFT length 131072
Starting work for Doppler shift rate 4.229413, FFT length 131072
Starting work for Doppler shift rate 4.229413, FFT length 65536
Starting work for Doppler shift rate 4.229413, FFT length 32768
Starting work for Doppler shift rate 4.231261, FFT length 131072
Starting work for Doppler shift rate 4.233109, FFT length 131072
Starting work for Doppler shift rate 4.234958, FFT length 131072
Starting work for Doppler shift rate 4.236806, FFT length 131072
Starting work for Doppler shift rate 4.236806, FFT length 65536
Starting work for Doppler shift rate 4.238655, FFT length 131072
Starting work for Doppler shift rate 4.240504, FFT length 131072
Starting work for Doppler shift rate 4.242352, FFT length 131072
Starting work for Doppler shift rate 4.244201, FFT length 131072
Starting work for Doppler shift rate 4.244201, FFT length 65536
Starting work for Doppler shift rate 4.246049, FFT length 131072
Starting work for Doppler shift rate 4.247898, FFT length 131072
Starting work for Doppler shift rate 4.249746, FFT length 131072
Starting work for Doppler shift rate 4.251595, FFT length 131072
Starting work for Doppler shift rate 4.251595, FFT length 65536
Starting work for Doppler shift rate 4.253443, FFT length 131072
Starting work for Doppler shift rate 4.255292, FFT length 131072
Starting work for Doppler shift rate 4.257140, FFT length 131072
Starting work for Doppler shift rate 4.258989, FFT length 131072
Starting work for Doppler shift rate 4.258989, FFT length 65536
Starting work for Doppler shift rate 4.258989, FFT length 32768
Starting work for Doppler shift rate 4.258989, FFT length 16384
... Searching for Gaussians
Starting work for Doppler shift rate 4.258989, FFT length 8192
... Searching for Gaussians
... Searching for Pulses
Starting work for Doppler shift rate 4.260838, FFT length 131072
Starting work for Doppler shift rate 4.262686, FFT length 131072
Starting work for Doppler shift rate 4.264534, FFT length 131072
Starting work for Doppler shift rate 4.266383, FFT length 131072
Starting work for Doppler shift rate 4.266383, FFT length 65536
Starting work for Doppler shift rate 4.268231, FFT length 131072
Starting work for Doppler shift rate 4.270080, FFT length 131072
Starting work for Doppler shift rate 4.271928, FFT length 131072
Starting work for Doppler shift rate 4.273777, FFT length 131072
Starting work for Doppler shift rate 4.273777, FFT length 65536
Starting work for Doppler shift rate 4.275626, FFT length 131072
Starting work for Doppler shift rate 4.277474, FFT length 131072
Starting work for Doppler shift rate 4.279323, FFT length 131072
Starting work for Doppler shift rate 4.281171, FFT length 131072
Starting work for Doppler shift rate 4.281171, FFT length 65536
Starting work for Doppler shift rate 4.283020, FFT length 131072
Starting work for Doppler shift rate 4.284868, FFT length 131072
Starting work for Doppler shift rate 4.286716, FFT length 131072
Starting work for Doppler shift rate 4.288565, FFT length 131072
Starting work for Doppler shift rate 4.288565, FFT length 65536
Starting work for Doppler shift rate 4.288565, FFT length 32768
Starting work for Doppler shift rate 4.290414, FFT length 131072
Starting work for Doppler shift rate 4.292262, FFT length 131072
Starting work for Doppler shift rate 4.294111, FFT length 131072
Starting work for Doppler shift rate 4.295959, FFT length 131072
Starting work for Doppler shift rate 4.295959, FFT length 65536
Starting work for Doppler shift rate 4.297808, FFT length 131072
Starting work for Doppler shift rate 4.299656, FFT length 131072
Starting work for Doppler shift rate 4.301505, FFT length 131072
Starting work for Doppler shift rate 4.303353, FFT length 131072
Starting work for Doppler shift rate 4.303353, FFT length 65536
Starting work for Doppler shift rate 4.305202, FFT length 131072
Starting work for Doppler shift rate 4.307050, FFT length 131072
Starting work for Doppler shift rate 4.308899, FFT length 131072
Starting work for Doppler shift rate 4.310747, FFT length 131072
Starting work for Doppler shift rate 4.310747, FFT length 65536
Starting work for Doppler shift rate 4.312596, FFT length 131072
Starting work for Doppler shift rate 4.314445, FFT length 131072
Starting work for Doppler shift rate 4.316293, FFT length 131072
Starting work for Doppler shift rate 4.318141, FFT length 131072
Starting work for Doppler shift rate 4.318141, FFT length 65536
Starting work for Doppler shift rate 4.318141, FFT length 32768
Starting work for Doppler shift rate 4.319990, FFT length 131072
Starting work for Doppler shift rate 4.321838, FFT length 131072
Starting work for Doppler shift rate 4.323687, FFT length 131072
Starting work for Doppler shift rate 4.325535, FFT length 131072
Starting work for Doppler shift rate 4.325535, FFT length 65536
Starting work for Doppler shift rate 4.327384, FFT length 131072
Starting work for Doppler shift rate 4.329233, FFT length 131072
Starting work for Doppler shift rate 4.331081, FFT length 131072
Starting work for Doppler shift rate 4.332930, FFT length 131072
Starting work for Doppler shift rate 4.332930, FFT length 65536
Starting work for Doppler shift rate 4.334778, FFT length 131072
Starting work for Doppler shift rate 4.336627, FFT length 131072
Starting work for Doppler shift rate 4.338475, FFT length 131072
Starting work for Doppler shift rate 4.340323, FFT length 131072
Starting work for Doppler shift rate 4.340323, FFT length 65536
Starting work for Doppler shift rate 4.342172, FFT length 131072
Starting work for Doppler shift rate 4.344021, FFT length 131072
Starting work for Doppler shift rate 4.345869, FFT length 131072
Starting work for Doppler shift rate 4.347718, FFT length 131072
Starting work for Doppler shift rate 4.347718, FFT length 65536
Starting work for Doppler shift rate 4.347718, FFT length 32768
Starting work for Doppler shift rate 4.349566, FFT length 131072
Starting work for Doppler shift rate 4.351415, FFT length 131072
Starting work for Doppler shift rate 4.353263, FFT length 131072
Starting work for Doppler shift rate 4.355112, FFT length 131072
Starting work for Doppler shift rate 4.355112, FFT length 65536
Starting work for Doppler shift rate 4.356960, FFT length 131072
Starting work for Doppler shift rate 4.358809, FFT length 131072
13.360888% done
Starting work for Doppler shift rate 4.360657, FFT length 131072
Starting work for Doppler shift rate 4.362506, FFT length 131072
Starting work for Doppler shift rate 4.362506, FFT length 65536
Starting work for Doppler shift rate 4.364355, FFT length 131072
Starting work for Doppler shift rate 4.366203, FFT length 131072
Starting work for Doppler shift rate 4.368052, FFT length 131072
Starting work for Doppler shift rate 4.369900, FFT length 131072
Starting work for Doppler shift rate 4.369900, FFT length 65536
Starting work for Doppler shift rate 4.371748, FFT length 131072
Starting work for Doppler shift rate 4.373597, FFT length 131072
Starting work for Doppler shift rate 4.375445, FFT length 131072
Starting work for Doppler shift rate 4.377294, FFT length 131072
Starting work for Doppler shift rate 4.377294, FFT length 65536
Starting work for Doppler shift rate 4.377294, FFT length 32768
Starting work for Doppler shift rate 4.377294, FFT length 16384
... Searching for Gaussians
Starting work for Doppler shift rate 4.379143, FFT length 131072
Starting work for Doppler shift rate 4.380991, FFT length 131072
Starting work for Doppler shift rate 4.382840, FFT length 131072
Starting work for Doppler shift rate 4.384688, FFT length 131072
Starting work for Doppler shift rate 4.384688, FFT length 65536
Starting work for Doppler shift rate 4.386537, FFT length 131072
Starting work for Doppler shift rate 4.388385, FFT length 131072
Starting work for Doppler shift rate 4.390234, FFT length 131072
Starting work for Doppler shift rate 4.392082, FFT length 131072
Starting work for Doppler shift rate 4.392082, FFT length 65536
Starting work for Doppler shift rate 4.393931, FFT length 131072
Starting work for Doppler shift rate 4.395779, FFT length 131072
Starting work for Doppler shift rate 4.397628, FFT length 131072
Starting work for Doppler shift rate 4.399477, FFT length 131072
Starting work for Doppler shift rate 4.399477, FFT length 65536
Starting work for Doppler shift rate 4.401325, FFT length 131072
Starting work for Doppler shift rate 4.403173, FFT length 131072
Starting work for Doppler shift rate 4.405022, FFT length 131072
Starting work for Doppler shift rate 4.406870, FFT length 131072
Starting work for Doppler shift rate 4.406870, FFT length 65536
Starting work for Doppler shift rate 4.406870, FFT length 32768
Starting work for Doppler shift rate 4.408719, FFT length 131072
Starting work for Doppler shift rate 4.410567, FFT length 131072
Starting work for Doppler shift rate 4.412416, FFT length 131072
Starting work for Doppler shift rate 4.414265, FFT length 131072
Starting work for Doppler shift rate 4.414265, FFT length 65536
Starting work for Doppler shift rate 4.416113, FFT length 131072
Starting work for Doppler shift rate 4.417962, FFT length 131072
Starting work for Doppler shift rate 4.419810, FFT length 131072
Starting work for Doppler shift rate 4.421659, FFT length 131072
Starting work for Doppler shift rate 4.421659, FFT length 65536
Starting work for Doppler shift rate 4.423507, FFT length 131072
Starting work for Doppler shift rate 4.425355, FFT length 131072
Starting work for Doppler shift rate 4.427204, FFT length 131072
Starting work for Doppler shift rate 4.429053, FFT length 131072
Starting work for Doppler shift rate 4.429053, FFT length 65536
Starting work for Doppler shift rate 4.430901, FFT length 131072
Starting work for Doppler shift rate 4.432750, FFT length 131072
Starting work for Doppler shift rate 4.434598, FFT length 131072
Starting work for Doppler shift rate 4.436447, FFT length 131072
Starting work for Doppler shift rate 4.436447, FFT length 65536
Starting work for Doppler shift rate 4.436447, FFT length 32768
Starting work for Doppler shift rate 4.438295, FFT length 131072
Starting work for Doppler shift rate 4.440144, FFT length 131072
Starting work for Doppler shift rate 4.441992, FFT length 131072
Starting work for Doppler shift rate 4.443841, FFT length 131072
Starting work for Doppler shift rate 4.443841, FFT length 65536
Starting work for Doppler shift rate 4.445689, FFT length 131072
Starting work for Doppler shift rate 4.447538, FFT length 131072
Starting work for Doppler shift rate 4.449386, FFT length 131072
Starting work for Doppler shift rate 4.451235, FFT length 131072
Starting work for Doppler shift rate 4.451235, FFT length 65536
Starting work for Doppler shift rate 4.453084, FFT length 131072
Starting work for Doppler shift rate 4.454932, FFT length 131072
Starting work for Doppler shift rate 4.456780, FFT length 131072
Starting work for Doppler shift rate 4.458629, FFT length 131072
Starting work for Doppler shift rate 4.458629, FFT length 65536
Starting work for Doppler shift rate 4.460477, FFT length 131072
Starting work for Doppler shift rate 4.462326, FFT length 131072
Starting work for Doppler shift rate 4.464174, FFT length 131072
Starting work for Doppler shift rate 4.466023, FFT length 131072
Starting work for Doppler shift rate 4.466023, FFT length 65536
Starting work for Doppler shift rate 4.466023, FFT length 32768
Starting work for Doppler shift rate 4.467872, FFT length 131072
Starting work for Doppler shift rate 4.469720, FFT length 131072
Starting work for Doppler shift rate 4.471569, FFT length 131072
Starting work for Doppler shift rate 4.473417, FFT length 131072
Starting work for Doppler shift rate 4.473417, FFT length 65536
Starting work for Doppler shift rate 4.475266, FFT length 131072
Starting work for Doppler shift rate 4.477114, FFT length 131072
Starting work for Doppler shift rate 4.478962, FFT length 131072
Starting work for Doppler shift rate 4.480811, FFT length 131072
Starting work for Doppler shift rate 4.480811, FFT length 65536
Starting work for Doppler shift rate 4.482660, FFT length 131072
Starting work for Doppler shift rate 4.484508, FFT length 131072
Starting work for Doppler shift rate 4.486357, FFT length 131072
Starting work for Doppler shift rate 4.488205, FFT length 131072
Starting work for Doppler shift rate 4.488205, FFT length 65536
Starting work for Doppler shift rate 4.490054, FFT length 131072
Starting work for Doppler shift rate 4.491902, FFT length 131072
Starting work for Doppler shift rate 4.493751, FFT length 131072
Starting work for Doppler shift rate 4.495599, FFT length 131072
Starting work for Doppler shift rate 4.495599, FFT length 65536
Starting work for Doppler shift rate 4.495599, FFT length 32768
Starting work for Doppler shift rate 4.495599, FFT length 16384
... Searching for Gaussians
Starting work for Doppler shift rate 4.497448, FFT length 131072
Starting work for Doppler shift rate 4.499296, FFT length 131072
Starting work for Doppler shift rate 4.501145, FFT length 131072
Starting work for Doppler shift rate 4.502994, FFT length 131072
Starting work for Doppler shift rate 4.502994, FFT length 65536
Starting work for Doppler shift rate 4.504842, FFT length 131072
Starting work for Doppler shift rate 4.506691, FFT length 131072
Starting work for Doppler shift rate 4.508539, FFT length 131072
Starting work for Doppler shift rate 4.510387, FFT length 131072
Starting work for Doppler shift rate 4.510387, FFT length 65536
Starting work for Doppler shift rate 4.512236, FFT length 131072
Starting work for Doppler shift rate 4.514084, FFT length 131072
Starting work for Doppler shift rate 4.515933, FFT length 131072
Starting work for Doppler shift rate 4.517782, FFT length 131072
Starting work for Doppler shift rate 4.517782, FFT length 65536
Starting work for Doppler shift rate 4.519630, FFT length 131072
Starting work for Doppler shift rate 4.521479, FFT length 131072
Starting work for Doppler shift rate 4.523327, FFT length 131072
Starting work for Doppler shift rate 4.525176, FFT length 131072
Starting work for Doppler shift rate 4.525176, FFT length 65536
Starting work for Doppler shift rate 4.525176, FFT length 32768
Starting work for Doppler shift rate 4.527024, FFT length 131072
Starting work for Doppler shift rate 4.528872, FFT length 131072
Starting work for Doppler shift rate 4.530721, FFT length 131072
Starting work for Doppler shift rate 4.532570, FFT length 131072
Starting work for Doppler shift rate 4.532570, FFT length 65536
Starting work for Doppler shift rate 4.534418, FFT length 131072
Starting work for Doppler shift rate 4.536267, FFT length 131072
Starting work for Doppler shift rate 4.538115, FFT length 131072
Starting work for Doppler shift rate 4.539964, FFT length 131072
Starting work for Doppler shift rate 4.539964, FFT length 65536
Starting work for Doppler shift rate 4.541812, FFT length 131072
Starting work for Doppler shift rate 4.543661, FFT length 131072
Starting work for Doppler shift rate 4.545509, FFT length 131072
Starting work for Doppler shift rate 4.547358, FFT length 131072
Starting work for Doppler shift rate 4.547358, FFT length 65536
Starting work for Doppler shift rate 4.549206, FFT length 131072
Starting work for Doppler shift rate 4.551055, FFT length 131072
Starting work for Doppler shift rate 4.552904, FFT length 131072
Starting work for Doppler shift rate 4.554752, FFT length 131072
Starting work for Doppler shift rate 4.554752, FFT length 65536
Starting work for Doppler shift rate 4.554752, FFT length 32768
Starting work for Doppler shift rate 4.556601, FFT length 131072
Starting work for Doppler shift rate 4.558449, FFT length 131072
Starting work for Doppler shift rate 4.560297, FFT length 131072
Starting work for Doppler shift rate 4.562146, FFT length 131072
Starting work for Doppler shift rate 4.562146, FFT length 65536
Starting work for Doppler shift rate 4.563994, FFT length 131072
Starting work for Doppler shift rate 4.565843, FFT length 131072
Starting work for Doppler shift rate 4.567692, FFT length 131072
Starting work for Doppler shift rate 4.569540, FFT length 131072
Starting work for Doppler shift rate 4.569540, FFT length 65536
Starting work for Doppler shift rate 4.571389, FFT length 131072
Starting work for Doppler shift rate 4.573237, FFT length 131072
Starting work for Doppler shift rate 4.575086, FFT length 131072
Starting work for Doppler shift rate 4.576934, FFT length 131072
Starting work for Doppler shift rate 4.576934, FFT length 65536
Starting work for Doppler shift rate 4.578783, FFT length 131072
Starting work for Doppler shift rate 4.580631, FFT length 131072
Starting work for Doppler shift rate 4.582480, FFT length 131072
Starting work for Doppler shift rate 4.584328, FFT length 131072
Starting work for Doppler shift rate 4.584328, FFT length 65536
Starting work for Doppler shift rate 4.584328, FFT length 32768
Starting work for Doppler shift rate 4.586177, FFT length 131072
Starting work for Doppler shift rate 4.588025, FFT length 131072
Starting work for Doppler shift rate 4.589874, FFT length 131072
Starting work for Doppler shift rate 4.591722, FFT length 131072
Starting work for Doppler shift rate 4.591722, FFT length 65536
Starting work for Doppler shift rate 4.593571, FFT length 131072
Starting work for Doppler shift rate 4.595419, FFT length 131072
Starting work for Doppler shift rate 4.597268, FFT length 131072
Starting work for Doppler shift rate 4.599116, FFT length 131072
Starting work for Doppler shift rate 4.599116, FFT length 65536
Starting work for Doppler shift rate 4.600965, FFT length 131072
Starting work for Doppler shift rate 4.602813, FFT length 131072
Starting work for Doppler shift rate 4.604662, FFT length 131072
Starting work for Doppler shift rate 4.606511, FFT length 131072
Starting work for Doppler shift rate 4.606511, FFT length 65536
Starting work for Doppler shift rate 4.608359, FFT length 131072
Starting work for Doppler shift rate 4.610208, FFT length 131072
Starting work for Doppler shift rate 4.612056, FFT length 131072
Starting work for Doppler shift rate 4.613904, FFT length 131072
Starting work for Doppler shift rate 4.613904, FFT length 65536
Starting work for Doppler shift rate 4.613904, FFT length 32768
Starting work for Doppler shift rate 4.613904, FFT length 16384
... Searching for Gaussians
Starting work for Doppler shift rate 4.615753, FFT length 131072
Starting work for Doppler shift rate 4.617601, FFT length 131072
Starting work for Doppler shift rate 4.619450, FFT length 131072
Starting work for Doppler shift rate 4.621299, FFT length 131072
Starting work for Doppler shift rate 4.621299, FFT length 65536
Starting work for Doppler shift rate 4.623147, FFT length 131072
Starting work for Doppler shift rate 4.624996, FFT length 131072
Starting work for Doppler shift rate 4.626844, FFT length 131072
Starting work for Doppler shift rate 4.628693, FFT length 131072
Starting work for Doppler shift rate 4.628693, FFT length 65536
Starting work for Doppler shift rate 4.630541, FFT length 131072
Starting work for Doppler shift rate 4.632390, FFT length 131072
Starting work for Doppler shift rate 4.634238, FFT length 131072
Starting work for Doppler shift rate 4.636087, FFT length 131072
Starting work for Doppler shift rate 4.636087, FFT length 65536
Starting work for Doppler shift rate 4.637935, FFT length 131072
Starting work for Doppler shift rate 4.639784, FFT length 131072
Starting work for Doppler shift rate 4.641633, FFT length 131072
Starting work for Doppler shift rate 4.643481, FFT length 131072
Starting work for Doppler shift rate 4.643481, FFT length 65536
Starting work for Doppler shift rate 4.643481, FFT length 32768
Starting work for Doppler shift rate 4.645329, FFT length 131072
Starting work for Doppler shift rate 4.647178, FFT length 131072
Starting work for Doppler shift rate 4.649026, FFT length 131072
Starting work for Doppler shift rate 4.650875, FFT length 131072
Starting work for Doppler shift rate 4.650875, FFT length 65536
Starting work for Doppler shift rate 4.652723, FFT length 131072
Starting work for Doppler shift rate 4.654572, FFT length 131072
Starting work for Doppler shift rate 4.656421, FFT length 131072
Starting work for Doppler shift rate 4.658269, FFT length 131072
Starting work for Doppler shift rate 4.658269, FFT length 65536
Starting work for Doppler shift rate 4.660118, FFT length 131072
Starting work for Doppler shift rate 4.661966, FFT length 131072
Starting work for Doppler shift rate 4.663815, FFT length 131072
Starting work for Doppler shift rate 4.665663, FFT length 131072
Starting work for Doppler shift rate 4.665663, FFT length 65536
Starting work for Doppler shift rate 4.667511, FFT length 131072
Starting work for Doppler shift rate 4.669360, FFT length 131072
Starting work for Doppler shift rate 4.671209, FFT length 131072
Starting work for Doppler shift rate 4.673057, FFT length 131072
Starting work for Doppler shift rate 4.673057, FFT length 65536
Starting work for Doppler shift rate 4.673057, FFT length 32768
Starting work for Doppler shift rate 4.674906, FFT length 131072
Starting work for Doppler shift rate 4.676754, FFT length 131072
Starting work for Doppler shift rate 4.678603, FFT length 131072
Starting work for Doppler shift rate 4.680451, FFT length 131072
Starting work for Doppler shift rate 4.680451, FFT length 65536
Starting work for Doppler shift rate 4.682300, FFT length 131072
Starting work for Doppler shift rate 4.684148, FFT length 131072
Starting work for Doppler shift rate 4.685997, FFT length 131072
Starting work for Doppler shift rate 4.687845, FFT length 131072
Starting work for Doppler shift rate 4.687845, FFT length 65536
Starting work for Doppler shift rate 4.689694, FFT length 131072
Starting work for Doppler shift rate 4.691542, FFT length 131072
Starting work for Doppler shift rate 4.693391, FFT length 131072
Starting work for Doppler shift rate 4.695240, FFT length 131072
Starting work for Doppler shift rate 4.695240, FFT length 65536
Starting work for Doppler shift rate 4.697088, FFT length 131072
Starting work for Doppler shift rate 4.698936, FFT length 131072
Starting work for Doppler shift rate 4.700785, FFT length 131072
Starting work for Doppler shift rate 4.702633, FFT length 131072
Starting work for Doppler shift rate 4.702633, FFT length 65536
Starting work for Doppler shift rate 4.702633, FFT length 32768
Starting work for Doppler shift rate 4.704482, FFT length 131072
Starting work for Doppler shift rate 4.706330, FFT length 131072
Starting work for Doppler shift rate 4.708179, FFT length 131072
Starting work for Doppler shift rate 4.710028, FFT length 131072
Starting work for Doppler shift rate 4.710028, FFT length 65536
Starting work for Doppler shift rate 4.711876, FFT length 131072
Starting work for Doppler shift rate 4.713725, FFT length 131072
Starting work for Doppler shift rate 4.715573, FFT length 131072
Starting work for Doppler shift rate 4.717422, FFT length 131072
Starting work for Doppler shift rate 4.717422, FFT length 65536
Starting work for Doppler shift rate 4.719270, FFT length 131072
Starting work for Doppler shift rate 4.721118, FFT length 131072
Starting work for Doppler shift rate 4.722967, FFT length 131072
Starting work for Doppler shift rate 4.724816, FFT length 131072
Starting work for Doppler shift rate 4.724816, FFT length 65536
Starting work for Doppler shift rate 4.726664, FFT length 131072
Starting work for Doppler shift rate 4.728513, FFT length 131072
Starting work for Doppler shift rate 4.730361, FFT length 131072
Starting work for Doppler shift rate 4.732210, FFT length 131072
Starting work for Doppler shift rate 4.732210, FFT length 65536
Starting work for Doppler shift rate 4.732210, FFT length 32768
Starting work for Doppler shift rate 4.732210, FFT length 16384
... Searching for Gaussians
Starting work for Doppler shift rate 4.732210, FFT length 8192
... Searching for Gaussians
... Searching for Pulses
Starting work for Doppler shift rate 4.734058, FFT length 131072
Starting work for Doppler shift rate 4.735907, FFT length 131072
Starting work for Doppler shift rate 4.737755, FFT length 131072
Starting work for Doppler shift rate 4.739604, FFT length 131072
Starting work for Doppler shift rate 4.739604, FFT length 65536
Starting work for Doppler shift rate 4.741452, FFT length 131072
Starting work for Doppler shift rate 4.743301, FFT length 131072
Starting work for Doppler shift rate 4.745150, FFT length 131072
Starting work for Doppler shift rate 4.746998, FFT length 131072
Starting work for Doppler shift rate 4.746998, FFT length 65536
Starting work for Doppler shift rate 4.748847, FFT length 131072
Starting work for Doppler shift rate 4.750695, FFT length 131072
Starting work for Doppler shift rate 4.752543, FFT length 131072
Starting work for Doppler shift rate 4.754392, FFT length 131072
Starting work for Doppler shift rate 4.754392, FFT length 65536
Starting work for Doppler shift rate 4.756240, FFT length 131072
Starting work for Doppler shift rate 4.758089, FFT length 131072
Starting work for Doppler shift rate 4.759938, FFT length 131072
Starting work for Doppler shift rate 4.761786, FFT length 131072
Starting work for Doppler shift rate 4.761786, FFT length 65536
Starting work for Doppler shift rate 4.761786, FFT length 32768
Starting work for Doppler shift rate 4.763635, FFT length 131072
Starting work for Doppler shift rate 4.765483, FFT length 131072
Starting work for Doppler shift rate 4.767332, FFT length 131072
Starting work for Doppler shift rate 4.769180, FFT length 131072
Starting work for Doppler shift rate 4.769180, FFT length 65536
Starting work for Doppler shift rate 4.771029, FFT length 131072
Starting work for Doppler shift rate 4.772877, FFT length 131072
Starting work for Doppler shift rate 4.774726, FFT length 131072
Starting work for Doppler shift rate 4.776574, FFT length 131072
Starting work for Doppler shift rate 4.776574, FFT length 65536
Starting work for Doppler shift rate 4.778423, FFT length 131072
Starting work for Doppler shift rate 4.780272, FFT length 131072
Starting work for Doppler shift rate 4.782120, FFT length 131072
Starting work for Doppler shift rate 4.783968, FFT length 131072
Starting work for Doppler shift rate 4.783968, FFT length 65536
Starting work for Doppler shift rate 4.785817, FFT length 131072
Starting work for Doppler shift rate 4.787665, FFT length 131072
Starting work for Doppler shift rate 4.789514, FFT length 131072
Starting work for Doppler shift rate 4.791362, FFT length 131072
Starting work for Doppler shift rate 4.791362, FFT length 65536
Starting work for Doppler shift rate 4.791362, FFT length 32768
Starting work for Doppler shift rate 4.793211, FFT length 131072
Starting work for Doppler shift rate 4.795060, FFT length 131072
Starting work for Doppler shift rate 4.796908, FFT length 131072
Starting work for Doppler shift rate 4.798757, FFT length 131072
Starting work for Doppler shift rate 4.798757, FFT length 65536
Starting work for Doppler shift rate 4.800605, FFT length 131072
Starting work for Doppler shift rate 4.802454, FFT length 131072
Starting work for Doppler shift rate 4.804302, FFT length 131072
Starting work for Doppler shift rate 4.806150, FFT length 131072
Starting work for Doppler shift rate 4.806150, FFT length 65536
Starting work for Doppler shift rate 4.807999, FFT length 131072
Starting work for Doppler shift rate 4.809848, FFT length 131072
Starting work for Doppler shift rate 4.811696, FFT length 131072
Starting work for Doppler shift rate 4.813545, FFT length 131072
Starting work for Doppler shift rate 4.813545, FFT length 65536
Starting work for Doppler shift rate 4.815393, FFT length 131072
Starting work for Doppler shift rate 4.817242, FFT length 131072
Starting work for Doppler shift rate 4.819090, FFT length 131072
Starting work for Doppler shift rate 4.820939, FFT length 131072
Starting work for Doppler shift rate 4.820939, FFT length 65536
Starting work for Doppler shift rate 4.820939, FFT length 32768
Starting work for Doppler shift rate 4.822787, FFT length 131072
Starting work for Doppler shift rate 4.824636, FFT length 131072
Starting work for Doppler shift rate 4.826484, FFT length 131072
Starting work for Doppler shift rate 4.828333, FFT length 131072
Starting work for Doppler shift rate 4.828333, FFT length 65536
Starting work for Doppler shift rate 4.830181, FFT length 131072
Starting work for Doppler shift rate 4.832030, FFT length 131072
Starting work for Doppler shift rate 4.833879, FFT length 131072
Starting work for Doppler shift rate 4.835727, FFT length 131072
Starting work for Doppler shift rate 4.835727, FFT length 65536
Starting work for Doppler shift rate 4.837575, FFT length 131072
Starting work for Doppler shift rate 4.839424, FFT length 131072
Starting work for Doppler shift rate 4.841272, FFT length 131072
Starting work for Doppler shift rate 4.843121, FFT length 131072
Starting work for Doppler shift rate 4.843121, FFT length 65536
Starting work for Doppler shift rate 4.844969, FFT length 131072
Starting work for Doppler shift rate 4.846818, FFT length 131072
Starting work for Doppler shift rate 4.848667, FFT length 131072
Starting work for Doppler shift rate 4.850515, FFT length 131072
Starting work for Doppler shift rate 4.850515, FFT length 65536
Starting work for Doppler shift rate 4.850515, FFT length 32768
Starting work for Doppler shift rate 4.850515, FFT length 16384
... Searching for Gaussians
Starting work for Doppler shift rate 4.852364, FFT length 131072
Starting work for Doppler shift rate 4.854212, FFT length 131072
Starting work for Doppler shift rate 4.856061, FFT length 131072
Starting work for Doppler shift rate 4.857909, FFT length 131072
Starting work for Doppler shift rate 4.857909, FFT length 65536
Starting work for Doppler shift rate 4.859757, FFT length 131072
Starting work for Doppler shift rate 4.861606, FFT length 131072
Starting work for Doppler shift rate 4.863455, FFT length 131072
Starting work for Doppler shift rate 4.865303, FFT length 131072
Starting work for Doppler shift rate 4.865303, FFT length 65536
Starting work for Doppler shift rate 4.867152, FFT length 131072
Starting work for Doppler shift rate 4.869000, FFT length 131072
Starting work for Doppler shift rate 4.870849, FFT length 131072
Starting work for Doppler shift rate 4.872697, FFT length 131072
Starting work for Doppler shift rate 4.872697, FFT length 65536
Starting work for Doppler shift rate 4.874546, FFT length 131072
Starting work for Doppler shift rate 4.876394, FFT length 131072
Starting work for Doppler shift rate 4.878243, FFT length 131072
Starting work for Doppler shift rate 4.880091, FFT length 131072
Starting work for Doppler shift rate 4.880091, FFT length 65536
Starting work for Doppler shift rate 4.880091, FFT length 32768
Starting work for Doppler shift rate 4.881940, FFT length 131072
Starting work for Doppler shift rate 4.883789, FFT length 131072
Starting work for Doppler shift rate 4.885637, FFT length 131072
Starting work for Doppler shift rate 4.887486, FFT length 131072
14.362933% done
Starting work for Doppler shift rate 4.887486, FFT length 65536
Starting work for Doppler shift rate 4.889334, FFT length 131072
Starting work for Doppler shift rate 4.891182, FFT length 131072
Starting work for Doppler shift rate 4.893031, FFT length 131072
Starting work for Doppler shift rate 4.894879, FFT length 131072
Starting work for Doppler shift rate 4.894879, FFT length 65536
Starting work for Doppler shift rate 4.896728, FFT length 131072
Starting work for Doppler shift rate 4.898577, FFT length 131072
Starting work for Doppler shift rate 4.900425, FFT length 131072
Starting work for Doppler shift rate 4.902274, FFT length 131072
Starting work for Doppler shift rate 4.902274, FFT length 65536
Starting work for Doppler shift rate 4.904122, FFT length 131072
Starting work for Doppler shift rate 4.905971, FFT length 131072
Starting work for Doppler shift rate 4.907819, FFT length 131072
Starting work for Doppler shift rate 4.909667, FFT length 131072
Starting work for Doppler shift rate 4.909667, FFT length 65536
Starting work for Doppler shift rate 4.909667, FFT length 32768
Starting work for Doppler shift rate 4.911516, FFT length 131072
Starting work for Doppler shift rate 4.913365, FFT length 131072
Starting work for Doppler shift rate 4.915213, FFT length 131072
Starting work for Doppler shift rate 4.917062, FFT length 131072
Starting work for Doppler shift rate 4.917062, FFT length 65536
Starting work for Doppler shift rate 4.918911, FFT length 131072
Starting work for Doppler shift rate 4.920759, FFT length 131072
Starting work for Doppler shift rate 4.922607, FFT length 131072
Starting work for Doppler shift rate 4.924456, FFT length 131072
Starting work for Doppler shift rate 4.924456, FFT length 65536
Starting work for Doppler shift rate 4.926304, FFT length 131072
Starting work for Doppler shift rate 4.928153, FFT length 131072
Starting work for Doppler shift rate 4.930001, FFT length 131072
Starting work for Doppler shift rate 4.931850, FFT length 131072
Starting work for Doppler shift rate 4.931850, FFT length 65536
Starting work for Doppler shift rate 4.933699, FFT length 131072
Starting work for Doppler shift rate 4.935547, FFT length 131072
Starting work for Doppler shift rate 4.937396, FFT length 131072
Starting work for Doppler shift rate 4.939244, FFT length 131072
Starting work for Doppler shift rate 4.939244, FFT length 65536
Starting work for Doppler shift rate 4.939244, FFT length 32768
Starting work for Doppler shift rate 4.941092, FFT length 131072
Starting work for Doppler shift rate 4.942941, FFT length 131072
Starting work for Doppler shift rate 4.944789, FFT length 131072
Starting work for Doppler shift rate 4.946638, FFT length 131072
Starting work for Doppler shift rate 4.946638, FFT length 65536
Starting work for Doppler shift rate 4.948487, FFT length 131072
Starting work for Doppler shift rate 4.950335, FFT length 131072
Starting work for Doppler shift rate 4.952184, FFT length 131072
Starting work for Doppler shift rate 4.954032, FFT length 131072
Starting work for Doppler shift rate 4.954032, FFT length 65536
Starting work for Doppler shift rate 4.955881, FFT length 131072
Starting work for Doppler shift rate 4.957729, FFT length 131072
Starting work for Doppler shift rate 4.959578, FFT length 131072
Starting work for Doppler shift rate 4.961426, FFT length 131072
Starting work for Doppler shift rate 4.961426, FFT length 65536
Starting work for Doppler shift rate 4.963275, FFT length 131072
Starting work for Doppler shift rate 4.965123, FFT length 131072
Starting work for Doppler shift rate 4.966972, FFT length 131072
Starting work for Doppler shift rate 4.968820, FFT length 131072
Starting work for Doppler shift rate 4.968820, FFT length 65536
Starting work for Doppler shift rate 4.968820, FFT length 32768
Starting work for Doppler shift rate 4.968820, FFT length 16384
... Searching for Gaussians
Starting work for Doppler shift rate 4.970669, FFT length 131072
Starting work for Doppler shift rate 4.972517, FFT length 131072
Starting work for Doppler shift rate 4.974366, FFT length 131072
Starting work for Doppler shift rate 4.976214, FFT length 131072
Starting work for Doppler shift rate 4.976214, FFT length 65536
Starting work for Doppler shift rate 4.978063, FFT length 131072
Starting work for Doppler shift rate 4.979911, FFT length 131072
Starting work for Doppler shift rate 4.981760, FFT length 131072
Starting work for Doppler shift rate 4.983608, FFT length 131072
Starting work for Doppler shift rate 4.983608, FFT length 65536
Starting work for Doppler shift rate 4.985457, FFT length 131072
Starting work for Doppler shift rate 4.987306, FFT length 131072
Starting work for Doppler shift rate 4.989154, FFT length 131072
Starting work for Doppler shift rate 4.991003, FFT length 131072
Starting work for Doppler shift rate 4.991003, FFT length 65536
Starting work for Doppler shift rate 4.992851, FFT length 131072
Starting work for Doppler shift rate 4.994699, FFT length 131072
Starting work for Doppler shift rate 4.996548, FFT length 131072
Starting work for Doppler shift rate 4.998396, FFT length 131072
Starting work for Doppler shift rate 4.998396, FFT length 65536
Starting work for Doppler shift rate 4.998396, FFT length 32768
Starting work for Doppler shift rate 5.000245, FFT length 131072
Starting work for Doppler shift rate 5.002094, FFT length 131072
Starting work for Doppler shift rate 5.003942, FFT length 131072
Starting work for Doppler shift rate 5.005791, FFT length 131072
Starting work for Doppler shift rate 5.005791, FFT length 65536
Starting work for Doppler shift rate 5.007639, FFT length 131072
Starting work for Doppler shift rate 5.009488, FFT length 131072
Starting work for Doppler shift rate 5.011336, FFT length 131072
Starting work for Doppler shift rate 5.013185, FFT length 131072
Starting work for Doppler shift rate 5.013185, FFT length 65536
Starting work for Doppler shift rate 5.015033, FFT length 131072
Starting work for Doppler shift rate 5.016882, FFT length 131072
Starting work for Doppler shift rate 5.018730, FFT length 131072
Starting work for Doppler shift rate 5.020579, FFT length 131072
Starting work for Doppler shift rate 5.020579, FFT length 65536
Starting work for Doppler shift rate 5.022428, FFT length 131072
Starting work for Doppler shift rate 5.024276, FFT length 131072
Starting work for Doppler shift rate 5.026124, FFT length 131072
Starting work for Doppler shift rate 5.027973, FFT length 131072
Starting work for Doppler shift rate 5.027973, FFT length 65536
Starting work for Doppler shift rate 5.027973, FFT length 32768
Starting work for Doppler shift rate 5.029821, FFT length 131072
Starting work for Doppler shift rate 5.031670, FFT length 131072
Starting work for Doppler shift rate 5.033518, FFT length 131072
Starting work for Doppler shift rate 5.035367, FFT length 131072
Starting work for Doppler shift rate 5.035367, FFT length 65536
Starting work for Doppler shift rate 5.037216, FFT length 131072
Starting work for Doppler shift rate 5.039064, FFT length 131072
Starting work for Doppler shift rate 5.040913, FFT length 131072
Starting work for Doppler shift rate 5.042761, FFT length 131072
Starting work for Doppler shift rate 5.042761, FFT length 65536
Starting work for Doppler shift rate 5.044610, FFT length 131072
Starting work for Doppler shift rate 5.046458, FFT length 131072
Starting work for Doppler shift rate 5.048306, FFT length 131072
Starting work for Doppler shift rate 5.050155, FFT length 131072
Starting work for Doppler shift rate 5.050155, FFT length 65536
Starting work for Doppler shift rate 5.052004, FFT length 131072
Starting work for Doppler shift rate 5.053852, FFT length 131072
Starting work for Doppler shift rate 5.055701, FFT length 131072
Starting work for Doppler shift rate 5.057549, FFT length 131072
Starting work for Doppler shift rate 5.057549, FFT length 65536
Starting work for Doppler shift rate 5.057549, FFT length 32768
Starting work for Doppler shift rate 5.059398, FFT length 131072
Starting work for Doppler shift rate 5.061246, FFT length 131072
Starting work for Doppler shift rate 5.063095, FFT length 131072
Starting work for Doppler shift rate 5.064943, FFT length 131072
Starting work for Doppler shift rate 5.064943, FFT length 65536
Starting work for Doppler shift rate 5.066792, FFT length 131072
Starting work for Doppler shift rate 5.068640, FFT length 131072
Starting work for Doppler shift rate 5.070489, FFT length 131072
Starting work for Doppler shift rate 5.072337, FFT length 131072
Starting work for Doppler shift rate 5.072337, FFT length 65536
Starting work for Doppler shift rate 5.074186, FFT length 131072
Starting work for Doppler shift rate 5.076035, FFT length 131072
Starting work for Doppler shift rate 5.077883, FFT length 131072
Starting work for Doppler shift rate 5.079731, FFT length 131072
Starting work for Doppler shift rate 5.079731, FFT length 65536
Starting work for Doppler shift rate 5.081580, FFT length 131072
Starting work for Doppler shift rate 5.083428, FFT length 131072
Starting work for Doppler shift rate 5.085277, FFT length 131072
Starting work for Doppler shift rate 5.087125, FFT length 131072
Starting work for Doppler shift rate 5.087125, FFT length 65536
Starting work for Doppler shift rate 5.087125, FFT length 32768
Starting work for Doppler shift rate 5.087125, FFT length 16384
... Searching for Gaussians
Starting work for Doppler shift rate 5.088974, FFT length 131072
Starting work for Doppler shift rate 5.090823, FFT length 131072
Starting work for Doppler shift rate 5.092671, FFT length 131072
Starting work for Doppler shift rate 5.094520, FFT length 131072
Starting work for Doppler shift rate 5.094520, FFT length 65536
Starting work for Doppler shift rate 5.096368, FFT length 131072
Starting work for Doppler shift rate 5.098217, FFT length 131072
Starting work for Doppler shift rate 5.100065, FFT length 131072
Starting work for Doppler shift rate 5.101914, FFT length 131072
Starting work for Doppler shift rate 5.101914, FFT length 65536
Starting work for Doppler shift rate 5.103762, FFT length 131072
Starting work for Doppler shift rate 5.105611, FFT length 131072
Starting work for Doppler shift rate 5.107459, FFT length 131072
Starting work for Doppler shift rate 5.109308, FFT length 131072
Starting work for Doppler shift rate 5.109308, FFT length 65536
Starting work for Doppler shift rate 5.111156, FFT length 131072
Starting work for Doppler shift rate 5.113005, FFT length 131072
Starting work for Doppler shift rate 5.114853, FFT length 131072
Starting work for Doppler shift rate 5.116702, FFT length 131072
Starting work for Doppler shift rate 5.116702, FFT length 65536
Starting work for Doppler shift rate 5.116702, FFT length 32768
Starting work for Doppler shift rate 5.118550, FFT length 131072
Starting work for Doppler shift rate 5.120399, FFT length 131072
Starting work for Doppler shift rate 5.122247, FFT length 131072
Starting work for Doppler shift rate 5.124096, FFT length 131072
Starting work for Doppler shift rate 5.124096, FFT length 65536
Starting work for Doppler shift rate 5.125945, FFT length 131072
Starting work for Doppler shift rate 5.127793, FFT length 131072
Starting work for Doppler shift rate 5.129642, FFT length 131072
Starting work for Doppler shift rate 5.131490, FFT length 131072
Starting work for Doppler shift rate 5.131490, FFT length 65536
Starting work for Doppler shift rate 5.133338, FFT length 131072
Starting work for Doppler shift rate 5.135187, FFT length 131072
Starting work for Doppler shift rate 5.137035, FFT length 131072
Starting work for Doppler shift rate 5.138884, FFT length 131072
Starting work for Doppler shift rate 5.138884, FFT length 65536
Starting work for Doppler shift rate 5.140733, FFT length 131072
Starting work for Doppler shift rate 5.142581, FFT length 131072
Starting work for Doppler shift rate 5.144430, FFT length 131072
Starting work for Doppler shift rate 5.146278, FFT length 131072
Starting work for Doppler shift rate 5.146278, FFT length 65536
Starting work for Doppler shift rate 5.146278, FFT length 32768
Starting work for Doppler shift rate 5.148127, FFT length 131072
Starting work for Doppler shift rate 5.149975, FFT length 131072
Starting work for Doppler shift rate 5.151824, FFT length 131072
Starting work for Doppler shift rate 5.153672, FFT length 131072
Starting work for Doppler shift rate 5.153672, FFT length 65536
Starting work for Doppler shift rate 5.155521, FFT length 131072
Starting work for Doppler shift rate 5.157369, FFT length 131072
Starting work for Doppler shift rate 5.159218, FFT length 131072
Starting work for Doppler shift rate 5.161067, FFT length 131072
Starting work for Doppler shift rate 5.161067, FFT length 65536
Starting work for Doppler shift rate 5.162915, FFT length 131072
Starting work for Doppler shift rate 5.164763, FFT length 131072
Starting work for Doppler shift rate 5.166612, FFT length 131072
Starting work for Doppler shift rate 5.168460, FFT length 131072
Starting work for Doppler shift rate 5.168460, FFT length 65536
Starting work for Doppler shift rate 5.170309, FFT length 131072
Starting work for Doppler shift rate 5.172157, FFT length 131072
Starting work for Doppler shift rate 5.174006, FFT length 131072
Starting work for Doppler shift rate 5.175855, FFT length 131072
Starting work for Doppler shift rate 5.175855, FFT length 65536
Starting work for Doppler shift rate 5.175855, FFT length 32768
Starting work for Doppler shift rate 5.177703, FFT length 131072
Starting work for Doppler shift rate 5.179552, FFT length 131072
Starting work for Doppler shift rate 5.181400, FFT length 131072
Starting work for Doppler shift rate 5.183249, FFT length 131072
Starting work for Doppler shift rate 5.183249, FFT length 65536
Starting work for Doppler shift rate 5.185097, FFT length 131072
Starting work for Doppler shift rate 5.186945, FFT length 131072
Starting work for Doppler shift rate 5.188794, FFT length 131072
Starting work for Doppler shift rate 5.190643, FFT length 131072
Starting work for Doppler shift rate 5.190643, FFT length 65536
Starting work for Doppler shift rate 5.192491, FFT length 131072
Starting work for Doppler shift rate 5.194340, FFT length 131072
Starting work for Doppler shift rate 5.196188, FFT length 131072
Starting work for Doppler shift rate 5.198037, FFT length 131072
Starting work for Doppler shift rate 5.198037, FFT length 65536
Starting work for Doppler shift rate 5.199885, FFT length 131072
Starting work for Doppler shift rate 5.201734, FFT length 131072
Starting work for Doppler shift rate 5.203582, FFT length 131072
Starting work for Doppler shift rate 5.205431, FFT length 131072
Starting work for Doppler shift rate 5.205431, FFT length 65536
Starting work for Doppler shift rate 5.205431, FFT length 32768
Starting work for Doppler shift rate 5.205431, FFT length 16384
... Searching for Gaussians
Starting work for Doppler shift rate 5.205431, FFT length 8192
... Searching for Gaussians
... Searching for Pulses
Starting work for Doppler shift rate 5.207279, FFT length 131072
Starting work for Doppler shift rate 5.209128, FFT length 131072
Starting work for Doppler shift rate 5.210976, FFT length 131072
Starting work for Doppler shift rate 5.212825, FFT length 131072
Starting work for Doppler shift rate 5.212825, FFT length 65536
Starting work for Doppler shift rate 5.214674, FFT length 131072
Starting work for Doppler shift rate 5.216522, FFT length 131072
Starting work for Doppler shift rate 5.218370, FFT length 131072
Starting work for Doppler shift rate 5.220219, FFT length 131072
Starting work for Doppler shift rate 5.220219, FFT length 65536
Starting work for Doppler shift rate 5.222067, FFT length 131072
Starting work for Doppler shift rate 5.223916, FFT length 131072
Starting work for Doppler shift rate 5.225764, FFT length 131072
Starting work for Doppler shift rate 5.227613, FFT length 131072
Starting work for Doppler shift rate 5.227613, FFT length 65536
Starting work for Doppler shift rate 5.229462, FFT length 131072
Starting work for Doppler shift rate 5.231310, FFT length 131072
Starting work for Doppler shift rate 5.233159, FFT length 131072
Starting work for Doppler shift rate 5.235007, FFT length 131072
Starting work for Doppler shift rate 5.235007, FFT length 65536
Starting work for Doppler shift rate 5.235007, FFT length 32768
Starting work for Doppler shift rate 5.236856, FFT length 131072
Starting work for Doppler shift rate 5.238704, FFT length 131072
Starting work for Doppler shift rate 5.240552, FFT length 131072
Starting work for Doppler shift rate 5.242401, FFT length 131072
Starting work for Doppler shift rate 5.242401, FFT length 65536
Starting work for Doppler shift rate 5.244250, FFT length 131072
Starting work for Doppler shift rate 5.246098, FFT length 131072
Starting work for Doppler shift rate 5.247947, FFT length 131072
Starting work for Doppler shift rate 5.249795, FFT length 131072
Starting work for Doppler shift rate 5.249795, FFT length 65536
Starting work for Doppler shift rate 5.251644, FFT length 131072
Starting work for Doppler shift rate 5.253492, FFT length 131072
Starting work for Doppler shift rate 5.255341, FFT length 131072
Starting work for Doppler shift rate 5.257189, FFT length 131072
Starting work for Doppler shift rate 5.257189, FFT length 65536
Starting work for Doppler shift rate 5.259038, FFT length 131072
Starting work for Doppler shift rate 5.260886, FFT length 131072
Starting work for Doppler shift rate 5.262735, FFT length 131072
Starting work for Doppler shift rate 5.264584, FFT length 131072
Starting work for Doppler shift rate 5.264584, FFT length 65536
Starting work for Doppler shift rate 5.264584, FFT length 32768
Starting work for Doppler shift rate 5.266432, FFT length 131072
Starting work for Doppler shift rate 5.268281, FFT length 131072
Starting work for Doppler shift rate 5.270129, FFT length 131072
Starting work for Doppler shift rate 5.271977, FFT length 131072
Starting work for Doppler shift rate 5.271977, FFT length 65536
Starting work for Doppler shift rate 5.273826, FFT length 131072
Starting work for Doppler shift rate 5.275674, FFT length 131072
Starting work for Doppler shift rate 5.277523, FFT length 131072
Starting work for Doppler shift rate 5.279372, FFT length 131072
Starting work for Doppler shift rate 5.279372, FFT length 65536
Starting work for Doppler shift rate 5.281220, FFT length 131072
Starting work for Doppler shift rate 5.283069, FFT length 131072
Starting work for Doppler shift rate 5.284917, FFT length 131072
Starting work for Doppler shift rate 5.286766, FFT length 131072
Starting work for Doppler shift rate 5.286766, FFT length 65536
Starting work for Doppler shift rate 5.288614, FFT length 131072
Starting work for Doppler shift rate 5.290462, FFT length 131072
Starting work for Doppler shift rate 5.292311, FFT length 131072
Starting work for Doppler shift rate 5.294160, FFT length 131072
Starting work for Doppler shift rate 5.294160, FFT length 65536
Starting work for Doppler shift rate 5.294160, FFT length 32768
Starting work for Doppler shift rate 5.296008, FFT length 131072
Starting work for Doppler shift rate 5.297857, FFT length 131072
Starting work for Doppler shift rate 5.299706, FFT length 131072
Starting work for Doppler shift rate 5.301554, FFT length 131072
Starting work for Doppler shift rate 5.301554, FFT length 65536
Starting work for Doppler shift rate 5.303402, FFT length 131072
Starting work for Doppler shift rate 5.305251, FFT length 131072
Starting work for Doppler shift rate 5.307099, FFT length 131072
Starting work for Doppler shift rate 5.308948, FFT length 131072
Starting work for Doppler shift rate 5.308948, FFT length 65536
Starting work for Doppler shift rate 5.310796, FFT length 131072
Starting work for Doppler shift rate 5.312645, FFT length 131072
Starting work for Doppler shift rate 5.314494, FFT length 131072
Starting work for Doppler shift rate 5.316342, FFT length 131072
Starting work for Doppler shift rate 5.316342, FFT length 65536
Starting work for Doppler shift rate 5.318191, FFT length 131072
Starting work for Doppler shift rate 5.320039, FFT length 131072
Starting work for Doppler shift rate 5.321887, FFT length 131072
Starting work for Doppler shift rate 5.323736, FFT length 131072
Starting work for Doppler shift rate 5.323736, FFT length 65536
Starting work for Doppler shift rate 5.323736, FFT length 32768
Starting work for Doppler shift rate 5.323736, FFT length 16384
... Searching for Gaussians
Starting work for Doppler shift rate 5.325584, FFT length 131072
Starting work for Doppler shift rate 5.327433, FFT length 131072
Starting work for Doppler shift rate 5.329282, FFT length 131072
Starting work for Doppler shift rate 5.331130, FFT length 131072
Starting work for Doppler shift rate 5.331130, FFT length 65536
Starting work for Doppler shift rate 5.332979, FFT length 131072
Starting work for Doppler shift rate 5.334827, FFT length 131072
Starting work for Doppler shift rate 5.336676, FFT length 131072
Starting work for Doppler shift rate 5.338524, FFT length 131072
Starting work for Doppler shift rate 5.338524, FFT length 65536
Starting work for Doppler shift rate 5.340373, FFT length 131072
Starting work for Doppler shift rate 5.342221, FFT length 131072
Starting work for Doppler shift rate 5.344070, FFT length 131072
Starting work for Doppler shift rate 5.345918, FFT length 131072
Starting work for Doppler shift rate 5.345918, FFT length 65536
Starting work for Doppler shift rate 5.347767, FFT length 131072
Starting work for Doppler shift rate 5.349615, FFT length 131072
Starting work for Doppler shift rate 5.351464, FFT length 131072
Starting work for Doppler shift rate 5.353312, FFT length 131072
Starting work for Doppler shift rate 5.353312, FFT length 65536
Starting work for Doppler shift rate 5.353312, FFT length 32768
Starting work for Doppler shift rate 5.355161, FFT length 131072
Starting work for Doppler shift rate 5.357009, FFT length 131072
Starting work for Doppler shift rate 5.358858, FFT length 131072
Starting work for Doppler shift rate 5.360706, FFT length 131072
Starting work for Doppler shift rate 5.360706, FFT length 65536
Starting work for Doppler shift rate 5.362555, FFT length 131072
Starting work for Doppler shift rate 5.364403, FFT length 131072
Starting work for Doppler shift rate 5.366252, FFT length 131072
Starting work for Doppler shift rate 5.368101, FFT length 131072
Starting work for Doppler shift rate 5.368101, FFT length 65536
Starting work for Doppler shift rate 5.369949, FFT length 131072
Starting work for Doppler shift rate 5.371798, FFT length 131072
Starting work for Doppler shift rate 5.373646, FFT length 131072
Starting work for Doppler shift rate 5.375494, FFT length 131072
Starting work for Doppler shift rate 5.375494, FFT length 65536
Starting work for Doppler shift rate 5.377343, FFT length 131072
Starting work for Doppler shift rate 5.379191, FFT length 131072
Starting work for Doppler shift rate 5.381040, FFT length 131072
Starting work for Doppler shift rate 5.382889, FFT length 131072
Starting work for Doppler shift rate 5.382889, FFT length 65536
Starting work for Doppler shift rate 5.382889, FFT length 32768
Starting work for Doppler shift rate 5.384737, FFT length 131072
Starting work for Doppler shift rate 5.386586, FFT length 131072
Starting work for Doppler shift rate 5.388434, FFT length 131072
Starting work for Doppler shift rate 5.390283, FFT length 131072
Starting work for Doppler shift rate 5.390283, FFT length 65536
Starting work for Doppler shift rate 5.392131, FFT length 131072
Starting work for Doppler shift rate 5.393980, FFT length 131072
Starting work for Doppler shift rate 5.395828, FFT length 131072
Starting work for Doppler shift rate 5.397677, FFT length 131072
Starting work for Doppler shift rate 5.397677, FFT length 65536
Starting work for Doppler shift rate 5.399525, FFT length 131072
Starting work for Doppler shift rate 5.401374, FFT length 131072
Starting work for Doppler shift rate 5.403223, FFT length 131072
Starting work for Doppler shift rate 5.405071, FFT length 131072
Starting work for Doppler shift rate 5.405071, FFT length 65536
Starting work for Doppler shift rate 5.406919, FFT length 131072
Starting work for Doppler shift rate 5.408768, FFT length 131072
Starting work for Doppler shift rate 5.410616, FFT length 131072
Starting work for Doppler shift rate 5.412465, FFT length 131072
Starting work for Doppler shift rate 5.412465, FFT length 65536
Starting work for Doppler shift rate 5.412465, FFT length 32768
Starting work for Doppler shift rate 5.414313, FFT length 131072
Starting work for Doppler shift rate 5.416162, FFT length 131072
15.364978% done
Starting work for Doppler shift rate 5.418011, FFT length 131072
Starting work for Doppler shift rate 5.419859, FFT length 131072
Starting work for Doppler shift rate 5.419859, FFT length 65536
Starting work for Doppler shift rate 5.421708, FFT length 131072
Starting work for Doppler shift rate 5.423556, FFT length 131072
Starting work for Doppler shift rate 5.425405, FFT length 131072
Starting work for Doppler shift rate 5.427253, FFT length 131072
Starting work for Doppler shift rate 5.427253, FFT length 65536
Starting work for Doppler shift rate 5.429101, FFT length 131072
Starting work for Doppler shift rate 5.430950, FFT length 131072
Starting work for Doppler shift rate 5.432799, FFT length 131072
Starting work for Doppler shift rate 5.434647, FFT length 131072
Starting work for Doppler shift rate 5.434647, FFT length 65536
Starting work for Doppler shift rate 5.436496, FFT length 131072
Starting work for Doppler shift rate 5.438344, FFT length 131072
Starting work for Doppler shift rate 5.440193, FFT length 131072
Starting work for Doppler shift rate 5.442041, FFT length 131072
Starting work for Doppler shift rate 5.442041, FFT length 65536
Starting work for Doppler shift rate 5.442041, FFT length 32768
Starting work for Doppler shift rate 5.442041, FFT length 16384
... Searching for Gaussians
Starting work for Doppler shift rate 5.443890, FFT length 131072
Starting work for Doppler shift rate 5.445738, FFT length 131072
Starting work for Doppler shift rate 5.447587, FFT length 131072
Starting work for Doppler shift rate 5.449435, FFT length 131072
Starting work for Doppler shift rate 5.449435, FFT length 65536
Starting work for Doppler shift rate 5.451284, FFT length 131072
Starting work for Doppler shift rate 5.453132, FFT length 131072
Starting work for Doppler shift rate 5.454981, FFT length 131072
Starting work for Doppler shift rate 5.456830, FFT length 131072
Starting work for Doppler shift rate 5.456830, FFT length 65536
Starting work for Doppler shift rate 5.458678, FFT length 131072
Starting work for Doppler shift rate 5.460526, FFT length 131072
Starting work for Doppler shift rate 5.462375, FFT length 131072
Starting work for Doppler shift rate 5.464223, FFT length 131072
Starting work for Doppler shift rate 5.464223, FFT length 65536
Starting work for Doppler shift rate 5.466072, FFT length 131072
Starting work for Doppler shift rate 5.467921, FFT length 131072
Starting work for Doppler shift rate 5.469769, FFT length 131072
Starting work for Doppler shift rate 5.471618, FFT length 131072
Starting work for Doppler shift rate 5.471618, FFT length 65536
Starting work for Doppler shift rate 5.471618, FFT length 32768
Starting work for Doppler shift rate 5.473466, FFT length 131072
Starting work for Doppler shift rate 5.475315, FFT length 131072
Starting work for Doppler shift rate 5.477163, FFT length 131072
Starting work for Doppler shift rate 5.479012, FFT length 131072
Starting work for Doppler shift rate 5.479012, FFT length 65536
Starting work for Doppler shift rate 5.480860, FFT length 131072
Starting work for Doppler shift rate 5.482709, FFT length 131072
Starting work for Doppler shift rate 5.484557, FFT length 131072
Starting work for Doppler shift rate 5.486406, FFT length 131072
Starting work for Doppler shift rate 5.486406, FFT length 65536
Starting work for Doppler shift rate 5.488254, FFT length 131072
Starting work for Doppler shift rate 5.490103, FFT length 131072
Starting work for Doppler shift rate 5.491951, FFT length 131072
Starting work for Doppler shift rate 5.493800, FFT length 131072
Starting work for Doppler shift rate 5.493800, FFT length 65536
Starting work for Doppler shift rate 5.495648, FFT length 131072
Starting work for Doppler shift rate 5.497497, FFT length 131072
Starting work for Doppler shift rate 5.499345, FFT length 131072
Starting work for Doppler shift rate 5.501194, FFT length 131072
Starting work for Doppler shift rate 5.501194, FFT length 65536
Starting work for Doppler shift rate 5.501194, FFT length 32768
Starting work for Doppler shift rate 5.503042, FFT length 131072
Starting work for Doppler shift rate 5.504891, FFT length 131072
Starting work for Doppler shift rate 5.506740, FFT length 131072
Starting work for Doppler shift rate 5.508588, FFT length 131072
Starting work for Doppler shift rate 5.508588, FFT length 65536
Starting work for Doppler shift rate 5.510437, FFT length 131072
Starting work for Doppler shift rate 5.512285, FFT length 131072
Starting work for Doppler shift rate 5.514133, FFT length 131072
Starting work for Doppler shift rate 5.515982, FFT length 131072
Starting work for Doppler shift rate 5.515982, FFT length 65536
Starting work for Doppler shift rate 5.517830, FFT length 131072
Starting work for Doppler shift rate 5.519679, FFT length 131072
Starting work for Doppler shift rate 5.521528, FFT length 131072
Starting work for Doppler shift rate 5.523376, FFT length 131072
Starting work for Doppler shift rate 5.523376, FFT length 65536
Starting work for Doppler shift rate 5.525225, FFT length 131072
Starting work for Doppler shift rate 5.527073, FFT length 131072
Starting work for Doppler shift rate 5.528922, FFT length 131072
Starting work for Doppler shift rate 5.530770, FFT length 131072
Starting work for Doppler shift rate 5.530770, FFT length 65536
Starting work for Doppler shift rate 5.530770, FFT length 32768
Starting work for Doppler shift rate 5.532619, FFT length 131072
Starting work for Doppler shift rate 5.534467, FFT length 131072
Starting work for Doppler shift rate 5.536316, FFT length 131072
Starting work for Doppler shift rate 5.538164, FFT length 131072
Starting work for Doppler shift rate 5.538164, FFT length 65536
Starting work for Doppler shift rate 5.540013, FFT length 131072
Starting work for Doppler shift rate 5.541862, FFT length 131072
Starting work for Doppler shift rate 5.543710, FFT length 131072
Starting work for Doppler shift rate 5.545558, FFT length 131072
Starting work for Doppler shift rate 5.545558, FFT length 65536
Doing baseline smoothing.
Starting work for Doppler shift rate 5.547407, FFT length 131072
Starting work for Doppler shift rate 5.549255, FFT length 131072
Starting work for Doppler shift rate 5.551104, FFT length 131072
Starting work for Doppler shift rate 5.552952, FFT length 131072
Starting work for Doppler shift rate 5.552952, FFT length 65536
Starting work for Doppler shift rate 5.554801, FFT length 131072
Starting work for Doppler shift rate 5.556650, FFT length 131072
Starting work for Doppler shift rate 5.558498, FFT length 131072
Starting work for Doppler shift rate 5.560347, FFT length 131072
Starting work for Doppler shift rate 5.560347, FFT length 65536
Starting work for Doppler shift rate 5.560347, FFT length 32768
Starting work for Doppler shift rate 5.560347, FFT length 16384
... Searching for Gaussians
Starting work for Doppler shift rate 5.562195, FFT length 131072
Starting work for Doppler shift rate 5.564044, FFT length 131072
Starting work for Doppler shift rate 5.565892, FFT length 131072
Starting work for Doppler shift rate 5.567740, FFT length 131072
Starting work for Doppler shift rate 5.567740, FFT length 65536
Starting work for Doppler shift rate 5.569589, FFT length 131072
Starting work for Doppler shift rate 5.571438, FFT length 131072
Starting work for Doppler shift rate 5.573286, FFT length 131072
Starting work for Doppler shift rate 5.575135, FFT length 131072
Starting work for Doppler shift rate 5.575135, FFT length 65536
Starting work for Doppler shift rate 5.576983, FFT length 131072
Starting work for Doppler shift rate 5.578832, FFT length 131072
Starting work for Doppler shift rate 5.580680, FFT length 131072
Starting work for Doppler shift rate 5.582529, FFT length 131072
Starting work for Doppler shift rate 5.582529, FFT length 65536
Starting work for Doppler shift rate 5.584377, FFT length 131072
Starting work for Doppler shift rate 5.586226, FFT length 131072
Starting work for Doppler shift rate 5.588074, FFT length 131072
Starting work for Doppler shift rate 5.589923, FFT length 131072
Starting work for Doppler shift rate 5.589923, FFT length 65536
Starting work for Doppler shift rate 5.589923, FFT length 32768
Starting work for Doppler shift rate 5.591771, FFT length 131072
Starting work for Doppler shift rate 5.593620, FFT length 131072
Starting work for Doppler shift rate 5.595469, FFT length 131072
Starting work for Doppler shift rate 5.597317, FFT length 131072
Starting work for Doppler shift rate 5.597317, FFT length 65536
Starting work for Doppler shift rate 5.599165, FFT length 131072
Starting work for Doppler shift rate 5.601014, FFT length 131072
Starting work for Doppler shift rate 5.602862, FFT length 131072
Starting work for Doppler shift rate 5.604711, FFT length 131072
Starting work for Doppler shift rate 5.604711, FFT length 65536
Starting work for Doppler shift rate 5.606559, FFT length 131072
Starting work for Doppler shift rate 5.608408, FFT length 131072
Starting work for Doppler shift rate 5.610257, FFT length 131072
Starting work for Doppler shift rate 5.612105, FFT length 131072
Starting work for Doppler shift rate 5.612105, FFT length 65536
Starting work for Doppler shift rate 5.613954, FFT length 131072
Starting work for Doppler shift rate 5.615802, FFT length 131072
Starting work for Doppler shift rate 5.617651, FFT length 131072
Starting work for Doppler shift rate 5.619499, FFT length 131072
Starting work for Doppler shift rate 5.619499, FFT length 65536
Starting work for Doppler shift rate 5.619499, FFT length 32768
Starting work for Doppler shift rate 5.621347, FFT length 131072
Starting work for Doppler shift rate 5.623196, FFT length 131072
Starting work for Doppler shift rate 5.625045, FFT length 131072
Starting work for Doppler shift rate 5.626893, FFT length 131072
Starting work for Doppler shift rate 5.626893, FFT length 65536
Starting work for Doppler shift rate 5.628742, FFT length 131072
Starting work for Doppler shift rate 5.630590, FFT length 131072
Starting work for Doppler shift rate 5.632439, FFT length 131072
Starting work for Doppler shift rate 5.634287, FFT length 131072
Starting work for Doppler shift rate 5.634287, FFT length 65536
Starting work for Doppler shift rate 5.636136, FFT length 131072
Starting work for Doppler shift rate 5.637984, FFT length 131072
Starting work for Doppler shift rate 5.639833, FFT length 131072
Starting work for Doppler shift rate 5.641681, FFT length 131072
Starting work for Doppler shift rate 5.641681, FFT length 65536
Starting work for Doppler shift rate 5.643530, FFT length 131072
Starting work for Doppler shift rate 5.645379, FFT length 131072
Starting work for Doppler shift rate 5.647227, FFT length 131072
Starting work for Doppler shift rate 5.649076, FFT length 131072
Starting work for Doppler shift rate 5.649076, FFT length 65536
Starting work for Doppler shift rate 5.649076, FFT length 32768
Starting work for Doppler shift rate 5.650924, FFT length 131072
Starting work for Doppler shift rate 5.652772, FFT length 131072
Starting work for Doppler shift rate 5.654621, FFT length 131072
Starting work for Doppler shift rate 5.656469, FFT length 131072
Starting work for Doppler shift rate 5.656469, FFT length 65536
Starting work for Doppler shift rate 5.658318, FFT length 131072
Starting work for Doppler shift rate 5.660167, FFT length 131072
Starting work for Doppler shift rate 5.662015, FFT length 131072
Starting work for Doppler shift rate 5.663864, FFT length 131072
Starting work for Doppler shift rate 5.663864, FFT length 65536
Starting work for Doppler shift rate 5.665712, FFT length 131072
Starting work for Doppler shift rate 5.667561, FFT length 131072
Starting work for Doppler shift rate 5.669409, FFT length 131072
Starting work for Doppler shift rate 5.671257, FFT length 131072
Starting work for Doppler shift rate 5.671257, FFT length 65536
Starting work for Doppler shift rate 5.673106, FFT length 131072
Starting work for Doppler shift rate 5.674955, FFT length 131072
Starting work for Doppler shift rate 5.676803, FFT length 131072
Starting work for Doppler shift rate 5.678652, FFT length 131072
Starting work for Doppler shift rate 5.678652, FFT length 65536
Starting work for Doppler shift rate 5.678652, FFT length 32768
Starting work for Doppler shift rate 5.678652, FFT length 16384
... Searching for Gaussians
Starting work for Doppler shift rate 5.678652, FFT length 8192
... Searching for Gaussians
... Searching for Pulses
Starting work for Doppler shift rate 5.678652, FFT length 4096
... Searching for Gaussians
... Searching for Pulses
Starting work for Doppler shift rate 5.680501, FFT length 131072
Starting work for Doppler shift rate 5.682349, FFT length 131072
Starting work for Doppler shift rate 5.684197, FFT length 131072
Starting work for Doppler shift rate 5.686046, FFT length 131072
Starting work for Doppler shift rate 5.686046, FFT length 65536
Starting work for Doppler shift rate 5.687894, FFT length 131072
Starting work for Doppler shift rate 5.689743, FFT length 131072
Starting work for Doppler shift rate 5.691591, FFT length 131072
Starting work for Doppler shift rate 5.693440, FFT length 131072
Starting work for Doppler shift rate 5.693440, FFT length 65536
Starting work for Doppler shift rate 5.695289, FFT length 131072
Starting work for Doppler shift rate 5.697137, FFT length 131072
Starting work for Doppler shift rate 5.698986, FFT length 131072
Starting work for Doppler shift rate 5.700834, FFT length 131072
Starting work for Doppler shift rate 5.700834, FFT length 65536
Starting work for Doppler shift rate 5.702682, FFT length 131072
Starting work for Doppler shift rate 5.704531, FFT length 131072
Starting work for Doppler shift rate 5.706379, FFT length 131072
Starting work for Doppler shift rate 5.708228, FFT length 131072
Starting work for Doppler shift rate 5.708228, FFT length 65536
Starting work for Doppler shift rate 5.708228, FFT length 32768
Starting work for Doppler shift rate 5.710077, FFT length 131072
Starting work for Doppler shift rate 5.711925, FFT length 131072
Starting work for Doppler shift rate 5.713774, FFT length 131072
Starting work for Doppler shift rate 5.715622, FFT length 131072
Starting work for Doppler shift rate 5.715622, FFT length 65536
Starting work for Doppler shift rate 5.717471, FFT length 131072
Starting work for Doppler shift rate 5.719319, FFT length 131072
Starting work for Doppler shift rate 5.721168, FFT length 131072
Starting work for Doppler shift rate 5.723016, FFT length 131072
Starting work for Doppler shift rate 5.723016, FFT length 65536
Starting work for Doppler shift rate 5.724865, FFT length 131072
Starting work for Doppler shift rate 5.726713, FFT length 131072
Starting work for Doppler shift rate 5.728562, FFT length 131072
Starting work for Doppler shift rate 5.730410, FFT length 131072
Starting work for Doppler shift rate 5.730410, FFT length 65536
Starting work for Doppler shift rate 5.732259, FFT length 131072
Starting work for Doppler shift rate 5.734107, FFT length 131072
Starting work for Doppler shift rate 5.735956, FFT length 131072
Starting work for Doppler shift rate 5.737804, FFT length 131072
Starting work for Doppler shift rate 5.737804, FFT length 65536
Starting work for Doppler shift rate 5.737804, FFT length 32768
Starting work for Doppler shift rate 5.739653, FFT length 131072
Starting work for Doppler shift rate 5.741501, FFT length 131072
Starting work for Doppler shift rate 5.743350, FFT length 131072
Starting work for Doppler shift rate 5.745198, FFT length 131072
Starting work for Doppler shift rate 5.745198, FFT length 65536
Starting work for Doppler shift rate 5.747047, FFT length 131072
Starting work for Doppler shift rate 5.748896, FFT length 131072
Starting work for Doppler shift rate 5.750744, FFT length 131072
Starting work for Doppler shift rate 5.752593, FFT length 131072
Starting work for Doppler shift rate 5.752593, FFT length 65536
Starting work for Doppler shift rate 5.754441, FFT length 131072
Starting work for Doppler shift rate 5.756289, FFT length 131072
Starting work for Doppler shift rate 5.758138, FFT length 131072
Starting work for Doppler shift rate 5.759986, FFT length 131072
Starting work for Doppler shift rate 5.759986, FFT length 65536
Starting work for Doppler shift rate 5.761835, FFT length 131072
Starting work for Doppler shift rate 5.763684, FFT length 131072
Starting work for Doppler shift rate 5.765532, FFT length 131072
Starting work for Doppler shift rate 5.767381, FFT length 131072
Starting work for Doppler shift rate 5.767381, FFT length 65536
Starting work for Doppler shift rate 5.767381, FFT length 32768
Starting work for Doppler shift rate 5.769229, FFT length 131072
Starting work for Doppler shift rate 5.771078, FFT length 131072
Starting work for Doppler shift rate 5.772926, FFT length 131072
Starting work for Doppler shift rate 5.774775, FFT length 131072
Starting work for Doppler shift rate 5.774775, FFT length 65536
Starting work for Doppler shift rate 5.776623, FFT length 131072
Starting work for Doppler shift rate 5.778472, FFT length 131072
Starting work for Doppler shift rate 5.780320, FFT length 131072
Starting work for Doppler shift rate 5.782169, FFT length 131072
Starting work for Doppler shift rate 5.782169, FFT length 65536
Starting work for Doppler shift rate 5.784018, FFT length 131072
Starting work for Doppler shift rate 5.785866, FFT length 131072
Starting work for Doppler shift rate 5.787714, FFT length 131072
Starting work for Doppler shift rate 5.789563, FFT length 131072
Starting work for Doppler shift rate 5.789563, FFT length 65536
Starting work for Doppler shift rate 5.791411, FFT length 131072
Starting work for Doppler shift rate 5.793260, FFT length 131072
Starting work for Doppler shift rate 5.795108, FFT length 131072
Starting work for Doppler shift rate 5.796957, FFT length 131072
Starting work for Doppler shift rate 5.796957, FFT length 65536
Starting work for Doppler shift rate 5.796957, FFT length 32768
Starting work for Doppler shift rate 5.796957, FFT length 16384
... Searching for Gaussians
Starting work for Doppler shift rate 5.798806, FFT length 131072
Starting work for Doppler shift rate 5.800654, FFT length 131072
Starting work for Doppler shift rate 5.802503, FFT length 131072
Starting work for Doppler shift rate 5.804351, FFT length 131072
Starting work for Doppler shift rate 5.804351, FFT length 65536
Starting work for Doppler shift rate 5.806200, FFT length 131072
Starting work for Doppler shift rate 5.808048, FFT length 131072
Starting work for Doppler shift rate 5.809896, FFT length 131072
Starting work for Doppler shift rate 5.811745, FFT length 131072
Starting work for Doppler shift rate 5.811745, FFT length 65536
Starting work for Doppler shift rate 5.813594, FFT length 131072
Starting work for Doppler shift rate 5.815442, FFT length 131072
Starting work for Doppler shift rate 5.817291, FFT length 131072
Starting work for Doppler shift rate 5.819139, FFT length 131072
Starting work for Doppler shift rate 5.819139, FFT length 65536
Starting work for Doppler shift rate 5.820988, FFT length 131072
Starting work for Doppler shift rate 5.822836, FFT length 131072
Starting work for Doppler shift rate 5.824685, FFT length 131072
Starting work for Doppler shift rate 5.826533, FFT length 131072
Starting work for Doppler shift rate 5.826533, FFT length 65536
Starting work for Doppler shift rate 5.826533, FFT length 32768
Starting work for Doppler shift rate 5.828382, FFT length 131072
Starting work for Doppler shift rate 5.830230, FFT length 131072
Starting work for Doppler shift rate 5.832079, FFT length 131072
Starting work for Doppler shift rate 5.833928, FFT length 131072
Starting work for Doppler shift rate 5.833928, FFT length 65536
Starting work for Doppler shift rate 5.835776, FFT length 131072
Starting work for Doppler shift rate 5.837625, FFT length 131072
Starting work for Doppler shift rate 5.839473, FFT length 131072
Starting work for Doppler shift rate 5.841321, FFT length 131072
Starting work for Doppler shift rate 5.841321, FFT length 65536
Starting work for Doppler shift rate 5.843170, FFT length 131072
Starting work for Doppler shift rate 5.845018, FFT length 131072
Starting work for Doppler shift rate 5.846867, FFT length 131072
Starting work for Doppler shift rate 5.848716, FFT length 131072
Starting work for Doppler shift rate 5.848716, FFT length 65536
Starting work for Doppler shift rate 5.850564, FFT length 131072
Starting work for Doppler shift rate 5.852413, FFT length 131072
Starting work for Doppler shift rate 5.854261, FFT length 131072
Starting work for Doppler shift rate 5.856110, FFT length 131072
Starting work for Doppler shift rate 5.856110, FFT length 65536
Starting work for Doppler shift rate 5.856110, FFT length 32768
Starting work for Doppler shift rate 5.857958, FFT length 131072
Starting work for Doppler shift rate 5.859807, FFT length 131072
Starting work for Doppler shift rate 5.861655, FFT length 131072
Starting work for Doppler shift rate 5.863504, FFT length 131072
Starting work for Doppler shift rate 5.863504, FFT length 65536
Starting work for Doppler shift rate 5.865352, FFT length 131072
Starting work for Doppler shift rate 5.867201, FFT length 131072
Starting work for Doppler shift rate 5.869049, FFT length 131072
Starting work for Doppler shift rate 5.870898, FFT length 131072
Starting work for Doppler shift rate 5.870898, FFT length 65536
Starting work for Doppler shift rate 5.872746, FFT length 131072
Starting work for Doppler shift rate 5.874595, FFT length 131072
Starting work for Doppler shift rate 5.876443, FFT length 131072
Starting work for Doppler shift rate 5.878292, FFT length 131072
Starting work for Doppler shift rate 5.878292, FFT length 65536
Starting work for Doppler shift rate 5.880140, FFT length 131072
Starting work for Doppler shift rate 5.881989, FFT length 131072
Starting work for Doppler shift rate 5.883837, FFT length 131072
Starting work for Doppler shift rate 5.885686, FFT length 131072
Starting work for Doppler shift rate 5.885686, FFT length 65536
Starting work for Doppler shift rate 5.885686, FFT length 32768
Starting work for Doppler shift rate 5.887535, FFT length 131072
Starting work for Doppler shift rate 5.889383, FFT length 131072
Starting work for Doppler shift rate 5.891232, FFT length 131072
Starting work for Doppler shift rate 5.893080, FFT length 131072
Starting work for Doppler shift rate 5.893080, FFT length 65536
Starting work for Doppler shift rate 5.894928, FFT length 131072
Starting work for Doppler shift rate 5.896777, FFT length 131072
Starting work for Doppler shift rate 5.898625, FFT length 131072
Starting work for Doppler shift rate 5.900474, FFT length 131072
Starting work for Doppler shift rate 5.900474, FFT length 65536
Starting work for Doppler shift rate 5.902323, FFT length 131072
Starting work for Doppler shift rate 5.904171, FFT length 131072
Starting work for Doppler shift rate 5.906020, FFT length 131072
Starting work for Doppler shift rate 5.907868, FFT length 131072
Starting work for Doppler shift rate 5.907868, FFT length 65536
Starting work for Doppler shift rate 5.909717, FFT length 131072
Starting work for Doppler shift rate 5.911565, FFT length 131072
Starting work for Doppler shift rate 5.913414, FFT length 131072
Starting work for Doppler shift rate 5.915262, FFT length 131072
Starting work for Doppler shift rate 5.915262, FFT length 65536
Starting work for Doppler shift rate 5.915262, FFT length 32768
Starting work for Doppler shift rate 5.915262, FFT length 16384
... Searching for Gaussians
Starting work for Doppler shift rate 5.917111, FFT length 131072
Starting work for Doppler shift rate 5.918959, FFT length 131072
Starting work for Doppler shift rate 5.920808, FFT length 131072
Starting work for Doppler shift rate 5.922657, FFT length 131072
Starting work for Doppler shift rate 5.922657, FFT length 65536
Starting work for Doppler shift rate 5.924505, FFT length 131072
Starting work for Doppler shift rate 5.926353, FFT length 131072
Starting work for Doppler shift rate 5.928202, FFT length 131072
Starting work for Doppler shift rate 5.930050, FFT length 131072
Starting work for Doppler shift rate 5.930050, FFT length 65536
Starting work for Doppler shift rate 5.931899, FFT length 131072
Starting work for Doppler shift rate 5.933747, FFT length 131072
16.365698% done
Starting work for Doppler shift rate 5.935596, FFT length 131072
Starting work for Doppler shift rate 5.937445, FFT length 131072
Starting work for Doppler shift rate 5.937445, FFT length 65536
Starting work for Doppler shift rate 5.939293, FFT length 131072
Starting work for Doppler shift rate 5.941142, FFT length 131072
Starting work for Doppler shift rate 5.942990, FFT length 131072
Starting work for Doppler shift rate 5.944839, FFT length 131072
Starting work for Doppler shift rate 5.944839, FFT length 65536
Starting work for Doppler shift rate 5.944839, FFT length 32768
Starting work for Doppler shift rate 5.946687, FFT length 131072
Starting work for Doppler shift rate 5.948535, FFT length 131072
Starting work for Doppler shift rate 5.950384, FFT length 131072
Starting work for Doppler shift rate 5.952233, FFT length 131072
Starting work for Doppler shift rate 5.952233, FFT length 65536
Starting work for Doppler shift rate 5.954081, FFT length 131072
Starting work for Doppler shift rate 5.955930, FFT length 131072
Starting work for Doppler shift rate 5.957778, FFT length 131072
Starting work for Doppler shift rate 5.959627, FFT length 131072
Starting work for Doppler shift rate 5.959627, FFT length 65536
Starting work for Doppler shift rate 5.961475, FFT length 131072
Starting work for Doppler shift rate 5.963324, FFT length 131072
Starting work for Doppler shift rate 5.965172, FFT length 131072
Starting work for Doppler shift rate 5.967021, FFT length 131072
Starting work for Doppler shift rate 5.967021, FFT length 65536
Starting work for Doppler shift rate 5.968869, FFT length 131072
Starting work for Doppler shift rate 5.970718, FFT length 131072
Starting work for Doppler shift rate 5.972566, FFT length 131072
Starting work for Doppler shift rate 5.974415, FFT length 131072
Starting work for Doppler shift rate 5.974415, FFT length 65536
Starting work for Doppler shift rate 5.974415, FFT length 32768
Starting work for Doppler shift rate 5.976264, FFT length 131072
Starting work for Doppler shift rate 5.978112, FFT length 131072
Starting work for Doppler shift rate 5.979960, FFT length 131072
Starting work for Doppler shift rate 5.981809, FFT length 131072
Starting work for Doppler shift rate 5.981809, FFT length 65536
Starting work for Doppler shift rate 5.983657, FFT length 131072
Starting work for Doppler shift rate 5.985506, FFT length 131072
Starting work for Doppler shift rate 5.987354, FFT length 131072
Starting work for Doppler shift rate 5.989203, FFT length 131072
Starting work for Doppler shift rate 5.989203, FFT length 65536
Starting work for Doppler shift rate 5.991052, FFT length 131072
Starting work for Doppler shift rate 5.992900, FFT length 131072
Starting work for Doppler shift rate 5.994749, FFT length 131072
Starting work for Doppler shift rate 5.996597, FFT length 131072
Starting work for Doppler shift rate 5.996597, FFT length 65536
Starting work for Doppler shift rate 5.998446, FFT length 131072
Starting work for Doppler shift rate 6.000294, FFT length 131072
Starting work for Doppler shift rate 6.002142, FFT length 131072
Starting work for Doppler shift rate 6.003991, FFT length 131072
Starting work for Doppler shift rate 6.003991, FFT length 65536
Starting work for Doppler shift rate 6.003991, FFT length 32768
Starting work for Doppler shift rate 6.005840, FFT length 131072
Starting work for Doppler shift rate 6.007688, FFT length 131072
Starting work for Doppler shift rate 6.009537, FFT length 131072
Starting work for Doppler shift rate 6.011385, FFT length 131072
Starting work for Doppler shift rate 6.011385, FFT length 65536
Starting work for Doppler shift rate 6.013234, FFT length 131072
Starting work for Doppler shift rate 6.015082, FFT length 131072
Starting work for Doppler shift rate 6.016931, FFT length 131072
Starting work for Doppler shift rate 6.018779, FFT length 131072
Starting work for Doppler shift rate 6.018779, FFT length 65536
Starting work for Doppler shift rate 6.020628, FFT length 131072
Starting work for Doppler shift rate 6.022476, FFT length 131072
Starting work for Doppler shift rate 6.024325, FFT length 131072
Starting work for Doppler shift rate 6.026174, FFT length 131072
Starting work for Doppler shift rate 6.026174, FFT length 65536
Starting work for Doppler shift rate 6.028022, FFT length 131072
Starting work for Doppler shift rate 6.029871, FFT length 131072
Starting work for Doppler shift rate 6.031719, FFT length 131072
Starting work for Doppler shift rate 6.033567, FFT length 131072
Starting work for Doppler shift rate 6.033567, FFT length 65536
Starting work for Doppler shift rate 6.033567, FFT length 32768
Starting work for Doppler shift rate 6.033567, FFT length 16384
... Searching for Gaussians
Starting work for Doppler shift rate 6.035416, FFT length 131072
Starting work for Doppler shift rate 6.037264, FFT length 131072
Starting work for Doppler shift rate 6.039113, FFT length 131072
Starting work for Doppler shift rate 6.040962, FFT length 131072
Starting work for Doppler shift rate 6.040962, FFT length 65536
Starting work for Doppler shift rate 6.042810, FFT length 131072
Starting work for Doppler shift rate 6.044659, FFT length 131072
Starting work for Doppler shift rate 6.046507, FFT length 131072
Starting work for Doppler shift rate 6.048356, FFT length 131072
Starting work for Doppler shift rate 6.048356, FFT length 65536
Starting work for Doppler shift rate 6.050204, FFT length 131072
Starting work for Doppler shift rate 6.052052, FFT length 131072
Starting work for Doppler shift rate 6.053901, FFT length 131072
Starting work for Doppler shift rate 6.055750, FFT length 131072
Starting work for Doppler shift rate 6.055750, FFT length 65536
Starting work for Doppler shift rate 6.057598, FFT length 131072
Starting work for Doppler shift rate 6.059447, FFT length 131072
Starting work for Doppler shift rate 6.061296, FFT length 131072
Starting work for Doppler shift rate 6.063144, FFT length 131072
Starting work for Doppler shift rate 6.063144, FFT length 65536
Starting work for Doppler shift rate 6.063144, FFT length 32768
Starting work for Doppler shift rate 6.064992, FFT length 131072
Starting work for Doppler shift rate 6.066841, FFT length 131072
Starting work for Doppler shift rate 6.068689, FFT length 131072
Starting work for Doppler shift rate 6.070538, FFT length 131072
Starting work for Doppler shift rate 6.070538, FFT length 65536
Starting work for Doppler shift rate 6.072386, FFT length 131072
Starting work for Doppler shift rate 6.074235, FFT length 131072
Starting work for Doppler shift rate 6.076084, FFT length 131072
Starting work for Doppler shift rate 6.077932, FFT length 131072
Starting work for Doppler shift rate 6.077932, FFT length 65536
Starting work for Doppler shift rate 6.079781, FFT length 131072
Starting work for Doppler shift rate 6.081629, FFT length 131072
Starting work for Doppler shift rate 6.083477, FFT length 131072
Starting work for Doppler shift rate 6.085326, FFT length 131072
Starting work for Doppler shift rate 6.085326, FFT length 65536
Starting work for Doppler shift rate 6.087174, FFT length 131072
Starting work for Doppler shift rate 6.089023, FFT length 131072
Starting work for Doppler shift rate 6.090872, FFT length 131072
Starting work for Doppler shift rate 6.092720, FFT length 131072
Starting work for Doppler shift rate 6.092720, FFT length 65536
Starting work for Doppler shift rate 6.092720, FFT length 32768
Starting work for Doppler shift rate 6.094569, FFT length 131072
Starting work for Doppler shift rate 6.096417, FFT length 131072
Starting work for Doppler shift rate 6.098266, FFT length 131072
Starting work for Doppler shift rate 6.100114, FFT length 131072
Starting work for Doppler shift rate 6.100114, FFT length 65536
Starting work for Doppler shift rate 6.101963, FFT length 131072
Starting work for Doppler shift rate 6.103811, FFT length 131072
Starting work for Doppler shift rate 6.105660, FFT length 131072
Starting work for Doppler shift rate 6.107508, FFT length 131072
Starting work for Doppler shift rate 6.107508, FFT length 65536
Starting work for Doppler shift rate 6.109357, FFT length 131072
Starting work for Doppler shift rate 6.111205, FFT length 131072
Starting work for Doppler shift rate 6.113054, FFT length 131072
Starting work for Doppler shift rate 6.114902, FFT length 131072
Starting work for Doppler shift rate 6.114902, FFT length 65536
Starting work for Doppler shift rate 6.116751, FFT length 131072
Starting work for Doppler shift rate 6.118599, FFT length 131072
Starting work for Doppler shift rate 6.120448, FFT length 131072
Starting work for Doppler shift rate 6.122296, FFT length 131072
Starting work for Doppler shift rate 6.122296, FFT length 65536
Starting work for Doppler shift rate 6.122296, FFT length 32768
Starting work for Doppler shift rate 6.124145, FFT length 131072
Starting work for Doppler shift rate 6.125993, FFT length 131072
Starting work for Doppler shift rate 6.127842, FFT length 131072
Starting work for Doppler shift rate 6.129691, FFT length 131072
Starting work for Doppler shift rate 6.129691, FFT length 65536
Starting work for Doppler shift rate 6.131539, FFT length 131072
Starting work for Doppler shift rate 6.133388, FFT length 131072
Starting work for Doppler shift rate 6.135236, FFT length 131072
Starting work for Doppler shift rate 6.137084, FFT length 131072
Starting work for Doppler shift rate 6.137084, FFT length 65536
Starting work for Doppler shift rate 6.138933, FFT length 131072
Starting work for Doppler shift rate 6.140781, FFT length 131072
Starting work for Doppler shift rate 6.142630, FFT length 131072
Starting work for Doppler shift rate 6.144479, FFT length 131072
Starting work for Doppler shift rate 6.144479, FFT length 65536
Starting work for Doppler shift rate 6.146327, FFT length 131072
Starting work for Doppler shift rate 6.148176, FFT length 131072
Starting work for Doppler shift rate 6.150024, FFT length 131072
Starting work for Doppler shift rate 6.151873, FFT length 131072
Starting work for Doppler shift rate 6.151873, FFT length 65536
Starting work for Doppler shift rate 6.151873, FFT length 32768
Starting work for Doppler shift rate 6.151873, FFT length 16384
... Searching for Gaussians
Starting work for Doppler shift rate 6.151873, FFT length 8192
... Searching for Gaussians
... Searching for Pulses
Starting work for Doppler shift rate 6.153721, FFT length 131072
Starting work for Doppler shift rate 6.155570, FFT length 131072
Starting work for Doppler shift rate 6.157418, FFT length 131072
Starting work for Doppler shift rate 6.159267, FFT length 131072
Starting work for Doppler shift rate 6.159267, FFT length 65536
Starting work for Doppler shift rate 6.161115, FFT length 131072
Starting work for Doppler shift rate 6.162964, FFT length 131072
Starting work for Doppler shift rate 6.164813, FFT length 131072
Starting work for Doppler shift rate 6.166661, FFT length 131072
Starting work for Doppler shift rate 6.166661, FFT length 65536
Starting work for Doppler shift rate 6.168509, FFT length 131072
Starting work for Doppler shift rate 6.170358, FFT length 131072
Starting work for Doppler shift rate 6.172206, FFT length 131072
Starting work for Doppler shift rate 6.174055, FFT length 131072
Starting work for Doppler shift rate 6.174055, FFT length 65536
Starting work for Doppler shift rate 6.175903, FFT length 131072
Starting work for Doppler shift rate 6.177752, FFT length 131072
Starting work for Doppler shift rate 6.179601, FFT length 131072
Starting work for Doppler shift rate 6.181449, FFT length 131072
Starting work for Doppler shift rate 6.181449, FFT length 65536
Starting work for Doppler shift rate 6.181449, FFT length 32768
Starting work for Doppler shift rate 6.183298, FFT length 131072
Starting work for Doppler shift rate 6.185146, FFT length 131072
Starting work for Doppler shift rate 6.186995, FFT length 131072
Starting work for Doppler shift rate 6.188843, FFT length 131072
Starting work for Doppler shift rate 6.188843, FFT length 65536
Starting work for Doppler shift rate 6.190691, FFT length 131072
Starting work for Doppler shift rate 6.192540, FFT length 131072
Starting work for Doppler shift rate 6.194389, FFT length 131072
Starting work for Doppler shift rate 6.196237, FFT length 131072
Starting work for Doppler shift rate 6.196237, FFT length 65536
Starting work for Doppler shift rate 6.198086, FFT length 131072
Starting work for Doppler shift rate 6.199934, FFT length 131072
Starting work for Doppler shift rate 6.201783, FFT length 131072
Starting work for Doppler shift rate 6.203631, FFT length 131072
Starting work for Doppler shift rate 6.203631, FFT length 65536
Starting work for Doppler shift rate 6.205480, FFT length 131072
Starting work for Doppler shift rate 6.207328, FFT length 131072
Starting work for Doppler shift rate 6.209177, FFT length 131072
Starting work for Doppler shift rate 6.211025, FFT length 131072
Starting work for Doppler shift rate 6.211025, FFT length 65536
Starting work for Doppler shift rate 6.211025, FFT length 32768
Starting work for Doppler shift rate 6.212874, FFT length 131072
Starting work for Doppler shift rate 6.214723, FFT length 131072
Starting work for Doppler shift rate 6.216571, FFT length 131072
Starting work for Doppler shift rate 6.218420, FFT length 131072
Starting work for Doppler shift rate 6.218420, FFT length 65536
Starting work for Doppler shift rate 6.220268, FFT length 131072
Starting work for Doppler shift rate 6.222116, FFT length 131072
Starting work for Doppler shift rate 6.223965, FFT length 131072
Starting work for Doppler shift rate 6.225813, FFT length 131072
Starting work for Doppler shift rate 6.225813, FFT length 65536
Starting work for Doppler shift rate 6.227662, FFT length 131072
Starting work for Doppler shift rate 6.229511, FFT length 131072
Starting work for Doppler shift rate 6.231359, FFT length 131072
Starting work for Doppler shift rate 6.233208, FFT length 131072
Starting work for Doppler shift rate 6.233208, FFT length 65536
Starting work for Doppler shift rate 6.235056, FFT length 131072
Starting work for Doppler shift rate 6.236905, FFT length 131072
Starting work for Doppler shift rate 6.238753, FFT length 131072
Starting work for Doppler shift rate 6.240602, FFT length 131072
Starting work for Doppler shift rate 6.240602, FFT length 65536
Starting work for Doppler shift rate 6.240602, FFT length 32768
Starting work for Doppler shift rate 6.242450, FFT length 131072
Starting work for Doppler shift rate 6.244299, FFT length 131072
Starting work for Doppler shift rate 6.246147, FFT length 131072
Starting work for Doppler shift rate 6.247996, FFT length 131072
Starting work for Doppler shift rate 6.247996, FFT length 65536
Starting work for Doppler shift rate 6.249844, FFT length 131072
Starting work for Doppler shift rate 6.251693, FFT length 131072
Starting work for Doppler shift rate 6.253541, FFT length 131072
Starting work for Doppler shift rate 6.255390, FFT length 131072
Starting work for Doppler shift rate 6.255390, FFT length 65536
Starting work for Doppler shift rate 6.257238, FFT length 131072
Starting work for Doppler shift rate 6.259087, FFT length 131072
Starting work for Doppler shift rate 6.260935, FFT length 131072
Starting work for Doppler shift rate 6.262784, FFT length 131072
Starting work for Doppler shift rate 6.262784, FFT length 65536
Starting work for Doppler shift rate 6.264632, FFT length 131072
Starting work for Doppler shift rate 6.266481, FFT length 131072
Starting work for Doppler shift rate 6.268330, FFT length 131072
Starting work for Doppler shift rate 6.270178, FFT length 131072
Starting work for Doppler shift rate 6.270178, FFT length 65536
Starting work for Doppler shift rate 6.270178, FFT length 32768
Starting work for Doppler shift rate 6.270178, FFT length 16384
... Searching for Gaussians
Starting work for Doppler shift rate 6.272027, FFT length 131072
Starting work for Doppler shift rate 6.273875, FFT length 131072
Starting work for Doppler shift rate 6.275723, FFT length 131072
Starting work for Doppler shift rate 6.277572, FFT length 131072
Starting work for Doppler shift rate 6.277572, FFT length 65536
Starting work for Doppler shift rate 6.279420, FFT length 131072
Starting work for Doppler shift rate 6.281269, FFT length 131072
Starting work for Doppler shift rate 6.283118, FFT length 131072
Starting work for Doppler shift rate 6.284966, FFT length 131072
Starting work for Doppler shift rate 6.284966, FFT length 65536
Starting work for Doppler shift rate 6.286815, FFT length 131072
Starting work for Doppler shift rate 6.288663, FFT length 131072
Starting work for Doppler shift rate 6.290512, FFT length 131072
Starting work for Doppler shift rate 6.292360, FFT length 131072
Starting work for Doppler shift rate 6.292360, FFT length 65536
Starting work for Doppler shift rate 6.294209, FFT length 131072
Starting work for Doppler shift rate 6.296057, FFT length 131072
Starting work for Doppler shift rate 6.297906, FFT length 131072
Starting work for Doppler shift rate 6.299754, FFT length 131072
Starting work for Doppler shift rate 6.299754, FFT length 65536
Starting work for Doppler shift rate 6.299754, FFT length 32768
Starting work for Doppler shift rate 6.301603, FFT length 131072
Starting work for Doppler shift rate 6.303452, FFT length 131072
Starting work for Doppler shift rate 6.305300, FFT length 131072
Starting work for Doppler shift rate 6.307148, FFT length 131072
Starting work for Doppler shift rate 6.307148, FFT length 65536
Starting work for Doppler shift rate 6.308997, FFT length 131072
Starting work for Doppler shift rate 6.310845, FFT length 131072
Starting work for Doppler shift rate 6.312694, FFT length 131072
Starting work for Doppler shift rate 6.314542, FFT length 131072
Starting work for Doppler shift rate 6.314542, FFT length 65536
Starting work for Doppler shift rate 6.316391, FFT length 131072
Starting work for Doppler shift rate 6.318240, FFT length 131072
Starting work for Doppler shift rate 6.320088, FFT length 131072
Starting work for Doppler shift rate 6.321937, FFT length 131072
Starting work for Doppler shift rate 6.321937, FFT length 65536
Starting work for Doppler shift rate 6.323785, FFT length 131072
Starting work for Doppler shift rate 6.325634, FFT length 131072
Starting work for Doppler shift rate 6.327482, FFT length 131072
Starting work for Doppler shift rate 6.329330, FFT length 131072
Starting work for Doppler shift rate 6.329330, FFT length 65536
Starting work for Doppler shift rate 6.329330, FFT length 32768
Starting work for Doppler shift rate 6.331179, FFT length 131072
Starting work for Doppler shift rate 6.333028, FFT length 131072
Starting work for Doppler shift rate 6.334876, FFT length 131072
Starting work for Doppler shift rate 6.336725, FFT length 131072
Starting work for Doppler shift rate 6.336725, FFT length 65536
Starting work for Doppler shift rate 6.338573, FFT length 131072
Starting work for Doppler shift rate 6.340422, FFT length 131072
Starting work for Doppler shift rate 6.342270, FFT length 131072
Starting work for Doppler shift rate 6.344119, FFT length 131072
Starting work for Doppler shift rate 6.344119, FFT length 65536
Starting work for Doppler shift rate 6.345967, FFT length 131072
Starting work for Doppler shift rate 6.347816, FFT length 131072
Starting work for Doppler shift rate 6.349664, FFT length 131072
Starting work for Doppler shift rate 6.351513, FFT length 131072
Starting work for Doppler shift rate 6.351513, FFT length 65536
Starting work for Doppler shift rate 6.353361, FFT length 131072
Starting work for Doppler shift rate 6.355210, FFT length 131072
Starting work for Doppler shift rate 6.357059, FFT length 131072
Starting work for Doppler shift rate 6.358907, FFT length 131072
Starting work for Doppler shift rate 6.358907, FFT length 65536
Starting work for Doppler shift rate 6.358907, FFT length 32768
Starting work for Doppler shift rate 6.360755, FFT length 131072
Starting work for Doppler shift rate 6.362604, FFT length 131072
Starting work for Doppler shift rate 6.364452, FFT length 131072
Starting work for Doppler shift rate 6.366301, FFT length 131072
Starting work for Doppler shift rate 6.366301, FFT length 65536
Starting work for Doppler shift rate 6.368149, FFT length 131072
Starting work for Doppler shift rate 6.369998, FFT length 131072
Starting work for Doppler shift rate 6.371847, FFT length 131072
Starting work for Doppler shift rate 6.373695, FFT length 131072
Starting work for Doppler shift rate 6.373695, FFT length 65536
Starting work for Doppler shift rate 6.375544, FFT length 131072
Starting work for Doppler shift rate 6.377392, FFT length 131072
Starting work for Doppler shift rate 6.379241, FFT length 131072
Starting work for Doppler shift rate 6.381089, FFT length 131072
Starting work for Doppler shift rate 6.381089, FFT length 65536
Starting work for Doppler shift rate 6.382938, FFT length 131072
Starting work for Doppler shift rate 6.384786, FFT length 131072
Starting work for Doppler shift rate 6.386635, FFT length 131072
Starting work for Doppler shift rate 6.388483, FFT length 131072
Starting work for Doppler shift rate 6.388483, FFT length 65536
Starting work for Doppler shift rate 6.388483, FFT length 32768
Starting work for Doppler shift rate 6.388483, FFT length 16384
... Searching for Gaussians
Starting work for Doppler shift rate 6.390332, FFT length 131072
Starting work for Doppler shift rate 6.392180, FFT length 131072
Starting work for Doppler shift rate 6.394029, FFT length 131072
Starting work for Doppler shift rate 6.395877, FFT length 131072
Starting work for Doppler shift rate 6.395877, FFT length 65536
Starting work for Doppler shift rate 6.397726, FFT length 131072
Starting work for Doppler shift rate 6.399574, FFT length 131072
Starting work for Doppler shift rate 6.401423, FFT length 131072
Starting work for Doppler shift rate 6.403271, FFT length 131072
Starting work for Doppler shift rate 6.403271, FFT length 65536
Starting work for Doppler shift rate 6.405120, FFT length 131072
Starting work for Doppler shift rate 6.406969, FFT length 131072
Starting work for Doppler shift rate 6.408817, FFT length 131072
Starting work for Doppler shift rate 6.410666, FFT length 131072
Starting work for Doppler shift rate 6.410666, FFT length 65536
Starting work for Doppler shift rate 6.412514, FFT length 131072
Starting work for Doppler shift rate 6.414362, FFT length 131072
Starting work for Doppler shift rate 6.416211, FFT length 131072
Starting work for Doppler shift rate 6.418059, FFT length 131072
Starting work for Doppler shift rate 6.418059, FFT length 65536
Starting work for Doppler shift rate 6.418059, FFT length 32768
Starting work for Doppler shift rate 6.419908, FFT length 131072
Starting work for Doppler shift rate 6.421757, FFT length 131072
Starting work for Doppler shift rate 6.423605, FFT length 131072
Starting work for Doppler shift rate 6.425454, FFT length 131072
Starting work for Doppler shift rate 6.425454, FFT length 65536
Starting work for Doppler shift rate 6.427302, FFT length 131072
Starting work for Doppler shift rate 6.429151, FFT length 131072
Starting work for Doppler shift rate 6.430999, FFT length 131072
Starting work for Doppler shift rate 6.432847, FFT length 131072
Starting work for Doppler shift rate 6.432847, FFT length 65536
Starting work for Doppler shift rate 6.434696, FFT length 131072
Starting work for Doppler shift rate 6.436545, FFT length 131072
Starting work for Doppler shift rate 6.438393, FFT length 131072
Starting work for Doppler shift rate 6.440242, FFT length 131072
Starting work for Doppler shift rate 6.440242, FFT length 65536
Starting work for Doppler shift rate 6.442091, FFT length 131072
Starting work for Doppler shift rate 6.443939, FFT length 131072
Starting work for Doppler shift rate 6.445787, FFT length 131072
Starting work for Doppler shift rate 6.447636, FFT length 131072
Starting work for Doppler shift rate 6.447636, FFT length 65536
Starting work for Doppler shift rate 6.447636, FFT length 32768
Starting work for Doppler shift rate 6.449484, FFT length 131072
Starting work for Doppler shift rate 6.451333, FFT length 131072
Starting work for Doppler shift rate 6.453181, FFT length 131072
Starting work for Doppler shift rate 6.455030, FFT length 131072
Starting work for Doppler shift rate 6.455030, FFT length 65536
Starting work for Doppler shift rate 6.456879, FFT length 131072
Starting work for Doppler shift rate 6.458727, FFT length 131072
Starting work for Doppler shift rate 6.460576, FFT length 131072
Starting work for Doppler shift rate 6.462424, FFT length 131072
17.366694% done
Starting work for Doppler shift rate 6.462424, FFT length 65536
Starting work for Doppler shift rate 6.464272, FFT length 131072
Starting work for Doppler shift rate 6.466121, FFT length 131072
Starting work for Doppler shift rate 6.467969, FFT length 131072
Starting work for Doppler shift rate 6.469818, FFT length 131072
Starting work for Doppler shift rate 6.469818, FFT length 65536
Starting work for Doppler shift rate 6.471667, FFT length 131072
Starting work for Doppler shift rate 6.473515, FFT length 131072
Starting work for Doppler shift rate 6.475364, FFT length 131072
Starting work for Doppler shift rate 6.477212, FFT length 131072
Starting work for Doppler shift rate 6.477212, FFT length 65536
Starting work for Doppler shift rate 6.477212, FFT length 32768
Starting work for Doppler shift rate 6.479061, FFT length 131072
Starting work for Doppler shift rate 6.480909, FFT length 131072
Starting work for Doppler shift rate 6.482758, FFT length 131072
Starting work for Doppler shift rate 6.484606, FFT length 131072
Starting work for Doppler shift rate 6.484606, FFT length 65536
Starting work for Doppler shift rate 6.486455, FFT length 131072
Starting work for Doppler shift rate 6.488303, FFT length 131072
Starting work for Doppler shift rate 6.490152, FFT length 131072
Starting work for Doppler shift rate 6.492000, FFT length 131072
Starting work for Doppler shift rate 6.492000, FFT length 65536
Starting work for Doppler shift rate 6.493849, FFT length 131072
Starting work for Doppler shift rate 6.495697, FFT length 131072
Starting work for Doppler shift rate 6.497546, FFT length 131072
Starting work for Doppler shift rate 6.499394, FFT length 131072
Starting work for Doppler shift rate 6.499394, FFT length 65536
Starting work for Doppler shift rate 6.501243, FFT length 131072
Starting work for Doppler shift rate 6.503091, FFT length 131072
Starting work for Doppler shift rate 6.504940, FFT length 131072
Starting work for Doppler shift rate 6.506788, FFT length 131072
Starting work for Doppler shift rate 6.506788, FFT length 65536
Starting work for Doppler shift rate 6.506788, FFT length 32768
Starting work for Doppler shift rate 6.506788, FFT length 16384
... Searching for Gaussians
Starting work for Doppler shift rate 6.508637, FFT length 131072
Starting work for Doppler shift rate 6.510486, FFT length 131072
Starting work for Doppler shift rate 6.512334, FFT length 131072
Starting work for Doppler shift rate 6.514183, FFT length 131072
Starting work for Doppler shift rate 6.514183, FFT length 65536
Starting work for Doppler shift rate 6.516031, FFT length 131072
Starting work for Doppler shift rate 6.517879, FFT length 131072
Starting work for Doppler shift rate 6.519728, FFT length 131072
Starting work for Doppler shift rate 6.521576, FFT length 131072
Starting work for Doppler shift rate 6.521576, FFT length 65536
Starting work for Doppler shift rate 6.523425, FFT length 131072
Starting work for Doppler shift rate 6.525274, FFT length 131072
Starting work for Doppler shift rate 6.527122, FFT length 131072
Starting work for Doppler shift rate 6.528971, FFT length 131072
Starting work for Doppler shift rate 6.528971, FFT length 65536
Starting work for Doppler shift rate 6.530819, FFT length 131072
Starting work for Doppler shift rate 6.532668, FFT length 131072
Starting work for Doppler shift rate 6.534516, FFT length 131072
Starting work for Doppler shift rate 6.536365, FFT length 131072
Starting work for Doppler shift rate 6.536365, FFT length 65536
Starting work for Doppler shift rate 6.536365, FFT length 32768
Starting work for Doppler shift rate 6.538213, FFT length 131072
Starting work for Doppler shift rate 6.540062, FFT length 131072
Starting work for Doppler shift rate 6.541910, FFT length 131072
Starting work for Doppler shift rate 6.543759, FFT length 131072
Starting work for Doppler shift rate 6.543759, FFT length 65536
Starting work for Doppler shift rate 6.545608, FFT length 131072
Starting work for Doppler shift rate 6.547456, FFT length 131072
Starting work for Doppler shift rate 6.549304, FFT length 131072
Starting work for Doppler shift rate 6.551153, FFT length 131072
Starting work for Doppler shift rate 6.551153, FFT length 65536
Starting work for Doppler shift rate 6.553001, FFT length 131072
Starting work for Doppler shift rate 6.554850, FFT length 131072
Starting work for Doppler shift rate 6.556698, FFT length 131072
Starting work for Doppler shift rate 6.558547, FFT length 131072
Starting work for Doppler shift rate 6.558547, FFT length 65536
Starting work for Doppler shift rate 6.560396, FFT length 131072
Starting work for Doppler shift rate 6.562244, FFT length 131072
Starting work for Doppler shift rate 6.564093, FFT length 131072
Starting work for Doppler shift rate 6.565941, FFT length 131072
Starting work for Doppler shift rate 6.565941, FFT length 65536
Starting work for Doppler shift rate 6.565941, FFT length 32768
Starting work for Doppler shift rate 6.567790, FFT length 131072
Starting work for Doppler shift rate 6.569638, FFT length 131072
Starting work for Doppler shift rate 6.571486, FFT length 131072
Starting work for Doppler shift rate 6.573335, FFT length 131072
Starting work for Doppler shift rate 6.573335, FFT length 65536
Starting work for Doppler shift rate 6.575184, FFT length 131072
Starting work for Doppler shift rate 6.577032, FFT length 131072
Starting work for Doppler shift rate 6.578881, FFT length 131072
Starting work for Doppler shift rate 6.580729, FFT length 131072
Starting work for Doppler shift rate 6.580729, FFT length 65536
Starting work for Doppler shift rate 6.582578, FFT length 131072
Starting work for Doppler shift rate 6.584426, FFT length 131072
Starting work for Doppler shift rate 6.586275, FFT length 131072
Starting work for Doppler shift rate 6.588123, FFT length 131072
Starting work for Doppler shift rate 6.588123, FFT length 65536
Starting work for Doppler shift rate 6.589972, FFT length 131072
Starting work for Doppler shift rate 6.591820, FFT length 131072
Starting work for Doppler shift rate 6.593669, FFT length 131072
Starting work for Doppler shift rate 6.595518, FFT length 131072
Starting work for Doppler shift rate 6.595518, FFT length 65536
Starting work for Doppler shift rate 6.595518, FFT length 32768
Starting work for Doppler shift rate 6.597366, FFT length 131072
Starting work for Doppler shift rate 6.599215, FFT length 131072
Starting work for Doppler shift rate 6.601063, FFT length 131072
Starting work for Doppler shift rate 6.602911, FFT length 131072
Starting work for Doppler shift rate 6.602911, FFT length 65536
Starting work for Doppler shift rate 6.604760, FFT length 131072
Starting work for Doppler shift rate 6.606608, FFT length 131072
Starting work for Doppler shift rate 6.608457, FFT length 131072
Starting work for Doppler shift rate 6.610306, FFT length 131072
Starting work for Doppler shift rate 6.610306, FFT length 65536
Starting work for Doppler shift rate 6.612154, FFT length 131072
Starting work for Doppler shift rate 6.614003, FFT length 131072
Starting work for Doppler shift rate 6.615851, FFT length 131072
Starting work for Doppler shift rate 6.617700, FFT length 131072
Starting work for Doppler shift rate 6.617700, FFT length 65536
Starting work for Doppler shift rate 6.619548, FFT length 131072
Starting work for Doppler shift rate 6.621397, FFT length 131072
Starting work for Doppler shift rate 6.623245, FFT length 131072
Starting work for Doppler shift rate 6.625094, FFT length 131072
Starting work for Doppler shift rate 6.625094, FFT length 65536
Starting work for Doppler shift rate 6.625094, FFT length 32768
Starting work for Doppler shift rate 6.625094, FFT length 16384
... Searching for Gaussians
Starting work for Doppler shift rate 6.625094, FFT length 8192
... Searching for Gaussians
... Searching for Pulses
Starting work for Doppler shift rate 6.626942, FFT length 131072
Starting work for Doppler shift rate 6.628791, FFT length 131072
Starting work for Doppler shift rate 6.630639, FFT length 131072
Starting work for Doppler shift rate 6.632488, FFT length 131072
Starting work for Doppler shift rate 6.632488, FFT length 65536
Starting work for Doppler shift rate 6.634336, FFT length 131072
Starting work for Doppler shift rate 6.636185, FFT length 131072
Starting work for Doppler shift rate 6.638033, FFT length 131072
Starting work for Doppler shift rate 6.639882, FFT length 131072
Starting work for Doppler shift rate 6.639882, FFT length 65536
Starting work for Doppler shift rate 6.641730, FFT length 131072
Starting work for Doppler shift rate 6.643579, FFT length 131072
Starting work for Doppler shift rate 6.645427, FFT length 131072
Starting work for Doppler shift rate 6.647276, FFT length 131072
Starting work for Doppler shift rate 6.647276, FFT length 65536
Starting work for Doppler shift rate 6.649125, FFT length 131072
Starting work for Doppler shift rate 6.650973, FFT length 131072
Starting work for Doppler shift rate 6.652822, FFT length 131072
Starting work for Doppler shift rate 6.654670, FFT length 131072
Starting work for Doppler shift rate 6.654670, FFT length 65536
Starting work for Doppler shift rate 6.654670, FFT length 32768
Starting work for Doppler shift rate 6.656518, FFT length 131072
Starting work for Doppler shift rate 6.658367, FFT length 131072
Starting work for Doppler shift rate 6.660215, FFT length 131072
Starting work for Doppler shift rate 6.662064, FFT length 131072
Starting work for Doppler shift rate 6.662064, FFT length 65536
Starting work for Doppler shift rate 6.663913, FFT length 131072
Starting work for Doppler shift rate 6.665761, FFT length 131072
Starting work for Doppler shift rate 6.667610, FFT length 131072
Starting work for Doppler shift rate 6.669458, FFT length 131072
Starting work for Doppler shift rate 6.669458, FFT length 65536
Starting work for Doppler shift rate 6.671307, FFT length 131072
Starting work for Doppler shift rate 6.673155, FFT length 131072
Starting work for Doppler shift rate 6.675004, FFT length 131072
Starting work for Doppler shift rate 6.676852, FFT length 131072
Starting work for Doppler shift rate 6.676852, FFT length 65536
Starting work for Doppler shift rate 6.678701, FFT length 131072
Starting work for Doppler shift rate 6.680549, FFT length 131072
Starting work for Doppler shift rate 6.682398, FFT length 131072
Starting work for Doppler shift rate 6.684247, FFT length 131072
Starting work for Doppler shift rate 6.684247, FFT length 65536
Starting work for Doppler shift rate 6.684247, FFT length 32768
Starting work for Doppler shift rate 6.686095, FFT length 131072
Starting work for Doppler shift rate 6.687943, FFT length 131072
Starting work for Doppler shift rate 6.689792, FFT length 131072
Starting work for Doppler shift rate 6.691640, FFT length 131072
Starting work for Doppler shift rate 6.691640, FFT length 65536
Starting work for Doppler shift rate 6.693489, FFT length 131072
Starting work for Doppler shift rate 6.695337, FFT length 131072
Starting work for Doppler shift rate 6.697186, FFT length 131072
Starting work for Doppler shift rate 6.699035, FFT length 131072
Starting work for Doppler shift rate 6.699035, FFT length 65536
Starting work for Doppler shift rate 6.700883, FFT length 131072
Starting work for Doppler shift rate 6.702732, FFT length 131072
Starting work for Doppler shift rate 6.704580, FFT length 131072
Starting work for Doppler shift rate 6.706429, FFT length 131072
Starting work for Doppler shift rate 6.706429, FFT length 65536
Starting work for Doppler shift rate 6.708277, FFT length 131072
Starting work for Doppler shift rate 6.710125, FFT length 131072
Starting work for Doppler shift rate 6.711974, FFT length 131072
Starting work for Doppler shift rate 6.713823, FFT length 131072
Starting work for Doppler shift rate 6.713823, FFT length 65536
Starting work for Doppler shift rate 6.713823, FFT length 32768
Starting work for Doppler shift rate 6.715671, FFT length 131072
Starting work for Doppler shift rate 6.717520, FFT length 131072
Starting work for Doppler shift rate 6.719368, FFT length 131072
Starting work for Doppler shift rate 6.721217, FFT length 131072
Starting work for Doppler shift rate 6.721217, FFT length 65536
Starting work for Doppler shift rate 6.723065, FFT length 131072
Starting work for Doppler shift rate 6.724914, FFT length 131072
Starting work for Doppler shift rate 6.726762, FFT length 131072
Starting work for Doppler shift rate 6.728611, FFT length 131072
Starting work for Doppler shift rate 6.728611, FFT length 65536
Starting work for Doppler shift rate 6.730459, FFT length 131072
Starting work for Doppler shift rate 6.732308, FFT length 131072
Starting work for Doppler shift rate 6.734157, FFT length 131072
Starting work for Doppler shift rate 6.736005, FFT length 131072
Starting work for Doppler shift rate 6.736005, FFT length 65536
Starting work for Doppler shift rate 6.737854, FFT length 131072
Starting work for Doppler shift rate 6.739702, FFT length 131072
Starting work for Doppler shift rate 6.741550, FFT length 131072
Starting work for Doppler shift rate 6.743399, FFT length 131072
Starting work for Doppler shift rate 6.743399, FFT length 65536
Starting work for Doppler shift rate 6.743399, FFT length 32768
Starting work for Doppler shift rate 6.743399, FFT length 16384
... Searching for Gaussians
Starting work for Doppler shift rate 6.745247, FFT length 131072
Starting work for Doppler shift rate 6.747096, FFT length 131072
Starting work for Doppler shift rate 6.748945, FFT length 131072
Starting work for Doppler shift rate 6.750793, FFT length 131072
Starting work for Doppler shift rate 6.750793, FFT length 65536
Starting work for Doppler shift rate 6.752642, FFT length 131072
Starting work for Doppler shift rate 6.754490, FFT length 131072
Starting work for Doppler shift rate 6.756339, FFT length 131072
Starting work for Doppler shift rate 6.758187, FFT length 131072
Starting work for Doppler shift rate 6.758187, FFT length 65536
Starting work for Doppler shift rate 6.760036, FFT length 131072
Starting work for Doppler shift rate 6.761884, FFT length 131072
Starting work for Doppler shift rate 6.763733, FFT length 131072
Starting work for Doppler shift rate 6.765581, FFT length 131072
Starting work for Doppler shift rate 6.765581, FFT length 65536
Starting work for Doppler shift rate 6.767430, FFT length 131072
Starting work for Doppler shift rate 6.769278, FFT length 131072
Starting work for Doppler shift rate 6.771127, FFT length 131072
Starting work for Doppler shift rate 6.772975, FFT length 131072
Starting work for Doppler shift rate 6.772975, FFT length 65536
Starting work for Doppler shift rate 6.772975, FFT length 32768
Starting work for Doppler shift rate 6.774824, FFT length 131072
Starting work for Doppler shift rate 6.776672, FFT length 131072
Starting work for Doppler shift rate 6.778521, FFT length 131072
Starting work for Doppler shift rate 6.780369, FFT length 131072
Starting work for Doppler shift rate 6.780369, FFT length 65536
Starting work for Doppler shift rate 6.782218, FFT length 131072
Starting work for Doppler shift rate 6.784066, FFT length 131072
Starting work for Doppler shift rate 6.785915, FFT length 131072
Starting work for Doppler shift rate 6.787764, FFT length 131072
Starting work for Doppler shift rate 6.787764, FFT length 65536
Starting work for Doppler shift rate 6.789612, FFT length 131072
Starting work for Doppler shift rate 6.791461, FFT length 131072
Starting work for Doppler shift rate 6.793309, FFT length 131072
Starting work for Doppler shift rate 6.795157, FFT length 131072
Starting work for Doppler shift rate 6.795157, FFT length 65536
Starting work for Doppler shift rate 6.797006, FFT length 131072
Starting work for Doppler shift rate 6.798854, FFT length 131072
Starting work for Doppler shift rate 6.800703, FFT length 131072
Starting work for Doppler shift rate 6.802552, FFT length 131072
Starting work for Doppler shift rate 6.802552, FFT length 65536
Starting work for Doppler shift rate 6.802552, FFT length 32768
Starting work for Doppler shift rate 6.804400, FFT length 131072
Starting work for Doppler shift rate 6.806249, FFT length 131072
Starting work for Doppler shift rate 6.808097, FFT length 131072
Starting work for Doppler shift rate 6.809946, FFT length 131072
Starting work for Doppler shift rate 6.809946, FFT length 65536
Starting work for Doppler shift rate 6.811794, FFT length 131072
Starting work for Doppler shift rate 6.813643, FFT length 131072
Starting work for Doppler shift rate 6.815491, FFT length 131072
Starting work for Doppler shift rate 6.817340, FFT length 131072
Starting work for Doppler shift rate 6.817340, FFT length 65536
Starting work for Doppler shift rate 6.819188, FFT length 131072
Starting work for Doppler shift rate 6.821037, FFT length 131072
Starting work for Doppler shift rate 6.822886, FFT length 131072
Starting work for Doppler shift rate 6.824734, FFT length 131072
Starting work for Doppler shift rate 6.824734, FFT length 65536
Starting work for Doppler shift rate 6.826582, FFT length 131072
Starting work for Doppler shift rate 6.828431, FFT length 131072
Starting work for Doppler shift rate 6.830279, FFT length 131072
Starting work for Doppler shift rate 6.832128, FFT length 131072
Starting work for Doppler shift rate 6.832128, FFT length 65536
Starting work for Doppler shift rate 6.832128, FFT length 32768
Starting work for Doppler shift rate 6.833976, FFT length 131072
Starting work for Doppler shift rate 6.835825, FFT length 131072
Starting work for Doppler shift rate 6.837674, FFT length 131072
Starting work for Doppler shift rate 6.839522, FFT length 131072
Starting work for Doppler shift rate 6.839522, FFT length 65536
Starting work for Doppler shift rate 6.841371, FFT length 131072
Starting work for Doppler shift rate 6.843219, FFT length 131072
Starting work for Doppler shift rate 6.845068, FFT length 131072
Starting work for Doppler shift rate 6.846916, FFT length 131072
Starting work for Doppler shift rate 6.846916, FFT length 65536
Starting work for Doppler shift rate 6.848764, FFT length 131072
Starting work for Doppler shift rate 6.850613, FFT length 131072
Starting work for Doppler shift rate 6.852462, FFT length 131072
Starting work for Doppler shift rate 6.854310, FFT length 131072
Starting work for Doppler shift rate 6.854310, FFT length 65536
Starting work for Doppler shift rate 6.856159, FFT length 131072
Starting work for Doppler shift rate 6.858007, FFT length 131072
Starting work for Doppler shift rate 6.859856, FFT length 131072
Starting work for Doppler shift rate 6.861704, FFT length 131072
Starting work for Doppler shift rate 6.861704, FFT length 65536
Starting work for Doppler shift rate 6.861704, FFT length 32768
Starting work for Doppler shift rate 6.861704, FFT length 16384
... Searching for Gaussians
Starting work for Doppler shift rate 6.863553, FFT length 131072
Starting work for Doppler shift rate 6.865401, FFT length 131072
Starting work for Doppler shift rate 6.867250, FFT length 131072
Starting work for Doppler shift rate 6.869098, FFT length 131072
Starting work for Doppler shift rate 6.869098, FFT length 65536
Starting work for Doppler shift rate 6.870947, FFT length 131072
Starting work for Doppler shift rate 6.872795, FFT length 131072
Starting work for Doppler shift rate 6.874644, FFT length 131072
Starting work for Doppler shift rate 6.876493, FFT length 131072
Starting work for Doppler shift rate 6.876493, FFT length 65536
Starting work for Doppler shift rate 6.878341, FFT length 131072
Starting work for Doppler shift rate 6.880189, FFT length 131072
Starting work for Doppler shift rate 6.882038, FFT length 131072
Starting work for Doppler shift rate 6.883886, FFT length 131072
Starting work for Doppler shift rate 6.883886, FFT length 65536
Starting work for Doppler shift rate 6.885735, FFT length 131072
Starting work for Doppler shift rate 6.887583, FFT length 131072
Starting work for Doppler shift rate 6.889432, FFT length 131072
Starting work for Doppler shift rate 6.891281, FFT length 131072
Starting work for Doppler shift rate 6.891281, FFT length 65536
Starting work for Doppler shift rate 6.891281, FFT length 32768
Starting work for Doppler shift rate 6.893129, FFT length 131072
Starting work for Doppler shift rate 6.894978, FFT length 131072
Starting work for Doppler shift rate 6.896826, FFT length 131072
Starting work for Doppler shift rate 6.898674, FFT length 131072
Starting work for Doppler shift rate 6.898674, FFT length 65536
Starting work for Doppler shift rate 6.900523, FFT length 131072
Starting work for Doppler shift rate 6.902371, FFT length 131072
Starting work for Doppler shift rate 6.904220, FFT length 131072
Starting work for Doppler shift rate 6.906069, FFT length 131072
Starting work for Doppler shift rate 6.906069, FFT length 65536
Starting work for Doppler shift rate 6.907917, FFT length 131072
Starting work for Doppler shift rate 6.909766, FFT length 131072
Starting work for Doppler shift rate 6.911614, FFT length 131072
Starting work for Doppler shift rate 6.913463, FFT length 131072
Starting work for Doppler shift rate 6.913463, FFT length 65536
Starting work for Doppler shift rate 6.915311, FFT length 131072
Starting work for Doppler shift rate 6.917160, FFT length 131072
Starting work for Doppler shift rate 6.919008, FFT length 131072
Starting work for Doppler shift rate 6.920857, FFT length 131072
Starting work for Doppler shift rate 6.920857, FFT length 65536
Starting work for Doppler shift rate 6.920857, FFT length 32768
Starting work for Doppler shift rate 6.922705, FFT length 131072
Starting work for Doppler shift rate 6.924554, FFT length 131072
Starting work for Doppler shift rate 6.926403, FFT length 131072
Starting work for Doppler shift rate 6.928251, FFT length 131072
Starting work for Doppler shift rate 6.928251, FFT length 65536
Starting work for Doppler shift rate 6.930099, FFT length 131072
Starting work for Doppler shift rate 6.931948, FFT length 131072
Starting work for Doppler shift rate 6.933796, FFT length 131072
Starting work for Doppler shift rate 6.935645, FFT length 131072
Starting work for Doppler shift rate 6.935645, FFT length 65536
Starting work for Doppler shift rate 6.937493, FFT length 131072
Starting work for Doppler shift rate 6.939342, FFT length 131072
Starting work for Doppler shift rate 6.941191, FFT length 131072
Starting work for Doppler shift rate 6.943039, FFT length 131072
Starting work for Doppler shift rate 6.943039, FFT length 65536
Starting work for Doppler shift rate 6.944888, FFT length 131072
Starting work for Doppler shift rate 6.946736, FFT length 131072
Starting work for Doppler shift rate 6.948585, FFT length 131072
Starting work for Doppler shift rate 6.950433, FFT length 131072
Starting work for Doppler shift rate 6.950433, FFT length 65536
Starting work for Doppler shift rate 6.950433, FFT length 32768
Starting work for Doppler shift rate 6.952281, FFT length 131072
Starting work for Doppler shift rate 6.954130, FFT length 131072
Starting work for Doppler shift rate 6.955979, FFT length 131072
Starting work for Doppler shift rate 6.957827, FFT length 131072
Starting work for Doppler shift rate 6.957827, FFT length 65536
Starting work for Doppler shift rate 6.959676, FFT length 131072
Starting work for Doppler shift rate 6.961524, FFT length 131072
Starting work for Doppler shift rate 6.963373, FFT length 131072
Starting work for Doppler shift rate 6.965221, FFT length 131072
Starting work for Doppler shift rate 6.965221, FFT length 65536
Starting work for Doppler shift rate 6.967070, FFT length 131072
Starting work for Doppler shift rate 6.968918, FFT length 131072
Starting work for Doppler shift rate 6.970767, FFT length 131072
Starting work for Doppler shift rate 6.972615, FFT length 131072
Starting work for Doppler shift rate 6.972615, FFT length 65536
Starting work for Doppler shift rate 6.974464, FFT length 131072
Starting work for Doppler shift rate 6.976313, FFT length 131072
Starting work for Doppler shift rate 6.978161, FFT length 131072
Starting work for Doppler shift rate 6.980010, FFT length 131072
Starting work for Doppler shift rate 6.980010, FFT length 65536
Starting work for Doppler shift rate 6.980010, FFT length 32768
Starting work for Doppler shift rate 6.980010, FFT length 16384
... Searching for Gaussians
Starting work for Doppler shift rate 6.981858, FFT length 131072
Starting work for Doppler shift rate 6.983706, FFT length 131072
Starting work for Doppler shift rate 6.985555, FFT length 131072
Starting work for Doppler shift rate 6.987403, FFT length 131072
Starting work for Doppler shift rate 6.987403, FFT length 65536
Starting work for Doppler shift rate 6.989252, FFT length 131072
18.366805% done
Starting work for Doppler shift rate 6.991101, FFT length 131072
Starting work for Doppler shift rate 6.992949, FFT length 131072
Starting work for Doppler shift rate 6.994798, FFT length 131072
Starting work for Doppler shift rate 6.994798, FFT length 65536
Starting work for Doppler shift rate 6.996646, FFT length 131072
Starting work for Doppler shift rate 6.998495, FFT length 131072
Starting work for Doppler shift rate 7.000343, FFT length 131072
Starting work for Doppler shift rate 7.002192, FFT length 131072
Starting work for Doppler shift rate 7.002192, FFT length 65536
Starting work for Doppler shift rate 7.004040, FFT length 131072
Starting work for Doppler shift rate 7.005889, FFT length 131072
Starting work for Doppler shift rate 7.007737, FFT length 131072
Starting work for Doppler shift rate 7.009586, FFT length 131072
Starting work for Doppler shift rate 7.009586, FFT length 65536
Starting work for Doppler shift rate 7.009586, FFT length 32768
Starting work for Doppler shift rate 7.011434, FFT length 131072
Starting work for Doppler shift rate 7.013283, FFT length 131072
Starting work for Doppler shift rate 7.015131, FFT length 131072
Starting work for Doppler shift rate 7.016980, FFT length 131072
Starting work for Doppler shift rate 7.016980, FFT length 65536
Starting work for Doppler shift rate 7.018828, FFT length 131072
Starting work for Doppler shift rate 7.020677, FFT length 131072
Starting work for Doppler shift rate 7.022525, FFT length 131072
Starting work for Doppler shift rate 7.024374, FFT length 131072
Starting work for Doppler shift rate 7.024374, FFT length 65536
Starting work for Doppler shift rate 7.026222, FFT length 131072
Starting work for Doppler shift rate 7.028071, FFT length 131072
Starting work for Doppler shift rate 7.029920, FFT length 131072
Starting work for Doppler shift rate 7.031768, FFT length 131072
Starting work for Doppler shift rate 7.031768, FFT length 65536
Starting work for Doppler shift rate 7.033617, FFT length 131072
Starting work for Doppler shift rate 7.035465, FFT length 131072
Starting work for Doppler shift rate 7.037313, FFT length 131072
Starting work for Doppler shift rate 7.039162, FFT length 131072
Starting work for Doppler shift rate 7.039162, FFT length 65536
Starting work for Doppler shift rate 7.039162, FFT length 32768
Starting work for Doppler shift rate 7.041010, FFT length 131072
Starting work for Doppler shift rate 7.042859, FFT length 131072
Starting work for Doppler shift rate 7.044708, FFT length 131072
Starting work for Doppler shift rate 7.046556, FFT length 131072
Starting work for Doppler shift rate 7.046556, FFT length 65536
Starting work for Doppler shift rate 7.048405, FFT length 131072
Starting work for Doppler shift rate 7.050253, FFT length 131072
Starting work for Doppler shift rate 7.052102, FFT length 131072
Starting work for Doppler shift rate 7.053950, FFT length 131072
Starting work for Doppler shift rate 7.053950, FFT length 65536
Starting work for Doppler shift rate 7.055799, FFT length 131072
Starting work for Doppler shift rate 7.057647, FFT length 131072
Starting work for Doppler shift rate 7.059496, FFT length 131072
Starting work for Doppler shift rate 7.061344, FFT length 131072
Starting work for Doppler shift rate 7.061344, FFT length 65536
Starting work for Doppler shift rate 7.063193, FFT length 131072
Starting work for Doppler shift rate 7.065042, FFT length 131072
Starting work for Doppler shift rate 7.066890, FFT length 131072
Starting work for Doppler shift rate 7.068738, FFT length 131072
Starting work for Doppler shift rate 7.068738, FFT length 65536
Starting work for Doppler shift rate 7.068738, FFT length 32768
Starting work for Doppler shift rate 7.070587, FFT length 131072
Starting work for Doppler shift rate 7.072435, FFT length 131072
Starting work for Doppler shift rate 7.074284, FFT length 131072
Starting work for Doppler shift rate 7.076132, FFT length 131072
Starting work for Doppler shift rate 7.076132, FFT length 65536
Starting work for Doppler shift rate 7.077981, FFT length 131072
Starting work for Doppler shift rate 7.079830, FFT length 131072
Starting work for Doppler shift rate 7.081678, FFT length 131072
Starting work for Doppler shift rate 7.083527, FFT length 131072
Starting work for Doppler shift rate 7.083527, FFT length 65536
Starting work for Doppler shift rate 7.085375, FFT length 131072
Starting work for Doppler shift rate 7.087224, FFT length 131072
Starting work for Doppler shift rate 7.089072, FFT length 131072
Starting work for Doppler shift rate 7.090920, FFT length 131072
Starting work for Doppler shift rate 7.090920, FFT length 65536
Starting work for Doppler shift rate 7.092769, FFT length 131072
Starting work for Doppler shift rate 7.094618, FFT length 131072
Starting work for Doppler shift rate 7.096466, FFT length 131072
Starting work for Doppler shift rate 7.098315, FFT length 131072
Starting work for Doppler shift rate 7.098315, FFT length 65536
Starting work for Doppler shift rate 7.098315, FFT length 32768
Starting work for Doppler shift rate 7.098315, FFT length 16384
... Searching for Gaussians
Starting work for Doppler shift rate 7.098315, FFT length 8192
... Searching for Gaussians
... Searching for Pulses
Starting work for Doppler shift rate 7.100163, FFT length 131072
Starting work for Doppler shift rate 7.102012, FFT length 131072
Starting work for Doppler shift rate 7.103860, FFT length 131072
Starting work for Doppler shift rate 7.105709, FFT length 131072
Starting work for Doppler shift rate 7.105709, FFT length 65536
Starting work for Doppler shift rate 7.107557, FFT length 131072
Starting work for Doppler shift rate 7.109406, FFT length 131072
Starting work for Doppler shift rate 7.111254, FFT length 131072
Starting work for Doppler shift rate 7.113103, FFT length 131072
Starting work for Doppler shift rate 7.113103, FFT length 65536
Starting work for Doppler shift rate 7.114952, FFT length 131072
Starting work for Doppler shift rate 7.116800, FFT length 131072
Starting work for Doppler shift rate 7.118649, FFT length 131072
Starting work for Doppler shift rate 7.120497, FFT length 131072
Starting work for Doppler shift rate 7.120497, FFT length 65536
Starting work for Doppler shift rate 7.122345, FFT length 131072
Starting work for Doppler shift rate 7.124194, FFT length 131072
Starting work for Doppler shift rate 7.126042, FFT length 131072
Starting work for Doppler shift rate 7.127891, FFT length 131072
Starting work for Doppler shift rate 7.127891, FFT length 65536
Starting work for Doppler shift rate 7.127891, FFT length 32768
Starting work for Doppler shift rate 7.129740, FFT length 131072
Starting work for Doppler shift rate 7.131588, FFT length 131072
Starting work for Doppler shift rate 7.133437, FFT length 131072
Starting work for Doppler shift rate 7.135285, FFT length 131072
Starting work for Doppler shift rate 7.135285, FFT length 65536
Starting work for Doppler shift rate 7.137134, FFT length 131072
Starting work for Doppler shift rate 7.138982, FFT length 131072
Starting work for Doppler shift rate 7.140831, FFT length 131072
Starting work for Doppler shift rate 7.142679, FFT length 131072
Starting work for Doppler shift rate 7.142679, FFT length 65536
Starting work for Doppler shift rate 7.144528, FFT length 131072
Starting work for Doppler shift rate 7.146376, FFT length 131072
Starting work for Doppler shift rate 7.148225, FFT length 131072
Starting work for Doppler shift rate 7.150073, FFT length 131072
Starting work for Doppler shift rate 7.150073, FFT length 65536
Starting work for Doppler shift rate 7.151922, FFT length 131072
Starting work for Doppler shift rate 7.153770, FFT length 131072
Starting work for Doppler shift rate 7.155619, FFT length 131072
Starting work for Doppler shift rate 7.157467, FFT length 131072
Starting work for Doppler shift rate 7.157467, FFT length 65536
Starting work for Doppler shift rate 7.157467, FFT length 32768
Starting work for Doppler shift rate 7.159316, FFT length 131072
Starting work for Doppler shift rate 7.161164, FFT length 131072
Starting work for Doppler shift rate 7.163013, FFT length 131072
Starting work for Doppler shift rate 7.164861, FFT length 131072
Starting work for Doppler shift rate 7.164861, FFT length 65536
Starting work for Doppler shift rate 7.166710, FFT length 131072
Starting work for Doppler shift rate 7.168559, FFT length 131072
Starting work for Doppler shift rate 7.170407, FFT length 131072
Starting work for Doppler shift rate 7.172256, FFT length 131072
Starting work for Doppler shift rate 7.172256, FFT length 65536
Starting work for Doppler shift rate 7.174104, FFT length 131072
Starting work for Doppler shift rate 7.175952, FFT length 131072
Starting work for Doppler shift rate 7.177801, FFT length 131072
Starting work for Doppler shift rate 7.179649, FFT length 131072
Starting work for Doppler shift rate 7.179649, FFT length 65536
Starting work for Doppler shift rate 7.181498, FFT length 131072
Starting work for Doppler shift rate 7.183347, FFT length 131072
Starting work for Doppler shift rate 7.185195, FFT length 131072
Starting work for Doppler shift rate 7.187044, FFT length 131072
Starting work for Doppler shift rate 7.187044, FFT length 65536
Starting work for Doppler shift rate 7.187044, FFT length 32768
Starting work for Doppler shift rate 7.188892, FFT length 131072
Starting work for Doppler shift rate 7.190741, FFT length 131072
Starting work for Doppler shift rate 7.192589, FFT length 131072
Starting work for Doppler shift rate 7.194438, FFT length 131072
Starting work for Doppler shift rate 7.194438, FFT length 65536
Starting work for Doppler shift rate 7.196286, FFT length 131072
Starting work for Doppler shift rate 7.198135, FFT length 131072
Starting work for Doppler shift rate 7.199983, FFT length 131072
Starting work for Doppler shift rate 7.201832, FFT length 131072
Starting work for Doppler shift rate 7.201832, FFT length 65536
Starting work for Doppler shift rate 7.203681, FFT length 131072
Starting work for Doppler shift rate 7.205529, FFT length 131072
Starting work for Doppler shift rate 7.207377, FFT length 131072
Starting work for Doppler shift rate 7.209226, FFT length 131072
Starting work for Doppler shift rate 7.209226, FFT length 65536
Starting work for Doppler shift rate 7.211074, FFT length 131072
Starting work for Doppler shift rate 7.212923, FFT length 131072
Starting work for Doppler shift rate 7.214771, FFT length 131072
Starting work for Doppler shift rate 7.216620, FFT length 131072
Starting work for Doppler shift rate 7.216620, FFT length 65536
Starting work for Doppler shift rate 7.216620, FFT length 32768
Starting work for Doppler shift rate 7.216620, FFT length 16384
... Searching for Gaussians
Starting work for Doppler shift rate 7.218469, FFT length 131072
Starting work for Doppler shift rate 7.220317, FFT length 131072
Starting work for Doppler shift rate 7.222166, FFT length 131072
Starting work for Doppler shift rate 7.224014, FFT length 131072
Starting work for Doppler shift rate 7.224014, FFT length 65536
Starting work for Doppler shift rate 7.225863, FFT length 131072
Starting work for Doppler shift rate 7.227711, FFT length 131072
Starting work for Doppler shift rate 7.229559, FFT length 131072
Starting work for Doppler shift rate 7.231408, FFT length 131072
Starting work for Doppler shift rate 7.231408, FFT length 65536
Starting work for Doppler shift rate 7.233257, FFT length 131072
Starting work for Doppler shift rate 7.235105, FFT length 131072
Starting work for Doppler shift rate 7.236954, FFT length 131072
Starting work for Doppler shift rate 7.238802, FFT length 131072
Starting work for Doppler shift rate 7.238802, FFT length 65536
Starting work for Doppler shift rate 7.240651, FFT length 131072
Starting work for Doppler shift rate 7.242499, FFT length 131072
Starting work for Doppler shift rate 7.244348, FFT length 131072
Starting work for Doppler shift rate 7.246196, FFT length 131072
Starting work for Doppler shift rate 7.246196, FFT length 65536
Starting work for Doppler shift rate 7.246196, FFT length 32768
Starting work for Doppler shift rate 7.248045, FFT length 131072
Starting work for Doppler shift rate 7.249893, FFT length 131072
Starting work for Doppler shift rate 7.251742, FFT length 131072
Starting work for Doppler shift rate 7.253590, FFT length 131072
Starting work for Doppler shift rate 7.253590, FFT length 65536
Starting work for Doppler shift rate 7.255439, FFT length 131072
Starting work for Doppler shift rate 7.257288, FFT length 131072
Starting work for Doppler shift rate 7.259136, FFT length 131072
Starting work for Doppler shift rate 7.260984, FFT length 131072
Starting work for Doppler shift rate 7.260984, FFT length 65536
Starting work for Doppler shift rate 7.262833, FFT length 131072
Starting work for Doppler shift rate 7.264681, FFT length 131072
Starting work for Doppler shift rate 7.266530, FFT length 131072
Starting work for Doppler shift rate 7.268378, FFT length 131072
Starting work for Doppler shift rate 7.268378, FFT length 65536
Starting work for Doppler shift rate 7.270227, FFT length 131072
Starting work for Doppler shift rate 7.272076, FFT length 131072
Starting work for Doppler shift rate 7.273924, FFT length 131072
Starting work for Doppler shift rate 7.275773, FFT length 131072
Starting work for Doppler shift rate 7.275773, FFT length 65536
Starting work for Doppler shift rate 7.275773, FFT length 32768
Starting work for Doppler shift rate 7.277621, FFT length 131072
Starting work for Doppler shift rate 7.279469, FFT length 131072
Starting work for Doppler shift rate 7.281318, FFT length 131072
Starting work for Doppler shift rate 7.283167, FFT length 131072
Starting work for Doppler shift rate 7.283167, FFT length 65536
Starting work for Doppler shift rate 7.285015, FFT length 131072
Starting work for Doppler shift rate 7.286864, FFT length 131072
Starting work for Doppler shift rate 7.288712, FFT length 131072
Starting work for Doppler shift rate 7.290561, FFT length 131072
Starting work for Doppler shift rate 7.290561, FFT length 65536
Starting work for Doppler shift rate 7.292409, FFT length 131072
Starting work for Doppler shift rate 7.294258, FFT length 131072
Starting work for Doppler shift rate 7.296106, FFT length 131072
Starting work for Doppler shift rate 7.297955, FFT length 131072
Starting work for Doppler shift rate 7.297955, FFT length 65536
Starting work for Doppler shift rate 7.299803, FFT length 131072
Starting work for Doppler shift rate 7.301652, FFT length 131072
Starting work for Doppler shift rate 7.303500, FFT length 131072
Starting work for Doppler shift rate 7.305349, FFT length 131072
Starting work for Doppler shift rate 7.305349, FFT length 65536
Starting work for Doppler shift rate 7.305349, FFT length 32768
Starting work for Doppler shift rate 7.307198, FFT length 131072
Starting work for Doppler shift rate 7.309046, FFT length 131072
Starting work for Doppler shift rate 7.310894, FFT length 131072
Starting work for Doppler shift rate 7.312743, FFT length 131072
Starting work for Doppler shift rate 7.312743, FFT length 65536
Starting work for Doppler shift rate 7.314591, FFT length 131072
Starting work for Doppler shift rate 7.316440, FFT length 131072
Starting work for Doppler shift rate 7.318288, FFT length 131072
Starting work for Doppler shift rate 7.320137, FFT length 131072
Starting work for Doppler shift rate 7.320137, FFT length 65536
Starting work for Doppler shift rate 7.321986, FFT length 131072
Starting work for Doppler shift rate 7.323834, FFT length 131072
Starting work for Doppler shift rate 7.325683, FFT length 131072
Starting work for Doppler shift rate 7.327531, FFT length 131072
Starting work for Doppler shift rate 7.327531, FFT length 65536
Starting work for Doppler shift rate 7.329380, FFT length 131072
Starting work for Doppler shift rate 7.331228, FFT length 131072
Starting work for Doppler shift rate 7.333076, FFT length 131072
Starting work for Doppler shift rate 7.334925, FFT length 131072
Starting work for Doppler shift rate 7.334925, FFT length 65536
Starting work for Doppler shift rate 7.334925, FFT length 32768
Starting work for Doppler shift rate 7.334925, FFT length 16384
... Searching for Gaussians
Starting work for Doppler shift rate 7.336774, FFT length 131072
Starting work for Doppler shift rate 7.338622, FFT length 131072
Starting work for Doppler shift rate 7.340471, FFT length 131072
Starting work for Doppler shift rate 7.342319, FFT length 131072
Starting work for Doppler shift rate 7.342319, FFT length 65536
Starting work for Doppler shift rate 7.344168, FFT length 131072
Starting work for Doppler shift rate 7.346016, FFT length 131072
Starting work for Doppler shift rate 7.347865, FFT length 131072
Starting work for Doppler shift rate 7.349713, FFT length 131072
Starting work for Doppler shift rate 7.349713, FFT length 65536
Starting work for Doppler shift rate 7.351562, FFT length 131072
Starting work for Doppler shift rate 7.353410, FFT length 131072
Starting work for Doppler shift rate 7.355259, FFT length 131072
Starting work for Doppler shift rate 7.357108, FFT length 131072
Starting work for Doppler shift rate 7.357108, FFT length 65536
Starting work for Doppler shift rate 7.358956, FFT length 131072
Starting work for Doppler shift rate 7.360805, FFT length 131072
Starting work for Doppler shift rate 7.362653, FFT length 131072
Starting work for Doppler shift rate 7.364501, FFT length 131072
Starting work for Doppler shift rate 7.364501, FFT length 65536
Starting work for Doppler shift rate 7.364501, FFT length 32768
Starting work for Doppler shift rate 7.366350, FFT length 131072
Starting work for Doppler shift rate 7.368198, FFT length 131072
Starting work for Doppler shift rate 7.370047, FFT length 131072
Starting work for Doppler shift rate 7.371896, FFT length 131072
Starting work for Doppler shift rate 7.371896, FFT length 65536
Starting work for Doppler shift rate 7.373744, FFT length 131072
Starting work for Doppler shift rate 7.375593, FFT length 131072
Starting work for Doppler shift rate 7.377441, FFT length 131072
Starting work for Doppler shift rate 7.379290, FFT length 131072
Starting work for Doppler shift rate 7.379290, FFT length 65536
Starting work for Doppler shift rate 7.381138, FFT length 131072
Starting work for Doppler shift rate 7.382987, FFT length 131072
Starting work for Doppler shift rate 7.384835, FFT length 131072
Starting work for Doppler shift rate 7.386684, FFT length 131072
Starting work for Doppler shift rate 7.386684, FFT length 65536
Starting work for Doppler shift rate 7.388532, FFT length 131072
Starting work for Doppler shift rate 7.390381, FFT length 131072
Starting work for Doppler shift rate 7.392229, FFT length 131072
Starting work for Doppler shift rate 7.394078, FFT length 131072
Starting work for Doppler shift rate 7.394078, FFT length 65536
Starting work for Doppler shift rate 7.394078, FFT length 32768
Doing baseline smoothing.
Starting work for Doppler shift rate 7.395926, FFT length 131072
Starting work for Doppler shift rate 7.397775, FFT length 131072
Starting work for Doppler shift rate 7.399623, FFT length 131072
Starting work for Doppler shift rate 7.401472, FFT length 131072
Starting work for Doppler shift rate 7.401472, FFT length 65536
Starting work for Doppler shift rate 7.403320, FFT length 131072
Starting work for Doppler shift rate 7.405169, FFT length 131072
Starting work for Doppler shift rate 7.407017, FFT length 131072
Starting work for Doppler shift rate 7.408866, FFT length 131072
Starting work for Doppler shift rate 7.408866, FFT length 65536
Starting work for Doppler shift rate 7.410715, FFT length 131072
Starting work for Doppler shift rate 7.412563, FFT length 131072
Starting work for Doppler shift rate 7.414412, FFT length 131072
Starting work for Doppler shift rate 7.416260, FFT length 131072
Starting work for Doppler shift rate 7.416260, FFT length 65536
Starting work for Doppler shift rate 7.418108, FFT length 131072
Starting work for Doppler shift rate 7.419957, FFT length 131072
Starting work for Doppler shift rate 7.421805, FFT length 131072
Starting work for Doppler shift rate 7.423654, FFT length 131072
Starting work for Doppler shift rate 7.423654, FFT length 65536
Starting work for Doppler shift rate 7.423654, FFT length 32768
Starting work for Doppler shift rate 7.425503, FFT length 131072
Starting work for Doppler shift rate 7.427351, FFT length 131072
Starting work for Doppler shift rate 7.429200, FFT length 131072
Starting work for Doppler shift rate 7.431048, FFT length 131072
Starting work for Doppler shift rate 7.431048, FFT length 65536
Starting work for Doppler shift rate 7.432897, FFT length 131072
Starting work for Doppler shift rate 7.434745, FFT length 131072
Starting work for Doppler shift rate 7.436594, FFT length 131072
Starting work for Doppler shift rate 7.438442, FFT length 131072
Starting work for Doppler shift rate 7.438442, FFT length 65536
Starting work for Doppler shift rate 7.440291, FFT length 131072
Starting work for Doppler shift rate 7.442139, FFT length 131072
Starting work for Doppler shift rate 7.443988, FFT length 131072
Starting work for Doppler shift rate 7.445837, FFT length 131072
Starting work for Doppler shift rate 7.445837, FFT length 65536
Starting work for Doppler shift rate 7.447685, FFT length 131072
Starting work for Doppler shift rate 7.449533, FFT length 131072
Starting work for Doppler shift rate 7.451382, FFT length 131072
Starting work for Doppler shift rate 7.453230, FFT length 131072
Starting work for Doppler shift rate 7.453230, FFT length 65536
Starting work for Doppler shift rate 7.453230, FFT length 32768
Starting work for Doppler shift rate 7.453230, FFT length 16384
... Searching for Gaussians
Starting work for Doppler shift rate 7.455079, FFT length 131072
Starting work for Doppler shift rate 7.456927, FFT length 131072
Starting work for Doppler shift rate 7.458776, FFT length 131072
Starting work for Doppler shift rate 7.460625, FFT length 131072
Starting work for Doppler shift rate 7.460625, FFT length 65536
Starting work for Doppler shift rate 7.462473, FFT length 131072
Starting work for Doppler shift rate 7.464322, FFT length 131072
Starting work for Doppler shift rate 7.466170, FFT length 131072
Starting work for Doppler shift rate 7.468019, FFT length 131072
Starting work for Doppler shift rate 7.468019, FFT length 65536
Starting work for Doppler shift rate 7.469867, FFT length 131072
Starting work for Doppler shift rate 7.471715, FFT length 131072
Starting work for Doppler shift rate 7.473564, FFT length 131072
Starting work for Doppler shift rate 7.475413, FFT length 131072
Starting work for Doppler shift rate 7.475413, FFT length 65536
Starting work for Doppler shift rate 7.477261, FFT length 131072
Starting work for Doppler shift rate 7.479110, FFT length 131072
Starting work for Doppler shift rate 7.480958, FFT length 131072
Starting work for Doppler shift rate 7.482807, FFT length 131072
Starting work for Doppler shift rate 7.482807, FFT length 65536
Starting work for Doppler shift rate 7.482807, FFT length 32768
Starting work for Doppler shift rate 7.484655, FFT length 131072
Starting work for Doppler shift rate 7.486504, FFT length 131072
Starting work for Doppler shift rate 7.488352, FFT length 131072
Starting work for Doppler shift rate 7.490201, FFT length 131072
Starting work for Doppler shift rate 7.490201, FFT length 65536
Starting work for Doppler shift rate 7.492049, FFT length 131072
Starting work for Doppler shift rate 7.493898, FFT length 131072
Starting work for Doppler shift rate 7.495747, FFT length 131072
Starting work for Doppler shift rate 7.497595, FFT length 131072
Starting work for Doppler shift rate 7.497595, FFT length 65536
Starting work for Doppler shift rate 7.499444, FFT length 131072
Starting work for Doppler shift rate 7.501292, FFT length 131072
Starting work for Doppler shift rate 7.503140, FFT length 131072
Starting work for Doppler shift rate 7.504989, FFT length 131072
Starting work for Doppler shift rate 7.504989, FFT length 65536
Starting work for Doppler shift rate 7.506837, FFT length 131072
Starting work for Doppler shift rate 7.508686, FFT length 131072
Starting work for Doppler shift rate 7.510535, FFT length 131072
Starting work for Doppler shift rate 7.512383, FFT length 131072
Starting work for Doppler shift rate 7.512383, FFT length 65536
Starting work for Doppler shift rate 7.512383, FFT length 32768
Starting work for Doppler shift rate 7.514232, FFT length 131072
Starting work for Doppler shift rate 7.516080, FFT length 131072
Starting work for Doppler shift rate 7.517929, FFT length 131072
19.367671% done
Starting work for Doppler shift rate 7.519777, FFT length 131072
Starting work for Doppler shift rate 7.519777, FFT length 65536
Starting work for Doppler shift rate 7.521626, FFT length 131072
Starting work for Doppler shift rate 7.523474, FFT length 131072
Starting work for Doppler shift rate 7.525323, FFT length 131072
Starting work for Doppler shift rate 7.527171, FFT length 131072
Starting work for Doppler shift rate 7.527171, FFT length 65536
Starting work for Doppler shift rate 7.529020, FFT length 131072
Starting work for Doppler shift rate 7.530868, FFT length 131072
Starting work for Doppler shift rate 7.532717, FFT length 131072
Starting work for Doppler shift rate 7.534565, FFT length 131072
Starting work for Doppler shift rate 7.534565, FFT length 65536
Starting work for Doppler shift rate 7.536414, FFT length 131072
Starting work for Doppler shift rate 7.538262, FFT length 131072
Starting work for Doppler shift rate 7.540111, FFT length 131072
Starting work for Doppler shift rate 7.541959, FFT length 131072
Starting work for Doppler shift rate 7.541959, FFT length 65536
Starting work for Doppler shift rate 7.541959, FFT length 32768
Starting work for Doppler shift rate 7.543808, FFT length 131072
Starting work for Doppler shift rate 7.545656, FFT length 131072
Starting work for Doppler shift rate 7.547505, FFT length 131072
Starting work for Doppler shift rate 7.549354, FFT length 131072
Starting work for Doppler shift rate 7.549354, FFT length 65536
Starting work for Doppler shift rate 7.551202, FFT length 131072
Starting work for Doppler shift rate 7.553051, FFT length 131072
Starting work for Doppler shift rate 7.554899, FFT length 131072
Starting work for Doppler shift rate 7.556747, FFT length 131072
Starting work for Doppler shift rate 7.556747, FFT length 65536
Starting work for Doppler shift rate 7.558596, FFT length 131072
Starting work for Doppler shift rate 7.560444, FFT length 131072
Starting work for Doppler shift rate 7.562293, FFT length 131072
Starting work for Doppler shift rate 7.564142, FFT length 131072
Starting work for Doppler shift rate 7.564142, FFT length 65536
Starting work for Doppler shift rate 7.565990, FFT length 131072
Starting work for Doppler shift rate 7.567839, FFT length 131072
Starting work for Doppler shift rate 7.569687, FFT length 131072
Starting work for Doppler shift rate 7.571536, FFT length 131072
Starting work for Doppler shift rate 7.571536, FFT length 65536
Starting work for Doppler shift rate 7.571536, FFT length 32768
Starting work for Doppler shift rate 7.571536, FFT length 16384
... Searching for Gaussians
Starting work for Doppler shift rate 7.571536, FFT length 8192
... Searching for Gaussians
... Searching for Pulses
Starting work for Doppler shift rate 7.571536, FFT length 4096
... Searching for Gaussians
... Searching for Pulses
Starting work for Doppler shift rate 7.571536, FFT length 2048
... Searching for Gaussians
... Searching for Pulses
Starting work for Doppler shift rate 7.573384, FFT length 131072
Starting work for Doppler shift rate 7.575233, FFT length 131072
Starting work for Doppler shift rate 7.577081, FFT length 131072
Starting work for Doppler shift rate 7.578930, FFT length 131072
Starting work for Doppler shift rate 7.578930, FFT length 65536
Starting work for Doppler shift rate 7.580778, FFT length 131072
Starting work for Doppler shift rate 7.582627, FFT length 131072
Starting work for Doppler shift rate 7.584476, FFT length 131072
Starting work for Doppler shift rate 7.586324, FFT length 131072
Starting work for Doppler shift rate 7.586324, FFT length 65536
Starting work for Doppler shift rate 7.588172, FFT length 131072
Starting work for Doppler shift rate 7.590021, FFT length 131072
Starting work for Doppler shift rate 7.591869, FFT length 131072
Starting work for Doppler shift rate 7.593718, FFT length 131072
Starting work for Doppler shift rate 7.593718, FFT length 65536
Starting work for Doppler shift rate 7.595566, FFT length 131072
Starting work for Doppler shift rate 7.597415, FFT length 131072
Starting work for Doppler shift rate 7.599264, FFT length 131072
Starting work for Doppler shift rate 7.601112, FFT length 131072
Starting work for Doppler shift rate 7.601112, FFT length 65536
Starting work for Doppler shift rate 7.601112, FFT length 32768
Starting work for Doppler shift rate 7.602961, FFT length 131072
Starting work for Doppler shift rate 7.604809, FFT length 131072
Starting work for Doppler shift rate 7.606658, FFT length 131072
Starting work for Doppler shift rate 7.608506, FFT length 131072
Starting work for Doppler shift rate 7.608506, FFT length 65536
Starting work for Doppler shift rate 7.610354, FFT length 131072
Starting work for Doppler shift rate 7.612203, FFT length 131072
Starting work for Doppler shift rate 7.614052, FFT length 131072
Starting work for Doppler shift rate 7.615900, FFT length 131072
Starting work for Doppler shift rate 7.615900, FFT length 65536
Starting work for Doppler shift rate 7.617749, FFT length 131072
Starting work for Doppler shift rate 7.619597, FFT length 131072
Starting work for Doppler shift rate 7.621446, FFT length 131072
Starting work for Doppler shift rate 7.623294, FFT length 131072
Starting work for Doppler shift rate 7.623294, FFT length 65536
Starting work for Doppler shift rate 7.625143, FFT length 131072
Starting work for Doppler shift rate 7.626991, FFT length 131072
Starting work for Doppler shift rate 7.628840, FFT length 131072
Starting work for Doppler shift rate 7.630688, FFT length 131072
Starting work for Doppler shift rate 7.630688, FFT length 65536
Starting work for Doppler shift rate 7.630688, FFT length 32768
Starting work for Doppler shift rate 7.632537, FFT length 131072
Starting work for Doppler shift rate 7.634385, FFT length 131072
Starting work for Doppler shift rate 7.636234, FFT length 131072
Starting work for Doppler shift rate 7.638083, FFT length 131072
Starting work for Doppler shift rate 7.638083, FFT length 65536
Starting work for Doppler shift rate 7.639931, FFT length 131072
Starting work for Doppler shift rate 7.641779, FFT length 131072
Starting work for Doppler shift rate 7.643628, FFT length 131072
Starting work for Doppler shift rate 7.645476, FFT length 131072
Starting work for Doppler shift rate 7.645476, FFT length 65536
Starting work for Doppler shift rate 7.647325, FFT length 131072
Starting work for Doppler shift rate 7.649174, FFT length 131072
Starting work for Doppler shift rate 7.651022, FFT length 131072
Starting work for Doppler shift rate 7.652871, FFT length 131072
Starting work for Doppler shift rate 7.652871, FFT length 65536
Starting work for Doppler shift rate 7.654719, FFT length 131072
Starting work for Doppler shift rate 7.656568, FFT length 131072
Starting work for Doppler shift rate 7.658416, FFT length 131072
Starting work for Doppler shift rate 7.660264, FFT length 131072
Starting work for Doppler shift rate 7.660264, FFT length 65536
Starting work for Doppler shift rate 7.660264, FFT length 32768
Starting work for Doppler shift rate 7.662113, FFT length 131072
Starting work for Doppler shift rate 7.663962, FFT length 131072
Starting work for Doppler shift rate 7.665810, FFT length 131072
Starting work for Doppler shift rate 7.667659, FFT length 131072
Starting work for Doppler shift rate 7.667659, FFT length 65536
Starting work for Doppler shift rate 7.669507, FFT length 131072
Starting work for Doppler shift rate 7.671356, FFT length 131072
Starting work for Doppler shift rate 7.673204, FFT length 131072
Starting work for Doppler shift rate 7.675053, FFT length 131072
Starting work for Doppler shift rate 7.675053, FFT length 65536
Starting work for Doppler shift rate 7.676901, FFT length 131072
Starting work for Doppler shift rate 7.678750, FFT length 131072
Starting work for Doppler shift rate 7.680598, FFT length 131072
Starting work for Doppler shift rate 7.682447, FFT length 131072
Starting work for Doppler shift rate 7.682447, FFT length 65536
Starting work for Doppler shift rate 7.684295, FFT length 131072
Starting work for Doppler shift rate 7.686144, FFT length 131072
Starting work for Doppler shift rate 7.687993, FFT length 131072
Starting work for Doppler shift rate 7.689841, FFT length 131072
Starting work for Doppler shift rate 7.689841, FFT length 65536
Starting work for Doppler shift rate 7.689841, FFT length 32768
Starting work for Doppler shift rate 7.689841, FFT length 16384
... Searching for Gaussians
Starting work for Doppler shift rate 7.691689, FFT length 131072
Starting work for Doppler shift rate 7.693538, FFT length 131072
Starting work for Doppler shift rate 7.695386, FFT length 131072
Starting work for Doppler shift rate 7.697235, FFT length 131072
Starting work for Doppler shift rate 7.697235, FFT length 65536
Starting work for Doppler shift rate 7.699083, FFT length 131072
Starting work for Doppler shift rate 7.700932, FFT length 131072
Starting work for Doppler shift rate 7.702781, FFT length 131072
Starting work for Doppler shift rate 7.704629, FFT length 131072
Starting work for Doppler shift rate 7.704629, FFT length 65536
Starting work for Doppler shift rate 7.706478, FFT length 131072
Starting work for Doppler shift rate 7.708326, FFT length 131072
Starting work for Doppler shift rate 7.710175, FFT length 131072
Starting work for Doppler shift rate 7.712023, FFT length 131072
Starting work for Doppler shift rate 7.712023, FFT length 65536
Starting work for Doppler shift rate 7.713871, FFT length 131072
Starting work for Doppler shift rate 7.715720, FFT length 131072
Starting work for Doppler shift rate 7.717569, FFT length 131072
Starting work for Doppler shift rate 7.719417, FFT length 131072
Starting work for Doppler shift rate 7.719417, FFT length 65536
Starting work for Doppler shift rate 7.719417, FFT length 32768
Starting work for Doppler shift rate 7.721266, FFT length 131072
Starting work for Doppler shift rate 7.723114, FFT length 131072
Starting work for Doppler shift rate 7.724963, FFT length 131072
Starting work for Doppler shift rate 7.726811, FFT length 131072
Starting work for Doppler shift rate 7.726811, FFT length 65536
Starting work for Doppler shift rate 7.728660, FFT length 131072
Starting work for Doppler shift rate 7.730508, FFT length 131072
Starting work for Doppler shift rate 7.732357, FFT length 131072
Starting work for Doppler shift rate 7.734205, FFT length 131072
Starting work for Doppler shift rate 7.734205, FFT length 65536
Starting work for Doppler shift rate 7.736054, FFT length 131072
Starting work for Doppler shift rate 7.737903, FFT length 131072
Starting work for Doppler shift rate 7.739751, FFT length 131072
Starting work for Doppler shift rate 7.741600, FFT length 131072
Starting work for Doppler shift rate 7.741600, FFT length 65536
Starting work for Doppler shift rate 7.743448, FFT length 131072
Starting work for Doppler shift rate 7.745296, FFT length 131072
Starting work for Doppler shift rate 7.747145, FFT length 131072
Starting work for Doppler shift rate 7.748993, FFT length 131072
Starting work for Doppler shift rate 7.748993, FFT length 65536
Starting work for Doppler shift rate 7.748993, FFT length 32768
Starting work for Doppler shift rate 7.750842, FFT length 131072
Starting work for Doppler shift rate 7.752691, FFT length 131072
Starting work for Doppler shift rate 7.754539, FFT length 131072
Starting work for Doppler shift rate 7.756388, FFT length 131072
Starting work for Doppler shift rate 7.756388, FFT length 65536
Starting work for Doppler shift rate 7.758236, FFT length 131072
Starting work for Doppler shift rate 7.760085, FFT length 131072
Starting work for Doppler shift rate 7.761933, FFT length 131072
Starting work for Doppler shift rate 7.763782, FFT length 131072
Starting work for Doppler shift rate 7.763782, FFT length 65536
Starting work for Doppler shift rate 7.765630, FFT length 131072
Starting work for Doppler shift rate 7.767479, FFT length 131072
Starting work for Doppler shift rate 7.769327, FFT length 131072
Starting work for Doppler shift rate 7.771176, FFT length 131072
Starting work for Doppler shift rate 7.771176, FFT length 65536
Starting work for Doppler shift rate 7.773024, FFT length 131072
Starting work for Doppler shift rate 7.774873, FFT length 131072
Starting work for Doppler shift rate 7.776721, FFT length 131072
Starting work for Doppler shift rate 7.778570, FFT length 131072
Starting work for Doppler shift rate 7.778570, FFT length 65536
Starting work for Doppler shift rate 7.778570, FFT length 32768
Starting work for Doppler shift rate 7.780418, FFT length 131072
Starting work for Doppler shift rate 7.782267, FFT length 131072
Starting work for Doppler shift rate 7.784115, FFT length 131072
Starting work for Doppler shift rate 7.785964, FFT length 131072
Starting work for Doppler shift rate 7.785964, FFT length 65536
Starting work for Doppler shift rate 7.787812, FFT length 131072
Starting work for Doppler shift rate 7.789661, FFT length 131072
Starting work for Doppler shift rate 7.791510, FFT length 131072
Starting work for Doppler shift rate 7.793358, FFT length 131072
Starting work for Doppler shift rate 7.793358, FFT length 65536
Starting work for Doppler shift rate 7.795207, FFT length 131072
Starting work for Doppler shift rate 7.797055, FFT length 131072
Starting work for Doppler shift rate 7.798903, FFT length 131072
Starting work for Doppler shift rate 7.800752, FFT length 131072
Starting work for Doppler shift rate 7.800752, FFT length 65536
Starting work for Doppler shift rate 7.802600, FFT length 131072
Starting work for Doppler shift rate 7.804449, FFT length 131072
Starting work for Doppler shift rate 7.806298, FFT length 131072
Starting work for Doppler shift rate 7.808146, FFT length 131072
Starting work for Doppler shift rate 7.808146, FFT length 65536
Starting work for Doppler shift rate 7.808146, FFT length 32768
Starting work for Doppler shift rate 7.808146, FFT length 16384
... Searching for Gaussians
Starting work for Doppler shift rate 7.809995, FFT length 131072
Starting work for Doppler shift rate 7.811843, FFT length 131072
Starting work for Doppler shift rate 7.813692, FFT length 131072
Starting work for Doppler shift rate 7.815540, FFT length 131072
Starting work for Doppler shift rate 7.815540, FFT length 65536
Starting work for Doppler shift rate 7.817389, FFT length 131072
Starting work for Doppler shift rate 7.819237, FFT length 131072
Starting work for Doppler shift rate 7.821086, FFT length 131072
Starting work for Doppler shift rate 7.822934, FFT length 131072
Starting work for Doppler shift rate 7.822934, FFT length 65536
Starting work for Doppler shift rate 7.824783, FFT length 131072
Starting work for Doppler shift rate 7.826632, FFT length 131072
Starting work for Doppler shift rate 7.828480, FFT length 131072
Starting work for Doppler shift rate 7.830328, FFT length 131072
Starting work for Doppler shift rate 7.830328, FFT length 65536
Starting work for Doppler shift rate 7.832177, FFT length 131072
Starting work for Doppler shift rate 7.834025, FFT length 131072
Starting work for Doppler shift rate 7.835874, FFT length 131072
Starting work for Doppler shift rate 7.837722, FFT length 131072
Starting work for Doppler shift rate 7.837722, FFT length 65536
Starting work for Doppler shift rate 7.837722, FFT length 32768
Starting work for Doppler shift rate 7.839571, FFT length 131072
Starting work for Doppler shift rate 7.841420, FFT length 131072
Starting work for Doppler shift rate 7.843268, FFT length 131072
Starting work for Doppler shift rate 7.845117, FFT length 131072
Starting work for Doppler shift rate 7.845117, FFT length 65536
Starting work for Doppler shift rate 7.846965, FFT length 131072
Starting work for Doppler shift rate 7.848814, FFT length 131072
Starting work for Doppler shift rate 7.850662, FFT length 131072
Starting work for Doppler shift rate 7.852510, FFT length 131072
Starting work for Doppler shift rate 7.852510, FFT length 65536
Starting work for Doppler shift rate 7.854359, FFT length 131072
Starting work for Doppler shift rate 7.856208, FFT length 131072
Starting work for Doppler shift rate 7.858056, FFT length 131072
Starting work for Doppler shift rate 7.859905, FFT length 131072
Starting work for Doppler shift rate 7.859905, FFT length 65536
Starting work for Doppler shift rate 7.861753, FFT length 131072
Starting work for Doppler shift rate 7.863602, FFT length 131072
Starting work for Doppler shift rate 7.865450, FFT length 131072
Starting work for Doppler shift rate 7.867299, FFT length 131072
Starting work for Doppler shift rate 7.867299, FFT length 65536
Starting work for Doppler shift rate 7.867299, FFT length 32768
Starting work for Doppler shift rate 7.869147, FFT length 131072
Starting work for Doppler shift rate 7.870996, FFT length 131072
Starting work for Doppler shift rate 7.872844, FFT length 131072
Starting work for Doppler shift rate 7.874693, FFT length 131072
Starting work for Doppler shift rate 7.874693, FFT length 65536
Starting work for Doppler shift rate 7.876542, FFT length 131072
Starting work for Doppler shift rate 7.878390, FFT length 131072
Starting work for Doppler shift rate 7.880239, FFT length 131072
Starting work for Doppler shift rate 7.882087, FFT length 131072
Starting work for Doppler shift rate 7.882087, FFT length 65536
Starting work for Doppler shift rate 7.883935, FFT length 131072
Starting work for Doppler shift rate 7.885784, FFT length 131072
Starting work for Doppler shift rate 7.887632, FFT length 131072
Starting work for Doppler shift rate 7.889481, FFT length 131072
Starting work for Doppler shift rate 7.889481, FFT length 65536
Starting work for Doppler shift rate 7.891330, FFT length 131072
Starting work for Doppler shift rate 7.893178, FFT length 131072
Starting work for Doppler shift rate 7.895027, FFT length 131072
Starting work for Doppler shift rate 7.896875, FFT length 131072
Starting work for Doppler shift rate 7.896875, FFT length 65536
Starting work for Doppler shift rate 7.896875, FFT length 32768
Starting work for Doppler shift rate 7.898724, FFT length 131072
Starting work for Doppler shift rate 7.900572, FFT length 131072
Starting work for Doppler shift rate 7.902421, FFT length 131072
Starting work for Doppler shift rate 7.904269, FFT length 131072
Starting work for Doppler shift rate 7.904269, FFT length 65536
Starting work for Doppler shift rate 7.906118, FFT length 131072
Starting work for Doppler shift rate 7.907966, FFT length 131072
Starting work for Doppler shift rate 7.909815, FFT length 131072
Starting work for Doppler shift rate 7.911663, FFT length 131072
Starting work for Doppler shift rate 7.911663, FFT length 65536
Starting work for Doppler shift rate 7.913512, FFT length 131072
Starting work for Doppler shift rate 7.915360, FFT length 131072
Starting work for Doppler shift rate 7.917209, FFT length 131072
Starting work for Doppler shift rate 7.919057, FFT length 131072
Starting work for Doppler shift rate 7.919057, FFT length 65536
Starting work for Doppler shift rate 7.920906, FFT length 131072
Starting work for Doppler shift rate 7.922754, FFT length 131072
Starting work for Doppler shift rate 7.924603, FFT length 131072
Starting work for Doppler shift rate 7.926451, FFT length 131072
Starting work for Doppler shift rate 7.926451, FFT length 65536
Starting work for Doppler shift rate 7.926451, FFT length 32768
Starting work for Doppler shift rate 7.926451, FFT length 16384
... Searching for Gaussians
Starting work for Doppler shift rate 7.928300, FFT length 131072
Starting work for Doppler shift rate 7.930149, FFT length 131072
Starting work for Doppler shift rate 7.931997, FFT length 131072
Starting work for Doppler shift rate 7.933846, FFT length 131072
Starting work for Doppler shift rate 7.933846, FFT length 65536
Starting work for Doppler shift rate 7.935694, FFT length 131072
Starting work for Doppler shift rate 7.937542, FFT length 131072
Starting work for Doppler shift rate 7.939391, FFT length 131072
Starting work for Doppler shift rate 7.941239, FFT length 131072
Starting work for Doppler shift rate 7.941239, FFT length 65536
Starting work for Doppler shift rate 7.943088, FFT length 131072
Starting work for Doppler shift rate 7.944937, FFT length 131072
Starting work for Doppler shift rate 7.946785, FFT length 131072
Starting work for Doppler shift rate 7.948634, FFT length 131072
Starting work for Doppler shift rate 7.948634, FFT length 65536
Starting work for Doppler shift rate 7.950482, FFT length 131072
Starting work for Doppler shift rate 7.952331, FFT length 131072
Starting work for Doppler shift rate 7.954179, FFT length 131072
Starting work for Doppler shift rate 7.956028, FFT length 131072
Starting work for Doppler shift rate 7.956028, FFT length 65536
Starting work for Doppler shift rate 7.956028, FFT length 32768
Starting work for Doppler shift rate 7.957876, FFT length 131072
Starting work for Doppler shift rate 7.959725, FFT length 131072
Starting work for Doppler shift rate 7.961573, FFT length 131072
Starting work for Doppler shift rate 7.963422, FFT length 131072
Starting work for Doppler shift rate 7.963422, FFT length 65536
Starting work for Doppler shift rate 7.965271, FFT length 131072
Starting work for Doppler shift rate 7.967119, FFT length 131072
Starting work for Doppler shift rate 7.968967, FFT length 131072
Starting work for Doppler shift rate 7.970816, FFT length 131072
Starting work for Doppler shift rate 7.970816, FFT length 65536
Starting work for Doppler shift rate 7.972664, FFT length 131072
Starting work for Doppler shift rate 7.974513, FFT length 131072
Starting work for Doppler shift rate 7.976361, FFT length 131072
Starting work for Doppler shift rate 7.978210, FFT length 131072
Starting work for Doppler shift rate 7.978210, FFT length 65536
Starting work for Doppler shift rate 7.980059, FFT length 131072
Starting work for Doppler shift rate 7.981907, FFT length 131072
Starting work for Doppler shift rate 7.983756, FFT length 131072
Starting work for Doppler shift rate 7.985604, FFT length 131072
Starting work for Doppler shift rate 7.985604, FFT length 65536
Starting work for Doppler shift rate 7.985604, FFT length 32768
Starting work for Doppler shift rate 7.987453, FFT length 131072
Starting work for Doppler shift rate 7.989301, FFT length 131072
Starting work for Doppler shift rate 7.991149, FFT length 131072
Starting work for Doppler shift rate 7.992998, FFT length 131072
Starting work for Doppler shift rate 7.992998, FFT length 65536
Starting work for Doppler shift rate 7.994847, FFT length 131072
Starting work for Doppler shift rate 7.996695, FFT length 131072
Starting work for Doppler shift rate 7.998544, FFT length 131072
Starting work for Doppler shift rate 8.000392, FFT length 131072
Starting work for Doppler shift rate 8.000392, FFT length 65536
Starting work for Doppler shift rate 8.002241, FFT length 131072
Starting work for Doppler shift rate 8.004089, FFT length 131072
Starting work for Doppler shift rate 8.005938, FFT length 131072
Starting work for Doppler shift rate 8.007787, FFT length 131072
Starting work for Doppler shift rate 8.007787, FFT length 65536
Starting work for Doppler shift rate 8.009635, FFT length 131072
Starting work for Doppler shift rate 8.011483, FFT length 131072
Starting work for Doppler shift rate 8.013331, FFT length 131072
Starting work for Doppler shift rate 8.015181, FFT length 131072
Starting work for Doppler shift rate 8.015181, FFT length 65536
Starting work for Doppler shift rate 8.015181, FFT length 32768
Starting work for Doppler shift rate 8.017029, FFT length 131072
Starting work for Doppler shift rate 8.018877, FFT length 131072
Starting work for Doppler shift rate 8.020726, FFT length 131072
Starting work for Doppler shift rate 8.022574, FFT length 131072
Starting work for Doppler shift rate 8.022574, FFT length 65536
Starting work for Doppler shift rate 8.024423, FFT length 131072
Starting work for Doppler shift rate 8.026272, FFT length 131072
20.369793% done
Starting work for Doppler shift rate 8.028120, FFT length 131072
Starting work for Doppler shift rate 8.029968, FFT length 131072
Starting work for Doppler shift rate 8.029968, FFT length 65536
Starting work for Doppler shift rate 8.031817, FFT length 131072
Starting work for Doppler shift rate 8.033666, FFT length 131072
Starting work for Doppler shift rate 8.035514, FFT length 131072
Starting work for Doppler shift rate 8.037363, FFT length 131072
Starting work for Doppler shift rate 8.037363, FFT length 65536
Starting work for Doppler shift rate 8.039211, FFT length 131072
Starting work for Doppler shift rate 8.041059, FFT length 131072
Starting work for Doppler shift rate 8.042908, FFT length 131072
Starting work for Doppler shift rate 8.044757, FFT length 131072
Starting work for Doppler shift rate 8.044757, FFT length 65536
Starting work for Doppler shift rate 8.044757, FFT length 32768
Starting work for Doppler shift rate 8.044757, FFT length 16384
... Searching for Gaussians
Starting work for Doppler shift rate 8.044757, FFT length 8192
... Searching for Gaussians
... Searching for Pulses
Starting work for Doppler shift rate 8.046605, FFT length 131072
Starting work for Doppler shift rate 8.048453, FFT length 131072
Starting work for Doppler shift rate 8.050303, FFT length 131072
Starting work for Doppler shift rate 8.052151, FFT length 131072
Starting work for Doppler shift rate 8.052151, FFT length 65536
Starting work for Doppler shift rate 8.053999, FFT length 131072
Starting work for Doppler shift rate 8.055848, FFT length 131072
Starting work for Doppler shift rate 8.057696, FFT length 131072
Starting work for Doppler shift rate 8.059545, FFT length 131072
Starting work for Doppler shift rate 8.059545, FFT length 65536
Starting work for Doppler shift rate 8.061394, FFT length 131072
Starting work for Doppler shift rate 8.063242, FFT length 131072
Starting work for Doppler shift rate 8.065090, FFT length 131072
Starting work for Doppler shift rate 8.066939, FFT length 131072
Starting work for Doppler shift rate 8.066939, FFT length 65536
Starting work for Doppler shift rate 8.068788, FFT length 131072
Starting work for Doppler shift rate 8.070636, FFT length 131072
Starting work for Doppler shift rate 8.072484, FFT length 131072
Starting work for Doppler shift rate 8.074333, FFT length 131072
Starting work for Doppler shift rate 8.074333, FFT length 65536
Starting work for Doppler shift rate 8.074333, FFT length 32768
Starting work for Doppler shift rate 8.076181, FFT length 131072
Starting work for Doppler shift rate 8.078030, FFT length 131072
Starting work for Doppler shift rate 8.079879, FFT length 131072
Starting work for Doppler shift rate 8.081727, FFT length 131072
Starting work for Doppler shift rate 8.081727, FFT length 65536
Starting work for Doppler shift rate 8.083575, FFT length 131072
Starting work for Doppler shift rate 8.085424, FFT length 131072
Starting work for Doppler shift rate 8.087273, FFT length 131072
Starting work for Doppler shift rate 8.089121, FFT length 131072
Starting work for Doppler shift rate 8.089121, FFT length 65536
Starting work for Doppler shift rate 8.090970, FFT length 131072
Starting work for Doppler shift rate 8.092818, FFT length 131072
Starting work for Doppler shift rate 8.094666, FFT length 131072
Starting work for Doppler shift rate 8.096516, FFT length 131072
Starting work for Doppler shift rate 8.096516, FFT length 65536
Starting work for Doppler shift rate 8.098364, FFT length 131072
Starting work for Doppler shift rate 8.100212, FFT length 131072
Starting work for Doppler shift rate 8.102060, FFT length 131072
Starting work for Doppler shift rate 8.103909, FFT length 131072
Starting work for Doppler shift rate 8.103909, FFT length 65536
Starting work for Doppler shift rate 8.103909, FFT length 32768
Starting work for Doppler shift rate 8.105758, FFT length 131072
Starting work for Doppler shift rate 8.107606, FFT length 131072
Starting work for Doppler shift rate 8.109455, FFT length 131072
Starting work for Doppler shift rate 8.111303, FFT length 131072
Starting work for Doppler shift rate 8.111303, FFT length 65536
Starting work for Doppler shift rate 8.113152, FFT length 131072
Starting work for Doppler shift rate 8.115001, FFT length 131072
Starting work for Doppler shift rate 8.116849, FFT length 131072
Starting work for Doppler shift rate 8.118697, FFT length 131072
Starting work for Doppler shift rate 8.118697, FFT length 65536
Starting work for Doppler shift rate 8.120546, FFT length 131072
Starting work for Doppler shift rate 8.122395, FFT length 131072
Starting work for Doppler shift rate 8.124243, FFT length 131072
Starting work for Doppler shift rate 8.126092, FFT length 131072
Starting work for Doppler shift rate 8.126092, FFT length 65536
Starting work for Doppler shift rate 8.127940, FFT length 131072
Starting work for Doppler shift rate 8.129788, FFT length 131072
Starting work for Doppler shift rate 8.131637, FFT length 131072
Starting work for Doppler shift rate 8.133486, FFT length 131072
Starting work for Doppler shift rate 8.133486, FFT length 65536
Starting work for Doppler shift rate 8.133486, FFT length 32768
Starting work for Doppler shift rate 8.135334, FFT length 131072
Starting work for Doppler shift rate 8.137182, FFT length 131072
Starting work for Doppler shift rate 8.139031, FFT length 131072
Starting work for Doppler shift rate 8.140880, FFT length 131072
Starting work for Doppler shift rate 8.140880, FFT length 65536
Starting work for Doppler shift rate 8.142728, FFT length 131072
Starting work for Doppler shift rate 8.144577, FFT length 131072
Starting work for Doppler shift rate 8.146425, FFT length 131072
Starting work for Doppler shift rate 8.148273, FFT length 131072
Starting work for Doppler shift rate 8.148273, FFT length 65536
Starting work for Doppler shift rate 8.150123, FFT length 131072
Starting work for Doppler shift rate 8.151971, FFT length 131072
Starting work for Doppler shift rate 8.153819, FFT length 131072
Starting work for Doppler shift rate 8.155668, FFT length 131072
Starting work for Doppler shift rate 8.155668, FFT length 65536
Starting work for Doppler shift rate 8.157516, FFT length 131072
Starting work for Doppler shift rate 8.159365, FFT length 131072
Starting work for Doppler shift rate 8.161213, FFT length 131072
Starting work for Doppler shift rate 8.163062, FFT length 131072
Starting work for Doppler shift rate 8.163062, FFT length 65536
Starting work for Doppler shift rate 8.163062, FFT length 32768
Starting work for Doppler shift rate 8.163062, FFT length 16384
... Searching for Gaussians
Starting work for Doppler shift rate 8.164910, FFT length 131072
Starting work for Doppler shift rate 8.166759, FFT length 131072
Starting work for Doppler shift rate 8.168608, FFT length 131072
Starting work for Doppler shift rate 8.170456, FFT length 131072
Starting work for Doppler shift rate 8.170456, FFT length 65536
Starting work for Doppler shift rate 8.172304, FFT length 131072
Starting work for Doppler shift rate 8.174153, FFT length 131072
Starting work for Doppler shift rate 8.176002, FFT length 131072
Starting work for Doppler shift rate 8.177850, FFT length 131072
Starting work for Doppler shift rate 8.177850, FFT length 65536
Starting work for Doppler shift rate 8.179699, FFT length 131072
Starting work for Doppler shift rate 8.181547, FFT length 131072
Starting work for Doppler shift rate 8.183395, FFT length 131072
Starting work for Doppler shift rate 8.185245, FFT length 131072
Starting work for Doppler shift rate 8.185245, FFT length 65536
Starting work for Doppler shift rate 8.187093, FFT length 131072
Starting work for Doppler shift rate 8.188941, FFT length 131072
Starting work for Doppler shift rate 8.190790, FFT length 131072
Starting work for Doppler shift rate 8.192638, FFT length 131072
Starting work for Doppler shift rate 8.192638, FFT length 65536
Starting work for Doppler shift rate 8.192638, FFT length 32768
Starting work for Doppler shift rate 8.194487, FFT length 131072
Starting work for Doppler shift rate 8.196335, FFT length 131072
Starting work for Doppler shift rate 8.198184, FFT length 131072
Starting work for Doppler shift rate 8.200032, FFT length 131072
Starting work for Doppler shift rate 8.200032, FFT length 65536
Starting work for Doppler shift rate 8.201880, FFT length 131072
Starting work for Doppler shift rate 8.203730, FFT length 131072
Starting work for Doppler shift rate 8.205578, FFT length 131072
Starting work for Doppler shift rate 8.207426, FFT length 131072
Starting work for Doppler shift rate 8.207426, FFT length 65536
Starting work for Doppler shift rate 8.209275, FFT length 131072
Starting work for Doppler shift rate 8.211123, FFT length 131072
Starting work for Doppler shift rate 8.212972, FFT length 131072
Starting work for Doppler shift rate 8.214821, FFT length 131072
Starting work for Doppler shift rate 8.214821, FFT length 65536
Starting work for Doppler shift rate 8.216669, FFT length 131072
Starting work for Doppler shift rate 8.218517, FFT length 131072
Starting work for Doppler shift rate 8.220366, FFT length 131072
Starting work for Doppler shift rate 8.222215, FFT length 131072
Starting work for Doppler shift rate 8.222215, FFT length 65536
Starting work for Doppler shift rate 8.222215, FFT length 32768
Starting work for Doppler shift rate 8.224063, FFT length 131072
Starting work for Doppler shift rate 8.225911, FFT length 131072
Starting work for Doppler shift rate 8.227760, FFT length 131072
Starting work for Doppler shift rate 8.229609, FFT length 131072
Starting work for Doppler shift rate 8.229609, FFT length 65536
Starting work for Doppler shift rate 8.231457, FFT length 131072
Starting work for Doppler shift rate 8.233306, FFT length 131072
Starting work for Doppler shift rate 8.235154, FFT length 131072
Starting work for Doppler shift rate 8.237002, FFT length 131072
Starting work for Doppler shift rate 8.237002, FFT length 65536
Starting work for Doppler shift rate 8.238852, FFT length 131072
Starting work for Doppler shift rate 8.240700, FFT length 131072
Starting work for Doppler shift rate 8.242548, FFT length 131072
Starting work for Doppler shift rate 8.244397, FFT length 131072
Starting work for Doppler shift rate 8.244397, FFT length 65536
Starting work for Doppler shift rate 8.246245, FFT length 131072
Starting work for Doppler shift rate 8.248094, FFT length 131072
Starting work for Doppler shift rate 8.249943, FFT length 131072
Starting work for Doppler shift rate 8.251791, FFT length 131072
Starting work for Doppler shift rate 8.251791, FFT length 65536
Starting work for Doppler shift rate 8.251791, FFT length 32768
Starting work for Doppler shift rate 8.253639, FFT length 131072
Starting work for Doppler shift rate 8.255487, FFT length 131072
Starting work for Doppler shift rate 8.257337, FFT length 131072
Starting work for Doppler shift rate 8.259185, FFT length 131072
Starting work for Doppler shift rate 8.259185, FFT length 65536
Starting work for Doppler shift rate 8.261033, FFT length 131072
Starting work for Doppler shift rate 8.262882, FFT length 131072
Starting work for Doppler shift rate 8.264730, FFT length 131072
Starting work for Doppler shift rate 8.266579, FFT length 131072
Starting work for Doppler shift rate 8.266579, FFT length 65536
Starting work for Doppler shift rate 8.268428, FFT length 131072
Starting work for Doppler shift rate 8.270276, FFT length 131072
Starting work for Doppler shift rate 8.272124, FFT length 131072
Starting work for Doppler shift rate 8.273973, FFT length 131072
Starting work for Doppler shift rate 8.273973, FFT length 65536
Starting work for Doppler shift rate 8.275822, FFT length 131072
Starting work for Doppler shift rate 8.277670, FFT length 131072
Starting work for Doppler shift rate 8.279519, FFT length 131072
Starting work for Doppler shift rate 8.281367, FFT length 131072
Starting work for Doppler shift rate 8.281367, FFT length 65536
Starting work for Doppler shift rate 8.281367, FFT length 32768
Starting work for Doppler shift rate 8.281367, FFT length 16384
... Searching for Gaussians
Starting work for Doppler shift rate 8.283216, FFT length 131072
Starting work for Doppler shift rate 8.285064, FFT length 131072
Starting work for Doppler shift rate 8.286913, FFT length 131072
Starting work for Doppler shift rate 8.288761, FFT length 131072
Starting work for Doppler shift rate 8.288761, FFT length 65536
Starting work for Doppler shift rate 8.290609, FFT length 131072
Starting work for Doppler shift rate 8.292459, FFT length 131072
Starting work for Doppler shift rate 8.294307, FFT length 131072
Starting work for Doppler shift rate 8.296155, FFT length 131072
Starting work for Doppler shift rate 8.296155, FFT length 65536
Starting work for Doppler shift rate 8.298004, FFT length 131072
Starting work for Doppler shift rate 8.299852, FFT length 131072
Starting work for Doppler shift rate 8.301701, FFT length 131072
Starting work for Doppler shift rate 8.303550, FFT length 131072
Starting work for Doppler shift rate 8.303550, FFT length 65536
Starting work for Doppler shift rate 8.305398, FFT length 131072
Starting work for Doppler shift rate 8.307246, FFT length 131072
Starting work for Doppler shift rate 8.309095, FFT length 131072
Starting work for Doppler shift rate 8.310944, FFT length 131072
Starting work for Doppler shift rate 8.310944, FFT length 65536
Starting work for Doppler shift rate 8.310944, FFT length 32768
Starting work for Doppler shift rate 8.312792, FFT length 131072
Starting work for Doppler shift rate 8.314640, FFT length 131072
Starting work for Doppler shift rate 8.316489, FFT length 131072
Starting work for Doppler shift rate 8.318337, FFT length 131072
Starting work for Doppler shift rate 8.318337, FFT length 65536
Starting work for Doppler shift rate 8.320186, FFT length 131072
Starting work for Doppler shift rate 8.322035, FFT length 131072
Starting work for Doppler shift rate 8.323883, FFT length 131072
Starting work for Doppler shift rate 8.325731, FFT length 131072
Starting work for Doppler shift rate 8.325731, FFT length 65536
Starting work for Doppler shift rate 8.327580, FFT length 131072
Starting work for Doppler shift rate 8.329429, FFT length 131072
Starting work for Doppler shift rate 8.331277, FFT length 131072
Starting work for Doppler shift rate 8.333126, FFT length 131072
Starting work for Doppler shift rate 8.333126, FFT length 65536
Starting work for Doppler shift rate 8.334974, FFT length 131072
Starting work for Doppler shift rate 8.336823, FFT length 131072
Starting work for Doppler shift rate 8.338672, FFT length 131072
Starting work for Doppler shift rate 8.340520, FFT length 131072
Starting work for Doppler shift rate 8.340520, FFT length 65536
Starting work for Doppler shift rate 8.340520, FFT length 32768
Starting work for Doppler shift rate 8.342368, FFT length 131072
Starting work for Doppler shift rate 8.344216, FFT length 131072
Starting work for Doppler shift rate 8.346066, FFT length 131072
Starting work for Doppler shift rate 8.347914, FFT length 131072
Starting work for Doppler shift rate 8.347914, FFT length 65536
Starting work for Doppler shift rate 8.349762, FFT length 131072
Starting work for Doppler shift rate 8.351611, FFT length 131072
Starting work for Doppler shift rate 8.353459, FFT length 131072
Starting work for Doppler shift rate 8.355308, FFT length 131072
Starting work for Doppler shift rate 8.355308, FFT length 65536
Starting work for Doppler shift rate 8.357157, FFT length 131072
Starting work for Doppler shift rate 8.359005, FFT length 131072
Starting work for Doppler shift rate 8.360853, FFT length 131072
Starting work for Doppler shift rate 8.362702, FFT length 131072
Starting work for Doppler shift rate 8.362702, FFT length 65536
Starting work for Doppler shift rate 8.364551, FFT length 131072
Starting work for Doppler shift rate 8.366399, FFT length 131072
Starting work for Doppler shift rate 8.368248, FFT length 131072
Starting work for Doppler shift rate 8.370096, FFT length 131072
Starting work for Doppler shift rate 8.370096, FFT length 65536
Starting work for Doppler shift rate 8.370096, FFT length 32768
Starting work for Doppler shift rate 8.371944, FFT length 131072
Starting work for Doppler shift rate 8.373794, FFT length 131072
Starting work for Doppler shift rate 8.375642, FFT length 131072
Starting work for Doppler shift rate 8.377490, FFT length 131072
Starting work for Doppler shift rate 8.377490, FFT length 65536
Starting work for Doppler shift rate 8.379338, FFT length 131072
Starting work for Doppler shift rate 8.381187, FFT length 131072
Starting work for Doppler shift rate 8.383036, FFT length 131072
Starting work for Doppler shift rate 8.384884, FFT length 131072
Starting work for Doppler shift rate 8.384884, FFT length 65536
Starting work for Doppler shift rate 8.386733, FFT length 131072
Starting work for Doppler shift rate 8.388581, FFT length 131072
Starting work for Doppler shift rate 8.390429, FFT length 131072
Starting work for Doppler shift rate 8.392279, FFT length 131072
Starting work for Doppler shift rate 8.392279, FFT length 65536
Starting work for Doppler shift rate 8.394127, FFT length 131072
Starting work for Doppler shift rate 8.395975, FFT length 131072
Starting work for Doppler shift rate 8.397824, FFT length 131072
Starting work for Doppler shift rate 8.399673, FFT length 131072
Starting work for Doppler shift rate 8.399673, FFT length 65536
Starting work for Doppler shift rate 8.399673, FFT length 32768
Starting work for Doppler shift rate 8.399673, FFT length 16384
... Searching for Gaussians
Starting work for Doppler shift rate 8.401521, FFT length 131072
Starting work for Doppler shift rate 8.403370, FFT length 131072
Starting work for Doppler shift rate 8.405218, FFT length 131072
Starting work for Doppler shift rate 8.407066, FFT length 131072
Starting work for Doppler shift rate 8.407066, FFT length 65536
Starting work for Doppler shift rate 8.408915, FFT length 131072
Starting work for Doppler shift rate 8.410764, FFT length 131072
Starting work for Doppler shift rate 8.412612, FFT length 131072
Starting work for Doppler shift rate 8.414460, FFT length 131072
Starting work for Doppler shift rate 8.414460, FFT length 65536
Starting work for Doppler shift rate 8.416309, FFT length 131072
Starting work for Doppler shift rate 8.418158, FFT length 131072
Starting work for Doppler shift rate 8.420006, FFT length 131072
Starting work for Doppler shift rate 8.421855, FFT length 131072
Starting work for Doppler shift rate 8.421855, FFT length 65536
Starting work for Doppler shift rate 8.423703, FFT length 131072
Starting work for Doppler shift rate 8.425551, FFT length 131072
Starting work for Doppler shift rate 8.427401, FFT length 131072
Starting work for Doppler shift rate 8.429249, FFT length 131072
Starting work for Doppler shift rate 8.429249, FFT length 65536
Starting work for Doppler shift rate 8.429249, FFT length 32768
Starting work for Doppler shift rate 8.431097, FFT length 131072
Starting work for Doppler shift rate 8.432946, FFT length 131072
Starting work for Doppler shift rate 8.434794, FFT length 131072
Starting work for Doppler shift rate 8.436643, FFT length 131072
Starting work for Doppler shift rate 8.436643, FFT length 65536
Starting work for Doppler shift rate 8.438491, FFT length 131072
Starting work for Doppler shift rate 8.440340, FFT length 131072
Starting work for Doppler shift rate 8.442188, FFT length 131072
Starting work for Doppler shift rate 8.444036, FFT length 131072
Starting work for Doppler shift rate 8.444036, FFT length 65536
Starting work for Doppler shift rate 8.445886, FFT length 131072
Starting work for Doppler shift rate 8.447734, FFT length 131072
Starting work for Doppler shift rate 8.449582, FFT length 131072
Starting work for Doppler shift rate 8.451431, FFT length 131072
Starting work for Doppler shift rate 8.451431, FFT length 65536
Starting work for Doppler shift rate 8.453279, FFT length 131072
Starting work for Doppler shift rate 8.455128, FFT length 131072
Starting work for Doppler shift rate 8.456977, FFT length 131072
Starting work for Doppler shift rate 8.458825, FFT length 131072
Starting work for Doppler shift rate 8.458825, FFT length 65536
Starting work for Doppler shift rate 8.458825, FFT length 32768
Starting work for Doppler shift rate 8.460673, FFT length 131072
Starting work for Doppler shift rate 8.462523, FFT length 131072
Starting work for Doppler shift rate 8.464371, FFT length 131072
Starting work for Doppler shift rate 8.466219, FFT length 131072
Starting work for Doppler shift rate 8.466219, FFT length 65536
Starting work for Doppler shift rate 8.468067, FFT length 131072
Starting work for Doppler shift rate 8.469916, FFT length 131072
Starting work for Doppler shift rate 8.471765, FFT length 131072
Starting work for Doppler shift rate 8.473613, FFT length 131072
Starting work for Doppler shift rate 8.473613, FFT length 65536
Starting work for Doppler shift rate 8.475462, FFT length 131072
Starting work for Doppler shift rate 8.477310, FFT length 131072
Starting work for Doppler shift rate 8.479158, FFT length 131072
Starting work for Doppler shift rate 8.481008, FFT length 131072
Starting work for Doppler shift rate 8.481008, FFT length 65536
Starting work for Doppler shift rate 8.482856, FFT length 131072
Starting work for Doppler shift rate 8.484704, FFT length 131072
Starting work for Doppler shift rate 8.486553, FFT length 131072
Starting work for Doppler shift rate 8.488401, FFT length 131072
Starting work for Doppler shift rate 8.488401, FFT length 65536
Starting work for Doppler shift rate 8.488401, FFT length 32768
Starting work for Doppler shift rate 8.490250, FFT length 131072
Starting work for Doppler shift rate 8.492099, FFT length 131072
Starting work for Doppler shift rate 8.493947, FFT length 131072
Starting work for Doppler shift rate 8.495795, FFT length 131072
Starting work for Doppler shift rate 8.495795, FFT length 65536
Starting work for Doppler shift rate 8.497643, FFT length 131072
Starting work for Doppler shift rate 8.499493, FFT length 131072
Starting work for Doppler shift rate 8.501341, FFT length 131072
Starting work for Doppler shift rate 8.503189, FFT length 131072
Starting work for Doppler shift rate 8.503189, FFT length 65536
Starting work for Doppler shift rate 8.505038, FFT length 131072
Starting work for Doppler shift rate 8.506886, FFT length 131072
Starting work for Doppler shift rate 8.508735, FFT length 131072
Starting work for Doppler shift rate 8.510584, FFT length 131072
Starting work for Doppler shift rate 8.510584, FFT length 65536
Starting work for Doppler shift rate 8.512432, FFT length 131072
Starting work for Doppler shift rate 8.514280, FFT length 131072
Starting work for Doppler shift rate 8.516129, FFT length 131072
Starting work for Doppler shift rate 8.517978, FFT length 131072
Starting work for Doppler shift rate 8.517978, FFT length 65536
Starting work for Doppler shift rate 8.517978, FFT length 32768
Starting work for Doppler shift rate 8.517978, FFT length 16384
... Searching for Gaussians
Starting work for Doppler shift rate 8.517978, FFT length 8192
... Searching for Gaussians
... Searching for Pulses
Starting work for Doppler shift rate 8.519826, FFT length 131072
Starting work for Doppler shift rate 8.521675, FFT length 131072
Starting work for Doppler shift rate 8.523523, FFT length 131072
Starting work for Doppler shift rate 8.525372, FFT length 131072
Starting work for Doppler shift rate 8.525372, FFT length 65536
Starting work for Doppler shift rate 8.527220, FFT length 131072
Starting work for Doppler shift rate 8.529069, FFT length 131072
Starting work for Doppler shift rate 8.530917, FFT length 131072
Starting work for Doppler shift rate 8.532765, FFT length 131072
Starting work for Doppler shift rate 8.532765, FFT length 65536
Starting work for Doppler shift rate 8.534615, FFT length 131072
Starting work for Doppler shift rate 8.536463, FFT length 131072
Starting work for Doppler shift rate 8.538311, FFT length 131072
Starting work for Doppler shift rate 8.540160, FFT length 131072
Starting work for Doppler shift rate 8.540160, FFT length 65536
Starting work for Doppler shift rate 8.542008, FFT length 131072
Starting work for Doppler shift rate 8.543857, FFT length 131072
Starting work for Doppler shift rate 8.545706, FFT length 131072
Starting work for Doppler shift rate 8.547554, FFT length 131072
21.370448% done
Starting work for Doppler shift rate 8.547554, FFT length 65536
Starting work for Doppler shift rate 8.547554, FFT length 32768
Starting work for Doppler shift rate 8.549402, FFT length 131072
Starting work for Doppler shift rate 8.551251, FFT length 131072
Starting work for Doppler shift rate 8.553100, FFT length 131072
Starting work for Doppler shift rate 8.554948, FFT length 131072
Starting work for Doppler shift rate 8.554948, FFT length 65536
Starting work for Doppler shift rate 8.556797, FFT length 131072
Starting work for Doppler shift rate 8.558645, FFT length 131072
Starting work for Doppler shift rate 8.560493, FFT length 131072
Starting work for Doppler shift rate 8.562342, FFT length 131072
Starting work for Doppler shift rate 8.562342, FFT length 65536
Starting work for Doppler shift rate 8.564191, FFT length 131072
Starting work for Doppler shift rate 8.566039, FFT length 131072
Starting work for Doppler shift rate 8.567887, FFT length 131072
Starting work for Doppler shift rate 8.569736, FFT length 131072
Starting work for Doppler shift rate 8.569736, FFT length 65536
Starting work for Doppler shift rate 8.571585, FFT length 131072
Starting work for Doppler shift rate 8.573433, FFT length 131072
Starting work for Doppler shift rate 8.575282, FFT length 131072
Starting work for Doppler shift rate 8.577130, FFT length 131072
Starting work for Doppler shift rate 8.577130, FFT length 65536
Starting work for Doppler shift rate 8.577130, FFT length 32768
Starting work for Doppler shift rate 8.578979, FFT length 131072
Starting work for Doppler shift rate 8.580828, FFT length 131072
Starting work for Doppler shift rate 8.582676, FFT length 131072
Starting work for Doppler shift rate 8.584524, FFT length 131072
Starting work for Doppler shift rate 8.584524, FFT length 65536
Starting work for Doppler shift rate 8.586373, FFT length 131072
Starting work for Doppler shift rate 8.588222, FFT length 131072
Starting work for Doppler shift rate 8.590070, FFT length 131072
Starting work for Doppler shift rate 8.591918, FFT length 131072
Starting work for Doppler shift rate 8.591918, FFT length 65536
Starting work for Doppler shift rate 8.593767, FFT length 131072
Starting work for Doppler shift rate 8.595615, FFT length 131072
Starting work for Doppler shift rate 8.597464, FFT length 131072
Starting work for Doppler shift rate 8.599313, FFT length 131072
Starting work for Doppler shift rate 8.599313, FFT length 65536
Starting work for Doppler shift rate 8.601161, FFT length 131072
Starting work for Doppler shift rate 8.603009, FFT length 131072
Starting work for Doppler shift rate 8.604858, FFT length 131072
Starting work for Doppler shift rate 8.606707, FFT length 131072
Starting work for Doppler shift rate 8.606707, FFT length 65536
Starting work for Doppler shift rate 8.606707, FFT length 32768
Starting work for Doppler shift rate 8.608555, FFT length 131072
Starting work for Doppler shift rate 8.610404, FFT length 131072
Starting work for Doppler shift rate 8.612252, FFT length 131072
Starting work for Doppler shift rate 8.614100, FFT length 131072
Starting work for Doppler shift rate 8.614100, FFT length 65536
Starting work for Doppler shift rate 8.615950, FFT length 131072
Starting work for Doppler shift rate 8.617798, FFT length 131072
Starting work for Doppler shift rate 8.619646, FFT length 131072
Starting work for Doppler shift rate 8.621494, FFT length 131072
Starting work for Doppler shift rate 8.621494, FFT length 65536
Starting work for Doppler shift rate 8.623343, FFT length 131072
Starting work for Doppler shift rate 8.625192, FFT length 131072
Starting work for Doppler shift rate 8.627040, FFT length 131072
Starting work for Doppler shift rate 8.628889, FFT length 131072
Starting work for Doppler shift rate 8.628889, FFT length 65536
Starting work for Doppler shift rate 8.630737, FFT length 131072
Starting work for Doppler shift rate 8.632586, FFT length 131072
Starting work for Doppler shift rate 8.634435, FFT length 131072
Starting work for Doppler shift rate 8.636283, FFT length 131072
Starting work for Doppler shift rate 8.636283, FFT length 65536
Starting work for Doppler shift rate 8.636283, FFT length 32768
Starting work for Doppler shift rate 8.636283, FFT length 16384
... Searching for Gaussians
Starting work for Doppler shift rate 8.638131, FFT length 131072
Starting work for Doppler shift rate 8.639980, FFT length 131072
Starting work for Doppler shift rate 8.641829, FFT length 131072
Starting work for Doppler shift rate 8.643677, FFT length 131072
Starting work for Doppler shift rate 8.643677, FFT length 65536
Starting work for Doppler shift rate 8.645526, FFT length 131072
Starting work for Doppler shift rate 8.647374, FFT length 131072
Starting work for Doppler shift rate 8.649222, FFT length 131072
Starting work for Doppler shift rate 8.651071, FFT length 131072
Starting work for Doppler shift rate 8.651071, FFT length 65536
Starting work for Doppler shift rate 8.652920, FFT length 131072
Starting work for Doppler shift rate 8.654768, FFT length 131072
Starting work for Doppler shift rate 8.656616, FFT length 131072
Starting work for Doppler shift rate 8.658465, FFT length 131072
Starting work for Doppler shift rate 8.658465, FFT length 65536
Starting work for Doppler shift rate 8.660314, FFT length 131072
Starting work for Doppler shift rate 8.662162, FFT length 131072
Starting work for Doppler shift rate 8.664011, FFT length 131072
Starting work for Doppler shift rate 8.665859, FFT length 131072
Starting work for Doppler shift rate 8.665859, FFT length 65536
Starting work for Doppler shift rate 8.665859, FFT length 32768
Starting work for Doppler shift rate 8.667707, FFT length 131072
Starting work for Doppler shift rate 8.669557, FFT length 131072
Starting work for Doppler shift rate 8.671405, FFT length 131072
Starting work for Doppler shift rate 8.673253, FFT length 131072
Starting work for Doppler shift rate 8.673253, FFT length 65536
Starting work for Doppler shift rate 8.675102, FFT length 131072
Starting work for Doppler shift rate 8.676950, FFT length 131072
Starting work for Doppler shift rate 8.678799, FFT length 131072
Starting work for Doppler shift rate 8.680647, FFT length 131072
Starting work for Doppler shift rate 8.680647, FFT length 65536
Starting work for Doppler shift rate 8.682496, FFT length 131072
Starting work for Doppler shift rate 8.684344, FFT length 131072
Starting work for Doppler shift rate 8.686193, FFT length 131072
Starting work for Doppler shift rate 8.688042, FFT length 131072
Starting work for Doppler shift rate 8.688042, FFT length 65536
Starting work for Doppler shift rate 8.689890, FFT length 131072
Starting work for Doppler shift rate 8.691738, FFT length 131072
Starting work for Doppler shift rate 8.693587, FFT length 131072
Starting work for Doppler shift rate 8.695436, FFT length 131072
Starting work for Doppler shift rate 8.695436, FFT length 65536
Starting work for Doppler shift rate 8.695436, FFT length 32768
Starting work for Doppler shift rate 8.697284, FFT length 131072
Starting work for Doppler shift rate 8.699133, FFT length 131072
Starting work for Doppler shift rate 8.700981, FFT length 131072
Starting work for Doppler shift rate 8.702829, FFT length 131072
Starting work for Doppler shift rate 8.702829, FFT length 65536
Starting work for Doppler shift rate 8.704679, FFT length 131072
Starting work for Doppler shift rate 8.706527, FFT length 131072
Starting work for Doppler shift rate 8.708375, FFT length 131072
Starting work for Doppler shift rate 8.710223, FFT length 131072
Starting work for Doppler shift rate 8.710223, FFT length 65536
Starting work for Doppler shift rate 8.712072, FFT length 131072
Starting work for Doppler shift rate 8.713921, FFT length 131072
Starting work for Doppler shift rate 8.715769, FFT length 131072
Starting work for Doppler shift rate 8.717618, FFT length 131072
Starting work for Doppler shift rate 8.717618, FFT length 65536
Starting work for Doppler shift rate 8.719466, FFT length 131072
Starting work for Doppler shift rate 8.721314, FFT length 131072
Starting work for Doppler shift rate 8.723164, FFT length 131072
Starting work for Doppler shift rate 8.725012, FFT length 131072
Starting work for Doppler shift rate 8.725012, FFT length 65536
Starting work for Doppler shift rate 8.725012, FFT length 32768
Starting work for Doppler shift rate 8.726860, FFT length 131072
Starting work for Doppler shift rate 8.728709, FFT length 131072
Starting work for Doppler shift rate 8.730557, FFT length 131072
Starting work for Doppler shift rate 8.732406, FFT length 131072
Starting work for Doppler shift rate 8.732406, FFT length 65536
Starting work for Doppler shift rate 8.734255, FFT length 131072
Starting work for Doppler shift rate 8.736103, FFT length 131072
Starting work for Doppler shift rate 8.737951, FFT length 131072
Starting work for Doppler shift rate 8.739800, FFT length 131072
Starting work for Doppler shift rate 8.739800, FFT length 65536
Starting work for Doppler shift rate 8.741649, FFT length 131072
Starting work for Doppler shift rate 8.743497, FFT length 131072
Starting work for Doppler shift rate 8.745345, FFT length 131072
Starting work for Doppler shift rate 8.747194, FFT length 131072
Starting work for Doppler shift rate 8.747194, FFT length 65536
Starting work for Doppler shift rate 8.749043, FFT length 131072
Starting work for Doppler shift rate 8.750891, FFT length 131072
Starting work for Doppler shift rate 8.752740, FFT length 131072
Starting work for Doppler shift rate 8.754588, FFT length 131072
Starting work for Doppler shift rate 8.754588, FFT length 65536
Starting work for Doppler shift rate 8.754588, FFT length 32768
Starting work for Doppler shift rate 8.754588, FFT length 16384
... Searching for Gaussians
Starting work for Doppler shift rate 8.756436, FFT length 131072
Starting work for Doppler shift rate 8.758286, FFT length 131072
Starting work for Doppler shift rate 8.760134, FFT length 131072
Starting work for Doppler shift rate 8.761982, FFT length 131072
Starting work for Doppler shift rate 8.761982, FFT length 65536
Starting work for Doppler shift rate 8.763831, FFT length 131072
Starting work for Doppler shift rate 8.765679, FFT length 131072
Starting work for Doppler shift rate 8.767528, FFT length 131072
Starting work for Doppler shift rate 8.769377, FFT length 131072
Starting work for Doppler shift rate 8.769377, FFT length 65536
Starting work for Doppler shift rate 8.771225, FFT length 131072
Starting work for Doppler shift rate 8.773073, FFT length 131072
Starting work for Doppler shift rate 8.774921, FFT length 131072
Starting work for Doppler shift rate 8.776771, FFT length 131072
Starting work for Doppler shift rate 8.776771, FFT length 65536
Starting work for Doppler shift rate 8.778619, FFT length 131072
Starting work for Doppler shift rate 8.780467, FFT length 131072
Starting work for Doppler shift rate 8.782316, FFT length 131072
Starting work for Doppler shift rate 8.784164, FFT length 131072
Starting work for Doppler shift rate 8.784164, FFT length 65536
Starting work for Doppler shift rate 8.784164, FFT length 32768
Starting work for Doppler shift rate 8.786013, FFT length 131072
Starting work for Doppler shift rate 8.787862, FFT length 131072
Starting work for Doppler shift rate 8.789710, FFT length 131072
Starting work for Doppler shift rate 8.791558, FFT length 131072
Starting work for Doppler shift rate 8.791558, FFT length 65536
Starting work for Doppler shift rate 8.793407, FFT length 131072
Starting work for Doppler shift rate 8.795256, FFT length 131072
Starting work for Doppler shift rate 8.797104, FFT length 131072
Starting work for Doppler shift rate 8.798953, FFT length 131072
Starting work for Doppler shift rate 8.798953, FFT length 65536
Starting work for Doppler shift rate 8.800801, FFT length 131072
Starting work for Doppler shift rate 8.802649, FFT length 131072
Starting work for Doppler shift rate 8.804498, FFT length 131072
Starting work for Doppler shift rate 8.806347, FFT length 131072
Starting work for Doppler shift rate 8.806347, FFT length 65536
Starting work for Doppler shift rate 8.808195, FFT length 131072
Starting work for Doppler shift rate 8.810043, FFT length 131072
Starting work for Doppler shift rate 8.811893, FFT length 131072
Starting work for Doppler shift rate 8.813741, FFT length 131072
Starting work for Doppler shift rate 8.813741, FFT length 65536
Starting work for Doppler shift rate 8.813741, FFT length 32768
Starting work for Doppler shift rate 8.815589, FFT length 131072
Starting work for Doppler shift rate 8.817438, FFT length 131072
Starting work for Doppler shift rate 8.819286, FFT length 131072
Starting work for Doppler shift rate 8.821135, FFT length 131072
Starting work for Doppler shift rate 8.821135, FFT length 65536
Starting work for Doppler shift rate 8.822984, FFT length 131072
Starting work for Doppler shift rate 8.824832, FFT length 131072
Starting work for Doppler shift rate 8.826680, FFT length 131072
Starting work for Doppler shift rate 8.828529, FFT length 131072
Starting work for Doppler shift rate 8.828529, FFT length 65536
Starting work for Doppler shift rate 8.830378, FFT length 131072
Starting work for Doppler shift rate 8.832226, FFT length 131072
Starting work for Doppler shift rate 8.834074, FFT length 131072
Starting work for Doppler shift rate 8.835923, FFT length 131072
Starting work for Doppler shift rate 8.835923, FFT length 65536
Starting work for Doppler shift rate 8.837771, FFT length 131072
Starting work for Doppler shift rate 8.839620, FFT length 131072
Starting work for Doppler shift rate 8.841469, FFT length 131072
Starting work for Doppler shift rate 8.843317, FFT length 131072
Starting work for Doppler shift rate 8.843317, FFT length 65536
Starting work for Doppler shift rate 8.843317, FFT length 32768
Starting work for Doppler shift rate 8.845165, FFT length 131072
Starting work for Doppler shift rate 8.847014, FFT length 131072
Starting work for Doppler shift rate 8.848863, FFT length 131072
Starting work for Doppler shift rate 8.850711, FFT length 131072
Starting work for Doppler shift rate 8.850711, FFT length 65536
Starting work for Doppler shift rate 8.852560, FFT length 131072
Starting work for Doppler shift rate 8.854408, FFT length 131072
Starting work for Doppler shift rate 8.856256, FFT length 131072
Starting work for Doppler shift rate 8.858106, FFT length 131072
Starting work for Doppler shift rate 8.858106, FFT length 65536
Starting work for Doppler shift rate 8.859954, FFT length 131072
Starting work for Doppler shift rate 8.861802, FFT length 131072
Starting work for Doppler shift rate 8.863650, FFT length 131072
Starting work for Doppler shift rate 8.865499, FFT length 131072
Starting work for Doppler shift rate 8.865499, FFT length 65536
Starting work for Doppler shift rate 8.867348, FFT length 131072
Starting work for Doppler shift rate 8.869196, FFT length 131072
Starting work for Doppler shift rate 8.871045, FFT length 131072
Starting work for Doppler shift rate 8.872893, FFT length 131072
Starting work for Doppler shift rate 8.872893, FFT length 65536
Starting work for Doppler shift rate 8.872893, FFT length 32768
Starting work for Doppler shift rate 8.872893, FFT length 16384
... Searching for Gaussians
Starting work for Doppler shift rate 8.874742, FFT length 131072
Starting work for Doppler shift rate 8.876591, FFT length 131072
Starting work for Doppler shift rate 8.878439, FFT length 131072
Starting work for Doppler shift rate 8.880287, FFT length 131072
Starting work for Doppler shift rate 8.880287, FFT length 65536
Starting work for Doppler shift rate 8.882136, FFT length 131072
Starting work for Doppler shift rate 8.883985, FFT length 131072
Starting work for Doppler shift rate 8.885833, FFT length 131072
Starting work for Doppler shift rate 8.887682, FFT length 131072
Starting work for Doppler shift rate 8.887682, FFT length 65536
Starting work for Doppler shift rate 8.889530, FFT length 131072
Starting work for Doppler shift rate 8.891378, FFT length 131072
Starting work for Doppler shift rate 8.893227, FFT length 131072
Starting work for Doppler shift rate 8.895076, FFT length 131072
Starting work for Doppler shift rate 8.895076, FFT length 65536
Starting work for Doppler shift rate 8.896924, FFT length 131072
Starting work for Doppler shift rate 8.898772, FFT length 131072
Starting work for Doppler shift rate 8.900621, FFT length 131072
Starting work for Doppler shift rate 8.902470, FFT length 131072
Starting work for Doppler shift rate 8.902470, FFT length 65536
Starting work for Doppler shift rate 8.902470, FFT length 32768
Starting work for Doppler shift rate 8.904318, FFT length 131072
Starting work for Doppler shift rate 8.906167, FFT length 131072
Starting work for Doppler shift rate 8.908015, FFT length 131072
Starting work for Doppler shift rate 8.909863, FFT length 131072
Starting work for Doppler shift rate 8.909863, FFT length 65536
Starting work for Doppler shift rate 8.911713, FFT length 131072
Starting work for Doppler shift rate 8.913561, FFT length 131072
Starting work for Doppler shift rate 8.915409, FFT length 131072
Starting work for Doppler shift rate 8.917258, FFT length 131072
Starting work for Doppler shift rate 8.917258, FFT length 65536
Starting work for Doppler shift rate 8.919106, FFT length 131072
Starting work for Doppler shift rate 8.920955, FFT length 131072
Starting work for Doppler shift rate 8.922804, FFT length 131072
Starting work for Doppler shift rate 8.924652, FFT length 131072
Starting work for Doppler shift rate 8.924652, FFT length 65536
Starting work for Doppler shift rate 8.926500, FFT length 131072
Starting work for Doppler shift rate 8.928349, FFT length 131072
Starting work for Doppler shift rate 8.930198, FFT length 131072
Starting work for Doppler shift rate 8.932046, FFT length 131072
Starting work for Doppler shift rate 8.932046, FFT length 65536
Starting work for Doppler shift rate 8.932046, FFT length 32768
Starting work for Doppler shift rate 8.933894, FFT length 131072
Starting work for Doppler shift rate 8.935743, FFT length 131072
Starting work for Doppler shift rate 8.937592, FFT length 131072
Starting work for Doppler shift rate 8.939440, FFT length 131072
Starting work for Doppler shift rate 8.939440, FFT length 65536
Starting work for Doppler shift rate 8.941289, FFT length 131072
Starting work for Doppler shift rate 8.943137, FFT length 131072
Starting work for Doppler shift rate 8.944985, FFT length 131072
Starting work for Doppler shift rate 8.946835, FFT length 131072
Starting work for Doppler shift rate 8.946835, FFT length 65536
Starting work for Doppler shift rate 8.948683, FFT length 131072
Starting work for Doppler shift rate 8.950531, FFT length 131072
Starting work for Doppler shift rate 8.952380, FFT length 131072
Starting work for Doppler shift rate 8.954228, FFT length 131072
Starting work for Doppler shift rate 8.954228, FFT length 65536
Starting work for Doppler shift rate 8.956077, FFT length 131072
Starting work for Doppler shift rate 8.957925, FFT length 131072
Starting work for Doppler shift rate 8.959774, FFT length 131072
Starting work for Doppler shift rate 8.961622, FFT length 131072
Starting work for Doppler shift rate 8.961622, FFT length 65536
Starting work for Doppler shift rate 8.961622, FFT length 32768
Starting work for Doppler shift rate 8.963470, FFT length 131072
Starting work for Doppler shift rate 8.965320, FFT length 131072
Starting work for Doppler shift rate 8.967168, FFT length 131072
Starting work for Doppler shift rate 8.969016, FFT length 131072
Starting work for Doppler shift rate 8.969016, FFT length 65536
Starting work for Doppler shift rate 8.970865, FFT length 131072
Starting work for Doppler shift rate 8.972713, FFT length 131072
Starting work for Doppler shift rate 8.974562, FFT length 131072
Starting work for Doppler shift rate 8.976411, FFT length 131072
Starting work for Doppler shift rate 8.976411, FFT length 65536
Starting work for Doppler shift rate 8.978259, FFT length 131072
Starting work for Doppler shift rate 8.980107, FFT length 131072
Starting work for Doppler shift rate 8.981956, FFT length 131072
Starting work for Doppler shift rate 8.983805, FFT length 131072
Starting work for Doppler shift rate 8.983805, FFT length 65536
Starting work for Doppler shift rate 8.985653, FFT length 131072
Starting work for Doppler shift rate 8.987501, FFT length 131072
Starting work for Doppler shift rate 8.989350, FFT length 131072
Starting work for Doppler shift rate 8.991199, FFT length 131072
Starting work for Doppler shift rate 8.991199, FFT length 65536
Starting work for Doppler shift rate 8.991199, FFT length 32768
Starting work for Doppler shift rate 8.991199, FFT length 16384
... Searching for Gaussians
Starting work for Doppler shift rate 8.991199, FFT length 8192
... Searching for Gaussians
... Searching for Pulses
Starting work for Doppler shift rate 8.993047, FFT length 131072
Starting work for Doppler shift rate 8.994896, FFT length 131072
Starting work for Doppler shift rate 8.996744, FFT length 131072
Starting work for Doppler shift rate 8.998592, FFT length 131072
Starting work for Doppler shift rate 8.998592, FFT length 65536
Starting work for Doppler shift rate 9.000442, FFT length 131072
Starting work for Doppler shift rate 9.002290, FFT length 131072
Starting work for Doppler shift rate 9.004138, FFT length 131072
Starting work for Doppler shift rate 9.005987, FFT length 131072
Starting work for Doppler shift rate 9.005987, FFT length 65536
Starting work for Doppler shift rate 9.007835, FFT length 131072
Starting work for Doppler shift rate 9.009684, FFT length 131072
Starting work for Doppler shift rate 9.011533, FFT length 131072
Starting work for Doppler shift rate 9.013381, FFT length 131072
Starting work for Doppler shift rate 9.013381, FFT length 65536
Starting work for Doppler shift rate 9.015229, FFT length 131072
Starting work for Doppler shift rate 9.017077, FFT length 131072
Starting work for Doppler shift rate 9.018927, FFT length 131072
Starting work for Doppler shift rate 9.020775, FFT length 131072
Starting work for Doppler shift rate 9.020775, FFT length 65536
Starting work for Doppler shift rate 9.020775, FFT length 32768
Starting work for Doppler shift rate 9.022623, FFT length 131072
Starting work for Doppler shift rate 9.024472, FFT length 131072
Starting work for Doppler shift rate 9.026320, FFT length 131072
Starting work for Doppler shift rate 9.028169, FFT length 131072
Starting work for Doppler shift rate 9.028169, FFT length 65536
Starting work for Doppler shift rate 9.030018, FFT length 131072
Starting work for Doppler shift rate 9.031866, FFT length 131072
Starting work for Doppler shift rate 9.033714, FFT length 131072
Starting work for Doppler shift rate 9.035563, FFT length 131072
Starting work for Doppler shift rate 9.035563, FFT length 65536
Starting work for Doppler shift rate 9.037412, FFT length 131072
Starting work for Doppler shift rate 9.039260, FFT length 131072
Starting work for Doppler shift rate 9.041109, FFT length 131072
Starting work for Doppler shift rate 9.042957, FFT length 131072
Starting work for Doppler shift rate 9.042957, FFT length 65536
Starting work for Doppler shift rate 9.044806, FFT length 131072
Starting work for Doppler shift rate 9.046654, FFT length 131072
Starting work for Doppler shift rate 9.048503, FFT length 131072
Starting work for Doppler shift rate 9.050351, FFT length 131072
Starting work for Doppler shift rate 9.050351, FFT length 65536
Starting work for Doppler shift rate 9.050351, FFT length 32768
Starting work for Doppler shift rate 9.052199, FFT length 131072
Starting work for Doppler shift rate 9.054049, FFT length 131072
Starting work for Doppler shift rate 9.055897, FFT length 131072
Starting work for Doppler shift rate 9.057745, FFT length 131072
Starting work for Doppler shift rate 9.057745, FFT length 65536
Starting work for Doppler shift rate 9.059594, FFT length 131072
Starting work for Doppler shift rate 9.061442, FFT length 131072
Starting work for Doppler shift rate 9.063291, FFT length 131072
Starting work for Doppler shift rate 9.065140, FFT length 131072
Starting work for Doppler shift rate 9.065140, FFT length 65536
Starting work for Doppler shift rate 9.066988, FFT length 131072
Starting work for Doppler shift rate 9.068836, FFT length 131072
Starting work for Doppler shift rate 9.070685, FFT length 131072
Starting work for Doppler shift rate 9.072534, FFT length 131072
Starting work for Doppler shift rate 9.072534, FFT length 65536
Starting work for Doppler shift rate 9.074382, FFT length 131072
Starting work for Doppler shift rate 9.076230, FFT length 131072
22.372493% done
Starting work for Doppler shift rate 9.078079, FFT length 131072
Starting work for Doppler shift rate 9.079927, FFT length 131072
Starting work for Doppler shift rate 9.079927, FFT length 65536
Starting work for Doppler shift rate 9.079927, FFT length 32768
Starting work for Doppler shift rate 9.081776, FFT length 131072
Starting work for Doppler shift rate 9.083625, FFT length 131072
Starting work for Doppler shift rate 9.085473, FFT length 131072
Starting work for Doppler shift rate 9.087321, FFT length 131072
Starting work for Doppler shift rate 9.087321, FFT length 65536
Starting work for Doppler shift rate 9.089170, FFT length 131072
Starting work for Doppler shift rate 9.091019, FFT length 131072
Starting work for Doppler shift rate 9.092867, FFT length 131072
Starting work for Doppler shift rate 9.094716, FFT length 131072
Starting work for Doppler shift rate 9.094716, FFT length 65536
Starting work for Doppler shift rate 9.096564, FFT length 131072
Starting work for Doppler shift rate 9.098413, FFT length 131072
Starting work for Doppler shift rate 9.100262, FFT length 131072
Starting work for Doppler shift rate 9.102110, FFT length 131072
Starting work for Doppler shift rate 9.102110, FFT length 65536
Starting work for Doppler shift rate 9.103958, FFT length 131072
Starting work for Doppler shift rate 9.105807, FFT length 131072
Starting work for Doppler shift rate 9.107656, FFT length 131072
Starting work for Doppler shift rate 9.109504, FFT length 131072
Starting work for Doppler shift rate 9.109504, FFT length 65536
Starting work for Doppler shift rate 9.109504, FFT length 32768
Starting work for Doppler shift rate 9.109504, FFT length 16384
... Searching for Gaussians
Starting work for Doppler shift rate 9.111352, FFT length 131072
Starting work for Doppler shift rate 9.113201, FFT length 131072
Starting work for Doppler shift rate 9.115049, FFT length 131072
Starting work for Doppler shift rate 9.116898, FFT length 131072
Starting work for Doppler shift rate 9.116898, FFT length 65536
Starting work for Doppler shift rate 9.118747, FFT length 131072
Starting work for Doppler shift rate 9.120595, FFT length 131072
Starting work for Doppler shift rate 9.122443, FFT length 131072
Starting work for Doppler shift rate 9.124292, FFT length 131072
Starting work for Doppler shift rate 9.124292, FFT length 65536
Starting work for Doppler shift rate 9.126141, FFT length 131072
Starting work for Doppler shift rate 9.127989, FFT length 131072
Starting work for Doppler shift rate 9.129838, FFT length 131072
Starting work for Doppler shift rate 9.131686, FFT length 131072
Starting work for Doppler shift rate 9.131686, FFT length 65536
Starting work for Doppler shift rate 9.133534, FFT length 131072
Starting work for Doppler shift rate 9.135384, FFT length 131072
Starting work for Doppler shift rate 9.137232, FFT length 131072
Starting work for Doppler shift rate 9.139080, FFT length 131072
Starting work for Doppler shift rate 9.139080, FFT length 65536
Starting work for Doppler shift rate 9.139080, FFT length 32768
Starting work for Doppler shift rate 9.140928, FFT length 131072
Starting work for Doppler shift rate 9.142777, FFT length 131072
Starting work for Doppler shift rate 9.144626, FFT length 131072
Starting work for Doppler shift rate 9.146474, FFT length 131072
Starting work for Doppler shift rate 9.146474, FFT length 65536
Starting work for Doppler shift rate 9.148323, FFT length 131072
Starting work for Doppler shift rate 9.150171, FFT length 131072
Starting work for Doppler shift rate 9.152020, FFT length 131072
Starting work for Doppler shift rate 9.153869, FFT length 131072
Starting work for Doppler shift rate 9.153869, FFT length 65536
Starting work for Doppler shift rate 9.155717, FFT length 131072
Starting work for Doppler shift rate 9.157565, FFT length 131072
Starting work for Doppler shift rate 9.159414, FFT length 131072
Starting work for Doppler shift rate 9.161263, FFT length 131072
Starting work for Doppler shift rate 9.161263, FFT length 65536
Starting work for Doppler shift rate 9.163111, FFT length 131072
Starting work for Doppler shift rate 9.164960, FFT length 131072
Starting work for Doppler shift rate 9.166808, FFT length 131072
Starting work for Doppler shift rate 9.168656, FFT length 131072
Starting work for Doppler shift rate 9.168656, FFT length 65536
Starting work for Doppler shift rate 9.168656, FFT length 32768
Starting work for Doppler shift rate 9.170505, FFT length 131072
Starting work for Doppler shift rate 9.172354, FFT length 131072
Starting work for Doppler shift rate 9.174202, FFT length 131072
Starting work for Doppler shift rate 9.176050, FFT length 131072
Starting work for Doppler shift rate 9.176050, FFT length 65536
Starting work for Doppler shift rate 9.177899, FFT length 131072
Starting work for Doppler shift rate 9.179748, FFT length 131072
Starting work for Doppler shift rate 9.181596, FFT length 131072
Starting work for Doppler shift rate 9.183445, FFT length 131072
Starting work for Doppler shift rate 9.183445, FFT length 65536
Starting work for Doppler shift rate 9.185293, FFT length 131072
Starting work for Doppler shift rate 9.187141, FFT length 131072
Starting work for Doppler shift rate 9.188991, FFT length 131072
Starting work for Doppler shift rate 9.190839, FFT length 131072
Starting work for Doppler shift rate 9.190839, FFT length 65536
Starting work for Doppler shift rate 9.192687, FFT length 131072
Starting work for Doppler shift rate 9.194536, FFT length 131072
Starting work for Doppler shift rate 9.196384, FFT length 131072
Starting work for Doppler shift rate 9.198233, FFT length 131072
Starting work for Doppler shift rate 9.198233, FFT length 65536
Starting work for Doppler shift rate 9.198233, FFT length 32768
Starting work for Doppler shift rate 9.200081, FFT length 131072
Starting work for Doppler shift rate 9.201930, FFT length 131072
Starting work for Doppler shift rate 9.203778, FFT length 131072
Starting work for Doppler shift rate 9.205626, FFT length 131072
Starting work for Doppler shift rate 9.205626, FFT length 65536
Starting work for Doppler shift rate 9.207476, FFT length 131072
Starting work for Doppler shift rate 9.209324, FFT length 131072
Starting work for Doppler shift rate 9.211172, FFT length 131072
Starting work for Doppler shift rate 9.213021, FFT length 131072
Starting work for Doppler shift rate 9.213021, FFT length 65536
Starting work for Doppler shift rate 9.214869, FFT length 131072
Starting work for Doppler shift rate 9.216718, FFT length 131072
Starting work for Doppler shift rate 9.218567, FFT length 131072
Starting work for Doppler shift rate 9.220415, FFT length 131072
Starting work for Doppler shift rate 9.220415, FFT length 65536
Starting work for Doppler shift rate 9.222263, FFT length 131072
Starting work for Doppler shift rate 9.224113, FFT length 131072
Starting work for Doppler shift rate 9.225961, FFT length 131072
Starting work for Doppler shift rate 9.227809, FFT length 131072
Starting work for Doppler shift rate 9.227809, FFT length 65536
Starting work for Doppler shift rate 9.227809, FFT length 32768
Starting work for Doppler shift rate 9.227809, FFT length 16384
... Searching for Gaussians
Starting work for Doppler shift rate 9.229657, FFT length 131072
Starting work for Doppler shift rate 9.231506, FFT length 131072
Starting work for Doppler shift rate 9.233355, FFT length 131072
Starting work for Doppler shift rate 9.235203, FFT length 131072
Starting work for Doppler shift rate 9.235203, FFT length 65536
Starting work for Doppler shift rate 9.237052, FFT length 131072
Starting work for Doppler shift rate 9.238900, FFT length 131072
Starting work for Doppler shift rate 9.240748, FFT length 131072
Starting work for Doppler shift rate 9.242598, FFT length 131072
Starting work for Doppler shift rate 9.242598, FFT length 65536
Doing baseline smoothing.
Starting work for Doppler shift rate 9.244446, FFT length 131072
Starting work for Doppler shift rate 9.246294, FFT length 131072
Starting work for Doppler shift rate 9.248143, FFT length 131072
Starting work for Doppler shift rate 9.249991, FFT length 131072
Starting work for Doppler shift rate 9.249991, FFT length 65536
Starting work for Doppler shift rate 9.251840, FFT length 131072
Starting work for Doppler shift rate 9.253689, FFT length 131072
Starting work for Doppler shift rate 9.255537, FFT length 131072
Starting work for Doppler shift rate 9.257385, FFT length 131072
Starting work for Doppler shift rate 9.257385, FFT length 65536
Starting work for Doppler shift rate 9.257385, FFT length 32768
Starting work for Doppler shift rate 9.259233, FFT length 131072
Starting work for Doppler shift rate 9.261083, FFT length 131072
Starting work for Doppler shift rate 9.262931, FFT length 131072
Starting work for Doppler shift rate 9.264779, FFT length 131072
Starting work for Doppler shift rate 9.264779, FFT length 65536
Starting work for Doppler shift rate 9.266628, FFT length 131072
Starting work for Doppler shift rate 9.268476, FFT length 131072
Starting work for Doppler shift rate 9.270325, FFT length 131072
Starting work for Doppler shift rate 9.272174, FFT length 131072
Starting work for Doppler shift rate 9.272174, FFT length 65536
Starting work for Doppler shift rate 9.274022, FFT length 131072
Starting work for Doppler shift rate 9.275870, FFT length 131072
Starting work for Doppler shift rate 9.277719, FFT length 131072
Starting work for Doppler shift rate 9.279568, FFT length 131072
Starting work for Doppler shift rate 9.279568, FFT length 65536
Starting work for Doppler shift rate 9.281416, FFT length 131072
Starting work for Doppler shift rate 9.283265, FFT length 131072
Starting work for Doppler shift rate 9.285113, FFT length 131072
Starting work for Doppler shift rate 9.286962, FFT length 131072
Starting work for Doppler shift rate 9.286962, FFT length 65536
Starting work for Doppler shift rate 9.286962, FFT length 32768
Starting work for Doppler shift rate 9.288811, FFT length 131072
Starting work for Doppler shift rate 9.290659, FFT length 131072
Starting work for Doppler shift rate 9.292507, FFT length 131072
Starting work for Doppler shift rate 9.294355, FFT length 131072
Starting work for Doppler shift rate 9.294355, FFT length 65536
Starting work for Doppler shift rate 9.296205, FFT length 131072
Starting work for Doppler shift rate 9.298053, FFT length 131072
Starting work for Doppler shift rate 9.299901, FFT length 131072
Starting work for Doppler shift rate 9.301750, FFT length 131072
Starting work for Doppler shift rate 9.301750, FFT length 65536
Starting work for Doppler shift rate 9.303598, FFT length 131072
Starting work for Doppler shift rate 9.305447, FFT length 131072
Starting work for Doppler shift rate 9.307296, FFT length 131072
Starting work for Doppler shift rate 9.309144, FFT length 131072
Starting work for Doppler shift rate 9.309144, FFT length 65536
Starting work for Doppler shift rate 9.310992, FFT length 131072
Starting work for Doppler shift rate 9.312841, FFT length 131072
Starting work for Doppler shift rate 9.314690, FFT length 131072
Starting work for Doppler shift rate 9.316538, FFT length 131072
Starting work for Doppler shift rate 9.316538, FFT length 65536
Starting work for Doppler shift rate 9.316538, FFT length 32768
Starting work for Doppler shift rate 9.318387, FFT length 131072
Starting work for Doppler shift rate 9.320235, FFT length 131072
Starting work for Doppler shift rate 9.322083, FFT length 131072
Starting work for Doppler shift rate 9.323932, FFT length 131072
Starting work for Doppler shift rate 9.323932, FFT length 65536
Starting work for Doppler shift rate 9.325781, FFT length 131072
Starting work for Doppler shift rate 9.327629, FFT length 131072
Starting work for Doppler shift rate 9.329477, FFT length 131072
Starting work for Doppler shift rate 9.331326, FFT length 131072
Starting work for Doppler shift rate 9.331326, FFT length 65536
Starting work for Doppler shift rate 9.333175, FFT length 131072
Starting work for Doppler shift rate 9.335023, FFT length 131072
Starting work for Doppler shift rate 9.336872, FFT length 131072
Starting work for Doppler shift rate 9.338720, FFT length 131072
Starting work for Doppler shift rate 9.338720, FFT length 65536
Starting work for Doppler shift rate 9.340569, FFT length 131072
Starting work for Doppler shift rate 9.342418, FFT length 131072
Starting work for Doppler shift rate 9.344266, FFT length 131072
Starting work for Doppler shift rate 9.346114, FFT length 131072
Starting work for Doppler shift rate 9.346114, FFT length 65536
Starting work for Doppler shift rate 9.346114, FFT length 32768
Starting work for Doppler shift rate 9.346114, FFT length 16384
... Searching for Gaussians
Starting work for Doppler shift rate 9.347963, FFT length 131072
Starting work for Doppler shift rate 9.349812, FFT length 131072
Starting work for Doppler shift rate 9.351660, FFT length 131072
Starting work for Doppler shift rate 9.353508, FFT length 131072
Starting work for Doppler shift rate 9.353508, FFT length 65536
Starting work for Doppler shift rate 9.355357, FFT length 131072
Starting work for Doppler shift rate 9.357205, FFT length 131072
Starting work for Doppler shift rate 9.359054, FFT length 131072
Starting work for Doppler shift rate 9.360903, FFT length 131072
Starting work for Doppler shift rate 9.360903, FFT length 65536
Starting work for Doppler shift rate 9.362751, FFT length 131072
Starting work for Doppler shift rate 9.364599, FFT length 131072
Starting work for Doppler shift rate 9.366448, FFT length 131072
Starting work for Doppler shift rate 9.368297, FFT length 131072
Starting work for Doppler shift rate 9.368297, FFT length 65536
Starting work for Doppler shift rate 9.370145, FFT length 131072
Starting work for Doppler shift rate 9.371994, FFT length 131072
Starting work for Doppler shift rate 9.373842, FFT length 131072
Starting work for Doppler shift rate 9.375690, FFT length 131072
Starting work for Doppler shift rate 9.375690, FFT length 65536
Starting work for Doppler shift rate 9.375690, FFT length 32768
Starting work for Doppler shift rate 9.377540, FFT length 131072
Starting work for Doppler shift rate 9.379388, FFT length 131072
Starting work for Doppler shift rate 9.381236, FFT length 131072
Starting work for Doppler shift rate 9.383084, FFT length 131072
Starting work for Doppler shift rate 9.383084, FFT length 65536
Starting work for Doppler shift rate 9.384933, FFT length 131072
Starting work for Doppler shift rate 9.386782, FFT length 131072
Starting work for Doppler shift rate 9.388630, FFT length 131072
Starting work for Doppler shift rate 9.390479, FFT length 131072
Starting work for Doppler shift rate 9.390479, FFT length 65536
Starting work for Doppler shift rate 9.392327, FFT length 131072
Starting work for Doppler shift rate 9.394176, FFT length 131072
Starting work for Doppler shift rate 9.396025, FFT length 131072
Starting work for Doppler shift rate 9.397873, FFT length 131072
Starting work for Doppler shift rate 9.397873, FFT length 65536
Starting work for Doppler shift rate 9.399721, FFT length 131072
Starting work for Doppler shift rate 9.401570, FFT length 131072
Starting work for Doppler shift rate 9.403419, FFT length 131072
Starting work for Doppler shift rate 9.405267, FFT length 131072
Starting work for Doppler shift rate 9.405267, FFT length 65536
Starting work for Doppler shift rate 9.405267, FFT length 32768
Starting work for Doppler shift rate 9.407116, FFT length 131072
Starting work for Doppler shift rate 9.408964, FFT length 131072
Starting work for Doppler shift rate 9.410812, FFT length 131072
Starting work for Doppler shift rate 9.412661, FFT length 131072
Starting work for Doppler shift rate 9.412661, FFT length 65536
Starting work for Doppler shift rate 9.414510, FFT length 131072
Starting work for Doppler shift rate 9.416358, FFT length 131072
Starting work for Doppler shift rate 9.418206, FFT length 131072
Starting work for Doppler shift rate 9.420055, FFT length 131072
Starting work for Doppler shift rate 9.420055, FFT length 65536
Starting work for Doppler shift rate 9.421904, FFT length 131072
Starting work for Doppler shift rate 9.423752, FFT length 131072
Starting work for Doppler shift rate 9.425601, FFT length 131072
Starting work for Doppler shift rate 9.427449, FFT length 131072
Starting work for Doppler shift rate 9.427449, FFT length 65536
Starting work for Doppler shift rate 9.429297, FFT length 131072
Starting work for Doppler shift rate 9.431147, FFT length 131072
Starting work for Doppler shift rate 9.432995, FFT length 131072
Starting work for Doppler shift rate 9.434843, FFT length 131072
Starting work for Doppler shift rate 9.434843, FFT length 65536
Starting work for Doppler shift rate 9.434843, FFT length 32768
Starting work for Doppler shift rate 9.436692, FFT length 131072
Starting work for Doppler shift rate 9.438540, FFT length 131072
Starting work for Doppler shift rate 9.440389, FFT length 131072
Starting work for Doppler shift rate 9.442237, FFT length 131072
Starting work for Doppler shift rate 9.442237, FFT length 65536
Starting work for Doppler shift rate 9.444086, FFT length 131072
Starting work for Doppler shift rate 9.445934, FFT length 131072
Starting work for Doppler shift rate 9.447783, FFT length 131072
Starting work for Doppler shift rate 9.449632, FFT length 131072
Starting work for Doppler shift rate 9.449632, FFT length 65536
Starting work for Doppler shift rate 9.451480, FFT length 131072
Starting work for Doppler shift rate 9.453328, FFT length 131072
Starting work for Doppler shift rate 9.455177, FFT length 131072
Starting work for Doppler shift rate 9.457026, FFT length 131072
Starting work for Doppler shift rate 9.457026, FFT length 65536
Starting work for Doppler shift rate 9.458874, FFT length 131072
Starting work for Doppler shift rate 9.460723, FFT length 131072
Starting work for Doppler shift rate 9.462571, FFT length 131072
Starting work for Doppler shift rate 9.464419, FFT length 131072
Starting work for Doppler shift rate 9.464419, FFT length 65536
Starting work for Doppler shift rate 9.464419, FFT length 32768
Starting work for Doppler shift rate 9.464419, FFT length 16384
... Searching for Gaussians
Starting work for Doppler shift rate 9.464419, FFT length 8192
... Searching for Gaussians
... Searching for Pulses
Starting work for Doppler shift rate 9.464419, FFT length 4096
... Searching for Gaussians
... Searching for Pulses
Starting work for Doppler shift rate 9.466269, FFT length 131072
Starting work for Doppler shift rate 9.468117, FFT length 131072
Starting work for Doppler shift rate 9.469965, FFT length 131072
Starting work for Doppler shift rate 9.471814, FFT length 131072
Starting work for Doppler shift rate 9.471814, FFT length 65536
Starting work for Doppler shift rate 9.473662, FFT length 131072
Starting work for Doppler shift rate 9.475511, FFT length 131072
Starting work for Doppler shift rate 9.477359, FFT length 131072
Starting work for Doppler shift rate 9.479208, FFT length 131072
Starting work for Doppler shift rate 9.479208, FFT length 65536
Starting work for Doppler shift rate 9.481056, FFT length 131072
Starting work for Doppler shift rate 9.482904, FFT length 131072
Starting work for Doppler shift rate 9.484754, FFT length 131072
Starting work for Doppler shift rate 9.486602, FFT length 131072
Starting work for Doppler shift rate 9.486602, FFT length 65536
Starting work for Doppler shift rate 9.488450, FFT length 131072
Starting work for Doppler shift rate 9.490299, FFT length 131072
Starting work for Doppler shift rate 9.492147, FFT length 131072
Starting work for Doppler shift rate 9.493996, FFT length 131072
Starting work for Doppler shift rate 9.493996, FFT length 65536
Starting work for Doppler shift rate 9.493996, FFT length 32768
Starting work for Doppler shift rate 9.495845, FFT length 131072
Starting work for Doppler shift rate 9.497693, FFT length 131072
Starting work for Doppler shift rate 9.499541, FFT length 131072
Starting work for Doppler shift rate 9.501390, FFT length 131072
Starting work for Doppler shift rate 9.501390, FFT length 65536
Starting work for Doppler shift rate 9.503239, FFT length 131072
Starting work for Doppler shift rate 9.505087, FFT length 131072
Starting work for Doppler shift rate 9.506935, FFT length 131072
Starting work for Doppler shift rate 9.508784, FFT length 131072
Starting work for Doppler shift rate 9.508784, FFT length 65536
Starting work for Doppler shift rate 9.510633, FFT length 131072
Starting work for Doppler shift rate 9.512481, FFT length 131072
Starting work for Doppler shift rate 9.514330, FFT length 131072
Starting work for Doppler shift rate 9.516178, FFT length 131072
Starting work for Doppler shift rate 9.516178, FFT length 65536
Starting work for Doppler shift rate 9.518026, FFT length 131072
Starting work for Doppler shift rate 9.519876, FFT length 131072
Starting work for Doppler shift rate 9.521724, FFT length 131072
Starting work for Doppler shift rate 9.523572, FFT length 131072
Starting work for Doppler shift rate 9.523572, FFT length 65536
Starting work for Doppler shift rate 9.523572, FFT length 32768
Starting work for Doppler shift rate 9.525421, FFT length 131072
Starting work for Doppler shift rate 9.527269, FFT length 131072
Starting work for Doppler shift rate 9.529118, FFT length 131072
Starting work for Doppler shift rate 9.530967, FFT length 131072
Starting work for Doppler shift rate 9.530967, FFT length 65536
Starting work for Doppler shift rate 9.532815, FFT length 131072
Starting work for Doppler shift rate 9.534663, FFT length 131072
Starting work for Doppler shift rate 9.536511, FFT length 131072
Starting work for Doppler shift rate 9.538361, FFT length 131072
Starting work for Doppler shift rate 9.538361, FFT length 65536
Starting work for Doppler shift rate 9.540209, FFT length 131072
Starting work for Doppler shift rate 9.542057, FFT length 131072
Starting work for Doppler shift rate 9.543906, FFT length 131072
Starting work for Doppler shift rate 9.545754, FFT length 131072
Starting work for Doppler shift rate 9.545754, FFT length 65536
Starting work for Doppler shift rate 9.547603, FFT length 131072
Starting work for Doppler shift rate 9.549452, FFT length 131072
Starting work for Doppler shift rate 9.551300, FFT length 131072
Starting work for Doppler shift rate 9.553148, FFT length 131072
Starting work for Doppler shift rate 9.553148, FFT length 65536
Starting work for Doppler shift rate 9.553148, FFT length 32768
Starting work for Doppler shift rate 9.554997, FFT length 131072
Starting work for Doppler shift rate 9.556846, FFT length 131072
Starting work for Doppler shift rate 9.558694, FFT length 131072
Starting work for Doppler shift rate 9.560543, FFT length 131072
Starting work for Doppler shift rate 9.560543, FFT length 65536
Starting work for Doppler shift rate 9.562391, FFT length 131072
Starting work for Doppler shift rate 9.564240, FFT length 131072
Starting work for Doppler shift rate 9.566088, FFT length 131072
Starting work for Doppler shift rate 9.567937, FFT length 131072
Starting work for Doppler shift rate 9.567937, FFT length 65536
Starting work for Doppler shift rate 9.569785, FFT length 131072
Starting work for Doppler shift rate 9.571633, FFT length 131072
Starting work for Doppler shift rate 9.573483, FFT length 131072
Starting work for Doppler shift rate 9.575331, FFT length 131072
Starting work for Doppler shift rate 9.575331, FFT length 65536
Starting work for Doppler shift rate 9.577179, FFT length 131072
Starting work for Doppler shift rate 9.579028, FFT length 131072
Starting work for Doppler shift rate 9.580876, FFT length 131072
Starting work for Doppler shift rate 9.582725, FFT length 131072
Starting work for Doppler shift rate 9.582725, FFT length 65536
Starting work for Doppler shift rate 9.582725, FFT length 32768
Starting work for Doppler shift rate 9.582725, FFT length 16384
... Searching for Gaussians
Starting work for Doppler shift rate 9.584574, FFT length 131072
Starting work for Doppler shift rate 9.586422, FFT length 131072
Starting work for Doppler shift rate 9.588270, FFT length 131072
Starting work for Doppler shift rate 9.590119, FFT length 131072
Starting work for Doppler shift rate 9.590119, FFT length 65536
Starting work for Doppler shift rate 9.591968, FFT length 131072
Starting work for Doppler shift rate 9.593816, FFT length 131072
23.374262% done
Starting work for Doppler shift rate 9.595664, FFT length 131072
Starting work for Doppler shift rate 9.597513, FFT length 131072
Starting work for Doppler shift rate 9.597513, FFT length 65536
Starting work for Doppler shift rate 9.599361, FFT length 131072
Starting work for Doppler shift rate 9.601210, FFT length 131072
Starting work for Doppler shift rate 9.603059, FFT length 131072
Starting work for Doppler shift rate 9.604907, FFT length 131072
Starting work for Doppler shift rate 9.604907, FFT length 65536
Starting work for Doppler shift rate 9.606755, FFT length 131072
Starting work for Doppler shift rate 9.608604, FFT length 131072
Starting work for Doppler shift rate 9.610453, FFT length 131072
Starting work for Doppler shift rate 9.612301, FFT length 131072
Starting work for Doppler shift rate 9.612301, FFT length 65536
Starting work for Doppler shift rate 9.612301, FFT length 32768
Starting work for Doppler shift rate 9.614150, FFT length 131072
Starting work for Doppler shift rate 9.615998, FFT length 131072
Starting work for Doppler shift rate 9.617846, FFT length 131072
Starting work for Doppler shift rate 9.619696, FFT length 131072
Starting work for Doppler shift rate 9.619696, FFT length 65536
Starting work for Doppler shift rate 9.621544, FFT length 131072
Starting work for Doppler shift rate 9.623392, FFT length 131072
Starting work for Doppler shift rate 9.625240, FFT length 131072
Starting work for Doppler shift rate 9.627090, FFT length 131072
Starting work for Doppler shift rate 9.627090, FFT length 65536
Starting work for Doppler shift rate 9.628938, FFT length 131072
Starting work for Doppler shift rate 9.630786, FFT length 131072
Starting work for Doppler shift rate 9.632635, FFT length 131072
Starting work for Doppler shift rate 9.634483, FFT length 131072
Starting work for Doppler shift rate 9.634483, FFT length 65536
Starting work for Doppler shift rate 9.636332, FFT length 131072
Starting work for Doppler shift rate 9.638181, FFT length 131072
Starting work for Doppler shift rate 9.640029, FFT length 131072
Starting work for Doppler shift rate 9.641877, FFT length 131072
Starting work for Doppler shift rate 9.641877, FFT length 65536
Starting work for Doppler shift rate 9.641877, FFT length 32768
Starting work for Doppler shift rate 9.643726, FFT length 131072
Starting work for Doppler shift rate 9.645575, FFT length 131072
Starting work for Doppler shift rate 9.647423, FFT length 131072
Starting work for Doppler shift rate 9.649272, FFT length 131072
Starting work for Doppler shift rate 9.649272, FFT length 65536
Starting work for Doppler shift rate 9.651120, FFT length 131072
Starting work for Doppler shift rate 9.652968, FFT length 131072
Starting work for Doppler shift rate 9.654818, FFT length 131072
Starting work for Doppler shift rate 9.656666, FFT length 131072
Starting work for Doppler shift rate 9.656666, FFT length 65536
Starting work for Doppler shift rate 9.658514, FFT length 131072
Starting work for Doppler shift rate 9.660362, FFT length 131072
Starting work for Doppler shift rate 9.662211, FFT length 131072
Starting work for Doppler shift rate 9.664060, FFT length 131072
Starting work for Doppler shift rate 9.664060, FFT length 65536
Starting work for Doppler shift rate 9.665908, FFT length 131072
Starting work for Doppler shift rate 9.667757, FFT length 131072
Starting work for Doppler shift rate 9.669605, FFT length 131072
Starting work for Doppler shift rate 9.671453, FFT length 131072
Starting work for Doppler shift rate 9.671453, FFT length 65536
Starting work for Doppler shift rate 9.671453, FFT length 32768
Starting work for Doppler shift rate 9.673303, FFT length 131072
Starting work for Doppler shift rate 9.675151, FFT length 131072
Starting work for Doppler shift rate 9.676999, FFT length 131072
Starting work for Doppler shift rate 9.678848, FFT length 131072
Starting work for Doppler shift rate 9.678848, FFT length 65536
Starting work for Doppler shift rate 9.680696, FFT length 131072
Starting work for Doppler shift rate 9.682545, FFT length 131072
Starting work for Doppler shift rate 9.684394, FFT length 131072
Starting work for Doppler shift rate 9.686242, FFT length 131072
Starting work for Doppler shift rate 9.686242, FFT length 65536
Starting work for Doppler shift rate 9.688090, FFT length 131072
Starting work for Doppler shift rate 9.689939, FFT length 131072
Starting work for Doppler shift rate 9.691788, FFT length 131072
Starting work for Doppler shift rate 9.693636, FFT length 131072
Starting work for Doppler shift rate 9.693636, FFT length 65536
Starting work for Doppler shift rate 9.695484, FFT length 131072
Starting work for Doppler shift rate 9.697333, FFT length 131072
Starting work for Doppler shift rate 9.699182, FFT length 131072
Starting work for Doppler shift rate 9.701030, FFT length 131072
Starting work for Doppler shift rate 9.701030, FFT length 65536
Starting work for Doppler shift rate 9.701030, FFT length 32768
Starting work for Doppler shift rate 9.701030, FFT length 16384
... Searching for Gaussians
Starting work for Doppler shift rate 9.702879, FFT length 131072
Starting work for Doppler shift rate 9.704727, FFT length 131072
Starting work for Doppler shift rate 9.706575, FFT length 131072
Starting work for Doppler shift rate 9.708425, FFT length 131072
Starting work for Doppler shift rate 9.708425, FFT length 65536
Starting work for Doppler shift rate 9.710273, FFT length 131072
Starting work for Doppler shift rate 9.712121, FFT length 131072
Starting work for Doppler shift rate 9.713970, FFT length 131072
Starting work for Doppler shift rate 9.715818, FFT length 131072
Starting work for Doppler shift rate 9.715818, FFT length 65536
Starting work for Doppler shift rate 9.717667, FFT length 131072
Starting work for Doppler shift rate 9.719515, FFT length 131072
Starting work for Doppler shift rate 9.721364, FFT length 131072
Starting work for Doppler shift rate 9.723212, FFT length 131072
Starting work for Doppler shift rate 9.723212, FFT length 65536
Starting work for Doppler shift rate 9.725060, FFT length 131072
Starting work for Doppler shift rate 9.726910, FFT length 131072
Starting work for Doppler shift rate 9.728758, FFT length 131072
Starting work for Doppler shift rate 9.730606, FFT length 131072
Starting work for Doppler shift rate 9.730606, FFT length 65536
Starting work for Doppler shift rate 9.730606, FFT length 32768
Starting work for Doppler shift rate 9.732455, FFT length 131072
Starting work for Doppler shift rate 9.734303, FFT length 131072
Starting work for Doppler shift rate 9.736152, FFT length 131072
Starting work for Doppler shift rate 9.738001, FFT length 131072
Starting work for Doppler shift rate 9.738001, FFT length 65536
Starting work for Doppler shift rate 9.739849, FFT length 131072
Starting work for Doppler shift rate 9.741697, FFT length 131072
Starting work for Doppler shift rate 9.743546, FFT length 131072
Starting work for Doppler shift rate 9.745395, FFT length 131072
Starting work for Doppler shift rate 9.745395, FFT length 65536
Starting work for Doppler shift rate 9.747243, FFT length 131072
Starting work for Doppler shift rate 9.749091, FFT length 131072
Starting work for Doppler shift rate 9.750940, FFT length 131072
Starting work for Doppler shift rate 9.752789, FFT length 131072
Starting work for Doppler shift rate 9.752789, FFT length 65536
Starting work for Doppler shift rate 9.754637, FFT length 131072
Starting work for Doppler shift rate 9.756486, FFT length 131072
Starting work for Doppler shift rate 9.758334, FFT length 131072
Starting work for Doppler shift rate 9.760182, FFT length 131072
Starting work for Doppler shift rate 9.760182, FFT length 65536
Starting work for Doppler shift rate 9.760182, FFT length 32768
Starting work for Doppler shift rate 9.762032, FFT length 131072
Starting work for Doppler shift rate 9.763880, FFT length 131072
Starting work for Doppler shift rate 9.765728, FFT length 131072
Starting work for Doppler shift rate 9.767577, FFT length 131072
Starting work for Doppler shift rate 9.767577, FFT length 65536
Starting work for Doppler shift rate 9.769425, FFT length 131072
Starting work for Doppler shift rate 9.771274, FFT length 131072
Starting work for Doppler shift rate 9.773123, FFT length 131072
Starting work for Doppler shift rate 9.774971, FFT length 131072
Starting work for Doppler shift rate 9.774971, FFT length 65536
Starting work for Doppler shift rate 9.776819, FFT length 131072
Starting work for Doppler shift rate 9.778667, FFT length 131072
Starting work for Doppler shift rate 9.780517, FFT length 131072
Starting work for Doppler shift rate 9.782365, FFT length 131072
Starting work for Doppler shift rate 9.782365, FFT length 65536
Starting work for Doppler shift rate 9.784213, FFT length 131072
Starting work for Doppler shift rate 9.786062, FFT length 131072
Starting work for Doppler shift rate 9.787910, FFT length 131072
Starting work for Doppler shift rate 9.789759, FFT length 131072
Starting work for Doppler shift rate 9.789759, FFT length 65536
Starting work for Doppler shift rate 9.789759, FFT length 32768
Starting work for Doppler shift rate 9.791608, FFT length 131072
Starting work for Doppler shift rate 9.793456, FFT length 131072
Starting work for Doppler shift rate 9.795304, FFT length 131072
Starting work for Doppler shift rate 9.797153, FFT length 131072
Starting work for Doppler shift rate 9.797153, FFT length 65536
Starting work for Doppler shift rate 9.799002, FFT length 131072
Starting work for Doppler shift rate 9.800850, FFT length 131072
Starting work for Doppler shift rate 9.802699, FFT length 131072
Starting work for Doppler shift rate 9.804547, FFT length 131072
Starting work for Doppler shift rate 9.804547, FFT length 65536
Starting work for Doppler shift rate 9.806396, FFT length 131072
Starting work for Doppler shift rate 9.808244, FFT length 131072
Starting work for Doppler shift rate 9.810093, FFT length 131072
Starting work for Doppler shift rate 9.811941, FFT length 131072
Starting work for Doppler shift rate 9.811941, FFT length 65536
Starting work for Doppler shift rate 9.813789, FFT length 131072
Starting work for Doppler shift rate 9.815639, FFT length 131072
Starting work for Doppler shift rate 9.817487, FFT length 131072
Starting work for Doppler shift rate 9.819335, FFT length 131072
Starting work for Doppler shift rate 9.819335, FFT length 65536
Starting work for Doppler shift rate 9.819335, FFT length 32768
Starting work for Doppler shift rate 9.819335, FFT length 16384
... Searching for Gaussians
Starting work for Doppler shift rate 9.821184, FFT length 131072
Starting work for Doppler shift rate 9.823032, FFT length 131072
Starting work for Doppler shift rate 9.824881, FFT length 131072
Starting work for Doppler shift rate 9.826730, FFT length 131072
Starting work for Doppler shift rate 9.826730, FFT length 65536
Starting work for Doppler shift rate 9.828578, FFT length 131072
Starting work for Doppler shift rate 9.830426, FFT length 131072
Starting work for Doppler shift rate 9.832275, FFT length 131072
Starting work for Doppler shift rate 9.834124, FFT length 131072
Starting work for Doppler shift rate 9.834124, FFT length 65536
Starting work for Doppler shift rate 9.835972, FFT length 131072
Starting work for Doppler shift rate 9.837821, FFT length 131072
Starting work for Doppler shift rate 9.839669, FFT length 131072
Starting work for Doppler shift rate 9.841517, FFT length 131072
Starting work for Doppler shift rate 9.841517, FFT length 65536
Starting work for Doppler shift rate 9.843366, FFT length 131072
Starting work for Doppler shift rate 9.845215, FFT length 131072
Starting work for Doppler shift rate 9.847063, FFT length 131072
Starting work for Doppler shift rate 9.848911, FFT length 131072
Starting work for Doppler shift rate 9.848911, FFT length 65536
Starting work for Doppler shift rate 9.848911, FFT length 32768
Starting work for Doppler shift rate 9.850760, FFT length 131072
Starting work for Doppler shift rate 9.852609, FFT length 131072
Starting work for Doppler shift rate 9.854457, FFT length 131072
Starting work for Doppler shift rate 9.856306, FFT length 131072
Starting work for Doppler shift rate 9.856306, FFT length 65536
Starting work for Doppler shift rate 9.858154, FFT length 131072
Starting work for Doppler shift rate 9.860003, FFT length 131072
Starting work for Doppler shift rate 9.861852, FFT length 131072
Starting work for Doppler shift rate 9.863700, FFT length 131072
Starting work for Doppler shift rate 9.863700, FFT length 65536
Starting work for Doppler shift rate 9.865548, FFT length 131072
Starting work for Doppler shift rate 9.867397, FFT length 131072
Starting work for Doppler shift rate 9.869246, FFT length 131072
Starting work for Doppler shift rate 9.871094, FFT length 131072
Starting work for Doppler shift rate 9.871094, FFT length 65536
Starting work for Doppler shift rate 9.872942, FFT length 131072
Starting work for Doppler shift rate 9.874791, FFT length 131072
Starting work for Doppler shift rate 9.876639, FFT length 131072
Starting work for Doppler shift rate 9.878488, FFT length 131072
Starting work for Doppler shift rate 9.878488, FFT length 65536
Starting work for Doppler shift rate 9.878488, FFT length 32768
Starting work for Doppler shift rate 9.880337, FFT length 131072
Starting work for Doppler shift rate 9.882185, FFT length 131072
Starting work for Doppler shift rate 9.884033, FFT length 131072
Starting work for Doppler shift rate 9.885882, FFT length 131072
Starting work for Doppler shift rate 9.885882, FFT length 65536
Starting work for Doppler shift rate 9.887731, FFT length 131072
Starting work for Doppler shift rate 9.889579, FFT length 131072
Starting work for Doppler shift rate 9.891428, FFT length 131072
Starting work for Doppler shift rate 9.893276, FFT length 131072
Starting work for Doppler shift rate 9.893276, FFT length 65536
Starting work for Doppler shift rate 9.895124, FFT length 131072
Starting work for Doppler shift rate 9.896974, FFT length 131072
Starting work for Doppler shift rate 9.898822, FFT length 131072
Starting work for Doppler shift rate 9.900670, FFT length 131072
Starting work for Doppler shift rate 9.900670, FFT length 65536
Starting work for Doppler shift rate 9.902518, FFT length 131072
Starting work for Doppler shift rate 9.904367, FFT length 131072
Starting work for Doppler shift rate 9.906216, FFT length 131072
Starting work for Doppler shift rate 9.908064, FFT length 131072
Starting work for Doppler shift rate 9.908064, FFT length 65536
Starting work for Doppler shift rate 9.908064, FFT length 32768
Starting work for Doppler shift rate 9.909913, FFT length 131072
Starting work for Doppler shift rate 9.911761, FFT length 131072
Starting work for Doppler shift rate 9.913610, FFT length 131072
Starting work for Doppler shift rate 9.915459, FFT length 131072
Starting work for Doppler shift rate 9.915459, FFT length 65536
Starting work for Doppler shift rate 9.917307, FFT length 131072
Starting work for Doppler shift rate 9.919155, FFT length 131072
Starting work for Doppler shift rate 9.921004, FFT length 131072
Starting work for Doppler shift rate 9.922853, FFT length 131072
Starting work for Doppler shift rate 9.922853, FFT length 65536
Starting work for Doppler shift rate 9.924701, FFT length 131072
Starting work for Doppler shift rate 9.926550, FFT length 131072
Starting work for Doppler shift rate 9.928398, FFT length 131072
Starting work for Doppler shift rate 9.930246, FFT length 131072
Starting work for Doppler shift rate 9.930246, FFT length 65536
Starting work for Doppler shift rate 9.932095, FFT length 131072
Starting work for Doppler shift rate 9.933944, FFT length 131072
Starting work for Doppler shift rate 9.935792, FFT length 131072
Starting work for Doppler shift rate 9.937640, FFT length 131072
Starting work for Doppler shift rate 9.937640, FFT length 65536
Starting work for Doppler shift rate 9.937640, FFT length 32768
Starting work for Doppler shift rate 9.937640, FFT length 16384
... Searching for Gaussians
Starting work for Doppler shift rate 9.937640, FFT length 8192
... Searching for Gaussians
... Searching for Pulses
Starting work for Doppler shift rate 9.939489, FFT length 131072
Starting work for Doppler shift rate 9.941338, FFT length 131072
Starting work for Doppler shift rate 9.943186, FFT length 131072
Starting work for Doppler shift rate 9.945035, FFT length 131072
Starting work for Doppler shift rate 9.945035, FFT length 65536
Starting work for Doppler shift rate 9.946883, FFT length 131072
Starting work for Doppler shift rate 9.948731, FFT length 131072
Starting work for Doppler shift rate 9.950581, FFT length 131072
Starting work for Doppler shift rate 9.952429, FFT length 131072
Starting work for Doppler shift rate 9.952429, FFT length 65536
Starting work for Doppler shift rate 9.954277, FFT length 131072
Starting work for Doppler shift rate 9.956126, FFT length 131072
Starting work for Doppler shift rate 9.957974, FFT length 131072
Starting work for Doppler shift rate 9.959823, FFT length 131072
Starting work for Doppler shift rate 9.959823, FFT length 65536
Starting work for Doppler shift rate 9.961671, FFT length 131072
Starting work for Doppler shift rate 9.963520, FFT length 131072
Starting work for Doppler shift rate 9.965368, FFT length 131072
Starting work for Doppler shift rate 9.967216, FFT length 131072
Starting work for Doppler shift rate 9.967216, FFT length 65536
Starting work for Doppler shift rate 9.967216, FFT length 32768
Starting work for Doppler shift rate 9.969066, FFT length 131072
Starting work for Doppler shift rate 9.970914, FFT length 131072
Starting work for Doppler shift rate 9.972762, FFT length 131072
Starting work for Doppler shift rate 9.974611, FFT length 131072
Starting work for Doppler shift rate 9.974611, FFT length 65536
Starting work for Doppler shift rate 9.976460, FFT length 131072
Starting work for Doppler shift rate 9.978308, FFT length 131072
Starting work for Doppler shift rate 9.980157, FFT length 131072
Starting work for Doppler shift rate 9.982005, FFT length 131072
Starting work for Doppler shift rate 9.982005, FFT length 65536
Starting work for Doppler shift rate 9.983853, FFT length 131072
Starting work for Doppler shift rate 9.985703, FFT length 131072
Starting work for Doppler shift rate 9.987551, FFT length 131072
Starting work for Doppler shift rate 9.989399, FFT length 131072
Starting work for Doppler shift rate 9.989399, FFT length 65536
Starting work for Doppler shift rate 9.991247, FFT length 131072
Starting work for Doppler shift rate 9.993096, FFT length 131072
Starting work for Doppler shift rate 9.994945, FFT length 131072
Starting work for Doppler shift rate 9.996793, FFT length 131072
Starting work for Doppler shift rate 9.996793, FFT length 65536
Starting work for Doppler shift rate 9.996793, FFT length 32768
Starting work for Doppler shift rate 9.998642, FFT length 131072
Starting work for Doppler shift rate 10.000490, FFT length 131072
Starting work for Doppler shift rate 10.002338, FFT length 131072
Starting work for Doppler shift rate 10.004188, FFT length 131072
Starting work for Doppler shift rate 10.004188, FFT length 65536
Starting work for Doppler shift rate 10.006036, FFT length 131072
Starting work for Doppler shift rate 10.007884, FFT length 131072
Starting work for Doppler shift rate 10.009733, FFT length 131072
Starting work for Doppler shift rate 10.011581, FFT length 131072
Starting work for Doppler shift rate 10.011581, FFT length 65536
Starting work for Doppler shift rate 10.013430, FFT length 131072
Starting work for Doppler shift rate 10.015279, FFT length 131072
Starting work for Doppler shift rate 10.017127, FFT length 131072
Starting work for Doppler shift rate 10.018975, FFT length 131072
Starting work for Doppler shift rate 10.018975, FFT length 65536
Starting work for Doppler shift rate 10.020824, FFT length 131072
Starting work for Doppler shift rate 10.022673, FFT length 131072
Starting work for Doppler shift rate 10.024521, FFT length 131072
Starting work for Doppler shift rate 10.026369, FFT length 131072
Starting work for Doppler shift rate 10.026369, FFT length 65536
Starting work for Doppler shift rate 10.026369, FFT length 32768
Starting work for Doppler shift rate 10.028218, FFT length 131072
Starting work for Doppler shift rate 10.030066, FFT length 131072
Starting work for Doppler shift rate 10.031915, FFT length 131072
Starting work for Doppler shift rate 10.033764, FFT length 131072
Starting work for Doppler shift rate 10.033764, FFT length 65536
Starting work for Doppler shift rate 10.035612, FFT length 131072
Starting work for Doppler shift rate 10.037460, FFT length 131072
Starting work for Doppler shift rate 10.039310, FFT length 131072
Starting work for Doppler shift rate 10.041158, FFT length 131072
Starting work for Doppler shift rate 10.041158, FFT length 65536
Starting work for Doppler shift rate 10.043006, FFT length 131072
Starting work for Doppler shift rate 10.044855, FFT length 131072
Starting work for Doppler shift rate 10.046703, FFT length 131072
Starting work for Doppler shift rate 10.048552, FFT length 131072
Starting work for Doppler shift rate 10.048552, FFT length 65536
Starting work for Doppler shift rate 10.050401, FFT length 131072
Starting work for Doppler shift rate 10.052249, FFT length 131072
Starting work for Doppler shift rate 10.054097, FFT length 131072
Starting work for Doppler shift rate 10.055945, FFT length 131072
Starting work for Doppler shift rate 10.055945, FFT length 65536
Starting work for Doppler shift rate 10.055945, FFT length 32768
Starting work for Doppler shift rate 10.055945, FFT length 16384
... Searching for Gaussians
Starting work for Doppler shift rate 10.057795, FFT length 131072
Starting work for Doppler shift rate 10.059643, FFT length 131072
Starting work for Doppler shift rate 10.061491, FFT length 131072
Starting work for Doppler shift rate 10.063340, FFT length 131072
Starting work for Doppler shift rate 10.063340, FFT length 65536
Starting work for Doppler shift rate 10.065188, FFT length 131072
Starting work for Doppler shift rate 10.067037, FFT length 131072
Starting work for Doppler shift rate 10.068886, FFT length 131072
Starting work for Doppler shift rate 10.070734, FFT length 131072
Starting work for Doppler shift rate 10.070734, FFT length 65536
Starting work for Doppler shift rate 10.072582, FFT length 131072
Starting work for Doppler shift rate 10.074431, FFT length 131072
Starting work for Doppler shift rate 10.076280, FFT length 131072
Starting work for Doppler shift rate 10.078128, FFT length 131072
Starting work for Doppler shift rate 10.078128, FFT length 65536
Starting work for Doppler shift rate 10.079977, FFT length 131072
Starting work for Doppler shift rate 10.081825, FFT length 131072
Starting work for Doppler shift rate 10.083673, FFT length 131072
Starting work for Doppler shift rate 10.085522, FFT length 131072
Starting work for Doppler shift rate 10.085522, FFT length 65536
Starting work for Doppler shift rate 10.085522, FFT length 32768
Starting work for Doppler shift rate 10.087371, FFT length 131072
Starting work for Doppler shift rate 10.089219, FFT length 131072
Starting work for Doppler shift rate 10.091067, FFT length 131072
Starting work for Doppler shift rate 10.092916, FFT length 131072
Starting work for Doppler shift rate 10.092916, FFT length 65536
Starting work for Doppler shift rate 10.094765, FFT length 131072
Starting work for Doppler shift rate 10.096613, FFT length 131072
Starting work for Doppler shift rate 10.098462, FFT length 131072
Starting work for Doppler shift rate 10.100310, FFT length 131072
Starting work for Doppler shift rate 10.100310, FFT length 65536
Starting work for Doppler shift rate 10.102159, FFT length 131072
Starting work for Doppler shift rate 10.104008, FFT length 131072
Starting work for Doppler shift rate 10.105856, FFT length 131072
Starting work for Doppler shift rate 10.107704, FFT length 131072
Starting work for Doppler shift rate 10.107704, FFT length 65536
Starting work for Doppler shift rate 10.109553, FFT length 131072
Starting work for Doppler shift rate 10.111402, FFT length 131072
Starting work for Doppler shift rate 10.113250, FFT length 131072
Starting work for Doppler shift rate 10.115098, FFT length 131072
Starting work for Doppler shift rate 10.115098, FFT length 65536
Starting work for Doppler shift rate 10.115098, FFT length 32768
Starting work for Doppler shift rate 10.116947, FFT length 131072
Starting work for Doppler shift rate 10.118795, FFT length 131072
Starting work for Doppler shift rate 10.120644, FFT length 131072
Starting work for Doppler shift rate 10.122493, FFT length 131072
24.375258% done
Starting work for Doppler shift rate 10.122493, FFT length 65536
Starting work for Doppler shift rate 10.124341, FFT length 131072
Starting work for Doppler shift rate 10.126189, FFT length 131072
Starting work for Doppler shift rate 10.128038, FFT length 131072
Starting work for Doppler shift rate 10.129887, FFT length 131072
Starting work for Doppler shift rate 10.129887, FFT length 65536
Starting work for Doppler shift rate 10.131735, FFT length 131072
Starting work for Doppler shift rate 10.133584, FFT length 131072
Starting work for Doppler shift rate 10.135432, FFT length 131072
Starting work for Doppler shift rate 10.137280, FFT length 131072
Starting work for Doppler shift rate 10.137280, FFT length 65536
Starting work for Doppler shift rate 10.139130, FFT length 131072
Starting work for Doppler shift rate 10.140978, FFT length 131072
Starting work for Doppler shift rate 10.142826, FFT length 131072
Starting work for Doppler shift rate 10.144674, FFT length 131072
Starting work for Doppler shift rate 10.144674, FFT length 65536
Starting work for Doppler shift rate 10.144674, FFT length 32768
Starting work for Doppler shift rate 10.146523, FFT length 131072
Starting work for Doppler shift rate 10.148372, FFT length 131072
Starting work for Doppler shift rate 10.150220, FFT length 131072
Starting work for Doppler shift rate 10.152069, FFT length 131072
Starting work for Doppler shift rate 10.152069, FFT length 65536
Starting work for Doppler shift rate 10.153917, FFT length 131072
Starting work for Doppler shift rate 10.155766, FFT length 131072
Starting work for Doppler shift rate 10.157615, FFT length 131072
Starting work for Doppler shift rate 10.159463, FFT length 131072
Starting work for Doppler shift rate 10.159463, FFT length 65536
Starting work for Doppler shift rate 10.161311, FFT length 131072
Starting work for Doppler shift rate 10.163160, FFT length 131072
Starting work for Doppler shift rate 10.165009, FFT length 131072
Starting work for Doppler shift rate 10.166857, FFT length 131072
Starting work for Doppler shift rate 10.166857, FFT length 65536
Starting work for Doppler shift rate 10.168706, FFT length 131072
Starting work for Doppler shift rate 10.170554, FFT length 131072
Starting work for Doppler shift rate 10.172402, FFT length 131072
Starting work for Doppler shift rate 10.174251, FFT length 131072
Starting work for Doppler shift rate 10.174251, FFT length 65536
Starting work for Doppler shift rate 10.174251, FFT length 32768
Starting work for Doppler shift rate 10.174251, FFT length 16384
... Searching for Gaussians
Starting work for Doppler shift rate 10.176100, FFT length 131072
Starting work for Doppler shift rate 10.177948, FFT length 131072
Starting work for Doppler shift rate 10.179796, FFT length 131072
Starting work for Doppler shift rate 10.181645, FFT length 131072
Starting work for Doppler shift rate 10.181645, FFT length 65536
Starting work for Doppler shift rate 10.183494, FFT length 131072
Starting work for Doppler shift rate 10.185342, FFT length 131072
Starting work for Doppler shift rate 10.187191, FFT length 131072
Starting work for Doppler shift rate 10.189039, FFT length 131072
Starting work for Doppler shift rate 10.189039, FFT length 65536
Starting work for Doppler shift rate 10.190887, FFT length 131072
Starting work for Doppler shift rate 10.192737, FFT length 131072
Starting work for Doppler shift rate 10.194585, FFT length 131072
Starting work for Doppler shift rate 10.196433, FFT length 131072
Starting work for Doppler shift rate 10.196433, FFT length 65536
Starting work for Doppler shift rate 10.198282, FFT length 131072
Starting work for Doppler shift rate 10.200130, FFT length 131072
Starting work for Doppler shift rate 10.201979, FFT length 131072
Starting work for Doppler shift rate 10.203828, FFT length 131072
Starting work for Doppler shift rate 10.203828, FFT length 65536
Starting work for Doppler shift rate 10.203828, FFT length 32768
Starting work for Doppler shift rate 10.205676, FFT length 131072
Starting work for Doppler shift rate 10.207524, FFT length 131072
Starting work for Doppler shift rate 10.209373, FFT length 131072
Starting work for Doppler shift rate 10.211222, FFT length 131072
Starting work for Doppler shift rate 10.211222, FFT length 65536
Starting work for Doppler shift rate 10.213070, FFT length 131072
Starting work for Doppler shift rate 10.214918, FFT length 131072
Starting work for Doppler shift rate 10.216767, FFT length 131072
Starting work for Doppler shift rate 10.218616, FFT length 131072
Starting work for Doppler shift rate 10.218616, FFT length 65536
Starting work for Doppler shift rate 10.220464, FFT length 131072
Starting work for Doppler shift rate 10.222313, FFT length 131072
Starting work for Doppler shift rate 10.224161, FFT length 131072
Starting work for Doppler shift rate 10.226009, FFT length 131072
Starting work for Doppler shift rate 10.226009, FFT length 65536
Starting work for Doppler shift rate 10.227859, FFT length 131072
Starting work for Doppler shift rate 10.229707, FFT length 131072
Starting work for Doppler shift rate 10.231555, FFT length 131072
Starting work for Doppler shift rate 10.233404, FFT length 131072
Starting work for Doppler shift rate 10.233404, FFT length 65536
Starting work for Doppler shift rate 10.233404, FFT length 32768
Starting work for Doppler shift rate 10.235252, FFT length 131072
Starting work for Doppler shift rate 10.237101, FFT length 131072
Starting work for Doppler shift rate 10.238949, FFT length 131072
Starting work for Doppler shift rate 10.240798, FFT length 131072
Starting work for Doppler shift rate 10.240798, FFT length 65536
Starting work for Doppler shift rate 10.242646, FFT length 131072
Starting work for Doppler shift rate 10.244494, FFT length 131072
Starting work for Doppler shift rate 10.246344, FFT length 131072
Starting work for Doppler shift rate 10.248192, FFT length 131072
Starting work for Doppler shift rate 10.248192, FFT length 65536
Starting work for Doppler shift rate 10.250040, FFT length 131072
Starting work for Doppler shift rate 10.251889, FFT length 131072
Starting work for Doppler shift rate 10.253737, FFT length 131072
Starting work for Doppler shift rate 10.255586, FFT length 131072
Starting work for Doppler shift rate 10.255586, FFT length 65536
Starting work for Doppler shift rate 10.257435, FFT length 131072
Starting work for Doppler shift rate 10.259283, FFT length 131072
Starting work for Doppler shift rate 10.261131, FFT length 131072
Starting work for Doppler shift rate 10.262980, FFT length 131072
Starting work for Doppler shift rate 10.262980, FFT length 65536
Starting work for Doppler shift rate 10.262980, FFT length 32768
Starting work for Doppler shift rate 10.264829, FFT length 131072
Starting work for Doppler shift rate 10.266677, FFT length 131072
Starting work for Doppler shift rate 10.268525, FFT length 131072
Starting work for Doppler shift rate 10.270374, FFT length 131072
Starting work for Doppler shift rate 10.270374, FFT length 65536
Starting work for Doppler shift rate 10.272223, FFT length 131072
Starting work for Doppler shift rate 10.274071, FFT length 131072
Starting work for Doppler shift rate 10.275920, FFT length 131072
Starting work for Doppler shift rate 10.277768, FFT length 131072
Starting work for Doppler shift rate 10.277768, FFT length 65536
Starting work for Doppler shift rate 10.279616, FFT length 131072
Starting work for Doppler shift rate 10.281466, FFT length 131072
Starting work for Doppler shift rate 10.283314, FFT length 131072
Starting work for Doppler shift rate 10.285162, FFT length 131072
Starting work for Doppler shift rate 10.285162, FFT length 65536
Starting work for Doppler shift rate 10.287011, FFT length 131072
Starting work for Doppler shift rate 10.288859, FFT length 131072
Starting work for Doppler shift rate 10.290708, FFT length 131072
Starting work for Doppler shift rate 10.292557, FFT length 131072
Starting work for Doppler shift rate 10.292557, FFT length 65536
Starting work for Doppler shift rate 10.292557, FFT length 32768
Starting work for Doppler shift rate 10.292557, FFT length 16384
... Searching for Gaussians
Starting work for Doppler shift rate 10.294405, FFT length 131072
Starting work for Doppler shift rate 10.296253, FFT length 131072
Starting work for Doppler shift rate 10.298101, FFT length 131072
Starting work for Doppler shift rate 10.299951, FFT length 131072
Starting work for Doppler shift rate 10.299951, FFT length 65536
Starting work for Doppler shift rate 10.301799, FFT length 131072
Starting work for Doppler shift rate 10.303647, FFT length 131072
Starting work for Doppler shift rate 10.305496, FFT length 131072
Starting work for Doppler shift rate 10.307344, FFT length 131072
Starting work for Doppler shift rate 10.307344, FFT length 65536
Starting work for Doppler shift rate 10.309193, FFT length 131072
Starting work for Doppler shift rate 10.311042, FFT length 131072
Starting work for Doppler shift rate 10.312890, FFT length 131072
Starting work for Doppler shift rate 10.314738, FFT length 131072
Starting work for Doppler shift rate 10.314738, FFT length 65536
Starting work for Doppler shift rate 10.316587, FFT length 131072
Starting work for Doppler shift rate 10.318436, FFT length 131072
Starting work for Doppler shift rate 10.320284, FFT length 131072
Starting work for Doppler shift rate 10.322133, FFT length 131072
Starting work for Doppler shift rate 10.322133, FFT length 65536
Starting work for Doppler shift rate 10.322133, FFT length 32768
Starting work for Doppler shift rate 10.323981, FFT length 131072
Starting work for Doppler shift rate 10.325830, FFT length 131072
Starting work for Doppler shift rate 10.327678, FFT length 131072
Starting work for Doppler shift rate 10.329527, FFT length 131072
Starting work for Doppler shift rate 10.329527, FFT length 65536
Starting work for Doppler shift rate 10.331375, FFT length 131072
Starting work for Doppler shift rate 10.333223, FFT length 131072
Starting work for Doppler shift rate 10.335073, FFT length 131072
Starting work for Doppler shift rate 10.336921, FFT length 131072
Starting work for Doppler shift rate 10.336921, FFT length 65536
Starting work for Doppler shift rate 10.338769, FFT length 131072
Starting work for Doppler shift rate 10.340618, FFT length 131072
Starting work for Doppler shift rate 10.342466, FFT length 131072
Starting work for Doppler shift rate 10.344315, FFT length 131072
Starting work for Doppler shift rate 10.344315, FFT length 65536
Starting work for Doppler shift rate 10.346164, FFT length 131072
Starting work for Doppler shift rate 10.348012, FFT length 131072
Starting work for Doppler shift rate 10.349860, FFT length 131072
Starting work for Doppler shift rate 10.351709, FFT length 131072
Starting work for Doppler shift rate 10.351709, FFT length 65536
Starting work for Doppler shift rate 10.351709, FFT length 32768
Starting work for Doppler shift rate 10.353558, FFT length 131072
Starting work for Doppler shift rate 10.355406, FFT length 131072
Starting work for Doppler shift rate 10.357254, FFT length 131072
Starting work for Doppler shift rate 10.359103, FFT length 131072
Starting work for Doppler shift rate 10.359103, FFT length 65536
Starting work for Doppler shift rate 10.360951, FFT length 131072
Starting work for Doppler shift rate 10.362800, FFT length 131072
Starting work for Doppler shift rate 10.364649, FFT length 131072
Starting work for Doppler shift rate 10.366497, FFT length 131072
Starting work for Doppler shift rate 10.366497, FFT length 65536
Starting work for Doppler shift rate 10.368345, FFT length 131072
Starting work for Doppler shift rate 10.370194, FFT length 131072
Starting work for Doppler shift rate 10.372043, FFT length 131072
Starting work for Doppler shift rate 10.373891, FFT length 131072
Starting work for Doppler shift rate 10.373891, FFT length 65536
Starting work for Doppler shift rate 10.375740, FFT length 131072
Starting work for Doppler shift rate 10.377588, FFT length 131072
Starting work for Doppler shift rate 10.379436, FFT length 131072
Starting work for Doppler shift rate 10.381286, FFT length 131072
Starting work for Doppler shift rate 10.381286, FFT length 65536
Starting work for Doppler shift rate 10.381286, FFT length 32768
Starting work for Doppler shift rate 10.383134, FFT length 131072
Starting work for Doppler shift rate 10.384982, FFT length 131072
Starting work for Doppler shift rate 10.386831, FFT length 131072
Starting work for Doppler shift rate 10.388680, FFT length 131072
Starting work for Doppler shift rate 10.388680, FFT length 65536
Starting work for Doppler shift rate 10.390528, FFT length 131072
Starting work for Doppler shift rate 10.392376, FFT length 131072
Starting work for Doppler shift rate 10.394225, FFT length 131072
Starting work for Doppler shift rate 10.396073, FFT length 131072
Starting work for Doppler shift rate 10.396073, FFT length 65536
Starting work for Doppler shift rate 10.397922, FFT length 131072
Starting work for Doppler shift rate 10.399771, FFT length 131072
Starting work for Doppler shift rate 10.401619, FFT length 131072
Starting work for Doppler shift rate 10.403467, FFT length 131072
Starting work for Doppler shift rate 10.403467, FFT length 65536
Starting work for Doppler shift rate 10.405316, FFT length 131072
Starting work for Doppler shift rate 10.407165, FFT length 131072
Starting work for Doppler shift rate 10.409013, FFT length 131072
Starting work for Doppler shift rate 10.410862, FFT length 131072
Starting work for Doppler shift rate 10.410862, FFT length 65536
Starting work for Doppler shift rate 10.410862, FFT length 32768
Starting work for Doppler shift rate 10.410862, FFT length 16384
... Searching for Gaussians
Starting work for Doppler shift rate 10.410862, FFT length 8192
... Searching for Gaussians
... Searching for Pulses
Starting work for Doppler shift rate 10.412710, FFT length 131072
Starting work for Doppler shift rate 10.414558, FFT length 131072
Starting work for Doppler shift rate 10.416408, FFT length 131072
Starting work for Doppler shift rate 10.418256, FFT length 131072
Starting work for Doppler shift rate 10.418256, FFT length 65536
Starting work for Doppler shift rate 10.420104, FFT length 131072
Starting work for Doppler shift rate 10.421952, FFT length 131072
Starting work for Doppler shift rate 10.423801, FFT length 131072
Starting work for Doppler shift rate 10.425650, FFT length 131072
Starting work for Doppler shift rate 10.425650, FFT length 65536
Starting work for Doppler shift rate 10.427498, FFT length 131072
Starting work for Doppler shift rate 10.429347, FFT length 131072
Starting work for Doppler shift rate 10.431195, FFT length 131072
Starting work for Doppler shift rate 10.433043, FFT length 131072
Starting work for Doppler shift rate 10.433043, FFT length 65536
Starting work for Doppler shift rate 10.434893, FFT length 131072
Starting work for Doppler shift rate 10.436741, FFT length 131072
Starting work for Doppler shift rate 10.438589, FFT length 131072
Starting work for Doppler shift rate 10.440438, FFT length 131072
Starting work for Doppler shift rate 10.440438, FFT length 65536
Starting work for Doppler shift rate 10.440438, FFT length 32768
Starting work for Doppler shift rate 10.442286, FFT length 131072
Starting work for Doppler shift rate 10.444135, FFT length 131072
Starting work for Doppler shift rate 10.445984, FFT length 131072
Starting work for Doppler shift rate 10.447832, FFT length 131072
Starting work for Doppler shift rate 10.447832, FFT length 65536
Starting work for Doppler shift rate 10.449680, FFT length 131072
Starting work for Doppler shift rate 10.451529, FFT length 131072
Starting work for Doppler shift rate 10.453378, FFT length 131072
Starting work for Doppler shift rate 10.455226, FFT length 131072
Starting work for Doppler shift rate 10.455226, FFT length 65536
Starting work for Doppler shift rate 10.457074, FFT length 131072
Starting work for Doppler shift rate 10.458923, FFT length 131072
Starting work for Doppler shift rate 10.460772, FFT length 131072
Starting work for Doppler shift rate 10.462620, FFT length 131072
Starting work for Doppler shift rate 10.462620, FFT length 65536
Starting work for Doppler shift rate 10.464469, FFT length 131072
Starting work for Doppler shift rate 10.466317, FFT length 131072
Starting work for Doppler shift rate 10.468165, FFT length 131072
Starting work for Doppler shift rate 10.470015, FFT length 131072
Starting work for Doppler shift rate 10.470015, FFT length 65536
Starting work for Doppler shift rate 10.470015, FFT length 32768
Starting work for Doppler shift rate 10.471863, FFT length 131072
Starting work for Doppler shift rate 10.473711, FFT length 131072
Starting work for Doppler shift rate 10.475560, FFT length 131072
Starting work for Doppler shift rate 10.477408, FFT length 131072
Starting work for Doppler shift rate 10.477408, FFT length 65536
Starting work for Doppler shift rate 10.479257, FFT length 131072
Starting work for Doppler shift rate 10.481105, FFT length 131072
Starting work for Doppler shift rate 10.482954, FFT length 131072
Starting work for Doppler shift rate 10.484802, FFT length 131072
Starting work for Doppler shift rate 10.484802, FFT length 65536
Starting work for Doppler shift rate 10.486650, FFT length 131072
Starting work for Doppler shift rate 10.488500, FFT length 131072
Starting work for Doppler shift rate 10.490348, FFT length 131072
Starting work for Doppler shift rate 10.492196, FFT length 131072
Starting work for Doppler shift rate 10.492196, FFT length 65536
Starting work for Doppler shift rate 10.494045, FFT length 131072
Starting work for Doppler shift rate 10.495893, FFT length 131072
Starting work for Doppler shift rate 10.497742, FFT length 131072
Starting work for Doppler shift rate 10.499591, FFT length 131072
Starting work for Doppler shift rate 10.499591, FFT length 65536
Starting work for Doppler shift rate 10.499591, FFT length 32768
Starting work for Doppler shift rate 10.501439, FFT length 131072
Starting work for Doppler shift rate 10.503287, FFT length 131072
Starting work for Doppler shift rate 10.505136, FFT length 131072
Starting work for Doppler shift rate 10.506985, FFT length 131072
Starting work for Doppler shift rate 10.506985, FFT length 65536
Starting work for Doppler shift rate 10.508833, FFT length 131072
Starting work for Doppler shift rate 10.510681, FFT length 131072
Starting work for Doppler shift rate 10.512530, FFT length 131072
Starting work for Doppler shift rate 10.514379, FFT length 131072
Starting work for Doppler shift rate 10.514379, FFT length 65536
Starting work for Doppler shift rate 10.516227, FFT length 131072
Starting work for Doppler shift rate 10.518076, FFT length 131072
Starting work for Doppler shift rate 10.519924, FFT length 131072
Starting work for Doppler shift rate 10.521772, FFT length 131072
Starting work for Doppler shift rate 10.521772, FFT length 65536
Starting work for Doppler shift rate 10.523622, FFT length 131072
Starting work for Doppler shift rate 10.525470, FFT length 131072
Starting work for Doppler shift rate 10.527318, FFT length 131072
Starting work for Doppler shift rate 10.529167, FFT length 131072
Starting work for Doppler shift rate 10.529167, FFT length 65536
Starting work for Doppler shift rate 10.529167, FFT length 32768
Starting work for Doppler shift rate 10.529167, FFT length 16384
... Searching for Gaussians
