2026/08/12 03:26:28.781, 1723, 386
2026/08/12 03:26:30.784, 1723, 386
2026/08/12 03:26:32.785, 1723, 1550
2026/08/12 03:26:34.787, 1723, 17372
2026/08/12 03:26:36.789, 1723, 17372
2026/08/12 03:26:38.790, 1723, 19718
2026/08/12 03:26:40.791, 1723, 19718
2026/08/12 03:26:42.793, 1723, 19718
2026/08/12 03:26:44.794, 1723, 19718
2026/08/12 03:26:46.795, 1723, 19718
2026/08/12 03:26:48.797, 1723, 19718
2026/08/12 03:26:50.799, 1723, 19718
2026/08/12 03:26:52.800, 1723, 19718
2026/08/12 03:26:54.801, 1723, 19718
2026/08/12 03:26:56.802, 1723, 19718
2026/08/12 03:26:58.803, 1723, 19718
2026/08/12 03:27:00.805, 1723, 19718
2026/08/12 03:27:02.806, 1723, 19718
2026/08/12 03:27:04.808, 1723, 19718
2026/08/12 03:27:06.809, 1723, 19718
2026/08/12 03:27:08.810, 1723, 19718
2026/08/12 03:27:10.812, 1723, 19718
2026/08/12 03:27:12.813, 1723, 19718
2026/08/12 03:27:14.814, 1723, 19718
2026/08/12 03:27:16.816, 1723, 19718
2026/08/12 03:27:18.817, 1723, 19718
2026/08/12 03:27:20.818, 1723, 19718
2026/08/12 03:27:22.819, 1723, 19718
2026/08/12 03:27:24.821, 1723, 19718
2026/08/12 03:27:26.823, 1723, 19718
2026/08/12 03:27:28.824, 1723, 19718
2026/08/12 03:27:30.824, 1723, 19718
2026/08/12 03:27:32.826, 1723, 19718
2026/08/12 03:27:34.828, 1723, 19718
2026/08/12 03:27:36.829, 1723, 19718
2026/08/12 03:27:38.831, 1723, 19718
2026/08/12 03:27:40.833, 1723, 19718
2026/08/12 03:27:42.834, 1723, 19718
2026/08/12 03:27:44.835, 1723, 19718
2026/08/12 03:27:46.836, 1723, 19718
2026/08/12 03:27:48.838, 1723, 19718
2026/08/12 03:27:50.839, 1723, 19718
2026/08/12 03:27:52.844, 1723, 19718
2026/08/12 03:27:54.845, 1723, 19718
2026/08/12 03:27:56.847, 1723, 19718
2026/08/12 03:27:58.848, 1723, 19718
2026/08/12 03:28:00.849, 1723, 19718
2026/08/12 03:28:02.850, 1723, 19718
2026/08/12 03:28:04.851, 1723, 19718
2026/08/12 03:28:06.852, 1723, 19718
2026/08/12 03:28:08.854, 1723, 19718
2026/08/12 03:28:10.855, 1723, 19718
2026/08/12 03:28:12.856, 1723, 19718
2026/08/12 03:28:14.857, 1723, 19718
2026/08/12 03:28:16.859, 1723, 19718
2026/08/12 03:28:18.860, 1723, 19718
2026/08/12 03:28:20.862, 1723, 19718
2026/08/12 03:28:22.863, 1723, 19718
2026/08/12 03:28:24.864, 1723, 19718
2026/08/12 03:28:26.865, 1723, 19718
2026/08/12 03:28:28.867, 1723, 19718
2026/08/12 03:28:30.868, 1723, 19718
2026/08/12 03:28:32.869, 1723, 19718
2026/08/12 03:28:34.871, 1723, 19718
2026/08/12 03:28:36.872, 1723, 19718
2026/08/12 03:28:38.873, 1723, 19718
2026/08/12 03:28:40.874, 1723, 19718
2026/08/12 03:28:42.875, 1723, 19718
2026/08/12 03:28:44.877, 1723, 19718
2026/08/12 03:28:46.878, 1723, 19718
2026/08/12 03:28:48.879, 1723, 19718
2026/08/12 03:28:50.880, 1723, 19718
2026/08/12 03:28:52.882, 1723, 19718
2026/08/12 03:28:54.883, 1723, 19718
2026/08/12 03:28:56.884, 1723, 19718
2026/08/12 03:28:58.885, 1723, 19718
2026/08/12 03:29:00.886, 1723, 19718
2026/08/12 03:29:02.887, 1723, 19718
2026/08/12 03:29:04.889, 1723, 19718
2026/08/12 03:29:06.890, 1723, 19718
2026/08/12 03:29:08.892, 1723, 19718
2026/08/12 03:29:10.893, 1723, 19718
2026/08/12 03:29:12.894, 1723, 19718
2026/08/12 03:29:14.896, 1723, 19718
2026/08/12 03:29:16.897, 1723, 19718
2026/08/12 03:29:18.899, 1723, 19718
2026/08/12 03:29:20.900, 1723, 19718
2026/08/12 03:29:22.901, 1723, 19718
2026/08/12 03:29:24.903, 1723, 19718
2026/08/12 03:29:26.904, 1723, 19718
2026/08/12 03:29:28.906, 1723, 19718
2026/08/12 03:29:30.907, 1723, 19718
2026/08/12 03:29:32.907, 1723, 19718
2026/08/12 03:29:34.908, 1723, 19718
2026/08/12 03:29:36.910, 1723, 19718
2026/08/12 03:29:38.911, 1723, 19718
2026/08/12 03:29:40.912, 1723, 19718
2026/08/12 03:29:42.913, 1723, 19718
2026/08/12 03:29:44.915, 1723, 19718
2026/08/12 03:29:46.916, 1723, 19718
2026/08/12 03:29:48.918, 1723, 19718
2026/08/12 03:29:50.919, 1723, 19718
2026/08/12 03:29:52.920, 1723, 19718
2026/08/12 03:29:54.922, 1723, 19718
2026/08/12 03:29:56.923, 1723, 19718
2026/08/12 03:29:58.925, 1723, 19718
2026/08/12 03:30:00.926, 1723, 19718
2026/08/12 03:30:02.928, 1723, 19718
2026/08/12 03:30:04.930, 1723, 19718
2026/08/12 03:30:06.931, 1723, 19718
2026/08/12 03:30:08.932, 1723, 19718
2026/08/12 03:30:10.933, 1723, 19718
2026/08/12 03:30:12.935, 1723, 19718
2026/08/12 03:30:14.936, 1723, 19718
2026/08/12 03:30:16.938, 1723, 19718
2026/08/12 03:30:18.939, 1723, 19718
2026/08/12 03:30:20.940, 1723, 19718
2026/08/12 03:30:22.948, 1723, 19718
2026/08/12 03:30:24.949, 1723, 19718
2026/08/12 03:30:26.951, 1723, 19718
2026/08/12 03:30:28.952, 1723, 19718
2026/08/12 03:30:30.954, 1723, 19718
2026/08/12 03:30:32.955, 1723, 19718
2026/08/12 03:30:34.957, 1723, 19718
2026/08/12 03:30:36.959, 1723, 19718
2026/08/12 03:30:38.960, 1723, 19718
2026/08/12 03:30:40.961, 1723, 19718
2026/08/12 03:30:42.963, 1723, 19718
2026/08/12 03:30:44.964, 1723, 19718
2026/08/12 03:30:46.966, 1723, 19718
2026/08/12 03:30:48.967, 1723, 19718
2026/08/12 03:30:50.968, 1723, 19718
2026/08/12 03:30:52.969, 1723, 19718
2026/08/12 03:30:54.970, 1723, 19718
2026/08/12 03:30:56.972, 1723, 19718
2026/08/12 03:30:58.973, 1723, 19718
2026/08/12 03:31:00.975, 1723, 19718
2026/08/12 03:31:02.976, 1723, 19718
2026/08/12 03:31:04.977, 1723, 19718
2026/08/12 03:31:06.979, 1723, 19718
2026/08/12 03:31:08.979, 1723, 19718
2026/08/12 03:31:10.980, 1723, 19718
2026/08/12 03:31:12.981, 1723, 19718
2026/08/12 03:31:14.982, 1723, 19718
2026/08/12 03:31:16.983, 1723, 19718
2026/08/12 03:31:18.984, 1723, 19718
2026/08/12 03:31:20.986, 1723, 19718
2026/08/12 03:31:22.987, 1723, 19718
2026/08/12 03:31:24.988, 1723, 19718
2026/08/12 03:31:26.990, 1723, 19718
2026/08/12 03:31:28.991, 1723, 19718
2026/08/12 03:31:30.993, 1723, 19718
2026/08/12 03:31:32.994, 1723, 19718
2026/08/12 03:31:34.996, 1723, 19718
2026/08/12 03:31:36.997, 1723, 19718
2026/08/12 03:31:38.998, 1723, 19718
2026/08/12 03:31:40.999, 1723, 19718
2026/08/12 03:31:43.001, 1723, 19718
2026/08/12 03:31:45.002, 1723, 19718
2026/08/12 03:31:47.003, 1723, 19718
2026/08/12 03:31:49.005, 1723, 19718
2026/08/12 03:31:51.006, 1723, 19718
2026/08/12 03:31:53.008, 1723, 19718
2026/08/12 03:31:55.009, 1723, 19718
2026/08/12 03:31:57.010, 1723, 19718
2026/08/12 03:31:59.011, 1723, 19718
2026/08/12 03:32:01.013, 1723, 19718
2026/08/12 03:32:03.014, 1723, 19718
2026/08/12 03:32:05.015, 1723, 19718
2026/08/12 03:32:07.017, 1723, 19718
2026/08/12 03:32:09.018, 1723, 19718
2026/08/12 03:32:11.020, 1723, 19718
2026/08/12 03:32:13.021, 1723, 19718
2026/08/12 03:32:15.023, 1723, 19718
2026/08/12 03:32:17.024, 1723, 19718
2026/08/12 03:32:19.025, 1723, 19718
2026/08/12 03:32:21.027, 1723, 19718
2026/08/12 03:32:23.028, 1723, 19718
2026/08/12 03:32:25.029, 1723, 19718
2026/08/12 03:32:27.031, 1723, 19718
2026/08/12 03:32:29.032, 1723, 19718
2026/08/12 03:32:31.033, 1723, 19718
2026/08/12 03:32:33.034, 1723, 19718
2026/08/12 03:32:35.035, 1723, 19718
2026/08/12 03:32:37.036, 1723, 19718
2026/08/12 03:32:39.038, 1723, 19718
2026/08/12 03:32:41.039, 1723, 19718
2026/08/12 03:32:43.041, 1723, 19718
2026/08/12 03:32:45.042, 1723, 19718
2026/08/12 03:32:47.043, 1723, 19718
2026/08/12 03:32:49.045, 1723, 19718
2026/08/12 03:32:51.046, 1723, 19718
2026/08/12 03:32:53.047, 1723, 19718
2026/08/12 03:32:55.048, 1723, 19718
2026/08/12 03:32:57.049, 1723, 19718
2026/08/12 03:32:59.050, 1723, 19718
2026/08/12 03:33:01.052, 1723, 19718
2026/08/12 03:33:03.053, 1723, 19718
2026/08/12 03:33:05.055, 1723, 19718
2026/08/12 03:33:07.056, 1723, 19718
2026/08/12 03:33:09.058, 1723, 19718
2026/08/12 03:33:11.059, 1723, 19718
2026/08/12 03:33:13.060, 1723, 19718
2026/08/12 03:33:15.062, 1723, 19718
2026/08/12 03:33:17.063, 1723, 19718
2026/08/12 03:33:19.065, 1723, 19718
2026/08/12 03:33:21.066, 1723, 19718
2026/08/12 03:33:23.067, 1723, 19718
2026/08/12 03:33:25.069, 1723, 19718
2026/08/12 03:33:27.070, 1723, 19718
2026/08/12 03:33:29.071, 1723, 19718
2026/08/12 03:33:31.073, 1723, 19718
2026/08/12 03:33:33.074, 1723, 19718
2026/08/12 03:33:35.076, 1723, 19718
2026/08/12 03:33:37.077, 1723, 19718
2026/08/12 03:33:39.078, 1723, 19718
2026/08/12 03:33:41.079, 1723, 19718
2026/08/12 03:33:43.080, 1723, 19718
2026/08/12 03:33:45.082, 1723, 19718
2026/08/12 03:33:47.084, 1723, 19718
2026/08/12 03:33:49.085, 1723, 19718
2026/08/12 03:33:51.086, 1723, 19718
2026/08/12 03:33:53.087, 1723, 19718
2026/08/12 03:33:55.089, 1723, 19718
2026/08/12 03:33:57.090, 1723, 19718
2026/08/12 03:33:59.092, 1723, 19718
2026/08/12 03:34:01.093, 1723, 19718
2026/08/12 03:34:03.095, 1723, 19718
2026/08/12 03:34:05.096, 1723, 19718
2026/08/12 03:34:07.098, 1723, 19718
2026/08/12 03:34:09.099, 1723, 19718
2026/08/12 03:34:11.101, 1723, 19718
2026/08/12 03:34:13.102, 1723, 19718
2026/08/12 03:34:15.103, 1723, 19718
2026/08/12 03:34:17.105, 1723, 19718
2026/08/12 03:34:19.106, 1723, 19718
2026/08/12 03:34:21.108, 1723, 19718
2026/08/12 03:34:23.109, 1723, 19718
2026/08/12 03:34:25.110, 1723, 19718
2026/08/12 03:34:27.111, 1723, 19718
2026/08/12 03:34:29.113, 1723, 19718
2026/08/12 03:34:31.114, 1723, 19718
2026/08/12 03:34:33.115, 1723, 19718
2026/08/12 03:34:35.116, 1723, 19718
2026/08/12 03:34:37.117, 1723, 19718
2026/08/12 03:34:39.119, 1723, 19718
2026/08/12 03:34:41.121, 1723, 19718
2026/08/12 03:34:43.122, 1723, 19718
2026/08/12 03:34:45.123, 1723, 19718
2026/08/12 03:34:47.123, 1723, 19718
2026/08/12 03:34:49.124, 1723, 19718
2026/08/12 03:34:51.125, 1723, 19718
2026/08/12 03:34:53.126, 1723, 19718
2026/08/12 03:34:55.127, 1723, 19718
2026/08/12 03:34:57.128, 1723, 19718
2026/08/12 03:34:59.130, 1723, 19718
2026/08/12 03:35:01.132, 1723, 19718
2026/08/12 03:35:03.133, 1723, 19718
2026/08/12 03:35:05.135, 1723, 19718
2026/08/12 03:35:07.136, 1723, 19718
2026/08/12 03:35:09.137, 1723, 19718
2026/08/12 03:35:11.138, 1723, 19718
2026/08/12 03:35:13.139, 1723, 19718
2026/08/12 03:35:15.140, 1723, 19718
2026/08/12 03:35:17.142, 1723, 19718
2026/08/12 03:35:19.143, 1723, 19718
2026/08/12 03:35:21.145, 1723, 19718
2026/08/12 03:35:23.146, 1723, 19718
2026/08/12 03:35:25.146, 1723, 19718
2026/08/12 03:35:27.148, 1723, 19718
2026/08/12 03:35:29.149, 1723, 19718
2026/08/12 03:35:31.151, 1723, 19718
2026/08/12 03:35:33.152, 1723, 19718
2026/08/12 03:35:35.153, 1723, 19718
2026/08/12 03:35:37.155, 1723, 19718
2026/08/12 03:35:39.156, 1723, 19718
2026/08/12 03:35:41.157, 1723, 19718
2026/08/12 03:35:43.158, 1723, 19718
2026/08/12 03:35:45.159, 1723, 19718
2026/08/12 03:35:47.160, 1723, 19718
2026/08/12 03:35:49.160, 1723, 19718
2026/08/12 03:35:51.162, 1723, 19718
2026/08/12 03:35:53.163, 1723, 19718
2026/08/12 03:35:55.164, 1723, 19718
2026/08/12 03:35:57.166, 1723, 19718
2026/08/12 03:35:59.167, 1723, 19718
2026/08/12 03:36:01.168, 1723, 19718
2026/08/12 03:36:03.170, 1723, 19718
2026/08/12 03:36:05.171, 1723, 19718
2026/08/12 03:36:07.172, 1723, 19718
2026/08/12 03:36:09.173, 1723, 19718
2026/08/12 03:36:11.175, 1723, 19718
2026/08/12 03:36:13.176, 1723, 19718
2026/08/12 03:36:15.178, 1723, 19718
2026/08/12 03:36:17.179, 1723, 19718
2026/08/12 03:36:19.183, 1723, 19718
2026/08/12 03:36:21.184, 1723, 19718
2026/08/12 03:36:23.185, 1723, 19718
2026/08/12 03:36:25.187, 1723, 19718
2026/08/12 03:36:27.188, 1723, 19718
2026/08/12 03:36:29.189, 1723, 19718
2026/08/12 03:36:31.189, 1723, 19718
2026/08/12 03:36:33.190, 1723, 19718
2026/08/12 03:36:35.192, 1723, 19718
2026/08/12 03:36:37.193, 1723, 19718
2026/08/12 03:36:39.195, 1723, 19718
2026/08/12 03:36:41.196, 1723, 19718
2026/08/12 03:36:43.197, 1723, 19718
2026/08/12 03:36:45.198, 1723, 19718
2026/08/12 03:36:47.200, 1723, 19718
2026/08/12 03:36:49.201, 1723, 19718
2026/08/12 03:36:51.202, 1723, 19718
2026/08/12 03:36:53.204, 1723, 19718
2026/08/12 03:36:55.208, 1723, 19718
2026/08/12 03:36:57.209, 1723, 19718
2026/08/12 03:36:59.212, 1723, 19718
2026/08/12 03:37:01.214, 1723, 19718
2026/08/12 03:37:03.215, 1723, 19718
2026/08/12 03:37:05.216, 1723, 19718
2026/08/12 03:37:07.218, 1723, 19718
2026/08/12 03:37:09.219, 1723, 19718
2026/08/12 03:37:11.221, 1723, 19718
2026/08/12 03:37:13.222, 1723, 19718
2026/08/12 03:37:15.223, 1723, 19718
2026/08/12 03:37:17.224, 1723, 19718
2026/08/12 03:37:19.226, 1723, 19718
2026/08/12 03:37:21.227, 1723, 19718
2026/08/12 03:37:23.228, 1723, 19718
2026/08/12 03:37:25.229, 1723, 19718
2026/08/12 03:37:27.230, 1723, 19718
2026/08/12 03:37:29.231, 1723, 19718
2026/08/12 03:37:31.233, 1723, 19718
2026/08/12 03:37:33.234, 1723, 19718
2026/08/12 03:37:35.235, 1723, 19718
2026/08/12 03:37:37.237, 1723, 19718
2026/08/12 03:37:39.238, 1723, 19718
2026/08/12 03:37:41.239, 1723, 19718
2026/08/12 03:37:43.241, 1723, 19718
2026/08/12 03:37:45.242, 1723, 19718
2026/08/12 03:37:47.243, 1723, 19718
2026/08/12 03:37:49.244, 1723, 19718
2026/08/12 03:37:51.245, 1723, 19718
2026/08/12 03:37:53.247, 1723, 19718
2026/08/12 03:37:55.248, 1723, 19718
2026/08/12 03:37:57.249, 1723, 19718
2026/08/12 03:37:59.251, 1723, 19718
2026/08/12 03:38:01.252, 1723, 19718
2026/08/12 03:38:03.253, 1723, 19718
2026/08/12 03:38:05.255, 1723, 19718
2026/08/12 03:38:07.256, 1723, 19718
2026/08/12 03:38:09.257, 1723, 19718
2026/08/12 03:38:11.258, 1723, 19718
2026/08/12 03:38:13.260, 1723, 19718
2026/08/12 03:38:15.261, 1723, 19718
2026/08/12 03:38:17.262, 1723, 19718
2026/08/12 03:38:19.264, 1723, 19718
2026/08/12 03:38:21.265, 1723, 19718
2026/08/12 03:38:23.266, 1723, 19718
2026/08/12 03:38:25.268, 1723, 19718
2026/08/12 03:38:27.269, 1723, 19718
2026/08/12 03:38:29.270, 1723, 19718
2026/08/12 03:38:31.271, 1723, 19718
2026/08/12 03:38:33.272, 1723, 19718
2026/08/12 03:38:35.273, 1723, 19718
2026/08/12 03:38:37.274, 1723, 19718
2026/08/12 03:38:39.276, 1723, 19718
2026/08/12 03:38:41.277, 1723, 19718
2026/08/12 03:38:43.278, 1723, 19718
2026/08/12 03:38:45.279, 1723, 19718
2026/08/12 03:38:47.280, 1723, 19718
2026/08/12 03:38:49.282, 1723, 19718
2026/08/12 03:38:51.283, 1723, 19718
2026/08/12 03:38:53.285, 1723, 19718
2026/08/12 03:38:55.286, 1723, 19718
2026/08/12 03:38:57.287, 1723, 19718
2026/08/12 03:38:59.288, 1723, 19718
2026/08/12 03:39:01.290, 1723, 19718
2026/08/12 03:39:03.291, 1723, 19718
2026/08/12 03:39:05.292, 1723, 19718
2026/08/12 03:39:07.293, 1723, 19718
2026/08/12 03:39:09.295, 1723, 19718
2026/08/12 03:39:11.296, 1723, 19718
2026/08/12 03:39:13.297, 1723, 19718
2026/08/12 03:39:15.299, 1723, 19718
2026/08/12 03:39:17.300, 1723, 19718
2026/08/12 03:39:19.301, 1723, 19718
2026/08/12 03:39:21.303, 1723, 19718
2026/08/12 03:39:23.304, 1723, 19718
2026/08/12 03:39:25.305, 1723, 19718
2026/08/12 03:39:27.307, 1723, 19718
2026/08/12 03:39:29.308, 1723, 19718
2026/08/12 03:39:31.309, 1723, 19718
2026/08/12 03:39:33.311, 1723, 19718
2026/08/12 03:39:35.312, 1723, 19718
2026/08/12 03:39:37.313, 1723, 19718
2026/08/12 03:39:39.314, 1723, 19718
2026/08/12 03:39:41.314, 1723, 19718
2026/08/12 03:39:43.316, 1723, 19718
2026/08/12 03:39:45.317, 1723, 19718
2026/08/12 03:39:47.318, 1723, 19718
2026/08/12 03:39:49.320, 1723, 19718
2026/08/12 03:39:51.321, 1723, 19718
2026/08/12 03:39:53.322, 1723, 19718
2026/08/12 03:39:55.323, 1723, 19718
2026/08/12 03:39:57.324, 1723, 19718
2026/08/12 03:39:59.326, 1723, 19718
2026/08/12 03:40:01.327, 1723, 19718
2026/08/12 03:40:03.328, 1723, 19718
2026/08/12 03:40:05.329, 1723, 19718
2026/08/12 03:40:07.331, 1723, 19718
2026/08/12 03:40:09.332, 1723, 19718
2026/08/12 03:40:11.333, 1723, 19718
2026/08/12 03:40:13.335, 1723, 19718
2026/08/12 03:40:15.336, 1723, 19718
2026/08/12 03:40:17.337, 1723, 19718
2026/08/12 03:40:19.338, 1723, 19718
2026/08/12 03:40:21.339, 1723, 19718
2026/08/12 03:40:23.341, 1723, 19718
2026/08/12 03:40:25.342, 1723, 19718
2026/08/12 03:40:27.343, 1723, 19718
2026/08/12 03:40:29.344, 1723, 19718
2026/08/12 03:40:31.345, 1723, 19718
2026/08/12 03:40:33.346, 1723, 19718
2026/08/12 03:40:35.348, 1723, 19718
2026/08/12 03:40:37.349, 1723, 19718
2026/08/12 03:40:39.350, 1723, 19718
2026/08/12 03:40:41.351, 1723, 19718
2026/08/12 03:40:43.352, 1723, 19718
2026/08/12 03:40:45.353, 1723, 19718
2026/08/12 03:40:47.357, 1723, 19718
2026/08/12 03:40:49.358, 1723, 19718
2026/08/12 03:40:51.359, 1723, 19718
2026/08/12 03:40:53.360, 1723, 19718
2026/08/12 03:40:55.362, 1723, 19718
2026/08/12 03:40:57.363, 1723, 19718
2026/08/12 03:40:59.364, 1723, 19718
2026/08/12 03:41:01.365, 1723, 19718
2026/08/12 03:41:03.366, 1723, 19718
2026/08/12 03:41:05.367, 1723, 19718
2026/08/12 03:41:07.368, 1723, 19718
2026/08/12 03:41:09.369, 1723, 19718
2026/08/12 03:41:11.370, 1723, 19718
2026/08/12 03:41:13.371, 1723, 19718
2026/08/12 03:41:15.372, 1723, 19718
2026/08/12 03:41:17.373, 1723, 19718
2026/08/12 03:41:19.374, 1723, 19718
2026/08/12 03:41:21.375, 1723, 19718
2026/08/12 03:41:23.376, 1723, 19718
2026/08/12 03:41:25.377, 1723, 19718
2026/08/12 03:41:27.378, 1723, 19718
2026/08/12 03:41:29.379, 1723, 19718
2026/08/12 03:41:31.380, 1723, 19718
2026/08/12 03:41:33.383, 1723, 19718
2026/08/12 03:41:35.384, 1723, 19718
2026/08/12 03:41:37.385, 1723, 19718
2026/08/12 03:41:39.386, 1723, 19718
2026/08/12 03:41:41.387, 1723, 19718
2026/08/12 03:41:43.388, 1723, 19718
2026/08/12 03:41:45.389, 1723, 19718
2026/08/12 03:41:47.390, 1723, 19718
2026/08/12 03:41:49.392, 1723, 19718
2026/08/12 03:41:51.393, 1723, 19718
2026/08/12 03:41:53.394, 1723, 19718
2026/08/12 03:41:55.395, 1723, 19718
2026/08/12 03:41:57.397, 1723, 19718
2026/08/12 03:41:59.398, 1723, 19718
2026/08/12 03:42:01.399, 1723, 19718
2026/08/12 03:42:03.401, 1723, 19718
2026/08/12 03:42:05.404, 1723, 19718
2026/08/12 03:42:07.405, 1723, 19718
2026/08/12 03:42:09.406, 1723, 19718
2026/08/12 03:42:11.408, 1723, 19718
2026/08/12 03:42:13.409, 1723, 19718
2026/08/12 03:42:15.410, 1723, 19718
2026/08/12 03:42:17.411, 1723, 19718
2026/08/12 03:42:19.412, 1723, 19718
2026/08/12 03:42:21.414, 1723, 19718
2026/08/12 03:42:23.415, 1723, 19718
2026/08/12 03:42:25.417, 1723, 19718
2026/08/12 03:42:27.418, 1723, 19718
2026/08/12 03:42:29.420, 1723, 19718
2026/08/12 03:42:31.422, 1723, 19718
2026/08/12 03:42:33.423, 1723, 19718
2026/08/12 03:42:35.424, 1723, 19718
2026/08/12 03:42:37.425, 1723, 19718
2026/08/12 03:42:39.426, 1723, 19718
2026/08/12 03:42:41.427, 1723, 19718
2026/08/12 03:42:43.428, 1723, 19718
2026/08/12 03:42:45.429, 1723, 19718
2026/08/12 03:42:47.430, 1723, 19718
2026/08/12 03:42:49.431, 1723, 19718
2026/08/12 03:42:51.432, 1723, 19718
2026/08/12 03:42:53.433, 1723, 19718
2026/08/12 03:42:55.434, 1723, 19718
2026/08/12 03:42:57.435, 1723, 19718
2026/08/12 03:42:59.436, 1723, 19718
2026/08/12 03:43:01.437, 1723, 19718
2026/08/12 03:43:03.438, 1723, 19718
2026/08/12 03:43:05.439, 1723, 19718
2026/08/12 03:43:07.441, 1723, 19718
2026/08/12 03:43:09.443, 1723, 19718
2026/08/12 03:43:11.444, 1723, 19718
2026/08/12 03:43:13.445, 1723, 19718
2026/08/12 03:43:15.446, 1723, 19718
2026/08/12 03:43:17.448, 1723, 19718
2026/08/12 03:43:19.449, 1723, 19718
2026/08/12 03:43:21.450, 1723, 19718
2026/08/12 03:43:23.451, 1723, 19718
2026/08/12 03:43:25.451, 1723, 19718
2026/08/12 03:43:27.452, 1723, 19718
2026/08/12 03:43:29.453, 1723, 19718
2026/08/12 03:43:31.454, 1723, 19718
2026/08/12 03:43:33.455, 1723, 19718
2026/08/12 03:43:35.456, 1723, 19718
2026/08/12 03:43:37.457, 1723, 19718
2026/08/12 03:43:39.458, 1723, 19718
2026/08/12 03:43:41.459, 1723, 19718
2026/08/12 03:43:43.461, 1723, 19718
2026/08/12 03:43:45.462, 1723, 19718
2026/08/12 03:43:47.463, 1723, 19718
2026/08/12 03:43:49.463, 1723, 19718
2026/08/12 03:43:51.466, 1723, 19718
2026/08/12 03:43:53.467, 1723, 19718
2026/08/12 03:43:55.468, 1723, 19718
2026/08/12 03:43:57.470, 1723, 19718
2026/08/12 03:43:59.471, 1723, 19718
2026/08/12 03:44:01.472, 1723, 19718
2026/08/12 03:44:03.472, 1723, 19718
2026/08/12 03:44:05.473, 1723, 19718
2026/08/12 03:44:07.474, 1723, 19718
2026/08/12 03:44:09.475, 1723, 19718
2026/08/12 03:44:11.476, 1723, 19718
2026/08/12 03:44:13.477, 1723, 19718
2026/08/12 03:44:15.478, 1723, 19718
2026/08/12 03:44:17.480, 1723, 19718
2026/08/12 03:44:19.481, 1723, 19718
2026/08/12 03:44:21.482, 1723, 19718
2026/08/12 03:44:23.483, 1723, 19718
2026/08/12 03:44:25.485, 1723, 19718
2026/08/12 03:44:27.486, 1723, 19718
2026/08/12 03:44:29.487, 1723, 19718
2026/08/12 03:44:31.488, 1723, 19718
2026/08/12 03:44:33.489, 1723, 19718
2026/08/12 03:44:35.491, 1723, 19718
2026/08/12 03:44:37.492, 1723, 19718
2026/08/12 03:44:39.494, 1723, 19718
2026/08/12 03:44:41.495, 1723, 19718
2026/08/12 03:44:43.496, 1723, 19718
2026/08/12 03:44:45.497, 1723, 19718
2026/08/12 03:44:47.499, 1723, 19718
2026/08/12 03:44:49.500, 1723, 19718
2026/08/12 03:44:51.502, 1723, 19718
2026/08/12 03:44:53.503, 1723, 19718
2026/08/12 03:44:55.504, 1723, 19718
2026/08/12 03:44:57.505, 1723, 19718
2026/08/12 03:44:59.507, 1723, 19718
2026/08/12 03:45:01.508, 1723, 19718
2026/08/12 03:45:03.509, 1723, 19718
2026/08/12 03:45:05.510, 1723, 19718
2026/08/12 03:45:07.512, 1723, 19718
2026/08/12 03:45:09.513, 1723, 19718
2026/08/12 03:45:11.514, 1723, 19718
2026/08/12 03:45:13.515, 1723, 19718
2026/08/12 03:45:15.516, 1723, 19718
2026/08/12 03:45:17.518, 1723, 19718
2026/08/12 03:45:19.519, 1723, 19718
2026/08/12 03:45:21.520, 1723, 19718
2026/08/12 03:45:23.521, 1723, 19718
2026/08/12 03:45:25.522, 1723, 19718
2026/08/12 03:45:27.524, 1723, 19718
2026/08/12 03:45:29.525, 1723, 19718
2026/08/12 03:45:31.526, 1723, 19718
2026/08/12 03:45:33.527, 1723, 19718
2026/08/12 03:45:35.528, 1723, 19718
2026/08/12 03:45:37.529, 1723, 19718
2026/08/12 03:45:39.531, 1723, 19718
2026/08/12 03:45:41.532, 1723, 19718
2026/08/12 03:45:43.534, 1723, 19718
2026/08/12 03:45:45.535, 1723, 19718
2026/08/12 03:45:47.536, 1723, 19718
2026/08/12 03:45:49.537, 1723, 19718
2026/08/12 03:45:51.538, 1723, 19718
2026/08/12 03:45:53.540, 1723, 19718
2026/08/12 03:45:55.541, 1723, 19718
2026/08/12 03:45:57.542, 1723, 19718
2026/08/12 03:45:59.543, 1723, 19718
2026/08/12 03:46:01.545, 1723, 19718
2026/08/12 03:46:03.546, 1723, 19718
2026/08/12 03:46:05.547, 1723, 19718
2026/08/12 03:46:07.548, 1723, 19718
2026/08/12 03:46:09.549, 1723, 19718
2026/08/12 03:46:11.550, 1723, 19718
2026/08/12 03:46:13.551, 1723, 19718
2026/08/12 03:46:15.552, 1723, 19718
2026/08/12 03:46:17.554, 1723, 19718
2026/08/12 03:46:19.555, 1723, 19718
2026/08/12 03:46:21.557, 1723, 19718
2026/08/12 03:46:23.558, 1723, 19718
2026/08/12 03:46:25.560, 1723, 19718
2026/08/12 03:46:27.561, 1723, 19718
2026/08/12 03:46:29.562, 1723, 19718
2026/08/12 03:46:31.563, 1723, 19718
2026/08/12 03:46:33.565, 1723, 19718
2026/08/12 03:46:35.566, 1723, 19718
2026/08/12 03:46:37.567, 1723, 19718
2026/08/12 03:46:39.569, 1723, 19718
2026/08/12 03:46:41.570, 1723, 19718
2026/08/12 03:46:43.571, 1723, 19718
2026/08/12 03:46:45.572, 1723, 19718
2026/08/12 03:46:47.574, 1723, 19718
2026/08/12 03:46:49.575, 1723, 19718
2026/08/12 03:46:51.576, 1723, 19718
2026/08/12 03:46:53.578, 1723, 19718
2026/08/12 03:46:55.579, 1723, 19718
2026/08/12 03:46:57.580, 1723, 19718
2026/08/12 03:46:59.581, 1723, 19718
2026/08/12 03:47:01.583, 1723, 19718
2026/08/12 03:47:03.584, 1723, 19718
2026/08/12 03:47:05.585, 1723, 19718
2026/08/12 03:47:07.587, 1723, 19718
2026/08/12 03:47:09.588, 1723, 19718
2026/08/12 03:47:11.589, 1723, 19718
2026/08/12 03:47:13.591, 1723, 19718
2026/08/12 03:47:15.592, 1723, 19718
2026/08/12 03:47:17.593, 1723, 19718
2026/08/12 03:47:19.595, 1723, 19718
2026/08/12 03:47:21.596, 1723, 19718
2026/08/12 03:47:23.598, 1723, 19718
2026/08/12 03:47:25.599, 1723, 19718
2026/08/12 03:47:27.600, 1723, 19718
2026/08/12 03:47:29.602, 1723, 19718
2026/08/12 03:47:31.603, 1723, 19718
2026/08/12 03:47:33.604, 1723, 19718
2026/08/12 03:47:35.606, 1723, 19718
2026/08/12 03:47:37.607, 1723, 19718
2026/08/12 03:47:39.609, 1723, 19718
2026/08/12 03:47:41.610, 1723, 19718
2026/08/12 03:47:43.611, 1723, 19718
2026/08/12 03:47:45.613, 1723, 19718
2026/08/12 03:47:47.614, 1723, 19718
2026/08/12 03:47:49.615, 1723, 19718
2026/08/12 03:47:51.617, 1723, 19718
2026/08/12 03:47:53.618, 1723, 19718
2026/08/12 03:47:55.619, 1723, 19718
2026/08/12 03:47:57.621, 1723, 19718
2026/08/12 03:47:59.622, 1723, 19718
2026/08/12 03:48:01.624, 1723, 19718
2026/08/12 03:48:03.625, 1723, 19718
2026/08/12 03:48:05.626, 1723, 19718
2026/08/12 03:48:07.628, 1723, 19718
2026/08/12 03:48:09.629, 1723, 19718
2026/08/12 03:48:11.631, 1723, 19718
2026/08/12 03:48:13.632, 1723, 19718
2026/08/12 03:48:15.634, 1723, 19718
2026/08/12 03:48:17.635, 1723, 19718
2026/08/12 03:48:19.636, 1723, 19718
2026/08/12 03:48:21.637, 1723, 19718
2026/08/12 03:48:23.638, 1723, 19718
2026/08/12 03:48:25.640, 1723, 19718
2026/08/12 03:48:27.641, 1723, 19718
2026/08/12 03:48:29.642, 1723, 19718
2026/08/12 03:48:31.644, 1723, 19718
2026/08/12 03:48:33.645, 1723, 19718
2026/08/12 03:48:35.646, 1723, 19718
2026/08/12 03:48:37.647, 1723, 19718
2026/08/12 03:48:39.649, 1723, 19718
2026/08/12 03:48:41.650, 1723, 19718
2026/08/12 03:48:43.651, 1723, 19718
2026/08/12 03:48:45.653, 1723, 19718
2026/08/12 03:48:47.654, 1723, 19718
2026/08/12 03:48:49.656, 1723, 19718
2026/08/12 03:48:51.657, 1723, 19718
2026/08/12 03:48:53.658, 1723, 19718
2026/08/12 03:48:55.660, 1723, 19718
2026/08/12 03:48:57.661, 1723, 19718
2026/08/12 03:48:59.662, 1723, 19718
2026/08/12 03:49:01.664, 1723, 19718
2026/08/12 03:49:03.665, 1723, 19718
2026/08/12 03:49:05.666, 1723, 19718
2026/08/12 03:49:07.668, 1723, 19718
2026/08/12 03:49:09.669, 1723, 19718
2026/08/12 03:49:11.670, 1723, 19718
2026/08/12 03:49:13.672, 1723, 19718
2026/08/12 03:49:15.673, 1723, 19718
2026/08/12 03:49:17.674, 1723, 19718
2026/08/12 03:49:19.676, 1723, 19718
2026/08/12 03:49:21.677, 1723, 19718
2026/08/12 03:49:23.679, 1723, 19718
2026/08/12 03:49:25.680, 1723, 19718
2026/08/12 03:49:27.682, 1723, 19718
2026/08/12 03:49:29.683, 1723, 19718
2026/08/12 03:49:31.684, 1723, 19718
2026/08/12 03:49:33.685, 1723, 19718
2026/08/12 03:49:35.687, 1723, 19718
2026/08/12 03:49:37.688, 1723, 19718
2026/08/12 03:49:39.689, 1723, 19718
2026/08/12 03:49:41.691, 1723, 19718
2026/08/12 03:49:43.692, 1723, 19718
2026/08/12 03:49:45.694, 1723, 19718
2026/08/12 03:49:47.695, 1723, 19718
2026/08/12 03:49:49.697, 1723, 19718
2026/08/12 03:49:51.698, 1723, 19718
2026/08/12 03:49:53.700, 1723, 19718
2026/08/12 03:49:55.701, 1723, 19718
2026/08/12 03:49:57.702, 1723, 19718
2026/08/12 03:49:59.704, 1723, 19718
2026/08/12 03:50:01.705, 1723, 19718
2026/08/12 03:50:03.706, 1723, 19718
2026/08/12 03:50:05.708, 1723, 19718
2026/08/12 03:50:07.709, 1723, 19718
2026/08/12 03:50:09.710, 1723, 19718
2026/08/12 03:50:11.712, 1723, 19718
2026/08/12 03:50:13.713, 1723, 19718
2026/08/12 03:50:15.714, 1723, 19718
2026/08/12 03:50:17.715, 1723, 19718
2026/08/12 03:50:19.717, 1723, 19718
2026/08/12 03:50:21.718, 1723, 19718
2026/08/12 03:50:23.720, 1723, 19718
2026/08/12 03:50:25.721, 1723, 19718
2026/08/12 03:50:27.724, 1723, 19718
2026/08/12 03:50:29.725, 1723, 19718
2026/08/12 03:50:31.726, 1723, 19718
2026/08/12 03:50:33.728, 1723, 19718
2026/08/12 03:50:35.729, 1723, 19718
2026/08/12 03:50:37.730, 1723, 19718
2026/08/12 03:50:39.732, 1723, 19718
2026/08/12 03:50:41.733, 1723, 19718
2026/08/12 03:50:43.735, 1723, 19718
2026/08/12 03:50:45.736, 1723, 19718
2026/08/12 03:50:47.737, 1723, 19718
2026/08/12 03:50:49.739, 1723, 19718
2026/08/12 03:50:51.742, 1723, 19718
2026/08/12 03:50:53.743, 1723, 19718
2026/08/12 03:50:55.745, 1723, 19718
2026/08/12 03:50:57.746, 1723, 19718
2026/08/12 03:50:59.748, 1723, 19718
2026/08/12 03:51:01.749, 1723, 19718
2026/08/12 03:51:03.750, 1723, 19718
2026/08/12 03:51:05.752, 1723, 19718
2026/08/12 03:51:07.753, 1723, 19718
2026/08/12 03:51:09.754, 1723, 19718
2026/08/12 03:51:11.756, 1723, 19718
2026/08/12 03:51:13.757, 1723, 19718
2026/08/12 03:51:15.758, 1723, 19718
2026/08/12 03:51:17.760, 1723, 19718
2026/08/12 03:51:19.763, 1723, 19718
2026/08/12 03:51:21.764, 1723, 19718
2026/08/12 03:51:23.766, 1723, 19718
2026/08/12 03:51:25.767, 1723, 19718
2026/08/12 03:51:27.768, 1723, 19718
2026/08/12 03:51:29.770, 1723, 19718
2026/08/12 03:51:31.771, 1723, 19718
2026/08/12 03:51:33.772, 1723, 19718
2026/08/12 03:51:35.774, 1723, 19718
2026/08/12 03:51:37.775, 1723, 19718
2026/08/12 03:51:39.776, 1723, 19718
2026/08/12 03:51:41.778, 1723, 19718
2026/08/12 03:51:43.779, 1723, 19718
2026/08/12 03:51:45.780, 1723, 19718
2026/08/12 03:51:47.781, 1723, 19718
2026/08/12 03:51:49.783, 1723, 19718
2026/08/12 03:51:51.784, 1723, 19718
2026/08/12 03:51:53.785, 1723, 19718
2026/08/12 03:51:55.787, 1723, 19718
2026/08/12 03:51:57.788, 1723, 19718
2026/08/12 03:51:59.789, 1723, 19718
2026/08/12 03:52:01.791, 1723, 19718
2026/08/12 03:52:03.792, 1723, 19718
2026/08/12 03:52:05.794, 1723, 19718
2026/08/12 03:52:07.795, 1723, 19718
2026/08/12 03:52:09.796, 1723, 19718
2026/08/12 03:52:11.798, 1723, 19718
2026/08/12 03:52:13.799, 1723, 19718
2026/08/12 03:52:15.800, 1723, 19718
2026/08/12 03:52:17.801, 1723, 19718
2026/08/12 03:52:19.803, 1723, 19718
2026/08/12 03:52:21.804, 1723, 19718
2026/08/12 03:52:23.805, 1723, 19718
2026/08/12 03:52:25.807, 1723, 19718
2026/08/12 03:52:27.808, 1723, 19718
2026/08/12 03:52:29.810, 1723, 19718
2026/08/12 03:52:31.811, 1723, 19718
2026/08/12 03:52:33.812, 1723, 19718
2026/08/12 03:52:35.814, 1723, 19718
2026/08/12 03:52:37.815, 1723, 19718
2026/08/12 03:52:39.816, 1723, 19718
2026/08/12 03:52:41.818, 1723, 19718
2026/08/12 03:52:43.819, 1723, 19718
2026/08/12 03:52:45.820, 1723, 19718
2026/08/12 03:52:47.822, 1723, 19718
2026/08/12 03:52:49.823, 1723, 19718
2026/08/12 03:52:51.824, 1723, 19718
2026/08/12 03:52:53.826, 1723, 19718
2026/08/12 03:52:55.827, 1723, 19718
2026/08/12 03:52:57.828, 1723, 19718
2026/08/12 03:52:59.830, 1723, 19718
2026/08/12 03:53:01.831, 1723, 19718
2026/08/12 03:53:03.832, 1723, 19718
2026/08/12 03:53:05.833, 1723, 19718
2026/08/12 03:53:07.834, 1723, 19718
2026/08/12 03:53:09.836, 1723, 19718
2026/08/12 03:53:11.837, 1723, 19718
2026/08/12 03:53:13.839, 1723, 19718
2026/08/12 03:53:15.840, 1723, 19718
2026/08/12 03:53:17.841, 1723, 19718
2026/08/12 03:53:19.843, 1723, 19718
2026/08/12 03:53:21.844, 1723, 19718
2026/08/12 03:53:23.846, 1723, 19718
2026/08/12 03:53:25.847, 1723, 19718
2026/08/12 03:53:27.850, 1723, 19718
2026/08/12 03:53:29.852, 1723, 19718
2026/08/12 03:53:31.853, 1723, 19718
2026/08/12 03:53:33.854, 1723, 19718
2026/08/12 03:53:35.856, 1723, 19718
2026/08/12 03:53:37.857, 1723, 19718
2026/08/12 03:53:39.858, 1723, 19718
2026/08/12 03:53:41.860, 1723, 19718
2026/08/12 03:53:43.861, 1723, 19718
2026/08/12 03:53:45.862, 1723, 19718
2026/08/12 03:53:47.864, 1723, 19718
2026/08/12 03:53:49.865, 1723, 19718
2026/08/12 03:53:51.867, 1723, 19718
2026/08/12 03:53:53.868, 1723, 19718
2026/08/12 03:53:55.869, 1723, 19718
2026/08/12 03:53:57.871, 1723, 19718
2026/08/12 03:53:59.872, 1723, 19718
2026/08/12 03:54:01.873, 1723, 19718
2026/08/12 03:54:03.875, 1723, 19718
2026/08/12 03:54:05.876, 1723, 19718
2026/08/12 03:54:07.877, 1723, 19718
2026/08/12 03:54:09.878, 1723, 19718
2026/08/12 03:54:11.881, 1723, 19718
2026/08/12 03:54:13.883, 1723, 19718
2026/08/12 03:54:15.884, 1723, 19718
2026/08/12 03:54:17.885, 1723, 19718
2026/08/12 03:54:19.886, 1723, 19718
2026/08/12 03:54:21.888, 1723, 19718
2026/08/12 03:54:23.889, 1723, 19718
2026/08/12 03:54:25.890, 1723, 19718
2026/08/12 03:54:27.892, 1723, 19718
2026/08/12 03:54:29.893, 1723, 19718
2026/08/12 03:54:31.894, 1723, 19718
2026/08/12 03:54:33.895, 1723, 19718
2026/08/12 03:54:35.896, 1723, 19718
2026/08/12 03:54:37.898, 1723, 19718
2026/08/12 03:54:39.899, 1723, 19718
2026/08/12 03:54:41.900, 1723, 19718
2026/08/12 03:54:43.901, 1723, 19718
2026/08/12 03:54:45.902, 1723, 19718
2026/08/12 03:54:47.904, 1723, 19718
2026/08/12 03:54:49.905, 1723, 19718
2026/08/12 03:54:51.906, 1723, 19718
2026/08/12 03:54:53.908, 1723, 19718
2026/08/12 03:54:55.909, 1723, 19718
2026/08/12 03:54:57.911, 1723, 19718
2026/08/12 03:54:59.912, 1723, 19718
2026/08/12 03:55:01.914, 1723, 19718
2026/08/12 03:55:03.915, 1723, 19718
2026/08/12 03:55:05.916, 1723, 19718
2026/08/12 03:55:07.917, 1723, 19718
2026/08/12 03:55:09.919, 1723, 19718
2026/08/12 03:55:11.920, 1723, 19718
2026/08/12 03:55:13.921, 1723, 19718
2026/08/12 03:55:15.923, 1723, 19718
2026/08/12 03:55:17.929, 1723, 19718
2026/08/12 03:55:19.931, 1723, 19718
2026/08/12 03:55:21.932, 1723, 19718
2026/08/12 03:55:23.933, 1723, 19718
2026/08/12 03:55:25.934, 1723, 19718
2026/08/12 03:55:27.935, 1723, 19718
2026/08/12 03:55:29.936, 1723, 19718
2026/08/12 03:55:31.938, 1723, 19718
2026/08/12 03:55:33.939, 1723, 19718
2026/08/12 03:55:35.941, 1723, 19718
2026/08/12 03:55:37.942, 1723, 19718
2026/08/12 03:55:39.943, 1723, 19718
2026/08/12 03:55:41.945, 1723, 19718
2026/08/12 03:55:43.946, 1723, 19718
2026/08/12 03:55:45.947, 1723, 19718
2026/08/12 03:55:47.949, 1723, 19718
2026/08/12 03:55:49.950, 1723, 19718
2026/08/12 03:55:51.951, 1723, 19718
2026/08/12 03:55:53.953, 1723, 19718
2026/08/12 03:55:55.954, 1723, 19718
2026/08/12 03:55:57.955, 1723, 19718
2026/08/12 03:55:59.957, 1723, 19718
2026/08/12 03:56:01.958, 1723, 19718
2026/08/12 03:56:03.959, 1723, 19718
2026/08/12 03:56:05.960, 1723, 19718
2026/08/12 03:56:07.961, 1723, 19718
2026/08/12 03:56:09.963, 1723, 19718
2026/08/12 03:56:11.964, 1723, 19718
2026/08/12 03:56:13.965, 1723, 19718
2026/08/12 03:56:15.967, 1723, 19718
2026/08/12 03:56:17.968, 1723, 19718
2026/08/12 03:56:19.970, 1723, 19718
2026/08/12 03:56:21.971, 1723, 19718
2026/08/12 03:56:23.972, 1723, 19718
2026/08/12 03:56:25.974, 1723, 19718
2026/08/12 03:56:27.975, 1723, 19718
2026/08/12 03:56:29.976, 1723, 19718
2026/08/12 03:56:31.978, 1723, 19718
2026/08/12 03:56:33.979, 1723, 19718
2026/08/12 03:56:35.980, 1723, 19718
2026/08/12 03:56:37.982, 1723, 19718
2026/08/12 03:56:39.983, 1723, 19718
2026/08/12 03:56:41.984, 1723, 19718
2026/08/12 03:56:43.985, 1723, 19718
2026/08/12 03:56:45.987, 1723, 19718
2026/08/12 03:56:47.988, 1723, 19718
2026/08/12 03:56:49.989, 1723, 19718
2026/08/12 03:56:51.991, 1723, 19718
2026/08/12 03:56:53.992, 1723, 19718
2026/08/12 03:56:55.994, 1723, 19718
2026/08/12 03:56:57.996, 1723, 19718
2026/08/12 03:56:59.998, 1723, 19718
2026/08/12 03:57:01.999, 1723, 19718
2026/08/12 03:57:04.000, 1723, 19718
2026/08/12 03:57:06.002, 1723, 19718
2026/08/12 03:57:08.004, 1723, 19718
2026/08/12 03:57:10.005, 1723, 19718
2026/08/12 03:57:12.007, 1723, 19718
2026/08/12 03:57:14.008, 1723, 19718
2026/08/12 03:57:16.009, 1723, 19718
2026/08/12 03:57:18.010, 1723, 19718
2026/08/12 03:57:20.012, 1723, 19718
2026/08/12 03:57:22.013, 1723, 19718
2026/08/12 03:57:24.014, 1723, 19718
2026/08/12 03:57:26.014, 1723, 19718
2026/08/12 03:57:28.015, 1723, 19718
2026/08/12 03:57:30.016, 1723, 19718
2026/08/12 03:57:32.017, 1723, 19718
2026/08/12 03:57:34.018, 1723, 19718
2026/08/12 03:57:36.018, 1723, 19718
2026/08/12 03:57:38.019, 1723, 19718
2026/08/12 03:57:40.020, 1723, 19718
2026/08/12 03:57:42.021, 1723, 19718
2026/08/12 03:57:44.023, 1723, 19718
2026/08/12 03:57:46.024, 1723, 19718
2026/08/12 03:57:48.025, 1723, 19718
2026/08/12 03:57:50.026, 1723, 19718
2026/08/12 03:57:52.027, 1723, 19718
2026/08/12 03:57:54.028, 1723, 19718
2026/08/12 03:57:56.030, 1723, 19718
2026/08/12 03:57:58.031, 1723, 19718
2026/08/12 03:58:00.032, 1723, 19718
2026/08/12 03:58:02.034, 1723, 19718
2026/08/12 03:58:04.036, 1723, 19718
2026/08/12 03:58:06.038, 1723, 19718
2026/08/12 03:58:08.039, 1723, 19718
2026/08/12 03:58:10.041, 1723, 19718
2026/08/12 03:58:12.042, 1723, 19718
2026/08/12 03:58:14.044, 1723, 19718
2026/08/12 03:58:16.045, 1723, 19718
2026/08/12 03:58:18.047, 1723, 19718
2026/08/12 03:58:20.048, 1723, 19718
2026/08/12 03:58:22.049, 1723, 19718
2026/08/12 03:58:24.050, 1723, 19718
2026/08/12 03:58:26.051, 1723, 19718
2026/08/12 03:58:28.051, 1723, 19718
2026/08/12 03:58:30.053, 1723, 19718
2026/08/12 03:58:32.054, 1723, 19718
2026/08/12 03:58:34.056, 1723, 19718
2026/08/12 03:58:36.057, 1723, 19718
2026/08/12 03:58:38.059, 1723, 19718
2026/08/12 03:58:40.060, 1723, 19718
2026/08/12 03:58:42.061, 1723, 19718
2026/08/12 03:58:44.063, 1723, 19718
2026/08/12 03:58:46.064, 1723, 19718
2026/08/12 03:58:48.065, 1723, 19718
2026/08/12 03:58:50.067, 1723, 19718
2026/08/12 03:58:52.068, 1723, 19718
2026/08/12 03:58:54.070, 1723, 19718
2026/08/12 03:58:56.071, 1723, 19718
2026/08/12 03:58:58.072, 1723, 19718
2026/08/12 03:59:00.073, 1723, 19718
2026/08/12 03:59:02.074, 1723, 19718
2026/08/12 03:59:04.076, 1723, 19718
2026/08/12 03:59:06.077, 1723, 19718
2026/08/12 03:59:08.079, 1723, 19718
2026/08/12 03:59:10.080, 1723, 19718
2026/08/12 03:59:12.081, 1723, 19718
2026/08/12 03:59:14.082, 1723, 19718
2026/08/12 03:59:16.083, 1723, 19718
2026/08/12 03:59:18.084, 1723, 19718
2026/08/12 03:59:20.085, 1723, 19718
2026/08/12 03:59:22.085, 1723, 19718
2026/08/12 03:59:24.086, 1723, 19718
2026/08/12 03:59:26.087, 1723, 19718
2026/08/12 03:59:28.088, 1723, 19718
2026/08/12 03:59:30.090, 1723, 19718
2026/08/12 03:59:32.091, 1723, 19718
2026/08/12 03:59:34.092, 1723, 19718
2026/08/12 03:59:36.093, 1723, 19718
2026/08/12 03:59:38.095, 1723, 19718
2026/08/12 03:59:40.096, 1723, 19718
2026/08/12 03:59:42.097, 1723, 19718
2026/08/12 03:59:44.099, 1723, 19718
2026/08/12 03:59:46.100, 1723, 19718
2026/08/12 03:59:48.101, 1723, 19718
2026/08/12 03:59:50.103, 1723, 19718
2026/08/12 03:59:52.104, 1723, 19718
2026/08/12 03:59:54.106, 1723, 19718
2026/08/12 03:59:56.107, 1723, 19718
2026/08/12 03:59:58.108, 1723, 19718
2026/08/12 04:00:00.109, 1723, 19718
2026/08/12 04:00:02.110, 1723, 19718
2026/08/12 04:00:04.111, 1723, 19718
2026/08/12 04:00:06.112, 1723, 19718
2026/08/12 04:00:08.113, 1723, 19718
2026/08/12 04:00:10.115, 1723, 19718
2026/08/12 04:00:12.115, 1723, 19718
2026/08/12 04:00:14.116, 1723, 19718
2026/08/12 04:00:16.117, 1723, 19718
2026/08/12 04:00:18.118, 1723, 19718
2026/08/12 04:00:20.119, 1723, 19718
2026/08/12 04:00:22.121, 1723, 19718
2026/08/12 04:00:24.122, 1723, 19718
2026/08/12 04:00:26.123, 1723, 19718
2026/08/12 04:00:28.124, 1723, 19718
2026/08/12 04:00:30.125, 1723, 19718
2026/08/12 04:00:32.126, 1723, 19718
2026/08/12 04:00:34.127, 1723, 19718
2026/08/12 04:00:36.128, 1723, 19718
2026/08/12 04:00:38.129, 1723, 19718
2026/08/12 04:00:40.131, 1723, 19718
2026/08/12 04:00:42.132, 1723, 19718
2026/08/12 04:00:44.133, 1723, 19718
2026/08/12 04:00:46.134, 1723, 19718
2026/08/12 04:00:48.136, 1723, 19718
2026/08/12 04:00:50.137, 1723, 19718
2026/08/12 04:00:52.137, 1723, 19718
2026/08/12 04:00:54.139, 1723, 19718
2026/08/12 04:00:56.140, 1723, 19718
2026/08/12 04:00:58.141, 1723, 19718
2026/08/12 04:01:00.142, 1723, 19718
2026/08/12 04:01:02.144, 1723, 19718
2026/08/12 04:01:04.145, 1723, 19718
2026/08/12 04:01:06.146, 1723, 19718
2026/08/12 04:01:08.147, 1723, 19718
2026/08/12 04:01:10.148, 1723, 19718
2026/08/12 04:01:12.149, 1723, 19718
2026/08/12 04:01:14.150, 1723, 19718
2026/08/12 04:01:16.152, 1723, 19718
2026/08/12 04:01:18.152, 1723, 19718
2026/08/12 04:01:20.154, 1723, 19718
2026/08/12 04:01:22.155, 1723, 19718
2026/08/12 04:01:24.156, 1723, 19718
2026/08/12 04:01:26.158, 1723, 19718
2026/08/12 04:01:28.159, 1723, 19718
2026/08/12 04:01:30.160, 1723, 19718
2026/08/12 04:01:32.161, 1723, 19718
2026/08/12 04:01:34.163, 1723, 19718
2026/08/12 04:01:36.163, 1723, 19718
2026/08/12 04:01:38.164, 1723, 19718
2026/08/12 04:01:40.165, 1723, 19718
2026/08/12 04:01:42.166, 1723, 19718
2026/08/12 04:01:44.167, 1723, 19718
2026/08/12 04:01:46.168, 1723, 19718
2026/08/12 04:01:48.169, 1723, 19718
2026/08/12 04:01:50.171, 1723, 19718
2026/08/12 04:01:52.171, 1723, 19718
2026/08/12 04:01:54.173, 1723, 19718
2026/08/12 04:01:56.174, 1723, 19718
2026/08/12 04:01:58.175, 1723, 19718
2026/08/12 04:02:00.176, 1723, 19718
2026/08/12 04:02:02.178, 1723, 19718
2026/08/12 04:02:04.180, 1723, 19718
2026/08/12 04:02:06.181, 1723, 19718
2026/08/12 04:02:08.182, 1723, 19718
2026/08/12 04:02:10.183, 1723, 19718
2026/08/12 04:02:12.185, 1723, 19718
2026/08/12 04:02:14.187, 1723, 19718
2026/08/12 04:02:16.188, 1723, 19718
2026/08/12 04:02:18.190, 1723, 19718
2026/08/12 04:02:20.192, 1723, 19718
2026/08/12 04:02:22.193, 1723, 19718
2026/08/12 04:02:24.194, 1723, 19718
2026/08/12 04:02:26.196, 1723, 19718
2026/08/12 04:02:28.197, 1723, 19718
2026/08/12 04:02:30.199, 1723, 19718
2026/08/12 04:02:32.200, 1723, 19718
2026/08/12 04:02:34.202, 1723, 19718
2026/08/12 04:02:36.203, 1723, 19718
2026/08/12 04:02:38.204, 1723, 19718
2026/08/12 04:02:40.206, 1723, 19718
2026/08/12 04:02:42.207, 1723, 19718
2026/08/12 04:02:44.209, 1723, 19718
2026/08/12 04:02:46.210, 1723, 19718
2026/08/12 04:02:48.211, 1723, 19718
2026/08/12 04:02:50.212, 1723, 19718
2026/08/12 04:02:52.213, 1723, 19718
2026/08/12 04:02:54.214, 1723, 19718
2026/08/12 04:02:56.215, 1723, 19718
2026/08/12 04:02:58.216, 1723, 19718
2026/08/12 04:03:00.217, 1723, 19718
2026/08/12 04:03:02.219, 1723, 19718
2026/08/12 04:03:04.220, 1723, 19718
2026/08/12 04:03:06.222, 1723, 19718
2026/08/12 04:03:08.223, 1723, 19718
2026/08/12 04:03:10.224, 1723, 19718
2026/08/12 04:03:12.225, 1723, 19718
2026/08/12 04:03:14.227, 1723, 19718
2026/08/12 04:03:16.228, 1723, 19718
2026/08/12 04:03:18.229, 1723, 19718
2026/08/12 04:03:20.231, 1723, 19718
2026/08/12 04:03:22.232, 1723, 19718
2026/08/12 04:03:24.233, 1723, 19718
2026/08/12 04:03:26.234, 1723, 19718
2026/08/12 04:03:28.236, 1723, 19718
2026/08/12 04:03:30.237, 1723, 19718
2026/08/12 04:03:32.239, 1723, 19718
2026/08/12 04:03:34.240, 1723, 19718
2026/08/12 04:03:36.241, 1723, 19718
2026/08/12 04:03:38.243, 1723, 19718
2026/08/12 04:03:40.244, 1723, 19718
2026/08/12 04:03:42.245, 1723, 19718
2026/08/12 04:03:44.246, 1723, 19718
2026/08/12 04:03:46.248, 1723, 19718
2026/08/12 04:03:48.249, 1723, 19718
2026/08/12 04:03:50.250, 1723, 19718
2026/08/12 04:03:52.252, 1723, 19718
2026/08/12 04:03:54.254, 1723, 19718
2026/08/12 04:03:56.255, 1723, 19718
2026/08/12 04:03:58.256, 1723, 19718
2026/08/12 04:04:00.258, 1723, 19718
2026/08/12 04:04:02.259, 1723, 19718
2026/08/12 04:04:04.260, 1723, 19718
2026/08/12 04:04:06.262, 1723, 19718
2026/08/12 04:04:08.264, 1723, 19718
2026/08/12 04:04:10.265, 1723, 19718
2026/08/12 04:04:12.267, 1723, 19718
2026/08/12 04:04:14.268, 1723, 19718
2026/08/12 04:04:16.269, 1723, 19718
2026/08/12 04:04:18.271, 1723, 19718
2026/08/12 04:04:20.272, 1723, 19718
2026/08/12 04:04:22.273, 1723, 19718
2026/08/12 04:04:24.274, 1723, 19718
2026/08/12 04:04:26.276, 1723, 19718
2026/08/12 04:04:28.277, 1723, 19718
2026/08/12 04:04:30.278, 1723, 19718
2026/08/12 04:04:32.280, 1723, 19718
2026/08/12 04:04:34.281, 1723, 19718
2026/08/12 04:04:36.283, 1723, 19718
2026/08/12 04:04:38.284, 1723, 19718
2026/08/12 04:04:40.285, 1723, 19718
2026/08/12 04:04:42.286, 1723, 19718
2026/08/12 04:04:44.287, 1723, 19718
2026/08/12 04:04:46.288, 1723, 19718
2026/08/12 04:04:48.289, 1723, 19718
2026/08/12 04:04:50.290, 1723, 19718
2026/08/12 04:04:52.290, 1723, 19718
2026/08/12 04:04:54.292, 1723, 19718
2026/08/12 04:04:56.293, 1723, 19718
2026/08/12 04:04:58.294, 1723, 19718
2026/08/12 04:05:00.295, 1723, 19718
2026/08/12 04:05:02.297, 1723, 19718
2026/08/12 04:05:04.298, 1723, 19718
2026/08/12 04:05:06.300, 1723, 19718
2026/08/12 04:05:08.301, 1723, 19718
2026/08/12 04:05:10.302, 1723, 19718
2026/08/12 04:05:12.303, 1723, 19718
2026/08/12 04:05:14.304, 1723, 19718
2026/08/12 04:05:16.305, 1723, 19718
2026/08/12 04:05:18.306, 1723, 19718
2026/08/12 04:05:20.307, 1723, 19718
2026/08/12 04:05:22.308, 1723, 19718
2026/08/12 04:05:24.309, 1723, 19718
2026/08/12 04:05:26.311, 1723, 19718
2026/08/12 04:05:28.312, 1723, 19718
2026/08/12 04:05:30.314, 1723, 19718
2026/08/12 04:05:32.314, 1723, 19718
2026/08/12 04:05:34.316, 1723, 19718
2026/08/12 04:05:36.317, 1723, 19718
2026/08/12 04:05:38.318, 1723, 19718
2026/08/12 04:05:40.320, 1723, 19718
2026/08/12 04:05:42.321, 1723, 19718
2026/08/12 04:05:44.323, 1723, 19718
2026/08/12 04:05:46.324, 1723, 19718
2026/08/12 04:05:48.325, 1723, 19718
2026/08/12 04:05:50.327, 1723, 19718
2026/08/12 04:05:52.328, 1723, 19718
2026/08/12 04:05:54.329, 1723, 19718
2026/08/12 04:05:56.330, 1723, 19718
2026/08/12 04:05:58.332, 1723, 19718
2026/08/12 04:06:00.332, 1723, 19718
2026/08/12 04:06:02.334, 1723, 19718
2026/08/12 04:06:04.335, 1723, 19718
2026/08/12 04:06:06.336, 1723, 19718
2026/08/12 04:06:08.338, 1723, 19718
2026/08/12 04:06:10.338, 1723, 19718
2026/08/12 04:06:12.339, 1723, 19718
2026/08/12 04:06:14.340, 1723, 19718
2026/08/12 04:06:16.340, 1723, 19718
2026/08/12 04:06:18.341, 1723, 19718
2026/08/12 04:06:20.342, 1723, 19718
2026/08/12 04:06:22.343, 1723, 19718
2026/08/12 04:06:24.345, 1723, 19718
2026/08/12 04:06:26.345, 1723, 19718
2026/08/12 04:06:28.346, 1723, 19718
2026/08/12 04:06:30.347, 1723, 19718
2026/08/12 04:06:32.347, 1723, 19718
2026/08/12 04:06:34.348, 1723, 19718
2026/08/12 04:06:36.350, 1723, 19718
2026/08/12 04:06:38.350, 1723, 19718
2026/08/12 04:06:40.351, 1723, 19718
2026/08/12 04:06:42.352, 1723, 19718
2026/08/12 04:06:44.352, 1723, 19718
2026/08/12 04:06:46.353, 1723, 19718
2026/08/12 04:06:48.355, 1723, 19718
2026/08/12 04:06:50.357, 1723, 19718
2026/08/12 04:06:52.357, 1723, 19718
2026/08/12 04:06:54.358, 1723, 19718
2026/08/12 04:06:56.362, 1723, 19718
2026/08/12 04:06:58.363, 1723, 19718
2026/08/12 04:07:00.364, 1723, 19718
2026/08/12 04:07:02.365, 1723, 19718
2026/08/12 04:07:04.366, 1723, 19718
2026/08/12 04:07:06.367, 1723, 19718
2026/08/12 04:07:08.368, 1723, 19718
2026/08/12 04:07:10.369, 1723, 19718
2026/08/12 04:07:12.369, 1723, 19718
2026/08/12 04:07:14.370, 1723, 19718
2026/08/12 04:07:16.372, 1723, 19718
2026/08/12 04:07:18.372, 1723, 19718
2026/08/12 04:07:20.374, 1723, 19718
2026/08/12 04:07:22.375, 1723, 19718
2026/08/12 04:07:24.376, 1723, 19718
2026/08/12 04:07:26.377, 1723, 19718
2026/08/12 04:07:28.379, 1723, 19718
2026/08/12 04:07:30.380, 1723, 19718
2026/08/12 04:07:32.381, 1723, 19718
2026/08/12 04:07:34.382, 1723, 19718
2026/08/12 04:07:36.384, 1723, 19718
2026/08/12 04:07:38.385, 1723, 19718
2026/08/12 04:07:40.386, 1723, 19718
2026/08/12 04:07:42.387, 1723, 19718
2026/08/12 04:07:44.388, 1723, 19718
2026/08/12 04:07:46.389, 1723, 19718
2026/08/12 04:07:48.390, 1723, 19718
2026/08/12 04:07:50.392, 1723, 19718
2026/08/12 04:07:52.393, 1723, 19718
2026/08/12 04:07:54.394, 1723, 19718
2026/08/12 04:07:56.395, 1723, 19718
2026/08/12 04:07:58.397, 1723, 19718
2026/08/12 04:08:00.398, 1723, 19718
2026/08/12 04:08:02.399, 1723, 19718
2026/08/12 04:08:04.400, 1723, 19718
2026/08/12 04:08:06.402, 1723, 19718
2026/08/12 04:08:08.403, 1723, 19718
2026/08/12 04:08:10.404, 1723, 19718
2026/08/12 04:08:12.406, 1723, 19718
2026/08/12 04:08:14.407, 1723, 19718
2026/08/12 04:08:16.409, 1723, 19718
2026/08/12 04:08:18.410, 1723, 19718
2026/08/12 04:08:20.411, 1723, 19718
2026/08/12 04:08:22.413, 1723, 19718
2026/08/12 04:08:24.414, 1723, 19718
2026/08/12 04:08:26.415, 1723, 19718
2026/08/12 04:08:28.417, 1723, 19718
2026/08/12 04:08:30.418, 1723, 19718
2026/08/12 04:08:32.419, 1723, 19718
2026/08/12 04:08:34.420, 1723, 19718
2026/08/12 04:08:36.422, 1723, 19718
2026/08/12 04:08:38.423, 1723, 19718
2026/08/12 04:08:40.424, 1723, 19718
2026/08/12 04:08:42.425, 1723, 19718
2026/08/12 04:08:44.427, 1723, 19718
2026/08/12 04:08:46.428, 1723, 19718
2026/08/12 04:08:48.429, 1723, 19718
2026/08/12 04:08:50.430, 1723, 19718
2026/08/12 04:08:52.432, 1723, 19718
2026/08/12 04:08:54.433, 1723, 19718
2026/08/12 04:08:56.434, 1723, 19718
2026/08/12 04:08:58.436, 1723, 19718
2026/08/12 04:09:00.437, 1723, 19718
2026/08/12 04:09:02.438, 1723, 19718
2026/08/12 04:09:04.440, 1723, 19718
2026/08/12 04:09:06.441, 1723, 19718
2026/08/12 04:09:08.442, 1723, 19718
2026/08/12 04:09:10.444, 1723, 19718
2026/08/12 04:09:12.445, 1723, 19718
2026/08/12 04:09:14.446, 1723, 19718
2026/08/12 04:09:16.448, 1723, 19718
2026/08/12 04:09:18.449, 1723, 19718
2026/08/12 04:09:20.450, 1723, 19718
2026/08/12 04:09:22.452, 1723, 19718
2026/08/12 04:09:24.453, 1723, 19718
2026/08/12 04:09:26.455, 1723, 19718
2026/08/12 04:09:28.456, 1723, 19718
2026/08/12 04:09:30.457, 1723, 19718
2026/08/12 04:09:32.459, 1723, 19718
2026/08/12 04:09:34.461, 1723, 19718
2026/08/12 04:09:36.462, 1723, 19718
2026/08/12 04:09:38.464, 1723, 19718
2026/08/12 04:09:40.465, 1723, 19718
2026/08/12 04:09:42.467, 1723, 19718
2026/08/12 04:09:44.468, 1723, 19718
2026/08/12 04:09:46.469, 1723, 19718
2026/08/12 04:09:48.470, 1723, 19718
2026/08/12 04:09:50.472, 1723, 19718
2026/08/12 04:09:52.473, 1723, 19718
2026/08/12 04:09:54.474, 1723, 19718
2026/08/12 04:09:56.476, 1723, 19718
2026/08/12 04:09:58.477, 1723, 19718
2026/08/12 04:10:00.479, 1723, 19718
2026/08/12 04:10:02.480, 1723, 19718
2026/08/12 04:10:04.481, 1723, 19718
2026/08/12 04:10:06.483, 1723, 19718
2026/08/12 04:10:08.484, 1723, 19718
2026/08/12 04:10:10.485, 1723, 19718
2026/08/12 04:10:12.486, 1723, 19718
2026/08/12 04:10:14.488, 1723, 19718
2026/08/12 04:10:16.489, 1723, 19718
2026/08/12 04:10:18.490, 1723, 19718
2026/08/12 04:10:20.492, 1723, 19718
2026/08/12 04:10:22.493, 1723, 19718
2026/08/12 04:10:24.494, 1723, 19718
2026/08/12 04:10:26.495, 1723, 19718
2026/08/12 04:10:28.496, 1723, 19718
2026/08/12 04:10:30.497, 1723, 19718
2026/08/12 04:10:32.498, 1723, 19718
2026/08/12 04:10:34.500, 1723, 19718
2026/08/12 04:10:36.502, 1723, 19718
2026/08/12 04:10:38.504, 1723, 19718
2026/08/12 04:10:40.504, 1723, 19718
2026/08/12 04:10:42.506, 1723, 19718
2026/08/12 04:10:44.508, 1723, 19718
2026/08/12 04:10:46.508, 1723, 19718
2026/08/12 04:10:48.510, 1723, 19718
2026/08/12 04:10:50.511, 1723, 19718
2026/08/12 04:10:52.512, 1723, 19718
2026/08/12 04:10:54.514, 1723, 19718
2026/08/12 04:10:56.515, 1723, 19718
2026/08/12 04:10:58.516, 1723, 19718
2026/08/12 04:11:00.518, 1723, 19718
2026/08/12 04:11:02.519, 1723, 19718
2026/08/12 04:11:04.520, 1723, 19718
2026/08/12 04:11:06.521, 1723, 19718
2026/08/12 04:11:08.523, 1723, 19718
2026/08/12 04:11:10.525, 1723, 19718
2026/08/12 04:11:12.526, 1723, 19718
2026/08/12 04:11:14.527, 1723, 19718
2026/08/12 04:11:16.528, 1723, 19718
2026/08/12 04:11:18.530, 1723, 19718
2026/08/12 04:11:20.531, 1723, 19718
2026/08/12 04:11:22.532, 1723, 19718
2026/08/12 04:11:24.533, 1723, 19718
2026/08/12 04:11:26.534, 1723, 19718
2026/08/12 04:11:28.535, 1723, 19718
2026/08/12 04:11:30.536, 1723, 19718
2026/08/12 04:11:32.537, 1723, 19718
2026/08/12 04:11:34.539, 1723, 19718
2026/08/12 04:11:36.540, 1723, 19718
2026/08/12 04:11:38.541, 1723, 19718
2026/08/12 04:11:40.542, 1723, 19718
2026/08/12 04:11:42.543, 1723, 19718
2026/08/12 04:11:44.544, 1723, 19718
2026/08/12 04:11:46.546, 1723, 19718
2026/08/12 04:11:48.547, 1723, 19718
2026/08/12 04:11:50.548, 1723, 19718
2026/08/12 04:11:52.549, 1723, 19718
2026/08/12 04:11:54.550, 1723, 19718
2026/08/12 04:11:56.552, 1723, 19718
2026/08/12 04:11:58.553, 1723, 19718
2026/08/12 04:12:00.554, 1723, 19718
2026/08/12 04:12:02.555, 1723, 19718
2026/08/12 04:12:04.556, 1723, 19718
2026/08/12 04:12:06.558, 1723, 19718
2026/08/12 04:12:08.559, 1723, 19718
2026/08/12 04:12:10.560, 1723, 19718
2026/08/12 04:12:12.561, 1723, 19718
2026/08/12 04:12:14.562, 1723, 19718
2026/08/12 04:12:16.563, 1723, 19718
2026/08/12 04:12:18.564, 1723, 19718
2026/08/12 04:12:20.565, 1723, 19718
2026/08/12 04:12:22.565, 1723, 19718
2026/08/12 04:12:24.566, 1723, 19718
2026/08/12 04:12:26.567, 1723, 19718
2026/08/12 04:12:28.568, 1723, 19718
2026/08/12 04:12:30.569, 1723, 19718
2026/08/12 04:12:32.570, 1723, 19718
2026/08/12 04:12:34.571, 1723, 19718
2026/08/12 04:12:36.572, 1723, 19718
2026/08/12 04:12:38.573, 1723, 19718
2026/08/12 04:12:40.575, 1723, 19718
2026/08/12 04:12:42.577, 1723, 19718
2026/08/12 04:12:44.578, 1723, 19718
2026/08/12 04:12:46.579, 1723, 19718
2026/08/12 04:12:48.580, 1723, 19718
2026/08/12 04:12:50.581, 1723, 19718
2026/08/12 04:12:52.581, 1723, 19718
2026/08/12 04:12:54.582, 1723, 19718
2026/08/12 04:12:56.583, 1723, 19718
2026/08/12 04:12:58.584, 1723, 19718
2026/08/12 04:13:00.584, 1723, 19718
2026/08/12 04:13:02.585, 1723, 19718
2026/08/12 04:13:04.587, 1723, 19718
2026/08/12 04:13:06.589, 1723, 19718
2026/08/12 04:13:08.589, 1723, 19718
2026/08/12 04:13:10.591, 1723, 19718
2026/08/12 04:13:12.592, 1723, 19718
2026/08/12 04:13:14.593, 1723, 19718
2026/08/12 04:13:16.594, 1723, 19718
2026/08/12 04:13:18.594, 1723, 19718
2026/08/12 04:13:20.595, 1723, 19718
2026/08/12 04:13:22.597, 1723, 19718
2026/08/12 04:13:24.598, 1723, 19718
2026/08/12 04:13:26.599, 1723, 19718
2026/08/12 04:13:28.600, 1723, 19718
2026/08/12 04:13:30.601, 1723, 19718
2026/08/12 04:13:32.602, 1723, 19718
2026/08/12 04:13:34.603, 1723, 19718
2026/08/12 04:13:36.604, 1723, 19718
2026/08/12 04:13:38.606, 1723, 19718
2026/08/12 04:13:40.607, 1723, 19718
2026/08/12 04:13:42.608, 1723, 19718
2026/08/12 04:13:44.609, 1723, 19718
2026/08/12 04:13:46.610, 1723, 19718
2026/08/12 04:13:48.611, 1723, 19718
2026/08/12 04:13:50.613, 1723, 19718
2026/08/12 04:13:52.613, 1723, 19718
2026/08/12 04:13:54.614, 1723, 19718
2026/08/12 04:13:56.615, 1723, 19718
2026/08/12 04:13:58.616, 1723, 19718
2026/08/12 04:14:00.617, 1723, 19718
2026/08/12 04:14:02.618, 1723, 19718
2026/08/12 04:14:04.619, 1723, 19718
2026/08/12 04:14:06.620, 1723, 19718
2026/08/12 04:14:08.621, 1723, 19718
2026/08/12 04:14:10.622, 1723, 19718
2026/08/12 04:14:12.623, 1723, 19718
2026/08/12 04:14:14.623, 1723, 19718
2026/08/12 04:14:16.624, 1723, 19718
2026/08/12 04:14:18.625, 1723, 19718
2026/08/12 04:14:20.627, 1723, 19718
2026/08/12 04:14:22.628, 1723, 19718
2026/08/12 04:14:24.629, 1723, 19718
2026/08/12 04:14:26.630, 1723, 19718
2026/08/12 04:14:28.631, 1723, 19718
2026/08/12 04:14:30.632, 1723, 19718
2026/08/12 04:14:32.633, 1723, 19718
2026/08/12 04:14:34.635, 1723, 19718
2026/08/12 04:14:36.636, 1723, 19718
2026/08/12 04:14:38.637, 1723, 19718
2026/08/12 04:14:40.638, 1723, 19718
2026/08/12 04:14:42.641, 1723, 19718
2026/08/12 04:14:44.642, 1723, 19718
2026/08/12 04:14:46.643, 1723, 19718
2026/08/12 04:14:48.644, 1723, 19718
2026/08/12 04:14:50.646, 1723, 19718
2026/08/12 04:14:52.647, 1723, 19718
2026/08/12 04:14:54.648, 1723, 19718
2026/08/12 04:14:56.649, 1723, 19718
2026/08/12 04:14:58.650, 1723, 19718
2026/08/12 04:15:00.651, 1723, 19718
2026/08/12 04:15:02.652, 1723, 19718
2026/08/12 04:15:04.653, 1723, 19718
2026/08/12 04:15:06.655, 1723, 19718
2026/08/12 04:15:08.656, 1723, 19718
2026/08/12 04:15:10.657, 1723, 19718
2026/08/12 04:15:12.658, 1723, 19718
2026/08/12 04:15:14.659, 1723, 19718
2026/08/12 04:15:16.660, 1723, 19718
2026/08/12 04:15:18.661, 1723, 19718
2026/08/12 04:15:20.662, 1723, 19718
2026/08/12 04:15:22.664, 1723, 19718
2026/08/12 04:15:24.665, 1723, 19718
2026/08/12 04:15:26.667, 1723, 19718
2026/08/12 04:15:28.668, 1723, 19718
2026/08/12 04:15:30.670, 1723, 19718
2026/08/12 04:15:32.671, 1723, 19718
2026/08/12 04:15:34.672, 1723, 19718
2026/08/12 04:15:36.674, 1723, 19718
2026/08/12 04:15:38.675, 1723, 19718
2026/08/12 04:15:40.676, 1723, 19718
2026/08/12 04:15:42.737, 1723, 19718
2026/08/12 04:15:44.739, 1723, 19718
2026/08/12 04:15:46.740, 1723, 19718
2026/08/12 04:15:48.742, 1723, 19718
2026/08/12 04:15:50.743, 1723, 19718
2026/08/12 04:15:52.744, 1723, 19718
2026/08/12 04:15:54.745, 1723, 19718
2026/08/12 04:15:56.747, 1723, 19718
2026/08/12 04:15:58.748, 1723, 19718
2026/08/12 04:16:00.749, 1723, 19718
2026/08/12 04:16:02.751, 1723, 19718
2026/08/12 04:16:04.752, 1723, 19718
2026/08/12 04:16:06.753, 1723, 19718
2026/08/12 04:16:08.754, 1723, 19718
2026/08/12 04:16:10.756, 1723, 19718
2026/08/12 04:16:12.756, 1723, 19718
2026/08/12 04:16:14.757, 1723, 19718
2026/08/12 04:16:16.758, 1723, 19718
2026/08/12 04:16:18.759, 1723, 19718
2026/08/12 04:16:20.760, 1723, 19718
2026/08/12 04:16:22.761, 1723, 19718
2026/08/12 04:16:24.763, 1723, 19718
2026/08/12 04:16:26.764, 1723, 19718
2026/08/12 04:16:28.766, 1723, 19718
2026/08/12 04:16:30.767, 1723, 19718
2026/08/12 04:16:32.768, 1723, 19718
2026/08/12 04:16:34.770, 1723, 19718
2026/08/12 04:16:36.771, 1723, 19718
2026/08/12 04:16:38.773, 1723, 19718
2026/08/12 04:16:40.774, 1723, 19718
2026/08/12 04:16:42.775, 1723, 19718
2026/08/12 04:16:44.777, 1723, 19718
2026/08/12 04:16:46.778, 1723, 19718
2026/08/12 04:16:48.779, 1723, 19718
2026/08/12 04:16:50.780, 1723, 19718
2026/08/12 04:16:52.781, 1723, 19718
2026/08/12 04:16:54.782, 1723, 19718
2026/08/12 04:16:56.783, 1723, 19718
2026/08/12 04:16:58.784, 1723, 19718
2026/08/12 04:17:00.785, 1723, 19718
2026/08/12 04:17:02.786, 1723, 19718
2026/08/12 04:17:04.787, 1723, 19718
2026/08/12 04:17:06.788, 1723, 19718
2026/08/12 04:17:08.790, 1723, 19718
2026/08/12 04:17:10.791, 1723, 19718
2026/08/12 04:17:12.792, 1723, 19718
2026/08/12 04:17:14.793, 1723, 19718
2026/08/12 04:17:16.794, 1723, 19718
2026/08/12 04:17:18.796, 1723, 19718
2026/08/12 04:17:20.797, 1723, 19718
2026/08/12 04:17:22.798, 1723, 19718
2026/08/12 04:17:24.799, 1723, 19718
2026/08/12 04:17:26.806, 1723, 19718
2026/08/12 04:17:28.807, 1723, 19718
2026/08/12 04:17:30.808, 1723, 19718
2026/08/12 04:17:32.809, 1723, 19718
2026/08/12 04:17:34.811, 1723, 19718
2026/08/12 04:17:36.812, 1723, 19718
2026/08/12 04:17:38.813, 1723, 19718
2026/08/12 04:17:40.814, 1723, 19718
2026/08/12 04:17:42.815, 1723, 19718
2026/08/12 04:17:44.816, 1723, 19718
2026/08/12 04:17:46.817, 1723, 19718
2026/08/12 04:17:48.819, 1723, 19718
2026/08/12 04:17:50.820, 1723, 19718
2026/08/12 04:17:52.821, 1723, 19718
2026/08/12 04:17:54.822, 1723, 19718
2026/08/12 04:17:56.823, 1723, 19718
2026/08/12 04:17:58.823, 1723, 19718
2026/08/12 04:18:00.824, 1723, 19718
2026/08/12 04:18:02.825, 1723, 19718
2026/08/12 04:18:04.828, 1723, 19718
2026/08/12 04:18:06.829, 1723, 19718
2026/08/12 04:18:08.830, 1723, 19718
2026/08/12 04:18:10.831, 1723, 19718
2026/08/12 04:18:12.833, 1723, 19718
2026/08/12 04:18:14.834, 1723, 19718
2026/08/12 04:18:16.835, 1723, 19718
2026/08/12 04:18:18.836, 1723, 19718
2026/08/12 04:18:20.838, 1723, 19718
2026/08/12 04:18:22.839, 1723, 19718
2026/08/12 04:18:24.841, 1723, 19718
2026/08/12 04:18:26.842, 1723, 19718
2026/08/12 04:18:28.842, 1723, 19718
2026/08/12 04:18:30.843, 1723, 19718
2026/08/12 04:18:32.844, 1723, 19718
2026/08/12 04:18:34.845, 1723, 19718
2026/08/12 04:18:36.846, 1723, 19718
2026/08/12 04:18:38.847, 1723, 19718
2026/08/12 04:18:40.848, 1723, 19718
2026/08/12 04:18:42.849, 1723, 19718
2026/08/12 04:18:44.850, 1723, 19718
2026/08/12 04:18:46.851, 1723, 19718
2026/08/12 04:18:48.853, 1723, 19718
2026/08/12 04:18:50.855, 1723, 19718
2026/08/12 04:18:52.856, 1723, 19718
2026/08/12 04:18:54.858, 1723, 19718
2026/08/12 04:18:56.860, 1723, 19718
2026/08/12 04:18:58.862, 1723, 19718
2026/08/12 04:19:00.864, 1723, 19718
2026/08/12 04:19:02.866, 1723, 19718
2026/08/12 04:19:04.867, 1723, 19718
2026/08/12 04:19:06.869, 1723, 19718
2026/08/12 04:19:08.871, 1723, 19718
2026/08/12 04:19:10.872, 1723, 19718
2026/08/12 04:19:12.875, 1723, 19718
2026/08/12 04:19:14.877, 1723, 19718
2026/08/12 04:19:16.878, 1723, 19718
2026/08/12 04:19:18.880, 1723, 19718
2026/08/12 04:19:20.882, 1723, 19718
2026/08/12 04:19:22.884, 1723, 19718
2026/08/12 04:19:24.885, 1723, 19718
2026/08/12 04:19:26.887, 1723, 19718
2026/08/12 04:19:28.888, 1723, 19718
2026/08/12 04:19:30.890, 1723, 19718
2026/08/12 04:19:32.891, 1723, 19718
2026/08/12 04:19:34.893, 1723, 19718
2026/08/12 04:19:36.895, 1723, 19718
2026/08/12 04:19:38.896, 1723, 19718
2026/08/12 04:19:40.898, 1723, 19718
2026/08/12 04:19:42.899, 1723, 19718
2026/08/12 04:19:44.901, 1723, 19718
2026/08/12 04:19:46.903, 1723, 19718
2026/08/12 04:19:48.904, 1723, 19718
2026/08/12 04:19:50.906, 1723, 19718
2026/08/12 04:19:52.907, 1723, 19718
2026/08/12 04:19:54.909, 1723, 19718
2026/08/12 04:19:56.910, 1723, 19718
2026/08/12 04:19:58.912, 1723, 19718
2026/08/12 04:20:00.913, 1723, 19718
2026/08/12 04:20:02.915, 1723, 19718
2026/08/12 04:20:04.917, 1723, 19718
2026/08/12 04:20:06.919, 1723, 19718
2026/08/12 04:20:08.920, 1723, 19718
2026/08/12 04:20:10.921, 1723, 19718
2026/08/12 04:20:12.923, 1723, 19718
2026/08/12 04:20:14.924, 1723, 19718
2026/08/12 04:20:16.925, 1723, 19718
2026/08/12 04:20:18.926, 1723, 19718
2026/08/12 04:20:20.929, 1723, 19718
2026/08/12 04:20:22.930, 1723, 19718
2026/08/12 04:20:24.932, 1723, 19718
2026/08/12 04:20:26.933, 1723, 19718
2026/08/12 04:20:28.934, 1723, 19718
2026/08/12 04:20:30.935, 1723, 19718
2026/08/12 04:20:32.937, 1723, 19718
2026/08/12 04:20:34.938, 1723, 19718
2026/08/12 04:20:36.939, 1723, 19718
2026/08/12 04:20:38.940, 1723, 19718
2026/08/12 04:20:40.941, 1723, 19718
2026/08/12 04:20:42.942, 1723, 19718
2026/08/12 04:20:44.943, 1723, 19718
2026/08/12 04:20:46.944, 1723, 19718
2026/08/12 04:20:48.946, 1723, 19718
2026/08/12 04:20:50.947, 1723, 19718
2026/08/12 04:20:52.948, 1723, 19718
2026/08/12 04:20:54.949, 1723, 19718
2026/08/12 04:20:56.950, 1723, 19718
2026/08/12 04:20:58.951, 1723, 19718
2026/08/12 04:21:00.952, 1723, 19718
2026/08/12 04:21:02.954, 1723, 19718
2026/08/12 04:21:04.955, 1723, 19718
2026/08/12 04:21:06.956, 1723, 19718
2026/08/12 04:21:08.958, 1723, 19718
2026/08/12 04:21:10.959, 1723, 19718
2026/08/12 04:21:12.961, 1723, 19718
2026/08/12 04:21:14.963, 1723, 19718
2026/08/12 04:21:16.964, 1723, 19718
2026/08/12 04:21:18.966, 1723, 19718
2026/08/12 04:21:20.968, 1723, 19718
2026/08/12 04:21:22.969, 1723, 19718
2026/08/12 04:21:24.972, 1723, 19718
2026/08/12 04:21:26.973, 1723, 19718
2026/08/12 04:21:28.976, 1723, 19718
2026/08/12 04:21:30.977, 1723, 19718
2026/08/12 04:21:32.979, 1723, 19718
2026/08/12 04:21:34.980, 1723, 19718
2026/08/12 04:21:36.982, 1723, 19718
2026/08/12 04:21:38.983, 1723, 19718
2026/08/12 04:21:40.985, 1723, 19718
2026/08/12 04:21:42.986, 1723, 19718
2026/08/12 04:21:44.988, 1723, 19718
2026/08/12 04:21:46.989, 1723, 19718
2026/08/12 04:21:48.991, 1723, 19718
2026/08/12 04:21:50.993, 1723, 19718
2026/08/12 04:21:52.994, 1723, 19718
2026/08/12 04:21:54.996, 1723, 19718
2026/08/12 04:21:56.997, 1723, 19718
2026/08/12 04:21:58.998, 1723, 19718
2026/08/12 04:22:01.000, 1723, 19718
2026/08/12 04:22:03.001, 1723, 19718
2026/08/12 04:22:05.003, 1723, 19718
2026/08/12 04:22:07.005, 1723, 19718
2026/08/12 04:22:09.007, 1723, 19718
2026/08/12 04:22:11.009, 1723, 19718
2026/08/12 04:22:13.012, 1723, 19718
2026/08/12 04:22:15.013, 1723, 19718
2026/08/12 04:22:17.015, 1723, 19718
2026/08/12 04:22:19.017, 1723, 19718
2026/08/12 04:22:21.020, 1723, 19718
2026/08/12 04:22:23.022, 1723, 19718
2026/08/12 04:22:25.024, 1723, 19718
2026/08/12 04:22:27.026, 1723, 19718
2026/08/12 04:22:29.027, 1723, 19718
2026/08/12 04:22:31.028, 1723, 19718
2026/08/12 04:22:33.030, 1723, 19718
2026/08/12 04:22:35.032, 1723, 19718
2026/08/12 04:22:37.033, 1723, 19718
2026/08/12 04:22:39.035, 1723, 19718
2026/08/12 04:22:41.036, 1723, 19718
2026/08/12 04:22:43.038, 1723, 19718
2026/08/12 04:22:45.039, 1723, 19718
2026/08/12 04:22:47.041, 1723, 19718
2026/08/12 04:22:49.043, 1723, 19718
2026/08/12 04:22:51.044, 1723, 19718
2026/08/12 04:22:53.046, 1723, 19718
2026/08/12 04:22:55.048, 1723, 19718
2026/08/12 04:22:57.050, 1723, 19718
2026/08/12 04:22:59.051, 1723, 19718
2026/08/12 04:23:01.053, 1723, 19718
2026/08/12 04:23:03.054, 1723, 19718
2026/08/12 04:23:05.056, 1723, 19718
2026/08/12 04:23:07.057, 1723, 19718
2026/08/12 04:23:09.059, 1723, 19718
2026/08/12 04:23:11.060, 1723, 19718
2026/08/12 04:23:13.063, 1723, 19718
2026/08/12 04:23:15.064, 1723, 19718
2026/08/12 04:23:17.066, 1723, 19718
2026/08/12 04:23:19.068, 1723, 19718
2026/08/12 04:23:21.070, 1723, 19718
2026/08/12 04:23:23.073, 1723, 19718
2026/08/12 04:23:25.075, 1723, 19718
2026/08/12 04:23:27.077, 1723, 19718
2026/08/12 04:23:29.079, 1723, 19718
2026/08/12 04:23:31.082, 1723, 19718
2026/08/12 04:23:33.083, 1723, 19718
2026/08/12 04:23:35.084, 1723, 19718
2026/08/12 04:23:37.085, 1723, 19718
2026/08/12 04:23:39.086, 1723, 19718
2026/08/12 04:23:41.087, 1723, 19718
2026/08/12 04:23:43.088, 1723, 19718
2026/08/12 04:23:45.089, 1723, 19718
2026/08/12 04:23:47.090, 1723, 19718
2026/08/12 04:23:49.090, 1723, 19718
2026/08/12 04:23:51.093, 1723, 19718
2026/08/12 04:23:53.094, 1723, 19718
2026/08/12 04:23:55.095, 1723, 19718
2026/08/12 04:23:57.097, 1723, 19718
2026/08/12 04:23:59.098, 1723, 19718
2026/08/12 04:24:01.100, 1723, 19718
2026/08/12 04:24:03.101, 1723, 19718
2026/08/12 04:24:05.102, 1723, 19718
2026/08/12 04:24:07.103, 1723, 19718
2026/08/12 04:24:09.106, 1723, 19718
2026/08/12 04:24:11.107, 1723, 19718
2026/08/12 04:24:13.109, 1723, 19718
2026/08/12 04:24:15.110, 1723, 19718
2026/08/12 04:24:17.111, 1723, 19718
2026/08/12 04:24:19.112, 1723, 19718
2026/08/12 04:24:21.113, 1723, 19718
2026/08/12 04:24:23.114, 1723, 19718
2026/08/12 04:24:25.115, 1723, 19718
2026/08/12 04:24:27.116, 1723, 19718
2026/08/12 04:24:29.118, 1723, 19718
2026/08/12 04:24:31.119, 1723, 19718
2026/08/12 04:24:33.121, 1723, 19718
2026/08/12 04:24:35.122, 1723, 19718
2026/08/12 04:24:37.124, 1723, 19718
2026/08/12 04:24:39.125, 1723, 19718
2026/08/12 04:24:41.127, 1723, 19718
2026/08/12 04:24:43.129, 1723, 19718
2026/08/12 04:24:45.130, 1723, 19718
2026/08/12 04:24:47.132, 1723, 19718
2026/08/12 04:24:49.134, 1723, 19718
2026/08/12 04:24:51.135, 1723, 19718
2026/08/12 04:24:53.137, 1723, 19718
2026/08/12 04:24:55.139, 1723, 19718
2026/08/12 04:24:57.140, 1723, 19718
2026/08/12 04:24:59.142, 1723, 19718
2026/08/12 04:25:01.143, 1723, 19718
2026/08/12 04:25:03.146, 1723, 19718
2026/08/12 04:25:05.148, 1723, 19718
2026/08/12 04:25:07.149, 1723, 19718
2026/08/12 04:25:09.151, 1723, 19718
2026/08/12 04:25:11.152, 1723, 19718
2026/08/12 04:25:13.154, 1723, 19718
2026/08/12 04:25:15.156, 1723, 19718
2026/08/12 04:25:17.157, 1723, 19718
2026/08/12 04:25:19.159, 1723, 19718
2026/08/12 04:25:21.161, 1723, 19718
2026/08/12 04:25:23.162, 1723, 19718
2026/08/12 04:25:25.165, 1723, 19718
2026/08/12 04:25:27.166, 1723, 19718
2026/08/12 04:25:29.167, 1723, 19718
2026/08/12 04:25:31.168, 1723, 19718
2026/08/12 04:25:33.170, 1723, 19718
2026/08/12 04:25:35.173, 1723, 19718
2026/08/12 04:25:37.174, 1723, 19718
2026/08/12 04:25:39.176, 1723, 19718
2026/08/12 04:25:41.178, 1723, 19718
2026/08/12 04:25:43.179, 1723, 19718
2026/08/12 04:25:45.180, 1723, 19718
2026/08/12 04:25:47.181, 1723, 19718
2026/08/12 04:25:49.183, 1723, 19718
2026/08/12 04:25:51.185, 1723, 19718
2026/08/12 04:25:53.186, 1723, 19718
2026/08/12 04:25:55.190, 1723, 19718
2026/08/12 04:25:57.192, 1723, 19718
2026/08/12 04:25:59.196, 1723, 19718
2026/08/12 04:26:01.198, 1723, 19718
2026/08/12 04:26:03.200, 1723, 19718
2026/08/12 04:26:05.202, 1723, 19718
2026/08/12 04:26:07.204, 1723, 19718
2026/08/12 04:26:09.206, 1723, 19718
2026/08/12 04:26:11.209, 1723, 19718
2026/08/12 04:26:13.210, 1723, 19718
2026/08/12 04:26:15.212, 1723, 19718
2026/08/12 04:26:17.213, 1723, 19718
2026/08/12 04:26:19.214, 1723, 19718
2026/08/12 04:26:21.216, 1723, 19718
2026/08/12 04:26:23.218, 1723, 19718
2026/08/12 04:26:25.220, 1723, 19718
2026/08/12 04:26:27.220, 1723, 19718
2026/08/12 04:26:29.222, 1723, 19718
2026/08/12 04:26:31.224, 1723, 19718
2026/08/12 04:26:33.226, 1723, 19718
2026/08/12 04:26:35.228, 1723, 19718
2026/08/12 04:26:37.230, 1723, 19718
2026/08/12 04:26:39.232, 1723, 19718
2026/08/12 04:26:41.234, 1723, 19718
2026/08/12 04:26:43.236, 1723, 19718
2026/08/12 04:26:45.238, 1723, 19718
2026/08/12 04:26:47.239, 1723, 19718
2026/08/12 04:26:49.240, 1723, 19718
2026/08/12 04:26:51.241, 1723, 19718
2026/08/12 04:26:53.243, 1723, 19718
2026/08/12 04:26:55.244, 1723, 19718
2026/08/12 04:26:57.246, 1723, 19718
2026/08/12 04:26:59.247, 1723, 19718
2026/08/12 04:27:01.248, 1723, 19718
2026/08/12 04:27:03.249, 1723, 19718
2026/08/12 04:27:05.250, 1723, 19718
2026/08/12 04:27:07.252, 1723, 19718
2026/08/12 04:27:09.263, 1723, 19718
2026/08/12 04:27:11.265, 1723, 19718
2026/08/12 04:27:13.267, 1723, 19718
2026/08/12 04:27:15.268, 1723, 19718
2026/08/12 04:27:17.270, 1723, 19718
2026/08/12 04:27:19.272, 1723, 19718
2026/08/12 04:27:21.274, 1723, 19718
2026/08/12 04:27:23.275, 1723, 19718
2026/08/12 04:27:25.278, 1723, 19718
2026/08/12 04:27:27.279, 1723, 19718
2026/08/12 04:27:29.281, 1723, 19718
2026/08/12 04:27:31.282, 1723, 19718
2026/08/12 04:27:33.285, 1723, 19718
2026/08/12 04:27:35.286, 1723, 19718
2026/08/12 04:27:37.287, 1723, 19718
2026/08/12 04:27:39.288, 1723, 19718
2026/08/12 04:27:41.289, 1723, 19718
2026/08/12 04:27:43.290, 1723, 19718
2026/08/12 04:27:45.291, 1723, 19718
2026/08/12 04:27:47.292, 1723, 19718
2026/08/12 04:27:49.294, 1723, 19718
2026/08/12 04:27:51.296, 1723, 19718
2026/08/12 04:27:53.298, 1723, 19718
2026/08/12 04:27:55.300, 1723, 19718
2026/08/12 04:27:57.302, 1723, 19718
2026/08/12 04:27:59.304, 1723, 19718
2026/08/12 04:28:01.306, 1723, 19718
2026/08/12 04:28:03.310, 1723, 19718
2026/08/12 04:28:05.311, 1723, 19718
2026/08/12 04:28:07.313, 1723, 19718
2026/08/12 04:28:09.315, 1723, 19718
2026/08/12 04:28:11.316, 1723, 19718
2026/08/12 04:28:13.317, 1723, 19718
2026/08/12 04:28:15.317, 1723, 19718
2026/08/12 04:28:17.318, 1723, 19718
2026/08/12 04:28:19.319, 1723, 19718
2026/08/12 04:28:21.321, 1723, 19718
2026/08/12 04:28:23.322, 1723, 19718
2026/08/12 04:28:25.323, 1723, 19718
2026/08/12 04:28:27.324, 1723, 19718
2026/08/12 04:28:29.325, 1723, 19718
2026/08/12 04:28:31.326, 1723, 19718
2026/08/12 04:28:33.328, 1723, 19718
2026/08/12 04:28:35.329, 1723, 19718
2026/08/12 04:28:37.330, 1723, 19718
2026/08/12 04:28:39.331, 1723, 19718
2026/08/12 04:28:41.332, 1723, 19718
2026/08/12 04:28:43.333, 1723, 19718
2026/08/12 04:28:45.335, 1723, 19718
2026/08/12 04:28:47.335, 1723, 19718
2026/08/12 04:28:49.336, 1723, 19718
2026/08/12 04:28:51.337, 1723, 19718
2026/08/12 04:28:53.337, 1723, 19718
2026/08/12 04:28:55.339, 1723, 19718
2026/08/12 04:28:57.340, 1723, 19718
2026/08/12 04:28:59.342, 1723, 19718
2026/08/12 04:29:01.343, 1723, 19718
2026/08/12 04:29:03.345, 1723, 19718
2026/08/12 04:29:05.346, 1723, 19718
2026/08/12 04:29:07.348, 1723, 19718
2026/08/12 04:29:09.349, 1723, 19718
2026/08/12 04:29:11.350, 1723, 19718
2026/08/12 04:29:13.351, 1723, 19718
2026/08/12 04:29:15.352, 1723, 19718
2026/08/12 04:29:17.353, 1723, 19718
2026/08/12 04:29:19.354, 1723, 19718
2026/08/12 04:29:21.355, 1723, 19718
2026/08/12 04:29:23.356, 1723, 19718
2026/08/12 04:29:25.358, 1723, 19718
2026/08/12 04:29:27.359, 1723, 19718
2026/08/12 04:29:29.360, 1723, 19718
2026/08/12 04:29:31.362, 1723, 19718
2026/08/12 04:29:33.363, 1723, 19718
2026/08/12 04:29:35.364, 1723, 19718
2026/08/12 04:29:37.366, 1723, 19718
2026/08/12 04:29:39.367, 1723, 19718
2026/08/12 04:29:41.370, 1723, 19718
2026/08/12 04:29:43.371, 1723, 19718
2026/08/12 04:29:45.372, 1723, 19718
2026/08/12 04:29:47.373, 1723, 19718
2026/08/12 04:29:49.374, 1723, 19718
2026/08/12 04:29:51.375, 1723, 19718
2026/08/12 04:29:53.375, 1723, 19718
2026/08/12 04:29:55.377, 1723, 19718
2026/08/12 04:29:57.377, 1723, 19718
2026/08/12 04:29:59.378, 1723, 19718
2026/08/12 04:30:01.380, 1723, 19718
2026/08/12 04:30:03.381, 1723, 19718
2026/08/12 04:30:05.383, 1723, 19718
2026/08/12 04:30:07.385, 1723, 19718
2026/08/12 04:30:09.386, 1723, 19718
2026/08/12 04:30:11.387, 1723, 19718
2026/08/12 04:30:13.388, 1723, 19718
2026/08/12 04:30:15.389, 1723, 19718
2026/08/12 04:30:17.391, 1723, 19718
2026/08/12 04:30:19.392, 1723, 19718
2026/08/12 04:30:21.392, 1723, 19718
2026/08/12 04:30:23.393, 1723, 19718
2026/08/12 04:30:25.394, 1723, 19718
2026/08/12 04:30:27.395, 1723, 19718
2026/08/12 04:30:29.396, 1723, 19718
2026/08/12 04:30:31.397, 1723, 19718
2026/08/12 04:30:33.399, 1723, 19718
2026/08/12 04:30:35.400, 1723, 19718
2026/08/12 04:30:37.401, 1723, 19718
2026/08/12 04:30:39.402, 1723, 19718
2026/08/12 04:30:41.403, 1723, 19718
2026/08/12 04:30:43.404, 1723, 19718
2026/08/12 04:30:45.405, 1723, 19718
2026/08/12 04:30:47.407, 1723, 19718
2026/08/12 04:30:49.408, 1723, 19718
2026/08/12 04:30:51.410, 1723, 19718
2026/08/12 04:30:53.411, 1723, 19718
2026/08/12 04:30:55.412, 1723, 19718
2026/08/12 04:30:57.413, 1723, 19718
2026/08/12 04:30:59.415, 1723, 19718
2026/08/12 04:31:01.416, 1723, 19718
2026/08/12 04:31:03.417, 1723, 19718
2026/08/12 04:31:05.419, 1723, 19718
2026/08/12 04:31:07.420, 1723, 19718
2026/08/12 04:31:09.422, 1723, 19718
2026/08/12 04:31:11.423, 1723, 19718
2026/08/12 04:31:13.424, 1723, 19718
2026/08/12 04:31:15.426, 1723, 19718
2026/08/12 04:31:17.427, 1723, 19718
2026/08/12 04:31:19.429, 1723, 19718
2026/08/12 04:31:21.431, 1723, 19718
2026/08/12 04:31:23.433, 1723, 19718
2026/08/12 04:31:25.435, 1723, 19718
2026/08/12 04:31:27.438, 1723, 19718
2026/08/12 04:31:29.442, 1723, 19718
2026/08/12 04:31:31.444, 1723, 19718
2026/08/12 04:31:33.446, 1723, 19718
2026/08/12 04:31:35.448, 1723, 19718
2026/08/12 04:31:37.449, 1723, 19718
2026/08/12 04:31:39.450, 1723, 19718
2026/08/12 04:31:41.451, 1723, 19718
2026/08/12 04:31:43.453, 1723, 19718
2026/08/12 04:31:45.454, 1723, 19718
2026/08/12 04:31:47.455, 1723, 19718
2026/08/12 04:31:49.456, 1723, 19718
2026/08/12 04:31:51.457, 1723, 19718
2026/08/12 04:31:53.459, 1723, 19718
2026/08/12 04:31:55.460, 1723, 19718
2026/08/12 04:31:57.461, 1723, 19718
2026/08/12 04:31:59.463, 1723, 19718
2026/08/12 04:32:01.464, 1723, 19718
2026/08/12 04:32:03.465, 1723, 19718
2026/08/12 04:32:05.467, 1723, 19718
2026/08/12 04:32:07.468, 1723, 19718
2026/08/12 04:32:09.470, 1723, 19718
2026/08/12 04:32:11.471, 1723, 19718
2026/08/12 04:32:13.472, 1723, 19718
2026/08/12 04:32:15.475, 1723, 19718
2026/08/12 04:32:17.476, 1723, 19718
2026/08/12 04:32:19.477, 1723, 19718
2026/08/12 04:32:21.478, 1723, 19718
2026/08/12 04:32:23.479, 1723, 19718
2026/08/12 04:32:25.480, 1723, 19718
2026/08/12 04:32:27.482, 1723, 19718
2026/08/12 04:32:29.484, 1723, 19718
2026/08/12 04:32:31.485, 1723, 19718
2026/08/12 04:32:33.487, 1723, 19718
2026/08/12 04:32:35.487, 1723, 19718
2026/08/12 04:32:37.488, 1723, 19718
2026/08/12 04:32:39.489, 1723, 19718
2026/08/12 04:32:41.490, 1723, 19718
2026/08/12 04:32:43.491, 1723, 19718
2026/08/12 04:32:45.492, 1723, 19718
2026/08/12 04:32:47.493, 1723, 19718
2026/08/12 04:32:49.494, 1723, 19718
2026/08/12 04:32:51.496, 1723, 19718
2026/08/12 04:32:53.497, 1723, 19718
2026/08/12 04:32:55.498, 1723, 19718
2026/08/12 04:32:57.499, 1723, 19718
2026/08/12 04:32:59.500, 1723, 19718
2026/08/12 04:33:01.501, 1723, 19718
2026/08/12 04:33:03.502, 1723, 19718
2026/08/12 04:33:05.503, 1723, 19718
2026/08/12 04:33:07.504, 1723, 19718
2026/08/12 04:33:09.505, 1723, 19718
2026/08/12 04:33:11.506, 1723, 19718
2026/08/12 04:33:13.507, 1723, 19718
2026/08/12 04:33:15.509, 1723, 19718
2026/08/12 04:33:17.510, 1723, 19718
2026/08/12 04:33:19.511, 1723, 19718
2026/08/12 04:33:21.512, 1723, 19718
2026/08/12 04:33:23.513, 1723, 19718
2026/08/12 04:33:25.514, 1723, 19718
2026/08/12 04:33:27.516, 1723, 19718
2026/08/12 04:33:29.517, 1723, 19718
2026/08/12 04:33:31.519, 1723, 19718
2026/08/12 04:33:33.520, 1723, 19718
2026/08/12 04:33:35.523, 1723, 19718
2026/08/12 04:33:37.524, 1723, 19718
2026/08/12 04:33:39.525, 1723, 19718
2026/08/12 04:33:41.526, 1723, 19718
2026/08/12 04:33:43.528, 1723, 19718
2026/08/12 04:33:45.529, 1723, 19718
2026/08/12 04:33:47.530, 1723, 19718
2026/08/12 04:33:49.531, 1723, 19718
2026/08/12 04:33:51.533, 1723, 19718
2026/08/12 04:33:53.533, 1723, 19718
2026/08/12 04:33:55.535, 1723, 19718
2026/08/12 04:33:57.537, 1723, 19718
2026/08/12 04:33:59.538, 1723, 19718
2026/08/12 04:34:01.541, 1723, 19718
2026/08/12 04:34:03.542, 1723, 19718
2026/08/12 04:34:05.543, 1723, 19718
2026/08/12 04:34:07.544, 1723, 19718
2026/08/12 04:34:09.545, 1723, 19718
2026/08/12 04:34:11.546, 1723, 19718
2026/08/12 04:34:13.548, 1723, 19718
2026/08/12 04:34:15.549, 1723, 19718
2026/08/12 04:34:17.550, 1723, 19718
2026/08/12 04:34:19.553, 1723, 19718
2026/08/12 04:34:21.554, 1723, 19718
2026/08/12 04:34:23.555, 1723, 19718
2026/08/12 04:34:25.556, 1723, 19718
2026/08/12 04:34:27.557, 1723, 19718
2026/08/12 04:34:29.559, 1723, 19718
2026/08/12 04:34:31.560, 1723, 19718
2026/08/12 04:34:33.561, 1723, 19718
2026/08/12 04:34:35.562, 1723, 19718
2026/08/12 04:34:37.563, 1723, 19718
2026/08/12 04:34:39.565, 1723, 19718
2026/08/12 04:34:41.566, 1723, 19718
2026/08/12 04:34:43.567, 1723, 19718
2026/08/12 04:34:45.569, 1723, 19718
2026/08/12 04:34:47.570, 1723, 19718
2026/08/12 04:34:49.571, 1723, 19718
2026/08/12 04:34:51.572, 1723, 19718
2026/08/12 04:34:53.575, 1723, 19718
2026/08/12 04:34:55.576, 1723, 19718
2026/08/12 04:34:57.578, 1723, 19718
2026/08/12 04:34:59.579, 1723, 19718
2026/08/12 04:35:01.580, 1723, 19718
2026/08/12 04:35:03.581, 1723, 19718
2026/08/12 04:35:05.583, 1723, 19718
2026/08/12 04:35:07.584, 1723, 19718
2026/08/12 04:35:09.585, 1723, 19718
2026/08/12 04:35:11.586, 1723, 19718
2026/08/12 04:35:13.587, 1723, 19718
2026/08/12 04:35:15.588, 1723, 19718
2026/08/12 04:35:17.589, 1723, 19718
2026/08/12 04:35:19.590, 1723, 19718
2026/08/12 04:35:21.592, 1723, 19718
2026/08/12 04:35:23.593, 1723, 19718
2026/08/12 04:35:25.595, 1723, 19718
2026/08/12 04:35:27.596, 1723, 19718
2026/08/12 04:35:29.597, 1723, 19718
2026/08/12 04:35:31.598, 1723, 19718
2026/08/12 04:35:33.599, 1723, 19718
2026/08/12 04:35:35.600, 1723, 19718
2026/08/12 04:35:37.601, 1723, 19718
2026/08/12 04:35:39.603, 1723, 19718
2026/08/12 04:35:41.604, 1723, 19718
2026/08/12 04:35:43.605, 1723, 19718
2026/08/12 04:35:45.606, 1723, 19718
2026/08/12 04:35:47.607, 1723, 19718
2026/08/12 04:35:49.608, 1723, 19718
2026/08/12 04:35:51.610, 1723, 19718
2026/08/12 04:35:53.611, 1723, 19718
2026/08/12 04:35:55.614, 1723, 19718
2026/08/12 04:35:57.615, 1723, 19718
2026/08/12 04:35:59.616, 1723, 19718
2026/08/12 04:36:01.617, 1723, 19718
2026/08/12 04:36:03.618, 1723, 19718
2026/08/12 04:36:05.619, 1723, 19718
2026/08/12 04:36:07.620, 1723, 19718
2026/08/12 04:36:09.621, 1723, 19718
2026/08/12 04:36:11.622, 1723, 19718
2026/08/12 04:36:13.623, 1723, 19718
2026/08/12 04:36:15.626, 1723, 19718
2026/08/12 04:36:17.628, 1723, 19718
2026/08/12 04:36:19.630, 1723, 19718
2026/08/12 04:36:21.631, 1723, 19718
2026/08/12 04:36:23.632, 1723, 19718
2026/08/12 04:36:25.633, 1723, 19718
2026/08/12 04:36:27.634, 1723, 19718
2026/08/12 04:36:29.635, 1723, 19718
2026/08/12 04:36:31.636, 1723, 19718
2026/08/12 04:36:33.637, 1723, 19718
2026/08/12 04:36:35.638, 1723, 19718
2026/08/12 04:36:37.639, 1723, 19718
2026/08/12 04:36:39.640, 1723, 19718
2026/08/12 04:36:41.641, 1723, 19718
2026/08/12 04:36:43.642, 1723, 19718
2026/08/12 04:36:45.643, 1723, 19718
2026/08/12 04:36:47.644, 1723, 19718
2026/08/12 04:36:49.645, 1723, 19718
2026/08/12 04:36:51.646, 1723, 19718
2026/08/12 04:36:53.647, 1723, 19718
2026/08/12 04:36:55.648, 1723, 19718
2026/08/12 04:36:57.649, 1723, 19718
2026/08/12 04:36:59.650, 1723, 19718
2026/08/12 04:37:01.651, 1723, 19718
2026/08/12 04:37:03.653, 1723, 19718
2026/08/12 04:37:05.655, 1723, 19718
2026/08/12 04:37:07.656, 1723, 19718
2026/08/12 04:37:09.657, 1723, 19718
2026/08/12 04:37:11.658, 1723, 19718
2026/08/12 04:37:13.659, 1723, 19718
2026/08/12 04:37:15.660, 1723, 19718
2026/08/12 04:37:17.661, 1723, 19718
2026/08/12 04:37:19.665, 1723, 19718
2026/08/12 04:37:21.668, 1723, 19718
2026/08/12 04:37:23.669, 1723, 19718
2026/08/12 04:37:25.670, 1723, 19718
2026/08/12 04:37:27.674, 1723, 19718
2026/08/12 04:37:29.675, 1723, 19718
2026/08/12 04:37:31.676, 1723, 19718
2026/08/12 04:37:33.679, 1723, 19718
2026/08/12 04:37:35.680, 1723, 19718
2026/08/12 04:37:37.681, 1723, 19718
2026/08/12 04:37:39.682, 1723, 19718
2026/08/12 04:37:41.683, 1723, 19718
2026/08/12 04:37:43.684, 1723, 19718
2026/08/12 04:37:45.687, 1723, 19718
2026/08/12 04:37:47.688, 1723, 19718
2026/08/12 04:37:49.689, 1723, 19718
2026/08/12 04:37:51.690, 1723, 19718
2026/08/12 04:37:53.691, 1723, 19718
2026/08/12 04:37:55.692, 1723, 19718
2026/08/12 04:37:57.693, 1723, 19718
2026/08/12 04:37:59.694, 1723, 19718
2026/08/12 04:38:01.695, 1723, 19718
2026/08/12 04:38:03.696, 1723, 19718
2026/08/12 04:38:05.697, 1723, 19718
2026/08/12 04:38:07.698, 1723, 19718
2026/08/12 04:38:09.705, 1723, 19718
2026/08/12 04:38:11.706, 1723, 19718
2026/08/12 04:38:13.708, 1723, 19718
2026/08/12 04:38:15.711, 1723, 19718
2026/08/12 04:38:17.714, 1723, 19718
2026/08/12 04:38:19.717, 1723, 19718
2026/08/12 04:38:21.720, 1723, 19718
2026/08/12 04:38:23.721, 1723, 19718
2026/08/12 04:38:25.722, 1723, 19718
2026/08/12 04:38:27.723, 1723, 19718
2026/08/12 04:38:29.724, 1723, 19718
2026/08/12 04:38:31.725, 1723, 19718
2026/08/12 04:38:33.726, 1723, 19718
2026/08/12 04:38:35.727, 1723, 19718
2026/08/12 04:38:37.729, 1723, 19718
2026/08/12 04:38:39.730, 1723, 19718
2026/08/12 04:38:41.731, 1723, 19718
2026/08/12 04:38:43.732, 1723, 19718
2026/08/12 04:38:45.733, 1723, 19718
2026/08/12 04:38:47.734, 1723, 19718
2026/08/12 04:38:49.735, 1723, 19718
2026/08/12 04:38:51.737, 1723, 19718
2026/08/12 04:38:53.739, 1723, 19718
2026/08/12 04:38:55.740, 1723, 19718
2026/08/12 04:38:57.740, 1723, 19718
2026/08/12 04:38:59.741, 1723, 19718
2026/08/12 04:39:01.742, 1723, 19718
2026/08/12 04:39:03.743, 1723, 19718
2026/08/12 04:39:05.744, 1723, 19718
2026/08/12 04:39:07.745, 1723, 19718
2026/08/12 04:39:09.746, 1723, 19718
2026/08/12 04:39:11.747, 1723, 19718
2026/08/12 04:39:13.749, 1723, 19718
2026/08/12 04:39:15.750, 1723, 19718
2026/08/12 04:39:17.751, 1723, 19718
2026/08/12 04:39:19.752, 1723, 19718
2026/08/12 04:39:21.753, 1723, 19718
2026/08/12 04:39:23.754, 1723, 19718
2026/08/12 04:39:25.755, 1723, 19718
2026/08/12 04:39:27.756, 1723, 19718
2026/08/12 04:39:29.757, 1723, 19718
2026/08/12 04:39:31.758, 1723, 19718
2026/08/12 04:39:33.759, 1723, 19718
2026/08/12 04:39:35.760, 1723, 19718
2026/08/12 04:39:37.761, 1723, 19718
2026/08/12 04:39:39.764, 1723, 19718
2026/08/12 04:39:41.765, 1723, 19718
2026/08/12 04:39:43.767, 1723, 19718
2026/08/12 04:39:45.768, 1723, 19718
2026/08/12 04:39:47.768, 1723, 19718
2026/08/12 04:39:49.772, 1723, 19718
2026/08/12 04:39:51.773, 1723, 19718
2026/08/12 04:39:53.775, 1723, 19718
2026/08/12 04:39:55.776, 1723, 19718
2026/08/12 04:39:57.777, 1723, 19718
2026/08/12 04:39:59.778, 1723, 19718
2026/08/12 04:40:01.779, 1723, 19718
2026/08/12 04:40:03.780, 1723, 19718
2026/08/12 04:40:05.782, 1723, 19718
2026/08/12 04:40:07.783, 1723, 19718
2026/08/12 04:40:09.785, 1723, 19718
2026/08/12 04:40:11.786, 1723, 19718
2026/08/12 04:40:13.787, 1723, 19718
2026/08/12 04:40:15.788, 1723, 19718
2026/08/12 04:40:17.791, 1723, 19718
2026/08/12 04:40:19.792, 1723, 19718
2026/08/12 04:40:21.793, 1723, 19718
2026/08/12 04:40:23.794, 1723, 19718
2026/08/12 04:40:25.795, 1723, 19718
2026/08/12 04:40:27.797, 1723, 19718
2026/08/12 04:40:29.798, 1723, 19718
2026/08/12 04:40:31.801, 1723, 19718
2026/08/12 04:40:33.802, 1723, 19718
2026/08/12 04:40:35.803, 1723, 19718
2026/08/12 04:40:37.805, 1723, 19718
2026/08/12 04:40:39.807, 1723, 19718
2026/08/12 04:40:41.808, 1723, 19718
2026/08/12 04:40:43.809, 1723, 19718
2026/08/12 04:40:45.810, 1723, 19718
2026/08/12 04:40:47.812, 1723, 19718
2026/08/12 04:40:49.813, 1723, 19718
2026/08/12 04:40:51.814, 1723, 19718
2026/08/12 04:40:53.816, 1723, 19718
2026/08/12 04:40:55.817, 1723, 19718
2026/08/12 04:40:57.818, 1723, 19718
2026/08/12 04:40:59.821, 1723, 19718
2026/08/12 04:41:01.822, 1723, 19718
2026/08/12 04:41:03.823, 1723, 19718
2026/08/12 04:41:05.826, 1723, 19718
2026/08/12 04:41:07.827, 1723, 19718
2026/08/12 04:41:09.828, 1723, 19718
2026/08/12 04:41:11.829, 1723, 19718
2026/08/12 04:41:13.830, 1723, 19718
2026/08/12 04:41:15.831, 1723, 19718
2026/08/12 04:41:17.832, 1723, 19718
2026/08/12 04:41:19.832, 1723, 19718
2026/08/12 04:41:21.833, 1723, 19718
2026/08/12 04:41:23.835, 1723, 19718
2026/08/12 04:41:25.836, 1723, 19718
2026/08/12 04:41:27.837, 1723, 19718
2026/08/12 04:41:29.838, 1723, 19718
2026/08/12 04:41:31.840, 1723, 19718
2026/08/12 04:41:33.841, 1723, 19718
2026/08/12 04:41:35.841, 1723, 19718
2026/08/12 04:41:37.842, 1723, 19718
2026/08/12 04:41:39.843, 1723, 19718
2026/08/12 04:41:41.843, 1723, 19718
2026/08/12 04:41:43.844, 1723, 19718
2026/08/12 04:41:45.845, 1723, 19718
2026/08/12 04:41:47.846, 1723, 19718
2026/08/12 04:41:49.847, 1723, 19718
2026/08/12 04:41:51.848, 1723, 19718
2026/08/12 04:41:53.850, 1723, 19718
2026/08/12 04:41:55.852, 1723, 19718
2026/08/12 04:41:57.854, 1723, 19718
2026/08/12 04:41:59.856, 1723, 19718
2026/08/12 04:42:01.858, 1723, 19718
2026/08/12 04:42:03.859, 1723, 19718
2026/08/12 04:42:05.860, 1723, 19718
2026/08/12 04:42:07.861, 1723, 19718
2026/08/12 04:42:09.862, 1723, 19718
2026/08/12 04:42:11.863, 1723, 19718
2026/08/12 04:42:13.864, 1723, 19718
2026/08/12 04:42:15.865, 1723, 19718
2026/08/12 04:42:17.866, 1723, 19718
2026/08/12 04:42:19.866, 1723, 19718
2026/08/12 04:42:21.867, 1723, 19718
2026/08/12 04:42:23.868, 1723, 19718
2026/08/12 04:42:25.869, 1723, 19718
2026/08/12 04:42:27.870, 1723, 19718
2026/08/12 04:42:29.873, 1723, 19718
2026/08/12 04:42:31.874, 1723, 19718
2026/08/12 04:42:33.875, 1723, 19718
2026/08/12 04:42:35.877, 1723, 19718
2026/08/12 04:42:37.877, 1723, 19718
2026/08/12 04:42:39.878, 1723, 19718
2026/08/12 04:42:41.880, 1723, 19718
2026/08/12 04:42:43.881, 1723, 19718
2026/08/12 04:42:45.881, 1723, 19718
2026/08/12 04:42:47.882, 1723, 19718
2026/08/12 04:42:49.883, 1723, 19718
2026/08/12 04:42:51.884, 1723, 19718
2026/08/12 04:42:53.885, 1723, 19718
2026/08/12 04:42:55.885, 1723, 19718
2026/08/12 04:42:57.886, 1723, 19718
2026/08/12 04:42:59.887, 1723, 19718
2026/08/12 04:43:01.888, 1723, 19718
2026/08/12 04:43:03.888, 1723, 19718
2026/08/12 04:43:05.889, 1723, 19718
2026/08/12 04:43:07.890, 1723, 19718
2026/08/12 04:43:09.891, 1723, 19718
2026/08/12 04:43:11.891, 1723, 19718
2026/08/12 04:43:13.892, 1723, 19718
2026/08/12 04:43:15.893, 1723, 19718
2026/08/12 04:43:17.893, 1723, 19718
2026/08/12 04:43:19.894, 1723, 19718
2026/08/12 04:43:21.895, 1723, 19718
2026/08/12 04:43:23.896, 1723, 19718
2026/08/12 04:43:25.897, 1723, 19718
2026/08/12 04:43:27.898, 1723, 19718
2026/08/12 04:43:29.900, 1723, 19718
2026/08/12 04:43:31.901, 1723, 19718
2026/08/12 04:43:33.902, 1723, 19718
2026/08/12 04:43:35.903, 1723, 19718
2026/08/12 04:43:37.904, 1723, 19718
2026/08/12 04:43:39.905, 1723, 19718
2026/08/12 04:43:41.906, 1723, 19718
2026/08/12 04:43:43.907, 1723, 19718
2026/08/12 04:43:45.908, 1723, 19718
2026/08/12 04:43:47.909, 1723, 19718
2026/08/12 04:43:49.910, 1723, 19718
2026/08/12 04:43:51.912, 1723, 19718
2026/08/12 04:43:53.913, 1723, 19718
2026/08/12 04:43:55.914, 1723, 19718
2026/08/12 04:43:57.915, 1723, 19718
2026/08/12 04:43:59.916, 1723, 19718
2026/08/12 04:44:01.917, 1723, 19718
2026/08/12 04:44:03.918, 1723, 19718
2026/08/12 04:44:05.919, 1723, 19718
2026/08/12 04:44:07.919, 1723, 19718
2026/08/12 04:44:09.920, 1723, 19718
2026/08/12 04:44:11.921, 1723, 19718
2026/08/12 04:44:13.922, 1723, 19718
2026/08/12 04:44:15.924, 1723, 19718
2026/08/12 04:44:17.925, 1723, 19718
2026/08/12 04:44:19.926, 1723, 19718
2026/08/12 04:44:21.927, 1723, 19718
2026/08/12 04:44:23.928, 1723, 19718
2026/08/12 04:44:25.929, 1723, 19718
2026/08/12 04:44:27.930, 1723, 19718
2026/08/12 04:44:29.930, 1723, 19718
2026/08/12 04:44:31.931, 1723, 19718
2026/08/12 04:44:33.932, 1723, 19718
2026/08/12 04:44:35.933, 1723, 19718
2026/08/12 04:44:37.934, 1723, 19718
2026/08/12 04:44:39.935, 1723, 19718
2026/08/12 04:44:41.936, 1723, 19718
2026/08/12 04:44:43.938, 1723, 19718
2026/08/12 04:44:45.939, 1723, 19718
2026/08/12 04:44:47.940, 1723, 19718
2026/08/12 04:44:49.941, 1723, 19718
2026/08/12 04:44:51.943, 1723, 19718
2026/08/12 04:44:53.944, 1723, 19718
2026/08/12 04:44:55.945, 1723, 19718
2026/08/12 04:44:57.946, 1723, 19718
2026/08/12 04:44:59.948, 1723, 19718
2026/08/12 04:45:01.949, 1723, 19718
2026/08/12 04:45:03.950, 1723, 19718
2026/08/12 04:45:05.952, 1723, 19718
2026/08/12 04:45:07.953, 1723, 19718
2026/08/12 04:45:09.955, 1723, 19718
2026/08/12 04:45:11.956, 1723, 19718
2026/08/12 04:45:13.957, 1723, 19718
2026/08/12 04:45:15.958, 1723, 19718
2026/08/12 04:45:17.959, 1723, 19718
2026/08/12 04:45:19.960, 1723, 19718
2026/08/12 04:45:21.961, 1723, 19718
2026/08/12 04:45:23.962, 1723, 19718
2026/08/12 04:45:25.963, 1723, 19718
2026/08/12 04:45:27.964, 1723, 19718
2026/08/12 04:45:29.966, 1723, 19718
2026/08/12 04:45:31.967, 1723, 19718
2026/08/12 04:45:33.968, 1723, 19718
2026/08/12 04:45:35.969, 1723, 19718
2026/08/12 04:45:37.970, 1723, 19718
2026/08/12 04:45:39.971, 1723, 19718
2026/08/12 04:45:41.972, 1723, 19718
2026/08/12 04:45:43.973, 1723, 19718
2026/08/12 04:45:45.974, 1723, 19718
2026/08/12 04:45:47.976, 1723, 19718
2026/08/12 04:45:49.976, 1723, 19718
2026/08/12 04:45:51.978, 1723, 19718
2026/08/12 04:45:53.979, 1723, 19718
2026/08/12 04:45:55.980, 1723, 19718
2026/08/12 04:45:57.981, 1723, 19718
2026/08/12 04:45:59.982, 1723, 19718
2026/08/12 04:46:01.982, 1723, 19718
2026/08/12 04:46:03.983, 1723, 19718
2026/08/12 04:46:05.984, 1723, 19718
2026/08/12 04:46:07.985, 1723, 19718
2026/08/12 04:46:09.986, 1723, 19718
2026/08/12 04:46:11.987, 1723, 19718
2026/08/12 04:46:13.989, 1723, 19718
2026/08/12 04:46:15.990, 1723, 19718
2026/08/12 04:46:17.991, 1723, 19718
2026/08/12 04:46:19.992, 1723, 19718
2026/08/12 04:46:21.993, 1723, 19718
2026/08/12 04:46:23.994, 1723, 19718
2026/08/12 04:46:25.995, 1723, 19718
2026/08/12 04:46:27.996, 1723, 19718
2026/08/12 04:46:29.997, 1723, 19718
2026/08/12 04:46:31.999, 1723, 19718
2026/08/12 04:46:34.000, 1723, 19718
2026/08/12 04:46:36.003, 1723, 19718
2026/08/12 04:46:38.004, 1723, 19718
2026/08/12 04:46:40.005, 1723, 19718
2026/08/12 04:46:42.005, 1723, 19718
2026/08/12 04:46:44.007, 1723, 19718
2026/08/12 04:46:46.007, 1723, 19718
2026/08/12 04:46:48.008, 1723, 19718
2026/08/12 04:46:50.009, 1723, 19718
2026/08/12 04:46:52.010, 1723, 19718
2026/08/12 04:46:54.012, 1723, 19718
2026/08/12 04:46:56.013, 1723, 19718
2026/08/12 04:46:58.014, 1723, 19718
2026/08/12 04:47:00.014, 1723, 19718
2026/08/12 04:47:02.015, 1723, 19718
2026/08/12 04:47:04.016, 1723, 19718
2026/08/12 04:47:06.017, 1723, 19718
2026/08/12 04:47:08.019, 1723, 19718
2026/08/12 04:47:10.020, 1723, 19718
2026/08/12 04:47:12.021, 1723, 19718
2026/08/12 04:47:14.023, 1723, 19718
2026/08/12 04:47:16.024, 1723, 19718
2026/08/12 04:47:18.025, 1723, 19718
2026/08/12 04:47:20.027, 1723, 19718
2026/08/12 04:47:22.028, 1723, 19718
2026/08/12 04:47:24.030, 1723, 19718
2026/08/12 04:47:26.031, 1723, 19718
2026/08/12 04:47:28.033, 1723, 19718
2026/08/12 04:47:30.035, 1723, 19718
2026/08/12 04:47:32.037, 1723, 19718
2026/08/12 04:47:34.039, 1723, 19718
2026/08/12 04:47:36.041, 1723, 19718
2026/08/12 04:47:38.042, 1723, 19718
2026/08/12 04:47:40.044, 1723, 19718
2026/08/12 04:47:42.046, 1723, 19718
2026/08/12 04:47:44.048, 1723, 19718
2026/08/12 04:47:46.049, 1723, 19718
2026/08/12 04:47:48.051, 1723, 19718
2026/08/12 04:47:50.053, 1723, 19718
2026/08/12 04:47:52.054, 1723, 19718
2026/08/12 04:47:54.056, 1723, 19718
2026/08/12 04:47:56.058, 1723, 19718
2026/08/12 04:47:58.060, 1723, 19718
2026/08/12 04:48:00.061, 1723, 19718
2026/08/12 04:48:02.063, 1723, 19718
2026/08/12 04:48:04.065, 1723, 19718
2026/08/12 04:48:06.066, 1723, 19718
2026/08/12 04:48:08.068, 1723, 19718
2026/08/12 04:48:10.070, 1723, 19718
2026/08/12 04:48:12.071, 1723, 19718
2026/08/12 04:48:14.073, 1723, 19718
2026/08/12 04:48:16.074, 1723, 19718
2026/08/12 04:48:18.076, 1723, 19718
2026/08/12 04:48:20.077, 1723, 19718
2026/08/12 04:48:22.079, 1723, 19718
2026/08/12 04:48:24.080, 1723, 19718
2026/08/12 04:48:26.081, 1723, 19718
2026/08/12 04:48:28.083, 1723, 19718
2026/08/12 04:48:30.084, 1723, 19718
2026/08/12 04:48:32.086, 1723, 19718
2026/08/12 04:48:34.087, 1723, 19718
2026/08/12 04:48:36.089, 1723, 19718
2026/08/12 04:48:38.091, 1723, 19718
2026/08/12 04:48:40.092, 1723, 19718
2026/08/12 04:48:42.094, 1723, 19718
2026/08/12 04:48:44.094, 1723, 19718
2026/08/12 04:48:46.095, 1723, 19718
2026/08/12 04:48:48.096, 1723, 19718
2026/08/12 04:48:50.097, 1723, 19718
2026/08/12 04:48:52.097, 1723, 19718
2026/08/12 04:48:54.098, 1723, 19718
2026/08/12 04:48:56.099, 1723, 19718
2026/08/12 04:48:58.100, 1723, 19718
2026/08/12 04:49:00.101, 1723, 19718
2026/08/12 04:49:02.103, 1723, 19718
2026/08/12 04:49:04.104, 1723, 19718
2026/08/12 04:49:06.106, 1723, 19718
2026/08/12 04:49:08.108, 1723, 19718
2026/08/12 04:49:10.109, 1723, 19718
2026/08/12 04:49:12.111, 1723, 19718
2026/08/12 04:49:14.113, 1723, 19718
2026/08/12 04:49:16.114, 1723, 19718
2026/08/12 04:49:18.116, 1723, 19718
2026/08/12 04:49:20.119, 1723, 19718
2026/08/12 04:49:22.120, 1723, 19718
2026/08/12 04:49:24.123, 1723, 19718
2026/08/12 04:49:26.124, 1723, 19718
2026/08/12 04:49:28.125, 1723, 19718
2026/08/12 04:49:30.127, 1723, 19718
2026/08/12 04:49:32.129, 1723, 19718
2026/08/12 04:49:34.130, 1723, 19718
2026/08/12 04:49:36.131, 1723, 19718
2026/08/12 04:49:38.133, 1723, 19718
2026/08/12 04:49:40.133, 1723, 19718
2026/08/12 04:49:42.135, 1723, 19718
2026/08/12 04:49:44.136, 1723, 19718
2026/08/12 04:49:46.137, 1723, 19718
2026/08/12 04:49:48.138, 1723, 19718
2026/08/12 04:49:50.140, 1723, 19718
2026/08/12 04:49:52.141, 1723, 19718
2026/08/12 04:49:54.143, 1723, 19718
2026/08/12 04:49:56.144, 1723, 19718
2026/08/12 04:49:58.146, 1723, 19718
2026/08/12 04:50:00.147, 1723, 19718
2026/08/12 04:50:02.149, 1723, 19718
2026/08/12 04:50:04.150, 1723, 19718
2026/08/12 04:50:06.152, 1723, 19718
2026/08/12 04:50:08.154, 1723, 19718
2026/08/12 04:50:10.155, 1723, 19718
2026/08/12 04:50:12.157, 1723, 19718
2026/08/12 04:50:14.158, 1723, 19718
2026/08/12 04:50:16.159, 1723, 19718
2026/08/12 04:50:18.160, 1723, 19718
2026/08/12 04:50:20.161, 1723, 19718
2026/08/12 04:50:22.163, 1723, 19718
2026/08/12 04:50:24.164, 1723, 19718
2026/08/12 04:50:26.166, 1723, 19718
2026/08/12 04:50:28.170, 1723, 19718
2026/08/12 04:50:30.172, 1723, 19718
2026/08/12 04:50:32.173, 1723, 19718
2026/08/12 04:50:34.174, 1723, 19718
2026/08/12 04:50:36.177, 1723, 19718
2026/08/12 04:50:38.178, 1723, 19718
2026/08/12 04:50:40.180, 1723, 19718
2026/08/12 04:50:42.181, 1723, 19718
2026/08/12 04:50:44.182, 1723, 19718
2026/08/12 04:50:46.184, 1723, 19718
2026/08/12 04:50:48.186, 1723, 19718
2026/08/12 04:50:50.188, 1723, 19718
2026/08/12 04:50:52.189, 1723, 19718
2026/08/12 04:50:54.191, 1723, 19718
2026/08/12 04:50:56.192, 1723, 19718
2026/08/12 04:50:58.194, 1723, 19718
2026/08/12 04:51:00.195, 1723, 19718
2026/08/12 04:51:02.197, 1723, 19718
2026/08/12 04:51:04.199, 1723, 19718
2026/08/12 04:51:06.201, 1723, 19718
2026/08/12 04:51:08.202, 1723, 19718
2026/08/12 04:51:10.204, 1723, 19718
2026/08/12 04:51:12.205, 1723, 19718
2026/08/12 04:51:14.206, 1723, 19718
2026/08/12 04:51:16.207, 1723, 19718
2026/08/12 04:51:18.209, 1723, 19718
2026/08/12 04:51:20.211, 1723, 19718
2026/08/12 04:51:22.212, 1723, 19718
2026/08/12 04:51:24.213, 1723, 19718
2026/08/12 04:51:26.214, 1723, 19718
2026/08/12 04:51:28.216, 1723, 19718
2026/08/12 04:51:30.217, 1723, 19718
2026/08/12 04:51:32.218, 1723, 19718
2026/08/12 04:51:34.219, 1723, 19718
2026/08/12 04:51:36.220, 1723, 19718
2026/08/12 04:51:38.221, 1723, 19718
2026/08/12 04:51:40.223, 1723, 19718
2026/08/12 04:51:42.224, 1723, 19718
2026/08/12 04:51:44.226, 1723, 19718
2026/08/12 04:51:46.227, 1723, 19718
2026/08/12 04:51:48.229, 1723, 19718
2026/08/12 04:51:50.232, 1723, 19718
2026/08/12 04:51:52.233, 1723, 19718
2026/08/12 04:51:54.236, 1723, 19718
2026/08/12 04:51:56.237, 1723, 19718
2026/08/12 04:51:58.238, 1723, 19718
2026/08/12 04:52:00.239, 1723, 19718
2026/08/12 04:52:02.240, 1723, 19718
2026/08/12 04:52:04.241, 1723, 19718
2026/08/12 04:52:06.242, 1723, 19718
2026/08/12 04:52:08.244, 1723, 19718
2026/08/12 04:52:10.245, 1723, 19718
2026/08/12 04:52:12.246, 1723, 19718
2026/08/12 04:52:14.247, 1723, 19718
2026/08/12 04:52:16.248, 1723, 19718
2026/08/12 04:52:18.249, 1723, 19718
2026/08/12 04:52:20.250, 1723, 19718
2026/08/12 04:52:22.251, 1723, 19718
2026/08/12 04:52:24.252, 1723, 19718
2026/08/12 04:52:26.254, 1723, 19718
2026/08/12 04:52:28.255, 1723, 19718
2026/08/12 04:52:30.257, 1723, 19718
2026/08/12 04:52:32.260, 1723, 19718
2026/08/12 04:52:34.262, 1723, 19718
2026/08/12 04:52:36.264, 1723, 19718
2026/08/12 04:52:38.265, 1723, 19718
2026/08/12 04:52:40.265, 1723, 19718
2026/08/12 04:52:42.268, 1723, 19718
2026/08/12 04:52:44.270, 1723, 19718
2026/08/12 04:52:46.271, 1723, 19718
2026/08/12 04:52:48.273, 1723, 19718
2026/08/12 04:52:50.274, 1723, 19718
2026/08/12 04:52:52.274, 1723, 19718
2026/08/12 04:52:54.275, 1723, 19718
2026/08/12 04:52:56.276, 1723, 19718
2026/08/12 04:52:58.280, 1723, 19718
2026/08/12 04:53:00.280, 1723, 19718
2026/08/12 04:53:02.281, 1723, 19718
2026/08/12 04:53:04.283, 1723, 19718
2026/08/12 04:53:06.284, 1723, 19718
2026/08/12 04:53:08.285, 1723, 19718
2026/08/12 04:53:10.287, 1723, 19718
2026/08/12 04:53:12.290, 1723, 19718
2026/08/12 04:53:14.291, 1723, 19718
2026/08/12 04:53:16.292, 1723, 19718
2026/08/12 04:53:18.293, 1723, 19718
2026/08/12 04:53:20.294, 1723, 19718
2026/08/12 04:53:22.295, 1723, 19718
2026/08/12 04:53:24.296, 1723, 19718
2026/08/12 04:53:26.296, 1723, 19718
2026/08/12 04:53:28.297, 1723, 19718
2026/08/12 04:53:30.300, 1723, 19718
2026/08/12 04:53:32.301, 1723, 19718
2026/08/12 04:53:34.302, 1723, 19718
2026/08/12 04:53:36.303, 1723, 19718
2026/08/12 04:53:38.304, 1723, 19718
2026/08/12 04:53:40.305, 1723, 19718
2026/08/12 04:53:42.306, 1723, 19718
2026/08/12 04:53:44.307, 1723, 19718
2026/08/12 04:53:46.308, 1723, 19718
2026/08/12 04:53:48.309, 1723, 19718
2026/08/12 04:53:50.310, 1723, 19718
2026/08/12 04:53:52.311, 1723, 19718
2026/08/12 04:53:54.314, 1723, 19718
2026/08/12 04:53:56.315, 1723, 19718
2026/08/12 04:53:58.316, 1723, 19718
2026/08/12 04:54:00.317, 1723, 19718
2026/08/12 04:54:02.318, 1723, 19718
2026/08/12 04:54:04.319, 1723, 19718
2026/08/12 04:54:06.319, 1723, 19718
2026/08/12 04:54:08.320, 1723, 19718
2026/08/12 04:54:10.321, 1723, 19718
2026/08/12 04:54:12.322, 1723, 19718
2026/08/12 04:54:14.323, 1723, 19718
2026/08/12 04:54:16.323, 1723, 19718
2026/08/12 04:54:18.326, 1723, 19718
2026/08/12 04:54:20.327, 1723, 19718
2026/08/12 04:54:22.329, 1723, 19718
2026/08/12 04:54:24.331, 1723, 19718
2026/08/12 04:54:26.331, 1723, 19718
2026/08/12 04:54:28.332, 1723, 19718
2026/08/12 04:54:30.333, 1723, 19718
2026/08/12 04:54:32.334, 1723, 19718
2026/08/12 04:54:34.335, 1723, 19718
2026/08/12 04:54:36.336, 1723, 19718
2026/08/12 04:54:38.338, 1723, 19718
2026/08/12 04:54:40.340, 1723, 19718
2026/08/12 04:54:42.341, 1723, 19718
2026/08/12 04:54:44.341, 1723, 19718
2026/08/12 04:54:46.342, 1723, 19718
2026/08/12 04:54:48.343, 1723, 19718
2026/08/12 04:54:50.344, 1723, 19718
2026/08/12 04:54:52.345, 1723, 19718
2026/08/12 04:54:54.346, 1723, 19718
2026/08/12 04:54:56.346, 1723, 19718
2026/08/12 04:54:58.348, 1723, 19718
2026/08/12 04:55:00.349, 1723, 19718
2026/08/12 04:55:02.350, 1723, 19718
2026/08/12 04:55:04.350, 1723, 19718
2026/08/12 04:55:06.353, 1723, 19718
2026/08/12 04:55:08.354, 1723, 19718
2026/08/12 04:55:10.355, 1723, 19718
2026/08/12 04:55:12.355, 1723, 19718
2026/08/12 04:55:14.356, 1723, 19718
2026/08/12 04:55:16.357, 1723, 19718
2026/08/12 04:55:18.358, 1723, 19718
2026/08/12 04:55:20.359, 1723, 19718
2026/08/12 04:55:22.360, 1723, 19718
2026/08/12 04:55:24.361, 1723, 19718
2026/08/12 04:55:26.361, 1723, 19718
2026/08/12 04:55:28.362, 1723, 19718
2026/08/12 04:55:30.365, 1723, 19718
2026/08/12 04:55:32.365, 1723, 19718
2026/08/12 04:55:34.366, 1723, 19718
2026/08/12 04:55:36.368, 1723, 19718
2026/08/12 04:55:38.369, 1723, 19718
2026/08/12 04:55:40.371, 1723, 19718
2026/08/12 04:55:42.372, 1723, 19718
2026/08/12 04:55:44.373, 1723, 19718
2026/08/12 04:55:46.373, 1723, 19718
2026/08/12 04:55:48.374, 1723, 19718
2026/08/12 04:55:50.375, 1723, 19718
2026/08/12 04:55:52.376, 1723, 19718
2026/08/12 04:55:54.376, 1723, 19718
2026/08/12 04:55:56.377, 1723, 19718
2026/08/12 04:55:58.378, 1723, 19718
2026/08/12 04:56:00.378, 1723, 19718
2026/08/12 04:56:02.381, 1723, 19718
2026/08/12 04:56:04.382, 1723, 19718
2026/08/12 04:56:06.382, 1723, 19718
2026/08/12 04:56:08.383, 1723, 19718
2026/08/12 04:56:10.384, 1723, 19718
2026/08/12 04:56:12.385, 1723, 19718
2026/08/12 04:56:14.386, 1723, 19718
2026/08/12 04:56:16.386, 1723, 19718
2026/08/12 04:56:18.387, 1723, 19718
2026/08/12 04:56:20.388, 1723, 19718
2026/08/12 04:56:22.389, 1723, 19718
2026/08/12 04:56:24.390, 1723, 19718
2026/08/12 04:56:26.393, 1723, 19718
2026/08/12 04:56:28.395, 1723, 19718
2026/08/12 04:56:30.396, 1723, 19718
2026/08/12 04:56:32.396, 1723, 19718
2026/08/12 04:56:34.398, 1723, 19718
2026/08/12 04:56:36.399, 1723, 19718
2026/08/12 04:56:38.400, 1723, 19718
2026/08/12 04:56:40.401, 1723, 19718
2026/08/12 04:56:42.402, 1723, 19718
2026/08/12 04:56:44.404, 1723, 19718
2026/08/12 04:56:46.405, 1723, 19718
2026/08/12 04:56:48.406, 1723, 19718
2026/08/12 04:56:50.406, 1723, 19718
2026/08/12 04:56:52.408, 1723, 19718
2026/08/12 04:56:54.409, 1723, 19718
2026/08/12 04:56:56.410, 1723, 19718
2026/08/12 04:56:58.410, 1723, 19718
2026/08/12 04:57:00.411, 1723, 19718
2026/08/12 04:57:02.412, 1723, 19718
2026/08/12 04:57:04.413, 1723, 19718
2026/08/12 04:57:06.413, 1723, 19718
2026/08/12 04:57:08.414, 1723, 19718
2026/08/12 04:57:10.415, 1723, 19718
2026/08/12 04:57:12.416, 1723, 19718
2026/08/12 04:57:14.416, 1723, 19718
2026/08/12 04:57:16.417, 1723, 19718
2026/08/12 04:57:18.420, 1723, 19718
2026/08/12 04:57:20.421, 1723, 19718
2026/08/12 04:57:22.423, 1723, 19718
2026/08/12 04:57:24.424, 1723, 19718
2026/08/12 04:57:26.425, 1723, 19718
2026/08/12 04:57:28.425, 1723, 19718
2026/08/12 04:57:30.426, 1723, 19718
2026/08/12 04:57:32.429, 1723, 19718
2026/08/12 04:57:34.431, 1723, 19718
2026/08/12 04:57:36.432, 1723, 19718
2026/08/12 04:57:38.433, 1723, 19718
2026/08/12 04:57:40.434, 1723, 19718
2026/08/12 04:57:42.435, 1723, 19718
2026/08/12 04:57:44.435, 1723, 19718
2026/08/12 04:57:46.437, 1723, 19718
2026/08/12 04:57:48.437, 1723, 19718
2026/08/12 04:57:50.439, 1723, 19718
2026/08/12 04:57:52.440, 1723, 19718
2026/08/12 04:57:54.441, 1723, 19718
2026/08/12 04:57:56.442, 1723, 19718
2026/08/12 04:57:58.443, 1723, 19718
2026/08/12 04:58:00.444, 1723, 19718
2026/08/12 04:58:02.445, 1723, 19718
2026/08/12 04:58:04.446, 1723, 19718
2026/08/12 04:58:06.447, 1723, 19718
2026/08/12 04:58:08.447, 1723, 19718
2026/08/12 04:58:10.448, 1723, 19718
2026/08/12 04:58:12.449, 1723, 19718
2026/08/12 04:58:14.450, 1723, 19718
2026/08/12 04:58:16.450, 1723, 19718
2026/08/12 04:58:18.451, 1723, 19718
2026/08/12 04:58:20.452, 1723, 19718
2026/08/12 04:58:22.453, 1723, 19718
2026/08/12 04:58:24.453, 1723, 19718
2026/08/12 04:58:26.454, 1723, 19718
2026/08/12 04:58:28.455, 1723, 19718
2026/08/12 04:58:30.455, 1723, 19718
2026/08/12 04:58:32.456, 1723, 19718
2026/08/12 04:58:34.457, 1723, 19718
2026/08/12 04:58:36.459, 1723, 19718
2026/08/12 04:58:38.459, 1723, 19718
2026/08/12 04:58:40.460, 1723, 19718
2026/08/12 04:58:42.461, 1723, 19718
2026/08/12 04:58:44.461, 1723, 19718
2026/08/12 04:58:46.462, 1723, 19718
2026/08/12 04:58:48.463, 1723, 19718
2026/08/12 04:58:50.464, 1723, 19718
2026/08/12 04:58:52.465, 1723, 19718
2026/08/12 04:58:54.466, 1723, 19718
2026/08/12 04:58:56.466, 1723, 19718
2026/08/12 04:58:58.472, 1723, 19718
2026/08/12 04:59:00.473, 1723, 19718
2026/08/12 04:59:02.473, 1723, 19718
2026/08/12 04:59:04.474, 1723, 19718
2026/08/12 04:59:06.475, 1723, 19718
2026/08/12 04:59:08.476, 1723, 19718
2026/08/12 04:59:10.477, 1723, 19718
2026/08/12 04:59:12.477, 1723, 19718
2026/08/12 04:59:14.478, 1723, 19718
2026/08/12 04:59:16.479, 1723, 19718
2026/08/12 04:59:18.480, 1723, 19718
2026/08/12 04:59:20.481, 1723, 19718
2026/08/12 04:59:22.483, 1723, 19718
2026/08/12 04:59:24.484, 1723, 19718
2026/08/12 04:59:26.485, 1723, 19718
2026/08/12 04:59:28.485, 1723, 19718
2026/08/12 04:59:30.486, 1723, 19718
2026/08/12 04:59:32.487, 1723, 19718
2026/08/12 04:59:34.488, 1723, 19718
2026/08/12 04:59:36.489, 1723, 19718
2026/08/12 04:59:38.491, 1723, 19718
2026/08/12 04:59:40.492, 1723, 19718
2026/08/12 04:59:42.493, 1723, 19718
2026/08/12 04:59:44.494, 1723, 19718
2026/08/12 04:59:46.495, 1723, 19718
2026/08/12 04:59:48.496, 1723, 19718
2026/08/12 04:59:50.497, 1723, 19718
2026/08/12 04:59:52.498, 1723, 19718
2026/08/12 04:59:54.498, 1723, 19718
2026/08/12 04:59:56.500, 1723, 19718
2026/08/12 04:59:58.501, 1723, 19718
2026/08/12 05:00:00.501, 1723, 19718
2026/08/12 05:00:02.502, 1723, 19718
2026/08/12 05:00:04.503, 1723, 19718
2026/08/12 05:00:06.504, 1723, 19718
2026/08/12 05:00:08.505, 1723, 19718
2026/08/12 05:00:10.506, 1723, 19718
2026/08/12 05:00:12.506, 1723, 19718
2026/08/12 05:00:14.510, 1723, 19718
2026/08/12 05:00:16.511, 1723, 19718
2026/08/12 05:00:18.512, 1723, 19718
2026/08/12 05:00:20.513, 1723, 19718
2026/08/12 05:00:22.515, 1723, 19718
2026/08/12 05:00:24.516, 1723, 19718
2026/08/12 05:00:26.518, 1723, 19718
2026/08/12 05:00:28.519, 1723, 19718
2026/08/12 05:00:30.520, 1723, 19718
2026/08/12 05:00:32.521, 1723, 19718
2026/08/12 05:00:34.522, 1723, 19718
2026/08/12 05:00:36.522, 1723, 19718
2026/08/12 05:00:38.523, 1723, 19718
2026/08/12 05:00:40.524, 1723, 19718
2026/08/12 05:00:42.524, 1723, 19718
2026/08/12 05:00:44.525, 1723, 19718
2026/08/12 05:00:46.526, 1723, 19718
2026/08/12 05:00:48.526, 1723, 19718
2026/08/12 05:00:50.527, 1723, 19718
2026/08/12 05:00:52.528, 1723, 19718
2026/08/12 05:00:54.529, 1723, 19718
2026/08/12 05:00:56.529, 1723, 19718
2026/08/12 05:00:58.530, 1723, 19718
2026/08/12 05:01:00.531, 1723, 19718
2026/08/12 05:01:02.532, 1723, 19718
2026/08/12 05:01:04.533, 1723, 19718
2026/08/12 05:01:06.534, 1723, 19718
2026/08/12 05:01:08.535, 1723, 19718
2026/08/12 05:01:10.536, 1723, 19718
2026/08/12 05:01:12.536, 1723, 19718
2026/08/12 05:01:14.537, 1723, 19718
2026/08/12 05:01:16.537, 1723, 19718
2026/08/12 05:01:18.538, 1723, 19718
2026/08/12 05:01:20.539, 1723, 19718
2026/08/12 05:01:22.539, 1723, 19718
2026/08/12 05:01:24.540, 1723, 19718
2026/08/12 05:01:26.542, 1723, 19718
2026/08/12 05:01:28.543, 1723, 19718
2026/08/12 05:01:30.544, 1723, 19718
2026/08/12 05:01:32.547, 1723, 19718
2026/08/12 05:01:34.549, 1723, 19718
2026/08/12 05:01:36.551, 1723, 19718
2026/08/12 05:01:38.553, 1723, 19718
2026/08/12 05:01:40.555, 1723, 19718
2026/08/12 05:01:42.556, 1723, 19718
2026/08/12 05:01:44.556, 1723, 19718
2026/08/12 05:01:46.557, 1723, 19718
2026/08/12 05:01:48.557, 1723, 19718
2026/08/12 05:01:50.558, 1723, 19718
2026/08/12 05:01:52.559, 1723, 19718
2026/08/12 05:01:54.561, 1723, 19718
2026/08/12 05:01:56.562, 1723, 19718
2026/08/12 05:01:58.562, 1723, 19718
2026/08/12 05:02:00.563, 1723, 19718
2026/08/12 05:02:02.564, 1723, 19718
2026/08/12 05:02:04.565, 1723, 19718
2026/08/12 05:02:06.566, 1723, 19718
2026/08/12 05:02:08.567, 1723, 19718
2026/08/12 05:02:10.568, 1723, 19718
2026/08/12 05:02:12.569, 1723, 19718
2026/08/12 05:02:14.569, 1723, 19718
2026/08/12 05:02:16.570, 1723, 19718
2026/08/12 05:02:18.571, 1723, 19718
2026/08/12 05:02:20.571, 1723, 19718
2026/08/12 05:02:22.572, 1723, 19718
2026/08/12 05:02:24.575, 1723, 19718
2026/08/12 05:02:26.576, 1723, 19718
2026/08/12 05:02:28.577, 1723, 19718
2026/08/12 05:02:30.578, 1723, 19718
2026/08/12 05:02:32.578, 1723, 19718
2026/08/12 05:02:34.580, 1723, 19718
2026/08/12 05:02:36.580, 1723, 19718
2026/08/12 05:02:38.582, 1723, 19718
2026/08/12 05:02:40.583, 1723, 19718
2026/08/12 05:02:42.584, 1723, 19718
2026/08/12 05:02:44.585, 1723, 19718
2026/08/12 05:02:46.586, 1723, 19718
2026/08/12 05:02:48.586, 1723, 19718
2026/08/12 05:02:50.587, 1723, 19718
2026/08/12 05:02:52.588, 1723, 19718
2026/08/12 05:02:54.589, 1723, 19718
2026/08/12 05:02:56.590, 1723, 19718
2026/08/12 05:02:58.591, 1723, 19718
2026/08/12 05:03:00.592, 1723, 19718
2026/08/12 05:03:02.593, 1723, 19718
2026/08/12 05:03:04.593, 1723, 19718
2026/08/12 05:03:06.594, 1723, 19718
2026/08/12 05:03:08.595, 1723, 19718
2026/08/12 05:03:10.596, 1723, 19718
2026/08/12 05:03:12.597, 1723, 19718
2026/08/12 05:03:14.598, 1723, 19718
2026/08/12 05:03:16.598, 1723, 19718
2026/08/12 05:03:18.599, 1723, 19718
2026/08/12 05:03:20.600, 1723, 19718
2026/08/12 05:03:22.604, 1723, 19718
2026/08/12 05:03:24.605, 1723, 19718
2026/08/12 05:03:26.606, 1723, 19718
2026/08/12 05:03:28.607, 1723, 19718
2026/08/12 05:03:30.608, 1723, 19718
2026/08/12 05:03:32.608, 1723, 19718
2026/08/12 05:03:34.610, 1723, 19718
2026/08/12 05:03:36.611, 1723, 19718
2026/08/12 05:03:38.611, 1723, 19718
2026/08/12 05:03:40.612, 1723, 19718
2026/08/12 05:03:42.613, 1723, 19718
2026/08/12 05:03:44.614, 1723, 19718
2026/08/12 05:03:46.615, 1723, 19718
2026/08/12 05:03:48.616, 1723, 19718
2026/08/12 05:03:50.618, 1723, 19718
2026/08/12 05:03:52.619, 1723, 19718
2026/08/12 05:03:54.621, 1723, 19718
2026/08/12 05:03:56.622, 1723, 19718
2026/08/12 05:03:58.623, 1723, 19718
2026/08/12 05:04:00.624, 1723, 19718
2026/08/12 05:04:02.625, 1723, 19718
2026/08/12 05:04:04.626, 1723, 19718
2026/08/12 05:04:06.627, 1723, 19718
2026/08/12 05:04:08.629, 1723, 19718
2026/08/12 05:04:10.630, 1723, 19718
2026/08/12 05:04:12.631, 1723, 19718
2026/08/12 05:04:14.631, 1723, 19718
2026/08/12 05:04:16.633, 1723, 19718
2026/08/12 05:04:18.634, 1723, 19718
2026/08/12 05:04:20.636, 1723, 19718
2026/08/12 05:04:22.637, 1723, 19718
2026/08/12 05:04:24.638, 1723, 19718
2026/08/12 05:04:26.639, 1723, 19718
2026/08/12 05:04:28.640, 1723, 19718
2026/08/12 05:04:30.641, 1723, 19718
2026/08/12 05:04:32.642, 1723, 19718
2026/08/12 05:04:34.643, 1723, 19718
2026/08/12 05:04:36.644, 1723, 19718
2026/08/12 05:04:38.646, 1723, 19718
2026/08/12 05:04:40.647, 1723, 19718
2026/08/12 05:04:42.648, 1723, 19718
2026/08/12 05:04:44.649, 1723, 19718
2026/08/12 05:04:46.650, 1723, 19718
2026/08/12 05:04:48.651, 1723, 19718
2026/08/12 05:04:50.652, 1723, 19718
2026/08/12 05:04:52.653, 1723, 19718
2026/08/12 05:04:54.654, 1723, 19718
2026/08/12 05:04:56.654, 1723, 19718
2026/08/12 05:04:58.655, 1723, 19718
2026/08/12 05:05:00.656, 1723, 19718
2026/08/12 05:05:02.657, 1723, 19718
2026/08/12 05:05:04.658, 1723, 19718
2026/08/12 05:05:06.659, 1723, 19718
2026/08/12 05:05:08.659, 1723, 19718
2026/08/12 05:05:10.660, 1723, 19718
2026/08/12 05:05:12.661, 1723, 19718
2026/08/12 05:05:14.662, 1723, 19718
2026/08/12 05:05:16.662, 1723, 19718
2026/08/12 05:05:18.665, 1723, 19718
2026/08/12 05:05:20.666, 1723, 19718
2026/08/12 05:05:22.667, 1723, 19718
2026/08/12 05:05:24.668, 1723, 19718
2026/08/12 05:05:26.669, 1723, 19718
2026/08/12 05:05:28.669, 1723, 19718
2026/08/12 05:05:30.670, 1723, 19718
2026/08/12 05:05:32.671, 1723, 19718
2026/08/12 05:05:34.673, 1723, 19718
2026/08/12 05:05:36.674, 1723, 19718
2026/08/12 05:05:38.675, 1723, 19718
2026/08/12 05:05:40.676, 1723, 19718
2026/08/12 05:05:42.677, 1723, 19718
2026/08/12 05:05:44.678, 1723, 19718
2026/08/12 05:05:46.679, 1723, 19718
2026/08/12 05:05:48.679, 1723, 19718
2026/08/12 05:05:50.680, 1723, 19718
2026/08/12 05:05:52.681, 1723, 19718
2026/08/12 05:05:54.682, 1723, 19718
2026/08/12 05:05:56.683, 1723, 19718
2026/08/12 05:05:58.683, 1723, 19718
2026/08/12 05:06:00.684, 1723, 19718
2026/08/12 05:06:02.685, 1723, 19718
2026/08/12 05:06:04.686, 1723, 19718
2026/08/12 05:06:06.686, 1723, 19718
2026/08/12 05:06:08.687, 1723, 19718
2026/08/12 05:06:10.688, 1723, 19718
2026/08/12 05:06:12.690, 1723, 19718
2026/08/12 05:06:14.691, 1723, 19718
2026/08/12 05:06:16.692, 1723, 19718
2026/08/12 05:06:18.693, 1723, 19718
2026/08/12 05:06:20.694, 1723, 19718
2026/08/12 05:06:22.695, 1723, 19718
2026/08/12 05:06:24.695, 1723, 19718
2026/08/12 05:06:26.696, 1723, 19718
2026/08/12 05:06:28.697, 1723, 19718
2026/08/12 05:06:30.697, 1723, 19718
2026/08/12 05:06:32.698, 1723, 19718
2026/08/12 05:06:34.699, 1723, 19718
2026/08/12 05:06:36.700, 1723, 19718
2026/08/12 05:06:38.701, 1723, 19718
2026/08/12 05:06:40.702, 1723, 19718
2026/08/12 05:06:42.703, 1723, 19718
2026/08/12 05:06:44.704, 1723, 19718
2026/08/12 05:06:46.706, 1723, 19718
2026/08/12 05:06:48.709, 1723, 19718
2026/08/12 05:06:50.711, 1723, 19718
2026/08/12 05:06:52.713, 1723, 19718
2026/08/12 05:06:54.715, 1723, 19718
